function_name,input_id,memory_after,runtime_ns,rss,count_complex_selector_list,count_complex_selector,count_type_selector,count_wq_name,count_subclass_selectors,count_attribute_selector,count_pseudo_class_selector,count_id_selector,count_class_selector,count_attr_matcher_ws,count_attr_modifier,count_attr_value,count_pseudo_class_ident,count_pseudo_class_function,count_sel_name,count_name,count_sel_value_words,count_attr_ident,count_nth_function,count_more_complex_selector,count_rparen,count_lparen,count_relative_selector_list,count_lang_range,count_sel_namechar,count_namechar,count_more_sel_value_word,count_combinator,count_comma,count_more_relative_selector,count_lang_tag,count_escape,count_signed_integer,count_an_a,count_digits,count_an_b_sign,count_relative_combinator,count_complex_selector_in_has,count_hex_pad,count_sign,count_subclass_selectors_in_has,count_pseudo_class_selector_in_has,count_pseudo_class_function_in_has,count_complex_selector_list_in_has,count_more_complex_selector_in_has,count_node,count_p,count_phrasing_content,count_phrasing_item,count_text_run,count_tchar,count_input,count_type_attr,count_attrs,count_id_attr,count_class_attr,count_class_list,count_a,count_href_attr,count_title_attr,count_attr_value_words,count_more_value_word,count_data_attr,count_lang_attr,count_phrasing_element,count_b,count_em,count_span,count_div,count_flow_content,count_flow_item,count_section,count_more_node,doc_depth,doc_bytes,selector_len,selector_nesting
nwsapi_2_2_21,e5ec44314f23a3d28498ab5b830bf67c16cd6ed6,0,196083.5,203931648.0,4,4,2,1,4,1,2,0,1,0,0,0,2,0,1,212,0,0,0,3,0,0,0,0,6,2272,0,0,3,0,99,3,0,0,0,0,0,0,1,0,0,0,0,0,0,27,7,16,62,54,605,22,12,93,28,39,66,20,11,33,68,33,39,42,27,9,8,10,6,3,11,11,19,10,5976,53,0
nwsapi_2_2_22,e5ec44314f23a3d28498ab5b830bf67c16cd6ed6,0,195868.16666666666,205406208.0,4,4,2,1,4,1,2,0,1,0,0,0,2,0,1,212,0,0,0,3,0,0,0,0,6,2272,0,0,3,0,99,3,0,0,0,0,0,0,1,0,0,0,0,0,0,27,7,16,62,54,605,22,12,93,28,39,66,20,11,33,68,33,39,42,27,9,8,10,6,3,11,11,19,10,5976,53,0
nwsapi_2_2_23,e5ec44314f23a3d28498ab5b830bf67c16cd6ed6,0,200910.0,202773845.33333334,4,4,2,1,4,1,2,0,1,0,0,0,2,0,1,212,0,0,0,3,0,0,0,0,6,2272,0,0,3,0,99,3,0,0,0,0,0,0,1,0,0,0,0,0,0,27,7,16,62,54,605,22,12,93,28,39,66,20,11,33,68,33,39,42,27,9,8,10,6,3,11,11,19,10,5976,53,0
nwsapi_2_2_24,e5ec44314f23a3d28498ab5b830bf67c16cd6ed6,0,202622.5625,205164544.0,4,4,2,1,4,1,2,0,1,0,0,0,2,0,1,212,0,0,0,3,0,0,0,0,6,2272,0,0,3,0,99,3,0,0,0,0,0,0,1,0,0,0,0,0,0,27,7,16,62,54,605,22,12,93,28,39,66,20,11,33,68,33,39,42,27,9,8,10,6,3,11,11,19,10,5976,53,0
nwsapi_2_2_25,e5ec44314f23a3d28498ab5b830bf67c16cd6ed6,0,188951.16666666666,202162176.0,4,4,2,1,4,1,2,0,1,0,0,0,2,0,1,212,0,0,0,3,0,0,0,0,6,2272,0,0,3,0,99,3,0,0,0,0,0,0,1,0,0,0,0,0,0,27,7,16,62,54,605,22,12,93,28,39,66,20,11,33,68,33,39,42,27,9,8,10,6,3,11,11,19,10,5976,53,0
nwsapi_2_2_26,e5ec44314f23a3d28498ab5b830bf67c16cd6ed6,0,198562.5,204357632.0,4,4,2,1,4,1,2,0,1,0,0,0,2,0,1,212,0,0,0,3,0,0,0,0,6,2272,0,0,3,0,99,3,0,0,0,0,0,0,1,0,0,0,0,0,0,27,7,16,62,54,605,22,12,93,28,39,66,20,11,33,68,33,39,42,27,9,8,10,6,3,11,11,19,10,5976,53,0
nwsapi_2_2_27,e5ec44314f23a3d28498ab5b830bf67c16cd6ed6,0,206463.5,203579392.0,4,4,2,1,4,1,2,0,1,0,0,0,2,0,1,212,0,0,0,3,0,0,0,0,6,2272,0,0,3,0,99,3,0,0,0,0,0,0,1,0,0,0,0,0,0,27,7,16,62,54,605,22,12,93,28,39,66,20,11,33,68,33,39,42,27,9,8,10,6,3,11,11,19,10,5976,53,0
nwsapi_2_2_21,cbcd91815d8fb2343b554c52bfdb5e8d76d23d60,0,161027.5,201053525.33333334,1,1,0,0,1,0,1,0,0,0,0,0,0,1,0,232,0,0,0,0,1,1,0,1,0,2252,0,0,0,0,89,0,0,0,0,0,0,0,0,0,0,0,0,0,0,33,7,12,50,59,637,26,11,103,36,35,64,22,13,43,77,41,42,46,26,13,10,3,13,7,33,9,19,10,6313,24,1
nwsapi_2_2_22,cbcd91815d8fb2343b554c52bfdb5e8d76d23d60,0,164565.0,200179712.0,1,1,0,0,1,0,1,0,0,0,0,0,0,1,0,232,0,0,0,0,1,1,0,1,0,2252,0,0,0,0,89,0,0,0,0,0,0,0,0,0,0,0,0,0,0,33,7,12,50,59,637,26,11,103,36,35,64,22,13,43,77,41,42,46,26,13,10,3,13,7,33,9,19,10,6313,24,1
nwsapi_2_2_23,cbcd91815d8fb2343b554c52bfdb5e8d76d23d60,0,163354.1,201660825.6,1,1,0,0,1,0,1,0,0,0,0,0,0,1,0,232,0,0,0,0,1,1,0,1,0,2252,0,0,0,0,89,0,0,0,0,0,0,0,0,0,0,0,0,0,0,33,7,12,50,59,637,26,11,103,36,35,64,22,13,43,77,41,42,46,26,13,10,3,13,7,33,9,19,10,6313,24,1
nwsapi_2_2_24,cbcd91815d8fb2343b554c52bfdb5e8d76d23d60,0,164106.875,200443904.0,1,1,0,0,1,0,1,0,0,0,0,0,0,1,0,232,0,0,0,0,1,1,0,1,0,2252,0,0,0,0,89,0,0,0,0,0,0,0,0,0,0,0,0,0,0,33,7,12,50,59,637,26,11,103,36,35,64,22,13,43,77,41,42,46,26,13,10,3,13,7,33,9,19,10,6313,24,1
nwsapi_2_2_25,cbcd91815d8fb2343b554c52bfdb5e8d76d23d60,0,159014.16666666666,201572352.0,1,1,0,0,1,0,1,0,0,0,0,0,0,1,0,232,0,0,0,0,1,1,0,1,0,2252,0,0,0,0,89,0,0,0,0,0,0,0,0,0,0,0,0,0,0,33,7,12,50,59,637,26,11,103,36,35,64,22,13,43,77,41,42,46,26,13,10,3,13,7,33,9,19,10,6313,24,1
nwsapi_2_2_26,cbcd91815d8fb2343b554c52bfdb5e8d76d23d60,0,177041.58333333334,200054101.33333334,1,1,0,0,1,0,1,0,0,0,0,0,0,1,0,232,0,0,0,0,1,1,0,1,0,2252,0,0,0,0,89,0,0,0,0,0,0,0,0,0,0,0,0,0,0,33,7,12,50,59,637,26,11,103,36,35,64,22,13,43,77,41,42,46,26,13,10,3,13,7,33,9,19,10,6313,24,1
nwsapi_2_2_27,cbcd91815d8fb2343b554c52bfdb5e8d76d23d60,0,178555.58333333334,200155136.0,1,1,0,0,1,0,1,0,0,0,0,0,0,1,0,232,0,0,0,0,1,1,0,1,0,2252,0,0,0,0,89,0,0,0,0,0,0,0,0,0,0,0,0,0,0,33,7,12,50,59,637,26,11,103,36,35,64,22,13,43,77,41,42,46,26,13,10,3,13,7,33,9,19,10,6313,24,1
nwsapi_2_2_21,4a34be9c4895efe16b7f4927ddfc6a9635633044,0,69173.66666666667,198137173.33333334,3,8,6,1,10,3,2,3,2,2,0,2,2,0,8,260,3,0,0,2,0,0,0,0,60,2079,2,5,2,0,61,30,0,0,0,0,0,0,13,0,0,0,0,0,0,31,11,14,45,49,530,22,11,88,39,29,78,18,7,38,97,55,39,35,22,6,9,7,11,3,23,4,19,7,5567,278,0
nwsapi_2_2_22,4a34be9c4895efe16b7f4927ddfc6a9635633044,0,62177.0625,197867520.0,3,8,6,1,10,3,2,3,2,2,0,2,2,0,8,260,3,0,0,2,0,0,0,0,60,2079,2,5,2,0,61,30,0,0,0,0,0,0,13,0,0,0,0,0,0,31,11,14,45,49,530,22,11,88,39,29,78,18,7,38,97,55,39,35,22,6,9,7,11,3,23,4,19,7,5567,278,0
nwsapi_2_2_23,4a34be9c4895efe16b7f4927ddfc6a9635633044,0,63106.875,197740544.0,3,8,6,1,10,3,2,3,2,2,0,2,2,0,8,260,3,0,0,2,0,0,0,0,60,2079,2,5,2,0,61,30,0,0,0,0,0,0,13,0,0,0,0,0,0,31,11,14,45,49,530,22,11,88,39,29,78,18,7,38,97,55,39,35,22,6,9,7,11,3,23,4,19,7,5567,278,0
nwsapi_2_2_24,4a34be9c4895efe16b7f4927ddfc6a9635633044,0,62583.4375,197545984.0,3,8,6,1,10,3,2,3,2,2,0,2,2,0,8,260,3,0,0,2,0,0,0,0,60,2079,2,5,2,0,61,30,0,0,0,0,0,0,13,0,0,0,0,0,0,31,11,14,45,49,530,22,11,88,39,29,78,18,7,38,97,55,39,35,22,6,9,7,11,3,23,4,19,7,5567,278,0
nwsapi_2_2_25,4a34be9c4895efe16b7f4927ddfc6a9635633044,0,62692.75,198135808.0,3,8,6,1,10,3,2,3,2,2,0,2,2,0,8,260,3,0,0,2,0,0,0,0,60,2079,2,5,2,0,61,30,0,0,0,0,0,0,13,0,0,0,0,0,0,31,11,14,45,49,530,22,11,88,39,29,78,18,7,38,97,55,39,35,22,6,9,7,11,3,23,4,19,7,5567,278,0
nwsapi_2_2_26,4a34be9c4895efe16b7f4927ddfc6a9635633044,0,60802.375,198496256.0,3,8,6,1,10,3,2,3,2,2,0,2,2,0,8,260,3,0,0,2,0,0,0,0,60,2079,2,5,2,0,61,30,0,0,0,0,0,0,13,0,0,0,0,0,0,31,11,14,45,49,530,22,11,88,39,29,78,18,7,38,97,55,39,35,22,6,9,7,11,3,23,4,19,7,5567,278,0
nwsapi_2_2_27,4a34be9c4895efe16b7f4927ddfc6a9635633044,0,60229.125,198213632.0,3,8,6,1,10,3,2,3,2,2,0,2,2,0,8,260,3,0,0,2,0,0,0,0,60,2079,2,5,2,0,61,30,0,0,0,0,0,0,13,0,0,0,0,0,0,31,11,14,45,49,530,22,11,88,39,29,78,18,7,38,97,55,39,35,22,6,9,7,11,3,23,4,19,7,5567,278,0
nwsapi_2_2_21,2d579de4c79ad4aa23f605c6020ab7f6bb86d0dc,0,nan,nan,12,22,16,12,34,8,7,10,11,5,2,5,1,6,28,205,0,7,2,8,6,6,1,0,176,1926,0,10,8,0,77,86,1,0,5,0,0,1,35,1,2,0,0,0,0,30,8,7,13,41,484,16,11,64,34,33,67,16,5,30,74,43,25,35,7,2,2,3,10,5,28,7,22,5,4805,794,2
nwsapi_2_2_22,2d579de4c79ad4aa23f605c6020ab7f6bb86d0dc,0,nan,nan,12,22,16,12,34,8,7,10,11,5,2,5,1,6,28,205,0,7,2,8,6,6,1,0,176,1926,0,10,8,0,77,86,1,0,5,0,0,1,35,1,2,0,0,0,0,30,8,7,13,41,484,16,11,64,34,33,67,16,5,30,74,43,25,35,7,2,2,3,10,5,28,7,22,5,4805,794,2
nwsapi_2_2_23,2d579de4c79ad4aa23f605c6020ab7f6bb86d0dc,0,nan,nan,12,22,16,12,34,8,7,10,11,5,2,5,1,6,28,205,0,7,2,8,6,6,1,0,176,1926,0,10,8,0,77,86,1,0,5,0,0,1,35,1,2,0,0,0,0,30,8,7,13,41,484,16,11,64,34,33,67,16,5,30,74,43,25,35,7,2,2,3,10,5,28,7,22,5,4805,794,2
nwsapi_2_2_24,2d579de4c79ad4aa23f605c6020ab7f6bb86d0dc,0,nan,nan,12,22,16,12,34,8,7,10,11,5,2,5,1,6,28,205,0,7,2,8,6,6,1,0,176,1926,0,10,8,0,77,86,1,0,5,0,0,1,35,1,2,0,0,0,0,30,8,7,13,41,484,16,11,64,34,33,67,16,5,30,74,43,25,35,7,2,2,3,10,5,28,7,22,5,4805,794,2
nwsapi_2_2_25,2d579de4c79ad4aa23f605c6020ab7f6bb86d0dc,0,nan,nan,12,22,16,12,34,8,7,10,11,5,2,5,1,6,28,205,0,7,2,8,6,6,1,0,176,1926,0,10,8,0,77,86,1,0,5,0,0,1,35,1,2,0,0,0,0,30,8,7,13,41,484,16,11,64,34,33,67,16,5,30,74,43,25,35,7,2,2,3,10,5,28,7,22,5,4805,794,2
nwsapi_2_2_26,2d579de4c79ad4aa23f605c6020ab7f6bb86d0dc,0,nan,nan,12,22,16,12,34,8,7,10,11,5,2,5,1,6,28,205,0,7,2,8,6,6,1,0,176,1926,0,10,8,0,77,86,1,0,5,0,0,1,35,1,2,0,0,0,0,30,8,7,13,41,484,16,11,64,34,33,67,16,5,30,74,43,25,35,7,2,2,3,10,5,28,7,22,5,4805,794,2
nwsapi_2_2_27,2d579de4c79ad4aa23f605c6020ab7f6bb86d0dc,0,nan,nan,12,22,16,12,34,8,7,10,11,5,2,5,1,6,28,205,0,7,2,8,6,6,1,0,176,1926,0,10,8,0,77,86,1,0,5,0,0,1,35,1,2,0,0,0,0,30,8,7,13,41,484,16,11,64,34,33,67,16,5,30,74,43,25,35,7,2,2,3,10,5,28,7,22,5,4805,794,2
nwsapi_2_2_21,9b717dbce08353abec79811b432468e2699cb823,0,101069.33333333333,196842837.33333334,1,2,2,1,0,0,0,0,0,0,0,0,0,0,0,231,0,0,0,0,0,0,0,0,0,2429,0,1,0,0,91,0,0,0,0,0,0,0,0,0,0,0,0,0,0,22,10,16,73,66,651,28,18,96,33,35,58,23,10,36,86,44,44,39,24,8,11,5,5,1,3,6,19,11,6458,7,0
nwsapi_2_2_22,9b717dbce08353abec79811b432468e2699cb823,0,103369.875,197234688.0,1,2,2,1,0,0,0,0,0,0,0,0,0,0,0,231,0,0,0,0,0,0,0,0,0,2429,0,1,0,0,91,0,0,0,0,0,0,0,0,0,0,0,0,0,0,22,10,16,73,66,651,28,18,96,33,35,58,23,10,36,86,44,44,39,24,8,11,5,5,1,3,6,19,11,6458,7,0
nwsapi_2_2_23,9b717dbce08353abec79811b432468e2699cb823,0,99465.16666666667,198776149.33333334,1,2,2,1,0,0,0,0,0,0,0,0,0,0,0,231,0,0,0,0,0,0,0,0,0,2429,0,1,0,0,91,0,0,0,0,0,0,0,0,0,0,0,0,0,0,22,10,16,73,66,651,28,18,96,33,35,58,23,10,36,86,44,44,39,24,8,11,5,5,1,3,6,19,11,6458,7,0
nwsapi_2_2_24,9b717dbce08353abec79811b432468e2699cb823,0,103638.0,197038080.0,1,2,2,1,0,0,0,0,0,0,0,0,0,0,0,231,0,0,0,0,0,0,0,0,0,2429,0,1,0,0,91,0,0,0,0,0,0,0,0,0,0,0,0,0,0,22,10,16,73,66,651,28,18,96,33,35,58,23,10,36,86,44,44,39,24,8,11,5,5,1,3,6,19,11,6458,7,0
nwsapi_2_2_25,9b717dbce08353abec79811b432468e2699cb823,0,110440.125,197236736.0,1,2,2,1,0,0,0,0,0,0,0,0,0,0,0,231,0,0,0,0,0,0,0,0,0,2429,0,1,0,0,91,0,0,0,0,0,0,0,0,0,0,0,0,0,0,22,10,16,73,66,651,28,18,96,33,35,58,23,10,36,86,44,44,39,24,8,11,5,5,1,3,6,19,11,6458,7,0
nwsapi_2_2_26,9b717dbce08353abec79811b432468e2699cb823,0,104825.5625,196638720.0,1,2,2,1,0,0,0,0,0,0,0,0,0,0,0,231,0,0,0,0,0,0,0,0,0,2429,0,1,0,0,91,0,0,0,0,0,0,0,0,0,0,0,0,0,0,22,10,16,73,66,651,28,18,96,33,35,58,23,10,36,86,44,44,39,24,8,11,5,5,1,3,6,19,11,6458,7,0
nwsapi_2_2_27,9b717dbce08353abec79811b432468e2699cb823,0,101904.1,196028006.4,1,2,2,1,0,0,0,0,0,0,0,0,0,0,0,231,0,0,0,0,0,0,0,0,0,2429,0,1,0,0,91,0,0,0,0,0,0,0,0,0,0,0,0,0,0,22,10,16,73,66,651,28,18,96,33,35,58,23,10,36,86,44,44,39,24,8,11,5,5,1,3,6,19,11,6458,7,0
nwsapi_2_2_21,6512dad4e851b3cb146ec00a52b19a79c5f178b3,0,nan,nan,5,7,6,2,8,4,1,0,3,2,1,2,1,0,4,293,1,0,0,4,0,0,0,0,35,2137,0,2,4,0,60,16,0,0,0,0,0,0,5,0,0,0,0,0,0,33,10,5,18,54,595,30,14,91,43,47,87,25,9,43,116,63,38,35,5,1,1,3,9,8,53,12,19,7,6220,188,0
nwsapi_2_2_22,6512dad4e851b3cb146ec00a52b19a79c5f178b3,0,nan,nan,5,7,6,2,8,4,1,0,3,2,1,2,1,0,4,293,1,0,0,4,0,0,0,0,35,2137,0,2,4,0,60,16,0,0,0,0,0,0,5,0,0,0,0,0,0,33,10,5,18,54,595,30,14,91,43,47,87,25,9,43,116,63,38,35,5,1,1,3,9,8,53,12,19,7,6220,188,0
nwsapi_2_2_23,6512dad4e851b3cb146ec00a52b19a79c5f178b3,0,nan,nan,5,7,6,2,8,4,1,0,3,2,1,2,1,0,4,293,1,0,0,4,0,0,0,0,35,2137,0,2,4,0,60,16,0,0,0,0,0,0,5,0,0,0,0,0,0,33,10,5,18,54,595,30,14,91,43,47,87,25,9,43,116,63,38,35,5,1,1,3,9,8,53,12,19,7,6220,188,0
nwsapi_2_2_24,6512dad4e851b3cb146ec00a52b19a79c5f178b3,0,nan,nan,5,7,6,2,8,4,1,0,3,2,1,2,1,0,4,293,1,0,0,4,0,0,0,0,35,2137,0,2,4,0,60,16,0,0,0,0,0,0,5,0,0,0,0,0,0,33,10,5,18,54,595,30,14,91,43,47,87,25,9,43,116,63,38,35,5,1,1,3,9,8,53,12,19,7,6220,188,0
nwsapi_2_2_25,6512dad4e851b3cb146ec00a52b19a79c5f178b3,0,nan,nan,5,7,6,2,8,4,1,0,3,2,1,2,1,0,4,293,1,0,0,4,0,0,0,0,35,2137,0,2,4,0,60,16,0,0,0,0,0,0,5,0,0,0,0,0,0,33,10,5,18,54,595,30,14,91,43,47,87,25,9,43,116,63,38,35,5,1,1,3,9,8,53,12,19,7,6220,188,0
nwsapi_2_2_26,6512dad4e851b3cb146ec00a52b19a79c5f178b3,0,nan,nan,5,7,6,2,8,4,1,0,3,2,1,2,1,0,4,293,1,0,0,4,0,0,0,0,35,2137,0,2,4,0,60,16,0,0,0,0,0,0,5,0,0,0,0,0,0,33,10,5,18,54,595,30,14,91,43,47,87,25,9,43,116,63,38,35,5,1,1,3,9,8,53,12,19,7,6220,188,0
nwsapi_2_2_27,6512dad4e851b3cb146ec00a52b19a79c5f178b3,0,nan,nan,5,7,6,2,8,4,1,0,3,2,1,2,1,0,4,293,1,0,0,4,0,0,0,0,35,2137,0,2,4,0,60,16,0,0,0,0,0,0,5,0,0,0,0,0,0,33,10,5,18,54,595,30,14,91,43,47,87,25,9,43,116,63,38,35,5,1,1,3,9,8,53,12,19,7,6220,188,0
nwsapi_2_2_21,c2788084ae44573dafa2b7b82aaf931fee84d67d,0,41968.8125,197238784.0,5,9,5,2,16,4,3,3,6,3,3,3,2,1,13,228,2,2,0,3,1,1,0,0,62,2018,1,4,3,0,81,31,0,0,0,0,0,0,15,0,0,0,0,0,0,25,7,8,54,54,619,24,11,87,34,41,76,23,10,39,67,29,40,35,18,2,9,7,6,2,13,9,19,6,5746,299,1
nwsapi_2_2_22,c2788084ae44573dafa2b7b82aaf931fee84d67d,0,38145.9375,198076416.0,5,9,5,2,16,4,3,3,6,3,3,3,2,1,13,228,2,2,0,3,1,1,0,0,62,2018,1,4,3,0,81,31,0,0,0,0,0,0,15,0,0,0,0,0,0,25,7,8,54,54,619,24,11,87,34,41,76,23,10,39,67,29,40,35,18,2,9,7,6,2,13,9,19,6,5746,299,1
nwsapi_2_2_23,c2788084ae44573dafa2b7b82aaf931fee84d67d,0,34402.5,198109866.66666666,5,9,5,2,16,4,3,3,6,3,3,3,2,1,13,228,2,2,0,3,1,1,0,0,62,2018,1,4,3,0,81,31,0,0,0,0,0,0,15,0,0,0,0,0,0,25,7,8,54,54,619,24,11,87,34,41,76,23,10,39,67,29,40,35,18,2,9,7,6,2,13,9,19,6,5746,299,1
nwsapi_2_2_24,c2788084ae44573dafa2b7b82aaf931fee84d67d,0,36627.625,197281792.0,5,9,5,2,16,4,3,3,6,3,3,3,2,1,13,228,2,2,0,3,1,1,0,0,62,2018,1,4,3,0,81,31,0,0,0,0,0,0,15,0,0,0,0,0,0,25,7,8,54,54,619,24,11,87,34,41,76,23,10,39,67,29,40,35,18,2,9,7,6,2,13,9,19,6,5746,299,1
nwsapi_2_2_25,c2788084ae44573dafa2b7b82aaf931fee84d67d,0,38091.25,198080512.0,5,9,5,2,16,4,3,3,6,3,3,3,2,1,13,228,2,2,0,3,1,1,0,0,62,2018,1,4,3,0,81,31,0,0,0,0,0,0,15,0,0,0,0,0,0,25,7,8,54,54,619,24,11,87,34,41,76,23,10,39,67,29,40,35,18,2,9,7,6,2,13,9,19,6,5746,299,1
nwsapi_2_2_26,c2788084ae44573dafa2b7b82aaf931fee84d67d,0,37223.875,198217728.0,5,9,5,2,16,4,3,3,6,3,3,3,2,1,13,228,2,2,0,3,1,1,0,0,62,2018,1,4,3,0,81,31,0,0,0,0,0,0,15,0,0,0,0,0,0,25,7,8,54,54,619,24,11,87,34,41,76,23,10,39,67,29,40,35,18,2,9,7,6,2,13,9,19,6,5746,299,1
nwsapi_2_2_27,c2788084ae44573dafa2b7b82aaf931fee84d67d,0,38015.5,197107712.0,5,9,5,2,16,4,3,3,6,3,3,3,2,1,13,228,2,2,0,3,1,1,0,0,62,2018,1,4,3,0,81,31,0,0,0,0,0,0,15,0,0,0,0,0,0,25,7,8,54,54,619,24,11,87,34,41,76,23,10,39,67,29,40,35,18,2,9,7,6,2,13,9,19,6,5746,299,1
nwsapi_2_2_21,e1db9ed4dc574232b4a31675666a889ce8ad4207,0,343737.0,206067712.0,6,9,4,1,13,1,3,7,2,1,0,1,3,0,10,251,0,1,0,5,0,0,0,0,31,2210,0,3,5,0,66,17,0,0,0,0,0,0,9,0,0,0,0,0,0,25,9,9,55,51,482,25,13,87,39,41,79,22,10,44,87,45,36,35,20,7,8,5,6,2,12,5,19,7,5870,181,0
nwsapi_2_2_22,e1db9ed4dc574232b4a31675666a889ce8ad4207,0,351580.75,206082048.0,6,9,4,1,13,1,3,7,2,1,0,1,3,0,10,251,0,1,0,5,0,0,0,0,31,2210,0,3,5,0,66,17,0,0,0,0,0,0,9,0,0,0,0,0,0,25,9,9,55,51,482,25,13,87,39,41,79,22,10,44,87,45,36,35,20,7,8,5,6,2,12,5,19,7,5870,181,0
nwsapi_2_2_23,e1db9ed4dc574232b4a31675666a889ce8ad4207,0,327158.875,204990464.0,6,9,4,1,13,1,3,7,2,1,0,1,3,0,10,251,0,1,0,5,0,0,0,0,31,2210,0,3,5,0,66,17,0,0,0,0,0,0,9,0,0,0,0,0,0,25,9,9,55,51,482,25,13,87,39,41,79,22,10,44,87,45,36,35,20,7,8,5,6,2,12,5,19,7,5870,181,0
nwsapi_2_2_24,e1db9ed4dc574232b4a31675666a889ce8ad4207,0,334046.875,203657216.0,6,9,4,1,13,1,3,7,2,1,0,1,3,0,10,251,0,1,0,5,0,0,0,0,31,2210,0,3,5,0,66,17,0,0,0,0,0,0,9,0,0,0,0,0,0,25,9,9,55,51,482,25,13,87,39,41,79,22,10,44,87,45,36,35,20,7,8,5,6,2,12,5,19,7,5870,181,0
nwsapi_2_2_25,e1db9ed4dc574232b4a31675666a889ce8ad4207,0,330770.9375,204081152.0,6,9,4,1,13,1,3,7,2,1,0,1,3,0,10,251,0,1,0,5,0,0,0,0,31,2210,0,3,5,0,66,17,0,0,0,0,0,0,9,0,0,0,0,0,0,25,9,9,55,51,482,25,13,87,39,41,79,22,10,44,87,45,36,35,20,7,8,5,6,2,12,5,19,7,5870,181,0
nwsapi_2_2_26,e1db9ed4dc574232b4a31675666a889ce8ad4207,0,322520.75,207048704.0,6,9,4,1,13,1,3,7,2,1,0,1,3,0,10,251,0,1,0,5,0,0,0,0,31,2210,0,3,5,0,66,17,0,0,0,0,0,0,9,0,0,0,0,0,0,25,9,9,55,51,482,25,13,87,39,41,79,22,10,44,87,45,36,35,20,7,8,5,6,2,12,5,19,7,5870,181,0
nwsapi_2_2_27,e1db9ed4dc574232b4a31675666a889ce8ad4207,0,324729.0,205416038.4,6,9,4,1,13,1,3,7,2,1,0,1,3,0,10,251,0,1,0,5,0,0,0,0,31,2210,0,3,5,0,66,17,0,0,0,0,0,0,9,0,0,0,0,0,0,25,9,9,55,51,482,25,13,87,39,41,79,22,10,44,87,45,36,35,20,7,8,5,6,2,12,5,19,7,5870,181,0
nwsapi_2_2_21,a3e2f6f109a83260b41aace2bb32b5e16e6ba84d,0,4721.3125,196581376.0,1,1,1,0,1,0,0,0,1,0,0,0,0,0,1,231,0,0,0,0,0,0,0,0,2,2186,0,0,0,0,77,1,0,0,0,0,0,0,0,0,0,0,0,0,0,21,6,19,76,67,703,30,12,103,41,41,65,24,10,37,68,29,47,41,30,9,11,10,9,1,7,4,19,12,6410,7,0
nwsapi_2_2_22,a3e2f6f109a83260b41aace2bb32b5e16e6ba84d,0,4320.8,197033984.0,1,1,1,0,1,0,0,0,1,0,0,0,0,0,1,231,0,0,0,0,0,0,0,0,2,2186,0,0,0,0,77,1,0,0,0,0,0,0,0,0,0,0,0,0,0,21,6,19,76,67,703,30,12,103,41,41,65,24,10,37,68,29,47,41,30,9,11,10,9,1,7,4,19,12,6410,7,0
nwsapi_2_2_23,a3e2f6f109a83260b41aace2bb32b5e16e6ba84d,0,4695.375,197548032.0,1,1,1,0,1,0,0,0,1,0,0,0,0,0,1,231,0,0,0,0,0,0,0,0,2,2186,0,0,0,0,77,1,0,0,0,0,0,0,0,0,0,0,0,0,0,21,6,19,76,67,703,30,12,103,41,41,65,24,10,37,68,29,47,41,30,9,11,10,9,1,7,4,19,12,6410,7,0
nwsapi_2_2_24,a3e2f6f109a83260b41aace2bb32b5e16e6ba84d,0,4632.6875,198289408.0,1,1,1,0,1,0,0,0,1,0,0,0,0,0,1,231,0,0,0,0,0,0,0,0,2,2186,0,0,0,0,77,1,0,0,0,0,0,0,0,0,0,0,0,0,0,21,6,19,76,67,703,30,12,103,41,41,65,24,10,37,68,29,47,41,30,9,11,10,9,1,7,4,19,12,6410,7,0
nwsapi_2_2_25,a3e2f6f109a83260b41aace2bb32b5e16e6ba84d,0,4888.0625,196900864.0,1,1,1,0,1,0,0,0,1,0,0,0,0,0,1,231,0,0,0,0,0,0,0,0,2,2186,0,0,0,0,77,1,0,0,0,0,0,0,0,0,0,0,0,0,0,21,6,19,76,67,703,30,12,103,41,41,65,24,10,37,68,29,47,41,30,9,11,10,9,1,7,4,19,12,6410,7,0
nwsapi_2_2_26,a3e2f6f109a83260b41aace2bb32b5e16e6ba84d,0,5403.625,197111808.0,1,1,1,0,1,0,0,0,1,0,0,0,0,0,1,231,0,0,0,0,0,0,0,0,2,2186,0,0,0,0,77,1,0,0,0,0,0,0,0,0,0,0,0,0,0,21,6,19,76,67,703,30,12,103,41,41,65,24,10,37,68,29,47,41,30,9,11,10,9,1,7,4,19,12,6410,7,0
nwsapi_2_2_27,a3e2f6f109a83260b41aace2bb32b5e16e6ba84d,0,5197.8125,197412864.0,1,1,1,0,1,0,0,0,1,0,0,0,0,0,1,231,0,0,0,0,0,0,0,0,2,2186,0,0,0,0,77,1,0,0,0,0,0,0,0,0,0,0,0,0,0,21,6,19,76,67,703,30,12,103,41,41,65,24,10,37,68,29,47,41,30,9,11,10,9,1,7,4,19,12,6410,7,0
nwsapi_2_2_21,dde88c53c612a954f0a9101b215915788db9bf48,0,nan,nan,2,5,3,1,8,2,1,2,3,1,1,1,1,0,6,247,0,1,0,1,0,0,0,0,18,2330,0,3,1,0,79,6,0,0,0,0,0,0,3,0,0,0,0,0,0,23,10,11,55,51,509,26,12,87,51,43,84,21,10,36,65,27,37,38,18,6,9,3,6,4,12,6,19,8,6140,81,0
nwsapi_2_2_22,dde88c53c612a954f0a9101b215915788db9bf48,0,nan,nan,2,5,3,1,8,2,1,2,3,1,1,1,1,0,6,247,0,1,0,1,0,0,0,0,18,2330,0,3,1,0,79,6,0,0,0,0,0,0,3,0,0,0,0,0,0,23,10,11,55,51,509,26,12,87,51,43,84,21,10,36,65,27,37,38,18,6,9,3,6,4,12,6,19,8,6140,81,0
nwsapi_2_2_23,dde88c53c612a954f0a9101b215915788db9bf48,0,nan,nan,2,5,3,1,8,2,1,2,3,1,1,1,1,0,6,247,0,1,0,1,0,0,0,0,18,2330,0,3,1,0,79,6,0,0,0,0,0,0,3,0,0,0,0,0,0,23,10,11,55,51,509,26,12,87,51,43,84,21,10,36,65,27,37,38,18,6,9,3,6,4,12,6,19,8,6140,81,0
nwsapi_2_2_24,dde88c53c612a954f0a9101b215915788db9bf48,0,nan,nan,2,5,3,1,8,2,1,2,3,1,1,1,1,0,6,247,0,1,0,1,0,0,0,0,18,2330,0,3,1,0,79,6,0,0,0,0,0,0,3,0,0,0,0,0,0,23,10,11,55,51,509,26,12,87,51,43,84,21,10,36,65,27,37,38,18,6,9,3,6,4,12,6,19,8,6140,81,0
nwsapi_2_2_25,dde88c53c612a954f0a9101b215915788db9bf48,0,nan,nan,2,5,3,1,8,2,1,2,3,1,1,1,1,0,6,247,0,1,0,1,0,0,0,0,18,2330,0,3,1,0,79,6,0,0,0,0,0,0,3,0,0,0,0,0,0,23,10,11,55,51,509,26,12,87,51,43,84,21,10,36,65,27,37,38,18,6,9,3,6,4,12,6,19,8,6140,81,0
nwsapi_2_2_26,dde88c53c612a954f0a9101b215915788db9bf48,0,nan,nan,2,5,3,1,8,2,1,2,3,1,1,1,1,0,6,247,0,1,0,1,0,0,0,0,18,2330,0,3,1,0,79,6,0,0,0,0,0,0,3,0,0,0,0,0,0,23,10,11,55,51,509,26,12,87,51,43,84,21,10,36,65,27,37,38,18,6,9,3,6,4,12,6,19,8,6140,81,0
nwsapi_2_2_27,dde88c53c612a954f0a9101b215915788db9bf48,0,nan,nan,2,5,3,1,8,2,1,2,3,1,1,1,1,0,6,247,0,1,0,1,0,0,0,0,18,2330,0,3,1,0,79,6,0,0,0,0,0,0,3,0,0,0,0,0,0,23,10,11,55,51,509,26,12,87,51,43,84,21,10,36,65,27,37,38,18,6,9,3,6,4,12,6,19,8,6140,81,0
nwsapi_2_2_21,120c873d4000f42104aaa6d70b327522636db410,0,29177.125,197183488.0,1,1,1,1,2,0,0,2,0,0,0,0,0,0,2,259,0,0,0,0,0,0,0,0,3,2214,0,0,0,0,72,2,0,0,0,0,0,0,1,0,0,0,0,0,0,20,4,18,66,63,645,17,6,87,40,42,80,20,7,44,91,48,41,37,32,9,6,17,9,4,1,5,19,12,5975,16,0
nwsapi_2_2_22,120c873d4000f42104aaa6d70b327522636db410,0,29289.0,198262784.0,1,1,1,1,2,0,0,2,0,0,0,0,0,0,2,259,0,0,0,0,0,0,0,0,3,2214,0,0,0,0,72,2,0,0,0,0,0,0,1,0,0,0,0,0,0,20,4,18,66,63,645,17,6,87,40,42,80,20,7,44,91,48,41,37,32,9,6,17,9,4,1,5,19,12,5975,16,0
nwsapi_2_2_23,120c873d4000f42104aaa6d70b327522636db410,0,27916.833333333332,196842837.33333334,1,1,1,1,2,0,0,2,0,0,0,0,0,0,2,259,0,0,0,0,0,0,0,0,3,2214,0,0,0,0,72,2,0,0,0,0,0,0,1,0,0,0,0,0,0,20,4,18,66,63,645,17,6,87,40,42,80,20,7,44,91,48,41,37,32,9,6,17,9,4,1,5,19,12,5975,16,0
nwsapi_2_2_24,120c873d4000f42104aaa6d70b327522636db410,0,28451.666666666668,196957525.33333334,1,1,1,1,2,0,0,2,0,0,0,0,0,0,2,259,0,0,0,0,0,0,0,0,3,2214,0,0,0,0,72,2,0,0,0,0,0,0,1,0,0,0,0,0,0,20,4,18,66,63,645,17,6,87,40,42,80,20,7,44,91,48,41,37,32,9,6,17,9,4,1,5,19,12,5975,16,0
nwsapi_2_2_25,120c873d4000f42104aaa6d70b327522636db410,0,30018.1875,197650432.0,1,1,1,1,2,0,0,2,0,0,0,0,0,0,2,259,0,0,0,0,0,0,0,0,3,2214,0,0,0,0,72,2,0,0,0,0,0,0,1,0,0,0,0,0,0,20,4,18,66,63,645,17,6,87,40,42,80,20,7,44,91,48,41,37,32,9,6,17,9,4,1,5,19,12,5975,16,0
nwsapi_2_2_26,120c873d4000f42104aaa6d70b327522636db410,0,30549.625,197500928.0,1,1,1,1,2,0,0,2,0,0,0,0,0,0,2,259,0,0,0,0,0,0,0,0,3,2214,0,0,0,0,72,2,0,0,0,0,0,0,1,0,0,0,0,0,0,20,4,18,66,63,645,17,6,87,40,42,80,20,7,44,91,48,41,37,32,9,6,17,9,4,1,5,19,12,5975,16,0
nwsapi_2_2_27,120c873d4000f42104aaa6d70b327522636db410,0,28463.375,196313088.0,1,1,1,1,2,0,0,2,0,0,0,0,0,0,2,259,0,0,0,0,0,0,0,0,3,2214,0,0,0,0,72,2,0,0,0,0,0,0,1,0,0,0,0,0,0,20,4,18,66,63,645,17,6,87,40,42,80,20,7,44,91,48,41,37,32,9,6,17,9,4,1,5,19,12,5975,16,0
nwsapi_2_2_21,372baa9c5277df0dedf8a1ee8878295507903115,0,26057.125,196730880.0,1,1,0,0,1,0,1,0,0,0,0,0,0,1,0,231,0,0,1,0,1,1,0,0,0,2198,0,0,0,0,86,0,0,1,0,0,0,0,0,0,0,0,0,0,0,33,9,8,22,55,568,29,17,93,35,42,95,21,9,42,55,23,37,43,15,3,7,5,7,7,51,12,19,9,6320,21,1
nwsapi_2_2_22,372baa9c5277df0dedf8a1ee8878295507903115,0,29976.625,197226496.0,1,1,0,0,1,0,1,0,0,0,0,0,0,1,0,231,0,0,1,0,1,1,0,0,0,2198,0,0,0,0,86,0,0,1,0,0,0,0,0,0,0,0,0,0,0,33,9,8,22,55,568,29,17,93,35,42,95,21,9,42,55,23,37,43,15,3,7,5,7,7,51,12,19,9,6320,21,1
nwsapi_2_2_23,372baa9c5277df0dedf8a1ee8878295507903115,0,27567.6875,197552128.0,1,1,0,0,1,0,1,0,0,0,0,0,0,1,0,231,0,0,1,0,1,1,0,0,0,2198,0,0,0,0,86,0,0,1,0,0,0,0,0,0,0,0,0,0,0,33,9,8,22,55,568,29,17,93,35,42,95,21,9,42,55,23,37,43,15,3,7,5,7,7,51,12,19,9,6320,21,1
nwsapi_2_2_24,372baa9c5277df0dedf8a1ee8878295507903115,0,26955.8125,197554176.0,1,1,0,0,1,0,1,0,0,0,0,0,0,1,0,231,0,0,1,0,1,1,0,0,0,2198,0,0,0,0,86,0,0,1,0,0,0,0,0,0,0,0,0,0,0,33,9,8,22,55,568,29,17,93,35,42,95,21,9,42,55,23,37,43,15,3,7,5,7,7,51,12,19,9,6320,21,1
nwsapi_2_2_25,372baa9c5277df0dedf8a1ee8878295507903115,0,30093.875,197537792.0,1,1,0,0,1,0,1,0,0,0,0,0,0,1,0,231,0,0,1,0,1,1,0,0,0,2198,0,0,0,0,86,0,0,1,0,0,0,0,0,0,0,0,0,0,0,33,9,8,22,55,568,29,17,93,35,42,95,21,9,42,55,23,37,43,15,3,7,5,7,7,51,12,19,9,6320,21,1
nwsapi_2_2_26,372baa9c5277df0dedf8a1ee8878295507903115,0,25986.166666666668,197012138.66666666,1,1,0,0,1,0,1,0,0,0,0,0,0,1,0,231,0,0,1,0,1,1,0,0,0,2198,0,0,0,0,86,0,0,1,0,0,0,0,0,0,0,0,0,0,0,33,9,8,22,55,568,29,17,93,35,42,95,21,9,42,55,23,37,43,15,3,7,5,7,7,51,12,19,9,6320,21,1
nwsapi_2_2_27,372baa9c5277df0dedf8a1ee8878295507903115,0,28229.0625,196849664.0,1,1,0,0,1,0,1,0,0,0,0,0,0,1,0,231,0,0,1,0,1,1,0,0,0,2198,0,0,0,0,86,0,0,1,0,0,0,0,0,0,0,0,0,0,0,33,9,8,22,55,568,29,17,93,35,42,95,21,9,42,55,23,37,43,15,3,7,5,7,7,51,12,19,9,6320,21,1
nwsapi_2_2_21,c2799fc87a29ee90b802dd132e31d17f887698f5,0,nan,nan,5,7,6,3,7,1,3,2,1,1,1,1,2,1,4,280,1,0,1,4,1,1,0,0,32,2225,0,2,4,0,86,15,0,0,0,0,0,0,7,0,0,0,0,0,0,24,6,10,50,45,488,30,16,92,42,44,91,19,7,42,96,54,44,37,21,6,8,7,7,7,22,9,19,10,6338,166,1
nwsapi_2_2_22,c2799fc87a29ee90b802dd132e31d17f887698f5,0,nan,nan,5,7,6,3,7,1,3,2,1,1,1,1,2,1,4,280,1,0,1,4,1,1,0,0,32,2225,0,2,4,0,86,15,0,0,0,0,0,0,7,0,0,0,0,0,0,24,6,10,50,45,488,30,16,92,42,44,91,19,7,42,96,54,44,37,21,6,8,7,7,7,22,9,19,10,6338,166,1
nwsapi_2_2_23,c2799fc87a29ee90b802dd132e31d17f887698f5,0,nan,nan,5,7,6,3,7,1,3,2,1,1,1,1,2,1,4,280,1,0,1,4,1,1,0,0,32,2225,0,2,4,0,86,15,0,0,0,0,0,0,7,0,0,0,0,0,0,24,6,10,50,45,488,30,16,92,42,44,91,19,7,42,96,54,44,37,21,6,8,7,7,7,22,9,19,10,6338,166,1
nwsapi_2_2_24,c2799fc87a29ee90b802dd132e31d17f887698f5,0,nan,nan,5,7,6,3,7,1,3,2,1,1,1,1,2,1,4,280,1,0,1,4,1,1,0,0,32,2225,0,2,4,0,86,15,0,0,0,0,0,0,7,0,0,0,0,0,0,24,6,10,50,45,488,30,16,92,42,44,91,19,7,42,96,54,44,37,21,6,8,7,7,7,22,9,19,10,6338,166,1
nwsapi_2_2_25,c2799fc87a29ee90b802dd132e31d17f887698f5,0,nan,nan,5,7,6,3,7,1,3,2,1,1,1,1,2,1,4,280,1,0,1,4,1,1,0,0,32,2225,0,2,4,0,86,15,0,0,0,0,0,0,7,0,0,0,0,0,0,24,6,10,50,45,488,30,16,92,42,44,91,19,7,42,96,54,44,37,21,6,8,7,7,7,22,9,19,10,6338,166,1
nwsapi_2_2_26,c2799fc87a29ee90b802dd132e31d17f887698f5,0,nan,nan,5,7,6,3,7,1,3,2,1,1,1,1,2,1,4,280,1,0,1,4,1,1,0,0,32,2225,0,2,4,0,86,15,0,0,0,0,0,0,7,0,0,0,0,0,0,24,6,10,50,45,488,30,16,92,42,44,91,19,7,42,96,54,44,37,21,6,8,7,7,7,22,9,19,10,6338,166,1
nwsapi_2_2_27,c2799fc87a29ee90b802dd132e31d17f887698f5,0,nan,nan,5,7,6,3,7,1,3,2,1,1,1,1,2,1,4,280,1,0,1,4,1,1,0,0,32,2225,0,2,4,0,86,15,0,0,0,0,0,0,7,0,0,0,0,0,0,24,6,10,50,45,488,30,16,92,42,44,91,19,7,42,96,54,44,37,21,6,8,7,7,7,22,9,19,10,6338,166,1
nwsapi_2_2_21,7fef0b752ffc7e79f968fa34ffa897605a9d8fca,0,25028.0,196990293.33333334,1,1,1,0,0,0,0,0,0,0,0,0,0,0,0,229,0,0,0,0,0,0,0,0,0,2188,0,0,0,0,83,0,0,0,0,0,0,0,0,0,0,0,0,0,0,20,7,8,71,49,542,31,18,91,33,32,69,21,9,36,84,49,34,36,19,7,7,5,8,0,0,5,19,7,5903,1,0
nwsapi_2_2_22,7fef0b752ffc7e79f968fa34ffa897605a9d8fca,0,25363.214285714286,197197824.0,1,1,1,0,0,0,0,0,0,0,0,0,0,0,0,229,0,0,0,0,0,0,0,0,0,2188,0,0,0,0,83,0,0,0,0,0,0,0,0,0,0,0,0,0,0,20,7,8,71,49,542,31,18,91,33,32,69,21,9,36,84,49,34,36,19,7,7,5,8,0,0,5,19,7,5903,1,0
nwsapi_2_2_23,7fef0b752ffc7e79f968fa34ffa897605a9d8fca,0,25633.3,197063475.2,1,1,1,0,0,0,0,0,0,0,0,0,0,0,0,229,0,0,0,0,0,0,0,0,0,2188,0,0,0,0,83,0,0,0,0,0,0,0,0,0,0,0,0,0,0,20,7,8,71,49,542,31,18,91,33,32,69,21,9,36,84,49,34,36,19,7,7,5,8,0,0,5,19,7,5903,1,0
nwsapi_2_2_24,7fef0b752ffc7e79f968fa34ffa897605a9d8fca,0,29698.0,197216256.0,1,1,1,0,0,0,0,0,0,0,0,0,0,0,0,229,0,0,0,0,0,0,0,0,0,2188,0,0,0,0,83,0,0,0,0,0,0,0,0,0,0,0,0,0,0,20,7,8,71,49,542,31,18,91,33,32,69,21,9,36,84,49,34,36,19,7,7,5,8,0,0,5,19,7,5903,1,0
nwsapi_2_2_25,7fef0b752ffc7e79f968fa34ffa897605a9d8fca,0,25991.6,197600870.4,1,1,1,0,0,0,0,0,0,0,0,0,0,0,0,229,0,0,0,0,0,0,0,0,0,2188,0,0,0,0,83,0,0,0,0,0,0,0,0,0,0,0,0,0,0,20,7,8,71,49,542,31,18,91,33,32,69,21,9,36,84,49,34,36,19,7,7,5,8,0,0,5,19,7,5903,1,0
nwsapi_2_2_26,7fef0b752ffc7e79f968fa34ffa897605a9d8fca,0,29343.6875,197120000.0,1,1,1,0,0,0,0,0,0,0,0,0,0,0,0,229,0,0,0,0,0,0,0,0,0,2188,0,0,0,0,83,0,0,0,0,0,0,0,0,0,0,0,0,0,0,20,7,8,71,49,542,31,18,91,33,32,69,21,9,36,84,49,34,36,19,7,7,5,8,0,0,5,19,7,5903,1,0
nwsapi_2_2_27,7fef0b752ffc7e79f968fa34ffa897605a9d8fca,0,26666.833333333332,197230592.0,1,1,1,0,0,0,0,0,0,0,0,0,0,0,0,229,0,0,0,0,0,0,0,0,0,2188,0,0,0,0,83,0,0,0,0,0,0,0,0,0,0,0,0,0,0,20,7,8,71,49,542,31,18,91,33,32,69,21,9,36,84,49,34,36,19,7,7,5,8,0,0,5,19,7,5903,1,0
nwsapi_2_2_21,452ace78e259a28f8ff2799742e4f0c660c6f174,0,33408.875,197296128.0,1,1,0,0,1,0,1,0,0,0,0,0,1,0,0,239,0,0,0,0,0,0,0,0,0,2149,0,0,0,0,73,0,0,0,0,0,0,0,0,0,0,0,0,0,0,20,3,14,70,62,656,21,5,90,34,42,71,25,19,40,80,50,35,38,26,7,12,7,8,0,0,7,19,7,6023,12,0
nwsapi_2_2_22,452ace78e259a28f8ff2799742e4f0c660c6f174,0,36119.875,196653056.0,1,1,0,0,1,0,1,0,0,0,0,0,1,0,0,239,0,0,0,0,0,0,0,0,0,2149,0,0,0,0,73,0,0,0,0,0,0,0,0,0,0,0,0,0,0,20,3,14,70,62,656,21,5,90,34,42,71,25,19,40,80,50,35,38,26,7,12,7,8,0,0,7,19,7,6023,12,0
nwsapi_2_2_23,452ace78e259a28f8ff2799742e4f0c660c6f174,0,34546.875,197138432.0,1,1,0,0,1,0,1,0,0,0,0,0,1,0,0,239,0,0,0,0,0,0,0,0,0,2149,0,0,0,0,73,0,0,0,0,0,0,0,0,0,0,0,0,0,0,20,3,14,70,62,656,21,5,90,34,42,71,25,19,40,80,50,35,38,26,7,12,7,8,0,0,7,19,7,6023,12,0
nwsapi_2_2_24,452ace78e259a28f8ff2799742e4f0c660c6f174,0,32902.5,197421738.66666666,1,1,0,0,1,0,1,0,0,0,0,0,1,0,0,239,0,0,0,0,0,0,0,0,0,2149,0,0,0,0,73,0,0,0,0,0,0,0,0,0,0,0,0,0,0,20,3,14,70,62,656,21,5,90,34,42,71,25,19,40,80,50,35,38,26,7,12,7,8,0,0,7,19,7,6023,12,0
nwsapi_2_2_25,452ace78e259a28f8ff2799742e4f0c660c6f174,0,35140.75,197193728.0,1,1,0,0,1,0,1,0,0,0,0,0,1,0,0,239,0,0,0,0,0,0,0,0,0,2149,0,0,0,0,73,0,0,0,0,0,0,0,0,0,0,0,0,0,0,20,3,14,70,62,656,21,5,90,34,42,71,25,19,40,80,50,35,38,26,7,12,7,8,0,0,7,19,7,6023,12,0
nwsapi_2_2_26,452ace78e259a28f8ff2799742e4f0c660c6f174,0,34070.25,196651008.0,1,1,0,0,1,0,1,0,0,0,0,0,1,0,0,239,0,0,0,0,0,0,0,0,0,2149,0,0,0,0,73,0,0,0,0,0,0,0,0,0,0,0,0,0,0,20,3,14,70,62,656,21,5,90,34,42,71,25,19,40,80,50,35,38,26,7,12,7,8,0,0,7,19,7,6023,12,0
nwsapi_2_2_27,452ace78e259a28f8ff2799742e4f0c660c6f174,0,35903.75,197621760.0,1,1,0,0,1,0,1,0,0,0,0,0,1,0,0,239,0,0,0,0,0,0,0,0,0,2149,0,0,0,0,73,0,0,0,0,0,0,0,0,0,0,0,0,0,0,20,3,14,70,62,656,21,5,90,34,42,71,25,19,40,80,50,35,38,26,7,12,7,8,0,0,7,19,7,6023,12,0
nwsapi_2_2_21,f92be638e790291abc7d18da1074da940f74980c,0,117902.83333333333,196384085.33333334,3,10,8,4,7,0,4,2,1,0,0,0,1,3,3,224,0,0,1,1,3,3,0,1,16,2028,0,7,1,0,92,5,1,0,2,0,0,0,0,1,0,0,0,0,0,22,6,11,59,63,663,15,6,84,31,39,76,31,15,41,71,36,31,42,20,8,10,2,5,4,5,7,19,5,5569,121,2
nwsapi_2_2_22,f92be638e790291abc7d18da1074da940f74980c,0,121981.875,197785600.0,3,10,8,4,7,0,4,2,1,0,0,0,1,3,3,224,0,0,1,1,3,3,0,1,16,2028,0,7,1,0,92,5,1,0,2,0,0,0,0,1,0,0,0,0,0,22,6,11,59,63,663,15,6,84,31,39,76,31,15,41,71,36,31,42,20,8,10,2,5,4,5,7,19,5,5569,121,2
nwsapi_2_2_23,f92be638e790291abc7d18da1074da940f74980c,0,123492.25,199294976.0,3,10,8,4,7,0,4,2,1,0,0,0,1,3,3,224,0,0,1,1,3,3,0,1,16,2028,0,7,1,0,92,5,1,0,2,0,0,0,0,1,0,0,0,0,0,22,6,11,59,63,663,15,6,84,31,39,76,31,15,41,71,36,31,42,20,8,10,2,5,4,5,7,19,5,5569,121,2
nwsapi_2_2_24,f92be638e790291abc7d18da1074da940f74980c,0,1070312.6666666667,209447594.66666666,3,10,8,4,7,0,4,2,1,0,0,0,1,3,3,224,0,0,1,1,3,3,0,1,16,2028,0,7,1,0,92,5,1,0,2,0,0,0,0,1,0,0,0,0,0,22,6,11,59,63,663,15,6,84,31,39,76,31,15,41,71,36,31,42,20,8,10,2,5,4,5,7,19,5,5569,121,2
nwsapi_2_2_25,f92be638e790291abc7d18da1074da940f74980c,0,131963.5,199043072.0,3,10,8,4,7,0,4,2,1,0,0,0,1,3,3,224,0,0,1,1,3,3,0,1,16,2028,0,7,1,0,92,5,1,0,2,0,0,0,0,1,0,0,0,0,0,22,6,11,59,63,663,15,6,84,31,39,76,31,15,41,71,36,31,42,20,8,10,2,5,4,5,7,19,5,5569,121,2
nwsapi_2_2_26,f92be638e790291abc7d18da1074da940f74980c,0,135091.125,198105088.0,3,10,8,4,7,0,4,2,1,0,0,0,1,3,3,224,0,0,1,1,3,3,0,1,16,2028,0,7,1,0,92,5,1,0,2,0,0,0,0,1,0,0,0,0,0,22,6,11,59,63,663,15,6,84,31,39,76,31,15,41,71,36,31,42,20,8,10,2,5,4,5,7,19,5,5569,121,2
nwsapi_2_2_27,f92be638e790291abc7d18da1074da940f74980c,0,133526.0,198496256.0,3,10,8,4,7,0,4,2,1,0,0,0,1,3,3,224,0,0,1,1,3,3,0,1,16,2028,0,7,1,0,92,5,1,0,2,0,0,0,0,1,0,0,0,0,0,22,6,11,59,63,663,15,6,84,31,39,76,31,15,41,71,36,31,42,20,8,10,2,5,4,5,7,19,5,5569,121,2
nwsapi_2_2_21,f68c830ce9b23e395a83e39f2d118d1ec46e545e,0,30545.7,196286873.6,2,5,5,3,3,1,2,0,0,1,0,1,1,1,0,233,0,0,1,1,1,1,0,0,0,2263,0,3,1,0,84,0,0,1,2,1,0,0,0,0,0,0,0,0,0,20,2,18,71,56,611,18,7,91,38,38,65,26,14,34,76,44,40,36,28,6,8,14,7,0,0,10,19,11,5943,54,1
nwsapi_2_2_22,f68c830ce9b23e395a83e39f2d118d1ec46e545e,0,32322.875,196820992.0,2,5,5,3,3,1,2,0,0,1,0,1,1,1,0,233,0,0,1,1,1,1,0,0,0,2263,0,3,1,0,84,0,0,1,2,1,0,0,0,0,0,0,0,0,0,20,2,18,71,56,611,18,7,91,38,38,65,26,14,34,76,44,40,36,28,6,8,14,7,0,0,10,19,11,5943,54,1
nwsapi_2_2_23,f68c830ce9b23e395a83e39f2d118d1ec46e545e,0,31787.4,195880550.4,2,5,5,3,3,1,2,0,0,1,0,1,1,1,0,233,0,0,1,1,1,1,0,0,0,2263,0,3,1,0,84,0,0,1,2,1,0,0,0,0,0,0,0,0,0,20,2,18,71,56,611,18,7,91,38,38,65,26,14,34,76,44,40,36,28,6,8,14,7,0,0,10,19,11,5943,54,1
nwsapi_2_2_24,f68c830ce9b23e395a83e39f2d118d1ec46e545e,0,33075.5,197064704.0,2,5,5,3,3,1,2,0,0,1,0,1,1,1,0,233,0,0,1,1,1,1,0,0,0,2263,0,3,1,0,84,0,0,1,2,1,0,0,0,0,0,0,0,0,0,20,2,18,71,56,611,18,7,91,38,38,65,26,14,34,76,44,40,36,28,6,8,14,7,0,0,10,19,11,5943,54,1
nwsapi_2_2_25,f68c830ce9b23e395a83e39f2d118d1ec46e545e,0,32179.0,196817715.2,2,5,5,3,3,1,2,0,0,1,0,1,1,1,0,233,0,0,1,1,1,1,0,0,0,2263,0,3,1,0,84,0,0,1,2,1,0,0,0,0,0,0,0,0,0,20,2,18,71,56,611,18,7,91,38,38,65,26,14,34,76,44,40,36,28,6,8,14,7,0,0,10,19,11,5943,54,1
nwsapi_2_2_26,f68c830ce9b23e395a83e39f2d118d1ec46e545e,0,33773.3125,197457920.0,2,5,5,3,3,1,2,0,0,1,0,1,1,1,0,233,0,0,1,1,1,1,0,0,0,2263,0,3,1,0,84,0,0,1,2,1,0,0,0,0,0,0,0,0,0,20,2,18,71,56,611,18,7,91,38,38,65,26,14,34,76,44,40,36,28,6,8,14,7,0,0,10,19,11,5943,54,1
nwsapi_2_2_27,f68c830ce9b23e395a83e39f2d118d1ec46e545e,0,35088.4375,197353472.0,2,5,5,3,3,1,2,0,0,1,0,1,1,1,0,233,0,0,1,1,1,1,0,0,0,2263,0,3,1,0,84,0,0,1,2,1,0,0,0,0,0,0,0,0,0,20,2,18,71,56,611,18,7,91,38,38,65,26,14,34,76,44,40,36,28,6,8,14,7,0,0,10,19,11,5943,54,1
nwsapi_2_2_21,e0e9f72a94a9ba44809c7b259f4c618a391aef17,0,44027.5,196411392.0,2,3,2,1,4,1,1,1,1,1,0,1,1,0,2,293,0,0,0,1,0,0,0,0,3,2089,0,1,1,0,63,2,0,0,0,0,0,0,1,0,0,0,0,0,0,21,5,14,63,52,604,23,15,87,33,46,95,21,11,38,108,64,46,33,28,10,14,4,5,1,4,5,19,7,5953,45,0
nwsapi_2_2_22,e0e9f72a94a9ba44809c7b259f4c618a391aef17,0,27486.333333333332,197694805.33333334,2,3,2,1,4,1,1,1,1,1,0,1,1,0,2,293,0,0,0,1,0,0,0,0,3,2089,0,1,1,0,63,2,0,0,0,0,0,0,1,0,0,0,0,0,0,21,5,14,63,52,604,23,15,87,33,46,95,21,11,38,108,64,46,33,28,10,14,4,5,1,4,5,19,7,5953,45,0
nwsapi_2_2_23,e0e9f72a94a9ba44809c7b259f4c618a391aef17,0,35346.3125,197791744.0,2,3,2,1,4,1,1,1,1,1,0,1,1,0,2,293,0,0,0,1,0,0,0,0,3,2089,0,1,1,0,63,2,0,0,0,0,0,0,1,0,0,0,0,0,0,21,5,14,63,52,604,23,15,87,33,46,95,21,11,38,108,64,46,33,28,10,14,4,5,1,4,5,19,7,5953,45,0
nwsapi_2_2_24,e0e9f72a94a9ba44809c7b259f4c618a391aef17,0,32497.4375,197279744.0,2,3,2,1,4,1,1,1,1,1,0,1,1,0,2,293,0,0,0,1,0,0,0,0,3,2089,0,1,1,0,63,2,0,0,0,0,0,0,1,0,0,0,0,0,0,21,5,14,63,52,604,23,15,87,33,46,95,21,11,38,108,64,46,33,28,10,14,4,5,1,4,5,19,7,5953,45,0
nwsapi_2_2_25,e0e9f72a94a9ba44809c7b259f4c618a391aef17,0,29068.5,197593380.57142857,2,3,2,1,4,1,1,1,1,1,0,1,1,0,2,293,0,0,0,1,0,0,0,0,3,2089,0,1,1,0,63,2,0,0,0,0,0,0,1,0,0,0,0,0,0,21,5,14,63,52,604,23,15,87,33,46,95,21,11,38,108,64,46,33,28,10,14,4,5,1,4,5,19,7,5953,45,0
nwsapi_2_2_26,e0e9f72a94a9ba44809c7b259f4c618a391aef17,0,28362.4,198023577.6,2,3,2,1,4,1,1,1,1,1,0,1,1,0,2,293,0,0,0,1,0,0,0,0,3,2089,0,1,1,0,63,2,0,0,0,0,0,0,1,0,0,0,0,0,0,21,5,14,63,52,604,23,15,87,33,46,95,21,11,38,108,64,46,33,28,10,14,4,5,1,4,5,19,7,5953,45,0
nwsapi_2_2_27,e0e9f72a94a9ba44809c7b259f4c618a391aef17,0,29229.3125,197363712.0,2,3,2,1,4,1,1,1,1,1,0,1,1,0,2,293,0,0,0,1,0,0,0,0,3,2089,0,1,1,0,63,2,0,0,0,0,0,0,1,0,0,0,0,0,0,21,5,14,63,52,604,23,15,87,33,46,95,21,11,38,108,64,46,33,28,10,14,4,5,1,4,5,19,7,5953,45,0
nwsapi_2_2_21,29019254af94656314c8b6a513bcb651f131b44a,0,nan,nan,7,22,15,5,27,8,11,6,5,3,2,3,9,4,13,249,1,1,1,4,4,4,2,0,77,1995,0,17,5,1,58,38,0,1,0,0,1,4,19,1,5,2,0,0,0,21,7,24,65,56,545,21,9,86,39,40,81,16,7,35,88,46,34,37,33,10,8,15,4,3,1,5,19,13,5556,520,2
nwsapi_2_2_22,29019254af94656314c8b6a513bcb651f131b44a,0,nan,nan,7,22,15,5,27,8,11,6,5,3,2,3,9,4,13,249,1,1,1,4,4,4,2,0,77,1995,0,17,5,1,58,38,0,1,0,0,1,4,19,1,5,2,0,0,0,21,7,24,65,56,545,21,9,86,39,40,81,16,7,35,88,46,34,37,33,10,8,15,4,3,1,5,19,13,5556,520,2
nwsapi_2_2_23,29019254af94656314c8b6a513bcb651f131b44a,0,nan,nan,7,22,15,5,27,8,11,6,5,3,2,3,9,4,13,249,1,1,1,4,4,4,2,0,77,1995,0,17,5,1,58,38,0,1,0,0,1,4,19,1,5,2,0,0,0,21,7,24,65,56,545,21,9,86,39,40,81,16,7,35,88,46,34,37,33,10,8,15,4,3,1,5,19,13,5556,520,2
nwsapi_2_2_24,29019254af94656314c8b6a513bcb651f131b44a,0,nan,nan,7,22,15,5,27,8,11,6,5,3,2,3,9,4,13,249,1,1,1,4,4,4,2,0,77,1995,0,17,5,1,58,38,0,1,0,0,1,4,19,1,5,2,0,0,0,21,7,24,65,56,545,21,9,86,39,40,81,16,7,35,88,46,34,37,33,10,8,15,4,3,1,5,19,13,5556,520,2
nwsapi_2_2_25,29019254af94656314c8b6a513bcb651f131b44a,0,nan,nan,7,22,15,5,27,8,11,6,5,3,2,3,9,4,13,249,1,1,1,4,4,4,2,0,77,1995,0,17,5,1,58,38,0,1,0,0,1,4,19,1,5,2,0,0,0,21,7,24,65,56,545,21,9,86,39,40,81,16,7,35,88,46,34,37,33,10,8,15,4,3,1,5,19,13,5556,520,2
nwsapi_2_2_26,29019254af94656314c8b6a513bcb651f131b44a,0,nan,nan,7,22,15,5,27,8,11,6,5,3,2,3,9,4,13,249,1,1,1,4,4,4,2,0,77,1995,0,17,5,1,58,38,0,1,0,0,1,4,19,1,5,2,0,0,0,21,7,24,65,56,545,21,9,86,39,40,81,16,7,35,88,46,34,37,33,10,8,15,4,3,1,5,19,13,5556,520,2
nwsapi_2_2_27,29019254af94656314c8b6a513bcb651f131b44a,0,nan,nan,7,22,15,5,27,8,11,6,5,3,2,3,9,4,13,249,1,1,1,4,4,4,2,0,77,1995,0,17,5,1,58,38,0,1,0,0,1,4,19,1,5,2,0,0,0,21,7,24,65,56,545,21,9,86,39,40,81,16,7,35,88,46,34,37,33,10,8,15,4,3,1,5,19,13,5556,520,2
nwsapi_2_2_21,a55662c159e88c263206ef5d635eae553e957a92,0,108055.66666666667,197558272.0,1,3,2,2,1,1,0,0,0,1,1,1,0,0,1,251,1,0,0,0,0,0,0,0,2,2058,0,2,0,0,73,1,0,0,0,0,0,0,1,0,0,0,0,0,0,28,3,15,53,63,644,33,13,105,42,40,57,22,12,45,95,52,45,37,26,6,12,8,10,4,32,11,19,10,6383,34,0
nwsapi_2_2_22,a55662c159e88c263206ef5d635eae553e957a92,0,109375.16666666667,197165056.0,1,3,2,2,1,1,0,0,0,1,1,1,0,0,1,251,1,0,0,0,0,0,0,0,2,2058,0,2,0,0,73,1,0,0,0,0,0,0,1,0,0,0,0,0,0,28,3,15,53,63,644,33,13,105,42,40,57,22,12,45,95,52,45,37,26,6,12,8,10,4,32,11,19,10,6383,34,0
nwsapi_2_2_23,a55662c159e88c263206ef5d635eae553e957a92,0,119057.1875,197699584.0,1,3,2,2,1,1,0,0,0,1,1,1,0,0,1,251,1,0,0,0,0,0,0,0,2,2058,0,2,0,0,73,1,0,0,0,0,0,0,1,0,0,0,0,0,0,28,3,15,53,63,644,33,13,105,42,40,57,22,12,45,95,52,45,37,26,6,12,8,10,4,32,11,19,10,6383,34,0
nwsapi_2_2_24,a55662c159e88c263206ef5d635eae553e957a92,0,104416.5,197705728.0,1,3,2,2,1,1,0,0,0,1,1,1,0,0,1,251,1,0,0,0,0,0,0,0,2,2058,0,2,0,0,73,1,0,0,0,0,0,0,1,0,0,0,0,0,0,28,3,15,53,63,644,33,13,105,42,40,57,22,12,45,95,52,45,37,26,6,12,8,10,4,32,11,19,10,6383,34,0
nwsapi_2_2_25,a55662c159e88c263206ef5d635eae553e957a92,0,107379.1,197237145.6,1,3,2,2,1,1,0,0,0,1,1,1,0,0,1,251,1,0,0,0,0,0,0,0,2,2058,0,2,0,0,73,1,0,0,0,0,0,0,1,0,0,0,0,0,0,28,3,15,53,63,644,33,13,105,42,40,57,22,12,45,95,52,45,37,26,6,12,8,10,4,32,11,19,10,6383,34,0
nwsapi_2_2_26,a55662c159e88c263206ef5d635eae553e957a92,0,107843.625,196640768.0,1,3,2,2,1,1,0,0,0,1,1,1,0,0,1,251,1,0,0,0,0,0,0,0,2,2058,0,2,0,0,73,1,0,0,0,0,0,0,1,0,0,0,0,0,0,28,3,15,53,63,644,33,13,105,42,40,57,22,12,45,95,52,45,37,26,6,12,8,10,4,32,11,19,10,6383,34,0
nwsapi_2_2_27,a55662c159e88c263206ef5d635eae553e957a92,0,112440.0625,197357568.0,1,3,2,2,1,1,0,0,0,1,1,1,0,0,1,251,1,0,0,0,0,0,0,0,2,2058,0,2,0,0,73,1,0,0,0,0,0,0,1,0,0,0,0,0,0,28,3,15,53,63,644,33,13,105,42,40,57,22,12,45,95,52,45,37,26,6,12,8,10,4,32,11,19,10,6383,34,0
nwsapi_2_2_21,d226b33f266d5df52625aec912fc3dc8dadac5d6,0,34981.6875,196978688.0,2,4,3,2,8,1,1,5,1,1,1,1,0,1,6,275,0,0,1,1,1,1,0,0,31,1994,0,2,1,0,53,15,0,1,3,0,0,0,7,1,0,0,0,0,0,61,16,4,16,53,575,20,11,111,34,41,98,28,15,42,89,45,38,29,7,4,0,3,20,6,45,20,49,7,6047,142,1
nwsapi_2_2_22,d226b33f266d5df52625aec912fc3dc8dadac5d6,0,32208.375,197521408.0,2,4,3,2,8,1,1,5,1,1,1,1,0,1,6,275,0,0,1,1,1,1,0,0,31,1994,0,2,1,0,53,15,0,1,3,0,0,0,7,1,0,0,0,0,0,61,16,4,16,53,575,20,11,111,34,41,98,28,15,42,89,45,38,29,7,4,0,3,20,6,45,20,49,7,6047,142,1
nwsapi_2_2_23,d226b33f266d5df52625aec912fc3dc8dadac5d6,0,34664.0625,197584896.0,2,4,3,2,8,1,1,5,1,1,1,1,0,1,6,275,0,0,1,1,1,1,0,0,31,1994,0,2,1,0,53,15,0,1,3,0,0,0,7,1,0,0,0,0,0,61,16,4,16,53,575,20,11,111,34,41,98,28,15,42,89,45,38,29,7,4,0,3,20,6,45,20,49,7,6047,142,1
nwsapi_2_2_24,d226b33f266d5df52625aec912fc3dc8dadac5d6,0,34192.75,198182912.0,2,4,3,2,8,1,1,5,1,1,1,1,0,1,6,275,0,0,1,1,1,1,0,0,31,1994,0,2,1,0,53,15,0,1,3,0,0,0,7,1,0,0,0,0,0,61,16,4,16,53,575,20,11,111,34,41,98,28,15,42,89,45,38,29,7,4,0,3,20,6,45,20,49,7,6047,142,1
nwsapi_2_2_25,d226b33f266d5df52625aec912fc3dc8dadac5d6,0,55161.375,197732352.0,2,4,3,2,8,1,1,5,1,1,1,1,0,1,6,275,0,0,1,1,1,1,0,0,31,1994,0,2,1,0,53,15,0,1,3,0,0,0,7,1,0,0,0,0,0,61,16,4,16,53,575,20,11,111,34,41,98,28,15,42,89,45,38,29,7,4,0,3,20,6,45,20,49,7,6047,142,1
nwsapi_2_2_26,d226b33f266d5df52625aec912fc3dc8dadac5d6,0,33574.5,197626148.57142857,2,4,3,2,8,1,1,5,1,1,1,1,0,1,6,275,0,0,1,1,1,1,0,0,31,1994,0,2,1,0,53,15,0,1,3,0,0,0,7,1,0,0,0,0,0,61,16,4,16,53,575,20,11,111,34,41,98,28,15,42,89,45,38,29,7,4,0,3,20,6,45,20,49,7,6047,142,1
nwsapi_2_2_27,d226b33f266d5df52625aec912fc3dc8dadac5d6,0,33218.75,197050368.0,2,4,3,2,8,1,1,5,1,1,1,1,0,1,6,275,0,0,1,1,1,1,0,0,31,1994,0,2,1,0,53,15,0,1,3,0,0,0,7,1,0,0,0,0,0,61,16,4,16,53,575,20,11,111,34,41,98,28,15,42,89,45,38,29,7,4,0,3,20,6,45,20,49,7,6047,142,1
nwsapi_2_2_21,0167eca6b22b1fa40cea9b76a5d677ced09d22b9,0,nan,nan,21,40,46,20,50,13,17,24,17,7,3,7,11,11,50,168,5,4,0,13,15,15,7,1,274,1602,2,33,17,4,59,139,0,0,0,0,2,25,60,0,30,9,4,4,0,50,21,13,37,28,291,9,6,87,19,25,42,13,6,32,66,37,33,22,18,8,3,7,10,1,0,16,49,8,4175,1449,4
nwsapi_2_2_22,0167eca6b22b1fa40cea9b76a5d677ced09d22b9,0,nan,nan,21,40,46,20,50,13,17,24,17,7,3,7,11,11,50,168,5,4,0,13,15,15,7,1,274,1602,2,33,17,4,59,139,0,0,0,0,2,25,60,0,30,9,4,4,0,50,21,13,37,28,291,9,6,87,19,25,42,13,6,32,66,37,33,22,18,8,3,7,10,1,0,16,49,8,4175,1449,4
nwsapi_2_2_23,0167eca6b22b1fa40cea9b76a5d677ced09d22b9,0,nan,nan,21,40,46,20,50,13,17,24,17,7,3,7,11,11,50,168,5,4,0,13,15,15,7,1,274,1602,2,33,17,4,59,139,0,0,0,0,2,25,60,0,30,9,4,4,0,50,21,13,37,28,291,9,6,87,19,25,42,13,6,32,66,37,33,22,18,8,3,7,10,1,0,16,49,8,4175,1449,4
nwsapi_2_2_24,0167eca6b22b1fa40cea9b76a5d677ced09d22b9,0,nan,nan,21,40,46,20,50,13,17,24,17,7,3,7,11,11,50,168,5,4,0,13,15,15,7,1,274,1602,2,33,17,4,59,139,0,0,0,0,2,25,60,0,30,9,4,4,0,50,21,13,37,28,291,9,6,87,19,25,42,13,6,32,66,37,33,22,18,8,3,7,10,1,0,16,49,8,4175,1449,4
nwsapi_2_2_25,0167eca6b22b1fa40cea9b76a5d677ced09d22b9,0,nan,nan,21,40,46,20,50,13,17,24,17,7,3,7,11,11,50,168,5,4,0,13,15,15,7,1,274,1602,2,33,17,4,59,139,0,0,0,0,2,25,60,0,30,9,4,4,0,50,21,13,37,28,291,9,6,87,19,25,42,13,6,32,66,37,33,22,18,8,3,7,10,1,0,16,49,8,4175,1449,4
nwsapi_2_2_26,0167eca6b22b1fa40cea9b76a5d677ced09d22b9,0,nan,nan,21,40,46,20,50,13,17,24,17,7,3,7,11,11,50,168,5,4,0,13,15,15,7,1,274,1602,2,33,17,4,59,139,0,0,0,0,2,25,60,0,30,9,4,4,0,50,21,13,37,28,291,9,6,87,19,25,42,13,6,32,66,37,33,22,18,8,3,7,10,1,0,16,49,8,4175,1449,4
nwsapi_2_2_27,0167eca6b22b1fa40cea9b76a5d677ced09d22b9,0,nan,nan,21,40,46,20,50,13,17,24,17,7,3,7,11,11,50,168,5,4,0,13,15,15,7,1,274,1602,2,33,17,4,59,139,0,0,0,0,2,25,60,0,30,9,4,4,0,50,21,13,37,28,291,9,6,87,19,25,42,13,6,32,66,37,33,22,18,8,3,7,10,1,0,16,49,8,4175,1449,4
nwsapi_2_2_21,be597e627b98a63391fe9912dca26ff2ae3fcce3,0,303312.5,204255232.0,2,2,2,1,4,2,2,0,0,2,2,2,2,0,4,227,3,1,0,1,0,0,0,0,21,1845,2,0,1,0,59,10,0,0,0,0,0,0,4,0,0,0,0,0,0,50,22,11,73,64,670,28,14,123,34,36,78,25,8,37,72,34,35,35,22,5,8,9,14,0,0,12,49,9,6058,114,0
nwsapi_2_2_22,be597e627b98a63391fe9912dca26ff2ae3fcce3,0,301909.5,206629546.66666666,2,2,2,1,4,2,2,0,0,2,2,2,2,0,4,227,3,1,0,1,0,0,0,0,21,1845,2,0,1,0,59,10,0,0,0,0,0,0,4,0,0,0,0,0,0,50,22,11,73,64,670,28,14,123,34,36,78,25,8,37,72,34,35,35,22,5,8,9,14,0,0,12,49,9,6058,114,0
nwsapi_2_2_23,be597e627b98a63391fe9912dca26ff2ae3fcce3,0,305930.6666666667,205903189.33333334,2,2,2,1,4,2,2,0,0,2,2,2,2,0,4,227,3,1,0,1,0,0,0,0,21,1845,2,0,1,0,59,10,0,0,0,0,0,0,4,0,0,0,0,0,0,50,22,11,73,64,670,28,14,123,34,36,78,25,8,37,72,34,35,35,22,5,8,9,14,0,0,12,49,9,6058,114,0
nwsapi_2_2_24,be597e627b98a63391fe9912dca26ff2ae3fcce3,0,303680.6666666667,205073066.66666666,2,2,2,1,4,2,2,0,0,2,2,2,2,0,4,227,3,1,0,1,0,0,0,0,21,1845,2,0,1,0,59,10,0,0,0,0,0,0,4,0,0,0,0,0,0,50,22,11,73,64,670,28,14,123,34,36,78,25,8,37,72,34,35,35,22,5,8,9,14,0,0,12,49,9,6058,114,0
nwsapi_2_2_25,be597e627b98a63391fe9912dca26ff2ae3fcce3,0,303321.4285714286,205024694.85714287,2,2,2,1,4,2,2,0,0,2,2,2,2,0,4,227,3,1,0,1,0,0,0,0,21,1845,2,0,1,0,59,10,0,0,0,0,0,0,4,0,0,0,0,0,0,50,22,11,73,64,670,28,14,123,34,36,78,25,8,37,72,34,35,35,22,5,8,9,14,0,0,12,49,9,6058,114,0
nwsapi_2_2_26,be597e627b98a63391fe9912dca26ff2ae3fcce3,0,307869.875,204623872.0,2,2,2,1,4,2,2,0,0,2,2,2,2,0,4,227,3,1,0,1,0,0,0,0,21,1845,2,0,1,0,59,10,0,0,0,0,0,0,4,0,0,0,0,0,0,50,22,11,73,64,670,28,14,123,34,36,78,25,8,37,72,34,35,35,22,5,8,9,14,0,0,12,49,9,6058,114,0
nwsapi_2_2_27,be597e627b98a63391fe9912dca26ff2ae3fcce3,0,300411.3125,204535808.0,2,2,2,1,4,2,2,0,0,2,2,2,2,0,4,227,3,1,0,1,0,0,0,0,21,1845,2,0,1,0,59,10,0,0,0,0,0,0,4,0,0,0,0,0,0,50,22,11,73,64,670,28,14,123,34,36,78,25,8,37,72,34,35,35,22,5,8,9,14,0,0,12,49,9,6058,114,0
nwsapi_2_2_21,0382b1a0d57ee5a21c3039bf4e213bb30862f326,0,33847.333333333336,197077674.66666666,1,1,0,0,2,1,0,1,0,1,0,1,0,0,7,245,6,0,0,0,0,0,0,0,22,1961,5,0,0,0,55,10,0,0,0,0,0,0,5,0,0,0,0,0,0,50,22,17,75,69,722,21,7,125,43,39,67,25,11,42,89,46,35,37,30,8,12,10,15,0,0,12,49,13,6186,84,0
nwsapi_2_2_22,0382b1a0d57ee5a21c3039bf4e213bb30862f326,0,33294.642857142855,197356982.85714287,1,1,0,0,2,1,0,1,0,1,0,1,0,0,7,245,6,0,0,0,0,0,0,0,22,1961,5,0,0,0,55,10,0,0,0,0,0,0,5,0,0,0,0,0,0,50,22,17,75,69,722,21,7,125,43,39,67,25,11,42,89,46,35,37,30,8,12,10,15,0,0,12,49,13,6186,84,0
nwsapi_2_2_23,0382b1a0d57ee5a21c3039bf4e213bb30862f326,0,31974.125,197341184.0,1,1,0,0,2,1,0,1,0,1,0,1,0,0,7,245,6,0,0,0,0,0,0,0,22,1961,5,0,0,0,55,10,0,0,0,0,0,0,5,0,0,0,0,0,0,50,22,17,75,69,722,21,7,125,43,39,67,25,11,42,89,46,35,37,30,8,12,10,15,0,0,12,49,13,6186,84,0
nwsapi_2_2_24,0382b1a0d57ee5a21c3039bf4e213bb30862f326,0,32945.375,197754880.0,1,1,0,0,2,1,0,1,0,1,0,1,0,0,7,245,6,0,0,0,0,0,0,0,22,1961,5,0,0,0,55,10,0,0,0,0,0,0,5,0,0,0,0,0,0,50,22,17,75,69,722,21,7,125,43,39,67,25,11,42,89,46,35,37,30,8,12,10,15,0,0,12,49,13,6186,84,0
nwsapi_2_2_25,0382b1a0d57ee5a21c3039bf4e213bb30862f326,0,33218.75,197931008.0,1,1,0,0,2,1,0,1,0,1,0,1,0,0,7,245,6,0,0,0,0,0,0,0,22,1961,5,0,0,0,55,10,0,0,0,0,0,0,5,0,0,0,0,0,0,50,22,17,75,69,722,21,7,125,43,39,67,25,11,42,89,46,35,37,30,8,12,10,15,0,0,12,49,13,6186,84,0
nwsapi_2_2_26,0382b1a0d57ee5a21c3039bf4e213bb30862f326,0,34989.4375,197705728.0,1,1,0,0,2,1,0,1,0,1,0,1,0,0,7,245,6,0,0,0,0,0,0,0,22,1961,5,0,0,0,55,10,0,0,0,0,0,0,5,0,0,0,0,0,0,50,22,17,75,69,722,21,7,125,43,39,67,25,11,42,89,46,35,37,30,8,12,10,15,0,0,12,49,13,6186,84,0
nwsapi_2_2_27,0382b1a0d57ee5a21c3039bf4e213bb30862f326,0,32930.5,197339818.66666666,1,1,0,0,2,1,0,1,0,1,0,1,0,0,7,245,6,0,0,0,0,0,0,0,22,1961,5,0,0,0,55,10,0,0,0,0,0,0,5,0,0,0,0,0,0,50,22,17,75,69,722,21,7,125,43,39,67,25,11,42,89,46,35,37,30,8,12,10,15,0,0,12,49,13,6186,84,0
nwsapi_2_2_21,8c98cb34f9fd81d659cb2a91a0b1072bcb57b77c,0,nan,nan,16,28,43,23,47,15,14,13,22,11,5,11,6,10,46,183,9,2,5,8,20,20,2,0,261,1537,4,29,15,1,44,127,0,3,7,1,2,32,52,2,29,12,10,13,6,55,15,8,36,48,442,17,8,102,35,29,56,17,9,28,52,22,29,27,16,4,6,6,18,4,16,19,49,12,4660,1502,9
nwsapi_2_2_22,8c98cb34f9fd81d659cb2a91a0b1072bcb57b77c,0,nan,nan,16,28,43,23,47,15,14,13,22,11,5,11,6,10,46,183,9,2,5,8,20,20,2,0,261,1537,4,29,15,1,44,127,0,3,7,1,2,32,52,2,29,12,10,13,6,55,15,8,36,48,442,17,8,102,35,29,56,17,9,28,52,22,29,27,16,4,6,6,18,4,16,19,49,12,4660,1502,9
nwsapi_2_2_23,8c98cb34f9fd81d659cb2a91a0b1072bcb57b77c,0,nan,nan,16,28,43,23,47,15,14,13,22,11,5,11,6,10,46,183,9,2,5,8,20,20,2,0,261,1537,4,29,15,1,44,127,0,3,7,1,2,32,52,2,29,12,10,13,6,55,15,8,36,48,442,17,8,102,35,29,56,17,9,28,52,22,29,27,16,4,6,6,18,4,16,19,49,12,4660,1502,9
nwsapi_2_2_24,8c98cb34f9fd81d659cb2a91a0b1072bcb57b77c,0,nan,nan,16,28,43,23,47,15,14,13,22,11,5,11,6,10,46,183,9,2,5,8,20,20,2,0,261,1537,4,29,15,1,44,127,0,3,7,1,2,32,52,2,29,12,10,13,6,55,15,8,36,48,442,17,8,102,35,29,56,17,9,28,52,22,29,27,16,4,6,6,18,4,16,19,49,12,4660,1502,9
nwsapi_2_2_25,8c98cb34f9fd81d659cb2a91a0b1072bcb57b77c,0,nan,nan,16,28,43,23,47,15,14,13,22,11,5,11,6,10,46,183,9,2,5,8,20,20,2,0,261,1537,4,29,15,1,44,127,0,3,7,1,2,32,52,2,29,12,10,13,6,55,15,8,36,48,442,17,8,102,35,29,56,17,9,28,52,22,29,27,16,4,6,6,18,4,16,19,49,12,4660,1502,9
nwsapi_2_2_26,8c98cb34f9fd81d659cb2a91a0b1072bcb57b77c,0,nan,nan,16,28,43,23,47,15,14,13,22,11,5,11,6,10,46,183,9,2,5,8,20,20,2,0,261,1537,4,29,15,1,44,127,0,3,7,1,2,32,52,2,29,12,10,13,6,55,15,8,36,48,442,17,8,102,35,29,56,17,9,28,52,22,29,27,16,4,6,6,18,4,16,19,49,12,4660,1502,9
nwsapi_2_2_27,8c98cb34f9fd81d659cb2a91a0b1072bcb57b77c,0,nan,nan,16,28,43,23,47,15,14,13,22,11,5,11,6,10,46,183,9,2,5,8,20,20,2,0,261,1537,4,29,15,1,44,127,0,3,7,1,2,32,52,2,29,12,10,13,6,55,15,8,36,48,442,17,8,102,35,29,56,17,9,28,52,22,29,27,16,4,6,6,18,4,16,19,49,12,4660,1502,9
nwsapi_2_2_21,4c2da0d30956cc376ae7895bdc81a1b146b6f76b,0,nan,nan,1,2,7,2,3,6,2,3,5,5,3,5,1,2,17,206,1,8,0,0,5,5,1,2,127,1850,0,7,0,0,60,69,0,0,0,0,1,9,33,0,17,4,3,2,0,51,18,8,56,43,512,19,9,108,36,26,52,22,11,34,78,47,29,27,16,4,6,6,21,1,2,12,49,10,5237,613,3
nwsapi_2_2_22,4c2da0d30956cc376ae7895bdc81a1b146b6f76b,0,nan,nan,1,2,7,2,3,6,2,3,5,5,3,5,1,2,17,206,1,8,0,0,5,5,1,2,127,1850,0,7,0,0,60,69,0,0,0,0,1,9,33,0,17,4,3,2,0,51,18,8,56,43,512,19,9,108,36,26,52,22,11,34,78,47,29,27,16,4,6,6,21,1,2,12,49,10,5237,613,3
nwsapi_2_2_23,4c2da0d30956cc376ae7895bdc81a1b146b6f76b,0,nan,nan,1,2,7,2,3,6,2,3,5,5,3,5,1,2,17,206,1,8,0,0,5,5,1,2,127,1850,0,7,0,0,60,69,0,0,0,0,1,9,33,0,17,4,3,2,0,51,18,8,56,43,512,19,9,108,36,26,52,22,11,34,78,47,29,27,16,4,6,6,21,1,2,12,49,10,5237,613,3
nwsapi_2_2_24,4c2da0d30956cc376ae7895bdc81a1b146b6f76b,0,nan,nan,1,2,7,2,3,6,2,3,5,5,3,5,1,2,17,206,1,8,0,0,5,5,1,2,127,1850,0,7,0,0,60,69,0,0,0,0,1,9,33,0,17,4,3,2,0,51,18,8,56,43,512,19,9,108,36,26,52,22,11,34,78,47,29,27,16,4,6,6,21,1,2,12,49,10,5237,613,3
nwsapi_2_2_25,4c2da0d30956cc376ae7895bdc81a1b146b6f76b,0,nan,nan,1,2,7,2,3,6,2,3,5,5,3,5,1,2,17,206,1,8,0,0,5,5,1,2,127,1850,0,7,0,0,60,69,0,0,0,0,1,9,33,0,17,4,3,2,0,51,18,8,56,43,512,19,9,108,36,26,52,22,11,34,78,47,29,27,16,4,6,6,21,1,2,12,49,10,5237,613,3
nwsapi_2_2_26,4c2da0d30956cc376ae7895bdc81a1b146b6f76b,0,nan,nan,1,2,7,2,3,6,2,3,5,5,3,5,1,2,17,206,1,8,0,0,5,5,1,2,127,1850,0,7,0,0,60,69,0,0,0,0,1,9,33,0,17,4,3,2,0,51,18,8,56,43,512,19,9,108,36,26,52,22,11,34,78,47,29,27,16,4,6,6,21,1,2,12,49,10,5237,613,3
nwsapi_2_2_27,4c2da0d30956cc376ae7895bdc81a1b146b6f76b,0,nan,nan,1,2,7,2,3,6,2,3,5,5,3,5,1,2,17,206,1,8,0,0,5,5,1,2,127,1850,0,7,0,0,60,69,0,0,0,0,1,9,33,0,17,4,3,2,0,51,18,8,56,43,512,19,9,108,36,26,52,22,11,34,78,47,29,27,16,4,6,6,21,1,2,12,49,10,5237,613,3
nwsapi_2_2_21,c7f5ef62e1331f9a6bf40aee5eedb9dac5d4dab3,0,12356.625,197595136.0,1,2,1,1,2,1,0,0,1,1,1,1,0,0,1,222,0,0,0,0,0,0,0,0,1,2057,0,1,0,0,71,1,0,0,0,0,0,0,1,0,0,0,0,0,0,53,21,13,50,50,525,32,15,120,39,40,81,21,10,31,57,24,35,38,14,4,4,6,13,1,20,19,49,10,6123,27,0
nwsapi_2_2_22,c7f5ef62e1331f9a6bf40aee5eedb9dac5d4dab3,0,11791.8,196178739.2,1,2,1,1,2,1,0,0,1,1,1,1,0,0,1,222,0,0,0,0,0,0,0,0,1,2057,0,1,0,0,71,1,0,0,0,0,0,0,1,0,0,0,0,0,0,53,21,13,50,50,525,32,15,120,39,40,81,21,10,31,57,24,35,38,14,4,4,6,13,1,20,19,49,10,6123,27,0
nwsapi_2_2_23,c7f5ef62e1331f9a6bf40aee5eedb9dac5d4dab3,0,11953.0,197169152.0,1,2,1,1,2,1,0,0,1,1,1,1,0,0,1,222,0,0,0,0,0,0,0,0,1,2057,0,1,0,0,71,1,0,0,0,0,0,0,1,0,0,0,0,0,0,53,21,13,50,50,525,32,15,120,39,40,81,21,10,31,57,24,35,38,14,4,4,6,13,1,20,19,49,10,6123,27,0
nwsapi_2_2_24,c7f5ef62e1331f9a6bf40aee5eedb9dac5d4dab3,0,12391.8,197437030.4,1,2,1,1,2,1,0,0,1,1,1,1,0,0,1,222,0,0,0,0,0,0,0,0,1,2057,0,1,0,0,71,1,0,0,0,0,0,0,1,0,0,0,0,0,0,53,21,13,50,50,525,32,15,120,39,40,81,21,10,31,57,24,35,38,14,4,4,6,13,1,20,19,49,10,6123,27,0
nwsapi_2_2_25,c7f5ef62e1331f9a6bf40aee5eedb9dac5d4dab3,0,13890.6875,197304320.0,1,2,1,1,2,1,0,0,1,1,1,1,0,0,1,222,0,0,0,0,0,0,0,0,1,2057,0,1,0,0,71,1,0,0,0,0,0,0,1,0,0,0,0,0,0,53,21,13,50,50,525,32,15,120,39,40,81,21,10,31,57,24,35,38,14,4,4,6,13,1,20,19,49,10,6123,27,0
nwsapi_2_2_26,c7f5ef62e1331f9a6bf40aee5eedb9dac5d4dab3,0,13192.75,197038080.0,1,2,1,1,2,1,0,0,1,1,1,1,0,0,1,222,0,0,0,0,0,0,0,0,1,2057,0,1,0,0,71,1,0,0,0,0,0,0,1,0,0,0,0,0,0,53,21,13,50,50,525,32,15,120,39,40,81,21,10,31,57,24,35,38,14,4,4,6,13,1,20,19,49,10,6123,27,0
nwsapi_2_2_27,c7f5ef62e1331f9a6bf40aee5eedb9dac5d4dab3,0,14187.5625,197033984.0,1,2,1,1,2,1,0,0,1,1,1,1,0,0,1,222,0,0,0,0,0,0,0,0,1,2057,0,1,0,0,71,1,0,0,0,0,0,0,1,0,0,0,0,0,0,53,21,13,50,50,525,32,15,120,39,40,81,21,10,31,57,24,35,38,14,4,4,6,13,1,20,19,49,10,6123,27,0
nwsapi_2_2_21,22881769a976c6c1598fd2f464bc54d332aa462e,0,38124.9,198859161.6,2,6,5,4,10,4,1,2,3,3,2,3,1,0,16,222,0,11,0,1,0,0,0,0,96,1789,0,4,1,0,57,51,0,0,0,0,0,0,19,0,0,0,0,0,0,54,18,23,52,64,581,21,12,110,34,39,70,17,10,46,74,41,32,31,30,10,13,7,7,7,8,17,49,7,5670,402,0
nwsapi_2_2_22,22881769a976c6c1598fd2f464bc54d332aa462e,0,32632.083333333332,199169365.33333334,2,6,5,4,10,4,1,2,3,3,2,3,1,0,16,222,0,11,0,1,0,0,0,0,96,1789,0,4,1,0,57,51,0,0,0,0,0,0,19,0,0,0,0,0,0,54,18,23,52,64,581,21,12,110,34,39,70,17,10,46,74,41,32,31,30,10,13,7,7,7,8,17,49,7,5670,402,0
nwsapi_2_2_23,22881769a976c6c1598fd2f464bc54d332aa462e,0,32449.5,197352301.7142857,2,6,5,4,10,4,1,2,3,3,2,3,1,0,16,222,0,11,0,1,0,0,0,0,96,1789,0,4,1,0,57,51,0,0,0,0,0,0,19,0,0,0,0,0,0,54,18,23,52,64,581,21,12,110,34,39,70,17,10,46,74,41,32,31,30,10,13,7,7,7,8,17,49,7,5670,402,0
nwsapi_2_2_24,22881769a976c6c1598fd2f464bc54d332aa462e,0,31659.666666666668,197121365.33333334,2,6,5,4,10,4,1,2,3,3,2,3,1,0,16,222,0,11,0,1,0,0,0,0,96,1789,0,4,1,0,57,51,0,0,0,0,0,0,19,0,0,0,0,0,0,54,18,23,52,64,581,21,12,110,34,39,70,17,10,46,74,41,32,31,30,10,13,7,7,7,8,17,49,7,5670,402,0
nwsapi_2_2_25,22881769a976c6c1598fd2f464bc54d332aa462e,0,33822.75,197799936.0,2,6,5,4,10,4,1,2,3,3,2,3,1,0,16,222,0,11,0,1,0,0,0,0,96,1789,0,4,1,0,57,51,0,0,0,0,0,0,19,0,0,0,0,0,0,54,18,23,52,64,581,21,12,110,34,39,70,17,10,46,74,41,32,31,30,10,13,7,7,7,8,17,49,7,5670,402,0
nwsapi_2_2_26,22881769a976c6c1598fd2f464bc54d332aa462e,0,33486.083333333336,197427200.0,2,6,5,4,10,4,1,2,3,3,2,3,1,0,16,222,0,11,0,1,0,0,0,0,96,1789,0,4,1,0,57,51,0,0,0,0,0,0,19,0,0,0,0,0,0,54,18,23,52,64,581,21,12,110,34,39,70,17,10,46,74,41,32,31,30,10,13,7,7,7,8,17,49,7,5670,402,0
nwsapi_2_2_27,22881769a976c6c1598fd2f464bc54d332aa462e,0,33036.375,197914624.0,2,6,5,4,10,4,1,2,3,3,2,3,1,0,16,222,0,11,0,1,0,0,0,0,96,1789,0,4,1,0,57,51,0,0,0,0,0,0,19,0,0,0,0,0,0,54,18,23,52,64,581,21,12,110,34,39,70,17,10,46,74,41,32,31,30,10,13,7,7,7,8,17,49,7,5670,402,0
nwsapi_2_2_21,fad99781b81222890b123edb6c0af609e1abb6f1,0,30273.4375,197312512.0,1,1,0,0,1,0,0,1,0,0,0,0,0,0,1,225,0,0,0,0,0,0,0,0,2,2134,0,0,0,0,72,1,0,0,0,0,0,0,1,0,0,0,0,0,0,63,26,8,31,53,572,17,7,111,32,37,84,19,11,40,68,34,30,37,17,4,4,9,16,5,30,16,49,8,5907,9,0
nwsapi_2_2_22,fad99781b81222890b123edb6c0af609e1abb6f1,0,31880.1875,197498880.0,1,1,0,0,1,0,0,1,0,0,0,0,0,0,1,225,0,0,0,0,0,0,0,0,2,2134,0,0,0,0,72,1,0,0,0,0,0,0,1,0,0,0,0,0,0,63,26,8,31,53,572,17,7,111,32,37,84,19,11,40,68,34,30,37,17,4,4,9,16,5,30,16,49,8,5907,9,0
nwsapi_2_2_23,fad99781b81222890b123edb6c0af609e1abb6f1,0,31747.375,198029312.0,1,1,0,0,1,0,0,1,0,0,0,0,0,0,1,225,0,0,0,0,0,0,0,0,2,2134,0,0,0,0,72,1,0,0,0,0,0,0,1,0,0,0,0,0,0,63,26,8,31,53,572,17,7,111,32,37,84,19,11,40,68,34,30,37,17,4,4,9,16,5,30,16,49,8,5907,9,0
nwsapi_2_2_24,fad99781b81222890b123edb6c0af609e1abb6f1,0,28864.375,196943872.0,1,1,0,0,1,0,0,1,0,0,0,0,0,0,1,225,0,0,0,0,0,0,0,0,2,2134,0,0,0,0,72,1,0,0,0,0,0,0,1,0,0,0,0,0,0,63,26,8,31,53,572,17,7,111,32,37,84,19,11,40,68,34,30,37,17,4,4,9,16,5,30,16,49,8,5907,9,0
nwsapi_2_2_25,fad99781b81222890b123edb6c0af609e1abb6f1,0,29807.375,197046272.0,1,1,0,0,1,0,0,1,0,0,0,0,0,0,1,225,0,0,0,0,0,0,0,0,2,2134,0,0,0,0,72,1,0,0,0,0,0,0,1,0,0,0,0,0,0,63,26,8,31,53,572,17,7,111,32,37,84,19,11,40,68,34,30,37,17,4,4,9,16,5,30,16,49,8,5907,9,0
nwsapi_2_2_26,fad99781b81222890b123edb6c0af609e1abb6f1,0,31294.3125,197056512.0,1,1,0,0,1,0,0,1,0,0,0,0,0,0,1,225,0,0,0,0,0,0,0,0,2,2134,0,0,0,0,72,1,0,0,0,0,0,0,1,0,0,0,0,0,0,63,26,8,31,53,572,17,7,111,32,37,84,19,11,40,68,34,30,37,17,4,4,9,16,5,30,16,49,8,5907,9,0
nwsapi_2_2_27,fad99781b81222890b123edb6c0af609e1abb6f1,0,32620.8,198501990.4,1,1,0,0,1,0,0,1,0,0,0,0,0,0,1,225,0,0,0,0,0,0,0,0,2,2134,0,0,0,0,72,1,0,0,0,0,0,0,1,0,0,0,0,0,0,63,26,8,31,53,572,17,7,111,32,37,84,19,11,40,68,34,30,37,17,4,4,9,16,5,30,16,49,8,5907,9,0
nwsapi_2_2_21,67410b6c21b980693806bf621db75df1e3a59af5,0,56677.0625,198146048.0,2,6,5,3,8,2,2,3,1,0,0,0,2,0,4,198,0,0,0,1,0,0,0,0,18,2015,0,4,1,0,69,9,0,0,0,0,0,0,4,0,0,0,0,0,0,56,12,5,44,48,493,19,8,110,31,34,69,21,11,27,60,30,27,30,15,1,10,4,23,2,16,20,49,7,5549,112,0
nwsapi_2_2_22,67410b6c21b980693806bf621db75df1e3a59af5,0,55502.75,197201920.0,2,6,5,3,8,2,2,3,1,0,0,0,2,0,4,198,0,0,0,1,0,0,0,0,18,2015,0,4,1,0,69,9,0,0,0,0,0,0,4,0,0,0,0,0,0,56,12,5,44,48,493,19,8,110,31,34,69,21,11,27,60,30,27,30,15,1,10,4,23,2,16,20,49,7,5549,112,0
nwsapi_2_2_23,67410b6c21b980693806bf621db75df1e3a59af5,0,55921.875,197386240.0,2,6,5,3,8,2,2,3,1,0,0,0,2,0,4,198,0,0,0,1,0,0,0,0,18,2015,0,4,1,0,69,9,0,0,0,0,0,0,4,0,0,0,0,0,0,56,12,5,44,48,493,19,8,110,31,34,69,21,11,27,60,30,27,30,15,1,10,4,23,2,16,20,49,7,5549,112,0
nwsapi_2_2_24,67410b6c21b980693806bf621db75df1e3a59af5,0,62586.75,196777301.33333334,2,6,5,3,8,2,2,3,1,0,0,0,2,0,4,198,0,0,0,1,0,0,0,0,18,2015,0,4,1,0,69,9,0,0,0,0,0,0,4,0,0,0,0,0,0,56,12,5,44,48,493,19,8,110,31,34,69,21,11,27,60,30,27,30,15,1,10,4,23,2,16,20,49,7,5549,112,0
nwsapi_2_2_25,67410b6c21b980693806bf621db75df1e3a59af5,0,85286.5,197660672.0,2,6,5,3,8,2,2,3,1,0,0,0,2,0,4,198,0,0,0,1,0,0,0,0,18,2015,0,4,1,0,69,9,0,0,0,0,0,0,4,0,0,0,0,0,0,56,12,5,44,48,493,19,8,110,31,34,69,21,11,27,60,30,27,30,15,1,10,4,23,2,16,20,49,7,5549,112,0
nwsapi_2_2_26,67410b6c21b980693806bf621db75df1e3a59af5,0,62729.25,197617664.0,2,6,5,3,8,2,2,3,1,0,0,0,2,0,4,198,0,0,0,1,0,0,0,0,18,2015,0,4,1,0,69,9,0,0,0,0,0,0,4,0,0,0,0,0,0,56,12,5,44,48,493,19,8,110,31,34,69,21,11,27,60,30,27,30,15,1,10,4,23,2,16,20,49,7,5549,112,0
nwsapi_2_2_27,67410b6c21b980693806bf621db75df1e3a59af5,0,62381.0,198590464.0,2,6,5,3,8,2,2,3,1,0,0,0,2,0,4,198,0,0,0,1,0,0,0,0,18,2015,0,4,1,0,69,9,0,0,0,0,0,0,4,0,0,0,0,0,0,56,12,5,44,48,493,19,8,110,31,34,69,21,11,27,60,30,27,30,15,1,10,4,23,2,16,20,49,7,5549,112,0
nwsapi_2_2_21,ee0c58a7ba093bac304e05efa4c391aa719cf130,0,232388.83333333334,201610581.33333334,1,2,1,0,1,0,1,0,0,0,0,0,1,0,0,233,0,0,0,0,0,0,0,0,0,1918,0,1,0,0,81,0,0,0,0,0,0,0,0,0,0,0,0,0,0,53,8,13,55,60,646,24,11,116,37,34,68,20,6,45,87,43,35,37,27,13,6,8,13,2,11,24,49,9,6150,15,0
nwsapi_2_2_22,ee0c58a7ba093bac304e05efa4c391aa719cf130,0,235137.9375,201684992.0,1,2,1,0,1,0,1,0,0,0,0,0,1,0,0,233,0,0,0,0,0,0,0,0,0,1918,0,1,0,0,81,0,0,0,0,0,0,0,0,0,0,0,0,0,0,53,8,13,55,60,646,24,11,116,37,34,68,20,6,45,87,43,35,37,27,13,6,8,13,2,11,24,49,9,6150,15,0
nwsapi_2_2_23,ee0c58a7ba093bac304e05efa4c391aa719cf130,0,238937.5,202625024.0,1,2,1,0,1,0,1,0,0,0,0,0,1,0,0,233,0,0,0,0,0,0,0,0,0,1918,0,1,0,0,81,0,0,0,0,0,0,0,0,0,0,0,0,0,0,53,8,13,55,60,646,24,11,116,37,34,68,20,6,45,87,43,35,37,27,13,6,8,13,2,11,24,49,9,6150,15,0
nwsapi_2_2_24,ee0c58a7ba093bac304e05efa4c391aa719cf130,0,239880.25,200564736.0,1,2,1,0,1,0,1,0,0,0,0,0,1,0,0,233,0,0,0,0,0,0,0,0,0,1918,0,1,0,0,81,0,0,0,0,0,0,0,0,0,0,0,0,0,0,53,8,13,55,60,646,24,11,116,37,34,68,20,6,45,87,43,35,37,27,13,6,8,13,2,11,24,49,9,6150,15,0
nwsapi_2_2_25,ee0c58a7ba093bac304e05efa4c391aa719cf130,0,231562.5,201261056.0,1,2,1,0,1,0,1,0,0,0,0,0,1,0,0,233,0,0,0,0,0,0,0,0,0,1918,0,1,0,0,81,0,0,0,0,0,0,0,0,0,0,0,0,0,0,53,8,13,55,60,646,24,11,116,37,34,68,20,6,45,87,43,35,37,27,13,6,8,13,2,11,24,49,9,6150,15,0
nwsapi_2_2_26,ee0c58a7ba093bac304e05efa4c391aa719cf130,0,236312.5,202743808.0,1,2,1,0,1,0,1,0,0,0,0,0,1,0,0,233,0,0,0,0,0,0,0,0,0,1918,0,1,0,0,81,0,0,0,0,0,0,0,0,0,0,0,0,0,0,53,8,13,55,60,646,24,11,116,37,34,68,20,6,45,87,43,35,37,27,13,6,8,13,2,11,24,49,9,6150,15,0
nwsapi_2_2_27,ee0c58a7ba093bac304e05efa4c391aa719cf130,0,237559.16666666666,200556544.0,1,2,1,0,1,0,1,0,0,0,0,0,1,0,0,233,0,0,0,0,0,0,0,0,0,1918,0,1,0,0,81,0,0,0,0,0,0,0,0,0,0,0,0,0,0,53,8,13,55,60,646,24,11,116,37,34,68,20,6,45,87,43,35,37,27,13,6,8,13,2,11,24,49,9,6150,15,0
nwsapi_2_2_21,f1c10b2e039b158c579f3c86a67768ca6ac86211,0,nan,nan,1,2,3,3,3,1,1,2,4,0,0,0,0,1,6,219,0,0,0,0,1,1,2,0,57,2056,0,2,1,1,63,21,0,0,0,0,2,3,12,0,5,0,0,0,0,50,11,18,70,64,636,21,15,120,37,44,75,20,10,34,63,28,34,33,29,9,9,11,14,1,0,25,49,14,6198,191,1
nwsapi_2_2_22,f1c10b2e039b158c579f3c86a67768ca6ac86211,0,nan,nan,1,2,3,3,3,1,1,2,4,0,0,0,0,1,6,219,0,0,0,0,1,1,2,0,57,2056,0,2,1,1,63,21,0,0,0,0,2,3,12,0,5,0,0,0,0,50,11,18,70,64,636,21,15,120,37,44,75,20,10,34,63,28,34,33,29,9,9,11,14,1,0,25,49,14,6198,191,1
nwsapi_2_2_23,f1c10b2e039b158c579f3c86a67768ca6ac86211,0,nan,nan,1,2,3,3,3,1,1,2,4,0,0,0,0,1,6,219,0,0,0,0,1,1,2,0,57,2056,0,2,1,1,63,21,0,0,0,0,2,3,12,0,5,0,0,0,0,50,11,18,70,64,636,21,15,120,37,44,75,20,10,34,63,28,34,33,29,9,9,11,14,1,0,25,49,14,6198,191,1
nwsapi_2_2_24,f1c10b2e039b158c579f3c86a67768ca6ac86211,0,nan,nan,1,2,3,3,3,1,1,2,4,0,0,0,0,1,6,219,0,0,0,0,1,1,2,0,57,2056,0,2,1,1,63,21,0,0,0,0,2,3,12,0,5,0,0,0,0,50,11,18,70,64,636,21,15,120,37,44,75,20,10,34,63,28,34,33,29,9,9,11,14,1,0,25,49,14,6198,191,1
nwsapi_2_2_25,f1c10b2e039b158c579f3c86a67768ca6ac86211,0,nan,nan,1,2,3,3,3,1,1,2,4,0,0,0,0,1,6,219,0,0,0,0,1,1,2,0,57,2056,0,2,1,1,63,21,0,0,0,0,2,3,12,0,5,0,0,0,0,50,11,18,70,64,636,21,15,120,37,44,75,20,10,34,63,28,34,33,29,9,9,11,14,1,0,25,49,14,6198,191,1
nwsapi_2_2_26,f1c10b2e039b158c579f3c86a67768ca6ac86211,0,nan,nan,1,2,3,3,3,1,1,2,4,0,0,0,0,1,6,219,0,0,0,0,1,1,2,0,57,2056,0,2,1,1,63,21,0,0,0,0,2,3,12,0,5,0,0,0,0,50,11,18,70,64,636,21,15,120,37,44,75,20,10,34,63,28,34,33,29,9,9,11,14,1,0,25,49,14,6198,191,1
nwsapi_2_2_27,f1c10b2e039b158c579f3c86a67768ca6ac86211,0,nan,nan,1,2,3,3,3,1,1,2,4,0,0,0,0,1,6,219,0,0,0,0,1,1,2,0,57,2056,0,2,1,1,63,21,0,0,0,0,2,3,12,0,5,0,0,0,0,50,11,18,70,64,636,21,15,120,37,44,75,20,10,34,63,28,34,33,29,9,9,11,14,1,0,25,49,14,6198,191,1
nwsapi_2_2_21,3cbcf68cf03fb421ff1e6cbd7ff262cc0dea0232,0,98640.625,198828032.0,2,3,3,0,9,2,2,3,2,2,1,2,1,1,6,249,1,0,0,1,1,1,0,1,43,1928,0,1,1,0,61,22,0,0,0,0,0,0,11,0,0,0,0,0,0,61,14,16,28,56,567,21,6,107,29,47,100,17,13,40,70,36,37,33,23,12,5,6,11,5,29,21,49,7,5812,217,1
nwsapi_2_2_22,3cbcf68cf03fb421ff1e6cbd7ff262cc0dea0232,0,76736.9375,198580224.0,2,3,3,0,9,2,2,3,2,2,1,2,1,1,6,249,1,0,0,1,1,1,0,1,43,1928,0,1,1,0,61,22,0,0,0,0,0,0,11,0,0,0,0,0,0,61,14,16,28,56,567,21,6,107,29,47,100,17,13,40,70,36,37,33,23,12,5,6,11,5,29,21,49,7,5812,217,1
nwsapi_2_2_23,3cbcf68cf03fb421ff1e6cbd7ff262cc0dea0232,0,75690.1875,199032832.0,2,3,3,0,9,2,2,3,2,2,1,2,1,1,6,249,1,0,0,1,1,1,0,1,43,1928,0,1,1,0,61,22,0,0,0,0,0,0,11,0,0,0,0,0,0,61,14,16,28,56,567,21,6,107,29,47,100,17,13,40,70,36,37,33,23,12,5,6,11,5,29,21,49,7,5812,217,1
nwsapi_2_2_24,3cbcf68cf03fb421ff1e6cbd7ff262cc0dea0232,0,78708.4375,199010304.0,2,3,3,0,9,2,2,3,2,2,1,2,1,1,6,249,1,0,0,1,1,1,0,1,43,1928,0,1,1,0,61,22,0,0,0,0,0,0,11,0,0,0,0,0,0,61,14,16,28,56,567,21,6,107,29,47,100,17,13,40,70,36,37,33,23,12,5,6,11,5,29,21,49,7,5812,217,1
nwsapi_2_2_25,3cbcf68cf03fb421ff1e6cbd7ff262cc0dea0232,0,78914.0625,199096320.0,2,3,3,0,9,2,2,3,2,2,1,2,1,1,6,249,1,0,0,1,1,1,0,1,43,1928,0,1,1,0,61,22,0,0,0,0,0,0,11,0,0,0,0,0,0,61,14,16,28,56,567,21,6,107,29,47,100,17,13,40,70,36,37,33,23,12,5,6,11,5,29,21,49,7,5812,217,1
nwsapi_2_2_26,3cbcf68cf03fb421ff1e6cbd7ff262cc0dea0232,0,83124.83333333333,199535274.66666666,2,3,3,0,9,2,2,3,2,2,1,2,1,1,6,249,1,0,0,1,1,1,0,1,43,1928,0,1,1,0,61,22,0,0,0,0,0,0,11,0,0,0,0,0,0,61,14,16,28,56,567,21,6,107,29,47,100,17,13,40,70,36,37,33,23,12,5,6,11,5,29,21,49,7,5812,217,1
nwsapi_2_2_27,3cbcf68cf03fb421ff1e6cbd7ff262cc0dea0232,0,76658.875,197877760.0,2,3,3,0,9,2,2,3,2,2,1,2,1,1,6,249,1,0,0,1,1,1,0,1,43,1928,0,1,1,0,61,22,0,0,0,0,0,0,11,0,0,0,0,0,0,61,14,16,28,56,567,21,6,107,29,47,100,17,13,40,70,36,37,33,23,12,5,6,11,5,29,21,49,7,5812,217,1
nwsapi_2_2_21,aad45837bb7a189059096c57e0df7c7919530e83,0,nan,nan,3,4,4,3,3,1,1,1,0,1,0,1,0,1,4,241,3,0,0,1,1,1,0,0,24,2073,2,1,1,0,73,10,0,0,0,0,0,0,7,0,0,0,0,0,0,50,17,12,68,52,453,24,10,118,34,35,76,22,15,39,82,47,34,32,23,9,7,7,15,0,0,17,49,9,5951,113,1
nwsapi_2_2_22,aad45837bb7a189059096c57e0df7c7919530e83,0,nan,nan,3,4,4,3,3,1,1,1,0,1,0,1,0,1,4,241,3,0,0,1,1,1,0,0,24,2073,2,1,1,0,73,10,0,0,0,0,0,0,7,0,0,0,0,0,0,50,17,12,68,52,453,24,10,118,34,35,76,22,15,39,82,47,34,32,23,9,7,7,15,0,0,17,49,9,5951,113,1
nwsapi_2_2_23,aad45837bb7a189059096c57e0df7c7919530e83,0,nan,nan,3,4,4,3,3,1,1,1,0,1,0,1,0,1,4,241,3,0,0,1,1,1,0,0,24,2073,2,1,1,0,73,10,0,0,0,0,0,0,7,0,0,0,0,0,0,50,17,12,68,52,453,24,10,118,34,35,76,22,15,39,82,47,34,32,23,9,7,7,15,0,0,17,49,9,5951,113,1
nwsapi_2_2_24,aad45837bb7a189059096c57e0df7c7919530e83,0,nan,nan,3,4,4,3,3,1,1,1,0,1,0,1,0,1,4,241,3,0,0,1,1,1,0,0,24,2073,2,1,1,0,73,10,0,0,0,0,0,0,7,0,0,0,0,0,0,50,17,12,68,52,453,24,10,118,34,35,76,22,15,39,82,47,34,32,23,9,7,7,15,0,0,17,49,9,5951,113,1
nwsapi_2_2_25,aad45837bb7a189059096c57e0df7c7919530e83,0,nan,nan,3,4,4,3,3,1,1,1,0,1,0,1,0,1,4,241,3,0,0,1,1,1,0,0,24,2073,2,1,1,0,73,10,0,0,0,0,0,0,7,0,0,0,0,0,0,50,17,12,68,52,453,24,10,118,34,35,76,22,15,39,82,47,34,32,23,9,7,7,15,0,0,17,49,9,5951,113,1
nwsapi_2_2_26,aad45837bb7a189059096c57e0df7c7919530e83,0,nan,nan,3,4,4,3,3,1,1,1,0,1,0,1,0,1,4,241,3,0,0,1,1,1,0,0,24,2073,2,1,1,0,73,10,0,0,0,0,0,0,7,0,0,0,0,0,0,50,17,12,68,52,453,24,10,118,34,35,76,22,15,39,82,47,34,32,23,9,7,7,15,0,0,17,49,9,5951,113,1
nwsapi_2_2_27,aad45837bb7a189059096c57e0df7c7919530e83,0,nan,nan,3,4,4,3,3,1,1,1,0,1,0,1,0,1,4,241,3,0,0,1,1,1,0,0,24,2073,2,1,1,0,73,10,0,0,0,0,0,0,7,0,0,0,0,0,0,50,17,12,68,52,453,24,10,118,34,35,76,22,15,39,82,47,34,32,23,9,7,7,15,0,0,17,49,9,5951,113,1
nwsapi_2_2_21,5c4f52feca65e44704443d9b8abb3f16dcf4d8ba,0,144588.6875,200116224.0,3,5,3,0,6,1,0,5,0,0,0,0,0,0,5,221,0,0,0,2,0,0,0,0,6,1830,0,2,2,0,72,4,0,0,0,0,0,0,1,0,0,0,0,0,0,54,20,15,59,61,611,24,12,121,36,40,83,22,9,33,57,28,36,40,21,1,13,7,17,3,12,17,49,10,6038,43,0
nwsapi_2_2_22,5c4f52feca65e44704443d9b8abb3f16dcf4d8ba,0,123541.33333333333,198814378.66666666,3,5,3,0,6,1,0,5,0,0,0,0,0,0,5,221,0,0,0,2,0,0,0,0,6,1830,0,2,2,0,72,4,0,0,0,0,0,0,1,0,0,0,0,0,0,54,20,15,59,61,611,24,12,121,36,40,83,22,9,33,57,28,36,40,21,1,13,7,17,3,12,17,49,10,6038,43,0
nwsapi_2_2_23,5c4f52feca65e44704443d9b8abb3f16dcf4d8ba,0,123705.28571428571,198847926.85714287,3,5,3,0,6,1,0,5,0,0,0,0,0,0,5,221,0,0,0,2,0,0,0,0,6,1830,0,2,2,0,72,4,0,0,0,0,0,0,1,0,0,0,0,0,0,54,20,15,59,61,611,24,12,121,36,40,83,22,9,33,57,28,36,40,21,1,13,7,17,3,12,17,49,10,6038,43,0
nwsapi_2_2_24,5c4f52feca65e44704443d9b8abb3f16dcf4d8ba,0,120979.28571428571,199437750.85714287,3,5,3,0,6,1,0,5,0,0,0,0,0,0,5,221,0,0,0,2,0,0,0,0,6,1830,0,2,2,0,72,4,0,0,0,0,0,0,1,0,0,0,0,0,0,54,20,15,59,61,611,24,12,121,36,40,83,22,9,33,57,28,36,40,21,1,13,7,17,3,12,17,49,10,6038,43,0
nwsapi_2_2_25,5c4f52feca65e44704443d9b8abb3f16dcf4d8ba,0,116298.5,199322282.66666666,3,5,3,0,6,1,0,5,0,0,0,0,0,0,5,221,0,0,0,2,0,0,0,0,6,1830,0,2,2,0,72,4,0,0,0,0,0,0,1,0,0,0,0,0,0,54,20,15,59,61,611,24,12,121,36,40,83,22,9,33,57,28,36,40,21,1,13,7,17,3,12,17,49,10,6038,43,0
nwsapi_2_2_26,5c4f52feca65e44704443d9b8abb3f16dcf4d8ba,0,123867.83333333333,200436394.66666666,3,5,3,0,6,1,0,5,0,0,0,0,0,0,5,221,0,0,0,2,0,0,0,0,6,1830,0,2,2,0,72,4,0,0,0,0,0,0,1,0,0,0,0,0,0,54,20,15,59,61,611,24,12,121,36,40,83,22,9,33,57,28,36,40,21,1,13,7,17,3,12,17,49,10,6038,43,0
nwsapi_2_2_27,5c4f52feca65e44704443d9b8abb3f16dcf4d8ba,0,122559.875,198909952.0,3,5,3,0,6,1,0,5,0,0,0,0,0,0,5,221,0,0,0,2,0,0,0,0,6,1830,0,2,2,0,72,4,0,0,0,0,0,0,1,0,0,0,0,0,0,54,20,15,59,61,611,24,12,121,36,40,83,22,9,33,57,28,36,40,21,1,13,7,17,3,12,17,49,10,6038,43,0
nwsapi_2_2_21,fd8c9fa05acea7d5cdfeed037e25e1210f60fc2b,0,8466.0625,196624384.0,1,1,1,1,0,0,0,0,0,0,0,0,0,0,0,254,0,0,0,0,0,0,0,0,0,2057,0,0,0,0,58,0,0,0,0,0,0,0,0,0,0,0,0,0,0,52,14,9,47,60,572,19,13,105,41,43,88,24,14,50,72,38,39,34,15,8,4,3,21,13,8,12,49,7,6182,1,0
nwsapi_2_2_22,fd8c9fa05acea7d5cdfeed037e25e1210f60fc2b,0,8864.5625,196423680.0,1,1,1,1,0,0,0,0,0,0,0,0,0,0,0,254,0,0,0,0,0,0,0,0,0,2057,0,0,0,0,58,0,0,0,0,0,0,0,0,0,0,0,0,0,0,52,14,9,47,60,572,19,13,105,41,43,88,24,14,50,72,38,39,34,15,8,4,3,21,13,8,12,49,7,6182,1,0
nwsapi_2_2_23,fd8c9fa05acea7d5cdfeed037e25e1210f60fc2b,0,9007.875,197195776.0,1,1,1,1,0,0,0,0,0,0,0,0,0,0,0,254,0,0,0,0,0,0,0,0,0,2057,0,0,0,0,58,0,0,0,0,0,0,0,0,0,0,0,0,0,0,52,14,9,47,60,572,19,13,105,41,43,88,24,14,50,72,38,39,34,15,8,4,3,21,13,8,12,49,7,6182,1,0
nwsapi_2_2_24,fd8c9fa05acea7d5cdfeed037e25e1210f60fc2b,0,8786.4375,196331520.0,1,1,1,1,0,0,0,0,0,0,0,0,0,0,0,254,0,0,0,0,0,0,0,0,0,2057,0,0,0,0,58,0,0,0,0,0,0,0,0,0,0,0,0,0,0,52,14,9,47,60,572,19,13,105,41,43,88,24,14,50,72,38,39,34,15,8,4,3,21,13,8,12,49,7,6182,1,0
nwsapi_2_2_25,fd8c9fa05acea7d5cdfeed037e25e1210f60fc2b,0,8601.625,196677632.0,1,1,1,1,0,0,0,0,0,0,0,0,0,0,0,254,0,0,0,0,0,0,0,0,0,2057,0,0,0,0,58,0,0,0,0,0,0,0,0,0,0,0,0,0,0,52,14,9,47,60,572,19,13,105,41,43,88,24,14,50,72,38,39,34,15,8,4,3,21,13,8,12,49,7,6182,1,0
nwsapi_2_2_26,fd8c9fa05acea7d5cdfeed037e25e1210f60fc2b,0,8525.875,196096000.0,1,1,1,1,0,0,0,0,0,0,0,0,0,0,0,254,0,0,0,0,0,0,0,0,0,2057,0,0,0,0,58,0,0,0,0,0,0,0,0,0,0,0,0,0,0,52,14,9,47,60,572,19,13,105,41,43,88,24,14,50,72,38,39,34,15,8,4,3,21,13,8,12,49,7,6182,1,0
nwsapi_2_2_27,fd8c9fa05acea7d5cdfeed037e25e1210f60fc2b,0,8846.3125,196464640.0,1,1,1,1,0,0,0,0,0,0,0,0,0,0,0,254,0,0,0,0,0,0,0,0,0,2057,0,0,0,0,58,0,0,0,0,0,0,0,0,0,0,0,0,0,0,52,14,9,47,60,572,19,13,105,41,43,88,24,14,50,72,38,39,34,15,8,4,3,21,13,8,12,49,7,6182,1,0
nwsapi_2_2_21,8b1759d08683f4071aa7576e08b81a4477540ab7,0,78819.5,198443008.0,2,3,2,1,4,1,1,1,1,1,1,1,0,1,4,222,2,0,0,1,1,1,0,1,10,1919,1,1,1,0,69,7,0,0,0,0,0,0,4,0,0,0,0,0,0,50,19,14,63,51,567,21,9,113,26,34,75,22,11,37,74,38,36,32,20,12,5,3,18,0,0,13,49,10,5651,82,1
nwsapi_2_2_22,8b1759d08683f4071aa7576e08b81a4477540ab7,0,79130.3125,197130240.0,2,3,2,1,4,1,1,1,1,1,1,1,0,1,4,222,2,0,0,1,1,1,0,1,10,1919,1,1,1,0,69,7,0,0,0,0,0,0,4,0,0,0,0,0,0,50,19,14,63,51,567,21,9,113,26,34,75,22,11,37,74,38,36,32,20,12,5,3,18,0,0,13,49,10,5651,82,1
nwsapi_2_2_23,8b1759d08683f4071aa7576e08b81a4477540ab7,0,76729.25,197603328.0,2,3,2,1,4,1,1,1,1,1,1,1,0,1,4,222,2,0,0,1,1,1,0,1,10,1919,1,1,1,0,69,7,0,0,0,0,0,0,4,0,0,0,0,0,0,50,19,14,63,51,567,21,9,113,26,34,75,22,11,37,74,38,36,32,20,12,5,3,18,0,0,13,49,10,5651,82,1
nwsapi_2_2_24,8b1759d08683f4071aa7576e08b81a4477540ab7,0,80713.75,198041600.0,2,3,2,1,4,1,1,1,1,1,1,1,0,1,4,222,2,0,0,1,1,1,0,1,10,1919,1,1,1,0,69,7,0,0,0,0,0,0,4,0,0,0,0,0,0,50,19,14,63,51,567,21,9,113,26,34,75,22,11,37,74,38,36,32,20,12,5,3,18,0,0,13,49,10,5651,82,1
nwsapi_2_2_25,8b1759d08683f4071aa7576e08b81a4477540ab7,0,81108.3,197456691.2,2,3,2,1,4,1,1,1,1,1,1,1,0,1,4,222,2,0,0,1,1,1,0,1,10,1919,1,1,1,0,69,7,0,0,0,0,0,0,4,0,0,0,0,0,0,50,19,14,63,51,567,21,9,113,26,34,75,22,11,37,74,38,36,32,20,12,5,3,18,0,0,13,49,10,5651,82,1
nwsapi_2_2_26,8b1759d08683f4071aa7576e08b81a4477540ab7,0,79608.4,197928550.4,2,3,2,1,4,1,1,1,1,1,1,1,0,1,4,222,2,0,0,1,1,1,0,1,10,1919,1,1,1,0,69,7,0,0,0,0,0,0,4,0,0,0,0,0,0,50,19,14,63,51,567,21,9,113,26,34,75,22,11,37,74,38,36,32,20,12,5,3,18,0,0,13,49,10,5651,82,1
nwsapi_2_2_27,8b1759d08683f4071aa7576e08b81a4477540ab7,0,79890.6875,197414912.0,2,3,2,1,4,1,1,1,1,1,1,1,0,1,4,222,2,0,0,1,1,1,0,1,10,1919,1,1,1,0,69,7,0,0,0,0,0,0,4,0,0,0,0,0,0,50,19,14,63,51,567,21,9,113,26,34,75,22,11,37,74,38,36,32,20,12,5,3,18,0,0,13,49,10,5651,82,1
nwsapi_2_2_21,a0054a117ca3794f7692b5c4671621663b9b47ab,0,201149.16666666666,202265941.33333334,1,2,2,1,6,1,1,1,3,1,0,1,0,1,4,266,0,0,0,0,1,1,0,1,5,2071,0,1,0,0,64,2,0,0,0,0,0,0,1,0,0,0,0,0,0,59,19,10,36,45,460,21,12,112,44,42,79,20,12,44,94,54,37,34,18,3,5,10,22,7,26,12,49,7,6055,73,1
nwsapi_2_2_22,a0054a117ca3794f7692b5c4671621663b9b47ab,0,200716.6,200458240.0,1,2,2,1,6,1,1,1,3,1,0,1,0,1,4,266,0,0,0,0,1,1,0,1,5,2071,0,1,0,0,64,2,0,0,0,0,0,0,1,0,0,0,0,0,0,59,19,10,36,45,460,21,12,112,44,42,79,20,12,44,94,54,37,34,18,3,5,10,22,7,26,12,49,7,6055,73,1
nwsapi_2_2_23,a0054a117ca3794f7692b5c4671621663b9b47ab,0,201625.125,202055680.0,1,2,2,1,6,1,1,1,3,1,0,1,0,1,4,266,0,0,0,0,1,1,0,1,5,2071,0,1,0,0,64,2,0,0,0,0,0,0,1,0,0,0,0,0,0,59,19,10,36,45,460,21,12,112,44,42,79,20,12,44,94,54,37,34,18,3,5,10,22,7,26,12,49,7,6055,73,1
nwsapi_2_2_24,a0054a117ca3794f7692b5c4671621663b9b47ab,0,196036.5,203046912.0,1,2,2,1,6,1,1,1,3,1,0,1,0,1,4,266,0,0,0,0,1,1,0,1,5,2071,0,1,0,0,64,2,0,0,0,0,0,0,1,0,0,0,0,0,0,59,19,10,36,45,460,21,12,112,44,42,79,20,12,44,94,54,37,34,18,3,5,10,22,7,26,12,49,7,6055,73,1
nwsapi_2_2_25,a0054a117ca3794f7692b5c4671621663b9b47ab,0,198134.0,202693485.7142857,1,2,2,1,6,1,1,1,3,1,0,1,0,1,4,266,0,0,0,0,1,1,0,1,5,2071,0,1,0,0,64,2,0,0,0,0,0,0,1,0,0,0,0,0,0,59,19,10,36,45,460,21,12,112,44,42,79,20,12,44,94,54,37,34,18,3,5,10,22,7,26,12,49,7,6055,73,1
nwsapi_2_2_26,a0054a117ca3794f7692b5c4671621663b9b47ab,0,224361.16666666666,200633002.66666666,1,2,2,1,6,1,1,1,3,1,0,1,0,1,4,266,0,0,0,0,1,1,0,1,5,2071,0,1,0,0,64,2,0,0,0,0,0,0,1,0,0,0,0,0,0,59,19,10,36,45,460,21,12,112,44,42,79,20,12,44,94,54,37,34,18,3,5,10,22,7,26,12,49,7,6055,73,1
nwsapi_2_2_27,a0054a117ca3794f7692b5c4671621663b9b47ab,0,220213.75,203382784.0,1,2,2,1,6,1,1,1,3,1,0,1,0,1,4,266,0,0,0,0,1,1,0,1,5,2071,0,1,0,0,64,2,0,0,0,0,0,0,1,0,0,0,0,0,0,59,19,10,36,45,460,21,12,112,44,42,79,20,12,44,94,54,37,34,18,3,5,10,22,7,26,12,49,7,6055,73,1
nwsapi_2_2_21,43d34d84a829120f0dc436fe4f6aff65ed884d84,0,39898.4375,197079040.0,1,2,2,0,0,0,0,0,0,0,0,0,0,0,0,257,0,0,0,0,0,0,0,0,0,2112,0,1,0,0,67,0,0,0,0,0,0,0,0,0,0,0,0,0,0,76,18,1,0,56,563,24,12,121,36,39,68,21,13,42,103,62,37,34,3,2,0,1,31,11,71,24,49,11,6384,4,0
nwsapi_2_2_22,43d34d84a829120f0dc436fe4f6aff65ed884d84,0,36778.5625,197640192.0,1,2,2,0,0,0,0,0,0,0,0,0,0,0,0,257,0,0,0,0,0,0,0,0,0,2112,0,1,0,0,67,0,0,0,0,0,0,0,0,0,0,0,0,0,0,76,18,1,0,56,563,24,12,121,36,39,68,21,13,42,103,62,37,34,3,2,0,1,31,11,71,24,49,11,6384,4,0
nwsapi_2_2_23,43d34d84a829120f0dc436fe4f6aff65ed884d84,0,38364.625,197693440.0,1,2,2,0,0,0,0,0,0,0,0,0,0,0,0,257,0,0,0,0,0,0,0,0,0,2112,0,1,0,0,67,0,0,0,0,0,0,0,0,0,0,0,0,0,0,76,18,1,0,56,563,24,12,121,36,39,68,21,13,42,103,62,37,34,3,2,0,1,31,11,71,24,49,11,6384,4,0
nwsapi_2_2_24,43d34d84a829120f0dc436fe4f6aff65ed884d84,0,38070.4375,197642240.0,1,2,2,0,0,0,0,0,0,0,0,0,0,0,0,257,0,0,0,0,0,0,0,0,0,2112,0,1,0,0,67,0,0,0,0,0,0,0,0,0,0,0,0,0,0,76,18,1,0,56,563,24,12,121,36,39,68,21,13,42,103,62,37,34,3,2,0,1,31,11,71,24,49,11,6384,4,0
nwsapi_2_2_25,43d34d84a829120f0dc436fe4f6aff65ed884d84,0,33848.9375,196804608.0,1,2,2,0,0,0,0,0,0,0,0,0,0,0,0,257,0,0,0,0,0,0,0,0,0,2112,0,1,0,0,67,0,0,0,0,0,0,0,0,0,0,0,0,0,0,76,18,1,0,56,563,24,12,121,36,39,68,21,13,42,103,62,37,34,3,2,0,1,31,11,71,24,49,11,6384,4,0
nwsapi_2_2_26,43d34d84a829120f0dc436fe4f6aff65ed884d84,0,34479.0625,197304320.0,1,2,2,0,0,0,0,0,0,0,0,0,0,0,0,257,0,0,0,0,0,0,0,0,0,2112,0,1,0,0,67,0,0,0,0,0,0,0,0,0,0,0,0,0,0,76,18,1,0,56,563,24,12,121,36,39,68,21,13,42,103,62,37,34,3,2,0,1,31,11,71,24,49,11,6384,4,0
nwsapi_2_2_27,43d34d84a829120f0dc436fe4f6aff65ed884d84,0,37445.3125,197292032.0,1,2,2,0,0,0,0,0,0,0,0,0,0,0,0,257,0,0,0,0,0,0,0,0,0,2112,0,1,0,0,67,0,0,0,0,0,0,0,0,0,0,0,0,0,0,76,18,1,0,56,563,24,12,121,36,39,68,21,13,42,103,62,37,34,3,2,0,1,31,11,71,24,49,11,6384,4,0
nwsapi_2_2_21,37d242abdf32861f7273588970f187ae7b7b7022,0,2166.6428571428573,197268041.14285713,1,1,1,1,1,0,0,0,1,0,0,0,0,0,1,221,0,0,0,0,0,0,0,0,9,1980,0,0,0,0,76,6,0,0,0,0,0,0,1,0,0,0,0,0,0,50,5,20,59,68,632,15,4,109,46,38,63,21,13,56,57,25,42,37,36,16,10,10,16,9,0,16,49,6,6040,33,0
nwsapi_2_2_22,37d242abdf32861f7273588970f187ae7b7b7022,0,2164.0625,196618240.0,1,1,1,1,1,0,0,0,1,0,0,0,0,0,1,221,0,0,0,0,0,0,0,0,9,1980,0,0,0,0,76,6,0,0,0,0,0,0,1,0,0,0,0,0,0,50,5,20,59,68,632,15,4,109,46,38,63,21,13,56,57,25,42,37,36,16,10,10,16,9,0,16,49,6,6040,33,0
nwsapi_2_2_23,37d242abdf32861f7273588970f187ae7b7b7022,0,2249.875,196489216.0,1,1,1,1,1,0,0,0,1,0,0,0,0,0,1,221,0,0,0,0,0,0,0,0,9,1980,0,0,0,0,76,6,0,0,0,0,0,0,1,0,0,0,0,0,0,50,5,20,59,68,632,15,4,109,46,38,63,21,13,56,57,25,42,37,36,16,10,10,16,9,0,16,49,6,6040,33,0
nwsapi_2_2_24,37d242abdf32861f7273588970f187ae7b7b7022,0,2114.625,196915200.0,1,1,1,1,1,0,0,0,1,0,0,0,0,0,1,221,0,0,0,0,0,0,0,0,9,1980,0,0,0,0,76,6,0,0,0,0,0,0,1,0,0,0,0,0,0,50,5,20,59,68,632,15,4,109,46,38,63,21,13,56,57,25,42,37,36,16,10,10,16,9,0,16,49,6,6040,33,0
nwsapi_2_2_25,37d242abdf32861f7273588970f187ae7b7b7022,0,2512.6,196149248.0,1,1,1,1,1,0,0,0,1,0,0,0,0,0,1,221,0,0,0,0,0,0,0,0,9,1980,0,0,0,0,76,6,0,0,0,0,0,0,1,0,0,0,0,0,0,50,5,20,59,68,632,15,4,109,46,38,63,21,13,56,57,25,42,37,36,16,10,10,16,9,0,16,49,6,6040,33,0
nwsapi_2_2_26,37d242abdf32861f7273588970f187ae7b7b7022,0,2640.6875,196476928.0,1,1,1,1,1,0,0,0,1,0,0,0,0,0,1,221,0,0,0,0,0,0,0,0,9,1980,0,0,0,0,76,6,0,0,0,0,0,0,1,0,0,0,0,0,0,50,5,20,59,68,632,15,4,109,46,38,63,21,13,56,57,25,42,37,36,16,10,10,16,9,0,16,49,6,6040,33,0
nwsapi_2_2_27,37d242abdf32861f7273588970f187ae7b7b7022,0,2593.625,196743168.0,1,1,1,1,1,0,0,0,1,0,0,0,0,0,1,221,0,0,0,0,0,0,0,0,9,1980,0,0,0,0,76,6,0,0,0,0,0,0,1,0,0,0,0,0,0,50,5,20,59,68,632,15,4,109,46,38,63,21,13,56,57,25,42,37,36,16,10,10,16,9,0,16,49,6,6040,33,0
nwsapi_2_2_21,1ecf0a5a39ba104cca6e587896f80f514419cb18,0,2558.2,196991385.6,1,1,1,0,4,1,1,0,2,1,1,1,0,1,3,177,1,0,1,0,1,1,0,0,44,1903,0,0,0,0,88,25,1,0,1,0,0,0,17,0,0,0,0,0,0,100,28,28,37,65,511,13,7,137,25,37,71,9,6,54,44,21,31,32,41,14,14,13,24,18,0,22,99,7,5891,204,1
nwsapi_2_2_22,1ecf0a5a39ba104cca6e587896f80f514419cb18,0,2414.0625,196548608.0,1,1,1,0,4,1,1,0,2,1,1,1,0,1,3,177,1,0,1,0,1,1,0,0,44,1903,0,0,0,0,88,25,1,0,1,0,0,0,17,0,0,0,0,0,0,100,28,28,37,65,511,13,7,137,25,37,71,9,6,54,44,21,31,32,41,14,14,13,24,18,0,22,99,7,5891,204,1
nwsapi_2_2_23,1ecf0a5a39ba104cca6e587896f80f514419cb18,0,2425.6428571428573,196359899.42857143,1,1,1,0,4,1,1,0,2,1,1,1,0,1,3,177,1,0,1,0,1,1,0,0,44,1903,0,0,0,0,88,25,1,0,1,0,0,0,17,0,0,0,0,0,0,100,28,28,37,65,511,13,7,137,25,37,71,9,6,54,44,21,31,32,41,14,14,13,24,18,0,22,99,7,5891,204,1
nwsapi_2_2_24,1ecf0a5a39ba104cca6e587896f80f514419cb18,0,2395.8333333333335,197476352.0,1,1,1,0,4,1,1,0,2,1,1,1,0,1,3,177,1,0,1,0,1,1,0,0,44,1903,0,0,0,0,88,25,1,0,1,0,0,0,17,0,0,0,0,0,0,100,28,28,37,65,511,13,7,137,25,37,71,9,6,54,44,21,31,32,41,14,14,13,24,18,0,22,99,7,5891,204,1
nwsapi_2_2_25,1ecf0a5a39ba104cca6e587896f80f514419cb18,0,2809.9375,197025792.0,1,1,1,0,4,1,1,0,2,1,1,1,0,1,3,177,1,0,1,0,1,1,0,0,44,1903,0,0,0,0,88,25,1,0,1,0,0,0,17,0,0,0,0,0,0,100,28,28,37,65,511,13,7,137,25,37,71,9,6,54,44,21,31,32,41,14,14,13,24,18,0,22,99,7,5891,204,1
nwsapi_2_2_26,1ecf0a5a39ba104cca6e587896f80f514419cb18,0,2850.6666666666665,196438698.66666666,1,1,1,0,4,1,1,0,2,1,1,1,0,1,3,177,1,0,1,0,1,1,0,0,44,1903,0,0,0,0,88,25,1,0,1,0,0,0,17,0,0,0,0,0,0,100,28,28,37,65,511,13,7,137,25,37,71,9,6,54,44,21,31,32,41,14,14,13,24,18,0,22,99,7,5891,204,1
nwsapi_2_2_27,1ecf0a5a39ba104cca6e587896f80f514419cb18,0,2856.75,197167104.0,1,1,1,0,4,1,1,0,2,1,1,1,0,1,3,177,1,0,1,0,1,1,0,0,44,1903,0,0,0,0,88,25,1,0,1,0,0,0,17,0,0,0,0,0,0,100,28,28,37,65,511,13,7,137,25,37,71,9,6,54,44,21,31,32,41,14,14,13,24,18,0,22,99,7,5891,204,1
nwsapi_2_2_21,71903b6a0c040e60c545244e4e662c0b026b7cbb,0,2244.8125,196098048.0,1,1,1,1,1,0,0,0,1,0,0,0,0,0,1,162,0,0,0,0,0,0,0,0,18,1900,0,0,0,0,71,7,0,0,0,0,0,0,1,0,0,0,0,0,0,100,26,15,57,50,511,21,11,157,32,27,56,18,10,24,38,15,26,34,18,8,8,2,33,0,0,41,99,12,6079,45,0
nwsapi_2_2_22,71903b6a0c040e60c545244e4e662c0b026b7cbb,0,2218.8125,197705728.0,1,1,1,1,1,0,0,0,1,0,0,0,0,0,1,162,0,0,0,0,0,0,0,0,18,1900,0,0,0,0,71,7,0,0,0,0,0,0,1,0,0,0,0,0,0,100,26,15,57,50,511,21,11,157,32,27,56,18,10,24,38,15,26,34,18,8,8,2,33,0,0,41,99,12,6079,45,0
nwsapi_2_2_23,71903b6a0c040e60c545244e4e662c0b026b7cbb,0,2159.5833333333335,196602538.66666666,1,1,1,1,1,0,0,0,1,0,0,0,0,0,1,162,0,0,0,0,0,0,0,0,18,1900,0,0,0,0,71,7,0,0,0,0,0,0,1,0,0,0,0,0,0,100,26,15,57,50,511,21,11,157,32,27,56,18,10,24,38,15,26,34,18,8,8,2,33,0,0,41,99,12,6079,45,0
nwsapi_2_2_24,71903b6a0c040e60c545244e4e662c0b026b7cbb,0,2184.0833333333335,196946602.66666666,1,1,1,1,1,0,0,0,1,0,0,0,0,0,1,162,0,0,0,0,0,0,0,0,18,1900,0,0,0,0,71,7,0,0,0,0,0,0,1,0,0,0,0,0,0,100,26,15,57,50,511,21,11,157,32,27,56,18,10,24,38,15,26,34,18,8,8,2,33,0,0,41,99,12,6079,45,0
nwsapi_2_2_25,71903b6a0c040e60c545244e4e662c0b026b7cbb,0,2526.125,196491264.0,1,1,1,1,1,0,0,0,1,0,0,0,0,0,1,162,0,0,0,0,0,0,0,0,18,1900,0,0,0,0,71,7,0,0,0,0,0,0,1,0,0,0,0,0,0,100,26,15,57,50,511,21,11,157,32,27,56,18,10,24,38,15,26,34,18,8,8,2,33,0,0,41,99,12,6079,45,0
nwsapi_2_2_26,71903b6a0c040e60c545244e4e662c0b026b7cbb,0,2846.4375,196730880.0,1,1,1,1,1,0,0,0,1,0,0,0,0,0,1,162,0,0,0,0,0,0,0,0,18,1900,0,0,0,0,71,7,0,0,0,0,0,0,1,0,0,0,0,0,0,100,26,15,57,50,511,21,11,157,32,27,56,18,10,24,38,15,26,34,18,8,8,2,33,0,0,41,99,12,6079,45,0
nwsapi_2_2_27,71903b6a0c040e60c545244e4e662c0b026b7cbb,0,2713.5625,196806656.0,1,1,1,1,1,0,0,0,1,0,0,0,0,0,1,162,0,0,0,0,0,0,0,0,18,1900,0,0,0,0,71,7,0,0,0,0,0,0,1,0,0,0,0,0,0,100,26,15,57,50,511,21,11,157,32,27,56,18,10,24,38,15,26,34,18,8,8,2,33,0,0,41,99,12,6079,45,0
nwsapi_2_2_21,634fe3bc4970b25a2ad63ac5a01c4bccc73bd6fd,0,nan,nan,3,5,1,1,7,4,1,2,0,2,0,2,0,1,5,207,3,0,0,2,1,1,0,1,42,1807,2,2,2,0,72,15,0,0,0,0,0,0,5,0,0,0,0,0,0,114,30,24,28,65,483,17,6,152,34,40,63,12,10,64,69,31,31,35,36,13,7,16,34,12,24,23,99,7,6158,201,1
nwsapi_2_2_22,634fe3bc4970b25a2ad63ac5a01c4bccc73bd6fd,0,nan,nan,3,5,1,1,7,4,1,2,0,2,0,2,0,1,5,207,3,0,0,2,1,1,0,1,42,1807,2,2,2,0,72,15,0,0,0,0,0,0,5,0,0,0,0,0,0,114,30,24,28,65,483,17,6,152,34,40,63,12,10,64,69,31,31,35,36,13,7,16,34,12,24,23,99,7,6158,201,1
nwsapi_2_2_23,634fe3bc4970b25a2ad63ac5a01c4bccc73bd6fd,0,nan,nan,3,5,1,1,7,4,1,2,0,2,0,2,0,1,5,207,3,0,0,2,1,1,0,1,42,1807,2,2,2,0,72,15,0,0,0,0,0,0,5,0,0,0,0,0,0,114,30,24,28,65,483,17,6,152,34,40,63,12,10,64,69,31,31,35,36,13,7,16,34,12,24,23,99,7,6158,201,1
nwsapi_2_2_24,634fe3bc4970b25a2ad63ac5a01c4bccc73bd6fd,0,nan,nan,3,5,1,1,7,4,1,2,0,2,0,2,0,1,5,207,3,0,0,2,1,1,0,1,42,1807,2,2,2,0,72,15,0,0,0,0,0,0,5,0,0,0,0,0,0,114,30,24,28,65,483,17,6,152,34,40,63,12,10,64,69,31,31,35,36,13,7,16,34,12,24,23,99,7,6158,201,1
nwsapi_2_2_25,634fe3bc4970b25a2ad63ac5a01c4bccc73bd6fd,0,nan,nan,3,5,1,1,7,4,1,2,0,2,0,2,0,1,5,207,3,0,0,2,1,1,0,1,42,1807,2,2,2,0,72,15,0,0,0,0,0,0,5,0,0,0,0,0,0,114,30,24,28,65,483,17,6,152,34,40,63,12,10,64,69,31,31,35,36,13,7,16,34,12,24,23,99,7,6158,201,1
nwsapi_2_2_26,634fe3bc4970b25a2ad63ac5a01c4bccc73bd6fd,0,nan,nan,3,5,1,1,7,4,1,2,0,2,0,2,0,1,5,207,3,0,0,2,1,1,0,1,42,1807,2,2,2,0,72,15,0,0,0,0,0,0,5,0,0,0,0,0,0,114,30,24,28,65,483,17,6,152,34,40,63,12,10,64,69,31,31,35,36,13,7,16,34,12,24,23,99,7,6158,201,1
nwsapi_2_2_27,634fe3bc4970b25a2ad63ac5a01c4bccc73bd6fd,0,nan,nan,3,5,1,1,7,4,1,2,0,2,0,2,0,1,5,207,3,0,0,2,1,1,0,1,42,1807,2,2,2,0,72,15,0,0,0,0,0,0,5,0,0,0,0,0,0,114,30,24,28,65,483,17,6,152,34,40,63,12,10,64,69,31,31,35,36,13,7,16,34,12,24,23,99,7,6158,201,1
nwsapi_2_2_21,a03b3661df39a862c92e38e6ae63cff217e9d5df,0,16536.375,197595136.0,2,2,2,2,0,0,0,0,0,0,0,0,0,0,0,251,0,0,0,1,0,0,0,0,0,1849,0,0,1,0,50,0,0,0,0,0,0,0,0,0,0,0,0,0,0,108,31,18,21,62,519,19,9,152,39,42,82,15,7,63,83,40,40,30,29,11,7,11,26,11,31,32,99,5,6493,7,0
nwsapi_2_2_22,a03b3661df39a862c92e38e6ae63cff217e9d5df,0,17453.125,196978688.0,2,2,2,2,0,0,0,0,0,0,0,0,0,0,0,251,0,0,0,1,0,0,0,0,0,1849,0,0,1,0,50,0,0,0,0,0,0,0,0,0,0,0,0,0,0,108,31,18,21,62,519,19,9,152,39,42,82,15,7,63,83,40,40,30,29,11,7,11,26,11,31,32,99,5,6493,7,0
nwsapi_2_2_23,a03b3661df39a862c92e38e6ae63cff217e9d5df,0,16755.1875,197384192.0,2,2,2,2,0,0,0,0,0,0,0,0,0,0,0,251,0,0,0,1,0,0,0,0,0,1849,0,0,1,0,50,0,0,0,0,0,0,0,0,0,0,0,0,0,0,108,31,18,21,62,519,19,9,152,39,42,82,15,7,63,83,40,40,30,29,11,7,11,26,11,31,32,99,5,6493,7,0
nwsapi_2_2_24,a03b3661df39a862c92e38e6ae63cff217e9d5df,0,16796.9375,197089280.0,2,2,2,2,0,0,0,0,0,0,0,0,0,0,0,251,0,0,0,1,0,0,0,0,0,1849,0,0,1,0,50,0,0,0,0,0,0,0,0,0,0,0,0,0,0,108,31,18,21,62,519,19,9,152,39,42,82,15,7,63,83,40,40,30,29,11,7,11,26,11,31,32,99,5,6493,7,0
nwsapi_2_2_25,a03b3661df39a862c92e38e6ae63cff217e9d5df,0,20000.125,197302272.0,2,2,2,2,0,0,0,0,0,0,0,0,0,0,0,251,0,0,0,1,0,0,0,0,0,1849,0,0,1,0,50,0,0,0,0,0,0,0,0,0,0,0,0,0,0,108,31,18,21,62,519,19,9,152,39,42,82,15,7,63,83,40,40,30,29,11,7,11,26,11,31,32,99,5,6493,7,0
nwsapi_2_2_26,a03b3661df39a862c92e38e6ae63cff217e9d5df,0,17922.0,196943872.0,2,2,2,2,0,0,0,0,0,0,0,0,0,0,0,251,0,0,0,1,0,0,0,0,0,1849,0,0,1,0,50,0,0,0,0,0,0,0,0,0,0,0,0,0,0,108,31,18,21,62,519,19,9,152,39,42,82,15,7,63,83,40,40,30,29,11,7,11,26,11,31,32,99,5,6493,7,0
nwsapi_2_2_27,a03b3661df39a862c92e38e6ae63cff217e9d5df,0,17299.4375,197570560.0,2,2,2,2,0,0,0,0,0,0,0,0,0,0,0,251,0,0,0,1,0,0,0,0,0,1849,0,0,1,0,50,0,0,0,0,0,0,0,0,0,0,0,0,0,0,108,31,18,21,62,519,19,9,152,39,42,82,15,7,63,83,40,40,30,29,11,7,11,26,11,31,32,99,5,6493,7,0
nwsapi_2_2_21,4c87179cd4bee94cbb65b7c0bd6bee4bbb5349b6,0,59941.7,199088537.6,1,1,0,0,1,1,0,0,0,1,0,1,0,0,0,225,0,0,0,0,0,0,0,0,0,1915,0,0,0,0,77,0,0,0,0,0,0,0,0,0,0,0,0,0,0,113,34,20,21,56,464,17,9,152,39,45,83,16,10,55,55,26,38,35,25,7,8,10,31,13,31,29,99,7,6421,11,0
nwsapi_2_2_22,4c87179cd4bee94cbb65b7c0bd6bee4bbb5349b6,0,57721.5625,198416384.0,1,1,0,0,1,1,0,0,0,1,0,1,0,0,0,225,0,0,0,0,0,0,0,0,0,1915,0,0,0,0,77,0,0,0,0,0,0,0,0,0,0,0,0,0,0,113,34,20,21,56,464,17,9,152,39,45,83,16,10,55,55,26,38,35,25,7,8,10,31,13,31,29,99,7,6421,11,0
nwsapi_2_2_23,4c87179cd4bee94cbb65b7c0bd6bee4bbb5349b6,0,60804.6875,198569984.0,1,1,0,0,1,1,0,0,0,1,0,1,0,0,0,225,0,0,0,0,0,0,0,0,0,1915,0,0,0,0,77,0,0,0,0,0,0,0,0,0,0,0,0,0,0,113,34,20,21,56,464,17,9,152,39,45,83,16,10,55,55,26,38,35,25,7,8,10,31,13,31,29,99,7,6421,11,0
nwsapi_2_2_24,4c87179cd4bee94cbb65b7c0bd6bee4bbb5349b6,0,66348.875,198127616.0,1,1,0,0,1,1,0,0,0,1,0,1,0,0,0,225,0,0,0,0,0,0,0,0,0,1915,0,0,0,0,77,0,0,0,0,0,0,0,0,0,0,0,0,0,0,113,34,20,21,56,464,17,9,152,39,45,83,16,10,55,55,26,38,35,25,7,8,10,31,13,31,29,99,7,6421,11,0
nwsapi_2_2_25,4c87179cd4bee94cbb65b7c0bd6bee4bbb5349b6,0,65018.0,198620891.42857143,1,1,0,0,1,1,0,0,0,1,0,1,0,0,0,225,0,0,0,0,0,0,0,0,0,1915,0,0,0,0,77,0,0,0,0,0,0,0,0,0,0,0,0,0,0,113,34,20,21,56,464,17,9,152,39,45,83,16,10,55,55,26,38,35,25,7,8,10,31,13,31,29,99,7,6421,11,0
nwsapi_2_2_26,4c87179cd4bee94cbb65b7c0bd6bee4bbb5349b6,0,61173.666666666664,199797418.66666666,1,1,0,0,1,1,0,0,0,1,0,1,0,0,0,225,0,0,0,0,0,0,0,0,0,1915,0,0,0,0,77,0,0,0,0,0,0,0,0,0,0,0,0,0,0,113,34,20,21,56,464,17,9,152,39,45,83,16,10,55,55,26,38,35,25,7,8,10,31,13,31,29,99,7,6421,11,0
nwsapi_2_2_27,4c87179cd4bee94cbb65b7c0bd6bee4bbb5349b6,0,60929.1,199770112.0,1,1,0,0,1,1,0,0,0,1,0,1,0,0,0,225,0,0,0,0,0,0,0,0,0,1915,0,0,0,0,77,0,0,0,0,0,0,0,0,0,0,0,0,0,0,113,34,20,21,56,464,17,9,152,39,45,83,16,10,55,55,26,38,35,25,7,8,10,31,13,31,29,99,7,6421,11,0
nwsapi_2_2_21,bce8f49ef3e18144bdcb0736490c7350e2ce646b,0,161604.0625,197621760.0,2,5,2,1,5,1,1,2,1,1,0,1,1,0,6,186,3,0,0,1,0,0,0,0,22,1745,2,3,1,0,71,12,0,0,0,0,0,0,5,0,0,0,0,0,0,115,23,12,32,65,548,22,13,163,40,35,53,20,8,62,52,24,33,37,22,7,5,10,44,14,31,32,99,7,6497,114,0
nwsapi_2_2_22,bce8f49ef3e18144bdcb0736490c7350e2ce646b,0,151381.66666666666,196613461.33333334,2,5,2,1,5,1,1,2,1,1,0,1,1,0,6,186,3,0,0,1,0,0,0,0,22,1745,2,3,1,0,71,12,0,0,0,0,0,0,5,0,0,0,0,0,0,115,23,12,32,65,548,22,13,163,40,35,53,20,8,62,52,24,33,37,22,7,5,10,44,14,31,32,99,7,6497,114,0
nwsapi_2_2_23,bce8f49ef3e18144bdcb0736490c7350e2ce646b,0,157614.5,197961728.0,2,5,2,1,5,1,1,2,1,1,0,1,1,0,6,186,3,0,0,1,0,0,0,0,22,1745,2,3,1,0,71,12,0,0,0,0,0,0,5,0,0,0,0,0,0,115,23,12,32,65,548,22,13,163,40,35,53,20,8,62,52,24,33,37,22,7,5,10,44,14,31,32,99,7,6497,114,0
nwsapi_2_2_24,bce8f49ef3e18144bdcb0736490c7350e2ce646b,0,154965.16666666666,197804032.0,2,5,2,1,5,1,1,2,1,1,0,1,1,0,6,186,3,0,0,1,0,0,0,0,22,1745,2,3,1,0,71,12,0,0,0,0,0,0,5,0,0,0,0,0,0,115,23,12,32,65,548,22,13,163,40,35,53,20,8,62,52,24,33,37,22,7,5,10,44,14,31,32,99,7,6497,114,0
nwsapi_2_2_25,bce8f49ef3e18144bdcb0736490c7350e2ce646b,0,157937.5,197665938.2857143,2,5,2,1,5,1,1,2,1,1,0,1,1,0,6,186,3,0,0,1,0,0,0,0,22,1745,2,3,1,0,71,12,0,0,0,0,0,0,5,0,0,0,0,0,0,115,23,12,32,65,548,22,13,163,40,35,53,20,8,62,52,24,33,37,22,7,5,10,44,14,31,32,99,7,6497,114,0
nwsapi_2_2_26,bce8f49ef3e18144bdcb0736490c7350e2ce646b,0,154505.125,196882432.0,2,5,2,1,5,1,1,2,1,1,0,1,1,0,6,186,3,0,0,1,0,0,0,0,22,1745,2,3,1,0,71,12,0,0,0,0,0,0,5,0,0,0,0,0,0,115,23,12,32,65,548,22,13,163,40,35,53,20,8,62,52,24,33,37,22,7,5,10,44,14,31,32,99,7,6497,114,0
nwsapi_2_2_27,bce8f49ef3e18144bdcb0736490c7350e2ce646b,0,160877.625,198555648.0,2,5,2,1,5,1,1,2,1,1,0,1,1,0,6,186,3,0,0,1,0,0,0,0,22,1745,2,3,1,0,71,12,0,0,0,0,0,0,5,0,0,0,0,0,0,115,23,12,32,65,548,22,13,163,40,35,53,20,8,62,52,24,33,37,22,7,5,10,44,14,31,32,99,7,6497,114,0
nwsapi_2_2_21,05caea1c984a72091378ef9cedf79bc99b3ff57c,0,76156.25,198830080.0,3,6,6,5,3,0,2,1,0,0,0,0,2,0,1,243,0,0,0,2,0,0,0,0,21,1688,0,3,2,0,60,11,0,0,0,0,0,0,7,0,0,0,0,0,0,102,28,26,38,78,604,16,8,151,40,45,83,21,11,65,71,30,38,29,36,13,13,10,24,17,13,26,99,6,6233,104,0
nwsapi_2_2_22,05caea1c984a72091378ef9cedf79bc99b3ff57c,0,72257.0,199835648.0,3,6,6,5,3,0,2,1,0,0,0,0,2,0,1,243,0,0,0,2,0,0,0,0,21,1688,0,3,2,0,60,11,0,0,0,0,0,0,7,0,0,0,0,0,0,102,28,26,38,78,604,16,8,151,40,45,83,21,11,65,71,30,38,29,36,13,13,10,24,17,13,26,99,6,6233,104,0
nwsapi_2_2_23,05caea1c984a72091378ef9cedf79bc99b3ff57c,0,71131.83333333333,198208170.66666666,3,6,6,5,3,0,2,1,0,0,0,0,2,0,1,243,0,0,0,2,0,0,0,0,21,1688,0,3,2,0,60,11,0,0,0,0,0,0,7,0,0,0,0,0,0,102,28,26,38,78,604,16,8,151,40,45,83,21,11,65,71,30,38,29,36,13,13,10,24,17,13,26,99,6,6233,104,0
nwsapi_2_2_24,05caea1c984a72091378ef9cedf79bc99b3ff57c,0,73708.16666666667,198803456.0,3,6,6,5,3,0,2,1,0,0,0,0,2,0,1,243,0,0,0,2,0,0,0,0,21,1688,0,3,2,0,60,11,0,0,0,0,0,0,7,0,0,0,0,0,0,102,28,26,38,78,604,16,8,151,40,45,83,21,11,65,71,30,38,29,36,13,13,10,24,17,13,26,99,6,6233,104,0
nwsapi_2_2_25,05caea1c984a72091378ef9cedf79bc99b3ff57c,0,80132.6875,197693440.0,3,6,6,5,3,0,2,1,0,0,0,0,2,0,1,243,0,0,0,2,0,0,0,0,21,1688,0,3,2,0,60,11,0,0,0,0,0,0,7,0,0,0,0,0,0,102,28,26,38,78,604,16,8,151,40,45,83,21,11,65,71,30,38,29,36,13,13,10,24,17,13,26,99,6,6233,104,0
nwsapi_2_2_26,05caea1c984a72091378ef9cedf79bc99b3ff57c,0,82341.0625,197660672.0,3,6,6,5,3,0,2,1,0,0,0,0,2,0,1,243,0,0,0,2,0,0,0,0,21,1688,0,3,2,0,60,11,0,0,0,0,0,0,7,0,0,0,0,0,0,102,28,26,38,78,604,16,8,151,40,45,83,21,11,65,71,30,38,29,36,13,13,10,24,17,13,26,99,6,6233,104,0
nwsapi_2_2_27,05caea1c984a72091378ef9cedf79bc99b3ff57c,0,76410.0,198492160.0,3,6,6,5,3,0,2,1,0,0,0,0,2,0,1,243,0,0,0,2,0,0,0,0,21,1688,0,3,2,0,60,11,0,0,0,0,0,0,7,0,0,0,0,0,0,102,28,26,38,78,604,16,8,151,40,45,83,21,11,65,71,30,38,29,36,13,13,10,24,17,13,26,99,6,6233,104,0
nwsapi_2_2_21,83e758197020f51e353b421a9f65c17ebbfbdd6f,0,33466.9,197994086.4,2,4,3,1,5,0,4,0,1,0,0,0,2,2,1,250,0,0,2,1,2,2,0,0,2,1785,0,2,1,0,51,2,1,0,1,0,0,0,0,1,0,0,0,0,0,100,32,12,60,62,522,18,9,160,37,37,79,23,9,66,93,50,32,29,28,14,7,7,34,14,0,25,99,9,6190,81,1
nwsapi_2_2_22,83e758197020f51e353b421a9f65c17ebbfbdd6f,0,32791.5,197427200.0,2,4,3,1,5,0,4,0,1,0,0,0,2,2,1,250,0,0,2,1,2,2,0,0,2,1785,0,2,1,0,51,2,1,0,1,0,0,0,0,1,0,0,0,0,0,100,32,12,60,62,522,18,9,160,37,37,79,23,9,66,93,50,32,29,28,14,7,7,34,14,0,25,99,9,6190,81,1
nwsapi_2_2_23,83e758197020f51e353b421a9f65c17ebbfbdd6f,0,35497.375,196648960.0,2,4,3,1,5,0,4,0,1,0,0,0,2,2,1,250,0,0,2,1,2,2,0,0,2,1785,0,2,1,0,51,2,1,0,1,0,0,0,0,1,0,0,0,0,0,100,32,12,60,62,522,18,9,160,37,37,79,23,9,66,93,50,32,29,28,14,7,7,34,14,0,25,99,9,6190,81,1
nwsapi_2_2_24,83e758197020f51e353b421a9f65c17ebbfbdd6f,0,33940.1875,197881856.0,2,4,3,1,5,0,4,0,1,0,0,0,2,2,1,250,0,0,2,1,2,2,0,0,2,1785,0,2,1,0,51,2,1,0,1,0,0,0,0,1,0,0,0,0,0,100,32,12,60,62,522,18,9,160,37,37,79,23,9,66,93,50,32,29,28,14,7,7,34,14,0,25,99,9,6190,81,1
nwsapi_2_2_25,83e758197020f51e353b421a9f65c17ebbfbdd6f,0,32860.833333333336,197438122.66666666,2,4,3,1,5,0,4,0,1,0,0,0,2,2,1,250,0,0,2,1,2,2,0,0,2,1785,0,2,1,0,51,2,1,0,1,0,0,0,0,1,0,0,0,0,0,100,32,12,60,62,522,18,9,160,37,37,79,23,9,66,93,50,32,29,28,14,7,7,34,14,0,25,99,9,6190,81,1
nwsapi_2_2_26,83e758197020f51e353b421a9f65c17ebbfbdd6f,0,34338.5,197482496.0,2,4,3,1,5,0,4,0,1,0,0,0,2,2,1,250,0,0,2,1,2,2,0,0,2,1785,0,2,1,0,51,2,1,0,1,0,0,0,0,1,0,0,0,0,0,100,32,12,60,62,522,18,9,160,37,37,79,23,9,66,93,50,32,29,28,14,7,7,34,14,0,25,99,9,6190,81,1
nwsapi_2_2_27,83e758197020f51e353b421a9f65c17ebbfbdd6f,0,33208.25,197107712.0,2,4,3,1,5,0,4,0,1,0,0,0,2,2,1,250,0,0,2,1,2,2,0,0,2,1785,0,2,1,0,51,2,1,0,1,0,0,0,0,1,0,0,0,0,0,100,32,12,60,62,522,18,9,160,37,37,79,23,9,66,93,50,32,29,28,14,7,7,34,14,0,25,99,9,6190,81,1
nwsapi_2_2_21,4a3086b439e48086f0131b7aa7fd19e7874b8b91,0,43419.25,196902912.0,1,2,2,0,0,0,0,0,0,0,0,0,0,0,0,200,0,0,0,0,0,0,0,0,0,1918,0,1,0,0,68,0,0,0,0,0,0,0,0,0,0,0,0,0,0,100,27,9,61,38,360,22,10,161,29,27,51,18,13,31,71,39,36,34,22,6,7,9,38,0,0,34,99,8,6076,4,0
nwsapi_2_2_22,4a3086b439e48086f0131b7aa7fd19e7874b8b91,0,43726.625,197351424.0,1,2,2,0,0,0,0,0,0,0,0,0,0,0,0,200,0,0,0,0,0,0,0,0,0,1918,0,1,0,0,68,0,0,0,0,0,0,0,0,0,0,0,0,0,0,100,27,9,61,38,360,22,10,161,29,27,51,18,13,31,71,39,36,34,22,6,7,9,38,0,0,34,99,8,6076,4,0
nwsapi_2_2_23,4a3086b439e48086f0131b7aa7fd19e7874b8b91,0,45255.1875,197797888.0,1,2,2,0,0,0,0,0,0,0,0,0,0,0,0,200,0,0,0,0,0,0,0,0,0,1918,0,1,0,0,68,0,0,0,0,0,0,0,0,0,0,0,0,0,0,100,27,9,61,38,360,22,10,161,29,27,51,18,13,31,71,39,36,34,22,6,7,9,38,0,0,34,99,8,6076,4,0
nwsapi_2_2_24,4a3086b439e48086f0131b7aa7fd19e7874b8b91,0,40619.07142857143,197668278.85714287,1,2,2,0,0,0,0,0,0,0,0,0,0,0,0,200,0,0,0,0,0,0,0,0,0,1918,0,1,0,0,68,0,0,0,0,0,0,0,0,0,0,0,0,0,0,100,27,9,61,38,360,22,10,161,29,27,51,18,13,31,71,39,36,34,22,6,7,9,38,0,0,34,99,8,6076,4,0
nwsapi_2_2_25,4a3086b439e48086f0131b7aa7fd19e7874b8b91,0,42305.75,197271552.0,1,2,2,0,0,0,0,0,0,0,0,0,0,0,0,200,0,0,0,0,0,0,0,0,0,1918,0,1,0,0,68,0,0,0,0,0,0,0,0,0,0,0,0,0,0,100,27,9,61,38,360,22,10,161,29,27,51,18,13,31,71,39,36,34,22,6,7,9,38,0,0,34,99,8,6076,4,0
nwsapi_2_2_26,4a3086b439e48086f0131b7aa7fd19e7874b8b91,0,42062.5,197492736.0,1,2,2,0,0,0,0,0,0,0,0,0,0,0,0,200,0,0,0,0,0,0,0,0,0,1918,0,1,0,0,68,0,0,0,0,0,0,0,0,0,0,0,0,0,0,100,27,9,61,38,360,22,10,161,29,27,51,18,13,31,71,39,36,34,22,6,7,9,38,0,0,34,99,8,6076,4,0
nwsapi_2_2_27,4a3086b439e48086f0131b7aa7fd19e7874b8b91,0,42341.25,197128192.0,1,2,2,0,0,0,0,0,0,0,0,0,0,0,0,200,0,0,0,0,0,0,0,0,0,1918,0,1,0,0,68,0,0,0,0,0,0,0,0,0,0,0,0,0,0,100,27,9,61,38,360,22,10,161,29,27,51,18,13,31,71,39,36,34,22,6,7,9,38,0,0,34,99,8,6076,4,0
nwsapi_2_2_21,01f05a2709a4b64d71271a6d54dd852d69a873dd,0,3794.714285714286,197541888.0,1,1,1,0,1,0,0,0,1,0,0,0,0,0,1,207,0,0,0,0,0,0,0,0,1,1828,0,0,0,0,65,0,0,0,0,0,0,0,0,0,0,0,0,0,0,100,20,23,60,70,509,22,11,160,39,35,52,19,7,82,80,40,29,33,41,12,10,19,28,23,0,30,99,8,6617,3,0
nwsapi_2_2_22,01f05a2709a4b64d71271a6d54dd852d69a873dd,0,4041.5,197531648.0,1,1,1,0,1,0,0,0,1,0,0,0,0,0,1,207,0,0,0,0,0,0,0,0,1,1828,0,0,0,0,65,0,0,0,0,0,0,0,0,0,0,0,0,0,0,100,20,23,60,70,509,22,11,160,39,35,52,19,7,82,80,40,29,33,41,12,10,19,28,23,0,30,99,8,6617,3,0
nwsapi_2_2_23,01f05a2709a4b64d71271a6d54dd852d69a873dd,0,3736.875,196904960.0,1,1,1,0,1,0,0,0,1,0,0,0,0,0,1,207,0,0,0,0,0,0,0,0,1,1828,0,0,0,0,65,0,0,0,0,0,0,0,0,0,0,0,0,0,0,100,20,23,60,70,509,22,11,160,39,35,52,19,7,82,80,40,29,33,41,12,10,19,28,23,0,30,99,8,6617,3,0
nwsapi_2_2_24,01f05a2709a4b64d71271a6d54dd852d69a873dd,0,3859.25,196925440.0,1,1,1,0,1,0,0,0,1,0,0,0,0,0,1,207,0,0,0,0,0,0,0,0,1,1828,0,0,0,0,65,0,0,0,0,0,0,0,0,0,0,0,0,0,0,100,20,23,60,70,509,22,11,160,39,35,52,19,7,82,80,40,29,33,41,12,10,19,28,23,0,30,99,8,6617,3,0
nwsapi_2_2_25,01f05a2709a4b64d71271a6d54dd852d69a873dd,0,4057.0625,196483072.0,1,1,1,0,1,0,0,0,1,0,0,0,0,0,1,207,0,0,0,0,0,0,0,0,1,1828,0,0,0,0,65,0,0,0,0,0,0,0,0,0,0,0,0,0,0,100,20,23,60,70,509,22,11,160,39,35,52,19,7,82,80,40,29,33,41,12,10,19,28,23,0,30,99,8,6617,3,0
nwsapi_2_2_26,01f05a2709a4b64d71271a6d54dd852d69a873dd,0,4253.583333333333,198213632.0,1,1,1,0,1,0,0,0,1,0,0,0,0,0,1,207,0,0,0,0,0,0,0,0,1,1828,0,0,0,0,65,0,0,0,0,0,0,0,0,0,0,0,0,0,0,100,20,23,60,70,509,22,11,160,39,35,52,19,7,82,80,40,29,33,41,12,10,19,28,23,0,30,99,8,6617,3,0
nwsapi_2_2_27,01f05a2709a4b64d71271a6d54dd852d69a873dd,0,4210.9375,196139008.0,1,1,1,0,1,0,0,0,1,0,0,0,0,0,1,207,0,0,0,0,0,0,0,0,1,1828,0,0,0,0,65,0,0,0,0,0,0,0,0,0,0,0,0,0,0,100,20,23,60,70,509,22,11,160,39,35,52,19,7,82,80,40,29,33,41,12,10,19,28,23,0,30,99,8,6617,3,0
nwsapi_2_2_21,bfc3237cd66618d15c179bd4729d6cd0764de116,0,87072.8125,199718912.0,2,2,2,1,0,0,0,0,0,0,0,0,0,0,0,236,0,0,0,1,0,0,0,0,0,1791,0,0,1,0,66,0,0,0,0,0,0,0,0,0,0,0,0,0,0,100,30,22,53,66,571,17,8,153,34,46,92,21,8,63,56,20,46,36,33,14,12,7,20,15,0,32,99,8,6491,7,0
nwsapi_2_2_22,bfc3237cd66618d15c179bd4729d6cd0764de116,0,82812.75,199151616.0,2,2,2,1,0,0,0,0,0,0,0,0,0,0,0,236,0,0,0,1,0,0,0,0,0,1791,0,0,1,0,66,0,0,0,0,0,0,0,0,0,0,0,0,0,0,100,30,22,53,66,571,17,8,153,34,46,92,21,8,63,56,20,46,36,33,14,12,7,20,15,0,32,99,8,6491,7,0
nwsapi_2_2_23,bfc3237cd66618d15c179bd4729d6cd0764de116,0,85549.5625,200204288.0,2,2,2,1,0,0,0,0,0,0,0,0,0,0,0,236,0,0,0,1,0,0,0,0,0,1791,0,0,1,0,66,0,0,0,0,0,0,0,0,0,0,0,0,0,0,100,30,22,53,66,571,17,8,153,34,46,92,21,8,63,56,20,46,36,33,14,12,7,20,15,0,32,99,8,6491,7,0
nwsapi_2_2_24,bfc3237cd66618d15c179bd4729d6cd0764de116,0,82872.07142857143,198553014.85714287,2,2,2,1,0,0,0,0,0,0,0,0,0,0,0,236,0,0,0,1,0,0,0,0,0,1791,0,0,1,0,66,0,0,0,0,0,0,0,0,0,0,0,0,0,0,100,30,22,53,66,571,17,8,153,34,46,92,21,8,63,56,20,46,36,33,14,12,7,20,15,0,32,99,8,6491,7,0
nwsapi_2_2_25,bfc3237cd66618d15c179bd4729d6cd0764de116,0,84652.5,200906069.33333334,2,2,2,1,0,0,0,0,0,0,0,0,0,0,0,236,0,0,0,1,0,0,0,0,0,1791,0,0,1,0,66,0,0,0,0,0,0,0,0,0,0,0,0,0,0,100,30,22,53,66,571,17,8,153,34,46,92,21,8,63,56,20,46,36,33,14,12,7,20,15,0,32,99,8,6491,7,0
nwsapi_2_2_26,bfc3237cd66618d15c179bd4729d6cd0764de116,0,84841.125,199974912.0,2,2,2,1,0,0,0,0,0,0,0,0,0,0,0,236,0,0,0,1,0,0,0,0,0,1791,0,0,1,0,66,0,0,0,0,0,0,0,0,0,0,0,0,0,0,100,30,22,53,66,571,17,8,153,34,46,92,21,8,63,56,20,46,36,33,14,12,7,20,15,0,32,99,8,6491,7,0
nwsapi_2_2_27,bfc3237cd66618d15c179bd4729d6cd0764de116,0,84323.08333333333,199270400.0,2,2,2,1,0,0,0,0,0,0,0,0,0,0,0,236,0,0,0,1,0,0,0,0,0,1791,0,0,1,0,66,0,0,0,0,0,0,0,0,0,0,0,0,0,0,100,30,22,53,66,571,17,8,153,34,46,92,21,8,63,56,20,46,36,33,14,12,7,20,15,0,32,99,8,6491,7,0
nwsapi_2_2_21,44cb4a8ec08f8404e85b0340cdf9b05047942eb5,0,20166.666666666668,196143786.66666666,2,4,4,1,3,2,0,0,1,2,1,2,0,0,5,230,0,4,0,1,0,0,0,0,23,1696,0,2,1,0,43,13,0,0,0,0,0,0,6,0,0,0,0,0,0,105,27,23,39,72,616,21,8,158,44,31,67,23,12,52,66,31,40,27,28,10,8,10,24,14,19,35,99,6,6297,111,0
nwsapi_2_2_22,44cb4a8ec08f8404e85b0340cdf9b05047942eb5,0,18189.875,198053888.0,2,4,4,1,3,2,0,0,1,2,1,2,0,0,5,230,0,4,0,1,0,0,0,0,23,1696,0,2,1,0,43,13,0,0,0,0,0,0,6,0,0,0,0,0,0,105,27,23,39,72,616,21,8,158,44,31,67,23,12,52,66,31,40,27,28,10,8,10,24,14,19,35,99,6,6297,111,0
nwsapi_2_2_23,44cb4a8ec08f8404e85b0340cdf9b05047942eb5,0,17398.785714285714,196390326.85714287,2,4,4,1,3,2,0,0,1,2,1,2,0,0,5,230,0,4,0,1,0,0,0,0,23,1696,0,2,1,0,43,13,0,0,0,0,0,0,6,0,0,0,0,0,0,105,27,23,39,72,616,21,8,158,44,31,67,23,12,52,66,31,40,27,28,10,8,10,24,14,19,35,99,6,6297,111,0
nwsapi_2_2_24,44cb4a8ec08f8404e85b0340cdf9b05047942eb5,0,17319.416666666668,196714496.0,2,4,4,1,3,2,0,0,1,2,1,2,0,0,5,230,0,4,0,1,0,0,0,0,23,1696,0,2,1,0,43,13,0,0,0,0,0,0,6,0,0,0,0,0,0,105,27,23,39,72,616,21,8,158,44,31,67,23,12,52,66,31,40,27,28,10,8,10,24,14,19,35,99,6,6297,111,0
nwsapi_2_2_25,44cb4a8ec08f8404e85b0340cdf9b05047942eb5,0,16517.416666666668,196728149.33333334,2,4,4,1,3,2,0,0,1,2,1,2,0,0,5,230,0,4,0,1,0,0,0,0,23,1696,0,2,1,0,43,13,0,0,0,0,0,0,6,0,0,0,0,0,0,105,27,23,39,72,616,21,8,158,44,31,67,23,12,52,66,31,40,27,28,10,8,10,24,14,19,35,99,6,6297,111,0
nwsapi_2_2_26,44cb4a8ec08f8404e85b0340cdf9b05047942eb5,0,16762.9375,198301696.0,2,4,4,1,3,2,0,0,1,2,1,2,0,0,5,230,0,4,0,1,0,0,0,0,23,1696,0,2,1,0,43,13,0,0,0,0,0,0,6,0,0,0,0,0,0,105,27,23,39,72,616,21,8,158,44,31,67,23,12,52,66,31,40,27,28,10,8,10,24,14,19,35,99,6,6297,111,0
nwsapi_2_2_27,44cb4a8ec08f8404e85b0340cdf9b05047942eb5,0,17191.7,197781094.4,2,4,4,1,3,2,0,0,1,2,1,2,0,0,5,230,0,4,0,1,0,0,0,0,23,1696,0,2,1,0,43,13,0,0,0,0,0,0,6,0,0,0,0,0,0,105,27,23,39,72,616,21,8,158,44,31,67,23,12,52,66,31,40,27,28,10,8,10,24,14,19,35,99,6,6297,111,0
nwsapi_2_2_21,8b56f87040bf8b2d69d6cd702c8e68d7df0fd92b,0,40494.0,196430116.57142857,1,1,0,0,1,0,0,1,0,0,0,0,0,0,1,219,0,0,0,0,0,0,0,0,6,1727,0,0,0,0,52,3,0,0,0,0,0,0,2,0,0,0,0,0,0,102,28,22,53,72,642,18,5,162,38,37,70,21,13,55,61,32,37,29,35,14,12,9,25,13,9,35,99,11,6322,19,0
nwsapi_2_2_22,8b56f87040bf8b2d69d6cd702c8e68d7df0fd92b,0,41283.9375,197165056.0,1,1,0,0,1,0,0,1,0,0,0,0,0,0,1,219,0,0,0,0,0,0,0,0,6,1727,0,0,0,0,52,3,0,0,0,0,0,0,2,0,0,0,0,0,0,102,28,22,53,72,642,18,5,162,38,37,70,21,13,55,61,32,37,29,35,14,12,9,25,13,9,35,99,11,6322,19,0
nwsapi_2_2_23,8b56f87040bf8b2d69d6cd702c8e68d7df0fd92b,0,40804.75,197998592.0,1,1,0,0,1,0,0,1,0,0,0,0,0,0,1,219,0,0,0,0,0,0,0,0,6,1727,0,0,0,0,52,3,0,0,0,0,0,0,2,0,0,0,0,0,0,102,28,22,53,72,642,18,5,162,38,37,70,21,13,55,61,32,37,29,35,14,12,9,25,13,9,35,99,11,6322,19,0
nwsapi_2_2_24,8b56f87040bf8b2d69d6cd702c8e68d7df0fd92b,0,41080.28571428572,196902912.0,1,1,0,0,1,0,0,1,0,0,0,0,0,0,1,219,0,0,0,0,0,0,0,0,6,1727,0,0,0,0,52,3,0,0,0,0,0,0,2,0,0,0,0,0,0,102,28,22,53,72,642,18,5,162,38,37,70,21,13,55,61,32,37,29,35,14,12,9,25,13,9,35,99,11,6322,19,0
nwsapi_2_2_25,8b56f87040bf8b2d69d6cd702c8e68d7df0fd92b,0,43099.0625,197416960.0,1,1,0,0,1,0,0,1,0,0,0,0,0,0,1,219,0,0,0,0,0,0,0,0,6,1727,0,0,0,0,52,3,0,0,0,0,0,0,2,0,0,0,0,0,0,102,28,22,53,72,642,18,5,162,38,37,70,21,13,55,61,32,37,29,35,14,12,9,25,13,9,35,99,11,6322,19,0
nwsapi_2_2_26,8b56f87040bf8b2d69d6cd702c8e68d7df0fd92b,0,41260.375,197740544.0,1,1,0,0,1,0,0,1,0,0,0,0,0,0,1,219,0,0,0,0,0,0,0,0,6,1727,0,0,0,0,52,3,0,0,0,0,0,0,2,0,0,0,0,0,0,102,28,22,53,72,642,18,5,162,38,37,70,21,13,55,61,32,37,29,35,14,12,9,25,13,9,35,99,11,6322,19,0
nwsapi_2_2_27,8b56f87040bf8b2d69d6cd702c8e68d7df0fd92b,0,40901.0,197697536.0,1,1,0,0,1,0,0,1,0,0,0,0,0,0,1,219,0,0,0,0,0,0,0,0,6,1727,0,0,0,0,52,3,0,0,0,0,0,0,2,0,0,0,0,0,0,102,28,22,53,72,642,18,5,162,38,37,70,21,13,55,61,32,37,29,35,14,12,9,25,13,9,35,99,11,6322,19,0
nwsapi_2_2_21,5f597196f9262a970495f3f49c5fa38f39b5b312,0,9450.5,197580800.0,1,1,1,1,0,0,0,0,0,0,0,0,0,0,0,195,0,0,0,0,0,0,0,0,0,1782,0,0,0,0,57,0,0,0,0,0,0,0,0,0,0,0,0,0,0,100,27,21,62,68,601,23,12,162,42,36,56,16,8,63,57,31,32,32,40,10,19,11,28,13,0,28,99,6,6454,1,0
nwsapi_2_2_22,5f597196f9262a970495f3f49c5fa38f39b5b312,0,10023.4375,197836800.0,1,1,1,1,0,0,0,0,0,0,0,0,0,0,0,195,0,0,0,0,0,0,0,0,0,1782,0,0,0,0,57,0,0,0,0,0,0,0,0,0,0,0,0,0,0,100,27,21,62,68,601,23,12,162,42,36,56,16,8,63,57,31,32,32,40,10,19,11,28,13,0,28,99,6,6454,1,0
nwsapi_2_2_23,5f597196f9262a970495f3f49c5fa38f39b5b312,0,10184.9375,197423104.0,1,1,1,1,0,0,0,0,0,0,0,0,0,0,0,195,0,0,0,0,0,0,0,0,0,1782,0,0,0,0,57,0,0,0,0,0,0,0,0,0,0,0,0,0,0,100,27,21,62,68,601,23,12,162,42,36,56,16,8,63,57,31,32,32,40,10,19,11,28,13,0,28,99,6,6454,1,0
nwsapi_2_2_24,5f597196f9262a970495f3f49c5fa38f39b5b312,0,8721.375,196501504.0,1,1,1,1,0,0,0,0,0,0,0,0,0,0,0,195,0,0,0,0,0,0,0,0,0,1782,0,0,0,0,57,0,0,0,0,0,0,0,0,0,0,0,0,0,0,100,27,21,62,68,601,23,12,162,42,36,56,16,8,63,57,31,32,32,40,10,19,11,28,13,0,28,99,6,6454,1,0
nwsapi_2_2_25,5f597196f9262a970495f3f49c5fa38f39b5b312,0,10330.6875,197535744.0,1,1,1,1,0,0,0,0,0,0,0,0,0,0,0,195,0,0,0,0,0,0,0,0,0,1782,0,0,0,0,57,0,0,0,0,0,0,0,0,0,0,0,0,0,0,100,27,21,62,68,601,23,12,162,42,36,56,16,8,63,57,31,32,32,40,10,19,11,28,13,0,28,99,6,6454,1,0
nwsapi_2_2_26,5f597196f9262a970495f3f49c5fa38f39b5b312,0,11143.1875,196612096.0,1,1,1,1,0,0,0,0,0,0,0,0,0,0,0,195,0,0,0,0,0,0,0,0,0,1782,0,0,0,0,57,0,0,0,0,0,0,0,0,0,0,0,0,0,0,100,27,21,62,68,601,23,12,162,42,36,56,16,8,63,57,31,32,32,40,10,19,11,28,13,0,28,99,6,6454,1,0
nwsapi_2_2_27,5f597196f9262a970495f3f49c5fa38f39b5b312,0,10877.6875,197978112.0,1,1,1,1,0,0,0,0,0,0,0,0,0,0,0,195,0,0,0,0,0,0,0,0,0,1782,0,0,0,0,57,0,0,0,0,0,0,0,0,0,0,0,0,0,0,100,27,21,62,68,601,23,12,162,42,36,56,16,8,63,57,31,32,32,40,10,19,11,28,13,0,28,99,6,6454,1,0
nwsapi_2_2_21,c143a68c3a4df7145c970f805733ba63a54f78d9,0,37820.9,196571955.2,1,1,0,0,1,0,0,1,0,0,0,0,0,0,1,227,0,0,0,0,0,0,0,0,1,1697,0,0,0,0,61,0,0,0,0,0,0,0,0,0,0,0,0,0,0,111,26,21,10,80,728,16,7,145,44,41,61,18,7,61,82,54,33,27,24,10,8,6,26,24,35,35,99,6,6337,2,0
nwsapi_2_2_22,c143a68c3a4df7145c970f805733ba63a54f78d9,0,37104.166666666664,197891413.33333334,1,1,0,0,1,0,0,1,0,0,0,0,0,0,1,227,0,0,0,0,0,0,0,0,1,1697,0,0,0,0,61,0,0,0,0,0,0,0,0,0,0,0,0,0,0,111,26,21,10,80,728,16,7,145,44,41,61,18,7,61,82,54,33,27,24,10,8,6,26,24,35,35,99,6,6337,2,0
nwsapi_2_2_23,c143a68c3a4df7145c970f805733ba63a54f78d9,0,38033.8125,197396480.0,1,1,0,0,1,0,0,1,0,0,0,0,0,0,1,227,0,0,0,0,0,0,0,0,1,1697,0,0,0,0,61,0,0,0,0,0,0,0,0,0,0,0,0,0,0,111,26,21,10,80,728,16,7,145,44,41,61,18,7,61,82,54,33,27,24,10,8,6,26,24,35,35,99,6,6337,2,0
nwsapi_2_2_24,c143a68c3a4df7145c970f805733ba63a54f78d9,0,38723.9375,197076992.0,1,1,0,0,1,0,0,1,0,0,0,0,0,0,1,227,0,0,0,0,0,0,0,0,1,1697,0,0,0,0,61,0,0,0,0,0,0,0,0,0,0,0,0,0,0,111,26,21,10,80,728,16,7,145,44,41,61,18,7,61,82,54,33,27,24,10,8,6,26,24,35,35,99,6,6337,2,0
nwsapi_2_2_25,c143a68c3a4df7145c970f805733ba63a54f78d9,0,38052.25,196452352.0,1,1,0,0,1,0,0,1,0,0,0,0,0,0,1,227,0,0,0,0,0,0,0,0,1,1697,0,0,0,0,61,0,0,0,0,0,0,0,0,0,0,0,0,0,0,111,26,21,10,80,728,16,7,145,44,41,61,18,7,61,82,54,33,27,24,10,8,6,26,24,35,35,99,6,6337,2,0
nwsapi_2_2_26,c143a68c3a4df7145c970f805733ba63a54f78d9,0,38493.92857142857,196874825.14285713,1,1,0,0,1,0,0,1,0,0,0,0,0,0,1,227,0,0,0,0,0,0,0,0,1,1697,0,0,0,0,61,0,0,0,0,0,0,0,0,0,0,0,0,0,0,111,26,21,10,80,728,16,7,145,44,41,61,18,7,61,82,54,33,27,24,10,8,6,26,24,35,35,99,6,6337,2,0
nwsapi_2_2_27,c143a68c3a4df7145c970f805733ba63a54f78d9,0,36909.666666666664,197214208.0,1,1,0,0,1,0,0,1,0,0,0,0,0,0,1,227,0,0,0,0,0,0,0,0,1,1697,0,0,0,0,61,0,0,0,0,0,0,0,0,0,0,0,0,0,0,111,26,21,10,80,728,16,7,145,44,41,61,18,7,61,82,54,33,27,24,10,8,6,26,24,35,35,99,6,6337,2,0
nwsapi_2_2_21,93cda0ec5f7bcbbf472283a6904f6bc10b824eeb,0,6703.125,196706304.0,2,8,7,4,8,3,0,3,2,1,1,1,0,0,8,197,0,3,0,1,0,0,0,0,66,1927,0,6,1,0,72,31,0,0,0,0,0,0,20,0,0,0,0,0,0,108,38,4,33,36,319,17,11,153,24,25,54,19,10,35,77,38,32,31,13,3,5,5,37,3,20,29,99,9,5686,276,0
nwsapi_2_2_22,93cda0ec5f7bcbbf472283a6904f6bc10b824eeb,0,5801.8125,196853760.0,2,8,7,4,8,3,0,3,2,1,1,1,0,0,8,197,0,3,0,1,0,0,0,0,66,1927,0,6,1,0,72,31,0,0,0,0,0,0,20,0,0,0,0,0,0,108,38,4,33,36,319,17,11,153,24,25,54,19,10,35,77,38,32,31,13,3,5,5,37,3,20,29,99,9,5686,276,0
nwsapi_2_2_23,93cda0ec5f7bcbbf472283a6904f6bc10b824eeb,0,5992.25,197652480.0,2,8,7,4,8,3,0,3,2,1,1,1,0,0,8,197,0,3,0,1,0,0,0,0,66,1927,0,6,1,0,72,31,0,0,0,0,0,0,20,0,0,0,0,0,0,108,38,4,33,36,319,17,11,153,24,25,54,19,10,35,77,38,32,31,13,3,5,5,37,3,20,29,99,9,5686,276,0
nwsapi_2_2_24,93cda0ec5f7bcbbf472283a6904f6bc10b824eeb,0,6101.5,196864000.0,2,8,7,4,8,3,0,3,2,1,1,1,0,0,8,197,0,3,0,1,0,0,0,0,66,1927,0,6,1,0,72,31,0,0,0,0,0,0,20,0,0,0,0,0,0,108,38,4,33,36,319,17,11,153,24,25,54,19,10,35,77,38,32,31,13,3,5,5,37,3,20,29,99,9,5686,276,0
nwsapi_2_2_25,93cda0ec5f7bcbbf472283a6904f6bc10b824eeb,0,6038.083333333333,197241514.66666666,2,8,7,4,8,3,0,3,2,1,1,1,0,0,8,197,0,3,0,1,0,0,0,0,66,1927,0,6,1,0,72,31,0,0,0,0,0,0,20,0,0,0,0,0,0,108,38,4,33,36,319,17,11,153,24,25,54,19,10,35,77,38,32,31,13,3,5,5,37,3,20,29,99,9,5686,276,0
nwsapi_2_2_26,93cda0ec5f7bcbbf472283a6904f6bc10b824eeb,0,6243.083333333333,196449621.33333334,2,8,7,4,8,3,0,3,2,1,1,1,0,0,8,197,0,3,0,1,0,0,0,0,66,1927,0,6,1,0,72,31,0,0,0,0,0,0,20,0,0,0,0,0,0,108,38,4,33,36,319,17,11,153,24,25,54,19,10,35,77,38,32,31,13,3,5,5,37,3,20,29,99,9,5686,276,0
nwsapi_2_2_27,93cda0ec5f7bcbbf472283a6904f6bc10b824eeb,0,6536.375,197734400.0,2,8,7,4,8,3,0,3,2,1,1,1,0,0,8,197,0,3,0,1,0,0,0,0,66,1927,0,6,1,0,72,31,0,0,0,0,0,0,20,0,0,0,0,0,0,108,38,4,33,36,319,17,11,153,24,25,54,19,10,35,77,38,32,31,13,3,5,5,37,3,20,29,99,9,5686,276,0
nwsapi_2_2_21,ec8aa30c3b4c4f380ce3915c7a0c2cb199284fb3,0,1198208.3125,200284160.0,4,6,5,2,4,1,1,1,1,0,0,0,0,1,2,231,0,0,1,3,1,1,0,0,2,1823,0,2,3,0,71,2,1,0,3,0,0,0,1,0,0,0,0,0,0,100,35,24,47,68,540,15,9,147,39,39,66,19,12,65,77,36,36,35,30,12,11,7,27,15,0,21,99,6,6188,59,1
nwsapi_2_2_22,ec8aa30c3b4c4f380ce3915c7a0c2cb199284fb3,0,1167692.75,200708096.0,4,6,5,2,4,1,1,1,1,0,0,0,0,1,2,231,0,0,1,3,1,1,0,0,2,1823,0,2,3,0,71,2,1,0,3,0,0,0,1,0,0,0,0,0,0,100,35,24,47,68,540,15,9,147,39,39,66,19,12,65,77,36,36,35,30,12,11,7,27,15,0,21,99,6,6188,59,1
nwsapi_2_2_23,ec8aa30c3b4c4f380ce3915c7a0c2cb199284fb3,0,1207906.375,201674752.0,4,6,5,2,4,1,1,1,1,0,0,0,0,1,2,231,0,0,1,3,1,1,0,0,2,1823,0,2,3,0,71,2,1,0,3,0,0,0,1,0,0,0,0,0,0,100,35,24,47,68,540,15,9,147,39,39,66,19,12,65,77,36,36,35,30,12,11,7,27,15,0,21,99,6,6188,59,1
nwsapi_2_2_24,ec8aa30c3b4c4f380ce3915c7a0c2cb199284fb3,0,1198116.142857143,201562989.7142857,4,6,5,2,4,1,1,1,1,0,0,0,0,1,2,231,0,0,1,3,1,1,0,0,2,1823,0,2,3,0,71,2,1,0,3,0,0,0,1,0,0,0,0,0,0,100,35,24,47,68,540,15,9,147,39,39,66,19,12,65,77,36,36,35,30,12,11,7,27,15,0,21,99,6,6188,59,1
nwsapi_2_2_25,ec8aa30c3b4c4f380ce3915c7a0c2cb199284fb3,0,1189682.125,201146368.0,4,6,5,2,4,1,1,1,1,0,0,0,0,1,2,231,0,0,1,3,1,1,0,0,2,1823,0,2,3,0,71,2,1,0,3,0,0,0,1,0,0,0,0,0,0,100,35,24,47,68,540,15,9,147,39,39,66,19,12,65,77,36,36,35,30,12,11,7,27,15,0,21,99,6,6188,59,1
nwsapi_2_2_26,ec8aa30c3b4c4f380ce3915c7a0c2cb199284fb3,0,1245567.6875,201449472.0,4,6,5,2,4,1,1,1,1,0,0,0,0,1,2,231,0,0,1,3,1,1,0,0,2,1823,0,2,3,0,71,2,1,0,3,0,0,0,1,0,0,0,0,0,0,100,35,24,47,68,540,15,9,147,39,39,66,19,12,65,77,36,36,35,30,12,11,7,27,15,0,21,99,6,6188,59,1
nwsapi_2_2_27,ec8aa30c3b4c4f380ce3915c7a0c2cb199284fb3,0,1226997.375,202139648.0,4,6,5,2,4,1,1,1,1,0,0,0,0,1,2,231,0,0,1,3,1,1,0,0,2,1823,0,2,3,0,71,2,1,0,3,0,0,0,1,0,0,0,0,0,0,100,35,24,47,68,540,15,9,147,39,39,66,19,12,65,77,36,36,35,30,12,11,7,27,15,0,21,99,6,6188,59,1
nwsapi_2_2_21,de2b2578e853f1f2485427a01cc009b5be1c76b7,0,41044.1875,197785600.0,1,2,1,0,3,1,0,2,0,0,0,0,0,0,2,249,0,0,0,0,0,0,0,0,2,1811,0,1,0,0,56,1,0,0,0,0,0,0,1,0,0,0,0,0,0,101,35,19,54,64,548,18,9,155,41,38,71,20,10,54,88,46,39,24,28,15,5,8,23,7,1,31,99,9,6258,27,0
nwsapi_2_2_22,de2b2578e853f1f2485427a01cc009b5be1c76b7,0,41208.625,197369856.0,1,2,1,0,3,1,0,2,0,0,0,0,0,0,2,249,0,0,0,0,0,0,0,0,2,1811,0,1,0,0,56,1,0,0,0,0,0,0,1,0,0,0,0,0,0,101,35,19,54,64,548,18,9,155,41,38,71,20,10,54,88,46,39,24,28,15,5,8,23,7,1,31,99,9,6258,27,0
nwsapi_2_2_23,de2b2578e853f1f2485427a01cc009b5be1c76b7,0,39944.333333333336,197432661.33333334,1,2,1,0,3,1,0,2,0,0,0,0,0,0,2,249,0,0,0,0,0,0,0,0,2,1811,0,1,0,0,56,1,0,0,0,0,0,0,1,0,0,0,0,0,0,101,35,19,54,64,548,18,9,155,41,38,71,20,10,54,88,46,39,24,28,15,5,8,23,7,1,31,99,9,6258,27,0
nwsapi_2_2_24,de2b2578e853f1f2485427a01cc009b5be1c76b7,0,42018.375,198002688.0,1,2,1,0,3,1,0,2,0,0,0,0,0,0,2,249,0,0,0,0,0,0,0,0,2,1811,0,1,0,0,56,1,0,0,0,0,0,0,1,0,0,0,0,0,0,101,35,19,54,64,548,18,9,155,41,38,71,20,10,54,88,46,39,24,28,15,5,8,23,7,1,31,99,9,6258,27,0
nwsapi_2_2_25,de2b2578e853f1f2485427a01cc009b5be1c76b7,0,40968.5,196710400.0,1,2,1,0,3,1,0,2,0,0,0,0,0,0,2,249,0,0,0,0,0,0,0,0,2,1811,0,1,0,0,56,1,0,0,0,0,0,0,1,0,0,0,0,0,0,101,35,19,54,64,548,18,9,155,41,38,71,20,10,54,88,46,39,24,28,15,5,8,23,7,1,31,99,9,6258,27,0
nwsapi_2_2_26,de2b2578e853f1f2485427a01cc009b5be1c76b7,0,40130.125,196816896.0,1,2,1,0,3,1,0,2,0,0,0,0,0,0,2,249,0,0,0,0,0,0,0,0,2,1811,0,1,0,0,56,1,0,0,0,0,0,0,1,0,0,0,0,0,0,101,35,19,54,64,548,18,9,155,41,38,71,20,10,54,88,46,39,24,28,15,5,8,23,7,1,31,99,9,6258,27,0
nwsapi_2_2_27,de2b2578e853f1f2485427a01cc009b5be1c76b7,0,40054.3,196588339.2,1,2,1,0,3,1,0,2,0,0,0,0,0,0,2,249,0,0,0,0,0,0,0,0,2,1811,0,1,0,0,56,1,0,0,0,0,0,0,1,0,0,0,0,0,0,101,35,19,54,64,548,18,9,155,41,38,71,20,10,54,88,46,39,24,28,15,5,8,23,7,1,31,99,9,6258,27,0
nwsapi_2_2_21,389d17683be848ba609ddad9173e94f514dc9c79,0,53312.5625,197603328.0,1,2,2,1,1,0,1,0,0,0,0,0,1,0,0,211,0,0,0,0,0,0,0,0,0,1838,0,1,0,0,68,0,0,0,0,0,0,0,0,0,0,0,0,0,0,105,35,13,48,55,482,25,15,164,44,44,71,22,7,57,58,28,31,38,26,8,8,10,29,14,16,27,99,7,6594,20,0
nwsapi_2_2_22,389d17683be848ba609ddad9173e94f514dc9c79,0,51843.5625,197953536.0,1,2,2,1,1,0,1,0,0,0,0,0,1,0,0,211,0,0,0,0,0,0,0,0,0,1838,0,1,0,0,68,0,0,0,0,0,0,0,0,0,0,0,0,0,0,105,35,13,48,55,482,25,15,164,44,44,71,22,7,57,58,28,31,38,26,8,8,10,29,14,16,27,99,7,6594,20,0
nwsapi_2_2_23,389d17683be848ba609ddad9173e94f514dc9c79,0,50348.28571428572,196919296.0,1,2,2,1,1,0,1,0,0,0,0,0,1,0,0,211,0,0,0,0,0,0,0,0,0,1838,0,1,0,0,68,0,0,0,0,0,0,0,0,0,0,0,0,0,0,105,35,13,48,55,482,25,15,164,44,44,71,22,7,57,58,28,31,38,26,8,8,10,29,14,16,27,99,7,6594,20,0
nwsapi_2_2_24,389d17683be848ba609ddad9173e94f514dc9c79,0,49354.0,195695957.33333334,1,2,2,1,1,0,1,0,0,0,0,0,1,0,0,211,0,0,0,0,0,0,0,0,0,1838,0,1,0,0,68,0,0,0,0,0,0,0,0,0,0,0,0,0,0,105,35,13,48,55,482,25,15,164,44,44,71,22,7,57,58,28,31,38,26,8,8,10,29,14,16,27,99,7,6594,20,0
nwsapi_2_2_25,389d17683be848ba609ddad9173e94f514dc9c79,0,51833.5,196968448.0,1,2,2,1,1,0,1,0,0,0,0,0,1,0,0,211,0,0,0,0,0,0,0,0,0,1838,0,1,0,0,68,0,0,0,0,0,0,0,0,0,0,0,0,0,0,105,35,13,48,55,482,25,15,164,44,44,71,22,7,57,58,28,31,38,26,8,8,10,29,14,16,27,99,7,6594,20,0
nwsapi_2_2_26,389d17683be848ba609ddad9173e94f514dc9c79,0,50739.75,197079040.0,1,2,2,1,1,0,1,0,0,0,0,0,1,0,0,211,0,0,0,0,0,0,0,0,0,1838,0,1,0,0,68,0,0,0,0,0,0,0,0,0,0,0,0,0,0,105,35,13,48,55,482,25,15,164,44,44,71,22,7,57,58,28,31,38,26,8,8,10,29,14,16,27,99,7,6594,20,0
nwsapi_2_2_27,389d17683be848ba609ddad9173e94f514dc9c79,0,53799.5625,196784128.0,1,2,2,1,1,0,1,0,0,0,0,0,1,0,0,211,0,0,0,0,0,0,0,0,0,1838,0,1,0,0,68,0,0,0,0,0,0,0,0,0,0,0,0,0,0,105,35,13,48,55,482,25,15,164,44,44,71,22,7,57,58,28,31,38,26,8,8,10,29,14,16,27,99,7,6594,20,0
nwsapi_2_2_21,12626b161c53c2dbf83081b6ee99e5b6b8a58f93,0,nan,nan,4,14,23,13,17,8,4,11,12,5,5,5,2,3,36,183,11,2,0,2,5,5,5,2,159,1499,8,20,6,4,55,84,0,0,0,0,1,16,37,0,21,3,2,1,0,100,28,23,41,66,485,6,2,141,40,36,58,16,6,65,48,19,30,27,39,15,12,12,28,14,0,24,99,5,5263,810,2
nwsapi_2_2_22,12626b161c53c2dbf83081b6ee99e5b6b8a58f93,0,nan,nan,4,14,23,13,17,8,4,11,12,5,5,5,2,3,36,183,11,2,0,2,5,5,5,2,159,1499,8,20,6,4,55,84,0,0,0,0,1,16,37,0,21,3,2,1,0,100,28,23,41,66,485,6,2,141,40,36,58,16,6,65,48,19,30,27,39,15,12,12,28,14,0,24,99,5,5263,810,2
nwsapi_2_2_23,12626b161c53c2dbf83081b6ee99e5b6b8a58f93,0,nan,nan,4,14,23,13,17,8,4,11,12,5,5,5,2,3,36,183,11,2,0,2,5,5,5,2,159,1499,8,20,6,4,55,84,0,0,0,0,1,16,37,0,21,3,2,1,0,100,28,23,41,66,485,6,2,141,40,36,58,16,6,65,48,19,30,27,39,15,12,12,28,14,0,24,99,5,5263,810,2
nwsapi_2_2_24,12626b161c53c2dbf83081b6ee99e5b6b8a58f93,0,nan,nan,4,14,23,13,17,8,4,11,12,5,5,5,2,3,36,183,11,2,0,2,5,5,5,2,159,1499,8,20,6,4,55,84,0,0,0,0,1,16,37,0,21,3,2,1,0,100,28,23,41,66,485,6,2,141,40,36,58,16,6,65,48,19,30,27,39,15,12,12,28,14,0,24,99,5,5263,810,2
nwsapi_2_2_25,12626b161c53c2dbf83081b6ee99e5b6b8a58f93,0,nan,nan,4,14,23,13,17,8,4,11,12,5,5,5,2,3,36,183,11,2,0,2,5,5,5,2,159,1499,8,20,6,4,55,84,0,0,0,0,1,16,37,0,21,3,2,1,0,100,28,23,41,66,485,6,2,141,40,36,58,16,6,65,48,19,30,27,39,15,12,12,28,14,0,24,99,5,5263,810,2
nwsapi_2_2_26,12626b161c53c2dbf83081b6ee99e5b6b8a58f93,0,nan,nan,4,14,23,13,17,8,4,11,12,5,5,5,2,3,36,183,11,2,0,2,5,5,5,2,159,1499,8,20,6,4,55,84,0,0,0,0,1,16,37,0,21,3,2,1,0,100,28,23,41,66,485,6,2,141,40,36,58,16,6,65,48,19,30,27,39,15,12,12,28,14,0,24,99,5,5263,810,2
nwsapi_2_2_27,12626b161c53c2dbf83081b6ee99e5b6b8a58f93,0,nan,nan,4,14,23,13,17,8,4,11,12,5,5,5,2,3,36,183,11,2,0,2,5,5,5,2,159,1499,8,20,6,4,55,84,0,0,0,0,1,16,37,0,21,3,2,1,0,100,28,23,41,66,485,6,2,141,40,36,58,16,6,65,48,19,30,27,39,15,12,12,28,14,0,24,99,5,5263,810,2
nwsapi_2_2_21,cbad2a831b2980573a4f2592480ba5fb80c4181a,0,nan,nan,2,3,2,2,6,2,3,1,0,1,0,1,1,2,6,189,5,0,1,0,2,2,0,0,13,1421,4,1,0,0,47,5,0,0,0,0,0,0,0,0,0,0,0,0,0,200,59,28,40,73,485,15,11,240,35,35,53,13,9,84,50,23,42,26,49,17,14,18,57,21,0,47,199,7,7036,99,2
nwsapi_2_2_22,cbad2a831b2980573a4f2592480ba5fb80c4181a,0,nan,nan,2,3,2,2,6,2,3,1,0,1,0,1,1,2,6,189,5,0,1,0,2,2,0,0,13,1421,4,1,0,0,47,5,0,0,0,0,0,0,0,0,0,0,0,0,0,200,59,28,40,73,485,15,11,240,35,35,53,13,9,84,50,23,42,26,49,17,14,18,57,21,0,47,199,7,7036,99,2
nwsapi_2_2_23,cbad2a831b2980573a4f2592480ba5fb80c4181a,0,nan,nan,2,3,2,2,6,2,3,1,0,1,0,1,1,2,6,189,5,0,1,0,2,2,0,0,13,1421,4,1,0,0,47,5,0,0,0,0,0,0,0,0,0,0,0,0,0,200,59,28,40,73,485,15,11,240,35,35,53,13,9,84,50,23,42,26,49,17,14,18,57,21,0,47,199,7,7036,99,2
nwsapi_2_2_24,cbad2a831b2980573a4f2592480ba5fb80c4181a,0,nan,nan,2,3,2,2,6,2,3,1,0,1,0,1,1,2,6,189,5,0,1,0,2,2,0,0,13,1421,4,1,0,0,47,5,0,0,0,0,0,0,0,0,0,0,0,0,0,200,59,28,40,73,485,15,11,240,35,35,53,13,9,84,50,23,42,26,49,17,14,18,57,21,0,47,199,7,7036,99,2
nwsapi_2_2_25,cbad2a831b2980573a4f2592480ba5fb80c4181a,0,nan,nan,2,3,2,2,6,2,3,1,0,1,0,1,1,2,6,189,5,0,1,0,2,2,0,0,13,1421,4,1,0,0,47,5,0,0,0,0,0,0,0,0,0,0,0,0,0,200,59,28,40,73,485,15,11,240,35,35,53,13,9,84,50,23,42,26,49,17,14,18,57,21,0,47,199,7,7036,99,2
nwsapi_2_2_26,cbad2a831b2980573a4f2592480ba5fb80c4181a,0,nan,nan,2,3,2,2,6,2,3,1,0,1,0,1,1,2,6,189,5,0,1,0,2,2,0,0,13,1421,4,1,0,0,47,5,0,0,0,0,0,0,0,0,0,0,0,0,0,200,59,28,40,73,485,15,11,240,35,35,53,13,9,84,50,23,42,26,49,17,14,18,57,21,0,47,199,7,7036,99,2
nwsapi_2_2_27,cbad2a831b2980573a4f2592480ba5fb80c4181a,0,nan,nan,2,3,2,2,6,2,3,1,0,1,0,1,1,2,6,189,5,0,1,0,2,2,0,0,13,1421,4,1,0,0,47,5,0,0,0,0,0,0,0,0,0,0,0,0,0,200,59,28,40,73,485,15,11,240,35,35,53,13,9,84,50,23,42,26,49,17,14,18,57,21,0,47,199,7,7036,99,2
nwsapi_2_2_21,638e30745babfb472bcba80b28df09dc6d26418e,0,8637.9375,197838848.0,1,1,1,0,1,0,0,0,1,0,0,0,0,0,1,192,0,0,0,0,0,0,0,0,1,1300,0,0,0,0,45,1,0,0,0,0,0,0,0,0,0,0,0,0,0,205,46,43,13,87,643,15,8,235,47,42,67,11,6,116,44,16,28,22,65,25,16,24,51,29,22,47,199,6,7135,6,0
nwsapi_2_2_22,638e30745babfb472bcba80b28df09dc6d26418e,0,8073.0,197603328.0,1,1,1,0,1,0,0,0,1,0,0,0,0,0,1,192,0,0,0,0,0,0,0,0,1,1300,0,0,0,0,45,1,0,0,0,0,0,0,0,0,0,0,0,0,0,205,46,43,13,87,643,15,8,235,47,42,67,11,6,116,44,16,28,22,65,25,16,24,51,29,22,47,199,6,7135,6,0
nwsapi_2_2_23,638e30745babfb472bcba80b28df09dc6d26418e,0,8289.0625,197111808.0,1,1,1,0,1,0,0,0,1,0,0,0,0,0,1,192,0,0,0,0,0,0,0,0,1,1300,0,0,0,0,45,1,0,0,0,0,0,0,0,0,0,0,0,0,0,205,46,43,13,87,643,15,8,235,47,42,67,11,6,116,44,16,28,22,65,25,16,24,51,29,22,47,199,6,7135,6,0
nwsapi_2_2_24,638e30745babfb472bcba80b28df09dc6d26418e,0,8729.0625,196888576.0,1,1,1,0,1,0,0,0,1,0,0,0,0,0,1,192,0,0,0,0,0,0,0,0,1,1300,0,0,0,0,45,1,0,0,0,0,0,0,0,0,0,0,0,0,0,205,46,43,13,87,643,15,8,235,47,42,67,11,6,116,44,16,28,22,65,25,16,24,51,29,22,47,199,6,7135,6,0
nwsapi_2_2_25,638e30745babfb472bcba80b28df09dc6d26418e,0,8322.833333333334,197607424.0,1,1,1,0,1,0,0,0,1,0,0,0,0,0,1,192,0,0,0,0,0,0,0,0,1,1300,0,0,0,0,45,1,0,0,0,0,0,0,0,0,0,0,0,0,0,205,46,43,13,87,643,15,8,235,47,42,67,11,6,116,44,16,28,22,65,25,16,24,51,29,22,47,199,6,7135,6,0
nwsapi_2_2_26,638e30745babfb472bcba80b28df09dc6d26418e,0,9265.6875,197560320.0,1,1,1,0,1,0,0,0,1,0,0,0,0,0,1,192,0,0,0,0,0,0,0,0,1,1300,0,0,0,0,45,1,0,0,0,0,0,0,0,0,0,0,0,0,0,205,46,43,13,87,643,15,8,235,47,42,67,11,6,116,44,16,28,22,65,25,16,24,51,29,22,47,199,6,7135,6,0
nwsapi_2_2_27,638e30745babfb472bcba80b28df09dc6d26418e,0,9312.375,197541888.0,1,1,1,0,1,0,0,0,1,0,0,0,0,0,1,192,0,0,0,0,0,0,0,0,1,1300,0,0,0,0,45,1,0,0,0,0,0,0,0,0,0,0,0,0,0,205,46,43,13,87,643,15,8,235,47,42,67,11,6,116,44,16,28,22,65,25,16,24,51,29,22,47,199,6,7135,6,0
nwsapi_2_2_21,a86ff8a24f78efa27bac5fefbbba456556789e62,0,nan,nan,4,5,6,5,9,4,3,2,4,2,1,2,2,2,9,127,3,0,0,2,2,2,2,0,44,1084,1,3,3,1,48,19,0,0,0,0,2,4,6,0,5,1,0,0,0,200,58,8,40,35,381,14,9,240,19,22,42,10,3,26,39,18,24,24,17,5,5,7,72,0,0,69,199,8,5672,221,1
nwsapi_2_2_22,a86ff8a24f78efa27bac5fefbbba456556789e62,0,nan,nan,4,5,6,5,9,4,3,2,4,2,1,2,2,2,9,127,3,0,0,2,2,2,2,0,44,1084,1,3,3,1,48,19,0,0,0,0,2,4,6,0,5,1,0,0,0,200,58,8,40,35,381,14,9,240,19,22,42,10,3,26,39,18,24,24,17,5,5,7,72,0,0,69,199,8,5672,221,1
nwsapi_2_2_23,a86ff8a24f78efa27bac5fefbbba456556789e62,0,nan,nan,4,5,6,5,9,4,3,2,4,2,1,2,2,2,9,127,3,0,0,2,2,2,2,0,44,1084,1,3,3,1,48,19,0,0,0,0,2,4,6,0,5,1,0,0,0,200,58,8,40,35,381,14,9,240,19,22,42,10,3,26,39,18,24,24,17,5,5,7,72,0,0,69,199,8,5672,221,1
nwsapi_2_2_24,a86ff8a24f78efa27bac5fefbbba456556789e62,0,nan,nan,4,5,6,5,9,4,3,2,4,2,1,2,2,2,9,127,3,0,0,2,2,2,2,0,44,1084,1,3,3,1,48,19,0,0,0,0,2,4,6,0,5,1,0,0,0,200,58,8,40,35,381,14,9,240,19,22,42,10,3,26,39,18,24,24,17,5,5,7,72,0,0,69,199,8,5672,221,1
nwsapi_2_2_25,a86ff8a24f78efa27bac5fefbbba456556789e62,0,nan,nan,4,5,6,5,9,4,3,2,4,2,1,2,2,2,9,127,3,0,0,2,2,2,2,0,44,1084,1,3,3,1,48,19,0,0,0,0,2,4,6,0,5,1,0,0,0,200,58,8,40,35,381,14,9,240,19,22,42,10,3,26,39,18,24,24,17,5,5,7,72,0,0,69,199,8,5672,221,1
nwsapi_2_2_26,a86ff8a24f78efa27bac5fefbbba456556789e62,0,nan,nan,4,5,6,5,9,4,3,2,4,2,1,2,2,2,9,127,3,0,0,2,2,2,2,0,44,1084,1,3,3,1,48,19,0,0,0,0,2,4,6,0,5,1,0,0,0,200,58,8,40,35,381,14,9,240,19,22,42,10,3,26,39,18,24,24,17,5,5,7,72,0,0,69,199,8,5672,221,1
nwsapi_2_2_27,a86ff8a24f78efa27bac5fefbbba456556789e62,0,nan,nan,4,5,6,5,9,4,3,2,4,2,1,2,2,2,9,127,3,0,0,2,2,2,2,0,44,1084,1,3,3,1,48,19,0,0,0,0,2,4,6,0,5,1,0,0,0,200,58,8,40,35,381,14,9,240,19,22,42,10,3,26,39,18,24,24,17,5,5,7,72,0,0,69,199,8,5672,221,1
nwsapi_2_2_21,9633f7b68e69522dec8ce479bb8928341d5ed433,0,36268.125,197939200.0,1,6,5,3,4,1,0,1,2,1,0,1,0,0,4,164,1,0,0,0,0,0,0,0,33,1322,0,5,0,0,61,8,0,0,0,0,0,0,2,0,0,0,0,0,0,203,48,38,23,95,625,8,3,230,42,35,40,12,5,114,45,23,31,24,59,21,17,21,41,38,7,62,199,8,6981,103,0
nwsapi_2_2_22,9633f7b68e69522dec8ce479bb8928341d5ed433,0,32890.5,197206016.0,1,6,5,3,4,1,0,1,2,1,0,1,0,0,4,164,1,0,0,0,0,0,0,0,33,1322,0,5,0,0,61,8,0,0,0,0,0,0,2,0,0,0,0,0,0,203,48,38,23,95,625,8,3,230,42,35,40,12,5,114,45,23,31,24,59,21,17,21,41,38,7,62,199,8,6981,103,0
nwsapi_2_2_23,9633f7b68e69522dec8ce479bb8928341d5ed433,0,31675.571428571428,196425435.42857143,1,6,5,3,4,1,0,1,2,1,0,1,0,0,4,164,1,0,0,0,0,0,0,0,33,1322,0,5,0,0,61,8,0,0,0,0,0,0,2,0,0,0,0,0,0,203,48,38,23,95,625,8,3,230,42,35,40,12,5,114,45,23,31,24,59,21,17,21,41,38,7,62,199,8,6981,103,0
nwsapi_2_2_24,9633f7b68e69522dec8ce479bb8928341d5ed433,0,30708.3125,197185536.0,1,6,5,3,4,1,0,1,2,1,0,1,0,0,4,164,1,0,0,0,0,0,0,0,33,1322,0,5,0,0,61,8,0,0,0,0,0,0,2,0,0,0,0,0,0,203,48,38,23,95,625,8,3,230,42,35,40,12,5,114,45,23,31,24,59,21,17,21,41,38,7,62,199,8,6981,103,0
nwsapi_2_2_25,9633f7b68e69522dec8ce479bb8928341d5ed433,0,34407.78571428572,198873673.14285713,1,6,5,3,4,1,0,1,2,1,0,1,0,0,4,164,1,0,0,0,0,0,0,0,33,1322,0,5,0,0,61,8,0,0,0,0,0,0,2,0,0,0,0,0,0,203,48,38,23,95,625,8,3,230,42,35,40,12,5,114,45,23,31,24,59,21,17,21,41,38,7,62,199,8,6981,103,0
nwsapi_2_2_26,9633f7b68e69522dec8ce479bb8928341d5ed433,0,35742.125,198397952.0,1,6,5,3,4,1,0,1,2,1,0,1,0,0,4,164,1,0,0,0,0,0,0,0,33,1322,0,5,0,0,61,8,0,0,0,0,0,0,2,0,0,0,0,0,0,203,48,38,23,95,625,8,3,230,42,35,40,12,5,114,45,23,31,24,59,21,17,21,41,38,7,62,199,8,6981,103,0
nwsapi_2_2_27,9633f7b68e69522dec8ce479bb8928341d5ed433,0,35768.1875,197951488.0,1,6,5,3,4,1,0,1,2,1,0,1,0,0,4,164,1,0,0,0,0,0,0,0,33,1322,0,5,0,0,61,8,0,0,0,0,0,0,2,0,0,0,0,0,0,203,48,38,23,95,625,8,3,230,42,35,40,12,5,114,45,23,31,24,59,21,17,21,41,38,7,62,199,8,6981,103,0
nwsapi_2_2_21,fbe329905c5a0caaca5c38863dcbebcedc3a2ed3,0,nan,nan,7,12,8,2,23,5,7,5,6,3,0,3,3,4,13,200,0,2,2,4,4,4,0,0,63,1220,0,5,4,0,35,30,1,1,7,1,0,0,13,2,0,0,0,0,0,202,47,42,21,90,538,14,6,224,43,39,56,2,1,114,66,30,34,23,49,14,11,24,48,34,2,64,200,4,7014,375,2
nwsapi_2_2_22,fbe329905c5a0caaca5c38863dcbebcedc3a2ed3,0,nan,nan,7,12,8,2,23,5,7,5,6,3,0,3,3,4,13,200,0,2,2,4,4,4,0,0,63,1220,0,5,4,0,35,30,1,1,7,1,0,0,13,2,0,0,0,0,0,202,47,42,21,90,538,14,6,224,43,39,56,2,1,114,66,30,34,23,49,14,11,24,48,34,2,64,200,4,7014,375,2
nwsapi_2_2_23,fbe329905c5a0caaca5c38863dcbebcedc3a2ed3,0,nan,nan,7,12,8,2,23,5,7,5,6,3,0,3,3,4,13,200,0,2,2,4,4,4,0,0,63,1220,0,5,4,0,35,30,1,1,7,1,0,0,13,2,0,0,0,0,0,202,47,42,21,90,538,14,6,224,43,39,56,2,1,114,66,30,34,23,49,14,11,24,48,34,2,64,200,4,7014,375,2
nwsapi_2_2_24,fbe329905c5a0caaca5c38863dcbebcedc3a2ed3,0,nan,nan,7,12,8,2,23,5,7,5,6,3,0,3,3,4,13,200,0,2,2,4,4,4,0,0,63,1220,0,5,4,0,35,30,1,1,7,1,0,0,13,2,0,0,0,0,0,202,47,42,21,90,538,14,6,224,43,39,56,2,1,114,66,30,34,23,49,14,11,24,48,34,2,64,200,4,7014,375,2
nwsapi_2_2_25,fbe329905c5a0caaca5c38863dcbebcedc3a2ed3,0,nan,nan,7,12,8,2,23,5,7,5,6,3,0,3,3,4,13,200,0,2,2,4,4,4,0,0,63,1220,0,5,4,0,35,30,1,1,7,1,0,0,13,2,0,0,0,0,0,202,47,42,21,90,538,14,6,224,43,39,56,2,1,114,66,30,34,23,49,14,11,24,48,34,2,64,200,4,7014,375,2
nwsapi_2_2_26,fbe329905c5a0caaca5c38863dcbebcedc3a2ed3,0,nan,nan,7,12,8,2,23,5,7,5,6,3,0,3,3,4,13,200,0,2,2,4,4,4,0,0,63,1220,0,5,4,0,35,30,1,1,7,1,0,0,13,2,0,0,0,0,0,202,47,42,21,90,538,14,6,224,43,39,56,2,1,114,66,30,34,23,49,14,11,24,48,34,2,64,200,4,7014,375,2
nwsapi_2_2_27,fbe329905c5a0caaca5c38863dcbebcedc3a2ed3,0,nan,nan,7,12,8,2,23,5,7,5,6,3,0,3,3,4,13,200,0,2,2,4,4,4,0,0,63,1220,0,5,4,0,35,30,1,1,7,1,0,0,13,2,0,0,0,0,0,202,47,42,21,90,538,14,6,224,43,39,56,2,1,114,66,30,34,23,49,14,11,24,48,34,2,64,200,4,7014,375,2
nwsapi_2_2_21,4dc97e5965286e66a36893a89b57b112c6625b0f,0,nan,nan,1,8,11,6,7,2,2,2,6,1,1,1,2,1,9,182,1,0,0,0,1,1,4,0,55,1189,0,11,3,3,37,29,0,0,0,0,1,8,14,0,6,1,0,0,0,201,52,35,34,83,613,9,3,236,38,43,61,14,8,101,44,15,31,24,58,18,18,22,52,25,2,51,199,6,6761,286,1
nwsapi_2_2_22,4dc97e5965286e66a36893a89b57b112c6625b0f,0,nan,nan,1,8,11,6,7,2,2,2,6,1,1,1,2,1,9,182,1,0,0,0,1,1,4,0,55,1189,0,11,3,3,37,29,0,0,0,0,1,8,14,0,6,1,0,0,0,201,52,35,34,83,613,9,3,236,38,43,61,14,8,101,44,15,31,24,58,18,18,22,52,25,2,51,199,6,6761,286,1
nwsapi_2_2_23,4dc97e5965286e66a36893a89b57b112c6625b0f,0,nan,nan,1,8,11,6,7,2,2,2,6,1,1,1,2,1,9,182,1,0,0,0,1,1,4,0,55,1189,0,11,3,3,37,29,0,0,0,0,1,8,14,0,6,1,0,0,0,201,52,35,34,83,613,9,3,236,38,43,61,14,8,101,44,15,31,24,58,18,18,22,52,25,2,51,199,6,6761,286,1
nwsapi_2_2_24,4dc97e5965286e66a36893a89b57b112c6625b0f,0,nan,nan,1,8,11,6,7,2,2,2,6,1,1,1,2,1,9,182,1,0,0,0,1,1,4,0,55,1189,0,11,3,3,37,29,0,0,0,0,1,8,14,0,6,1,0,0,0,201,52,35,34,83,613,9,3,236,38,43,61,14,8,101,44,15,31,24,58,18,18,22,52,25,2,51,199,6,6761,286,1
nwsapi_2_2_25,4dc97e5965286e66a36893a89b57b112c6625b0f,0,nan,nan,1,8,11,6,7,2,2,2,6,1,1,1,2,1,9,182,1,0,0,0,1,1,4,0,55,1189,0,11,3,3,37,29,0,0,0,0,1,8,14,0,6,1,0,0,0,201,52,35,34,83,613,9,3,236,38,43,61,14,8,101,44,15,31,24,58,18,18,22,52,25,2,51,199,6,6761,286,1
nwsapi_2_2_26,4dc97e5965286e66a36893a89b57b112c6625b0f,0,nan,nan,1,8,11,6,7,2,2,2,6,1,1,1,2,1,9,182,1,0,0,0,1,1,4,0,55,1189,0,11,3,3,37,29,0,0,0,0,1,8,14,0,6,1,0,0,0,201,52,35,34,83,613,9,3,236,38,43,61,14,8,101,44,15,31,24,58,18,18,22,52,25,2,51,199,6,6761,286,1
nwsapi_2_2_27,4dc97e5965286e66a36893a89b57b112c6625b0f,0,nan,nan,1,8,11,6,7,2,2,2,6,1,1,1,2,1,9,182,1,0,0,0,1,1,4,0,55,1189,0,11,3,3,37,29,0,0,0,0,1,8,14,0,6,1,0,0,0,201,52,35,34,83,613,9,3,236,38,43,61,14,8,101,44,15,31,24,58,18,18,22,52,25,2,51,199,6,6761,286,1
nwsapi_2_2_21,d565ecef216c5ceac20bdd2604f04d665bcf652e,0,nan,nan,2,6,4,1,13,5,3,4,1,2,2,2,1,2,7,120,2,0,0,0,2,2,0,1,77,1116,1,4,0,0,35,41,0,0,0,0,0,0,21,0,0,0,0,0,0,200,75,6,38,33,293,15,11,238,19,23,45,13,8,16,27,11,20,17,10,2,5,3,65,0,0,60,199,8,5295,422,1
nwsapi_2_2_22,d565ecef216c5ceac20bdd2604f04d665bcf652e,0,nan,nan,2,6,4,1,13,5,3,4,1,2,2,2,1,2,7,120,2,0,0,0,2,2,0,1,77,1116,1,4,0,0,35,41,0,0,0,0,0,0,21,0,0,0,0,0,0,200,75,6,38,33,293,15,11,238,19,23,45,13,8,16,27,11,20,17,10,2,5,3,65,0,0,60,199,8,5295,422,1
nwsapi_2_2_23,d565ecef216c5ceac20bdd2604f04d665bcf652e,0,nan,nan,2,6,4,1,13,5,3,4,1,2,2,2,1,2,7,120,2,0,0,0,2,2,0,1,77,1116,1,4,0,0,35,41,0,0,0,0,0,0,21,0,0,0,0,0,0,200,75,6,38,33,293,15,11,238,19,23,45,13,8,16,27,11,20,17,10,2,5,3,65,0,0,60,199,8,5295,422,1
nwsapi_2_2_24,d565ecef216c5ceac20bdd2604f04d665bcf652e,0,nan,nan,2,6,4,1,13,5,3,4,1,2,2,2,1,2,7,120,2,0,0,0,2,2,0,1,77,1116,1,4,0,0,35,41,0,0,0,0,0,0,21,0,0,0,0,0,0,200,75,6,38,33,293,15,11,238,19,23,45,13,8,16,27,11,20,17,10,2,5,3,65,0,0,60,199,8,5295,422,1
nwsapi_2_2_25,d565ecef216c5ceac20bdd2604f04d665bcf652e,0,nan,nan,2,6,4,1,13,5,3,4,1,2,2,2,1,2,7,120,2,0,0,0,2,2,0,1,77,1116,1,4,0,0,35,41,0,0,0,0,0,0,21,0,0,0,0,0,0,200,75,6,38,33,293,15,11,238,19,23,45,13,8,16,27,11,20,17,10,2,5,3,65,0,0,60,199,8,5295,422,1
nwsapi_2_2_26,d565ecef216c5ceac20bdd2604f04d665bcf652e,0,nan,nan,2,6,4,1,13,5,3,4,1,2,2,2,1,2,7,120,2,0,0,0,2,2,0,1,77,1116,1,4,0,0,35,41,0,0,0,0,0,0,21,0,0,0,0,0,0,200,75,6,38,33,293,15,11,238,19,23,45,13,8,16,27,11,20,17,10,2,5,3,65,0,0,60,199,8,5295,422,1
nwsapi_2_2_27,d565ecef216c5ceac20bdd2604f04d665bcf652e,0,nan,nan,2,6,4,1,13,5,3,4,1,2,2,2,1,2,7,120,2,0,0,0,2,2,0,1,77,1116,1,4,0,0,35,41,0,0,0,0,0,0,21,0,0,0,0,0,0,200,75,6,38,33,293,15,11,238,19,23,45,13,8,16,27,11,20,17,10,2,5,3,65,0,0,60,199,8,5295,422,1
nwsapi_2_2_21,50a3dadb0fab2f56b37e81ac65c4ff5c6c1d39b0,0,nan,nan,25,52,38,21,91,18,28,22,26,14,7,14,10,18,71,103,15,8,3,14,18,18,6,2,436,629,9,27,17,3,17,200,0,0,0,0,2,6,101,0,3,0,0,0,0,200,61,37,4,64,337,1,1,204,37,27,32,1,0,97,16,4,18,8,55,14,22,19,41,27,0,45,199,4,4571,2110,7
nwsapi_2_2_22,50a3dadb0fab2f56b37e81ac65c4ff5c6c1d39b0,0,nan,nan,25,52,38,21,91,18,28,22,26,14,7,14,10,18,71,103,15,8,3,14,18,18,6,2,436,629,9,27,17,3,17,200,0,0,0,0,2,6,101,0,3,0,0,0,0,200,61,37,4,64,337,1,1,204,37,27,32,1,0,97,16,4,18,8,55,14,22,19,41,27,0,45,199,4,4571,2110,7
nwsapi_2_2_23,50a3dadb0fab2f56b37e81ac65c4ff5c6c1d39b0,0,nan,nan,25,52,38,21,91,18,28,22,26,14,7,14,10,18,71,103,15,8,3,14,18,18,6,2,436,629,9,27,17,3,17,200,0,0,0,0,2,6,101,0,3,0,0,0,0,200,61,37,4,64,337,1,1,204,37,27,32,1,0,97,16,4,18,8,55,14,22,19,41,27,0,45,199,4,4571,2110,7
nwsapi_2_2_24,50a3dadb0fab2f56b37e81ac65c4ff5c6c1d39b0,0,nan,nan,25,52,38,21,91,18,28,22,26,14,7,14,10,18,71,103,15,8,3,14,18,18,6,2,436,629,9,27,17,3,17,200,0,0,0,0,2,6,101,0,3,0,0,0,0,200,61,37,4,64,337,1,1,204,37,27,32,1,0,97,16,4,18,8,55,14,22,19,41,27,0,45,199,4,4571,2110,7
nwsapi_2_2_25,50a3dadb0fab2f56b37e81ac65c4ff5c6c1d39b0,0,nan,nan,25,52,38,21,91,18,28,22,26,14,7,14,10,18,71,103,15,8,3,14,18,18,6,2,436,629,9,27,17,3,17,200,0,0,0,0,2,6,101,0,3,0,0,0,0,200,61,37,4,64,337,1,1,204,37,27,32,1,0,97,16,4,18,8,55,14,22,19,41,27,0,45,199,4,4571,2110,7
nwsapi_2_2_26,50a3dadb0fab2f56b37e81ac65c4ff5c6c1d39b0,0,nan,nan,25,52,38,21,91,18,28,22,26,14,7,14,10,18,71,103,15,8,3,14,18,18,6,2,436,629,9,27,17,3,17,200,0,0,0,0,2,6,101,0,3,0,0,0,0,200,61,37,4,64,337,1,1,204,37,27,32,1,0,97,16,4,18,8,55,14,22,19,41,27,0,45,199,4,4571,2110,7
nwsapi_2_2_27,50a3dadb0fab2f56b37e81ac65c4ff5c6c1d39b0,0,nan,nan,25,52,38,21,91,18,28,22,26,14,7,14,10,18,71,103,15,8,3,14,18,18,6,2,436,629,9,27,17,3,17,200,0,0,0,0,2,6,101,0,3,0,0,0,0,200,61,37,4,64,337,1,1,204,37,27,32,1,0,97,16,4,18,8,55,14,22,19,41,27,0,45,199,4,4571,2110,7
nwsapi_2_2_21,b7336e86a199b864847cd9afd5423905a5544891,0,7999.833333333333,195717802.66666666,1,1,1,1,0,0,0,0,0,0,0,0,0,0,0,181,0,0,0,0,0,0,0,0,0,1278,0,0,0,0,45,0,0,0,0,0,0,0,0,0,0,0,0,0,0,205,52,42,20,100,692,13,5,233,42,42,55,10,5,120,50,22,29,23,62,23,17,22,44,33,13,52,199,5,7128,1,0
nwsapi_2_2_22,b7336e86a199b864847cd9afd5423905a5544891,0,8612.0625,196724736.0,1,1,1,1,0,0,0,0,0,0,0,0,0,0,0,181,0,0,0,0,0,0,0,0,0,1278,0,0,0,0,45,0,0,0,0,0,0,0,0,0,0,0,0,0,0,205,52,42,20,100,692,13,5,233,42,42,55,10,5,120,50,22,29,23,62,23,17,22,44,33,13,52,199,5,7128,1,0
nwsapi_2_2_23,b7336e86a199b864847cd9afd5423905a5544891,0,9403.5,196749312.0,1,1,1,1,0,0,0,0,0,0,0,0,0,0,0,181,0,0,0,0,0,0,0,0,0,1278,0,0,0,0,45,0,0,0,0,0,0,0,0,0,0,0,0,0,0,205,52,42,20,100,692,13,5,233,42,42,55,10,5,120,50,22,29,23,62,23,17,22,44,33,13,52,199,5,7128,1,0
nwsapi_2_2_24,b7336e86a199b864847cd9afd5423905a5544891,0,8671.8125,197138432.0,1,1,1,1,0,0,0,0,0,0,0,0,0,0,0,181,0,0,0,0,0,0,0,0,0,1278,0,0,0,0,45,0,0,0,0,0,0,0,0,0,0,0,0,0,0,205,52,42,20,100,692,13,5,233,42,42,55,10,5,120,50,22,29,23,62,23,17,22,44,33,13,52,199,5,7128,1,0
nwsapi_2_2_25,b7336e86a199b864847cd9afd5423905a5544891,0,8921.875,197390336.0,1,1,1,1,0,0,0,0,0,0,0,0,0,0,0,181,0,0,0,0,0,0,0,0,0,1278,0,0,0,0,45,0,0,0,0,0,0,0,0,0,0,0,0,0,0,205,52,42,20,100,692,13,5,233,42,42,55,10,5,120,50,22,29,23,62,23,17,22,44,33,13,52,199,5,7128,1,0
nwsapi_2_2_26,b7336e86a199b864847cd9afd5423905a5544891,0,10015.5,197072896.0,1,1,1,1,0,0,0,0,0,0,0,0,0,0,0,181,0,0,0,0,0,0,0,0,0,1278,0,0,0,0,45,0,0,0,0,0,0,0,0,0,0,0,0,0,0,205,52,42,20,100,692,13,5,233,42,42,55,10,5,120,50,22,29,23,62,23,17,22,44,33,13,52,199,5,7128,1,0
nwsapi_2_2_27,b7336e86a199b864847cd9afd5423905a5544891,0,9461.0625,197388288.0,1,1,1,1,0,0,0,0,0,0,0,0,0,0,0,181,0,0,0,0,0,0,0,0,0,1278,0,0,0,0,45,0,0,0,0,0,0,0,0,0,0,0,0,0,0,205,52,42,20,100,692,13,5,233,42,42,55,10,5,120,50,22,29,23,62,23,17,22,44,33,13,52,199,5,7128,1,0
nwsapi_2_2_21,dd7df9f469da7b81887e4f83c23013d77dc0236b,0,81611.33333333333,199950336.0,1,3,3,2,1,0,1,0,0,0,0,0,0,1,0,180,0,0,0,0,1,1,0,1,0,1378,0,2,0,0,53,0,0,0,0,0,0,0,0,0,0,0,0,0,0,211,51,37,7,89,567,12,5,236,37,42,64,12,3,111,44,23,32,26,58,27,17,14,53,34,29,50,199,6,7060,24,1
nwsapi_2_2_22,dd7df9f469da7b81887e4f83c23013d77dc0236b,0,84275.1,198485606.4,1,3,3,2,1,0,1,0,0,0,0,0,0,1,0,180,0,0,0,0,1,1,0,1,0,1378,0,2,0,0,53,0,0,0,0,0,0,0,0,0,0,0,0,0,0,211,51,37,7,89,567,12,5,236,37,42,64,12,3,111,44,23,32,26,58,27,17,14,53,34,29,50,199,6,7060,24,1
nwsapi_2_2_23,dd7df9f469da7b81887e4f83c23013d77dc0236b,0,83701.33333333333,200720384.0,1,3,3,2,1,0,1,0,0,0,0,0,0,1,0,180,0,0,0,0,1,1,0,1,0,1378,0,2,0,0,53,0,0,0,0,0,0,0,0,0,0,0,0,0,0,211,51,37,7,89,567,12,5,236,37,42,64,12,3,111,44,23,32,26,58,27,17,14,53,34,29,50,199,6,7060,24,1
nwsapi_2_2_24,dd7df9f469da7b81887e4f83c23013d77dc0236b,0,85755.3125,198084608.0,1,3,3,2,1,0,1,0,0,0,0,0,0,1,0,180,0,0,0,0,1,1,0,1,0,1378,0,2,0,0,53,0,0,0,0,0,0,0,0,0,0,0,0,0,0,211,51,37,7,89,567,12,5,236,37,42,64,12,3,111,44,23,32,26,58,27,17,14,53,34,29,50,199,6,7060,24,1
nwsapi_2_2_25,dd7df9f469da7b81887e4f83c23013d77dc0236b,0,83555.5,201075370.66666666,1,3,3,2,1,0,1,0,0,0,0,0,0,1,0,180,0,0,0,0,1,1,0,1,0,1378,0,2,0,0,53,0,0,0,0,0,0,0,0,0,0,0,0,0,0,211,51,37,7,89,567,12,5,236,37,42,64,12,3,111,44,23,32,26,58,27,17,14,53,34,29,50,199,6,7060,24,1
nwsapi_2_2_26,dd7df9f469da7b81887e4f83c23013d77dc0236b,0,87171.625,199454720.0,1,3,3,2,1,0,1,0,0,0,0,0,0,1,0,180,0,0,0,0,1,1,0,1,0,1378,0,2,0,0,53,0,0,0,0,0,0,0,0,0,0,0,0,0,0,211,51,37,7,89,567,12,5,236,37,42,64,12,3,111,44,23,32,26,58,27,17,14,53,34,29,50,199,6,7060,24,1
nwsapi_2_2_27,dd7df9f469da7b81887e4f83c23013d77dc0236b,0,88722.16666666667,199024640.0,1,3,3,2,1,0,1,0,0,0,0,0,0,1,0,180,0,0,0,0,1,1,0,1,0,1378,0,2,0,0,53,0,0,0,0,0,0,0,0,0,0,0,0,0,0,211,51,37,7,89,567,12,5,236,37,42,64,12,3,111,44,23,32,26,58,27,17,14,53,34,29,50,199,6,7060,24,1
nwsapi_2_2_21,cc62e3b961ec159ca0c32358bb8ac35b9c605548,0,nan,nan,4,12,9,5,20,6,4,5,6,5,2,5,2,2,18,162,1,6,0,2,2,2,1,0,49,1164,0,8,2,0,48,28,0,0,0,0,0,1,13,0,1,0,0,0,0,202,46,41,27,91,611,10,5,232,39,40,59,9,4,123,33,11,26,22,60,23,21,16,48,36,5,59,199,7,6904,324,1
nwsapi_2_2_22,cc62e3b961ec159ca0c32358bb8ac35b9c605548,0,nan,nan,4,12,9,5,20,6,4,5,6,5,2,5,2,2,18,162,1,6,0,2,2,2,1,0,49,1164,0,8,2,0,48,28,0,0,0,0,0,1,13,0,1,0,0,0,0,202,46,41,27,91,611,10,5,232,39,40,59,9,4,123,33,11,26,22,60,23,21,16,48,36,5,59,199,7,6904,324,1
nwsapi_2_2_23,cc62e3b961ec159ca0c32358bb8ac35b9c605548,0,nan,nan,4,12,9,5,20,6,4,5,6,5,2,5,2,2,18,162,1,6,0,2,2,2,1,0,49,1164,0,8,2,0,48,28,0,0,0,0,0,1,13,0,1,0,0,0,0,202,46,41,27,91,611,10,5,232,39,40,59,9,4,123,33,11,26,22,60,23,21,16,48,36,5,59,199,7,6904,324,1
nwsapi_2_2_24,cc62e3b961ec159ca0c32358bb8ac35b9c605548,0,nan,nan,4,12,9,5,20,6,4,5,6,5,2,5,2,2,18,162,1,6,0,2,2,2,1,0,49,1164,0,8,2,0,48,28,0,0,0,0,0,1,13,0,1,0,0,0,0,202,46,41,27,91,611,10,5,232,39,40,59,9,4,123,33,11,26,22,60,23,21,16,48,36,5,59,199,7,6904,324,1
nwsapi_2_2_25,cc62e3b961ec159ca0c32358bb8ac35b9c605548,0,nan,nan,4,12,9,5,20,6,4,5,6,5,2,5,2,2,18,162,1,6,0,2,2,2,1,0,49,1164,0,8,2,0,48,28,0,0,0,0,0,1,13,0,1,0,0,0,0,202,46,41,27,91,611,10,5,232,39,40,59,9,4,123,33,11,26,22,60,23,21,16,48,36,5,59,199,7,6904,324,1
nwsapi_2_2_26,cc62e3b961ec159ca0c32358bb8ac35b9c605548,0,nan,nan,4,12,9,5,20,6,4,5,6,5,2,5,2,2,18,162,1,6,0,2,2,2,1,0,49,1164,0,8,2,0,48,28,0,0,0,0,0,1,13,0,1,0,0,0,0,202,46,41,27,91,611,10,5,232,39,40,59,9,4,123,33,11,26,22,60,23,21,16,48,36,5,59,199,7,6904,324,1
nwsapi_2_2_27,cc62e3b961ec159ca0c32358bb8ac35b9c605548,0,nan,nan,4,12,9,5,20,6,4,5,6,5,2,5,2,2,18,162,1,6,0,2,2,2,1,0,49,1164,0,8,2,0,48,28,0,0,0,0,0,1,13,0,1,0,0,0,0,202,46,41,27,91,611,10,5,232,39,40,59,9,4,123,33,11,26,22,60,23,21,16,48,36,5,59,199,7,6904,324,1
nwsapi_2_2_21,084bd1f1b4d40e34647769926f1b430b364dadab,0,113975.1,200314060.8,2,3,2,0,4,1,0,1,2,0,0,0,0,0,3,207,0,0,0,1,0,0,0,0,28,1309,0,1,1,0,42,14,0,0,0,0,0,0,10,0,0,0,0,0,0,207,54,28,16,87,546,11,7,240,38,36,58,19,10,101,63,32,38,23,45,13,16,16,52,35,24,59,199,8,7025,106,0
nwsapi_2_2_22,084bd1f1b4d40e34647769926f1b430b364dadab,0,103156.375,200218624.0,2,3,2,0,4,1,0,1,2,0,0,0,0,0,3,207,0,0,0,1,0,0,0,0,28,1309,0,1,1,0,42,14,0,0,0,0,0,0,10,0,0,0,0,0,0,207,54,28,16,87,546,11,7,240,38,36,58,19,10,101,63,32,38,23,45,13,16,16,52,35,24,59,199,8,7025,106,0
nwsapi_2_2_23,084bd1f1b4d40e34647769926f1b430b364dadab,0,109981.625,200994816.0,2,3,2,0,4,1,0,1,2,0,0,0,0,0,3,207,0,0,0,1,0,0,0,0,28,1309,0,1,1,0,42,14,0,0,0,0,0,0,10,0,0,0,0,0,0,207,54,28,16,87,546,11,7,240,38,36,58,19,10,101,63,32,38,23,45,13,16,16,52,35,24,59,199,8,7025,106,0
nwsapi_2_2_24,084bd1f1b4d40e34647769926f1b430b364dadab,0,107467.28571428571,201026998.85714287,2,3,2,0,4,1,0,1,2,0,0,0,0,0,3,207,0,0,0,1,0,0,0,0,28,1309,0,1,1,0,42,14,0,0,0,0,0,0,10,0,0,0,0,0,0,207,54,28,16,87,546,11,7,240,38,36,58,19,10,101,63,32,38,23,45,13,16,16,52,35,24,59,199,8,7025,106,0
nwsapi_2_2_25,084bd1f1b4d40e34647769926f1b430b364dadab,0,106145.78571428571,200675913.14285713,2,3,2,0,4,1,0,1,2,0,0,0,0,0,3,207,0,0,0,1,0,0,0,0,28,1309,0,1,1,0,42,14,0,0,0,0,0,0,10,0,0,0,0,0,0,207,54,28,16,87,546,11,7,240,38,36,58,19,10,101,63,32,38,23,45,13,16,16,52,35,24,59,199,8,7025,106,0
nwsapi_2_2_26,084bd1f1b4d40e34647769926f1b430b364dadab,0,109328.0,201244672.0,2,3,2,0,4,1,0,1,2,0,0,0,0,0,3,207,0,0,0,1,0,0,0,0,28,1309,0,1,1,0,42,14,0,0,0,0,0,0,10,0,0,0,0,0,0,207,54,28,16,87,546,11,7,240,38,36,58,19,10,101,63,32,38,23,45,13,16,16,52,35,24,59,199,8,7025,106,0
nwsapi_2_2_27,084bd1f1b4d40e34647769926f1b430b364dadab,0,106271.0,200736768.0,2,3,2,0,4,1,0,1,2,0,0,0,0,0,3,207,0,0,0,1,0,0,0,0,28,1309,0,1,1,0,42,14,0,0,0,0,0,0,10,0,0,0,0,0,0,207,54,28,16,87,546,11,7,240,38,36,58,19,10,101,63,32,38,23,45,13,16,16,52,35,24,59,199,8,7025,106,0
nwsapi_2_2_21,855b93405964db6a9b8f79caa2a759308e2934f9,0,nan,nan,8,21,14,8,35,13,8,13,7,9,3,9,4,4,32,118,10,2,0,5,5,5,3,1,236,991,5,15,6,1,41,124,0,0,0,0,2,5,59,0,7,1,1,0,0,203,45,34,0,88,474,5,2,216,34,25,33,8,3,108,21,8,25,15,53,15,25,13,54,43,16,51,199,4,5712,1193,3
nwsapi_2_2_22,855b93405964db6a9b8f79caa2a759308e2934f9,0,nan,nan,8,21,14,8,35,13,8,13,7,9,3,9,4,4,32,118,10,2,0,5,5,5,3,1,236,991,5,15,6,1,41,124,0,0,0,0,2,5,59,0,7,1,1,0,0,203,45,34,0,88,474,5,2,216,34,25,33,8,3,108,21,8,25,15,53,15,25,13,54,43,16,51,199,4,5712,1193,3
nwsapi_2_2_23,855b93405964db6a9b8f79caa2a759308e2934f9,0,nan,nan,8,21,14,8,35,13,8,13,7,9,3,9,4,4,32,118,10,2,0,5,5,5,3,1,236,991,5,15,6,1,41,124,0,0,0,0,2,5,59,0,7,1,1,0,0,203,45,34,0,88,474,5,2,216,34,25,33,8,3,108,21,8,25,15,53,15,25,13,54,43,16,51,199,4,5712,1193,3
nwsapi_2_2_24,855b93405964db6a9b8f79caa2a759308e2934f9,0,nan,nan,8,21,14,8,35,13,8,13,7,9,3,9,4,4,32,118,10,2,0,5,5,5,3,1,236,991,5,15,6,1,41,124,0,0,0,0,2,5,59,0,7,1,1,0,0,203,45,34,0,88,474,5,2,216,34,25,33,8,3,108,21,8,25,15,53,15,25,13,54,43,16,51,199,4,5712,1193,3
nwsapi_2_2_25,855b93405964db6a9b8f79caa2a759308e2934f9,0,nan,nan,8,21,14,8,35,13,8,13,7,9,3,9,4,4,32,118,10,2,0,5,5,5,3,1,236,991,5,15,6,1,41,124,0,0,0,0,2,5,59,0,7,1,1,0,0,203,45,34,0,88,474,5,2,216,34,25,33,8,3,108,21,8,25,15,53,15,25,13,54,43,16,51,199,4,5712,1193,3
nwsapi_2_2_26,855b93405964db6a9b8f79caa2a759308e2934f9,0,nan,nan,8,21,14,8,35,13,8,13,7,9,3,9,4,4,32,118,10,2,0,5,5,5,3,1,236,991,5,15,6,1,41,124,0,0,0,0,2,5,59,0,7,1,1,0,0,203,45,34,0,88,474,5,2,216,34,25,33,8,3,108,21,8,25,15,53,15,25,13,54,43,16,51,199,4,5712,1193,3
nwsapi_2_2_27,855b93405964db6a9b8f79caa2a759308e2934f9,0,nan,nan,8,21,14,8,35,13,8,13,7,9,3,9,4,4,32,118,10,2,0,5,5,5,3,1,236,991,5,15,6,1,41,124,0,0,0,0,2,5,59,0,7,1,1,0,0,203,45,34,0,88,474,5,2,216,34,25,33,8,3,108,21,8,25,15,53,15,25,13,54,43,16,51,199,4,5712,1193,3
nwsapi_2_2_21,9fec5086f82948595a6be61af3b333ebbdf74028,0,nan,nan,4,6,4,3,13,1,4,4,4,1,1,1,0,4,11,205,0,3,2,1,4,4,0,0,48,1230,0,2,1,0,38,23,1,1,3,0,0,0,14,1,0,0,0,0,0,201,41,37,35,88,546,11,5,236,48,43,69,14,7,101,49,22,32,23,56,15,19,22,66,32,1,48,199,8,6902,245,2
nwsapi_2_2_22,9fec5086f82948595a6be61af3b333ebbdf74028,0,nan,nan,4,6,4,3,13,1,4,4,4,1,1,1,0,4,11,205,0,3,2,1,4,4,0,0,48,1230,0,2,1,0,38,23,1,1,3,0,0,0,14,1,0,0,0,0,0,201,41,37,35,88,546,11,5,236,48,43,69,14,7,101,49,22,32,23,56,15,19,22,66,32,1,48,199,8,6902,245,2
nwsapi_2_2_23,9fec5086f82948595a6be61af3b333ebbdf74028,0,nan,nan,4,6,4,3,13,1,4,4,4,1,1,1,0,4,11,205,0,3,2,1,4,4,0,0,48,1230,0,2,1,0,38,23,1,1,3,0,0,0,14,1,0,0,0,0,0,201,41,37,35,88,546,11,5,236,48,43,69,14,7,101,49,22,32,23,56,15,19,22,66,32,1,48,199,8,6902,245,2
nwsapi_2_2_24,9fec5086f82948595a6be61af3b333ebbdf74028,0,nan,nan,4,6,4,3,13,1,4,4,4,1,1,1,0,4,11,205,0,3,2,1,4,4,0,0,48,1230,0,2,1,0,38,23,1,1,3,0,0,0,14,1,0,0,0,0,0,201,41,37,35,88,546,11,5,236,48,43,69,14,7,101,49,22,32,23,56,15,19,22,66,32,1,48,199,8,6902,245,2
nwsapi_2_2_25,9fec5086f82948595a6be61af3b333ebbdf74028,0,nan,nan,4,6,4,3,13,1,4,4,4,1,1,1,0,4,11,205,0,3,2,1,4,4,0,0,48,1230,0,2,1,0,38,23,1,1,3,0,0,0,14,1,0,0,0,0,0,201,41,37,35,88,546,11,5,236,48,43,69,14,7,101,49,22,32,23,56,15,19,22,66,32,1,48,199,8,6902,245,2
nwsapi_2_2_26,9fec5086f82948595a6be61af3b333ebbdf74028,0,nan,nan,4,6,4,3,13,1,4,4,4,1,1,1,0,4,11,205,0,3,2,1,4,4,0,0,48,1230,0,2,1,0,38,23,1,1,3,0,0,0,14,1,0,0,0,0,0,201,41,37,35,88,546,11,5,236,48,43,69,14,7,101,49,22,32,23,56,15,19,22,66,32,1,48,199,8,6902,245,2
nwsapi_2_2_27,9fec5086f82948595a6be61af3b333ebbdf74028,0,nan,nan,4,6,4,3,13,1,4,4,4,1,1,1,0,4,11,205,0,3,2,1,4,4,0,0,48,1230,0,2,1,0,38,23,1,1,3,0,0,0,14,1,0,0,0,0,0,201,41,37,35,88,546,11,5,236,48,43,69,14,7,101,49,22,32,23,56,15,19,22,66,32,1,48,199,8,6902,245,2
nwsapi_2_2_21,c383df32e132b5d26860b72d906340368c4a4572,0,56903.0,197006677.33333334,1,2,2,1,2,1,0,1,0,0,0,0,0,0,1,208,0,0,0,0,0,0,0,0,2,1336,0,1,0,0,46,1,0,0,0,0,0,0,0,0,0,0,0,0,0,200,56,33,36,82,610,8,4,236,47,45,66,16,8,101,52,26,35,25,47,13,21,13,61,26,0,48,199,5,6998,24,0
nwsapi_2_2_22,c383df32e132b5d26860b72d906340368c4a4572,0,55508.92857142857,198068516.57142857,1,2,2,1,2,1,0,1,0,0,0,0,0,0,1,208,0,0,0,0,0,0,0,0,2,1336,0,1,0,0,46,1,0,0,0,0,0,0,0,0,0,0,0,0,0,200,56,33,36,82,610,8,4,236,47,45,66,16,8,101,52,26,35,25,47,13,21,13,61,26,0,48,199,5,6998,24,0
nwsapi_2_2_23,c383df32e132b5d26860b72d906340368c4a4572,0,56222.333333333336,196523349.33333334,1,2,2,1,2,1,0,1,0,0,0,0,0,0,1,208,0,0,0,0,0,0,0,0,2,1336,0,1,0,0,46,1,0,0,0,0,0,0,0,0,0,0,0,0,0,200,56,33,36,82,610,8,4,236,47,45,66,16,8,101,52,26,35,25,47,13,21,13,61,26,0,48,199,5,6998,24,0
nwsapi_2_2_24,c383df32e132b5d26860b72d906340368c4a4572,0,56607.666666666664,197200554.66666666,1,2,2,1,2,1,0,1,0,0,0,0,0,0,1,208,0,0,0,0,0,0,0,0,2,1336,0,1,0,0,46,1,0,0,0,0,0,0,0,0,0,0,0,0,0,200,56,33,36,82,610,8,4,236,47,45,66,16,8,101,52,26,35,25,47,13,21,13,61,26,0,48,199,5,6998,24,0
nwsapi_2_2_25,c383df32e132b5d26860b72d906340368c4a4572,0,56203.125,197210112.0,1,2,2,1,2,1,0,1,0,0,0,0,0,0,1,208,0,0,0,0,0,0,0,0,2,1336,0,1,0,0,46,1,0,0,0,0,0,0,0,0,0,0,0,0,0,200,56,33,36,82,610,8,4,236,47,45,66,16,8,101,52,26,35,25,47,13,21,13,61,26,0,48,199,5,6998,24,0
nwsapi_2_2_26,c383df32e132b5d26860b72d906340368c4a4572,0,57339.28571428572,197406134.85714287,1,2,2,1,2,1,0,1,0,0,0,0,0,0,1,208,0,0,0,0,0,0,0,0,2,1336,0,1,0,0,46,1,0,0,0,0,0,0,0,0,0,0,0,0,0,200,56,33,36,82,610,8,4,236,47,45,66,16,8,101,52,26,35,25,47,13,21,13,61,26,0,48,199,5,6998,24,0
nwsapi_2_2_27,c383df32e132b5d26860b72d906340368c4a4572,0,55515.5,197976064.0,1,2,2,1,2,1,0,1,0,0,0,0,0,0,1,208,0,0,0,0,0,0,0,0,2,1336,0,1,0,0,46,1,0,0,0,0,0,0,0,0,0,0,0,0,0,200,56,33,36,82,610,8,4,236,47,45,66,16,8,101,52,26,35,25,47,13,21,13,61,26,0,48,199,5,6998,24,0
nwsapi_2_2_21,86f2b2c63230d950e19a7a0e7f5e80bc3446f022,0,nan,nan,19,37,28,14,48,11,13,17,13,10,6,10,4,9,43,112,4,9,1,11,9,9,3,0,293,1000,1,20,13,2,35,144,0,1,1,1,3,5,67,1,6,0,0,0,0,200,56,39,12,70,355,3,0,212,27,30,47,7,4,99,15,3,19,11,50,21,14,15,49,25,0,47,199,6,5306,1300,4
nwsapi_2_2_22,86f2b2c63230d950e19a7a0e7f5e80bc3446f022,0,nan,nan,19,37,28,14,48,11,13,17,13,10,6,10,4,9,43,112,4,9,1,11,9,9,3,0,293,1000,1,20,13,2,35,144,0,1,1,1,3,5,67,1,6,0,0,0,0,200,56,39,12,70,355,3,0,212,27,30,47,7,4,99,15,3,19,11,50,21,14,15,49,25,0,47,199,6,5306,1300,4
nwsapi_2_2_23,86f2b2c63230d950e19a7a0e7f5e80bc3446f022,0,nan,nan,19,37,28,14,48,11,13,17,13,10,6,10,4,9,43,112,4,9,1,11,9,9,3,0,293,1000,1,20,13,2,35,144,0,1,1,1,3,5,67,1,6,0,0,0,0,200,56,39,12,70,355,3,0,212,27,30,47,7,4,99,15,3,19,11,50,21,14,15,49,25,0,47,199,6,5306,1300,4
nwsapi_2_2_24,86f2b2c63230d950e19a7a0e7f5e80bc3446f022,0,nan,nan,19,37,28,14,48,11,13,17,13,10,6,10,4,9,43,112,4,9,1,11,9,9,3,0,293,1000,1,20,13,2,35,144,0,1,1,1,3,5,67,1,6,0,0,0,0,200,56,39,12,70,355,3,0,212,27,30,47,7,4,99,15,3,19,11,50,21,14,15,49,25,0,47,199,6,5306,1300,4
nwsapi_2_2_25,86f2b2c63230d950e19a7a0e7f5e80bc3446f022,0,nan,nan,19,37,28,14,48,11,13,17,13,10,6,10,4,9,43,112,4,9,1,11,9,9,3,0,293,1000,1,20,13,2,35,144,0,1,1,1,3,5,67,1,6,0,0,0,0,200,56,39,12,70,355,3,0,212,27,30,47,7,4,99,15,3,19,11,50,21,14,15,49,25,0,47,199,6,5306,1300,4
nwsapi_2_2_26,86f2b2c63230d950e19a7a0e7f5e80bc3446f022,0,nan,nan,19,37,28,14,48,11,13,17,13,10,6,10,4,9,43,112,4,9,1,11,9,9,3,0,293,1000,1,20,13,2,35,144,0,1,1,1,3,5,67,1,6,0,0,0,0,200,56,39,12,70,355,3,0,212,27,30,47,7,4,99,15,3,19,11,50,21,14,15,49,25,0,47,199,6,5306,1300,4
nwsapi_2_2_27,86f2b2c63230d950e19a7a0e7f5e80bc3446f022,0,nan,nan,19,37,28,14,48,11,13,17,13,10,6,10,4,9,43,112,4,9,1,11,9,9,3,0,293,1000,1,20,13,2,35,144,0,1,1,1,3,5,67,1,6,0,0,0,0,200,56,39,12,70,355,3,0,212,27,30,47,7,4,99,15,3,19,11,50,21,14,15,49,25,0,47,199,6,5306,1300,4
nwsapi_2_2_21,8c0508366496417bffc7747e7eac911874f7823d,0,250739.625,202563584.0,7,13,11,5,15,4,3,3,5,4,3,4,1,2,13,158,0,5,0,5,2,2,0,1,64,1319,0,6,5,0,52,28,0,0,0,0,0,0,15,0,0,0,0,0,0,205,57,38,19,84,540,8,4,228,42,29,48,8,3,96,37,16,28,21,47,13,17,17,64,31,9,44,199,11,6441,350,1
nwsapi_2_2_22,8c0508366496417bffc7747e7eac911874f7823d,0,247307.375,204300288.0,7,13,11,5,15,4,3,3,5,4,3,4,1,2,13,158,0,5,0,5,2,2,0,1,64,1319,0,6,5,0,52,28,0,0,0,0,0,0,15,0,0,0,0,0,0,205,57,38,19,84,540,8,4,228,42,29,48,8,3,96,37,16,28,21,47,13,17,17,64,31,9,44,199,11,6441,350,1
nwsapi_2_2_23,8c0508366496417bffc7747e7eac911874f7823d,0,248083.33333333334,201654272.0,7,13,11,5,15,4,3,3,5,4,3,4,1,2,13,158,0,5,0,5,2,2,0,1,64,1319,0,6,5,0,52,28,0,0,0,0,0,0,15,0,0,0,0,0,0,205,57,38,19,84,540,8,4,228,42,29,48,8,3,96,37,16,28,21,47,13,17,17,64,31,9,44,199,11,6441,350,1
nwsapi_2_2_24,8c0508366496417bffc7747e7eac911874f7823d,0,246416.625,201994240.0,7,13,11,5,15,4,3,3,5,4,3,4,1,2,13,158,0,5,0,5,2,2,0,1,64,1319,0,6,5,0,52,28,0,0,0,0,0,0,15,0,0,0,0,0,0,205,57,38,19,84,540,8,4,228,42,29,48,8,3,96,37,16,28,21,47,13,17,17,64,31,9,44,199,11,6441,350,1
nwsapi_2_2_25,8c0508366496417bffc7747e7eac911874f7823d,0,249340.5,202233173.33333334,7,13,11,5,15,4,3,3,5,4,3,4,1,2,13,158,0,5,0,5,2,2,0,1,64,1319,0,6,5,0,52,28,0,0,0,0,0,0,15,0,0,0,0,0,0,205,57,38,19,84,540,8,4,228,42,29,48,8,3,96,37,16,28,21,47,13,17,17,64,31,9,44,199,11,6441,350,1
nwsapi_2_2_26,8c0508366496417bffc7747e7eac911874f7823d,0,252276.0,202973184.0,7,13,11,5,15,4,3,3,5,4,3,4,1,2,13,158,0,5,0,5,2,2,0,1,64,1319,0,6,5,0,52,28,0,0,0,0,0,0,15,0,0,0,0,0,0,205,57,38,19,84,540,8,4,228,42,29,48,8,3,96,37,16,28,21,47,13,17,17,64,31,9,44,199,11,6441,350,1
nwsapi_2_2_27,8c0508366496417bffc7747e7eac911874f7823d,0,252898.92857142858,201715126.85714287,7,13,11,5,15,4,3,3,5,4,3,4,1,2,13,158,0,5,0,5,2,2,0,1,64,1319,0,6,5,0,52,28,0,0,0,0,0,0,15,0,0,0,0,0,0,205,57,38,19,84,540,8,4,228,42,29,48,8,3,96,37,16,28,21,47,13,17,17,64,31,9,44,199,11,6441,350,1
nwsapi_2_2_21,a91d7a612dce009512b5055511cd6a0b666bb3b8,0,2302.25,197240832.0,1,5,2,2,3,0,0,2,1,0,0,0,0,0,3,171,0,0,0,0,0,0,0,0,5,1257,0,4,0,0,47,3,0,0,0,0,0,0,0,0,0,0,0,0,0,206,56,42,20,101,678,15,7,239,45,44,62,14,6,101,28,11,30,18,58,17,19,22,42,33,19,54,199,5,7109,28,0
nwsapi_2_2_22,a91d7a612dce009512b5055511cd6a0b666bb3b8,0,2395.9375,196956160.0,1,5,2,2,3,0,0,2,1,0,0,0,0,0,3,171,0,0,0,0,0,0,0,0,5,1257,0,4,0,0,47,3,0,0,0,0,0,0,0,0,0,0,0,0,0,206,56,42,20,101,678,15,7,239,45,44,62,14,6,101,28,11,30,18,58,17,19,22,42,33,19,54,199,5,7109,28,0
nwsapi_2_2_23,a91d7a612dce009512b5055511cd6a0b666bb3b8,0,2307.25,197451776.0,1,5,2,2,3,0,0,2,1,0,0,0,0,0,3,171,0,0,0,0,0,0,0,0,5,1257,0,4,0,0,47,3,0,0,0,0,0,0,0,0,0,0,0,0,0,206,56,42,20,101,678,15,7,239,45,44,62,14,6,101,28,11,30,18,58,17,19,22,42,33,19,54,199,5,7109,28,0
nwsapi_2_2_24,a91d7a612dce009512b5055511cd6a0b666bb3b8,0,2307.375,196601856.0,1,5,2,2,3,0,0,2,1,0,0,0,0,0,3,171,0,0,0,0,0,0,0,0,5,1257,0,4,0,0,47,3,0,0,0,0,0,0,0,0,0,0,0,0,0,206,56,42,20,101,678,15,7,239,45,44,62,14,6,101,28,11,30,18,58,17,19,22,42,33,19,54,199,5,7109,28,0
nwsapi_2_2_25,a91d7a612dce009512b5055511cd6a0b666bb3b8,0,2713.5,197517312.0,1,5,2,2,3,0,0,2,1,0,0,0,0,0,3,171,0,0,0,0,0,0,0,0,5,1257,0,4,0,0,47,3,0,0,0,0,0,0,0,0,0,0,0,0,0,206,56,42,20,101,678,15,7,239,45,44,62,14,6,101,28,11,30,18,58,17,19,22,42,33,19,54,199,5,7109,28,0
nwsapi_2_2_26,a91d7a612dce009512b5055511cd6a0b666bb3b8,0,2694.5,197541888.0,1,5,2,2,3,0,0,2,1,0,0,0,0,0,3,171,0,0,0,0,0,0,0,0,5,1257,0,4,0,0,47,3,0,0,0,0,0,0,0,0,0,0,0,0,0,206,56,42,20,101,678,15,7,239,45,44,62,14,6,101,28,11,30,18,58,17,19,22,42,33,19,54,199,5,7109,28,0
nwsapi_2_2_27,a91d7a612dce009512b5055511cd6a0b666bb3b8,0,2948.125,196993024.0,1,5,2,2,3,0,0,2,1,0,0,0,0,0,3,171,0,0,0,0,0,0,0,0,5,1257,0,4,0,0,47,3,0,0,0,0,0,0,0,0,0,0,0,0,0,206,56,42,20,101,678,15,7,239,45,44,62,14,6,101,28,11,30,18,58,17,19,22,42,33,19,54,199,5,7109,28,0
nwsapi_2_2_21,c46095c12fc2dea47ce3d1673e4aac65fec1c66b,0,nan,nan,9,16,14,7,19,4,5,6,5,3,2,3,2,3,22,170,11,0,0,6,3,3,1,0,110,1004,8,8,6,0,32,61,0,0,0,0,0,2,32,0,1,0,0,0,0,208,49,37,0,90,650,12,8,227,39,37,55,7,4,116,40,13,31,17,53,17,12,24,62,37,27,44,199,4,6597,545,2
nwsapi_2_2_22,c46095c12fc2dea47ce3d1673e4aac65fec1c66b,0,nan,nan,9,16,14,7,19,4,5,6,5,3,2,3,2,3,22,170,11,0,0,6,3,3,1,0,110,1004,8,8,6,0,32,61,0,0,0,0,0,2,32,0,1,0,0,0,0,208,49,37,0,90,650,12,8,227,39,37,55,7,4,116,40,13,31,17,53,17,12,24,62,37,27,44,199,4,6597,545,2
nwsapi_2_2_23,c46095c12fc2dea47ce3d1673e4aac65fec1c66b,0,nan,nan,9,16,14,7,19,4,5,6,5,3,2,3,2,3,22,170,11,0,0,6,3,3,1,0,110,1004,8,8,6,0,32,61,0,0,0,0,0,2,32,0,1,0,0,0,0,208,49,37,0,90,650,12,8,227,39,37,55,7,4,116,40,13,31,17,53,17,12,24,62,37,27,44,199,4,6597,545,2
nwsapi_2_2_24,c46095c12fc2dea47ce3d1673e4aac65fec1c66b,0,nan,nan,9,16,14,7,19,4,5,6,5,3,2,3,2,3,22,170,11,0,0,6,3,3,1,0,110,1004,8,8,6,0,32,61,0,0,0,0,0,2,32,0,1,0,0,0,0,208,49,37,0,90,650,12,8,227,39,37,55,7,4,116,40,13,31,17,53,17,12,24,62,37,27,44,199,4,6597,545,2
nwsapi_2_2_25,c46095c12fc2dea47ce3d1673e4aac65fec1c66b,0,nan,nan,9,16,14,7,19,4,5,6,5,3,2,3,2,3,22,170,11,0,0,6,3,3,1,0,110,1004,8,8,6,0,32,61,0,0,0,0,0,2,32,0,1,0,0,0,0,208,49,37,0,90,650,12,8,227,39,37,55,7,4,116,40,13,31,17,53,17,12,24,62,37,27,44,199,4,6597,545,2
nwsapi_2_2_26,c46095c12fc2dea47ce3d1673e4aac65fec1c66b,0,nan,nan,9,16,14,7,19,4,5,6,5,3,2,3,2,3,22,170,11,0,0,6,3,3,1,0,110,1004,8,8,6,0,32,61,0,0,0,0,0,2,32,0,1,0,0,0,0,208,49,37,0,90,650,12,8,227,39,37,55,7,4,116,40,13,31,17,53,17,12,24,62,37,27,44,199,4,6597,545,2
nwsapi_2_2_27,c46095c12fc2dea47ce3d1673e4aac65fec1c66b,0,nan,nan,9,16,14,7,19,4,5,6,5,3,2,3,2,3,22,170,11,0,0,6,3,3,1,0,110,1004,8,8,6,0,32,61,0,0,0,0,0,2,32,0,1,0,0,0,0,208,49,37,0,90,650,12,8,227,39,37,55,7,4,116,40,13,31,17,53,17,12,24,62,37,27,44,199,4,6597,545,2
nwsapi_2_2_21,8077ce5d00ec51f0f35faff2ae322e76c73c2345,0,149166.7,200428748.8,2,2,1,0,3,1,0,1,1,0,0,0,0,0,2,123,0,0,0,1,0,0,0,0,21,1131,0,0,1,0,41,12,0,0,0,0,0,0,3,0,0,0,0,0,0,200,74,7,40,38,369,15,6,240,23,19,28,16,9,23,42,22,21,20,9,3,4,2,58,0,0,68,199,8,5572,76,0
nwsapi_2_2_22,8077ce5d00ec51f0f35faff2ae322e76c73c2345,0,145666.5,200698538.66666666,2,2,1,0,3,1,0,1,1,0,0,0,0,0,2,123,0,0,0,1,0,0,0,0,21,1131,0,0,1,0,41,12,0,0,0,0,0,0,3,0,0,0,0,0,0,200,74,7,40,38,369,15,6,240,23,19,28,16,9,23,42,22,21,20,9,3,4,2,58,0,0,68,199,8,5572,76,0
nwsapi_2_2_23,8077ce5d00ec51f0f35faff2ae322e76c73c2345,0,150169.1875,201891840.0,2,2,1,0,3,1,0,1,1,0,0,0,0,0,2,123,0,0,0,1,0,0,0,0,21,1131,0,0,1,0,41,12,0,0,0,0,0,0,3,0,0,0,0,0,0,200,74,7,40,38,369,15,6,240,23,19,28,16,9,23,42,22,21,20,9,3,4,2,58,0,0,68,199,8,5572,76,0
nwsapi_2_2_24,8077ce5d00ec51f0f35faff2ae322e76c73c2345,0,148463.5,200785920.0,2,2,1,0,3,1,0,1,1,0,0,0,0,0,2,123,0,0,0,1,0,0,0,0,21,1131,0,0,1,0,41,12,0,0,0,0,0,0,3,0,0,0,0,0,0,200,74,7,40,38,369,15,6,240,23,19,28,16,9,23,42,22,21,20,9,3,4,2,58,0,0,68,199,8,5572,76,0
nwsapi_2_2_25,8077ce5d00ec51f0f35faff2ae322e76c73c2345,0,151630.375,202172416.0,2,2,1,0,3,1,0,1,1,0,0,0,0,0,2,123,0,0,0,1,0,0,0,0,21,1131,0,0,1,0,41,12,0,0,0,0,0,0,3,0,0,0,0,0,0,200,74,7,40,38,369,15,6,240,23,19,28,16,9,23,42,22,21,20,9,3,4,2,58,0,0,68,199,8,5572,76,0
nwsapi_2_2_26,8077ce5d00ec51f0f35faff2ae322e76c73c2345,0,146000.0,199278592.0,2,2,1,0,3,1,0,1,1,0,0,0,0,0,2,123,0,0,0,1,0,0,0,0,21,1131,0,0,1,0,41,12,0,0,0,0,0,0,3,0,0,0,0,0,0,200,74,7,40,38,369,15,6,240,23,19,28,16,9,23,42,22,21,20,9,3,4,2,58,0,0,68,199,8,5572,76,0
nwsapi_2_2_27,8077ce5d00ec51f0f35faff2ae322e76c73c2345,0,153013.91666666666,200832341.33333334,2,2,1,0,3,1,0,1,1,0,0,0,0,0,2,123,0,0,0,1,0,0,0,0,21,1131,0,0,1,0,41,12,0,0,0,0,0,0,3,0,0,0,0,0,0,200,74,7,40,38,369,15,6,240,23,19,28,16,9,23,42,22,21,20,9,3,4,2,58,0,0,68,199,8,5572,76,0
nwsapi_2_2_21,f0df69bfcb4577b591186e2aeda56500b7787d33,0,4393.25,197541888.0,1,6,4,1,4,2,1,0,1,1,1,1,1,0,2,309,1,0,0,0,0,0,0,0,4,1951,0,5,0,0,109,2,0,0,0,0,0,0,0,0,0,0,0,0,0,46,10,17,51,79,473,30,14,121,43,53,78,27,15,63,119,61,54,57,29,10,7,12,13,10,41,12,28,6,6789,67,0
nwsapi_2_2_22,f0df69bfcb4577b591186e2aeda56500b7787d33,0,4578.1875,196931584.0,1,6,4,1,4,2,1,0,1,1,1,1,1,0,2,309,1,0,0,0,0,0,0,0,4,1951,0,5,0,0,109,2,0,0,0,0,0,0,0,0,0,0,0,0,0,46,10,17,51,79,473,30,14,121,43,53,78,27,15,63,119,61,54,57,29,10,7,12,13,10,41,12,28,6,6789,67,0
nwsapi_2_2_23,f0df69bfcb4577b591186e2aeda56500b7787d33,0,4444.333333333333,197165056.0,1,6,4,1,4,2,1,0,1,1,1,1,1,0,2,309,1,0,0,0,0,0,0,0,4,1951,0,5,0,0,109,2,0,0,0,0,0,0,0,0,0,0,0,0,0,46,10,17,51,79,473,30,14,121,43,53,78,27,15,63,119,61,54,57,29,10,7,12,13,10,41,12,28,6,6789,67,0
nwsapi_2_2_24,f0df69bfcb4577b591186e2aeda56500b7787d33,0,4222.333333333333,196460544.0,1,6,4,1,4,2,1,0,1,1,1,1,1,0,2,309,1,0,0,0,0,0,0,0,4,1951,0,5,0,0,109,2,0,0,0,0,0,0,0,0,0,0,0,0,0,46,10,17,51,79,473,30,14,121,43,53,78,27,15,63,119,61,54,57,29,10,7,12,13,10,41,12,28,6,6789,67,0
nwsapi_2_2_25,f0df69bfcb4577b591186e2aeda56500b7787d33,0,4624.9,196791500.8,1,6,4,1,4,2,1,0,1,1,1,1,1,0,2,309,1,0,0,0,0,0,0,0,4,1951,0,5,0,0,109,2,0,0,0,0,0,0,0,0,0,0,0,0,0,46,10,17,51,79,473,30,14,121,43,53,78,27,15,63,119,61,54,57,29,10,7,12,13,10,41,12,28,6,6789,67,0
nwsapi_2_2_26,f0df69bfcb4577b591186e2aeda56500b7787d33,0,5226.5,197464064.0,1,6,4,1,4,2,1,0,1,1,1,1,1,0,2,309,1,0,0,0,0,0,0,0,4,1951,0,5,0,0,109,2,0,0,0,0,0,0,0,0,0,0,0,0,0,46,10,17,51,79,473,30,14,121,43,53,78,27,15,63,119,61,54,57,29,10,7,12,13,10,41,12,28,6,6789,67,0
nwsapi_2_2_27,f0df69bfcb4577b591186e2aeda56500b7787d33,0,4744.625,197844992.0,1,6,4,1,4,2,1,0,1,1,1,1,1,0,2,309,1,0,0,0,0,0,0,0,4,1951,0,5,0,0,109,2,0,0,0,0,0,0,0,0,0,0,0,0,0,46,10,17,51,79,473,30,14,121,43,53,78,27,15,63,119,61,54,57,29,10,7,12,13,10,41,12,28,6,6789,67,0
nwsapi_2_2_21,782e674924b7f4179d9fbc5743f21c2fffe8f691,0,9382.8125,197957632.0,2,3,1,1,6,0,3,0,3,0,0,0,3,0,3,303,0,0,0,1,0,0,0,0,8,1929,0,1,1,0,93,8,0,0,0,0,0,0,4,0,0,0,0,0,0,30,5,13,48,67,460,34,21,103,52,47,95,25,12,47,99,56,45,51,20,8,5,7,7,10,35,12,19,8,6395,73,0
nwsapi_2_2_22,782e674924b7f4179d9fbc5743f21c2fffe8f691,0,4138.666666666667,197503658.66666666,2,3,1,1,6,0,3,0,3,0,0,0,3,0,3,303,0,0,0,1,0,0,0,0,8,1929,0,1,1,0,93,8,0,0,0,0,0,0,4,0,0,0,0,0,0,30,5,13,48,67,460,34,21,103,52,47,95,25,12,47,99,56,45,51,20,8,5,7,7,10,35,12,19,8,6395,73,0
nwsapi_2_2_23,782e674924b7f4179d9fbc5743f21c2fffe8f691,0,4072.9375,197214208.0,2,3,1,1,6,0,3,0,3,0,0,0,3,0,3,303,0,0,0,1,0,0,0,0,8,1929,0,1,1,0,93,8,0,0,0,0,0,0,4,0,0,0,0,0,0,30,5,13,48,67,460,34,21,103,52,47,95,25,12,47,99,56,45,51,20,8,5,7,7,10,35,12,19,8,6395,73,0
nwsapi_2_2_24,782e674924b7f4179d9fbc5743f21c2fffe8f691,0,4041.6666666666665,197094058.66666666,2,3,1,1,6,0,3,0,3,0,0,0,3,0,3,303,0,0,0,1,0,0,0,0,8,1929,0,1,1,0,93,8,0,0,0,0,0,0,4,0,0,0,0,0,0,30,5,13,48,67,460,34,21,103,52,47,95,25,12,47,99,56,45,51,20,8,5,7,7,10,35,12,19,8,6395,73,0
nwsapi_2_2_25,782e674924b7f4179d9fbc5743f21c2fffe8f691,0,4298.333333333333,197946026.66666666,2,3,1,1,6,0,3,0,3,0,0,0,3,0,3,303,0,0,0,1,0,0,0,0,8,1929,0,1,1,0,93,8,0,0,0,0,0,0,4,0,0,0,0,0,0,30,5,13,48,67,460,34,21,103,52,47,95,25,12,47,99,56,45,51,20,8,5,7,7,10,35,12,19,8,6395,73,0
nwsapi_2_2_26,782e674924b7f4179d9fbc5743f21c2fffe8f691,0,4458.5,197398528.0,2,3,1,1,6,0,3,0,3,0,0,0,3,0,3,303,0,0,0,1,0,0,0,0,8,1929,0,1,1,0,93,8,0,0,0,0,0,0,4,0,0,0,0,0,0,30,5,13,48,67,460,34,21,103,52,47,95,25,12,47,99,56,45,51,20,8,5,7,7,10,35,12,19,8,6395,73,0
nwsapi_2_2_27,782e674924b7f4179d9fbc5743f21c2fffe8f691,0,4300.0,196473651.2,2,3,1,1,6,0,3,0,3,0,0,0,3,0,3,303,0,0,0,1,0,0,0,0,8,1929,0,1,1,0,93,8,0,0,0,0,0,0,4,0,0,0,0,0,0,30,5,13,48,67,460,34,21,103,52,47,95,25,12,47,99,56,45,51,20,8,5,7,7,10,35,12,19,8,6395,73,0
nwsapi_2_2_21,bdfc8f6781476cf3b354a1aceac2310b4f08eacb,0,33079.833333333336,197795840.0,1,1,0,0,5,2,0,3,0,1,0,1,0,0,3,288,0,0,0,0,0,0,0,0,15,1827,0,0,0,0,104,10,0,0,0,0,0,0,5,0,0,0,0,0,0,28,2,16,61,76,543,30,14,105,37,45,87,31,14,49,104,55,46,48,25,8,11,6,11,10,24,6,19,9,6210,80,0
nwsapi_2_2_22,bdfc8f6781476cf3b354a1aceac2310b4f08eacb,0,33298.666666666664,197367125.33333334,1,1,0,0,5,2,0,3,0,1,0,1,0,0,3,288,0,0,0,0,0,0,0,0,15,1827,0,0,0,0,104,10,0,0,0,0,0,0,5,0,0,0,0,0,0,28,2,16,61,76,543,30,14,105,37,45,87,31,14,49,104,55,46,48,25,8,11,6,11,10,24,6,19,9,6210,80,0
nwsapi_2_2_23,bdfc8f6781476cf3b354a1aceac2310b4f08eacb,0,32380.375,197480448.0,1,1,0,0,5,2,0,3,0,1,0,1,0,0,3,288,0,0,0,0,0,0,0,0,15,1827,0,0,0,0,104,10,0,0,0,0,0,0,5,0,0,0,0,0,0,28,2,16,61,76,543,30,14,105,37,45,87,31,14,49,104,55,46,48,25,8,11,6,11,10,24,6,19,9,6210,80,0
nwsapi_2_2_24,bdfc8f6781476cf3b354a1aceac2310b4f08eacb,0,33068.357142857145,196846738.2857143,1,1,0,0,5,2,0,3,0,1,0,1,0,0,3,288,0,0,0,0,0,0,0,0,15,1827,0,0,0,0,104,10,0,0,0,0,0,0,5,0,0,0,0,0,0,28,2,16,61,76,543,30,14,105,37,45,87,31,14,49,104,55,46,48,25,8,11,6,11,10,24,6,19,9,6210,80,0
nwsapi_2_2_25,bdfc8f6781476cf3b354a1aceac2310b4f08eacb,0,30979.125,196558848.0,1,1,0,0,5,2,0,3,0,1,0,1,0,0,3,288,0,0,0,0,0,0,0,0,15,1827,0,0,0,0,104,10,0,0,0,0,0,0,5,0,0,0,0,0,0,28,2,16,61,76,543,30,14,105,37,45,87,31,14,49,104,55,46,48,25,8,11,6,11,10,24,6,19,9,6210,80,0
nwsapi_2_2_26,bdfc8f6781476cf3b354a1aceac2310b4f08eacb,0,32194.666666666668,198366549.33333334,1,1,0,0,5,2,0,3,0,1,0,1,0,0,3,288,0,0,0,0,0,0,0,0,15,1827,0,0,0,0,104,10,0,0,0,0,0,0,5,0,0,0,0,0,0,28,2,16,61,76,543,30,14,105,37,45,87,31,14,49,104,55,46,48,25,8,11,6,11,10,24,6,19,9,6210,80,0
nwsapi_2_2_27,bdfc8f6781476cf3b354a1aceac2310b4f08eacb,0,34224.0625,197099520.0,1,1,0,0,5,2,0,3,0,1,0,1,0,0,3,288,0,0,0,0,0,0,0,0,15,1827,0,0,0,0,104,10,0,0,0,0,0,0,5,0,0,0,0,0,0,28,2,16,61,76,543,30,14,105,37,45,87,31,14,49,104,55,46,48,25,8,11,6,11,10,24,6,19,9,6210,80,0
nwsapi_2_2_21,10afa121a66346c44b674ac39e987f77f85f40da,0,40966.25,197459968.0,1,2,2,2,2,0,0,1,1,0,0,0,0,0,2,311,0,0,0,0,0,0,0,0,10,1935,0,1,0,0,116,4,0,0,0,0,0,0,3,0,0,0,0,0,0,20,10,23,99,81,467,31,15,119,56,50,96,31,14,54,94,47,51,60,37,11,15,11,4,2,0,6,19,12,6745,45,0
nwsapi_2_2_22,10afa121a66346c44b674ac39e987f77f85f40da,0,42195.3125,197337088.0,1,2,2,2,2,0,0,1,1,0,0,0,0,0,2,311,0,0,0,0,0,0,0,0,10,1935,0,1,0,0,116,4,0,0,0,0,0,0,3,0,0,0,0,0,0,20,10,23,99,81,467,31,15,119,56,50,96,31,14,54,94,47,51,60,37,11,15,11,4,2,0,6,19,12,6745,45,0
nwsapi_2_2_23,10afa121a66346c44b674ac39e987f77f85f40da,0,39347.166666666664,196318549.33333334,1,2,2,2,2,0,0,1,1,0,0,0,0,0,2,311,0,0,0,0,0,0,0,0,10,1935,0,1,0,0,116,4,0,0,0,0,0,0,3,0,0,0,0,0,0,20,10,23,99,81,467,31,15,119,56,50,96,31,14,54,94,47,51,60,37,11,15,11,4,2,0,6,19,12,6745,45,0
nwsapi_2_2_24,10afa121a66346c44b674ac39e987f77f85f40da,0,41437.5,196886528.0,1,2,2,2,2,0,0,1,1,0,0,0,0,0,2,311,0,0,0,0,0,0,0,0,10,1935,0,1,0,0,116,4,0,0,0,0,0,0,3,0,0,0,0,0,0,20,10,23,99,81,467,31,15,119,56,50,96,31,14,54,94,47,51,60,37,11,15,11,4,2,0,6,19,12,6745,45,0
nwsapi_2_2_25,10afa121a66346c44b674ac39e987f77f85f40da,0,41192.75,197750784.0,1,2,2,2,2,0,0,1,1,0,0,0,0,0,2,311,0,0,0,0,0,0,0,0,10,1935,0,1,0,0,116,4,0,0,0,0,0,0,3,0,0,0,0,0,0,20,10,23,99,81,467,31,15,119,56,50,96,31,14,54,94,47,51,60,37,11,15,11,4,2,0,6,19,12,6745,45,0
nwsapi_2_2_26,10afa121a66346c44b674ac39e987f77f85f40da,0,40526.125,196911104.0,1,2,2,2,2,0,0,1,1,0,0,0,0,0,2,311,0,0,0,0,0,0,0,0,10,1935,0,1,0,0,116,4,0,0,0,0,0,0,3,0,0,0,0,0,0,20,10,23,99,81,467,31,15,119,56,50,96,31,14,54,94,47,51,60,37,11,15,11,4,2,0,6,19,12,6745,45,0
nwsapi_2_2_27,10afa121a66346c44b674ac39e987f77f85f40da,0,40342.21428571428,197216548.57142857,1,2,2,2,2,0,0,1,1,0,0,0,0,0,2,311,0,0,0,0,0,0,0,0,10,1935,0,1,0,0,116,4,0,0,0,0,0,0,3,0,0,0,0,0,0,20,10,23,99,81,467,31,15,119,56,50,96,31,14,54,94,47,51,60,37,11,15,11,4,2,0,6,19,12,6745,45,0
nwsapi_2_2_21,a6801764a7de0d34d75412ba1859cdcd274b6b4c,0,53593.875,198615040.0,4,7,5,2,8,4,2,0,2,3,3,3,1,1,2,285,0,0,0,2,1,1,0,0,4,1869,0,3,2,0,114,3,0,0,0,0,0,0,1,0,0,0,0,0,0,32,10,20,46,86,543,26,11,105,55,42,88,29,14,46,83,39,45,51,23,9,11,3,10,7,39,7,19,7,6178,108,1
nwsapi_2_2_22,a6801764a7de0d34d75412ba1859cdcd274b6b4c,0,47471.4375,197273600.0,4,7,5,2,8,4,2,0,2,3,3,3,1,1,2,285,0,0,0,2,1,1,0,0,4,1869,0,3,2,0,114,3,0,0,0,0,0,0,1,0,0,0,0,0,0,32,10,20,46,86,543,26,11,105,55,42,88,29,14,46,83,39,45,51,23,9,11,3,10,7,39,7,19,7,6178,108,1
nwsapi_2_2_23,a6801764a7de0d34d75412ba1859cdcd274b6b4c,0,48451.5,199081984.0,4,7,5,2,8,4,2,0,2,3,3,3,1,1,2,285,0,0,0,2,1,1,0,0,4,1869,0,3,2,0,114,3,0,0,0,0,0,0,1,0,0,0,0,0,0,32,10,20,46,86,543,26,11,105,55,42,88,29,14,46,83,39,45,51,23,9,11,3,10,7,39,7,19,7,6178,108,1
nwsapi_2_2_24,a6801764a7de0d34d75412ba1859cdcd274b6b4c,0,50794.25,199860224.0,4,7,5,2,8,4,2,0,2,3,3,3,1,1,2,285,0,0,0,2,1,1,0,0,4,1869,0,3,2,0,114,3,0,0,0,0,0,0,1,0,0,0,0,0,0,32,10,20,46,86,543,26,11,105,55,42,88,29,14,46,83,39,45,51,23,9,11,3,10,7,39,7,19,7,6178,108,1
nwsapi_2_2_25,a6801764a7de0d34d75412ba1859cdcd274b6b4c,0,50244.9375,197304320.0,4,7,5,2,8,4,2,0,2,3,3,3,1,1,2,285,0,0,0,2,1,1,0,0,4,1869,0,3,2,0,114,3,0,0,0,0,0,0,1,0,0,0,0,0,0,32,10,20,46,86,543,26,11,105,55,42,88,29,14,46,83,39,45,51,23,9,11,3,10,7,39,7,19,7,6178,108,1
nwsapi_2_2_26,a6801764a7de0d34d75412ba1859cdcd274b6b4c,0,51586.0,199559168.0,4,7,5,2,8,4,2,0,2,3,3,3,1,1,2,285,0,0,0,2,1,1,0,0,4,1869,0,3,2,0,114,3,0,0,0,0,0,0,1,0,0,0,0,0,0,32,10,20,46,86,543,26,11,105,55,42,88,29,14,46,83,39,45,51,23,9,11,3,10,7,39,7,19,7,6178,108,1
nwsapi_2_2_27,a6801764a7de0d34d75412ba1859cdcd274b6b4c,0,51148.4375,198076416.0,4,7,5,2,8,4,2,0,2,3,3,3,1,1,2,285,0,0,0,2,1,1,0,0,4,1869,0,3,2,0,114,3,0,0,0,0,0,0,1,0,0,0,0,0,0,32,10,20,46,86,543,26,11,105,55,42,88,29,14,46,83,39,45,51,23,9,11,3,10,7,39,7,19,7,6178,108,1
nwsapi_2_2_21,b11add0a088f641cf88b17d615b78ba6ef8057ef,0,35833.5,197096243.2,2,2,0,0,6,1,2,1,2,1,1,1,2,0,3,339,0,0,0,1,0,0,0,0,6,1946,0,0,1,0,96,3,0,0,0,0,0,0,0,0,0,0,0,0,0,38,13,12,24,66,390,26,10,105,55,52,110,31,16,47,97,48,61,46,16,3,10,3,9,9,61,10,19,5,6395,51,0
nwsapi_2_2_22,b11add0a088f641cf88b17d615b78ba6ef8057ef,0,32492.833333333332,196788224.0,2,2,0,0,6,1,2,1,2,1,1,1,2,0,3,339,0,0,0,1,0,0,0,0,6,1946,0,0,1,0,96,3,0,0,0,0,0,0,0,0,0,0,0,0,0,38,13,12,24,66,390,26,10,105,55,52,110,31,16,47,97,48,61,46,16,3,10,3,9,9,61,10,19,5,6395,51,0
nwsapi_2_2_23,b11add0a088f641cf88b17d615b78ba6ef8057ef,0,31069.333333333332,196400469.33333334,2,2,0,0,6,1,2,1,2,1,1,1,2,0,3,339,0,0,0,1,0,0,0,0,6,1946,0,0,1,0,96,3,0,0,0,0,0,0,0,0,0,0,0,0,0,38,13,12,24,66,390,26,10,105,55,52,110,31,16,47,97,48,61,46,16,3,10,3,9,9,61,10,19,5,6395,51,0
nwsapi_2_2_24,b11add0a088f641cf88b17d615b78ba6ef8057ef,0,32866.07142857143,197883611.42857143,2,2,0,0,6,1,2,1,2,1,1,1,2,0,3,339,0,0,0,1,0,0,0,0,6,1946,0,0,1,0,96,3,0,0,0,0,0,0,0,0,0,0,0,0,0,38,13,12,24,66,390,26,10,105,55,52,110,31,16,47,97,48,61,46,16,3,10,3,9,9,61,10,19,5,6395,51,0
nwsapi_2_2_25,b11add0a088f641cf88b17d615b78ba6ef8057ef,0,33908.8125,196888576.0,2,2,0,0,6,1,2,1,2,1,1,1,2,0,3,339,0,0,0,1,0,0,0,0,6,1946,0,0,1,0,96,3,0,0,0,0,0,0,0,0,0,0,0,0,0,38,13,12,24,66,390,26,10,105,55,52,110,31,16,47,97,48,61,46,16,3,10,3,9,9,61,10,19,5,6395,51,0
nwsapi_2_2_26,b11add0a088f641cf88b17d615b78ba6ef8057ef,0,32129.1,196945510.4,2,2,0,0,6,1,2,1,2,1,1,1,2,0,3,339,0,0,0,1,0,0,0,0,6,1946,0,0,1,0,96,3,0,0,0,0,0,0,0,0,0,0,0,0,0,38,13,12,24,66,390,26,10,105,55,52,110,31,16,47,97,48,61,46,16,3,10,3,9,9,61,10,19,5,6395,51,0
nwsapi_2_2_27,b11add0a088f641cf88b17d615b78ba6ef8057ef,0,31951.166666666668,197771264.0,2,2,0,0,6,1,2,1,2,1,1,1,2,0,3,339,0,0,0,1,0,0,0,0,6,1946,0,0,1,0,96,3,0,0,0,0,0,0,0,0,0,0,0,0,0,38,13,12,24,66,390,26,10,105,55,52,110,31,16,47,97,48,61,46,16,3,10,3,9,9,61,10,19,5,6395,51,0
nwsapi_2_2_21,3ce64c05eedd12c8076c392a65b694285bdebc95,0,9229.0,197451776.0,1,3,2,2,3,1,0,0,2,0,0,0,0,0,2,323,0,0,0,0,0,0,0,0,2,1973,0,2,0,0,106,1,0,0,0,0,0,0,0,0,0,0,0,0,0,35,8,12,33,70,393,29,13,104,49,49,115,32,20,46,84,42,54,47,15,2,6,7,9,11,51,11,19,7,6441,30,0
nwsapi_2_2_22,3ce64c05eedd12c8076c392a65b694285bdebc95,0,8583.25,195719168.0,1,3,2,2,3,1,0,0,2,0,0,0,0,0,2,323,0,0,0,0,0,0,0,0,2,1973,0,2,0,0,106,1,0,0,0,0,0,0,0,0,0,0,0,0,0,35,8,12,33,70,393,29,13,104,49,49,115,32,20,46,84,42,54,47,15,2,6,7,9,11,51,11,19,7,6441,30,0
nwsapi_2_2_23,3ce64c05eedd12c8076c392a65b694285bdebc95,0,9028.75,197083136.0,1,3,2,2,3,1,0,0,2,0,0,0,0,0,2,323,0,0,0,0,0,0,0,0,2,1973,0,2,0,0,106,1,0,0,0,0,0,0,0,0,0,0,0,0,0,35,8,12,33,70,393,29,13,104,49,49,115,32,20,46,84,42,54,47,15,2,6,7,9,11,51,11,19,7,6441,30,0
nwsapi_2_2_24,3ce64c05eedd12c8076c392a65b694285bdebc95,0,9593.6875,196849664.0,1,3,2,2,3,1,0,0,2,0,0,0,0,0,2,323,0,0,0,0,0,0,0,0,2,1973,0,2,0,0,106,1,0,0,0,0,0,0,0,0,0,0,0,0,0,35,8,12,33,70,393,29,13,104,49,49,115,32,20,46,84,42,54,47,15,2,6,7,9,11,51,11,19,7,6441,30,0
nwsapi_2_2_25,3ce64c05eedd12c8076c392a65b694285bdebc95,0,9198.0,196988928.0,1,3,2,2,3,1,0,0,2,0,0,0,0,0,2,323,0,0,0,0,0,0,0,0,2,1973,0,2,0,0,106,1,0,0,0,0,0,0,0,0,0,0,0,0,0,35,8,12,33,70,393,29,13,104,49,49,115,32,20,46,84,42,54,47,15,2,6,7,9,11,51,11,19,7,6441,30,0
nwsapi_2_2_26,3ce64c05eedd12c8076c392a65b694285bdebc95,0,10377.6875,197093376.0,1,3,2,2,3,1,0,0,2,0,0,0,0,0,2,323,0,0,0,0,0,0,0,0,2,1973,0,2,0,0,106,1,0,0,0,0,0,0,0,0,0,0,0,0,0,35,8,12,33,70,393,29,13,104,49,49,115,32,20,46,84,42,54,47,15,2,6,7,9,11,51,11,19,7,6441,30,0
nwsapi_2_2_27,3ce64c05eedd12c8076c392a65b694285bdebc95,0,9784.666666666666,198273706.66666666,1,3,2,2,3,1,0,0,2,0,0,0,0,0,2,323,0,0,0,0,0,0,0,0,2,1973,0,2,0,0,106,1,0,0,0,0,0,0,0,0,0,0,0,0,0,35,8,12,33,70,393,29,13,104,49,49,115,32,20,46,84,42,54,47,15,2,6,7,9,11,51,11,19,7,6441,30,0
nwsapi_2_2_21,1ab7b376621b6552daf6841f4b802e3d694a1fec,0,nan,nan,4,7,7,2,9,2,3,4,5,0,0,0,1,2,9,323,0,0,0,2,2,2,3,0,39,1730,0,5,4,2,90,22,0,0,0,0,1,5,13,0,5,0,0,0,0,20,5,23,91,69,403,40,17,111,57,56,103,21,9,55,103,50,51,52,36,8,12,16,3,1,0,6,19,7,6553,206,1
nwsapi_2_2_22,1ab7b376621b6552daf6841f4b802e3d694a1fec,0,nan,nan,4,7,7,2,9,2,3,4,5,0,0,0,1,2,9,323,0,0,0,2,2,2,3,0,39,1730,0,5,4,2,90,22,0,0,0,0,1,5,13,0,5,0,0,0,0,20,5,23,91,69,403,40,17,111,57,56,103,21,9,55,103,50,51,52,36,8,12,16,3,1,0,6,19,7,6553,206,1
nwsapi_2_2_23,1ab7b376621b6552daf6841f4b802e3d694a1fec,0,nan,nan,4,7,7,2,9,2,3,4,5,0,0,0,1,2,9,323,0,0,0,2,2,2,3,0,39,1730,0,5,4,2,90,22,0,0,0,0,1,5,13,0,5,0,0,0,0,20,5,23,91,69,403,40,17,111,57,56,103,21,9,55,103,50,51,52,36,8,12,16,3,1,0,6,19,7,6553,206,1
nwsapi_2_2_24,1ab7b376621b6552daf6841f4b802e3d694a1fec,0,nan,nan,4,7,7,2,9,2,3,4,5,0,0,0,1,2,9,323,0,0,0,2,2,2,3,0,39,1730,0,5,4,2,90,22,0,0,0,0,1,5,13,0,5,0,0,0,0,20,5,23,91,69,403,40,17,111,57,56,103,21,9,55,103,50,51,52,36,8,12,16,3,1,0,6,19,7,6553,206,1
nwsapi_2_2_25,1ab7b376621b6552daf6841f4b802e3d694a1fec,0,nan,nan,4,7,7,2,9,2,3,4,5,0,0,0,1,2,9,323,0,0,0,2,2,2,3,0,39,1730,0,5,4,2,90,22,0,0,0,0,1,5,13,0,5,0,0,0,0,20,5,23,91,69,403,40,17,111,57,56,103,21,9,55,103,50,51,52,36,8,12,16,3,1,0,6,19,7,6553,206,1
nwsapi_2_2_26,1ab7b376621b6552daf6841f4b802e3d694a1fec,0,nan,nan,4,7,7,2,9,2,3,4,5,0,0,0,1,2,9,323,0,0,0,2,2,2,3,0,39,1730,0,5,4,2,90,22,0,0,0,0,1,5,13,0,5,0,0,0,0,20,5,23,91,69,403,40,17,111,57,56,103,21,9,55,103,50,51,52,36,8,12,16,3,1,0,6,19,7,6553,206,1
nwsapi_2_2_27,1ab7b376621b6552daf6841f4b802e3d694a1fec,0,nan,nan,4,7,7,2,9,2,3,4,5,0,0,0,1,2,9,323,0,0,0,2,2,2,3,0,39,1730,0,5,4,2,90,22,0,0,0,0,1,5,13,0,5,0,0,0,0,20,5,23,91,69,403,40,17,111,57,56,103,21,9,55,103,50,51,52,36,8,12,16,3,1,0,6,19,7,6553,206,1
nwsapi_2_2_21,353f7876ed95b2026d66f7532479ff3c907d2abf,0,40604.0,197899059.2,3,4,2,2,7,2,1,1,3,2,0,2,1,0,5,312,1,0,0,2,0,0,0,0,27,1863,0,1,2,0,95,14,0,0,0,0,0,0,10,0,0,0,0,0,0,42,18,12,36,62,445,32,17,110,41,38,82,20,11,58,126,66,51,50,17,3,9,5,10,7,54,13,19,7,6296,154,0
nwsapi_2_2_22,353f7876ed95b2026d66f7532479ff3c907d2abf,0,36966.0,198758400.0,3,4,2,2,7,2,1,1,3,2,0,2,1,0,5,312,1,0,0,2,0,0,0,0,27,1863,0,1,2,0,95,14,0,0,0,0,0,0,10,0,0,0,0,0,0,42,18,12,36,62,445,32,17,110,41,38,82,20,11,58,126,66,51,50,17,3,9,5,10,7,54,13,19,7,6296,154,0
nwsapi_2_2_23,353f7876ed95b2026d66f7532479ff3c907d2abf,0,34796.8125,197771264.0,3,4,2,2,7,2,1,1,3,2,0,2,1,0,5,312,1,0,0,2,0,0,0,0,27,1863,0,1,2,0,95,14,0,0,0,0,0,0,10,0,0,0,0,0,0,42,18,12,36,62,445,32,17,110,41,38,82,20,11,58,126,66,51,50,17,3,9,5,10,7,54,13,19,7,6296,154,0
nwsapi_2_2_24,353f7876ed95b2026d66f7532479ff3c907d2abf,0,35140.625,197384192.0,3,4,2,2,7,2,1,1,3,2,0,2,1,0,5,312,1,0,0,2,0,0,0,0,27,1863,0,1,2,0,95,14,0,0,0,0,0,0,10,0,0,0,0,0,0,42,18,12,36,62,445,32,17,110,41,38,82,20,11,58,126,66,51,50,17,3,9,5,10,7,54,13,19,7,6296,154,0
nwsapi_2_2_25,353f7876ed95b2026d66f7532479ff3c907d2abf,0,34166.625,197144576.0,3,4,2,2,7,2,1,1,3,2,0,2,1,0,5,312,1,0,0,2,0,0,0,0,27,1863,0,1,2,0,95,14,0,0,0,0,0,0,10,0,0,0,0,0,0,42,18,12,36,62,445,32,17,110,41,38,82,20,11,58,126,66,51,50,17,3,9,5,10,7,54,13,19,7,6296,154,0
nwsapi_2_2_26,353f7876ed95b2026d66f7532479ff3c907d2abf,0,35281.25,197523456.0,3,4,2,2,7,2,1,1,3,2,0,2,1,0,5,312,1,0,0,2,0,0,0,0,27,1863,0,1,2,0,95,14,0,0,0,0,0,0,10,0,0,0,0,0,0,42,18,12,36,62,445,32,17,110,41,38,82,20,11,58,126,66,51,50,17,3,9,5,10,7,54,13,19,7,6296,154,0
nwsapi_2_2_27,353f7876ed95b2026d66f7532479ff3c907d2abf,0,34243.333333333336,198339242.66666666,3,4,2,2,7,2,1,1,3,2,0,2,1,0,5,312,1,0,0,2,0,0,0,0,27,1863,0,1,2,0,95,14,0,0,0,0,0,0,10,0,0,0,0,0,0,42,18,12,36,62,445,32,17,110,41,38,82,20,11,58,126,66,51,50,17,3,9,5,10,7,54,13,19,7,6296,154,0
nwsapi_2_2_21,25f62c3d96ed7466135e168a03135cd591e5a3ec,0,2213.5,196823040.0,1,1,0,0,4,1,0,1,2,0,0,0,0,0,3,330,0,0,0,0,0,0,0,0,9,1940,0,0,0,0,100,3,0,0,0,0,0,0,3,0,0,0,0,0,0,24,4,19,68,80,487,31,16,107,54,51,108,31,18,58,100,53,50,56,26,7,7,12,9,11,19,6,19,8,6575,39,0
nwsapi_2_2_22,25f62c3d96ed7466135e168a03135cd591e5a3ec,0,2229.3125,196802560.0,1,1,0,0,4,1,0,1,2,0,0,0,0,0,3,330,0,0,0,0,0,0,0,0,9,1940,0,0,0,0,100,3,0,0,0,0,0,0,3,0,0,0,0,0,0,24,4,19,68,80,487,31,16,107,54,51,108,31,18,58,100,53,50,56,26,7,7,12,9,11,19,6,19,8,6575,39,0
nwsapi_2_2_23,25f62c3d96ed7466135e168a03135cd591e5a3ec,0,2050.1,196827545.6,1,1,0,0,4,1,0,1,2,0,0,0,0,0,3,330,0,0,0,0,0,0,0,0,9,1940,0,0,0,0,100,3,0,0,0,0,0,0,3,0,0,0,0,0,0,24,4,19,68,80,487,31,16,107,54,51,108,31,18,58,100,53,50,56,26,7,7,12,9,11,19,6,19,8,6575,39,0
nwsapi_2_2_24,25f62c3d96ed7466135e168a03135cd591e5a3ec,0,2067.75,196952064.0,1,1,0,0,4,1,0,1,2,0,0,0,0,0,3,330,0,0,0,0,0,0,0,0,9,1940,0,0,0,0,100,3,0,0,0,0,0,0,3,0,0,0,0,0,0,24,4,19,68,80,487,31,16,107,54,51,108,31,18,58,100,53,50,56,26,7,7,12,9,11,19,6,19,8,6575,39,0
nwsapi_2_2_25,25f62c3d96ed7466135e168a03135cd591e5a3ec,0,2411.4375,197234688.0,1,1,0,0,4,1,0,1,2,0,0,0,0,0,3,330,0,0,0,0,0,0,0,0,9,1940,0,0,0,0,100,3,0,0,0,0,0,0,3,0,0,0,0,0,0,24,4,19,68,80,487,31,16,107,54,51,108,31,18,58,100,53,50,56,26,7,7,12,9,11,19,6,19,8,6575,39,0
nwsapi_2_2_26,25f62c3d96ed7466135e168a03135cd591e5a3ec,0,2494.8125,197142528.0,1,1,0,0,4,1,0,1,2,0,0,0,0,0,3,330,0,0,0,0,0,0,0,0,9,1940,0,0,0,0,100,3,0,0,0,0,0,0,3,0,0,0,0,0,0,24,4,19,68,80,487,31,16,107,54,51,108,31,18,58,100,53,50,56,26,7,7,12,9,11,19,6,19,8,6575,39,0
nwsapi_2_2_27,25f62c3d96ed7466135e168a03135cd591e5a3ec,0,2434.0,197550080.0,1,1,0,0,4,1,0,1,2,0,0,0,0,0,3,330,0,0,0,0,0,0,0,0,9,1940,0,0,0,0,100,3,0,0,0,0,0,0,3,0,0,0,0,0,0,24,4,19,68,80,487,31,16,107,54,51,108,31,18,58,100,53,50,56,26,7,7,12,9,11,19,6,19,8,6575,39,0
nwsapi_2_2_21,8b3fa59a79411ac61e401bb0cb01139948637717,0,34023.5625,197382144.0,1,2,1,0,1,0,0,1,0,0,0,0,0,0,1,312,0,0,0,0,0,0,0,0,2,2007,0,1,0,0,109,0,0,0,0,0,0,0,0,0,0,0,0,0,0,22,4,18,74,67,411,36,18,106,52,50,101,26,12,47,96,51,51,51,26,8,10,8,6,2,12,8,19,9,6566,6,0
nwsapi_2_2_22,8b3fa59a79411ac61e401bb0cb01139948637717,0,33833.25,197537792.0,1,2,1,0,1,0,0,1,0,0,0,0,0,0,1,312,0,0,0,0,0,0,0,0,2,2007,0,1,0,0,109,0,0,0,0,0,0,0,0,0,0,0,0,0,0,22,4,18,74,67,411,36,18,106,52,50,101,26,12,47,96,51,51,51,26,8,10,8,6,2,12,8,19,9,6566,6,0
nwsapi_2_2_23,8b3fa59a79411ac61e401bb0cb01139948637717,0,34010.3125,197134336.0,1,2,1,0,1,0,0,1,0,0,0,0,0,0,1,312,0,0,0,0,0,0,0,0,2,2007,0,1,0,0,109,0,0,0,0,0,0,0,0,0,0,0,0,0,0,22,4,18,74,67,411,36,18,106,52,50,101,26,12,47,96,51,51,51,26,8,10,8,6,2,12,8,19,9,6566,6,0
nwsapi_2_2_24,8b3fa59a79411ac61e401bb0cb01139948637717,0,33851.5,197535744.0,1,2,1,0,1,0,0,1,0,0,0,0,0,0,1,312,0,0,0,0,0,0,0,0,2,2007,0,1,0,0,109,0,0,0,0,0,0,0,0,0,0,0,0,0,0,22,4,18,74,67,411,36,18,106,52,50,101,26,12,47,96,51,51,51,26,8,10,8,6,2,12,8,19,9,6566,6,0
nwsapi_2_2_25,8b3fa59a79411ac61e401bb0cb01139948637717,0,31618.166666666668,197072213.33333334,1,2,1,0,1,0,0,1,0,0,0,0,0,0,1,312,0,0,0,0,0,0,0,0,2,2007,0,1,0,0,109,0,0,0,0,0,0,0,0,0,0,0,0,0,0,22,4,18,74,67,411,36,18,106,52,50,101,26,12,47,96,51,51,51,26,8,10,8,6,2,12,8,19,9,6566,6,0
nwsapi_2_2_26,8b3fa59a79411ac61e401bb0cb01139948637717,0,34632.5,197240832.0,1,2,1,0,1,0,0,1,0,0,0,0,0,0,1,312,0,0,0,0,0,0,0,0,2,2007,0,1,0,0,109,0,0,0,0,0,0,0,0,0,0,0,0,0,0,22,4,18,74,67,411,36,18,106,52,50,101,26,12,47,96,51,51,51,26,8,10,8,6,2,12,8,19,9,6566,6,0
nwsapi_2_2_27,8b3fa59a79411ac61e401bb0cb01139948637717,0,32825.0,197060198.4,1,2,1,0,1,0,0,1,0,0,0,0,0,0,1,312,0,0,0,0,0,0,0,0,2,2007,0,1,0,0,109,0,0,0,0,0,0,0,0,0,0,0,0,0,0,22,4,18,74,67,411,36,18,106,52,50,101,26,12,47,96,51,51,51,26,8,10,8,6,2,12,8,19,9,6566,6,0
nwsapi_2_2_21,28717d869e3424c629c34e334605a1379d6787cb,0,73984.25,196874240.0,2,3,0,0,3,1,1,1,0,0,0,0,1,0,1,307,0,0,0,1,0,0,0,0,1,2243,0,1,1,0,110,0,0,0,0,0,0,0,0,0,0,0,0,0,0,20,5,27,86,72,443,26,14,106,58,46,88,22,16,52,99,55,46,51,44,13,13,18,4,1,0,5,19,19,6732,26,0
nwsapi_2_2_22,28717d869e3424c629c34e334605a1379d6787cb,0,82145.8125,198807552.0,2,3,0,0,3,1,1,1,0,0,0,0,1,0,1,307,0,0,0,1,0,0,0,0,1,2243,0,1,1,0,110,0,0,0,0,0,0,0,0,0,0,0,0,0,0,20,5,27,86,72,443,26,14,106,58,46,88,22,16,52,99,55,46,51,44,13,13,18,4,1,0,5,19,19,6732,26,0
nwsapi_2_2_23,28717d869e3424c629c34e334605a1379d6787cb,0,75661.4375,197398528.0,2,3,0,0,3,1,1,1,0,0,0,0,1,0,1,307,0,0,0,1,0,0,0,0,1,2243,0,1,1,0,110,0,0,0,0,0,0,0,0,0,0,0,0,0,0,20,5,27,86,72,443,26,14,106,58,46,88,22,16,52,99,55,46,51,44,13,13,18,4,1,0,5,19,19,6732,26,0
nwsapi_2_2_24,28717d869e3424c629c34e334605a1379d6787cb,0,79583.375,197957632.0,2,3,0,0,3,1,1,1,0,0,0,0,1,0,1,307,0,0,0,1,0,0,0,0,1,2243,0,1,1,0,110,0,0,0,0,0,0,0,0,0,0,0,0,0,0,20,5,27,86,72,443,26,14,106,58,46,88,22,16,52,99,55,46,51,44,13,13,18,4,1,0,5,19,19,6732,26,0
nwsapi_2_2_25,28717d869e3424c629c34e334605a1379d6787cb,0,78333.4375,197531648.0,2,3,0,0,3,1,1,1,0,0,0,0,1,0,1,307,0,0,0,1,0,0,0,0,1,2243,0,1,1,0,110,0,0,0,0,0,0,0,0,0,0,0,0,0,0,20,5,27,86,72,443,26,14,106,58,46,88,22,16,52,99,55,46,51,44,13,13,18,4,1,0,5,19,19,6732,26,0
nwsapi_2_2_26,28717d869e3424c629c34e334605a1379d6787cb,0,88695.25,198412288.0,2,3,0,0,3,1,1,1,0,0,0,0,1,0,1,307,0,0,0,1,0,0,0,0,1,2243,0,1,1,0,110,0,0,0,0,0,0,0,0,0,0,0,0,0,0,20,5,27,86,72,443,26,14,106,58,46,88,22,16,52,99,55,46,51,44,13,13,18,4,1,0,5,19,19,6732,26,0
nwsapi_2_2_27,28717d869e3424c629c34e334605a1379d6787cb,0,79304.6875,198049792.0,2,3,0,0,3,1,1,1,0,0,0,0,1,0,1,307,0,0,0,1,0,0,0,0,1,2243,0,1,1,0,110,0,0,0,0,0,0,0,0,0,0,0,0,0,0,20,5,27,86,72,443,26,14,106,58,46,88,22,16,52,99,55,46,51,44,13,13,18,4,1,0,5,19,19,6732,26,0
nwsapi_2_2_21,a4545198a4280721e5bf6c674c739ceff7611eb5,0,69908.9375,198227968.0,3,4,2,1,3,2,0,0,1,2,1,2,0,0,2,321,1,0,0,2,0,0,0,0,17,1971,0,1,2,0,109,8,0,0,0,0,0,0,3,0,0,0,0,0,0,36,7,12,34,70,468,30,16,98,52,47,101,24,12,37,114,71,42,56,15,4,5,6,10,13,36,12,27,6,6216,93,0
nwsapi_2_2_22,a4545198a4280721e5bf6c674c739ceff7611eb5,0,68492.1875,197558272.0,3,4,2,1,3,2,0,0,1,2,1,2,0,0,2,321,1,0,0,2,0,0,0,0,17,1971,0,1,2,0,109,8,0,0,0,0,0,0,3,0,0,0,0,0,0,36,7,12,34,70,468,30,16,98,52,47,101,24,12,37,114,71,42,56,15,4,5,6,10,13,36,12,27,6,6216,93,0
nwsapi_2_2_23,a4545198a4280721e5bf6c674c739ceff7611eb5,0,72554.6875,199811072.0,3,4,2,1,3,2,0,0,1,2,1,2,0,0,2,321,1,0,0,2,0,0,0,0,17,1971,0,1,2,0,109,8,0,0,0,0,0,0,3,0,0,0,0,0,0,36,7,12,34,70,468,30,16,98,52,47,101,24,12,37,114,71,42,56,15,4,5,6,10,13,36,12,27,6,6216,93,0
nwsapi_2_2_24,a4545198a4280721e5bf6c674c739ceff7611eb5,0,70721.3125,198408192.0,3,4,2,1,3,2,0,0,1,2,1,2,0,0,2,321,1,0,0,2,0,0,0,0,17,1971,0,1,2,0,109,8,0,0,0,0,0,0,3,0,0,0,0,0,0,36,7,12,34,70,468,30,16,98,52,47,101,24,12,37,114,71,42,56,15,4,5,6,10,13,36,12,27,6,6216,93,0
nwsapi_2_2_25,a4545198a4280721e5bf6c674c739ceff7611eb5,0,71562.625,198232064.0,3,4,2,1,3,2,0,0,1,2,1,2,0,0,2,321,1,0,0,2,0,0,0,0,17,1971,0,1,2,0,109,8,0,0,0,0,0,0,3,0,0,0,0,0,0,36,7,12,34,70,468,30,16,98,52,47,101,24,12,37,114,71,42,56,15,4,5,6,10,13,36,12,27,6,6216,93,0
nwsapi_2_2_26,a4545198a4280721e5bf6c674c739ceff7611eb5,0,70151.71428571429,198234697.14285713,3,4,2,1,3,2,0,0,1,2,1,2,0,0,2,321,1,0,0,2,0,0,0,0,17,1971,0,1,2,0,109,8,0,0,0,0,0,0,3,0,0,0,0,0,0,36,7,12,34,70,468,30,16,98,52,47,101,24,12,37,114,71,42,56,15,4,5,6,10,13,36,12,27,6,6216,93,0
nwsapi_2_2_27,a4545198a4280721e5bf6c674c739ceff7611eb5,0,72770.66666666667,201108138.66666666,3,4,2,1,3,2,0,0,1,2,1,2,0,0,2,321,1,0,0,2,0,0,0,0,17,1971,0,1,2,0,109,8,0,0,0,0,0,0,3,0,0,0,0,0,0,36,7,12,34,70,468,30,16,98,52,47,101,24,12,37,114,71,42,56,15,4,5,6,10,13,36,12,27,6,6216,93,0
nwsapi_2_2_21,b0abbd285e275fc0990c21d1729024742a4a618e,0,98127.375,199530496.0,3,5,4,3,3,0,1,2,0,0,0,0,1,0,2,318,0,0,0,2,0,0,0,0,7,1849,0,2,2,0,83,5,0,0,0,0,0,0,4,0,0,0,0,0,0,21,7,17,88,69,444,37,17,115,50,39,81,24,16,46,113,56,58,50,35,8,12,15,8,1,7,4,19,7,6463,63,0
nwsapi_2_2_22,b0abbd285e275fc0990c21d1729024742a4a618e,0,93591.7,199137689.6,3,5,4,3,3,0,1,2,0,0,0,0,1,0,2,318,0,0,0,2,0,0,0,0,7,1849,0,2,2,0,83,5,0,0,0,0,0,0,4,0,0,0,0,0,0,21,7,17,88,69,444,37,17,115,50,39,81,24,16,46,113,56,58,50,35,8,12,15,8,1,7,4,19,7,6463,63,0
nwsapi_2_2_23,b0abbd285e275fc0990c21d1729024742a4a618e,0,94175.1,198256230.4,3,5,4,3,3,0,1,2,0,0,0,0,1,0,2,318,0,0,0,2,0,0,0,0,7,1849,0,2,2,0,83,5,0,0,0,0,0,0,4,0,0,0,0,0,0,21,7,17,88,69,444,37,17,115,50,39,81,24,16,46,113,56,58,50,35,8,12,15,8,1,7,4,19,7,6463,63,0
nwsapi_2_2_24,b0abbd285e275fc0990c21d1729024742a4a618e,0,92512.3,197627084.8,3,5,4,3,3,0,1,2,0,0,0,0,1,0,2,318,0,0,0,2,0,0,0,0,7,1849,0,2,2,0,83,5,0,0,0,0,0,0,4,0,0,0,0,0,0,21,7,17,88,69,444,37,17,115,50,39,81,24,16,46,113,56,58,50,35,8,12,15,8,1,7,4,19,7,6463,63,0
nwsapi_2_2_25,b0abbd285e275fc0990c21d1729024742a4a618e,0,91863.14285714286,197698706.2857143,3,5,4,3,3,0,1,2,0,0,0,0,1,0,2,318,0,0,0,2,0,0,0,0,7,1849,0,2,2,0,83,5,0,0,0,0,0,0,4,0,0,0,0,0,0,21,7,17,88,69,444,37,17,115,50,39,81,24,16,46,113,56,58,50,35,8,12,15,8,1,7,4,19,7,6463,63,0
nwsapi_2_2_26,b0abbd285e275fc0990c21d1729024742a4a618e,0,90954.83333333333,199761920.0,3,5,4,3,3,0,1,2,0,0,0,0,1,0,2,318,0,0,0,2,0,0,0,0,7,1849,0,2,2,0,83,5,0,0,0,0,0,0,4,0,0,0,0,0,0,21,7,17,88,69,444,37,17,115,50,39,81,24,16,46,113,56,58,50,35,8,12,15,8,1,7,4,19,7,6463,63,0
nwsapi_2_2_27,b0abbd285e275fc0990c21d1729024742a4a618e,0,92382.16666666667,198093482.66666666,3,5,4,3,3,0,1,2,0,0,0,0,1,0,2,318,0,0,0,2,0,0,0,0,7,1849,0,2,2,0,83,5,0,0,0,0,0,0,4,0,0,0,0,0,0,21,7,17,88,69,444,37,17,115,50,39,81,24,16,46,113,56,58,50,35,8,12,15,8,1,7,4,19,7,6463,63,0
nwsapi_2_2_21,4d0af3cb8367de68a01af66fdfc97f959d76b40d,0,54588.4375,198699008.0,1,3,2,1,1,0,0,0,1,0,0,0,0,0,1,334,0,0,0,0,0,0,0,0,8,1811,0,2,0,0,89,4,0,0,0,0,0,0,2,0,0,0,0,0,0,38,7,12,47,76,433,34,18,117,53,59,114,33,24,56,93,44,50,52,21,6,12,3,11,11,50,11,19,7,6729,33,0
nwsapi_2_2_22,4d0af3cb8367de68a01af66fdfc97f959d76b40d,0,57708.3125,198422528.0,1,3,2,1,1,0,0,0,1,0,0,0,0,0,1,334,0,0,0,0,0,0,0,0,8,1811,0,2,0,0,89,4,0,0,0,0,0,0,2,0,0,0,0,0,0,38,7,12,47,76,433,34,18,117,53,59,114,33,24,56,93,44,50,52,21,6,12,3,11,11,50,11,19,7,6729,33,0
nwsapi_2_2_23,4d0af3cb8367de68a01af66fdfc97f959d76b40d,0,55427.125,199008256.0,1,3,2,1,1,0,0,0,1,0,0,0,0,0,1,334,0,0,0,0,0,0,0,0,8,1811,0,2,0,0,89,4,0,0,0,0,0,0,2,0,0,0,0,0,0,38,7,12,47,76,433,34,18,117,53,59,114,33,24,56,93,44,50,52,21,6,12,3,11,11,50,11,19,7,6729,33,0
nwsapi_2_2_24,4d0af3cb8367de68a01af66fdfc97f959d76b40d,0,55114.625,198021120.0,1,3,2,1,1,0,0,0,1,0,0,0,0,0,1,334,0,0,0,0,0,0,0,0,8,1811,0,2,0,0,89,4,0,0,0,0,0,0,2,0,0,0,0,0,0,38,7,12,47,76,433,34,18,117,53,59,114,33,24,56,93,44,50,52,21,6,12,3,11,11,50,11,19,7,6729,33,0
nwsapi_2_2_25,4d0af3cb8367de68a01af66fdfc97f959d76b40d,0,52917.0,198808917.33333334,1,3,2,1,1,0,0,0,1,0,0,0,0,0,1,334,0,0,0,0,0,0,0,0,8,1811,0,2,0,0,89,4,0,0,0,0,0,0,2,0,0,0,0,0,0,38,7,12,47,76,433,34,18,117,53,59,114,33,24,56,93,44,50,52,21,6,12,3,11,11,50,11,19,7,6729,33,0
nwsapi_2_2_26,4d0af3cb8367de68a01af66fdfc97f959d76b40d,0,56435.125,199061504.0,1,3,2,1,1,0,0,0,1,0,0,0,0,0,1,334,0,0,0,0,0,0,0,0,8,1811,0,2,0,0,89,4,0,0,0,0,0,0,2,0,0,0,0,0,0,38,7,12,47,76,433,34,18,117,53,59,114,33,24,56,93,44,50,52,21,6,12,3,11,11,50,11,19,7,6729,33,0
nwsapi_2_2_27,4d0af3cb8367de68a01af66fdfc97f959d76b40d,0,55471.25,197615616.0,1,3,2,1,1,0,0,0,1,0,0,0,0,0,1,334,0,0,0,0,0,0,0,0,8,1811,0,2,0,0,89,4,0,0,0,0,0,0,2,0,0,0,0,0,0,38,7,12,47,76,433,34,18,117,53,59,114,33,24,56,93,44,50,52,21,6,12,3,11,11,50,11,19,7,6729,33,0
nwsapi_2_2_21,4020b4e392f422ebdf39213b435de4832f07a490,0,30557.1875,197117952.0,1,1,0,0,1,1,0,0,0,1,0,1,0,0,1,306,1,0,0,0,0,0,0,0,5,1959,0,0,0,0,94,3,0,0,0,0,0,0,0,0,0,0,0,0,0,21,5,20,81,79,527,32,17,113,43,46,85,34,17,46,109,65,52,48,28,11,7,10,6,2,12,8,19,9,6509,24,0
nwsapi_2_2_22,4020b4e392f422ebdf39213b435de4832f07a490,0,32325.5625,197105664.0,1,1,0,0,1,1,0,0,0,1,0,1,0,0,1,306,1,0,0,0,0,0,0,0,5,1959,0,0,0,0,94,3,0,0,0,0,0,0,0,0,0,0,0,0,0,21,5,20,81,79,527,32,17,113,43,46,85,34,17,46,109,65,52,48,28,11,7,10,6,2,12,8,19,9,6509,24,0
nwsapi_2_2_23,4020b4e392f422ebdf39213b435de4832f07a490,0,30849.0,196913152.0,1,1,0,0,1,1,0,0,0,1,0,1,0,0,1,306,1,0,0,0,0,0,0,0,5,1959,0,0,0,0,94,3,0,0,0,0,0,0,0,0,0,0,0,0,0,21,5,20,81,79,527,32,17,113,43,46,85,34,17,46,109,65,52,48,28,11,7,10,6,2,12,8,19,9,6509,24,0
nwsapi_2_2_24,4020b4e392f422ebdf39213b435de4832f07a490,0,30817.6875,196937728.0,1,1,0,0,1,1,0,0,0,1,0,1,0,0,1,306,1,0,0,0,0,0,0,0,5,1959,0,0,0,0,94,3,0,0,0,0,0,0,0,0,0,0,0,0,0,21,5,20,81,79,527,32,17,113,43,46,85,34,17,46,109,65,52,48,28,11,7,10,6,2,12,8,19,9,6509,24,0
nwsapi_2_2_25,4020b4e392f422ebdf39213b435de4832f07a490,0,32708.375,197718016.0,1,1,0,0,1,1,0,0,0,1,0,1,0,0,1,306,1,0,0,0,0,0,0,0,5,1959,0,0,0,0,94,3,0,0,0,0,0,0,0,0,0,0,0,0,0,21,5,20,81,79,527,32,17,113,43,46,85,34,17,46,109,65,52,48,28,11,7,10,6,2,12,8,19,9,6509,24,0
nwsapi_2_2_26,4020b4e392f422ebdf39213b435de4832f07a490,0,31110.833333333332,197733034.66666666,1,1,0,0,1,1,0,0,0,1,0,1,0,0,1,306,1,0,0,0,0,0,0,0,5,1959,0,0,0,0,94,3,0,0,0,0,0,0,0,0,0,0,0,0,0,21,5,20,81,79,527,32,17,113,43,46,85,34,17,46,109,65,52,48,28,11,7,10,6,2,12,8,19,9,6509,24,0
nwsapi_2_2_27,4020b4e392f422ebdf39213b435de4832f07a490,0,30838.5,196388864.0,1,1,0,0,1,1,0,0,0,1,0,1,0,0,1,306,1,0,0,0,0,0,0,0,5,1959,0,0,0,0,94,3,0,0,0,0,0,0,0,0,0,0,0,0,0,21,5,20,81,79,527,32,17,113,43,46,85,34,17,46,109,65,52,48,28,11,7,10,6,2,12,8,19,9,6509,24,0
nwsapi_2_2_21,eb2f80b4349e743c06e8f71531691c9ce35fcf5d,0,4172.642857142857,196863122.2857143,1,2,1,1,2,0,1,0,1,0,0,0,1,0,1,308,0,0,0,0,0,0,0,0,7,1880,0,1,0,0,90,2,0,0,0,0,0,0,2,0,0,0,0,0,0,38,10,20,55,79,540,25,9,110,45,61,127,32,15,52,74,28,47,48,23,8,9,6,8,11,35,12,19,8,6297,32,0
nwsapi_2_2_22,eb2f80b4349e743c06e8f71531691c9ce35fcf5d,0,4229.125,197267456.0,1,2,1,1,2,0,1,0,1,0,0,0,1,0,1,308,0,0,0,0,0,0,0,0,7,1880,0,1,0,0,90,2,0,0,0,0,0,0,2,0,0,0,0,0,0,38,10,20,55,79,540,25,9,110,45,61,127,32,15,52,74,28,47,48,23,8,9,6,8,11,35,12,19,8,6297,32,0
nwsapi_2_2_23,eb2f80b4349e743c06e8f71531691c9ce35fcf5d,0,4463.375,196980736.0,1,2,1,1,2,0,1,0,1,0,0,0,1,0,1,308,0,0,0,0,0,0,0,0,7,1880,0,1,0,0,90,2,0,0,0,0,0,0,2,0,0,0,0,0,0,38,10,20,55,79,540,25,9,110,45,61,127,32,15,52,74,28,47,48,23,8,9,6,8,11,35,12,19,8,6297,32,0
nwsapi_2_2_24,eb2f80b4349e743c06e8f71531691c9ce35fcf5d,0,4255.1875,197797888.0,1,2,1,1,2,0,1,0,1,0,0,0,1,0,1,308,0,0,0,0,0,0,0,0,7,1880,0,1,0,0,90,2,0,0,0,0,0,0,2,0,0,0,0,0,0,38,10,20,55,79,540,25,9,110,45,61,127,32,15,52,74,28,47,48,23,8,9,6,8,11,35,12,19,8,6297,32,0
nwsapi_2_2_25,eb2f80b4349e743c06e8f71531691c9ce35fcf5d,0,4541.5,197601962.66666666,1,2,1,1,2,0,1,0,1,0,0,0,1,0,1,308,0,0,0,0,0,0,0,0,7,1880,0,1,0,0,90,2,0,0,0,0,0,0,2,0,0,0,0,0,0,38,10,20,55,79,540,25,9,110,45,61,127,32,15,52,74,28,47,48,23,8,9,6,8,11,35,12,19,8,6297,32,0
nwsapi_2_2_26,eb2f80b4349e743c06e8f71531691c9ce35fcf5d,0,4547.125,196038656.0,1,2,1,1,2,0,1,0,1,0,0,0,1,0,1,308,0,0,0,0,0,0,0,0,7,1880,0,1,0,0,90,2,0,0,0,0,0,0,2,0,0,0,0,0,0,38,10,20,55,79,540,25,9,110,45,61,127,32,15,52,74,28,47,48,23,8,9,6,8,11,35,12,19,8,6297,32,0
nwsapi_2_2_27,eb2f80b4349e743c06e8f71531691c9ce35fcf5d,0,4659.833333333333,196700842.66666666,1,2,1,1,2,0,1,0,1,0,0,0,1,0,1,308,0,0,0,0,0,0,0,0,7,1880,0,1,0,0,90,2,0,0,0,0,0,0,2,0,0,0,0,0,0,38,10,20,55,79,540,25,9,110,45,61,127,32,15,52,74,28,47,48,23,8,9,6,8,11,35,12,19,8,6297,32,0
nwsapi_2_2_21,e6e9886e89d06ff9c950e4e8e25100f5346f9dc9,0,3597.3333333333335,195925333.33333334,1,1,0,0,1,0,0,0,1,0,0,0,0,0,1,350,0,0,0,0,0,0,0,0,2,2028,0,0,0,0,92,1,0,0,0,0,0,0,0,0,0,0,0,0,0,47,16,15,31,70,403,30,15,110,55,54,110,26,11,57,115,58,59,53,20,6,10,4,8,11,46,10,32,6,6727,6,0
nwsapi_2_2_22,e6e9886e89d06ff9c950e4e8e25100f5346f9dc9,0,3593.625,197296128.0,1,1,0,0,1,0,0,0,1,0,0,0,0,0,1,350,0,0,0,0,0,0,0,0,2,2028,0,0,0,0,92,1,0,0,0,0,0,0,0,0,0,0,0,0,0,47,16,15,31,70,403,30,15,110,55,54,110,26,11,57,115,58,59,53,20,6,10,4,8,11,46,10,32,6,6727,6,0
nwsapi_2_2_23,e6e9886e89d06ff9c950e4e8e25100f5346f9dc9,0,3562.625,196796416.0,1,1,0,0,1,0,0,0,1,0,0,0,0,0,1,350,0,0,0,0,0,0,0,0,2,2028,0,0,0,0,92,1,0,0,0,0,0,0,0,0,0,0,0,0,0,47,16,15,31,70,403,30,15,110,55,54,110,26,11,57,115,58,59,53,20,6,10,4,8,11,46,10,32,6,6727,6,0
nwsapi_2_2_24,e6e9886e89d06ff9c950e4e8e25100f5346f9dc9,0,3536.375,196071424.0,1,1,0,0,1,0,0,0,1,0,0,0,0,0,1,350,0,0,0,0,0,0,0,0,2,2028,0,0,0,0,92,1,0,0,0,0,0,0,0,0,0,0,0,0,0,47,16,15,31,70,403,30,15,110,55,54,110,26,11,57,115,58,59,53,20,6,10,4,8,11,46,10,32,6,6727,6,0
nwsapi_2_2_25,e6e9886e89d06ff9c950e4e8e25100f5346f9dc9,0,3859.3125,196667392.0,1,1,0,0,1,0,0,0,1,0,0,0,0,0,1,350,0,0,0,0,0,0,0,0,2,2028,0,0,0,0,92,1,0,0,0,0,0,0,0,0,0,0,0,0,0,47,16,15,31,70,403,30,15,110,55,54,110,26,11,57,115,58,59,53,20,6,10,4,8,11,46,10,32,6,6727,6,0
nwsapi_2_2_26,e6e9886e89d06ff9c950e4e8e25100f5346f9dc9,0,4453.375,196687872.0,1,1,0,0,1,0,0,0,1,0,0,0,0,0,1,350,0,0,0,0,0,0,0,0,2,2028,0,0,0,0,92,1,0,0,0,0,0,0,0,0,0,0,0,0,0,47,16,15,31,70,403,30,15,110,55,54,110,26,11,57,115,58,59,53,20,6,10,4,8,11,46,10,32,6,6727,6,0
nwsapi_2_2_27,e6e9886e89d06ff9c950e4e8e25100f5346f9dc9,0,4057.1875,197009408.0,1,1,0,0,1,0,0,0,1,0,0,0,0,0,1,350,0,0,0,0,0,0,0,0,2,2028,0,0,0,0,92,1,0,0,0,0,0,0,0,0,0,0,0,0,0,47,16,15,31,70,403,30,15,110,55,54,110,26,11,57,115,58,59,53,20,6,10,4,8,11,46,10,32,6,6727,6,0
nwsapi_2_2_21,aefda707b3afce13de2a9a89a1b7a705d5a37cd4,0,36461.0625,197574656.0,1,1,1,0,1,0,0,1,0,0,0,0,0,0,1,325,0,0,0,0,0,0,0,0,2,1868,0,0,0,0,89,1,0,0,0,0,0,0,0,0,0,0,0,0,0,24,8,23,91,90,628,24,10,118,48,52,110,36,17,42,97,50,53,50,35,13,11,11,7,3,7,8,19,12,6496,7,0
nwsapi_2_2_22,aefda707b3afce13de2a9a89a1b7a705d5a37cd4,0,35930.833333333336,197782186.66666666,1,1,1,0,1,0,0,1,0,0,0,0,0,0,1,325,0,0,0,0,0,0,0,0,2,1868,0,0,0,0,89,1,0,0,0,0,0,0,0,0,0,0,0,0,0,24,8,23,91,90,628,24,10,118,48,52,110,36,17,42,97,50,53,50,35,13,11,11,7,3,7,8,19,12,6496,7,0
nwsapi_2_2_23,aefda707b3afce13de2a9a89a1b7a705d5a37cd4,0,36335.875,197529600.0,1,1,1,0,1,0,0,1,0,0,0,0,0,0,1,325,0,0,0,0,0,0,0,0,2,1868,0,0,0,0,89,1,0,0,0,0,0,0,0,0,0,0,0,0,0,24,8,23,91,90,628,24,10,118,48,52,110,36,17,42,97,50,53,50,35,13,11,11,7,3,7,8,19,12,6496,7,0
nwsapi_2_2_24,aefda707b3afce13de2a9a89a1b7a705d5a37cd4,0,35696.42857142857,197251657.14285713,1,1,1,0,1,0,0,1,0,0,0,0,0,0,1,325,0,0,0,0,0,0,0,0,2,1868,0,0,0,0,89,1,0,0,0,0,0,0,0,0,0,0,0,0,0,24,8,23,91,90,628,24,10,118,48,52,110,36,17,42,97,50,53,50,35,13,11,11,7,3,7,8,19,12,6496,7,0
nwsapi_2_2_25,aefda707b3afce13de2a9a89a1b7a705d5a37cd4,0,38734.375,196810752.0,1,1,1,0,1,0,0,1,0,0,0,0,0,0,1,325,0,0,0,0,0,0,0,0,2,1868,0,0,0,0,89,1,0,0,0,0,0,0,0,0,0,0,0,0,0,24,8,23,91,90,628,24,10,118,48,52,110,36,17,42,97,50,53,50,35,13,11,11,7,3,7,8,19,12,6496,7,0
nwsapi_2_2_26,aefda707b3afce13de2a9a89a1b7a705d5a37cd4,0,37760.375,197488640.0,1,1,1,0,1,0,0,1,0,0,0,0,0,0,1,325,0,0,0,0,0,0,0,0,2,1868,0,0,0,0,89,1,0,0,0,0,0,0,0,0,0,0,0,0,0,24,8,23,91,90,628,24,10,118,48,52,110,36,17,42,97,50,53,50,35,13,11,11,7,3,7,8,19,12,6496,7,0
nwsapi_2_2_27,aefda707b3afce13de2a9a89a1b7a705d5a37cd4,0,35784.666666666664,196941141.33333334,1,1,1,0,1,0,0,1,0,0,0,0,0,0,1,325,0,0,0,0,0,0,0,0,2,1868,0,0,0,0,89,1,0,0,0,0,0,0,0,0,0,0,0,0,0,24,8,23,91,90,628,24,10,118,48,52,110,36,17,42,97,50,53,50,35,13,11,11,7,3,7,8,19,12,6496,7,0
nwsapi_2_2_21,28019753f8f8657159365b3c5f42e87c75860686,0,33786.5,197337088.0,1,2,1,0,1,0,0,1,0,0,0,0,0,0,1,311,0,0,0,0,0,0,0,0,2,1957,0,1,0,0,102,0,0,0,0,0,0,0,0,0,0,0,0,0,0,22,4,18,74,67,411,36,18,106,52,50,101,26,12,47,96,51,50,51,26,8,10,8,6,2,12,8,19,9,6500,6,0
nwsapi_2_2_22,28019753f8f8657159365b3c5f42e87c75860686,0,31091.6,196368793.6,1,2,1,0,1,0,0,1,0,0,0,0,0,0,1,311,0,0,0,0,0,0,0,0,2,1957,0,1,0,0,102,0,0,0,0,0,0,0,0,0,0,0,0,0,0,22,4,18,74,67,411,36,18,106,52,50,101,26,12,47,96,51,50,51,26,8,10,8,6,2,12,8,19,9,6500,6,0
nwsapi_2_2_23,28019753f8f8657159365b3c5f42e87c75860686,0,35278.6875,197269504.0,1,2,1,0,1,0,0,1,0,0,0,0,0,0,1,311,0,0,0,0,0,0,0,0,2,1957,0,1,0,0,102,0,0,0,0,0,0,0,0,0,0,0,0,0,0,22,4,18,74,67,411,36,18,106,52,50,101,26,12,47,96,51,50,51,26,8,10,8,6,2,12,8,19,9,6500,6,0
nwsapi_2_2_24,28019753f8f8657159365b3c5f42e87c75860686,0,32824.9,196676812.8,1,2,1,0,1,0,0,1,0,0,0,0,0,0,1,311,0,0,0,0,0,0,0,0,2,1957,0,1,0,0,102,0,0,0,0,0,0,0,0,0,0,0,0,0,0,22,4,18,74,67,411,36,18,106,52,50,101,26,12,47,96,51,50,51,26,8,10,8,6,2,12,8,19,9,6500,6,0
nwsapi_2_2_25,28019753f8f8657159365b3c5f42e87c75860686,0,31277.833333333332,196569770.66666666,1,2,1,0,1,0,0,1,0,0,0,0,0,0,1,311,0,0,0,0,0,0,0,0,2,1957,0,1,0,0,102,0,0,0,0,0,0,0,0,0,0,0,0,0,0,22,4,18,74,67,411,36,18,106,52,50,101,26,12,47,96,51,50,51,26,8,10,8,6,2,12,8,19,9,6500,6,0
nwsapi_2_2_26,28019753f8f8657159365b3c5f42e87c75860686,0,34591.0,197318656.0,1,2,1,0,1,0,0,1,0,0,0,0,0,0,1,311,0,0,0,0,0,0,0,0,2,1957,0,1,0,0,102,0,0,0,0,0,0,0,0,0,0,0,0,0,0,22,4,18,74,67,411,36,18,106,52,50,101,26,12,47,96,51,50,51,26,8,10,8,6,2,12,8,19,9,6500,6,0
nwsapi_2_2_27,28019753f8f8657159365b3c5f42e87c75860686,0,33945.375,198049792.0,1,2,1,0,1,0,0,1,0,0,0,0,0,0,1,311,0,0,0,0,0,0,0,0,2,1957,0,1,0,0,102,0,0,0,0,0,0,0,0,0,0,0,0,0,0,22,4,18,74,67,411,36,18,106,52,50,101,26,12,47,96,51,50,51,26,8,10,8,6,2,12,8,19,9,6500,6,0
nwsapi_2_2_21,de363d868f59c75b6bf80011251665eb3226dfcc,0,nan,nan,3,6,6,2,6,2,1,4,0,1,0,1,0,1,7,303,0,3,0,2,1,1,1,0,24,1947,0,4,2,0,112,17,0,0,0,0,0,2,12,0,1,0,0,0,0,25,5,19,59,58,398,28,8,94,51,52,99,24,11,50,93,40,49,55,27,11,4,12,5,4,15,5,19,9,6097,157,1
nwsapi_2_2_22,de363d868f59c75b6bf80011251665eb3226dfcc,0,nan,nan,3,6,6,2,6,2,1,4,0,1,0,1,0,1,7,303,0,3,0,2,1,1,1,0,24,1947,0,4,2,0,112,17,0,0,0,0,0,2,12,0,1,0,0,0,0,25,5,19,59,58,398,28,8,94,51,52,99,24,11,50,93,40,49,55,27,11,4,12,5,4,15,5,19,9,6097,157,1
nwsapi_2_2_23,de363d868f59c75b6bf80011251665eb3226dfcc,0,nan,nan,3,6,6,2,6,2,1,4,0,1,0,1,0,1,7,303,0,3,0,2,1,1,1,0,24,1947,0,4,2,0,112,17,0,0,0,0,0,2,12,0,1,0,0,0,0,25,5,19,59,58,398,28,8,94,51,52,99,24,11,50,93,40,49,55,27,11,4,12,5,4,15,5,19,9,6097,157,1
nwsapi_2_2_24,de363d868f59c75b6bf80011251665eb3226dfcc,0,nan,nan,3,6,6,2,6,2,1,4,0,1,0,1,0,1,7,303,0,3,0,2,1,1,1,0,24,1947,0,4,2,0,112,17,0,0,0,0,0,2,12,0,1,0,0,0,0,25,5,19,59,58,398,28,8,94,51,52,99,24,11,50,93,40,49,55,27,11,4,12,5,4,15,5,19,9,6097,157,1
nwsapi_2_2_25,de363d868f59c75b6bf80011251665eb3226dfcc,0,nan,nan,3,6,6,2,6,2,1,4,0,1,0,1,0,1,7,303,0,3,0,2,1,1,1,0,24,1947,0,4,2,0,112,17,0,0,0,0,0,2,12,0,1,0,0,0,0,25,5,19,59,58,398,28,8,94,51,52,99,24,11,50,93,40,49,55,27,11,4,12,5,4,15,5,19,9,6097,157,1
nwsapi_2_2_26,de363d868f59c75b6bf80011251665eb3226dfcc,0,nan,nan,3,6,6,2,6,2,1,4,0,1,0,1,0,1,7,303,0,3,0,2,1,1,1,0,24,1947,0,4,2,0,112,17,0,0,0,0,0,2,12,0,1,0,0,0,0,25,5,19,59,58,398,28,8,94,51,52,99,24,11,50,93,40,49,55,27,11,4,12,5,4,15,5,19,9,6097,157,1
nwsapi_2_2_27,de363d868f59c75b6bf80011251665eb3226dfcc,0,nan,nan,3,6,6,2,6,2,1,4,0,1,0,1,0,1,7,303,0,3,0,2,1,1,1,0,24,1947,0,4,2,0,112,17,0,0,0,0,0,2,12,0,1,0,0,0,0,25,5,19,59,58,398,28,8,94,51,52,99,24,11,50,93,40,49,55,27,11,4,12,5,4,15,5,19,9,6097,157,1
nwsapi_2_2_21,e20065daed00f795020790383998e55863833c24,0,30320.3125,197859328.0,3,6,5,5,3,1,0,0,2,1,0,1,0,0,3,264,1,0,0,2,0,0,0,0,10,1991,0,3,2,0,113,8,0,0,0,0,0,0,4,0,0,0,0,0,0,21,9,23,76,81,456,23,18,100,44,48,98,26,17,39,62,29,43,53,33,11,11,11,7,3,4,2,19,12,6053,83,0
nwsapi_2_2_22,e20065daed00f795020790383998e55863833c24,0,22536.375,196874240.0,3,6,5,5,3,1,0,0,2,1,0,1,0,0,3,264,1,0,0,2,0,0,0,0,10,1991,0,3,2,0,113,8,0,0,0,0,0,0,4,0,0,0,0,0,0,21,9,23,76,81,456,23,18,100,44,48,98,26,17,39,62,29,43,53,33,11,11,11,7,3,4,2,19,12,6053,83,0
nwsapi_2_2_23,e20065daed00f795020790383998e55863833c24,0,24509.071428571428,197789988.57142857,3,6,5,5,3,1,0,0,2,1,0,1,0,0,3,264,1,0,0,2,0,0,0,0,10,1991,0,3,2,0,113,8,0,0,0,0,0,0,4,0,0,0,0,0,0,21,9,23,76,81,456,23,18,100,44,48,98,26,17,39,62,29,43,53,33,11,11,11,7,3,4,2,19,12,6053,83,0
nwsapi_2_2_24,e20065daed00f795020790383998e55863833c24,0,24176.875,196345856.0,3,6,5,5,3,1,0,0,2,1,0,1,0,0,3,264,1,0,0,2,0,0,0,0,10,1991,0,3,2,0,113,8,0,0,0,0,0,0,4,0,0,0,0,0,0,21,9,23,76,81,456,23,18,100,44,48,98,26,17,39,62,29,43,53,33,11,11,11,7,3,4,2,19,12,6053,83,0
nwsapi_2_2_25,e20065daed00f795020790383998e55863833c24,0,25815.125,197414912.0,3,6,5,5,3,1,0,0,2,1,0,1,0,0,3,264,1,0,0,2,0,0,0,0,10,1991,0,3,2,0,113,8,0,0,0,0,0,0,4,0,0,0,0,0,0,21,9,23,76,81,456,23,18,100,44,48,98,26,17,39,62,29,43,53,33,11,11,11,7,3,4,2,19,12,6053,83,0
nwsapi_2_2_26,e20065daed00f795020790383998e55863833c24,0,27065.1875,197662720.0,3,6,5,5,3,1,0,0,2,1,0,1,0,0,3,264,1,0,0,2,0,0,0,0,10,1991,0,3,2,0,113,8,0,0,0,0,0,0,4,0,0,0,0,0,0,21,9,23,76,81,456,23,18,100,44,48,98,26,17,39,62,29,43,53,33,11,11,11,7,3,4,2,19,12,6053,83,0
nwsapi_2_2_27,e20065daed00f795020790383998e55863833c24,0,26726.5625,197412864.0,3,6,5,5,3,1,0,0,2,1,0,1,0,0,3,264,1,0,0,2,0,0,0,0,10,1991,0,3,2,0,113,8,0,0,0,0,0,0,4,0,0,0,0,0,0,21,9,23,76,81,456,23,18,100,44,48,98,26,17,39,62,29,43,53,33,11,11,11,7,3,4,2,19,12,6053,83,0
nwsapi_2_2_21,480db66d0a9ee47acf66dad52eca2b42e37621b3,0,nan,nan,5,7,4,2,12,4,2,3,3,3,1,3,0,2,10,328,3,1,0,2,2,2,0,0,16,1907,2,2,2,0,103,6,0,0,0,0,0,0,1,0,0,0,0,0,0,30,12,17,61,72,402,21,14,104,53,51,101,30,21,57,108,53,43,53,30,15,8,7,5,6,21,6,21,7,6121,128,2
nwsapi_2_2_22,480db66d0a9ee47acf66dad52eca2b42e37621b3,0,nan,nan,5,7,4,2,12,4,2,3,3,3,1,3,0,2,10,328,3,1,0,2,2,2,0,0,16,1907,2,2,2,0,103,6,0,0,0,0,0,0,1,0,0,0,0,0,0,30,12,17,61,72,402,21,14,104,53,51,101,30,21,57,108,53,43,53,30,15,8,7,5,6,21,6,21,7,6121,128,2
nwsapi_2_2_23,480db66d0a9ee47acf66dad52eca2b42e37621b3,0,nan,nan,5,7,4,2,12,4,2,3,3,3,1,3,0,2,10,328,3,1,0,2,2,2,0,0,16,1907,2,2,2,0,103,6,0,0,0,0,0,0,1,0,0,0,0,0,0,30,12,17,61,72,402,21,14,104,53,51,101,30,21,57,108,53,43,53,30,15,8,7,5,6,21,6,21,7,6121,128,2
nwsapi_2_2_24,480db66d0a9ee47acf66dad52eca2b42e37621b3,0,nan,nan,5,7,4,2,12,4,2,3,3,3,1,3,0,2,10,328,3,1,0,2,2,2,0,0,16,1907,2,2,2,0,103,6,0,0,0,0,0,0,1,0,0,0,0,0,0,30,12,17,61,72,402,21,14,104,53,51,101,30,21,57,108,53,43,53,30,15,8,7,5,6,21,6,21,7,6121,128,2
nwsapi_2_2_25,480db66d0a9ee47acf66dad52eca2b42e37621b3,0,nan,nan,5,7,4,2,12,4,2,3,3,3,1,3,0,2,10,328,3,1,0,2,2,2,0,0,16,1907,2,2,2,0,103,6,0,0,0,0,0,0,1,0,0,0,0,0,0,30,12,17,61,72,402,21,14,104,53,51,101,30,21,57,108,53,43,53,30,15,8,7,5,6,21,6,21,7,6121,128,2
nwsapi_2_2_26,480db66d0a9ee47acf66dad52eca2b42e37621b3,0,nan,nan,5,7,4,2,12,4,2,3,3,3,1,3,0,2,10,328,3,1,0,2,2,2,0,0,16,1907,2,2,2,0,103,6,0,0,0,0,0,0,1,0,0,0,0,0,0,30,12,17,61,72,402,21,14,104,53,51,101,30,21,57,108,53,43,53,30,15,8,7,5,6,21,6,21,7,6121,128,2
nwsapi_2_2_27,480db66d0a9ee47acf66dad52eca2b42e37621b3,0,nan,nan,5,7,4,2,12,4,2,3,3,3,1,3,0,2,10,328,3,1,0,2,2,2,0,0,16,1907,2,2,2,0,103,6,0,0,0,0,0,0,1,0,0,0,0,0,0,30,12,17,61,72,402,21,14,104,53,51,101,30,21,57,108,53,43,53,30,15,8,7,5,6,21,6,21,7,6121,128,2
nwsapi_2_2_21,88c8021c44a4ae41e412b0639928cbfe94e50d26,0,nan,nan,3,6,6,2,6,2,1,4,0,1,0,1,0,1,7,303,0,3,0,2,1,1,1,0,24,1947,0,4,2,0,112,17,0,0,0,0,0,2,12,0,1,0,0,0,0,25,5,19,59,58,398,28,8,94,51,52,99,24,11,50,93,40,49,55,27,11,4,12,5,4,15,5,19,9,6097,158,1
nwsapi_2_2_22,88c8021c44a4ae41e412b0639928cbfe94e50d26,0,nan,nan,3,6,6,2,6,2,1,4,0,1,0,1,0,1,7,303,0,3,0,2,1,1,1,0,24,1947,0,4,2,0,112,17,0,0,0,0,0,2,12,0,1,0,0,0,0,25,5,19,59,58,398,28,8,94,51,52,99,24,11,50,93,40,49,55,27,11,4,12,5,4,15,5,19,9,6097,158,1
nwsapi_2_2_23,88c8021c44a4ae41e412b0639928cbfe94e50d26,0,nan,nan,3,6,6,2,6,2,1,4,0,1,0,1,0,1,7,303,0,3,0,2,1,1,1,0,24,1947,0,4,2,0,112,17,0,0,0,0,0,2,12,0,1,0,0,0,0,25,5,19,59,58,398,28,8,94,51,52,99,24,11,50,93,40,49,55,27,11,4,12,5,4,15,5,19,9,6097,158,1
nwsapi_2_2_24,88c8021c44a4ae41e412b0639928cbfe94e50d26,0,nan,nan,3,6,6,2,6,2,1,4,0,1,0,1,0,1,7,303,0,3,0,2,1,1,1,0,24,1947,0,4,2,0,112,17,0,0,0,0,0,2,12,0,1,0,0,0,0,25,5,19,59,58,398,28,8,94,51,52,99,24,11,50,93,40,49,55,27,11,4,12,5,4,15,5,19,9,6097,158,1
nwsapi_2_2_25,88c8021c44a4ae41e412b0639928cbfe94e50d26,0,nan,nan,3,6,6,2,6,2,1,4,0,1,0,1,0,1,7,303,0,3,0,2,1,1,1,0,24,1947,0,4,2,0,112,17,0,0,0,0,0,2,12,0,1,0,0,0,0,25,5,19,59,58,398,28,8,94,51,52,99,24,11,50,93,40,49,55,27,11,4,12,5,4,15,5,19,9,6097,158,1
nwsapi_2_2_26,88c8021c44a4ae41e412b0639928cbfe94e50d26,0,nan,nan,3,6,6,2,6,2,1,4,0,1,0,1,0,1,7,303,0,3,0,2,1,1,1,0,24,1947,0,4,2,0,112,17,0,0,0,0,0,2,12,0,1,0,0,0,0,25,5,19,59,58,398,28,8,94,51,52,99,24,11,50,93,40,49,55,27,11,4,12,5,4,15,5,19,9,6097,158,1
nwsapi_2_2_27,88c8021c44a4ae41e412b0639928cbfe94e50d26,0,nan,nan,3,6,6,2,6,2,1,4,0,1,0,1,0,1,7,303,0,3,0,2,1,1,1,0,24,1947,0,4,2,0,112,17,0,0,0,0,0,2,12,0,1,0,0,0,0,25,5,19,59,58,398,28,8,94,51,52,99,24,11,50,93,40,49,55,27,11,4,12,5,4,15,5,19,9,6097,158,1
nwsapi_2_2_21,44cfb79281764f181c27b6ea7e1359c25e28ed00,0,nan,nan,3,4,10,3,4,5,2,2,2,4,2,4,0,2,9,303,5,0,0,2,3,3,3,1,36,1921,3,10,3,1,115,21,0,0,0,0,1,12,8,0,8,1,1,0,0,34,8,10,37,62,391,34,15,100,58,51,103,22,17,46,76,31,48,51,17,6,5,6,6,12,40,13,22,7,6357,276,2
nwsapi_2_2_22,44cfb79281764f181c27b6ea7e1359c25e28ed00,0,nan,nan,3,4,10,3,4,5,2,2,2,4,2,4,0,2,9,303,5,0,0,2,3,3,3,1,36,1921,3,10,3,1,115,21,0,0,0,0,1,12,8,0,8,1,1,0,0,34,8,10,37,62,391,34,15,100,58,51,103,22,17,46,76,31,48,51,17,6,5,6,6,12,40,13,22,7,6357,276,2
nwsapi_2_2_23,44cfb79281764f181c27b6ea7e1359c25e28ed00,0,nan,nan,3,4,10,3,4,5,2,2,2,4,2,4,0,2,9,303,5,0,0,2,3,3,3,1,36,1921,3,10,3,1,115,21,0,0,0,0,1,12,8,0,8,1,1,0,0,34,8,10,37,62,391,34,15,100,58,51,103,22,17,46,76,31,48,51,17,6,5,6,6,12,40,13,22,7,6357,276,2
nwsapi_2_2_24,44cfb79281764f181c27b6ea7e1359c25e28ed00,0,nan,nan,3,4,10,3,4,5,2,2,2,4,2,4,0,2,9,303,5,0,0,2,3,3,3,1,36,1921,3,10,3,1,115,21,0,0,0,0,1,12,8,0,8,1,1,0,0,34,8,10,37,62,391,34,15,100,58,51,103,22,17,46,76,31,48,51,17,6,5,6,6,12,40,13,22,7,6357,276,2
nwsapi_2_2_25,44cfb79281764f181c27b6ea7e1359c25e28ed00,0,nan,nan,3,4,10,3,4,5,2,2,2,4,2,4,0,2,9,303,5,0,0,2,3,3,3,1,36,1921,3,10,3,1,115,21,0,0,0,0,1,12,8,0,8,1,1,0,0,34,8,10,37,62,391,34,15,100,58,51,103,22,17,46,76,31,48,51,17,6,5,6,6,12,40,13,22,7,6357,276,2
nwsapi_2_2_26,44cfb79281764f181c27b6ea7e1359c25e28ed00,0,nan,nan,3,4,10,3,4,5,2,2,2,4,2,4,0,2,9,303,5,0,0,2,3,3,3,1,36,1921,3,10,3,1,115,21,0,0,0,0,1,12,8,0,8,1,1,0,0,34,8,10,37,62,391,34,15,100,58,51,103,22,17,46,76,31,48,51,17,6,5,6,6,12,40,13,22,7,6357,276,2
nwsapi_2_2_27,44cfb79281764f181c27b6ea7e1359c25e28ed00,0,nan,nan,3,4,10,3,4,5,2,2,2,4,2,4,0,2,9,303,5,0,0,2,3,3,3,1,36,1921,3,10,3,1,115,21,0,0,0,0,1,12,8,0,8,1,1,0,0,34,8,10,37,62,391,34,15,100,58,51,103,22,17,46,76,31,48,51,17,6,5,6,6,12,40,13,22,7,6357,276,2
nwsapi_2_2_21,a819e44a6f756ecc2a3823717244f8ac502aee45,0,59619.625,196870144.0,3,3,3,0,4,2,0,1,1,1,0,1,0,0,2,295,0,0,0,2,0,0,0,0,3,1867,0,0,2,0,112,1,0,0,0,0,0,0,0,0,0,0,0,0,0,40,12,17,46,82,488,24,16,109,51,45,79,34,15,52,93,46,56,51,20,7,9,4,10,9,43,9,19,7,6382,38,0
nwsapi_2_2_22,a819e44a6f756ecc2a3823717244f8ac502aee45,0,57465.333333333336,196673536.0,3,3,3,0,4,2,0,1,1,1,0,1,0,0,2,295,0,0,0,2,0,0,0,0,3,1867,0,0,2,0,112,1,0,0,0,0,0,0,0,0,0,0,0,0,0,40,12,17,46,82,488,24,16,109,51,45,79,34,15,52,93,46,56,51,20,7,9,4,10,9,43,9,19,7,6382,38,0
nwsapi_2_2_23,a819e44a6f756ecc2a3823717244f8ac502aee45,0,57226.4375,197552128.0,3,3,3,0,4,2,0,1,1,1,0,1,0,0,2,295,0,0,0,2,0,0,0,0,3,1867,0,0,2,0,112,1,0,0,0,0,0,0,0,0,0,0,0,0,0,40,12,17,46,82,488,24,16,109,51,45,79,34,15,52,93,46,56,51,20,7,9,4,10,9,43,9,19,7,6382,38,0
nwsapi_2_2_24,a819e44a6f756ecc2a3823717244f8ac502aee45,0,60815.0625,199186432.0,3,3,3,0,4,2,0,1,1,1,0,1,0,0,2,295,0,0,0,2,0,0,0,0,3,1867,0,0,2,0,112,1,0,0,0,0,0,0,0,0,0,0,0,0,0,40,12,17,46,82,488,24,16,109,51,45,79,34,15,52,93,46,56,51,20,7,9,4,10,9,43,9,19,7,6382,38,0
nwsapi_2_2_25,a819e44a6f756ecc2a3823717244f8ac502aee45,0,64661.5625,198041600.0,3,3,3,0,4,2,0,1,1,1,0,1,0,0,2,295,0,0,0,2,0,0,0,0,3,1867,0,0,2,0,112,1,0,0,0,0,0,0,0,0,0,0,0,0,0,40,12,17,46,82,488,24,16,109,51,45,79,34,15,52,93,46,56,51,20,7,9,4,10,9,43,9,19,7,6382,38,0
nwsapi_2_2_26,a819e44a6f756ecc2a3823717244f8ac502aee45,0,64888.0,198270976.0,3,3,3,0,4,2,0,1,1,1,0,1,0,0,2,295,0,0,0,2,0,0,0,0,3,1867,0,0,2,0,112,1,0,0,0,0,0,0,0,0,0,0,0,0,0,40,12,17,46,82,488,24,16,109,51,45,79,34,15,52,93,46,56,51,20,7,9,4,10,9,43,9,19,7,6382,38,0
nwsapi_2_2_27,a819e44a6f756ecc2a3823717244f8ac502aee45,0,61841.125,198041600.0,3,3,3,0,4,2,0,1,1,1,0,1,0,0,2,295,0,0,0,2,0,0,0,0,3,1867,0,0,2,0,112,1,0,0,0,0,0,0,0,0,0,0,0,0,0,40,12,17,46,82,488,24,16,109,51,45,79,34,15,52,93,46,56,51,20,7,9,4,10,9,43,9,19,7,6382,38,0
nwsapi_2_2_21,e6962a8979783b6f20c23d37d3a64427626ff293,0,62669.4375,199569408.0,3,3,3,0,4,2,0,1,1,1,0,1,0,0,2,295,0,0,0,2,0,0,0,0,3,1867,0,0,2,0,112,1,0,0,0,0,0,0,0,0,0,0,0,0,0,40,12,17,46,82,488,24,16,109,51,45,79,34,15,52,93,46,56,51,20,7,9,4,10,9,43,9,19,7,6382,39,0
nwsapi_2_2_22,e6962a8979783b6f20c23d37d3a64427626ff293,0,59867.25,198926336.0,3,3,3,0,4,2,0,1,1,1,0,1,0,0,2,295,0,0,0,2,0,0,0,0,3,1867,0,0,2,0,112,1,0,0,0,0,0,0,0,0,0,0,0,0,0,40,12,17,46,82,488,24,16,109,51,45,79,34,15,52,93,46,56,51,20,7,9,4,10,9,43,9,19,7,6382,39,0
nwsapi_2_2_23,e6962a8979783b6f20c23d37d3a64427626ff293,0,58840.9375,198180864.0,3,3,3,0,4,2,0,1,1,1,0,1,0,0,2,295,0,0,0,2,0,0,0,0,3,1867,0,0,2,0,112,1,0,0,0,0,0,0,0,0,0,0,0,0,0,40,12,17,46,82,488,24,16,109,51,45,79,34,15,52,93,46,56,51,20,7,9,4,10,9,43,9,19,7,6382,39,0
nwsapi_2_2_24,e6962a8979783b6f20c23d37d3a64427626ff293,0,60533.75,198072320.0,3,3,3,0,4,2,0,1,1,1,0,1,0,0,2,295,0,0,0,2,0,0,0,0,3,1867,0,0,2,0,112,1,0,0,0,0,0,0,0,0,0,0,0,0,0,40,12,17,46,82,488,24,16,109,51,45,79,34,15,52,93,46,56,51,20,7,9,4,10,9,43,9,19,7,6382,39,0
nwsapi_2_2_25,e6962a8979783b6f20c23d37d3a64427626ff293,0,61648.3125,198494208.0,3,3,3,0,4,2,0,1,1,1,0,1,0,0,2,295,0,0,0,2,0,0,0,0,3,1867,0,0,2,0,112,1,0,0,0,0,0,0,0,0,0,0,0,0,0,40,12,17,46,82,488,24,16,109,51,45,79,34,15,52,93,46,56,51,20,7,9,4,10,9,43,9,19,7,6382,39,0
nwsapi_2_2_26,e6962a8979783b6f20c23d37d3a64427626ff293,0,63369.75,198055936.0,3,3,3,0,4,2,0,1,1,1,0,1,0,0,2,295,0,0,0,2,0,0,0,0,3,1867,0,0,2,0,112,1,0,0,0,0,0,0,0,0,0,0,0,0,0,40,12,17,46,82,488,24,16,109,51,45,79,34,15,52,93,46,56,51,20,7,9,4,10,9,43,9,19,7,6382,39,0
nwsapi_2_2_27,e6962a8979783b6f20c23d37d3a64427626ff293,0,62632.875,198389760.0,3,3,3,0,4,2,0,1,1,1,0,1,0,0,2,295,0,0,0,2,0,0,0,0,3,1867,0,0,2,0,112,1,0,0,0,0,0,0,0,0,0,0,0,0,0,40,12,17,46,82,488,24,16,109,51,45,79,34,15,52,93,46,56,51,20,7,9,4,10,9,43,9,19,7,6382,39,0
nwsapi_2_2_21,c5a39b42ce04f04d4e01ecae756bee3fd72a23c0,0,nan,nan,3,6,6,2,6,2,1,4,0,1,0,1,0,1,7,303,0,3,0,2,1,1,1,0,24,1935,0,4,2,0,108,17,0,0,0,0,0,2,12,0,1,0,0,0,0,25,5,19,59,58,398,28,8,94,51,52,99,24,11,50,93,40,49,55,27,11,4,12,5,4,15,5,19,9,6081,158,1
nwsapi_2_2_22,c5a39b42ce04f04d4e01ecae756bee3fd72a23c0,0,nan,nan,3,6,6,2,6,2,1,4,0,1,0,1,0,1,7,303,0,3,0,2,1,1,1,0,24,1935,0,4,2,0,108,17,0,0,0,0,0,2,12,0,1,0,0,0,0,25,5,19,59,58,398,28,8,94,51,52,99,24,11,50,93,40,49,55,27,11,4,12,5,4,15,5,19,9,6081,158,1
nwsapi_2_2_23,c5a39b42ce04f04d4e01ecae756bee3fd72a23c0,0,nan,nan,3,6,6,2,6,2,1,4,0,1,0,1,0,1,7,303,0,3,0,2,1,1,1,0,24,1935,0,4,2,0,108,17,0,0,0,0,0,2,12,0,1,0,0,0,0,25,5,19,59,58,398,28,8,94,51,52,99,24,11,50,93,40,49,55,27,11,4,12,5,4,15,5,19,9,6081,158,1
nwsapi_2_2_24,c5a39b42ce04f04d4e01ecae756bee3fd72a23c0,0,nan,nan,3,6,6,2,6,2,1,4,0,1,0,1,0,1,7,303,0,3,0,2,1,1,1,0,24,1935,0,4,2,0,108,17,0,0,0,0,0,2,12,0,1,0,0,0,0,25,5,19,59,58,398,28,8,94,51,52,99,24,11,50,93,40,49,55,27,11,4,12,5,4,15,5,19,9,6081,158,1
nwsapi_2_2_25,c5a39b42ce04f04d4e01ecae756bee3fd72a23c0,0,nan,nan,3,6,6,2,6,2,1,4,0,1,0,1,0,1,7,303,0,3,0,2,1,1,1,0,24,1935,0,4,2,0,108,17,0,0,0,0,0,2,12,0,1,0,0,0,0,25,5,19,59,58,398,28,8,94,51,52,99,24,11,50,93,40,49,55,27,11,4,12,5,4,15,5,19,9,6081,158,1
nwsapi_2_2_26,c5a39b42ce04f04d4e01ecae756bee3fd72a23c0,0,nan,nan,3,6,6,2,6,2,1,4,0,1,0,1,0,1,7,303,0,3,0,2,1,1,1,0,24,1935,0,4,2,0,108,17,0,0,0,0,0,2,12,0,1,0,0,0,0,25,5,19,59,58,398,28,8,94,51,52,99,24,11,50,93,40,49,55,27,11,4,12,5,4,15,5,19,9,6081,158,1
nwsapi_2_2_27,c5a39b42ce04f04d4e01ecae756bee3fd72a23c0,0,nan,nan,3,6,6,2,6,2,1,4,0,1,0,1,0,1,7,303,0,3,0,2,1,1,1,0,24,1935,0,4,2,0,108,17,0,0,0,0,0,2,12,0,1,0,0,0,0,25,5,19,59,58,398,28,8,94,51,52,99,24,11,50,93,40,49,55,27,11,4,12,5,4,15,5,19,9,6081,158,1
nwsapi_2_2_21,c8ae4a192d7c165a162f8c15e07f1200498656f8,0,nan,nan,3,6,6,2,6,2,1,4,0,1,0,1,0,1,7,303,0,3,0,2,1,1,1,0,24,1935,0,4,2,0,108,17,0,0,0,0,0,2,12,0,1,0,0,0,0,25,5,19,59,58,398,28,8,94,51,52,99,24,11,50,93,40,49,55,27,11,4,12,5,4,15,5,19,9,6081,160,1
nwsapi_2_2_22,c8ae4a192d7c165a162f8c15e07f1200498656f8,0,nan,nan,3,6,6,2,6,2,1,4,0,1,0,1,0,1,7,303,0,3,0,2,1,1,1,0,24,1935,0,4,2,0,108,17,0,0,0,0,0,2,12,0,1,0,0,0,0,25,5,19,59,58,398,28,8,94,51,52,99,24,11,50,93,40,49,55,27,11,4,12,5,4,15,5,19,9,6081,160,1
nwsapi_2_2_23,c8ae4a192d7c165a162f8c15e07f1200498656f8,0,nan,nan,3,6,6,2,6,2,1,4,0,1,0,1,0,1,7,303,0,3,0,2,1,1,1,0,24,1935,0,4,2,0,108,17,0,0,0,0,0,2,12,0,1,0,0,0,0,25,5,19,59,58,398,28,8,94,51,52,99,24,11,50,93,40,49,55,27,11,4,12,5,4,15,5,19,9,6081,160,1
nwsapi_2_2_24,c8ae4a192d7c165a162f8c15e07f1200498656f8,0,nan,nan,3,6,6,2,6,2,1,4,0,1,0,1,0,1,7,303,0,3,0,2,1,1,1,0,24,1935,0,4,2,0,108,17,0,0,0,0,0,2,12,0,1,0,0,0,0,25,5,19,59,58,398,28,8,94,51,52,99,24,11,50,93,40,49,55,27,11,4,12,5,4,15,5,19,9,6081,160,1
nwsapi_2_2_25,c8ae4a192d7c165a162f8c15e07f1200498656f8,0,nan,nan,3,6,6,2,6,2,1,4,0,1,0,1,0,1,7,303,0,3,0,2,1,1,1,0,24,1935,0,4,2,0,108,17,0,0,0,0,0,2,12,0,1,0,0,0,0,25,5,19,59,58,398,28,8,94,51,52,99,24,11,50,93,40,49,55,27,11,4,12,5,4,15,5,19,9,6081,160,1
nwsapi_2_2_26,c8ae4a192d7c165a162f8c15e07f1200498656f8,0,nan,nan,3,6,6,2,6,2,1,4,0,1,0,1,0,1,7,303,0,3,0,2,1,1,1,0,24,1935,0,4,2,0,108,17,0,0,0,0,0,2,12,0,1,0,0,0,0,25,5,19,59,58,398,28,8,94,51,52,99,24,11,50,93,40,49,55,27,11,4,12,5,4,15,5,19,9,6081,160,1
nwsapi_2_2_27,c8ae4a192d7c165a162f8c15e07f1200498656f8,0,nan,nan,3,6,6,2,6,2,1,4,0,1,0,1,0,1,7,303,0,3,0,2,1,1,1,0,24,1935,0,4,2,0,108,17,0,0,0,0,0,2,12,0,1,0,0,0,0,25,5,19,59,58,398,28,8,94,51,52,99,24,11,50,93,40,49,55,27,11,4,12,5,4,15,5,19,9,6081,160,1
nwsapi_2_2_21,8ba85f19ea77fbe66088d9103bc67425eeaa5b4c,0,nan,nan,3,6,6,2,6,2,1,4,0,1,0,1,0,1,7,301,0,3,0,2,1,1,1,0,24,1932,0,4,2,0,108,17,0,0,0,0,0,2,12,0,1,0,0,0,0,25,4,19,59,59,406,28,8,94,51,51,98,24,11,50,93,40,48,55,27,11,4,12,6,5,15,5,19,9,6072,158,1
nwsapi_2_2_22,8ba85f19ea77fbe66088d9103bc67425eeaa5b4c,0,nan,nan,3,6,6,2,6,2,1,4,0,1,0,1,0,1,7,301,0,3,0,2,1,1,1,0,24,1932,0,4,2,0,108,17,0,0,0,0,0,2,12,0,1,0,0,0,0,25,4,19,59,59,406,28,8,94,51,51,98,24,11,50,93,40,48,55,27,11,4,12,6,5,15,5,19,9,6072,158,1
nwsapi_2_2_23,8ba85f19ea77fbe66088d9103bc67425eeaa5b4c,0,nan,nan,3,6,6,2,6,2,1,4,0,1,0,1,0,1,7,301,0,3,0,2,1,1,1,0,24,1932,0,4,2,0,108,17,0,0,0,0,0,2,12,0,1,0,0,0,0,25,4,19,59,59,406,28,8,94,51,51,98,24,11,50,93,40,48,55,27,11,4,12,6,5,15,5,19,9,6072,158,1
nwsapi_2_2_24,8ba85f19ea77fbe66088d9103bc67425eeaa5b4c,0,nan,nan,3,6,6,2,6,2,1,4,0,1,0,1,0,1,7,301,0,3,0,2,1,1,1,0,24,1932,0,4,2,0,108,17,0,0,0,0,0,2,12,0,1,0,0,0,0,25,4,19,59,59,406,28,8,94,51,51,98,24,11,50,93,40,48,55,27,11,4,12,6,5,15,5,19,9,6072,158,1
nwsapi_2_2_25,8ba85f19ea77fbe66088d9103bc67425eeaa5b4c,0,nan,nan,3,6,6,2,6,2,1,4,0,1,0,1,0,1,7,301,0,3,0,2,1,1,1,0,24,1932,0,4,2,0,108,17,0,0,0,0,0,2,12,0,1,0,0,0,0,25,4,19,59,59,406,28,8,94,51,51,98,24,11,50,93,40,48,55,27,11,4,12,6,5,15,5,19,9,6072,158,1
nwsapi_2_2_26,8ba85f19ea77fbe66088d9103bc67425eeaa5b4c,0,nan,nan,3,6,6,2,6,2,1,4,0,1,0,1,0,1,7,301,0,3,0,2,1,1,1,0,24,1932,0,4,2,0,108,17,0,0,0,0,0,2,12,0,1,0,0,0,0,25,4,19,59,59,406,28,8,94,51,51,98,24,11,50,93,40,48,55,27,11,4,12,6,5,15,5,19,9,6072,158,1
nwsapi_2_2_27,8ba85f19ea77fbe66088d9103bc67425eeaa5b4c,0,nan,nan,3,6,6,2,6,2,1,4,0,1,0,1,0,1,7,301,0,3,0,2,1,1,1,0,24,1932,0,4,2,0,108,17,0,0,0,0,0,2,12,0,1,0,0,0,0,25,4,19,59,59,406,28,8,94,51,51,98,24,11,50,93,40,48,55,27,11,4,12,6,5,15,5,19,9,6072,158,1
nwsapi_2_2_21,e10f476f65e49b4fcd63b69e9c5838dbe8ce6564,0,nan,nan,6,13,41,21,19,19,7,22,24,14,4,14,8,4,68,592,15,7,1,4,12,12,10,3,242,3663,11,33,19,7,169,129,1,0,2,0,7,48,58,0,66,13,8,12,8,29,10,46,163,138,774,51,27,199,92,104,201,50,21,97,184,92,91,87,74,27,24,23,7,5,16,7,19,20,11564,1458,5
nwsapi_2_2_22,e10f476f65e49b4fcd63b69e9c5838dbe8ce6564,0,nan,nan,6,13,41,21,19,19,7,22,24,14,4,14,8,4,68,592,15,7,1,4,12,12,10,3,242,3663,11,33,19,7,169,129,1,0,2,0,7,48,58,0,66,13,8,12,8,29,10,46,163,138,774,51,27,199,92,104,201,50,21,97,184,92,91,87,74,27,24,23,7,5,16,7,19,20,11564,1458,5
nwsapi_2_2_23,e10f476f65e49b4fcd63b69e9c5838dbe8ce6564,0,nan,nan,6,13,41,21,19,19,7,22,24,14,4,14,8,4,68,592,15,7,1,4,12,12,10,3,242,3663,11,33,19,7,169,129,1,0,2,0,7,48,58,0,66,13,8,12,8,29,10,46,163,138,774,51,27,199,92,104,201,50,21,97,184,92,91,87,74,27,24,23,7,5,16,7,19,20,11564,1458,5
nwsapi_2_2_24,e10f476f65e49b4fcd63b69e9c5838dbe8ce6564,0,nan,nan,6,13,41,21,19,19,7,22,24,14,4,14,8,4,68,592,15,7,1,4,12,12,10,3,242,3663,11,33,19,7,169,129,1,0,2,0,7,48,58,0,66,13,8,12,8,29,10,46,163,138,774,51,27,199,92,104,201,50,21,97,184,92,91,87,74,27,24,23,7,5,16,7,19,20,11564,1458,5
nwsapi_2_2_25,e10f476f65e49b4fcd63b69e9c5838dbe8ce6564,0,nan,nan,6,13,41,21,19,19,7,22,24,14,4,14,8,4,68,592,15,7,1,4,12,12,10,3,242,3663,11,33,19,7,169,129,1,0,2,0,7,48,58,0,66,13,8,12,8,29,10,46,163,138,774,51,27,199,92,104,201,50,21,97,184,92,91,87,74,27,24,23,7,5,16,7,19,20,11564,1458,5
nwsapi_2_2_26,e10f476f65e49b4fcd63b69e9c5838dbe8ce6564,0,nan,nan,6,13,41,21,19,19,7,22,24,14,4,14,8,4,68,592,15,7,1,4,12,12,10,3,242,3663,11,33,19,7,169,129,1,0,2,0,7,48,58,0,66,13,8,12,8,29,10,46,163,138,774,51,27,199,92,104,201,50,21,97,184,92,91,87,74,27,24,23,7,5,16,7,19,20,11564,1458,5
nwsapi_2_2_27,e10f476f65e49b4fcd63b69e9c5838dbe8ce6564,0,nan,nan,6,13,41,21,19,19,7,22,24,14,4,14,8,4,68,592,15,7,1,4,12,12,10,3,242,3663,11,33,19,7,169,129,1,0,2,0,7,48,58,0,66,13,8,12,8,29,10,46,163,138,774,51,27,199,92,104,201,50,21,97,184,92,91,87,74,27,24,23,7,5,16,7,19,20,11564,1458,5
nwsapi_2_2_21,e37b28183193ec6fc6f20f0de8ef2d1ec2708604,0,nan,nan,3,5,4,3,8,2,2,2,2,1,0,1,0,2,6,299,2,0,1,1,2,2,0,0,8,1994,1,2,1,0,108,3,0,1,1,1,0,0,2,0,0,0,0,0,0,20,10,27,102,76,479,37,14,122,54,43,84,28,11,59,95,43,54,54,42,10,20,12,0,0,0,5,19,11,6693,91,2
nwsapi_2_2_22,e37b28183193ec6fc6f20f0de8ef2d1ec2708604,0,nan,nan,3,5,4,3,8,2,2,2,2,1,0,1,0,2,6,299,2,0,1,1,2,2,0,0,8,1994,1,2,1,0,108,3,0,1,1,1,0,0,2,0,0,0,0,0,0,20,10,27,102,76,479,37,14,122,54,43,84,28,11,59,95,43,54,54,42,10,20,12,0,0,0,5,19,11,6693,91,2
nwsapi_2_2_23,e37b28183193ec6fc6f20f0de8ef2d1ec2708604,0,nan,nan,3,5,4,3,8,2,2,2,2,1,0,1,0,2,6,299,2,0,1,1,2,2,0,0,8,1994,1,2,1,0,108,3,0,1,1,1,0,0,2,0,0,0,0,0,0,20,10,27,102,76,479,37,14,122,54,43,84,28,11,59,95,43,54,54,42,10,20,12,0,0,0,5,19,11,6693,91,2
nwsapi_2_2_24,e37b28183193ec6fc6f20f0de8ef2d1ec2708604,0,nan,nan,3,5,4,3,8,2,2,2,2,1,0,1,0,2,6,299,2,0,1,1,2,2,0,0,8,1994,1,2,1,0,108,3,0,1,1,1,0,0,2,0,0,0,0,0,0,20,10,27,102,76,479,37,14,122,54,43,84,28,11,59,95,43,54,54,42,10,20,12,0,0,0,5,19,11,6693,91,2
nwsapi_2_2_25,e37b28183193ec6fc6f20f0de8ef2d1ec2708604,0,nan,nan,3,5,4,3,8,2,2,2,2,1,0,1,0,2,6,299,2,0,1,1,2,2,0,0,8,1994,1,2,1,0,108,3,0,1,1,1,0,0,2,0,0,0,0,0,0,20,10,27,102,76,479,37,14,122,54,43,84,28,11,59,95,43,54,54,42,10,20,12,0,0,0,5,19,11,6693,91,2
nwsapi_2_2_26,e37b28183193ec6fc6f20f0de8ef2d1ec2708604,0,nan,nan,3,5,4,3,8,2,2,2,2,1,0,1,0,2,6,299,2,0,1,1,2,2,0,0,8,1994,1,2,1,0,108,3,0,1,1,1,0,0,2,0,0,0,0,0,0,20,10,27,102,76,479,37,14,122,54,43,84,28,11,59,95,43,54,54,42,10,20,12,0,0,0,5,19,11,6693,91,2
nwsapi_2_2_27,e37b28183193ec6fc6f20f0de8ef2d1ec2708604,0,nan,nan,3,5,4,3,8,2,2,2,2,1,0,1,0,2,6,299,2,0,1,1,2,2,0,0,8,1994,1,2,1,0,108,3,0,1,1,1,0,0,2,0,0,0,0,0,0,20,10,27,102,76,479,37,14,122,54,43,84,28,11,59,95,43,54,54,42,10,20,12,0,0,0,5,19,11,6693,91,2
nwsapi_2_2_21,9e8f294320d49ab0bdb1bf1d26fa1ef456545178,0,151858.5,203787468.8,3,8,5,3,5,0,1,1,3,0,0,0,1,0,4,353,0,0,0,2,0,0,0,0,19,1870,0,5,2,0,74,9,0,0,0,0,0,0,3,0,0,0,0,0,0,23,10,18,75,66,475,24,9,103,46,52,135,26,15,47,112,58,45,39,32,9,11,12,7,4,8,4,19,9,6037,94,0
nwsapi_2_2_22,9e8f294320d49ab0bdb1bf1d26fa1ef456545178,0,144242.1875,203321344.0,3,8,5,3,5,0,1,1,3,0,0,0,1,0,4,353,0,0,0,2,0,0,0,0,19,1870,0,5,2,0,74,9,0,0,0,0,0,0,3,0,0,0,0,0,0,23,10,18,75,66,475,24,9,103,46,52,135,26,15,47,112,58,45,39,32,9,11,12,7,4,8,4,19,9,6037,94,0
nwsapi_2_2_23,9e8f294320d49ab0bdb1bf1d26fa1ef456545178,0,143067.625,203393024.0,3,8,5,3,5,0,1,1,3,0,0,0,1,0,4,353,0,0,0,2,0,0,0,0,19,1870,0,5,2,0,74,9,0,0,0,0,0,0,3,0,0,0,0,0,0,23,10,18,75,66,475,24,9,103,46,52,135,26,15,47,112,58,45,39,32,9,11,12,7,4,8,4,19,9,6037,94,0
nwsapi_2_2_24,9e8f294320d49ab0bdb1bf1d26fa1ef456545178,0,143020.75,202909696.0,3,8,5,3,5,0,1,1,3,0,0,0,1,0,4,353,0,0,0,2,0,0,0,0,19,1870,0,5,2,0,74,9,0,0,0,0,0,0,3,0,0,0,0,0,0,23,10,18,75,66,475,24,9,103,46,52,135,26,15,47,112,58,45,39,32,9,11,12,7,4,8,4,19,9,6037,94,0
nwsapi_2_2_25,9e8f294320d49ab0bdb1bf1d26fa1ef456545178,0,143656.375,202301440.0,3,8,5,3,5,0,1,1,3,0,0,0,1,0,4,353,0,0,0,2,0,0,0,0,19,1870,0,5,2,0,74,9,0,0,0,0,0,0,3,0,0,0,0,0,0,23,10,18,75,66,475,24,9,103,46,52,135,26,15,47,112,58,45,39,32,9,11,12,7,4,8,4,19,9,6037,94,0
nwsapi_2_2_26,9e8f294320d49ab0bdb1bf1d26fa1ef456545178,0,147663.41666666666,202700117.33333334,3,8,5,3,5,0,1,1,3,0,0,0,1,0,4,353,0,0,0,2,0,0,0,0,19,1870,0,5,2,0,74,9,0,0,0,0,0,0,3,0,0,0,0,0,0,23,10,18,75,66,475,24,9,103,46,52,135,26,15,47,112,58,45,39,32,9,11,12,7,4,8,4,19,9,6037,94,0
nwsapi_2_2_27,9e8f294320d49ab0bdb1bf1d26fa1ef456545178,0,144263.0,202565632.0,3,8,5,3,5,0,1,1,3,0,0,0,1,0,4,353,0,0,0,2,0,0,0,0,19,1870,0,5,2,0,74,9,0,0,0,0,0,0,3,0,0,0,0,0,0,23,10,18,75,66,475,24,9,103,46,52,135,26,15,47,112,58,45,39,32,9,11,12,7,4,8,4,19,9,6037,94,0
nwsapi_2_2_21,f8199de0b57e39dba06e919efed5ad6252d94ef6,0,5955.6875,196851712.0,1,1,1,0,2,0,1,0,1,0,0,0,1,0,1,319,0,0,0,0,0,0,0,0,2,1958,0,0,0,0,95,1,0,0,0,0,0,0,0,0,0,0,0,0,0,35,11,26,71,81,508,25,10,113,53,49,86,35,17,52,116,58,47,53,29,9,9,11,7,5,11,6,30,8,6410,16,0
nwsapi_2_2_22,f8199de0b57e39dba06e919efed5ad6252d94ef6,0,5953.125,197394432.0,1,1,1,0,2,0,1,0,1,0,0,0,1,0,1,319,0,0,0,0,0,0,0,0,2,1958,0,0,0,0,95,1,0,0,0,0,0,0,0,0,0,0,0,0,0,35,11,26,71,81,508,25,10,113,53,49,86,35,17,52,116,58,47,53,29,9,9,11,7,5,11,6,30,8,6410,16,0
nwsapi_2_2_23,f8199de0b57e39dba06e919efed5ad6252d94ef6,0,5755.1875,197044224.0,1,1,1,0,2,0,1,0,1,0,0,0,1,0,1,319,0,0,0,0,0,0,0,0,2,1958,0,0,0,0,95,1,0,0,0,0,0,0,0,0,0,0,0,0,0,35,11,26,71,81,508,25,10,113,53,49,86,35,17,52,116,58,47,53,29,9,9,11,7,5,11,6,30,8,6410,16,0
nwsapi_2_2_24,f8199de0b57e39dba06e919efed5ad6252d94ef6,0,6078.125,197232640.0,1,1,1,0,2,0,1,0,1,0,0,0,1,0,1,319,0,0,0,0,0,0,0,0,2,1958,0,0,0,0,95,1,0,0,0,0,0,0,0,0,0,0,0,0,0,35,11,26,71,81,508,25,10,113,53,49,86,35,17,52,116,58,47,53,29,9,9,11,7,5,11,6,30,8,6410,16,0
nwsapi_2_2_25,f8199de0b57e39dba06e919efed5ad6252d94ef6,0,6132.9375,197939200.0,1,1,1,0,2,0,1,0,1,0,0,0,1,0,1,319,0,0,0,0,0,0,0,0,2,1958,0,0,0,0,95,1,0,0,0,0,0,0,0,0,0,0,0,0,0,35,11,26,71,81,508,25,10,113,53,49,86,35,17,52,116,58,47,53,29,9,9,11,7,5,11,6,30,8,6410,16,0
nwsapi_2_2_26,f8199de0b57e39dba06e919efed5ad6252d94ef6,0,6131.833333333333,196962986.66666666,1,1,1,0,2,0,1,0,1,0,0,0,1,0,1,319,0,0,0,0,0,0,0,0,2,1958,0,0,0,0,95,1,0,0,0,0,0,0,0,0,0,0,0,0,0,35,11,26,71,81,508,25,10,113,53,49,86,35,17,52,116,58,47,53,29,9,9,11,7,5,11,6,30,8,6410,16,0
nwsapi_2_2_27,f8199de0b57e39dba06e919efed5ad6252d94ef6,0,6257.75,198246400.0,1,1,1,0,2,0,1,0,1,0,0,0,1,0,1,319,0,0,0,0,0,0,0,0,2,1958,0,0,0,0,95,1,0,0,0,0,0,0,0,0,0,0,0,0,0,35,11,26,71,81,508,25,10,113,53,49,86,35,17,52,116,58,47,53,29,9,9,11,7,5,11,6,30,8,6410,16,0
nwsapi_2_2_21,237f4bd770e484645ded3074180c7d927e947413,0,118153.75,200941568.0,6,17,12,2,9,3,3,1,2,2,2,2,1,2,10,275,4,3,0,4,2,2,0,1,32,1806,3,11,4,0,110,20,0,0,0,0,0,0,7,0,0,0,0,0,0,44,10,13,18,77,501,36,20,109,50,54,91,24,10,48,78,35,46,53,15,4,10,1,15,13,71,9,19,6,6398,224,2
nwsapi_2_2_22,237f4bd770e484645ded3074180c7d927e947413,0,113145.75,201902080.0,6,17,12,2,9,3,3,1,2,2,2,2,1,2,10,275,4,3,0,4,2,2,0,1,32,1806,3,11,4,0,110,20,0,0,0,0,0,0,7,0,0,0,0,0,0,44,10,13,18,77,501,36,20,109,50,54,91,24,10,48,78,35,46,53,15,4,10,1,15,13,71,9,19,6,6398,224,2
nwsapi_2_2_23,237f4bd770e484645ded3074180c7d927e947413,0,106066.0,200518314.66666666,6,17,12,2,9,3,3,1,2,2,2,2,1,2,10,275,4,3,0,4,2,2,0,1,32,1806,3,11,4,0,110,20,0,0,0,0,0,0,7,0,0,0,0,0,0,44,10,13,18,77,501,36,20,109,50,54,91,24,10,48,78,35,46,53,15,4,10,1,15,13,71,9,19,6,6398,224,2
nwsapi_2_2_24,237f4bd770e484645ded3074180c7d927e947413,0,nan,nan,6,17,12,2,9,3,3,1,2,2,2,2,1,2,10,275,4,3,0,4,2,2,0,1,32,1806,3,11,4,0,110,20,0,0,0,0,0,0,7,0,0,0,0,0,0,44,10,13,18,77,501,36,20,109,50,54,91,24,10,48,78,35,46,53,15,4,10,1,15,13,71,9,19,6,6398,224,2
nwsapi_2_2_25,237f4bd770e484645ded3074180c7d927e947413,0,108307.375,201342976.0,6,17,12,2,9,3,3,1,2,2,2,2,1,2,10,275,4,3,0,4,2,2,0,1,32,1806,3,11,4,0,110,20,0,0,0,0,0,0,7,0,0,0,0,0,0,44,10,13,18,77,501,36,20,109,50,54,91,24,10,48,78,35,46,53,15,4,10,1,15,13,71,9,19,6,6398,224,2
nwsapi_2_2_26,237f4bd770e484645ded3074180c7d927e947413,0,114625.0625,199819264.0,6,17,12,2,9,3,3,1,2,2,2,2,1,2,10,275,4,3,0,4,2,2,0,1,32,1806,3,11,4,0,110,20,0,0,0,0,0,0,7,0,0,0,0,0,0,44,10,13,18,77,501,36,20,109,50,54,91,24,10,48,78,35,46,53,15,4,10,1,15,13,71,9,19,6,6398,224,2
nwsapi_2_2_27,237f4bd770e484645ded3074180c7d927e947413,0,103833.33333333333,199813802.66666666,6,17,12,2,9,3,3,1,2,2,2,2,1,2,10,275,4,3,0,4,2,2,0,1,32,1806,3,11,4,0,110,20,0,0,0,0,0,0,7,0,0,0,0,0,0,44,10,13,18,77,501,36,20,109,50,54,91,24,10,48,78,35,46,53,15,4,10,1,15,13,71,9,19,6,6398,224,2
nwsapi_2_2_21,8050416247fc4ed7c661841b84f63b67c9edd246,0,42576.5,197416277.33333334,2,4,2,2,5,1,1,3,0,1,1,1,1,0,3,342,0,0,0,1,0,0,0,0,19,2005,0,2,1,0,101,14,0,0,0,0,0,0,6,0,0,0,0,0,0,39,9,15,46,67,423,35,17,101,56,47,84,18,7,55,141,80,54,52,19,7,8,4,11,9,19,9,35,5,6555,107,0
nwsapi_2_2_22,8050416247fc4ed7c661841b84f63b67c9edd246,0,40566.6,196657152.0,2,4,2,2,5,1,1,3,0,1,1,1,1,0,3,342,0,0,0,1,0,0,0,0,19,2005,0,2,1,0,101,14,0,0,0,0,0,0,6,0,0,0,0,0,0,39,9,15,46,67,423,35,17,101,56,47,84,18,7,55,141,80,54,52,19,7,8,4,11,9,19,9,35,5,6555,107,0
nwsapi_2_2_23,8050416247fc4ed7c661841b84f63b67c9edd246,0,41523.375,197505024.0,2,4,2,2,5,1,1,3,0,1,1,1,1,0,3,342,0,0,0,1,0,0,0,0,19,2005,0,2,1,0,101,14,0,0,0,0,0,0,6,0,0,0,0,0,0,39,9,15,46,67,423,35,17,101,56,47,84,18,7,55,141,80,54,52,19,7,8,4,11,9,19,9,35,5,6555,107,0
nwsapi_2_2_24,8050416247fc4ed7c661841b84f63b67c9edd246,0,40576.5,196556117.33333334,2,4,2,2,5,1,1,3,0,1,1,1,1,0,3,342,0,0,0,1,0,0,0,0,19,2005,0,2,1,0,101,14,0,0,0,0,0,0,6,0,0,0,0,0,0,39,9,15,46,67,423,35,17,101,56,47,84,18,7,55,141,80,54,52,19,7,8,4,11,9,19,9,35,5,6555,107,0
nwsapi_2_2_25,8050416247fc4ed7c661841b84f63b67c9edd246,0,42052.1875,197703680.0,2,4,2,2,5,1,1,3,0,1,1,1,1,0,3,342,0,0,0,1,0,0,0,0,19,2005,0,2,1,0,101,14,0,0,0,0,0,0,6,0,0,0,0,0,0,39,9,15,46,67,423,35,17,101,56,47,84,18,7,55,141,80,54,52,19,7,8,4,11,9,19,9,35,5,6555,107,0
nwsapi_2_2_26,8050416247fc4ed7c661841b84f63b67c9edd246,0,41920.166666666664,197279744.0,2,4,2,2,5,1,1,3,0,1,1,1,1,0,3,342,0,0,0,1,0,0,0,0,19,2005,0,2,1,0,101,14,0,0,0,0,0,0,6,0,0,0,0,0,0,39,9,15,46,67,423,35,17,101,56,47,84,18,7,55,141,80,54,52,19,7,8,4,11,9,19,9,35,5,6555,107,0
nwsapi_2_2_27,8050416247fc4ed7c661841b84f63b67c9edd246,0,41627.625,197052416.0,2,4,2,2,5,1,1,3,0,1,1,1,1,0,3,342,0,0,0,1,0,0,0,0,19,2005,0,2,1,0,101,14,0,0,0,0,0,0,6,0,0,0,0,0,0,39,9,15,46,67,423,35,17,101,56,47,84,18,7,55,141,80,54,52,19,7,8,4,11,9,19,9,35,5,6555,107,0
nwsapi_2_2_21,5879d34d34c098bf6c83dcd281ea2a8e276abbe8,0,57921.875,196919296.0,2,2,2,1,3,2,1,0,0,1,1,1,1,0,0,298,0,0,0,1,0,0,0,0,0,1918,0,0,1,0,99,0,0,0,0,0,0,0,0,0,0,0,0,0,0,26,7,22,67,73,460,33,15,108,48,46,94,25,13,47,87,37,55,51,30,15,7,8,7,5,21,6,19,6,6361,37,0
nwsapi_2_2_22,5879d34d34c098bf6c83dcd281ea2a8e276abbe8,0,56533.875,197779456.0,2,2,2,1,3,2,1,0,0,1,1,1,1,0,0,298,0,0,0,1,0,0,0,0,0,1918,0,0,1,0,99,0,0,0,0,0,0,0,0,0,0,0,0,0,0,26,7,22,67,73,460,33,15,108,48,46,94,25,13,47,87,37,55,51,30,15,7,8,7,5,21,6,19,6,6361,37,0
nwsapi_2_2_23,5879d34d34c098bf6c83dcd281ea2a8e276abbe8,0,63375.0,198266880.0,2,2,2,1,3,2,1,0,0,1,1,1,1,0,0,298,0,0,0,1,0,0,0,0,0,1918,0,0,1,0,99,0,0,0,0,0,0,0,0,0,0,0,0,0,0,26,7,22,67,73,460,33,15,108,48,46,94,25,13,47,87,37,55,51,30,15,7,8,7,5,21,6,19,6,6361,37,0
nwsapi_2_2_24,5879d34d34c098bf6c83dcd281ea2a8e276abbe8,0,59278.6875,198506496.0,2,2,2,1,3,2,1,0,0,1,1,1,1,0,0,298,0,0,0,1,0,0,0,0,0,1918,0,0,1,0,99,0,0,0,0,0,0,0,0,0,0,0,0,0,0,26,7,22,67,73,460,33,15,108,48,46,94,25,13,47,87,37,55,51,30,15,7,8,7,5,21,6,19,6,6361,37,0
nwsapi_2_2_25,5879d34d34c098bf6c83dcd281ea2a8e276abbe8,0,60554.8125,198047744.0,2,2,2,1,3,2,1,0,0,1,1,1,1,0,0,298,0,0,0,1,0,0,0,0,0,1918,0,0,1,0,99,0,0,0,0,0,0,0,0,0,0,0,0,0,0,26,7,22,67,73,460,33,15,108,48,46,94,25,13,47,87,37,55,51,30,15,7,8,7,5,21,6,19,6,6361,37,0
nwsapi_2_2_26,5879d34d34c098bf6c83dcd281ea2a8e276abbe8,0,59861.166666666664,199595349.33333334,2,2,2,1,3,2,1,0,0,1,1,1,1,0,0,298,0,0,0,1,0,0,0,0,0,1918,0,0,1,0,99,0,0,0,0,0,0,0,0,0,0,0,0,0,0,26,7,22,67,73,460,33,15,108,48,46,94,25,13,47,87,37,55,51,30,15,7,8,7,5,21,6,19,6,6361,37,0
nwsapi_2_2_27,5879d34d34c098bf6c83dcd281ea2a8e276abbe8,0,60765.75,198656000.0,2,2,2,1,3,2,1,0,0,1,1,1,1,0,0,298,0,0,0,1,0,0,0,0,0,1918,0,0,1,0,99,0,0,0,0,0,0,0,0,0,0,0,0,0,0,26,7,22,67,73,460,33,15,108,48,46,94,25,13,47,87,37,55,51,30,15,7,8,7,5,21,6,19,6,6361,37,0
nwsapi_2_2_21,638469d4f6005fce180f682bd80f15805b92c454,0,60632.8125,198432768.0,2,2,2,1,3,2,1,0,0,1,1,1,1,0,0,293,0,0,0,1,0,0,0,0,0,1901,0,0,1,0,100,0,0,0,0,0,0,0,0,0,0,0,0,0,0,26,7,22,67,73,460,33,15,108,48,45,92,25,13,47,85,36,54,52,30,15,7,8,7,5,21,6,19,6,6323,37,0
nwsapi_2_2_22,638469d4f6005fce180f682bd80f15805b92c454,0,55260.4375,198178816.0,2,2,2,1,3,2,1,0,0,1,1,1,1,0,0,293,0,0,0,1,0,0,0,0,0,1901,0,0,1,0,100,0,0,0,0,0,0,0,0,0,0,0,0,0,0,26,7,22,67,73,460,33,15,108,48,45,92,25,13,47,85,36,54,52,30,15,7,8,7,5,21,6,19,6,6323,37,0
nwsapi_2_2_23,638469d4f6005fce180f682bd80f15805b92c454,0,61343.666666666664,199417856.0,2,2,2,1,3,2,1,0,0,1,1,1,1,0,0,293,0,0,0,1,0,0,0,0,0,1901,0,0,1,0,100,0,0,0,0,0,0,0,0,0,0,0,0,0,0,26,7,22,67,73,460,33,15,108,48,45,92,25,13,47,85,36,54,52,30,15,7,8,7,5,21,6,19,6,6323,37,0
nwsapi_2_2_24,638469d4f6005fce180f682bd80f15805b92c454,0,62317.8125,198514688.0,2,2,2,1,3,2,1,0,0,1,1,1,1,0,0,293,0,0,0,1,0,0,0,0,0,1901,0,0,1,0,100,0,0,0,0,0,0,0,0,0,0,0,0,0,0,26,7,22,67,73,460,33,15,108,48,45,92,25,13,47,85,36,54,52,30,15,7,8,7,5,21,6,19,6,6323,37,0
nwsapi_2_2_25,638469d4f6005fce180f682bd80f15805b92c454,0,58754.0,198842777.6,2,2,2,1,3,2,1,0,0,1,1,1,1,0,0,293,0,0,0,1,0,0,0,0,0,1901,0,0,1,0,100,0,0,0,0,0,0,0,0,0,0,0,0,0,0,26,7,22,67,73,460,33,15,108,48,45,92,25,13,47,85,36,54,52,30,15,7,8,7,5,21,6,19,6,6323,37,0
nwsapi_2_2_26,638469d4f6005fce180f682bd80f15805b92c454,0,61723.9375,198184960.0,2,2,2,1,3,2,1,0,0,1,1,1,1,0,0,293,0,0,0,1,0,0,0,0,0,1901,0,0,1,0,100,0,0,0,0,0,0,0,0,0,0,0,0,0,0,26,7,22,67,73,460,33,15,108,48,45,92,25,13,47,85,36,54,52,30,15,7,8,7,5,21,6,19,6,6323,37,0
nwsapi_2_2_27,638469d4f6005fce180f682bd80f15805b92c454,0,57069.166666666664,197640192.0,2,2,2,1,3,2,1,0,0,1,1,1,1,0,0,293,0,0,0,1,0,0,0,0,0,1901,0,0,1,0,100,0,0,0,0,0,0,0,0,0,0,0,0,0,0,26,7,22,67,73,460,33,15,108,48,45,92,25,13,47,85,36,54,52,30,15,7,8,7,5,21,6,19,6,6323,37,0
nwsapi_2_2_21,a1b2cabf4f4a2db6c611183c6a4b5ab86f3d6cf4,0,155763.91666666666,202424320.0,3,8,5,3,5,0,1,1,3,0,0,0,1,0,4,356,0,0,0,2,0,0,0,0,19,1874,0,5,2,0,74,9,0,0,0,0,0,0,3,0,0,0,0,0,0,23,10,18,75,65,473,24,9,103,47,52,135,26,15,46,113,58,46,39,32,9,11,12,7,3,8,4,19,9,6045,94,0
nwsapi_2_2_22,a1b2cabf4f4a2db6c611183c6a4b5ab86f3d6cf4,0,136760.25,201719808.0,3,8,5,3,5,0,1,1,3,0,0,0,1,0,4,356,0,0,0,2,0,0,0,0,19,1874,0,5,2,0,74,9,0,0,0,0,0,0,3,0,0,0,0,0,0,23,10,18,75,65,473,24,9,103,47,52,135,26,15,46,113,58,46,39,32,9,11,12,7,3,8,4,19,9,6045,94,0
nwsapi_2_2_23,a1b2cabf4f4a2db6c611183c6a4b5ab86f3d6cf4,0,141461.125,203259904.0,3,8,5,3,5,0,1,1,3,0,0,0,1,0,4,356,0,0,0,2,0,0,0,0,19,1874,0,5,2,0,74,9,0,0,0,0,0,0,3,0,0,0,0,0,0,23,10,18,75,65,473,24,9,103,47,52,135,26,15,46,113,58,46,39,32,9,11,12,7,3,8,4,19,9,6045,94,0
nwsapi_2_2_24,a1b2cabf4f4a2db6c611183c6a4b5ab86f3d6cf4,0,142627.92857142858,202597522.2857143,3,8,5,3,5,0,1,1,3,0,0,0,1,0,4,356,0,0,0,2,0,0,0,0,19,1874,0,5,2,0,74,9,0,0,0,0,0,0,3,0,0,0,0,0,0,23,10,18,75,65,473,24,9,103,47,52,135,26,15,46,113,58,46,39,32,9,11,12,7,3,8,4,19,9,6045,94,0
nwsapi_2_2_25,a1b2cabf4f4a2db6c611183c6a4b5ab86f3d6cf4,0,145708.25,202641408.0,3,8,5,3,5,0,1,1,3,0,0,0,1,0,4,356,0,0,0,2,0,0,0,0,19,1874,0,5,2,0,74,9,0,0,0,0,0,0,3,0,0,0,0,0,0,23,10,18,75,65,473,24,9,103,47,52,135,26,15,46,113,58,46,39,32,9,11,12,7,3,8,4,19,9,6045,94,0
nwsapi_2_2_26,a1b2cabf4f4a2db6c611183c6a4b5ab86f3d6cf4,0,141567.625,203239424.0,3,8,5,3,5,0,1,1,3,0,0,0,1,0,4,356,0,0,0,2,0,0,0,0,19,1874,0,5,2,0,74,9,0,0,0,0,0,0,3,0,0,0,0,0,0,23,10,18,75,65,473,24,9,103,47,52,135,26,15,46,113,58,46,39,32,9,11,12,7,3,8,4,19,9,6045,94,0
nwsapi_2_2_27,a1b2cabf4f4a2db6c611183c6a4b5ab86f3d6cf4,0,139849.0,202063872.0,3,8,5,3,5,0,1,1,3,0,0,0,1,0,4,356,0,0,0,2,0,0,0,0,19,1874,0,5,2,0,74,9,0,0,0,0,0,0,3,0,0,0,0,0,0,23,10,18,75,65,473,24,9,103,47,52,135,26,15,46,113,58,46,39,32,9,11,12,7,3,8,4,19,9,6045,94,0
nwsapi_2_2_21,17c99ca3c4230c4abfed716a1af04da46db519a4,0,317712.3,203761254.4,3,5,3,1,6,2,1,2,1,1,0,1,1,0,4,312,0,1,0,2,0,0,0,0,14,1772,0,2,2,0,96,5,0,0,0,0,0,0,3,0,0,0,0,0,0,20,6,22,97,70,492,33,19,117,51,52,95,29,14,50,101,48,50,51,37,8,16,13,6,0,0,6,19,7,6502,93,0
nwsapi_2_2_22,17c99ca3c4230c4abfed716a1af04da46db519a4,0,316393.1875,203366400.0,3,5,3,1,6,2,1,2,1,1,0,1,1,0,4,312,0,1,0,2,0,0,0,0,14,1772,0,2,2,0,96,5,0,0,0,0,0,0,3,0,0,0,0,0,0,20,6,22,97,70,492,33,19,117,51,52,95,29,14,50,101,48,50,51,37,8,16,13,6,0,0,6,19,7,6502,93,0
nwsapi_2_2_23,17c99ca3c4230c4abfed716a1af04da46db519a4,0,312130.375,202842112.0,3,5,3,1,6,2,1,2,1,1,0,1,1,0,4,312,0,1,0,2,0,0,0,0,14,1772,0,2,2,0,96,5,0,0,0,0,0,0,3,0,0,0,0,0,0,20,6,22,97,70,492,33,19,117,51,52,95,29,14,50,101,48,50,51,37,8,16,13,6,0,0,6,19,7,6502,93,0
nwsapi_2_2_24,17c99ca3c4230c4abfed716a1af04da46db519a4,0,319416.8333333333,203931648.0,3,5,3,1,6,2,1,2,1,1,0,1,1,0,4,312,0,1,0,2,0,0,0,0,14,1772,0,2,2,0,96,5,0,0,0,0,0,0,3,0,0,0,0,0,0,20,6,22,97,70,492,33,19,117,51,52,95,29,14,50,101,48,50,51,37,8,16,13,6,0,0,6,19,7,6502,93,0
nwsapi_2_2_25,17c99ca3c4230c4abfed716a1af04da46db519a4,0,317739.625,204521472.0,3,5,3,1,6,2,1,2,1,1,0,1,1,0,4,312,0,1,0,2,0,0,0,0,14,1772,0,2,2,0,96,5,0,0,0,0,0,0,3,0,0,0,0,0,0,20,6,22,97,70,492,33,19,117,51,52,95,29,14,50,101,48,50,51,37,8,16,13,6,0,0,6,19,7,6502,93,0
nwsapi_2_2_26,17c99ca3c4230c4abfed716a1af04da46db519a4,0,330350.5833333333,204931072.0,3,5,3,1,6,2,1,2,1,1,0,1,1,0,4,312,0,1,0,2,0,0,0,0,14,1772,0,2,2,0,96,5,0,0,0,0,0,0,3,0,0,0,0,0,0,20,6,22,97,70,492,33,19,117,51,52,95,29,14,50,101,48,50,51,37,8,16,13,6,0,0,6,19,7,6502,93,0
nwsapi_2_2_27,17c99ca3c4230c4abfed716a1af04da46db519a4,0,313713.625,202567680.0,3,5,3,1,6,2,1,2,1,1,0,1,1,0,4,312,0,1,0,2,0,0,0,0,14,1772,0,2,2,0,96,5,0,0,0,0,0,0,3,0,0,0,0,0,0,20,6,22,97,70,492,33,19,117,51,52,95,29,14,50,101,48,50,51,37,8,16,13,6,0,0,6,19,7,6502,93,0
nwsapi_2_2_21,cac1209ffb92430136cc10b44ea81d9053475634,0,24104.125,197347328.0,1,6,3,3,6,2,2,0,2,2,1,2,2,0,5,296,0,3,0,0,0,0,0,0,9,1983,0,5,0,0,101,7,0,0,0,0,0,0,4,0,0,0,0,0,0,28,10,24,62,86,513,20,11,102,51,40,79,29,9,50,106,57,51,47,28,6,10,12,9,4,20,6,19,10,6151,113,0
nwsapi_2_2_22,cac1209ffb92430136cc10b44ea81d9053475634,0,22716.125,196943872.0,1,6,3,3,6,2,2,0,2,2,1,2,2,0,5,296,0,3,0,0,0,0,0,0,9,1983,0,5,0,0,101,7,0,0,0,0,0,0,4,0,0,0,0,0,0,28,10,24,62,86,513,20,11,102,51,40,79,29,9,50,106,57,51,47,28,6,10,12,9,4,20,6,19,10,6151,113,0
nwsapi_2_2_23,cac1209ffb92430136cc10b44ea81d9053475634,0,24182.25,197453824.0,1,6,3,3,6,2,2,0,2,2,1,2,2,0,5,296,0,3,0,0,0,0,0,0,9,1983,0,5,0,0,101,7,0,0,0,0,0,0,4,0,0,0,0,0,0,28,10,24,62,86,513,20,11,102,51,40,79,29,9,50,106,57,51,47,28,6,10,12,9,4,20,6,19,10,6151,113,0
nwsapi_2_2_24,cac1209ffb92430136cc10b44ea81d9053475634,0,23077.35714285714,197310171.42857143,1,6,3,3,6,2,2,0,2,2,1,2,2,0,5,296,0,3,0,0,0,0,0,0,9,1983,0,5,0,0,101,7,0,0,0,0,0,0,4,0,0,0,0,0,0,28,10,24,62,86,513,20,11,102,51,40,79,29,9,50,106,57,51,47,28,6,10,12,9,4,20,6,19,10,6151,113,0
nwsapi_2_2_25,cac1209ffb92430136cc10b44ea81d9053475634,0,24299.3125,197634048.0,1,6,3,3,6,2,2,0,2,2,1,2,2,0,5,296,0,3,0,0,0,0,0,0,9,1983,0,5,0,0,101,7,0,0,0,0,0,0,4,0,0,0,0,0,0,28,10,24,62,86,513,20,11,102,51,40,79,29,9,50,106,57,51,47,28,6,10,12,9,4,20,6,19,10,6151,113,0
nwsapi_2_2_26,cac1209ffb92430136cc10b44ea81d9053475634,0,23329.1,197823692.8,1,6,3,3,6,2,2,0,2,2,1,2,2,0,5,296,0,3,0,0,0,0,0,0,9,1983,0,5,0,0,101,7,0,0,0,0,0,0,4,0,0,0,0,0,0,28,10,24,62,86,513,20,11,102,51,40,79,29,9,50,106,57,51,47,28,6,10,12,9,4,20,6,19,10,6151,113,0
nwsapi_2_2_27,cac1209ffb92430136cc10b44ea81d9053475634,0,24856.6875,197154816.0,1,6,3,3,6,2,2,0,2,2,1,2,2,0,5,296,0,3,0,0,0,0,0,0,9,1983,0,5,0,0,101,7,0,0,0,0,0,0,4,0,0,0,0,0,0,28,10,24,62,86,513,20,11,102,51,40,79,29,9,50,106,57,51,47,28,6,10,12,9,4,20,6,19,10,6151,113,0
nwsapi_2_2_21,d476ecc318d079194287aa9eb001a556b3177765,0,nan,nan,5,11,11,7,14,4,6,8,6,3,0,3,3,3,20,269,2,4,0,4,5,5,4,2,64,1776,0,7,6,2,91,31,0,0,0,0,3,6,14,0,12,2,2,1,0,20,5,24,91,75,467,28,13,111,43,47,80,23,16,48,87,43,43,48,40,16,13,11,6,0,0,9,19,11,5960,387,2
nwsapi_2_2_22,d476ecc318d079194287aa9eb001a556b3177765,0,nan,nan,5,11,11,7,14,4,6,8,6,3,0,3,3,3,20,269,2,4,0,4,5,5,4,2,64,1776,0,7,6,2,91,31,0,0,0,0,3,6,14,0,12,2,2,1,0,20,5,24,91,75,467,28,13,111,43,47,80,23,16,48,87,43,43,48,40,16,13,11,6,0,0,9,19,11,5960,387,2
nwsapi_2_2_23,d476ecc318d079194287aa9eb001a556b3177765,0,nan,nan,5,11,11,7,14,4,6,8,6,3,0,3,3,3,20,269,2,4,0,4,5,5,4,2,64,1776,0,7,6,2,91,31,0,0,0,0,3,6,14,0,12,2,2,1,0,20,5,24,91,75,467,28,13,111,43,47,80,23,16,48,87,43,43,48,40,16,13,11,6,0,0,9,19,11,5960,387,2
nwsapi_2_2_24,d476ecc318d079194287aa9eb001a556b3177765,0,nan,nan,5,11,11,7,14,4,6,8,6,3,0,3,3,3,20,269,2,4,0,4,5,5,4,2,64,1776,0,7,6,2,91,31,0,0,0,0,3,6,14,0,12,2,2,1,0,20,5,24,91,75,467,28,13,111,43,47,80,23,16,48,87,43,43,48,40,16,13,11,6,0,0,9,19,11,5960,387,2
nwsapi_2_2_25,d476ecc318d079194287aa9eb001a556b3177765,0,nan,nan,5,11,11,7,14,4,6,8,6,3,0,3,3,3,20,269,2,4,0,4,5,5,4,2,64,1776,0,7,6,2,91,31,0,0,0,0,3,6,14,0,12,2,2,1,0,20,5,24,91,75,467,28,13,111,43,47,80,23,16,48,87,43,43,48,40,16,13,11,6,0,0,9,19,11,5960,387,2
nwsapi_2_2_26,d476ecc318d079194287aa9eb001a556b3177765,0,nan,nan,5,11,11,7,14,4,6,8,6,3,0,3,3,3,20,269,2,4,0,4,5,5,4,2,64,1776,0,7,6,2,91,31,0,0,0,0,3,6,14,0,12,2,2,1,0,20,5,24,91,75,467,28,13,111,43,47,80,23,16,48,87,43,43,48,40,16,13,11,6,0,0,9,19,11,5960,387,2
nwsapi_2_2_27,d476ecc318d079194287aa9eb001a556b3177765,0,nan,nan,5,11,11,7,14,4,6,8,6,3,0,3,3,3,20,269,2,4,0,4,5,5,4,2,64,1776,0,7,6,2,91,31,0,0,0,0,3,6,14,0,12,2,2,1,0,20,5,24,91,75,467,28,13,111,43,47,80,23,16,48,87,43,43,48,40,16,13,11,6,0,0,9,19,11,5960,387,2
nwsapi_2_2_21,3b776bb418ab0e98732375b69aefc2f98aa94098,0,nan,nan,3,9,25,14,11,9,4,15,10,6,2,6,11,1,35,237,8,2,0,2,3,3,9,0,148,1829,5,19,15,8,94,62,0,0,0,0,5,29,28,0,37,10,2,7,5,32,6,16,46,58,333,19,9,90,36,41,72,25,15,43,73,35,39,42,22,8,9,5,9,5,24,9,19,8,5328,794,3
nwsapi_2_2_22,3b776bb418ab0e98732375b69aefc2f98aa94098,0,nan,nan,3,9,25,14,11,9,4,15,10,6,2,6,11,1,35,237,8,2,0,2,3,3,9,0,148,1829,5,19,15,8,94,62,0,0,0,0,5,29,28,0,37,10,2,7,5,32,6,16,46,58,333,19,9,90,36,41,72,25,15,43,73,35,39,42,22,8,9,5,9,5,24,9,19,8,5328,794,3
nwsapi_2_2_23,3b776bb418ab0e98732375b69aefc2f98aa94098,0,nan,nan,3,9,25,14,11,9,4,15,10,6,2,6,11,1,35,237,8,2,0,2,3,3,9,0,148,1829,5,19,15,8,94,62,0,0,0,0,5,29,28,0,37,10,2,7,5,32,6,16,46,58,333,19,9,90,36,41,72,25,15,43,73,35,39,42,22,8,9,5,9,5,24,9,19,8,5328,794,3
nwsapi_2_2_24,3b776bb418ab0e98732375b69aefc2f98aa94098,0,nan,nan,3,9,25,14,11,9,4,15,10,6,2,6,11,1,35,237,8,2,0,2,3,3,9,0,148,1829,5,19,15,8,94,62,0,0,0,0,5,29,28,0,37,10,2,7,5,32,6,16,46,58,333,19,9,90,36,41,72,25,15,43,73,35,39,42,22,8,9,5,9,5,24,9,19,8,5328,794,3
nwsapi_2_2_25,3b776bb418ab0e98732375b69aefc2f98aa94098,0,nan,nan,3,9,25,14,11,9,4,15,10,6,2,6,11,1,35,237,8,2,0,2,3,3,9,0,148,1829,5,19,15,8,94,62,0,0,0,0,5,29,28,0,37,10,2,7,5,32,6,16,46,58,333,19,9,90,36,41,72,25,15,43,73,35,39,42,22,8,9,5,9,5,24,9,19,8,5328,794,3
nwsapi_2_2_26,3b776bb418ab0e98732375b69aefc2f98aa94098,0,nan,nan,3,9,25,14,11,9,4,15,10,6,2,6,11,1,35,237,8,2,0,2,3,3,9,0,148,1829,5,19,15,8,94,62,0,0,0,0,5,29,28,0,37,10,2,7,5,32,6,16,46,58,333,19,9,90,36,41,72,25,15,43,73,35,39,42,22,8,9,5,9,5,24,9,19,8,5328,794,3
nwsapi_2_2_27,3b776bb418ab0e98732375b69aefc2f98aa94098,0,nan,nan,3,9,25,14,11,9,4,15,10,6,2,6,11,1,35,237,8,2,0,2,3,3,9,0,148,1829,5,19,15,8,94,62,0,0,0,0,5,29,28,0,37,10,2,7,5,32,6,16,46,58,333,19,9,90,36,41,72,25,15,43,73,35,39,42,22,8,9,5,9,5,24,9,19,8,5328,794,3
nwsapi_2_2_21,3b4dc764e6adea4fe17649e7e0429f014d00b568,0,nan,nan,5,14,8,4,26,5,8,6,10,3,2,3,6,2,17,299,0,1,0,4,2,2,1,1,41,1795,0,10,4,0,90,18,0,0,0,0,1,2,6,0,3,0,0,0,0,20,6,21,90,74,497,30,12,110,45,49,87,28,12,57,109,55,46,45,34,13,12,9,6,0,0,6,19,9,6219,326,1
nwsapi_2_2_22,3b4dc764e6adea4fe17649e7e0429f014d00b568,0,nan,nan,5,14,8,4,26,5,8,6,10,3,2,3,6,2,17,299,0,1,0,4,2,2,1,1,41,1795,0,10,4,0,90,18,0,0,0,0,1,2,6,0,3,0,0,0,0,20,6,21,90,74,497,30,12,110,45,49,87,28,12,57,109,55,46,45,34,13,12,9,6,0,0,6,19,9,6219,326,1
nwsapi_2_2_23,3b4dc764e6adea4fe17649e7e0429f014d00b568,0,nan,nan,5,14,8,4,26,5,8,6,10,3,2,3,6,2,17,299,0,1,0,4,2,2,1,1,41,1795,0,10,4,0,90,18,0,0,0,0,1,2,6,0,3,0,0,0,0,20,6,21,90,74,497,30,12,110,45,49,87,28,12,57,109,55,46,45,34,13,12,9,6,0,0,6,19,9,6219,326,1
nwsapi_2_2_24,3b4dc764e6adea4fe17649e7e0429f014d00b568,0,nan,nan,5,14,8,4,26,5,8,6,10,3,2,3,6,2,17,299,0,1,0,4,2,2,1,1,41,1795,0,10,4,0,90,18,0,0,0,0,1,2,6,0,3,0,0,0,0,20,6,21,90,74,497,30,12,110,45,49,87,28,12,57,109,55,46,45,34,13,12,9,6,0,0,6,19,9,6219,326,1
nwsapi_2_2_25,3b4dc764e6adea4fe17649e7e0429f014d00b568,0,nan,nan,5,14,8,4,26,5,8,6,10,3,2,3,6,2,17,299,0,1,0,4,2,2,1,1,41,1795,0,10,4,0,90,18,0,0,0,0,1,2,6,0,3,0,0,0,0,20,6,21,90,74,497,30,12,110,45,49,87,28,12,57,109,55,46,45,34,13,12,9,6,0,0,6,19,9,6219,326,1
nwsapi_2_2_26,3b4dc764e6adea4fe17649e7e0429f014d00b568,0,nan,nan,5,14,8,4,26,5,8,6,10,3,2,3,6,2,17,299,0,1,0,4,2,2,1,1,41,1795,0,10,4,0,90,18,0,0,0,0,1,2,6,0,3,0,0,0,0,20,6,21,90,74,497,30,12,110,45,49,87,28,12,57,109,55,46,45,34,13,12,9,6,0,0,6,19,9,6219,326,1
nwsapi_2_2_27,3b4dc764e6adea4fe17649e7e0429f014d00b568,0,nan,nan,5,14,8,4,26,5,8,6,10,3,2,3,6,2,17,299,0,1,0,4,2,2,1,1,41,1795,0,10,4,0,90,18,0,0,0,0,1,2,6,0,3,0,0,0,0,20,6,21,90,74,497,30,12,110,45,49,87,28,12,57,109,55,46,45,34,13,12,9,6,0,0,6,19,9,6219,326,1
nwsapi_2_2_21,9fab0c5386f6e805116a654d8ee249d1597fb2e7,0,nan,nan,11,24,21,12,35,7,14,9,8,6,6,6,8,7,31,302,6,8,1,6,7,7,2,1,147,1782,5,13,7,1,93,77,1,0,1,0,1,2,43,0,4,1,0,0,0,21,6,22,86,78,434,22,9,108,47,50,97,31,18,48,96,43,44,48,36,11,7,18,7,4,2,6,19,14,5907,850,3
nwsapi_2_2_22,9fab0c5386f6e805116a654d8ee249d1597fb2e7,0,nan,nan,11,24,21,12,35,7,14,9,8,6,6,6,8,7,31,302,6,8,1,6,7,7,2,1,147,1782,5,13,7,1,93,77,1,0,1,0,1,2,43,0,4,1,0,0,0,21,6,22,86,78,434,22,9,108,47,50,97,31,18,48,96,43,44,48,36,11,7,18,7,4,2,6,19,14,5907,850,3
nwsapi_2_2_23,9fab0c5386f6e805116a654d8ee249d1597fb2e7,0,nan,nan,11,24,21,12,35,7,14,9,8,6,6,6,8,7,31,302,6,8,1,6,7,7,2,1,147,1782,5,13,7,1,93,77,1,0,1,0,1,2,43,0,4,1,0,0,0,21,6,22,86,78,434,22,9,108,47,50,97,31,18,48,96,43,44,48,36,11,7,18,7,4,2,6,19,14,5907,850,3
nwsapi_2_2_24,9fab0c5386f6e805116a654d8ee249d1597fb2e7,0,nan,nan,11,24,21,12,35,7,14,9,8,6,6,6,8,7,31,302,6,8,1,6,7,7,2,1,147,1782,5,13,7,1,93,77,1,0,1,0,1,2,43,0,4,1,0,0,0,21,6,22,86,78,434,22,9,108,47,50,97,31,18,48,96,43,44,48,36,11,7,18,7,4,2,6,19,14,5907,850,3
nwsapi_2_2_25,9fab0c5386f6e805116a654d8ee249d1597fb2e7,0,nan,nan,11,24,21,12,35,7,14,9,8,6,6,6,8,7,31,302,6,8,1,6,7,7,2,1,147,1782,5,13,7,1,93,77,1,0,1,0,1,2,43,0,4,1,0,0,0,21,6,22,86,78,434,22,9,108,47,50,97,31,18,48,96,43,44,48,36,11,7,18,7,4,2,6,19,14,5907,850,3
nwsapi_2_2_26,9fab0c5386f6e805116a654d8ee249d1597fb2e7,0,nan,nan,11,24,21,12,35,7,14,9,8,6,6,6,8,7,31,302,6,8,1,6,7,7,2,1,147,1782,5,13,7,1,93,77,1,0,1,0,1,2,43,0,4,1,0,0,0,21,6,22,86,78,434,22,9,108,47,50,97,31,18,48,96,43,44,48,36,11,7,18,7,4,2,6,19,14,5907,850,3
nwsapi_2_2_27,9fab0c5386f6e805116a654d8ee249d1597fb2e7,0,nan,nan,11,24,21,12,35,7,14,9,8,6,6,6,8,7,31,302,6,8,1,6,7,7,2,1,147,1782,5,13,7,1,93,77,1,0,1,0,1,2,43,0,4,1,0,0,0,21,6,22,86,78,434,22,9,108,47,50,97,31,18,48,96,43,44,48,36,11,7,18,7,4,2,6,19,14,5907,850,3
nwsapi_2_2_21,3c9871f033b0df8f75ad8309f2d2d0b725ccbc41,0,nan,nan,3,5,5,3,15,4,2,3,6,3,2,3,1,1,14,286,0,5,0,1,1,1,0,0,49,1968,0,2,1,0,109,19,0,0,0,0,0,0,6,0,0,0,0,0,0,23,9,17,70,59,342,30,15,101,51,46,110,26,13,52,68,33,44,44,25,5,9,11,6,5,11,5,19,8,6100,221,1
nwsapi_2_2_22,3c9871f033b0df8f75ad8309f2d2d0b725ccbc41,0,nan,nan,3,5,5,3,15,4,2,3,6,3,2,3,1,1,14,286,0,5,0,1,1,1,0,0,49,1968,0,2,1,0,109,19,0,0,0,0,0,0,6,0,0,0,0,0,0,23,9,17,70,59,342,30,15,101,51,46,110,26,13,52,68,33,44,44,25,5,9,11,6,5,11,5,19,8,6100,221,1
nwsapi_2_2_23,3c9871f033b0df8f75ad8309f2d2d0b725ccbc41,0,nan,nan,3,5,5,3,15,4,2,3,6,3,2,3,1,1,14,286,0,5,0,1,1,1,0,0,49,1968,0,2,1,0,109,19,0,0,0,0,0,0,6,0,0,0,0,0,0,23,9,17,70,59,342,30,15,101,51,46,110,26,13,52,68,33,44,44,25,5,9,11,6,5,11,5,19,8,6100,221,1
nwsapi_2_2_24,3c9871f033b0df8f75ad8309f2d2d0b725ccbc41,0,nan,nan,3,5,5,3,15,4,2,3,6,3,2,3,1,1,14,286,0,5,0,1,1,1,0,0,49,1968,0,2,1,0,109,19,0,0,0,0,0,0,6,0,0,0,0,0,0,23,9,17,70,59,342,30,15,101,51,46,110,26,13,52,68,33,44,44,25,5,9,11,6,5,11,5,19,8,6100,221,1
nwsapi_2_2_25,3c9871f033b0df8f75ad8309f2d2d0b725ccbc41,0,nan,nan,3,5,5,3,15,4,2,3,6,3,2,3,1,1,14,286,0,5,0,1,1,1,0,0,49,1968,0,2,1,0,109,19,0,0,0,0,0,0,6,0,0,0,0,0,0,23,9,17,70,59,342,30,15,101,51,46,110,26,13,52,68,33,44,44,25,5,9,11,6,5,11,5,19,8,6100,221,1
nwsapi_2_2_26,3c9871f033b0df8f75ad8309f2d2d0b725ccbc41,0,nan,nan,3,5,5,3,15,4,2,3,6,3,2,3,1,1,14,286,0,5,0,1,1,1,0,0,49,1968,0,2,1,0,109,19,0,0,0,0,0,0,6,0,0,0,0,0,0,23,9,17,70,59,342,30,15,101,51,46,110,26,13,52,68,33,44,44,25,5,9,11,6,5,11,5,19,8,6100,221,1
nwsapi_2_2_27,3c9871f033b0df8f75ad8309f2d2d0b725ccbc41,0,nan,nan,3,5,5,3,15,4,2,3,6,3,2,3,1,1,14,286,0,5,0,1,1,1,0,0,49,1968,0,2,1,0,109,19,0,0,0,0,0,0,6,0,0,0,0,0,0,23,9,17,70,59,342,30,15,101,51,46,110,26,13,52,68,33,44,44,25,5,9,11,6,5,11,5,19,8,6100,221,1
nwsapi_2_2_21,89eaff21ecffaf303ff0458bb79835017d4ea859,0,nan,nan,4,12,10,6,21,7,4,4,6,6,5,6,1,3,19,231,1,8,0,2,3,3,0,2,58,1442,0,8,2,0,67,26,0,0,0,0,0,0,11,0,0,0,0,0,0,26,13,11,34,42,270,18,9,69,37,35,78,15,10,43,75,38,31,33,16,4,3,9,3,2,15,4,19,6,4392,395,1
nwsapi_2_2_22,89eaff21ecffaf303ff0458bb79835017d4ea859,0,nan,nan,4,12,10,6,21,7,4,4,6,6,5,6,1,3,19,231,1,8,0,2,3,3,0,2,58,1442,0,8,2,0,67,26,0,0,0,0,0,0,11,0,0,0,0,0,0,26,13,11,34,42,270,18,9,69,37,35,78,15,10,43,75,38,31,33,16,4,3,9,3,2,15,4,19,6,4392,395,1
nwsapi_2_2_23,89eaff21ecffaf303ff0458bb79835017d4ea859,0,nan,nan,4,12,10,6,21,7,4,4,6,6,5,6,1,3,19,231,1,8,0,2,3,3,0,2,58,1442,0,8,2,0,67,26,0,0,0,0,0,0,11,0,0,0,0,0,0,26,13,11,34,42,270,18,9,69,37,35,78,15,10,43,75,38,31,33,16,4,3,9,3,2,15,4,19,6,4392,395,1
nwsapi_2_2_24,89eaff21ecffaf303ff0458bb79835017d4ea859,0,nan,nan,4,12,10,6,21,7,4,4,6,6,5,6,1,3,19,231,1,8,0,2,3,3,0,2,58,1442,0,8,2,0,67,26,0,0,0,0,0,0,11,0,0,0,0,0,0,26,13,11,34,42,270,18,9,69,37,35,78,15,10,43,75,38,31,33,16,4,3,9,3,2,15,4,19,6,4392,395,1
nwsapi_2_2_25,89eaff21ecffaf303ff0458bb79835017d4ea859,0,nan,nan,4,12,10,6,21,7,4,4,6,6,5,6,1,3,19,231,1,8,0,2,3,3,0,2,58,1442,0,8,2,0,67,26,0,0,0,0,0,0,11,0,0,0,0,0,0,26,13,11,34,42,270,18,9,69,37,35,78,15,10,43,75,38,31,33,16,4,3,9,3,2,15,4,19,6,4392,395,1
nwsapi_2_2_26,89eaff21ecffaf303ff0458bb79835017d4ea859,0,nan,nan,4,12,10,6,21,7,4,4,6,6,5,6,1,3,19,231,1,8,0,2,3,3,0,2,58,1442,0,8,2,0,67,26,0,0,0,0,0,0,11,0,0,0,0,0,0,26,13,11,34,42,270,18,9,69,37,35,78,15,10,43,75,38,31,33,16,4,3,9,3,2,15,4,19,6,4392,395,1
nwsapi_2_2_27,89eaff21ecffaf303ff0458bb79835017d4ea859,0,nan,nan,4,12,10,6,21,7,4,4,6,6,5,6,1,3,19,231,1,8,0,2,3,3,0,2,58,1442,0,8,2,0,67,26,0,0,0,0,0,0,11,0,0,0,0,0,0,26,13,11,34,42,270,18,9,69,37,35,78,15,10,43,75,38,31,33,16,4,3,9,3,2,15,4,19,6,4392,395,1
nwsapi_2_2_21,4a25e4d2b5c0cbd2fbf15c87f0bd6632b797f89a,0,nan,nan,3,9,25,14,11,9,4,15,10,6,2,6,11,1,35,211,8,2,0,2,3,3,9,0,148,1679,5,19,15,8,86,62,0,0,0,0,5,29,28,0,37,10,2,7,5,32,6,15,37,50,303,17,8,81,32,38,69,20,11,38,62,28,35,37,20,6,9,5,9,5,24,9,19,8,4810,794,3
nwsapi_2_2_22,4a25e4d2b5c0cbd2fbf15c87f0bd6632b797f89a,0,nan,nan,3,9,25,14,11,9,4,15,10,6,2,6,11,1,35,211,8,2,0,2,3,3,9,0,148,1679,5,19,15,8,86,62,0,0,0,0,5,29,28,0,37,10,2,7,5,32,6,15,37,50,303,17,8,81,32,38,69,20,11,38,62,28,35,37,20,6,9,5,9,5,24,9,19,8,4810,794,3
nwsapi_2_2_23,4a25e4d2b5c0cbd2fbf15c87f0bd6632b797f89a,0,nan,nan,3,9,25,14,11,9,4,15,10,6,2,6,11,1,35,211,8,2,0,2,3,3,9,0,148,1679,5,19,15,8,86,62,0,0,0,0,5,29,28,0,37,10,2,7,5,32,6,15,37,50,303,17,8,81,32,38,69,20,11,38,62,28,35,37,20,6,9,5,9,5,24,9,19,8,4810,794,3
nwsapi_2_2_24,4a25e4d2b5c0cbd2fbf15c87f0bd6632b797f89a,0,nan,nan,3,9,25,14,11,9,4,15,10,6,2,6,11,1,35,211,8,2,0,2,3,3,9,0,148,1679,5,19,15,8,86,62,0,0,0,0,5,29,28,0,37,10,2,7,5,32,6,15,37,50,303,17,8,81,32,38,69,20,11,38,62,28,35,37,20,6,9,5,9,5,24,9,19,8,4810,794,3
nwsapi_2_2_25,4a25e4d2b5c0cbd2fbf15c87f0bd6632b797f89a,0,nan,nan,3,9,25,14,11,9,4,15,10,6,2,6,11,1,35,211,8,2,0,2,3,3,9,0,148,1679,5,19,15,8,86,62,0,0,0,0,5,29,28,0,37,10,2,7,5,32,6,15,37,50,303,17,8,81,32,38,69,20,11,38,62,28,35,37,20,6,9,5,9,5,24,9,19,8,4810,794,3
nwsapi_2_2_26,4a25e4d2b5c0cbd2fbf15c87f0bd6632b797f89a,0,nan,nan,3,9,25,14,11,9,4,15,10,6,2,6,11,1,35,211,8,2,0,2,3,3,9,0,148,1679,5,19,15,8,86,62,0,0,0,0,5,29,28,0,37,10,2,7,5,32,6,15,37,50,303,17,8,81,32,38,69,20,11,38,62,28,35,37,20,6,9,5,9,5,24,9,19,8,4810,794,3
nwsapi_2_2_27,4a25e4d2b5c0cbd2fbf15c87f0bd6632b797f89a,0,nan,nan,3,9,25,14,11,9,4,15,10,6,2,6,11,1,35,211,8,2,0,2,3,3,9,0,148,1679,5,19,15,8,86,62,0,0,0,0,5,29,28,0,37,10,2,7,5,32,6,15,37,50,303,17,8,81,32,38,69,20,11,38,62,28,35,37,20,6,9,5,9,5,24,9,19,8,4810,794,3
nwsapi_2_2_21,3138078b908769884ef6c05ca3685735bd2c2ab8,0,nan,nan,3,9,25,14,11,9,4,15,10,6,2,6,11,1,35,211,8,2,0,2,3,3,9,0,148,1674,5,19,15,8,86,62,0,0,0,0,5,29,28,0,37,10,2,7,5,32,6,15,37,50,303,17,8,81,32,38,69,20,11,38,62,28,35,37,20,6,9,5,9,5,24,9,19,8,4805,794,3
nwsapi_2_2_22,3138078b908769884ef6c05ca3685735bd2c2ab8,0,nan,nan,3,9,25,14,11,9,4,15,10,6,2,6,11,1,35,211,8,2,0,2,3,3,9,0,148,1674,5,19,15,8,86,62,0,0,0,0,5,29,28,0,37,10,2,7,5,32,6,15,37,50,303,17,8,81,32,38,69,20,11,38,62,28,35,37,20,6,9,5,9,5,24,9,19,8,4805,794,3
nwsapi_2_2_23,3138078b908769884ef6c05ca3685735bd2c2ab8,0,nan,nan,3,9,25,14,11,9,4,15,10,6,2,6,11,1,35,211,8,2,0,2,3,3,9,0,148,1674,5,19,15,8,86,62,0,0,0,0,5,29,28,0,37,10,2,7,5,32,6,15,37,50,303,17,8,81,32,38,69,20,11,38,62,28,35,37,20,6,9,5,9,5,24,9,19,8,4805,794,3
nwsapi_2_2_24,3138078b908769884ef6c05ca3685735bd2c2ab8,0,nan,nan,3,9,25,14,11,9,4,15,10,6,2,6,11,1,35,211,8,2,0,2,3,3,9,0,148,1674,5,19,15,8,86,62,0,0,0,0,5,29,28,0,37,10,2,7,5,32,6,15,37,50,303,17,8,81,32,38,69,20,11,38,62,28,35,37,20,6,9,5,9,5,24,9,19,8,4805,794,3
nwsapi_2_2_25,3138078b908769884ef6c05ca3685735bd2c2ab8,0,nan,nan,3,9,25,14,11,9,4,15,10,6,2,6,11,1,35,211,8,2,0,2,3,3,9,0,148,1674,5,19,15,8,86,62,0,0,0,0,5,29,28,0,37,10,2,7,5,32,6,15,37,50,303,17,8,81,32,38,69,20,11,38,62,28,35,37,20,6,9,5,9,5,24,9,19,8,4805,794,3
nwsapi_2_2_26,3138078b908769884ef6c05ca3685735bd2c2ab8,0,nan,nan,3,9,25,14,11,9,4,15,10,6,2,6,11,1,35,211,8,2,0,2,3,3,9,0,148,1674,5,19,15,8,86,62,0,0,0,0,5,29,28,0,37,10,2,7,5,32,6,15,37,50,303,17,8,81,32,38,69,20,11,38,62,28,35,37,20,6,9,5,9,5,24,9,19,8,4805,794,3
nwsapi_2_2_27,3138078b908769884ef6c05ca3685735bd2c2ab8,0,nan,nan,3,9,25,14,11,9,4,15,10,6,2,6,11,1,35,211,8,2,0,2,3,3,9,0,148,1674,5,19,15,8,86,62,0,0,0,0,5,29,28,0,37,10,2,7,5,32,6,15,37,50,303,17,8,81,32,38,69,20,11,38,62,28,35,37,20,6,9,5,9,5,24,9,19,8,4805,794,3
nwsapi_2_2_21,abed46dc0cc6125029e391adb9fb515b34916eb3,0,nan,nan,3,9,25,14,11,9,4,15,10,6,2,6,11,1,35,211,8,2,0,2,3,3,9,0,148,1675,5,19,15,8,86,62,0,0,0,0,5,29,28,0,37,10,2,7,5,32,6,15,37,50,303,17,8,81,32,38,69,20,11,38,62,28,35,37,20,6,9,5,9,5,24,9,19,8,4806,794,3
nwsapi_2_2_22,abed46dc0cc6125029e391adb9fb515b34916eb3,0,nan,nan,3,9,25,14,11,9,4,15,10,6,2,6,11,1,35,211,8,2,0,2,3,3,9,0,148,1675,5,19,15,8,86,62,0,0,0,0,5,29,28,0,37,10,2,7,5,32,6,15,37,50,303,17,8,81,32,38,69,20,11,38,62,28,35,37,20,6,9,5,9,5,24,9,19,8,4806,794,3
nwsapi_2_2_23,abed46dc0cc6125029e391adb9fb515b34916eb3,0,nan,nan,3,9,25,14,11,9,4,15,10,6,2,6,11,1,35,211,8,2,0,2,3,3,9,0,148,1675,5,19,15,8,86,62,0,0,0,0,5,29,28,0,37,10,2,7,5,32,6,15,37,50,303,17,8,81,32,38,69,20,11,38,62,28,35,37,20,6,9,5,9,5,24,9,19,8,4806,794,3
nwsapi_2_2_24,abed46dc0cc6125029e391adb9fb515b34916eb3,0,nan,nan,3,9,25,14,11,9,4,15,10,6,2,6,11,1,35,211,8,2,0,2,3,3,9,0,148,1675,5,19,15,8,86,62,0,0,0,0,5,29,28,0,37,10,2,7,5,32,6,15,37,50,303,17,8,81,32,38,69,20,11,38,62,28,35,37,20,6,9,5,9,5,24,9,19,8,4806,794,3
nwsapi_2_2_25,abed46dc0cc6125029e391adb9fb515b34916eb3,0,nan,nan,3,9,25,14,11,9,4,15,10,6,2,6,11,1,35,211,8,2,0,2,3,3,9,0,148,1675,5,19,15,8,86,62,0,0,0,0,5,29,28,0,37,10,2,7,5,32,6,15,37,50,303,17,8,81,32,38,69,20,11,38,62,28,35,37,20,6,9,5,9,5,24,9,19,8,4806,794,3
nwsapi_2_2_26,abed46dc0cc6125029e391adb9fb515b34916eb3,0,nan,nan,3,9,25,14,11,9,4,15,10,6,2,6,11,1,35,211,8,2,0,2,3,3,9,0,148,1675,5,19,15,8,86,62,0,0,0,0,5,29,28,0,37,10,2,7,5,32,6,15,37,50,303,17,8,81,32,38,69,20,11,38,62,28,35,37,20,6,9,5,9,5,24,9,19,8,4806,794,3
nwsapi_2_2_27,abed46dc0cc6125029e391adb9fb515b34916eb3,0,nan,nan,3,9,25,14,11,9,4,15,10,6,2,6,11,1,35,211,8,2,0,2,3,3,9,0,148,1675,5,19,15,8,86,62,0,0,0,0,5,29,28,0,37,10,2,7,5,32,6,15,37,50,303,17,8,81,32,38,69,20,11,38,62,28,35,37,20,6,9,5,9,5,24,9,19,8,4806,794,3
nwsapi_2_2_21,249d2cb8a99e2599f2d841081b572582025628cb,0,nan,nan,4,12,10,6,21,7,4,4,6,6,5,6,1,3,19,231,1,8,0,2,3,3,0,2,58,1442,0,8,2,0,67,26,0,0,0,0,0,0,11,0,0,0,0,0,0,26,13,11,34,42,270,18,9,69,37,35,78,15,10,43,75,38,31,33,16,4,3,9,3,2,15,4,19,6,4392,395,1
nwsapi_2_2_22,249d2cb8a99e2599f2d841081b572582025628cb,0,nan,nan,4,12,10,6,21,7,4,4,6,6,5,6,1,3,19,231,1,8,0,2,3,3,0,2,58,1442,0,8,2,0,67,26,0,0,0,0,0,0,11,0,0,0,0,0,0,26,13,11,34,42,270,18,9,69,37,35,78,15,10,43,75,38,31,33,16,4,3,9,3,2,15,4,19,6,4392,395,1
nwsapi_2_2_23,249d2cb8a99e2599f2d841081b572582025628cb,0,nan,nan,4,12,10,6,21,7,4,4,6,6,5,6,1,3,19,231,1,8,0,2,3,3,0,2,58,1442,0,8,2,0,67,26,0,0,0,0,0,0,11,0,0,0,0,0,0,26,13,11,34,42,270,18,9,69,37,35,78,15,10,43,75,38,31,33,16,4,3,9,3,2,15,4,19,6,4392,395,1
nwsapi_2_2_24,249d2cb8a99e2599f2d841081b572582025628cb,0,nan,nan,4,12,10,6,21,7,4,4,6,6,5,6,1,3,19,231,1,8,0,2,3,3,0,2,58,1442,0,8,2,0,67,26,0,0,0,0,0,0,11,0,0,0,0,0,0,26,13,11,34,42,270,18,9,69,37,35,78,15,10,43,75,38,31,33,16,4,3,9,3,2,15,4,19,6,4392,395,1
nwsapi_2_2_25,249d2cb8a99e2599f2d841081b572582025628cb,0,nan,nan,4,12,10,6,21,7,4,4,6,6,5,6,1,3,19,231,1,8,0,2,3,3,0,2,58,1442,0,8,2,0,67,26,0,0,0,0,0,0,11,0,0,0,0,0,0,26,13,11,34,42,270,18,9,69,37,35,78,15,10,43,75,38,31,33,16,4,3,9,3,2,15,4,19,6,4392,395,1
nwsapi_2_2_26,249d2cb8a99e2599f2d841081b572582025628cb,0,nan,nan,4,12,10,6,21,7,4,4,6,6,5,6,1,3,19,231,1,8,0,2,3,3,0,2,58,1442,0,8,2,0,67,26,0,0,0,0,0,0,11,0,0,0,0,0,0,26,13,11,34,42,270,18,9,69,37,35,78,15,10,43,75,38,31,33,16,4,3,9,3,2,15,4,19,6,4392,395,1
nwsapi_2_2_27,249d2cb8a99e2599f2d841081b572582025628cb,0,nan,nan,4,12,10,6,21,7,4,4,6,6,5,6,1,3,19,231,1,8,0,2,3,3,0,2,58,1442,0,8,2,0,67,26,0,0,0,0,0,0,11,0,0,0,0,0,0,26,13,11,34,42,270,18,9,69,37,35,78,15,10,43,75,38,31,33,16,4,3,9,3,2,15,4,19,6,4392,395,1
nwsapi_2_2_21,6ce7a0d47b9a6b46e09ebdf84ae8c76c767cffd5,0,123090.16666666667,201269248.0,1,2,1,0,2,0,1,1,0,0,0,0,1,0,1,326,0,0,0,0,0,0,0,0,2,1910,0,1,0,0,86,1,0,0,0,0,0,0,0,0,0,0,0,0,0,27,6,18,62,65,412,35,17,112,59,57,118,30,15,55,81,29,53,46,28,10,11,7,9,6,30,4,19,6,6635,14,0
nwsapi_2_2_22,6ce7a0d47b9a6b46e09ebdf84ae8c76c767cffd5,0,127252.75,200996864.0,1,2,1,0,2,0,1,1,0,0,0,0,1,0,1,326,0,0,0,0,0,0,0,0,2,1910,0,1,0,0,86,1,0,0,0,0,0,0,0,0,0,0,0,0,0,27,6,18,62,65,412,35,17,112,59,57,118,30,15,55,81,29,53,46,28,10,11,7,9,6,30,4,19,6,6635,14,0
nwsapi_2_2_23,6ce7a0d47b9a6b46e09ebdf84ae8c76c767cffd5,0,128083.4,201654272.0,1,2,1,0,2,0,1,1,0,0,0,0,1,0,1,326,0,0,0,0,0,0,0,0,2,1910,0,1,0,0,86,1,0,0,0,0,0,0,0,0,0,0,0,0,0,27,6,18,62,65,412,35,17,112,59,57,118,30,15,55,81,29,53,46,28,10,11,7,9,6,30,4,19,6,6635,14,0
nwsapi_2_2_24,6ce7a0d47b9a6b46e09ebdf84ae8c76c767cffd5,0,127816.8,197722112.0,1,2,1,0,2,0,1,1,0,0,0,0,1,0,1,326,0,0,0,0,0,0,0,0,2,1910,0,1,0,0,86,1,0,0,0,0,0,0,0,0,0,0,0,0,0,27,6,18,62,65,412,35,17,112,59,57,118,30,15,55,81,29,53,46,28,10,11,7,9,6,30,4,19,6,6635,14,0
nwsapi_2_2_25,6ce7a0d47b9a6b46e09ebdf84ae8c76c767cffd5,0,131274.33333333334,199573504.0,1,2,1,0,2,0,1,1,0,0,0,0,1,0,1,326,0,0,0,0,0,0,0,0,2,1910,0,1,0,0,86,1,0,0,0,0,0,0,0,0,0,0,0,0,0,27,6,18,62,65,412,35,17,112,59,57,118,30,15,55,81,29,53,46,28,10,11,7,9,6,30,4,19,6,6635,14,0
nwsapi_2_2_26,6ce7a0d47b9a6b46e09ebdf84ae8c76c767cffd5,0,136934.9375,198961152.0,1,2,1,0,2,0,1,1,0,0,0,0,1,0,1,326,0,0,0,0,0,0,0,0,2,1910,0,1,0,0,86,1,0,0,0,0,0,0,0,0,0,0,0,0,0,27,6,18,62,65,412,35,17,112,59,57,118,30,15,55,81,29,53,46,28,10,11,7,9,6,30,4,19,6,6635,14,0
nwsapi_2_2_27,6ce7a0d47b9a6b46e09ebdf84ae8c76c767cffd5,0,140080.5625,197664768.0,1,2,1,0,2,0,1,1,0,0,0,0,1,0,1,326,0,0,0,0,0,0,0,0,2,1910,0,1,0,0,86,1,0,0,0,0,0,0,0,0,0,0,0,0,0,27,6,18,62,65,412,35,17,112,59,57,118,30,15,55,81,29,53,46,28,10,11,7,9,6,30,4,19,6,6635,14,0
nwsapi_2_2_21,eafde165ade4456e98749484b6457f72b86c3db3,0,32529.1,196362240.0,1,1,0,0,1,0,0,1,0,0,0,0,0,0,1,318,0,0,0,0,0,0,0,0,1,1969,0,0,0,0,107,0,0,0,0,0,0,0,0,0,0,0,0,0,0,26,7,17,83,79,500,31,12,114,54,54,117,28,13,47,86,42,48,49,29,14,8,7,10,4,11,9,19,14,6535,2,0
nwsapi_2_2_22,eafde165ade4456e98749484b6457f72b86c3db3,0,34604.1875,197480448.0,1,1,0,0,1,0,0,1,0,0,0,0,0,0,1,318,0,0,0,0,0,0,0,0,1,1969,0,0,0,0,107,0,0,0,0,0,0,0,0,0,0,0,0,0,0,26,7,17,83,79,500,31,12,114,54,54,117,28,13,47,86,42,48,49,29,14,8,7,10,4,11,9,19,14,6535,2,0
nwsapi_2_2_23,eafde165ade4456e98749484b6457f72b86c3db3,0,34086.357142857145,197333577.14285713,1,1,0,0,1,0,0,1,0,0,0,0,0,0,1,318,0,0,0,0,0,0,0,0,1,1969,0,0,0,0,107,0,0,0,0,0,0,0,0,0,0,0,0,0,0,26,7,17,83,79,500,31,12,114,54,54,117,28,13,47,86,42,48,49,29,14,8,7,10,4,11,9,19,14,6535,2,0
nwsapi_2_2_24,eafde165ade4456e98749484b6457f72b86c3db3,0,34089.28571428572,197401453.7142857,1,1,0,0,1,0,0,1,0,0,0,0,0,0,1,318,0,0,0,0,0,0,0,0,1,1969,0,0,0,0,107,0,0,0,0,0,0,0,0,0,0,0,0,0,0,26,7,17,83,79,500,31,12,114,54,54,117,28,13,47,86,42,48,49,29,14,8,7,10,4,11,9,19,14,6535,2,0
nwsapi_2_2_25,eafde165ade4456e98749484b6457f72b86c3db3,0,34731.8125,197873664.0,1,1,0,0,1,0,0,1,0,0,0,0,0,0,1,318,0,0,0,0,0,0,0,0,1,1969,0,0,0,0,107,0,0,0,0,0,0,0,0,0,0,0,0,0,0,26,7,17,83,79,500,31,12,114,54,54,117,28,13,47,86,42,48,49,29,14,8,7,10,4,11,9,19,14,6535,2,0
nwsapi_2_2_26,eafde165ade4456e98749484b6457f72b86c3db3,0,33481.6875,197933056.0,1,1,0,0,1,0,0,1,0,0,0,0,0,0,1,318,0,0,0,0,0,0,0,0,1,1969,0,0,0,0,107,0,0,0,0,0,0,0,0,0,0,0,0,0,0,26,7,17,83,79,500,31,12,114,54,54,117,28,13,47,86,42,48,49,29,14,8,7,10,4,11,9,19,14,6535,2,0
nwsapi_2_2_27,eafde165ade4456e98749484b6457f72b86c3db3,0,33387.5,197224038.4,1,1,0,0,1,0,0,1,0,0,0,0,0,0,1,318,0,0,0,0,0,0,0,0,1,1969,0,0,0,0,107,0,0,0,0,0,0,0,0,0,0,0,0,0,0,26,7,17,83,79,500,31,12,114,54,54,117,28,13,47,86,42,48,49,29,14,8,7,10,4,11,9,19,14,6535,2,0
nwsapi_2_2_21,b23d76e9b32ecd8986334ad514adedb7229092cd,0,nan,nan,2,5,3,0,9,2,2,2,3,1,1,1,1,1,8,314,3,0,0,0,1,1,0,0,15,1776,2,3,0,0,72,6,0,0,0,0,0,0,4,0,0,0,0,0,0,41,8,9,29,85,535,35,19,117,53,56,123,26,12,53,74,30,52,44,20,8,5,7,16,14,68,12,19,11,6573,94,1
nwsapi_2_2_22,b23d76e9b32ecd8986334ad514adedb7229092cd,0,nan,nan,2,5,3,0,9,2,2,2,3,1,1,1,1,1,8,314,3,0,0,0,1,1,0,0,15,1776,2,3,0,0,72,6,0,0,0,0,0,0,4,0,0,0,0,0,0,41,8,9,29,85,535,35,19,117,53,56,123,26,12,53,74,30,52,44,20,8,5,7,16,14,68,12,19,11,6573,94,1
nwsapi_2_2_23,b23d76e9b32ecd8986334ad514adedb7229092cd,0,nan,nan,2,5,3,0,9,2,2,2,3,1,1,1,1,1,8,314,3,0,0,0,1,1,0,0,15,1776,2,3,0,0,72,6,0,0,0,0,0,0,4,0,0,0,0,0,0,41,8,9,29,85,535,35,19,117,53,56,123,26,12,53,74,30,52,44,20,8,5,7,16,14,68,12,19,11,6573,94,1
nwsapi_2_2_24,b23d76e9b32ecd8986334ad514adedb7229092cd,0,nan,nan,2,5,3,0,9,2,2,2,3,1,1,1,1,1,8,314,3,0,0,0,1,1,0,0,15,1776,2,3,0,0,72,6,0,0,0,0,0,0,4,0,0,0,0,0,0,41,8,9,29,85,535,35,19,117,53,56,123,26,12,53,74,30,52,44,20,8,5,7,16,14,68,12,19,11,6573,94,1
nwsapi_2_2_25,b23d76e9b32ecd8986334ad514adedb7229092cd,0,nan,nan,2,5,3,0,9,2,2,2,3,1,1,1,1,1,8,314,3,0,0,0,1,1,0,0,15,1776,2,3,0,0,72,6,0,0,0,0,0,0,4,0,0,0,0,0,0,41,8,9,29,85,535,35,19,117,53,56,123,26,12,53,74,30,52,44,20,8,5,7,16,14,68,12,19,11,6573,94,1
nwsapi_2_2_26,b23d76e9b32ecd8986334ad514adedb7229092cd,0,nan,nan,2,5,3,0,9,2,2,2,3,1,1,1,1,1,8,314,3,0,0,0,1,1,0,0,15,1776,2,3,0,0,72,6,0,0,0,0,0,0,4,0,0,0,0,0,0,41,8,9,29,85,535,35,19,117,53,56,123,26,12,53,74,30,52,44,20,8,5,7,16,14,68,12,19,11,6573,94,1
nwsapi_2_2_27,b23d76e9b32ecd8986334ad514adedb7229092cd,0,nan,nan,2,5,3,0,9,2,2,2,3,1,1,1,1,1,8,314,3,0,0,0,1,1,0,0,15,1776,2,3,0,0,72,6,0,0,0,0,0,0,4,0,0,0,0,0,0,41,8,9,29,85,535,35,19,117,53,56,123,26,12,53,74,30,52,44,20,8,5,7,16,14,68,12,19,11,6573,94,1
nwsapi_2_2_21,b9fc0d2a1e36caee2a7b24d6d73a8d7a978dd579,0,317701.0,207011840.0,6,11,10,5,4,1,0,2,1,1,0,1,0,0,5,299,2,0,0,5,0,0,0,0,18,1987,1,5,5,0,123,8,0,0,0,0,0,0,3,0,0,0,0,0,0,25,10,16,80,69,423,31,16,111,41,45,93,31,16,47,101,49,48,56,25,8,8,9,9,2,11,5,19,10,6453,105,0
nwsapi_2_2_22,b9fc0d2a1e36caee2a7b24d6d73a8d7a978dd579,0,325012.6,208561766.4,6,11,10,5,4,1,0,2,1,1,0,1,0,0,5,299,2,0,0,5,0,0,0,0,18,1987,1,5,5,0,123,8,0,0,0,0,0,0,3,0,0,0,0,0,0,25,10,16,80,69,423,31,16,111,41,45,93,31,16,47,101,49,48,56,25,8,8,9,9,2,11,5,19,10,6453,105,0
nwsapi_2_2_23,b9fc0d2a1e36caee2a7b24d6d73a8d7a978dd579,0,316264.85714285716,208177444.57142857,6,11,10,5,4,1,0,2,1,1,0,1,0,0,5,299,2,0,0,5,0,0,0,0,18,1987,1,5,5,0,123,8,0,0,0,0,0,0,3,0,0,0,0,0,0,25,10,16,80,69,423,31,16,111,41,45,93,31,16,47,101,49,48,56,25,8,8,9,9,2,11,5,19,10,6453,105,0
nwsapi_2_2_24,b9fc0d2a1e36caee2a7b24d6d73a8d7a978dd579,0,308270.6666666667,207055530.66666666,6,11,10,5,4,1,0,2,1,1,0,1,0,0,5,299,2,0,0,5,0,0,0,0,18,1987,1,5,5,0,123,8,0,0,0,0,0,0,3,0,0,0,0,0,0,25,10,16,80,69,423,31,16,111,41,45,93,31,16,47,101,49,48,56,25,8,8,9,9,2,11,5,19,10,6453,105,0
nwsapi_2_2_25,b9fc0d2a1e36caee2a7b24d6d73a8d7a978dd579,0,319649.0,208025307.42857143,6,11,10,5,4,1,0,2,1,1,0,1,0,0,5,299,2,0,0,5,0,0,0,0,18,1987,1,5,5,0,123,8,0,0,0,0,0,0,3,0,0,0,0,0,0,25,10,16,80,69,423,31,16,111,41,45,93,31,16,47,101,49,48,56,25,8,8,9,9,2,11,5,19,10,6453,105,0
nwsapi_2_2_26,b9fc0d2a1e36caee2a7b24d6d73a8d7a978dd579,0,314312.6666666667,207607125.33333334,6,11,10,5,4,1,0,2,1,1,0,1,0,0,5,299,2,0,0,5,0,0,0,0,18,1987,1,5,5,0,123,8,0,0,0,0,0,0,3,0,0,0,0,0,0,25,10,16,80,69,423,31,16,111,41,45,93,31,16,47,101,49,48,56,25,8,8,9,9,2,11,5,19,10,6453,105,0
nwsapi_2_2_27,b9fc0d2a1e36caee2a7b24d6d73a8d7a978dd579,0,310986.1666666667,208153258.66666666,6,11,10,5,4,1,0,2,1,1,0,1,0,0,5,299,2,0,0,5,0,0,0,0,18,1987,1,5,5,0,123,8,0,0,0,0,0,0,3,0,0,0,0,0,0,25,10,16,80,69,423,31,16,111,41,45,93,31,16,47,101,49,48,56,25,8,8,9,9,2,11,5,19,10,6453,105,0
nwsapi_2_2_21,c699696f15de582de8e3ea8059897f17f8862dad,0,7804.5625,197646336.0,2,6,2,2,11,4,1,4,2,4,1,4,0,1,9,323,2,1,1,1,1,1,0,0,23,2061,0,4,1,0,101,11,0,0,0,0,0,0,1,0,0,0,0,0,0,22,6,20,96,76,465,29,20,125,50,53,95,40,17,50,93,39,66,48,36,12,10,14,8,2,9,6,19,15,6970,163,1
nwsapi_2_2_22,c699696f15de582de8e3ea8059897f17f8862dad,0,6916.571428571428,196558848.0,2,6,2,2,11,4,1,4,2,4,1,4,0,1,9,323,2,1,1,1,1,1,0,0,23,2061,0,4,1,0,101,11,0,0,0,0,0,0,1,0,0,0,0,0,0,22,6,20,96,76,465,29,20,125,50,53,95,40,17,50,93,39,66,48,36,12,10,14,8,2,9,6,19,15,6970,163,1
nwsapi_2_2_23,c699696f15de582de8e3ea8059897f17f8862dad,0,6861.0,197307050.66666666,2,6,2,2,11,4,1,4,2,4,1,4,0,1,9,323,2,1,1,1,1,1,0,0,23,2061,0,4,1,0,101,11,0,0,0,0,0,0,1,0,0,0,0,0,0,22,6,20,96,76,465,29,20,125,50,53,95,40,17,50,93,39,66,48,36,12,10,14,8,2,9,6,19,15,6970,163,1
nwsapi_2_2_24,c699696f15de582de8e3ea8059897f17f8862dad,0,7023.785714285715,197378048.0,2,6,2,2,11,4,1,4,2,4,1,4,0,1,9,323,2,1,1,1,1,1,0,0,23,2061,0,4,1,0,101,11,0,0,0,0,0,0,1,0,0,0,0,0,0,22,6,20,96,76,465,29,20,125,50,53,95,40,17,50,93,39,66,48,36,12,10,14,8,2,9,6,19,15,6970,163,1
nwsapi_2_2_25,c699696f15de582de8e3ea8059897f17f8862dad,0,7893.125,197505024.0,2,6,2,2,11,4,1,4,2,4,1,4,0,1,9,323,2,1,1,1,1,1,0,0,23,2061,0,4,1,0,101,11,0,0,0,0,0,0,1,0,0,0,0,0,0,22,6,20,96,76,465,29,20,125,50,53,95,40,17,50,93,39,66,48,36,12,10,14,8,2,9,6,19,15,6970,163,1
nwsapi_2_2_26,c699696f15de582de8e3ea8059897f17f8862dad,0,8049.5,196919296.0,2,6,2,2,11,4,1,4,2,4,1,4,0,1,9,323,2,1,1,1,1,1,0,0,23,2061,0,4,1,0,101,11,0,0,0,0,0,0,1,0,0,0,0,0,0,22,6,20,96,76,465,29,20,125,50,53,95,40,17,50,93,39,66,48,36,12,10,14,8,2,9,6,19,15,6970,163,1
nwsapi_2_2_27,c699696f15de582de8e3ea8059897f17f8862dad,0,7955.6875,197007360.0,2,6,2,2,11,4,1,4,2,4,1,4,0,1,9,323,2,1,1,1,1,1,0,0,23,2061,0,4,1,0,101,11,0,0,0,0,0,0,1,0,0,0,0,0,0,22,6,20,96,76,465,29,20,125,50,53,95,40,17,50,93,39,66,48,36,12,10,14,8,2,9,6,19,15,6970,163,1
nwsapi_2_2_21,ddffd150261e0a1d9338ed192ce735b03eea3148,0,44249.916666666664,197615616.0,2,3,2,2,3,1,0,1,1,0,0,0,0,0,2,379,0,0,0,1,0,0,0,0,8,2105,0,1,1,0,89,5,0,0,0,0,0,0,2,0,0,0,0,0,0,25,6,18,78,75,449,24,9,108,47,55,122,30,21,53,123,67,66,49,34,12,10,12,6,5,10,8,19,9,6723,53,0
nwsapi_2_2_22,ddffd150261e0a1d9338ed192ce735b03eea3148,0,41148.375,197169152.0,2,3,2,2,3,1,0,1,1,0,0,0,0,0,2,379,0,0,0,1,0,0,0,0,8,2105,0,1,1,0,89,5,0,0,0,0,0,0,2,0,0,0,0,0,0,25,6,18,78,75,449,24,9,108,47,55,122,30,21,53,123,67,66,49,34,12,10,12,6,5,10,8,19,9,6723,53,0
nwsapi_2_2_23,ddffd150261e0a1d9338ed192ce735b03eea3148,0,41033.875,197980160.0,2,3,2,2,3,1,0,1,1,0,0,0,0,0,2,379,0,0,0,1,0,0,0,0,8,2105,0,1,1,0,89,5,0,0,0,0,0,0,2,0,0,0,0,0,0,25,6,18,78,75,449,24,9,108,47,55,122,30,21,53,123,67,66,49,34,12,10,12,6,5,10,8,19,9,6723,53,0
nwsapi_2_2_24,ddffd150261e0a1d9338ed192ce735b03eea3148,0,41185.0625,197640192.0,2,3,2,2,3,1,0,1,1,0,0,0,0,0,2,379,0,0,0,1,0,0,0,0,8,2105,0,1,1,0,89,5,0,0,0,0,0,0,2,0,0,0,0,0,0,25,6,18,78,75,449,24,9,108,47,55,122,30,21,53,123,67,66,49,34,12,10,12,6,5,10,8,19,9,6723,53,0
nwsapi_2_2_25,ddffd150261e0a1d9338ed192ce735b03eea3148,0,41184.57142857143,197015259.42857143,2,3,2,2,3,1,0,1,1,0,0,0,0,0,2,379,0,0,0,1,0,0,0,0,8,2105,0,1,1,0,89,5,0,0,0,0,0,0,2,0,0,0,0,0,0,25,6,18,78,75,449,24,9,108,47,55,122,30,21,53,123,67,66,49,34,12,10,12,6,5,10,8,19,9,6723,53,0
nwsapi_2_2_26,ddffd150261e0a1d9338ed192ce735b03eea3148,0,41368.166666666664,197263360.0,2,3,2,2,3,1,0,1,1,0,0,0,0,0,2,379,0,0,0,1,0,0,0,0,8,2105,0,1,1,0,89,5,0,0,0,0,0,0,2,0,0,0,0,0,0,25,6,18,78,75,449,24,9,108,47,55,122,30,21,53,123,67,66,49,34,12,10,12,6,5,10,8,19,9,6723,53,0
nwsapi_2_2_27,ddffd150261e0a1d9338ed192ce735b03eea3148,0,41236.8125,196966400.0,2,3,2,2,3,1,0,1,1,0,0,0,0,0,2,379,0,0,0,1,0,0,0,0,8,2105,0,1,1,0,89,5,0,0,0,0,0,0,2,0,0,0,0,0,0,25,6,18,78,75,449,24,9,108,47,55,122,30,21,53,123,67,66,49,34,12,10,12,6,5,10,8,19,9,6723,53,0
nwsapi_2_2_21,5f76db1a96b335d6cf06e3895871f79ac04330b2,0,nan,nan,5,8,6,0,8,2,1,4,1,1,1,1,0,1,6,340,0,1,0,3,1,1,0,0,13,2058,0,3,3,0,91,7,0,0,0,0,0,0,3,0,0,0,0,0,0,34,10,24,59,65,428,25,16,98,45,53,138,19,12,50,98,49,47,50,31,10,13,8,4,7,8,9,30,5,6395,90,1
nwsapi_2_2_22,5f76db1a96b335d6cf06e3895871f79ac04330b2,0,nan,nan,5,8,6,0,8,2,1,4,1,1,1,1,0,1,6,340,0,1,0,3,1,1,0,0,13,2058,0,3,3,0,91,7,0,0,0,0,0,0,3,0,0,0,0,0,0,34,10,24,59,65,428,25,16,98,45,53,138,19,12,50,98,49,47,50,31,10,13,8,4,7,8,9,30,5,6395,90,1
nwsapi_2_2_23,5f76db1a96b335d6cf06e3895871f79ac04330b2,0,nan,nan,5,8,6,0,8,2,1,4,1,1,1,1,0,1,6,340,0,1,0,3,1,1,0,0,13,2058,0,3,3,0,91,7,0,0,0,0,0,0,3,0,0,0,0,0,0,34,10,24,59,65,428,25,16,98,45,53,138,19,12,50,98,49,47,50,31,10,13,8,4,7,8,9,30,5,6395,90,1
nwsapi_2_2_24,5f76db1a96b335d6cf06e3895871f79ac04330b2,0,nan,nan,5,8,6,0,8,2,1,4,1,1,1,1,0,1,6,340,0,1,0,3,1,1,0,0,13,2058,0,3,3,0,91,7,0,0,0,0,0,0,3,0,0,0,0,0,0,34,10,24,59,65,428,25,16,98,45,53,138,19,12,50,98,49,47,50,31,10,13,8,4,7,8,9,30,5,6395,90,1
nwsapi_2_2_25,5f76db1a96b335d6cf06e3895871f79ac04330b2,0,nan,nan,5,8,6,0,8,2,1,4,1,1,1,1,0,1,6,340,0,1,0,3,1,1,0,0,13,2058,0,3,3,0,91,7,0,0,0,0,0,0,3,0,0,0,0,0,0,34,10,24,59,65,428,25,16,98,45,53,138,19,12,50,98,49,47,50,31,10,13,8,4,7,8,9,30,5,6395,90,1
nwsapi_2_2_26,5f76db1a96b335d6cf06e3895871f79ac04330b2,0,nan,nan,5,8,6,0,8,2,1,4,1,1,1,1,0,1,6,340,0,1,0,3,1,1,0,0,13,2058,0,3,3,0,91,7,0,0,0,0,0,0,3,0,0,0,0,0,0,34,10,24,59,65,428,25,16,98,45,53,138,19,12,50,98,49,47,50,31,10,13,8,4,7,8,9,30,5,6395,90,1
nwsapi_2_2_27,5f76db1a96b335d6cf06e3895871f79ac04330b2,0,nan,nan,5,8,6,0,8,2,1,4,1,1,1,1,0,1,6,340,0,1,0,3,1,1,0,0,13,2058,0,3,3,0,91,7,0,0,0,0,0,0,3,0,0,0,0,0,0,34,10,24,59,65,428,25,16,98,45,53,138,19,12,50,98,49,47,50,31,10,13,8,4,7,8,9,30,5,6395,90,1
nwsapi_2_2_21,01a1e55130d52917ee7f0354abed3358c96d37b0,0,8867.1875,197349376.0,2,3,2,2,4,1,1,0,2,1,1,1,1,0,4,322,2,0,0,1,0,0,0,0,18,1908,1,1,1,0,100,6,0,0,0,0,0,0,2,0,0,0,0,0,0,24,4,15,71,65,441,31,11,110,42,57,105,25,9,49,111,66,55,52,33,15,11,7,10,3,19,7,19,9,6431,84,0
nwsapi_2_2_22,01a1e55130d52917ee7f0354abed3358c96d37b0,0,7958.375,197828608.0,2,3,2,2,4,1,1,0,2,1,1,1,1,0,4,322,2,0,0,1,0,0,0,0,18,1908,1,1,1,0,100,6,0,0,0,0,0,0,2,0,0,0,0,0,0,24,4,15,71,65,441,31,11,110,42,57,105,25,9,49,111,66,55,52,33,15,11,7,10,3,19,7,19,9,6431,84,0
nwsapi_2_2_23,01a1e55130d52917ee7f0354abed3358c96d37b0,0,7661.625,197668864.0,2,3,2,2,4,1,1,0,2,1,1,1,1,0,4,322,2,0,0,1,0,0,0,0,18,1908,1,1,1,0,100,6,0,0,0,0,0,0,2,0,0,0,0,0,0,24,4,15,71,65,441,31,11,110,42,57,105,25,9,49,111,66,55,52,33,15,11,7,10,3,19,7,19,9,6431,84,0
nwsapi_2_2_24,01a1e55130d52917ee7f0354abed3358c96d37b0,0,7520.833333333333,197137749.33333334,2,3,2,2,4,1,1,0,2,1,1,1,1,0,4,322,2,0,0,1,0,0,0,0,18,1908,1,1,1,0,100,6,0,0,0,0,0,0,2,0,0,0,0,0,0,24,4,15,71,65,441,31,11,110,42,57,105,25,9,49,111,66,55,52,33,15,11,7,10,3,19,7,19,9,6431,84,0
nwsapi_2_2_25,01a1e55130d52917ee7f0354abed3358c96d37b0,0,8507.75,197783552.0,2,3,2,2,4,1,1,0,2,1,1,1,1,0,4,322,2,0,0,1,0,0,0,0,18,1908,1,1,1,0,100,6,0,0,0,0,0,0,2,0,0,0,0,0,0,24,4,15,71,65,441,31,11,110,42,57,105,25,9,49,111,66,55,52,33,15,11,7,10,3,19,7,19,9,6431,84,0
nwsapi_2_2_26,01a1e55130d52917ee7f0354abed3358c96d37b0,0,8093.583333333333,196602538.66666666,2,3,2,2,4,1,1,0,2,1,1,1,1,0,4,322,2,0,0,1,0,0,0,0,18,1908,1,1,1,0,100,6,0,0,0,0,0,0,2,0,0,0,0,0,0,24,4,15,71,65,441,31,11,110,42,57,105,25,9,49,111,66,55,52,33,15,11,7,10,3,19,7,19,9,6431,84,0
nwsapi_2_2_27,01a1e55130d52917ee7f0354abed3358c96d37b0,0,8229.2,196860313.6,2,3,2,2,4,1,1,0,2,1,1,1,1,0,4,322,2,0,0,1,0,0,0,0,18,1908,1,1,1,0,100,6,0,0,0,0,0,0,2,0,0,0,0,0,0,24,4,15,71,65,441,31,11,110,42,57,105,25,9,49,111,66,55,52,33,15,11,7,10,3,19,7,19,9,6431,84,0
nwsapi_2_2_21,76424a7d909fb22189a676cd4f3dea31c9897120,0,33677.125,198074368.0,2,4,2,0,8,1,2,4,1,1,0,1,1,1,7,340,2,0,0,0,1,1,0,0,11,1867,1,2,0,0,87,7,0,0,0,0,0,0,2,0,0,0,0,0,0,31,8,11,36,63,407,32,15,110,45,46,103,36,16,57,119,64,57,44,19,3,8,8,8,9,54,7,19,6,6385,77,1
nwsapi_2_2_22,76424a7d909fb22189a676cd4f3dea31c9897120,0,34283.9375,197027840.0,2,4,2,0,8,1,2,4,1,1,0,1,1,1,7,340,2,0,0,0,1,1,0,0,11,1867,1,2,0,0,87,7,0,0,0,0,0,0,2,0,0,0,0,0,0,31,8,11,36,63,407,32,15,110,45,46,103,36,16,57,119,64,57,44,19,3,8,8,8,9,54,7,19,6,6385,77,1
nwsapi_2_2_23,76424a7d909fb22189a676cd4f3dea31c9897120,0,33679.2,197004492.8,2,4,2,0,8,1,2,4,1,1,0,1,1,1,7,340,2,0,0,0,1,1,0,0,11,1867,1,2,0,0,87,7,0,0,0,0,0,0,2,0,0,0,0,0,0,31,8,11,36,63,407,32,15,110,45,46,103,36,16,57,119,64,57,44,19,3,8,8,8,9,54,7,19,6,6385,77,1
nwsapi_2_2_24,76424a7d909fb22189a676cd4f3dea31c9897120,0,36182.375,197406720.0,2,4,2,0,8,1,2,4,1,1,0,1,1,1,7,340,2,0,0,0,1,1,0,0,11,1867,1,2,0,0,87,7,0,0,0,0,0,0,2,0,0,0,0,0,0,31,8,11,36,63,407,32,15,110,45,46,103,36,16,57,119,64,57,44,19,3,8,8,8,9,54,7,19,6,6385,77,1
nwsapi_2_2_25,76424a7d909fb22189a676cd4f3dea31c9897120,0,33409.666666666664,196804608.0,2,4,2,0,8,1,2,4,1,1,0,1,1,1,7,340,2,0,0,0,1,1,0,0,11,1867,1,2,0,0,87,7,0,0,0,0,0,0,2,0,0,0,0,0,0,31,8,11,36,63,407,32,15,110,45,46,103,36,16,57,119,64,57,44,19,3,8,8,8,9,54,7,19,6,6385,77,1
nwsapi_2_2_26,76424a7d909fb22189a676cd4f3dea31c9897120,0,38434.9375,197828608.0,2,4,2,0,8,1,2,4,1,1,0,1,1,1,7,340,2,0,0,0,1,1,0,0,11,1867,1,2,0,0,87,7,0,0,0,0,0,0,2,0,0,0,0,0,0,31,8,11,36,63,407,32,15,110,45,46,103,36,16,57,119,64,57,44,19,3,8,8,8,9,54,7,19,6,6385,77,1
nwsapi_2_2_27,76424a7d909fb22189a676cd4f3dea31c9897120,0,35715.416666666664,197511850.66666666,2,4,2,0,8,1,2,4,1,1,0,1,1,1,7,340,2,0,0,0,1,1,0,0,11,1867,1,2,0,0,87,7,0,0,0,0,0,0,2,0,0,0,0,0,0,31,8,11,36,63,407,32,15,110,45,46,103,36,16,57,119,64,57,44,19,3,8,8,8,9,54,7,19,6,6385,77,1
nwsapi_2_2_21,de79771dfd4ed953c1f1fcbf66f76a7f591688f5,0,63450.25,198414336.0,2,2,2,1,1,0,1,0,0,0,0,0,1,0,0,334,0,0,0,1,0,0,0,0,0,1895,0,0,1,0,96,0,0,0,0,0,0,0,0,0,0,0,0,0,0,21,6,16,84,70,390,36,20,115,65,49,92,39,19,54,107,54,51,55,22,7,7,8,5,6,10,7,20,7,6723,9,0
nwsapi_2_2_22,de79771dfd4ed953c1f1fcbf66f76a7f591688f5,0,60252.6875,198979584.0,2,2,2,1,1,0,1,0,0,0,0,0,1,0,0,334,0,0,0,1,0,0,0,0,0,1895,0,0,1,0,96,0,0,0,0,0,0,0,0,0,0,0,0,0,0,21,6,16,84,70,390,36,20,115,65,49,92,39,19,54,107,54,51,55,22,7,7,8,5,6,10,7,20,7,6723,9,0
nwsapi_2_2_23,de79771dfd4ed953c1f1fcbf66f76a7f591688f5,0,63562.625,199376896.0,2,2,2,1,1,0,1,0,0,0,0,0,1,0,0,334,0,0,0,1,0,0,0,0,0,1895,0,0,1,0,96,0,0,0,0,0,0,0,0,0,0,0,0,0,0,21,6,16,84,70,390,36,20,115,65,49,92,39,19,54,107,54,51,55,22,7,7,8,5,6,10,7,20,7,6723,9,0
nwsapi_2_2_24,de79771dfd4ed953c1f1fcbf66f76a7f591688f5,0,61164.0625,198430720.0,2,2,2,1,1,0,1,0,0,0,0,0,1,0,0,334,0,0,0,1,0,0,0,0,0,1895,0,0,1,0,96,0,0,0,0,0,0,0,0,0,0,0,0,0,0,21,6,16,84,70,390,36,20,115,65,49,92,39,19,54,107,54,51,55,22,7,7,8,5,6,10,7,20,7,6723,9,0
nwsapi_2_2_25,de79771dfd4ed953c1f1fcbf66f76a7f591688f5,0,62789.0,197851136.0,2,2,2,1,1,0,1,0,0,0,0,0,1,0,0,334,0,0,0,1,0,0,0,0,0,1895,0,0,1,0,96,0,0,0,0,0,0,0,0,0,0,0,0,0,0,21,6,16,84,70,390,36,20,115,65,49,92,39,19,54,107,54,51,55,22,7,7,8,5,6,10,7,20,7,6723,9,0
nwsapi_2_2_26,de79771dfd4ed953c1f1fcbf66f76a7f591688f5,0,62604.0,198336512.0,2,2,2,1,1,0,1,0,0,0,0,0,1,0,0,334,0,0,0,1,0,0,0,0,0,1895,0,0,1,0,96,0,0,0,0,0,0,0,0,0,0,0,0,0,0,21,6,16,84,70,390,36,20,115,65,49,92,39,19,54,107,54,51,55,22,7,7,8,5,6,10,7,20,7,6723,9,0
nwsapi_2_2_27,de79771dfd4ed953c1f1fcbf66f76a7f591688f5,0,64872.25,198584320.0,2,2,2,1,1,0,1,0,0,0,0,0,1,0,0,334,0,0,0,1,0,0,0,0,0,1895,0,0,1,0,96,0,0,0,0,0,0,0,0,0,0,0,0,0,0,21,6,16,84,70,390,36,20,115,65,49,92,39,19,54,107,54,51,55,22,7,7,8,5,6,10,7,20,7,6723,9,0
nwsapi_2_2_21,2b13c3ade5d88582e240c3b589fff59cd3b362e1,0,nan,nan,5,5,12,8,12,9,2,4,7,4,2,4,3,2,19,277,0,8,0,4,2,2,5,0,47,1788,0,8,7,3,101,24,0,0,0,0,1,13,12,0,13,3,0,0,0,27,8,11,41,63,413,25,9,94,50,45,77,27,10,52,95,50,44,49,20,4,12,4,7,7,30,7,22,7,5737,334,1
nwsapi_2_2_22,2b13c3ade5d88582e240c3b589fff59cd3b362e1,0,nan,nan,5,5,12,8,12,9,2,4,7,4,2,4,3,2,19,277,0,8,0,4,2,2,5,0,47,1788,0,8,7,3,101,24,0,0,0,0,1,13,12,0,13,3,0,0,0,27,8,11,41,63,413,25,9,94,50,45,77,27,10,52,95,50,44,49,20,4,12,4,7,7,30,7,22,7,5737,334,1
nwsapi_2_2_23,2b13c3ade5d88582e240c3b589fff59cd3b362e1,0,nan,nan,5,5,12,8,12,9,2,4,7,4,2,4,3,2,19,277,0,8,0,4,2,2,5,0,47,1788,0,8,7,3,101,24,0,0,0,0,1,13,12,0,13,3,0,0,0,27,8,11,41,63,413,25,9,94,50,45,77,27,10,52,95,50,44,49,20,4,12,4,7,7,30,7,22,7,5737,334,1
nwsapi_2_2_24,2b13c3ade5d88582e240c3b589fff59cd3b362e1,0,nan,nan,5,5,12,8,12,9,2,4,7,4,2,4,3,2,19,277,0,8,0,4,2,2,5,0,47,1788,0,8,7,3,101,24,0,0,0,0,1,13,12,0,13,3,0,0,0,27,8,11,41,63,413,25,9,94,50,45,77,27,10,52,95,50,44,49,20,4,12,4,7,7,30,7,22,7,5737,334,1
nwsapi_2_2_25,2b13c3ade5d88582e240c3b589fff59cd3b362e1,0,nan,nan,5,5,12,8,12,9,2,4,7,4,2,4,3,2,19,277,0,8,0,4,2,2,5,0,47,1788,0,8,7,3,101,24,0,0,0,0,1,13,12,0,13,3,0,0,0,27,8,11,41,63,413,25,9,94,50,45,77,27,10,52,95,50,44,49,20,4,12,4,7,7,30,7,22,7,5737,334,1
nwsapi_2_2_26,2b13c3ade5d88582e240c3b589fff59cd3b362e1,0,nan,nan,5,5,12,8,12,9,2,4,7,4,2,4,3,2,19,277,0,8,0,4,2,2,5,0,47,1788,0,8,7,3,101,24,0,0,0,0,1,13,12,0,13,3,0,0,0,27,8,11,41,63,413,25,9,94,50,45,77,27,10,52,95,50,44,49,20,4,12,4,7,7,30,7,22,7,5737,334,1
nwsapi_2_2_27,2b13c3ade5d88582e240c3b589fff59cd3b362e1,0,nan,nan,5,5,12,8,12,9,2,4,7,4,2,4,3,2,19,277,0,8,0,4,2,2,5,0,47,1788,0,8,7,3,101,24,0,0,0,0,1,13,12,0,13,3,0,0,0,27,8,11,41,63,413,25,9,94,50,45,77,27,10,52,95,50,44,49,20,4,12,4,7,7,30,7,22,7,5737,334,1
nwsapi_2_2_21,21ffeed47ed17991ed953df30a7412bcd9152b65,0,39734.4375,197060608.0,1,1,2,1,10,5,2,3,1,2,1,2,2,1,8,290,2,2,0,0,1,1,2,0,17,1766,1,0,1,1,90,11,0,0,0,0,2,2,5,0,2,1,0,0,0,29,10,14,66,83,527,25,11,116,45,46,82,36,25,52,82,36,56,48,27,11,4,12,13,6,30,5,19,8,6397,159,1
nwsapi_2_2_22,21ffeed47ed17991ed953df30a7412bcd9152b65,0,39755.125,197132288.0,1,1,2,1,10,5,2,3,1,2,1,2,2,1,8,290,2,2,0,0,1,1,2,0,17,1766,1,0,1,1,90,11,0,0,0,0,2,2,5,0,2,1,0,0,0,29,10,14,66,83,527,25,11,116,45,46,82,36,25,52,82,36,56,48,27,11,4,12,13,6,30,5,19,8,6397,159,1
nwsapi_2_2_23,21ffeed47ed17991ed953df30a7412bcd9152b65,0,39275.875,197652480.0,1,1,2,1,10,5,2,3,1,2,1,2,2,1,8,290,2,2,0,0,1,1,2,0,17,1766,1,0,1,1,90,11,0,0,0,0,2,2,5,0,2,1,0,0,0,29,10,14,66,83,527,25,11,116,45,46,82,36,25,52,82,36,56,48,27,11,4,12,13,6,30,5,19,8,6397,159,1
nwsapi_2_2_24,21ffeed47ed17991ed953df30a7412bcd9152b65,0,39601.625,197599232.0,1,1,2,1,10,5,2,3,1,2,1,2,2,1,8,290,2,2,0,0,1,1,2,0,17,1766,1,0,1,1,90,11,0,0,0,0,2,2,5,0,2,1,0,0,0,29,10,14,66,83,527,25,11,116,45,46,82,36,25,52,82,36,56,48,27,11,4,12,13,6,30,5,19,8,6397,159,1
nwsapi_2_2_25,21ffeed47ed17991ed953df30a7412bcd9152b65,0,39349.0,198213632.0,1,1,2,1,10,5,2,3,1,2,1,2,2,1,8,290,2,2,0,0,1,1,2,0,17,1766,1,0,1,1,90,11,0,0,0,0,2,2,5,0,2,1,0,0,0,29,10,14,66,83,527,25,11,116,45,46,82,36,25,52,82,36,56,48,27,11,4,12,13,6,30,5,19,8,6397,159,1
nwsapi_2_2_26,21ffeed47ed17991ed953df30a7412bcd9152b65,0,41007.0,198705152.0,1,1,2,1,10,5,2,3,1,2,1,2,2,1,8,290,2,2,0,0,1,1,2,0,17,1766,1,0,1,1,90,11,0,0,0,0,2,2,5,0,2,1,0,0,0,29,10,14,66,83,527,25,11,116,45,46,82,36,25,52,82,36,56,48,27,11,4,12,13,6,30,5,19,8,6397,159,1
nwsapi_2_2_27,21ffeed47ed17991ed953df30a7412bcd9152b65,0,39882.333333333336,197804032.0,1,1,2,1,10,5,2,3,1,2,1,2,2,1,8,290,2,2,0,0,1,1,2,0,17,1766,1,0,1,1,90,11,0,0,0,0,2,2,5,0,2,1,0,0,0,29,10,14,66,83,527,25,11,116,45,46,82,36,25,52,82,36,56,48,27,11,4,12,13,6,30,5,19,8,6397,159,1
nwsapi_2_2_21,b20a9fe041995b0eeffc6dfb5a29fafcf8064000,0,101158.2,197997363.2,2,2,1,0,8,3,2,2,1,1,0,1,1,1,3,303,0,0,1,1,1,1,0,0,4,1979,0,0,1,0,106,1,0,0,0,0,0,0,1,0,0,0,0,0,0,24,8,16,65,74,454,24,13,99,47,52,99,23,8,45,109,66,40,42,31,10,11,10,4,7,13,9,20,9,6037,74,1
nwsapi_2_2_22,b20a9fe041995b0eeffc6dfb5a29fafcf8064000,0,97448.08333333333,198038869.33333334,2,2,1,0,8,3,2,2,1,1,0,1,1,1,3,303,0,0,1,1,1,1,0,0,4,1979,0,0,1,0,106,1,0,0,0,0,0,0,1,0,0,0,0,0,0,24,8,16,65,74,454,24,13,99,47,52,99,23,8,45,109,66,40,42,31,10,11,10,4,7,13,9,20,9,6037,74,1
nwsapi_2_2_23,b20a9fe041995b0eeffc6dfb5a29fafcf8064000,0,102000.14285714286,198281508.57142857,2,2,1,0,8,3,2,2,1,1,0,1,1,1,3,303,0,0,1,1,1,1,0,0,4,1979,0,0,1,0,106,1,0,0,0,0,0,0,1,0,0,0,0,0,0,24,8,16,65,74,454,24,13,99,47,52,99,23,8,45,109,66,40,42,31,10,11,10,4,7,13,9,20,9,6037,74,1
nwsapi_2_2_24,b20a9fe041995b0eeffc6dfb5a29fafcf8064000,0,102216.0625,197912576.0,2,2,1,0,8,3,2,2,1,1,0,1,1,1,3,303,0,0,1,1,1,1,0,0,4,1979,0,0,1,0,106,1,0,0,0,0,0,0,1,0,0,0,0,0,0,24,8,16,65,74,454,24,13,99,47,52,99,23,8,45,109,66,40,42,31,10,11,10,4,7,13,9,20,9,6037,74,1
nwsapi_2_2_25,b20a9fe041995b0eeffc6dfb5a29fafcf8064000,0,104848.9375,198170624.0,2,2,1,0,8,3,2,2,1,1,0,1,1,1,3,303,0,0,1,1,1,1,0,0,4,1979,0,0,1,0,106,1,0,0,0,0,0,0,1,0,0,0,0,0,0,24,8,16,65,74,454,24,13,99,47,52,99,23,8,45,109,66,40,42,31,10,11,10,4,7,13,9,20,9,6037,74,1
nwsapi_2_2_26,b20a9fe041995b0eeffc6dfb5a29fafcf8064000,0,101162.5,198947635.2,2,2,1,0,8,3,2,2,1,1,0,1,1,1,3,303,0,0,1,1,1,1,0,0,4,1979,0,0,1,0,106,1,0,0,0,0,0,0,1,0,0,0,0,0,0,24,8,16,65,74,454,24,13,99,47,52,99,23,8,45,109,66,40,42,31,10,11,10,4,7,13,9,20,9,6037,74,1
nwsapi_2_2_27,b20a9fe041995b0eeffc6dfb5a29fafcf8064000,0,101901.0625,198602752.0,2,2,1,0,8,3,2,2,1,1,0,1,1,1,3,303,0,0,1,1,1,1,0,0,4,1979,0,0,1,0,106,1,0,0,0,0,0,0,1,0,0,0,0,0,0,24,8,16,65,74,454,24,13,99,47,52,99,23,8,45,109,66,40,42,31,10,11,10,4,7,13,9,20,9,6037,74,1
nwsapi_2_2_21,b2d14dadca52d5a6cfad7b98efe15fddd49d1c18,0,156974.0,199651328.0,4,8,6,2,10,2,2,4,2,2,0,2,1,1,8,311,0,2,0,3,1,1,0,1,42,1914,0,4,3,0,100,17,0,0,0,0,0,0,11,0,0,0,0,0,0,32,8,14,58,72,436,25,15,103,49,50,90,31,12,49,110,63,50,50,24,9,10,5,7,8,18,8,26,5,6233,198,1
nwsapi_2_2_22,b2d14dadca52d5a6cfad7b98efe15fddd49d1c18,0,143086.14285714287,198171501.7142857,4,8,6,2,10,2,2,4,2,2,0,2,1,1,8,311,0,2,0,3,1,1,0,1,42,1914,0,4,3,0,100,17,0,0,0,0,0,0,11,0,0,0,0,0,0,32,8,14,58,72,436,25,15,103,49,50,90,31,12,49,110,63,50,50,24,9,10,5,7,8,18,8,26,5,6233,198,1
nwsapi_2_2_23,b2d14dadca52d5a6cfad7b98efe15fddd49d1c18,0,145544.1875,198760448.0,4,8,6,2,10,2,2,4,2,2,0,2,1,1,8,311,0,2,0,3,1,1,0,1,42,1914,0,4,3,0,100,17,0,0,0,0,0,0,11,0,0,0,0,0,0,32,8,14,58,72,436,25,15,103,49,50,90,31,12,49,110,63,50,50,24,9,10,5,7,8,18,8,26,5,6233,198,1
nwsapi_2_2_24,b2d14dadca52d5a6cfad7b98efe15fddd49d1c18,0,141326.16666666666,199180288.0,4,8,6,2,10,2,2,4,2,2,0,2,1,1,8,311,0,2,0,3,1,1,0,1,42,1914,0,4,3,0,100,17,0,0,0,0,0,0,11,0,0,0,0,0,0,32,8,14,58,72,436,25,15,103,49,50,90,31,12,49,110,63,50,50,24,9,10,5,7,8,18,8,26,5,6233,198,1
nwsapi_2_2_25,b2d14dadca52d5a6cfad7b98efe15fddd49d1c18,0,147268.375,198500352.0,4,8,6,2,10,2,2,4,2,2,0,2,1,1,8,311,0,2,0,3,1,1,0,1,42,1914,0,4,3,0,100,17,0,0,0,0,0,0,11,0,0,0,0,0,0,32,8,14,58,72,436,25,15,103,49,50,90,31,12,49,110,63,50,50,24,9,10,5,7,8,18,8,26,5,6233,198,1
nwsapi_2_2_26,b2d14dadca52d5a6cfad7b98efe15fddd49d1c18,0,146500.1,199750451.2,4,8,6,2,10,2,2,4,2,2,0,2,1,1,8,311,0,2,0,3,1,1,0,1,42,1914,0,4,3,0,100,17,0,0,0,0,0,0,11,0,0,0,0,0,0,32,8,14,58,72,436,25,15,103,49,50,90,31,12,49,110,63,50,50,24,9,10,5,7,8,18,8,26,5,6233,198,1
nwsapi_2_2_27,b2d14dadca52d5a6cfad7b98efe15fddd49d1c18,0,146409.83333333334,200261632.0,4,8,6,2,10,2,2,4,2,2,0,2,1,1,8,311,0,2,0,3,1,1,0,1,42,1914,0,4,3,0,100,17,0,0,0,0,0,0,11,0,0,0,0,0,0,32,8,14,58,72,436,25,15,103,49,50,90,31,12,49,110,63,50,50,24,9,10,5,7,8,18,8,26,5,6233,198,1
nwsapi_2_2_21,7b11990e31173c8c08cfe61878612113d921122a,0,38711.0625,197881856.0,1,1,2,1,10,5,2,3,1,2,1,2,2,1,8,293,2,2,0,0,1,1,2,0,17,1751,1,0,1,1,87,11,0,0,0,0,2,2,5,0,2,1,0,0,0,29,10,14,66,83,527,25,11,116,45,47,84,36,25,52,82,36,57,47,27,11,4,12,13,6,30,5,19,8,6373,159,1
nwsapi_2_2_22,7b11990e31173c8c08cfe61878612113d921122a,0,38140.6875,197572608.0,1,1,2,1,10,5,2,3,1,2,1,2,2,1,8,293,2,2,0,0,1,1,2,0,17,1751,1,0,1,1,87,11,0,0,0,0,2,2,5,0,2,1,0,0,0,29,10,14,66,83,527,25,11,116,45,47,84,36,25,52,82,36,57,47,27,11,4,12,13,6,30,5,19,8,6373,159,1
nwsapi_2_2_23,7b11990e31173c8c08cfe61878612113d921122a,0,38086.28571428572,197387410.2857143,1,1,2,1,10,5,2,3,1,2,1,2,2,1,8,293,2,2,0,0,1,1,2,0,17,1751,1,0,1,1,87,11,0,0,0,0,2,2,5,0,2,1,0,0,0,29,10,14,66,83,527,25,11,116,45,47,84,36,25,52,82,36,57,47,27,11,4,12,13,6,30,5,19,8,6373,159,1
nwsapi_2_2_24,7b11990e31173c8c08cfe61878612113d921122a,0,39083.25,197574656.0,1,1,2,1,10,5,2,3,1,2,1,2,2,1,8,293,2,2,0,0,1,1,2,0,17,1751,1,0,1,1,87,11,0,0,0,0,2,2,5,0,2,1,0,0,0,29,10,14,66,83,527,25,11,116,45,47,84,36,25,52,82,36,57,47,27,11,4,12,13,6,30,5,19,8,6373,159,1
nwsapi_2_2_25,7b11990e31173c8c08cfe61878612113d921122a,0,40195.3125,197586944.0,1,1,2,1,10,5,2,3,1,2,1,2,2,1,8,293,2,2,0,0,1,1,2,0,17,1751,1,0,1,1,87,11,0,0,0,0,2,2,5,0,2,1,0,0,0,29,10,14,66,83,527,25,11,116,45,47,84,36,25,52,82,36,57,47,27,11,4,12,13,6,30,5,19,8,6373,159,1
nwsapi_2_2_26,7b11990e31173c8c08cfe61878612113d921122a,0,38066.6,197551718.4,1,1,2,1,10,5,2,3,1,2,1,2,2,1,8,293,2,2,0,0,1,1,2,0,17,1751,1,0,1,1,87,11,0,0,0,0,2,2,5,0,2,1,0,0,0,29,10,14,66,83,527,25,11,116,45,47,84,36,25,52,82,36,57,47,27,11,4,12,13,6,30,5,19,8,6373,159,1
nwsapi_2_2_27,7b11990e31173c8c08cfe61878612113d921122a,0,42048.666666666664,197227861.33333334,1,1,2,1,10,5,2,3,1,2,1,2,2,1,8,293,2,2,0,0,1,1,2,0,17,1751,1,0,1,1,87,11,0,0,0,0,2,2,5,0,2,1,0,0,0,29,10,14,66,83,527,25,11,116,45,47,84,36,25,52,82,36,57,47,27,11,4,12,13,6,30,5,19,8,6373,159,1
nwsapi_2_2_21,1c41157d5400a559d5521ca40651b89f8af5464c,0,109724.0625,198105088.0,2,2,1,0,8,3,2,2,1,1,0,1,1,1,3,314,0,0,1,1,1,1,0,0,4,1902,0,0,1,0,94,1,0,0,0,0,0,0,1,0,0,0,0,0,0,21,7,18,86,67,440,36,20,107,42,51,107,25,12,48,104,52,49,46,26,6,11,9,8,2,1,5,19,8,6466,74,1
nwsapi_2_2_22,1c41157d5400a559d5521ca40651b89f8af5464c,0,106484.375,198612992.0,2,2,1,0,8,3,2,2,1,1,0,1,1,1,3,314,0,0,1,1,1,1,0,0,4,1902,0,0,1,0,94,1,0,0,0,0,0,0,1,0,0,0,0,0,0,21,7,18,86,67,440,36,20,107,42,51,107,25,12,48,104,52,49,46,26,6,11,9,8,2,1,5,19,8,6466,74,1
nwsapi_2_2_23,1c41157d5400a559d5521ca40651b89f8af5464c,0,107645.64285714286,198709833.14285713,2,2,1,0,8,3,2,2,1,1,0,1,1,1,3,314,0,0,1,1,1,1,0,0,4,1902,0,0,1,0,94,1,0,0,0,0,0,0,1,0,0,0,0,0,0,21,7,18,86,67,440,36,20,107,42,51,107,25,12,48,104,52,49,46,26,6,11,9,8,2,1,5,19,8,6466,74,1
nwsapi_2_2_24,1c41157d5400a559d5521ca40651b89f8af5464c,0,104319.5,197039445.33333334,2,2,1,0,8,3,2,2,1,1,0,1,1,1,3,314,0,0,1,1,1,1,0,0,4,1902,0,0,1,0,94,1,0,0,0,0,0,0,1,0,0,0,0,0,0,21,7,18,86,67,440,36,20,107,42,51,107,25,12,48,104,52,49,46,26,6,11,9,8,2,1,5,19,8,6466,74,1
nwsapi_2_2_25,1c41157d5400a559d5521ca40651b89f8af5464c,0,110020.875,197556224.0,2,2,1,0,8,3,2,2,1,1,0,1,1,1,3,314,0,0,1,1,1,1,0,0,4,1902,0,0,1,0,94,1,0,0,0,0,0,0,1,0,0,0,0,0,0,21,7,18,86,67,440,36,20,107,42,51,107,25,12,48,104,52,49,46,26,6,11,9,8,2,1,5,19,8,6466,74,1
nwsapi_2_2_26,1c41157d5400a559d5521ca40651b89f8af5464c,0,111567.5625,198989824.0,2,2,1,0,8,3,2,2,1,1,0,1,1,1,3,314,0,0,1,1,1,1,0,0,4,1902,0,0,1,0,94,1,0,0,0,0,0,0,1,0,0,0,0,0,0,21,7,18,86,67,440,36,20,107,42,51,107,25,12,48,104,52,49,46,26,6,11,9,8,2,1,5,19,8,6466,74,1
nwsapi_2_2_27,1c41157d5400a559d5521ca40651b89f8af5464c,0,108423.66666666667,197716650.66666666,2,2,1,0,8,3,2,2,1,1,0,1,1,1,3,314,0,0,1,1,1,1,0,0,4,1902,0,0,1,0,94,1,0,0,0,0,0,0,1,0,0,0,0,0,0,21,7,18,86,67,440,36,20,107,42,51,107,25,12,48,104,52,49,46,26,6,11,9,8,2,1,5,19,8,6466,74,1
nwsapi_2_2_21,15b1cf389c9c31639cb305aa7ddead62b573e307,0,nan,nan,5,12,8,6,20,7,2,7,4,5,2,5,0,2,13,287,2,0,0,3,2,2,0,1,37,1824,0,7,3,0,91,21,0,0,0,0,0,0,14,0,0,0,0,0,0,26,7,18,64,73,464,25,18,104,51,47,91,31,12,51,87,50,46,46,27,9,11,7,8,5,20,6,19,8,6082,278,1
nwsapi_2_2_22,15b1cf389c9c31639cb305aa7ddead62b573e307,0,nan,nan,5,12,8,6,20,7,2,7,4,5,2,5,0,2,13,287,2,0,0,3,2,2,0,1,37,1824,0,7,3,0,91,21,0,0,0,0,0,0,14,0,0,0,0,0,0,26,7,18,64,73,464,25,18,104,51,47,91,31,12,51,87,50,46,46,27,9,11,7,8,5,20,6,19,8,6082,278,1
nwsapi_2_2_23,15b1cf389c9c31639cb305aa7ddead62b573e307,0,nan,nan,5,12,8,6,20,7,2,7,4,5,2,5,0,2,13,287,2,0,0,3,2,2,0,1,37,1824,0,7,3,0,91,21,0,0,0,0,0,0,14,0,0,0,0,0,0,26,7,18,64,73,464,25,18,104,51,47,91,31,12,51,87,50,46,46,27,9,11,7,8,5,20,6,19,8,6082,278,1
nwsapi_2_2_24,15b1cf389c9c31639cb305aa7ddead62b573e307,0,nan,nan,5,12,8,6,20,7,2,7,4,5,2,5,0,2,13,287,2,0,0,3,2,2,0,1,37,1824,0,7,3,0,91,21,0,0,0,0,0,0,14,0,0,0,0,0,0,26,7,18,64,73,464,25,18,104,51,47,91,31,12,51,87,50,46,46,27,9,11,7,8,5,20,6,19,8,6082,278,1
nwsapi_2_2_25,15b1cf389c9c31639cb305aa7ddead62b573e307,0,nan,nan,5,12,8,6,20,7,2,7,4,5,2,5,0,2,13,287,2,0,0,3,2,2,0,1,37,1824,0,7,3,0,91,21,0,0,0,0,0,0,14,0,0,0,0,0,0,26,7,18,64,73,464,25,18,104,51,47,91,31,12,51,87,50,46,46,27,9,11,7,8,5,20,6,19,8,6082,278,1
nwsapi_2_2_26,15b1cf389c9c31639cb305aa7ddead62b573e307,0,nan,nan,5,12,8,6,20,7,2,7,4,5,2,5,0,2,13,287,2,0,0,3,2,2,0,1,37,1824,0,7,3,0,91,21,0,0,0,0,0,0,14,0,0,0,0,0,0,26,7,18,64,73,464,25,18,104,51,47,91,31,12,51,87,50,46,46,27,9,11,7,8,5,20,6,19,8,6082,278,1
nwsapi_2_2_27,15b1cf389c9c31639cb305aa7ddead62b573e307,0,nan,nan,5,12,8,6,20,7,2,7,4,5,2,5,0,2,13,287,2,0,0,3,2,2,0,1,37,1824,0,7,3,0,91,21,0,0,0,0,0,0,14,0,0,0,0,0,0,26,7,18,64,73,464,25,18,104,51,47,91,31,12,51,87,50,46,46,27,9,11,7,8,5,20,6,19,8,6082,278,1
nwsapi_2_2_21,09f0ece92e98de4c7cfbe09e52cd36fd28372ea1,0,70245.8,198069452.8,4,6,3,2,8,2,2,3,1,2,0,2,1,1,6,294,0,2,0,2,1,1,0,0,20,1930,0,2,2,0,112,9,0,0,0,0,0,0,4,0,0,0,0,0,0,38,10,7,21,67,414,28,11,110,50,54,98,39,19,37,78,30,48,51,10,3,3,4,14,10,69,9,19,7,6209,111,1
nwsapi_2_2_22,09f0ece92e98de4c7cfbe09e52cd36fd28372ea1,0,72398.4375,197644288.0,4,6,3,2,8,2,2,3,1,2,0,2,1,1,6,294,0,2,0,2,1,1,0,0,20,1930,0,2,2,0,112,9,0,0,0,0,0,0,4,0,0,0,0,0,0,38,10,7,21,67,414,28,11,110,50,54,98,39,19,37,78,30,48,51,10,3,3,4,14,10,69,9,19,7,6209,111,1
nwsapi_2_2_23,09f0ece92e98de4c7cfbe09e52cd36fd28372ea1,0,66908.3,197564825.6,4,6,3,2,8,2,2,3,1,2,0,2,1,1,6,294,0,2,0,2,1,1,0,0,20,1930,0,2,2,0,112,9,0,0,0,0,0,0,4,0,0,0,0,0,0,38,10,7,21,67,414,28,11,110,50,54,98,39,19,37,78,30,48,51,10,3,3,4,14,10,69,9,19,7,6209,111,1
nwsapi_2_2_24,09f0ece92e98de4c7cfbe09e52cd36fd28372ea1,0,69388.25,197650432.0,4,6,3,2,8,2,2,3,1,2,0,2,1,1,6,294,0,2,0,2,1,1,0,0,20,1930,0,2,2,0,112,9,0,0,0,0,0,0,4,0,0,0,0,0,0,38,10,7,21,67,414,28,11,110,50,54,98,39,19,37,78,30,48,51,10,3,3,4,14,10,69,9,19,7,6209,111,1
nwsapi_2_2_25,09f0ece92e98de4c7cfbe09e52cd36fd28372ea1,0,69645.6875,196786176.0,4,6,3,2,8,2,2,3,1,2,0,2,1,1,6,294,0,2,0,2,1,1,0,0,20,1930,0,2,2,0,112,9,0,0,0,0,0,0,4,0,0,0,0,0,0,38,10,7,21,67,414,28,11,110,50,54,98,39,19,37,78,30,48,51,10,3,3,4,14,10,69,9,19,7,6209,111,1
nwsapi_2_2_26,09f0ece92e98de4c7cfbe09e52cd36fd28372ea1,0,69370.8,197125734.4,4,6,3,2,8,2,2,3,1,2,0,2,1,1,6,294,0,2,0,2,1,1,0,0,20,1930,0,2,2,0,112,9,0,0,0,0,0,0,4,0,0,0,0,0,0,38,10,7,21,67,414,28,11,110,50,54,98,39,19,37,78,30,48,51,10,3,3,4,14,10,69,9,19,7,6209,111,1
nwsapi_2_2_27,09f0ece92e98de4c7cfbe09e52cd36fd28372ea1,0,68920.33333333333,197735765.33333334,4,6,3,2,8,2,2,3,1,2,0,2,1,1,6,294,0,2,0,2,1,1,0,0,20,1930,0,2,2,0,112,9,0,0,0,0,0,0,4,0,0,0,0,0,0,38,10,7,21,67,414,28,11,110,50,54,98,39,19,37,78,30,48,51,10,3,3,4,14,10,69,9,19,7,6209,111,1
nwsapi_2_2_21,85afd5b57793a038f87f4a1a0a1be8a22d24ff19,0,8932.3125,198283264.0,3,3,3,1,10,3,3,2,2,1,0,1,0,3,6,339,0,2,1,0,3,3,0,0,20,2021,0,0,0,0,95,10,0,0,0,0,0,0,3,0,0,0,0,0,0,31,11,23,78,74,473,28,15,109,63,57,120,23,14,57,88,38,54,55,38,16,8,14,5,2,0,4,30,8,6707,131,1
nwsapi_2_2_22,85afd5b57793a038f87f4a1a0a1be8a22d24ff19,0,7036.5,197009408.0,3,3,3,1,10,3,3,2,2,1,0,1,0,3,6,339,0,2,1,0,3,3,0,0,20,2021,0,0,0,0,95,10,0,0,0,0,0,0,3,0,0,0,0,0,0,31,11,23,78,74,473,28,15,109,63,57,120,23,14,57,88,38,54,55,38,16,8,14,5,2,0,4,30,8,6707,131,1
nwsapi_2_2_23,85afd5b57793a038f87f4a1a0a1be8a22d24ff19,0,8398.5,197199872.0,3,3,3,1,10,3,3,2,2,1,0,1,0,3,6,339,0,2,1,0,3,3,0,0,20,2021,0,0,0,0,95,10,0,0,0,0,0,0,3,0,0,0,0,0,0,31,11,23,78,74,473,28,15,109,63,57,120,23,14,57,88,38,54,55,38,16,8,14,5,2,0,4,30,8,6707,131,1
nwsapi_2_2_24,85afd5b57793a038f87f4a1a0a1be8a22d24ff19,0,7911.5,197505024.0,3,3,3,1,10,3,3,2,2,1,0,1,0,3,6,339,0,2,1,0,3,3,0,0,20,2021,0,0,0,0,95,10,0,0,0,0,0,0,3,0,0,0,0,0,0,31,11,23,78,74,473,28,15,109,63,57,120,23,14,57,88,38,54,55,38,16,8,14,5,2,0,4,30,8,6707,131,1
nwsapi_2_2_25,85afd5b57793a038f87f4a1a0a1be8a22d24ff19,0,7796.8125,197814272.0,3,3,3,1,10,3,3,2,2,1,0,1,0,3,6,339,0,2,1,0,3,3,0,0,20,2021,0,0,0,0,95,10,0,0,0,0,0,0,3,0,0,0,0,0,0,31,11,23,78,74,473,28,15,109,63,57,120,23,14,57,88,38,54,55,38,16,8,14,5,2,0,4,30,8,6707,131,1
nwsapi_2_2_26,85afd5b57793a038f87f4a1a0a1be8a22d24ff19,0,9658.9375,197969920.0,3,3,3,1,10,3,3,2,2,1,0,1,0,3,6,339,0,2,1,0,3,3,0,0,20,2021,0,0,0,0,95,10,0,0,0,0,0,0,3,0,0,0,0,0,0,31,11,23,78,74,473,28,15,109,63,57,120,23,14,57,88,38,54,55,38,16,8,14,5,2,0,4,30,8,6707,131,1
nwsapi_2_2_27,85afd5b57793a038f87f4a1a0a1be8a22d24ff19,0,8604.333333333334,197268821.33333334,3,3,3,1,10,3,3,2,2,1,0,1,0,3,6,339,0,2,1,0,3,3,0,0,20,2021,0,0,0,0,95,10,0,0,0,0,0,0,3,0,0,0,0,0,0,31,11,23,78,74,473,28,15,109,63,57,120,23,14,57,88,38,54,55,38,16,8,14,5,2,0,4,30,8,6707,131,1
nwsapi_2_2_21,26e28a77a6a705d2ce6be96a5e9a926a01edaf9b,0,36708.375,197001216.0,1,1,2,1,10,5,2,3,1,2,1,2,2,1,8,293,2,2,0,0,1,1,2,0,17,1752,1,0,1,1,87,10,0,0,0,0,2,2,4,0,2,1,0,0,0,29,10,14,66,83,527,25,11,116,45,47,84,36,25,52,82,36,57,47,27,11,4,12,13,6,30,5,19,8,6373,152,1
nwsapi_2_2_22,26e28a77a6a705d2ce6be96a5e9a926a01edaf9b,0,39203.25,197025792.0,1,1,2,1,10,5,2,3,1,2,1,2,2,1,8,293,2,2,0,0,1,1,2,0,17,1752,1,0,1,1,87,10,0,0,0,0,2,2,4,0,2,1,0,0,0,29,10,14,66,83,527,25,11,116,45,47,84,36,25,52,82,36,57,47,27,11,4,12,13,6,30,5,19,8,6373,152,1
nwsapi_2_2_23,26e28a77a6a705d2ce6be96a5e9a926a01edaf9b,0,39513.0625,198035456.0,1,1,2,1,10,5,2,3,1,2,1,2,2,1,8,293,2,2,0,0,1,1,2,0,17,1752,1,0,1,1,87,10,0,0,0,0,2,2,4,0,2,1,0,0,0,29,10,14,66,83,527,25,11,116,45,47,84,36,25,52,82,36,57,47,27,11,4,12,13,6,30,5,19,8,6373,152,1
nwsapi_2_2_24,26e28a77a6a705d2ce6be96a5e9a926a01edaf9b,0,39028.75,197844992.0,1,1,2,1,10,5,2,3,1,2,1,2,2,1,8,293,2,2,0,0,1,1,2,0,17,1752,1,0,1,1,87,10,0,0,0,0,2,2,4,0,2,1,0,0,0,29,10,14,66,83,527,25,11,116,45,47,84,36,25,52,82,36,57,47,27,11,4,12,13,6,30,5,19,8,6373,152,1
nwsapi_2_2_25,26e28a77a6a705d2ce6be96a5e9a926a01edaf9b,0,39458.125,197431296.0,1,1,2,1,10,5,2,3,1,2,1,2,2,1,8,293,2,2,0,0,1,1,2,0,17,1752,1,0,1,1,87,10,0,0,0,0,2,2,4,0,2,1,0,0,0,29,10,14,66,83,527,25,11,116,45,47,84,36,25,52,82,36,57,47,27,11,4,12,13,6,30,5,19,8,6373,152,1
nwsapi_2_2_26,26e28a77a6a705d2ce6be96a5e9a926a01edaf9b,0,39357.833333333336,197118634.66666666,1,1,2,1,10,5,2,3,1,2,1,2,2,1,8,293,2,2,0,0,1,1,2,0,17,1752,1,0,1,1,87,10,0,0,0,0,2,2,4,0,2,1,0,0,0,29,10,14,66,83,527,25,11,116,45,47,84,36,25,52,82,36,57,47,27,11,4,12,13,6,30,5,19,8,6373,152,1
nwsapi_2_2_27,26e28a77a6a705d2ce6be96a5e9a926a01edaf9b,0,40010.25,197054464.0,1,1,2,1,10,5,2,3,1,2,1,2,2,1,8,293,2,2,0,0,1,1,2,0,17,1752,1,0,1,1,87,10,0,0,0,0,2,2,4,0,2,1,0,0,0,29,10,14,66,83,527,25,11,116,45,47,84,36,25,52,82,36,57,47,27,11,4,12,13,6,30,5,19,8,6373,152,1
nwsapi_2_2_21,0f927529ad0df1f075696ec7f8697065e780fc73,0,nan,nan,8,23,18,6,28,7,7,10,4,4,3,4,3,4,26,273,10,2,0,3,4,4,0,0,85,1806,7,15,3,0,91,42,0,0,0,0,0,0,24,0,0,0,0,0,0,27,8,11,54,70,440,18,9,92,45,41,80,31,15,33,87,44,46,39,21,8,5,8,7,7,18,7,19,6,5406,494,2
nwsapi_2_2_22,0f927529ad0df1f075696ec7f8697065e780fc73,0,nan,nan,8,23,18,6,28,7,7,10,4,4,3,4,3,4,26,273,10,2,0,3,4,4,0,0,85,1806,7,15,3,0,91,42,0,0,0,0,0,0,24,0,0,0,0,0,0,27,8,11,54,70,440,18,9,92,45,41,80,31,15,33,87,44,46,39,21,8,5,8,7,7,18,7,19,6,5406,494,2
nwsapi_2_2_23,0f927529ad0df1f075696ec7f8697065e780fc73,0,nan,nan,8,23,18,6,28,7,7,10,4,4,3,4,3,4,26,273,10,2,0,3,4,4,0,0,85,1806,7,15,3,0,91,42,0,0,0,0,0,0,24,0,0,0,0,0,0,27,8,11,54,70,440,18,9,92,45,41,80,31,15,33,87,44,46,39,21,8,5,8,7,7,18,7,19,6,5406,494,2
nwsapi_2_2_24,0f927529ad0df1f075696ec7f8697065e780fc73,0,nan,nan,8,23,18,6,28,7,7,10,4,4,3,4,3,4,26,273,10,2,0,3,4,4,0,0,85,1806,7,15,3,0,91,42,0,0,0,0,0,0,24,0,0,0,0,0,0,27,8,11,54,70,440,18,9,92,45,41,80,31,15,33,87,44,46,39,21,8,5,8,7,7,18,7,19,6,5406,494,2
nwsapi_2_2_25,0f927529ad0df1f075696ec7f8697065e780fc73,0,nan,nan,8,23,18,6,28,7,7,10,4,4,3,4,3,4,26,273,10,2,0,3,4,4,0,0,85,1806,7,15,3,0,91,42,0,0,0,0,0,0,24,0,0,0,0,0,0,27,8,11,54,70,440,18,9,92,45,41,80,31,15,33,87,44,46,39,21,8,5,8,7,7,18,7,19,6,5406,494,2
nwsapi_2_2_26,0f927529ad0df1f075696ec7f8697065e780fc73,0,nan,nan,8,23,18,6,28,7,7,10,4,4,3,4,3,4,26,273,10,2,0,3,4,4,0,0,85,1806,7,15,3,0,91,42,0,0,0,0,0,0,24,0,0,0,0,0,0,27,8,11,54,70,440,18,9,92,45,41,80,31,15,33,87,44,46,39,21,8,5,8,7,7,18,7,19,6,5406,494,2
nwsapi_2_2_27,0f927529ad0df1f075696ec7f8697065e780fc73,0,nan,nan,8,23,18,6,28,7,7,10,4,4,3,4,3,4,26,273,10,2,0,3,4,4,0,0,85,1806,7,15,3,0,91,42,0,0,0,0,0,0,24,0,0,0,0,0,0,27,8,11,54,70,440,18,9,92,45,41,80,31,15,33,87,44,46,39,21,8,5,8,7,7,18,7,19,6,5406,494,2
nwsapi_2_2_21,fb10df381ee1b75f3e9aaf0932ee369672d3bc4a,0,11963.5,197222400.0,1,6,5,3,8,2,1,2,3,1,1,1,0,1,6,302,1,0,0,0,1,1,0,1,19,1918,0,5,0,0,95,9,0,0,0,0,0,0,0,0,0,0,0,0,0,44,14,12,32,72,486,18,10,99,49,50,96,26,12,58,96,47,49,53,20,5,4,11,13,11,34,8,32,6,6151,125,1
nwsapi_2_2_22,fb10df381ee1b75f3e9aaf0932ee369672d3bc4a,0,11763.125,196395008.0,1,6,5,3,8,2,1,2,3,1,1,1,0,1,6,302,1,0,0,0,1,1,0,1,19,1918,0,5,0,0,95,9,0,0,0,0,0,0,0,0,0,0,0,0,0,44,14,12,32,72,486,18,10,99,49,50,96,26,12,58,96,47,49,53,20,5,4,11,13,11,34,8,32,6,6151,125,1
nwsapi_2_2_23,fb10df381ee1b75f3e9aaf0932ee369672d3bc4a,0,13335.8125,197894144.0,1,6,5,3,8,2,1,2,3,1,1,1,0,1,6,302,1,0,0,0,1,1,0,1,19,1918,0,5,0,0,95,9,0,0,0,0,0,0,0,0,0,0,0,0,0,44,14,12,32,72,486,18,10,99,49,50,96,26,12,58,96,47,49,53,20,5,4,11,13,11,34,8,32,6,6151,125,1
nwsapi_2_2_24,fb10df381ee1b75f3e9aaf0932ee369672d3bc4a,0,12169.642857142857,197284425.14285713,1,6,5,3,8,2,1,2,3,1,1,1,0,1,6,302,1,0,0,0,1,1,0,1,19,1918,0,5,0,0,95,9,0,0,0,0,0,0,0,0,0,0,0,0,0,44,14,12,32,72,486,18,10,99,49,50,96,26,12,58,96,47,49,53,20,5,4,11,13,11,34,8,32,6,6151,125,1
nwsapi_2_2_25,fb10df381ee1b75f3e9aaf0932ee369672d3bc4a,0,13439.9375,197120000.0,1,6,5,3,8,2,1,2,3,1,1,1,0,1,6,302,1,0,0,0,1,1,0,1,19,1918,0,5,0,0,95,9,0,0,0,0,0,0,0,0,0,0,0,0,0,44,14,12,32,72,486,18,10,99,49,50,96,26,12,58,96,47,49,53,20,5,4,11,13,11,34,8,32,6,6151,125,1
nwsapi_2_2_26,fb10df381ee1b75f3e9aaf0932ee369672d3bc4a,0,13385.5,197918720.0,1,6,5,3,8,2,1,2,3,1,1,1,0,1,6,302,1,0,0,0,1,1,0,1,19,1918,0,5,0,0,95,9,0,0,0,0,0,0,0,0,0,0,0,0,0,44,14,12,32,72,486,18,10,99,49,50,96,26,12,58,96,47,49,53,20,5,4,11,13,11,34,8,32,6,6151,125,1
nwsapi_2_2_27,fb10df381ee1b75f3e9aaf0932ee369672d3bc4a,0,15195.3125,198289408.0,1,6,5,3,8,2,1,2,3,1,1,1,0,1,6,302,1,0,0,0,1,1,0,1,19,1918,0,5,0,0,95,9,0,0,0,0,0,0,0,0,0,0,0,0,0,44,14,12,32,72,486,18,10,99,49,50,96,26,12,58,96,47,49,53,20,5,4,11,13,11,34,8,32,6,6151,125,1
nwsapi_2_2_21,49c3e1c97f693d359b1a83bc4ec932c9ce582eee,0,nan,nan,8,23,18,6,28,7,7,10,4,4,3,4,3,4,26,273,10,2,0,3,4,4,0,0,85,1776,7,15,3,0,89,42,0,0,0,0,0,0,24,0,0,0,0,0,0,27,8,11,54,69,430,18,9,92,45,41,80,31,15,34,88,44,45,39,21,8,5,8,7,7,18,7,19,6,5364,494,2
nwsapi_2_2_22,49c3e1c97f693d359b1a83bc4ec932c9ce582eee,0,nan,nan,8,23,18,6,28,7,7,10,4,4,3,4,3,4,26,273,10,2,0,3,4,4,0,0,85,1776,7,15,3,0,89,42,0,0,0,0,0,0,24,0,0,0,0,0,0,27,8,11,54,69,430,18,9,92,45,41,80,31,15,34,88,44,45,39,21,8,5,8,7,7,18,7,19,6,5364,494,2
nwsapi_2_2_23,49c3e1c97f693d359b1a83bc4ec932c9ce582eee,0,nan,nan,8,23,18,6,28,7,7,10,4,4,3,4,3,4,26,273,10,2,0,3,4,4,0,0,85,1776,7,15,3,0,89,42,0,0,0,0,0,0,24,0,0,0,0,0,0,27,8,11,54,69,430,18,9,92,45,41,80,31,15,34,88,44,45,39,21,8,5,8,7,7,18,7,19,6,5364,494,2
nwsapi_2_2_24,49c3e1c97f693d359b1a83bc4ec932c9ce582eee,0,nan,nan,8,23,18,6,28,7,7,10,4,4,3,4,3,4,26,273,10,2,0,3,4,4,0,0,85,1776,7,15,3,0,89,42,0,0,0,0,0,0,24,0,0,0,0,0,0,27,8,11,54,69,430,18,9,92,45,41,80,31,15,34,88,44,45,39,21,8,5,8,7,7,18,7,19,6,5364,494,2
nwsapi_2_2_25,49c3e1c97f693d359b1a83bc4ec932c9ce582eee,0,nan,nan,8,23,18,6,28,7,7,10,4,4,3,4,3,4,26,273,10,2,0,3,4,4,0,0,85,1776,7,15,3,0,89,42,0,0,0,0,0,0,24,0,0,0,0,0,0,27,8,11,54,69,430,18,9,92,45,41,80,31,15,34,88,44,45,39,21,8,5,8,7,7,18,7,19,6,5364,494,2
nwsapi_2_2_26,49c3e1c97f693d359b1a83bc4ec932c9ce582eee,0,nan,nan,8,23,18,6,28,7,7,10,4,4,3,4,3,4,26,273,10,2,0,3,4,4,0,0,85,1776,7,15,3,0,89,42,0,0,0,0,0,0,24,0,0,0,0,0,0,27,8,11,54,69,430,18,9,92,45,41,80,31,15,34,88,44,45,39,21,8,5,8,7,7,18,7,19,6,5364,494,2
nwsapi_2_2_27,49c3e1c97f693d359b1a83bc4ec932c9ce582eee,0,nan,nan,8,23,18,6,28,7,7,10,4,4,3,4,3,4,26,273,10,2,0,3,4,4,0,0,85,1776,7,15,3,0,89,42,0,0,0,0,0,0,24,0,0,0,0,0,0,27,8,11,54,69,430,18,9,92,45,41,80,31,15,34,88,44,45,39,21,8,5,8,7,7,18,7,19,6,5364,494,2
nwsapi_2_2_21,a19cf64aa6f8622c6e7a81fe1c24a742ad1e70e8,0,68302.1875,197838848.0,2,7,5,4,7,0,1,3,3,0,0,0,0,1,6,280,0,0,0,1,1,1,0,1,23,1841,0,5,1,0,90,9,0,0,0,0,0,0,3,0,0,0,0,0,0,31,10,15,63,73,481,29,12,108,48,39,77,26,11,45,100,55,44,46,25,10,9,6,6,4,25,12,19,10,5994,103,1
nwsapi_2_2_22,a19cf64aa6f8622c6e7a81fe1c24a742ad1e70e8,0,69025.875,198586368.0,2,7,5,4,7,0,1,3,3,0,0,0,0,1,6,280,0,0,0,1,1,1,0,1,23,1841,0,5,1,0,90,9,0,0,0,0,0,0,3,0,0,0,0,0,0,31,10,15,63,73,481,29,12,108,48,39,77,26,11,45,100,55,44,46,25,10,9,6,6,4,25,12,19,10,5994,103,1
nwsapi_2_2_23,a19cf64aa6f8622c6e7a81fe1c24a742ad1e70e8,0,69430.5,198033408.0,2,7,5,4,7,0,1,3,3,0,0,0,0,1,6,280,0,0,0,1,1,1,0,1,23,1841,0,5,1,0,90,9,0,0,0,0,0,0,3,0,0,0,0,0,0,31,10,15,63,73,481,29,12,108,48,39,77,26,11,45,100,55,44,46,25,10,9,6,6,4,25,12,19,10,5994,103,1
nwsapi_2_2_24,a19cf64aa6f8622c6e7a81fe1c24a742ad1e70e8,0,69765.5625,198037504.0,2,7,5,4,7,0,1,3,3,0,0,0,0,1,6,280,0,0,0,1,1,1,0,1,23,1841,0,5,1,0,90,9,0,0,0,0,0,0,3,0,0,0,0,0,0,31,10,15,63,73,481,29,12,108,48,39,77,26,11,45,100,55,44,46,25,10,9,6,6,4,25,12,19,10,5994,103,1
nwsapi_2_2_25,a19cf64aa6f8622c6e7a81fe1c24a742ad1e70e8,0,70367.125,197640192.0,2,7,5,4,7,0,1,3,3,0,0,0,0,1,6,280,0,0,0,1,1,1,0,1,23,1841,0,5,1,0,90,9,0,0,0,0,0,0,3,0,0,0,0,0,0,31,10,15,63,73,481,29,12,108,48,39,77,26,11,45,100,55,44,46,25,10,9,6,6,4,25,12,19,10,5994,103,1
nwsapi_2_2_26,a19cf64aa6f8622c6e7a81fe1c24a742ad1e70e8,0,69828.125,198361088.0,2,7,5,4,7,0,1,3,3,0,0,0,0,1,6,280,0,0,0,1,1,1,0,1,23,1841,0,5,1,0,90,9,0,0,0,0,0,0,3,0,0,0,0,0,0,31,10,15,63,73,481,29,12,108,48,39,77,26,11,45,100,55,44,46,25,10,9,6,6,4,25,12,19,10,5994,103,1
nwsapi_2_2_27,a19cf64aa6f8622c6e7a81fe1c24a742ad1e70e8,0,80888.125,197984256.0,2,7,5,4,7,0,1,3,3,0,0,0,0,1,6,280,0,0,0,1,1,1,0,1,23,1841,0,5,1,0,90,9,0,0,0,0,0,0,3,0,0,0,0,0,0,31,10,15,63,73,481,29,12,108,48,39,77,26,11,45,100,55,44,46,25,10,9,6,6,4,25,12,19,10,5994,103,1
nwsapi_2_2_21,c53950f217a52eb0149b81433321e9d51aed5101,0,nan,nan,1,1,1,1,5,2,2,2,4,0,0,0,1,1,6,295,0,0,0,0,1,1,2,0,37,1735,0,0,1,1,88,21,0,0,0,0,1,2,12,0,5,0,0,0,0,42,12,9,33,82,588,28,12,107,48,48,91,30,21,42,83,35,52,50,12,5,5,2,12,11,54,13,19,7,6241,189,1
nwsapi_2_2_22,c53950f217a52eb0149b81433321e9d51aed5101,0,nan,nan,1,1,1,1,5,2,2,2,4,0,0,0,1,1,6,295,0,0,0,0,1,1,2,0,37,1735,0,0,1,1,88,21,0,0,0,0,1,2,12,0,5,0,0,0,0,42,12,9,33,82,588,28,12,107,48,48,91,30,21,42,83,35,52,50,12,5,5,2,12,11,54,13,19,7,6241,189,1
nwsapi_2_2_23,c53950f217a52eb0149b81433321e9d51aed5101,0,nan,nan,1,1,1,1,5,2,2,2,4,0,0,0,1,1,6,295,0,0,0,0,1,1,2,0,37,1735,0,0,1,1,88,21,0,0,0,0,1,2,12,0,5,0,0,0,0,42,12,9,33,82,588,28,12,107,48,48,91,30,21,42,83,35,52,50,12,5,5,2,12,11,54,13,19,7,6241,189,1
nwsapi_2_2_24,c53950f217a52eb0149b81433321e9d51aed5101,0,nan,nan,1,1,1,1,5,2,2,2,4,0,0,0,1,1,6,295,0,0,0,0,1,1,2,0,37,1735,0,0,1,1,88,21,0,0,0,0,1,2,12,0,5,0,0,0,0,42,12,9,33,82,588,28,12,107,48,48,91,30,21,42,83,35,52,50,12,5,5,2,12,11,54,13,19,7,6241,189,1
nwsapi_2_2_25,c53950f217a52eb0149b81433321e9d51aed5101,0,nan,nan,1,1,1,1,5,2,2,2,4,0,0,0,1,1,6,295,0,0,0,0,1,1,2,0,37,1735,0,0,1,1,88,21,0,0,0,0,1,2,12,0,5,0,0,0,0,42,12,9,33,82,588,28,12,107,48,48,91,30,21,42,83,35,52,50,12,5,5,2,12,11,54,13,19,7,6241,189,1
nwsapi_2_2_26,c53950f217a52eb0149b81433321e9d51aed5101,0,nan,nan,1,1,1,1,5,2,2,2,4,0,0,0,1,1,6,295,0,0,0,0,1,1,2,0,37,1735,0,0,1,1,88,21,0,0,0,0,1,2,12,0,5,0,0,0,0,42,12,9,33,82,588,28,12,107,48,48,91,30,21,42,83,35,52,50,12,5,5,2,12,11,54,13,19,7,6241,189,1
nwsapi_2_2_27,c53950f217a52eb0149b81433321e9d51aed5101,0,nan,nan,1,1,1,1,5,2,2,2,4,0,0,0,1,1,6,295,0,0,0,0,1,1,2,0,37,1735,0,0,1,1,88,21,0,0,0,0,1,2,12,0,5,0,0,0,0,42,12,9,33,82,588,28,12,107,48,48,91,30,21,42,83,35,52,50,12,5,5,2,12,11,54,13,19,7,6241,189,1
nwsapi_2_2_21,364fff9ee276e7247990c1ba73740386ef5c1514,0,74377.4375,197664768.0,2,7,5,4,7,0,1,3,3,0,0,0,0,1,6,279,0,0,0,1,1,1,0,1,23,1844,0,5,1,0,90,9,0,0,0,0,0,0,3,0,0,0,0,0,0,31,10,15,63,73,481,29,12,108,48,39,77,26,11,45,99,54,44,46,25,10,9,6,6,4,25,12,19,10,5996,103,1
nwsapi_2_2_22,364fff9ee276e7247990c1ba73740386ef5c1514,0,67541.41666666667,198044330.66666666,2,7,5,4,7,0,1,3,3,0,0,0,0,1,6,279,0,0,0,1,1,1,0,1,23,1844,0,5,1,0,90,9,0,0,0,0,0,0,3,0,0,0,0,0,0,31,10,15,63,73,481,29,12,108,48,39,77,26,11,45,99,54,44,46,25,10,9,6,6,4,25,12,19,10,5996,103,1
nwsapi_2_2_23,364fff9ee276e7247990c1ba73740386ef5c1514,0,69734.375,198479872.0,2,7,5,4,7,0,1,3,3,0,0,0,0,1,6,279,0,0,0,1,1,1,0,1,23,1844,0,5,1,0,90,9,0,0,0,0,0,0,3,0,0,0,0,0,0,31,10,15,63,73,481,29,12,108,48,39,77,26,11,45,99,54,44,46,25,10,9,6,6,4,25,12,19,10,5996,103,1
nwsapi_2_2_24,364fff9ee276e7247990c1ba73740386ef5c1514,0,68590.08333333333,197689344.0,2,7,5,4,7,0,1,3,3,0,0,0,0,1,6,279,0,0,0,1,1,1,0,1,23,1844,0,5,1,0,90,9,0,0,0,0,0,0,3,0,0,0,0,0,0,31,10,15,63,73,481,29,12,108,48,39,77,26,11,45,99,54,44,46,25,10,9,6,6,4,25,12,19,10,5996,103,1
nwsapi_2_2_25,364fff9ee276e7247990c1ba73740386ef5c1514,0,69062.625,197398528.0,2,7,5,4,7,0,1,3,3,0,0,0,0,1,6,279,0,0,0,1,1,1,0,1,23,1844,0,5,1,0,90,9,0,0,0,0,0,0,3,0,0,0,0,0,0,31,10,15,63,73,481,29,12,108,48,39,77,26,11,45,99,54,44,46,25,10,9,6,6,4,25,12,19,10,5996,103,1
nwsapi_2_2_26,364fff9ee276e7247990c1ba73740386ef5c1514,0,68900.1,198285721.6,2,7,5,4,7,0,1,3,3,0,0,0,0,1,6,279,0,0,0,1,1,1,0,1,23,1844,0,5,1,0,90,9,0,0,0,0,0,0,3,0,0,0,0,0,0,31,10,15,63,73,481,29,12,108,48,39,77,26,11,45,99,54,44,46,25,10,9,6,6,4,25,12,19,10,5996,103,1
nwsapi_2_2_27,364fff9ee276e7247990c1ba73740386ef5c1514,0,69412.4,197856460.8,2,7,5,4,7,0,1,3,3,0,0,0,0,1,6,279,0,0,0,1,1,1,0,1,23,1844,0,5,1,0,90,9,0,0,0,0,0,0,3,0,0,0,0,0,0,31,10,15,63,73,481,29,12,108,48,39,77,26,11,45,99,54,44,46,25,10,9,6,6,4,25,12,19,10,5996,103,1
nwsapi_2_2_21,f9d409aaacc849f088bdba421e5bf5820e8fc5ab,0,13593.625,197804032.0,1,6,5,3,8,2,1,2,3,1,1,1,0,1,6,303,1,0,0,0,1,1,0,1,19,1915,0,5,0,0,95,9,0,0,0,0,0,0,0,0,0,0,0,0,0,44,14,12,32,72,486,18,10,99,49,50,96,26,12,58,97,48,49,53,20,5,4,11,13,11,34,8,32,6,6149,125,1
nwsapi_2_2_22,f9d409aaacc849f088bdba421e5bf5820e8fc5ab,0,12778.5625,197138432.0,1,6,5,3,8,2,1,2,3,1,1,1,0,1,6,303,1,0,0,0,1,1,0,1,19,1915,0,5,0,0,95,9,0,0,0,0,0,0,0,0,0,0,0,0,0,44,14,12,32,72,486,18,10,99,49,50,96,26,12,58,97,48,49,53,20,5,4,11,13,11,34,8,32,6,6149,125,1
nwsapi_2_2_23,f9d409aaacc849f088bdba421e5bf5820e8fc5ab,0,13010.4375,197617664.0,1,6,5,3,8,2,1,2,3,1,1,1,0,1,6,303,1,0,0,0,1,1,0,1,19,1915,0,5,0,0,95,9,0,0,0,0,0,0,0,0,0,0,0,0,0,44,14,12,32,72,486,18,10,99,49,50,96,26,12,58,97,48,49,53,20,5,4,11,13,11,34,8,32,6,6149,125,1
nwsapi_2_2_24,f9d409aaacc849f088bdba421e5bf5820e8fc5ab,0,12606.875,198275072.0,1,6,5,3,8,2,1,2,3,1,1,1,0,1,6,303,1,0,0,0,1,1,0,1,19,1915,0,5,0,0,95,9,0,0,0,0,0,0,0,0,0,0,0,0,0,44,14,12,32,72,486,18,10,99,49,50,96,26,12,58,97,48,49,53,20,5,4,11,13,11,34,8,32,6,6149,125,1
nwsapi_2_2_25,f9d409aaacc849f088bdba421e5bf5820e8fc5ab,0,13075.75,196739072.0,1,6,5,3,8,2,1,2,3,1,1,1,0,1,6,303,1,0,0,0,1,1,0,1,19,1915,0,5,0,0,95,9,0,0,0,0,0,0,0,0,0,0,0,0,0,44,14,12,32,72,486,18,10,99,49,50,96,26,12,58,97,48,49,53,20,5,4,11,13,11,34,8,32,6,6149,125,1
nwsapi_2_2_26,f9d409aaacc849f088bdba421e5bf5820e8fc5ab,0,13319.416666666666,196957525.33333334,1,6,5,3,8,2,1,2,3,1,1,1,0,1,6,303,1,0,0,0,1,1,0,1,19,1915,0,5,0,0,95,9,0,0,0,0,0,0,0,0,0,0,0,0,0,44,14,12,32,72,486,18,10,99,49,50,96,26,12,58,97,48,49,53,20,5,4,11,13,11,34,8,32,6,6149,125,1
nwsapi_2_2_27,f9d409aaacc849f088bdba421e5bf5820e8fc5ab,0,13232.75,196952064.0,1,6,5,3,8,2,1,2,3,1,1,1,0,1,6,303,1,0,0,0,1,1,0,1,19,1915,0,5,0,0,95,9,0,0,0,0,0,0,0,0,0,0,0,0,0,44,14,12,32,72,486,18,10,99,49,50,96,26,12,58,97,48,49,53,20,5,4,11,13,11,34,8,32,6,6149,125,1
nwsapi_2_2_21,94db4cd54512c63d56a90507f71bc4eb40ee9827,0,nan,nan,8,23,18,7,28,7,7,10,4,4,3,4,3,4,26,273,10,2,0,3,4,4,0,0,85,1776,7,15,3,0,89,42,0,0,0,0,0,0,24,0,0,0,0,0,0,27,8,11,54,69,430,18,9,92,45,41,80,31,15,34,88,44,45,39,21,8,5,8,7,7,18,7,19,6,5364,495,2
nwsapi_2_2_22,94db4cd54512c63d56a90507f71bc4eb40ee9827,0,nan,nan,8,23,18,7,28,7,7,10,4,4,3,4,3,4,26,273,10,2,0,3,4,4,0,0,85,1776,7,15,3,0,89,42,0,0,0,0,0,0,24,0,0,0,0,0,0,27,8,11,54,69,430,18,9,92,45,41,80,31,15,34,88,44,45,39,21,8,5,8,7,7,18,7,19,6,5364,495,2
nwsapi_2_2_23,94db4cd54512c63d56a90507f71bc4eb40ee9827,0,nan,nan,8,23,18,7,28,7,7,10,4,4,3,4,3,4,26,273,10,2,0,3,4,4,0,0,85,1776,7,15,3,0,89,42,0,0,0,0,0,0,24,0,0,0,0,0,0,27,8,11,54,69,430,18,9,92,45,41,80,31,15,34,88,44,45,39,21,8,5,8,7,7,18,7,19,6,5364,495,2
nwsapi_2_2_24,94db4cd54512c63d56a90507f71bc4eb40ee9827,0,nan,nan,8,23,18,7,28,7,7,10,4,4,3,4,3,4,26,273,10,2,0,3,4,4,0,0,85,1776,7,15,3,0,89,42,0,0,0,0,0,0,24,0,0,0,0,0,0,27,8,11,54,69,430,18,9,92,45,41,80,31,15,34,88,44,45,39,21,8,5,8,7,7,18,7,19,6,5364,495,2
nwsapi_2_2_25,94db4cd54512c63d56a90507f71bc4eb40ee9827,0,nan,nan,8,23,18,7,28,7,7,10,4,4,3,4,3,4,26,273,10,2,0,3,4,4,0,0,85,1776,7,15,3,0,89,42,0,0,0,0,0,0,24,0,0,0,0,0,0,27,8,11,54,69,430,18,9,92,45,41,80,31,15,34,88,44,45,39,21,8,5,8,7,7,18,7,19,6,5364,495,2
nwsapi_2_2_26,94db4cd54512c63d56a90507f71bc4eb40ee9827,0,nan,nan,8,23,18,7,28,7,7,10,4,4,3,4,3,4,26,273,10,2,0,3,4,4,0,0,85,1776,7,15,3,0,89,42,0,0,0,0,0,0,24,0,0,0,0,0,0,27,8,11,54,69,430,18,9,92,45,41,80,31,15,34,88,44,45,39,21,8,5,8,7,7,18,7,19,6,5364,495,2
nwsapi_2_2_27,94db4cd54512c63d56a90507f71bc4eb40ee9827,0,nan,nan,8,23,18,7,28,7,7,10,4,4,3,4,3,4,26,273,10,2,0,3,4,4,0,0,85,1776,7,15,3,0,89,42,0,0,0,0,0,0,24,0,0,0,0,0,0,27,8,11,54,69,430,18,9,92,45,41,80,31,15,34,88,44,45,39,21,8,5,8,7,7,18,7,19,6,5364,495,2
nwsapi_2_2_21,0ae12f87be65e74137c412955592dd0af22db278,0,81664.1875,198518784.0,2,7,5,4,7,0,1,3,3,0,0,0,0,1,6,280,0,0,0,1,1,1,0,1,23,1847,0,5,1,0,92,9,0,0,0,0,0,0,3,0,0,0,0,0,0,31,10,15,63,73,481,29,12,108,48,39,77,26,11,45,100,55,44,46,25,10,9,6,6,4,25,12,19,10,5994,113,1
nwsapi_2_2_22,0ae12f87be65e74137c412955592dd0af22db278,0,69890.6875,198586368.0,2,7,5,4,7,0,1,3,3,0,0,0,0,1,6,280,0,0,0,1,1,1,0,1,23,1847,0,5,1,0,92,9,0,0,0,0,0,0,3,0,0,0,0,0,0,31,10,15,63,73,481,29,12,108,48,39,77,26,11,45,100,55,44,46,25,10,9,6,6,4,25,12,19,10,5994,113,1
nwsapi_2_2_23,0ae12f87be65e74137c412955592dd0af22db278,0,72392.92857142857,199393280.0,2,7,5,4,7,0,1,3,3,0,0,0,0,1,6,280,0,0,0,1,1,1,0,1,23,1847,0,5,1,0,92,9,0,0,0,0,0,0,3,0,0,0,0,0,0,31,10,15,63,73,481,29,12,108,48,39,77,26,11,45,100,55,44,46,25,10,9,6,6,4,25,12,19,10,5994,113,1
nwsapi_2_2_24,0ae12f87be65e74137c412955592dd0af22db278,0,69383.4,198184140.8,2,7,5,4,7,0,1,3,3,0,0,0,0,1,6,280,0,0,0,1,1,1,0,1,23,1847,0,5,1,0,92,9,0,0,0,0,0,0,3,0,0,0,0,0,0,31,10,15,63,73,481,29,12,108,48,39,77,26,11,45,100,55,44,46,25,10,9,6,6,4,25,12,19,10,5994,113,1
nwsapi_2_2_25,0ae12f87be65e74137c412955592dd0af22db278,0,66949.8,198200524.8,2,7,5,4,7,0,1,3,3,0,0,0,0,1,6,280,0,0,0,1,1,1,0,1,23,1847,0,5,1,0,92,9,0,0,0,0,0,0,3,0,0,0,0,0,0,31,10,15,63,73,481,29,12,108,48,39,77,26,11,45,100,55,44,46,25,10,9,6,6,4,25,12,19,10,5994,113,1
nwsapi_2_2_26,0ae12f87be65e74137c412955592dd0af22db278,0,70864.625,197939200.0,2,7,5,4,7,0,1,3,3,0,0,0,0,1,6,280,0,0,0,1,1,1,0,1,23,1847,0,5,1,0,92,9,0,0,0,0,0,0,3,0,0,0,0,0,0,31,10,15,63,73,481,29,12,108,48,39,77,26,11,45,100,55,44,46,25,10,9,6,6,4,25,12,19,10,5994,113,1
nwsapi_2_2_27,0ae12f87be65e74137c412955592dd0af22db278,0,70218.75,197980160.0,2,7,5,4,7,0,1,3,3,0,0,0,0,1,6,280,0,0,0,1,1,1,0,1,23,1847,0,5,1,0,92,9,0,0,0,0,0,0,3,0,0,0,0,0,0,31,10,15,63,73,481,29,12,108,48,39,77,26,11,45,100,55,44,46,25,10,9,6,6,4,25,12,19,10,5994,113,1
nwsapi_2_2_21,c4f9941b16033332a07eb236a35959182cf4f726,0,nan,nan,8,23,18,6,28,7,7,10,4,4,3,4,3,4,26,273,10,2,0,3,4,4,0,0,78,1771,7,15,3,0,89,40,0,0,0,0,0,0,24,0,0,0,0,0,0,27,8,11,54,69,430,18,9,92,45,41,80,31,15,34,88,44,45,39,21,8,5,8,7,7,18,7,19,6,5364,483,2
nwsapi_2_2_22,c4f9941b16033332a07eb236a35959182cf4f726,0,nan,nan,8,23,18,6,28,7,7,10,4,4,3,4,3,4,26,273,10,2,0,3,4,4,0,0,78,1771,7,15,3,0,89,40,0,0,0,0,0,0,24,0,0,0,0,0,0,27,8,11,54,69,430,18,9,92,45,41,80,31,15,34,88,44,45,39,21,8,5,8,7,7,18,7,19,6,5364,483,2
nwsapi_2_2_23,c4f9941b16033332a07eb236a35959182cf4f726,0,nan,nan,8,23,18,6,28,7,7,10,4,4,3,4,3,4,26,273,10,2,0,3,4,4,0,0,78,1771,7,15,3,0,89,40,0,0,0,0,0,0,24,0,0,0,0,0,0,27,8,11,54,69,430,18,9,92,45,41,80,31,15,34,88,44,45,39,21,8,5,8,7,7,18,7,19,6,5364,483,2
nwsapi_2_2_24,c4f9941b16033332a07eb236a35959182cf4f726,0,nan,nan,8,23,18,6,28,7,7,10,4,4,3,4,3,4,26,273,10,2,0,3,4,4,0,0,78,1771,7,15,3,0,89,40,0,0,0,0,0,0,24,0,0,0,0,0,0,27,8,11,54,69,430,18,9,92,45,41,80,31,15,34,88,44,45,39,21,8,5,8,7,7,18,7,19,6,5364,483,2
nwsapi_2_2_25,c4f9941b16033332a07eb236a35959182cf4f726,0,nan,nan,8,23,18,6,28,7,7,10,4,4,3,4,3,4,26,273,10,2,0,3,4,4,0,0,78,1771,7,15,3,0,89,40,0,0,0,0,0,0,24,0,0,0,0,0,0,27,8,11,54,69,430,18,9,92,45,41,80,31,15,34,88,44,45,39,21,8,5,8,7,7,18,7,19,6,5364,483,2
nwsapi_2_2_26,c4f9941b16033332a07eb236a35959182cf4f726,0,nan,nan,8,23,18,6,28,7,7,10,4,4,3,4,3,4,26,273,10,2,0,3,4,4,0,0,78,1771,7,15,3,0,89,40,0,0,0,0,0,0,24,0,0,0,0,0,0,27,8,11,54,69,430,18,9,92,45,41,80,31,15,34,88,44,45,39,21,8,5,8,7,7,18,7,19,6,5364,483,2
nwsapi_2_2_27,c4f9941b16033332a07eb236a35959182cf4f726,0,nan,nan,8,23,18,6,28,7,7,10,4,4,3,4,3,4,26,273,10,2,0,3,4,4,0,0,78,1771,7,15,3,0,89,40,0,0,0,0,0,0,24,0,0,0,0,0,0,27,8,11,54,69,430,18,9,92,45,41,80,31,15,34,88,44,45,39,21,8,5,8,7,7,18,7,19,6,5364,483,2
nwsapi_2_2_21,735d2338b2cff5e5b0f6d8db5a46fe5ac3dc783c,0,29067.6875,198027264.0,1,1,0,0,1,1,0,0,0,0,0,0,0,0,0,52,0,0,0,0,0,0,0,0,0,12799,0,0,0,0,37,0,0,0,0,0,0,0,0,0,0,0,0,0,0,21,8,3,7,10,1836,9,7,37,16,10,13,5,3,11,11,3,9,18,4,1,2,1,8,1,10,3,19,6,15816,11,0
nwsapi_2_2_22,735d2338b2cff5e5b0f6d8db5a46fe5ac3dc783c,0,28927.125,197341184.0,1,1,0,0,1,1,0,0,0,0,0,0,0,0,0,52,0,0,0,0,0,0,0,0,0,12799,0,0,0,0,37,0,0,0,0,0,0,0,0,0,0,0,0,0,0,21,8,3,7,10,1836,9,7,37,16,10,13,5,3,11,11,3,9,18,4,1,2,1,8,1,10,3,19,6,15816,11,0
nwsapi_2_2_23,735d2338b2cff5e5b0f6d8db5a46fe5ac3dc783c,0,29921.9375,197576704.0,1,1,0,0,1,1,0,0,0,0,0,0,0,0,0,52,0,0,0,0,0,0,0,0,0,12799,0,0,0,0,37,0,0,0,0,0,0,0,0,0,0,0,0,0,0,21,8,3,7,10,1836,9,7,37,16,10,13,5,3,11,11,3,9,18,4,1,2,1,8,1,10,3,19,6,15816,11,0
nwsapi_2_2_24,735d2338b2cff5e5b0f6d8db5a46fe5ac3dc783c,0,28445.125,197437440.0,1,1,0,0,1,1,0,0,0,0,0,0,0,0,0,52,0,0,0,0,0,0,0,0,0,12799,0,0,0,0,37,0,0,0,0,0,0,0,0,0,0,0,0,0,0,21,8,3,7,10,1836,9,7,37,16,10,13,5,3,11,11,3,9,18,4,1,2,1,8,1,10,3,19,6,15816,11,0
nwsapi_2_2_25,735d2338b2cff5e5b0f6d8db5a46fe5ac3dc783c,0,28666.6875,198643712.0,1,1,0,0,1,1,0,0,0,0,0,0,0,0,0,52,0,0,0,0,0,0,0,0,0,12799,0,0,0,0,37,0,0,0,0,0,0,0,0,0,0,0,0,0,0,21,8,3,7,10,1836,9,7,37,16,10,13,5,3,11,11,3,9,18,4,1,2,1,8,1,10,3,19,6,15816,11,0
nwsapi_2_2_26,735d2338b2cff5e5b0f6d8db5a46fe5ac3dc783c,0,31799.375,198711296.0,1,1,0,0,1,1,0,0,0,0,0,0,0,0,0,52,0,0,0,0,0,0,0,0,0,12799,0,0,0,0,37,0,0,0,0,0,0,0,0,0,0,0,0,0,0,21,8,3,7,10,1836,9,7,37,16,10,13,5,3,11,11,3,9,18,4,1,2,1,8,1,10,3,19,6,15816,11,0
nwsapi_2_2_27,735d2338b2cff5e5b0f6d8db5a46fe5ac3dc783c,0,28645.875,197525504.0,1,1,0,0,1,1,0,0,0,0,0,0,0,0,0,52,0,0,0,0,0,0,0,0,0,12799,0,0,0,0,37,0,0,0,0,0,0,0,0,0,0,0,0,0,0,21,8,3,7,10,1836,9,7,37,16,10,13,5,3,11,11,3,9,18,4,1,2,1,8,1,10,3,19,6,15816,11,0
