function_name,input_id,metric,n,mean,std,ci_lo,ci_hi
jsonpath_ng_1_5_2,ca0a06c1568077fc00b7a010c82a23e0c5288a24,runtime_ns,6,517.1666666666666,20.27477907812232,495.8895909110676,538.4437424222656
jsonpath_ng_1_5_3,ca0a06c1568077fc00b7a010c82a23e0c5288a24,runtime_ns,3,541.3333333333334,0.5773502691896257,539.8991157567502,542.7675509099165
jsonpath_ng_1_6_0,ca0a06c1568077fc00b7a010c82a23e0c5288a24,runtime_ns,5,524.8,17.39468309570485,503.20164823989967,546.3983517601002
jsonpath_ng_1_6_1,ca0a06c1568077fc00b7a010c82a23e0c5288a24,runtime_ns,3,541.6666666666666,0.5773502691896257,540.2324490900835,543.1008842432498
jsonpath_ng_1_7_0,ca0a06c1568077fc00b7a010c82a23e0c5288a24,runtime_ns,5,533.6,18.782971010998235,510.27786111633856,556.9221388836615
jsonpath_ng_1_8_0,ca0a06c1568077fc00b7a010c82a23e0c5288a24,runtime_ns,5,520.6,20.625833316498998,494.98964533795146,546.2103546620485
jsonpath_ng_1_5_2,c716159d5c406345928ea7eeeebbb6254ea25649,runtime_ns,6,527.5,21.304929007157007,505.1418481944357,549.8581518055644
jsonpath_ng_1_5_3,c716159d5c406345928ea7eeeebbb6254ea25649,runtime_ns,5,533.3,18.619881847100963,510.1803630596469,556.419636940353
jsonpath_ng_1_6_0,c716159d5c406345928ea7eeeebbb6254ea25649,runtime_ns,3,542.0,0.0,542.0,542.0
jsonpath_ng_1_6_1,c716159d5c406345928ea7eeeebbb6254ea25649,runtime_ns,4,536.125,10.427327877585258,519.5327944609985,552.7172055390015
jsonpath_ng_1_7_0,c716159d5c406345928ea7eeeebbb6254ea25649,runtime_ns,3,500.0,0.0,500.0,500.0
jsonpath_ng_1_8_0,c716159d5c406345928ea7eeeebbb6254ea25649,runtime_ns,3,541.3333333333334,0.5773502691896257,539.8991157567502,542.7675509099165
jsonpath_ng_1_5_2,fa8b4d5ca3e020d3f7927ffcffbb156413948afe,runtime_ns,5,516.6,17.512138647235524,494.8558079101749,538.3441920898251
jsonpath_ng_1_5_3,fa8b4d5ca3e020d3f7927ffcffbb156413948afe,runtime_ns,6,520.8333333333334,22.824694229423244,496.8802857392484,544.7863809274183
jsonpath_ng_1_6_0,fa8b4d5ca3e020d3f7927ffcffbb156413948afe,runtime_ns,3,541.8333333333334,0.28867513459481287,541.1162245450417,542.550442121625
jsonpath_ng_1_6_1,fa8b4d5ca3e020d3f7927ffcffbb156413948afe,runtime_ns,3,541.1666666666666,0.28867513459481287,540.449557878375,541.8837754549583
jsonpath_ng_1_7_0,fa8b4d5ca3e020d3f7927ffcffbb156413948afe,runtime_ns,5,528.9,18.50810633209135,505.919150692515,551.8808493074849
jsonpath_ng_1_8_0,fa8b4d5ca3e020d3f7927ffcffbb156413948afe,runtime_ns,4,536.625,10.75,519.5193511091001,553.7306488908999
jsonpath_ng_1_5_2,c2d42b15e390382704e71a7a19ebfce8ca9c2da7,runtime_ns,0,nan,0,nan,nan
jsonpath_ng_1_5_3,c2d42b15e390382704e71a7a19ebfce8ca9c2da7,runtime_ns,0,nan,0,nan,nan
jsonpath_ng_1_6_0,c2d42b15e390382704e71a7a19ebfce8ca9c2da7,runtime_ns,0,nan,0,nan,nan
jsonpath_ng_1_6_1,c2d42b15e390382704e71a7a19ebfce8ca9c2da7,runtime_ns,0,nan,0,nan,nan
jsonpath_ng_1_7_0,c2d42b15e390382704e71a7a19ebfce8ca9c2da7,runtime_ns,0,nan,0,nan,nan
jsonpath_ng_1_8_0,c2d42b15e390382704e71a7a19ebfce8ca9c2da7,runtime_ns,0,nan,0,nan,nan
jsonpath_ng_1_5_2,f97af1b6fd167ae24885dbd77f7e7a158394aa0f,runtime_ns,3,1264.0,24.24871130596428,1203.7628617835076,1324.2371382164924
jsonpath_ng_1_5_3,f97af1b6fd167ae24885dbd77f7e7a158394aa0f,runtime_ns,4,1343.75,39.777506206397604,1280.455111170025,1407.044888829975
jsonpath_ng_1_6_0,f97af1b6fd167ae24885dbd77f7e7a158394aa0f,runtime_ns,3,1395.5,20.5,1344.5751769091182,1446.4248230908818
jsonpath_ng_1_6_1,f97af1b6fd167ae24885dbd77f7e7a158394aa0f,runtime_ns,3,1333.3333333333333,0.5773502691896257,1331.89911575675,1334.7675509099165
jsonpath_ng_1_7_0,f97af1b6fd167ae24885dbd77f7e7a158394aa0f,runtime_ns,3,1305.6666666666667,23.671361036774655,1246.8637460267573,1364.4695873065762
jsonpath_ng_1_8_0,f97af1b6fd167ae24885dbd77f7e7a158394aa0f,runtime_ns,3,1347.1666666666667,24.105670149019574,1287.284862382473,1407.0484709508605
jsonpath_ng_1_5_2,f313cf264b12687225aa8415b175de227a4c10f5,runtime_ns,3,130868.16666666667,767.9186697387513,128960.5509396115,132775.78239372186
jsonpath_ng_1_5_3,f313cf264b12687225aa8415b175de227a4c10f5,runtime_ns,3,139625.0,379.02473534058436,138683.45036125428,140566.54963874572
jsonpath_ng_1_6_0,f313cf264b12687225aa8415b175de227a4c10f5,runtime_ns,3,139812.5,555.5121510822242,138432.5313161611,141192.4686838389
jsonpath_ng_1_6_1,f313cf264b12687225aa8415b175de227a4c10f5,runtime_ns,3,141125.0,919.5976022152298,138840.59291670198,143409.40708329802
jsonpath_ng_1_7_0,f313cf264b12687225aa8415b175de227a4c10f5,runtime_ns,3,140250.16666666666,1877.4289822343037,135586.37453076537,144913.95880256794
jsonpath_ng_1_8_0,f313cf264b12687225aa8415b175de227a4c10f5,runtime_ns,3,149159.66666666666,1555.3183221878837,145296.04176874348,153023.29156458983
jsonpath_ng_1_5_2,e24dc67a147c4b106454a5eb746671e8258628c9,runtime_ns,0,nan,0,nan,nan
jsonpath_ng_1_5_3,e24dc67a147c4b106454a5eb746671e8258628c9,runtime_ns,0,nan,0,nan,nan
jsonpath_ng_1_6_0,e24dc67a147c4b106454a5eb746671e8258628c9,runtime_ns,0,nan,0,nan,nan
jsonpath_ng_1_6_1,e24dc67a147c4b106454a5eb746671e8258628c9,runtime_ns,0,nan,0,nan,nan
jsonpath_ng_1_7_0,e24dc67a147c4b106454a5eb746671e8258628c9,runtime_ns,0,nan,0,nan,nan
jsonpath_ng_1_8_0,e24dc67a147c4b106454a5eb746671e8258628c9,runtime_ns,0,nan,0,nan,nan
jsonpath_ng_1_5_2,93677ea99d1c2de7617058a9cb56e4c350df9e38,runtime_ns,0,nan,0,nan,nan
jsonpath_ng_1_5_3,93677ea99d1c2de7617058a9cb56e4c350df9e38,runtime_ns,0,nan,0,nan,nan
jsonpath_ng_1_6_0,93677ea99d1c2de7617058a9cb56e4c350df9e38,runtime_ns,0,nan,0,nan,nan
jsonpath_ng_1_6_1,93677ea99d1c2de7617058a9cb56e4c350df9e38,runtime_ns,0,nan,0,nan,nan
jsonpath_ng_1_7_0,93677ea99d1c2de7617058a9cb56e4c350df9e38,runtime_ns,0,nan,0,nan,nan
jsonpath_ng_1_8_0,93677ea99d1c2de7617058a9cb56e4c350df9e38,runtime_ns,0,nan,0,nan,nan
jsonpath_ng_1_5_2,d77e340d824022b61ee435fd9408dadacc351caa,runtime_ns,0,nan,0,nan,nan
jsonpath_ng_1_5_3,d77e340d824022b61ee435fd9408dadacc351caa,runtime_ns,0,nan,0,nan,nan
jsonpath_ng_1_6_0,d77e340d824022b61ee435fd9408dadacc351caa,runtime_ns,0,nan,0,nan,nan
jsonpath_ng_1_6_1,d77e340d824022b61ee435fd9408dadacc351caa,runtime_ns,0,nan,0,nan,nan
jsonpath_ng_1_7_0,d77e340d824022b61ee435fd9408dadacc351caa,runtime_ns,0,nan,0,nan,nan
jsonpath_ng_1_8_0,d77e340d824022b61ee435fd9408dadacc351caa,runtime_ns,0,nan,0,nan,nan
jsonpath_ng_1_5_2,67cafcdaa382d971015ffda1ca6eb71fa67cc57e,runtime_ns,0,nan,0,nan,nan
jsonpath_ng_1_5_3,67cafcdaa382d971015ffda1ca6eb71fa67cc57e,runtime_ns,0,nan,0,nan,nan
jsonpath_ng_1_6_0,67cafcdaa382d971015ffda1ca6eb71fa67cc57e,runtime_ns,0,nan,0,nan,nan
jsonpath_ng_1_6_1,67cafcdaa382d971015ffda1ca6eb71fa67cc57e,runtime_ns,0,nan,0,nan,nan
jsonpath_ng_1_7_0,67cafcdaa382d971015ffda1ca6eb71fa67cc57e,runtime_ns,0,nan,0,nan,nan
jsonpath_ng_1_8_0,67cafcdaa382d971015ffda1ca6eb71fa67cc57e,runtime_ns,0,nan,0,nan,nan
jsonpath_ng_1_5_2,f42fa1a64c62906f97cee81eeaa33aa1431453c1,runtime_ns,0,nan,0,nan,nan
jsonpath_ng_1_5_3,f42fa1a64c62906f97cee81eeaa33aa1431453c1,runtime_ns,0,nan,0,nan,nan
jsonpath_ng_1_6_0,f42fa1a64c62906f97cee81eeaa33aa1431453c1,runtime_ns,0,nan,0,nan,nan
jsonpath_ng_1_6_1,f42fa1a64c62906f97cee81eeaa33aa1431453c1,runtime_ns,0,nan,0,nan,nan
jsonpath_ng_1_7_0,f42fa1a64c62906f97cee81eeaa33aa1431453c1,runtime_ns,0,nan,0,nan,nan
jsonpath_ng_1_8_0,f42fa1a64c62906f97cee81eeaa33aa1431453c1,runtime_ns,0,nan,0,nan,nan
jsonpath_ng_1_5_2,2e83821c59053b0a612fcce4bf03f154209aa935,runtime_ns,0,nan,0,nan,nan
jsonpath_ng_1_5_3,2e83821c59053b0a612fcce4bf03f154209aa935,runtime_ns,0,nan,0,nan,nan
jsonpath_ng_1_6_0,2e83821c59053b0a612fcce4bf03f154209aa935,runtime_ns,0,nan,0,nan,nan
jsonpath_ng_1_6_1,2e83821c59053b0a612fcce4bf03f154209aa935,runtime_ns,0,nan,0,nan,nan
jsonpath_ng_1_7_0,2e83821c59053b0a612fcce4bf03f154209aa935,runtime_ns,0,nan,0,nan,nan
jsonpath_ng_1_8_0,2e83821c59053b0a612fcce4bf03f154209aa935,runtime_ns,0,nan,0,nan,nan
jsonpath_ng_1_5_2,3295eab21d1c388661f5bd121a1e622c67e40a4d,runtime_ns,0,nan,0,nan,nan
jsonpath_ng_1_5_3,3295eab21d1c388661f5bd121a1e622c67e40a4d,runtime_ns,0,nan,0,nan,nan
jsonpath_ng_1_6_0,3295eab21d1c388661f5bd121a1e622c67e40a4d,runtime_ns,0,nan,0,nan,nan
jsonpath_ng_1_6_1,3295eab21d1c388661f5bd121a1e622c67e40a4d,runtime_ns,0,nan,0,nan,nan
jsonpath_ng_1_7_0,3295eab21d1c388661f5bd121a1e622c67e40a4d,runtime_ns,0,nan,0,nan,nan
jsonpath_ng_1_8_0,3295eab21d1c388661f5bd121a1e622c67e40a4d,runtime_ns,0,nan,0,nan,nan
jsonpath_ng_1_5_2,0c766f6f22d6ceb498cc35d03abbc1136a53f306,runtime_ns,0,nan,0,nan,nan
jsonpath_ng_1_5_3,0c766f6f22d6ceb498cc35d03abbc1136a53f306,runtime_ns,0,nan,0,nan,nan
jsonpath_ng_1_6_0,0c766f6f22d6ceb498cc35d03abbc1136a53f306,runtime_ns,0,nan,0,nan,nan
jsonpath_ng_1_6_1,0c766f6f22d6ceb498cc35d03abbc1136a53f306,runtime_ns,0,nan,0,nan,nan
jsonpath_ng_1_7_0,0c766f6f22d6ceb498cc35d03abbc1136a53f306,runtime_ns,0,nan,0,nan,nan
jsonpath_ng_1_8_0,0c766f6f22d6ceb498cc35d03abbc1136a53f306,runtime_ns,0,nan,0,nan,nan
jsonpath_ng_1_5_2,ac7ba3336652782adb786981504a21b7e45b47cd,runtime_ns,0,nan,0,nan,nan
jsonpath_ng_1_5_3,ac7ba3336652782adb786981504a21b7e45b47cd,runtime_ns,0,nan,0,nan,nan
jsonpath_ng_1_6_0,ac7ba3336652782adb786981504a21b7e45b47cd,runtime_ns,0,nan,0,nan,nan
jsonpath_ng_1_6_1,ac7ba3336652782adb786981504a21b7e45b47cd,runtime_ns,0,nan,0,nan,nan
jsonpath_ng_1_7_0,ac7ba3336652782adb786981504a21b7e45b47cd,runtime_ns,0,nan,0,nan,nan
jsonpath_ng_1_8_0,ac7ba3336652782adb786981504a21b7e45b47cd,runtime_ns,0,nan,0,nan,nan
jsonpath_ng_1_5_2,e9373ca2fdb4a320fb5cfde221783e51f2a03705,runtime_ns,0,nan,0,nan,nan
jsonpath_ng_1_5_3,e9373ca2fdb4a320fb5cfde221783e51f2a03705,runtime_ns,0,nan,0,nan,nan
jsonpath_ng_1_6_0,e9373ca2fdb4a320fb5cfde221783e51f2a03705,runtime_ns,0,nan,0,nan,nan
jsonpath_ng_1_6_1,e9373ca2fdb4a320fb5cfde221783e51f2a03705,runtime_ns,0,nan,0,nan,nan
jsonpath_ng_1_7_0,e9373ca2fdb4a320fb5cfde221783e51f2a03705,runtime_ns,0,nan,0,nan,nan
jsonpath_ng_1_8_0,e9373ca2fdb4a320fb5cfde221783e51f2a03705,runtime_ns,0,nan,0,nan,nan
jsonpath_ng_1_5_2,507f99996544423c1e94c9e303b9def361136a9b,runtime_ns,0,nan,0,nan,nan
jsonpath_ng_1_5_3,507f99996544423c1e94c9e303b9def361136a9b,runtime_ns,0,nan,0,nan,nan
jsonpath_ng_1_6_0,507f99996544423c1e94c9e303b9def361136a9b,runtime_ns,0,nan,0,nan,nan
jsonpath_ng_1_6_1,507f99996544423c1e94c9e303b9def361136a9b,runtime_ns,0,nan,0,nan,nan
jsonpath_ng_1_7_0,507f99996544423c1e94c9e303b9def361136a9b,runtime_ns,0,nan,0,nan,nan
jsonpath_ng_1_8_0,507f99996544423c1e94c9e303b9def361136a9b,runtime_ns,0,nan,0,nan,nan
jsonpath_ng_1_5_2,f7576f73d36aac3017d3fd85af92f7e391dda971,runtime_ns,0,nan,0,nan,nan
jsonpath_ng_1_5_3,f7576f73d36aac3017d3fd85af92f7e391dda971,runtime_ns,0,nan,0,nan,nan
jsonpath_ng_1_6_0,f7576f73d36aac3017d3fd85af92f7e391dda971,runtime_ns,0,nan,0,nan,nan
jsonpath_ng_1_6_1,f7576f73d36aac3017d3fd85af92f7e391dda971,runtime_ns,0,nan,0,nan,nan
jsonpath_ng_1_7_0,f7576f73d36aac3017d3fd85af92f7e391dda971,runtime_ns,0,nan,0,nan,nan
jsonpath_ng_1_8_0,f7576f73d36aac3017d3fd85af92f7e391dda971,runtime_ns,0,nan,0,nan,nan
jsonpath_ng_1_5_2,9c07e1a72b9b6fabe2a18e23fabc351818c593b5,runtime_ns,0,nan,0,nan,nan
jsonpath_ng_1_5_3,9c07e1a72b9b6fabe2a18e23fabc351818c593b5,runtime_ns,0,nan,0,nan,nan
jsonpath_ng_1_6_0,9c07e1a72b9b6fabe2a18e23fabc351818c593b5,runtime_ns,0,nan,0,nan,nan
jsonpath_ng_1_6_1,9c07e1a72b9b6fabe2a18e23fabc351818c593b5,runtime_ns,0,nan,0,nan,nan
jsonpath_ng_1_7_0,9c07e1a72b9b6fabe2a18e23fabc351818c593b5,runtime_ns,0,nan,0,nan,nan
jsonpath_ng_1_8_0,9c07e1a72b9b6fabe2a18e23fabc351818c593b5,runtime_ns,0,nan,0,nan,nan
jsonpath_ng_1_5_2,5d8233c3d0ca828262f2023057e11779884b170e,runtime_ns,0,nan,0,nan,nan
jsonpath_ng_1_5_3,5d8233c3d0ca828262f2023057e11779884b170e,runtime_ns,0,nan,0,nan,nan
jsonpath_ng_1_6_0,5d8233c3d0ca828262f2023057e11779884b170e,runtime_ns,0,nan,0,nan,nan
jsonpath_ng_1_6_1,5d8233c3d0ca828262f2023057e11779884b170e,runtime_ns,0,nan,0,nan,nan
jsonpath_ng_1_7_0,5d8233c3d0ca828262f2023057e11779884b170e,runtime_ns,0,nan,0,nan,nan
jsonpath_ng_1_8_0,5d8233c3d0ca828262f2023057e11779884b170e,runtime_ns,0,nan,0,nan,nan
jsonpath_ng_1_5_2,6d41aa82f755b38bfd0b79e2588c23bf0dd22849,runtime_ns,0,nan,0,nan,nan
jsonpath_ng_1_5_3,6d41aa82f755b38bfd0b79e2588c23bf0dd22849,runtime_ns,0,nan,0,nan,nan
jsonpath_ng_1_6_0,6d41aa82f755b38bfd0b79e2588c23bf0dd22849,runtime_ns,0,nan,0,nan,nan
jsonpath_ng_1_6_1,6d41aa82f755b38bfd0b79e2588c23bf0dd22849,runtime_ns,0,nan,0,nan,nan
jsonpath_ng_1_7_0,6d41aa82f755b38bfd0b79e2588c23bf0dd22849,runtime_ns,0,nan,0,nan,nan
jsonpath_ng_1_8_0,6d41aa82f755b38bfd0b79e2588c23bf0dd22849,runtime_ns,0,nan,0,nan,nan
jsonpath_ng_1_5_2,7b402c371b953ab01a8f85b692c4f4c44d8070a3,runtime_ns,0,nan,0,nan,nan
jsonpath_ng_1_5_3,7b402c371b953ab01a8f85b692c4f4c44d8070a3,runtime_ns,0,nan,0,nan,nan
jsonpath_ng_1_6_0,7b402c371b953ab01a8f85b692c4f4c44d8070a3,runtime_ns,0,nan,0,nan,nan
jsonpath_ng_1_6_1,7b402c371b953ab01a8f85b692c4f4c44d8070a3,runtime_ns,0,nan,0,nan,nan
jsonpath_ng_1_7_0,7b402c371b953ab01a8f85b692c4f4c44d8070a3,runtime_ns,0,nan,0,nan,nan
jsonpath_ng_1_8_0,7b402c371b953ab01a8f85b692c4f4c44d8070a3,runtime_ns,0,nan,0,nan,nan
jsonpath_ng_1_5_2,06ba49d88704b49e1728a9cad9797e80c967d118,runtime_ns,0,nan,0,nan,nan
jsonpath_ng_1_5_3,06ba49d88704b49e1728a9cad9797e80c967d118,runtime_ns,0,nan,0,nan,nan
jsonpath_ng_1_6_0,06ba49d88704b49e1728a9cad9797e80c967d118,runtime_ns,0,nan,0,nan,nan
jsonpath_ng_1_6_1,06ba49d88704b49e1728a9cad9797e80c967d118,runtime_ns,0,nan,0,nan,nan
jsonpath_ng_1_7_0,06ba49d88704b49e1728a9cad9797e80c967d118,runtime_ns,0,nan,0,nan,nan
jsonpath_ng_1_8_0,06ba49d88704b49e1728a9cad9797e80c967d118,runtime_ns,0,nan,0,nan,nan
jsonpath_ng_1_5_2,16c75391decadcccd5773efc3a3a87fdbb5459ce,runtime_ns,5,533.2,18.566098136118963,510.14714435726313,556.252855642737
jsonpath_ng_1_5_3,16c75391decadcccd5773efc3a3a87fdbb5459ce,runtime_ns,3,541.3333333333334,0.5773502691896257,539.8991157567502,542.7675509099165
jsonpath_ng_1_6_0,16c75391decadcccd5773efc3a3a87fdbb5459ce,runtime_ns,3,541.6666666666666,0.5773502691896257,540.2324490900835,543.1008842432498
jsonpath_ng_1_6_1,16c75391decadcccd5773efc3a3a87fdbb5459ce,runtime_ns,5,533.6,18.782971010998235,510.27786111633856,556.9221388836615
jsonpath_ng_1_7_0,16c75391decadcccd5773efc3a3a87fdbb5459ce,runtime_ns,5,520.5,20.5,495.0458880368228,545.9541119631772
jsonpath_ng_1_8_0,16c75391decadcccd5773efc3a3a87fdbb5459ce,runtime_ns,4,536.25,10.50793351076541,519.5295329112489,552.9704670887511
jsonpath_ng_1_5_2,d6302567cb4b563626bcd6d4d9c7b98ebd22091c,runtime_ns,0,nan,0,nan,nan
jsonpath_ng_1_5_3,d6302567cb4b563626bcd6d4d9c7b98ebd22091c,runtime_ns,0,nan,0,nan,nan
jsonpath_ng_1_6_0,d6302567cb4b563626bcd6d4d9c7b98ebd22091c,runtime_ns,0,nan,0,nan,nan
jsonpath_ng_1_6_1,d6302567cb4b563626bcd6d4d9c7b98ebd22091c,runtime_ns,0,nan,0,nan,nan
jsonpath_ng_1_7_0,d6302567cb4b563626bcd6d4d9c7b98ebd22091c,runtime_ns,0,nan,0,nan,nan
jsonpath_ng_1_8_0,d6302567cb4b563626bcd6d4d9c7b98ebd22091c,runtime_ns,0,nan,0,nan,nan
jsonpath_ng_1_5_2,450cb313dc183ea0179cf86808134ff05f89019e,runtime_ns,0,nan,0,nan,nan
jsonpath_ng_1_5_3,450cb313dc183ea0179cf86808134ff05f89019e,runtime_ns,0,nan,0,nan,nan
jsonpath_ng_1_6_0,450cb313dc183ea0179cf86808134ff05f89019e,runtime_ns,0,nan,0,nan,nan
jsonpath_ng_1_6_1,450cb313dc183ea0179cf86808134ff05f89019e,runtime_ns,0,nan,0,nan,nan
jsonpath_ng_1_7_0,450cb313dc183ea0179cf86808134ff05f89019e,runtime_ns,0,nan,0,nan,nan
jsonpath_ng_1_8_0,450cb313dc183ea0179cf86808134ff05f89019e,runtime_ns,0,nan,0,nan,nan
jsonpath_ng_1_5_2,ed269efbdb2b8f1190300ece7e6e568b3f0d4616,runtime_ns,0,nan,0,nan,nan
jsonpath_ng_1_5_3,ed269efbdb2b8f1190300ece7e6e568b3f0d4616,runtime_ns,0,nan,0,nan,nan
jsonpath_ng_1_6_0,ed269efbdb2b8f1190300ece7e6e568b3f0d4616,runtime_ns,0,nan,0,nan,nan
jsonpath_ng_1_6_1,ed269efbdb2b8f1190300ece7e6e568b3f0d4616,runtime_ns,0,nan,0,nan,nan
jsonpath_ng_1_7_0,ed269efbdb2b8f1190300ece7e6e568b3f0d4616,runtime_ns,0,nan,0,nan,nan
jsonpath_ng_1_8_0,ed269efbdb2b8f1190300ece7e6e568b3f0d4616,runtime_ns,0,nan,0,nan,nan
jsonpath_ng_1_5_2,db92eb0539174fa935ded93fce2301a46407dcd0,runtime_ns,0,nan,0,nan,nan
jsonpath_ng_1_5_3,db92eb0539174fa935ded93fce2301a46407dcd0,runtime_ns,0,nan,0,nan,nan
jsonpath_ng_1_6_0,db92eb0539174fa935ded93fce2301a46407dcd0,runtime_ns,0,nan,0,nan,nan
jsonpath_ng_1_6_1,db92eb0539174fa935ded93fce2301a46407dcd0,runtime_ns,0,nan,0,nan,nan
jsonpath_ng_1_7_0,db92eb0539174fa935ded93fce2301a46407dcd0,runtime_ns,0,nan,0,nan,nan
jsonpath_ng_1_8_0,db92eb0539174fa935ded93fce2301a46407dcd0,runtime_ns,0,nan,0,nan,nan
jsonpath_ng_1_5_2,a1972c7a86d81a4b860ac99f751d0d0ab17432b7,runtime_ns,0,nan,0,nan,nan
jsonpath_ng_1_5_3,a1972c7a86d81a4b860ac99f751d0d0ab17432b7,runtime_ns,0,nan,0,nan,nan
jsonpath_ng_1_6_0,a1972c7a86d81a4b860ac99f751d0d0ab17432b7,runtime_ns,0,nan,0,nan,nan
jsonpath_ng_1_6_1,a1972c7a86d81a4b860ac99f751d0d0ab17432b7,runtime_ns,0,nan,0,nan,nan
jsonpath_ng_1_7_0,a1972c7a86d81a4b860ac99f751d0d0ab17432b7,runtime_ns,0,nan,0,nan,nan
jsonpath_ng_1_8_0,a1972c7a86d81a4b860ac99f751d0d0ab17432b7,runtime_ns,0,nan,0,nan,nan
jsonpath_ng_1_5_2,f501647cbdb8eeacc1dfad588213d77706726e0a,runtime_ns,0,nan,0,nan,nan
jsonpath_ng_1_5_3,f501647cbdb8eeacc1dfad588213d77706726e0a,runtime_ns,0,nan,0,nan,nan
jsonpath_ng_1_6_0,f501647cbdb8eeacc1dfad588213d77706726e0a,runtime_ns,0,nan,0,nan,nan
jsonpath_ng_1_6_1,f501647cbdb8eeacc1dfad588213d77706726e0a,runtime_ns,0,nan,0,nan,nan
jsonpath_ng_1_7_0,f501647cbdb8eeacc1dfad588213d77706726e0a,runtime_ns,0,nan,0,nan,nan
jsonpath_ng_1_8_0,f501647cbdb8eeacc1dfad588213d77706726e0a,runtime_ns,0,nan,0,nan,nan
jsonpath_ng_1_5_2,f5875ce4bac4713ff92a548a98d47a1314282c10,runtime_ns,0,nan,0,nan,nan
jsonpath_ng_1_5_3,f5875ce4bac4713ff92a548a98d47a1314282c10,runtime_ns,0,nan,0,nan,nan
jsonpath_ng_1_6_0,f5875ce4bac4713ff92a548a98d47a1314282c10,runtime_ns,0,nan,0,nan,nan
jsonpath_ng_1_6_1,f5875ce4bac4713ff92a548a98d47a1314282c10,runtime_ns,0,nan,0,nan,nan
jsonpath_ng_1_7_0,f5875ce4bac4713ff92a548a98d47a1314282c10,runtime_ns,0,nan,0,nan,nan
jsonpath_ng_1_8_0,f5875ce4bac4713ff92a548a98d47a1314282c10,runtime_ns,0,nan,0,nan,nan
jsonpath_ng_1_5_2,ab1ae5c915ee0c2b1c68e68c33fbd7bcbd1cf835,runtime_ns,5,516.5,17.331330012437014,494.98031148256854,538.0196885174314
jsonpath_ng_1_5_3,ab1ae5c915ee0c2b1c68e68c33fbd7bcbd1cf835,runtime_ns,5,528.9,18.50810633209135,505.919150692515,551.8808493074849
jsonpath_ng_1_6_0,ab1ae5c915ee0c2b1c68e68c33fbd7bcbd1cf835,runtime_ns,5,533.4,18.676188047886004,510.21044967725646,556.5895503227434
jsonpath_ng_1_6_1,ab1ae5c915ee0c2b1c68e68c33fbd7bcbd1cf835,runtime_ns,3,541.8333333333334,0.28867513459481287,541.1162245450417,542.550442121625
jsonpath_ng_1_7_0,ab1ae5c915ee0c2b1c68e68c33fbd7bcbd1cf835,runtime_ns,6,513.75,21.301995211716672,491.3949270239309,536.1050729760691
jsonpath_ng_1_8_0,ab1ae5c915ee0c2b1c68e68c33fbd7bcbd1cf835,runtime_ns,3,541.3333333333334,0.28867513459481287,540.6162245450417,542.050442121625
jsonpath_ng_1_5_2,2ba31937a05771c0561e5a468cd0138fd7433320,runtime_ns,0,nan,0,nan,nan
jsonpath_ng_1_5_3,2ba31937a05771c0561e5a468cd0138fd7433320,runtime_ns,0,nan,0,nan,nan
jsonpath_ng_1_6_0,2ba31937a05771c0561e5a468cd0138fd7433320,runtime_ns,0,nan,0,nan,nan
jsonpath_ng_1_6_1,2ba31937a05771c0561e5a468cd0138fd7433320,runtime_ns,0,nan,0,nan,nan
jsonpath_ng_1_7_0,2ba31937a05771c0561e5a468cd0138fd7433320,runtime_ns,0,nan,0,nan,nan
jsonpath_ng_1_8_0,2ba31937a05771c0561e5a468cd0138fd7433320,runtime_ns,0,nan,0,nan,nan
jsonpath_ng_1_5_2,0fcaa596434283623e72ea21a33f5b3c1d9043f1,runtime_ns,0,nan,0,nan,nan
jsonpath_ng_1_5_3,0fcaa596434283623e72ea21a33f5b3c1d9043f1,runtime_ns,0,nan,0,nan,nan
jsonpath_ng_1_6_0,0fcaa596434283623e72ea21a33f5b3c1d9043f1,runtime_ns,0,nan,0,nan,nan
jsonpath_ng_1_6_1,0fcaa596434283623e72ea21a33f5b3c1d9043f1,runtime_ns,0,nan,0,nan,nan
jsonpath_ng_1_7_0,0fcaa596434283623e72ea21a33f5b3c1d9043f1,runtime_ns,0,nan,0,nan,nan
jsonpath_ng_1_8_0,0fcaa596434283623e72ea21a33f5b3c1d9043f1,runtime_ns,0,nan,0,nan,nan
jsonpath_ng_1_5_2,ed45eb6294cdd205e75e4de45b034892b46dbe2a,runtime_ns,0,nan,0,nan,nan
jsonpath_ng_1_5_3,ed45eb6294cdd205e75e4de45b034892b46dbe2a,runtime_ns,0,nan,0,nan,nan
jsonpath_ng_1_6_0,ed45eb6294cdd205e75e4de45b034892b46dbe2a,runtime_ns,0,nan,0,nan,nan
jsonpath_ng_1_6_1,ed45eb6294cdd205e75e4de45b034892b46dbe2a,runtime_ns,0,nan,0,nan,nan
jsonpath_ng_1_7_0,ed45eb6294cdd205e75e4de45b034892b46dbe2a,runtime_ns,0,nan,0,nan,nan
jsonpath_ng_1_8_0,ed45eb6294cdd205e75e4de45b034892b46dbe2a,runtime_ns,0,nan,0,nan,nan
jsonpath_ng_1_5_2,2b03af8909e23d92502b3a1414e3a4280b87c209,runtime_ns,0,nan,0,nan,nan
jsonpath_ng_1_5_3,2b03af8909e23d92502b3a1414e3a4280b87c209,runtime_ns,0,nan,0,nan,nan
jsonpath_ng_1_6_0,2b03af8909e23d92502b3a1414e3a4280b87c209,runtime_ns,0,nan,0,nan,nan
jsonpath_ng_1_6_1,2b03af8909e23d92502b3a1414e3a4280b87c209,runtime_ns,0,nan,0,nan,nan
jsonpath_ng_1_7_0,2b03af8909e23d92502b3a1414e3a4280b87c209,runtime_ns,0,nan,0,nan,nan
jsonpath_ng_1_8_0,2b03af8909e23d92502b3a1414e3a4280b87c209,runtime_ns,0,nan,0,nan,nan
jsonpath_ng_1_5_2,7b5f315a828a980033f720f980d4098be754efac,runtime_ns,0,nan,0,nan,nan
jsonpath_ng_1_5_3,7b5f315a828a980033f720f980d4098be754efac,runtime_ns,0,nan,0,nan,nan
jsonpath_ng_1_6_0,7b5f315a828a980033f720f980d4098be754efac,runtime_ns,0,nan,0,nan,nan
jsonpath_ng_1_6_1,7b5f315a828a980033f720f980d4098be754efac,runtime_ns,0,nan,0,nan,nan
jsonpath_ng_1_7_0,7b5f315a828a980033f720f980d4098be754efac,runtime_ns,0,nan,0,nan,nan
jsonpath_ng_1_8_0,7b5f315a828a980033f720f980d4098be754efac,runtime_ns,0,nan,0,nan,nan
jsonpath_ng_1_5_2,a8037c03bebee96cde8d2ba1d58bf38edec40d4e,runtime_ns,0,nan,0,nan,nan
jsonpath_ng_1_5_3,a8037c03bebee96cde8d2ba1d58bf38edec40d4e,runtime_ns,0,nan,0,nan,nan
jsonpath_ng_1_6_0,a8037c03bebee96cde8d2ba1d58bf38edec40d4e,runtime_ns,0,nan,0,nan,nan
jsonpath_ng_1_6_1,a8037c03bebee96cde8d2ba1d58bf38edec40d4e,runtime_ns,0,nan,0,nan,nan
jsonpath_ng_1_7_0,a8037c03bebee96cde8d2ba1d58bf38edec40d4e,runtime_ns,0,nan,0,nan,nan
jsonpath_ng_1_8_0,a8037c03bebee96cde8d2ba1d58bf38edec40d4e,runtime_ns,0,nan,0,nan,nan
jsonpath_ng_1_5_2,1782b8ba6956b64f8b274e3e6f092672abf8972f,runtime_ns,0,nan,0,nan,nan
jsonpath_ng_1_5_3,1782b8ba6956b64f8b274e3e6f092672abf8972f,runtime_ns,0,nan,0,nan,nan
jsonpath_ng_1_6_0,1782b8ba6956b64f8b274e3e6f092672abf8972f,runtime_ns,0,nan,0,nan,nan
jsonpath_ng_1_6_1,1782b8ba6956b64f8b274e3e6f092672abf8972f,runtime_ns,0,nan,0,nan,nan
jsonpath_ng_1_7_0,1782b8ba6956b64f8b274e3e6f092672abf8972f,runtime_ns,0,nan,0,nan,nan
jsonpath_ng_1_8_0,1782b8ba6956b64f8b274e3e6f092672abf8972f,runtime_ns,0,nan,0,nan,nan
jsonpath_ng_1_5_2,fc9ba934cb484e49b8bf72b784eb5b223a3ff2d8,runtime_ns,0,nan,0,nan,nan
jsonpath_ng_1_5_3,fc9ba934cb484e49b8bf72b784eb5b223a3ff2d8,runtime_ns,0,nan,0,nan,nan
jsonpath_ng_1_6_0,fc9ba934cb484e49b8bf72b784eb5b223a3ff2d8,runtime_ns,0,nan,0,nan,nan
jsonpath_ng_1_6_1,fc9ba934cb484e49b8bf72b784eb5b223a3ff2d8,runtime_ns,0,nan,0,nan,nan
jsonpath_ng_1_7_0,fc9ba934cb484e49b8bf72b784eb5b223a3ff2d8,runtime_ns,0,nan,0,nan,nan
jsonpath_ng_1_8_0,fc9ba934cb484e49b8bf72b784eb5b223a3ff2d8,runtime_ns,0,nan,0,nan,nan
jsonpath_ng_1_5_2,a05e911376cfd777da151a7fdc19a97fa9dd056c,runtime_ns,0,nan,0,nan,nan
jsonpath_ng_1_5_3,a05e911376cfd777da151a7fdc19a97fa9dd056c,runtime_ns,0,nan,0,nan,nan
jsonpath_ng_1_6_0,a05e911376cfd777da151a7fdc19a97fa9dd056c,runtime_ns,0,nan,0,nan,nan
jsonpath_ng_1_6_1,a05e911376cfd777da151a7fdc19a97fa9dd056c,runtime_ns,0,nan,0,nan,nan
jsonpath_ng_1_7_0,a05e911376cfd777da151a7fdc19a97fa9dd056c,runtime_ns,0,nan,0,nan,nan
jsonpath_ng_1_8_0,a05e911376cfd777da151a7fdc19a97fa9dd056c,runtime_ns,0,nan,0,nan,nan
jsonpath_ng_1_5_2,c994322cb1867cddf52a15a7bf4ef70d90d584c6,runtime_ns,0,nan,0,nan,nan
jsonpath_ng_1_5_3,c994322cb1867cddf52a15a7bf4ef70d90d584c6,runtime_ns,0,nan,0,nan,nan
jsonpath_ng_1_6_0,c994322cb1867cddf52a15a7bf4ef70d90d584c6,runtime_ns,0,nan,0,nan,nan
jsonpath_ng_1_6_1,c994322cb1867cddf52a15a7bf4ef70d90d584c6,runtime_ns,0,nan,0,nan,nan
jsonpath_ng_1_7_0,c994322cb1867cddf52a15a7bf4ef70d90d584c6,runtime_ns,0,nan,0,nan,nan
jsonpath_ng_1_8_0,c994322cb1867cddf52a15a7bf4ef70d90d584c6,runtime_ns,0,nan,0,nan,nan
jsonpath_ng_1_5_2,7931eccc88d93d6616808e77d8cbe331cbb21481,runtime_ns,0,nan,0,nan,nan
jsonpath_ng_1_5_3,7931eccc88d93d6616808e77d8cbe331cbb21481,runtime_ns,0,nan,0,nan,nan
jsonpath_ng_1_6_0,7931eccc88d93d6616808e77d8cbe331cbb21481,runtime_ns,0,nan,0,nan,nan
jsonpath_ng_1_6_1,7931eccc88d93d6616808e77d8cbe331cbb21481,runtime_ns,0,nan,0,nan,nan
jsonpath_ng_1_7_0,7931eccc88d93d6616808e77d8cbe331cbb21481,runtime_ns,0,nan,0,nan,nan
jsonpath_ng_1_8_0,7931eccc88d93d6616808e77d8cbe331cbb21481,runtime_ns,0,nan,0,nan,nan
jsonpath_ng_1_5_2,15da01c9065c306a1fe0a28076b222997836591d,runtime_ns,0,nan,0,nan,nan
jsonpath_ng_1_5_3,15da01c9065c306a1fe0a28076b222997836591d,runtime_ns,0,nan,0,nan,nan
jsonpath_ng_1_6_0,15da01c9065c306a1fe0a28076b222997836591d,runtime_ns,0,nan,0,nan,nan
jsonpath_ng_1_6_1,15da01c9065c306a1fe0a28076b222997836591d,runtime_ns,0,nan,0,nan,nan
jsonpath_ng_1_7_0,15da01c9065c306a1fe0a28076b222997836591d,runtime_ns,0,nan,0,nan,nan
jsonpath_ng_1_8_0,15da01c9065c306a1fe0a28076b222997836591d,runtime_ns,0,nan,0,nan,nan
jsonpath_ng_1_5_2,2ad5e6371d5ddd820a0a20c55b47a55a084442ad,runtime_ns,0,nan,0,nan,nan
jsonpath_ng_1_5_3,2ad5e6371d5ddd820a0a20c55b47a55a084442ad,runtime_ns,0,nan,0,nan,nan
jsonpath_ng_1_6_0,2ad5e6371d5ddd820a0a20c55b47a55a084442ad,runtime_ns,0,nan,0,nan,nan
jsonpath_ng_1_6_1,2ad5e6371d5ddd820a0a20c55b47a55a084442ad,runtime_ns,0,nan,0,nan,nan
jsonpath_ng_1_7_0,2ad5e6371d5ddd820a0a20c55b47a55a084442ad,runtime_ns,0,nan,0,nan,nan
jsonpath_ng_1_8_0,2ad5e6371d5ddd820a0a20c55b47a55a084442ad,runtime_ns,0,nan,0,nan,nan
jsonpath_ng_1_5_2,a5dc2d9239fa5beb4f013e66d54318b1b62f0f33,runtime_ns,0,nan,0,nan,nan
jsonpath_ng_1_5_3,a5dc2d9239fa5beb4f013e66d54318b1b62f0f33,runtime_ns,0,nan,0,nan,nan
jsonpath_ng_1_6_0,a5dc2d9239fa5beb4f013e66d54318b1b62f0f33,runtime_ns,0,nan,0,nan,nan
jsonpath_ng_1_6_1,a5dc2d9239fa5beb4f013e66d54318b1b62f0f33,runtime_ns,0,nan,0,nan,nan
jsonpath_ng_1_7_0,a5dc2d9239fa5beb4f013e66d54318b1b62f0f33,runtime_ns,0,nan,0,nan,nan
jsonpath_ng_1_8_0,a5dc2d9239fa5beb4f013e66d54318b1b62f0f33,runtime_ns,0,nan,0,nan,nan
jsonpath_ng_1_5_2,abd15898c27307c7939e7e382bda6a8917becaa4,runtime_ns,0,nan,0,nan,nan
jsonpath_ng_1_5_3,abd15898c27307c7939e7e382bda6a8917becaa4,runtime_ns,0,nan,0,nan,nan
jsonpath_ng_1_6_0,abd15898c27307c7939e7e382bda6a8917becaa4,runtime_ns,0,nan,0,nan,nan
jsonpath_ng_1_6_1,abd15898c27307c7939e7e382bda6a8917becaa4,runtime_ns,0,nan,0,nan,nan
jsonpath_ng_1_7_0,abd15898c27307c7939e7e382bda6a8917becaa4,runtime_ns,0,nan,0,nan,nan
jsonpath_ng_1_8_0,abd15898c27307c7939e7e382bda6a8917becaa4,runtime_ns,0,nan,0,nan,nan
jsonpath_ng_1_5_2,064b006e515869fbf96597a2960851931f96006a,runtime_ns,0,nan,0,nan,nan
jsonpath_ng_1_5_3,064b006e515869fbf96597a2960851931f96006a,runtime_ns,0,nan,0,nan,nan
jsonpath_ng_1_6_0,064b006e515869fbf96597a2960851931f96006a,runtime_ns,0,nan,0,nan,nan
jsonpath_ng_1_6_1,064b006e515869fbf96597a2960851931f96006a,runtime_ns,0,nan,0,nan,nan
jsonpath_ng_1_7_0,064b006e515869fbf96597a2960851931f96006a,runtime_ns,0,nan,0,nan,nan
jsonpath_ng_1_8_0,064b006e515869fbf96597a2960851931f96006a,runtime_ns,0,nan,0,nan,nan
jsonpath_ng_1_5_2,01b00c76c5d6f61f4d91a2bd192001d3d122bd42,runtime_ns,0,nan,0,nan,nan
jsonpath_ng_1_5_3,01b00c76c5d6f61f4d91a2bd192001d3d122bd42,runtime_ns,0,nan,0,nan,nan
jsonpath_ng_1_6_0,01b00c76c5d6f61f4d91a2bd192001d3d122bd42,runtime_ns,0,nan,0,nan,nan
jsonpath_ng_1_6_1,01b00c76c5d6f61f4d91a2bd192001d3d122bd42,runtime_ns,0,nan,0,nan,nan
jsonpath_ng_1_7_0,01b00c76c5d6f61f4d91a2bd192001d3d122bd42,runtime_ns,0,nan,0,nan,nan
jsonpath_ng_1_8_0,01b00c76c5d6f61f4d91a2bd192001d3d122bd42,runtime_ns,0,nan,0,nan,nan
jsonpath_ng_1_5_2,61146b8dd939f3d40f5b11533d8adef8d6681437,runtime_ns,0,nan,0,nan,nan
jsonpath_ng_1_5_3,61146b8dd939f3d40f5b11533d8adef8d6681437,runtime_ns,0,nan,0,nan,nan
jsonpath_ng_1_6_0,61146b8dd939f3d40f5b11533d8adef8d6681437,runtime_ns,0,nan,0,nan,nan
jsonpath_ng_1_6_1,61146b8dd939f3d40f5b11533d8adef8d6681437,runtime_ns,0,nan,0,nan,nan
jsonpath_ng_1_7_0,61146b8dd939f3d40f5b11533d8adef8d6681437,runtime_ns,0,nan,0,nan,nan
jsonpath_ng_1_8_0,61146b8dd939f3d40f5b11533d8adef8d6681437,runtime_ns,0,nan,0,nan,nan
jsonpath_ng_1_5_2,65f5da9f8f2c4eff49fd535fc19d3c3ab8700954,runtime_ns,6,530.9166666666666,25.35432244542667,504.3089370670212,557.5243962663121
jsonpath_ng_1_5_3,65f5da9f8f2c4eff49fd535fc19d3c3ab8700954,runtime_ns,6,527.5,21.304929007157007,505.1418481944357,549.8581518055644
jsonpath_ng_1_6_0,65f5da9f8f2c4eff49fd535fc19d3c3ab8700954,runtime_ns,3,541.8333333333334,0.28867513459481287,541.1162245450417,542.550442121625
jsonpath_ng_1_6_1,65f5da9f8f2c4eff49fd535fc19d3c3ab8700954,runtime_ns,5,533.2,18.566098136118963,510.14714435726313,556.252855642737
jsonpath_ng_1_7_0,65f5da9f8f2c4eff49fd535fc19d3c3ab8700954,runtime_ns,6,534.6666666666666,21.563085740836506,512.0375959840999,557.2957373492334
jsonpath_ng_1_8_0,65f5da9f8f2c4eff49fd535fc19d3c3ab8700954,runtime_ns,4,536.375,10.593826818797194,519.5178574908517,553.2321425091483
jsonpath_ng_1_5_2,15bb69193f6762439e2d4c6608d8f757f9a25283,runtime_ns,0,nan,0,nan,nan
jsonpath_ng_1_5_3,15bb69193f6762439e2d4c6608d8f757f9a25283,runtime_ns,0,nan,0,nan,nan
jsonpath_ng_1_6_0,15bb69193f6762439e2d4c6608d8f757f9a25283,runtime_ns,0,nan,0,nan,nan
jsonpath_ng_1_6_1,15bb69193f6762439e2d4c6608d8f757f9a25283,runtime_ns,0,nan,0,nan,nan
jsonpath_ng_1_7_0,15bb69193f6762439e2d4c6608d8f757f9a25283,runtime_ns,0,nan,0,nan,nan
jsonpath_ng_1_8_0,15bb69193f6762439e2d4c6608d8f757f9a25283,runtime_ns,0,nan,0,nan,nan
jsonpath_ng_1_5_2,b735c3df4a2fe9128c8f0bab774f239726ef6d21,runtime_ns,4,510.25,11.835680518387328,491.41679113186996,529.0832088681301
jsonpath_ng_1_5_3,b735c3df4a2fe9128c8f0bab774f239726ef6d21,runtime_ns,5,533.1,18.50810633209135,510.11915069251506,556.080849307485
jsonpath_ng_1_6_0,b735c3df4a2fe9128c8f0bab774f239726ef6d21,runtime_ns,6,527.5833333333334,21.369175619725404,505.1577588427972,550.0089078238695
jsonpath_ng_1_6_1,b735c3df4a2fe9128c8f0bab774f239726ef6d21,runtime_ns,3,500.0,0.0,500.0,500.0
jsonpath_ng_1_7_0,b735c3df4a2fe9128c8f0bab774f239726ef6d21,runtime_ns,3,541.5,0.5,540.2579311441249,542.7420688558751
jsonpath_ng_1_8_0,b735c3df4a2fe9128c8f0bab774f239726ef6d21,runtime_ns,5,549.8,18.566098136118963,526.747144357263,572.8528556427369
jsonpath_ng_1_5_2,0761aef9554d6538f841675acd5868fbc182ca99,runtime_ns,0,nan,0,nan,nan
jsonpath_ng_1_5_3,0761aef9554d6538f841675acd5868fbc182ca99,runtime_ns,0,nan,0,nan,nan
jsonpath_ng_1_6_0,0761aef9554d6538f841675acd5868fbc182ca99,runtime_ns,0,nan,0,nan,nan
jsonpath_ng_1_6_1,0761aef9554d6538f841675acd5868fbc182ca99,runtime_ns,0,nan,0,nan,nan
jsonpath_ng_1_7_0,0761aef9554d6538f841675acd5868fbc182ca99,runtime_ns,0,nan,0,nan,nan
jsonpath_ng_1_8_0,0761aef9554d6538f841675acd5868fbc182ca99,runtime_ns,0,nan,0,nan,nan
jsonpath_ng_1_5_2,3a97bf6fd597dc14e97b2ddcc88afc7d73fa2a6f,runtime_ns,0,nan,0,nan,nan
jsonpath_ng_1_5_3,3a97bf6fd597dc14e97b2ddcc88afc7d73fa2a6f,runtime_ns,0,nan,0,nan,nan
jsonpath_ng_1_6_0,3a97bf6fd597dc14e97b2ddcc88afc7d73fa2a6f,runtime_ns,0,nan,0,nan,nan
jsonpath_ng_1_6_1,3a97bf6fd597dc14e97b2ddcc88afc7d73fa2a6f,runtime_ns,0,nan,0,nan,nan
jsonpath_ng_1_7_0,3a97bf6fd597dc14e97b2ddcc88afc7d73fa2a6f,runtime_ns,0,nan,0,nan,nan
jsonpath_ng_1_8_0,3a97bf6fd597dc14e97b2ddcc88afc7d73fa2a6f,runtime_ns,0,nan,0,nan,nan
jsonpath_ng_1_5_2,19dd218cd728e9d8d0fc695534b9949ad37a30e0,runtime_ns,0,nan,0,nan,nan
jsonpath_ng_1_5_3,19dd218cd728e9d8d0fc695534b9949ad37a30e0,runtime_ns,0,nan,0,nan,nan
jsonpath_ng_1_6_0,19dd218cd728e9d8d0fc695534b9949ad37a30e0,runtime_ns,0,nan,0,nan,nan
jsonpath_ng_1_6_1,19dd218cd728e9d8d0fc695534b9949ad37a30e0,runtime_ns,0,nan,0,nan,nan
jsonpath_ng_1_7_0,19dd218cd728e9d8d0fc695534b9949ad37a30e0,runtime_ns,0,nan,0,nan,nan
jsonpath_ng_1_8_0,19dd218cd728e9d8d0fc695534b9949ad37a30e0,runtime_ns,0,nan,0,nan,nan
jsonpath_ng_1_5_2,899ea8718fb09ed600474297cac61aebce8571c1,runtime_ns,3,3735.6666666666665,63.72074492136241,3577.375561186687,3893.957772146646
jsonpath_ng_1_5_3,899ea8718fb09ed600474297cac61aebce8571c1,runtime_ns,3,3812.1666666666665,21.001984033260605,3759.9948461080658,3864.3384872252673
jsonpath_ng_1_6_0,899ea8718fb09ed600474297cac61aebce8571c1,runtime_ns,4,3770.625,72.12185868375828,3655.86302865084,3885.38697134916
jsonpath_ng_1_6_1,899ea8718fb09ed600474297cac61aebce8571c1,runtime_ns,3,3833.1666666666665,20.750502001959696,3781.6195621058478,3884.7137712274853
jsonpath_ng_1_7_0,899ea8718fb09ed600474297cac61aebce8571c1,runtime_ns,3,3784.5,31.752952618614856,3705.6212929406774,3863.3787070593226
jsonpath_ng_1_8_0,899ea8718fb09ed600474297cac61aebce8571c1,runtime_ns,3,3930.6666666666665,23.671361036774655,3871.8637460267573,3989.4695873065757
jsonpath_ng_1_5_2,43514377274db2d316db09a666c00bd8deb19ac7,runtime_ns,0,nan,0,nan,nan
jsonpath_ng_1_5_3,43514377274db2d316db09a666c00bd8deb19ac7,runtime_ns,0,nan,0,nan,nan
jsonpath_ng_1_6_0,43514377274db2d316db09a666c00bd8deb19ac7,runtime_ns,0,nan,0,nan,nan
jsonpath_ng_1_6_1,43514377274db2d316db09a666c00bd8deb19ac7,runtime_ns,0,nan,0,nan,nan
jsonpath_ng_1_7_0,43514377274db2d316db09a666c00bd8deb19ac7,runtime_ns,0,nan,0,nan,nan
jsonpath_ng_1_8_0,43514377274db2d316db09a666c00bd8deb19ac7,runtime_ns,0,nan,0,nan,nan
jsonpath_ng_1_5_2,7298efe8cd546b3df7e87bca578e1ecda7fd545b,runtime_ns,0,nan,0,nan,nan
jsonpath_ng_1_5_3,7298efe8cd546b3df7e87bca578e1ecda7fd545b,runtime_ns,0,nan,0,nan,nan
jsonpath_ng_1_6_0,7298efe8cd546b3df7e87bca578e1ecda7fd545b,runtime_ns,0,nan,0,nan,nan
jsonpath_ng_1_6_1,7298efe8cd546b3df7e87bca578e1ecda7fd545b,runtime_ns,0,nan,0,nan,nan
jsonpath_ng_1_7_0,7298efe8cd546b3df7e87bca578e1ecda7fd545b,runtime_ns,0,nan,0,nan,nan
jsonpath_ng_1_8_0,7298efe8cd546b3df7e87bca578e1ecda7fd545b,runtime_ns,0,nan,0,nan,nan
jsonpath_ng_1_5_2,eb6f0248e3a6a3eeccc1f3af235a00c936f8bfe0,runtime_ns,0,nan,0,nan,nan
jsonpath_ng_1_5_3,eb6f0248e3a6a3eeccc1f3af235a00c936f8bfe0,runtime_ns,0,nan,0,nan,nan
jsonpath_ng_1_6_0,eb6f0248e3a6a3eeccc1f3af235a00c936f8bfe0,runtime_ns,0,nan,0,nan,nan
jsonpath_ng_1_6_1,eb6f0248e3a6a3eeccc1f3af235a00c936f8bfe0,runtime_ns,0,nan,0,nan,nan
jsonpath_ng_1_7_0,eb6f0248e3a6a3eeccc1f3af235a00c936f8bfe0,runtime_ns,0,nan,0,nan,nan
jsonpath_ng_1_8_0,eb6f0248e3a6a3eeccc1f3af235a00c936f8bfe0,runtime_ns,0,nan,0,nan,nan
jsonpath_ng_1_5_2,3affb9e35647e17635c9463d935a9a377c64e293,runtime_ns,3,6264.0,43.23482392701513,6156.598743422016,6371.401256577984
jsonpath_ng_1_5_3,3affb9e35647e17635c9463d935a9a377c64e293,runtime_ns,3,6611.5,47.63139720814412,6493.17704993189,6729.82295006811
jsonpath_ng_1_6_0,3affb9e35647e17635c9463d935a9a377c64e293,runtime_ns,3,6722.0,104.70434565957613,6461.899986362905,6982.100013637095
jsonpath_ng_1_6_1,3affb9e35647e17635c9463d935a9a377c64e293,runtime_ns,3,6632.0,12.12435565298214,6601.881430891754,6662.118569108246
jsonpath_ng_1_7_0,3affb9e35647e17635c9463d935a9a377c64e293,runtime_ns,3,6652.5,23.817010727629107,6593.335265470334,6711.664734529666
jsonpath_ng_1_8_0,3affb9e35647e17635c9463d935a9a377c64e293,runtime_ns,3,6875.333333333333,36.08439182435161,6785.694734796886,6964.97193186978
jsonpath_ng_1_5_2,a51db0655f51282f4ba01fc2063a4791c4ccc127,runtime_ns,0,nan,0,nan,nan
jsonpath_ng_1_5_3,a51db0655f51282f4ba01fc2063a4791c4ccc127,runtime_ns,0,nan,0,nan,nan
jsonpath_ng_1_6_0,a51db0655f51282f4ba01fc2063a4791c4ccc127,runtime_ns,0,nan,0,nan,nan
jsonpath_ng_1_6_1,a51db0655f51282f4ba01fc2063a4791c4ccc127,runtime_ns,0,nan,0,nan,nan
jsonpath_ng_1_7_0,a51db0655f51282f4ba01fc2063a4791c4ccc127,runtime_ns,0,nan,0,nan,nan
jsonpath_ng_1_8_0,a51db0655f51282f4ba01fc2063a4791c4ccc127,runtime_ns,0,nan,0,nan,nan
jsonpath_ng_1_5_2,f981e78225e235b12356e8b214bf1a58407baea4,runtime_ns,0,nan,0,nan,nan
jsonpath_ng_1_5_3,f981e78225e235b12356e8b214bf1a58407baea4,runtime_ns,0,nan,0,nan,nan
jsonpath_ng_1_6_0,f981e78225e235b12356e8b214bf1a58407baea4,runtime_ns,0,nan,0,nan,nan
jsonpath_ng_1_6_1,f981e78225e235b12356e8b214bf1a58407baea4,runtime_ns,0,nan,0,nan,nan
jsonpath_ng_1_7_0,f981e78225e235b12356e8b214bf1a58407baea4,runtime_ns,0,nan,0,nan,nan
jsonpath_ng_1_8_0,f981e78225e235b12356e8b214bf1a58407baea4,runtime_ns,0,nan,0,nan,nan
jsonpath_ng_1_5_2,36adf70a5a9a763c71502f80cbfbf9c89db3a2c6,runtime_ns,0,nan,0,nan,nan
jsonpath_ng_1_5_3,36adf70a5a9a763c71502f80cbfbf9c89db3a2c6,runtime_ns,0,nan,0,nan,nan
jsonpath_ng_1_6_0,36adf70a5a9a763c71502f80cbfbf9c89db3a2c6,runtime_ns,0,nan,0,nan,nan
jsonpath_ng_1_6_1,36adf70a5a9a763c71502f80cbfbf9c89db3a2c6,runtime_ns,0,nan,0,nan,nan
jsonpath_ng_1_7_0,36adf70a5a9a763c71502f80cbfbf9c89db3a2c6,runtime_ns,0,nan,0,nan,nan
jsonpath_ng_1_8_0,36adf70a5a9a763c71502f80cbfbf9c89db3a2c6,runtime_ns,0,nan,0,nan,nan
jsonpath_ng_1_5_2,29f37655325ce44f940a710aededc3bd6699693e,runtime_ns,0,nan,0,nan,nan
jsonpath_ng_1_5_3,29f37655325ce44f940a710aededc3bd6699693e,runtime_ns,0,nan,0,nan,nan
jsonpath_ng_1_6_0,29f37655325ce44f940a710aededc3bd6699693e,runtime_ns,0,nan,0,nan,nan
jsonpath_ng_1_6_1,29f37655325ce44f940a710aededc3bd6699693e,runtime_ns,3,30861.333333333332,96.4174949546675,30621.818998043946,31100.84766862272
jsonpath_ng_1_7_0,29f37655325ce44f940a710aededc3bd6699693e,runtime_ns,3,30771.0,126.83453788302302,30455.925541292356,31086.074458707644
jsonpath_ng_1_8_0,29f37655325ce44f940a710aededc3bd6699693e,runtime_ns,3,32277.833333333332,319.0064001447829,31485.37750444396,33070.2891622227
jsonpath_ng_1_5_2,ab424f65a1506030b5e7d424f4a56bca704abea1,runtime_ns,0,nan,0,nan,nan
jsonpath_ng_1_5_3,ab424f65a1506030b5e7d424f4a56bca704abea1,runtime_ns,0,nan,0,nan,nan
jsonpath_ng_1_6_0,ab424f65a1506030b5e7d424f4a56bca704abea1,runtime_ns,0,nan,0,nan,nan
jsonpath_ng_1_6_1,ab424f65a1506030b5e7d424f4a56bca704abea1,runtime_ns,0,nan,0,nan,nan
jsonpath_ng_1_7_0,ab424f65a1506030b5e7d424f4a56bca704abea1,runtime_ns,0,nan,0,nan,nan
jsonpath_ng_1_8_0,ab424f65a1506030b5e7d424f4a56bca704abea1,runtime_ns,0,nan,0,nan,nan
jsonpath_ng_1_5_2,accba8b9f30dba5a9b45ec8f3e7be0cb07f8e4e6,runtime_ns,0,nan,0,nan,nan
jsonpath_ng_1_5_3,accba8b9f30dba5a9b45ec8f3e7be0cb07f8e4e6,runtime_ns,0,nan,0,nan,nan
jsonpath_ng_1_6_0,accba8b9f30dba5a9b45ec8f3e7be0cb07f8e4e6,runtime_ns,0,nan,0,nan,nan
jsonpath_ng_1_6_1,accba8b9f30dba5a9b45ec8f3e7be0cb07f8e4e6,runtime_ns,0,nan,0,nan,nan
jsonpath_ng_1_7_0,accba8b9f30dba5a9b45ec8f3e7be0cb07f8e4e6,runtime_ns,0,nan,0,nan,nan
jsonpath_ng_1_8_0,accba8b9f30dba5a9b45ec8f3e7be0cb07f8e4e6,runtime_ns,0,nan,0,nan,nan
jsonpath_ng_1_5_2,fd691a196c3fdc11acad3d045a660ffeb168c0b0,runtime_ns,3,7708.166666666667,41.750249500252494,7604.453297408104,7811.88003592523
jsonpath_ng_1_5_3,fd691a196c3fdc11acad3d045a660ffeb168c0b0,runtime_ns,3,8242.833333333334,104.93609166217948,7982.157630711625,8503.509035955043
jsonpath_ng_1_6_0,fd691a196c3fdc11acad3d045a660ffeb168c0b0,runtime_ns,3,8236.0,63.66513959774218,8077.8470258013995,8394.152974198601
jsonpath_ng_1_6_1,fd691a196c3fdc11acad3d045a660ffeb168c0b0,runtime_ns,3,8243.166666666666,67.22040860730715,8076.1819146459875,8410.151418687345
jsonpath_ng_1_7_0,fd691a196c3fdc11acad3d045a660ffeb168c0b0,runtime_ns,3,8256.833333333334,11.835680518387328,8227.43187301338,8286.234793653288
jsonpath_ng_1_8_0,fd691a196c3fdc11acad3d045a660ffeb168c0b0,runtime_ns,3,8624.833333333334,0.28867513459481287,8624.116224545043,8625.550442121625
jsonpath_ng_1_5_2,8480c4eeddb234af1d3c42f79616a79a79170f0f,runtime_ns,0,nan,0,nan,nan
jsonpath_ng_1_5_3,8480c4eeddb234af1d3c42f79616a79a79170f0f,runtime_ns,0,nan,0,nan,nan
jsonpath_ng_1_6_0,8480c4eeddb234af1d3c42f79616a79a79170f0f,runtime_ns,0,nan,0,nan,nan
jsonpath_ng_1_6_1,8480c4eeddb234af1d3c42f79616a79a79170f0f,runtime_ns,0,nan,0,nan,nan
jsonpath_ng_1_7_0,8480c4eeddb234af1d3c42f79616a79a79170f0f,runtime_ns,0,nan,0,nan,nan
jsonpath_ng_1_8_0,8480c4eeddb234af1d3c42f79616a79a79170f0f,runtime_ns,0,nan,0,nan,nan
jsonpath_ng_1_5_2,3c08722e448924ced8638cbbfc486ead4cbcbec1,runtime_ns,3,54784.5,640.9069745290653,53192.39881484854,56376.60118515146
jsonpath_ng_1_5_3,3c08722e448924ced8638cbbfc486ead4cbcbec1,runtime_ns,3,57666.666666666664,245.84768319700174,57055.94716549054,58277.386167842786
jsonpath_ng_1_6_0,3c08722e448924ced8638cbbfc486ead4cbcbec1,runtime_ns,3,57639.0,763.9065715125116,55741.35087745187,59536.64912254813
jsonpath_ng_1_6_1,3c08722e448924ced8638cbbfc486ead4cbcbec1,runtime_ns,3,56916.5,797.9465834252316,54934.29080015105,58898.70919984895
jsonpath_ng_1_7_0,3c08722e448924ced8638cbbfc486ead4cbcbec1,runtime_ns,4,56916.5,1295.949909011404,54854.35450011695,58978.64549988305
jsonpath_ng_1_8_0,3c08722e448924ced8638cbbfc486ead4cbcbec1,runtime_ns,3,60972.333333333336,198.34712837178495,60479.6117517276,61465.05491493907
jsonpath_ng_1_5_2,a0660ba9a475a6830eea63db0fd113fa108b3f2f,runtime_ns,0,nan,0,nan,nan
jsonpath_ng_1_5_3,a0660ba9a475a6830eea63db0fd113fa108b3f2f,runtime_ns,0,nan,0,nan,nan
jsonpath_ng_1_6_0,a0660ba9a475a6830eea63db0fd113fa108b3f2f,runtime_ns,0,nan,0,nan,nan
jsonpath_ng_1_6_1,a0660ba9a475a6830eea63db0fd113fa108b3f2f,runtime_ns,0,nan,0,nan,nan
jsonpath_ng_1_7_0,a0660ba9a475a6830eea63db0fd113fa108b3f2f,runtime_ns,0,nan,0,nan,nan
jsonpath_ng_1_8_0,a0660ba9a475a6830eea63db0fd113fa108b3f2f,runtime_ns,0,nan,0,nan,nan
jsonpath_ng_1_5_2,f1daa8f588da703ec7ba0411b079c1afd32d1a10,runtime_ns,0,nan,0,nan,nan
jsonpath_ng_1_5_3,f1daa8f588da703ec7ba0411b079c1afd32d1a10,runtime_ns,0,nan,0,nan,nan
jsonpath_ng_1_6_0,f1daa8f588da703ec7ba0411b079c1afd32d1a10,runtime_ns,0,nan,0,nan,nan
jsonpath_ng_1_6_1,f1daa8f588da703ec7ba0411b079c1afd32d1a10,runtime_ns,0,nan,0,nan,nan
jsonpath_ng_1_7_0,f1daa8f588da703ec7ba0411b079c1afd32d1a10,runtime_ns,0,nan,0,nan,nan
jsonpath_ng_1_8_0,f1daa8f588da703ec7ba0411b079c1afd32d1a10,runtime_ns,0,nan,0,nan,nan
jsonpath_ng_1_5_2,faad9930b34a2b118daf0dadce0f8ba528ebfb92,runtime_ns,4,1255.125,25.795267653841726,1214.0789728806135,1296.1710271193865
jsonpath_ng_1_5_3,faad9930b34a2b118daf0dadce0f8ba528ebfb92,runtime_ns,3,1298.8333333333333,11.835680518387328,1269.4318730133787,1328.2347936532879
jsonpath_ng_1_6_0,faad9930b34a2b118daf0dadce0f8ba528ebfb92,runtime_ns,4,1349.125,31.140474734124826,1299.573555618802,1398.676444381198
jsonpath_ng_1_6_1,faad9930b34a2b118daf0dadce0f8ba528ebfb92,runtime_ns,3,1319.6666666666667,23.96525262402492,1260.1336788517028,1379.1996544816307
jsonpath_ng_1_7_0,faad9930b34a2b118daf0dadce0f8ba528ebfb92,runtime_ns,3,1305.5,23.817010727629107,1246.3352654703344,1364.6647345296656
jsonpath_ng_1_8_0,faad9930b34a2b118daf0dadce0f8ba528ebfb92,runtime_ns,3,1333.5,0.5,1332.2579311441248,1334.7420688558752
jsonpath_ng_1_5_2,d6a4515b15453175fb0dfb00a8062391c0f4acad,runtime_ns,0,nan,0,nan,nan
jsonpath_ng_1_5_3,d6a4515b15453175fb0dfb00a8062391c0f4acad,runtime_ns,0,nan,0,nan,nan
jsonpath_ng_1_6_0,d6a4515b15453175fb0dfb00a8062391c0f4acad,runtime_ns,0,nan,0,nan,nan
jsonpath_ng_1_6_1,d6a4515b15453175fb0dfb00a8062391c0f4acad,runtime_ns,0,nan,0,nan,nan
jsonpath_ng_1_7_0,d6a4515b15453175fb0dfb00a8062391c0f4acad,runtime_ns,0,nan,0,nan,nan
jsonpath_ng_1_8_0,d6a4515b15453175fb0dfb00a8062391c0f4acad,runtime_ns,0,nan,0,nan,nan
jsonpath_ng_1_5_2,6f28e252b67a4a45eae4b1bb52332fb803e4c4a1,runtime_ns,6,517.4166666666666,20.631084960967677,495.7656708189051,539.0676625144282
jsonpath_ng_1_5_3,6f28e252b67a4a45eae4b1bb52332fb803e4c4a1,runtime_ns,6,527.5,21.304929007157007,505.1418481944357,549.8581518055644
jsonpath_ng_1_6_0,6f28e252b67a4a45eae4b1bb52332fb803e4c4a1,runtime_ns,5,533.4,18.676188047886004,510.21044967725646,556.5895503227434
jsonpath_ng_1_6_1,6f28e252b67a4a45eae4b1bb52332fb803e4c4a1,runtime_ns,3,541.3333333333334,0.5773502691896257,539.8991157567502,542.7675509099165
jsonpath_ng_1_7_0,6f28e252b67a4a45eae4b1bb52332fb803e4c4a1,runtime_ns,3,541.8333333333334,0.28867513459481287,541.1162245450417,542.550442121625
jsonpath_ng_1_8_0,6f28e252b67a4a45eae4b1bb52332fb803e4c4a1,runtime_ns,6,524.3333333333334,20.58073532861901,502.7351761842142,545.9314904824525
jsonpath_ng_1_5_2,1eccfe0ba193b3dda868878f40b43b6f31fd3c9b,runtime_ns,0,nan,0,nan,nan
jsonpath_ng_1_5_3,1eccfe0ba193b3dda868878f40b43b6f31fd3c9b,runtime_ns,0,nan,0,nan,nan
jsonpath_ng_1_6_0,1eccfe0ba193b3dda868878f40b43b6f31fd3c9b,runtime_ns,0,nan,0,nan,nan
jsonpath_ng_1_6_1,1eccfe0ba193b3dda868878f40b43b6f31fd3c9b,runtime_ns,0,nan,0,nan,nan
jsonpath_ng_1_7_0,1eccfe0ba193b3dda868878f40b43b6f31fd3c9b,runtime_ns,0,nan,0,nan,nan
jsonpath_ng_1_8_0,1eccfe0ba193b3dda868878f40b43b6f31fd3c9b,runtime_ns,0,nan,0,nan,nan
jsonpath_ng_1_5_2,86212d81d37a7069afbf61359d81fc5380b49808,runtime_ns,3,1708.3333333333333,0.5773502691896257,1706.89911575675,1709.7675509099165
jsonpath_ng_1_5_3,86212d81d37a7069afbf61359d81fc5380b49808,runtime_ns,3,1742.8333333333333,31.860372460681205,1663.6877805933434,1821.978886073323
jsonpath_ng_1_6_0,86212d81d37a7069afbf61359d81fc5380b49808,runtime_ns,3,1743.0,32.07802986469088,1663.313756294468,1822.686243705532
jsonpath_ng_1_6_1,86212d81d37a7069afbf61359d81fc5380b49808,runtime_ns,4,1760.5,43.07551508687969,1691.9572430817836,1829.0427569182164
jsonpath_ng_1_7_0,86212d81d37a7069afbf61359d81fc5380b49808,runtime_ns,6,1763.8333333333333,67.64736999075919,1692.8417723198004,1834.8248943468661
jsonpath_ng_1_8_0,86212d81d37a7069afbf61359d81fc5380b49808,runtime_ns,6,1829.75,135.8844177968909,1687.1480490574265,1972.3519509425735
jsonpath_ng_1_5_2,864caeb8d65198d1372d92e428467b1bbd609e57,runtime_ns,5,533.1,18.50810633209135,510.11915069251506,556.080849307485
jsonpath_ng_1_5_3,864caeb8d65198d1372d92e428467b1bbd609e57,runtime_ns,6,527.6666666666666,21.43284084452331,505.17427962020554,550.1590537131277
jsonpath_ng_1_6_0,864caeb8d65198d1372d92e428467b1bbd609e57,runtime_ns,4,536.375,10.585957679870065,519.5303790469039,553.2196209530961
jsonpath_ng_1_6_1,864caeb8d65198d1372d92e428467b1bbd609e57,runtime_ns,6,527.6666666666666,21.435173586109972,505.1718315580458,550.1615017752874
jsonpath_ng_1_7_0,864caeb8d65198d1372d92e428467b1bbd609e57,runtime_ns,6,527.75,21.498255743199262,505.18896422748816,550.3110357725118
jsonpath_ng_1_8_0,864caeb8d65198d1372d92e428467b1bbd609e57,runtime_ns,6,520.6666666666666,22.642143596988927,496.90519421234376,544.4281391209895
jsonpath_ng_1_5_2,f7a662b5cc153fe4ca86223c8aecc276463f3f8d,runtime_ns,0,nan,0,nan,nan
jsonpath_ng_1_5_3,f7a662b5cc153fe4ca86223c8aecc276463f3f8d,runtime_ns,0,nan,0,nan,nan
jsonpath_ng_1_6_0,f7a662b5cc153fe4ca86223c8aecc276463f3f8d,runtime_ns,0,nan,0,nan,nan
jsonpath_ng_1_6_1,f7a662b5cc153fe4ca86223c8aecc276463f3f8d,runtime_ns,0,nan,0,nan,nan
jsonpath_ng_1_7_0,f7a662b5cc153fe4ca86223c8aecc276463f3f8d,runtime_ns,0,nan,0,nan,nan
jsonpath_ng_1_8_0,f7a662b5cc153fe4ca86223c8aecc276463f3f8d,runtime_ns,0,nan,0,nan,nan
jsonpath_ng_1_5_2,3dee4c55f433f1a3129c1e0e9cd787ad1f788345,runtime_ns,0,nan,0,nan,nan
jsonpath_ng_1_5_3,3dee4c55f433f1a3129c1e0e9cd787ad1f788345,runtime_ns,0,nan,0,nan,nan
jsonpath_ng_1_6_0,3dee4c55f433f1a3129c1e0e9cd787ad1f788345,runtime_ns,0,nan,0,nan,nan
jsonpath_ng_1_6_1,3dee4c55f433f1a3129c1e0e9cd787ad1f788345,runtime_ns,3,63784.833333333336,406.2204861074012,62775.72570450839,64793.94096215828
jsonpath_ng_1_7_0,3dee4c55f433f1a3129c1e0e9cd787ad1f788345,runtime_ns,3,63555.5,86.94969810183356,63339.50497591993,63771.49502408007
jsonpath_ng_1_8_0,3dee4c55f433f1a3129c1e0e9cd787ad1f788345,runtime_ns,3,68125.16666666667,324.6152851196834,67318.77759509029,68931.55573824306
jsonpath_ng_1_5_2,ea43fae24eb04f30425fe0405b654873ddb38917,runtime_ns,0,nan,0,nan,nan
jsonpath_ng_1_5_3,ea43fae24eb04f30425fe0405b654873ddb38917,runtime_ns,0,nan,0,nan,nan
jsonpath_ng_1_6_0,ea43fae24eb04f30425fe0405b654873ddb38917,runtime_ns,0,nan,0,nan,nan
jsonpath_ng_1_6_1,ea43fae24eb04f30425fe0405b654873ddb38917,runtime_ns,0,nan,0,nan,nan
jsonpath_ng_1_7_0,ea43fae24eb04f30425fe0405b654873ddb38917,runtime_ns,0,nan,0,nan,nan
jsonpath_ng_1_8_0,ea43fae24eb04f30425fe0405b654873ddb38917,runtime_ns,4,43895.625,1088.3356846580011,42163.840060725866,45627.409939274134
jsonpath_ng_1_5_2,e262f11861d4f106e16e90b305dd294cff38e52e,runtime_ns,0,nan,0,nan,nan
jsonpath_ng_1_5_3,e262f11861d4f106e16e90b305dd294cff38e52e,runtime_ns,0,nan,0,nan,nan
jsonpath_ng_1_6_0,e262f11861d4f106e16e90b305dd294cff38e52e,runtime_ns,0,nan,0,nan,nan
jsonpath_ng_1_6_1,e262f11861d4f106e16e90b305dd294cff38e52e,runtime_ns,0,nan,0,nan,nan
jsonpath_ng_1_7_0,e262f11861d4f106e16e90b305dd294cff38e52e,runtime_ns,0,nan,0,nan,nan
jsonpath_ng_1_8_0,e262f11861d4f106e16e90b305dd294cff38e52e,runtime_ns,0,nan,0,nan,nan
jsonpath_ng_1_5_2,a636478d900228118d71887b6c4ef9baf509ec1d,runtime_ns,0,nan,0,nan,nan
jsonpath_ng_1_5_3,a636478d900228118d71887b6c4ef9baf509ec1d,runtime_ns,0,nan,0,nan,nan
jsonpath_ng_1_6_0,a636478d900228118d71887b6c4ef9baf509ec1d,runtime_ns,0,nan,0,nan,nan
jsonpath_ng_1_6_1,a636478d900228118d71887b6c4ef9baf509ec1d,runtime_ns,0,nan,0,nan,nan
jsonpath_ng_1_7_0,a636478d900228118d71887b6c4ef9baf509ec1d,runtime_ns,0,nan,0,nan,nan
jsonpath_ng_1_8_0,a636478d900228118d71887b6c4ef9baf509ec1d,runtime_ns,0,nan,0,nan,nan
jsonpath_ng_1_5_2,abef48caeb293f8f3f0e3bf1ff9a02ab69dd9f21,runtime_ns,3,500.0,0.0,500.0,500.0
jsonpath_ng_1_5_3,abef48caeb293f8f3f0e3bf1ff9a02ab69dd9f21,runtime_ns,5,528.8,18.420776313717074,505.9275852322928,551.6724147677071
jsonpath_ng_1_6_0,abef48caeb293f8f3f0e3bf1ff9a02ab69dd9f21,runtime_ns,4,536.125,10.427327877585258,519.5327944609985,552.7172055390015
jsonpath_ng_1_6_1,abef48caeb293f8f3f0e3bf1ff9a02ab69dd9f21,runtime_ns,3,541.3333333333334,0.5773502691896257,539.8991157567502,542.7675509099165
jsonpath_ng_1_7_0,abef48caeb293f8f3f0e3bf1ff9a02ab69dd9f21,runtime_ns,3,541.0,0.0,541.0,541.0
jsonpath_ng_1_8_0,abef48caeb293f8f3f0e3bf1ff9a02ab69dd9f21,runtime_ns,5,529.3,18.840116772461894,505.90690528167914,552.6930947183208
jsonpath_ng_1_5_2,3f5aeb1f9f622716149ee8e96bf639b1f30e8af8,runtime_ns,0,nan,0,nan,nan
jsonpath_ng_1_5_3,3f5aeb1f9f622716149ee8e96bf639b1f30e8af8,runtime_ns,0,nan,0,nan,nan
jsonpath_ng_1_6_0,3f5aeb1f9f622716149ee8e96bf639b1f30e8af8,runtime_ns,0,nan,0,nan,nan
jsonpath_ng_1_6_1,3f5aeb1f9f622716149ee8e96bf639b1f30e8af8,runtime_ns,0,nan,0,nan,nan
jsonpath_ng_1_7_0,3f5aeb1f9f622716149ee8e96bf639b1f30e8af8,runtime_ns,0,nan,0,nan,nan
jsonpath_ng_1_8_0,3f5aeb1f9f622716149ee8e96bf639b1f30e8af8,runtime_ns,0,nan,0,nan,nan
jsonpath_ng_1_5_2,f207fa7915ca8ccb62a48fa91d6318a529c55314,runtime_ns,0,nan,0,nan,nan
jsonpath_ng_1_5_3,f207fa7915ca8ccb62a48fa91d6318a529c55314,runtime_ns,0,nan,0,nan,nan
jsonpath_ng_1_6_0,f207fa7915ca8ccb62a48fa91d6318a529c55314,runtime_ns,0,nan,0,nan,nan
jsonpath_ng_1_6_1,f207fa7915ca8ccb62a48fa91d6318a529c55314,runtime_ns,0,nan,0,nan,nan
jsonpath_ng_1_7_0,f207fa7915ca8ccb62a48fa91d6318a529c55314,runtime_ns,0,nan,0,nan,nan
jsonpath_ng_1_8_0,f207fa7915ca8ccb62a48fa91d6318a529c55314,runtime_ns,0,nan,0,nan,nan
jsonpath_ng_1_5_2,a16ec52057f99e7f245a9705536e9e15b392fe85,runtime_ns,0,nan,0,nan,nan
jsonpath_ng_1_5_3,a16ec52057f99e7f245a9705536e9e15b392fe85,runtime_ns,0,nan,0,nan,nan
jsonpath_ng_1_6_0,a16ec52057f99e7f245a9705536e9e15b392fe85,runtime_ns,0,nan,0,nan,nan
jsonpath_ng_1_6_1,a16ec52057f99e7f245a9705536e9e15b392fe85,runtime_ns,0,nan,0,nan,nan
jsonpath_ng_1_7_0,a16ec52057f99e7f245a9705536e9e15b392fe85,runtime_ns,0,nan,0,nan,nan
jsonpath_ng_1_8_0,a16ec52057f99e7f245a9705536e9e15b392fe85,runtime_ns,0,nan,0,nan,nan
jsonpath_ng_1_5_2,4b2bb9231fe1ca2f9471a18118832e97745005ed,runtime_ns,0,nan,0,nan,nan
jsonpath_ng_1_5_3,4b2bb9231fe1ca2f9471a18118832e97745005ed,runtime_ns,0,nan,0,nan,nan
jsonpath_ng_1_6_0,4b2bb9231fe1ca2f9471a18118832e97745005ed,runtime_ns,0,nan,0,nan,nan
jsonpath_ng_1_6_1,4b2bb9231fe1ca2f9471a18118832e97745005ed,runtime_ns,0,nan,0,nan,nan
jsonpath_ng_1_7_0,4b2bb9231fe1ca2f9471a18118832e97745005ed,runtime_ns,0,nan,0,nan,nan
jsonpath_ng_1_8_0,4b2bb9231fe1ca2f9471a18118832e97745005ed,runtime_ns,0,nan,0,nan,nan
jsonpath_ng_1_5_2,e4101579cca01759a110d72ddc1e7ef86184ca46,runtime_ns,0,nan,0,nan,nan
jsonpath_ng_1_5_3,e4101579cca01759a110d72ddc1e7ef86184ca46,runtime_ns,0,nan,0,nan,nan
jsonpath_ng_1_6_0,e4101579cca01759a110d72ddc1e7ef86184ca46,runtime_ns,0,nan,0,nan,nan
jsonpath_ng_1_6_1,e4101579cca01759a110d72ddc1e7ef86184ca46,runtime_ns,0,nan,0,nan,nan
jsonpath_ng_1_7_0,e4101579cca01759a110d72ddc1e7ef86184ca46,runtime_ns,0,nan,0,nan,nan
jsonpath_ng_1_8_0,e4101579cca01759a110d72ddc1e7ef86184ca46,runtime_ns,0,nan,0,nan,nan
jsonpath_ng_1_5_2,5babed74968ba5e8395f3002299f50edd3b07d0f,runtime_ns,0,nan,0,nan,nan
jsonpath_ng_1_5_3,5babed74968ba5e8395f3002299f50edd3b07d0f,runtime_ns,0,nan,0,nan,nan
jsonpath_ng_1_6_0,5babed74968ba5e8395f3002299f50edd3b07d0f,runtime_ns,0,nan,0,nan,nan
jsonpath_ng_1_6_1,5babed74968ba5e8395f3002299f50edd3b07d0f,runtime_ns,0,nan,0,nan,nan
jsonpath_ng_1_7_0,5babed74968ba5e8395f3002299f50edd3b07d0f,runtime_ns,0,nan,0,nan,nan
jsonpath_ng_1_8_0,5babed74968ba5e8395f3002299f50edd3b07d0f,runtime_ns,0,nan,0,nan,nan
jsonpath_ng_1_5_2,9be635e8d0c3b58a1f7860713dbacf1e0352dab3,runtime_ns,0,nan,0,nan,nan
jsonpath_ng_1_5_3,9be635e8d0c3b58a1f7860713dbacf1e0352dab3,runtime_ns,0,nan,0,nan,nan
jsonpath_ng_1_6_0,9be635e8d0c3b58a1f7860713dbacf1e0352dab3,runtime_ns,0,nan,0,nan,nan
jsonpath_ng_1_6_1,9be635e8d0c3b58a1f7860713dbacf1e0352dab3,runtime_ns,0,nan,0,nan,nan
jsonpath_ng_1_7_0,9be635e8d0c3b58a1f7860713dbacf1e0352dab3,runtime_ns,0,nan,0,nan,nan
jsonpath_ng_1_8_0,9be635e8d0c3b58a1f7860713dbacf1e0352dab3,runtime_ns,0,nan,0,nan,nan
jsonpath_ng_1_5_2,f7993c368985f027c9c0e06d42cd6c570a0b32a0,runtime_ns,0,nan,0,nan,nan
jsonpath_ng_1_5_3,f7993c368985f027c9c0e06d42cd6c570a0b32a0,runtime_ns,0,nan,0,nan,nan
jsonpath_ng_1_6_0,f7993c368985f027c9c0e06d42cd6c570a0b32a0,runtime_ns,0,nan,0,nan,nan
jsonpath_ng_1_6_1,f7993c368985f027c9c0e06d42cd6c570a0b32a0,runtime_ns,0,nan,0,nan,nan
jsonpath_ng_1_7_0,f7993c368985f027c9c0e06d42cd6c570a0b32a0,runtime_ns,0,nan,0,nan,nan
jsonpath_ng_1_8_0,f7993c368985f027c9c0e06d42cd6c570a0b32a0,runtime_ns,0,nan,0,nan,nan
jsonpath_ng_1_5_2,42293bd2e7b49cd8005e9e8e9fe7d7a4c7feba9a,runtime_ns,0,nan,0,nan,nan
jsonpath_ng_1_5_3,42293bd2e7b49cd8005e9e8e9fe7d7a4c7feba9a,runtime_ns,0,nan,0,nan,nan
jsonpath_ng_1_6_0,42293bd2e7b49cd8005e9e8e9fe7d7a4c7feba9a,runtime_ns,0,nan,0,nan,nan
jsonpath_ng_1_6_1,42293bd2e7b49cd8005e9e8e9fe7d7a4c7feba9a,runtime_ns,0,nan,0,nan,nan
jsonpath_ng_1_7_0,42293bd2e7b49cd8005e9e8e9fe7d7a4c7feba9a,runtime_ns,0,nan,0,nan,nan
jsonpath_ng_1_8_0,42293bd2e7b49cd8005e9e8e9fe7d7a4c7feba9a,runtime_ns,0,nan,0,nan,nan
jsonpath_ng_1_5_2,e65f3636b1eb56c8cda8a161a6220f97f63393da,runtime_ns,0,nan,0,nan,nan
jsonpath_ng_1_5_3,e65f3636b1eb56c8cda8a161a6220f97f63393da,runtime_ns,0,nan,0,nan,nan
jsonpath_ng_1_6_0,e65f3636b1eb56c8cda8a161a6220f97f63393da,runtime_ns,0,nan,0,nan,nan
jsonpath_ng_1_6_1,e65f3636b1eb56c8cda8a161a6220f97f63393da,runtime_ns,0,nan,0,nan,nan
jsonpath_ng_1_7_0,e65f3636b1eb56c8cda8a161a6220f97f63393da,runtime_ns,0,nan,0,nan,nan
jsonpath_ng_1_8_0,e65f3636b1eb56c8cda8a161a6220f97f63393da,runtime_ns,0,nan,0,nan,nan
jsonpath_ng_1_5_2,bd5c1f7d115186a78c84121054d950b0c49ff2ca,runtime_ns,0,nan,0,nan,nan
jsonpath_ng_1_5_3,bd5c1f7d115186a78c84121054d950b0c49ff2ca,runtime_ns,0,nan,0,nan,nan
jsonpath_ng_1_6_0,bd5c1f7d115186a78c84121054d950b0c49ff2ca,runtime_ns,0,nan,0,nan,nan
jsonpath_ng_1_6_1,bd5c1f7d115186a78c84121054d950b0c49ff2ca,runtime_ns,0,nan,0,nan,nan
jsonpath_ng_1_7_0,bd5c1f7d115186a78c84121054d950b0c49ff2ca,runtime_ns,0,nan,0,nan,nan
jsonpath_ng_1_8_0,bd5c1f7d115186a78c84121054d950b0c49ff2ca,runtime_ns,0,nan,0,nan,nan
jsonpath_ng_1_5_2,bb0437615cdee580654f9079c559d80fa70bd3a7,runtime_ns,0,nan,0,nan,nan
jsonpath_ng_1_5_3,bb0437615cdee580654f9079c559d80fa70bd3a7,runtime_ns,0,nan,0,nan,nan
jsonpath_ng_1_6_0,bb0437615cdee580654f9079c559d80fa70bd3a7,runtime_ns,0,nan,0,nan,nan
jsonpath_ng_1_6_1,bb0437615cdee580654f9079c559d80fa70bd3a7,runtime_ns,0,nan,0,nan,nan
jsonpath_ng_1_7_0,bb0437615cdee580654f9079c559d80fa70bd3a7,runtime_ns,0,nan,0,nan,nan
jsonpath_ng_1_8_0,bb0437615cdee580654f9079c559d80fa70bd3a7,runtime_ns,0,nan,0,nan,nan
jsonpath_ng_1_5_2,0eb64ad6e87f47e1e071aa8e55854596c26a042c,runtime_ns,0,nan,0,nan,nan
jsonpath_ng_1_5_3,0eb64ad6e87f47e1e071aa8e55854596c26a042c,runtime_ns,0,nan,0,nan,nan
jsonpath_ng_1_6_0,0eb64ad6e87f47e1e071aa8e55854596c26a042c,runtime_ns,0,nan,0,nan,nan
jsonpath_ng_1_6_1,0eb64ad6e87f47e1e071aa8e55854596c26a042c,runtime_ns,0,nan,0,nan,nan
jsonpath_ng_1_7_0,0eb64ad6e87f47e1e071aa8e55854596c26a042c,runtime_ns,0,nan,0,nan,nan
jsonpath_ng_1_8_0,0eb64ad6e87f47e1e071aa8e55854596c26a042c,runtime_ns,0,nan,0,nan,nan
jsonpath_ng_1_5_2,475f554d5bd72d4fff194dc53a31d787256a55ec,runtime_ns,3,1395.8333333333333,20.750502001959696,1344.2862287725145,1447.380437894152
jsonpath_ng_1_5_3,475f554d5bd72d4fff194dc53a31d787256a55ec,runtime_ns,3,1541.6666666666667,0.28867513459481287,1540.9495578783751,1542.3837754549584
jsonpath_ng_1_6_0,475f554d5bd72d4fff194dc53a31d787256a55ec,runtime_ns,3,1562.5,20.5,1511.5751769091182,1613.4248230908818
jsonpath_ng_1_6_1,475f554d5bd72d4fff194dc53a31d787256a55ec,runtime_ns,3,1569.6666666666667,23.96525262402492,1510.1336788517028,1629.1996544816307
jsonpath_ng_1_7_0,475f554d5bd72d4fff194dc53a31d787256a55ec,runtime_ns,4,1510.375,40.081947307983924,1446.5956774405652,1574.1543225594348
jsonpath_ng_1_8_0,475f554d5bd72d4fff194dc53a31d787256a55ec,runtime_ns,3,1569.1666666666667,24.39432994229055,1508.5677917041426,1629.765541629191
jsonpath_ng_1_5_2,0c4fa10bc51c5851756a335c5d649f03941ed625,runtime_ns,6,506.6666666666667,31.17477612857335,473.95074553156326,539.3825878017701
jsonpath_ng_1_5_3,0c4fa10bc51c5851756a335c5d649f03941ed625,runtime_ns,6,527.5833333333334,25.158331953185343,501.18128314132673,553.98538352534
jsonpath_ng_1_6_0,0c4fa10bc51c5851756a335c5d649f03941ed625,runtime_ns,3,541.6666666666666,0.28867513459481287,540.949557878375,542.3837754549583
jsonpath_ng_1_6_1,0c4fa10bc51c5851756a335c5d649f03941ed625,runtime_ns,6,520.6666666666666,22.642143596988927,496.90519421234376,544.4281391209895
jsonpath_ng_1_7_0,0c4fa10bc51c5851756a335c5d649f03941ed625,runtime_ns,4,505.125,10.25,488.814962685421,521.435037314579
jsonpath_ng_1_8_0,0c4fa10bc51c5851756a335c5d649f03941ed625,runtime_ns,5,533.3,18.619881847100963,510.1803630596469,556.419636940353
jsonpath_ng_1_5_2,9abcec36132642103da0050595834679b1b62e19,runtime_ns,4,1437.75,29.463253950189095,1390.8673881622926,1484.6326118377074
jsonpath_ng_1_5_3,9abcec36132642103da0050595834679b1b62e19,runtime_ns,3,1375.0,0.0,1375.0,1375.0
jsonpath_ng_1_6_0,9abcec36132642103da0050595834679b1b62e19,runtime_ns,3,1375.0,0.0,1375.0,1375.0
jsonpath_ng_1_6_1,9abcec36132642103da0050595834679b1b62e19,runtime_ns,3,1430.3333333333333,12.413030787576954,1399.4976554367954,1461.169011229871
jsonpath_ng_1_7_0,9abcec36132642103da0050595834679b1b62e19,runtime_ns,5,1325.2,45.460972272928785,1268.7527474053647,1381.6472525946353
jsonpath_ng_1_8_0,9abcec36132642103da0050595834679b1b62e19,runtime_ns,3,1388.8333333333333,23.96003617136947,1329.3133039051324,1448.353362761534
jsonpath_ng_1_5_2,c00afb2c716cc09b3de1e7365f60b8ac440f6f1c,runtime_ns,3,4243.166666666667,11.835680518387328,4213.765206346712,4272.568126986622
jsonpath_ng_1_5_3,c00afb2c716cc09b3de1e7365f60b8ac440f6f1c,runtime_ns,3,5083.333333333333,72.45918391296809,4903.334742012476,5263.33192465419
jsonpath_ng_1_6_0,c00afb2c716cc09b3de1e7365f60b8ac440f6f1c,runtime_ns,4,5031.25,119.67838846954227,4840.814977396399,5221.685022603601
jsonpath_ng_1_6_1,c00afb2c716cc09b3de1e7365f60b8ac440f6f1c,runtime_ns,4,5020.5,154.00541116034418,4775.443024129532,5265.556975870468
jsonpath_ng_1_7_0,c00afb2c716cc09b3de1e7365f60b8ac440f6f1c,runtime_ns,3,5041.5,0.5,5040.257931144125,5042.742068855875
jsonpath_ng_1_8_0,c00afb2c716cc09b3de1e7365f60b8ac440f6f1c,runtime_ns,3,5242.833333333333,31.860372460681205,5163.687780593344,5321.978886073322
jsonpath_ng_1_5_2,129e2bcffdc51bf6ec9be13fd394abbf675eb83a,runtime_ns,5,2029.5,74.6290828028859,1936.835754664689,2122.164245335311
jsonpath_ng_1_5_3,129e2bcffdc51bf6ec9be13fd394abbf675eb83a,runtime_ns,3,1472.6666666666667,23.671361036774655,1413.8637460267573,1531.4695873065762
jsonpath_ng_1_6_0,129e2bcffdc51bf6ec9be13fd394abbf675eb83a,runtime_ns,3,1520.6666666666667,20.750502001959696,1469.119562105848,1572.2137712274855
jsonpath_ng_1_6_1,129e2bcffdc51bf6ec9be13fd394abbf675eb83a,runtime_ns,4,1458.375,33.885530343594546,1404.4555595777242,1512.2944404222758
jsonpath_ng_1_7_0,129e2bcffdc51bf6ec9be13fd394abbf675eb83a,runtime_ns,5,1475.2,44.76689625158304,1419.6145566130863,1530.7854433869138
jsonpath_ng_1_8_0,129e2bcffdc51bf6ec9be13fd394abbf675eb83a,runtime_ns,4,1547.125,35.791933448753504,1490.172046818527,1604.077953181473
jsonpath_ng_1_5_2,c1cd80e33810d801e5bbf6107d412b95a7ce4f54,runtime_ns,3,1902.8333333333333,24.105670149019574,1842.9515290491395,1962.715137617527
jsonpath_ng_1_5_3,c1cd80e33810d801e5bbf6107d412b95a7ce4f54,runtime_ns,3,1472.1666666666667,24.105670149019574,1412.284862382473,1532.0484709508605
jsonpath_ng_1_6_0,c1cd80e33810d801e5bbf6107d412b95a7ce4f54,runtime_ns,3,1458.3333333333333,0.5773502691896257,1456.89911575675,1459.7675509099165
jsonpath_ng_1_6_1,c1cd80e33810d801e5bbf6107d412b95a7ce4f54,runtime_ns,3,1458.6666666666667,0.28867513459481287,1457.9495578783751,1459.3837754549584
jsonpath_ng_1_7_0,c1cd80e33810d801e5bbf6107d412b95a7ce4f54,runtime_ns,6,1499.9166666666667,92.22603573105951,1403.1313778441724,1596.701955489161
jsonpath_ng_1_8_0,c1cd80e33810d801e5bbf6107d412b95a7ce4f54,runtime_ns,4,1515.625,39.02856859617922,1453.521838035289,1577.728161964711
jsonpath_ng_1_5_2,eebb92fedf05d289966423361f0dcceaf795194c,runtime_ns,3,1284.8333333333333,12.413030787576954,1253.9976554367954,1315.669011229871
jsonpath_ng_1_5_3,eebb92fedf05d289966423361f0dcceaf795194c,runtime_ns,3,1166.6666666666667,0.5773502691896257,1165.2324490900835,1168.10088424325
jsonpath_ng_1_6_0,eebb92fedf05d289966423361f0dcceaf795194c,runtime_ns,4,1156.5,21.0,1123.084313794521,1189.915686205479
jsonpath_ng_1_6_1,eebb92fedf05d289966423361f0dcceaf795194c,runtime_ns,4,1166.75,33.88583774971485,1112.8300704259884,1220.6699295740116
jsonpath_ng_1_7_0,eebb92fedf05d289966423361f0dcceaf795194c,runtime_ns,3,1166.8333333333333,0.28867513459481287,1166.1162245450416,1167.5504421216249
jsonpath_ng_1_8_0,eebb92fedf05d289966423361f0dcceaf795194c,runtime_ns,3,1201.5,12.134661099511597,1171.3558307433934,1231.6441692566066
jsonpath_ng_1_5_2,170b8c965cca5010ac7c1d55666a2aad47d2d156,runtime_ns,3,1743.1666666666667,11.835680518387328,1713.7652063467121,1772.5681269866213
jsonpath_ng_1_5_3,170b8c965cca5010ac7c1d55666a2aad47d2d156,runtime_ns,3,1909.6666666666667,31.80539786472311,1830.6576783936846,1988.675654939649
jsonpath_ng_1_6_0,170b8c965cca5010ac7c1d55666a2aad47d2d156,runtime_ns,3,1930.6666666666667,23.671361036774655,1871.8637460267573,1989.4695873065762
jsonpath_ng_1_6_1,170b8c965cca5010ac7c1d55666a2aad47d2d156,runtime_ns,3,1889.0,24.24871130596428,1828.7628617835076,1949.2371382164924
jsonpath_ng_1_7_0,170b8c965cca5010ac7c1d55666a2aad47d2d156,runtime_ns,5,1908.4,54.33967243184302,1840.928385067195,1975.8716149328052
jsonpath_ng_1_8_0,170b8c965cca5010ac7c1d55666a2aad47d2d156,runtime_ns,3,1923.6666666666667,11.98262631201246,1893.900172759185,1953.4331605741486
jsonpath_ng_1_5_2,4e896c712bf4816162e9ca419c4bc18a9b153bf9,runtime_ns,3,1861.0,24.24871130596428,1800.7628617835076,1921.2371382164924
jsonpath_ng_1_5_3,4e896c712bf4816162e9ca419c4bc18a9b153bf9,runtime_ns,3,1986.3333333333333,23.671361036774655,1927.5304126934238,2045.1362539732427
jsonpath_ng_1_6_0,4e896c712bf4816162e9ca419c4bc18a9b153bf9,runtime_ns,3,2041.6666666666667,0.5773502691896257,2040.2324490900835,2043.10088424325
jsonpath_ng_1_6_1,4e896c712bf4816162e9ca419c4bc18a9b153bf9,runtime_ns,4,2021.0,53.44779384283945,1935.9526329796452,2106.047367020355
jsonpath_ng_1_7_0,4e896c712bf4816162e9ca419c4bc18a9b153bf9,runtime_ns,6,2014.0,72.97944916207575,1937.4127650693406,2090.5872349306596
jsonpath_ng_1_8_0,4e896c712bf4816162e9ca419c4bc18a9b153bf9,runtime_ns,4,2005.375,54.83516967543124,1918.1200084334093,2092.629991566591
jsonpath_ng_1_5_2,9aa2d7ccdcea014e6ae05b074ea3289dc3ab783a,runtime_ns,3,1423.8333333333333,11.835680518387328,1394.4318730133787,1453.2347936532879
jsonpath_ng_1_5_3,9aa2d7ccdcea014e6ae05b074ea3289dc3ab783a,runtime_ns,5,1308.2,37.34568248137929,1261.8292105745224,1354.5707894254776
jsonpath_ng_1_6_0,9aa2d7ccdcea014e6ae05b074ea3289dc3ab783a,runtime_ns,3,1305.6666666666667,23.671361036774655,1246.8637460267573,1364.4695873065762
jsonpath_ng_1_6_1,9aa2d7ccdcea014e6ae05b074ea3289dc3ab783a,runtime_ns,3,1333.3333333333333,0.5773502691896257,1331.89911575675,1334.7675509099165
jsonpath_ng_1_7_0,9aa2d7ccdcea014e6ae05b074ea3289dc3ab783a,runtime_ns,3,1333.3333333333333,0.5773502691896257,1331.89911575675,1334.7675509099165
jsonpath_ng_1_8_0,9aa2d7ccdcea014e6ae05b074ea3289dc3ab783a,runtime_ns,3,1319.5,24.253865671269807,1259.2500576302718,1379.7499423697282
jsonpath_ng_1_5_2,494bd6cc20edae4b3e1a7635aa009a77223ec297,runtime_ns,4,1906.25,39.777506206397604,1842.955111170025,1969.544888829975
jsonpath_ng_1_5_3,494bd6cc20edae4b3e1a7635aa009a77223ec297,runtime_ns,5,2083.4,70.58806556352143,1995.7533402869287,2171.0466597130717
jsonpath_ng_1_6_0,494bd6cc20edae4b3e1a7635aa009a77223ec297,runtime_ns,3,2097.6666666666665,23.671361036774655,2038.863746026757,2156.4695873065757
jsonpath_ng_1_6_1,494bd6cc20edae4b3e1a7635aa009a77223ec297,runtime_ns,3,2055.6666666666665,24.105670149019574,1995.7848623824727,2115.54847095086
jsonpath_ng_1_7_0,494bd6cc20edae4b3e1a7635aa009a77223ec297,runtime_ns,3,2056.0,24.24871130596428,1995.7628617835076,2116.2371382164924
jsonpath_ng_1_8_0,494bd6cc20edae4b3e1a7635aa009a77223ec297,runtime_ns,3,2097.0,24.24871130596428,2036.7628617835076,2157.2371382164924
jsonpath_ng_1_5_2,03dbd53c28820abc8599d1dccfdb79d47bb1804a,runtime_ns,4,1875.125,34.08903782743068,1820.8817337577084,1929.3682662422916
jsonpath_ng_1_5_3,03dbd53c28820abc8599d1dccfdb79d47bb1804a,runtime_ns,3,1986.3333333333333,23.671361036774655,1927.5304126934238,2045.1362539732427
jsonpath_ng_1_6_0,03dbd53c28820abc8599d1dccfdb79d47bb1804a,runtime_ns,3,2055.6666666666665,11.835680518387328,2026.265206346712,2085.0681269866213
jsonpath_ng_1_6_1,03dbd53c28820abc8599d1dccfdb79d47bb1804a,runtime_ns,5,2020.9,60.625283504491755,1945.623768091576,2096.176231908424
jsonpath_ng_1_7_0,03dbd53c28820abc8599d1dccfdb79d47bb1804a,runtime_ns,4,2005.625,54.48451614908588,1918.9279764430855,2092.3220235569142
jsonpath_ng_1_8_0,03dbd53c28820abc8599d1dccfdb79d47bb1804a,runtime_ns,3,2062.5,20.5,2011.5751769091182,2113.4248230908815
jsonpath_ng_1_5_2,ab550e46cfd7c45f1ba2ac3e6d2d5da6882aa4c5,runtime_ns,3,5118.166666666667,43.635803342362486,5009.769322001383,5226.5640113319505
jsonpath_ng_1_5_3,ab550e46cfd7c45f1ba2ac3e6d2d5da6882aa4c5,runtime_ns,3,6152.833333333333,48.20874747733375,6033.07616568864,6272.590500978026
jsonpath_ng_1_6_0,ab550e46cfd7c45f1ba2ac3e6d2d5da6882aa4c5,runtime_ns,4,6245.125,136.49809217225956,6027.926075444058,6462.323924555942
jsonpath_ng_1_6_1,ab550e46cfd7c45f1ba2ac3e6d2d5da6882aa4c5,runtime_ns,4,6182.375,121.96678167982188,5988.298633137853,6376.451366862147
jsonpath_ng_1_7_0,ab550e46cfd7c45f1ba2ac3e6d2d5da6882aa4c5,runtime_ns,3,6305.333333333333,24.39432994229055,6244.734458370809,6365.932208295857
jsonpath_ng_1_8_0,ab550e46cfd7c45f1ba2ac3e6d2d5da6882aa4c5,runtime_ns,3,6388.833333333333,48.35373132792684,6268.716005837787,6508.950660828879
jsonpath_ng_1_5_2,9f1acadacaf5ca830ac7d102b94fa5878f62d1b4,runtime_ns,3,1819.3333333333333,23.671361036774655,1760.5304126934238,1878.1362539732427
jsonpath_ng_1_5_3,9f1acadacaf5ca830ac7d102b94fa5878f62d1b4,runtime_ns,3,1937.5,20.5,1886.5751769091182,1988.4248230908818
jsonpath_ng_1_6_0,9f1acadacaf5ca830ac7d102b94fa5878f62d1b4,runtime_ns,3,1958.8333333333333,0.28867513459481287,1958.1162245450416,1959.5504421216249
jsonpath_ng_1_6_1,9f1acadacaf5ca830ac7d102b94fa5878f62d1b4,runtime_ns,3,1951.8333333333333,12.413030787576954,1920.9976554367954,1982.669011229871
jsonpath_ng_1_7_0,9f1acadacaf5ca830ac7d102b94fa5878f62d1b4,runtime_ns,3,1972.3333333333333,23.96525262402492,1912.8003455183693,2031.8663211482972
jsonpath_ng_1_8_0,9f1acadacaf5ca830ac7d102b94fa5878f62d1b4,runtime_ns,5,1945.9,54.18763696637823,1878.617162031113,2013.1828379688873
jsonpath_ng_1_5_2,4a8d8a4b98a561c2613a7eee490e42e2737961be,runtime_ns,0,nan,0,nan,nan
jsonpath_ng_1_5_3,4a8d8a4b98a561c2613a7eee490e42e2737961be,runtime_ns,0,nan,0,nan,nan
jsonpath_ng_1_6_0,4a8d8a4b98a561c2613a7eee490e42e2737961be,runtime_ns,0,nan,0,nan,nan
jsonpath_ng_1_6_1,4a8d8a4b98a561c2613a7eee490e42e2737961be,runtime_ns,0,nan,0,nan,nan
jsonpath_ng_1_7_0,4a8d8a4b98a561c2613a7eee490e42e2737961be,runtime_ns,0,nan,0,nan,nan
jsonpath_ng_1_8_0,4a8d8a4b98a561c2613a7eee490e42e2737961be,runtime_ns,0,nan,0,nan,nan
jsonpath_ng_1_5_2,b128df45ee2c4a778f021d6d5791f88d1c6da2dc,runtime_ns,0,nan,0,nan,nan
jsonpath_ng_1_5_3,b128df45ee2c4a778f021d6d5791f88d1c6da2dc,runtime_ns,0,nan,0,nan,nan
jsonpath_ng_1_6_0,b128df45ee2c4a778f021d6d5791f88d1c6da2dc,runtime_ns,0,nan,0,nan,nan
jsonpath_ng_1_6_1,b128df45ee2c4a778f021d6d5791f88d1c6da2dc,runtime_ns,0,nan,0,nan,nan
jsonpath_ng_1_7_0,b128df45ee2c4a778f021d6d5791f88d1c6da2dc,runtime_ns,0,nan,0,nan,nan
jsonpath_ng_1_8_0,b128df45ee2c4a778f021d6d5791f88d1c6da2dc,runtime_ns,0,nan,0,nan,nan
jsonpath_ng_1_5_2,ee0b1776867af909ea1101883baf3003cb1fa4fe,runtime_ns,0,nan,0,nan,nan
jsonpath_ng_1_5_3,ee0b1776867af909ea1101883baf3003cb1fa4fe,runtime_ns,0,nan,0,nan,nan
jsonpath_ng_1_6_0,ee0b1776867af909ea1101883baf3003cb1fa4fe,runtime_ns,0,nan,0,nan,nan
jsonpath_ng_1_6_1,ee0b1776867af909ea1101883baf3003cb1fa4fe,runtime_ns,0,nan,0,nan,nan
jsonpath_ng_1_7_0,ee0b1776867af909ea1101883baf3003cb1fa4fe,runtime_ns,0,nan,0,nan,nan
jsonpath_ng_1_8_0,ee0b1776867af909ea1101883baf3003cb1fa4fe,runtime_ns,0,nan,0,nan,nan
jsonpath_ng_1_5_2,ea7cf46b9f4f1eccae666e30a385ee772325f55c,runtime_ns,3,1291.3333333333333,0.28867513459481287,1290.6162245450416,1292.0504421216249
jsonpath_ng_1_5_3,ea7cf46b9f4f1eccae666e30a385ee772325f55c,runtime_ns,5,1141.6,37.12041217443578,1095.5089206045184,1187.6910793954814
jsonpath_ng_1_6_0,ea7cf46b9f4f1eccae666e30a385ee772325f55c,runtime_ns,4,1161.25,26.161358272587197,1119.6214410121008,1202.8785589878992
jsonpath_ng_1_6_1,ea7cf46b9f4f1eccae666e30a385ee772325f55c,runtime_ns,4,1203.125,35.45037611460091,1146.7155407565854,1259.5344592434146
jsonpath_ng_1_7_0,ea7cf46b9f4f1eccae666e30a385ee772325f55c,runtime_ns,4,1171.75,26.427573983751643,1129.6978324088989,1213.8021675911011
jsonpath_ng_1_8_0,ea7cf46b9f4f1eccae666e30a385ee772325f55c,runtime_ns,3,1194.5,23.817010727629107,1135.3352654703344,1253.6647345296656
jsonpath_ng_1_5_2,5bfa817d8cdb78750fd3d78c1890e215b68ce930,runtime_ns,3,1597.3333333333333,23.96525262402492,1537.8003455183693,1656.8663211482972
jsonpath_ng_1_5_3,5bfa817d8cdb78750fd3d78c1890e215b68ce930,runtime_ns,3,1756.8333333333333,11.835680518387328,1727.4318730133787,1786.2347936532879
jsonpath_ng_1_6_0,5bfa817d8cdb78750fd3d78c1890e215b68ce930,runtime_ns,3,1778.0,24.24871130596428,1717.7628617835076,1838.2371382164924
jsonpath_ng_1_6_1,5bfa817d8cdb78750fd3d78c1890e215b68ce930,runtime_ns,5,1775.2,63.03729055091121,1696.9288657786233,1853.4711342213768
jsonpath_ng_1_7_0,5bfa817d8cdb78750fd3d78c1890e215b68ce930,runtime_ns,3,1750.0,0.0,1750.0,1750.0
jsonpath_ng_1_8_0,5bfa817d8cdb78750fd3d78c1890e215b68ce930,runtime_ns,4,1817.75,46.26463732341006,1744.1326379424115,1891.3673620575885
jsonpath_ng_1_5_2,67a2ade2c960a8e332727ff717428934b68c9a98,runtime_ns,5,1912.5,59.803846030167655,1838.2437174302197,1986.7562825697803
jsonpath_ng_1_5_3,67a2ade2c960a8e332727ff717428934b68c9a98,runtime_ns,4,2072.75,52.38558962157437,1989.392836929356,2156.1071630706438
jsonpath_ng_1_6_0,67a2ade2c960a8e332727ff717428934b68c9a98,runtime_ns,4,2151.0,51.66720429827803,2068.785948288303,2233.214051711697
jsonpath_ng_1_6_1,67a2ade2c960a8e332727ff717428934b68c9a98,runtime_ns,3,2104.0,21.0,2051.833108053243,2156.166891946757
jsonpath_ng_1_7_0,67a2ade2c960a8e332727ff717428934b68c9a98,runtime_ns,4,2135.5,52.05445866269927,2052.6697401776746,2218.3302598223254
jsonpath_ng_1_8_0,67a2ade2c960a8e332727ff717428934b68c9a98,runtime_ns,4,2099.125,39.29031899420857,2036.6053347417314,2161.6446652582686
jsonpath_ng_1_5_2,e9bb5c80767d306b3e054caba9994ffcea1c4ecb,runtime_ns,3,1784.8333333333333,31.860372460681205,1705.6877805933434,1863.978886073323
jsonpath_ng_1_5_3,e9bb5c80767d306b3e054caba9994ffcea1c4ecb,runtime_ns,4,1620.125,35.45037611460091,1563.7155407565854,1676.5344592434146
jsonpath_ng_1_6_0,e9bb5c80767d306b3e054caba9994ffcea1c4ecb,runtime_ns,5,1633.6,61.92576200580821,1556.7090107560534,1710.4909892439464
jsonpath_ng_1_6_1,e9bb5c80767d306b3e054caba9994ffcea1c4ecb,runtime_ns,4,1625.0,47.34272207354931,1549.6671645274798,1700.3328354725202
jsonpath_ng_1_7_0,e9bb5c80767d306b3e054caba9994ffcea1c4ecb,runtime_ns,3,1618.1666666666667,11.835680518387328,1588.7652063467121,1647.5681269866213
jsonpath_ng_1_8_0,e9bb5c80767d306b3e054caba9994ffcea1c4ecb,runtime_ns,5,1608.4,62.938859220675425,1530.2510844176725,1686.5489155823277
jsonpath_ng_1_5_2,dcf85e2ffbced455b99152b4d21b97d48489f891,runtime_ns,3,2472.3333333333335,47.92007234273894,2353.293274476932,2591.373392189735
jsonpath_ng_1_5_3,dcf85e2ffbced455b99152b4d21b97d48489f891,runtime_ns,3,1617.8333333333333,31.860372460681205,1538.6877805933434,1696.978886073323
jsonpath_ng_1_6_0,dcf85e2ffbced455b99152b4d21b97d48489f891,runtime_ns,5,1629.2,59.82954955538275,1554.9118022883333,1703.4881977116668
jsonpath_ng_1_6_1,dcf85e2ffbced455b99152b4d21b97d48489f891,runtime_ns,3,1638.8333333333333,23.96003617136947,1579.3133039051324,1698.353362761534
jsonpath_ng_1_7_0,dcf85e2ffbced455b99152b4d21b97d48489f891,runtime_ns,3,1673.5,31.752952618614856,1594.6212929406774,1752.3787070593226
jsonpath_ng_1_8_0,dcf85e2ffbced455b99152b4d21b97d48489f891,runtime_ns,4,1729.0,45.21246140907025,1657.056884617961,1800.943115382039
jsonpath_ng_1_5_2,b602f0ce2c7f77696b2aebd58076384f96bb5da6,runtime_ns,4,4395.875,94.66112806567787,4245.248021366698,4546.501978633302
jsonpath_ng_1_5_3,b602f0ce2c7f77696b2aebd58076384f96bb5da6,runtime_ns,3,2764.0,24.24871130596428,2703.7628617835076,2824.2371382164924
jsonpath_ng_1_6_0,b602f0ce2c7f77696b2aebd58076384f96bb5da6,runtime_ns,3,2763.6666666666665,23.671361036774655,2704.8637460267573,2822.4695873065757
jsonpath_ng_1_6_1,b602f0ce2c7f77696b2aebd58076384f96bb5da6,runtime_ns,3,2742.8333333333335,31.860372460681205,2663.6877805933436,2821.9788860733233
jsonpath_ng_1_7_0,b602f0ce2c7f77696b2aebd58076384f96bb5da6,runtime_ns,4,2734.125,52.11905441710674,2651.1919539176993,2817.0580460823007
jsonpath_ng_1_8_0,b602f0ce2c7f77696b2aebd58076384f96bb5da6,runtime_ns,4,2942.625,52.05025616331457,2859.8014272919945,3025.4485727080055
jsonpath_ng_1_5_2,0574e14da8cd8dcd7e4b9ea53025166751d0588e,runtime_ns,3,1416.5,0.5,1415.2579311441248,1417.7420688558752
jsonpath_ng_1_5_3,0574e14da8cd8dcd7e4b9ea53025166751d0588e,runtime_ns,6,1586.8333333333333,85.82928793055822,1496.7610196321111,1676.9056470345554
jsonpath_ng_1_6_0,0574e14da8cd8dcd7e4b9ea53025166751d0588e,runtime_ns,4,1614.5,40.2119385257662,1550.51383240519,1678.48616759481
jsonpath_ng_1_6_1,0574e14da8cd8dcd7e4b9ea53025166751d0588e,runtime_ns,3,1569.3333333333333,24.54248017893329,1508.3664327809602,1630.3002338857063
jsonpath_ng_1_7_0,0574e14da8cd8dcd7e4b9ea53025166751d0588e,runtime_ns,3,1555.3333333333333,23.96525262402492,1495.8003455183693,1614.8663211482972
jsonpath_ng_1_8_0,0574e14da8cd8dcd7e4b9ea53025166751d0588e,runtime_ns,6,1618.1666666666667,89.86638229430774,1523.8576822585028,1712.4756510748307
jsonpath_ng_1_5_2,f6d7400d3fbad52a06b875789b56c9b9012ef237,runtime_ns,3,3958.5,72.31355336311444,3778.8631750200175,4138.1368249799825
jsonpath_ng_1_5_3,f6d7400d3fbad52a06b875789b56c9b9012ef237,runtime_ns,3,4722.166666666667,31.80539786472311,4643.157678393685,4801.175654939649
jsonpath_ng_1_6_0,f6d7400d3fbad52a06b875789b56c9b9012ef237,runtime_ns,3,4735.833333333333,24.105670149019574,4675.951529049139,4795.715137617527
jsonpath_ng_1_6_1,f6d7400d3fbad52a06b875789b56c9b9012ef237,runtime_ns,3,4701.833333333333,31.860372460681205,4622.687780593344,4780.978886073322
jsonpath_ng_1_7_0,f6d7400d3fbad52a06b875789b56c9b9012ef237,runtime_ns,3,4729.5,20.5,4678.575176909118,4780.424823090882
jsonpath_ng_1_8_0,f6d7400d3fbad52a06b875789b56c9b9012ef237,runtime_ns,4,4854.5,121.39261372368036,4661.337262483171,5047.662737516829
jsonpath_ng_1_5_2,a7417b10b1755466629ec076d10610828c8c43a8,runtime_ns,4,3364.75,59.98680410445839,3269.2976084559946,3460.2023915440054
jsonpath_ng_1_5_3,a7417b10b1755466629ec076d10610828c8c43a8,runtime_ns,3,2139.0,24.24871130596428,2078.7628617835076,2199.2371382164924
jsonpath_ng_1_6_0,a7417b10b1755466629ec076d10610828c8c43a8,runtime_ns,4,2156.375,49.466107925865096,2077.6633837972827,2235.0866162027173
jsonpath_ng_1_6_1,a7417b10b1755466629ec076d10610828c8c43a8,runtime_ns,3,2125.0,0.0,2125.0,2125.0
jsonpath_ng_1_7_0,a7417b10b1755466629ec076d10610828c8c43a8,runtime_ns,3,2125.0,41.0,2023.1503538182365,2226.8496461817635
jsonpath_ng_1_8_0,a7417b10b1755466629ec076d10610828c8c43a8,runtime_ns,3,2271.1666666666665,36.08439182435161,2181.5280681302193,2360.805265203114
jsonpath_ng_1_5_2,745bb17df2c3e1f521944fe341faa95457c3c471,runtime_ns,3,1444.6666666666667,23.96525262402492,1385.1336788517028,1504.1996544816307
jsonpath_ng_1_5_3,745bb17df2c3e1f521944fe341faa95457c3c471,runtime_ns,3,1639.0,24.24871130596428,1578.7628617835076,1699.2371382164924
jsonpath_ng_1_6_0,745bb17df2c3e1f521944fe341faa95457c3c471,runtime_ns,3,1673.5,31.752952618614856,1594.6212929406774,1752.3787070593226
jsonpath_ng_1_6_1,745bb17df2c3e1f521944fe341faa95457c3c471,runtime_ns,3,1645.8333333333333,21.001984033260605,1593.6615127747323,1698.0051538919342
jsonpath_ng_1_7_0,745bb17df2c3e1f521944fe341faa95457c3c471,runtime_ns,3,1638.6666666666667,11.835680518387328,1609.2652063467121,1668.0681269866213
jsonpath_ng_1_8_0,745bb17df2c3e1f521944fe341faa95457c3c471,runtime_ns,3,1666.5,0.5,1665.2579311441248,1667.7420688558752
jsonpath_ng_1_5_2,c89e74214aea398ab75ca654c3b9250a6106e5d1,runtime_ns,6,1739.6666666666667,149.05424068662612,1583.2438342124872,1896.0894991208463
jsonpath_ng_1_5_3,c89e74214aea398ab75ca654c3b9250a6106e5d1,runtime_ns,3,1277.3333333333333,23.671361036774655,1218.5304126934238,1336.1362539732427
jsonpath_ng_1_6_0,c89e74214aea398ab75ca654c3b9250a6106e5d1,runtime_ns,3,1292.0,0.0,1292.0,1292.0
jsonpath_ng_1_6_1,c89e74214aea398ab75ca654c3b9250a6106e5d1,runtime_ns,6,1312.5,93.19978540747827,1214.6928235627347,1410.3071764372653
jsonpath_ng_1_7_0,c89e74214aea398ab75ca654c3b9250a6106e5d1,runtime_ns,3,1278.0,24.24871130596428,1217.7628617835076,1338.2371382164924
jsonpath_ng_1_8_0,c89e74214aea398ab75ca654c3b9250a6106e5d1,runtime_ns,3,1375.0,0.0,1375.0,1375.0
jsonpath_ng_1_5_2,7172cc00c2b9efeb763856d170d8b2ce1938467b,runtime_ns,3,2153.0,24.24871130596428,2092.7628617835076,2213.2371382164924
jsonpath_ng_1_5_3,7172cc00c2b9efeb763856d170d8b2ce1938467b,runtime_ns,3,2451.5,12.134661099511597,2421.3558307433937,2481.6441692566063
jsonpath_ng_1_6_0,7172cc00c2b9efeb763856d170d8b2ce1938467b,runtime_ns,3,2506.8333333333335,31.31426724886491,2429.0443811446,2584.622285522067
jsonpath_ng_1_6_1,7172cc00c2b9efeb763856d170d8b2ce1938467b,runtime_ns,4,2411.375,54.86555537554201,2324.071658003884,2498.678341996116
jsonpath_ng_1_7_0,7172cc00c2b9efeb763856d170d8b2ce1938467b,runtime_ns,3,2534.5,31.752952618614856,2455.6212929406774,2613.3787070593226
jsonpath_ng_1_8_0,7172cc00c2b9efeb763856d170d8b2ce1938467b,runtime_ns,4,2468.875,52.485513874465084,2385.358835144646,2552.391164855354
jsonpath_ng_1_5_2,2111efe4a12fe5f80efcec0e7ba1a135434cb5fb,runtime_ns,0,nan,0,nan,nan
jsonpath_ng_1_5_3,2111efe4a12fe5f80efcec0e7ba1a135434cb5fb,runtime_ns,0,nan,0,nan,nan
jsonpath_ng_1_6_0,2111efe4a12fe5f80efcec0e7ba1a135434cb5fb,runtime_ns,0,nan,0,nan,nan
jsonpath_ng_1_6_1,2111efe4a12fe5f80efcec0e7ba1a135434cb5fb,runtime_ns,0,nan,0,nan,nan
jsonpath_ng_1_7_0,2111efe4a12fe5f80efcec0e7ba1a135434cb5fb,runtime_ns,0,nan,0,nan,nan
jsonpath_ng_1_8_0,2111efe4a12fe5f80efcec0e7ba1a135434cb5fb,runtime_ns,0,nan,0,nan,nan
jsonpath_ng_1_5_2,1f8ef63510599e011e52e8f005dc083040625ac8,runtime_ns,0,nan,0,nan,nan
jsonpath_ng_1_5_3,1f8ef63510599e011e52e8f005dc083040625ac8,runtime_ns,0,nan,0,nan,nan
jsonpath_ng_1_6_0,1f8ef63510599e011e52e8f005dc083040625ac8,runtime_ns,0,nan,0,nan,nan
jsonpath_ng_1_6_1,1f8ef63510599e011e52e8f005dc083040625ac8,runtime_ns,0,nan,0,nan,nan
jsonpath_ng_1_7_0,1f8ef63510599e011e52e8f005dc083040625ac8,runtime_ns,0,nan,0,nan,nan
jsonpath_ng_1_8_0,1f8ef63510599e011e52e8f005dc083040625ac8,runtime_ns,0,nan,0,nan,nan
jsonpath_ng_1_5_2,c7409c20aef43c50d60f9ff5912627310a3949fb,runtime_ns,0,nan,0,nan,nan
jsonpath_ng_1_5_3,c7409c20aef43c50d60f9ff5912627310a3949fb,runtime_ns,0,nan,0,nan,nan
jsonpath_ng_1_6_0,c7409c20aef43c50d60f9ff5912627310a3949fb,runtime_ns,0,nan,0,nan,nan
jsonpath_ng_1_6_1,c7409c20aef43c50d60f9ff5912627310a3949fb,runtime_ns,0,nan,0,nan,nan
jsonpath_ng_1_7_0,c7409c20aef43c50d60f9ff5912627310a3949fb,runtime_ns,0,nan,0,nan,nan
jsonpath_ng_1_8_0,c7409c20aef43c50d60f9ff5912627310a3949fb,runtime_ns,0,nan,0,nan,nan
jsonpath_ng_1_5_2,c217832a5170c2c0e70514d2eaa5d9c5d5c88f28,runtime_ns,0,nan,0,nan,nan
jsonpath_ng_1_5_3,c217832a5170c2c0e70514d2eaa5d9c5d5c88f28,runtime_ns,0,nan,0,nan,nan
jsonpath_ng_1_6_0,c217832a5170c2c0e70514d2eaa5d9c5d5c88f28,runtime_ns,0,nan,0,nan,nan
jsonpath_ng_1_6_1,c217832a5170c2c0e70514d2eaa5d9c5d5c88f28,runtime_ns,0,nan,0,nan,nan
jsonpath_ng_1_7_0,c217832a5170c2c0e70514d2eaa5d9c5d5c88f28,runtime_ns,0,nan,0,nan,nan
jsonpath_ng_1_8_0,c217832a5170c2c0e70514d2eaa5d9c5d5c88f28,runtime_ns,0,nan,0,nan,nan
jsonpath_ng_1_5_2,210bc991744c4897ff3d0ab7ac40c5b8faa7760b,runtime_ns,0,nan,0,nan,nan
jsonpath_ng_1_5_3,210bc991744c4897ff3d0ab7ac40c5b8faa7760b,runtime_ns,0,nan,0,nan,nan
jsonpath_ng_1_6_0,210bc991744c4897ff3d0ab7ac40c5b8faa7760b,runtime_ns,0,nan,0,nan,nan
jsonpath_ng_1_6_1,210bc991744c4897ff3d0ab7ac40c5b8faa7760b,runtime_ns,0,nan,0,nan,nan
jsonpath_ng_1_7_0,210bc991744c4897ff3d0ab7ac40c5b8faa7760b,runtime_ns,0,nan,0,nan,nan
jsonpath_ng_1_8_0,210bc991744c4897ff3d0ab7ac40c5b8faa7760b,runtime_ns,0,nan,0,nan,nan
jsonpath_ng_1_5_2,6c2f2459aeab70b9184192e9a1b2323259824145,runtime_ns,0,nan,0,nan,nan
jsonpath_ng_1_5_3,6c2f2459aeab70b9184192e9a1b2323259824145,runtime_ns,0,nan,0,nan,nan
jsonpath_ng_1_6_0,6c2f2459aeab70b9184192e9a1b2323259824145,runtime_ns,0,nan,0,nan,nan
jsonpath_ng_1_6_1,6c2f2459aeab70b9184192e9a1b2323259824145,runtime_ns,0,nan,0,nan,nan
jsonpath_ng_1_7_0,6c2f2459aeab70b9184192e9a1b2323259824145,runtime_ns,0,nan,0,nan,nan
jsonpath_ng_1_8_0,6c2f2459aeab70b9184192e9a1b2323259824145,runtime_ns,0,nan,0,nan,nan
jsonpath_ng_1_5_2,70c124d7c1c1af677bd5c37c84f1f41b6e48555d,runtime_ns,0,nan,0,nan,nan
jsonpath_ng_1_5_3,70c124d7c1c1af677bd5c37c84f1f41b6e48555d,runtime_ns,0,nan,0,nan,nan
jsonpath_ng_1_6_0,70c124d7c1c1af677bd5c37c84f1f41b6e48555d,runtime_ns,0,nan,0,nan,nan
jsonpath_ng_1_6_1,70c124d7c1c1af677bd5c37c84f1f41b6e48555d,runtime_ns,0,nan,0,nan,nan
jsonpath_ng_1_7_0,70c124d7c1c1af677bd5c37c84f1f41b6e48555d,runtime_ns,0,nan,0,nan,nan
jsonpath_ng_1_8_0,70c124d7c1c1af677bd5c37c84f1f41b6e48555d,runtime_ns,0,nan,0,nan,nan
jsonpath_ng_1_5_2,1b2410b6d31fce72aed1488b5fd93eaf340072ef,runtime_ns,0,nan,0,nan,nan
jsonpath_ng_1_5_3,1b2410b6d31fce72aed1488b5fd93eaf340072ef,runtime_ns,0,nan,0,nan,nan
jsonpath_ng_1_6_0,1b2410b6d31fce72aed1488b5fd93eaf340072ef,runtime_ns,0,nan,0,nan,nan
jsonpath_ng_1_6_1,1b2410b6d31fce72aed1488b5fd93eaf340072ef,runtime_ns,0,nan,0,nan,nan
jsonpath_ng_1_7_0,1b2410b6d31fce72aed1488b5fd93eaf340072ef,runtime_ns,0,nan,0,nan,nan
jsonpath_ng_1_8_0,1b2410b6d31fce72aed1488b5fd93eaf340072ef,runtime_ns,0,nan,0,nan,nan
jsonpath_ng_1_5_2,7bbb87af3aba4771ac2326d748b49c28eaa30a3d,runtime_ns,0,nan,0,nan,nan
jsonpath_ng_1_5_3,7bbb87af3aba4771ac2326d748b49c28eaa30a3d,runtime_ns,0,nan,0,nan,nan
jsonpath_ng_1_6_0,7bbb87af3aba4771ac2326d748b49c28eaa30a3d,runtime_ns,0,nan,0,nan,nan
jsonpath_ng_1_6_1,7bbb87af3aba4771ac2326d748b49c28eaa30a3d,runtime_ns,0,nan,0,nan,nan
jsonpath_ng_1_7_0,7bbb87af3aba4771ac2326d748b49c28eaa30a3d,runtime_ns,0,nan,0,nan,nan
jsonpath_ng_1_8_0,7bbb87af3aba4771ac2326d748b49c28eaa30a3d,runtime_ns,0,nan,0,nan,nan
jsonpath_ng_1_5_2,6350c51c1860dbd3c9e79e7176f18b9f2104ac2d,runtime_ns,0,nan,0,nan,nan
jsonpath_ng_1_5_3,6350c51c1860dbd3c9e79e7176f18b9f2104ac2d,runtime_ns,0,nan,0,nan,nan
jsonpath_ng_1_6_0,6350c51c1860dbd3c9e79e7176f18b9f2104ac2d,runtime_ns,0,nan,0,nan,nan
jsonpath_ng_1_6_1,6350c51c1860dbd3c9e79e7176f18b9f2104ac2d,runtime_ns,0,nan,0,nan,nan
jsonpath_ng_1_7_0,6350c51c1860dbd3c9e79e7176f18b9f2104ac2d,runtime_ns,0,nan,0,nan,nan
jsonpath_ng_1_8_0,6350c51c1860dbd3c9e79e7176f18b9f2104ac2d,runtime_ns,0,nan,0,nan,nan
jsonpath_ng_1_5_2,781b6f36615c699a67842e18331f366fe5652060,runtime_ns,0,nan,0,nan,nan
jsonpath_ng_1_5_3,781b6f36615c699a67842e18331f366fe5652060,runtime_ns,0,nan,0,nan,nan
jsonpath_ng_1_6_0,781b6f36615c699a67842e18331f366fe5652060,runtime_ns,0,nan,0,nan,nan
jsonpath_ng_1_6_1,781b6f36615c699a67842e18331f366fe5652060,runtime_ns,0,nan,0,nan,nan
jsonpath_ng_1_7_0,781b6f36615c699a67842e18331f366fe5652060,runtime_ns,0,nan,0,nan,nan
jsonpath_ng_1_8_0,781b6f36615c699a67842e18331f366fe5652060,runtime_ns,0,nan,0,nan,nan
jsonpath_ng_1_5_2,ef3f3b6da99a536580ae6745236f09fb72f21f80,runtime_ns,0,nan,0,nan,nan
jsonpath_ng_1_5_3,ef3f3b6da99a536580ae6745236f09fb72f21f80,runtime_ns,0,nan,0,nan,nan
jsonpath_ng_1_6_0,ef3f3b6da99a536580ae6745236f09fb72f21f80,runtime_ns,0,nan,0,nan,nan
jsonpath_ng_1_6_1,ef3f3b6da99a536580ae6745236f09fb72f21f80,runtime_ns,0,nan,0,nan,nan
jsonpath_ng_1_7_0,ef3f3b6da99a536580ae6745236f09fb72f21f80,runtime_ns,0,nan,0,nan,nan
jsonpath_ng_1_8_0,ef3f3b6da99a536580ae6745236f09fb72f21f80,runtime_ns,0,nan,0,nan,nan
jsonpath_ng_1_5_2,1b84197284638d9c6b2fb2883eae3a4d4cfd15cd,runtime_ns,0,nan,0,nan,nan
jsonpath_ng_1_5_3,1b84197284638d9c6b2fb2883eae3a4d4cfd15cd,runtime_ns,0,nan,0,nan,nan
jsonpath_ng_1_6_0,1b84197284638d9c6b2fb2883eae3a4d4cfd15cd,runtime_ns,0,nan,0,nan,nan
jsonpath_ng_1_6_1,1b84197284638d9c6b2fb2883eae3a4d4cfd15cd,runtime_ns,0,nan,0,nan,nan
jsonpath_ng_1_7_0,1b84197284638d9c6b2fb2883eae3a4d4cfd15cd,runtime_ns,0,nan,0,nan,nan
jsonpath_ng_1_8_0,1b84197284638d9c6b2fb2883eae3a4d4cfd15cd,runtime_ns,0,nan,0,nan,nan
jsonpath_ng_1_5_2,8f78d978b78b86a0106a02b59babd91551aee6e2,runtime_ns,0,nan,0,nan,nan
jsonpath_ng_1_5_3,8f78d978b78b86a0106a02b59babd91551aee6e2,runtime_ns,0,nan,0,nan,nan
jsonpath_ng_1_6_0,8f78d978b78b86a0106a02b59babd91551aee6e2,runtime_ns,0,nan,0,nan,nan
jsonpath_ng_1_6_1,8f78d978b78b86a0106a02b59babd91551aee6e2,runtime_ns,0,nan,0,nan,nan
jsonpath_ng_1_7_0,8f78d978b78b86a0106a02b59babd91551aee6e2,runtime_ns,0,nan,0,nan,nan
jsonpath_ng_1_8_0,8f78d978b78b86a0106a02b59babd91551aee6e2,runtime_ns,0,nan,0,nan,nan
jsonpath_ng_1_5_2,db7360d675419223d35e31546b9bcec1c97e821e,runtime_ns,0,nan,0,nan,nan
jsonpath_ng_1_5_3,db7360d675419223d35e31546b9bcec1c97e821e,runtime_ns,0,nan,0,nan,nan
jsonpath_ng_1_6_0,db7360d675419223d35e31546b9bcec1c97e821e,runtime_ns,0,nan,0,nan,nan
jsonpath_ng_1_6_1,db7360d675419223d35e31546b9bcec1c97e821e,runtime_ns,0,nan,0,nan,nan
jsonpath_ng_1_7_0,db7360d675419223d35e31546b9bcec1c97e821e,runtime_ns,0,nan,0,nan,nan
jsonpath_ng_1_8_0,db7360d675419223d35e31546b9bcec1c97e821e,runtime_ns,0,nan,0,nan,nan
jsonpath_ng_1_5_2,404e5c23c32d57e5039d3306a1372bbc21396816,runtime_ns,0,nan,0,nan,nan
jsonpath_ng_1_5_3,404e5c23c32d57e5039d3306a1372bbc21396816,runtime_ns,0,nan,0,nan,nan
jsonpath_ng_1_6_0,404e5c23c32d57e5039d3306a1372bbc21396816,runtime_ns,0,nan,0,nan,nan
jsonpath_ng_1_6_1,404e5c23c32d57e5039d3306a1372bbc21396816,runtime_ns,0,nan,0,nan,nan
jsonpath_ng_1_7_0,404e5c23c32d57e5039d3306a1372bbc21396816,runtime_ns,0,nan,0,nan,nan
jsonpath_ng_1_8_0,404e5c23c32d57e5039d3306a1372bbc21396816,runtime_ns,0,nan,0,nan,nan
jsonpath_ng_1_5_2,c0595070c90b420117334e51e82c3ec61a1ebe4f,runtime_ns,0,nan,0,nan,nan
jsonpath_ng_1_5_3,c0595070c90b420117334e51e82c3ec61a1ebe4f,runtime_ns,0,nan,0,nan,nan
jsonpath_ng_1_6_0,c0595070c90b420117334e51e82c3ec61a1ebe4f,runtime_ns,0,nan,0,nan,nan
jsonpath_ng_1_6_1,c0595070c90b420117334e51e82c3ec61a1ebe4f,runtime_ns,0,nan,0,nan,nan
jsonpath_ng_1_7_0,c0595070c90b420117334e51e82c3ec61a1ebe4f,runtime_ns,0,nan,0,nan,nan
jsonpath_ng_1_8_0,c0595070c90b420117334e51e82c3ec61a1ebe4f,runtime_ns,0,nan,0,nan,nan
jsonpath_ng_1_5_2,0c349f303355773edc06d7cb4c9f11e74609191d,runtime_ns,0,nan,0,nan,nan
jsonpath_ng_1_5_3,0c349f303355773edc06d7cb4c9f11e74609191d,runtime_ns,0,nan,0,nan,nan
jsonpath_ng_1_6_0,0c349f303355773edc06d7cb4c9f11e74609191d,runtime_ns,0,nan,0,nan,nan
jsonpath_ng_1_6_1,0c349f303355773edc06d7cb4c9f11e74609191d,runtime_ns,0,nan,0,nan,nan
jsonpath_ng_1_7_0,0c349f303355773edc06d7cb4c9f11e74609191d,runtime_ns,0,nan,0,nan,nan
jsonpath_ng_1_8_0,0c349f303355773edc06d7cb4c9f11e74609191d,runtime_ns,0,nan,0,nan,nan
jsonpath_ng_1_5_2,6c5d9c94307d8b6a8f49fd677d7275cbf58dd2cf,runtime_ns,0,nan,0,nan,nan
jsonpath_ng_1_5_3,6c5d9c94307d8b6a8f49fd677d7275cbf58dd2cf,runtime_ns,0,nan,0,nan,nan
jsonpath_ng_1_6_0,6c5d9c94307d8b6a8f49fd677d7275cbf58dd2cf,runtime_ns,0,nan,0,nan,nan
jsonpath_ng_1_6_1,6c5d9c94307d8b6a8f49fd677d7275cbf58dd2cf,runtime_ns,0,nan,0,nan,nan
jsonpath_ng_1_7_0,6c5d9c94307d8b6a8f49fd677d7275cbf58dd2cf,runtime_ns,0,nan,0,nan,nan
jsonpath_ng_1_8_0,6c5d9c94307d8b6a8f49fd677d7275cbf58dd2cf,runtime_ns,0,nan,0,nan,nan
jsonpath_ng_1_5_2,8911c6aa28412b14980b4dfb3c6952bca85896c1,runtime_ns,0,nan,0,nan,nan
jsonpath_ng_1_5_3,8911c6aa28412b14980b4dfb3c6952bca85896c1,runtime_ns,0,nan,0,nan,nan
jsonpath_ng_1_6_0,8911c6aa28412b14980b4dfb3c6952bca85896c1,runtime_ns,0,nan,0,nan,nan
jsonpath_ng_1_6_1,8911c6aa28412b14980b4dfb3c6952bca85896c1,runtime_ns,0,nan,0,nan,nan
jsonpath_ng_1_7_0,8911c6aa28412b14980b4dfb3c6952bca85896c1,runtime_ns,0,nan,0,nan,nan
jsonpath_ng_1_8_0,8911c6aa28412b14980b4dfb3c6952bca85896c1,runtime_ns,0,nan,0,nan,nan
jsonpath_ng_1_5_2,6c8eb98b6287344b13b3ce70fc70f7c34ef1d41f,runtime_ns,0,nan,0,nan,nan
jsonpath_ng_1_5_3,6c8eb98b6287344b13b3ce70fc70f7c34ef1d41f,runtime_ns,0,nan,0,nan,nan
jsonpath_ng_1_6_0,6c8eb98b6287344b13b3ce70fc70f7c34ef1d41f,runtime_ns,0,nan,0,nan,nan
jsonpath_ng_1_6_1,6c8eb98b6287344b13b3ce70fc70f7c34ef1d41f,runtime_ns,0,nan,0,nan,nan
jsonpath_ng_1_7_0,6c8eb98b6287344b13b3ce70fc70f7c34ef1d41f,runtime_ns,0,nan,0,nan,nan
jsonpath_ng_1_8_0,6c8eb98b6287344b13b3ce70fc70f7c34ef1d41f,runtime_ns,0,nan,0,nan,nan
jsonpath_ng_1_5_2,eca8cbbf6805fe2a206dcccbea49300516956544,runtime_ns,0,nan,0,nan,nan
jsonpath_ng_1_5_3,eca8cbbf6805fe2a206dcccbea49300516956544,runtime_ns,0,nan,0,nan,nan
jsonpath_ng_1_6_0,eca8cbbf6805fe2a206dcccbea49300516956544,runtime_ns,0,nan,0,nan,nan
jsonpath_ng_1_6_1,eca8cbbf6805fe2a206dcccbea49300516956544,runtime_ns,0,nan,0,nan,nan
jsonpath_ng_1_7_0,eca8cbbf6805fe2a206dcccbea49300516956544,runtime_ns,0,nan,0,nan,nan
jsonpath_ng_1_8_0,eca8cbbf6805fe2a206dcccbea49300516956544,runtime_ns,0,nan,0,nan,nan
jsonpath_ng_1_5_2,5f55526f9c3a59fe1cfa4af620f86b1b94ffdfe7,runtime_ns,0,nan,0,nan,nan
jsonpath_ng_1_5_3,5f55526f9c3a59fe1cfa4af620f86b1b94ffdfe7,runtime_ns,0,nan,0,nan,nan
jsonpath_ng_1_6_0,5f55526f9c3a59fe1cfa4af620f86b1b94ffdfe7,runtime_ns,0,nan,0,nan,nan
jsonpath_ng_1_6_1,5f55526f9c3a59fe1cfa4af620f86b1b94ffdfe7,runtime_ns,0,nan,0,nan,nan
jsonpath_ng_1_7_0,5f55526f9c3a59fe1cfa4af620f86b1b94ffdfe7,runtime_ns,0,nan,0,nan,nan
jsonpath_ng_1_8_0,5f55526f9c3a59fe1cfa4af620f86b1b94ffdfe7,runtime_ns,0,nan,0,nan,nan
jsonpath_ng_1_5_2,0734f0d0b92f5be67b3f2d0192ac23c28eaa7a15,runtime_ns,0,nan,0,nan,nan
jsonpath_ng_1_5_3,0734f0d0b92f5be67b3f2d0192ac23c28eaa7a15,runtime_ns,0,nan,0,nan,nan
jsonpath_ng_1_6_0,0734f0d0b92f5be67b3f2d0192ac23c28eaa7a15,runtime_ns,0,nan,0,nan,nan
jsonpath_ng_1_6_1,0734f0d0b92f5be67b3f2d0192ac23c28eaa7a15,runtime_ns,0,nan,0,nan,nan
jsonpath_ng_1_7_0,0734f0d0b92f5be67b3f2d0192ac23c28eaa7a15,runtime_ns,0,nan,0,nan,nan
jsonpath_ng_1_8_0,0734f0d0b92f5be67b3f2d0192ac23c28eaa7a15,runtime_ns,0,nan,0,nan,nan
jsonpath_ng_1_5_2,49b4d004a166085b57b5b96f123d38d0dd863159,runtime_ns,0,nan,0,nan,nan
jsonpath_ng_1_5_3,49b4d004a166085b57b5b96f123d38d0dd863159,runtime_ns,0,nan,0,nan,nan
jsonpath_ng_1_6_0,49b4d004a166085b57b5b96f123d38d0dd863159,runtime_ns,0,nan,0,nan,nan
jsonpath_ng_1_6_1,49b4d004a166085b57b5b96f123d38d0dd863159,runtime_ns,0,nan,0,nan,nan
jsonpath_ng_1_7_0,49b4d004a166085b57b5b96f123d38d0dd863159,runtime_ns,0,nan,0,nan,nan
jsonpath_ng_1_8_0,49b4d004a166085b57b5b96f123d38d0dd863159,runtime_ns,0,nan,0,nan,nan
jsonpath_ng_1_5_2,1364696258bb9eea176662bf4dc4038f97911568,runtime_ns,4,505.125,10.25,488.814962685421,521.435037314579
jsonpath_ng_1_5_3,1364696258bb9eea176662bf4dc4038f97911568,runtime_ns,5,528.9,18.50810633209135,505.919150692515,551.8808493074849
jsonpath_ng_1_6_0,1364696258bb9eea176662bf4dc4038f97911568,runtime_ns,3,541.3333333333334,0.5773502691896257,539.8991157567502,542.7675509099165
jsonpath_ng_1_6_1,1364696258bb9eea176662bf4dc4038f97911568,runtime_ns,5,532.9,18.392933425639317,510.062156744025,555.7378432559749
jsonpath_ng_1_7_0,1364696258bb9eea176662bf4dc4038f97911568,runtime_ns,6,527.5,21.304929007157007,505.1418481944357,549.8581518055644
jsonpath_ng_1_8_0,1364696258bb9eea176662bf4dc4038f97911568,runtime_ns,4,536.625,10.75,519.5193511091001,553.7306488908999
jsonpath_ng_1_5_2,6b97c3a6171ec70dd3edc515dda3fb7915e5403e,runtime_ns,3,500.0,0.0,500.0,500.0
jsonpath_ng_1_5_3,6b97c3a6171ec70dd3edc515dda3fb7915e5403e,runtime_ns,6,527.6666666666666,21.435173586109972,505.1718315580458,550.1615017752874
jsonpath_ng_1_6_0,6b97c3a6171ec70dd3edc515dda3fb7915e5403e,runtime_ns,3,541.6666666666666,0.5773502691896257,540.2324490900835,543.1008842432498
jsonpath_ng_1_6_1,6b97c3a6171ec70dd3edc515dda3fb7915e5403e,runtime_ns,3,542.0,0.0,542.0,542.0
jsonpath_ng_1_7_0,6b97c3a6171ec70dd3edc515dda3fb7915e5403e,runtime_ns,5,528.9,18.50472912528038,505.9233440486267,551.8766559513732
jsonpath_ng_1_8_0,6b97c3a6171ec70dd3edc515dda3fb7915e5403e,runtime_ns,3,541.8333333333334,0.28867513459481287,541.1162245450417,542.550442121625
jsonpath_ng_1_5_2,e61110b6aec8d59256eb39b2095dd8643ff1263f,runtime_ns,6,517.0833333333334,20.15543764512859,495.9314987308342,538.2351679358325
jsonpath_ng_1_5_3,e61110b6aec8d59256eb39b2095dd8643ff1263f,runtime_ns,5,520.7,20.7533129885327,494.93135841868445,546.4686415813156
jsonpath_ng_1_6_0,e61110b6aec8d59256eb39b2095dd8643ff1263f,runtime_ns,5,533.4,18.676188047886004,510.21044967725646,556.5895503227434
jsonpath_ng_1_6_1,e61110b6aec8d59256eb39b2095dd8643ff1263f,runtime_ns,3,541.0,0.0,541.0,541.0
jsonpath_ng_1_7_0,e61110b6aec8d59256eb39b2095dd8643ff1263f,runtime_ns,6,513.6666666666666,21.172308959267212,491.4476910659226,535.8856422674107
jsonpath_ng_1_8_0,e61110b6aec8d59256eb39b2095dd8643ff1263f,runtime_ns,3,542.0,0.0,542.0,542.0
jsonpath_ng_1_5_2,1e4ffb8e7b2d45f3fa165832debf23b4c8c841e8,runtime_ns,0,nan,0,nan,nan
jsonpath_ng_1_5_3,1e4ffb8e7b2d45f3fa165832debf23b4c8c841e8,runtime_ns,0,nan,0,nan,nan
jsonpath_ng_1_6_0,1e4ffb8e7b2d45f3fa165832debf23b4c8c841e8,runtime_ns,0,nan,0,nan,nan
jsonpath_ng_1_6_1,1e4ffb8e7b2d45f3fa165832debf23b4c8c841e8,runtime_ns,0,nan,0,nan,nan
jsonpath_ng_1_7_0,1e4ffb8e7b2d45f3fa165832debf23b4c8c841e8,runtime_ns,0,nan,0,nan,nan
jsonpath_ng_1_8_0,1e4ffb8e7b2d45f3fa165832debf23b4c8c841e8,runtime_ns,0,nan,0,nan,nan
jsonpath_ng_1_5_2,47ab9e175a06c856fdf963f0071ebfa3931b251c,runtime_ns,0,nan,0,nan,nan
jsonpath_ng_1_5_3,47ab9e175a06c856fdf963f0071ebfa3931b251c,runtime_ns,0,nan,0,nan,nan
jsonpath_ng_1_6_0,47ab9e175a06c856fdf963f0071ebfa3931b251c,runtime_ns,0,nan,0,nan,nan
jsonpath_ng_1_6_1,47ab9e175a06c856fdf963f0071ebfa3931b251c,runtime_ns,0,nan,0,nan,nan
jsonpath_ng_1_7_0,47ab9e175a06c856fdf963f0071ebfa3931b251c,runtime_ns,0,nan,0,nan,nan
jsonpath_ng_1_8_0,47ab9e175a06c856fdf963f0071ebfa3931b251c,runtime_ns,0,nan,0,nan,nan
jsonpath_ng_1_5_2,6814cc913e599a0c80877732115f2015c8af2e44,runtime_ns,0,nan,0,nan,nan
jsonpath_ng_1_5_3,6814cc913e599a0c80877732115f2015c8af2e44,runtime_ns,0,nan,0,nan,nan
jsonpath_ng_1_6_0,6814cc913e599a0c80877732115f2015c8af2e44,runtime_ns,0,nan,0,nan,nan
jsonpath_ng_1_6_1,6814cc913e599a0c80877732115f2015c8af2e44,runtime_ns,0,nan,0,nan,nan
jsonpath_ng_1_7_0,6814cc913e599a0c80877732115f2015c8af2e44,runtime_ns,0,nan,0,nan,nan
jsonpath_ng_1_8_0,6814cc913e599a0c80877732115f2015c8af2e44,runtime_ns,0,nan,0,nan,nan
jsonpath_ng_1_5_2,5ea06abde8a8a4e4faefe663b47413fc0b1560f9,runtime_ns,4,1729.0,41.66733332800008,1662.6979744996406,1795.3020255003594
jsonpath_ng_1_5_3,5ea06abde8a8a4e4faefe663b47413fc0b1560f9,runtime_ns,3,1708.5,0.5,1707.2579311441248,1709.7420688558752
jsonpath_ng_1_6_0,5ea06abde8a8a4e4faefe663b47413fc0b1560f9,runtime_ns,3,1763.8333333333333,23.96003617136947,1704.3133039051324,1823.353362761534
jsonpath_ng_1_6_1,5ea06abde8a8a4e4faefe663b47413fc0b1560f9,runtime_ns,3,1756.8333333333333,11.835680518387328,1727.4318730133787,1786.2347936532879
jsonpath_ng_1_7_0,5ea06abde8a8a4e4faefe663b47413fc0b1560f9,runtime_ns,3,1756.8333333333333,31.31426724886491,1679.0443811445996,1834.622285522067
jsonpath_ng_1_8_0,5ea06abde8a8a4e4faefe663b47413fc0b1560f9,runtime_ns,3,1756.8333333333333,11.835680518387328,1727.4318730133787,1786.2347936532879
jsonpath_ng_1_5_2,be3703b6cc361eaaaf356cf6f16cd9db5247f78d,runtime_ns,0,nan,0,nan,nan
jsonpath_ng_1_5_3,be3703b6cc361eaaaf356cf6f16cd9db5247f78d,runtime_ns,0,nan,0,nan,nan
jsonpath_ng_1_6_0,be3703b6cc361eaaaf356cf6f16cd9db5247f78d,runtime_ns,0,nan,0,nan,nan
jsonpath_ng_1_6_1,be3703b6cc361eaaaf356cf6f16cd9db5247f78d,runtime_ns,0,nan,0,nan,nan
jsonpath_ng_1_7_0,be3703b6cc361eaaaf356cf6f16cd9db5247f78d,runtime_ns,0,nan,0,nan,nan
jsonpath_ng_1_8_0,be3703b6cc361eaaaf356cf6f16cd9db5247f78d,runtime_ns,3,30513.666666666668,11.835680518387328,30484.265206346714,30543.06812698662
jsonpath_ng_1_5_2,0fa48f493ef6469c5c531eb933b332e6994a442a,runtime_ns,3,29354.166666666668,21.001984033260605,29301.994846108068,29406.33848722527
jsonpath_ng_1_5_3,0fa48f493ef6469c5c531eb933b332e6994a442a,runtime_ns,3,32666.333333333332,90.9633625880955,32440.367813940626,32892.29885272604
jsonpath_ng_1_6_0,0fa48f493ef6469c5c531eb933b332e6994a442a,runtime_ns,3,32895.833333333336,416.1455074049621,31862.070584813195,33929.59608185348
jsonpath_ng_1_6_1,0fa48f493ef6469c5c531eb933b332e6994a442a,runtime_ns,3,32763.833333333332,258.8659563042876,32120.77464898954,33406.89201767713
jsonpath_ng_1_7_0,0fa48f493ef6469c5c531eb933b332e6994a442a,runtime_ns,3,32784.833333333336,193.68810839422574,32303.685398953654,33265.98126771302
jsonpath_ng_1_8_0,0fa48f493ef6469c5c531eb933b332e6994a442a,runtime_ns,4,34250.0,649.8077920944521,33216.010796452225,35283.989203547775
jsonpath_ng_1_5_2,b66ad17b7288559fc8189d71d514d309698990d0,runtime_ns,0,nan,0,nan,nan
jsonpath_ng_1_5_3,b66ad17b7288559fc8189d71d514d309698990d0,runtime_ns,0,nan,0,nan,nan
jsonpath_ng_1_6_0,b66ad17b7288559fc8189d71d514d309698990d0,runtime_ns,0,nan,0,nan,nan
jsonpath_ng_1_6_1,b66ad17b7288559fc8189d71d514d309698990d0,runtime_ns,0,nan,0,nan,nan
jsonpath_ng_1_7_0,b66ad17b7288559fc8189d71d514d309698990d0,runtime_ns,0,nan,0,nan,nan
jsonpath_ng_1_8_0,b66ad17b7288559fc8189d71d514d309698990d0,runtime_ns,0,nan,0,nan,nan
jsonpath_ng_1_5_2,989eddc2aa1a294a96745ad6afec5f8856d1979b,runtime_ns,3,100270.66666666667,725.7060929421314,98467.91279354213,102073.42053979122
jsonpath_ng_1_5_3,989eddc2aa1a294a96745ad6afec5f8856d1979b,runtime_ns,3,107131.66666666667,47.92007234273894,107012.62660781026,107250.70672552308
jsonpath_ng_1_6_0,989eddc2aa1a294a96745ad6afec5f8856d1979b,runtime_ns,3,107777.66666666667,586.8565270433083,106319.83423645156,109235.49909688179
jsonpath_ng_1_6_1,989eddc2aa1a294a96745ad6afec5f8856d1979b,runtime_ns,3,107944.66666666667,1175.8616344338025,105023.66443676928,110865.66889656406
jsonpath_ng_1_7_0,989eddc2aa1a294a96745ad6afec5f8856d1979b,runtime_ns,3,108430.5,448.74575206903074,107315.75375429756,109545.24624570244
jsonpath_ng_1_8_0,989eddc2aa1a294a96745ad6afec5f8856d1979b,runtime_ns,3,114125.0,333.5,113296.54007313127,114953.45992686873
jsonpath_ng_1_5_2,e76ef5636e61e6b413d82011d3753e23f5302e31,runtime_ns,0,nan,0,nan,nan
jsonpath_ng_1_5_3,e76ef5636e61e6b413d82011d3753e23f5302e31,runtime_ns,0,nan,0,nan,nan
jsonpath_ng_1_6_0,e76ef5636e61e6b413d82011d3753e23f5302e31,runtime_ns,0,nan,0,nan,nan
jsonpath_ng_1_6_1,e76ef5636e61e6b413d82011d3753e23f5302e31,runtime_ns,0,nan,0,nan,nan
jsonpath_ng_1_7_0,e76ef5636e61e6b413d82011d3753e23f5302e31,runtime_ns,0,nan,0,nan,nan
jsonpath_ng_1_8_0,e76ef5636e61e6b413d82011d3753e23f5302e31,runtime_ns,0,nan,0,nan,nan
jsonpath_ng_1_5_2,024e6a95c8f3c26c292dae7259768eb980cebd66,runtime_ns,0,nan,0,nan,nan
jsonpath_ng_1_5_3,024e6a95c8f3c26c292dae7259768eb980cebd66,runtime_ns,0,nan,0,nan,nan
jsonpath_ng_1_6_0,024e6a95c8f3c26c292dae7259768eb980cebd66,runtime_ns,0,nan,0,nan,nan
jsonpath_ng_1_6_1,024e6a95c8f3c26c292dae7259768eb980cebd66,runtime_ns,0,nan,0,nan,nan
jsonpath_ng_1_7_0,024e6a95c8f3c26c292dae7259768eb980cebd66,runtime_ns,0,nan,0,nan,nan
jsonpath_ng_1_8_0,024e6a95c8f3c26c292dae7259768eb980cebd66,runtime_ns,0,nan,0,nan,nan
jsonpath_ng_1_5_2,d7f8dc474c56b6634812cf0ebc65a4b40147498c,runtime_ns,3,113048.66666666667,812.8382885502708,111029.46442052435,115067.86891280899
jsonpath_ng_1_5_3,d7f8dc474c56b6634812cf0ebc65a4b40147498c,runtime_ns,3,119888.66666666667,709.2355626541391,118126.82785896306,121650.50547437028
jsonpath_ng_1_6_0,d7f8dc474c56b6634812cf0ebc65a4b40147498c,runtime_ns,3,119263.83333333333,254.87856585702403,118630.67987597105,119896.9867906956
jsonpath_ng_1_6_1,d7f8dc474c56b6634812cf0ebc65a4b40147498c,runtime_ns,3,121083.33333333333,1111.610130996175,118321.94068616201,123844.72598050465
jsonpath_ng_1_7_0,d7f8dc474c56b6634812cf0ebc65a4b40147498c,runtime_ns,3,121534.66666666667,1401.7218280862053,118052.59661213412,125016.73672119922
jsonpath_ng_1_8_0,d7f8dc474c56b6634812cf0ebc65a4b40147498c,runtime_ns,3,126055.5,437.068644494203,124969.76129758835,127141.23870241165
jsonpath_ng_1_5_2,a469c1911af163fbf78d8484a9db74f0c479e288,runtime_ns,0,nan,0,nan,nan
jsonpath_ng_1_5_3,a469c1911af163fbf78d8484a9db74f0c479e288,runtime_ns,0,nan,0,nan,nan
jsonpath_ng_1_6_0,a469c1911af163fbf78d8484a9db74f0c479e288,runtime_ns,0,nan,0,nan,nan
jsonpath_ng_1_6_1,a469c1911af163fbf78d8484a9db74f0c479e288,runtime_ns,0,nan,0,nan,nan
jsonpath_ng_1_7_0,a469c1911af163fbf78d8484a9db74f0c479e288,runtime_ns,0,nan,0,nan,nan
jsonpath_ng_1_8_0,a469c1911af163fbf78d8484a9db74f0c479e288,runtime_ns,0,nan,0,nan,nan
jsonpath_ng_1_5_2,4e2ad14a4514e86efcabc070ee9d499d85fb94e6,runtime_ns,0,nan,0,nan,nan
jsonpath_ng_1_5_3,4e2ad14a4514e86efcabc070ee9d499d85fb94e6,runtime_ns,0,nan,0,nan,nan
jsonpath_ng_1_6_0,4e2ad14a4514e86efcabc070ee9d499d85fb94e6,runtime_ns,0,nan,0,nan,nan
jsonpath_ng_1_6_1,4e2ad14a4514e86efcabc070ee9d499d85fb94e6,runtime_ns,0,nan,0,nan,nan
jsonpath_ng_1_7_0,4e2ad14a4514e86efcabc070ee9d499d85fb94e6,runtime_ns,0,nan,0,nan,nan
jsonpath_ng_1_8_0,4e2ad14a4514e86efcabc070ee9d499d85fb94e6,runtime_ns,0,nan,0,nan,nan
jsonpath_ng_1_5_2,23bde44f38d3b9cf65b28af49b083227501710c4,runtime_ns,5,532.9,18.392933425639317,510.062156744025,555.7378432559749
jsonpath_ng_1_5_3,23bde44f38d3b9cf65b28af49b083227501710c4,runtime_ns,5,533.1,18.50810633209135,510.11915069251506,556.080849307485
jsonpath_ng_1_6_0,23bde44f38d3b9cf65b28af49b083227501710c4,runtime_ns,5,520.5,20.5,495.0458880368228,545.9541119631772
jsonpath_ng_1_6_1,23bde44f38d3b9cf65b28af49b083227501710c4,runtime_ns,4,530.875,11.98175696632176,511.809350905861,549.940649094139
jsonpath_ng_1_7_0,23bde44f38d3b9cf65b28af49b083227501710c4,runtime_ns,5,524.8,17.39468309570485,503.20164823989967,546.3983517601002
jsonpath_ng_1_8_0,23bde44f38d3b9cf65b28af49b083227501710c4,runtime_ns,3,541.6666666666666,0.5773502691896257,540.2324490900835,543.1008842432498
jsonpath_ng_1_5_2,2a7141694818c516de29254fb2127cdf9e9c2d27,runtime_ns,3,171152.83333333334,1582.3388806868563,167222.08564705032,175083.58101961637
jsonpath_ng_1_5_3,2a7141694818c516de29254fb2127cdf9e9c2d27,runtime_ns,3,175472.16666666666,84.33465084609844,175262.66778009257,175681.66555324075
jsonpath_ng_1_6_0,2a7141694818c516de29254fb2127cdf9e9c2d27,runtime_ns,3,178090.33333333334,2128.162196199654,172803.68536503238,183376.9813016343
jsonpath_ng_1_6_1,2a7141694818c516de29254fb2127cdf9e9c2d27,runtime_ns,3,176548.5,437.66796775638034,175461.27249607124,177635.72750392876
jsonpath_ng_1_7_0,2a7141694818c516de29254fb2127cdf9e9c2d27,runtime_ns,3,176521.0,368.24957569561434,175606.21734167848,177435.78265832152
jsonpath_ng_1_8_0,2a7141694818c516de29254fb2127cdf9e9c2d27,runtime_ns,3,185659.66666666666,902.2297841089782,183418.40363529717,187900.92969803614
jsonpath_ng_1_5_2,a1614d7aded6ee9199ce9ff8bca3d18c779252ec,runtime_ns,0,nan,0,nan,nan
jsonpath_ng_1_5_3,a1614d7aded6ee9199ce9ff8bca3d18c779252ec,runtime_ns,0,nan,0,nan,nan
jsonpath_ng_1_6_0,a1614d7aded6ee9199ce9ff8bca3d18c779252ec,runtime_ns,0,nan,0,nan,nan
jsonpath_ng_1_6_1,a1614d7aded6ee9199ce9ff8bca3d18c779252ec,runtime_ns,0,nan,0,nan,nan
jsonpath_ng_1_7_0,a1614d7aded6ee9199ce9ff8bca3d18c779252ec,runtime_ns,0,nan,0,nan,nan
jsonpath_ng_1_8_0,a1614d7aded6ee9199ce9ff8bca3d18c779252ec,runtime_ns,0,nan,0,nan,nan
jsonpath_ng_1_5_2,aa48dea6ceeceeb2393285aa238edb242faeeb57,runtime_ns,0,nan,0,nan,nan
jsonpath_ng_1_5_3,aa48dea6ceeceeb2393285aa238edb242faeeb57,runtime_ns,0,nan,0,nan,nan
jsonpath_ng_1_6_0,aa48dea6ceeceeb2393285aa238edb242faeeb57,runtime_ns,0,nan,0,nan,nan
jsonpath_ng_1_6_1,aa48dea6ceeceeb2393285aa238edb242faeeb57,runtime_ns,3,23493.333333333332,138.5733860931937,23149.09795909429,23837.568707572373
jsonpath_ng_1_7_0,aa48dea6ceeceeb2393285aa238edb242faeeb57,runtime_ns,3,23312.5,35.940923749953896,23223.217795917597,23401.782204082403
jsonpath_ng_1_8_0,aa48dea6ceeceeb2393285aa238edb242faeeb57,runtime_ns,3,24534.666666666668,168.29760346877592,24116.59224309268,24952.741090240655
jsonpath_ng_1_5_2,018be8f212376b87ed5f25b0de28694397ad17a0,runtime_ns,4,2025.875,42.70709347793799,1957.918484075865,2093.8315159241347
jsonpath_ng_1_5_3,018be8f212376b87ed5f25b0de28694397ad17a0,runtime_ns,3,2020.6666666666667,20.750502001959696,1969.119562105848,2072.2137712274857
jsonpath_ng_1_6_0,018be8f212376b87ed5f25b0de28694397ad17a0,runtime_ns,4,2046.625,35.499706571557276,1990.1370449913459,2103.112955008654
jsonpath_ng_1_6_1,018be8f212376b87ed5f25b0de28694397ad17a0,runtime_ns,3,2076.1666666666665,11.835680518387328,2046.765206346712,2105.5681269866213
jsonpath_ng_1_7_0,018be8f212376b87ed5f25b0de28694397ad17a0,runtime_ns,4,2057.25,46.26463732341006,1983.6326379424115,2130.8673620575887
jsonpath_ng_1_8_0,018be8f212376b87ed5f25b0de28694397ad17a0,runtime_ns,3,2069.3333333333335,23.671361036774655,2010.530412693424,2128.1362539732427
jsonpath_ng_1_5_2,27011b80146463e75faa3e85818130a17823fead,runtime_ns,0,nan,0,nan,nan
jsonpath_ng_1_5_3,27011b80146463e75faa3e85818130a17823fead,runtime_ns,0,nan,0,nan,nan
jsonpath_ng_1_6_0,27011b80146463e75faa3e85818130a17823fead,runtime_ns,0,nan,0,nan,nan
jsonpath_ng_1_6_1,27011b80146463e75faa3e85818130a17823fead,runtime_ns,0,nan,0,nan,nan
jsonpath_ng_1_7_0,27011b80146463e75faa3e85818130a17823fead,runtime_ns,0,nan,0,nan,nan
jsonpath_ng_1_8_0,27011b80146463e75faa3e85818130a17823fead,runtime_ns,0,nan,0,nan,nan
jsonpath_ng_1_5_2,b6a04f1eb7384d268df5f3a79fe7f63e00b754bc,runtime_ns,0,nan,0,nan,nan
jsonpath_ng_1_5_3,b6a04f1eb7384d268df5f3a79fe7f63e00b754bc,runtime_ns,0,nan,0,nan,nan
jsonpath_ng_1_6_0,b6a04f1eb7384d268df5f3a79fe7f63e00b754bc,runtime_ns,0,nan,0,nan,nan
jsonpath_ng_1_6_1,b6a04f1eb7384d268df5f3a79fe7f63e00b754bc,runtime_ns,0,nan,0,nan,nan
jsonpath_ng_1_7_0,b6a04f1eb7384d268df5f3a79fe7f63e00b754bc,runtime_ns,0,nan,0,nan,nan
jsonpath_ng_1_8_0,b6a04f1eb7384d268df5f3a79fe7f63e00b754bc,runtime_ns,0,nan,0,nan,nan
jsonpath_ng_1_5_2,73d94da56cf1b92e3284e7d6c441d42880b3b4fe,runtime_ns,0,nan,0,nan,nan
jsonpath_ng_1_5_3,73d94da56cf1b92e3284e7d6c441d42880b3b4fe,runtime_ns,0,nan,0,nan,nan
jsonpath_ng_1_6_0,73d94da56cf1b92e3284e7d6c441d42880b3b4fe,runtime_ns,0,nan,0,nan,nan
jsonpath_ng_1_6_1,73d94da56cf1b92e3284e7d6c441d42880b3b4fe,runtime_ns,0,nan,0,nan,nan
jsonpath_ng_1_7_0,73d94da56cf1b92e3284e7d6c441d42880b3b4fe,runtime_ns,0,nan,0,nan,nan
jsonpath_ng_1_8_0,73d94da56cf1b92e3284e7d6c441d42880b3b4fe,runtime_ns,0,nan,0,nan,nan
jsonpath_ng_1_5_2,cc53ebd5228e159ccae6b4c03986af876e20a03c,runtime_ns,0,nan,0,nan,nan
jsonpath_ng_1_5_3,cc53ebd5228e159ccae6b4c03986af876e20a03c,runtime_ns,0,nan,0,nan,nan
jsonpath_ng_1_6_0,cc53ebd5228e159ccae6b4c03986af876e20a03c,runtime_ns,0,nan,0,nan,nan
jsonpath_ng_1_6_1,cc53ebd5228e159ccae6b4c03986af876e20a03c,runtime_ns,0,nan,0,nan,nan
jsonpath_ng_1_7_0,cc53ebd5228e159ccae6b4c03986af876e20a03c,runtime_ns,0,nan,0,nan,nan
jsonpath_ng_1_8_0,cc53ebd5228e159ccae6b4c03986af876e20a03c,runtime_ns,0,nan,0,nan,nan
jsonpath_ng_1_5_2,b2786220200e676bf0849ef1fe3ed54e315fc1fa,runtime_ns,0,nan,0,nan,nan
jsonpath_ng_1_5_3,b2786220200e676bf0849ef1fe3ed54e315fc1fa,runtime_ns,0,nan,0,nan,nan
jsonpath_ng_1_6_0,b2786220200e676bf0849ef1fe3ed54e315fc1fa,runtime_ns,0,nan,0,nan,nan
jsonpath_ng_1_6_1,b2786220200e676bf0849ef1fe3ed54e315fc1fa,runtime_ns,0,nan,0,nan,nan
jsonpath_ng_1_7_0,b2786220200e676bf0849ef1fe3ed54e315fc1fa,runtime_ns,0,nan,0,nan,nan
jsonpath_ng_1_8_0,b2786220200e676bf0849ef1fe3ed54e315fc1fa,runtime_ns,0,nan,0,nan,nan
jsonpath_ng_1_5_2,84ac2d75fddddab8ee93fe9141efb599d0fbed30,runtime_ns,0,nan,0,nan,nan
jsonpath_ng_1_5_3,84ac2d75fddddab8ee93fe9141efb599d0fbed30,runtime_ns,0,nan,0,nan,nan
jsonpath_ng_1_6_0,84ac2d75fddddab8ee93fe9141efb599d0fbed30,runtime_ns,0,nan,0,nan,nan
jsonpath_ng_1_6_1,84ac2d75fddddab8ee93fe9141efb599d0fbed30,runtime_ns,0,nan,0,nan,nan
jsonpath_ng_1_7_0,84ac2d75fddddab8ee93fe9141efb599d0fbed30,runtime_ns,0,nan,0,nan,nan
jsonpath_ng_1_8_0,84ac2d75fddddab8ee93fe9141efb599d0fbed30,runtime_ns,0,nan,0,nan,nan
jsonpath_ng_1_5_2,9a62be086df4fbc2a208419d35253d2bd4c43872,runtime_ns,0,nan,0,nan,nan
jsonpath_ng_1_5_3,9a62be086df4fbc2a208419d35253d2bd4c43872,runtime_ns,0,nan,0,nan,nan
jsonpath_ng_1_6_0,9a62be086df4fbc2a208419d35253d2bd4c43872,runtime_ns,0,nan,0,nan,nan
jsonpath_ng_1_6_1,9a62be086df4fbc2a208419d35253d2bd4c43872,runtime_ns,0,nan,0,nan,nan
jsonpath_ng_1_7_0,9a62be086df4fbc2a208419d35253d2bd4c43872,runtime_ns,0,nan,0,nan,nan
jsonpath_ng_1_8_0,9a62be086df4fbc2a208419d35253d2bd4c43872,runtime_ns,0,nan,0,nan,nan
jsonpath_ng_1_5_2,3913862a995208c9ddb5bc5c8798f4c44abe234e,runtime_ns,0,nan,0,nan,nan
jsonpath_ng_1_5_3,3913862a995208c9ddb5bc5c8798f4c44abe234e,runtime_ns,0,nan,0,nan,nan
jsonpath_ng_1_6_0,3913862a995208c9ddb5bc5c8798f4c44abe234e,runtime_ns,0,nan,0,nan,nan
jsonpath_ng_1_6_1,3913862a995208c9ddb5bc5c8798f4c44abe234e,runtime_ns,0,nan,0,nan,nan
jsonpath_ng_1_7_0,3913862a995208c9ddb5bc5c8798f4c44abe234e,runtime_ns,0,nan,0,nan,nan
jsonpath_ng_1_8_0,3913862a995208c9ddb5bc5c8798f4c44abe234e,runtime_ns,0,nan,0,nan,nan
jsonpath_ng_1_5_2,75726159680aa1a6987aeec78df737facdd6ee2b,runtime_ns,0,nan,0,nan,nan
jsonpath_ng_1_5_3,75726159680aa1a6987aeec78df737facdd6ee2b,runtime_ns,0,nan,0,nan,nan
jsonpath_ng_1_6_0,75726159680aa1a6987aeec78df737facdd6ee2b,runtime_ns,0,nan,0,nan,nan
jsonpath_ng_1_6_1,75726159680aa1a6987aeec78df737facdd6ee2b,runtime_ns,0,nan,0,nan,nan
jsonpath_ng_1_7_0,75726159680aa1a6987aeec78df737facdd6ee2b,runtime_ns,0,nan,0,nan,nan
jsonpath_ng_1_8_0,75726159680aa1a6987aeec78df737facdd6ee2b,runtime_ns,0,nan,0,nan,nan
jsonpath_ng_1_5_2,1027de18d8ce5f7e72a501c9e3598c18b0dbc83e,runtime_ns,0,nan,0,nan,nan
jsonpath_ng_1_5_3,1027de18d8ce5f7e72a501c9e3598c18b0dbc83e,runtime_ns,0,nan,0,nan,nan
jsonpath_ng_1_6_0,1027de18d8ce5f7e72a501c9e3598c18b0dbc83e,runtime_ns,0,nan,0,nan,nan
jsonpath_ng_1_6_1,1027de18d8ce5f7e72a501c9e3598c18b0dbc83e,runtime_ns,0,nan,0,nan,nan
jsonpath_ng_1_7_0,1027de18d8ce5f7e72a501c9e3598c18b0dbc83e,runtime_ns,0,nan,0,nan,nan
jsonpath_ng_1_8_0,1027de18d8ce5f7e72a501c9e3598c18b0dbc83e,runtime_ns,0,nan,0,nan,nan
jsonpath_ng_1_5_2,0fa70c0f94dcccf6d0de1688c5cedcaec745e0c6,runtime_ns,0,nan,0,nan,nan
jsonpath_ng_1_5_3,0fa70c0f94dcccf6d0de1688c5cedcaec745e0c6,runtime_ns,0,nan,0,nan,nan
jsonpath_ng_1_6_0,0fa70c0f94dcccf6d0de1688c5cedcaec745e0c6,runtime_ns,0,nan,0,nan,nan
jsonpath_ng_1_6_1,0fa70c0f94dcccf6d0de1688c5cedcaec745e0c6,runtime_ns,0,nan,0,nan,nan
jsonpath_ng_1_7_0,0fa70c0f94dcccf6d0de1688c5cedcaec745e0c6,runtime_ns,0,nan,0,nan,nan
jsonpath_ng_1_8_0,0fa70c0f94dcccf6d0de1688c5cedcaec745e0c6,runtime_ns,0,nan,0,nan,nan
jsonpath_ng_1_5_2,983bc56f71c25a8e5653025addda86bcc1d0c6f3,runtime_ns,0,nan,0,nan,nan
jsonpath_ng_1_5_3,983bc56f71c25a8e5653025addda86bcc1d0c6f3,runtime_ns,0,nan,0,nan,nan
jsonpath_ng_1_6_0,983bc56f71c25a8e5653025addda86bcc1d0c6f3,runtime_ns,0,nan,0,nan,nan
jsonpath_ng_1_6_1,983bc56f71c25a8e5653025addda86bcc1d0c6f3,runtime_ns,0,nan,0,nan,nan
jsonpath_ng_1_7_0,983bc56f71c25a8e5653025addda86bcc1d0c6f3,runtime_ns,0,nan,0,nan,nan
jsonpath_ng_1_8_0,983bc56f71c25a8e5653025addda86bcc1d0c6f3,runtime_ns,0,nan,0,nan,nan
jsonpath_ng_1_5_2,9523b60f4e3340e583774fe0161ab90962c9f920,runtime_ns,0,nan,0,nan,nan
jsonpath_ng_1_5_3,9523b60f4e3340e583774fe0161ab90962c9f920,runtime_ns,0,nan,0,nan,nan
jsonpath_ng_1_6_0,9523b60f4e3340e583774fe0161ab90962c9f920,runtime_ns,0,nan,0,nan,nan
jsonpath_ng_1_6_1,9523b60f4e3340e583774fe0161ab90962c9f920,runtime_ns,0,nan,0,nan,nan
jsonpath_ng_1_7_0,9523b60f4e3340e583774fe0161ab90962c9f920,runtime_ns,0,nan,0,nan,nan
jsonpath_ng_1_8_0,9523b60f4e3340e583774fe0161ab90962c9f920,runtime_ns,0,nan,0,nan,nan
jsonpath_ng_1_5_2,4333fc0124ffbb7850bae1f2e819a802351a5fa2,runtime_ns,0,nan,0,nan,nan
jsonpath_ng_1_5_3,4333fc0124ffbb7850bae1f2e819a802351a5fa2,runtime_ns,0,nan,0,nan,nan
jsonpath_ng_1_6_0,4333fc0124ffbb7850bae1f2e819a802351a5fa2,runtime_ns,0,nan,0,nan,nan
jsonpath_ng_1_6_1,4333fc0124ffbb7850bae1f2e819a802351a5fa2,runtime_ns,0,nan,0,nan,nan
jsonpath_ng_1_7_0,4333fc0124ffbb7850bae1f2e819a802351a5fa2,runtime_ns,0,nan,0,nan,nan
jsonpath_ng_1_8_0,4333fc0124ffbb7850bae1f2e819a802351a5fa2,runtime_ns,0,nan,0,nan,nan
jsonpath_ng_1_5_2,71d1d822ea39fdd59d9e6217fda56bc5796f75ac,runtime_ns,0,nan,0,nan,nan
jsonpath_ng_1_5_3,71d1d822ea39fdd59d9e6217fda56bc5796f75ac,runtime_ns,0,nan,0,nan,nan
jsonpath_ng_1_6_0,71d1d822ea39fdd59d9e6217fda56bc5796f75ac,runtime_ns,0,nan,0,nan,nan
jsonpath_ng_1_6_1,71d1d822ea39fdd59d9e6217fda56bc5796f75ac,runtime_ns,0,nan,0,nan,nan
jsonpath_ng_1_7_0,71d1d822ea39fdd59d9e6217fda56bc5796f75ac,runtime_ns,0,nan,0,nan,nan
jsonpath_ng_1_8_0,71d1d822ea39fdd59d9e6217fda56bc5796f75ac,runtime_ns,0,nan,0,nan,nan
jsonpath_ng_1_5_2,403d9fca551d9a79abb84f3bb471960c1de8d97f,runtime_ns,5,508.2,18.335757415498275,485.4331501373781,530.9668498626219
jsonpath_ng_1_5_3,403d9fca551d9a79abb84f3bb471960c1de8d97f,runtime_ns,6,527.5833333333334,21.369175619725404,505.1577588427972,550.0089078238695
jsonpath_ng_1_6_0,403d9fca551d9a79abb84f3bb471960c1de8d97f,runtime_ns,3,541.3333333333334,0.5773502691896257,539.8991157567502,542.7675509099165
jsonpath_ng_1_6_1,403d9fca551d9a79abb84f3bb471960c1de8d97f,runtime_ns,6,524.0833333333334,20.328346382986165,502.75004213887706,545.4166245277897
jsonpath_ng_1_7_0,403d9fca551d9a79abb84f3bb471960c1de8d97f,runtime_ns,5,524.6,17.15153054394855,503.3035620094869,545.8964379905132
jsonpath_ng_1_8_0,403d9fca551d9a79abb84f3bb471960c1de8d97f,runtime_ns,3,541.6666666666666,0.5773502691896257,540.2324490900835,543.1008842432498
jsonpath_ng_1_5_2,302effda18b15f25aeedbcae3ba80353b75dccf8,runtime_ns,0,nan,0,nan,nan
jsonpath_ng_1_5_3,302effda18b15f25aeedbcae3ba80353b75dccf8,runtime_ns,0,nan,0,nan,nan
jsonpath_ng_1_6_0,302effda18b15f25aeedbcae3ba80353b75dccf8,runtime_ns,0,nan,0,nan,nan
jsonpath_ng_1_6_1,302effda18b15f25aeedbcae3ba80353b75dccf8,runtime_ns,3,2278.0,24.24871130596428,2217.7628617835076,2338.2371382164924
jsonpath_ng_1_7_0,302effda18b15f25aeedbcae3ba80353b75dccf8,runtime_ns,3,2236.0,24.24871130596428,2175.7628617835076,2296.2371382164924
jsonpath_ng_1_8_0,302effda18b15f25aeedbcae3ba80353b75dccf8,runtime_ns,3,2264.0,24.24871130596428,2203.7628617835076,2324.2371382164924
jsonpath_ng_1_5_2,dc030c171bd6940214d54282ac92568fe46dd8c2,runtime_ns,0,nan,0,nan,nan
jsonpath_ng_1_5_3,dc030c171bd6940214d54282ac92568fe46dd8c2,runtime_ns,0,nan,0,nan,nan
jsonpath_ng_1_6_0,dc030c171bd6940214d54282ac92568fe46dd8c2,runtime_ns,0,nan,0,nan,nan
jsonpath_ng_1_6_1,dc030c171bd6940214d54282ac92568fe46dd8c2,runtime_ns,0,nan,0,nan,nan
jsonpath_ng_1_7_0,dc030c171bd6940214d54282ac92568fe46dd8c2,runtime_ns,0,nan,0,nan,nan
jsonpath_ng_1_8_0,dc030c171bd6940214d54282ac92568fe46dd8c2,runtime_ns,0,nan,0,nan,nan
jsonpath_ng_1_5_2,c04d79333f7dceef271f9e2187e78f29b7ffa107,runtime_ns,0,nan,0,nan,nan
jsonpath_ng_1_5_3,c04d79333f7dceef271f9e2187e78f29b7ffa107,runtime_ns,0,nan,0,nan,nan
jsonpath_ng_1_6_0,c04d79333f7dceef271f9e2187e78f29b7ffa107,runtime_ns,0,nan,0,nan,nan
jsonpath_ng_1_6_1,c04d79333f7dceef271f9e2187e78f29b7ffa107,runtime_ns,0,nan,0,nan,nan
jsonpath_ng_1_7_0,c04d79333f7dceef271f9e2187e78f29b7ffa107,runtime_ns,0,nan,0,nan,nan
jsonpath_ng_1_8_0,c04d79333f7dceef271f9e2187e78f29b7ffa107,runtime_ns,0,nan,0,nan,nan
jsonpath_ng_1_5_2,0bb577e9822347ecb86f9be6d1d6db64b9b11c96,runtime_ns,6,513.6666666666666,21.172308959267212,491.4476910659226,535.8856422674107
jsonpath_ng_1_5_3,0bb577e9822347ecb86f9be6d1d6db64b9b11c96,runtime_ns,3,541.1666666666666,0.28867513459481287,540.449557878375,541.8837754549583
jsonpath_ng_1_6_0,0bb577e9822347ecb86f9be6d1d6db64b9b11c96,runtime_ns,5,533.2,18.562731480038167,510.15132461291296,556.2486753870871
jsonpath_ng_1_6_1,0bb577e9822347ecb86f9be6d1d6db64b9b11c96,runtime_ns,6,520.8333333333334,22.824694229423244,496.8802857392484,544.7863809274183
jsonpath_ng_1_7_0,0bb577e9822347ecb86f9be6d1d6db64b9b11c96,runtime_ns,3,541.0,0.0,541.0,541.0
jsonpath_ng_1_8_0,0bb577e9822347ecb86f9be6d1d6db64b9b11c96,runtime_ns,3,541.5,0.5,540.2579311441249,542.7420688558751
jsonpath_ng_1_5_2,0afb547f8fa4ba4f14518978120ddbfc030a6a29,runtime_ns,0,nan,0,nan,nan
jsonpath_ng_1_5_3,0afb547f8fa4ba4f14518978120ddbfc030a6a29,runtime_ns,0,nan,0,nan,nan
jsonpath_ng_1_6_0,0afb547f8fa4ba4f14518978120ddbfc030a6a29,runtime_ns,0,nan,0,nan,nan
jsonpath_ng_1_6_1,0afb547f8fa4ba4f14518978120ddbfc030a6a29,runtime_ns,0,nan,0,nan,nan
jsonpath_ng_1_7_0,0afb547f8fa4ba4f14518978120ddbfc030a6a29,runtime_ns,0,nan,0,nan,nan
jsonpath_ng_1_8_0,0afb547f8fa4ba4f14518978120ddbfc030a6a29,runtime_ns,0,nan,0,nan,nan
jsonpath_ng_1_5_2,3ef6b1bb98964e904dbf9b07c5b5e8ffd6ca62ff,runtime_ns,0,nan,0,nan,nan
jsonpath_ng_1_5_3,3ef6b1bb98964e904dbf9b07c5b5e8ffd6ca62ff,runtime_ns,0,nan,0,nan,nan
jsonpath_ng_1_6_0,3ef6b1bb98964e904dbf9b07c5b5e8ffd6ca62ff,runtime_ns,0,nan,0,nan,nan
jsonpath_ng_1_6_1,3ef6b1bb98964e904dbf9b07c5b5e8ffd6ca62ff,runtime_ns,0,nan,0,nan,nan
jsonpath_ng_1_7_0,3ef6b1bb98964e904dbf9b07c5b5e8ffd6ca62ff,runtime_ns,0,nan,0,nan,nan
jsonpath_ng_1_8_0,3ef6b1bb98964e904dbf9b07c5b5e8ffd6ca62ff,runtime_ns,0,nan,0,nan,nan
jsonpath_ng_1_5_2,dff9db2efd01453926f7ee34d303fa47f741df06,runtime_ns,0,nan,0,nan,nan
jsonpath_ng_1_5_3,dff9db2efd01453926f7ee34d303fa47f741df06,runtime_ns,0,nan,0,nan,nan
jsonpath_ng_1_6_0,dff9db2efd01453926f7ee34d303fa47f741df06,runtime_ns,0,nan,0,nan,nan
jsonpath_ng_1_6_1,dff9db2efd01453926f7ee34d303fa47f741df06,runtime_ns,0,nan,0,nan,nan
jsonpath_ng_1_7_0,dff9db2efd01453926f7ee34d303fa47f741df06,runtime_ns,0,nan,0,nan,nan
jsonpath_ng_1_8_0,dff9db2efd01453926f7ee34d303fa47f741df06,runtime_ns,0,nan,0,nan,nan
jsonpath_ng_1_5_2,4a7628a8b3abae654805e3b3b6942db1cc4141fc,runtime_ns,3,541.0,0.0,541.0,541.0
jsonpath_ng_1_5_3,4a7628a8b3abae654805e3b3b6942db1cc4141fc,runtime_ns,5,520.7,20.7533129885327,494.93135841868445,546.4686415813156
jsonpath_ng_1_6_0,4a7628a8b3abae654805e3b3b6942db1cc4141fc,runtime_ns,3,541.3333333333334,0.28867513459481287,540.6162245450417,542.050442121625
jsonpath_ng_1_6_1,4a7628a8b3abae654805e3b3b6942db1cc4141fc,runtime_ns,5,533.4,18.672841240689646,510.2146052872611,556.5853947127388
jsonpath_ng_1_7_0,4a7628a8b3abae654805e3b3b6942db1cc4141fc,runtime_ns,5,508.2,18.335757415498275,485.4331501373781,530.9668498626219
jsonpath_ng_1_8_0,4a7628a8b3abae654805e3b3b6942db1cc4141fc,runtime_ns,5,529.2,18.75699869382093,505.9101100075276,552.4898899924725
jsonpath_ng_1_5_2,eb17bc95d12df530f1935e81e114cc33da3e24ad,runtime_ns,0,nan,0,nan,nan
jsonpath_ng_1_5_3,eb17bc95d12df530f1935e81e114cc33da3e24ad,runtime_ns,0,nan,0,nan,nan
jsonpath_ng_1_6_0,eb17bc95d12df530f1935e81e114cc33da3e24ad,runtime_ns,0,nan,0,nan,nan
jsonpath_ng_1_6_1,eb17bc95d12df530f1935e81e114cc33da3e24ad,runtime_ns,0,nan,0,nan,nan
jsonpath_ng_1_7_0,eb17bc95d12df530f1935e81e114cc33da3e24ad,runtime_ns,0,nan,0,nan,nan
jsonpath_ng_1_8_0,eb17bc95d12df530f1935e81e114cc33da3e24ad,runtime_ns,0,nan,0,nan,nan
jsonpath_ng_1_5_2,60a806147692f220967288b932823175a3e759f5,runtime_ns,0,nan,0,nan,nan
jsonpath_ng_1_5_3,60a806147692f220967288b932823175a3e759f5,runtime_ns,0,nan,0,nan,nan
jsonpath_ng_1_6_0,60a806147692f220967288b932823175a3e759f5,runtime_ns,0,nan,0,nan,nan
jsonpath_ng_1_6_1,60a806147692f220967288b932823175a3e759f5,runtime_ns,0,nan,0,nan,nan
jsonpath_ng_1_7_0,60a806147692f220967288b932823175a3e759f5,runtime_ns,0,nan,0,nan,nan
jsonpath_ng_1_8_0,60a806147692f220967288b932823175a3e759f5,runtime_ns,0,nan,0,nan,nan
jsonpath_ng_1_5_2,a404df1791500e5361fe3d5cf0ed2cd14a3c9c49,runtime_ns,0,nan,0,nan,nan
jsonpath_ng_1_5_3,a404df1791500e5361fe3d5cf0ed2cd14a3c9c49,runtime_ns,0,nan,0,nan,nan
jsonpath_ng_1_6_0,a404df1791500e5361fe3d5cf0ed2cd14a3c9c49,runtime_ns,0,nan,0,nan,nan
jsonpath_ng_1_6_1,a404df1791500e5361fe3d5cf0ed2cd14a3c9c49,runtime_ns,0,nan,0,nan,nan
jsonpath_ng_1_7_0,a404df1791500e5361fe3d5cf0ed2cd14a3c9c49,runtime_ns,0,nan,0,nan,nan
jsonpath_ng_1_8_0,a404df1791500e5361fe3d5cf0ed2cd14a3c9c49,runtime_ns,0,nan,0,nan,nan
jsonpath_ng_1_5_2,7791da4a79b00b1571b0daca45d756f7d3b1fc93,runtime_ns,0,nan,0,nan,nan
jsonpath_ng_1_5_3,7791da4a79b00b1571b0daca45d756f7d3b1fc93,runtime_ns,0,nan,0,nan,nan
jsonpath_ng_1_6_0,7791da4a79b00b1571b0daca45d756f7d3b1fc93,runtime_ns,0,nan,0,nan,nan
jsonpath_ng_1_6_1,7791da4a79b00b1571b0daca45d756f7d3b1fc93,runtime_ns,0,nan,0,nan,nan
jsonpath_ng_1_7_0,7791da4a79b00b1571b0daca45d756f7d3b1fc93,runtime_ns,0,nan,0,nan,nan
jsonpath_ng_1_8_0,7791da4a79b00b1571b0daca45d756f7d3b1fc93,runtime_ns,0,nan,0,nan,nan
jsonpath_ng_1_5_2,744fb2b0f7654a673f2441bc6f76591a5c5c52da,runtime_ns,0,nan,0,nan,nan
jsonpath_ng_1_5_3,744fb2b0f7654a673f2441bc6f76591a5c5c52da,runtime_ns,0,nan,0,nan,nan
jsonpath_ng_1_6_0,744fb2b0f7654a673f2441bc6f76591a5c5c52da,runtime_ns,0,nan,0,nan,nan
jsonpath_ng_1_6_1,744fb2b0f7654a673f2441bc6f76591a5c5c52da,runtime_ns,0,nan,0,nan,nan
jsonpath_ng_1_7_0,744fb2b0f7654a673f2441bc6f76591a5c5c52da,runtime_ns,0,nan,0,nan,nan
jsonpath_ng_1_8_0,744fb2b0f7654a673f2441bc6f76591a5c5c52da,runtime_ns,0,nan,0,nan,nan
jsonpath_ng_1_5_2,1a885432f7b6edd415854d3f268ae116f93856c6,runtime_ns,0,nan,0,nan,nan
jsonpath_ng_1_5_3,1a885432f7b6edd415854d3f268ae116f93856c6,runtime_ns,0,nan,0,nan,nan
jsonpath_ng_1_6_0,1a885432f7b6edd415854d3f268ae116f93856c6,runtime_ns,0,nan,0,nan,nan
jsonpath_ng_1_6_1,1a885432f7b6edd415854d3f268ae116f93856c6,runtime_ns,0,nan,0,nan,nan
jsonpath_ng_1_7_0,1a885432f7b6edd415854d3f268ae116f93856c6,runtime_ns,0,nan,0,nan,nan
jsonpath_ng_1_8_0,1a885432f7b6edd415854d3f268ae116f93856c6,runtime_ns,0,nan,0,nan,nan
jsonpath_ng_1_5_2,8a7d6340b4cb464533414c933cd6bf8d77ca9cba,runtime_ns,0,nan,0,nan,nan
jsonpath_ng_1_5_3,8a7d6340b4cb464533414c933cd6bf8d77ca9cba,runtime_ns,0,nan,0,nan,nan
jsonpath_ng_1_6_0,8a7d6340b4cb464533414c933cd6bf8d77ca9cba,runtime_ns,0,nan,0,nan,nan
jsonpath_ng_1_6_1,8a7d6340b4cb464533414c933cd6bf8d77ca9cba,runtime_ns,0,nan,0,nan,nan
jsonpath_ng_1_7_0,8a7d6340b4cb464533414c933cd6bf8d77ca9cba,runtime_ns,0,nan,0,nan,nan
jsonpath_ng_1_8_0,8a7d6340b4cb464533414c933cd6bf8d77ca9cba,runtime_ns,0,nan,0,nan,nan
jsonpath_ng_1_5_2,8c9b037aac5de3811f5b0f222a9bd9f6d6f4607c,runtime_ns,0,nan,0,nan,nan
jsonpath_ng_1_5_3,8c9b037aac5de3811f5b0f222a9bd9f6d6f4607c,runtime_ns,0,nan,0,nan,nan
jsonpath_ng_1_6_0,8c9b037aac5de3811f5b0f222a9bd9f6d6f4607c,runtime_ns,0,nan,0,nan,nan
jsonpath_ng_1_6_1,8c9b037aac5de3811f5b0f222a9bd9f6d6f4607c,runtime_ns,0,nan,0,nan,nan
jsonpath_ng_1_7_0,8c9b037aac5de3811f5b0f222a9bd9f6d6f4607c,runtime_ns,0,nan,0,nan,nan
jsonpath_ng_1_8_0,8c9b037aac5de3811f5b0f222a9bd9f6d6f4607c,runtime_ns,0,nan,0,nan,nan
jsonpath_ng_1_5_2,8c28f1045c65710617bec690cdacceb0be86571d,runtime_ns,0,nan,0,nan,nan
jsonpath_ng_1_5_3,8c28f1045c65710617bec690cdacceb0be86571d,runtime_ns,0,nan,0,nan,nan
jsonpath_ng_1_6_0,8c28f1045c65710617bec690cdacceb0be86571d,runtime_ns,0,nan,0,nan,nan
jsonpath_ng_1_6_1,8c28f1045c65710617bec690cdacceb0be86571d,runtime_ns,0,nan,0,nan,nan
jsonpath_ng_1_7_0,8c28f1045c65710617bec690cdacceb0be86571d,runtime_ns,0,nan,0,nan,nan
jsonpath_ng_1_8_0,8c28f1045c65710617bec690cdacceb0be86571d,runtime_ns,0,nan,0,nan,nan
jsonpath_ng_1_5_2,1bd4b11a5e81c722ee8ddff94ff3ceceb703d547,runtime_ns,3,20326.5,189.22671587278577,19856.434779029747,20796.565220970253
jsonpath_ng_1_5_3,1bd4b11a5e81c722ee8ddff94ff3ceceb703d547,runtime_ns,3,20548.666666666668,94.17713806085494,20314.71768642498,20782.615646908354
jsonpath_ng_1_6_0,1bd4b11a5e81c722ee8ddff94ff3ceceb703d547,runtime_ns,3,19777.666666666668,60.33310313031589,19627.790929913728,19927.542403419608
jsonpath_ng_1_6_1,1bd4b11a5e81c722ee8ddff94ff3ceceb703d547,runtime_ns,3,19937.666666666668,260.8746506146838,19289.61810903504,20585.715224298296
jsonpath_ng_1_7_0,1bd4b11a5e81c722ee8ddff94ff3ceceb703d547,runtime_ns,3,20055.5,133.68900478348996,19723.39810157096,20387.60189842904
jsonpath_ng_1_8_0,1bd4b11a5e81c722ee8ddff94ff3ceceb703d547,runtime_ns,3,22792.0,144.1934464530202,22433.8036218788,23150.1963781212
jsonpath_ng_1_5_2,e78201aac9ce7102fd68708a8e6fca2e69c9b1c6,runtime_ns,0,nan,0,nan,nan
jsonpath_ng_1_5_3,e78201aac9ce7102fd68708a8e6fca2e69c9b1c6,runtime_ns,0,nan,0,nan,nan
jsonpath_ng_1_6_0,e78201aac9ce7102fd68708a8e6fca2e69c9b1c6,runtime_ns,0,nan,0,nan,nan
jsonpath_ng_1_6_1,e78201aac9ce7102fd68708a8e6fca2e69c9b1c6,runtime_ns,0,nan,0,nan,nan
jsonpath_ng_1_7_0,e78201aac9ce7102fd68708a8e6fca2e69c9b1c6,runtime_ns,0,nan,0,nan,nan
jsonpath_ng_1_8_0,e78201aac9ce7102fd68708a8e6fca2e69c9b1c6,runtime_ns,0,nan,0,nan,nan
jsonpath_ng_1_5_2,3d87391d0bc622dc2e54f7e6762861525d542fc8,runtime_ns,3,500.0,0.0,500.0,500.0
jsonpath_ng_1_5_3,3d87391d0bc622dc2e54f7e6762861525d542fc8,runtime_ns,4,546.75,10.50793351076541,530.0295329112489,563.4704670887511
jsonpath_ng_1_6_0,3d87391d0bc622dc2e54f7e6762861525d542fc8,runtime_ns,3,541.3333333333334,0.28867513459481287,540.6162245450417,542.050442121625
jsonpath_ng_1_6_1,3d87391d0bc622dc2e54f7e6762861525d542fc8,runtime_ns,5,529.3,18.700267377767624,506.08055124024156,552.5194487597583
jsonpath_ng_1_7_0,3d87391d0bc622dc2e54f7e6762861525d542fc8,runtime_ns,3,541.5,0.5,540.2579311441249,542.7420688558751
jsonpath_ng_1_8_0,3d87391d0bc622dc2e54f7e6762861525d542fc8,runtime_ns,3,541.0,0.0,541.0,541.0
jsonpath_ng_1_5_2,1dc8e5ef41686308ba99206d64973008d9686e22,runtime_ns,3,1639.0,24.24871130596428,1578.7628617835076,1699.2371382164924
jsonpath_ng_1_5_3,1dc8e5ef41686308ba99206d64973008d9686e22,runtime_ns,3,1763.6666666666667,23.671361036774655,1704.8637460267573,1822.4695873065762
jsonpath_ng_1_6_0,1dc8e5ef41686308ba99206d64973008d9686e22,runtime_ns,3,1784.3333333333333,11.98262631201246,1754.5668394258514,1814.099827240815
jsonpath_ng_1_6_1,1dc8e5ef41686308ba99206d64973008d9686e22,runtime_ns,4,1744.75,54.53210063806455,1657.977258902516,1831.522741097484
jsonpath_ng_1_7_0,1dc8e5ef41686308ba99206d64973008d9686e22,runtime_ns,3,1777.5,23.817010727629107,1718.3352654703344,1836.6647345296656
jsonpath_ng_1_8_0,1dc8e5ef41686308ba99206d64973008d9686e22,runtime_ns,3,1805.5,24.253865671269807,1745.2500576302718,1865.7499423697282
jsonpath_ng_1_5_2,7f35ea6837237916eb61e157b54e10e3d3998ec5,runtime_ns,0,nan,0,nan,nan
jsonpath_ng_1_5_3,7f35ea6837237916eb61e157b54e10e3d3998ec5,runtime_ns,0,nan,0,nan,nan
jsonpath_ng_1_6_0,7f35ea6837237916eb61e157b54e10e3d3998ec5,runtime_ns,0,nan,0,nan,nan
jsonpath_ng_1_6_1,7f35ea6837237916eb61e157b54e10e3d3998ec5,runtime_ns,0,nan,0,nan,nan
jsonpath_ng_1_7_0,7f35ea6837237916eb61e157b54e10e3d3998ec5,runtime_ns,0,nan,0,nan,nan
jsonpath_ng_1_8_0,7f35ea6837237916eb61e157b54e10e3d3998ec5,runtime_ns,0,nan,0,nan,nan
jsonpath_ng_1_5_2,f8403b77ab7025e82c18418af1971a0f353f1a6c,runtime_ns,0,nan,0,nan,nan
jsonpath_ng_1_5_3,f8403b77ab7025e82c18418af1971a0f353f1a6c,runtime_ns,0,nan,0,nan,nan
jsonpath_ng_1_6_0,f8403b77ab7025e82c18418af1971a0f353f1a6c,runtime_ns,0,nan,0,nan,nan
jsonpath_ng_1_6_1,f8403b77ab7025e82c18418af1971a0f353f1a6c,runtime_ns,0,nan,0,nan,nan
jsonpath_ng_1_7_0,f8403b77ab7025e82c18418af1971a0f353f1a6c,runtime_ns,0,nan,0,nan,nan
jsonpath_ng_1_8_0,f8403b77ab7025e82c18418af1971a0f353f1a6c,runtime_ns,0,nan,0,nan,nan
jsonpath_ng_1_5_2,ca7e0bdb057a507e4671432092d0e92dc2c70fb3,runtime_ns,0,nan,0,nan,nan
jsonpath_ng_1_5_3,ca7e0bdb057a507e4671432092d0e92dc2c70fb3,runtime_ns,0,nan,0,nan,nan
jsonpath_ng_1_6_0,ca7e0bdb057a507e4671432092d0e92dc2c70fb3,runtime_ns,0,nan,0,nan,nan
jsonpath_ng_1_6_1,ca7e0bdb057a507e4671432092d0e92dc2c70fb3,runtime_ns,0,nan,0,nan,nan
jsonpath_ng_1_7_0,ca7e0bdb057a507e4671432092d0e92dc2c70fb3,runtime_ns,0,nan,0,nan,nan
jsonpath_ng_1_8_0,ca7e0bdb057a507e4671432092d0e92dc2c70fb3,runtime_ns,0,nan,0,nan,nan
jsonpath_ng_1_5_2,1dc164bb79377b306aa1eb63ccc6addf4d6ee96f,runtime_ns,0,nan,0,nan,nan
jsonpath_ng_1_5_3,1dc164bb79377b306aa1eb63ccc6addf4d6ee96f,runtime_ns,0,nan,0,nan,nan
jsonpath_ng_1_6_0,1dc164bb79377b306aa1eb63ccc6addf4d6ee96f,runtime_ns,0,nan,0,nan,nan
jsonpath_ng_1_6_1,1dc164bb79377b306aa1eb63ccc6addf4d6ee96f,runtime_ns,0,nan,0,nan,nan
jsonpath_ng_1_7_0,1dc164bb79377b306aa1eb63ccc6addf4d6ee96f,runtime_ns,0,nan,0,nan,nan
jsonpath_ng_1_8_0,1dc164bb79377b306aa1eb63ccc6addf4d6ee96f,runtime_ns,0,nan,0,nan,nan
jsonpath_ng_1_5_2,e155a8303474260fa6b7af0e6bd267a28824339c,runtime_ns,0,nan,0,nan,nan
jsonpath_ng_1_5_3,e155a8303474260fa6b7af0e6bd267a28824339c,runtime_ns,0,nan,0,nan,nan
jsonpath_ng_1_6_0,e155a8303474260fa6b7af0e6bd267a28824339c,runtime_ns,0,nan,0,nan,nan
jsonpath_ng_1_6_1,e155a8303474260fa6b7af0e6bd267a28824339c,runtime_ns,0,nan,0,nan,nan
jsonpath_ng_1_7_0,e155a8303474260fa6b7af0e6bd267a28824339c,runtime_ns,0,nan,0,nan,nan
jsonpath_ng_1_8_0,e155a8303474260fa6b7af0e6bd267a28824339c,runtime_ns,0,nan,0,nan,nan
jsonpath_ng_1_5_2,0a6ec0e364bbd4385152b2df9937e5d8155c2123,runtime_ns,0,nan,0,nan,nan
jsonpath_ng_1_5_3,0a6ec0e364bbd4385152b2df9937e5d8155c2123,runtime_ns,0,nan,0,nan,nan
jsonpath_ng_1_6_0,0a6ec0e364bbd4385152b2df9937e5d8155c2123,runtime_ns,0,nan,0,nan,nan
jsonpath_ng_1_6_1,0a6ec0e364bbd4385152b2df9937e5d8155c2123,runtime_ns,0,nan,0,nan,nan
jsonpath_ng_1_7_0,0a6ec0e364bbd4385152b2df9937e5d8155c2123,runtime_ns,0,nan,0,nan,nan
jsonpath_ng_1_8_0,0a6ec0e364bbd4385152b2df9937e5d8155c2123,runtime_ns,0,nan,0,nan,nan
jsonpath_ng_1_5_2,8628c8eb445778d5832fe711b34bc89544b946fa,runtime_ns,5,520.8,20.876422107248167,494.87849825812475,546.7215017418752
jsonpath_ng_1_5_3,8628c8eb445778d5832fe711b34bc89544b946fa,runtime_ns,3,541.1666666666666,0.28867513459481287,540.449557878375,541.8837754549583
jsonpath_ng_1_6_0,8628c8eb445778d5832fe711b34bc89544b946fa,runtime_ns,3,542.0,0.0,542.0,542.0
jsonpath_ng_1_6_1,8628c8eb445778d5832fe711b34bc89544b946fa,runtime_ns,6,520.6666666666666,22.63993521781073,496.9075117641598,544.4258215691734
jsonpath_ng_1_7_0,8628c8eb445778d5832fe711b34bc89544b946fa,runtime_ns,6,527.6666666666666,21.435173586109972,505.1718315580458,550.1615017752874
jsonpath_ng_1_8_0,8628c8eb445778d5832fe711b34bc89544b946fa,runtime_ns,6,531.0833333333334,25.43701371361557,504.38882456974227,557.7778420969245
jsonpath_ng_1_5_2,c36369a919a920a15d729dc03f92472df7b9bd3c,runtime_ns,0,nan,0,nan,nan
jsonpath_ng_1_5_3,c36369a919a920a15d729dc03f92472df7b9bd3c,runtime_ns,0,nan,0,nan,nan
jsonpath_ng_1_6_0,c36369a919a920a15d729dc03f92472df7b9bd3c,runtime_ns,0,nan,0,nan,nan
jsonpath_ng_1_6_1,c36369a919a920a15d729dc03f92472df7b9bd3c,runtime_ns,0,nan,0,nan,nan
jsonpath_ng_1_7_0,c36369a919a920a15d729dc03f92472df7b9bd3c,runtime_ns,0,nan,0,nan,nan
jsonpath_ng_1_8_0,c36369a919a920a15d729dc03f92472df7b9bd3c,runtime_ns,0,nan,0,nan,nan
jsonpath_ng_1_5_2,ccfbd8c57fc34dfc2402f65628cdb7da67ea17ba,runtime_ns,0,nan,0,nan,nan
jsonpath_ng_1_5_3,ccfbd8c57fc34dfc2402f65628cdb7da67ea17ba,runtime_ns,0,nan,0,nan,nan
jsonpath_ng_1_6_0,ccfbd8c57fc34dfc2402f65628cdb7da67ea17ba,runtime_ns,0,nan,0,nan,nan
jsonpath_ng_1_6_1,ccfbd8c57fc34dfc2402f65628cdb7da67ea17ba,runtime_ns,0,nan,0,nan,nan
jsonpath_ng_1_7_0,ccfbd8c57fc34dfc2402f65628cdb7da67ea17ba,runtime_ns,0,nan,0,nan,nan
jsonpath_ng_1_8_0,ccfbd8c57fc34dfc2402f65628cdb7da67ea17ba,runtime_ns,0,nan,0,nan,nan
jsonpath_ng_1_5_2,e2e4efa6222b73c1c0c0830532365d418f01b3f8,runtime_ns,0,nan,0,nan,nan
jsonpath_ng_1_5_3,e2e4efa6222b73c1c0c0830532365d418f01b3f8,runtime_ns,0,nan,0,nan,nan
jsonpath_ng_1_6_0,e2e4efa6222b73c1c0c0830532365d418f01b3f8,runtime_ns,0,nan,0,nan,nan
jsonpath_ng_1_6_1,e2e4efa6222b73c1c0c0830532365d418f01b3f8,runtime_ns,0,nan,0,nan,nan
jsonpath_ng_1_7_0,e2e4efa6222b73c1c0c0830532365d418f01b3f8,runtime_ns,0,nan,0,nan,nan
jsonpath_ng_1_8_0,e2e4efa6222b73c1c0c0830532365d418f01b3f8,runtime_ns,0,nan,0,nan,nan
jsonpath_ng_1_5_2,2efef000170174bfdc86247778d10e42bf51f856,runtime_ns,0,nan,0,nan,nan
jsonpath_ng_1_5_3,2efef000170174bfdc86247778d10e42bf51f856,runtime_ns,0,nan,0,nan,nan
jsonpath_ng_1_6_0,2efef000170174bfdc86247778d10e42bf51f856,runtime_ns,0,nan,0,nan,nan
jsonpath_ng_1_6_1,2efef000170174bfdc86247778d10e42bf51f856,runtime_ns,0,nan,0,nan,nan
jsonpath_ng_1_7_0,2efef000170174bfdc86247778d10e42bf51f856,runtime_ns,0,nan,0,nan,nan
jsonpath_ng_1_8_0,2efef000170174bfdc86247778d10e42bf51f856,runtime_ns,0,nan,0,nan,nan
jsonpath_ng_1_5_2,cacfdcfbc1a8bef8e80664f66660a11c587050c1,runtime_ns,0,nan,0,nan,nan
jsonpath_ng_1_5_3,cacfdcfbc1a8bef8e80664f66660a11c587050c1,runtime_ns,0,nan,0,nan,nan
jsonpath_ng_1_6_0,cacfdcfbc1a8bef8e80664f66660a11c587050c1,runtime_ns,0,nan,0,nan,nan
jsonpath_ng_1_6_1,cacfdcfbc1a8bef8e80664f66660a11c587050c1,runtime_ns,0,nan,0,nan,nan
jsonpath_ng_1_7_0,cacfdcfbc1a8bef8e80664f66660a11c587050c1,runtime_ns,0,nan,0,nan,nan
jsonpath_ng_1_8_0,cacfdcfbc1a8bef8e80664f66660a11c587050c1,runtime_ns,0,nan,0,nan,nan
jsonpath_ng_1_5_2,9c681b2fc05290140fa6c42ef276324504aee459,runtime_ns,0,nan,0,nan,nan
jsonpath_ng_1_5_3,9c681b2fc05290140fa6c42ef276324504aee459,runtime_ns,0,nan,0,nan,nan
jsonpath_ng_1_6_0,9c681b2fc05290140fa6c42ef276324504aee459,runtime_ns,0,nan,0,nan,nan
jsonpath_ng_1_6_1,9c681b2fc05290140fa6c42ef276324504aee459,runtime_ns,0,nan,0,nan,nan
jsonpath_ng_1_7_0,9c681b2fc05290140fa6c42ef276324504aee459,runtime_ns,0,nan,0,nan,nan
jsonpath_ng_1_8_0,9c681b2fc05290140fa6c42ef276324504aee459,runtime_ns,0,nan,0,nan,nan
jsonpath_ng_1_5_2,ef683528e7e1c711be833bccfc2f58f151d6414b,runtime_ns,0,nan,0,nan,nan
jsonpath_ng_1_5_3,ef683528e7e1c711be833bccfc2f58f151d6414b,runtime_ns,0,nan,0,nan,nan
jsonpath_ng_1_6_0,ef683528e7e1c711be833bccfc2f58f151d6414b,runtime_ns,0,nan,0,nan,nan
jsonpath_ng_1_6_1,ef683528e7e1c711be833bccfc2f58f151d6414b,runtime_ns,0,nan,0,nan,nan
jsonpath_ng_1_7_0,ef683528e7e1c711be833bccfc2f58f151d6414b,runtime_ns,0,nan,0,nan,nan
jsonpath_ng_1_8_0,ef683528e7e1c711be833bccfc2f58f151d6414b,runtime_ns,0,nan,0,nan,nan
jsonpath_ng_1_5_2,1c0a15054e54a644888c78befb3eae6bce4fe656,runtime_ns,0,nan,0,nan,nan
jsonpath_ng_1_5_3,1c0a15054e54a644888c78befb3eae6bce4fe656,runtime_ns,0,nan,0,nan,nan
jsonpath_ng_1_6_0,1c0a15054e54a644888c78befb3eae6bce4fe656,runtime_ns,0,nan,0,nan,nan
jsonpath_ng_1_6_1,1c0a15054e54a644888c78befb3eae6bce4fe656,runtime_ns,0,nan,0,nan,nan
jsonpath_ng_1_7_0,1c0a15054e54a644888c78befb3eae6bce4fe656,runtime_ns,0,nan,0,nan,nan
jsonpath_ng_1_8_0,1c0a15054e54a644888c78befb3eae6bce4fe656,runtime_ns,0,nan,0,nan,nan
jsonpath_ng_1_5_2,c6454f7d480791d2cba25f1451138d406c508d30,runtime_ns,0,nan,0,nan,nan
jsonpath_ng_1_5_3,c6454f7d480791d2cba25f1451138d406c508d30,runtime_ns,0,nan,0,nan,nan
jsonpath_ng_1_6_0,c6454f7d480791d2cba25f1451138d406c508d30,runtime_ns,0,nan,0,nan,nan
jsonpath_ng_1_6_1,c6454f7d480791d2cba25f1451138d406c508d30,runtime_ns,0,nan,0,nan,nan
jsonpath_ng_1_7_0,c6454f7d480791d2cba25f1451138d406c508d30,runtime_ns,0,nan,0,nan,nan
jsonpath_ng_1_8_0,c6454f7d480791d2cba25f1451138d406c508d30,runtime_ns,0,nan,0,nan,nan
jsonpath_ng_1_5_2,78370687f734dd6630d159ac6e2e9b1fec232593,runtime_ns,3,1375.0,20.5,1324.0751769091182,1425.9248230908818
jsonpath_ng_1_5_3,78370687f734dd6630d159ac6e2e9b1fec232593,runtime_ns,4,1541.75,33.88583774971485,1487.8300704259884,1595.6699295740116
jsonpath_ng_1_6_0,78370687f734dd6630d159ac6e2e9b1fec232593,runtime_ns,4,1573.25,39.777506206397604,1509.955111170025,1636.544888829975
jsonpath_ng_1_6_1,78370687f734dd6630d159ac6e2e9b1fec232593,runtime_ns,4,1546.875,26.129086602226774,1505.2977924411528,1588.4522075588472
jsonpath_ng_1_7_0,78370687f734dd6630d159ac6e2e9b1fec232593,runtime_ns,3,1535.0,12.12435565298214,1504.8814308917538,1565.1185691082462
jsonpath_ng_1_8_0,78370687f734dd6630d159ac6e2e9b1fec232593,runtime_ns,3,1569.3333333333333,24.54248017893329,1508.3664327809602,1630.3002338857063
jsonpath_ng_1_5_2,8ec8854ed0ccbd29341db78097edfe84c6c34ea2,runtime_ns,3,1597.3333333333333,23.96525262402492,1537.8003455183693,1656.8663211482972
jsonpath_ng_1_5_3,8ec8854ed0ccbd29341db78097edfe84c6c34ea2,runtime_ns,3,1743.1666666666667,11.835680518387328,1713.7652063467121,1772.5681269866213
jsonpath_ng_1_6_0,8ec8854ed0ccbd29341db78097edfe84c6c34ea2,runtime_ns,3,1729.1666666666667,21.001984033260605,1676.9948461080658,1781.3384872252677
jsonpath_ng_1_6_1,8ec8854ed0ccbd29341db78097edfe84c6c34ea2,runtime_ns,3,1778.0,24.24871130596428,1717.7628617835076,1838.2371382164924
jsonpath_ng_1_7_0,8ec8854ed0ccbd29341db78097edfe84c6c34ea2,runtime_ns,3,1708.3333333333333,0.5773502691896257,1706.89911575675,1709.7675509099165
jsonpath_ng_1_8_0,8ec8854ed0ccbd29341db78097edfe84c6c34ea2,runtime_ns,3,1750.0,0.0,1750.0,1750.0
jsonpath_ng_1_5_2,d7f2d16925e3617a0e60558a61a20064f439c968,runtime_ns,3,1722.3333333333333,23.96525262402492,1662.8003455183693,1781.8663211482972
jsonpath_ng_1_5_3,d7f2d16925e3617a0e60558a61a20064f439c968,runtime_ns,3,1604.5,20.5,1553.5751769091182,1655.4248230908818
jsonpath_ng_1_6_0,d7f2d16925e3617a0e60558a61a20064f439c968,runtime_ns,3,1611.0,24.24871130596428,1550.7628617835076,1671.2371382164924
jsonpath_ng_1_6_1,d7f2d16925e3617a0e60558a61a20064f439c968,runtime_ns,3,1597.6666666666667,23.671361036774655,1538.8637460267573,1656.4695873065762
jsonpath_ng_1_7_0,d7f2d16925e3617a0e60558a61a20064f439c968,runtime_ns,3,1604.3333333333333,20.750502001959696,1552.7862287725145,1655.880437894152
jsonpath_ng_1_8_0,d7f2d16925e3617a0e60558a61a20064f439c968,runtime_ns,3,1625.0,0.0,1625.0,1625.0
jsonpath_ng_1_5_2,7f66ab47f5602951cc4f9ec443919f6edfef4a7c,runtime_ns,5,508.2,18.335757415498275,485.4331501373781,530.9668498626219
jsonpath_ng_1_5_3,7f66ab47f5602951cc4f9ec443919f6edfef4a7c,runtime_ns,6,513.75,21.301995211716672,491.3949270239309,536.1050729760691
jsonpath_ng_1_6_0,7f66ab47f5602951cc4f9ec443919f6edfef4a7c,runtime_ns,3,541.6666666666666,0.5773502691896257,540.2324490900835,543.1008842432498
jsonpath_ng_1_6_1,7f66ab47f5602951cc4f9ec443919f6edfef4a7c,runtime_ns,4,536.5,10.66927051551948,519.5228097339063,553.4771902660937
jsonpath_ng_1_7_0,7f66ab47f5602951cc4f9ec443919f6edfef4a7c,runtime_ns,3,541.3333333333334,0.5773502691896257,539.8991157567502,542.7675509099165
jsonpath_ng_1_8_0,7f66ab47f5602951cc4f9ec443919f6edfef4a7c,runtime_ns,5,533.0,18.452642087245934,510.08801864852717,555.9119813514728
jsonpath_ng_1_5_2,2338f2bf5b172a05e0f4f711177ccc7197e8c1c5,runtime_ns,3,1639.0,24.24871130596428,1578.7628617835076,1699.2371382164924
jsonpath_ng_1_5_3,2338f2bf5b172a05e0f4f711177ccc7197e8c1c5,runtime_ns,4,1541.5,29.46466810718673,1494.6151379229364,1588.3848620770636
jsonpath_ng_1_6_0,2338f2bf5b172a05e0f4f711177ccc7197e8c1c5,runtime_ns,3,1555.0,24.24871130596428,1494.7628617835076,1615.2371382164924
jsonpath_ng_1_6_1,2338f2bf5b172a05e0f4f711177ccc7197e8c1c5,runtime_ns,3,1555.5,24.253865671269807,1495.2500576302718,1615.7499423697282
jsonpath_ng_1_7_0,2338f2bf5b172a05e0f4f711177ccc7197e8c1c5,runtime_ns,3,1542.0,0.0,1542.0,1542.0
jsonpath_ng_1_8_0,2338f2bf5b172a05e0f4f711177ccc7197e8c1c5,runtime_ns,3,1562.5,20.5,1511.5751769091182,1613.4248230908818
jsonpath_ng_1_5_2,668b22e78c665ba6310e7b998f61abe079fd9d23,runtime_ns,3,1479.1666666666667,21.001984033260605,1426.9948461080658,1531.3384872252677
jsonpath_ng_1_5_3,668b22e78c665ba6310e7b998f61abe079fd9d23,runtime_ns,3,1597.5,23.817010727629107,1538.3352654703344,1656.6647345296656
jsonpath_ng_1_6_0,668b22e78c665ba6310e7b998f61abe079fd9d23,runtime_ns,3,1666.5,21.0,1614.333108053243,1718.666891946757
jsonpath_ng_1_6_1,668b22e78c665ba6310e7b998f61abe079fd9d23,runtime_ns,4,1640.875,39.24787680032301,1578.422869743291,1703.327130256709
jsonpath_ng_1_7_0,668b22e78c665ba6310e7b998f61abe079fd9d23,runtime_ns,3,1590.5,31.752952618614856,1511.6212929406774,1669.3787070593226
jsonpath_ng_1_8_0,668b22e78c665ba6310e7b998f61abe079fd9d23,runtime_ns,3,1625.0,20.5,1574.0751769091182,1675.9248230908818
jsonpath_ng_1_5_2,c3a475de32cdab88a7e3300b2447dfe0ab4a364a,runtime_ns,3,1527.5,23.817010727629107,1468.3352654703344,1586.6647345296656
jsonpath_ng_1_5_3,c3a475de32cdab88a7e3300b2447dfe0ab4a364a,runtime_ns,3,1694.3333333333333,23.671361036774655,1635.5304126934238,1753.1362539732427
jsonpath_ng_1_6_0,c3a475de32cdab88a7e3300b2447dfe0ab4a364a,runtime_ns,4,1687.5,41.66933324800546,1621.1947921806247,1753.8052078193753
jsonpath_ng_1_6_1,c3a475de32cdab88a7e3300b2447dfe0ab4a364a,runtime_ns,3,1715.8333333333333,11.835680518387328,1686.4318730133787,1745.2347936532879
jsonpath_ng_1_7_0,c3a475de32cdab88a7e3300b2447dfe0ab4a364a,runtime_ns,3,1680.0,24.24871130596428,1619.7628617835076,1740.2371382164924
jsonpath_ng_1_8_0,c3a475de32cdab88a7e3300b2447dfe0ab4a364a,runtime_ns,4,1734.25,39.13757785044956,1671.9733799860417,1796.5266200139583
jsonpath_ng_1_5_2,455ce5067cc2be01f22985ea7639d6628d780528,runtime_ns,3,1305.0,24.24871130596428,1244.7628617835076,1365.2371382164924
jsonpath_ng_1_5_3,455ce5067cc2be01f22985ea7639d6628d780528,runtime_ns,4,1145.5,23.671361036774655,1107.8335822637398,1183.1664177362602
jsonpath_ng_1_6_0,455ce5067cc2be01f22985ea7639d6628d780528,runtime_ns,3,1166.8333333333333,0.28867513459481287,1166.1162245450416,1167.5504421216249
jsonpath_ng_1_6_1,455ce5067cc2be01f22985ea7639d6628d780528,runtime_ns,4,1156.25,20.83466662400273,1123.0973960903123,1189.4026039096877
jsonpath_ng_1_7_0,455ce5067cc2be01f22985ea7639d6628d780528,runtime_ns,3,1166.6666666666667,0.5773502691896257,1165.2324490900835,1168.10088424325
jsonpath_ng_1_8_0,455ce5067cc2be01f22985ea7639d6628d780528,runtime_ns,4,1171.875,26.129086602226774,1130.2977924411528,1213.4522075588472
jsonpath_ng_1_5_2,d7b8574afae2a088b4a24aacf78c9e09701d8f5a,runtime_ns,3,1722.3333333333333,23.96003617136947,1662.8133039051324,1781.853362761534
jsonpath_ng_1_5_3,d7b8574afae2a088b4a24aacf78c9e09701d8f5a,runtime_ns,4,1588.75,35.47416900600586,1532.3026809569135,1645.1973190430865
jsonpath_ng_1_6_0,d7b8574afae2a088b4a24aacf78c9e09701d8f5a,runtime_ns,4,1635.375,39.735322237693424,1572.1472352776975,1698.6027647223025
jsonpath_ng_1_6_1,d7b8574afae2a088b4a24aacf78c9e09701d8f5a,runtime_ns,4,1593.75,39.777506206397604,1530.455111170025,1657.044888829975
jsonpath_ng_1_7_0,d7b8574afae2a088b4a24aacf78c9e09701d8f5a,runtime_ns,3,1597.6666666666667,23.671361036774655,1538.8637460267573,1656.4695873065762
jsonpath_ng_1_8_0,d7b8574afae2a088b4a24aacf78c9e09701d8f5a,runtime_ns,3,1618.1666666666667,11.835680518387328,1588.7652063467121,1647.5681269866213
jsonpath_ng_1_5_2,e4a08b38eb3556e61030648eaeee5bce9786f8b6,runtime_ns,3,1305.3333333333333,23.96525262402492,1245.8003455183693,1364.8663211482972
jsonpath_ng_1_5_3,e4a08b38eb3556e61030648eaeee5bce9786f8b6,runtime_ns,3,1423.8333333333333,11.835680518387328,1394.4318730133787,1453.2347936532879
jsonpath_ng_1_6_0,e4a08b38eb3556e61030648eaeee5bce9786f8b6,runtime_ns,3,1472.3333333333333,23.96003617136947,1412.8133039051324,1531.853362761534
jsonpath_ng_1_6_1,e4a08b38eb3556e61030648eaeee5bce9786f8b6,runtime_ns,3,1437.5,21.0,1385.333108053243,1489.666891946757
jsonpath_ng_1_7_0,e4a08b38eb3556e61030648eaeee5bce9786f8b6,runtime_ns,4,1448.125,26.91769863862808,1405.2929347103789,1490.9570652896211
jsonpath_ng_1_8_0,e4a08b38eb3556e61030648eaeee5bce9786f8b6,runtime_ns,3,1493.1666666666667,11.835680518387328,1463.7652063467121,1522.5681269866213
jsonpath_ng_1_5_2,756f0e4ba98b18c57d08d1a680a1df54c8fe6038,runtime_ns,4,1865.0,39.69046904904669,1801.843606709942,1928.156393290058
jsonpath_ng_1_5_3,756f0e4ba98b18c57d08d1a680a1df54c8fe6038,runtime_ns,3,1992.8333333333333,31.860372460681205,1913.6877805933434,2071.978886073323
jsonpath_ng_1_6_0,756f0e4ba98b18c57d08d1a680a1df54c8fe6038,runtime_ns,3,2034.8333333333333,12.413030787576954,2003.9976554367954,2065.669011229871
jsonpath_ng_1_6_1,756f0e4ba98b18c57d08d1a680a1df54c8fe6038,runtime_ns,3,2014.0,24.24871130596428,1953.7628617835076,2074.2371382164924
jsonpath_ng_1_7_0,756f0e4ba98b18c57d08d1a680a1df54c8fe6038,runtime_ns,3,2000.0,0.0,2000.0,2000.0
jsonpath_ng_1_8_0,756f0e4ba98b18c57d08d1a680a1df54c8fe6038,runtime_ns,3,1986.0,24.24871130596428,1925.7628617835076,2046.2371382164924
jsonpath_ng_1_5_2,fae01e5e0b6a62a4c7c0c7d32760e88eecf65c59,runtime_ns,3,500.0,0.0,500.0,500.0
jsonpath_ng_1_5_3,fae01e5e0b6a62a4c7c0c7d32760e88eecf65c59,runtime_ns,6,524.1666666666666,20.41241452319315,502.74515136969734,545.5881819636359
jsonpath_ng_1_6_0,fae01e5e0b6a62a4c7c0c7d32760e88eecf65c59,runtime_ns,3,541.3333333333334,0.5773502691896257,539.8991157567502,542.7675509099165
jsonpath_ng_1_6_1,fae01e5e0b6a62a4c7c0c7d32760e88eecf65c59,runtime_ns,3,541.3333333333334,0.5773502691896257,539.8991157567502,542.7675509099165
jsonpath_ng_1_7_0,fae01e5e0b6a62a4c7c0c7d32760e88eecf65c59,runtime_ns,6,513.6666666666666,21.172308959267212,491.4476910659226,535.8856422674107
jsonpath_ng_1_8_0,fae01e5e0b6a62a4c7c0c7d32760e88eecf65c59,runtime_ns,5,533.4,18.676188047886004,510.21044967725646,556.5895503227434
jsonpath_ng_1_5_2,2a07153110d7042fd9779e8648dc486b2da796dc,runtime_ns,4,1822.75,52.38558962157437,1739.392836929356,1906.107163070644
jsonpath_ng_1_5_3,2a07153110d7042fd9779e8648dc486b2da796dc,runtime_ns,3,2006.8333333333333,31.31426724886491,1929.0443811445996,2084.6222855220667
jsonpath_ng_1_6_0,2a07153110d7042fd9779e8648dc486b2da796dc,runtime_ns,3,2028.0,24.24871130596428,1967.7628617835076,2088.2371382164924
jsonpath_ng_1_6_1,2a07153110d7042fd9779e8648dc486b2da796dc,runtime_ns,3,2007.0,31.58718094417417,1928.5330926086956,2085.4669073913046
jsonpath_ng_1_7_0,2a07153110d7042fd9779e8648dc486b2da796dc,runtime_ns,3,1986.3333333333333,23.671361036774655,1927.5304126934238,2045.1362539732427
jsonpath_ng_1_8_0,2a07153110d7042fd9779e8648dc486b2da796dc,runtime_ns,3,2027.5,23.817010727629107,1968.3352654703344,2086.6647345296656
jsonpath_ng_1_5_2,542eb5f775a44440b1cb77f1f7fc90589ed369a9,runtime_ns,3,1722.0,24.24871130596428,1661.7628617835076,1782.2371382164924
jsonpath_ng_1_5_3,542eb5f775a44440b1cb77f1f7fc90589ed369a9,runtime_ns,3,1854.1666666666667,21.001984033260605,1801.9948461080658,1906.3384872252677
jsonpath_ng_1_6_0,542eb5f775a44440b1cb77f1f7fc90589ed369a9,runtime_ns,3,1923.5,12.134661099511597,1893.3558307433934,1953.6441692566066
jsonpath_ng_1_6_1,542eb5f775a44440b1cb77f1f7fc90589ed369a9,runtime_ns,4,1838.875,35.45037611460091,1782.4655407565854,1895.2844592434146
jsonpath_ng_1_7_0,542eb5f775a44440b1cb77f1f7fc90589ed369a9,runtime_ns,3,1861.3333333333333,11.835680518387328,1831.9318730133787,1890.7347936532879
jsonpath_ng_1_8_0,542eb5f775a44440b1cb77f1f7fc90589ed369a9,runtime_ns,3,1875.0,0.0,1875.0,1875.0
jsonpath_ng_1_5_2,0ab4446beca682c49b30ae1b5db9aaeb83f07d0f,runtime_ns,3,1777.6666666666667,23.96525262402492,1718.1336788517028,1837.1996544816307
jsonpath_ng_1_5_3,0ab4446beca682c49b30ae1b5db9aaeb83f07d0f,runtime_ns,3,1909.3333333333333,11.98262631201246,1879.5668394258514,1939.099827240815
jsonpath_ng_1_6_0,0ab4446beca682c49b30ae1b5db9aaeb83f07d0f,runtime_ns,3,1986.0,24.24871130596428,1925.7628617835076,2046.2371382164924
jsonpath_ng_1_6_1,0ab4446beca682c49b30ae1b5db9aaeb83f07d0f,runtime_ns,4,1963.625,35.499706571557276,1907.1370449913459,2020.1129550086541
jsonpath_ng_1_7_0,0ab4446beca682c49b30ae1b5db9aaeb83f07d0f,runtime_ns,3,1930.8333333333333,23.96003617136947,1871.3133039051324,1990.353362761534
jsonpath_ng_1_8_0,0ab4446beca682c49b30ae1b5db9aaeb83f07d0f,runtime_ns,3,1965.1666666666667,31.860372460681205,1886.021113926677,2044.3122194066566
jsonpath_ng_1_5_2,24403c55437feb3e84d4e5adf657f1f7b5a4f3a7,runtime_ns,0,nan,0,nan,nan
jsonpath_ng_1_5_3,24403c55437feb3e84d4e5adf657f1f7b5a4f3a7,runtime_ns,0,nan,0,nan,nan
jsonpath_ng_1_6_0,24403c55437feb3e84d4e5adf657f1f7b5a4f3a7,runtime_ns,0,nan,0,nan,nan
jsonpath_ng_1_6_1,24403c55437feb3e84d4e5adf657f1f7b5a4f3a7,runtime_ns,0,nan,0,nan,nan
jsonpath_ng_1_7_0,24403c55437feb3e84d4e5adf657f1f7b5a4f3a7,runtime_ns,0,nan,0,nan,nan
jsonpath_ng_1_8_0,24403c55437feb3e84d4e5adf657f1f7b5a4f3a7,runtime_ns,0,nan,0,nan,nan
jsonpath_ng_1_5_2,46cff4b2355aafb7a2c91137dd038d165d66a9ad,runtime_ns,0,nan,0,nan,nan
jsonpath_ng_1_5_3,46cff4b2355aafb7a2c91137dd038d165d66a9ad,runtime_ns,0,nan,0,nan,nan
jsonpath_ng_1_6_0,46cff4b2355aafb7a2c91137dd038d165d66a9ad,runtime_ns,0,nan,0,nan,nan
jsonpath_ng_1_6_1,46cff4b2355aafb7a2c91137dd038d165d66a9ad,runtime_ns,0,nan,0,nan,nan
jsonpath_ng_1_7_0,46cff4b2355aafb7a2c91137dd038d165d66a9ad,runtime_ns,0,nan,0,nan,nan
jsonpath_ng_1_8_0,46cff4b2355aafb7a2c91137dd038d165d66a9ad,runtime_ns,0,nan,0,nan,nan
jsonpath_ng_1_5_2,0d9ba23a880b786efdc7e7584519528e06256d1e,runtime_ns,0,nan,0,nan,nan
jsonpath_ng_1_5_3,0d9ba23a880b786efdc7e7584519528e06256d1e,runtime_ns,0,nan,0,nan,nan
jsonpath_ng_1_6_0,0d9ba23a880b786efdc7e7584519528e06256d1e,runtime_ns,0,nan,0,nan,nan
jsonpath_ng_1_6_1,0d9ba23a880b786efdc7e7584519528e06256d1e,runtime_ns,0,nan,0,nan,nan
jsonpath_ng_1_7_0,0d9ba23a880b786efdc7e7584519528e06256d1e,runtime_ns,0,nan,0,nan,nan
jsonpath_ng_1_8_0,0d9ba23a880b786efdc7e7584519528e06256d1e,runtime_ns,0,nan,0,nan,nan
jsonpath_ng_1_5_2,3edd9eeaea1cd21938e7ff637eda3b47afeaecaa,runtime_ns,0,nan,0,nan,nan
jsonpath_ng_1_5_3,3edd9eeaea1cd21938e7ff637eda3b47afeaecaa,runtime_ns,0,nan,0,nan,nan
jsonpath_ng_1_6_0,3edd9eeaea1cd21938e7ff637eda3b47afeaecaa,runtime_ns,0,nan,0,nan,nan
jsonpath_ng_1_6_1,3edd9eeaea1cd21938e7ff637eda3b47afeaecaa,runtime_ns,0,nan,0,nan,nan
jsonpath_ng_1_7_0,3edd9eeaea1cd21938e7ff637eda3b47afeaecaa,runtime_ns,0,nan,0,nan,nan
jsonpath_ng_1_8_0,3edd9eeaea1cd21938e7ff637eda3b47afeaecaa,runtime_ns,0,nan,0,nan,nan
jsonpath_ng_1_5_2,0d132c1cfbcf52579392d96c7451ff25b3645ee1,runtime_ns,3,1527.6666666666667,23.96525262402492,1468.1336788517028,1587.1996544816307
jsonpath_ng_1_5_3,0d132c1cfbcf52579392d96c7451ff25b3645ee1,runtime_ns,3,1694.1666666666667,23.96003617136947,1634.646637238466,1753.6866960948676
jsonpath_ng_1_6_0,0d132c1cfbcf52579392d96c7451ff25b3645ee1,runtime_ns,3,1687.5,0.0,1687.5,1687.5
jsonpath_ng_1_6_1,0d132c1cfbcf52579392d96c7451ff25b3645ee1,runtime_ns,3,1694.3333333333333,23.671361036774655,1635.5304126934238,1753.1362539732427
jsonpath_ng_1_7_0,0d132c1cfbcf52579392d96c7451ff25b3645ee1,runtime_ns,3,1695.0,24.24871130596428,1634.7628617835076,1755.2371382164924
jsonpath_ng_1_8_0,0d132c1cfbcf52579392d96c7451ff25b3645ee1,runtime_ns,3,1729.3333333333333,20.750502001959696,1677.7862287725145,1780.880437894152
jsonpath_ng_1_5_2,9c8066670685a50e990883168da1f56fdb101138,runtime_ns,0,nan,0,nan,nan
jsonpath_ng_1_5_3,9c8066670685a50e990883168da1f56fdb101138,runtime_ns,0,nan,0,nan,nan
jsonpath_ng_1_6_0,9c8066670685a50e990883168da1f56fdb101138,runtime_ns,0,nan,0,nan,nan
jsonpath_ng_1_6_1,9c8066670685a50e990883168da1f56fdb101138,runtime_ns,0,nan,0,nan,nan
jsonpath_ng_1_7_0,9c8066670685a50e990883168da1f56fdb101138,runtime_ns,0,nan,0,nan,nan
jsonpath_ng_1_8_0,9c8066670685a50e990883168da1f56fdb101138,runtime_ns,0,nan,0,nan,nan
jsonpath_ng_1_5_2,ab951d7caba36cd87094df80dfbaccb9c7f41e7a,runtime_ns,3,1541.8333333333333,0.28867513459481287,1541.1162245450416,1542.5504421216249
jsonpath_ng_1_5_3,ab951d7caba36cd87094df80dfbaccb9c7f41e7a,runtime_ns,3,1687.5,20.5,1636.5751769091182,1738.4248230908818
jsonpath_ng_1_6_0,ab951d7caba36cd87094df80dfbaccb9c7f41e7a,runtime_ns,3,1680.8333333333333,23.96003617136947,1621.3133039051324,1740.353362761534
jsonpath_ng_1_6_1,ab951d7caba36cd87094df80dfbaccb9c7f41e7a,runtime_ns,5,1708.5,60.71140749480282,1633.1168310334251,1783.8831689665749
jsonpath_ng_1_7_0,ab951d7caba36cd87094df80dfbaccb9c7f41e7a,runtime_ns,3,1694.3333333333333,23.671361036774655,1635.5304126934238,1753.1362539732427
jsonpath_ng_1_8_0,ab951d7caba36cd87094df80dfbaccb9c7f41e7a,runtime_ns,3,1722.1666666666667,24.105670149019574,1662.284862382473,1782.0484709508605
jsonpath_ng_1_5_2,55d6f2bf39c4d4289ee85255f5404b4348c09109,runtime_ns,3,12430.333333333334,23.96525262402492,12370.80034551837,12489.866321148298
jsonpath_ng_1_5_3,55d6f2bf39c4d4289ee85255f5404b4348c09109,runtime_ns,3,12902.833333333334,63.44748484639351,12745.2210435107,13060.445623155967
jsonpath_ng_1_6_0,55d6f2bf39c4d4289ee85255f5404b4348c09109,runtime_ns,3,12708.666666666666,217.23508771221407,12169.024792965365,13248.308540367967
jsonpath_ng_1_6_1,55d6f2bf39c4d4289ee85255f5404b4348c09109,runtime_ns,3,12889.0,24.24871130596428,12828.762861783507,12949.237138216493
jsonpath_ng_1_7_0,55d6f2bf39c4d4289ee85255f5404b4348c09109,runtime_ns,3,12875.333333333334,41.50100400391939,12772.239124211696,12978.427542454972
jsonpath_ng_1_8_0,55d6f2bf39c4d4289ee85255f5404b4348c09109,runtime_ns,3,13549.166666666666,60.33310313031589,13399.290929913726,13699.042403419606
jsonpath_ng_1_5_2,4e6e2a1d69165bd49a8dc1143640e76bfc2b19c6,runtime_ns,0,nan,0,nan,nan
jsonpath_ng_1_5_3,4e6e2a1d69165bd49a8dc1143640e76bfc2b19c6,runtime_ns,0,nan,0,nan,nan
jsonpath_ng_1_6_0,4e6e2a1d69165bd49a8dc1143640e76bfc2b19c6,runtime_ns,0,nan,0,nan,nan
jsonpath_ng_1_6_1,4e6e2a1d69165bd49a8dc1143640e76bfc2b19c6,runtime_ns,0,nan,0,nan,nan
jsonpath_ng_1_7_0,4e6e2a1d69165bd49a8dc1143640e76bfc2b19c6,runtime_ns,0,nan,0,nan,nan
jsonpath_ng_1_8_0,4e6e2a1d69165bd49a8dc1143640e76bfc2b19c6,runtime_ns,0,nan,0,nan,nan
jsonpath_ng_1_5_2,c4c396c7ac6911436a5064f59b179f749e75d120,runtime_ns,0,nan,0,nan,nan
jsonpath_ng_1_5_3,c4c396c7ac6911436a5064f59b179f749e75d120,runtime_ns,0,nan,0,nan,nan
jsonpath_ng_1_6_0,c4c396c7ac6911436a5064f59b179f749e75d120,runtime_ns,0,nan,0,nan,nan
jsonpath_ng_1_6_1,c4c396c7ac6911436a5064f59b179f749e75d120,runtime_ns,0,nan,0,nan,nan
jsonpath_ng_1_7_0,c4c396c7ac6911436a5064f59b179f749e75d120,runtime_ns,0,nan,0,nan,nan
jsonpath_ng_1_8_0,c4c396c7ac6911436a5064f59b179f749e75d120,runtime_ns,0,nan,0,nan,nan
jsonpath_ng_1_5_2,d4982fee99cba6bdc60c1becd097e5c797a66b66,runtime_ns,3,1631.8333333333333,31.31426724886491,1554.0443811445996,1709.622285522067
jsonpath_ng_1_5_3,d4982fee99cba6bdc60c1becd097e5c797a66b66,runtime_ns,3,1652.5,23.817010727629107,1593.3352654703344,1711.6647345296656
jsonpath_ng_1_6_0,d4982fee99cba6bdc60c1becd097e5c797a66b66,runtime_ns,3,1673.5,12.134661099511597,1643.3558307433934,1703.6441692566066
jsonpath_ng_1_6_1,d4982fee99cba6bdc60c1becd097e5c797a66b66,runtime_ns,3,1666.6666666666667,21.001984033260605,1614.4948461080658,1718.8384872252677
jsonpath_ng_1_7_0,d4982fee99cba6bdc60c1becd097e5c797a66b66,runtime_ns,4,1661.375,42.668050107779706,1593.4806107904183,1729.2693892095817
jsonpath_ng_1_8_0,d4982fee99cba6bdc60c1becd097e5c797a66b66,runtime_ns,3,1681.0,24.24871130596428,1620.7628617835076,1741.2371382164924
jsonpath_ng_1_5_2,eafa23ae24f419446a652756ec6f1c4543a169cb,runtime_ns,3,2256.8333333333335,11.835680518387328,2227.4318730133787,2286.2347936532883
jsonpath_ng_1_5_3,eafa23ae24f419446a652756ec6f1c4543a169cb,runtime_ns,5,2362.5,68.61851062213461,2277.298865750133,2447.701134249867
jsonpath_ng_1_6_0,eafa23ae24f419446a652756ec6f1c4543a169cb,runtime_ns,3,2409.5,31.752952618614856,2330.6212929406774,2488.3787070593226
jsonpath_ng_1_6_1,eafa23ae24f419446a652756ec6f1c4543a169cb,runtime_ns,4,2421.875,43.11298141704731,2353.272625789776,2490.477374210224
jsonpath_ng_1_7_0,eafa23ae24f419446a652756ec6f1c4543a169cb,runtime_ns,3,2388.6666666666665,23.671361036774655,2329.8637460267573,2447.4695873065757
jsonpath_ng_1_8_0,eafa23ae24f419446a652756ec6f1c4543a169cb,runtime_ns,3,2417.0,0.0,2417.0,2417.0
jsonpath_ng_1_5_2,da5dc683d4ae6494d10ea94dae251b78743bc699,runtime_ns,0,nan,0,nan,nan
jsonpath_ng_1_5_3,da5dc683d4ae6494d10ea94dae251b78743bc699,runtime_ns,0,nan,0,nan,nan
jsonpath_ng_1_6_0,da5dc683d4ae6494d10ea94dae251b78743bc699,runtime_ns,0,nan,0,nan,nan
jsonpath_ng_1_6_1,da5dc683d4ae6494d10ea94dae251b78743bc699,runtime_ns,0,nan,0,nan,nan
jsonpath_ng_1_7_0,da5dc683d4ae6494d10ea94dae251b78743bc699,runtime_ns,0,nan,0,nan,nan
jsonpath_ng_1_8_0,da5dc683d4ae6494d10ea94dae251b78743bc699,runtime_ns,0,nan,0,nan,nan
jsonpath_ng_1_5_2,e3e9682426833c9d5f566b09bd7609efdccf13c6,runtime_ns,0,nan,0,nan,nan
jsonpath_ng_1_5_3,e3e9682426833c9d5f566b09bd7609efdccf13c6,runtime_ns,0,nan,0,nan,nan
jsonpath_ng_1_6_0,e3e9682426833c9d5f566b09bd7609efdccf13c6,runtime_ns,0,nan,0,nan,nan
jsonpath_ng_1_6_1,e3e9682426833c9d5f566b09bd7609efdccf13c6,runtime_ns,0,nan,0,nan,nan
jsonpath_ng_1_7_0,e3e9682426833c9d5f566b09bd7609efdccf13c6,runtime_ns,0,nan,0,nan,nan
jsonpath_ng_1_8_0,e3e9682426833c9d5f566b09bd7609efdccf13c6,runtime_ns,0,nan,0,nan,nan
jsonpath_ng_1_5_2,ca6e21b4eb2671cbe3aae113f9d451b809d10ca5,runtime_ns,3,15646.0,21.0,15593.833108053243,15698.166891946757
jsonpath_ng_1_5_3,ca6e21b4eb2671cbe3aae113f9d451b809d10ca5,runtime_ns,3,17562.333333333332,116.15973197857049,17273.776562538555,17850.89010412811
jsonpath_ng_1_6_0,ca6e21b4eb2671cbe3aae113f9d451b809d10ca5,runtime_ns,3,17431.0,24.24871130596428,17370.762861783507,17491.237138216493
jsonpath_ng_1_6_1,ca6e21b4eb2671cbe3aae113f9d451b809d10ca5,runtime_ns,3,17444.5,63.66513959774218,17286.3470258014,17602.6529741986
jsonpath_ng_1_7_0,ca6e21b4eb2671cbe3aae113f9d451b809d10ca5,runtime_ns,3,17180.5,339.8297367800528,16336.316135290483,18024.683864709517
jsonpath_ng_1_8_0,ca6e21b4eb2671cbe3aae113f9d451b809d10ca5,runtime_ns,3,18437.333333333332,41.750249500252494,18333.61996407477,18541.046702591895
jsonpath_ng_1_5_2,ce606ea4aca310ad1a1e2ff12c3aa36df5d9dcb3,runtime_ns,3,6013.666666666667,31.31426724886491,5935.877714477933,6091.455618855401
jsonpath_ng_1_5_3,ce606ea4aca310ad1a1e2ff12c3aa36df5d9dcb3,runtime_ns,3,6236.0,48.06506007486103,6116.599771650493,6355.400228349507
jsonpath_ng_1_6_0,ce606ea4aca310ad1a1e2ff12c3aa36df5d9dcb3,runtime_ns,3,6284.666666666667,31.80539786472311,6205.657678393685,6363.675654939649
jsonpath_ng_1_6_1,ce606ea4aca310ad1a1e2ff12c3aa36df5d9dcb3,runtime_ns,3,6278.0,84.37564814565872,6068.399270487992,6487.600729512008
jsonpath_ng_1_7_0,ce606ea4aca310ad1a1e2ff12c3aa36df5d9dcb3,runtime_ns,3,6257.0,42.874817783869354,6150.493048258666,6363.506951741334
jsonpath_ng_1_8_0,ce606ea4aca310ad1a1e2ff12c3aa36df5d9dcb3,runtime_ns,3,6451.5,43.23482392701513,6344.098743422016,6558.901256577984
jsonpath_ng_1_5_2,13200e8f16f2c3d0f5c3cda69475c0d8bbf843c0,runtime_ns,0,nan,0,nan,nan
jsonpath_ng_1_5_3,13200e8f16f2c3d0f5c3cda69475c0d8bbf843c0,runtime_ns,0,nan,0,nan,nan
jsonpath_ng_1_6_0,13200e8f16f2c3d0f5c3cda69475c0d8bbf843c0,runtime_ns,0,nan,0,nan,nan
jsonpath_ng_1_6_1,13200e8f16f2c3d0f5c3cda69475c0d8bbf843c0,runtime_ns,0,nan,0,nan,nan
jsonpath_ng_1_7_0,13200e8f16f2c3d0f5c3cda69475c0d8bbf843c0,runtime_ns,0,nan,0,nan,nan
jsonpath_ng_1_8_0,13200e8f16f2c3d0f5c3cda69475c0d8bbf843c0,runtime_ns,0,nan,0,nan,nan
jsonpath_ng_1_5_2,890df59b5cefc9cf226d6121a50cd874dc264da7,runtime_ns,0,nan,0,nan,nan
jsonpath_ng_1_5_3,890df59b5cefc9cf226d6121a50cd874dc264da7,runtime_ns,0,nan,0,nan,nan
jsonpath_ng_1_6_0,890df59b5cefc9cf226d6121a50cd874dc264da7,runtime_ns,0,nan,0,nan,nan
jsonpath_ng_1_6_1,890df59b5cefc9cf226d6121a50cd874dc264da7,runtime_ns,0,nan,0,nan,nan
jsonpath_ng_1_7_0,890df59b5cefc9cf226d6121a50cd874dc264da7,runtime_ns,0,nan,0,nan,nan
jsonpath_ng_1_8_0,890df59b5cefc9cf226d6121a50cd874dc264da7,runtime_ns,0,nan,0,nan,nan
jsonpath_ng_1_5_2,219f59276c24e6f52d8ded6180e8c806639bdfa6,runtime_ns,3,27146.0,488.1406047441659,25933.391515118405,28358.608484881595
jsonpath_ng_1_5_3,219f59276c24e6f52d8ded6180e8c806639bdfa6,runtime_ns,3,29521.166666666668,108.83052574224446,29250.816653480742,29791.516679852593
jsonpath_ng_1_6_0,219f59276c24e6f52d8ded6180e8c806639bdfa6,runtime_ns,3,29625.166666666668,41.750249500252494,29521.453297408105,29728.88003592523
jsonpath_ng_1_6_1,219f59276c24e6f52d8ded6180e8c806639bdfa6,runtime_ns,3,29444.166666666668,169.42869690029883,29023.28245124392,29865.050882089417
jsonpath_ng_1_7_0,219f59276c24e6f52d8ded6180e8c806639bdfa6,runtime_ns,3,29402.666666666668,31.860372460681205,29323.52111392668,29481.812219406656
jsonpath_ng_1_8_0,219f59276c24e6f52d8ded6180e8c806639bdfa6,runtime_ns,3,31194.666666666668,133.87058427202496,30862.11369978248,31527.219633550856
jsonpath_ng_1_5_2,1848ddc34fe7026e584de92159a25b73279af6be,runtime_ns,0,nan,0,nan,nan
jsonpath_ng_1_5_3,1848ddc34fe7026e584de92159a25b73279af6be,runtime_ns,0,nan,0,nan,nan
jsonpath_ng_1_6_0,1848ddc34fe7026e584de92159a25b73279af6be,runtime_ns,0,nan,0,nan,nan
jsonpath_ng_1_6_1,1848ddc34fe7026e584de92159a25b73279af6be,runtime_ns,0,nan,0,nan,nan
jsonpath_ng_1_7_0,1848ddc34fe7026e584de92159a25b73279af6be,runtime_ns,0,nan,0,nan,nan
jsonpath_ng_1_8_0,1848ddc34fe7026e584de92159a25b73279af6be,runtime_ns,0,nan,0,nan,nan
jsonpath_ng_1_5_2,ae88d013c193d1039247b39cc962f92ee93eccc2,runtime_ns,0,nan,0,nan,nan
jsonpath_ng_1_5_3,ae88d013c193d1039247b39cc962f92ee93eccc2,runtime_ns,0,nan,0,nan,nan
jsonpath_ng_1_6_0,ae88d013c193d1039247b39cc962f92ee93eccc2,runtime_ns,0,nan,0,nan,nan
jsonpath_ng_1_6_1,ae88d013c193d1039247b39cc962f92ee93eccc2,runtime_ns,0,nan,0,nan,nan
jsonpath_ng_1_7_0,ae88d013c193d1039247b39cc962f92ee93eccc2,runtime_ns,0,nan,0,nan,nan
jsonpath_ng_1_8_0,ae88d013c193d1039247b39cc962f92ee93eccc2,runtime_ns,0,nan,0,nan,nan
jsonpath_ng_1_5_2,82153b63f0bd27609bae053c616260c50160c3db,runtime_ns,3,3152.8333333333335,24.105670149019574,3092.95152904914,3212.715137617527
jsonpath_ng_1_5_3,82153b63f0bd27609bae053c616260c50160c3db,runtime_ns,3,3194.5,24.253865671269807,3134.250057630272,3254.749942369728
jsonpath_ng_1_6_0,82153b63f0bd27609bae053c616260c50160c3db,runtime_ns,3,3270.8333333333335,41.50100400391939,3167.739124211696,3373.927542454971
jsonpath_ng_1_6_1,82153b63f0bd27609bae053c616260c50160c3db,runtime_ns,3,3312.5,62.5,3157.2413930156044,3467.7586069843956
jsonpath_ng_1_7_0,82153b63f0bd27609bae053c616260c50160c3db,runtime_ns,3,3270.8333333333335,21.001984033260605,3218.6615127747327,3323.0051538919342
jsonpath_ng_1_8_0,82153b63f0bd27609bae053c616260c50160c3db,runtime_ns,3,3409.5,52.05525910030609,3280.187567773995,3538.812432226005
jsonpath_ng_1_5_2,97e55291552b2961ad77d7a60497ce113c5d7cc2,runtime_ns,0,nan,0,nan,nan
jsonpath_ng_1_5_3,97e55291552b2961ad77d7a60497ce113c5d7cc2,runtime_ns,0,nan,0,nan,nan
jsonpath_ng_1_6_0,97e55291552b2961ad77d7a60497ce113c5d7cc2,runtime_ns,0,nan,0,nan,nan
jsonpath_ng_1_6_1,97e55291552b2961ad77d7a60497ce113c5d7cc2,runtime_ns,0,nan,0,nan,nan
jsonpath_ng_1_7_0,97e55291552b2961ad77d7a60497ce113c5d7cc2,runtime_ns,0,nan,0,nan,nan
jsonpath_ng_1_8_0,97e55291552b2961ad77d7a60497ce113c5d7cc2,runtime_ns,0,nan,0,nan,nan
jsonpath_ng_1_5_2,2a4a04ae6c5868310e2badde3a7503b49c02040a,runtime_ns,6,520.5833333333334,22.54865110525831,496.9199752318953,544.2466914347714
jsonpath_ng_1_5_3,2a4a04ae6c5868310e2badde3a7503b49c02040a,runtime_ns,5,516.4,17.15153054394855,495.10356200948684,537.6964379905131
jsonpath_ng_1_6_0,2a4a04ae6c5868310e2badde3a7503b49c02040a,runtime_ns,3,541.3333333333334,0.5773502691896257,539.8991157567502,542.7675509099165
jsonpath_ng_1_6_1,2a4a04ae6c5868310e2badde3a7503b49c02040a,runtime_ns,4,536.125,10.427327877585258,519.5327944609985,552.7172055390015
jsonpath_ng_1_7_0,2a4a04ae6c5868310e2badde3a7503b49c02040a,runtime_ns,6,527.6666666666666,21.435173586109972,505.1718315580458,550.1615017752874
jsonpath_ng_1_8_0,2a4a04ae6c5868310e2badde3a7503b49c02040a,runtime_ns,5,529.1,18.676188047886004,505.9104496772565,552.2895503227435
jsonpath_ng_1_5_2,f349c8624208e44df90f46234a52e70d7c2ccdd8,runtime_ns,3,1409.8333333333333,12.413030787576954,1378.9976554367954,1440.669011229871
jsonpath_ng_1_5_3,f349c8624208e44df90f46234a52e70d7c2ccdd8,runtime_ns,3,1458.3333333333333,0.5773502691896257,1456.89911575675,1459.7675509099165
jsonpath_ng_1_6_0,f349c8624208e44df90f46234a52e70d7c2ccdd8,runtime_ns,4,1484.25,31.167557919520526,1434.655460227153,1533.844539772847
jsonpath_ng_1_6_1,f349c8624208e44df90f46234a52e70d7c2ccdd8,runtime_ns,4,1468.75,26.98301935168363,1425.8139948794178,1511.6860051205822
jsonpath_ng_1_7_0,f349c8624208e44df90f46234a52e70d7c2ccdd8,runtime_ns,3,1458.0,0.0,1458.0,1458.0
jsonpath_ng_1_8_0,f349c8624208e44df90f46234a52e70d7c2ccdd8,runtime_ns,3,1458.1666666666667,0.28867513459481287,1457.4495578783751,1458.8837754549584
jsonpath_ng_1_5_2,79c208204c05942aad635e48ff496ce4e7030f6e,runtime_ns,3,2250.0,0.0,2250.0,2250.0
jsonpath_ng_1_5_3,79c208204c05942aad635e48ff496ce4e7030f6e,runtime_ns,3,2333.1666666666665,0.28867513459481287,2332.449557878375,2333.883775454958
jsonpath_ng_1_6_0,79c208204c05942aad635e48ff496ce4e7030f6e,runtime_ns,3,2340.5,11.6940155635265,2311.4504549368485,2369.5495450631515
jsonpath_ng_1_6_1,79c208204c05942aad635e48ff496ce4e7030f6e,runtime_ns,3,2361.1666666666665,23.96003617136947,2301.6466372384657,2420.6866960948673
jsonpath_ng_1_7_0,79c208204c05942aad635e48ff496ce4e7030f6e,runtime_ns,3,2340.3333333333335,31.80539786472311,2261.3243450603513,2419.3423216063156
jsonpath_ng_1_8_0,79c208204c05942aad635e48ff496ce4e7030f6e,runtime_ns,3,2715.1666666666665,12.413030787576954,2684.330988770129,2746.002344563204
jsonpath_ng_1_5_2,2539f48b575ab85496315f9bb9ecf5d8f2428f37,runtime_ns,0,nan,0,nan,nan
jsonpath_ng_1_5_3,2539f48b575ab85496315f9bb9ecf5d8f2428f37,runtime_ns,0,nan,0,nan,nan
jsonpath_ng_1_6_0,2539f48b575ab85496315f9bb9ecf5d8f2428f37,runtime_ns,0,nan,0,nan,nan
jsonpath_ng_1_6_1,2539f48b575ab85496315f9bb9ecf5d8f2428f37,runtime_ns,0,nan,0,nan,nan
jsonpath_ng_1_7_0,2539f48b575ab85496315f9bb9ecf5d8f2428f37,runtime_ns,0,nan,0,nan,nan
jsonpath_ng_1_8_0,2539f48b575ab85496315f9bb9ecf5d8f2428f37,runtime_ns,0,nan,0,nan,nan
jsonpath_ng_1_5_2,a27efac6c8135a7982e97d40e3821cdac98648b9,runtime_ns,0,nan,0,nan,nan
jsonpath_ng_1_5_3,a27efac6c8135a7982e97d40e3821cdac98648b9,runtime_ns,0,nan,0,nan,nan
jsonpath_ng_1_6_0,a27efac6c8135a7982e97d40e3821cdac98648b9,runtime_ns,0,nan,0,nan,nan
jsonpath_ng_1_6_1,a27efac6c8135a7982e97d40e3821cdac98648b9,runtime_ns,0,nan,0,nan,nan
jsonpath_ng_1_7_0,a27efac6c8135a7982e97d40e3821cdac98648b9,runtime_ns,0,nan,0,nan,nan
jsonpath_ng_1_8_0,a27efac6c8135a7982e97d40e3821cdac98648b9,runtime_ns,0,nan,0,nan,nan
jsonpath_ng_1_5_2,4eb3988cf66fe9a61f620b6db77137928cb489e3,runtime_ns,0,nan,0,nan,nan
jsonpath_ng_1_5_3,4eb3988cf66fe9a61f620b6db77137928cb489e3,runtime_ns,0,nan,0,nan,nan
jsonpath_ng_1_6_0,4eb3988cf66fe9a61f620b6db77137928cb489e3,runtime_ns,0,nan,0,nan,nan
jsonpath_ng_1_6_1,4eb3988cf66fe9a61f620b6db77137928cb489e3,runtime_ns,0,nan,0,nan,nan
jsonpath_ng_1_7_0,4eb3988cf66fe9a61f620b6db77137928cb489e3,runtime_ns,0,nan,0,nan,nan
jsonpath_ng_1_8_0,4eb3988cf66fe9a61f620b6db77137928cb489e3,runtime_ns,0,nan,0,nan,nan
jsonpath_ng_1_5_2,f442e316b2cad8e5020fa354d93aef1c31a74f0a,runtime_ns,3,500.0,0.0,500.0,500.0
jsonpath_ng_1_5_3,f442e316b2cad8e5020fa354d93aef1c31a74f0a,runtime_ns,6,520.6666666666666,22.642143596988927,496.90519421234376,544.4281391209895
jsonpath_ng_1_6_0,f442e316b2cad8e5020fa354d93aef1c31a74f0a,runtime_ns,4,536.125,10.427327877585258,519.5327944609985,552.7172055390015
jsonpath_ng_1_6_1,f442e316b2cad8e5020fa354d93aef1c31a74f0a,runtime_ns,6,527.8333333333334,21.563085740836506,505.2042626507666,550.4624040159001
jsonpath_ng_1_7_0,f442e316b2cad8e5020fa354d93aef1c31a74f0a,runtime_ns,6,513.8333333333334,21.43284084452331,491.3409462868723,536.3257203797945
jsonpath_ng_1_8_0,f442e316b2cad8e5020fa354d93aef1c31a74f0a,runtime_ns,3,541.5,0.5,540.2579311441249,542.7420688558751
jsonpath_ng_1_5_2,91e5ed6f68e8226441890d3954751b6e1d827fcd,runtime_ns,0,nan,0,nan,nan
jsonpath_ng_1_5_3,91e5ed6f68e8226441890d3954751b6e1d827fcd,runtime_ns,0,nan,0,nan,nan
jsonpath_ng_1_6_0,91e5ed6f68e8226441890d3954751b6e1d827fcd,runtime_ns,0,nan,0,nan,nan
jsonpath_ng_1_6_1,91e5ed6f68e8226441890d3954751b6e1d827fcd,runtime_ns,0,nan,0,nan,nan
jsonpath_ng_1_7_0,91e5ed6f68e8226441890d3954751b6e1d827fcd,runtime_ns,0,nan,0,nan,nan
jsonpath_ng_1_8_0,91e5ed6f68e8226441890d3954751b6e1d827fcd,runtime_ns,0,nan,0,nan,nan
jsonpath_ng_1_5_2,4951ad877671a7eae18c05cce686f4cfb94062fc,runtime_ns,0,nan,0,nan,nan
jsonpath_ng_1_5_3,4951ad877671a7eae18c05cce686f4cfb94062fc,runtime_ns,0,nan,0,nan,nan
jsonpath_ng_1_6_0,4951ad877671a7eae18c05cce686f4cfb94062fc,runtime_ns,0,nan,0,nan,nan
jsonpath_ng_1_6_1,4951ad877671a7eae18c05cce686f4cfb94062fc,runtime_ns,0,nan,0,nan,nan
jsonpath_ng_1_7_0,4951ad877671a7eae18c05cce686f4cfb94062fc,runtime_ns,0,nan,0,nan,nan
jsonpath_ng_1_8_0,4951ad877671a7eae18c05cce686f4cfb94062fc,runtime_ns,0,nan,0,nan,nan
jsonpath_ng_1_5_2,eca385ce6c7328437ba991d658da4b5f9110ee82,runtime_ns,0,nan,0,nan,nan
jsonpath_ng_1_5_3,eca385ce6c7328437ba991d658da4b5f9110ee82,runtime_ns,0,nan,0,nan,nan
jsonpath_ng_1_6_0,eca385ce6c7328437ba991d658da4b5f9110ee82,runtime_ns,0,nan,0,nan,nan
jsonpath_ng_1_6_1,eca385ce6c7328437ba991d658da4b5f9110ee82,runtime_ns,0,nan,0,nan,nan
jsonpath_ng_1_7_0,eca385ce6c7328437ba991d658da4b5f9110ee82,runtime_ns,0,nan,0,nan,nan
jsonpath_ng_1_8_0,eca385ce6c7328437ba991d658da4b5f9110ee82,runtime_ns,0,nan,0,nan,nan
jsonpath_ng_1_5_2,32b303e06713aa86100f180b5939469b61d82d2a,runtime_ns,0,nan,0,nan,nan
jsonpath_ng_1_5_3,32b303e06713aa86100f180b5939469b61d82d2a,runtime_ns,0,nan,0,nan,nan
jsonpath_ng_1_6_0,32b303e06713aa86100f180b5939469b61d82d2a,runtime_ns,0,nan,0,nan,nan
jsonpath_ng_1_6_1,32b303e06713aa86100f180b5939469b61d82d2a,runtime_ns,0,nan,0,nan,nan
jsonpath_ng_1_7_0,32b303e06713aa86100f180b5939469b61d82d2a,runtime_ns,0,nan,0,nan,nan
jsonpath_ng_1_8_0,32b303e06713aa86100f180b5939469b61d82d2a,runtime_ns,0,nan,0,nan,nan
jsonpath_ng_1_5_2,429fe63f4cedc9ab5697dc0ee175986cdd520b0f,runtime_ns,0,nan,0,nan,nan
jsonpath_ng_1_5_3,429fe63f4cedc9ab5697dc0ee175986cdd520b0f,runtime_ns,0,nan,0,nan,nan
jsonpath_ng_1_6_0,429fe63f4cedc9ab5697dc0ee175986cdd520b0f,runtime_ns,0,nan,0,nan,nan
jsonpath_ng_1_6_1,429fe63f4cedc9ab5697dc0ee175986cdd520b0f,runtime_ns,0,nan,0,nan,nan
jsonpath_ng_1_7_0,429fe63f4cedc9ab5697dc0ee175986cdd520b0f,runtime_ns,0,nan,0,nan,nan
jsonpath_ng_1_8_0,429fe63f4cedc9ab5697dc0ee175986cdd520b0f,runtime_ns,0,nan,0,nan,nan
jsonpath_ng_1_5_2,69344f4c7a74a729455210138b404bbb3c3be2c9,runtime_ns,4,1661.375,35.499706571557276,1604.8870449913459,1717.8629550086541
jsonpath_ng_1_5_3,69344f4c7a74a729455210138b404bbb3c3be2c9,runtime_ns,3,1777.8333333333333,24.105670149019574,1717.9515290491395,1837.715137617527
jsonpath_ng_1_6_0,69344f4c7a74a729455210138b404bbb3c3be2c9,runtime_ns,4,1828.25,35.47416900600586,1771.8026809569135,1884.6973190430865
jsonpath_ng_1_6_1,69344f4c7a74a729455210138b404bbb3c3be2c9,runtime_ns,3,1826.1666666666667,32.296800667145554,1745.9369661605272,1906.3963671728063
jsonpath_ng_1_7_0,69344f4c7a74a729455210138b404bbb3c3be2c9,runtime_ns,4,1822.875,39.99453087610855,1759.2347764908866,1886.5152235091134
jsonpath_ng_1_8_0,69344f4c7a74a729455210138b404bbb3c3be2c9,runtime_ns,3,1840.3333333333333,12.271240089466644,1809.8498830571466,1870.81678360952
jsonpath_ng_1_5_2,eea52cc575ac3608fe31b38df907da70a5d9e432,runtime_ns,0,nan,0,nan,nan
jsonpath_ng_1_5_3,eea52cc575ac3608fe31b38df907da70a5d9e432,runtime_ns,0,nan,0,nan,nan
jsonpath_ng_1_6_0,eea52cc575ac3608fe31b38df907da70a5d9e432,runtime_ns,0,nan,0,nan,nan
jsonpath_ng_1_6_1,eea52cc575ac3608fe31b38df907da70a5d9e432,runtime_ns,0,nan,0,nan,nan
jsonpath_ng_1_7_0,eea52cc575ac3608fe31b38df907da70a5d9e432,runtime_ns,0,nan,0,nan,nan
jsonpath_ng_1_8_0,eea52cc575ac3608fe31b38df907da70a5d9e432,runtime_ns,0,nan,0,nan,nan
jsonpath_ng_1_5_2,682adf0e8786a5bb8577dcecced73d31be71ded7,runtime_ns,0,nan,0,nan,nan
jsonpath_ng_1_5_3,682adf0e8786a5bb8577dcecced73d31be71ded7,runtime_ns,0,nan,0,nan,nan
jsonpath_ng_1_6_0,682adf0e8786a5bb8577dcecced73d31be71ded7,runtime_ns,0,nan,0,nan,nan
jsonpath_ng_1_6_1,682adf0e8786a5bb8577dcecced73d31be71ded7,runtime_ns,0,nan,0,nan,nan
jsonpath_ng_1_7_0,682adf0e8786a5bb8577dcecced73d31be71ded7,runtime_ns,0,nan,0,nan,nan
jsonpath_ng_1_8_0,682adf0e8786a5bb8577dcecced73d31be71ded7,runtime_ns,0,nan,0,nan,nan
jsonpath_ng_1_5_2,1f332281359904c48800b1a94a5a68e73137003f,runtime_ns,0,nan,0,nan,nan
jsonpath_ng_1_5_3,1f332281359904c48800b1a94a5a68e73137003f,runtime_ns,0,nan,0,nan,nan
jsonpath_ng_1_6_0,1f332281359904c48800b1a94a5a68e73137003f,runtime_ns,0,nan,0,nan,nan
jsonpath_ng_1_6_1,1f332281359904c48800b1a94a5a68e73137003f,runtime_ns,0,nan,0,nan,nan
jsonpath_ng_1_7_0,1f332281359904c48800b1a94a5a68e73137003f,runtime_ns,0,nan,0,nan,nan
jsonpath_ng_1_8_0,1f332281359904c48800b1a94a5a68e73137003f,runtime_ns,0,nan,0,nan,nan
jsonpath_ng_1_5_2,a3275118e33ef6e9fadd377c48f2a91d7da4c5dc,runtime_ns,0,nan,0,nan,nan
jsonpath_ng_1_5_3,a3275118e33ef6e9fadd377c48f2a91d7da4c5dc,runtime_ns,0,nan,0,nan,nan
jsonpath_ng_1_6_0,a3275118e33ef6e9fadd377c48f2a91d7da4c5dc,runtime_ns,0,nan,0,nan,nan
jsonpath_ng_1_6_1,a3275118e33ef6e9fadd377c48f2a91d7da4c5dc,runtime_ns,0,nan,0,nan,nan
jsonpath_ng_1_7_0,a3275118e33ef6e9fadd377c48f2a91d7da4c5dc,runtime_ns,0,nan,0,nan,nan
jsonpath_ng_1_8_0,a3275118e33ef6e9fadd377c48f2a91d7da4c5dc,runtime_ns,0,nan,0,nan,nan
jsonpath_ng_1_5_2,6010af47caeb4eba203b405eeb9eeb956739e431,runtime_ns,0,nan,0,nan,nan
jsonpath_ng_1_5_3,6010af47caeb4eba203b405eeb9eeb956739e431,runtime_ns,0,nan,0,nan,nan
jsonpath_ng_1_6_0,6010af47caeb4eba203b405eeb9eeb956739e431,runtime_ns,0,nan,0,nan,nan
jsonpath_ng_1_6_1,6010af47caeb4eba203b405eeb9eeb956739e431,runtime_ns,0,nan,0,nan,nan
jsonpath_ng_1_7_0,6010af47caeb4eba203b405eeb9eeb956739e431,runtime_ns,0,nan,0,nan,nan
jsonpath_ng_1_8_0,6010af47caeb4eba203b405eeb9eeb956739e431,runtime_ns,0,nan,0,nan,nan
jsonpath_ng_1_5_2,529ae6ee9c462b951e349c317b9e5a8df54d1861,runtime_ns,5,508.2,18.335757415498275,485.4331501373781,530.9668498626219
jsonpath_ng_1_5_3,529ae6ee9c462b951e349c317b9e5a8df54d1861,runtime_ns,3,541.8333333333334,0.28867513459481287,541.1162245450417,542.550442121625
jsonpath_ng_1_6_0,529ae6ee9c462b951e349c317b9e5a8df54d1861,runtime_ns,6,527.75,21.498255743199262,505.18896422748816,550.3110357725118
jsonpath_ng_1_6_1,529ae6ee9c462b951e349c317b9e5a8df54d1861,runtime_ns,4,536.375,10.593826818797194,519.5178574908517,553.2321425091483
jsonpath_ng_1_7_0,529ae6ee9c462b951e349c317b9e5a8df54d1861,runtime_ns,6,513.9166666666666,21.56018707401832,491.2906379483671,536.5426953849661
jsonpath_ng_1_8_0,529ae6ee9c462b951e349c317b9e5a8df54d1861,runtime_ns,3,541.6666666666666,0.5773502691896257,540.2324490900835,543.1008842432498
jsonpath_ng_1_5_2,9c27cd7d18194b3df946d6838f597005961822de,runtime_ns,0,nan,0,nan,nan
jsonpath_ng_1_5_3,9c27cd7d18194b3df946d6838f597005961822de,runtime_ns,0,nan,0,nan,nan
jsonpath_ng_1_6_0,9c27cd7d18194b3df946d6838f597005961822de,runtime_ns,0,nan,0,nan,nan
jsonpath_ng_1_6_1,9c27cd7d18194b3df946d6838f597005961822de,runtime_ns,0,nan,0,nan,nan
jsonpath_ng_1_7_0,9c27cd7d18194b3df946d6838f597005961822de,runtime_ns,0,nan,0,nan,nan
jsonpath_ng_1_8_0,9c27cd7d18194b3df946d6838f597005961822de,runtime_ns,0,nan,0,nan,nan
jsonpath_ng_1_5_2,3f47a3f2a957bbffa7e53032b5031e62df165b90,runtime_ns,3,1430.6666666666667,23.671361036774655,1371.8637460267573,1489.4695873065762
jsonpath_ng_1_5_3,3f47a3f2a957bbffa7e53032b5031e62df165b90,runtime_ns,3,1597.3333333333333,12.413030787576954,1566.4976554367954,1628.169011229871
jsonpath_ng_1_6_0,3f47a3f2a957bbffa7e53032b5031e62df165b90,runtime_ns,5,1579.5,47.58150901348127,1520.4197532777523,1638.5802467222477
jsonpath_ng_1_6_1,3f47a3f2a957bbffa7e53032b5031e62df165b90,runtime_ns,3,1611.0,24.24871130596428,1550.7628617835076,1671.2371382164924
jsonpath_ng_1_7_0,3f47a3f2a957bbffa7e53032b5031e62df165b90,runtime_ns,3,1555.1666666666667,24.105670149019574,1495.284862382473,1615.0484709508605
jsonpath_ng_1_8_0,3f47a3f2a957bbffa7e53032b5031e62df165b90,runtime_ns,3,1604.1666666666667,21.001984033260605,1551.9948461080658,1656.3384872252677
jsonpath_ng_1_5_2,89099830bf8160265e7a90eafba6a1f7edd225bd,runtime_ns,0,nan,0,nan,nan
jsonpath_ng_1_5_3,89099830bf8160265e7a90eafba6a1f7edd225bd,runtime_ns,0,nan,0,nan,nan
jsonpath_ng_1_6_0,89099830bf8160265e7a90eafba6a1f7edd225bd,runtime_ns,0,nan,0,nan,nan
jsonpath_ng_1_6_1,89099830bf8160265e7a90eafba6a1f7edd225bd,runtime_ns,0,nan,0,nan,nan
jsonpath_ng_1_7_0,89099830bf8160265e7a90eafba6a1f7edd225bd,runtime_ns,0,nan,0,nan,nan
jsonpath_ng_1_8_0,89099830bf8160265e7a90eafba6a1f7edd225bd,runtime_ns,0,nan,0,nan,nan
jsonpath_ng_1_5_2,935215cd05205fe4aca5361b6f9e39639b819c10,runtime_ns,3,4347.333333333333,23.96525262402492,4287.800345518369,4406.866321148297
jsonpath_ng_1_5_3,935215cd05205fe4aca5361b6f9e39639b819c10,runtime_ns,3,2798.5,12.134661099511597,2768.3558307433937,2828.6441692566063
jsonpath_ng_1_6_0,935215cd05205fe4aca5361b6f9e39639b819c10,runtime_ns,6,2746.3333333333335,116.69604392037746,2623.8683458084224,2868.7983208582446
jsonpath_ng_1_6_1,935215cd05205fe4aca5361b6f9e39639b819c10,runtime_ns,4,2750.0,59.043769075717606,2656.048187627479,2843.951812372521
jsonpath_ng_1_7_0,935215cd05205fe4aca5361b6f9e39639b819c10,runtime_ns,3,2722.3333333333335,23.96525262402492,2662.80034551837,2781.866321148297
jsonpath_ng_1_8_0,935215cd05205fe4aca5361b6f9e39639b819c10,runtime_ns,6,2968.75,121.88837106139371,2840.835999319307,3096.664000680693
jsonpath_ng_1_5_2,a329e6fc5f112c825d963731ed9409322f4ca35c,runtime_ns,3,29534.833333333332,202.43599811627706,29031.95443619687,30037.712230469795
jsonpath_ng_1_5_3,a329e6fc5f112c825d963731ed9409322f4ca35c,runtime_ns,3,32576.5,177.36896571835786,32135.891063364877,33017.10893663512
jsonpath_ng_1_6_0,a329e6fc5f112c825d963731ed9409322f4ca35c,runtime_ns,3,32798.833333333336,275.2545791323613,32115.063052978672,33482.603613688
jsonpath_ng_1_6_1,a329e6fc5f112c825d963731ed9409322f4ca35c,runtime_ns,3,32833.333333333336,108.54185060764965,32563.700428935703,33102.96623773097
jsonpath_ng_1_7_0,a329e6fc5f112c825d963731ed9409322f4ca35c,runtime_ns,3,32611.0,138.9613255549903,32265.800930714035,32956.19906928597
jsonpath_ng_1_8_0,a329e6fc5f112c825d963731ed9409322f4ca35c,runtime_ns,3,34812.5,366.0317609170002,33903.2266990077,35721.7733009923
jsonpath_ng_1_5_2,f733b976cf6f6bdf2251989f24f43bda4c637ea0,runtime_ns,0,nan,0,nan,nan
jsonpath_ng_1_5_3,f733b976cf6f6bdf2251989f24f43bda4c637ea0,runtime_ns,0,nan,0,nan,nan
jsonpath_ng_1_6_0,f733b976cf6f6bdf2251989f24f43bda4c637ea0,runtime_ns,0,nan,0,nan,nan
jsonpath_ng_1_6_1,f733b976cf6f6bdf2251989f24f43bda4c637ea0,runtime_ns,3,31138.666666666668,378.0864098765431,30199.447957592056,32077.88537574128
jsonpath_ng_1_7_0,f733b976cf6f6bdf2251989f24f43bda4c637ea0,runtime_ns,6,37451.5,16081.118058145086,20575.40158040764,54327.59841959236
jsonpath_ng_1_8_0,f733b976cf6f6bdf2251989f24f43bda4c637ea0,runtime_ns,3,32326.333333333332,118.16549129645817,32032.793980176295,32619.87268649037
jsonpath_ng_1_5_2,e3906fe86e6ecf8d38d2e2fc2928b6b6474e9f01,runtime_ns,3,112437.66666666667,416.3082792034448,111403.4995705835,113471.83376274984
jsonpath_ng_1_5_3,e3906fe86e6ecf8d38d2e2fc2928b6b6474e9f01,runtime_ns,3,119326.66666666667,490.41980316187613,118108.39633904309,120544.93699429026
jsonpath_ng_1_6_0,e3906fe86e6ecf8d38d2e2fc2928b6b6474e9f01,runtime_ns,3,120152.66666666667,971.2148749547308,117740.03516957874,122565.2981637546
jsonpath_ng_1_6_1,e3906fe86e6ecf8d38d2e2fc2928b6b6474e9f01,runtime_ns,3,120375.16666666667,252.7352039849877,119747.33761536065,121002.99571797269
jsonpath_ng_1_7_0,e3906fe86e6ecf8d38d2e2fc2928b6b6474e9f01,runtime_ns,3,120902.83333333333,537.3072522619933,119568.08812519236,122237.5785414743
jsonpath_ng_1_8_0,e3906fe86e6ecf8d38d2e2fc2928b6b6474e9f01,runtime_ns,3,125875.0,649.519052838329,124261.50522634396,127488.49477365604
jsonpath_ng_1_5_2,f9a4b7db8c88e59031da2e01a4add45cb3d373ad,runtime_ns,4,54270.875,1143.8179761220752,52450.80535398661,56090.94464601339
jsonpath_ng_1_5_3,f9a4b7db8c88e59031da2e01a4add45cb3d373ad,runtime_ns,3,57944.5,168.44212655983657,57526.06656116529,58362.93343883471
jsonpath_ng_1_6_0,f9a4b7db8c88e59031da2e01a4add45cb3d373ad,runtime_ns,3,57472.166666666664,367.0232735581401,56560.43031173083,58383.9030216025
jsonpath_ng_1_6_1,f9a4b7db8c88e59031da2e01a4add45cb3d373ad,runtime_ns,3,57416.666666666664,211.37782129006186,56891.5750493724,57941.75828396093
jsonpath_ng_1_7_0,f9a4b7db8c88e59031da2e01a4add45cb3d373ad,runtime_ns,3,58118.166666666664,125.55908303796,57806.26061343928,58430.07271989405
jsonpath_ng_1_8_0,f9a4b7db8c88e59031da2e01a4add45cb3d373ad,runtime_ns,3,61534.833333333336,612.2600210150368,60013.89512573283,63055.77154093384
jsonpath_ng_1_5_2,7c746031bdda2ff6a6616bd244fa8baeab04ab4d,runtime_ns,3,101194.33333333333,463.1539520864886,100043.79513460907,102344.87153205759
jsonpath_ng_1_5_3,7c746031bdda2ff6a6616bd244fa8baeab04ab4d,runtime_ns,3,106805.33333333333,1825.5396690659268,102270.44139711044,111340.22526955622
jsonpath_ng_1_6_0,7c746031bdda2ff6a6616bd244fa8baeab04ab4d,runtime_ns,3,109055.5,1607.8316920623254,105061.42465960063,113049.57534039937
jsonpath_ng_1_6_1,7c746031bdda2ff6a6616bd244fa8baeab04ab4d,runtime_ns,3,107583.33333333333,590.4448181950057,106116.58709374754,109050.07957291912
jsonpath_ng_1_7_0,7c746031bdda2ff6a6616bd244fa8baeab04ab4d,runtime_ns,3,108277.66666666667,332.061866725665,107452.77926089923,109102.55407243411
jsonpath_ng_1_8_0,7c746031bdda2ff6a6616bd244fa8baeab04ab4d,runtime_ns,3,114409.66666666667,1044.57650908554,111814.79476763877,117004.53856569457
jsonpath_ng_1_5_2,aaa142d0407f9c2350cc74dd93850a84e4672dd8,runtime_ns,3,27299.0,540.7439320047891,25955.717606106748,28642.282393893252
jsonpath_ng_1_5_3,aaa142d0407f9c2350cc74dd93850a84e4672dd8,runtime_ns,3,29493.333333333332,198.08415719924028,29001.26500833442,29985.401658332245
jsonpath_ng_1_6_0,aaa142d0407f9c2350cc74dd93850a84e4672dd8,runtime_ns,3,29500.0,181.35324645563972,29049.493561331194,29950.506438668806
jsonpath_ng_1_6_1,aaa142d0407f9c2350cc74dd93850a84e4672dd8,runtime_ns,3,29604.0,41.5,29500.908284962363,29707.091715037637
jsonpath_ng_1_7_0,aaa142d0407f9c2350cc74dd93850a84e4672dd8,runtime_ns,3,29416.833333333332,124.75008350030606,29106.93694636622,29726.729720300445
jsonpath_ng_1_8_0,aaa142d0407f9c2350cc74dd93850a84e4672dd8,runtime_ns,3,31180.833333333332,93.45631778180292,30948.67496993023,31412.991696736433
jsonpath_ng_1_5_2,5468c81a800be41e106324ee4d9f7f86bd7a714d,runtime_ns,3,15867.833333333334,73.51247059739819,15685.2182328384,16050.448433828267
jsonpath_ng_1_5_3,5468c81a800be41e106324ee4d9f7f86bd7a714d,runtime_ns,3,17659.666666666668,354.9226441540936,16777.98994156934,18541.343391763996
jsonpath_ng_1_6_0,5468c81a800be41e106324ee4d9f7f86bd7a714d,runtime_ns,3,17715.333333333332,174.51671362174264,17281.80978369483,18148.856882971835
jsonpath_ng_1_6_1,5468c81a800be41e106324ee4d9f7f86bd7a714d,runtime_ns,3,17680.666666666668,157.8649211615213,17288.50846264684,18072.824870686494
jsonpath_ng_1_7_0,5468c81a800be41e106324ee4d9f7f86bd7a714d,runtime_ns,4,17432.125,414.3292521252472,16772.834701201522,18091.415298798478
jsonpath_ng_1_8_0,5468c81a800be41e106324ee4d9f7f86bd7a714d,runtime_ns,3,18500.166666666668,110.08216628197927,18226.707406014433,18773.625927318903
jsonpath_ng_1_5_2,9b38a68dc9f5396c26c6b157dd5f4bb6abbfb777,runtime_ns,0,nan,0,nan,nan
jsonpath_ng_1_5_3,9b38a68dc9f5396c26c6b157dd5f4bb6abbfb777,runtime_ns,0,nan,0,nan,nan
jsonpath_ng_1_6_0,9b38a68dc9f5396c26c6b157dd5f4bb6abbfb777,runtime_ns,0,nan,0,nan,nan
jsonpath_ng_1_6_1,9b38a68dc9f5396c26c6b157dd5f4bb6abbfb777,runtime_ns,0,nan,0,nan,nan
jsonpath_ng_1_7_0,9b38a68dc9f5396c26c6b157dd5f4bb6abbfb777,runtime_ns,0,nan,0,nan,nan
jsonpath_ng_1_8_0,9b38a68dc9f5396c26c6b157dd5f4bb6abbfb777,runtime_ns,0,nan,0,nan,nan
jsonpath_ng_1_5_2,59b4576e3d6529ca75377e362bb3d1918b82e395,runtime_ns,0,nan,0,nan,nan
jsonpath_ng_1_5_3,59b4576e3d6529ca75377e362bb3d1918b82e395,runtime_ns,0,nan,0,nan,nan
jsonpath_ng_1_6_0,59b4576e3d6529ca75377e362bb3d1918b82e395,runtime_ns,0,nan,0,nan,nan
jsonpath_ng_1_6_1,59b4576e3d6529ca75377e362bb3d1918b82e395,runtime_ns,0,nan,0,nan,nan
jsonpath_ng_1_7_0,59b4576e3d6529ca75377e362bb3d1918b82e395,runtime_ns,0,nan,0,nan,nan
jsonpath_ng_1_8_0,59b4576e3d6529ca75377e362bb3d1918b82e395,runtime_ns,0,nan,0,nan,nan
jsonpath_ng_1_5_2,dd0d859e1ebe06216c7ba25707a3dc1428bb588b,runtime_ns,4,5156.125,136.6262389391828,4938.7221653415945,5373.5278346584055
jsonpath_ng_1_5_3,dd0d859e1ebe06216c7ba25707a3dc1428bb588b,runtime_ns,3,5381.833333333333,66.83250207296845,5215.81219456324,5547.854472103426
jsonpath_ng_1_6_0,dd0d859e1ebe06216c7ba25707a3dc1428bb588b,runtime_ns,4,5406.5,150.4897560190283,5167.0372159870985,5645.9627840129015
jsonpath_ng_1_6_1,dd0d859e1ebe06216c7ba25707a3dc1428bb588b,runtime_ns,3,5389.0,24.24871130596428,5328.762861783507,5449.237138216493
jsonpath_ng_1_7_0,dd0d859e1ebe06216c7ba25707a3dc1428bb588b,runtime_ns,3,5389.0,24.24871130596428,5328.762861783507,5449.237138216493
jsonpath_ng_1_8_0,dd0d859e1ebe06216c7ba25707a3dc1428bb588b,runtime_ns,3,5590.5,43.23482392701513,5483.098743422016,5697.901256577984
jsonpath_ng_1_5_2,22cb9b07af46603fc2462c4c7c34df4857d0933b,runtime_ns,3,11090.166666666666,138.5733860931937,10745.931292427626,11434.402040905707
jsonpath_ng_1_5_3,22cb9b07af46603fc2462c4c7c34df4857d0933b,runtime_ns,3,11444.666666666666,23.96525262402492,11385.133678851702,11504.19965448163
jsonpath_ng_1_6_0,22cb9b07af46603fc2462c4c7c34df4857d0933b,runtime_ns,3,11645.833333333334,95.47032697824666,11408.671893733537,11882.99477293313
jsonpath_ng_1_6_1,22cb9b07af46603fc2462c4c7c34df4857d0933b,runtime_ns,3,11541.333333333334,72.16878364870323,11362.05613626044,11720.610530406228
jsonpath_ng_1_7_0,22cb9b07af46603fc2462c4c7c34df4857d0933b,runtime_ns,3,11472.0,86.46964785403026,11257.197486844032,11686.802513155968
jsonpath_ng_1_8_0,22cb9b07af46603fc2462c4c7c34df4857d0933b,runtime_ns,4,11723.875,197.85532382694853,11409.043027853108,12038.706972146892
jsonpath_ng_1_5_2,bd6f3eedabc1d3d0e31d6359ac6bbfce3620797f,runtime_ns,3,8896.0,55.088565056643105,8759.152418056581,9032.847581943419
jsonpath_ng_1_5_3,bd6f3eedabc1d3d0e31d6359ac6bbfce3620797f,runtime_ns,3,9257.0,52.35217282978807,9126.949993181452,9387.050006818548
jsonpath_ng_1_6_0,bd6f3eedabc1d3d0e31d6359ac6bbfce3620797f,runtime_ns,3,9243.166666666666,84.1491730995221,9034.128532357538,9452.204800975795
jsonpath_ng_1_6_1,bd6f3eedabc1d3d0e31d6359ac6bbfce3620797f,runtime_ns,3,9388.833333333334,73.01426801203539,9207.45583666879,9570.210829997877
jsonpath_ng_1_7_0,bd6f3eedabc1d3d0e31d6359ac6bbfce3620797f,runtime_ns,3,9312.5,55.1837838499681,9175.415881461215,9449.584118538785
jsonpath_ng_1_8_0,bd6f3eedabc1d3d0e31d6359ac6bbfce3620797f,runtime_ns,3,9805.333333333334,127.76671449690382,9487.943219545137,10122.72344712153
jsonpath_ng_1_5_2,24b4946e70939a0905009f6725741d53cc1cd1a7,runtime_ns,3,1451.3333333333333,11.98262631201246,1421.5668394258514,1481.099827240815
jsonpath_ng_1_5_3,24b4946e70939a0905009f6725741d53cc1cd1a7,runtime_ns,3,1444.5,23.817010727629107,1385.3352654703344,1503.6647345296656
jsonpath_ng_1_6_0,24b4946e70939a0905009f6725741d53cc1cd1a7,runtime_ns,4,1500.0,33.88460810850063,1446.082027059558,1553.917972940442
jsonpath_ng_1_6_1,24b4946e70939a0905009f6725741d53cc1cd1a7,runtime_ns,3,1506.8333333333333,11.835680518387328,1477.4318730133787,1536.2347936532879
jsonpath_ng_1_7_0,24b4946e70939a0905009f6725741d53cc1cd1a7,runtime_ns,4,1494.875,35.791933448753504,1437.922046818527,1551.827953181473
jsonpath_ng_1_8_0,24b4946e70939a0905009f6725741d53cc1cd1a7,runtime_ns,3,1541.6666666666667,0.5773502691896257,1540.2324490900835,1543.10088424325
jsonpath_ng_1_5_2,95ae15e6aafce12cf02ece99c322a736f90afafc,runtime_ns,3,7625.0,95.90750752678332,7386.752543712739,7863.247456287261
jsonpath_ng_1_5_3,95ae15e6aafce12cf02ece99c322a736f90afafc,runtime_ns,3,7979.166666666667,63.000661372189846,7822.664347886798,8135.668985446536
jsonpath_ng_1_6_0,95ae15e6aafce12cf02ece99c322a736f90afafc,runtime_ns,3,7937.5,21.5,7884.0910391973675,7990.9089608026325
jsonpath_ng_1_6_1,95ae15e6aafce12cf02ece99c322a736f90afafc,runtime_ns,3,7861.166666666667,133.79306160385647,7528.806276765992,8193.527056567342
jsonpath_ng_1_7_0,95ae15e6aafce12cf02ece99c322a736f90afafc,runtime_ns,3,7951.5,73.03937294363911,7770.06013922811,8132.93986077189
jsonpath_ng_1_8_0,95ae15e6aafce12cf02ece99c322a736f90afafc,runtime_ns,3,8229.5,62.5,8074.241393015604,8384.758606984396
jsonpath_ng_1_5_2,8c308c73a801a452bd6909b3a46c5d5c79118bb3,runtime_ns,3,5104.166666666667,95.47032697824666,4867.005227066869,5341.328106266465
jsonpath_ng_1_5_3,8c308c73a801a452bd6909b3a46c5d5c79118bb3,runtime_ns,3,5264.0,86.46964785403026,5049.197486844032,5478.802513155968
jsonpath_ng_1_6_0,8c308c73a801a452bd6909b3a46c5d5c79118bb3,runtime_ns,3,5312.333333333333,20.750502001959696,5260.786228772514,5363.880437894152
jsonpath_ng_1_6_1,8c308c73a801a452bd6909b3a46c5d5c79118bb3,runtime_ns,3,5284.666666666667,93.93659208920309,5051.31523574457,5518.018097588764
jsonpath_ng_1_7_0,8c308c73a801a452bd6909b3a46c5d5c79118bb3,runtime_ns,3,5298.5,43.23482392701513,5191.098743422016,5405.901256577984
jsonpath_ng_1_8_0,8c308c73a801a452bd6909b3a46c5d5c79118bb3,runtime_ns,3,5471.666666666667,63.61079572944622,5313.648690120703,5629.684643212631
jsonpath_ng_1_5_2,8599c2d3306b9f1fec2c8a0500e0d46e929c382c,runtime_ns,0,nan,0,nan,nan
jsonpath_ng_1_5_3,8599c2d3306b9f1fec2c8a0500e0d46e929c382c,runtime_ns,0,nan,0,nan,nan
jsonpath_ng_1_6_0,8599c2d3306b9f1fec2c8a0500e0d46e929c382c,runtime_ns,0,nan,0,nan,nan
jsonpath_ng_1_6_1,8599c2d3306b9f1fec2c8a0500e0d46e929c382c,runtime_ns,0,nan,0,nan,nan
jsonpath_ng_1_7_0,8599c2d3306b9f1fec2c8a0500e0d46e929c382c,runtime_ns,0,nan,0,nan,nan
jsonpath_ng_1_8_0,8599c2d3306b9f1fec2c8a0500e0d46e929c382c,runtime_ns,0,nan,0,nan,nan
jsonpath_ng_1_5_2,a7769522b3e500049a4972b8fb45f2fb581646e9,runtime_ns,3,3375.3333333333335,41.50100400391939,3272.239124211696,3478.427542454971
jsonpath_ng_1_5_3,a7769522b3e500049a4972b8fb45f2fb581646e9,runtime_ns,3,3430.5,52.35217282978807,3300.4499931814526,3560.5500068185474
jsonpath_ng_1_6_0,a7769522b3e500049a4972b8fb45f2fb581646e9,runtime_ns,3,3520.8333333333335,54.80495719671108,3384.690272370121,3656.976394296546
jsonpath_ng_1_6_1,a7769522b3e500049a4972b8fb45f2fb581646e9,runtime_ns,3,3507.0,12.12435565298214,3476.8814308917536,3537.1185691082464
jsonpath_ng_1_7_0,a7769522b3e500049a4972b8fb45f2fb581646e9,runtime_ns,3,3499.8333333333335,20.750502001959696,3448.2862287725147,3551.3804378941522
jsonpath_ng_1_8_0,a7769522b3e500049a4972b8fb45f2fb581646e9,runtime_ns,3,3479.1666666666665,55.37222528789441,3341.6144336454727,3616.7188996878604
jsonpath_ng_1_5_2,97747e9188406323f973e821e371505bd2c2bcd2,runtime_ns,0,nan,0,nan,nan
jsonpath_ng_1_5_3,97747e9188406323f973e821e371505bd2c2bcd2,runtime_ns,0,nan,0,nan,nan
jsonpath_ng_1_6_0,97747e9188406323f973e821e371505bd2c2bcd2,runtime_ns,0,nan,0,nan,nan
jsonpath_ng_1_6_1,97747e9188406323f973e821e371505bd2c2bcd2,runtime_ns,0,nan,0,nan,nan
jsonpath_ng_1_7_0,97747e9188406323f973e821e371505bd2c2bcd2,runtime_ns,0,nan,0,nan,nan
jsonpath_ng_1_8_0,97747e9188406323f973e821e371505bd2c2bcd2,runtime_ns,0,nan,0,nan,nan
jsonpath_ng_1_5_2,91f963623bfc3da8fd1f6221cc24e786fdb7b20e,runtime_ns,3,10326.333333333334,73.22795458930513,10144.425009783701,10508.241656882967
jsonpath_ng_1_5_3,91f963623bfc3da8fd1f6221cc24e786fdb7b20e,runtime_ns,4,11041.5,322.83483909475035,10527.797729553025,11555.202270446975
jsonpath_ng_1_6_0,91f963623bfc3da8fd1f6221cc24e786fdb7b20e,runtime_ns,3,11319.5,179.57658533338918,10873.407032225976,11765.592967774024
jsonpath_ng_1_6_1,91f963623bfc3da8fd1f6221cc24e786fdb7b20e,runtime_ns,3,11222.333333333334,86.86963412685317,11006.537199192864,11438.129467473804
jsonpath_ng_1_7_0,91f963623bfc3da8fd1f6221cc24e786fdb7b20e,runtime_ns,3,11083.5,55.088565056643105,10946.652418056581,11220.347581943419
jsonpath_ng_1_8_0,91f963623bfc3da8fd1f6221cc24e786fdb7b20e,runtime_ns,3,11493.0,52.848841046895245,11361.71620093311,11624.28379906689
jsonpath_ng_1_5_2,e5182533b83c59c272309deb8578349f34f0578c,runtime_ns,0,nan,0,nan,nan
jsonpath_ng_1_5_3,e5182533b83c59c272309deb8578349f34f0578c,runtime_ns,0,nan,0,nan,nan
jsonpath_ng_1_6_0,e5182533b83c59c272309deb8578349f34f0578c,runtime_ns,0,nan,0,nan,nan
jsonpath_ng_1_6_1,e5182533b83c59c272309deb8578349f34f0578c,runtime_ns,0,nan,0,nan,nan
jsonpath_ng_1_7_0,e5182533b83c59c272309deb8578349f34f0578c,runtime_ns,0,nan,0,nan,nan
jsonpath_ng_1_8_0,e5182533b83c59c272309deb8578349f34f0578c,runtime_ns,0,nan,0,nan,nan
jsonpath_ng_1_5_2,5096ee8a4db712ac1ae98cb5b974ea8e090488e1,runtime_ns,0,nan,0,nan,nan
jsonpath_ng_1_5_3,5096ee8a4db712ac1ae98cb5b974ea8e090488e1,runtime_ns,0,nan,0,nan,nan
jsonpath_ng_1_6_0,5096ee8a4db712ac1ae98cb5b974ea8e090488e1,runtime_ns,0,nan,0,nan,nan
jsonpath_ng_1_6_1,5096ee8a4db712ac1ae98cb5b974ea8e090488e1,runtime_ns,0,nan,0,nan,nan
jsonpath_ng_1_7_0,5096ee8a4db712ac1ae98cb5b974ea8e090488e1,runtime_ns,0,nan,0,nan,nan
jsonpath_ng_1_8_0,5096ee8a4db712ac1ae98cb5b974ea8e090488e1,runtime_ns,0,nan,0,nan,nan
jsonpath_ng_1_5_2,e0c4d4f8f1331182c79afc97122260b515610879,runtime_ns,0,nan,0,nan,nan
jsonpath_ng_1_5_3,e0c4d4f8f1331182c79afc97122260b515610879,runtime_ns,0,nan,0,nan,nan
jsonpath_ng_1_6_0,e0c4d4f8f1331182c79afc97122260b515610879,runtime_ns,0,nan,0,nan,nan
jsonpath_ng_1_6_1,e0c4d4f8f1331182c79afc97122260b515610879,runtime_ns,0,nan,0,nan,nan
jsonpath_ng_1_7_0,e0c4d4f8f1331182c79afc97122260b515610879,runtime_ns,0,nan,0,nan,nan
jsonpath_ng_1_8_0,e0c4d4f8f1331182c79afc97122260b515610879,runtime_ns,0,nan,0,nan,nan
jsonpath_ng_1_5_2,379176fcf81a807feae57dace8f371ead79611c0,runtime_ns,0,nan,0,nan,nan
jsonpath_ng_1_5_3,379176fcf81a807feae57dace8f371ead79611c0,runtime_ns,0,nan,0,nan,nan
jsonpath_ng_1_6_0,379176fcf81a807feae57dace8f371ead79611c0,runtime_ns,0,nan,0,nan,nan
jsonpath_ng_1_6_1,379176fcf81a807feae57dace8f371ead79611c0,runtime_ns,0,nan,0,nan,nan
jsonpath_ng_1_7_0,379176fcf81a807feae57dace8f371ead79611c0,runtime_ns,0,nan,0,nan,nan
jsonpath_ng_1_8_0,379176fcf81a807feae57dace8f371ead79611c0,runtime_ns,0,nan,0,nan,nan
jsonpath_ng_1_5_2,956e3c712a203bbd30f6d832fea3c06febd602aa,runtime_ns,0,nan,0,nan,nan
jsonpath_ng_1_5_3,956e3c712a203bbd30f6d832fea3c06febd602aa,runtime_ns,0,nan,0,nan,nan
jsonpath_ng_1_6_0,956e3c712a203bbd30f6d832fea3c06febd602aa,runtime_ns,0,nan,0,nan,nan
jsonpath_ng_1_6_1,956e3c712a203bbd30f6d832fea3c06febd602aa,runtime_ns,0,nan,0,nan,nan
jsonpath_ng_1_7_0,956e3c712a203bbd30f6d832fea3c06febd602aa,runtime_ns,0,nan,0,nan,nan
jsonpath_ng_1_8_0,956e3c712a203bbd30f6d832fea3c06febd602aa,runtime_ns,0,nan,0,nan,nan
jsonpath_ng_1_5_2,9cd696eca368b9d43af4810a95f031ba5170bce1,runtime_ns,0,nan,0,nan,nan
jsonpath_ng_1_5_3,9cd696eca368b9d43af4810a95f031ba5170bce1,runtime_ns,0,nan,0,nan,nan
jsonpath_ng_1_6_0,9cd696eca368b9d43af4810a95f031ba5170bce1,runtime_ns,0,nan,0,nan,nan
jsonpath_ng_1_6_1,9cd696eca368b9d43af4810a95f031ba5170bce1,runtime_ns,0,nan,0,nan,nan
jsonpath_ng_1_7_0,9cd696eca368b9d43af4810a95f031ba5170bce1,runtime_ns,0,nan,0,nan,nan
jsonpath_ng_1_8_0,9cd696eca368b9d43af4810a95f031ba5170bce1,runtime_ns,0,nan,0,nan,nan
jsonpath_ng_1_5_2,38556681357eece3ceacfa7de7aa4d94e0fc8b91,runtime_ns,0,nan,0,nan,nan
jsonpath_ng_1_5_3,38556681357eece3ceacfa7de7aa4d94e0fc8b91,runtime_ns,0,nan,0,nan,nan
jsonpath_ng_1_6_0,38556681357eece3ceacfa7de7aa4d94e0fc8b91,runtime_ns,0,nan,0,nan,nan
jsonpath_ng_1_6_1,38556681357eece3ceacfa7de7aa4d94e0fc8b91,runtime_ns,0,nan,0,nan,nan
jsonpath_ng_1_7_0,38556681357eece3ceacfa7de7aa4d94e0fc8b91,runtime_ns,0,nan,0,nan,nan
jsonpath_ng_1_8_0,38556681357eece3ceacfa7de7aa4d94e0fc8b91,runtime_ns,0,nan,0,nan,nan
jsonpath_ng_1_5_2,d9b94e2fb4b52c731092411c56e515ed916f2b37,runtime_ns,0,nan,0,nan,nan
jsonpath_ng_1_5_3,d9b94e2fb4b52c731092411c56e515ed916f2b37,runtime_ns,0,nan,0,nan,nan
jsonpath_ng_1_6_0,d9b94e2fb4b52c731092411c56e515ed916f2b37,runtime_ns,0,nan,0,nan,nan
jsonpath_ng_1_6_1,d9b94e2fb4b52c731092411c56e515ed916f2b37,runtime_ns,0,nan,0,nan,nan
jsonpath_ng_1_7_0,d9b94e2fb4b52c731092411c56e515ed916f2b37,runtime_ns,0,nan,0,nan,nan
jsonpath_ng_1_8_0,d9b94e2fb4b52c731092411c56e515ed916f2b37,runtime_ns,0,nan,0,nan,nan
jsonpath_ng_1_5_2,ec929550363fbea1b1026ed85b5ac08b5d6ab85a,runtime_ns,0,nan,0,nan,nan
jsonpath_ng_1_5_3,ec929550363fbea1b1026ed85b5ac08b5d6ab85a,runtime_ns,0,nan,0,nan,nan
jsonpath_ng_1_6_0,ec929550363fbea1b1026ed85b5ac08b5d6ab85a,runtime_ns,0,nan,0,nan,nan
jsonpath_ng_1_6_1,ec929550363fbea1b1026ed85b5ac08b5d6ab85a,runtime_ns,0,nan,0,nan,nan
jsonpath_ng_1_7_0,ec929550363fbea1b1026ed85b5ac08b5d6ab85a,runtime_ns,0,nan,0,nan,nan
jsonpath_ng_1_8_0,ec929550363fbea1b1026ed85b5ac08b5d6ab85a,runtime_ns,0,nan,0,nan,nan
jsonpath_ng_1_5_2,08b63ba9b1254c1f5081d8fad6b8fad8cf8b1636,runtime_ns,0,nan,0,nan,nan
jsonpath_ng_1_5_3,08b63ba9b1254c1f5081d8fad6b8fad8cf8b1636,runtime_ns,0,nan,0,nan,nan
jsonpath_ng_1_6_0,08b63ba9b1254c1f5081d8fad6b8fad8cf8b1636,runtime_ns,0,nan,0,nan,nan
jsonpath_ng_1_6_1,08b63ba9b1254c1f5081d8fad6b8fad8cf8b1636,runtime_ns,0,nan,0,nan,nan
jsonpath_ng_1_7_0,08b63ba9b1254c1f5081d8fad6b8fad8cf8b1636,runtime_ns,0,nan,0,nan,nan
jsonpath_ng_1_8_0,08b63ba9b1254c1f5081d8fad6b8fad8cf8b1636,runtime_ns,0,nan,0,nan,nan
jsonpath_ng_1_5_2,f37a4b16bab6a4d744db44648ad6b57b964dde94,runtime_ns,3,7701.666666666667,52.38638499966698,7571.531672106722,7831.801661226612
jsonpath_ng_1_5_3,f37a4b16bab6a4d744db44648ad6b57b964dde94,runtime_ns,3,8201.166666666666,83.83962865693844,7992.8974833808215,8409.43584995251
jsonpath_ng_1_6_0,f37a4b16bab6a4d744db44648ad6b57b964dde94,runtime_ns,3,8208.333333333334,72.16878364870323,8029.056136260439,8387.610530406228
jsonpath_ng_1_6_1,f37a4b16bab6a4d744db44648ad6b57b964dde94,runtime_ns,4,8140.75,153.33976435789032,7896.752216733079,8384.747783266921
jsonpath_ng_1_7_0,f37a4b16bab6a4d744db44648ad6b57b964dde94,runtime_ns,3,8215.5,31.58718094417417,8137.033092608695,8293.966907391305
jsonpath_ng_1_8_0,f37a4b16bab6a4d744db44648ad6b57b964dde94,runtime_ns,3,8722.333333333334,47.92007234273894,8603.293274476931,8841.373392189736
jsonpath_ng_1_5_2,136161673608b7f32c8d8b619533c2982babef16,runtime_ns,3,12493.333333333334,43.434817063426586,12385.435266263099,12601.231400403569
jsonpath_ng_1_5_3,136161673608b7f32c8d8b619533c2982babef16,runtime_ns,3,12854.166666666666,35.79920855735966,12765.236502638514,12943.096830694818
jsonpath_ng_1_6_0,136161673608b7f32c8d8b619533c2982babef16,runtime_ns,3,12756.833333333334,43.15476026272575,12649.630965923152,12864.035700743516
jsonpath_ng_1_6_1,136161673608b7f32c8d8b619533c2982babef16,runtime_ns,3,12888.666666666666,48.21134029803915,12768.903058098278,13008.430275235054
jsonpath_ng_1_7_0,136161673608b7f32c8d8b619533c2982babef16,runtime_ns,3,12826.5,24.24871130596428,12766.262861783507,12886.737138216493
jsonpath_ng_1_8_0,136161673608b7f32c8d8b619533c2982babef16,runtime_ns,3,13548.666666666666,43.434817063426586,13440.768599596431,13656.564733736901
jsonpath_ng_1_5_2,efd4e76fadff193d84ceb15c154c8601cdd2cb40,runtime_ns,0,nan,0,nan,nan
jsonpath_ng_1_5_3,efd4e76fadff193d84ceb15c154c8601cdd2cb40,runtime_ns,0,nan,0,nan,nan
jsonpath_ng_1_6_0,efd4e76fadff193d84ceb15c154c8601cdd2cb40,runtime_ns,0,nan,0,nan,nan
jsonpath_ng_1_6_1,efd4e76fadff193d84ceb15c154c8601cdd2cb40,runtime_ns,3,23354.333333333332,130.02435669263406,23031.334925427083,23677.33174123958
jsonpath_ng_1_7_0,efd4e76fadff193d84ceb15c154c8601cdd2cb40,runtime_ns,3,23374.666666666668,62.50066666311115,23219.406403599296,23529.92692973404
jsonpath_ng_1_8_0,efd4e76fadff193d84ceb15c154c8601cdd2cb40,runtime_ns,3,24666.666666666668,110.55466219627887,24392.033661095073,24941.299672238263
jsonpath_ng_1_5_2,fc36f3122bce74b80863eac5fbfc1f080f641c3c,runtime_ns,3,6006.833333333333,78.47027037887236,5811.902375433931,6201.764291232735
jsonpath_ng_1_5_3,fc36f3122bce74b80863eac5fbfc1f080f641c3c,runtime_ns,3,6222.333333333333,47.92007234273894,6103.293274476931,6341.373392189735
jsonpath_ng_1_6_0,fc36f3122bce74b80863eac5fbfc1f080f641c3c,runtime_ns,3,6277.666666666667,43.0764823695405,6170.658752322943,6384.674581010391
jsonpath_ng_1_6_1,fc36f3122bce74b80863eac5fbfc1f080f641c3c,runtime_ns,3,6312.5,20.5,6261.575176909118,6363.424823090882
jsonpath_ng_1_7_0,fc36f3122bce74b80863eac5fbfc1f080f641c3c,runtime_ns,3,6250.333333333333,41.50100400391939,6147.2391242116955,6353.4275424549705
jsonpath_ng_1_8_0,fc36f3122bce74b80863eac5fbfc1f080f641c3c,runtime_ns,3,6486.166666666667,48.35373132792684,6366.049339171121,6606.283994162213
jsonpath_ng_1_5_2,ae448a536893c070502eb54e0034f9960ffabea0,runtime_ns,0,nan,0,nan,nan
jsonpath_ng_1_5_3,ae448a536893c070502eb54e0034f9960ffabea0,runtime_ns,0,nan,0,nan,nan
jsonpath_ng_1_6_0,ae448a536893c070502eb54e0034f9960ffabea0,runtime_ns,0,nan,0,nan,nan
jsonpath_ng_1_6_1,ae448a536893c070502eb54e0034f9960ffabea0,runtime_ns,0,nan,0,nan,nan
jsonpath_ng_1_7_0,ae448a536893c070502eb54e0034f9960ffabea0,runtime_ns,0,nan,0,nan,nan
jsonpath_ng_1_8_0,ae448a536893c070502eb54e0034f9960ffabea0,runtime_ns,4,29989.625,731.0048306953929,28826.433188704454,31152.816811295546
jsonpath_ng_1_5_2,17efc1f5784072e479a3d3ddec3d9ff47c4586f4,runtime_ns,3,20319.333333333332,146.47895184405618,19955.45944507985,20683.207221586814
jsonpath_ng_1_5_3,17efc1f5784072e479a3d3ddec3d9ff47c4586f4,runtime_ns,3,20326.666666666668,166.9201405862496,19912.014050585698,20741.319282747638
jsonpath_ng_1_6_0,17efc1f5784072e479a3d3ddec3d9ff47c4586f4,runtime_ns,3,19659.666666666668,31.80539786472311,19580.657678393687,19738.67565493965
jsonpath_ng_1_6_1,17efc1f5784072e479a3d3ddec3d9ff47c4586f4,runtime_ns,3,19874.666666666668,95.47032697824666,19637.50522706687,20111.828106266465
jsonpath_ng_1_7_0,17efc1f5784072e479a3d3ddec3d9ff47c4586f4,runtime_ns,3,19833.333333333332,83.25012512503109,19626.52855800231,20040.138108664356
jsonpath_ng_1_8_0,17efc1f5784072e479a3d3ddec3d9ff47c4586f4,runtime_ns,3,22479.166666666668,415.1097244504558,21447.976945645,23510.356387688335
jsonpath_ng_1_5_2,2e366dba712a80724824db0018b8fa4bd00bef03,runtime_ns,0,nan,0,nan,nan
jsonpath_ng_1_5_3,2e366dba712a80724824db0018b8fa4bd00bef03,runtime_ns,0,nan,0,nan,nan
jsonpath_ng_1_6_0,2e366dba712a80724824db0018b8fa4bd00bef03,runtime_ns,0,nan,0,nan,nan
jsonpath_ng_1_6_1,2e366dba712a80724824db0018b8fa4bd00bef03,runtime_ns,0,nan,0,nan,nan
jsonpath_ng_1_7_0,2e366dba712a80724824db0018b8fa4bd00bef03,runtime_ns,0,nan,0,nan,nan
jsonpath_ng_1_8_0,2e366dba712a80724824db0018b8fa4bd00bef03,runtime_ns,0,nan,0,nan,nan
jsonpath_ng_1_5_2,220ce4a33b201629c31da71fa702921e9e169bf9,runtime_ns,3,4631.833333333333,11.835680518387328,4602.431873013378,4661.234793653288
jsonpath_ng_1_5_3,220ce4a33b201629c31da71fa702921e9e169bf9,runtime_ns,3,4798.833333333333,52.58405968859131,4668.207287623973,4929.459379042693
jsonpath_ng_1_6_0,220ce4a33b201629c31da71fa702921e9e169bf9,runtime_ns,3,4798.833333333333,31.80539786472311,4719.824345060351,4877.842321606315
jsonpath_ng_1_6_1,220ce4a33b201629c31da71fa702921e9e169bf9,runtime_ns,3,4798.5,43.23482392701513,4691.098743422016,4905.901256577984
jsonpath_ng_1_7_0,220ce4a33b201629c31da71fa702921e9e169bf9,runtime_ns,3,4791.5,21.0,4739.333108053243,4843.666891946757
jsonpath_ng_1_8_0,220ce4a33b201629c31da71fa702921e9e169bf9,runtime_ns,3,4979.0,54.71060226318113,4843.091329685459,5114.908670314541
jsonpath_ng_1_5_2,587c5322e9b6bdafcad830646c5db2a5111ba486,runtime_ns,0,nan,0,nan,nan
jsonpath_ng_1_5_3,587c5322e9b6bdafcad830646c5db2a5111ba486,runtime_ns,0,nan,0,nan,nan
jsonpath_ng_1_6_0,587c5322e9b6bdafcad830646c5db2a5111ba486,runtime_ns,0,nan,0,nan,nan
jsonpath_ng_1_6_1,587c5322e9b6bdafcad830646c5db2a5111ba486,runtime_ns,0,nan,0,nan,nan
jsonpath_ng_1_7_0,587c5322e9b6bdafcad830646c5db2a5111ba486,runtime_ns,0,nan,0,nan,nan
jsonpath_ng_1_8_0,587c5322e9b6bdafcad830646c5db2a5111ba486,runtime_ns,0,nan,0,nan,nan
jsonpath_ng_1_5_2,c4b05dbe203cba3affc14bc7278d71314fd85e30,runtime_ns,0,nan,0,nan,nan
jsonpath_ng_1_5_3,c4b05dbe203cba3affc14bc7278d71314fd85e30,runtime_ns,0,nan,0,nan,nan
jsonpath_ng_1_6_0,c4b05dbe203cba3affc14bc7278d71314fd85e30,runtime_ns,0,nan,0,nan,nan
jsonpath_ng_1_6_1,c4b05dbe203cba3affc14bc7278d71314fd85e30,runtime_ns,0,nan,0,nan,nan
jsonpath_ng_1_7_0,c4b05dbe203cba3affc14bc7278d71314fd85e30,runtime_ns,0,nan,0,nan,nan
jsonpath_ng_1_8_0,c4b05dbe203cba3affc14bc7278d71314fd85e30,runtime_ns,0,nan,0,nan,nan
jsonpath_ng_1_5_2,c9c08937df15babb159e7e5a04d116dc8f271775,runtime_ns,0,nan,0,nan,nan
jsonpath_ng_1_5_3,c9c08937df15babb159e7e5a04d116dc8f271775,runtime_ns,0,nan,0,nan,nan
jsonpath_ng_1_6_0,c9c08937df15babb159e7e5a04d116dc8f271775,runtime_ns,0,nan,0,nan,nan
jsonpath_ng_1_6_1,c9c08937df15babb159e7e5a04d116dc8f271775,runtime_ns,0,nan,0,nan,nan
jsonpath_ng_1_7_0,c9c08937df15babb159e7e5a04d116dc8f271775,runtime_ns,0,nan,0,nan,nan
jsonpath_ng_1_8_0,c9c08937df15babb159e7e5a04d116dc8f271775,runtime_ns,0,nan,0,nan,nan
jsonpath_ng_1_5_2,8638077a267723d70248651d9a3b0ad56ed0b72e,runtime_ns,0,nan,0,nan,nan
jsonpath_ng_1_5_3,8638077a267723d70248651d9a3b0ad56ed0b72e,runtime_ns,0,nan,0,nan,nan
jsonpath_ng_1_6_0,8638077a267723d70248651d9a3b0ad56ed0b72e,runtime_ns,0,nan,0,nan,nan
jsonpath_ng_1_6_1,8638077a267723d70248651d9a3b0ad56ed0b72e,runtime_ns,0,nan,0,nan,nan
jsonpath_ng_1_7_0,8638077a267723d70248651d9a3b0ad56ed0b72e,runtime_ns,0,nan,0,nan,nan
jsonpath_ng_1_8_0,8638077a267723d70248651d9a3b0ad56ed0b72e,runtime_ns,0,nan,0,nan,nan
jsonpath_ng_1_5_2,3d41b17f28808a01cce03f4dc537fda14eba99be,runtime_ns,3,1416.8333333333333,20.750502001959696,1365.2862287725145,1468.380437894152
jsonpath_ng_1_5_3,3d41b17f28808a01cce03f4dc537fda14eba99be,runtime_ns,3,1278.0,24.24871130596428,1217.7628617835076,1338.2371382164924
jsonpath_ng_1_6_0,3d41b17f28808a01cce03f4dc537fda14eba99be,runtime_ns,3,1298.5,12.134661099511597,1268.3558307433934,1328.6441692566066
jsonpath_ng_1_6_1,3d41b17f28808a01cce03f4dc537fda14eba99be,runtime_ns,3,1319.0,24.24871130596428,1258.7628617835076,1379.2371382164924
jsonpath_ng_1_7_0,3d41b17f28808a01cce03f4dc537fda14eba99be,runtime_ns,3,1291.6666666666667,0.28867513459481287,1290.9495578783751,1292.3837754549584
jsonpath_ng_1_8_0,3d41b17f28808a01cce03f4dc537fda14eba99be,runtime_ns,3,1319.3333333333333,23.671361036774655,1260.5304126934238,1378.1362539732427
jsonpath_ng_1_5_2,10dfb76bfd6647c437035d99ea866ca5c5cba730,runtime_ns,0,nan,0,nan,nan
jsonpath_ng_1_5_3,10dfb76bfd6647c437035d99ea866ca5c5cba730,runtime_ns,0,nan,0,nan,nan
jsonpath_ng_1_6_0,10dfb76bfd6647c437035d99ea866ca5c5cba730,runtime_ns,0,nan,0,nan,nan
jsonpath_ng_1_6_1,10dfb76bfd6647c437035d99ea866ca5c5cba730,runtime_ns,0,nan,0,nan,nan
jsonpath_ng_1_7_0,10dfb76bfd6647c437035d99ea866ca5c5cba730,runtime_ns,0,nan,0,nan,nan
jsonpath_ng_1_8_0,10dfb76bfd6647c437035d99ea866ca5c5cba730,runtime_ns,0,nan,0,nan,nan
jsonpath_ng_1_5_2,cd2f4daa357ac1e1447e899a7f560783b3815dc6,runtime_ns,0,nan,0,nan,nan
jsonpath_ng_1_5_3,cd2f4daa357ac1e1447e899a7f560783b3815dc6,runtime_ns,0,nan,0,nan,nan
jsonpath_ng_1_6_0,cd2f4daa357ac1e1447e899a7f560783b3815dc6,runtime_ns,0,nan,0,nan,nan
jsonpath_ng_1_6_1,cd2f4daa357ac1e1447e899a7f560783b3815dc6,runtime_ns,0,nan,0,nan,nan
jsonpath_ng_1_7_0,cd2f4daa357ac1e1447e899a7f560783b3815dc6,runtime_ns,0,nan,0,nan,nan
jsonpath_ng_1_8_0,cd2f4daa357ac1e1447e899a7f560783b3815dc6,runtime_ns,0,nan,0,nan,nan
jsonpath_ng_1_5_2,5f53765c55d06ad049684c003fdd3b672c94c81f,runtime_ns,0,nan,0,nan,nan
jsonpath_ng_1_5_3,5f53765c55d06ad049684c003fdd3b672c94c81f,runtime_ns,0,nan,0,nan,nan
jsonpath_ng_1_6_0,5f53765c55d06ad049684c003fdd3b672c94c81f,runtime_ns,0,nan,0,nan,nan
jsonpath_ng_1_6_1,5f53765c55d06ad049684c003fdd3b672c94c81f,runtime_ns,0,nan,0,nan,nan
jsonpath_ng_1_7_0,5f53765c55d06ad049684c003fdd3b672c94c81f,runtime_ns,0,nan,0,nan,nan
jsonpath_ng_1_8_0,5f53765c55d06ad049684c003fdd3b672c94c81f,runtime_ns,0,nan,0,nan,nan
jsonpath_ng_1_5_2,88fbb56cd58a589102bfcea126fa347c104d8afb,runtime_ns,0,nan,0,nan,nan
jsonpath_ng_1_5_3,88fbb56cd58a589102bfcea126fa347c104d8afb,runtime_ns,0,nan,0,nan,nan
jsonpath_ng_1_6_0,88fbb56cd58a589102bfcea126fa347c104d8afb,runtime_ns,0,nan,0,nan,nan
jsonpath_ng_1_6_1,88fbb56cd58a589102bfcea126fa347c104d8afb,runtime_ns,0,nan,0,nan,nan
jsonpath_ng_1_7_0,88fbb56cd58a589102bfcea126fa347c104d8afb,runtime_ns,0,nan,0,nan,nan
jsonpath_ng_1_8_0,88fbb56cd58a589102bfcea126fa347c104d8afb,runtime_ns,0,nan,0,nan,nan
jsonpath_ng_1_5_2,540cf02efadd178141c98d2d52d0657a6fe7160b,runtime_ns,0,nan,0,nan,nan
jsonpath_ng_1_5_3,540cf02efadd178141c98d2d52d0657a6fe7160b,runtime_ns,0,nan,0,nan,nan
jsonpath_ng_1_6_0,540cf02efadd178141c98d2d52d0657a6fe7160b,runtime_ns,0,nan,0,nan,nan
jsonpath_ng_1_6_1,540cf02efadd178141c98d2d52d0657a6fe7160b,runtime_ns,0,nan,0,nan,nan
jsonpath_ng_1_7_0,540cf02efadd178141c98d2d52d0657a6fe7160b,runtime_ns,0,nan,0,nan,nan
jsonpath_ng_1_8_0,540cf02efadd178141c98d2d52d0657a6fe7160b,runtime_ns,0,nan,0,nan,nan
jsonpath_ng_1_5_2,4eea7ec0900d7b06dc60ce2627d5233ec8a9e765,runtime_ns,3,129646.0,782.8435348139499,127701.30885276874,131590.69114723126
jsonpath_ng_1_5_3,4eea7ec0900d7b06dc60ce2627d5233ec8a9e765,runtime_ns,3,138993.16666666666,740.3415315469836,137154.0563485758,140832.2769847575
jsonpath_ng_1_6_0,4eea7ec0900d7b06dc60ce2627d5233ec8a9e765,runtime_ns,3,139083.16666666666,115.6658261256683,138795.83682602714,139370.49650730618
jsonpath_ng_1_6_1,4eea7ec0900d7b06dc60ce2627d5233ec8a9e765,runtime_ns,3,140861.0,1835.6938742611742,136300.88361971875,145421.11638028125
jsonpath_ng_1_7_0,4eea7ec0900d7b06dc60ce2627d5233ec8a9e765,runtime_ns,3,140069.5,586.3473799719753,138612.93236122563,141526.06763877437
jsonpath_ng_1_8_0,4eea7ec0900d7b06dc60ce2627d5233ec8a9e765,runtime_ns,3,147249.83333333334,665.8119729573308,145595.86470237514,148903.80196429155
jsonpath_ng_1_5_2,74ac44fca12815528495544c57b5383b428be50c,runtime_ns,4,3578.125,68.66631270135305,3468.8615734230616,3687.3884265769384
jsonpath_ng_1_5_3,74ac44fca12815528495544c57b5383b428be50c,runtime_ns,3,3624.8333333333335,41.750249500252494,3521.119964074771,3728.546702591896
jsonpath_ng_1_6_0,74ac44fca12815528495544c57b5383b428be50c,runtime_ns,3,3750.0,42.0,3645.666216106486,3854.333783893514
jsonpath_ng_1_6_1,74ac44fca12815528495544c57b5383b428be50c,runtime_ns,3,3729.0,21.0,3676.833108053243,3781.166891946757
jsonpath_ng_1_7_0,74ac44fca12815528495544c57b5383b428be50c,runtime_ns,3,3708.3333333333335,41.50100400391939,3605.239124211696,3811.427542454971
jsonpath_ng_1_8_0,74ac44fca12815528495544c57b5383b428be50c,runtime_ns,3,3812.5,20.75451758051726,3760.942920189052,3864.057079810948
jsonpath_ng_1_5_2,ab15f386576511a59d3ab91f739e65b3af2167b3,runtime_ns,0,nan,0,nan,nan
jsonpath_ng_1_5_3,ab15f386576511a59d3ab91f739e65b3af2167b3,runtime_ns,0,nan,0,nan,nan
jsonpath_ng_1_6_0,ab15f386576511a59d3ab91f739e65b3af2167b3,runtime_ns,0,nan,0,nan,nan
jsonpath_ng_1_6_1,ab15f386576511a59d3ab91f739e65b3af2167b3,runtime_ns,3,2034.8333333333333,31.860372460681205,1955.6877805933434,2113.978886073323
jsonpath_ng_1_7_0,ab15f386576511a59d3ab91f739e65b3af2167b3,runtime_ns,3,2062.3333333333335,20.750502001959696,2010.7862287725147,2113.8804378941522
jsonpath_ng_1_8_0,ab15f386576511a59d3ab91f739e65b3af2167b3,runtime_ns,3,2028.0,24.24871130596428,1967.7628617835076,2088.2371382164924
jsonpath_ng_1_5_2,bd842d647fcbd9c1edb711a9d75d3d6308b52b25,runtime_ns,0,nan,0,nan,nan
jsonpath_ng_1_5_3,bd842d647fcbd9c1edb711a9d75d3d6308b52b25,runtime_ns,0,nan,0,nan,nan
jsonpath_ng_1_6_0,bd842d647fcbd9c1edb711a9d75d3d6308b52b25,runtime_ns,0,nan,0,nan,nan
jsonpath_ng_1_6_1,bd842d647fcbd9c1edb711a9d75d3d6308b52b25,runtime_ns,0,nan,0,nan,nan
jsonpath_ng_1_7_0,bd842d647fcbd9c1edb711a9d75d3d6308b52b25,runtime_ns,0,nan,0,nan,nan
jsonpath_ng_1_8_0,bd842d647fcbd9c1edb711a9d75d3d6308b52b25,runtime_ns,3,34590.5,84.37564814565872,34380.89927048799,34800.10072951201
jsonpath_ng_1_5_2,309b7d02ed6d81fdc64a04d8c89e072ee7160f80,runtime_ns,4,7026.125,151.485079023205,6785.078434978495,7267.171565021505
jsonpath_ng_1_5_3,309b7d02ed6d81fdc64a04d8c89e072ee7160f80,runtime_ns,3,7180.333333333333,31.860372460681205,7101.187780593344,7259.478886073322
jsonpath_ng_1_6_0,309b7d02ed6d81fdc64a04d8c89e072ee7160f80,runtime_ns,3,7166.666666666667,72.16878364870323,6987.389469593772,7345.9438637395615
jsonpath_ng_1_6_1,309b7d02ed6d81fdc64a04d8c89e072ee7160f80,runtime_ns,3,7180.5,24.253865671269807,7120.250057630272,7240.749942369728
jsonpath_ng_1_7_0,309b7d02ed6d81fdc64a04d8c89e072ee7160f80,runtime_ns,3,7180.666666666667,23.671361036774655,7121.863746026757,7239.469587306577
jsonpath_ng_1_8_0,309b7d02ed6d81fdc64a04d8c89e072ee7160f80,runtime_ns,3,7541.833333333333,20.750502001959696,7490.286228772514,7593.380437894152
jsonpath_ng_1_5_2,12b5178184bb5056998d709b990a5233ba543bac,runtime_ns,0,nan,0,nan,nan
jsonpath_ng_1_5_3,12b5178184bb5056998d709b990a5233ba543bac,runtime_ns,0,nan,0,nan,nan
jsonpath_ng_1_6_0,12b5178184bb5056998d709b990a5233ba543bac,runtime_ns,0,nan,0,nan,nan
jsonpath_ng_1_6_1,12b5178184bb5056998d709b990a5233ba543bac,runtime_ns,0,nan,0,nan,nan
jsonpath_ng_1_7_0,12b5178184bb5056998d709b990a5233ba543bac,runtime_ns,0,nan,0,nan,nan
jsonpath_ng_1_8_0,12b5178184bb5056998d709b990a5233ba543bac,runtime_ns,0,nan,0,nan,nan
jsonpath_ng_1_5_2,f9bb02e4ed0ba78a777be78a842503ff62555d12,runtime_ns,0,nan,0,nan,nan
jsonpath_ng_1_5_3,f9bb02e4ed0ba78a777be78a842503ff62555d12,runtime_ns,0,nan,0,nan,nan
jsonpath_ng_1_6_0,f9bb02e4ed0ba78a777be78a842503ff62555d12,runtime_ns,0,nan,0,nan,nan
jsonpath_ng_1_6_1,f9bb02e4ed0ba78a777be78a842503ff62555d12,runtime_ns,0,nan,0,nan,nan
jsonpath_ng_1_7_0,f9bb02e4ed0ba78a777be78a842503ff62555d12,runtime_ns,0,nan,0,nan,nan
jsonpath_ng_1_8_0,f9bb02e4ed0ba78a777be78a842503ff62555d12,runtime_ns,0,nan,0,nan,nan
jsonpath_ng_1_5_2,c8b883ce758be5905aa5d440a3d0f8629fe37870,runtime_ns,0,nan,0,nan,nan
jsonpath_ng_1_5_3,c8b883ce758be5905aa5d440a3d0f8629fe37870,runtime_ns,0,nan,0,nan,nan
jsonpath_ng_1_6_0,c8b883ce758be5905aa5d440a3d0f8629fe37870,runtime_ns,0,nan,0,nan,nan
jsonpath_ng_1_6_1,c8b883ce758be5905aa5d440a3d0f8629fe37870,runtime_ns,0,nan,0,nan,nan
jsonpath_ng_1_7_0,c8b883ce758be5905aa5d440a3d0f8629fe37870,runtime_ns,0,nan,0,nan,nan
jsonpath_ng_1_8_0,c8b883ce758be5905aa5d440a3d0f8629fe37870,runtime_ns,0,nan,0,nan,nan
jsonpath_ng_1_5_2,a3fcc1c957af836a591a757cbab168105c3581b4,runtime_ns,0,nan,0,nan,nan
jsonpath_ng_1_5_3,a3fcc1c957af836a591a757cbab168105c3581b4,runtime_ns,0,nan,0,nan,nan
jsonpath_ng_1_6_0,a3fcc1c957af836a591a757cbab168105c3581b4,runtime_ns,0,nan,0,nan,nan
jsonpath_ng_1_6_1,a3fcc1c957af836a591a757cbab168105c3581b4,runtime_ns,0,nan,0,nan,nan
jsonpath_ng_1_7_0,a3fcc1c957af836a591a757cbab168105c3581b4,runtime_ns,0,nan,0,nan,nan
jsonpath_ng_1_8_0,a3fcc1c957af836a591a757cbab168105c3581b4,runtime_ns,0,nan,0,nan,nan
jsonpath_ng_1_5_2,3267581afd0dd4cd2747373cafeaedb09c499caa,runtime_ns,0,nan,0,nan,nan
jsonpath_ng_1_5_3,3267581afd0dd4cd2747373cafeaedb09c499caa,runtime_ns,0,nan,0,nan,nan
jsonpath_ng_1_6_0,3267581afd0dd4cd2747373cafeaedb09c499caa,runtime_ns,0,nan,0,nan,nan
jsonpath_ng_1_6_1,3267581afd0dd4cd2747373cafeaedb09c499caa,runtime_ns,0,nan,0,nan,nan
jsonpath_ng_1_7_0,3267581afd0dd4cd2747373cafeaedb09c499caa,runtime_ns,0,nan,0,nan,nan
jsonpath_ng_1_8_0,3267581afd0dd4cd2747373cafeaedb09c499caa,runtime_ns,0,nan,0,nan,nan
jsonpath_ng_1_5_2,f6ccffd03cd2d3ee26ccfca6b230ed75a532a6e8,runtime_ns,0,nan,0,nan,nan
jsonpath_ng_1_5_3,f6ccffd03cd2d3ee26ccfca6b230ed75a532a6e8,runtime_ns,0,nan,0,nan,nan
jsonpath_ng_1_6_0,f6ccffd03cd2d3ee26ccfca6b230ed75a532a6e8,runtime_ns,0,nan,0,nan,nan
jsonpath_ng_1_6_1,f6ccffd03cd2d3ee26ccfca6b230ed75a532a6e8,runtime_ns,0,nan,0,nan,nan
jsonpath_ng_1_7_0,f6ccffd03cd2d3ee26ccfca6b230ed75a532a6e8,runtime_ns,0,nan,0,nan,nan
jsonpath_ng_1_8_0,f6ccffd03cd2d3ee26ccfca6b230ed75a532a6e8,runtime_ns,0,nan,0,nan,nan
jsonpath_ng_1_5_2,534638dbd961d3eb82d77ec882fb1930538e997f,runtime_ns,0,nan,0,nan,nan
jsonpath_ng_1_5_3,534638dbd961d3eb82d77ec882fb1930538e997f,runtime_ns,0,nan,0,nan,nan
jsonpath_ng_1_6_0,534638dbd961d3eb82d77ec882fb1930538e997f,runtime_ns,0,nan,0,nan,nan
jsonpath_ng_1_6_1,534638dbd961d3eb82d77ec882fb1930538e997f,runtime_ns,0,nan,0,nan,nan
jsonpath_ng_1_7_0,534638dbd961d3eb82d77ec882fb1930538e997f,runtime_ns,0,nan,0,nan,nan
jsonpath_ng_1_8_0,534638dbd961d3eb82d77ec882fb1930538e997f,runtime_ns,0,nan,0,nan,nan
jsonpath_ng_1_5_2,38fc347ae792aa44e32c8ff1535a14b54ad1c506,runtime_ns,0,nan,0,nan,nan
jsonpath_ng_1_5_3,38fc347ae792aa44e32c8ff1535a14b54ad1c506,runtime_ns,0,nan,0,nan,nan
jsonpath_ng_1_6_0,38fc347ae792aa44e32c8ff1535a14b54ad1c506,runtime_ns,0,nan,0,nan,nan
jsonpath_ng_1_6_1,38fc347ae792aa44e32c8ff1535a14b54ad1c506,runtime_ns,0,nan,0,nan,nan
jsonpath_ng_1_7_0,38fc347ae792aa44e32c8ff1535a14b54ad1c506,runtime_ns,0,nan,0,nan,nan
jsonpath_ng_1_8_0,38fc347ae792aa44e32c8ff1535a14b54ad1c506,runtime_ns,0,nan,0,nan,nan
jsonpath_ng_1_5_2,28c9f2aee56548bc2f1eab441d758881417a89d9,runtime_ns,0,nan,0,nan,nan
jsonpath_ng_1_5_3,28c9f2aee56548bc2f1eab441d758881417a89d9,runtime_ns,0,nan,0,nan,nan
jsonpath_ng_1_6_0,28c9f2aee56548bc2f1eab441d758881417a89d9,runtime_ns,0,nan,0,nan,nan
jsonpath_ng_1_6_1,28c9f2aee56548bc2f1eab441d758881417a89d9,runtime_ns,0,nan,0,nan,nan
jsonpath_ng_1_7_0,28c9f2aee56548bc2f1eab441d758881417a89d9,runtime_ns,0,nan,0,nan,nan
jsonpath_ng_1_8_0,28c9f2aee56548bc2f1eab441d758881417a89d9,runtime_ns,0,nan,0,nan,nan
jsonpath_ng_1_5_2,57092cd70ba16d307a6e99186737a484e6bdfe9a,runtime_ns,0,nan,0,nan,nan
jsonpath_ng_1_5_3,57092cd70ba16d307a6e99186737a484e6bdfe9a,runtime_ns,0,nan,0,nan,nan
jsonpath_ng_1_6_0,57092cd70ba16d307a6e99186737a484e6bdfe9a,runtime_ns,0,nan,0,nan,nan
jsonpath_ng_1_6_1,57092cd70ba16d307a6e99186737a484e6bdfe9a,runtime_ns,0,nan,0,nan,nan
jsonpath_ng_1_7_0,57092cd70ba16d307a6e99186737a484e6bdfe9a,runtime_ns,0,nan,0,nan,nan
jsonpath_ng_1_8_0,57092cd70ba16d307a6e99186737a484e6bdfe9a,runtime_ns,0,nan,0,nan,nan
jsonpath_ng_1_5_2,389b9416bf113150a487a8f7697411b6e5073517,runtime_ns,0,nan,0,nan,nan
jsonpath_ng_1_5_3,389b9416bf113150a487a8f7697411b6e5073517,runtime_ns,0,nan,0,nan,nan
jsonpath_ng_1_6_0,389b9416bf113150a487a8f7697411b6e5073517,runtime_ns,0,nan,0,nan,nan
jsonpath_ng_1_6_1,389b9416bf113150a487a8f7697411b6e5073517,runtime_ns,0,nan,0,nan,nan
jsonpath_ng_1_7_0,389b9416bf113150a487a8f7697411b6e5073517,runtime_ns,0,nan,0,nan,nan
jsonpath_ng_1_8_0,389b9416bf113150a487a8f7697411b6e5073517,runtime_ns,0,nan,0,nan,nan
jsonpath_ng_1_5_2,5ce2a08b81c480d29263d8a34afe1d0d38ea281d,runtime_ns,0,nan,0,nan,nan
jsonpath_ng_1_5_3,5ce2a08b81c480d29263d8a34afe1d0d38ea281d,runtime_ns,0,nan,0,nan,nan
jsonpath_ng_1_6_0,5ce2a08b81c480d29263d8a34afe1d0d38ea281d,runtime_ns,0,nan,0,nan,nan
jsonpath_ng_1_6_1,5ce2a08b81c480d29263d8a34afe1d0d38ea281d,runtime_ns,0,nan,0,nan,nan
jsonpath_ng_1_7_0,5ce2a08b81c480d29263d8a34afe1d0d38ea281d,runtime_ns,0,nan,0,nan,nan
jsonpath_ng_1_8_0,5ce2a08b81c480d29263d8a34afe1d0d38ea281d,runtime_ns,0,nan,0,nan,nan
jsonpath_ng_1_5_2,edd5b6022c7d548a146e00dbe26158676ec59b36,runtime_ns,0,nan,0,nan,nan
jsonpath_ng_1_5_3,edd5b6022c7d548a146e00dbe26158676ec59b36,runtime_ns,0,nan,0,nan,nan
jsonpath_ng_1_6_0,edd5b6022c7d548a146e00dbe26158676ec59b36,runtime_ns,0,nan,0,nan,nan
jsonpath_ng_1_6_1,edd5b6022c7d548a146e00dbe26158676ec59b36,runtime_ns,0,nan,0,nan,nan
jsonpath_ng_1_7_0,edd5b6022c7d548a146e00dbe26158676ec59b36,runtime_ns,0,nan,0,nan,nan
jsonpath_ng_1_8_0,edd5b6022c7d548a146e00dbe26158676ec59b36,runtime_ns,0,nan,0,nan,nan
jsonpath_ng_1_5_2,08e27270fcd8aca237c8a4e7d216a61311f22821,runtime_ns,0,nan,0,nan,nan
jsonpath_ng_1_5_3,08e27270fcd8aca237c8a4e7d216a61311f22821,runtime_ns,0,nan,0,nan,nan
jsonpath_ng_1_6_0,08e27270fcd8aca237c8a4e7d216a61311f22821,runtime_ns,0,nan,0,nan,nan
jsonpath_ng_1_6_1,08e27270fcd8aca237c8a4e7d216a61311f22821,runtime_ns,0,nan,0,nan,nan
jsonpath_ng_1_7_0,08e27270fcd8aca237c8a4e7d216a61311f22821,runtime_ns,0,nan,0,nan,nan
jsonpath_ng_1_8_0,08e27270fcd8aca237c8a4e7d216a61311f22821,runtime_ns,0,nan,0,nan,nan
jsonpath_ng_1_5_2,75763f01a4ce8fa32a7c5917c6115cb7625092c0,runtime_ns,0,nan,0,nan,nan
jsonpath_ng_1_5_3,75763f01a4ce8fa32a7c5917c6115cb7625092c0,runtime_ns,0,nan,0,nan,nan
jsonpath_ng_1_6_0,75763f01a4ce8fa32a7c5917c6115cb7625092c0,runtime_ns,0,nan,0,nan,nan
jsonpath_ng_1_6_1,75763f01a4ce8fa32a7c5917c6115cb7625092c0,runtime_ns,0,nan,0,nan,nan
jsonpath_ng_1_7_0,75763f01a4ce8fa32a7c5917c6115cb7625092c0,runtime_ns,0,nan,0,nan,nan
jsonpath_ng_1_8_0,75763f01a4ce8fa32a7c5917c6115cb7625092c0,runtime_ns,0,nan,0,nan,nan
jsonpath_ng_1_5_2,d93da84285a88b20192c19784eff3143ffca1977,runtime_ns,0,nan,0,nan,nan
jsonpath_ng_1_5_3,d93da84285a88b20192c19784eff3143ffca1977,runtime_ns,0,nan,0,nan,nan
jsonpath_ng_1_6_0,d93da84285a88b20192c19784eff3143ffca1977,runtime_ns,0,nan,0,nan,nan
jsonpath_ng_1_6_1,d93da84285a88b20192c19784eff3143ffca1977,runtime_ns,0,nan,0,nan,nan
jsonpath_ng_1_7_0,d93da84285a88b20192c19784eff3143ffca1977,runtime_ns,0,nan,0,nan,nan
jsonpath_ng_1_8_0,d93da84285a88b20192c19784eff3143ffca1977,runtime_ns,0,nan,0,nan,nan
jsonpath_ng_1_5_2,ad69030e85b968d251effef9455841147b09e9f1,runtime_ns,0,nan,0,nan,nan
jsonpath_ng_1_5_3,ad69030e85b968d251effef9455841147b09e9f1,runtime_ns,0,nan,0,nan,nan
jsonpath_ng_1_6_0,ad69030e85b968d251effef9455841147b09e9f1,runtime_ns,0,nan,0,nan,nan
jsonpath_ng_1_6_1,ad69030e85b968d251effef9455841147b09e9f1,runtime_ns,0,nan,0,nan,nan
jsonpath_ng_1_7_0,ad69030e85b968d251effef9455841147b09e9f1,runtime_ns,0,nan,0,nan,nan
jsonpath_ng_1_8_0,ad69030e85b968d251effef9455841147b09e9f1,runtime_ns,0,nan,0,nan,nan
jsonpath_ng_1_5_2,6ef4964944c77b955719b68091fd55e4158d73b7,runtime_ns,0,nan,0,nan,nan
jsonpath_ng_1_5_3,6ef4964944c77b955719b68091fd55e4158d73b7,runtime_ns,0,nan,0,nan,nan
jsonpath_ng_1_6_0,6ef4964944c77b955719b68091fd55e4158d73b7,runtime_ns,0,nan,0,nan,nan
jsonpath_ng_1_6_1,6ef4964944c77b955719b68091fd55e4158d73b7,runtime_ns,0,nan,0,nan,nan
jsonpath_ng_1_7_0,6ef4964944c77b955719b68091fd55e4158d73b7,runtime_ns,0,nan,0,nan,nan
jsonpath_ng_1_8_0,6ef4964944c77b955719b68091fd55e4158d73b7,runtime_ns,0,nan,0,nan,nan
jsonpath_ng_1_5_2,d78f0ffd9e55c3030ec233b488800a91024827ff,runtime_ns,0,nan,0,nan,nan
jsonpath_ng_1_5_3,d78f0ffd9e55c3030ec233b488800a91024827ff,runtime_ns,0,nan,0,nan,nan
jsonpath_ng_1_6_0,d78f0ffd9e55c3030ec233b488800a91024827ff,runtime_ns,0,nan,0,nan,nan
jsonpath_ng_1_6_1,d78f0ffd9e55c3030ec233b488800a91024827ff,runtime_ns,0,nan,0,nan,nan
jsonpath_ng_1_7_0,d78f0ffd9e55c3030ec233b488800a91024827ff,runtime_ns,0,nan,0,nan,nan
jsonpath_ng_1_8_0,d78f0ffd9e55c3030ec233b488800a91024827ff,runtime_ns,0,nan,0,nan,nan
jsonpath_ng_1_5_2,8c27ca9366d68774b4e4f6679bdb38b7eb32000b,runtime_ns,0,nan,0,nan,nan
jsonpath_ng_1_5_3,8c27ca9366d68774b4e4f6679bdb38b7eb32000b,runtime_ns,0,nan,0,nan,nan
jsonpath_ng_1_6_0,8c27ca9366d68774b4e4f6679bdb38b7eb32000b,runtime_ns,0,nan,0,nan,nan
jsonpath_ng_1_6_1,8c27ca9366d68774b4e4f6679bdb38b7eb32000b,runtime_ns,0,nan,0,nan,nan
jsonpath_ng_1_7_0,8c27ca9366d68774b4e4f6679bdb38b7eb32000b,runtime_ns,0,nan,0,nan,nan
jsonpath_ng_1_8_0,8c27ca9366d68774b4e4f6679bdb38b7eb32000b,runtime_ns,0,nan,0,nan,nan
jsonpath_ng_1_5_2,eca3c307eaccee1b4dfebd453d5586840e781f27,runtime_ns,0,nan,0,nan,nan
jsonpath_ng_1_5_3,eca3c307eaccee1b4dfebd453d5586840e781f27,runtime_ns,0,nan,0,nan,nan
jsonpath_ng_1_6_0,eca3c307eaccee1b4dfebd453d5586840e781f27,runtime_ns,0,nan,0,nan,nan
jsonpath_ng_1_6_1,eca3c307eaccee1b4dfebd453d5586840e781f27,runtime_ns,0,nan,0,nan,nan
jsonpath_ng_1_7_0,eca3c307eaccee1b4dfebd453d5586840e781f27,runtime_ns,0,nan,0,nan,nan
jsonpath_ng_1_8_0,eca3c307eaccee1b4dfebd453d5586840e781f27,runtime_ns,0,nan,0,nan,nan
jsonpath_ng_1_5_2,e3e1576ced19b4b24453982ec5b42a004f8682e0,runtime_ns,0,nan,0,nan,nan
jsonpath_ng_1_5_3,e3e1576ced19b4b24453982ec5b42a004f8682e0,runtime_ns,0,nan,0,nan,nan
jsonpath_ng_1_6_0,e3e1576ced19b4b24453982ec5b42a004f8682e0,runtime_ns,0,nan,0,nan,nan
jsonpath_ng_1_6_1,e3e1576ced19b4b24453982ec5b42a004f8682e0,runtime_ns,0,nan,0,nan,nan
jsonpath_ng_1_7_0,e3e1576ced19b4b24453982ec5b42a004f8682e0,runtime_ns,0,nan,0,nan,nan
jsonpath_ng_1_8_0,e3e1576ced19b4b24453982ec5b42a004f8682e0,runtime_ns,0,nan,0,nan,nan
jsonpath_ng_1_5_2,a715ff2cfb85dbee59ce849c28ca0af050f2c171,runtime_ns,3,3729.0,21.0,3676.833108053243,3781.166891946757
jsonpath_ng_1_5_3,a715ff2cfb85dbee59ce849c28ca0af050f2c171,runtime_ns,3,4013.8333333333335,43.434817063426586,3905.9352662630986,4121.731400403568
jsonpath_ng_1_6_0,a715ff2cfb85dbee59ce849c28ca0af050f2c171,runtime_ns,3,4020.6666666666665,20.750502001959696,3969.1195621058478,4072.2137712274853
jsonpath_ng_1_6_1,a715ff2cfb85dbee59ce849c28ca0af050f2c171,runtime_ns,4,4151.25,130.09643858820016,3944.237534842207,4358.2624651577935
jsonpath_ng_1_7_0,a715ff2cfb85dbee59ce849c28ca0af050f2c171,runtime_ns,3,4007.1666666666665,23.96003617136947,3947.6466372384657,4066.6866960948673
jsonpath_ng_1_8_0,a715ff2cfb85dbee59ce849c28ca0af050f2c171,runtime_ns,3,4194.666666666667,47.92007234273894,4075.6266078102653,4313.706725523069
jsonpath_ng_1_5_2,53737aa7a435abfa9982d5e73809777f432c6ab6,runtime_ns,3,40854.166666666664,178.19535160416876,40411.504873688136,41296.82845964519
jsonpath_ng_1_5_3,53737aa7a435abfa9982d5e73809777f432c6ab6,runtime_ns,3,42145.833333333336,41.50100400391939,42042.7391242117,42248.92754245497
jsonpath_ng_1_6_0,53737aa7a435abfa9982d5e73809777f432c6ab6,runtime_ns,3,42236.0,84.00446416709055,42027.32134260715,42444.67865739285
jsonpath_ng_1_6_1,53737aa7a435abfa9982d5e73809777f432c6ab6,runtime_ns,3,42208.5,260.9152161143539,41560.350672080844,42856.649327919156
jsonpath_ng_1_7_0,53737aa7a435abfa9982d5e73809777f432c6ab6,runtime_ns,3,42159.5,11.6940155635265,42130.45045493685,42188.54954506315
jsonpath_ng_1_8_0,53737aa7a435abfa9982d5e73809777f432c6ab6,runtime_ns,3,44569.333333333336,12.271240089466644,44538.84988305715,44599.81678360952
jsonpath_ng_1_5_2,6c3db689a02aa9f7b94e4c09a95780f9f69be562,runtime_ns,0,nan,0,nan,nan
jsonpath_ng_1_5_3,6c3db689a02aa9f7b94e4c09a95780f9f69be562,runtime_ns,0,nan,0,nan,nan
jsonpath_ng_1_6_0,6c3db689a02aa9f7b94e4c09a95780f9f69be562,runtime_ns,0,nan,0,nan,nan
jsonpath_ng_1_6_1,6c3db689a02aa9f7b94e4c09a95780f9f69be562,runtime_ns,0,nan,0,nan,nan
jsonpath_ng_1_7_0,6c3db689a02aa9f7b94e4c09a95780f9f69be562,runtime_ns,0,nan,0,nan,nan
jsonpath_ng_1_8_0,6c3db689a02aa9f7b94e4c09a95780f9f69be562,runtime_ns,0,nan,0,nan,nan
jsonpath_ng_1_5_2,d1abe541e5fb5c0f456be1e3fe0bf29cdeaf64d5,runtime_ns,0,nan,0,nan,nan
jsonpath_ng_1_5_3,d1abe541e5fb5c0f456be1e3fe0bf29cdeaf64d5,runtime_ns,0,nan,0,nan,nan
jsonpath_ng_1_6_0,d1abe541e5fb5c0f456be1e3fe0bf29cdeaf64d5,runtime_ns,0,nan,0,nan,nan
jsonpath_ng_1_6_1,d1abe541e5fb5c0f456be1e3fe0bf29cdeaf64d5,runtime_ns,0,nan,0,nan,nan
jsonpath_ng_1_7_0,d1abe541e5fb5c0f456be1e3fe0bf29cdeaf64d5,runtime_ns,0,nan,0,nan,nan
jsonpath_ng_1_8_0,d1abe541e5fb5c0f456be1e3fe0bf29cdeaf64d5,runtime_ns,0,nan,0,nan,nan
jsonpath_ng_1_5_2,5f8074d367ce02b3047adb5c533e1902399b8dcb,runtime_ns,0,nan,0,nan,nan
jsonpath_ng_1_5_3,5f8074d367ce02b3047adb5c533e1902399b8dcb,runtime_ns,0,nan,0,nan,nan
jsonpath_ng_1_6_0,5f8074d367ce02b3047adb5c533e1902399b8dcb,runtime_ns,0,nan,0,nan,nan
jsonpath_ng_1_6_1,5f8074d367ce02b3047adb5c533e1902399b8dcb,runtime_ns,0,nan,0,nan,nan
jsonpath_ng_1_7_0,5f8074d367ce02b3047adb5c533e1902399b8dcb,runtime_ns,0,nan,0,nan,nan
jsonpath_ng_1_8_0,5f8074d367ce02b3047adb5c533e1902399b8dcb,runtime_ns,0,nan,0,nan,nan
jsonpath_ng_1_5_2,9b168a9f48570cd8f45aab35b22730e317b8cd26,runtime_ns,0,nan,0,nan,nan
jsonpath_ng_1_5_3,9b168a9f48570cd8f45aab35b22730e317b8cd26,runtime_ns,0,nan,0,nan,nan
jsonpath_ng_1_6_0,9b168a9f48570cd8f45aab35b22730e317b8cd26,runtime_ns,0,nan,0,nan,nan
jsonpath_ng_1_6_1,9b168a9f48570cd8f45aab35b22730e317b8cd26,runtime_ns,0,nan,0,nan,nan
jsonpath_ng_1_7_0,9b168a9f48570cd8f45aab35b22730e317b8cd26,runtime_ns,0,nan,0,nan,nan
jsonpath_ng_1_8_0,9b168a9f48570cd8f45aab35b22730e317b8cd26,runtime_ns,0,nan,0,nan,nan
jsonpath_ng_1_5_2,e2b74310d4a529696793f4c402c092baa7cef7c9,runtime_ns,0,nan,0,nan,nan
jsonpath_ng_1_5_3,e2b74310d4a529696793f4c402c092baa7cef7c9,runtime_ns,0,nan,0,nan,nan
jsonpath_ng_1_6_0,e2b74310d4a529696793f4c402c092baa7cef7c9,runtime_ns,0,nan,0,nan,nan
jsonpath_ng_1_6_1,e2b74310d4a529696793f4c402c092baa7cef7c9,runtime_ns,0,nan,0,nan,nan
jsonpath_ng_1_7_0,e2b74310d4a529696793f4c402c092baa7cef7c9,runtime_ns,0,nan,0,nan,nan
jsonpath_ng_1_8_0,e2b74310d4a529696793f4c402c092baa7cef7c9,runtime_ns,0,nan,0,nan,nan
jsonpath_ng_1_5_2,89313aa8f73a155747434181b9e883c750aa789a,runtime_ns,0,nan,0,nan,nan
jsonpath_ng_1_5_3,89313aa8f73a155747434181b9e883c750aa789a,runtime_ns,0,nan,0,nan,nan
jsonpath_ng_1_6_0,89313aa8f73a155747434181b9e883c750aa789a,runtime_ns,0,nan,0,nan,nan
jsonpath_ng_1_6_1,89313aa8f73a155747434181b9e883c750aa789a,runtime_ns,0,nan,0,nan,nan
jsonpath_ng_1_7_0,89313aa8f73a155747434181b9e883c750aa789a,runtime_ns,0,nan,0,nan,nan
jsonpath_ng_1_8_0,89313aa8f73a155747434181b9e883c750aa789a,runtime_ns,0,nan,0,nan,nan
jsonpath_ng_1_5_2,49b901903cf7cb28d64f82931bc5c7aa1646e5cd,runtime_ns,0,nan,0,nan,nan
jsonpath_ng_1_5_3,49b901903cf7cb28d64f82931bc5c7aa1646e5cd,runtime_ns,0,nan,0,nan,nan
jsonpath_ng_1_6_0,49b901903cf7cb28d64f82931bc5c7aa1646e5cd,runtime_ns,0,nan,0,nan,nan
jsonpath_ng_1_6_1,49b901903cf7cb28d64f82931bc5c7aa1646e5cd,runtime_ns,0,nan,0,nan,nan
jsonpath_ng_1_7_0,49b901903cf7cb28d64f82931bc5c7aa1646e5cd,runtime_ns,0,nan,0,nan,nan
jsonpath_ng_1_8_0,49b901903cf7cb28d64f82931bc5c7aa1646e5cd,runtime_ns,0,nan,0,nan,nan
jsonpath_ng_1_5_2,2ef564709ee834ca9b7f5fb823b5ff8e0b4c2d35,runtime_ns,0,nan,0,nan,nan
jsonpath_ng_1_5_3,2ef564709ee834ca9b7f5fb823b5ff8e0b4c2d35,runtime_ns,0,nan,0,nan,nan
jsonpath_ng_1_6_0,2ef564709ee834ca9b7f5fb823b5ff8e0b4c2d35,runtime_ns,0,nan,0,nan,nan
jsonpath_ng_1_6_1,2ef564709ee834ca9b7f5fb823b5ff8e0b4c2d35,runtime_ns,0,nan,0,nan,nan
jsonpath_ng_1_7_0,2ef564709ee834ca9b7f5fb823b5ff8e0b4c2d35,runtime_ns,0,nan,0,nan,nan
jsonpath_ng_1_8_0,2ef564709ee834ca9b7f5fb823b5ff8e0b4c2d35,runtime_ns,0,nan,0,nan,nan
jsonpath_ng_1_5_2,fcb0ab35707cf14adb38603f08fab67d537dfafb,runtime_ns,0,nan,0,nan,nan
jsonpath_ng_1_5_3,fcb0ab35707cf14adb38603f08fab67d537dfafb,runtime_ns,0,nan,0,nan,nan
jsonpath_ng_1_6_0,fcb0ab35707cf14adb38603f08fab67d537dfafb,runtime_ns,0,nan,0,nan,nan
jsonpath_ng_1_6_1,fcb0ab35707cf14adb38603f08fab67d537dfafb,runtime_ns,0,nan,0,nan,nan
jsonpath_ng_1_7_0,fcb0ab35707cf14adb38603f08fab67d537dfafb,runtime_ns,0,nan,0,nan,nan
jsonpath_ng_1_8_0,fcb0ab35707cf14adb38603f08fab67d537dfafb,runtime_ns,0,nan,0,nan,nan
jsonpath_ng_1_5_2,db209e4c92e97d038ee233ed8fd162a2bc1bdb6c,runtime_ns,0,nan,0,nan,nan
jsonpath_ng_1_5_3,db209e4c92e97d038ee233ed8fd162a2bc1bdb6c,runtime_ns,0,nan,0,nan,nan
jsonpath_ng_1_6_0,db209e4c92e97d038ee233ed8fd162a2bc1bdb6c,runtime_ns,0,nan,0,nan,nan
jsonpath_ng_1_6_1,db209e4c92e97d038ee233ed8fd162a2bc1bdb6c,runtime_ns,0,nan,0,nan,nan
jsonpath_ng_1_7_0,db209e4c92e97d038ee233ed8fd162a2bc1bdb6c,runtime_ns,0,nan,0,nan,nan
jsonpath_ng_1_8_0,db209e4c92e97d038ee233ed8fd162a2bc1bdb6c,runtime_ns,0,nan,0,nan,nan
jsonpath_ng_1_5_2,0b27ad5fb2550d45f8c935a933d6c471f6b17031,runtime_ns,3,40631.833333333336,72.9902961586904,40450.51538605371,40813.15128061296
jsonpath_ng_1_5_3,0b27ad5fb2550d45f8c935a933d6c471f6b17031,runtime_ns,3,42069.5,96.12881982007269,41830.7027734989,42308.2972265011
jsonpath_ng_1_6_0,0b27ad5fb2550d45f8c935a933d6c471f6b17031,runtime_ns,3,42451.333333333336,488.76025138439127,41237.1855608648,43665.481105801875
jsonpath_ng_1_6_1,0b27ad5fb2550d45f8c935a933d6c471f6b17031,runtime_ns,3,42215.166666666664,118.64899212944597,41920.42623085674,42509.90710247659
jsonpath_ng_1_7_0,0b27ad5fb2550d45f8c935a933d6c471f6b17031,runtime_ns,3,42208.666666666664,109.9878781199698,41935.44163079345,42481.89170253988
jsonpath_ng_1_8_0,0b27ad5fb2550d45f8c935a933d6c471f6b17031,runtime_ns,6,45975.833333333336,3645.9983635030153,42149.59270767084,49802.07395899583
jsonpath_ng_1_5_2,c2bf51a256f5e4edfb255c595417feb8a665e77f,runtime_ns,0,nan,0,nan,nan
jsonpath_ng_1_5_3,c2bf51a256f5e4edfb255c595417feb8a665e77f,runtime_ns,0,nan,0,nan,nan
jsonpath_ng_1_6_0,c2bf51a256f5e4edfb255c595417feb8a665e77f,runtime_ns,0,nan,0,nan,nan
jsonpath_ng_1_6_1,c2bf51a256f5e4edfb255c595417feb8a665e77f,runtime_ns,0,nan,0,nan,nan
jsonpath_ng_1_7_0,c2bf51a256f5e4edfb255c595417feb8a665e77f,runtime_ns,0,nan,0,nan,nan
jsonpath_ng_1_8_0,c2bf51a256f5e4edfb255c595417feb8a665e77f,runtime_ns,4,61609.625,1682.0900379686377,58933.04438675609,64286.20561324391
jsonpath_ng_1_5_2,e5dba39dded5e49925e3cc27966753b557851908,runtime_ns,3,1625.0,0.0,1625.0,1625.0
jsonpath_ng_1_5_3,e5dba39dded5e49925e3cc27966753b557851908,runtime_ns,3,1500.0,0.0,1500.0,1500.0
jsonpath_ng_1_6_0,e5dba39dded5e49925e3cc27966753b557851908,runtime_ns,4,1520.75,41.5,1454.714239165363,1586.785760834637
jsonpath_ng_1_6_1,e5dba39dded5e49925e3cc27966753b557851908,runtime_ns,3,1541.3333333333333,0.5773502691896257,1539.89911575675,1542.7675509099165
jsonpath_ng_1_7_0,e5dba39dded5e49925e3cc27966753b557851908,runtime_ns,3,1513.6666666666667,11.835680518387328,1484.2652063467121,1543.0681269866213
jsonpath_ng_1_8_0,e5dba39dded5e49925e3cc27966753b557851908,runtime_ns,3,1534.3333333333333,11.98262631201246,1504.5668394258514,1564.099827240815
jsonpath_ng_1_5_2,480095fbd673e73f2b6d90de8ad556f7aff6de06,runtime_ns,3,26271.0,157.55316562989142,25879.61623965314,26662.38376034686
jsonpath_ng_1_5_3,480095fbd673e73f2b6d90de8ad556f7aff6de06,runtime_ns,3,28048.5,98.39588406025935,27804.071073724896,28292.928926275104
jsonpath_ng_1_6_0,480095fbd673e73f2b6d90de8ad556f7aff6de06,runtime_ns,3,28222.5,23.817010727629107,28163.335265470334,28281.664734529666
jsonpath_ng_1_6_1,480095fbd673e73f2b6d90de8ad556f7aff6de06,runtime_ns,5,28558.4,980.7190219425745,27340.6764981003,29776.123501899703
jsonpath_ng_1_7_0,480095fbd673e73f2b6d90de8ad556f7aff6de06,runtime_ns,3,28277.666666666668,252.14595640884932,27651.30138748609,28904.031945847244
jsonpath_ng_1_8_0,480095fbd673e73f2b6d90de8ad556f7aff6de06,runtime_ns,3,29826.166666666668,43.635803342362486,29717.769322001383,29934.564011331953
jsonpath_ng_1_5_2,1bea0caab8cfc7a7fc1c31f8579248487e8580e6,runtime_ns,3,11687.5,21.0,11635.333108053243,11739.666891946757
jsonpath_ng_1_5_3,1bea0caab8cfc7a7fc1c31f8579248487e8580e6,runtime_ns,3,12097.166666666666,48.20874747733375,11977.409499021973,12216.92383431136
jsonpath_ng_1_6_0,1bea0caab8cfc7a7fc1c31f8579248487e8580e6,runtime_ns,3,11999.833333333334,41.25025252447957,11897.36202541805,12102.304641248618
jsonpath_ng_1_6_1,1bea0caab8cfc7a7fc1c31f8579248487e8580e6,runtime_ns,3,12132.0,102.67911179982032,11876.930946169037,12387.069053830963
jsonpath_ng_1_7_0,1bea0caab8cfc7a7fc1c31f8579248487e8580e6,runtime_ns,3,12152.666666666666,93.9552198301581,11919.268961870777,12386.064371462555
jsonpath_ng_1_8_0,1bea0caab8cfc7a7fc1c31f8579248487e8580e6,runtime_ns,3,12868.0,43.35608377148471,12760.297517269448,12975.702482730552
jsonpath_ng_1_5_2,59bfe4f53a6a61096c27724f2430ac235ac50c86,runtime_ns,3,19813.0,115.93532679903913,19525.00068257441,20100.99931742559
jsonpath_ng_1_5_3,59bfe4f53a6a61096c27724f2430ac235ac50c86,runtime_ns,4,21421.875,414.23430869497037,20762.73577738597,22081.01422261403
jsonpath_ng_1_6_0,59bfe4f53a6a61096c27724f2430ac235ac50c86,runtime_ns,3,21243.166666666668,23.671361036774655,21184.36374602676,21301.969587306576
jsonpath_ng_1_6_1,59bfe4f53a6a61096c27724f2430ac235ac50c86,runtime_ns,3,21388.833333333332,243.18014584528345,20784.74036229012,21992.926304376546
jsonpath_ng_1_7_0,59bfe4f53a6a61096c27724f2430ac235ac50c86,runtime_ns,3,21333.5,55.560777532356404,21195.4793772377,21471.5206227623
jsonpath_ng_1_8_0,59bfe4f53a6a61096c27724f2430ac235ac50c86,runtime_ns,3,22618.166666666668,145.9805923173808,22255.530772107413,22980.802561225923
jsonpath_ng_1_5_2,8925228d028c5e28ce11ae23c0e616f7db251eeb,runtime_ns,3,2722.3333333333335,12.413030787576954,2691.497655436796,2753.169011229871
jsonpath_ng_1_5_3,8925228d028c5e28ce11ae23c0e616f7db251eeb,runtime_ns,3,2972.3333333333335,31.860372460681205,2893.1877805933436,3051.4788860733233
jsonpath_ng_1_6_0,8925228d028c5e28ce11ae23c0e616f7db251eeb,runtime_ns,3,2937.3333333333335,21.250490190424628,2884.5441892581193,2990.1224774085476
jsonpath_ng_1_6_1,8925228d028c5e28ce11ae23c0e616f7db251eeb,runtime_ns,4,3104.125,70.25118622960517,2992.339685970898,3215.910314029102
jsonpath_ng_1_7_0,8925228d028c5e28ce11ae23c0e616f7db251eeb,runtime_ns,3,2958.5,41.75224544859833,2854.7816725308808,3062.2183274691192
jsonpath_ng_1_8_0,8925228d028c5e28ce11ae23c0e616f7db251eeb,runtime_ns,3,3006.8333333333335,11.835680518387328,2977.4318730133787,3036.2347936532883
jsonpath_ng_1_5_2,bfb6e0d71cf8c2a5afcf390a1eca73699b9297b9,runtime_ns,3,1250.0,0.0,1250.0,1250.0
jsonpath_ng_1_5_3,bfb6e0d71cf8c2a5afcf390a1eca73699b9297b9,runtime_ns,4,1135.5,21.0,1102.084313794521,1168.915686205479
jsonpath_ng_1_6_0,bfb6e0d71cf8c2a5afcf390a1eca73699b9297b9,runtime_ns,3,1166.6666666666667,0.5773502691896257,1165.2324490900835,1168.10088424325
jsonpath_ng_1_6_1,bfb6e0d71cf8c2a5afcf390a1eca73699b9297b9,runtime_ns,4,1177.5,21.0,1144.084313794521,1210.915686205479
jsonpath_ng_1_7_0,bfb6e0d71cf8c2a5afcf390a1eca73699b9297b9,runtime_ns,6,1201.4166666666667,127.58856401208796,1067.5206803492315,1335.312652984102
jsonpath_ng_1_8_0,bfb6e0d71cf8c2a5afcf390a1eca73699b9297b9,runtime_ns,3,1194.6666666666667,23.96525262402492,1135.1336788517028,1254.1996544816307
jsonpath_ng_1_5_2,c291c74cd51b01c210b796acd245aae85f2ecd23,runtime_ns,3,8819.333333333334,66.83250207296845,8653.312194563241,8985.354472103427
jsonpath_ng_1_5_3,c291c74cd51b01c210b796acd245aae85f2ecd23,runtime_ns,3,9152.833333333334,63.44748484639351,8995.2210435107,9310.445623155967
jsonpath_ng_1_6_0,c291c74cd51b01c210b796acd245aae85f2ecd23,runtime_ns,3,9166.666666666666,55.277331098139435,9029.350163880868,9303.983169452464
jsonpath_ng_1_6_1,c291c74cd51b01c210b796acd245aae85f2ecd23,runtime_ns,3,9215.166666666666,31.860372460681205,9136.021113926676,9294.312219406656
jsonpath_ng_1_7_0,c291c74cd51b01c210b796acd245aae85f2ecd23,runtime_ns,3,9125.0,0.0,9125.0,9125.0
jsonpath_ng_1_8_0,c291c74cd51b01c210b796acd245aae85f2ecd23,runtime_ns,3,9652.666666666666,47.92007234273894,9533.626607810264,9771.706725523069
jsonpath_ng_1_5_2,758dda52f281a16b47b3cc9142ee9416d48e5d6b,runtime_ns,3,9138.666666666666,23.671361036774655,9079.863746026756,9197.469587306576
jsonpath_ng_1_5_3,758dda52f281a16b47b3cc9142ee9416d48e5d6b,runtime_ns,3,9742.833333333334,93.9552198301581,9509.435628537445,9976.231038129223
jsonpath_ng_1_6_0,758dda52f281a16b47b3cc9142ee9416d48e5d6b,runtime_ns,3,9701.0,32.07802986469088,9621.313756294468,9780.686243705532
jsonpath_ng_1_6_1,758dda52f281a16b47b3cc9142ee9416d48e5d6b,runtime_ns,3,9680.5,24.253865671269807,9620.250057630272,9740.749942369728
jsonpath_ng_1_7_0,758dda52f281a16b47b3cc9142ee9416d48e5d6b,runtime_ns,3,9701.333333333334,43.434817063426586,9593.435266263099,9809.231400403569
jsonpath_ng_1_8_0,758dda52f281a16b47b3cc9142ee9416d48e5d6b,runtime_ns,5,10466.6,299.62025966212633,10094.572310445075,10838.627689554925
jsonpath_ng_1_5_2,eaca8ec0f7b062f82bd87adb8f8aa3e1365de8cb,runtime_ns,3,1458.3333333333333,0.5773502691896257,1456.89911575675,1459.7675509099165
jsonpath_ng_1_5_3,eaca8ec0f7b062f82bd87adb8f8aa3e1365de8cb,runtime_ns,3,1486.3333333333333,23.671361036774655,1427.5304126934238,1545.1362539732427
jsonpath_ng_1_6_0,eaca8ec0f7b062f82bd87adb8f8aa3e1365de8cb,runtime_ns,3,1486.3333333333333,23.671361036774655,1427.5304126934238,1545.1362539732427
jsonpath_ng_1_6_1,eaca8ec0f7b062f82bd87adb8f8aa3e1365de8cb,runtime_ns,3,1493.1666666666667,11.835680518387328,1463.7652063467121,1522.5681269866213
jsonpath_ng_1_7_0,eaca8ec0f7b062f82bd87adb8f8aa3e1365de8cb,runtime_ns,3,1493.1666666666667,11.835680518387328,1463.7652063467121,1522.5681269866213
jsonpath_ng_1_8_0,eaca8ec0f7b062f82bd87adb8f8aa3e1365de8cb,runtime_ns,3,1513.8333333333333,23.96003617136947,1454.3133039051324,1573.353362761534
jsonpath_ng_1_5_2,a145966af33ee0648eeee2c4f8ff64384b787d4a,runtime_ns,3,5354.166666666667,36.08439182435161,5264.52806813022,5443.805265203114
jsonpath_ng_1_5_3,a145966af33ee0648eeee2c4f8ff64384b787d4a,runtime_ns,3,5916.666666666667,36.661742093541235,5825.593850553637,6007.739482779697
jsonpath_ng_1_6_0,a145966af33ee0648eeee2c4f8ff64384b787d4a,runtime_ns,3,5944.5,23.817010727629107,5885.335265470334,6003.664734529666
jsonpath_ng_1_6_1,a145966af33ee0648eeee2c4f8ff64384b787d4a,runtime_ns,3,5958.166666666667,42.000992051775796,5853.830418379925,6062.502914953409
jsonpath_ng_1_7_0,a145966af33ee0648eeee2c4f8ff64384b787d4a,runtime_ns,3,5944.333333333333,23.671361036774655,5885.530412693423,6003.136253973243
jsonpath_ng_1_8_0,a145966af33ee0648eeee2c4f8ff64384b787d4a,runtime_ns,3,6326.5,43.23482392701513,6219.098743422016,6433.901256577984
jsonpath_ng_1_5_2,35b62ec3045e11c814174d24f8a03e760dfc826b,runtime_ns,4,100151.0,2977.4605231080172,95413.1958795534,104888.8041204466
jsonpath_ng_1_5_3,35b62ec3045e11c814174d24f8a03e760dfc826b,runtime_ns,3,104826.16666666667,485.1990141512381,103620.8654979095,106031.46783542384
jsonpath_ng_1_6_0,35b62ec3045e11c814174d24f8a03e760dfc826b,runtime_ns,3,105256.83333333333,512.4978861745025,103983.71800709493,106529.94865957173
jsonpath_ng_1_6_1,35b62ec3045e11c814174d24f8a03e760dfc826b,runtime_ns,3,104729.16666666667,21.250490190424628,104676.37752259146,104781.95581074189
jsonpath_ng_1_7_0,35b62ec3045e11c814174d24f8a03e760dfc826b,runtime_ns,3,106125.0,902.9311989293536,103881.99455762365,108368.00544237635
jsonpath_ng_1_8_0,35b62ec3045e11c814174d24f8a03e760dfc826b,runtime_ns,3,111187.5,366.1171260676015,110278.01464021782,112096.98535978218
jsonpath_ng_1_5_2,a4f8d700c93027881883d5a3bc4bdaa2fd254ef3,runtime_ns,3,7208.5,41.5,7105.408284962361,7311.591715037639
jsonpath_ng_1_5_3,a4f8d700c93027881883d5a3bc4bdaa2fd254ef3,runtime_ns,3,7513.666666666667,23.671361036774655,7454.863746026757,7572.469587306577
jsonpath_ng_1_6_0,a4f8d700c93027881883d5a3bc4bdaa2fd254ef3,runtime_ns,3,7555.5,48.06506007486103,7436.099771650493,7674.900228349507
jsonpath_ng_1_6_1,a4f8d700c93027881883d5a3bc4bdaa2fd254ef3,runtime_ns,4,7635.75,145.83352380939942,7403.696320483136,7867.803679516864
jsonpath_ng_1_7_0,a4f8d700c93027881883d5a3bc4bdaa2fd254ef3,runtime_ns,3,7535.0,73.25127985230019,7353.033733284924,7716.966266715076
jsonpath_ng_1_8_0,a4f8d700c93027881883d5a3bc4bdaa2fd254ef3,runtime_ns,3,7777.833333333333,63.93812112764445,7619.002235421691,7936.664431244975
jsonpath_ng_1_5_2,a81e6fe7325e0ce71297ca0afb63597b7315ea8f,runtime_ns,0,nan,0,nan,nan
jsonpath_ng_1_5_3,a81e6fe7325e0ce71297ca0afb63597b7315ea8f,runtime_ns,0,nan,0,nan,nan
jsonpath_ng_1_6_0,a81e6fe7325e0ce71297ca0afb63597b7315ea8f,runtime_ns,0,nan,0,nan,nan
jsonpath_ng_1_6_1,a81e6fe7325e0ce71297ca0afb63597b7315ea8f,runtime_ns,0,nan,0,nan,nan
jsonpath_ng_1_7_0,a81e6fe7325e0ce71297ca0afb63597b7315ea8f,runtime_ns,0,nan,0,nan,nan
jsonpath_ng_1_8_0,a81e6fe7325e0ce71297ca0afb63597b7315ea8f,runtime_ns,0,nan,0,nan,nan
jsonpath_ng_1_5_2,58e42ffba4d6f767072b56bd86a0e8d2e1257d25,runtime_ns,0,nan,0,nan,nan
jsonpath_ng_1_5_3,58e42ffba4d6f767072b56bd86a0e8d2e1257d25,runtime_ns,0,nan,0,nan,nan
jsonpath_ng_1_6_0,58e42ffba4d6f767072b56bd86a0e8d2e1257d25,runtime_ns,0,nan,0,nan,nan
jsonpath_ng_1_6_1,58e42ffba4d6f767072b56bd86a0e8d2e1257d25,runtime_ns,0,nan,0,nan,nan
jsonpath_ng_1_7_0,58e42ffba4d6f767072b56bd86a0e8d2e1257d25,runtime_ns,0,nan,0,nan,nan
jsonpath_ng_1_8_0,58e42ffba4d6f767072b56bd86a0e8d2e1257d25,runtime_ns,0,nan,0,nan,nan
jsonpath_ng_1_5_2,833d4f623e9efa8d06c452dbd628bbe373d06cd4,runtime_ns,0,nan,0,nan,nan
jsonpath_ng_1_5_3,833d4f623e9efa8d06c452dbd628bbe373d06cd4,runtime_ns,0,nan,0,nan,nan
jsonpath_ng_1_6_0,833d4f623e9efa8d06c452dbd628bbe373d06cd4,runtime_ns,0,nan,0,nan,nan
jsonpath_ng_1_6_1,833d4f623e9efa8d06c452dbd628bbe373d06cd4,runtime_ns,0,nan,0,nan,nan
jsonpath_ng_1_7_0,833d4f623e9efa8d06c452dbd628bbe373d06cd4,runtime_ns,0,nan,0,nan,nan
jsonpath_ng_1_8_0,833d4f623e9efa8d06c452dbd628bbe373d06cd4,runtime_ns,0,nan,0,nan,nan
jsonpath_ng_1_5_2,b4cf5a0be03168f4a16e927c6d8543ba375df45c,runtime_ns,0,nan,0,nan,nan
jsonpath_ng_1_5_3,b4cf5a0be03168f4a16e927c6d8543ba375df45c,runtime_ns,0,nan,0,nan,nan
jsonpath_ng_1_6_0,b4cf5a0be03168f4a16e927c6d8543ba375df45c,runtime_ns,0,nan,0,nan,nan
jsonpath_ng_1_6_1,b4cf5a0be03168f4a16e927c6d8543ba375df45c,runtime_ns,0,nan,0,nan,nan
jsonpath_ng_1_7_0,b4cf5a0be03168f4a16e927c6d8543ba375df45c,runtime_ns,0,nan,0,nan,nan
jsonpath_ng_1_8_0,b4cf5a0be03168f4a16e927c6d8543ba375df45c,runtime_ns,0,nan,0,nan,nan
jsonpath_ng_1_5_2,94fd93edcc2e23807eebfa31bf28fa85ed7ca39f,runtime_ns,0,nan,0,nan,nan
jsonpath_ng_1_5_3,94fd93edcc2e23807eebfa31bf28fa85ed7ca39f,runtime_ns,0,nan,0,nan,nan
jsonpath_ng_1_6_0,94fd93edcc2e23807eebfa31bf28fa85ed7ca39f,runtime_ns,0,nan,0,nan,nan
jsonpath_ng_1_6_1,94fd93edcc2e23807eebfa31bf28fa85ed7ca39f,runtime_ns,0,nan,0,nan,nan
jsonpath_ng_1_7_0,94fd93edcc2e23807eebfa31bf28fa85ed7ca39f,runtime_ns,0,nan,0,nan,nan
jsonpath_ng_1_8_0,94fd93edcc2e23807eebfa31bf28fa85ed7ca39f,runtime_ns,0,nan,0,nan,nan
jsonpath_ng_1_5_2,dfb1cb8ca5b8d808d4ff7cc72ab5c8cc92cbfc2e,runtime_ns,0,nan,0,nan,nan
jsonpath_ng_1_5_3,dfb1cb8ca5b8d808d4ff7cc72ab5c8cc92cbfc2e,runtime_ns,0,nan,0,nan,nan
jsonpath_ng_1_6_0,dfb1cb8ca5b8d808d4ff7cc72ab5c8cc92cbfc2e,runtime_ns,0,nan,0,nan,nan
jsonpath_ng_1_6_1,dfb1cb8ca5b8d808d4ff7cc72ab5c8cc92cbfc2e,runtime_ns,0,nan,0,nan,nan
jsonpath_ng_1_7_0,dfb1cb8ca5b8d808d4ff7cc72ab5c8cc92cbfc2e,runtime_ns,0,nan,0,nan,nan
jsonpath_ng_1_8_0,dfb1cb8ca5b8d808d4ff7cc72ab5c8cc92cbfc2e,runtime_ns,0,nan,0,nan,nan
jsonpath_ng_1_5_2,0380887d5eed656a8c4a9fe8b02296fbb720d36e,runtime_ns,0,nan,0,nan,nan
jsonpath_ng_1_5_3,0380887d5eed656a8c4a9fe8b02296fbb720d36e,runtime_ns,0,nan,0,nan,nan
jsonpath_ng_1_6_0,0380887d5eed656a8c4a9fe8b02296fbb720d36e,runtime_ns,0,nan,0,nan,nan
jsonpath_ng_1_6_1,0380887d5eed656a8c4a9fe8b02296fbb720d36e,runtime_ns,0,nan,0,nan,nan
jsonpath_ng_1_7_0,0380887d5eed656a8c4a9fe8b02296fbb720d36e,runtime_ns,0,nan,0,nan,nan
jsonpath_ng_1_8_0,0380887d5eed656a8c4a9fe8b02296fbb720d36e,runtime_ns,0,nan,0,nan,nan
jsonpath_ng_1_5_2,1b5a1949b0008cbf3aec1eb8c5960c12c4d94ea5,runtime_ns,0,nan,0,nan,nan
jsonpath_ng_1_5_3,1b5a1949b0008cbf3aec1eb8c5960c12c4d94ea5,runtime_ns,0,nan,0,nan,nan
jsonpath_ng_1_6_0,1b5a1949b0008cbf3aec1eb8c5960c12c4d94ea5,runtime_ns,0,nan,0,nan,nan
jsonpath_ng_1_6_1,1b5a1949b0008cbf3aec1eb8c5960c12c4d94ea5,runtime_ns,0,nan,0,nan,nan
jsonpath_ng_1_7_0,1b5a1949b0008cbf3aec1eb8c5960c12c4d94ea5,runtime_ns,0,nan,0,nan,nan
jsonpath_ng_1_8_0,1b5a1949b0008cbf3aec1eb8c5960c12c4d94ea5,runtime_ns,0,nan,0,nan,nan
jsonpath_ng_1_5_2,2f7bbb45a6f53ad8a549587d2eb528cbc74b4458,runtime_ns,0,nan,0,nan,nan
jsonpath_ng_1_5_3,2f7bbb45a6f53ad8a549587d2eb528cbc74b4458,runtime_ns,0,nan,0,nan,nan
jsonpath_ng_1_6_0,2f7bbb45a6f53ad8a549587d2eb528cbc74b4458,runtime_ns,0,nan,0,nan,nan
jsonpath_ng_1_6_1,2f7bbb45a6f53ad8a549587d2eb528cbc74b4458,runtime_ns,0,nan,0,nan,nan
jsonpath_ng_1_7_0,2f7bbb45a6f53ad8a549587d2eb528cbc74b4458,runtime_ns,0,nan,0,nan,nan
jsonpath_ng_1_8_0,2f7bbb45a6f53ad8a549587d2eb528cbc74b4458,runtime_ns,0,nan,0,nan,nan
jsonpath_ng_1_5_2,48d63c09a252af4886e0cb888ec2f072bd28e73b,runtime_ns,0,nan,0,nan,nan
jsonpath_ng_1_5_3,48d63c09a252af4886e0cb888ec2f072bd28e73b,runtime_ns,0,nan,0,nan,nan
jsonpath_ng_1_6_0,48d63c09a252af4886e0cb888ec2f072bd28e73b,runtime_ns,0,nan,0,nan,nan
jsonpath_ng_1_6_1,48d63c09a252af4886e0cb888ec2f072bd28e73b,runtime_ns,0,nan,0,nan,nan
jsonpath_ng_1_7_0,48d63c09a252af4886e0cb888ec2f072bd28e73b,runtime_ns,0,nan,0,nan,nan
jsonpath_ng_1_8_0,48d63c09a252af4886e0cb888ec2f072bd28e73b,runtime_ns,0,nan,0,nan,nan
jsonpath_ng_1_5_2,69f3920417e07c6e46aea390189b7ae31aee5cc7,runtime_ns,3,1264.0,24.24871130596428,1203.7628617835076,1324.2371382164924
jsonpath_ng_1_5_3,69f3920417e07c6e46aea390189b7ae31aee5cc7,runtime_ns,3,1125.0,0.0,1125.0,1125.0
jsonpath_ng_1_6_0,69f3920417e07c6e46aea390189b7ae31aee5cc7,runtime_ns,3,1159.5,12.134661099511597,1129.3558307433934,1189.6441692566066
jsonpath_ng_1_6_1,69f3920417e07c6e46aea390189b7ae31aee5cc7,runtime_ns,3,1166.5,0.5,1165.2579311441248,1167.7420688558752
jsonpath_ng_1_7_0,69f3920417e07c6e46aea390189b7ae31aee5cc7,runtime_ns,3,1145.5,20.5,1094.5751769091182,1196.4248230908818
jsonpath_ng_1_8_0,69f3920417e07c6e46aea390189b7ae31aee5cc7,runtime_ns,3,1166.8333333333333,0.28867513459481287,1166.1162245450416,1167.5504421216249
jsonpath_ng_1_5_2,5e7f1cc8f313280ef098908c9b86c4432297e31d,runtime_ns,3,15395.666666666666,129.62381468439096,15073.663260268235,15717.670073065097
jsonpath_ng_1_5_3,5e7f1cc8f313280ef098908c9b86c4432297e31d,runtime_ns,3,16965.333333333332,66.75390125927723,16799.507449808705,17131.15921685796
jsonpath_ng_1_6_0,5e7f1cc8f313280ef098908c9b86c4432297e31d,runtime_ns,3,16938.0,115.93532679903913,16650.00068257441,17225.99931742559
jsonpath_ng_1_6_1,5e7f1cc8f313280ef098908c9b86c4432297e31d,runtime_ns,3,16909.666666666668,73.27573495594113,16727.639650106394,17091.693683226942
jsonpath_ng_1_7_0,5e7f1cc8f313280ef098908c9b86c4432297e31d,runtime_ns,3,16805.333333333332,43.31666346030513,16697.72877608439,16912.937890582274
jsonpath_ng_1_8_0,5e7f1cc8f313280ef098908c9b86c4432297e31d,runtime_ns,3,18041.833333333332,75.50882950578253,17854.25900238789,18229.407664278773
jsonpath_ng_1_5_2,d81ec5a71e03bb12914a9bd642a8d161e990c8be,runtime_ns,3,1597.3333333333333,23.96525262402492,1537.8003455183693,1656.8663211482972
jsonpath_ng_1_5_3,d81ec5a71e03bb12914a9bd642a8d161e990c8be,runtime_ns,3,1625.0,0.0,1625.0,1625.0
jsonpath_ng_1_6_0,d81ec5a71e03bb12914a9bd642a8d161e990c8be,runtime_ns,3,1674.0,12.12435565298214,1643.8814308917538,1704.1185691082462
jsonpath_ng_1_6_1,d81ec5a71e03bb12914a9bd642a8d161e990c8be,runtime_ns,3,1680.6666666666667,23.671361036774655,1621.8637460267573,1739.4695873065762
jsonpath_ng_1_7_0,d81ec5a71e03bb12914a9bd642a8d161e990c8be,runtime_ns,3,1666.6666666666667,0.5773502691896257,1665.2324490900835,1668.10088424325
jsonpath_ng_1_8_0,d81ec5a71e03bb12914a9bd642a8d161e990c8be,runtime_ns,3,1666.6666666666667,0.5773502691896257,1665.2324490900835,1668.10088424325
jsonpath_ng_1_5_2,819a7f136e27ddff548bf1fdea40d972feb62722,runtime_ns,3,15000.166666666666,41.750249500252494,14896.453297408103,15103.88003592523
jsonpath_ng_1_5_3,819a7f136e27ddff548bf1fdea40d972feb62722,runtime_ns,4,15968.75,374.3560025786506,15373.066061366397,16564.433938633603
jsonpath_ng_1_6_0,819a7f136e27ddff548bf1fdea40d972feb62722,runtime_ns,3,15562.666666666666,41.750249500252494,15458.953297408103,15666.38003592523
jsonpath_ng_1_6_1,819a7f136e27ddff548bf1fdea40d972feb62722,runtime_ns,3,15701.5,118.57592504383004,15406.941072892942,15996.058927107058
jsonpath_ng_1_7_0,819a7f136e27ddff548bf1fdea40d972feb62722,runtime_ns,3,15486.333333333334,11.835680518387328,15456.93187301338,15515.734793653288
jsonpath_ng_1_8_0,819a7f136e27ddff548bf1fdea40d972feb62722,runtime_ns,3,16756.833333333332,208.8356610671016,16238.056792118236,17275.60987454843
jsonpath_ng_1_5_2,7af5488d0477be1f5b1616eba11e464a68ce59d8,runtime_ns,0,nan,0,nan,nan
jsonpath_ng_1_5_3,7af5488d0477be1f5b1616eba11e464a68ce59d8,runtime_ns,0,nan,0,nan,nan
jsonpath_ng_1_6_0,7af5488d0477be1f5b1616eba11e464a68ce59d8,runtime_ns,0,nan,0,nan,nan
jsonpath_ng_1_6_1,7af5488d0477be1f5b1616eba11e464a68ce59d8,runtime_ns,0,nan,0,nan,nan
jsonpath_ng_1_7_0,7af5488d0477be1f5b1616eba11e464a68ce59d8,runtime_ns,0,nan,0,nan,nan
jsonpath_ng_1_8_0,7af5488d0477be1f5b1616eba11e464a68ce59d8,runtime_ns,0,nan,0,nan,nan
jsonpath_ng_1_5_2,9b2283a90cb2a70f8ebfcee1634d626f64b8597a,runtime_ns,0,nan,0,nan,nan
jsonpath_ng_1_5_3,9b2283a90cb2a70f8ebfcee1634d626f64b8597a,runtime_ns,0,nan,0,nan,nan
jsonpath_ng_1_6_0,9b2283a90cb2a70f8ebfcee1634d626f64b8597a,runtime_ns,0,nan,0,nan,nan
jsonpath_ng_1_6_1,9b2283a90cb2a70f8ebfcee1634d626f64b8597a,runtime_ns,0,nan,0,nan,nan
jsonpath_ng_1_7_0,9b2283a90cb2a70f8ebfcee1634d626f64b8597a,runtime_ns,0,nan,0,nan,nan
jsonpath_ng_1_8_0,9b2283a90cb2a70f8ebfcee1634d626f64b8597a,runtime_ns,0,nan,0,nan,nan
jsonpath_ng_1_5_2,71ec33c8b052fae8526bfa0d0d0827a78d80dc8b,runtime_ns,0,nan,0,nan,nan
jsonpath_ng_1_5_3,71ec33c8b052fae8526bfa0d0d0827a78d80dc8b,runtime_ns,0,nan,0,nan,nan
jsonpath_ng_1_6_0,71ec33c8b052fae8526bfa0d0d0827a78d80dc8b,runtime_ns,0,nan,0,nan,nan
jsonpath_ng_1_6_1,71ec33c8b052fae8526bfa0d0d0827a78d80dc8b,runtime_ns,0,nan,0,nan,nan
jsonpath_ng_1_7_0,71ec33c8b052fae8526bfa0d0d0827a78d80dc8b,runtime_ns,0,nan,0,nan,nan
jsonpath_ng_1_8_0,71ec33c8b052fae8526bfa0d0d0827a78d80dc8b,runtime_ns,0,nan,0,nan,nan
jsonpath_ng_1_5_2,3a7a1a9e16949dd80dce7e6a222d208ac91e0d8b,runtime_ns,0,nan,0,nan,nan
jsonpath_ng_1_5_3,3a7a1a9e16949dd80dce7e6a222d208ac91e0d8b,runtime_ns,0,nan,0,nan,nan
jsonpath_ng_1_6_0,3a7a1a9e16949dd80dce7e6a222d208ac91e0d8b,runtime_ns,0,nan,0,nan,nan
jsonpath_ng_1_6_1,3a7a1a9e16949dd80dce7e6a222d208ac91e0d8b,runtime_ns,0,nan,0,nan,nan
jsonpath_ng_1_7_0,3a7a1a9e16949dd80dce7e6a222d208ac91e0d8b,runtime_ns,0,nan,0,nan,nan
jsonpath_ng_1_8_0,3a7a1a9e16949dd80dce7e6a222d208ac91e0d8b,runtime_ns,0,nan,0,nan,nan
jsonpath_ng_1_5_2,9af609ccfd6a07737ab986e86f5d5173071fc974,runtime_ns,0,nan,0,nan,nan
jsonpath_ng_1_5_3,9af609ccfd6a07737ab986e86f5d5173071fc974,runtime_ns,0,nan,0,nan,nan
jsonpath_ng_1_6_0,9af609ccfd6a07737ab986e86f5d5173071fc974,runtime_ns,0,nan,0,nan,nan
jsonpath_ng_1_6_1,9af609ccfd6a07737ab986e86f5d5173071fc974,runtime_ns,0,nan,0,nan,nan
jsonpath_ng_1_7_0,9af609ccfd6a07737ab986e86f5d5173071fc974,runtime_ns,0,nan,0,nan,nan
jsonpath_ng_1_8_0,9af609ccfd6a07737ab986e86f5d5173071fc974,runtime_ns,0,nan,0,nan,nan
jsonpath_ng_1_5_2,59dc2b79f6b03efe48063225a9d03005bfa70339,runtime_ns,0,nan,0,nan,nan
jsonpath_ng_1_5_3,59dc2b79f6b03efe48063225a9d03005bfa70339,runtime_ns,0,nan,0,nan,nan
jsonpath_ng_1_6_0,59dc2b79f6b03efe48063225a9d03005bfa70339,runtime_ns,0,nan,0,nan,nan
jsonpath_ng_1_6_1,59dc2b79f6b03efe48063225a9d03005bfa70339,runtime_ns,0,nan,0,nan,nan
jsonpath_ng_1_7_0,59dc2b79f6b03efe48063225a9d03005bfa70339,runtime_ns,0,nan,0,nan,nan
jsonpath_ng_1_8_0,59dc2b79f6b03efe48063225a9d03005bfa70339,runtime_ns,0,nan,0,nan,nan
jsonpath_ng_1_5_2,6fa5c08ac70052add1523388affbb77a86be205e,runtime_ns,0,nan,0,nan,nan
jsonpath_ng_1_5_3,6fa5c08ac70052add1523388affbb77a86be205e,runtime_ns,0,nan,0,nan,nan
jsonpath_ng_1_6_0,6fa5c08ac70052add1523388affbb77a86be205e,runtime_ns,0,nan,0,nan,nan
jsonpath_ng_1_6_1,6fa5c08ac70052add1523388affbb77a86be205e,runtime_ns,0,nan,0,nan,nan
jsonpath_ng_1_7_0,6fa5c08ac70052add1523388affbb77a86be205e,runtime_ns,0,nan,0,nan,nan
jsonpath_ng_1_8_0,6fa5c08ac70052add1523388affbb77a86be205e,runtime_ns,0,nan,0,nan,nan
jsonpath_ng_1_5_2,5ccf81a81878b3693a98acdfdf8250392006b3ff,runtime_ns,0,nan,0,nan,nan
jsonpath_ng_1_5_3,5ccf81a81878b3693a98acdfdf8250392006b3ff,runtime_ns,0,nan,0,nan,nan
jsonpath_ng_1_6_0,5ccf81a81878b3693a98acdfdf8250392006b3ff,runtime_ns,0,nan,0,nan,nan
jsonpath_ng_1_6_1,5ccf81a81878b3693a98acdfdf8250392006b3ff,runtime_ns,0,nan,0,nan,nan
jsonpath_ng_1_7_0,5ccf81a81878b3693a98acdfdf8250392006b3ff,runtime_ns,0,nan,0,nan,nan
jsonpath_ng_1_8_0,5ccf81a81878b3693a98acdfdf8250392006b3ff,runtime_ns,0,nan,0,nan,nan
jsonpath_ng_1_5_2,d159413201efe479ce2d6e168efec79a94fee98a,runtime_ns,0,nan,0,nan,nan
jsonpath_ng_1_5_3,d159413201efe479ce2d6e168efec79a94fee98a,runtime_ns,0,nan,0,nan,nan
jsonpath_ng_1_6_0,d159413201efe479ce2d6e168efec79a94fee98a,runtime_ns,0,nan,0,nan,nan
jsonpath_ng_1_6_1,d159413201efe479ce2d6e168efec79a94fee98a,runtime_ns,0,nan,0,nan,nan
jsonpath_ng_1_7_0,d159413201efe479ce2d6e168efec79a94fee98a,runtime_ns,0,nan,0,nan,nan
jsonpath_ng_1_8_0,d159413201efe479ce2d6e168efec79a94fee98a,runtime_ns,0,nan,0,nan,nan
jsonpath_ng_1_5_2,c476fbda41b9ddbdb916c05a7d80005f035877c4,runtime_ns,0,nan,0,nan,nan
jsonpath_ng_1_5_3,c476fbda41b9ddbdb916c05a7d80005f035877c4,runtime_ns,0,nan,0,nan,nan
jsonpath_ng_1_6_0,c476fbda41b9ddbdb916c05a7d80005f035877c4,runtime_ns,0,nan,0,nan,nan
jsonpath_ng_1_6_1,c476fbda41b9ddbdb916c05a7d80005f035877c4,runtime_ns,0,nan,0,nan,nan
jsonpath_ng_1_7_0,c476fbda41b9ddbdb916c05a7d80005f035877c4,runtime_ns,0,nan,0,nan,nan
jsonpath_ng_1_8_0,c476fbda41b9ddbdb916c05a7d80005f035877c4,runtime_ns,0,nan,0,nan,nan
jsonpath_ng_1_5_2,919b0e434ed71b7366c3076d6e443012db5f6dc2,runtime_ns,0,nan,0,nan,nan
jsonpath_ng_1_5_3,919b0e434ed71b7366c3076d6e443012db5f6dc2,runtime_ns,0,nan,0,nan,nan
jsonpath_ng_1_6_0,919b0e434ed71b7366c3076d6e443012db5f6dc2,runtime_ns,0,nan,0,nan,nan
jsonpath_ng_1_6_1,919b0e434ed71b7366c3076d6e443012db5f6dc2,runtime_ns,0,nan,0,nan,nan
jsonpath_ng_1_7_0,919b0e434ed71b7366c3076d6e443012db5f6dc2,runtime_ns,0,nan,0,nan,nan
jsonpath_ng_1_8_0,919b0e434ed71b7366c3076d6e443012db5f6dc2,runtime_ns,0,nan,0,nan,nan
jsonpath_ng_1_5_2,3059c3a9c75615580d86e56162838dd8944504fb,runtime_ns,0,nan,0,nan,nan
jsonpath_ng_1_5_3,3059c3a9c75615580d86e56162838dd8944504fb,runtime_ns,0,nan,0,nan,nan
jsonpath_ng_1_6_0,3059c3a9c75615580d86e56162838dd8944504fb,runtime_ns,0,nan,0,nan,nan
jsonpath_ng_1_6_1,3059c3a9c75615580d86e56162838dd8944504fb,runtime_ns,0,nan,0,nan,nan
jsonpath_ng_1_7_0,3059c3a9c75615580d86e56162838dd8944504fb,runtime_ns,0,nan,0,nan,nan
jsonpath_ng_1_8_0,3059c3a9c75615580d86e56162838dd8944504fb,runtime_ns,0,nan,0,nan,nan
jsonpath_ng_1_5_2,a74e030e54bf913810aef81a355e4ffc8ad2bf93,runtime_ns,0,nan,0,nan,nan
jsonpath_ng_1_5_3,a74e030e54bf913810aef81a355e4ffc8ad2bf93,runtime_ns,0,nan,0,nan,nan
jsonpath_ng_1_6_0,a74e030e54bf913810aef81a355e4ffc8ad2bf93,runtime_ns,0,nan,0,nan,nan
jsonpath_ng_1_6_1,a74e030e54bf913810aef81a355e4ffc8ad2bf93,runtime_ns,0,nan,0,nan,nan
jsonpath_ng_1_7_0,a74e030e54bf913810aef81a355e4ffc8ad2bf93,runtime_ns,0,nan,0,nan,nan
jsonpath_ng_1_8_0,a74e030e54bf913810aef81a355e4ffc8ad2bf93,runtime_ns,0,nan,0,nan,nan
jsonpath_ng_1_5_2,2903bea7fa97aaa26763744269204c50c26d9c67,runtime_ns,0,nan,0,nan,nan
jsonpath_ng_1_5_3,2903bea7fa97aaa26763744269204c50c26d9c67,runtime_ns,0,nan,0,nan,nan
jsonpath_ng_1_6_0,2903bea7fa97aaa26763744269204c50c26d9c67,runtime_ns,0,nan,0,nan,nan
jsonpath_ng_1_6_1,2903bea7fa97aaa26763744269204c50c26d9c67,runtime_ns,0,nan,0,nan,nan
jsonpath_ng_1_7_0,2903bea7fa97aaa26763744269204c50c26d9c67,runtime_ns,0,nan,0,nan,nan
jsonpath_ng_1_8_0,2903bea7fa97aaa26763744269204c50c26d9c67,runtime_ns,0,nan,0,nan,nan
jsonpath_ng_1_5_2,62bd8f1d05139c372b4a4a4e0a8c0cbae8723be8,runtime_ns,0,nan,0,nan,nan
jsonpath_ng_1_5_3,62bd8f1d05139c372b4a4a4e0a8c0cbae8723be8,runtime_ns,0,nan,0,nan,nan
jsonpath_ng_1_6_0,62bd8f1d05139c372b4a4a4e0a8c0cbae8723be8,runtime_ns,0,nan,0,nan,nan
jsonpath_ng_1_6_1,62bd8f1d05139c372b4a4a4e0a8c0cbae8723be8,runtime_ns,0,nan,0,nan,nan
jsonpath_ng_1_7_0,62bd8f1d05139c372b4a4a4e0a8c0cbae8723be8,runtime_ns,0,nan,0,nan,nan
jsonpath_ng_1_8_0,62bd8f1d05139c372b4a4a4e0a8c0cbae8723be8,runtime_ns,0,nan,0,nan,nan
jsonpath_ng_1_5_2,fad571cf312bde603790b8f1fbfa408d8a432b46,runtime_ns,0,nan,0,nan,nan
jsonpath_ng_1_5_3,fad571cf312bde603790b8f1fbfa408d8a432b46,runtime_ns,0,nan,0,nan,nan
jsonpath_ng_1_6_0,fad571cf312bde603790b8f1fbfa408d8a432b46,runtime_ns,0,nan,0,nan,nan
jsonpath_ng_1_6_1,fad571cf312bde603790b8f1fbfa408d8a432b46,runtime_ns,0,nan,0,nan,nan
jsonpath_ng_1_7_0,fad571cf312bde603790b8f1fbfa408d8a432b46,runtime_ns,0,nan,0,nan,nan
jsonpath_ng_1_8_0,fad571cf312bde603790b8f1fbfa408d8a432b46,runtime_ns,0,nan,0,nan,nan
jsonpath_ng_1_5_2,b4ea6f4cfee4974ca89f515e1ac312bb216168e4,runtime_ns,0,nan,0,nan,nan
jsonpath_ng_1_5_3,b4ea6f4cfee4974ca89f515e1ac312bb216168e4,runtime_ns,0,nan,0,nan,nan
jsonpath_ng_1_6_0,b4ea6f4cfee4974ca89f515e1ac312bb216168e4,runtime_ns,0,nan,0,nan,nan
jsonpath_ng_1_6_1,b4ea6f4cfee4974ca89f515e1ac312bb216168e4,runtime_ns,0,nan,0,nan,nan
jsonpath_ng_1_7_0,b4ea6f4cfee4974ca89f515e1ac312bb216168e4,runtime_ns,0,nan,0,nan,nan
jsonpath_ng_1_8_0,b4ea6f4cfee4974ca89f515e1ac312bb216168e4,runtime_ns,0,nan,0,nan,nan
jsonpath_ng_1_5_2,38245275cc63afb39af3617fccecb69373f8420a,runtime_ns,0,nan,0,nan,nan
jsonpath_ng_1_5_3,38245275cc63afb39af3617fccecb69373f8420a,runtime_ns,0,nan,0,nan,nan
jsonpath_ng_1_6_0,38245275cc63afb39af3617fccecb69373f8420a,runtime_ns,0,nan,0,nan,nan
jsonpath_ng_1_6_1,38245275cc63afb39af3617fccecb69373f8420a,runtime_ns,0,nan,0,nan,nan
jsonpath_ng_1_7_0,38245275cc63afb39af3617fccecb69373f8420a,runtime_ns,0,nan,0,nan,nan
jsonpath_ng_1_8_0,38245275cc63afb39af3617fccecb69373f8420a,runtime_ns,0,nan,0,nan,nan
jsonpath_ng_1_5_2,479f0217fdc4764f16cb7ef9eb3dd831638b24be,runtime_ns,0,nan,0,nan,nan
jsonpath_ng_1_5_3,479f0217fdc4764f16cb7ef9eb3dd831638b24be,runtime_ns,0,nan,0,nan,nan
jsonpath_ng_1_6_0,479f0217fdc4764f16cb7ef9eb3dd831638b24be,runtime_ns,0,nan,0,nan,nan
jsonpath_ng_1_6_1,479f0217fdc4764f16cb7ef9eb3dd831638b24be,runtime_ns,0,nan,0,nan,nan
jsonpath_ng_1_7_0,479f0217fdc4764f16cb7ef9eb3dd831638b24be,runtime_ns,0,nan,0,nan,nan
jsonpath_ng_1_8_0,479f0217fdc4764f16cb7ef9eb3dd831638b24be,runtime_ns,0,nan,0,nan,nan
jsonpath_ng_1_5_2,83d5f51ae08e33b528a149e240b455f00ac6803a,runtime_ns,0,nan,0,nan,nan
jsonpath_ng_1_5_3,83d5f51ae08e33b528a149e240b455f00ac6803a,runtime_ns,0,nan,0,nan,nan
jsonpath_ng_1_6_0,83d5f51ae08e33b528a149e240b455f00ac6803a,runtime_ns,0,nan,0,nan,nan
jsonpath_ng_1_6_1,83d5f51ae08e33b528a149e240b455f00ac6803a,runtime_ns,0,nan,0,nan,nan
jsonpath_ng_1_7_0,83d5f51ae08e33b528a149e240b455f00ac6803a,runtime_ns,0,nan,0,nan,nan
jsonpath_ng_1_8_0,83d5f51ae08e33b528a149e240b455f00ac6803a,runtime_ns,0,nan,0,nan,nan
jsonpath_ng_1_5_2,a44279760d633e4b9663a3d85a3b53cc0e5c299c,runtime_ns,0,nan,0,nan,nan
jsonpath_ng_1_5_3,a44279760d633e4b9663a3d85a3b53cc0e5c299c,runtime_ns,0,nan,0,nan,nan
jsonpath_ng_1_6_0,a44279760d633e4b9663a3d85a3b53cc0e5c299c,runtime_ns,0,nan,0,nan,nan
jsonpath_ng_1_6_1,a44279760d633e4b9663a3d85a3b53cc0e5c299c,runtime_ns,0,nan,0,nan,nan
jsonpath_ng_1_7_0,a44279760d633e4b9663a3d85a3b53cc0e5c299c,runtime_ns,0,nan,0,nan,nan
jsonpath_ng_1_8_0,a44279760d633e4b9663a3d85a3b53cc0e5c299c,runtime_ns,0,nan,0,nan,nan
jsonpath_ng_1_5_2,5b594cd8ccd2d6796a11741896c3d9831e0f0e28,runtime_ns,0,nan,0,nan,nan
jsonpath_ng_1_5_3,5b594cd8ccd2d6796a11741896c3d9831e0f0e28,runtime_ns,0,nan,0,nan,nan
jsonpath_ng_1_6_0,5b594cd8ccd2d6796a11741896c3d9831e0f0e28,runtime_ns,0,nan,0,nan,nan
jsonpath_ng_1_6_1,5b594cd8ccd2d6796a11741896c3d9831e0f0e28,runtime_ns,0,nan,0,nan,nan
jsonpath_ng_1_7_0,5b594cd8ccd2d6796a11741896c3d9831e0f0e28,runtime_ns,0,nan,0,nan,nan
jsonpath_ng_1_8_0,5b594cd8ccd2d6796a11741896c3d9831e0f0e28,runtime_ns,0,nan,0,nan,nan
jsonpath_ng_1_5_2,562cd67ef6d78134e78b05fb53e5b5409d60791c,runtime_ns,0,nan,0,nan,nan
jsonpath_ng_1_5_3,562cd67ef6d78134e78b05fb53e5b5409d60791c,runtime_ns,0,nan,0,nan,nan
jsonpath_ng_1_6_0,562cd67ef6d78134e78b05fb53e5b5409d60791c,runtime_ns,0,nan,0,nan,nan
jsonpath_ng_1_6_1,562cd67ef6d78134e78b05fb53e5b5409d60791c,runtime_ns,0,nan,0,nan,nan
jsonpath_ng_1_7_0,562cd67ef6d78134e78b05fb53e5b5409d60791c,runtime_ns,0,nan,0,nan,nan
jsonpath_ng_1_8_0,562cd67ef6d78134e78b05fb53e5b5409d60791c,runtime_ns,0,nan,0,nan,nan
jsonpath_ng_1_5_2,f2c0d744d00b1b824cb080956dbf36c20ca6902e,runtime_ns,0,nan,0,nan,nan
jsonpath_ng_1_5_3,f2c0d744d00b1b824cb080956dbf36c20ca6902e,runtime_ns,0,nan,0,nan,nan
jsonpath_ng_1_6_0,f2c0d744d00b1b824cb080956dbf36c20ca6902e,runtime_ns,0,nan,0,nan,nan
jsonpath_ng_1_6_1,f2c0d744d00b1b824cb080956dbf36c20ca6902e,runtime_ns,0,nan,0,nan,nan
jsonpath_ng_1_7_0,f2c0d744d00b1b824cb080956dbf36c20ca6902e,runtime_ns,0,nan,0,nan,nan
jsonpath_ng_1_8_0,f2c0d744d00b1b824cb080956dbf36c20ca6902e,runtime_ns,0,nan,0,nan,nan
jsonpath_ng_1_5_2,f1fde2c9e107323afd49391cdb3296ea26812480,runtime_ns,0,nan,0,nan,nan
jsonpath_ng_1_5_3,f1fde2c9e107323afd49391cdb3296ea26812480,runtime_ns,0,nan,0,nan,nan
jsonpath_ng_1_6_0,f1fde2c9e107323afd49391cdb3296ea26812480,runtime_ns,0,nan,0,nan,nan
jsonpath_ng_1_6_1,f1fde2c9e107323afd49391cdb3296ea26812480,runtime_ns,0,nan,0,nan,nan
jsonpath_ng_1_7_0,f1fde2c9e107323afd49391cdb3296ea26812480,runtime_ns,0,nan,0,nan,nan
jsonpath_ng_1_8_0,f1fde2c9e107323afd49391cdb3296ea26812480,runtime_ns,0,nan,0,nan,nan
jsonpath_ng_1_5_2,2c18650a71b918d7f7edfb54a2590ccb3cf18ce1,runtime_ns,0,nan,0,nan,nan
jsonpath_ng_1_5_3,2c18650a71b918d7f7edfb54a2590ccb3cf18ce1,runtime_ns,0,nan,0,nan,nan
jsonpath_ng_1_6_0,2c18650a71b918d7f7edfb54a2590ccb3cf18ce1,runtime_ns,0,nan,0,nan,nan
jsonpath_ng_1_6_1,2c18650a71b918d7f7edfb54a2590ccb3cf18ce1,runtime_ns,0,nan,0,nan,nan
jsonpath_ng_1_7_0,2c18650a71b918d7f7edfb54a2590ccb3cf18ce1,runtime_ns,0,nan,0,nan,nan
jsonpath_ng_1_8_0,2c18650a71b918d7f7edfb54a2590ccb3cf18ce1,runtime_ns,0,nan,0,nan,nan
jsonpath_ng_1_5_2,83e707cc2c0d87de0a930646624b6834751dd30a,runtime_ns,0,nan,0,nan,nan
jsonpath_ng_1_5_3,83e707cc2c0d87de0a930646624b6834751dd30a,runtime_ns,0,nan,0,nan,nan
jsonpath_ng_1_6_0,83e707cc2c0d87de0a930646624b6834751dd30a,runtime_ns,0,nan,0,nan,nan
jsonpath_ng_1_6_1,83e707cc2c0d87de0a930646624b6834751dd30a,runtime_ns,0,nan,0,nan,nan
jsonpath_ng_1_7_0,83e707cc2c0d87de0a930646624b6834751dd30a,runtime_ns,0,nan,0,nan,nan
jsonpath_ng_1_8_0,83e707cc2c0d87de0a930646624b6834751dd30a,runtime_ns,0,nan,0,nan,nan
jsonpath_ng_1_5_2,31a98b1f44c04b7c800c3ef2c8fdf1ee8178cd28,runtime_ns,0,nan,0,nan,nan
jsonpath_ng_1_5_3,31a98b1f44c04b7c800c3ef2c8fdf1ee8178cd28,runtime_ns,0,nan,0,nan,nan
jsonpath_ng_1_6_0,31a98b1f44c04b7c800c3ef2c8fdf1ee8178cd28,runtime_ns,0,nan,0,nan,nan
jsonpath_ng_1_6_1,31a98b1f44c04b7c800c3ef2c8fdf1ee8178cd28,runtime_ns,0,nan,0,nan,nan
jsonpath_ng_1_7_0,31a98b1f44c04b7c800c3ef2c8fdf1ee8178cd28,runtime_ns,0,nan,0,nan,nan
jsonpath_ng_1_8_0,31a98b1f44c04b7c800c3ef2c8fdf1ee8178cd28,runtime_ns,0,nan,0,nan,nan
jsonpath_ng_1_5_2,b1447dea585bb84abaff7641d50e5f4418a81fd1,runtime_ns,0,nan,0,nan,nan
jsonpath_ng_1_5_3,b1447dea585bb84abaff7641d50e5f4418a81fd1,runtime_ns,0,nan,0,nan,nan
jsonpath_ng_1_6_0,b1447dea585bb84abaff7641d50e5f4418a81fd1,runtime_ns,0,nan,0,nan,nan
jsonpath_ng_1_6_1,b1447dea585bb84abaff7641d50e5f4418a81fd1,runtime_ns,0,nan,0,nan,nan
jsonpath_ng_1_7_0,b1447dea585bb84abaff7641d50e5f4418a81fd1,runtime_ns,0,nan,0,nan,nan
jsonpath_ng_1_8_0,b1447dea585bb84abaff7641d50e5f4418a81fd1,runtime_ns,0,nan,0,nan,nan
jsonpath_ng_1_5_2,587f099ff4522778a8ce62968847e03f2bc8ed59,runtime_ns,0,nan,0,nan,nan
jsonpath_ng_1_5_3,587f099ff4522778a8ce62968847e03f2bc8ed59,runtime_ns,0,nan,0,nan,nan
jsonpath_ng_1_6_0,587f099ff4522778a8ce62968847e03f2bc8ed59,runtime_ns,0,nan,0,nan,nan
jsonpath_ng_1_6_1,587f099ff4522778a8ce62968847e03f2bc8ed59,runtime_ns,0,nan,0,nan,nan
jsonpath_ng_1_7_0,587f099ff4522778a8ce62968847e03f2bc8ed59,runtime_ns,0,nan,0,nan,nan
jsonpath_ng_1_8_0,587f099ff4522778a8ce62968847e03f2bc8ed59,runtime_ns,0,nan,0,nan,nan
jsonpath_ng_1_5_2,918ffae3e934baa142c2f34110d1507e141b66c3,runtime_ns,0,nan,0,nan,nan
jsonpath_ng_1_5_3,918ffae3e934baa142c2f34110d1507e141b66c3,runtime_ns,0,nan,0,nan,nan
jsonpath_ng_1_6_0,918ffae3e934baa142c2f34110d1507e141b66c3,runtime_ns,0,nan,0,nan,nan
jsonpath_ng_1_6_1,918ffae3e934baa142c2f34110d1507e141b66c3,runtime_ns,0,nan,0,nan,nan
jsonpath_ng_1_7_0,918ffae3e934baa142c2f34110d1507e141b66c3,runtime_ns,0,nan,0,nan,nan
jsonpath_ng_1_8_0,918ffae3e934baa142c2f34110d1507e141b66c3,runtime_ns,0,nan,0,nan,nan
jsonpath_ng_1_5_2,68c21411379b566030353b9d30755c3df09ce366,runtime_ns,0,nan,0,nan,nan
jsonpath_ng_1_5_3,68c21411379b566030353b9d30755c3df09ce366,runtime_ns,0,nan,0,nan,nan
jsonpath_ng_1_6_0,68c21411379b566030353b9d30755c3df09ce366,runtime_ns,0,nan,0,nan,nan
jsonpath_ng_1_6_1,68c21411379b566030353b9d30755c3df09ce366,runtime_ns,0,nan,0,nan,nan
jsonpath_ng_1_7_0,68c21411379b566030353b9d30755c3df09ce366,runtime_ns,0,nan,0,nan,nan
jsonpath_ng_1_8_0,68c21411379b566030353b9d30755c3df09ce366,runtime_ns,0,nan,0,nan,nan
jsonpath_ng_1_5_2,7af54e4570df387842c1384823dd57ab5d440c08,runtime_ns,0,nan,0,nan,nan
jsonpath_ng_1_5_3,7af54e4570df387842c1384823dd57ab5d440c08,runtime_ns,0,nan,0,nan,nan
jsonpath_ng_1_6_0,7af54e4570df387842c1384823dd57ab5d440c08,runtime_ns,0,nan,0,nan,nan
jsonpath_ng_1_6_1,7af54e4570df387842c1384823dd57ab5d440c08,runtime_ns,0,nan,0,nan,nan
jsonpath_ng_1_7_0,7af54e4570df387842c1384823dd57ab5d440c08,runtime_ns,0,nan,0,nan,nan
jsonpath_ng_1_8_0,7af54e4570df387842c1384823dd57ab5d440c08,runtime_ns,0,nan,0,nan,nan
jsonpath_ng_1_5_2,7f094bcc46fc9f41e39e46969720a2276ee592b0,runtime_ns,0,nan,0,nan,nan
jsonpath_ng_1_5_3,7f094bcc46fc9f41e39e46969720a2276ee592b0,runtime_ns,0,nan,0,nan,nan
jsonpath_ng_1_6_0,7f094bcc46fc9f41e39e46969720a2276ee592b0,runtime_ns,0,nan,0,nan,nan
jsonpath_ng_1_6_1,7f094bcc46fc9f41e39e46969720a2276ee592b0,runtime_ns,0,nan,0,nan,nan
jsonpath_ng_1_7_0,7f094bcc46fc9f41e39e46969720a2276ee592b0,runtime_ns,0,nan,0,nan,nan
jsonpath_ng_1_8_0,7f094bcc46fc9f41e39e46969720a2276ee592b0,runtime_ns,0,nan,0,nan,nan
jsonpath_ng_1_5_2,c5032b2a8716bf60ee8de9b1214375d455c5a8b9,runtime_ns,0,nan,0,nan,nan
jsonpath_ng_1_5_3,c5032b2a8716bf60ee8de9b1214375d455c5a8b9,runtime_ns,0,nan,0,nan,nan
jsonpath_ng_1_6_0,c5032b2a8716bf60ee8de9b1214375d455c5a8b9,runtime_ns,0,nan,0,nan,nan
jsonpath_ng_1_6_1,c5032b2a8716bf60ee8de9b1214375d455c5a8b9,runtime_ns,0,nan,0,nan,nan
jsonpath_ng_1_7_0,c5032b2a8716bf60ee8de9b1214375d455c5a8b9,runtime_ns,0,nan,0,nan,nan
jsonpath_ng_1_8_0,c5032b2a8716bf60ee8de9b1214375d455c5a8b9,runtime_ns,0,nan,0,nan,nan
jsonpath_ng_1_5_2,2ee21c7614ab5ee04c20b0367efe2dcca8c426ff,runtime_ns,0,nan,0,nan,nan
jsonpath_ng_1_5_3,2ee21c7614ab5ee04c20b0367efe2dcca8c426ff,runtime_ns,0,nan,0,nan,nan
jsonpath_ng_1_6_0,2ee21c7614ab5ee04c20b0367efe2dcca8c426ff,runtime_ns,0,nan,0,nan,nan
jsonpath_ng_1_6_1,2ee21c7614ab5ee04c20b0367efe2dcca8c426ff,runtime_ns,0,nan,0,nan,nan
jsonpath_ng_1_7_0,2ee21c7614ab5ee04c20b0367efe2dcca8c426ff,runtime_ns,0,nan,0,nan,nan
jsonpath_ng_1_8_0,2ee21c7614ab5ee04c20b0367efe2dcca8c426ff,runtime_ns,0,nan,0,nan,nan
jsonpath_ng_1_5_2,c24e2739bffb1f2817a6f66c6cdf027e7476f89d,runtime_ns,0,nan,0,nan,nan
jsonpath_ng_1_5_3,c24e2739bffb1f2817a6f66c6cdf027e7476f89d,runtime_ns,0,nan,0,nan,nan
jsonpath_ng_1_6_0,c24e2739bffb1f2817a6f66c6cdf027e7476f89d,runtime_ns,0,nan,0,nan,nan
jsonpath_ng_1_6_1,c24e2739bffb1f2817a6f66c6cdf027e7476f89d,runtime_ns,0,nan,0,nan,nan
jsonpath_ng_1_7_0,c24e2739bffb1f2817a6f66c6cdf027e7476f89d,runtime_ns,0,nan,0,nan,nan
jsonpath_ng_1_8_0,c24e2739bffb1f2817a6f66c6cdf027e7476f89d,runtime_ns,0,nan,0,nan,nan
jsonpath_ng_1_5_2,844d0c8fa9330dee173edad7e25713fe95973d15,runtime_ns,0,nan,0,nan,nan
jsonpath_ng_1_5_3,844d0c8fa9330dee173edad7e25713fe95973d15,runtime_ns,0,nan,0,nan,nan
jsonpath_ng_1_6_0,844d0c8fa9330dee173edad7e25713fe95973d15,runtime_ns,0,nan,0,nan,nan
jsonpath_ng_1_6_1,844d0c8fa9330dee173edad7e25713fe95973d15,runtime_ns,0,nan,0,nan,nan
jsonpath_ng_1_7_0,844d0c8fa9330dee173edad7e25713fe95973d15,runtime_ns,0,nan,0,nan,nan
jsonpath_ng_1_8_0,844d0c8fa9330dee173edad7e25713fe95973d15,runtime_ns,0,nan,0,nan,nan
jsonpath_ng_1_5_2,047a8fe4b345fdd9d6036b4e1a39693085c78363,runtime_ns,0,nan,0,nan,nan
jsonpath_ng_1_5_3,047a8fe4b345fdd9d6036b4e1a39693085c78363,runtime_ns,0,nan,0,nan,nan
jsonpath_ng_1_6_0,047a8fe4b345fdd9d6036b4e1a39693085c78363,runtime_ns,0,nan,0,nan,nan
jsonpath_ng_1_6_1,047a8fe4b345fdd9d6036b4e1a39693085c78363,runtime_ns,0,nan,0,nan,nan
jsonpath_ng_1_7_0,047a8fe4b345fdd9d6036b4e1a39693085c78363,runtime_ns,0,nan,0,nan,nan
jsonpath_ng_1_8_0,047a8fe4b345fdd9d6036b4e1a39693085c78363,runtime_ns,0,nan,0,nan,nan
jsonpath_ng_1_5_2,6a772f1dd89f946534206510a8090c9735431966,runtime_ns,0,nan,0,nan,nan
jsonpath_ng_1_5_3,6a772f1dd89f946534206510a8090c9735431966,runtime_ns,0,nan,0,nan,nan
jsonpath_ng_1_6_0,6a772f1dd89f946534206510a8090c9735431966,runtime_ns,0,nan,0,nan,nan
jsonpath_ng_1_6_1,6a772f1dd89f946534206510a8090c9735431966,runtime_ns,0,nan,0,nan,nan
jsonpath_ng_1_7_0,6a772f1dd89f946534206510a8090c9735431966,runtime_ns,0,nan,0,nan,nan
jsonpath_ng_1_8_0,6a772f1dd89f946534206510a8090c9735431966,runtime_ns,0,nan,0,nan,nan
jsonpath_ng_1_5_2,6dc69081d0bfada4900240a9a9b0c951775cd4b2,runtime_ns,0,nan,0,nan,nan
jsonpath_ng_1_5_3,6dc69081d0bfada4900240a9a9b0c951775cd4b2,runtime_ns,0,nan,0,nan,nan
jsonpath_ng_1_6_0,6dc69081d0bfada4900240a9a9b0c951775cd4b2,runtime_ns,0,nan,0,nan,nan
jsonpath_ng_1_6_1,6dc69081d0bfada4900240a9a9b0c951775cd4b2,runtime_ns,0,nan,0,nan,nan
jsonpath_ng_1_7_0,6dc69081d0bfada4900240a9a9b0c951775cd4b2,runtime_ns,0,nan,0,nan,nan
jsonpath_ng_1_8_0,6dc69081d0bfada4900240a9a9b0c951775cd4b2,runtime_ns,0,nan,0,nan,nan
jsonpath_ng_1_5_2,59fd5b2084a31d7cb71e01e28c089c8ed9ad81ba,runtime_ns,0,nan,0,nan,nan
jsonpath_ng_1_5_3,59fd5b2084a31d7cb71e01e28c089c8ed9ad81ba,runtime_ns,0,nan,0,nan,nan
jsonpath_ng_1_6_0,59fd5b2084a31d7cb71e01e28c089c8ed9ad81ba,runtime_ns,0,nan,0,nan,nan
jsonpath_ng_1_6_1,59fd5b2084a31d7cb71e01e28c089c8ed9ad81ba,runtime_ns,0,nan,0,nan,nan
jsonpath_ng_1_7_0,59fd5b2084a31d7cb71e01e28c089c8ed9ad81ba,runtime_ns,0,nan,0,nan,nan
jsonpath_ng_1_8_0,59fd5b2084a31d7cb71e01e28c089c8ed9ad81ba,runtime_ns,0,nan,0,nan,nan
jsonpath_ng_1_5_2,1faa8be80730f15e95c87f0824564c7200faeaa9,runtime_ns,4,20025.75,461.5960535648747,19291.247672399462,20760.252327600538
jsonpath_ng_1_5_3,1faa8be80730f15e95c87f0824564c7200faeaa9,runtime_ns,3,21229.333333333332,90.7914276423349,21003.794924023357,21454.871742643307
jsonpath_ng_1_6_0,1faa8be80730f15e95c87f0824564c7200faeaa9,runtime_ns,3,21250.333333333332,130.1041249666333,20927.13677004944,21573.529896617223
jsonpath_ng_1_6_1,1faa8be80730f15e95c87f0824564c7200faeaa9,runtime_ns,3,21298.5,73.03937294363911,21117.06013922811,21479.93986077189
jsonpath_ng_1_7_0,1faa8be80730f15e95c87f0824564c7200faeaa9,runtime_ns,3,21354.166666666668,75.02388508557347,21167.79700444357,21540.536328889764
jsonpath_ng_1_8_0,1faa8be80730f15e95c87f0824564c7200faeaa9,runtime_ns,3,22465.166666666668,93.9552198301581,22231.76896187078,22698.564371462555
jsonpath_ng_1_5_2,06a5c6a19fed6e81e2b7543a0d56c48a57e0a72a,runtime_ns,0,nan,0,nan,nan
jsonpath_ng_1_5_3,06a5c6a19fed6e81e2b7543a0d56c48a57e0a72a,runtime_ns,0,nan,0,nan,nan
jsonpath_ng_1_6_0,06a5c6a19fed6e81e2b7543a0d56c48a57e0a72a,runtime_ns,0,nan,0,nan,nan
jsonpath_ng_1_6_1,06a5c6a19fed6e81e2b7543a0d56c48a57e0a72a,runtime_ns,0,nan,0,nan,nan
jsonpath_ng_1_7_0,06a5c6a19fed6e81e2b7543a0d56c48a57e0a72a,runtime_ns,0,nan,0,nan,nan
jsonpath_ng_1_8_0,06a5c6a19fed6e81e2b7543a0d56c48a57e0a72a,runtime_ns,0,nan,0,nan,nan
jsonpath_ng_1_5_2,40aa17542f36756dcb86c34ddebed9da7bfbacfc,runtime_ns,0,nan,0,nan,nan
jsonpath_ng_1_5_3,40aa17542f36756dcb86c34ddebed9da7bfbacfc,runtime_ns,0,nan,0,nan,nan
jsonpath_ng_1_6_0,40aa17542f36756dcb86c34ddebed9da7bfbacfc,runtime_ns,0,nan,0,nan,nan
jsonpath_ng_1_6_1,40aa17542f36756dcb86c34ddebed9da7bfbacfc,runtime_ns,0,nan,0,nan,nan
jsonpath_ng_1_7_0,40aa17542f36756dcb86c34ddebed9da7bfbacfc,runtime_ns,0,nan,0,nan,nan
jsonpath_ng_1_8_0,40aa17542f36756dcb86c34ddebed9da7bfbacfc,runtime_ns,0,nan,0,nan,nan
jsonpath_ng_1_5_2,fe6fbcbb46766955c6f42edc5ed776860f145167,runtime_ns,0,nan,0,nan,nan
jsonpath_ng_1_5_3,fe6fbcbb46766955c6f42edc5ed776860f145167,runtime_ns,0,nan,0,nan,nan
jsonpath_ng_1_6_0,fe6fbcbb46766955c6f42edc5ed776860f145167,runtime_ns,0,nan,0,nan,nan
jsonpath_ng_1_6_1,fe6fbcbb46766955c6f42edc5ed776860f145167,runtime_ns,0,nan,0,nan,nan
jsonpath_ng_1_7_0,fe6fbcbb46766955c6f42edc5ed776860f145167,runtime_ns,0,nan,0,nan,nan
jsonpath_ng_1_8_0,fe6fbcbb46766955c6f42edc5ed776860f145167,runtime_ns,0,nan,0,nan,nan
jsonpath_ng_1_5_2,b83827a5b9ad4e0ed57a3c0cce7b9963a23d7f35,runtime_ns,0,nan,0,nan,nan
jsonpath_ng_1_5_3,b83827a5b9ad4e0ed57a3c0cce7b9963a23d7f35,runtime_ns,0,nan,0,nan,nan
jsonpath_ng_1_6_0,b83827a5b9ad4e0ed57a3c0cce7b9963a23d7f35,runtime_ns,0,nan,0,nan,nan
jsonpath_ng_1_6_1,b83827a5b9ad4e0ed57a3c0cce7b9963a23d7f35,runtime_ns,0,nan,0,nan,nan
jsonpath_ng_1_7_0,b83827a5b9ad4e0ed57a3c0cce7b9963a23d7f35,runtime_ns,0,nan,0,nan,nan
jsonpath_ng_1_8_0,b83827a5b9ad4e0ed57a3c0cce7b9963a23d7f35,runtime_ns,0,nan,0,nan,nan
jsonpath_ng_1_5_2,0dd71af14852b25f1ba5c21f501a5b4cf408bce6,runtime_ns,0,nan,0,nan,nan
jsonpath_ng_1_5_3,0dd71af14852b25f1ba5c21f501a5b4cf408bce6,runtime_ns,0,nan,0,nan,nan
jsonpath_ng_1_6_0,0dd71af14852b25f1ba5c21f501a5b4cf408bce6,runtime_ns,0,nan,0,nan,nan
jsonpath_ng_1_6_1,0dd71af14852b25f1ba5c21f501a5b4cf408bce6,runtime_ns,0,nan,0,nan,nan
jsonpath_ng_1_7_0,0dd71af14852b25f1ba5c21f501a5b4cf408bce6,runtime_ns,0,nan,0,nan,nan
jsonpath_ng_1_8_0,0dd71af14852b25f1ba5c21f501a5b4cf408bce6,runtime_ns,0,nan,0,nan,nan
jsonpath_ng_1_5_2,3bba11c1f0f417add59f6248ea9a18cb422f5df6,runtime_ns,0,nan,0,nan,nan
jsonpath_ng_1_5_3,3bba11c1f0f417add59f6248ea9a18cb422f5df6,runtime_ns,0,nan,0,nan,nan
jsonpath_ng_1_6_0,3bba11c1f0f417add59f6248ea9a18cb422f5df6,runtime_ns,0,nan,0,nan,nan
jsonpath_ng_1_6_1,3bba11c1f0f417add59f6248ea9a18cb422f5df6,runtime_ns,0,nan,0,nan,nan
jsonpath_ng_1_7_0,3bba11c1f0f417add59f6248ea9a18cb422f5df6,runtime_ns,0,nan,0,nan,nan
jsonpath_ng_1_8_0,3bba11c1f0f417add59f6248ea9a18cb422f5df6,runtime_ns,0,nan,0,nan,nan
jsonpath_ng_1_5_2,0669bb8f7f219ec0b73c5fc7e8c2998d487aba0c,runtime_ns,0,nan,0,nan,nan
jsonpath_ng_1_5_3,0669bb8f7f219ec0b73c5fc7e8c2998d487aba0c,runtime_ns,0,nan,0,nan,nan
jsonpath_ng_1_6_0,0669bb8f7f219ec0b73c5fc7e8c2998d487aba0c,runtime_ns,0,nan,0,nan,nan
jsonpath_ng_1_6_1,0669bb8f7f219ec0b73c5fc7e8c2998d487aba0c,runtime_ns,0,nan,0,nan,nan
jsonpath_ng_1_7_0,0669bb8f7f219ec0b73c5fc7e8c2998d487aba0c,runtime_ns,0,nan,0,nan,nan
jsonpath_ng_1_8_0,0669bb8f7f219ec0b73c5fc7e8c2998d487aba0c,runtime_ns,0,nan,0,nan,nan
jsonpath_ng_1_5_2,c38159189466c09d92b97a793c3d3d7167d8c523,runtime_ns,0,nan,0,nan,nan
jsonpath_ng_1_5_3,c38159189466c09d92b97a793c3d3d7167d8c523,runtime_ns,0,nan,0,nan,nan
jsonpath_ng_1_6_0,c38159189466c09d92b97a793c3d3d7167d8c523,runtime_ns,0,nan,0,nan,nan
jsonpath_ng_1_6_1,c38159189466c09d92b97a793c3d3d7167d8c523,runtime_ns,0,nan,0,nan,nan
jsonpath_ng_1_7_0,c38159189466c09d92b97a793c3d3d7167d8c523,runtime_ns,0,nan,0,nan,nan
jsonpath_ng_1_8_0,c38159189466c09d92b97a793c3d3d7167d8c523,runtime_ns,0,nan,0,nan,nan
jsonpath_ng_1_5_2,256053e051ffe52eff34193b5392f7463f8a3b6f,runtime_ns,0,nan,0,nan,nan
jsonpath_ng_1_5_3,256053e051ffe52eff34193b5392f7463f8a3b6f,runtime_ns,0,nan,0,nan,nan
jsonpath_ng_1_6_0,256053e051ffe52eff34193b5392f7463f8a3b6f,runtime_ns,0,nan,0,nan,nan
jsonpath_ng_1_6_1,256053e051ffe52eff34193b5392f7463f8a3b6f,runtime_ns,0,nan,0,nan,nan
jsonpath_ng_1_7_0,256053e051ffe52eff34193b5392f7463f8a3b6f,runtime_ns,0,nan,0,nan,nan
jsonpath_ng_1_8_0,256053e051ffe52eff34193b5392f7463f8a3b6f,runtime_ns,0,nan,0,nan,nan
jsonpath_ng_1_5_2,dc1a867face723ef064cbe6d50a0241db586c0a6,runtime_ns,0,nan,0,nan,nan
jsonpath_ng_1_5_3,dc1a867face723ef064cbe6d50a0241db586c0a6,runtime_ns,0,nan,0,nan,nan
jsonpath_ng_1_6_0,dc1a867face723ef064cbe6d50a0241db586c0a6,runtime_ns,0,nan,0,nan,nan
jsonpath_ng_1_6_1,dc1a867face723ef064cbe6d50a0241db586c0a6,runtime_ns,0,nan,0,nan,nan
jsonpath_ng_1_7_0,dc1a867face723ef064cbe6d50a0241db586c0a6,runtime_ns,0,nan,0,nan,nan
jsonpath_ng_1_8_0,dc1a867face723ef064cbe6d50a0241db586c0a6,runtime_ns,0,nan,0,nan,nan
jsonpath_ng_1_5_2,0f2ebcf80533c6e9ad55c3954fa320056167f8cb,runtime_ns,0,nan,0,nan,nan
jsonpath_ng_1_5_3,0f2ebcf80533c6e9ad55c3954fa320056167f8cb,runtime_ns,0,nan,0,nan,nan
jsonpath_ng_1_6_0,0f2ebcf80533c6e9ad55c3954fa320056167f8cb,runtime_ns,0,nan,0,nan,nan
jsonpath_ng_1_6_1,0f2ebcf80533c6e9ad55c3954fa320056167f8cb,runtime_ns,0,nan,0,nan,nan
jsonpath_ng_1_7_0,0f2ebcf80533c6e9ad55c3954fa320056167f8cb,runtime_ns,0,nan,0,nan,nan
jsonpath_ng_1_8_0,0f2ebcf80533c6e9ad55c3954fa320056167f8cb,runtime_ns,0,nan,0,nan,nan
jsonpath_ng_1_5_2,d89b86a2ae9ad7b299979a14609779fbec9cd820,runtime_ns,0,nan,0,nan,nan
jsonpath_ng_1_5_3,d89b86a2ae9ad7b299979a14609779fbec9cd820,runtime_ns,0,nan,0,nan,nan
jsonpath_ng_1_6_0,d89b86a2ae9ad7b299979a14609779fbec9cd820,runtime_ns,0,nan,0,nan,nan
jsonpath_ng_1_6_1,d89b86a2ae9ad7b299979a14609779fbec9cd820,runtime_ns,0,nan,0,nan,nan
jsonpath_ng_1_7_0,d89b86a2ae9ad7b299979a14609779fbec9cd820,runtime_ns,0,nan,0,nan,nan
jsonpath_ng_1_8_0,d89b86a2ae9ad7b299979a14609779fbec9cd820,runtime_ns,0,nan,0,nan,nan
jsonpath_ng_1_5_2,ee1eacc29bc1ab615b8bc5304e07dfac8affa243,runtime_ns,6,520.8333333333334,51.03103630798288,467.2795450909101,574.3871215757566
jsonpath_ng_1_5_3,ee1eacc29bc1ab615b8bc5304e07dfac8affa243,runtime_ns,3,500.0,0.0,500.0,500.0
jsonpath_ng_1_6_0,ee1eacc29bc1ab615b8bc5304e07dfac8affa243,runtime_ns,3,500.0,0.0,500.0,500.0
jsonpath_ng_1_6_1,ee1eacc29bc1ab615b8bc5304e07dfac8affa243,runtime_ns,3,500.0,0.0,500.0,500.0
jsonpath_ng_1_7_0,ee1eacc29bc1ab615b8bc5304e07dfac8affa243,runtime_ns,5,508.2,18.335757415498275,485.4331501373781,530.9668498626219
jsonpath_ng_1_8_0,ee1eacc29bc1ab615b8bc5304e07dfac8affa243,runtime_ns,3,500.0,0.0,500.0,500.0
jsonpath_ng_1_5_2,bea990867737135423c1c665e1fc58315c2f5ea8,runtime_ns,3,60680.5,300.94393165505096,59932.913830253274,61428.086169746726
jsonpath_ng_1_5_3,bea990867737135423c1c665e1fc58315c2f5ea8,runtime_ns,3,65618.33333333333,188.942010504105,65148.97535970616,66087.6913069605
jsonpath_ng_1_6_0,bea990867737135423c1c665e1fc58315c2f5ea8,runtime_ns,3,65687.66666666667,724.3891104464046,63888.18435942548,67487.14897390785
jsonpath_ng_1_6_1,bea990867737135423c1c665e1fc58315c2f5ea8,runtime_ns,3,65500.166666666664,130.1041249666333,65176.97010338277,65823.36322995056
jsonpath_ng_1_7_0,bea990867737135423c1c665e1fc58315c2f5ea8,runtime_ns,5,66495.9,2145.3682492756343,63832.073481985004,69159.72651801498
jsonpath_ng_1_8_0,bea990867737135423c1c665e1fc58315c2f5ea8,runtime_ns,3,69173.5,106.93572836054375,68907.85692444608,69439.14307555392
jsonpath_ng_1_5_2,d3910b5a984a49f11f2104b18c8998b986e1f704,runtime_ns,0,nan,0,nan,nan
jsonpath_ng_1_5_3,d3910b5a984a49f11f2104b18c8998b986e1f704,runtime_ns,0,nan,0,nan,nan
jsonpath_ng_1_6_0,d3910b5a984a49f11f2104b18c8998b986e1f704,runtime_ns,0,nan,0,nan,nan
jsonpath_ng_1_6_1,d3910b5a984a49f11f2104b18c8998b986e1f704,runtime_ns,3,60638.833333333336,157.57881625819294,60247.38585329338,61030.28081337329
jsonpath_ng_1_7_0,d3910b5a984a49f11f2104b18c8998b986e1f704,runtime_ns,3,61118.0,536.0781193072518,59786.30812738466,62449.69187261534
jsonpath_ng_1_8_0,d3910b5a984a49f11f2104b18c8998b986e1f704,runtime_ns,3,63812.833333333336,308.30517889476545,63046.96081171292,64578.705854953754
jsonpath_ng_1_5_2,3ece92d12b58745872acf5ad60b67ad657a074ae,runtime_ns,0,nan,0,nan,nan
jsonpath_ng_1_5_3,3ece92d12b58745872acf5ad60b67ad657a074ae,runtime_ns,0,nan,0,nan,nan
jsonpath_ng_1_6_0,3ece92d12b58745872acf5ad60b67ad657a074ae,runtime_ns,0,nan,0,nan,nan
jsonpath_ng_1_6_1,3ece92d12b58745872acf5ad60b67ad657a074ae,runtime_ns,0,nan,0,nan,nan
jsonpath_ng_1_7_0,3ece92d12b58745872acf5ad60b67ad657a074ae,runtime_ns,0,nan,0,nan,nan
jsonpath_ng_1_8_0,3ece92d12b58745872acf5ad60b67ad657a074ae,runtime_ns,0,nan,0,nan,nan
jsonpath_ng_1_5_2,5facbafc8ec9d9777ed3f84a9ef6640f9656c7dd,runtime_ns,0,nan,0,nan,nan
jsonpath_ng_1_5_3,5facbafc8ec9d9777ed3f84a9ef6640f9656c7dd,runtime_ns,0,nan,0,nan,nan
jsonpath_ng_1_6_0,5facbafc8ec9d9777ed3f84a9ef6640f9656c7dd,runtime_ns,0,nan,0,nan,nan
jsonpath_ng_1_6_1,5facbafc8ec9d9777ed3f84a9ef6640f9656c7dd,runtime_ns,3,12278.0,24.24871130596428,12217.762861783507,12338.237138216493
jsonpath_ng_1_7_0,5facbafc8ec9d9777ed3f84a9ef6640f9656c7dd,runtime_ns,3,12249.833333333334,41.750249500252494,12146.11996407477,12353.546702591897
jsonpath_ng_1_8_0,5facbafc8ec9d9777ed3f84a9ef6640f9656c7dd,runtime_ns,3,12798.666666666666,32.02473002748553,12719.112827096766,12878.220506236567
jsonpath_ng_1_5_2,53be84bef426fd8ea520ff7f2eca86c483117333,runtime_ns,3,1222.6666666666667,23.671361036774655,1163.8637460267573,1281.4695873065762
jsonpath_ng_1_5_3,53be84bef426fd8ea520ff7f2eca86c483117333,runtime_ns,3,1104.5,20.5,1053.5751769091182,1155.4248230908818
jsonpath_ng_1_6_0,53be84bef426fd8ea520ff7f2eca86c483117333,runtime_ns,6,1166.6666666666667,112.40447796536697,1048.7054014059079,1284.6279319274256
jsonpath_ng_1_6_1,53be84bef426fd8ea520ff7f2eca86c483117333,runtime_ns,4,1094.0,20.672042311618206,1061.106167661361,1126.893832338639
jsonpath_ng_1_7_0,53be84bef426fd8ea520ff7f2eca86c483117333,runtime_ns,3,1083.6666666666667,0.28867513459481287,1082.9495578783751,1084.3837754549584
jsonpath_ng_1_8_0,53be84bef426fd8ea520ff7f2eca86c483117333,runtime_ns,5,1133.5,34.66266002487403,1090.4606229651372,1176.5393770348628
jsonpath_ng_1_5_2,8331ca195d53391a60911644ee59921a79047834,runtime_ns,3,27381.833333333332,543.3797781785161,26032.00313455755,28731.663532109113
jsonpath_ng_1_5_3,8331ca195d53391a60911644ee59921a79047834,runtime_ns,3,28687.666666666668,55.277331098139435,28550.35016388087,28824.983169452466
jsonpath_ng_1_6_0,8331ca195d53391a60911644ee59921a79047834,runtime_ns,3,28840.166666666668,63.392297113555784,28682.691470772403,28997.641862560933
jsonpath_ng_1_6_1,8331ca195d53391a60911644ee59921a79047834,runtime_ns,3,28833.333333333332,199.06929279357308,28338.81779585335,29327.848870813315
jsonpath_ng_1_7_0,8331ca195d53391a60911644ee59921a79047834,runtime_ns,3,28583.5,21.0,28531.333108053244,28635.666891946756
jsonpath_ng_1_8_0,8331ca195d53391a60911644ee59921a79047834,runtime_ns,3,30034.666666666668,31.80539786472311,29955.657678393687,30113.67565493965
jsonpath_ng_1_5_2,eeb94f5bd17b74f72aa5294d67b8c19bf8bc2d51,runtime_ns,0,nan,0,nan,nan
jsonpath_ng_1_5_3,eeb94f5bd17b74f72aa5294d67b8c19bf8bc2d51,runtime_ns,0,nan,0,nan,nan
jsonpath_ng_1_6_0,eeb94f5bd17b74f72aa5294d67b8c19bf8bc2d51,runtime_ns,0,nan,0,nan,nan
jsonpath_ng_1_6_1,eeb94f5bd17b74f72aa5294d67b8c19bf8bc2d51,runtime_ns,0,nan,0,nan,nan
jsonpath_ng_1_7_0,eeb94f5bd17b74f72aa5294d67b8c19bf8bc2d51,runtime_ns,0,nan,0,nan,nan
jsonpath_ng_1_8_0,eeb94f5bd17b74f72aa5294d67b8c19bf8bc2d51,runtime_ns,0,nan,0,nan,nan
jsonpath_ng_1_5_2,2b2660e00f889756c70fcde765bc8b0d3a5b965b,runtime_ns,5,1233.4,37.40053475553525,1186.9611024804833,1279.8388975195169
jsonpath_ng_1_5_3,2b2660e00f889756c70fcde765bc8b0d3a5b965b,runtime_ns,4,1104.5,23.671361036774655,1066.8335822637398,1142.1664177362602
jsonpath_ng_1_6_0,2b2660e00f889756c70fcde765bc8b0d3a5b965b,runtime_ns,3,1145.5,20.5,1094.5751769091182,1196.4248230908818
jsonpath_ng_1_6_1,2b2660e00f889756c70fcde765bc8b0d3a5b965b,runtime_ns,3,1125.0,0.0,1125.0,1125.0
jsonpath_ng_1_7_0,2b2660e00f889756c70fcde765bc8b0d3a5b965b,runtime_ns,4,1104.375,23.816573361142165,1066.4775170511573,1142.2724829488427
jsonpath_ng_1_8_0,2b2660e00f889756c70fcde765bc8b0d3a5b965b,runtime_ns,4,1119.875,25.795267653841726,1078.8289728806135,1160.9210271193865
jsonpath_ng_1_5_2,a95e769823efc993f9b422cc4fb7c01e02da0238,runtime_ns,3,26944.666666666668,63.72074492136241,26786.375561186687,27102.95777214665
jsonpath_ng_1_5_3,a95e769823efc993f9b422cc4fb7c01e02da0238,runtime_ns,3,28791.833333333332,41.750249500252494,28688.11996407477,28895.546702591895
jsonpath_ng_1_6_0,a95e769823efc993f9b422cc4fb7c01e02da0238,runtime_ns,3,28756.833333333332,122.29506667618827,28453.03554624199,29060.631120424674
jsonpath_ng_1_6_1,a95e769823efc993f9b422cc4fb7c01e02da0238,runtime_ns,3,28729.166666666668,83.50049900050499,28521.73992814954,28936.593405183794
jsonpath_ng_1_7_0,a95e769823efc993f9b422cc4fb7c01e02da0238,runtime_ns,3,28958.333333333332,288.6751345948129,28241.224545041754,29675.44212162491
jsonpath_ng_1_8_0,a95e769823efc993f9b422cc4fb7c01e02da0238,runtime_ns,3,30131.833333333332,84.82973142320641,29921.104598427293,30342.56206823937
jsonpath_ng_1_5_2,0c017ed2e589ea129f26d589cd5d455e6339a241,runtime_ns,3,60812.5,240.01614529027,60216.26684205549,61408.73315794451
jsonpath_ng_1_5_3,0c017ed2e589ea129f26d589cd5d455e6339a241,runtime_ns,5,64783.3,2249.2331359821283,61990.50819148404,67576.09180851596
jsonpath_ng_1_6_0,0c017ed2e589ea129f26d589cd5d455e6339a241,runtime_ns,3,65326.333333333336,67.32446311210609,65159.09009559321,65493.57657107346
jsonpath_ng_1_6_1,0c017ed2e589ea129f26d589cd5d455e6339a241,runtime_ns,3,65257.166666666664,153.66305129514166,64875.44648604178,65638.88684729155
jsonpath_ng_1_7_0,0c017ed2e589ea129f26d589cd5d455e6339a241,runtime_ns,3,65451.5,31.58718094417417,65373.0330926087,65529.9669073913
jsonpath_ng_1_8_0,0c017ed2e589ea129f26d589cd5d455e6339a241,runtime_ns,3,69465.16666666667,589.1859497080131,68001.54762976356,70928.78570356978
jsonpath_ng_1_5_2,9f692d4354697feff3115d81e35c93010ade4a56,runtime_ns,4,27234.25,735.2873021252758,26064.243821014694,28404.256178985306
jsonpath_ng_1_5_3,9f692d4354697feff3115d81e35c93010ade4a56,runtime_ns,3,28743.0,114.66036804406308,28458.16785569857,29027.83214430143
jsonpath_ng_1_6_0,9f692d4354697feff3115d81e35c93010ade4a56,runtime_ns,3,28812.666666666668,157.28821740147396,28421.941074205683,29203.392259127653
jsonpath_ng_1_6_1,9f692d4354697feff3115d81e35c93010ade4a56,runtime_ns,3,28770.666666666668,104.25009992001607,28511.695062001614,29029.63827133172
jsonpath_ng_1_7_0,9f692d4354697feff3115d81e35c93010ade4a56,runtime_ns,3,28889.0,12.12435565298214,28858.881430891754,28919.118569108246
jsonpath_ng_1_8_0,9f692d4354697feff3115d81e35c93010ade4a56,runtime_ns,3,30076.333333333332,177.18234486915827,29636.187988587502,30516.478678079162
jsonpath_ng_1_5_2,4f75a7542f8e5452d7478752d09af607bcc146c2,runtime_ns,0,nan,0,nan,nan
jsonpath_ng_1_5_3,4f75a7542f8e5452d7478752d09af607bcc146c2,runtime_ns,0,nan,0,nan,nan
jsonpath_ng_1_6_0,4f75a7542f8e5452d7478752d09af607bcc146c2,runtime_ns,0,nan,0,nan,nan
jsonpath_ng_1_6_1,4f75a7542f8e5452d7478752d09af607bcc146c2,runtime_ns,3,1652.5,11.6940155635265,1623.4504549368485,1681.5495450631515
jsonpath_ng_1_7_0,4f75a7542f8e5452d7478752d09af607bcc146c2,runtime_ns,3,1632.0,12.12435565298214,1601.8814308917538,1662.1185691082462
jsonpath_ng_1_8_0,4f75a7542f8e5452d7478752d09af607bcc146c2,runtime_ns,3,1667.0,0.0,1667.0,1667.0
jsonpath_ng_1_5_2,785c725f97d2b24422b042c4a33cbb448c42afeb,runtime_ns,3,26326.166666666668,232.17252923921325,25749.418131151084,26902.915202182252
jsonpath_ng_1_5_3,785c725f97d2b24422b042c4a33cbb448c42afeb,runtime_ns,3,28264.0,24.24871130596428,28203.762861783507,28324.237138216493
jsonpath_ng_1_6_0,785c725f97d2b24422b042c4a33cbb448c42afeb,runtime_ns,3,28194.666666666668,104.93609166217948,27933.99096404496,28455.342369288377
jsonpath_ng_1_6_1,785c725f97d2b24422b042c4a33cbb448c42afeb,runtime_ns,3,28430.5,312.63517076618234,27653.87118228022,29207.12881771978
jsonpath_ng_1_7_0,785c725f97d2b24422b042c4a33cbb448c42afeb,runtime_ns,3,28083.333333333332,126.5872558093165,27768.873157350423,28397.79350931624
jsonpath_ng_1_8_0,785c725f97d2b24422b042c4a33cbb448c42afeb,runtime_ns,3,29944.333333333332,248.93088063423014,29325.95474513062,30562.711921536044
jsonpath_ng_1_5_2,d69d8eb25658e3534669aebd06e11a5ef5f080a0,runtime_ns,0,nan,0,nan,nan
jsonpath_ng_1_5_3,d69d8eb25658e3534669aebd06e11a5ef5f080a0,runtime_ns,0,nan,0,nan,nan
jsonpath_ng_1_6_0,d69d8eb25658e3534669aebd06e11a5ef5f080a0,runtime_ns,0,nan,0,nan,nan
jsonpath_ng_1_6_1,d69d8eb25658e3534669aebd06e11a5ef5f080a0,runtime_ns,0,nan,0,nan,nan
jsonpath_ng_1_7_0,d69d8eb25658e3534669aebd06e11a5ef5f080a0,runtime_ns,0,nan,0,nan,nan
jsonpath_ng_1_8_0,d69d8eb25658e3534669aebd06e11a5ef5f080a0,runtime_ns,0,nan,0,nan,nan
jsonpath_ng_1_5_2,b82663aa3a974ba99784b222873841414f26bc31,runtime_ns,0,nan,0,nan,nan
jsonpath_ng_1_5_3,b82663aa3a974ba99784b222873841414f26bc31,runtime_ns,0,nan,0,nan,nan
jsonpath_ng_1_6_0,b82663aa3a974ba99784b222873841414f26bc31,runtime_ns,0,nan,0,nan,nan
jsonpath_ng_1_6_1,b82663aa3a974ba99784b222873841414f26bc31,runtime_ns,0,nan,0,nan,nan
jsonpath_ng_1_7_0,b82663aa3a974ba99784b222873841414f26bc31,runtime_ns,0,nan,0,nan,nan
jsonpath_ng_1_8_0,b82663aa3a974ba99784b222873841414f26bc31,runtime_ns,0,nan,0,nan,nan
jsonpath_ng_1_5_2,365eca16887cc970b122090a0b320c825fad2515,runtime_ns,0,nan,0,nan,nan
jsonpath_ng_1_5_3,365eca16887cc970b122090a0b320c825fad2515,runtime_ns,0,nan,0,nan,nan
jsonpath_ng_1_6_0,365eca16887cc970b122090a0b320c825fad2515,runtime_ns,0,nan,0,nan,nan
jsonpath_ng_1_6_1,365eca16887cc970b122090a0b320c825fad2515,runtime_ns,0,nan,0,nan,nan
jsonpath_ng_1_7_0,365eca16887cc970b122090a0b320c825fad2515,runtime_ns,0,nan,0,nan,nan
jsonpath_ng_1_8_0,365eca16887cc970b122090a0b320c825fad2515,runtime_ns,0,nan,0,nan,nan
jsonpath_ng_1_5_2,9fe048ec71460f4da01e396b0224fda3f0ca2dbc,runtime_ns,0,nan,0,nan,nan
jsonpath_ng_1_5_3,9fe048ec71460f4da01e396b0224fda3f0ca2dbc,runtime_ns,0,nan,0,nan,nan
jsonpath_ng_1_6_0,9fe048ec71460f4da01e396b0224fda3f0ca2dbc,runtime_ns,0,nan,0,nan,nan
jsonpath_ng_1_6_1,9fe048ec71460f4da01e396b0224fda3f0ca2dbc,runtime_ns,0,nan,0,nan,nan
jsonpath_ng_1_7_0,9fe048ec71460f4da01e396b0224fda3f0ca2dbc,runtime_ns,0,nan,0,nan,nan
jsonpath_ng_1_8_0,9fe048ec71460f4da01e396b0224fda3f0ca2dbc,runtime_ns,0,nan,0,nan,nan
jsonpath_ng_1_5_2,8cff1eeb30b4af4fac5ae1ad9a837a720d70276f,runtime_ns,0,nan,0,nan,nan
jsonpath_ng_1_5_3,8cff1eeb30b4af4fac5ae1ad9a837a720d70276f,runtime_ns,0,nan,0,nan,nan
jsonpath_ng_1_6_0,8cff1eeb30b4af4fac5ae1ad9a837a720d70276f,runtime_ns,0,nan,0,nan,nan
jsonpath_ng_1_6_1,8cff1eeb30b4af4fac5ae1ad9a837a720d70276f,runtime_ns,0,nan,0,nan,nan
jsonpath_ng_1_7_0,8cff1eeb30b4af4fac5ae1ad9a837a720d70276f,runtime_ns,0,nan,0,nan,nan
jsonpath_ng_1_8_0,8cff1eeb30b4af4fac5ae1ad9a837a720d70276f,runtime_ns,0,nan,0,nan,nan
jsonpath_ng_1_5_2,d02cb6344a90c91d9f428f9ebf032003bd19c672,runtime_ns,0,nan,0,nan,nan
jsonpath_ng_1_5_3,d02cb6344a90c91d9f428f9ebf032003bd19c672,runtime_ns,0,nan,0,nan,nan
jsonpath_ng_1_6_0,d02cb6344a90c91d9f428f9ebf032003bd19c672,runtime_ns,0,nan,0,nan,nan
jsonpath_ng_1_6_1,d02cb6344a90c91d9f428f9ebf032003bd19c672,runtime_ns,0,nan,0,nan,nan
jsonpath_ng_1_7_0,d02cb6344a90c91d9f428f9ebf032003bd19c672,runtime_ns,0,nan,0,nan,nan
jsonpath_ng_1_8_0,d02cb6344a90c91d9f428f9ebf032003bd19c672,runtime_ns,0,nan,0,nan,nan
jsonpath_ng_1_5_2,c2587266b92f608a10d76e2ce0a6f5a26c6d5457,runtime_ns,0,nan,0,nan,nan
jsonpath_ng_1_5_3,c2587266b92f608a10d76e2ce0a6f5a26c6d5457,runtime_ns,0,nan,0,nan,nan
jsonpath_ng_1_6_0,c2587266b92f608a10d76e2ce0a6f5a26c6d5457,runtime_ns,0,nan,0,nan,nan
jsonpath_ng_1_6_1,c2587266b92f608a10d76e2ce0a6f5a26c6d5457,runtime_ns,0,nan,0,nan,nan
jsonpath_ng_1_7_0,c2587266b92f608a10d76e2ce0a6f5a26c6d5457,runtime_ns,0,nan,0,nan,nan
jsonpath_ng_1_8_0,c2587266b92f608a10d76e2ce0a6f5a26c6d5457,runtime_ns,0,nan,0,nan,nan
jsonpath_ng_1_5_2,08dd35ebb1ccf2c33d9c5a8d95a0605ad8caa897,runtime_ns,0,nan,0,nan,nan
jsonpath_ng_1_5_3,08dd35ebb1ccf2c33d9c5a8d95a0605ad8caa897,runtime_ns,0,nan,0,nan,nan
jsonpath_ng_1_6_0,08dd35ebb1ccf2c33d9c5a8d95a0605ad8caa897,runtime_ns,0,nan,0,nan,nan
jsonpath_ng_1_6_1,08dd35ebb1ccf2c33d9c5a8d95a0605ad8caa897,runtime_ns,0,nan,0,nan,nan
jsonpath_ng_1_7_0,08dd35ebb1ccf2c33d9c5a8d95a0605ad8caa897,runtime_ns,0,nan,0,nan,nan
jsonpath_ng_1_8_0,08dd35ebb1ccf2c33d9c5a8d95a0605ad8caa897,runtime_ns,0,nan,0,nan,nan
jsonpath_ng_1_5_2,0c33fac73696d6394ab280e07c4ec19b12d4e8cb,runtime_ns,0,nan,0,nan,nan
jsonpath_ng_1_5_3,0c33fac73696d6394ab280e07c4ec19b12d4e8cb,runtime_ns,0,nan,0,nan,nan
jsonpath_ng_1_6_0,0c33fac73696d6394ab280e07c4ec19b12d4e8cb,runtime_ns,0,nan,0,nan,nan
jsonpath_ng_1_6_1,0c33fac73696d6394ab280e07c4ec19b12d4e8cb,runtime_ns,0,nan,0,nan,nan
jsonpath_ng_1_7_0,0c33fac73696d6394ab280e07c4ec19b12d4e8cb,runtime_ns,0,nan,0,nan,nan
jsonpath_ng_1_8_0,0c33fac73696d6394ab280e07c4ec19b12d4e8cb,runtime_ns,0,nan,0,nan,nan
jsonpath_ng_1_5_2,48e96676a2baf0912281ee5bcefc1cf6f65f4594,runtime_ns,0,nan,0,nan,nan
jsonpath_ng_1_5_3,48e96676a2baf0912281ee5bcefc1cf6f65f4594,runtime_ns,0,nan,0,nan,nan
jsonpath_ng_1_6_0,48e96676a2baf0912281ee5bcefc1cf6f65f4594,runtime_ns,0,nan,0,nan,nan
jsonpath_ng_1_6_1,48e96676a2baf0912281ee5bcefc1cf6f65f4594,runtime_ns,0,nan,0,nan,nan
jsonpath_ng_1_7_0,48e96676a2baf0912281ee5bcefc1cf6f65f4594,runtime_ns,0,nan,0,nan,nan
jsonpath_ng_1_8_0,48e96676a2baf0912281ee5bcefc1cf6f65f4594,runtime_ns,0,nan,0,nan,nan
jsonpath_ng_1_5_2,f990cf529f4ecadd2a411e7e73f2a0c8ec9f1cd7,runtime_ns,3,1270.6666666666667,20.750502001959696,1219.119562105848,1322.2137712274855
jsonpath_ng_1_5_3,f990cf529f4ecadd2a411e7e73f2a0c8ec9f1cd7,runtime_ns,4,1156.25,20.838665984174707,1123.0910322158109,1189.4089677841891
jsonpath_ng_1_6_0,f990cf529f4ecadd2a411e7e73f2a0c8ec9f1cd7,runtime_ns,3,1145.5,20.5,1094.5751769091182,1196.4248230908818
jsonpath_ng_1_6_1,f990cf529f4ecadd2a411e7e73f2a0c8ec9f1cd7,runtime_ns,4,1156.125,20.754015675687118,1123.1007297465546,1189.1492702534454
jsonpath_ng_1_7_0,f990cf529f4ecadd2a411e7e73f2a0c8ec9f1cd7,runtime_ns,6,1433.8333333333333,706.2655779992868,692.6530645491443,2175.013602117522
jsonpath_ng_1_8_0,f990cf529f4ecadd2a411e7e73f2a0c8ec9f1cd7,runtime_ns,3,1180.6666666666667,23.671361036774655,1121.8637460267573,1239.4695873065762
jsonpath_ng_1_5_2,6ddbf15051350cb508ea347bec036a9cf48e9e33,runtime_ns,3,1937.5,20.5,1886.5751769091182,1988.4248230908818
jsonpath_ng_1_5_3,6ddbf15051350cb508ea347bec036a9cf48e9e33,runtime_ns,4,2041.625,33.885530343594546,1987.7055595777242,2095.544440422276
jsonpath_ng_1_6_0,6ddbf15051350cb508ea347bec036a9cf48e9e33,runtime_ns,3,2069.6666666666665,31.860372460681205,1990.5211139266767,2148.8122194066564
jsonpath_ng_1_6_1,6ddbf15051350cb508ea347bec036a9cf48e9e33,runtime_ns,6,2232.75,242.22773375482834,1978.5475832264476,2486.9524167735526
jsonpath_ng_1_7_0,6ddbf15051350cb508ea347bec036a9cf48e9e33,runtime_ns,3,2090.5,12.134661099511597,2060.3558307433937,2120.6441692566063
jsonpath_ng_1_8_0,6ddbf15051350cb508ea347bec036a9cf48e9e33,runtime_ns,3,2097.3333333333335,23.96525262402492,2037.8003455183696,2156.866321148297
jsonpath_ng_1_5_2,d6f4a93a3d6bbea1e0794408c8f8065519fb97ce,runtime_ns,3,12757.0,32.07802986469088,12677.313756294468,12836.686243705532
jsonpath_ng_1_5_3,d6f4a93a3d6bbea1e0794408c8f8065519fb97ce,runtime_ns,3,13389.166666666666,31.80539786472311,13310.157678393683,13468.175654939649
jsonpath_ng_1_6_0,d6f4a93a3d6bbea1e0794408c8f8065519fb97ce,runtime_ns,3,13381.833333333334,31.31426724886491,13304.0443811446,13459.622285522068
jsonpath_ng_1_6_1,d6f4a93a3d6bbea1e0794408c8f8065519fb97ce,runtime_ns,3,13423.5,182.15858475515228,12970.992990090657,13876.007009909343
jsonpath_ng_1_7_0,d6f4a93a3d6bbea1e0794408c8f8065519fb97ce,runtime_ns,3,13437.666666666666,20.750502001959696,13386.119562105847,13489.213771227485
jsonpath_ng_1_8_0,d6f4a93a3d6bbea1e0794408c8f8065519fb97ce,runtime_ns,3,14208.333333333334,54.80495719671108,14072.19027237012,14344.476394296547
jsonpath_ng_1_5_2,64b4d94aad43c2d0412cbf931ce5583b3693d740,runtime_ns,3,500.0,0.0,500.0,500.0
jsonpath_ng_1_5_3,64b4d94aad43c2d0412cbf931ce5583b3693d740,runtime_ns,3,500.0,0.0,500.0,500.0
jsonpath_ng_1_6_0,64b4d94aad43c2d0412cbf931ce5583b3693d740,runtime_ns,3,500.0,0.0,500.0,500.0
jsonpath_ng_1_6_1,64b4d94aad43c2d0412cbf931ce5583b3693d740,runtime_ns,3,500.0,0.0,500.0,500.0
jsonpath_ng_1_7_0,64b4d94aad43c2d0412cbf931ce5583b3693d740,runtime_ns,5,508.4,18.782971010998235,485.0778611163385,531.7221388836615
jsonpath_ng_1_8_0,64b4d94aad43c2d0412cbf931ce5583b3693d740,runtime_ns,3,500.0,0.0,500.0,500.0
jsonpath_ng_1_5_2,be779ee09acab5af0918c69a579143eaedeef7f1,runtime_ns,4,2323.0,62.444642150734865,2223.6366396513154,2422.3633603486846
jsonpath_ng_1_5_3,be779ee09acab5af0918c69a579143eaedeef7f1,runtime_ns,3,2375.0,35.50704155516198,2286.795619040136,2463.204380959864
jsonpath_ng_1_6_0,be779ee09acab5af0918c69a579143eaedeef7f1,runtime_ns,3,2402.8333333333335,24.105670149019574,2342.95152904914,2462.715137617527
jsonpath_ng_1_6_1,be779ee09acab5af0918c69a579143eaedeef7f1,runtime_ns,3,2451.3333333333335,31.533051443419385,2373.000891076172,2529.665775590495
jsonpath_ng_1_7_0,be779ee09acab5af0918c69a579143eaedeef7f1,runtime_ns,3,2389.0,47.634021455258214,2270.670530940669,2507.329469059331
jsonpath_ng_1_8_0,be779ee09acab5af0918c69a579143eaedeef7f1,runtime_ns,3,2527.6666666666665,23.96525262402492,2468.133678851703,2587.19965448163
jsonpath_ng_1_5_2,5524b1a051b93e7ac66968f8dd3704ffbd7448be,runtime_ns,0,nan,0,nan,nan
jsonpath_ng_1_5_3,5524b1a051b93e7ac66968f8dd3704ffbd7448be,runtime_ns,0,nan,0,nan,nan
jsonpath_ng_1_6_0,5524b1a051b93e7ac66968f8dd3704ffbd7448be,runtime_ns,0,nan,0,nan,nan
jsonpath_ng_1_6_1,5524b1a051b93e7ac66968f8dd3704ffbd7448be,runtime_ns,0,nan,0,nan,nan
jsonpath_ng_1_7_0,5524b1a051b93e7ac66968f8dd3704ffbd7448be,runtime_ns,0,nan,0,nan,nan
jsonpath_ng_1_8_0,5524b1a051b93e7ac66968f8dd3704ffbd7448be,runtime_ns,0,nan,0,nan,nan
jsonpath_ng_1_5_2,2953040c441b9dcaea55580af7e3cfb8c6d08249,runtime_ns,3,500.0,0.0,500.0,500.0
jsonpath_ng_1_5_3,2953040c441b9dcaea55580af7e3cfb8c6d08249,runtime_ns,3,500.0,0.0,500.0,500.0
jsonpath_ng_1_6_0,2953040c441b9dcaea55580af7e3cfb8c6d08249,runtime_ns,3,500.0,0.0,500.0,500.0
jsonpath_ng_1_6_1,2953040c441b9dcaea55580af7e3cfb8c6d08249,runtime_ns,3,500.0,0.0,500.0,500.0
jsonpath_ng_1_7_0,2953040c441b9dcaea55580af7e3cfb8c6d08249,runtime_ns,4,505.125,10.25,488.814962685421,521.435037314579
jsonpath_ng_1_8_0,2953040c441b9dcaea55580af7e3cfb8c6d08249,runtime_ns,3,500.0,0.0,500.0,500.0
jsonpath_ng_1_5_2,26a75091462bf83832e59bdbf016cef2b576459f,runtime_ns,3,35472.166666666664,66.75390125927723,35306.34078314203,35637.992550191295
jsonpath_ng_1_5_3,26a75091462bf83832e59bdbf016cef2b576459f,runtime_ns,3,38166.833333333336,72.17051567872667,37987.551833659345,38346.11483300733
jsonpath_ng_1_6_0,26a75091462bf83832e59bdbf016cef2b576459f,runtime_ns,3,37916.666666666664,83.00200800783878,37710.47824842339,38122.85508490994
jsonpath_ng_1_6_1,26a75091462bf83832e59bdbf016cef2b576459f,runtime_ns,3,38007.166666666664,78.7564812147758,37811.524721636284,38202.808611697044
jsonpath_ng_1_7_0,26a75091462bf83832e59bdbf016cef2b576459f,runtime_ns,3,38208.166666666664,597.5151323048926,36723.85679316659,39692.47654016674
jsonpath_ng_1_8_0,26a75091462bf83832e59bdbf016cef2b576459f,runtime_ns,3,39402.666666666664,93.9552198301581,39169.26896187077,39636.064371462555
jsonpath_ng_1_5_2,68fee1caca306f8014ed24b5af3cb3e7c05e97a2,runtime_ns,0,nan,0,nan,nan
jsonpath_ng_1_5_3,68fee1caca306f8014ed24b5af3cb3e7c05e97a2,runtime_ns,0,nan,0,nan,nan
jsonpath_ng_1_6_0,68fee1caca306f8014ed24b5af3cb3e7c05e97a2,runtime_ns,0,nan,0,nan,nan
jsonpath_ng_1_6_1,68fee1caca306f8014ed24b5af3cb3e7c05e97a2,runtime_ns,0,nan,0,nan,nan
jsonpath_ng_1_7_0,68fee1caca306f8014ed24b5af3cb3e7c05e97a2,runtime_ns,0,nan,0,nan,nan
jsonpath_ng_1_8_0,68fee1caca306f8014ed24b5af3cb3e7c05e97a2,runtime_ns,0,nan,0,nan,nan
jsonpath_ng_1_5_2,21cf3ca14dfdc12b0bb8c1276fddf594fb8eeff4,runtime_ns,3,2291.6666666666665,41.50100400391939,2188.572457545029,2394.760875788304
jsonpath_ng_1_5_3,21cf3ca14dfdc12b0bb8c1276fddf594fb8eeff4,runtime_ns,3,2375.1666666666665,41.25025252447957,2272.6953587513826,2477.6379745819504
jsonpath_ng_1_6_0,21cf3ca14dfdc12b0bb8c1276fddf594fb8eeff4,runtime_ns,3,2423.5,31.752952618614856,2344.6212929406774,2502.3787070593226
jsonpath_ng_1_6_1,21cf3ca14dfdc12b0bb8c1276fddf594fb8eeff4,runtime_ns,3,2430.6666666666665,11.835680518387328,2401.2652063467117,2460.0681269866213
jsonpath_ng_1_7_0,21cf3ca14dfdc12b0bb8c1276fddf594fb8eeff4,runtime_ns,3,2416.5,35.940923749953896,2327.2177959175965,2505.7822040824035
jsonpath_ng_1_8_0,21cf3ca14dfdc12b0bb8c1276fddf594fb8eeff4,runtime_ns,3,2416.6666666666665,41.50100400391939,2313.572457545029,2519.760875788304
jsonpath_ng_1_5_2,5ffd3656d8a0e2afd78f12983bf739bd54a59dfb,runtime_ns,0,nan,0,nan,nan
jsonpath_ng_1_5_3,5ffd3656d8a0e2afd78f12983bf739bd54a59dfb,runtime_ns,0,nan,0,nan,nan
jsonpath_ng_1_6_0,5ffd3656d8a0e2afd78f12983bf739bd54a59dfb,runtime_ns,0,nan,0,nan,nan
jsonpath_ng_1_6_1,5ffd3656d8a0e2afd78f12983bf739bd54a59dfb,runtime_ns,0,nan,0,nan,nan
jsonpath_ng_1_7_0,5ffd3656d8a0e2afd78f12983bf739bd54a59dfb,runtime_ns,0,nan,0,nan,nan
jsonpath_ng_1_8_0,5ffd3656d8a0e2afd78f12983bf739bd54a59dfb,runtime_ns,0,nan,0,nan,nan
jsonpath_ng_1_5_2,145473b6dd3ef34bfcfeaa8ab71d1f81a32ff02b,runtime_ns,6,520.8333333333334,51.03103630798288,467.2795450909101,574.3871215757566
jsonpath_ng_1_5_3,145473b6dd3ef34bfcfeaa8ab71d1f81a32ff02b,runtime_ns,5,508.2,18.335757415498275,485.4331501373781,530.9668498626219
jsonpath_ng_1_6_0,145473b6dd3ef34bfcfeaa8ab71d1f81a32ff02b,runtime_ns,3,500.0,0.0,500.0,500.0
jsonpath_ng_1_6_1,145473b6dd3ef34bfcfeaa8ab71d1f81a32ff02b,runtime_ns,3,500.0,0.0,500.0,500.0
jsonpath_ng_1_7_0,145473b6dd3ef34bfcfeaa8ab71d1f81a32ff02b,runtime_ns,6,538.0833333333334,50.02041249996512,485.59012973357136,590.5765369330953
jsonpath_ng_1_8_0,145473b6dd3ef34bfcfeaa8ab71d1f81a32ff02b,runtime_ns,3,500.0,0.0,500.0,500.0
jsonpath_ng_1_5_2,a06356ac58a3f7b86b6cdb6f0c3652188442b430,runtime_ns,0,nan,0,nan,nan
jsonpath_ng_1_5_3,a06356ac58a3f7b86b6cdb6f0c3652188442b430,runtime_ns,0,nan,0,nan,nan
jsonpath_ng_1_6_0,a06356ac58a3f7b86b6cdb6f0c3652188442b430,runtime_ns,0,nan,0,nan,nan
jsonpath_ng_1_6_1,a06356ac58a3f7b86b6cdb6f0c3652188442b430,runtime_ns,0,nan,0,nan,nan
jsonpath_ng_1_7_0,a06356ac58a3f7b86b6cdb6f0c3652188442b430,runtime_ns,0,nan,0,nan,nan
jsonpath_ng_1_8_0,a06356ac58a3f7b86b6cdb6f0c3652188442b430,runtime_ns,0,nan,0,nan,nan
jsonpath_ng_1_5_2,232c4e270a7f68e0d7910076edaea9164ea2c5dd,runtime_ns,0,nan,0,nan,nan
jsonpath_ng_1_5_3,232c4e270a7f68e0d7910076edaea9164ea2c5dd,runtime_ns,0,nan,0,nan,nan
jsonpath_ng_1_6_0,232c4e270a7f68e0d7910076edaea9164ea2c5dd,runtime_ns,0,nan,0,nan,nan
jsonpath_ng_1_6_1,232c4e270a7f68e0d7910076edaea9164ea2c5dd,runtime_ns,0,nan,0,nan,nan
jsonpath_ng_1_7_0,232c4e270a7f68e0d7910076edaea9164ea2c5dd,runtime_ns,0,nan,0,nan,nan
jsonpath_ng_1_8_0,232c4e270a7f68e0d7910076edaea9164ea2c5dd,runtime_ns,0,nan,0,nan,nan
jsonpath_ng_1_5_2,edb0852fc0429d7bd613ff0c4c89e5b4766e088d,runtime_ns,0,nan,0,nan,nan
jsonpath_ng_1_5_3,edb0852fc0429d7bd613ff0c4c89e5b4766e088d,runtime_ns,0,nan,0,nan,nan
jsonpath_ng_1_6_0,edb0852fc0429d7bd613ff0c4c89e5b4766e088d,runtime_ns,0,nan,0,nan,nan
jsonpath_ng_1_6_1,edb0852fc0429d7bd613ff0c4c89e5b4766e088d,runtime_ns,0,nan,0,nan,nan
jsonpath_ng_1_7_0,edb0852fc0429d7bd613ff0c4c89e5b4766e088d,runtime_ns,0,nan,0,nan,nan
jsonpath_ng_1_8_0,edb0852fc0429d7bd613ff0c4c89e5b4766e088d,runtime_ns,0,nan,0,nan,nan
jsonpath_ng_1_5_2,ecc1fd0ade0bf7fd0c48816d07fd8c721db04713,runtime_ns,0,nan,0,nan,nan
jsonpath_ng_1_5_3,ecc1fd0ade0bf7fd0c48816d07fd8c721db04713,runtime_ns,0,nan,0,nan,nan
jsonpath_ng_1_6_0,ecc1fd0ade0bf7fd0c48816d07fd8c721db04713,runtime_ns,0,nan,0,nan,nan
jsonpath_ng_1_6_1,ecc1fd0ade0bf7fd0c48816d07fd8c721db04713,runtime_ns,0,nan,0,nan,nan
jsonpath_ng_1_7_0,ecc1fd0ade0bf7fd0c48816d07fd8c721db04713,runtime_ns,0,nan,0,nan,nan
jsonpath_ng_1_8_0,ecc1fd0ade0bf7fd0c48816d07fd8c721db04713,runtime_ns,0,nan,0,nan,nan
jsonpath_ng_1_5_2,548776957ebf387ba00aeba5bea740a4978d56ac,runtime_ns,0,nan,0,nan,nan
jsonpath_ng_1_5_3,548776957ebf387ba00aeba5bea740a4978d56ac,runtime_ns,0,nan,0,nan,nan
jsonpath_ng_1_6_0,548776957ebf387ba00aeba5bea740a4978d56ac,runtime_ns,0,nan,0,nan,nan
jsonpath_ng_1_6_1,548776957ebf387ba00aeba5bea740a4978d56ac,runtime_ns,0,nan,0,nan,nan
jsonpath_ng_1_7_0,548776957ebf387ba00aeba5bea740a4978d56ac,runtime_ns,0,nan,0,nan,nan
jsonpath_ng_1_8_0,548776957ebf387ba00aeba5bea740a4978d56ac,runtime_ns,0,nan,0,nan,nan
jsonpath_ng_1_5_2,3d685b6f649f03b06c52c72cde34c4f81705eca5,runtime_ns,0,nan,0,nan,nan
jsonpath_ng_1_5_3,3d685b6f649f03b06c52c72cde34c4f81705eca5,runtime_ns,0,nan,0,nan,nan
jsonpath_ng_1_6_0,3d685b6f649f03b06c52c72cde34c4f81705eca5,runtime_ns,0,nan,0,nan,nan
jsonpath_ng_1_6_1,3d685b6f649f03b06c52c72cde34c4f81705eca5,runtime_ns,0,nan,0,nan,nan
jsonpath_ng_1_7_0,3d685b6f649f03b06c52c72cde34c4f81705eca5,runtime_ns,0,nan,0,nan,nan
jsonpath_ng_1_8_0,3d685b6f649f03b06c52c72cde34c4f81705eca5,runtime_ns,0,nan,0,nan,nan
jsonpath_ng_1_5_2,7259ccae7a5ea562c8f52097fc40007a8339789c,runtime_ns,0,nan,0,nan,nan
jsonpath_ng_1_5_3,7259ccae7a5ea562c8f52097fc40007a8339789c,runtime_ns,0,nan,0,nan,nan
jsonpath_ng_1_6_0,7259ccae7a5ea562c8f52097fc40007a8339789c,runtime_ns,0,nan,0,nan,nan
jsonpath_ng_1_6_1,7259ccae7a5ea562c8f52097fc40007a8339789c,runtime_ns,0,nan,0,nan,nan
jsonpath_ng_1_7_0,7259ccae7a5ea562c8f52097fc40007a8339789c,runtime_ns,0,nan,0,nan,nan
jsonpath_ng_1_8_0,7259ccae7a5ea562c8f52097fc40007a8339789c,runtime_ns,0,nan,0,nan,nan
jsonpath_ng_1_5_2,1104ca2dd81cd574488017b8c7e3aeb28aad80b5,runtime_ns,0,nan,0,nan,nan
jsonpath_ng_1_5_3,1104ca2dd81cd574488017b8c7e3aeb28aad80b5,runtime_ns,0,nan,0,nan,nan
jsonpath_ng_1_6_0,1104ca2dd81cd574488017b8c7e3aeb28aad80b5,runtime_ns,0,nan,0,nan,nan
jsonpath_ng_1_6_1,1104ca2dd81cd574488017b8c7e3aeb28aad80b5,runtime_ns,0,nan,0,nan,nan
jsonpath_ng_1_7_0,1104ca2dd81cd574488017b8c7e3aeb28aad80b5,runtime_ns,0,nan,0,nan,nan
jsonpath_ng_1_8_0,1104ca2dd81cd574488017b8c7e3aeb28aad80b5,runtime_ns,0,nan,0,nan,nan
jsonpath_ng_1_5_2,2abb47a9628ad454e8df2019e51996e19f9a419b,runtime_ns,0,nan,0,nan,nan
jsonpath_ng_1_5_3,2abb47a9628ad454e8df2019e51996e19f9a419b,runtime_ns,0,nan,0,nan,nan
jsonpath_ng_1_6_0,2abb47a9628ad454e8df2019e51996e19f9a419b,runtime_ns,0,nan,0,nan,nan
jsonpath_ng_1_6_1,2abb47a9628ad454e8df2019e51996e19f9a419b,runtime_ns,0,nan,0,nan,nan
jsonpath_ng_1_7_0,2abb47a9628ad454e8df2019e51996e19f9a419b,runtime_ns,0,nan,0,nan,nan
jsonpath_ng_1_8_0,2abb47a9628ad454e8df2019e51996e19f9a419b,runtime_ns,0,nan,0,nan,nan
jsonpath_ng_1_5_2,5946f05e072c1d693f6f42ea68496992f573f2d9,runtime_ns,0,nan,0,nan,nan
jsonpath_ng_1_5_3,5946f05e072c1d693f6f42ea68496992f573f2d9,runtime_ns,0,nan,0,nan,nan
jsonpath_ng_1_6_0,5946f05e072c1d693f6f42ea68496992f573f2d9,runtime_ns,0,nan,0,nan,nan
jsonpath_ng_1_6_1,5946f05e072c1d693f6f42ea68496992f573f2d9,runtime_ns,0,nan,0,nan,nan
jsonpath_ng_1_7_0,5946f05e072c1d693f6f42ea68496992f573f2d9,runtime_ns,0,nan,0,nan,nan
jsonpath_ng_1_8_0,5946f05e072c1d693f6f42ea68496992f573f2d9,runtime_ns,0,nan,0,nan,nan
jsonpath_ng_1_5_2,bc73316c313703cfdda4276adf9dfcd5f8130f3d,runtime_ns,3,27930.333333333332,23.96525262402492,27870.800345518368,27989.866321148296
jsonpath_ng_1_5_3,bc73316c313703cfdda4276adf9dfcd5f8130f3d,runtime_ns,4,31051.875,592.9407467586173,30108.373955612937,31995.376044387063
jsonpath_ng_1_6_0,bc73316c313703cfdda4276adf9dfcd5f8130f3d,runtime_ns,3,30562.666666666668,252.85882095219327,29934.5305337906,31190.802799542736
jsonpath_ng_1_6_1,bc73316c313703cfdda4276adf9dfcd5f8130f3d,runtime_ns,3,30590.166666666668,73.01426801203539,30408.789170002125,30771.54416333121
jsonpath_ng_1_7_0,bc73316c313703cfdda4276adf9dfcd5f8130f3d,runtime_ns,3,30541.5,62.5,30386.241393015604,30696.758606984396
jsonpath_ng_1_8_0,bc73316c313703cfdda4276adf9dfcd5f8130f3d,runtime_ns,3,32618.166666666668,167.20072766986792,32202.817033629854,33033.516299703486
jsonpath_ng_1_5_2,6abea2f1d9d85f701c763823e48e22da94ec9122,runtime_ns,3,27958.333333333332,110.36568005196784,27684.169785433267,28232.496881233397
jsonpath_ng_1_5_3,6abea2f1d9d85f701c763823e48e22da94ec9122,runtime_ns,3,30597.166666666668,127.0574017258866,30281.538583482383,30912.794749850953
jsonpath_ng_1_6_0,6abea2f1d9d85f701c763823e48e22da94ec9122,runtime_ns,4,30801.75,814.7973674478827,29505.2255642053,32098.2744357947
jsonpath_ng_1_6_1,6abea2f1d9d85f701c763823e48e22da94ec9122,runtime_ns,3,30395.833333333332,104.25009992001607,30136.86172866828,30654.804937998386
jsonpath_ng_1_7_0,6abea2f1d9d85f701c763823e48e22da94ec9122,runtime_ns,3,30430.5,43.71498598878879,30321.905954736612,30539.094045263388
jsonpath_ng_1_8_0,6abea2f1d9d85f701c763823e48e22da94ec9122,runtime_ns,3,32590.666666666668,60.33310313031589,32440.790929913728,32740.542403419608
jsonpath_ng_1_5_2,fd7c405b21610026a088334dc539e8ddc1959411,runtime_ns,3,27889.0,52.05525910030609,27759.687567773995,28018.312432226005
jsonpath_ng_1_5_3,fd7c405b21610026a088334dc539e8ddc1959411,runtime_ns,3,30659.666666666668,84.1491730995221,30450.62853235754,30868.704800975796
jsonpath_ng_1_6_0,fd7c405b21610026a088334dc539e8ddc1959411,runtime_ns,3,30340.5,161.3141345325945,29939.773474969217,30741.226525030783
jsonpath_ng_1_6_1,fd7c405b21610026a088334dc539e8ddc1959411,runtime_ns,3,30874.833333333332,586.642423741527,29417.53276520439,32332.133901462275
jsonpath_ng_1_7_0,fd7c405b21610026a088334dc539e8ddc1959411,runtime_ns,3,30673.5,291.48456219841216,29949.41220664989,31397.58779335011
jsonpath_ng_1_8_0,fd7c405b21610026a088334dc539e8ddc1959411,runtime_ns,3,32576.666666666668,125.84944709188568,32264.039309142787,32889.294024190545
jsonpath_ng_1_5_2,d2a84adc746a0641929d68246e19d86ed0e5313f,runtime_ns,3,24770.5,62.5,24615.241393015604,24925.758606984396
jsonpath_ng_1_5_3,d2a84adc746a0641929d68246e19d86ed0e5313f,runtime_ns,3,25833.666666666668,220.73136010393569,25285.339570866538,26381.9937624668
jsonpath_ng_1_6_0,d2a84adc746a0641929d68246e19d86ed0e5313f,runtime_ns,3,25826.333333333332,148.2703049613554,25458.00947724611,26194.657189420555
jsonpath_ng_1_6_1,d2a84adc746a0641929d68246e19d86ed0e5313f,runtime_ns,3,25951.333333333332,283.3294607578487,25247.503935014876,26655.162731651788
jsonpath_ng_1_7_0,d2a84adc746a0641929d68246e19d86ed0e5313f,runtime_ns,3,25652.833333333332,66.75390125927723,25487.007449808705,25818.65921685796
jsonpath_ng_1_8_0,d2a84adc746a0641929d68246e19d86ed0e5313f,runtime_ns,3,26798.5,12.12435565298214,26768.381430891754,26828.618569108246
jsonpath_ng_1_5_2,f9ddbd0ec907a8047930e58c8f969c4fe56e5e64,runtime_ns,0,nan,0,nan,nan
jsonpath_ng_1_5_3,f9ddbd0ec907a8047930e58c8f969c4fe56e5e64,runtime_ns,0,nan,0,nan,nan
jsonpath_ng_1_6_0,f9ddbd0ec907a8047930e58c8f969c4fe56e5e64,runtime_ns,0,nan,0,nan,nan
jsonpath_ng_1_6_1,f9ddbd0ec907a8047930e58c8f969c4fe56e5e64,runtime_ns,0,nan,0,nan,nan
jsonpath_ng_1_7_0,f9ddbd0ec907a8047930e58c8f969c4fe56e5e64,runtime_ns,0,nan,0,nan,nan
jsonpath_ng_1_8_0,f9ddbd0ec907a8047930e58c8f969c4fe56e5e64,runtime_ns,3,37096.833333333336,43.434817063426586,36988.9352662631,37204.73140040357
jsonpath_ng_1_5_2,eebe1fe1b813bfcc4c5f8c8084f338694a27a134,runtime_ns,3,6048.833333333333,52.58405968859131,5918.207287623973,6179.459379042693
jsonpath_ng_1_5_3,eebe1fe1b813bfcc4c5f8c8084f338694a27a134,runtime_ns,3,6395.833333333333,90.84923408226034,6170.151324865957,6621.515341800709
jsonpath_ng_1_6_0,eebe1fe1b813bfcc4c5f8c8084f338694a27a134,runtime_ns,3,6388.666666666667,23.671361036774655,6329.863746026757,6447.469587306577
jsonpath_ng_1_6_1,eebe1fe1b813bfcc4c5f8c8084f338694a27a134,runtime_ns,3,6368.166666666667,11.835680518387328,6338.765206346712,6397.568126986622
jsonpath_ng_1_7_0,eebe1fe1b813bfcc4c5f8c8084f338694a27a134,runtime_ns,5,6183.2,221.37231082499906,5908.329971449425,6458.0700285505745
jsonpath_ng_1_8_0,eebe1fe1b813bfcc4c5f8c8084f338694a27a134,runtime_ns,3,6534.5,98.39588406025935,6290.071073724896,6778.928926275104
jsonpath_ng_1_5_2,dfc28f37de9f64f3c61a7c3f9d2eca8da8b241dc,runtime_ns,0,nan,0,nan,nan
jsonpath_ng_1_5_3,dfc28f37de9f64f3c61a7c3f9d2eca8da8b241dc,runtime_ns,0,nan,0,nan,nan
jsonpath_ng_1_6_0,dfc28f37de9f64f3c61a7c3f9d2eca8da8b241dc,runtime_ns,0,nan,0,nan,nan
jsonpath_ng_1_6_1,dfc28f37de9f64f3c61a7c3f9d2eca8da8b241dc,runtime_ns,0,nan,0,nan,nan
jsonpath_ng_1_7_0,dfc28f37de9f64f3c61a7c3f9d2eca8da8b241dc,runtime_ns,0,nan,0,nan,nan
jsonpath_ng_1_8_0,dfc28f37de9f64f3c61a7c3f9d2eca8da8b241dc,runtime_ns,3,37152.833333333336,173.69969295693454,36721.33937553956,37584.32729112711
jsonpath_ng_1_5_2,749e7563b6449f91e2b9715527af675e34752977,runtime_ns,3,6069.333333333333,48.21134029803915,5949.569724764946,6189.09694190172
jsonpath_ng_1_5_3,749e7563b6449f91e2b9715527af675e34752977,runtime_ns,3,6375.0,41.5,6271.908284962361,6478.091715037639
jsonpath_ng_1_6_0,749e7563b6449f91e2b9715527af675e34752977,runtime_ns,3,6395.833333333333,54.617610102725415,6260.155668351477,6531.510998315189
jsonpath_ng_1_6_1,749e7563b6449f91e2b9715527af675e34752977,runtime_ns,3,6402.666666666667,63.392297113555784,6245.191470772402,6560.141862560932
jsonpath_ng_1_7_0,749e7563b6449f91e2b9715527af675e34752977,runtime_ns,3,6361.166666666667,32.02473002748553,6281.612827096767,6440.7205062365665
jsonpath_ng_1_8_0,749e7563b6449f91e2b9715527af675e34752977,runtime_ns,3,6562.5,62.5,6407.241393015604,6717.758606984396
jsonpath_ng_1_5_2,9838bf9de986f5e96951bf1d38bc899cdcfd0e35,runtime_ns,0,nan,0,nan,nan
jsonpath_ng_1_5_3,9838bf9de986f5e96951bf1d38bc899cdcfd0e35,runtime_ns,0,nan,0,nan,nan
jsonpath_ng_1_6_0,9838bf9de986f5e96951bf1d38bc899cdcfd0e35,runtime_ns,0,nan,0,nan,nan
jsonpath_ng_1_6_1,9838bf9de986f5e96951bf1d38bc899cdcfd0e35,runtime_ns,0,nan,0,nan,nan
jsonpath_ng_1_7_0,9838bf9de986f5e96951bf1d38bc899cdcfd0e35,runtime_ns,0,nan,0,nan,nan
jsonpath_ng_1_8_0,9838bf9de986f5e96951bf1d38bc899cdcfd0e35,runtime_ns,0,nan,0,nan,nan
jsonpath_ng_1_5_2,7dd39e3056fdb597860d71510d4133e7c5b22dd8,runtime_ns,0,nan,0,nan,nan
jsonpath_ng_1_5_3,7dd39e3056fdb597860d71510d4133e7c5b22dd8,runtime_ns,0,nan,0,nan,nan
jsonpath_ng_1_6_0,7dd39e3056fdb597860d71510d4133e7c5b22dd8,runtime_ns,0,nan,0,nan,nan
jsonpath_ng_1_6_1,7dd39e3056fdb597860d71510d4133e7c5b22dd8,runtime_ns,0,nan,0,nan,nan
jsonpath_ng_1_7_0,7dd39e3056fdb597860d71510d4133e7c5b22dd8,runtime_ns,0,nan,0,nan,nan
jsonpath_ng_1_8_0,7dd39e3056fdb597860d71510d4133e7c5b22dd8,runtime_ns,3,37277.833333333336,73.27573495594113,37095.80631677306,37459.86034989361
jsonpath_ng_1_5_2,55f6430634123d3295af95693ae93e2e52d5a8d2,runtime_ns,3,500.0,0.0,500.0,500.0
jsonpath_ng_1_5_3,55f6430634123d3295af95693ae93e2e52d5a8d2,runtime_ns,5,491.8,18.335757415498275,469.03315013737813,514.5668498626219
jsonpath_ng_1_6_0,55f6430634123d3295af95693ae93e2e52d5a8d2,runtime_ns,3,500.0,0.0,500.0,500.0
jsonpath_ng_1_6_1,55f6430634123d3295af95693ae93e2e52d5a8d2,runtime_ns,3,500.0,0.0,500.0,500.0
jsonpath_ng_1_7_0,55f6430634123d3295af95693ae93e2e52d5a8d2,runtime_ns,6,500.0,25.93067681338071,472.7874235854139,527.2125764145861
jsonpath_ng_1_8_0,55f6430634123d3295af95693ae93e2e52d5a8d2,runtime_ns,5,508.4,18.782971010998235,485.0778611163385,531.7221388836615
jsonpath_ng_1_5_2,7a2674cf6096f57d53822961f661006da56bad32,runtime_ns,3,500.0,0.0,500.0,500.0
jsonpath_ng_1_5_3,7a2674cf6096f57d53822961f661006da56bad32,runtime_ns,3,500.0,0.0,500.0,500.0
jsonpath_ng_1_6_0,7a2674cf6096f57d53822961f661006da56bad32,runtime_ns,5,508.2,18.335757415498275,485.4331501373781,530.9668498626219
jsonpath_ng_1_6_1,7a2674cf6096f57d53822961f661006da56bad32,runtime_ns,3,500.0,0.0,500.0,500.0
jsonpath_ng_1_7_0,7a2674cf6096f57d53822961f661006da56bad32,runtime_ns,3,500.0,0.0,500.0,500.0
jsonpath_ng_1_8_0,7a2674cf6096f57d53822961f661006da56bad32,runtime_ns,3,500.0,0.0,500.0,500.0
jsonpath_ng_1_5_2,8d44fe7442d1e449efa1154e858b5391edb9475d,runtime_ns,6,604.1666666666666,255.1551815399144,336.3977254545505,871.9356078787828
jsonpath_ng_1_5_3,8d44fe7442d1e449efa1154e858b5391edb9475d,runtime_ns,3,500.0,0.0,500.0,500.0
jsonpath_ng_1_6_0,8d44fe7442d1e449efa1154e858b5391edb9475d,runtime_ns,4,505.125,10.25,488.814962685421,521.435037314579
jsonpath_ng_1_6_1,8d44fe7442d1e449efa1154e858b5391edb9475d,runtime_ns,3,500.0,0.0,500.0,500.0
jsonpath_ng_1_7_0,8d44fe7442d1e449efa1154e858b5391edb9475d,runtime_ns,5,500.0,14.495689014324224,482.0012248217558,517.9987751782442
jsonpath_ng_1_8_0,8d44fe7442d1e449efa1154e858b5391edb9475d,runtime_ns,4,505.125,10.25,488.814962685421,521.435037314579
jsonpath_ng_1_5_2,d9a466545e58b07e5686f6e61d1c749fd73dcf0a,runtime_ns,4,505.125,10.25,488.814962685421,521.435037314579
jsonpath_ng_1_5_3,d9a466545e58b07e5686f6e61d1c749fd73dcf0a,runtime_ns,3,500.0,0.0,500.0,500.0
jsonpath_ng_1_6_0,d9a466545e58b07e5686f6e61d1c749fd73dcf0a,runtime_ns,4,505.125,10.25,488.814962685421,521.435037314579
jsonpath_ng_1_6_1,d9a466545e58b07e5686f6e61d1c749fd73dcf0a,runtime_ns,3,500.0,0.0,500.0,500.0
jsonpath_ng_1_7_0,d9a466545e58b07e5686f6e61d1c749fd73dcf0a,runtime_ns,3,500.0,0.0,500.0,500.0
jsonpath_ng_1_8_0,d9a466545e58b07e5686f6e61d1c749fd73dcf0a,runtime_ns,3,500.0,0.0,500.0,500.0
jsonpath_ng_1_5_2,a65865cb408a18a9f4896af88fe6665090826c18,runtime_ns,3,500.0,0.0,500.0,500.0
jsonpath_ng_1_5_3,a65865cb408a18a9f4896af88fe6665090826c18,runtime_ns,3,500.0,0.0,500.0,500.0
jsonpath_ng_1_6_0,a65865cb408a18a9f4896af88fe6665090826c18,runtime_ns,3,500.0,0.0,500.0,500.0
jsonpath_ng_1_6_1,a65865cb408a18a9f4896af88fe6665090826c18,runtime_ns,3,500.0,0.0,500.0,500.0
jsonpath_ng_1_7_0,a65865cb408a18a9f4896af88fe6665090826c18,runtime_ns,3,500.0,0.0,500.0,500.0
jsonpath_ng_1_8_0,a65865cb408a18a9f4896af88fe6665090826c18,runtime_ns,3,500.0,0.0,500.0,500.0
jsonpath_ng_1_5_2,243e9c910c1045f476ca700ef871935b905b94e7,runtime_ns,3,500.0,0.0,500.0,500.0
jsonpath_ng_1_5_3,243e9c910c1045f476ca700ef871935b905b94e7,runtime_ns,3,500.0,0.0,500.0,500.0
jsonpath_ng_1_6_0,243e9c910c1045f476ca700ef871935b905b94e7,runtime_ns,3,500.0,0.0,500.0,500.0
jsonpath_ng_1_6_1,243e9c910c1045f476ca700ef871935b905b94e7,runtime_ns,3,500.0,0.0,500.0,500.0
jsonpath_ng_1_7_0,243e9c910c1045f476ca700ef871935b905b94e7,runtime_ns,3,500.0,0.0,500.0,500.0
jsonpath_ng_1_8_0,243e9c910c1045f476ca700ef871935b905b94e7,runtime_ns,3,500.0,0.0,500.0,500.0
jsonpath_ng_1_5_2,17d361bd148ca61a9692d0424acf851f34949b30,runtime_ns,4,494.875,10.25,478.564962685421,511.185037314579
jsonpath_ng_1_5_3,17d361bd148ca61a9692d0424acf851f34949b30,runtime_ns,3,500.0,0.0,500.0,500.0
jsonpath_ng_1_6_0,17d361bd148ca61a9692d0424acf851f34949b30,runtime_ns,6,496.5833333333333,20.15543764512859,475.43149873083416,517.7351679358325
jsonpath_ng_1_6_1,17d361bd148ca61a9692d0424acf851f34949b30,runtime_ns,3,500.0,0.0,500.0,500.0
jsonpath_ng_1_7_0,17d361bd148ca61a9692d0424acf851f34949b30,runtime_ns,4,494.875,10.25,478.564962685421,511.185037314579
jsonpath_ng_1_8_0,17d361bd148ca61a9692d0424acf851f34949b30,runtime_ns,4,505.125,10.25,488.814962685421,521.435037314579
jsonpath_ng_1_5_2,efad58157e49e1aae0994c2723dee60c8bc66c26,runtime_ns,3,500.0,0.0,500.0,500.0
jsonpath_ng_1_5_3,efad58157e49e1aae0994c2723dee60c8bc66c26,runtime_ns,3,500.0,0.0,500.0,500.0
jsonpath_ng_1_6_0,efad58157e49e1aae0994c2723dee60c8bc66c26,runtime_ns,3,500.0,0.0,500.0,500.0
jsonpath_ng_1_6_1,efad58157e49e1aae0994c2723dee60c8bc66c26,runtime_ns,3,500.0,0.0,500.0,500.0
jsonpath_ng_1_7_0,efad58157e49e1aae0994c2723dee60c8bc66c26,runtime_ns,3,500.0,0.0,500.0,500.0
jsonpath_ng_1_8_0,efad58157e49e1aae0994c2723dee60c8bc66c26,runtime_ns,6,517.25,27.57489800525108,488.3119192667928,546.1880807332071
jsonpath_ng_1_5_2,b6ccc046f6487fc032d4a91da43fae8bcfcab3ec,runtime_ns,3,28194.333333333332,342.3486283503022,27343.89219508235,29044.774471584315
jsonpath_ng_1_5_3,b6ccc046f6487fc032d4a91da43fae8bcfcab3ec,runtime_ns,3,30639.0,158.08541994757138,30246.29404663035,31031.70595336965
jsonpath_ng_1_6_0,b6ccc046f6487fc032d4a91da43fae8bcfcab3ec,runtime_ns,3,30333.333333333332,55.37222528789441,30195.78110031214,30470.885566354526
jsonpath_ng_1_6_1,b6ccc046f6487fc032d4a91da43fae8bcfcab3ec,runtime_ns,3,30444.666666666668,126.78459422711157,30129.716274878137,30759.6170584552
jsonpath_ng_1_7_0,b6ccc046f6487fc032d4a91da43fae8bcfcab3ec,runtime_ns,3,30632.0,52.35217282978807,30501.949993181453,30762.050006818547
jsonpath_ng_1_8_0,b6ccc046f6487fc032d4a91da43fae8bcfcab3ec,runtime_ns,3,32499.666666666668,41.50100400391939,32396.57245754503,32602.760875788306
jsonpath_ng_1_5_2,f48346b087d1b040cec730cb3b7baf9acd0c448e,runtime_ns,3,27986.0,32.07802986469088,27906.31375629447,28065.68624370553
jsonpath_ng_1_5_3,f48346b087d1b040cec730cb3b7baf9acd0c448e,runtime_ns,3,30597.166666666668,161.87212030900605,30195.05402812608,30999.279305207256
jsonpath_ng_1_6_0,f48346b087d1b040cec730cb3b7baf9acd0c448e,runtime_ns,3,30347.333333333332,63.72074492136241,30189.04222785335,30505.624438813313
jsonpath_ng_1_6_1,f48346b087d1b040cec730cb3b7baf9acd0c448e,runtime_ns,3,30486.166666666668,147.4595989867507,30119.856715864098,30852.476617469238
jsonpath_ng_1_7_0,f48346b087d1b040cec730cb3b7baf9acd0c448e,runtime_ns,3,30500.166666666668,72.02487996056178,30321.246946172345,30679.08638716099
jsonpath_ng_1_8_0,f48346b087d1b040cec730cb3b7baf9acd0c448e,runtime_ns,3,32534.5,125.5866234915168,32222.52553249333,32846.47446750667
jsonpath_ng_1_5_2,836f2778c2d5560eda6e55a6034b2cd56ea552a6,runtime_ns,0,nan,0,nan,nan
jsonpath_ng_1_5_3,836f2778c2d5560eda6e55a6034b2cd56ea552a6,runtime_ns,0,nan,0,nan,nan
jsonpath_ng_1_6_0,836f2778c2d5560eda6e55a6034b2cd56ea552a6,runtime_ns,0,nan,0,nan,nan
jsonpath_ng_1_6_1,836f2778c2d5560eda6e55a6034b2cd56ea552a6,runtime_ns,0,nan,0,nan,nan
jsonpath_ng_1_7_0,836f2778c2d5560eda6e55a6034b2cd56ea552a6,runtime_ns,0,nan,0,nan,nan
jsonpath_ng_1_8_0,836f2778c2d5560eda6e55a6034b2cd56ea552a6,runtime_ns,0,nan,0,nan,nan
jsonpath_ng_1_5_2,0818ca39214ff59149fef9bb3c59c7d4709ffc78,runtime_ns,0,nan,0,nan,nan
jsonpath_ng_1_5_3,0818ca39214ff59149fef9bb3c59c7d4709ffc78,runtime_ns,0,nan,0,nan,nan
jsonpath_ng_1_6_0,0818ca39214ff59149fef9bb3c59c7d4709ffc78,runtime_ns,0,nan,0,nan,nan
jsonpath_ng_1_6_1,0818ca39214ff59149fef9bb3c59c7d4709ffc78,runtime_ns,0,nan,0,nan,nan
jsonpath_ng_1_7_0,0818ca39214ff59149fef9bb3c59c7d4709ffc78,runtime_ns,0,nan,0,nan,nan
jsonpath_ng_1_8_0,0818ca39214ff59149fef9bb3c59c7d4709ffc78,runtime_ns,0,nan,0,nan,nan
jsonpath_ng_1_5_2,32e94693e021aa3b15834ffe5ace48ad5ef552e4,runtime_ns,0,nan,0,nan,nan
jsonpath_ng_1_5_3,32e94693e021aa3b15834ffe5ace48ad5ef552e4,runtime_ns,0,nan,0,nan,nan
jsonpath_ng_1_6_0,32e94693e021aa3b15834ffe5ace48ad5ef552e4,runtime_ns,0,nan,0,nan,nan
jsonpath_ng_1_6_1,32e94693e021aa3b15834ffe5ace48ad5ef552e4,runtime_ns,0,nan,0,nan,nan
jsonpath_ng_1_7_0,32e94693e021aa3b15834ffe5ace48ad5ef552e4,runtime_ns,0,nan,0,nan,nan
jsonpath_ng_1_8_0,32e94693e021aa3b15834ffe5ace48ad5ef552e4,runtime_ns,0,nan,0,nan,nan
jsonpath_ng_1_5_2,1a68b47b91804b1ef6efb149ef464374fe67ab5d,runtime_ns,3,1104.5,20.5,1053.5751769091182,1155.4248230908818
jsonpath_ng_1_5_3,1a68b47b91804b1ef6efb149ef464374fe67ab5d,runtime_ns,4,989.75,20.5,957.129925370842,1022.370074629158
jsonpath_ng_1_6_0,1a68b47b91804b1ef6efb149ef464374fe67ab5d,runtime_ns,4,1031.375,20.91799464575895,998.08980261283,1064.66019738717
jsonpath_ng_1_6_1,1a68b47b91804b1ef6efb149ef464374fe67ab5d,runtime_ns,5,1000.0,29.698484809834994,963.1244606104265,1036.8755393895735
jsonpath_ng_1_7_0,1a68b47b91804b1ef6efb149ef464374fe67ab5d,runtime_ns,3,1006.8333333333334,11.835680518387328,977.4318730133787,1036.234793653288
jsonpath_ng_1_8_0,1a68b47b91804b1ef6efb149ef464374fe67ab5d,runtime_ns,3,1041.3333333333333,0.5773502691896257,1039.89911575675,1042.7675509099165
jsonpath_ng_1_5_2,c33e5605add4d80996f7dcf4c671f96368519ecb,runtime_ns,0,nan,0,nan,nan
jsonpath_ng_1_5_3,c33e5605add4d80996f7dcf4c671f96368519ecb,runtime_ns,0,nan,0,nan,nan
jsonpath_ng_1_6_0,c33e5605add4d80996f7dcf4c671f96368519ecb,runtime_ns,0,nan,0,nan,nan
jsonpath_ng_1_6_1,c33e5605add4d80996f7dcf4c671f96368519ecb,runtime_ns,0,nan,0,nan,nan
jsonpath_ng_1_7_0,c33e5605add4d80996f7dcf4c671f96368519ecb,runtime_ns,0,nan,0,nan,nan
jsonpath_ng_1_8_0,c33e5605add4d80996f7dcf4c671f96368519ecb,runtime_ns,0,nan,0,nan,nan
jsonpath_ng_1_5_2,f1653acb242229cea017c73530f78626df1bca98,runtime_ns,0,nan,0,nan,nan
jsonpath_ng_1_5_3,f1653acb242229cea017c73530f78626df1bca98,runtime_ns,0,nan,0,nan,nan
jsonpath_ng_1_6_0,f1653acb242229cea017c73530f78626df1bca98,runtime_ns,0,nan,0,nan,nan
jsonpath_ng_1_6_1,f1653acb242229cea017c73530f78626df1bca98,runtime_ns,0,nan,0,nan,nan
jsonpath_ng_1_7_0,f1653acb242229cea017c73530f78626df1bca98,runtime_ns,0,nan,0,nan,nan
jsonpath_ng_1_8_0,f1653acb242229cea017c73530f78626df1bca98,runtime_ns,0,nan,0,nan,nan
jsonpath_ng_1_5_2,03da5457ab6200efdbd445962367622576c5d0c5,runtime_ns,0,nan,0,nan,nan
jsonpath_ng_1_5_3,03da5457ab6200efdbd445962367622576c5d0c5,runtime_ns,0,nan,0,nan,nan
jsonpath_ng_1_6_0,03da5457ab6200efdbd445962367622576c5d0c5,runtime_ns,0,nan,0,nan,nan
jsonpath_ng_1_6_1,03da5457ab6200efdbd445962367622576c5d0c5,runtime_ns,0,nan,0,nan,nan
jsonpath_ng_1_7_0,03da5457ab6200efdbd445962367622576c5d0c5,runtime_ns,0,nan,0,nan,nan
jsonpath_ng_1_8_0,03da5457ab6200efdbd445962367622576c5d0c5,runtime_ns,0,nan,0,nan,nan
jsonpath_ng_1_5_2,c7575695346febe5c270fde9a92535edef10345f,runtime_ns,0,nan,0,nan,nan
jsonpath_ng_1_5_3,c7575695346febe5c270fde9a92535edef10345f,runtime_ns,0,nan,0,nan,nan
jsonpath_ng_1_6_0,c7575695346febe5c270fde9a92535edef10345f,runtime_ns,0,nan,0,nan,nan
jsonpath_ng_1_6_1,c7575695346febe5c270fde9a92535edef10345f,runtime_ns,0,nan,0,nan,nan
jsonpath_ng_1_7_0,c7575695346febe5c270fde9a92535edef10345f,runtime_ns,0,nan,0,nan,nan
jsonpath_ng_1_8_0,c7575695346febe5c270fde9a92535edef10345f,runtime_ns,0,nan,0,nan,nan
jsonpath_ng_1_5_2,d9cf89ef3514e1ee829a2529690975d6a3380361,runtime_ns,0,nan,0,nan,nan
jsonpath_ng_1_5_3,d9cf89ef3514e1ee829a2529690975d6a3380361,runtime_ns,0,nan,0,nan,nan
jsonpath_ng_1_6_0,d9cf89ef3514e1ee829a2529690975d6a3380361,runtime_ns,0,nan,0,nan,nan
jsonpath_ng_1_6_1,d9cf89ef3514e1ee829a2529690975d6a3380361,runtime_ns,0,nan,0,nan,nan
jsonpath_ng_1_7_0,d9cf89ef3514e1ee829a2529690975d6a3380361,runtime_ns,0,nan,0,nan,nan
jsonpath_ng_1_8_0,d9cf89ef3514e1ee829a2529690975d6a3380361,runtime_ns,0,nan,0,nan,nan
jsonpath_ng_1_5_2,36431ce8d93b8a7704426a7333e33f99d38435bf,runtime_ns,0,nan,0,nan,nan
jsonpath_ng_1_5_3,36431ce8d93b8a7704426a7333e33f99d38435bf,runtime_ns,0,nan,0,nan,nan
jsonpath_ng_1_6_0,36431ce8d93b8a7704426a7333e33f99d38435bf,runtime_ns,0,nan,0,nan,nan
jsonpath_ng_1_6_1,36431ce8d93b8a7704426a7333e33f99d38435bf,runtime_ns,0,nan,0,nan,nan
jsonpath_ng_1_7_0,36431ce8d93b8a7704426a7333e33f99d38435bf,runtime_ns,0,nan,0,nan,nan
jsonpath_ng_1_8_0,36431ce8d93b8a7704426a7333e33f99d38435bf,runtime_ns,0,nan,0,nan,nan
jsonpath_ng_1_5_2,8c4c329060e89999b9f5278524133ae409cdb436,runtime_ns,0,nan,0,nan,nan
jsonpath_ng_1_5_3,8c4c329060e89999b9f5278524133ae409cdb436,runtime_ns,0,nan,0,nan,nan
jsonpath_ng_1_6_0,8c4c329060e89999b9f5278524133ae409cdb436,runtime_ns,0,nan,0,nan,nan
jsonpath_ng_1_6_1,8c4c329060e89999b9f5278524133ae409cdb436,runtime_ns,0,nan,0,nan,nan
jsonpath_ng_1_7_0,8c4c329060e89999b9f5278524133ae409cdb436,runtime_ns,0,nan,0,nan,nan
jsonpath_ng_1_8_0,8c4c329060e89999b9f5278524133ae409cdb436,runtime_ns,0,nan,0,nan,nan
jsonpath_ng_1_5_2,b25023f93bf03682f427cd6ccd13d16f460da0fd,runtime_ns,3,29854.333333333332,130.02435669263406,29531.334925427083,30177.33174123958
jsonpath_ng_1_5_3,b25023f93bf03682f427cd6ccd13d16f460da0fd,runtime_ns,6,32618.25,1280.8085629788707,31274.12384612601,33962.376153873985
jsonpath_ng_1_6_0,b25023f93bf03682f427cd6ccd13d16f460da0fd,runtime_ns,4,32901.125,933.8978687022831,31415.085089118045,34387.164910881955
jsonpath_ng_1_6_1,b25023f93bf03682f427cd6ccd13d16f460da0fd,runtime_ns,3,32007.166666666668,48.35373132792684,31887.04933917112,32127.283994162215
jsonpath_ng_1_7_0,b25023f93bf03682f427cd6ccd13d16f460da0fd,runtime_ns,3,32048.666666666668,197.84737383481576,31557.186544152835,32540.1467891805
jsonpath_ng_1_8_0,b25023f93bf03682f427cd6ccd13d16f460da0fd,runtime_ns,3,33986.0,12.12435565298214,33955.88143089176,34016.11856910824
jsonpath_ng_1_5_2,2afdb78adc5d1ed18eff37fc9e4f05e5997686fd,runtime_ns,0,nan,0,nan,nan
jsonpath_ng_1_5_3,2afdb78adc5d1ed18eff37fc9e4f05e5997686fd,runtime_ns,0,nan,0,nan,nan
jsonpath_ng_1_6_0,2afdb78adc5d1ed18eff37fc9e4f05e5997686fd,runtime_ns,0,nan,0,nan,nan
jsonpath_ng_1_6_1,2afdb78adc5d1ed18eff37fc9e4f05e5997686fd,runtime_ns,0,nan,0,nan,nan
jsonpath_ng_1_7_0,2afdb78adc5d1ed18eff37fc9e4f05e5997686fd,runtime_ns,0,nan,0,nan,nan
jsonpath_ng_1_8_0,2afdb78adc5d1ed18eff37fc9e4f05e5997686fd,runtime_ns,0,nan,0,nan,nan
jsonpath_ng_1_5_2,8daab6e920e7bfc5c348a732a5208825843e2b83,runtime_ns,0,nan,0,nan,nan
jsonpath_ng_1_5_3,8daab6e920e7bfc5c348a732a5208825843e2b83,runtime_ns,0,nan,0,nan,nan
jsonpath_ng_1_6_0,8daab6e920e7bfc5c348a732a5208825843e2b83,runtime_ns,0,nan,0,nan,nan
jsonpath_ng_1_6_1,8daab6e920e7bfc5c348a732a5208825843e2b83,runtime_ns,0,nan,0,nan,nan
jsonpath_ng_1_7_0,8daab6e920e7bfc5c348a732a5208825843e2b83,runtime_ns,0,nan,0,nan,nan
jsonpath_ng_1_8_0,8daab6e920e7bfc5c348a732a5208825843e2b83,runtime_ns,0,nan,0,nan,nan
jsonpath_ng_1_5_2,079884564702cc47b667ee64987111d7e1547545,runtime_ns,0,nan,0,nan,nan
jsonpath_ng_1_5_3,079884564702cc47b667ee64987111d7e1547545,runtime_ns,0,nan,0,nan,nan
jsonpath_ng_1_6_0,079884564702cc47b667ee64987111d7e1547545,runtime_ns,0,nan,0,nan,nan
jsonpath_ng_1_6_1,079884564702cc47b667ee64987111d7e1547545,runtime_ns,0,nan,0,nan,nan
jsonpath_ng_1_7_0,079884564702cc47b667ee64987111d7e1547545,runtime_ns,0,nan,0,nan,nan
jsonpath_ng_1_8_0,079884564702cc47b667ee64987111d7e1547545,runtime_ns,0,nan,0,nan,nan
jsonpath_ng_1_5_2,d98915c9686a4adeb87937a72c700a445d08b6fe,runtime_ns,0,nan,0,nan,nan
jsonpath_ng_1_5_3,d98915c9686a4adeb87937a72c700a445d08b6fe,runtime_ns,0,nan,0,nan,nan
jsonpath_ng_1_6_0,d98915c9686a4adeb87937a72c700a445d08b6fe,runtime_ns,0,nan,0,nan,nan
jsonpath_ng_1_6_1,d98915c9686a4adeb87937a72c700a445d08b6fe,runtime_ns,0,nan,0,nan,nan
jsonpath_ng_1_7_0,d98915c9686a4adeb87937a72c700a445d08b6fe,runtime_ns,0,nan,0,nan,nan
jsonpath_ng_1_8_0,d98915c9686a4adeb87937a72c700a445d08b6fe,runtime_ns,0,nan,0,nan,nan
jsonpath_ng_1_5_2,bfcb0bf4e8092e716bde183ed2af693dad9fae3c,runtime_ns,0,nan,0,nan,nan
jsonpath_ng_1_5_3,bfcb0bf4e8092e716bde183ed2af693dad9fae3c,runtime_ns,0,nan,0,nan,nan
jsonpath_ng_1_6_0,bfcb0bf4e8092e716bde183ed2af693dad9fae3c,runtime_ns,0,nan,0,nan,nan
jsonpath_ng_1_6_1,bfcb0bf4e8092e716bde183ed2af693dad9fae3c,runtime_ns,0,nan,0,nan,nan
jsonpath_ng_1_7_0,bfcb0bf4e8092e716bde183ed2af693dad9fae3c,runtime_ns,0,nan,0,nan,nan
jsonpath_ng_1_8_0,bfcb0bf4e8092e716bde183ed2af693dad9fae3c,runtime_ns,0,nan,0,nan,nan
jsonpath_ng_1_5_2,2ef0bfe4e6d9ef8d2fdb5185fba87ad7f8be4f4a,runtime_ns,0,nan,0,nan,nan
jsonpath_ng_1_5_3,2ef0bfe4e6d9ef8d2fdb5185fba87ad7f8be4f4a,runtime_ns,0,nan,0,nan,nan
jsonpath_ng_1_6_0,2ef0bfe4e6d9ef8d2fdb5185fba87ad7f8be4f4a,runtime_ns,0,nan,0,nan,nan
jsonpath_ng_1_6_1,2ef0bfe4e6d9ef8d2fdb5185fba87ad7f8be4f4a,runtime_ns,0,nan,0,nan,nan
jsonpath_ng_1_7_0,2ef0bfe4e6d9ef8d2fdb5185fba87ad7f8be4f4a,runtime_ns,0,nan,0,nan,nan
jsonpath_ng_1_8_0,2ef0bfe4e6d9ef8d2fdb5185fba87ad7f8be4f4a,runtime_ns,0,nan,0,nan,nan
jsonpath_ng_1_5_2,5b0a73dd9998f1536664d5dc748049f720a0dc63,runtime_ns,0,nan,0,nan,nan
jsonpath_ng_1_5_3,5b0a73dd9998f1536664d5dc748049f720a0dc63,runtime_ns,0,nan,0,nan,nan
jsonpath_ng_1_6_0,5b0a73dd9998f1536664d5dc748049f720a0dc63,runtime_ns,0,nan,0,nan,nan
jsonpath_ng_1_6_1,5b0a73dd9998f1536664d5dc748049f720a0dc63,runtime_ns,0,nan,0,nan,nan
jsonpath_ng_1_7_0,5b0a73dd9998f1536664d5dc748049f720a0dc63,runtime_ns,0,nan,0,nan,nan
jsonpath_ng_1_8_0,5b0a73dd9998f1536664d5dc748049f720a0dc63,runtime_ns,0,nan,0,nan,nan
jsonpath_ng_1_5_2,630cc6de2232110f9563fb3a4df7cf94d4efe56b,runtime_ns,0,nan,0,nan,nan
jsonpath_ng_1_5_3,630cc6de2232110f9563fb3a4df7cf94d4efe56b,runtime_ns,0,nan,0,nan,nan
jsonpath_ng_1_6_0,630cc6de2232110f9563fb3a4df7cf94d4efe56b,runtime_ns,0,nan,0,nan,nan
jsonpath_ng_1_6_1,630cc6de2232110f9563fb3a4df7cf94d4efe56b,runtime_ns,0,nan,0,nan,nan
jsonpath_ng_1_7_0,630cc6de2232110f9563fb3a4df7cf94d4efe56b,runtime_ns,0,nan,0,nan,nan
jsonpath_ng_1_8_0,630cc6de2232110f9563fb3a4df7cf94d4efe56b,runtime_ns,0,nan,0,nan,nan
jsonpath_ng_1_5_2,719fe959e6aa152b1fe33558488c3a14e49cba85,runtime_ns,0,nan,0,nan,nan
jsonpath_ng_1_5_3,719fe959e6aa152b1fe33558488c3a14e49cba85,runtime_ns,0,nan,0,nan,nan
jsonpath_ng_1_6_0,719fe959e6aa152b1fe33558488c3a14e49cba85,runtime_ns,0,nan,0,nan,nan
jsonpath_ng_1_6_1,719fe959e6aa152b1fe33558488c3a14e49cba85,runtime_ns,0,nan,0,nan,nan
jsonpath_ng_1_7_0,719fe959e6aa152b1fe33558488c3a14e49cba85,runtime_ns,0,nan,0,nan,nan
jsonpath_ng_1_8_0,719fe959e6aa152b1fe33558488c3a14e49cba85,runtime_ns,0,nan,0,nan,nan
jsonpath_ng_1_5_2,7fe5957c8924d64d4d97461e186bbdbfbfcf4459,runtime_ns,0,nan,0,nan,nan
jsonpath_ng_1_5_3,7fe5957c8924d64d4d97461e186bbdbfbfcf4459,runtime_ns,0,nan,0,nan,nan
jsonpath_ng_1_6_0,7fe5957c8924d64d4d97461e186bbdbfbfcf4459,runtime_ns,0,nan,0,nan,nan
jsonpath_ng_1_6_1,7fe5957c8924d64d4d97461e186bbdbfbfcf4459,runtime_ns,0,nan,0,nan,nan
jsonpath_ng_1_7_0,7fe5957c8924d64d4d97461e186bbdbfbfcf4459,runtime_ns,0,nan,0,nan,nan
jsonpath_ng_1_8_0,7fe5957c8924d64d4d97461e186bbdbfbfcf4459,runtime_ns,0,nan,0,nan,nan
jsonpath_ng_1_5_2,0efd080a392df886d4d155d125d1922a2ce6e6a9,runtime_ns,0,nan,0,nan,nan
jsonpath_ng_1_5_3,0efd080a392df886d4d155d125d1922a2ce6e6a9,runtime_ns,0,nan,0,nan,nan
jsonpath_ng_1_6_0,0efd080a392df886d4d155d125d1922a2ce6e6a9,runtime_ns,0,nan,0,nan,nan
jsonpath_ng_1_6_1,0efd080a392df886d4d155d125d1922a2ce6e6a9,runtime_ns,0,nan,0,nan,nan
jsonpath_ng_1_7_0,0efd080a392df886d4d155d125d1922a2ce6e6a9,runtime_ns,0,nan,0,nan,nan
jsonpath_ng_1_8_0,0efd080a392df886d4d155d125d1922a2ce6e6a9,runtime_ns,0,nan,0,nan,nan
jsonpath_ng_1_5_2,3beaa4c10b843c5ecac072069665aeb3e63ef9e9,runtime_ns,0,nan,0,nan,nan
jsonpath_ng_1_5_3,3beaa4c10b843c5ecac072069665aeb3e63ef9e9,runtime_ns,0,nan,0,nan,nan
jsonpath_ng_1_6_0,3beaa4c10b843c5ecac072069665aeb3e63ef9e9,runtime_ns,0,nan,0,nan,nan
jsonpath_ng_1_6_1,3beaa4c10b843c5ecac072069665aeb3e63ef9e9,runtime_ns,3,7625.166666666667,41.25025252447957,7522.695358751383,7727.637974581951
jsonpath_ng_1_7_0,3beaa4c10b843c5ecac072069665aeb3e63ef9e9,runtime_ns,3,7611.166666666667,102.56014495569579,7356.3931428596425,7865.9401904736915
jsonpath_ng_1_8_0,3beaa4c10b843c5ecac072069665aeb3e63ef9e9,runtime_ns,3,7902.666666666667,12.413030787576954,7871.830988770129,7933.502344563205
jsonpath_ng_1_5_2,02570cb6a899988147905ff531786be227eef8fb,runtime_ns,3,5104.5,20.5,5053.575176909118,5155.424823090882
jsonpath_ng_1_5_3,02570cb6a899988147905ff531786be227eef8fb,runtime_ns,3,5319.666666666667,23.96525262402492,5260.133678851703,5379.199654481631
jsonpath_ng_1_6_0,02570cb6a899988147905ff531786be227eef8fb,runtime_ns,3,5326.333333333333,43.434817063426586,5218.435266263098,5434.231400403568
jsonpath_ng_1_6_1,02570cb6a899988147905ff531786be227eef8fb,runtime_ns,3,5361.0,24.24871130596428,5300.762861783507,5421.237138216493
jsonpath_ng_1_7_0,02570cb6a899988147905ff531786be227eef8fb,runtime_ns,3,5312.833333333333,21.001984033260605,5260.661512774732,5365.005153891934
jsonpath_ng_1_8_0,02570cb6a899988147905ff531786be227eef8fb,runtime_ns,3,5639.0,24.24871130596428,5578.762861783507,5699.237138216493
jsonpath_ng_1_5_2,acf1d83acc4411d7f07029f75437f866f8a67105,runtime_ns,5,7146.0,223.46336388768518,6868.533586143154,7423.466413856846
jsonpath_ng_1_5_3,acf1d83acc4411d7f07029f75437f866f8a67105,runtime_ns,3,7694.5,48.06506007486103,7575.099771650493,7813.900228349507
jsonpath_ng_1_6_0,acf1d83acc4411d7f07029f75437f866f8a67105,runtime_ns,3,7757.166666666667,23.96003617136947,7697.646637238466,7816.686696094868
jsonpath_ng_1_6_1,acf1d83acc4411d7f07029f75437f866f8a67105,runtime_ns,3,7784.666666666667,86.66939098282238,7569.367964071804,7999.96536926153
jsonpath_ng_1_7_0,acf1d83acc4411d7f07029f75437f866f8a67105,runtime_ns,3,7666.666666666667,20.750502001959696,7615.119562105848,7718.213771227486
jsonpath_ng_1_8_0,acf1d83acc4411d7f07029f75437f866f8a67105,runtime_ns,3,7986.166666666667,59.900612128202276,7837.365297122071,8134.968036211263
jsonpath_ng_1_5_2,23aeff71df4fc044de07f9481e007264b3e09f10,runtime_ns,4,2192.625,46.208539975492265,2119.09690134122,2266.15309865878
jsonpath_ng_1_5_3,23aeff71df4fc044de07f9481e007264b3e09f10,runtime_ns,3,2263.6666666666665,11.835680518387328,2234.2652063467117,2293.0681269866213
jsonpath_ng_1_6_0,23aeff71df4fc044de07f9481e007264b3e09f10,runtime_ns,3,2277.6666666666665,31.860372460681205,2198.5211139266767,2356.8122194066564
jsonpath_ng_1_6_1,23aeff71df4fc044de07f9481e007264b3e09f10,runtime_ns,3,2270.8333333333335,20.750502001959696,2219.2862287725147,2322.3804378941522
jsonpath_ng_1_7_0,23aeff71df4fc044de07f9481e007264b3e09f10,runtime_ns,3,2229.1666666666665,21.001984033260605,2176.9948461080658,2281.3384872252673
jsonpath_ng_1_8_0,23aeff71df4fc044de07f9481e007264b3e09f10,runtime_ns,3,2347.6666666666665,23.671361036774655,2288.8637460267573,2406.4695873065757
jsonpath_ng_1_5_2,e10e2263a12517c807631b26fbaedb5bbce23df7,runtime_ns,0,nan,0,nan,nan
jsonpath_ng_1_5_3,e10e2263a12517c807631b26fbaedb5bbce23df7,runtime_ns,0,nan,0,nan,nan
jsonpath_ng_1_6_0,e10e2263a12517c807631b26fbaedb5bbce23df7,runtime_ns,0,nan,0,nan,nan
jsonpath_ng_1_6_1,e10e2263a12517c807631b26fbaedb5bbce23df7,runtime_ns,0,nan,0,nan,nan
jsonpath_ng_1_7_0,e10e2263a12517c807631b26fbaedb5bbce23df7,runtime_ns,0,nan,0,nan,nan
jsonpath_ng_1_8_0,e10e2263a12517c807631b26fbaedb5bbce23df7,runtime_ns,0,nan,0,nan,nan
jsonpath_ng_1_5_2,5344f73bd8e31598d1bfca47020a4bfbfa58f8d8,runtime_ns,6,506.8333333333333,40.9214695076639,463.88888479507403,549.7777818715927
jsonpath_ng_1_5_3,5344f73bd8e31598d1bfca47020a4bfbfa58f8d8,runtime_ns,3,500.0,0.0,500.0,500.0
jsonpath_ng_1_6_0,5344f73bd8e31598d1bfca47020a4bfbfa58f8d8,runtime_ns,3,500.0,0.0,500.0,500.0
jsonpath_ng_1_6_1,5344f73bd8e31598d1bfca47020a4bfbfa58f8d8,runtime_ns,3,500.0,0.0,500.0,500.0
jsonpath_ng_1_7_0,5344f73bd8e31598d1bfca47020a4bfbfa58f8d8,runtime_ns,3,500.0,0.0,500.0,500.0
jsonpath_ng_1_8_0,5344f73bd8e31598d1bfca47020a4bfbfa58f8d8,runtime_ns,3,500.0,0.0,500.0,500.0
jsonpath_ng_1_5_2,0f000268d59034357918123f1652a6afd012c880,runtime_ns,0,nan,0,nan,nan
jsonpath_ng_1_5_3,0f000268d59034357918123f1652a6afd012c880,runtime_ns,0,nan,0,nan,nan
jsonpath_ng_1_6_0,0f000268d59034357918123f1652a6afd012c880,runtime_ns,0,nan,0,nan,nan
jsonpath_ng_1_6_1,0f000268d59034357918123f1652a6afd012c880,runtime_ns,0,nan,0,nan,nan
jsonpath_ng_1_7_0,0f000268d59034357918123f1652a6afd012c880,runtime_ns,0,nan,0,nan,nan
jsonpath_ng_1_8_0,0f000268d59034357918123f1652a6afd012c880,runtime_ns,0,nan,0,nan,nan
jsonpath_ng_1_5_2,4669beb3890e22a75fc6d0e4a41130923aa72146,runtime_ns,0,nan,0,nan,nan
jsonpath_ng_1_5_3,4669beb3890e22a75fc6d0e4a41130923aa72146,runtime_ns,0,nan,0,nan,nan
jsonpath_ng_1_6_0,4669beb3890e22a75fc6d0e4a41130923aa72146,runtime_ns,0,nan,0,nan,nan
jsonpath_ng_1_6_1,4669beb3890e22a75fc6d0e4a41130923aa72146,runtime_ns,0,nan,0,nan,nan
jsonpath_ng_1_7_0,4669beb3890e22a75fc6d0e4a41130923aa72146,runtime_ns,0,nan,0,nan,nan
jsonpath_ng_1_8_0,4669beb3890e22a75fc6d0e4a41130923aa72146,runtime_ns,0,nan,0,nan,nan
jsonpath_ng_1_5_2,600790ef00daf5f99ffec35f385ae7fd71b51815,runtime_ns,3,500.0,0.0,500.0,500.0
jsonpath_ng_1_5_3,600790ef00daf5f99ffec35f385ae7fd71b51815,runtime_ns,3,500.0,0.0,500.0,500.0
jsonpath_ng_1_6_0,600790ef00daf5f99ffec35f385ae7fd71b51815,runtime_ns,3,500.0,0.0,500.0,500.0
jsonpath_ng_1_6_1,600790ef00daf5f99ffec35f385ae7fd71b51815,runtime_ns,3,500.0,0.0,500.0,500.0
jsonpath_ng_1_7_0,600790ef00daf5f99ffec35f385ae7fd71b51815,runtime_ns,6,513.8333333333334,33.88460810850063,478.2736179403644,549.3930487263024
jsonpath_ng_1_8_0,600790ef00daf5f99ffec35f385ae7fd71b51815,runtime_ns,3,500.0,0.0,500.0,500.0
jsonpath_ng_1_5_2,5a2d7eb37a133cf8097ade3ffebcc72bc79c2961,runtime_ns,3,1965.1666666666667,12.413030787576954,1934.330988770129,1996.0023445632046
jsonpath_ng_1_5_3,5a2d7eb37a133cf8097ade3ffebcc72bc79c2961,runtime_ns,3,2000.0,0.0,2000.0,2000.0
jsonpath_ng_1_6_0,5a2d7eb37a133cf8097ade3ffebcc72bc79c2961,runtime_ns,3,2041.8333333333333,0.28867513459481287,2041.1162245450416,2042.5504421216249
jsonpath_ng_1_6_1,5a2d7eb37a133cf8097ade3ffebcc72bc79c2961,runtime_ns,3,2055.1666666666665,24.105670149019574,1995.2848623824727,2115.04847095086
jsonpath_ng_1_7_0,5a2d7eb37a133cf8097ade3ffebcc72bc79c2961,runtime_ns,4,2000.25,33.88583774971485,1946.3300704259884,2054.169929574012
jsonpath_ng_1_8_0,5a2d7eb37a133cf8097ade3ffebcc72bc79c2961,runtime_ns,3,2048.8333333333335,11.835680518387328,2019.431873013379,2078.2347936532883
jsonpath_ng_1_5_2,104b82d313b5601a795e23b9e1d22c878d5880a4,runtime_ns,3,1993.1666666666667,11.835680518387328,1963.7652063467121,2022.5681269866213
jsonpath_ng_1_5_3,104b82d313b5601a795e23b9e1d22c878d5880a4,runtime_ns,4,1994.75,42.403812721656685,1927.2760714370106,2062.2239285629894
jsonpath_ng_1_6_0,104b82d313b5601a795e23b9e1d22c878d5880a4,runtime_ns,3,2020.5,35.50704155516198,1932.295619040136,2108.704380959864
jsonpath_ng_1_6_1,104b82d313b5601a795e23b9e1d22c878d5880a4,runtime_ns,3,2048.8333333333335,11.835680518387328,2019.431873013379,2078.2347936532883
jsonpath_ng_1_7_0,104b82d313b5601a795e23b9e1d22c878d5880a4,runtime_ns,3,2000.0,0.0,2000.0,2000.0
jsonpath_ng_1_8_0,104b82d313b5601a795e23b9e1d22c878d5880a4,runtime_ns,3,2027.6666666666667,23.96525262402492,1968.1336788517028,2087.1996544816307
jsonpath_ng_1_5_2,ec4cb701b7fae850a682c63046caa46d01d98b13,runtime_ns,3,26319.5,84.19174543861173,26110.356110137862,26528.643889862138
jsonpath_ng_1_5_3,ec4cb701b7fae850a682c63046caa46d01d98b13,runtime_ns,3,28222.166666666668,48.20874747733375,28102.409499021975,28341.92383431136
jsonpath_ng_1_6_0,ec4cb701b7fae850a682c63046caa46d01d98b13,runtime_ns,3,28375.166666666668,271.1348065692292,27701.630468699914,29048.702864633422
jsonpath_ng_1_6_1,ec4cb701b7fae850a682c63046caa46d01d98b13,runtime_ns,3,28180.5,79.04270997378569,27984.147023315174,28376.852976684826
jsonpath_ng_1_7_0,ec4cb701b7fae850a682c63046caa46d01d98b13,runtime_ns,3,28139.0,67.03916765593081,27972.465475461548,28305.534524538452
jsonpath_ng_1_8_0,ec4cb701b7fae850a682c63046caa46d01d98b13,runtime_ns,3,29812.5,314.3115492628294,29031.706827237533,30593.293172762467
jsonpath_ng_1_5_2,1fdb05fe413fe3a5cdd002ef96836a72900d4163,runtime_ns,3,21500.166666666668,41.750249500252494,21396.453297408105,21603.88003592523
jsonpath_ng_1_5_3,1fdb05fe413fe3a5cdd002ef96836a72900d4163,runtime_ns,3,22513.833333333332,73.726408656148,22330.686781238677,22696.979885427987
jsonpath_ng_1_6_0,1fdb05fe413fe3a5cdd002ef96836a72900d4163,runtime_ns,3,22340.333333333332,182.22536413280488,21887.660434253594,22793.00623241307
jsonpath_ng_1_6_1,1fdb05fe413fe3a5cdd002ef96836a72900d4163,runtime_ns,3,22354.166666666668,72.16878364870323,22174.889469593774,22533.44386373956
jsonpath_ng_1_7_0,1fdb05fe413fe3a5cdd002ef96836a72900d4163,runtime_ns,3,22395.666666666668,116.38442049232076,22106.551738661485,22684.78159467185
jsonpath_ng_1_8_0,1fdb05fe413fe3a5cdd002ef96836a72900d4163,runtime_ns,3,23638.666666666668,210.83781286413813,23114.916504667905,24162.41682866543
jsonpath_ng_1_5_2,8b3f0e1a61872cca6fa1c17e8fa56059c8610cb0,runtime_ns,3,109152.83333333333,301.37034249131636,108404.18790034753,109901.47876631912
jsonpath_ng_1_5_3,8b3f0e1a61872cca6fa1c17e8fa56059c8610cb0,runtime_ns,3,113208.33333333333,306.83763350236774,112446.10639656587,113970.56027010079
jsonpath_ng_1_6_0,8b3f0e1a61872cca6fa1c17e8fa56059c8610cb0,runtime_ns,3,114215.5,591.142326347894,112747.02105410738,115683.97894589262
jsonpath_ng_1_6_1,8b3f0e1a61872cca6fa1c17e8fa56059c8610cb0,runtime_ns,3,114298.66666666667,1493.4734960264054,110588.67283368787,118008.66049964547
jsonpath_ng_1_7_0,8b3f0e1a61872cca6fa1c17e8fa56059c8610cb0,runtime_ns,3,114139.16666666667,1103.9785248515177,111396.73198012052,116881.60135321283
jsonpath_ng_1_8_0,8b3f0e1a61872cca6fa1c17e8fa56059c8610cb0,runtime_ns,3,119638.66666666667,1249.4295031466695,116534.91171972656,122742.42161360678
jsonpath_ng_1_5_2,52312e8db4d088a8892a923d96ca18f9d4e9d4fd,runtime_ns,3,109409.83333333333,197.07380174273123,108920.2748704262,109899.39179624045
jsonpath_ng_1_5_3,52312e8db4d088a8892a923d96ca18f9d4e9d4fd,runtime_ns,3,113770.66666666667,794.000997060667,111798.2588467009,115743.07448663244
jsonpath_ng_1_6_0,52312e8db4d088a8892a923d96ca18f9d4e9d4fd,runtime_ns,3,114340.33333333333,122.38089447840024,114036.3223381618,114644.34432850486
jsonpath_ng_1_6_1,52312e8db4d088a8892a923d96ca18f9d4e9d4fd,runtime_ns,3,113333.33333333333,554.6332872568445,111955.54786826654,114711.11879840012
jsonpath_ng_1_7_0,52312e8db4d088a8892a923d96ca18f9d4e9d4fd,runtime_ns,3,113771.0,355.111602175992,112888.85387715454,114653.14612284546
jsonpath_ng_1_8_0,52312e8db4d088a8892a923d96ca18f9d4e9d4fd,runtime_ns,3,119611.0,844.7947975692085,117512.41338466785,121709.58661533215
jsonpath_ng_1_5_2,053a324d8f6388a22afc2910adbc84d015bafafc,runtime_ns,3,21458.166666666668,110.08216628197927,21184.707406014433,21731.625927318903
jsonpath_ng_1_5_3,053a324d8f6388a22afc2910adbc84d015bafafc,runtime_ns,3,22375.166666666668,110.1775082915444,22101.470563332958,22648.862770000378
jsonpath_ng_1_6_0,053a324d8f6388a22afc2910adbc84d015bafafc,runtime_ns,3,22284.833333333332,86.75012007676608,22069.33408855177,22500.332578114896
jsonpath_ng_1_6_1,053a324d8f6388a22afc2910adbc84d015bafafc,runtime_ns,3,22285.166666666668,132.357785314402,21956.371700723408,22613.961632609928
jsonpath_ng_1_7_0,053a324d8f6388a22afc2910adbc84d015bafafc,runtime_ns,3,22340.333333333332,43.15476026272575,22233.130965923152,22447.535700743512
jsonpath_ng_1_8_0,053a324d8f6388a22afc2910adbc84d015bafafc,runtime_ns,3,23375.333333333332,95.47032697824666,23138.171893733535,23612.49477293313
jsonpath_ng_1_5_2,00e7e61e85eeddc1e7b571b0da3bbc186fa77a3a,runtime_ns,3,21465.166666666668,93.9552198301581,21231.76896187078,21698.564371462555
jsonpath_ng_1_5_3,00e7e61e85eeddc1e7b571b0da3bbc186fa77a3a,runtime_ns,3,22305.666666666668,43.635803342362486,22197.269322001383,22414.064011331953
jsonpath_ng_1_6_0,00e7e61e85eeddc1e7b571b0da3bbc186fa77a3a,runtime_ns,3,22264.0,24.24871130596428,22203.762861783507,22324.237138216493
jsonpath_ng_1_6_1,00e7e61e85eeddc1e7b571b0da3bbc186fa77a3a,runtime_ns,3,22402.833333333332,168.48318412628998,21984.29790184944,22821.368764817224
jsonpath_ng_1_7_0,00e7e61e85eeddc1e7b571b0da3bbc186fa77a3a,runtime_ns,3,22409.833333333332,114.96339997291892,22124.24841598957,22695.418250677096
jsonpath_ng_1_8_0,00e7e61e85eeddc1e7b571b0da3bbc186fa77a3a,runtime_ns,3,23423.833333333332,193.5719073970532,22942.97405823287,23904.692608433794
jsonpath_ng_1_5_2,e4613ca4f774fa65a606ab25d18471eff0888797,runtime_ns,3,108416.83333333333,365.19595196734224,107509.63629687269,109324.03036979397
jsonpath_ng_1_5_3,e4613ca4f774fa65a606ab25d18471eff0888797,runtime_ns,3,112603.83333333333,389.30140422728164,111636.75503385498,113570.91163281168
jsonpath_ng_1_6_0,e4613ca4f774fa65a606ab25d18471eff0888797,runtime_ns,3,115513.83333333333,2064.8440820878786,110384.47628013433,120643.19038653233
jsonpath_ng_1_6_1,e4613ca4f774fa65a606ab25d18471eff0888797,runtime_ns,3,113132.0,230.4837304453397,112559.44667325584,113704.55332674416
jsonpath_ng_1_7_0,e4613ca4f774fa65a606ab25d18471eff0888797,runtime_ns,3,113014.16666666667,354.1978025529426,112134.2905479258,113894.04278540754
jsonpath_ng_1_8_0,e4613ca4f774fa65a606ab25d18471eff0888797,runtime_ns,3,119646.0,1235.4121781818405,116577.06601862288,122714.93398137712
jsonpath_ng_1_5_2,f3c0491860a1c62ecde3413839742b867661ef7d,runtime_ns,0,nan,0,nan,nan
jsonpath_ng_1_5_3,f3c0491860a1c62ecde3413839742b867661ef7d,runtime_ns,0,nan,0,nan,nan
jsonpath_ng_1_6_0,f3c0491860a1c62ecde3413839742b867661ef7d,runtime_ns,0,nan,0,nan,nan
jsonpath_ng_1_6_1,f3c0491860a1c62ecde3413839742b867661ef7d,runtime_ns,0,nan,0,nan,nan
jsonpath_ng_1_7_0,f3c0491860a1c62ecde3413839742b867661ef7d,runtime_ns,0,nan,0,nan,nan
jsonpath_ng_1_8_0,f3c0491860a1c62ecde3413839742b867661ef7d,runtime_ns,0,nan,0,nan,nan
jsonpath_ng_1_5_2,5863749467f8311e36206da40d614ca29b79b2ae,runtime_ns,3,109257.0,250.2938273309991,108635.23566450874,109878.76433549126
jsonpath_ng_1_5_3,5863749467f8311e36206da40d614ca29b79b2ae,runtime_ns,3,113465.33333333333,387.4926881030574,112502.74813378902,114427.91853287764
jsonpath_ng_1_6_0,5863749467f8311e36206da40d614ca29b79b2ae,runtime_ns,3,115423.66666666667,1150.9346564133575,112564.58648290984,118282.7468504235
jsonpath_ng_1_6_1,5863749467f8311e36206da40d614ca29b79b2ae,runtime_ns,3,114250.0,469.3857688511657,113083.9811102379,115416.0188897621
jsonpath_ng_1_7_0,5863749467f8311e36206da40d614ca29b79b2ae,runtime_ns,3,114305.5,1233.8939379055234,111240.33753654877,117370.66246345123
jsonpath_ng_1_8_0,5863749467f8311e36206da40d614ca29b79b2ae,runtime_ns,3,120027.83333333333,734.8548042527403,118202.35280142819,121853.31386523847
jsonpath_ng_1_5_2,a608191ee667c8497ff8c12b012a1e4c0bd12e18,runtime_ns,3,108527.83333333333,156.3620265068643,108139.40852660192,108916.25814006473
jsonpath_ng_1_5_3,a608191ee667c8497ff8c12b012a1e4c0bd12e18,runtime_ns,3,112749.83333333333,129.90413131741937,112427.13358181556,113072.5330848511
jsonpath_ng_1_6_0,a608191ee667c8497ff8c12b012a1e4c0bd12e18,runtime_ns,3,113625.0,390.3123748998999,112655.41031014832,114594.58968985168
jsonpath_ng_1_6_1,a608191ee667c8497ff8c12b012a1e4c0bd12e18,runtime_ns,3,113270.66666666667,54.9939390599849,113134.05414873007,113407.27918460328
jsonpath_ng_1_7_0,a608191ee667c8497ff8c12b012a1e4c0bd12e18,runtime_ns,3,113104.33333333333,346.76084457927675,112242.93164235556,113965.7350243111
jsonpath_ng_1_8_0,a608191ee667c8497ff8c12b012a1e4c0bd12e18,runtime_ns,3,119270.66666666667,239.82094014771383,118674.91842517832,119866.41490815503
jsonpath_ng_1_5_2,2c1f60ba21d07a67c97b1024698a2ef61df017fa,runtime_ns,3,108666.83333333333,438.98557303553076,107576.33271644144,109757.33395022522
jsonpath_ng_1_5_3,2c1f60ba21d07a67c97b1024698a2ef61df017fa,runtime_ns,3,113368.0,462.00568178324386,112220.31426283933,114515.68573716067
jsonpath_ng_1_6_0,2c1f60ba21d07a67c97b1024698a2ef61df017fa,runtime_ns,3,113875.16666666667,320.57929336333206,113078.80355441655,114671.5297789168
jsonpath_ng_1_6_1,2c1f60ba21d07a67c97b1024698a2ef61df017fa,runtime_ns,3,113576.66666666667,373.14083578902665,112649.73344468912,114503.59988864422
jsonpath_ng_1_7_0,2c1f60ba21d07a67c97b1024698a2ef61df017fa,runtime_ns,3,113034.66666666667,230.5137378407919,112462.03879741984,113607.2945359135
jsonpath_ng_1_8_0,2c1f60ba21d07a67c97b1024698a2ef61df017fa,runtime_ns,3,119562.5,445.44387974244296,118455.95605986341,120669.04394013659
jsonpath_ng_1_5_2,b10fc019826c8c36b711e22212f483976d819efb,runtime_ns,5,43087.5,1452.2534214110153,41284.2892103657,44890.7107896343
jsonpath_ng_1_5_3,b10fc019826c8c36b711e22212f483976d819efb,runtime_ns,3,45867.833333333336,272.05713248017105,45192.00595078869,46543.66071587798
jsonpath_ng_1_6_0,b10fc019826c8c36b711e22212f483976d819efb,runtime_ns,3,45124.833333333336,110.36568005196784,44850.669785433274,45398.9968812334
jsonpath_ng_1_6_1,b10fc019826c8c36b711e22212f483976d819efb,runtime_ns,3,45583.5,95.41619359416933,45346.47303518105,45820.52696481895
jsonpath_ng_1_7_0,b10fc019826c8c36b711e22212f483976d819efb,runtime_ns,3,45340.333333333336,411.57026536587085,44317.93611610289,46362.730550563785
jsonpath_ng_1_8_0,b10fc019826c8c36b711e22212f483976d819efb,runtime_ns,3,48187.5,90.67662322781986,47962.2467806656,48412.7532193344
jsonpath_ng_1_5_2,57dfc008b1b6f14f0c52d7423b806cc20992d8ff,runtime_ns,3,22104.166666666668,170.85398249187327,21679.741845555876,22528.59148777746
jsonpath_ng_1_5_3,57dfc008b1b6f14f0c52d7423b806cc20992d8ff,runtime_ns,3,23917.0,144.62624243200125,23557.72849706592,24276.27150293408
jsonpath_ng_1_6_0,57dfc008b1b6f14f0c52d7423b806cc20992d8ff,runtime_ns,3,23680.5,52.35217282978807,23550.449993181453,23810.550006818547
jsonpath_ng_1_6_1,57dfc008b1b6f14f0c52d7423b806cc20992d8ff,runtime_ns,3,23833.333333333332,75.43926917284746,23645.93179983418,24020.734866832485
jsonpath_ng_1_7_0,57dfc008b1b6f14f0c52d7423b806cc20992d8ff,runtime_ns,5,23704.3,951.7498752298316,22522.546444632193,24886.053555367806
jsonpath_ng_1_8_0,57dfc008b1b6f14f0c52d7423b806cc20992d8ff,runtime_ns,4,25541.75,716.0882743535651,24402.293758513257,26681.206241486743
jsonpath_ng_1_5_2,ecc5cc84b031cced99a8dec6a5f33471904cf4b8,runtime_ns,3,1513.6666666666667,11.835680518387328,1484.2652063467121,1543.0681269866213
jsonpath_ng_1_5_3,ecc5cc84b031cced99a8dec6a5f33471904cf4b8,runtime_ns,6,1555.5,81.57144108080965,1469.896022532123,1641.103977467877
jsonpath_ng_1_6_0,ecc5cc84b031cced99a8dec6a5f33471904cf4b8,runtime_ns,3,1604.1666666666667,21.001984033260605,1551.9948461080658,1656.3384872252677
jsonpath_ng_1_6_1,ecc5cc84b031cced99a8dec6a5f33471904cf4b8,runtime_ns,3,1618.1666666666667,11.835680518387328,1588.7652063467121,1647.5681269866213
jsonpath_ng_1_7_0,ecc5cc84b031cced99a8dec6a5f33471904cf4b8,runtime_ns,3,1569.6666666666667,11.98262631201246,1539.900172759185,1599.4331605741486
jsonpath_ng_1_8_0,ecc5cc84b031cced99a8dec6a5f33471904cf4b8,runtime_ns,3,1625.0,0.0,1625.0,1625.0
jsonpath_ng_1_5_2,38be40b4468ae23cc4cb345735892371f8b6f6ce,runtime_ns,3,43743.166666666664,192.40213962774254,43265.213255795934,44221.120077537395
jsonpath_ng_1_5_3,38be40b4468ae23cc4cb345735892371f8b6f6ce,runtime_ns,3,45458.0,265.8190173783659,44797.66895442999,46118.33104557001
jsonpath_ng_1_6_0,38be40b4468ae23cc4cb345735892371f8b6f6ce,runtime_ns,3,45305.833333333336,114.91772419141154,45020.36188092093,45591.30478574574
jsonpath_ng_1_6_1,38be40b4468ae23cc4cb345735892371f8b6f6ce,runtime_ns,3,45666.833333333336,216.36215781262058,45129.35993771533,46204.30672895134
jsonpath_ng_1_7_0,38be40b4468ae23cc4cb345735892371f8b6f6ce,runtime_ns,3,45145.833333333336,162.86292805096355,44741.25939191585,45550.40727475082
jsonpath_ng_1_8_0,38be40b4468ae23cc4cb345735892371f8b6f6ce,runtime_ns,3,47951.333333333336,66.93529213601248,47785.05684989124,48117.60981677543
jsonpath_ng_1_5_2,34b42c7148c8390a49d1ec9a78da0a10ad941e43,runtime_ns,4,1546.875,35.45037611460091,1490.4655407565854,1603.2844592434146
jsonpath_ng_1_5_3,34b42c7148c8390a49d1ec9a78da0a10ad941e43,runtime_ns,3,1583.3333333333333,0.28867513459481287,1582.6162245450416,1584.0504421216249
jsonpath_ng_1_6_0,34b42c7148c8390a49d1ec9a78da0a10ad941e43,runtime_ns,3,1597.0,24.24871130596428,1536.7628617835076,1657.2371382164924
jsonpath_ng_1_6_1,34b42c7148c8390a49d1ec9a78da0a10ad941e43,runtime_ns,3,1611.3333333333333,11.835680518387328,1581.9318730133787,1640.7347936532879
jsonpath_ng_1_7_0,34b42c7148c8390a49d1ec9a78da0a10ad941e43,runtime_ns,6,1604.0,81.25823035237723,1518.7247170333376,1689.2752829666624
jsonpath_ng_1_8_0,34b42c7148c8390a49d1ec9a78da0a10ad941e43,runtime_ns,4,1625.25,33.88583774971485,1571.3300704259884,1679.1699295740116
jsonpath_ng_1_5_2,a5bc3a9f74b8bb2eb370a9ee78e013ddd0b69e59,runtime_ns,3,43652.666666666664,114.96339997291892,43367.0817493229,43938.25158401043
jsonpath_ng_1_5_3,a5bc3a9f74b8bb2eb370a9ee78e013ddd0b69e59,runtime_ns,3,45562.833333333336,344.0568024808307,44708.14885530647,46417.5178113602
jsonpath_ng_1_6_0,a5bc3a9f74b8bb2eb370a9ee78e013ddd0b69e59,runtime_ns,3,45354.333333333336,398.9224026465966,44363.35514885688,46345.311517809794
jsonpath_ng_1_6_1,a5bc3a9f74b8bb2eb370a9ee78e013ddd0b69e59,runtime_ns,3,45409.666666666664,232.08260023821978,44833.14152717383,45986.1918061595
jsonpath_ng_1_7_0,a5bc3a9f74b8bb2eb370a9ee78e013ddd0b69e59,runtime_ns,6,44173.75,1767.9828831184989,42318.36575172939,46029.13424827061
jsonpath_ng_1_8_0,a5bc3a9f74b8bb2eb370a9ee78e013ddd0b69e59,runtime_ns,3,47986.166666666664,43.434817063426586,47878.26859959643,48094.0647337369
jsonpath_ng_1_5_2,7277d2d385ae46f16a2ae1de234660449d62da5a,runtime_ns,3,43687.5,126.46442187429633,43373.344960427356,44001.655039572644
jsonpath_ng_1_5_3,7277d2d385ae46f16a2ae1de234660449d62da5a,runtime_ns,3,45333.5,75.23130997131447,45146.61506579588,45520.38493420412
jsonpath_ng_1_6_0,7277d2d385ae46f16a2ae1de234660449d62da5a,runtime_ns,3,45277.833333333336,161.5180588458558,44876.60023222564,45679.06643444103
jsonpath_ng_1_6_1,7277d2d385ae46f16a2ae1de234660449d62da5a,runtime_ns,3,45583.333333333336,181.6399827497606,45132.11460222297,46034.5520644437
jsonpath_ng_1_7_0,7277d2d385ae46f16a2ae1de234660449d62da5a,runtime_ns,3,45243.0,175.2227154224018,44807.72264466392,45678.27735533608
jsonpath_ng_1_8_0,7277d2d385ae46f16a2ae1de234660449d62da5a,runtime_ns,3,47875.0,75.23130997131447,47688.11506579588,48061.88493420412
jsonpath_ng_1_5_2,8d15c491583f30175b93cdf3cd5f58b4bf191fe3,runtime_ns,5,45154.1,1597.704423540224,43170.287937519206,47137.91206248079
jsonpath_ng_1_5_3,8d15c491583f30175b93cdf3cd5f58b4bf191fe3,runtime_ns,3,45478.833333333336,253.46219310448123,44849.19834093955,46108.468325727124
jsonpath_ng_1_6_0,8d15c491583f30175b93cdf3cd5f58b4bf191fe3,runtime_ns,3,45416.333333333336,208.50019984003214,44898.39012400323,45934.27654266344
jsonpath_ng_1_6_1,8d15c491583f30175b93cdf3cd5f58b4bf191fe3,runtime_ns,3,45250.0,225.34695471649934,44690.20713156065,45809.79286843935
jsonpath_ng_1_7_0,8d15c491583f30175b93cdf3cd5f58b4bf191fe3,runtime_ns,3,45521.166666666664,690.8430236553984,43805.017458704664,47237.315874628664
jsonpath_ng_1_8_0,8d15c491583f30175b93cdf3cd5f58b4bf191fe3,runtime_ns,3,47895.666666666664,162.86292805096355,47491.09272524918,48300.24060808415
jsonpath_ng_1_5_2,7c77ca3568e50cc33f211d3248d7b39b4ff58119,runtime_ns,3,1486.1666666666667,11.98262631201246,1456.400172759185,1515.9331605741486
jsonpath_ng_1_5_3,7c77ca3568e50cc33f211d3248d7b39b4ff58119,runtime_ns,3,1604.0,21.0,1551.833108053243,1656.166891946757
jsonpath_ng_1_6_0,7c77ca3568e50cc33f211d3248d7b39b4ff58119,runtime_ns,3,1625.1666666666667,0.28867513459481287,1624.4495578783751,1625.8837754549584
jsonpath_ng_1_6_1,7c77ca3568e50cc33f211d3248d7b39b4ff58119,runtime_ns,3,1590.3333333333333,11.835680518387328,1560.9318730133787,1619.7347936532879
jsonpath_ng_1_7_0,7c77ca3568e50cc33f211d3248d7b39b4ff58119,runtime_ns,3,1576.6666666666667,12.271240089466644,1546.18321639048,1607.1501169428534
jsonpath_ng_1_8_0,7c77ca3568e50cc33f211d3248d7b39b4ff58119,runtime_ns,3,1604.5,20.5,1553.5751769091182,1655.4248230908818
jsonpath_ng_1_5_2,ab466bd9f48313ac7450292a949ff302b357254f,runtime_ns,3,43708.0,62.5,43552.7413930156,43863.2586069844
jsonpath_ng_1_5_3,ab466bd9f48313ac7450292a949ff302b357254f,runtime_ns,3,45687.666666666664,366.3162340564957,44777.68669522056,46597.64663811277
jsonpath_ng_1_6_0,ab466bd9f48313ac7450292a949ff302b357254f,runtime_ns,3,45513.833333333336,86.86963412685317,45298.03719919287,45729.6294674738
jsonpath_ng_1_6_1,ab466bd9f48313ac7450292a949ff302b357254f,runtime_ns,3,45548.5,156.7505980849834,45159.109927957674,45937.890072042326
jsonpath_ng_1_7_0,ab466bd9f48313ac7450292a949ff302b357254f,runtime_ns,3,45132.0,32.07802986469088,45052.31375629447,45211.68624370553
jsonpath_ng_1_8_0,ab466bd9f48313ac7450292a949ff302b357254f,runtime_ns,3,48069.333333333336,177.34876186016447,47628.774585864274,48509.8920808024
jsonpath_ng_1_5_2,1c8661964de0cae698e5a470f6ce3a2c967207ee,runtime_ns,3,500.0,0.0,500.0,500.0
jsonpath_ng_1_5_3,1c8661964de0cae698e5a470f6ce3a2c967207ee,runtime_ns,3,500.0,0.0,500.0,500.0
jsonpath_ng_1_6_0,1c8661964de0cae698e5a470f6ce3a2c967207ee,runtime_ns,4,505.25,10.5,488.54215689726055,521.9578431027395
jsonpath_ng_1_6_1,1c8661964de0cae698e5a470f6ce3a2c967207ee,runtime_ns,3,500.0,0.0,500.0,500.0
jsonpath_ng_1_7_0,1c8661964de0cae698e5a470f6ce3a2c967207ee,runtime_ns,3,500.0,0.0,500.0,500.0
jsonpath_ng_1_8_0,1c8661964de0cae698e5a470f6ce3a2c967207ee,runtime_ns,5,508.4,18.782971010998235,485.0778611163385,531.7221388836615
jsonpath_ng_1_5_2,e2f6e63ce9db91c46b4630e78a06d57c64fb96e1,runtime_ns,3,500.0,0.0,500.0,500.0
jsonpath_ng_1_5_3,e2f6e63ce9db91c46b4630e78a06d57c64fb96e1,runtime_ns,3,500.0,0.0,500.0,500.0
jsonpath_ng_1_6_0,e2f6e63ce9db91c46b4630e78a06d57c64fb96e1,runtime_ns,3,500.0,0.0,500.0,500.0
jsonpath_ng_1_6_1,e2f6e63ce9db91c46b4630e78a06d57c64fb96e1,runtime_ns,3,500.0,0.0,500.0,500.0
jsonpath_ng_1_7_0,e2f6e63ce9db91c46b4630e78a06d57c64fb96e1,runtime_ns,3,500.0,0.0,500.0,500.0
jsonpath_ng_1_8_0,e2f6e63ce9db91c46b4630e78a06d57c64fb96e1,runtime_ns,6,513.8333333333334,21.43284084452331,491.3409462868723,536.3257203797945
jsonpath_ng_1_5_2,3603b27e12368a7d74416f8d3caf543ac3658d8c,runtime_ns,3,500.0,0.0,500.0,500.0
jsonpath_ng_1_5_3,3603b27e12368a7d74416f8d3caf543ac3658d8c,runtime_ns,3,500.0,0.0,500.0,500.0
jsonpath_ng_1_6_0,3603b27e12368a7d74416f8d3caf543ac3658d8c,runtime_ns,3,500.0,0.0,500.0,500.0
jsonpath_ng_1_6_1,3603b27e12368a7d74416f8d3caf543ac3658d8c,runtime_ns,3,500.0,0.0,500.0,500.0
jsonpath_ng_1_7_0,3603b27e12368a7d74416f8d3caf543ac3658d8c,runtime_ns,3,500.0,0.0,500.0,500.0
jsonpath_ng_1_8_0,3603b27e12368a7d74416f8d3caf543ac3658d8c,runtime_ns,3,500.0,0.0,500.0,500.0
jsonpath_ng_1_5_2,026700eac98832afc917987c53d6f1e05001d093,runtime_ns,3,109507.0,672.2691053439835,107836.99096297036,111177.00903702964
jsonpath_ng_1_5_3,026700eac98832afc917987c53d6f1e05001d093,runtime_ns,3,113624.83333333333,554.6332872568445,112247.04786826654,115002.61879840012
jsonpath_ng_1_6_0,026700eac98832afc917987c53d6f1e05001d093,runtime_ns,3,114638.83333333333,394.7721916920356,113658.16484440082,115619.50182226584
jsonpath_ng_1_6_1,026700eac98832afc917987c53d6f1e05001d093,runtime_ns,3,113506.66666666667,509.4296647559242,112241.17322496216,114772.16010837119
jsonpath_ng_1_7_0,026700eac98832afc917987c53d6f1e05001d093,runtime_ns,3,113694.33333333333,590.6516175660008,112227.0733756313,115161.59329103536
jsonpath_ng_1_8_0,026700eac98832afc917987c53d6f1e05001d093,runtime_ns,3,120520.83333333333,1086.2173278554035,117822.51990605105,123219.14676061561
jsonpath_ng_1_5_2,f5e524befc3e49c95d561530f80479b82c282e32,runtime_ns,5,111908.4,4207.442741737551,106684.16982308074,117132.63017691925
jsonpath_ng_1_5_3,f5e524befc3e49c95d561530f80479b82c282e32,runtime_ns,3,113590.16666666667,391.00713974726006,112618.85108525687,114561.48224807647
jsonpath_ng_1_6_0,f5e524befc3e49c95d561530f80479b82c282e32,runtime_ns,3,115423.66666666667,1455.2113534924517,111808.72126488884,119038.6120684445
jsonpath_ng_1_6_1,f5e524befc3e49c95d561530f80479b82c282e32,runtime_ns,3,113916.66666666667,260.8746506146838,113268.61810903504,114564.7152242983
jsonpath_ng_1_7_0,f5e524befc3e49c95d561530f80479b82c282e32,runtime_ns,3,113840.16666666667,138.8365345769381,113495.27759535536,114185.05573797798
jsonpath_ng_1_8_0,f5e524befc3e49c95d561530f80479b82c282e32,runtime_ns,3,119701.66666666667,216.97369272179827,119162.67413411873,120240.65919921461
jsonpath_ng_1_5_2,bb7dbb161dc965a52163ca24b54069d0668a35f2,runtime_ns,0,nan,0,nan,nan
jsonpath_ng_1_5_3,bb7dbb161dc965a52163ca24b54069d0668a35f2,runtime_ns,0,nan,0,nan,nan
jsonpath_ng_1_6_0,bb7dbb161dc965a52163ca24b54069d0668a35f2,runtime_ns,0,nan,0,nan,nan
jsonpath_ng_1_6_1,bb7dbb161dc965a52163ca24b54069d0668a35f2,runtime_ns,0,nan,0,nan,nan
jsonpath_ng_1_7_0,bb7dbb161dc965a52163ca24b54069d0668a35f2,runtime_ns,0,nan,0,nan,nan
jsonpath_ng_1_8_0,bb7dbb161dc965a52163ca24b54069d0668a35f2,runtime_ns,3,50472.166666666664,299.28929705776875,49728.690837122216,51215.64249621111
jsonpath_ng_1_5_2,7964ad8d2115594640c2544725556723865cd8f6,runtime_ns,3,1375.0,0.0,1375.0,1375.0
jsonpath_ng_1_5_3,7964ad8d2115594640c2544725556723865cd8f6,runtime_ns,3,1527.3333333333333,11.835680518387328,1497.9318730133787,1556.7347936532879
jsonpath_ng_1_6_0,7964ad8d2115594640c2544725556723865cd8f6,runtime_ns,3,1528.0,24.24871130596428,1467.7628617835076,1588.2371382164924
jsonpath_ng_1_6_1,7964ad8d2115594640c2544725556723865cd8f6,runtime_ns,3,1541.6666666666667,21.001984033260605,1489.4948461080658,1593.8384872252677
jsonpath_ng_1_7_0,7964ad8d2115594640c2544725556723865cd8f6,runtime_ns,3,1534.8333333333333,12.413030787576954,1503.9976554367954,1565.669011229871
jsonpath_ng_1_8_0,7964ad8d2115594640c2544725556723865cd8f6,runtime_ns,3,1569.0,24.24871130596428,1508.7628617835076,1629.2371382164924
jsonpath_ng_1_5_2,27af28f010ff058d19a95d7197e9ef3b0fc68252,runtime_ns,0,nan,0,nan,nan
jsonpath_ng_1_5_3,27af28f010ff058d19a95d7197e9ef3b0fc68252,runtime_ns,0,nan,0,nan,nan
jsonpath_ng_1_6_0,27af28f010ff058d19a95d7197e9ef3b0fc68252,runtime_ns,0,nan,0,nan,nan
jsonpath_ng_1_6_1,27af28f010ff058d19a95d7197e9ef3b0fc68252,runtime_ns,0,nan,0,nan,nan
jsonpath_ng_1_7_0,27af28f010ff058d19a95d7197e9ef3b0fc68252,runtime_ns,0,nan,0,nan,nan
jsonpath_ng_1_8_0,27af28f010ff058d19a95d7197e9ef3b0fc68252,runtime_ns,3,28089.833333333332,52.58405968859131,27959.207287623973,28220.45937904269
jsonpath_ng_1_5_2,c67931f9d8efda1135ea3d7ce31184de4d7d9991,runtime_ns,3,1986.1666666666667,23.96003617136947,1926.646637238466,2045.6866960948676
jsonpath_ng_1_5_3,c67931f9d8efda1135ea3d7ce31184de4d7d9991,runtime_ns,3,1951.5,12.134661099511597,1921.3558307433934,1981.6441692566066
jsonpath_ng_1_6_0,c67931f9d8efda1135ea3d7ce31184de4d7d9991,runtime_ns,3,1965.3333333333333,11.846237095944574,1935.9056490209616,1994.761017645705
jsonpath_ng_1_6_1,c67931f9d8efda1135ea3d7ce31184de4d7d9991,runtime_ns,3,1916.8333333333333,0.28867513459481287,1916.1162245450416,1917.5504421216249
jsonpath_ng_1_7_0,c67931f9d8efda1135ea3d7ce31184de4d7d9991,runtime_ns,4,1984.375,57.575132073954755,1892.7601168275105,2075.9898831724895
jsonpath_ng_1_8_0,c67931f9d8efda1135ea3d7ce31184de4d7d9991,runtime_ns,3,2104.1666666666665,36.08439182435161,2014.5280681302195,2193.805265203114
jsonpath_ng_1_5_2,6b855404e00721ebbb2c65afb90b2718528fe214,runtime_ns,5,1966.6,54.33967243184302,1899.1283850671948,2034.071614932805
jsonpath_ng_1_5_3,6b855404e00721ebbb2c65afb90b2718528fe214,runtime_ns,4,1989.625,52.21968817728935,1906.5318231485592,2072.718176851441
jsonpath_ng_1_6_0,6b855404e00721ebbb2c65afb90b2718528fe214,runtime_ns,3,1965.1666666666667,31.860372460681205,1886.021113926677,2044.3122194066566
jsonpath_ng_1_6_1,6b855404e00721ebbb2c65afb90b2718528fe214,runtime_ns,3,1937.6666666666667,20.750502001959696,1886.119562105848,1989.2137712274855
jsonpath_ng_1_7_0,6b855404e00721ebbb2c65afb90b2718528fe214,runtime_ns,3,1895.5,20.5,1844.5751769091182,1946.4248230908818
jsonpath_ng_1_8_0,6b855404e00721ebbb2c65afb90b2718528fe214,runtime_ns,3,2104.1666666666665,41.50100400391939,2001.072457545029,2207.260875788304
jsonpath_ng_1_5_2,9bd92e91c3358ec6e903b8112d490139f645ebf0,runtime_ns,0,nan,0,nan,nan
jsonpath_ng_1_5_3,9bd92e91c3358ec6e903b8112d490139f645ebf0,runtime_ns,0,nan,0,nan,nan
jsonpath_ng_1_6_0,9bd92e91c3358ec6e903b8112d490139f645ebf0,runtime_ns,0,nan,0,nan,nan
jsonpath_ng_1_6_1,9bd92e91c3358ec6e903b8112d490139f645ebf0,runtime_ns,0,nan,0,nan,nan
jsonpath_ng_1_7_0,9bd92e91c3358ec6e903b8112d490139f645ebf0,runtime_ns,0,nan,0,nan,nan
jsonpath_ng_1_8_0,9bd92e91c3358ec6e903b8112d490139f645ebf0,runtime_ns,3,44666.833333333336,0.28867513459481287,44666.11622454505,44667.550442121625
jsonpath_ng_1_5_2,f70c5ff545263c17d0b66265f456472c3ef38132,runtime_ns,0,nan,0,nan,nan
jsonpath_ng_1_5_3,f70c5ff545263c17d0b66265f456472c3ef38132,runtime_ns,0,nan,0,nan,nan
jsonpath_ng_1_6_0,f70c5ff545263c17d0b66265f456472c3ef38132,runtime_ns,0,nan,0,nan,nan
jsonpath_ng_1_6_1,f70c5ff545263c17d0b66265f456472c3ef38132,runtime_ns,0,nan,0,nan,nan
jsonpath_ng_1_7_0,f70c5ff545263c17d0b66265f456472c3ef38132,runtime_ns,0,nan,0,nan,nan
jsonpath_ng_1_8_0,f70c5ff545263c17d0b66265f456472c3ef38132,runtime_ns,0,nan,0,nan,nan
jsonpath_ng_1_5_2,74af23e4d2851aa200645879475c87a72ee871ef,runtime_ns,3,1972.5,12.12435565298214,1942.3814308917538,2002.6185691082462
jsonpath_ng_1_5_3,74af23e4d2851aa200645879475c87a72ee871ef,runtime_ns,3,1979.3333333333333,20.750502001959696,1927.7862287725145,2030.880437894152
jsonpath_ng_1_6_0,74af23e4d2851aa200645879475c87a72ee871ef,runtime_ns,3,1944.3333333333333,32.296800667145554,1864.1036328271937,2024.5630338394728
jsonpath_ng_1_6_1,74af23e4d2851aa200645879475c87a72ee871ef,runtime_ns,4,1974.0,51.93425330806891,1891.361013721034,2056.638986278966
jsonpath_ng_1_7_0,74af23e4d2851aa200645879475c87a72ee871ef,runtime_ns,3,1895.8333333333333,36.08439182435161,1806.1947347968862,1985.4719318697803
jsonpath_ng_1_8_0,74af23e4d2851aa200645879475c87a72ee871ef,runtime_ns,3,2090.1666666666665,31.860372460681205,2011.0211139266767,2169.3122194066564
jsonpath_ng_1_5_2,4728bdabe86cf657dcc8188a243732e7f0d49415,runtime_ns,0,nan,0,nan,nan
jsonpath_ng_1_5_3,4728bdabe86cf657dcc8188a243732e7f0d49415,runtime_ns,0,nan,0,nan,nan
jsonpath_ng_1_6_0,4728bdabe86cf657dcc8188a243732e7f0d49415,runtime_ns,0,nan,0,nan,nan
jsonpath_ng_1_6_1,4728bdabe86cf657dcc8188a243732e7f0d49415,runtime_ns,0,nan,0,nan,nan
jsonpath_ng_1_7_0,4728bdabe86cf657dcc8188a243732e7f0d49415,runtime_ns,0,nan,0,nan,nan
jsonpath_ng_1_8_0,4728bdabe86cf657dcc8188a243732e7f0d49415,runtime_ns,3,44750.166666666664,340.9443991816456,43903.21382704948,45597.119506283845
jsonpath_ng_1_5_2,d304ebbd6c086ff4e84b2661e90e83a686ac0047,runtime_ns,0,nan,0,nan,nan
jsonpath_ng_1_5_3,d304ebbd6c086ff4e84b2661e90e83a686ac0047,runtime_ns,0,nan,0,nan,nan
jsonpath_ng_1_6_0,d304ebbd6c086ff4e84b2661e90e83a686ac0047,runtime_ns,0,nan,0,nan,nan
jsonpath_ng_1_6_1,d304ebbd6c086ff4e84b2661e90e83a686ac0047,runtime_ns,0,nan,0,nan,nan
jsonpath_ng_1_7_0,d304ebbd6c086ff4e84b2661e90e83a686ac0047,runtime_ns,0,nan,0,nan,nan
jsonpath_ng_1_8_0,d304ebbd6c086ff4e84b2661e90e83a686ac0047,runtime_ns,3,44659.833333333336,202.43599811627706,44156.95443619687,45162.7122304698
jsonpath_ng_1_5_2,675fb2b7faf28def3d3f2beb35ec8d54f27f853b,runtime_ns,0,nan,0,nan,nan
jsonpath_ng_1_5_3,675fb2b7faf28def3d3f2beb35ec8d54f27f853b,runtime_ns,0,nan,0,nan,nan
jsonpath_ng_1_6_0,675fb2b7faf28def3d3f2beb35ec8d54f27f853b,runtime_ns,0,nan,0,nan,nan
jsonpath_ng_1_6_1,675fb2b7faf28def3d3f2beb35ec8d54f27f853b,runtime_ns,0,nan,0,nan,nan
jsonpath_ng_1_7_0,675fb2b7faf28def3d3f2beb35ec8d54f27f853b,runtime_ns,0,nan,0,nan,nan
jsonpath_ng_1_8_0,675fb2b7faf28def3d3f2beb35ec8d54f27f853b,runtime_ns,3,28208.0,110.17713011328621,27934.304836113162,28481.695163886838
jsonpath_ng_1_5_2,9f9763c10572a447de56e05fe1f60f253af28a54,runtime_ns,0,nan,0,nan,nan
jsonpath_ng_1_5_3,9f9763c10572a447de56e05fe1f60f253af28a54,runtime_ns,0,nan,0,nan,nan
jsonpath_ng_1_6_0,9f9763c10572a447de56e05fe1f60f253af28a54,runtime_ns,0,nan,0,nan,nan
jsonpath_ng_1_6_1,9f9763c10572a447de56e05fe1f60f253af28a54,runtime_ns,0,nan,0,nan,nan
jsonpath_ng_1_7_0,9f9763c10572a447de56e05fe1f60f253af28a54,runtime_ns,0,nan,0,nan,nan
jsonpath_ng_1_8_0,9f9763c10572a447de56e05fe1f60f253af28a54,runtime_ns,0,nan,0,nan,nan
jsonpath_ng_1_5_2,fa9899a5a7efc68f284e65ad8a811999adc061fe,runtime_ns,0,nan,0,nan,nan
jsonpath_ng_1_5_3,fa9899a5a7efc68f284e65ad8a811999adc061fe,runtime_ns,0,nan,0,nan,nan
jsonpath_ng_1_6_0,fa9899a5a7efc68f284e65ad8a811999adc061fe,runtime_ns,0,nan,0,nan,nan
jsonpath_ng_1_6_1,fa9899a5a7efc68f284e65ad8a811999adc061fe,runtime_ns,0,nan,0,nan,nan
jsonpath_ng_1_7_0,fa9899a5a7efc68f284e65ad8a811999adc061fe,runtime_ns,0,nan,0,nan,nan
jsonpath_ng_1_8_0,fa9899a5a7efc68f284e65ad8a811999adc061fe,runtime_ns,0,nan,0,nan,nan
