function_name,input_id,memory_after,runtime_ns,rss,count_segment,count_descendant_segment,count_member_name_shorthand,count_name_char,count_name_first,count_wildcard_selector,count_bracketed_selection,count_more_selector,count_union_selector,count_index_selector,count_int,count_pos_int,count_DIGIT,count_DIGIT1,count_name_selector,count_name_dq_chars,count_name_dq_mixed,count_name_dq_special,count_escapable,count_hexchar,count_high_surrogate,count_D,count_HEXDIG,count_low_surrogate,count_non_surrogate,count_non_d_hex,count_oct_digit,count_name_dq_char,count_name_sq_chars,count_name_sq_mixed,count_name_sq_special,count_name_sq_char,count_selector,count_slice_selector,count_filter_selector,count_logical_expr,count_logical_and_expr,count_basic_expr,count_paren_expr,count_logical_not_op,count_S,count_B,count_test_expr,count_logical_function_expr,count_match_expr,count_search_expr,count_filter_query,count_abs_query,count_rel_query,count_comparison_expr,count_comparable,count_value_function_expr,count_singular_query,count_literal,count_number,count_string_literal,count_dq_chars,count_sq_chars,count_and_tail,count_or_tail,count_value_argument,count_length_expr,count_count_expr,count_value_expr,count_abs_singular_query,count_singular_segment,count_rel_singular_query,count_frac,count_exp,count_dq_mixed,count_letter,count_sq_mixed,count_child_segment,count_index_segment,count_name_segment,count_sign_opt,count_dq_special,count_dq_char,count_sq_special,count_sq_char,count_regex_argument,count_iregexp_literal,count_ire_regexp,count_ire_alt,count_ire_branch,count_ire_piece,count_ire_quantifier,count_ire_range_quantifier,count_ire_char_class,count_ire_char_class_expr,count_ire_cce1,count_ire_normal_char,count_ws,count_nonempty_object,count_member,count_doc_name_mixed,count_doc_name_special,count_doc_escape,count_doc_name_char,count_value,count_doc_number,count_doc_exp,count_doc_string,count_doc_mixed,count_doc_special,count_doc_char,count_array,count_nonempty_array,count_object,count_more_value,count_more_member,doc_depth,doc_bytes,query_len
plus,ca0a06c1568077fc00b7a010c82a23e0c5288a24,0,2786.375,54341632.0,0,0,0,0,0,0,0,0,0,0,0,1,13,8,0,0,0,0,0,0,0,0,0,0,0,0,0,0,0,0,0,0,0,0,0,0,0,0,0,0,0,35,0,0,0,0,0,0,0,0,0,0,0,0,0,0,0,0,0,0,0,0,0,0,0,0,0,2,0,0,0,0,0,0,0,1,0,0,0,0,0,0,0,0,0,0,0,0,0,0,0,0,10,0,0,0,0,0,0,4,2,1,0,0,0,0,0,1,0,3,0,1,28,1
dchester,ca0a06c1568077fc00b7a010c82a23e0c5288a24,0,4697.875,60084224.0,0,0,0,0,0,0,0,0,0,0,0,1,13,8,0,0,0,0,0,0,0,0,0,0,0,0,0,0,0,0,0,0,0,0,0,0,0,0,0,0,0,35,0,0,0,0,0,0,0,0,0,0,0,0,0,0,0,0,0,0,0,0,0,0,0,0,0,2,0,0,0,0,0,0,0,1,0,0,0,0,0,0,0,0,0,0,0,0,0,0,0,0,10,0,0,0,0,0,0,4,2,1,0,0,0,0,0,1,0,3,0,1,28,1
jsonpathly,ca0a06c1568077fc00b7a010c82a23e0c5288a24,0,8923.666666666666,56513877.333333336,0,0,0,0,0,0,0,0,0,0,0,1,13,8,0,0,0,0,0,0,0,0,0,0,0,0,0,0,0,0,0,0,0,0,0,0,0,0,0,0,0,35,0,0,0,0,0,0,0,0,0,0,0,0,0,0,0,0,0,0,0,0,0,0,0,0,0,2,0,0,0,0,0,0,0,1,0,0,0,0,0,0,0,0,0,0,0,0,0,0,0,0,10,0,0,0,0,0,0,4,2,1,0,0,0,0,0,1,0,3,0,1,28,1
rfc9535,ca0a06c1568077fc00b7a010c82a23e0c5288a24,0,6270.833333333333,57709909.333333336,0,0,0,0,0,0,0,0,0,0,0,1,13,8,0,0,0,0,0,0,0,0,0,0,0,0,0,0,0,0,0,0,0,0,0,0,0,0,0,0,0,35,0,0,0,0,0,0,0,0,0,0,0,0,0,0,0,0,0,0,0,0,0,0,0,0,0,2,0,0,0,0,0,0,0,1,0,0,0,0,0,0,0,0,0,0,0,0,0,0,0,0,10,0,0,0,0,0,0,4,2,1,0,0,0,0,0,1,0,3,0,1,28,1
p3,ca0a06c1568077fc00b7a010c82a23e0c5288a24,0,1839.142857142857,54593828.571428575,0,0,0,0,0,0,0,0,0,0,0,1,13,8,0,0,0,0,0,0,0,0,0,0,0,0,0,0,0,0,0,0,0,0,0,0,0,0,0,0,0,35,0,0,0,0,0,0,0,0,0,0,0,0,0,0,0,0,0,0,0,0,0,0,0,0,0,2,0,0,0,0,0,0,0,1,0,0,0,0,0,0,0,0,0,0,0,0,0,0,0,0,10,0,0,0,0,0,0,4,2,1,0,0,0,0,0,1,0,3,0,1,28,1
plus,c716159d5c406345928ea7eeeebbb6254ea25649,0,2739.625,54296576.0,0,0,0,113,113,0,0,0,0,0,0,5,38,29,0,0,0,0,0,1,0,0,3,0,1,1,0,0,0,0,0,0,0,0,0,0,0,0,0,0,0,365,0,0,0,0,0,0,0,0,0,0,0,0,0,0,0,0,0,0,0,0,0,0,0,0,0,2,0,0,12,0,0,0,0,4,0,0,0,0,0,0,0,0,0,0,0,0,0,0,0,0,127,3,22,7,28,28,39,38,7,4,4,0,0,0,4,3,6,13,19,5,429,1
dchester,c716159d5c406345928ea7eeeebbb6254ea25649,0,4595.8,59844198.4,0,0,0,113,113,0,0,0,0,0,0,5,38,29,0,0,0,0,0,1,0,0,3,0,1,1,0,0,0,0,0,0,0,0,0,0,0,0,0,0,0,365,0,0,0,0,0,0,0,0,0,0,0,0,0,0,0,0,0,0,0,0,0,0,0,0,0,2,0,0,12,0,0,0,0,4,0,0,0,0,0,0,0,0,0,0,0,0,0,0,0,0,127,3,22,7,28,28,39,38,7,4,4,0,0,0,4,3,6,13,19,5,429,1
jsonpathly,c716159d5c406345928ea7eeeebbb6254ea25649,0,8354.125,56573952.0,0,0,0,113,113,0,0,0,0,0,0,5,38,29,0,0,0,0,0,1,0,0,3,0,1,1,0,0,0,0,0,0,0,0,0,0,0,0,0,0,0,365,0,0,0,0,0,0,0,0,0,0,0,0,0,0,0,0,0,0,0,0,0,0,0,0,0,2,0,0,12,0,0,0,0,4,0,0,0,0,0,0,0,0,0,0,0,0,0,0,0,0,127,3,22,7,28,28,39,38,7,4,4,0,0,0,4,3,6,13,19,5,429,1
rfc9535,c716159d5c406345928ea7eeeebbb6254ea25649,0,6122.3125,57716736.0,0,0,0,113,113,0,0,0,0,0,0,5,38,29,0,0,0,0,0,1,0,0,3,0,1,1,0,0,0,0,0,0,0,0,0,0,0,0,0,0,0,365,0,0,0,0,0,0,0,0,0,0,0,0,0,0,0,0,0,0,0,0,0,0,0,0,0,2,0,0,12,0,0,0,0,4,0,0,0,0,0,0,0,0,0,0,0,0,0,0,0,0,127,3,22,7,28,28,39,38,7,4,4,0,0,0,4,3,6,13,19,5,429,1
p3,c716159d5c406345928ea7eeeebbb6254ea25649,0,1747.375,54501376.0,0,0,0,113,113,0,0,0,0,0,0,5,38,29,0,0,0,0,0,1,0,0,3,0,1,1,0,0,0,0,0,0,0,0,0,0,0,0,0,0,0,365,0,0,0,0,0,0,0,0,0,0,0,0,0,0,0,0,0,0,0,0,0,0,0,0,0,2,0,0,12,0,0,0,0,4,0,0,0,0,0,0,0,0,0,0,0,0,0,0,0,0,127,3,22,7,28,28,39,38,7,4,4,0,0,0,4,3,6,13,19,5,429,1
plus,fa8b4d5ca3e020d3f7927ffcffbb156413948afe,0,2742.8333333333335,54258346.666666664,0,0,0,0,0,0,0,0,0,0,0,0,0,0,0,0,0,0,0,0,0,0,0,0,0,0,0,0,0,0,0,0,0,0,0,0,0,0,0,0,0,20,0,0,0,0,0,0,0,0,0,0,0,0,0,0,0,0,0,0,0,0,0,0,0,0,0,0,0,0,0,0,0,0,0,0,0,0,0,0,0,0,0,0,0,0,0,0,0,0,0,0,4,0,0,0,0,0,0,1,0,0,0,0,0,0,0,1,0,0,0,1,7,1
dchester,fa8b4d5ca3e020d3f7927ffcffbb156413948afe,0,4620.8,59867136.0,0,0,0,0,0,0,0,0,0,0,0,0,0,0,0,0,0,0,0,0,0,0,0,0,0,0,0,0,0,0,0,0,0,0,0,0,0,0,0,0,0,20,0,0,0,0,0,0,0,0,0,0,0,0,0,0,0,0,0,0,0,0,0,0,0,0,0,0,0,0,0,0,0,0,0,0,0,0,0,0,0,0,0,0,0,0,0,0,0,0,0,0,4,0,0,0,0,0,0,1,0,0,0,0,0,0,0,1,0,0,0,1,7,1
jsonpathly,fa8b4d5ca3e020d3f7927ffcffbb156413948afe,0,8406.333333333334,56557568.0,0,0,0,0,0,0,0,0,0,0,0,0,0,0,0,0,0,0,0,0,0,0,0,0,0,0,0,0,0,0,0,0,0,0,0,0,0,0,0,0,0,20,0,0,0,0,0,0,0,0,0,0,0,0,0,0,0,0,0,0,0,0,0,0,0,0,0,0,0,0,0,0,0,0,0,0,0,0,0,0,0,0,0,0,0,0,0,0,0,0,0,0,4,0,0,0,0,0,0,1,0,0,0,0,0,0,0,1,0,0,0,1,7,1
rfc9535,fa8b4d5ca3e020d3f7927ffcffbb156413948afe,0,6074.428571428572,57767643.428571425,0,0,0,0,0,0,0,0,0,0,0,0,0,0,0,0,0,0,0,0,0,0,0,0,0,0,0,0,0,0,0,0,0,0,0,0,0,0,0,0,0,20,0,0,0,0,0,0,0,0,0,0,0,0,0,0,0,0,0,0,0,0,0,0,0,0,0,0,0,0,0,0,0,0,0,0,0,0,0,0,0,0,0,0,0,0,0,0,0,0,0,0,4,0,0,0,0,0,0,1,0,0,0,0,0,0,0,1,0,0,0,1,7,1
p3,fa8b4d5ca3e020d3f7927ffcffbb156413948afe,0,1887.5,54503014.4,0,0,0,0,0,0,0,0,0,0,0,0,0,0,0,0,0,0,0,0,0,0,0,0,0,0,0,0,0,0,0,0,0,0,0,0,0,0,0,0,0,20,0,0,0,0,0,0,0,0,0,0,0,0,0,0,0,0,0,0,0,0,0,0,0,0,0,0,0,0,0,0,0,0,0,0,0,0,0,0,0,0,0,0,0,0,0,0,0,0,0,0,4,0,0,0,0,0,0,1,0,0,0,0,0,0,0,1,0,0,0,1,7,1
plus,f9f3207d4436eb42321c1d8a478e5a3afd19fc45,0,nan,nan,32,10,22,161,183,10,11,32,38,47,50,28,98,81,31,15,3,7,3,0,0,0,0,0,0,0,0,7,16,3,5,3,5,1,2,17,34,66,15,18,112,618,38,14,9,5,36,20,16,13,26,19,22,13,1,2,1,1,32,17,21,7,7,5,14,49,8,1,1,0,15,0,22,28,21,1,0,0,0,0,14,2,2,8,10,11,7,1,1,1,1,1,4,0,0,0,0,0,0,1,0,0,0,0,0,0,0,1,0,0,0,1,7,1852
dchester,f9f3207d4436eb42321c1d8a478e5a3afd19fc45,0,nan,nan,32,10,22,161,183,10,11,32,38,47,50,28,98,81,31,15,3,7,3,0,0,0,0,0,0,0,0,7,16,3,5,3,5,1,2,17,34,66,15,18,112,618,38,14,9,5,36,20,16,13,26,19,22,13,1,2,1,1,32,17,21,7,7,5,14,49,8,1,1,0,15,0,22,28,21,1,0,0,0,0,14,2,2,8,10,11,7,1,1,1,1,1,4,0,0,0,0,0,0,1,0,0,0,0,0,0,0,1,0,0,0,1,7,1852
jsonpathly,f9f3207d4436eb42321c1d8a478e5a3afd19fc45,0,482218.875,79974400.0,32,10,22,161,183,10,11,32,38,47,50,28,98,81,31,15,3,7,3,0,0,0,0,0,0,0,0,7,16,3,5,3,5,1,2,17,34,66,15,18,112,618,38,14,9,5,36,20,16,13,26,19,22,13,1,2,1,1,32,17,21,7,7,5,14,49,8,1,1,0,15,0,22,28,21,1,0,0,0,0,14,2,2,8,10,11,7,1,1,1,1,1,4,0,0,0,0,0,0,1,0,0,0,0,0,0,0,1,0,0,0,1,7,1852
rfc9535,f9f3207d4436eb42321c1d8a478e5a3afd19fc45,0,232138.0,79693824.0,32,10,22,161,183,10,11,32,38,47,50,28,98,81,31,15,3,7,3,0,0,0,0,0,0,0,0,7,16,3,5,3,5,1,2,17,34,66,15,18,112,618,38,14,9,5,36,20,16,13,26,19,22,13,1,2,1,1,32,17,21,7,7,5,14,49,8,1,1,0,15,0,22,28,21,1,0,0,0,0,14,2,2,8,10,11,7,1,1,1,1,1,4,0,0,0,0,0,0,1,0,0,0,0,0,0,0,1,0,0,0,1,7,1852
p3,f9f3207d4436eb42321c1d8a478e5a3afd19fc45,0,157586.83333333334,70585002.66666667,32,10,22,161,183,10,11,32,38,47,50,28,98,81,31,15,3,7,3,0,0,0,0,0,0,0,0,7,16,3,5,3,5,1,2,17,34,66,15,18,112,618,38,14,9,5,36,20,16,13,26,19,22,13,1,2,1,1,32,17,21,7,7,5,14,49,8,1,1,0,15,0,22,28,21,1,0,0,0,0,14,2,2,8,10,11,7,1,1,1,1,1,4,0,0,0,0,0,0,1,0,0,0,0,0,0,0,1,0,0,0,1,7,1852
plus,45cfecdace5cbe73cd6ae93d24eaf470407f587e,0,3941.7,54358835.2,1,1,1,1,2,0,0,0,0,0,0,2,7,6,0,0,0,0,0,0,0,0,0,0,0,0,0,0,0,0,0,0,0,0,0,0,0,0,0,0,0,17,0,0,0,0,0,0,0,0,0,0,0,0,0,0,0,0,0,0,0,0,0,0,0,0,0,2,0,0,0,0,0,0,0,1,0,0,0,0,0,0,0,0,0,0,0,0,0,0,0,0,11,0,0,0,0,0,0,4,3,1,0,0,0,0,1,1,0,3,0,2,18,5
dchester,45cfecdace5cbe73cd6ae93d24eaf470407f587e,0,9744.875,60350464.0,1,1,1,1,2,0,0,0,0,0,0,2,7,6,0,0,0,0,0,0,0,0,0,0,0,0,0,0,0,0,0,0,0,0,0,0,0,0,0,0,0,17,0,0,0,0,0,0,0,0,0,0,0,0,0,0,0,0,0,0,0,0,0,0,0,0,0,2,0,0,0,0,0,0,0,1,0,0,0,0,0,0,0,0,0,0,0,0,0,0,0,0,11,0,0,0,0,0,0,4,3,1,0,0,0,0,1,1,0,3,0,2,18,5
jsonpathly,45cfecdace5cbe73cd6ae93d24eaf470407f587e,0,14380.3125,56672256.0,1,1,1,1,2,0,0,0,0,0,0,2,7,6,0,0,0,0,0,0,0,0,0,0,0,0,0,0,0,0,0,0,0,0,0,0,0,0,0,0,0,17,0,0,0,0,0,0,0,0,0,0,0,0,0,0,0,0,0,0,0,0,0,0,0,0,0,2,0,0,0,0,0,0,0,1,0,0,0,0,0,0,0,0,0,0,0,0,0,0,0,0,11,0,0,0,0,0,0,4,3,1,0,0,0,0,1,1,0,3,0,2,18,5
rfc9535,45cfecdace5cbe73cd6ae93d24eaf470407f587e,0,7550.0,57812582.4,1,1,1,1,2,0,0,0,0,0,0,2,7,6,0,0,0,0,0,0,0,0,0,0,0,0,0,0,0,0,0,0,0,0,0,0,0,0,0,0,0,17,0,0,0,0,0,0,0,0,0,0,0,0,0,0,0,0,0,0,0,0,0,0,0,0,0,2,0,0,0,0,0,0,0,1,0,0,0,0,0,0,0,0,0,0,0,0,0,0,0,0,11,0,0,0,0,0,0,4,3,1,0,0,0,0,1,1,0,3,0,2,18,5
p3,45cfecdace5cbe73cd6ae93d24eaf470407f587e,0,5640.875,54837248.0,1,1,1,1,2,0,0,0,0,0,0,2,7,6,0,0,0,0,0,0,0,0,0,0,0,0,0,0,0,0,0,0,0,0,0,0,0,0,0,0,0,17,0,0,0,0,0,0,0,0,0,0,0,0,0,0,0,0,0,0,0,0,0,0,0,0,0,2,0,0,0,0,0,0,0,1,0,0,0,0,0,0,0,0,0,0,0,0,0,0,0,0,11,0,0,0,0,0,0,4,3,1,0,0,0,0,1,1,0,3,0,2,18,5
plus,a57485ee593bb3b9febac257b260760376bea6ba,0,2791.5,54165504.0,1,0,0,18,18,0,1,0,0,1,1,1,0,1,0,0,0,0,0,0,0,0,0,0,0,0,0,0,0,0,0,0,1,0,0,0,0,0,0,0,0,44,0,0,0,0,0,0,0,0,0,0,0,0,0,0,0,0,0,0,0,0,0,0,0,0,0,0,0,0,8,0,1,0,0,0,0,0,0,0,0,0,0,0,0,0,0,0,0,0,0,0,14,1,3,1,7,7,9,3,0,0,1,0,0,0,0,0,0,0,2,1,64,4
dchester,a57485ee593bb3b9febac257b260760376bea6ba,0,12042.0,60571648.0,1,0,0,18,18,0,1,0,0,1,1,1,0,1,0,0,0,0,0,0,0,0,0,0,0,0,0,0,0,0,0,0,1,0,0,0,0,0,0,0,0,44,0,0,0,0,0,0,0,0,0,0,0,0,0,0,0,0,0,0,0,0,0,0,0,0,0,0,0,0,8,0,1,0,0,0,0,0,0,0,0,0,0,0,0,0,0,0,0,0,0,0,14,1,3,1,7,7,9,3,0,0,1,0,0,0,0,0,0,0,2,1,64,4
jsonpathly,a57485ee593bb3b9febac257b260760376bea6ba,0,10829.2,56678809.6,1,0,0,18,18,0,1,0,0,1,1,1,0,1,0,0,0,0,0,0,0,0,0,0,0,0,0,0,0,0,0,0,1,0,0,0,0,0,0,0,0,44,0,0,0,0,0,0,0,0,0,0,0,0,0,0,0,0,0,0,0,0,0,0,0,0,0,0,0,0,8,0,1,0,0,0,0,0,0,0,0,0,0,0,0,0,0,0,0,0,0,0,14,1,3,1,7,7,9,3,0,0,1,0,0,0,0,0,0,0,2,1,64,4
rfc9535,a57485ee593bb3b9febac257b260760376bea6ba,0,9402.666666666666,57764522.666666664,1,0,0,18,18,0,1,0,0,1,1,1,0,1,0,0,0,0,0,0,0,0,0,0,0,0,0,0,0,0,0,0,1,0,0,0,0,0,0,0,0,44,0,0,0,0,0,0,0,0,0,0,0,0,0,0,0,0,0,0,0,0,0,0,0,0,0,0,0,0,8,0,1,0,0,0,0,0,0,0,0,0,0,0,0,0,0,0,0,0,0,0,14,1,3,1,7,7,9,3,0,0,1,0,0,0,0,0,0,0,2,1,64,4
p3,a57485ee593bb3b9febac257b260760376bea6ba,0,4770.7,54817587.2,1,0,0,18,18,0,1,0,0,1,1,1,0,1,0,0,0,0,0,0,0,0,0,0,0,0,0,0,0,0,0,0,1,0,0,0,0,0,0,0,0,44,0,0,0,0,0,0,0,0,0,0,0,0,0,0,0,0,0,0,0,0,0,0,0,0,0,0,0,0,8,0,1,0,0,0,0,0,0,0,0,0,0,0,0,0,0,0,0,0,0,0,14,1,3,1,7,7,9,3,0,0,1,0,0,0,0,0,0,0,2,1,64,4
plus,e2ea51254bd4e9beb0d23f14ae9f42c7bb25b01e,0,3492.8333333333335,54329344.0,4,2,1,31,32,3,0,0,0,0,0,0,28,16,0,0,0,0,0,0,0,0,0,0,0,0,0,0,0,0,0,0,0,0,0,0,0,0,0,0,0,311,0,0,0,0,0,0,0,0,0,0,0,0,0,0,0,0,0,0,0,0,0,0,0,0,0,4,0,0,15,0,2,0,0,3,0,0,0,0,0,0,0,0,0,0,0,0,0,0,0,0,115,1,10,0,0,0,0,44,5,3,6,0,0,0,7,5,3,29,9,4,288,12
dchester,e2ea51254bd4e9beb0d23f14ae9f42c7bb25b01e,0,24656.5,63139840.0,4,2,1,31,32,3,0,0,0,0,0,0,28,16,0,0,0,0,0,0,0,0,0,0,0,0,0,0,0,0,0,0,0,0,0,0,0,0,0,0,0,311,0,0,0,0,0,0,0,0,0,0,0,0,0,0,0,0,0,0,0,0,0,0,0,0,0,4,0,0,15,0,2,0,0,3,0,0,0,0,0,0,0,0,0,0,0,0,0,0,0,0,115,1,10,0,0,0,0,44,5,3,6,0,0,0,7,5,3,29,9,4,288,12
jsonpathly,e2ea51254bd4e9beb0d23f14ae9f42c7bb25b01e,0,10979.0,56672256.0,4,2,1,31,32,3,0,0,0,0,0,0,28,16,0,0,0,0,0,0,0,0,0,0,0,0,0,0,0,0,0,0,0,0,0,0,0,0,0,0,0,311,0,0,0,0,0,0,0,0,0,0,0,0,0,0,0,0,0,0,0,0,0,0,0,0,0,4,0,0,15,0,2,0,0,3,0,0,0,0,0,0,0,0,0,0,0,0,0,0,0,0,115,1,10,0,0,0,0,44,5,3,6,0,0,0,7,5,3,29,9,4,288,12
rfc9535,e2ea51254bd4e9beb0d23f14ae9f42c7bb25b01e,0,8622.0,57772324.571428575,4,2,1,31,32,3,0,0,0,0,0,0,28,16,0,0,0,0,0,0,0,0,0,0,0,0,0,0,0,0,0,0,0,0,0,0,0,0,0,0,0,311,0,0,0,0,0,0,0,0,0,0,0,0,0,0,0,0,0,0,0,0,0,0,0,0,0,4,0,0,15,0,2,0,0,3,0,0,0,0,0,0,0,0,0,0,0,0,0,0,0,0,115,1,10,0,0,0,0,44,5,3,6,0,0,0,7,5,3,29,9,4,288,12
p3,e2ea51254bd4e9beb0d23f14ae9f42c7bb25b01e,0,6835.9375,54851584.0,4,2,1,31,32,3,0,0,0,0,0,0,28,16,0,0,0,0,0,0,0,0,0,0,0,0,0,0,0,0,0,0,0,0,0,0,0,0,0,0,0,311,0,0,0,0,0,0,0,0,0,0,0,0,0,0,0,0,0,0,0,0,0,0,0,0,0,4,0,0,15,0,2,0,0,3,0,0,0,0,0,0,0,0,0,0,0,0,0,0,0,0,115,1,10,0,0,0,0,44,5,3,6,0,0,0,7,5,3,29,9,4,288,12
plus,682f17646850616ce3e3d7362163acc6423ae025,0,3555.3333333333335,54252885.333333336,4,2,2,3,5,2,0,0,0,0,0,0,0,0,0,0,0,0,0,0,0,0,0,0,0,0,0,0,0,0,0,0,0,0,0,0,0,0,0,0,0,88,0,0,0,0,0,0,0,0,0,0,0,0,0,0,0,0,0,0,0,0,0,0,0,0,0,0,0,0,1,0,2,0,0,0,0,0,0,0,0,0,0,0,0,0,0,0,0,0,0,0,24,0,0,0,0,0,0,10,0,0,1,0,0,0,2,1,0,9,0,2,50,14
dchester,682f17646850616ce3e3d7362163acc6423ae025,0,24461.916666666668,63042901.333333336,4,2,2,3,5,2,0,0,0,0,0,0,0,0,0,0,0,0,0,0,0,0,0,0,0,0,0,0,0,0,0,0,0,0,0,0,0,0,0,0,0,88,0,0,0,0,0,0,0,0,0,0,0,0,0,0,0,0,0,0,0,0,0,0,0,0,0,0,0,0,1,0,2,0,0,0,0,0,0,0,0,0,0,0,0,0,0,0,0,0,0,0,24,0,0,0,0,0,0,10,0,0,1,0,0,0,2,1,0,9,0,2,50,14
jsonpathly,682f17646850616ce3e3d7362163acc6423ae025,0,11458.333333333334,56784213.333333336,4,2,2,3,5,2,0,0,0,0,0,0,0,0,0,0,0,0,0,0,0,0,0,0,0,0,0,0,0,0,0,0,0,0,0,0,0,0,0,0,0,88,0,0,0,0,0,0,0,0,0,0,0,0,0,0,0,0,0,0,0,0,0,0,0,0,0,0,0,0,1,0,2,0,0,0,0,0,0,0,0,0,0,0,0,0,0,0,0,0,0,0,24,0,0,0,0,0,0,10,0,0,1,0,0,0,2,1,0,9,0,2,50,14
rfc9535,682f17646850616ce3e3d7362163acc6423ae025,0,9003.9,57884672.0,4,2,2,3,5,2,0,0,0,0,0,0,0,0,0,0,0,0,0,0,0,0,0,0,0,0,0,0,0,0,0,0,0,0,0,0,0,0,0,0,0,88,0,0,0,0,0,0,0,0,0,0,0,0,0,0,0,0,0,0,0,0,0,0,0,0,0,0,0,0,1,0,2,0,0,0,0,0,0,0,0,0,0,0,0,0,0,0,0,0,0,0,24,0,0,0,0,0,0,10,0,0,1,0,0,0,2,1,0,9,0,2,50,14
p3,682f17646850616ce3e3d7362163acc6423ae025,0,6260.75,54927360.0,4,2,2,3,5,2,0,0,0,0,0,0,0,0,0,0,0,0,0,0,0,0,0,0,0,0,0,0,0,0,0,0,0,0,0,0,0,0,0,0,0,88,0,0,0,0,0,0,0,0,0,0,0,0,0,0,0,0,0,0,0,0,0,0,0,0,0,0,0,0,1,0,2,0,0,0,0,0,0,0,0,0,0,0,0,0,0,0,0,0,0,0,24,0,0,0,0,0,0,10,0,0,1,0,0,0,2,1,0,9,0,2,50,14
plus,46951d00783ab91ffdda76392d2028afaa31a006,0,9534.0625,54808576.0,3,1,0,63,63,1,2,20,22,13,13,8,13,16,9,4,0,0,0,0,0,0,0,0,0,0,0,0,5,0,0,0,0,0,0,0,0,0,0,0,0,74,0,0,0,0,0,0,0,0,0,0,0,0,0,0,0,0,0,0,0,0,0,0,0,0,0,1,0,0,0,0,2,0,0,1,0,0,0,0,0,0,0,0,0,0,0,0,0,0,0,0,28,2,6,1,2,2,5,6,1,1,0,0,0,0,1,0,2,0,4,3,82,101
dchester,46951d00783ab91ffdda76392d2028afaa31a006,0,49996.666666666664,64744106.666666664,3,1,0,63,63,1,2,20,22,13,13,8,13,16,9,4,0,0,0,0,0,0,0,0,0,0,0,0,5,0,0,0,0,0,0,0,0,0,0,0,0,74,0,0,0,0,0,0,0,0,0,0,0,0,0,0,0,0,0,0,0,0,0,0,0,0,0,1,0,0,0,0,2,0,0,1,0,0,0,0,0,0,0,0,0,0,0,0,0,0,0,0,28,2,6,1,2,2,5,6,1,1,0,0,0,0,1,0,2,0,4,3,82,101
jsonpathly,46951d00783ab91ffdda76392d2028afaa31a006,0,31882.875,58597376.0,3,1,0,63,63,1,2,20,22,13,13,8,13,16,9,4,0,0,0,0,0,0,0,0,0,0,0,0,5,0,0,0,0,0,0,0,0,0,0,0,0,74,0,0,0,0,0,0,0,0,0,0,0,0,0,0,0,0,0,0,0,0,0,0,0,0,0,1,0,0,0,0,2,0,0,1,0,0,0,0,0,0,0,0,0,0,0,0,0,0,0,0,28,2,6,1,2,2,5,6,1,1,0,0,0,0,1,0,2,0,4,3,82,101
rfc9535,46951d00783ab91ffdda76392d2028afaa31a006,0,30434.875,59639808.0,3,1,0,63,63,1,2,20,22,13,13,8,13,16,9,4,0,0,0,0,0,0,0,0,0,0,0,0,5,0,0,0,0,0,0,0,0,0,0,0,0,74,0,0,0,0,0,0,0,0,0,0,0,0,0,0,0,0,0,0,0,0,0,0,0,0,0,1,0,0,0,0,2,0,0,1,0,0,0,0,0,0,0,0,0,0,0,0,0,0,0,0,28,2,6,1,2,2,5,6,1,1,0,0,0,0,1,0,2,0,4,3,82,101
p3,46951d00783ab91ffdda76392d2028afaa31a006,0,32257.75,58263552.0,3,1,0,63,63,1,2,20,22,13,13,8,13,16,9,4,0,0,0,0,0,0,0,0,0,0,0,0,5,0,0,0,0,0,0,0,0,0,0,0,0,74,0,0,0,0,0,0,0,0,0,0,0,0,0,0,0,0,0,0,0,0,0,0,0,0,0,1,0,0,0,0,2,0,0,1,0,0,0,0,0,0,0,0,0,0,0,0,0,0,0,0,28,2,6,1,2,2,5,6,1,1,0,0,0,0,1,0,2,0,4,3,82,101
plus,5fcd9b7294338319cbb0d37600ef6e06af8e66a1,0,4708.333333333333,54323882.666666664,6,4,1,16,17,3,3,6,8,4,4,2,19,12,4,2,1,1,0,0,0,0,0,0,0,0,0,0,2,0,0,0,1,0,0,0,0,0,0,0,0,3,0,0,0,0,0,0,0,0,0,0,0,0,0,0,0,0,0,0,0,0,0,0,0,0,0,0,0,0,0,0,2,0,0,0,0,0,0,0,0,0,0,0,0,0,0,0,0,0,0,0,6,1,1,0,0,0,0,1,0,0,0,0,0,0,0,0,0,0,0,1,10,73
dchester,5fcd9b7294338319cbb0d37600ef6e06af8e66a1,0,45557.25,64860160.0,6,4,1,16,17,3,3,6,8,4,4,2,19,12,4,2,1,1,0,0,0,0,0,0,0,0,0,0,2,0,0,0,1,0,0,0,0,0,0,0,0,3,0,0,0,0,0,0,0,0,0,0,0,0,0,0,0,0,0,0,0,0,0,0,0,0,0,0,0,0,0,0,2,0,0,0,0,0,0,0,0,0,0,0,0,0,0,0,0,0,0,0,6,1,1,0,0,0,0,1,0,0,0,0,0,0,0,0,0,0,0,1,10,73
jsonpathly,5fcd9b7294338319cbb0d37600ef6e06af8e66a1,0,25670.6,57488179.2,6,4,1,16,17,3,3,6,8,4,4,2,19,12,4,2,1,1,0,0,0,0,0,0,0,0,0,0,2,0,0,0,1,0,0,0,0,0,0,0,0,3,0,0,0,0,0,0,0,0,0,0,0,0,0,0,0,0,0,0,0,0,0,0,0,0,0,0,0,0,0,0,2,0,0,0,0,0,0,0,0,0,0,0,0,0,0,0,0,0,0,0,6,1,1,0,0,0,0,1,0,0,0,0,0,0,0,0,0,0,0,1,10,73
rfc9535,5fcd9b7294338319cbb0d37600ef6e06af8e66a1,0,19636.928571428572,58144475.428571425,6,4,1,16,17,3,3,6,8,4,4,2,19,12,4,2,1,1,0,0,0,0,0,0,0,0,0,0,2,0,0,0,1,0,0,0,0,0,0,0,0,3,0,0,0,0,0,0,0,0,0,0,0,0,0,0,0,0,0,0,0,0,0,0,0,0,0,0,0,0,0,0,2,0,0,0,0,0,0,0,0,0,0,0,0,0,0,0,0,0,0,0,6,1,1,0,0,0,0,1,0,0,0,0,0,0,0,0,0,0,0,1,10,73
p3,5fcd9b7294338319cbb0d37600ef6e06af8e66a1,0,21598.75,56340480.0,6,4,1,16,17,3,3,6,8,4,4,2,19,12,4,2,1,1,0,0,0,0,0,0,0,0,0,0,2,0,0,0,1,0,0,0,0,0,0,0,0,3,0,0,0,0,0,0,0,0,0,0,0,0,0,0,0,0,0,0,0,0,0,0,0,0,0,0,0,0,0,0,2,0,0,0,0,0,0,0,0,0,0,0,0,0,0,0,0,0,0,0,6,1,1,0,0,0,0,1,0,0,0,0,0,0,0,0,0,0,0,1,10,73
plus,4c11d2ccb43a3f71464f77d375bc06650733fb88,0,61750.0,58179584.0,6,6,2,52,54,3,2,8,9,5,5,4,19,8,4,2,0,0,0,0,0,0,0,0,0,0,0,0,2,0,0,0,1,0,0,0,0,0,0,0,0,244,0,0,0,0,0,0,0,0,0,0,0,0,0,0,0,0,0,0,0,0,0,0,0,0,0,2,0,0,21,0,0,0,0,1,0,0,0,0,0,0,0,0,0,0,0,0,0,0,0,0,100,2,9,1,1,6,2,36,3,1,3,1,5,8,9,5,5,22,7,4,250,59
dchester,4c11d2ccb43a3f71464f77d375bc06650733fb88,0,206156.125,66260992.0,6,6,2,52,54,3,2,8,9,5,5,4,19,8,4,2,0,0,0,0,0,0,0,0,0,0,0,0,2,0,0,0,1,0,0,0,0,0,0,0,0,244,0,0,0,0,0,0,0,0,0,0,0,0,0,0,0,0,0,0,0,0,0,0,0,0,0,2,0,0,21,0,0,0,0,1,0,0,0,0,0,0,0,0,0,0,0,0,0,0,0,0,100,2,9,1,1,6,2,36,3,1,3,1,5,8,9,5,5,22,7,4,250,59
jsonpathly,4c11d2ccb43a3f71464f77d375bc06650733fb88,0,38859.375,58814464.0,6,6,2,52,54,3,2,8,9,5,5,4,19,8,4,2,0,0,0,0,0,0,0,0,0,0,0,0,2,0,0,0,1,0,0,0,0,0,0,0,0,244,0,0,0,0,0,0,0,0,0,0,0,0,0,0,0,0,0,0,0,0,0,0,0,0,0,2,0,0,21,0,0,0,0,1,0,0,0,0,0,0,0,0,0,0,0,0,0,0,0,0,100,2,9,1,1,6,2,36,3,1,3,1,5,8,9,5,5,22,7,4,250,59
rfc9535,4c11d2ccb43a3f71464f77d375bc06650733fb88,0,39646.0,59517610.666666664,6,6,2,52,54,3,2,8,9,5,5,4,19,8,4,2,0,0,0,0,0,0,0,0,0,0,0,0,2,0,0,0,1,0,0,0,0,0,0,0,0,244,0,0,0,0,0,0,0,0,0,0,0,0,0,0,0,0,0,0,0,0,0,0,0,0,0,2,0,0,21,0,0,0,0,1,0,0,0,0,0,0,0,0,0,0,0,0,0,0,0,0,100,2,9,1,1,6,2,36,3,1,3,1,5,8,9,5,5,22,7,4,250,59
p3,4c11d2ccb43a3f71464f77d375bc06650733fb88,0,77027.66666666667,58671104.0,6,6,2,52,54,3,2,8,9,5,5,4,19,8,4,2,0,0,0,0,0,0,0,0,0,0,0,0,2,0,0,0,1,0,0,0,0,0,0,0,0,244,0,0,0,0,0,0,0,0,0,0,0,0,0,0,0,0,0,0,0,0,0,0,0,0,0,2,0,0,21,0,0,0,0,1,0,0,0,0,0,0,0,0,0,0,0,0,0,0,0,0,100,2,9,1,1,6,2,36,3,1,3,1,5,8,9,5,5,22,7,4,250,59
plus,00dd8a98bbbe74cd1a80013288e09d88ac9d9f30,0,5958.0,54644736.0,10,6,5,62,67,1,4,2,3,3,4,4,20,14,2,1,1,2,1,1,1,2,4,1,0,0,0,2,1,0,0,0,3,0,1,1,1,1,0,0,0,75,0,0,0,0,0,0,0,1,2,0,0,2,1,1,1,0,0,0,0,0,0,0,0,0,0,1,1,0,13,0,4,0,0,1,0,0,0,0,0,0,0,0,0,0,0,0,0,0,0,0,26,1,6,1,8,8,10,6,2,0,1,0,0,0,0,0,0,0,5,1,97,127
dchester,00dd8a98bbbe74cd1a80013288e09d88ac9d9f30,0,nan,nan,10,6,5,62,67,1,4,2,3,3,4,4,20,14,2,1,1,2,1,1,1,2,4,1,0,0,0,2,1,0,0,0,3,0,1,1,1,1,0,0,0,75,0,0,0,0,0,0,0,1,2,0,0,2,1,1,1,0,0,0,0,0,0,0,0,0,0,1,1,0,13,0,4,0,0,1,0,0,0,0,0,0,0,0,0,0,0,0,0,0,0,0,26,1,6,1,8,8,10,6,2,0,1,0,0,0,0,0,0,0,5,1,97,127
jsonpathly,00dd8a98bbbe74cd1a80013288e09d88ac9d9f30,0,34161.5,58030080.0,10,6,5,62,67,1,4,2,3,3,4,4,20,14,2,1,1,2,1,1,1,2,4,1,0,0,0,2,1,0,0,0,3,0,1,1,1,1,0,0,0,75,0,0,0,0,0,0,0,1,2,0,0,2,1,1,1,0,0,0,0,0,0,0,0,0,0,1,1,0,13,0,4,0,0,1,0,0,0,0,0,0,0,0,0,0,0,0,0,0,0,0,26,1,6,1,8,8,10,6,2,0,1,0,0,0,0,0,0,0,5,1,97,127
rfc9535,00dd8a98bbbe74cd1a80013288e09d88ac9d9f30,0,27609.375,58990592.0,10,6,5,62,67,1,4,2,3,3,4,4,20,14,2,1,1,2,1,1,1,2,4,1,0,0,0,2,1,0,0,0,3,0,1,1,1,1,0,0,0,75,0,0,0,0,0,0,0,1,2,0,0,2,1,1,1,0,0,0,0,0,0,0,0,0,0,1,1,0,13,0,4,0,0,1,0,0,0,0,0,0,0,0,0,0,0,0,0,0,0,0,26,1,6,1,8,8,10,6,2,0,1,0,0,0,0,0,0,0,5,1,97,127
p3,00dd8a98bbbe74cd1a80013288e09d88ac9d9f30,0,nan,nan,10,6,5,62,67,1,4,2,3,3,4,4,20,14,2,1,1,2,1,1,1,2,4,1,0,0,0,2,1,0,0,0,3,0,1,1,1,1,0,0,0,75,0,0,0,0,0,0,0,1,2,0,0,2,1,1,1,0,0,0,0,0,0,0,0,0,0,1,1,0,13,0,4,0,0,1,0,0,0,0,0,0,0,0,0,0,0,0,0,0,0,0,26,1,6,1,8,8,10,6,2,0,1,0,0,0,0,0,0,0,5,1,97,127
plus,65c2d27984e250749adcfa3f2a12997a5f1d9f1d,0,5972.5,54482261.333333336,11,7,3,43,46,3,5,7,8,3,3,2,1,2,7,6,2,5,2,0,0,0,0,0,0,0,0,7,1,0,0,0,4,1,1,1,1,1,0,0,0,20,1,0,0,0,1,0,1,0,0,0,0,0,0,0,0,0,0,0,0,0,0,0,0,0,0,0,0,0,0,0,4,0,0,0,0,0,0,0,0,0,0,0,0,0,0,0,0,0,0,0,10,1,2,0,0,0,0,2,0,0,0,0,0,0,0,0,0,0,1,1,24,110
dchester,65c2d27984e250749adcfa3f2a12997a5f1d9f1d,0,nan,nan,11,7,3,43,46,3,5,7,8,3,3,2,1,2,7,6,2,5,2,0,0,0,0,0,0,0,0,7,1,0,0,0,4,1,1,1,1,1,0,0,0,20,1,0,0,0,1,0,1,0,0,0,0,0,0,0,0,0,0,0,0,0,0,0,0,0,0,0,0,0,0,0,4,0,0,0,0,0,0,0,0,0,0,0,0,0,0,0,0,0,0,0,10,1,2,0,0,0,0,2,0,0,0,0,0,0,0,0,0,0,1,1,24,110
jsonpathly,65c2d27984e250749adcfa3f2a12997a5f1d9f1d,0,40661.4375,58152960.0,11,7,3,43,46,3,5,7,8,3,3,2,1,2,7,6,2,5,2,0,0,0,0,0,0,0,0,7,1,0,0,0,4,1,1,1,1,1,0,0,0,20,1,0,0,0,1,0,1,0,0,0,0,0,0,0,0,0,0,0,0,0,0,0,0,0,0,0,0,0,0,0,4,0,0,0,0,0,0,0,0,0,0,0,0,0,0,0,0,0,0,0,10,1,2,0,0,0,0,2,0,0,0,0,0,0,0,0,0,0,1,1,24,110
rfc9535,65c2d27984e250749adcfa3f2a12997a5f1d9f1d,0,29374.875,59414528.0,11,7,3,43,46,3,5,7,8,3,3,2,1,2,7,6,2,5,2,0,0,0,0,0,0,0,0,7,1,0,0,0,4,1,1,1,1,1,0,0,0,20,1,0,0,0,1,0,1,0,0,0,0,0,0,0,0,0,0,0,0,0,0,0,0,0,0,0,0,0,0,0,4,0,0,0,0,0,0,0,0,0,0,0,0,0,0,0,0,0,0,0,10,1,2,0,0,0,0,2,0,0,0,0,0,0,0,0,0,0,1,1,24,110
p3,65c2d27984e250749adcfa3f2a12997a5f1d9f1d,0,31297.571428571428,58476836.571428575,11,7,3,43,46,3,5,7,8,3,3,2,1,2,7,6,2,5,2,0,0,0,0,0,0,0,0,7,1,0,0,0,4,1,1,1,1,1,0,0,0,20,1,0,0,0,1,0,1,0,0,0,0,0,0,0,0,0,0,0,0,0,0,0,0,0,0,0,0,0,0,0,4,0,0,0,0,0,0,0,0,0,0,0,0,0,0,0,0,0,0,0,10,1,2,0,0,0,0,2,0,0,0,0,0,0,0,0,0,0,1,1,24,110
plus,f7b398cdfe2563a123be87fd185fd67c5da1dbb3,0,6891.8,54558720.0,12,7,6,117,123,3,3,18,20,10,10,11,62,37,11,5,2,12,3,1,1,2,4,1,0,0,0,20,6,0,0,0,1,0,0,0,0,0,0,0,0,103,0,0,0,0,0,0,0,0,0,0,0,0,0,0,0,0,0,0,0,0,0,0,0,0,0,2,0,0,0,0,5,0,0,2,0,0,0,0,0,0,0,0,0,0,0,0,0,0,0,0,34,1,8,2,3,3,1,8,3,2,0,0,0,0,0,0,0,0,7,1,130,228
dchester,f7b398cdfe2563a123be87fd185fd67c5da1dbb3,0,57463.625,66041856.0,12,7,6,117,123,3,3,18,20,10,10,11,62,37,11,5,2,12,3,1,1,2,4,1,0,0,0,20,6,0,0,0,1,0,0,0,0,0,0,0,0,103,0,0,0,0,0,0,0,0,0,0,0,0,0,0,0,0,0,0,0,0,0,0,0,0,0,2,0,0,0,0,5,0,0,2,0,0,0,0,0,0,0,0,0,0,0,0,0,0,0,0,34,1,8,2,3,3,1,8,3,2,0,0,0,0,0,0,0,0,7,1,130,228
jsonpathly,f7b398cdfe2563a123be87fd185fd67c5da1dbb3,0,41393.1875,58013696.0,12,7,6,117,123,3,3,18,20,10,10,11,62,37,11,5,2,12,3,1,1,2,4,1,0,0,0,20,6,0,0,0,1,0,0,0,0,0,0,0,0,103,0,0,0,0,0,0,0,0,0,0,0,0,0,0,0,0,0,0,0,0,0,0,0,0,0,2,0,0,0,0,5,0,0,2,0,0,0,0,0,0,0,0,0,0,0,0,0,0,0,0,34,1,8,2,3,3,1,8,3,2,0,0,0,0,0,0,0,0,7,1,130,228
rfc9535,f7b398cdfe2563a123be87fd185fd67c5da1dbb3,0,41223.6875,60923904.0,12,7,6,117,123,3,3,18,20,10,10,11,62,37,11,5,2,12,3,1,1,2,4,1,0,0,0,20,6,0,0,0,1,0,0,0,0,0,0,0,0,103,0,0,0,0,0,0,0,0,0,0,0,0,0,0,0,0,0,0,0,0,0,0,0,0,0,2,0,0,0,0,5,0,0,2,0,0,0,0,0,0,0,0,0,0,0,0,0,0,0,0,34,1,8,2,3,3,1,8,3,2,0,0,0,0,0,0,0,0,7,1,130,228
p3,f7b398cdfe2563a123be87fd185fd67c5da1dbb3,0,37463.625,59256832.0,12,7,6,117,123,3,3,18,20,10,10,11,62,37,11,5,2,12,3,1,1,2,4,1,0,0,0,20,6,0,0,0,1,0,0,0,0,0,0,0,0,103,0,0,0,0,0,0,0,0,0,0,0,0,0,0,0,0,0,0,0,0,0,0,0,0,0,2,0,0,0,0,5,0,0,2,0,0,0,0,0,0,0,0,0,0,0,0,0,0,0,0,34,1,8,2,3,3,1,8,3,2,0,0,0,0,0,0,0,0,7,1,130,228
plus,e09b21a3fb46a498c8290b21ff10ac79d91de8f2,0,17829.1,56921292.8,12,6,6,81,87,2,4,19,21,11,15,7,13,12,10,3,0,0,8,2,1,2,7,1,1,1,0,0,7,5,23,37,2,2,0,0,0,0,0,0,0,12,0,0,0,0,0,0,0,0,0,0,0,0,0,0,0,0,0,0,0,0,0,0,0,0,0,0,0,0,0,0,6,0,0,0,0,0,0,0,0,0,0,0,0,0,0,0,0,0,0,0,11,1,2,0,0,0,0,2,1,0,0,0,0,0,1,0,0,0,1,2,16,230
dchester,e09b21a3fb46a498c8290b21ff10ac79d91de8f2,0,80533.8125,64862208.0,12,6,6,81,87,2,4,19,21,11,15,7,13,12,10,3,0,0,8,2,1,2,7,1,1,1,0,0,7,5,23,37,2,2,0,0,0,0,0,0,0,12,0,0,0,0,0,0,0,0,0,0,0,0,0,0,0,0,0,0,0,0,0,0,0,0,0,0,0,0,0,0,6,0,0,0,0,0,0,0,0,0,0,0,0,0,0,0,0,0,0,0,11,1,2,0,0,0,0,2,1,0,0,0,0,0,1,0,0,0,1,2,16,230
jsonpathly,e09b21a3fb46a498c8290b21ff10ac79d91de8f2,0,47798.666666666664,58785792.0,12,6,6,81,87,2,4,19,21,11,15,7,13,12,10,3,0,0,8,2,1,2,7,1,1,1,0,0,7,5,23,37,2,2,0,0,0,0,0,0,0,12,0,0,0,0,0,0,0,0,0,0,0,0,0,0,0,0,0,0,0,0,0,0,0,0,0,0,0,0,0,0,6,0,0,0,0,0,0,0,0,0,0,0,0,0,0,0,0,0,0,0,11,1,2,0,0,0,0,2,1,0,0,0,0,0,1,0,0,0,1,2,16,230
rfc9535,e09b21a3fb46a498c8290b21ff10ac79d91de8f2,0,47364.625,61919232.0,12,6,6,81,87,2,4,19,21,11,15,7,13,12,10,3,0,0,8,2,1,2,7,1,1,1,0,0,7,5,23,37,2,2,0,0,0,0,0,0,0,12,0,0,0,0,0,0,0,0,0,0,0,0,0,0,0,0,0,0,0,0,0,0,0,0,0,0,0,0,0,0,6,0,0,0,0,0,0,0,0,0,0,0,0,0,0,0,0,0,0,0,11,1,2,0,0,0,0,2,1,0,0,0,0,0,1,0,0,0,1,2,16,230
p3,e09b21a3fb46a498c8290b21ff10ac79d91de8f2,0,44523.4375,59738112.0,12,6,6,81,87,2,4,19,21,11,15,7,13,12,10,3,0,0,8,2,1,2,7,1,1,1,0,0,7,5,23,37,2,2,0,0,0,0,0,0,0,12,0,0,0,0,0,0,0,0,0,0,0,0,0,0,0,0,0,0,0,0,0,0,0,0,0,0,0,0,0,0,6,0,0,0,0,0,0,0,0,0,0,0,0,0,0,0,0,0,0,0,11,1,2,0,0,0,0,2,1,0,0,0,0,0,1,0,0,0,1,2,16,230
plus,6cf32372e6d860b13b18b66593821b85de32bd9b,0,nan,nan,15,0,17,93,110,0,15,0,0,26,28,22,96,64,10,7,3,9,4,0,0,0,0,0,0,0,0,16,3,0,0,0,15,0,15,27,81,110,12,26,98,697,71,6,3,3,76,36,40,27,54,24,22,27,3,4,2,2,29,54,19,13,8,3,15,53,7,3,2,0,13,0,15,26,27,2,0,0,0,0,6,2,2,0,2,2,1,0,0,0,0,0,4,0,0,0,0,0,0,1,0,0,0,0,0,0,0,1,0,0,0,1,6,1878
dchester,6cf32372e6d860b13b18b66593821b85de32bd9b,0,nan,nan,15,0,17,93,110,0,15,0,0,26,28,22,96,64,10,7,3,9,4,0,0,0,0,0,0,0,0,16,3,0,0,0,15,0,15,27,81,110,12,26,98,697,71,6,3,3,76,36,40,27,54,24,22,27,3,4,2,2,29,54,19,13,8,3,15,53,7,3,2,0,13,0,15,26,27,2,0,0,0,0,6,2,2,0,2,2,1,0,0,0,0,0,4,0,0,0,0,0,0,1,0,0,0,0,0,0,0,1,0,0,0,1,6,1878
jsonpathly,6cf32372e6d860b13b18b66593821b85de32bd9b,0,1000399.3333333334,91179690.66666667,15,0,17,93,110,0,15,0,0,26,28,22,96,64,10,7,3,9,4,0,0,0,0,0,0,0,0,16,3,0,0,0,15,0,15,27,81,110,12,26,98,697,71,6,3,3,76,36,40,27,54,24,22,27,3,4,2,2,29,54,19,13,8,3,15,53,7,3,2,0,13,0,15,26,27,2,0,0,0,0,6,2,2,0,2,2,1,0,0,0,0,0,4,0,0,0,0,0,0,1,0,0,0,0,0,0,0,1,0,0,0,1,6,1878
rfc9535,6cf32372e6d860b13b18b66593821b85de32bd9b,0,209072.75,79663104.0,15,0,17,93,110,0,15,0,0,26,28,22,96,64,10,7,3,9,4,0,0,0,0,0,0,0,0,16,3,0,0,0,15,0,15,27,81,110,12,26,98,697,71,6,3,3,76,36,40,27,54,24,22,27,3,4,2,2,29,54,19,13,8,3,15,53,7,3,2,0,13,0,15,26,27,2,0,0,0,0,6,2,2,0,2,2,1,0,0,0,0,0,4,0,0,0,0,0,0,1,0,0,0,0,0,0,0,1,0,0,0,1,6,1878
p3,6cf32372e6d860b13b18b66593821b85de32bd9b,0,nan,nan,15,0,17,93,110,0,15,0,0,26,28,22,96,64,10,7,3,9,4,0,0,0,0,0,0,0,0,16,3,0,0,0,15,0,15,27,81,110,12,26,98,697,71,6,3,3,76,36,40,27,54,24,22,27,3,4,2,2,29,54,19,13,8,3,15,53,7,3,2,0,13,0,15,26,27,2,0,0,0,0,6,2,2,0,2,2,1,0,0,0,0,0,4,0,0,0,0,0,0,1,0,0,0,0,0,0,0,1,0,0,0,1,6,1878
plus,4019304feaf0423032bc8679c35c9184290b4d15,0,nan,nan,17,0,21,126,147,0,17,0,0,32,32,21,46,45,21,11,2,11,5,0,0,0,0,0,0,0,0,11,10,2,12,17,17,0,17,29,87,115,12,29,85,633,86,6,2,4,90,43,47,17,34,16,20,15,0,1,1,0,28,58,12,6,5,5,6,74,14,0,0,0,7,0,17,32,42,0,0,0,0,0,6,0,0,0,0,0,0,0,0,0,0,0,4,0,0,0,0,0,0,1,0,0,0,0,0,0,0,1,0,0,0,1,7,1771
dchester,4019304feaf0423032bc8679c35c9184290b4d15,0,nan,nan,17,0,21,126,147,0,17,0,0,32,32,21,46,45,21,11,2,11,5,0,0,0,0,0,0,0,0,11,10,2,12,17,17,0,17,29,87,115,12,29,85,633,86,6,2,4,90,43,47,17,34,16,20,15,0,1,1,0,28,58,12,6,5,5,6,74,14,0,0,0,7,0,17,32,42,0,0,0,0,0,6,0,0,0,0,0,0,0,0,0,0,0,4,0,0,0,0,0,0,1,0,0,0,0,0,0,0,1,0,0,0,1,7,1771
jsonpathly,4019304feaf0423032bc8679c35c9184290b4d15,0,2882736.1666666665,93934933.33333333,17,0,21,126,147,0,17,0,0,32,32,21,46,45,21,11,2,11,5,0,0,0,0,0,0,0,0,11,10,2,12,17,17,0,17,29,87,115,12,29,85,633,86,6,2,4,90,43,47,17,34,16,20,15,0,1,1,0,28,58,12,6,5,5,6,74,14,0,0,0,7,0,17,32,42,0,0,0,0,0,6,0,0,0,0,0,0,0,0,0,0,0,4,0,0,0,0,0,0,1,0,0,0,0,0,0,0,1,0,0,0,1,7,1771
rfc9535,4019304feaf0423032bc8679c35c9184290b4d15,0,377145.9285714286,82259382.85714285,17,0,21,126,147,0,17,0,0,32,32,21,46,45,21,11,2,11,5,0,0,0,0,0,0,0,0,11,10,2,12,17,17,0,17,29,87,115,12,29,85,633,86,6,2,4,90,43,47,17,34,16,20,15,0,1,1,0,28,58,12,6,5,5,6,74,14,0,0,0,7,0,17,32,42,0,0,0,0,0,6,0,0,0,0,0,0,0,0,0,0,0,4,0,0,0,0,0,0,1,0,0,0,0,0,0,0,1,0,0,0,1,7,1771
p3,4019304feaf0423032bc8679c35c9184290b4d15,0,141401.25,65667072.0,17,0,21,126,147,0,17,0,0,32,32,21,46,45,21,11,2,11,5,0,0,0,0,0,0,0,0,11,10,2,12,17,17,0,17,29,87,115,12,29,85,633,86,6,2,4,90,43,47,17,34,16,20,15,0,1,1,0,28,58,12,6,5,5,6,74,14,0,0,0,7,0,17,32,42,0,0,0,0,0,6,0,0,0,0,0,0,0,0,0,0,0,4,0,0,0,0,0,0,1,0,0,0,0,0,0,0,1,0,0,0,1,7,1771
plus,9b9b79e1569cbbf577d2e2a900ecb8266d43457e,0,nan,nan,17,0,9,88,97,0,17,0,0,23,24,19,68,56,16,8,1,5,2,1,1,2,4,1,0,0,0,10,8,1,3,8,17,0,17,30,90,116,13,27,105,702,81,11,7,4,79,30,49,22,44,17,24,25,2,2,1,1,26,60,19,8,6,3,16,48,8,1,1,0,1,1,17,23,25,1,0,0,1,0,11,1,1,0,1,0,0,0,0,0,0,0,4,0,0,0,0,0,0,1,0,0,0,0,0,0,0,1,0,0,0,1,7,1838
dchester,9b9b79e1569cbbf577d2e2a900ecb8266d43457e,0,nan,nan,17,0,9,88,97,0,17,0,0,23,24,19,68,56,16,8,1,5,2,1,1,2,4,1,0,0,0,10,8,1,3,8,17,0,17,30,90,116,13,27,105,702,81,11,7,4,79,30,49,22,44,17,24,25,2,2,1,1,26,60,19,8,6,3,16,48,8,1,1,0,1,1,17,23,25,1,0,0,1,0,11,1,1,0,1,0,0,0,0,0,0,0,4,0,0,0,0,0,0,1,0,0,0,0,0,0,0,1,0,0,0,1,7,1838
jsonpathly,9b9b79e1569cbbf577d2e2a900ecb8266d43457e,0,2404616.6,92196044.8,17,0,9,88,97,0,17,0,0,23,24,19,68,56,16,8,1,5,2,1,1,2,4,1,0,0,0,10,8,1,3,8,17,0,17,30,90,116,13,27,105,702,81,11,7,4,79,30,49,22,44,17,24,25,2,2,1,1,26,60,19,8,6,3,16,48,8,1,1,0,1,1,17,23,25,1,0,0,1,0,11,1,1,0,1,0,0,0,0,0,0,0,4,0,0,0,0,0,0,1,0,0,0,0,0,0,0,1,0,0,0,1,7,1838
rfc9535,9b9b79e1569cbbf577d2e2a900ecb8266d43457e,0,222993.0,79547050.66666667,17,0,9,88,97,0,17,0,0,23,24,19,68,56,16,8,1,5,2,1,1,2,4,1,0,0,0,10,8,1,3,8,17,0,17,30,90,116,13,27,105,702,81,11,7,4,79,30,49,22,44,17,24,25,2,2,1,1,26,60,19,8,6,3,16,48,8,1,1,0,1,1,17,23,25,1,0,0,1,0,11,1,1,0,1,0,0,0,0,0,0,0,4,0,0,0,0,0,0,1,0,0,0,0,0,0,0,1,0,0,0,1,7,1838
p3,9b9b79e1569cbbf577d2e2a900ecb8266d43457e,0,136624.83333333334,64307200.0,17,0,9,88,97,0,17,0,0,23,24,19,68,56,16,8,1,5,2,1,1,2,4,1,0,0,0,10,8,1,3,8,17,0,17,30,90,116,13,27,105,702,81,11,7,4,79,30,49,22,44,17,24,25,2,2,1,1,26,60,19,8,6,3,16,48,8,1,1,0,1,1,17,23,25,1,0,0,1,0,11,1,1,0,1,0,0,0,0,0,0,0,4,0,0,0,0,0,0,1,0,0,0,0,0,0,0,1,0,0,0,1,7,1838
plus,91ef382690f1884a0974759dabf216ec38f7eab1,0,nan,nan,21,0,8,51,59,0,21,0,0,23,24,13,49,40,8,6,1,3,2,0,0,0,0,0,0,0,0,8,2,1,1,1,21,0,21,27,135,157,6,38,102,656,125,11,5,6,119,66,53,26,52,10,24,38,3,2,1,1,22,108,16,5,3,2,14,39,10,0,1,0,1,0,21,23,16,1,0,0,0,0,11,0,0,0,0,0,0,0,0,0,0,0,4,0,0,0,0,0,0,1,0,0,0,0,0,0,0,1,0,0,0,1,7,1843
dchester,91ef382690f1884a0974759dabf216ec38f7eab1,0,nan,nan,21,0,8,51,59,0,21,0,0,23,24,13,49,40,8,6,1,3,2,0,0,0,0,0,0,0,0,8,2,1,1,1,21,0,21,27,135,157,6,38,102,656,125,11,5,6,119,66,53,26,52,10,24,38,3,2,1,1,22,108,16,5,3,2,14,39,10,0,1,0,1,0,21,23,16,1,0,0,0,0,11,0,0,0,0,0,0,0,0,0,0,0,4,0,0,0,0,0,0,1,0,0,0,0,0,0,0,1,0,0,0,1,7,1843
jsonpathly,91ef382690f1884a0974759dabf216ec38f7eab1,0,3667375.0,93011968.0,21,0,8,51,59,0,21,0,0,23,24,13,49,40,8,6,1,3,2,0,0,0,0,0,0,0,0,8,2,1,1,1,21,0,21,27,135,157,6,38,102,656,125,11,5,6,119,66,53,26,52,10,24,38,3,2,1,1,22,108,16,5,3,2,14,39,10,0,1,0,1,0,21,23,16,1,0,0,0,0,11,0,0,0,0,0,0,0,0,0,0,0,4,0,0,0,0,0,0,1,0,0,0,0,0,0,0,1,0,0,0,1,7,1843
rfc9535,91ef382690f1884a0974759dabf216ec38f7eab1,0,262983.5,79737651.2,21,0,8,51,59,0,21,0,0,23,24,13,49,40,8,6,1,3,2,0,0,0,0,0,0,0,0,8,2,1,1,1,21,0,21,27,135,157,6,38,102,656,125,11,5,6,119,66,53,26,52,10,24,38,3,2,1,1,22,108,16,5,3,2,14,39,10,0,1,0,1,0,21,23,16,1,0,0,0,0,11,0,0,0,0,0,0,0,0,0,0,0,4,0,0,0,0,0,0,1,0,0,0,0,0,0,0,1,0,0,0,1,7,1843
p3,91ef382690f1884a0974759dabf216ec38f7eab1,0,144901.125,66043904.0,21,0,8,51,59,0,21,0,0,23,24,13,49,40,8,6,1,3,2,0,0,0,0,0,0,0,0,8,2,1,1,1,21,0,21,27,135,157,6,38,102,656,125,11,5,6,119,66,53,26,52,10,24,38,3,2,1,1,22,108,16,5,3,2,14,39,10,0,1,0,1,0,21,23,16,1,0,0,0,0,11,0,0,0,0,0,0,0,0,0,0,0,4,0,0,0,0,0,0,1,0,0,0,0,0,0,0,1,0,0,0,1,7,1843
plus,744202912671351f51a59daab213144b4d0ff8da,0,nan,nan,17,0,9,85,94,0,17,0,0,17,20,14,47,36,8,4,2,8,4,0,0,0,0,0,0,0,0,13,4,1,5,10,17,0,17,25,127,145,8,29,89,663,105,5,1,4,111,61,50,32,64,20,24,36,5,3,2,1,18,102,14,9,6,5,14,34,10,0,3,0,4,0,17,17,17,3,0,0,0,0,5,0,0,0,0,0,0,0,0,0,0,0,4,0,0,0,0,0,0,1,0,0,0,0,0,0,0,1,0,0,0,1,6,1839
dchester,744202912671351f51a59daab213144b4d0ff8da,0,nan,nan,17,0,9,85,94,0,17,0,0,17,20,14,47,36,8,4,2,8,4,0,0,0,0,0,0,0,0,13,4,1,5,10,17,0,17,25,127,145,8,29,89,663,105,5,1,4,111,61,50,32,64,20,24,36,5,3,2,1,18,102,14,9,6,5,14,34,10,0,3,0,4,0,17,17,17,3,0,0,0,0,5,0,0,0,0,0,0,0,0,0,0,0,4,0,0,0,0,0,0,1,0,0,0,0,0,0,0,1,0,0,0,1,6,1839
jsonpathly,744202912671351f51a59daab213144b4d0ff8da,0,14983722.166666666,107697493.33333333,17,0,9,85,94,0,17,0,0,17,20,14,47,36,8,4,2,8,4,0,0,0,0,0,0,0,0,13,4,1,5,10,17,0,17,25,127,145,8,29,89,663,105,5,1,4,111,61,50,32,64,20,24,36,5,3,2,1,18,102,14,9,6,5,14,34,10,0,3,0,4,0,17,17,17,3,0,0,0,0,5,0,0,0,0,0,0,0,0,0,0,0,4,0,0,0,0,0,0,1,0,0,0,0,0,0,0,1,0,0,0,1,6,1839
rfc9535,744202912671351f51a59daab213144b4d0ff8da,0,447520.8,81277747.2,17,0,9,85,94,0,17,0,0,17,20,14,47,36,8,4,2,8,4,0,0,0,0,0,0,0,0,13,4,1,5,10,17,0,17,25,127,145,8,29,89,663,105,5,1,4,111,61,50,32,64,20,24,36,5,3,2,1,18,102,14,9,6,5,14,34,10,0,3,0,4,0,17,17,17,3,0,0,0,0,5,0,0,0,0,0,0,0,0,0,0,0,4,0,0,0,0,0,0,1,0,0,0,0,0,0,0,1,0,0,0,1,6,1839
p3,744202912671351f51a59daab213144b4d0ff8da,0,nan,nan,17,0,9,85,94,0,17,0,0,17,20,14,47,36,8,4,2,8,4,0,0,0,0,0,0,0,0,13,4,1,5,10,17,0,17,25,127,145,8,29,89,663,105,5,1,4,111,61,50,32,64,20,24,36,5,3,2,1,18,102,14,9,6,5,14,34,10,0,3,0,4,0,17,17,17,3,0,0,0,0,5,0,0,0,0,0,0,0,0,0,0,0,4,0,0,0,0,0,0,1,0,0,0,0,0,0,0,1,0,0,0,1,6,1839
plus,4a82f260b74c60619ea608996fdbf9aa1d87a661,0,nan,nan,21,0,4,3,7,0,21,0,0,3,4,3,4,5,2,1,0,0,3,2,1,3,6,1,1,0,1,0,1,0,0,0,21,0,21,31,155,182,10,44,102,772,148,7,2,5,152,83,69,24,48,15,17,29,2,2,0,2,27,124,11,4,7,4,8,9,9,1,0,0,7,1,21,3,6,0,0,0,4,4,7,2,3,1,4,5,2,1,0,0,0,0,4,0,0,0,0,0,0,1,0,0,0,0,0,0,0,1,0,0,0,1,6,1832
dchester,4a82f260b74c60619ea608996fdbf9aa1d87a661,0,nan,nan,21,0,4,3,7,0,21,0,0,3,4,3,4,5,2,1,0,0,3,2,1,3,6,1,1,0,1,0,1,0,0,0,21,0,21,31,155,182,10,44,102,772,148,7,2,5,152,83,69,24,48,15,17,29,2,2,0,2,27,124,11,4,7,4,8,9,9,1,0,0,7,1,21,3,6,0,0,0,4,4,7,2,3,1,4,5,2,1,0,0,0,0,4,0,0,0,0,0,0,1,0,0,0,0,0,0,0,1,0,0,0,1,6,1832
jsonpathly,4a82f260b74c60619ea608996fdbf9aa1d87a661,0,709411.5,90505216.0,21,0,4,3,7,0,21,0,0,3,4,3,4,5,2,1,0,0,3,2,1,3,6,1,1,0,1,0,1,0,0,0,21,0,21,31,155,182,10,44,102,772,148,7,2,5,152,83,69,24,48,15,17,29,2,2,0,2,27,124,11,4,7,4,8,9,9,1,0,0,7,1,21,3,6,0,0,0,4,4,7,2,3,1,4,5,2,1,0,0,0,0,4,0,0,0,0,0,0,1,0,0,0,0,0,0,0,1,0,0,0,1,6,1832
rfc9535,4a82f260b74c60619ea608996fdbf9aa1d87a661,0,258446.0,77643776.0,21,0,4,3,7,0,21,0,0,3,4,3,4,5,2,1,0,0,3,2,1,3,6,1,1,0,1,0,1,0,0,0,21,0,21,31,155,182,10,44,102,772,148,7,2,5,152,83,69,24,48,15,17,29,2,2,0,2,27,124,11,4,7,4,8,9,9,1,0,0,7,1,21,3,6,0,0,0,4,4,7,2,3,1,4,5,2,1,0,0,0,0,4,0,0,0,0,0,0,1,0,0,0,0,0,0,0,1,0,0,0,1,6,1832
p3,4a82f260b74c60619ea608996fdbf9aa1d87a661,0,154591.6,66217574.4,21,0,4,3,7,0,21,0,0,3,4,3,4,5,2,1,0,0,3,2,1,3,6,1,1,0,1,0,1,0,0,0,21,0,21,31,155,182,10,44,102,772,148,7,2,5,152,83,69,24,48,15,17,29,2,2,0,2,27,124,11,4,7,4,8,9,9,1,0,0,7,1,21,3,6,0,0,0,4,4,7,2,3,1,4,5,2,1,0,0,0,0,4,0,0,0,0,0,0,1,0,0,0,0,0,0,0,1,0,0,0,1,6,1832
plus,c07fe500782e2fc7fdf746d86a6589b28ba5582c,0,nan,nan,16,0,3,20,23,0,16,0,0,11,12,11,48,33,3,1,0,0,3,1,0,0,3,0,1,1,0,0,2,1,3,3,16,0,16,23,184,201,7,47,89,649,175,6,4,2,176,92,84,19,38,9,13,25,5,1,0,1,17,161,8,2,6,1,9,17,4,3,3,0,8,0,16,11,6,3,0,0,0,0,6,2,2,1,3,0,0,0,0,0,0,0,4,0,0,0,0,0,0,1,0,0,0,0,0,0,0,1,0,0,0,1,6,1742
dchester,c07fe500782e2fc7fdf746d86a6589b28ba5582c,0,nan,nan,16,0,3,20,23,0,16,0,0,11,12,11,48,33,3,1,0,0,3,1,0,0,3,0,1,1,0,0,2,1,3,3,16,0,16,23,184,201,7,47,89,649,175,6,4,2,176,92,84,19,38,9,13,25,5,1,0,1,17,161,8,2,6,1,9,17,4,3,3,0,8,0,16,11,6,3,0,0,0,0,6,2,2,1,3,0,0,0,0,0,0,0,4,0,0,0,0,0,0,1,0,0,0,0,0,0,0,1,0,0,0,1,6,1742
jsonpathly,c07fe500782e2fc7fdf746d86a6589b28ba5582c,0,33051055.666666668,125222912.0,16,0,3,20,23,0,16,0,0,11,12,11,48,33,3,1,0,0,3,1,0,0,3,0,1,1,0,0,2,1,3,3,16,0,16,23,184,201,7,47,89,649,175,6,4,2,176,92,84,19,38,9,13,25,5,1,0,1,17,161,8,2,6,1,9,17,4,3,3,0,8,0,16,11,6,3,0,0,0,0,6,2,2,1,3,0,0,0,0,0,0,0,4,0,0,0,0,0,0,1,0,0,0,0,0,0,0,1,0,0,0,1,6,1742
rfc9535,c07fe500782e2fc7fdf746d86a6589b28ba5582c,0,254641.7,77840384.0,16,0,3,20,23,0,16,0,0,11,12,11,48,33,3,1,0,0,3,1,0,0,3,0,1,1,0,0,2,1,3,3,16,0,16,23,184,201,7,47,89,649,175,6,4,2,176,92,84,19,38,9,13,25,5,1,0,1,17,161,8,2,6,1,9,17,4,3,3,0,8,0,16,11,6,3,0,0,0,0,6,2,2,1,3,0,0,0,0,0,0,0,4,0,0,0,0,0,0,1,0,0,0,0,0,0,0,1,0,0,0,1,6,1742
p3,c07fe500782e2fc7fdf746d86a6589b28ba5582c,0,148892.08333333334,65079978.666666664,16,0,3,20,23,0,16,0,0,11,12,11,48,33,3,1,0,0,3,1,0,0,3,0,1,1,0,0,2,1,3,3,16,0,16,23,184,201,7,47,89,649,175,6,4,2,176,92,84,19,38,9,13,25,5,1,0,1,17,161,8,2,6,1,9,17,4,3,3,0,8,0,16,11,6,3,0,0,0,0,6,2,2,1,3,0,0,0,0,0,0,0,4,0,0,0,0,0,0,1,0,0,0,0,0,0,0,1,0,0,0,1,6,1742
plus,a86396d57e6c0d318d214be2a4b74d92368a6e5a,0,nan,nan,15,0,6,50,56,0,15,0,0,10,11,5,3,7,9,3,0,0,10,0,0,0,0,0,0,0,0,0,6,4,14,16,15,0,15,18,145,169,3,25,95,637,144,12,3,9,139,79,60,22,44,11,27,24,2,5,4,1,24,127,16,4,3,4,16,25,11,1,0,1,23,1,15,10,15,0,7,8,1,0,12,3,4,0,4,14,8,1,5,4,29,10,4,0,0,0,0,0,0,1,0,0,0,0,0,0,0,1,0,0,0,1,6,1844
dchester,a86396d57e6c0d318d214be2a4b74d92368a6e5a,0,nan,nan,15,0,6,50,56,0,15,0,0,10,11,5,3,7,9,3,0,0,10,0,0,0,0,0,0,0,0,0,6,4,14,16,15,0,15,18,145,169,3,25,95,637,144,12,3,9,139,79,60,22,44,11,27,24,2,5,4,1,24,127,16,4,3,4,16,25,11,1,0,1,23,1,15,10,15,0,7,8,1,0,12,3,4,0,4,14,8,1,5,4,29,10,4,0,0,0,0,0,0,1,0,0,0,0,0,0,0,1,0,0,0,1,6,1844
jsonpathly,a86396d57e6c0d318d214be2a4b74d92368a6e5a,0,1107597.3333333333,87932928.0,15,0,6,50,56,0,15,0,0,10,11,5,3,7,9,3,0,0,10,0,0,0,0,0,0,0,0,0,6,4,14,16,15,0,15,18,145,169,3,25,95,637,144,12,3,9,139,79,60,22,44,11,27,24,2,5,4,1,24,127,16,4,3,4,16,25,11,1,0,1,23,1,15,10,15,0,7,8,1,0,12,3,4,0,4,14,8,1,5,4,29,10,4,0,0,0,0,0,0,1,0,0,0,0,0,0,0,1,0,0,0,1,6,1844
rfc9535,a86396d57e6c0d318d214be2a4b74d92368a6e5a,0,254129.2,78466252.8,15,0,6,50,56,0,15,0,0,10,11,5,3,7,9,3,0,0,10,0,0,0,0,0,0,0,0,0,6,4,14,16,15,0,15,18,145,169,3,25,95,637,144,12,3,9,139,79,60,22,44,11,27,24,2,5,4,1,24,127,16,4,3,4,16,25,11,1,0,1,23,1,15,10,15,0,7,8,1,0,12,3,4,0,4,14,8,1,5,4,29,10,4,0,0,0,0,0,0,1,0,0,0,0,0,0,0,1,0,0,0,1,6,1844
p3,a86396d57e6c0d318d214be2a4b74d92368a6e5a,0,191885.33333333334,65454080.0,15,0,6,50,56,0,15,0,0,10,11,5,3,7,9,3,0,0,10,0,0,0,0,0,0,0,0,0,6,4,14,16,15,0,15,18,145,169,3,25,95,637,144,12,3,9,139,79,60,22,44,11,27,24,2,5,4,1,24,127,16,4,3,4,16,25,11,1,0,1,23,1,15,10,15,0,7,8,1,0,12,3,4,0,4,14,8,1,5,4,29,10,4,0,0,0,0,0,0,1,0,0,0,0,0,0,0,1,0,0,0,1,6,1844
plus,d78dd3b87bfc4eae38d812d5a219d7bb56c163ec,0,nan,nan,14,0,6,56,62,0,14,0,0,11,15,9,44,33,8,5,1,5,1,0,0,0,0,0,0,0,0,9,3,0,0,0,14,0,14,19,152,175,5,27,73,647,129,4,3,1,136,63,73,41,82,15,31,46,7,6,4,2,23,133,8,4,7,4,21,25,10,3,1,0,19,0,14,11,14,1,0,0,0,0,4,0,0,0,0,0,0,0,0,0,0,0,4,0,0,0,0,0,0,1,0,0,0,0,0,0,0,1,0,0,0,1,7,1829
dchester,d78dd3b87bfc4eae38d812d5a219d7bb56c163ec,0,nan,nan,14,0,6,56,62,0,14,0,0,11,15,9,44,33,8,5,1,5,1,0,0,0,0,0,0,0,0,9,3,0,0,0,14,0,14,19,152,175,5,27,73,647,129,4,3,1,136,63,73,41,82,15,31,46,7,6,4,2,23,133,8,4,7,4,21,25,10,3,1,0,19,0,14,11,14,1,0,0,0,0,4,0,0,0,0,0,0,0,0,0,0,0,4,0,0,0,0,0,0,1,0,0,0,0,0,0,0,1,0,0,0,1,7,1829
jsonpathly,d78dd3b87bfc4eae38d812d5a219d7bb56c163ec,0,500135.375,81444864.0,14,0,6,56,62,0,14,0,0,11,15,9,44,33,8,5,1,5,1,0,0,0,0,0,0,0,0,9,3,0,0,0,14,0,14,19,152,175,5,27,73,647,129,4,3,1,136,63,73,41,82,15,31,46,7,6,4,2,23,133,8,4,7,4,21,25,10,3,1,0,19,0,14,11,14,1,0,0,0,0,4,0,0,0,0,0,0,0,0,0,0,0,4,0,0,0,0,0,0,1,0,0,0,0,0,0,0,1,0,0,0,1,7,1829
rfc9535,d78dd3b87bfc4eae38d812d5a219d7bb56c163ec,0,239318.2142857143,78172745.14285715,14,0,6,56,62,0,14,0,0,11,15,9,44,33,8,5,1,5,1,0,0,0,0,0,0,0,0,9,3,0,0,0,14,0,14,19,152,175,5,27,73,647,129,4,3,1,136,63,73,41,82,15,31,46,7,6,4,2,23,133,8,4,7,4,21,25,10,3,1,0,19,0,14,11,14,1,0,0,0,0,4,0,0,0,0,0,0,0,0,0,0,0,4,0,0,0,0,0,0,1,0,0,0,0,0,0,0,1,0,0,0,1,7,1829
p3,d78dd3b87bfc4eae38d812d5a219d7bb56c163ec,0,159734.5,66097152.0,14,0,6,56,62,0,14,0,0,11,15,9,44,33,8,5,1,5,1,0,0,0,0,0,0,0,0,9,3,0,0,0,14,0,14,19,152,175,5,27,73,647,129,4,3,1,136,63,73,41,82,15,31,46,7,6,4,2,23,133,8,4,7,4,21,25,10,3,1,0,19,0,14,11,14,1,0,0,0,0,4,0,0,0,0,0,0,0,0,0,0,0,4,0,0,0,0,0,0,1,0,0,0,0,0,0,0,1,0,0,0,1,7,1829
plus,01e83f1b78745763a5186f214401216f6ff835db,0,nan,nan,10,0,4,18,22,0,10,0,0,7,8,6,15,14,5,2,0,0,4,0,0,0,0,0,0,0,0,0,3,0,0,0,10,0,10,14,197,221,4,41,89,675,194,7,4,3,194,93,101,23,46,10,18,30,3,2,0,2,24,183,10,3,3,4,5,16,13,2,0,0,15,1,10,7,9,0,0,0,5,8,7,1,1,0,1,3,2,0,0,0,0,0,4,0,0,0,0,0,0,1,0,0,0,0,0,0,0,1,0,0,0,1,6,1824
dchester,01e83f1b78745763a5186f214401216f6ff835db,0,nan,nan,10,0,4,18,22,0,10,0,0,7,8,6,15,14,5,2,0,0,4,0,0,0,0,0,0,0,0,0,3,0,0,0,10,0,10,14,197,221,4,41,89,675,194,7,4,3,194,93,101,23,46,10,18,30,3,2,0,2,24,183,10,3,3,4,5,16,13,2,0,0,15,1,10,7,9,0,0,0,5,8,7,1,1,0,1,3,2,0,0,0,0,0,4,0,0,0,0,0,0,1,0,0,0,0,0,0,0,1,0,0,0,1,6,1824
jsonpathly,01e83f1b78745763a5186f214401216f6ff835db,0,6387173.333333333,103467690.66666667,10,0,4,18,22,0,10,0,0,7,8,6,15,14,5,2,0,0,4,0,0,0,0,0,0,0,0,0,3,0,0,0,10,0,10,14,197,221,4,41,89,675,194,7,4,3,194,93,101,23,46,10,18,30,3,2,0,2,24,183,10,3,3,4,5,16,13,2,0,0,15,1,10,7,9,0,0,0,5,8,7,1,1,0,1,3,2,0,0,0,0,0,4,0,0,0,0,0,0,1,0,0,0,0,0,0,0,1,0,0,0,1,6,1824
rfc9535,01e83f1b78745763a5186f214401216f6ff835db,0,404267.5,80349866.66666667,10,0,4,18,22,0,10,0,0,7,8,6,15,14,5,2,0,0,4,0,0,0,0,0,0,0,0,0,3,0,0,0,10,0,10,14,197,221,4,41,89,675,194,7,4,3,194,93,101,23,46,10,18,30,3,2,0,2,24,183,10,3,3,4,5,16,13,2,0,0,15,1,10,7,9,0,0,0,5,8,7,1,1,0,1,3,2,0,0,0,0,0,4,0,0,0,0,0,0,1,0,0,0,0,0,0,0,1,0,0,0,1,6,1824
p3,01e83f1b78745763a5186f214401216f6ff835db,0,166651.125,64901120.0,10,0,4,18,22,0,10,0,0,7,8,6,15,14,5,2,0,0,4,0,0,0,0,0,0,0,0,0,3,0,0,0,10,0,10,14,197,221,4,41,89,675,194,7,4,3,194,93,101,23,46,10,18,30,3,2,0,2,24,183,10,3,3,4,5,16,13,2,0,0,15,1,10,7,9,0,0,0,5,8,7,1,1,0,1,3,2,0,0,0,0,0,4,0,0,0,0,0,0,1,0,0,0,0,0,0,0,1,0,0,0,1,6,1824
plus,6551e3bf5f54364995f657a6e1549427b58e8c5f,0,nan,nan,14,0,1,5,6,0,14,0,0,7,8,4,24,16,1,0,0,0,1,0,0,0,0,0,0,0,0,0,1,1,2,1,14,0,14,16,224,242,2,40,82,631,215,8,4,4,210,105,105,25,50,5,19,38,6,1,1,0,18,208,10,2,1,2,10,9,9,2,3,0,0,0,14,7,2,3,0,0,0,0,8,1,1,0,1,0,0,0,0,0,0,0,4,0,0,0,0,0,0,1,0,0,0,0,0,0,0,1,0,0,0,1,7,1817
dchester,6551e3bf5f54364995f657a6e1549427b58e8c5f,0,nan,nan,14,0,1,5,6,0,14,0,0,7,8,4,24,16,1,0,0,0,1,0,0,0,0,0,0,0,0,0,1,1,2,1,14,0,14,16,224,242,2,40,82,631,215,8,4,4,210,105,105,25,50,5,19,38,6,1,1,0,18,208,10,2,1,2,10,9,9,2,3,0,0,0,14,7,2,3,0,0,0,0,8,1,1,0,1,0,0,0,0,0,0,0,4,0,0,0,0,0,0,1,0,0,0,0,0,0,0,1,0,0,0,1,7,1817
jsonpathly,6551e3bf5f54364995f657a6e1549427b58e8c5f,0,11608390.625,104278016.0,14,0,1,5,6,0,14,0,0,7,8,4,24,16,1,0,0,0,1,0,0,0,0,0,0,0,0,0,1,1,2,1,14,0,14,16,224,242,2,40,82,631,215,8,4,4,210,105,105,25,50,5,19,38,6,1,1,0,18,208,10,2,1,2,10,9,9,2,3,0,0,0,14,7,2,3,0,0,0,0,8,1,1,0,1,0,0,0,0,0,0,0,4,0,0,0,0,0,0,1,0,0,0,0,0,0,0,1,0,0,0,1,7,1817
rfc9535,6551e3bf5f54364995f657a6e1549427b58e8c5f,0,414135.625,79429632.0,14,0,1,5,6,0,14,0,0,7,8,4,24,16,1,0,0,0,1,0,0,0,0,0,0,0,0,0,1,1,2,1,14,0,14,16,224,242,2,40,82,631,215,8,4,4,210,105,105,25,50,5,19,38,6,1,1,0,18,208,10,2,1,2,10,9,9,2,3,0,0,0,14,7,2,3,0,0,0,0,8,1,1,0,1,0,0,0,0,0,0,0,4,0,0,0,0,0,0,1,0,0,0,0,0,0,0,1,0,0,0,1,7,1817
p3,6551e3bf5f54364995f657a6e1549427b58e8c5f,0,158329.75,67158016.0,14,0,1,5,6,0,14,0,0,7,8,4,24,16,1,0,0,0,1,0,0,0,0,0,0,0,0,0,1,1,2,1,14,0,14,16,224,242,2,40,82,631,215,8,4,4,210,105,105,25,50,5,19,38,6,1,1,0,18,208,10,2,1,2,10,9,9,2,3,0,0,0,14,7,2,3,0,0,0,0,8,1,1,0,1,0,0,0,0,0,0,0,4,0,0,0,0,0,0,1,0,0,0,0,0,0,0,1,0,0,0,1,7,1817
plus,af383b452c8fda8ba3cb8fd462d86cb321668d71,0,nan,nan,11,0,4,7,11,0,11,0,0,7,7,4,2,5,1,1,0,0,0,0,0,0,0,0,0,0,0,0,0,0,0,0,11,0,11,16,224,239,5,49,81,691,209,4,1,3,208,97,111,25,50,8,17,35,0,0,0,0,15,208,9,5,2,1,12,12,5,0,0,0,0,0,11,7,5,0,0,0,0,0,4,1,1,0,1,1,0,0,0,0,0,0,4,0,0,0,0,0,0,1,0,0,0,0,0,0,0,1,0,0,0,1,6,1816
dchester,af383b452c8fda8ba3cb8fd462d86cb321668d71,0,nan,nan,11,0,4,7,11,0,11,0,0,7,7,4,2,5,1,1,0,0,0,0,0,0,0,0,0,0,0,0,0,0,0,0,11,0,11,16,224,239,5,49,81,691,209,4,1,3,208,97,111,25,50,8,17,35,0,0,0,0,15,208,9,5,2,1,12,12,5,0,0,0,0,0,11,7,5,0,0,0,0,0,4,1,1,0,1,1,0,0,0,0,0,0,4,0,0,0,0,0,0,1,0,0,0,0,0,0,0,1,0,0,0,1,6,1816
jsonpathly,af383b452c8fda8ba3cb8fd462d86cb321668d71,0,2682937.3333333335,88839509.33333333,11,0,4,7,11,0,11,0,0,7,7,4,2,5,1,1,0,0,0,0,0,0,0,0,0,0,0,0,0,0,0,0,11,0,11,16,224,239,5,49,81,691,209,4,1,3,208,97,111,25,50,8,17,35,0,0,0,0,15,208,9,5,2,1,12,12,5,0,0,0,0,0,11,7,5,0,0,0,0,0,4,1,1,0,1,1,0,0,0,0,0,0,4,0,0,0,0,0,0,1,0,0,0,0,0,0,0,1,0,0,0,1,6,1816
rfc9535,af383b452c8fda8ba3cb8fd462d86cb321668d71,0,277194.3333333333,78484821.33333333,11,0,4,7,11,0,11,0,0,7,7,4,2,5,1,1,0,0,0,0,0,0,0,0,0,0,0,0,0,0,0,0,11,0,11,16,224,239,5,49,81,691,209,4,1,3,208,97,111,25,50,8,17,35,0,0,0,0,15,208,9,5,2,1,12,12,5,0,0,0,0,0,11,7,5,0,0,0,0,0,4,1,1,0,1,1,0,0,0,0,0,0,4,0,0,0,0,0,0,1,0,0,0,0,0,0,0,1,0,0,0,1,6,1816
p3,af383b452c8fda8ba3cb8fd462d86cb321668d71,0,163778.0,65617920.0,11,0,4,7,11,0,11,0,0,7,7,4,2,5,1,1,0,0,0,0,0,0,0,0,0,0,0,0,0,0,0,0,11,0,11,16,224,239,5,49,81,691,209,4,1,3,208,97,111,25,50,8,17,35,0,0,0,0,15,208,9,5,2,1,12,12,5,0,0,0,0,0,11,7,5,0,0,0,0,0,4,1,1,0,1,1,0,0,0,0,0,0,4,0,0,0,0,0,0,1,0,0,0,0,0,0,0,1,0,0,0,1,6,1816
plus,b678aaf981359ce4fa78d64b17afd5bf166ed84b,0,nan,nan,17,0,14,69,83,0,17,0,0,18,22,12,45,33,12,2,0,0,0,0,0,0,0,0,0,0,0,0,10,0,0,0,17,0,17,33,43,132,16,25,97,687,90,11,4,7,89,43,46,26,52,14,21,37,5,3,2,1,89,10,15,4,7,3,7,44,14,1,2,0,1,0,17,18,26,2,0,0,0,0,11,1,6,8,14,34,18,5,1,0,0,0,4,0,0,0,0,0,0,1,0,0,0,0,0,0,0,1,0,0,0,1,7,1874
dchester,b678aaf981359ce4fa78d64b17afd5bf166ed84b,0,nan,nan,17,0,14,69,83,0,17,0,0,18,22,12,45,33,12,2,0,0,0,0,0,0,0,0,0,0,0,0,10,0,0,0,17,0,17,33,43,132,16,25,97,687,90,11,4,7,89,43,46,26,52,14,21,37,5,3,2,1,89,10,15,4,7,3,7,44,14,1,2,0,1,0,17,18,26,2,0,0,0,0,11,1,6,8,14,34,18,5,1,0,0,0,4,0,0,0,0,0,0,1,0,0,0,0,0,0,0,1,0,0,0,1,7,1874
jsonpathly,b678aaf981359ce4fa78d64b17afd5bf166ed84b,0,3998465.0,102525610.66666667,17,0,14,69,83,0,17,0,0,18,22,12,45,33,12,2,0,0,0,0,0,0,0,0,0,0,0,0,10,0,0,0,17,0,17,33,43,132,16,25,97,687,90,11,4,7,89,43,46,26,52,14,21,37,5,3,2,1,89,10,15,4,7,3,7,44,14,1,2,0,1,0,17,18,26,2,0,0,0,0,11,1,6,8,14,34,18,5,1,0,0,0,4,0,0,0,0,0,0,1,0,0,0,0,0,0,0,1,0,0,0,1,7,1874
rfc9535,b678aaf981359ce4fa78d64b17afd5bf166ed84b,0,343520.8333333333,78905344.0,17,0,14,69,83,0,17,0,0,18,22,12,45,33,12,2,0,0,0,0,0,0,0,0,0,0,0,0,10,0,0,0,17,0,17,33,43,132,16,25,97,687,90,11,4,7,89,43,46,26,52,14,21,37,5,3,2,1,89,10,15,4,7,3,7,44,14,1,2,0,1,0,17,18,26,2,0,0,0,0,11,1,6,8,14,34,18,5,1,0,0,0,4,0,0,0,0,0,0,1,0,0,0,0,0,0,0,1,0,0,0,1,7,1874
p3,b678aaf981359ce4fa78d64b17afd5bf166ed84b,0,142562.41666666666,64408234.666666664,17,0,14,69,83,0,17,0,0,18,22,12,45,33,12,2,0,0,0,0,0,0,0,0,0,0,0,0,10,0,0,0,17,0,17,33,43,132,16,25,97,687,90,11,4,7,89,43,46,26,52,14,21,37,5,3,2,1,89,10,15,4,7,3,7,44,14,1,2,0,1,0,17,18,26,2,0,0,0,0,11,1,6,8,14,34,18,5,1,0,0,0,4,0,0,0,0,0,0,1,0,0,0,0,0,0,0,1,0,0,0,1,7,1874
plus,6862a32fd711b20a9ff9df834424d1a8ec1e6440,0,nan,nan,21,0,10,64,74,0,21,0,0,12,12,10,25,20,10,7,1,5,1,0,0,0,0,0,0,0,0,6,3,0,0,0,21,0,21,34,48,147,13,31,103,785,114,10,7,3,116,58,58,20,40,16,16,24,1,2,2,0,99,14,14,4,8,4,8,32,8,0,0,0,2,0,21,12,20,0,0,0,0,0,10,1,1,0,1,0,0,0,0,0,0,0,4,0,0,0,0,0,0,1,0,0,0,0,0,0,0,1,0,0,0,1,7,1863
dchester,6862a32fd711b20a9ff9df834424d1a8ec1e6440,0,nan,nan,21,0,10,64,74,0,21,0,0,12,12,10,25,20,10,7,1,5,1,0,0,0,0,0,0,0,0,6,3,0,0,0,21,0,21,34,48,147,13,31,103,785,114,10,7,3,116,58,58,20,40,16,16,24,1,2,2,0,99,14,14,4,8,4,8,32,8,0,0,0,2,0,21,12,20,0,0,0,0,0,10,1,1,0,1,0,0,0,0,0,0,0,4,0,0,0,0,0,0,1,0,0,0,0,0,0,0,1,0,0,0,1,7,1863
jsonpathly,6862a32fd711b20a9ff9df834424d1a8ec1e6440,0,3039280715.1666665,155718997.33333334,21,0,10,64,74,0,21,0,0,12,12,10,25,20,10,7,1,5,1,0,0,0,0,0,0,0,0,6,3,0,0,0,21,0,21,34,48,147,13,31,103,785,114,10,7,3,116,58,58,20,40,16,16,24,1,2,2,0,99,14,14,4,8,4,8,32,8,0,0,0,2,0,21,12,20,0,0,0,0,0,10,1,1,0,1,0,0,0,0,0,0,0,4,0,0,0,0,0,0,1,0,0,0,0,0,0,0,1,0,0,0,1,7,1863
rfc9535,6862a32fd711b20a9ff9df834424d1a8ec1e6440,0,544305.3333333334,83804160.0,21,0,10,64,74,0,21,0,0,12,12,10,25,20,10,7,1,5,1,0,0,0,0,0,0,0,0,6,3,0,0,0,21,0,21,34,48,147,13,31,103,785,114,10,7,3,116,58,58,20,40,16,16,24,1,2,2,0,99,14,14,4,8,4,8,32,8,0,0,0,2,0,21,12,20,0,0,0,0,0,10,1,1,0,1,0,0,0,0,0,0,0,4,0,0,0,0,0,0,1,0,0,0,0,0,0,0,1,0,0,0,1,7,1863
p3,6862a32fd711b20a9ff9df834424d1a8ec1e6440,0,144408.875,64638976.0,21,0,10,64,74,0,21,0,0,12,12,10,25,20,10,7,1,5,1,0,0,0,0,0,0,0,0,6,3,0,0,0,21,0,21,34,48,147,13,31,103,785,114,10,7,3,116,58,58,20,40,16,16,24,1,2,2,0,99,14,14,4,8,4,8,32,8,0,0,0,2,0,21,12,20,0,0,0,0,0,10,1,1,0,1,0,0,0,0,0,0,0,4,0,0,0,0,0,0,1,0,0,0,0,0,0,0,1,0,0,0,1,7,1863
plus,1125aceda715267cabe8231402aa79b479158bd5,0,nan,nan,18,0,5,12,17,0,18,0,0,16,18,7,65,38,4,1,0,0,0,0,0,0,0,0,0,0,0,0,3,0,0,0,18,0,18,33,47,149,15,28,98,832,110,9,7,2,111,58,53,24,48,17,15,33,8,3,0,3,102,14,16,7,3,7,7,25,8,2,3,0,11,0,18,16,9,3,0,0,0,0,9,0,0,0,0,0,0,0,0,0,0,0,4,0,0,0,0,0,0,1,0,0,0,0,0,0,0,1,0,0,0,1,7,1900
dchester,1125aceda715267cabe8231402aa79b479158bd5,0,nan,nan,18,0,5,12,17,0,18,0,0,16,18,7,65,38,4,1,0,0,0,0,0,0,0,0,0,0,0,0,3,0,0,0,18,0,18,33,47,149,15,28,98,832,110,9,7,2,111,58,53,24,48,17,15,33,8,3,0,3,102,14,16,7,3,7,7,25,8,2,3,0,11,0,18,16,9,3,0,0,0,0,9,0,0,0,0,0,0,0,0,0,0,0,4,0,0,0,0,0,0,1,0,0,0,0,0,0,0,1,0,0,0,1,7,1900
jsonpathly,1125aceda715267cabe8231402aa79b479158bd5,0,14287324.42857143,105590198.85714285,18,0,5,12,17,0,18,0,0,16,18,7,65,38,4,1,0,0,0,0,0,0,0,0,0,0,0,0,3,0,0,0,18,0,18,33,47,149,15,28,98,832,110,9,7,2,111,58,53,24,48,17,15,33,8,3,0,3,102,14,16,7,3,7,7,25,8,2,3,0,11,0,18,16,9,3,0,0,0,0,9,0,0,0,0,0,0,0,0,0,0,0,4,0,0,0,0,0,0,1,0,0,0,0,0,0,0,1,0,0,0,1,7,1900
rfc9535,1125aceda715267cabe8231402aa79b479158bd5,0,294986.0,77900458.66666667,18,0,5,12,17,0,18,0,0,16,18,7,65,38,4,1,0,0,0,0,0,0,0,0,0,0,0,0,3,0,0,0,18,0,18,33,47,149,15,28,98,832,110,9,7,2,111,58,53,24,48,17,15,33,8,3,0,3,102,14,16,7,3,7,7,25,8,2,3,0,11,0,18,16,9,3,0,0,0,0,9,0,0,0,0,0,0,0,0,0,0,0,4,0,0,0,0,0,0,1,0,0,0,0,0,0,0,1,0,0,0,1,7,1900
p3,1125aceda715267cabe8231402aa79b479158bd5,0,nan,nan,18,0,5,12,17,0,18,0,0,16,18,7,65,38,4,1,0,0,0,0,0,0,0,0,0,0,0,0,3,0,0,0,18,0,18,33,47,149,15,28,98,832,110,9,7,2,111,58,53,24,48,17,15,33,8,3,0,3,102,14,16,7,3,7,7,25,8,2,3,0,11,0,18,16,9,3,0,0,0,0,9,0,0,0,0,0,0,0,0,0,0,0,4,0,0,0,0,0,0,1,0,0,0,0,0,0,0,1,0,0,0,1,7,1900
plus,a5720e594ea4001a39c6b404cec1c6655ba5bdab,0,nan,nan,26,0,7,23,30,0,26,0,0,10,12,6,14,11,5,1,0,0,0,0,0,0,0,0,0,0,0,0,4,0,0,0,26,0,26,31,40,200,5,26,82,684,168,8,2,6,169,93,76,27,54,12,21,33,4,3,1,2,160,9,11,3,4,5,9,22,12,0,2,0,14,0,26,10,12,2,0,0,0,0,8,1,1,0,1,2,2,2,0,0,0,0,4,0,0,0,0,0,0,1,0,0,0,0,0,0,0,1,0,0,0,1,7,1866
dchester,a5720e594ea4001a39c6b404cec1c6655ba5bdab,0,nan,nan,26,0,7,23,30,0,26,0,0,10,12,6,14,11,5,1,0,0,0,0,0,0,0,0,0,0,0,0,4,0,0,0,26,0,26,31,40,200,5,26,82,684,168,8,2,6,169,93,76,27,54,12,21,33,4,3,1,2,160,9,11,3,4,5,9,22,12,0,2,0,14,0,26,10,12,2,0,0,0,0,8,1,1,0,1,2,2,2,0,0,0,0,4,0,0,0,0,0,0,1,0,0,0,0,0,0,0,1,0,0,0,1,7,1866
jsonpathly,a5720e594ea4001a39c6b404cec1c6655ba5bdab,0,71255749.92857143,120026843.42857143,26,0,7,23,30,0,26,0,0,10,12,6,14,11,5,1,0,0,0,0,0,0,0,0,0,0,0,0,4,0,0,0,26,0,26,31,40,200,5,26,82,684,168,8,2,6,169,93,76,27,54,12,21,33,4,3,1,2,160,9,11,3,4,5,9,22,12,0,2,0,14,0,26,10,12,2,0,0,0,0,8,1,1,0,1,2,2,2,0,0,0,0,4,0,0,0,0,0,0,1,0,0,0,0,0,0,0,1,0,0,0,1,7,1866
rfc9535,a5720e594ea4001a39c6b404cec1c6655ba5bdab,0,271133.2,78279475.2,26,0,7,23,30,0,26,0,0,10,12,6,14,11,5,1,0,0,0,0,0,0,0,0,0,0,0,0,4,0,0,0,26,0,26,31,40,200,5,26,82,684,168,8,2,6,169,93,76,27,54,12,21,33,4,3,1,2,160,9,11,3,4,5,9,22,12,0,2,0,14,0,26,10,12,2,0,0,0,0,8,1,1,0,1,2,2,2,0,0,0,0,4,0,0,0,0,0,0,1,0,0,0,0,0,0,0,1,0,0,0,1,7,1866
p3,a5720e594ea4001a39c6b404cec1c6655ba5bdab,0,151798.5,66617344.0,26,0,7,23,30,0,26,0,0,10,12,6,14,11,5,1,0,0,0,0,0,0,0,0,0,0,0,0,4,0,0,0,26,0,26,31,40,200,5,26,82,684,168,8,2,6,169,93,76,27,54,12,21,33,4,3,1,2,160,9,11,3,4,5,9,22,12,0,2,0,14,0,26,10,12,2,0,0,0,0,8,1,1,0,1,2,2,2,0,0,0,0,4,0,0,0,0,0,0,1,0,0,0,0,0,0,0,1,0,0,0,1,7,1866
plus,b2f1e2016c0c286deaa159badc74c402f2e08fa4,0,nan,nan,17,0,2,8,10,0,17,0,0,6,7,4,11,8,4,4,0,0,0,0,0,0,0,0,0,0,0,0,0,0,0,0,17,0,17,33,45,228,16,37,61,740,184,2,1,1,188,98,90,28,56,8,13,39,2,2,0,2,183,12,4,2,4,2,6,12,7,0,1,0,3,0,17,6,6,1,0,0,0,0,2,1,1,0,1,0,0,0,0,0,0,0,4,0,0,0,0,0,0,1,0,0,0,0,0,0,0,1,0,0,0,1,6,1834
dchester,b2f1e2016c0c286deaa159badc74c402f2e08fa4,0,nan,nan,17,0,2,8,10,0,17,0,0,6,7,4,11,8,4,4,0,0,0,0,0,0,0,0,0,0,0,0,0,0,0,0,17,0,17,33,45,228,16,37,61,740,184,2,1,1,188,98,90,28,56,8,13,39,2,2,0,2,183,12,4,2,4,2,6,12,7,0,1,0,3,0,17,6,6,1,0,0,0,0,2,1,1,0,1,0,0,0,0,0,0,0,4,0,0,0,0,0,0,1,0,0,0,0,0,0,0,1,0,0,0,1,6,1834
jsonpathly,b2f1e2016c0c286deaa159badc74c402f2e08fa4,0,19560819.833333332,102208853.33333333,17,0,2,8,10,0,17,0,0,6,7,4,11,8,4,4,0,0,0,0,0,0,0,0,0,0,0,0,0,0,0,0,17,0,17,33,45,228,16,37,61,740,184,2,1,1,188,98,90,28,56,8,13,39,2,2,0,2,183,12,4,2,4,2,6,12,7,0,1,0,3,0,17,6,6,1,0,0,0,0,2,1,1,0,1,0,0,0,0,0,0,0,4,0,0,0,0,0,0,1,0,0,0,0,0,0,0,1,0,0,0,1,6,1834
rfc9535,b2f1e2016c0c286deaa159badc74c402f2e08fa4,0,261937.58333333334,76718080.0,17,0,2,8,10,0,17,0,0,6,7,4,11,8,4,4,0,0,0,0,0,0,0,0,0,0,0,0,0,0,0,0,17,0,17,33,45,228,16,37,61,740,184,2,1,1,188,98,90,28,56,8,13,39,2,2,0,2,183,12,4,2,4,2,6,12,7,0,1,0,3,0,17,6,6,1,0,0,0,0,2,1,1,0,1,0,0,0,0,0,0,0,4,0,0,0,0,0,0,1,0,0,0,0,0,0,0,1,0,0,0,1,6,1834
p3,b2f1e2016c0c286deaa159badc74c402f2e08fa4,0,151864.5,66068480.0,17,0,2,8,10,0,17,0,0,6,7,4,11,8,4,4,0,0,0,0,0,0,0,0,0,0,0,0,0,0,0,0,17,0,17,33,45,228,16,37,61,740,184,2,1,1,188,98,90,28,56,8,13,39,2,2,0,2,183,12,4,2,4,2,6,12,7,0,1,0,3,0,17,6,6,1,0,0,0,0,2,1,1,0,1,0,0,0,0,0,0,0,4,0,0,0,0,0,0,1,0,0,0,0,0,0,0,1,0,0,0,1,6,1834
plus,7e9a541e20d95ddfa909ea6734c1027612b6cab4,0,nan,nan,19,0,6,8,14,0,19,0,0,8,11,7,52,35,3,2,0,0,0,0,0,0,0,0,0,0,0,0,1,0,0,0,19,0,19,27,39,197,8,31,81,717,160,4,3,1,167,80,87,29,58,17,14,39,5,2,2,0,158,12,10,6,7,4,6,17,8,3,2,0,12,0,19,8,9,2,0,0,0,0,4,0,0,0,0,0,0,0,0,0,0,0,4,0,0,0,0,0,0,1,0,0,0,0,0,0,0,1,0,0,0,1,6,1877
dchester,7e9a541e20d95ddfa909ea6734c1027612b6cab4,0,nan,nan,19,0,6,8,14,0,19,0,0,8,11,7,52,35,3,2,0,0,0,0,0,0,0,0,0,0,0,0,1,0,0,0,19,0,19,27,39,197,8,31,81,717,160,4,3,1,167,80,87,29,58,17,14,39,5,2,2,0,158,12,10,6,7,4,6,17,8,3,2,0,12,0,19,8,9,2,0,0,0,0,4,0,0,0,0,0,0,0,0,0,0,0,4,0,0,0,0,0,0,1,0,0,0,0,0,0,0,1,0,0,0,1,6,1877
jsonpathly,7e9a541e20d95ddfa909ea6734c1027612b6cab4,0,2167213.25,89063424.0,19,0,6,8,14,0,19,0,0,8,11,7,52,35,3,2,0,0,0,0,0,0,0,0,0,0,0,0,1,0,0,0,19,0,19,27,39,197,8,31,81,717,160,4,3,1,167,80,87,29,58,17,14,39,5,2,2,0,158,12,10,6,7,4,6,17,8,3,2,0,12,0,19,8,9,2,0,0,0,0,4,0,0,0,0,0,0,0,0,0,0,0,4,0,0,0,0,0,0,1,0,0,0,0,0,0,0,1,0,0,0,1,6,1877
rfc9535,7e9a541e20d95ddfa909ea6734c1027612b6cab4,0,284117.8333333333,79413248.0,19,0,6,8,14,0,19,0,0,8,11,7,52,35,3,2,0,0,0,0,0,0,0,0,0,0,0,0,1,0,0,0,19,0,19,27,39,197,8,31,81,717,160,4,3,1,167,80,87,29,58,17,14,39,5,2,2,0,158,12,10,6,7,4,6,17,8,3,2,0,12,0,19,8,9,2,0,0,0,0,4,0,0,0,0,0,0,0,0,0,0,0,4,0,0,0,0,0,0,1,0,0,0,0,0,0,0,1,0,0,0,1,6,1877
p3,7e9a541e20d95ddfa909ea6734c1027612b6cab4,0,nan,nan,19,0,6,8,14,0,19,0,0,8,11,7,52,35,3,2,0,0,0,0,0,0,0,0,0,0,0,0,1,0,0,0,19,0,19,27,39,197,8,31,81,717,160,4,3,1,167,80,87,29,58,17,14,39,5,2,2,0,158,12,10,6,7,4,6,17,8,3,2,0,12,0,19,8,9,2,0,0,0,0,4,0,0,0,0,0,0,0,0,0,0,0,4,0,0,0,0,0,0,1,0,0,0,0,0,0,0,1,0,0,0,1,6,1877
plus,43ab057570637b81b7196144c3cb5175d27335f8,0,nan,nan,15,0,6,23,29,0,15,0,0,7,7,6,20,12,4,1,0,0,3,0,0,0,0,0,0,0,0,0,3,1,6,8,15,0,15,22,28,226,7,43,79,671,195,6,5,1,192,96,96,24,48,6,11,41,4,5,3,2,198,6,9,3,1,2,4,17,7,2,0,0,13,1,15,7,10,0,0,0,2,2,6,1,1,0,1,0,0,0,0,0,0,0,4,0,0,0,0,0,0,1,0,0,0,0,0,0,0,1,0,0,0,1,6,1851
dchester,43ab057570637b81b7196144c3cb5175d27335f8,0,nan,nan,15,0,6,23,29,0,15,0,0,7,7,6,20,12,4,1,0,0,3,0,0,0,0,0,0,0,0,0,3,1,6,8,15,0,15,22,28,226,7,43,79,671,195,6,5,1,192,96,96,24,48,6,11,41,4,5,3,2,198,6,9,3,1,2,4,17,7,2,0,0,13,1,15,7,10,0,0,0,2,2,6,1,1,0,1,0,0,0,0,0,0,0,4,0,0,0,0,0,0,1,0,0,0,0,0,0,0,1,0,0,0,1,6,1851
jsonpathly,43ab057570637b81b7196144c3cb5175d27335f8,0,4453455.285714285,98474861.71428572,15,0,6,23,29,0,15,0,0,7,7,6,20,12,4,1,0,0,3,0,0,0,0,0,0,0,0,0,3,1,6,8,15,0,15,22,28,226,7,43,79,671,195,6,5,1,192,96,96,24,48,6,11,41,4,5,3,2,198,6,9,3,1,2,4,17,7,2,0,0,13,1,15,7,10,0,0,0,2,2,6,1,1,0,1,0,0,0,0,0,0,0,4,0,0,0,0,0,0,1,0,0,0,0,0,0,0,1,0,0,0,1,6,1851
rfc9535,43ab057570637b81b7196144c3cb5175d27335f8,0,271419.25,76754944.0,15,0,6,23,29,0,15,0,0,7,7,6,20,12,4,1,0,0,3,0,0,0,0,0,0,0,0,0,3,1,6,8,15,0,15,22,28,226,7,43,79,671,195,6,5,1,192,96,96,24,48,6,11,41,4,5,3,2,198,6,9,3,1,2,4,17,7,2,0,0,13,1,15,7,10,0,0,0,2,2,6,1,1,0,1,0,0,0,0,0,0,0,4,0,0,0,0,0,0,1,0,0,0,0,0,0,0,1,0,0,0,1,6,1851
p3,43ab057570637b81b7196144c3cb5175d27335f8,0,169960.875,66830336.0,15,0,6,23,29,0,15,0,0,7,7,6,20,12,4,1,0,0,3,0,0,0,0,0,0,0,0,0,3,1,6,8,15,0,15,22,28,226,7,43,79,671,195,6,5,1,192,96,96,24,48,6,11,41,4,5,3,2,198,6,9,3,1,2,4,17,7,2,0,0,13,1,15,7,10,0,0,0,2,2,6,1,1,0,1,0,0,0,0,0,0,0,4,0,0,0,0,0,0,1,0,0,0,0,0,0,0,1,0,0,0,1,6,1851
plus,1e0addca8744616d500643b782716e158c29b926,0,2701.5,54269269.333333336,0,0,0,0,0,0,0,0,0,0,0,0,0,0,0,0,0,0,0,0,0,0,0,0,0,0,0,0,0,0,0,0,0,0,0,0,0,0,0,0,0,6,0,0,0,0,0,0,0,0,0,0,0,0,0,0,0,0,0,0,0,0,0,0,0,0,0,0,0,0,0,0,0,0,0,0,0,0,0,0,0,0,0,0,0,0,0,0,0,0,0,0,6,0,0,0,0,0,0,2,0,0,0,0,0,0,0,1,0,1,0,1,13,1
dchester,1e0addca8744616d500643b782716e158c29b926,0,4666.5,60058282.666666664,0,0,0,0,0,0,0,0,0,0,0,0,0,0,0,0,0,0,0,0,0,0,0,0,0,0,0,0,0,0,0,0,0,0,0,0,0,0,0,0,0,6,0,0,0,0,0,0,0,0,0,0,0,0,0,0,0,0,0,0,0,0,0,0,0,0,0,0,0,0,0,0,0,0,0,0,0,0,0,0,0,0,0,0,0,0,0,0,0,0,0,0,6,0,0,0,0,0,0,2,0,0,0,0,0,0,0,1,0,1,0,1,13,1
jsonpathly,1e0addca8744616d500643b782716e158c29b926,0,8770.75,56623104.0,0,0,0,0,0,0,0,0,0,0,0,0,0,0,0,0,0,0,0,0,0,0,0,0,0,0,0,0,0,0,0,0,0,0,0,0,0,0,0,0,0,6,0,0,0,0,0,0,0,0,0,0,0,0,0,0,0,0,0,0,0,0,0,0,0,0,0,0,0,0,0,0,0,0,0,0,0,0,0,0,0,0,0,0,0,0,0,0,0,0,0,0,6,0,0,0,0,0,0,2,0,0,0,0,0,0,0,1,0,1,0,1,13,1
rfc9535,1e0addca8744616d500643b782716e158c29b926,0,6020.6,57704448.0,0,0,0,0,0,0,0,0,0,0,0,0,0,0,0,0,0,0,0,0,0,0,0,0,0,0,0,0,0,0,0,0,0,0,0,0,0,0,0,0,0,6,0,0,0,0,0,0,0,0,0,0,0,0,0,0,0,0,0,0,0,0,0,0,0,0,0,0,0,0,0,0,0,0,0,0,0,0,0,0,0,0,0,0,0,0,0,0,0,0,0,0,6,0,0,0,0,0,0,2,0,0,0,0,0,0,0,1,0,1,0,1,13,1
p3,1e0addca8744616d500643b782716e158c29b926,0,1887.4,54555443.2,0,0,0,0,0,0,0,0,0,0,0,0,0,0,0,0,0,0,0,0,0,0,0,0,0,0,0,0,0,0,0,0,0,0,0,0,0,0,0,0,0,6,0,0,0,0,0,0,0,0,0,0,0,0,0,0,0,0,0,0,0,0,0,0,0,0,0,0,0,0,0,0,0,0,0,0,0,0,0,0,0,0,0,0,0,0,0,0,0,0,0,0,6,0,0,0,0,0,0,2,0,0,0,0,0,0,0,1,0,1,0,1,13,1
plus,43a30b5df770fba7a42d6a97cf1b3a7e3661fb72,0,nan,nan,7,0,1,24,25,0,7,0,0,1,2,1,18,9,0,0,0,0,0,0,0,0,0,0,0,0,0,0,0,0,0,0,7,0,7,8,10,81,1,2,10,122,74,2,1,1,72,27,45,6,12,0,3,11,1,1,0,1,71,2,2,0,0,0,1,2,2,0,1,0,11,0,7,1,1,1,0,0,0,0,2,1,55,117,172,468,225,52,48,21,122,33,4,0,0,0,0,0,0,1,0,0,0,0,0,0,0,1,0,0,0,1,7,1843
dchester,43a30b5df770fba7a42d6a97cf1b3a7e3661fb72,0,nan,nan,7,0,1,24,25,0,7,0,0,1,2,1,18,9,0,0,0,0,0,0,0,0,0,0,0,0,0,0,0,0,0,0,7,0,7,8,10,81,1,2,10,122,74,2,1,1,72,27,45,6,12,0,3,11,1,1,0,1,71,2,2,0,0,0,1,2,2,0,1,0,11,0,7,1,1,1,0,0,0,0,2,1,55,117,172,468,225,52,48,21,122,33,4,0,0,0,0,0,0,1,0,0,0,0,0,0,0,1,0,0,0,1,7,1843
jsonpathly,43a30b5df770fba7a42d6a97cf1b3a7e3661fb72,0,1305138.5,78479360.0,7,0,1,24,25,0,7,0,0,1,2,1,18,9,0,0,0,0,0,0,0,0,0,0,0,0,0,0,0,0,0,0,7,0,7,8,10,81,1,2,10,122,74,2,1,1,72,27,45,6,12,0,3,11,1,1,0,1,71,2,2,0,0,0,1,2,2,0,1,0,11,0,7,1,1,1,0,0,0,0,2,1,55,117,172,468,225,52,48,21,122,33,4,0,0,0,0,0,0,1,0,0,0,0,0,0,0,1,0,0,0,1,7,1843
rfc9535,43a30b5df770fba7a42d6a97cf1b3a7e3661fb72,0,212506.83333333334,73056256.0,7,0,1,24,25,0,7,0,0,1,2,1,18,9,0,0,0,0,0,0,0,0,0,0,0,0,0,0,0,0,0,0,7,0,7,8,10,81,1,2,10,122,74,2,1,1,72,27,45,6,12,0,3,11,1,1,0,1,71,2,2,0,0,0,1,2,2,0,1,0,11,0,7,1,1,1,0,0,0,0,2,1,55,117,172,468,225,52,48,21,122,33,4,0,0,0,0,0,0,1,0,0,0,0,0,0,0,1,0,0,0,1,7,1843
p3,43a30b5df770fba7a42d6a97cf1b3a7e3661fb72,0,107562.5,65179648.0,7,0,1,24,25,0,7,0,0,1,2,1,18,9,0,0,0,0,0,0,0,0,0,0,0,0,0,0,0,0,0,0,7,0,7,8,10,81,1,2,10,122,74,2,1,1,72,27,45,6,12,0,3,11,1,1,0,1,71,2,2,0,0,0,1,2,2,0,1,0,11,0,7,1,1,1,0,0,0,0,2,1,55,117,172,468,225,52,48,21,122,33,4,0,0,0,0,0,0,1,0,0,0,0,0,0,0,1,0,0,0,1,7,1843
plus,f5c885b33955c9f4383cf7e75809a551ff81bcbf,0,nan,nan,6,0,6,70,76,0,6,0,0,12,14,12,61,38,7,3,1,2,4,0,0,0,0,0,0,0,0,5,4,1,6,6,6,0,6,7,9,126,1,13,49,318,109,6,2,4,107,64,43,16,32,6,11,24,3,2,1,1,117,2,8,2,2,2,6,25,5,2,2,0,23,0,6,12,13,2,0,0,0,0,6,1,25,64,89,205,109,29,31,16,108,37,4,0,0,0,0,0,0,1,0,0,0,0,0,0,0,1,0,0,0,1,6,1948
dchester,f5c885b33955c9f4383cf7e75809a551ff81bcbf,0,nan,nan,6,0,6,70,76,0,6,0,0,12,14,12,61,38,7,3,1,2,4,0,0,0,0,0,0,0,0,5,4,1,6,6,6,0,6,7,9,126,1,13,49,318,109,6,2,4,107,64,43,16,32,6,11,24,3,2,1,1,117,2,8,2,2,2,6,25,5,2,2,0,23,0,6,12,13,2,0,0,0,0,6,1,25,64,89,205,109,29,31,16,108,37,4,0,0,0,0,0,0,1,0,0,0,0,0,0,0,1,0,0,0,1,6,1948
jsonpathly,f5c885b33955c9f4383cf7e75809a551ff81bcbf,0,640674.5,80982016.0,6,0,6,70,76,0,6,0,0,12,14,12,61,38,7,3,1,2,4,0,0,0,0,0,0,0,0,5,4,1,6,6,6,0,6,7,9,126,1,13,49,318,109,6,2,4,107,64,43,16,32,6,11,24,3,2,1,1,117,2,8,2,2,2,6,25,5,2,2,0,23,0,6,12,13,2,0,0,0,0,6,1,25,64,89,205,109,29,31,16,108,37,4,0,0,0,0,0,0,1,0,0,0,0,0,0,0,1,0,0,0,1,6,1948
rfc9535,f5c885b33955c9f4383cf7e75809a551ff81bcbf,0,270296.875,72218624.0,6,0,6,70,76,0,6,0,0,12,14,12,61,38,7,3,1,2,4,0,0,0,0,0,0,0,0,5,4,1,6,6,6,0,6,7,9,126,1,13,49,318,109,6,2,4,107,64,43,16,32,6,11,24,3,2,1,1,117,2,8,2,2,2,6,25,5,2,2,0,23,0,6,12,13,2,0,0,0,0,6,1,25,64,89,205,109,29,31,16,108,37,4,0,0,0,0,0,0,1,0,0,0,0,0,0,0,1,0,0,0,1,6,1948
p3,f5c885b33955c9f4383cf7e75809a551ff81bcbf,0,176409.5,65142784.0,6,0,6,70,76,0,6,0,0,12,14,12,61,38,7,3,1,2,4,0,0,0,0,0,0,0,0,5,4,1,6,6,6,0,6,7,9,126,1,13,49,318,109,6,2,4,107,64,43,16,32,6,11,24,3,2,1,1,117,2,8,2,2,2,6,25,5,2,2,0,23,0,6,12,13,2,0,0,0,0,6,1,25,64,89,205,109,29,31,16,108,37,4,0,0,0,0,0,0,1,0,0,0,0,0,0,0,1,0,0,0,1,6,1948
plus,8a014869155224c9525b9a75fe592935a7f09dd1,0,2724.0,54386688.0,0,0,0,0,0,0,0,0,0,0,0,0,0,0,0,0,0,0,0,0,0,0,0,0,0,0,0,0,0,0,0,0,0,0,0,0,0,0,0,0,0,75,0,0,0,0,0,0,0,0,0,0,0,0,0,0,0,0,0,0,0,0,0,0,0,0,0,0,0,0,2,0,0,0,0,0,0,0,0,0,0,0,0,0,0,0,0,0,0,0,0,0,14,0,0,0,0,0,0,6,0,0,1,0,0,0,1,2,0,4,0,2,31,1
dchester,8a014869155224c9525b9a75fe592935a7f09dd1,0,4632.0,60052821.333333336,0,0,0,0,0,0,0,0,0,0,0,0,0,0,0,0,0,0,0,0,0,0,0,0,0,0,0,0,0,0,0,0,0,0,0,0,0,0,0,0,0,75,0,0,0,0,0,0,0,0,0,0,0,0,0,0,0,0,0,0,0,0,0,0,0,0,0,0,0,0,2,0,0,0,0,0,0,0,0,0,0,0,0,0,0,0,0,0,0,0,0,0,14,0,0,0,0,0,0,6,0,0,1,0,0,0,1,2,0,4,0,2,31,1
jsonpathly,8a014869155224c9525b9a75fe592935a7f09dd1,0,9250.0,56621056.0,0,0,0,0,0,0,0,0,0,0,0,0,0,0,0,0,0,0,0,0,0,0,0,0,0,0,0,0,0,0,0,0,0,0,0,0,0,0,0,0,0,75,0,0,0,0,0,0,0,0,0,0,0,0,0,0,0,0,0,0,0,0,0,0,0,0,0,0,0,0,2,0,0,0,0,0,0,0,0,0,0,0,0,0,0,0,0,0,0,0,0,0,14,0,0,0,0,0,0,6,0,0,1,0,0,0,1,2,0,4,0,2,31,1
rfc9535,8a014869155224c9525b9a75fe592935a7f09dd1,0,5737.3,57763430.4,0,0,0,0,0,0,0,0,0,0,0,0,0,0,0,0,0,0,0,0,0,0,0,0,0,0,0,0,0,0,0,0,0,0,0,0,0,0,0,0,0,75,0,0,0,0,0,0,0,0,0,0,0,0,0,0,0,0,0,0,0,0,0,0,0,0,0,0,0,0,2,0,0,0,0,0,0,0,0,0,0,0,0,0,0,0,0,0,0,0,0,0,14,0,0,0,0,0,0,6,0,0,1,0,0,0,1,2,0,4,0,2,31,1
p3,8a014869155224c9525b9a75fe592935a7f09dd1,0,1965.1666666666667,54504106.666666664,0,0,0,0,0,0,0,0,0,0,0,0,0,0,0,0,0,0,0,0,0,0,0,0,0,0,0,0,0,0,0,0,0,0,0,0,0,0,0,0,0,75,0,0,0,0,0,0,0,0,0,0,0,0,0,0,0,0,0,0,0,0,0,0,0,0,0,0,0,0,2,0,0,0,0,0,0,0,0,0,0,0,0,0,0,0,0,0,0,0,0,0,14,0,0,0,0,0,0,6,0,0,1,0,0,0,1,2,0,4,0,2,31,1
plus,6eac2f8cab1202b37eaf0082bca8c2c4af796e33,0,nan,nan,7,0,1,8,9,0,7,0,0,5,6,3,24,16,3,2,2,2,0,0,0,0,0,0,0,0,0,1,1,0,0,0,7,0,7,13,18,253,6,39,63,724,218,2,1,1,219,104,115,29,58,8,14,44,4,0,0,0,235,5,7,5,1,2,5,9,9,3,3,0,0,0,7,5,4,3,0,0,0,0,2,0,0,0,0,0,0,0,0,0,0,0,4,0,0,0,0,0,0,1,0,0,0,0,0,0,0,1,0,0,0,1,6,1913
dchester,6eac2f8cab1202b37eaf0082bca8c2c4af796e33,0,nan,nan,7,0,1,8,9,0,7,0,0,5,6,3,24,16,3,2,2,2,0,0,0,0,0,0,0,0,0,1,1,0,0,0,7,0,7,13,18,253,6,39,63,724,218,2,1,1,219,104,115,29,58,8,14,44,4,0,0,0,235,5,7,5,1,2,5,9,9,3,3,0,0,0,7,5,4,3,0,0,0,0,2,0,0,0,0,0,0,0,0,0,0,0,4,0,0,0,0,0,0,1,0,0,0,0,0,0,0,1,0,0,0,1,6,1913
jsonpathly,6eac2f8cab1202b37eaf0082bca8c2c4af796e33,0,18132319.5,105611264.0,7,0,1,8,9,0,7,0,0,5,6,3,24,16,3,2,2,2,0,0,0,0,0,0,0,0,0,1,1,0,0,0,7,0,7,13,18,253,6,39,63,724,218,2,1,1,219,104,115,29,58,8,14,44,4,0,0,0,235,5,7,5,1,2,5,9,9,3,3,0,0,0,7,5,4,3,0,0,0,0,2,0,0,0,0,0,0,0,0,0,0,0,4,0,0,0,0,0,0,1,0,0,0,0,0,0,0,1,0,0,0,1,6,1913
rfc9535,6eac2f8cab1202b37eaf0082bca8c2c4af796e33,0,257131.83333333334,75317248.0,7,0,1,8,9,0,7,0,0,5,6,3,24,16,3,2,2,2,0,0,0,0,0,0,0,0,0,1,1,0,0,0,7,0,7,13,18,253,6,39,63,724,218,2,1,1,219,104,115,29,58,8,14,44,4,0,0,0,235,5,7,5,1,2,5,9,9,3,3,0,0,0,7,5,4,3,0,0,0,0,2,0,0,0,0,0,0,0,0,0,0,0,4,0,0,0,0,0,0,1,0,0,0,0,0,0,0,1,0,0,0,1,6,1913
p3,6eac2f8cab1202b37eaf0082bca8c2c4af796e33,0,151451.5,67108864.0,7,0,1,8,9,0,7,0,0,5,6,3,24,16,3,2,2,2,0,0,0,0,0,0,0,0,0,1,1,0,0,0,7,0,7,13,18,253,6,39,63,724,218,2,1,1,219,104,115,29,58,8,14,44,4,0,0,0,235,5,7,5,1,2,5,9,9,3,3,0,0,0,7,5,4,3,0,0,0,0,2,0,0,0,0,0,0,0,0,0,0,0,4,0,0,0,0,0,0,1,0,0,0,0,0,0,0,1,0,0,0,1,6,1913
plus,ab965c363194f99ec45bd01186e692948f1630e1,0,5271.0,54416725.333333336,9,5,1,18,19,7,1,4,5,4,4,4,28,14,1,1,1,2,0,0,0,0,0,0,0,0,0,2,0,0,0,0,0,0,0,0,0,0,0,0,0,26,0,0,0,0,0,0,0,0,0,0,0,0,0,0,0,0,0,0,0,0,0,0,0,0,0,0,0,0,0,0,4,0,0,0,0,0,0,0,0,0,0,0,0,0,0,0,0,0,0,0,7,1,1,1,7,7,10,1,0,0,0,0,0,0,0,0,1,0,0,2,27,78
dchester,ab965c363194f99ec45bd01186e692948f1630e1,0,41661.625,64782336.0,9,5,1,18,19,7,1,4,5,4,4,4,28,14,1,1,1,2,0,0,0,0,0,0,0,0,0,2,0,0,0,0,0,0,0,0,0,0,0,0,0,26,0,0,0,0,0,0,0,0,0,0,0,0,0,0,0,0,0,0,0,0,0,0,0,0,0,0,0,0,0,0,4,0,0,0,0,0,0,0,0,0,0,0,0,0,0,0,0,0,0,0,7,1,1,1,7,7,10,1,0,0,0,0,0,0,0,0,1,0,0,2,27,78
jsonpathly,ab965c363194f99ec45bd01186e692948f1630e1,0,20927.0625,57597952.0,9,5,1,18,19,7,1,4,5,4,4,4,28,14,1,1,1,2,0,0,0,0,0,0,0,0,0,2,0,0,0,0,0,0,0,0,0,0,0,0,0,26,0,0,0,0,0,0,0,0,0,0,0,0,0,0,0,0,0,0,0,0,0,0,0,0,0,0,0,0,0,0,4,0,0,0,0,0,0,0,0,0,0,0,0,0,0,0,0,0,0,0,7,1,1,1,7,7,10,1,0,0,0,0,0,0,0,0,1,0,0,2,27,78
rfc9535,ab965c363194f99ec45bd01186e692948f1630e1,0,18493.0,58354346.666666664,9,5,1,18,19,7,1,4,5,4,4,4,28,14,1,1,1,2,0,0,0,0,0,0,0,0,0,2,0,0,0,0,0,0,0,0,0,0,0,0,0,26,0,0,0,0,0,0,0,0,0,0,0,0,0,0,0,0,0,0,0,0,0,0,0,0,0,0,0,0,0,0,4,0,0,0,0,0,0,0,0,0,0,0,0,0,0,0,0,0,0,0,7,1,1,1,7,7,10,1,0,0,0,0,0,0,0,0,1,0,0,2,27,78
p3,ab965c363194f99ec45bd01186e692948f1630e1,0,17765.75,55910400.0,9,5,1,18,19,7,1,4,5,4,4,4,28,14,1,1,1,2,0,0,0,0,0,0,0,0,0,2,0,0,0,0,0,0,0,0,0,0,0,0,0,26,0,0,0,0,0,0,0,0,0,0,0,0,0,0,0,0,0,0,0,0,0,0,0,0,0,0,0,0,0,0,4,0,0,0,0,0,0,0,0,0,0,0,0,0,0,0,0,0,0,0,7,1,1,1,7,7,10,1,0,0,0,0,0,0,0,0,1,0,0,2,27,78
plus,e36fdb1ef7776943aa5d7379a7cfc2769884553b,0,4763.833333333333,54302037.333333336,5,3,1,2,3,2,2,0,0,0,2,2,1,3,0,0,0,0,0,0,0,0,0,0,0,0,0,0,0,0,0,0,2,2,0,0,0,0,0,0,0,21,0,0,0,0,0,0,0,0,0,0,0,0,0,0,0,0,0,0,0,0,0,0,0,0,0,0,0,0,0,0,2,0,0,0,0,0,0,0,0,0,0,0,0,0,0,0,0,0,0,0,6,1,1,0,0,0,0,1,0,0,0,0,0,0,0,0,0,0,0,1,12,22
dchester,e36fdb1ef7776943aa5d7379a7cfc2769884553b,0,nan,nan,5,3,1,2,3,2,2,0,0,0,2,2,1,3,0,0,0,0,0,0,0,0,0,0,0,0,0,0,0,0,0,0,2,2,0,0,0,0,0,0,0,21,0,0,0,0,0,0,0,0,0,0,0,0,0,0,0,0,0,0,0,0,0,0,0,0,0,0,0,0,0,0,2,0,0,0,0,0,0,0,0,0,0,0,0,0,0,0,0,0,0,0,6,1,1,0,0,0,0,1,0,0,0,0,0,0,0,0,0,0,0,1,12,22
jsonpathly,e36fdb1ef7776943aa5d7379a7cfc2769884553b,0,16429.6875,57339904.0,5,3,1,2,3,2,2,0,0,0,2,2,1,3,0,0,0,0,0,0,0,0,0,0,0,0,0,0,0,0,0,0,2,2,0,0,0,0,0,0,0,21,0,0,0,0,0,0,0,0,0,0,0,0,0,0,0,0,0,0,0,0,0,0,0,0,0,0,0,0,0,0,2,0,0,0,0,0,0,0,0,0,0,0,0,0,0,0,0,0,0,0,6,1,1,0,0,0,0,1,0,0,0,0,0,0,0,0,0,0,0,1,12,22
rfc9535,e36fdb1ef7776943aa5d7379a7cfc2769884553b,0,12187.5,57901056.0,5,3,1,2,3,2,2,0,0,0,2,2,1,3,0,0,0,0,0,0,0,0,0,0,0,0,0,0,0,0,0,0,2,2,0,0,0,0,0,0,0,21,0,0,0,0,0,0,0,0,0,0,0,0,0,0,0,0,0,0,0,0,0,0,0,0,0,0,0,0,0,0,2,0,0,0,0,0,0,0,0,0,0,0,0,0,0,0,0,0,0,0,6,1,1,0,0,0,0,1,0,0,0,0,0,0,0,0,0,0,0,1,12,22
p3,e36fdb1ef7776943aa5d7379a7cfc2769884553b,0,15492.4375,55640064.0,5,3,1,2,3,2,2,0,0,0,2,2,1,3,0,0,0,0,0,0,0,0,0,0,0,0,0,0,0,0,0,0,2,2,0,0,0,0,0,0,0,21,0,0,0,0,0,0,0,0,0,0,0,0,0,0,0,0,0,0,0,0,0,0,0,0,0,0,0,0,0,0,2,0,0,0,0,0,0,0,0,0,0,0,0,0,0,0,0,0,0,0,6,1,1,0,0,0,0,1,0,0,0,0,0,0,0,0,0,0,0,1,12,22
plus,ceca792e4270fae4a032e35136d1c286ee86308a,0,76927.125,56760320.0,5,3,1,28,29,3,1,5,6,1,1,3,39,20,5,2,1,6,2,0,0,0,0,0,0,0,0,10,3,0,0,0,0,0,0,0,0,0,0,0,0,210,0,0,0,0,0,0,0,0,0,0,0,0,0,0,0,0,0,0,0,0,0,0,0,0,0,5,0,0,17,0,2,0,0,3,0,0,0,0,0,0,0,0,0,0,0,0,0,0,0,0,82,3,3,2,3,6,8,35,6,3,8,1,3,4,8,6,4,26,0,5,216,53
dchester,ceca792e4270fae4a032e35136d1c286ee86308a,0,94515.5625,65687552.0,5,3,1,28,29,3,1,5,6,1,1,3,39,20,5,2,1,6,2,0,0,0,0,0,0,0,0,10,3,0,0,0,0,0,0,0,0,0,0,0,0,210,0,0,0,0,0,0,0,0,0,0,0,0,0,0,0,0,0,0,0,0,0,0,0,0,0,5,0,0,17,0,2,0,0,3,0,0,0,0,0,0,0,0,0,0,0,0,0,0,0,0,82,3,3,2,3,6,8,35,6,3,8,1,3,4,8,6,4,26,0,5,216,53
jsonpathly,ceca792e4270fae4a032e35136d1c286ee86308a,0,46725.666666666664,58193237.333333336,5,3,1,28,29,3,1,5,6,1,1,3,39,20,5,2,1,6,2,0,0,0,0,0,0,0,0,10,3,0,0,0,0,0,0,0,0,0,0,0,0,210,0,0,0,0,0,0,0,0,0,0,0,0,0,0,0,0,0,0,0,0,0,0,0,0,0,5,0,0,17,0,2,0,0,3,0,0,0,0,0,0,0,0,0,0,0,0,0,0,0,0,82,3,3,2,3,6,8,35,6,3,8,1,3,4,8,6,4,26,0,5,216,53
rfc9535,ceca792e4270fae4a032e35136d1c286ee86308a,0,28557.375,60350464.0,5,3,1,28,29,3,1,5,6,1,1,3,39,20,5,2,1,6,2,0,0,0,0,0,0,0,0,10,3,0,0,0,0,0,0,0,0,0,0,0,0,210,0,0,0,0,0,0,0,0,0,0,0,0,0,0,0,0,0,0,0,0,0,0,0,0,0,5,0,0,17,0,2,0,0,3,0,0,0,0,0,0,0,0,0,0,0,0,0,0,0,0,82,3,3,2,3,6,8,35,6,3,8,1,3,4,8,6,4,26,0,5,216,53
p3,ceca792e4270fae4a032e35136d1c286ee86308a,0,49718.875,60731392.0,5,3,1,28,29,3,1,5,6,1,1,3,39,20,5,2,1,6,2,0,0,0,0,0,0,0,0,10,3,0,0,0,0,0,0,0,0,0,0,0,0,210,0,0,0,0,0,0,0,0,0,0,0,0,0,0,0,0,0,0,0,0,0,0,0,0,0,5,0,0,17,0,2,0,0,3,0,0,0,0,0,0,0,0,0,0,0,0,0,0,0,0,82,3,3,2,3,6,8,35,6,3,8,1,3,4,8,6,4,26,0,5,216,53
plus,5a3938e33956ef6456299a8be2d60e3124e34998,0,4013.8333333333335,54318421.333333336,1,1,1,14,15,0,0,0,0,0,0,0,0,0,0,0,0,0,0,0,0,0,0,0,0,0,0,0,0,0,0,0,0,0,0,0,0,0,0,0,0,32,0,0,0,0,0,0,0,0,0,0,0,0,0,0,0,0,0,0,0,0,0,0,0,0,0,0,0,0,1,0,0,0,0,0,0,0,0,0,0,0,0,0,0,0,0,0,0,0,0,0,11,1,2,1,2,2,2,2,0,0,1,0,0,0,0,0,1,0,1,2,32,4
dchester,5a3938e33956ef6456299a8be2d60e3124e34998,0,10216.1875,60422144.0,1,1,1,14,15,0,0,0,0,0,0,0,0,0,0,0,0,0,0,0,0,0,0,0,0,0,0,0,0,0,0,0,0,0,0,0,0,0,0,0,0,32,0,0,0,0,0,0,0,0,0,0,0,0,0,0,0,0,0,0,0,0,0,0,0,0,0,0,0,0,1,0,0,0,0,0,0,0,0,0,0,0,0,0,0,0,0,0,0,0,0,0,11,1,2,1,2,2,2,2,0,0,1,0,0,0,0,0,1,0,1,2,32,4
jsonpathly,5a3938e33956ef6456299a8be2d60e3124e34998,0,11718.625,56811520.0,1,1,1,14,15,0,0,0,0,0,0,0,0,0,0,0,0,0,0,0,0,0,0,0,0,0,0,0,0,0,0,0,0,0,0,0,0,0,0,0,0,32,0,0,0,0,0,0,0,0,0,0,0,0,0,0,0,0,0,0,0,0,0,0,0,0,0,0,0,0,1,0,0,0,0,0,0,0,0,0,0,0,0,0,0,0,0,0,0,0,0,0,11,1,2,1,2,2,2,2,0,0,1,0,0,0,0,0,1,0,1,2,32,4
rfc9535,5a3938e33956ef6456299a8be2d60e3124e34998,0,7796.8125,57755648.0,1,1,1,14,15,0,0,0,0,0,0,0,0,0,0,0,0,0,0,0,0,0,0,0,0,0,0,0,0,0,0,0,0,0,0,0,0,0,0,0,0,32,0,0,0,0,0,0,0,0,0,0,0,0,0,0,0,0,0,0,0,0,0,0,0,0,0,0,0,0,1,0,0,0,0,0,0,0,0,0,0,0,0,0,0,0,0,0,0,0,0,0,11,1,2,1,2,2,2,2,0,0,1,0,0,0,0,0,1,0,1,2,32,4
p3,5a3938e33956ef6456299a8be2d60e3124e34998,0,5179.1,54781542.4,1,1,1,14,15,0,0,0,0,0,0,0,0,0,0,0,0,0,0,0,0,0,0,0,0,0,0,0,0,0,0,0,0,0,0,0,0,0,0,0,0,32,0,0,0,0,0,0,0,0,0,0,0,0,0,0,0,0,0,0,0,0,0,0,0,0,0,0,0,0,1,0,0,0,0,0,0,0,0,0,0,0,0,0,0,0,0,0,0,0,0,0,11,1,2,1,2,2,2,2,0,0,1,0,0,0,0,0,1,0,1,2,32,4
plus,6727d9cc49f8ad60bd18d8ad2042c28505d04087,0,5057.125,54468608.0,1,1,0,3,3,0,1,0,0,0,2,2,2,3,0,0,0,0,0,0,0,0,0,0,0,0,0,0,0,0,0,0,1,1,0,0,0,0,0,0,0,16,0,0,0,0,0,0,0,0,0,0,0,0,0,0,0,0,0,0,0,0,0,0,0,0,0,0,0,0,0,0,0,0,0,0,0,0,0,0,0,0,0,0,0,0,0,0,0,0,0,0,10,1,2,1,4,4,3,2,0,0,0,0,0,0,0,0,0,0,1,1,28,11
dchester,6727d9cc49f8ad60bd18d8ad2042c28505d04087,0,nan,nan,1,1,0,3,3,0,1,0,0,0,2,2,2,3,0,0,0,0,0,0,0,0,0,0,0,0,0,0,0,0,0,0,1,1,0,0,0,0,0,0,0,16,0,0,0,0,0,0,0,0,0,0,0,0,0,0,0,0,0,0,0,0,0,0,0,0,0,0,0,0,0,0,0,0,0,0,0,0,0,0,0,0,0,0,0,0,0,0,0,0,0,0,10,1,2,1,4,4,3,2,0,0,0,0,0,0,0,0,0,0,1,1,28,11
jsonpathly,6727d9cc49f8ad60bd18d8ad2042c28505d04087,0,14856.75,57229312.0,1,1,0,3,3,0,1,0,0,0,2,2,2,3,0,0,0,0,0,0,0,0,0,0,0,0,0,0,0,0,0,0,1,1,0,0,0,0,0,0,0,16,0,0,0,0,0,0,0,0,0,0,0,0,0,0,0,0,0,0,0,0,0,0,0,0,0,0,0,0,0,0,0,0,0,0,0,0,0,0,0,0,0,0,0,0,0,0,0,0,0,0,10,1,2,1,4,4,3,2,0,0,0,0,0,0,0,0,0,0,1,1,28,11
rfc9535,6727d9cc49f8ad60bd18d8ad2042c28505d04087,0,10026.0,57847808.0,1,1,0,3,3,0,1,0,0,0,2,2,2,3,0,0,0,0,0,0,0,0,0,0,0,0,0,0,0,0,0,0,1,1,0,0,0,0,0,0,0,16,0,0,0,0,0,0,0,0,0,0,0,0,0,0,0,0,0,0,0,0,0,0,0,0,0,0,0,0,0,0,0,0,0,0,0,0,0,0,0,0,0,0,0,0,0,0,0,0,0,0,10,1,2,1,4,4,3,2,0,0,0,0,0,0,0,0,0,0,1,1,28,11
p3,6727d9cc49f8ad60bd18d8ad2042c28505d04087,0,8609.25,55115776.0,1,1,0,3,3,0,1,0,0,0,2,2,2,3,0,0,0,0,0,0,0,0,0,0,0,0,0,0,0,0,0,0,1,1,0,0,0,0,0,0,0,16,0,0,0,0,0,0,0,0,0,0,0,0,0,0,0,0,0,0,0,0,0,0,0,0,0,0,0,0,0,0,0,0,0,0,0,0,0,0,0,0,0,0,0,0,0,0,0,0,0,0,10,1,2,1,4,4,3,2,0,0,0,0,0,0,0,0,0,0,1,1,28,11
plus,dc73301cda6e8aac31cf2a280998a9dc36688753,0,22154.1,56498585.6,2,1,1,30,31,0,1,0,0,0,0,0,19,12,0,0,0,0,0,0,0,0,0,0,0,0,0,0,0,0,0,0,1,0,1,1,1,4,0,1,7,79,1,1,0,1,1,1,0,3,6,1,0,6,1,2,1,1,3,0,1,0,0,1,0,0,0,0,0,0,29,0,1,0,0,0,0,0,0,0,1,1,64,152,216,569,287,66,62,30,165,55,10,1,2,0,0,0,0,2,0,0,0,0,0,0,0,0,0,0,1,1,21,1875
dchester,dc73301cda6e8aac31cf2a280998a9dc36688753,0,nan,nan,2,1,1,30,31,0,1,0,0,0,0,0,19,12,0,0,0,0,0,0,0,0,0,0,0,0,0,0,0,0,0,0,1,0,1,1,1,4,0,1,7,79,1,1,0,1,1,1,0,3,6,1,0,6,1,2,1,1,3,0,1,0,0,1,0,0,0,0,0,0,29,0,1,0,0,0,0,0,0,0,1,1,64,152,216,569,287,66,62,30,165,55,10,1,2,0,0,0,0,2,0,0,0,0,0,0,0,0,0,0,1,1,21,1875
jsonpathly,dc73301cda6e8aac31cf2a280998a9dc36688753,0,99552.0,62745258.666666664,2,1,1,30,31,0,1,0,0,0,0,0,19,12,0,0,0,0,0,0,0,0,0,0,0,0,0,0,0,0,0,0,1,0,1,1,1,4,0,1,7,79,1,1,0,1,1,1,0,3,6,1,0,6,1,2,1,1,3,0,1,0,0,1,0,0,0,0,0,0,29,0,1,0,0,0,0,0,0,0,1,1,64,152,216,569,287,66,62,30,165,55,10,1,2,0,0,0,0,2,0,0,0,0,0,0,0,0,0,0,1,1,21,1875
rfc9535,dc73301cda6e8aac31cf2a280998a9dc36688753,0,102382.0,63739221.333333336,2,1,1,30,31,0,1,0,0,0,0,0,19,12,0,0,0,0,0,0,0,0,0,0,0,0,0,0,0,0,0,0,1,0,1,1,1,4,0,1,7,79,1,1,0,1,1,1,0,3,6,1,0,6,1,2,1,1,3,0,1,0,0,1,0,0,0,0,0,0,29,0,1,0,0,0,0,0,0,0,1,1,64,152,216,569,287,66,62,30,165,55,10,1,2,0,0,0,0,2,0,0,0,0,0,0,0,0,0,0,1,1,21,1875
p3,dc73301cda6e8aac31cf2a280998a9dc36688753,0,86968.875,64491520.0,2,1,1,30,31,0,1,0,0,0,0,0,19,12,0,0,0,0,0,0,0,0,0,0,0,0,0,0,0,0,0,0,1,0,1,1,1,4,0,1,7,79,1,1,0,1,1,1,0,3,6,1,0,6,1,2,1,1,3,0,1,0,0,1,0,0,0,0,0,0,29,0,1,0,0,0,0,0,0,0,1,1,64,152,216,569,287,66,62,30,165,55,10,1,2,0,0,0,0,2,0,0,0,0,0,0,0,0,0,0,1,1,21,1875
plus,e5ba25ecb1d5b57ff36aeba20f1e893c0f85bab2,0,25263.833333333332,56399189.333333336,60,25,26,292,318,19,21,57,70,48,55,35,142,111,46,18,5,20,12,1,1,2,4,1,0,0,0,29,28,6,14,25,8,3,1,17,32,51,16,12,38,325,22,1,1,0,26,11,15,13,26,11,12,10,2,2,1,1,19,15,7,6,3,2,5,26,7,2,1,0,9,1,35,16,10,1,0,0,6,9,1,0,0,0,0,0,0,0,0,0,0,0,14,1,3,0,0,0,0,3,0,0,0,0,0,0,0,0,0,0,2,1,30,1582
dchester,e5ba25ecb1d5b57ff36aeba20f1e893c0f85bab2,0,nan,nan,60,25,26,292,318,19,21,57,70,48,55,35,142,111,46,18,5,20,12,1,1,2,4,1,0,0,0,29,28,6,14,25,8,3,1,17,32,51,16,12,38,325,22,1,1,0,26,11,15,13,26,11,12,10,2,2,1,1,19,15,7,6,3,2,5,26,7,2,1,0,9,1,35,16,10,1,0,0,6,9,1,0,0,0,0,0,0,0,0,0,0,0,14,1,3,0,0,0,0,3,0,0,0,0,0,0,0,0,0,0,2,1,30,1582
jsonpathly,e5ba25ecb1d5b57ff36aeba20f1e893c0f85bab2,0,342145.875,78581760.0,60,25,26,292,318,19,21,57,70,48,55,35,142,111,46,18,5,20,12,1,1,2,4,1,0,0,0,29,28,6,14,25,8,3,1,17,32,51,16,12,38,325,22,1,1,0,26,11,15,13,26,11,12,10,2,2,1,1,19,15,7,6,3,2,5,26,7,2,1,0,9,1,35,16,10,1,0,0,6,9,1,0,0,0,0,0,0,0,0,0,0,0,14,1,3,0,0,0,0,3,0,0,0,0,0,0,0,0,0,0,2,1,30,1582
rfc9535,e5ba25ecb1d5b57ff36aeba20f1e893c0f85bab2,0,180950.0,74206412.8,60,25,26,292,318,19,21,57,70,48,55,35,142,111,46,18,5,20,12,1,1,2,4,1,0,0,0,29,28,6,14,25,8,3,1,17,32,51,16,12,38,325,22,1,1,0,26,11,15,13,26,11,12,10,2,2,1,1,19,15,7,6,3,2,5,26,7,2,1,0,9,1,35,16,10,1,0,0,6,9,1,0,0,0,0,0,0,0,0,0,0,0,14,1,3,0,0,0,0,3,0,0,0,0,0,0,0,0,0,0,2,1,30,1582
p3,e5ba25ecb1d5b57ff36aeba20f1e893c0f85bab2,0,124078.25,65495040.0,60,25,26,292,318,19,21,57,70,48,55,35,142,111,46,18,5,20,12,1,1,2,4,1,0,0,0,29,28,6,14,25,8,3,1,17,32,51,16,12,38,325,22,1,1,0,26,11,15,13,26,11,12,10,2,2,1,1,19,15,7,6,3,2,5,26,7,2,1,0,9,1,35,16,10,1,0,0,6,9,1,0,0,0,0,0,0,0,0,0,0,0,14,1,3,0,0,0,0,3,0,0,0,0,0,0,0,0,0,0,2,1,30,1582
plus,d09b5271f4118a9095a5155a0b393b4da484c5b8,0,2840.3333333333335,54269269.333333336,1,0,0,12,12,0,1,0,0,1,1,2,4,4,0,0,0,0,0,0,0,0,0,0,0,0,0,0,0,0,0,0,1,0,0,0,0,0,0,0,0,43,0,0,0,0,0,0,0,0,0,0,0,0,0,0,0,0,0,0,0,0,0,0,0,0,0,2,0,0,0,0,1,0,0,0,0,0,0,0,0,0,0,0,0,0,0,0,0,0,0,0,15,1,3,1,6,6,10,3,2,0,0,0,0,0,0,0,1,0,2,2,44,5
dchester,d09b5271f4118a9095a5155a0b393b4da484c5b8,0,12354.333333333334,60659029.333333336,1,0,0,12,12,0,1,0,0,1,1,2,4,4,0,0,0,0,0,0,0,0,0,0,0,0,0,0,0,0,0,0,1,0,0,0,0,0,0,0,0,43,0,0,0,0,0,0,0,0,0,0,0,0,0,0,0,0,0,0,0,0,0,0,0,0,0,2,0,0,0,0,1,0,0,0,0,0,0,0,0,0,0,0,0,0,0,0,0,0,0,0,15,1,3,1,6,6,10,3,2,0,0,0,0,0,0,0,1,0,2,2,44,5
jsonpathly,d09b5271f4118a9095a5155a0b393b4da484c5b8,0,11461.357142857143,56742473.14285714,1,0,0,12,12,0,1,0,0,1,1,2,4,4,0,0,0,0,0,0,0,0,0,0,0,0,0,0,0,0,0,0,1,0,0,0,0,0,0,0,0,43,0,0,0,0,0,0,0,0,0,0,0,0,0,0,0,0,0,0,0,0,0,0,0,0,0,2,0,0,0,0,1,0,0,0,0,0,0,0,0,0,0,0,0,0,0,0,0,0,0,0,15,1,3,1,6,6,10,3,2,0,0,0,0,0,0,0,1,0,2,2,44,5
rfc9535,d09b5271f4118a9095a5155a0b393b4da484c5b8,0,9684.166666666666,57794560.0,1,0,0,12,12,0,1,0,0,1,1,2,4,4,0,0,0,0,0,0,0,0,0,0,0,0,0,0,0,0,0,0,1,0,0,0,0,0,0,0,0,43,0,0,0,0,0,0,0,0,0,0,0,0,0,0,0,0,0,0,0,0,0,0,0,0,0,2,0,0,0,0,1,0,0,0,0,0,0,0,0,0,0,0,0,0,0,0,0,0,0,0,15,1,3,1,6,6,10,3,2,0,0,0,0,0,0,0,1,0,2,2,44,5
p3,d09b5271f4118a9095a5155a0b393b4da484c5b8,0,4798.833333333333,54717098.666666664,1,0,0,12,12,0,1,0,0,1,1,2,4,4,0,0,0,0,0,0,0,0,0,0,0,0,0,0,0,0,0,0,1,0,0,0,0,0,0,0,0,43,0,0,0,0,0,0,0,0,0,0,0,0,0,0,0,0,0,0,0,0,0,0,0,0,0,2,0,0,0,0,1,0,0,0,0,0,0,0,0,0,0,0,0,0,0,0,0,0,0,0,15,1,3,1,6,6,10,3,2,0,0,0,0,0,0,0,1,0,2,2,44,5
plus,1a1dae919fa5773ba68def52c16cd610562b5d3e,0,6736.166666666667,54591488.0,6,1,2,38,40,1,4,0,0,0,3,2,2,2,2,2,0,0,0,0,0,0,0,0,0,0,0,0,0,0,0,0,4,1,0,0,0,0,0,0,0,50,0,0,0,0,0,0,0,0,0,0,0,0,0,0,0,0,0,0,0,0,0,0,0,0,0,0,0,0,0,0,5,0,0,0,0,0,0,0,0,0,0,0,0,0,0,0,0,0,0,0,16,1,3,0,0,0,0,3,0,0,0,0,0,0,2,0,0,0,2,2,49,38
dchester,1a1dae919fa5773ba68def52c16cd610562b5d3e,0,43674.6875,64090112.0,6,1,2,38,40,1,4,0,0,0,3,2,2,2,2,2,0,0,0,0,0,0,0,0,0,0,0,0,0,0,0,0,4,1,0,0,0,0,0,0,0,50,0,0,0,0,0,0,0,0,0,0,0,0,0,0,0,0,0,0,0,0,0,0,0,0,0,0,0,0,0,0,5,0,0,0,0,0,0,0,0,0,0,0,0,0,0,0,0,0,0,0,16,1,3,0,0,0,0,3,0,0,0,0,0,0,2,0,0,0,2,2,49,38
jsonpathly,1a1dae919fa5773ba68def52c16cd610562b5d3e,0,25570.25,57587712.0,6,1,2,38,40,1,4,0,0,0,3,2,2,2,2,2,0,0,0,0,0,0,0,0,0,0,0,0,0,0,0,0,4,1,0,0,0,0,0,0,0,50,0,0,0,0,0,0,0,0,0,0,0,0,0,0,0,0,0,0,0,0,0,0,0,0,0,0,0,0,0,0,5,0,0,0,0,0,0,0,0,0,0,0,0,0,0,0,0,0,0,0,16,1,3,0,0,0,0,3,0,0,0,0,0,0,2,0,0,0,2,2,49,38
rfc9535,1a1dae919fa5773ba68def52c16cd610562b5d3e,0,16229.125,58032128.0,6,1,2,38,40,1,4,0,0,0,3,2,2,2,2,2,0,0,0,0,0,0,0,0,0,0,0,0,0,0,0,0,4,1,0,0,0,0,0,0,0,50,0,0,0,0,0,0,0,0,0,0,0,0,0,0,0,0,0,0,0,0,0,0,0,0,0,0,0,0,0,0,5,0,0,0,0,0,0,0,0,0,0,0,0,0,0,0,0,0,0,0,16,1,3,0,0,0,0,3,0,0,0,0,0,0,2,0,0,0,2,2,49,38
p3,1a1dae919fa5773ba68def52c16cd610562b5d3e,0,19448.0,56733696.0,6,1,2,38,40,1,4,0,0,0,3,2,2,2,2,2,0,0,0,0,0,0,0,0,0,0,0,0,0,0,0,0,4,1,0,0,0,0,0,0,0,50,0,0,0,0,0,0,0,0,0,0,0,0,0,0,0,0,0,0,0,0,0,0,0,0,0,0,0,0,0,0,5,0,0,0,0,0,0,0,0,0,0,0,0,0,0,0,0,0,0,0,16,1,3,0,0,0,0,3,0,0,0,0,0,0,2,0,0,0,2,2,49,38
plus,0d9d671a1547eca02a5aac585be0fc07d884074f,0,6465.333333333333,54520490.666666664,7,2,3,18,21,4,0,0,0,0,0,1,11,5,0,0,0,0,0,1,0,0,3,0,1,1,0,0,0,0,0,0,0,0,0,0,0,0,0,0,0,75,0,0,0,0,0,0,0,0,0,0,0,0,0,0,0,0,0,0,0,0,0,0,0,0,0,2,0,0,3,0,5,0,0,2,0,0,0,0,0,0,0,0,0,0,0,0,0,0,0,0,30,1,7,3,16,16,17,7,2,2,3,0,0,0,0,0,0,0,6,1,108,19
dchester,0d9d671a1547eca02a5aac585be0fc07d884074f,0,39427.375,63913984.0,7,2,3,18,21,4,0,0,0,0,0,1,11,5,0,0,0,0,0,1,0,0,3,0,1,1,0,0,0,0,0,0,0,0,0,0,0,0,0,0,0,75,0,0,0,0,0,0,0,0,0,0,0,0,0,0,0,0,0,0,0,0,0,0,0,0,0,2,0,0,3,0,5,0,0,2,0,0,0,0,0,0,0,0,0,0,0,0,0,0,0,0,30,1,7,3,16,16,17,7,2,2,3,0,0,0,0,0,0,0,6,1,108,19
jsonpathly,0d9d671a1547eca02a5aac585be0fc07d884074f,0,17560.0,57266176.0,7,2,3,18,21,4,0,0,0,0,0,1,11,5,0,0,0,0,0,1,0,0,3,0,1,1,0,0,0,0,0,0,0,0,0,0,0,0,0,0,0,75,0,0,0,0,0,0,0,0,0,0,0,0,0,0,0,0,0,0,0,0,0,0,0,0,0,2,0,0,3,0,5,0,0,2,0,0,0,0,0,0,0,0,0,0,0,0,0,0,0,0,30,1,7,3,16,16,17,7,2,2,3,0,0,0,0,0,0,0,6,1,108,19
rfc9535,0d9d671a1547eca02a5aac585be0fc07d884074f,0,9652.833333333334,57840981.333333336,7,2,3,18,21,4,0,0,0,0,0,1,11,5,0,0,0,0,0,1,0,0,3,0,1,1,0,0,0,0,0,0,0,0,0,0,0,0,0,0,0,75,0,0,0,0,0,0,0,0,0,0,0,0,0,0,0,0,0,0,0,0,0,0,0,0,0,2,0,0,3,0,5,0,0,2,0,0,0,0,0,0,0,0,0,0,0,0,0,0,0,0,30,1,7,3,16,16,17,7,2,2,3,0,0,0,0,0,0,0,6,1,108,19
p3,0d9d671a1547eca02a5aac585be0fc07d884074f,0,13479.25,55508992.0,7,2,3,18,21,4,0,0,0,0,0,1,11,5,0,0,0,0,0,1,0,0,3,0,1,1,0,0,0,0,0,0,0,0,0,0,0,0,0,0,0,75,0,0,0,0,0,0,0,0,0,0,0,0,0,0,0,0,0,0,0,0,0,0,0,0,0,2,0,0,3,0,5,0,0,2,0,0,0,0,0,0,0,0,0,0,0,0,0,0,0,0,30,1,7,3,16,16,17,7,2,2,3,0,0,0,0,0,0,0,6,1,108,19
plus,8e92ee7da6aa5c8c7670c7611a054ea0ffa8bd2f,0,19333.3125,56944640.0,7,4,2,32,34,3,2,5,6,5,5,3,7,8,2,2,1,1,1,0,0,0,0,0,0,0,0,0,0,0,0,0,1,0,0,0,0,0,0,0,0,62,0,0,0,0,0,0,0,0,0,0,0,0,0,0,0,0,0,0,0,0,0,0,0,0,0,0,0,0,0,0,3,0,0,0,0,0,0,0,0,0,0,0,0,0,0,0,0,0,0,0,28,1,6,0,0,0,0,6,0,0,0,0,0,0,0,0,2,0,5,2,68,54
dchester,8e92ee7da6aa5c8c7670c7611a054ea0ffa8bd2f,0,61132.0,65667072.0,7,4,2,32,34,3,2,5,6,5,5,3,7,8,2,2,1,1,1,0,0,0,0,0,0,0,0,0,0,0,0,0,1,0,0,0,0,0,0,0,0,62,0,0,0,0,0,0,0,0,0,0,0,0,0,0,0,0,0,0,0,0,0,0,0,0,0,0,0,0,0,0,3,0,0,0,0,0,0,0,0,0,0,0,0,0,0,0,0,0,0,0,28,1,6,0,0,0,0,6,0,0,0,0,0,0,0,0,2,0,5,2,68,54
jsonpathly,8e92ee7da6aa5c8c7670c7611a054ea0ffa8bd2f,0,30756.916666666668,57835520.0,7,4,2,32,34,3,2,5,6,5,5,3,7,8,2,2,1,1,1,0,0,0,0,0,0,0,0,0,0,0,0,0,1,0,0,0,0,0,0,0,0,62,0,0,0,0,0,0,0,0,0,0,0,0,0,0,0,0,0,0,0,0,0,0,0,0,0,0,0,0,0,0,3,0,0,0,0,0,0,0,0,0,0,0,0,0,0,0,0,0,0,0,28,1,6,0,0,0,0,6,0,0,0,0,0,0,0,0,2,0,5,2,68,54
rfc9535,8e92ee7da6aa5c8c7670c7611a054ea0ffa8bd2f,0,21971.3125,58550272.0,7,4,2,32,34,3,2,5,6,5,5,3,7,8,2,2,1,1,1,0,0,0,0,0,0,0,0,0,0,0,0,0,1,0,0,0,0,0,0,0,0,62,0,0,0,0,0,0,0,0,0,0,0,0,0,0,0,0,0,0,0,0,0,0,0,0,0,0,0,0,0,0,3,0,0,0,0,0,0,0,0,0,0,0,0,0,0,0,0,0,0,0,28,1,6,0,0,0,0,6,0,0,0,0,0,0,0,0,2,0,5,2,68,54
p3,8e92ee7da6aa5c8c7670c7611a054ea0ffa8bd2f,0,29629.1,57006489.6,7,4,2,32,34,3,2,5,6,5,5,3,7,8,2,2,1,1,1,0,0,0,0,0,0,0,0,0,0,0,0,0,1,0,0,0,0,0,0,0,0,62,0,0,0,0,0,0,0,0,0,0,0,0,0,0,0,0,0,0,0,0,0,0,0,0,0,0,0,0,0,0,3,0,0,0,0,0,0,0,0,0,0,0,0,0,0,0,0,0,0,0,28,1,6,0,0,0,0,6,0,0,0,0,0,0,0,0,2,0,5,2,68,54
plus,07c9b3574e71792d42276ee72dc87a4abb4b5c94,0,18270.75,56987648.0,8,6,4,57,61,2,2,9,10,6,6,2,13,7,5,4,0,0,0,0,0,0,0,0,0,0,0,0,1,0,0,0,1,0,0,0,0,0,0,0,0,82,0,0,0,0,0,0,0,0,0,0,0,0,0,0,0,0,0,0,0,0,0,0,0,0,0,0,0,0,2,0,2,0,0,1,0,0,0,0,0,0,0,0,0,0,0,0,0,0,0,0,36,1,8,1,2,2,1,8,1,1,1,0,0,0,1,0,1,0,7,2,105,80
dchester,07c9b3574e71792d42276ee72dc87a4abb4b5c94,0,74119.875,65433600.0,8,6,4,57,61,2,2,9,10,6,6,2,13,7,5,4,0,0,0,0,0,0,0,0,0,0,0,0,1,0,0,0,1,0,0,0,0,0,0,0,0,82,0,0,0,0,0,0,0,0,0,0,0,0,0,0,0,0,0,0,0,0,0,0,0,0,0,0,0,0,2,0,2,0,0,1,0,0,0,0,0,0,0,0,0,0,0,0,0,0,0,0,36,1,8,1,2,2,1,8,1,1,1,0,0,0,1,0,1,0,7,2,105,80
jsonpathly,07c9b3574e71792d42276ee72dc87a4abb4b5c94,0,35482.583333333336,58389845.333333336,8,6,4,57,61,2,2,9,10,6,6,2,13,7,5,4,0,0,0,0,0,0,0,0,0,0,0,0,1,0,0,0,1,0,0,0,0,0,0,0,0,82,0,0,0,0,0,0,0,0,0,0,0,0,0,0,0,0,0,0,0,0,0,0,0,0,0,0,0,0,2,0,2,0,0,1,0,0,0,0,0,0,0,0,0,0,0,0,0,0,0,0,36,1,8,1,2,2,1,8,1,1,1,0,0,0,1,0,1,0,7,2,105,80
rfc9535,07c9b3574e71792d42276ee72dc87a4abb4b5c94,0,31775.9375,59092992.0,8,6,4,57,61,2,2,9,10,6,6,2,13,7,5,4,0,0,0,0,0,0,0,0,0,0,0,0,1,0,0,0,1,0,0,0,0,0,0,0,0,82,0,0,0,0,0,0,0,0,0,0,0,0,0,0,0,0,0,0,0,0,0,0,0,0,0,0,0,0,2,0,2,0,0,1,0,0,0,0,0,0,0,0,0,0,0,0,0,0,0,0,36,1,8,1,2,2,1,8,1,1,1,0,0,0,1,0,1,0,7,2,105,80
p3,07c9b3574e71792d42276ee72dc87a4abb4b5c94,0,32013.916666666668,58198698.666666664,8,6,4,57,61,2,2,9,10,6,6,2,13,7,5,4,0,0,0,0,0,0,0,0,0,0,0,0,1,0,0,0,1,0,0,0,0,0,0,0,0,82,0,0,0,0,0,0,0,0,0,0,0,0,0,0,0,0,0,0,0,0,0,0,0,0,0,0,0,0,2,0,2,0,0,1,0,0,0,0,0,0,0,0,0,0,0,0,0,0,0,0,36,1,8,1,2,2,1,8,1,1,1,0,0,0,1,0,1,0,7,2,105,80
plus,ef4fde8e7e5ce0e74e02fe3dfedae37ed8c9e7a9,0,5735.833333333333,54383957.333333336,2,0,0,103,103,1,1,4,5,2,2,3,31,15,3,1,1,5,2,1,1,2,4,1,0,0,0,6,2,0,0,0,0,0,0,0,0,0,0,0,0,232,0,0,0,0,0,0,0,0,0,0,0,0,0,0,0,0,0,0,0,0,0,0,0,0,0,1,0,0,27,0,2,0,0,1,0,0,0,0,0,0,0,0,0,0,0,0,0,0,0,0,72,1,17,5,14,18,24,17,3,1,5,1,4,9,2,0,0,0,16,2,287,54
dchester,ef4fde8e7e5ce0e74e02fe3dfedae37ed8c9e7a9,0,35720.21428571428,63083081.14285714,2,0,0,103,103,1,1,4,5,2,2,3,31,15,3,1,1,5,2,1,1,2,4,1,0,0,0,6,2,0,0,0,0,0,0,0,0,0,0,0,0,232,0,0,0,0,0,0,0,0,0,0,0,0,0,0,0,0,0,0,0,0,0,0,0,0,0,1,0,0,27,0,2,0,0,1,0,0,0,0,0,0,0,0,0,0,0,0,0,0,0,0,72,1,17,5,14,18,24,17,3,1,5,1,4,9,2,0,0,0,16,2,287,54
jsonpathly,ef4fde8e7e5ce0e74e02fe3dfedae37ed8c9e7a9,0,19076.333333333332,57458688.0,2,0,0,103,103,1,1,4,5,2,2,3,31,15,3,1,1,5,2,1,1,2,4,1,0,0,0,6,2,0,0,0,0,0,0,0,0,0,0,0,0,232,0,0,0,0,0,0,0,0,0,0,0,0,0,0,0,0,0,0,0,0,0,0,0,0,0,1,0,0,27,0,2,0,0,1,0,0,0,0,0,0,0,0,0,0,0,0,0,0,0,0,72,1,17,5,14,18,24,17,3,1,5,1,4,9,2,0,0,0,16,2,287,54
rfc9535,ef4fde8e7e5ce0e74e02fe3dfedae37ed8c9e7a9,0,15879.3,58012467.2,2,0,0,103,103,1,1,4,5,2,2,3,31,15,3,1,1,5,2,1,1,2,4,1,0,0,0,6,2,0,0,0,0,0,0,0,0,0,0,0,0,232,0,0,0,0,0,0,0,0,0,0,0,0,0,0,0,0,0,0,0,0,0,0,0,0,0,1,0,0,27,0,2,0,0,1,0,0,0,0,0,0,0,0,0,0,0,0,0,0,0,0,72,1,17,5,14,18,24,17,3,1,5,1,4,9,2,0,0,0,16,2,287,54
p3,ef4fde8e7e5ce0e74e02fe3dfedae37ed8c9e7a9,0,14635.625,55783424.0,2,0,0,103,103,1,1,4,5,2,2,3,31,15,3,1,1,5,2,1,1,2,4,1,0,0,0,6,2,0,0,0,0,0,0,0,0,0,0,0,0,232,0,0,0,0,0,0,0,0,0,0,0,0,0,0,0,0,0,0,0,0,0,0,0,0,0,1,0,0,27,0,2,0,0,1,0,0,0,0,0,0,0,0,0,0,0,0,0,0,0,0,72,1,17,5,14,18,24,17,3,1,5,1,4,9,2,0,0,0,16,2,287,54
plus,6071798ce5be19e28dd247390a40de5ceaaa16f0,0,20247.3125,56989696.0,7,7,1,99,100,3,3,1,2,0,0,3,22,17,4,1,0,0,3,1,0,0,3,0,1,1,0,0,3,1,6,10,2,0,0,0,0,0,0,0,0,274,0,0,0,0,0,0,0,0,0,0,0,0,0,0,0,0,0,0,0,0,0,0,0,0,0,3,0,0,19,0,0,0,0,1,0,0,0,0,0,0,0,0,0,0,0,0,0,0,0,0,94,1,14,1,6,6,9,30,5,1,6,0,0,0,5,4,3,12,13,4,297,55
dchester,6071798ce5be19e28dd247390a40de5ceaaa16f0,0,65421.875,64966656.0,7,7,1,99,100,3,3,1,2,0,0,3,22,17,4,1,0,0,3,1,0,0,3,0,1,1,0,0,3,1,6,10,2,0,0,0,0,0,0,0,0,274,0,0,0,0,0,0,0,0,0,0,0,0,0,0,0,0,0,0,0,0,0,0,0,0,0,3,0,0,19,0,0,0,0,1,0,0,0,0,0,0,0,0,0,0,0,0,0,0,0,0,94,1,14,1,6,6,9,30,5,1,6,0,0,0,5,4,3,12,13,4,297,55
jsonpathly,6071798ce5be19e28dd247390a40de5ceaaa16f0,0,47454.1,58569523.2,7,7,1,99,100,3,3,1,2,0,0,3,22,17,4,1,0,0,3,1,0,0,3,0,1,1,0,0,3,1,6,10,2,0,0,0,0,0,0,0,0,274,0,0,0,0,0,0,0,0,0,0,0,0,0,0,0,0,0,0,0,0,0,0,0,0,0,3,0,0,19,0,0,0,0,1,0,0,0,0,0,0,0,0,0,0,0,0,0,0,0,0,94,1,14,1,6,6,9,30,5,1,6,0,0,0,5,4,3,12,13,4,297,55
rfc9535,6071798ce5be19e28dd247390a40de5ceaaa16f0,0,31836.0,60413952.0,7,7,1,99,100,3,3,1,2,0,0,3,22,17,4,1,0,0,3,1,0,0,3,0,1,1,0,0,3,1,6,10,2,0,0,0,0,0,0,0,0,274,0,0,0,0,0,0,0,0,0,0,0,0,0,0,0,0,0,0,0,0,0,0,0,0,0,3,0,0,19,0,0,0,0,1,0,0,0,0,0,0,0,0,0,0,0,0,0,0,0,0,94,1,14,1,6,6,9,30,5,1,6,0,0,0,5,4,3,12,13,4,297,55
p3,6071798ce5be19e28dd247390a40de5ceaaa16f0,0,54659.666666666664,58824021.333333336,7,7,1,99,100,3,3,1,2,0,0,3,22,17,4,1,0,0,3,1,0,0,3,0,1,1,0,0,3,1,6,10,2,0,0,0,0,0,0,0,0,274,0,0,0,0,0,0,0,0,0,0,0,0,0,0,0,0,0,0,0,0,0,0,0,0,0,3,0,0,19,0,0,0,0,1,0,0,0,0,0,0,0,0,0,0,0,0,0,0,0,0,94,1,14,1,6,6,9,30,5,1,6,0,0,0,5,4,3,12,13,4,297,55
plus,30bc1df0bd06322c2651264e133832b6efbe390d,0,20266.9,56950784.0,7,7,1,99,100,3,3,1,2,0,0,3,22,17,4,1,0,0,3,1,0,0,3,0,1,1,0,0,3,1,6,10,2,0,0,0,0,0,0,0,0,274,0,0,0,0,0,0,0,0,0,0,0,0,0,0,0,0,0,0,0,0,0,0,0,0,0,3,0,0,13,0,0,0,0,1,0,0,0,0,0,0,0,0,0,0,0,0,0,0,0,0,94,1,14,1,6,6,9,30,5,1,6,0,0,0,5,4,3,12,13,4,291,55
dchester,30bc1df0bd06322c2651264e133832b6efbe390d,0,62958.125,64864256.0,7,7,1,99,100,3,3,1,2,0,0,3,22,17,4,1,0,0,3,1,0,0,3,0,1,1,0,0,3,1,6,10,2,0,0,0,0,0,0,0,0,274,0,0,0,0,0,0,0,0,0,0,0,0,0,0,0,0,0,0,0,0,0,0,0,0,0,3,0,0,13,0,0,0,0,1,0,0,0,0,0,0,0,0,0,0,0,0,0,0,0,0,94,1,14,1,6,6,9,30,5,1,6,0,0,0,5,4,3,12,13,4,291,55
jsonpathly,30bc1df0bd06322c2651264e133832b6efbe390d,0,47656.5,58523648.0,7,7,1,99,100,3,3,1,2,0,0,3,22,17,4,1,0,0,3,1,0,0,3,0,1,1,0,0,3,1,6,10,2,0,0,0,0,0,0,0,0,274,0,0,0,0,0,0,0,0,0,0,0,0,0,0,0,0,0,0,0,0,0,0,0,0,0,3,0,0,13,0,0,0,0,1,0,0,0,0,0,0,0,0,0,0,0,0,0,0,0,0,94,1,14,1,6,6,9,30,5,1,6,0,0,0,5,4,3,12,13,4,291,55
rfc9535,30bc1df0bd06322c2651264e133832b6efbe390d,0,34302.0625,60471296.0,7,7,1,99,100,3,3,1,2,0,0,3,22,17,4,1,0,0,3,1,0,0,3,0,1,1,0,0,3,1,6,10,2,0,0,0,0,0,0,0,0,274,0,0,0,0,0,0,0,0,0,0,0,0,0,0,0,0,0,0,0,0,0,0,0,0,0,3,0,0,13,0,0,0,0,1,0,0,0,0,0,0,0,0,0,0,0,0,0,0,0,0,94,1,14,1,6,6,9,30,5,1,6,0,0,0,5,4,3,12,13,4,291,55
p3,30bc1df0bd06322c2651264e133832b6efbe390d,0,59333.5,58854604.8,7,7,1,99,100,3,3,1,2,0,0,3,22,17,4,1,0,0,3,1,0,0,3,0,1,1,0,0,3,1,6,10,2,0,0,0,0,0,0,0,0,274,0,0,0,0,0,0,0,0,0,0,0,0,0,0,0,0,0,0,0,0,0,0,0,0,0,3,0,0,13,0,0,0,0,1,0,0,0,0,0,0,0,0,0,0,0,0,0,0,0,0,94,1,14,1,6,6,9,30,5,1,6,0,0,0,5,4,3,12,13,4,291,55
plus,839604a4301e8ff6b157d146cfbfc25813d3d62c,0,12486.166666666666,56071509.333333336,2,1,1,118,119,1,0,0,0,0,0,3,24,16,0,0,0,0,0,1,0,1,2,0,1,0,1,0,0,0,0,0,0,0,0,0,0,0,0,0,0,300,0,0,0,0,0,0,0,0,0,0,0,0,0,0,0,0,0,0,0,0,0,0,0,0,0,3,0,0,7,0,1,0,0,2,0,0,0,0,0,0,0,0,0,0,0,0,0,0,0,0,130,5,31,4,9,11,9,31,4,2,4,1,2,2,2,0,6,0,26,4,379,10
dchester,839604a4301e8ff6b157d146cfbfc25813d3d62c,0,24286.4375,61691904.0,2,1,1,118,119,1,0,0,0,0,0,3,24,16,0,0,0,0,0,1,0,1,2,0,1,0,1,0,0,0,0,0,0,0,0,0,0,0,0,0,0,300,0,0,0,0,0,0,0,0,0,0,0,0,0,0,0,0,0,0,0,0,0,0,0,0,0,3,0,0,7,0,1,0,0,2,0,0,0,0,0,0,0,0,0,0,0,0,0,0,0,0,130,5,31,4,9,11,9,31,4,2,4,1,2,2,2,0,6,0,26,4,379,10
jsonpathly,839604a4301e8ff6b157d146cfbfc25813d3d62c,0,27635.375,57434112.0,2,1,1,118,119,1,0,0,0,0,0,3,24,16,0,0,0,0,0,1,0,1,2,0,1,0,1,0,0,0,0,0,0,0,0,0,0,0,0,0,0,300,0,0,0,0,0,0,0,0,0,0,0,0,0,0,0,0,0,0,0,0,0,0,0,0,0,3,0,0,7,0,1,0,0,2,0,0,0,0,0,0,0,0,0,0,0,0,0,0,0,0,130,5,31,4,9,11,9,31,4,2,4,1,2,2,2,0,6,0,26,4,379,10
rfc9535,839604a4301e8ff6b157d146cfbfc25813d3d62c,0,14942.75,58114048.0,2,1,1,118,119,1,0,0,0,0,0,3,24,16,0,0,0,0,0,1,0,1,2,0,1,0,1,0,0,0,0,0,0,0,0,0,0,0,0,0,0,300,0,0,0,0,0,0,0,0,0,0,0,0,0,0,0,0,0,0,0,0,0,0,0,0,0,3,0,0,7,0,1,0,0,2,0,0,0,0,0,0,0,0,0,0,0,0,0,0,0,0,130,5,31,4,9,11,9,31,4,2,4,1,2,2,2,0,6,0,26,4,379,10
p3,839604a4301e8ff6b157d146cfbfc25813d3d62c,0,26475.0,57615974.4,2,1,1,118,119,1,0,0,0,0,0,3,24,16,0,0,0,0,0,1,0,1,2,0,1,0,1,0,0,0,0,0,0,0,0,0,0,0,0,0,0,300,0,0,0,0,0,0,0,0,0,0,0,0,0,0,0,0,0,0,0,0,0,0,0,0,0,3,0,0,7,0,1,0,0,2,0,0,0,0,0,0,0,0,0,0,0,0,0,0,0,0,130,5,31,4,9,11,9,31,4,2,4,1,2,2,2,0,6,0,26,4,379,10
plus,c0d5234ddcbbbbd9ac8a6cdd6a4fc860ffc19c2e,0,4359.5,54398976.0,4,2,2,11,13,0,2,2,3,0,1,1,0,1,3,1,0,0,0,0,0,0,0,0,0,0,0,0,2,0,0,0,1,1,0,0,0,0,0,0,0,18,0,0,0,0,0,0,0,0,0,0,0,0,0,0,0,0,0,0,0,0,0,0,0,0,0,0,0,0,4,0,2,0,0,0,0,0,0,0,0,0,0,0,0,0,0,0,0,0,0,0,4,0,0,0,0,0,0,1,0,0,1,0,0,0,0,1,0,0,0,1,8,34
dchester,c0d5234ddcbbbbd9ac8a6cdd6a4fc860ffc19c2e,0,nan,nan,4,2,2,11,13,0,2,2,3,0,1,1,0,1,3,1,0,0,0,0,0,0,0,0,0,0,0,0,2,0,0,0,1,1,0,0,0,0,0,0,0,18,0,0,0,0,0,0,0,0,0,0,0,0,0,0,0,0,0,0,0,0,0,0,0,0,0,0,0,0,4,0,2,0,0,0,0,0,0,0,0,0,0,0,0,0,0,0,0,0,0,0,4,0,0,0,0,0,0,1,0,0,1,0,0,0,0,1,0,0,0,1,8,34
jsonpathly,c0d5234ddcbbbbd9ac8a6cdd6a4fc860ffc19c2e,0,18955.625,57337856.0,4,2,2,11,13,0,2,2,3,0,1,1,0,1,3,1,0,0,0,0,0,0,0,0,0,0,0,0,2,0,0,0,1,1,0,0,0,0,0,0,0,18,0,0,0,0,0,0,0,0,0,0,0,0,0,0,0,0,0,0,0,0,0,0,0,0,0,0,0,0,4,0,2,0,0,0,0,0,0,0,0,0,0,0,0,0,0,0,0,0,0,0,4,0,0,0,0,0,0,1,0,0,1,0,0,0,0,1,0,0,0,1,8,34
rfc9535,c0d5234ddcbbbbd9ac8a6cdd6a4fc860ffc19c2e,0,15374.8125,57960448.0,4,2,2,11,13,0,2,2,3,0,1,1,0,1,3,1,0,0,0,0,0,0,0,0,0,0,0,0,2,0,0,0,1,1,0,0,0,0,0,0,0,18,0,0,0,0,0,0,0,0,0,0,0,0,0,0,0,0,0,0,0,0,0,0,0,0,0,0,0,0,4,0,2,0,0,0,0,0,0,0,0,0,0,0,0,0,0,0,0,0,0,0,4,0,0,0,0,0,0,1,0,0,1,0,0,0,0,1,0,0,0,1,8,34
p3,c0d5234ddcbbbbd9ac8a6cdd6a4fc860ffc19c2e,0,16175.5,55937316.571428575,4,2,2,11,13,0,2,2,3,0,1,1,0,1,3,1,0,0,0,0,0,0,0,0,0,0,0,0,2,0,0,0,1,1,0,0,0,0,0,0,0,18,0,0,0,0,0,0,0,0,0,0,0,0,0,0,0,0,0,0,0,0,0,0,0,0,0,0,0,0,4,0,2,0,0,0,0,0,0,0,0,0,0,0,0,0,0,0,0,0,0,0,4,0,0,0,0,0,0,1,0,0,1,0,0,0,0,1,0,0,0,1,8,34
plus,588f20e992727c1df4cadbc211dbdfcf1031e74d,0,4048.6666666666665,54323882.666666664,3,2,1,3,4,2,0,0,0,0,0,0,0,0,0,0,0,0,0,0,0,0,0,0,0,0,0,0,0,0,0,0,0,0,0,0,0,0,0,0,0,6,0,0,0,0,0,0,0,0,0,0,0,0,0,0,0,0,0,0,0,0,0,0,0,0,0,0,0,0,0,0,1,0,0,0,0,0,0,0,0,0,0,0,0,0,0,0,0,0,0,0,7,1,1,0,0,0,0,1,0,0,0,0,0,0,1,0,0,0,0,2,10,9
dchester,588f20e992727c1df4cadbc211dbdfcf1031e74d,0,21078.1875,62369792.0,3,2,1,3,4,2,0,0,0,0,0,0,0,0,0,0,0,0,0,0,0,0,0,0,0,0,0,0,0,0,0,0,0,0,0,0,0,0,0,0,0,6,0,0,0,0,0,0,0,0,0,0,0,0,0,0,0,0,0,0,0,0,0,0,0,0,0,0,0,0,0,0,1,0,0,0,0,0,0,0,0,0,0,0,0,0,0,0,0,0,0,0,7,1,1,0,0,0,0,1,0,0,0,0,0,0,1,0,0,0,0,2,10,9
jsonpathly,588f20e992727c1df4cadbc211dbdfcf1031e74d,0,11208.5,56737792.0,3,2,1,3,4,2,0,0,0,0,0,0,0,0,0,0,0,0,0,0,0,0,0,0,0,0,0,0,0,0,0,0,0,0,0,0,0,0,0,0,0,6,0,0,0,0,0,0,0,0,0,0,0,0,0,0,0,0,0,0,0,0,0,0,0,0,0,0,0,0,0,0,1,0,0,0,0,0,0,0,0,0,0,0,0,0,0,0,0,0,0,0,7,1,1,0,0,0,0,1,0,0,0,0,0,0,1,0,0,0,0,2,10,9
rfc9535,588f20e992727c1df4cadbc211dbdfcf1031e74d,0,8215.166666666666,57851904.0,3,2,1,3,4,2,0,0,0,0,0,0,0,0,0,0,0,0,0,0,0,0,0,0,0,0,0,0,0,0,0,0,0,0,0,0,0,0,0,0,0,6,0,0,0,0,0,0,0,0,0,0,0,0,0,0,0,0,0,0,0,0,0,0,0,0,0,0,0,0,0,0,1,0,0,0,0,0,0,0,0,0,0,0,0,0,0,0,0,0,0,0,7,1,1,0,0,0,0,1,0,0,0,0,0,0,1,0,0,0,0,2,10,9
p3,588f20e992727c1df4cadbc211dbdfcf1031e74d,0,7965.333333333333,55022933.333333336,3,2,1,3,4,2,0,0,0,0,0,0,0,0,0,0,0,0,0,0,0,0,0,0,0,0,0,0,0,0,0,0,0,0,0,0,0,0,0,0,0,6,0,0,0,0,0,0,0,0,0,0,0,0,0,0,0,0,0,0,0,0,0,0,0,0,0,0,0,0,0,0,1,0,0,0,0,0,0,0,0,0,0,0,0,0,0,0,0,0,0,0,7,1,1,0,0,0,0,1,0,0,0,0,0,0,1,0,0,0,0,2,10,9
plus,17bc2b5d99aac2ad22ee40e43064ca78a4151a03,0,20025.875,57092096.0,8,3,1,19,20,4,3,17,20,8,8,5,46,28,12,8,0,0,0,0,0,0,0,0,0,0,0,0,4,1,3,8,0,0,0,0,0,0,0,0,0,36,0,0,0,0,0,0,0,0,0,0,0,0,0,0,0,0,0,0,0,0,0,0,0,0,0,0,0,0,0,0,5,0,0,0,0,0,0,0,0,0,0,0,0,0,0,0,0,0,0,0,10,1,1,1,1,1,1,3,0,0,0,0,0,0,0,1,1,1,0,2,23,137
dchester,17bc2b5d99aac2ad22ee40e43064ca78a4151a03,0,76812.5,64631603.2,8,3,1,19,20,4,3,17,20,8,8,5,46,28,12,8,0,0,0,0,0,0,0,0,0,0,0,0,4,1,3,8,0,0,0,0,0,0,0,0,0,36,0,0,0,0,0,0,0,0,0,0,0,0,0,0,0,0,0,0,0,0,0,0,0,0,0,0,0,0,0,0,5,0,0,0,0,0,0,0,0,0,0,0,0,0,0,0,0,0,0,0,10,1,1,1,1,1,1,3,0,0,0,0,0,0,0,1,1,1,0,2,23,137
jsonpathly,17bc2b5d99aac2ad22ee40e43064ca78a4151a03,0,35620.7,57914163.2,8,3,1,19,20,4,3,17,20,8,8,5,46,28,12,8,0,0,0,0,0,0,0,0,0,0,0,0,4,1,3,8,0,0,0,0,0,0,0,0,0,36,0,0,0,0,0,0,0,0,0,0,0,0,0,0,0,0,0,0,0,0,0,0,0,0,0,0,0,0,0,0,5,0,0,0,0,0,0,0,0,0,0,0,0,0,0,0,0,0,0,0,10,1,1,1,1,1,1,3,0,0,0,0,0,0,0,1,1,1,0,2,23,137
rfc9535,17bc2b5d99aac2ad22ee40e43064ca78a4151a03,0,31254.2,59919564.8,8,3,1,19,20,4,3,17,20,8,8,5,46,28,12,8,0,0,0,0,0,0,0,0,0,0,0,0,4,1,3,8,0,0,0,0,0,0,0,0,0,36,0,0,0,0,0,0,0,0,0,0,0,0,0,0,0,0,0,0,0,0,0,0,0,0,0,0,0,0,0,0,5,0,0,0,0,0,0,0,0,0,0,0,0,0,0,0,0,0,0,0,10,1,1,1,1,1,1,3,0,0,0,0,0,0,0,1,1,1,0,2,23,137
p3,17bc2b5d99aac2ad22ee40e43064ca78a4151a03,0,33046.9375,58157056.0,8,3,1,19,20,4,3,17,20,8,8,5,46,28,12,8,0,0,0,0,0,0,0,0,0,0,0,0,4,1,3,8,0,0,0,0,0,0,0,0,0,36,0,0,0,0,0,0,0,0,0,0,0,0,0,0,0,0,0,0,0,0,0,0,0,0,0,0,0,0,0,0,5,0,0,0,0,0,0,0,0,0,0,0,0,0,0,0,0,0,0,0,10,1,1,1,1,1,1,3,0,0,0,0,0,0,0,1,1,1,0,2,23,137
plus,fe5807b271acf46c53672e207e065577a7823e27,0,34713.5,56516608.0,29,13,20,100,120,11,5,4,5,14,18,12,81,47,16,7,2,4,4,0,0,0,0,0,0,0,0,5,9,1,6,8,4,1,1,8,18,29,7,3,25,244,12,3,2,1,13,5,8,10,20,5,12,7,3,1,0,1,11,10,4,1,2,2,6,30,6,1,0,0,18,0,16,10,20,0,0,0,0,0,3,1,48,102,150,363,169,42,35,22,120,39,6,0,0,0,0,0,0,2,0,0,0,0,0,0,0,1,0,1,0,1,12,1926
dchester,fe5807b271acf46c53672e207e065577a7823e27,0,nan,nan,29,13,20,100,120,11,5,4,5,14,18,12,81,47,16,7,2,4,4,0,0,0,0,0,0,0,0,5,9,1,6,8,4,1,1,8,18,29,7,3,25,244,12,3,2,1,13,5,8,10,20,5,12,7,3,1,0,1,11,10,4,1,2,2,6,30,6,1,0,0,18,0,16,10,20,0,0,0,0,0,3,1,48,102,150,363,169,42,35,22,120,39,6,0,0,0,0,0,0,2,0,0,0,0,0,0,0,1,0,1,0,1,12,1926
jsonpathly,fe5807b271acf46c53672e207e065577a7823e27,0,369451.6666666667,68201130.66666667,29,13,20,100,120,11,5,4,5,14,18,12,81,47,16,7,2,4,4,0,0,0,0,0,0,0,0,5,9,1,6,8,4,1,1,8,18,29,7,3,25,244,12,3,2,1,13,5,8,10,20,5,12,7,3,1,0,1,11,10,4,1,2,2,6,30,6,1,0,0,18,0,16,10,20,0,0,0,0,0,3,1,48,102,150,363,169,42,35,22,120,39,6,0,0,0,0,0,0,2,0,0,0,0,0,0,0,1,0,1,0,1,12,1926
rfc9535,fe5807b271acf46c53672e207e065577a7823e27,0,218437.66666666666,72783189.33333333,29,13,20,100,120,11,5,4,5,14,18,12,81,47,16,7,2,4,4,0,0,0,0,0,0,0,0,5,9,1,6,8,4,1,1,8,18,29,7,3,25,244,12,3,2,1,13,5,8,10,20,5,12,7,3,1,0,1,11,10,4,1,2,2,6,30,6,1,0,0,18,0,16,10,20,0,0,0,0,0,3,1,48,102,150,363,169,42,35,22,120,39,6,0,0,0,0,0,0,2,0,0,0,0,0,0,0,1,0,1,0,1,12,1926
p3,fe5807b271acf46c53672e207e065577a7823e27,0,nan,nan,29,13,20,100,120,11,5,4,5,14,18,12,81,47,16,7,2,4,4,0,0,0,0,0,0,0,0,5,9,1,6,8,4,1,1,8,18,29,7,3,25,244,12,3,2,1,13,5,8,10,20,5,12,7,3,1,0,1,11,10,4,1,2,2,6,30,6,1,0,0,18,0,16,10,20,0,0,0,0,0,3,1,48,102,150,363,169,42,35,22,120,39,6,0,0,0,0,0,0,2,0,0,0,0,0,0,0,1,0,1,0,1,12,1926
plus,604853538008ac7085e9fa0cc0b2555e5252c342,0,2745.9,54204825.6,0,0,0,0,0,0,0,0,0,0,0,0,4,2,0,0,0,0,0,0,0,0,0,0,0,0,0,0,0,0,0,0,0,0,0,0,0,0,0,0,0,5,0,0,0,0,0,0,0,0,0,0,0,0,0,0,0,0,0,0,0,0,0,0,0,0,0,1,0,0,0,0,0,0,0,1,0,0,0,0,0,0,0,0,0,0,0,0,0,0,0,0,6,0,0,0,0,0,0,2,2,1,0,0,0,0,0,1,0,1,0,1,9,1
dchester,604853538008ac7085e9fa0cc0b2555e5252c342,0,4640.625,59932672.0,0,0,0,0,0,0,0,0,0,0,0,0,4,2,0,0,0,0,0,0,0,0,0,0,0,0,0,0,0,0,0,0,0,0,0,0,0,0,0,0,0,5,0,0,0,0,0,0,0,0,0,0,0,0,0,0,0,0,0,0,0,0,0,0,0,0,0,1,0,0,0,0,0,0,0,1,0,0,0,0,0,0,0,0,0,0,0,0,0,0,0,0,6,0,0,0,0,0,0,2,2,1,0,0,0,0,0,1,0,1,0,1,9,1
jsonpathly,604853538008ac7085e9fa0cc0b2555e5252c342,0,8361.166666666666,56492032.0,0,0,0,0,0,0,0,0,0,0,0,0,4,2,0,0,0,0,0,0,0,0,0,0,0,0,0,0,0,0,0,0,0,0,0,0,0,0,0,0,0,5,0,0,0,0,0,0,0,0,0,0,0,0,0,0,0,0,0,0,0,0,0,0,0,0,0,1,0,0,0,0,0,0,0,1,0,0,0,0,0,0,0,0,0,0,0,0,0,0,0,0,6,0,0,0,0,0,0,2,2,1,0,0,0,0,0,1,0,1,0,1,9,1
rfc9535,604853538008ac7085e9fa0cc0b2555e5252c342,0,5800.642857142857,57718491.428571425,0,0,0,0,0,0,0,0,0,0,0,0,4,2,0,0,0,0,0,0,0,0,0,0,0,0,0,0,0,0,0,0,0,0,0,0,0,0,0,0,0,5,0,0,0,0,0,0,0,0,0,0,0,0,0,0,0,0,0,0,0,0,0,0,0,0,0,1,0,0,0,0,0,0,0,1,0,0,0,0,0,0,0,0,0,0,0,0,0,0,0,0,6,0,0,0,0,0,0,2,2,1,0,0,0,0,0,1,0,1,0,1,9,1
p3,604853538008ac7085e9fa0cc0b2555e5252c342,0,1937.5,54438570.666666664,0,0,0,0,0,0,0,0,0,0,0,0,4,2,0,0,0,0,0,0,0,0,0,0,0,0,0,0,0,0,0,0,0,0,0,0,0,0,0,0,0,5,0,0,0,0,0,0,0,0,0,0,0,0,0,0,0,0,0,0,0,0,0,0,0,0,0,1,0,0,0,0,0,0,0,1,0,0,0,0,0,0,0,0,0,0,0,0,0,0,0,0,6,0,0,0,0,0,0,2,2,1,0,0,0,0,0,1,0,1,0,1,9,1
plus,499ec4cb3ea96e5ad01b0b0060936de6999b21f2,0,28906.375,56381440.0,43,22,22,112,134,21,10,11,14,33,37,30,123,92,24,14,5,20,8,1,1,2,4,1,0,0,0,20,10,0,0,0,7,1,5,20,35,60,15,16,86,518,29,9,3,6,34,16,18,16,32,17,18,13,4,4,2,2,25,15,12,3,8,6,8,52,10,2,3,0,11,0,21,28,24,3,0,0,0,0,9,2,7,25,32,57,24,8,4,1,2,1,8,0,0,0,0,0,0,3,0,0,0,0,0,0,0,1,0,2,0,1,16,1758
dchester,499ec4cb3ea96e5ad01b0b0060936de6999b21f2,0,nan,nan,43,22,22,112,134,21,10,11,14,33,37,30,123,92,24,14,5,20,8,1,1,2,4,1,0,0,0,20,10,0,0,0,7,1,5,20,35,60,15,16,86,518,29,9,3,6,34,16,18,16,32,17,18,13,4,4,2,2,25,15,12,3,8,6,8,52,10,2,3,0,11,0,21,28,24,3,0,0,0,0,9,2,7,25,32,57,24,8,4,1,2,1,8,0,0,0,0,0,0,3,0,0,0,0,0,0,0,1,0,2,0,1,16,1758
jsonpathly,499ec4cb3ea96e5ad01b0b0060936de6999b21f2,0,765382.0,89412949.33333333,43,22,22,112,134,21,10,11,14,33,37,30,123,92,24,14,5,20,8,1,1,2,4,1,0,0,0,20,10,0,0,0,7,1,5,20,35,60,15,16,86,518,29,9,3,6,34,16,18,16,32,17,18,13,4,4,2,2,25,15,12,3,8,6,8,52,10,2,3,0,11,0,21,28,24,3,0,0,0,0,9,2,7,25,32,57,24,8,4,1,2,1,8,0,0,0,0,0,0,3,0,0,0,0,0,0,0,1,0,2,0,1,16,1758
rfc9535,499ec4cb3ea96e5ad01b0b0060936de6999b21f2,0,209349.125,80297984.0,43,22,22,112,134,21,10,11,14,33,37,30,123,92,24,14,5,20,8,1,1,2,4,1,0,0,0,20,10,0,0,0,7,1,5,20,35,60,15,16,86,518,29,9,3,6,34,16,18,16,32,17,18,13,4,4,2,2,25,15,12,3,8,6,8,52,10,2,3,0,11,0,21,28,24,3,0,0,0,0,9,2,7,25,32,57,24,8,4,1,2,1,8,0,0,0,0,0,0,3,0,0,0,0,0,0,0,1,0,2,0,1,16,1758
p3,499ec4cb3ea96e5ad01b0b0060936de6999b21f2,0,nan,nan,43,22,22,112,134,21,10,11,14,33,37,30,123,92,24,14,5,20,8,1,1,2,4,1,0,0,0,20,10,0,0,0,7,1,5,20,35,60,15,16,86,518,29,9,3,6,34,16,18,16,32,17,18,13,4,4,2,2,25,15,12,3,8,6,8,52,10,2,3,0,11,0,21,28,24,3,0,0,0,0,9,2,7,25,32,57,24,8,4,1,2,1,8,0,0,0,0,0,0,3,0,0,0,0,0,0,0,1,0,2,0,1,16,1758
plus,167f6639eaceb849c5c4f59a13ffa439fa7e2eee,0,4755.0,54374400.0,4,1,2,22,24,2,0,0,0,0,0,0,0,0,0,0,0,0,0,0,0,0,0,0,0,0,0,0,0,0,0,0,0,0,0,0,0,0,0,0,0,43,0,0,0,0,0,0,0,0,0,0,0,0,0,0,0,0,0,0,0,0,0,0,0,0,0,0,0,0,0,0,3,0,0,0,0,0,0,0,0,0,0,0,0,0,0,0,0,0,0,0,14,1,1,0,0,0,0,5,1,0,0,0,0,0,0,1,1,3,0,2,38,20
dchester,167f6639eaceb849c5c4f59a13ffa439fa7e2eee,0,27619.75,62951424.0,4,1,2,22,24,2,0,0,0,0,0,0,0,0,0,0,0,0,0,0,0,0,0,0,0,0,0,0,0,0,0,0,0,0,0,0,0,0,0,0,0,43,0,0,0,0,0,0,0,0,0,0,0,0,0,0,0,0,0,0,0,0,0,0,0,0,0,0,0,0,0,0,3,0,0,0,0,0,0,0,0,0,0,0,0,0,0,0,0,0,0,0,14,1,1,0,0,0,0,5,1,0,0,0,0,0,0,1,1,3,0,2,38,20
jsonpathly,167f6639eaceb849c5c4f59a13ffa439fa7e2eee,0,12466.9,56967168.0,4,1,2,22,24,2,0,0,0,0,0,0,0,0,0,0,0,0,0,0,0,0,0,0,0,0,0,0,0,0,0,0,0,0,0,0,0,0,0,0,0,43,0,0,0,0,0,0,0,0,0,0,0,0,0,0,0,0,0,0,0,0,0,0,0,0,0,0,0,0,0,0,3,0,0,0,0,0,0,0,0,0,0,0,0,0,0,0,0,0,0,0,14,1,1,0,0,0,0,5,1,0,0,0,0,0,0,1,1,3,0,2,38,20
rfc9535,167f6639eaceb849c5c4f59a13ffa439fa7e2eee,0,10401.0,57888768.0,4,1,2,22,24,2,0,0,0,0,0,0,0,0,0,0,0,0,0,0,0,0,0,0,0,0,0,0,0,0,0,0,0,0,0,0,0,0,0,0,0,43,0,0,0,0,0,0,0,0,0,0,0,0,0,0,0,0,0,0,0,0,0,0,0,0,0,0,0,0,0,0,3,0,0,0,0,0,0,0,0,0,0,0,0,0,0,0,0,0,0,0,14,1,1,0,0,0,0,5,1,0,0,0,0,0,0,1,1,3,0,2,38,20
p3,167f6639eaceb849c5c4f59a13ffa439fa7e2eee,0,7992.125,54999040.0,4,1,2,22,24,2,0,0,0,0,0,0,0,0,0,0,0,0,0,0,0,0,0,0,0,0,0,0,0,0,0,0,0,0,0,0,0,0,0,0,0,43,0,0,0,0,0,0,0,0,0,0,0,0,0,0,0,0,0,0,0,0,0,0,0,0,0,0,0,0,0,0,3,0,0,0,0,0,0,0,0,0,0,0,0,0,0,0,0,0,0,0,14,1,1,0,0,0,0,5,1,0,0,0,0,0,0,1,1,3,0,2,38,20
plus,698059ee6879a7761f5122234d61534ebe4c0cb5,0,2783.2,54257254.4,0,0,0,0,0,0,0,0,0,0,0,0,11,2,0,0,0,0,0,0,0,0,0,0,0,0,0,0,0,0,0,0,0,0,0,0,0,0,0,0,0,42,0,0,0,0,0,0,0,0,0,0,0,0,0,0,0,0,0,0,0,0,0,0,0,0,0,2,0,0,2,0,0,0,0,1,0,0,0,0,0,0,0,0,0,0,0,0,0,0,0,0,10,0,0,0,0,0,0,4,2,1,1,0,0,0,0,1,0,3,0,1,22,1
dchester,698059ee6879a7761f5122234d61534ebe4c0cb5,0,4786.125,59744256.0,0,0,0,0,0,0,0,0,0,0,0,0,11,2,0,0,0,0,0,0,0,0,0,0,0,0,0,0,0,0,0,0,0,0,0,0,0,0,0,0,0,42,0,0,0,0,0,0,0,0,0,0,0,0,0,0,0,0,0,0,0,0,0,0,0,0,0,2,0,0,2,0,0,0,0,1,0,0,0,0,0,0,0,0,0,0,0,0,0,0,0,0,10,0,0,0,0,0,0,4,2,1,1,0,0,0,0,1,0,3,0,1,22,1
jsonpathly,698059ee6879a7761f5122234d61534ebe4c0cb5,0,8570.9,56580505.6,0,0,0,0,0,0,0,0,0,0,0,0,11,2,0,0,0,0,0,0,0,0,0,0,0,0,0,0,0,0,0,0,0,0,0,0,0,0,0,0,0,42,0,0,0,0,0,0,0,0,0,0,0,0,0,0,0,0,0,0,0,0,0,0,0,0,0,2,0,0,2,0,0,0,0,1,0,0,0,0,0,0,0,0,0,0,0,0,0,0,0,0,10,0,0,0,0,0,0,4,2,1,1,0,0,0,0,1,0,3,0,1,22,1
rfc9535,698059ee6879a7761f5122234d61534ebe4c0cb5,0,5817.75,57686016.0,0,0,0,0,0,0,0,0,0,0,0,0,11,2,0,0,0,0,0,0,0,0,0,0,0,0,0,0,0,0,0,0,0,0,0,0,0,0,0,0,0,42,0,0,0,0,0,0,0,0,0,0,0,0,0,0,0,0,0,0,0,0,0,0,0,0,0,2,0,0,2,0,0,0,0,1,0,0,0,0,0,0,0,0,0,0,0,0,0,0,0,0,10,0,0,0,0,0,0,4,2,1,1,0,0,0,0,1,0,3,0,1,22,1
p3,698059ee6879a7761f5122234d61534ebe4c0cb5,0,1809.0,54575104.0,0,0,0,0,0,0,0,0,0,0,0,0,11,2,0,0,0,0,0,0,0,0,0,0,0,0,0,0,0,0,0,0,0,0,0,0,0,0,0,0,0,42,0,0,0,0,0,0,0,0,0,0,0,0,0,0,0,0,0,0,0,0,0,0,0,0,0,2,0,0,2,0,0,0,0,1,0,0,0,0,0,0,0,0,0,0,0,0,0,0,0,0,10,0,0,0,0,0,0,4,2,1,1,0,0,0,0,1,0,3,0,1,22,1
plus,a0f81846a8105ce999cc0432307b3f70eb0c3182,0,13609.3125,56553472.0,1,1,1,38,39,0,0,0,0,0,0,0,8,3,0,0,0,0,0,0,0,0,0,0,0,0,0,0,0,0,0,0,0,0,0,0,0,0,0,0,0,239,0,0,0,0,0,0,0,0,0,0,0,0,0,0,0,0,0,0,0,0,0,0,0,0,0,1,0,0,22,0,0,0,0,0,0,0,0,0,0,0,0,0,0,0,0,0,0,0,0,0,85,2,7,0,0,4,0,32,1,0,6,1,4,6,5,3,4,22,5,3,221,10
dchester,a0f81846a8105ce999cc0432307b3f70eb0c3182,0,17437.416666666668,61024938.666666664,1,1,1,38,39,0,0,0,0,0,0,0,8,3,0,0,0,0,0,0,0,0,0,0,0,0,0,0,0,0,0,0,0,0,0,0,0,0,0,0,0,239,0,0,0,0,0,0,0,0,0,0,0,0,0,0,0,0,0,0,0,0,0,0,0,0,0,1,0,0,22,0,0,0,0,0,0,0,0,0,0,0,0,0,0,0,0,0,0,0,0,0,85,2,7,0,0,4,0,32,1,0,6,1,4,6,5,3,4,22,5,3,221,10
jsonpathly,a0f81846a8105ce999cc0432307b3f70eb0c3182,0,21112.0625,57475072.0,1,1,1,38,39,0,0,0,0,0,0,0,8,3,0,0,0,0,0,0,0,0,0,0,0,0,0,0,0,0,0,0,0,0,0,0,0,0,0,0,0,239,0,0,0,0,0,0,0,0,0,0,0,0,0,0,0,0,0,0,0,0,0,0,0,0,0,1,0,0,22,0,0,0,0,0,0,0,0,0,0,0,0,0,0,0,0,0,0,0,0,0,85,2,7,0,0,4,0,32,1,0,6,1,4,6,5,3,4,22,5,3,221,10
rfc9535,a0f81846a8105ce999cc0432307b3f70eb0c3182,0,13645.75,58116096.0,1,1,1,38,39,0,0,0,0,0,0,0,8,3,0,0,0,0,0,0,0,0,0,0,0,0,0,0,0,0,0,0,0,0,0,0,0,0,0,0,0,239,0,0,0,0,0,0,0,0,0,0,0,0,0,0,0,0,0,0,0,0,0,0,0,0,0,1,0,0,22,0,0,0,0,0,0,0,0,0,0,0,0,0,0,0,0,0,0,0,0,0,85,2,7,0,0,4,0,32,1,0,6,1,4,6,5,3,4,22,5,3,221,10
p3,a0f81846a8105ce999cc0432307b3f70eb0c3182,0,22654.2,57491456.0,1,1,1,38,39,0,0,0,0,0,0,0,8,3,0,0,0,0,0,0,0,0,0,0,0,0,0,0,0,0,0,0,0,0,0,0,0,0,0,0,0,239,0,0,0,0,0,0,0,0,0,0,0,0,0,0,0,0,0,0,0,0,0,0,0,0,0,1,0,0,22,0,0,0,0,0,0,0,0,0,0,0,0,0,0,0,0,0,0,0,0,0,85,2,7,0,0,4,0,32,1,0,6,1,4,6,5,3,4,22,5,3,221,10
plus,6a9c09e8a5a092f7e72aabf779bc14b473562c5a,0,2764.0,54176426.666666664,1,0,1,49,50,0,0,0,0,0,0,2,50,33,0,0,0,0,0,0,0,0,0,0,0,0,0,0,0,0,0,0,0,0,0,0,0,0,0,0,0,241,0,0,0,0,0,0,0,0,0,0,0,0,0,0,0,0,0,0,0,0,0,0,0,0,0,5,0,0,20,0,1,0,0,2,0,0,0,0,0,0,0,0,0,0,0,0,0,0,0,0,85,3,10,1,5,5,7,29,7,2,2,0,0,0,3,2,6,17,7,4,258,3
dchester,6a9c09e8a5a092f7e72aabf779bc14b473562c5a,0,9362.125,60409856.0,1,0,1,49,50,0,0,0,0,0,0,2,50,33,0,0,0,0,0,0,0,0,0,0,0,0,0,0,0,0,0,0,0,0,0,0,0,0,0,0,0,241,0,0,0,0,0,0,0,0,0,0,0,0,0,0,0,0,0,0,0,0,0,0,0,0,0,5,0,0,20,0,1,0,0,2,0,0,0,0,0,0,0,0,0,0,0,0,0,0,0,0,85,3,10,1,5,5,7,29,7,2,2,0,0,0,3,2,6,17,7,4,258,3
jsonpathly,6a9c09e8a5a092f7e72aabf779bc14b473562c5a,0,9953.125,56616960.0,1,0,1,49,50,0,0,0,0,0,0,2,50,33,0,0,0,0,0,0,0,0,0,0,0,0,0,0,0,0,0,0,0,0,0,0,0,0,0,0,0,241,0,0,0,0,0,0,0,0,0,0,0,0,0,0,0,0,0,0,0,0,0,0,0,0,0,5,0,0,20,0,1,0,0,2,0,0,0,0,0,0,0,0,0,0,0,0,0,0,0,0,85,3,10,1,5,5,7,29,7,2,2,0,0,0,3,2,6,17,7,4,258,3
rfc9535,6a9c09e8a5a092f7e72aabf779bc14b473562c5a,0,7453.0,57724928.0,1,0,1,49,50,0,0,0,0,0,0,2,50,33,0,0,0,0,0,0,0,0,0,0,0,0,0,0,0,0,0,0,0,0,0,0,0,0,0,0,0,241,0,0,0,0,0,0,0,0,0,0,0,0,0,0,0,0,0,0,0,0,0,0,0,0,0,5,0,0,20,0,1,0,0,2,0,0,0,0,0,0,0,0,0,0,0,0,0,0,0,0,85,3,10,1,5,5,7,29,7,2,2,0,0,0,3,2,6,17,7,4,258,3
p3,6a9c09e8a5a092f7e72aabf779bc14b473562c5a,0,3635.375,54718464.0,1,0,1,49,50,0,0,0,0,0,0,2,50,33,0,0,0,0,0,0,0,0,0,0,0,0,0,0,0,0,0,0,0,0,0,0,0,0,0,0,0,241,0,0,0,0,0,0,0,0,0,0,0,0,0,0,0,0,0,0,0,0,0,0,0,0,0,5,0,0,20,0,1,0,0,2,0,0,0,0,0,0,0,0,0,0,0,0,0,0,0,0,85,3,10,1,5,5,7,29,7,2,2,0,0,0,3,2,6,17,7,4,258,3
plus,613d7aabe9b235b9d3f9b4f1cfd05f11562880af,0,12109.4375,56379392.0,7,1,2,66,68,2,3,10,11,3,5,6,15,14,8,6,1,7,3,0,0,0,0,0,0,0,0,10,2,1,1,1,2,1,1,1,1,1,0,1,1,211,1,0,0,0,1,0,1,0,0,0,0,0,0,0,0,0,0,0,0,0,0,0,0,0,0,1,0,0,23,0,6,0,0,1,0,0,0,0,0,0,0,0,0,0,0,0,0,0,0,0,83,1,11,1,1,3,1,28,3,1,5,1,2,3,4,2,1,15,10,3,232,98
dchester,613d7aabe9b235b9d3f9b4f1cfd05f11562880af,0,53291.6875,64933888.0,7,1,2,66,68,2,3,10,11,3,5,6,15,14,8,6,1,7,3,0,0,0,0,0,0,0,0,10,2,1,1,1,2,1,1,1,1,1,0,1,1,211,1,0,0,0,1,0,1,0,0,0,0,0,0,0,0,0,0,0,0,0,0,0,0,0,0,1,0,0,23,0,6,0,0,1,0,0,0,0,0,0,0,0,0,0,0,0,0,0,0,0,83,1,11,1,1,3,1,28,3,1,5,1,2,3,4,2,1,15,10,3,232,98
jsonpathly,613d7aabe9b235b9d3f9b4f1cfd05f11562880af,0,40829.1,57989529.6,7,1,2,66,68,2,3,10,11,3,5,6,15,14,8,6,1,7,3,0,0,0,0,0,0,0,0,10,2,1,1,1,2,1,1,1,1,1,0,1,1,211,1,0,0,0,1,0,1,0,0,0,0,0,0,0,0,0,0,0,0,0,0,0,0,0,0,1,0,0,23,0,6,0,0,1,0,0,0,0,0,0,0,0,0,0,0,0,0,0,0,0,83,1,11,1,1,3,1,28,3,1,5,1,2,3,4,2,1,15,10,3,232,98
rfc9535,613d7aabe9b235b9d3f9b4f1cfd05f11562880af,0,29784.833333333332,58944170.666666664,7,1,2,66,68,2,3,10,11,3,5,6,15,14,8,6,1,7,3,0,0,0,0,0,0,0,0,10,2,1,1,1,2,1,1,1,1,1,0,1,1,211,1,0,0,0,1,0,1,0,0,0,0,0,0,0,0,0,0,0,0,0,0,0,0,0,0,1,0,0,23,0,6,0,0,1,0,0,0,0,0,0,0,0,0,0,0,0,0,0,0,0,83,1,11,1,1,3,1,28,3,1,5,1,2,3,4,2,1,15,10,3,232,98
p3,613d7aabe9b235b9d3f9b4f1cfd05f11562880af,0,36539.0,59895808.0,7,1,2,66,68,2,3,10,11,3,5,6,15,14,8,6,1,7,3,0,0,0,0,0,0,0,0,10,2,1,1,1,2,1,1,1,1,1,0,1,1,211,1,0,0,0,1,0,1,0,0,0,0,0,0,0,0,0,0,0,0,0,0,0,0,0,0,1,0,0,23,0,6,0,0,1,0,0,0,0,0,0,0,0,0,0,0,0,0,0,0,0,83,1,11,1,1,3,1,28,3,1,5,1,2,3,4,2,1,15,10,3,232,98
plus,71dfb501cddca325428fb03df7954a0314cfa56f,0,10218.8125,55840768.0,6,3,1,198,199,3,2,20,22,11,11,14,90,57,11,8,2,12,2,9,2,6,27,2,7,5,2,16,3,0,0,0,0,0,0,0,0,0,0,0,0,728,0,0,0,0,0,0,0,0,0,0,0,0,0,0,0,0,0,0,0,0,0,0,0,0,0,7,0,0,41,0,3,0,0,5,0,0,0,0,0,0,0,0,0,0,0,0,0,0,0,0,333,10,34,11,36,46,65,123,13,5,14,3,10,11,13,7,20,82,24,14,957,159
dchester,71dfb501cddca325428fb03df7954a0314cfa56f,0,53819.5,65912832.0,6,3,1,198,199,3,2,20,22,11,11,14,90,57,11,8,2,12,2,9,2,6,27,2,7,5,2,16,3,0,0,0,0,0,0,0,0,0,0,0,0,728,0,0,0,0,0,0,0,0,0,0,0,0,0,0,0,0,0,0,0,0,0,0,0,0,0,7,0,0,41,0,3,0,0,5,0,0,0,0,0,0,0,0,0,0,0,0,0,0,0,0,333,10,34,11,36,46,65,123,13,5,14,3,10,11,13,7,20,82,24,14,957,159
jsonpathly,71dfb501cddca325428fb03df7954a0314cfa56f,0,36295.166666666664,58103125.333333336,6,3,1,198,199,3,2,20,22,11,11,14,90,57,11,8,2,12,2,9,2,6,27,2,7,5,2,16,3,0,0,0,0,0,0,0,0,0,0,0,0,728,0,0,0,0,0,0,0,0,0,0,0,0,0,0,0,0,0,0,0,0,0,0,0,0,0,7,0,0,41,0,3,0,0,5,0,0,0,0,0,0,0,0,0,0,0,0,0,0,0,0,333,10,34,11,36,46,65,123,13,5,14,3,10,11,13,7,20,82,24,14,957,159
rfc9535,71dfb501cddca325428fb03df7954a0314cfa56f,0,35572.8125,60356608.0,6,3,1,198,199,3,2,20,22,11,11,14,90,57,11,8,2,12,2,9,2,6,27,2,7,5,2,16,3,0,0,0,0,0,0,0,0,0,0,0,0,728,0,0,0,0,0,0,0,0,0,0,0,0,0,0,0,0,0,0,0,0,0,0,0,0,0,7,0,0,41,0,3,0,0,5,0,0,0,0,0,0,0,0,0,0,0,0,0,0,0,0,333,10,34,11,36,46,65,123,13,5,14,3,10,11,13,7,20,82,24,14,957,159
p3,71dfb501cddca325428fb03df7954a0314cfa56f,0,35444.416666666664,59260928.0,6,3,1,198,199,3,2,20,22,11,11,14,90,57,11,8,2,12,2,9,2,6,27,2,7,5,2,16,3,0,0,0,0,0,0,0,0,0,0,0,0,728,0,0,0,0,0,0,0,0,0,0,0,0,0,0,0,0,0,0,0,0,0,0,0,0,0,7,0,0,41,0,3,0,0,5,0,0,0,0,0,0,0,0,0,0,0,0,0,0,0,0,333,10,34,11,36,46,65,123,13,5,14,3,10,11,13,7,20,82,24,14,957,159
plus,d2f907c2df3dfa010fb5e709c58d89c06aadd4e7,0,2823.0,54299306.666666664,0,0,0,6,6,0,0,0,0,0,0,1,2,3,0,0,0,0,0,0,0,0,0,0,0,0,0,0,0,0,0,0,0,0,0,0,0,0,0,0,0,150,0,0,0,0,0,0,0,0,0,0,0,0,0,0,0,0,0,0,0,0,0,0,0,0,0,0,0,0,22,0,0,0,0,1,0,0,0,0,0,0,0,0,0,0,0,0,0,0,0,0,38,1,2,0,0,0,0,15,1,1,7,0,0,0,0,1,3,12,1,3,96,1
dchester,d2f907c2df3dfa010fb5e709c58d89c06aadd4e7,0,4694.416666666667,59913557.333333336,0,0,0,6,6,0,0,0,0,0,0,1,2,3,0,0,0,0,0,0,0,0,0,0,0,0,0,0,0,0,0,0,0,0,0,0,0,0,0,0,0,150,0,0,0,0,0,0,0,0,0,0,0,0,0,0,0,0,0,0,0,0,0,0,0,0,0,0,0,0,22,0,0,0,0,1,0,0,0,0,0,0,0,0,0,0,0,0,0,0,0,0,38,1,2,0,0,0,0,15,1,1,7,0,0,0,0,1,3,12,1,3,96,1
jsonpathly,d2f907c2df3dfa010fb5e709c58d89c06aadd4e7,0,8820.8,56544460.8,0,0,0,6,6,0,0,0,0,0,0,1,2,3,0,0,0,0,0,0,0,0,0,0,0,0,0,0,0,0,0,0,0,0,0,0,0,0,0,0,0,150,0,0,0,0,0,0,0,0,0,0,0,0,0,0,0,0,0,0,0,0,0,0,0,0,0,0,0,0,22,0,0,0,0,1,0,0,0,0,0,0,0,0,0,0,0,0,0,0,0,0,38,1,2,0,0,0,0,15,1,1,7,0,0,0,0,1,3,12,1,3,96,1
rfc9535,d2f907c2df3dfa010fb5e709c58d89c06aadd4e7,0,6065.0625,57696256.0,0,0,0,6,6,0,0,0,0,0,0,1,2,3,0,0,0,0,0,0,0,0,0,0,0,0,0,0,0,0,0,0,0,0,0,0,0,0,0,0,0,150,0,0,0,0,0,0,0,0,0,0,0,0,0,0,0,0,0,0,0,0,0,0,0,0,0,0,0,0,22,0,0,0,0,1,0,0,0,0,0,0,0,0,0,0,0,0,0,0,0,0,38,1,2,0,0,0,0,15,1,1,7,0,0,0,0,1,3,12,1,3,96,1
p3,d2f907c2df3dfa010fb5e709c58d89c06aadd4e7,0,1903.9,54519398.4,0,0,0,6,6,0,0,0,0,0,0,1,2,3,0,0,0,0,0,0,0,0,0,0,0,0,0,0,0,0,0,0,0,0,0,0,0,0,0,0,0,150,0,0,0,0,0,0,0,0,0,0,0,0,0,0,0,0,0,0,0,0,0,0,0,0,0,0,0,0,22,0,0,0,0,1,0,0,0,0,0,0,0,0,0,0,0,0,0,0,0,0,38,1,2,0,0,0,0,15,1,1,7,0,0,0,0,1,3,12,1,3,96,1
plus,76618b3482fc8e1ae28adfd569bf6c6bab027298,0,54895.875,56692736.0,5,1,2,25,27,2,1,8,9,4,4,7,51,32,5,3,1,2,1,0,0,0,0,0,0,0,0,1,2,0,0,0,0,0,0,0,0,0,0,0,0,134,0,0,0,0,0,0,0,0,0,0,0,0,0,0,0,0,0,0,0,0,0,0,0,0,0,4,0,0,4,0,4,0,0,4,0,0,0,0,0,0,0,0,0,0,0,0,0,0,0,0,63,0,0,0,0,0,0,29,8,4,4,0,0,0,4,2,0,27,0,3,158,77
dchester,76618b3482fc8e1ae28adfd569bf6c6bab027298,0,65869.07142857143,65030436.571428575,5,1,2,25,27,2,1,8,9,4,4,7,51,32,5,3,1,2,1,0,0,0,0,0,0,0,0,1,2,0,0,0,0,0,0,0,0,0,0,0,0,134,0,0,0,0,0,0,0,0,0,0,0,0,0,0,0,0,0,0,0,0,0,0,0,0,0,4,0,0,4,0,4,0,0,4,0,0,0,0,0,0,0,0,0,0,0,0,0,0,0,0,63,0,0,0,0,0,0,29,8,4,4,0,0,0,4,2,0,27,0,3,158,77
jsonpathly,76618b3482fc8e1ae28adfd569bf6c6bab027298,0,30958.375,58281984.0,5,1,2,25,27,2,1,8,9,4,4,7,51,32,5,3,1,2,1,0,0,0,0,0,0,0,0,1,2,0,0,0,0,0,0,0,0,0,0,0,0,134,0,0,0,0,0,0,0,0,0,0,0,0,0,0,0,0,0,0,0,0,0,0,0,0,0,4,0,0,4,0,4,0,0,4,0,0,0,0,0,0,0,0,0,0,0,0,0,0,0,0,63,0,0,0,0,0,0,29,8,4,4,0,0,0,4,2,0,27,0,3,158,77
rfc9535,76618b3482fc8e1ae28adfd569bf6c6bab027298,0,25583.375,58470400.0,5,1,2,25,27,2,1,8,9,4,4,7,51,32,5,3,1,2,1,0,0,0,0,0,0,0,0,1,2,0,0,0,0,0,0,0,0,0,0,0,0,134,0,0,0,0,0,0,0,0,0,0,0,0,0,0,0,0,0,0,0,0,0,0,0,0,0,4,0,0,4,0,4,0,0,4,0,0,0,0,0,0,0,0,0,0,0,0,0,0,0,0,63,0,0,0,0,0,0,29,8,4,4,0,0,0,4,2,0,27,0,3,158,77
p3,76618b3482fc8e1ae28adfd569bf6c6bab027298,0,32341.125,58478592.0,5,1,2,25,27,2,1,8,9,4,4,7,51,32,5,3,1,2,1,0,0,0,0,0,0,0,0,1,2,0,0,0,0,0,0,0,0,0,0,0,0,134,0,0,0,0,0,0,0,0,0,0,0,0,0,0,0,0,0,0,0,0,0,0,0,0,0,4,0,0,4,0,4,0,0,4,0,0,0,0,0,0,0,0,0,0,0,0,0,0,0,0,63,0,0,0,0,0,0,29,8,4,4,0,0,0,4,2,0,27,0,3,158,77
plus,bc5b28f9f3cdf9f6531a132caff0e2e078d840ee,0,nan,nan,3,0,55,300,355,0,3,0,0,99,99,63,148,130,50,25,5,23,16,3,0,2,7,0,3,1,2,33,25,3,10,14,3,0,3,3,6,34,0,0,0,285,0,0,0,0,0,0,0,34,68,0,68,0,0,0,0,0,28,3,0,0,0,0,0,204,68,0,0,0,0,0,3,99,105,0,0,0,0,0,0,0,0,0,0,0,0,0,0,0,0,0,4,0,0,0,0,0,0,1,0,0,0,0,0,0,0,1,0,0,0,1,6,1640
dchester,bc5b28f9f3cdf9f6531a132caff0e2e078d840ee,0,nan,nan,3,0,55,300,355,0,3,0,0,99,99,63,148,130,50,25,5,23,16,3,0,2,7,0,3,1,2,33,25,3,10,14,3,0,3,3,6,34,0,0,0,285,0,0,0,0,0,0,0,34,68,0,68,0,0,0,0,0,28,3,0,0,0,0,0,204,68,0,0,0,0,0,3,99,105,0,0,0,0,0,0,0,0,0,0,0,0,0,0,0,0,0,4,0,0,0,0,0,0,1,0,0,0,0,0,0,0,1,0,0,0,1,6,1640
jsonpathly,bc5b28f9f3cdf9f6531a132caff0e2e078d840ee,0,237906.375,75300864.0,3,0,55,300,355,0,3,0,0,99,99,63,148,130,50,25,5,23,16,3,0,2,7,0,3,1,2,33,25,3,10,14,3,0,3,3,6,34,0,0,0,285,0,0,0,0,0,0,0,34,68,0,68,0,0,0,0,0,28,3,0,0,0,0,0,204,68,0,0,0,0,0,3,99,105,0,0,0,0,0,0,0,0,0,0,0,0,0,0,0,0,0,4,0,0,0,0,0,0,1,0,0,0,0,0,0,0,1,0,0,0,1,6,1640
rfc9535,bc5b28f9f3cdf9f6531a132caff0e2e078d840ee,0,151095.14285714287,71310189.71428572,3,0,55,300,355,0,3,0,0,99,99,63,148,130,50,25,5,23,16,3,0,2,7,0,3,1,2,33,25,3,10,14,3,0,3,3,6,34,0,0,0,285,0,0,0,0,0,0,0,34,68,0,68,0,0,0,0,0,28,3,0,0,0,0,0,204,68,0,0,0,0,0,3,99,105,0,0,0,0,0,0,0,0,0,0,0,0,0,0,0,0,0,4,0,0,0,0,0,0,1,0,0,0,0,0,0,0,1,0,0,0,1,6,1640
p3,bc5b28f9f3cdf9f6531a132caff0e2e078d840ee,0,143078.0,69822464.0,3,0,55,300,355,0,3,0,0,99,99,63,148,130,50,25,5,23,16,3,0,2,7,0,3,1,2,33,25,3,10,14,3,0,3,3,6,34,0,0,0,285,0,0,0,0,0,0,0,34,68,0,68,0,0,0,0,0,28,3,0,0,0,0,0,204,68,0,0,0,0,0,3,99,105,0,0,0,0,0,0,0,0,0,0,0,0,0,0,0,0,0,4,0,0,0,0,0,0,1,0,0,0,0,0,0,0,1,0,0,0,1,6,1640
plus,345888057fe5f37100c271d4bc75f28c6fd37321,0,nan,nan,3,0,55,362,417,0,3,0,0,86,86,54,106,110,57,30,9,36,12,1,1,2,4,1,0,0,0,55,27,3,10,12,3,0,3,3,8,33,0,0,0,339,0,0,0,0,0,0,0,33,66,0,66,0,0,0,0,0,25,5,0,0,0,0,0,198,66,0,0,0,0,0,3,86,112,0,0,0,0,0,0,0,0,0,0,0,0,0,0,0,0,0,4,0,0,0,0,0,0,1,0,0,0,0,0,0,0,1,0,0,0,1,6,1713
dchester,345888057fe5f37100c271d4bc75f28c6fd37321,0,nan,nan,3,0,55,362,417,0,3,0,0,86,86,54,106,110,57,30,9,36,12,1,1,2,4,1,0,0,0,55,27,3,10,12,3,0,3,3,8,33,0,0,0,339,0,0,0,0,0,0,0,33,66,0,66,0,0,0,0,0,25,5,0,0,0,0,0,198,66,0,0,0,0,0,3,86,112,0,0,0,0,0,0,0,0,0,0,0,0,0,0,0,0,0,4,0,0,0,0,0,0,1,0,0,0,0,0,0,0,1,0,0,0,1,6,1713
jsonpathly,345888057fe5f37100c271d4bc75f28c6fd37321,0,244820.8,74072064.0,3,0,55,362,417,0,3,0,0,86,86,54,106,110,57,30,9,36,12,1,1,2,4,1,0,0,0,55,27,3,10,12,3,0,3,3,8,33,0,0,0,339,0,0,0,0,0,0,0,33,66,0,66,0,0,0,0,0,25,5,0,0,0,0,0,198,66,0,0,0,0,0,3,86,112,0,0,0,0,0,0,0,0,0,0,0,0,0,0,0,0,0,4,0,0,0,0,0,0,1,0,0,0,0,0,0,0,1,0,0,0,1,6,1713
rfc9535,345888057fe5f37100c271d4bc75f28c6fd37321,0,151401.125,71229440.0,3,0,55,362,417,0,3,0,0,86,86,54,106,110,57,30,9,36,12,1,1,2,4,1,0,0,0,55,27,3,10,12,3,0,3,3,8,33,0,0,0,339,0,0,0,0,0,0,0,33,66,0,66,0,0,0,0,0,25,5,0,0,0,0,0,198,66,0,0,0,0,0,3,86,112,0,0,0,0,0,0,0,0,0,0,0,0,0,0,0,0,0,4,0,0,0,0,0,0,1,0,0,0,0,0,0,0,1,0,0,0,1,6,1713
p3,345888057fe5f37100c271d4bc75f28c6fd37321,0,127632.0,69752149.33333333,3,0,55,362,417,0,3,0,0,86,86,54,106,110,57,30,9,36,12,1,1,2,4,1,0,0,0,55,27,3,10,12,3,0,3,3,8,33,0,0,0,339,0,0,0,0,0,0,0,33,66,0,66,0,0,0,0,0,25,5,0,0,0,0,0,198,66,0,0,0,0,0,3,86,112,0,0,0,0,0,0,0,0,0,0,0,0,0,0,0,0,0,4,0,0,0,0,0,0,1,0,0,0,0,0,0,0,1,0,0,0,1,6,1713
plus,6982045b530a1c1aa9f4c2e7989aec87bb88e1bc,0,nan,nan,3,0,47,280,327,0,3,0,0,93,93,62,193,146,46,28,5,15,12,3,3,6,12,3,0,0,0,17,18,5,17,24,3,0,3,3,9,31,0,0,0,381,0,0,0,0,0,0,0,31,62,0,62,0,0,0,0,0,22,6,0,0,0,0,0,186,62,0,0,0,0,0,3,93,93,0,0,0,0,0,0,0,0,0,0,0,0,0,0,0,0,0,4,0,0,0,0,0,0,1,0,0,0,0,0,0,0,1,0,0,0,1,7,1704
dchester,6982045b530a1c1aa9f4c2e7989aec87bb88e1bc,0,nan,nan,3,0,47,280,327,0,3,0,0,93,93,62,193,146,46,28,5,15,12,3,3,6,12,3,0,0,0,17,18,5,17,24,3,0,3,3,9,31,0,0,0,381,0,0,0,0,0,0,0,31,62,0,62,0,0,0,0,0,22,6,0,0,0,0,0,186,62,0,0,0,0,0,3,93,93,0,0,0,0,0,0,0,0,0,0,0,0,0,0,0,0,0,4,0,0,0,0,0,0,1,0,0,0,0,0,0,0,1,0,0,0,1,7,1704
jsonpathly,6982045b530a1c1aa9f4c2e7989aec87bb88e1bc,0,265851.5625,72968192.0,3,0,47,280,327,0,3,0,0,93,93,62,193,146,46,28,5,15,12,3,3,6,12,3,0,0,0,17,18,5,17,24,3,0,3,3,9,31,0,0,0,381,0,0,0,0,0,0,0,31,62,0,62,0,0,0,0,0,22,6,0,0,0,0,0,186,62,0,0,0,0,0,3,93,93,0,0,0,0,0,0,0,0,0,0,0,0,0,0,0,0,0,4,0,0,0,0,0,0,1,0,0,0,0,0,0,0,1,0,0,0,1,7,1704
rfc9535,6982045b530a1c1aa9f4c2e7989aec87bb88e1bc,0,148225.0,71004979.2,3,0,47,280,327,0,3,0,0,93,93,62,193,146,46,28,5,15,12,3,3,6,12,3,0,0,0,17,18,5,17,24,3,0,3,3,9,31,0,0,0,381,0,0,0,0,0,0,0,31,62,0,62,0,0,0,0,0,22,6,0,0,0,0,0,186,62,0,0,0,0,0,3,93,93,0,0,0,0,0,0,0,0,0,0,0,0,0,0,0,0,0,4,0,0,0,0,0,0,1,0,0,0,0,0,0,0,1,0,0,0,1,7,1704
p3,6982045b530a1c1aa9f4c2e7989aec87bb88e1bc,0,114889.0,67556693.33333333,3,0,47,280,327,0,3,0,0,93,93,62,193,146,46,28,5,15,12,3,3,6,12,3,0,0,0,17,18,5,17,24,3,0,3,3,9,31,0,0,0,381,0,0,0,0,0,0,0,31,62,0,62,0,0,0,0,0,22,6,0,0,0,0,0,186,62,0,0,0,0,0,3,93,93,0,0,0,0,0,0,0,0,0,0,0,0,0,0,0,0,0,4,0,0,0,0,0,0,1,0,0,0,0,0,0,0,1,0,0,0,1,7,1704
plus,43c0d6fd27259c71d126316a28971769fdfded6f,0,nan,nan,3,0,48,369,417,0,3,0,0,98,98,69,202,168,53,24,6,19,17,4,1,5,10,1,3,0,3,25,29,7,25,43,3,0,3,3,5,22,0,0,0,217,0,0,0,0,0,0,0,22,44,0,44,0,0,0,0,0,17,2,0,0,0,0,0,199,44,0,0,0,0,0,3,98,101,0,0,0,0,0,0,0,0,0,0,0,0,0,0,0,0,0,4,0,0,0,0,0,0,1,0,0,0,0,0,0,0,1,0,0,0,1,6,1666
dchester,43c0d6fd27259c71d126316a28971769fdfded6f,0,nan,nan,3,0,48,369,417,0,3,0,0,98,98,69,202,168,53,24,6,19,17,4,1,5,10,1,3,0,3,25,29,7,25,43,3,0,3,3,5,22,0,0,0,217,0,0,0,0,0,0,0,22,44,0,44,0,0,0,0,0,17,2,0,0,0,0,0,199,44,0,0,0,0,0,3,98,101,0,0,0,0,0,0,0,0,0,0,0,0,0,0,0,0,0,4,0,0,0,0,0,0,1,0,0,0,0,0,0,0,1,0,0,0,1,6,1666
jsonpathly,43c0d6fd27259c71d126316a28971769fdfded6f,0,231514.16666666666,71527082.66666667,3,0,48,369,417,0,3,0,0,98,98,69,202,168,53,24,6,19,17,4,1,5,10,1,3,0,3,25,29,7,25,43,3,0,3,3,5,22,0,0,0,217,0,0,0,0,0,0,0,22,44,0,44,0,0,0,0,0,17,2,0,0,0,0,0,199,44,0,0,0,0,0,3,98,101,0,0,0,0,0,0,0,0,0,0,0,0,0,0,0,0,0,4,0,0,0,0,0,0,1,0,0,0,0,0,0,0,1,0,0,0,1,6,1666
rfc9535,43c0d6fd27259c71d126316a28971769fdfded6f,0,139927.125,68505600.0,3,0,48,369,417,0,3,0,0,98,98,69,202,168,53,24,6,19,17,4,1,5,10,1,3,0,3,25,29,7,25,43,3,0,3,3,5,22,0,0,0,217,0,0,0,0,0,0,0,22,44,0,44,0,0,0,0,0,17,2,0,0,0,0,0,199,44,0,0,0,0,0,3,98,101,0,0,0,0,0,0,0,0,0,0,0,0,0,0,0,0,0,4,0,0,0,0,0,0,1,0,0,0,0,0,0,0,1,0,0,0,1,6,1666
p3,43c0d6fd27259c71d126316a28971769fdfded6f,0,131715.33333333334,68730880.0,3,0,48,369,417,0,3,0,0,98,98,69,202,168,53,24,6,19,17,4,1,5,10,1,3,0,3,25,29,7,25,43,3,0,3,3,5,22,0,0,0,217,0,0,0,0,0,0,0,22,44,0,44,0,0,0,0,0,17,2,0,0,0,0,0,199,44,0,0,0,0,0,3,98,101,0,0,0,0,0,0,0,0,0,0,0,0,0,0,0,0,0,4,0,0,0,0,0,0,1,0,0,0,0,0,0,0,1,0,0,0,1,6,1666
plus,b171459362d034c19a8dbc26bb905781b6630a97,0,nan,nan,3,0,49,330,379,0,3,0,0,128,128,95,220,207,56,36,8,26,10,1,0,1,2,0,1,0,1,32,20,4,15,28,3,0,3,3,7,26,0,0,0,321,0,0,0,0,0,0,0,26,52,0,52,0,0,0,0,0,19,4,0,0,0,0,0,233,52,0,0,0,0,0,3,128,105,0,0,0,0,0,0,0,0,0,0,0,0,0,0,0,0,0,4,0,0,0,0,0,0,1,0,0,0,0,0,0,0,1,0,0,0,1,6,1856
dchester,b171459362d034c19a8dbc26bb905781b6630a97,0,nan,nan,3,0,49,330,379,0,3,0,0,128,128,95,220,207,56,36,8,26,10,1,0,1,2,0,1,0,1,32,20,4,15,28,3,0,3,3,7,26,0,0,0,321,0,0,0,0,0,0,0,26,52,0,52,0,0,0,0,0,19,4,0,0,0,0,0,233,52,0,0,0,0,0,3,128,105,0,0,0,0,0,0,0,0,0,0,0,0,0,0,0,0,0,4,0,0,0,0,0,0,1,0,0,0,0,0,0,0,1,0,0,0,1,6,1856
jsonpathly,b171459362d034c19a8dbc26bb905781b6630a97,0,262722.3333333333,71286784.0,3,0,49,330,379,0,3,0,0,128,128,95,220,207,56,36,8,26,10,1,0,1,2,0,1,0,1,32,20,4,15,28,3,0,3,3,7,26,0,0,0,321,0,0,0,0,0,0,0,26,52,0,52,0,0,0,0,0,19,4,0,0,0,0,0,233,52,0,0,0,0,0,3,128,105,0,0,0,0,0,0,0,0,0,0,0,0,0,0,0,0,0,4,0,0,0,0,0,0,1,0,0,0,0,0,0,0,1,0,0,0,1,6,1856
rfc9535,b171459362d034c19a8dbc26bb905781b6630a97,0,151489.625,68116480.0,3,0,49,330,379,0,3,0,0,128,128,95,220,207,56,36,8,26,10,1,0,1,2,0,1,0,1,32,20,4,15,28,3,0,3,3,7,26,0,0,0,321,0,0,0,0,0,0,0,26,52,0,52,0,0,0,0,0,19,4,0,0,0,0,0,233,52,0,0,0,0,0,3,128,105,0,0,0,0,0,0,0,0,0,0,0,0,0,0,0,0,0,4,0,0,0,0,0,0,1,0,0,0,0,0,0,0,1,0,0,0,1,6,1856
p3,b171459362d034c19a8dbc26bb905781b6630a97,0,126843.75,68227072.0,3,0,49,330,379,0,3,0,0,128,128,95,220,207,56,36,8,26,10,1,0,1,2,0,1,0,1,32,20,4,15,28,3,0,3,3,7,26,0,0,0,321,0,0,0,0,0,0,0,26,52,0,52,0,0,0,0,0,19,4,0,0,0,0,0,233,52,0,0,0,0,0,3,128,105,0,0,0,0,0,0,0,0,0,0,0,0,0,0,0,0,0,4,0,0,0,0,0,0,1,0,0,0,0,0,0,0,1,0,0,0,1,6,1856
plus,2877a325832f477090092f51d0a712f8dc5fe06e,0,nan,nan,1,0,48,321,369,0,1,0,0,88,88,60,210,171,51,30,6,23,21,1,1,2,4,1,0,0,0,35,21,8,36,50,1,0,1,1,3,21,0,0,0,231,0,0,0,0,0,0,0,21,42,0,42,0,0,0,0,0,18,2,0,0,0,0,0,187,42,0,0,0,0,0,1,88,99,0,0,0,0,0,0,0,0,0,0,0,0,0,0,0,0,0,4,0,0,0,0,0,0,1,0,0,0,0,0,0,0,1,0,0,0,1,6,1593
dchester,2877a325832f477090092f51d0a712f8dc5fe06e,0,nan,nan,1,0,48,321,369,0,1,0,0,88,88,60,210,171,51,30,6,23,21,1,1,2,4,1,0,0,0,35,21,8,36,50,1,0,1,1,3,21,0,0,0,231,0,0,0,0,0,0,0,21,42,0,42,0,0,0,0,0,18,2,0,0,0,0,0,187,42,0,0,0,0,0,1,88,99,0,0,0,0,0,0,0,0,0,0,0,0,0,0,0,0,0,4,0,0,0,0,0,0,1,0,0,0,0,0,0,0,1,0,0,0,1,6,1593
jsonpathly,2877a325832f477090092f51d0a712f8dc5fe06e,0,218923.5,71461546.66666667,1,0,48,321,369,0,1,0,0,88,88,60,210,171,51,30,6,23,21,1,1,2,4,1,0,0,0,35,21,8,36,50,1,0,1,1,3,21,0,0,0,231,0,0,0,0,0,0,0,21,42,0,42,0,0,0,0,0,18,2,0,0,0,0,0,187,42,0,0,0,0,0,1,88,99,0,0,0,0,0,0,0,0,0,0,0,0,0,0,0,0,0,4,0,0,0,0,0,0,1,0,0,0,0,0,0,0,1,0,0,0,1,6,1593
rfc9535,2877a325832f477090092f51d0a712f8dc5fe06e,0,137428.64285714287,68487460.57142857,1,0,48,321,369,0,1,0,0,88,88,60,210,171,51,30,6,23,21,1,1,2,4,1,0,0,0,35,21,8,36,50,1,0,1,1,3,21,0,0,0,231,0,0,0,0,0,0,0,21,42,0,42,0,0,0,0,0,18,2,0,0,0,0,0,187,42,0,0,0,0,0,1,88,99,0,0,0,0,0,0,0,0,0,0,0,0,0,0,0,0,0,4,0,0,0,0,0,0,1,0,0,0,0,0,0,0,1,0,0,0,1,6,1593
p3,2877a325832f477090092f51d0a712f8dc5fe06e,0,117104.25,66883584.0,1,0,48,321,369,0,1,0,0,88,88,60,210,171,51,30,6,23,21,1,1,2,4,1,0,0,0,35,21,8,36,50,1,0,1,1,3,21,0,0,0,231,0,0,0,0,0,0,0,21,42,0,42,0,0,0,0,0,18,2,0,0,0,0,0,187,42,0,0,0,0,0,1,88,99,0,0,0,0,0,0,0,0,0,0,0,0,0,0,0,0,0,4,0,0,0,0,0,0,1,0,0,0,0,0,0,0,1,0,0,0,1,6,1593
plus,c5cfc998984eb87fba06a80853872398cdc92c3c,0,nan,nan,1,0,61,400,461,0,1,0,0,117,117,77,177,165,71,38,3,16,8,0,0,0,0,0,0,0,0,24,33,5,12,21,1,0,1,1,5,18,0,0,0,167,0,0,0,0,0,0,0,18,36,0,36,0,0,0,0,0,13,4,0,0,0,0,0,249,36,0,0,0,0,0,1,117,132,0,0,0,0,0,0,0,0,0,0,0,0,0,0,0,0,0,4,0,0,0,0,0,0,1,0,0,0,0,0,0,0,1,0,0,0,1,6,1693
dchester,c5cfc998984eb87fba06a80853872398cdc92c3c,0,nan,nan,1,0,61,400,461,0,1,0,0,117,117,77,177,165,71,38,3,16,8,0,0,0,0,0,0,0,0,24,33,5,12,21,1,0,1,1,5,18,0,0,0,167,0,0,0,0,0,0,0,18,36,0,36,0,0,0,0,0,13,4,0,0,0,0,0,249,36,0,0,0,0,0,1,117,132,0,0,0,0,0,0,0,0,0,0,0,0,0,0,0,0,0,4,0,0,0,0,0,0,1,0,0,0,0,0,0,0,1,0,0,0,1,6,1693
jsonpathly,c5cfc998984eb87fba06a80853872398cdc92c3c,0,247749.91666666666,71270400.0,1,0,61,400,461,0,1,0,0,117,117,77,177,165,71,38,3,16,8,0,0,0,0,0,0,0,0,24,33,5,12,21,1,0,1,1,5,18,0,0,0,167,0,0,0,0,0,0,0,18,36,0,36,0,0,0,0,0,13,4,0,0,0,0,0,249,36,0,0,0,0,0,1,117,132,0,0,0,0,0,0,0,0,0,0,0,0,0,0,0,0,0,4,0,0,0,0,0,0,1,0,0,0,0,0,0,0,1,0,0,0,1,6,1693
rfc9535,c5cfc998984eb87fba06a80853872398cdc92c3c,0,135671.875,67964928.0,1,0,61,400,461,0,1,0,0,117,117,77,177,165,71,38,3,16,8,0,0,0,0,0,0,0,0,24,33,5,12,21,1,0,1,1,5,18,0,0,0,167,0,0,0,0,0,0,0,18,36,0,36,0,0,0,0,0,13,4,0,0,0,0,0,249,36,0,0,0,0,0,1,117,132,0,0,0,0,0,0,0,0,0,0,0,0,0,0,0,0,0,4,0,0,0,0,0,0,1,0,0,0,0,0,0,0,1,0,0,0,1,6,1693
p3,c5cfc998984eb87fba06a80853872398cdc92c3c,0,147592.42857142858,68681728.0,1,0,61,400,461,0,1,0,0,117,117,77,177,165,71,38,3,16,8,0,0,0,0,0,0,0,0,24,33,5,12,21,1,0,1,1,5,18,0,0,0,167,0,0,0,0,0,0,0,18,36,0,36,0,0,0,0,0,13,4,0,0,0,0,0,249,36,0,0,0,0,0,1,117,132,0,0,0,0,0,0,0,0,0,0,0,0,0,0,0,0,0,4,0,0,0,0,0,0,1,0,0,0,0,0,0,0,1,0,0,0,1,6,1693
plus,beba0dcba8e22f301b88ab45c92662bc9975b6f9,0,nan,nan,4,0,66,453,519,0,4,0,0,140,140,93,273,236,72,41,11,39,24,0,0,0,0,0,0,0,0,60,31,9,28,31,4,0,4,4,10,20,0,0,0,216,0,0,0,0,0,0,0,20,40,0,40,0,0,0,0,0,10,6,0,0,0,0,0,278,40,0,0,0,0,0,4,140,138,0,0,0,0,0,0,0,0,0,0,0,0,0,0,0,0,0,4,0,0,0,0,0,0,1,0,0,0,0,0,0,0,1,0,0,0,1,7,2063
dchester,beba0dcba8e22f301b88ab45c92662bc9975b6f9,0,nan,nan,4,0,66,453,519,0,4,0,0,140,140,93,273,236,72,41,11,39,24,0,0,0,0,0,0,0,0,60,31,9,28,31,4,0,4,4,10,20,0,0,0,216,0,0,0,0,0,0,0,20,40,0,40,0,0,0,0,0,10,6,0,0,0,0,0,278,40,0,0,0,0,0,4,140,138,0,0,0,0,0,0,0,0,0,0,0,0,0,0,0,0,0,4,0,0,0,0,0,0,1,0,0,0,0,0,0,0,1,0,0,0,1,7,2063
jsonpathly,beba0dcba8e22f301b88ab45c92662bc9975b6f9,0,300673.6666666667,71966720.0,4,0,66,453,519,0,4,0,0,140,140,93,273,236,72,41,11,39,24,0,0,0,0,0,0,0,0,60,31,9,28,31,4,0,4,4,10,20,0,0,0,216,0,0,0,0,0,0,0,20,40,0,40,0,0,0,0,0,10,6,0,0,0,0,0,278,40,0,0,0,0,0,4,140,138,0,0,0,0,0,0,0,0,0,0,0,0,0,0,0,0,0,4,0,0,0,0,0,0,1,0,0,0,0,0,0,0,1,0,0,0,1,7,2063
rfc9535,beba0dcba8e22f301b88ab45c92662bc9975b6f9,0,157567.75,68382720.0,4,0,66,453,519,0,4,0,0,140,140,93,273,236,72,41,11,39,24,0,0,0,0,0,0,0,0,60,31,9,28,31,4,0,4,4,10,20,0,0,0,216,0,0,0,0,0,0,0,20,40,0,40,0,0,0,0,0,10,6,0,0,0,0,0,278,40,0,0,0,0,0,4,140,138,0,0,0,0,0,0,0,0,0,0,0,0,0,0,0,0,0,4,0,0,0,0,0,0,1,0,0,0,0,0,0,0,1,0,0,0,1,7,2063
p3,beba0dcba8e22f301b88ab45c92662bc9975b6f9,0,149229.0,68192938.66666667,4,0,66,453,519,0,4,0,0,140,140,93,273,236,72,41,11,39,24,0,0,0,0,0,0,0,0,60,31,9,28,31,4,0,4,4,10,20,0,0,0,216,0,0,0,0,0,0,0,20,40,0,40,0,0,0,0,0,10,6,0,0,0,0,0,278,40,0,0,0,0,0,4,140,138,0,0,0,0,0,0,0,0,0,0,0,0,0,0,0,0,0,4,0,0,0,0,0,0,1,0,0,0,0,0,0,0,1,0,0,0,1,7,2063
plus,9b67f375bab2b7469138554cb0fe65b522b9e25c,0,nan,nan,2,0,52,377,429,0,2,0,0,97,97,68,250,206,58,24,9,30,20,2,2,4,8,2,0,0,0,49,34,8,21,40,2,0,2,2,6,15,0,0,0,159,0,0,0,0,0,0,0,15,30,0,30,0,0,0,0,0,9,4,0,0,0,0,0,207,30,0,0,0,0,0,2,97,110,0,0,0,0,0,0,0,0,0,0,0,0,0,0,0,0,0,4,0,0,0,0,0,0,1,0,0,0,0,0,0,0,1,0,0,0,1,6,1639
dchester,9b67f375bab2b7469138554cb0fe65b522b9e25c,0,nan,nan,2,0,52,377,429,0,2,0,0,97,97,68,250,206,58,24,9,30,20,2,2,4,8,2,0,0,0,49,34,8,21,40,2,0,2,2,6,15,0,0,0,159,0,0,0,0,0,0,0,15,30,0,30,0,0,0,0,0,9,4,0,0,0,0,0,207,30,0,0,0,0,0,2,97,110,0,0,0,0,0,0,0,0,0,0,0,0,0,0,0,0,0,4,0,0,0,0,0,0,1,0,0,0,0,0,0,0,1,0,0,0,1,6,1639
jsonpathly,9b67f375bab2b7469138554cb0fe65b522b9e25c,0,243348.2142857143,71127625.14285715,2,0,52,377,429,0,2,0,0,97,97,68,250,206,58,24,9,30,20,2,2,4,8,2,0,0,0,49,34,8,21,40,2,0,2,2,6,15,0,0,0,159,0,0,0,0,0,0,0,15,30,0,30,0,0,0,0,0,9,4,0,0,0,0,0,207,30,0,0,0,0,0,2,97,110,0,0,0,0,0,0,0,0,0,0,0,0,0,0,0,0,0,4,0,0,0,0,0,0,1,0,0,0,0,0,0,0,1,0,0,0,1,6,1639
rfc9535,9b67f375bab2b7469138554cb0fe65b522b9e25c,0,135430.66666666666,68856490.66666667,2,0,52,377,429,0,2,0,0,97,97,68,250,206,58,24,9,30,20,2,2,4,8,2,0,0,0,49,34,8,21,40,2,0,2,2,6,15,0,0,0,159,0,0,0,0,0,0,0,15,30,0,30,0,0,0,0,0,9,4,0,0,0,0,0,207,30,0,0,0,0,0,2,97,110,0,0,0,0,0,0,0,0,0,0,0,0,0,0,0,0,0,4,0,0,0,0,0,0,1,0,0,0,0,0,0,0,1,0,0,0,1,6,1639
p3,9b67f375bab2b7469138554cb0fe65b522b9e25c,0,135387.6,67164569.6,2,0,52,377,429,0,2,0,0,97,97,68,250,206,58,24,9,30,20,2,2,4,8,2,0,0,0,49,34,8,21,40,2,0,2,2,6,15,0,0,0,159,0,0,0,0,0,0,0,15,30,0,30,0,0,0,0,0,9,4,0,0,0,0,0,207,30,0,0,0,0,0,2,97,110,0,0,0,0,0,0,0,0,0,0,0,0,0,0,0,0,0,4,0,0,0,0,0,0,1,0,0,0,0,0,0,0,1,0,0,0,1,6,1639
plus,4b0e01da402eb8b928ce177ebc9c272983489731,0,2820.8,54201548.8,0,0,0,2,2,0,0,0,0,0,0,0,0,0,0,0,0,0,0,0,0,0,0,0,0,0,0,0,0,0,0,0,0,0,0,0,0,0,0,0,0,14,0,0,0,0,0,0,0,0,0,0,0,0,0,0,0,0,0,0,0,0,0,0,0,0,0,0,0,0,0,0,0,0,0,0,0,0,0,0,0,0,0,0,0,0,0,0,0,0,0,0,6,1,1,0,0,0,0,1,0,0,0,0,0,0,0,0,0,0,0,1,11,1
dchester,4b0e01da402eb8b928ce177ebc9c272983489731,0,4731.75,59891712.0,0,0,0,2,2,0,0,0,0,0,0,0,0,0,0,0,0,0,0,0,0,0,0,0,0,0,0,0,0,0,0,0,0,0,0,0,0,0,0,0,0,14,0,0,0,0,0,0,0,0,0,0,0,0,0,0,0,0,0,0,0,0,0,0,0,0,0,0,0,0,0,0,0,0,0,0,0,0,0,0,0,0,0,0,0,0,0,0,0,0,0,0,6,1,1,0,0,0,0,1,0,0,0,0,0,0,0,0,0,0,0,1,11,1
jsonpathly,4b0e01da402eb8b928ce177ebc9c272983489731,0,9120.9,56583782.4,0,0,0,2,2,0,0,0,0,0,0,0,0,0,0,0,0,0,0,0,0,0,0,0,0,0,0,0,0,0,0,0,0,0,0,0,0,0,0,0,0,14,0,0,0,0,0,0,0,0,0,0,0,0,0,0,0,0,0,0,0,0,0,0,0,0,0,0,0,0,0,0,0,0,0,0,0,0,0,0,0,0,0,0,0,0,0,0,0,0,0,0,6,1,1,0,0,0,0,1,0,0,0,0,0,0,0,0,0,0,0,1,11,1
rfc9535,4b0e01da402eb8b928ce177ebc9c272983489731,0,5507.0,57797290.666666664,0,0,0,2,2,0,0,0,0,0,0,0,0,0,0,0,0,0,0,0,0,0,0,0,0,0,0,0,0,0,0,0,0,0,0,0,0,0,0,0,0,14,0,0,0,0,0,0,0,0,0,0,0,0,0,0,0,0,0,0,0,0,0,0,0,0,0,0,0,0,0,0,0,0,0,0,0,0,0,0,0,0,0,0,0,0,0,0,0,0,0,0,6,1,1,0,0,0,0,1,0,0,0,0,0,0,0,0,0,0,0,1,11,1
p3,4b0e01da402eb8b928ce177ebc9c272983489731,0,1794.3125,54489088.0,0,0,0,2,2,0,0,0,0,0,0,0,0,0,0,0,0,0,0,0,0,0,0,0,0,0,0,0,0,0,0,0,0,0,0,0,0,0,0,0,0,14,0,0,0,0,0,0,0,0,0,0,0,0,0,0,0,0,0,0,0,0,0,0,0,0,0,0,0,0,0,0,0,0,0,0,0,0,0,0,0,0,0,0,0,0,0,0,0,0,0,0,6,1,1,0,0,0,0,1,0,0,0,0,0,0,0,0,0,0,0,1,11,1
plus,27dd0be2306062b65dcb47a5dbf832b6887c079c,0,nan,nan,1,0,61,329,390,0,1,0,0,105,105,79,220,175,56,28,6,20,8,2,2,4,8,2,0,0,0,28,28,4,17,21,1,0,1,1,1,10,0,0,0,110,0,0,0,0,0,0,0,10,20,0,20,0,0,0,0,0,9,0,0,0,0,0,0,222,20,0,0,0,1,0,1,105,117,1,0,0,0,0,0,0,0,0,0,0,0,0,0,0,0,0,19,0,0,0,0,0,0,8,1,1,1,0,0,0,2,2,0,6,0,2,38,1459
dchester,27dd0be2306062b65dcb47a5dbf832b6887c079c,0,nan,nan,1,0,61,329,390,0,1,0,0,105,105,79,220,175,56,28,6,20,8,2,2,4,8,2,0,0,0,28,28,4,17,21,1,0,1,1,1,10,0,0,0,110,0,0,0,0,0,0,0,10,20,0,20,0,0,0,0,0,9,0,0,0,0,0,0,222,20,0,0,0,1,0,1,105,117,1,0,0,0,0,0,0,0,0,0,0,0,0,0,0,0,0,19,0,0,0,0,0,0,8,1,1,1,0,0,0,2,2,0,6,0,2,38,1459
jsonpathly,27dd0be2306062b65dcb47a5dbf832b6887c079c,0,235395.83333333334,73269248.0,1,0,61,329,390,0,1,0,0,105,105,79,220,175,56,28,6,20,8,2,2,4,8,2,0,0,0,28,28,4,17,21,1,0,1,1,1,10,0,0,0,110,0,0,0,0,0,0,0,10,20,0,20,0,0,0,0,0,9,0,0,0,0,0,0,222,20,0,0,0,1,0,1,105,117,1,0,0,0,0,0,0,0,0,0,0,0,0,0,0,0,0,19,0,0,0,0,0,0,8,1,1,1,0,0,0,2,2,0,6,0,2,38,1459
rfc9535,27dd0be2306062b65dcb47a5dbf832b6887c079c,0,126363.14285714286,68178505.14285715,1,0,61,329,390,0,1,0,0,105,105,79,220,175,56,28,6,20,8,2,2,4,8,2,0,0,0,28,28,4,17,21,1,0,1,1,1,10,0,0,0,110,0,0,0,0,0,0,0,10,20,0,20,0,0,0,0,0,9,0,0,0,0,0,0,222,20,0,0,0,1,0,1,105,117,1,0,0,0,0,0,0,0,0,0,0,0,0,0,0,0,0,19,0,0,0,0,0,0,8,1,1,1,0,0,0,2,2,0,6,0,2,38,1459
p3,27dd0be2306062b65dcb47a5dbf832b6887c079c,0,164864.6875,69496832.0,1,0,61,329,390,0,1,0,0,105,105,79,220,175,56,28,6,20,8,2,2,4,8,2,0,0,0,28,28,4,17,21,1,0,1,1,1,10,0,0,0,110,0,0,0,0,0,0,0,10,20,0,20,0,0,0,0,0,9,0,0,0,0,0,0,222,20,0,0,0,1,0,1,105,117,1,0,0,0,0,0,0,0,0,0,0,0,0,0,0,0,0,19,0,0,0,0,0,0,8,1,1,1,0,0,0,2,2,0,6,0,2,38,1459
plus,0b25acbd6704d20a00aeec66795d4a1222c9e87e,0,nan,nan,1,0,57,389,446,0,1,0,0,131,131,69,203,171,55,25,3,12,10,0,0,0,0,0,0,0,0,16,30,6,18,31,1,0,1,1,2,11,0,0,0,91,0,0,0,0,0,0,0,11,22,0,22,0,0,0,0,0,9,1,0,0,0,0,0,243,22,0,0,0,0,0,1,131,112,0,0,0,0,0,0,0,0,0,0,0,0,0,0,0,0,0,4,0,0,0,0,0,0,1,0,0,0,0,0,0,0,1,0,0,0,1,7,1562
dchester,0b25acbd6704d20a00aeec66795d4a1222c9e87e,0,nan,nan,1,0,57,389,446,0,1,0,0,131,131,69,203,171,55,25,3,12,10,0,0,0,0,0,0,0,0,16,30,6,18,31,1,0,1,1,2,11,0,0,0,91,0,0,0,0,0,0,0,11,22,0,22,0,0,0,0,0,9,1,0,0,0,0,0,243,22,0,0,0,0,0,1,131,112,0,0,0,0,0,0,0,0,0,0,0,0,0,0,0,0,0,4,0,0,0,0,0,0,1,0,0,0,0,0,0,0,1,0,0,0,1,7,1562
jsonpathly,0b25acbd6704d20a00aeec66795d4a1222c9e87e,0,247520.9375,72933376.0,1,0,57,389,446,0,1,0,0,131,131,69,203,171,55,25,3,12,10,0,0,0,0,0,0,0,0,16,30,6,18,31,1,0,1,1,2,11,0,0,0,91,0,0,0,0,0,0,0,11,22,0,22,0,0,0,0,0,9,1,0,0,0,0,0,243,22,0,0,0,0,0,1,131,112,0,0,0,0,0,0,0,0,0,0,0,0,0,0,0,0,0,4,0,0,0,0,0,0,1,0,0,0,0,0,0,0,1,0,0,0,1,7,1562
rfc9535,0b25acbd6704d20a00aeec66795d4a1222c9e87e,0,150778.625,68427776.0,1,0,57,389,446,0,1,0,0,131,131,69,203,171,55,25,3,12,10,0,0,0,0,0,0,0,0,16,30,6,18,31,1,0,1,1,2,11,0,0,0,91,0,0,0,0,0,0,0,11,22,0,22,0,0,0,0,0,9,1,0,0,0,0,0,243,22,0,0,0,0,0,1,131,112,0,0,0,0,0,0,0,0,0,0,0,0,0,0,0,0,0,4,0,0,0,0,0,0,1,0,0,0,0,0,0,0,1,0,0,0,1,7,1562
p3,0b25acbd6704d20a00aeec66795d4a1222c9e87e,0,166547.125,68696064.0,1,0,57,389,446,0,1,0,0,131,131,69,203,171,55,25,3,12,10,0,0,0,0,0,0,0,0,16,30,6,18,31,1,0,1,1,2,11,0,0,0,91,0,0,0,0,0,0,0,11,22,0,22,0,0,0,0,0,9,1,0,0,0,0,0,243,22,0,0,0,0,0,1,131,112,0,0,0,0,0,0,0,0,0,0,0,0,0,0,0,0,0,4,0,0,0,0,0,0,1,0,0,0,0,0,0,0,1,0,0,0,1,7,1562
plus,fdcb5a28262326c7d80724320546bf801479fce7,0,nan,nan,2,0,50,370,420,0,2,0,0,137,137,89,334,255,65,27,4,22,21,2,2,4,8,2,0,0,0,30,38,11,42,56,2,0,2,2,6,6,0,0,0,54,0,0,0,0,0,0,0,6,12,0,12,0,0,0,0,0,0,4,0,0,0,0,0,252,12,0,0,0,0,0,2,137,115,0,0,0,0,0,0,0,0,0,0,0,0,0,0,0,0,0,4,0,0,0,0,0,0,1,0,0,0,0,0,0,0,1,0,0,0,1,7,1732
dchester,fdcb5a28262326c7d80724320546bf801479fce7,0,nan,nan,2,0,50,370,420,0,2,0,0,137,137,89,334,255,65,27,4,22,21,2,2,4,8,2,0,0,0,30,38,11,42,56,2,0,2,2,6,6,0,0,0,54,0,0,0,0,0,0,0,6,12,0,12,0,0,0,0,0,0,4,0,0,0,0,0,252,12,0,0,0,0,0,2,137,115,0,0,0,0,0,0,0,0,0,0,0,0,0,0,0,0,0,4,0,0,0,0,0,0,1,0,0,0,0,0,0,0,1,0,0,0,1,7,1732
jsonpathly,fdcb5a28262326c7d80724320546bf801479fce7,0,265565.4285714286,72244077.71428572,2,0,50,370,420,0,2,0,0,137,137,89,334,255,65,27,4,22,21,2,2,4,8,2,0,0,0,30,38,11,42,56,2,0,2,2,6,6,0,0,0,54,0,0,0,0,0,0,0,6,12,0,12,0,0,0,0,0,0,4,0,0,0,0,0,252,12,0,0,0,0,0,2,137,115,0,0,0,0,0,0,0,0,0,0,0,0,0,0,0,0,0,4,0,0,0,0,0,0,1,0,0,0,0,0,0,0,1,0,0,0,1,7,1732
rfc9535,fdcb5a28262326c7d80724320546bf801479fce7,0,142395.8125,68431872.0,2,0,50,370,420,0,2,0,0,137,137,89,334,255,65,27,4,22,21,2,2,4,8,2,0,0,0,30,38,11,42,56,2,0,2,2,6,6,0,0,0,54,0,0,0,0,0,0,0,6,12,0,12,0,0,0,0,0,0,4,0,0,0,0,0,252,12,0,0,0,0,0,2,137,115,0,0,0,0,0,0,0,0,0,0,0,0,0,0,0,0,0,4,0,0,0,0,0,0,1,0,0,0,0,0,0,0,1,0,0,0,1,7,1732
p3,fdcb5a28262326c7d80724320546bf801479fce7,0,166104.25,67274752.0,2,0,50,370,420,0,2,0,0,137,137,89,334,255,65,27,4,22,21,2,2,4,8,2,0,0,0,30,38,11,42,56,2,0,2,2,6,6,0,0,0,54,0,0,0,0,0,0,0,6,12,0,12,0,0,0,0,0,0,4,0,0,0,0,0,252,12,0,0,0,0,0,2,137,115,0,0,0,0,0,0,0,0,0,0,0,0,0,0,0,0,0,4,0,0,0,0,0,0,1,0,0,0,0,0,0,0,1,0,0,0,1,7,1732
plus,b329badd3a4096e28ee4acab5ecbe4c857a00ec1,0,nan,nan,1,0,68,402,470,0,1,0,0,121,121,73,242,207,81,44,10,34,16,1,1,2,4,1,0,0,0,50,37,8,30,44,1,0,1,1,1,7,0,0,0,90,0,0,0,0,0,0,0,7,14,0,14,0,0,0,0,0,6,0,0,0,0,0,0,270,14,0,0,0,0,0,1,121,149,0,0,0,0,0,0,0,0,0,0,0,0,0,0,0,0,0,4,0,0,0,0,0,0,1,0,0,0,0,0,0,0,1,0,0,0,1,6,1752
dchester,b329badd3a4096e28ee4acab5ecbe4c857a00ec1,0,nan,nan,1,0,68,402,470,0,1,0,0,121,121,73,242,207,81,44,10,34,16,1,1,2,4,1,0,0,0,50,37,8,30,44,1,0,1,1,1,7,0,0,0,90,0,0,0,0,0,0,0,7,14,0,14,0,0,0,0,0,6,0,0,0,0,0,0,270,14,0,0,0,0,0,1,121,149,0,0,0,0,0,0,0,0,0,0,0,0,0,0,0,0,0,4,0,0,0,0,0,0,1,0,0,0,0,0,0,0,1,0,0,0,1,6,1752
jsonpathly,b329badd3a4096e28ee4acab5ecbe4c857a00ec1,0,268645.625,71821312.0,1,0,68,402,470,0,1,0,0,121,121,73,242,207,81,44,10,34,16,1,1,2,4,1,0,0,0,50,37,8,30,44,1,0,1,1,1,7,0,0,0,90,0,0,0,0,0,0,0,7,14,0,14,0,0,0,0,0,6,0,0,0,0,0,0,270,14,0,0,0,0,0,1,121,149,0,0,0,0,0,0,0,0,0,0,0,0,0,0,0,0,0,4,0,0,0,0,0,0,1,0,0,0,0,0,0,0,1,0,0,0,1,6,1752
rfc9535,b329badd3a4096e28ee4acab5ecbe4c857a00ec1,0,135442.0,69310873.6,1,0,68,402,470,0,1,0,0,121,121,73,242,207,81,44,10,34,16,1,1,2,4,1,0,0,0,50,37,8,30,44,1,0,1,1,1,7,0,0,0,90,0,0,0,0,0,0,0,7,14,0,14,0,0,0,0,0,6,0,0,0,0,0,0,270,14,0,0,0,0,0,1,121,149,0,0,0,0,0,0,0,0,0,0,0,0,0,0,0,0,0,4,0,0,0,0,0,0,1,0,0,0,0,0,0,0,1,0,0,0,1,6,1752
p3,b329badd3a4096e28ee4acab5ecbe4c857a00ec1,0,158362.125,69144576.0,1,0,68,402,470,0,1,0,0,121,121,73,242,207,81,44,10,34,16,1,1,2,4,1,0,0,0,50,37,8,30,44,1,0,1,1,1,7,0,0,0,90,0,0,0,0,0,0,0,7,14,0,14,0,0,0,0,0,6,0,0,0,0,0,0,270,14,0,0,0,0,0,1,121,149,0,0,0,0,0,0,0,0,0,0,0,0,0,0,0,0,0,4,0,0,0,0,0,0,1,0,0,0,0,0,0,0,1,0,0,0,1,6,1752
plus,57bb566ea95f18661bb5c3b19881a42be327245f,0,nan,nan,1,0,51,367,418,0,1,0,0,124,124,92,219,196,68,33,7,19,5,0,0,0,0,0,0,0,0,39,35,9,19,23,1,0,1,1,2,6,0,0,0,41,0,0,0,0,0,0,0,6,12,0,12,0,0,0,0,0,4,1,0,0,0,0,0,243,12,0,0,0,0,0,1,124,119,0,0,0,0,0,0,0,0,0,0,0,0,0,0,0,0,0,4,0,0,0,0,0,0,1,0,0,0,0,0,0,0,1,0,0,0,1,6,1515
dchester,57bb566ea95f18661bb5c3b19881a42be327245f,0,nan,nan,1,0,51,367,418,0,1,0,0,124,124,92,219,196,68,33,7,19,5,0,0,0,0,0,0,0,0,39,35,9,19,23,1,0,1,1,2,6,0,0,0,41,0,0,0,0,0,0,0,6,12,0,12,0,0,0,0,0,4,1,0,0,0,0,0,243,12,0,0,0,0,0,1,124,119,0,0,0,0,0,0,0,0,0,0,0,0,0,0,0,0,0,4,0,0,0,0,0,0,1,0,0,0,0,0,0,0,1,0,0,0,1,6,1515
jsonpathly,57bb566ea95f18661bb5c3b19881a42be327245f,0,242041.5,71707306.66666667,1,0,51,367,418,0,1,0,0,124,124,92,219,196,68,33,7,19,5,0,0,0,0,0,0,0,0,39,35,9,19,23,1,0,1,1,2,6,0,0,0,41,0,0,0,0,0,0,0,6,12,0,12,0,0,0,0,0,4,1,0,0,0,0,0,243,12,0,0,0,0,0,1,124,119,0,0,0,0,0,0,0,0,0,0,0,0,0,0,0,0,0,4,0,0,0,0,0,0,1,0,0,0,0,0,0,0,1,0,0,0,1,6,1515
rfc9535,57bb566ea95f18661bb5c3b19881a42be327245f,0,122796.875,68100096.0,1,0,51,367,418,0,1,0,0,124,124,92,219,196,68,33,7,19,5,0,0,0,0,0,0,0,0,39,35,9,19,23,1,0,1,1,2,6,0,0,0,41,0,0,0,0,0,0,0,6,12,0,12,0,0,0,0,0,4,1,0,0,0,0,0,243,12,0,0,0,0,0,1,124,119,0,0,0,0,0,0,0,0,0,0,0,0,0,0,0,0,0,4,0,0,0,0,0,0,1,0,0,0,0,0,0,0,1,0,0,0,1,6,1515
p3,57bb566ea95f18661bb5c3b19881a42be327245f,0,136864.4375,66762752.0,1,0,51,367,418,0,1,0,0,124,124,92,219,196,68,33,7,19,5,0,0,0,0,0,0,0,0,39,35,9,19,23,1,0,1,1,2,6,0,0,0,41,0,0,0,0,0,0,0,6,12,0,12,0,0,0,0,0,4,1,0,0,0,0,0,243,12,0,0,0,0,0,1,124,119,0,0,0,0,0,0,0,0,0,0,0,0,0,0,0,0,0,4,0,0,0,0,0,0,1,0,0,0,0,0,0,0,1,0,0,0,1,6,1515
plus,18d64637894bf404c471aa0fd5acdd0b91e4d0ab,0,5687.625,54468608.0,7,0,0,14,14,0,7,7,14,7,7,6,42,32,7,5,1,1,0,0,0,0,0,0,0,0,0,0,2,0,0,0,0,0,0,0,0,0,0,0,0,81,0,0,0,0,0,0,0,0,0,0,0,0,0,0,0,0,0,0,0,0,0,0,0,0,0,0,0,0,3,0,7,0,0,1,0,0,0,0,0,0,0,0,0,0,0,0,0,0,0,0,33,0,0,0,0,0,0,15,2,1,1,0,0,0,1,2,1,13,0,3,70,100
dchester,18d64637894bf404c471aa0fd5acdd0b91e4d0ab,0,78002.5,65181696.0,7,0,0,14,14,0,7,7,14,7,7,6,42,32,7,5,1,1,0,0,0,0,0,0,0,0,0,0,2,0,0,0,0,0,0,0,0,0,0,0,0,81,0,0,0,0,0,0,0,0,0,0,0,0,0,0,0,0,0,0,0,0,0,0,0,0,0,0,0,0,3,0,7,0,0,1,0,0,0,0,0,0,0,0,0,0,0,0,0,0,0,0,33,0,0,0,0,0,0,15,2,1,1,0,0,0,1,2,1,13,0,3,70,100
jsonpathly,18d64637894bf404c471aa0fd5acdd0b91e4d0ab,0,47817.75,58050560.0,7,0,0,14,14,0,7,7,14,7,7,6,42,32,7,5,1,1,0,0,0,0,0,0,0,0,0,0,2,0,0,0,0,0,0,0,0,0,0,0,0,81,0,0,0,0,0,0,0,0,0,0,0,0,0,0,0,0,0,0,0,0,0,0,0,0,0,0,0,0,3,0,7,0,0,1,0,0,0,0,0,0,0,0,0,0,0,0,0,0,0,0,33,0,0,0,0,0,0,15,2,1,1,0,0,0,1,2,1,13,0,3,70,100
rfc9535,18d64637894bf404c471aa0fd5acdd0b91e4d0ab,0,24859.5,58974208.0,7,0,0,14,14,0,7,7,14,7,7,6,42,32,7,5,1,1,0,0,0,0,0,0,0,0,0,0,2,0,0,0,0,0,0,0,0,0,0,0,0,81,0,0,0,0,0,0,0,0,0,0,0,0,0,0,0,0,0,0,0,0,0,0,0,0,0,0,0,0,3,0,7,0,0,1,0,0,0,0,0,0,0,0,0,0,0,0,0,0,0,0,33,0,0,0,0,0,0,15,2,1,1,0,0,0,1,2,1,13,0,3,70,100
p3,18d64637894bf404c471aa0fd5acdd0b91e4d0ab,0,23868.0,58179584.0,7,0,0,14,14,0,7,7,14,7,7,6,42,32,7,5,1,1,0,0,0,0,0,0,0,0,0,0,2,0,0,0,0,0,0,0,0,0,0,0,0,81,0,0,0,0,0,0,0,0,0,0,0,0,0,0,0,0,0,0,0,0,0,0,0,0,0,0,0,0,3,0,7,0,0,1,0,0,0,0,0,0,0,0,0,0,0,0,0,0,0,0,33,0,0,0,0,0,0,15,2,1,1,0,0,0,1,2,1,13,0,3,70,100
plus,c9c18e46991684e813004c532c5138d4e7566ec0,0,4899.333333333333,54408533.333333336,4,0,0,21,21,0,4,4,8,5,5,3,9,10,3,1,0,0,1,0,0,0,0,0,0,0,0,0,2,1,6,10,0,0,0,0,0,0,0,0,0,20,0,0,0,0,0,0,0,0,0,0,0,0,0,0,0,0,0,0,0,0,0,0,0,0,0,0,0,0,0,0,4,0,0,0,0,0,0,0,0,0,0,0,0,0,0,0,0,0,0,0,6,1,1,0,0,0,0,1,0,0,0,0,0,0,0,0,0,0,0,1,13,60
dchester,c9c18e46991684e813004c532c5138d4e7566ec0,0,45262.3,64071270.4,4,0,0,21,21,0,4,4,8,5,5,3,9,10,3,1,0,0,1,0,0,0,0,0,0,0,0,0,2,1,6,10,0,0,0,0,0,0,0,0,0,20,0,0,0,0,0,0,0,0,0,0,0,0,0,0,0,0,0,0,0,0,0,0,0,0,0,0,0,0,0,0,4,0,0,0,0,0,0,0,0,0,0,0,0,0,0,0,0,0,0,0,6,1,1,0,0,0,0,1,0,0,0,0,0,0,0,0,0,0,0,1,13,60
jsonpathly,c9c18e46991684e813004c532c5138d4e7566ec0,0,27182.1875,57663488.0,4,0,0,21,21,0,4,4,8,5,5,3,9,10,3,1,0,0,1,0,0,0,0,0,0,0,0,0,2,1,6,10,0,0,0,0,0,0,0,0,0,20,0,0,0,0,0,0,0,0,0,0,0,0,0,0,0,0,0,0,0,0,0,0,0,0,0,0,0,0,0,0,4,0,0,0,0,0,0,0,0,0,0,0,0,0,0,0,0,0,0,0,6,1,1,0,0,0,0,1,0,0,0,0,0,0,0,0,0,0,0,1,13,60
rfc9535,c9c18e46991684e813004c532c5138d4e7566ec0,0,24158.8125,58300416.0,4,0,0,21,21,0,4,4,8,5,5,3,9,10,3,1,0,0,1,0,0,0,0,0,0,0,0,0,2,1,6,10,0,0,0,0,0,0,0,0,0,20,0,0,0,0,0,0,0,0,0,0,0,0,0,0,0,0,0,0,0,0,0,0,0,0,0,0,0,0,0,0,4,0,0,0,0,0,0,0,0,0,0,0,0,0,0,0,0,0,0,0,6,1,1,0,0,0,0,1,0,0,0,0,0,0,0,0,0,0,0,1,13,60
p3,c9c18e46991684e813004c532c5138d4e7566ec0,0,18838.5,56627200.0,4,0,0,21,21,0,4,4,8,5,5,3,9,10,3,1,0,0,1,0,0,0,0,0,0,0,0,0,2,1,6,10,0,0,0,0,0,0,0,0,0,20,0,0,0,0,0,0,0,0,0,0,0,0,0,0,0,0,0,0,0,0,0,0,0,0,0,0,0,0,0,0,4,0,0,0,0,0,0,0,0,0,0,0,0,0,0,0,0,0,0,0,6,1,1,0,0,0,0,1,0,0,0,0,0,0,0,0,0,0,0,1,13,60
plus,7a5869ac3646821cee591b53b3a24ef19ff37ee9,0,4026.25,54394880.0,1,0,0,1,1,0,1,1,2,2,2,1,0,1,0,0,0,0,0,0,0,0,0,0,0,0,0,0,0,0,0,0,0,0,0,0,0,0,0,0,0,17,0,0,0,0,0,0,0,0,0,0,0,0,0,0,0,0,0,0,0,0,0,0,0,0,0,0,0,0,0,0,1,0,0,0,0,0,0,0,0,0,0,0,0,0,0,0,0,0,0,0,6,1,1,1,1,1,0,1,0,0,1,0,0,0,0,0,0,0,0,1,9,7
dchester,7a5869ac3646821cee591b53b3a24ef19ff37ee9,0,17340.333333333332,61156010.666666664,1,0,0,1,1,0,1,1,2,2,2,1,0,1,0,0,0,0,0,0,0,0,0,0,0,0,0,0,0,0,0,0,0,0,0,0,0,0,0,0,0,17,0,0,0,0,0,0,0,0,0,0,0,0,0,0,0,0,0,0,0,0,0,0,0,0,0,0,0,0,0,0,1,0,0,0,0,0,0,0,0,0,0,0,0,0,0,0,0,0,0,0,6,1,1,1,1,1,0,1,0,0,1,0,0,0,0,0,0,0,0,1,9,7
jsonpathly,7a5869ac3646821cee591b53b3a24ef19ff37ee9,0,14494.8125,57075712.0,1,0,0,1,1,0,1,1,2,2,2,1,0,1,0,0,0,0,0,0,0,0,0,0,0,0,0,0,0,0,0,0,0,0,0,0,0,0,0,0,0,17,0,0,0,0,0,0,0,0,0,0,0,0,0,0,0,0,0,0,0,0,0,0,0,0,0,0,0,0,0,0,1,0,0,0,0,0,0,0,0,0,0,0,0,0,0,0,0,0,0,0,6,1,1,1,1,1,0,1,0,0,1,0,0,0,0,0,0,0,0,1,9,7
rfc9535,7a5869ac3646821cee591b53b3a24ef19ff37ee9,0,10270.875,57874432.0,1,0,0,1,1,0,1,1,2,2,2,1,0,1,0,0,0,0,0,0,0,0,0,0,0,0,0,0,0,0,0,0,0,0,0,0,0,0,0,0,0,17,0,0,0,0,0,0,0,0,0,0,0,0,0,0,0,0,0,0,0,0,0,0,0,0,0,0,0,0,0,0,1,0,0,0,0,0,0,0,0,0,0,0,0,0,0,0,0,0,0,0,6,1,1,1,1,1,0,1,0,0,1,0,0,0,0,0,0,0,0,1,9,7
p3,7a5869ac3646821cee591b53b3a24ef19ff37ee9,0,5992.0625,54792192.0,1,0,0,1,1,0,1,1,2,2,2,1,0,1,0,0,0,0,0,0,0,0,0,0,0,0,0,0,0,0,0,0,0,0,0,0,0,0,0,0,0,17,0,0,0,0,0,0,0,0,0,0,0,0,0,0,0,0,0,0,0,0,0,0,0,0,0,0,0,0,0,0,1,0,0,0,0,0,0,0,0,0,0,0,0,0,0,0,0,0,0,0,6,1,1,1,1,1,0,1,0,0,1,0,0,0,0,0,0,0,0,1,9,7
plus,0fdcd49a6cabff305e0d1409f5078849964b9518,0,2783.4,54339174.4,0,0,0,39,39,0,0,0,0,0,0,3,27,12,0,0,0,0,0,1,0,1,2,0,1,0,1,0,0,0,0,0,0,0,0,0,0,0,0,0,0,145,0,0,0,0,0,0,0,0,0,0,0,0,0,0,0,0,0,0,0,0,0,0,0,0,0,3,0,0,2,0,0,0,0,3,0,0,0,0,0,0,0,0,0,0,0,0,0,0,0,0,40,1,8,1,6,6,9,11,4,3,2,0,0,0,0,1,1,2,7,2,138,1
dchester,0fdcd49a6cabff305e0d1409f5078849964b9518,0,4609.5,60055552.0,0,0,0,39,39,0,0,0,0,0,0,3,27,12,0,0,0,0,0,1,0,1,2,0,1,0,1,0,0,0,0,0,0,0,0,0,0,0,0,0,0,145,0,0,0,0,0,0,0,0,0,0,0,0,0,0,0,0,0,0,0,0,0,0,0,0,0,3,0,0,2,0,0,0,0,3,0,0,0,0,0,0,0,0,0,0,0,0,0,0,0,0,40,1,8,1,6,6,9,11,4,3,2,0,0,0,0,1,1,2,7,2,138,1
jsonpathly,0fdcd49a6cabff305e0d1409f5078849964b9518,0,9232.142857142857,56726089.14285714,0,0,0,39,39,0,0,0,0,0,0,3,27,12,0,0,0,0,0,1,0,1,2,0,1,0,1,0,0,0,0,0,0,0,0,0,0,0,0,0,0,145,0,0,0,0,0,0,0,0,0,0,0,0,0,0,0,0,0,0,0,0,0,0,0,0,0,3,0,0,2,0,0,0,0,3,0,0,0,0,0,0,0,0,0,0,0,0,0,0,0,0,40,1,8,1,6,6,9,11,4,3,2,0,0,0,0,1,1,2,7,2,138,1
rfc9535,0fdcd49a6cabff305e0d1409f5078849964b9518,0,5775.875,57868288.0,0,0,0,39,39,0,0,0,0,0,0,3,27,12,0,0,0,0,0,1,0,1,2,0,1,0,1,0,0,0,0,0,0,0,0,0,0,0,0,0,0,145,0,0,0,0,0,0,0,0,0,0,0,0,0,0,0,0,0,0,0,0,0,0,0,0,0,3,0,0,2,0,0,0,0,3,0,0,0,0,0,0,0,0,0,0,0,0,0,0,0,0,40,1,8,1,6,6,9,11,4,3,2,0,0,0,0,1,1,2,7,2,138,1
p3,0fdcd49a6cabff305e0d1409f5078849964b9518,0,1923.5,54700714.666666664,0,0,0,39,39,0,0,0,0,0,0,3,27,12,0,0,0,0,0,1,0,1,2,0,1,0,1,0,0,0,0,0,0,0,0,0,0,0,0,0,0,145,0,0,0,0,0,0,0,0,0,0,0,0,0,0,0,0,0,0,0,0,0,0,0,0,0,3,0,0,2,0,0,0,0,3,0,0,0,0,0,0,0,0,0,0,0,0,0,0,0,0,40,1,8,1,6,6,9,11,4,3,2,0,0,0,0,1,1,2,7,2,138,1
plus,68ca4eac62462ecb6aca56a17066f03aa512993b,0,2704.2,54378496.0,0,0,0,85,85,0,0,0,0,0,0,3,35,22,0,0,0,0,0,1,0,0,3,0,1,1,0,0,0,0,0,0,0,0,0,0,0,0,0,0,0,256,0,0,0,0,0,0,0,0,0,0,0,0,0,0,0,0,0,0,0,0,0,0,0,0,0,3,0,0,29,0,0,0,0,3,0,0,0,0,0,0,0,0,0,0,0,0,0,0,0,0,88,3,18,3,10,14,16,24,4,3,5,1,4,8,3,1,2,5,15,4,312,1
dchester,68ca4eac62462ecb6aca56a17066f03aa512993b,0,4729.375,59936768.0,0,0,0,85,85,0,0,0,0,0,0,3,35,22,0,0,0,0,0,1,0,0,3,0,1,1,0,0,0,0,0,0,0,0,0,0,0,0,0,0,0,256,0,0,0,0,0,0,0,0,0,0,0,0,0,0,0,0,0,0,0,0,0,0,0,0,0,3,0,0,29,0,0,0,0,3,0,0,0,0,0,0,0,0,0,0,0,0,0,0,0,0,88,3,18,3,10,14,16,24,4,3,5,1,4,8,3,1,2,5,15,4,312,1
jsonpathly,68ca4eac62462ecb6aca56a17066f03aa512993b,0,8746.0,56554291.2,0,0,0,85,85,0,0,0,0,0,0,3,35,22,0,0,0,0,0,1,0,0,3,0,1,1,0,0,0,0,0,0,0,0,0,0,0,0,0,0,0,256,0,0,0,0,0,0,0,0,0,0,0,0,0,0,0,0,0,0,0,0,0,0,0,0,0,3,0,0,29,0,0,0,0,3,0,0,0,0,0,0,0,0,0,0,0,0,0,0,0,0,88,3,18,3,10,14,16,24,4,3,5,1,4,8,3,1,2,5,15,4,312,1
rfc9535,68ca4eac62462ecb6aca56a17066f03aa512993b,0,6000.0,57681510.4,0,0,0,85,85,0,0,0,0,0,0,3,35,22,0,0,0,0,0,1,0,0,3,0,1,1,0,0,0,0,0,0,0,0,0,0,0,0,0,0,0,256,0,0,0,0,0,0,0,0,0,0,0,0,0,0,0,0,0,0,0,0,0,0,0,0,0,3,0,0,29,0,0,0,0,3,0,0,0,0,0,0,0,0,0,0,0,0,0,0,0,0,88,3,18,3,10,14,16,24,4,3,5,1,4,8,3,1,2,5,15,4,312,1
p3,68ca4eac62462ecb6aca56a17066f03aa512993b,0,1885.4166666666667,54479530.666666664,0,0,0,85,85,0,0,0,0,0,0,3,35,22,0,0,0,0,0,1,0,0,3,0,1,1,0,0,0,0,0,0,0,0,0,0,0,0,0,0,0,256,0,0,0,0,0,0,0,0,0,0,0,0,0,0,0,0,0,0,0,0,0,0,0,0,0,3,0,0,29,0,0,0,0,3,0,0,0,0,0,0,0,0,0,0,0,0,0,0,0,0,88,3,18,3,10,14,16,24,4,3,5,1,4,8,3,1,2,5,15,4,312,1
plus,e480829bb57f9ccf28c7d2c81d5e03b0481b2a94,0,6412.3,54401433.6,8,0,0,40,40,0,8,20,28,18,18,13,40,36,10,2,1,3,2,0,0,0,0,0,0,0,0,4,8,2,5,5,0,0,0,0,0,0,0,0,0,47,0,0,0,0,0,0,0,0,0,0,0,0,0,0,0,0,0,0,0,0,0,0,0,0,0,0,0,0,0,0,8,0,0,0,0,0,0,0,0,0,0,0,0,0,0,0,0,0,0,0,26,0,0,0,0,0,0,11,0,0,1,0,0,0,2,2,1,9,0,3,50,174
dchester,e480829bb57f9ccf28c7d2c81d5e03b0481b2a94,0,53400.875,64892928.0,8,0,0,40,40,0,8,20,28,18,18,13,40,36,10,2,1,3,2,0,0,0,0,0,0,0,0,4,8,2,5,5,0,0,0,0,0,0,0,0,0,47,0,0,0,0,0,0,0,0,0,0,0,0,0,0,0,0,0,0,0,0,0,0,0,0,0,0,0,0,0,0,8,0,0,0,0,0,0,0,0,0,0,0,0,0,0,0,0,0,0,0,26,0,0,0,0,0,0,11,0,0,1,0,0,0,2,2,1,9,0,3,50,174
jsonpathly,e480829bb57f9ccf28c7d2c81d5e03b0481b2a94,0,39586.0,58265600.0,8,0,0,40,40,0,8,20,28,18,18,13,40,36,10,2,1,3,2,0,0,0,0,0,0,0,0,4,8,2,5,5,0,0,0,0,0,0,0,0,0,47,0,0,0,0,0,0,0,0,0,0,0,0,0,0,0,0,0,0,0,0,0,0,0,0,0,0,0,0,0,0,8,0,0,0,0,0,0,0,0,0,0,0,0,0,0,0,0,0,0,0,26,0,0,0,0,0,0,11,0,0,1,0,0,0,2,2,1,9,0,3,50,174
rfc9535,e480829bb57f9ccf28c7d2c81d5e03b0481b2a94,0,35173.666666666664,60495189.333333336,8,0,0,40,40,0,8,20,28,18,18,13,40,36,10,2,1,3,2,0,0,0,0,0,0,0,0,4,8,2,5,5,0,0,0,0,0,0,0,0,0,47,0,0,0,0,0,0,0,0,0,0,0,0,0,0,0,0,0,0,0,0,0,0,0,0,0,0,0,0,0,0,8,0,0,0,0,0,0,0,0,0,0,0,0,0,0,0,0,0,0,0,26,0,0,0,0,0,0,11,0,0,1,0,0,0,2,2,1,9,0,3,50,174
p3,e480829bb57f9ccf28c7d2c81d5e03b0481b2a94,0,31611.9375,59549696.0,8,0,0,40,40,0,8,20,28,18,18,13,40,36,10,2,1,3,2,0,0,0,0,0,0,0,0,4,8,2,5,5,0,0,0,0,0,0,0,0,0,47,0,0,0,0,0,0,0,0,0,0,0,0,0,0,0,0,0,0,0,0,0,0,0,0,0,0,0,0,0,0,8,0,0,0,0,0,0,0,0,0,0,0,0,0,0,0,0,0,0,0,26,0,0,0,0,0,0,11,0,0,1,0,0,0,2,2,1,9,0,3,50,174
plus,dbecbe32ad0bac45f07c0332f35203d60dd6c4f5,0,6557.5,54419456.0,4,0,0,73,73,0,4,18,22,11,11,11,45,27,11,7,1,5,2,1,1,2,4,1,0,0,0,8,4,0,0,0,0,0,0,0,0,0,0,0,0,96,0,0,0,0,0,0,0,0,0,0,0,0,0,0,0,0,0,0,0,0,0,0,0,0,0,1,0,0,6,0,4,0,0,0,0,0,0,0,0,0,0,0,0,0,0,0,0,0,0,0,35,1,8,0,0,6,0,8,3,0,1,1,6,10,0,0,1,0,7,2,125,133
dchester,dbecbe32ad0bac45f07c0332f35203d60dd6c4f5,0,48201.333333333336,64648533.333333336,4,0,0,73,73,0,4,18,22,11,11,11,45,27,11,7,1,5,2,1,1,2,4,1,0,0,0,8,4,0,0,0,0,0,0,0,0,0,0,0,0,96,0,0,0,0,0,0,0,0,0,0,0,0,0,0,0,0,0,0,0,0,0,0,0,0,0,1,0,0,6,0,4,0,0,0,0,0,0,0,0,0,0,0,0,0,0,0,0,0,0,0,35,1,8,0,0,6,0,8,3,0,1,1,6,10,0,0,1,0,7,2,125,133
jsonpathly,dbecbe32ad0bac45f07c0332f35203d60dd6c4f5,0,33724.0625,57935872.0,4,0,0,73,73,0,4,18,22,11,11,11,45,27,11,7,1,5,2,1,1,2,4,1,0,0,0,8,4,0,0,0,0,0,0,0,0,0,0,0,0,96,0,0,0,0,0,0,0,0,0,0,0,0,0,0,0,0,0,0,0,0,0,0,0,0,0,1,0,0,6,0,4,0,0,0,0,0,0,0,0,0,0,0,0,0,0,0,0,0,0,0,35,1,8,0,0,6,0,8,3,0,1,1,6,10,0,0,1,0,7,2,125,133
rfc9535,dbecbe32ad0bac45f07c0332f35203d60dd6c4f5,0,30625.1,59562393.6,4,0,0,73,73,0,4,18,22,11,11,11,45,27,11,7,1,5,2,1,1,2,4,1,0,0,0,8,4,0,0,0,0,0,0,0,0,0,0,0,0,96,0,0,0,0,0,0,0,0,0,0,0,0,0,0,0,0,0,0,0,0,0,0,0,0,0,1,0,0,6,0,4,0,0,0,0,0,0,0,0,0,0,0,0,0,0,0,0,0,0,0,35,1,8,0,0,6,0,8,3,0,1,1,6,10,0,0,1,0,7,2,125,133
p3,dbecbe32ad0bac45f07c0332f35203d60dd6c4f5,0,31356.8125,58793984.0,4,0,0,73,73,0,4,18,22,11,11,11,45,27,11,7,1,5,2,1,1,2,4,1,0,0,0,8,4,0,0,0,0,0,0,0,0,0,0,0,0,96,0,0,0,0,0,0,0,0,0,0,0,0,0,0,0,0,0,0,0,0,0,0,0,0,0,1,0,0,6,0,4,0,0,0,0,0,0,0,0,0,0,0,0,0,0,0,0,0,0,0,35,1,8,0,0,6,0,8,3,0,1,1,6,10,0,0,1,0,7,2,125,133
plus,ea4dce5f3a872edb9ec1447573fafb572df7e5fb,0,7617.833333333333,54580565.333333336,8,0,0,97,97,0,8,36,44,20,20,17,34,36,24,15,5,14,0,0,0,0,0,0,0,0,0,30,9,0,0,0,0,0,0,0,0,0,0,0,0,59,0,0,0,0,0,0,0,0,0,0,0,0,0,0,0,0,0,0,0,0,0,0,0,0,0,0,0,0,6,0,8,0,0,0,0,0,0,0,0,0,0,0,0,0,0,0,0,0,0,0,14,1,3,0,0,0,0,3,0,0,1,0,0,0,0,0,0,0,2,1,36,272
dchester,ea4dce5f3a872edb9ec1447573fafb572df7e5fb,0,86947.9375,67227648.0,8,0,0,97,97,0,8,36,44,20,20,17,34,36,24,15,5,14,0,0,0,0,0,0,0,0,0,30,9,0,0,0,0,0,0,0,0,0,0,0,0,59,0,0,0,0,0,0,0,0,0,0,0,0,0,0,0,0,0,0,0,0,0,0,0,0,0,0,0,0,6,0,8,0,0,0,0,0,0,0,0,0,0,0,0,0,0,0,0,0,0,0,14,1,3,0,0,0,0,3,0,0,1,0,0,0,0,0,0,0,2,1,36,272
jsonpathly,ea4dce5f3a872edb9ec1447573fafb572df7e5fb,0,44080.75,59207680.0,8,0,0,97,97,0,8,36,44,20,20,17,34,36,24,15,5,14,0,0,0,0,0,0,0,0,0,30,9,0,0,0,0,0,0,0,0,0,0,0,0,59,0,0,0,0,0,0,0,0,0,0,0,0,0,0,0,0,0,0,0,0,0,0,0,0,0,0,0,0,6,0,8,0,0,0,0,0,0,0,0,0,0,0,0,0,0,0,0,0,0,0,14,1,3,0,0,0,0,3,0,0,1,0,0,0,0,0,0,0,2,1,36,272
rfc9535,ea4dce5f3a872edb9ec1447573fafb572df7e5fb,0,46729.125,61517824.0,8,0,0,97,97,0,8,36,44,20,20,17,34,36,24,15,5,14,0,0,0,0,0,0,0,0,0,30,9,0,0,0,0,0,0,0,0,0,0,0,0,59,0,0,0,0,0,0,0,0,0,0,0,0,0,0,0,0,0,0,0,0,0,0,0,0,0,0,0,0,6,0,8,0,0,0,0,0,0,0,0,0,0,0,0,0,0,0,0,0,0,0,14,1,3,0,0,0,0,3,0,0,1,0,0,0,0,0,0,0,2,1,36,272
p3,ea4dce5f3a872edb9ec1447573fafb572df7e5fb,0,36830.75,60160000.0,8,0,0,97,97,0,8,36,44,20,20,17,34,36,24,15,5,14,0,0,0,0,0,0,0,0,0,30,9,0,0,0,0,0,0,0,0,0,0,0,0,59,0,0,0,0,0,0,0,0,0,0,0,0,0,0,0,0,0,0,0,0,0,0,0,0,0,0,0,0,6,0,8,0,0,0,0,0,0,0,0,0,0,0,0,0,0,0,0,0,0,0,14,1,3,0,0,0,0,3,0,0,1,0,0,0,0,0,0,0,2,1,36,272
plus,8be697b10fc36e14ba91b0b22868aae1db7771d1,0,10874.833333333334,55727445.333333336,6,0,0,89,89,0,6,31,37,13,13,6,17,12,24,16,5,25,14,0,0,0,0,0,0,0,0,32,8,2,11,15,0,0,0,0,0,0,0,0,0,18,0,0,0,0,0,0,0,0,0,0,0,0,0,0,0,0,0,0,0,0,0,0,0,0,0,0,0,0,3,0,6,0,0,0,0,0,0,0,0,0,0,0,0,0,0,0,0,0,0,0,10,0,0,0,0,2,0,4,1,0,1,1,2,4,0,1,0,3,0,1,23,274
dchester,8be697b10fc36e14ba91b0b22868aae1db7771d1,0,67653.0,64694954.666666664,6,0,0,89,89,0,6,31,37,13,13,6,17,12,24,16,5,25,14,0,0,0,0,0,0,0,0,32,8,2,11,15,0,0,0,0,0,0,0,0,0,18,0,0,0,0,0,0,0,0,0,0,0,0,0,0,0,0,0,0,0,0,0,0,0,0,0,0,0,0,3,0,6,0,0,0,0,0,0,0,0,0,0,0,0,0,0,0,0,0,0,0,10,0,0,0,0,2,0,4,1,0,1,1,2,4,0,1,0,3,0,1,23,274
jsonpathly,8be697b10fc36e14ba91b0b22868aae1db7771d1,0,41791.666666666664,59064320.0,6,0,0,89,89,0,6,31,37,13,13,6,17,12,24,16,5,25,14,0,0,0,0,0,0,0,0,32,8,2,11,15,0,0,0,0,0,0,0,0,0,18,0,0,0,0,0,0,0,0,0,0,0,0,0,0,0,0,0,0,0,0,0,0,0,0,0,0,0,0,3,0,6,0,0,0,0,0,0,0,0,0,0,0,0,0,0,0,0,0,0,0,10,0,0,0,0,2,0,4,1,0,1,1,2,4,0,1,0,3,0,1,23,274
rfc9535,8be697b10fc36e14ba91b0b22868aae1db7771d1,0,43246.5,61134165.333333336,6,0,0,89,89,0,6,31,37,13,13,6,17,12,24,16,5,25,14,0,0,0,0,0,0,0,0,32,8,2,11,15,0,0,0,0,0,0,0,0,0,18,0,0,0,0,0,0,0,0,0,0,0,0,0,0,0,0,0,0,0,0,0,0,0,0,0,0,0,0,3,0,6,0,0,0,0,0,0,0,0,0,0,0,0,0,0,0,0,0,0,0,10,0,0,0,0,2,0,4,1,0,1,1,2,4,0,1,0,3,0,1,23,274
p3,8be697b10fc36e14ba91b0b22868aae1db7771d1,0,44963.6875,60379136.0,6,0,0,89,89,0,6,31,37,13,13,6,17,12,24,16,5,25,14,0,0,0,0,0,0,0,0,32,8,2,11,15,0,0,0,0,0,0,0,0,0,18,0,0,0,0,0,0,0,0,0,0,0,0,0,0,0,0,0,0,0,0,0,0,0,0,0,0,0,0,3,0,6,0,0,0,0,0,0,0,0,0,0,0,0,0,0,0,0,0,0,0,10,0,0,0,0,2,0,4,1,0,1,1,2,4,0,1,0,3,0,1,23,274
plus,b73b9a158da197d432bdb3cb959146e03f61b587,0,9958.25,55427072.0,4,0,0,91,91,0,4,41,45,21,21,15,60,46,24,12,2,11,5,0,0,0,0,0,0,0,0,14,12,2,8,13,0,0,0,0,0,0,0,0,0,16,0,0,0,0,0,0,0,0,0,0,0,0,0,0,0,0,0,0,0,0,0,0,0,0,0,0,0,0,2,0,4,0,0,0,0,0,0,0,0,0,0,0,0,0,0,0,0,0,0,0,10,1,2,0,0,0,0,2,0,0,1,0,0,0,0,0,0,0,1,1,25,300
dchester,b73b9a158da197d432bdb3cb959146e03f61b587,0,72486.0,65983829.333333336,4,0,0,91,91,0,4,41,45,21,21,15,60,46,24,12,2,11,5,0,0,0,0,0,0,0,0,14,12,2,8,13,0,0,0,0,0,0,0,0,0,16,0,0,0,0,0,0,0,0,0,0,0,0,0,0,0,0,0,0,0,0,0,0,0,0,0,0,0,0,2,0,4,0,0,0,0,0,0,0,0,0,0,0,0,0,0,0,0,0,0,0,10,1,2,0,0,0,0,2,0,0,1,0,0,0,0,0,0,0,1,1,25,300
jsonpathly,b73b9a158da197d432bdb3cb959146e03f61b587,0,49406.0,58888192.0,4,0,0,91,91,0,4,41,45,21,21,15,60,46,24,12,2,11,5,0,0,0,0,0,0,0,0,14,12,2,8,13,0,0,0,0,0,0,0,0,0,16,0,0,0,0,0,0,0,0,0,0,0,0,0,0,0,0,0,0,0,0,0,0,0,0,0,0,0,0,2,0,4,0,0,0,0,0,0,0,0,0,0,0,0,0,0,0,0,0,0,0,10,1,2,0,0,0,0,2,0,0,1,0,0,0,0,0,0,0,1,1,25,300
rfc9535,b73b9a158da197d432bdb3cb959146e03f61b587,0,51338.5,61237248.0,4,0,0,91,91,0,4,41,45,21,21,15,60,46,24,12,2,11,5,0,0,0,0,0,0,0,0,14,12,2,8,13,0,0,0,0,0,0,0,0,0,16,0,0,0,0,0,0,0,0,0,0,0,0,0,0,0,0,0,0,0,0,0,0,0,0,0,0,0,0,2,0,4,0,0,0,0,0,0,0,0,0,0,0,0,0,0,0,0,0,0,0,10,1,2,0,0,0,0,2,0,0,1,0,0,0,0,0,0,0,1,1,25,300
p3,b73b9a158da197d432bdb3cb959146e03f61b587,0,37929.4,60391424.0,4,0,0,91,91,0,4,41,45,21,21,15,60,46,24,12,2,11,5,0,0,0,0,0,0,0,0,14,12,2,8,13,0,0,0,0,0,0,0,0,0,16,0,0,0,0,0,0,0,0,0,0,0,0,0,0,0,0,0,0,0,0,0,0,0,0,0,0,0,0,2,0,4,0,0,0,0,0,0,0,0,0,0,0,0,0,0,0,0,0,0,0,10,1,2,0,0,0,0,2,0,0,1,0,0,0,0,0,0,0,1,1,25,300
plus,73ccbb869073a3359393f63c49607fedeb1bbf3a,0,21309.9375,57104384.0,3,0,0,33,33,0,3,25,28,16,16,11,17,20,12,8,3,8,5,1,1,2,4,1,0,0,0,7,4,1,4,4,0,0,0,0,0,0,0,0,0,6,0,0,0,0,0,0,0,0,0,0,0,0,0,0,0,0,0,0,0,0,0,0,0,0,0,0,0,0,0,0,3,0,0,0,0,0,0,0,0,0,0,0,0,0,0,0,0,0,0,0,5,0,0,0,0,0,0,1,0,0,0,0,0,0,0,1,1,0,0,2,4,158
dchester,73ccbb869073a3359393f63c49607fedeb1bbf3a,0,56567.75,66011136.0,3,0,0,33,33,0,3,25,28,16,16,11,17,20,12,8,3,8,5,1,1,2,4,1,0,0,0,7,4,1,4,4,0,0,0,0,0,0,0,0,0,6,0,0,0,0,0,0,0,0,0,0,0,0,0,0,0,0,0,0,0,0,0,0,0,0,0,0,0,0,0,0,3,0,0,0,0,0,0,0,0,0,0,0,0,0,0,0,0,0,0,0,5,0,0,0,0,0,0,1,0,0,0,0,0,0,0,1,1,0,0,2,4,158
jsonpathly,73ccbb869073a3359393f63c49607fedeb1bbf3a,0,45242.25,61378560.0,3,0,0,33,33,0,3,25,28,16,16,11,17,20,12,8,3,8,5,1,1,2,4,1,0,0,0,7,4,1,4,4,0,0,0,0,0,0,0,0,0,6,0,0,0,0,0,0,0,0,0,0,0,0,0,0,0,0,0,0,0,0,0,0,0,0,0,0,0,0,0,0,3,0,0,0,0,0,0,0,0,0,0,0,0,0,0,0,0,0,0,0,5,0,0,0,0,0,0,1,0,0,0,0,0,0,0,1,1,0,0,2,4,158
rfc9535,73ccbb869073a3359393f63c49607fedeb1bbf3a,0,40979.125,61155328.0,3,0,0,33,33,0,3,25,28,16,16,11,17,20,12,8,3,8,5,1,1,2,4,1,0,0,0,7,4,1,4,4,0,0,0,0,0,0,0,0,0,6,0,0,0,0,0,0,0,0,0,0,0,0,0,0,0,0,0,0,0,0,0,0,0,0,0,0,0,0,0,0,3,0,0,0,0,0,0,0,0,0,0,0,0,0,0,0,0,0,0,0,5,0,0,0,0,0,0,1,0,0,0,0,0,0,0,1,1,0,0,2,4,158
p3,73ccbb869073a3359393f63c49607fedeb1bbf3a,0,37968.75,60702720.0,3,0,0,33,33,0,3,25,28,16,16,11,17,20,12,8,3,8,5,1,1,2,4,1,0,0,0,7,4,1,4,4,0,0,0,0,0,0,0,0,0,6,0,0,0,0,0,0,0,0,0,0,0,0,0,0,0,0,0,0,0,0,0,0,0,0,0,0,0,0,0,0,3,0,0,0,0,0,0,0,0,0,0,0,0,0,0,0,0,0,0,0,5,0,0,0,0,0,0,1,0,0,0,0,0,0,0,1,1,0,0,2,4,158
plus,49218ba846d4c2e606526a7083a63702d534213c,0,12503.166666666666,55612757.333333336,9,0,0,172,172,0,9,87,96,54,54,35,76,78,42,22,6,21,12,2,2,4,8,2,0,0,0,31,20,5,15,21,0,0,0,0,0,0,0,0,0,38,0,0,0,0,0,0,0,0,0,0,0,0,0,0,0,0,0,0,0,0,0,0,0,0,0,0,0,0,0,0,9,0,0,0,0,0,0,0,0,0,0,0,0,0,0,0,0,0,0,0,18,1,4,1,7,7,6,4,0,0,0,0,0,0,0,0,0,0,3,1,62,564
dchester,49218ba846d4c2e606526a7083a63702d534213c,0,138828.25,70148096.0,9,0,0,172,172,0,9,87,96,54,54,35,76,78,42,22,6,21,12,2,2,4,8,2,0,0,0,31,20,5,15,21,0,0,0,0,0,0,0,0,0,38,0,0,0,0,0,0,0,0,0,0,0,0,0,0,0,0,0,0,0,0,0,0,0,0,0,0,0,0,0,0,9,0,0,0,0,0,0,0,0,0,0,0,0,0,0,0,0,0,0,0,18,1,4,1,7,7,6,4,0,0,0,0,0,0,0,0,0,0,3,1,62,564
jsonpathly,49218ba846d4c2e606526a7083a63702d534213c,0,56847.0,59184469.333333336,9,0,0,172,172,0,9,87,96,54,54,35,76,78,42,22,6,21,12,2,2,4,8,2,0,0,0,31,20,5,15,21,0,0,0,0,0,0,0,0,0,38,0,0,0,0,0,0,0,0,0,0,0,0,0,0,0,0,0,0,0,0,0,0,0,0,0,0,0,0,0,0,9,0,0,0,0,0,0,0,0,0,0,0,0,0,0,0,0,0,0,0,18,1,4,1,7,7,6,4,0,0,0,0,0,0,0,0,0,0,3,1,62,564
rfc9535,49218ba846d4c2e606526a7083a63702d534213c,0,71510.3125,64888832.0,9,0,0,172,172,0,9,87,96,54,54,35,76,78,42,22,6,21,12,2,2,4,8,2,0,0,0,31,20,5,15,21,0,0,0,0,0,0,0,0,0,38,0,0,0,0,0,0,0,0,0,0,0,0,0,0,0,0,0,0,0,0,0,0,0,0,0,0,0,0,0,0,9,0,0,0,0,0,0,0,0,0,0,0,0,0,0,0,0,0,0,0,18,1,4,1,7,7,6,4,0,0,0,0,0,0,0,0,0,0,3,1,62,564
p3,49218ba846d4c2e606526a7083a63702d534213c,0,52770.78571428572,64321243.428571425,9,0,0,172,172,0,9,87,96,54,54,35,76,78,42,22,6,21,12,2,2,4,8,2,0,0,0,31,20,5,15,21,0,0,0,0,0,0,0,0,0,38,0,0,0,0,0,0,0,0,0,0,0,0,0,0,0,0,0,0,0,0,0,0,0,0,0,0,0,0,0,0,9,0,0,0,0,0,0,0,0,0,0,0,0,0,0,0,0,0,0,0,18,1,4,1,7,7,6,4,0,0,0,0,0,0,0,0,0,0,3,1,62,564
plus,dff309efb5cb4e5308640650676c98c9092ab3d7,0,17885.5,56760320.0,7,0,0,334,334,0,7,137,144,72,72,51,135,111,72,35,6,12,6,4,3,6,15,3,1,1,0,23,37,3,9,10,0,0,0,0,0,0,0,0,0,426,0,0,0,0,0,0,0,0,0,0,0,0,0,0,0,0,0,0,0,0,0,0,0,0,0,1,0,0,7,0,7,0,0,3,0,0,0,0,0,0,0,0,0,0,0,0,0,0,0,0,120,5,22,3,8,9,11,35,4,3,7,1,1,1,5,3,6,10,17,5,344,808
dchester,dff309efb5cb4e5308640650676c98c9092ab3d7,0,228005.375,69578752.0,7,0,0,334,334,0,7,137,144,72,72,51,135,111,72,35,6,12,6,4,3,6,15,3,1,1,0,23,37,3,9,10,0,0,0,0,0,0,0,0,0,426,0,0,0,0,0,0,0,0,0,0,0,0,0,0,0,0,0,0,0,0,0,0,0,0,0,1,0,0,7,0,7,0,0,3,0,0,0,0,0,0,0,0,0,0,0,0,0,0,0,0,120,5,22,3,8,9,11,35,4,3,7,1,1,1,5,3,6,10,17,5,344,808
jsonpathly,dff309efb5cb4e5308640650676c98c9092ab3d7,0,86798.91666666667,63919445.333333336,7,0,0,334,334,0,7,137,144,72,72,51,135,111,72,35,6,12,6,4,3,6,15,3,1,1,0,23,37,3,9,10,0,0,0,0,0,0,0,0,0,426,0,0,0,0,0,0,0,0,0,0,0,0,0,0,0,0,0,0,0,0,0,0,0,0,0,1,0,0,7,0,7,0,0,3,0,0,0,0,0,0,0,0,0,0,0,0,0,0,0,0,120,5,22,3,8,9,11,35,4,3,7,1,1,1,5,3,6,10,17,5,344,808
rfc9535,dff309efb5cb4e5308640650676c98c9092ab3d7,0,101286.4375,67121152.0,7,0,0,334,334,0,7,137,144,72,72,51,135,111,72,35,6,12,6,4,3,6,15,3,1,1,0,23,37,3,9,10,0,0,0,0,0,0,0,0,0,426,0,0,0,0,0,0,0,0,0,0,0,0,0,0,0,0,0,0,0,0,0,0,0,0,0,1,0,0,7,0,7,0,0,3,0,0,0,0,0,0,0,0,0,0,0,0,0,0,0,0,120,5,22,3,8,9,11,35,4,3,7,1,1,1,5,3,6,10,17,5,344,808
p3,dff309efb5cb4e5308640650676c98c9092ab3d7,0,69364.66666666667,64383658.666666664,7,0,0,334,334,0,7,137,144,72,72,51,135,111,72,35,6,12,6,4,3,6,15,3,1,1,0,23,37,3,9,10,0,0,0,0,0,0,0,0,0,426,0,0,0,0,0,0,0,0,0,0,0,0,0,0,0,0,0,0,0,0,0,0,0,0,0,1,0,0,7,0,7,0,0,3,0,0,0,0,0,0,0,0,0,0,0,0,0,0,0,0,120,5,22,3,8,9,11,35,4,3,7,1,1,1,5,3,6,10,17,5,344,808
plus,94fca8691e86fc4686242f3603d7271d2986c29a,0,20770.666666666668,57212928.0,9,0,0,287,287,0,9,175,184,92,92,59,145,122,92,46,6,20,24,3,1,2,10,1,2,2,0,34,46,10,45,57,0,0,0,0,0,0,0,0,0,28,0,0,0,0,0,0,0,0,0,0,0,0,0,0,0,0,0,0,0,0,0,0,0,0,0,0,0,0,2,0,9,0,0,0,0,0,0,0,0,0,0,0,0,0,0,0,0,0,0,0,11,1,2,0,0,0,0,2,0,0,1,0,0,0,1,0,0,0,1,2,19,1054
dchester,94fca8691e86fc4686242f3603d7271d2986c29a,0,272868.1666666667,71538005.33333333,9,0,0,287,287,0,9,175,184,92,92,59,145,122,92,46,6,20,24,3,1,2,10,1,2,2,0,34,46,10,45,57,0,0,0,0,0,0,0,0,0,28,0,0,0,0,0,0,0,0,0,0,0,0,0,0,0,0,0,0,0,0,0,0,0,0,0,0,0,0,2,0,9,0,0,0,0,0,0,0,0,0,0,0,0,0,0,0,0,0,0,0,11,1,2,0,0,0,0,2,0,0,1,0,0,0,1,0,0,0,1,2,19,1054
jsonpathly,94fca8691e86fc4686242f3603d7271d2986c29a,0,95201.33333333333,60811946.666666664,9,0,0,287,287,0,9,175,184,92,92,59,145,122,92,46,6,20,24,3,1,2,10,1,2,2,0,34,46,10,45,57,0,0,0,0,0,0,0,0,0,28,0,0,0,0,0,0,0,0,0,0,0,0,0,0,0,0,0,0,0,0,0,0,0,0,0,0,0,0,2,0,9,0,0,0,0,0,0,0,0,0,0,0,0,0,0,0,0,0,0,0,11,1,2,0,0,0,0,2,0,0,1,0,0,0,1,0,0,0,1,2,19,1054
rfc9535,94fca8691e86fc4686242f3603d7271d2986c29a,0,121546.75,66965504.0,9,0,0,287,287,0,9,175,184,92,92,59,145,122,92,46,6,20,24,3,1,2,10,1,2,2,0,34,46,10,45,57,0,0,0,0,0,0,0,0,0,28,0,0,0,0,0,0,0,0,0,0,0,0,0,0,0,0,0,0,0,0,0,0,0,0,0,0,0,0,2,0,9,0,0,0,0,0,0,0,0,0,0,0,0,0,0,0,0,0,0,0,11,1,2,0,0,0,0,2,0,0,1,0,0,0,1,0,0,0,1,2,19,1054
p3,94fca8691e86fc4686242f3603d7271d2986c29a,0,83804.4,64992051.2,9,0,0,287,287,0,9,175,184,92,92,59,145,122,92,46,6,20,24,3,1,2,10,1,2,2,0,34,46,10,45,57,0,0,0,0,0,0,0,0,0,28,0,0,0,0,0,0,0,0,0,0,0,0,0,0,0,0,0,0,0,0,0,0,0,0,0,0,0,0,2,0,9,0,0,0,0,0,0,0,0,0,0,0,0,0,0,0,0,0,0,0,11,1,2,0,0,0,0,2,0,0,1,0,0,0,1,0,0,0,1,2,19,1054
plus,1c62bbb7ea1c7e4e0e8c3d4feb2221bb4cd25cbb,0,27562.5,57185621.333333336,9,0,0,421,421,0,9,188,197,102,102,72,235,195,95,49,15,51,34,2,1,3,6,1,1,0,1,83,46,11,41,58,0,0,0,0,0,0,0,0,0,5,0,0,0,0,0,0,0,0,0,0,0,0,0,0,0,0,0,0,0,0,0,0,0,0,0,0,0,0,16,0,9,0,0,0,0,0,0,0,0,0,0,0,0,0,0,0,0,0,0,0,10,0,0,0,0,0,0,4,0,0,2,0,0,0,0,1,0,3,0,1,33,1355
dchester,1c62bbb7ea1c7e4e0e8c3d4feb2221bb4cd25cbb,0,310191.5,71276953.6,9,0,0,421,421,0,9,188,197,102,102,72,235,195,95,49,15,51,34,2,1,3,6,1,1,0,1,83,46,11,41,58,0,0,0,0,0,0,0,0,0,5,0,0,0,0,0,0,0,0,0,0,0,0,0,0,0,0,0,0,0,0,0,0,0,0,0,0,0,0,16,0,9,0,0,0,0,0,0,0,0,0,0,0,0,0,0,0,0,0,0,0,10,0,0,0,0,0,0,4,0,0,2,0,0,0,0,1,0,3,0,1,33,1355
jsonpathly,1c62bbb7ea1c7e4e0e8c3d4feb2221bb4cd25cbb,0,107479.2,64041779.2,9,0,0,421,421,0,9,188,197,102,102,72,235,195,95,49,15,51,34,2,1,3,6,1,1,0,1,83,46,11,41,58,0,0,0,0,0,0,0,0,0,5,0,0,0,0,0,0,0,0,0,0,0,0,0,0,0,0,0,0,0,0,0,0,0,0,0,0,0,0,16,0,9,0,0,0,0,0,0,0,0,0,0,0,0,0,0,0,0,0,0,0,10,0,0,0,0,0,0,4,0,0,2,0,0,0,0,1,0,3,0,1,33,1355
rfc9535,1c62bbb7ea1c7e4e0e8c3d4feb2221bb4cd25cbb,0,149493.08333333334,67821568.0,9,0,0,421,421,0,9,188,197,102,102,72,235,195,95,49,15,51,34,2,1,3,6,1,1,0,1,83,46,11,41,58,0,0,0,0,0,0,0,0,0,5,0,0,0,0,0,0,0,0,0,0,0,0,0,0,0,0,0,0,0,0,0,0,0,0,0,0,0,0,16,0,9,0,0,0,0,0,0,0,0,0,0,0,0,0,0,0,0,0,0,0,10,0,0,0,0,0,0,4,0,0,2,0,0,0,0,1,0,3,0,1,33,1355
p3,1c62bbb7ea1c7e4e0e8c3d4feb2221bb4cd25cbb,0,98275.1,65267302.4,9,0,0,421,421,0,9,188,197,102,102,72,235,195,95,49,15,51,34,2,1,3,6,1,1,0,1,83,46,11,41,58,0,0,0,0,0,0,0,0,0,5,0,0,0,0,0,0,0,0,0,0,0,0,0,0,0,0,0,0,0,0,0,0,0,0,0,0,0,0,16,0,9,0,0,0,0,0,0,0,0,0,0,0,0,0,0,0,0,0,0,0,10,0,0,0,0,0,0,4,0,0,2,0,0,0,0,1,0,3,0,1,33,1355
plus,9a705725b22cdf8d48d6de0f654ca58847af523b,0,7476.75,54734848.0,9,4,3,47,50,4,2,19,21,11,11,10,29,31,10,4,0,0,0,0,0,0,0,0,0,0,0,0,6,0,0,0,0,0,0,0,0,0,0,0,0,65,0,0,0,0,0,0,0,0,0,0,0,0,0,0,0,0,0,0,0,0,0,0,0,0,0,1,0,0,0,0,5,0,0,0,0,0,0,0,0,0,0,0,0,0,0,0,0,0,0,0,19,1,4,2,4,4,4,4,1,0,0,0,0,0,0,0,1,0,3,2,58,135
dchester,9a705725b22cdf8d48d6de0f654ca58847af523b,0,51666.666666666664,64886101.333333336,9,4,3,47,50,4,2,19,21,11,11,10,29,31,10,4,0,0,0,0,0,0,0,0,0,0,0,0,6,0,0,0,0,0,0,0,0,0,0,0,0,65,0,0,0,0,0,0,0,0,0,0,0,0,0,0,0,0,0,0,0,0,0,0,0,0,0,1,0,0,0,0,5,0,0,0,0,0,0,0,0,0,0,0,0,0,0,0,0,0,0,0,19,1,4,2,4,4,4,4,1,0,0,0,0,0,0,0,1,0,3,2,58,135
jsonpathly,9a705725b22cdf8d48d6de0f654ca58847af523b,0,36215.083333333336,57871018.666666664,9,4,3,47,50,4,2,19,21,11,11,10,29,31,10,4,0,0,0,0,0,0,0,0,0,0,0,0,6,0,0,0,0,0,0,0,0,0,0,0,0,65,0,0,0,0,0,0,0,0,0,0,0,0,0,0,0,0,0,0,0,0,0,0,0,0,0,1,0,0,0,0,5,0,0,0,0,0,0,0,0,0,0,0,0,0,0,0,0,0,0,0,19,1,4,2,4,4,4,4,1,0,0,0,0,0,0,0,1,0,3,2,58,135
rfc9535,9a705725b22cdf8d48d6de0f654ca58847af523b,0,34299.625,60233728.0,9,4,3,47,50,4,2,19,21,11,11,10,29,31,10,4,0,0,0,0,0,0,0,0,0,0,0,0,6,0,0,0,0,0,0,0,0,0,0,0,0,65,0,0,0,0,0,0,0,0,0,0,0,0,0,0,0,0,0,0,0,0,0,0,0,0,0,1,0,0,0,0,5,0,0,0,0,0,0,0,0,0,0,0,0,0,0,0,0,0,0,0,19,1,4,2,4,4,4,4,1,0,0,0,0,0,0,0,1,0,3,2,58,135
p3,9a705725b22cdf8d48d6de0f654ca58847af523b,0,32487.0,58789888.0,9,4,3,47,50,4,2,19,21,11,11,10,29,31,10,4,0,0,0,0,0,0,0,0,0,0,0,0,6,0,0,0,0,0,0,0,0,0,0,0,0,65,0,0,0,0,0,0,0,0,0,0,0,0,0,0,0,0,0,0,0,0,0,0,0,0,0,1,0,0,0,0,5,0,0,0,0,0,0,0,0,0,0,0,0,0,0,0,0,0,0,0,19,1,4,2,4,4,4,4,1,0,0,0,0,0,0,0,1,0,3,2,58,135
plus,faa6f2b376485ae32ed7e53ff6dd0ed335154730,0,11868.166666666666,56098816.0,8,4,3,25,28,2,3,6,8,6,7,6,26,19,2,2,1,1,0,0,0,0,0,0,0,0,0,0,0,0,0,0,1,1,0,0,0,0,0,0,0,167,0,0,0,0,0,0,0,0,0,0,0,0,0,0,0,0,0,0,0,0,0,0,0,0,0,1,0,0,1,0,4,0,0,2,0,0,0,0,0,0,0,0,0,0,0,0,0,0,0,0,56,2,5,1,1,1,2,21,3,2,2,0,0,0,3,3,3,13,3,4,139,70
dchester,faa6f2b376485ae32ed7e53ff6dd0ed335154730,0,nan,nan,8,4,3,25,28,2,3,6,8,6,7,6,26,19,2,2,1,1,0,0,0,0,0,0,0,0,0,0,0,0,0,0,1,1,0,0,0,0,0,0,0,167,0,0,0,0,0,0,0,0,0,0,0,0,0,0,0,0,0,0,0,0,0,0,0,0,0,1,0,0,1,0,4,0,0,2,0,0,0,0,0,0,0,0,0,0,0,0,0,0,0,0,56,2,5,1,1,1,2,21,3,2,2,0,0,0,3,3,3,13,3,4,139,70
jsonpathly,faa6f2b376485ae32ed7e53ff6dd0ed335154730,0,34591.0,58351616.0,8,4,3,25,28,2,3,6,8,6,7,6,26,19,2,2,1,1,0,0,0,0,0,0,0,0,0,0,0,0,0,0,1,1,0,0,0,0,0,0,0,167,0,0,0,0,0,0,0,0,0,0,0,0,0,0,0,0,0,0,0,0,0,0,0,0,0,1,0,0,1,0,4,0,0,2,0,0,0,0,0,0,0,0,0,0,0,0,0,0,0,0,56,2,5,1,1,1,2,21,3,2,2,0,0,0,3,3,3,13,3,4,139,70
rfc9535,faa6f2b376485ae32ed7e53ff6dd0ed335154730,0,25976.071428571428,59459876.571428575,8,4,3,25,28,2,3,6,8,6,7,6,26,19,2,2,1,1,0,0,0,0,0,0,0,0,0,0,0,0,0,0,1,1,0,0,0,0,0,0,0,167,0,0,0,0,0,0,0,0,0,0,0,0,0,0,0,0,0,0,0,0,0,0,0,0,0,1,0,0,1,0,4,0,0,2,0,0,0,0,0,0,0,0,0,0,0,0,0,0,0,0,56,2,5,1,1,1,2,21,3,2,2,0,0,0,3,3,3,13,3,4,139,70
p3,faa6f2b376485ae32ed7e53ff6dd0ed335154730,0,35986.166666666664,59462997.333333336,8,4,3,25,28,2,3,6,8,6,7,6,26,19,2,2,1,1,0,0,0,0,0,0,0,0,0,0,0,0,0,0,1,1,0,0,0,0,0,0,0,167,0,0,0,0,0,0,0,0,0,0,0,0,0,0,0,0,0,0,0,0,0,0,0,0,0,1,0,0,1,0,4,0,0,2,0,0,0,0,0,0,0,0,0,0,0,0,0,0,0,0,56,2,5,1,1,1,2,21,3,2,2,0,0,0,3,3,3,13,3,4,139,70
plus,3e866cc03da9524282570521cd20ba732d55bfaa,0,5642.333333333333,54495914.666666664,1,0,0,250,250,0,1,5,6,2,2,7,85,50,4,2,0,0,0,6,3,6,21,3,3,3,0,0,2,0,0,0,0,0,0,0,0,0,0,0,0,913,0,0,0,0,0,0,0,0,0,0,0,0,0,0,0,0,0,0,0,0,0,0,0,0,0,4,0,0,62,0,1,0,0,3,0,0,0,0,0,0,0,0,0,0,0,0,0,0,0,0,291,8,43,9,28,44,40,95,12,3,17,6,16,26,16,9,13,43,35,7,954,38
dchester,3e866cc03da9524282570521cd20ba732d55bfaa,0,34387.8,63376588.8,1,0,0,250,250,0,1,5,6,2,2,7,85,50,4,2,0,0,0,6,3,6,21,3,3,3,0,0,2,0,0,0,0,0,0,0,0,0,0,0,0,913,0,0,0,0,0,0,0,0,0,0,0,0,0,0,0,0,0,0,0,0,0,0,0,0,0,4,0,0,62,0,1,0,0,3,0,0,0,0,0,0,0,0,0,0,0,0,0,0,0,0,291,8,43,9,28,44,40,95,12,3,17,6,16,26,16,9,13,43,35,7,954,38
jsonpathly,3e866cc03da9524282570521cd20ba732d55bfaa,0,21143.25,57446400.0,1,0,0,250,250,0,1,5,6,2,2,7,85,50,4,2,0,0,0,6,3,6,21,3,3,3,0,0,2,0,0,0,0,0,0,0,0,0,0,0,0,913,0,0,0,0,0,0,0,0,0,0,0,0,0,0,0,0,0,0,0,0,0,0,0,0,0,4,0,0,62,0,1,0,0,3,0,0,0,0,0,0,0,0,0,0,0,0,0,0,0,0,291,8,43,9,28,44,40,95,12,3,17,6,16,26,16,9,13,43,35,7,954,38
rfc9535,3e866cc03da9524282570521cd20ba732d55bfaa,0,15919.25,58189824.0,1,0,0,250,250,0,1,5,6,2,2,7,85,50,4,2,0,0,0,6,3,6,21,3,3,3,0,0,2,0,0,0,0,0,0,0,0,0,0,0,0,913,0,0,0,0,0,0,0,0,0,0,0,0,0,0,0,0,0,0,0,0,0,0,0,0,0,4,0,0,62,0,1,0,0,3,0,0,0,0,0,0,0,0,0,0,0,0,0,0,0,0,291,8,43,9,28,44,40,95,12,3,17,6,16,26,16,9,13,43,35,7,954,38
p3,3e866cc03da9524282570521cd20ba732d55bfaa,0,17533.875,55728128.0,1,0,0,250,250,0,1,5,6,2,2,7,85,50,4,2,0,0,0,6,3,6,21,3,3,3,0,0,2,0,0,0,0,0,0,0,0,0,0,0,0,913,0,0,0,0,0,0,0,0,0,0,0,0,0,0,0,0,0,0,0,0,0,0,0,0,0,4,0,0,62,0,1,0,0,3,0,0,0,0,0,0,0,0,0,0,0,0,0,0,0,0,291,8,43,9,28,44,40,95,12,3,17,6,16,26,16,9,13,43,35,7,954,38
plus,5ac0521155c582e8befbb2c3e02466d47938e34d,0,4654.857142857143,54415945.14285714,5,0,0,29,29,0,5,0,0,0,0,1,13,8,5,5,5,13,5,1,0,1,2,0,1,0,1,13,0,0,0,0,5,0,0,0,0,0,0,0,0,57,0,0,0,0,0,0,0,0,0,0,0,0,0,0,0,0,0,0,0,0,0,0,0,0,0,1,0,0,0,0,5,0,0,1,0,0,0,0,0,0,0,0,0,0,0,0,0,0,0,0,30,1,3,2,5,5,4,10,1,1,0,0,0,0,1,1,2,6,2,3,94,59
dchester,5ac0521155c582e8befbb2c3e02466d47938e34d,0,40700.625,63787008.0,5,0,0,29,29,0,5,0,0,0,0,1,13,8,5,5,5,13,5,1,0,1,2,0,1,0,1,13,0,0,0,0,5,0,0,0,0,0,0,0,0,57,0,0,0,0,0,0,0,0,0,0,0,0,0,0,0,0,0,0,0,0,0,0,0,0,0,1,0,0,0,0,5,0,0,1,0,0,0,0,0,0,0,0,0,0,0,0,0,0,0,0,30,1,3,2,5,5,4,10,1,1,0,0,0,0,1,1,2,6,2,3,94,59
jsonpathly,5ac0521155c582e8befbb2c3e02466d47938e34d,0,25083.375,57735168.0,5,0,0,29,29,0,5,0,0,0,0,1,13,8,5,5,5,13,5,1,0,1,2,0,1,0,1,13,0,0,0,0,5,0,0,0,0,0,0,0,0,57,0,0,0,0,0,0,0,0,0,0,0,0,0,0,0,0,0,0,0,0,0,0,0,0,0,1,0,0,0,0,5,0,0,1,0,0,0,0,0,0,0,0,0,0,0,0,0,0,0,0,30,1,3,2,5,5,4,10,1,1,0,0,0,0,1,1,2,6,2,3,94,59
rfc9535,5ac0521155c582e8befbb2c3e02466d47938e34d,0,15755.125,58261504.0,5,0,0,29,29,0,5,0,0,0,0,1,13,8,5,5,5,13,5,1,0,1,2,0,1,0,1,13,0,0,0,0,5,0,0,0,0,0,0,0,0,57,0,0,0,0,0,0,0,0,0,0,0,0,0,0,0,0,0,0,0,0,0,0,0,0,0,1,0,0,0,0,5,0,0,1,0,0,0,0,0,0,0,0,0,0,0,0,0,0,0,0,30,1,3,2,5,5,4,10,1,1,0,0,0,0,1,1,2,6,2,3,94,59
p3,5ac0521155c582e8befbb2c3e02466d47938e34d,0,16622.375,56768512.0,5,0,0,29,29,0,5,0,0,0,0,1,13,8,5,5,5,13,5,1,0,1,2,0,1,0,1,13,0,0,0,0,5,0,0,0,0,0,0,0,0,57,0,0,0,0,0,0,0,0,0,0,0,0,0,0,0,0,0,0,0,0,0,0,0,0,0,1,0,0,0,0,5,0,0,1,0,0,0,0,0,0,0,0,0,0,0,0,0,0,0,0,30,1,3,2,5,5,4,10,1,1,0,0,0,0,1,1,2,6,2,3,94,59
plus,01626e9ab607e6e73e88dd6a0d51e57d1f40e884,0,3479.0,54198272.0,3,0,0,80,80,0,3,0,0,0,0,2,21,9,3,3,3,7,0,1,0,1,2,0,1,0,1,5,0,0,0,0,3,0,0,0,0,0,0,0,0,288,0,0,0,0,0,0,0,0,0,0,0,0,0,0,0,0,0,0,0,0,0,0,0,0,0,3,0,0,20,0,3,0,0,1,0,0,0,0,0,0,0,0,0,0,0,0,0,0,0,0,91,3,19,7,17,17,17,24,3,1,3,0,0,0,2,1,4,4,16,3,300,33
dchester,01626e9ab607e6e73e88dd6a0d51e57d1f40e884,0,29622.375,62892032.0,3,0,0,80,80,0,3,0,0,0,0,2,21,9,3,3,3,7,0,1,0,1,2,0,1,0,1,5,0,0,0,0,3,0,0,0,0,0,0,0,0,288,0,0,0,0,0,0,0,0,0,0,0,0,0,0,0,0,0,0,0,0,0,0,0,0,0,3,0,0,20,0,3,0,0,1,0,0,0,0,0,0,0,0,0,0,0,0,0,0,0,0,91,3,19,7,17,17,17,24,3,1,3,0,0,0,2,1,4,4,16,3,300,33
jsonpathly,01626e9ab607e6e73e88dd6a0d51e57d1f40e884,0,19497.4375,57350144.0,3,0,0,80,80,0,3,0,0,0,0,2,21,9,3,3,3,7,0,1,0,1,2,0,1,0,1,5,0,0,0,0,3,0,0,0,0,0,0,0,0,288,0,0,0,0,0,0,0,0,0,0,0,0,0,0,0,0,0,0,0,0,0,0,0,0,0,3,0,0,20,0,3,0,0,1,0,0,0,0,0,0,0,0,0,0,0,0,0,0,0,0,91,3,19,7,17,17,17,24,3,1,3,0,0,0,2,1,4,4,16,3,300,33
rfc9535,01626e9ab607e6e73e88dd6a0d51e57d1f40e884,0,11425.1,58038681.6,3,0,0,80,80,0,3,0,0,0,0,2,21,9,3,3,3,7,0,1,0,1,2,0,1,0,1,5,0,0,0,0,3,0,0,0,0,0,0,0,0,288,0,0,0,0,0,0,0,0,0,0,0,0,0,0,0,0,0,0,0,0,0,0,0,0,0,3,0,0,20,0,3,0,0,1,0,0,0,0,0,0,0,0,0,0,0,0,0,0,0,0,91,3,19,7,17,17,17,24,3,1,3,0,0,0,2,1,4,4,16,3,300,33
p3,01626e9ab607e6e73e88dd6a0d51e57d1f40e884,0,11023.4375,55437312.0,3,0,0,80,80,0,3,0,0,0,0,2,21,9,3,3,3,7,0,1,0,1,2,0,1,0,1,5,0,0,0,0,3,0,0,0,0,0,0,0,0,288,0,0,0,0,0,0,0,0,0,0,0,0,0,0,0,0,0,0,0,0,0,0,0,0,0,3,0,0,20,0,3,0,0,1,0,0,0,0,0,0,0,0,0,0,0,0,0,0,0,0,91,3,19,7,17,17,17,24,3,1,3,0,0,0,2,1,4,4,16,3,300,33
plus,6fe6cee0b8292c303d16dd026a2f8c8c3b269a2b,0,2746.0,54273638.4,0,0,0,0,0,0,0,0,0,0,0,2,18,10,0,0,0,0,0,0,0,0,0,0,0,0,0,0,0,0,0,0,0,0,0,0,0,0,0,0,0,19,0,0,0,0,0,0,0,0,0,0,0,0,0,0,0,0,0,0,0,0,0,0,0,0,0,1,0,0,0,0,0,0,0,0,0,0,0,0,0,0,0,0,0,0,0,0,0,0,0,0,16,0,0,0,0,0,0,7,2,0,0,0,0,0,0,1,0,6,0,1,53,1
dchester,6fe6cee0b8292c303d16dd026a2f8c8c3b269a2b,0,4633.2,60004761.6,0,0,0,0,0,0,0,0,0,0,0,2,18,10,0,0,0,0,0,0,0,0,0,0,0,0,0,0,0,0,0,0,0,0,0,0,0,0,0,0,0,19,0,0,0,0,0,0,0,0,0,0,0,0,0,0,0,0,0,0,0,0,0,0,0,0,0,1,0,0,0,0,0,0,0,0,0,0,0,0,0,0,0,0,0,0,0,0,0,0,0,0,16,0,0,0,0,0,0,7,2,0,0,0,0,0,0,1,0,6,0,1,53,1
jsonpathly,6fe6cee0b8292c303d16dd026a2f8c8c3b269a2b,0,8484.25,56512512.0,0,0,0,0,0,0,0,0,0,0,0,2,18,10,0,0,0,0,0,0,0,0,0,0,0,0,0,0,0,0,0,0,0,0,0,0,0,0,0,0,0,19,0,0,0,0,0,0,0,0,0,0,0,0,0,0,0,0,0,0,0,0,0,0,0,0,0,1,0,0,0,0,0,0,0,0,0,0,0,0,0,0,0,0,0,0,0,0,0,0,0,0,16,0,0,0,0,0,0,7,2,0,0,0,0,0,0,1,0,6,0,1,53,1
rfc9535,6fe6cee0b8292c303d16dd026a2f8c8c3b269a2b,0,5708.2,57776537.6,0,0,0,0,0,0,0,0,0,0,0,2,18,10,0,0,0,0,0,0,0,0,0,0,0,0,0,0,0,0,0,0,0,0,0,0,0,0,0,0,0,19,0,0,0,0,0,0,0,0,0,0,0,0,0,0,0,0,0,0,0,0,0,0,0,0,0,1,0,0,0,0,0,0,0,0,0,0,0,0,0,0,0,0,0,0,0,0,0,0,0,0,16,0,0,0,0,0,0,7,2,0,0,0,0,0,0,1,0,6,0,1,53,1
p3,6fe6cee0b8292c303d16dd026a2f8c8c3b269a2b,0,1862.1875,54542336.0,0,0,0,0,0,0,0,0,0,0,0,2,18,10,0,0,0,0,0,0,0,0,0,0,0,0,0,0,0,0,0,0,0,0,0,0,0,0,0,0,0,19,0,0,0,0,0,0,0,0,0,0,0,0,0,0,0,0,0,0,0,0,0,0,0,0,0,1,0,0,0,0,0,0,0,0,0,0,0,0,0,0,0,0,0,0,0,0,0,0,0,0,16,0,0,0,0,0,0,7,2,0,0,0,0,0,0,1,0,6,0,1,53,1
plus,108bcef84b27e711914df838416612b475674c7c,0,5254.1,54489907.2,8,0,0,87,87,0,8,0,0,0,0,0,0,0,8,8,8,42,12,4,2,4,14,2,2,2,0,69,0,0,0,0,8,0,0,0,0,0,0,0,0,24,0,0,0,0,0,0,0,0,0,0,0,0,0,0,0,0,0,0,0,0,0,0,0,0,0,0,0,0,6,0,8,0,0,0,0,0,0,0,0,0,0,0,0,0,0,0,0,0,0,0,10,0,0,0,0,2,0,4,1,0,1,1,2,2,0,1,0,3,0,1,31,204
dchester,108bcef84b27e711914df838416612b475674c7c,0,44726.3125,64552960.0,8,0,0,87,87,0,8,0,0,0,0,0,0,0,8,8,8,42,12,4,2,4,14,2,2,2,0,69,0,0,0,0,8,0,0,0,0,0,0,0,0,24,0,0,0,0,0,0,0,0,0,0,0,0,0,0,0,0,0,0,0,0,0,0,0,0,0,0,0,0,6,0,8,0,0,0,0,0,0,0,0,0,0,0,0,0,0,0,0,0,0,0,10,0,0,0,0,2,0,4,1,0,1,1,2,2,0,1,0,3,0,1,31,204
jsonpathly,108bcef84b27e711914df838416612b475674c7c,0,42185.0,57835520.0,8,0,0,87,87,0,8,0,0,0,0,0,0,0,8,8,8,42,12,4,2,4,14,2,2,2,0,69,0,0,0,0,8,0,0,0,0,0,0,0,0,24,0,0,0,0,0,0,0,0,0,0,0,0,0,0,0,0,0,0,0,0,0,0,0,0,0,0,0,0,6,0,8,0,0,0,0,0,0,0,0,0,0,0,0,0,0,0,0,0,0,0,10,0,0,0,0,2,0,4,1,0,1,1,2,2,0,1,0,3,0,1,31,204
rfc9535,108bcef84b27e711914df838416612b475674c7c,0,26628.583333333332,58195968.0,8,0,0,87,87,0,8,0,0,0,0,0,0,0,8,8,8,42,12,4,2,4,14,2,2,2,0,69,0,0,0,0,8,0,0,0,0,0,0,0,0,24,0,0,0,0,0,0,0,0,0,0,0,0,0,0,0,0,0,0,0,0,0,0,0,0,0,0,0,0,6,0,8,0,0,0,0,0,0,0,0,0,0,0,0,0,0,0,0,0,0,0,10,0,0,0,0,2,0,4,1,0,1,1,2,2,0,1,0,3,0,1,31,204
p3,108bcef84b27e711914df838416612b475674c7c,0,31786.3125,58327040.0,8,0,0,87,87,0,8,0,0,0,0,0,0,0,8,8,8,42,12,4,2,4,14,2,2,2,0,69,0,0,0,0,8,0,0,0,0,0,0,0,0,24,0,0,0,0,0,0,0,0,0,0,0,0,0,0,0,0,0,0,0,0,0,0,0,0,0,0,0,0,6,0,8,0,0,0,0,0,0,0,0,0,0,0,0,0,0,0,0,0,0,0,10,0,0,0,0,2,0,4,1,0,1,1,2,2,0,1,0,3,0,1,31,204
plus,c52f4e63fd63f624fe190d58730aee86fe6ee7c4,0,5485.833333333333,54405802.666666664,9,0,0,79,79,0,9,0,0,0,0,0,1,0,9,9,9,42,13,1,0,0,3,0,1,1,0,66,0,0,0,0,9,0,0,0,0,0,0,0,0,36,0,0,0,0,0,0,0,0,0,0,0,0,0,0,0,0,0,0,0,0,0,0,0,0,0,0,0,0,0,0,9,0,0,0,0,0,0,0,0,0,0,0,0,0,0,0,0,0,0,0,15,0,0,0,0,0,0,5,0,0,0,0,0,0,1,1,2,4,0,2,20,189
dchester,c52f4e63fd63f624fe190d58730aee86fe6ee7c4,0,37785.0,64290816.0,9,0,0,79,79,0,9,0,0,0,0,0,1,0,9,9,9,42,13,1,0,0,3,0,1,1,0,66,0,0,0,0,9,0,0,0,0,0,0,0,0,36,0,0,0,0,0,0,0,0,0,0,0,0,0,0,0,0,0,0,0,0,0,0,0,0,0,0,0,0,0,0,9,0,0,0,0,0,0,0,0,0,0,0,0,0,0,0,0,0,0,0,15,0,0,0,0,0,0,5,0,0,0,0,0,0,1,1,2,4,0,2,20,189
jsonpathly,c52f4e63fd63f624fe190d58730aee86fe6ee7c4,0,44567.625,58368000.0,9,0,0,79,79,0,9,0,0,0,0,0,1,0,9,9,9,42,13,1,0,0,3,0,1,1,0,66,0,0,0,0,9,0,0,0,0,0,0,0,0,36,0,0,0,0,0,0,0,0,0,0,0,0,0,0,0,0,0,0,0,0,0,0,0,0,0,0,0,0,0,0,9,0,0,0,0,0,0,0,0,0,0,0,0,0,0,0,0,0,0,0,15,0,0,0,0,0,0,5,0,0,0,0,0,0,1,1,2,4,0,2,20,189
rfc9535,c52f4e63fd63f624fe190d58730aee86fe6ee7c4,0,27200.4375,58251264.0,9,0,0,79,79,0,9,0,0,0,0,0,1,0,9,9,9,42,13,1,0,0,3,0,1,1,0,66,0,0,0,0,9,0,0,0,0,0,0,0,0,36,0,0,0,0,0,0,0,0,0,0,0,0,0,0,0,0,0,0,0,0,0,0,0,0,0,0,0,0,0,0,9,0,0,0,0,0,0,0,0,0,0,0,0,0,0,0,0,0,0,0,15,0,0,0,0,0,0,5,0,0,0,0,0,0,1,1,2,4,0,2,20,189
p3,c52f4e63fd63f624fe190d58730aee86fe6ee7c4,0,32877.6875,58937344.0,9,0,0,79,79,0,9,0,0,0,0,0,1,0,9,9,9,42,13,1,0,0,3,0,1,1,0,66,0,0,0,0,9,0,0,0,0,0,0,0,0,36,0,0,0,0,0,0,0,0,0,0,0,0,0,0,0,0,0,0,0,0,0,0,0,0,0,0,0,0,0,0,9,0,0,0,0,0,0,0,0,0,0,0,0,0,0,0,0,0,0,0,15,0,0,0,0,0,0,5,0,0,0,0,0,0,1,1,2,4,0,2,20,189
plus,63e21af88d528704811adeeb6e2e47e29f1d85d6,0,4681.571428571428,54563401.14285714,5,0,0,41,41,0,5,0,0,0,0,1,9,4,5,5,5,32,12,1,1,2,4,1,0,0,0,52,0,0,0,0,5,0,0,0,0,0,0,0,0,56,0,0,0,0,0,0,0,0,0,0,0,0,0,0,0,0,0,0,0,0,0,0,0,0,0,0,0,0,4,0,5,0,0,2,0,0,0,0,0,0,0,0,0,0,0,0,0,0,0,0,23,0,0,0,0,0,0,10,2,2,1,0,0,0,2,2,0,8,0,3,57,127
dchester,63e21af88d528704811adeeb6e2e47e29f1d85d6,0,41395.8125,63885312.0,5,0,0,41,41,0,5,0,0,0,0,1,9,4,5,5,5,32,12,1,1,2,4,1,0,0,0,52,0,0,0,0,5,0,0,0,0,0,0,0,0,56,0,0,0,0,0,0,0,0,0,0,0,0,0,0,0,0,0,0,0,0,0,0,0,0,0,0,0,0,4,0,5,0,0,2,0,0,0,0,0,0,0,0,0,0,0,0,0,0,0,0,23,0,0,0,0,0,0,10,2,2,1,0,0,0,2,2,0,8,0,3,57,127
jsonpathly,63e21af88d528704811adeeb6e2e47e29f1d85d6,0,34305.666666666664,57939285.333333336,5,0,0,41,41,0,5,0,0,0,0,1,9,4,5,5,5,32,12,1,1,2,4,1,0,0,0,52,0,0,0,0,5,0,0,0,0,0,0,0,0,56,0,0,0,0,0,0,0,0,0,0,0,0,0,0,0,0,0,0,0,0,0,0,0,0,0,0,0,0,4,0,5,0,0,2,0,0,0,0,0,0,0,0,0,0,0,0,0,0,0,0,23,0,0,0,0,0,0,10,2,2,1,0,0,0,2,2,0,8,0,3,57,127
rfc9535,63e21af88d528704811adeeb6e2e47e29f1d85d6,0,22323.0,58185728.0,5,0,0,41,41,0,5,0,0,0,0,1,9,4,5,5,5,32,12,1,1,2,4,1,0,0,0,52,0,0,0,0,5,0,0,0,0,0,0,0,0,56,0,0,0,0,0,0,0,0,0,0,0,0,0,0,0,0,0,0,0,0,0,0,0,0,0,0,0,0,4,0,5,0,0,2,0,0,0,0,0,0,0,0,0,0,0,0,0,0,0,0,23,0,0,0,0,0,0,10,2,2,1,0,0,0,2,2,0,8,0,3,57,127
p3,63e21af88d528704811adeeb6e2e47e29f1d85d6,0,28700.0,57737216.0,5,0,0,41,41,0,5,0,0,0,0,1,9,4,5,5,5,32,12,1,1,2,4,1,0,0,0,52,0,0,0,0,5,0,0,0,0,0,0,0,0,56,0,0,0,0,0,0,0,0,0,0,0,0,0,0,0,0,0,0,0,0,0,0,0,0,0,0,0,0,4,0,5,0,0,2,0,0,0,0,0,0,0,0,0,0,0,0,0,0,0,0,23,0,0,0,0,0,0,10,2,2,1,0,0,0,2,2,0,8,0,3,57,127
plus,7cf80dd6785c72323850e9ef013e86809dc830f0,0,2771.0,54224486.4,0,0,0,9,9,0,0,0,0,0,0,3,34,22,0,0,0,0,0,0,0,0,0,0,0,0,0,0,0,0,0,0,0,0,0,0,0,0,0,0,0,103,0,0,0,0,0,0,0,0,0,0,0,0,0,0,0,0,0,0,0,0,0,0,0,0,0,3,0,0,0,0,0,0,0,0,0,0,0,0,0,0,0,0,0,0,0,0,0,0,0,0,35,1,4,0,0,0,0,12,4,0,1,0,0,0,1,1,1,7,3,3,103,1
dchester,7cf80dd6785c72323850e9ef013e86809dc830f0,0,4770.8,59847475.2,0,0,0,9,9,0,0,0,0,0,0,3,34,22,0,0,0,0,0,0,0,0,0,0,0,0,0,0,0,0,0,0,0,0,0,0,0,0,0,0,0,103,0,0,0,0,0,0,0,0,0,0,0,0,0,0,0,0,0,0,0,0,0,0,0,0,0,3,0,0,0,0,0,0,0,0,0,0,0,0,0,0,0,0,0,0,0,0,0,0,0,0,35,1,4,0,0,0,0,12,4,0,1,0,0,0,1,1,1,7,3,3,103,1
jsonpathly,7cf80dd6785c72323850e9ef013e86809dc830f0,0,8729.333333333334,56513877.333333336,0,0,0,9,9,0,0,0,0,0,0,3,34,22,0,0,0,0,0,0,0,0,0,0,0,0,0,0,0,0,0,0,0,0,0,0,0,0,0,0,0,103,0,0,0,0,0,0,0,0,0,0,0,0,0,0,0,0,0,0,0,0,0,0,0,0,0,3,0,0,0,0,0,0,0,0,0,0,0,0,0,0,0,0,0,0,0,0,0,0,0,0,35,1,4,0,0,0,0,12,4,0,1,0,0,0,1,1,1,7,3,3,103,1
rfc9535,7cf80dd6785c72323850e9ef013e86809dc830f0,0,5788.714285714285,57699766.85714286,0,0,0,9,9,0,0,0,0,0,0,3,34,22,0,0,0,0,0,0,0,0,0,0,0,0,0,0,0,0,0,0,0,0,0,0,0,0,0,0,0,103,0,0,0,0,0,0,0,0,0,0,0,0,0,0,0,0,0,0,0,0,0,0,0,0,0,3,0,0,0,0,0,0,0,0,0,0,0,0,0,0,0,0,0,0,0,0,0,0,0,0,35,1,4,0,0,0,0,12,4,0,1,0,0,0,1,1,1,7,3,3,103,1
p3,7cf80dd6785c72323850e9ef013e86809dc830f0,0,1923.5,54493184.0,0,0,0,9,9,0,0,0,0,0,0,3,34,22,0,0,0,0,0,0,0,0,0,0,0,0,0,0,0,0,0,0,0,0,0,0,0,0,0,0,0,103,0,0,0,0,0,0,0,0,0,0,0,0,0,0,0,0,0,0,0,0,0,0,0,0,0,3,0,0,0,0,0,0,0,0,0,0,0,0,0,0,0,0,0,0,0,0,0,0,0,0,35,1,4,0,0,0,0,12,4,0,1,0,0,0,1,1,1,7,3,3,103,1
plus,62d9a64c8d9e1f36cd536911d8f933ee69261e82,0,3671.875,54235136.0,2,0,0,51,51,0,2,0,0,0,0,0,1,0,2,2,2,30,11,2,0,1,5,0,2,1,1,63,0,0,0,0,2,0,0,0,0,0,0,0,0,77,0,0,0,0,0,0,0,0,0,0,0,0,0,0,0,0,0,0,0,0,0,0,0,0,0,0,0,0,1,0,2,0,0,0,0,0,0,0,0,0,0,0,0,0,0,0,0,0,0,0,20,0,0,0,0,0,0,7,0,0,1,0,0,0,1,1,3,6,0,2,28,117
dchester,62d9a64c8d9e1f36cd536911d8f933ee69261e82,0,22427.0625,62242816.0,2,0,0,51,51,0,2,0,0,0,0,0,1,0,2,2,2,30,11,2,0,1,5,0,2,1,1,63,0,0,0,0,2,0,0,0,0,0,0,0,0,77,0,0,0,0,0,0,0,0,0,0,0,0,0,0,0,0,0,0,0,0,0,0,0,0,0,0,0,0,1,0,2,0,0,0,0,0,0,0,0,0,0,0,0,0,0,0,0,0,0,0,20,0,0,0,0,0,0,7,0,0,1,0,0,0,1,1,3,6,0,2,28,117
jsonpathly,62d9a64c8d9e1f36cd536911d8f933ee69261e82,0,31182.375,57536512.0,2,0,0,51,51,0,2,0,0,0,0,0,1,0,2,2,2,30,11,2,0,1,5,0,2,1,1,63,0,0,0,0,2,0,0,0,0,0,0,0,0,77,0,0,0,0,0,0,0,0,0,0,0,0,0,0,0,0,0,0,0,0,0,0,0,0,0,0,0,0,1,0,2,0,0,0,0,0,0,0,0,0,0,0,0,0,0,0,0,0,0,0,20,0,0,0,0,0,0,7,0,0,1,0,0,0,1,1,3,6,0,2,28,117
rfc9535,62d9a64c8d9e1f36cd536911d8f933ee69261e82,0,17579.916666666668,58116778.666666664,2,0,0,51,51,0,2,0,0,0,0,0,1,0,2,2,2,30,11,2,0,1,5,0,2,1,1,63,0,0,0,0,2,0,0,0,0,0,0,0,0,77,0,0,0,0,0,0,0,0,0,0,0,0,0,0,0,0,0,0,0,0,0,0,0,0,0,0,0,0,1,0,2,0,0,0,0,0,0,0,0,0,0,0,0,0,0,0,0,0,0,0,20,0,0,0,0,0,0,7,0,0,1,0,0,0,1,1,3,6,0,2,28,117
p3,62d9a64c8d9e1f36cd536911d8f933ee69261e82,0,25401.0625,57382912.0,2,0,0,51,51,0,2,0,0,0,0,0,1,0,2,2,2,30,11,2,0,1,5,0,2,1,1,63,0,0,0,0,2,0,0,0,0,0,0,0,0,77,0,0,0,0,0,0,0,0,0,0,0,0,0,0,0,0,0,0,0,0,0,0,0,0,0,0,0,0,1,0,2,0,0,0,0,0,0,0,0,0,0,0,0,0,0,0,0,0,0,0,20,0,0,0,0,0,0,7,0,0,1,0,0,0,1,1,3,6,0,2,28,117
plus,ed162d7b0eb81d94c905fdacd4518a53d674f9be,0,6256.833333333333,54318421.333333336,8,0,0,192,192,0,8,0,0,0,0,1,4,1,8,8,8,128,38,7,2,8,19,2,5,1,4,239,0,0,0,0,8,0,0,0,0,0,0,0,0,72,0,0,0,0,0,0,0,0,0,0,0,0,0,0,0,0,0,0,0,0,0,0,0,0,0,0,0,0,0,0,8,0,0,0,0,0,0,0,0,0,0,0,0,0,0,0,0,0,0,0,22,1,5,1,5,5,7,5,1,0,0,0,0,0,0,0,0,0,4,1,79,458
dchester,ed162d7b0eb81d94c905fdacd4518a53d674f9be,0,42687.4375,64342016.0,8,0,0,192,192,0,8,0,0,0,0,1,4,1,8,8,8,128,38,7,2,8,19,2,5,1,4,239,0,0,0,0,8,0,0,0,0,0,0,0,0,72,0,0,0,0,0,0,0,0,0,0,0,0,0,0,0,0,0,0,0,0,0,0,0,0,0,0,0,0,0,0,8,0,0,0,0,0,0,0,0,0,0,0,0,0,0,0,0,0,0,0,22,1,5,1,5,5,7,5,1,0,0,0,0,0,0,0,0,0,4,1,79,458
jsonpathly,ed162d7b0eb81d94c905fdacd4518a53d674f9be,0,67380.25,62468096.0,8,0,0,192,192,0,8,0,0,0,0,1,4,1,8,8,8,128,38,7,2,8,19,2,5,1,4,239,0,0,0,0,8,0,0,0,0,0,0,0,0,72,0,0,0,0,0,0,0,0,0,0,0,0,0,0,0,0,0,0,0,0,0,0,0,0,0,0,0,0,0,0,8,0,0,0,0,0,0,0,0,0,0,0,0,0,0,0,0,0,0,0,22,1,5,1,5,5,7,5,1,0,0,0,0,0,0,0,0,0,4,1,79,458
rfc9535,ed162d7b0eb81d94c905fdacd4518a53d674f9be,0,49291.75,62228480.0,8,0,0,192,192,0,8,0,0,0,0,1,4,1,8,8,8,128,38,7,2,8,19,2,5,1,4,239,0,0,0,0,8,0,0,0,0,0,0,0,0,72,0,0,0,0,0,0,0,0,0,0,0,0,0,0,0,0,0,0,0,0,0,0,0,0,0,0,0,0,0,0,8,0,0,0,0,0,0,0,0,0,0,0,0,0,0,0,0,0,0,0,22,1,5,1,5,5,7,5,1,0,0,0,0,0,0,0,0,0,4,1,79,458
p3,ed162d7b0eb81d94c905fdacd4518a53d674f9be,0,48153.75,62666752.0,8,0,0,192,192,0,8,0,0,0,0,1,4,1,8,8,8,128,38,7,2,8,19,2,5,1,4,239,0,0,0,0,8,0,0,0,0,0,0,0,0,72,0,0,0,0,0,0,0,0,0,0,0,0,0,0,0,0,0,0,0,0,0,0,0,0,0,0,0,0,0,0,8,0,0,0,0,0,0,0,0,0,0,0,0,0,0,0,0,0,0,0,22,1,5,1,5,5,7,5,1,0,0,0,0,0,0,0,0,0,4,1,79,458
plus,f06e37e803ec81aafe9ee689068dad80754aff4b,0,8722.5,54356650.666666664,5,0,0,318,318,0,5,0,0,0,0,1,6,4,5,5,5,315,90,12,4,12,36,4,8,4,4,586,0,0,0,0,5,0,0,0,0,0,0,0,0,31,0,0,0,0,0,0,0,0,0,0,0,0,0,0,0,0,0,0,0,0,0,0,0,0,0,0,0,0,0,0,5,0,0,1,0,0,0,0,0,0,0,0,0,0,0,0,0,0,0,0,10,1,2,2,6,6,6,2,1,1,0,0,0,0,0,0,0,0,1,1,43,896
dchester,f06e37e803ec81aafe9ee689068dad80754aff4b,0,40083.5,63744682.666666664,5,0,0,318,318,0,5,0,0,0,0,1,6,4,5,5,5,315,90,12,4,12,36,4,8,4,4,586,0,0,0,0,5,0,0,0,0,0,0,0,0,31,0,0,0,0,0,0,0,0,0,0,0,0,0,0,0,0,0,0,0,0,0,0,0,0,0,0,0,0,0,0,5,0,0,1,0,0,0,0,0,0,0,0,0,0,0,0,0,0,0,0,10,1,2,2,6,6,6,2,1,1,0,0,0,0,0,0,0,0,1,1,43,896
jsonpathly,f06e37e803ec81aafe9ee689068dad80754aff4b,0,113612.7,62806425.6,5,0,0,318,318,0,5,0,0,0,0,1,6,4,5,5,5,315,90,12,4,12,36,4,8,4,4,586,0,0,0,0,5,0,0,0,0,0,0,0,0,31,0,0,0,0,0,0,0,0,0,0,0,0,0,0,0,0,0,0,0,0,0,0,0,0,0,0,0,0,0,0,5,0,0,1,0,0,0,0,0,0,0,0,0,0,0,0,0,0,0,0,10,1,2,2,6,6,6,2,1,1,0,0,0,0,0,0,0,0,1,1,43,896
rfc9535,f06e37e803ec81aafe9ee689068dad80754aff4b,0,87909.66666666667,64831488.0,5,0,0,318,318,0,5,0,0,0,0,1,6,4,5,5,5,315,90,12,4,12,36,4,8,4,4,586,0,0,0,0,5,0,0,0,0,0,0,0,0,31,0,0,0,0,0,0,0,0,0,0,0,0,0,0,0,0,0,0,0,0,0,0,0,0,0,0,0,0,0,0,5,0,0,1,0,0,0,0,0,0,0,0,0,0,0,0,0,0,0,0,10,1,2,2,6,6,6,2,1,1,0,0,0,0,0,0,0,0,1,1,43,896
p3,f06e37e803ec81aafe9ee689068dad80754aff4b,0,69701.16666666667,62925482.666666664,5,0,0,318,318,0,5,0,0,0,0,1,6,4,5,5,5,315,90,12,4,12,36,4,8,4,4,586,0,0,0,0,5,0,0,0,0,0,0,0,0,31,0,0,0,0,0,0,0,0,0,0,0,0,0,0,0,0,0,0,0,0,0,0,0,0,0,0,0,0,0,0,5,0,0,1,0,0,0,0,0,0,0,0,0,0,0,0,0,0,0,0,10,1,2,2,6,6,6,2,1,1,0,0,0,0,0,0,0,0,1,1,43,896
plus,844b933f7c8a7c4531308b25e29f2645e324a48a,0,10399.25,54599680.0,7,0,0,382,382,0,7,0,0,0,0,0,4,2,7,7,7,417,152,18,13,30,63,13,5,1,4,763,0,0,0,0,7,0,0,0,0,0,0,0,0,25,0,0,0,0,0,0,0,0,0,0,0,0,0,0,0,0,0,0,0,0,0,0,0,0,0,0,0,0,0,0,7,0,0,0,0,0,0,0,0,0,0,0,0,0,0,0,0,0,0,0,7,0,0,0,0,0,0,2,0,0,0,0,0,0,0,1,1,1,0,2,9,1253
dchester,844b933f7c8a7c4531308b25e29f2645e324a48a,0,47010.25,64245760.0,7,0,0,382,382,0,7,0,0,0,0,0,4,2,7,7,7,417,152,18,13,30,63,13,5,1,4,763,0,0,0,0,7,0,0,0,0,0,0,0,0,25,0,0,0,0,0,0,0,0,0,0,0,0,0,0,0,0,0,0,0,0,0,0,0,0,0,0,0,0,0,0,7,0,0,0,0,0,0,0,0,0,0,0,0,0,0,0,0,0,0,0,7,0,0,0,0,0,0,2,0,0,0,0,0,0,0,1,1,1,0,2,9,1253
jsonpathly,844b933f7c8a7c4531308b25e29f2645e324a48a,0,152045.08333333334,64823296.0,7,0,0,382,382,0,7,0,0,0,0,0,4,2,7,7,7,417,152,18,13,30,63,13,5,1,4,763,0,0,0,0,7,0,0,0,0,0,0,0,0,25,0,0,0,0,0,0,0,0,0,0,0,0,0,0,0,0,0,0,0,0,0,0,0,0,0,0,0,0,0,0,7,0,0,0,0,0,0,0,0,0,0,0,0,0,0,0,0,0,0,0,7,0,0,0,0,0,0,2,0,0,0,0,0,0,0,1,1,1,0,2,9,1253
rfc9535,844b933f7c8a7c4531308b25e29f2645e324a48a,0,120236.08333333333,67439274.66666667,7,0,0,382,382,0,7,0,0,0,0,0,4,2,7,7,7,417,152,18,13,30,63,13,5,1,4,763,0,0,0,0,7,0,0,0,0,0,0,0,0,25,0,0,0,0,0,0,0,0,0,0,0,0,0,0,0,0,0,0,0,0,0,0,0,0,0,0,0,0,0,0,7,0,0,0,0,0,0,0,0,0,0,0,0,0,0,0,0,0,0,0,7,0,0,0,0,0,0,2,0,0,0,0,0,0,0,1,1,1,0,2,9,1253
p3,844b933f7c8a7c4531308b25e29f2645e324a48a,0,96375.16666666667,64088746.666666664,7,0,0,382,382,0,7,0,0,0,0,0,4,2,7,7,7,417,152,18,13,30,63,13,5,1,4,763,0,0,0,0,7,0,0,0,0,0,0,0,0,25,0,0,0,0,0,0,0,0,0,0,0,0,0,0,0,0,0,0,0,0,0,0,0,0,0,0,0,0,0,0,7,0,0,0,0,0,0,0,0,0,0,0,0,0,0,0,0,0,0,0,7,0,0,0,0,0,0,2,0,0,0,0,0,0,0,1,1,1,0,2,9,1253
plus,dda7cb9f84a6ba61d74927a10a594500f021e7a6,0,2692.875,54276096.0,0,0,0,0,0,0,0,0,0,0,0,0,0,0,0,0,0,0,0,0,0,0,0,0,0,0,0,0,0,0,0,0,0,0,0,0,0,0,0,0,0,15,0,0,0,0,0,0,0,0,0,0,0,0,0,0,0,0,0,0,0,0,0,0,0,0,0,0,0,0,1,0,0,0,0,0,0,0,0,0,0,0,0,0,0,0,0,0,0,0,0,0,6,0,0,0,0,0,0,2,0,0,1,0,0,0,0,1,0,1,0,1,11,1
dchester,dda7cb9f84a6ba61d74927a10a594500f021e7a6,0,4708.333333333333,60030976.0,0,0,0,0,0,0,0,0,0,0,0,0,0,0,0,0,0,0,0,0,0,0,0,0,0,0,0,0,0,0,0,0,0,0,0,0,0,0,0,0,0,15,0,0,0,0,0,0,0,0,0,0,0,0,0,0,0,0,0,0,0,0,0,0,0,0,0,0,0,0,1,0,0,0,0,0,0,0,0,0,0,0,0,0,0,0,0,0,0,0,0,0,6,0,0,0,0,0,0,2,0,0,1,0,0,0,0,1,0,1,0,1,11,1
jsonpathly,dda7cb9f84a6ba61d74927a10a594500f021e7a6,0,8583.166666666666,56552106.666666664,0,0,0,0,0,0,0,0,0,0,0,0,0,0,0,0,0,0,0,0,0,0,0,0,0,0,0,0,0,0,0,0,0,0,0,0,0,0,0,0,0,15,0,0,0,0,0,0,0,0,0,0,0,0,0,0,0,0,0,0,0,0,0,0,0,0,0,0,0,0,1,0,0,0,0,0,0,0,0,0,0,0,0,0,0,0,0,0,0,0,0,0,6,0,0,0,0,0,0,2,0,0,1,0,0,0,0,1,0,1,0,1,11,1
rfc9535,dda7cb9f84a6ba61d74927a10a594500f021e7a6,0,6034.666666666667,57840981.333333336,0,0,0,0,0,0,0,0,0,0,0,0,0,0,0,0,0,0,0,0,0,0,0,0,0,0,0,0,0,0,0,0,0,0,0,0,0,0,0,0,0,15,0,0,0,0,0,0,0,0,0,0,0,0,0,0,0,0,0,0,0,0,0,0,0,0,0,0,0,0,1,0,0,0,0,0,0,0,0,0,0,0,0,0,0,0,0,0,0,0,0,0,6,0,0,0,0,0,0,2,0,0,1,0,0,0,0,1,0,1,0,1,11,1
p3,dda7cb9f84a6ba61d74927a10a594500f021e7a6,0,1888.8333333333333,54624256.0,0,0,0,0,0,0,0,0,0,0,0,0,0,0,0,0,0,0,0,0,0,0,0,0,0,0,0,0,0,0,0,0,0,0,0,0,0,0,0,0,0,15,0,0,0,0,0,0,0,0,0,0,0,0,0,0,0,0,0,0,0,0,0,0,0,0,0,0,0,0,1,0,0,0,0,0,0,0,0,0,0,0,0,0,0,0,0,0,0,0,0,0,6,0,0,0,0,0,0,2,0,0,1,0,0,0,0,1,0,1,0,1,11,1
plus,90a0fc4f3b9a73cd6183ae9cecdb0b81816e7f51,0,7812.833333333333,54618794.666666664,8,2,1,51,52,3,5,19,22,8,8,8,29,27,15,7,0,0,1,1,0,1,2,0,1,0,1,0,8,1,1,0,2,0,0,0,0,0,0,0,0,5,0,0,0,0,0,0,0,0,0,0,0,0,0,0,0,0,0,0,0,0,0,0,0,0,0,0,0,0,0,0,6,0,0,1,0,0,0,0,0,0,0,0,0,0,0,0,0,0,0,0,4,0,0,0,0,0,0,1,1,1,0,0,0,0,0,1,0,0,0,1,23,152
dchester,90a0fc4f3b9a73cd6183ae9cecdb0b81816e7f51,0,55523.857142857145,64843190.85714286,8,2,1,51,52,3,5,19,22,8,8,8,29,27,15,7,0,0,1,1,0,1,2,0,1,0,1,0,8,1,1,0,2,0,0,0,0,0,0,0,0,5,0,0,0,0,0,0,0,0,0,0,0,0,0,0,0,0,0,0,0,0,0,0,0,0,0,0,0,0,0,0,6,0,0,1,0,0,0,0,0,0,0,0,0,0,0,0,0,0,0,0,4,0,0,0,0,0,0,1,1,1,0,0,0,0,0,1,0,0,0,1,23,152
jsonpathly,90a0fc4f3b9a73cd6183ae9cecdb0b81816e7f51,0,34767.5,57928362.666666664,8,2,1,51,52,3,5,19,22,8,8,8,29,27,15,7,0,0,1,1,0,1,2,0,1,0,1,0,8,1,1,0,2,0,0,0,0,0,0,0,0,5,0,0,0,0,0,0,0,0,0,0,0,0,0,0,0,0,0,0,0,0,0,0,0,0,0,0,0,0,0,0,6,0,0,1,0,0,0,0,0,0,0,0,0,0,0,0,0,0,0,0,4,0,0,0,0,0,0,1,1,1,0,0,0,0,0,1,0,0,0,1,23,152
rfc9535,90a0fc4f3b9a73cd6183ae9cecdb0b81816e7f51,0,34500.1875,59881472.0,8,2,1,51,52,3,5,19,22,8,8,8,29,27,15,7,0,0,1,1,0,1,2,0,1,0,1,0,8,1,1,0,2,0,0,0,0,0,0,0,0,5,0,0,0,0,0,0,0,0,0,0,0,0,0,0,0,0,0,0,0,0,0,0,0,0,0,0,0,0,0,0,6,0,0,1,0,0,0,0,0,0,0,0,0,0,0,0,0,0,0,0,4,0,0,0,0,0,0,1,1,1,0,0,0,0,0,1,0,0,0,1,23,152
p3,90a0fc4f3b9a73cd6183ae9cecdb0b81816e7f51,0,34898.25,59600896.0,8,2,1,51,52,3,5,19,22,8,8,8,29,27,15,7,0,0,1,1,0,1,2,0,1,0,1,0,8,1,1,0,2,0,0,0,0,0,0,0,0,5,0,0,0,0,0,0,0,0,0,0,0,0,0,0,0,0,0,0,0,0,0,0,0,0,0,0,0,0,0,0,6,0,0,1,0,0,0,0,0,0,0,0,0,0,0,0,0,0,0,0,4,0,0,0,0,0,0,1,1,1,0,0,0,0,0,1,0,0,0,1,23,152
plus,c2cf9047c531ec9f0bf319b77dcda2e7e01b0f4a,0,6504.3,54571827.2,10,4,2,70,72,2,7,32,37,21,21,12,28,24,17,9,2,10,2,0,0,0,0,0,0,0,0,19,8,0,0,0,2,0,0,0,0,0,0,0,0,6,0,0,0,0,0,0,0,0,0,0,0,0,0,0,0,0,0,0,0,0,0,0,0,0,0,0,0,0,0,0,6,0,0,0,0,0,0,0,0,0,0,0,0,0,0,0,0,0,0,0,6,1,1,0,0,0,0,1,0,0,0,0,0,0,0,0,0,0,0,1,12,233
dchester,c2cf9047c531ec9f0bf319b77dcda2e7e01b0f4a,0,66597.5,65809066.666666664,10,4,2,70,72,2,7,32,37,21,21,12,28,24,17,9,2,10,2,0,0,0,0,0,0,0,0,19,8,0,0,0,2,0,0,0,0,0,0,0,0,6,0,0,0,0,0,0,0,0,0,0,0,0,0,0,0,0,0,0,0,0,0,0,0,0,0,0,0,0,0,0,6,0,0,0,0,0,0,0,0,0,0,0,0,0,0,0,0,0,0,0,6,1,1,0,0,0,0,1,0,0,0,0,0,0,0,0,0,0,0,1,12,233
jsonpathly,c2cf9047c531ec9f0bf319b77dcda2e7e01b0f4a,0,45097.166666666664,59282773.333333336,10,4,2,70,72,2,7,32,37,21,21,12,28,24,17,9,2,10,2,0,0,0,0,0,0,0,0,19,8,0,0,0,2,0,0,0,0,0,0,0,0,6,0,0,0,0,0,0,0,0,0,0,0,0,0,0,0,0,0,0,0,0,0,0,0,0,0,0,0,0,0,0,6,0,0,0,0,0,0,0,0,0,0,0,0,0,0,0,0,0,0,0,6,1,1,0,0,0,0,1,0,0,0,0,0,0,0,0,0,0,0,1,12,233
rfc9535,c2cf9047c531ec9f0bf319b77dcda2e7e01b0f4a,0,42750.166666666664,62237354.666666664,10,4,2,70,72,2,7,32,37,21,21,12,28,24,17,9,2,10,2,0,0,0,0,0,0,0,0,19,8,0,0,0,2,0,0,0,0,0,0,0,0,6,0,0,0,0,0,0,0,0,0,0,0,0,0,0,0,0,0,0,0,0,0,0,0,0,0,0,0,0,0,0,6,0,0,0,0,0,0,0,0,0,0,0,0,0,0,0,0,0,0,0,6,1,1,0,0,0,0,1,0,0,0,0,0,0,0,0,0,0,0,1,12,233
p3,c2cf9047c531ec9f0bf319b77dcda2e7e01b0f4a,0,38005.0,60104704.0,10,4,2,70,72,2,7,32,37,21,21,12,28,24,17,9,2,10,2,0,0,0,0,0,0,0,0,19,8,0,0,0,2,0,0,0,0,0,0,0,0,6,0,0,0,0,0,0,0,0,0,0,0,0,0,0,0,0,0,0,0,0,0,0,0,0,0,0,0,0,0,0,6,0,0,0,0,0,0,0,0,0,0,0,0,0,0,0,0,0,0,0,6,1,1,0,0,0,0,1,0,0,0,0,0,0,0,0,0,0,0,1,12,233
plus,80d3f6fd5fc2e722f8f041e6ffe6d24e9effdf3a,0,2720.285714285714,54191250.28571428,0,0,0,2,2,0,0,0,0,0,0,0,0,0,0,0,0,0,0,0,0,0,0,0,0,0,0,0,0,0,0,0,0,0,0,0,0,0,0,0,0,13,0,0,0,0,0,0,0,0,0,0,0,0,0,0,0,0,0,0,0,0,0,0,0,0,0,0,0,0,5,0,0,0,0,0,0,0,0,0,0,0,0,0,0,0,0,0,0,0,0,0,6,1,1,0,0,0,0,1,0,0,1,0,0,0,0,0,0,0,0,1,14,1
dchester,80d3f6fd5fc2e722f8f041e6ffe6d24e9effdf3a,0,4694.5,59845290.666666664,0,0,0,2,2,0,0,0,0,0,0,0,0,0,0,0,0,0,0,0,0,0,0,0,0,0,0,0,0,0,0,0,0,0,0,0,0,0,0,0,0,13,0,0,0,0,0,0,0,0,0,0,0,0,0,0,0,0,0,0,0,0,0,0,0,0,0,0,0,0,5,0,0,0,0,0,0,0,0,0,0,0,0,0,0,0,0,0,0,0,0,0,6,1,1,0,0,0,0,1,0,0,1,0,0,0,0,0,0,0,0,1,14,1
jsonpathly,80d3f6fd5fc2e722f8f041e6ffe6d24e9effdf3a,0,8804.2,56524800.0,0,0,0,2,2,0,0,0,0,0,0,0,0,0,0,0,0,0,0,0,0,0,0,0,0,0,0,0,0,0,0,0,0,0,0,0,0,0,0,0,0,13,0,0,0,0,0,0,0,0,0,0,0,0,0,0,0,0,0,0,0,0,0,0,0,0,0,0,0,0,5,0,0,0,0,0,0,0,0,0,0,0,0,0,0,0,0,0,0,0,0,0,6,1,1,0,0,0,0,1,0,0,1,0,0,0,0,0,0,0,0,1,14,1
rfc9535,80d3f6fd5fc2e722f8f041e6ffe6d24e9effdf3a,0,5821.428571428572,57725513.14285714,0,0,0,2,2,0,0,0,0,0,0,0,0,0,0,0,0,0,0,0,0,0,0,0,0,0,0,0,0,0,0,0,0,0,0,0,0,0,0,0,0,13,0,0,0,0,0,0,0,0,0,0,0,0,0,0,0,0,0,0,0,0,0,0,0,0,0,0,0,0,5,0,0,0,0,0,0,0,0,0,0,0,0,0,0,0,0,0,0,0,0,0,6,1,1,0,0,0,0,1,0,0,1,0,0,0,0,0,0,0,0,1,14,1
p3,80d3f6fd5fc2e722f8f041e6ffe6d24e9effdf3a,0,1849.9,54489907.2,0,0,0,2,2,0,0,0,0,0,0,0,0,0,0,0,0,0,0,0,0,0,0,0,0,0,0,0,0,0,0,0,0,0,0,0,0,0,0,0,0,13,0,0,0,0,0,0,0,0,0,0,0,0,0,0,0,0,0,0,0,0,0,0,0,0,0,0,0,0,5,0,0,0,0,0,0,0,0,0,0,0,0,0,0,0,0,0,0,0,0,0,6,1,1,0,0,0,0,1,0,0,1,0,0,0,0,0,0,0,0,1,14,1
plus,955fffe523ff18b23dae01b4cf81d2cc7fd51884,0,3617.8333333333335,54187349.333333336,2,0,0,102,102,0,2,0,0,0,0,1,3,3,2,0,0,0,2,2,1,2,7,1,1,1,0,0,2,2,3,4,2,0,0,0,0,0,0,0,0,98,0,0,0,0,0,0,0,0,0,0,0,0,0,0,0,0,0,0,0,0,0,0,0,0,0,0,0,0,43,0,2,0,0,1,0,0,0,0,0,0,0,0,0,0,0,0,0,0,0,0,46,1,11,2,10,21,15,11,1,1,6,3,11,14,0,0,0,0,10,1,243,37
dchester,955fffe523ff18b23dae01b4cf81d2cc7fd51884,0,22505.3125,62224384.0,2,0,0,102,102,0,2,0,0,0,0,1,3,3,2,0,0,0,2,2,1,2,7,1,1,1,0,0,2,2,3,4,2,0,0,0,0,0,0,0,0,98,0,0,0,0,0,0,0,0,0,0,0,0,0,0,0,0,0,0,0,0,0,0,0,0,0,0,0,0,43,0,2,0,0,1,0,0,0,0,0,0,0,0,0,0,0,0,0,0,0,0,46,1,11,2,10,21,15,11,1,1,6,3,11,14,0,0,0,0,10,1,243,37
jsonpathly,955fffe523ff18b23dae01b4cf81d2cc7fd51884,0,19728.833333333332,57152853.333333336,2,0,0,102,102,0,2,0,0,0,0,1,3,3,2,0,0,0,2,2,1,2,7,1,1,1,0,0,2,2,3,4,2,0,0,0,0,0,0,0,0,98,0,0,0,0,0,0,0,0,0,0,0,0,0,0,0,0,0,0,0,0,0,0,0,0,0,0,0,0,43,0,2,0,0,1,0,0,0,0,0,0,0,0,0,0,0,0,0,0,0,0,46,1,11,2,10,21,15,11,1,1,6,3,11,14,0,0,0,0,10,1,243,37
rfc9535,955fffe523ff18b23dae01b4cf81d2cc7fd51884,0,11871.416666666666,58015744.0,2,0,0,102,102,0,2,0,0,0,0,1,3,3,2,0,0,0,2,2,1,2,7,1,1,1,0,0,2,2,3,4,2,0,0,0,0,0,0,0,0,98,0,0,0,0,0,0,0,0,0,0,0,0,0,0,0,0,0,0,0,0,0,0,0,0,0,0,0,0,43,0,2,0,0,1,0,0,0,0,0,0,0,0,0,0,0,0,0,0,0,0,46,1,11,2,10,21,15,11,1,1,6,3,11,14,0,0,0,0,10,1,243,37
p3,955fffe523ff18b23dae01b4cf81d2cc7fd51884,0,11296.875,55664640.0,2,0,0,102,102,0,2,0,0,0,0,1,3,3,2,0,0,0,2,2,1,2,7,1,1,1,0,0,2,2,3,4,2,0,0,0,0,0,0,0,0,98,0,0,0,0,0,0,0,0,0,0,0,0,0,0,0,0,0,0,0,0,0,0,0,0,0,0,0,0,43,0,2,0,0,1,0,0,0,0,0,0,0,0,0,0,0,0,0,0,0,0,46,1,11,2,10,21,15,11,1,1,6,3,11,14,0,0,0,0,10,1,243,37
plus,bdee0a94a390315b1a7082fd8f87e63792395ac2,0,5369.625,54382592.0,8,0,0,112,112,0,8,0,0,0,0,1,1,1,8,0,0,0,5,2,2,4,8,2,0,0,0,0,8,8,16,14,8,0,0,0,0,0,0,0,0,201,0,0,0,0,0,0,0,0,0,0,0,0,0,0,0,0,0,0,0,0,0,0,0,0,0,0,0,0,10,0,8,0,0,0,0,0,0,0,0,0,0,0,0,0,0,0,0,0,0,0,79,2,10,4,14,16,21,25,1,0,5,1,2,2,7,3,4,12,8,6,239,98
dchester,bdee0a94a390315b1a7082fd8f87e63792395ac2,0,42687.5,64094208.0,8,0,0,112,112,0,8,0,0,0,0,1,1,1,8,0,0,0,5,2,2,4,8,2,0,0,0,0,8,8,16,14,8,0,0,0,0,0,0,0,0,201,0,0,0,0,0,0,0,0,0,0,0,0,0,0,0,0,0,0,0,0,0,0,0,0,0,0,0,0,10,0,8,0,0,0,0,0,0,0,0,0,0,0,0,0,0,0,0,0,0,0,79,2,10,4,14,16,21,25,1,0,5,1,2,2,7,3,4,12,8,6,239,98
jsonpathly,bdee0a94a390315b1a7082fd8f87e63792395ac2,0,30900.2,57747046.4,8,0,0,112,112,0,8,0,0,0,0,1,1,1,8,0,0,0,5,2,2,4,8,2,0,0,0,0,8,8,16,14,8,0,0,0,0,0,0,0,0,201,0,0,0,0,0,0,0,0,0,0,0,0,0,0,0,0,0,0,0,0,0,0,0,0,0,0,0,0,10,0,8,0,0,0,0,0,0,0,0,0,0,0,0,0,0,0,0,0,0,0,79,2,10,4,14,16,21,25,1,0,5,1,2,2,7,3,4,12,8,6,239,98
rfc9535,bdee0a94a390315b1a7082fd8f87e63792395ac2,0,20434.9375,58195968.0,8,0,0,112,112,0,8,0,0,0,0,1,1,1,8,0,0,0,5,2,2,4,8,2,0,0,0,0,8,8,16,14,8,0,0,0,0,0,0,0,0,201,0,0,0,0,0,0,0,0,0,0,0,0,0,0,0,0,0,0,0,0,0,0,0,0,0,0,0,0,10,0,8,0,0,0,0,0,0,0,0,0,0,0,0,0,0,0,0,0,0,0,79,2,10,4,14,16,21,25,1,0,5,1,2,2,7,3,4,12,8,6,239,98
p3,bdee0a94a390315b1a7082fd8f87e63792395ac2,0,26937.666666666668,58485418.666666664,8,0,0,112,112,0,8,0,0,0,0,1,1,1,8,0,0,0,5,2,2,4,8,2,0,0,0,0,8,8,16,14,8,0,0,0,0,0,0,0,0,201,0,0,0,0,0,0,0,0,0,0,0,0,0,0,0,0,0,0,0,0,0,0,0,0,0,0,0,0,10,0,8,0,0,0,0,0,0,0,0,0,0,0,0,0,0,0,0,0,0,0,79,2,10,4,14,16,21,25,1,0,5,1,2,2,7,3,4,12,8,6,239,98
plus,957852043c48d8e9464609230ca9cbeb3fe2e548,0,4395.7,54394880.0,5,0,0,77,77,0,5,0,0,0,0,1,9,6,5,0,0,0,4,0,0,0,0,0,0,0,0,0,5,5,8,8,5,0,0,0,0,0,0,0,0,144,0,0,0,0,0,0,0,0,0,0,0,0,0,0,0,0,0,0,0,0,0,0,0,0,0,1,0,0,2,0,5,0,0,1,0,0,0,0,0,0,0,0,0,0,0,0,0,0,0,0,57,1,8,2,9,9,16,18,2,1,5,0,0,0,1,1,3,9,7,3,160,71
dchester,957852043c48d8e9464609230ca9cbeb3fe2e548,0,38555.333333333336,63837525.333333336,5,0,0,77,77,0,5,0,0,0,0,1,9,6,5,0,0,0,4,0,0,0,0,0,0,0,0,0,5,5,8,8,5,0,0,0,0,0,0,0,0,144,0,0,0,0,0,0,0,0,0,0,0,0,0,0,0,0,0,0,0,0,0,0,0,0,0,1,0,0,2,0,5,0,0,1,0,0,0,0,0,0,0,0,0,0,0,0,0,0,0,0,57,1,8,2,9,9,16,18,2,1,5,0,0,0,1,1,3,9,7,3,160,71
jsonpathly,957852043c48d8e9464609230ca9cbeb3fe2e548,0,25104.0,57694208.0,5,0,0,77,77,0,5,0,0,0,0,1,9,6,5,0,0,0,4,0,0,0,0,0,0,0,0,0,5,5,8,8,5,0,0,0,0,0,0,0,0,144,0,0,0,0,0,0,0,0,0,0,0,0,0,0,0,0,0,0,0,0,0,0,0,0,0,1,0,0,2,0,5,0,0,1,0,0,0,0,0,0,0,0,0,0,0,0,0,0,0,0,57,1,8,2,9,9,16,18,2,1,5,0,0,0,1,1,3,9,7,3,160,71
rfc9535,957852043c48d8e9464609230ca9cbeb3fe2e548,0,16091.0625,58136576.0,5,0,0,77,77,0,5,0,0,0,0,1,9,6,5,0,0,0,4,0,0,0,0,0,0,0,0,0,5,5,8,8,5,0,0,0,0,0,0,0,0,144,0,0,0,0,0,0,0,0,0,0,0,0,0,0,0,0,0,0,0,0,0,0,0,0,0,1,0,0,2,0,5,0,0,1,0,0,0,0,0,0,0,0,0,0,0,0,0,0,0,0,57,1,8,2,9,9,16,18,2,1,5,0,0,0,1,1,3,9,7,3,160,71
p3,957852043c48d8e9464609230ca9cbeb3fe2e548,0,20679.6875,56838144.0,5,0,0,77,77,0,5,0,0,0,0,1,9,6,5,0,0,0,4,0,0,0,0,0,0,0,0,0,5,5,8,8,5,0,0,0,0,0,0,0,0,144,0,0,0,0,0,0,0,0,0,0,0,0,0,0,0,0,0,0,0,0,0,0,0,0,0,1,0,0,2,0,5,0,0,1,0,0,0,0,0,0,0,0,0,0,0,0,0,0,0,0,57,1,8,2,9,9,16,18,2,1,5,0,0,0,1,1,3,9,7,3,160,71
plus,6d488b8a380ed7f000312432c57a834acac161f2,0,5586.75,54523221.333333336,9,0,0,138,138,0,9,0,0,0,0,1,7,4,9,0,0,0,18,1,0,0,3,0,1,1,0,0,9,9,54,91,9,0,0,0,0,0,0,0,0,238,0,0,0,0,0,0,0,0,0,0,0,0,0,0,0,0,0,0,0,0,0,0,0,0,0,1,0,0,11,0,9,0,0,0,0,0,0,0,0,0,0,0,0,0,0,0,0,0,0,0,85,3,9,1,1,1,1,29,1,0,2,0,0,0,5,2,6,18,6,4,209,220
dchester,6d488b8a380ed7f000312432c57a834acac161f2,0,41041.71428571428,64393801.14285714,9,0,0,138,138,0,9,0,0,0,0,1,7,4,9,0,0,0,18,1,0,0,3,0,1,1,0,0,9,9,54,91,9,0,0,0,0,0,0,0,0,238,0,0,0,0,0,0,0,0,0,0,0,0,0,0,0,0,0,0,0,0,0,0,0,0,0,1,0,0,11,0,9,0,0,0,0,0,0,0,0,0,0,0,0,0,0,0,0,0,0,0,85,3,9,1,1,1,1,29,1,0,2,0,0,0,5,2,6,18,6,4,209,220
jsonpathly,6d488b8a380ed7f000312432c57a834acac161f2,0,44050.1,58104217.6,9,0,0,138,138,0,9,0,0,0,0,1,7,4,9,0,0,0,18,1,0,0,3,0,1,1,0,0,9,9,54,91,9,0,0,0,0,0,0,0,0,238,0,0,0,0,0,0,0,0,0,0,0,0,0,0,0,0,0,0,0,0,0,0,0,0,0,1,0,0,11,0,9,0,0,0,0,0,0,0,0,0,0,0,0,0,0,0,0,0,0,0,85,3,9,1,1,1,1,29,1,0,2,0,0,0,5,2,6,18,6,4,209,220
rfc9535,6d488b8a380ed7f000312432c57a834acac161f2,0,29927.0,58247850.666666664,9,0,0,138,138,0,9,0,0,0,0,1,7,4,9,0,0,0,18,1,0,0,3,0,1,1,0,0,9,9,54,91,9,0,0,0,0,0,0,0,0,238,0,0,0,0,0,0,0,0,0,0,0,0,0,0,0,0,0,0,0,0,0,0,0,0,0,1,0,0,11,0,9,0,0,0,0,0,0,0,0,0,0,0,0,0,0,0,0,0,0,0,85,3,9,1,1,1,1,29,1,0,2,0,0,0,5,2,6,18,6,4,209,220
p3,6d488b8a380ed7f000312432c57a834acac161f2,0,40497.5,58998784.0,9,0,0,138,138,0,9,0,0,0,0,1,7,4,9,0,0,0,18,1,0,0,3,0,1,1,0,0,9,9,54,91,9,0,0,0,0,0,0,0,0,238,0,0,0,0,0,0,0,0,0,0,0,0,0,0,0,0,0,0,0,0,0,0,0,0,0,1,0,0,11,0,9,0,0,0,0,0,0,0,0,0,0,0,0,0,0,0,0,0,0,0,85,3,9,1,1,1,1,29,1,0,2,0,0,0,5,2,6,18,6,4,209,220
plus,c1c2c03f38494873c786688d1f5e53429896937b,0,3534.8333333333335,54274730.666666664,3,0,0,25,25,0,3,0,0,0,0,0,0,0,3,0,0,0,2,0,0,0,0,0,0,0,0,0,3,3,13,28,3,0,0,0,0,0,0,0,0,15,0,0,0,0,0,0,0,0,0,0,0,0,0,0,0,0,0,0,0,0,0,0,0,0,0,0,0,0,2,0,3,0,0,0,0,0,0,0,0,0,0,0,0,0,0,0,0,0,0,0,8,0,0,0,0,0,0,3,0,0,1,0,0,0,0,1,0,2,0,1,18,58
dchester,c1c2c03f38494873c786688d1f5e53429896937b,0,30198.0,62855168.0,3,0,0,25,25,0,3,0,0,0,0,0,0,0,3,0,0,0,2,0,0,0,0,0,0,0,0,0,3,3,13,28,3,0,0,0,0,0,0,0,0,15,0,0,0,0,0,0,0,0,0,0,0,0,0,0,0,0,0,0,0,0,0,0,0,0,0,0,0,0,2,0,3,0,0,0,0,0,0,0,0,0,0,0,0,0,0,0,0,0,0,0,8,0,0,0,0,0,0,3,0,0,1,0,0,0,0,1,0,2,0,1,18,58
jsonpathly,c1c2c03f38494873c786688d1f5e53429896937b,0,24067.6875,57368576.0,3,0,0,25,25,0,3,0,0,0,0,0,0,0,3,0,0,0,2,0,0,0,0,0,0,0,0,0,3,3,13,28,3,0,0,0,0,0,0,0,0,15,0,0,0,0,0,0,0,0,0,0,0,0,0,0,0,0,0,0,0,0,0,0,0,0,0,0,0,0,2,0,3,0,0,0,0,0,0,0,0,0,0,0,0,0,0,0,0,0,0,0,8,0,0,0,0,0,0,3,0,0,1,0,0,0,0,1,0,2,0,1,18,58
rfc9535,c1c2c03f38494873c786688d1f5e53429896937b,0,15471.3125,58046464.0,3,0,0,25,25,0,3,0,0,0,0,0,0,0,3,0,0,0,2,0,0,0,0,0,0,0,0,0,3,3,13,28,3,0,0,0,0,0,0,0,0,15,0,0,0,0,0,0,0,0,0,0,0,0,0,0,0,0,0,0,0,0,0,0,0,0,0,0,0,0,2,0,3,0,0,0,0,0,0,0,0,0,0,0,0,0,0,0,0,0,0,0,8,0,0,0,0,0,0,3,0,0,1,0,0,0,0,1,0,2,0,1,18,58
p3,c1c2c03f38494873c786688d1f5e53429896937b,0,15567.625,56152064.0,3,0,0,25,25,0,3,0,0,0,0,0,0,0,3,0,0,0,2,0,0,0,0,0,0,0,0,0,3,3,13,28,3,0,0,0,0,0,0,0,0,15,0,0,0,0,0,0,0,0,0,0,0,0,0,0,0,0,0,0,0,0,0,0,0,0,0,0,0,0,2,0,3,0,0,0,0,0,0,0,0,0,0,0,0,0,0,0,0,0,0,0,8,0,0,0,0,0,0,3,0,0,1,0,0,0,0,1,0,2,0,1,18,58
plus,bc3be489b82ab27987da65298b4117e9009d4b76,0,2871.1,54411264.0,1,0,0,103,103,0,1,0,0,0,0,2,16,12,1,0,0,0,1,2,2,4,8,2,0,0,0,0,1,1,4,10,1,0,0,0,0,0,0,0,0,341,0,0,0,0,0,0,0,0,0,0,0,0,0,0,0,0,0,0,0,0,0,0,0,0,0,1,0,0,30,0,1,0,0,2,0,0,0,0,0,0,0,0,0,0,0,0,0,0,0,0,129,3,17,4,20,21,29,42,2,2,12,1,1,0,11,4,4,21,14,6,390,25
dchester,bc3be489b82ab27987da65298b4117e9009d4b76,0,12708.0,60948480.0,1,0,0,103,103,0,1,0,0,0,0,2,16,12,1,0,0,0,1,2,2,4,8,2,0,0,0,0,1,1,4,10,1,0,0,0,0,0,0,0,0,341,0,0,0,0,0,0,0,0,0,0,0,0,0,0,0,0,0,0,0,0,0,0,0,0,0,1,0,0,30,0,1,0,0,2,0,0,0,0,0,0,0,0,0,0,0,0,0,0,0,0,129,3,17,4,20,21,29,42,2,2,12,1,1,0,11,4,4,21,14,6,390,25
jsonpathly,bc3be489b82ab27987da65298b4117e9009d4b76,0,17008.4,57176883.2,1,0,0,103,103,0,1,0,0,0,0,2,16,12,1,0,0,0,1,2,2,4,8,2,0,0,0,0,1,1,4,10,1,0,0,0,0,0,0,0,0,341,0,0,0,0,0,0,0,0,0,0,0,0,0,0,0,0,0,0,0,0,0,0,0,0,0,1,0,0,30,0,1,0,0,2,0,0,0,0,0,0,0,0,0,0,0,0,0,0,0,0,129,3,17,4,20,21,29,42,2,2,12,1,1,0,11,4,4,21,14,6,390,25
rfc9535,bc3be489b82ab27987da65298b4117e9009d4b76,0,11049.5,57982976.0,1,0,0,103,103,0,1,0,0,0,0,2,16,12,1,0,0,0,1,2,2,4,8,2,0,0,0,0,1,1,4,10,1,0,0,0,0,0,0,0,0,341,0,0,0,0,0,0,0,0,0,0,0,0,0,0,0,0,0,0,0,0,0,0,0,0,0,1,0,0,30,0,1,0,0,2,0,0,0,0,0,0,0,0,0,0,0,0,0,0,0,0,129,3,17,4,20,21,29,42,2,2,12,1,1,0,11,4,4,21,14,6,390,25
p3,bc3be489b82ab27987da65298b4117e9009d4b76,0,9375.0,55317845.333333336,1,0,0,103,103,0,1,0,0,0,0,2,16,12,1,0,0,0,1,2,2,4,8,2,0,0,0,0,1,1,4,10,1,0,0,0,0,0,0,0,0,341,0,0,0,0,0,0,0,0,0,0,0,0,0,0,0,0,0,0,0,0,0,0,0,0,0,1,0,0,30,0,1,0,0,2,0,0,0,0,0,0,0,0,0,0,0,0,0,0,0,0,129,3,17,4,20,21,29,42,2,2,12,1,1,0,11,4,4,21,14,6,390,25
plus,3942065ad8c1b2918c5b6ae460627c89483188a8,0,4494.75,54333440.0,4,0,0,97,97,0,4,0,0,0,0,0,0,0,4,0,0,0,14,1,0,0,3,0,1,1,0,0,4,4,59,119,4,0,0,0,0,0,0,0,0,19,0,0,0,0,0,0,0,0,0,0,0,0,0,0,0,0,0,0,0,0,0,0,0,0,0,0,0,0,0,0,4,0,0,0,0,0,0,0,0,0,0,0,0,0,0,0,0,0,0,0,10,1,2,0,0,0,0,2,0,0,0,0,0,0,0,0,0,0,1,1,29,205
dchester,3942065ad8c1b2918c5b6ae460627c89483188a8,0,34854.25,63160320.0,4,0,0,97,97,0,4,0,0,0,0,0,0,0,4,0,0,0,14,1,0,0,3,0,1,1,0,0,4,4,59,119,4,0,0,0,0,0,0,0,0,19,0,0,0,0,0,0,0,0,0,0,0,0,0,0,0,0,0,0,0,0,0,0,0,0,0,0,0,0,0,0,4,0,0,0,0,0,0,0,0,0,0,0,0,0,0,0,0,0,0,0,10,1,2,0,0,0,0,2,0,0,0,0,0,0,0,0,0,0,1,1,29,205
jsonpathly,3942065ad8c1b2918c5b6ae460627c89483188a8,0,40603.9375,57577472.0,4,0,0,97,97,0,4,0,0,0,0,0,0,0,4,0,0,0,14,1,0,0,3,0,1,1,0,0,4,4,59,119,4,0,0,0,0,0,0,0,0,19,0,0,0,0,0,0,0,0,0,0,0,0,0,0,0,0,0,0,0,0,0,0,0,0,0,0,0,0,0,0,4,0,0,0,0,0,0,0,0,0,0,0,0,0,0,0,0,0,0,0,10,1,2,0,0,0,0,2,0,0,0,0,0,0,0,0,0,0,1,1,29,205
rfc9535,3942065ad8c1b2918c5b6ae460627c89483188a8,0,26705.8125,58097664.0,4,0,0,97,97,0,4,0,0,0,0,0,0,0,4,0,0,0,14,1,0,0,3,0,1,1,0,0,4,4,59,119,4,0,0,0,0,0,0,0,0,19,0,0,0,0,0,0,0,0,0,0,0,0,0,0,0,0,0,0,0,0,0,0,0,0,0,0,0,0,0,0,4,0,0,0,0,0,0,0,0,0,0,0,0,0,0,0,0,0,0,0,10,1,2,0,0,0,0,2,0,0,0,0,0,0,0,0,0,0,1,1,29,205
p3,3942065ad8c1b2918c5b6ae460627c89483188a8,0,27550.5,58032128.0,4,0,0,97,97,0,4,0,0,0,0,0,0,0,4,0,0,0,14,1,0,0,3,0,1,1,0,0,4,4,59,119,4,0,0,0,0,0,0,0,0,19,0,0,0,0,0,0,0,0,0,0,0,0,0,0,0,0,0,0,0,0,0,0,0,0,0,0,0,0,0,0,4,0,0,0,0,0,0,0,0,0,0,0,0,0,0,0,0,0,0,0,10,1,2,0,0,0,0,2,0,0,0,0,0,0,0,0,0,0,1,1,29,205
plus,81a3683b670681e4183e0ee9fe7a7d25ba0613e3,0,4463.625,54243328.0,4,0,0,88,88,0,4,0,0,0,0,1,1,2,4,0,0,0,17,2,1,3,6,1,1,0,1,0,4,4,55,110,4,0,0,0,0,0,0,0,0,23,0,0,0,0,0,0,0,0,0,0,0,0,0,0,0,0,0,0,0,0,0,0,0,0,0,0,0,0,0,0,4,0,0,0,0,0,0,0,0,0,0,0,0,0,0,0,0,0,0,0,12,0,0,0,0,0,0,5,1,0,0,0,0,0,0,1,0,4,0,1,26,210
dchester,81a3683b670681e4183e0ee9fe7a7d25ba0613e3,0,32784.666666666664,63133013.333333336,4,0,0,88,88,0,4,0,0,0,0,1,1,2,4,0,0,0,17,2,1,3,6,1,1,0,1,0,4,4,55,110,4,0,0,0,0,0,0,0,0,23,0,0,0,0,0,0,0,0,0,0,0,0,0,0,0,0,0,0,0,0,0,0,0,0,0,0,0,0,0,0,4,0,0,0,0,0,0,0,0,0,0,0,0,0,0,0,0,0,0,0,12,0,0,0,0,0,0,5,1,0,0,0,0,0,0,1,0,4,0,1,26,210
jsonpathly,81a3683b670681e4183e0ee9fe7a7d25ba0613e3,0,41466.6,57642188.8,4,0,0,88,88,0,4,0,0,0,0,1,1,2,4,0,0,0,17,2,1,3,6,1,1,0,1,0,4,4,55,110,4,0,0,0,0,0,0,0,0,23,0,0,0,0,0,0,0,0,0,0,0,0,0,0,0,0,0,0,0,0,0,0,0,0,0,0,0,0,0,0,4,0,0,0,0,0,0,0,0,0,0,0,0,0,0,0,0,0,0,0,12,0,0,0,0,0,0,5,1,0,0,0,0,0,0,1,0,4,0,1,26,210
rfc9535,81a3683b670681e4183e0ee9fe7a7d25ba0613e3,0,28839.214285714286,58146816.0,4,0,0,88,88,0,4,0,0,0,0,1,1,2,4,0,0,0,17,2,1,3,6,1,1,0,1,0,4,4,55,110,4,0,0,0,0,0,0,0,0,23,0,0,0,0,0,0,0,0,0,0,0,0,0,0,0,0,0,0,0,0,0,0,0,0,0,0,0,0,0,0,4,0,0,0,0,0,0,0,0,0,0,0,0,0,0,0,0,0,0,0,12,0,0,0,0,0,0,5,1,0,0,0,0,0,0,1,0,4,0,1,26,210
p3,81a3683b670681e4183e0ee9fe7a7d25ba0613e3,0,33312.625,58179584.0,4,0,0,88,88,0,4,0,0,0,0,1,1,2,4,0,0,0,17,2,1,3,6,1,1,0,1,0,4,4,55,110,4,0,0,0,0,0,0,0,0,23,0,0,0,0,0,0,0,0,0,0,0,0,0,0,0,0,0,0,0,0,0,0,0,0,0,0,0,0,0,0,4,0,0,0,0,0,0,0,0,0,0,0,0,0,0,0,0,0,0,0,12,0,0,0,0,0,0,5,1,0,0,0,0,0,0,1,0,4,0,1,26,210
plus,2baaeff15f0db6a3ac2cec64d863578dbe6fb641,0,5890.5,54329344.0,7,0,0,173,173,0,7,0,0,0,0,1,15,9,7,0,0,0,32,4,1,3,12,1,3,2,1,0,7,7,118,213,7,0,0,0,0,0,0,0,0,120,0,0,0,0,0,0,0,0,0,0,0,0,0,0,0,0,0,0,0,0,0,0,0,0,0,1,0,0,0,0,7,0,0,1,0,0,0,0,0,0,0,0,0,0,0,0,0,0,0,0,38,1,4,2,4,4,4,12,1,1,1,0,0,0,1,1,4,7,3,3,119,383
dchester,2baaeff15f0db6a3ac2cec64d863578dbe6fb641,0,46013.833333333336,64285354.666666664,7,0,0,173,173,0,7,0,0,0,0,1,15,9,7,0,0,0,32,4,1,3,12,1,3,2,1,0,7,7,118,213,7,0,0,0,0,0,0,0,0,120,0,0,0,0,0,0,0,0,0,0,0,0,0,0,0,0,0,0,0,0,0,0,0,0,0,1,0,0,0,0,7,0,0,1,0,0,0,0,0,0,0,0,0,0,0,0,0,0,0,0,38,1,4,2,4,4,4,12,1,1,1,0,0,0,1,1,4,7,3,3,119,383
jsonpathly,2baaeff15f0db6a3ac2cec64d863578dbe6fb641,0,58622.0,61308928.0,7,0,0,173,173,0,7,0,0,0,0,1,15,9,7,0,0,0,32,4,1,3,12,1,3,2,1,0,7,7,118,213,7,0,0,0,0,0,0,0,0,120,0,0,0,0,0,0,0,0,0,0,0,0,0,0,0,0,0,0,0,0,0,0,0,0,0,1,0,0,0,0,7,0,0,1,0,0,0,0,0,0,0,0,0,0,0,0,0,0,0,0,38,1,4,2,4,4,4,12,1,1,1,0,0,0,1,1,4,7,3,3,119,383
rfc9535,2baaeff15f0db6a3ac2cec64d863578dbe6fb641,0,44416.625,61294592.0,7,0,0,173,173,0,7,0,0,0,0,1,15,9,7,0,0,0,32,4,1,3,12,1,3,2,1,0,7,7,118,213,7,0,0,0,0,0,0,0,0,120,0,0,0,0,0,0,0,0,0,0,0,0,0,0,0,0,0,0,0,0,0,0,0,0,0,1,0,0,0,0,7,0,0,1,0,0,0,0,0,0,0,0,0,0,0,0,0,0,0,0,38,1,4,2,4,4,4,12,1,1,1,0,0,0,1,1,4,7,3,3,119,383
p3,2baaeff15f0db6a3ac2cec64d863578dbe6fb641,0,43640.625,62472192.0,7,0,0,173,173,0,7,0,0,0,0,1,15,9,7,0,0,0,32,4,1,3,12,1,3,2,1,0,7,7,118,213,7,0,0,0,0,0,0,0,0,120,0,0,0,0,0,0,0,0,0,0,0,0,0,0,0,0,0,0,0,0,0,0,0,0,0,1,0,0,0,0,7,0,0,1,0,0,0,0,0,0,0,0,0,0,0,0,0,0,0,0,38,1,4,2,4,4,4,12,1,1,1,0,0,0,1,1,4,7,3,3,119,383
plus,b9e723397b63e489e890537ab44ea286d63ce1da,0,10791.833333333334,54389418.666666664,6,0,0,519,519,0,6,0,0,0,0,1,4,2,6,0,0,0,158,23,6,23,64,6,17,6,11,0,6,6,461,870,6,0,0,0,0,0,0,0,0,134,0,0,0,0,0,0,0,0,0,0,0,0,0,0,0,0,0,0,0,0,0,0,0,0,0,0,0,0,0,0,6,0,0,0,0,0,0,0,0,0,0,0,0,0,0,0,0,0,0,0,66,2,15,4,17,17,27,15,1,0,1,0,0,0,3,0,2,0,13,3,217,1366
dchester,b9e723397b63e489e890537ab44ea286d63ce1da,0,42614.625,64122880.0,6,0,0,519,519,0,6,0,0,0,0,1,4,2,6,0,0,0,158,23,6,23,64,6,17,6,11,0,6,6,461,870,6,0,0,0,0,0,0,0,0,134,0,0,0,0,0,0,0,0,0,0,0,0,0,0,0,0,0,0,0,0,0,0,0,0,0,0,0,0,0,0,6,0,0,0,0,0,0,0,0,0,0,0,0,0,0,0,0,0,0,0,66,2,15,4,17,17,27,15,1,0,1,0,0,0,3,0,2,0,13,3,217,1366
jsonpathly,b9e723397b63e489e890537ab44ea286d63ce1da,0,160241.14285714287,65353435.428571425,6,0,0,519,519,0,6,0,0,0,0,1,4,2,6,0,0,0,158,23,6,23,64,6,17,6,11,0,6,6,461,870,6,0,0,0,0,0,0,0,0,134,0,0,0,0,0,0,0,0,0,0,0,0,0,0,0,0,0,0,0,0,0,0,0,0,0,0,0,0,0,0,6,0,0,0,0,0,0,0,0,0,0,0,0,0,0,0,0,0,0,0,66,2,15,4,17,17,27,15,1,0,1,0,0,0,3,0,2,0,13,3,217,1366
rfc9535,b9e723397b63e489e890537ab44ea286d63ce1da,0,124411.5,65286144.0,6,0,0,519,519,0,6,0,0,0,0,1,4,2,6,0,0,0,158,23,6,23,64,6,17,6,11,0,6,6,461,870,6,0,0,0,0,0,0,0,0,134,0,0,0,0,0,0,0,0,0,0,0,0,0,0,0,0,0,0,0,0,0,0,0,0,0,0,0,0,0,0,6,0,0,0,0,0,0,0,0,0,0,0,0,0,0,0,0,0,0,0,66,2,15,4,17,17,27,15,1,0,1,0,0,0,3,0,2,0,13,3,217,1366
p3,b9e723397b63e489e890537ab44ea286d63ce1da,0,120830.4375,64745472.0,6,0,0,519,519,0,6,0,0,0,0,1,4,2,6,0,0,0,158,23,6,23,64,6,17,6,11,0,6,6,461,870,6,0,0,0,0,0,0,0,0,134,0,0,0,0,0,0,0,0,0,0,0,0,0,0,0,0,0,0,0,0,0,0,0,0,0,0,0,0,0,0,6,0,0,0,0,0,0,0,0,0,0,0,0,0,0,0,0,0,0,0,66,2,15,4,17,17,27,15,1,0,1,0,0,0,3,0,2,0,13,3,217,1366
plus,d4e4b388ccd90d5adb44f8d1d378a8018e8111ac,0,4305.333333333333,54225578.666666664,1,0,0,113,113,0,1,0,0,0,0,1,18,8,1,0,0,0,39,8,4,10,26,4,4,2,2,0,1,1,96,184,1,0,0,0,0,0,0,0,0,122,0,0,0,0,0,0,0,0,0,0,0,0,0,0,0,0,0,0,0,0,0,0,0,0,0,1,0,0,24,0,1,0,0,2,0,0,0,0,0,0,0,0,0,0,0,0,0,0,0,0,43,2,4,1,3,6,2,16,2,2,2,1,3,5,1,2,3,10,2,3,142,325
dchester,d4e4b388ccd90d5adb44f8d1d378a8018e8111ac,0,13187.7,60499558.4,1,0,0,113,113,0,1,0,0,0,0,1,18,8,1,0,0,0,39,8,4,10,26,4,4,2,2,0,1,1,96,184,1,0,0,0,0,0,0,0,0,122,0,0,0,0,0,0,0,0,0,0,0,0,0,0,0,0,0,0,0,0,0,0,0,0,0,1,0,0,24,0,1,0,0,2,0,0,0,0,0,0,0,0,0,0,0,0,0,0,0,0,43,2,4,1,3,6,2,16,2,2,2,1,3,5,1,2,3,10,2,3,142,325
jsonpathly,d4e4b388ccd90d5adb44f8d1d378a8018e8111ac,0,52124.9375,59078656.0,1,0,0,113,113,0,1,0,0,0,0,1,18,8,1,0,0,0,39,8,4,10,26,4,4,2,2,0,1,1,96,184,1,0,0,0,0,0,0,0,0,122,0,0,0,0,0,0,0,0,0,0,0,0,0,0,0,0,0,0,0,0,0,0,0,0,0,1,0,0,24,0,1,0,0,2,0,0,0,0,0,0,0,0,0,0,0,0,0,0,0,0,43,2,4,1,3,6,2,16,2,2,2,1,3,5,1,2,3,10,2,3,142,325
rfc9535,d4e4b388ccd90d5adb44f8d1d378a8018e8111ac,0,36888.666666666664,59692373.333333336,1,0,0,113,113,0,1,0,0,0,0,1,18,8,1,0,0,0,39,8,4,10,26,4,4,2,2,0,1,1,96,184,1,0,0,0,0,0,0,0,0,122,0,0,0,0,0,0,0,0,0,0,0,0,0,0,0,0,0,0,0,0,0,0,0,0,0,1,0,0,24,0,1,0,0,2,0,0,0,0,0,0,0,0,0,0,0,0,0,0,0,0,43,2,4,1,3,6,2,16,2,2,2,1,3,5,1,2,3,10,2,3,142,325
p3,d4e4b388ccd90d5adb44f8d1d378a8018e8111ac,0,34745.9,62305075.2,1,0,0,113,113,0,1,0,0,0,0,1,18,8,1,0,0,0,39,8,4,10,26,4,4,2,2,0,1,1,96,184,1,0,0,0,0,0,0,0,0,122,0,0,0,0,0,0,0,0,0,0,0,0,0,0,0,0,0,0,0,0,0,0,0,0,0,1,0,0,24,0,1,0,0,2,0,0,0,0,0,0,0,0,0,0,0,0,0,0,0,0,43,2,4,1,3,6,2,16,2,2,2,1,3,5,1,2,3,10,2,3,142,325
plus,f005d944b4ad0d4d2745a1db2b079fe12c2caa45,0,14708.5,54607872.0,10,0,0,678,678,0,10,0,0,0,0,0,4,2,10,0,0,0,210,34,17,42,111,17,17,9,8,0,10,10,619,1216,10,0,0,0,0,0,0,0,0,11,0,0,0,0,0,0,0,0,0,0,0,0,0,0,0,0,0,0,0,0,0,0,0,0,0,0,0,0,2,0,10,0,0,0,0,0,0,0,0,0,0,0,0,0,0,0,0,0,0,0,8,0,0,0,0,0,0,3,0,0,1,0,0,0,0,1,0,2,0,1,16,1972
dchester,f005d944b4ad0d4d2745a1db2b079fe12c2caa45,0,46125.0,64159744.0,10,0,0,678,678,0,10,0,0,0,0,0,4,2,10,0,0,0,210,34,17,42,111,17,17,9,8,0,10,10,619,1216,10,0,0,0,0,0,0,0,0,11,0,0,0,0,0,0,0,0,0,0,0,0,0,0,0,0,0,0,0,0,0,0,0,0,0,0,0,0,2,0,10,0,0,0,0,0,0,0,0,0,0,0,0,0,0,0,0,0,0,0,8,0,0,0,0,0,0,3,0,0,1,0,0,0,0,1,0,2,0,1,16,1972
jsonpathly,f005d944b4ad0d4d2745a1db2b079fe12c2caa45,0,226140.625,67536896.0,10,0,0,678,678,0,10,0,0,0,0,0,4,2,10,0,0,0,210,34,17,42,111,17,17,9,8,0,10,10,619,1216,10,0,0,0,0,0,0,0,0,11,0,0,0,0,0,0,0,0,0,0,0,0,0,0,0,0,0,0,0,0,0,0,0,0,0,0,0,0,2,0,10,0,0,0,0,0,0,0,0,0,0,0,0,0,0,0,0,0,0,0,8,0,0,0,0,0,0,3,0,0,1,0,0,0,0,1,0,2,0,1,16,1972
rfc9535,f005d944b4ad0d4d2745a1db2b079fe12c2caa45,0,174607.75,67717802.66666667,10,0,0,678,678,0,10,0,0,0,0,0,4,2,10,0,0,0,210,34,17,42,111,17,17,9,8,0,10,10,619,1216,10,0,0,0,0,0,0,0,0,11,0,0,0,0,0,0,0,0,0,0,0,0,0,0,0,0,0,0,0,0,0,0,0,0,0,0,0,0,2,0,10,0,0,0,0,0,0,0,0,0,0,0,0,0,0,0,0,0,0,0,8,0,0,0,0,0,0,3,0,0,1,0,0,0,0,1,0,2,0,1,16,1972
p3,f005d944b4ad0d4d2745a1db2b079fe12c2caa45,0,168171.75,66072576.0,10,0,0,678,678,0,10,0,0,0,0,0,4,2,10,0,0,0,210,34,17,42,111,17,17,9,8,0,10,10,619,1216,10,0,0,0,0,0,0,0,0,11,0,0,0,0,0,0,0,0,0,0,0,0,0,0,0,0,0,0,0,0,0,0,0,0,0,0,0,0,2,0,10,0,0,0,0,0,0,0,0,0,0,0,0,0,0,0,0,0,0,0,8,0,0,0,0,0,0,3,0,0,1,0,0,0,0,1,0,2,0,1,16,1972
plus,fe382029fd138373d39fe3ed4f243c5b8ff3fb7d,0,nan,nan,16,0,2,30,32,0,16,0,0,4,6,5,29,20,2,1,0,0,0,0,0,0,0,0,0,0,0,0,1,0,0,0,16,0,16,16,26,33,0,13,165,384,33,33,33,0,9,6,3,0,0,10,5,19,2,1,1,0,7,10,34,1,4,5,2,8,3,1,0,0,12,0,16,4,4,0,0,0,0,0,33,33,72,72,144,317,159,43,42,19,97,34,4,0,0,0,0,0,0,1,0,0,0,0,0,0,0,1,0,0,0,1,6,2043
dchester,fe382029fd138373d39fe3ed4f243c5b8ff3fb7d,0,nan,nan,16,0,2,30,32,0,16,0,0,4,6,5,29,20,2,1,0,0,0,0,0,0,0,0,0,0,0,0,1,0,0,0,16,0,16,16,26,33,0,13,165,384,33,33,33,0,9,6,3,0,0,10,5,19,2,1,1,0,7,10,34,1,4,5,2,8,3,1,0,0,12,0,16,4,4,0,0,0,0,0,33,33,72,72,144,317,159,43,42,19,97,34,4,0,0,0,0,0,0,1,0,0,0,0,0,0,0,1,0,0,0,1,6,2043
jsonpathly,fe382029fd138373d39fe3ed4f243c5b8ff3fb7d,0,2653729.1666666665,88331605.33333333,16,0,2,30,32,0,16,0,0,4,6,5,29,20,2,1,0,0,0,0,0,0,0,0,0,0,0,0,1,0,0,0,16,0,16,16,26,33,0,13,165,384,33,33,33,0,9,6,3,0,0,10,5,19,2,1,1,0,7,10,34,1,4,5,2,8,3,1,0,0,12,0,16,4,4,0,0,0,0,0,33,33,72,72,144,317,159,43,42,19,97,34,4,0,0,0,0,0,0,1,0,0,0,0,0,0,0,1,0,0,0,1,6,2043
rfc9535,fe382029fd138373d39fe3ed4f243c5b8ff3fb7d,0,507724.125,73965568.0,16,0,2,30,32,0,16,0,0,4,6,5,29,20,2,1,0,0,0,0,0,0,0,0,0,0,0,0,1,0,0,0,16,0,16,16,26,33,0,13,165,384,33,33,33,0,9,6,3,0,0,10,5,19,2,1,1,0,7,10,34,1,4,5,2,8,3,1,0,0,12,0,16,4,4,0,0,0,0,0,33,33,72,72,144,317,159,43,42,19,97,34,4,0,0,0,0,0,0,1,0,0,0,0,0,0,0,1,0,0,0,1,6,2043
p3,fe382029fd138373d39fe3ed4f243c5b8ff3fb7d,0,268416.6666666667,68031829.33333333,16,0,2,30,32,0,16,0,0,4,6,5,29,20,2,1,0,0,0,0,0,0,0,0,0,0,0,0,1,0,0,0,16,0,16,16,26,33,0,13,165,384,33,33,33,0,9,6,3,0,0,10,5,19,2,1,1,0,7,10,34,1,4,5,2,8,3,1,0,0,12,0,16,4,4,0,0,0,0,0,33,33,72,72,144,317,159,43,42,19,97,34,4,0,0,0,0,0,0,1,0,0,0,0,0,0,0,1,0,0,0,1,6,2043
plus,a7112bbd46f2aef43e1e74ffec1fd5c4b2c7ccff,0,nan,nan,14,0,6,46,52,0,14,0,0,16,18,7,45,31,6,2,1,1,2,0,0,0,0,0,0,0,0,0,4,2,6,6,14,0,14,14,23,39,0,10,182,572,39,39,39,0,6,3,3,0,0,8,13,20,4,3,1,2,16,9,41,2,4,2,6,28,7,3,2,1,16,0,14,16,12,2,1,0,0,0,39,39,54,54,108,167,76,18,21,11,57,15,4,0,0,0,0,0,0,1,0,0,0,0,0,0,0,1,0,0,0,1,6,1962
dchester,a7112bbd46f2aef43e1e74ffec1fd5c4b2c7ccff,0,nan,nan,14,0,6,46,52,0,14,0,0,16,18,7,45,31,6,2,1,1,2,0,0,0,0,0,0,0,0,0,4,2,6,6,14,0,14,14,23,39,0,10,182,572,39,39,39,0,6,3,3,0,0,8,13,20,4,3,1,2,16,9,41,2,4,2,6,28,7,3,2,1,16,0,14,16,12,2,1,0,0,0,39,39,54,54,108,167,76,18,21,11,57,15,4,0,0,0,0,0,0,1,0,0,0,0,0,0,0,1,0,0,0,1,6,1962
jsonpathly,a7112bbd46f2aef43e1e74ffec1fd5c4b2c7ccff,0,3984826.0,104125781.33333333,14,0,6,46,52,0,14,0,0,16,18,7,45,31,6,2,1,1,2,0,0,0,0,0,0,0,0,0,4,2,6,6,14,0,14,14,23,39,0,10,182,572,39,39,39,0,6,3,3,0,0,8,13,20,4,3,1,2,16,9,41,2,4,2,6,28,7,3,2,1,16,0,14,16,12,2,1,0,0,0,39,39,54,54,108,167,76,18,21,11,57,15,4,0,0,0,0,0,0,1,0,0,0,0,0,0,0,1,0,0,0,1,6,1962
rfc9535,a7112bbd46f2aef43e1e74ffec1fd5c4b2c7ccff,0,525791.8333333334,80270677.33333333,14,0,6,46,52,0,14,0,0,16,18,7,45,31,6,2,1,1,2,0,0,0,0,0,0,0,0,0,4,2,6,6,14,0,14,14,23,39,0,10,182,572,39,39,39,0,6,3,3,0,0,8,13,20,4,3,1,2,16,9,41,2,4,2,6,28,7,3,2,1,16,0,14,16,12,2,1,0,0,0,39,39,54,54,108,167,76,18,21,11,57,15,4,0,0,0,0,0,0,1,0,0,0,0,0,0,0,1,0,0,0,1,6,1962
p3,a7112bbd46f2aef43e1e74ffec1fd5c4b2c7ccff,0,nan,nan,14,0,6,46,52,0,14,0,0,16,18,7,45,31,6,2,1,1,2,0,0,0,0,0,0,0,0,0,4,2,6,6,14,0,14,14,23,39,0,10,182,572,39,39,39,0,6,3,3,0,0,8,13,20,4,3,1,2,16,9,41,2,4,2,6,28,7,3,2,1,16,0,14,16,12,2,1,0,0,0,39,39,54,54,108,167,76,18,21,11,57,15,4,0,0,0,0,0,0,1,0,0,0,0,0,0,0,1,0,0,0,1,6,1962
plus,1db8858f5a65ebd3ce4024b3777f03dc70b58868,0,nan,nan,10,0,13,56,69,0,10,0,0,13,15,10,55,35,4,2,0,0,1,0,0,0,0,0,0,0,0,0,2,1,1,0,10,0,10,10,14,29,0,11,147,352,29,29,29,0,5,2,3,0,0,10,8,16,2,1,0,1,15,4,34,5,4,1,3,30,5,0,1,0,28,0,10,13,17,1,0,0,0,0,29,29,60,60,120,318,172,49,41,20,115,34,4,0,0,0,0,0,0,1,0,0,0,0,0,0,0,1,0,0,0,1,6,2130
dchester,1db8858f5a65ebd3ce4024b3777f03dc70b58868,0,nan,nan,10,0,13,56,69,0,10,0,0,13,15,10,55,35,4,2,0,0,1,0,0,0,0,0,0,0,0,0,2,1,1,0,10,0,10,10,14,29,0,11,147,352,29,29,29,0,5,2,3,0,0,10,8,16,2,1,0,1,15,4,34,5,4,1,3,30,5,0,1,0,28,0,10,13,17,1,0,0,0,0,29,29,60,60,120,318,172,49,41,20,115,34,4,0,0,0,0,0,0,1,0,0,0,0,0,0,0,1,0,0,0,1,6,2130
jsonpathly,1db8858f5a65ebd3ce4024b3777f03dc70b58868,0,838055.6666666666,81903616.0,10,0,13,56,69,0,10,0,0,13,15,10,55,35,4,2,0,0,1,0,0,0,0,0,0,0,0,0,2,1,1,0,10,0,10,10,14,29,0,11,147,352,29,29,29,0,5,2,3,0,0,10,8,16,2,1,0,1,15,4,34,5,4,1,3,30,5,0,1,0,28,0,10,13,17,1,0,0,0,0,29,29,60,60,120,318,172,49,41,20,115,34,4,0,0,0,0,0,0,1,0,0,0,0,0,0,0,1,0,0,0,1,6,2130
rfc9535,1db8858f5a65ebd3ce4024b3777f03dc70b58868,0,301944.8333333333,68370432.0,10,0,13,56,69,0,10,0,0,13,15,10,55,35,4,2,0,0,1,0,0,0,0,0,0,0,0,0,2,1,1,0,10,0,10,10,14,29,0,11,147,352,29,29,29,0,5,2,3,0,0,10,8,16,2,1,0,1,15,4,34,5,4,1,3,30,5,0,1,0,28,0,10,13,17,1,0,0,0,0,29,29,60,60,120,318,172,49,41,20,115,34,4,0,0,0,0,0,0,1,0,0,0,0,0,0,0,1,0,0,0,1,6,2130
p3,1db8858f5a65ebd3ce4024b3777f03dc70b58868,0,159750.25,64659456.0,10,0,13,56,69,0,10,0,0,13,15,10,55,35,4,2,0,0,1,0,0,0,0,0,0,0,0,0,2,1,1,0,10,0,10,10,14,29,0,11,147,352,29,29,29,0,5,2,3,0,0,10,8,16,2,1,0,1,15,4,34,5,4,1,3,30,5,0,1,0,28,0,10,13,17,1,0,0,0,0,29,29,60,60,120,318,172,49,41,20,115,34,4,0,0,0,0,0,0,1,0,0,0,0,0,0,0,1,0,0,0,1,6,2130
plus,11140af508298c72d9e801df24ca2b3e85e18264,0,nan,nan,2,0,0,38,38,0,2,0,0,2,2,0,22,11,2,2,0,0,0,0,0,0,0,0,0,0,0,0,0,0,0,0,2,0,2,2,3,4,0,1,19,55,4,4,4,0,0,0,0,0,0,1,3,1,0,0,0,0,1,1,5,1,0,0,2,4,1,0,0,0,27,0,2,2,2,0,0,0,0,0,4,4,59,143,202,568,278,73,63,32,175,63,4,0,0,0,0,0,0,1,0,0,0,0,0,0,0,1,0,0,0,1,6,1896
dchester,11140af508298c72d9e801df24ca2b3e85e18264,0,nan,nan,2,0,0,38,38,0,2,0,0,2,2,0,22,11,2,2,0,0,0,0,0,0,0,0,0,0,0,0,0,0,0,0,2,0,2,2,3,4,0,1,19,55,4,4,4,0,0,0,0,0,0,1,3,1,0,0,0,0,1,1,5,1,0,0,2,4,1,0,0,0,27,0,2,2,2,0,0,0,0,0,4,4,59,143,202,568,278,73,63,32,175,63,4,0,0,0,0,0,0,1,0,0,0,0,0,0,0,1,0,0,0,1,6,1896
jsonpathly,11140af508298c72d9e801df24ca2b3e85e18264,0,338562.5,65421312.0,2,0,0,38,38,0,2,0,0,2,2,0,22,11,2,2,0,0,0,0,0,0,0,0,0,0,0,0,0,0,0,0,2,0,2,2,3,4,0,1,19,55,4,4,4,0,0,0,0,0,0,1,3,1,0,0,0,0,1,1,5,1,0,0,2,4,1,0,0,0,27,0,2,2,2,0,0,0,0,0,4,4,59,143,202,568,278,73,63,32,175,63,4,0,0,0,0,0,0,1,0,0,0,0,0,0,0,1,0,0,0,1,6,1896
rfc9535,11140af508298c72d9e801df24ca2b3e85e18264,0,184786.625,63983616.0,2,0,0,38,38,0,2,0,0,2,2,0,22,11,2,2,0,0,0,0,0,0,0,0,0,0,0,0,0,0,0,0,2,0,2,2,3,4,0,1,19,55,4,4,4,0,0,0,0,0,0,1,3,1,0,0,0,0,1,1,5,1,0,0,2,4,1,0,0,0,27,0,2,2,2,0,0,0,0,0,4,4,59,143,202,568,278,73,63,32,175,63,4,0,0,0,0,0,0,1,0,0,0,0,0,0,0,1,0,0,0,1,6,1896
p3,11140af508298c72d9e801df24ca2b3e85e18264,0,122838.625,63934464.0,2,0,0,38,38,0,2,0,0,2,2,0,22,11,2,2,0,0,0,0,0,0,0,0,0,0,0,0,0,0,0,0,2,0,2,2,3,4,0,1,19,55,4,4,4,0,0,0,0,0,0,1,3,1,0,0,0,0,1,1,5,1,0,0,2,4,1,0,0,0,27,0,2,2,2,0,0,0,0,0,4,4,59,143,202,568,278,73,63,32,175,63,4,0,0,0,0,0,0,1,0,0,0,0,0,0,0,1,0,0,0,1,6,1896
plus,0056e407487c8acb718e7a730754496cd1a56646,0,nan,nan,1,0,0,31,31,0,1,0,0,1,1,1,20,12,1,0,0,0,0,0,0,0,0,0,0,0,0,0,1,0,0,0,1,0,1,1,2,3,0,1,13,13,3,3,3,0,0,0,0,0,0,0,1,2,0,0,0,0,1,1,3,0,0,0,1,2,0,0,0,0,20,0,1,1,1,0,0,0,0,0,3,3,78,189,267,608,302,72,53,24,136,44,4,0,0,0,0,0,0,1,0,0,0,0,0,0,0,1,0,0,0,1,6,1862
dchester,0056e407487c8acb718e7a730754496cd1a56646,0,nan,nan,1,0,0,31,31,0,1,0,0,1,1,1,20,12,1,0,0,0,0,0,0,0,0,0,0,0,0,0,1,0,0,0,1,0,1,1,2,3,0,1,13,13,3,3,3,0,0,0,0,0,0,0,1,2,0,0,0,0,1,1,3,0,0,0,1,2,0,0,0,0,20,0,1,1,1,0,0,0,0,0,3,3,78,189,267,608,302,72,53,24,136,44,4,0,0,0,0,0,0,1,0,0,0,0,0,0,0,1,0,0,0,1,6,1862
jsonpathly,0056e407487c8acb718e7a730754496cd1a56646,0,317923.8333333333,65339392.0,1,0,0,31,31,0,1,0,0,1,1,1,20,12,1,0,0,0,0,0,0,0,0,0,0,0,0,0,1,0,0,0,1,0,1,1,2,3,0,1,13,13,3,3,3,0,0,0,0,0,0,0,1,2,0,0,0,0,1,1,3,0,0,0,1,2,0,0,0,0,20,0,1,1,1,0,0,0,0,0,3,3,78,189,267,608,302,72,53,24,136,44,4,0,0,0,0,0,0,1,0,0,0,0,0,0,0,1,0,0,0,1,6,1862
rfc9535,0056e407487c8acb718e7a730754496cd1a56646,0,175216.7,63691161.6,1,0,0,31,31,0,1,0,0,1,1,1,20,12,1,0,0,0,0,0,0,0,0,0,0,0,0,0,1,0,0,0,1,0,1,1,2,3,0,1,13,13,3,3,3,0,0,0,0,0,0,0,1,2,0,0,0,0,1,1,3,0,0,0,1,2,0,0,0,0,20,0,1,1,1,0,0,0,0,0,3,3,78,189,267,608,302,72,53,24,136,44,4,0,0,0,0,0,0,1,0,0,0,0,0,0,0,1,0,0,0,1,6,1862
p3,0056e407487c8acb718e7a730754496cd1a56646,0,127983.3,64438272.0,1,0,0,31,31,0,1,0,0,1,1,1,20,12,1,0,0,0,0,0,0,0,0,0,0,0,0,0,1,0,0,0,1,0,1,1,2,3,0,1,13,13,3,3,3,0,0,0,0,0,0,0,1,2,0,0,0,0,1,1,3,0,0,0,1,2,0,0,0,0,20,0,1,1,1,0,0,0,0,0,3,3,78,189,267,608,302,72,53,24,136,44,4,0,0,0,0,0,0,1,0,0,0,0,0,0,0,1,0,0,0,1,6,1862
plus,21f3ef938cb25001366f1441999fb0f252b10d59,0,nan,nan,3,0,4,77,81,0,3,0,0,13,13,7,27,18,7,6,2,6,2,0,0,0,0,0,0,0,0,9,1,0,0,0,3,0,3,3,7,12,0,6,58,229,12,12,12,0,1,1,0,0,0,2,5,6,1,1,0,1,5,4,13,1,1,0,3,24,2,1,0,0,19,0,3,13,11,0,0,0,0,0,12,12,58,132,190,426,201,52,56,31,174,56,4,0,0,0,0,0,0,1,0,0,0,0,0,0,0,1,0,0,0,1,6,2038
dchester,21f3ef938cb25001366f1441999fb0f252b10d59,0,nan,nan,3,0,4,77,81,0,3,0,0,13,13,7,27,18,7,6,2,6,2,0,0,0,0,0,0,0,0,9,1,0,0,0,3,0,3,3,7,12,0,6,58,229,12,12,12,0,1,1,0,0,0,2,5,6,1,1,0,1,5,4,13,1,1,0,3,24,2,1,0,0,19,0,3,13,11,0,0,0,0,0,12,12,58,132,190,426,201,52,56,31,174,56,4,0,0,0,0,0,0,1,0,0,0,0,0,0,0,1,0,0,0,1,6,2038
jsonpathly,21f3ef938cb25001366f1441999fb0f252b10d59,0,364944.6666666667,68408661.33333333,3,0,4,77,81,0,3,0,0,13,13,7,27,18,7,6,2,6,2,0,0,0,0,0,0,0,0,9,1,0,0,0,3,0,3,3,7,12,0,6,58,229,12,12,12,0,1,1,0,0,0,2,5,6,1,1,0,1,5,4,13,1,1,0,3,24,2,1,0,0,19,0,3,13,11,0,0,0,0,0,12,12,58,132,190,426,201,52,56,31,174,56,4,0,0,0,0,0,0,1,0,0,0,0,0,0,0,1,0,0,0,1,6,2038
rfc9535,21f3ef938cb25001366f1441999fb0f252b10d59,0,217741.6,69143756.8,3,0,4,77,81,0,3,0,0,13,13,7,27,18,7,6,2,6,2,0,0,0,0,0,0,0,0,9,1,0,0,0,3,0,3,3,7,12,0,6,58,229,12,12,12,0,1,1,0,0,0,2,5,6,1,1,0,1,5,4,13,1,1,0,3,24,2,1,0,0,19,0,3,13,11,0,0,0,0,0,12,12,58,132,190,426,201,52,56,31,174,56,4,0,0,0,0,0,0,1,0,0,0,0,0,0,0,1,0,0,0,1,6,2038
p3,21f3ef938cb25001366f1441999fb0f252b10d59,0,178048.5,65634304.0,3,0,4,77,81,0,3,0,0,13,13,7,27,18,7,6,2,6,2,0,0,0,0,0,0,0,0,9,1,0,0,0,3,0,3,3,7,12,0,6,58,229,12,12,12,0,1,1,0,0,0,2,5,6,1,1,0,1,5,4,13,1,1,0,3,24,2,1,0,0,19,0,3,13,11,0,0,0,0,0,12,12,58,132,190,426,201,52,56,31,174,56,4,0,0,0,0,0,0,1,0,0,0,0,0,0,0,1,0,0,0,1,6,2038
plus,f91c368a0fd42ce5ed5435f3ae77bc7c732f9c1b,0,nan,nan,1,0,0,38,38,0,1,0,0,0,0,0,14,8,1,0,0,0,1,0,0,0,0,0,0,0,0,0,1,1,2,1,1,0,1,1,1,1,0,1,7,35,1,1,1,0,0,0,0,0,0,1,1,0,0,0,0,0,0,0,2,1,0,0,1,1,0,0,0,0,22,0,1,0,1,0,0,0,0,0,1,1,65,284,349,472,232,60,56,31,187,58,4,0,0,0,0,0,0,1,0,0,0,0,0,0,0,1,0,0,0,1,7,1833
dchester,f91c368a0fd42ce5ed5435f3ae77bc7c732f9c1b,0,nan,nan,1,0,0,38,38,0,1,0,0,0,0,0,14,8,1,0,0,0,1,0,0,0,0,0,0,0,0,0,1,1,2,1,1,0,1,1,1,1,0,1,7,35,1,1,1,0,0,0,0,0,0,1,1,0,0,0,0,0,0,0,2,1,0,0,1,1,0,0,0,0,22,0,1,0,1,0,0,0,0,0,1,1,65,284,349,472,232,60,56,31,187,58,4,0,0,0,0,0,0,1,0,0,0,0,0,0,0,1,0,0,0,1,7,1833
jsonpathly,f91c368a0fd42ce5ed5435f3ae77bc7c732f9c1b,0,92506.83333333333,62788949.333333336,1,0,0,38,38,0,1,0,0,0,0,0,14,8,1,0,0,0,1,0,0,0,0,0,0,0,0,0,1,1,2,1,1,0,1,1,1,1,0,1,7,35,1,1,1,0,0,0,0,0,0,1,1,0,0,0,0,0,0,0,2,1,0,0,1,1,0,0,0,0,22,0,1,0,1,0,0,0,0,0,1,1,65,284,349,472,232,60,56,31,187,58,4,0,0,0,0,0,0,1,0,0,0,0,0,0,0,1,0,0,0,1,7,1833
rfc9535,f91c368a0fd42ce5ed5435f3ae77bc7c732f9c1b,0,100930.58333333333,63763797.333333336,1,0,0,38,38,0,1,0,0,0,0,0,14,8,1,0,0,0,1,0,0,0,0,0,0,0,0,0,1,1,2,1,1,0,1,1,1,1,0,1,7,35,1,1,1,0,0,0,0,0,0,1,1,0,0,0,0,0,0,0,2,1,0,0,1,1,0,0,0,0,22,0,1,0,1,0,0,0,0,0,1,1,65,284,349,472,232,60,56,31,187,58,4,0,0,0,0,0,0,1,0,0,0,0,0,0,0,1,0,0,0,1,7,1833
p3,f91c368a0fd42ce5ed5435f3ae77bc7c732f9c1b,0,123479.0,64061440.0,1,0,0,38,38,0,1,0,0,0,0,0,14,8,1,0,0,0,1,0,0,0,0,0,0,0,0,0,1,1,2,1,1,0,1,1,1,1,0,1,7,35,1,1,1,0,0,0,0,0,0,1,1,0,0,0,0,0,0,0,2,1,0,0,1,1,0,0,0,0,22,0,1,0,1,0,0,0,0,0,1,1,65,284,349,472,232,60,56,31,187,58,4,0,0,0,0,0,0,1,0,0,0,0,0,0,0,1,0,0,0,1,7,1833
plus,9524ce45c744579591c894bf5751088f59e2733b,0,nan,nan,1,0,0,32,32,0,1,0,0,1,1,0,19,10,0,0,0,0,0,0,0,0,0,0,0,0,0,0,0,0,0,0,1,0,1,1,1,1,0,1,5,9,1,1,1,0,0,0,0,0,0,0,1,0,0,0,0,0,0,0,1,0,0,0,1,1,0,0,0,0,26,0,1,1,0,0,0,0,0,0,1,1,59,263,322,560,288,76,49,28,143,58,4,0,0,0,0,0,0,1,0,0,0,0,0,0,0,1,0,0,0,1,7,1832
dchester,9524ce45c744579591c894bf5751088f59e2733b,0,nan,nan,1,0,0,32,32,0,1,0,0,1,1,0,19,10,0,0,0,0,0,0,0,0,0,0,0,0,0,0,0,0,0,0,1,0,1,1,1,1,0,1,5,9,1,1,1,0,0,0,0,0,0,0,1,0,0,0,0,0,0,0,1,0,0,0,1,1,0,0,0,0,26,0,1,1,0,0,0,0,0,0,1,1,59,263,322,560,288,76,49,28,143,58,4,0,0,0,0,0,0,1,0,0,0,0,0,0,0,1,0,0,0,1,7,1832
jsonpathly,9524ce45c744579591c894bf5751088f59e2733b,0,89903.0,62575957.333333336,1,0,0,32,32,0,1,0,0,1,1,0,19,10,0,0,0,0,0,0,0,0,0,0,0,0,0,0,0,0,0,0,1,0,1,1,1,1,0,1,5,9,1,1,1,0,0,0,0,0,0,0,1,0,0,0,0,0,0,0,1,0,0,0,1,1,0,0,0,0,26,0,1,1,0,0,0,0,0,0,1,1,59,263,322,560,288,76,49,28,143,58,4,0,0,0,0,0,0,1,0,0,0,0,0,0,0,1,0,0,0,1,7,1832
rfc9535,9524ce45c744579591c894bf5751088f59e2733b,0,102097.33333333333,63867562.666666664,1,0,0,32,32,0,1,0,0,1,1,0,19,10,0,0,0,0,0,0,0,0,0,0,0,0,0,0,0,0,0,0,1,0,1,1,1,1,0,1,5,9,1,1,1,0,0,0,0,0,0,0,1,0,0,0,0,0,0,0,1,0,0,0,1,1,0,0,0,0,26,0,1,1,0,0,0,0,0,0,1,1,59,263,322,560,288,76,49,28,143,58,4,0,0,0,0,0,0,1,0,0,0,0,0,0,0,1,0,0,0,1,7,1832
p3,9524ce45c744579591c894bf5751088f59e2733b,0,84070.8,67298918.4,1,0,0,32,32,0,1,0,0,1,1,0,19,10,0,0,0,0,0,0,0,0,0,0,0,0,0,0,0,0,0,0,1,0,1,1,1,1,0,1,5,9,1,1,1,0,0,0,0,0,0,0,1,0,0,0,0,0,0,0,1,0,0,0,1,1,0,0,0,0,26,0,1,1,0,0,0,0,0,0,1,1,59,263,322,560,288,76,49,28,143,58,4,0,0,0,0,0,0,1,0,0,0,0,0,0,0,1,0,0,0,1,7,1832
plus,7a865d8284278d8112169a7ad4acd6abd2037b70,0,nan,nan,1,0,0,27,27,0,1,0,0,0,0,0,16,10,0,0,0,0,0,0,0,0,0,0,0,0,0,0,0,0,0,0,1,0,1,1,2,3,0,1,13,19,3,3,3,0,0,0,0,0,0,0,0,3,0,1,0,1,1,1,3,0,0,0,0,0,0,0,0,0,37,0,1,0,0,0,0,0,0,0,3,3,56,250,306,505,242,54,62,33,186,64,4,0,0,0,0,0,0,1,0,0,0,0,0,0,0,1,0,0,0,1,7,1792
dchester,7a865d8284278d8112169a7ad4acd6abd2037b70,0,nan,nan,1,0,0,27,27,0,1,0,0,0,0,0,16,10,0,0,0,0,0,0,0,0,0,0,0,0,0,0,0,0,0,0,1,0,1,1,2,3,0,1,13,19,3,3,3,0,0,0,0,0,0,0,0,3,0,1,0,1,1,1,3,0,0,0,0,0,0,0,0,0,37,0,1,0,0,0,0,0,0,0,3,3,56,250,306,505,242,54,62,33,186,64,4,0,0,0,0,0,0,1,0,0,0,0,0,0,0,1,0,0,0,1,7,1792
jsonpathly,7a865d8284278d8112169a7ad4acd6abd2037b70,0,125054.3,65739161.6,1,0,0,27,27,0,1,0,0,0,0,0,16,10,0,0,0,0,0,0,0,0,0,0,0,0,0,0,0,0,0,0,1,0,1,1,2,3,0,1,13,19,3,3,3,0,0,0,0,0,0,0,0,3,0,1,0,1,1,1,3,0,0,0,0,0,0,0,0,0,37,0,1,0,0,0,0,0,0,0,3,3,56,250,306,505,242,54,62,33,186,64,4,0,0,0,0,0,0,1,0,0,0,0,0,0,0,1,0,0,0,1,7,1792
rfc9535,7a865d8284278d8112169a7ad4acd6abd2037b70,0,114041.83333333333,65940138.666666664,1,0,0,27,27,0,1,0,0,0,0,0,16,10,0,0,0,0,0,0,0,0,0,0,0,0,0,0,0,0,0,0,1,0,1,1,2,3,0,1,13,19,3,3,3,0,0,0,0,0,0,0,0,3,0,1,0,1,1,1,3,0,0,0,0,0,0,0,0,0,37,0,1,0,0,0,0,0,0,0,3,3,56,250,306,505,242,54,62,33,186,64,4,0,0,0,0,0,0,1,0,0,0,0,0,0,0,1,0,0,0,1,7,1792
p3,7a865d8284278d8112169a7ad4acd6abd2037b70,0,83591.4375,66787328.0,1,0,0,27,27,0,1,0,0,0,0,0,16,10,0,0,0,0,0,0,0,0,0,0,0,0,0,0,0,0,0,0,1,0,1,1,2,3,0,1,13,19,3,3,3,0,0,0,0,0,0,0,0,3,0,1,0,1,1,1,3,0,0,0,0,0,0,0,0,0,37,0,1,0,0,0,0,0,0,0,3,3,56,250,306,505,242,54,62,33,186,64,4,0,0,0,0,0,0,1,0,0,0,0,0,0,0,1,0,0,0,1,7,1792
plus,4361885df3dfa679dc8101c9103cf8042efdeebb,0,nan,nan,1,0,0,24,24,0,1,0,0,0,0,0,13,6,0,0,0,0,0,0,0,0,0,0,0,0,0,0,0,0,0,0,1,0,1,1,1,1,0,1,9,12,1,1,1,0,1,0,1,0,0,2,0,0,0,0,0,0,0,0,2,1,1,0,0,0,0,0,0,0,24,0,1,0,0,0,0,0,0,0,1,1,51,369,420,465,223,48,63,28,139,48,4,0,0,0,0,0,0,1,0,0,0,0,0,0,0,1,0,0,0,1,6,1685
dchester,4361885df3dfa679dc8101c9103cf8042efdeebb,0,nan,nan,1,0,0,24,24,0,1,0,0,0,0,0,13,6,0,0,0,0,0,0,0,0,0,0,0,0,0,0,0,0,0,0,1,0,1,1,1,1,0,1,9,12,1,1,1,0,1,0,1,0,0,2,0,0,0,0,0,0,0,0,2,1,1,0,0,0,0,0,0,0,24,0,1,0,0,0,0,0,0,0,1,1,51,369,420,465,223,48,63,28,139,48,4,0,0,0,0,0,0,1,0,0,0,0,0,0,0,1,0,0,0,1,6,1685
jsonpathly,4361885df3dfa679dc8101c9103cf8042efdeebb,0,85083.125,62582784.0,1,0,0,24,24,0,1,0,0,0,0,0,13,6,0,0,0,0,0,0,0,0,0,0,0,0,0,0,0,0,0,0,1,0,1,1,1,1,0,1,9,12,1,1,1,0,1,0,1,0,0,2,0,0,0,0,0,0,0,0,2,1,1,0,0,0,0,0,0,0,24,0,1,0,0,0,0,0,0,0,1,1,51,369,420,465,223,48,63,28,139,48,4,0,0,0,0,0,0,1,0,0,0,0,0,0,0,1,0,0,0,1,6,1685
rfc9535,4361885df3dfa679dc8101c9103cf8042efdeebb,0,95791.83333333333,63799296.0,1,0,0,24,24,0,1,0,0,0,0,0,13,6,0,0,0,0,0,0,0,0,0,0,0,0,0,0,0,0,0,0,1,0,1,1,1,1,0,1,9,12,1,1,1,0,1,0,1,0,0,2,0,0,0,0,0,0,0,0,2,1,1,0,0,0,0,0,0,0,24,0,1,0,0,0,0,0,0,0,1,1,51,369,420,465,223,48,63,28,139,48,4,0,0,0,0,0,0,1,0,0,0,0,0,0,0,1,0,0,0,1,6,1685
p3,4361885df3dfa679dc8101c9103cf8042efdeebb,0,85284.83333333333,63771989.333333336,1,0,0,24,24,0,1,0,0,0,0,0,13,6,0,0,0,0,0,0,0,0,0,0,0,0,0,0,0,0,0,0,1,0,1,1,1,1,0,1,9,12,1,1,1,0,1,0,1,0,0,2,0,0,0,0,0,0,0,0,2,1,1,0,0,0,0,0,0,0,24,0,1,0,0,0,0,0,0,0,1,1,51,369,420,465,223,48,63,28,139,48,4,0,0,0,0,0,0,1,0,0,0,0,0,0,0,1,0,0,0,1,6,1685
plus,8a265d0712ec4709738bcfe7be084de212b56b01,0,nan,nan,1,0,0,17,17,0,1,0,0,0,0,0,11,5,0,0,0,0,0,0,0,0,0,0,0,0,0,0,0,0,0,0,1,0,1,1,1,1,0,0,4,7,1,1,1,0,0,0,0,0,0,0,1,0,0,0,0,0,0,0,1,0,0,0,0,0,1,0,0,0,24,0,1,0,0,0,0,0,0,0,1,1,46,348,394,502,243,54,50,21,125,41,4,0,0,0,0,0,0,1,0,0,0,0,0,0,0,1,0,0,0,1,6,1688
dchester,8a265d0712ec4709738bcfe7be084de212b56b01,0,nan,nan,1,0,0,17,17,0,1,0,0,0,0,0,11,5,0,0,0,0,0,0,0,0,0,0,0,0,0,0,0,0,0,0,1,0,1,1,1,1,0,0,4,7,1,1,1,0,0,0,0,0,0,0,1,0,0,0,0,0,0,0,1,0,0,0,0,0,1,0,0,0,24,0,1,0,0,0,0,0,0,0,1,1,46,348,394,502,243,54,50,21,125,41,4,0,0,0,0,0,0,1,0,0,0,0,0,0,0,1,0,0,0,1,6,1688
jsonpathly,8a265d0712ec4709738bcfe7be084de212b56b01,0,294339.35714285716,63918665.14285714,1,0,0,17,17,0,1,0,0,0,0,0,11,5,0,0,0,0,0,0,0,0,0,0,0,0,0,0,0,0,0,0,1,0,1,1,1,1,0,0,4,7,1,1,1,0,0,0,0,0,0,0,1,0,0,0,0,0,0,0,1,0,0,0,0,0,1,0,0,0,24,0,1,0,0,0,0,0,0,0,1,1,46,348,394,502,243,54,50,21,125,41,4,0,0,0,0,0,0,1,0,0,0,0,0,0,0,1,0,0,0,1,6,1688
rfc9535,8a265d0712ec4709738bcfe7be084de212b56b01,0,153163.64285714287,63836745.14285714,1,0,0,17,17,0,1,0,0,0,0,0,11,5,0,0,0,0,0,0,0,0,0,0,0,0,0,0,0,0,0,0,1,0,1,1,1,1,0,0,4,7,1,1,1,0,0,0,0,0,0,0,1,0,0,0,0,0,0,0,1,0,0,0,0,0,1,0,0,0,24,0,1,0,0,0,0,0,0,0,1,1,46,348,394,502,243,54,50,21,125,41,4,0,0,0,0,0,0,1,0,0,0,0,0,0,0,1,0,0,0,1,6,1688
p3,8a265d0712ec4709738bcfe7be084de212b56b01,0,73708.16666666667,66437120.0,1,0,0,17,17,0,1,0,0,0,0,0,11,5,0,0,0,0,0,0,0,0,0,0,0,0,0,0,0,0,0,0,1,0,1,1,1,1,0,0,4,7,1,1,1,0,0,0,0,0,0,0,1,0,0,0,0,0,0,0,1,0,0,0,0,0,1,0,0,0,24,0,1,0,0,0,0,0,0,0,1,1,46,348,394,502,243,54,50,21,125,41,4,0,0,0,0,0,0,1,0,0,0,0,0,0,0,1,0,0,0,1,6,1688
plus,5f406df2a5e31c4b59efcf75958ba2ef79a7b59a,0,nan,nan,1,0,0,24,24,0,1,0,0,0,0,0,12,5,0,0,0,0,0,0,0,0,0,0,0,0,0,0,0,0,0,0,1,0,1,1,2,3,0,1,13,29,3,3,3,0,0,0,0,0,0,0,1,2,0,0,0,0,1,1,3,0,0,0,0,0,1,0,0,0,19,0,1,0,0,0,0,0,0,0,3,3,49,369,418,450,215,63,52,22,123,43,4,0,0,0,0,0,0,1,0,0,0,0,0,0,0,1,0,0,0,1,6,1705
dchester,5f406df2a5e31c4b59efcf75958ba2ef79a7b59a,0,nan,nan,1,0,0,24,24,0,1,0,0,0,0,0,12,5,0,0,0,0,0,0,0,0,0,0,0,0,0,0,0,0,0,0,1,0,1,1,2,3,0,1,13,29,3,3,3,0,0,0,0,0,0,0,1,2,0,0,0,0,1,1,3,0,0,0,0,0,1,0,0,0,19,0,1,0,0,0,0,0,0,0,3,3,49,369,418,450,215,63,52,22,123,43,4,0,0,0,0,0,0,1,0,0,0,0,0,0,0,1,0,0,0,1,6,1705
jsonpathly,5f406df2a5e31c4b59efcf75958ba2ef79a7b59a,0,121191.8,63989350.4,1,0,0,24,24,0,1,0,0,0,0,0,12,5,0,0,0,0,0,0,0,0,0,0,0,0,0,0,0,0,0,0,1,0,1,1,2,3,0,1,13,29,3,3,3,0,0,0,0,0,0,0,1,2,0,0,0,0,1,1,3,0,0,0,0,0,1,0,0,0,19,0,1,0,0,0,0,0,0,0,3,3,49,369,418,450,215,63,52,22,123,43,4,0,0,0,0,0,0,1,0,0,0,0,0,0,0,1,0,0,0,1,6,1705
rfc9535,5f406df2a5e31c4b59efcf75958ba2ef79a7b59a,0,109953.1875,63825920.0,1,0,0,24,24,0,1,0,0,0,0,0,12,5,0,0,0,0,0,0,0,0,0,0,0,0,0,0,0,0,0,0,1,0,1,1,2,3,0,1,13,29,3,3,3,0,0,0,0,0,0,0,1,2,0,0,0,0,1,1,3,0,0,0,0,0,1,0,0,0,19,0,1,0,0,0,0,0,0,0,3,3,49,369,418,450,215,63,52,22,123,43,4,0,0,0,0,0,0,1,0,0,0,0,0,0,0,1,0,0,0,1,6,1705
p3,5f406df2a5e31c4b59efcf75958ba2ef79a7b59a,0,107583.33333333333,67895296.0,1,0,0,24,24,0,1,0,0,0,0,0,12,5,0,0,0,0,0,0,0,0,0,0,0,0,0,0,0,0,0,0,1,0,1,1,2,3,0,1,13,29,3,3,3,0,0,0,0,0,0,0,1,2,0,0,0,0,1,1,3,0,0,0,0,0,1,0,0,0,19,0,1,0,0,0,0,0,0,0,3,3,49,369,418,450,215,63,52,22,123,43,4,0,0,0,0,0,0,1,0,0,0,0,0,0,0,1,0,0,0,1,6,1705
plus,4b7f2e15712d77005c7625fab8e0535355dd72ad,0,nan,nan,1,0,3,26,29,0,1,0,0,5,5,1,8,6,4,2,1,1,1,0,0,0,0,0,0,0,0,0,2,0,0,0,1,0,1,1,2,3,0,3,15,14,3,3,3,0,0,0,0,0,0,0,1,2,2,0,0,0,1,1,3,0,0,0,1,12,0,1,0,0,13,0,1,5,7,0,0,0,0,0,3,3,35,479,514,407,171,41,32,11,77,25,4,0,0,0,0,0,0,1,0,0,0,0,0,0,0,1,0,0,0,1,6,1556
dchester,4b7f2e15712d77005c7625fab8e0535355dd72ad,0,nan,nan,1,0,3,26,29,0,1,0,0,5,5,1,8,6,4,2,1,1,1,0,0,0,0,0,0,0,0,0,2,0,0,0,1,0,1,1,2,3,0,3,15,14,3,3,3,0,0,0,0,0,0,0,1,2,2,0,0,0,1,1,3,0,0,0,1,12,0,1,0,0,13,0,1,5,7,0,0,0,0,0,3,3,35,479,514,407,171,41,32,11,77,25,4,0,0,0,0,0,0,1,0,0,0,0,0,0,0,1,0,0,0,1,6,1556
jsonpathly,4b7f2e15712d77005c7625fab8e0535355dd72ad,0,105507.0,63449770.666666664,1,0,3,26,29,0,1,0,0,5,5,1,8,6,4,2,1,1,1,0,0,0,0,0,0,0,0,0,2,0,0,0,1,0,1,1,2,3,0,3,15,14,3,3,3,0,0,0,0,0,0,0,1,2,2,0,0,0,1,1,3,0,0,0,1,12,0,1,0,0,13,0,1,5,7,0,0,0,0,0,3,3,35,479,514,407,171,41,32,11,77,25,4,0,0,0,0,0,0,1,0,0,0,0,0,0,0,1,0,0,0,1,6,1556
rfc9535,4b7f2e15712d77005c7625fab8e0535355dd72ad,0,105695.9,64097484.8,1,0,3,26,29,0,1,0,0,5,5,1,8,6,4,2,1,1,1,0,0,0,0,0,0,0,0,0,2,0,0,0,1,0,1,1,2,3,0,3,15,14,3,3,3,0,0,0,0,0,0,0,1,2,2,0,0,0,1,1,3,0,0,0,1,12,0,1,0,0,13,0,1,5,7,0,0,0,0,0,3,3,35,479,514,407,171,41,32,11,77,25,4,0,0,0,0,0,0,1,0,0,0,0,0,0,0,1,0,0,0,1,6,1556
p3,4b7f2e15712d77005c7625fab8e0535355dd72ad,0,118541.625,65024000.0,1,0,3,26,29,0,1,0,0,5,5,1,8,6,4,2,1,1,1,0,0,0,0,0,0,0,0,0,2,0,0,0,1,0,1,1,2,3,0,3,15,14,3,3,3,0,0,0,0,0,0,0,1,2,2,0,0,0,1,1,3,0,0,0,1,12,0,1,0,0,13,0,1,5,7,0,0,0,0,0,3,3,35,479,514,407,171,41,32,11,77,25,4,0,0,0,0,0,0,1,0,0,0,0,0,0,0,1,0,0,0,1,6,1556
plus,fbf58f8fc412498ac965c48a45db2198bf38cff6,0,nan,nan,1,0,0,10,10,0,1,0,0,1,1,1,23,17,1,0,0,0,0,0,0,0,0,0,0,0,0,0,1,0,0,0,1,0,1,1,1,2,0,1,9,2,2,2,2,0,0,0,0,0,0,0,1,1,0,0,0,0,1,0,2,0,0,0,0,2,1,0,0,0,11,0,1,1,1,0,0,0,0,0,2,2,35,473,508,436,190,50,46,10,69,19,4,0,0,0,0,0,0,1,0,0,0,0,0,0,0,1,0,0,0,1,6,1527
dchester,fbf58f8fc412498ac965c48a45db2198bf38cff6,0,nan,nan,1,0,0,10,10,0,1,0,0,1,1,1,23,17,1,0,0,0,0,0,0,0,0,0,0,0,0,0,1,0,0,0,1,0,1,1,1,2,0,1,9,2,2,2,2,0,0,0,0,0,0,0,1,1,0,0,0,0,1,0,2,0,0,0,0,2,1,0,0,0,11,0,1,1,1,0,0,0,0,0,2,2,35,473,508,436,190,50,46,10,69,19,4,0,0,0,0,0,0,1,0,0,0,0,0,0,0,1,0,0,0,1,6,1527
jsonpathly,fbf58f8fc412498ac965c48a45db2198bf38cff6,0,102684.9375,63084544.0,1,0,0,10,10,0,1,0,0,1,1,1,23,17,1,0,0,0,0,0,0,0,0,0,0,0,0,0,1,0,0,0,1,0,1,1,1,2,0,1,9,2,2,2,2,0,0,0,0,0,0,0,1,1,0,0,0,0,1,0,2,0,0,0,0,2,1,0,0,0,11,0,1,1,1,0,0,0,0,0,2,2,35,473,508,436,190,50,46,10,69,19,4,0,0,0,0,0,0,1,0,0,0,0,0,0,0,1,0,0,0,1,6,1527
rfc9535,fbf58f8fc412498ac965c48a45db2198bf38cff6,0,95218.66666666667,63853909.333333336,1,0,0,10,10,0,1,0,0,1,1,1,23,17,1,0,0,0,0,0,0,0,0,0,0,0,0,0,1,0,0,0,1,0,1,1,1,2,0,1,9,2,2,2,2,0,0,0,0,0,0,0,1,1,0,0,0,0,1,0,2,0,0,0,0,2,1,0,0,0,11,0,1,1,1,0,0,0,0,0,2,2,35,473,508,436,190,50,46,10,69,19,4,0,0,0,0,0,0,1,0,0,0,0,0,0,0,1,0,0,0,1,6,1527
p3,fbf58f8fc412498ac965c48a45db2198bf38cff6,0,75812.66666666667,64722261.333333336,1,0,0,10,10,0,1,0,0,1,1,1,23,17,1,0,0,0,0,0,0,0,0,0,0,0,0,0,1,0,0,0,1,0,1,1,1,2,0,1,9,2,2,2,2,0,0,0,0,0,0,0,1,1,0,0,0,0,1,0,2,0,0,0,0,2,1,0,0,0,11,0,1,1,1,0,0,0,0,0,2,2,35,473,508,436,190,50,46,10,69,19,4,0,0,0,0,0,0,1,0,0,0,0,0,0,0,1,0,0,0,1,6,1527
plus,91973390eb3dbfdbb9a118454457cd91761e3dc3,0,nan,nan,1,0,0,17,17,0,1,0,0,0,1,1,11,8,0,0,0,0,0,0,0,0,0,0,0,0,0,0,0,0,0,0,1,0,1,1,2,2,0,1,9,10,2,2,2,0,0,0,0,0,0,0,1,1,1,0,0,0,0,1,2,0,0,0,0,0,1,1,0,0,18,0,1,0,0,0,0,0,0,0,2,2,33,450,483,443,190,44,41,20,112,35,4,0,0,0,0,0,0,1,0,0,0,0,0,0,0,1,0,0,0,1,6,1613
dchester,91973390eb3dbfdbb9a118454457cd91761e3dc3,0,nan,nan,1,0,0,17,17,0,1,0,0,0,1,1,11,8,0,0,0,0,0,0,0,0,0,0,0,0,0,0,0,0,0,0,1,0,1,1,2,2,0,1,9,10,2,2,2,0,0,0,0,0,0,0,1,1,1,0,0,0,0,1,2,0,0,0,0,0,1,1,0,0,18,0,1,0,0,0,0,0,0,0,2,2,33,450,483,443,190,44,41,20,112,35,4,0,0,0,0,0,0,1,0,0,0,0,0,0,0,1,0,0,0,1,6,1613
jsonpathly,91973390eb3dbfdbb9a118454457cd91761e3dc3,0,100270.83333333333,63083861.333333336,1,0,0,17,17,0,1,0,0,0,1,1,11,8,0,0,0,0,0,0,0,0,0,0,0,0,0,0,0,0,0,0,1,0,1,1,2,2,0,1,9,10,2,2,2,0,0,0,0,0,0,0,1,1,1,0,0,0,0,1,2,0,0,0,0,0,1,1,0,0,18,0,1,0,0,0,0,0,0,0,2,2,33,450,483,443,190,44,41,20,112,35,4,0,0,0,0,0,0,1,0,0,0,0,0,0,0,1,0,0,0,1,6,1613
rfc9535,91973390eb3dbfdbb9a118454457cd91761e3dc3,0,95777.83333333333,63897600.0,1,0,0,17,17,0,1,0,0,0,1,1,11,8,0,0,0,0,0,0,0,0,0,0,0,0,0,0,0,0,0,0,1,0,1,1,2,2,0,1,9,10,2,2,2,0,0,0,0,0,0,0,1,1,1,0,0,0,0,1,2,0,0,0,0,0,1,1,0,0,18,0,1,0,0,0,0,0,0,0,2,2,33,450,483,443,190,44,41,20,112,35,4,0,0,0,0,0,0,1,0,0,0,0,0,0,0,1,0,0,0,1,6,1613
p3,91973390eb3dbfdbb9a118454457cd91761e3dc3,0,71638.83333333333,68993024.0,1,0,0,17,17,0,1,0,0,0,1,1,11,8,0,0,0,0,0,0,0,0,0,0,0,0,0,0,0,0,0,0,1,0,1,1,2,2,0,1,9,10,2,2,2,0,0,0,0,0,0,0,1,1,1,0,0,0,0,1,2,0,0,0,0,0,1,1,0,0,18,0,1,0,0,0,0,0,0,0,2,2,33,450,483,443,190,44,41,20,112,35,4,0,0,0,0,0,0,1,0,0,0,0,0,0,0,1,0,0,0,1,6,1613
plus,e47cb7ce28d1e5e5bf13c950f20bbaa782fd38a7,0,nan,nan,10,0,14,90,104,0,10,0,0,19,21,15,49,41,12,5,0,0,1,0,0,0,0,0,0,0,0,0,7,0,0,0,10,0,10,10,12,29,0,8,138,505,29,29,29,0,3,2,1,0,0,7,14,12,2,4,4,0,17,2,33,4,1,2,7,45,7,1,0,2,34,0,10,19,26,0,6,14,0,0,29,29,54,149,203,203,95,20,23,8,35,12,4,0,0,0,0,0,0,1,0,0,0,0,0,0,0,1,0,0,0,1,7,1936
dchester,e47cb7ce28d1e5e5bf13c950f20bbaa782fd38a7,0,nan,nan,10,0,14,90,104,0,10,0,0,19,21,15,49,41,12,5,0,0,1,0,0,0,0,0,0,0,0,0,7,0,0,0,10,0,10,10,12,29,0,8,138,505,29,29,29,0,3,2,1,0,0,7,14,12,2,4,4,0,17,2,33,4,1,2,7,45,7,1,0,2,34,0,10,19,26,0,6,14,0,0,29,29,54,149,203,203,95,20,23,8,35,12,4,0,0,0,0,0,0,1,0,0,0,0,0,0,0,1,0,0,0,1,7,1936
jsonpathly,e47cb7ce28d1e5e5bf13c950f20bbaa782fd38a7,0,1614661.625,86183936.0,10,0,14,90,104,0,10,0,0,19,21,15,49,41,12,5,0,0,1,0,0,0,0,0,0,0,0,0,7,0,0,0,10,0,10,10,12,29,0,8,138,505,29,29,29,0,3,2,1,0,0,7,14,12,2,4,4,0,17,2,33,4,1,2,7,45,7,1,0,2,34,0,10,19,26,0,6,14,0,0,29,29,54,149,203,203,95,20,23,8,35,12,4,0,0,0,0,0,0,1,0,0,0,0,0,0,0,1,0,0,0,1,7,1936
rfc9535,e47cb7ce28d1e5e5bf13c950f20bbaa782fd38a7,0,395651.0,74231808.0,10,0,14,90,104,0,10,0,0,19,21,15,49,41,12,5,0,0,1,0,0,0,0,0,0,0,0,0,7,0,0,0,10,0,10,10,12,29,0,8,138,505,29,29,29,0,3,2,1,0,0,7,14,12,2,4,4,0,17,2,33,4,1,2,7,45,7,1,0,2,34,0,10,19,26,0,6,14,0,0,29,29,54,149,203,203,95,20,23,8,35,12,4,0,0,0,0,0,0,1,0,0,0,0,0,0,0,1,0,0,0,1,7,1936
p3,e47cb7ce28d1e5e5bf13c950f20bbaa782fd38a7,0,135576.16666666666,65497770.666666664,10,0,14,90,104,0,10,0,0,19,21,15,49,41,12,5,0,0,1,0,0,0,0,0,0,0,0,0,7,0,0,0,10,0,10,10,12,29,0,8,138,505,29,29,29,0,3,2,1,0,0,7,14,12,2,4,4,0,17,2,33,4,1,2,7,45,7,1,0,2,34,0,10,19,26,0,6,14,0,0,29,29,54,149,203,203,95,20,23,8,35,12,4,0,0,0,0,0,0,1,0,0,0,0,0,0,0,1,0,0,0,1,7,1936
plus,71de2e2014a8a3bf9c957ee02e9e47c03c8b4721,0,nan,nan,16,0,15,105,120,0,16,0,0,14,16,10,16,16,11,5,3,13,3,0,0,0,0,0,0,0,0,19,6,1,2,4,16,0,16,16,27,46,0,12,220,551,46,46,46,0,9,4,5,0,0,12,13,24,3,4,2,2,19,11,49,3,5,4,5,40,8,0,0,0,30,0,16,14,26,0,0,0,0,0,46,46,59,97,156,156,63,18,16,8,60,17,4,0,0,0,0,0,0,1,0,0,0,0,0,0,0,1,0,0,0,1,7,2178
dchester,71de2e2014a8a3bf9c957ee02e9e47c03c8b4721,0,nan,nan,16,0,15,105,120,0,16,0,0,14,16,10,16,16,11,5,3,13,3,0,0,0,0,0,0,0,0,19,6,1,2,4,16,0,16,16,27,46,0,12,220,551,46,46,46,0,9,4,5,0,0,12,13,24,3,4,2,2,19,11,49,3,5,4,5,40,8,0,0,0,30,0,16,14,26,0,0,0,0,0,46,46,59,97,156,156,63,18,16,8,60,17,4,0,0,0,0,0,0,1,0,0,0,0,0,0,0,1,0,0,0,1,7,2178
jsonpathly,71de2e2014a8a3bf9c957ee02e9e47c03c8b4721,0,16620194.333333334,104934058.66666667,16,0,15,105,120,0,16,0,0,14,16,10,16,16,11,5,3,13,3,0,0,0,0,0,0,0,0,19,6,1,2,4,16,0,16,16,27,46,0,12,220,551,46,46,46,0,9,4,5,0,0,12,13,24,3,4,2,2,19,11,49,3,5,4,5,40,8,0,0,0,30,0,16,14,26,0,0,0,0,0,46,46,59,97,156,156,63,18,16,8,60,17,4,0,0,0,0,0,0,1,0,0,0,0,0,0,0,1,0,0,0,1,7,2178
rfc9535,71de2e2014a8a3bf9c957ee02e9e47c03c8b4721,0,1132576.1666666667,85333333.33333333,16,0,15,105,120,0,16,0,0,14,16,10,16,16,11,5,3,13,3,0,0,0,0,0,0,0,0,19,6,1,2,4,16,0,16,16,27,46,0,12,220,551,46,46,46,0,9,4,5,0,0,12,13,24,3,4,2,2,19,11,49,3,5,4,5,40,8,0,0,0,30,0,16,14,26,0,0,0,0,0,46,46,59,97,156,156,63,18,16,8,60,17,4,0,0,0,0,0,0,1,0,0,0,0,0,0,0,1,0,0,0,1,7,2178
p3,71de2e2014a8a3bf9c957ee02e9e47c03c8b4721,0,250743.0,68949333.33333333,16,0,15,105,120,0,16,0,0,14,16,10,16,16,11,5,3,13,3,0,0,0,0,0,0,0,0,19,6,1,2,4,16,0,16,16,27,46,0,12,220,551,46,46,46,0,9,4,5,0,0,12,13,24,3,4,2,2,19,11,49,3,5,4,5,40,8,0,0,0,30,0,16,14,26,0,0,0,0,0,46,46,59,97,156,156,63,18,16,8,60,17,4,0,0,0,0,0,0,1,0,0,0,0,0,0,0,1,0,0,0,1,7,2178
plus,84433c89c92c1d90490c6d24480f31e0547518d7,0,nan,nan,9,0,4,48,52,0,9,0,0,11,11,6,24,17,7,5,2,6,4,0,0,0,0,0,0,0,0,16,2,1,1,0,9,0,9,9,13,32,0,11,157,428,32,32,32,0,6,3,3,0,0,9,7,19,2,2,1,1,19,4,35,3,3,3,5,22,2,0,2,0,20,1,9,11,11,2,0,0,6,7,32,32,55,183,238,238,118,33,26,15,66,25,4,0,0,0,0,0,0,1,0,0,0,0,0,0,0,1,0,0,0,1,6,2013
dchester,84433c89c92c1d90490c6d24480f31e0547518d7,0,nan,nan,9,0,4,48,52,0,9,0,0,11,11,6,24,17,7,5,2,6,4,0,0,0,0,0,0,0,0,16,2,1,1,0,9,0,9,9,13,32,0,11,157,428,32,32,32,0,6,3,3,0,0,9,7,19,2,2,1,1,19,4,35,3,3,3,5,22,2,0,2,0,20,1,9,11,11,2,0,0,6,7,32,32,55,183,238,238,118,33,26,15,66,25,4,0,0,0,0,0,0,1,0,0,0,0,0,0,0,1,0,0,0,1,6,2013
jsonpathly,84433c89c92c1d90490c6d24480f31e0547518d7,0,10157222.166666666,104824832.0,9,0,4,48,52,0,9,0,0,11,11,6,24,17,7,5,2,6,4,0,0,0,0,0,0,0,0,16,2,1,1,0,9,0,9,9,13,32,0,11,157,428,32,32,32,0,6,3,3,0,0,9,7,19,2,2,1,1,19,4,35,3,3,3,5,22,2,0,2,0,20,1,9,11,11,2,0,0,6,7,32,32,55,183,238,238,118,33,26,15,66,25,4,0,0,0,0,0,0,1,0,0,0,0,0,0,0,1,0,0,0,1,6,2013
rfc9535,84433c89c92c1d90490c6d24480f31e0547518d7,0,939187.3333333334,76464128.0,9,0,4,48,52,0,9,0,0,11,11,6,24,17,7,5,2,6,4,0,0,0,0,0,0,0,0,16,2,1,1,0,9,0,9,9,13,32,0,11,157,428,32,32,32,0,6,3,3,0,0,9,7,19,2,2,1,1,19,4,35,3,3,3,5,22,2,0,2,0,20,1,9,11,11,2,0,0,6,7,32,32,55,183,238,238,118,33,26,15,66,25,4,0,0,0,0,0,0,1,0,0,0,0,0,0,0,1,0,0,0,1,6,2013
p3,84433c89c92c1d90490c6d24480f31e0547518d7,0,303000.0,68976640.0,9,0,4,48,52,0,9,0,0,11,11,6,24,17,7,5,2,6,4,0,0,0,0,0,0,0,0,16,2,1,1,0,9,0,9,9,13,32,0,11,157,428,32,32,32,0,6,3,3,0,0,9,7,19,2,2,1,1,19,4,35,3,3,3,5,22,2,0,2,0,20,1,9,11,11,2,0,0,6,7,32,32,55,183,238,238,118,33,26,15,66,25,4,0,0,0,0,0,0,1,0,0,0,0,0,0,0,1,0,0,0,1,6,2013
plus,b17935402fcc60be542c9bf4b93fdfb89f64eded,0,nan,nan,8,0,0,21,21,0,8,0,0,0,0,0,20,9,0,0,0,0,0,0,0,0,0,0,0,0,0,0,0,0,0,0,8,0,8,8,11,15,0,6,84,177,15,15,15,0,5,2,3,0,0,9,3,7,0,0,0,0,4,3,19,4,3,2,1,0,2,0,0,0,23,0,8,0,0,0,0,0,0,0,15,15,61,136,197,481,247,62,47,22,119,44,4,0,0,0,0,0,0,1,0,0,0,0,0,0,0,1,0,0,0,1,6,1924
dchester,b17935402fcc60be542c9bf4b93fdfb89f64eded,0,nan,nan,8,0,0,21,21,0,8,0,0,0,0,0,20,9,0,0,0,0,0,0,0,0,0,0,0,0,0,0,0,0,0,0,8,0,8,8,11,15,0,6,84,177,15,15,15,0,5,2,3,0,0,9,3,7,0,0,0,0,4,3,19,4,3,2,1,0,2,0,0,0,23,0,8,0,0,0,0,0,0,0,15,15,61,136,197,481,247,62,47,22,119,44,4,0,0,0,0,0,0,1,0,0,0,0,0,0,0,1,0,0,0,1,6,1924
jsonpathly,b17935402fcc60be542c9bf4b93fdfb89f64eded,0,1101090.1666666667,76595200.0,8,0,0,21,21,0,8,0,0,0,0,0,20,9,0,0,0,0,0,0,0,0,0,0,0,0,0,0,0,0,0,0,8,0,8,8,11,15,0,6,84,177,15,15,15,0,5,2,3,0,0,9,3,7,0,0,0,0,4,3,19,4,3,2,1,0,2,0,0,0,23,0,8,0,0,0,0,0,0,0,15,15,61,136,197,481,247,62,47,22,119,44,4,0,0,0,0,0,0,1,0,0,0,0,0,0,0,1,0,0,0,1,6,1924
rfc9535,b17935402fcc60be542c9bf4b93fdfb89f64eded,0,345965.3333333333,67971754.66666667,8,0,0,21,21,0,8,0,0,0,0,0,20,9,0,0,0,0,0,0,0,0,0,0,0,0,0,0,0,0,0,0,8,0,8,8,11,15,0,6,84,177,15,15,15,0,5,2,3,0,0,9,3,7,0,0,0,0,4,3,19,4,3,2,1,0,2,0,0,0,23,0,8,0,0,0,0,0,0,0,15,15,61,136,197,481,247,62,47,22,119,44,4,0,0,0,0,0,0,1,0,0,0,0,0,0,0,1,0,0,0,1,6,1924
p3,b17935402fcc60be542c9bf4b93fdfb89f64eded,0,137986.33333333334,64176128.0,8,0,0,21,21,0,8,0,0,0,0,0,20,9,0,0,0,0,0,0,0,0,0,0,0,0,0,0,0,0,0,0,8,0,8,8,11,15,0,6,84,177,15,15,15,0,5,2,3,0,0,9,3,7,0,0,0,0,4,3,19,4,3,2,1,0,2,0,0,0,23,0,8,0,0,0,0,0,0,0,15,15,61,136,197,481,247,62,47,22,119,44,4,0,0,0,0,0,0,1,0,0,0,0,0,0,0,1,0,0,0,1,6,1924
plus,7c7fdeb1eca3c401e776f3764679c4d30755346d,0,nan,nan,1,0,0,35,35,0,1,0,0,0,0,0,26,15,0,0,0,0,0,0,0,0,0,0,0,0,0,0,0,0,0,0,1,0,1,1,2,3,0,1,17,16,3,3,3,0,1,1,0,0,0,2,0,2,0,0,0,0,1,1,4,1,0,1,0,0,0,0,0,0,34,0,1,0,0,0,0,0,0,0,3,3,82,184,266,645,322,83,76,37,187,69,4,0,0,0,0,0,0,1,0,0,0,0,0,0,0,1,0,0,0,1,7,2087
dchester,7c7fdeb1eca3c401e776f3764679c4d30755346d,0,nan,nan,1,0,0,35,35,0,1,0,0,0,0,0,26,15,0,0,0,0,0,0,0,0,0,0,0,0,0,0,0,0,0,0,1,0,1,1,2,3,0,1,17,16,3,3,3,0,1,1,0,0,0,2,0,2,0,0,0,0,1,1,4,1,0,1,0,0,0,0,0,0,34,0,1,0,0,0,0,0,0,0,3,3,82,184,266,645,322,83,76,37,187,69,4,0,0,0,0,0,0,1,0,0,0,0,0,0,0,1,0,0,0,1,7,2087
jsonpathly,7c7fdeb1eca3c401e776f3764679c4d30755346d,0,131920.9,63861555.2,1,0,0,35,35,0,1,0,0,0,0,0,26,15,0,0,0,0,0,0,0,0,0,0,0,0,0,0,0,0,0,0,1,0,1,1,2,3,0,1,17,16,3,3,3,0,1,1,0,0,0,2,0,2,0,0,0,0,1,1,4,1,0,1,0,0,0,0,0,0,34,0,1,0,0,0,0,0,0,0,3,3,82,184,266,645,322,83,76,37,187,69,4,0,0,0,0,0,0,1,0,0,0,0,0,0,0,1,0,0,0,1,7,2087
rfc9535,7c7fdeb1eca3c401e776f3764679c4d30755346d,0,122380.25,63897600.0,1,0,0,35,35,0,1,0,0,0,0,0,26,15,0,0,0,0,0,0,0,0,0,0,0,0,0,0,0,0,0,0,1,0,1,1,2,3,0,1,17,16,3,3,3,0,1,1,0,0,0,2,0,2,0,0,0,0,1,1,4,1,0,1,0,0,0,0,0,0,34,0,1,0,0,0,0,0,0,0,3,3,82,184,266,645,322,83,76,37,187,69,4,0,0,0,0,0,0,1,0,0,0,0,0,0,0,1,0,0,0,1,7,2087
p3,7c7fdeb1eca3c401e776f3764679c4d30755346d,0,97391.9,68288512.0,1,0,0,35,35,0,1,0,0,0,0,0,26,15,0,0,0,0,0,0,0,0,0,0,0,0,0,0,0,0,0,0,1,0,1,1,2,3,0,1,17,16,3,3,3,0,1,1,0,0,0,2,0,2,0,0,0,0,1,1,4,1,0,1,0,0,0,0,0,0,34,0,1,0,0,0,0,0,0,0,3,3,82,184,266,645,322,83,76,37,187,69,4,0,0,0,0,0,0,1,0,0,0,0,0,0,0,1,0,0,0,1,7,2087
plus,37c6c49b088ff654d382e1bcdf8508eac5bb8800,0,nan,nan,3,0,1,31,32,0,3,0,0,1,2,1,16,9,2,2,1,5,1,1,0,1,2,0,1,0,1,6,0,0,0,0,3,0,3,3,6,9,0,5,51,130,9,9,9,0,4,1,3,0,0,5,1,4,1,1,0,1,3,3,10,1,1,3,1,4,0,0,0,0,29,0,3,1,3,0,0,0,0,0,9,9,70,160,230,580,291,71,58,30,162,53,4,0,0,0,0,0,0,1,0,0,0,0,0,0,0,1,0,0,0,1,6,2124
dchester,37c6c49b088ff654d382e1bcdf8508eac5bb8800,0,nan,nan,3,0,1,31,32,0,3,0,0,1,2,1,16,9,2,2,1,5,1,1,0,1,2,0,1,0,1,6,0,0,0,0,3,0,3,3,6,9,0,5,51,130,9,9,9,0,4,1,3,0,0,5,1,4,1,1,0,1,3,3,10,1,1,3,1,4,0,0,0,0,29,0,3,1,3,0,0,0,0,0,9,9,70,160,230,580,291,71,58,30,162,53,4,0,0,0,0,0,0,1,0,0,0,0,0,0,0,1,0,0,0,1,6,2124
jsonpathly,37c6c49b088ff654d382e1bcdf8508eac5bb8800,0,182986.0,64907946.666666664,3,0,1,31,32,0,3,0,0,1,2,1,16,9,2,2,1,5,1,1,0,1,2,0,1,0,1,6,0,0,0,0,3,0,3,3,6,9,0,5,51,130,9,9,9,0,4,1,3,0,0,5,1,4,1,1,0,1,3,3,10,1,1,3,1,4,0,0,0,0,29,0,3,1,3,0,0,0,0,0,9,9,70,160,230,580,291,71,58,30,162,53,4,0,0,0,0,0,0,1,0,0,0,0,0,0,0,1,0,0,0,1,6,2124
rfc9535,37c6c49b088ff654d382e1bcdf8508eac5bb8800,0,150861.16666666666,64733184.0,3,0,1,31,32,0,3,0,0,1,2,1,16,9,2,2,1,5,1,1,0,1,2,0,1,0,1,6,0,0,0,0,3,0,3,3,6,9,0,5,51,130,9,9,9,0,4,1,3,0,0,5,1,4,1,1,0,1,3,3,10,1,1,3,1,4,0,0,0,0,29,0,3,1,3,0,0,0,0,0,9,9,70,160,230,580,291,71,58,30,162,53,4,0,0,0,0,0,0,1,0,0,0,0,0,0,0,1,0,0,0,1,6,2124
p3,37c6c49b088ff654d382e1bcdf8508eac5bb8800,0,157058.4,65332838.4,3,0,1,31,32,0,3,0,0,1,2,1,16,9,2,2,1,5,1,1,0,1,2,0,1,0,1,6,0,0,0,0,3,0,3,3,6,9,0,5,51,130,9,9,9,0,4,1,3,0,0,5,1,4,1,1,0,1,3,3,10,1,1,3,1,4,0,0,0,0,29,0,3,1,3,0,0,0,0,0,9,9,70,160,230,580,291,71,58,30,162,53,4,0,0,0,0,0,0,1,0,0,0,0,0,0,0,1,0,0,0,1,6,2124
plus,be30157e77bff29533f0d1a472c499e04913ff32,0,nan,nan,2,0,0,29,29,0,2,0,0,0,0,0,25,10,1,0,0,0,0,0,0,0,0,0,0,0,0,0,1,0,0,0,2,0,2,2,3,5,0,1,25,19,5,5,5,0,1,1,0,0,0,2,1,3,0,0,0,0,2,1,6,1,0,1,1,1,0,0,0,0,23,0,2,0,1,0,0,0,0,0,5,5,83,70,153,701,310,81,64,37,177,52,4,0,0,0,0,0,0,1,0,0,0,0,0,0,0,1,0,0,0,1,6,2048
dchester,be30157e77bff29533f0d1a472c499e04913ff32,0,nan,nan,2,0,0,29,29,0,2,0,0,0,0,0,25,10,1,0,0,0,0,0,0,0,0,0,0,0,0,0,1,0,0,0,2,0,2,2,3,5,0,1,25,19,5,5,5,0,1,1,0,0,0,2,1,3,0,0,0,0,2,1,6,1,0,1,1,1,0,0,0,0,23,0,2,0,1,0,0,0,0,0,5,5,83,70,153,701,310,81,64,37,177,52,4,0,0,0,0,0,0,1,0,0,0,0,0,0,0,1,0,0,0,1,6,2048
jsonpathly,be30157e77bff29533f0d1a472c499e04913ff32,0,388257.0,67130709.33333333,2,0,0,29,29,0,2,0,0,0,0,0,25,10,1,0,0,0,0,0,0,0,0,0,0,0,0,0,1,0,0,0,2,0,2,2,3,5,0,1,25,19,5,5,5,0,1,1,0,0,0,2,1,3,0,0,0,0,2,1,6,1,0,1,1,1,0,0,0,0,23,0,2,0,1,0,0,0,0,0,5,5,83,70,153,701,310,81,64,37,177,52,4,0,0,0,0,0,0,1,0,0,0,0,0,0,0,1,0,0,0,1,6,2048
rfc9535,be30157e77bff29533f0d1a472c499e04913ff32,0,213097.16666666666,65178282.666666664,2,0,0,29,29,0,2,0,0,0,0,0,25,10,1,0,0,0,0,0,0,0,0,0,0,0,0,0,1,0,0,0,2,0,2,2,3,5,0,1,25,19,5,5,5,0,1,1,0,0,0,2,1,3,0,0,0,0,2,1,6,1,0,1,1,1,0,0,0,0,23,0,2,0,1,0,0,0,0,0,5,5,83,70,153,701,310,81,64,37,177,52,4,0,0,0,0,0,0,1,0,0,0,0,0,0,0,1,0,0,0,1,6,2048
p3,be30157e77bff29533f0d1a472c499e04913ff32,0,110576.33333333333,64850602.666666664,2,0,0,29,29,0,2,0,0,0,0,0,25,10,1,0,0,0,0,0,0,0,0,0,0,0,0,0,1,0,0,0,2,0,2,2,3,5,0,1,25,19,5,5,5,0,1,1,0,0,0,2,1,3,0,0,0,0,2,1,6,1,0,1,1,1,0,0,0,0,23,0,2,0,1,0,0,0,0,0,5,5,83,70,153,701,310,81,64,37,177,52,4,0,0,0,0,0,0,1,0,0,0,0,0,0,0,1,0,0,0,1,6,2048
plus,f96368c2c9eb3e26e1052a0e84ece656669b20c9,0,nan,nan,5,0,0,35,35,0,5,0,0,1,1,1,37,22,1,1,0,0,0,0,0,0,0,0,0,0,0,0,0,0,0,0,5,0,5,5,8,11,0,4,56,75,11,11,11,0,3,3,0,0,0,4,1,7,1,0,0,0,3,3,12,1,2,1,0,2,1,1,1,0,16,0,5,1,1,1,0,0,0,0,11,11,72,61,133,625,285,76,58,33,157,46,4,0,0,0,0,0,0,1,0,0,0,0,0,0,0,1,0,0,0,1,6,2047
dchester,f96368c2c9eb3e26e1052a0e84ece656669b20c9,0,nan,nan,5,0,0,35,35,0,5,0,0,1,1,1,37,22,1,1,0,0,0,0,0,0,0,0,0,0,0,0,0,0,0,0,5,0,5,5,8,11,0,4,56,75,11,11,11,0,3,3,0,0,0,4,1,7,1,0,0,0,3,3,12,1,2,1,0,2,1,1,1,0,16,0,5,1,1,1,0,0,0,0,11,11,72,61,133,625,285,76,58,33,157,46,4,0,0,0,0,0,0,1,0,0,0,0,0,0,0,1,0,0,0,1,6,2047
jsonpathly,f96368c2c9eb3e26e1052a0e84ece656669b20c9,0,371486.0,66349738.666666664,5,0,0,35,35,0,5,0,0,1,1,1,37,22,1,1,0,0,0,0,0,0,0,0,0,0,0,0,0,0,0,0,5,0,5,5,8,11,0,4,56,75,11,11,11,0,3,3,0,0,0,4,1,7,1,0,0,0,3,3,12,1,2,1,0,2,1,1,1,0,16,0,5,1,1,1,0,0,0,0,11,11,72,61,133,625,285,76,58,33,157,46,4,0,0,0,0,0,0,1,0,0,0,0,0,0,0,1,0,0,0,1,6,2047
rfc9535,f96368c2c9eb3e26e1052a0e84ece656669b20c9,0,218027.66666666666,66224128.0,5,0,0,35,35,0,5,0,0,1,1,1,37,22,1,1,0,0,0,0,0,0,0,0,0,0,0,0,0,0,0,0,5,0,5,5,8,11,0,4,56,75,11,11,11,0,3,3,0,0,0,4,1,7,1,0,0,0,3,3,12,1,2,1,0,2,1,1,1,0,16,0,5,1,1,1,0,0,0,0,11,11,72,61,133,625,285,76,58,33,157,46,4,0,0,0,0,0,0,1,0,0,0,0,0,0,0,1,0,0,0,1,6,2047
p3,f96368c2c9eb3e26e1052a0e84ece656669b20c9,0,158258.4,64467763.2,5,0,0,35,35,0,5,0,0,1,1,1,37,22,1,1,0,0,0,0,0,0,0,0,0,0,0,0,0,0,0,0,5,0,5,5,8,11,0,4,56,75,11,11,11,0,3,3,0,0,0,4,1,7,1,0,0,0,3,3,12,1,2,1,0,2,1,1,1,0,16,0,5,1,1,1,0,0,0,0,11,11,72,61,133,625,285,76,58,33,157,46,4,0,0,0,0,0,0,1,0,0,0,0,0,0,0,1,0,0,0,1,6,2047
plus,2e06b368a9aa8709fa228f613b1f156d63f5d13e,0,nan,nan,1,0,0,25,25,0,1,0,0,0,0,0,19,9,0,0,0,0,0,0,0,0,0,0,0,0,0,0,0,0,0,0,1,0,1,1,1,3,0,2,16,93,3,3,3,0,1,0,1,0,0,1,0,2,0,0,0,0,2,0,3,0,1,0,0,0,0,0,0,0,17,0,1,0,0,0,0,0,0,0,3,3,78,89,167,779,307,74,61,25,124,42,4,0,0,0,0,0,0,1,0,0,0,0,0,0,0,1,0,0,0,1,6,1996
dchester,2e06b368a9aa8709fa228f613b1f156d63f5d13e,0,nan,nan,1,0,0,25,25,0,1,0,0,0,0,0,19,9,0,0,0,0,0,0,0,0,0,0,0,0,0,0,0,0,0,0,1,0,1,1,1,3,0,2,16,93,3,3,3,0,1,0,1,0,0,1,0,2,0,0,0,0,2,0,3,0,1,0,0,0,0,0,0,0,17,0,1,0,0,0,0,0,0,0,3,3,78,89,167,779,307,74,61,25,124,42,4,0,0,0,0,0,0,1,0,0,0,0,0,0,0,1,0,0,0,1,6,1996
jsonpathly,2e06b368a9aa8709fa228f613b1f156d63f5d13e,0,119301.91666666667,62854485.333333336,1,0,0,25,25,0,1,0,0,0,0,0,19,9,0,0,0,0,0,0,0,0,0,0,0,0,0,0,0,0,0,0,1,0,1,1,1,3,0,2,16,93,3,3,3,0,1,0,1,0,0,1,0,2,0,0,0,0,2,0,3,0,1,0,0,0,0,0,0,0,17,0,1,0,0,0,0,0,0,0,3,3,78,89,167,779,307,74,61,25,124,42,4,0,0,0,0,0,0,1,0,0,0,0,0,0,0,1,0,0,0,1,6,1996
rfc9535,2e06b368a9aa8709fa228f613b1f156d63f5d13e,0,110520.83333333333,63815680.0,1,0,0,25,25,0,1,0,0,0,0,0,19,9,0,0,0,0,0,0,0,0,0,0,0,0,0,0,0,0,0,0,1,0,1,1,1,3,0,2,16,93,3,3,3,0,1,0,1,0,0,1,0,2,0,0,0,0,2,0,3,0,1,0,0,0,0,0,0,0,17,0,1,0,0,0,0,0,0,0,3,3,78,89,167,779,307,74,61,25,124,42,4,0,0,0,0,0,0,1,0,0,0,0,0,0,0,1,0,0,0,1,6,1996
p3,2e06b368a9aa8709fa228f613b1f156d63f5d13e,0,121447.875,68145152.0,1,0,0,25,25,0,1,0,0,0,0,0,19,9,0,0,0,0,0,0,0,0,0,0,0,0,0,0,0,0,0,0,1,0,1,1,1,3,0,2,16,93,3,3,3,0,1,0,1,0,0,1,0,2,0,0,0,0,2,0,3,0,1,0,0,0,0,0,0,0,17,0,1,0,0,0,0,0,0,0,3,3,78,89,167,779,307,74,61,25,124,42,4,0,0,0,0,0,0,1,0,0,0,0,0,0,0,1,0,0,0,1,6,1996
plus,7691367384cd2b80b05248746f0236fe5ffa1dc3,0,nan,nan,1,0,0,11,11,0,1,0,0,0,1,0,15,7,0,0,0,0,0,0,0,0,0,0,0,0,0,0,0,0,0,0,1,0,1,1,2,3,0,0,12,28,3,3,3,0,0,0,0,0,0,0,0,3,1,0,0,0,1,1,3,0,0,0,0,0,0,0,0,0,22,0,1,0,0,0,0,0,0,0,3,3,58,33,91,761,342,93,78,29,128,33,4,0,0,0,0,0,0,1,0,0,0,0,0,0,0,1,0,0,0,1,7,1982
dchester,7691367384cd2b80b05248746f0236fe5ffa1dc3,0,nan,nan,1,0,0,11,11,0,1,0,0,0,1,0,15,7,0,0,0,0,0,0,0,0,0,0,0,0,0,0,0,0,0,0,1,0,1,1,2,3,0,0,12,28,3,3,3,0,0,0,0,0,0,0,0,3,1,0,0,0,1,1,3,0,0,0,0,0,0,0,0,0,22,0,1,0,0,0,0,0,0,0,3,3,58,33,91,761,342,93,78,29,128,33,4,0,0,0,0,0,0,1,0,0,0,0,0,0,0,1,0,0,0,1,7,1982
jsonpathly,7691367384cd2b80b05248746f0236fe5ffa1dc3,0,338298.6666666667,65448618.666666664,1,0,0,11,11,0,1,0,0,0,1,0,15,7,0,0,0,0,0,0,0,0,0,0,0,0,0,0,0,0,0,0,1,0,1,1,2,3,0,0,12,28,3,3,3,0,0,0,0,0,0,0,0,3,1,0,0,0,1,1,3,0,0,0,0,0,0,0,0,0,22,0,1,0,0,0,0,0,0,0,3,3,58,33,91,761,342,93,78,29,128,33,4,0,0,0,0,0,0,1,0,0,0,0,0,0,0,1,0,0,0,1,7,1982
rfc9535,7691367384cd2b80b05248746f0236fe5ffa1dc3,0,218661.5,64045056.0,1,0,0,11,11,0,1,0,0,0,1,0,15,7,0,0,0,0,0,0,0,0,0,0,0,0,0,0,0,0,0,0,1,0,1,1,2,3,0,0,12,28,3,3,3,0,0,0,0,0,0,0,0,3,1,0,0,0,1,1,3,0,0,0,0,0,0,0,0,0,22,0,1,0,0,0,0,0,0,0,3,3,58,33,91,761,342,93,78,29,128,33,4,0,0,0,0,0,0,1,0,0,0,0,0,0,0,1,0,0,0,1,7,1982
p3,7691367384cd2b80b05248746f0236fe5ffa1dc3,0,90218.875,67551232.0,1,0,0,11,11,0,1,0,0,0,1,0,15,7,0,0,0,0,0,0,0,0,0,0,0,0,0,0,0,0,0,0,1,0,1,1,2,3,0,0,12,28,3,3,3,0,0,0,0,0,0,0,0,3,1,0,0,0,1,1,3,0,0,0,0,0,0,0,0,0,22,0,1,0,0,0,0,0,0,0,3,3,58,33,91,761,342,93,78,29,128,33,4,0,0,0,0,0,0,1,0,0,0,0,0,0,0,1,0,0,0,1,7,1982
plus,1dea2fe05e3cce49e397c424a94f815c6285916c,0,nan,nan,4,0,1,23,24,0,4,0,0,2,2,1,14,9,0,0,0,0,0,0,0,0,0,0,0,0,0,0,0,0,0,0,4,0,4,4,5,7,0,1,33,89,7,7,7,0,2,1,1,0,0,2,2,3,1,0,0,0,2,1,7,0,2,0,0,3,2,0,0,0,19,0,4,2,1,0,0,0,0,0,7,7,52,25,77,677,291,82,67,34,165,42,4,0,0,0,0,0,0,1,0,0,0,0,0,0,0,1,0,0,0,1,7,2034
dchester,1dea2fe05e3cce49e397c424a94f815c6285916c,0,nan,nan,4,0,1,23,24,0,4,0,0,2,2,1,14,9,0,0,0,0,0,0,0,0,0,0,0,0,0,0,0,0,0,0,4,0,4,4,5,7,0,1,33,89,7,7,7,0,2,1,1,0,0,2,2,3,1,0,0,0,2,1,7,0,2,0,0,3,2,0,0,0,19,0,4,2,1,0,0,0,0,0,7,7,52,25,77,677,291,82,67,34,165,42,4,0,0,0,0,0,0,1,0,0,0,0,0,0,0,1,0,0,0,1,7,2034
jsonpathly,1dea2fe05e3cce49e397c424a94f815c6285916c,0,1256029.3,68970086.4,4,0,1,23,24,0,4,0,0,2,2,1,14,9,0,0,0,0,0,0,0,0,0,0,0,0,0,0,0,0,0,0,4,0,4,4,5,7,0,1,33,89,7,7,7,0,2,1,1,0,0,2,2,3,1,0,0,0,2,1,7,0,2,0,0,3,2,0,0,0,19,0,4,2,1,0,0,0,0,0,7,7,52,25,77,677,291,82,67,34,165,42,4,0,0,0,0,0,0,1,0,0,0,0,0,0,0,1,0,0,0,1,7,2034
rfc9535,1dea2fe05e3cce49e397c424a94f815c6285916c,0,398690.9166666667,67728725.33333333,4,0,1,23,24,0,4,0,0,2,2,1,14,9,0,0,0,0,0,0,0,0,0,0,0,0,0,0,0,0,0,0,4,0,4,4,5,7,0,1,33,89,7,7,7,0,2,1,1,0,0,2,2,3,1,0,0,0,2,1,7,0,2,0,0,3,2,0,0,0,19,0,4,2,1,0,0,0,0,0,7,7,52,25,77,677,291,82,67,34,165,42,4,0,0,0,0,0,0,1,0,0,0,0,0,0,0,1,0,0,0,1,7,2034
p3,1dea2fe05e3cce49e397c424a94f815c6285916c,0,129840.16666666667,63903061.333333336,4,0,1,23,24,0,4,0,0,2,2,1,14,9,0,0,0,0,0,0,0,0,0,0,0,0,0,0,0,0,0,0,4,0,4,4,5,7,0,1,33,89,7,7,7,0,2,1,1,0,0,2,2,3,1,0,0,0,2,1,7,0,2,0,0,3,2,0,0,0,19,0,4,2,1,0,0,0,0,0,7,7,52,25,77,677,291,82,67,34,165,42,4,0,0,0,0,0,0,1,0,0,0,0,0,0,0,1,0,0,0,1,7,2034
plus,8548cacbb06c2d8e639f578102ff53e0561533ba,0,nan,nan,1,0,0,34,34,0,1,0,0,1,1,1,21,15,1,1,0,0,0,0,0,0,0,0,0,0,0,0,0,0,0,0,1,0,1,1,1,2,0,2,10,18,2,2,2,0,0,0,0,0,0,0,1,1,1,0,0,0,1,0,2,0,0,0,1,2,0,0,0,0,18,0,1,1,1,0,0,0,0,0,2,2,57,36,93,750,309,85,65,27,146,52,4,0,0,0,0,0,0,1,0,0,0,0,0,0,0,1,0,0,0,1,6,1892
dchester,8548cacbb06c2d8e639f578102ff53e0561533ba,0,nan,nan,1,0,0,34,34,0,1,0,0,1,1,1,21,15,1,1,0,0,0,0,0,0,0,0,0,0,0,0,0,0,0,0,1,0,1,1,1,2,0,2,10,18,2,2,2,0,0,0,0,0,0,0,1,1,1,0,0,0,1,0,2,0,0,0,1,2,0,0,0,0,18,0,1,1,1,0,0,0,0,0,2,2,57,36,93,750,309,85,65,27,146,52,4,0,0,0,0,0,0,1,0,0,0,0,0,0,0,1,0,0,0,1,6,1892
jsonpathly,8548cacbb06c2d8e639f578102ff53e0561533ba,0,96250.33333333333,62690645.333333336,1,0,0,34,34,0,1,0,0,1,1,1,21,15,1,1,0,0,0,0,0,0,0,0,0,0,0,0,0,0,0,0,1,0,1,1,1,2,0,2,10,18,2,2,2,0,0,0,0,0,0,0,1,1,1,0,0,0,1,0,2,0,0,0,1,2,0,0,0,0,18,0,1,1,1,0,0,0,0,0,2,2,57,36,93,750,309,85,65,27,146,52,4,0,0,0,0,0,0,1,0,0,0,0,0,0,0,1,0,0,0,1,6,1892
rfc9535,8548cacbb06c2d8e639f578102ff53e0561533ba,0,107027.83333333333,63761066.666666664,1,0,0,34,34,0,1,0,0,1,1,1,21,15,1,1,0,0,0,0,0,0,0,0,0,0,0,0,0,0,0,0,1,0,1,1,1,2,0,2,10,18,2,2,2,0,0,0,0,0,0,0,1,1,1,0,0,0,1,0,2,0,0,0,1,2,0,0,0,0,18,0,1,1,1,0,0,0,0,0,2,2,57,36,93,750,309,85,65,27,146,52,4,0,0,0,0,0,0,1,0,0,0,0,0,0,0,1,0,0,0,1,6,1892
p3,8548cacbb06c2d8e639f578102ff53e0561533ba,0,94708.2,64900300.8,1,0,0,34,34,0,1,0,0,1,1,1,21,15,1,1,0,0,0,0,0,0,0,0,0,0,0,0,0,0,0,0,1,0,1,1,1,2,0,2,10,18,2,2,2,0,0,0,0,0,0,0,1,1,1,0,0,0,1,0,2,0,0,0,1,2,0,0,0,0,18,0,1,1,1,0,0,0,0,0,2,2,57,36,93,750,309,85,65,27,146,52,4,0,0,0,0,0,0,1,0,0,0,0,0,0,0,1,0,0,0,1,6,1892
plus,e61110b6aec8d59256eb39b2095dd8643ff1263f,0,2702.0,54165504.0,0,0,0,45,45,0,0,0,0,0,0,2,22,18,0,0,0,0,0,0,0,0,0,0,0,0,0,0,0,0,0,0,0,0,0,0,0,0,0,0,0,117,0,0,0,0,0,0,0,0,0,0,0,0,0,0,0,0,0,0,0,0,0,0,0,0,0,3,0,0,2,0,0,0,0,0,0,0,0,0,0,0,0,0,0,0,0,0,0,0,0,0,38,1,9,1,1,1,0,9,3,0,2,0,0,0,0,0,0,0,8,1,137,1
dchester,e61110b6aec8d59256eb39b2095dd8643ff1263f,0,4673.5,59938133.333333336,0,0,0,45,45,0,0,0,0,0,0,2,22,18,0,0,0,0,0,0,0,0,0,0,0,0,0,0,0,0,0,0,0,0,0,0,0,0,0,0,0,117,0,0,0,0,0,0,0,0,0,0,0,0,0,0,0,0,0,0,0,0,0,0,0,0,0,3,0,0,2,0,0,0,0,0,0,0,0,0,0,0,0,0,0,0,0,0,0,0,0,0,38,1,9,1,1,1,0,9,3,0,2,0,0,0,0,0,0,0,8,1,137,1
jsonpathly,e61110b6aec8d59256eb39b2095dd8643ff1263f,0,9275.875,56557568.0,0,0,0,45,45,0,0,0,0,0,0,2,22,18,0,0,0,0,0,0,0,0,0,0,0,0,0,0,0,0,0,0,0,0,0,0,0,0,0,0,0,117,0,0,0,0,0,0,0,0,0,0,0,0,0,0,0,0,0,0,0,0,0,0,0,0,0,3,0,0,2,0,0,0,0,0,0,0,0,0,0,0,0,0,0,0,0,0,0,0,0,0,38,1,9,1,1,1,0,9,3,0,2,0,0,0,0,0,0,0,8,1,137,1
rfc9535,e61110b6aec8d59256eb39b2095dd8643ff1263f,0,5934.0,57756330.666666664,0,0,0,45,45,0,0,0,0,0,0,2,22,18,0,0,0,0,0,0,0,0,0,0,0,0,0,0,0,0,0,0,0,0,0,0,0,0,0,0,0,117,0,0,0,0,0,0,0,0,0,0,0,0,0,0,0,0,0,0,0,0,0,0,0,0,0,3,0,0,2,0,0,0,0,0,0,0,0,0,0,0,0,0,0,0,0,0,0,0,0,0,38,1,9,1,1,1,0,9,3,0,2,0,0,0,0,0,0,0,8,1,137,1
p3,e61110b6aec8d59256eb39b2095dd8643ff1263f,0,1904.1,54476800.0,0,0,0,45,45,0,0,0,0,0,0,2,22,18,0,0,0,0,0,0,0,0,0,0,0,0,0,0,0,0,0,0,0,0,0,0,0,0,0,0,0,117,0,0,0,0,0,0,0,0,0,0,0,0,0,0,0,0,0,0,0,0,0,0,0,0,0,3,0,0,2,0,0,0,0,0,0,0,0,0,0,0,0,0,0,0,0,0,0,0,0,0,38,1,9,1,1,1,0,9,3,0,2,0,0,0,0,0,0,0,8,1,137,1
plus,ad96865ed54e46eef6e93d6f0cf2cca24644feac,0,nan,nan,1,0,0,16,16,0,1,0,0,0,0,0,22,11,0,0,0,0,0,0,0,0,0,0,0,0,0,0,0,0,0,0,1,0,1,1,1,2,0,1,9,19,2,2,2,0,0,0,0,0,0,0,1,1,0,0,0,0,1,0,2,0,0,0,1,0,0,0,0,0,16,0,1,0,0,0,0,0,0,0,2,2,38,17,55,825,362,94,71,24,105,32,4,0,0,0,0,0,0,1,0,0,0,0,0,0,0,1,0,0,0,1,6,1924
dchester,ad96865ed54e46eef6e93d6f0cf2cca24644feac,0,nan,nan,1,0,0,16,16,0,1,0,0,0,0,0,22,11,0,0,0,0,0,0,0,0,0,0,0,0,0,0,0,0,0,0,1,0,1,1,1,2,0,1,9,19,2,2,2,0,0,0,0,0,0,0,1,1,0,0,0,0,1,0,2,0,0,0,1,0,0,0,0,0,16,0,1,0,0,0,0,0,0,0,2,2,38,17,55,825,362,94,71,24,105,32,4,0,0,0,0,0,0,1,0,0,0,0,0,0,0,1,0,0,0,1,6,1924
jsonpathly,ad96865ed54e46eef6e93d6f0cf2cca24644feac,0,311819.3333333333,65470464.0,1,0,0,16,16,0,1,0,0,0,0,0,22,11,0,0,0,0,0,0,0,0,0,0,0,0,0,0,0,0,0,0,1,0,1,1,1,2,0,1,9,19,2,2,2,0,0,0,0,0,0,0,1,1,0,0,0,0,1,0,2,0,0,0,1,0,0,0,0,0,16,0,1,0,0,0,0,0,0,0,2,2,38,17,55,825,362,94,71,24,105,32,4,0,0,0,0,0,0,1,0,0,0,0,0,0,0,1,0,0,0,1,6,1924
rfc9535,ad96865ed54e46eef6e93d6f0cf2cca24644feac,0,179215.33333333334,64279893.333333336,1,0,0,16,16,0,1,0,0,0,0,0,22,11,0,0,0,0,0,0,0,0,0,0,0,0,0,0,0,0,0,0,1,0,1,1,1,2,0,1,9,19,2,2,2,0,0,0,0,0,0,0,1,1,0,0,0,0,1,0,2,0,0,0,1,0,0,0,0,0,16,0,1,0,0,0,0,0,0,0,2,2,38,17,55,825,362,94,71,24,105,32,4,0,0,0,0,0,0,1,0,0,0,0,0,0,0,1,0,0,0,1,6,1924
p3,ad96865ed54e46eef6e93d6f0cf2cca24644feac,0,89124.9375,66902016.0,1,0,0,16,16,0,1,0,0,0,0,0,22,11,0,0,0,0,0,0,0,0,0,0,0,0,0,0,0,0,0,0,1,0,1,1,1,2,0,1,9,19,2,2,2,0,0,0,0,0,0,0,1,1,0,0,0,0,1,0,2,0,0,0,1,0,0,0,0,0,16,0,1,0,0,0,0,0,0,0,2,2,38,17,55,825,362,94,71,24,105,32,4,0,0,0,0,0,0,1,0,0,0,0,0,0,0,1,0,0,0,1,6,1924
plus,89e2f8b0823d3fea89526cde5fc3a88b9d842fb1,0,nan,nan,1,0,0,29,29,0,1,0,0,0,0,0,16,5,0,0,0,0,0,0,0,0,0,0,0,0,0,0,0,0,0,0,1,0,1,1,1,2,0,1,9,14,2,2,2,0,0,0,0,0,0,0,0,2,0,0,0,0,1,0,2,0,0,0,0,0,0,0,0,0,25,0,1,0,0,0,0,0,0,0,2,2,36,17,53,785,347,73,94,34,144,54,4,0,0,0,0,0,0,1,0,0,0,0,0,0,0,1,0,0,0,1,7,1879
dchester,89e2f8b0823d3fea89526cde5fc3a88b9d842fb1,0,nan,nan,1,0,0,29,29,0,1,0,0,0,0,0,16,5,0,0,0,0,0,0,0,0,0,0,0,0,0,0,0,0,0,0,1,0,1,1,1,2,0,1,9,14,2,2,2,0,0,0,0,0,0,0,0,2,0,0,0,0,1,0,2,0,0,0,0,0,0,0,0,0,25,0,1,0,0,0,0,0,0,0,2,2,36,17,53,785,347,73,94,34,144,54,4,0,0,0,0,0,0,1,0,0,0,0,0,0,0,1,0,0,0,1,7,1879
jsonpathly,89e2f8b0823d3fea89526cde5fc3a88b9d842fb1,0,326575.0,65319731.2,1,0,0,29,29,0,1,0,0,0,0,0,16,5,0,0,0,0,0,0,0,0,0,0,0,0,0,0,0,0,0,0,1,0,1,1,1,2,0,1,9,14,2,2,2,0,0,0,0,0,0,0,0,2,0,0,0,0,1,0,2,0,0,0,0,0,0,0,0,0,25,0,1,0,0,0,0,0,0,0,2,2,36,17,53,785,347,73,94,34,144,54,4,0,0,0,0,0,0,1,0,0,0,0,0,0,0,1,0,0,0,1,7,1879
rfc9535,89e2f8b0823d3fea89526cde5fc3a88b9d842fb1,0,160340.33333333334,63908522.666666664,1,0,0,29,29,0,1,0,0,0,0,0,16,5,0,0,0,0,0,0,0,0,0,0,0,0,0,0,0,0,0,0,1,0,1,1,1,2,0,1,9,14,2,2,2,0,0,0,0,0,0,0,0,2,0,0,0,0,1,0,2,0,0,0,0,0,0,0,0,0,25,0,1,0,0,0,0,0,0,0,2,2,36,17,53,785,347,73,94,34,144,54,4,0,0,0,0,0,0,1,0,0,0,0,0,0,0,1,0,0,0,1,7,1879
p3,89e2f8b0823d3fea89526cde5fc3a88b9d842fb1,0,85294.3125,66463744.0,1,0,0,29,29,0,1,0,0,0,0,0,16,5,0,0,0,0,0,0,0,0,0,0,0,0,0,0,0,0,0,0,1,0,1,1,1,2,0,1,9,14,2,2,2,0,0,0,0,0,0,0,0,2,0,0,0,0,1,0,2,0,0,0,0,0,0,0,0,0,25,0,1,0,0,0,0,0,0,0,2,2,36,17,53,785,347,73,94,34,144,54,4,0,0,0,0,0,0,1,0,0,0,0,0,0,0,1,0,0,0,1,7,1879
plus,b504897732025425478d75583280c186b1a5d4f4,0,17127.5625,57110528.0,10,4,4,68,72,3,3,21,24,11,11,10,36,27,13,8,1,3,1,0,0,0,0,0,0,0,0,3,5,0,0,0,0,0,0,0,0,0,0,0,0,207,0,0,0,0,0,0,0,0,0,0,0,0,0,0,0,0,0,0,0,0,0,0,0,0,0,0,0,0,7,0,6,0,0,0,0,0,0,0,0,0,0,0,0,0,0,0,0,0,0,0,56,2,8,0,0,0,0,17,0,0,1,0,0,0,3,2,4,7,6,4,119,178
dchester,b504897732025425478d75583280c186b1a5d4f4,0,71010.375,66377728.0,10,4,4,68,72,3,3,21,24,11,11,10,36,27,13,8,1,3,1,0,0,0,0,0,0,0,0,3,5,0,0,0,0,0,0,0,0,0,0,0,0,207,0,0,0,0,0,0,0,0,0,0,0,0,0,0,0,0,0,0,0,0,0,0,0,0,0,0,0,0,7,0,6,0,0,0,0,0,0,0,0,0,0,0,0,0,0,0,0,0,0,0,56,2,8,0,0,0,0,17,0,0,1,0,0,0,3,2,4,7,6,4,119,178
jsonpathly,b504897732025425478d75583280c186b1a5d4f4,0,58973.357142857145,59604992.0,10,4,4,68,72,3,3,21,24,11,11,10,36,27,13,8,1,3,1,0,0,0,0,0,0,0,0,3,5,0,0,0,0,0,0,0,0,0,0,0,0,207,0,0,0,0,0,0,0,0,0,0,0,0,0,0,0,0,0,0,0,0,0,0,0,0,0,0,0,0,7,0,6,0,0,0,0,0,0,0,0,0,0,0,0,0,0,0,0,0,0,0,56,2,8,0,0,0,0,17,0,0,1,0,0,0,3,2,4,7,6,4,119,178
rfc9535,b504897732025425478d75583280c186b1a5d4f4,0,50036.5,62320640.0,10,4,4,68,72,3,3,21,24,11,11,10,36,27,13,8,1,3,1,0,0,0,0,0,0,0,0,3,5,0,0,0,0,0,0,0,0,0,0,0,0,207,0,0,0,0,0,0,0,0,0,0,0,0,0,0,0,0,0,0,0,0,0,0,0,0,0,0,0,0,7,0,6,0,0,0,0,0,0,0,0,0,0,0,0,0,0,0,0,0,0,0,56,2,8,0,0,0,0,17,0,0,1,0,0,0,3,2,4,7,6,4,119,178
p3,b504897732025425478d75583280c186b1a5d4f4,0,54024.8,61793894.4,10,4,4,68,72,3,3,21,24,11,11,10,36,27,13,8,1,3,1,0,0,0,0,0,0,0,0,3,5,0,0,0,0,0,0,0,0,0,0,0,0,207,0,0,0,0,0,0,0,0,0,0,0,0,0,0,0,0,0,0,0,0,0,0,0,0,0,0,0,0,7,0,6,0,0,0,0,0,0,0,0,0,0,0,0,0,0,0,0,0,0,0,56,2,8,0,0,0,0,17,0,0,1,0,0,0,3,2,4,7,6,4,119,178
plus,0011121c15e4cf031d876ebaa9e4b8279dc10feb,0,18565.125,56999936.0,8,5,5,14,19,3,1,0,0,0,0,2,3,2,0,0,0,0,0,2,2,4,8,2,0,0,0,0,0,0,0,0,1,0,0,0,0,0,0,0,0,126,0,0,0,0,0,0,0,0,0,0,0,0,0,0,0,0,0,0,0,0,0,0,0,0,0,0,0,0,7,0,3,0,0,1,0,0,0,0,0,0,0,0,0,0,0,0,0,0,0,0,41,1,1,0,0,2,0,17,2,1,5,2,2,1,2,2,3,14,0,3,87,33
dchester,0011121c15e4cf031d876ebaa9e4b8279dc10feb,0,50721.666666666664,65748992.0,8,5,5,14,19,3,1,0,0,0,0,2,3,2,0,0,0,0,0,2,2,4,8,2,0,0,0,0,0,0,0,0,1,0,0,0,0,0,0,0,0,126,0,0,0,0,0,0,0,0,0,0,0,0,0,0,0,0,0,0,0,0,0,0,0,0,0,0,0,0,7,0,3,0,0,1,0,0,0,0,0,0,0,0,0,0,0,0,0,0,0,0,41,1,1,0,0,2,0,17,2,1,5,2,2,1,2,2,3,14,0,3,87,33
jsonpathly,0011121c15e4cf031d876ebaa9e4b8279dc10feb,0,29879.2,57996083.2,8,5,5,14,19,3,1,0,0,0,0,2,3,2,0,0,0,0,0,2,2,4,8,2,0,0,0,0,0,0,0,0,1,0,0,0,0,0,0,0,0,126,0,0,0,0,0,0,0,0,0,0,0,0,0,0,0,0,0,0,0,0,0,0,0,0,0,0,0,0,7,0,3,0,0,1,0,0,0,0,0,0,0,0,0,0,0,0,0,0,0,0,41,1,1,0,0,2,0,17,2,1,5,2,2,1,2,2,3,14,0,3,87,33
rfc9535,0011121c15e4cf031d876ebaa9e4b8279dc10feb,0,21401.0,59443200.0,8,5,5,14,19,3,1,0,0,0,0,2,3,2,0,0,0,0,0,2,2,4,8,2,0,0,0,0,0,0,0,0,1,0,0,0,0,0,0,0,0,126,0,0,0,0,0,0,0,0,0,0,0,0,0,0,0,0,0,0,0,0,0,0,0,0,0,0,0,0,7,0,3,0,0,1,0,0,0,0,0,0,0,0,0,0,0,0,0,0,0,0,41,1,1,0,0,2,0,17,2,1,5,2,2,1,2,2,3,14,0,3,87,33
p3,0011121c15e4cf031d876ebaa9e4b8279dc10feb,0,35333.3,58559692.8,8,5,5,14,19,3,1,0,0,0,0,2,3,2,0,0,0,0,0,2,2,4,8,2,0,0,0,0,0,0,0,0,1,0,0,0,0,0,0,0,0,126,0,0,0,0,0,0,0,0,0,0,0,0,0,0,0,0,0,0,0,0,0,0,0,0,0,0,0,0,7,0,3,0,0,1,0,0,0,0,0,0,0,0,0,0,0,0,0,0,0,0,41,1,1,0,0,2,0,17,2,1,5,2,2,1,2,2,3,14,0,3,87,33
plus,924c05bed6532d1d159f79dc9a35792851028875,0,6743.166666666667,54640640.0,2,0,1,45,46,1,0,0,0,0,0,2,33,18,0,0,0,0,0,1,0,1,2,0,1,0,1,0,0,0,0,0,0,0,0,0,0,0,0,0,0,553,0,0,0,0,0,0,0,0,0,0,0,0,0,0,0,0,0,0,0,0,0,0,0,0,0,5,0,0,14,0,2,0,0,2,0,0,0,0,0,0,0,0,0,0,0,0,0,0,0,0,169,2,12,3,3,8,0,69,7,2,7,2,5,4,11,8,3,49,10,5,437,6
dchester,924c05bed6532d1d159f79dc9a35792851028875,0,19367.125,61480960.0,2,0,1,45,46,1,0,0,0,0,0,2,33,18,0,0,0,0,0,1,0,1,2,0,1,0,1,0,0,0,0,0,0,0,0,0,0,0,0,0,0,553,0,0,0,0,0,0,0,0,0,0,0,0,0,0,0,0,0,0,0,0,0,0,0,0,0,5,0,0,14,0,2,0,0,2,0,0,0,0,0,0,0,0,0,0,0,0,0,0,0,0,169,2,12,3,3,8,0,69,7,2,7,2,5,4,11,8,3,49,10,5,437,6
jsonpathly,924c05bed6532d1d159f79dc9a35792851028875,0,13351.375,56983552.0,2,0,1,45,46,1,0,0,0,0,0,2,33,18,0,0,0,0,0,1,0,1,2,0,1,0,1,0,0,0,0,0,0,0,0,0,0,0,0,0,0,553,0,0,0,0,0,0,0,0,0,0,0,0,0,0,0,0,0,0,0,0,0,0,0,0,0,5,0,0,14,0,2,0,0,2,0,0,0,0,0,0,0,0,0,0,0,0,0,0,0,0,169,2,12,3,3,8,0,69,7,2,7,2,5,4,11,8,3,49,10,5,437,6
rfc9535,924c05bed6532d1d159f79dc9a35792851028875,0,9986.9375,57862144.0,2,0,1,45,46,1,0,0,0,0,0,2,33,18,0,0,0,0,0,1,0,1,2,0,1,0,1,0,0,0,0,0,0,0,0,0,0,0,0,0,0,553,0,0,0,0,0,0,0,0,0,0,0,0,0,0,0,0,0,0,0,0,0,0,0,0,0,5,0,0,14,0,2,0,0,2,0,0,0,0,0,0,0,0,0,0,0,0,0,0,0,0,169,2,12,3,3,8,0,69,7,2,7,2,5,4,11,8,3,49,10,5,437,6
p3,924c05bed6532d1d159f79dc9a35792851028875,0,7776.0,55164928.0,2,0,1,45,46,1,0,0,0,0,0,2,33,18,0,0,0,0,0,1,0,1,2,0,1,0,1,0,0,0,0,0,0,0,0,0,0,0,0,0,0,553,0,0,0,0,0,0,0,0,0,0,0,0,0,0,0,0,0,0,0,0,0,0,0,0,0,5,0,0,14,0,2,0,0,2,0,0,0,0,0,0,0,0,0,0,0,0,0,0,0,0,169,2,12,3,3,8,0,69,7,2,7,2,5,4,11,8,3,49,10,5,437,6
plus,26477ad907d92a2b6b0aa25c04bb05ca23bda970,0,8612.5,55001088.0,4,1,3,120,123,1,0,0,0,0,0,2,40,19,0,0,0,0,0,7,4,10,23,4,3,1,2,0,0,0,0,0,0,0,0,0,0,0,0,0,0,274,0,0,0,0,0,0,0,0,0,0,0,0,0,0,0,0,0,0,0,0,0,0,0,0,0,4,0,0,11,0,3,0,0,2,0,0,0,0,0,0,0,0,0,0,0,0,0,0,0,0,92,3,22,22,47,48,47,22,4,2,1,1,1,1,1,0,3,0,19,3,425,14
dchester,26477ad907d92a2b6b0aa25c04bb05ca23bda970,0,30945.9,63415910.4,4,1,3,120,123,1,0,0,0,0,0,2,40,19,0,0,0,0,0,7,4,10,23,4,3,1,2,0,0,0,0,0,0,0,0,0,0,0,0,0,0,274,0,0,0,0,0,0,0,0,0,0,0,0,0,0,0,0,0,0,0,0,0,0,0,0,0,4,0,0,11,0,3,0,0,2,0,0,0,0,0,0,0,0,0,0,0,0,0,0,0,0,92,3,22,22,47,48,47,22,4,2,1,1,1,1,1,0,3,0,19,3,425,14
jsonpathly,26477ad907d92a2b6b0aa25c04bb05ca23bda970,0,29014.0,57709909.333333336,4,1,3,120,123,1,0,0,0,0,0,2,40,19,0,0,0,0,0,7,4,10,23,4,3,1,2,0,0,0,0,0,0,0,0,0,0,0,0,0,0,274,0,0,0,0,0,0,0,0,0,0,0,0,0,0,0,0,0,0,0,0,0,0,0,0,0,4,0,0,11,0,3,0,0,2,0,0,0,0,0,0,0,0,0,0,0,0,0,0,0,0,92,3,22,22,47,48,47,22,4,2,1,1,1,1,1,0,3,0,19,3,425,14
rfc9535,26477ad907d92a2b6b0aa25c04bb05ca23bda970,0,14166.666666666666,58305194.666666664,4,1,3,120,123,1,0,0,0,0,0,2,40,19,0,0,0,0,0,7,4,10,23,4,3,1,2,0,0,0,0,0,0,0,0,0,0,0,0,0,0,274,0,0,0,0,0,0,0,0,0,0,0,0,0,0,0,0,0,0,0,0,0,0,0,0,0,4,0,0,11,0,3,0,0,2,0,0,0,0,0,0,0,0,0,0,0,0,0,0,0,0,92,3,22,22,47,48,47,22,4,2,1,1,1,1,1,0,3,0,19,3,425,14
p3,26477ad907d92a2b6b0aa25c04bb05ca23bda970,0,25791.75,57387008.0,4,1,3,120,123,1,0,0,0,0,0,2,40,19,0,0,0,0,0,7,4,10,23,4,3,1,2,0,0,0,0,0,0,0,0,0,0,0,0,0,0,274,0,0,0,0,0,0,0,0,0,0,0,0,0,0,0,0,0,0,0,0,0,0,0,0,0,4,0,0,11,0,3,0,0,2,0,0,0,0,0,0,0,0,0,0,0,0,0,0,0,0,92,3,22,22,47,48,47,22,4,2,1,1,1,1,1,0,3,0,19,3,425,14
plus,3d4d39b5a59612d0c55d1bff8ceab4ac7b1e8b51,0,10180.5,55519914.666666664,10,6,3,42,45,3,4,15,18,11,12,8,26,24,7,3,1,5,1,0,0,0,0,0,0,0,0,5,4,0,0,0,1,1,0,0,0,0,0,0,0,10,0,0,0,0,0,0,0,0,0,0,0,0,0,0,0,0,0,0,0,0,0,0,0,0,0,0,0,0,0,0,4,0,0,0,0,0,0,0,0,0,0,0,0,0,0,0,0,0,0,0,6,1,1,1,1,1,1,1,0,0,1,0,0,0,0,0,0,0,0,1,20,141
dchester,3d4d39b5a59612d0c55d1bff8ceab4ac7b1e8b51,0,nan,nan,10,6,3,42,45,3,4,15,18,11,12,8,26,24,7,3,1,5,1,0,0,0,0,0,0,0,0,5,4,0,0,0,1,1,0,0,0,0,0,0,0,10,0,0,0,0,0,0,0,0,0,0,0,0,0,0,0,0,0,0,0,0,0,0,0,0,0,0,0,0,0,0,4,0,0,0,0,0,0,0,0,0,0,0,0,0,0,0,0,0,0,0,6,1,1,1,1,1,1,1,0,0,1,0,0,0,0,0,0,0,0,1,20,141
jsonpathly,3d4d39b5a59612d0c55d1bff8ceab4ac7b1e8b51,0,38550.0,58536755.2,10,6,3,42,45,3,4,15,18,11,12,8,26,24,7,3,1,5,1,0,0,0,0,0,0,0,0,5,4,0,0,0,1,1,0,0,0,0,0,0,0,10,0,0,0,0,0,0,0,0,0,0,0,0,0,0,0,0,0,0,0,0,0,0,0,0,0,0,0,0,0,0,4,0,0,0,0,0,0,0,0,0,0,0,0,0,0,0,0,0,0,0,6,1,1,1,1,1,1,1,0,0,1,0,0,0,0,0,0,0,0,1,20,141
rfc9535,3d4d39b5a59612d0c55d1bff8ceab4ac7b1e8b51,0,36611.0,60336810.666666664,10,6,3,42,45,3,4,15,18,11,12,8,26,24,7,3,1,5,1,0,0,0,0,0,0,0,0,5,4,0,0,0,1,1,0,0,0,0,0,0,0,10,0,0,0,0,0,0,0,0,0,0,0,0,0,0,0,0,0,0,0,0,0,0,0,0,0,0,0,0,0,0,4,0,0,0,0,0,0,0,0,0,0,0,0,0,0,0,0,0,0,0,6,1,1,1,1,1,1,1,0,0,1,0,0,0,0,0,0,0,0,1,20,141
p3,3d4d39b5a59612d0c55d1bff8ceab4ac7b1e8b51,0,30382.8125,58755072.0,10,6,3,42,45,3,4,15,18,11,12,8,26,24,7,3,1,5,1,0,0,0,0,0,0,0,0,5,4,0,0,0,1,1,0,0,0,0,0,0,0,10,0,0,0,0,0,0,0,0,0,0,0,0,0,0,0,0,0,0,0,0,0,0,0,0,0,0,0,0,0,0,4,0,0,0,0,0,0,0,0,0,0,0,0,0,0,0,0,0,0,0,6,1,1,1,1,1,1,1,0,0,1,0,0,0,0,0,0,0,0,1,20,141
plus,c554b23a7356b29cd256ac75a15e0fc1f5ca65a3,0,4607.5,54394880.0,3,2,1,34,35,2,0,0,0,0,0,0,0,0,0,0,0,0,0,0,0,0,0,0,0,0,0,0,0,0,0,0,0,0,0,0,0,0,0,0,0,56,0,0,0,0,0,0,0,0,0,0,0,0,0,0,0,0,0,0,0,0,0,0,0,0,0,0,0,0,3,0,1,0,0,0,0,0,0,0,0,0,0,0,0,0,0,0,0,0,0,0,23,1,5,5,9,9,7,5,0,0,2,0,0,0,0,0,1,0,4,2,87,12
dchester,c554b23a7356b29cd256ac75a15e0fc1f5ca65a3,0,21359.4375,62382080.0,3,2,1,34,35,2,0,0,0,0,0,0,0,0,0,0,0,0,0,0,0,0,0,0,0,0,0,0,0,0,0,0,0,0,0,0,0,0,0,0,0,56,0,0,0,0,0,0,0,0,0,0,0,0,0,0,0,0,0,0,0,0,0,0,0,0,0,0,0,0,3,0,1,0,0,0,0,0,0,0,0,0,0,0,0,0,0,0,0,0,0,0,23,1,5,5,9,9,7,5,0,0,2,0,0,0,0,0,1,0,4,2,87,12
jsonpathly,c554b23a7356b29cd256ac75a15e0fc1f5ca65a3,0,14278.625,57042944.0,3,2,1,34,35,2,0,0,0,0,0,0,0,0,0,0,0,0,0,0,0,0,0,0,0,0,0,0,0,0,0,0,0,0,0,0,0,0,0,0,0,56,0,0,0,0,0,0,0,0,0,0,0,0,0,0,0,0,0,0,0,0,0,0,0,0,0,0,0,0,3,0,1,0,0,0,0,0,0,0,0,0,0,0,0,0,0,0,0,0,0,0,23,1,5,5,9,9,7,5,0,0,2,0,0,0,0,0,1,0,4,2,87,12
rfc9535,c554b23a7356b29cd256ac75a15e0fc1f5ca65a3,0,10695.1875,57759744.0,3,2,1,34,35,2,0,0,0,0,0,0,0,0,0,0,0,0,0,0,0,0,0,0,0,0,0,0,0,0,0,0,0,0,0,0,0,0,0,0,0,56,0,0,0,0,0,0,0,0,0,0,0,0,0,0,0,0,0,0,0,0,0,0,0,0,0,0,0,0,3,0,1,0,0,0,0,0,0,0,0,0,0,0,0,0,0,0,0,0,0,0,23,1,5,5,9,9,7,5,0,0,2,0,0,0,0,0,1,0,4,2,87,12
p3,c554b23a7356b29cd256ac75a15e0fc1f5ca65a3,0,9911.375,55189504.0,3,2,1,34,35,2,0,0,0,0,0,0,0,0,0,0,0,0,0,0,0,0,0,0,0,0,0,0,0,0,0,0,0,0,0,0,0,0,0,0,0,56,0,0,0,0,0,0,0,0,0,0,0,0,0,0,0,0,0,0,0,0,0,0,0,0,0,0,0,0,3,0,1,0,0,0,0,0,0,0,0,0,0,0,0,0,0,0,0,0,0,0,23,1,5,5,9,9,7,5,0,0,2,0,0,0,0,0,1,0,4,2,87,12
plus,78efd15aa97d99a53b1db2305efeddd01c2ad18e,0,14466.25,56393728.0,9,5,3,223,226,4,2,10,11,6,7,5,9,8,5,2,0,0,0,9,7,15,33,7,2,1,1,0,3,0,0,0,1,1,0,0,0,0,0,0,0,292,0,0,0,0,0,0,0,0,0,0,0,0,0,0,0,0,0,0,0,0,0,0,0,0,0,1,0,0,19,0,4,0,0,0,0,0,0,0,0,0,0,0,0,0,0,0,0,0,0,0,96,2,20,20,84,88,157,24,3,0,3,1,4,5,2,1,6,3,18,4,560,82
dchester,78efd15aa97d99a53b1db2305efeddd01c2ad18e,0,52111.083333333336,64883370.666666664,9,5,3,223,226,4,2,10,11,6,7,5,9,8,5,2,0,0,0,9,7,15,33,7,2,1,1,0,3,0,0,0,1,1,0,0,0,0,0,0,0,292,0,0,0,0,0,0,0,0,0,0,0,0,0,0,0,0,0,0,0,0,0,0,0,0,0,1,0,0,19,0,4,0,0,0,0,0,0,0,0,0,0,0,0,0,0,0,0,0,0,0,96,2,20,20,84,88,157,24,3,0,3,1,4,5,2,1,6,3,18,4,560,82
jsonpathly,78efd15aa97d99a53b1db2305efeddd01c2ad18e,0,44981.75,58660864.0,9,5,3,223,226,4,2,10,11,6,7,5,9,8,5,2,0,0,0,9,7,15,33,7,2,1,1,0,3,0,0,0,1,1,0,0,0,0,0,0,0,292,0,0,0,0,0,0,0,0,0,0,0,0,0,0,0,0,0,0,0,0,0,0,0,0,0,1,0,0,19,0,4,0,0,0,0,0,0,0,0,0,0,0,0,0,0,0,0,0,0,0,96,2,20,20,84,88,157,24,3,0,3,1,4,5,2,1,6,3,18,4,560,82
rfc9535,78efd15aa97d99a53b1db2305efeddd01c2ad18e,0,30345.9,60089958.4,9,5,3,223,226,4,2,10,11,6,7,5,9,8,5,2,0,0,0,9,7,15,33,7,2,1,1,0,3,0,0,0,1,1,0,0,0,0,0,0,0,292,0,0,0,0,0,0,0,0,0,0,0,0,0,0,0,0,0,0,0,0,0,0,0,0,0,1,0,0,19,0,4,0,0,0,0,0,0,0,0,0,0,0,0,0,0,0,0,0,0,0,96,2,20,20,84,88,157,24,3,0,3,1,4,5,2,1,6,3,18,4,560,82
p3,78efd15aa97d99a53b1db2305efeddd01c2ad18e,0,42276.0,59035648.0,9,5,3,223,226,4,2,10,11,6,7,5,9,8,5,2,0,0,0,9,7,15,33,7,2,1,1,0,3,0,0,0,1,1,0,0,0,0,0,0,0,292,0,0,0,0,0,0,0,0,0,0,0,0,0,0,0,0,0,0,0,0,0,0,0,0,0,1,0,0,19,0,4,0,0,0,0,0,0,0,0,0,0,0,0,0,0,0,0,0,0,0,96,2,20,20,84,88,157,24,3,0,3,1,4,5,2,1,6,3,18,4,560,82
plus,e92d346c266a656f6efe22ace1f565b2b2b3fcbb,0,30180.333333333332,56431957.333333336,53,26,30,182,212,21,11,28,33,46,51,37,198,145,26,10,2,5,5,2,2,4,8,2,0,0,0,13,16,3,7,15,6,1,4,17,27,48,13,16,74,503,21,7,1,6,22,10,12,14,28,15,14,15,6,3,1,2,21,10,14,7,2,6,5,47,9,4,3,1,24,0,27,29,18,3,1,6,0,0,7,0,0,0,0,0,0,0,0,0,0,0,6,1,1,1,4,4,4,1,0,0,0,0,0,0,0,0,0,0,0,1,18,1745
dchester,e92d346c266a656f6efe22ace1f565b2b2b3fcbb,0,nan,nan,53,26,30,182,212,21,11,28,33,46,51,37,198,145,26,10,2,5,5,2,2,4,8,2,0,0,0,13,16,3,7,15,6,1,4,17,27,48,13,16,74,503,21,7,1,6,22,10,12,14,28,15,14,15,6,3,1,2,21,10,14,7,2,6,5,47,9,4,3,1,24,0,27,29,18,3,1,6,0,0,7,0,0,0,0,0,0,0,0,0,0,0,6,1,1,1,4,4,4,1,0,0,0,0,0,0,0,0,0,0,0,1,18,1745
jsonpathly,e92d346c266a656f6efe22ace1f565b2b2b3fcbb,0,324055.5,77807616.0,53,26,30,182,212,21,11,28,33,46,51,37,198,145,26,10,2,5,5,2,2,4,8,2,0,0,0,13,16,3,7,15,6,1,4,17,27,48,13,16,74,503,21,7,1,6,22,10,12,14,28,15,14,15,6,3,1,2,21,10,14,7,2,6,5,47,9,4,3,1,24,0,27,29,18,3,1,6,0,0,7,0,0,0,0,0,0,0,0,0,0,0,6,1,1,1,4,4,4,1,0,0,0,0,0,0,0,0,0,0,0,1,18,1745
rfc9535,e92d346c266a656f6efe22ace1f565b2b2b3fcbb,0,209526.125,79327232.0,53,26,30,182,212,21,11,28,33,46,51,37,198,145,26,10,2,5,5,2,2,4,8,2,0,0,0,13,16,3,7,15,6,1,4,17,27,48,13,16,74,503,21,7,1,6,22,10,12,14,28,15,14,15,6,3,1,2,21,10,14,7,2,6,5,47,9,4,3,1,24,0,27,29,18,3,1,6,0,0,7,0,0,0,0,0,0,0,0,0,0,0,6,1,1,1,4,4,4,1,0,0,0,0,0,0,0,0,0,0,0,1,18,1745
p3,e92d346c266a656f6efe22ace1f565b2b2b3fcbb,0,nan,nan,53,26,30,182,212,21,11,28,33,46,51,37,198,145,26,10,2,5,5,2,2,4,8,2,0,0,0,13,16,3,7,15,6,1,4,17,27,48,13,16,74,503,21,7,1,6,22,10,12,14,28,15,14,15,6,3,1,2,21,10,14,7,2,6,5,47,9,4,3,1,24,0,27,29,18,3,1,6,0,0,7,0,0,0,0,0,0,0,0,0,0,0,6,1,1,1,4,4,4,1,0,0,0,0,0,0,0,0,0,0,0,1,18,1745
plus,95d397d8bdba40fd9aeb8f442db35d8041df7594,0,2687.3333333333335,54323882.666666664,0,0,0,13,13,0,0,0,0,0,0,0,1,0,0,0,0,0,0,1,0,0,3,0,1,1,0,0,0,0,0,0,0,0,0,0,0,0,0,0,0,22,0,0,0,0,0,0,0,0,0,0,0,0,0,0,0,0,0,0,0,0,0,0,0,0,0,0,0,0,0,0,0,0,0,0,0,0,0,0,0,0,0,0,0,0,0,0,0,0,0,0,7,1,1,1,6,6,12,1,0,0,0,0,0,0,0,0,1,0,0,2,32,1
dchester,95d397d8bdba40fd9aeb8f442db35d8041df7594,0,4659.666666666667,59976362.666666664,0,0,0,13,13,0,0,0,0,0,0,0,1,0,0,0,0,0,0,1,0,0,3,0,1,1,0,0,0,0,0,0,0,0,0,0,0,0,0,0,0,22,0,0,0,0,0,0,0,0,0,0,0,0,0,0,0,0,0,0,0,0,0,0,0,0,0,0,0,0,0,0,0,0,0,0,0,0,0,0,0,0,0,0,0,0,0,0,0,0,0,0,7,1,1,1,6,6,12,1,0,0,0,0,0,0,0,0,1,0,0,2,32,1
jsonpathly,95d397d8bdba40fd9aeb8f442db35d8041df7594,0,9096.5,56532992.0,0,0,0,13,13,0,0,0,0,0,0,0,1,0,0,0,0,0,0,1,0,0,3,0,1,1,0,0,0,0,0,0,0,0,0,0,0,0,0,0,0,22,0,0,0,0,0,0,0,0,0,0,0,0,0,0,0,0,0,0,0,0,0,0,0,0,0,0,0,0,0,0,0,0,0,0,0,0,0,0,0,0,0,0,0,0,0,0,0,0,0,0,7,1,1,1,6,6,12,1,0,0,0,0,0,0,0,0,1,0,0,2,32,1
rfc9535,95d397d8bdba40fd9aeb8f442db35d8041df7594,0,5967.142857142857,57713810.28571428,0,0,0,13,13,0,0,0,0,0,0,0,1,0,0,0,0,0,0,1,0,0,3,0,1,1,0,0,0,0,0,0,0,0,0,0,0,0,0,0,0,22,0,0,0,0,0,0,0,0,0,0,0,0,0,0,0,0,0,0,0,0,0,0,0,0,0,0,0,0,0,0,0,0,0,0,0,0,0,0,0,0,0,0,0,0,0,0,0,0,0,0,7,1,1,1,6,6,12,1,0,0,0,0,0,0,0,0,1,0,0,2,32,1
p3,95d397d8bdba40fd9aeb8f442db35d8041df7594,0,1944.3333333333333,54618794.666666664,0,0,0,13,13,0,0,0,0,0,0,0,1,0,0,0,0,0,0,1,0,0,3,0,1,1,0,0,0,0,0,0,0,0,0,0,0,0,0,0,0,22,0,0,0,0,0,0,0,0,0,0,0,0,0,0,0,0,0,0,0,0,0,0,0,0,0,0,0,0,0,0,0,0,0,0,0,0,0,0,0,0,0,0,0,0,0,0,0,0,0,0,7,1,1,1,6,6,12,1,0,0,0,0,0,0,0,0,1,0,0,2,32,1
plus,ae4d450de1d4942d00a5eb1f1e229280b0f7553b,0,5122.375,54493184.0,5,3,1,42,43,3,1,8,9,5,5,2,15,8,4,3,0,0,0,4,3,7,14,3,1,0,1,0,1,0,0,0,0,0,0,0,0,0,0,0,0,60,0,0,0,0,0,0,0,0,0,0,0,0,0,0,0,0,0,0,0,0,0,0,0,0,0,0,0,0,0,0,2,0,0,0,0,0,0,0,0,0,0,0,0,0,0,0,0,0,0,0,11,1,2,2,33,33,53,2,0,0,0,0,0,0,1,0,0,0,1,2,116,60
dchester,ae4d450de1d4942d00a5eb1f1e229280b0f7553b,0,47208.4375,64694272.0,5,3,1,42,43,3,1,8,9,5,5,2,15,8,4,3,0,0,0,4,3,7,14,3,1,0,1,0,1,0,0,0,0,0,0,0,0,0,0,0,0,60,0,0,0,0,0,0,0,0,0,0,0,0,0,0,0,0,0,0,0,0,0,0,0,0,0,0,0,0,0,0,2,0,0,0,0,0,0,0,0,0,0,0,0,0,0,0,0,0,0,0,11,1,2,2,33,33,53,2,0,0,0,0,0,0,1,0,0,0,1,2,116,60
jsonpathly,ae4d450de1d4942d00a5eb1f1e229280b0f7553b,0,26076.333333333332,57595221.333333336,5,3,1,42,43,3,1,8,9,5,5,2,15,8,4,3,0,0,0,4,3,7,14,3,1,0,1,0,1,0,0,0,0,0,0,0,0,0,0,0,0,60,0,0,0,0,0,0,0,0,0,0,0,0,0,0,0,0,0,0,0,0,0,0,0,0,0,0,0,0,0,0,2,0,0,0,0,0,0,0,0,0,0,0,0,0,0,0,0,0,0,0,11,1,2,2,33,33,53,2,0,0,0,0,0,0,1,0,0,0,1,2,116,60
rfc9535,ae4d450de1d4942d00a5eb1f1e229280b0f7553b,0,19267.333333333332,58160469.333333336,5,3,1,42,43,3,1,8,9,5,5,2,15,8,4,3,0,0,0,4,3,7,14,3,1,0,1,0,1,0,0,0,0,0,0,0,0,0,0,0,0,60,0,0,0,0,0,0,0,0,0,0,0,0,0,0,0,0,0,0,0,0,0,0,0,0,0,0,0,0,0,0,2,0,0,0,0,0,0,0,0,0,0,0,0,0,0,0,0,0,0,0,11,1,2,2,33,33,53,2,0,0,0,0,0,0,1,0,0,0,1,2,116,60
p3,ae4d450de1d4942d00a5eb1f1e229280b0f7553b,0,21479.125,56360960.0,5,3,1,42,43,3,1,8,9,5,5,2,15,8,4,3,0,0,0,4,3,7,14,3,1,0,1,0,1,0,0,0,0,0,0,0,0,0,0,0,0,60,0,0,0,0,0,0,0,0,0,0,0,0,0,0,0,0,0,0,0,0,0,0,0,0,0,0,0,0,0,0,2,0,0,0,0,0,0,0,0,0,0,0,0,0,0,0,0,0,0,0,11,1,2,2,33,33,53,2,0,0,0,0,0,0,1,0,0,0,1,2,116,60
plus,9f9734cc745a4bc231eb6ea171b9bd580d6695aa,0,10445.4375,55863296.0,5,2,3,176,179,2,0,0,0,0,0,0,24,12,0,0,0,0,0,17,7,21,51,7,10,3,7,0,0,0,0,0,0,0,0,0,0,0,0,0,0,144,0,0,0,0,0,0,0,0,0,0,0,0,0,0,0,0,0,0,0,0,0,0,0,0,0,2,0,0,2,0,3,0,0,2,0,0,0,0,0,0,0,0,0,0,0,0,0,0,0,0,40,1,8,8,155,155,277,10,4,2,2,0,0,0,2,1,1,1,7,2,562,21
dchester,9f9734cc745a4bc231eb6ea171b9bd580d6695aa,0,34611.166666666664,63302314.666666664,5,2,3,176,179,2,0,0,0,0,0,0,24,12,0,0,0,0,0,17,7,21,51,7,10,3,7,0,0,0,0,0,0,0,0,0,0,0,0,0,0,144,0,0,0,0,0,0,0,0,0,0,0,0,0,0,0,0,0,0,0,0,0,0,0,0,0,2,0,0,2,0,3,0,0,2,0,0,0,0,0,0,0,0,0,0,0,0,0,0,0,0,40,1,8,8,155,155,277,10,4,2,2,0,0,0,2,1,1,1,7,2,562,21
jsonpathly,9f9734cc745a4bc231eb6ea171b9bd580d6695aa,0,40203.25,57561088.0,5,2,3,176,179,2,0,0,0,0,0,0,24,12,0,0,0,0,0,17,7,21,51,7,10,3,7,0,0,0,0,0,0,0,0,0,0,0,0,0,0,144,0,0,0,0,0,0,0,0,0,0,0,0,0,0,0,0,0,0,0,0,0,0,0,0,0,2,0,0,2,0,3,0,0,2,0,0,0,0,0,0,0,0,0,0,0,0,0,0,0,0,40,1,8,8,155,155,277,10,4,2,2,0,0,0,2,1,1,1,7,2,562,21
rfc9535,9f9734cc745a4bc231eb6ea171b9bd580d6695aa,0,15237.4,58061619.2,5,2,3,176,179,2,0,0,0,0,0,0,24,12,0,0,0,0,0,17,7,21,51,7,10,3,7,0,0,0,0,0,0,0,0,0,0,0,0,0,0,144,0,0,0,0,0,0,0,0,0,0,0,0,0,0,0,0,0,0,0,0,0,0,0,0,0,2,0,0,2,0,3,0,0,2,0,0,0,0,0,0,0,0,0,0,0,0,0,0,0,0,40,1,8,8,155,155,277,10,4,2,2,0,0,0,2,1,1,1,7,2,562,21
p3,9f9734cc745a4bc231eb6ea171b9bd580d6695aa,0,21580.6875,57104384.0,5,2,3,176,179,2,0,0,0,0,0,0,24,12,0,0,0,0,0,17,7,21,51,7,10,3,7,0,0,0,0,0,0,0,0,0,0,0,0,0,0,144,0,0,0,0,0,0,0,0,0,0,0,0,0,0,0,0,0,0,0,0,0,0,0,0,0,2,0,0,2,0,3,0,0,2,0,0,0,0,0,0,0,0,0,0,0,0,0,0,0,0,40,1,8,8,155,155,277,10,4,2,2,0,0,0,2,1,1,1,7,2,562,21
plus,a40e607b0d1e9bb816d66b6fdc6503ded9953c91,0,42437.5,56438784.0,79,43,45,313,358,28,25,65,75,65,72,43,196,146,62,29,4,16,25,2,0,0,6,0,2,2,0,21,33,9,25,35,15,2,5,31,53,87,26,17,97,703,39,10,3,7,40,24,16,22,44,20,24,22,6,6,3,3,34,22,19,9,7,4,11,63,13,3,5,1,30,2,36,27,36,5,6,7,7,9,10,1,1,0,1,3,1,0,1,0,0,0,6,1,1,1,8,8,14,1,0,0,0,0,0,0,0,0,0,0,0,1,29,2611
dchester,a40e607b0d1e9bb816d66b6fdc6503ded9953c91,0,nan,nan,79,43,45,313,358,28,25,65,75,65,72,43,196,146,62,29,4,16,25,2,0,0,6,0,2,2,0,21,33,9,25,35,15,2,5,31,53,87,26,17,97,703,39,10,3,7,40,24,16,22,44,20,24,22,6,6,3,3,34,22,19,9,7,4,11,63,13,3,5,1,30,2,36,27,36,5,6,7,7,9,10,1,1,0,1,3,1,0,1,0,0,0,6,1,1,1,8,8,14,1,0,0,0,0,0,0,0,0,0,0,0,1,29,2611
jsonpathly,a40e607b0d1e9bb816d66b6fdc6503ded9953c91,0,993465.5,95005354.66666667,79,43,45,313,358,28,25,65,75,65,72,43,196,146,62,29,4,16,25,2,0,0,6,0,2,2,0,21,33,9,25,35,15,2,5,31,53,87,26,17,97,703,39,10,3,7,40,24,16,22,44,20,24,22,6,6,3,3,34,22,19,9,7,4,11,63,13,3,5,1,30,2,36,27,36,5,6,7,7,9,10,1,1,0,1,3,1,0,1,0,0,0,6,1,1,1,8,8,14,1,0,0,0,0,0,0,0,0,0,0,0,1,29,2611
rfc9535,a40e607b0d1e9bb816d66b6fdc6503ded9953c91,0,254840.16666666666,78861653.33333333,79,43,45,313,358,28,25,65,75,65,72,43,196,146,62,29,4,16,25,2,0,0,6,0,2,2,0,21,33,9,25,35,15,2,5,31,53,87,26,17,97,703,39,10,3,7,40,24,16,22,44,20,24,22,6,6,3,3,34,22,19,9,7,4,11,63,13,3,5,1,30,2,36,27,36,5,6,7,7,9,10,1,1,0,1,3,1,0,1,0,0,0,6,1,1,1,8,8,14,1,0,0,0,0,0,0,0,0,0,0,0,1,29,2611
p3,a40e607b0d1e9bb816d66b6fdc6503ded9953c91,0,nan,nan,79,43,45,313,358,28,25,65,75,65,72,43,196,146,62,29,4,16,25,2,0,0,6,0,2,2,0,21,33,9,25,35,15,2,5,31,53,87,26,17,97,703,39,10,3,7,40,24,16,22,44,20,24,22,6,6,3,3,34,22,19,9,7,4,11,63,13,3,5,1,30,2,36,27,36,5,6,7,7,9,10,1,1,0,1,3,1,0,1,0,0,0,6,1,1,1,8,8,14,1,0,0,0,0,0,0,0,0,0,0,0,1,29,2611
plus,7a7d929be89240d8635d36d2b2d17312a87bec0b,0,4948.083333333333,54465877.333333336,2,1,1,525,526,1,0,0,0,0,0,2,19,10,0,0,0,0,0,59,26,68,187,26,33,17,16,0,0,0,0,0,0,0,0,0,0,0,0,0,0,83,0,0,0,0,0,0,0,0,0,0,0,0,0,0,0,0,0,0,0,0,0,0,0,0,0,1,0,0,0,0,1,0,0,1,0,0,0,0,0,0,0,0,0,0,0,0,0,0,0,0,40,1,8,8,539,539,1023,11,3,1,0,0,0,0,1,1,0,2,7,2,1710,7
dchester,7a7d929be89240d8635d36d2b2d17312a87bec0b,0,17760.5,61288448.0,2,1,1,525,526,1,0,0,0,0,0,2,19,10,0,0,0,0,0,59,26,68,187,26,33,17,16,0,0,0,0,0,0,0,0,0,0,0,0,0,0,83,0,0,0,0,0,0,0,0,0,0,0,0,0,0,0,0,0,0,0,0,0,0,0,0,0,1,0,0,0,0,1,0,0,1,0,0,0,0,0,0,0,0,0,0,0,0,0,0,0,0,40,1,8,8,539,539,1023,11,3,1,0,0,0,0,1,1,0,2,7,2,1710,7
jsonpathly,7a7d929be89240d8635d36d2b2d17312a87bec0b,0,38875.166666666664,57376768.0,2,1,1,525,526,1,0,0,0,0,0,2,19,10,0,0,0,0,0,59,26,68,187,26,33,17,16,0,0,0,0,0,0,0,0,0,0,0,0,0,0,83,0,0,0,0,0,0,0,0,0,0,0,0,0,0,0,0,0,0,0,0,0,0,0,0,0,1,0,0,0,0,1,0,0,1,0,0,0,0,0,0,0,0,0,0,0,0,0,0,0,0,40,1,8,8,539,539,1023,11,3,1,0,0,0,0,1,1,0,2,7,2,1710,7
rfc9535,7a7d929be89240d8635d36d2b2d17312a87bec0b,0,10166.6875,57911296.0,2,1,1,525,526,1,0,0,0,0,0,2,19,10,0,0,0,0,0,59,26,68,187,26,33,17,16,0,0,0,0,0,0,0,0,0,0,0,0,0,0,83,0,0,0,0,0,0,0,0,0,0,0,0,0,0,0,0,0,0,0,0,0,0,0,0,0,1,0,0,0,0,1,0,0,1,0,0,0,0,0,0,0,0,0,0,0,0,0,0,0,0,40,1,8,8,539,539,1023,11,3,1,0,0,0,0,1,1,0,2,7,2,1710,7
p3,7a7d929be89240d8635d36d2b2d17312a87bec0b,0,13778.6875,56340480.0,2,1,1,525,526,1,0,0,0,0,0,2,19,10,0,0,0,0,0,59,26,68,187,26,33,17,16,0,0,0,0,0,0,0,0,0,0,0,0,0,0,83,0,0,0,0,0,0,0,0,0,0,0,0,0,0,0,0,0,0,0,0,0,0,0,0,0,1,0,0,0,0,1,0,0,1,0,0,0,0,0,0,0,0,0,0,0,0,0,0,0,0,40,1,8,8,539,539,1023,11,3,1,0,0,0,0,1,1,0,2,7,2,1710,7
plus,83eeb6b3c4455736215b65a03f9efcd76d4a4562,0,3869.25,54358016.0,1,0,0,225,225,1,0,0,0,0,0,0,4,2,0,0,0,0,0,20,7,25,56,7,13,2,11,0,0,0,0,0,0,0,0,0,0,0,0,0,0,38,0,0,0,0,0,0,0,0,0,0,0,0,0,0,0,0,0,0,0,0,0,0,0,0,0,0,0,0,0,0,1,0,0,0,0,0,0,0,0,0,0,0,0,0,0,0,0,0,0,0,14,1,3,3,215,215,423,3,0,0,0,0,0,0,0,0,0,0,2,1,683,3
dchester,83eeb6b3c4455736215b65a03f9efcd76d4a4562,0,10201.5,60549802.666666664,1,0,0,225,225,1,0,0,0,0,0,0,4,2,0,0,0,0,0,20,7,25,56,7,13,2,11,0,0,0,0,0,0,0,0,0,0,0,0,0,0,38,0,0,0,0,0,0,0,0,0,0,0,0,0,0,0,0,0,0,0,0,0,0,0,0,0,0,0,0,0,0,1,0,0,0,0,0,0,0,0,0,0,0,0,0,0,0,0,0,0,0,14,1,3,3,215,215,423,3,0,0,0,0,0,0,0,0,0,0,2,1,683,3
jsonpathly,83eeb6b3c4455736215b65a03f9efcd76d4a4562,0,19374.833333333332,57098240.0,1,0,0,225,225,1,0,0,0,0,0,0,4,2,0,0,0,0,0,20,7,25,56,7,13,2,11,0,0,0,0,0,0,0,0,0,0,0,0,0,0,38,0,0,0,0,0,0,0,0,0,0,0,0,0,0,0,0,0,0,0,0,0,0,0,0,0,0,0,0,0,0,1,0,0,0,0,0,0,0,0,0,0,0,0,0,0,0,0,0,0,0,14,1,3,3,215,215,423,3,0,0,0,0,0,0,0,0,0,0,2,1,683,3
rfc9535,83eeb6b3c4455736215b65a03f9efcd76d4a4562,0,7356.5625,57729024.0,1,0,0,225,225,1,0,0,0,0,0,0,4,2,0,0,0,0,0,20,7,25,56,7,13,2,11,0,0,0,0,0,0,0,0,0,0,0,0,0,0,38,0,0,0,0,0,0,0,0,0,0,0,0,0,0,0,0,0,0,0,0,0,0,0,0,0,0,0,0,0,0,1,0,0,0,0,0,0,0,0,0,0,0,0,0,0,0,0,0,0,0,14,1,3,3,215,215,423,3,0,0,0,0,0,0,0,0,0,0,2,1,683,3
p3,83eeb6b3c4455736215b65a03f9efcd76d4a4562,0,5131.833333333333,54815402.666666664,1,0,0,225,225,1,0,0,0,0,0,0,4,2,0,0,0,0,0,20,7,25,56,7,13,2,11,0,0,0,0,0,0,0,0,0,0,0,0,0,0,38,0,0,0,0,0,0,0,0,0,0,0,0,0,0,0,0,0,0,0,0,0,0,0,0,0,0,0,0,0,0,1,0,0,0,0,0,0,0,0,0,0,0,0,0,0,0,0,0,0,0,14,1,3,3,215,215,423,3,0,0,0,0,0,0,0,0,0,0,2,1,683,3
plus,c87cab879a0868d35a0877a63f77b6718a08603b,0,4527.666666666667,54291114.666666664,7,3,3,2617,2620,2,2,3,4,1,3,11,209,111,3,2,1,5,1,255,120,316,809,120,135,59,76,8,1,0,0,0,1,1,0,0,0,0,0,0,0,718,0,0,0,0,0,0,0,0,0,0,0,0,0,0,0,0,0,0,0,0,0,0,0,0,0,9,0,0,24,0,4,0,0,6,0,0,0,0,0,0,0,0,0,0,0,0,0,0,0,0,234,8,40,40,2366,2369,4720,71,13,6,6,1,3,4,15,8,10,23,32,8,7963,64
dchester,c87cab879a0868d35a0877a63f77b6718a08603b,0,nan,nan,7,3,3,2617,2620,2,2,3,4,1,3,11,209,111,3,2,1,5,1,255,120,316,809,120,135,59,76,8,1,0,0,0,1,1,0,0,0,0,0,0,0,718,0,0,0,0,0,0,0,0,0,0,0,0,0,0,0,0,0,0,0,0,0,0,0,0,0,9,0,0,24,0,4,0,0,6,0,0,0,0,0,0,0,0,0,0,0,0,0,0,0,0,234,8,40,40,2366,2369,4720,71,13,6,6,1,3,4,15,8,10,23,32,8,7963,64
jsonpathly,c87cab879a0868d35a0877a63f77b6718a08603b,0,25776.0625,57726976.0,7,3,3,2617,2620,2,2,3,4,1,3,11,209,111,3,2,1,5,1,255,120,316,809,120,135,59,76,8,1,0,0,0,1,1,0,0,0,0,0,0,0,718,0,0,0,0,0,0,0,0,0,0,0,0,0,0,0,0,0,0,0,0,0,0,0,0,0,9,0,0,24,0,4,0,0,6,0,0,0,0,0,0,0,0,0,0,0,0,0,0,0,0,234,8,40,40,2366,2369,4720,71,13,6,6,1,3,4,15,8,10,23,32,8,7963,64
rfc9535,c87cab879a0868d35a0877a63f77b6718a08603b,0,18300.0,58297548.8,7,3,3,2617,2620,2,2,3,4,1,3,11,209,111,3,2,1,5,1,255,120,316,809,120,135,59,76,8,1,0,0,0,1,1,0,0,0,0,0,0,0,718,0,0,0,0,0,0,0,0,0,0,0,0,0,0,0,0,0,0,0,0,0,0,0,0,0,9,0,0,24,0,4,0,0,6,0,0,0,0,0,0,0,0,0,0,0,0,0,0,0,0,234,8,40,40,2366,2369,4720,71,13,6,6,1,3,4,15,8,10,23,32,8,7963,64
p3,c87cab879a0868d35a0877a63f77b6718a08603b,0,19703.125,56791040.0,7,3,3,2617,2620,2,2,3,4,1,3,11,209,111,3,2,1,5,1,255,120,316,809,120,135,59,76,8,1,0,0,0,1,1,0,0,0,0,0,0,0,718,0,0,0,0,0,0,0,0,0,0,0,0,0,0,0,0,0,0,0,0,0,0,0,0,0,9,0,0,24,0,4,0,0,6,0,0,0,0,0,0,0,0,0,0,0,0,0,0,0,0,234,8,40,40,2366,2369,4720,71,13,6,6,1,3,4,15,8,10,23,32,8,7963,64
plus,f07e57427e1dd1086136d3ed1dbe5d6118f92215,0,4979.25,54304768.0,7,3,2,83,85,2,3,10,12,7,8,6,11,14,5,0,0,0,0,0,0,0,0,0,0,0,0,0,5,0,0,0,1,1,0,0,0,0,0,0,0,198,0,0,0,0,0,0,0,0,0,0,0,0,0,0,0,0,0,0,0,0,0,0,0,0,0,1,0,0,13,0,4,0,0,1,0,0,0,0,0,0,0,0,0,0,0,0,0,0,0,0,90,2,12,2,9,9,17,29,1,1,5,0,0,0,4,3,6,14,10,5,243,84
dchester,f07e57427e1dd1086136d3ed1dbe5d6118f92215,0,41361.8125,64749568.0,7,3,2,83,85,2,3,10,12,7,8,6,11,14,5,0,0,0,0,0,0,0,0,0,0,0,0,0,5,0,0,0,1,1,0,0,0,0,0,0,0,198,0,0,0,0,0,0,0,0,0,0,0,0,0,0,0,0,0,0,0,0,0,0,0,0,0,1,0,0,13,0,4,0,0,1,0,0,0,0,0,0,0,0,0,0,0,0,0,0,0,0,90,2,12,2,9,9,17,29,1,1,5,0,0,0,4,3,6,14,10,5,243,84
jsonpathly,f07e57427e1dd1086136d3ed1dbe5d6118f92215,0,27296.875,58019840.0,7,3,2,83,85,2,3,10,12,7,8,6,11,14,5,0,0,0,0,0,0,0,0,0,0,0,0,0,5,0,0,0,1,1,0,0,0,0,0,0,0,198,0,0,0,0,0,0,0,0,0,0,0,0,0,0,0,0,0,0,0,0,0,0,0,0,0,1,0,0,13,0,4,0,0,1,0,0,0,0,0,0,0,0,0,0,0,0,0,0,0,0,90,2,12,2,9,9,17,29,1,1,5,0,0,0,4,3,6,14,10,5,243,84
rfc9535,f07e57427e1dd1086136d3ed1dbe5d6118f92215,0,24340.0,58974208.0,7,3,2,83,85,2,3,10,12,7,8,6,11,14,5,0,0,0,0,0,0,0,0,0,0,0,0,0,5,0,0,0,1,1,0,0,0,0,0,0,0,198,0,0,0,0,0,0,0,0,0,0,0,0,0,0,0,0,0,0,0,0,0,0,0,0,0,1,0,0,13,0,4,0,0,1,0,0,0,0,0,0,0,0,0,0,0,0,0,0,0,0,90,2,12,2,9,9,17,29,1,1,5,0,0,0,4,3,6,14,10,5,243,84
p3,f07e57427e1dd1086136d3ed1dbe5d6118f92215,0,24309.9375,57049088.0,7,3,2,83,85,2,3,10,12,7,8,6,11,14,5,0,0,0,0,0,0,0,0,0,0,0,0,0,5,0,0,0,1,1,0,0,0,0,0,0,0,198,0,0,0,0,0,0,0,0,0,0,0,0,0,0,0,0,0,0,0,0,0,0,0,0,0,1,0,0,13,0,4,0,0,1,0,0,0,0,0,0,0,0,0,0,0,0,0,0,0,0,90,2,12,2,9,9,17,29,1,1,5,0,0,0,4,3,6,14,10,5,243,84
plus,9973a75ad4df968ed71cba938876a294b3aee609,0,4083.214285714286,54270829.71428572,2,1,1,1,2,1,0,0,0,0,0,1,17,11,0,0,0,0,0,0,0,0,0,0,0,0,0,0,0,0,0,0,0,0,0,0,0,0,0,0,0,44,0,0,0,0,0,0,0,0,0,0,0,0,0,0,0,0,0,0,0,0,0,0,0,0,0,1,0,0,0,0,1,0,0,1,0,0,0,0,0,0,0,0,0,0,0,0,0,0,0,0,10,0,0,0,0,0,0,4,2,1,0,0,0,0,0,1,0,3,0,1,37,7
dchester,9973a75ad4df968ed71cba938876a294b3aee609,0,15354.166666666666,61188778.666666664,2,1,1,1,2,1,0,0,0,0,0,1,17,11,0,0,0,0,0,0,0,0,0,0,0,0,0,0,0,0,0,0,0,0,0,0,0,0,0,0,0,44,0,0,0,0,0,0,0,0,0,0,0,0,0,0,0,0,0,0,0,0,0,0,0,0,0,1,0,0,0,0,1,0,0,1,0,0,0,0,0,0,0,0,0,0,0,0,0,0,0,0,10,0,0,0,0,0,0,4,2,1,0,0,0,0,0,1,0,3,0,1,37,7
jsonpathly,9973a75ad4df968ed71cba938876a294b3aee609,0,10597.333333333334,56743253.333333336,2,1,1,1,2,1,0,0,0,0,0,1,17,11,0,0,0,0,0,0,0,0,0,0,0,0,0,0,0,0,0,0,0,0,0,0,0,0,0,0,0,44,0,0,0,0,0,0,0,0,0,0,0,0,0,0,0,0,0,0,0,0,0,0,0,0,0,1,0,0,0,0,1,0,0,1,0,0,0,0,0,0,0,0,0,0,0,0,0,0,0,0,10,0,0,0,0,0,0,4,2,1,0,0,0,0,0,1,0,3,0,1,37,7
rfc9535,9973a75ad4df968ed71cba938876a294b3aee609,0,7770.916666666667,57778176.0,2,1,1,1,2,1,0,0,0,0,0,1,17,11,0,0,0,0,0,0,0,0,0,0,0,0,0,0,0,0,0,0,0,0,0,0,0,0,0,0,0,44,0,0,0,0,0,0,0,0,0,0,0,0,0,0,0,0,0,0,0,0,0,0,0,0,0,1,0,0,0,0,1,0,0,1,0,0,0,0,0,0,0,0,0,0,0,0,0,0,0,0,10,0,0,0,0,0,0,4,2,1,0,0,0,0,0,1,0,3,0,1,37,7
p3,9973a75ad4df968ed71cba938876a294b3aee609,0,7145.714285714285,55010450.28571428,2,1,1,1,2,1,0,0,0,0,0,1,17,11,0,0,0,0,0,0,0,0,0,0,0,0,0,0,0,0,0,0,0,0,0,0,0,0,0,0,0,44,0,0,0,0,0,0,0,0,0,0,0,0,0,0,0,0,0,0,0,0,0,0,0,0,0,1,0,0,0,0,1,0,0,1,0,0,0,0,0,0,0,0,0,0,0,0,0,0,0,0,10,0,0,0,0,0,0,4,2,1,0,0,0,0,0,1,0,3,0,1,37,7
plus,596540935f6793d5439d6748b3c16d714f1f6a87,0,2680.6666666666665,54263808.0,0,0,0,0,0,0,0,0,0,0,0,1,4,2,0,0,0,0,0,0,0,0,0,0,0,0,0,0,0,0,0,0,0,0,0,0,0,0,0,0,0,35,0,0,0,0,0,0,0,0,0,0,0,0,0,0,0,0,0,0,0,0,0,0,0,0,0,1,0,0,0,0,0,0,0,0,0,0,0,0,0,0,0,0,0,0,0,0,0,0,0,0,9,0,0,0,0,0,0,3,1,0,0,0,0,0,0,1,1,2,0,2,14,1
dchester,596540935f6793d5439d6748b3c16d714f1f6a87,0,4458.5,59965440.0,0,0,0,0,0,0,0,0,0,0,0,1,4,2,0,0,0,0,0,0,0,0,0,0,0,0,0,0,0,0,0,0,0,0,0,0,0,0,0,0,0,35,0,0,0,0,0,0,0,0,0,0,0,0,0,0,0,0,0,0,0,0,0,0,0,0,0,1,0,0,0,0,0,0,0,0,0,0,0,0,0,0,0,0,0,0,0,0,0,0,0,0,9,0,0,0,0,0,0,3,1,0,0,0,0,0,0,1,1,2,0,2,14,1
jsonpathly,596540935f6793d5439d6748b3c16d714f1f6a87,0,8666.4,56524800.0,0,0,0,0,0,0,0,0,0,0,0,1,4,2,0,0,0,0,0,0,0,0,0,0,0,0,0,0,0,0,0,0,0,0,0,0,0,0,0,0,0,35,0,0,0,0,0,0,0,0,0,0,0,0,0,0,0,0,0,0,0,0,0,0,0,0,0,1,0,0,0,0,0,0,0,0,0,0,0,0,0,0,0,0,0,0,0,0,0,0,0,0,9,0,0,0,0,0,0,3,1,0,0,0,0,0,0,1,1,2,0,2,14,1
rfc9535,596540935f6793d5439d6748b3c16d714f1f6a87,0,5991.8,57697894.4,0,0,0,0,0,0,0,0,0,0,0,1,4,2,0,0,0,0,0,0,0,0,0,0,0,0,0,0,0,0,0,0,0,0,0,0,0,0,0,0,0,35,0,0,0,0,0,0,0,0,0,0,0,0,0,0,0,0,0,0,0,0,0,0,0,0,0,1,0,0,0,0,0,0,0,0,0,0,0,0,0,0,0,0,0,0,0,0,0,0,0,0,9,0,0,0,0,0,0,3,1,0,0,0,0,0,0,1,1,2,0,2,14,1
p3,596540935f6793d5439d6748b3c16d714f1f6a87,0,1880.25,54513664.0,0,0,0,0,0,0,0,0,0,0,0,1,4,2,0,0,0,0,0,0,0,0,0,0,0,0,0,0,0,0,0,0,0,0,0,0,0,0,0,0,0,35,0,0,0,0,0,0,0,0,0,0,0,0,0,0,0,0,0,0,0,0,0,0,0,0,0,1,0,0,0,0,0,0,0,0,0,0,0,0,0,0,0,0,0,0,0,0,0,0,0,0,9,0,0,0,0,0,0,3,1,0,0,0,0,0,0,1,1,2,0,2,14,1
plus,0181e47902b35f472e23808acc1472b0dc6747fd,0,nan,nan,2,0,0,0,0,0,2,0,0,0,0,0,1,0,0,0,0,0,56,12,7,17,40,7,5,2,3,0,0,0,0,0,2,0,2,2,8,49,0,0,0,503,0,0,0,0,0,0,0,49,98,0,0,98,0,98,98,0,41,6,0,0,0,0,0,0,0,0,0,98,667,0,2,0,0,0,184,195,0,0,0,0,0,0,0,0,0,0,0,0,0,0,4,0,0,0,0,0,0,1,0,0,0,0,0,0,0,1,0,0,0,1,6,1955
dchester,0181e47902b35f472e23808acc1472b0dc6747fd,0,nan,nan,2,0,0,0,0,0,2,0,0,0,0,0,1,0,0,0,0,0,56,12,7,17,40,7,5,2,3,0,0,0,0,0,2,0,2,2,8,49,0,0,0,503,0,0,0,0,0,0,0,49,98,0,0,98,0,98,98,0,41,6,0,0,0,0,0,0,0,0,0,98,667,0,2,0,0,0,184,195,0,0,0,0,0,0,0,0,0,0,0,0,0,0,4,0,0,0,0,0,0,1,0,0,0,0,0,0,0,1,0,0,0,1,6,1955
jsonpathly,0181e47902b35f472e23808acc1472b0dc6747fd,0,158423.83333333334,68425045.33333333,2,0,0,0,0,0,2,0,0,0,0,0,1,0,0,0,0,0,56,12,7,17,40,7,5,2,3,0,0,0,0,0,2,0,2,2,8,49,0,0,0,503,0,0,0,0,0,0,0,49,98,0,0,98,0,98,98,0,41,6,0,0,0,0,0,0,0,0,0,98,667,0,2,0,0,0,184,195,0,0,0,0,0,0,0,0,0,0,0,0,0,0,4,0,0,0,0,0,0,1,0,0,0,0,0,0,0,1,0,0,0,1,6,1955
rfc9535,0181e47902b35f472e23808acc1472b0dc6747fd,0,159175.1,67701964.8,2,0,0,0,0,0,2,0,0,0,0,0,1,0,0,0,0,0,56,12,7,17,40,7,5,2,3,0,0,0,0,0,2,0,2,2,8,49,0,0,0,503,0,0,0,0,0,0,0,49,98,0,0,98,0,98,98,0,41,6,0,0,0,0,0,0,0,0,0,98,667,0,2,0,0,0,184,195,0,0,0,0,0,0,0,0,0,0,0,0,0,0,4,0,0,0,0,0,0,1,0,0,0,0,0,0,0,1,0,0,0,1,6,1955
p3,0181e47902b35f472e23808acc1472b0dc6747fd,0,124296.875,65912832.0,2,0,0,0,0,0,2,0,0,0,0,0,1,0,0,0,0,0,56,12,7,17,40,7,5,2,3,0,0,0,0,0,2,0,2,2,8,49,0,0,0,503,0,0,0,0,0,0,0,49,98,0,0,98,0,98,98,0,41,6,0,0,0,0,0,0,0,0,0,98,667,0,2,0,0,0,184,195,0,0,0,0,0,0,0,0,0,0,0,0,0,0,4,0,0,0,0,0,0,1,0,0,0,0,0,0,0,1,0,0,0,1,6,1955
plus,335db739aab3f1dcef0595143bb06ef6c4856600,0,nan,nan,1,0,0,0,0,0,1,0,0,0,0,0,0,0,0,0,0,0,8,1,1,2,4,1,0,0,0,0,0,0,0,0,1,0,1,1,1,8,0,0,0,109,0,0,0,0,0,0,0,8,16,0,0,16,0,16,16,0,7,0,0,0,0,0,0,0,0,0,0,16,93,0,1,0,0,0,27,25,0,0,0,0,0,0,0,0,0,0,0,0,0,0,9,0,0,0,0,0,0,3,0,0,1,0,0,0,0,1,1,2,0,2,18,280
dchester,335db739aab3f1dcef0595143bb06ef6c4856600,0,nan,nan,1,0,0,0,0,0,1,0,0,0,0,0,0,0,0,0,0,0,8,1,1,2,4,1,0,0,0,0,0,0,0,0,1,0,1,1,1,8,0,0,0,109,0,0,0,0,0,0,0,8,16,0,0,16,0,16,16,0,7,0,0,0,0,0,0,0,0,0,0,16,93,0,1,0,0,0,27,25,0,0,0,0,0,0,0,0,0,0,0,0,0,0,9,0,0,0,0,0,0,3,0,0,1,0,0,0,0,1,1,2,0,2,18,280
jsonpathly,335db739aab3f1dcef0595143bb06ef6c4856600,0,50111.166666666664,59200853.333333336,1,0,0,0,0,0,1,0,0,0,0,0,0,0,0,0,0,0,8,1,1,2,4,1,0,0,0,0,0,0,0,0,1,0,1,1,1,8,0,0,0,109,0,0,0,0,0,0,0,8,16,0,0,16,0,16,16,0,7,0,0,0,0,0,0,0,0,0,0,16,93,0,1,0,0,0,27,25,0,0,0,0,0,0,0,0,0,0,0,0,0,0,9,0,0,0,0,0,0,3,0,0,1,0,0,0,0,1,1,2,0,2,18,280
rfc9535,335db739aab3f1dcef0595143bb06ef6c4856600,0,36419.3125,58843136.0,1,0,0,0,0,0,1,0,0,0,0,0,0,0,0,0,0,0,8,1,1,2,4,1,0,0,0,0,0,0,0,0,1,0,1,1,1,8,0,0,0,109,0,0,0,0,0,0,0,8,16,0,0,16,0,16,16,0,7,0,0,0,0,0,0,0,0,0,0,16,93,0,1,0,0,0,27,25,0,0,0,0,0,0,0,0,0,0,0,0,0,0,9,0,0,0,0,0,0,3,0,0,1,0,0,0,0,1,1,2,0,2,18,280
p3,335db739aab3f1dcef0595143bb06ef6c4856600,0,40340.166666666664,59938133.333333336,1,0,0,0,0,0,1,0,0,0,0,0,0,0,0,0,0,0,8,1,1,2,4,1,0,0,0,0,0,0,0,0,1,0,1,1,1,8,0,0,0,109,0,0,0,0,0,0,0,8,16,0,0,16,0,16,16,0,7,0,0,0,0,0,0,0,0,0,0,16,93,0,1,0,0,0,27,25,0,0,0,0,0,0,0,0,0,0,0,0,0,0,9,0,0,0,0,0,0,3,0,0,1,0,0,0,0,1,1,2,0,2,18,280
plus,df6fa32a4b25eeed096bf1bd0c009a8e96a148c3,0,nan,nan,3,0,0,0,0,0,3,0,0,0,0,0,0,0,0,0,0,0,57,6,4,9,21,4,2,1,1,0,0,0,0,0,3,0,3,3,12,51,0,0,0,567,0,0,0,0,0,0,0,51,102,0,0,102,0,102,102,0,39,9,0,0,0,0,0,0,0,0,0,102,514,0,3,0,0,0,198,193,0,0,0,0,0,0,0,0,0,0,0,0,0,0,4,0,0,0,0,0,0,1,0,0,0,0,0,0,0,1,0,0,0,1,7,1853
dchester,df6fa32a4b25eeed096bf1bd0c009a8e96a148c3,0,nan,nan,3,0,0,0,0,0,3,0,0,0,0,0,0,0,0,0,0,0,57,6,4,9,21,4,2,1,1,0,0,0,0,0,3,0,3,3,12,51,0,0,0,567,0,0,0,0,0,0,0,51,102,0,0,102,0,102,102,0,39,9,0,0,0,0,0,0,0,0,0,102,514,0,3,0,0,0,198,193,0,0,0,0,0,0,0,0,0,0,0,0,0,0,4,0,0,0,0,0,0,1,0,0,0,0,0,0,0,1,0,0,0,1,7,1853
jsonpathly,df6fa32a4b25eeed096bf1bd0c009a8e96a148c3,0,159194.5,67097941.333333336,3,0,0,0,0,0,3,0,0,0,0,0,0,0,0,0,0,0,57,6,4,9,21,4,2,1,1,0,0,0,0,0,3,0,3,3,12,51,0,0,0,567,0,0,0,0,0,0,0,51,102,0,0,102,0,102,102,0,39,9,0,0,0,0,0,0,0,0,0,102,514,0,3,0,0,0,198,193,0,0,0,0,0,0,0,0,0,0,0,0,0,0,4,0,0,0,0,0,0,1,0,0,0,0,0,0,0,1,0,0,0,1,7,1853
rfc9535,df6fa32a4b25eeed096bf1bd0c009a8e96a148c3,0,147991.5,68567040.0,3,0,0,0,0,0,3,0,0,0,0,0,0,0,0,0,0,0,57,6,4,9,21,4,2,1,1,0,0,0,0,0,3,0,3,3,12,51,0,0,0,567,0,0,0,0,0,0,0,51,102,0,0,102,0,102,102,0,39,9,0,0,0,0,0,0,0,0,0,102,514,0,3,0,0,0,198,193,0,0,0,0,0,0,0,0,0,0,0,0,0,0,4,0,0,0,0,0,0,1,0,0,0,0,0,0,0,1,0,0,0,1,7,1853
p3,df6fa32a4b25eeed096bf1bd0c009a8e96a148c3,0,113729.0,65931946.666666664,3,0,0,0,0,0,3,0,0,0,0,0,0,0,0,0,0,0,57,6,4,9,21,4,2,1,1,0,0,0,0,0,3,0,3,3,12,51,0,0,0,567,0,0,0,0,0,0,0,51,102,0,0,102,0,102,102,0,39,9,0,0,0,0,0,0,0,0,0,102,514,0,3,0,0,0,198,193,0,0,0,0,0,0,0,0,0,0,0,0,0,0,4,0,0,0,0,0,0,1,0,0,0,0,0,0,0,1,0,0,0,1,7,1853
plus,34e313cbe11c0a432e9a24254c0884bbd79f7d61,0,nan,nan,2,0,0,0,0,0,2,0,0,0,0,0,2,0,0,0,0,0,107,8,4,10,26,4,4,2,2,0,0,0,0,0,2,0,2,2,6,34,0,0,0,362,0,0,0,0,0,0,0,34,68,0,0,68,0,68,68,0,28,4,0,0,0,0,0,0,0,0,0,68,615,0,2,0,0,0,336,527,0,0,0,0,0,0,0,0,0,0,0,0,0,0,4,0,0,0,0,0,0,1,0,0,0,0,0,0,0,1,0,0,0,1,6,1874
dchester,34e313cbe11c0a432e9a24254c0884bbd79f7d61,0,nan,nan,2,0,0,0,0,0,2,0,0,0,0,0,2,0,0,0,0,0,107,8,4,10,26,4,4,2,2,0,0,0,0,0,2,0,2,2,6,34,0,0,0,362,0,0,0,0,0,0,0,34,68,0,0,68,0,68,68,0,28,4,0,0,0,0,0,0,0,0,0,68,615,0,2,0,0,0,336,527,0,0,0,0,0,0,0,0,0,0,0,0,0,0,4,0,0,0,0,0,0,1,0,0,0,0,0,0,0,1,0,0,0,1,6,1874
jsonpathly,34e313cbe11c0a432e9a24254c0884bbd79f7d61,0,140408.4,63576473.6,2,0,0,0,0,0,2,0,0,0,0,0,2,0,0,0,0,0,107,8,4,10,26,4,4,2,2,0,0,0,0,0,2,0,2,2,6,34,0,0,0,362,0,0,0,0,0,0,0,34,68,0,0,68,0,68,68,0,28,4,0,0,0,0,0,0,0,0,0,68,615,0,2,0,0,0,336,527,0,0,0,0,0,0,0,0,0,0,0,0,0,0,4,0,0,0,0,0,0,1,0,0,0,0,0,0,0,1,0,0,0,1,6,1874
rfc9535,34e313cbe11c0a432e9a24254c0884bbd79f7d61,0,150151.125,68378624.0,2,0,0,0,0,0,2,0,0,0,0,0,2,0,0,0,0,0,107,8,4,10,26,4,4,2,2,0,0,0,0,0,2,0,2,2,6,34,0,0,0,362,0,0,0,0,0,0,0,34,68,0,0,68,0,68,68,0,28,4,0,0,0,0,0,0,0,0,0,68,615,0,2,0,0,0,336,527,0,0,0,0,0,0,0,0,0,0,0,0,0,0,4,0,0,0,0,0,0,1,0,0,0,0,0,0,0,1,0,0,0,1,6,1874
p3,34e313cbe11c0a432e9a24254c0884bbd79f7d61,0,113020.7,65290240.0,2,0,0,0,0,0,2,0,0,0,0,0,2,0,0,0,0,0,107,8,4,10,26,4,4,2,2,0,0,0,0,0,2,0,2,2,6,34,0,0,0,362,0,0,0,0,0,0,0,34,68,0,0,68,0,68,68,0,28,4,0,0,0,0,0,0,0,0,0,68,615,0,2,0,0,0,336,527,0,0,0,0,0,0,0,0,0,0,0,0,0,0,4,0,0,0,0,0,0,1,0,0,0,0,0,0,0,1,0,0,0,1,6,1874
plus,6ec57ca6d886ae0b2c05bec16a16768ff85dcaf9,0,nan,nan,2,0,0,0,0,0,2,0,0,0,0,0,6,3,0,0,0,0,142,16,5,16,47,5,11,5,6,0,0,0,0,0,2,0,2,2,7,34,0,0,0,272,0,0,0,0,0,0,0,34,68,0,0,68,0,68,68,0,27,5,0,0,0,0,0,0,0,0,0,68,618,0,2,0,0,0,382,598,0,0,0,0,0,0,0,0,0,0,0,0,0,0,4,0,0,0,0,0,0,1,0,0,0,0,0,0,0,1,0,0,0,1,6,1898
dchester,6ec57ca6d886ae0b2c05bec16a16768ff85dcaf9,0,nan,nan,2,0,0,0,0,0,2,0,0,0,0,0,6,3,0,0,0,0,142,16,5,16,47,5,11,5,6,0,0,0,0,0,2,0,2,2,7,34,0,0,0,272,0,0,0,0,0,0,0,34,68,0,0,68,0,68,68,0,27,5,0,0,0,0,0,0,0,0,0,68,618,0,2,0,0,0,382,598,0,0,0,0,0,0,0,0,0,0,0,0,0,0,4,0,0,0,0,0,0,1,0,0,0,0,0,0,0,1,0,0,0,1,6,1898
jsonpathly,6ec57ca6d886ae0b2c05bec16a16768ff85dcaf9,0,145692.5,63623168.0,2,0,0,0,0,0,2,0,0,0,0,0,6,3,0,0,0,0,142,16,5,16,47,5,11,5,6,0,0,0,0,0,2,0,2,2,7,34,0,0,0,272,0,0,0,0,0,0,0,34,68,0,0,68,0,68,68,0,27,5,0,0,0,0,0,0,0,0,0,68,618,0,2,0,0,0,382,598,0,0,0,0,0,0,0,0,0,0,0,0,0,0,4,0,0,0,0,0,0,1,0,0,0,0,0,0,0,1,0,0,0,1,6,1898
rfc9535,6ec57ca6d886ae0b2c05bec16a16768ff85dcaf9,0,167145.875,69296128.0,2,0,0,0,0,0,2,0,0,0,0,0,6,3,0,0,0,0,142,16,5,16,47,5,11,5,6,0,0,0,0,0,2,0,2,2,7,34,0,0,0,272,0,0,0,0,0,0,0,34,68,0,0,68,0,68,68,0,27,5,0,0,0,0,0,0,0,0,0,68,618,0,2,0,0,0,382,598,0,0,0,0,0,0,0,0,0,0,0,0,0,0,4,0,0,0,0,0,0,1,0,0,0,0,0,0,0,1,0,0,0,1,6,1898
p3,6ec57ca6d886ae0b2c05bec16a16768ff85dcaf9,0,120840.16666666667,65475925.333333336,2,0,0,0,0,0,2,0,0,0,0,0,6,3,0,0,0,0,142,16,5,16,47,5,11,5,6,0,0,0,0,0,2,0,2,2,7,34,0,0,0,272,0,0,0,0,0,0,0,34,68,0,0,68,0,68,68,0,27,5,0,0,0,0,0,0,0,0,0,68,618,0,2,0,0,0,382,598,0,0,0,0,0,0,0,0,0,0,0,0,0,0,4,0,0,0,0,0,0,1,0,0,0,0,0,0,0,1,0,0,0,1,6,1898
plus,ee34fd231680d993ab3981567d80b05bd35a7abb,0,2736.3333333333335,54373034.666666664,0,0,0,12,12,0,0,0,0,0,0,1,5,4,0,0,0,0,0,0,0,0,0,0,0,0,0,0,0,0,0,0,0,0,0,0,0,0,0,0,0,57,0,0,0,0,0,0,0,0,0,0,0,0,0,0,0,0,0,0,0,0,0,0,0,0,0,1,0,0,10,0,0,0,0,1,0,0,0,0,0,0,0,0,0,0,0,0,0,0,0,0,23,1,5,0,0,0,0,5,1,1,2,0,0,0,1,0,0,0,4,2,62,1
dchester,ee34fd231680d993ab3981567d80b05bd35a7abb,0,4750.0,59757909.333333336,0,0,0,12,12,0,0,0,0,0,0,1,5,4,0,0,0,0,0,0,0,0,0,0,0,0,0,0,0,0,0,0,0,0,0,0,0,0,0,0,0,57,0,0,0,0,0,0,0,0,0,0,0,0,0,0,0,0,0,0,0,0,0,0,0,0,0,1,0,0,10,0,0,0,0,1,0,0,0,0,0,0,0,0,0,0,0,0,0,0,0,0,23,1,5,0,0,0,0,5,1,1,2,0,0,0,1,0,0,0,4,2,62,1
jsonpathly,ee34fd231680d993ab3981567d80b05bd35a7abb,0,8527.666666666666,56568490.666666664,0,0,0,12,12,0,0,0,0,0,0,1,5,4,0,0,0,0,0,0,0,0,0,0,0,0,0,0,0,0,0,0,0,0,0,0,0,0,0,0,0,57,0,0,0,0,0,0,0,0,0,0,0,0,0,0,0,0,0,0,0,0,0,0,0,0,0,1,0,0,10,0,0,0,0,1,0,0,0,0,0,0,0,0,0,0,0,0,0,0,0,0,23,1,5,0,0,0,0,5,1,1,2,0,0,0,1,0,0,0,4,2,62,1
rfc9535,ee34fd231680d993ab3981567d80b05bd35a7abb,0,5839.428571428572,57793389.71428572,0,0,0,12,12,0,0,0,0,0,0,1,5,4,0,0,0,0,0,0,0,0,0,0,0,0,0,0,0,0,0,0,0,0,0,0,0,0,0,0,0,57,0,0,0,0,0,0,0,0,0,0,0,0,0,0,0,0,0,0,0,0,0,0,0,0,0,1,0,0,10,0,0,0,0,1,0,0,0,0,0,0,0,0,0,0,0,0,0,0,0,0,23,1,5,0,0,0,0,5,1,1,2,0,0,0,1,0,0,0,4,2,62,1
p3,ee34fd231680d993ab3981567d80b05bd35a7abb,0,1942.5,54595584.0,0,0,0,12,12,0,0,0,0,0,0,1,5,4,0,0,0,0,0,0,0,0,0,0,0,0,0,0,0,0,0,0,0,0,0,0,0,0,0,0,0,57,0,0,0,0,0,0,0,0,0,0,0,0,0,0,0,0,0,0,0,0,0,0,0,0,0,1,0,0,10,0,0,0,0,1,0,0,0,0,0,0,0,0,0,0,0,0,0,0,0,0,23,1,5,0,0,0,0,5,1,1,2,0,0,0,1,0,0,0,4,2,62,1
plus,6bdba7f0a3e23e355b5eb44fe2ba625a6a725f24,0,nan,nan,5,0,0,0,0,0,5,0,0,0,0,0,8,2,0,0,0,0,248,28,17,42,93,17,11,3,8,0,0,0,0,0,5,0,5,5,9,23,0,0,0,304,0,0,0,0,0,0,0,23,46,0,0,46,0,46,46,0,14,4,0,0,0,0,0,0,0,0,0,46,926,0,5,0,0,0,767,1403,0,0,0,0,0,0,0,0,0,0,0,0,0,0,4,0,0,0,0,0,0,1,0,0,0,0,0,0,0,1,0,0,0,1,6,2938
dchester,6bdba7f0a3e23e355b5eb44fe2ba625a6a725f24,0,nan,nan,5,0,0,0,0,0,5,0,0,0,0,0,8,2,0,0,0,0,248,28,17,42,93,17,11,3,8,0,0,0,0,0,5,0,5,5,9,23,0,0,0,304,0,0,0,0,0,0,0,23,46,0,0,46,0,46,46,0,14,4,0,0,0,0,0,0,0,0,0,46,926,0,5,0,0,0,767,1403,0,0,0,0,0,0,0,0,0,0,0,0,0,0,4,0,0,0,0,0,0,1,0,0,0,0,0,0,0,1,0,0,0,1,6,2938
jsonpathly,6bdba7f0a3e23e355b5eb44fe2ba625a6a725f24,0,190004.1,66558361.6,5,0,0,0,0,0,5,0,0,0,0,0,8,2,0,0,0,0,248,28,17,42,93,17,11,3,8,0,0,0,0,0,5,0,5,5,9,23,0,0,0,304,0,0,0,0,0,0,0,23,46,0,0,46,0,46,46,0,14,4,0,0,0,0,0,0,0,0,0,46,926,0,5,0,0,0,767,1403,0,0,0,0,0,0,0,0,0,0,0,0,0,0,4,0,0,0,0,0,0,1,0,0,0,0,0,0,0,1,0,0,0,1,6,2938
rfc9535,6bdba7f0a3e23e355b5eb44fe2ba625a6a725f24,0,237889.16666666666,68856490.66666667,5,0,0,0,0,0,5,0,0,0,0,0,8,2,0,0,0,0,248,28,17,42,93,17,11,3,8,0,0,0,0,0,5,0,5,5,9,23,0,0,0,304,0,0,0,0,0,0,0,23,46,0,0,46,0,46,46,0,14,4,0,0,0,0,0,0,0,0,0,46,926,0,5,0,0,0,767,1403,0,0,0,0,0,0,0,0,0,0,0,0,0,0,4,0,0,0,0,0,0,1,0,0,0,0,0,0,0,1,0,0,0,1,6,2938
p3,6bdba7f0a3e23e355b5eb44fe2ba625a6a725f24,0,179421.875,65388544.0,5,0,0,0,0,0,5,0,0,0,0,0,8,2,0,0,0,0,248,28,17,42,93,17,11,3,8,0,0,0,0,0,5,0,5,5,9,23,0,0,0,304,0,0,0,0,0,0,0,23,46,0,0,46,0,46,46,0,14,4,0,0,0,0,0,0,0,0,0,46,926,0,5,0,0,0,767,1403,0,0,0,0,0,0,0,0,0,0,0,0,0,0,4,0,0,0,0,0,0,1,0,0,0,0,0,0,0,1,0,0,0,1,6,2938
plus,2c9d243fae089d205a9709208adde05ac091865c,0,nan,nan,2,0,0,14,14,0,2,0,0,0,0,0,0,0,0,0,0,0,46,5,3,7,17,3,2,1,1,0,0,0,0,0,2,0,2,2,2,5,0,0,0,101,0,0,0,0,0,0,0,5,10,0,0,10,0,10,10,0,3,0,0,0,0,0,0,0,0,0,0,10,168,0,2,0,0,0,136,265,0,0,0,0,0,0,0,0,0,0,0,0,0,0,14,1,3,1,1,1,1,3,1,0,0,0,0,0,0,0,0,0,2,1,40,528
dchester,2c9d243fae089d205a9709208adde05ac091865c,0,nan,nan,2,0,0,14,14,0,2,0,0,0,0,0,0,0,0,0,0,0,46,5,3,7,17,3,2,1,1,0,0,0,0,0,2,0,2,2,2,5,0,0,0,101,0,0,0,0,0,0,0,5,10,0,0,10,0,10,10,0,3,0,0,0,0,0,0,0,0,0,0,10,168,0,2,0,0,0,136,265,0,0,0,0,0,0,0,0,0,0,0,0,0,0,14,1,3,1,1,1,1,3,1,0,0,0,0,0,0,0,0,0,2,1,40,528
jsonpathly,2c9d243fae089d205a9709208adde05ac091865c,0,61262.2,58143539.2,2,0,0,14,14,0,2,0,0,0,0,0,0,0,0,0,0,0,46,5,3,7,17,3,2,1,1,0,0,0,0,0,2,0,2,2,2,5,0,0,0,101,0,0,0,0,0,0,0,5,10,0,0,10,0,10,10,0,3,0,0,0,0,0,0,0,0,0,0,10,168,0,2,0,0,0,136,265,0,0,0,0,0,0,0,0,0,0,0,0,0,0,14,1,3,1,1,1,1,3,1,0,0,0,0,0,0,0,0,0,2,1,40,528
rfc9535,2c9d243fae089d205a9709208adde05ac091865c,0,60585.9375,62535680.0,2,0,0,14,14,0,2,0,0,0,0,0,0,0,0,0,0,0,46,5,3,7,17,3,2,1,1,0,0,0,0,0,2,0,2,2,2,5,0,0,0,101,0,0,0,0,0,0,0,5,10,0,0,10,0,10,10,0,3,0,0,0,0,0,0,0,0,0,0,10,168,0,2,0,0,0,136,265,0,0,0,0,0,0,0,0,0,0,0,0,0,0,14,1,3,1,1,1,1,3,1,0,0,0,0,0,0,0,0,0,2,1,40,528
p3,2c9d243fae089d205a9709208adde05ac091865c,0,55625.0,62794410.666666664,2,0,0,14,14,0,2,0,0,0,0,0,0,0,0,0,0,0,46,5,3,7,17,3,2,1,1,0,0,0,0,0,2,0,2,2,2,5,0,0,0,101,0,0,0,0,0,0,0,5,10,0,0,10,0,10,10,0,3,0,0,0,0,0,0,0,0,0,0,10,168,0,2,0,0,0,136,265,0,0,0,0,0,0,0,0,0,0,0,0,0,0,14,1,3,1,1,1,1,3,1,0,0,0,0,0,0,0,0,0,2,1,40,528
plus,578068ed4c36c995b85a22851a73c011020819f6,0,nan,nan,4,0,0,0,0,0,4,0,0,0,0,0,13,4,0,0,0,0,269,36,20,49,119,20,16,7,9,0,0,0,0,0,4,0,4,4,5,22,0,0,0,234,0,0,0,0,0,0,0,22,44,0,0,44,0,44,44,0,17,1,0,0,0,0,0,0,0,0,0,44,909,0,4,0,0,0,739,1398,0,0,0,0,0,0,0,0,0,0,0,0,0,0,4,0,0,0,0,0,0,1,0,0,0,0,0,0,0,1,0,0,0,1,7,2823
dchester,578068ed4c36c995b85a22851a73c011020819f6,0,nan,nan,4,0,0,0,0,0,4,0,0,0,0,0,13,4,0,0,0,0,269,36,20,49,119,20,16,7,9,0,0,0,0,0,4,0,4,4,5,22,0,0,0,234,0,0,0,0,0,0,0,22,44,0,0,44,0,44,44,0,17,1,0,0,0,0,0,0,0,0,0,44,909,0,4,0,0,0,739,1398,0,0,0,0,0,0,0,0,0,0,0,0,0,0,4,0,0,0,0,0,0,1,0,0,0,0,0,0,0,1,0,0,0,1,7,2823
jsonpathly,578068ed4c36c995b85a22851a73c011020819f6,0,186815.125,65669120.0,4,0,0,0,0,0,4,0,0,0,0,0,13,4,0,0,0,0,269,36,20,49,119,20,16,7,9,0,0,0,0,0,4,0,4,4,5,22,0,0,0,234,0,0,0,0,0,0,0,22,44,0,0,44,0,44,44,0,17,1,0,0,0,0,0,0,0,0,0,44,909,0,4,0,0,0,739,1398,0,0,0,0,0,0,0,0,0,0,0,0,0,0,4,0,0,0,0,0,0,1,0,0,0,0,0,0,0,1,0,0,0,1,7,2823
rfc9535,578068ed4c36c995b85a22851a73c011020819f6,0,237348.875,69459968.0,4,0,0,0,0,0,4,0,0,0,0,0,13,4,0,0,0,0,269,36,20,49,119,20,16,7,9,0,0,0,0,0,4,0,4,4,5,22,0,0,0,234,0,0,0,0,0,0,0,22,44,0,0,44,0,44,44,0,17,1,0,0,0,0,0,0,0,0,0,44,909,0,4,0,0,0,739,1398,0,0,0,0,0,0,0,0,0,0,0,0,0,0,4,0,0,0,0,0,0,1,0,0,0,0,0,0,0,1,0,0,0,1,7,2823
p3,578068ed4c36c995b85a22851a73c011020819f6,0,176152.83333333334,65284778.666666664,4,0,0,0,0,0,4,0,0,0,0,0,13,4,0,0,0,0,269,36,20,49,119,20,16,7,9,0,0,0,0,0,4,0,4,4,5,22,0,0,0,234,0,0,0,0,0,0,0,22,44,0,0,44,0,44,44,0,17,1,0,0,0,0,0,0,0,0,0,44,909,0,4,0,0,0,739,1398,0,0,0,0,0,0,0,0,0,0,0,0,0,0,4,0,0,0,0,0,0,1,0,0,0,0,0,0,0,1,0,0,0,1,7,2823
plus,a3d9962d3103edb88eecfaa3cf1bdf7401b13815,0,nan,nan,2,0,0,0,0,0,2,0,0,0,0,0,27,9,0,0,0,0,1077,117,59,149,379,59,58,27,31,0,0,0,0,0,2,0,2,2,6,26,0,0,0,254,0,0,0,0,0,0,0,26,52,0,0,52,0,52,52,0,20,4,0,0,0,0,0,0,0,0,0,52,3497,0,2,0,0,0,3145,6329,0,0,0,0,0,0,0,0,0,0,0,0,0,0,4,0,0,0,0,0,0,1,0,0,0,0,0,0,0,1,0,0,0,1,7,10030
dchester,a3d9962d3103edb88eecfaa3cf1bdf7401b13815,0,nan,nan,2,0,0,0,0,0,2,0,0,0,0,0,27,9,0,0,0,0,1077,117,59,149,379,59,58,27,31,0,0,0,0,0,2,0,2,2,6,26,0,0,0,254,0,0,0,0,0,0,0,26,52,0,0,52,0,52,52,0,20,4,0,0,0,0,0,0,0,0,0,52,3497,0,2,0,0,0,3145,6329,0,0,0,0,0,0,0,0,0,0,0,0,0,0,4,0,0,0,0,0,0,1,0,0,0,0,0,0,0,1,0,0,0,1,7,10030
jsonpathly,a3d9962d3103edb88eecfaa3cf1bdf7401b13815,0,527118.3333333334,70380202.66666667,2,0,0,0,0,0,2,0,0,0,0,0,27,9,0,0,0,0,1077,117,59,149,379,59,58,27,31,0,0,0,0,0,2,0,2,2,6,26,0,0,0,254,0,0,0,0,0,0,0,26,52,0,0,52,0,52,52,0,20,4,0,0,0,0,0,0,0,0,0,52,3497,0,2,0,0,0,3145,6329,0,0,0,0,0,0,0,0,0,0,0,0,0,0,4,0,0,0,0,0,0,1,0,0,0,0,0,0,0,1,0,0,0,1,7,10030
rfc9535,a3d9962d3103edb88eecfaa3cf1bdf7401b13815,0,707836.75,68749994.66666667,2,0,0,0,0,0,2,0,0,0,0,0,27,9,0,0,0,0,1077,117,59,149,379,59,58,27,31,0,0,0,0,0,2,0,2,2,6,26,0,0,0,254,0,0,0,0,0,0,0,26,52,0,0,52,0,52,52,0,20,4,0,0,0,0,0,0,0,0,0,52,3497,0,2,0,0,0,3145,6329,0,0,0,0,0,0,0,0,0,0,0,0,0,0,4,0,0,0,0,0,0,1,0,0,0,0,0,0,0,1,0,0,0,1,7,10030
p3,a3d9962d3103edb88eecfaa3cf1bdf7401b13815,0,521909.5,67376469.33333333,2,0,0,0,0,0,2,0,0,0,0,0,27,9,0,0,0,0,1077,117,59,149,379,59,58,27,31,0,0,0,0,0,2,0,2,2,6,26,0,0,0,254,0,0,0,0,0,0,0,26,52,0,0,52,0,52,52,0,20,4,0,0,0,0,0,0,0,0,0,52,3497,0,2,0,0,0,3145,6329,0,0,0,0,0,0,0,0,0,0,0,0,0,0,4,0,0,0,0,0,0,1,0,0,0,0,0,0,0,1,0,0,0,1,7,10030
plus,03c7dec35942a9b937f311a0a01343b5ff0ccc79,0,nan,nan,3,0,0,0,0,0,3,0,0,0,0,0,37,22,0,0,0,0,1065,130,55,147,408,55,75,38,37,0,0,0,0,0,3,0,3,3,6,24,0,0,0,297,0,0,0,0,0,0,0,24,48,0,0,48,0,48,48,0,18,3,0,0,0,0,0,0,0,0,0,48,3200,0,3,0,0,0,3153,6107,0,0,0,0,0,0,0,0,0,0,0,0,0,0,4,0,0,0,0,0,0,1,0,0,0,0,0,0,0,1,0,0,0,1,6,9785
dchester,03c7dec35942a9b937f311a0a01343b5ff0ccc79,0,nan,nan,3,0,0,0,0,0,3,0,0,0,0,0,37,22,0,0,0,0,1065,130,55,147,408,55,75,38,37,0,0,0,0,0,3,0,3,3,6,24,0,0,0,297,0,0,0,0,0,0,0,24,48,0,0,48,0,48,48,0,18,3,0,0,0,0,0,0,0,0,0,48,3200,0,3,0,0,0,3153,6107,0,0,0,0,0,0,0,0,0,0,0,0,0,0,4,0,0,0,0,0,0,1,0,0,0,0,0,0,0,1,0,0,0,1,6,9785
jsonpathly,03c7dec35942a9b937f311a0a01343b5ff0ccc79,0,528180.6666666666,70224554.66666667,3,0,0,0,0,0,3,0,0,0,0,0,37,22,0,0,0,0,1065,130,55,147,408,55,75,38,37,0,0,0,0,0,3,0,3,3,6,24,0,0,0,297,0,0,0,0,0,0,0,24,48,0,0,48,0,48,48,0,18,3,0,0,0,0,0,0,0,0,0,48,3200,0,3,0,0,0,3153,6107,0,0,0,0,0,0,0,0,0,0,0,0,0,0,4,0,0,0,0,0,0,1,0,0,0,0,0,0,0,1,0,0,0,1,6,9785
rfc9535,03c7dec35942a9b937f311a0a01343b5ff0ccc79,0,671652.6666666666,68534272.0,3,0,0,0,0,0,3,0,0,0,0,0,37,22,0,0,0,0,1065,130,55,147,408,55,75,38,37,0,0,0,0,0,3,0,3,3,6,24,0,0,0,297,0,0,0,0,0,0,0,24,48,0,0,48,0,48,48,0,18,3,0,0,0,0,0,0,0,0,0,48,3200,0,3,0,0,0,3153,6107,0,0,0,0,0,0,0,0,0,0,0,0,0,0,4,0,0,0,0,0,0,1,0,0,0,0,0,0,0,1,0,0,0,1,6,9785
p3,03c7dec35942a9b937f311a0a01343b5ff0ccc79,0,513468.6666666667,67682304.0,3,0,0,0,0,0,3,0,0,0,0,0,37,22,0,0,0,0,1065,130,55,147,408,55,75,38,37,0,0,0,0,0,3,0,3,3,6,24,0,0,0,297,0,0,0,0,0,0,0,24,48,0,0,48,0,48,48,0,18,3,0,0,0,0,0,0,0,0,0,48,3200,0,3,0,0,0,3153,6107,0,0,0,0,0,0,0,0,0,0,0,0,0,0,4,0,0,0,0,0,0,1,0,0,0,0,0,0,0,1,0,0,0,1,6,9785
plus,3861639f7dc0033cb7ff49e36aa6112000001ce5,0,nan,nan,1,0,0,0,0,0,1,0,0,0,0,0,40,16,0,0,0,0,1040,123,62,159,396,62,61,26,35,0,0,0,0,0,1,0,1,1,8,23,0,0,0,229,0,0,0,0,0,0,0,23,46,0,0,46,0,46,46,0,15,7,0,0,0,0,0,0,0,0,0,46,3235,0,1,0,0,0,3105,6039,0,0,0,0,0,0,0,0,0,0,0,0,0,0,4,0,0,0,0,0,0,1,0,0,0,0,0,0,0,1,0,0,0,1,6,9673
dchester,3861639f7dc0033cb7ff49e36aa6112000001ce5,0,nan,nan,1,0,0,0,0,0,1,0,0,0,0,0,40,16,0,0,0,0,1040,123,62,159,396,62,61,26,35,0,0,0,0,0,1,0,1,1,8,23,0,0,0,229,0,0,0,0,0,0,0,23,46,0,0,46,0,46,46,0,15,7,0,0,0,0,0,0,0,0,0,46,3235,0,1,0,0,0,3105,6039,0,0,0,0,0,0,0,0,0,0,0,0,0,0,4,0,0,0,0,0,0,1,0,0,0,0,0,0,0,1,0,0,0,1,6,9673
jsonpathly,3861639f7dc0033cb7ff49e36aa6112000001ce5,0,508847.1666666667,70451200.0,1,0,0,0,0,0,1,0,0,0,0,0,40,16,0,0,0,0,1040,123,62,159,396,62,61,26,35,0,0,0,0,0,1,0,1,1,8,23,0,0,0,229,0,0,0,0,0,0,0,23,46,0,0,46,0,46,46,0,15,7,0,0,0,0,0,0,0,0,0,46,3235,0,1,0,0,0,3105,6039,0,0,0,0,0,0,0,0,0,0,0,0,0,0,4,0,0,0,0,0,0,1,0,0,0,0,0,0,0,1,0,0,0,1,6,9673
rfc9535,3861639f7dc0033cb7ff49e36aa6112000001ce5,0,678087.0,68883797.33333333,1,0,0,0,0,0,1,0,0,0,0,0,40,16,0,0,0,0,1040,123,62,159,396,62,61,26,35,0,0,0,0,0,1,0,1,1,8,23,0,0,0,229,0,0,0,0,0,0,0,23,46,0,0,46,0,46,46,0,15,7,0,0,0,0,0,0,0,0,0,46,3235,0,1,0,0,0,3105,6039,0,0,0,0,0,0,0,0,0,0,0,0,0,0,4,0,0,0,0,0,0,1,0,0,0,0,0,0,0,1,0,0,0,1,6,9673
p3,3861639f7dc0033cb7ff49e36aa6112000001ce5,0,501676.75,65941504.0,1,0,0,0,0,0,1,0,0,0,0,0,40,16,0,0,0,0,1040,123,62,159,396,62,61,26,35,0,0,0,0,0,1,0,1,1,8,23,0,0,0,229,0,0,0,0,0,0,0,23,46,0,0,46,0,46,46,0,15,7,0,0,0,0,0,0,0,0,0,46,3235,0,1,0,0,0,3105,6039,0,0,0,0,0,0,0,0,0,0,0,0,0,0,4,0,0,0,0,0,0,1,0,0,0,0,0,0,0,1,0,0,0,1,6,9673
plus,c964a770c427d947bdbdea6e7c18e4be22c97bad,0,5076.333333333333,54482261.333333336,7,2,3,41,44,1,3,0,0,0,0,2,7,6,3,2,0,0,0,0,0,0,0,0,0,0,0,0,1,0,0,0,3,0,0,0,0,0,0,0,0,109,0,0,0,0,0,0,0,0,0,0,0,0,0,0,0,0,0,0,0,0,0,0,0,0,0,1,0,0,1,0,5,0,0,3,0,0,0,0,0,0,0,0,0,0,0,0,0,0,0,0,31,1,3,0,0,0,0,11,3,3,1,0,0,0,0,1,2,7,2,3,81,52
dchester,c964a770c427d947bdbdea6e7c18e4be22c97bad,0,43192.625,64425984.0,7,2,3,41,44,1,3,0,0,0,0,2,7,6,3,2,0,0,0,0,0,0,0,0,0,0,0,0,1,0,0,0,3,0,0,0,0,0,0,0,0,109,0,0,0,0,0,0,0,0,0,0,0,0,0,0,0,0,0,0,0,0,0,0,0,0,0,1,0,0,1,0,5,0,0,3,0,0,0,0,0,0,0,0,0,0,0,0,0,0,0,0,31,1,3,0,0,0,0,11,3,3,1,0,0,0,0,1,2,7,2,3,81,52
jsonpathly,c964a770c427d947bdbdea6e7c18e4be22c97bad,0,24161.25,57407488.0,7,2,3,41,44,1,3,0,0,0,0,2,7,6,3,2,0,0,0,0,0,0,0,0,0,0,0,0,1,0,0,0,3,0,0,0,0,0,0,0,0,109,0,0,0,0,0,0,0,0,0,0,0,0,0,0,0,0,0,0,0,0,0,0,0,0,0,1,0,0,1,0,5,0,0,3,0,0,0,0,0,0,0,0,0,0,0,0,0,0,0,0,31,1,3,0,0,0,0,11,3,3,1,0,0,0,0,1,2,7,2,3,81,52
rfc9535,c964a770c427d947bdbdea6e7c18e4be22c97bad,0,15195.25,58200064.0,7,2,3,41,44,1,3,0,0,0,0,2,7,6,3,2,0,0,0,0,0,0,0,0,0,0,0,0,1,0,0,0,3,0,0,0,0,0,0,0,0,109,0,0,0,0,0,0,0,0,0,0,0,0,0,0,0,0,0,0,0,0,0,0,0,0,0,1,0,0,1,0,5,0,0,3,0,0,0,0,0,0,0,0,0,0,0,0,0,0,0,0,31,1,3,0,0,0,0,11,3,3,1,0,0,0,0,1,2,7,2,3,81,52
p3,c964a770c427d947bdbdea6e7c18e4be22c97bad,0,17112.0625,55808000.0,7,2,3,41,44,1,3,0,0,0,0,2,7,6,3,2,0,0,0,0,0,0,0,0,0,0,0,0,1,0,0,0,3,0,0,0,0,0,0,0,0,109,0,0,0,0,0,0,0,0,0,0,0,0,0,0,0,0,0,0,0,0,0,0,0,0,0,1,0,0,1,0,5,0,0,3,0,0,0,0,0,0,0,0,0,0,0,0,0,0,0,0,31,1,3,0,0,0,0,11,3,3,1,0,0,0,0,1,2,7,2,3,81,52
plus,779b58c2d566ffaca9f151d329aeaa419a660716,0,6867.666666666667,54673408.0,9,4,4,25,29,1,4,10,11,6,6,3,7,7,8,3,0,0,0,0,0,0,0,0,0,0,0,0,5,0,0,0,3,0,0,0,0,0,0,0,0,26,0,0,0,0,0,0,0,0,0,0,0,0,0,0,0,0,0,0,0,0,0,0,0,0,0,0,0,0,0,0,5,0,0,0,0,0,0,0,0,0,0,0,0,0,0,0,0,0,0,0,7,0,0,0,0,0,0,2,0,0,0,0,0,0,1,1,0,1,0,2,9,91
dchester,779b58c2d566ffaca9f151d329aeaa419a660716,0,45314.9375,64901120.0,9,4,4,25,29,1,4,10,11,6,6,3,7,7,8,3,0,0,0,0,0,0,0,0,0,0,0,0,5,0,0,0,3,0,0,0,0,0,0,0,0,26,0,0,0,0,0,0,0,0,0,0,0,0,0,0,0,0,0,0,0,0,0,0,0,0,0,0,0,0,0,0,5,0,0,0,0,0,0,0,0,0,0,0,0,0,0,0,0,0,0,0,7,0,0,0,0,0,0,2,0,0,0,0,0,0,1,1,0,1,0,2,9,91
jsonpathly,779b58c2d566ffaca9f151d329aeaa419a660716,0,34091.125,57827328.0,9,4,4,25,29,1,4,10,11,6,6,3,7,7,8,3,0,0,0,0,0,0,0,0,0,0,0,0,5,0,0,0,3,0,0,0,0,0,0,0,0,26,0,0,0,0,0,0,0,0,0,0,0,0,0,0,0,0,0,0,0,0,0,0,0,0,0,0,0,0,0,0,5,0,0,0,0,0,0,0,0,0,0,0,0,0,0,0,0,0,0,0,7,0,0,0,0,0,0,2,0,0,0,0,0,0,1,1,0,1,0,2,9,91
rfc9535,779b58c2d566ffaca9f151d329aeaa419a660716,0,27940.0625,59082752.0,9,4,4,25,29,1,4,10,11,6,6,3,7,7,8,3,0,0,0,0,0,0,0,0,0,0,0,0,5,0,0,0,3,0,0,0,0,0,0,0,0,26,0,0,0,0,0,0,0,0,0,0,0,0,0,0,0,0,0,0,0,0,0,0,0,0,0,0,0,0,0,0,5,0,0,0,0,0,0,0,0,0,0,0,0,0,0,0,0,0,0,0,7,0,0,0,0,0,0,2,0,0,0,0,0,0,1,1,0,1,0,2,9,91
p3,779b58c2d566ffaca9f151d329aeaa419a660716,0,29828.1875,58230784.0,9,4,4,25,29,1,4,10,11,6,6,3,7,7,8,3,0,0,0,0,0,0,0,0,0,0,0,0,5,0,0,0,3,0,0,0,0,0,0,0,0,26,0,0,0,0,0,0,0,0,0,0,0,0,0,0,0,0,0,0,0,0,0,0,0,0,0,0,0,0,0,0,5,0,0,0,0,0,0,0,0,0,0,0,0,0,0,0,0,0,0,0,7,0,0,0,0,0,0,2,0,0,0,0,0,0,1,1,0,1,0,2,9,91
plus,9a2bfbd7c86fa6c59748ac2e8a39278c4b4f6414,0,5997.0,54528292.571428575,5,3,2,1,3,2,1,0,0,1,1,2,27,15,0,0,0,0,0,0,0,0,0,0,0,0,0,0,0,0,0,0,1,0,0,0,0,0,0,0,0,21,0,0,0,0,0,0,0,0,0,0,0,0,0,0,0,0,0,0,0,0,0,0,0,0,0,0,0,0,0,0,2,0,0,1,0,0,0,0,0,0,0,0,0,0,0,0,0,0,0,0,12,0,0,0,0,0,0,4,2,1,0,0,0,0,1,1,1,3,0,2,26,31
dchester,9a2bfbd7c86fa6c59748ac2e8a39278c4b4f6414,0,33701.333333333336,63296853.333333336,5,3,2,1,3,2,1,0,0,1,1,2,27,15,0,0,0,0,0,0,0,0,0,0,0,0,0,0,0,0,0,0,1,0,0,0,0,0,0,0,0,21,0,0,0,0,0,0,0,0,0,0,0,0,0,0,0,0,0,0,0,0,0,0,0,0,0,0,0,0,0,0,2,0,0,1,0,0,0,0,0,0,0,0,0,0,0,0,0,0,0,0,12,0,0,0,0,0,0,4,2,1,0,0,0,0,1,1,1,3,0,2,26,31
jsonpathly,9a2bfbd7c86fa6c59748ac2e8a39278c4b4f6414,0,18161.5,57436160.0,5,3,2,1,3,2,1,0,0,1,1,2,27,15,0,0,0,0,0,0,0,0,0,0,0,0,0,0,0,0,0,0,1,0,0,0,0,0,0,0,0,21,0,0,0,0,0,0,0,0,0,0,0,0,0,0,0,0,0,0,0,0,0,0,0,0,0,0,0,0,0,0,2,0,0,1,0,0,0,0,0,0,0,0,0,0,0,0,0,0,0,0,12,0,0,0,0,0,0,4,2,1,0,0,0,0,1,1,1,3,0,2,26,31
rfc9535,9a2bfbd7c86fa6c59748ac2e8a39278c4b4f6414,0,13062.375,57921536.0,5,3,2,1,3,2,1,0,0,1,1,2,27,15,0,0,0,0,0,0,0,0,0,0,0,0,0,0,0,0,0,0,1,0,0,0,0,0,0,0,0,21,0,0,0,0,0,0,0,0,0,0,0,0,0,0,0,0,0,0,0,0,0,0,0,0,0,0,0,0,0,0,2,0,0,1,0,0,0,0,0,0,0,0,0,0,0,0,0,0,0,0,12,0,0,0,0,0,0,4,2,1,0,0,0,0,1,1,1,3,0,2,26,31
p3,9a2bfbd7c86fa6c59748ac2e8a39278c4b4f6414,0,12906.3125,55525376.0,5,3,2,1,3,2,1,0,0,1,1,2,27,15,0,0,0,0,0,0,0,0,0,0,0,0,0,0,0,0,0,0,1,0,0,0,0,0,0,0,0,21,0,0,0,0,0,0,0,0,0,0,0,0,0,0,0,0,0,0,0,0,0,0,0,0,0,0,0,0,0,0,2,0,0,1,0,0,0,0,0,0,0,0,0,0,0,0,0,0,0,0,12,0,0,0,0,0,0,4,2,1,0,0,0,0,1,1,1,3,0,2,26,31
plus,bc52d240f2a0e864d8640f9d2b61a1076d41fecf,0,nan,nan,5,0,0,0,0,0,5,0,0,0,0,0,2,2,0,0,0,0,71,10,7,16,35,7,3,1,2,0,0,0,0,0,5,0,5,5,12,49,0,0,0,521,0,0,0,0,0,0,0,49,98,0,0,98,0,98,0,98,37,7,0,0,0,0,0,0,0,0,0,0,586,98,5,0,0,0,0,0,196,189,0,0,0,0,0,0,0,0,0,0,0,0,4,0,0,0,0,0,0,1,0,0,0,0,0,0,0,1,0,0,0,1,6,1912
dchester,bc52d240f2a0e864d8640f9d2b61a1076d41fecf,0,nan,nan,5,0,0,0,0,0,5,0,0,0,0,0,2,2,0,0,0,0,71,10,7,16,35,7,3,1,2,0,0,0,0,0,5,0,5,5,12,49,0,0,0,521,0,0,0,0,0,0,0,49,98,0,0,98,0,98,0,98,37,7,0,0,0,0,0,0,0,0,0,0,586,98,5,0,0,0,0,0,196,189,0,0,0,0,0,0,0,0,0,0,0,0,4,0,0,0,0,0,0,1,0,0,0,0,0,0,0,1,0,0,0,1,6,1912
jsonpathly,bc52d240f2a0e864d8640f9d2b61a1076d41fecf,0,160548.83333333334,67704149.33333333,5,0,0,0,0,0,5,0,0,0,0,0,2,2,0,0,0,0,71,10,7,16,35,7,3,1,2,0,0,0,0,0,5,0,5,5,12,49,0,0,0,521,0,0,0,0,0,0,0,49,98,0,0,98,0,98,0,98,37,7,0,0,0,0,0,0,0,0,0,0,586,98,5,0,0,0,0,0,196,189,0,0,0,0,0,0,0,0,0,0,0,0,4,0,0,0,0,0,0,1,0,0,0,0,0,0,0,1,0,0,0,1,6,1912
rfc9535,bc52d240f2a0e864d8640f9d2b61a1076d41fecf,0,156895.66666666666,68430506.66666667,5,0,0,0,0,0,5,0,0,0,0,0,2,2,0,0,0,0,71,10,7,16,35,7,3,1,2,0,0,0,0,0,5,0,5,5,12,49,0,0,0,521,0,0,0,0,0,0,0,49,98,0,0,98,0,98,0,98,37,7,0,0,0,0,0,0,0,0,0,0,586,98,5,0,0,0,0,0,196,189,0,0,0,0,0,0,0,0,0,0,0,0,4,0,0,0,0,0,0,1,0,0,0,0,0,0,0,1,0,0,0,1,6,1912
p3,bc52d240f2a0e864d8640f9d2b61a1076d41fecf,0,128875.0,65776298.666666664,5,0,0,0,0,0,5,0,0,0,0,0,2,2,0,0,0,0,71,10,7,16,35,7,3,1,2,0,0,0,0,0,5,0,5,5,12,49,0,0,0,521,0,0,0,0,0,0,0,49,98,0,0,98,0,98,0,98,37,7,0,0,0,0,0,0,0,0,0,0,586,98,5,0,0,0,0,0,196,189,0,0,0,0,0,0,0,0,0,0,0,0,4,0,0,0,0,0,0,1,0,0,0,0,0,0,0,1,0,0,0,1,6,1912
plus,7eb1e4fd43b990f2d229ac5bffafb5ea28f1ee36,0,nan,nan,1,0,0,0,0,0,1,0,0,0,0,0,3,3,0,0,0,0,65,3,0,1,8,0,3,2,1,0,0,0,0,0,1,0,1,1,9,47,0,0,0,539,0,0,0,0,0,0,0,47,94,0,0,94,0,94,0,94,38,8,0,0,0,0,0,0,0,0,0,0,560,94,1,0,0,0,0,0,180,198,0,0,0,0,0,0,0,0,0,0,0,0,4,0,0,0,0,0,0,1,0,0,0,0,0,0,0,1,0,0,0,1,6,1771
dchester,7eb1e4fd43b990f2d229ac5bffafb5ea28f1ee36,0,nan,nan,1,0,0,0,0,0,1,0,0,0,0,0,3,3,0,0,0,0,65,3,0,1,8,0,3,2,1,0,0,0,0,0,1,0,1,1,9,47,0,0,0,539,0,0,0,0,0,0,0,47,94,0,0,94,0,94,0,94,38,8,0,0,0,0,0,0,0,0,0,0,560,94,1,0,0,0,0,0,180,198,0,0,0,0,0,0,0,0,0,0,0,0,4,0,0,0,0,0,0,1,0,0,0,0,0,0,0,1,0,0,0,1,6,1771
jsonpathly,7eb1e4fd43b990f2d229ac5bffafb5ea28f1ee36,0,155025.1,66381414.4,1,0,0,0,0,0,1,0,0,0,0,0,3,3,0,0,0,0,65,3,0,1,8,0,3,2,1,0,0,0,0,0,1,0,1,1,9,47,0,0,0,539,0,0,0,0,0,0,0,47,94,0,0,94,0,94,0,94,38,8,0,0,0,0,0,0,0,0,0,0,560,94,1,0,0,0,0,0,180,198,0,0,0,0,0,0,0,0,0,0,0,0,4,0,0,0,0,0,0,1,0,0,0,0,0,0,0,1,0,0,0,1,6,1771
rfc9535,7eb1e4fd43b990f2d229ac5bffafb5ea28f1ee36,0,141567.625,68120576.0,1,0,0,0,0,0,1,0,0,0,0,0,3,3,0,0,0,0,65,3,0,1,8,0,3,2,1,0,0,0,0,0,1,0,1,1,9,47,0,0,0,539,0,0,0,0,0,0,0,47,94,0,0,94,0,94,0,94,38,8,0,0,0,0,0,0,0,0,0,0,560,94,1,0,0,0,0,0,180,198,0,0,0,0,0,0,0,0,0,0,0,0,4,0,0,0,0,0,0,1,0,0,0,0,0,0,0,1,0,0,0,1,6,1771
p3,7eb1e4fd43b990f2d229ac5bffafb5ea28f1ee36,0,116341.6,65155891.2,1,0,0,0,0,0,1,0,0,0,0,0,3,3,0,0,0,0,65,3,0,1,8,0,3,2,1,0,0,0,0,0,1,0,1,1,9,47,0,0,0,539,0,0,0,0,0,0,0,47,94,0,0,94,0,94,0,94,38,8,0,0,0,0,0,0,0,0,0,0,560,94,1,0,0,0,0,0,180,198,0,0,0,0,0,0,0,0,0,0,0,0,4,0,0,0,0,0,0,1,0,0,0,0,0,0,0,1,0,0,0,1,6,1771
plus,a34a1c9b9a0e89ad0b436238acfd5a19ccf8fdb5,0,nan,nan,5,0,0,0,0,0,5,0,0,0,0,0,1,1,0,0,0,0,68,7,3,8,22,3,4,2,2,0,0,0,0,0,5,0,5,5,16,52,0,0,0,566,0,0,0,0,0,0,0,52,104,0,0,104,0,104,0,104,36,11,0,0,0,0,0,0,0,0,0,0,596,104,5,0,0,0,0,0,206,211,0,0,0,0,0,0,0,0,0,0,0,0,4,0,0,0,0,0,0,1,0,0,0,0,0,0,0,1,0,0,0,1,6,1960
dchester,a34a1c9b9a0e89ad0b436238acfd5a19ccf8fdb5,0,nan,nan,5,0,0,0,0,0,5,0,0,0,0,0,1,1,0,0,0,0,68,7,3,8,22,3,4,2,2,0,0,0,0,0,5,0,5,5,16,52,0,0,0,566,0,0,0,0,0,0,0,52,104,0,0,104,0,104,0,104,36,11,0,0,0,0,0,0,0,0,0,0,596,104,5,0,0,0,0,0,206,211,0,0,0,0,0,0,0,0,0,0,0,0,4,0,0,0,0,0,0,1,0,0,0,0,0,0,0,1,0,0,0,1,6,1960
jsonpathly,a34a1c9b9a0e89ad0b436238acfd5a19ccf8fdb5,0,162764.0,66732032.0,5,0,0,0,0,0,5,0,0,0,0,0,1,1,0,0,0,0,68,7,3,8,22,3,4,2,2,0,0,0,0,0,5,0,5,5,16,52,0,0,0,566,0,0,0,0,0,0,0,52,104,0,0,104,0,104,0,104,36,11,0,0,0,0,0,0,0,0,0,0,596,104,5,0,0,0,0,0,206,211,0,0,0,0,0,0,0,0,0,0,0,0,4,0,0,0,0,0,0,1,0,0,0,0,0,0,0,1,0,0,0,1,6,1960
rfc9535,a34a1c9b9a0e89ad0b436238acfd5a19ccf8fdb5,0,159222.0,68714496.0,5,0,0,0,0,0,5,0,0,0,0,0,1,1,0,0,0,0,68,7,3,8,22,3,4,2,2,0,0,0,0,0,5,0,5,5,16,52,0,0,0,566,0,0,0,0,0,0,0,52,104,0,0,104,0,104,0,104,36,11,0,0,0,0,0,0,0,0,0,0,596,104,5,0,0,0,0,0,206,211,0,0,0,0,0,0,0,0,0,0,0,0,4,0,0,0,0,0,0,1,0,0,0,0,0,0,0,1,0,0,0,1,6,1960
p3,a34a1c9b9a0e89ad0b436238acfd5a19ccf8fdb5,0,133276.25,66031616.0,5,0,0,0,0,0,5,0,0,0,0,0,1,1,0,0,0,0,68,7,3,8,22,3,4,2,2,0,0,0,0,0,5,0,5,5,16,52,0,0,0,566,0,0,0,0,0,0,0,52,104,0,0,104,0,104,0,104,36,11,0,0,0,0,0,0,0,0,0,0,596,104,5,0,0,0,0,0,206,211,0,0,0,0,0,0,0,0,0,0,0,0,4,0,0,0,0,0,0,1,0,0,0,0,0,0,0,1,0,0,0,1,6,1960
plus,b680e267dfac3ca2b26daf47413842a9cb7fee50,0,nan,nan,4,0,0,0,0,0,4,0,0,0,0,0,10,5,0,0,0,0,37,6,1,4,17,1,5,3,2,0,0,0,0,0,4,0,4,4,4,7,0,0,0,133,0,0,0,0,0,0,0,7,14,0,0,14,0,14,0,14,3,0,0,0,0,0,0,0,0,1,0,0,127,14,4,0,0,1,0,0,80,124,0,0,0,0,0,0,0,0,0,0,0,0,24,0,0,0,0,0,0,10,2,1,2,0,0,0,0,1,2,9,0,2,47,432
dchester,b680e267dfac3ca2b26daf47413842a9cb7fee50,0,nan,nan,4,0,0,0,0,0,4,0,0,0,0,0,10,5,0,0,0,0,37,6,1,4,17,1,5,3,2,0,0,0,0,0,4,0,4,4,4,7,0,0,0,133,0,0,0,0,0,0,0,7,14,0,0,14,0,14,0,14,3,0,0,0,0,0,0,0,0,1,0,0,127,14,4,0,0,1,0,0,80,124,0,0,0,0,0,0,0,0,0,0,0,0,24,0,0,0,0,0,0,10,2,1,2,0,0,0,0,1,2,9,0,2,47,432
jsonpathly,b680e267dfac3ca2b26daf47413842a9cb7fee50,0,61927.0625,58568704.0,4,0,0,0,0,0,4,0,0,0,0,0,10,5,0,0,0,0,37,6,1,4,17,1,5,3,2,0,0,0,0,0,4,0,4,4,4,7,0,0,0,133,0,0,0,0,0,0,0,7,14,0,0,14,0,14,0,14,3,0,0,0,0,0,0,0,0,1,0,0,127,14,4,0,0,1,0,0,80,124,0,0,0,0,0,0,0,0,0,0,0,0,24,0,0,0,0,0,0,10,2,1,2,0,0,0,0,1,2,9,0,2,47,432
rfc9535,b680e267dfac3ca2b26daf47413842a9cb7fee50,0,57680.5,62674261.333333336,4,0,0,0,0,0,4,0,0,0,0,0,10,5,0,0,0,0,37,6,1,4,17,1,5,3,2,0,0,0,0,0,4,0,4,4,4,7,0,0,0,133,0,0,0,0,0,0,0,7,14,0,0,14,0,14,0,14,3,0,0,0,0,0,0,0,0,1,0,0,127,14,4,0,0,1,0,0,80,124,0,0,0,0,0,0,0,0,0,0,0,0,24,0,0,0,0,0,0,10,2,1,2,0,0,0,0,1,2,9,0,2,47,432
p3,b680e267dfac3ca2b26daf47413842a9cb7fee50,0,60999.75,63467520.0,4,0,0,0,0,0,4,0,0,0,0,0,10,5,0,0,0,0,37,6,1,4,17,1,5,3,2,0,0,0,0,0,4,0,4,4,4,7,0,0,0,133,0,0,0,0,0,0,0,7,14,0,0,14,0,14,0,14,3,0,0,0,0,0,0,0,0,1,0,0,127,14,4,0,0,1,0,0,80,124,0,0,0,0,0,0,0,0,0,0,0,0,24,0,0,0,0,0,0,10,2,1,2,0,0,0,0,1,2,9,0,2,47,432
plus,a3cd069cbcc328d3a47aa6bb181bfce3e384df6f,0,nan,nan,1,0,0,0,0,0,1,0,0,0,0,0,6,2,0,0,0,0,110,15,8,20,49,8,7,3,4,0,0,0,0,0,1,0,1,1,5,32,0,0,0,354,0,0,0,0,0,0,0,32,64,0,0,64,0,64,0,64,27,4,0,0,0,0,0,0,0,0,0,0,594,64,1,0,0,0,0,0,336,554,0,0,0,0,0,0,0,0,0,0,0,0,4,0,0,0,0,0,0,1,0,0,0,0,0,0,0,1,0,0,0,1,6,1866
dchester,a3cd069cbcc328d3a47aa6bb181bfce3e384df6f,0,nan,nan,1,0,0,0,0,0,1,0,0,0,0,0,6,2,0,0,0,0,110,15,8,20,49,8,7,3,4,0,0,0,0,0,1,0,1,1,5,32,0,0,0,354,0,0,0,0,0,0,0,32,64,0,0,64,0,64,0,64,27,4,0,0,0,0,0,0,0,0,0,0,594,64,1,0,0,0,0,0,336,554,0,0,0,0,0,0,0,0,0,0,0,0,4,0,0,0,0,0,0,1,0,0,0,0,0,0,0,1,0,0,0,1,6,1866
jsonpathly,a3cd069cbcc328d3a47aa6bb181bfce3e384df6f,0,148385.375,63516672.0,1,0,0,0,0,0,1,0,0,0,0,0,6,2,0,0,0,0,110,15,8,20,49,8,7,3,4,0,0,0,0,0,1,0,1,1,5,32,0,0,0,354,0,0,0,0,0,0,0,32,64,0,0,64,0,64,0,64,27,4,0,0,0,0,0,0,0,0,0,0,594,64,1,0,0,0,0,0,336,554,0,0,0,0,0,0,0,0,0,0,0,0,4,0,0,0,0,0,0,1,0,0,0,0,0,0,0,1,0,0,0,1,6,1866
rfc9535,a3cd069cbcc328d3a47aa6bb181bfce3e384df6f,0,156973.2857142857,69119414.85714285,1,0,0,0,0,0,1,0,0,0,0,0,6,2,0,0,0,0,110,15,8,20,49,8,7,3,4,0,0,0,0,0,1,0,1,1,5,32,0,0,0,354,0,0,0,0,0,0,0,32,64,0,0,64,0,64,0,64,27,4,0,0,0,0,0,0,0,0,0,0,594,64,1,0,0,0,0,0,336,554,0,0,0,0,0,0,0,0,0,0,0,0,4,0,0,0,0,0,0,1,0,0,0,0,0,0,0,1,0,0,0,1,6,1866
p3,a3cd069cbcc328d3a47aa6bb181bfce3e384df6f,0,136375.08333333334,65541461.333333336,1,0,0,0,0,0,1,0,0,0,0,0,6,2,0,0,0,0,110,15,8,20,49,8,7,3,4,0,0,0,0,0,1,0,1,1,5,32,0,0,0,354,0,0,0,0,0,0,0,32,64,0,0,64,0,64,0,64,27,4,0,0,0,0,0,0,0,0,0,0,594,64,1,0,0,0,0,0,336,554,0,0,0,0,0,0,0,0,0,0,0,0,4,0,0,0,0,0,0,1,0,0,0,0,0,0,0,1,0,0,0,1,6,1866
plus,289b915f0320493b909245c308326cca80dd4885,0,nan,nan,3,0,0,0,0,0,3,0,0,0,0,0,6,2,0,0,0,0,116,14,11,23,52,11,3,2,1,0,0,0,0,0,3,0,3,3,9,32,0,0,0,350,0,0,0,0,0,0,0,32,64,0,0,64,0,64,0,64,23,6,0,0,0,0,0,0,0,0,0,0,568,64,3,0,0,0,0,0,323,539,0,0,0,0,0,0,0,0,0,0,0,0,4,0,0,0,0,0,0,1,0,0,0,0,0,0,0,1,0,0,0,1,6,1846
dchester,289b915f0320493b909245c308326cca80dd4885,0,nan,nan,3,0,0,0,0,0,3,0,0,0,0,0,6,2,0,0,0,0,116,14,11,23,52,11,3,2,1,0,0,0,0,0,3,0,3,3,9,32,0,0,0,350,0,0,0,0,0,0,0,32,64,0,0,64,0,64,0,64,23,6,0,0,0,0,0,0,0,0,0,0,568,64,3,0,0,0,0,0,323,539,0,0,0,0,0,0,0,0,0,0,0,0,4,0,0,0,0,0,0,1,0,0,0,0,0,0,0,1,0,0,0,1,6,1846
jsonpathly,289b915f0320493b909245c308326cca80dd4885,0,138701.66666666666,64787797.333333336,3,0,0,0,0,0,3,0,0,0,0,0,6,2,0,0,0,0,116,14,11,23,52,11,3,2,1,0,0,0,0,0,3,0,3,3,9,32,0,0,0,350,0,0,0,0,0,0,0,32,64,0,0,64,0,64,0,64,23,6,0,0,0,0,0,0,0,0,0,0,568,64,3,0,0,0,0,0,323,539,0,0,0,0,0,0,0,0,0,0,0,0,4,0,0,0,0,0,0,1,0,0,0,0,0,0,0,1,0,0,0,1,6,1846
rfc9535,289b915f0320493b909245c308326cca80dd4885,0,160514.0,69124096.0,3,0,0,0,0,0,3,0,0,0,0,0,6,2,0,0,0,0,116,14,11,23,52,11,3,2,1,0,0,0,0,0,3,0,3,3,9,32,0,0,0,350,0,0,0,0,0,0,0,32,64,0,0,64,0,64,0,64,23,6,0,0,0,0,0,0,0,0,0,0,568,64,3,0,0,0,0,0,323,539,0,0,0,0,0,0,0,0,0,0,0,0,4,0,0,0,0,0,0,1,0,0,0,0,0,0,0,1,0,0,0,1,6,1846
p3,289b915f0320493b909245c308326cca80dd4885,0,132588.75,65441792.0,3,0,0,0,0,0,3,0,0,0,0,0,6,2,0,0,0,0,116,14,11,23,52,11,3,2,1,0,0,0,0,0,3,0,3,3,9,32,0,0,0,350,0,0,0,0,0,0,0,32,64,0,0,64,0,64,0,64,23,6,0,0,0,0,0,0,0,0,0,0,568,64,3,0,0,0,0,0,323,539,0,0,0,0,0,0,0,0,0,0,0,0,4,0,0,0,0,0,0,1,0,0,0,0,0,0,0,1,0,0,0,1,6,1846
plus,4a7628a8b3abae654805e3b3b6942db1cc4141fc,0,2786.5,54280192.0,0,0,0,0,0,0,0,0,0,0,0,1,10,8,0,0,0,0,0,0,0,0,0,0,0,0,0,0,0,0,0,0,0,0,0,0,0,0,0,0,0,26,0,0,0,0,0,0,0,0,0,0,0,0,0,0,0,0,0,0,0,0,0,0,0,0,0,0,0,0,0,0,0,0,0,0,0,0,0,0,0,0,0,0,0,0,0,0,0,0,0,0,7,0,0,0,0,0,0,2,1,0,0,0,0,0,0,1,1,1,0,2,16,1
dchester,4a7628a8b3abae654805e3b3b6942db1cc4141fc,0,4552.375,59961344.0,0,0,0,0,0,0,0,0,0,0,0,1,10,8,0,0,0,0,0,0,0,0,0,0,0,0,0,0,0,0,0,0,0,0,0,0,0,0,0,0,0,26,0,0,0,0,0,0,0,0,0,0,0,0,0,0,0,0,0,0,0,0,0,0,0,0,0,0,0,0,0,0,0,0,0,0,0,0,0,0,0,0,0,0,0,0,0,0,0,0,0,0,7,0,0,0,0,0,0,2,1,0,0,0,0,0,0,1,1,1,0,2,16,1
jsonpathly,4a7628a8b3abae654805e3b3b6942db1cc4141fc,0,8733.4,56534630.4,0,0,0,0,0,0,0,0,0,0,0,1,10,8,0,0,0,0,0,0,0,0,0,0,0,0,0,0,0,0,0,0,0,0,0,0,0,0,0,0,0,26,0,0,0,0,0,0,0,0,0,0,0,0,0,0,0,0,0,0,0,0,0,0,0,0,0,0,0,0,0,0,0,0,0,0,0,0,0,0,0,0,0,0,0,0,0,0,0,0,0,0,7,0,0,0,0,0,0,2,1,0,0,0,0,0,0,1,1,1,0,2,16,1
rfc9535,4a7628a8b3abae654805e3b3b6942db1cc4141fc,0,6020.8125,57708544.0,0,0,0,0,0,0,0,0,0,0,0,1,10,8,0,0,0,0,0,0,0,0,0,0,0,0,0,0,0,0,0,0,0,0,0,0,0,0,0,0,0,26,0,0,0,0,0,0,0,0,0,0,0,0,0,0,0,0,0,0,0,0,0,0,0,0,0,0,0,0,0,0,0,0,0,0,0,0,0,0,0,0,0,0,0,0,0,0,0,0,0,0,7,0,0,0,0,0,0,2,1,0,0,0,0,0,0,1,1,1,0,2,16,1
p3,4a7628a8b3abae654805e3b3b6942db1cc4141fc,0,1867.3125,54511616.0,0,0,0,0,0,0,0,0,0,0,0,1,10,8,0,0,0,0,0,0,0,0,0,0,0,0,0,0,0,0,0,0,0,0,0,0,0,0,0,0,0,26,0,0,0,0,0,0,0,0,0,0,0,0,0,0,0,0,0,0,0,0,0,0,0,0,0,0,0,0,0,0,0,0,0,0,0,0,0,0,0,0,0,0,0,0,0,0,0,0,0,0,7,0,0,0,0,0,0,2,1,0,0,0,0,0,0,1,1,1,0,2,16,1
plus,355fcbc5d9225a9442bcd9f8f90eeeba7f9c93d8,0,nan,nan,5,0,0,0,0,0,5,0,0,0,0,0,13,4,0,0,0,0,262,28,9,23,88,9,19,14,5,0,0,0,0,0,5,0,5,5,9,23,0,0,0,233,0,0,0,0,0,0,0,23,46,0,0,46,0,46,0,46,14,4,0,0,0,0,0,0,0,0,0,0,1044,46,5,0,0,0,0,0,801,1561,0,0,0,0,0,0,0,0,0,0,0,0,4,0,0,0,0,0,0,1,0,0,0,0,0,0,0,1,0,0,0,1,7,2967
dchester,355fcbc5d9225a9442bcd9f8f90eeeba7f9c93d8,0,nan,nan,5,0,0,0,0,0,5,0,0,0,0,0,13,4,0,0,0,0,262,28,9,23,88,9,19,14,5,0,0,0,0,0,5,0,5,5,9,23,0,0,0,233,0,0,0,0,0,0,0,23,46,0,0,46,0,46,0,46,14,4,0,0,0,0,0,0,0,0,0,0,1044,46,5,0,0,0,0,0,801,1561,0,0,0,0,0,0,0,0,0,0,0,0,4,0,0,0,0,0,0,1,0,0,0,0,0,0,0,1,0,0,0,1,7,2967
jsonpathly,355fcbc5d9225a9442bcd9f8f90eeeba7f9c93d8,0,188549.4375,65859584.0,5,0,0,0,0,0,5,0,0,0,0,0,13,4,0,0,0,0,262,28,9,23,88,9,19,14,5,0,0,0,0,0,5,0,5,5,9,23,0,0,0,233,0,0,0,0,0,0,0,23,46,0,0,46,0,46,0,46,14,4,0,0,0,0,0,0,0,0,0,0,1044,46,5,0,0,0,0,0,801,1561,0,0,0,0,0,0,0,0,0,0,0,0,4,0,0,0,0,0,0,1,0,0,0,0,0,0,0,1,0,0,0,1,7,2967
rfc9535,355fcbc5d9225a9442bcd9f8f90eeeba7f9c93d8,0,238979.33333333334,68987562.66666667,5,0,0,0,0,0,5,0,0,0,0,0,13,4,0,0,0,0,262,28,9,23,88,9,19,14,5,0,0,0,0,0,5,0,5,5,9,23,0,0,0,233,0,0,0,0,0,0,0,23,46,0,0,46,0,46,0,46,14,4,0,0,0,0,0,0,0,0,0,0,1044,46,5,0,0,0,0,0,801,1561,0,0,0,0,0,0,0,0,0,0,0,0,4,0,0,0,0,0,0,1,0,0,0,0,0,0,0,1,0,0,0,1,7,2967
p3,355fcbc5d9225a9442bcd9f8f90eeeba7f9c93d8,0,226499.875,65458176.0,5,0,0,0,0,0,5,0,0,0,0,0,13,4,0,0,0,0,262,28,9,23,88,9,19,14,5,0,0,0,0,0,5,0,5,5,9,23,0,0,0,233,0,0,0,0,0,0,0,23,46,0,0,46,0,46,0,46,14,4,0,0,0,0,0,0,0,0,0,0,1044,46,5,0,0,0,0,0,801,1561,0,0,0,0,0,0,0,0,0,0,0,0,4,0,0,0,0,0,0,1,0,0,0,0,0,0,0,1,0,0,0,1,7,2967
plus,2afeababf39ad505ff77200899900a49a6b151fb,0,nan,nan,3,0,0,0,0,0,3,0,0,0,0,0,5,1,0,0,0,0,240,35,19,46,116,19,16,8,8,0,0,0,0,0,3,0,3,3,3,19,0,0,0,221,0,0,0,0,0,0,0,19,38,0,0,38,0,38,0,38,16,0,0,0,0,0,0,0,0,0,0,0,823,38,3,0,0,0,0,0,725,1322,0,0,0,0,0,0,0,0,0,0,0,0,4,0,0,0,0,0,0,1,0,0,0,0,0,0,0,1,0,0,0,1,6,2641
dchester,2afeababf39ad505ff77200899900a49a6b151fb,0,nan,nan,3,0,0,0,0,0,3,0,0,0,0,0,5,1,0,0,0,0,240,35,19,46,116,19,16,8,8,0,0,0,0,0,3,0,3,3,3,19,0,0,0,221,0,0,0,0,0,0,0,19,38,0,0,38,0,38,0,38,16,0,0,0,0,0,0,0,0,0,0,0,823,38,3,0,0,0,0,0,725,1322,0,0,0,0,0,0,0,0,0,0,0,0,4,0,0,0,0,0,0,1,0,0,0,0,0,0,0,1,0,0,0,1,6,2641
jsonpathly,2afeababf39ad505ff77200899900a49a6b151fb,0,168425.64285714287,64234642.28571428,3,0,0,0,0,0,3,0,0,0,0,0,5,1,0,0,0,0,240,35,19,46,116,19,16,8,8,0,0,0,0,0,3,0,3,3,3,19,0,0,0,221,0,0,0,0,0,0,0,19,38,0,0,38,0,38,0,38,16,0,0,0,0,0,0,0,0,0,0,0,823,38,3,0,0,0,0,0,725,1322,0,0,0,0,0,0,0,0,0,0,0,0,4,0,0,0,0,0,0,1,0,0,0,0,0,0,0,1,0,0,0,1,6,2641
rfc9535,2afeababf39ad505ff77200899900a49a6b151fb,0,226760.625,69804032.0,3,0,0,0,0,0,3,0,0,0,0,0,5,1,0,0,0,0,240,35,19,46,116,19,16,8,8,0,0,0,0,0,3,0,3,3,3,19,0,0,0,221,0,0,0,0,0,0,0,19,38,0,0,38,0,38,0,38,16,0,0,0,0,0,0,0,0,0,0,0,823,38,3,0,0,0,0,0,725,1322,0,0,0,0,0,0,0,0,0,0,0,0,4,0,0,0,0,0,0,1,0,0,0,0,0,0,0,1,0,0,0,1,6,2641
p3,2afeababf39ad505ff77200899900a49a6b151fb,0,207104.33333333334,65273856.0,3,0,0,0,0,0,3,0,0,0,0,0,5,1,0,0,0,0,240,35,19,46,116,19,16,8,8,0,0,0,0,0,3,0,3,3,3,19,0,0,0,221,0,0,0,0,0,0,0,19,38,0,0,38,0,38,0,38,16,0,0,0,0,0,0,0,0,0,0,0,823,38,3,0,0,0,0,0,725,1322,0,0,0,0,0,0,0,0,0,0,0,0,4,0,0,0,0,0,0,1,0,0,0,0,0,0,0,1,0,0,0,1,6,2641
plus,9f5e425c5cdd66fe85b89ba2b4d19ea06e5df8ac,0,nan,nan,1,0,0,0,0,0,1,0,0,0,0,0,42,19,0,0,0,0,1088,133,76,180,447,76,57,29,28,0,0,0,0,0,1,0,1,1,6,27,0,0,0,272,0,0,0,0,0,0,0,27,54,0,0,54,0,54,0,54,21,5,0,0,0,0,0,0,0,0,0,0,3424,54,1,0,0,0,0,0,3215,6326,0,0,0,0,0,0,0,0,0,0,0,0,4,0,0,0,0,0,0,1,0,0,0,0,0,0,0,1,0,0,0,1,6,10269
dchester,9f5e425c5cdd66fe85b89ba2b4d19ea06e5df8ac,0,nan,nan,1,0,0,0,0,0,1,0,0,0,0,0,42,19,0,0,0,0,1088,133,76,180,447,76,57,29,28,0,0,0,0,0,1,0,1,1,6,27,0,0,0,272,0,0,0,0,0,0,0,27,54,0,0,54,0,54,0,54,21,5,0,0,0,0,0,0,0,0,0,0,3424,54,1,0,0,0,0,0,3215,6326,0,0,0,0,0,0,0,0,0,0,0,0,4,0,0,0,0,0,0,1,0,0,0,0,0,0,0,1,0,0,0,1,6,10269
jsonpathly,9f5e425c5cdd66fe85b89ba2b4d19ea06e5df8ac,0,537416.6666666666,70374741.33333333,1,0,0,0,0,0,1,0,0,0,0,0,42,19,0,0,0,0,1088,133,76,180,447,76,57,29,28,0,0,0,0,0,1,0,1,1,6,27,0,0,0,272,0,0,0,0,0,0,0,27,54,0,0,54,0,54,0,54,21,5,0,0,0,0,0,0,0,0,0,0,3424,54,1,0,0,0,0,0,3215,6326,0,0,0,0,0,0,0,0,0,0,0,0,4,0,0,0,0,0,0,1,0,0,0,0,0,0,0,1,0,0,0,1,6,10269
rfc9535,9f5e425c5cdd66fe85b89ba2b4d19ea06e5df8ac,0,684458.3333333334,69320704.0,1,0,0,0,0,0,1,0,0,0,0,0,42,19,0,0,0,0,1088,133,76,180,447,76,57,29,28,0,0,0,0,0,1,0,1,1,6,27,0,0,0,272,0,0,0,0,0,0,0,27,54,0,0,54,0,54,0,54,21,5,0,0,0,0,0,0,0,0,0,0,3424,54,1,0,0,0,0,0,3215,6326,0,0,0,0,0,0,0,0,0,0,0,0,4,0,0,0,0,0,0,1,0,0,0,0,0,0,0,1,0,0,0,1,6,10269
p3,9f5e425c5cdd66fe85b89ba2b4d19ea06e5df8ac,0,674208.6666666666,67988138.66666667,1,0,0,0,0,0,1,0,0,0,0,0,42,19,0,0,0,0,1088,133,76,180,447,76,57,29,28,0,0,0,0,0,1,0,1,1,6,27,0,0,0,272,0,0,0,0,0,0,0,27,54,0,0,54,0,54,0,54,21,5,0,0,0,0,0,0,0,0,0,0,3424,54,1,0,0,0,0,0,3215,6326,0,0,0,0,0,0,0,0,0,0,0,0,4,0,0,0,0,0,0,1,0,0,0,0,0,0,0,1,0,0,0,1,6,10269
plus,3392dc3807bff76b5d6e4026054c413be89a339d,0,2743.1666666666665,54247424.0,0,0,0,6,6,0,0,0,0,0,0,1,9,5,0,0,0,0,0,0,0,0,0,0,0,0,0,0,0,0,0,0,0,0,0,0,0,0,0,0,0,18,0,0,0,0,0,0,0,0,0,0,0,0,0,0,0,0,0,0,0,0,0,0,0,0,0,1,0,0,0,0,0,0,0,1,0,0,0,0,0,0,0,0,0,0,0,0,0,0,0,0,6,1,1,0,0,0,0,1,1,1,0,0,0,0,0,0,0,0,0,1,24,1
dchester,3392dc3807bff76b5d6e4026054c413be89a339d,0,4619.875,59928576.0,0,0,0,6,6,0,0,0,0,0,0,1,9,5,0,0,0,0,0,0,0,0,0,0,0,0,0,0,0,0,0,0,0,0,0,0,0,0,0,0,0,18,0,0,0,0,0,0,0,0,0,0,0,0,0,0,0,0,0,0,0,0,0,0,0,0,0,1,0,0,0,0,0,0,0,1,0,0,0,0,0,0,0,0,0,0,0,0,0,0,0,0,6,1,1,0,0,0,0,1,1,1,0,0,0,0,0,0,0,0,0,1,24,1
jsonpathly,3392dc3807bff76b5d6e4026054c413be89a339d,0,8715.333333333334,56410112.0,0,0,0,6,6,0,0,0,0,0,0,1,9,5,0,0,0,0,0,0,0,0,0,0,0,0,0,0,0,0,0,0,0,0,0,0,0,0,0,0,0,18,0,0,0,0,0,0,0,0,0,0,0,0,0,0,0,0,0,0,0,0,0,0,0,0,0,1,0,0,0,0,0,0,0,1,0,0,0,0,0,0,0,0,0,0,0,0,0,0,0,0,6,1,1,0,0,0,0,1,1,1,0,0,0,0,0,0,0,0,0,1,24,1
rfc9535,3392dc3807bff76b5d6e4026054c413be89a339d,0,5888.916666666667,57688064.0,0,0,0,6,6,0,0,0,0,0,0,1,9,5,0,0,0,0,0,0,0,0,0,0,0,0,0,0,0,0,0,0,0,0,0,0,0,0,0,0,0,18,0,0,0,0,0,0,0,0,0,0,0,0,0,0,0,0,0,0,0,0,0,0,0,0,0,1,0,0,0,0,0,0,0,1,0,0,0,0,0,0,0,0,0,0,0,0,0,0,0,0,6,1,1,0,0,0,0,1,1,1,0,0,0,0,0,0,0,0,0,1,24,1
p3,3392dc3807bff76b5d6e4026054c413be89a339d,0,1925.0,54444032.0,0,0,0,6,6,0,0,0,0,0,0,1,9,5,0,0,0,0,0,0,0,0,0,0,0,0,0,0,0,0,0,0,0,0,0,0,0,0,0,0,0,18,0,0,0,0,0,0,0,0,0,0,0,0,0,0,0,0,0,0,0,0,0,0,0,0,0,1,0,0,0,0,0,0,0,1,0,0,0,0,0,0,0,0,0,0,0,0,0,0,0,0,6,1,1,0,0,0,0,1,1,1,0,0,0,0,0,0,0,0,0,1,24,1
plus,ced9183efd99e401806eb7ad8a88a0d56effa560,0,nan,nan,2,0,0,0,0,0,2,0,0,0,0,0,34,17,0,0,0,0,1084,129,59,146,418,59,70,42,28,0,0,0,0,0,2,0,2,2,8,25,0,0,0,293,0,0,0,0,0,0,0,25,50,0,0,50,0,50,0,50,17,6,0,0,0,0,0,0,0,0,0,0,3474,50,2,0,0,0,0,0,3315,6532,0,0,0,0,0,0,0,0,0,0,0,0,4,0,0,0,0,0,0,1,0,0,0,0,0,0,0,1,0,0,0,1,7,10326
dchester,ced9183efd99e401806eb7ad8a88a0d56effa560,0,nan,nan,2,0,0,0,0,0,2,0,0,0,0,0,34,17,0,0,0,0,1084,129,59,146,418,59,70,42,28,0,0,0,0,0,2,0,2,2,8,25,0,0,0,293,0,0,0,0,0,0,0,25,50,0,0,50,0,50,0,50,17,6,0,0,0,0,0,0,0,0,0,0,3474,50,2,0,0,0,0,0,3315,6532,0,0,0,0,0,0,0,0,0,0,0,0,4,0,0,0,0,0,0,1,0,0,0,0,0,0,0,1,0,0,0,1,7,10326
jsonpathly,ced9183efd99e401806eb7ad8a88a0d56effa560,0,541154.7142857143,70315446.85714285,2,0,0,0,0,0,2,0,0,0,0,0,34,17,0,0,0,0,1084,129,59,146,418,59,70,42,28,0,0,0,0,0,2,0,2,2,8,25,0,0,0,293,0,0,0,0,0,0,0,25,50,0,0,50,0,50,0,50,17,6,0,0,0,0,0,0,0,0,0,0,3474,50,2,0,0,0,0,0,3315,6532,0,0,0,0,0,0,0,0,0,0,0,0,4,0,0,0,0,0,0,1,0,0,0,0,0,0,0,1,0,0,0,1,7,10326
rfc9535,ced9183efd99e401806eb7ad8a88a0d56effa560,0,718235.8333333334,69244245.33333333,2,0,0,0,0,0,2,0,0,0,0,0,34,17,0,0,0,0,1084,129,59,146,418,59,70,42,28,0,0,0,0,0,2,0,2,2,8,25,0,0,0,293,0,0,0,0,0,0,0,25,50,0,0,50,0,50,0,50,17,6,0,0,0,0,0,0,0,0,0,0,3474,50,2,0,0,0,0,0,3315,6532,0,0,0,0,0,0,0,0,0,0,0,0,4,0,0,0,0,0,0,1,0,0,0,0,0,0,0,1,0,0,0,1,7,10326
p3,ced9183efd99e401806eb7ad8a88a0d56effa560,0,705307.125,67997696.0,2,0,0,0,0,0,2,0,0,0,0,0,34,17,0,0,0,0,1084,129,59,146,418,59,70,42,28,0,0,0,0,0,2,0,2,2,8,25,0,0,0,293,0,0,0,0,0,0,0,25,50,0,0,50,0,50,0,50,17,6,0,0,0,0,0,0,0,0,0,0,3474,50,2,0,0,0,0,0,3315,6532,0,0,0,0,0,0,0,0,0,0,0,0,4,0,0,0,0,0,0,1,0,0,0,0,0,0,0,1,0,0,0,1,7,10326
plus,02dc33a215cc49d11417a05f58882380ca95fc19,0,4006.8333333333335,54274730.666666664,6,2,2,8,10,3,1,4,5,3,3,4,29,15,2,1,0,0,0,0,0,0,0,0,0,0,0,0,1,0,0,0,0,0,0,0,0,0,0,0,0,18,0,0,0,0,0,0,0,0,0,0,0,0,0,0,0,0,0,0,0,0,0,0,0,0,0,1,0,0,0,0,4,0,0,1,0,0,0,0,0,0,0,0,0,0,0,0,0,0,0,0,6,0,0,0,0,0,0,2,2,1,0,0,0,0,0,1,0,1,0,1,22,46
dchester,02dc33a215cc49d11417a05f58882380ca95fc19,0,47580.75,64591872.0,6,2,2,8,10,3,1,4,5,3,3,4,29,15,2,1,0,0,0,0,0,0,0,0,0,0,0,0,1,0,0,0,0,0,0,0,0,0,0,0,0,18,0,0,0,0,0,0,0,0,0,0,0,0,0,0,0,0,0,0,0,0,0,0,0,0,0,1,0,0,0,0,4,0,0,1,0,0,0,0,0,0,0,0,0,0,0,0,0,0,0,0,6,0,0,0,0,0,0,2,2,1,0,0,0,0,0,1,0,1,0,1,22,46
jsonpathly,02dc33a215cc49d11417a05f58882380ca95fc19,0,20346.4375,57442304.0,6,2,2,8,10,3,1,4,5,3,3,4,29,15,2,1,0,0,0,0,0,0,0,0,0,0,0,0,1,0,0,0,0,0,0,0,0,0,0,0,0,18,0,0,0,0,0,0,0,0,0,0,0,0,0,0,0,0,0,0,0,0,0,0,0,0,0,1,0,0,0,0,4,0,0,1,0,0,0,0,0,0,0,0,0,0,0,0,0,0,0,0,6,0,0,0,0,0,0,2,2,1,0,0,0,0,0,1,0,1,0,1,22,46
rfc9535,02dc33a215cc49d11417a05f58882380ca95fc19,0,16121.416666666666,58010282.666666664,6,2,2,8,10,3,1,4,5,3,3,4,29,15,2,1,0,0,0,0,0,0,0,0,0,0,0,0,1,0,0,0,0,0,0,0,0,0,0,0,0,18,0,0,0,0,0,0,0,0,0,0,0,0,0,0,0,0,0,0,0,0,0,0,0,0,0,1,0,0,0,0,4,0,0,1,0,0,0,0,0,0,0,0,0,0,0,0,0,0,0,0,6,0,0,0,0,0,0,2,2,1,0,0,0,0,0,1,0,1,0,1,22,46
p3,02dc33a215cc49d11417a05f58882380ca95fc19,0,15127.4375,55752704.0,6,2,2,8,10,3,1,4,5,3,3,4,29,15,2,1,0,0,0,0,0,0,0,0,0,0,0,0,1,0,0,0,0,0,0,0,0,0,0,0,0,18,0,0,0,0,0,0,0,0,0,0,0,0,0,0,0,0,0,0,0,0,0,0,0,0,0,1,0,0,0,0,4,0,0,1,0,0,0,0,0,0,0,0,0,0,0,0,0,0,0,0,6,0,0,0,0,0,0,2,2,1,0,0,0,0,0,1,0,1,0,1,22,46
plus,4bdba7745dece93f08a7942210ef8b42c6472a29,0,6337.5,54594764.8,10,3,5,41,46,3,2,2,3,2,2,1,0,1,2,2,0,0,0,2,0,2,4,0,2,0,2,0,0,0,0,0,1,0,0,0,0,0,0,0,0,36,0,0,0,0,0,0,0,0,0,0,0,0,0,0,0,0,0,0,0,0,0,0,0,0,0,0,0,0,0,0,7,0,0,0,0,0,0,0,0,0,0,0,0,0,0,0,0,0,0,0,11,1,2,2,7,7,13,2,0,0,0,0,0,0,0,0,1,0,1,2,49,55
dchester,4bdba7745dece93f08a7942210ef8b42c6472a29,0,49776.0625,64692224.0,10,3,5,41,46,3,2,2,3,2,2,1,0,1,2,2,0,0,0,2,0,2,4,0,2,0,2,0,0,0,0,0,1,0,0,0,0,0,0,0,0,36,0,0,0,0,0,0,0,0,0,0,0,0,0,0,0,0,0,0,0,0,0,0,0,0,0,0,0,0,0,0,7,0,0,0,0,0,0,0,0,0,0,0,0,0,0,0,0,0,0,0,11,1,2,2,7,7,13,2,0,0,0,0,0,0,0,0,1,0,1,2,49,55
jsonpathly,4bdba7745dece93f08a7942210ef8b42c6472a29,0,23916.6,57786368.0,10,3,5,41,46,3,2,2,3,2,2,1,0,1,2,2,0,0,0,2,0,2,4,0,2,0,2,0,0,0,0,0,1,0,0,0,0,0,0,0,0,36,0,0,0,0,0,0,0,0,0,0,0,0,0,0,0,0,0,0,0,0,0,0,0,0,0,0,0,0,0,0,7,0,0,0,0,0,0,0,0,0,0,0,0,0,0,0,0,0,0,0,11,1,2,2,7,7,13,2,0,0,0,0,0,0,0,0,1,0,1,2,49,55
rfc9535,4bdba7745dece93f08a7942210ef8b42c6472a29,0,18820.3125,58333184.0,10,3,5,41,46,3,2,2,3,2,2,1,0,1,2,2,0,0,0,2,0,2,4,0,2,0,2,0,0,0,0,0,1,0,0,0,0,0,0,0,0,36,0,0,0,0,0,0,0,0,0,0,0,0,0,0,0,0,0,0,0,0,0,0,0,0,0,0,0,0,0,0,7,0,0,0,0,0,0,0,0,0,0,0,0,0,0,0,0,0,0,0,11,1,2,2,7,7,13,2,0,0,0,0,0,0,0,0,1,0,1,2,49,55
p3,4bdba7745dece93f08a7942210ef8b42c6472a29,0,21690.285714285714,56269677.71428572,10,3,5,41,46,3,2,2,3,2,2,1,0,1,2,2,0,0,0,2,0,2,4,0,2,0,2,0,0,0,0,0,1,0,0,0,0,0,0,0,0,36,0,0,0,0,0,0,0,0,0,0,0,0,0,0,0,0,0,0,0,0,0,0,0,0,0,0,0,0,0,0,7,0,0,0,0,0,0,0,0,0,0,0,0,0,0,0,0,0,0,0,11,1,2,2,7,7,13,2,0,0,0,0,0,0,0,0,1,0,1,2,49,55
plus,bc3c203fa52a2e4066e3474b3bb7c9eb0c183b66,0,8499.666666666666,54744405.333333336,4,1,1,86,87,1,2,13,15,9,9,4,17,16,6,2,1,2,0,1,0,1,2,0,1,0,1,7,4,0,0,0,0,0,0,0,0,0,0,0,0,78,0,0,0,0,0,0,0,0,0,0,0,0,0,0,0,0,0,0,0,0,0,0,0,0,0,1,0,0,5,0,3,0,0,2,0,0,0,0,0,0,0,0,0,0,0,0,0,0,0,0,26,1,6,1,3,4,5,6,2,2,1,1,1,0,0,0,0,0,5,1,107,103
dchester,bc3c203fa52a2e4066e3474b3bb7c9eb0c183b66,0,47233.5,64769228.8,4,1,1,86,87,1,2,13,15,9,9,4,17,16,6,2,1,2,0,1,0,1,2,0,1,0,1,7,4,0,0,0,0,0,0,0,0,0,0,0,0,78,0,0,0,0,0,0,0,0,0,0,0,0,0,0,0,0,0,0,0,0,0,0,0,0,0,1,0,0,5,0,3,0,0,2,0,0,0,0,0,0,0,0,0,0,0,0,0,0,0,0,26,1,6,1,3,4,5,6,2,2,1,1,1,0,0,0,0,0,5,1,107,103
jsonpathly,bc3c203fa52a2e4066e3474b3bb7c9eb0c183b66,0,33585.9375,57915392.0,4,1,1,86,87,1,2,13,15,9,9,4,17,16,6,2,1,2,0,1,0,1,2,0,1,0,1,7,4,0,0,0,0,0,0,0,0,0,0,0,0,78,0,0,0,0,0,0,0,0,0,0,0,0,0,0,0,0,0,0,0,0,0,0,0,0,0,1,0,0,5,0,3,0,0,2,0,0,0,0,0,0,0,0,0,0,0,0,0,0,0,0,26,1,6,1,3,4,5,6,2,2,1,1,1,0,0,0,0,0,5,1,107,103
rfc9535,bc3c203fa52a2e4066e3474b3bb7c9eb0c183b66,0,26183.5,58926694.4,4,1,1,86,87,1,2,13,15,9,9,4,17,16,6,2,1,2,0,1,0,1,2,0,1,0,1,7,4,0,0,0,0,0,0,0,0,0,0,0,0,78,0,0,0,0,0,0,0,0,0,0,0,0,0,0,0,0,0,0,0,0,0,0,0,0,0,1,0,0,5,0,3,0,0,2,0,0,0,0,0,0,0,0,0,0,0,0,0,0,0,0,26,1,6,1,3,4,5,6,2,2,1,1,1,0,0,0,0,0,5,1,107,103
p3,bc3c203fa52a2e4066e3474b3bb7c9eb0c183b66,0,27410.64285714286,58399597.71428572,4,1,1,86,87,1,2,13,15,9,9,4,17,16,6,2,1,2,0,1,0,1,2,0,1,0,1,7,4,0,0,0,0,0,0,0,0,0,0,0,0,78,0,0,0,0,0,0,0,0,0,0,0,0,0,0,0,0,0,0,0,0,0,0,0,0,0,1,0,0,5,0,3,0,0,2,0,0,0,0,0,0,0,0,0,0,0,0,0,0,0,0,26,1,6,1,3,4,5,6,2,2,1,1,1,0,0,0,0,0,5,1,107,103
plus,714ca1c07c70eb14bc389c0be206929391ce8dfa,0,6110.833333333333,54525952.0,7,5,2,9,11,3,3,0,0,2,4,2,17,8,2,1,0,0,0,2,1,3,6,1,1,0,1,0,1,0,0,0,3,1,1,1,1,1,0,0,0,32,0,0,0,0,0,0,0,1,2,0,2,0,0,0,0,0,0,0,0,0,0,0,1,4,1,0,0,0,12,0,2,2,2,0,0,0,0,0,0,0,0,0,0,0,0,0,0,0,0,0,8,0,0,0,0,5,0,3,0,0,3,3,5,5,0,1,0,2,0,1,34,83
dchester,714ca1c07c70eb14bc389c0be206929391ce8dfa,0,nan,nan,7,5,2,9,11,3,3,0,0,2,4,2,17,8,2,1,0,0,0,2,1,3,6,1,1,0,1,0,1,0,0,0,3,1,1,1,1,1,0,0,0,32,0,0,0,0,0,0,0,1,2,0,2,0,0,0,0,0,0,0,0,0,0,0,1,4,1,0,0,0,12,0,2,2,2,0,0,0,0,0,0,0,0,0,0,0,0,0,0,0,0,0,8,0,0,0,0,5,0,3,0,0,3,3,5,5,0,1,0,2,0,1,34,83
jsonpathly,714ca1c07c70eb14bc389c0be206929391ce8dfa,0,34658.9375,57903104.0,7,5,2,9,11,3,3,0,0,2,4,2,17,8,2,1,0,0,0,2,1,3,6,1,1,0,1,0,1,0,0,0,3,1,1,1,1,1,0,0,0,32,0,0,0,0,0,0,0,1,2,0,2,0,0,0,0,0,0,0,0,0,0,0,1,4,1,0,0,0,12,0,2,2,2,0,0,0,0,0,0,0,0,0,0,0,0,0,0,0,0,0,8,0,0,0,0,5,0,3,0,0,3,3,5,5,0,1,0,2,0,1,34,83
rfc9535,714ca1c07c70eb14bc389c0be206929391ce8dfa,0,22391.8,58284441.6,7,5,2,9,11,3,3,0,0,2,4,2,17,8,2,1,0,0,0,2,1,3,6,1,1,0,1,0,1,0,0,0,3,1,1,1,1,1,0,0,0,32,0,0,0,0,0,0,0,1,2,0,2,0,0,0,0,0,0,0,0,0,0,0,1,4,1,0,0,0,12,0,2,2,2,0,0,0,0,0,0,0,0,0,0,0,0,0,0,0,0,0,8,0,0,0,0,5,0,3,0,0,3,3,5,5,0,1,0,2,0,1,34,83
p3,714ca1c07c70eb14bc389c0be206929391ce8dfa,0,23864.583333333332,57057280.0,7,5,2,9,11,3,3,0,0,2,4,2,17,8,2,1,0,0,0,2,1,3,6,1,1,0,1,0,1,0,0,0,3,1,1,1,1,1,0,0,0,32,0,0,0,0,0,0,0,1,2,0,2,0,0,0,0,0,0,0,0,0,0,0,1,4,1,0,0,0,12,0,2,2,2,0,0,0,0,0,0,0,0,0,0,0,0,0,0,0,0,0,8,0,0,0,0,5,0,3,0,0,3,3,5,5,0,1,0,2,0,1,34,83
plus,a820164438e8b22f2f22b7486f1515fc0921b6d5,0,2745.9,54155673.6,0,0,0,0,0,0,0,0,0,0,0,0,0,0,0,0,0,0,0,2,2,4,8,2,0,0,0,0,0,0,0,0,0,0,0,0,0,0,0,0,0,35,0,0,0,0,0,0,0,0,0,0,0,0,0,0,0,0,0,0,0,0,0,0,0,0,0,0,0,0,29,0,0,0,0,0,0,0,0,0,0,0,0,0,0,0,0,0,0,0,0,0,10,0,0,0,0,8,0,4,0,0,4,4,8,9,0,1,0,3,0,1,62,1
dchester,a820164438e8b22f2f22b7486f1515fc0921b6d5,0,4847.166666666667,59921749.333333336,0,0,0,0,0,0,0,0,0,0,0,0,0,0,0,0,0,0,0,2,2,4,8,2,0,0,0,0,0,0,0,0,0,0,0,0,0,0,0,0,0,35,0,0,0,0,0,0,0,0,0,0,0,0,0,0,0,0,0,0,0,0,0,0,0,0,0,0,0,0,29,0,0,0,0,0,0,0,0,0,0,0,0,0,0,0,0,0,0,0,0,0,10,0,0,0,0,8,0,4,0,0,4,4,8,9,0,1,0,3,0,1,62,1
jsonpathly,a820164438e8b22f2f22b7486f1515fc0921b6d5,0,8711.833333333334,56522069.333333336,0,0,0,0,0,0,0,0,0,0,0,0,0,0,0,0,0,0,0,2,2,4,8,2,0,0,0,0,0,0,0,0,0,0,0,0,0,0,0,0,0,35,0,0,0,0,0,0,0,0,0,0,0,0,0,0,0,0,0,0,0,0,0,0,0,0,0,0,0,0,29,0,0,0,0,0,0,0,0,0,0,0,0,0,0,0,0,0,0,0,0,0,10,0,0,0,0,8,0,4,0,0,4,4,8,9,0,1,0,3,0,1,62,1
rfc9535,a820164438e8b22f2f22b7486f1515fc0921b6d5,0,6234.5,57735168.0,0,0,0,0,0,0,0,0,0,0,0,0,0,0,0,0,0,0,0,2,2,4,8,2,0,0,0,0,0,0,0,0,0,0,0,0,0,0,0,0,0,35,0,0,0,0,0,0,0,0,0,0,0,0,0,0,0,0,0,0,0,0,0,0,0,0,0,0,0,0,29,0,0,0,0,0,0,0,0,0,0,0,0,0,0,0,0,0,0,0,0,0,10,0,0,0,0,8,0,4,0,0,4,4,8,9,0,1,0,3,0,1,62,1
p3,a820164438e8b22f2f22b7486f1515fc0921b6d5,0,1930.6666666666667,54490453.333333336,0,0,0,0,0,0,0,0,0,0,0,0,0,0,0,0,0,0,0,2,2,4,8,2,0,0,0,0,0,0,0,0,0,0,0,0,0,0,0,0,0,35,0,0,0,0,0,0,0,0,0,0,0,0,0,0,0,0,0,0,0,0,0,0,0,0,0,0,0,0,29,0,0,0,0,0,0,0,0,0,0,0,0,0,0,0,0,0,0,0,0,0,10,0,0,0,0,8,0,4,0,0,4,4,8,9,0,1,0,3,0,1,62,1
plus,df39c3743a731359e9941bc08d26086387e4fdb3,0,6454.4,54598041.6,7,3,2,21,23,3,2,6,8,4,4,1,0,1,4,2,1,2,2,1,0,1,2,0,1,0,1,1,2,1,5,9,0,0,0,0,0,0,0,0,0,24,0,0,0,0,0,0,0,0,0,0,0,0,0,0,0,0,0,0,0,0,0,0,0,0,0,0,0,0,18,0,4,0,0,0,0,0,0,0,0,0,0,0,0,0,0,0,0,0,0,0,8,0,0,0,0,7,0,3,0,0,3,3,7,7,0,1,0,2,0,1,42,68
dchester,df39c3743a731359e9941bc08d26086387e4fdb3,0,44450.4375,64595968.0,7,3,2,21,23,3,2,6,8,4,4,1,0,1,4,2,1,2,2,1,0,1,2,0,1,0,1,1,2,1,5,9,0,0,0,0,0,0,0,0,0,24,0,0,0,0,0,0,0,0,0,0,0,0,0,0,0,0,0,0,0,0,0,0,0,0,0,0,0,0,18,0,4,0,0,0,0,0,0,0,0,0,0,0,0,0,0,0,0,0,0,0,8,0,0,0,0,7,0,3,0,0,3,3,7,7,0,1,0,2,0,1,42,68
jsonpathly,df39c3743a731359e9941bc08d26086387e4fdb3,0,24720.7,57593036.8,7,3,2,21,23,3,2,6,8,4,4,1,0,1,4,2,1,2,2,1,0,1,2,0,1,0,1,1,2,1,5,9,0,0,0,0,0,0,0,0,0,24,0,0,0,0,0,0,0,0,0,0,0,0,0,0,0,0,0,0,0,0,0,0,0,0,0,0,0,0,18,0,4,0,0,0,0,0,0,0,0,0,0,0,0,0,0,0,0,0,0,0,8,0,0,0,0,7,0,3,0,0,3,3,7,7,0,1,0,2,0,1,42,68
rfc9535,df39c3743a731359e9941bc08d26086387e4fdb3,0,19833.416666666668,58324309.333333336,7,3,2,21,23,3,2,6,8,4,4,1,0,1,4,2,1,2,2,1,0,1,2,0,1,0,1,1,2,1,5,9,0,0,0,0,0,0,0,0,0,24,0,0,0,0,0,0,0,0,0,0,0,0,0,0,0,0,0,0,0,0,0,0,0,0,0,0,0,0,18,0,4,0,0,0,0,0,0,0,0,0,0,0,0,0,0,0,0,0,0,0,8,0,0,0,0,7,0,3,0,0,3,3,7,7,0,1,0,2,0,1,42,68
p3,df39c3743a731359e9941bc08d26086387e4fdb3,0,22920.7,57173606.4,7,3,2,21,23,3,2,6,8,4,4,1,0,1,4,2,1,2,2,1,0,1,2,0,1,0,1,1,2,1,5,9,0,0,0,0,0,0,0,0,0,24,0,0,0,0,0,0,0,0,0,0,0,0,0,0,0,0,0,0,0,0,0,0,0,0,0,0,0,0,18,0,4,0,0,0,0,0,0,0,0,0,0,0,0,0,0,0,0,0,0,0,8,0,0,0,0,7,0,3,0,0,3,3,7,7,0,1,0,2,0,1,42,68
plus,3d87391d0bc622dc2e54f7e6762861525d542fc8,0,2736.0,54274730.666666664,0,0,0,0,0,0,0,0,0,0,0,0,1,0,0,0,0,0,0,7,3,9,21,3,4,1,3,0,0,0,0,0,0,0,0,0,0,0,0,0,0,58,0,0,0,0,0,0,0,0,0,0,0,0,0,0,0,0,0,0,0,0,0,0,0,0,0,0,0,0,73,0,0,0,0,0,0,0,0,0,0,0,0,0,0,0,0,0,0,0,0,0,20,0,0,0,0,44,0,9,0,0,9,9,44,76,0,1,0,8,0,1,194,1
dchester,3d87391d0bc622dc2e54f7e6762861525d542fc8,0,4847.0,59834368.0,0,0,0,0,0,0,0,0,0,0,0,0,1,0,0,0,0,0,0,7,3,9,21,3,4,1,3,0,0,0,0,0,0,0,0,0,0,0,0,0,0,58,0,0,0,0,0,0,0,0,0,0,0,0,0,0,0,0,0,0,0,0,0,0,0,0,0,0,0,0,73,0,0,0,0,0,0,0,0,0,0,0,0,0,0,0,0,0,0,0,0,0,20,0,0,0,0,44,0,9,0,0,9,9,44,76,0,1,0,8,0,1,194,1
jsonpathly,3d87391d0bc622dc2e54f7e6762861525d542fc8,0,8653.0,56557568.0,0,0,0,0,0,0,0,0,0,0,0,0,1,0,0,0,0,0,0,7,3,9,21,3,4,1,3,0,0,0,0,0,0,0,0,0,0,0,0,0,0,58,0,0,0,0,0,0,0,0,0,0,0,0,0,0,0,0,0,0,0,0,0,0,0,0,0,0,0,0,73,0,0,0,0,0,0,0,0,0,0,0,0,0,0,0,0,0,0,0,0,0,20,0,0,0,0,44,0,9,0,0,9,9,44,76,0,1,0,8,0,1,194,1
rfc9535,3d87391d0bc622dc2e54f7e6762861525d542fc8,0,5729.1,57842073.6,0,0,0,0,0,0,0,0,0,0,0,0,1,0,0,0,0,0,0,7,3,9,21,3,4,1,3,0,0,0,0,0,0,0,0,0,0,0,0,0,0,58,0,0,0,0,0,0,0,0,0,0,0,0,0,0,0,0,0,0,0,0,0,0,0,0,0,0,0,0,73,0,0,0,0,0,0,0,0,0,0,0,0,0,0,0,0,0,0,0,0,0,20,0,0,0,0,44,0,9,0,0,9,9,44,76,0,1,0,8,0,1,194,1
p3,3d87391d0bc622dc2e54f7e6762861525d542fc8,0,1871.0,54466969.6,0,0,0,0,0,0,0,0,0,0,0,0,1,0,0,0,0,0,0,7,3,9,21,3,4,1,3,0,0,0,0,0,0,0,0,0,0,0,0,0,0,58,0,0,0,0,0,0,0,0,0,0,0,0,0,0,0,0,0,0,0,0,0,0,0,0,0,0,0,0,73,0,0,0,0,0,0,0,0,0,0,0,0,0,0,0,0,0,0,0,0,0,20,0,0,0,0,44,0,9,0,0,9,9,44,76,0,1,0,8,0,1,194,1
plus,d1942833a2403fd37834c29732136ab4665817dc,0,4130.375,54366208.0,4,2,2,6,8,2,1,0,0,0,0,0,0,0,0,0,0,0,0,5,3,8,16,3,2,0,2,0,0,0,0,0,1,0,0,0,0,0,0,0,0,32,0,0,0,0,0,0,0,0,0,0,0,0,0,0,0,0,0,0,0,0,0,0,0,0,0,0,0,0,68,0,2,0,0,0,0,0,0,0,0,0,0,0,0,0,0,0,0,0,0,0,16,0,0,0,0,31,0,7,0,0,7,7,31,54,0,1,0,6,0,1,158,19
dchester,d1942833a2403fd37834c29732136ab4665817dc,0,29138.833333333332,63089322.666666664,4,2,2,6,8,2,1,0,0,0,0,0,0,0,0,0,0,0,0,5,3,8,16,3,2,0,2,0,0,0,0,0,1,0,0,0,0,0,0,0,0,32,0,0,0,0,0,0,0,0,0,0,0,0,0,0,0,0,0,0,0,0,0,0,0,0,0,0,0,0,68,0,2,0,0,0,0,0,0,0,0,0,0,0,0,0,0,0,0,0,0,0,16,0,0,0,0,31,0,7,0,0,7,7,31,54,0,1,0,6,0,1,158,19
jsonpathly,d1942833a2403fd37834c29732136ab4665817dc,0,15705.6875,57196544.0,4,2,2,6,8,2,1,0,0,0,0,0,0,0,0,0,0,0,0,5,3,8,16,3,2,0,2,0,0,0,0,0,1,0,0,0,0,0,0,0,0,32,0,0,0,0,0,0,0,0,0,0,0,0,0,0,0,0,0,0,0,0,0,0,0,0,0,0,0,0,68,0,2,0,0,0,0,0,0,0,0,0,0,0,0,0,0,0,0,0,0,0,16,0,0,0,0,31,0,7,0,0,7,7,31,54,0,1,0,6,0,1,158,19
rfc9535,d1942833a2403fd37834c29732136ab4665817dc,0,10891.8,57812582.4,4,2,2,6,8,2,1,0,0,0,0,0,0,0,0,0,0,0,0,5,3,8,16,3,2,0,2,0,0,0,0,0,1,0,0,0,0,0,0,0,0,32,0,0,0,0,0,0,0,0,0,0,0,0,0,0,0,0,0,0,0,0,0,0,0,0,0,0,0,0,68,0,2,0,0,0,0,0,0,0,0,0,0,0,0,0,0,0,0,0,0,0,16,0,0,0,0,31,0,7,0,0,7,7,31,54,0,1,0,6,0,1,158,19
p3,d1942833a2403fd37834c29732136ab4665817dc,0,15049.5625,55375872.0,4,2,2,6,8,2,1,0,0,0,0,0,0,0,0,0,0,0,0,5,3,8,16,3,2,0,2,0,0,0,0,0,1,0,0,0,0,0,0,0,0,32,0,0,0,0,0,0,0,0,0,0,0,0,0,0,0,0,0,0,0,0,0,0,0,0,0,0,0,0,68,0,2,0,0,0,0,0,0,0,0,0,0,0,0,0,0,0,0,0,0,0,16,0,0,0,0,31,0,7,0,0,7,7,31,54,0,1,0,6,0,1,158,19
plus,8b6e4f739854cd33e5860c614d52c28ba048a7cc,0,7239.5,54806528.0,2,1,1,0,1,1,0,0,0,0,0,0,1,1,0,0,0,0,0,4,2,5,13,2,2,1,1,0,0,0,0,0,0,0,0,0,0,0,0,0,0,51,0,0,0,0,0,0,0,0,0,0,0,0,0,0,0,0,0,0,0,0,0,0,0,0,0,0,0,0,50,0,1,0,0,0,0,0,0,0,0,0,0,0,0,0,0,0,0,0,0,0,16,0,0,0,0,36,0,7,0,0,7,7,36,56,0,1,0,6,0,1,148,6
dchester,8b6e4f739854cd33e5860c614d52c28ba048a7cc,0,16742.833333333332,61347157.333333336,2,1,1,0,1,1,0,0,0,0,0,0,1,1,0,0,0,0,0,4,2,5,13,2,2,1,1,0,0,0,0,0,0,0,0,0,0,0,0,0,0,51,0,0,0,0,0,0,0,0,0,0,0,0,0,0,0,0,0,0,0,0,0,0,0,0,0,0,0,0,50,0,1,0,0,0,0,0,0,0,0,0,0,0,0,0,0,0,0,0,0,0,16,0,0,0,0,36,0,7,0,0,7,7,36,56,0,1,0,6,0,1,148,6
jsonpathly,8b6e4f739854cd33e5860c614d52c28ba048a7cc,0,13257.8125,57063424.0,2,1,1,0,1,1,0,0,0,0,0,0,1,1,0,0,0,0,0,4,2,5,13,2,2,1,1,0,0,0,0,0,0,0,0,0,0,0,0,0,0,51,0,0,0,0,0,0,0,0,0,0,0,0,0,0,0,0,0,0,0,0,0,0,0,0,0,0,0,0,50,0,1,0,0,0,0,0,0,0,0,0,0,0,0,0,0,0,0,0,0,0,16,0,0,0,0,36,0,7,0,0,7,7,36,56,0,1,0,6,0,1,148,6
rfc9535,8b6e4f739854cd33e5860c614d52c28ba048a7cc,0,8496.583333333334,57895594.666666664,2,1,1,0,1,1,0,0,0,0,0,0,1,1,0,0,0,0,0,4,2,5,13,2,2,1,1,0,0,0,0,0,0,0,0,0,0,0,0,0,0,51,0,0,0,0,0,0,0,0,0,0,0,0,0,0,0,0,0,0,0,0,0,0,0,0,0,0,0,0,50,0,1,0,0,0,0,0,0,0,0,0,0,0,0,0,0,0,0,0,0,0,16,0,0,0,0,36,0,7,0,0,7,7,36,56,0,1,0,6,0,1,148,6
p3,8b6e4f739854cd33e5860c614d52c28ba048a7cc,0,8479.25,55181312.0,2,1,1,0,1,1,0,0,0,0,0,0,1,1,0,0,0,0,0,4,2,5,13,2,2,1,1,0,0,0,0,0,0,0,0,0,0,0,0,0,0,51,0,0,0,0,0,0,0,0,0,0,0,0,0,0,0,0,0,0,0,0,0,0,0,0,0,0,0,0,50,0,1,0,0,0,0,0,0,0,0,0,0,0,0,0,0,0,0,0,0,0,16,0,0,0,0,36,0,7,0,0,7,7,36,56,0,1,0,6,0,1,148,6
plus,52e9f056a34d9527a6b66beb6289b27ff4e27ab6,0,4416.5,54358835.2,4,1,1,8,9,3,0,0,0,0,0,0,4,2,0,0,0,0,0,10,6,12,36,6,4,4,0,0,0,0,0,0,0,0,0,0,0,0,0,0,0,12,0,0,0,0,0,0,0,0,0,0,0,0,0,0,0,0,0,0,0,0,0,0,0,0,0,0,0,0,61,0,3,0,0,0,0,0,0,0,0,0,0,0,0,0,0,0,0,0,0,0,6,0,0,0,0,51,0,2,0,0,2,2,51,99,0,1,0,1,0,1,184,18
dchester,52e9f056a34d9527a6b66beb6289b27ff4e27ab6,0,25867.25,63021056.0,4,1,1,8,9,3,0,0,0,0,0,0,4,2,0,0,0,0,0,10,6,12,36,6,4,4,0,0,0,0,0,0,0,0,0,0,0,0,0,0,0,12,0,0,0,0,0,0,0,0,0,0,0,0,0,0,0,0,0,0,0,0,0,0,0,0,0,0,0,0,61,0,3,0,0,0,0,0,0,0,0,0,0,0,0,0,0,0,0,0,0,0,6,0,0,0,0,51,0,2,0,0,2,2,51,99,0,1,0,1,0,1,184,18
jsonpathly,52e9f056a34d9527a6b66beb6289b27ff4e27ab6,0,12032.57142857143,56644169.14285714,4,1,1,8,9,3,0,0,0,0,0,0,4,2,0,0,0,0,0,10,6,12,36,6,4,4,0,0,0,0,0,0,0,0,0,0,0,0,0,0,0,12,0,0,0,0,0,0,0,0,0,0,0,0,0,0,0,0,0,0,0,0,0,0,0,0,0,0,0,0,61,0,3,0,0,0,0,0,0,0,0,0,0,0,0,0,0,0,0,0,0,0,6,0,0,0,0,51,0,2,0,0,2,2,51,99,0,1,0,1,0,1,184,18
rfc9535,52e9f056a34d9527a6b66beb6289b27ff4e27ab6,0,9526.0,57829376.0,4,1,1,8,9,3,0,0,0,0,0,0,4,2,0,0,0,0,0,10,6,12,36,6,4,4,0,0,0,0,0,0,0,0,0,0,0,0,0,0,0,12,0,0,0,0,0,0,0,0,0,0,0,0,0,0,0,0,0,0,0,0,0,0,0,0,0,0,0,0,61,0,3,0,0,0,0,0,0,0,0,0,0,0,0,0,0,0,0,0,0,0,6,0,0,0,0,51,0,2,0,0,2,2,51,99,0,1,0,1,0,1,184,18
p3,52e9f056a34d9527a6b66beb6289b27ff4e27ab6,0,7799.4375,54951936.0,4,1,1,8,9,3,0,0,0,0,0,0,4,2,0,0,0,0,0,10,6,12,36,6,4,4,0,0,0,0,0,0,0,0,0,0,0,0,0,0,0,12,0,0,0,0,0,0,0,0,0,0,0,0,0,0,0,0,0,0,0,0,0,0,0,0,0,0,0,0,61,0,3,0,0,0,0,0,0,0,0,0,0,0,0,0,0,0,0,0,0,0,6,0,0,0,0,51,0,2,0,0,2,2,51,99,0,1,0,1,0,1,184,18
plus,fe58b1441a16f74f11dc78f79d55a58d283eb751,0,45981.9375,57067520.0,52,28,31,289,320,20,22,61,71,68,76,46,157,118,57,28,9,36,23,3,1,3,9,1,2,1,1,60,29,5,24,29,12,4,3,21,33,61,18,17,83,675,20,5,2,3,24,13,11,23,46,23,21,22,4,4,3,1,28,12,19,14,6,3,11,70,10,1,3,0,39,1,24,38,32,3,0,0,1,0,5,3,7,21,28,68,24,9,11,6,31,9,4,0,0,0,0,1,0,1,0,0,1,1,1,14,0,1,0,0,0,1,20,2593
dchester,fe58b1441a16f74f11dc78f79d55a58d283eb751,0,nan,nan,52,28,31,289,320,20,22,61,71,68,76,46,157,118,57,28,9,36,23,3,1,3,9,1,2,1,1,60,29,5,24,29,12,4,3,21,33,61,18,17,83,675,20,5,2,3,24,13,11,23,46,23,21,22,4,4,3,1,28,12,19,14,6,3,11,70,10,1,3,0,39,1,24,38,32,3,0,0,1,0,5,3,7,21,28,68,24,9,11,6,31,9,4,0,0,0,0,1,0,1,0,0,1,1,1,14,0,1,0,0,0,1,20,2593
jsonpathly,fe58b1441a16f74f11dc78f79d55a58d283eb751,0,1750732.5833333333,93932202.66666667,52,28,31,289,320,20,22,61,71,68,76,46,157,118,57,28,9,36,23,3,1,3,9,1,2,1,1,60,29,5,24,29,12,4,3,21,33,61,18,17,83,675,20,5,2,3,24,13,11,23,46,23,21,22,4,4,3,1,28,12,19,14,6,3,11,70,10,1,3,0,39,1,24,38,32,3,0,0,1,0,5,3,7,21,28,68,24,9,11,6,31,9,4,0,0,0,0,1,0,1,0,0,1,1,1,14,0,1,0,0,0,1,20,2593
rfc9535,fe58b1441a16f74f11dc78f79d55a58d283eb751,0,245430.83333333334,76502357.33333333,52,28,31,289,320,20,22,61,71,68,76,46,157,118,57,28,9,36,23,3,1,3,9,1,2,1,1,60,29,5,24,29,12,4,3,21,33,61,18,17,83,675,20,5,2,3,24,13,11,23,46,23,21,22,4,4,3,1,28,12,19,14,6,3,11,70,10,1,3,0,39,1,24,38,32,3,0,0,1,0,5,3,7,21,28,68,24,9,11,6,31,9,4,0,0,0,0,1,0,1,0,0,1,1,1,14,0,1,0,0,0,1,20,2593
p3,fe58b1441a16f74f11dc78f79d55a58d283eb751,0,nan,nan,52,28,31,289,320,20,22,61,71,68,76,46,157,118,57,28,9,36,23,3,1,3,9,1,2,1,1,60,29,5,24,29,12,4,3,21,33,61,18,17,83,675,20,5,2,3,24,13,11,23,46,23,21,22,4,4,3,1,28,12,19,14,6,3,11,70,10,1,3,0,39,1,24,38,32,3,0,0,1,0,5,3,7,21,28,68,24,9,11,6,31,9,4,0,0,0,0,1,0,1,0,0,1,1,1,14,0,1,0,0,0,1,20,2593
plus,608ac8c024161b581021423101c728cc583d67e9,0,11593.75,55779328.0,9,4,3,17,20,2,4,6,8,4,5,3,10,8,5,3,0,0,1,18,6,20,52,6,12,4,8,0,2,1,3,3,2,1,0,0,0,0,0,0,0,55,0,0,0,0,0,0,0,0,0,0,0,0,0,0,0,0,0,0,0,0,0,0,0,0,0,0,0,0,242,0,5,0,0,0,0,0,0,0,0,0,0,0,0,0,0,0,0,0,0,0,24,0,0,0,0,176,0,11,0,0,11,11,176,341,0,1,0,10,0,1,634,77
dchester,608ac8c024161b581021423101c728cc583d67e9,0,46496.92857142857,64377417.14285714,9,4,3,17,20,2,4,6,8,4,5,3,10,8,5,3,0,0,1,18,6,20,52,6,12,4,8,0,2,1,3,3,2,1,0,0,0,0,0,0,0,55,0,0,0,0,0,0,0,0,0,0,0,0,0,0,0,0,0,0,0,0,0,0,0,0,0,0,0,0,242,0,5,0,0,0,0,0,0,0,0,0,0,0,0,0,0,0,0,0,0,0,24,0,0,0,0,176,0,11,0,0,11,11,176,341,0,1,0,10,0,1,634,77
jsonpathly,608ac8c024161b581021423101c728cc583d67e9,0,33757.625,58413056.0,9,4,3,17,20,2,4,6,8,4,5,3,10,8,5,3,0,0,1,18,6,20,52,6,12,4,8,0,2,1,3,3,2,1,0,0,0,0,0,0,0,55,0,0,0,0,0,0,0,0,0,0,0,0,0,0,0,0,0,0,0,0,0,0,0,0,0,0,0,0,242,0,5,0,0,0,0,0,0,0,0,0,0,0,0,0,0,0,0,0,0,0,24,0,0,0,0,176,0,11,0,0,11,11,176,341,0,1,0,10,0,1,634,77
rfc9535,608ac8c024161b581021423101c728cc583d67e9,0,28940.666666666668,59640490.666666664,9,4,3,17,20,2,4,6,8,4,5,3,10,8,5,3,0,0,1,18,6,20,52,6,12,4,8,0,2,1,3,3,2,1,0,0,0,0,0,0,0,55,0,0,0,0,0,0,0,0,0,0,0,0,0,0,0,0,0,0,0,0,0,0,0,0,0,0,0,0,242,0,5,0,0,0,0,0,0,0,0,0,0,0,0,0,0,0,0,0,0,0,24,0,0,0,0,176,0,11,0,0,11,11,176,341,0,1,0,10,0,1,634,77
p3,608ac8c024161b581021423101c728cc583d67e9,0,33842.357142857145,58486198.85714286,9,4,3,17,20,2,4,6,8,4,5,3,10,8,5,3,0,0,1,18,6,20,52,6,12,4,8,0,2,1,3,3,2,1,0,0,0,0,0,0,0,55,0,0,0,0,0,0,0,0,0,0,0,0,0,0,0,0,0,0,0,0,0,0,0,0,0,0,0,0,242,0,5,0,0,0,0,0,0,0,0,0,0,0,0,0,0,0,0,0,0,0,24,0,0,0,0,176,0,11,0,0,11,11,176,341,0,1,0,10,0,1,634,77
plus,f024eaf36901e2d6c84a663ea1206e283105e993,0,5266.7,54473523.2,10,5,6,17,23,4,1,0,0,0,0,0,1,1,0,0,0,0,0,22,12,28,74,12,10,6,4,0,0,0,0,0,1,0,0,0,0,0,0,0,0,32,0,0,0,0,0,0,0,0,0,0,0,0,0,0,0,0,0,0,0,0,0,0,0,0,0,0,0,0,315,0,5,0,0,0,0,0,0,0,0,0,0,0,0,0,0,0,0,0,0,0,10,0,0,0,0,291,0,4,0,0,4,4,291,584,0,1,0,3,0,1,914,45
dchester,f024eaf36901e2d6c84a663ea1206e283105e993,0,45909.5,64842410.666666664,10,5,6,17,23,4,1,0,0,0,0,0,1,1,0,0,0,0,0,22,12,28,74,12,10,6,4,0,0,0,0,0,1,0,0,0,0,0,0,0,0,32,0,0,0,0,0,0,0,0,0,0,0,0,0,0,0,0,0,0,0,0,0,0,0,0,0,0,0,0,315,0,5,0,0,0,0,0,0,0,0,0,0,0,0,0,0,0,0,0,0,0,10,0,0,0,0,291,0,4,0,0,4,4,291,584,0,1,0,3,0,1,914,45
jsonpathly,f024eaf36901e2d6c84a663ea1206e283105e993,0,19437.25,57481216.0,10,5,6,17,23,4,1,0,0,0,0,0,1,1,0,0,0,0,0,22,12,28,74,12,10,6,4,0,0,0,0,0,1,0,0,0,0,0,0,0,0,32,0,0,0,0,0,0,0,0,0,0,0,0,0,0,0,0,0,0,0,0,0,0,0,0,0,0,0,0,315,0,5,0,0,0,0,0,0,0,0,0,0,0,0,0,0,0,0,0,0,0,10,0,0,0,0,291,0,4,0,0,4,4,291,584,0,1,0,3,0,1,914,45
rfc9535,f024eaf36901e2d6c84a663ea1206e283105e993,0,14424.5,58056704.0,10,5,6,17,23,4,1,0,0,0,0,0,1,1,0,0,0,0,0,22,12,28,74,12,10,6,4,0,0,0,0,0,1,0,0,0,0,0,0,0,0,32,0,0,0,0,0,0,0,0,0,0,0,0,0,0,0,0,0,0,0,0,0,0,0,0,0,0,0,0,315,0,5,0,0,0,0,0,0,0,0,0,0,0,0,0,0,0,0,0,0,0,10,0,0,0,0,291,0,4,0,0,4,4,291,584,0,1,0,3,0,1,914,45
p3,f024eaf36901e2d6c84a663ea1206e283105e993,0,13200.625,55754752.0,10,5,6,17,23,4,1,0,0,0,0,0,1,1,0,0,0,0,0,22,12,28,74,12,10,6,4,0,0,0,0,0,1,0,0,0,0,0,0,0,0,32,0,0,0,0,0,0,0,0,0,0,0,0,0,0,0,0,0,0,0,0,0,0,0,0,0,0,0,0,315,0,5,0,0,0,0,0,0,0,0,0,0,0,0,0,0,0,0,0,0,0,10,0,0,0,0,291,0,4,0,0,4,4,291,584,0,1,0,3,0,1,914,45
plus,6c3f366dc84e14f2a3af1c0722e1305977256846,0,5166.6,54401433.6,8,4,4,20,24,2,2,1,2,0,0,0,15,9,3,1,0,0,0,36,17,42,117,17,19,11,8,0,2,0,0,0,1,0,0,0,0,0,0,0,0,32,0,0,0,0,0,0,0,0,0,0,0,0,0,0,0,0,0,0,0,0,0,0,0,0,0,0,0,0,338,0,4,0,0,0,0,0,0,0,0,0,0,0,0,0,0,0,0,0,0,0,10,0,0,0,0,278,0,4,0,0,4,4,278,582,0,1,0,3,0,1,927,49
dchester,6c3f366dc84e14f2a3af1c0722e1305977256846,0,47575.0,64857702.4,8,4,4,20,24,2,2,1,2,0,0,0,15,9,3,1,0,0,0,36,17,42,117,17,19,11,8,0,2,0,0,0,1,0,0,0,0,0,0,0,0,32,0,0,0,0,0,0,0,0,0,0,0,0,0,0,0,0,0,0,0,0,0,0,0,0,0,0,0,0,338,0,4,0,0,0,0,0,0,0,0,0,0,0,0,0,0,0,0,0,0,0,10,0,0,0,0,278,0,4,0,0,4,4,278,582,0,1,0,3,0,1,927,49
jsonpathly,6c3f366dc84e14f2a3af1c0722e1305977256846,0,19670.9,57376768.0,8,4,4,20,24,2,2,1,2,0,0,0,15,9,3,1,0,0,0,36,17,42,117,17,19,11,8,0,2,0,0,0,1,0,0,0,0,0,0,0,0,32,0,0,0,0,0,0,0,0,0,0,0,0,0,0,0,0,0,0,0,0,0,0,0,0,0,0,0,0,338,0,4,0,0,0,0,0,0,0,0,0,0,0,0,0,0,0,0,0,0,0,10,0,0,0,0,278,0,4,0,0,4,4,278,582,0,1,0,3,0,1,927,49
rfc9535,6c3f366dc84e14f2a3af1c0722e1305977256846,0,14854.1875,58050560.0,8,4,4,20,24,2,2,1,2,0,0,0,15,9,3,1,0,0,0,36,17,42,117,17,19,11,8,0,2,0,0,0,1,0,0,0,0,0,0,0,0,32,0,0,0,0,0,0,0,0,0,0,0,0,0,0,0,0,0,0,0,0,0,0,0,0,0,0,0,0,338,0,4,0,0,0,0,0,0,0,0,0,0,0,0,0,0,0,0,0,0,0,10,0,0,0,0,278,0,4,0,0,4,4,278,582,0,1,0,3,0,1,927,49
p3,6c3f366dc84e14f2a3af1c0722e1305977256846,0,14428.357142857143,55878802.28571428,8,4,4,20,24,2,2,1,2,0,0,0,15,9,3,1,0,0,0,36,17,42,117,17,19,11,8,0,2,0,0,0,1,0,0,0,0,0,0,0,0,32,0,0,0,0,0,0,0,0,0,0,0,0,0,0,0,0,0,0,0,0,0,0,0,0,0,0,0,0,338,0,4,0,0,0,0,0,0,0,0,0,0,0,0,0,0,0,0,0,0,0,10,0,0,0,0,278,0,4,0,0,4,4,278,582,0,1,0,3,0,1,927,49
plus,57caddd1da53465b35c0f8eb0c6a1dd3f27f41a1,0,5177.083333333333,54359381.333333336,5,1,1,3,4,3,2,7,8,5,5,4,13,10,3,2,0,0,0,48,26,64,158,26,22,10,12,0,1,0,0,0,1,0,0,0,0,0,0,0,0,25,0,0,0,0,0,0,0,0,0,0,0,0,0,0,0,0,0,0,0,0,0,0,0,0,0,0,0,0,326,0,4,0,0,0,0,0,0,0,0,0,0,0,0,0,0,0,0,0,0,0,10,0,0,0,0,316,0,4,0,0,4,4,316,629,0,1,0,3,0,1,1017,37
dchester,57caddd1da53465b35c0f8eb0c6a1dd3f27f41a1,0,50041.8125,64804864.0,5,1,1,3,4,3,2,7,8,5,5,4,13,10,3,2,0,0,0,48,26,64,158,26,22,10,12,0,1,0,0,0,1,0,0,0,0,0,0,0,0,25,0,0,0,0,0,0,0,0,0,0,0,0,0,0,0,0,0,0,0,0,0,0,0,0,0,0,0,0,326,0,4,0,0,0,0,0,0,0,0,0,0,0,0,0,0,0,0,0,0,0,10,0,0,0,0,316,0,4,0,0,4,4,316,629,0,1,0,3,0,1,1017,37
jsonpathly,57caddd1da53465b35c0f8eb0c6a1dd3f27f41a1,0,20993.0,57584298.666666664,5,1,1,3,4,3,2,7,8,5,5,4,13,10,3,2,0,0,0,48,26,64,158,26,22,10,12,0,1,0,0,0,1,0,0,0,0,0,0,0,0,25,0,0,0,0,0,0,0,0,0,0,0,0,0,0,0,0,0,0,0,0,0,0,0,0,0,0,0,0,326,0,4,0,0,0,0,0,0,0,0,0,0,0,0,0,0,0,0,0,0,0,10,0,0,0,0,316,0,4,0,0,4,4,316,629,0,1,0,3,0,1,1017,37
rfc9535,57caddd1da53465b35c0f8eb0c6a1dd3f27f41a1,0,17515.625,58052608.0,5,1,1,3,4,3,2,7,8,5,5,4,13,10,3,2,0,0,0,48,26,64,158,26,22,10,12,0,1,0,0,0,1,0,0,0,0,0,0,0,0,25,0,0,0,0,0,0,0,0,0,0,0,0,0,0,0,0,0,0,0,0,0,0,0,0,0,0,0,0,326,0,4,0,0,0,0,0,0,0,0,0,0,0,0,0,0,0,0,0,0,0,10,0,0,0,0,316,0,4,0,0,4,4,316,629,0,1,0,3,0,1,1017,37
p3,57caddd1da53465b35c0f8eb0c6a1dd3f27f41a1,0,18562.5,56414208.0,5,1,1,3,4,3,2,7,8,5,5,4,13,10,3,2,0,0,0,48,26,64,158,26,22,10,12,0,1,0,0,0,1,0,0,0,0,0,0,0,0,25,0,0,0,0,0,0,0,0,0,0,0,0,0,0,0,0,0,0,0,0,0,0,0,0,0,0,0,0,326,0,4,0,0,0,0,0,0,0,0,0,0,0,0,0,0,0,0,0,0,0,10,0,0,0,0,316,0,4,0,0,4,4,316,629,0,1,0,3,0,1,1017,37
plus,9dae1f82549b78229c4029c5004c279cd9805577,0,nan,nan,3,0,1,66,67,0,3,0,0,1,1,0,15,9,0,0,0,0,0,0,0,0,0,0,0,0,0,0,0,0,0,0,3,0,3,3,4,11,0,2,48,157,11,11,11,0,1,1,0,0,0,1,4,6,0,0,0,0,7,1,11,0,1,0,2,2,2,0,0,0,59,0,3,1,1,0,0,0,0,0,11,11,11,28,39,243,129,32,243,243,370,124,4,0,0,0,0,0,0,1,0,0,0,0,0,0,0,1,0,0,0,1,6,2070
dchester,9dae1f82549b78229c4029c5004c279cd9805577,0,nan,nan,3,0,1,66,67,0,3,0,0,1,1,0,15,9,0,0,0,0,0,0,0,0,0,0,0,0,0,0,0,0,0,0,3,0,3,3,4,11,0,2,48,157,11,11,11,0,1,1,0,0,0,1,4,6,0,0,0,0,7,1,11,0,1,0,2,2,2,0,0,0,59,0,3,1,1,0,0,0,0,0,11,11,11,28,39,243,129,32,243,243,370,124,4,0,0,0,0,0,0,1,0,0,0,0,0,0,0,1,0,0,0,1,6,2070
jsonpathly,9dae1f82549b78229c4029c5004c279cd9805577,0,498476.35714285716,68494482.28571428,3,0,1,66,67,0,3,0,0,1,1,0,15,9,0,0,0,0,0,0,0,0,0,0,0,0,0,0,0,0,0,0,3,0,3,3,4,11,0,2,48,157,11,11,11,0,1,1,0,0,0,1,4,6,0,0,0,0,7,1,11,0,1,0,2,2,2,0,0,0,59,0,3,1,1,0,0,0,0,0,11,11,11,28,39,243,129,32,243,243,370,124,4,0,0,0,0,0,0,1,0,0,0,0,0,0,0,1,0,0,0,1,6,2070
rfc9535,9dae1f82549b78229c4029c5004c279cd9805577,0,229361.16666666666,67360085.33333333,3,0,1,66,67,0,3,0,0,1,1,0,15,9,0,0,0,0,0,0,0,0,0,0,0,0,0,0,0,0,0,0,3,0,3,3,4,11,0,2,48,157,11,11,11,0,1,1,0,0,0,1,4,6,0,0,0,0,7,1,11,0,1,0,2,2,2,0,0,0,59,0,3,1,1,0,0,0,0,0,11,11,11,28,39,243,129,32,243,243,370,124,4,0,0,0,0,0,0,1,0,0,0,0,0,0,0,1,0,0,0,1,6,2070
p3,9dae1f82549b78229c4029c5004c279cd9805577,0,133087.7,64149913.6,3,0,1,66,67,0,3,0,0,1,1,0,15,9,0,0,0,0,0,0,0,0,0,0,0,0,0,0,0,0,0,0,3,0,3,3,4,11,0,2,48,157,11,11,11,0,1,1,0,0,0,1,4,6,0,0,0,0,7,1,11,0,1,0,2,2,2,0,0,0,59,0,3,1,1,0,0,0,0,0,11,11,11,28,39,243,129,32,243,243,370,124,4,0,0,0,0,0,0,1,0,0,0,0,0,0,0,1,0,0,0,1,6,2070
plus,6935f3116411a5341a08e6a817b5b254e103c8e8,0,nan,nan,6,0,2,78,80,0,6,0,0,2,3,1,5,3,3,2,0,0,0,0,0,0,0,0,0,0,0,0,1,0,0,0,6,0,6,6,7,14,0,6,78,238,14,14,14,0,6,1,5,0,0,8,5,3,1,1,1,0,7,1,16,2,4,2,3,7,2,0,0,1,64,0,6,2,5,0,4,9,0,0,14,14,14,24,38,214,107,22,214,214,310,102,4,0,0,0,0,0,0,1,0,0,0,0,0,0,0,1,0,0,0,1,7,2058
dchester,6935f3116411a5341a08e6a817b5b254e103c8e8,0,nan,nan,6,0,2,78,80,0,6,0,0,2,3,1,5,3,3,2,0,0,0,0,0,0,0,0,0,0,0,0,1,0,0,0,6,0,6,6,7,14,0,6,78,238,14,14,14,0,6,1,5,0,0,8,5,3,1,1,1,0,7,1,16,2,4,2,3,7,2,0,0,1,64,0,6,2,5,0,4,9,0,0,14,14,14,24,38,214,107,22,214,214,310,102,4,0,0,0,0,0,0,1,0,0,0,0,0,0,0,1,0,0,0,1,7,2058
jsonpathly,6935f3116411a5341a08e6a817b5b254e103c8e8,0,1377291.5,79779157.33333333,6,0,2,78,80,0,6,0,0,2,3,1,5,3,3,2,0,0,0,0,0,0,0,0,0,0,0,0,1,0,0,0,6,0,6,6,7,14,0,6,78,238,14,14,14,0,6,1,5,0,0,8,5,3,1,1,1,0,7,1,16,2,4,2,3,7,2,0,0,1,64,0,6,2,5,0,4,9,0,0,14,14,14,24,38,214,107,22,214,214,310,102,4,0,0,0,0,0,0,1,0,0,0,0,0,0,0,1,0,0,0,1,7,2058
rfc9535,6935f3116411a5341a08e6a817b5b254e103c8e8,0,367512.6,68989747.2,6,0,2,78,80,0,6,0,0,2,3,1,5,3,3,2,0,0,0,0,0,0,0,0,0,0,0,0,1,0,0,0,6,0,6,6,7,14,0,6,78,238,14,14,14,0,6,1,5,0,0,8,5,3,1,1,1,0,7,1,16,2,4,2,3,7,2,0,0,1,64,0,6,2,5,0,4,9,0,0,14,14,14,24,38,214,107,22,214,214,310,102,4,0,0,0,0,0,0,1,0,0,0,0,0,0,0,1,0,0,0,1,7,2058
p3,6935f3116411a5341a08e6a817b5b254e103c8e8,0,147291.83333333334,64509269.333333336,6,0,2,78,80,0,6,0,0,2,3,1,5,3,3,2,0,0,0,0,0,0,0,0,0,0,0,0,1,0,0,0,6,0,6,6,7,14,0,6,78,238,14,14,14,0,6,1,5,0,0,8,5,3,1,1,1,0,7,1,16,2,4,2,3,7,2,0,0,1,64,0,6,2,5,0,4,9,0,0,14,14,14,24,38,214,107,22,214,214,310,102,4,0,0,0,0,0,0,1,0,0,0,0,0,0,0,1,0,0,0,1,7,2058
plus,a48d6bccf35ca2a9f09e5d32585820f51b476d4a,0,nan,nan,11,0,6,83,89,0,11,0,0,19,20,15,29,27,6,2,0,0,0,0,0,0,0,0,0,0,0,0,4,0,0,0,11,0,11,11,15,25,0,7,121,243,25,25,25,0,6,3,3,0,0,7,6,13,1,2,0,2,10,4,26,1,3,3,3,31,3,0,1,0,42,0,11,19,12,1,0,0,0,0,25,25,25,19,44,171,88,30,171,171,247,89,4,0,0,0,0,0,0,1,0,0,0,0,0,0,0,1,0,0,0,1,6,2055
dchester,a48d6bccf35ca2a9f09e5d32585820f51b476d4a,0,nan,nan,11,0,6,83,89,0,11,0,0,19,20,15,29,27,6,2,0,0,0,0,0,0,0,0,0,0,0,0,4,0,0,0,11,0,11,11,15,25,0,7,121,243,25,25,25,0,6,3,3,0,0,7,6,13,1,2,0,2,10,4,26,1,3,3,3,31,3,0,1,0,42,0,11,19,12,1,0,0,0,0,25,25,25,19,44,171,88,30,171,171,247,89,4,0,0,0,0,0,0,1,0,0,0,0,0,0,0,1,0,0,0,1,6,2055
jsonpathly,a48d6bccf35ca2a9f09e5d32585820f51b476d4a,0,20403270.833333332,101695488.0,11,0,6,83,89,0,11,0,0,19,20,15,29,27,6,2,0,0,0,0,0,0,0,0,0,0,0,0,4,0,0,0,11,0,11,11,15,25,0,7,121,243,25,25,25,0,6,3,3,0,0,7,6,13,1,2,0,2,10,4,26,1,3,3,3,31,3,0,1,0,42,0,11,19,12,1,0,0,0,0,25,25,25,19,44,171,88,30,171,171,247,89,4,0,0,0,0,0,0,1,0,0,0,0,0,0,0,1,0,0,0,1,6,2055
rfc9535,a48d6bccf35ca2a9f09e5d32585820f51b476d4a,0,1092097.0,70325589.33333333,11,0,6,83,89,0,11,0,0,19,20,15,29,27,6,2,0,0,0,0,0,0,0,0,0,0,0,0,4,0,0,0,11,0,11,11,15,25,0,7,121,243,25,25,25,0,6,3,3,0,0,7,6,13,1,2,0,2,10,4,26,1,3,3,3,31,3,0,1,0,42,0,11,19,12,1,0,0,0,0,25,25,25,19,44,171,88,30,171,171,247,89,4,0,0,0,0,0,0,1,0,0,0,0,0,0,0,1,0,0,0,1,6,2055
p3,a48d6bccf35ca2a9f09e5d32585820f51b476d4a,0,151417.0,64558421.333333336,11,0,6,83,89,0,11,0,0,19,20,15,29,27,6,2,0,0,0,0,0,0,0,0,0,0,0,0,4,0,0,0,11,0,11,11,15,25,0,7,121,243,25,25,25,0,6,3,3,0,0,7,6,13,1,2,0,2,10,4,26,1,3,3,3,31,3,0,1,0,42,0,11,19,12,1,0,0,0,0,25,25,25,19,44,171,88,30,171,171,247,89,4,0,0,0,0,0,0,1,0,0,0,0,0,0,0,1,0,0,0,1,6,2055
plus,318c6d34368aa711be6c70e5181619755fa29f25,0,nan,nan,2,0,3,115,118,0,2,0,0,6,6,5,34,22,3,0,0,0,0,0,0,0,0,0,0,0,0,0,3,0,0,0,2,0,2,2,4,11,0,7,59,211,11,11,11,0,1,0,1,0,0,4,7,3,1,1,1,0,7,2,14,3,0,1,5,12,2,1,0,0,124,0,2,6,6,0,0,0,0,0,11,11,11,19,30,145,75,16,145,145,713,232,4,0,0,0,0,0,0,1,0,0,0,0,0,0,0,1,0,0,0,1,6,2675
dchester,318c6d34368aa711be6c70e5181619755fa29f25,0,nan,nan,2,0,3,115,118,0,2,0,0,6,6,5,34,22,3,0,0,0,0,0,0,0,0,0,0,0,0,0,3,0,0,0,2,0,2,2,4,11,0,7,59,211,11,11,11,0,1,0,1,0,0,4,7,3,1,1,1,0,7,2,14,3,0,1,5,12,2,1,0,0,124,0,2,6,6,0,0,0,0,0,11,11,11,19,30,145,75,16,145,145,713,232,4,0,0,0,0,0,0,1,0,0,0,0,0,0,0,1,0,0,0,1,6,2675
jsonpathly,318c6d34368aa711be6c70e5181619755fa29f25,0,305837.4,67685580.8,2,0,3,115,118,0,2,0,0,6,6,5,34,22,3,0,0,0,0,0,0,0,0,0,0,0,0,0,3,0,0,0,2,0,2,2,4,11,0,7,59,211,11,11,11,0,1,0,1,0,0,4,7,3,1,1,1,0,7,2,14,3,0,1,5,12,2,1,0,0,124,0,2,6,6,0,0,0,0,0,11,11,11,19,30,145,75,16,145,145,713,232,4,0,0,0,0,0,0,1,0,0,0,0,0,0,0,1,0,0,0,1,6,2675
rfc9535,318c6d34368aa711be6c70e5181619755fa29f25,0,216789.0,67106816.0,2,0,3,115,118,0,2,0,0,6,6,5,34,22,3,0,0,0,0,0,0,0,0,0,0,0,0,0,3,0,0,0,2,0,2,2,4,11,0,7,59,211,11,11,11,0,1,0,1,0,0,4,7,3,1,1,1,0,7,2,14,3,0,1,5,12,2,1,0,0,124,0,2,6,6,0,0,0,0,0,11,11,11,19,30,145,75,16,145,145,713,232,4,0,0,0,0,0,0,1,0,0,0,0,0,0,0,1,0,0,0,1,6,2675
p3,318c6d34368aa711be6c70e5181619755fa29f25,0,174826.33333333334,64318122.666666664,2,0,3,115,118,0,2,0,0,6,6,5,34,22,3,0,0,0,0,0,0,0,0,0,0,0,0,0,3,0,0,0,2,0,2,2,4,11,0,7,59,211,11,11,11,0,1,0,1,0,0,4,7,3,1,1,1,0,7,2,14,3,0,1,5,12,2,1,0,0,124,0,2,6,6,0,0,0,0,0,11,11,11,19,30,145,75,16,145,145,713,232,4,0,0,0,0,0,0,1,0,0,0,0,0,0,0,1,0,0,0,1,6,2675
plus,f00bf9ed03eb12689b03c52ec594126974bdb139,0,nan,nan,4,0,1,123,124,0,4,0,0,3,3,1,6,3,1,0,0,0,0,0,0,0,0,0,0,0,0,0,1,1,2,4,4,0,4,4,6,7,0,5,37,123,7,7,7,0,1,0,1,0,0,2,4,2,0,0,0,0,1,2,8,1,1,0,1,5,3,0,0,0,117,0,4,3,2,0,0,0,0,0,7,7,7,17,24,151,71,17,151,151,750,232,4,0,0,0,0,0,0,1,0,0,0,0,0,0,0,1,0,0,0,1,6,2600
dchester,f00bf9ed03eb12689b03c52ec594126974bdb139,0,nan,nan,4,0,1,123,124,0,4,0,0,3,3,1,6,3,1,0,0,0,0,0,0,0,0,0,0,0,0,0,1,1,2,4,4,0,4,4,6,7,0,5,37,123,7,7,7,0,1,0,1,0,0,2,4,2,0,0,0,0,1,2,8,1,1,0,1,5,3,0,0,0,117,0,4,3,2,0,0,0,0,0,7,7,7,17,24,151,71,17,151,151,750,232,4,0,0,0,0,0,0,1,0,0,0,0,0,0,0,1,0,0,0,1,6,2600
jsonpathly,f00bf9ed03eb12689b03c52ec594126974bdb139,0,171388.83333333334,64585728.0,4,0,1,123,124,0,4,0,0,3,3,1,6,3,1,0,0,0,0,0,0,0,0,0,0,0,0,0,1,1,2,4,4,0,4,4,6,7,0,5,37,123,7,7,7,0,1,0,1,0,0,2,4,2,0,0,0,0,1,2,8,1,1,0,1,5,3,0,0,0,117,0,4,3,2,0,0,0,0,0,7,7,7,17,24,151,71,17,151,151,750,232,4,0,0,0,0,0,0,1,0,0,0,0,0,0,0,1,0,0,0,1,6,2600
rfc9535,f00bf9ed03eb12689b03c52ec594126974bdb139,0,161171.875,65323008.0,4,0,1,123,124,0,4,0,0,3,3,1,6,3,1,0,0,0,0,0,0,0,0,0,0,0,0,0,1,1,2,4,4,0,4,4,6,7,0,5,37,123,7,7,7,0,1,0,1,0,0,2,4,2,0,0,0,0,1,2,8,1,1,0,1,5,3,0,0,0,117,0,4,3,2,0,0,0,0,0,7,7,7,17,24,151,71,17,151,151,750,232,4,0,0,0,0,0,0,1,0,0,0,0,0,0,0,1,0,0,0,1,6,2600
p3,f00bf9ed03eb12689b03c52ec594126974bdb139,0,139619.8125,63860736.0,4,0,1,123,124,0,4,0,0,3,3,1,6,3,1,0,0,0,0,0,0,0,0,0,0,0,0,0,1,1,2,4,4,0,4,4,6,7,0,5,37,123,7,7,7,0,1,0,1,0,0,2,4,2,0,0,0,0,1,2,8,1,1,0,1,5,3,0,0,0,117,0,4,3,2,0,0,0,0,0,7,7,7,17,24,151,71,17,151,151,750,232,4,0,0,0,0,0,0,1,0,0,0,0,0,0,0,1,0,0,0,1,6,2600
plus,677016f5fbbaf43e8154e04d0b761ffe968b45dc,0,nan,nan,5,0,1,130,131,0,5,0,0,3,3,3,2,4,1,1,0,0,0,0,0,0,0,0,0,0,0,0,0,0,0,0,5,0,5,5,6,12,0,5,63,198,12,12,12,0,4,3,1,0,0,5,3,5,0,1,1,0,6,1,13,1,2,2,2,5,1,0,0,0,126,0,5,3,2,0,0,0,0,0,12,12,12,15,27,146,73,17,146,146,714,244,4,0,0,0,0,0,0,1,0,0,0,0,0,0,0,1,0,0,0,1,6,2616
dchester,677016f5fbbaf43e8154e04d0b761ffe968b45dc,0,nan,nan,5,0,1,130,131,0,5,0,0,3,3,3,2,4,1,1,0,0,0,0,0,0,0,0,0,0,0,0,0,0,0,0,5,0,5,5,6,12,0,5,63,198,12,12,12,0,4,3,1,0,0,5,3,5,0,1,1,0,6,1,13,1,2,2,2,5,1,0,0,0,126,0,5,3,2,0,0,0,0,0,12,12,12,15,27,146,73,17,146,146,714,244,4,0,0,0,0,0,0,1,0,0,0,0,0,0,0,1,0,0,0,1,6,2616
jsonpathly,677016f5fbbaf43e8154e04d0b761ffe968b45dc,0,2081083.3333333333,81783466.66666667,5,0,1,130,131,0,5,0,0,3,3,3,2,4,1,1,0,0,0,0,0,0,0,0,0,0,0,0,0,0,0,0,5,0,5,5,6,12,0,5,63,198,12,12,12,0,4,3,1,0,0,5,3,5,0,1,1,0,6,1,13,1,2,2,2,5,1,0,0,0,126,0,5,3,2,0,0,0,0,0,12,12,12,15,27,146,73,17,146,146,714,244,4,0,0,0,0,0,0,1,0,0,0,0,0,0,0,1,0,0,0,1,6,2616
rfc9535,677016f5fbbaf43e8154e04d0b761ffe968b45dc,0,525215.5,68932949.33333333,5,0,1,130,131,0,5,0,0,3,3,3,2,4,1,1,0,0,0,0,0,0,0,0,0,0,0,0,0,0,0,0,5,0,5,5,6,12,0,5,63,198,12,12,12,0,4,3,1,0,0,5,3,5,0,1,1,0,6,1,13,1,2,2,2,5,1,0,0,0,126,0,5,3,2,0,0,0,0,0,12,12,12,15,27,146,73,17,146,146,714,244,4,0,0,0,0,0,0,1,0,0,0,0,0,0,0,1,0,0,0,1,6,2616
p3,677016f5fbbaf43e8154e04d0b761ffe968b45dc,0,166466.0,64360448.0,5,0,1,130,131,0,5,0,0,3,3,3,2,4,1,1,0,0,0,0,0,0,0,0,0,0,0,0,0,0,0,0,5,0,5,5,6,12,0,5,63,198,12,12,12,0,4,3,1,0,0,5,3,5,0,1,1,0,6,1,13,1,2,2,2,5,1,0,0,0,126,0,5,3,2,0,0,0,0,0,12,12,12,15,27,146,73,17,146,146,714,244,4,0,0,0,0,0,0,1,0,0,0,0,0,0,0,1,0,0,0,1,6,2616
plus,2da2d909121931b445521b3f89f15c32d163ca4a,0,nan,nan,7,0,1,185,186,0,7,0,0,1,1,0,1,1,1,1,0,0,0,0,0,0,0,0,0,0,0,0,0,0,0,0,7,0,7,7,10,14,0,7,79,180,14,14,14,0,6,3,3,0,0,8,4,4,0,0,0,0,4,3,16,2,3,3,4,3,0,0,0,0,140,0,7,1,2,0,0,0,0,0,14,14,14,5,19,64,24,4,64,64,969,313,4,0,0,0,0,0,0,1,0,0,0,0,0,0,0,1,0,0,0,1,6,2966
dchester,2da2d909121931b445521b3f89f15c32d163ca4a,0,nan,nan,7,0,1,185,186,0,7,0,0,1,1,0,1,1,1,1,0,0,0,0,0,0,0,0,0,0,0,0,0,0,0,0,7,0,7,7,10,14,0,7,79,180,14,14,14,0,6,3,3,0,0,8,4,4,0,0,0,0,4,3,16,2,3,3,4,3,0,0,0,0,140,0,7,1,2,0,0,0,0,0,14,14,14,5,19,64,24,4,64,64,969,313,4,0,0,0,0,0,0,1,0,0,0,0,0,0,0,1,0,0,0,1,6,2966
jsonpathly,2da2d909121931b445521b3f89f15c32d163ca4a,0,506069.6666666667,69135018.66666667,7,0,1,185,186,0,7,0,0,1,1,0,1,1,1,1,0,0,0,0,0,0,0,0,0,0,0,0,0,0,0,0,7,0,7,7,10,14,0,7,79,180,14,14,14,0,6,3,3,0,0,8,4,4,0,0,0,0,4,3,16,2,3,3,4,3,0,0,0,0,140,0,7,1,2,0,0,0,0,0,14,14,14,5,19,64,24,4,64,64,969,313,4,0,0,0,0,0,0,1,0,0,0,0,0,0,0,1,0,0,0,1,6,2966
rfc9535,2da2d909121931b445521b3f89f15c32d163ca4a,0,289340.3333333333,67900757.33333333,7,0,1,185,186,0,7,0,0,1,1,0,1,1,1,1,0,0,0,0,0,0,0,0,0,0,0,0,0,0,0,0,7,0,7,7,10,14,0,7,79,180,14,14,14,0,6,3,3,0,0,8,4,4,0,0,0,0,4,3,16,2,3,3,4,3,0,0,0,0,140,0,7,1,2,0,0,0,0,0,14,14,14,5,19,64,24,4,64,64,969,313,4,0,0,0,0,0,0,1,0,0,0,0,0,0,0,1,0,0,0,1,6,2966
p3,2da2d909121931b445521b3f89f15c32d163ca4a,0,156241.6,64009011.2,7,0,1,185,186,0,7,0,0,1,1,0,1,1,1,1,0,0,0,0,0,0,0,0,0,0,0,0,0,0,0,0,7,0,7,7,10,14,0,7,79,180,14,14,14,0,6,3,3,0,0,8,4,4,0,0,0,0,4,3,16,2,3,3,4,3,0,0,0,0,140,0,7,1,2,0,0,0,0,0,14,14,14,5,19,64,24,4,64,64,969,313,4,0,0,0,0,0,0,1,0,0,0,0,0,0,0,1,0,0,0,1,6,2966
plus,96c05f652ed5b14aba44bffcb5544808c63a98dc,0,nan,nan,2,0,0,204,204,0,2,0,0,0,0,3,35,21,0,0,0,0,0,3,2,4,11,2,1,1,0,0,0,0,0,0,2,0,2,2,2,2,0,2,12,566,2,2,2,0,1,0,1,0,0,1,0,1,0,0,0,0,0,0,2,0,1,0,0,0,0,4,0,0,88,0,2,0,0,4,0,0,0,0,2,2,2,2,4,25,12,1,25,25,398,132,179,6,28,11,42,42,55,55,6,4,5,0,0,0,12,6,10,21,22,9,564,1112
dchester,96c05f652ed5b14aba44bffcb5544808c63a98dc,0,nan,nan,2,0,0,204,204,0,2,0,0,0,0,3,35,21,0,0,0,0,0,3,2,4,11,2,1,1,0,0,0,0,0,0,2,0,2,2,2,2,0,2,12,566,2,2,2,0,1,0,1,0,0,1,0,1,0,0,0,0,0,0,2,0,1,0,0,0,0,4,0,0,88,0,2,0,0,4,0,0,0,0,2,2,2,2,4,25,12,1,25,25,398,132,179,6,28,11,42,42,55,55,6,4,5,0,0,0,12,6,10,21,22,9,564,1112
jsonpathly,96c05f652ed5b14aba44bffcb5544808c63a98dc,0,66640.375,62599168.0,2,0,0,204,204,0,2,0,0,0,0,3,35,21,0,0,0,0,0,3,2,4,11,2,1,1,0,0,0,0,0,0,2,0,2,2,2,2,0,2,12,566,2,2,2,0,1,0,1,0,0,1,0,1,0,0,0,0,0,0,2,0,1,0,0,0,0,4,0,0,88,0,2,0,0,4,0,0,0,0,2,2,2,2,4,25,12,1,25,25,398,132,179,6,28,11,42,42,55,55,6,4,5,0,0,0,12,6,10,21,22,9,564,1112
rfc9535,96c05f652ed5b14aba44bffcb5544808c63a98dc,0,68507.0,63821141.333333336,2,0,0,204,204,0,2,0,0,0,0,3,35,21,0,0,0,0,0,3,2,4,11,2,1,1,0,0,0,0,0,0,2,0,2,2,2,2,0,2,12,566,2,2,2,0,1,0,1,0,0,1,0,1,0,0,0,0,0,0,2,0,1,0,0,0,0,4,0,0,88,0,2,0,0,4,0,0,0,0,2,2,2,2,4,25,12,1,25,25,398,132,179,6,28,11,42,42,55,55,6,4,5,0,0,0,12,6,10,21,22,9,564,1112
p3,96c05f652ed5b14aba44bffcb5544808c63a98dc,0,61015.75,63643648.0,2,0,0,204,204,0,2,0,0,0,0,3,35,21,0,0,0,0,0,3,2,4,11,2,1,1,0,0,0,0,0,0,2,0,2,2,2,2,0,2,12,566,2,2,2,0,1,0,1,0,0,1,0,1,0,0,0,0,0,0,2,0,1,0,0,0,0,4,0,0,88,0,2,0,0,4,0,0,0,0,2,2,2,2,4,25,12,1,25,25,398,132,179,6,28,11,42,42,55,55,6,4,5,0,0,0,12,6,10,21,22,9,564,1112
plus,612f156fc8561f420018d3723969b865050011a7,0,nan,nan,4,0,0,168,168,0,4,0,0,0,0,0,5,1,0,0,0,0,0,0,0,0,0,0,0,0,0,0,0,0,0,0,4,0,4,4,7,7,0,1,35,95,7,7,7,0,3,1,2,0,0,3,1,3,0,0,0,0,0,3,7,0,2,1,0,0,1,0,0,0,172,0,4,0,0,0,0,0,0,0,7,7,7,9,16,71,37,11,71,71,1032,340,4,0,0,0,0,0,0,1,0,0,0,0,0,0,0,1,0,0,0,1,6,2908
dchester,612f156fc8561f420018d3723969b865050011a7,0,nan,nan,4,0,0,168,168,0,4,0,0,0,0,0,5,1,0,0,0,0,0,0,0,0,0,0,0,0,0,0,0,0,0,0,4,0,4,4,7,7,0,1,35,95,7,7,7,0,3,1,2,0,0,3,1,3,0,0,0,0,0,3,7,0,2,1,0,0,1,0,0,0,172,0,4,0,0,0,0,0,0,0,7,7,7,9,16,71,37,11,71,71,1032,340,4,0,0,0,0,0,0,1,0,0,0,0,0,0,0,1,0,0,0,1,6,2908
jsonpathly,612f156fc8561f420018d3723969b865050011a7,0,1458171.75,69001216.0,4,0,0,168,168,0,4,0,0,0,0,0,5,1,0,0,0,0,0,0,0,0,0,0,0,0,0,0,0,0,0,0,4,0,4,4,7,7,0,1,35,95,7,7,7,0,3,1,2,0,0,3,1,3,0,0,0,0,0,3,7,0,2,1,0,0,1,0,0,0,172,0,4,0,0,0,0,0,0,0,7,7,7,9,16,71,37,11,71,71,1032,340,4,0,0,0,0,0,0,1,0,0,0,0,0,0,0,1,0,0,0,1,6,2908
rfc9535,612f156fc8561f420018d3723969b865050011a7,0,483253.5,69132288.0,4,0,0,168,168,0,4,0,0,0,0,0,5,1,0,0,0,0,0,0,0,0,0,0,0,0,0,0,0,0,0,0,4,0,4,4,7,7,0,1,35,95,7,7,7,0,3,1,2,0,0,3,1,3,0,0,0,0,0,3,7,0,2,1,0,0,1,0,0,0,172,0,4,0,0,0,0,0,0,0,7,7,7,9,16,71,37,11,71,71,1032,340,4,0,0,0,0,0,0,1,0,0,0,0,0,0,0,1,0,0,0,1,6,2908
p3,612f156fc8561f420018d3723969b865050011a7,0,136486.16666666666,63782912.0,4,0,0,168,168,0,4,0,0,0,0,0,5,1,0,0,0,0,0,0,0,0,0,0,0,0,0,0,0,0,0,0,4,0,4,4,7,7,0,1,35,95,7,7,7,0,3,1,2,0,0,3,1,3,0,0,0,0,0,3,7,0,2,1,0,0,1,0,0,0,172,0,4,0,0,0,0,0,0,0,7,7,7,9,16,71,37,11,71,71,1032,340,4,0,0,0,0,0,0,1,0,0,0,0,0,0,0,1,0,0,0,1,6,2908
plus,bd6672eacbdcae9b95a604289c12f776cfbf03df,0,nan,nan,1,0,0,194,194,0,1,0,0,0,0,0,2,0,0,0,0,0,0,0,0,0,0,0,0,0,0,0,0,0,0,0,1,0,1,1,2,3,0,2,18,31,3,3,3,0,0,0,0,0,0,2,1,2,1,0,0,0,1,1,5,2,0,0,1,0,0,0,1,0,231,0,1,0,0,1,0,0,0,0,3,3,3,4,7,30,15,2,30,30,1285,425,4,0,0,0,0,0,0,1,0,0,0,0,0,0,0,1,0,0,0,1,7,3206
dchester,bd6672eacbdcae9b95a604289c12f776cfbf03df,0,nan,nan,1,0,0,194,194,0,1,0,0,0,0,0,2,0,0,0,0,0,0,0,0,0,0,0,0,0,0,0,0,0,0,0,1,0,1,1,2,3,0,2,18,31,3,3,3,0,0,0,0,0,0,2,1,2,1,0,0,0,1,1,5,2,0,0,1,0,0,0,1,0,231,0,1,0,0,1,0,0,0,0,3,3,3,4,7,30,15,2,30,30,1285,425,4,0,0,0,0,0,0,1,0,0,0,0,0,0,0,1,0,0,0,1,7,3206
jsonpathly,bd6672eacbdcae9b95a604289c12f776cfbf03df,0,186402.66666666666,63700992.0,1,0,0,194,194,0,1,0,0,0,0,0,2,0,0,0,0,0,0,0,0,0,0,0,0,0,0,0,0,0,0,0,1,0,1,1,2,3,0,2,18,31,3,3,3,0,0,0,0,0,0,2,1,2,1,0,0,0,1,1,5,2,0,0,1,0,0,0,1,0,231,0,1,0,0,1,0,0,0,0,3,3,3,4,7,30,15,2,30,30,1285,425,4,0,0,0,0,0,0,1,0,0,0,0,0,0,0,1,0,0,0,1,7,3206
rfc9535,bd6672eacbdcae9b95a604289c12f776cfbf03df,0,172622.4375,64743424.0,1,0,0,194,194,0,1,0,0,0,0,0,2,0,0,0,0,0,0,0,0,0,0,0,0,0,0,0,0,0,0,0,1,0,1,1,2,3,0,2,18,31,3,3,3,0,0,0,0,0,0,2,1,2,1,0,0,0,1,1,5,2,0,0,1,0,0,0,1,0,231,0,1,0,0,1,0,0,0,0,3,3,3,4,7,30,15,2,30,30,1285,425,4,0,0,0,0,0,0,1,0,0,0,0,0,0,0,1,0,0,0,1,7,3206
p3,bd6672eacbdcae9b95a604289c12f776cfbf03df,0,171380.25,64079872.0,1,0,0,194,194,0,1,0,0,0,0,0,2,0,0,0,0,0,0,0,0,0,0,0,0,0,0,0,0,0,0,0,1,0,1,1,2,3,0,2,18,31,3,3,3,0,0,0,0,0,0,2,1,2,1,0,0,0,1,1,5,2,0,0,1,0,0,0,1,0,231,0,1,0,0,1,0,0,0,0,3,3,3,4,7,30,15,2,30,30,1285,425,4,0,0,0,0,0,0,1,0,0,0,0,0,0,0,1,0,0,0,1,7,3206
plus,176ef6505dfbf5e79cf7c5285350d385d91fb9eb,0,nan,nan,4,0,0,190,190,0,4,0,0,0,0,0,0,0,0,0,0,0,0,0,0,0,0,0,0,0,0,0,0,0,0,0,4,0,4,4,5,7,0,2,32,87,7,7,7,0,1,1,0,0,0,1,2,4,0,0,0,0,2,1,7,0,0,1,1,0,1,0,0,0,198,0,4,0,0,0,0,0,0,0,7,7,7,2,9,28,16,3,28,28,1228,388,4,0,0,0,0,0,0,1,0,0,0,0,0,0,0,1,0,0,0,1,6,3218
dchester,176ef6505dfbf5e79cf7c5285350d385d91fb9eb,0,nan,nan,4,0,0,190,190,0,4,0,0,0,0,0,0,0,0,0,0,0,0,0,0,0,0,0,0,0,0,0,0,0,0,0,4,0,4,4,5,7,0,2,32,87,7,7,7,0,1,1,0,0,0,1,2,4,0,0,0,0,2,1,7,0,0,1,1,0,1,0,0,0,198,0,4,0,0,0,0,0,0,0,7,7,7,2,9,28,16,3,28,28,1228,388,4,0,0,0,0,0,0,1,0,0,0,0,0,0,0,1,0,0,0,1,6,3218
jsonpathly,176ef6505dfbf5e79cf7c5285350d385d91fb9eb,0,713058.4,69310873.6,4,0,0,190,190,0,4,0,0,0,0,0,0,0,0,0,0,0,0,0,0,0,0,0,0,0,0,0,0,0,0,0,4,0,4,4,5,7,0,2,32,87,7,7,7,0,1,1,0,0,0,1,2,4,0,0,0,0,2,1,7,0,0,1,1,0,1,0,0,0,198,0,4,0,0,0,0,0,0,0,7,7,7,2,9,28,16,3,28,28,1228,388,4,0,0,0,0,0,0,1,0,0,0,0,0,0,0,1,0,0,0,1,6,3218
rfc9535,176ef6505dfbf5e79cf7c5285350d385d91fb9eb,0,346345.8,67256320.0,4,0,0,190,190,0,4,0,0,0,0,0,0,0,0,0,0,0,0,0,0,0,0,0,0,0,0,0,0,0,0,0,4,0,4,4,5,7,0,2,32,87,7,7,7,0,1,1,0,0,0,1,2,4,0,0,0,0,2,1,7,0,0,1,1,0,1,0,0,0,198,0,4,0,0,0,0,0,0,0,7,7,7,2,9,28,16,3,28,28,1228,388,4,0,0,0,0,0,0,1,0,0,0,0,0,0,0,1,0,0,0,1,6,3218
p3,176ef6505dfbf5e79cf7c5285350d385d91fb9eb,0,167914.125,63934464.0,4,0,0,190,190,0,4,0,0,0,0,0,0,0,0,0,0,0,0,0,0,0,0,0,0,0,0,0,0,0,0,0,4,0,4,4,5,7,0,2,32,87,7,7,7,0,1,1,0,0,0,1,2,4,0,0,0,0,2,1,7,0,0,1,1,0,1,0,0,0,198,0,4,0,0,0,0,0,0,0,7,7,7,2,9,28,16,3,28,28,1228,388,4,0,0,0,0,0,0,1,0,0,0,0,0,0,0,1,0,0,0,1,6,3218
plus,c9ac931eef6afb26da45b13add7de3a33aaa0089,0,nan,nan,1,0,0,230,230,0,1,0,0,0,0,0,1,1,0,0,0,0,0,0,0,0,0,0,0,0,0,0,0,0,0,0,1,0,1,1,2,2,0,0,8,5,2,2,2,0,0,0,0,0,0,0,0,2,0,0,0,0,0,1,2,0,0,0,0,0,0,0,0,0,259,0,1,0,0,0,0,0,0,0,2,2,2,7,9,33,21,8,33,33,1491,489,4,0,0,0,0,0,0,1,0,0,0,0,0,0,0,1,0,0,0,1,6,3679
dchester,c9ac931eef6afb26da45b13add7de3a33aaa0089,0,nan,nan,1,0,0,230,230,0,1,0,0,0,0,0,1,1,0,0,0,0,0,0,0,0,0,0,0,0,0,0,0,0,0,0,1,0,1,1,2,2,0,0,8,5,2,2,2,0,0,0,0,0,0,0,0,2,0,0,0,0,0,1,2,0,0,0,0,0,0,0,0,0,259,0,1,0,0,0,0,0,0,0,2,2,2,7,9,33,21,8,33,33,1491,489,4,0,0,0,0,0,0,1,0,0,0,0,0,0,0,1,0,0,0,1,6,3679
jsonpathly,c9ac931eef6afb26da45b13add7de3a33aaa0089,0,584203.25,68153344.0,1,0,0,230,230,0,1,0,0,0,0,0,1,1,0,0,0,0,0,0,0,0,0,0,0,0,0,0,0,0,0,0,1,0,1,1,2,2,0,0,8,5,2,2,2,0,0,0,0,0,0,0,0,2,0,0,0,0,0,1,2,0,0,0,0,0,0,0,0,0,259,0,1,0,0,0,0,0,0,0,2,2,2,7,9,33,21,8,33,33,1491,489,4,0,0,0,0,0,0,1,0,0,0,0,0,0,0,1,0,0,0,1,6,3679
rfc9535,c9ac931eef6afb26da45b13add7de3a33aaa0089,0,333916.6,66115993.6,1,0,0,230,230,0,1,0,0,0,0,0,1,1,0,0,0,0,0,0,0,0,0,0,0,0,0,0,0,0,0,0,1,0,1,1,2,2,0,0,8,5,2,2,2,0,0,0,0,0,0,0,0,2,0,0,0,0,0,1,2,0,0,0,0,0,0,0,0,0,259,0,1,0,0,0,0,0,0,0,2,2,2,7,9,33,21,8,33,33,1491,489,4,0,0,0,0,0,0,1,0,0,0,0,0,0,0,1,0,0,0,1,6,3679
p3,c9ac931eef6afb26da45b13add7de3a33aaa0089,0,175039.125,63868928.0,1,0,0,230,230,0,1,0,0,0,0,0,1,1,0,0,0,0,0,0,0,0,0,0,0,0,0,0,0,0,0,0,1,0,1,1,2,2,0,0,8,5,2,2,2,0,0,0,0,0,0,0,0,2,0,0,0,0,0,1,2,0,0,0,0,0,0,0,0,0,259,0,1,0,0,0,0,0,0,0,2,2,2,7,9,33,21,8,33,33,1491,489,4,0,0,0,0,0,0,1,0,0,0,0,0,0,0,1,0,0,0,1,6,3679
plus,672173223dfcfd5ce4aebbf4404cdc7d0af0569c,0,nan,nan,1,0,0,226,226,0,1,0,0,1,1,1,1,1,1,0,0,0,0,0,0,0,0,0,0,0,0,0,1,0,0,0,1,0,1,1,1,2,0,1,9,23,2,2,2,0,0,0,0,0,0,0,1,1,0,0,0,0,1,0,2,0,0,0,0,2,1,0,0,0,215,0,1,1,1,0,0,0,0,0,2,2,2,1,3,11,4,0,11,11,1453,440,4,0,0,0,0,0,0,1,0,0,0,0,0,0,0,1,0,0,0,1,6,3578
dchester,672173223dfcfd5ce4aebbf4404cdc7d0af0569c,0,nan,nan,1,0,0,226,226,0,1,0,0,1,1,1,1,1,1,0,0,0,0,0,0,0,0,0,0,0,0,0,1,0,0,0,1,0,1,1,1,2,0,1,9,23,2,2,2,0,0,0,0,0,0,0,1,1,0,0,0,0,1,0,2,0,0,0,0,2,1,0,0,0,215,0,1,1,1,0,0,0,0,0,2,2,2,1,3,11,4,0,11,11,1453,440,4,0,0,0,0,0,0,1,0,0,0,0,0,0,0,1,0,0,0,1,6,3578
jsonpathly,672173223dfcfd5ce4aebbf4404cdc7d0af0569c,0,193343.75,63049728.0,1,0,0,226,226,0,1,0,0,1,1,1,1,1,1,0,0,0,0,0,0,0,0,0,0,0,0,0,1,0,0,0,1,0,1,1,1,2,0,1,9,23,2,2,2,0,0,0,0,0,0,0,1,1,0,0,0,0,1,0,2,0,0,0,0,2,1,0,0,0,215,0,1,1,1,0,0,0,0,0,2,2,2,1,3,11,4,0,11,11,1453,440,4,0,0,0,0,0,0,1,0,0,0,0,0,0,0,1,0,0,0,1,6,3578
rfc9535,672173223dfcfd5ce4aebbf4404cdc7d0af0569c,0,179473.2857142857,65646006.85714286,1,0,0,226,226,0,1,0,0,1,1,1,1,1,1,0,0,0,0,0,0,0,0,0,0,0,0,0,1,0,0,0,1,0,1,1,1,2,0,1,9,23,2,2,2,0,0,0,0,0,0,0,1,1,0,0,0,0,1,0,2,0,0,0,0,2,1,0,0,0,215,0,1,1,1,0,0,0,0,0,2,2,2,1,3,11,4,0,11,11,1453,440,4,0,0,0,0,0,0,1,0,0,0,0,0,0,0,1,0,0,0,1,6,3578
p3,672173223dfcfd5ce4aebbf4404cdc7d0af0569c,0,178200.2,64497254.4,1,0,0,226,226,0,1,0,0,1,1,1,1,1,1,0,0,0,0,0,0,0,0,0,0,0,0,0,1,0,0,0,1,0,1,1,1,2,0,1,9,23,2,2,2,0,0,0,0,0,0,0,1,1,0,0,0,0,1,0,2,0,0,0,0,2,1,0,0,0,215,0,1,1,1,0,0,0,0,0,2,2,2,1,3,11,4,0,11,11,1453,440,4,0,0,0,0,0,0,1,0,0,0,0,0,0,0,1,0,0,0,1,6,3578
plus,8be9505e998ae362240cf55728ea4d7141189e5d,0,nan,nan,2,0,0,251,251,0,2,0,0,0,0,0,0,0,1,1,0,0,0,0,0,0,0,0,0,0,0,0,0,0,0,0,2,0,2,2,3,4,0,2,18,34,4,4,4,0,0,0,0,0,0,0,1,3,0,1,0,1,1,1,4,0,0,0,0,1,1,0,0,0,267,0,2,0,1,0,0,0,0,0,4,4,4,0,4,11,5,3,11,11,1516,516,4,0,0,0,0,0,0,1,0,0,0,0,0,0,0,1,0,0,0,1,7,3666
dchester,8be9505e998ae362240cf55728ea4d7141189e5d,0,nan,nan,2,0,0,251,251,0,2,0,0,0,0,0,0,0,1,1,0,0,0,0,0,0,0,0,0,0,0,0,0,0,0,0,2,0,2,2,3,4,0,2,18,34,4,4,4,0,0,0,0,0,0,0,1,3,0,1,0,1,1,1,4,0,0,0,0,1,1,0,0,0,267,0,2,0,1,0,0,0,0,0,4,4,4,0,4,11,5,3,11,11,1516,516,4,0,0,0,0,0,0,1,0,0,0,0,0,0,0,1,0,0,0,1,7,3666
jsonpathly,8be9505e998ae362240cf55728ea4d7141189e5d,0,249215.5,65230165.333333336,2,0,0,251,251,0,2,0,0,0,0,0,0,0,1,1,0,0,0,0,0,0,0,0,0,0,0,0,0,0,0,0,2,0,2,2,3,4,0,2,18,34,4,4,4,0,0,0,0,0,0,0,1,3,0,1,0,1,1,1,4,0,0,0,0,1,1,0,0,0,267,0,2,0,1,0,0,0,0,0,4,4,4,0,4,11,5,3,11,11,1516,516,4,0,0,0,0,0,0,1,0,0,0,0,0,0,0,1,0,0,0,1,7,3666
rfc9535,8be9505e998ae362240cf55728ea4d7141189e5d,0,204325.0,65470464.0,2,0,0,251,251,0,2,0,0,0,0,0,0,0,1,1,0,0,0,0,0,0,0,0,0,0,0,0,0,0,0,0,2,0,2,2,3,4,0,2,18,34,4,4,4,0,0,0,0,0,0,0,1,3,0,1,0,1,1,1,4,0,0,0,0,1,1,0,0,0,267,0,2,0,1,0,0,0,0,0,4,4,4,0,4,11,5,3,11,11,1516,516,4,0,0,0,0,0,0,1,0,0,0,0,0,0,0,1,0,0,0,1,7,3666
p3,8be9505e998ae362240cf55728ea4d7141189e5d,0,171658.5,63809126.4,2,0,0,251,251,0,2,0,0,0,0,0,0,0,1,1,0,0,0,0,0,0,0,0,0,0,0,0,0,0,0,0,2,0,2,2,3,4,0,2,18,34,4,4,4,0,0,0,0,0,0,0,1,3,0,1,0,1,1,1,4,0,0,0,0,1,1,0,0,0,267,0,2,0,1,0,0,0,0,0,4,4,4,0,4,11,5,3,11,11,1516,516,4,0,0,0,0,0,0,1,0,0,0,0,0,0,0,1,0,0,0,1,7,3666
plus,73ed55078e2294133a2ae062f73fb79be1330ad2,0,nan,nan,3,0,0,203,203,0,3,0,0,0,0,0,0,0,0,0,0,0,0,0,0,0,0,0,0,0,0,0,0,0,0,0,3,0,3,3,4,4,0,2,20,51,4,4,4,0,1,1,0,0,0,1,1,2,0,0,0,0,0,1,4,0,1,0,0,0,1,0,0,0,208,0,3,0,0,0,0,0,0,0,4,4,4,1,5,11,6,2,11,11,1425,411,4,0,0,0,0,0,0,1,0,0,0,0,0,0,0,1,0,0,0,1,7,3621
dchester,73ed55078e2294133a2ae062f73fb79be1330ad2,0,nan,nan,3,0,0,203,203,0,3,0,0,0,0,0,0,0,0,0,0,0,0,0,0,0,0,0,0,0,0,0,0,0,0,0,3,0,3,3,4,4,0,2,20,51,4,4,4,0,1,1,0,0,0,1,1,2,0,0,0,0,0,1,4,0,1,0,0,0,1,0,0,0,208,0,3,0,0,0,0,0,0,0,4,4,4,1,5,11,6,2,11,11,1425,411,4,0,0,0,0,0,0,1,0,0,0,0,0,0,0,1,0,0,0,1,7,3621
jsonpathly,73ed55078e2294133a2ae062f73fb79be1330ad2,0,536017.25,68629845.33333333,3,0,0,203,203,0,3,0,0,0,0,0,0,0,0,0,0,0,0,0,0,0,0,0,0,0,0,0,0,0,0,0,3,0,3,3,4,4,0,2,20,51,4,4,4,0,1,1,0,0,0,1,1,2,0,0,0,0,0,1,4,0,1,0,0,0,1,0,0,0,208,0,3,0,0,0,0,0,0,0,4,4,4,1,5,11,6,2,11,11,1425,411,4,0,0,0,0,0,0,1,0,0,0,0,0,0,0,1,0,0,0,1,7,3621
rfc9535,73ed55078e2294133a2ae062f73fb79be1330ad2,0,303229.3333333333,66273280.0,3,0,0,203,203,0,3,0,0,0,0,0,0,0,0,0,0,0,0,0,0,0,0,0,0,0,0,0,0,0,0,0,3,0,3,3,4,4,0,2,20,51,4,4,4,0,1,1,0,0,0,1,1,2,0,0,0,0,0,1,4,0,1,0,0,0,1,0,0,0,208,0,3,0,0,0,0,0,0,0,4,4,4,1,5,11,6,2,11,11,1425,411,4,0,0,0,0,0,0,1,0,0,0,0,0,0,0,1,0,0,0,1,7,3621
p3,73ed55078e2294133a2ae062f73fb79be1330ad2,0,167619.875,63938560.0,3,0,0,203,203,0,3,0,0,0,0,0,0,0,0,0,0,0,0,0,0,0,0,0,0,0,0,0,0,0,0,0,3,0,3,3,4,4,0,2,20,51,4,4,4,0,1,1,0,0,0,1,1,2,0,0,0,0,0,1,4,0,1,0,0,0,1,0,0,0,208,0,3,0,0,0,0,0,0,0,4,4,4,1,5,11,6,2,11,11,1425,411,4,0,0,0,0,0,0,1,0,0,0,0,0,0,0,1,0,0,0,1,7,3621
plus,9b0af4033df497d647f08d4eed2c2d3bf29fc985,0,2909.8333333333335,54285653.333333336,2,0,2,15,17,0,0,0,0,0,0,1,5,4,0,0,0,0,0,0,0,0,0,0,0,0,0,0,0,0,0,0,0,0,0,0,0,0,0,0,0,54,0,0,0,0,0,0,0,0,0,0,0,0,0,0,0,0,0,0,0,0,0,0,0,0,0,1,0,0,13,0,2,0,0,1,0,0,0,0,0,0,0,0,0,0,0,0,0,0,0,0,29,1,3,0,0,2,0,10,1,1,2,1,2,2,0,1,2,6,2,3,87,10
dchester,9b0af4033df497d647f08d4eed2c2d3bf29fc985,0,14375.0,61210624.0,2,0,2,15,17,0,0,0,0,0,0,1,5,4,0,0,0,0,0,0,0,0,0,0,0,0,0,0,0,0,0,0,0,0,0,0,0,0,0,0,0,54,0,0,0,0,0,0,0,0,0,0,0,0,0,0,0,0,0,0,0,0,0,0,0,0,0,1,0,0,13,0,2,0,0,1,0,0,0,0,0,0,0,0,0,0,0,0,0,0,0,0,29,1,3,0,0,2,0,10,1,1,2,1,2,2,0,1,2,6,2,3,87,10
jsonpathly,9b0af4033df497d647f08d4eed2c2d3bf29fc985,0,12370.8,56875417.6,2,0,2,15,17,0,0,0,0,0,0,1,5,4,0,0,0,0,0,0,0,0,0,0,0,0,0,0,0,0,0,0,0,0,0,0,0,0,0,0,0,54,0,0,0,0,0,0,0,0,0,0,0,0,0,0,0,0,0,0,0,0,0,0,0,0,0,1,0,0,13,0,2,0,0,1,0,0,0,0,0,0,0,0,0,0,0,0,0,0,0,0,29,1,3,0,0,2,0,10,1,1,2,1,2,2,0,1,2,6,2,3,87,10
rfc9535,9b0af4033df497d647f08d4eed2c2d3bf29fc985,0,7562.333333333333,57884672.0,2,0,2,15,17,0,0,0,0,0,0,1,5,4,0,0,0,0,0,0,0,0,0,0,0,0,0,0,0,0,0,0,0,0,0,0,0,0,0,0,0,54,0,0,0,0,0,0,0,0,0,0,0,0,0,0,0,0,0,0,0,0,0,0,0,0,0,1,0,0,13,0,2,0,0,1,0,0,0,0,0,0,0,0,0,0,0,0,0,0,0,0,29,1,3,0,0,2,0,10,1,1,2,1,2,2,0,1,2,6,2,3,87,10
p3,9b0af4033df497d647f08d4eed2c2d3bf29fc985,0,4244.875,54861824.0,2,0,2,15,17,0,0,0,0,0,0,1,5,4,0,0,0,0,0,0,0,0,0,0,0,0,0,0,0,0,0,0,0,0,0,0,0,0,0,0,0,54,0,0,0,0,0,0,0,0,0,0,0,0,0,0,0,0,0,0,0,0,0,0,0,0,0,1,0,0,13,0,2,0,0,1,0,0,0,0,0,0,0,0,0,0,0,0,0,0,0,0,29,1,3,0,0,2,0,10,1,1,2,1,2,2,0,1,2,6,2,3,87,10
plus,1048e9658d6ccaffbf1cc0748745e6298f527e7b,0,3159.8333333333335,54231040.0,4,0,4,9,13,0,0,0,0,0,0,0,0,0,0,0,0,0,0,0,0,0,0,0,0,0,0,0,0,0,0,0,0,0,0,0,0,0,0,0,0,49,0,0,0,0,0,0,0,0,0,0,0,0,0,0,0,0,0,0,0,0,0,0,0,0,0,0,0,0,0,0,4,0,0,0,0,0,0,0,0,0,0,0,0,0,0,0,0,0,0,0,10,0,0,0,0,0,0,4,0,0,1,0,0,0,0,1,0,3,0,1,19,18
dchester,1048e9658d6ccaffbf1cc0748745e6298f527e7b,0,24700.0,62934220.8,4,0,4,9,13,0,0,0,0,0,0,0,0,0,0,0,0,0,0,0,0,0,0,0,0,0,0,0,0,0,0,0,0,0,0,0,0,0,0,0,0,49,0,0,0,0,0,0,0,0,0,0,0,0,0,0,0,0,0,0,0,0,0,0,0,0,0,0,0,0,0,0,4,0,0,0,0,0,0,0,0,0,0,0,0,0,0,0,0,0,0,0,10,0,0,0,0,0,0,4,0,0,1,0,0,0,0,1,0,3,0,1,19,18
jsonpathly,1048e9658d6ccaffbf1cc0748745e6298f527e7b,0,12827.285714285714,57231652.571428575,4,0,4,9,13,0,0,0,0,0,0,0,0,0,0,0,0,0,0,0,0,0,0,0,0,0,0,0,0,0,0,0,0,0,0,0,0,0,0,0,0,49,0,0,0,0,0,0,0,0,0,0,0,0,0,0,0,0,0,0,0,0,0,0,0,0,0,0,0,0,0,0,4,0,0,0,0,0,0,0,0,0,0,0,0,0,0,0,0,0,0,0,10,0,0,0,0,0,0,4,0,0,1,0,0,0,0,1,0,3,0,1,19,18
rfc9535,1048e9658d6ccaffbf1cc0748745e6298f527e7b,0,9497.0,57922121.14285714,4,0,4,9,13,0,0,0,0,0,0,0,0,0,0,0,0,0,0,0,0,0,0,0,0,0,0,0,0,0,0,0,0,0,0,0,0,0,0,0,0,49,0,0,0,0,0,0,0,0,0,0,0,0,0,0,0,0,0,0,0,0,0,0,0,0,0,0,0,0,0,0,4,0,0,0,0,0,0,0,0,0,0,0,0,0,0,0,0,0,0,0,10,0,0,0,0,0,0,4,0,0,1,0,0,0,0,1,0,3,0,1,19,18
p3,1048e9658d6ccaffbf1cc0748745e6298f527e7b,0,6119.875,54968320.0,4,0,4,9,13,0,0,0,0,0,0,0,0,0,0,0,0,0,0,0,0,0,0,0,0,0,0,0,0,0,0,0,0,0,0,0,0,0,0,0,0,49,0,0,0,0,0,0,0,0,0,0,0,0,0,0,0,0,0,0,0,0,0,0,0,0,0,0,0,0,0,0,4,0,0,0,0,0,0,0,0,0,0,0,0,0,0,0,0,0,0,0,10,0,0,0,0,0,0,4,0,0,1,0,0,0,0,1,0,3,0,1,19,18
plus,127a38aba1eae28dc66c92f8a9718bb368afe2eb,0,4474.125,54276096.0,10,0,10,26,36,0,0,0,0,0,0,0,0,0,0,0,0,0,0,0,0,0,0,0,0,0,0,0,0,0,0,0,0,0,0,0,0,0,0,0,0,15,0,0,0,0,0,0,0,0,0,0,0,0,0,0,0,0,0,0,0,0,0,0,0,0,0,0,0,0,0,0,10,0,0,0,0,0,0,0,0,0,0,0,0,0,0,0,0,0,0,0,4,0,0,0,0,0,0,1,0,0,0,0,0,0,0,1,0,0,0,1,6,47
dchester,127a38aba1eae28dc66c92f8a9718bb368afe2eb,0,45658.2,64516915.2,10,0,10,26,36,0,0,0,0,0,0,0,0,0,0,0,0,0,0,0,0,0,0,0,0,0,0,0,0,0,0,0,0,0,0,0,0,0,0,0,0,15,0,0,0,0,0,0,0,0,0,0,0,0,0,0,0,0,0,0,0,0,0,0,0,0,0,0,0,0,0,0,10,0,0,0,0,0,0,0,0,0,0,0,0,0,0,0,0,0,0,0,4,0,0,0,0,0,0,1,0,0,0,0,0,0,0,1,0,0,0,1,6,47
jsonpathly,127a38aba1eae28dc66c92f8a9718bb368afe2eb,0,19483.3,57638912.0,10,0,10,26,36,0,0,0,0,0,0,0,0,0,0,0,0,0,0,0,0,0,0,0,0,0,0,0,0,0,0,0,0,0,0,0,0,0,0,0,0,15,0,0,0,0,0,0,0,0,0,0,0,0,0,0,0,0,0,0,0,0,0,0,0,0,0,0,0,0,0,0,10,0,0,0,0,0,0,0,0,0,0,0,0,0,0,0,0,0,0,0,4,0,0,0,0,0,0,1,0,0,0,0,0,0,0,1,0,0,0,1,6,47
rfc9535,127a38aba1eae28dc66c92f8a9718bb368afe2eb,0,14034.833333333334,58168661.333333336,10,0,10,26,36,0,0,0,0,0,0,0,0,0,0,0,0,0,0,0,0,0,0,0,0,0,0,0,0,0,0,0,0,0,0,0,0,0,0,0,0,15,0,0,0,0,0,0,0,0,0,0,0,0,0,0,0,0,0,0,0,0,0,0,0,0,0,0,0,0,0,0,10,0,0,0,0,0,0,0,0,0,0,0,0,0,0,0,0,0,0,0,4,0,0,0,0,0,0,1,0,0,0,0,0,0,0,1,0,0,0,1,6,47
p3,127a38aba1eae28dc66c92f8a9718bb368afe2eb,0,11145.9,55522099.2,10,0,10,26,36,0,0,0,0,0,0,0,0,0,0,0,0,0,0,0,0,0,0,0,0,0,0,0,0,0,0,0,0,0,0,0,0,0,0,0,0,15,0,0,0,0,0,0,0,0,0,0,0,0,0,0,0,0,0,0,0,0,0,0,0,0,0,0,0,0,0,0,10,0,0,0,0,0,0,0,0,0,0,0,0,0,0,0,0,0,0,0,4,0,0,0,0,0,0,1,0,0,0,0,0,0,0,1,0,0,0,1,6,47
plus,7f66ab47f5602951cc4f9ec443919f6edfef4a7c,0,2757.0,54220117.333333336,0,0,0,9,9,0,0,0,0,0,0,0,0,0,0,0,0,0,0,0,0,0,0,0,0,0,0,0,0,0,0,0,0,0,0,0,0,0,0,0,0,37,0,0,0,0,0,0,0,0,0,0,0,0,0,0,0,0,0,0,0,0,0,0,0,0,0,0,0,0,0,0,0,0,0,0,0,0,0,0,0,0,0,0,0,0,0,0,0,0,0,0,18,1,4,0,0,0,0,4,0,0,0,0,0,0,0,0,0,0,3,1,44,1
dchester,7f66ab47f5602951cc4f9ec443919f6edfef4a7c,0,4671.875,60030976.0,0,0,0,9,9,0,0,0,0,0,0,0,0,0,0,0,0,0,0,0,0,0,0,0,0,0,0,0,0,0,0,0,0,0,0,0,0,0,0,0,0,37,0,0,0,0,0,0,0,0,0,0,0,0,0,0,0,0,0,0,0,0,0,0,0,0,0,0,0,0,0,0,0,0,0,0,0,0,0,0,0,0,0,0,0,0,0,0,0,0,0,0,18,1,4,0,0,0,0,4,0,0,0,0,0,0,0,0,0,0,3,1,44,1
jsonpathly,7f66ab47f5602951cc4f9ec443919f6edfef4a7c,0,8650.0,56518246.4,0,0,0,9,9,0,0,0,0,0,0,0,0,0,0,0,0,0,0,0,0,0,0,0,0,0,0,0,0,0,0,0,0,0,0,0,0,0,0,0,0,37,0,0,0,0,0,0,0,0,0,0,0,0,0,0,0,0,0,0,0,0,0,0,0,0,0,0,0,0,0,0,0,0,0,0,0,0,0,0,0,0,0,0,0,0,0,0,0,0,0,0,18,1,4,0,0,0,0,4,0,0,0,0,0,0,0,0,0,0,3,1,44,1
rfc9535,7f66ab47f5602951cc4f9ec443919f6edfef4a7c,0,5791.6,57766707.2,0,0,0,9,9,0,0,0,0,0,0,0,0,0,0,0,0,0,0,0,0,0,0,0,0,0,0,0,0,0,0,0,0,0,0,0,0,0,0,0,0,37,0,0,0,0,0,0,0,0,0,0,0,0,0,0,0,0,0,0,0,0,0,0,0,0,0,0,0,0,0,0,0,0,0,0,0,0,0,0,0,0,0,0,0,0,0,0,0,0,0,0,18,1,4,0,0,0,0,4,0,0,0,0,0,0,0,0,0,0,3,1,44,1
p3,7f66ab47f5602951cc4f9ec443919f6edfef4a7c,0,1885.375,54472704.0,0,0,0,9,9,0,0,0,0,0,0,0,0,0,0,0,0,0,0,0,0,0,0,0,0,0,0,0,0,0,0,0,0,0,0,0,0,0,0,0,0,37,0,0,0,0,0,0,0,0,0,0,0,0,0,0,0,0,0,0,0,0,0,0,0,0,0,0,0,0,0,0,0,0,0,0,0,0,0,0,0,0,0,0,0,0,0,0,0,0,0,0,18,1,4,0,0,0,0,4,0,0,0,0,0,0,0,0,0,0,3,1,44,1
plus,9a850efc6de8df00dcee048047eeb40ef402b049,0,3260.375,54263808.0,3,0,3,22,25,0,0,0,0,0,0,0,12,10,0,0,0,0,0,0,0,0,0,0,0,0,0,0,0,0,0,0,0,0,0,0,0,0,0,0,0,68,0,0,0,0,0,0,0,0,0,0,0,0,0,0,0,0,0,0,0,0,0,0,0,0,0,1,0,0,1,0,3,0,0,1,0,0,0,0,0,0,0,0,0,0,0,0,0,0,0,0,24,0,0,0,0,0,0,11,2,1,2,0,0,0,0,1,0,10,0,1,62,29
dchester,9a850efc6de8df00dcee048047eeb40ef402b049,0,19604.333333333332,62215509.333333336,3,0,3,22,25,0,0,0,0,0,0,0,12,10,0,0,0,0,0,0,0,0,0,0,0,0,0,0,0,0,0,0,0,0,0,0,0,0,0,0,0,68,0,0,0,0,0,0,0,0,0,0,0,0,0,0,0,0,0,0,0,0,0,0,0,0,0,1,0,0,1,0,3,0,0,1,0,0,0,0,0,0,0,0,0,0,0,0,0,0,0,0,24,0,0,0,0,0,0,11,2,1,2,0,0,0,0,1,0,10,0,1,62,29
jsonpathly,9a850efc6de8df00dcee048047eeb40ef402b049,0,14458.166666666666,57245696.0,3,0,3,22,25,0,0,0,0,0,0,0,12,10,0,0,0,0,0,0,0,0,0,0,0,0,0,0,0,0,0,0,0,0,0,0,0,0,0,0,0,68,0,0,0,0,0,0,0,0,0,0,0,0,0,0,0,0,0,0,0,0,0,0,0,0,0,1,0,0,1,0,3,0,0,1,0,0,0,0,0,0,0,0,0,0,0,0,0,0,0,0,24,0,0,0,0,0,0,11,2,1,2,0,0,0,0,1,0,10,0,1,62,29
rfc9535,9a850efc6de8df00dcee048047eeb40ef402b049,0,9661.375,57993216.0,3,0,3,22,25,0,0,0,0,0,0,0,12,10,0,0,0,0,0,0,0,0,0,0,0,0,0,0,0,0,0,0,0,0,0,0,0,0,0,0,0,68,0,0,0,0,0,0,0,0,0,0,0,0,0,0,0,0,0,0,0,0,0,0,0,0,0,1,0,0,1,0,3,0,0,1,0,0,0,0,0,0,0,0,0,0,0,0,0,0,0,0,24,0,0,0,0,0,0,11,2,1,2,0,0,0,0,1,0,10,0,1,62,29
p3,9a850efc6de8df00dcee048047eeb40ef402b049,0,5679.6875,54867968.0,3,0,3,22,25,0,0,0,0,0,0,0,12,10,0,0,0,0,0,0,0,0,0,0,0,0,0,0,0,0,0,0,0,0,0,0,0,0,0,0,0,68,0,0,0,0,0,0,0,0,0,0,0,0,0,0,0,0,0,0,0,0,0,0,0,0,0,1,0,0,1,0,3,0,0,1,0,0,0,0,0,0,0,0,0,0,0,0,0,0,0,0,24,0,0,0,0,0,0,11,2,1,2,0,0,0,0,1,0,10,0,1,62,29
plus,acc47abaa3dbab863c12435329cf1dbe9c382b4e,0,4594.0,54431744.0,10,0,10,68,78,0,0,0,0,0,0,0,3,3,0,0,0,0,0,2,0,0,6,0,2,2,0,0,0,0,0,0,0,0,0,0,0,0,0,0,0,38,0,0,0,0,0,0,0,0,0,0,0,0,0,0,0,0,0,0,0,0,0,0,0,0,0,1,0,0,9,0,10,0,0,0,0,0,0,0,0,0,0,0,0,0,0,0,0,0,0,0,20,1,4,1,2,7,1,4,1,0,1,1,5,7,0,0,2,0,3,2,66,73
dchester,acc47abaa3dbab863c12435329cf1dbe9c382b4e,0,48283.625,64628736.0,10,0,10,68,78,0,0,0,0,0,0,0,3,3,0,0,0,0,0,2,0,0,6,0,2,2,0,0,0,0,0,0,0,0,0,0,0,0,0,0,0,38,0,0,0,0,0,0,0,0,0,0,0,0,0,0,0,0,0,0,0,0,0,0,0,0,0,1,0,0,9,0,10,0,0,0,0,0,0,0,0,0,0,0,0,0,0,0,0,0,0,0,20,1,4,1,2,7,1,4,1,0,1,1,5,7,0,0,2,0,3,2,66,73
jsonpathly,acc47abaa3dbab863c12435329cf1dbe9c382b4e,0,22012.6,57750323.2,10,0,10,68,78,0,0,0,0,0,0,0,3,3,0,0,0,0,0,2,0,0,6,0,2,2,0,0,0,0,0,0,0,0,0,0,0,0,0,0,0,38,0,0,0,0,0,0,0,0,0,0,0,0,0,0,0,0,0,0,0,0,0,0,0,0,0,1,0,0,9,0,10,0,0,0,0,0,0,0,0,0,0,0,0,0,0,0,0,0,0,0,20,1,4,1,2,7,1,4,1,0,1,1,5,7,0,0,2,0,3,2,66,73
rfc9535,acc47abaa3dbab863c12435329cf1dbe9c382b4e,0,15473.875,58146816.0,10,0,10,68,78,0,0,0,0,0,0,0,3,3,0,0,0,0,0,2,0,0,6,0,2,2,0,0,0,0,0,0,0,0,0,0,0,0,0,0,0,38,0,0,0,0,0,0,0,0,0,0,0,0,0,0,0,0,0,0,0,0,0,0,0,0,0,1,0,0,9,0,10,0,0,0,0,0,0,0,0,0,0,0,0,0,0,0,0,0,0,0,20,1,4,1,2,7,1,4,1,0,1,1,5,7,0,0,2,0,3,2,66,73
p3,acc47abaa3dbab863c12435329cf1dbe9c382b4e,0,11937.4375,55459840.0,10,0,10,68,78,0,0,0,0,0,0,0,3,3,0,0,0,0,0,2,0,0,6,0,2,2,0,0,0,0,0,0,0,0,0,0,0,0,0,0,0,38,0,0,0,0,0,0,0,0,0,0,0,0,0,0,0,0,0,0,0,0,0,0,0,0,0,1,0,0,9,0,10,0,0,0,0,0,0,0,0,0,0,0,0,0,0,0,0,0,0,0,20,1,4,1,2,7,1,4,1,0,1,1,5,7,0,0,2,0,3,2,66,73
plus,a706a407de051f579214d8093853684c665fe929,0,3713.75,54210560.0,4,0,4,105,109,0,0,0,0,0,0,0,0,0,0,0,0,0,0,0,0,0,0,0,0,0,0,0,0,0,0,0,0,0,0,0,0,0,0,0,0,97,0,0,0,0,0,0,0,0,0,0,0,0,0,0,0,0,0,0,0,0,0,0,0,0,0,0,0,0,7,0,4,0,0,0,0,0,0,0,0,0,0,0,0,0,0,0,0,0,0,0,35,1,8,1,2,2,5,8,0,0,1,0,0,0,1,0,0,0,7,2,110,78
dchester,a706a407de051f579214d8093853684c665fe929,0,25627.625,63172608.0,4,0,4,105,109,0,0,0,0,0,0,0,0,0,0,0,0,0,0,0,0,0,0,0,0,0,0,0,0,0,0,0,0,0,0,0,0,0,0,0,0,97,0,0,0,0,0,0,0,0,0,0,0,0,0,0,0,0,0,0,0,0,0,0,0,0,0,0,0,0,7,0,4,0,0,0,0,0,0,0,0,0,0,0,0,0,0,0,0,0,0,0,35,1,8,1,2,2,5,8,0,0,1,0,0,0,1,0,0,0,7,2,110,78
jsonpathly,a706a407de051f579214d8093853684c665fe929,0,19312.5,57484434.28571428,4,0,4,105,109,0,0,0,0,0,0,0,0,0,0,0,0,0,0,0,0,0,0,0,0,0,0,0,0,0,0,0,0,0,0,0,0,0,0,0,0,97,0,0,0,0,0,0,0,0,0,0,0,0,0,0,0,0,0,0,0,0,0,0,0,0,0,0,0,0,7,0,4,0,0,0,0,0,0,0,0,0,0,0,0,0,0,0,0,0,0,0,35,1,8,1,2,2,5,8,0,0,1,0,0,0,1,0,0,0,7,2,110,78
rfc9535,a706a407de051f579214d8093853684c665fe929,0,13817.6875,57948160.0,4,0,4,105,109,0,0,0,0,0,0,0,0,0,0,0,0,0,0,0,0,0,0,0,0,0,0,0,0,0,0,0,0,0,0,0,0,0,0,0,0,97,0,0,0,0,0,0,0,0,0,0,0,0,0,0,0,0,0,0,0,0,0,0,0,0,0,0,0,0,7,0,4,0,0,0,0,0,0,0,0,0,0,0,0,0,0,0,0,0,0,0,35,1,8,1,2,2,5,8,0,0,1,0,0,0,1,0,0,0,7,2,110,78
p3,a706a407de051f579214d8093853684c665fe929,0,5877.5625,54921216.0,4,0,4,105,109,0,0,0,0,0,0,0,0,0,0,0,0,0,0,0,0,0,0,0,0,0,0,0,0,0,0,0,0,0,0,0,0,0,0,0,0,97,0,0,0,0,0,0,0,0,0,0,0,0,0,0,0,0,0,0,0,0,0,0,0,0,0,0,0,0,7,0,4,0,0,0,0,0,0,0,0,0,0,0,0,0,0,0,0,0,0,0,35,1,8,1,2,2,5,8,0,0,1,0,0,0,1,0,0,0,7,2,110,78
plus,eb130266a40eedf2abd9c4ce5fddbde47670f53e,0,5645.9,54329344.0,10,0,10,153,163,0,0,0,0,0,0,0,0,0,0,0,0,0,0,0,0,0,0,0,0,0,0,0,0,0,0,0,0,0,0,0,0,0,0,0,0,54,0,0,0,0,0,0,0,0,0,0,0,0,0,0,0,0,0,0,0,0,0,0,0,0,0,0,0,0,2,0,10,0,0,0,0,0,0,0,0,0,0,0,0,0,0,0,0,0,0,0,22,0,0,0,0,0,0,9,0,0,2,0,0,0,2,2,1,7,0,3,39,174
dchester,eb130266a40eedf2abd9c4ce5fddbde47670f53e,0,47406.333333333336,64473770.666666664,10,0,10,153,163,0,0,0,0,0,0,0,0,0,0,0,0,0,0,0,0,0,0,0,0,0,0,0,0,0,0,0,0,0,0,0,0,0,0,0,0,54,0,0,0,0,0,0,0,0,0,0,0,0,0,0,0,0,0,0,0,0,0,0,0,0,0,0,0,0,2,0,10,0,0,0,0,0,0,0,0,0,0,0,0,0,0,0,0,0,0,0,22,0,0,0,0,0,0,9,0,0,2,0,0,0,2,2,1,7,0,3,39,174
jsonpathly,eb130266a40eedf2abd9c4ce5fddbde47670f53e,0,26903.75,57669632.0,10,0,10,153,163,0,0,0,0,0,0,0,0,0,0,0,0,0,0,0,0,0,0,0,0,0,0,0,0,0,0,0,0,0,0,0,0,0,0,0,0,54,0,0,0,0,0,0,0,0,0,0,0,0,0,0,0,0,0,0,0,0,0,0,0,0,0,0,0,0,2,0,10,0,0,0,0,0,0,0,0,0,0,0,0,0,0,0,0,0,0,0,22,0,0,0,0,0,0,9,0,0,2,0,0,0,2,2,1,7,0,3,39,174
rfc9535,eb130266a40eedf2abd9c4ce5fddbde47670f53e,0,20862.0,58185728.0,10,0,10,153,163,0,0,0,0,0,0,0,0,0,0,0,0,0,0,0,0,0,0,0,0,0,0,0,0,0,0,0,0,0,0,0,0,0,0,0,0,54,0,0,0,0,0,0,0,0,0,0,0,0,0,0,0,0,0,0,0,0,0,0,0,0,0,0,0,0,2,0,10,0,0,0,0,0,0,0,0,0,0,0,0,0,0,0,0,0,0,0,22,0,0,0,0,0,0,9,0,0,2,0,0,0,2,2,1,7,0,3,39,174
p3,eb130266a40eedf2abd9c4ce5fddbde47670f53e,0,11411.5,55576576.0,10,0,10,153,163,0,0,0,0,0,0,0,0,0,0,0,0,0,0,0,0,0,0,0,0,0,0,0,0,0,0,0,0,0,0,0,0,0,0,0,0,54,0,0,0,0,0,0,0,0,0,0,0,0,0,0,0,0,0,0,0,0,0,0,0,0,0,0,0,0,2,0,10,0,0,0,0,0,0,0,0,0,0,0,0,0,0,0,0,0,0,0,22,0,0,0,0,0,0,9,0,0,2,0,0,0,2,2,1,7,0,3,39,174
plus,9de6d74fe7c3ad62c20f93974e5a01f89b414e5c,0,4562.666666666667,54373034.666666664,7,0,7,136,143,0,0,0,0,0,0,0,0,0,0,0,0,0,0,0,0,0,0,0,0,0,0,0,0,0,0,0,0,0,0,0,0,0,0,0,0,5,0,0,0,0,0,0,0,0,0,0,0,0,0,0,0,0,0,0,0,0,0,0,0,0,0,0,0,0,0,0,7,0,0,0,0,0,0,0,0,0,0,0,0,0,0,0,0,0,0,0,5,0,0,0,0,0,0,1,0,0,0,0,0,0,0,1,1,0,0,2,4,151
dchester,9de6d74fe7c3ad62c20f93974e5a01f89b414e5c,0,41789.0625,63866880.0,7,0,7,136,143,0,0,0,0,0,0,0,0,0,0,0,0,0,0,0,0,0,0,0,0,0,0,0,0,0,0,0,0,0,0,0,0,0,0,0,0,5,0,0,0,0,0,0,0,0,0,0,0,0,0,0,0,0,0,0,0,0,0,0,0,0,0,0,0,0,0,0,7,0,0,0,0,0,0,0,0,0,0,0,0,0,0,0,0,0,0,0,5,0,0,0,0,0,0,1,0,0,0,0,0,0,0,1,1,0,0,2,4,151
jsonpathly,9de6d74fe7c3ad62c20f93974e5a01f89b414e5c,0,24671.875,57397248.0,7,0,7,136,143,0,0,0,0,0,0,0,0,0,0,0,0,0,0,0,0,0,0,0,0,0,0,0,0,0,0,0,0,0,0,0,0,0,0,0,0,5,0,0,0,0,0,0,0,0,0,0,0,0,0,0,0,0,0,0,0,0,0,0,0,0,0,0,0,0,0,0,7,0,0,0,0,0,0,0,0,0,0,0,0,0,0,0,0,0,0,0,5,0,0,0,0,0,0,1,0,0,0,0,0,0,0,1,1,0,0,2,4,151
rfc9535,9de6d74fe7c3ad62c20f93974e5a01f89b414e5c,0,18966.1875,58034176.0,7,0,7,136,143,0,0,0,0,0,0,0,0,0,0,0,0,0,0,0,0,0,0,0,0,0,0,0,0,0,0,0,0,0,0,0,0,0,0,0,0,5,0,0,0,0,0,0,0,0,0,0,0,0,0,0,0,0,0,0,0,0,0,0,0,0,0,0,0,0,0,0,7,0,0,0,0,0,0,0,0,0,0,0,0,0,0,0,0,0,0,0,5,0,0,0,0,0,0,1,0,0,0,0,0,0,0,1,1,0,0,2,4,151
p3,9de6d74fe7c3ad62c20f93974e5a01f89b414e5c,0,8817.75,55042048.0,7,0,7,136,143,0,0,0,0,0,0,0,0,0,0,0,0,0,0,0,0,0,0,0,0,0,0,0,0,0,0,0,0,0,0,0,0,0,0,0,0,5,0,0,0,0,0,0,0,0,0,0,0,0,0,0,0,0,0,0,0,0,0,0,0,0,0,0,0,0,0,0,7,0,0,0,0,0,0,0,0,0,0,0,0,0,0,0,0,0,0,0,5,0,0,0,0,0,0,1,0,0,0,0,0,0,0,1,1,0,0,2,4,151
plus,3d2235d6a7bdc1f48ca70e2ec5d442df53ad2a2d,0,4987.4,54362112.0,5,0,5,816,821,0,0,0,0,0,0,3,34,20,0,0,0,0,0,3,2,4,11,2,1,1,0,0,0,0,0,0,0,0,0,0,0,0,0,0,0,361,0,0,0,0,0,0,0,0,0,0,0,0,0,0,0,0,0,0,0,0,0,0,0,0,0,0,0,0,40,0,5,0,0,4,0,0,0,0,0,0,0,0,0,0,0,0,0,0,0,0,150,4,29,8,29,34,43,42,6,4,8,2,5,14,3,3,9,10,25,6,986,233
dchester,3d2235d6a7bdc1f48ca70e2ec5d442df53ad2a2d,0,30286.5625,63221760.0,5,0,5,816,821,0,0,0,0,0,0,3,34,20,0,0,0,0,0,3,2,4,11,2,1,1,0,0,0,0,0,0,0,0,0,0,0,0,0,0,0,361,0,0,0,0,0,0,0,0,0,0,0,0,0,0,0,0,0,0,0,0,0,0,0,0,0,0,0,0,40,0,5,0,0,4,0,0,0,0,0,0,0,0,0,0,0,0,0,0,0,0,150,4,29,8,29,34,43,42,6,4,8,2,5,14,3,3,9,10,25,6,986,233
jsonpathly,3d2235d6a7bdc1f48ca70e2ec5d442df53ad2a2d,0,24354.0,57403392.0,5,0,5,816,821,0,0,0,0,0,0,3,34,20,0,0,0,0,0,3,2,4,11,2,1,1,0,0,0,0,0,0,0,0,0,0,0,0,0,0,0,361,0,0,0,0,0,0,0,0,0,0,0,0,0,0,0,0,0,0,0,0,0,0,0,0,0,0,0,0,40,0,5,0,0,4,0,0,0,0,0,0,0,0,0,0,0,0,0,0,0,0,150,4,29,8,29,34,43,42,6,4,8,2,5,14,3,3,9,10,25,6,986,233
rfc9535,3d2235d6a7bdc1f48ca70e2ec5d442df53ad2a2d,0,19203.1875,58093568.0,5,0,5,816,821,0,0,0,0,0,0,3,34,20,0,0,0,0,0,3,2,4,11,2,1,1,0,0,0,0,0,0,0,0,0,0,0,0,0,0,0,361,0,0,0,0,0,0,0,0,0,0,0,0,0,0,0,0,0,0,0,0,0,0,0,0,0,0,0,0,40,0,5,0,0,4,0,0,0,0,0,0,0,0,0,0,0,0,0,0,0,0,150,4,29,8,29,34,43,42,6,4,8,2,5,14,3,3,9,10,25,6,986,233
p3,3d2235d6a7bdc1f48ca70e2ec5d442df53ad2a2d,0,7261.928571428572,55097051.428571425,5,0,5,816,821,0,0,0,0,0,0,3,34,20,0,0,0,0,0,3,2,4,11,2,1,1,0,0,0,0,0,0,0,0,0,0,0,0,0,0,0,361,0,0,0,0,0,0,0,0,0,0,0,0,0,0,0,0,0,0,0,0,0,0,0,0,0,0,0,0,40,0,5,0,0,4,0,0,0,0,0,0,0,0,0,0,0,0,0,0,0,0,150,4,29,8,29,34,43,42,6,4,8,2,5,14,3,3,9,10,25,6,986,233
plus,df9346792b4c3b728fc271a218dc61070bcb6e1f,0,6329.3,54352281.6,7,0,7,515,522,0,0,0,0,0,0,1,0,1,0,0,0,0,0,0,0,0,0,0,0,0,0,0,0,0,0,0,0,0,0,0,0,0,0,0,0,263,0,0,0,0,0,0,0,0,0,0,0,0,0,0,0,0,0,0,0,0,0,0,0,0,0,0,0,0,10,0,7,0,0,0,0,0,0,0,0,0,0,0,0,0,0,0,0,0,0,0,73,1,10,2,4,4,5,24,1,0,5,0,0,0,2,2,3,12,9,3,306,370
dchester,df9346792b4c3b728fc271a218dc61070bcb6e1f,0,37777.666666666664,63384234.666666664,7,0,7,515,522,0,0,0,0,0,0,1,0,1,0,0,0,0,0,0,0,0,0,0,0,0,0,0,0,0,0,0,0,0,0,0,0,0,0,0,0,263,0,0,0,0,0,0,0,0,0,0,0,0,0,0,0,0,0,0,0,0,0,0,0,0,0,0,0,0,10,0,7,0,0,0,0,0,0,0,0,0,0,0,0,0,0,0,0,0,0,0,73,1,10,2,4,4,5,24,1,0,5,0,0,0,2,2,3,12,9,3,306,370
jsonpathly,df9346792b4c3b728fc271a218dc61070bcb6e1f,0,26895.8125,57393152.0,7,0,7,515,522,0,0,0,0,0,0,1,0,1,0,0,0,0,0,0,0,0,0,0,0,0,0,0,0,0,0,0,0,0,0,0,0,0,0,0,0,263,0,0,0,0,0,0,0,0,0,0,0,0,0,0,0,0,0,0,0,0,0,0,0,0,0,0,0,0,10,0,7,0,0,0,0,0,0,0,0,0,0,0,0,0,0,0,0,0,0,0,73,1,10,2,4,4,5,24,1,0,5,0,0,0,2,2,3,12,9,3,306,370
rfc9535,df9346792b4c3b728fc271a218dc61070bcb6e1f,0,22416.833333333332,58987861.333333336,7,0,7,515,522,0,0,0,0,0,0,1,0,1,0,0,0,0,0,0,0,0,0,0,0,0,0,0,0,0,0,0,0,0,0,0,0,0,0,0,0,263,0,0,0,0,0,0,0,0,0,0,0,0,0,0,0,0,0,0,0,0,0,0,0,0,0,0,0,0,10,0,7,0,0,0,0,0,0,0,0,0,0,0,0,0,0,0,0,0,0,0,73,1,10,2,4,4,5,24,1,0,5,0,0,0,2,2,3,12,9,3,306,370
p3,df9346792b4c3b728fc271a218dc61070bcb6e1f,0,8574.9,55109222.4,7,0,7,515,522,0,0,0,0,0,0,1,0,1,0,0,0,0,0,0,0,0,0,0,0,0,0,0,0,0,0,0,0,0,0,0,0,0,0,0,0,263,0,0,0,0,0,0,0,0,0,0,0,0,0,0,0,0,0,0,0,0,0,0,0,0,0,0,0,0,10,0,7,0,0,0,0,0,0,0,0,0,0,0,0,0,0,0,0,0,0,0,73,1,10,2,4,4,5,24,1,0,5,0,0,0,2,2,3,12,9,3,306,370
plus,8fb15fa6420b915f7e2db3d88b6a0713499b1661,0,2698.0,54226944.0,0,0,0,181,181,0,0,0,0,0,0,1,20,11,0,0,0,0,0,1,0,0,3,0,1,1,0,0,0,0,0,0,0,0,0,0,0,0,0,0,0,143,0,0,0,0,0,0,0,0,0,0,0,0,0,0,0,0,0,0,0,0,0,0,0,0,0,1,0,0,10,0,0,0,0,1,0,0,0,0,0,0,0,0,0,0,0,0,0,0,0,0,59,1,8,4,13,13,11,19,1,1,3,0,0,0,3,1,1,10,7,3,343,1
dchester,8fb15fa6420b915f7e2db3d88b6a0713499b1661,0,4617.833333333333,59845290.666666664,0,0,0,181,181,0,0,0,0,0,0,1,20,11,0,0,0,0,0,1,0,0,3,0,1,1,0,0,0,0,0,0,0,0,0,0,0,0,0,0,0,143,0,0,0,0,0,0,0,0,0,0,0,0,0,0,0,0,0,0,0,0,0,0,0,0,0,1,0,0,10,0,0,0,0,1,0,0,0,0,0,0,0,0,0,0,0,0,0,0,0,0,59,1,8,4,13,13,11,19,1,1,3,0,0,0,3,1,1,10,7,3,343,1
jsonpathly,8fb15fa6420b915f7e2db3d88b6a0713499b1661,0,10499.9375,56543232.0,0,0,0,181,181,0,0,0,0,0,0,1,20,11,0,0,0,0,0,1,0,0,3,0,1,1,0,0,0,0,0,0,0,0,0,0,0,0,0,0,0,143,0,0,0,0,0,0,0,0,0,0,0,0,0,0,0,0,0,0,0,0,0,0,0,0,0,1,0,0,10,0,0,0,0,1,0,0,0,0,0,0,0,0,0,0,0,0,0,0,0,0,59,1,8,4,13,13,11,19,1,1,3,0,0,0,3,1,1,10,7,3,343,1
rfc9535,8fb15fa6420b915f7e2db3d88b6a0713499b1661,0,5948.125,57720832.0,0,0,0,181,181,0,0,0,0,0,0,1,20,11,0,0,0,0,0,1,0,0,3,0,1,1,0,0,0,0,0,0,0,0,0,0,0,0,0,0,0,143,0,0,0,0,0,0,0,0,0,0,0,0,0,0,0,0,0,0,0,0,0,0,0,0,0,1,0,0,10,0,0,0,0,1,0,0,0,0,0,0,0,0,0,0,0,0,0,0,0,0,59,1,8,4,13,13,11,19,1,1,3,0,0,0,3,1,1,10,7,3,343,1
p3,8fb15fa6420b915f7e2db3d88b6a0713499b1661,0,1867.1875,54466560.0,0,0,0,181,181,0,0,0,0,0,0,1,20,11,0,0,0,0,0,1,0,0,3,0,1,1,0,0,0,0,0,0,0,0,0,0,0,0,0,0,0,143,0,0,0,0,0,0,0,0,0,0,0,0,0,0,0,0,0,0,0,0,0,0,0,0,0,1,0,0,10,0,0,0,0,1,0,0,0,0,0,0,0,0,0,0,0,0,0,0,0,0,59,1,8,4,13,13,11,19,1,1,3,0,0,0,3,1,1,10,7,3,343,1
plus,7b3e3429ce617efd9d6eaadc8cb659e6ef86f65a,0,13479.0,54433109.333333336,10,0,10,1246,1256,0,0,0,0,0,0,0,0,0,0,0,0,0,0,2,2,4,8,2,0,0,0,0,0,0,0,0,0,0,0,0,0,0,0,0,0,51,0,0,0,0,0,0,0,0,0,0,0,0,0,0,0,0,0,0,0,0,0,0,0,0,0,0,0,0,12,0,10,0,0,0,0,0,0,0,0,0,0,0,0,0,0,0,0,0,0,0,14,0,0,0,0,4,0,6,0,0,2,1,4,6,0,1,0,5,0,1,53,1267
dchester,7b3e3429ce617efd9d6eaadc8cb659e6ef86f65a,0,45964.21428571428,64485083.428571425,10,0,10,1246,1256,0,0,0,0,0,0,0,0,0,0,0,0,0,0,2,2,4,8,2,0,0,0,0,0,0,0,0,0,0,0,0,0,0,0,0,0,51,0,0,0,0,0,0,0,0,0,0,0,0,0,0,0,0,0,0,0,0,0,0,0,0,0,0,0,0,12,0,10,0,0,0,0,0,0,0,0,0,0,0,0,0,0,0,0,0,0,0,14,0,0,0,0,4,0,6,0,0,2,1,4,6,0,1,0,5,0,1,53,1267
jsonpathly,7b3e3429ce617efd9d6eaadc8cb659e6ef86f65a,0,63850.1,62475468.8,10,0,10,1246,1256,0,0,0,0,0,0,0,0,0,0,0,0,0,0,2,2,4,8,2,0,0,0,0,0,0,0,0,0,0,0,0,0,0,0,0,0,51,0,0,0,0,0,0,0,0,0,0,0,0,0,0,0,0,0,0,0,0,0,0,0,0,0,0,0,0,12,0,10,0,0,0,0,0,0,0,0,0,0,0,0,0,0,0,0,0,0,0,14,0,0,0,0,4,0,6,0,0,2,1,4,6,0,1,0,5,0,1,53,1267
rfc9535,7b3e3429ce617efd9d6eaadc8cb659e6ef86f65a,0,47993.25,62999210.666666664,10,0,10,1246,1256,0,0,0,0,0,0,0,0,0,0,0,0,0,0,2,2,4,8,2,0,0,0,0,0,0,0,0,0,0,0,0,0,0,0,0,0,51,0,0,0,0,0,0,0,0,0,0,0,0,0,0,0,0,0,0,0,0,0,0,0,0,0,0,0,0,12,0,10,0,0,0,0,0,0,0,0,0,0,0,0,0,0,0,0,0,0,0,14,0,0,0,0,4,0,6,0,0,2,1,4,6,0,1,0,5,0,1,53,1267
p3,7b3e3429ce617efd9d6eaadc8cb659e6ef86f65a,0,13437.5,55476224.0,10,0,10,1246,1256,0,0,0,0,0,0,0,0,0,0,0,0,0,0,2,2,4,8,2,0,0,0,0,0,0,0,0,0,0,0,0,0,0,0,0,0,51,0,0,0,0,0,0,0,0,0,0,0,0,0,0,0,0,0,0,0,0,0,0,0,0,0,0,0,0,12,0,10,0,0,0,0,0,0,0,0,0,0,0,0,0,0,0,0,0,0,0,14,0,0,0,0,4,0,6,0,0,2,1,4,6,0,1,0,5,0,1,53,1267
plus,d0f78772ac1ae99c0a0c7695a028e85989932302,0,4407.714285714285,54259126.85714286,2,0,2,518,520,0,0,0,0,0,0,0,0,0,0,0,0,0,0,4,2,4,14,2,2,2,0,0,0,0,0,0,0,0,0,0,0,0,0,0,0,73,0,0,0,0,0,0,0,0,0,0,0,0,0,0,0,0,0,0,0,0,0,0,0,0,0,0,0,0,7,0,2,0,0,0,0,0,0,0,0,0,0,0,0,0,0,0,0,0,0,0,25,1,5,1,6,6,9,5,0,0,1,0,0,0,2,0,1,0,4,2,292,289
dchester,d0f78772ac1ae99c0a0c7695a028e85989932302,0,16276.125,61286400.0,2,0,2,518,520,0,0,0,0,0,0,0,0,0,0,0,0,0,0,4,2,4,14,2,2,2,0,0,0,0,0,0,0,0,0,0,0,0,0,0,0,73,0,0,0,0,0,0,0,0,0,0,0,0,0,0,0,0,0,0,0,0,0,0,0,0,0,0,0,0,7,0,2,0,0,0,0,0,0,0,0,0,0,0,0,0,0,0,0,0,0,0,25,1,5,1,6,6,9,5,0,0,1,0,0,0,2,0,1,0,4,2,292,289
jsonpathly,d0f78772ac1ae99c0a0c7695a028e85989932302,0,26471.3125,57438208.0,2,0,2,518,520,0,0,0,0,0,0,0,0,0,0,0,0,0,0,4,2,4,14,2,2,2,0,0,0,0,0,0,0,0,0,0,0,0,0,0,0,73,0,0,0,0,0,0,0,0,0,0,0,0,0,0,0,0,0,0,0,0,0,0,0,0,0,0,0,0,7,0,2,0,0,0,0,0,0,0,0,0,0,0,0,0,0,0,0,0,0,0,25,1,5,1,6,6,9,5,0,0,1,0,0,0,2,0,1,0,4,2,292,289
rfc9535,d0f78772ac1ae99c0a0c7695a028e85989932302,0,22130.1875,58052608.0,2,0,2,518,520,0,0,0,0,0,0,0,0,0,0,0,0,0,0,4,2,4,14,2,2,2,0,0,0,0,0,0,0,0,0,0,0,0,0,0,0,73,0,0,0,0,0,0,0,0,0,0,0,0,0,0,0,0,0,0,0,0,0,0,0,0,0,0,0,0,7,0,2,0,0,0,0,0,0,0,0,0,0,0,0,0,0,0,0,0,0,0,25,1,5,1,6,6,9,5,0,0,1,0,0,0,2,0,1,0,4,2,292,289
p3,d0f78772ac1ae99c0a0c7695a028e85989932302,0,4609.375,54831104.0,2,0,2,518,520,0,0,0,0,0,0,0,0,0,0,0,0,0,0,4,2,4,14,2,2,2,0,0,0,0,0,0,0,0,0,0,0,0,0,0,0,73,0,0,0,0,0,0,0,0,0,0,0,0,0,0,0,0,0,0,0,0,0,0,0,0,0,0,0,0,7,0,2,0,0,0,0,0,0,0,0,0,0,0,0,0,0,0,0,0,0,0,25,1,5,1,6,6,9,5,0,0,1,0,0,0,2,0,1,0,4,2,292,289
plus,76073d147aac9857b6e559597e537579b74e5881,0,3838.625,54378496.0,2,0,2,629,631,0,0,0,0,0,0,0,1,1,0,0,0,0,0,3,3,6,12,3,0,0,0,0,0,0,0,0,0,0,0,0,0,0,0,0,0,57,0,0,0,0,0,0,0,0,0,0,0,0,0,0,0,0,0,0,0,0,0,0,0,0,0,0,0,0,0,0,2,0,0,0,0,0,0,0,0,0,0,0,0,0,0,0,0,0,0,0,19,1,4,3,12,12,22,4,0,0,0,0,0,0,0,0,1,0,3,2,465,229
dchester,76073d147aac9857b6e559597e537579b74e5881,0,14736.333333333334,61019477.333333336,2,0,2,629,631,0,0,0,0,0,0,0,1,1,0,0,0,0,0,3,3,6,12,3,0,0,0,0,0,0,0,0,0,0,0,0,0,0,0,0,0,57,0,0,0,0,0,0,0,0,0,0,0,0,0,0,0,0,0,0,0,0,0,0,0,0,0,0,0,0,0,0,2,0,0,0,0,0,0,0,0,0,0,0,0,0,0,0,0,0,0,0,19,1,4,3,12,12,22,4,0,0,0,0,0,0,0,0,1,0,3,2,465,229
jsonpathly,76073d147aac9857b6e559597e537579b74e5881,0,24795.6,57360384.0,2,0,2,629,631,0,0,0,0,0,0,0,1,1,0,0,0,0,0,3,3,6,12,3,0,0,0,0,0,0,0,0,0,0,0,0,0,0,0,0,0,57,0,0,0,0,0,0,0,0,0,0,0,0,0,0,0,0,0,0,0,0,0,0,0,0,0,0,0,0,0,0,2,0,0,0,0,0,0,0,0,0,0,0,0,0,0,0,0,0,0,0,19,1,4,3,12,12,22,4,0,0,0,0,0,0,0,0,1,0,3,2,465,229
rfc9535,76073d147aac9857b6e559597e537579b74e5881,0,20346.25,57987072.0,2,0,2,629,631,0,0,0,0,0,0,0,1,1,0,0,0,0,0,3,3,6,12,3,0,0,0,0,0,0,0,0,0,0,0,0,0,0,0,0,0,57,0,0,0,0,0,0,0,0,0,0,0,0,0,0,0,0,0,0,0,0,0,0,0,0,0,0,0,0,0,0,2,0,0,0,0,0,0,0,0,0,0,0,0,0,0,0,0,0,0,0,19,1,4,3,12,12,22,4,0,0,0,0,0,0,0,0,1,0,3,2,465,229
p3,76073d147aac9857b6e559597e537579b74e5881,0,4567.75,54790144.0,2,0,2,629,631,0,0,0,0,0,0,0,1,1,0,0,0,0,0,3,3,6,12,3,0,0,0,0,0,0,0,0,0,0,0,0,0,0,0,0,0,57,0,0,0,0,0,0,0,0,0,0,0,0,0,0,0,0,0,0,0,0,0,0,0,0,0,0,0,0,0,0,2,0,0,0,0,0,0,0,0,0,0,0,0,0,0,0,0,0,0,0,19,1,4,3,12,12,22,4,0,0,0,0,0,0,0,0,1,0,3,2,465,229
plus,5148e8c7293f3889222752e027b896d6bfba9d0d,0,4258.2,54391603.2,5,2,3,2,5,0,2,0,0,1,1,6,33,20,1,1,0,0,0,0,0,0,0,0,0,0,0,0,0,0,0,0,2,0,0,0,0,0,0,0,0,44,0,0,0,0,0,0,0,0,0,0,0,0,0,0,0,0,0,0,0,0,0,0,0,0,0,9,0,0,0,0,3,0,0,5,0,0,0,0,0,0,0,0,0,0,0,0,0,0,0,0,20,0,0,0,0,0,0,9,9,5,0,0,0,0,0,1,0,8,0,1,56,22
dchester,5148e8c7293f3889222752e027b896d6bfba9d0d,0,37085.9375,63393792.0,5,2,3,2,5,0,2,0,0,1,1,6,33,20,1,1,0,0,0,0,0,0,0,0,0,0,0,0,0,0,0,0,2,0,0,0,0,0,0,0,0,44,0,0,0,0,0,0,0,0,0,0,0,0,0,0,0,0,0,0,0,0,0,0,0,0,0,9,0,0,0,0,3,0,0,5,0,0,0,0,0,0,0,0,0,0,0,0,0,0,0,0,20,0,0,0,0,0,0,9,9,5,0,0,0,0,0,1,0,8,0,1,56,22
jsonpathly,5148e8c7293f3889222752e027b896d6bfba9d0d,0,22174.625,57296896.0,5,2,3,2,5,0,2,0,0,1,1,6,33,20,1,1,0,0,0,0,0,0,0,0,0,0,0,0,0,0,0,0,2,0,0,0,0,0,0,0,0,44,0,0,0,0,0,0,0,0,0,0,0,0,0,0,0,0,0,0,0,0,0,0,0,0,0,9,0,0,0,0,3,0,0,5,0,0,0,0,0,0,0,0,0,0,0,0,0,0,0,0,20,0,0,0,0,0,0,9,9,5,0,0,0,0,0,1,0,8,0,1,56,22
rfc9535,5148e8c7293f3889222752e027b896d6bfba9d0d,0,11807.25,57931776.0,5,2,3,2,5,0,2,0,0,1,1,6,33,20,1,1,0,0,0,0,0,0,0,0,0,0,0,0,0,0,0,0,2,0,0,0,0,0,0,0,0,44,0,0,0,0,0,0,0,0,0,0,0,0,0,0,0,0,0,0,0,0,0,0,0,0,0,9,0,0,0,0,3,0,0,5,0,0,0,0,0,0,0,0,0,0,0,0,0,0,0,0,20,0,0,0,0,0,0,9,9,5,0,0,0,0,0,1,0,8,0,1,56,22
p3,5148e8c7293f3889222752e027b896d6bfba9d0d,0,10701.666666666666,55170389.333333336,5,2,3,2,5,0,2,0,0,1,1,6,33,20,1,1,0,0,0,0,0,0,0,0,0,0,0,0,0,0,0,0,2,0,0,0,0,0,0,0,0,44,0,0,0,0,0,0,0,0,0,0,0,0,0,0,0,0,0,0,0,0,0,0,0,0,0,9,0,0,0,0,3,0,0,5,0,0,0,0,0,0,0,0,0,0,0,0,0,0,0,0,20,0,0,0,0,0,0,9,9,5,0,0,0,0,0,1,0,8,0,1,56,22
plus,4ccf745d8b689b61a3afee90be69ea550d9d5c3a,0,4932.25,54374400.0,8,4,4,31,35,3,2,4,5,1,1,1,5,3,4,1,1,5,3,0,0,0,0,0,0,0,0,4,3,1,5,8,1,0,0,0,0,0,0,0,0,25,0,0,0,0,0,0,0,0,0,0,0,0,0,0,0,0,0,0,0,0,0,0,0,0,0,2,0,0,0,0,4,0,0,1,0,0,0,0,0,0,0,0,0,0,0,0,0,0,0,0,6,0,0,0,0,0,0,2,2,1,0,0,0,0,0,1,0,1,0,1,18,84
dchester,4ccf745d8b689b61a3afee90be69ea550d9d5c3a,0,35791.5,64471040.0,8,4,4,31,35,3,2,4,5,1,1,1,5,3,4,1,1,5,3,0,0,0,0,0,0,0,0,4,3,1,5,8,1,0,0,0,0,0,0,0,0,25,0,0,0,0,0,0,0,0,0,0,0,0,0,0,0,0,0,0,0,0,0,0,0,0,0,2,0,0,0,0,4,0,0,1,0,0,0,0,0,0,0,0,0,0,0,0,0,0,0,0,6,0,0,0,0,0,0,2,2,1,0,0,0,0,0,1,0,1,0,1,18,84
jsonpathly,4ccf745d8b689b61a3afee90be69ea550d9d5c3a,0,25583.285714285714,57706788.571428575,8,4,4,31,35,3,2,4,5,1,1,1,5,3,4,1,1,5,3,0,0,0,0,0,0,0,0,4,3,1,5,8,1,0,0,0,0,0,0,0,0,25,0,0,0,0,0,0,0,0,0,0,0,0,0,0,0,0,0,0,0,0,0,0,0,0,0,2,0,0,0,0,4,0,0,1,0,0,0,0,0,0,0,0,0,0,0,0,0,0,0,0,6,0,0,0,0,0,0,2,2,1,0,0,0,0,0,1,0,1,0,1,18,84
rfc9535,4ccf745d8b689b61a3afee90be69ea550d9d5c3a,0,21299.5,58523648.0,8,4,4,31,35,3,2,4,5,1,1,1,5,3,4,1,1,5,3,0,0,0,0,0,0,0,0,4,3,1,5,8,1,0,0,0,0,0,0,0,0,25,0,0,0,0,0,0,0,0,0,0,0,0,0,0,0,0,0,0,0,0,0,0,0,0,0,2,0,0,0,0,4,0,0,1,0,0,0,0,0,0,0,0,0,0,0,0,0,0,0,0,6,0,0,0,0,0,0,2,2,1,0,0,0,0,0,1,0,1,0,1,18,84
p3,4ccf745d8b689b61a3afee90be69ea550d9d5c3a,0,25166.5,57382912.0,8,4,4,31,35,3,2,4,5,1,1,1,5,3,4,1,1,5,3,0,0,0,0,0,0,0,0,4,3,1,5,8,1,0,0,0,0,0,0,0,0,25,0,0,0,0,0,0,0,0,0,0,0,0,0,0,0,0,0,0,0,0,0,0,0,0,0,2,0,0,0,0,4,0,0,1,0,0,0,0,0,0,0,0,0,0,0,0,0,0,0,0,6,0,0,0,0,0,0,2,2,1,0,0,0,0,0,1,0,1,0,1,18,84
plus,0574f99c9b96fdfd47184dbd85fd83e4f064ee1e,0,7159.833333333333,54711637.333333336,1,0,0,14,14,0,1,8,9,3,3,4,17,10,6,3,0,0,2,0,0,0,0,0,0,0,0,0,3,1,5,10,0,0,0,0,0,0,0,0,0,9,0,0,0,0,0,0,0,0,0,0,0,0,0,0,0,0,0,0,0,0,0,0,0,0,0,4,0,0,0,0,1,0,0,3,0,0,0,0,0,0,0,0,0,0,0,0,0,0,0,0,10,0,0,0,0,0,0,4,4,3,0,0,0,0,0,1,0,3,0,1,22,50
dchester,0574f99c9b96fdfd47184dbd85fd83e4f064ee1e,0,44992.25,63895552.0,1,0,0,14,14,0,1,8,9,3,3,4,17,10,6,3,0,0,2,0,0,0,0,0,0,0,0,0,3,1,5,10,0,0,0,0,0,0,0,0,0,9,0,0,0,0,0,0,0,0,0,0,0,0,0,0,0,0,0,0,0,0,0,0,0,0,0,4,0,0,0,0,1,0,0,3,0,0,0,0,0,0,0,0,0,0,0,0,0,0,0,0,10,0,0,0,0,0,0,4,4,3,0,0,0,0,0,1,0,3,0,1,22,50
jsonpathly,0574f99c9b96fdfd47184dbd85fd83e4f064ee1e,0,23781.0625,57593856.0,1,0,0,14,14,0,1,8,9,3,3,4,17,10,6,3,0,0,2,0,0,0,0,0,0,0,0,0,3,1,5,10,0,0,0,0,0,0,0,0,0,9,0,0,0,0,0,0,0,0,0,0,0,0,0,0,0,0,0,0,0,0,0,0,0,0,0,4,0,0,0,0,1,0,0,3,0,0,0,0,0,0,0,0,0,0,0,0,0,0,0,0,10,0,0,0,0,0,0,4,4,3,0,0,0,0,0,1,0,3,0,1,22,50
rfc9535,0574f99c9b96fdfd47184dbd85fd83e4f064ee1e,0,19638.0,58359808.0,1,0,0,14,14,0,1,8,9,3,3,4,17,10,6,3,0,0,2,0,0,0,0,0,0,0,0,0,3,1,5,10,0,0,0,0,0,0,0,0,0,9,0,0,0,0,0,0,0,0,0,0,0,0,0,0,0,0,0,0,0,0,0,0,0,0,0,4,0,0,0,0,1,0,0,3,0,0,0,0,0,0,0,0,0,0,0,0,0,0,0,0,10,0,0,0,0,0,0,4,4,3,0,0,0,0,0,1,0,3,0,1,22,50
p3,0574f99c9b96fdfd47184dbd85fd83e4f064ee1e,0,20268.1875,56504320.0,1,0,0,14,14,0,1,8,9,3,3,4,17,10,6,3,0,0,2,0,0,0,0,0,0,0,0,0,3,1,5,10,0,0,0,0,0,0,0,0,0,9,0,0,0,0,0,0,0,0,0,0,0,0,0,0,0,0,0,0,0,0,0,0,0,0,0,4,0,0,0,0,1,0,0,3,0,0,0,0,0,0,0,0,0,0,0,0,0,0,0,0,10,0,0,0,0,0,0,4,4,3,0,0,0,0,0,1,0,3,0,1,22,50
plus,5277e947b84ada653848094934895aeb699acadc,0,6111.25,54580565.333333336,7,2,2,29,31,2,4,15,17,6,7,7,10,10,11,4,0,0,0,0,0,0,0,0,0,0,0,0,7,0,0,0,2,1,0,0,0,0,0,0,0,6,0,0,0,0,0,0,0,0,0,0,0,0,0,0,0,0,0,0,0,0,0,0,0,0,0,2,0,0,0,0,5,0,0,1,0,0,0,0,0,0,0,0,0,0,0,0,0,0,0,0,6,0,0,0,0,0,0,2,2,1,0,0,0,0,0,1,0,1,0,1,12,99
dchester,5277e947b84ada653848094934895aeb699acadc,0,nan,nan,7,2,2,29,31,2,4,15,17,6,7,7,10,10,11,4,0,0,0,0,0,0,0,0,0,0,0,0,7,0,0,0,2,1,0,0,0,0,0,0,0,6,0,0,0,0,0,0,0,0,0,0,0,0,0,0,0,0,0,0,0,0,0,0,0,0,0,2,0,0,0,0,5,0,0,1,0,0,0,0,0,0,0,0,0,0,0,0,0,0,0,0,6,0,0,0,0,0,0,2,2,1,0,0,0,0,0,1,0,1,0,1,12,99
jsonpathly,5277e947b84ada653848094934895aeb699acadc,0,34703.125,57937920.0,7,2,2,29,31,2,4,15,17,6,7,7,10,10,11,4,0,0,0,0,0,0,0,0,0,0,0,0,7,0,0,0,2,1,0,0,0,0,0,0,0,6,0,0,0,0,0,0,0,0,0,0,0,0,0,0,0,0,0,0,0,0,0,0,0,0,0,2,0,0,0,0,5,0,0,1,0,0,0,0,0,0,0,0,0,0,0,0,0,0,0,0,6,0,0,0,0,0,0,2,2,1,0,0,0,0,0,1,0,1,0,1,12,99
rfc9535,5277e947b84ada653848094934895aeb699acadc,0,28162.6,59604992.0,7,2,2,29,31,2,4,15,17,6,7,7,10,10,11,4,0,0,0,0,0,0,0,0,0,0,0,0,7,0,0,0,2,1,0,0,0,0,0,0,0,6,0,0,0,0,0,0,0,0,0,0,0,0,0,0,0,0,0,0,0,0,0,0,0,0,0,2,0,0,0,0,5,0,0,1,0,0,0,0,0,0,0,0,0,0,0,0,0,0,0,0,6,0,0,0,0,0,0,2,2,1,0,0,0,0,0,1,0,1,0,1,12,99
p3,5277e947b84ada653848094934895aeb699acadc,0,31523.5625,58560512.0,7,2,2,29,31,2,4,15,17,6,7,7,10,10,11,4,0,0,0,0,0,0,0,0,0,0,0,0,7,0,0,0,2,1,0,0,0,0,0,0,0,6,0,0,0,0,0,0,0,0,0,0,0,0,0,0,0,0,0,0,0,0,0,0,0,0,0,2,0,0,0,0,5,0,0,1,0,0,0,0,0,0,0,0,0,0,0,0,0,0,0,0,6,0,0,0,0,0,0,2,2,1,0,0,0,0,0,1,0,1,0,1,12,99
plus,9ce9b000bc6b749be2711a1b7da7fb803e2adcef,0,3468.9375,54306816.0,1,1,1,3,4,0,0,0,0,0,0,2,19,8,0,0,0,0,0,0,0,0,0,0,0,0,0,0,0,0,0,0,0,0,0,0,0,0,0,0,0,18,0,0,0,0,0,0,0,0,0,0,0,0,0,0,0,0,0,0,0,0,0,0,0,0,0,3,0,0,0,0,0,0,0,2,0,0,0,0,0,0,0,0,0,0,0,0,0,0,0,0,8,0,0,0,0,0,0,3,3,2,0,0,0,0,0,1,0,2,0,1,25,7
dchester,9ce9b000bc6b749be2711a1b7da7fb803e2adcef,0,10583.3125,60315648.0,1,1,1,3,4,0,0,0,0,0,0,2,19,8,0,0,0,0,0,0,0,0,0,0,0,0,0,0,0,0,0,0,0,0,0,0,0,0,0,0,0,18,0,0,0,0,0,0,0,0,0,0,0,0,0,0,0,0,0,0,0,0,0,0,0,0,0,3,0,0,0,0,0,0,0,2,0,0,0,0,0,0,0,0,0,0,0,0,0,0,0,0,8,0,0,0,0,0,0,3,3,2,0,0,0,0,0,1,0,2,0,1,25,7
jsonpathly,9ce9b000bc6b749be2711a1b7da7fb803e2adcef,0,11970.8,56698470.4,1,1,1,3,4,0,0,0,0,0,0,2,19,8,0,0,0,0,0,0,0,0,0,0,0,0,0,0,0,0,0,0,0,0,0,0,0,0,0,0,0,18,0,0,0,0,0,0,0,0,0,0,0,0,0,0,0,0,0,0,0,0,0,0,0,0,0,3,0,0,0,0,0,0,0,2,0,0,0,0,0,0,0,0,0,0,0,0,0,0,0,0,8,0,0,0,0,0,0,3,3,2,0,0,0,0,0,1,0,2,0,1,25,7
rfc9535,9ce9b000bc6b749be2711a1b7da7fb803e2adcef,0,8059.9375,57851904.0,1,1,1,3,4,0,0,0,0,0,0,2,19,8,0,0,0,0,0,0,0,0,0,0,0,0,0,0,0,0,0,0,0,0,0,0,0,0,0,0,0,18,0,0,0,0,0,0,0,0,0,0,0,0,0,0,0,0,0,0,0,0,0,0,0,0,0,3,0,0,0,0,0,0,0,2,0,0,0,0,0,0,0,0,0,0,0,0,0,0,0,0,8,0,0,0,0,0,0,3,3,2,0,0,0,0,0,1,0,2,0,1,25,7
p3,9ce9b000bc6b749be2711a1b7da7fb803e2adcef,0,5476.5625,54902784.0,1,1,1,3,4,0,0,0,0,0,0,2,19,8,0,0,0,0,0,0,0,0,0,0,0,0,0,0,0,0,0,0,0,0,0,0,0,0,0,0,0,18,0,0,0,0,0,0,0,0,0,0,0,0,0,0,0,0,0,0,0,0,0,0,0,0,0,3,0,0,0,0,0,0,0,2,0,0,0,0,0,0,0,0,0,0,0,0,0,0,0,0,8,0,0,0,0,0,0,3,3,2,0,0,0,0,0,1,0,2,0,1,25,7
plus,31c982ede1b373f4d034e68879e37879d192c0a5,0,2791.8333333333335,54203733.333333336,0,0,0,0,0,0,0,0,0,0,0,3,11,9,0,0,0,0,0,0,0,0,0,0,0,0,0,0,0,0,0,0,0,0,0,0,0,0,0,0,0,15,0,0,0,0,0,0,0,0,0,0,0,0,0,0,0,0,0,0,0,0,0,0,0,0,0,3,0,0,0,0,0,0,0,1,0,0,0,0,0,0,0,0,0,0,0,0,0,0,0,0,8,0,0,0,0,0,0,3,3,1,0,0,0,0,0,1,0,2,0,1,22,1
dchester,31c982ede1b373f4d034e68879e37879d192c0a5,0,4656.5,60035072.0,0,0,0,0,0,0,0,0,0,0,0,3,11,9,0,0,0,0,0,0,0,0,0,0,0,0,0,0,0,0,0,0,0,0,0,0,0,0,0,0,0,15,0,0,0,0,0,0,0,0,0,0,0,0,0,0,0,0,0,0,0,0,0,0,0,0,0,3,0,0,0,0,0,0,0,1,0,0,0,0,0,0,0,0,0,0,0,0,0,0,0,0,8,0,0,0,0,0,0,3,3,1,0,0,0,0,0,1,0,2,0,1,22,1
jsonpathly,31c982ede1b373f4d034e68879e37879d192c0a5,0,8770.666666666666,56519338.666666664,0,0,0,0,0,0,0,0,0,0,0,3,11,9,0,0,0,0,0,0,0,0,0,0,0,0,0,0,0,0,0,0,0,0,0,0,0,0,0,0,0,15,0,0,0,0,0,0,0,0,0,0,0,0,0,0,0,0,0,0,0,0,0,0,0,0,0,3,0,0,0,0,0,0,0,1,0,0,0,0,0,0,0,0,0,0,0,0,0,0,0,0,8,0,0,0,0,0,0,3,3,1,0,0,0,0,0,1,0,2,0,1,22,1
rfc9535,31c982ede1b373f4d034e68879e37879d192c0a5,0,5847.333333333333,57693525.333333336,0,0,0,0,0,0,0,0,0,0,0,3,11,9,0,0,0,0,0,0,0,0,0,0,0,0,0,0,0,0,0,0,0,0,0,0,0,0,0,0,0,15,0,0,0,0,0,0,0,0,0,0,0,0,0,0,0,0,0,0,0,0,0,0,0,0,0,3,0,0,0,0,0,0,0,1,0,0,0,0,0,0,0,0,0,0,0,0,0,0,0,0,8,0,0,0,0,0,0,3,3,1,0,0,0,0,0,1,0,2,0,1,22,1
p3,31c982ede1b373f4d034e68879e37879d192c0a5,0,1902.8333333333333,54362112.0,0,0,0,0,0,0,0,0,0,0,0,3,11,9,0,0,0,0,0,0,0,0,0,0,0,0,0,0,0,0,0,0,0,0,0,0,0,0,0,0,0,15,0,0,0,0,0,0,0,0,0,0,0,0,0,0,0,0,0,0,0,0,0,0,0,0,0,3,0,0,0,0,0,0,0,1,0,0,0,0,0,0,0,0,0,0,0,0,0,0,0,0,8,0,0,0,0,0,0,3,3,1,0,0,0,0,0,1,0,2,0,1,22,1
plus,003bce20b76496008f4d18afd128fb528c54187b,0,7374.75,54562816.0,3,0,1,39,40,0,2,13,15,8,8,4,12,8,7,2,1,5,5,1,0,1,2,0,1,0,1,7,5,2,5,6,0,0,0,0,0,0,0,0,0,10,0,0,0,0,0,0,0,0,0,0,0,0,0,0,0,0,0,0,0,0,0,0,0,0,0,2,0,0,0,0,3,0,0,1,0,0,0,0,0,0,0,0,0,0,0,0,0,0,0,0,6,0,0,0,0,0,0,2,2,1,0,0,0,0,0,1,0,1,0,1,16,106
dchester,003bce20b76496008f4d18afd128fb528c54187b,0,42702.21428571428,64522532.571428575,3,0,1,39,40,0,2,13,15,8,8,4,12,8,7,2,1,5,5,1,0,1,2,0,1,0,1,7,5,2,5,6,0,0,0,0,0,0,0,0,0,10,0,0,0,0,0,0,0,0,0,0,0,0,0,0,0,0,0,0,0,0,0,0,0,0,0,2,0,0,0,0,3,0,0,1,0,0,0,0,0,0,0,0,0,0,0,0,0,0,0,0,6,0,0,0,0,0,0,2,2,1,0,0,0,0,0,1,0,1,0,1,16,106
jsonpathly,003bce20b76496008f4d18afd128fb528c54187b,0,31099.0,58015744.0,3,0,1,39,40,0,2,13,15,8,8,4,12,8,7,2,1,5,5,1,0,1,2,0,1,0,1,7,5,2,5,6,0,0,0,0,0,0,0,0,0,10,0,0,0,0,0,0,0,0,0,0,0,0,0,0,0,0,0,0,0,0,0,0,0,0,0,2,0,0,0,0,3,0,0,1,0,0,0,0,0,0,0,0,0,0,0,0,0,0,0,0,6,0,0,0,0,0,0,2,2,1,0,0,0,0,0,1,0,1,0,1,16,106
rfc9535,003bce20b76496008f4d18afd128fb528c54187b,0,29281.375,58841088.0,3,0,1,39,40,0,2,13,15,8,8,4,12,8,7,2,1,5,5,1,0,1,2,0,1,0,1,7,5,2,5,6,0,0,0,0,0,0,0,0,0,10,0,0,0,0,0,0,0,0,0,0,0,0,0,0,0,0,0,0,0,0,0,0,0,0,0,2,0,0,0,0,3,0,0,1,0,0,0,0,0,0,0,0,0,0,0,0,0,0,0,0,6,0,0,0,0,0,0,2,2,1,0,0,0,0,0,1,0,1,0,1,16,106
p3,003bce20b76496008f4d18afd128fb528c54187b,0,31305.5,59168085.333333336,3,0,1,39,40,0,2,13,15,8,8,4,12,8,7,2,1,5,5,1,0,1,2,0,1,0,1,7,5,2,5,6,0,0,0,0,0,0,0,0,0,10,0,0,0,0,0,0,0,0,0,0,0,0,0,0,0,0,0,0,0,0,0,0,0,0,0,2,0,0,0,0,3,0,0,1,0,0,0,0,0,0,0,0,0,0,0,0,0,0,0,0,6,0,0,0,0,0,0,2,2,1,0,0,0,0,0,1,0,1,0,1,16,106
plus,8d07948151244f4dab204bc793d2500d38e1fc3a,0,23964.35714285714,56534162.28571428,6,4,0,40,40,3,3,12,14,7,7,6,37,23,8,4,0,0,0,0,0,0,0,0,0,0,0,0,4,0,0,0,1,0,1,1,2,2,0,0,4,17,2,1,1,0,1,0,1,0,0,0,1,0,0,0,0,0,0,1,1,0,0,0,0,1,1,1,0,0,41,0,2,1,0,0,0,0,0,0,1,1,72,157,229,593,294,53,71,33,208,67,4,0,0,0,0,0,0,1,1,0,0,0,0,0,0,1,0,0,0,1,5,1962
dchester,8d07948151244f4dab204bc793d2500d38e1fc3a,0,nan,nan,6,4,0,40,40,3,3,12,14,7,7,6,37,23,8,4,0,0,0,0,0,0,0,0,0,0,0,0,4,0,0,0,1,0,1,1,2,2,0,0,4,17,2,1,1,0,1,0,1,0,0,0,1,0,0,0,0,0,0,1,1,0,0,0,0,1,1,1,0,0,41,0,2,1,0,0,0,0,0,0,1,1,72,157,229,593,294,53,71,33,208,67,4,0,0,0,0,0,0,1,1,0,0,0,0,0,0,1,0,0,0,1,5,1962
jsonpathly,8d07948151244f4dab204bc793d2500d38e1fc3a,0,362557.375,65323008.0,6,4,0,40,40,3,3,12,14,7,7,6,37,23,8,4,0,0,0,0,0,0,0,0,0,0,0,0,4,0,0,0,1,0,1,1,2,2,0,0,4,17,2,1,1,0,1,0,1,0,0,0,1,0,0,0,0,0,0,1,1,0,0,0,0,1,1,1,0,0,41,0,2,1,0,0,0,0,0,0,1,1,72,157,229,593,294,53,71,33,208,67,4,0,0,0,0,0,0,1,1,0,0,0,0,0,0,1,0,0,0,1,5,1962
rfc9535,8d07948151244f4dab204bc793d2500d38e1fc3a,0,241666.5,64479232.0,6,4,0,40,40,3,3,12,14,7,7,6,37,23,8,4,0,0,0,0,0,0,0,0,0,0,0,0,4,0,0,0,1,0,1,1,2,2,0,0,4,17,2,1,1,0,1,0,1,0,0,0,1,0,0,0,0,0,0,1,1,0,0,0,0,1,1,1,0,0,41,0,2,1,0,0,0,0,0,0,1,1,72,157,229,593,294,53,71,33,208,67,4,0,0,0,0,0,0,1,1,0,0,0,0,0,0,1,0,0,0,1,5,1962
p3,8d07948151244f4dab204bc793d2500d38e1fc3a,0,121520.625,63426560.0,6,4,0,40,40,3,3,12,14,7,7,6,37,23,8,4,0,0,0,0,0,0,0,0,0,0,0,0,4,0,0,0,1,0,1,1,2,2,0,0,4,17,2,1,1,0,1,0,1,0,0,0,1,0,0,0,0,0,0,1,1,0,0,0,0,1,1,1,0,0,41,0,2,1,0,0,0,0,0,0,1,1,72,157,229,593,294,53,71,33,208,67,4,0,0,0,0,0,0,1,1,0,0,0,0,0,0,1,0,0,0,1,5,1962
plus,568430dccd575b1ff18a0e99cdc1df7112ed241a,0,2786.5,54269952.0,0,0,0,0,0,0,0,0,0,0,0,4,53,32,0,0,0,0,0,0,0,0,0,0,0,0,0,0,0,0,0,0,0,0,0,0,0,0,0,0,0,79,0,0,0,0,0,0,0,0,0,0,0,0,0,0,0,0,0,0,0,0,0,0,0,0,0,9,0,0,0,0,0,0,0,5,0,0,0,0,0,0,0,0,0,0,0,0,0,0,0,0,20,0,0,0,0,0,0,9,9,5,0,0,0,0,0,1,0,8,0,1,81,1
dchester,568430dccd575b1ff18a0e99cdc1df7112ed241a,0,4783.4,60103065.6,0,0,0,0,0,0,0,0,0,0,0,4,53,32,0,0,0,0,0,0,0,0,0,0,0,0,0,0,0,0,0,0,0,0,0,0,0,0,0,0,0,79,0,0,0,0,0,0,0,0,0,0,0,0,0,0,0,0,0,0,0,0,0,0,0,0,0,9,0,0,0,0,0,0,0,5,0,0,0,0,0,0,0,0,0,0,0,0,0,0,0,0,20,0,0,0,0,0,0,9,9,5,0,0,0,0,0,1,0,8,0,1,81,1
jsonpathly,568430dccd575b1ff18a0e99cdc1df7112ed241a,0,8298.666666666666,56546645.333333336,0,0,0,0,0,0,0,0,0,0,0,4,53,32,0,0,0,0,0,0,0,0,0,0,0,0,0,0,0,0,0,0,0,0,0,0,0,0,0,0,0,79,0,0,0,0,0,0,0,0,0,0,0,0,0,0,0,0,0,0,0,0,0,0,0,0,0,9,0,0,0,0,0,0,0,5,0,0,0,0,0,0,0,0,0,0,0,0,0,0,0,0,20,0,0,0,0,0,0,9,9,5,0,0,0,0,0,1,0,8,0,1,81,1
rfc9535,568430dccd575b1ff18a0e99cdc1df7112ed241a,0,5892.5,57775445.333333336,0,0,0,0,0,0,0,0,0,0,0,4,53,32,0,0,0,0,0,0,0,0,0,0,0,0,0,0,0,0,0,0,0,0,0,0,0,0,0,0,0,79,0,0,0,0,0,0,0,0,0,0,0,0,0,0,0,0,0,0,0,0,0,0,0,0,0,9,0,0,0,0,0,0,0,5,0,0,0,0,0,0,0,0,0,0,0,0,0,0,0,0,20,0,0,0,0,0,0,9,9,5,0,0,0,0,0,1,0,8,0,1,81,1
p3,568430dccd575b1ff18a0e99cdc1df7112ed241a,0,1913.5714285714287,54504886.85714286,0,0,0,0,0,0,0,0,0,0,0,4,53,32,0,0,0,0,0,0,0,0,0,0,0,0,0,0,0,0,0,0,0,0,0,0,0,0,0,0,0,79,0,0,0,0,0,0,0,0,0,0,0,0,0,0,0,0,0,0,0,0,0,0,0,0,0,9,0,0,0,0,0,0,0,5,0,0,0,0,0,0,0,0,0,0,0,0,0,0,0,0,20,0,0,0,0,0,0,9,9,5,0,0,0,0,0,1,0,8,0,1,81,1
plus,c9fa7060f958e5708138a2f7b1fd2cac912ce824,0,20041.666666666668,57166506.666666664,10,3,3,10,13,3,4,15,17,12,14,10,38,27,6,2,1,2,0,0,0,0,0,0,0,0,0,2,4,0,0,0,2,1,0,0,0,0,0,0,0,25,0,0,0,0,0,0,0,0,0,0,0,0,0,0,0,0,0,0,0,0,0,0,0,0,0,3,0,0,0,0,7,0,0,0,0,0,0,0,0,0,0,0,0,0,0,0,0,0,0,0,8,0,0,0,0,0,0,3,3,0,0,0,0,0,0,1,0,2,0,1,30,101
dchester,c9fa7060f958e5708138a2f7b1fd2cac912ce824,0,90264.0,66732032.0,10,3,3,10,13,3,4,15,17,12,14,10,38,27,6,2,1,2,0,0,0,0,0,0,0,0,0,2,4,0,0,0,2,1,0,0,0,0,0,0,0,25,0,0,0,0,0,0,0,0,0,0,0,0,0,0,0,0,0,0,0,0,0,0,0,0,0,3,0,0,0,0,7,0,0,0,0,0,0,0,0,0,0,0,0,0,0,0,0,0,0,0,8,0,0,0,0,0,0,3,3,0,0,0,0,0,0,1,0,2,0,1,30,101
jsonpathly,c9fa7060f958e5708138a2f7b1fd2cac912ce824,0,34350.1,57894502.4,10,3,3,10,13,3,4,15,17,12,14,10,38,27,6,2,1,2,0,0,0,0,0,0,0,0,0,2,4,0,0,0,2,1,0,0,0,0,0,0,0,25,0,0,0,0,0,0,0,0,0,0,0,0,0,0,0,0,0,0,0,0,0,0,0,0,0,3,0,0,0,0,7,0,0,0,0,0,0,0,0,0,0,0,0,0,0,0,0,0,0,0,8,0,0,0,0,0,0,3,3,0,0,0,0,0,0,1,0,2,0,1,30,101
rfc9535,c9fa7060f958e5708138a2f7b1fd2cac912ce824,0,32544.5,60185453.71428572,10,3,3,10,13,3,4,15,17,12,14,10,38,27,6,2,1,2,0,0,0,0,0,0,0,0,0,2,4,0,0,0,2,1,0,0,0,0,0,0,0,25,0,0,0,0,0,0,0,0,0,0,0,0,0,0,0,0,0,0,0,0,0,0,0,0,0,3,0,0,0,0,7,0,0,0,0,0,0,0,0,0,0,0,0,0,0,0,0,0,0,0,8,0,0,0,0,0,0,3,3,0,0,0,0,0,0,1,0,2,0,1,30,101
p3,c9fa7060f958e5708138a2f7b1fd2cac912ce824,0,35226.625,58202112.0,10,3,3,10,13,3,4,15,17,12,14,10,38,27,6,2,1,2,0,0,0,0,0,0,0,0,0,2,4,0,0,0,2,1,0,0,0,0,0,0,0,25,0,0,0,0,0,0,0,0,0,0,0,0,0,0,0,0,0,0,0,0,0,0,0,0,0,3,0,0,0,0,7,0,0,0,0,0,0,0,0,0,0,0,0,0,0,0,0,0,0,0,8,0,0,0,0,0,0,3,3,0,0,0,0,0,0,1,0,2,0,1,30,101
plus,07e3742258304fcd5acb85fb7b8522895d1957f1,0,2779.1,54322790.4,0,0,0,0,0,0,0,0,0,0,0,8,102,55,0,0,0,0,0,0,0,0,0,0,0,0,0,0,0,0,0,0,0,0,0,0,0,0,0,0,0,58,0,0,0,0,0,0,0,0,0,0,0,0,0,0,0,0,0,0,0,0,0,0,0,0,0,10,0,0,0,0,0,0,0,6,0,0,0,0,0,0,0,0,0,0,0,0,0,0,0,0,22,0,0,0,0,0,0,10,10,6,0,0,0,0,0,1,0,9,0,1,124,1
dchester,07e3742258304fcd5acb85fb7b8522895d1957f1,0,4749.8,59788492.8,0,0,0,0,0,0,0,0,0,0,0,8,102,55,0,0,0,0,0,0,0,0,0,0,0,0,0,0,0,0,0,0,0,0,0,0,0,0,0,0,0,58,0,0,0,0,0,0,0,0,0,0,0,0,0,0,0,0,0,0,0,0,0,0,0,0,0,10,0,0,0,0,0,0,0,6,0,0,0,0,0,0,0,0,0,0,0,0,0,0,0,0,22,0,0,0,0,0,0,10,10,6,0,0,0,0,0,1,0,9,0,1,124,1
jsonpathly,07e3742258304fcd5acb85fb7b8522895d1957f1,0,8979.2,56570675.2,0,0,0,0,0,0,0,0,0,0,0,8,102,55,0,0,0,0,0,0,0,0,0,0,0,0,0,0,0,0,0,0,0,0,0,0,0,0,0,0,0,58,0,0,0,0,0,0,0,0,0,0,0,0,0,0,0,0,0,0,0,0,0,0,0,0,0,10,0,0,0,0,0,0,0,6,0,0,0,0,0,0,0,0,0,0,0,0,0,0,0,0,22,0,0,0,0,0,0,10,10,6,0,0,0,0,0,1,0,9,0,1,124,1
rfc9535,07e3742258304fcd5acb85fb7b8522895d1957f1,0,6731.8125,57782272.0,0,0,0,0,0,0,0,0,0,0,0,8,102,55,0,0,0,0,0,0,0,0,0,0,0,0,0,0,0,0,0,0,0,0,0,0,0,0,0,0,0,58,0,0,0,0,0,0,0,0,0,0,0,0,0,0,0,0,0,0,0,0,0,0,0,0,0,10,0,0,0,0,0,0,0,6,0,0,0,0,0,0,0,0,0,0,0,0,0,0,0,0,22,0,0,0,0,0,0,10,10,6,0,0,0,0,0,1,0,9,0,1,124,1
p3,07e3742258304fcd5acb85fb7b8522895d1957f1,0,1909.8333333333333,54438570.666666664,0,0,0,0,0,0,0,0,0,0,0,8,102,55,0,0,0,0,0,0,0,0,0,0,0,0,0,0,0,0,0,0,0,0,0,0,0,0,0,0,0,58,0,0,0,0,0,0,0,0,0,0,0,0,0,0,0,0,0,0,0,0,0,0,0,0,0,10,0,0,0,0,0,0,0,6,0,0,0,0,0,0,0,0,0,0,0,0,0,0,0,0,22,0,0,0,0,0,0,10,10,6,0,0,0,0,0,1,0,9,0,1,124,1
plus,8fe2fa855a2f1ba18976451c26ac2868a88d8881,0,6326.5,54607872.0,5,2,3,1,4,2,0,0,0,0,0,3,49,28,0,0,0,0,0,0,0,0,0,0,0,0,0,0,0,0,0,0,0,0,0,0,0,0,0,0,0,16,0,0,0,0,0,0,0,0,0,0,0,0,0,0,0,0,0,0,0,0,0,0,0,0,0,5,0,0,0,0,3,0,0,3,0,0,0,0,0,0,0,0,0,0,0,0,0,0,0,0,12,0,0,0,0,0,0,5,5,3,0,0,0,0,0,1,0,4,0,1,61,14
dchester,8fe2fa855a2f1ba18976451c26ac2868a88d8881,0,32368.166666666668,63187626.666666664,5,2,3,1,4,2,0,0,0,0,0,3,49,28,0,0,0,0,0,0,0,0,0,0,0,0,0,0,0,0,0,0,0,0,0,0,0,0,0,0,0,16,0,0,0,0,0,0,0,0,0,0,0,0,0,0,0,0,0,0,0,0,0,0,0,0,0,5,0,0,0,0,3,0,0,3,0,0,0,0,0,0,0,0,0,0,0,0,0,0,0,0,12,0,0,0,0,0,0,5,5,3,0,0,0,0,0,1,0,4,0,1,61,14
jsonpathly,8fe2fa855a2f1ba18976451c26ac2868a88d8881,0,14849.0,57231360.0,5,2,3,1,4,2,0,0,0,0,0,3,49,28,0,0,0,0,0,0,0,0,0,0,0,0,0,0,0,0,0,0,0,0,0,0,0,0,0,0,0,16,0,0,0,0,0,0,0,0,0,0,0,0,0,0,0,0,0,0,0,0,0,0,0,0,0,5,0,0,0,0,3,0,0,3,0,0,0,0,0,0,0,0,0,0,0,0,0,0,0,0,12,0,0,0,0,0,0,5,5,3,0,0,0,0,0,1,0,4,0,1,61,14
rfc9535,8fe2fa855a2f1ba18976451c26ac2868a88d8881,0,9619.6875,57939968.0,5,2,3,1,4,2,0,0,0,0,0,3,49,28,0,0,0,0,0,0,0,0,0,0,0,0,0,0,0,0,0,0,0,0,0,0,0,0,0,0,0,16,0,0,0,0,0,0,0,0,0,0,0,0,0,0,0,0,0,0,0,0,0,0,0,0,0,5,0,0,0,0,3,0,0,3,0,0,0,0,0,0,0,0,0,0,0,0,0,0,0,0,12,0,0,0,0,0,0,5,5,3,0,0,0,0,0,1,0,4,0,1,61,14
p3,8fe2fa855a2f1ba18976451c26ac2868a88d8881,0,10997.4375,55218176.0,5,2,3,1,4,2,0,0,0,0,0,3,49,28,0,0,0,0,0,0,0,0,0,0,0,0,0,0,0,0,0,0,0,0,0,0,0,0,0,0,0,16,0,0,0,0,0,0,0,0,0,0,0,0,0,0,0,0,0,0,0,0,0,0,0,0,0,5,0,0,0,0,3,0,0,3,0,0,0,0,0,0,0,0,0,0,0,0,0,0,0,0,12,0,0,0,0,0,0,5,5,3,0,0,0,0,0,1,0,4,0,1,61,14
plus,ce2145b7d05e1b38e598beaac5053615ec2a5509,0,9836.125,55625728.0,7,3,4,17,21,1,2,5,6,4,4,6,123,74,3,3,1,1,0,0,0,0,0,0,0,0,0,1,0,0,0,0,1,0,0,0,0,0,0,0,0,57,0,0,0,0,0,0,0,0,0,0,0,0,0,0,0,0,0,0,0,0,0,0,0,0,0,7,0,0,0,0,4,0,0,1,0,0,0,0,0,0,0,0,0,0,0,0,0,0,0,0,16,0,0,0,0,0,0,7,7,1,0,0,0,0,0,1,0,6,0,1,104,90
dchester,ce2145b7d05e1b38e598beaac5053615ec2a5509,0,50658.875,64694272.0,7,3,4,17,21,1,2,5,6,4,4,6,123,74,3,3,1,1,0,0,0,0,0,0,0,0,0,1,0,0,0,0,1,0,0,0,0,0,0,0,0,57,0,0,0,0,0,0,0,0,0,0,0,0,0,0,0,0,0,0,0,0,0,0,0,0,0,7,0,0,0,0,4,0,0,1,0,0,0,0,0,0,0,0,0,0,0,0,0,0,0,0,16,0,0,0,0,0,0,7,7,1,0,0,0,0,0,1,0,6,0,1,104,90
jsonpathly,ce2145b7d05e1b38e598beaac5053615ec2a5509,0,25880.5,57597952.0,7,3,4,17,21,1,2,5,6,4,4,6,123,74,3,3,1,1,0,0,0,0,0,0,0,0,0,1,0,0,0,0,1,0,0,0,0,0,0,0,0,57,0,0,0,0,0,0,0,0,0,0,0,0,0,0,0,0,0,0,0,0,0,0,0,0,0,7,0,0,0,0,4,0,0,1,0,0,0,0,0,0,0,0,0,0,0,0,0,0,0,0,16,0,0,0,0,0,0,7,7,1,0,0,0,0,0,1,0,6,0,1,104,90
rfc9535,ce2145b7d05e1b38e598beaac5053615ec2a5509,0,25046.9375,58320896.0,7,3,4,17,21,1,2,5,6,4,4,6,123,74,3,3,1,1,0,0,0,0,0,0,0,0,0,1,0,0,0,0,1,0,0,0,0,0,0,0,0,57,0,0,0,0,0,0,0,0,0,0,0,0,0,0,0,0,0,0,0,0,0,0,0,0,0,7,0,0,0,0,4,0,0,1,0,0,0,0,0,0,0,0,0,0,0,0,0,0,0,0,16,0,0,0,0,0,0,7,7,1,0,0,0,0,0,1,0,6,0,1,104,90
p3,ce2145b7d05e1b38e598beaac5053615ec2a5509,0,23724.0,57171968.0,7,3,4,17,21,1,2,5,6,4,4,6,123,74,3,3,1,1,0,0,0,0,0,0,0,0,0,1,0,0,0,0,1,0,0,0,0,0,0,0,0,57,0,0,0,0,0,0,0,0,0,0,0,0,0,0,0,0,0,0,0,0,0,0,0,0,0,7,0,0,0,0,4,0,0,1,0,0,0,0,0,0,0,0,0,0,0,0,0,0,0,0,16,0,0,0,0,0,0,7,7,1,0,0,0,0,0,1,0,6,0,1,104,90
plus,f7d650d9bc138814b9ac9bacacd87766a11c004c,0,2757.1666666666665,54198272.0,1,0,1,1,2,0,0,0,0,0,0,3,148,83,0,0,0,0,0,0,0,0,0,0,0,0,0,0,0,0,0,0,0,0,0,0,0,0,0,0,0,46,0,0,0,0,0,0,0,0,0,0,0,0,0,0,0,0,0,0,0,0,0,0,0,0,0,9,0,0,0,0,1,0,0,5,0,0,0,0,0,0,0,0,0,0,0,0,0,0,0,0,20,0,0,0,0,0,0,9,9,5,0,0,0,0,0,1,0,8,0,1,143,4
dchester,f7d650d9bc138814b9ac9bacacd87766a11c004c,0,9010.375,60334080.0,1,0,1,1,2,0,0,0,0,0,0,3,148,83,0,0,0,0,0,0,0,0,0,0,0,0,0,0,0,0,0,0,0,0,0,0,0,0,0,0,0,46,0,0,0,0,0,0,0,0,0,0,0,0,0,0,0,0,0,0,0,0,0,0,0,0,0,9,0,0,0,0,1,0,0,5,0,0,0,0,0,0,0,0,0,0,0,0,0,0,0,0,20,0,0,0,0,0,0,9,9,5,0,0,0,0,0,1,0,8,0,1,143,4
jsonpathly,f7d650d9bc138814b9ac9bacacd87766a11c004c,0,10544.125,56854528.0,1,0,1,1,2,0,0,0,0,0,0,3,148,83,0,0,0,0,0,0,0,0,0,0,0,0,0,0,0,0,0,0,0,0,0,0,0,0,0,0,0,46,0,0,0,0,0,0,0,0,0,0,0,0,0,0,0,0,0,0,0,0,0,0,0,0,0,9,0,0,0,0,1,0,0,5,0,0,0,0,0,0,0,0,0,0,0,0,0,0,0,0,20,0,0,0,0,0,0,9,9,5,0,0,0,0,0,1,0,8,0,1,143,4
rfc9535,f7d650d9bc138814b9ac9bacacd87766a11c004c,0,7489.5,57694208.0,1,0,1,1,2,0,0,0,0,0,0,3,148,83,0,0,0,0,0,0,0,0,0,0,0,0,0,0,0,0,0,0,0,0,0,0,0,0,0,0,0,46,0,0,0,0,0,0,0,0,0,0,0,0,0,0,0,0,0,0,0,0,0,0,0,0,0,9,0,0,0,0,1,0,0,5,0,0,0,0,0,0,0,0,0,0,0,0,0,0,0,0,20,0,0,0,0,0,0,9,9,5,0,0,0,0,0,1,0,8,0,1,143,4
p3,f7d650d9bc138814b9ac9bacacd87766a11c004c,0,3666.7,54683238.4,1,0,1,1,2,0,0,0,0,0,0,3,148,83,0,0,0,0,0,0,0,0,0,0,0,0,0,0,0,0,0,0,0,0,0,0,0,0,0,0,0,46,0,0,0,0,0,0,0,0,0,0,0,0,0,0,0,0,0,0,0,0,0,0,0,0,0,9,0,0,0,0,1,0,0,5,0,0,0,0,0,0,0,0,0,0,0,0,0,0,0,0,20,0,0,0,0,0,0,9,9,5,0,0,0,0,0,1,0,8,0,1,143,4
plus,5888e9f1505f64e5c432d162d4eec14dbbd2e676,0,2708.0,54220117.333333336,0,0,0,0,0,0,0,0,0,0,0,4,102,61,0,0,0,0,0,0,0,0,0,0,0,0,0,0,0,0,0,0,0,0,0,0,0,0,0,0,0,25,0,0,0,0,0,0,0,0,0,0,0,0,0,0,0,0,0,0,0,0,0,0,0,0,0,7,0,0,0,0,0,0,0,5,0,0,0,0,0,0,0,0,0,0,0,0,0,0,0,0,16,0,0,0,0,0,0,7,7,5,0,0,0,0,0,1,0,6,0,1,112,1
dchester,5888e9f1505f64e5c432d162d4eec14dbbd2e676,0,4680.333333333333,60140202.666666664,0,0,0,0,0,0,0,0,0,0,0,4,102,61,0,0,0,0,0,0,0,0,0,0,0,0,0,0,0,0,0,0,0,0,0,0,0,0,0,0,0,25,0,0,0,0,0,0,0,0,0,0,0,0,0,0,0,0,0,0,0,0,0,0,0,0,0,7,0,0,0,0,0,0,0,5,0,0,0,0,0,0,0,0,0,0,0,0,0,0,0,0,16,0,0,0,0,0,0,7,7,5,0,0,0,0,0,1,0,6,0,1,112,1
jsonpathly,5888e9f1505f64e5c432d162d4eec14dbbd2e676,0,9065.25,56510464.0,0,0,0,0,0,0,0,0,0,0,0,4,102,61,0,0,0,0,0,0,0,0,0,0,0,0,0,0,0,0,0,0,0,0,0,0,0,0,0,0,0,25,0,0,0,0,0,0,0,0,0,0,0,0,0,0,0,0,0,0,0,0,0,0,0,0,0,7,0,0,0,0,0,0,0,5,0,0,0,0,0,0,0,0,0,0,0,0,0,0,0,0,16,0,0,0,0,0,0,7,7,5,0,0,0,0,0,1,0,6,0,1,112,1
rfc9535,5888e9f1505f64e5c432d162d4eec14dbbd2e676,0,6218.875,57808896.0,0,0,0,0,0,0,0,0,0,0,0,4,102,61,0,0,0,0,0,0,0,0,0,0,0,0,0,0,0,0,0,0,0,0,0,0,0,0,0,0,0,25,0,0,0,0,0,0,0,0,0,0,0,0,0,0,0,0,0,0,0,0,0,0,0,0,0,7,0,0,0,0,0,0,0,5,0,0,0,0,0,0,0,0,0,0,0,0,0,0,0,0,16,0,0,0,0,0,0,7,7,5,0,0,0,0,0,1,0,6,0,1,112,1
p3,5888e9f1505f64e5c432d162d4eec14dbbd2e676,0,1892.5833333333333,54484992.0,0,0,0,0,0,0,0,0,0,0,0,4,102,61,0,0,0,0,0,0,0,0,0,0,0,0,0,0,0,0,0,0,0,0,0,0,0,0,0,0,0,25,0,0,0,0,0,0,0,0,0,0,0,0,0,0,0,0,0,0,0,0,0,0,0,0,0,7,0,0,0,0,0,0,0,5,0,0,0,0,0,0,0,0,0,0,0,0,0,0,0,0,16,0,0,0,0,0,0,7,7,5,0,0,0,0,0,1,0,6,0,1,112,1
plus,0e3c278c03a9a98b2b62ed8b1b76c22ac204c5b1,0,2843.875,54222848.0,0,0,0,25,25,0,0,0,0,0,0,1,5,1,0,0,0,0,0,1,0,0,3,0,1,1,0,0,0,0,0,0,0,0,0,0,0,0,0,0,0,26,0,0,0,0,0,0,0,0,0,0,0,0,0,0,0,0,0,0,0,0,0,0,0,0,0,1,0,0,0,0,0,0,0,1,0,0,0,0,0,0,0,0,0,0,0,0,0,0,0,0,19,2,4,3,10,10,17,4,1,1,0,0,0,0,0,0,2,0,2,2,73,1
dchester,0e3c278c03a9a98b2b62ed8b1b76c22ac204c5b1,0,4604.0,59928576.0,0,0,0,25,25,0,0,0,0,0,0,1,5,1,0,0,0,0,0,1,0,0,3,0,1,1,0,0,0,0,0,0,0,0,0,0,0,0,0,0,0,26,0,0,0,0,0,0,0,0,0,0,0,0,0,0,0,0,0,0,0,0,0,0,0,0,0,1,0,0,0,0,0,0,0,1,0,0,0,0,0,0,0,0,0,0,0,0,0,0,0,0,19,2,4,3,10,10,17,4,1,1,0,0,0,0,0,0,2,0,2,2,73,1
jsonpathly,0e3c278c03a9a98b2b62ed8b1b76c22ac204c5b1,0,8835.875,56508416.0,0,0,0,25,25,0,0,0,0,0,0,1,5,1,0,0,0,0,0,1,0,0,3,0,1,1,0,0,0,0,0,0,0,0,0,0,0,0,0,0,0,26,0,0,0,0,0,0,0,0,0,0,0,0,0,0,0,0,0,0,0,0,0,0,0,0,0,1,0,0,0,0,0,0,0,1,0,0,0,0,0,0,0,0,0,0,0,0,0,0,0,0,19,2,4,3,10,10,17,4,1,1,0,0,0,0,0,0,2,0,2,2,73,1
rfc9535,0e3c278c03a9a98b2b62ed8b1b76c22ac204c5b1,0,5823.25,57786368.0,0,0,0,25,25,0,0,0,0,0,0,1,5,1,0,0,0,0,0,1,0,0,3,0,1,1,0,0,0,0,0,0,0,0,0,0,0,0,0,0,0,26,0,0,0,0,0,0,0,0,0,0,0,0,0,0,0,0,0,0,0,0,0,0,0,0,0,1,0,0,0,0,0,0,0,1,0,0,0,0,0,0,0,0,0,0,0,0,0,0,0,0,19,2,4,3,10,10,17,4,1,1,0,0,0,0,0,0,2,0,2,2,73,1
p3,0e3c278c03a9a98b2b62ed8b1b76c22ac204c5b1,0,1917.0,54482261.333333336,0,0,0,25,25,0,0,0,0,0,0,1,5,1,0,0,0,0,0,1,0,0,3,0,1,1,0,0,0,0,0,0,0,0,0,0,0,0,0,0,0,26,0,0,0,0,0,0,0,0,0,0,0,0,0,0,0,0,0,0,0,0,0,0,0,0,0,1,0,0,0,0,0,0,0,1,0,0,0,0,0,0,0,0,0,0,0,0,0,0,0,0,19,2,4,3,10,10,17,4,1,1,0,0,0,0,0,0,2,0,2,2,73,1
plus,27992ab862f4e662e8b3c1a5e6faaf39ecd70f07,0,3173.1666666666665,54165504.0,3,1,0,47,47,2,1,0,0,1,1,1,0,1,0,0,0,0,0,0,0,0,0,0,0,0,0,0,0,0,0,0,1,0,0,0,0,0,0,0,0,56,0,0,0,0,0,0,0,0,0,0,0,0,0,0,0,0,0,0,0,0,0,0,0,0,0,0,0,0,2,0,2,0,0,0,0,0,0,0,0,0,0,0,0,0,0,0,0,0,0,0,39,1,9,0,0,0,0,9,1,0,1,0,0,0,1,0,0,0,8,2,118,9
dchester,27992ab862f4e662e8b3c1a5e6faaf39ecd70f07,0,21951.166666666668,63122090.666666664,3,1,0,47,47,2,1,0,0,1,1,1,0,1,0,0,0,0,0,0,0,0,0,0,0,0,0,0,0,0,0,0,1,0,0,0,0,0,0,0,0,56,0,0,0,0,0,0,0,0,0,0,0,0,0,0,0,0,0,0,0,0,0,0,0,0,0,0,0,0,2,0,2,0,0,0,0,0,0,0,0,0,0,0,0,0,0,0,0,0,0,0,39,1,9,0,0,0,0,9,1,0,1,0,0,0,1,0,0,0,8,2,118,9
jsonpathly,27992ab862f4e662e8b3c1a5e6faaf39ecd70f07,0,11872.5,56723456.0,3,1,0,47,47,2,1,0,0,1,1,1,0,1,0,0,0,0,0,0,0,0,0,0,0,0,0,0,0,0,0,0,1,0,0,0,0,0,0,0,0,56,0,0,0,0,0,0,0,0,0,0,0,0,0,0,0,0,0,0,0,0,0,0,0,0,0,0,0,0,2,0,2,0,0,0,0,0,0,0,0,0,0,0,0,0,0,0,0,0,0,0,39,1,9,0,0,0,0,9,1,0,1,0,0,0,1,0,0,0,8,2,118,9
rfc9535,27992ab862f4e662e8b3c1a5e6faaf39ecd70f07,0,8937.5,57810944.0,3,1,0,47,47,2,1,0,0,1,1,1,0,1,0,0,0,0,0,0,0,0,0,0,0,0,0,0,0,0,0,0,1,0,0,0,0,0,0,0,0,56,0,0,0,0,0,0,0,0,0,0,0,0,0,0,0,0,0,0,0,0,0,0,0,0,0,0,0,0,2,0,2,0,0,0,0,0,0,0,0,0,0,0,0,0,0,0,0,0,0,0,39,1,9,0,0,0,0,9,1,0,1,0,0,0,1,0,0,0,8,2,118,9
p3,27992ab862f4e662e8b3c1a5e6faaf39ecd70f07,0,8194.333333333334,54870016.0,3,1,0,47,47,2,1,0,0,1,1,1,0,1,0,0,0,0,0,0,0,0,0,0,0,0,0,0,0,0,0,0,1,0,0,0,0,0,0,0,0,56,0,0,0,0,0,0,0,0,0,0,0,0,0,0,0,0,0,0,0,0,0,0,0,0,0,0,0,0,2,0,2,0,0,0,0,0,0,0,0,0,0,0,0,0,0,0,0,0,0,0,39,1,9,0,0,0,0,9,1,0,1,0,0,0,1,0,0,0,8,2,118,9
plus,6dce98569a1afa592c4c00384c4f7c4df0a71be2,0,2972.1666666666665,54312960.0,2,0,2,18,20,0,0,0,0,0,0,0,0,0,0,0,0,0,0,0,0,0,0,0,0,0,0,0,0,0,0,0,0,0,0,0,0,0,0,0,0,23,0,0,0,0,0,0,0,0,0,0,0,0,0,0,0,0,0,0,0,0,0,0,0,0,0,0,0,0,0,0,2,0,0,0,0,0,0,0,0,0,0,0,0,0,0,0,0,0,0,0,18,1,4,0,0,0,0,4,0,0,0,0,0,0,0,0,0,0,3,1,41,16
dchester,6dce98569a1afa592c4c00384c4f7c4df0a71be2,0,14903.5625,61071360.0,2,0,2,18,20,0,0,0,0,0,0,0,0,0,0,0,0,0,0,0,0,0,0,0,0,0,0,0,0,0,0,0,0,0,0,0,0,0,0,0,0,23,0,0,0,0,0,0,0,0,0,0,0,0,0,0,0,0,0,0,0,0,0,0,0,0,0,0,0,0,0,0,2,0,0,0,0,0,0,0,0,0,0,0,0,0,0,0,0,0,0,0,18,1,4,0,0,0,0,4,0,0,0,0,0,0,0,0,0,0,3,1,41,16
jsonpathly,6dce98569a1afa592c4c00384c4f7c4df0a71be2,0,12722.0,56972629.333333336,2,0,2,18,20,0,0,0,0,0,0,0,0,0,0,0,0,0,0,0,0,0,0,0,0,0,0,0,0,0,0,0,0,0,0,0,0,0,0,0,0,23,0,0,0,0,0,0,0,0,0,0,0,0,0,0,0,0,0,0,0,0,0,0,0,0,0,0,0,0,0,0,2,0,0,0,0,0,0,0,0,0,0,0,0,0,0,0,0,0,0,0,18,1,4,0,0,0,0,4,0,0,0,0,0,0,0,0,0,0,3,1,41,16
rfc9535,6dce98569a1afa592c4c00384c4f7c4df0a71be2,0,8606.9375,57956352.0,2,0,2,18,20,0,0,0,0,0,0,0,0,0,0,0,0,0,0,0,0,0,0,0,0,0,0,0,0,0,0,0,0,0,0,0,0,0,0,0,0,23,0,0,0,0,0,0,0,0,0,0,0,0,0,0,0,0,0,0,0,0,0,0,0,0,0,0,0,0,0,0,2,0,0,0,0,0,0,0,0,0,0,0,0,0,0,0,0,0,0,0,18,1,4,0,0,0,0,4,0,0,0,0,0,0,0,0,0,0,3,1,41,16
p3,6dce98569a1afa592c4c00384c4f7c4df0a71be2,0,4424.5,54822912.0,2,0,2,18,20,0,0,0,0,0,0,0,0,0,0,0,0,0,0,0,0,0,0,0,0,0,0,0,0,0,0,0,0,0,0,0,0,0,0,0,0,23,0,0,0,0,0,0,0,0,0,0,0,0,0,0,0,0,0,0,0,0,0,0,0,0,0,0,0,0,0,0,2,0,0,0,0,0,0,0,0,0,0,0,0,0,0,0,0,0,0,0,18,1,4,0,0,0,0,4,0,0,0,0,0,0,0,0,0,0,3,1,41,16
plus,0d64d0ce621164b933dcae47e6e5d7bc746c3cb2,0,nan,nan,60,30,28,237,265,21,27,54,64,59,60,45,150,125,49,32,6,28,11,3,1,3,9,1,2,1,1,38,17,2,6,11,17,1,5,13,22,43,8,5,45,371,19,2,1,1,27,12,15,16,32,16,13,12,1,1,1,0,21,9,8,6,6,4,3,49,10,1,1,1,6,0,30,25,24,1,4,5,0,0,2,0,0,0,0,0,0,0,0,0,0,0,4,0,0,0,0,0,0,1,0,0,0,0,0,0,0,1,0,0,0,1,6,1687
dchester,0d64d0ce621164b933dcae47e6e5d7bc746c3cb2,0,nan,nan,60,30,28,237,265,21,27,54,64,59,60,45,150,125,49,32,6,28,11,3,1,3,9,1,2,1,1,38,17,2,6,11,17,1,5,13,22,43,8,5,45,371,19,2,1,1,27,12,15,16,32,16,13,12,1,1,1,0,21,9,8,6,6,4,3,49,10,1,1,1,6,0,30,25,24,1,4,5,0,0,2,0,0,0,0,0,0,0,0,0,0,0,4,0,0,0,0,0,0,1,0,0,0,0,0,0,0,1,0,0,0,1,6,1687
jsonpathly,0d64d0ce621164b933dcae47e6e5d7bc746c3cb2,0,2184645.8333333335,91947008.0,60,30,28,237,265,21,27,54,64,59,60,45,150,125,49,32,6,28,11,3,1,3,9,1,2,1,1,38,17,2,6,11,17,1,5,13,22,43,8,5,45,371,19,2,1,1,27,12,15,16,32,16,13,12,1,1,1,0,21,9,8,6,6,4,3,49,10,1,1,1,6,0,30,25,24,1,4,5,0,0,2,0,0,0,0,0,0,0,0,0,0,0,4,0,0,0,0,0,0,1,0,0,0,0,0,0,0,1,0,0,0,1,6,1687
rfc9535,0d64d0ce621164b933dcae47e6e5d7bc746c3cb2,0,202183.1,74406297.6,60,30,28,237,265,21,27,54,64,59,60,45,150,125,49,32,6,28,11,3,1,3,9,1,2,1,1,38,17,2,6,11,17,1,5,13,22,43,8,5,45,371,19,2,1,1,27,12,15,16,32,16,13,12,1,1,1,0,21,9,8,6,6,4,3,49,10,1,1,1,6,0,30,25,24,1,4,5,0,0,2,0,0,0,0,0,0,0,0,0,0,0,4,0,0,0,0,0,0,1,0,0,0,0,0,0,0,1,0,0,0,1,6,1687
p3,0d64d0ce621164b933dcae47e6e5d7bc746c3cb2,0,132908.75,67723264.0,60,30,28,237,265,21,27,54,64,59,60,45,150,125,49,32,6,28,11,3,1,3,9,1,2,1,1,38,17,2,6,11,17,1,5,13,22,43,8,5,45,371,19,2,1,1,27,12,15,16,32,16,13,12,1,1,1,0,21,9,8,6,6,4,3,49,10,1,1,1,6,0,30,25,24,1,4,5,0,0,2,0,0,0,0,0,0,0,0,0,0,0,4,0,0,0,0,0,0,1,0,0,0,0,0,0,0,1,0,0,0,1,6,1687
plus,058c9fcf9c33367f642843cede81bcc57766eb78,0,6566.7,54663577.6,8,6,5,88,93,3,1,0,0,0,0,1,20,12,0,0,0,0,0,0,0,0,0,0,0,0,0,0,0,0,0,0,1,0,0,0,0,0,0,0,0,220,0,0,0,0,0,0,0,0,0,0,0,0,0,0,0,0,0,0,0,0,0,0,0,0,0,2,0,0,16,0,2,0,0,2,0,0,0,0,0,0,0,0,0,0,0,0,0,0,0,0,42,1,10,3,12,19,19,10,2,2,2,1,7,10,0,0,0,0,9,1,202,55
dchester,058c9fcf9c33367f642843cede81bcc57766eb78,0,45106.6875,64649216.0,8,6,5,88,93,3,1,0,0,0,0,1,20,12,0,0,0,0,0,0,0,0,0,0,0,0,0,0,0,0,0,0,1,0,0,0,0,0,0,0,0,220,0,0,0,0,0,0,0,0,0,0,0,0,0,0,0,0,0,0,0,0,0,0,0,0,0,2,0,0,16,0,2,0,0,2,0,0,0,0,0,0,0,0,0,0,0,0,0,0,0,0,42,1,10,3,12,19,19,10,2,2,2,1,7,10,0,0,0,0,9,1,202,55
jsonpathly,058c9fcf9c33367f642843cede81bcc57766eb78,0,23437.5,57585664.0,8,6,5,88,93,3,1,0,0,0,0,1,20,12,0,0,0,0,0,0,0,0,0,0,0,0,0,0,0,0,0,0,1,0,0,0,0,0,0,0,0,220,0,0,0,0,0,0,0,0,0,0,0,0,0,0,0,0,0,0,0,0,0,0,0,0,0,2,0,0,16,0,2,0,0,2,0,0,0,0,0,0,0,0,0,0,0,0,0,0,0,0,42,1,10,3,12,19,19,10,2,2,2,1,7,10,0,0,0,0,9,1,202,55
rfc9535,058c9fcf9c33367f642843cede81bcc57766eb78,0,15489.5,58273792.0,8,6,5,88,93,3,1,0,0,0,0,1,20,12,0,0,0,0,0,0,0,0,0,0,0,0,0,0,0,0,0,0,1,0,0,0,0,0,0,0,0,220,0,0,0,0,0,0,0,0,0,0,0,0,0,0,0,0,0,0,0,0,0,0,0,0,0,2,0,0,16,0,2,0,0,2,0,0,0,0,0,0,0,0,0,0,0,0,0,0,0,0,42,1,10,3,12,19,19,10,2,2,2,1,7,10,0,0,0,0,9,1,202,55
p3,058c9fcf9c33367f642843cede81bcc57766eb78,0,21896.0,57217024.0,8,6,5,88,93,3,1,0,0,0,0,1,20,12,0,0,0,0,0,0,0,0,0,0,0,0,0,0,0,0,0,0,1,0,0,0,0,0,0,0,0,220,0,0,0,0,0,0,0,0,0,0,0,0,0,0,0,0,0,0,0,0,0,0,0,0,0,2,0,0,16,0,2,0,0,2,0,0,0,0,0,0,0,0,0,0,0,0,0,0,0,0,42,1,10,3,12,19,19,10,2,2,2,1,7,10,0,0,0,0,9,1,202,55
plus,04d2ac5bfda738cc780aa323f5e9b2e159a8164b,0,8278.4375,54902784.0,4,2,2,22,24,0,2,5,6,3,3,3,2,3,4,2,1,4,0,0,0,0,0,0,0,0,0,5,2,0,0,0,1,0,0,0,0,0,0,0,0,171,0,0,0,0,0,0,0,0,0,0,0,0,0,0,0,0,0,0,0,0,0,0,0,0,0,0,0,0,8,0,2,0,0,0,0,0,0,0,0,0,0,0,0,0,0,0,0,0,0,0,33,0,0,0,0,1,0,15,0,0,3,1,1,0,2,3,1,12,0,2,74,60
dchester,04d2ac5bfda738cc780aa323f5e9b2e159a8164b,0,44486.0,64547498.666666664,4,2,2,22,24,0,2,5,6,3,3,3,2,3,4,2,1,4,0,0,0,0,0,0,0,0,0,5,2,0,0,0,1,0,0,0,0,0,0,0,0,171,0,0,0,0,0,0,0,0,0,0,0,0,0,0,0,0,0,0,0,0,0,0,0,0,0,0,0,0,8,0,2,0,0,0,0,0,0,0,0,0,0,0,0,0,0,0,0,0,0,0,33,0,0,0,0,1,0,15,0,0,3,1,1,0,2,3,1,12,0,2,74,60
jsonpathly,04d2ac5bfda738cc780aa323f5e9b2e159a8164b,0,25829.2,58087833.6,4,2,2,22,24,0,2,5,6,3,3,3,2,3,4,2,1,4,0,0,0,0,0,0,0,0,0,5,2,0,0,0,1,0,0,0,0,0,0,0,0,171,0,0,0,0,0,0,0,0,0,0,0,0,0,0,0,0,0,0,0,0,0,0,0,0,0,0,0,0,8,0,2,0,0,0,0,0,0,0,0,0,0,0,0,0,0,0,0,0,0,0,33,0,0,0,0,1,0,15,0,0,3,1,1,0,2,3,1,12,0,2,74,60
rfc9535,04d2ac5bfda738cc780aa323f5e9b2e159a8164b,0,23875.125,58329088.0,4,2,2,22,24,0,2,5,6,3,3,3,2,3,4,2,1,4,0,0,0,0,0,0,0,0,0,5,2,0,0,0,1,0,0,0,0,0,0,0,0,171,0,0,0,0,0,0,0,0,0,0,0,0,0,0,0,0,0,0,0,0,0,0,0,0,0,0,0,0,8,0,2,0,0,0,0,0,0,0,0,0,0,0,0,0,0,0,0,0,0,0,33,0,0,0,0,1,0,15,0,0,3,1,1,0,2,3,1,12,0,2,74,60
p3,04d2ac5bfda738cc780aa323f5e9b2e159a8164b,0,30619.6875,58540032.0,4,2,2,22,24,0,2,5,6,3,3,3,2,3,4,2,1,4,0,0,0,0,0,0,0,0,0,5,2,0,0,0,1,0,0,0,0,0,0,0,0,171,0,0,0,0,0,0,0,0,0,0,0,0,0,0,0,0,0,0,0,0,0,0,0,0,0,0,0,0,8,0,2,0,0,0,0,0,0,0,0,0,0,0,0,0,0,0,0,0,0,0,33,0,0,0,0,1,0,15,0,0,3,1,1,0,2,3,1,12,0,2,74,60
plus,034ed28e658456453d7095b07326dd1838328aaa,0,14893.375,56731648.0,1,1,1,0,1,0,0,0,0,0,0,3,19,13,0,0,0,0,0,0,0,0,0,0,0,0,0,0,0,0,0,0,0,0,0,0,0,0,0,0,0,956,0,0,0,0,0,0,0,0,0,0,0,0,0,0,0,0,0,0,0,0,0,0,0,0,0,2,0,0,11,0,0,0,0,1,0,0,0,0,0,0,0,0,0,0,0,0,0,0,0,0,67,0,0,0,0,1,0,29,4,1,3,1,1,9,8,6,4,23,0,5,138,4
dchester,034ed28e658456453d7095b07326dd1838328aaa,0,17333.333333333332,61158741.333333336,1,1,1,0,1,0,0,0,0,0,0,3,19,13,0,0,0,0,0,0,0,0,0,0,0,0,0,0,0,0,0,0,0,0,0,0,0,0,0,0,0,956,0,0,0,0,0,0,0,0,0,0,0,0,0,0,0,0,0,0,0,0,0,0,0,0,0,2,0,0,11,0,0,0,0,1,0,0,0,0,0,0,0,0,0,0,0,0,0,0,0,0,67,0,0,0,0,1,0,29,4,1,3,1,1,9,8,6,4,23,0,5,138,4
jsonpathly,034ed28e658456453d7095b07326dd1838328aaa,0,19479.083333333332,57371306.666666664,1,1,1,0,1,0,0,0,0,0,0,3,19,13,0,0,0,0,0,0,0,0,0,0,0,0,0,0,0,0,0,0,0,0,0,0,0,0,0,0,0,956,0,0,0,0,0,0,0,0,0,0,0,0,0,0,0,0,0,0,0,0,0,0,0,0,0,2,0,0,11,0,0,0,0,1,0,0,0,0,0,0,0,0,0,0,0,0,0,0,0,0,67,0,0,0,0,1,0,29,4,1,3,1,1,9,8,6,4,23,0,5,138,4
rfc9535,034ed28e658456453d7095b07326dd1838328aaa,0,13208.375,58148864.0,1,1,1,0,1,0,0,0,0,0,0,3,19,13,0,0,0,0,0,0,0,0,0,0,0,0,0,0,0,0,0,0,0,0,0,0,0,0,0,0,0,956,0,0,0,0,0,0,0,0,0,0,0,0,0,0,0,0,0,0,0,0,0,0,0,0,0,2,0,0,11,0,0,0,0,1,0,0,0,0,0,0,0,0,0,0,0,0,0,0,0,0,67,0,0,0,0,1,0,29,4,1,3,1,1,9,8,6,4,23,0,5,138,4
p3,034ed28e658456453d7095b07326dd1838328aaa,0,20531.25,57004032.0,1,1,1,0,1,0,0,0,0,0,0,3,19,13,0,0,0,0,0,0,0,0,0,0,0,0,0,0,0,0,0,0,0,0,0,0,0,0,0,0,0,956,0,0,0,0,0,0,0,0,0,0,0,0,0,0,0,0,0,0,0,0,0,0,0,0,0,2,0,0,11,0,0,0,0,1,0,0,0,0,0,0,0,0,0,0,0,0,0,0,0,0,67,0,0,0,0,1,0,29,4,1,3,1,1,9,8,6,4,23,0,5,138,4
plus,febf20f144ecd7c16e219fd62d1a0057a7b60b06,0,6231.6875,54736896.0,1,0,0,0,0,1,0,0,0,0,0,4,22,14,0,0,0,0,0,0,0,0,0,0,0,0,0,0,0,0,0,0,0,0,0,0,0,0,0,0,0,875,0,0,0,0,0,0,0,0,0,0,0,0,0,0,0,0,0,0,0,0,0,0,0,0,0,3,0,0,1,0,1,0,0,2,0,0,0,0,0,0,0,0,0,0,0,0,0,0,0,0,54,0,0,0,0,0,0,26,7,2,4,0,0,0,2,3,0,23,0,3,134,3
dchester,febf20f144ecd7c16e219fd62d1a0057a7b60b06,0,12882.875,60710912.0,1,0,0,0,0,1,0,0,0,0,0,4,22,14,0,0,0,0,0,0,0,0,0,0,0,0,0,0,0,0,0,0,0,0,0,0,0,0,0,0,0,875,0,0,0,0,0,0,0,0,0,0,0,0,0,0,0,0,0,0,0,0,0,0,0,0,0,3,0,0,1,0,1,0,0,2,0,0,0,0,0,0,0,0,0,0,0,0,0,0,0,0,54,0,0,0,0,0,0,26,7,2,4,0,0,0,2,3,0,23,0,3,134,3
jsonpathly,febf20f144ecd7c16e219fd62d1a0057a7b60b06,0,13249.9375,57092096.0,1,0,0,0,0,1,0,0,0,0,0,4,22,14,0,0,0,0,0,0,0,0,0,0,0,0,0,0,0,0,0,0,0,0,0,0,0,0,0,0,0,875,0,0,0,0,0,0,0,0,0,0,0,0,0,0,0,0,0,0,0,0,0,0,0,0,0,3,0,0,1,0,1,0,0,2,0,0,0,0,0,0,0,0,0,0,0,0,0,0,0,0,54,0,0,0,0,0,0,26,7,2,4,0,0,0,2,3,0,23,0,3,134,3
rfc9535,febf20f144ecd7c16e219fd62d1a0057a7b60b06,0,7965.25,57835520.0,1,0,0,0,0,1,0,0,0,0,0,4,22,14,0,0,0,0,0,0,0,0,0,0,0,0,0,0,0,0,0,0,0,0,0,0,0,0,0,0,0,875,0,0,0,0,0,0,0,0,0,0,0,0,0,0,0,0,0,0,0,0,0,0,0,0,0,3,0,0,1,0,1,0,0,2,0,0,0,0,0,0,0,0,0,0,0,0,0,0,0,0,54,0,0,0,0,0,0,26,7,2,4,0,0,0,2,3,0,23,0,3,134,3
p3,febf20f144ecd7c16e219fd62d1a0057a7b60b06,0,4875.0,54747136.0,1,0,0,0,0,1,0,0,0,0,0,4,22,14,0,0,0,0,0,0,0,0,0,0,0,0,0,0,0,0,0,0,0,0,0,0,0,0,0,0,0,875,0,0,0,0,0,0,0,0,0,0,0,0,0,0,0,0,0,0,0,0,0,0,0,0,0,3,0,0,1,0,1,0,0,2,0,0,0,0,0,0,0,0,0,0,0,0,0,0,0,0,54,0,0,0,0,0,0,26,7,2,4,0,0,0,2,3,0,23,0,3,134,3
plus,df38cf561fa0e1c046743656c8e2a0a9d3890d5d,0,7468.75,54673408.0,3,0,0,3,3,1,3,6,7,4,4,6,53,31,3,2,0,0,0,0,0,0,0,0,0,0,0,0,1,0,0,0,2,0,1,1,1,1,0,0,0,888,1,0,0,0,1,1,0,0,0,0,0,0,0,0,0,0,0,0,0,0,0,0,0,0,0,4,0,0,7,0,3,0,0,3,0,0,0,0,0,0,0,0,0,0,0,0,0,0,0,0,54,0,0,0,0,0,0,24,7,3,5,0,0,0,5,3,1,21,0,3,135,36
dchester,df38cf561fa0e1c046743656c8e2a0a9d3890d5d,0,45677.25,64401408.0,3,0,0,3,3,1,3,6,7,4,4,6,53,31,3,2,0,0,0,0,0,0,0,0,0,0,0,0,1,0,0,0,2,0,1,1,1,1,0,0,0,888,1,0,0,0,1,1,0,0,0,0,0,0,0,0,0,0,0,0,0,0,0,0,0,0,0,4,0,0,7,0,3,0,0,3,0,0,0,0,0,0,0,0,0,0,0,0,0,0,0,0,54,0,0,0,0,0,0,24,7,3,5,0,0,0,5,3,1,21,0,3,135,36
jsonpathly,df38cf561fa0e1c046743656c8e2a0a9d3890d5d,0,28307.3125,57858048.0,3,0,0,3,3,1,3,6,7,4,4,6,53,31,3,2,0,0,0,0,0,0,0,0,0,0,0,0,1,0,0,0,2,0,1,1,1,1,0,0,0,888,1,0,0,0,1,1,0,0,0,0,0,0,0,0,0,0,0,0,0,0,0,0,0,0,0,4,0,0,7,0,3,0,0,3,0,0,0,0,0,0,0,0,0,0,0,0,0,0,0,0,54,0,0,0,0,0,0,24,7,3,5,0,0,0,5,3,1,21,0,3,135,36
rfc9535,df38cf561fa0e1c046743656c8e2a0a9d3890d5d,0,21205.625,58187776.0,3,0,0,3,3,1,3,6,7,4,4,6,53,31,3,2,0,0,0,0,0,0,0,0,0,0,0,0,1,0,0,0,2,0,1,1,1,1,0,0,0,888,1,0,0,0,1,1,0,0,0,0,0,0,0,0,0,0,0,0,0,0,0,0,0,0,0,4,0,0,7,0,3,0,0,3,0,0,0,0,0,0,0,0,0,0,0,0,0,0,0,0,54,0,0,0,0,0,0,24,7,3,5,0,0,0,5,3,1,21,0,3,135,36
p3,df38cf561fa0e1c046743656c8e2a0a9d3890d5d,0,18692.625,56150016.0,3,0,0,3,3,1,3,6,7,4,4,6,53,31,3,2,0,0,0,0,0,0,0,0,0,0,0,0,1,0,0,0,2,0,1,1,1,1,0,0,0,888,1,0,0,0,1,1,0,0,0,0,0,0,0,0,0,0,0,0,0,0,0,0,0,0,0,4,0,0,7,0,3,0,0,3,0,0,0,0,0,0,0,0,0,0,0,0,0,0,0,0,54,0,0,0,0,0,0,24,7,3,5,0,0,0,5,3,1,21,0,3,135,36
plus,5234d5868fb618268c9db7bae93b43baac90cfb1,0,3958.1666666666665,54323882.666666664,3,1,0,3,3,1,2,0,0,1,1,1,14,7,1,0,0,0,0,0,0,0,0,0,0,0,0,0,1,0,0,0,2,0,0,0,0,0,0,0,0,454,0,0,0,0,0,0,0,0,0,0,0,0,0,0,0,0,0,0,0,0,0,0,0,0,0,0,0,0,0,0,2,0,0,0,0,0,0,0,0,0,0,0,0,0,0,0,0,0,0,0,11,0,0,0,0,0,0,4,0,0,0,0,0,0,0,1,1,3,0,2,20,30
dchester,5234d5868fb618268c9db7bae93b43baac90cfb1,0,28080.8125,62920704.0,3,1,0,3,3,1,2,0,0,1,1,1,14,7,1,0,0,0,0,0,0,0,0,0,0,0,0,0,1,0,0,0,2,0,0,0,0,0,0,0,0,454,0,0,0,0,0,0,0,0,0,0,0,0,0,0,0,0,0,0,0,0,0,0,0,0,0,0,0,0,0,0,2,0,0,0,0,0,0,0,0,0,0,0,0,0,0,0,0,0,0,0,11,0,0,0,0,0,0,4,0,0,0,0,0,0,0,1,1,3,0,2,20,30
jsonpathly,5234d5868fb618268c9db7bae93b43baac90cfb1,0,18385.25,57358336.0,3,1,0,3,3,1,2,0,0,1,1,1,14,7,1,0,0,0,0,0,0,0,0,0,0,0,0,0,1,0,0,0,2,0,0,0,0,0,0,0,0,454,0,0,0,0,0,0,0,0,0,0,0,0,0,0,0,0,0,0,0,0,0,0,0,0,0,0,0,0,0,0,2,0,0,0,0,0,0,0,0,0,0,0,0,0,0,0,0,0,0,0,11,0,0,0,0,0,0,4,0,0,0,0,0,0,0,1,1,3,0,2,20,30
rfc9535,5234d5868fb618268c9db7bae93b43baac90cfb1,0,12789.0,57997312.0,3,1,0,3,3,1,2,0,0,1,1,1,14,7,1,0,0,0,0,0,0,0,0,0,0,0,0,0,1,0,0,0,2,0,0,0,0,0,0,0,0,454,0,0,0,0,0,0,0,0,0,0,0,0,0,0,0,0,0,0,0,0,0,0,0,0,0,0,0,0,0,0,2,0,0,0,0,0,0,0,0,0,0,0,0,0,0,0,0,0,0,0,11,0,0,0,0,0,0,4,0,0,0,0,0,0,0,1,1,3,0,2,20,30
p3,5234d5868fb618268c9db7bae93b43baac90cfb1,0,10078.25,55009280.0,3,1,0,3,3,1,2,0,0,1,1,1,14,7,1,0,0,0,0,0,0,0,0,0,0,0,0,0,1,0,0,0,2,0,0,0,0,0,0,0,0,454,0,0,0,0,0,0,0,0,0,0,0,0,0,0,0,0,0,0,0,0,0,0,0,0,0,0,0,0,0,0,2,0,0,0,0,0,0,0,0,0,0,0,0,0,0,0,0,0,0,0,11,0,0,0,0,0,0,4,0,0,0,0,0,0,0,1,1,3,0,2,20,30
plus,b0e2d1bfd0465c0c21bfc480adaa4baa2c68fcea,0,nan,nan,10,6,2,19,21,4,4,17,20,13,14,11,44,33,7,3,0,0,1,1,0,0,3,0,1,1,0,0,4,1,1,1,1,0,1,8,14,23,7,7,27,1471,5,2,1,1,8,5,3,11,22,6,5,14,2,0,0,0,9,6,3,1,4,1,3,0,2,2,2,0,1,0,4,0,0,2,0,0,0,0,2,1,3,9,12,31,20,6,5,1,6,2,4,0,0,0,0,0,0,1,0,0,0,0,0,0,0,1,0,0,0,1,6,1811
dchester,b0e2d1bfd0465c0c21bfc480adaa4baa2c68fcea,0,nan,nan,10,6,2,19,21,4,4,17,20,13,14,11,44,33,7,3,0,0,1,1,0,0,3,0,1,1,0,0,4,1,1,1,1,0,1,8,14,23,7,7,27,1471,5,2,1,1,8,5,3,11,22,6,5,14,2,0,0,0,9,6,3,1,4,1,3,0,2,2,2,0,1,0,4,0,0,2,0,0,0,0,2,1,3,9,12,31,20,6,5,1,6,2,4,0,0,0,0,0,0,1,0,0,0,0,0,0,0,1,0,0,0,1,6,1811
jsonpathly,b0e2d1bfd0465c0c21bfc480adaa4baa2c68fcea,0,225220.8,67829760.0,10,6,2,19,21,4,4,17,20,13,14,11,44,33,7,3,0,0,1,1,0,0,3,0,1,1,0,0,4,1,1,1,1,0,1,8,14,23,7,7,27,1471,5,2,1,1,8,5,3,11,22,6,5,14,2,0,0,0,9,6,3,1,4,1,3,0,2,2,2,0,1,0,4,0,0,2,0,0,0,0,2,1,3,9,12,31,20,6,5,1,6,2,4,0,0,0,0,0,0,1,0,0,0,0,0,0,0,1,0,0,0,1,6,1811
rfc9535,b0e2d1bfd0465c0c21bfc480adaa4baa2c68fcea,0,146840.33333333334,68490581.33333333,10,6,2,19,21,4,4,17,20,13,14,11,44,33,7,3,0,0,1,1,0,0,3,0,1,1,0,0,4,1,1,1,1,0,1,8,14,23,7,7,27,1471,5,2,1,1,8,5,3,11,22,6,5,14,2,0,0,0,9,6,3,1,4,1,3,0,2,2,2,0,1,0,4,0,0,2,0,0,0,0,2,1,3,9,12,31,20,6,5,1,6,2,4,0,0,0,0,0,0,1,0,0,0,0,0,0,0,1,0,0,0,1,6,1811
p3,b0e2d1bfd0465c0c21bfc480adaa4baa2c68fcea,0,115198.0,65564672.0,10,6,2,19,21,4,4,17,20,13,14,11,44,33,7,3,0,0,1,1,0,0,3,0,1,1,0,0,4,1,1,1,1,0,1,8,14,23,7,7,27,1471,5,2,1,1,8,5,3,11,22,6,5,14,2,0,0,0,9,6,3,1,4,1,3,0,2,2,2,0,1,0,4,0,0,2,0,0,0,0,2,1,3,9,12,31,20,6,5,1,6,2,4,0,0,0,0,0,0,1,0,0,0,0,0,0,0,1,0,0,0,1,6,1811
plus,41f845e8f10bfaa612634af4b31745e5ecb23629,0,9758.857142857143,55597933.71428572,6,3,2,40,42,2,2,0,0,0,2,2,2,4,1,1,1,2,1,3,1,3,9,1,2,1,1,6,0,0,0,0,2,1,0,0,0,0,0,0,0,1687,0,0,0,0,0,0,0,0,0,0,0,0,0,0,0,0,0,0,0,0,0,0,0,0,0,0,0,0,14,0,3,0,0,0,0,0,0,0,0,0,0,0,0,0,0,0,0,0,0,0,41,1,6,2,8,15,8,12,0,0,2,2,7,9,4,2,1,4,5,4,136,44
dchester,41f845e8f10bfaa612634af4b31745e5ecb23629,0,nan,nan,6,3,2,40,42,2,2,0,0,0,2,2,2,4,1,1,1,2,1,3,1,3,9,1,2,1,1,6,0,0,0,0,2,1,0,0,0,0,0,0,0,1687,0,0,0,0,0,0,0,0,0,0,0,0,0,0,0,0,0,0,0,0,0,0,0,0,0,0,0,0,14,0,3,0,0,0,0,0,0,0,0,0,0,0,0,0,0,0,0,0,0,0,41,1,6,2,8,15,8,12,0,0,2,2,7,9,4,2,1,4,5,4,136,44
jsonpathly,41f845e8f10bfaa612634af4b31745e5ecb23629,0,34213.5,57694208.0,6,3,2,40,42,2,2,0,0,0,2,2,2,4,1,1,1,2,1,3,1,3,9,1,2,1,1,6,0,0,0,0,2,1,0,0,0,0,0,0,0,1687,0,0,0,0,0,0,0,0,0,0,0,0,0,0,0,0,0,0,0,0,0,0,0,0,0,0,0,0,14,0,3,0,0,0,0,0,0,0,0,0,0,0,0,0,0,0,0,0,0,0,41,1,6,2,8,15,8,12,0,0,2,2,7,9,4,2,1,4,5,4,136,44
rfc9535,41f845e8f10bfaa612634af4b31745e5ecb23629,0,21046.6875,58484736.0,6,3,2,40,42,2,2,0,0,0,2,2,2,4,1,1,1,2,1,3,1,3,9,1,2,1,1,6,0,0,0,0,2,1,0,0,0,0,0,0,0,1687,0,0,0,0,0,0,0,0,0,0,0,0,0,0,0,0,0,0,0,0,0,0,0,0,0,0,0,0,14,0,3,0,0,0,0,0,0,0,0,0,0,0,0,0,0,0,0,0,0,0,41,1,6,2,8,15,8,12,0,0,2,2,7,9,4,2,1,4,5,4,136,44
p3,41f845e8f10bfaa612634af4b31745e5ecb23629,0,26182.25,57628672.0,6,3,2,40,42,2,2,0,0,0,2,2,2,4,1,1,1,2,1,3,1,3,9,1,2,1,1,6,0,0,0,0,2,1,0,0,0,0,0,0,0,1687,0,0,0,0,0,0,0,0,0,0,0,0,0,0,0,0,0,0,0,0,0,0,0,0,0,0,0,0,14,0,3,0,0,0,0,0,0,0,0,0,0,0,0,0,0,0,0,0,0,0,41,1,6,2,8,15,8,12,0,0,2,2,7,9,4,2,1,4,5,4,136,44
plus,5f4af4d6cf3300ee4e12d06056b1b905ee2606c4,0,7715.333333333333,54804480.0,8,4,3,22,25,4,1,0,0,0,0,0,0,0,0,0,0,0,0,0,0,0,0,0,0,0,0,0,0,0,0,0,1,0,1,1,1,1,0,1,5,1891,1,1,0,1,0,0,0,0,0,0,1,1,0,1,1,0,0,0,1,0,0,0,1,0,0,0,0,0,5,0,4,0,0,0,0,0,0,0,1,0,0,0,0,0,0,0,0,0,0,0,10,1,2,0,0,0,0,2,0,0,2,0,0,0,0,0,0,0,1,1,18,629
dchester,5f4af4d6cf3300ee4e12d06056b1b905ee2606c4,0,nan,nan,8,4,3,22,25,4,1,0,0,0,0,0,0,0,0,0,0,0,0,0,0,0,0,0,0,0,0,0,0,0,0,0,1,0,1,1,1,1,0,1,5,1891,1,1,0,1,0,0,0,0,0,0,1,1,0,1,1,0,0,0,1,0,0,0,1,0,0,0,0,0,5,0,4,0,0,0,0,0,0,0,1,0,0,0,0,0,0,0,0,0,0,0,10,1,2,0,0,0,0,2,0,0,2,0,0,0,0,0,0,0,1,1,18,629
jsonpathly,5f4af4d6cf3300ee4e12d06056b1b905ee2606c4,0,47226.5625,57749504.0,8,4,3,22,25,4,1,0,0,0,0,0,0,0,0,0,0,0,0,0,0,0,0,0,0,0,0,0,0,0,0,0,1,0,1,1,1,1,0,1,5,1891,1,1,0,1,0,0,0,0,0,0,1,1,0,1,1,0,0,0,1,0,0,0,1,0,0,0,0,0,5,0,4,0,0,0,0,0,0,0,1,0,0,0,0,0,0,0,0,0,0,0,10,1,2,0,0,0,0,2,0,0,2,0,0,0,0,0,0,0,1,1,18,629
rfc9535,5f4af4d6cf3300ee4e12d06056b1b905ee2606c4,0,42250.0,59949056.0,8,4,3,22,25,4,1,0,0,0,0,0,0,0,0,0,0,0,0,0,0,0,0,0,0,0,0,0,0,0,0,0,1,0,1,1,1,1,0,1,5,1891,1,1,0,1,0,0,0,0,0,0,1,1,0,1,1,0,0,0,1,0,0,0,1,0,0,0,0,0,5,0,4,0,0,0,0,0,0,0,1,0,0,0,0,0,0,0,0,0,0,0,10,1,2,0,0,0,0,2,0,0,2,0,0,0,0,0,0,0,1,1,18,629
p3,5f4af4d6cf3300ee4e12d06056b1b905ee2606c4,0,28192.75,56614912.0,8,4,3,22,25,4,1,0,0,0,0,0,0,0,0,0,0,0,0,0,0,0,0,0,0,0,0,0,0,0,0,0,1,0,1,1,1,1,0,1,5,1891,1,1,0,1,0,0,0,0,0,0,1,1,0,1,1,0,0,0,1,0,0,0,1,0,0,0,0,0,5,0,4,0,0,0,0,0,0,0,1,0,0,0,0,0,0,0,0,0,0,0,10,1,2,0,0,0,0,2,0,0,2,0,0,0,0,0,0,0,1,1,18,629
plus,d67eb3d9dee4ec898368415ab0e1e2dbd07a0aec,0,8779.1,55476224.0,5,5,0,24,24,4,2,2,3,1,1,2,16,11,2,2,0,0,0,0,0,0,0,0,0,0,0,0,0,0,0,0,1,0,0,0,0,0,0,0,0,1692,0,0,0,0,0,0,0,0,0,0,0,0,0,0,0,0,0,0,0,0,0,0,0,0,0,1,0,0,0,0,0,0,0,0,0,0,0,0,0,0,0,0,0,0,0,0,0,0,0,0,14,2,3,1,2,2,1,3,2,0,0,0,0,0,0,0,1,0,1,2,47,39
dchester,d67eb3d9dee4ec898368415ab0e1e2dbd07a0aec,0,53820.7,64634880.0,5,5,0,24,24,4,2,2,3,1,1,2,16,11,2,2,0,0,0,0,0,0,0,0,0,0,0,0,0,0,0,0,1,0,0,0,0,0,0,0,0,1692,0,0,0,0,0,0,0,0,0,0,0,0,0,0,0,0,0,0,0,0,0,0,0,0,0,1,0,0,0,0,0,0,0,0,0,0,0,0,0,0,0,0,0,0,0,0,0,0,0,0,14,2,3,1,2,2,1,3,2,0,0,0,0,0,0,0,1,0,1,2,47,39
jsonpathly,d67eb3d9dee4ec898368415ab0e1e2dbd07a0aec,0,22239.5,57538560.0,5,5,0,24,24,4,2,2,3,1,1,2,16,11,2,2,0,0,0,0,0,0,0,0,0,0,0,0,0,0,0,0,1,0,0,0,0,0,0,0,0,1692,0,0,0,0,0,0,0,0,0,0,0,0,0,0,0,0,0,0,0,0,0,0,0,0,0,1,0,0,0,0,0,0,0,0,0,0,0,0,0,0,0,0,0,0,0,0,0,0,0,0,14,2,3,1,2,2,1,3,2,0,0,0,0,0,0,0,1,0,1,2,47,39
rfc9535,d67eb3d9dee4ec898368415ab0e1e2dbd07a0aec,0,16270.666666666666,58174122.666666664,5,5,0,24,24,4,2,2,3,1,1,2,16,11,2,2,0,0,0,0,0,0,0,0,0,0,0,0,0,0,0,0,1,0,0,0,0,0,0,0,0,1692,0,0,0,0,0,0,0,0,0,0,0,0,0,0,0,0,0,0,0,0,0,0,0,0,0,1,0,0,0,0,0,0,0,0,0,0,0,0,0,0,0,0,0,0,0,0,0,0,0,0,14,2,3,1,2,2,1,3,2,0,0,0,0,0,0,0,1,0,1,2,47,39
p3,d67eb3d9dee4ec898368415ab0e1e2dbd07a0aec,0,17765.6875,55828480.0,5,5,0,24,24,4,2,2,3,1,1,2,16,11,2,2,0,0,0,0,0,0,0,0,0,0,0,0,0,0,0,0,1,0,0,0,0,0,0,0,0,1692,0,0,0,0,0,0,0,0,0,0,0,0,0,0,0,0,0,0,0,0,0,0,0,0,0,1,0,0,0,0,0,0,0,0,0,0,0,0,0,0,0,0,0,0,0,0,0,0,0,0,14,2,3,1,2,2,1,3,2,0,0,0,0,0,0,0,1,0,1,2,47,39
plus,383f9e488d7922125121c3394dc53cfb9d594183,0,4525.875,54329344.0,1,0,0,11,11,1,0,0,0,0,0,0,0,0,0,0,0,0,0,0,0,0,0,0,0,0,0,0,0,0,0,0,0,0,0,0,0,0,0,0,0,1453,0,0,0,0,0,0,0,0,0,0,0,0,0,0,0,0,0,0,0,0,0,0,0,0,0,0,0,0,0,0,1,0,0,0,0,0,0,0,0,0,0,0,0,0,0,0,0,0,0,0,10,1,2,1,1,1,0,2,0,0,0,0,0,0,0,0,0,0,1,1,30,3
dchester,383f9e488d7922125121c3394dc53cfb9d594183,0,10139.0,60429653.333333336,1,0,0,11,11,1,0,0,0,0,0,0,0,0,0,0,0,0,0,0,0,0,0,0,0,0,0,0,0,0,0,0,0,0,0,0,0,0,0,0,0,1453,0,0,0,0,0,0,0,0,0,0,0,0,0,0,0,0,0,0,0,0,0,0,0,0,0,0,0,0,0,0,1,0,0,0,0,0,0,0,0,0,0,0,0,0,0,0,0,0,0,0,10,1,2,1,1,1,0,2,0,0,0,0,0,0,0,0,0,0,1,1,30,3
jsonpathly,383f9e488d7922125121c3394dc53cfb9d594183,0,10703.0,57098240.0,1,0,0,11,11,1,0,0,0,0,0,0,0,0,0,0,0,0,0,0,0,0,0,0,0,0,0,0,0,0,0,0,0,0,0,0,0,0,0,0,0,1453,0,0,0,0,0,0,0,0,0,0,0,0,0,0,0,0,0,0,0,0,0,0,0,0,0,0,0,0,0,0,1,0,0,0,0,0,0,0,0,0,0,0,0,0,0,0,0,0,0,0,10,1,2,1,1,1,0,2,0,0,0,0,0,0,0,0,0,0,1,1,30,3
rfc9535,383f9e488d7922125121c3394dc53cfb9d594183,0,6408.6875,57739264.0,1,0,0,11,11,1,0,0,0,0,0,0,0,0,0,0,0,0,0,0,0,0,0,0,0,0,0,0,0,0,0,0,0,0,0,0,0,0,0,0,0,1453,0,0,0,0,0,0,0,0,0,0,0,0,0,0,0,0,0,0,0,0,0,0,0,0,0,0,0,0,0,0,1,0,0,0,0,0,0,0,0,0,0,0,0,0,0,0,0,0,0,0,10,1,2,1,1,1,0,2,0,0,0,0,0,0,0,0,0,0,1,1,30,3
p3,383f9e488d7922125121c3394dc53cfb9d594183,0,4468.75,54745088.0,1,0,0,11,11,1,0,0,0,0,0,0,0,0,0,0,0,0,0,0,0,0,0,0,0,0,0,0,0,0,0,0,0,0,0,0,0,0,0,0,0,1453,0,0,0,0,0,0,0,0,0,0,0,0,0,0,0,0,0,0,0,0,0,0,0,0,0,0,0,0,0,0,1,0,0,0,0,0,0,0,0,0,0,0,0,0,0,0,0,0,0,0,10,1,2,1,1,1,0,2,0,0,0,0,0,0,0,0,0,0,1,1,30,3
plus,6dc78b0a69d7d44f8f410f752a9c21522402000a,0,4437.25,54296576.0,7,4,3,6,9,3,1,0,0,1,1,0,0,0,0,0,0,0,0,0,0,0,0,0,0,0,0,0,0,0,0,0,1,0,0,0,0,0,0,0,0,48,0,0,0,0,0,0,0,0,0,0,0,0,0,0,0,0,0,0,0,0,0,0,0,0,0,0,0,0,32,0,3,0,0,0,0,0,0,0,0,0,0,0,0,0,0,0,0,0,0,0,20,0,0,0,0,0,0,9,0,0,9,0,0,0,0,1,0,8,0,1,60,26
dchester,6dc78b0a69d7d44f8f410f752a9c21522402000a,0,39130.25,64020480.0,7,4,3,6,9,3,1,0,0,1,1,0,0,0,0,0,0,0,0,0,0,0,0,0,0,0,0,0,0,0,0,0,1,0,0,0,0,0,0,0,0,48,0,0,0,0,0,0,0,0,0,0,0,0,0,0,0,0,0,0,0,0,0,0,0,0,0,0,0,0,32,0,3,0,0,0,0,0,0,0,0,0,0,0,0,0,0,0,0,0,0,0,20,0,0,0,0,0,0,9,0,0,9,0,0,0,0,1,0,8,0,1,60,26
jsonpathly,6dc78b0a69d7d44f8f410f752a9c21522402000a,0,14635.5,57161728.0,7,4,3,6,9,3,1,0,0,1,1,0,0,0,0,0,0,0,0,0,0,0,0,0,0,0,0,0,0,0,0,0,1,0,0,0,0,0,0,0,0,48,0,0,0,0,0,0,0,0,0,0,0,0,0,0,0,0,0,0,0,0,0,0,0,0,0,0,0,0,32,0,3,0,0,0,0,0,0,0,0,0,0,0,0,0,0,0,0,0,0,0,20,0,0,0,0,0,0,9,0,0,9,0,0,0,0,1,0,8,0,1,60,26
rfc9535,6dc78b0a69d7d44f8f410f752a9c21522402000a,0,11281.0,57929728.0,7,4,3,6,9,3,1,0,0,1,1,0,0,0,0,0,0,0,0,0,0,0,0,0,0,0,0,0,0,0,0,0,1,0,0,0,0,0,0,0,0,48,0,0,0,0,0,0,0,0,0,0,0,0,0,0,0,0,0,0,0,0,0,0,0,0,0,0,0,0,32,0,3,0,0,0,0,0,0,0,0,0,0,0,0,0,0,0,0,0,0,0,20,0,0,0,0,0,0,9,0,0,9,0,0,0,0,1,0,8,0,1,60,26
p3,6dc78b0a69d7d44f8f410f752a9c21522402000a,0,10845.142857142857,55424731.428571425,7,4,3,6,9,3,1,0,0,1,1,0,0,0,0,0,0,0,0,0,0,0,0,0,0,0,0,0,0,0,0,0,1,0,0,0,0,0,0,0,0,48,0,0,0,0,0,0,0,0,0,0,0,0,0,0,0,0,0,0,0,0,0,0,0,0,0,0,0,0,32,0,3,0,0,0,0,0,0,0,0,0,0,0,0,0,0,0,0,0,0,0,20,0,0,0,0,0,0,9,0,0,9,0,0,0,0,1,0,8,0,1,60,26
plus,0c9d3187f8dd631ecccc1db3c4f8325e845896e9,0,nan,nan,59,29,22,242,264,23,16,76,87,56,57,41,159,126,42,25,6,18,17,3,1,2,10,1,2,2,0,33,17,5,24,33,5,0,1,16,26,45,15,11,57,336,22,6,2,4,24,9,15,8,16,11,6,9,1,2,1,1,19,10,9,3,3,5,2,9,4,0,1,0,7,0,30,8,1,1,0,0,0,0,6,2,5,5,10,30,15,3,5,2,11,3,4,0,0,0,0,0,0,1,0,0,1,0,0,0,0,1,0,0,0,1,7,1654
dchester,0c9d3187f8dd631ecccc1db3c4f8325e845896e9,0,nan,nan,59,29,22,242,264,23,16,76,87,56,57,41,159,126,42,25,6,18,17,3,1,2,10,1,2,2,0,33,17,5,24,33,5,0,1,16,26,45,15,11,57,336,22,6,2,4,24,9,15,8,16,11,6,9,1,2,1,1,19,10,9,3,3,5,2,9,4,0,1,0,7,0,30,8,1,1,0,0,0,0,6,2,5,5,10,30,15,3,5,2,11,3,4,0,0,0,0,0,0,1,0,0,1,0,0,0,0,1,0,0,0,1,7,1654
jsonpathly,0c9d3187f8dd631ecccc1db3c4f8325e845896e9,0,423491.6,78656307.2,59,29,22,242,264,23,16,76,87,56,57,41,159,126,42,25,6,18,17,3,1,2,10,1,2,2,0,33,17,5,24,33,5,0,1,16,26,45,15,11,57,336,22,6,2,4,24,9,15,8,16,11,6,9,1,2,1,1,19,10,9,3,3,5,2,9,4,0,1,0,7,0,30,8,1,1,0,0,0,0,6,2,5,5,10,30,15,3,5,2,11,3,4,0,0,0,0,0,0,1,0,0,1,0,0,0,0,1,0,0,0,1,7,1654
rfc9535,0c9d3187f8dd631ecccc1db3c4f8325e845896e9,0,216493.0,72032256.0,59,29,22,242,264,23,16,76,87,56,57,41,159,126,42,25,6,18,17,3,1,2,10,1,2,2,0,33,17,5,24,33,5,0,1,16,26,45,15,11,57,336,22,6,2,4,24,9,15,8,16,11,6,9,1,2,1,1,19,10,9,3,3,5,2,9,4,0,1,0,7,0,30,8,1,1,0,0,0,0,6,2,5,5,10,30,15,3,5,2,11,3,4,0,0,0,0,0,0,1,0,0,1,0,0,0,0,1,0,0,0,1,7,1654
p3,0c9d3187f8dd631ecccc1db3c4f8325e845896e9,0,nan,nan,59,29,22,242,264,23,16,76,87,56,57,41,159,126,42,25,6,18,17,3,1,2,10,1,2,2,0,33,17,5,24,33,5,0,1,16,26,45,15,11,57,336,22,6,2,4,24,9,15,8,16,11,6,9,1,2,1,1,19,10,9,3,3,5,2,9,4,0,1,0,7,0,30,8,1,1,0,0,0,0,6,2,5,5,10,30,15,3,5,2,11,3,4,0,0,0,0,0,0,1,0,0,1,0,0,0,0,1,0,0,0,1,7,1654
plus,a1f371737f130e992c1c76c376d4192f4f3a06fb,0,7892.333333333333,55536298.666666664,8,3,0,22,22,5,3,11,14,6,6,3,8,5,8,3,0,0,0,0,0,0,0,0,0,0,0,0,5,0,0,0,0,0,0,0,0,0,0,0,0,79,0,0,0,0,0,0,0,0,0,0,0,0,0,0,0,0,0,0,0,0,0,0,0,0,0,0,0,0,36,0,5,0,0,0,0,0,0,0,0,0,0,0,0,0,0,0,0,0,0,0,22,0,0,0,0,0,0,10,0,0,10,0,0,0,0,1,0,9,0,1,67,88
dchester,a1f371737f130e992c1c76c376d4192f4f3a06fb,0,61177.125,65015808.0,8,3,0,22,22,5,3,11,14,6,6,3,8,5,8,3,0,0,0,0,0,0,0,0,0,0,0,0,5,0,0,0,0,0,0,0,0,0,0,0,0,79,0,0,0,0,0,0,0,0,0,0,0,0,0,0,0,0,0,0,0,0,0,0,0,0,0,0,0,0,36,0,5,0,0,0,0,0,0,0,0,0,0,0,0,0,0,0,0,0,0,0,22,0,0,0,0,0,0,10,0,0,10,0,0,0,0,1,0,9,0,1,67,88
jsonpathly,a1f371737f130e992c1c76c376d4192f4f3a06fb,0,31702.875,58363904.0,8,3,0,22,22,5,3,11,14,6,6,3,8,5,8,3,0,0,0,0,0,0,0,0,0,0,0,0,5,0,0,0,0,0,0,0,0,0,0,0,0,79,0,0,0,0,0,0,0,0,0,0,0,0,0,0,0,0,0,0,0,0,0,0,0,0,0,0,0,0,36,0,5,0,0,0,0,0,0,0,0,0,0,0,0,0,0,0,0,0,0,0,22,0,0,0,0,0,0,10,0,0,10,0,0,0,0,1,0,9,0,1,67,88
rfc9535,a1f371737f130e992c1c76c376d4192f4f3a06fb,0,28041.6875,58918912.0,8,3,0,22,22,5,3,11,14,6,6,3,8,5,8,3,0,0,0,0,0,0,0,0,0,0,0,0,5,0,0,0,0,0,0,0,0,0,0,0,0,79,0,0,0,0,0,0,0,0,0,0,0,0,0,0,0,0,0,0,0,0,0,0,0,0,0,0,0,0,36,0,5,0,0,0,0,0,0,0,0,0,0,0,0,0,0,0,0,0,0,0,22,0,0,0,0,0,0,10,0,0,10,0,0,0,0,1,0,9,0,1,67,88
p3,a1f371737f130e992c1c76c376d4192f4f3a06fb,0,33820.4375,59193344.0,8,3,0,22,22,5,3,11,14,6,6,3,8,5,8,3,0,0,0,0,0,0,0,0,0,0,0,0,5,0,0,0,0,0,0,0,0,0,0,0,0,79,0,0,0,0,0,0,0,0,0,0,0,0,0,0,0,0,0,0,0,0,0,0,0,0,0,0,0,0,36,0,5,0,0,0,0,0,0,0,0,0,0,0,0,0,0,0,0,0,0,0,22,0,0,0,0,0,0,10,0,0,10,0,0,0,0,1,0,9,0,1,67,88
plus,6c3f7a5666882c50a2ca291b483ec39a25ecb346,0,2921.1,54309683.2,3,0,2,0,2,0,1,0,0,1,1,0,0,0,0,0,0,0,0,0,0,0,0,0,0,0,0,0,0,0,0,0,1,0,0,0,0,0,0,0,0,24,0,0,0,0,0,0,0,0,0,0,0,0,0,0,0,0,0,0,0,0,0,0,0,0,0,0,0,0,32,0,3,0,0,0,0,0,0,0,0,0,0,0,0,0,0,0,0,0,0,0,10,0,0,0,0,0,0,4,0,0,4,0,0,0,0,1,0,3,0,1,45,8
dchester,6c3f7a5666882c50a2ca291b483ec39a25ecb346,0,24255.25,62797824.0,3,0,2,0,2,0,1,0,0,1,1,0,0,0,0,0,0,0,0,0,0,0,0,0,0,0,0,0,0,0,0,0,1,0,0,0,0,0,0,0,0,24,0,0,0,0,0,0,0,0,0,0,0,0,0,0,0,0,0,0,0,0,0,0,0,0,0,0,0,0,32,0,3,0,0,0,0,0,0,0,0,0,0,0,0,0,0,0,0,0,0,0,10,0,0,0,0,0,0,4,0,0,4,0,0,0,0,1,0,3,0,1,45,8
jsonpathly,6c3f7a5666882c50a2ca291b483ec39a25ecb346,0,13023.4375,56899584.0,3,0,2,0,2,0,1,0,0,1,1,0,0,0,0,0,0,0,0,0,0,0,0,0,0,0,0,0,0,0,0,0,1,0,0,0,0,0,0,0,0,24,0,0,0,0,0,0,0,0,0,0,0,0,0,0,0,0,0,0,0,0,0,0,0,0,0,0,0,0,32,0,3,0,0,0,0,0,0,0,0,0,0,0,0,0,0,0,0,0,0,0,10,0,0,0,0,0,0,4,0,0,4,0,0,0,0,1,0,3,0,1,45,8
rfc9535,6c3f7a5666882c50a2ca291b483ec39a25ecb346,0,8411.375,57810944.0,3,0,2,0,2,0,1,0,0,1,1,0,0,0,0,0,0,0,0,0,0,0,0,0,0,0,0,0,0,0,0,0,1,0,0,0,0,0,0,0,0,24,0,0,0,0,0,0,0,0,0,0,0,0,0,0,0,0,0,0,0,0,0,0,0,0,0,0,0,0,32,0,3,0,0,0,0,0,0,0,0,0,0,0,0,0,0,0,0,0,0,0,10,0,0,0,0,0,0,4,0,0,4,0,0,0,0,1,0,3,0,1,45,8
p3,6c3f7a5666882c50a2ca291b483ec39a25ecb346,0,7781.333333333333,54924629.333333336,3,0,2,0,2,0,1,0,0,1,1,0,0,0,0,0,0,0,0,0,0,0,0,0,0,0,0,0,0,0,0,0,1,0,0,0,0,0,0,0,0,24,0,0,0,0,0,0,0,0,0,0,0,0,0,0,0,0,0,0,0,0,0,0,0,0,0,0,0,0,32,0,3,0,0,0,0,0,0,0,0,0,0,0,0,0,0,0,0,0,0,0,10,0,0,0,0,0,0,4,0,0,4,0,0,0,0,1,0,3,0,1,45,8
plus,242f66a8c98ad66104591d26bfe74b757c954d12,0,5056.428571428572,54387858.28571428,7,4,2,1,3,4,2,0,0,0,0,0,0,0,1,0,0,0,0,0,0,0,0,0,0,0,0,0,1,0,0,0,2,0,0,0,0,0,0,0,0,41,0,0,0,0,0,0,0,0,0,0,0,0,0,0,0,0,0,0,0,0,0,0,0,0,0,0,0,0,47,0,3,0,0,0,0,0,0,0,0,0,0,0,0,0,0,0,0,0,0,0,18,0,0,0,0,0,0,8,0,0,8,0,0,0,0,1,0,7,0,1,72,24
dchester,242f66a8c98ad66104591d26bfe74b757c954d12,0,40364.375,64122880.0,7,4,2,1,3,4,2,0,0,0,0,0,0,0,1,0,0,0,0,0,0,0,0,0,0,0,0,0,1,0,0,0,2,0,0,0,0,0,0,0,0,41,0,0,0,0,0,0,0,0,0,0,0,0,0,0,0,0,0,0,0,0,0,0,0,0,0,0,0,0,47,0,3,0,0,0,0,0,0,0,0,0,0,0,0,0,0,0,0,0,0,0,18,0,0,0,0,0,0,8,0,0,8,0,0,0,0,1,0,7,0,1,72,24
jsonpathly,242f66a8c98ad66104591d26bfe74b757c954d12,0,16911.25,57208832.0,7,4,2,1,3,4,2,0,0,0,0,0,0,0,1,0,0,0,0,0,0,0,0,0,0,0,0,0,1,0,0,0,2,0,0,0,0,0,0,0,0,41,0,0,0,0,0,0,0,0,0,0,0,0,0,0,0,0,0,0,0,0,0,0,0,0,0,0,0,0,47,0,3,0,0,0,0,0,0,0,0,0,0,0,0,0,0,0,0,0,0,0,18,0,0,0,0,0,0,8,0,0,8,0,0,0,0,1,0,7,0,1,72,24
rfc9535,242f66a8c98ad66104591d26bfe74b757c954d12,0,13224.0,57952256.0,7,4,2,1,3,4,2,0,0,0,0,0,0,0,1,0,0,0,0,0,0,0,0,0,0,0,0,0,1,0,0,0,2,0,0,0,0,0,0,0,0,41,0,0,0,0,0,0,0,0,0,0,0,0,0,0,0,0,0,0,0,0,0,0,0,0,0,0,0,0,47,0,3,0,0,0,0,0,0,0,0,0,0,0,0,0,0,0,0,0,0,0,18,0,0,0,0,0,0,8,0,0,8,0,0,0,0,1,0,7,0,1,72,24
p3,242f66a8c98ad66104591d26bfe74b757c954d12,0,17468.6875,56190976.0,7,4,2,1,3,4,2,0,0,0,0,0,0,0,1,0,0,0,0,0,0,0,0,0,0,0,0,0,1,0,0,0,2,0,0,0,0,0,0,0,0,41,0,0,0,0,0,0,0,0,0,0,0,0,0,0,0,0,0,0,0,0,0,0,0,0,0,0,0,0,47,0,3,0,0,0,0,0,0,0,0,0,0,0,0,0,0,0,0,0,0,0,18,0,0,0,0,0,0,8,0,0,8,0,0,0,0,1,0,7,0,1,72,24
plus,196db729a38849ececb555f3dcc61554c22f10cf,0,5369.75,54384640.0,3,3,2,0,2,1,0,0,0,0,0,0,0,0,0,0,0,0,0,0,0,0,0,0,0,0,0,0,0,0,0,0,0,0,0,0,0,0,0,0,0,27,0,0,0,0,0,0,0,0,0,0,0,0,0,0,0,0,0,0,0,0,0,0,0,0,0,0,0,0,17,0,0,0,0,0,0,0,0,0,0,0,0,0,0,0,0,0,0,0,0,0,8,0,0,0,0,0,0,3,0,0,3,0,0,0,0,1,0,2,0,1,27,10
dchester,196db729a38849ececb555f3dcc61554c22f10cf,0,21731.75,62611456.0,3,3,2,0,2,1,0,0,0,0,0,0,0,0,0,0,0,0,0,0,0,0,0,0,0,0,0,0,0,0,0,0,0,0,0,0,0,0,0,0,0,27,0,0,0,0,0,0,0,0,0,0,0,0,0,0,0,0,0,0,0,0,0,0,0,0,0,0,0,0,17,0,0,0,0,0,0,0,0,0,0,0,0,0,0,0,0,0,0,0,0,0,8,0,0,0,0,0,0,3,0,0,3,0,0,0,0,1,0,2,0,1,27,10
jsonpathly,196db729a38849ececb555f3dcc61554c22f10cf,0,12950.5625,57083904.0,3,3,2,0,2,1,0,0,0,0,0,0,0,0,0,0,0,0,0,0,0,0,0,0,0,0,0,0,0,0,0,0,0,0,0,0,0,0,0,0,0,27,0,0,0,0,0,0,0,0,0,0,0,0,0,0,0,0,0,0,0,0,0,0,0,0,0,0,0,0,17,0,0,0,0,0,0,0,0,0,0,0,0,0,0,0,0,0,0,0,0,0,8,0,0,0,0,0,0,3,0,0,3,0,0,0,0,1,0,2,0,1,27,10
rfc9535,196db729a38849ececb555f3dcc61554c22f10cf,0,9534.583333333334,57786368.0,3,3,2,0,2,1,0,0,0,0,0,0,0,0,0,0,0,0,0,0,0,0,0,0,0,0,0,0,0,0,0,0,0,0,0,0,0,0,0,0,0,27,0,0,0,0,0,0,0,0,0,0,0,0,0,0,0,0,0,0,0,0,0,0,0,0,0,0,0,0,17,0,0,0,0,0,0,0,0,0,0,0,0,0,0,0,0,0,0,0,0,0,8,0,0,0,0,0,0,3,0,0,3,0,0,0,0,1,0,2,0,1,27,10
p3,196db729a38849ececb555f3dcc61554c22f10cf,0,9893.25,55273472.0,3,3,2,0,2,1,0,0,0,0,0,0,0,0,0,0,0,0,0,0,0,0,0,0,0,0,0,0,0,0,0,0,0,0,0,0,0,0,0,0,0,27,0,0,0,0,0,0,0,0,0,0,0,0,0,0,0,0,0,0,0,0,0,0,0,0,0,0,0,0,17,0,0,0,0,0,0,0,0,0,0,0,0,0,0,0,0,0,0,0,0,0,8,0,0,0,0,0,0,3,0,0,3,0,0,0,0,1,0,2,0,1,27,10
plus,dd1ea36f288973382debb06b28174d479541b495,0,4700.0,54548889.6,1,1,0,0,0,0,1,1,2,2,2,1,0,1,0,0,0,0,0,0,0,0,0,0,0,0,0,0,0,0,0,0,0,0,0,0,0,0,0,0,0,7,0,0,0,0,0,0,0,0,0,0,0,0,0,0,0,0,0,0,0,0,0,0,0,0,0,0,0,0,18,0,0,0,0,0,0,0,0,0,0,0,0,0,0,0,0,0,0,0,0,0,4,0,0,0,0,0,0,1,0,0,1,0,0,0,0,1,0,0,0,1,22,8
dchester,dd1ea36f288973382debb06b28174d479541b495,0,32828.125,62918656.0,1,1,0,0,0,0,1,1,2,2,2,1,0,1,0,0,0,0,0,0,0,0,0,0,0,0,0,0,0,0,0,0,0,0,0,0,0,0,0,0,0,7,0,0,0,0,0,0,0,0,0,0,0,0,0,0,0,0,0,0,0,0,0,0,0,0,0,0,0,0,18,0,0,0,0,0,0,0,0,0,0,0,0,0,0,0,0,0,0,0,0,0,4,0,0,0,0,0,0,1,0,0,1,0,0,0,0,1,0,0,0,1,22,8
jsonpathly,dd1ea36f288973382debb06b28174d479541b495,0,13929.625,57225216.0,1,1,0,0,0,0,1,1,2,2,2,1,0,1,0,0,0,0,0,0,0,0,0,0,0,0,0,0,0,0,0,0,0,0,0,0,0,0,0,0,0,7,0,0,0,0,0,0,0,0,0,0,0,0,0,0,0,0,0,0,0,0,0,0,0,0,0,0,0,0,18,0,0,0,0,0,0,0,0,0,0,0,0,0,0,0,0,0,0,0,0,0,4,0,0,0,0,0,0,1,0,0,1,0,0,0,0,1,0,0,0,1,22,8
rfc9535,dd1ea36f288973382debb06b28174d479541b495,0,10208.3125,57909248.0,1,1,0,0,0,0,1,1,2,2,2,1,0,1,0,0,0,0,0,0,0,0,0,0,0,0,0,0,0,0,0,0,0,0,0,0,0,0,0,0,0,7,0,0,0,0,0,0,0,0,0,0,0,0,0,0,0,0,0,0,0,0,0,0,0,0,0,0,0,0,18,0,0,0,0,0,0,0,0,0,0,0,0,0,0,0,0,0,0,0,0,0,4,0,0,0,0,0,0,1,0,0,1,0,0,0,0,1,0,0,0,1,22,8
p3,dd1ea36f288973382debb06b28174d479541b495,0,8609.375,55037952.0,1,1,0,0,0,0,1,1,2,2,2,1,0,1,0,0,0,0,0,0,0,0,0,0,0,0,0,0,0,0,0,0,0,0,0,0,0,0,0,0,0,7,0,0,0,0,0,0,0,0,0,0,0,0,0,0,0,0,0,0,0,0,0,0,0,0,0,0,0,0,18,0,0,0,0,0,0,0,0,0,0,0,0,0,0,0,0,0,0,0,0,0,4,0,0,0,0,0,0,1,0,0,1,0,0,0,0,1,0,0,0,1,22,8
plus,cbe67a3226071945b566d4da9eb23ef16752f429,0,6141.7,54525952.0,10,7,5,24,29,4,1,6,7,5,5,4,26,20,2,1,1,4,2,0,0,0,0,0,0,0,0,7,1,0,0,0,0,0,0,0,0,0,0,0,0,44,0,0,0,0,0,0,0,0,0,0,0,0,0,0,0,0,0,0,0,0,0,0,0,0,0,0,0,0,100,0,3,0,0,0,0,0,0,0,0,0,0,0,0,0,0,0,0,0,0,0,12,0,0,0,0,0,0,5,0,0,5,0,0,0,0,1,0,4,0,1,116,103
dchester,cbe67a3226071945b566d4da9eb23ef16752f429,0,46958.3125,64868352.0,10,7,5,24,29,4,1,6,7,5,5,4,26,20,2,1,1,4,2,0,0,0,0,0,0,0,0,7,1,0,0,0,0,0,0,0,0,0,0,0,0,44,0,0,0,0,0,0,0,0,0,0,0,0,0,0,0,0,0,0,0,0,0,0,0,0,0,0,0,0,100,0,3,0,0,0,0,0,0,0,0,0,0,0,0,0,0,0,0,0,0,0,12,0,0,0,0,0,0,5,0,0,5,0,0,0,0,1,0,4,0,1,116,103
jsonpathly,cbe67a3226071945b566d4da9eb23ef16752f429,0,25641.6,57766707.2,10,7,5,24,29,4,1,6,7,5,5,4,26,20,2,1,1,4,2,0,0,0,0,0,0,0,0,7,1,0,0,0,0,0,0,0,0,0,0,0,0,44,0,0,0,0,0,0,0,0,0,0,0,0,0,0,0,0,0,0,0,0,0,0,0,0,0,0,0,0,100,0,3,0,0,0,0,0,0,0,0,0,0,0,0,0,0,0,0,0,0,0,12,0,0,0,0,0,0,5,0,0,5,0,0,0,0,1,0,4,0,1,116,103
rfc9535,cbe67a3226071945b566d4da9eb23ef16752f429,0,24895.875,58724352.0,10,7,5,24,29,4,1,6,7,5,5,4,26,20,2,1,1,4,2,0,0,0,0,0,0,0,0,7,1,0,0,0,0,0,0,0,0,0,0,0,0,44,0,0,0,0,0,0,0,0,0,0,0,0,0,0,0,0,0,0,0,0,0,0,0,0,0,0,0,0,100,0,3,0,0,0,0,0,0,0,0,0,0,0,0,0,0,0,0,0,0,0,12,0,0,0,0,0,0,5,0,0,5,0,0,0,0,1,0,4,0,1,116,103
p3,cbe67a3226071945b566d4da9eb23ef16752f429,0,27037.6,57052364.8,10,7,5,24,29,4,1,6,7,5,5,4,26,20,2,1,1,4,2,0,0,0,0,0,0,0,0,7,1,0,0,0,0,0,0,0,0,0,0,0,0,44,0,0,0,0,0,0,0,0,0,0,0,0,0,0,0,0,0,0,0,0,0,0,0,0,0,0,0,0,100,0,3,0,0,0,0,0,0,0,0,0,0,0,0,0,0,0,0,0,0,0,12,0,0,0,0,0,0,5,0,0,5,0,0,0,0,1,0,4,0,1,116,103
plus,de6135c8547921a263b01710c3e08b4fb0986b74,0,4465.166666666667,54400341.333333336,5,2,2,19,21,2,1,10,11,5,5,4,3,6,6,3,0,0,1,0,0,0,0,0,0,0,0,0,3,1,3,7,0,0,0,0,0,0,0,0,0,18,0,0,0,0,0,0,0,0,0,0,0,0,0,0,0,0,0,0,0,0,0,0,0,0,0,0,0,0,59,0,3,0,0,0,0,0,0,0,0,0,0,0,0,0,0,0,0,0,0,0,8,0,0,0,0,0,0,3,0,0,3,0,0,0,0,1,0,2,0,1,69,70
dchester,de6135c8547921a263b01710c3e08b4fb0986b74,0,46965.875,64729088.0,5,2,2,19,21,2,1,10,11,5,5,4,3,6,6,3,0,0,1,0,0,0,0,0,0,0,0,0,3,1,3,7,0,0,0,0,0,0,0,0,0,18,0,0,0,0,0,0,0,0,0,0,0,0,0,0,0,0,0,0,0,0,0,0,0,0,0,0,0,0,59,0,3,0,0,0,0,0,0,0,0,0,0,0,0,0,0,0,0,0,0,0,8,0,0,0,0,0,0,3,0,0,3,0,0,0,0,1,0,2,0,1,69,70
jsonpathly,de6135c8547921a263b01710c3e08b4fb0986b74,0,33390.6875,57987072.0,5,2,2,19,21,2,1,10,11,5,5,4,3,6,6,3,0,0,1,0,0,0,0,0,0,0,0,0,3,1,3,7,0,0,0,0,0,0,0,0,0,18,0,0,0,0,0,0,0,0,0,0,0,0,0,0,0,0,0,0,0,0,0,0,0,0,0,0,0,0,59,0,3,0,0,0,0,0,0,0,0,0,0,0,0,0,0,0,0,0,0,0,8,0,0,0,0,0,0,3,0,0,3,0,0,0,0,1,0,2,0,1,69,70
rfc9535,de6135c8547921a263b01710c3e08b4fb0986b74,0,24260.4375,58746880.0,5,2,2,19,21,2,1,10,11,5,5,4,3,6,6,3,0,0,1,0,0,0,0,0,0,0,0,0,3,1,3,7,0,0,0,0,0,0,0,0,0,18,0,0,0,0,0,0,0,0,0,0,0,0,0,0,0,0,0,0,0,0,0,0,0,0,0,0,0,0,59,0,3,0,0,0,0,0,0,0,0,0,0,0,0,0,0,0,0,0,0,0,8,0,0,0,0,0,0,3,0,0,3,0,0,0,0,1,0,2,0,1,69,70
p3,de6135c8547921a263b01710c3e08b4fb0986b74,0,30236.9375,57069568.0,5,2,2,19,21,2,1,10,11,5,5,4,3,6,6,3,0,0,1,0,0,0,0,0,0,0,0,0,3,1,3,7,0,0,0,0,0,0,0,0,0,18,0,0,0,0,0,0,0,0,0,0,0,0,0,0,0,0,0,0,0,0,0,0,0,0,0,0,0,0,59,0,3,0,0,0,0,0,0,0,0,0,0,0,0,0,0,0,0,0,0,0,8,0,0,0,0,0,0,3,0,0,3,0,0,0,0,1,0,2,0,1,69,70
plus,cfe715feb9f0724f87c8e912ed5bc75f262277df,0,21173.833333333332,56442880.0,10,2,8,95,103,2,6,16,19,18,20,15,94,61,17,10,2,11,7,1,1,2,4,1,0,0,0,17,7,2,10,17,3,1,1,7,16,26,6,8,46,267,11,6,3,3,7,1,6,9,18,7,9,14,2,2,1,1,10,9,11,5,2,0,4,21,5,2,1,0,38,0,8,9,12,1,0,0,0,0,6,2,32,93,125,315,153,38,33,14,70,20,4,0,0,0,0,0,0,1,0,0,1,0,0,0,0,1,0,0,0,1,30,1828
dchester,cfe715feb9f0724f87c8e912ed5bc75f262277df,0,nan,nan,10,2,8,95,103,2,6,16,19,18,20,15,94,61,17,10,2,11,7,1,1,2,4,1,0,0,0,17,7,2,10,17,3,1,1,7,16,26,6,8,46,267,11,6,3,3,7,1,6,9,18,7,9,14,2,2,1,1,10,9,11,5,2,0,4,21,5,2,1,0,38,0,8,9,12,1,0,0,0,0,6,2,32,93,125,315,153,38,33,14,70,20,4,0,0,0,0,0,0,1,0,0,1,0,0,0,0,1,0,0,0,1,30,1828
jsonpathly,cfe715feb9f0724f87c8e912ed5bc75f262277df,0,281903.6875,73500672.0,10,2,8,95,103,2,6,16,19,18,20,15,94,61,17,10,2,11,7,1,1,2,4,1,0,0,0,17,7,2,10,17,3,1,1,7,16,26,6,8,46,267,11,6,3,3,7,1,6,9,18,7,9,14,2,2,1,1,10,9,11,5,2,0,4,21,5,2,1,0,38,0,8,9,12,1,0,0,0,0,6,2,32,93,125,315,153,38,33,14,70,20,4,0,0,0,0,0,0,1,0,0,1,0,0,0,0,1,0,0,0,1,30,1828
rfc9535,cfe715feb9f0724f87c8e912ed5bc75f262277df,0,181820.3125,73310208.0,10,2,8,95,103,2,6,16,19,18,20,15,94,61,17,10,2,11,7,1,1,2,4,1,0,0,0,17,7,2,10,17,3,1,1,7,16,26,6,8,46,267,11,6,3,3,7,1,6,9,18,7,9,14,2,2,1,1,10,9,11,5,2,0,4,21,5,2,1,0,38,0,8,9,12,1,0,0,0,0,6,2,32,93,125,315,153,38,33,14,70,20,4,0,0,0,0,0,0,1,0,0,1,0,0,0,0,1,0,0,0,1,30,1828
p3,cfe715feb9f0724f87c8e912ed5bc75f262277df,0,146986.25,65582421.333333336,10,2,8,95,103,2,6,16,19,18,20,15,94,61,17,10,2,11,7,1,1,2,4,1,0,0,0,17,7,2,10,17,3,1,1,7,16,26,6,8,46,267,11,6,3,3,7,1,6,9,18,7,9,14,2,2,1,1,10,9,11,5,2,0,4,21,5,2,1,0,38,0,8,9,12,1,0,0,0,0,6,2,32,93,125,315,153,38,33,14,70,20,4,0,0,0,0,0,0,1,0,0,1,0,0,0,0,1,0,0,0,1,30,1828
plus,264de05250e6132b1d16b6a0f11898db5f7d8576,0,3695.4375,54433792.0,3,1,2,11,13,0,1,8,9,7,7,5,22,14,2,2,0,0,0,0,0,0,0,0,0,0,0,0,0,0,0,0,0,0,0,0,0,0,0,0,0,60,0,0,0,0,0,0,0,0,0,0,0,0,0,0,0,0,0,0,0,0,0,0,0,0,0,0,0,0,492,0,2,0,0,0,0,0,0,0,0,0,0,0,0,0,0,0,0,0,0,0,20,0,0,0,0,0,0,9,0,0,9,0,0,0,0,1,0,8,0,1,520,63
dchester,264de05250e6132b1d16b6a0f11898db5f7d8576,0,46114.625,64294912.0,3,1,2,11,13,0,1,8,9,7,7,5,22,14,2,2,0,0,0,0,0,0,0,0,0,0,0,0,0,0,0,0,0,0,0,0,0,0,0,0,0,60,0,0,0,0,0,0,0,0,0,0,0,0,0,0,0,0,0,0,0,0,0,0,0,0,0,0,0,0,492,0,2,0,0,0,0,0,0,0,0,0,0,0,0,0,0,0,0,0,0,0,20,0,0,0,0,0,0,9,0,0,9,0,0,0,0,1,0,8,0,1,520,63
jsonpathly,264de05250e6132b1d16b6a0f11898db5f7d8576,0,26387.875,57669632.0,3,1,2,11,13,0,1,8,9,7,7,5,22,14,2,2,0,0,0,0,0,0,0,0,0,0,0,0,0,0,0,0,0,0,0,0,0,0,0,0,0,60,0,0,0,0,0,0,0,0,0,0,0,0,0,0,0,0,0,0,0,0,0,0,0,0,0,0,0,0,492,0,2,0,0,0,0,0,0,0,0,0,0,0,0,0,0,0,0,0,0,0,20,0,0,0,0,0,0,9,0,0,9,0,0,0,0,1,0,8,0,1,520,63
rfc9535,264de05250e6132b1d16b6a0f11898db5f7d8576,0,20562.625,58118144.0,3,1,2,11,13,0,1,8,9,7,7,5,22,14,2,2,0,0,0,0,0,0,0,0,0,0,0,0,0,0,0,0,0,0,0,0,0,0,0,0,0,60,0,0,0,0,0,0,0,0,0,0,0,0,0,0,0,0,0,0,0,0,0,0,0,0,0,0,0,0,492,0,2,0,0,0,0,0,0,0,0,0,0,0,0,0,0,0,0,0,0,0,20,0,0,0,0,0,0,9,0,0,9,0,0,0,0,1,0,8,0,1,520,63
p3,264de05250e6132b1d16b6a0f11898db5f7d8576,0,17125.166666666668,56016896.0,3,1,2,11,13,0,1,8,9,7,7,5,22,14,2,2,0,0,0,0,0,0,0,0,0,0,0,0,0,0,0,0,0,0,0,0,0,0,0,0,0,60,0,0,0,0,0,0,0,0,0,0,0,0,0,0,0,0,0,0,0,0,0,0,0,0,0,0,0,0,492,0,2,0,0,0,0,0,0,0,0,0,0,0,0,0,0,0,0,0,0,0,20,0,0,0,0,0,0,9,0,0,9,0,0,0,0,1,0,8,0,1,520,63
plus,85dd3926ddfdf250d5b69f59395f819a3e814622,0,9146.0,55541760.0,10,7,4,14,18,5,2,5,6,4,4,4,1,5,2,0,0,0,0,0,0,0,0,0,0,0,0,0,2,0,0,0,1,0,0,0,0,0,0,0,0,33,0,0,0,0,0,0,0,0,0,0,0,0,0,0,0,0,0,0,0,0,0,0,0,0,0,0,0,0,221,0,3,0,0,0,0,0,0,0,0,0,0,0,0,0,0,0,0,0,0,0,12,0,0,0,0,0,0,5,0,0,5,0,0,0,0,1,0,4,0,1,237,62
dchester,85dd3926ddfdf250d5b69f59395f819a3e814622,0,57611.166666666664,65481386.666666664,10,7,4,14,18,5,2,5,6,4,4,4,1,5,2,0,0,0,0,0,0,0,0,0,0,0,0,0,2,0,0,0,1,0,0,0,0,0,0,0,0,33,0,0,0,0,0,0,0,0,0,0,0,0,0,0,0,0,0,0,0,0,0,0,0,0,0,0,0,0,221,0,3,0,0,0,0,0,0,0,0,0,0,0,0,0,0,0,0,0,0,0,12,0,0,0,0,0,0,5,0,0,5,0,0,0,0,1,0,4,0,1,237,62
jsonpathly,85dd3926ddfdf250d5b69f59395f819a3e814622,0,22662.5,57779814.4,10,7,4,14,18,5,2,5,6,4,4,4,1,5,2,0,0,0,0,0,0,0,0,0,0,0,0,0,2,0,0,0,1,0,0,0,0,0,0,0,0,33,0,0,0,0,0,0,0,0,0,0,0,0,0,0,0,0,0,0,0,0,0,0,0,0,0,0,0,0,221,0,3,0,0,0,0,0,0,0,0,0,0,0,0,0,0,0,0,0,0,0,12,0,0,0,0,0,0,5,0,0,5,0,0,0,0,1,0,4,0,1,237,62
rfc9535,85dd3926ddfdf250d5b69f59395f819a3e814622,0,22249.85714285714,59286674.28571428,10,7,4,14,18,5,2,5,6,4,4,4,1,5,2,0,0,0,0,0,0,0,0,0,0,0,0,0,2,0,0,0,1,0,0,0,0,0,0,0,0,33,0,0,0,0,0,0,0,0,0,0,0,0,0,0,0,0,0,0,0,0,0,0,0,0,0,0,0,0,221,0,3,0,0,0,0,0,0,0,0,0,0,0,0,0,0,0,0,0,0,0,12,0,0,0,0,0,0,5,0,0,5,0,0,0,0,1,0,4,0,1,237,62
p3,85dd3926ddfdf250d5b69f59395f819a3e814622,0,26529.3,57271910.4,10,7,4,14,18,5,2,5,6,4,4,4,1,5,2,0,0,0,0,0,0,0,0,0,0,0,0,0,2,0,0,0,1,0,0,0,0,0,0,0,0,33,0,0,0,0,0,0,0,0,0,0,0,0,0,0,0,0,0,0,0,0,0,0,0,0,0,0,0,0,221,0,3,0,0,0,0,0,0,0,0,0,0,0,0,0,0,0,0,0,0,0,12,0,0,0,0,0,0,5,0,0,5,0,0,0,0,1,0,4,0,1,237,62
plus,ee06c7b906c5e5eebf78057d7f65321e20e2ddd7,0,22736.333333333332,56546645.333333336,11,8,7,61,68,2,4,0,0,3,4,1,28,13,5,1,0,0,0,0,0,0,0,0,0,0,0,0,4,0,0,0,4,0,2,6,12,17,4,4,14,129,8,2,1,1,7,3,4,5,10,1,5,6,2,1,1,0,5,6,2,0,1,0,1,8,4,1,1,0,166,0,3,3,5,1,0,0,0,0,2,1,49,141,190,422,211,49,52,26,160,54,4,0,0,0,0,0,0,1,0,0,1,0,0,0,0,1,0,0,0,1,75,1828
dchester,ee06c7b906c5e5eebf78057d7f65321e20e2ddd7,0,nan,nan,11,8,7,61,68,2,4,0,0,3,4,1,28,13,5,1,0,0,0,0,0,0,0,0,0,0,0,0,4,0,0,0,4,0,2,6,12,17,4,4,14,129,8,2,1,1,7,3,4,5,10,1,5,6,2,1,1,0,5,6,2,0,1,0,1,8,4,1,1,0,166,0,3,3,5,1,0,0,0,0,2,1,49,141,190,422,211,49,52,26,160,54,4,0,0,0,0,0,0,1,0,0,1,0,0,0,0,1,0,0,0,1,75,1828
jsonpathly,ee06c7b906c5e5eebf78057d7f65321e20e2ddd7,0,190048.33333333334,70931797.33333333,11,8,7,61,68,2,4,0,0,3,4,1,28,13,5,1,0,0,0,0,0,0,0,0,0,0,0,0,4,0,0,0,4,0,2,6,12,17,4,4,14,129,8,2,1,1,7,3,4,5,10,1,5,6,2,1,1,0,5,6,2,0,1,0,1,8,4,1,1,0,166,0,3,3,5,1,0,0,0,0,2,1,49,141,190,422,211,49,52,26,160,54,4,0,0,0,0,0,0,1,0,0,1,0,0,0,0,1,0,0,0,1,75,1828
rfc9535,ee06c7b906c5e5eebf78057d7f65321e20e2ddd7,0,153205.8125,68278272.0,11,8,7,61,68,2,4,0,0,3,4,1,28,13,5,1,0,0,0,0,0,0,0,0,0,0,0,0,4,0,0,0,4,0,2,6,12,17,4,4,14,129,8,2,1,1,7,3,4,5,10,1,5,6,2,1,1,0,5,6,2,0,1,0,1,8,4,1,1,0,166,0,3,3,5,1,0,0,0,0,2,1,49,141,190,422,211,49,52,26,160,54,4,0,0,0,0,0,0,1,0,0,1,0,0,0,0,1,0,0,0,1,75,1828
p3,ee06c7b906c5e5eebf78057d7f65321e20e2ddd7,0,nan,nan,11,8,7,61,68,2,4,0,0,3,4,1,28,13,5,1,0,0,0,0,0,0,0,0,0,0,0,0,4,0,0,0,4,0,2,6,12,17,4,4,14,129,8,2,1,1,7,3,4,5,10,1,5,6,2,1,1,0,5,6,2,0,1,0,1,8,4,1,1,0,166,0,3,3,5,1,0,0,0,0,2,1,49,141,190,422,211,49,52,26,160,54,4,0,0,0,0,0,0,1,0,0,1,0,0,0,0,1,0,0,0,1,75,1828
plus,3329ba9f4e4931a3a4a72ab0cb2197fcb1aafae7,0,4984.25,54439936.0,6,3,3,17,20,3,1,0,0,0,0,0,0,0,0,0,0,0,0,0,0,0,0,0,0,0,0,0,0,0,0,0,1,0,0,0,0,0,0,0,0,9,0,0,0,0,0,0,0,0,0,0,0,0,0,0,0,0,0,0,0,0,0,0,0,0,0,0,0,0,112,0,3,0,0,0,0,0,0,0,0,0,0,0,0,0,0,0,0,0,0,0,4,0,0,0,0,0,0,1,0,0,1,0,0,0,0,1,0,0,0,1,116,35
dchester,3329ba9f4e4931a3a4a72ab0cb2197fcb1aafae7,0,37423.5,63793834.666666664,6,3,3,17,20,3,1,0,0,0,0,0,0,0,0,0,0,0,0,0,0,0,0,0,0,0,0,0,0,0,0,0,1,0,0,0,0,0,0,0,0,9,0,0,0,0,0,0,0,0,0,0,0,0,0,0,0,0,0,0,0,0,0,0,0,0,0,0,0,0,112,0,3,0,0,0,0,0,0,0,0,0,0,0,0,0,0,0,0,0,0,0,4,0,0,0,0,0,0,1,0,0,1,0,0,0,0,1,0,0,0,1,116,35
jsonpathly,3329ba9f4e4931a3a4a72ab0cb2197fcb1aafae7,0,23135.4375,57614336.0,6,3,3,17,20,3,1,0,0,0,0,0,0,0,0,0,0,0,0,0,0,0,0,0,0,0,0,0,0,0,0,0,1,0,0,0,0,0,0,0,0,9,0,0,0,0,0,0,0,0,0,0,0,0,0,0,0,0,0,0,0,0,0,0,0,0,0,0,0,0,112,0,3,0,0,0,0,0,0,0,0,0,0,0,0,0,0,0,0,0,0,0,4,0,0,0,0,0,0,1,0,0,1,0,0,0,0,1,0,0,0,1,116,35
rfc9535,3329ba9f4e4931a3a4a72ab0cb2197fcb1aafae7,0,11966.0625,58068992.0,6,3,3,17,20,3,1,0,0,0,0,0,0,0,0,0,0,0,0,0,0,0,0,0,0,0,0,0,0,0,0,0,1,0,0,0,0,0,0,0,0,9,0,0,0,0,0,0,0,0,0,0,0,0,0,0,0,0,0,0,0,0,0,0,0,0,0,0,0,0,112,0,3,0,0,0,0,0,0,0,0,0,0,0,0,0,0,0,0,0,0,0,4,0,0,0,0,0,0,1,0,0,1,0,0,0,0,1,0,0,0,1,116,35
p3,3329ba9f4e4931a3a4a72ab0cb2197fcb1aafae7,0,11250.0,55371776.0,6,3,3,17,20,3,1,0,0,0,0,0,0,0,0,0,0,0,0,0,0,0,0,0,0,0,0,0,0,0,0,0,1,0,0,0,0,0,0,0,0,9,0,0,0,0,0,0,0,0,0,0,0,0,0,0,0,0,0,0,0,0,0,0,0,0,0,0,0,0,112,0,3,0,0,0,0,0,0,0,0,0,0,0,0,0,0,0,0,0,0,0,4,0,0,0,0,0,0,1,0,0,1,0,0,0,0,1,0,0,0,1,116,35
plus,2dbdb7971559f790c3263bd39609751e74ebdc86,0,11244.875,56121344.0,10,4,3,15,18,5,3,2,3,4,4,1,2,2,0,0,0,0,0,0,0,0,0,0,0,0,0,0,0,0,0,0,2,0,0,0,0,0,0,0,0,68,0,0,0,0,0,0,0,0,0,0,0,0,0,0,0,0,0,0,0,0,0,0,0,0,0,0,0,0,1678,0,6,0,0,0,0,0,0,0,0,0,0,0,0,0,0,0,0,0,0,0,24,0,0,0,0,0,0,11,0,0,11,0,0,0,0,1,0,10,0,1,1712,50
dchester,2dbdb7971559f790c3263bd39609751e74ebdc86,0,47737.125,64980992.0,10,4,3,15,18,5,3,2,3,4,4,1,2,2,0,0,0,0,0,0,0,0,0,0,0,0,0,0,0,0,0,0,2,0,0,0,0,0,0,0,0,68,0,0,0,0,0,0,0,0,0,0,0,0,0,0,0,0,0,0,0,0,0,0,0,0,0,0,0,0,1678,0,6,0,0,0,0,0,0,0,0,0,0,0,0,0,0,0,0,0,0,0,24,0,0,0,0,0,0,11,0,0,11,0,0,0,0,1,0,10,0,1,1712,50
jsonpathly,2dbdb7971559f790c3263bd39609751e74ebdc86,0,25097.333333333332,57884672.0,10,4,3,15,18,5,3,2,3,4,4,1,2,2,0,0,0,0,0,0,0,0,0,0,0,0,0,0,0,0,0,0,2,0,0,0,0,0,0,0,0,68,0,0,0,0,0,0,0,0,0,0,0,0,0,0,0,0,0,0,0,0,0,0,0,0,0,0,0,0,1678,0,6,0,0,0,0,0,0,0,0,0,0,0,0,0,0,0,0,0,0,0,24,0,0,0,0,0,0,11,0,0,11,0,0,0,0,1,0,10,0,1,1712,50
rfc9535,2dbdb7971559f790c3263bd39609751e74ebdc86,0,20427.125,58316800.0,10,4,3,15,18,5,3,2,3,4,4,1,2,2,0,0,0,0,0,0,0,0,0,0,0,0,0,0,0,0,0,0,2,0,0,0,0,0,0,0,0,68,0,0,0,0,0,0,0,0,0,0,0,0,0,0,0,0,0,0,0,0,0,0,0,0,0,0,0,0,1678,0,6,0,0,0,0,0,0,0,0,0,0,0,0,0,0,0,0,0,0,0,24,0,0,0,0,0,0,11,0,0,11,0,0,0,0,1,0,10,0,1,1712,50
p3,2dbdb7971559f790c3263bd39609751e74ebdc86,0,22532.785714285714,57205906.28571428,10,4,3,15,18,5,3,2,3,4,4,1,2,2,0,0,0,0,0,0,0,0,0,0,0,0,0,0,0,0,0,0,2,0,0,0,0,0,0,0,0,68,0,0,0,0,0,0,0,0,0,0,0,0,0,0,0,0,0,0,0,0,0,0,0,0,0,0,0,0,1678,0,6,0,0,0,0,0,0,0,0,0,0,0,0,0,0,0,0,0,0,0,24,0,0,0,0,0,0,11,0,0,11,0,0,0,0,1,0,10,0,1,1712,50
plus,81ff0b198ab8f638c17f41ff46ae417275a4b82e,0,29031.25,56486570.666666664,43,22,22,112,134,21,10,11,14,33,37,30,123,92,24,14,5,20,8,1,1,2,4,1,0,0,0,20,10,0,0,0,7,1,5,20,35,60,15,16,86,488,29,9,3,6,34,16,18,16,32,17,18,13,4,4,2,2,25,15,12,3,8,6,8,52,10,2,3,0,11,0,21,28,24,3,0,0,0,0,9,2,7,25,32,57,24,8,4,1,2,1,8,0,0,0,0,0,0,3,0,0,0,0,0,0,0,1,0,2,0,1,16,1728
dchester,81ff0b198ab8f638c17f41ff46ae417275a4b82e,0,nan,nan,43,22,22,112,134,21,10,11,14,33,37,30,123,92,24,14,5,20,8,1,1,2,4,1,0,0,0,20,10,0,0,0,7,1,5,20,35,60,15,16,86,488,29,9,3,6,34,16,18,16,32,17,18,13,4,4,2,2,25,15,12,3,8,6,8,52,10,2,3,0,11,0,21,28,24,3,0,0,0,0,9,2,7,25,32,57,24,8,4,1,2,1,8,0,0,0,0,0,0,3,0,0,0,0,0,0,0,1,0,2,0,1,16,1728
jsonpathly,81ff0b198ab8f638c17f41ff46ae417275a4b82e,0,758534.8333333334,90177536.0,43,22,22,112,134,21,10,11,14,33,37,30,123,92,24,14,5,20,8,1,1,2,4,1,0,0,0,20,10,0,0,0,7,1,5,20,35,60,15,16,86,488,29,9,3,6,34,16,18,16,32,17,18,13,4,4,2,2,25,15,12,3,8,6,8,52,10,2,3,0,11,0,21,28,24,3,0,0,0,0,9,2,7,25,32,57,24,8,4,1,2,1,8,0,0,0,0,0,0,3,0,0,0,0,0,0,0,1,0,2,0,1,16,1728
rfc9535,81ff0b198ab8f638c17f41ff46ae417275a4b82e,0,207937.75,79630336.0,43,22,22,112,134,21,10,11,14,33,37,30,123,92,24,14,5,20,8,1,1,2,4,1,0,0,0,20,10,0,0,0,7,1,5,20,35,60,15,16,86,488,29,9,3,6,34,16,18,16,32,17,18,13,4,4,2,2,25,15,12,3,8,6,8,52,10,2,3,0,11,0,21,28,24,3,0,0,0,0,9,2,7,25,32,57,24,8,4,1,2,1,8,0,0,0,0,0,0,3,0,0,0,0,0,0,0,1,0,2,0,1,16,1728
p3,81ff0b198ab8f638c17f41ff46ae417275a4b82e,0,nan,nan,43,22,22,112,134,21,10,11,14,33,37,30,123,92,24,14,5,20,8,1,1,2,4,1,0,0,0,20,10,0,0,0,7,1,5,20,35,60,15,16,86,488,29,9,3,6,34,16,18,16,32,17,18,13,4,4,2,2,25,15,12,3,8,6,8,52,10,2,3,0,11,0,21,28,24,3,0,0,0,0,9,2,7,25,32,57,24,8,4,1,2,1,8,0,0,0,0,0,0,3,0,0,0,0,0,0,0,1,0,2,0,1,16,1728
plus,38101d1881841edae75bf10d8c4b8a5305f0ef5e,0,nan,nan,11,0,6,83,89,0,11,0,0,19,20,15,29,27,6,2,0,0,0,0,0,0,0,0,0,0,0,0,4,0,0,0,11,0,11,11,15,25,0,7,121,230,25,25,25,0,6,3,3,0,0,7,6,13,1,2,0,2,10,4,26,1,3,3,3,31,3,0,1,0,42,0,11,19,12,1,0,0,0,0,25,25,25,19,44,171,88,30,171,171,247,89,4,0,0,0,0,0,0,1,0,0,0,0,0,0,0,1,0,0,0,1,6,2042
dchester,38101d1881841edae75bf10d8c4b8a5305f0ef5e,0,nan,nan,11,0,6,83,89,0,11,0,0,19,20,15,29,27,6,2,0,0,0,0,0,0,0,0,0,0,0,0,4,0,0,0,11,0,11,11,15,25,0,7,121,230,25,25,25,0,6,3,3,0,0,7,6,13,1,2,0,2,10,4,26,1,3,3,3,31,3,0,1,0,42,0,11,19,12,1,0,0,0,0,25,25,25,19,44,171,88,30,171,171,247,89,4,0,0,0,0,0,0,1,0,0,0,0,0,0,0,1,0,0,0,1,6,2042
jsonpathly,38101d1881841edae75bf10d8c4b8a5305f0ef5e,0,20302229.166666668,101504341.33333333,11,0,6,83,89,0,11,0,0,19,20,15,29,27,6,2,0,0,0,0,0,0,0,0,0,0,0,0,4,0,0,0,11,0,11,11,15,25,0,7,121,230,25,25,25,0,6,3,3,0,0,7,6,13,1,2,0,2,10,4,26,1,3,3,3,31,3,0,1,0,42,0,11,19,12,1,0,0,0,0,25,25,25,19,44,171,88,30,171,171,247,89,4,0,0,0,0,0,0,1,0,0,0,0,0,0,0,1,0,0,0,1,6,2042
rfc9535,38101d1881841edae75bf10d8c4b8a5305f0ef5e,0,1152516.5,70257868.8,11,0,6,83,89,0,11,0,0,19,20,15,29,27,6,2,0,0,0,0,0,0,0,0,0,0,0,0,4,0,0,0,11,0,11,11,15,25,0,7,121,230,25,25,25,0,6,3,3,0,0,7,6,13,1,2,0,2,10,4,26,1,3,3,3,31,3,0,1,0,42,0,11,19,12,1,0,0,0,0,25,25,25,19,44,171,88,30,171,171,247,89,4,0,0,0,0,0,0,1,0,0,0,0,0,0,0,1,0,0,0,1,6,2042
p3,38101d1881841edae75bf10d8c4b8a5305f0ef5e,0,149130.375,64204800.0,11,0,6,83,89,0,11,0,0,19,20,15,29,27,6,2,0,0,0,0,0,0,0,0,0,0,0,0,4,0,0,0,11,0,11,11,15,25,0,7,121,230,25,25,25,0,6,3,3,0,0,7,6,13,1,2,0,2,10,4,26,1,3,3,3,31,3,0,1,0,42,0,11,19,12,1,0,0,0,0,25,25,25,19,44,171,88,30,171,171,247,89,4,0,0,0,0,0,0,1,0,0,0,0,0,0,0,1,0,0,0,1,6,2042
plus,fd5fa5f2c6de0e172997a8ed2058b06def228d67,0,nan,nan,4,0,1,23,24,0,4,0,0,2,2,1,14,9,0,0,0,0,0,0,0,0,0,0,0,0,0,0,0,0,0,0,4,0,4,4,5,7,0,1,33,85,7,7,7,0,2,1,1,0,0,2,2,3,1,0,0,0,2,1,7,0,2,0,0,3,2,0,0,0,19,0,4,2,1,0,0,0,0,0,7,7,52,25,77,677,291,82,67,34,165,42,4,0,0,0,0,0,0,1,0,0,0,0,0,0,0,1,0,0,0,1,7,2030
dchester,fd5fa5f2c6de0e172997a8ed2058b06def228d67,0,nan,nan,4,0,1,23,24,0,4,0,0,2,2,1,14,9,0,0,0,0,0,0,0,0,0,0,0,0,0,0,0,0,0,0,4,0,4,4,5,7,0,1,33,85,7,7,7,0,2,1,1,0,0,2,2,3,1,0,0,0,2,1,7,0,2,0,0,3,2,0,0,0,19,0,4,2,1,0,0,0,0,0,7,7,52,25,77,677,291,82,67,34,165,42,4,0,0,0,0,0,0,1,0,0,0,0,0,0,0,1,0,0,0,1,7,2030
jsonpathly,fd5fa5f2c6de0e172997a8ed2058b06def228d67,0,1252687.375,68964352.0,4,0,1,23,24,0,4,0,0,2,2,1,14,9,0,0,0,0,0,0,0,0,0,0,0,0,0,0,0,0,0,0,4,0,4,4,5,7,0,1,33,85,7,7,7,0,2,1,1,0,0,2,2,3,1,0,0,0,2,1,7,0,2,0,0,3,2,0,0,0,19,0,4,2,1,0,0,0,0,0,7,7,52,25,77,677,291,82,67,34,165,42,4,0,0,0,0,0,0,1,0,0,0,0,0,0,0,1,0,0,0,1,7,2030
rfc9535,fd5fa5f2c6de0e172997a8ed2058b06def228d67,0,417306.5,67656557.71428572,4,0,1,23,24,0,4,0,0,2,2,1,14,9,0,0,0,0,0,0,0,0,0,0,0,0,0,0,0,0,0,0,4,0,4,4,5,7,0,1,33,85,7,7,7,0,2,1,1,0,0,2,2,3,1,0,0,0,2,1,7,0,2,0,0,3,2,0,0,0,19,0,4,2,1,0,0,0,0,0,7,7,52,25,77,677,291,82,67,34,165,42,4,0,0,0,0,0,0,1,0,0,0,0,0,0,0,1,0,0,0,1,7,2030
p3,fd5fa5f2c6de0e172997a8ed2058b06def228d67,0,135174.5,63942656.0,4,0,1,23,24,0,4,0,0,2,2,1,14,9,0,0,0,0,0,0,0,0,0,0,0,0,0,0,0,0,0,0,4,0,4,4,5,7,0,1,33,85,7,7,7,0,2,1,1,0,0,2,2,3,1,0,0,0,2,1,7,0,2,0,0,3,2,0,0,0,19,0,4,2,1,0,0,0,0,0,7,7,52,25,77,677,291,82,67,34,165,42,4,0,0,0,0,0,0,1,0,0,0,0,0,0,0,1,0,0,0,1,7,2030
plus,d0491f685fd345cee8a80061c9c89b3b1c58ae39,0,nan,nan,3,0,1,66,67,0,3,0,0,1,1,0,15,9,0,0,0,0,0,0,0,0,0,0,0,0,0,0,0,0,0,0,3,0,3,3,4,11,0,2,48,148,11,11,11,0,1,1,0,0,0,1,4,6,0,0,0,0,7,1,11,0,1,0,2,2,2,0,0,0,59,0,3,1,1,0,0,0,0,0,11,11,11,28,39,243,129,32,243,243,370,124,4,0,0,0,0,0,0,1,0,0,0,0,0,0,0,1,0,0,0,1,6,2061
dchester,d0491f685fd345cee8a80061c9c89b3b1c58ae39,0,nan,nan,3,0,1,66,67,0,3,0,0,1,1,0,15,9,0,0,0,0,0,0,0,0,0,0,0,0,0,0,0,0,0,0,3,0,3,3,4,11,0,2,48,148,11,11,11,0,1,1,0,0,0,1,4,6,0,0,0,0,7,1,11,0,1,0,2,2,2,0,0,0,59,0,3,1,1,0,0,0,0,0,11,11,11,28,39,243,129,32,243,243,370,124,4,0,0,0,0,0,0,1,0,0,0,0,0,0,0,1,0,0,0,1,6,2061
jsonpathly,d0491f685fd345cee8a80061c9c89b3b1c58ae39,0,476458.5,68534272.0,3,0,1,66,67,0,3,0,0,1,1,0,15,9,0,0,0,0,0,0,0,0,0,0,0,0,0,0,0,0,0,0,3,0,3,3,4,11,0,2,48,148,11,11,11,0,1,1,0,0,0,1,4,6,0,0,0,0,7,1,11,0,1,0,2,2,2,0,0,0,59,0,3,1,1,0,0,0,0,0,11,11,11,28,39,243,129,32,243,243,370,124,4,0,0,0,0,0,0,1,0,0,0,0,0,0,0,1,0,0,0,1,6,2061
rfc9535,d0491f685fd345cee8a80061c9c89b3b1c58ae39,0,229524.08333333334,67310933.33333333,3,0,1,66,67,0,3,0,0,1,1,0,15,9,0,0,0,0,0,0,0,0,0,0,0,0,0,0,0,0,0,0,3,0,3,3,4,11,0,2,48,148,11,11,11,0,1,1,0,0,0,1,4,6,0,0,0,0,7,1,11,0,1,0,2,2,2,0,0,0,59,0,3,1,1,0,0,0,0,0,11,11,11,28,39,243,129,32,243,243,370,124,4,0,0,0,0,0,0,1,0,0,0,0,0,0,0,1,0,0,0,1,6,2061
p3,d0491f685fd345cee8a80061c9c89b3b1c58ae39,0,134885.5,64180224.0,3,0,1,66,67,0,3,0,0,1,1,0,15,9,0,0,0,0,0,0,0,0,0,0,0,0,0,0,0,0,0,0,3,0,3,3,4,11,0,2,48,148,11,11,11,0,1,1,0,0,0,1,4,6,0,0,0,0,7,1,11,0,1,0,2,2,2,0,0,0,59,0,3,1,1,0,0,0,0,0,11,11,11,28,39,243,129,32,243,243,370,124,4,0,0,0,0,0,0,1,0,0,0,0,0,0,0,1,0,0,0,1,6,2061
plus,fd8cd33df46528bc6580ca94f1cd82127083f6a7,0,nan,nan,10,0,4,18,22,0,10,0,0,7,8,6,15,14,5,2,0,0,4,0,0,0,0,0,0,0,0,0,3,0,0,0,10,0,10,14,197,221,4,41,89,647,194,7,4,3,194,93,101,23,46,10,18,30,3,2,0,2,24,183,10,3,3,4,5,16,13,2,0,0,15,1,10,7,9,0,0,0,5,8,7,1,1,0,1,3,2,0,0,0,0,0,4,0,0,0,0,0,0,1,0,0,0,0,0,0,0,1,0,0,0,1,6,1796
dchester,fd8cd33df46528bc6580ca94f1cd82127083f6a7,0,nan,nan,10,0,4,18,22,0,10,0,0,7,8,6,15,14,5,2,0,0,4,0,0,0,0,0,0,0,0,0,3,0,0,0,10,0,10,14,197,221,4,41,89,647,194,7,4,3,194,93,101,23,46,10,18,30,3,2,0,2,24,183,10,3,3,4,5,16,13,2,0,0,15,1,10,7,9,0,0,0,5,8,7,1,1,0,1,3,2,0,0,0,0,0,4,0,0,0,0,0,0,1,0,0,0,0,0,0,0,1,0,0,0,1,6,1796
jsonpathly,fd8cd33df46528bc6580ca94f1cd82127083f6a7,0,6232166.666666667,103967402.66666667,10,0,4,18,22,0,10,0,0,7,8,6,15,14,5,2,0,0,4,0,0,0,0,0,0,0,0,0,3,0,0,0,10,0,10,14,197,221,4,41,89,647,194,7,4,3,194,93,101,23,46,10,18,30,3,2,0,2,24,183,10,3,3,4,5,16,13,2,0,0,15,1,10,7,9,0,0,0,5,8,7,1,1,0,1,3,2,0,0,0,0,0,4,0,0,0,0,0,0,1,0,0,0,0,0,0,0,1,0,0,0,1,6,1796
rfc9535,fd8cd33df46528bc6580ca94f1cd82127083f6a7,0,389486.1666666667,80483669.33333333,10,0,4,18,22,0,10,0,0,7,8,6,15,14,5,2,0,0,4,0,0,0,0,0,0,0,0,0,3,0,0,0,10,0,10,14,197,221,4,41,89,647,194,7,4,3,194,93,101,23,46,10,18,30,3,2,0,2,24,183,10,3,3,4,5,16,13,2,0,0,15,1,10,7,9,0,0,0,5,8,7,1,1,0,1,3,2,0,0,0,0,0,4,0,0,0,0,0,0,1,0,0,0,0,0,0,0,1,0,0,0,1,6,1796
p3,fd8cd33df46528bc6580ca94f1cd82127083f6a7,0,170249.83333333334,65743530.666666664,10,0,4,18,22,0,10,0,0,7,8,6,15,14,5,2,0,0,4,0,0,0,0,0,0,0,0,0,3,0,0,0,10,0,10,14,197,221,4,41,89,647,194,7,4,3,194,93,101,23,46,10,18,30,3,2,0,2,24,183,10,3,3,4,5,16,13,2,0,0,15,1,10,7,9,0,0,0,5,8,7,1,1,0,1,3,2,0,0,0,0,0,4,0,0,0,0,0,0,1,0,0,0,0,0,0,0,1,0,0,0,1,6,1796
plus,0bd2efbe35b6c78c291a41fa3df2e3b6043aadde,0,nan,nan,11,0,4,7,11,0,11,0,0,7,7,4,2,5,1,1,0,0,0,0,0,0,0,0,0,0,0,0,0,0,0,0,11,0,11,16,224,239,5,49,81,656,209,4,1,3,208,97,111,25,50,8,17,35,0,0,0,0,15,208,9,5,2,1,12,12,5,0,0,0,0,0,11,7,5,0,0,0,0,0,4,1,1,0,1,1,0,0,0,0,0,0,4,0,0,0,0,0,0,1,0,0,0,0,0,0,0,1,0,0,0,1,6,1781
dchester,0bd2efbe35b6c78c291a41fa3df2e3b6043aadde,0,nan,nan,11,0,4,7,11,0,11,0,0,7,7,4,2,5,1,1,0,0,0,0,0,0,0,0,0,0,0,0,0,0,0,0,11,0,11,16,224,239,5,49,81,656,209,4,1,3,208,97,111,25,50,8,17,35,0,0,0,0,15,208,9,5,2,1,12,12,5,0,0,0,0,0,11,7,5,0,0,0,0,0,4,1,1,0,1,1,0,0,0,0,0,0,4,0,0,0,0,0,0,1,0,0,0,0,0,0,0,1,0,0,0,1,6,1781
jsonpathly,0bd2efbe35b6c78c291a41fa3df2e3b6043aadde,0,2644548.1666666665,88304298.66666667,11,0,4,7,11,0,11,0,0,7,7,4,2,5,1,1,0,0,0,0,0,0,0,0,0,0,0,0,0,0,0,0,11,0,11,16,224,239,5,49,81,656,209,4,1,3,208,97,111,25,50,8,17,35,0,0,0,0,15,208,9,5,2,1,12,12,5,0,0,0,0,0,11,7,5,0,0,0,0,0,4,1,1,0,1,1,0,0,0,0,0,0,4,0,0,0,0,0,0,1,0,0,0,0,0,0,0,1,0,0,0,1,6,1781
rfc9535,0bd2efbe35b6c78c291a41fa3df2e3b6043aadde,0,263600.6666666667,78118912.0,11,0,4,7,11,0,11,0,0,7,7,4,2,5,1,1,0,0,0,0,0,0,0,0,0,0,0,0,0,0,0,0,11,0,11,16,224,239,5,49,81,656,209,4,1,3,208,97,111,25,50,8,17,35,0,0,0,0,15,208,9,5,2,1,12,12,5,0,0,0,0,0,11,7,5,0,0,0,0,0,4,1,1,0,1,1,0,0,0,0,0,0,4,0,0,0,0,0,0,1,0,0,0,0,0,0,0,1,0,0,0,1,6,1781
p3,0bd2efbe35b6c78c291a41fa3df2e3b6043aadde,0,163031.125,65888256.0,11,0,4,7,11,0,11,0,0,7,7,4,2,5,1,1,0,0,0,0,0,0,0,0,0,0,0,0,0,0,0,0,11,0,11,16,224,239,5,49,81,656,209,4,1,3,208,97,111,25,50,8,17,35,0,0,0,0,15,208,9,5,2,1,12,12,5,0,0,0,0,0,11,7,5,0,0,0,0,0,4,1,1,0,1,1,0,0,0,0,0,0,4,0,0,0,0,0,0,1,0,0,0,0,0,0,0,1,0,0,0,1,6,1781
plus,8a993994c6a30d9bbbf05dc62dadd7ebc2b729d0,0,nan,nan,26,0,7,23,30,0,26,0,0,10,12,6,14,11,5,1,0,0,0,0,0,0,0,0,0,0,0,0,4,0,0,0,26,0,26,31,40,200,5,26,82,661,168,8,2,6,169,93,76,27,54,12,21,33,4,3,1,2,160,9,11,3,4,5,9,22,12,0,2,0,14,0,26,10,12,2,0,0,0,0,8,1,1,0,1,2,2,2,0,0,0,0,4,0,0,0,0,0,0,1,0,0,0,0,0,0,0,1,0,0,0,1,7,1843
dchester,8a993994c6a30d9bbbf05dc62dadd7ebc2b729d0,0,nan,nan,26,0,7,23,30,0,26,0,0,10,12,6,14,11,5,1,0,0,0,0,0,0,0,0,0,0,0,0,4,0,0,0,26,0,26,31,40,200,5,26,82,661,168,8,2,6,169,93,76,27,54,12,21,33,4,3,1,2,160,9,11,3,4,5,9,22,12,0,2,0,14,0,26,10,12,2,0,0,0,0,8,1,1,0,1,2,2,2,0,0,0,0,4,0,0,0,0,0,0,1,0,0,0,0,0,0,0,1,0,0,0,1,7,1843
jsonpathly,8a993994c6a30d9bbbf05dc62dadd7ebc2b729d0,0,70501517.92857143,119802148.57142857,26,0,7,23,30,0,26,0,0,10,12,6,14,11,5,1,0,0,0,0,0,0,0,0,0,0,0,0,4,0,0,0,26,0,26,31,40,200,5,26,82,661,168,8,2,6,169,93,76,27,54,12,21,33,4,3,1,2,160,9,11,3,4,5,9,22,12,0,2,0,14,0,26,10,12,2,0,0,0,0,8,1,1,0,1,2,2,2,0,0,0,0,4,0,0,0,0,0,0,1,0,0,0,0,0,0,0,1,0,0,0,1,7,1843
rfc9535,8a993994c6a30d9bbbf05dc62dadd7ebc2b729d0,0,266994.875,78716928.0,26,0,7,23,30,0,26,0,0,10,12,6,14,11,5,1,0,0,0,0,0,0,0,0,0,0,0,0,4,0,0,0,26,0,26,31,40,200,5,26,82,661,168,8,2,6,169,93,76,27,54,12,21,33,4,3,1,2,160,9,11,3,4,5,9,22,12,0,2,0,14,0,26,10,12,2,0,0,0,0,8,1,1,0,1,2,2,2,0,0,0,0,4,0,0,0,0,0,0,1,0,0,0,0,0,0,0,1,0,0,0,1,7,1843
p3,8a993994c6a30d9bbbf05dc62dadd7ebc2b729d0,0,158661.5,66822144.0,26,0,7,23,30,0,26,0,0,10,12,6,14,11,5,1,0,0,0,0,0,0,0,0,0,0,0,0,4,0,0,0,26,0,26,31,40,200,5,26,82,661,168,8,2,6,169,93,76,27,54,12,21,33,4,3,1,2,160,9,11,3,4,5,9,22,12,0,2,0,14,0,26,10,12,2,0,0,0,0,8,1,1,0,1,2,2,2,0,0,0,0,4,0,0,0,0,0,0,1,0,0,0,0,0,0,0,1,0,0,0,1,7,1843
plus,12143c5000ab2b09c40a9c8930fd5424881aa101,0,nan,nan,21,0,4,3,7,0,21,0,0,3,4,3,4,5,2,1,0,0,3,2,1,3,6,1,1,0,1,0,1,0,0,0,21,0,21,31,155,182,10,44,102,736,148,7,2,5,152,83,69,24,48,15,17,29,2,2,0,2,27,124,11,4,7,4,8,9,9,1,0,0,7,1,21,3,6,0,0,0,4,4,7,2,3,1,4,5,2,1,0,0,0,0,4,0,0,0,0,0,0,1,0,0,0,0,0,0,0,1,0,0,0,1,6,1796
dchester,12143c5000ab2b09c40a9c8930fd5424881aa101,0,nan,nan,21,0,4,3,7,0,21,0,0,3,4,3,4,5,2,1,0,0,3,2,1,3,6,1,1,0,1,0,1,0,0,0,21,0,21,31,155,182,10,44,102,736,148,7,2,5,152,83,69,24,48,15,17,29,2,2,0,2,27,124,11,4,7,4,8,9,9,1,0,0,7,1,21,3,6,0,0,0,4,4,7,2,3,1,4,5,2,1,0,0,0,0,4,0,0,0,0,0,0,1,0,0,0,0,0,0,0,1,0,0,0,1,6,1796
jsonpathly,12143c5000ab2b09c40a9c8930fd5424881aa101,0,721406.25,89978197.33333333,21,0,4,3,7,0,21,0,0,3,4,3,4,5,2,1,0,0,3,2,1,3,6,1,1,0,1,0,1,0,0,0,21,0,21,31,155,182,10,44,102,736,148,7,2,5,152,83,69,24,48,15,17,29,2,2,0,2,27,124,11,4,7,4,8,9,9,1,0,0,7,1,21,3,6,0,0,0,4,4,7,2,3,1,4,5,2,1,0,0,0,0,4,0,0,0,0,0,0,1,0,0,0,0,0,0,0,1,0,0,0,1,6,1796
rfc9535,12143c5000ab2b09c40a9c8930fd5424881aa101,0,257999.875,77803520.0,21,0,4,3,7,0,21,0,0,3,4,3,4,5,2,1,0,0,3,2,1,3,6,1,1,0,1,0,1,0,0,0,21,0,21,31,155,182,10,44,102,736,148,7,2,5,152,83,69,24,48,15,17,29,2,2,0,2,27,124,11,4,7,4,8,9,9,1,0,0,7,1,21,3,6,0,0,0,4,4,7,2,3,1,4,5,2,1,0,0,0,0,4,0,0,0,0,0,0,1,0,0,0,0,0,0,0,1,0,0,0,1,6,1796
p3,12143c5000ab2b09c40a9c8930fd5424881aa101,0,167306.5,66306048.0,21,0,4,3,7,0,21,0,0,3,4,3,4,5,2,1,0,0,3,2,1,3,6,1,1,0,1,0,1,0,0,0,21,0,21,31,155,182,10,44,102,736,148,7,2,5,152,83,69,24,48,15,17,29,2,2,0,2,27,124,11,4,7,4,8,9,9,1,0,0,7,1,21,3,6,0,0,0,4,4,7,2,3,1,4,5,2,1,0,0,0,0,4,0,0,0,0,0,0,1,0,0,0,0,0,0,0,1,0,0,0,1,6,1796
plus,eabf5db38aaf95d271ae01eb171d42073c2d28c0,0,nan,nan,15,0,17,93,110,0,15,0,0,26,28,22,96,64,10,7,3,9,4,0,0,0,0,0,0,0,0,16,3,0,0,0,15,0,15,27,81,110,12,26,98,669,71,6,3,3,76,36,40,27,54,24,22,27,3,4,2,2,29,54,19,13,8,3,15,53,7,3,2,0,13,0,15,26,27,2,0,0,0,0,6,2,2,0,2,2,1,0,0,0,0,0,4,0,0,0,0,0,0,1,0,0,0,0,0,0,0,1,0,0,0,1,6,1850
dchester,eabf5db38aaf95d271ae01eb171d42073c2d28c0,0,nan,nan,15,0,17,93,110,0,15,0,0,26,28,22,96,64,10,7,3,9,4,0,0,0,0,0,0,0,0,16,3,0,0,0,15,0,15,27,81,110,12,26,98,669,71,6,3,3,76,36,40,27,54,24,22,27,3,4,2,2,29,54,19,13,8,3,15,53,7,3,2,0,13,0,15,26,27,2,0,0,0,0,6,2,2,0,2,2,1,0,0,0,0,0,4,0,0,0,0,0,0,1,0,0,0,0,0,0,0,1,0,0,0,1,6,1850
jsonpathly,eabf5db38aaf95d271ae01eb171d42073c2d28c0,0,1022166.5,92766208.0,15,0,17,93,110,0,15,0,0,26,28,22,96,64,10,7,3,9,4,0,0,0,0,0,0,0,0,16,3,0,0,0,15,0,15,27,81,110,12,26,98,669,71,6,3,3,76,36,40,27,54,24,22,27,3,4,2,2,29,54,19,13,8,3,15,53,7,3,2,0,13,0,15,26,27,2,0,0,0,0,6,2,2,0,2,2,1,0,0,0,0,0,4,0,0,0,0,0,0,1,0,0,0,0,0,0,0,1,0,0,0,1,6,1850
rfc9535,eabf5db38aaf95d271ae01eb171d42073c2d28c0,0,217154.7142857143,79827529.14285715,15,0,17,93,110,0,15,0,0,26,28,22,96,64,10,7,3,9,4,0,0,0,0,0,0,0,0,16,3,0,0,0,15,0,15,27,81,110,12,26,98,669,71,6,3,3,76,36,40,27,54,24,22,27,3,4,2,2,29,54,19,13,8,3,15,53,7,3,2,0,13,0,15,26,27,2,0,0,0,0,6,2,2,0,2,2,1,0,0,0,0,0,4,0,0,0,0,0,0,1,0,0,0,0,0,0,0,1,0,0,0,1,6,1850
p3,eabf5db38aaf95d271ae01eb171d42073c2d28c0,0,nan,nan,15,0,17,93,110,0,15,0,0,26,28,22,96,64,10,7,3,9,4,0,0,0,0,0,0,0,0,16,3,0,0,0,15,0,15,27,81,110,12,26,98,669,71,6,3,3,76,36,40,27,54,24,22,27,3,4,2,2,29,54,19,13,8,3,15,53,7,3,2,0,13,0,15,26,27,2,0,0,0,0,6,2,2,0,2,2,1,0,0,0,0,0,4,0,0,0,0,0,0,1,0,0,0,0,0,0,0,1,0,0,0,1,6,1850
plus,9242160bdb1bd42046cbf14c7da85cbff38dc695,0,nan,nan,15,0,6,50,56,0,15,0,0,10,11,5,3,7,9,3,0,0,10,0,0,0,0,0,0,0,0,0,6,4,14,16,15,0,15,18,145,169,3,25,95,608,144,12,3,9,139,79,60,22,44,11,27,24,2,5,4,1,24,127,16,4,3,4,16,25,11,1,0,1,23,1,15,10,15,0,7,8,1,0,12,3,4,0,4,14,8,1,5,4,29,10,4,0,0,0,0,0,0,1,0,0,0,0,0,0,0,1,0,0,0,1,6,1815
dchester,9242160bdb1bd42046cbf14c7da85cbff38dc695,0,nan,nan,15,0,6,50,56,0,15,0,0,10,11,5,3,7,9,3,0,0,10,0,0,0,0,0,0,0,0,0,6,4,14,16,15,0,15,18,145,169,3,25,95,608,144,12,3,9,139,79,60,22,44,11,27,24,2,5,4,1,24,127,16,4,3,4,16,25,11,1,0,1,23,1,15,10,15,0,7,8,1,0,12,3,4,0,4,14,8,1,5,4,29,10,4,0,0,0,0,0,0,1,0,0,0,0,0,0,0,1,0,0,0,1,6,1815
jsonpathly,9242160bdb1bd42046cbf14c7da85cbff38dc695,0,1136098.875,90087424.0,15,0,6,50,56,0,15,0,0,10,11,5,3,7,9,3,0,0,10,0,0,0,0,0,0,0,0,0,6,4,14,16,15,0,15,18,145,169,3,25,95,608,144,12,3,9,139,79,60,22,44,11,27,24,2,5,4,1,24,127,16,4,3,4,16,25,11,1,0,1,23,1,15,10,15,0,7,8,1,0,12,3,4,0,4,14,8,1,5,4,29,10,4,0,0,0,0,0,0,1,0,0,0,0,0,0,0,1,0,0,0,1,6,1815
rfc9535,9242160bdb1bd42046cbf14c7da85cbff38dc695,0,254886.85714285713,78233600.0,15,0,6,50,56,0,15,0,0,10,11,5,3,7,9,3,0,0,10,0,0,0,0,0,0,0,0,0,6,4,14,16,15,0,15,18,145,169,3,25,95,608,144,12,3,9,139,79,60,22,44,11,27,24,2,5,4,1,24,127,16,4,3,4,16,25,11,1,0,1,23,1,15,10,15,0,7,8,1,0,12,3,4,0,4,14,8,1,5,4,29,10,4,0,0,0,0,0,0,1,0,0,0,0,0,0,0,1,0,0,0,1,6,1815
p3,9242160bdb1bd42046cbf14c7da85cbff38dc695,0,199698.1875,65603584.0,15,0,6,50,56,0,15,0,0,10,11,5,3,7,9,3,0,0,10,0,0,0,0,0,0,0,0,0,6,4,14,16,15,0,15,18,145,169,3,25,95,608,144,12,3,9,139,79,60,22,44,11,27,24,2,5,4,1,24,127,16,4,3,4,16,25,11,1,0,1,23,1,15,10,15,0,7,8,1,0,12,3,4,0,4,14,8,1,5,4,29,10,4,0,0,0,0,0,0,1,0,0,0,0,0,0,0,1,0,0,0,1,6,1815
plus,657bd88bc54935042a20b07be80f86ae9873573e,0,2736.1666666666665,54143658.666666664,0,0,0,0,0,0,0,0,0,0,0,0,0,0,0,0,0,0,0,0,0,0,0,0,0,0,0,0,0,0,0,0,0,0,0,0,0,0,0,0,0,45,0,0,0,0,0,0,0,0,0,0,0,0,0,0,0,0,0,0,0,0,0,0,0,0,0,0,0,0,0,0,0,0,0,0,0,0,0,0,0,0,0,0,0,0,0,0,0,0,0,0,16,0,0,0,0,0,0,6,1,0,0,0,0,0,1,2,2,4,0,3,21,1
dchester,657bd88bc54935042a20b07be80f86ae9873573e,0,4783.3,59958886.4,0,0,0,0,0,0,0,0,0,0,0,0,0,0,0,0,0,0,0,0,0,0,0,0,0,0,0,0,0,0,0,0,0,0,0,0,0,0,0,0,0,45,0,0,0,0,0,0,0,0,0,0,0,0,0,0,0,0,0,0,0,0,0,0,0,0,0,0,0,0,0,0,0,0,0,0,0,0,0,0,0,0,0,0,0,0,0,0,0,0,0,0,16,0,0,0,0,0,0,6,1,0,0,0,0,0,1,2,2,4,0,3,21,1
jsonpathly,657bd88bc54935042a20b07be80f86ae9873573e,0,8921.8125,56551424.0,0,0,0,0,0,0,0,0,0,0,0,0,0,0,0,0,0,0,0,0,0,0,0,0,0,0,0,0,0,0,0,0,0,0,0,0,0,0,0,0,0,45,0,0,0,0,0,0,0,0,0,0,0,0,0,0,0,0,0,0,0,0,0,0,0,0,0,0,0,0,0,0,0,0,0,0,0,0,0,0,0,0,0,0,0,0,0,0,0,0,0,0,16,0,0,0,0,0,0,6,1,0,0,0,0,0,1,2,2,4,0,3,21,1
rfc9535,657bd88bc54935042a20b07be80f86ae9873573e,0,5775.1,57737216.0,0,0,0,0,0,0,0,0,0,0,0,0,0,0,0,0,0,0,0,0,0,0,0,0,0,0,0,0,0,0,0,0,0,0,0,0,0,0,0,0,0,45,0,0,0,0,0,0,0,0,0,0,0,0,0,0,0,0,0,0,0,0,0,0,0,0,0,0,0,0,0,0,0,0,0,0,0,0,0,0,0,0,0,0,0,0,0,0,0,0,0,0,16,0,0,0,0,0,0,6,1,0,0,0,0,0,1,2,2,4,0,3,21,1
p3,657bd88bc54935042a20b07be80f86ae9873573e,0,1872.4375,54634496.0,0,0,0,0,0,0,0,0,0,0,0,0,0,0,0,0,0,0,0,0,0,0,0,0,0,0,0,0,0,0,0,0,0,0,0,0,0,0,0,0,0,45,0,0,0,0,0,0,0,0,0,0,0,0,0,0,0,0,0,0,0,0,0,0,0,0,0,0,0,0,0,0,0,0,0,0,0,0,0,0,0,0,0,0,0,0,0,0,0,0,0,0,16,0,0,0,0,0,0,6,1,0,0,0,0,0,1,2,2,4,0,3,21,1
plus,d4f1e10d2fd14f5f73d9ae64ae1c6b6bcb935aab,0,2672.25,54325248.0,0,0,0,0,0,0,0,0,0,0,0,0,0,0,0,0,0,0,0,0,0,0,0,0,0,0,0,0,0,0,0,0,0,0,0,0,0,0,0,0,0,14,0,0,0,0,0,0,0,0,0,0,0,0,0,0,0,0,0,0,0,0,0,0,0,0,0,0,0,0,0,0,0,0,0,0,0,0,0,0,0,0,0,0,0,0,0,0,0,0,0,0,8,0,0,0,0,0,0,3,0,0,0,0,0,0,0,1,0,2,0,1,17,1
dchester,d4f1e10d2fd14f5f73d9ae64ae1c6b6bcb935aab,0,4687.666666666667,60151125.333333336,0,0,0,0,0,0,0,0,0,0,0,0,0,0,0,0,0,0,0,0,0,0,0,0,0,0,0,0,0,0,0,0,0,0,0,0,0,0,0,0,0,14,0,0,0,0,0,0,0,0,0,0,0,0,0,0,0,0,0,0,0,0,0,0,0,0,0,0,0,0,0,0,0,0,0,0,0,0,0,0,0,0,0,0,0,0,0,0,0,0,0,0,8,0,0,0,0,0,0,3,0,0,0,0,0,0,0,1,0,2,0,1,17,1
jsonpathly,d4f1e10d2fd14f5f73d9ae64ae1c6b6bcb935aab,0,9445.125,56629248.0,0,0,0,0,0,0,0,0,0,0,0,0,0,0,0,0,0,0,0,0,0,0,0,0,0,0,0,0,0,0,0,0,0,0,0,0,0,0,0,0,0,14,0,0,0,0,0,0,0,0,0,0,0,0,0,0,0,0,0,0,0,0,0,0,0,0,0,0,0,0,0,0,0,0,0,0,0,0,0,0,0,0,0,0,0,0,0,0,0,0,0,0,8,0,0,0,0,0,0,3,0,0,0,0,0,0,0,1,0,2,0,1,17,1
rfc9535,d4f1e10d2fd14f5f73d9ae64ae1c6b6bcb935aab,0,5868.0,57671680.0,0,0,0,0,0,0,0,0,0,0,0,0,0,0,0,0,0,0,0,0,0,0,0,0,0,0,0,0,0,0,0,0,0,0,0,0,0,0,0,0,0,14,0,0,0,0,0,0,0,0,0,0,0,0,0,0,0,0,0,0,0,0,0,0,0,0,0,0,0,0,0,0,0,0,0,0,0,0,0,0,0,0,0,0,0,0,0,0,0,0,0,0,8,0,0,0,0,0,0,3,0,0,0,0,0,0,0,1,0,2,0,1,17,1
p3,d4f1e10d2fd14f5f73d9ae64ae1c6b6bcb935aab,0,1951.6666666666667,54525952.0,0,0,0,0,0,0,0,0,0,0,0,0,0,0,0,0,0,0,0,0,0,0,0,0,0,0,0,0,0,0,0,0,0,0,0,0,0,0,0,0,0,14,0,0,0,0,0,0,0,0,0,0,0,0,0,0,0,0,0,0,0,0,0,0,0,0,0,0,0,0,0,0,0,0,0,0,0,0,0,0,0,0,0,0,0,0,0,0,0,0,0,0,8,0,0,0,0,0,0,3,0,0,0,0,0,0,0,1,0,2,0,1,17,1
plus,323182842fadb759bedcc16e39357218a0db7958,0,2755.125,54272000.0,0,0,0,4,4,0,0,0,0,0,0,3,28,17,0,0,0,0,0,1,1,2,4,1,0,0,0,0,0,0,0,0,0,0,0,0,0,0,0,0,0,183,0,0,0,0,0,0,0,0,0,0,0,0,0,0,0,0,0,0,0,0,0,0,0,0,0,2,0,0,4,0,0,0,0,3,0,0,0,0,0,0,0,0,0,0,0,0,0,0,0,0,66,1,3,0,0,3,0,26,4,3,2,1,3,2,7,4,3,19,2,4,147,1
dchester,323182842fadb759bedcc16e39357218a0db7958,0,4656.166666666667,60036437.333333336,0,0,0,4,4,0,0,0,0,0,0,3,28,17,0,0,0,0,0,1,1,2,4,1,0,0,0,0,0,0,0,0,0,0,0,0,0,0,0,0,0,183,0,0,0,0,0,0,0,0,0,0,0,0,0,0,0,0,0,0,0,0,0,0,0,0,0,2,0,0,4,0,0,0,0,3,0,0,0,0,0,0,0,0,0,0,0,0,0,0,0,0,66,1,3,0,0,3,0,26,4,3,2,1,3,2,7,4,3,19,2,4,147,1
jsonpathly,323182842fadb759bedcc16e39357218a0db7958,0,8569.583333333334,56483840.0,0,0,0,4,4,0,0,0,0,0,0,3,28,17,0,0,0,0,0,1,1,2,4,1,0,0,0,0,0,0,0,0,0,0,0,0,0,0,0,0,0,183,0,0,0,0,0,0,0,0,0,0,0,0,0,0,0,0,0,0,0,0,0,0,0,0,0,2,0,0,4,0,0,0,0,3,0,0,0,0,0,0,0,0,0,0,0,0,0,0,0,0,66,1,3,0,0,3,0,26,4,3,2,1,3,2,7,4,3,19,2,4,147,1
rfc9535,323182842fadb759bedcc16e39357218a0db7958,0,5958.5,57792921.6,0,0,0,4,4,0,0,0,0,0,0,3,28,17,0,0,0,0,0,1,1,2,4,1,0,0,0,0,0,0,0,0,0,0,0,0,0,0,0,0,0,183,0,0,0,0,0,0,0,0,0,0,0,0,0,0,0,0,0,0,0,0,0,0,0,0,0,2,0,0,4,0,0,0,0,3,0,0,0,0,0,0,0,0,0,0,0,0,0,0,0,0,66,1,3,0,0,3,0,26,4,3,2,1,3,2,7,4,3,19,2,4,147,1
p3,323182842fadb759bedcc16e39357218a0db7958,0,2322.875,54577152.0,0,0,0,4,4,0,0,0,0,0,0,3,28,17,0,0,0,0,0,1,1,2,4,1,0,0,0,0,0,0,0,0,0,0,0,0,0,0,0,0,0,183,0,0,0,0,0,0,0,0,0,0,0,0,0,0,0,0,0,0,0,0,0,0,0,0,0,2,0,0,4,0,0,0,0,3,0,0,0,0,0,0,0,0,0,0,0,0,0,0,0,0,66,1,3,0,0,3,0,26,4,3,2,1,3,2,7,4,3,19,2,4,147,1
plus,ed4970e1719c90ee91cb2d619d009c063b014931,0,2781.25,54288384.0,0,0,0,0,0,0,0,0,0,0,0,0,0,0,0,0,0,0,0,0,0,0,0,0,0,0,0,0,0,0,0,0,0,0,0,0,0,0,0,0,0,36,0,0,0,0,0,0,0,0,0,0,0,0,0,0,0,0,0,0,0,0,0,0,0,0,0,0,0,0,2,0,0,0,0,0,0,0,0,0,0,0,0,0,0,0,0,0,0,0,0,0,12,0,0,0,0,0,0,5,0,0,2,0,0,0,0,1,0,4,0,1,24,1
dchester,ed4970e1719c90ee91cb2d619d009c063b014931,0,4636.928571428572,59986505.14285714,0,0,0,0,0,0,0,0,0,0,0,0,0,0,0,0,0,0,0,0,0,0,0,0,0,0,0,0,0,0,0,0,0,0,0,0,0,0,0,0,0,36,0,0,0,0,0,0,0,0,0,0,0,0,0,0,0,0,0,0,0,0,0,0,0,0,0,0,0,0,2,0,0,0,0,0,0,0,0,0,0,0,0,0,0,0,0,0,0,0,0,0,12,0,0,0,0,0,0,5,0,0,2,0,0,0,0,1,0,4,0,1,24,1
jsonpathly,ed4970e1719c90ee91cb2d619d009c063b014931,0,8489.75,56475648.0,0,0,0,0,0,0,0,0,0,0,0,0,0,0,0,0,0,0,0,0,0,0,0,0,0,0,0,0,0,0,0,0,0,0,0,0,0,0,0,0,0,36,0,0,0,0,0,0,0,0,0,0,0,0,0,0,0,0,0,0,0,0,0,0,0,0,0,0,0,0,2,0,0,0,0,0,0,0,0,0,0,0,0,0,0,0,0,0,0,0,0,0,12,0,0,0,0,0,0,5,0,0,2,0,0,0,0,1,0,4,0,1,24,1
rfc9535,ed4970e1719c90ee91cb2d619d009c063b014931,0,5901.25,57798656.0,0,0,0,0,0,0,0,0,0,0,0,0,0,0,0,0,0,0,0,0,0,0,0,0,0,0,0,0,0,0,0,0,0,0,0,0,0,0,0,0,0,36,0,0,0,0,0,0,0,0,0,0,0,0,0,0,0,0,0,0,0,0,0,0,0,0,0,0,0,0,2,0,0,0,0,0,0,0,0,0,0,0,0,0,0,0,0,0,0,0,0,0,12,0,0,0,0,0,0,5,0,0,2,0,0,0,0,1,0,4,0,1,24,1
p3,ed4970e1719c90ee91cb2d619d009c063b014931,0,1948.0,54484992.0,0,0,0,0,0,0,0,0,0,0,0,0,0,0,0,0,0,0,0,0,0,0,0,0,0,0,0,0,0,0,0,0,0,0,0,0,0,0,0,0,0,36,0,0,0,0,0,0,0,0,0,0,0,0,0,0,0,0,0,0,0,0,0,0,0,0,0,0,0,0,2,0,0,0,0,0,0,0,0,0,0,0,0,0,0,0,0,0,0,0,0,0,12,0,0,0,0,0,0,5,0,0,2,0,0,0,0,1,0,4,0,1,24,1
plus,ceddb0bf2398154ac236a14d53b9d64131402ad0,0,2687.6666666666665,54323882.666666664,0,0,0,0,0,0,0,0,0,0,0,0,0,0,0,0,0,0,0,0,0,0,0,0,0,0,0,0,0,0,0,0,0,0,0,0,0,0,0,0,0,26,0,0,0,0,0,0,0,0,0,0,0,0,0,0,0,0,0,0,0,0,0,0,0,0,0,0,0,0,0,0,0,0,0,0,0,0,0,0,0,0,0,0,0,0,0,0,0,0,0,0,9,0,0,0,0,0,0,3,0,0,1,0,0,0,1,1,0,2,0,2,13,1
dchester,ceddb0bf2398154ac236a14d53b9d64131402ad0,0,4718.875,59928576.0,0,0,0,0,0,0,0,0,0,0,0,0,0,0,0,0,0,0,0,0,0,0,0,0,0,0,0,0,0,0,0,0,0,0,0,0,0,0,0,0,0,26,0,0,0,0,0,0,0,0,0,0,0,0,0,0,0,0,0,0,0,0,0,0,0,0,0,0,0,0,0,0,0,0,0,0,0,0,0,0,0,0,0,0,0,0,0,0,0,0,0,0,9,0,0,0,0,0,0,3,0,0,1,0,0,0,1,1,0,2,0,2,13,1
jsonpathly,ceddb0bf2398154ac236a14d53b9d64131402ad0,0,8749.9,56511692.8,0,0,0,0,0,0,0,0,0,0,0,0,0,0,0,0,0,0,0,0,0,0,0,0,0,0,0,0,0,0,0,0,0,0,0,0,0,0,0,0,0,26,0,0,0,0,0,0,0,0,0,0,0,0,0,0,0,0,0,0,0,0,0,0,0,0,0,0,0,0,0,0,0,0,0,0,0,0,0,0,0,0,0,0,0,0,0,0,0,0,0,0,9,0,0,0,0,0,0,3,0,0,1,0,0,0,1,1,0,2,0,2,13,1
rfc9535,ceddb0bf2398154ac236a14d53b9d64131402ad0,0,5755.375,57712640.0,0,0,0,0,0,0,0,0,0,0,0,0,0,0,0,0,0,0,0,0,0,0,0,0,0,0,0,0,0,0,0,0,0,0,0,0,0,0,0,0,0,26,0,0,0,0,0,0,0,0,0,0,0,0,0,0,0,0,0,0,0,0,0,0,0,0,0,0,0,0,0,0,0,0,0,0,0,0,0,0,0,0,0,0,0,0,0,0,0,0,0,0,9,0,0,0,0,0,0,3,0,0,1,0,0,0,1,1,0,2,0,2,13,1
p3,ceddb0bf2398154ac236a14d53b9d64131402ad0,0,1879.0,54496460.8,0,0,0,0,0,0,0,0,0,0,0,0,0,0,0,0,0,0,0,0,0,0,0,0,0,0,0,0,0,0,0,0,0,0,0,0,0,0,0,0,0,26,0,0,0,0,0,0,0,0,0,0,0,0,0,0,0,0,0,0,0,0,0,0,0,0,0,0,0,0,0,0,0,0,0,0,0,0,0,0,0,0,0,0,0,0,0,0,0,0,0,0,9,0,0,0,0,0,0,3,0,0,1,0,0,0,1,1,0,2,0,2,13,1
plus,3669a1a0e7035bc0e6cf3ef1e0b06e0032333755,0,2750.0,54276096.0,0,0,0,0,0,0,0,0,0,0,0,0,1,1,0,0,0,0,0,0,0,0,0,0,0,0,0,0,0,0,0,0,0,0,0,0,0,0,0,0,0,167,0,0,0,0,0,0,0,0,0,0,0,0,0,0,0,0,0,0,0,0,0,0,0,0,0,1,0,0,20,0,0,0,0,0,0,0,0,0,0,0,0,0,0,0,0,0,0,0,0,0,58,0,0,0,0,0,0,27,4,0,4,0,0,0,3,4,2,23,0,3,132,1
dchester,3669a1a0e7035bc0e6cf3ef1e0b06e0032333755,0,4591.7,59824537.6,0,0,0,0,0,0,0,0,0,0,0,0,1,1,0,0,0,0,0,0,0,0,0,0,0,0,0,0,0,0,0,0,0,0,0,0,0,0,0,0,0,167,0,0,0,0,0,0,0,0,0,0,0,0,0,0,0,0,0,0,0,0,0,0,0,0,0,1,0,0,20,0,0,0,0,0,0,0,0,0,0,0,0,0,0,0,0,0,0,0,0,0,58,0,0,0,0,0,0,27,4,0,4,0,0,0,3,4,2,23,0,3,132,1
jsonpathly,3669a1a0e7035bc0e6cf3ef1e0b06e0032333755,0,8694.5,56475648.0,0,0,0,0,0,0,0,0,0,0,0,0,1,1,0,0,0,0,0,0,0,0,0,0,0,0,0,0,0,0,0,0,0,0,0,0,0,0,0,0,0,167,0,0,0,0,0,0,0,0,0,0,0,0,0,0,0,0,0,0,0,0,0,0,0,0,0,1,0,0,20,0,0,0,0,0,0,0,0,0,0,0,0,0,0,0,0,0,0,0,0,0,58,0,0,0,0,0,0,27,4,0,4,0,0,0,3,4,2,23,0,3,132,1
rfc9535,3669a1a0e7035bc0e6cf3ef1e0b06e0032333755,0,5882.0,57802752.0,0,0,0,0,0,0,0,0,0,0,0,0,1,1,0,0,0,0,0,0,0,0,0,0,0,0,0,0,0,0,0,0,0,0,0,0,0,0,0,0,0,167,0,0,0,0,0,0,0,0,0,0,0,0,0,0,0,0,0,0,0,0,0,0,0,0,0,1,0,0,20,0,0,0,0,0,0,0,0,0,0,0,0,0,0,0,0,0,0,0,0,0,58,0,0,0,0,0,0,27,4,0,4,0,0,0,3,4,2,23,0,3,132,1
p3,3669a1a0e7035bc0e6cf3ef1e0b06e0032333755,0,1879.2,54444032.0,0,0,0,0,0,0,0,0,0,0,0,0,1,1,0,0,0,0,0,0,0,0,0,0,0,0,0,0,0,0,0,0,0,0,0,0,0,0,0,0,0,167,0,0,0,0,0,0,0,0,0,0,0,0,0,0,0,0,0,0,0,0,0,0,0,0,0,1,0,0,20,0,0,0,0,0,0,0,0,0,0,0,0,0,0,0,0,0,0,0,0,0,58,0,0,0,0,0,0,27,4,0,4,0,0,0,3,4,2,23,0,3,132,1
plus,4ae36528ac0f3bfff53b6690af3353ad7a8e52d7,0,2718.75,54243328.0,0,0,0,0,0,0,0,0,0,0,0,0,0,0,0,0,0,0,0,0,0,0,0,0,0,0,0,0,0,0,0,0,0,0,0,0,0,0,0,0,0,17,0,0,0,0,0,0,0,0,0,0,0,0,0,0,0,0,0,0,0,0,0,0,0,0,0,0,0,0,2,0,0,0,0,0,0,0,0,0,0,0,0,0,0,0,0,0,0,0,0,0,8,0,0,0,0,0,0,3,0,0,1,0,0,0,0,1,0,2,0,1,17,1
dchester,4ae36528ac0f3bfff53b6690af3353ad7a8e52d7,0,4639.785714285715,59956077.71428572,0,0,0,0,0,0,0,0,0,0,0,0,0,0,0,0,0,0,0,0,0,0,0,0,0,0,0,0,0,0,0,0,0,0,0,0,0,0,0,0,0,17,0,0,0,0,0,0,0,0,0,0,0,0,0,0,0,0,0,0,0,0,0,0,0,0,0,0,0,0,2,0,0,0,0,0,0,0,0,0,0,0,0,0,0,0,0,0,0,0,0,0,8,0,0,0,0,0,0,3,0,0,1,0,0,0,0,1,0,2,0,1,17,1
jsonpathly,4ae36528ac0f3bfff53b6690af3353ad7a8e52d7,0,8604.25,56489301.333333336,0,0,0,0,0,0,0,0,0,0,0,0,0,0,0,0,0,0,0,0,0,0,0,0,0,0,0,0,0,0,0,0,0,0,0,0,0,0,0,0,0,17,0,0,0,0,0,0,0,0,0,0,0,0,0,0,0,0,0,0,0,0,0,0,0,0,0,0,0,0,2,0,0,0,0,0,0,0,0,0,0,0,0,0,0,0,0,0,0,0,0,0,8,0,0,0,0,0,0,3,0,0,1,0,0,0,0,1,0,2,0,1,17,1
rfc9535,4ae36528ac0f3bfff53b6690af3353ad7a8e52d7,0,5697.875,57761792.0,0,0,0,0,0,0,0,0,0,0,0,0,0,0,0,0,0,0,0,0,0,0,0,0,0,0,0,0,0,0,0,0,0,0,0,0,0,0,0,0,0,17,0,0,0,0,0,0,0,0,0,0,0,0,0,0,0,0,0,0,0,0,0,0,0,0,0,0,0,0,2,0,0,0,0,0,0,0,0,0,0,0,0,0,0,0,0,0,0,0,0,0,8,0,0,0,0,0,0,3,0,0,1,0,0,0,0,1,0,2,0,1,17,1
p3,4ae36528ac0f3bfff53b6690af3353ad7a8e52d7,0,1835.9375,54480896.0,0,0,0,0,0,0,0,0,0,0,0,0,0,0,0,0,0,0,0,0,0,0,0,0,0,0,0,0,0,0,0,0,0,0,0,0,0,0,0,0,0,17,0,0,0,0,0,0,0,0,0,0,0,0,0,0,0,0,0,0,0,0,0,0,0,0,0,0,0,0,2,0,0,0,0,0,0,0,0,0,0,0,0,0,0,0,0,0,0,0,0,0,8,0,0,0,0,0,0,3,0,0,1,0,0,0,0,1,0,2,0,1,17,1
plus,ab4d1525e302772ea82f4e96c320d98c12b9761c,0,2771.0,54220117.333333336,0,0,0,84,84,0,0,0,0,0,0,3,33,24,0,0,0,0,0,1,0,0,3,0,1,1,0,0,0,0,0,0,0,0,0,0,0,0,0,0,0,257,0,0,0,0,0,0,0,0,0,0,0,0,0,0,0,0,0,0,0,0,0,0,0,0,0,3,0,0,10,0,0,0,0,4,0,0,0,0,0,0,0,0,0,0,0,0,0,0,0,0,94,3,22,4,9,14,10,22,4,4,3,1,5,5,0,0,6,0,19,3,312,1
dchester,ab4d1525e302772ea82f4e96c320d98c12b9761c,0,4687.5625,59920384.0,0,0,0,84,84,0,0,0,0,0,0,3,33,24,0,0,0,0,0,1,0,0,3,0,1,1,0,0,0,0,0,0,0,0,0,0,0,0,0,0,0,257,0,0,0,0,0,0,0,0,0,0,0,0,0,0,0,0,0,0,0,0,0,0,0,0,0,3,0,0,10,0,0,0,0,4,0,0,0,0,0,0,0,0,0,0,0,0,0,0,0,0,94,3,22,4,9,14,10,22,4,4,3,1,5,5,0,0,6,0,19,3,312,1
jsonpathly,ab4d1525e302772ea82f4e96c320d98c12b9761c,0,8569.5,56688640.0,0,0,0,84,84,0,0,0,0,0,0,3,33,24,0,0,0,0,0,1,0,0,3,0,1,1,0,0,0,0,0,0,0,0,0,0,0,0,0,0,0,257,0,0,0,0,0,0,0,0,0,0,0,0,0,0,0,0,0,0,0,0,0,0,0,0,0,3,0,0,10,0,0,0,0,4,0,0,0,0,0,0,0,0,0,0,0,0,0,0,0,0,94,3,22,4,9,14,10,22,4,4,3,1,5,5,0,0,6,0,19,3,312,1
rfc9535,ab4d1525e302772ea82f4e96c320d98c12b9761c,0,5841.9,57812582.4,0,0,0,84,84,0,0,0,0,0,0,3,33,24,0,0,0,0,0,1,0,0,3,0,1,1,0,0,0,0,0,0,0,0,0,0,0,0,0,0,0,257,0,0,0,0,0,0,0,0,0,0,0,0,0,0,0,0,0,0,0,0,0,0,0,0,0,3,0,0,10,0,0,0,0,4,0,0,0,0,0,0,0,0,0,0,0,0,0,0,0,0,94,3,22,4,9,14,10,22,4,4,3,1,5,5,0,0,6,0,19,3,312,1
p3,ab4d1525e302772ea82f4e96c320d98c12b9761c,0,1869.75,54460416.0,0,0,0,84,84,0,0,0,0,0,0,3,33,24,0,0,0,0,0,1,0,0,3,0,1,1,0,0,0,0,0,0,0,0,0,0,0,0,0,0,0,257,0,0,0,0,0,0,0,0,0,0,0,0,0,0,0,0,0,0,0,0,0,0,0,0,0,3,0,0,10,0,0,0,0,4,0,0,0,0,0,0,0,0,0,0,0,0,0,0,0,0,94,3,22,4,9,14,10,22,4,4,3,1,5,5,0,0,6,0,19,3,312,1
plus,f95de1c75bac58482a11a16ea410b1ef4c2043da,0,2744.875,54255616.0,0,0,0,5,5,0,0,0,0,0,0,0,0,0,0,0,0,0,0,0,0,0,0,0,0,0,0,0,0,0,0,0,0,0,0,0,0,0,0,0,0,36,0,0,0,0,0,0,0,0,0,0,0,0,0,0,0,0,0,0,0,0,0,0,0,0,0,0,0,0,9,0,0,0,0,0,0,0,0,0,0,0,0,0,0,0,0,0,0,0,0,0,15,1,3,0,0,1,0,3,0,0,1,1,1,4,1,0,0,0,2,2,36,1
dchester,f95de1c75bac58482a11a16ea410b1ef4c2043da,0,4639.166666666667,59959978.666666664,0,0,0,5,5,0,0,0,0,0,0,0,0,0,0,0,0,0,0,0,0,0,0,0,0,0,0,0,0,0,0,0,0,0,0,0,0,0,0,0,0,36,0,0,0,0,0,0,0,0,0,0,0,0,0,0,0,0,0,0,0,0,0,0,0,0,0,0,0,0,9,0,0,0,0,0,0,0,0,0,0,0,0,0,0,0,0,0,0,0,0,0,15,1,3,0,0,1,0,3,0,0,1,1,1,4,1,0,0,0,2,2,36,1
jsonpathly,f95de1c75bac58482a11a16ea410b1ef4c2043da,0,8585.9375,56565760.0,0,0,0,5,5,0,0,0,0,0,0,0,0,0,0,0,0,0,0,0,0,0,0,0,0,0,0,0,0,0,0,0,0,0,0,0,0,0,0,0,0,36,0,0,0,0,0,0,0,0,0,0,0,0,0,0,0,0,0,0,0,0,0,0,0,0,0,0,0,0,9,0,0,0,0,0,0,0,0,0,0,0,0,0,0,0,0,0,0,0,0,0,15,1,3,0,0,1,0,3,0,0,1,1,1,4,1,0,0,0,2,2,36,1
rfc9535,f95de1c75bac58482a11a16ea410b1ef4c2043da,0,5673.666666666667,57671680.0,0,0,0,5,5,0,0,0,0,0,0,0,0,0,0,0,0,0,0,0,0,0,0,0,0,0,0,0,0,0,0,0,0,0,0,0,0,0,0,0,0,36,0,0,0,0,0,0,0,0,0,0,0,0,0,0,0,0,0,0,0,0,0,0,0,0,0,0,0,0,9,0,0,0,0,0,0,0,0,0,0,0,0,0,0,0,0,0,0,0,0,0,15,1,3,0,0,1,0,3,0,0,1,1,1,4,1,0,0,0,2,2,36,1
p3,f95de1c75bac58482a11a16ea410b1ef4c2043da,0,1916.6666666666667,54498645.333333336,0,0,0,5,5,0,0,0,0,0,0,0,0,0,0,0,0,0,0,0,0,0,0,0,0,0,0,0,0,0,0,0,0,0,0,0,0,0,0,0,0,36,0,0,0,0,0,0,0,0,0,0,0,0,0,0,0,0,0,0,0,0,0,0,0,0,0,0,0,0,9,0,0,0,0,0,0,0,0,0,0,0,0,0,0,0,0,0,0,0,0,0,15,1,3,0,0,1,0,3,0,0,1,1,1,4,1,0,0,0,2,2,36,1
plus,12f20b8a5ac6f5262ecb6fa4dd00ebbfdc235915,0,2802.125,54214656.0,0,0,0,10,10,0,0,0,0,0,0,0,2,0,0,0,0,0,0,0,0,0,0,0,0,0,0,0,0,0,0,0,0,0,0,0,0,0,0,0,0,88,0,0,0,0,0,0,0,0,0,0,0,0,0,0,0,0,0,0,0,0,0,0,0,0,0,0,0,0,8,0,0,0,0,1,0,0,0,0,0,0,0,0,0,0,0,0,0,0,0,0,30,1,1,0,0,2,0,12,1,1,1,1,2,3,2,1,1,10,0,2,81,1
dchester,12f20b8a5ac6f5262ecb6fa4dd00ebbfdc235915,0,4715.166666666667,60200277.333333336,0,0,0,10,10,0,0,0,0,0,0,0,2,0,0,0,0,0,0,0,0,0,0,0,0,0,0,0,0,0,0,0,0,0,0,0,0,0,0,0,0,88,0,0,0,0,0,0,0,0,0,0,0,0,0,0,0,0,0,0,0,0,0,0,0,0,0,0,0,0,8,0,0,0,0,1,0,0,0,0,0,0,0,0,0,0,0,0,0,0,0,0,30,1,1,0,0,2,0,12,1,1,1,1,2,3,2,1,1,10,0,2,81,1
jsonpathly,12f20b8a5ac6f5262ecb6fa4dd00ebbfdc235915,0,8874.833333333334,56530261.333333336,0,0,0,10,10,0,0,0,0,0,0,0,2,0,0,0,0,0,0,0,0,0,0,0,0,0,0,0,0,0,0,0,0,0,0,0,0,0,0,0,0,88,0,0,0,0,0,0,0,0,0,0,0,0,0,0,0,0,0,0,0,0,0,0,0,0,0,0,0,0,8,0,0,0,0,1,0,0,0,0,0,0,0,0,0,0,0,0,0,0,0,0,30,1,1,0,0,2,0,12,1,1,1,1,2,3,2,1,1,10,0,2,81,1
rfc9535,12f20b8a5ac6f5262ecb6fa4dd00ebbfdc235915,0,5924.3125,57798656.0,0,0,0,10,10,0,0,0,0,0,0,0,2,0,0,0,0,0,0,0,0,0,0,0,0,0,0,0,0,0,0,0,0,0,0,0,0,0,0,0,0,88,0,0,0,0,0,0,0,0,0,0,0,0,0,0,0,0,0,0,0,0,0,0,0,0,0,0,0,0,8,0,0,0,0,1,0,0,0,0,0,0,0,0,0,0,0,0,0,0,0,0,30,1,1,0,0,2,0,12,1,1,1,1,2,3,2,1,1,10,0,2,81,1
p3,12f20b8a5ac6f5262ecb6fa4dd00ebbfdc235915,0,1862.0625,54534144.0,0,0,0,10,10,0,0,0,0,0,0,0,2,0,0,0,0,0,0,0,0,0,0,0,0,0,0,0,0,0,0,0,0,0,0,0,0,0,0,0,0,88,0,0,0,0,0,0,0,0,0,0,0,0,0,0,0,0,0,0,0,0,0,0,0,0,0,0,0,0,8,0,0,0,0,1,0,0,0,0,0,0,0,0,0,0,0,0,0,0,0,0,30,1,1,0,0,2,0,12,1,1,1,1,2,3,2,1,1,10,0,2,81,1
plus,5dfa2604e7f502c551f797c645e193ed9d29d053,0,nan,nan,70,29,34,147,181,45,14,28,34,50,55,38,173,134,34,17,2,10,3,1,0,0,3,0,1,1,0,12,17,2,3,4,8,1,2,15,25,51,13,8,58,489,17,6,1,5,20,12,8,21,42,13,21,21,6,6,2,4,26,10,10,4,3,6,10,68,11,4,3,1,33,1,41,33,35,3,1,1,1,0,6,0,0,0,0,0,0,0,0,0,0,0,4,0,0,0,0,0,0,1,0,0,0,0,0,0,0,1,0,0,0,1,6,1762
dchester,5dfa2604e7f502c551f797c645e193ed9d29d053,0,nan,nan,70,29,34,147,181,45,14,28,34,50,55,38,173,134,34,17,2,10,3,1,0,0,3,0,1,1,0,12,17,2,3,4,8,1,2,15,25,51,13,8,58,489,17,6,1,5,20,12,8,21,42,13,21,21,6,6,2,4,26,10,10,4,3,6,10,68,11,4,3,1,33,1,41,33,35,3,1,1,1,0,6,0,0,0,0,0,0,0,0,0,0,0,4,0,0,0,0,0,0,1,0,0,0,0,0,0,0,1,0,0,0,1,6,1762
jsonpathly,5dfa2604e7f502c551f797c645e193ed9d29d053,0,323216.6,74927308.8,70,29,34,147,181,45,14,28,34,50,55,38,173,134,34,17,2,10,3,1,0,0,3,0,1,1,0,12,17,2,3,4,8,1,2,15,25,51,13,8,58,489,17,6,1,5,20,12,8,21,42,13,21,21,6,6,2,4,26,10,10,4,3,6,10,68,11,4,3,1,33,1,41,33,35,3,1,1,1,0,6,0,0,0,0,0,0,0,0,0,0,0,4,0,0,0,0,0,0,1,0,0,0,0,0,0,0,1,0,0,0,1,6,1762
rfc9535,5dfa2604e7f502c551f797c645e193ed9d29d053,0,213758.4,79947366.4,70,29,34,147,181,45,14,28,34,50,55,38,173,134,34,17,2,10,3,1,0,0,3,0,1,1,0,12,17,2,3,4,8,1,2,15,25,51,13,8,58,489,17,6,1,5,20,12,8,21,42,13,21,21,6,6,2,4,26,10,10,4,3,6,10,68,11,4,3,1,33,1,41,33,35,3,1,1,1,0,6,0,0,0,0,0,0,0,0,0,0,0,4,0,0,0,0,0,0,1,0,0,0,0,0,0,0,1,0,0,0,1,6,1762
p3,5dfa2604e7f502c551f797c645e193ed9d29d053,0,nan,nan,70,29,34,147,181,45,14,28,34,50,55,38,173,134,34,17,2,10,3,1,0,0,3,0,1,1,0,12,17,2,3,4,8,1,2,15,25,51,13,8,58,489,17,6,1,5,20,12,8,21,42,13,21,21,6,6,2,4,26,10,10,4,3,6,10,68,11,4,3,1,33,1,41,33,35,3,1,1,1,0,6,0,0,0,0,0,0,0,0,0,0,0,4,0,0,0,0,0,0,1,0,0,0,0,0,0,0,1,0,0,0,1,6,1762
plus,5489defdc0e85eb97311d6ca04a82ee7862c7c96,0,8429.1,54876569.6,20,11,7,49,56,8,5,6,7,5,6,4,1,5,5,4,3,10,3,0,0,0,0,0,0,0,0,18,1,0,0,0,4,1,0,0,0,0,0,0,0,6,0,0,0,0,0,0,0,0,0,0,0,0,0,0,0,0,0,0,0,0,0,0,0,0,0,0,0,0,0,0,9,0,0,0,0,0,0,0,0,0,0,0,0,0,0,0,0,0,0,0,4,0,0,0,0,0,0,1,0,0,0,0,0,0,0,1,0,0,0,1,6,146
dchester,5489defdc0e85eb97311d6ca04a82ee7862c7c96,0,55491.5,66214297.6,20,11,7,49,56,8,5,6,7,5,6,4,1,5,5,4,3,10,3,0,0,0,0,0,0,0,0,18,1,0,0,0,4,1,0,0,0,0,0,0,0,6,0,0,0,0,0,0,0,0,0,0,0,0,0,0,0,0,0,0,0,0,0,0,0,0,0,0,0,0,0,0,9,0,0,0,0,0,0,0,0,0,0,0,0,0,0,0,0,0,0,0,4,0,0,0,0,0,0,1,0,0,0,0,0,0,0,1,0,0,0,1,6,146
jsonpathly,5489defdc0e85eb97311d6ca04a82ee7862c7c96,0,38825.4375,58363904.0,20,11,7,49,56,8,5,6,7,5,6,4,1,5,5,4,3,10,3,0,0,0,0,0,0,0,0,18,1,0,0,0,4,1,0,0,0,0,0,0,0,6,0,0,0,0,0,0,0,0,0,0,0,0,0,0,0,0,0,0,0,0,0,0,0,0,0,0,0,0,0,0,9,0,0,0,0,0,0,0,0,0,0,0,0,0,0,0,0,0,0,0,4,0,0,0,0,0,0,1,0,0,0,0,0,0,0,1,0,0,0,1,6,146
rfc9535,5489defdc0e85eb97311d6ca04a82ee7862c7c96,0,33114.625,60241920.0,20,11,7,49,56,8,5,6,7,5,6,4,1,5,5,4,3,10,3,0,0,0,0,0,0,0,0,18,1,0,0,0,4,1,0,0,0,0,0,0,0,6,0,0,0,0,0,0,0,0,0,0,0,0,0,0,0,0,0,0,0,0,0,0,0,0,0,0,0,0,0,0,9,0,0,0,0,0,0,0,0,0,0,0,0,0,0,0,0,0,0,0,4,0,0,0,0,0,0,1,0,0,0,0,0,0,0,1,0,0,0,1,6,146
p3,5489defdc0e85eb97311d6ca04a82ee7862c7c96,0,38171.875,60231680.0,20,11,7,49,56,8,5,6,7,5,6,4,1,5,5,4,3,10,3,0,0,0,0,0,0,0,0,18,1,0,0,0,4,1,0,0,0,0,0,0,0,6,0,0,0,0,0,0,0,0,0,0,0,0,0,0,0,0,0,0,0,0,0,0,0,0,0,0,0,0,0,0,9,0,0,0,0,0,0,0,0,0,0,0,0,0,0,0,0,0,0,0,4,0,0,0,0,0,0,1,0,0,0,0,0,0,0,1,0,0,0,1,6,146
plus,b3dbdc5e7b2681536cdc663dc7b134c481d17cb9,0,33062.4375,56487936.0,72,27,35,201,236,29,22,33,41,46,49,24,75,61,32,18,3,11,7,1,0,1,2,0,1,0,1,13,14,3,10,15,14,1,3,20,35,57,17,16,74,539,21,5,4,1,29,16,13,19,38,19,17,14,3,3,2,1,22,15,11,6,9,4,9,41,8,0,1,1,4,0,45,21,20,1,4,3,0,0,5,0,0,0,0,0,0,0,0,0,0,0,6,0,0,0,0,0,0,2,0,0,0,0,0,0,0,1,0,1,0,1,11,1738
dchester,b3dbdc5e7b2681536cdc663dc7b134c481d17cb9,0,nan,nan,72,27,35,201,236,29,22,33,41,46,49,24,75,61,32,18,3,11,7,1,0,1,2,0,1,0,1,13,14,3,10,15,14,1,3,20,35,57,17,16,74,539,21,5,4,1,29,16,13,19,38,19,17,14,3,3,2,1,22,15,11,6,9,4,9,41,8,0,1,1,4,0,45,21,20,1,4,3,0,0,5,0,0,0,0,0,0,0,0,0,0,0,6,0,0,0,0,0,0,2,0,0,0,0,0,0,0,1,0,1,0,1,11,1738
jsonpathly,b3dbdc5e7b2681536cdc663dc7b134c481d17cb9,0,482114.875,80375808.0,72,27,35,201,236,29,22,33,41,46,49,24,75,61,32,18,3,11,7,1,0,1,2,0,1,0,1,13,14,3,10,15,14,1,3,20,35,57,17,16,74,539,21,5,4,1,29,16,13,19,38,19,17,14,3,3,2,1,22,15,11,6,9,4,9,41,8,0,1,1,4,0,45,21,20,1,4,3,0,0,5,0,0,0,0,0,0,0,0,0,0,0,6,0,0,0,0,0,0,2,0,0,0,0,0,0,0,1,0,1,0,1,11,1738
rfc9535,b3dbdc5e7b2681536cdc663dc7b134c481d17cb9,0,205233.2,81939660.8,72,27,35,201,236,29,22,33,41,46,49,24,75,61,32,18,3,11,7,1,0,1,2,0,1,0,1,13,14,3,10,15,14,1,3,20,35,57,17,16,74,539,21,5,4,1,29,16,13,19,38,19,17,14,3,3,2,1,22,15,11,6,9,4,9,41,8,0,1,1,4,0,45,21,20,1,4,3,0,0,5,0,0,0,0,0,0,0,0,0,0,0,6,0,0,0,0,0,0,2,0,0,0,0,0,0,0,1,0,1,0,1,11,1738
p3,b3dbdc5e7b2681536cdc663dc7b134c481d17cb9,0,128753.41666666667,67641344.0,72,27,35,201,236,29,22,33,41,46,49,24,75,61,32,18,3,11,7,1,0,1,2,0,1,0,1,13,14,3,10,15,14,1,3,20,35,57,17,16,74,539,21,5,4,1,29,16,13,19,38,19,17,14,3,3,2,1,22,15,11,6,9,4,9,41,8,0,1,1,4,0,45,21,20,1,4,3,0,0,5,0,0,0,0,0,0,0,0,0,0,0,6,0,0,0,0,0,0,2,0,0,0,0,0,0,0,1,0,1,0,1,11,1738
plus,f731c00f09ba9a440e6407671b1e8d40cfa8886f,0,28848.625,56389632.0,68,50,21,205,226,24,25,58,70,40,48,29,104,75,46,21,4,14,13,2,2,4,8,2,0,0,0,25,25,5,24,31,13,4,2,11,17,38,9,10,62,409,17,7,6,1,17,12,5,12,24,12,9,16,3,2,1,1,21,6,12,5,2,5,3,11,6,3,0,0,6,0,18,5,6,0,0,0,0,0,7,3,7,20,27,54,27,6,2,0,0,0,4,0,0,0,0,0,0,1,1,0,0,0,0,0,0,1,0,0,0,1,7,1726
dchester,f731c00f09ba9a440e6407671b1e8d40cfa8886f,0,nan,nan,68,50,21,205,226,24,25,58,70,40,48,29,104,75,46,21,4,14,13,2,2,4,8,2,0,0,0,25,25,5,24,31,13,4,2,11,17,38,9,10,62,409,17,7,6,1,17,12,5,12,24,12,9,16,3,2,1,1,21,6,12,5,2,5,3,11,6,3,0,0,6,0,18,5,6,0,0,0,0,0,7,3,7,20,27,54,27,6,2,0,0,0,4,0,0,0,0,0,0,1,1,0,0,0,0,0,0,1,0,0,0,1,7,1726
jsonpathly,f731c00f09ba9a440e6407671b1e8d40cfa8886f,0,431708.25,78462976.0,68,50,21,205,226,24,25,58,70,40,48,29,104,75,46,21,4,14,13,2,2,4,8,2,0,0,0,25,25,5,24,31,13,4,2,11,17,38,9,10,62,409,17,7,6,1,17,12,5,12,24,12,9,16,3,2,1,1,21,6,12,5,2,5,3,11,6,3,0,0,6,0,18,5,6,0,0,0,0,0,7,3,7,20,27,54,27,6,2,0,0,0,4,0,0,0,0,0,0,1,1,0,0,0,0,0,0,1,0,0,0,1,7,1726
rfc9535,f731c00f09ba9a440e6407671b1e8d40cfa8886f,0,252797.0,69025792.0,68,50,21,205,226,24,25,58,70,40,48,29,104,75,46,21,4,14,13,2,2,4,8,2,0,0,0,25,25,5,24,31,13,4,2,11,17,38,9,10,62,409,17,7,6,1,17,12,5,12,24,12,9,16,3,2,1,1,21,6,12,5,2,5,3,11,6,3,0,0,6,0,18,5,6,0,0,0,0,0,7,3,7,20,27,54,27,6,2,0,0,0,4,0,0,0,0,0,0,1,1,0,0,0,0,0,0,1,0,0,0,1,7,1726
p3,f731c00f09ba9a440e6407671b1e8d40cfa8886f,0,nan,nan,68,50,21,205,226,24,25,58,70,40,48,29,104,75,46,21,4,14,13,2,2,4,8,2,0,0,0,25,25,5,24,31,13,4,2,11,17,38,9,10,62,409,17,7,6,1,17,12,5,12,24,12,9,16,3,2,1,1,21,6,12,5,2,5,3,11,6,3,0,0,6,0,18,5,6,0,0,0,0,0,7,3,7,20,27,54,27,6,2,0,0,0,4,0,0,0,0,0,0,1,1,0,0,0,0,0,0,1,0,0,0,1,7,1726
plus,63c660bedb288218d02257429ed0bffbe8ba4dc7,0,18452.875,56020992.0,64,32,9,83,92,51,8,15,17,20,22,14,69,45,12,9,1,5,2,0,0,0,0,0,0,0,0,8,3,2,5,4,6,1,3,5,8,15,2,3,43,184,8,4,1,3,12,7,5,5,10,12,7,1,1,0,0,0,7,3,8,4,3,5,2,17,5,0,0,0,10,0,32,8,9,0,0,0,0,0,4,1,43,88,131,362,190,56,37,15,80,23,4,0,0,0,0,0,0,1,0,0,0,0,0,0,0,1,0,0,0,1,6,1864
dchester,63c660bedb288218d02257429ed0bffbe8ba4dc7,0,nan,nan,64,32,9,83,92,51,8,15,17,20,22,14,69,45,12,9,1,5,2,0,0,0,0,0,0,0,0,8,3,2,5,4,6,1,3,5,8,15,2,3,43,184,8,4,1,3,12,7,5,5,10,12,7,1,1,0,0,0,7,3,8,4,3,5,2,17,5,0,0,0,10,0,32,8,9,0,0,0,0,0,4,1,43,88,131,362,190,56,37,15,80,23,4,0,0,0,0,0,0,1,0,0,0,0,0,0,0,1,0,0,0,1,6,1864
jsonpathly,63c660bedb288218d02257429ed0bffbe8ba4dc7,0,989743.1666666666,70382933.33333333,64,32,9,83,92,51,8,15,17,20,22,14,69,45,12,9,1,5,2,0,0,0,0,0,0,0,0,8,3,2,5,4,6,1,3,5,8,15,2,3,43,184,8,4,1,3,12,7,5,5,10,12,7,1,1,0,0,0,7,3,8,4,3,5,2,17,5,0,0,0,10,0,32,8,9,0,0,0,0,0,4,1,43,88,131,362,190,56,37,15,80,23,4,0,0,0,0,0,0,1,0,0,0,0,0,0,0,1,0,0,0,1,6,1864
rfc9535,63c660bedb288218d02257429ed0bffbe8ba4dc7,0,206118.16666666666,70216362.66666667,64,32,9,83,92,51,8,15,17,20,22,14,69,45,12,9,1,5,2,0,0,0,0,0,0,0,0,8,3,2,5,4,6,1,3,5,8,15,2,3,43,184,8,4,1,3,12,7,5,5,10,12,7,1,1,0,0,0,7,3,8,4,3,5,2,17,5,0,0,0,10,0,32,8,9,0,0,0,0,0,4,1,43,88,131,362,190,56,37,15,80,23,4,0,0,0,0,0,0,1,0,0,0,0,0,0,0,1,0,0,0,1,6,1864
p3,63c660bedb288218d02257429ed0bffbe8ba4dc7,0,143958.33333333334,64913408.0,64,32,9,83,92,51,8,15,17,20,22,14,69,45,12,9,1,5,2,0,0,0,0,0,0,0,0,8,3,2,5,4,6,1,3,5,8,15,2,3,43,184,8,4,1,3,12,7,5,5,10,12,7,1,1,0,0,0,7,3,8,4,3,5,2,17,5,0,0,0,10,0,32,8,9,0,0,0,0,0,4,1,43,88,131,362,190,56,37,15,80,23,4,0,0,0,0,0,0,1,0,0,0,0,0,0,0,1,0,0,0,1,6,1864
plus,1aa7d838d18efad93d37dc7ea23faf2a9a75023e,0,30523.928571428572,56496713.14285714,71,42,32,326,358,28,22,74,85,61,61,36,125,103,58,31,11,41,23,2,2,4,8,2,0,0,0,60,27,7,26,35,11,0,1,10,16,28,9,9,35,277,11,3,3,0,13,7,6,8,16,7,13,2,1,0,0,0,12,6,5,2,2,3,6,35,7,0,0,0,0,0,29,20,15,0,0,0,0,0,3,0,0,0,0,0,0,0,0,0,0,0,4,0,0,0,0,0,0,1,1,0,0,0,0,0,0,1,0,0,0,1,3,1578
dchester,1aa7d838d18efad93d37dc7ea23faf2a9a75023e,0,nan,nan,71,42,32,326,358,28,22,74,85,61,61,36,125,103,58,31,11,41,23,2,2,4,8,2,0,0,0,60,27,7,26,35,11,0,1,10,16,28,9,9,35,277,11,3,3,0,13,7,6,8,16,7,13,2,1,0,0,0,12,6,5,2,2,3,6,35,7,0,0,0,0,0,29,20,15,0,0,0,0,0,3,0,0,0,0,0,0,0,0,0,0,0,4,0,0,0,0,0,0,1,1,0,0,0,0,0,0,1,0,0,0,1,3,1578
jsonpathly,1aa7d838d18efad93d37dc7ea23faf2a9a75023e,0,258423.66666666666,76371285.33333333,71,42,32,326,358,28,22,74,85,61,61,36,125,103,58,31,11,41,23,2,2,4,8,2,0,0,0,60,27,7,26,35,11,0,1,10,16,28,9,9,35,277,11,3,3,0,13,7,6,8,16,7,13,2,1,0,0,0,12,6,5,2,2,3,6,35,7,0,0,0,0,0,29,20,15,0,0,0,0,0,3,0,0,0,0,0,0,0,0,0,0,0,4,0,0,0,0,0,0,1,1,0,0,0,0,0,0,1,0,0,0,1,3,1578
rfc9535,1aa7d838d18efad93d37dc7ea23faf2a9a75023e,0,186637.5,70428262.4,71,42,32,326,358,28,22,74,85,61,61,36,125,103,58,31,11,41,23,2,2,4,8,2,0,0,0,60,27,7,26,35,11,0,1,10,16,28,9,9,35,277,11,3,3,0,13,7,6,8,16,7,13,2,1,0,0,0,12,6,5,2,2,3,6,35,7,0,0,0,0,0,29,20,15,0,0,0,0,0,3,0,0,0,0,0,0,0,0,0,0,0,4,0,0,0,0,0,0,1,1,0,0,0,0,0,0,1,0,0,0,1,3,1578
p3,1aa7d838d18efad93d37dc7ea23faf2a9a75023e,0,152455.5625,65929216.0,71,42,32,326,358,28,22,74,85,61,61,36,125,103,58,31,11,41,23,2,2,4,8,2,0,0,0,60,27,7,26,35,11,0,1,10,16,28,9,9,35,277,11,3,3,0,13,7,6,8,16,7,13,2,1,0,0,0,12,6,5,2,2,3,6,35,7,0,0,0,0,0,29,20,15,0,0,0,0,0,3,0,0,0,0,0,0,0,0,0,0,0,4,0,0,0,0,0,0,1,1,0,0,0,0,0,0,1,0,0,0,1,3,1578
plus,b4c6b3def3884be356fa5c8708a58473083750aa,0,30277.833333333332,56431957.333333336,92,45,34,326,360,42,29,69,84,47,49,32,114,71,54,25,7,24,16,0,0,0,0,0,0,0,0,30,29,6,27,39,14,1,2,12,22,34,10,9,45,276,12,2,0,2,19,8,11,12,24,14,10,7,2,2,0,2,12,10,7,5,5,4,6,19,4,2,1,0,13,2,47,8,11,1,0,0,7,7,2,0,0,0,0,0,0,0,0,0,0,0,4,0,0,0,0,0,0,1,0,0,0,0,0,0,0,1,0,0,0,1,6,1626
dchester,b4c6b3def3884be356fa5c8708a58473083750aa,0,nan,nan,92,45,34,326,360,42,29,69,84,47,49,32,114,71,54,25,7,24,16,0,0,0,0,0,0,0,0,30,29,6,27,39,14,1,2,12,22,34,10,9,45,276,12,2,0,2,19,8,11,12,24,14,10,7,2,2,0,2,12,10,7,5,5,4,6,19,4,2,1,0,13,2,47,8,11,1,0,0,7,7,2,0,0,0,0,0,0,0,0,0,0,0,4,0,0,0,0,0,0,1,0,0,0,0,0,0,0,1,0,0,0,1,6,1626
jsonpathly,b4c6b3def3884be356fa5c8708a58473083750aa,0,301804.75,76345344.0,92,45,34,326,360,42,29,69,84,47,49,32,114,71,54,25,7,24,16,0,0,0,0,0,0,0,0,30,29,6,27,39,14,1,2,12,22,34,10,9,45,276,12,2,0,2,19,8,11,12,24,14,10,7,2,2,0,2,12,10,7,5,5,4,6,19,4,2,1,0,13,2,47,8,11,1,0,0,7,7,2,0,0,0,0,0,0,0,0,0,0,0,4,0,0,0,0,0,0,1,0,0,0,0,0,0,0,1,0,0,0,1,6,1626
rfc9535,b4c6b3def3884be356fa5c8708a58473083750aa,0,191766.5,70362726.4,92,45,34,326,360,42,29,69,84,47,49,32,114,71,54,25,7,24,16,0,0,0,0,0,0,0,0,30,29,6,27,39,14,1,2,12,22,34,10,9,45,276,12,2,0,2,19,8,11,12,24,14,10,7,2,2,0,2,12,10,7,5,5,4,6,19,4,2,1,0,13,2,47,8,11,1,0,0,7,7,2,0,0,0,0,0,0,0,0,0,0,0,4,0,0,0,0,0,0,1,0,0,0,0,0,0,0,1,0,0,0,1,6,1626
p3,b4c6b3def3884be356fa5c8708a58473083750aa,0,nan,nan,92,45,34,326,360,42,29,69,84,47,49,32,114,71,54,25,7,24,16,0,0,0,0,0,0,0,0,30,29,6,27,39,14,1,2,12,22,34,10,9,45,276,12,2,0,2,19,8,11,12,24,14,10,7,2,2,0,2,12,10,7,5,5,4,6,19,4,2,1,0,13,2,47,8,11,1,0,0,7,7,2,0,0,0,0,0,0,0,0,0,0,0,4,0,0,0,0,0,0,1,0,0,0,0,0,0,0,1,0,0,0,1,6,1626
plus,232a8f4e70ecbc1bcf82f9705972366765a98fb1,0,9326.5,54793557.333333336,18,13,7,39,46,8,4,11,13,6,6,4,16,13,7,0,0,0,1,0,0,0,0,0,0,0,0,0,7,1,3,6,2,1,0,0,0,0,0,0,0,11,0,0,0,0,0,0,0,0,0,0,0,0,0,0,0,0,0,0,0,0,0,0,0,0,0,0,0,0,0,0,5,0,0,0,0,0,0,0,0,0,0,0,0,0,0,0,0,0,0,0,4,0,0,0,0,0,0,1,0,0,0,0,0,0,0,1,0,0,0,1,6,149
dchester,232a8f4e70ecbc1bcf82f9705972366765a98fb1,0,nan,nan,18,13,7,39,46,8,4,11,13,6,6,4,16,13,7,0,0,0,1,0,0,0,0,0,0,0,0,0,7,1,3,6,2,1,0,0,0,0,0,0,0,11,0,0,0,0,0,0,0,0,0,0,0,0,0,0,0,0,0,0,0,0,0,0,0,0,0,0,0,0,0,0,5,0,0,0,0,0,0,0,0,0,0,0,0,0,0,0,0,0,0,0,4,0,0,0,0,0,0,1,0,0,0,0,0,0,0,1,0,0,0,1,6,149
jsonpathly,232a8f4e70ecbc1bcf82f9705972366765a98fb1,0,33819.5,58873173.333333336,18,13,7,39,46,8,4,11,13,6,6,4,16,13,7,0,0,0,1,0,0,0,0,0,0,0,0,0,7,1,3,6,2,1,0,0,0,0,0,0,0,11,0,0,0,0,0,0,0,0,0,0,0,0,0,0,0,0,0,0,0,0,0,0,0,0,0,0,0,0,0,0,5,0,0,0,0,0,0,0,0,0,0,0,0,0,0,0,0,0,0,0,4,0,0,0,0,0,0,1,0,0,0,0,0,0,0,1,0,0,0,1,6,149
rfc9535,232a8f4e70ecbc1bcf82f9705972366765a98fb1,0,33166.625,60211200.0,18,13,7,39,46,8,4,11,13,6,6,4,16,13,7,0,0,0,1,0,0,0,0,0,0,0,0,0,7,1,3,6,2,1,0,0,0,0,0,0,0,11,0,0,0,0,0,0,0,0,0,0,0,0,0,0,0,0,0,0,0,0,0,0,0,0,0,0,0,0,0,0,5,0,0,0,0,0,0,0,0,0,0,0,0,0,0,0,0,0,0,0,4,0,0,0,0,0,0,1,0,0,0,0,0,0,0,1,0,0,0,1,6,149
p3,232a8f4e70ecbc1bcf82f9705972366765a98fb1,0,34562.375,58675200.0,18,13,7,39,46,8,4,11,13,6,6,4,16,13,7,0,0,0,1,0,0,0,0,0,0,0,0,0,7,1,3,6,2,1,0,0,0,0,0,0,0,11,0,0,0,0,0,0,0,0,0,0,0,0,0,0,0,0,0,0,0,0,0,0,0,0,0,0,0,0,0,0,5,0,0,0,0,0,0,0,0,0,0,0,0,0,0,0,0,0,0,0,4,0,0,0,0,0,0,1,0,0,0,0,0,0,0,1,0,0,0,1,6,149
plus,8eb9f91c194ea3a21d51802d3251c9b1d81d4662,0,11312.5625,55607296.0,19,10,6,38,44,7,6,17,20,9,10,9,33,22,13,7,1,7,1,1,0,1,2,0,1,0,1,8,6,1,1,0,3,1,0,0,0,0,0,0,0,25,0,0,0,0,0,0,0,0,0,0,0,0,0,0,0,0,0,0,0,0,0,0,0,0,0,0,0,0,2,0,9,0,0,1,0,0,0,0,0,0,0,0,0,0,0,0,0,0,0,0,11,0,0,0,0,0,0,4,1,1,1,0,0,0,1,1,0,3,0,2,25,189
dchester,8eb9f91c194ea3a21d51802d3251c9b1d81d4662,0,65597.16666666667,64651264.0,19,10,6,38,44,7,6,17,20,9,10,9,33,22,13,7,1,7,1,1,0,1,2,0,1,0,1,8,6,1,1,0,3,1,0,0,0,0,0,0,0,25,0,0,0,0,0,0,0,0,0,0,0,0,0,0,0,0,0,0,0,0,0,0,0,0,0,0,0,0,2,0,9,0,0,1,0,0,0,0,0,0,0,0,0,0,0,0,0,0,0,0,11,0,0,0,0,0,0,4,1,1,1,0,0,0,1,1,0,3,0,2,25,189
jsonpathly,8eb9f91c194ea3a21d51802d3251c9b1d81d4662,0,46088.5,59103232.0,19,10,6,38,44,7,6,17,20,9,10,9,33,22,13,7,1,7,1,1,0,1,2,0,1,0,1,8,6,1,1,0,3,1,0,0,0,0,0,0,0,25,0,0,0,0,0,0,0,0,0,0,0,0,0,0,0,0,0,0,0,0,0,0,0,0,0,0,0,0,2,0,9,0,0,1,0,0,0,0,0,0,0,0,0,0,0,0,0,0,0,0,11,0,0,0,0,0,0,4,1,1,1,0,0,0,1,1,0,3,0,2,25,189
rfc9535,8eb9f91c194ea3a21d51802d3251c9b1d81d4662,0,43687.5,61337600.0,19,10,6,38,44,7,6,17,20,9,10,9,33,22,13,7,1,7,1,1,0,1,2,0,1,0,1,8,6,1,1,0,3,1,0,0,0,0,0,0,0,25,0,0,0,0,0,0,0,0,0,0,0,0,0,0,0,0,0,0,0,0,0,0,0,0,0,0,0,0,2,0,9,0,0,1,0,0,0,0,0,0,0,0,0,0,0,0,0,0,0,0,11,0,0,0,0,0,0,4,1,1,1,0,0,0,1,1,0,3,0,2,25,189
p3,8eb9f91c194ea3a21d51802d3251c9b1d81d4662,0,43218.5625,59834368.0,19,10,6,38,44,7,6,17,20,9,10,9,33,22,13,7,1,7,1,1,0,1,2,0,1,0,1,8,6,1,1,0,3,1,0,0,0,0,0,0,0,25,0,0,0,0,0,0,0,0,0,0,0,0,0,0,0,0,0,0,0,0,0,0,0,0,0,0,0,0,2,0,9,0,0,1,0,0,0,0,0,0,0,0,0,0,0,0,0,0,0,0,11,0,0,0,0,0,0,4,1,1,1,0,0,0,1,1,0,3,0,2,25,189
plus,908f9f1bedcfb37789dbb9945f96aebd3571c1bb,0,19312.833333333332,57060010.666666664,18,12,5,130,135,5,9,31,37,19,19,14,6,16,20,10,6,17,6,1,0,0,3,0,1,1,0,28,10,2,11,18,3,0,0,0,0,0,0,0,0,46,0,0,0,0,0,0,0,0,0,0,0,0,0,0,0,0,0,0,0,0,0,0,0,0,0,0,0,0,0,0,6,0,0,1,0,0,0,0,0,0,0,0,0,0,0,0,0,0,0,0,14,2,3,0,0,0,0,3,1,1,0,0,0,0,0,0,1,0,1,2,31,325
dchester,908f9f1bedcfb37789dbb9945f96aebd3571c1bb,0,108597.33333333333,66639189.333333336,18,12,5,130,135,5,9,31,37,19,19,14,6,16,20,10,6,17,6,1,0,0,3,0,1,1,0,28,10,2,11,18,3,0,0,0,0,0,0,0,0,46,0,0,0,0,0,0,0,0,0,0,0,0,0,0,0,0,0,0,0,0,0,0,0,0,0,0,0,0,0,0,6,0,0,1,0,0,0,0,0,0,0,0,0,0,0,0,0,0,0,0,14,2,3,0,0,0,0,3,1,1,0,0,0,0,0,0,1,0,1,2,31,325
jsonpathly,908f9f1bedcfb37789dbb9945f96aebd3571c1bb,0,60791.6875,61845504.0,18,12,5,130,135,5,9,31,37,19,19,14,6,16,20,10,6,17,6,1,0,0,3,0,1,1,0,28,10,2,11,18,3,0,0,0,0,0,0,0,0,46,0,0,0,0,0,0,0,0,0,0,0,0,0,0,0,0,0,0,0,0,0,0,0,0,0,0,0,0,0,0,6,0,0,1,0,0,0,0,0,0,0,0,0,0,0,0,0,0,0,0,14,2,3,0,0,0,0,3,1,1,0,0,0,0,0,0,1,0,1,2,31,325
rfc9535,908f9f1bedcfb37789dbb9945f96aebd3571c1bb,0,58208.333333333336,66420736.0,18,12,5,130,135,5,9,31,37,19,19,14,6,16,20,10,6,17,6,1,0,0,3,0,1,1,0,28,10,2,11,18,3,0,0,0,0,0,0,0,0,46,0,0,0,0,0,0,0,0,0,0,0,0,0,0,0,0,0,0,0,0,0,0,0,0,0,0,0,0,0,0,6,0,0,1,0,0,0,0,0,0,0,0,0,0,0,0,0,0,0,0,14,2,3,0,0,0,0,3,1,1,0,0,0,0,0,0,1,0,1,2,31,325
p3,908f9f1bedcfb37789dbb9945f96aebd3571c1bb,0,58244.8125,61747200.0,18,12,5,130,135,5,9,31,37,19,19,14,6,16,20,10,6,17,6,1,0,0,3,0,1,1,0,28,10,2,11,18,3,0,0,0,0,0,0,0,0,46,0,0,0,0,0,0,0,0,0,0,0,0,0,0,0,0,0,0,0,0,0,0,0,0,0,0,0,0,0,0,6,0,0,1,0,0,0,0,0,0,0,0,0,0,0,0,0,0,0,0,14,2,3,0,0,0,0,3,1,1,0,0,0,0,0,0,1,0,1,2,31,325
plus,4e0f69ac0daec1a29855f38b46bd43e96ff69a5a,0,23694.166666666668,56535722.666666664,11,3,2,23,25,7,3,2,3,4,4,1,20,11,1,0,0,0,0,0,0,0,0,0,0,0,0,0,1,1,2,1,2,0,1,2,3,4,1,1,7,27,2,1,0,1,2,0,2,1,2,1,1,1,0,0,0,0,1,1,1,0,1,0,0,2,1,0,0,0,28,0,8,1,1,0,0,0,0,0,1,1,73,166,239,582,312,91,54,30,161,46,4,0,0,0,0,0,0,1,0,0,0,0,0,0,0,1,0,0,0,1,7,2016
dchester,4e0f69ac0daec1a29855f38b46bd43e96ff69a5a,0,nan,nan,11,3,2,23,25,7,3,2,3,4,4,1,20,11,1,0,0,0,0,0,0,0,0,0,0,0,0,0,1,1,2,1,2,0,1,2,3,4,1,1,7,27,2,1,0,1,2,0,2,1,2,1,1,1,0,0,0,0,1,1,1,0,1,0,0,2,1,0,0,0,28,0,8,1,1,0,0,0,0,0,1,1,73,166,239,582,312,91,54,30,161,46,4,0,0,0,0,0,0,1,0,0,0,0,0,0,0,1,0,0,0,1,7,2016
jsonpathly,4e0f69ac0daec1a29855f38b46bd43e96ff69a5a,0,130291.625,63426560.0,11,3,2,23,25,7,3,2,3,4,4,1,20,11,1,0,0,0,0,0,0,0,0,0,0,0,0,0,1,1,2,1,2,0,1,2,3,4,1,1,7,27,2,1,0,1,2,0,2,1,2,1,1,1,0,0,0,0,1,1,1,0,1,0,0,2,1,0,0,0,28,0,8,1,1,0,0,0,0,0,1,1,73,166,239,582,312,91,54,30,161,46,4,0,0,0,0,0,0,1,0,0,0,0,0,0,0,1,0,0,0,1,7,2016
rfc9535,4e0f69ac0daec1a29855f38b46bd43e96ff69a5a,0,117160.0,63897600.0,11,3,2,23,25,7,3,2,3,4,4,1,20,11,1,0,0,0,0,0,0,0,0,0,0,0,0,0,1,1,2,1,2,0,1,2,3,4,1,1,7,27,2,1,0,1,2,0,2,1,2,1,1,1,0,0,0,0,1,1,1,0,1,0,0,2,1,0,0,0,28,0,8,1,1,0,0,0,0,0,1,1,73,166,239,582,312,91,54,30,161,46,4,0,0,0,0,0,0,1,0,0,0,0,0,0,0,1,0,0,0,1,7,2016
p3,4e0f69ac0daec1a29855f38b46bd43e96ff69a5a,0,144411.4375,64038912.0,11,3,2,23,25,7,3,2,3,4,4,1,20,11,1,0,0,0,0,0,0,0,0,0,0,0,0,0,1,1,2,1,2,0,1,2,3,4,1,1,7,27,2,1,0,1,2,0,2,1,2,1,1,1,0,0,0,0,1,1,1,0,1,0,0,2,1,0,0,0,28,0,8,1,1,0,0,0,0,0,1,1,73,166,239,582,312,91,54,30,161,46,4,0,0,0,0,0,0,1,0,0,0,0,0,0,0,1,0,0,0,1,7,2016
plus,ceb2489dc40cbbe70f14bbc0111e33574c5929d4,0,28695.3125,56528896.0,11,3,2,23,25,7,3,2,3,4,4,1,20,11,1,0,0,0,0,0,0,0,0,0,0,0,0,0,1,1,2,1,2,0,1,2,3,4,1,1,7,27,2,1,0,1,2,0,2,1,2,1,1,1,0,0,0,0,1,1,1,0,1,0,0,2,1,0,0,0,29,0,8,1,1,0,0,0,0,0,1,1,73,166,239,582,312,91,54,30,161,47,4,0,0,0,0,0,0,1,0,0,0,0,0,0,0,1,0,0,0,1,7,2014
dchester,ceb2489dc40cbbe70f14bbc0111e33574c5929d4,0,nan,nan,11,3,2,23,25,7,3,2,3,4,4,1,20,11,1,0,0,0,0,0,0,0,0,0,0,0,0,0,1,1,2,1,2,0,1,2,3,4,1,1,7,27,2,1,0,1,2,0,2,1,2,1,1,1,0,0,0,0,1,1,1,0,1,0,0,2,1,0,0,0,29,0,8,1,1,0,0,0,0,0,1,1,73,166,239,582,312,91,54,30,161,47,4,0,0,0,0,0,0,1,0,0,0,0,0,0,0,1,0,0,0,1,7,2014
jsonpathly,ceb2489dc40cbbe70f14bbc0111e33574c5929d4,0,126562.33333333333,63400618.666666664,11,3,2,23,25,7,3,2,3,4,4,1,20,11,1,0,0,0,0,0,0,0,0,0,0,0,0,0,1,1,2,1,2,0,1,2,3,4,1,1,7,27,2,1,0,1,2,0,2,1,2,1,1,1,0,0,0,0,1,1,1,0,1,0,0,2,1,0,0,0,29,0,8,1,1,0,0,0,0,0,1,1,73,166,239,582,312,91,54,30,161,47,4,0,0,0,0,0,0,1,0,0,0,0,0,0,0,1,0,0,0,1,7,2014
rfc9535,ceb2489dc40cbbe70f14bbc0111e33574c5929d4,0,115097.5,63777450.666666664,11,3,2,23,25,7,3,2,3,4,4,1,20,11,1,0,0,0,0,0,0,0,0,0,0,0,0,0,1,1,2,1,2,0,1,2,3,4,1,1,7,27,2,1,0,1,2,0,2,1,2,1,1,1,0,0,0,0,1,1,1,0,1,0,0,2,1,0,0,0,29,0,8,1,1,0,0,0,0,0,1,1,73,166,239,582,312,91,54,30,161,47,4,0,0,0,0,0,0,1,0,0,0,0,0,0,0,1,0,0,0,1,7,2014
p3,ceb2489dc40cbbe70f14bbc0111e33574c5929d4,0,129416.75,64352256.0,11,3,2,23,25,7,3,2,3,4,4,1,20,11,1,0,0,0,0,0,0,0,0,0,0,0,0,0,1,1,2,1,2,0,1,2,3,4,1,1,7,27,2,1,0,1,2,0,2,1,2,1,1,1,0,0,0,0,1,1,1,0,1,0,0,2,1,0,0,0,29,0,8,1,1,0,0,0,0,0,1,1,73,166,239,582,312,91,54,30,161,47,4,0,0,0,0,0,0,1,0,0,0,0,0,0,0,1,0,0,0,1,7,2014
plus,9138f02ee8ad6d2419ae222b24fd3b1ce6f46461,0,23979.25,56582144.0,11,3,2,23,25,7,3,2,3,4,4,1,20,11,1,0,0,0,0,0,0,0,0,0,0,0,0,0,1,1,2,1,2,0,1,2,3,4,1,1,7,27,2,1,0,1,2,0,2,1,2,1,1,1,0,0,0,0,1,1,1,0,1,0,0,2,1,0,0,0,29,0,8,1,1,0,0,0,0,0,1,1,73,166,239,582,312,91,54,30,161,47,4,0,0,0,0,0,0,1,0,0,0,0,0,0,0,1,0,0,0,1,7,2014
dchester,9138f02ee8ad6d2419ae222b24fd3b1ce6f46461,0,nan,nan,11,3,2,23,25,7,3,2,3,4,4,1,20,11,1,0,0,0,0,0,0,0,0,0,0,0,0,0,1,1,2,1,2,0,1,2,3,4,1,1,7,27,2,1,0,1,2,0,2,1,2,1,1,1,0,0,0,0,1,1,1,0,1,0,0,2,1,0,0,0,29,0,8,1,1,0,0,0,0,0,1,1,73,166,239,582,312,91,54,30,161,47,4,0,0,0,0,0,0,1,0,0,0,0,0,0,0,1,0,0,0,1,7,2014
jsonpathly,9138f02ee8ad6d2419ae222b24fd3b1ce6f46461,0,133220.2142857143,63565238.85714286,11,3,2,23,25,7,3,2,3,4,4,1,20,11,1,0,0,0,0,0,0,0,0,0,0,0,0,0,1,1,2,1,2,0,1,2,3,4,1,1,7,27,2,1,0,1,2,0,2,1,2,1,1,1,0,0,0,0,1,1,1,0,1,0,0,2,1,0,0,0,29,0,8,1,1,0,0,0,0,0,1,1,73,166,239,582,312,91,54,30,161,47,4,0,0,0,0,0,0,1,0,0,0,0,0,0,0,1,0,0,0,1,7,2014
rfc9535,9138f02ee8ad6d2419ae222b24fd3b1ce6f46461,0,119357.07142857143,63803977.14285714,11,3,2,23,25,7,3,2,3,4,4,1,20,11,1,0,0,0,0,0,0,0,0,0,0,0,0,0,1,1,2,1,2,0,1,2,3,4,1,1,7,27,2,1,0,1,2,0,2,1,2,1,1,1,0,0,0,0,1,1,1,0,1,0,0,2,1,0,0,0,29,0,8,1,1,0,0,0,0,0,1,1,73,166,239,582,312,91,54,30,161,47,4,0,0,0,0,0,0,1,0,0,0,0,0,0,0,1,0,0,0,1,7,2014
p3,9138f02ee8ad6d2419ae222b24fd3b1ce6f46461,0,133151.0,64016384.0,11,3,2,23,25,7,3,2,3,4,4,1,20,11,1,0,0,0,0,0,0,0,0,0,0,0,0,0,1,1,2,1,2,0,1,2,3,4,1,1,7,27,2,1,0,1,2,0,2,1,2,1,1,1,0,0,0,0,1,1,1,0,1,0,0,2,1,0,0,0,29,0,8,1,1,0,0,0,0,0,1,1,73,166,239,582,312,91,54,30,161,47,4,0,0,0,0,0,0,1,0,0,0,0,0,0,0,1,0,0,0,1,7,2014
plus,2b4566ceaf2b5f3544fa02a99fcb825e32607e67,0,24678.9,56570675.2,11,3,2,23,25,7,3,2,3,4,4,1,20,11,1,0,0,0,0,0,0,0,0,0,0,0,0,0,1,1,2,1,2,0,1,2,3,4,1,1,7,27,2,1,0,1,2,0,2,1,2,1,1,1,0,0,0,0,1,1,1,0,1,0,0,2,1,0,0,0,29,0,8,1,1,0,0,0,0,0,1,1,73,166,239,582,312,91,54,30,161,47,4,0,0,0,0,0,0,1,0,0,0,0,0,0,0,1,0,0,0,1,7,2014
dchester,2b4566ceaf2b5f3544fa02a99fcb825e32607e67,0,nan,nan,11,3,2,23,25,7,3,2,3,4,4,1,20,11,1,0,0,0,0,0,0,0,0,0,0,0,0,0,1,1,2,1,2,0,1,2,3,4,1,1,7,27,2,1,0,1,2,0,2,1,2,1,1,1,0,0,0,0,1,1,1,0,1,0,0,2,1,0,0,0,29,0,8,1,1,0,0,0,0,0,1,1,73,166,239,582,312,91,54,30,161,47,4,0,0,0,0,0,0,1,0,0,0,0,0,0,0,1,0,0,0,1,7,2014
jsonpathly,2b4566ceaf2b5f3544fa02a99fcb825e32607e67,0,129795.08333333333,63640917.333333336,11,3,2,23,25,7,3,2,3,4,4,1,20,11,1,0,0,0,0,0,0,0,0,0,0,0,0,0,1,1,2,1,2,0,1,2,3,4,1,1,7,27,2,1,0,1,2,0,2,1,2,1,1,1,0,0,0,0,1,1,1,0,1,0,0,2,1,0,0,0,29,0,8,1,1,0,0,0,0,0,1,1,73,166,239,582,312,91,54,30,161,47,4,0,0,0,0,0,0,1,0,0,0,0,0,0,0,1,0,0,0,1,7,2014
rfc9535,2b4566ceaf2b5f3544fa02a99fcb825e32607e67,0,116277.83333333333,63793834.666666664,11,3,2,23,25,7,3,2,3,4,4,1,20,11,1,0,0,0,0,0,0,0,0,0,0,0,0,0,1,1,2,1,2,0,1,2,3,4,1,1,7,27,2,1,0,1,2,0,2,1,2,1,1,1,0,0,0,0,1,1,1,0,1,0,0,2,1,0,0,0,29,0,8,1,1,0,0,0,0,0,1,1,73,166,239,582,312,91,54,30,161,47,4,0,0,0,0,0,0,1,0,0,0,0,0,0,0,1,0,0,0,1,7,2014
p3,2b4566ceaf2b5f3544fa02a99fcb825e32607e67,0,128902.83333333333,64126976.0,11,3,2,23,25,7,3,2,3,4,4,1,20,11,1,0,0,0,0,0,0,0,0,0,0,0,0,0,1,1,2,1,2,0,1,2,3,4,1,1,7,27,2,1,0,1,2,0,2,1,2,1,1,1,0,0,0,0,1,1,1,0,1,0,0,2,1,0,0,0,29,0,8,1,1,0,0,0,0,0,1,1,73,166,239,582,312,91,54,30,161,47,4,0,0,0,0,0,0,1,0,0,0,0,0,0,0,1,0,0,0,1,7,2014
plus,1463beed3fedbddf6cc190e1dfb6bcab44e6cd02,0,24067.875,56459264.0,11,3,2,23,25,7,3,2,3,4,4,1,20,11,1,0,0,0,0,0,0,0,0,0,0,0,0,0,1,1,2,1,2,0,1,2,3,4,1,1,7,27,2,1,0,1,2,0,2,1,2,1,1,1,0,0,0,0,1,1,1,0,1,0,0,2,1,0,0,0,29,0,8,1,1,0,0,0,0,0,1,1,73,166,239,582,312,91,54,30,161,47,4,0,0,0,0,0,0,1,0,0,0,0,0,0,0,1,0,0,0,1,7,2014
dchester,1463beed3fedbddf6cc190e1dfb6bcab44e6cd02,0,nan,nan,11,3,2,23,25,7,3,2,3,4,4,1,20,11,1,0,0,0,0,0,0,0,0,0,0,0,0,0,1,1,2,1,2,0,1,2,3,4,1,1,7,27,2,1,0,1,2,0,2,1,2,1,1,1,0,0,0,0,1,1,1,0,1,0,0,2,1,0,0,0,29,0,8,1,1,0,0,0,0,0,1,1,73,166,239,582,312,91,54,30,161,47,4,0,0,0,0,0,0,1,0,0,0,0,0,0,0,1,0,0,0,1,7,2014
jsonpathly,1463beed3fedbddf6cc190e1dfb6bcab44e6cd02,0,152528.6875,63586304.0,11,3,2,23,25,7,3,2,3,4,4,1,20,11,1,0,0,0,0,0,0,0,0,0,0,0,0,0,1,1,2,1,2,0,1,2,3,4,1,1,7,27,2,1,0,1,2,0,2,1,2,1,1,1,0,0,0,0,1,1,1,0,1,0,0,2,1,0,0,0,29,0,8,1,1,0,0,0,0,0,1,1,73,166,239,582,312,91,54,30,161,47,4,0,0,0,0,0,0,1,0,0,0,0,0,0,0,1,0,0,0,1,7,2014
rfc9535,1463beed3fedbddf6cc190e1dfb6bcab44e6cd02,0,117402.66666666667,63935829.333333336,11,3,2,23,25,7,3,2,3,4,4,1,20,11,1,0,0,0,0,0,0,0,0,0,0,0,0,0,1,1,2,1,2,0,1,2,3,4,1,1,7,27,2,1,0,1,2,0,2,1,2,1,1,1,0,0,0,0,1,1,1,0,1,0,0,2,1,0,0,0,29,0,8,1,1,0,0,0,0,0,1,1,73,166,239,582,312,91,54,30,161,47,4,0,0,0,0,0,0,1,0,0,0,0,0,0,0,1,0,0,0,1,7,2014
p3,1463beed3fedbddf6cc190e1dfb6bcab44e6cd02,0,129124.66666666667,64143360.0,11,3,2,23,25,7,3,2,3,4,4,1,20,11,1,0,0,0,0,0,0,0,0,0,0,0,0,0,1,1,2,1,2,0,1,2,3,4,1,1,7,27,2,1,0,1,2,0,2,1,2,1,1,1,0,0,0,0,1,1,1,0,1,0,0,2,1,0,0,0,29,0,8,1,1,0,0,0,0,0,1,1,73,166,239,582,312,91,54,30,161,47,4,0,0,0,0,0,0,1,0,0,0,0,0,0,0,1,0,0,0,1,7,2014
plus,0f20cb60ec3df06d49ab794cf3587fefe6b12c8d,0,23941.6,56623104.0,11,3,2,23,25,7,3,2,3,4,4,1,21,11,1,0,0,0,0,0,0,0,0,0,0,0,0,0,1,1,2,1,2,0,1,2,3,4,1,1,7,27,2,1,0,1,2,0,2,1,2,1,1,1,0,0,0,0,1,1,1,0,1,0,0,2,1,0,0,0,29,0,8,1,1,0,0,0,0,0,1,1,73,166,239,582,312,91,54,30,161,47,4,0,0,0,0,0,0,1,0,0,0,0,0,0,0,1,0,0,0,1,7,2013
dchester,0f20cb60ec3df06d49ab794cf3587fefe6b12c8d,0,nan,nan,11,3,2,23,25,7,3,2,3,4,4,1,21,11,1,0,0,0,0,0,0,0,0,0,0,0,0,0,1,1,2,1,2,0,1,2,3,4,1,1,7,27,2,1,0,1,2,0,2,1,2,1,1,1,0,0,0,0,1,1,1,0,1,0,0,2,1,0,0,0,29,0,8,1,1,0,0,0,0,0,1,1,73,166,239,582,312,91,54,30,161,47,4,0,0,0,0,0,0,1,0,0,0,0,0,0,0,1,0,0,0,1,7,2013
jsonpathly,0f20cb60ec3df06d49ab794cf3587fefe6b12c8d,0,128486.33333333333,63337813.333333336,11,3,2,23,25,7,3,2,3,4,4,1,21,11,1,0,0,0,0,0,0,0,0,0,0,0,0,0,1,1,2,1,2,0,1,2,3,4,1,1,7,27,2,1,0,1,2,0,2,1,2,1,1,1,0,0,0,0,1,1,1,0,1,0,0,2,1,0,0,0,29,0,8,1,1,0,0,0,0,0,1,1,73,166,239,582,312,91,54,30,161,47,4,0,0,0,0,0,0,1,0,0,0,0,0,0,0,1,0,0,0,1,7,2013
rfc9535,0f20cb60ec3df06d49ab794cf3587fefe6b12c8d,0,119529.4,64031948.8,11,3,2,23,25,7,3,2,3,4,4,1,21,11,1,0,0,0,0,0,0,0,0,0,0,0,0,0,1,1,2,1,2,0,1,2,3,4,1,1,7,27,2,1,0,1,2,0,2,1,2,1,1,1,0,0,0,0,1,1,1,0,1,0,0,2,1,0,0,0,29,0,8,1,1,0,0,0,0,0,1,1,73,166,239,582,312,91,54,30,161,47,4,0,0,0,0,0,0,1,0,0,0,0,0,0,0,1,0,0,0,1,7,2013
p3,0f20cb60ec3df06d49ab794cf3587fefe6b12c8d,0,133734.375,64176128.0,11,3,2,23,25,7,3,2,3,4,4,1,21,11,1,0,0,0,0,0,0,0,0,0,0,0,0,0,1,1,2,1,2,0,1,2,3,4,1,1,7,27,2,1,0,1,2,0,2,1,2,1,1,1,0,0,0,0,1,1,1,0,1,0,0,2,1,0,0,0,29,0,8,1,1,0,0,0,0,0,1,1,73,166,239,582,312,91,54,30,161,47,4,0,0,0,0,0,0,1,0,0,0,0,0,0,0,1,0,0,0,1,7,2013
plus,9914c2bcc79b5d8ba6d1806839650a0201cdb5f1,0,24451.416666666668,56634026.666666664,11,3,2,23,25,7,3,2,3,4,4,1,21,11,1,0,0,0,0,0,0,0,0,0,0,0,0,0,1,1,2,1,2,0,1,2,3,4,1,1,7,27,2,1,0,1,2,0,2,1,2,1,1,1,0,0,0,0,1,1,1,0,1,0,0,2,1,0,0,0,29,0,8,1,1,0,0,0,0,0,1,1,73,166,239,582,312,91,54,30,161,47,4,0,0,0,0,0,0,1,0,0,0,0,0,0,0,1,0,0,0,1,7,2013
dchester,9914c2bcc79b5d8ba6d1806839650a0201cdb5f1,0,nan,nan,11,3,2,23,25,7,3,2,3,4,4,1,21,11,1,0,0,0,0,0,0,0,0,0,0,0,0,0,1,1,2,1,2,0,1,2,3,4,1,1,7,27,2,1,0,1,2,0,2,1,2,1,1,1,0,0,0,0,1,1,1,0,1,0,0,2,1,0,0,0,29,0,8,1,1,0,0,0,0,0,1,1,73,166,239,582,312,91,54,30,161,47,4,0,0,0,0,0,0,1,0,0,0,0,0,0,0,1,0,0,0,1,7,2013
jsonpathly,9914c2bcc79b5d8ba6d1806839650a0201cdb5f1,0,126708.16666666667,63542613.333333336,11,3,2,23,25,7,3,2,3,4,4,1,21,11,1,0,0,0,0,0,0,0,0,0,0,0,0,0,1,1,2,1,2,0,1,2,3,4,1,1,7,27,2,1,0,1,2,0,2,1,2,1,1,1,0,0,0,0,1,1,1,0,1,0,0,2,1,0,0,0,29,0,8,1,1,0,0,0,0,0,1,1,73,166,239,582,312,91,54,30,161,47,4,0,0,0,0,0,0,1,0,0,0,0,0,0,0,1,0,0,0,1,7,2013
rfc9535,9914c2bcc79b5d8ba6d1806839650a0201cdb5f1,0,122799.5625,63991808.0,11,3,2,23,25,7,3,2,3,4,4,1,21,11,1,0,0,0,0,0,0,0,0,0,0,0,0,0,1,1,2,1,2,0,1,2,3,4,1,1,7,27,2,1,0,1,2,0,2,1,2,1,1,1,0,0,0,0,1,1,1,0,1,0,0,2,1,0,0,0,29,0,8,1,1,0,0,0,0,0,1,1,73,166,239,582,312,91,54,30,161,47,4,0,0,0,0,0,0,1,0,0,0,0,0,0,0,1,0,0,0,1,7,2013
p3,9914c2bcc79b5d8ba6d1806839650a0201cdb5f1,0,132534.83333333334,64187050.666666664,11,3,2,23,25,7,3,2,3,4,4,1,21,11,1,0,0,0,0,0,0,0,0,0,0,0,0,0,1,1,2,1,2,0,1,2,3,4,1,1,7,27,2,1,0,1,2,0,2,1,2,1,1,1,0,0,0,0,1,1,1,0,1,0,0,2,1,0,0,0,29,0,8,1,1,0,0,0,0,0,1,1,73,166,239,582,312,91,54,30,161,47,4,0,0,0,0,0,0,1,0,0,0,0,0,0,0,1,0,0,0,1,7,2013
plus,706e93c22da9671430982e9d97bb247de1a083e6,0,24338.625,56604672.0,11,3,2,23,25,7,3,2,3,4,4,1,21,11,1,0,0,0,0,0,0,0,0,0,0,0,0,0,1,1,2,1,2,0,1,2,3,4,1,1,7,27,2,1,0,1,2,0,2,1,2,1,1,1,0,0,0,0,1,1,1,0,1,0,0,2,1,0,0,0,29,0,8,1,1,0,0,0,0,0,1,1,73,166,239,582,312,91,53,30,161,47,4,0,0,0,0,0,0,1,0,0,0,0,0,0,0,1,0,0,0,1,7,2013
dchester,706e93c22da9671430982e9d97bb247de1a083e6,0,nan,nan,11,3,2,23,25,7,3,2,3,4,4,1,21,11,1,0,0,0,0,0,0,0,0,0,0,0,0,0,1,1,2,1,2,0,1,2,3,4,1,1,7,27,2,1,0,1,2,0,2,1,2,1,1,1,0,0,0,0,1,1,1,0,1,0,0,2,1,0,0,0,29,0,8,1,1,0,0,0,0,0,1,1,73,166,239,582,312,91,53,30,161,47,4,0,0,0,0,0,0,1,0,0,0,0,0,0,0,1,0,0,0,1,7,2013
jsonpathly,706e93c22da9671430982e9d97bb247de1a083e6,0,131607.14285714287,63321819.428571425,11,3,2,23,25,7,3,2,3,4,4,1,21,11,1,0,0,0,0,0,0,0,0,0,0,0,0,0,1,1,2,1,2,0,1,2,3,4,1,1,7,27,2,1,0,1,2,0,2,1,2,1,1,1,0,0,0,0,1,1,1,0,1,0,0,2,1,0,0,0,29,0,8,1,1,0,0,0,0,0,1,1,73,166,239,582,312,91,53,30,161,47,4,0,0,0,0,0,0,1,0,0,0,0,0,0,0,1,0,0,0,1,7,2013
rfc9535,706e93c22da9671430982e9d97bb247de1a083e6,0,119239.625,63827968.0,11,3,2,23,25,7,3,2,3,4,4,1,21,11,1,0,0,0,0,0,0,0,0,0,0,0,0,0,1,1,2,1,2,0,1,2,3,4,1,1,7,27,2,1,0,1,2,0,2,1,2,1,1,1,0,0,0,0,1,1,1,0,1,0,0,2,1,0,0,0,29,0,8,1,1,0,0,0,0,0,1,1,73,166,239,582,312,91,53,30,161,47,4,0,0,0,0,0,0,1,0,0,0,0,0,0,0,1,0,0,0,1,7,2013
p3,706e93c22da9671430982e9d97bb247de1a083e6,0,132541.5,64344064.0,11,3,2,23,25,7,3,2,3,4,4,1,21,11,1,0,0,0,0,0,0,0,0,0,0,0,0,0,1,1,2,1,2,0,1,2,3,4,1,1,7,27,2,1,0,1,2,0,2,1,2,1,1,1,0,0,0,0,1,1,1,0,1,0,0,2,1,0,0,0,29,0,8,1,1,0,0,0,0,0,1,1,73,166,239,582,312,91,53,30,161,47,4,0,0,0,0,0,0,1,0,0,0,0,0,0,0,1,0,0,0,1,7,2013
plus,e127a16a5e9b09990ed4d439acdc29d1b8a0ecef,0,27601.6875,56614912.0,11,3,2,23,25,7,3,2,3,4,4,1,21,11,1,0,0,0,0,0,0,0,0,0,0,0,0,0,1,1,2,1,2,0,1,2,3,4,1,1,7,27,2,1,0,1,2,0,2,1,2,1,1,1,0,0,0,0,1,1,1,0,1,0,0,2,1,0,0,0,29,0,8,1,1,0,0,0,0,0,1,1,73,166,239,582,312,91,54,30,161,47,4,0,0,0,0,0,0,1,0,0,0,0,0,0,0,1,0,0,0,1,7,2013
dchester,e127a16a5e9b09990ed4d439acdc29d1b8a0ecef,0,nan,nan,11,3,2,23,25,7,3,2,3,4,4,1,21,11,1,0,0,0,0,0,0,0,0,0,0,0,0,0,1,1,2,1,2,0,1,2,3,4,1,1,7,27,2,1,0,1,2,0,2,1,2,1,1,1,0,0,0,0,1,1,1,0,1,0,0,2,1,0,0,0,29,0,8,1,1,0,0,0,0,0,1,1,73,166,239,582,312,91,54,30,161,47,4,0,0,0,0,0,0,1,0,0,0,0,0,0,0,1,0,0,0,1,7,2013
jsonpathly,e127a16a5e9b09990ed4d439acdc29d1b8a0ecef,0,132277.75,63676416.0,11,3,2,23,25,7,3,2,3,4,4,1,21,11,1,0,0,0,0,0,0,0,0,0,0,0,0,0,1,1,2,1,2,0,1,2,3,4,1,1,7,27,2,1,0,1,2,0,2,1,2,1,1,1,0,0,0,0,1,1,1,0,1,0,0,2,1,0,0,0,29,0,8,1,1,0,0,0,0,0,1,1,73,166,239,582,312,91,54,30,161,47,4,0,0,0,0,0,0,1,0,0,0,0,0,0,0,1,0,0,0,1,7,2013
rfc9535,e127a16a5e9b09990ed4d439acdc29d1b8a0ecef,0,119663.16666666667,63859370.666666664,11,3,2,23,25,7,3,2,3,4,4,1,21,11,1,0,0,0,0,0,0,0,0,0,0,0,0,0,1,1,2,1,2,0,1,2,3,4,1,1,7,27,2,1,0,1,2,0,2,1,2,1,1,1,0,0,0,0,1,1,1,0,1,0,0,2,1,0,0,0,29,0,8,1,1,0,0,0,0,0,1,1,73,166,239,582,312,91,54,30,161,47,4,0,0,0,0,0,0,1,0,0,0,0,0,0,0,1,0,0,0,1,7,2013
p3,e127a16a5e9b09990ed4d439acdc29d1b8a0ecef,0,129875.0,64023210.666666664,11,3,2,23,25,7,3,2,3,4,4,1,21,11,1,0,0,0,0,0,0,0,0,0,0,0,0,0,1,1,2,1,2,0,1,2,3,4,1,1,7,27,2,1,0,1,2,0,2,1,2,1,1,1,0,0,0,0,1,1,1,0,1,0,0,2,1,0,0,0,29,0,8,1,1,0,0,0,0,0,1,1,73,166,239,582,312,91,54,30,161,47,4,0,0,0,0,0,0,1,0,0,0,0,0,0,0,1,0,0,0,1,7,2013
plus,bf91266ad57f8fab59be08e9d376a142d4f54b70,0,24679.0,56606720.0,11,3,2,23,25,7,3,2,3,4,4,1,21,11,1,0,0,0,0,0,0,0,0,0,0,0,0,0,1,1,2,1,2,0,1,2,3,4,1,1,7,27,2,1,0,1,2,0,2,1,2,1,1,1,0,0,0,0,1,1,1,0,1,0,0,2,1,0,0,0,29,0,8,1,1,0,0,0,0,0,1,1,73,166,239,582,312,91,54,30,161,47,4,0,0,0,0,0,0,1,0,0,0,0,0,0,0,1,0,0,0,1,7,2013
dchester,bf91266ad57f8fab59be08e9d376a142d4f54b70,0,nan,nan,11,3,2,23,25,7,3,2,3,4,4,1,21,11,1,0,0,0,0,0,0,0,0,0,0,0,0,0,1,1,2,1,2,0,1,2,3,4,1,1,7,27,2,1,0,1,2,0,2,1,2,1,1,1,0,0,0,0,1,1,1,0,1,0,0,2,1,0,0,0,29,0,8,1,1,0,0,0,0,0,1,1,73,166,239,582,312,91,54,30,161,47,4,0,0,0,0,0,0,1,0,0,0,0,0,0,0,1,0,0,0,1,7,2013
jsonpathly,bf91266ad57f8fab59be08e9d376a142d4f54b70,0,131286.5,63496192.0,11,3,2,23,25,7,3,2,3,4,4,1,21,11,1,0,0,0,0,0,0,0,0,0,0,0,0,0,1,1,2,1,2,0,1,2,3,4,1,1,7,27,2,1,0,1,2,0,2,1,2,1,1,1,0,0,0,0,1,1,1,0,1,0,0,2,1,0,0,0,29,0,8,1,1,0,0,0,0,0,1,1,73,166,239,582,312,91,54,30,161,47,4,0,0,0,0,0,0,1,0,0,0,0,0,0,0,1,0,0,0,1,7,2013
rfc9535,bf91266ad57f8fab59be08e9d376a142d4f54b70,0,121059.08333333333,63867562.666666664,11,3,2,23,25,7,3,2,3,4,4,1,21,11,1,0,0,0,0,0,0,0,0,0,0,0,0,0,1,1,2,1,2,0,1,2,3,4,1,1,7,27,2,1,0,1,2,0,2,1,2,1,1,1,0,0,0,0,1,1,1,0,1,0,0,2,1,0,0,0,29,0,8,1,1,0,0,0,0,0,1,1,73,166,239,582,312,91,54,30,161,47,4,0,0,0,0,0,0,1,0,0,0,0,0,0,0,1,0,0,0,1,7,2013
p3,bf91266ad57f8fab59be08e9d376a142d4f54b70,0,129409.83333333333,64230741.333333336,11,3,2,23,25,7,3,2,3,4,4,1,21,11,1,0,0,0,0,0,0,0,0,0,0,0,0,0,1,1,2,1,2,0,1,2,3,4,1,1,7,27,2,1,0,1,2,0,2,1,2,1,1,1,0,0,0,0,1,1,1,0,1,0,0,2,1,0,0,0,29,0,8,1,1,0,0,0,0,0,1,1,73,166,239,582,312,91,54,30,161,47,4,0,0,0,0,0,0,1,0,0,0,0,0,0,0,1,0,0,0,1,7,2013
plus,6bbf5d6cc6623369ec212524c0c38a5968a1ee14,0,34667.0,56519338.666666664,112,50,34,225,259,51,38,64,76,47,53,36,132,107,50,25,2,6,11,0,0,0,0,0,0,0,0,11,25,6,24,33,26,2,5,13,22,31,8,8,40,422,12,5,4,1,12,9,3,11,22,6,9,13,3,2,1,1,9,9,6,1,1,4,5,13,4,3,2,1,12,0,62,7,6,2,5,6,0,0,5,0,0,0,0,0,0,0,0,0,0,0,4,0,0,0,0,0,0,1,0,0,0,0,0,0,0,1,0,0,0,1,7,1669
dchester,6bbf5d6cc6623369ec212524c0c38a5968a1ee14,0,nan,nan,112,50,34,225,259,51,38,64,76,47,53,36,132,107,50,25,2,6,11,0,0,0,0,0,0,0,0,11,25,6,24,33,26,2,5,13,22,31,8,8,40,422,12,5,4,1,12,9,3,11,22,6,9,13,3,2,1,1,9,9,6,1,1,4,5,13,4,3,2,1,12,0,62,7,6,2,5,6,0,0,5,0,0,0,0,0,0,0,0,0,0,0,4,0,0,0,0,0,0,1,0,0,0,0,0,0,0,1,0,0,0,1,7,1669
jsonpathly,6bbf5d6cc6623369ec212524c0c38a5968a1ee14,0,455826.5,79784618.66666667,112,50,34,225,259,51,38,64,76,47,53,36,132,107,50,25,2,6,11,0,0,0,0,0,0,0,0,11,25,6,24,33,26,2,5,13,22,31,8,8,40,422,12,5,4,1,12,9,3,11,22,6,9,13,3,2,1,1,9,9,6,1,1,4,5,13,4,3,2,1,12,0,62,7,6,2,5,6,0,0,5,0,0,0,0,0,0,0,0,0,0,0,4,0,0,0,0,0,0,1,0,0,0,0,0,0,0,1,0,0,0,1,7,1669
rfc9535,6bbf5d6cc6623369ec212524c0c38a5968a1ee14,0,193114.66666666666,70666922.66666667,112,50,34,225,259,51,38,64,76,47,53,36,132,107,50,25,2,6,11,0,0,0,0,0,0,0,0,11,25,6,24,33,26,2,5,13,22,31,8,8,40,422,12,5,4,1,12,9,3,11,22,6,9,13,3,2,1,1,9,9,6,1,1,4,5,13,4,3,2,1,12,0,62,7,6,2,5,6,0,0,5,0,0,0,0,0,0,0,0,0,0,0,4,0,0,0,0,0,0,1,0,0,0,0,0,0,0,1,0,0,0,1,7,1669
p3,6bbf5d6cc6623369ec212524c0c38a5968a1ee14,0,nan,nan,112,50,34,225,259,51,38,64,76,47,53,36,132,107,50,25,2,6,11,0,0,0,0,0,0,0,0,11,25,6,24,33,26,2,5,13,22,31,8,8,40,422,12,5,4,1,12,9,3,11,22,6,9,13,3,2,1,1,9,9,6,1,1,4,5,13,4,3,2,1,12,0,62,7,6,2,5,6,0,0,5,0,0,0,0,0,0,0,0,0,0,0,4,0,0,0,0,0,0,1,0,0,0,0,0,0,0,1,0,0,0,1,7,1669
plus,4e2b8cd0f939beea466c914e37c394ff039a89ec,0,35929.1,56567398.4,113,59,43,308,351,49,31,68,79,54,55,37,113,99,54,29,8,20,10,2,0,1,5,0,2,1,1,28,25,5,21,29,20,1,2,14,24,39,12,9,39,251,16,2,2,0,20,15,5,11,22,11,14,5,1,0,0,0,15,10,7,5,5,1,7,22,7,1,0,0,0,0,54,14,8,0,0,0,0,0,2,0,0,0,0,0,0,0,0,0,0,0,4,0,0,0,0,0,0,1,0,0,0,0,0,0,0,1,0,0,0,1,7,1614
dchester,4e2b8cd0f939beea466c914e37c394ff039a89ec,0,nan,nan,113,59,43,308,351,49,31,68,79,54,55,37,113,99,54,29,8,20,10,2,0,1,5,0,2,1,1,28,25,5,21,29,20,1,2,14,24,39,12,9,39,251,16,2,2,0,20,15,5,11,22,11,14,5,1,0,0,0,15,10,7,5,5,1,7,22,7,1,0,0,0,0,54,14,8,0,0,0,0,0,2,0,0,0,0,0,0,0,0,0,0,0,4,0,0,0,0,0,0,1,0,0,0,0,0,0,0,1,0,0,0,1,7,1614
jsonpathly,4e2b8cd0f939beea466c914e37c394ff039a89ec,0,396364.75,78151680.0,113,59,43,308,351,49,31,68,79,54,55,37,113,99,54,29,8,20,10,2,0,1,5,0,2,1,1,28,25,5,21,29,20,1,2,14,24,39,12,9,39,251,16,2,2,0,20,15,5,11,22,11,14,5,1,0,0,0,15,10,7,5,5,1,7,22,7,1,0,0,0,0,54,14,8,0,0,0,0,0,2,0,0,0,0,0,0,0,0,0,0,0,4,0,0,0,0,0,0,1,0,0,0,0,0,0,0,1,0,0,0,1,7,1614
rfc9535,4e2b8cd0f939beea466c914e37c394ff039a89ec,0,181244.14285714287,72709851.42857143,113,59,43,308,351,49,31,68,79,54,55,37,113,99,54,29,8,20,10,2,0,1,5,0,2,1,1,28,25,5,21,29,20,1,2,14,24,39,12,9,39,251,16,2,2,0,20,15,5,11,22,11,14,5,1,0,0,0,15,10,7,5,5,1,7,22,7,1,0,0,0,0,54,14,8,0,0,0,0,0,2,0,0,0,0,0,0,0,0,0,0,0,4,0,0,0,0,0,0,1,0,0,0,0,0,0,0,1,0,0,0,1,7,1614
p3,4e2b8cd0f939beea466c914e37c394ff039a89ec,0,136632.0,67174400.0,113,59,43,308,351,49,31,68,79,54,55,37,113,99,54,29,8,20,10,2,0,1,5,0,2,1,1,28,25,5,21,29,20,1,2,14,24,39,12,9,39,251,16,2,2,0,20,15,5,11,22,11,14,5,1,0,0,0,15,10,7,5,5,1,7,22,7,1,0,0,0,0,54,14,8,0,0,0,0,0,2,0,0,0,0,0,0,0,0,0,0,0,4,0,0,0,0,0,0,1,0,0,0,0,0,0,0,1,0,0,0,1,7,1614
plus,e2af2de3451e4ac161189658db6235edd7d69d6a,0,10630.25,55625728.0,28,13,7,327,334,13,10,6,8,5,7,13,75,53,7,2,1,3,2,6,3,8,19,3,3,1,2,6,5,2,5,4,8,2,0,0,0,0,0,0,0,794,0,0,0,0,0,0,0,0,0,0,0,0,0,0,0,0,0,0,0,0,0,0,0,0,0,8,0,0,28,0,15,0,0,7,0,0,0,0,0,0,0,0,0,0,0,0,0,0,0,0,336,11,66,14,43,45,64,95,13,7,8,1,2,3,14,7,15,22,55,12,1015,200
dchester,e2af2de3451e4ac161189658db6235edd7d69d6a,0,nan,nan,28,13,7,327,334,13,10,6,8,5,7,13,75,53,7,2,1,3,2,6,3,8,19,3,3,1,2,6,5,2,5,4,8,2,0,0,0,0,0,0,0,794,0,0,0,0,0,0,0,0,0,0,0,0,0,0,0,0,0,0,0,0,0,0,0,0,0,8,0,0,28,0,15,0,0,7,0,0,0,0,0,0,0,0,0,0,0,0,0,0,0,0,336,11,66,14,43,45,64,95,13,7,8,1,2,3,14,7,15,22,55,12,1015,200
jsonpathly,e2af2de3451e4ac161189658db6235edd7d69d6a,0,45529.3,59388723.2,28,13,7,327,334,13,10,6,8,5,7,13,75,53,7,2,1,3,2,6,3,8,19,3,3,1,2,6,5,2,5,4,8,2,0,0,0,0,0,0,0,794,0,0,0,0,0,0,0,0,0,0,0,0,0,0,0,0,0,0,0,0,0,0,0,0,0,8,0,0,28,0,15,0,0,7,0,0,0,0,0,0,0,0,0,0,0,0,0,0,0,0,336,11,66,14,43,45,64,95,13,7,8,1,2,3,14,7,15,22,55,12,1015,200
rfc9535,e2af2de3451e4ac161189658db6235edd7d69d6a,0,41505.5,61755392.0,28,13,7,327,334,13,10,6,8,5,7,13,75,53,7,2,1,3,2,6,3,8,19,3,3,1,2,6,5,2,5,4,8,2,0,0,0,0,0,0,0,794,0,0,0,0,0,0,0,0,0,0,0,0,0,0,0,0,0,0,0,0,0,0,0,0,0,8,0,0,28,0,15,0,0,7,0,0,0,0,0,0,0,0,0,0,0,0,0,0,0,0,336,11,66,14,43,45,64,95,13,7,8,1,2,3,14,7,15,22,55,12,1015,200
p3,e2af2de3451e4ac161189658db6235edd7d69d6a,0,42856.5625,60377088.0,28,13,7,327,334,13,10,6,8,5,7,13,75,53,7,2,1,3,2,6,3,8,19,3,3,1,2,6,5,2,5,4,8,2,0,0,0,0,0,0,0,794,0,0,0,0,0,0,0,0,0,0,0,0,0,0,0,0,0,0,0,0,0,0,0,0,0,8,0,0,28,0,15,0,0,7,0,0,0,0,0,0,0,0,0,0,0,0,0,0,0,0,336,11,66,14,43,45,64,95,13,7,8,1,2,3,14,7,15,22,55,12,1015,200
plus,01feee71ecc44e215ab8507cffac101ef0b1e0cd,0,27223.875,56553472.0,58,28,19,177,196,21,25,65,76,63,74,45,199,158,40,25,5,12,7,2,0,0,6,0,2,2,0,13,15,3,12,15,14,4,1,14,18,40,13,13,67,448,12,7,5,2,11,8,3,15,30,13,12,22,9,2,1,1,22,4,14,7,3,3,5,25,7,4,4,0,3,0,30,15,10,4,0,0,0,0,7,2,2,0,2,8,5,1,2,2,15,3,4,0,0,0,0,0,0,1,0,0,0,0,0,0,0,1,0,0,0,1,7,1758
dchester,01feee71ecc44e215ab8507cffac101ef0b1e0cd,0,nan,nan,58,28,19,177,196,21,25,65,76,63,74,45,199,158,40,25,5,12,7,2,0,0,6,0,2,2,0,13,15,3,12,15,14,4,1,14,18,40,13,13,67,448,12,7,5,2,11,8,3,15,30,13,12,22,9,2,1,1,22,4,14,7,3,3,5,25,7,4,4,0,3,0,30,15,10,4,0,0,0,0,7,2,2,0,2,8,5,1,2,2,15,3,4,0,0,0,0,0,0,1,0,0,0,0,0,0,0,1,0,0,0,1,7,1758
jsonpathly,01feee71ecc44e215ab8507cffac101ef0b1e0cd,0,313979.125,73089024.0,58,28,19,177,196,21,25,65,76,63,74,45,199,158,40,25,5,12,7,2,0,0,6,0,2,2,0,13,15,3,12,15,14,4,1,14,18,40,13,13,67,448,12,7,5,2,11,8,3,15,30,13,12,22,9,2,1,1,22,4,14,7,3,3,5,25,7,4,4,0,3,0,30,15,10,4,0,0,0,0,7,2,2,0,2,8,5,1,2,2,15,3,4,0,0,0,0,0,0,1,0,0,0,0,0,0,0,1,0,0,0,1,7,1758
rfc9535,01feee71ecc44e215ab8507cffac101ef0b1e0cd,0,209548.66666666666,71226709.33333333,58,28,19,177,196,21,25,65,76,63,74,45,199,158,40,25,5,12,7,2,0,0,6,0,2,2,0,13,15,3,12,15,14,4,1,14,18,40,13,13,67,448,12,7,5,2,11,8,3,15,30,13,12,22,9,2,1,1,22,4,14,7,3,3,5,25,7,4,4,0,3,0,30,15,10,4,0,0,0,0,7,2,2,0,2,8,5,1,2,2,15,3,4,0,0,0,0,0,0,1,0,0,0,0,0,0,0,1,0,0,0,1,7,1758
p3,01feee71ecc44e215ab8507cffac101ef0b1e0cd,0,nan,nan,58,28,19,177,196,21,25,65,76,63,74,45,199,158,40,25,5,12,7,2,0,0,6,0,2,2,0,13,15,3,12,15,14,4,1,14,18,40,13,13,67,448,12,7,5,2,11,8,3,15,30,13,12,22,9,2,1,1,22,4,14,7,3,3,5,25,7,4,4,0,3,0,30,15,10,4,0,0,0,0,7,2,2,0,2,8,5,1,2,2,15,3,4,0,0,0,0,0,0,1,0,0,0,0,0,0,0,1,0,0,0,1,7,1758
plus,13b18c2bbca1310138b4f5ef3bd92536396b1496,0,36062.6,56511692.8,147,66,43,225,268,76,34,73,88,58,66,39,124,101,45,22,2,6,12,1,0,0,3,0,1,1,0,9,23,4,20,24,19,4,3,10,19,36,7,8,34,337,19,3,3,0,23,9,14,10,20,7,11,6,1,3,1,2,17,9,3,0,4,3,6,9,5,0,0,1,6,0,81,9,0,0,3,5,0,0,3,1,1,0,1,0,0,0,0,0,0,0,4,0,0,0,0,0,0,1,0,0,0,0,0,0,0,1,0,0,0,1,6,1634
dchester,13b18c2bbca1310138b4f5ef3bd92536396b1496,0,nan,nan,147,66,43,225,268,76,34,73,88,58,66,39,124,101,45,22,2,6,12,1,0,0,3,0,1,1,0,9,23,4,20,24,19,4,3,10,19,36,7,8,34,337,19,3,3,0,23,9,14,10,20,7,11,6,1,3,1,2,17,9,3,0,4,3,6,9,5,0,0,1,6,0,81,9,0,0,3,5,0,0,3,1,1,0,1,0,0,0,0,0,0,0,4,0,0,0,0,0,0,1,0,0,0,0,0,0,0,1,0,0,0,1,6,1634
jsonpathly,13b18c2bbca1310138b4f5ef3bd92536396b1496,0,1410847.1666666667,92553216.0,147,66,43,225,268,76,34,73,88,58,66,39,124,101,45,22,2,6,12,1,0,0,3,0,1,1,0,9,23,4,20,24,19,4,3,10,19,36,7,8,34,337,19,3,3,0,23,9,14,10,20,7,11,6,1,3,1,2,17,9,3,0,4,3,6,9,5,0,0,1,6,0,81,9,0,0,3,5,0,0,3,1,1,0,1,0,0,0,0,0,0,0,4,0,0,0,0,0,0,1,0,0,0,0,0,0,0,1,0,0,0,1,6,1634
rfc9535,13b18c2bbca1310138b4f5ef3bd92536396b1496,0,214347.16666666666,70877184.0,147,66,43,225,268,76,34,73,88,58,66,39,124,101,45,22,2,6,12,1,0,0,3,0,1,1,0,9,23,4,20,24,19,4,3,10,19,36,7,8,34,337,19,3,3,0,23,9,14,10,20,7,11,6,1,3,1,2,17,9,3,0,4,3,6,9,5,0,0,1,6,0,81,9,0,0,3,5,0,0,3,1,1,0,1,0,0,0,0,0,0,0,4,0,0,0,0,0,0,1,0,0,0,0,0,0,0,1,0,0,0,1,6,1634
p3,13b18c2bbca1310138b4f5ef3bd92536396b1496,0,130777.5,67780608.0,147,66,43,225,268,76,34,73,88,58,66,39,124,101,45,22,2,6,12,1,0,0,3,0,1,1,0,9,23,4,20,24,19,4,3,10,19,36,7,8,34,337,19,3,3,0,23,9,14,10,20,7,11,6,1,3,1,2,17,9,3,0,4,3,6,9,5,0,0,1,6,0,81,9,0,0,3,5,0,0,3,1,1,0,1,0,0,0,0,0,0,0,4,0,0,0,0,0,0,1,0,0,0,0,0,0,0,1,0,0,0,1,6,1634
plus,5f83ee8d000e974533a1b48793fb3730e01d7e0a,0,nan,nan,87,43,37,366,403,31,27,94,111,61,61,36,149,110,65,37,12,29,9,1,0,0,3,0,1,1,0,41,28,5,10,26,10,0,2,8,15,20,6,10,38,197,11,4,2,2,12,7,5,3,6,6,3,3,0,0,0,0,5,7,5,1,2,3,2,15,1,0,0,0,0,0,44,7,8,0,0,0,0,0,4,1,1,10,11,11,4,2,2,1,3,0,5,0,0,0,0,0,0,1,0,0,0,0,0,0,1,1,0,0,0,2,4,1571
dchester,5f83ee8d000e974533a1b48793fb3730e01d7e0a,0,nan,nan,87,43,37,366,403,31,27,94,111,61,61,36,149,110,65,37,12,29,9,1,0,0,3,0,1,1,0,41,28,5,10,26,10,0,2,8,15,20,6,10,38,197,11,4,2,2,12,7,5,3,6,6,3,3,0,0,0,0,5,7,5,1,2,3,2,15,1,0,0,0,0,0,44,7,8,0,0,0,0,0,4,1,1,10,11,11,4,2,2,1,3,0,5,0,0,0,0,0,0,1,0,0,0,0,0,0,1,1,0,0,0,2,4,1571
jsonpathly,5f83ee8d000e974533a1b48793fb3730e01d7e0a,0,347944.5,72652117.33333333,87,43,37,366,403,31,27,94,111,61,61,36,149,110,65,37,12,29,9,1,0,0,3,0,1,1,0,41,28,5,10,26,10,0,2,8,15,20,6,10,38,197,11,4,2,2,12,7,5,3,6,6,3,3,0,0,0,0,5,7,5,1,2,3,2,15,1,0,0,0,0,0,44,7,8,0,0,0,0,0,4,1,1,10,11,11,4,2,2,1,3,0,5,0,0,0,0,0,0,1,0,0,0,0,0,0,1,1,0,0,0,2,4,1571
rfc9535,5f83ee8d000e974533a1b48793fb3730e01d7e0a,0,206583.33333333334,68875605.33333333,87,43,37,366,403,31,27,94,111,61,61,36,149,110,65,37,12,29,9,1,0,0,3,0,1,1,0,41,28,5,10,26,10,0,2,8,15,20,6,10,38,197,11,4,2,2,12,7,5,3,6,6,3,3,0,0,0,0,5,7,5,1,2,3,2,15,1,0,0,0,0,0,44,7,8,0,0,0,0,0,4,1,1,10,11,11,4,2,2,1,3,0,5,0,0,0,0,0,0,1,0,0,0,0,0,0,1,1,0,0,0,2,4,1571
p3,5f83ee8d000e974533a1b48793fb3730e01d7e0a,0,135862.4,64628326.4,87,43,37,366,403,31,27,94,111,61,61,36,149,110,65,37,12,29,9,1,0,0,3,0,1,1,0,41,28,5,10,26,10,0,2,8,15,20,6,10,38,197,11,4,2,2,12,7,5,3,6,6,3,3,0,0,0,0,5,7,5,1,2,3,2,15,1,0,0,0,0,0,44,7,8,0,0,0,0,0,4,1,1,10,11,11,4,2,2,1,3,0,5,0,0,0,0,0,0,1,0,0,0,0,0,0,1,1,0,0,0,2,4,1571
plus,18a99e04fd64e806a4b6f5f4be4c867f35888c0f,0,9595.142857142857,54844269.71428572,24,12,6,75,81,11,7,24,28,16,17,10,29,20,14,9,3,6,1,0,0,0,0,0,0,0,0,6,5,2,5,5,3,0,1,1,1,1,0,1,5,16,1,1,0,1,0,0,0,0,0,0,0,1,1,0,0,0,0,0,1,0,0,0,0,0,0,2,0,0,0,0,12,0,0,0,0,0,0,0,1,0,0,0,0,0,0,0,0,0,0,0,4,0,0,0,0,0,0,1,1,0,0,0,0,0,0,1,0,0,0,1,6,286
dchester,18a99e04fd64e806a4b6f5f4be4c867f35888c0f,0,nan,nan,24,12,6,75,81,11,7,24,28,16,17,10,29,20,14,9,3,6,1,0,0,0,0,0,0,0,0,6,5,2,5,5,3,0,1,1,1,1,0,1,5,16,1,1,0,1,0,0,0,0,0,0,0,1,1,0,0,0,0,0,1,0,0,0,0,0,0,2,0,0,0,0,12,0,0,0,0,0,0,0,1,0,0,0,0,0,0,0,0,0,0,0,4,0,0,0,0,0,0,1,1,0,0,0,0,0,0,1,0,0,0,1,6,286
jsonpathly,18a99e04fd64e806a4b6f5f4be4c867f35888c0f,0,56015.5,60868608.0,24,12,6,75,81,11,7,24,28,16,17,10,29,20,14,9,3,6,1,0,0,0,0,0,0,0,0,6,5,2,5,5,3,0,1,1,1,1,0,1,5,16,1,1,0,1,0,0,0,0,0,0,0,1,1,0,0,0,0,0,1,0,0,0,0,0,0,2,0,0,0,0,12,0,0,0,0,0,0,0,1,0,0,0,0,0,0,0,0,0,0,0,4,0,0,0,0,0,0,1,1,0,0,0,0,0,0,1,0,0,0,1,6,286
rfc9535,18a99e04fd64e806a4b6f5f4be4c867f35888c0f,0,53076.333333333336,66513578.666666664,24,12,6,75,81,11,7,24,28,16,17,10,29,20,14,9,3,6,1,0,0,0,0,0,0,0,0,6,5,2,5,5,3,0,1,1,1,1,0,1,5,16,1,1,0,1,0,0,0,0,0,0,0,1,1,0,0,0,0,0,1,0,0,0,0,0,0,2,0,0,0,0,12,0,0,0,0,0,0,0,1,0,0,0,0,0,0,0,0,0,0,0,4,0,0,0,0,0,0,1,1,0,0,0,0,0,0,1,0,0,0,1,6,286
p3,18a99e04fd64e806a4b6f5f4be4c867f35888c0f,0,nan,nan,24,12,6,75,81,11,7,24,28,16,17,10,29,20,14,9,3,6,1,0,0,0,0,0,0,0,0,6,5,2,5,5,3,0,1,1,1,1,0,1,5,16,1,1,0,1,0,0,0,0,0,0,0,1,1,0,0,0,0,0,1,0,0,0,0,0,0,2,0,0,0,0,12,0,0,0,0,0,0,0,1,0,0,0,0,0,0,0,0,0,0,0,4,0,0,0,0,0,0,1,1,0,0,0,0,0,0,1,0,0,0,1,6,286
plus,61171e43a979397e7670bc2e02d74b3fd67ec346,0,13703.125,55928832.0,28,17,9,91,100,10,9,23,26,14,16,11,46,36,16,9,1,1,0,2,1,2,7,1,1,1,0,0,7,1,4,6,6,2,0,0,0,0,0,0,0,101,0,0,0,0,0,0,0,0,0,0,0,0,0,0,0,0,0,0,0,0,0,0,0,0,0,1,0,0,30,0,11,0,0,0,0,0,0,0,0,0,0,0,0,0,0,0,0,0,0,0,40,1,9,1,1,8,0,9,1,0,4,2,7,9,1,0,1,0,8,2,131,282
dchester,61171e43a979397e7670bc2e02d74b3fd67ec346,0,nan,nan,28,17,9,91,100,10,9,23,26,14,16,11,46,36,16,9,1,1,0,2,1,2,7,1,1,1,0,0,7,1,4,6,6,2,0,0,0,0,0,0,0,101,0,0,0,0,0,0,0,0,0,0,0,0,0,0,0,0,0,0,0,0,0,0,0,0,0,1,0,0,30,0,11,0,0,0,0,0,0,0,0,0,0,0,0,0,0,0,0,0,0,0,40,1,9,1,1,8,0,9,1,0,4,2,7,9,1,0,1,0,8,2,131,282
jsonpathly,61171e43a979397e7670bc2e02d74b3fd67ec346,0,59122.5625,60882944.0,28,17,9,91,100,10,9,23,26,14,16,11,46,36,16,9,1,1,0,2,1,2,7,1,1,1,0,0,7,1,4,6,6,2,0,0,0,0,0,0,0,101,0,0,0,0,0,0,0,0,0,0,0,0,0,0,0,0,0,0,0,0,0,0,0,0,0,1,0,0,30,0,11,0,0,0,0,0,0,0,0,0,0,0,0,0,0,0,0,0,0,0,40,1,9,1,1,8,0,9,1,0,4,2,7,9,1,0,1,0,8,2,131,282
rfc9535,61171e43a979397e7670bc2e02d74b3fd67ec346,0,56408.875,66627584.0,28,17,9,91,100,10,9,23,26,14,16,11,46,36,16,9,1,1,0,2,1,2,7,1,1,1,0,0,7,1,4,6,6,2,0,0,0,0,0,0,0,101,0,0,0,0,0,0,0,0,0,0,0,0,0,0,0,0,0,0,0,0,0,0,0,0,0,1,0,0,30,0,11,0,0,0,0,0,0,0,0,0,0,0,0,0,0,0,0,0,0,0,40,1,9,1,1,8,0,9,1,0,4,2,7,9,1,0,1,0,8,2,131,282
p3,61171e43a979397e7670bc2e02d74b3fd67ec346,0,48101.4375,61233152.0,28,17,9,91,100,10,9,23,26,14,16,11,46,36,16,9,1,1,0,2,1,2,7,1,1,1,0,0,7,1,4,6,6,2,0,0,0,0,0,0,0,101,0,0,0,0,0,0,0,0,0,0,0,0,0,0,0,0,0,0,0,0,0,0,0,0,0,1,0,0,30,0,11,0,0,0,0,0,0,0,0,0,0,0,0,0,0,0,0,0,0,0,40,1,9,1,1,8,0,9,1,0,4,2,7,9,1,0,1,0,8,2,131,282
plus,13ac1551145c858c58586cba6ae0e5b0db7eb957,0,35037.5,56449433.6,113,67,36,229,265,47,40,90,107,63,70,42,140,110,59,27,4,16,13,1,1,2,4,1,0,0,0,22,32,6,18,25,23,5,2,8,14,32,6,8,36,298,16,2,1,1,21,8,13,10,20,10,8,9,2,2,1,1,18,6,5,3,4,3,3,9,5,0,0,1,10,0,46,7,2,0,4,8,0,0,2,0,0,0,0,0,0,0,0,0,0,0,4,0,0,0,0,0,0,1,0,0,0,0,0,0,0,1,0,0,0,1,6,1640
dchester,13ac1551145c858c58586cba6ae0e5b0db7eb957,0,nan,nan,113,67,36,229,265,47,40,90,107,63,70,42,140,110,59,27,4,16,13,1,1,2,4,1,0,0,0,22,32,6,18,25,23,5,2,8,14,32,6,8,36,298,16,2,1,1,21,8,13,10,20,10,8,9,2,2,1,1,18,6,5,3,4,3,3,9,5,0,0,1,10,0,46,7,2,0,4,8,0,0,2,0,0,0,0,0,0,0,0,0,0,0,4,0,0,0,0,0,0,1,0,0,0,0,0,0,0,1,0,0,0,1,6,1640
jsonpathly,13ac1551145c858c58586cba6ae0e5b0db7eb957,0,364236.0,77064874.66666667,113,67,36,229,265,47,40,90,107,63,70,42,140,110,59,27,4,16,13,1,1,2,4,1,0,0,0,22,32,6,18,25,23,5,2,8,14,32,6,8,36,298,16,2,1,1,21,8,13,10,20,10,8,9,2,2,1,1,18,6,5,3,4,3,3,9,5,0,0,1,10,0,46,7,2,0,4,8,0,0,2,0,0,0,0,0,0,0,0,0,0,0,4,0,0,0,0,0,0,1,0,0,0,0,0,0,0,1,0,0,0,1,6,1640
rfc9535,13ac1551145c858c58586cba6ae0e5b0db7eb957,0,188468.75,69495466.66666667,113,67,36,229,265,47,40,90,107,63,70,42,140,110,59,27,4,16,13,1,1,2,4,1,0,0,0,22,32,6,18,25,23,5,2,8,14,32,6,8,36,298,16,2,1,1,21,8,13,10,20,10,8,9,2,2,1,1,18,6,5,3,4,3,3,9,5,0,0,1,10,0,46,7,2,0,4,8,0,0,2,0,0,0,0,0,0,0,0,0,0,0,4,0,0,0,0,0,0,1,0,0,0,0,0,0,0,1,0,0,0,1,6,1640
p3,13ac1551145c858c58586cba6ae0e5b0db7eb957,0,133882.0,67474773.33333333,113,67,36,229,265,47,40,90,107,63,70,42,140,110,59,27,4,16,13,1,1,2,4,1,0,0,0,22,32,6,18,25,23,5,2,8,14,32,6,8,36,298,16,2,1,1,21,8,13,10,20,10,8,9,2,2,1,1,18,6,5,3,4,3,3,9,5,0,0,1,10,0,46,7,2,0,4,8,0,0,2,0,0,0,0,0,0,0,0,0,0,0,4,0,0,0,0,0,0,1,0,0,0,0,0,0,0,1,0,0,0,1,6,1640
plus,c3ec6aa49eef7ed027e4d31b166a321a052f04cd,0,nan,nan,115,54,40,204,244,47,38,82,98,67,78,54,157,123,60,25,2,8,3,1,0,1,2,0,1,0,1,10,35,4,6,8,22,7,2,15,23,40,13,11,33,288,15,1,1,0,20,13,7,12,24,9,10,9,2,2,2,0,17,8,4,3,5,1,5,26,5,1,1,0,9,0,61,15,11,1,0,0,0,0,1,0,0,0,0,0,0,0,0,0,0,0,4,0,0,0,0,0,0,1,0,0,0,0,0,0,0,1,0,0,0,1,6,1612
dchester,c3ec6aa49eef7ed027e4d31b166a321a052f04cd,0,nan,nan,115,54,40,204,244,47,38,82,98,67,78,54,157,123,60,25,2,8,3,1,0,1,2,0,1,0,1,10,35,4,6,8,22,7,2,15,23,40,13,11,33,288,15,1,1,0,20,13,7,12,24,9,10,9,2,2,2,0,17,8,4,3,5,1,5,26,5,1,1,0,9,0,61,15,11,1,0,0,0,0,1,0,0,0,0,0,0,0,0,0,0,0,4,0,0,0,0,0,0,1,0,0,0,0,0,0,0,1,0,0,0,1,6,1612
jsonpathly,c3ec6aa49eef7ed027e4d31b166a321a052f04cd,0,939791.8333333334,87851008.0,115,54,40,204,244,47,38,82,98,67,78,54,157,123,60,25,2,8,3,1,0,1,2,0,1,0,1,10,35,4,6,8,22,7,2,15,23,40,13,11,33,288,15,1,1,0,20,13,7,12,24,9,10,9,2,2,2,0,17,8,4,3,5,1,5,26,5,1,1,0,9,0,61,15,11,1,0,0,0,0,1,0,0,0,0,0,0,0,0,0,0,0,4,0,0,0,0,0,0,1,0,0,0,0,0,0,0,1,0,0,0,1,6,1612
rfc9535,c3ec6aa49eef7ed027e4d31b166a321a052f04cd,0,187736.16666666666,68998485.33333333,115,54,40,204,244,47,38,82,98,67,78,54,157,123,60,25,2,8,3,1,0,1,2,0,1,0,1,10,35,4,6,8,22,7,2,15,23,40,13,11,33,288,15,1,1,0,20,13,7,12,24,9,10,9,2,2,2,0,17,8,4,3,5,1,5,26,5,1,1,0,9,0,61,15,11,1,0,0,0,0,1,0,0,0,0,0,0,0,0,0,0,0,4,0,0,0,0,0,0,1,0,0,0,0,0,0,0,1,0,0,0,1,6,1612
p3,c3ec6aa49eef7ed027e4d31b166a321a052f04cd,0,nan,nan,115,54,40,204,244,47,38,82,98,67,78,54,157,123,60,25,2,8,3,1,0,1,2,0,1,0,1,10,35,4,6,8,22,7,2,15,23,40,13,11,33,288,15,1,1,0,20,13,7,12,24,9,10,9,2,2,2,0,17,8,4,3,5,1,5,26,5,1,1,0,9,0,61,15,11,1,0,0,0,0,1,0,0,0,0,0,0,0,0,0,0,0,4,0,0,0,0,0,0,1,0,0,0,0,0,0,0,1,0,0,0,1,6,1612
plus,90c38de0528783048e3df13f3c0b53f509e439ec,0,nan,nan,3,0,49,330,379,0,3,0,0,128,128,95,220,207,56,36,8,26,10,1,0,1,2,0,1,0,1,32,20,4,15,28,3,0,3,3,7,26,0,0,0,308,0,0,0,0,0,0,0,26,52,0,52,0,0,0,0,0,19,4,0,0,0,0,0,233,52,0,0,0,0,0,3,128,105,0,0,0,0,0,0,0,0,0,0,0,0,0,0,0,0,0,4,0,0,0,0,0,0,1,0,0,0,0,0,0,0,1,0,0,0,1,6,1843
dchester,90c38de0528783048e3df13f3c0b53f509e439ec,0,nan,nan,3,0,49,330,379,0,3,0,0,128,128,95,220,207,56,36,8,26,10,1,0,1,2,0,1,0,1,32,20,4,15,28,3,0,3,3,7,26,0,0,0,308,0,0,0,0,0,0,0,26,52,0,52,0,0,0,0,0,19,4,0,0,0,0,0,233,52,0,0,0,0,0,3,128,105,0,0,0,0,0,0,0,0,0,0,0,0,0,0,0,0,0,4,0,0,0,0,0,0,1,0,0,0,0,0,0,0,1,0,0,0,1,6,1843
jsonpathly,90c38de0528783048e3df13f3c0b53f509e439ec,0,261338.5,72368128.0,3,0,49,330,379,0,3,0,0,128,128,95,220,207,56,36,8,26,10,1,0,1,2,0,1,0,1,32,20,4,15,28,3,0,3,3,7,26,0,0,0,308,0,0,0,0,0,0,0,26,52,0,52,0,0,0,0,0,19,4,0,0,0,0,0,233,52,0,0,0,0,0,3,128,105,0,0,0,0,0,0,0,0,0,0,0,0,0,0,0,0,0,4,0,0,0,0,0,0,1,0,0,0,0,0,0,0,1,0,0,0,1,6,1843
rfc9535,90c38de0528783048e3df13f3c0b53f509e439ec,0,152371.58333333334,68624384.0,3,0,49,330,379,0,3,0,0,128,128,95,220,207,56,36,8,26,10,1,0,1,2,0,1,0,1,32,20,4,15,28,3,0,3,3,7,26,0,0,0,308,0,0,0,0,0,0,0,26,52,0,52,0,0,0,0,0,19,4,0,0,0,0,0,233,52,0,0,0,0,0,3,128,105,0,0,0,0,0,0,0,0,0,0,0,0,0,0,0,0,0,4,0,0,0,0,0,0,1,0,0,0,0,0,0,0,1,0,0,0,1,6,1843
p3,90c38de0528783048e3df13f3c0b53f509e439ec,0,131312.375,68153344.0,3,0,49,330,379,0,3,0,0,128,128,95,220,207,56,36,8,26,10,1,0,1,2,0,1,0,1,32,20,4,15,28,3,0,3,3,7,26,0,0,0,308,0,0,0,0,0,0,0,26,52,0,52,0,0,0,0,0,19,4,0,0,0,0,0,233,52,0,0,0,0,0,3,128,105,0,0,0,0,0,0,0,0,0,0,0,0,0,0,0,0,0,4,0,0,0,0,0,0,1,0,0,0,0,0,0,0,1,0,0,0,1,6,1843
plus,506a233369b3164663e117469c912d4dcc6def6a,0,nan,nan,1,0,51,367,418,0,1,0,0,124,124,92,219,196,68,33,7,19,5,0,0,0,0,0,0,0,0,39,35,9,19,23,1,0,1,1,2,6,0,0,0,36,0,0,0,0,0,0,0,6,12,0,12,0,0,0,0,0,4,1,0,0,0,0,0,243,12,0,0,0,0,0,1,124,119,0,0,0,0,0,0,0,0,0,0,0,0,0,0,0,0,0,4,0,0,0,0,0,0,1,0,0,0,0,0,0,0,1,0,0,0,1,6,1510
dchester,506a233369b3164663e117469c912d4dcc6def6a,0,nan,nan,1,0,51,367,418,0,1,0,0,124,124,92,219,196,68,33,7,19,5,0,0,0,0,0,0,0,0,39,35,9,19,23,1,0,1,1,2,6,0,0,0,36,0,0,0,0,0,0,0,6,12,0,12,0,0,0,0,0,4,1,0,0,0,0,0,243,12,0,0,0,0,0,1,124,119,0,0,0,0,0,0,0,0,0,0,0,0,0,0,0,0,0,4,0,0,0,0,0,0,1,0,0,0,0,0,0,0,1,0,0,0,1,6,1510
jsonpathly,506a233369b3164663e117469c912d4dcc6def6a,0,265200.375,72259584.0,1,0,51,367,418,0,1,0,0,124,124,92,219,196,68,33,7,19,5,0,0,0,0,0,0,0,0,39,35,9,19,23,1,0,1,1,2,6,0,0,0,36,0,0,0,0,0,0,0,6,12,0,12,0,0,0,0,0,4,1,0,0,0,0,0,243,12,0,0,0,0,0,1,124,119,0,0,0,0,0,0,0,0,0,0,0,0,0,0,0,0,0,4,0,0,0,0,0,0,1,0,0,0,0,0,0,0,1,0,0,0,1,6,1510
rfc9535,506a233369b3164663e117469c912d4dcc6def6a,0,118580.0,68253013.33333333,1,0,51,367,418,0,1,0,0,124,124,92,219,196,68,33,7,19,5,0,0,0,0,0,0,0,0,39,35,9,19,23,1,0,1,1,2,6,0,0,0,36,0,0,0,0,0,0,0,6,12,0,12,0,0,0,0,0,4,1,0,0,0,0,0,243,12,0,0,0,0,0,1,124,119,0,0,0,0,0,0,0,0,0,0,0,0,0,0,0,0,0,4,0,0,0,0,0,0,1,0,0,0,0,0,0,0,1,0,0,0,1,6,1510
p3,506a233369b3164663e117469c912d4dcc6def6a,0,181203.0625,66682880.0,1,0,51,367,418,0,1,0,0,124,124,92,219,196,68,33,7,19,5,0,0,0,0,0,0,0,0,39,35,9,19,23,1,0,1,1,2,6,0,0,0,36,0,0,0,0,0,0,0,6,12,0,12,0,0,0,0,0,4,1,0,0,0,0,0,243,12,0,0,0,0,0,1,124,119,0,0,0,0,0,0,0,0,0,0,0,0,0,0,0,0,0,4,0,0,0,0,0,0,1,0,0,0,0,0,0,0,1,0,0,0,1,6,1510
plus,f1f74b17ace6f02e3dbed179c9997c6ff93530de,0,nan,nan,14,0,1,5,6,0,14,0,0,7,8,4,24,16,1,0,0,0,1,0,0,0,0,0,0,0,0,0,1,1,2,1,14,0,14,16,224,242,2,40,82,601,215,8,4,4,210,105,105,25,50,5,19,38,6,1,1,0,18,208,10,2,1,2,10,9,9,2,3,0,0,0,14,7,2,3,0,0,0,0,8,1,1,0,1,0,0,0,0,0,0,0,4,0,0,0,0,0,0,1,0,0,0,0,0,0,0,1,0,0,0,1,7,1787
dchester,f1f74b17ace6f02e3dbed179c9997c6ff93530de,0,nan,nan,14,0,1,5,6,0,14,0,0,7,8,4,24,16,1,0,0,0,1,0,0,0,0,0,0,0,0,0,1,1,2,1,14,0,14,16,224,242,2,40,82,601,215,8,4,4,210,105,105,25,50,5,19,38,6,1,1,0,18,208,10,2,1,2,10,9,9,2,3,0,0,0,14,7,2,3,0,0,0,0,8,1,1,0,1,0,0,0,0,0,0,0,4,0,0,0,0,0,0,1,0,0,0,0,0,0,0,1,0,0,0,1,7,1787
jsonpathly,f1f74b17ace6f02e3dbed179c9997c6ff93530de,0,11234145.5,105332736.0,14,0,1,5,6,0,14,0,0,7,8,4,24,16,1,0,0,0,1,0,0,0,0,0,0,0,0,0,1,1,2,1,14,0,14,16,224,242,2,40,82,601,215,8,4,4,210,105,105,25,50,5,19,38,6,1,1,0,18,208,10,2,1,2,10,9,9,2,3,0,0,0,14,7,2,3,0,0,0,0,8,1,1,0,1,0,0,0,0,0,0,0,4,0,0,0,0,0,0,1,0,0,0,0,0,0,0,1,0,0,0,1,7,1787
rfc9535,f1f74b17ace6f02e3dbed179c9997c6ff93530de,0,398437.6666666667,79041877.33333333,14,0,1,5,6,0,14,0,0,7,8,4,24,16,1,0,0,0,1,0,0,0,0,0,0,0,0,0,1,1,2,1,14,0,14,16,224,242,2,40,82,601,215,8,4,4,210,105,105,25,50,5,19,38,6,1,1,0,18,208,10,2,1,2,10,9,9,2,3,0,0,0,14,7,2,3,0,0,0,0,8,1,1,0,1,0,0,0,0,0,0,0,4,0,0,0,0,0,0,1,0,0,0,0,0,0,0,1,0,0,0,1,7,1787
p3,f1f74b17ace6f02e3dbed179c9997c6ff93530de,0,160739.75,67235840.0,14,0,1,5,6,0,14,0,0,7,8,4,24,16,1,0,0,0,1,0,0,0,0,0,0,0,0,0,1,1,2,1,14,0,14,16,224,242,2,40,82,601,215,8,4,4,210,105,105,25,50,5,19,38,6,1,1,0,18,208,10,2,1,2,10,9,9,2,3,0,0,0,14,7,2,3,0,0,0,0,8,1,1,0,1,0,0,0,0,0,0,0,4,0,0,0,0,0,0,1,0,0,0,0,0,0,0,1,0,0,0,1,7,1787
plus,56274a167009a98ecd570a550daf156808d7c08b,0,nan,nan,1,0,0,16,16,0,1,0,0,0,0,0,22,11,0,0,0,0,0,0,0,0,0,0,0,0,0,0,0,0,0,0,1,0,1,1,1,2,0,1,9,17,2,2,2,0,0,0,0,0,0,0,1,1,0,0,0,0,1,0,2,0,0,0,1,0,0,0,0,0,16,0,1,0,0,0,0,0,0,0,2,2,38,17,55,825,362,94,71,24,105,32,4,0,0,0,0,0,0,1,0,0,0,0,0,0,0,1,0,0,0,1,6,1922
dchester,56274a167009a98ecd570a550daf156808d7c08b,0,nan,nan,1,0,0,16,16,0,1,0,0,0,0,0,22,11,0,0,0,0,0,0,0,0,0,0,0,0,0,0,0,0,0,0,1,0,1,1,1,2,0,1,9,17,2,2,2,0,0,0,0,0,0,0,1,1,0,0,0,0,1,0,2,0,0,0,1,0,0,0,0,0,16,0,1,0,0,0,0,0,0,0,2,2,38,17,55,825,362,94,71,24,105,32,4,0,0,0,0,0,0,1,0,0,0,0,0,0,0,1,0,0,0,1,6,1922
jsonpathly,56274a167009a98ecd570a550daf156808d7c08b,0,308138.8333333333,65186474.666666664,1,0,0,16,16,0,1,0,0,0,0,0,22,11,0,0,0,0,0,0,0,0,0,0,0,0,0,0,0,0,0,0,1,0,1,1,1,2,0,1,9,17,2,2,2,0,0,0,0,0,0,0,1,1,0,0,0,0,1,0,2,0,0,0,1,0,0,0,0,0,16,0,1,0,0,0,0,0,0,0,2,2,38,17,55,825,362,94,71,24,105,32,4,0,0,0,0,0,0,1,0,0,0,0,0,0,0,1,0,0,0,1,6,1922
rfc9535,56274a167009a98ecd570a550daf156808d7c08b,0,163145.625,63950848.0,1,0,0,16,16,0,1,0,0,0,0,0,22,11,0,0,0,0,0,0,0,0,0,0,0,0,0,0,0,0,0,0,1,0,1,1,1,2,0,1,9,17,2,2,2,0,0,0,0,0,0,0,1,1,0,0,0,0,1,0,2,0,0,0,1,0,0,0,0,0,16,0,1,0,0,0,0,0,0,0,2,2,38,17,55,825,362,94,71,24,105,32,4,0,0,0,0,0,0,1,0,0,0,0,0,0,0,1,0,0,0,1,6,1922
p3,56274a167009a98ecd570a550daf156808d7c08b,0,81329.3,67010560.0,1,0,0,16,16,0,1,0,0,0,0,0,22,11,0,0,0,0,0,0,0,0,0,0,0,0,0,0,0,0,0,0,1,0,1,1,1,2,0,1,9,17,2,2,2,0,0,0,0,0,0,0,1,1,0,0,0,0,1,0,2,0,0,0,1,0,0,0,0,0,16,0,1,0,0,0,0,0,0,0,2,2,38,17,55,825,362,94,71,24,105,32,4,0,0,0,0,0,0,1,0,0,0,0,0,0,0,1,0,0,0,1,6,1922
plus,e6d8d9418a901653378f27e471e3d5c41cf1b8aa,0,nan,nan,3,0,47,280,327,0,3,0,0,93,93,62,193,146,46,28,5,15,12,3,3,6,12,3,0,0,0,17,18,5,17,24,3,0,3,3,9,31,0,0,0,360,0,0,0,0,0,0,0,31,62,0,62,0,0,0,0,0,22,6,0,0,0,0,0,186,62,0,0,0,0,0,3,93,93,0,0,0,0,0,0,0,0,0,0,0,0,0,0,0,0,0,4,0,0,0,0,0,0,1,0,0,0,0,0,0,0,1,0,0,0,1,7,1683
dchester,e6d8d9418a901653378f27e471e3d5c41cf1b8aa,0,nan,nan,3,0,47,280,327,0,3,0,0,93,93,62,193,146,46,28,5,15,12,3,3,6,12,3,0,0,0,17,18,5,17,24,3,0,3,3,9,31,0,0,0,360,0,0,0,0,0,0,0,31,62,0,62,0,0,0,0,0,22,6,0,0,0,0,0,186,62,0,0,0,0,0,3,93,93,0,0,0,0,0,0,0,0,0,0,0,0,0,0,0,0,0,4,0,0,0,0,0,0,1,0,0,0,0,0,0,0,1,0,0,0,1,7,1683
jsonpathly,e6d8d9418a901653378f27e471e3d5c41cf1b8aa,0,237375.0,71819264.0,3,0,47,280,327,0,3,0,0,93,93,62,193,146,46,28,5,15,12,3,3,6,12,3,0,0,0,17,18,5,17,24,3,0,3,3,9,31,0,0,0,360,0,0,0,0,0,0,0,31,62,0,62,0,0,0,0,0,22,6,0,0,0,0,0,186,62,0,0,0,0,0,3,93,93,0,0,0,0,0,0,0,0,0,0,0,0,0,0,0,0,0,4,0,0,0,0,0,0,1,0,0,0,0,0,0,0,1,0,0,0,1,7,1683
rfc9535,e6d8d9418a901653378f27e471e3d5c41cf1b8aa,0,147559.08333333334,71349589.33333333,3,0,47,280,327,0,3,0,0,93,93,62,193,146,46,28,5,15,12,3,3,6,12,3,0,0,0,17,18,5,17,24,3,0,3,3,9,31,0,0,0,360,0,0,0,0,0,0,0,31,62,0,62,0,0,0,0,0,22,6,0,0,0,0,0,186,62,0,0,0,0,0,3,93,93,0,0,0,0,0,0,0,0,0,0,0,0,0,0,0,0,0,4,0,0,0,0,0,0,1,0,0,0,0,0,0,0,1,0,0,0,1,7,1683
p3,e6d8d9418a901653378f27e471e3d5c41cf1b8aa,0,121541.66666666667,67545770.66666667,3,0,47,280,327,0,3,0,0,93,93,62,193,146,46,28,5,15,12,3,3,6,12,3,0,0,0,17,18,5,17,24,3,0,3,3,9,31,0,0,0,360,0,0,0,0,0,0,0,31,62,0,62,0,0,0,0,0,22,6,0,0,0,0,0,186,62,0,0,0,0,0,3,93,93,0,0,0,0,0,0,0,0,0,0,0,0,0,0,0,0,0,4,0,0,0,0,0,0,1,0,0,0,0,0,0,0,1,0,0,0,1,7,1683
plus,71986c469770ae02d97b8e8d1a1c53ef233ff5c2,0,nan,nan,5,0,0,0,0,0,5,0,0,0,0,0,13,4,0,0,0,0,262,28,9,23,88,9,19,14,5,0,0,0,0,0,5,0,5,5,9,23,0,0,0,225,0,0,0,0,0,0,0,23,46,0,0,46,0,46,0,46,14,4,0,0,0,0,0,0,0,0,0,0,1044,46,5,0,0,0,0,0,801,1561,0,0,0,0,0,0,0,0,0,0,0,0,4,0,0,0,0,0,0,1,0,0,0,0,0,0,0,1,0,0,0,1,7,2959
dchester,71986c469770ae02d97b8e8d1a1c53ef233ff5c2,0,nan,nan,5,0,0,0,0,0,5,0,0,0,0,0,13,4,0,0,0,0,262,28,9,23,88,9,19,14,5,0,0,0,0,0,5,0,5,5,9,23,0,0,0,225,0,0,0,0,0,0,0,23,46,0,0,46,0,46,0,46,14,4,0,0,0,0,0,0,0,0,0,0,1044,46,5,0,0,0,0,0,801,1561,0,0,0,0,0,0,0,0,0,0,0,0,4,0,0,0,0,0,0,1,0,0,0,0,0,0,0,1,0,0,0,1,7,2959
jsonpathly,71986c469770ae02d97b8e8d1a1c53ef233ff5c2,0,187635.41666666666,65492309.333333336,5,0,0,0,0,0,5,0,0,0,0,0,13,4,0,0,0,0,262,28,9,23,88,9,19,14,5,0,0,0,0,0,5,0,5,5,9,23,0,0,0,225,0,0,0,0,0,0,0,23,46,0,0,46,0,46,0,46,14,4,0,0,0,0,0,0,0,0,0,0,1044,46,5,0,0,0,0,0,801,1561,0,0,0,0,0,0,0,0,0,0,0,0,4,0,0,0,0,0,0,1,0,0,0,0,0,0,0,1,0,0,0,1,7,2959
rfc9535,71986c469770ae02d97b8e8d1a1c53ef233ff5c2,0,248937.5,69197824.0,5,0,0,0,0,0,5,0,0,0,0,0,13,4,0,0,0,0,262,28,9,23,88,9,19,14,5,0,0,0,0,0,5,0,5,5,9,23,0,0,0,225,0,0,0,0,0,0,0,23,46,0,0,46,0,46,0,46,14,4,0,0,0,0,0,0,0,0,0,0,1044,46,5,0,0,0,0,0,801,1561,0,0,0,0,0,0,0,0,0,0,0,0,4,0,0,0,0,0,0,1,0,0,0,0,0,0,0,1,0,0,0,1,7,2959
p3,71986c469770ae02d97b8e8d1a1c53ef233ff5c2,0,225479.4,65427865.6,5,0,0,0,0,0,5,0,0,0,0,0,13,4,0,0,0,0,262,28,9,23,88,9,19,14,5,0,0,0,0,0,5,0,5,5,9,23,0,0,0,225,0,0,0,0,0,0,0,23,46,0,0,46,0,46,0,46,14,4,0,0,0,0,0,0,0,0,0,0,1044,46,5,0,0,0,0,0,801,1561,0,0,0,0,0,0,0,0,0,0,0,0,4,0,0,0,0,0,0,1,0,0,0,0,0,0,0,1,0,0,0,1,7,2959
plus,306a419c51fbfc9e9e4df888cff2e348e8f7b897,0,nan,nan,60,30,28,237,265,21,27,54,64,59,60,45,150,125,49,32,6,28,11,3,1,3,9,1,2,1,1,38,17,2,6,11,17,1,5,13,22,43,8,5,45,351,19,2,1,1,27,12,15,16,32,16,13,12,1,1,1,0,21,9,8,6,6,4,3,49,10,1,1,1,6,0,30,25,24,1,4,5,0,0,2,0,0,0,0,0,0,0,0,0,0,0,4,0,0,0,0,0,0,1,0,0,0,0,0,0,0,1,0,0,0,1,6,1667
dchester,306a419c51fbfc9e9e4df888cff2e348e8f7b897,0,nan,nan,60,30,28,237,265,21,27,54,64,59,60,45,150,125,49,32,6,28,11,3,1,3,9,1,2,1,1,38,17,2,6,11,17,1,5,13,22,43,8,5,45,351,19,2,1,1,27,12,15,16,32,16,13,12,1,1,1,0,21,9,8,6,6,4,3,49,10,1,1,1,6,0,30,25,24,1,4,5,0,0,2,0,0,0,0,0,0,0,0,0,0,0,4,0,0,0,0,0,0,1,0,0,0,0,0,0,0,1,0,0,0,1,6,1667
jsonpathly,306a419c51fbfc9e9e4df888cff2e348e8f7b897,0,2049864.625,91488256.0,60,30,28,237,265,21,27,54,64,59,60,45,150,125,49,32,6,28,11,3,1,3,9,1,2,1,1,38,17,2,6,11,17,1,5,13,22,43,8,5,45,351,19,2,1,1,27,12,15,16,32,16,13,12,1,1,1,0,21,9,8,6,6,4,3,49,10,1,1,1,6,0,30,25,24,1,4,5,0,0,2,0,0,0,0,0,0,0,0,0,0,0,4,0,0,0,0,0,0,1,0,0,0,0,0,0,0,1,0,0,0,1,6,1667
rfc9535,306a419c51fbfc9e9e4df888cff2e348e8f7b897,0,203145.83333333334,73771690.66666667,60,30,28,237,265,21,27,54,64,59,60,45,150,125,49,32,6,28,11,3,1,3,9,1,2,1,1,38,17,2,6,11,17,1,5,13,22,43,8,5,45,351,19,2,1,1,27,12,15,16,32,16,13,12,1,1,1,0,21,9,8,6,6,4,3,49,10,1,1,1,6,0,30,25,24,1,4,5,0,0,2,0,0,0,0,0,0,0,0,0,0,0,4,0,0,0,0,0,0,1,0,0,0,0,0,0,0,1,0,0,0,1,6,1667
p3,306a419c51fbfc9e9e4df888cff2e348e8f7b897,0,137933.3,68121395.2,60,30,28,237,265,21,27,54,64,59,60,45,150,125,49,32,6,28,11,3,1,3,9,1,2,1,1,38,17,2,6,11,17,1,5,13,22,43,8,5,45,351,19,2,1,1,27,12,15,16,32,16,13,12,1,1,1,0,21,9,8,6,6,4,3,49,10,1,1,1,6,0,30,25,24,1,4,5,0,0,2,0,0,0,0,0,0,0,0,0,0,0,4,0,0,0,0,0,0,1,0,0,0,0,0,0,0,1,0,0,0,1,6,1667
plus,570e2d939131b188b29ba469a158805cc05f7888,0,18505.125,56827904.0,1,1,0,38,38,0,1,8,9,6,6,5,20,14,3,2,0,0,3,0,0,0,0,0,0,0,0,0,1,1,6,7,0,0,0,0,0,0,0,0,0,126,0,0,0,0,0,0,0,0,0,0,0,0,0,0,0,0,0,0,0,0,0,0,0,0,0,0,0,0,0,0,0,0,0,0,0,0,0,0,0,0,0,0,0,0,0,0,0,0,0,0,36,1,6,2,5,5,7,11,1,0,1,0,0,0,0,1,1,4,5,2,110,65
dchester,570e2d939131b188b29ba469a158805cc05f7888,0,76872.3125,64888832.0,1,1,0,38,38,0,1,8,9,6,6,5,20,14,3,2,0,0,3,0,0,0,0,0,0,0,0,0,1,1,6,7,0,0,0,0,0,0,0,0,0,126,0,0,0,0,0,0,0,0,0,0,0,0,0,0,0,0,0,0,0,0,0,0,0,0,0,0,0,0,0,0,0,0,0,0,0,0,0,0,0,0,0,0,0,0,0,0,0,0,0,0,36,1,6,2,5,5,7,11,1,0,1,0,0,0,0,1,1,4,5,2,110,65
jsonpathly,570e2d939131b188b29ba469a158805cc05f7888,0,31588.6875,57825280.0,1,1,0,38,38,0,1,8,9,6,6,5,20,14,3,2,0,0,3,0,0,0,0,0,0,0,0,0,1,1,6,7,0,0,0,0,0,0,0,0,0,126,0,0,0,0,0,0,0,0,0,0,0,0,0,0,0,0,0,0,0,0,0,0,0,0,0,0,0,0,0,0,0,0,0,0,0,0,0,0,0,0,0,0,0,0,0,0,0,0,0,0,36,1,6,2,5,5,7,11,1,0,1,0,0,0,0,1,1,4,5,2,110,65
rfc9535,570e2d939131b188b29ba469a158805cc05f7888,0,25799.3125,58576896.0,1,1,0,38,38,0,1,8,9,6,6,5,20,14,3,2,0,0,3,0,0,0,0,0,0,0,0,0,1,1,6,7,0,0,0,0,0,0,0,0,0,126,0,0,0,0,0,0,0,0,0,0,0,0,0,0,0,0,0,0,0,0,0,0,0,0,0,0,0,0,0,0,0,0,0,0,0,0,0,0,0,0,0,0,0,0,0,0,0,0,0,0,36,1,6,2,5,5,7,11,1,0,1,0,0,0,0,1,1,4,5,2,110,65
p3,570e2d939131b188b29ba469a158805cc05f7888,0,34919.642857142855,58799835.428571425,1,1,0,38,38,0,1,8,9,6,6,5,20,14,3,2,0,0,3,0,0,0,0,0,0,0,0,0,1,1,6,7,0,0,0,0,0,0,0,0,0,126,0,0,0,0,0,0,0,0,0,0,0,0,0,0,0,0,0,0,0,0,0,0,0,0,0,0,0,0,0,0,0,0,0,0,0,0,0,0,0,0,0,0,0,0,0,0,0,0,0,0,36,1,6,2,5,5,7,11,1,0,1,0,0,0,0,1,1,4,5,2,110,65
plus,4efe8cd54557ce305acc84bf27ad696cb8956653,0,nan,nan,3,0,4,77,81,0,3,0,0,13,13,7,27,18,7,6,2,6,2,0,0,0,0,0,0,0,0,9,1,0,0,0,3,0,3,3,7,12,0,6,58,222,12,12,12,0,1,1,0,0,0,2,5,6,1,1,0,1,5,4,13,1,1,0,3,24,2,1,0,0,19,0,3,13,11,0,0,0,0,0,12,12,58,132,190,426,201,52,56,31,174,56,4,0,0,0,0,0,0,1,0,0,0,0,0,0,0,1,0,0,0,1,6,2031
dchester,4efe8cd54557ce305acc84bf27ad696cb8956653,0,nan,nan,3,0,4,77,81,0,3,0,0,13,13,7,27,18,7,6,2,6,2,0,0,0,0,0,0,0,0,9,1,0,0,0,3,0,3,3,7,12,0,6,58,222,12,12,12,0,1,1,0,0,0,2,5,6,1,1,0,1,5,4,13,1,1,0,3,24,2,1,0,0,19,0,3,13,11,0,0,0,0,0,12,12,58,132,190,426,201,52,56,31,174,56,4,0,0,0,0,0,0,1,0,0,0,0,0,0,0,1,0,0,0,1,6,2031
jsonpathly,4efe8cd54557ce305acc84bf27ad696cb8956653,0,377220.9,68517888.0,3,0,4,77,81,0,3,0,0,13,13,7,27,18,7,6,2,6,2,0,0,0,0,0,0,0,0,9,1,0,0,0,3,0,3,3,7,12,0,6,58,222,12,12,12,0,1,1,0,0,0,2,5,6,1,1,0,1,5,4,13,1,1,0,3,24,2,1,0,0,19,0,3,13,11,0,0,0,0,0,12,12,58,132,190,426,201,52,56,31,174,56,4,0,0,0,0,0,0,1,0,0,0,0,0,0,0,1,0,0,0,1,6,2031
rfc9535,4efe8cd54557ce305acc84bf27ad696cb8956653,0,230119.875,68941824.0,3,0,4,77,81,0,3,0,0,13,13,7,27,18,7,6,2,6,2,0,0,0,0,0,0,0,0,9,1,0,0,0,3,0,3,3,7,12,0,6,58,222,12,12,12,0,1,1,0,0,0,2,5,6,1,1,0,1,5,4,13,1,1,0,3,24,2,1,0,0,19,0,3,13,11,0,0,0,0,0,12,12,58,132,190,426,201,52,56,31,174,56,4,0,0,0,0,0,0,1,0,0,0,0,0,0,0,1,0,0,0,1,6,2031
p3,4efe8cd54557ce305acc84bf27ad696cb8956653,0,185680.5,65819989.333333336,3,0,4,77,81,0,3,0,0,13,13,7,27,18,7,6,2,6,2,0,0,0,0,0,0,0,0,9,1,0,0,0,3,0,3,3,7,12,0,6,58,222,12,12,12,0,1,1,0,0,0,2,5,6,1,1,0,1,5,4,13,1,1,0,3,24,2,1,0,0,19,0,3,13,11,0,0,0,0,0,12,12,58,132,190,426,201,52,56,31,174,56,4,0,0,0,0,0,0,1,0,0,0,0,0,0,0,1,0,0,0,1,6,2031
plus,5d373f1ce87cae55765ee70444fe0661f1f33544,0,nan,nan,3,0,1,31,32,0,3,0,0,1,2,1,16,9,2,2,1,5,1,1,0,1,2,0,1,0,1,6,0,0,0,0,3,0,3,3,6,9,0,5,51,124,9,9,9,0,4,1,3,0,0,5,1,4,1,1,0,1,3,3,10,1,1,3,1,4,0,0,0,0,29,0,3,1,3,0,0,0,0,0,9,9,70,160,230,580,291,71,58,30,162,53,4,0,0,0,0,0,0,1,0,0,0,0,0,0,0,1,0,0,0,1,6,2118
dchester,5d373f1ce87cae55765ee70444fe0661f1f33544,0,nan,nan,3,0,1,31,32,0,3,0,0,1,2,1,16,9,2,2,1,5,1,1,0,1,2,0,1,0,1,6,0,0,0,0,3,0,3,3,6,9,0,5,51,124,9,9,9,0,4,1,3,0,0,5,1,4,1,1,0,1,3,3,10,1,1,3,1,4,0,0,0,0,29,0,3,1,3,0,0,0,0,0,9,9,70,160,230,580,291,71,58,30,162,53,4,0,0,0,0,0,0,1,0,0,0,0,0,0,0,1,0,0,0,1,6,2118
jsonpathly,5d373f1ce87cae55765ee70444fe0661f1f33544,0,192878.58333333334,64648533.333333336,3,0,1,31,32,0,3,0,0,1,2,1,16,9,2,2,1,5,1,1,0,1,2,0,1,0,1,6,0,0,0,0,3,0,3,3,6,9,0,5,51,124,9,9,9,0,4,1,3,0,0,5,1,4,1,1,0,1,3,3,10,1,1,3,1,4,0,0,0,0,29,0,3,1,3,0,0,0,0,0,9,9,70,160,230,580,291,71,58,30,162,53,4,0,0,0,0,0,0,1,0,0,0,0,0,0,0,1,0,0,0,1,6,2118
rfc9535,5d373f1ce87cae55765ee70444fe0661f1f33544,0,155187.5,64831488.0,3,0,1,31,32,0,3,0,0,1,2,1,16,9,2,2,1,5,1,1,0,1,2,0,1,0,1,6,0,0,0,0,3,0,3,3,6,9,0,5,51,124,9,9,9,0,4,1,3,0,0,5,1,4,1,1,0,1,3,3,10,1,1,3,1,4,0,0,0,0,29,0,3,1,3,0,0,0,0,0,9,9,70,160,230,580,291,71,58,30,162,53,4,0,0,0,0,0,0,1,0,0,0,0,0,0,0,1,0,0,0,1,6,2118
p3,5d373f1ce87cae55765ee70444fe0661f1f33544,0,158937.7,65352499.2,3,0,1,31,32,0,3,0,0,1,2,1,16,9,2,2,1,5,1,1,0,1,2,0,1,0,1,6,0,0,0,0,3,0,3,3,6,9,0,5,51,124,9,9,9,0,4,1,3,0,0,5,1,4,1,1,0,1,3,3,10,1,1,3,1,4,0,0,0,0,29,0,3,1,3,0,0,0,0,0,9,9,70,160,230,580,291,71,58,30,162,53,4,0,0,0,0,0,0,1,0,0,0,0,0,0,0,1,0,0,0,1,6,2118
plus,5e53bcd7ff11edb0abbf1336a77627448577639e,0,nan,nan,4,0,0,168,168,0,4,0,0,0,0,0,5,1,0,0,0,0,0,0,0,0,0,0,0,0,0,0,0,0,0,0,4,0,4,4,7,7,0,1,35,95,7,7,7,0,3,1,2,0,0,3,1,3,0,0,0,0,0,3,7,0,2,1,0,0,1,0,0,0,172,0,4,0,0,0,0,0,0,0,7,7,7,9,16,71,37,11,71,71,1032,340,4,0,0,0,0,0,0,1,0,0,0,0,0,0,0,1,0,0,0,1,6,2908
dchester,5e53bcd7ff11edb0abbf1336a77627448577639e,0,nan,nan,4,0,0,168,168,0,4,0,0,0,0,0,5,1,0,0,0,0,0,0,0,0,0,0,0,0,0,0,0,0,0,0,4,0,4,4,7,7,0,1,35,95,7,7,7,0,3,1,2,0,0,3,1,3,0,0,0,0,0,3,7,0,2,1,0,0,1,0,0,0,172,0,4,0,0,0,0,0,0,0,7,7,7,9,16,71,37,11,71,71,1032,340,4,0,0,0,0,0,0,1,0,0,0,0,0,0,0,1,0,0,0,1,6,2908
jsonpathly,5e53bcd7ff11edb0abbf1336a77627448577639e,0,1481729.0,68796416.0,4,0,0,168,168,0,4,0,0,0,0,0,5,1,0,0,0,0,0,0,0,0,0,0,0,0,0,0,0,0,0,0,4,0,4,4,7,7,0,1,35,95,7,7,7,0,3,1,2,0,0,3,1,3,0,0,0,0,0,3,7,0,2,1,0,0,1,0,0,0,172,0,4,0,0,0,0,0,0,0,7,7,7,9,16,71,37,11,71,71,1032,340,4,0,0,0,0,0,0,1,0,0,0,0,0,0,0,1,0,0,0,1,6,2908
rfc9535,5e53bcd7ff11edb0abbf1336a77627448577639e,0,483921.875,69267456.0,4,0,0,168,168,0,4,0,0,0,0,0,5,1,0,0,0,0,0,0,0,0,0,0,0,0,0,0,0,0,0,0,4,0,4,4,7,7,0,1,35,95,7,7,7,0,3,1,2,0,0,3,1,3,0,0,0,0,0,3,7,0,2,1,0,0,1,0,0,0,172,0,4,0,0,0,0,0,0,0,7,7,7,9,16,71,37,11,71,71,1032,340,4,0,0,0,0,0,0,1,0,0,0,0,0,0,0,1,0,0,0,1,6,2908
p3,5e53bcd7ff11edb0abbf1336a77627448577639e,0,152054.6875,63963136.0,4,0,0,168,168,0,4,0,0,0,0,0,5,1,0,0,0,0,0,0,0,0,0,0,0,0,0,0,0,0,0,0,4,0,4,4,7,7,0,1,35,95,7,7,7,0,3,1,2,0,0,3,1,3,0,0,0,0,0,3,7,0,2,1,0,0,1,0,0,0,172,0,4,0,0,0,0,0,0,0,7,7,7,9,16,71,37,11,71,71,1032,340,4,0,0,0,0,0,0,1,0,0,0,0,0,0,0,1,0,0,0,1,6,2908
plus,661ec7fac71956b615fda3217f9701939aa7060b,0,nan,nan,1,0,0,25,25,0,1,0,0,0,0,0,19,9,0,0,0,0,0,0,0,0,0,0,0,0,0,0,0,0,0,0,1,0,1,1,1,3,0,2,16,91,3,3,3,0,1,0,1,0,0,1,0,2,0,0,0,0,2,0,3,0,1,0,0,0,0,0,0,0,17,0,1,0,0,0,0,0,0,0,3,3,78,89,167,779,307,74,61,25,124,42,4,0,0,0,0,0,0,1,0,0,0,0,0,0,0,1,0,0,0,1,6,1994
dchester,661ec7fac71956b615fda3217f9701939aa7060b,0,nan,nan,1,0,0,25,25,0,1,0,0,0,0,0,19,9,0,0,0,0,0,0,0,0,0,0,0,0,0,0,0,0,0,0,1,0,1,1,1,3,0,2,16,91,3,3,3,0,1,0,1,0,0,1,0,2,0,0,0,0,2,0,3,0,1,0,0,0,0,0,0,0,17,0,1,0,0,0,0,0,0,0,3,3,78,89,167,779,307,74,61,25,124,42,4,0,0,0,0,0,0,1,0,0,0,0,0,0,0,1,0,0,0,1,6,1994
jsonpathly,661ec7fac71956b615fda3217f9701939aa7060b,0,124520.83333333333,62884522.666666664,1,0,0,25,25,0,1,0,0,0,0,0,19,9,0,0,0,0,0,0,0,0,0,0,0,0,0,0,0,0,0,0,1,0,1,1,1,3,0,2,16,91,3,3,3,0,1,0,1,0,0,1,0,2,0,0,0,0,2,0,3,0,1,0,0,0,0,0,0,0,17,0,1,0,0,0,0,0,0,0,3,3,78,89,167,779,307,74,61,25,124,42,4,0,0,0,0,0,0,1,0,0,0,0,0,0,0,1,0,0,0,1,6,1994
rfc9535,661ec7fac71956b615fda3217f9701939aa7060b,0,113597.16666666667,63859370.666666664,1,0,0,25,25,0,1,0,0,0,0,0,19,9,0,0,0,0,0,0,0,0,0,0,0,0,0,0,0,0,0,0,1,0,1,1,1,3,0,2,16,91,3,3,3,0,1,0,1,0,0,1,0,2,0,0,0,0,2,0,3,0,1,0,0,0,0,0,0,0,17,0,1,0,0,0,0,0,0,0,3,3,78,89,167,779,307,74,61,25,124,42,4,0,0,0,0,0,0,1,0,0,0,0,0,0,0,1,0,0,0,1,6,1994
p3,661ec7fac71956b615fda3217f9701939aa7060b,0,122406.375,68464640.0,1,0,0,25,25,0,1,0,0,0,0,0,19,9,0,0,0,0,0,0,0,0,0,0,0,0,0,0,0,0,0,0,1,0,1,1,1,3,0,2,16,91,3,3,3,0,1,0,1,0,0,1,0,2,0,0,0,0,2,0,3,0,1,0,0,0,0,0,0,0,17,0,1,0,0,0,0,0,0,0,3,3,78,89,167,779,307,74,61,25,124,42,4,0,0,0,0,0,0,1,0,0,0,0,0,0,0,1,0,0,0,1,6,1994
plus,c2bf1e633da4dd70f701764b7f4318b7992f6d94,0,nan,nan,7,0,1,185,186,0,7,0,0,1,1,0,1,1,1,1,0,0,0,0,0,0,0,0,0,0,0,0,0,0,0,0,7,0,7,7,10,14,0,7,79,169,14,14,14,0,6,3,3,0,0,8,4,4,0,0,0,0,4,3,16,2,3,3,4,3,0,0,0,0,140,0,7,1,2,0,0,0,0,0,14,14,14,5,19,64,24,4,64,64,969,313,4,0,0,0,0,0,0,1,0,0,0,0,0,0,0,1,0,0,0,1,6,2955
dchester,c2bf1e633da4dd70f701764b7f4318b7992f6d94,0,nan,nan,7,0,1,185,186,0,7,0,0,1,1,0,1,1,1,1,0,0,0,0,0,0,0,0,0,0,0,0,0,0,0,0,7,0,7,7,10,14,0,7,79,169,14,14,14,0,6,3,3,0,0,8,4,4,0,0,0,0,4,3,16,2,3,3,4,3,0,0,0,0,140,0,7,1,2,0,0,0,0,0,14,14,14,5,19,64,24,4,64,64,969,313,4,0,0,0,0,0,0,1,0,0,0,0,0,0,0,1,0,0,0,1,6,2955
jsonpathly,c2bf1e633da4dd70f701764b7f4318b7992f6d94,0,518139.71428571426,69175588.57142857,7,0,1,185,186,0,7,0,0,1,1,0,1,1,1,1,0,0,0,0,0,0,0,0,0,0,0,0,0,0,0,0,7,0,7,7,10,14,0,7,79,169,14,14,14,0,6,3,3,0,0,8,4,4,0,0,0,0,4,3,16,2,3,3,4,3,0,0,0,0,140,0,7,1,2,0,0,0,0,0,14,14,14,5,19,64,24,4,64,64,969,313,4,0,0,0,0,0,0,1,0,0,0,0,0,0,0,1,0,0,0,1,6,2955
rfc9535,c2bf1e633da4dd70f701764b7f4318b7992f6d94,0,298708.25,68096000.0,7,0,1,185,186,0,7,0,0,1,1,0,1,1,1,1,0,0,0,0,0,0,0,0,0,0,0,0,0,0,0,0,7,0,7,7,10,14,0,7,79,169,14,14,14,0,6,3,3,0,0,8,4,4,0,0,0,0,4,3,16,2,3,3,4,3,0,0,0,0,140,0,7,1,2,0,0,0,0,0,14,14,14,5,19,64,24,4,64,64,969,313,4,0,0,0,0,0,0,1,0,0,0,0,0,0,0,1,0,0,0,1,6,2955
p3,c2bf1e633da4dd70f701764b7f4318b7992f6d94,0,175586.75,64162474.666666664,7,0,1,185,186,0,7,0,0,1,1,0,1,1,1,1,0,0,0,0,0,0,0,0,0,0,0,0,0,0,0,0,7,0,7,7,10,14,0,7,79,169,14,14,14,0,6,3,3,0,0,8,4,4,0,0,0,0,4,3,16,2,3,3,4,3,0,0,0,0,140,0,7,1,2,0,0,0,0,0,14,14,14,5,19,64,24,4,64,64,969,313,4,0,0,0,0,0,0,1,0,0,0,0,0,0,0,1,0,0,0,1,6,2955
plus,53daa0aeeab0458ba5d6dcb1b40217d0c31f71ba,0,18514.166666666668,56120661.333333336,64,32,9,83,92,51,8,15,17,20,22,14,69,45,12,9,1,5,2,0,0,0,0,0,0,0,0,8,3,2,5,4,6,1,3,5,8,15,2,3,43,170,8,4,1,3,12,7,5,5,10,12,7,1,1,0,0,0,7,3,8,4,3,5,2,17,5,0,0,0,10,0,32,8,9,0,0,0,0,0,4,1,43,88,131,362,190,56,37,15,80,23,4,0,0,0,0,0,0,1,0,0,0,0,0,0,0,1,0,0,0,1,6,1850
dchester,53daa0aeeab0458ba5d6dcb1b40217d0c31f71ba,0,nan,nan,64,32,9,83,92,51,8,15,17,20,22,14,69,45,12,9,1,5,2,0,0,0,0,0,0,0,0,8,3,2,5,4,6,1,3,5,8,15,2,3,43,170,8,4,1,3,12,7,5,5,10,12,7,1,1,0,0,0,7,3,8,4,3,5,2,17,5,0,0,0,10,0,32,8,9,0,0,0,0,0,4,1,43,88,131,362,190,56,37,15,80,23,4,0,0,0,0,0,0,1,0,0,0,0,0,0,0,1,0,0,0,1,6,1850
jsonpathly,53daa0aeeab0458ba5d6dcb1b40217d0c31f71ba,0,981812.3333333334,70178133.33333333,64,32,9,83,92,51,8,15,17,20,22,14,69,45,12,9,1,5,2,0,0,0,0,0,0,0,0,8,3,2,5,4,6,1,3,5,8,15,2,3,43,170,8,4,1,3,12,7,5,5,10,12,7,1,1,0,0,0,7,3,8,4,3,5,2,17,5,0,0,0,10,0,32,8,9,0,0,0,0,0,4,1,43,88,131,362,190,56,37,15,80,23,4,0,0,0,0,0,0,1,0,0,0,0,0,0,0,1,0,0,0,1,6,1850
rfc9535,53daa0aeeab0458ba5d6dcb1b40217d0c31f71ba,0,213135.4375,70643712.0,64,32,9,83,92,51,8,15,17,20,22,14,69,45,12,9,1,5,2,0,0,0,0,0,0,0,0,8,3,2,5,4,6,1,3,5,8,15,2,3,43,170,8,4,1,3,12,7,5,5,10,12,7,1,1,0,0,0,7,3,8,4,3,5,2,17,5,0,0,0,10,0,32,8,9,0,0,0,0,0,4,1,43,88,131,362,190,56,37,15,80,23,4,0,0,0,0,0,0,1,0,0,0,0,0,0,0,1,0,0,0,1,6,1850
p3,53daa0aeeab0458ba5d6dcb1b40217d0c31f71ba,0,144476.5,64831488.0,64,32,9,83,92,51,8,15,17,20,22,14,69,45,12,9,1,5,2,0,0,0,0,0,0,0,0,8,3,2,5,4,6,1,3,5,8,15,2,3,43,170,8,4,1,3,12,7,5,5,10,12,7,1,1,0,0,0,7,3,8,4,3,5,2,17,5,0,0,0,10,0,32,8,9,0,0,0,0,0,4,1,43,88,131,362,190,56,37,15,80,23,4,0,0,0,0,0,0,1,0,0,0,0,0,0,0,1,0,0,0,1,6,1850
plus,2b8a4d7f4f73118f05324597c6c25162f7fff1d2,0,2708.8333333333335,54170965.333333336,0,0,0,25,25,0,0,0,0,0,0,0,0,0,0,0,0,0,0,0,0,0,0,0,0,0,0,0,0,0,0,0,0,0,0,0,0,0,0,0,0,56,0,0,0,0,0,0,0,0,0,0,0,0,0,0,0,0,0,0,0,0,0,0,0,0,0,0,0,0,2,0,0,0,0,0,0,0,0,0,0,0,0,0,0,0,0,0,0,0,0,0,14,2,3,0,0,0,0,3,0,0,1,0,0,0,0,0,1,0,1,2,47,1
dchester,2b8a4d7f4f73118f05324597c6c25162f7fff1d2,0,4691.7,59890073.6,0,0,0,25,25,0,0,0,0,0,0,0,0,0,0,0,0,0,0,0,0,0,0,0,0,0,0,0,0,0,0,0,0,0,0,0,0,0,0,0,0,56,0,0,0,0,0,0,0,0,0,0,0,0,0,0,0,0,0,0,0,0,0,0,0,0,0,0,0,0,2,0,0,0,0,0,0,0,0,0,0,0,0,0,0,0,0,0,0,0,0,0,14,2,3,0,0,0,0,3,0,0,1,0,0,0,0,0,1,0,1,2,47,1
jsonpathly,2b8a4d7f4f73118f05324597c6c25162f7fff1d2,0,8681.57142857143,56578633.14285714,0,0,0,25,25,0,0,0,0,0,0,0,0,0,0,0,0,0,0,0,0,0,0,0,0,0,0,0,0,0,0,0,0,0,0,0,0,0,0,0,0,56,0,0,0,0,0,0,0,0,0,0,0,0,0,0,0,0,0,0,0,0,0,0,0,0,0,0,0,0,2,0,0,0,0,0,0,0,0,0,0,0,0,0,0,0,0,0,0,0,0,0,14,2,3,0,0,0,0,3,0,0,1,0,0,0,0,0,1,0,1,2,47,1
rfc9535,2b8a4d7f4f73118f05324597c6c25162f7fff1d2,0,5744.5,57761792.0,0,0,0,25,25,0,0,0,0,0,0,0,0,0,0,0,0,0,0,0,0,0,0,0,0,0,0,0,0,0,0,0,0,0,0,0,0,0,0,0,0,56,0,0,0,0,0,0,0,0,0,0,0,0,0,0,0,0,0,0,0,0,0,0,0,0,0,0,0,0,2,0,0,0,0,0,0,0,0,0,0,0,0,0,0,0,0,0,0,0,0,0,14,2,3,0,0,0,0,3,0,0,1,0,0,0,0,0,1,0,1,2,47,1
p3,2b8a4d7f4f73118f05324597c6c25162f7fff1d2,0,1828.25,54568960.0,0,0,0,25,25,0,0,0,0,0,0,0,0,0,0,0,0,0,0,0,0,0,0,0,0,0,0,0,0,0,0,0,0,0,0,0,0,0,0,0,0,56,0,0,0,0,0,0,0,0,0,0,0,0,0,0,0,0,0,0,0,0,0,0,0,0,0,0,0,0,2,0,0,0,0,0,0,0,0,0,0,0,0,0,0,0,0,0,0,0,0,0,14,2,3,0,0,0,0,3,0,0,1,0,0,0,0,0,1,0,1,2,47,1
plus,be53e4cc7864fcce352f448c5c5acf2be009fd6e,0,2770.75,54317056.0,0,0,0,28,28,0,0,0,0,0,0,0,25,16,0,0,0,0,0,0,0,0,0,0,0,0,0,0,0,0,0,0,0,0,0,0,0,0,0,0,0,164,0,0,0,0,0,0,0,0,0,0,0,0,0,0,0,0,0,0,0,0,0,0,0,0,0,2,0,0,1,0,0,0,0,4,0,0,0,0,0,0,0,0,0,0,0,0,0,0,0,0,62,1,9,1,3,3,2,19,5,4,1,0,0,0,2,1,3,9,8,3,157,1
dchester,be53e4cc7864fcce352f448c5c5acf2be009fd6e,0,4812.666666666667,60342272.0,0,0,0,28,28,0,0,0,0,0,0,0,25,16,0,0,0,0,0,0,0,0,0,0,0,0,0,0,0,0,0,0,0,0,0,0,0,0,0,0,0,164,0,0,0,0,0,0,0,0,0,0,0,0,0,0,0,0,0,0,0,0,0,0,0,0,0,2,0,0,1,0,0,0,0,4,0,0,0,0,0,0,0,0,0,0,0,0,0,0,0,0,62,1,9,1,3,3,2,19,5,4,1,0,0,0,2,1,3,9,8,3,157,1
jsonpathly,be53e4cc7864fcce352f448c5c5acf2be009fd6e,0,10786.375,56645632.0,0,0,0,28,28,0,0,0,0,0,0,0,25,16,0,0,0,0,0,0,0,0,0,0,0,0,0,0,0,0,0,0,0,0,0,0,0,0,0,0,0,164,0,0,0,0,0,0,0,0,0,0,0,0,0,0,0,0,0,0,0,0,0,0,0,0,0,2,0,0,1,0,0,0,0,4,0,0,0,0,0,0,0,0,0,0,0,0,0,0,0,0,62,1,9,1,3,3,2,19,5,4,1,0,0,0,2,1,3,9,8,3,157,1
rfc9535,be53e4cc7864fcce352f448c5c5acf2be009fd6e,0,7440.0625,57817088.0,0,0,0,28,28,0,0,0,0,0,0,0,25,16,0,0,0,0,0,0,0,0,0,0,0,0,0,0,0,0,0,0,0,0,0,0,0,0,0,0,0,164,0,0,0,0,0,0,0,0,0,0,0,0,0,0,0,0,0,0,0,0,0,0,0,0,0,2,0,0,1,0,0,0,0,4,0,0,0,0,0,0,0,0,0,0,0,0,0,0,0,0,62,1,9,1,3,3,2,19,5,4,1,0,0,0,2,1,3,9,8,3,157,1
p3,be53e4cc7864fcce352f448c5c5acf2be009fd6e,0,1910.5,54249764.571428575,0,0,0,28,28,0,0,0,0,0,0,0,25,16,0,0,0,0,0,0,0,0,0,0,0,0,0,0,0,0,0,0,0,0,0,0,0,0,0,0,0,164,0,0,0,0,0,0,0,0,0,0,0,0,0,0,0,0,0,0,0,0,0,0,0,0,0,2,0,0,1,0,0,0,0,4,0,0,0,0,0,0,0,0,0,0,0,0,0,0,0,0,62,1,9,1,3,3,2,19,5,4,1,0,0,0,2,1,3,9,8,3,157,1
plus,ce26a3cf7bd3f596b51d972b98bc083c3ec3fc32,0,2682.5,54370304.0,0,0,0,25,25,0,0,0,0,0,0,4,30,23,0,0,0,0,0,0,0,0,0,0,0,0,0,0,0,0,0,0,0,0,0,0,0,0,0,0,0,206,0,0,0,0,0,0,0,0,0,0,0,0,0,0,0,0,0,0,0,0,0,0,0,0,0,4,0,0,20,0,0,0,0,4,0,0,0,0,0,0,0,0,0,0,0,0,0,0,0,0,77,2,9,0,0,2,0,27,6,4,7,1,2,2,3,3,4,15,7,4,202,1
dchester,ce26a3cf7bd3f596b51d972b98bc083c3ec3fc32,0,4617.833333333333,59632298.666666664,0,0,0,25,25,0,0,0,0,0,0,4,30,23,0,0,0,0,0,0,0,0,0,0,0,0,0,0,0,0,0,0,0,0,0,0,0,0,0,0,0,206,0,0,0,0,0,0,0,0,0,0,0,0,0,0,0,0,0,0,0,0,0,0,0,0,0,4,0,0,20,0,0,0,0,4,0,0,0,0,0,0,0,0,0,0,0,0,0,0,0,0,77,2,9,0,0,2,0,27,6,4,7,1,2,2,3,3,4,15,7,4,202,1
jsonpathly,ce26a3cf7bd3f596b51d972b98bc083c3ec3fc32,0,8885.333333333334,56530261.333333336,0,0,0,25,25,0,0,0,0,0,0,4,30,23,0,0,0,0,0,0,0,0,0,0,0,0,0,0,0,0,0,0,0,0,0,0,0,0,0,0,0,206,0,0,0,0,0,0,0,0,0,0,0,0,0,0,0,0,0,0,0,0,0,0,0,0,0,4,0,0,20,0,0,0,0,4,0,0,0,0,0,0,0,0,0,0,0,0,0,0,0,0,77,2,9,0,0,2,0,27,6,4,7,1,2,2,3,3,4,15,7,4,202,1
rfc9535,ce26a3cf7bd3f596b51d972b98bc083c3ec3fc32,0,5973.875,57784320.0,0,0,0,25,25,0,0,0,0,0,0,4,30,23,0,0,0,0,0,0,0,0,0,0,0,0,0,0,0,0,0,0,0,0,0,0,0,0,0,0,0,206,0,0,0,0,0,0,0,0,0,0,0,0,0,0,0,0,0,0,0,0,0,0,0,0,0,4,0,0,20,0,0,0,0,4,0,0,0,0,0,0,0,0,0,0,0,0,0,0,0,0,77,2,9,0,0,2,0,27,6,4,7,1,2,2,3,3,4,15,7,4,202,1
p3,ce26a3cf7bd3f596b51d972b98bc083c3ec3fc32,0,1836.0625,54548480.0,0,0,0,25,25,0,0,0,0,0,0,4,30,23,0,0,0,0,0,0,0,0,0,0,0,0,0,0,0,0,0,0,0,0,0,0,0,0,0,0,0,206,0,0,0,0,0,0,0,0,0,0,0,0,0,0,0,0,0,0,0,0,0,0,0,0,0,4,0,0,20,0,0,0,0,4,0,0,0,0,0,0,0,0,0,0,0,0,0,0,0,0,77,2,9,0,0,2,0,27,6,4,7,1,2,2,3,3,4,15,7,4,202,1
plus,12e7bf1ad9ff7b342ed6812776cea424cb51eb21,0,2854.25,54317056.0,0,0,0,27,27,0,0,0,0,0,0,1,11,7,0,0,0,0,0,1,1,2,4,1,0,0,0,0,0,0,0,0,0,0,0,0,0,0,0,0,0,107,0,0,0,0,0,0,0,0,0,0,0,0,0,0,0,0,0,0,0,0,0,0,0,0,0,0,0,0,10,0,0,0,0,1,0,0,0,0,0,0,0,0,0,0,0,0,0,0,0,0,42,1,6,0,0,4,0,13,1,1,3,1,4,10,0,1,3,6,5,3,126,1
dchester,12e7bf1ad9ff7b342ed6812776cea424cb51eb21,0,4625.0625,60051456.0,0,0,0,27,27,0,0,0,0,0,0,1,11,7,0,0,0,0,0,1,1,2,4,1,0,0,0,0,0,0,0,0,0,0,0,0,0,0,0,0,0,107,0,0,0,0,0,0,0,0,0,0,0,0,0,0,0,0,0,0,0,0,0,0,0,0,0,0,0,0,10,0,0,0,0,1,0,0,0,0,0,0,0,0,0,0,0,0,0,0,0,0,42,1,6,0,0,4,0,13,1,1,3,1,4,10,0,1,3,6,5,3,126,1
jsonpathly,12e7bf1ad9ff7b342ed6812776cea424cb51eb21,0,8779.1,56659148.8,0,0,0,27,27,0,0,0,0,0,0,1,11,7,0,0,0,0,0,1,1,2,4,1,0,0,0,0,0,0,0,0,0,0,0,0,0,0,0,0,0,107,0,0,0,0,0,0,0,0,0,0,0,0,0,0,0,0,0,0,0,0,0,0,0,0,0,0,0,0,10,0,0,0,0,1,0,0,0,0,0,0,0,0,0,0,0,0,0,0,0,0,42,1,6,0,0,4,0,13,1,1,3,1,4,10,0,1,3,6,5,3,126,1
rfc9535,12e7bf1ad9ff7b342ed6812776cea424cb51eb21,0,5809.0,57750869.333333336,0,0,0,27,27,0,0,0,0,0,0,1,11,7,0,0,0,0,0,1,1,2,4,1,0,0,0,0,0,0,0,0,0,0,0,0,0,0,0,0,0,107,0,0,0,0,0,0,0,0,0,0,0,0,0,0,0,0,0,0,0,0,0,0,0,0,0,0,0,0,10,0,0,0,0,1,0,0,0,0,0,0,0,0,0,0,0,0,0,0,0,0,42,1,6,0,0,4,0,13,1,1,3,1,4,10,0,1,3,6,5,3,126,1
p3,12e7bf1ad9ff7b342ed6812776cea424cb51eb21,0,1817.8125,54487040.0,0,0,0,27,27,0,0,0,0,0,0,1,11,7,0,0,0,0,0,1,1,2,4,1,0,0,0,0,0,0,0,0,0,0,0,0,0,0,0,0,0,107,0,0,0,0,0,0,0,0,0,0,0,0,0,0,0,0,0,0,0,0,0,0,0,0,0,0,0,0,10,0,0,0,0,1,0,0,0,0,0,0,0,0,0,0,0,0,0,0,0,0,42,1,6,0,0,4,0,13,1,1,3,1,4,10,0,1,3,6,5,3,126,1
plus,77b37a974efd756489a42d181ed942995c97187f,0,2724.9,54407987.2,0,0,0,0,0,0,0,0,0,0,0,0,12,2,0,0,0,0,0,0,0,0,0,0,0,0,0,0,0,0,0,0,0,0,0,0,0,0,0,0,0,35,0,0,0,0,0,0,0,0,0,0,0,0,0,0,0,0,0,0,0,0,0,0,0,0,0,2,0,0,4,0,0,0,0,1,0,0,0,0,0,0,0,0,0,0,0,0,0,0,0,0,15,0,0,0,0,0,0,6,2,1,1,0,0,0,0,1,1,5,0,2,35,1
dchester,77b37a974efd756489a42d181ed942995c97187f,0,4616.142857142857,60098852.571428575,0,0,0,0,0,0,0,0,0,0,0,0,12,2,0,0,0,0,0,0,0,0,0,0,0,0,0,0,0,0,0,0,0,0,0,0,0,0,0,0,0,35,0,0,0,0,0,0,0,0,0,0,0,0,0,0,0,0,0,0,0,0,0,0,0,0,0,2,0,0,4,0,0,0,0,1,0,0,0,0,0,0,0,0,0,0,0,0,0,0,0,0,15,0,0,0,0,0,0,6,2,1,1,0,0,0,0,1,1,5,0,2,35,1
jsonpathly,77b37a974efd756489a42d181ed942995c97187f,0,8898.4375,56598528.0,0,0,0,0,0,0,0,0,0,0,0,0,12,2,0,0,0,0,0,0,0,0,0,0,0,0,0,0,0,0,0,0,0,0,0,0,0,0,0,0,0,35,0,0,0,0,0,0,0,0,0,0,0,0,0,0,0,0,0,0,0,0,0,0,0,0,0,2,0,0,4,0,0,0,0,1,0,0,0,0,0,0,0,0,0,0,0,0,0,0,0,0,15,0,0,0,0,0,0,6,2,1,1,0,0,0,0,1,1,5,0,2,35,1
rfc9535,77b37a974efd756489a42d181ed942995c97187f,0,5809.428571428572,57830838.85714286,0,0,0,0,0,0,0,0,0,0,0,0,12,2,0,0,0,0,0,0,0,0,0,0,0,0,0,0,0,0,0,0,0,0,0,0,0,0,0,0,0,35,0,0,0,0,0,0,0,0,0,0,0,0,0,0,0,0,0,0,0,0,0,0,0,0,0,2,0,0,4,0,0,0,0,1,0,0,0,0,0,0,0,0,0,0,0,0,0,0,0,0,15,0,0,0,0,0,0,6,2,1,1,0,0,0,0,1,1,5,0,2,35,1
p3,77b37a974efd756489a42d181ed942995c97187f,0,1902.75,54539605.333333336,0,0,0,0,0,0,0,0,0,0,0,0,12,2,0,0,0,0,0,0,0,0,0,0,0,0,0,0,0,0,0,0,0,0,0,0,0,0,0,0,0,35,0,0,0,0,0,0,0,0,0,0,0,0,0,0,0,0,0,0,0,0,0,0,0,0,0,2,0,0,4,0,0,0,0,1,0,0,0,0,0,0,0,0,0,0,0,0,0,0,0,0,15,0,0,0,0,0,0,6,2,1,1,0,0,0,0,1,1,5,0,2,35,1
plus,6d2df8287641c4a1bda82c6f685092c626b7af3d,0,2779.4,54339174.4,0,0,0,0,0,0,0,0,0,0,0,0,0,0,0,0,0,0,0,0,0,0,0,0,0,0,0,0,0,0,0,0,0,0,0,0,0,0,0,0,0,37,0,0,0,0,0,0,0,0,0,0,0,0,0,0,0,0,0,0,0,0,0,0,0,0,0,0,0,0,2,0,0,0,0,0,0,0,0,0,0,0,0,0,0,0,0,0,0,0,0,0,26,0,0,0,0,0,0,11,0,0,4,0,0,0,0,1,2,10,0,2,47,1
dchester,6d2df8287641c4a1bda82c6f685092c626b7af3d,0,4718.8125,59920384.0,0,0,0,0,0,0,0,0,0,0,0,0,0,0,0,0,0,0,0,0,0,0,0,0,0,0,0,0,0,0,0,0,0,0,0,0,0,0,0,0,0,37,0,0,0,0,0,0,0,0,0,0,0,0,0,0,0,0,0,0,0,0,0,0,0,0,0,0,0,0,2,0,0,0,0,0,0,0,0,0,0,0,0,0,0,0,0,0,0,0,0,0,26,0,0,0,0,0,0,11,0,0,4,0,0,0,0,1,2,10,0,2,47,1
jsonpathly,6d2df8287641c4a1bda82c6f685092c626b7af3d,0,9309.75,56571904.0,0,0,0,0,0,0,0,0,0,0,0,0,0,0,0,0,0,0,0,0,0,0,0,0,0,0,0,0,0,0,0,0,0,0,0,0,0,0,0,0,0,37,0,0,0,0,0,0,0,0,0,0,0,0,0,0,0,0,0,0,0,0,0,0,0,0,0,0,0,0,2,0,0,0,0,0,0,0,0,0,0,0,0,0,0,0,0,0,0,0,0,0,26,0,0,0,0,0,0,11,0,0,4,0,0,0,0,1,2,10,0,2,47,1
rfc9535,6d2df8287641c4a1bda82c6f685092c626b7af3d,0,6101.375,57833472.0,0,0,0,0,0,0,0,0,0,0,0,0,0,0,0,0,0,0,0,0,0,0,0,0,0,0,0,0,0,0,0,0,0,0,0,0,0,0,0,0,0,37,0,0,0,0,0,0,0,0,0,0,0,0,0,0,0,0,0,0,0,0,0,0,0,0,0,0,0,0,2,0,0,0,0,0,0,0,0,0,0,0,0,0,0,0,0,0,0,0,0,0,26,0,0,0,0,0,0,11,0,0,4,0,0,0,0,1,2,10,0,2,47,1
p3,6d2df8287641c4a1bda82c6f685092c626b7af3d,0,1911.25,54468608.0,0,0,0,0,0,0,0,0,0,0,0,0,0,0,0,0,0,0,0,0,0,0,0,0,0,0,0,0,0,0,0,0,0,0,0,0,0,0,0,0,0,37,0,0,0,0,0,0,0,0,0,0,0,0,0,0,0,0,0,0,0,0,0,0,0,0,0,0,0,0,2,0,0,0,0,0,0,0,0,0,0,0,0,0,0,0,0,0,0,0,0,0,26,0,0,0,0,0,0,11,0,0,4,0,0,0,0,1,2,10,0,2,47,1
plus,58ea9a82d98cdf5cb9feb96803b0b88a3a46fa5f,0,2877.5625,54335488.0,0,0,0,0,0,0,0,0,0,0,0,1,10,5,0,0,0,0,0,0,0,0,0,0,0,0,0,0,0,0,0,0,0,0,0,0,0,0,0,0,0,26,0,0,0,0,0,0,0,0,0,0,0,0,0,0,0,0,0,0,0,0,0,0,0,0,0,1,0,0,2,0,0,0,0,1,0,0,0,0,0,0,0,0,0,0,0,0,0,0,0,0,15,0,0,0,0,0,0,6,1,1,1,0,0,0,0,1,1,5,0,2,37,1
dchester,58ea9a82d98cdf5cb9feb96803b0b88a3a46fa5f,0,4666.833333333333,59970901.333333336,0,0,0,0,0,0,0,0,0,0,0,1,10,5,0,0,0,0,0,0,0,0,0,0,0,0,0,0,0,0,0,0,0,0,0,0,0,0,0,0,0,26,0,0,0,0,0,0,0,0,0,0,0,0,0,0,0,0,0,0,0,0,0,0,0,0,0,1,0,0,2,0,0,0,0,1,0,0,0,0,0,0,0,0,0,0,0,0,0,0,0,0,15,0,0,0,0,0,0,6,1,1,1,0,0,0,0,1,1,5,0,2,37,1
jsonpathly,58ea9a82d98cdf5cb9feb96803b0b88a3a46fa5f,0,8648.714285714286,56580973.71428572,0,0,0,0,0,0,0,0,0,0,0,1,10,5,0,0,0,0,0,0,0,0,0,0,0,0,0,0,0,0,0,0,0,0,0,0,0,0,0,0,0,26,0,0,0,0,0,0,0,0,0,0,0,0,0,0,0,0,0,0,0,0,0,0,0,0,0,1,0,0,2,0,0,0,0,1,0,0,0,0,0,0,0,0,0,0,0,0,0,0,0,0,15,0,0,0,0,0,0,6,1,1,1,0,0,0,0,1,1,5,0,2,37,1
rfc9535,58ea9a82d98cdf5cb9feb96803b0b88a3a46fa5f,0,5784.666666666667,57775445.333333336,0,0,0,0,0,0,0,0,0,0,0,1,10,5,0,0,0,0,0,0,0,0,0,0,0,0,0,0,0,0,0,0,0,0,0,0,0,0,0,0,0,26,0,0,0,0,0,0,0,0,0,0,0,0,0,0,0,0,0,0,0,0,0,0,0,0,0,1,0,0,2,0,0,0,0,1,0,0,0,0,0,0,0,0,0,0,0,0,0,0,0,0,15,0,0,0,0,0,0,6,1,1,1,0,0,0,0,1,1,5,0,2,37,1
p3,58ea9a82d98cdf5cb9feb96803b0b88a3a46fa5f,0,1921.875,54517760.0,0,0,0,0,0,0,0,0,0,0,0,1,10,5,0,0,0,0,0,0,0,0,0,0,0,0,0,0,0,0,0,0,0,0,0,0,0,0,0,0,0,26,0,0,0,0,0,0,0,0,0,0,0,0,0,0,0,0,0,0,0,0,0,0,0,0,0,1,0,0,2,0,0,0,0,1,0,0,0,0,0,0,0,0,0,0,0,0,0,0,0,0,15,0,0,0,0,0,0,6,1,1,1,0,0,0,0,1,1,5,0,2,37,1
plus,7060ab07d19dfcb461791b074b53e0732703aeb9,0,2783.875,54255616.0,0,0,0,10,10,0,0,0,0,0,0,0,0,0,0,0,0,0,0,0,0,0,0,0,0,0,0,0,0,0,0,0,0,0,0,0,0,0,0,0,0,38,0,0,0,0,0,0,0,0,0,0,0,0,0,0,0,0,0,0,0,0,0,0,0,0,0,0,0,0,3,0,0,0,0,0,0,0,0,0,0,0,0,0,0,0,0,0,0,0,0,0,19,1,4,1,5,5,7,4,0,0,1,0,0,0,0,0,1,0,3,2,52,1
dchester,7060ab07d19dfcb461791b074b53e0732703aeb9,0,4624.75,59908096.0,0,0,0,10,10,0,0,0,0,0,0,0,0,0,0,0,0,0,0,0,0,0,0,0,0,0,0,0,0,0,0,0,0,0,0,0,0,0,0,0,0,38,0,0,0,0,0,0,0,0,0,0,0,0,0,0,0,0,0,0,0,0,0,0,0,0,0,0,0,0,3,0,0,0,0,0,0,0,0,0,0,0,0,0,0,0,0,0,0,0,0,0,19,1,4,1,5,5,7,4,0,0,1,0,0,0,0,0,1,0,3,2,52,1
jsonpathly,7060ab07d19dfcb461791b074b53e0732703aeb9,0,9083.3125,56623104.0,0,0,0,10,10,0,0,0,0,0,0,0,0,0,0,0,0,0,0,0,0,0,0,0,0,0,0,0,0,0,0,0,0,0,0,0,0,0,0,0,0,38,0,0,0,0,0,0,0,0,0,0,0,0,0,0,0,0,0,0,0,0,0,0,0,0,0,0,0,0,3,0,0,0,0,0,0,0,0,0,0,0,0,0,0,0,0,0,0,0,0,0,19,1,4,1,5,5,7,4,0,0,1,0,0,0,0,0,1,0,3,2,52,1
rfc9535,7060ab07d19dfcb461791b074b53e0732703aeb9,0,5862.5,57832243.2,0,0,0,10,10,0,0,0,0,0,0,0,0,0,0,0,0,0,0,0,0,0,0,0,0,0,0,0,0,0,0,0,0,0,0,0,0,0,0,0,0,38,0,0,0,0,0,0,0,0,0,0,0,0,0,0,0,0,0,0,0,0,0,0,0,0,0,0,0,0,3,0,0,0,0,0,0,0,0,0,0,0,0,0,0,0,0,0,0,0,0,0,19,1,4,1,5,5,7,4,0,0,1,0,0,0,0,0,1,0,3,2,52,1
p3,7060ab07d19dfcb461791b074b53e0732703aeb9,0,1914.0,54542336.0,0,0,0,10,10,0,0,0,0,0,0,0,0,0,0,0,0,0,0,0,0,0,0,0,0,0,0,0,0,0,0,0,0,0,0,0,0,0,0,0,0,38,0,0,0,0,0,0,0,0,0,0,0,0,0,0,0,0,0,0,0,0,0,0,0,0,0,0,0,0,3,0,0,0,0,0,0,0,0,0,0,0,0,0,0,0,0,0,0,0,0,0,19,1,4,1,5,5,7,4,0,0,1,0,0,0,0,0,1,0,3,2,52,1
plus,2b2624f8756c24275901bd003a027cda9e9feb8b,0,2770.6666666666665,54345728.0,0,0,0,3,3,0,0,0,0,0,0,1,6,2,0,0,0,0,0,0,0,0,0,0,0,0,0,0,0,0,0,0,0,0,0,0,0,0,0,0,0,82,0,0,0,0,0,0,0,0,0,0,0,0,0,0,0,0,0,0,0,0,0,0,0,0,0,1,0,0,1,0,0,0,0,2,0,0,0,0,0,0,0,0,0,0,0,0,0,0,0,0,26,1,1,0,0,0,0,10,3,2,1,0,0,0,4,2,0,7,0,3,43,1
dchester,2b2624f8756c24275901bd003a027cda9e9feb8b,0,4637.875,60018688.0,0,0,0,3,3,0,0,0,0,0,0,1,6,2,0,0,0,0,0,0,0,0,0,0,0,0,0,0,0,0,0,0,0,0,0,0,0,0,0,0,0,82,0,0,0,0,0,0,0,0,0,0,0,0,0,0,0,0,0,0,0,0,0,0,0,0,0,1,0,0,1,0,0,0,0,2,0,0,0,0,0,0,0,0,0,0,0,0,0,0,0,0,26,1,1,0,0,0,0,10,3,2,1,0,0,0,4,2,0,7,0,3,43,1
jsonpathly,2b2624f8756c24275901bd003a027cda9e9feb8b,0,8854.5,56726869.333333336,0,0,0,3,3,0,0,0,0,0,0,1,6,2,0,0,0,0,0,0,0,0,0,0,0,0,0,0,0,0,0,0,0,0,0,0,0,0,0,0,0,82,0,0,0,0,0,0,0,0,0,0,0,0,0,0,0,0,0,0,0,0,0,0,0,0,0,1,0,0,1,0,0,0,0,2,0,0,0,0,0,0,0,0,0,0,0,0,0,0,0,0,26,1,1,0,0,0,0,10,3,2,1,0,0,0,4,2,0,7,0,3,43,1
rfc9535,2b2624f8756c24275901bd003a027cda9e9feb8b,0,6083.125,57782272.0,0,0,0,3,3,0,0,0,0,0,0,1,6,2,0,0,0,0,0,0,0,0,0,0,0,0,0,0,0,0,0,0,0,0,0,0,0,0,0,0,0,82,0,0,0,0,0,0,0,0,0,0,0,0,0,0,0,0,0,0,0,0,0,0,0,0,0,1,0,0,1,0,0,0,0,2,0,0,0,0,0,0,0,0,0,0,0,0,0,0,0,0,26,1,1,0,0,0,0,10,3,2,1,0,0,0,4,2,0,7,0,3,43,1
p3,2b2624f8756c24275901bd003a027cda9e9feb8b,0,1947.875,54628352.0,0,0,0,3,3,0,0,0,0,0,0,1,6,2,0,0,0,0,0,0,0,0,0,0,0,0,0,0,0,0,0,0,0,0,0,0,0,0,0,0,0,82,0,0,0,0,0,0,0,0,0,0,0,0,0,0,0,0,0,0,0,0,0,0,0,0,0,1,0,0,1,0,0,0,0,2,0,0,0,0,0,0,0,0,0,0,0,0,0,0,0,0,26,1,1,0,0,0,0,10,3,2,1,0,0,0,4,2,0,7,0,3,43,1
plus,17c1cdb62a516594c794135aa40afc1eab32a716,0,2760.5,54367573.333333336,0,0,0,47,47,0,0,0,0,0,0,0,11,6,0,0,0,0,0,2,1,3,6,1,1,0,1,0,0,0,0,0,0,0,0,0,0,0,0,0,0,256,0,0,0,0,0,0,0,0,0,0,0,0,0,0,0,0,0,0,0,0,0,0,0,0,0,1,0,0,27,0,0,0,0,1,0,0,0,0,0,0,0,0,0,0,0,0,0,0,0,0,91,3,13,3,14,21,16,30,2,1,4,2,7,12,3,3,5,14,10,5,289,1
dchester,17c1cdb62a516594c794135aa40afc1eab32a716,0,5968.8125,60057600.0,0,0,0,47,47,0,0,0,0,0,0,0,11,6,0,0,0,0,0,2,1,3,6,1,1,0,1,0,0,0,0,0,0,0,0,0,0,0,0,0,0,256,0,0,0,0,0,0,0,0,0,0,0,0,0,0,0,0,0,0,0,0,0,0,0,0,0,1,0,0,27,0,0,0,0,1,0,0,0,0,0,0,0,0,0,0,0,0,0,0,0,0,91,3,13,3,14,21,16,30,2,1,4,2,7,12,3,3,5,14,10,5,289,1
jsonpathly,17c1cdb62a516594c794135aa40afc1eab32a716,0,9520.75,56655872.0,0,0,0,47,47,0,0,0,0,0,0,0,11,6,0,0,0,0,0,2,1,3,6,1,1,0,1,0,0,0,0,0,0,0,0,0,0,0,0,0,0,256,0,0,0,0,0,0,0,0,0,0,0,0,0,0,0,0,0,0,0,0,0,0,0,0,0,1,0,0,27,0,0,0,0,1,0,0,0,0,0,0,0,0,0,0,0,0,0,0,0,0,91,3,13,3,14,21,16,30,2,1,4,2,7,12,3,3,5,14,10,5,289,1
rfc9535,17c1cdb62a516594c794135aa40afc1eab32a716,0,6437.5,57808213.333333336,0,0,0,47,47,0,0,0,0,0,0,0,11,6,0,0,0,0,0,2,1,3,6,1,1,0,1,0,0,0,0,0,0,0,0,0,0,0,0,0,0,256,0,0,0,0,0,0,0,0,0,0,0,0,0,0,0,0,0,0,0,0,0,0,0,0,0,1,0,0,27,0,0,0,0,1,0,0,0,0,0,0,0,0,0,0,0,0,0,0,0,0,91,3,13,3,14,21,16,30,2,1,4,2,7,12,3,3,5,14,10,5,289,1
p3,17c1cdb62a516594c794135aa40afc1eab32a716,0,1902.5,52527104.0,0,0,0,47,47,0,0,0,0,0,0,0,11,6,0,0,0,0,0,2,1,3,6,1,1,0,1,0,0,0,0,0,0,0,0,0,0,0,0,0,0,256,0,0,0,0,0,0,0,0,0,0,0,0,0,0,0,0,0,0,0,0,0,0,0,0,0,1,0,0,27,0,0,0,0,1,0,0,0,0,0,0,0,0,0,0,0,0,0,0,0,0,91,3,13,3,14,21,16,30,2,1,4,2,7,12,3,3,5,14,10,5,289,1
plus,e020ad2a9141a0e791bfbf54e3431d3c21b822e7,0,9800.0,55512268.8,11,6,2,78,80,5,4,7,9,4,6,11,90,60,6,1,0,0,0,1,1,2,4,1,0,0,0,0,5,0,0,0,2,1,0,0,0,0,0,0,0,562,0,0,0,0,0,0,0,0,0,0,0,0,0,0,0,0,0,0,0,0,0,0,0,0,0,7,0,0,31,0,5,0,0,8,0,0,0,0,0,0,0,0,0,0,0,0,0,0,0,0,185,2,11,3,9,12,9,74,11,8,5,1,3,3,14,9,9,54,9,7,510,93
dchester,e020ad2a9141a0e791bfbf54e3431d3c21b822e7,0,nan,nan,11,6,2,78,80,5,4,7,9,4,6,11,90,60,6,1,0,0,0,1,1,2,4,1,0,0,0,0,5,0,0,0,2,1,0,0,0,0,0,0,0,562,0,0,0,0,0,0,0,0,0,0,0,0,0,0,0,0,0,0,0,0,0,0,0,0,0,7,0,0,31,0,5,0,0,8,0,0,0,0,0,0,0,0,0,0,0,0,0,0,0,0,185,2,11,3,9,12,9,74,11,8,5,1,3,3,14,9,9,54,9,7,510,93
jsonpathly,e020ad2a9141a0e791bfbf54e3431d3c21b822e7,0,30442.75,57810944.0,11,6,2,78,80,5,4,7,9,4,6,11,90,60,6,1,0,0,0,1,1,2,4,1,0,0,0,0,5,0,0,0,2,1,0,0,0,0,0,0,0,562,0,0,0,0,0,0,0,0,0,0,0,0,0,0,0,0,0,0,0,0,0,0,0,0,0,7,0,0,31,0,5,0,0,8,0,0,0,0,0,0,0,0,0,0,0,0,0,0,0,0,185,2,11,3,9,12,9,74,11,8,5,1,3,3,14,9,9,54,9,7,510,93
rfc9535,e020ad2a9141a0e791bfbf54e3431d3c21b822e7,0,25125.0,58739370.666666664,11,6,2,78,80,5,4,7,9,4,6,11,90,60,6,1,0,0,0,1,1,2,4,1,0,0,0,0,5,0,0,0,2,1,0,0,0,0,0,0,0,562,0,0,0,0,0,0,0,0,0,0,0,0,0,0,0,0,0,0,0,0,0,0,0,0,0,7,0,0,31,0,5,0,0,8,0,0,0,0,0,0,0,0,0,0,0,0,0,0,0,0,185,2,11,3,9,12,9,74,11,8,5,1,3,3,14,9,9,54,9,7,510,93
p3,e020ad2a9141a0e791bfbf54e3431d3c21b822e7,0,29062.333333333332,58097664.0,11,6,2,78,80,5,4,7,9,4,6,11,90,60,6,1,0,0,0,1,1,2,4,1,0,0,0,0,5,0,0,0,2,1,0,0,0,0,0,0,0,562,0,0,0,0,0,0,0,0,0,0,0,0,0,0,0,0,0,0,0,0,0,0,0,0,0,7,0,0,31,0,5,0,0,8,0,0,0,0,0,0,0,0,0,0,0,0,0,0,0,0,185,2,11,3,9,12,9,74,11,8,5,1,3,3,14,9,9,54,9,7,510,93
plus,2dabf2fa457c2445b63515e08bfb81fab6319bac,0,16330.6875,56659968.0,14,12,7,59,66,5,3,3,4,2,2,5,11,12,3,1,0,0,0,1,1,2,4,1,0,0,0,0,2,0,0,0,2,0,0,0,0,0,0,0,0,161,0,0,0,0,0,0,0,0,0,0,0,0,0,0,0,0,0,0,0,0,0,0,0,0,0,2,0,0,2,0,2,0,0,3,0,0,0,0,0,0,0,0,0,0,0,0,0,0,0,0,68,3,11,4,11,11,19,20,3,3,1,0,0,0,3,1,4,8,8,3,208,63
dchester,2dabf2fa457c2445b63515e08bfb81fab6319bac,0,50318.357142857145,65060864.0,14,12,7,59,66,5,3,3,4,2,2,5,11,12,3,1,0,0,0,1,1,2,4,1,0,0,0,0,2,0,0,0,2,0,0,0,0,0,0,0,0,161,0,0,0,0,0,0,0,0,0,0,0,0,0,0,0,0,0,0,0,0,0,0,0,0,0,2,0,0,2,0,2,0,0,3,0,0,0,0,0,0,0,0,0,0,0,0,0,0,0,0,68,3,11,4,11,11,19,20,3,3,1,0,0,0,3,1,4,8,8,3,208,63
jsonpathly,2dabf2fa457c2445b63515e08bfb81fab6319bac,0,36822.875,59123712.0,14,12,7,59,66,5,3,3,4,2,2,5,11,12,3,1,0,0,0,1,1,2,4,1,0,0,0,0,2,0,0,0,2,0,0,0,0,0,0,0,0,161,0,0,0,0,0,0,0,0,0,0,0,0,0,0,0,0,0,0,0,0,0,0,0,0,0,2,0,0,2,0,2,0,0,3,0,0,0,0,0,0,0,0,0,0,0,0,0,0,0,0,68,3,11,4,11,11,19,20,3,3,1,0,0,0,3,1,4,8,8,3,208,63
rfc9535,2dabf2fa457c2445b63515e08bfb81fab6319bac,0,28109.375,59768832.0,14,12,7,59,66,5,3,3,4,2,2,5,11,12,3,1,0,0,0,1,1,2,4,1,0,0,0,0,2,0,0,0,2,0,0,0,0,0,0,0,0,161,0,0,0,0,0,0,0,0,0,0,0,0,0,0,0,0,0,0,0,0,0,0,0,0,0,2,0,0,2,0,2,0,0,3,0,0,0,0,0,0,0,0,0,0,0,0,0,0,0,0,68,3,11,4,11,11,19,20,3,3,1,0,0,0,3,1,4,8,8,3,208,63
p3,2dabf2fa457c2445b63515e08bfb81fab6319bac,0,38226.5625,59529216.0,14,12,7,59,66,5,3,3,4,2,2,5,11,12,3,1,0,0,0,1,1,2,4,1,0,0,0,0,2,0,0,0,2,0,0,0,0,0,0,0,0,161,0,0,0,0,0,0,0,0,0,0,0,0,0,0,0,0,0,0,0,0,0,0,0,0,0,2,0,0,2,0,2,0,0,3,0,0,0,0,0,0,0,0,0,0,0,0,0,0,0,0,68,3,11,4,11,11,19,20,3,3,1,0,0,0,3,1,4,8,8,3,208,63
plus,056875a74abedf6fb25d0d71e2d09cfee015fd70,0,11038.25,55708330.666666664,14,5,8,28,36,6,2,0,0,7,8,3,28,16,1,0,0,0,1,0,0,0,0,0,0,0,0,0,1,1,1,1,2,0,1,1,2,2,0,0,4,54,1,1,0,1,0,0,0,1,2,0,2,2,1,0,0,0,0,1,1,0,0,0,0,9,2,1,0,0,20,0,9,6,3,0,0,0,0,0,1,0,0,0,0,0,0,0,0,0,0,0,12,0,0,0,0,0,0,5,0,0,3,0,0,0,0,1,0,4,0,1,40,178
dchester,056875a74abedf6fb25d0d71e2d09cfee015fd70,0,nan,nan,14,5,8,28,36,6,2,0,0,7,8,3,28,16,1,0,0,0,1,0,0,0,0,0,0,0,0,0,1,1,1,1,2,0,1,1,2,2,0,0,4,54,1,1,0,1,0,0,0,1,2,0,2,2,1,0,0,0,0,1,1,0,0,0,0,9,2,1,0,0,20,0,9,6,3,0,0,0,0,0,1,0,0,0,0,0,0,0,0,0,0,0,12,0,0,0,0,0,0,5,0,0,3,0,0,0,0,1,0,4,0,1,40,178
jsonpathly,056875a74abedf6fb25d0d71e2d09cfee015fd70,0,86925.1,59513241.6,14,5,8,28,36,6,2,0,0,7,8,3,28,16,1,0,0,0,1,0,0,0,0,0,0,0,0,0,1,1,1,1,2,0,1,1,2,2,0,0,4,54,1,1,0,1,0,0,0,1,2,0,2,2,1,0,0,0,0,1,1,0,0,0,0,9,2,1,0,0,20,0,9,6,3,0,0,0,0,0,1,0,0,0,0,0,0,0,0,0,0,0,12,0,0,0,0,0,0,5,0,0,3,0,0,0,0,1,0,4,0,1,40,178
rfc9535,056875a74abedf6fb25d0d71e2d09cfee015fd70,0,53328.25,61120512.0,14,5,8,28,36,6,2,0,0,7,8,3,28,16,1,0,0,0,1,0,0,0,0,0,0,0,0,0,1,1,1,1,2,0,1,1,2,2,0,0,4,54,1,1,0,1,0,0,0,1,2,0,2,2,1,0,0,0,0,1,1,0,0,0,0,9,2,1,0,0,20,0,9,6,3,0,0,0,0,0,1,0,0,0,0,0,0,0,0,0,0,0,12,0,0,0,0,0,0,5,0,0,3,0,0,0,0,1,0,4,0,1,40,178
p3,056875a74abedf6fb25d0d71e2d09cfee015fd70,0,nan,nan,14,5,8,28,36,6,2,0,0,7,8,3,28,16,1,0,0,0,1,0,0,0,0,0,0,0,0,0,1,1,1,1,2,0,1,1,2,2,0,0,4,54,1,1,0,1,0,0,0,1,2,0,2,2,1,0,0,0,0,1,1,0,0,0,0,9,2,1,0,0,20,0,9,6,3,0,0,0,0,0,1,0,0,0,0,0,0,0,0,0,0,0,12,0,0,0,0,0,0,5,0,0,3,0,0,0,0,1,0,4,0,1,40,178
plus,e818d64c3e33522fd2d4398a3f1ecfd6a43c8dcf,0,7974.0,54853632.0,14,5,4,67,71,7,3,17,20,10,10,7,40,26,10,1,0,0,0,0,0,0,0,0,0,0,0,0,9,1,1,2,0,0,0,0,0,0,0,0,0,76,0,0,0,0,0,0,0,0,0,0,0,0,0,0,0,0,0,0,0,0,0,0,0,0,0,1,0,0,9,0,9,0,0,2,0,0,0,0,0,0,0,0,0,0,0,0,0,0,0,0,23,0,0,0,0,0,0,10,2,2,1,0,0,0,1,1,0,9,0,2,65,181
dchester,e818d64c3e33522fd2d4398a3f1ecfd6a43c8dcf,0,58033.4,65847296.0,14,5,4,67,71,7,3,17,20,10,10,7,40,26,10,1,0,0,0,0,0,0,0,0,0,0,0,0,9,1,1,2,0,0,0,0,0,0,0,0,0,76,0,0,0,0,0,0,0,0,0,0,0,0,0,0,0,0,0,0,0,0,0,0,0,0,0,1,0,0,9,0,9,0,0,2,0,0,0,0,0,0,0,0,0,0,0,0,0,0,0,0,23,0,0,0,0,0,0,10,2,2,1,0,0,0,1,1,0,9,0,2,65,181
jsonpathly,e818d64c3e33522fd2d4398a3f1ecfd6a43c8dcf,0,38263.0625,58294272.0,14,5,4,67,71,7,3,17,20,10,10,7,40,26,10,1,0,0,0,0,0,0,0,0,0,0,0,0,9,1,1,2,0,0,0,0,0,0,0,0,0,76,0,0,0,0,0,0,0,0,0,0,0,0,0,0,0,0,0,0,0,0,0,0,0,0,0,1,0,0,9,0,9,0,0,2,0,0,0,0,0,0,0,0,0,0,0,0,0,0,0,0,23,0,0,0,0,0,0,10,2,2,1,0,0,0,1,1,0,9,0,2,65,181
rfc9535,e818d64c3e33522fd2d4398a3f1ecfd6a43c8dcf,0,35921.875,60448768.0,14,5,4,67,71,7,3,17,20,10,10,7,40,26,10,1,0,0,0,0,0,0,0,0,0,0,0,0,9,1,1,2,0,0,0,0,0,0,0,0,0,76,0,0,0,0,0,0,0,0,0,0,0,0,0,0,0,0,0,0,0,0,0,0,0,0,0,1,0,0,9,0,9,0,0,2,0,0,0,0,0,0,0,0,0,0,0,0,0,0,0,0,23,0,0,0,0,0,0,10,2,2,1,0,0,0,1,1,0,9,0,2,65,181
p3,e818d64c3e33522fd2d4398a3f1ecfd6a43c8dcf,0,36320.8,59421491.2,14,5,4,67,71,7,3,17,20,10,10,7,40,26,10,1,0,0,0,0,0,0,0,0,0,0,0,0,9,1,1,2,0,0,0,0,0,0,0,0,0,76,0,0,0,0,0,0,0,0,0,0,0,0,0,0,0,0,0,0,0,0,0,0,0,0,0,1,0,0,9,0,9,0,0,2,0,0,0,0,0,0,0,0,0,0,0,0,0,0,0,0,23,0,0,0,0,0,0,10,2,2,1,0,0,0,1,1,0,9,0,2,65,181
plus,4049c95a115325df723f5d90b9f1003503efc130,0,35562.5,56565760.0,102,48,42,216,258,49,28,23,29,40,44,29,105,92,19,8,1,1,5,0,0,0,0,0,0,0,0,4,11,3,10,15,22,2,5,24,36,69,19,23,79,464,33,7,4,3,35,17,18,17,34,14,16,19,2,3,1,2,33,12,12,5,5,4,9,32,7,2,1,0,0,0,54,13,19,1,0,0,0,0,7,0,0,0,0,0,0,0,0,0,0,0,4,0,0,0,0,0,0,1,0,0,0,0,0,0,0,1,0,0,0,1,6,1755
dchester,4049c95a115325df723f5d90b9f1003503efc130,0,nan,nan,102,48,42,216,258,49,28,23,29,40,44,29,105,92,19,8,1,1,5,0,0,0,0,0,0,0,0,4,11,3,10,15,22,2,5,24,36,69,19,23,79,464,33,7,4,3,35,17,18,17,34,14,16,19,2,3,1,2,33,12,12,5,5,4,9,32,7,2,1,0,0,0,54,13,19,1,0,0,0,0,7,0,0,0,0,0,0,0,0,0,0,0,4,0,0,0,0,0,0,1,0,0,0,0,0,0,0,1,0,0,0,1,6,1755
jsonpathly,4049c95a115325df723f5d90b9f1003503efc130,0,1710791.75,94153386.66666667,102,48,42,216,258,49,28,23,29,40,44,29,105,92,19,8,1,1,5,0,0,0,0,0,0,0,0,4,11,3,10,15,22,2,5,24,36,69,19,23,79,464,33,7,4,3,35,17,18,17,34,14,16,19,2,3,1,2,33,12,12,5,5,4,9,32,7,2,1,0,0,0,54,13,19,1,0,0,0,0,7,0,0,0,0,0,0,0,0,0,0,0,4,0,0,0,0,0,0,1,0,0,0,0,0,0,0,1,0,0,0,1,6,1755
rfc9535,4049c95a115325df723f5d90b9f1003503efc130,0,201756.91666666666,78796117.33333333,102,48,42,216,258,49,28,23,29,40,44,29,105,92,19,8,1,1,5,0,0,0,0,0,0,0,0,4,11,3,10,15,22,2,5,24,36,69,19,23,79,464,33,7,4,3,35,17,18,17,34,14,16,19,2,3,1,2,33,12,12,5,5,4,9,32,7,2,1,0,0,0,54,13,19,1,0,0,0,0,7,0,0,0,0,0,0,0,0,0,0,0,4,0,0,0,0,0,0,1,0,0,0,0,0,0,0,1,0,0,0,1,6,1755
p3,4049c95a115325df723f5d90b9f1003503efc130,0,nan,nan,102,48,42,216,258,49,28,23,29,40,44,29,105,92,19,8,1,1,5,0,0,0,0,0,0,0,0,4,11,3,10,15,22,2,5,24,36,69,19,23,79,464,33,7,4,3,35,17,18,17,34,14,16,19,2,3,1,2,33,12,12,5,5,4,9,32,7,2,1,0,0,0,54,13,19,1,0,0,0,0,7,0,0,0,0,0,0,0,0,0,0,0,4,0,0,0,0,0,0,1,0,0,0,0,0,0,0,1,0,0,0,1,6,1755
plus,ec3a32bebb3ab194551d836644f45dbae9f3116d,0,nan,nan,80,45,38,160,198,23,31,44,52,45,48,30,119,87,33,21,2,3,9,1,1,2,4,1,0,0,0,2,12,4,17,22,23,1,7,20,30,51,13,13,59,420,21,4,1,3,29,18,11,17,34,15,11,15,3,3,2,1,21,10,7,3,5,7,6,23,5,2,1,0,12,0,35,11,12,1,0,0,0,0,4,3,8,10,18,61,29,4,3,0,0,0,4,0,0,0,0,0,0,1,0,0,0,0,0,0,0,1,0,0,0,1,6,1711
dchester,ec3a32bebb3ab194551d836644f45dbae9f3116d,0,nan,nan,80,45,38,160,198,23,31,44,52,45,48,30,119,87,33,21,2,3,9,1,1,2,4,1,0,0,0,2,12,4,17,22,23,1,7,20,30,51,13,13,59,420,21,4,1,3,29,18,11,17,34,15,11,15,3,3,2,1,21,10,7,3,5,7,6,23,5,2,1,0,12,0,35,11,12,1,0,0,0,0,4,3,8,10,18,61,29,4,3,0,0,0,4,0,0,0,0,0,0,1,0,0,0,0,0,0,0,1,0,0,0,1,6,1711
jsonpathly,ec3a32bebb3ab194551d836644f45dbae9f3116d,0,812937.4,82781798.4,80,45,38,160,198,23,31,44,52,45,48,30,119,87,33,21,2,3,9,1,1,2,4,1,0,0,0,2,12,4,17,22,23,1,7,20,30,51,13,13,59,420,21,4,1,3,29,18,11,17,34,15,11,15,3,3,2,1,21,10,7,3,5,7,6,23,5,2,1,0,12,0,35,11,12,1,0,0,0,0,4,3,8,10,18,61,29,4,3,0,0,0,4,0,0,0,0,0,0,1,0,0,0,0,0,0,0,1,0,0,0,1,6,1711
rfc9535,ec3a32bebb3ab194551d836644f45dbae9f3116d,0,219150.875,78839808.0,80,45,38,160,198,23,31,44,52,45,48,30,119,87,33,21,2,3,9,1,1,2,4,1,0,0,0,2,12,4,17,22,23,1,7,20,30,51,13,13,59,420,21,4,1,3,29,18,11,17,34,15,11,15,3,3,2,1,21,10,7,3,5,7,6,23,5,2,1,0,12,0,35,11,12,1,0,0,0,0,4,3,8,10,18,61,29,4,3,0,0,0,4,0,0,0,0,0,0,1,0,0,0,0,0,0,0,1,0,0,0,1,6,1711
p3,ec3a32bebb3ab194551d836644f45dbae9f3116d,0,nan,nan,80,45,38,160,198,23,31,44,52,45,48,30,119,87,33,21,2,3,9,1,1,2,4,1,0,0,0,2,12,4,17,22,23,1,7,20,30,51,13,13,59,420,21,4,1,3,29,18,11,17,34,15,11,15,3,3,2,1,21,10,7,3,5,7,6,23,5,2,1,0,12,0,35,11,12,1,0,0,0,0,4,3,8,10,18,61,29,4,3,0,0,0,4,0,0,0,0,0,0,1,0,0,0,0,0,0,0,1,0,0,0,1,6,1711
plus,b2d36717fd02904b4d5912b7df15eeef33563ea5,0,5723.875,54652928.0,14,6,5,128,133,8,1,0,0,0,2,3,36,20,0,0,0,0,0,2,0,1,5,0,2,1,1,0,0,0,0,0,1,1,0,0,0,0,0,0,0,495,0,0,0,0,0,0,0,0,0,0,0,0,0,0,0,0,0,0,0,0,0,0,0,0,0,2,0,0,19,0,8,0,0,3,0,0,0,0,0,0,0,0,0,0,0,0,0,0,0,0,188,5,26,5,17,17,30,63,4,3,8,0,0,0,9,5,8,32,21,9,543,46
dchester,b2d36717fd02904b4d5912b7df15eeef33563ea5,0,47656.3125,64909312.0,14,6,5,128,133,8,1,0,0,0,2,3,36,20,0,0,0,0,0,2,0,1,5,0,2,1,1,0,0,0,0,0,1,1,0,0,0,0,0,0,0,495,0,0,0,0,0,0,0,0,0,0,0,0,0,0,0,0,0,0,0,0,0,0,0,0,0,2,0,0,19,0,8,0,0,3,0,0,0,0,0,0,0,0,0,0,0,0,0,0,0,0,188,5,26,5,17,17,30,63,4,3,8,0,0,0,9,5,8,32,21,9,543,46
jsonpathly,b2d36717fd02904b4d5912b7df15eeef33563ea5,0,18971.3125,57753600.0,14,6,5,128,133,8,1,0,0,0,2,3,36,20,0,0,0,0,0,2,0,1,5,0,2,1,1,0,0,0,0,0,1,1,0,0,0,0,0,0,0,495,0,0,0,0,0,0,0,0,0,0,0,0,0,0,0,0,0,0,0,0,0,0,0,0,0,2,0,0,19,0,8,0,0,3,0,0,0,0,0,0,0,0,0,0,0,0,0,0,0,0,188,5,26,5,17,17,30,63,4,3,8,0,0,0,9,5,8,32,21,9,543,46
rfc9535,b2d36717fd02904b4d5912b7df15eeef33563ea5,0,15921.8125,58415104.0,14,6,5,128,133,8,1,0,0,0,2,3,36,20,0,0,0,0,0,2,0,1,5,0,2,1,1,0,0,0,0,0,1,1,0,0,0,0,0,0,0,495,0,0,0,0,0,0,0,0,0,0,0,0,0,0,0,0,0,0,0,0,0,0,0,0,0,2,0,0,19,0,8,0,0,3,0,0,0,0,0,0,0,0,0,0,0,0,0,0,0,0,188,5,26,5,17,17,30,63,4,3,8,0,0,0,9,5,8,32,21,9,543,46
p3,b2d36717fd02904b4d5912b7df15eeef33563ea5,0,16112.0625,56557568.0,14,6,5,128,133,8,1,0,0,0,2,3,36,20,0,0,0,0,0,2,0,1,5,0,2,1,1,0,0,0,0,0,1,1,0,0,0,0,0,0,0,495,0,0,0,0,0,0,0,0,0,0,0,0,0,0,0,0,0,0,0,0,0,0,0,0,0,2,0,0,19,0,8,0,0,3,0,0,0,0,0,0,0,0,0,0,0,0,0,0,0,0,188,5,26,5,17,17,30,63,4,3,8,0,0,0,9,5,8,32,21,9,543,46
plus,9ae4d78b77ee85737beca100c693177dbcb66d2c,0,13192.6875,56037376.0,13,8,4,28,32,7,2,0,0,0,1,2,11,8,1,0,0,0,0,0,0,0,0,0,0,0,0,0,1,0,0,0,2,1,0,0,0,0,0,0,0,72,0,0,0,0,0,0,0,0,0,0,0,0,0,0,0,0,0,0,0,0,0,0,0,0,0,1,0,0,0,0,5,0,0,1,0,0,0,0,0,0,0,0,0,0,0,0,0,0,0,0,40,1,4,2,6,6,8,13,2,1,1,0,0,0,3,1,2,8,3,3,101,50
dchester,9ae4d78b77ee85737beca100c693177dbcb66d2c,0,nan,nan,13,8,4,28,32,7,2,0,0,0,1,2,11,8,1,0,0,0,0,0,0,0,0,0,0,0,0,0,1,0,0,0,2,1,0,0,0,0,0,0,0,72,0,0,0,0,0,0,0,0,0,0,0,0,0,0,0,0,0,0,0,0,0,0,0,0,0,1,0,0,0,0,5,0,0,1,0,0,0,0,0,0,0,0,0,0,0,0,0,0,0,0,40,1,4,2,6,6,8,13,2,1,1,0,0,0,3,1,2,8,3,3,101,50
jsonpathly,9ae4d78b77ee85737beca100c693177dbcb66d2c,0,30041.625,58009600.0,13,8,4,28,32,7,2,0,0,0,1,2,11,8,1,0,0,0,0,0,0,0,0,0,0,0,0,0,1,0,0,0,2,1,0,0,0,0,0,0,0,72,0,0,0,0,0,0,0,0,0,0,0,0,0,0,0,0,0,0,0,0,0,0,0,0,0,1,0,0,0,0,5,0,0,1,0,0,0,0,0,0,0,0,0,0,0,0,0,0,0,0,40,1,4,2,6,6,8,13,2,1,1,0,0,0,3,1,2,8,3,3,101,50
rfc9535,9ae4d78b77ee85737beca100c693177dbcb66d2c,0,24953.0625,58722304.0,13,8,4,28,32,7,2,0,0,0,1,2,11,8,1,0,0,0,0,0,0,0,0,0,0,0,0,0,1,0,0,0,2,1,0,0,0,0,0,0,0,72,0,0,0,0,0,0,0,0,0,0,0,0,0,0,0,0,0,0,0,0,0,0,0,0,0,1,0,0,0,0,5,0,0,1,0,0,0,0,0,0,0,0,0,0,0,0,0,0,0,0,40,1,4,2,6,6,8,13,2,1,1,0,0,0,3,1,2,8,3,3,101,50
p3,9ae4d78b77ee85737beca100c693177dbcb66d2c,0,35460.8125,58048512.0,13,8,4,28,32,7,2,0,0,0,1,2,11,8,1,0,0,0,0,0,0,0,0,0,0,0,0,0,1,0,0,0,2,1,0,0,0,0,0,0,0,72,0,0,0,0,0,0,0,0,0,0,0,0,0,0,0,0,0,0,0,0,0,0,0,0,0,1,0,0,0,0,5,0,0,1,0,0,0,0,0,0,0,0,0,0,0,0,0,0,0,0,40,1,4,2,6,6,8,13,2,1,1,0,0,0,3,1,2,8,3,3,101,50
plus,5e339460a3ce761a96ebbdd4a77aa730f4661608,0,19101.625,57249792.0,14,5,8,181,189,3,3,15,17,7,7,10,65,44,11,6,2,9,2,2,1,2,7,1,1,1,0,11,5,0,0,0,1,0,0,0,0,0,0,0,0,620,0,0,0,0,0,0,0,0,0,0,0,0,0,0,0,0,0,0,0,0,0,0,0,0,0,8,0,0,59,0,9,0,0,13,0,0,0,0,0,0,0,0,0,0,0,0,0,0,0,0,224,4,26,3,9,12,16,79,14,13,13,2,3,6,16,8,7,45,22,6,640,168
dchester,5e339460a3ce761a96ebbdd4a77aa730f4661608,0,73923.66666666667,66781184.0,14,5,8,181,189,3,3,15,17,7,7,10,65,44,11,6,2,9,2,2,1,2,7,1,1,1,0,11,5,0,0,0,1,0,0,0,0,0,0,0,0,620,0,0,0,0,0,0,0,0,0,0,0,0,0,0,0,0,0,0,0,0,0,0,0,0,0,8,0,0,59,0,9,0,0,13,0,0,0,0,0,0,0,0,0,0,0,0,0,0,0,0,224,4,26,3,9,12,16,79,14,13,13,2,3,6,16,8,7,45,22,6,640,168
jsonpathly,5e339460a3ce761a96ebbdd4a77aa730f4661608,0,57013.0625,58738688.0,14,5,8,181,189,3,3,15,17,7,7,10,65,44,11,6,2,9,2,2,1,2,7,1,1,1,0,11,5,0,0,0,1,0,0,0,0,0,0,0,0,620,0,0,0,0,0,0,0,0,0,0,0,0,0,0,0,0,0,0,0,0,0,0,0,0,0,8,0,0,59,0,9,0,0,13,0,0,0,0,0,0,0,0,0,0,0,0,0,0,0,0,224,4,26,3,9,12,16,79,14,13,13,2,3,6,16,8,7,45,22,6,640,168
rfc9535,5e339460a3ce761a96ebbdd4a77aa730f4661608,0,48239.625,62060544.0,14,5,8,181,189,3,3,15,17,7,7,10,65,44,11,6,2,9,2,2,1,2,7,1,1,1,0,11,5,0,0,0,1,0,0,0,0,0,0,0,0,620,0,0,0,0,0,0,0,0,0,0,0,0,0,0,0,0,0,0,0,0,0,0,0,0,0,8,0,0,59,0,9,0,0,13,0,0,0,0,0,0,0,0,0,0,0,0,0,0,0,0,224,4,26,3,9,12,16,79,14,13,13,2,3,6,16,8,7,45,22,6,640,168
p3,5e339460a3ce761a96ebbdd4a77aa730f4661608,0,61404.71428571428,60829110.85714286,14,5,8,181,189,3,3,15,17,7,7,10,65,44,11,6,2,9,2,2,1,2,7,1,1,1,0,11,5,0,0,0,1,0,0,0,0,0,0,0,0,620,0,0,0,0,0,0,0,0,0,0,0,0,0,0,0,0,0,0,0,0,0,0,0,0,0,8,0,0,59,0,9,0,0,13,0,0,0,0,0,0,0,0,0,0,0,0,0,0,0,0,224,4,26,3,9,12,16,79,14,13,13,2,3,6,16,8,7,45,22,6,640,168
plus,034cb81c695eb98db0d82a3f8cee26bf5757844c,0,nan,nan,94,44,31,236,267,47,25,55,65,51,59,34,143,106,44,19,4,16,6,1,1,2,4,1,0,0,0,20,25,1,3,4,15,5,3,17,25,41,14,9,47,408,15,3,3,0,23,14,9,12,24,13,9,8,2,1,1,0,16,8,5,2,6,5,7,32,2,1,1,0,9,0,50,21,11,1,0,0,0,0,3,0,0,0,0,0,0,0,0,0,0,0,4,0,0,0,0,0,0,1,0,0,0,0,0,0,0,1,0,0,0,1,6,1674
dchester,034cb81c695eb98db0d82a3f8cee26bf5757844c,0,nan,nan,94,44,31,236,267,47,25,55,65,51,59,34,143,106,44,19,4,16,6,1,1,2,4,1,0,0,0,20,25,1,3,4,15,5,3,17,25,41,14,9,47,408,15,3,3,0,23,14,9,12,24,13,9,8,2,1,1,0,16,8,5,2,6,5,7,32,2,1,1,0,9,0,50,21,11,1,0,0,0,0,3,0,0,0,0,0,0,0,0,0,0,0,4,0,0,0,0,0,0,1,0,0,0,0,0,0,0,1,0,0,0,1,6,1674
jsonpathly,034cb81c695eb98db0d82a3f8cee26bf5757844c,0,358336.0625,77367296.0,94,44,31,236,267,47,25,55,65,51,59,34,143,106,44,19,4,16,6,1,1,2,4,1,0,0,0,20,25,1,3,4,15,5,3,17,25,41,14,9,47,408,15,3,3,0,23,14,9,12,24,13,9,8,2,1,1,0,16,8,5,2,6,5,7,32,2,1,1,0,9,0,50,21,11,1,0,0,0,0,3,0,0,0,0,0,0,0,0,0,0,0,4,0,0,0,0,0,0,1,0,0,0,0,0,0,0,1,0,0,0,1,6,1674
rfc9535,034cb81c695eb98db0d82a3f8cee26bf5757844c,0,198135.375,79450112.0,94,44,31,236,267,47,25,55,65,51,59,34,143,106,44,19,4,16,6,1,1,2,4,1,0,0,0,20,25,1,3,4,15,5,3,17,25,41,14,9,47,408,15,3,3,0,23,14,9,12,24,13,9,8,2,1,1,0,16,8,5,2,6,5,7,32,2,1,1,0,9,0,50,21,11,1,0,0,0,0,3,0,0,0,0,0,0,0,0,0,0,0,4,0,0,0,0,0,0,1,0,0,0,0,0,0,0,1,0,0,0,1,6,1674
p3,034cb81c695eb98db0d82a3f8cee26bf5757844c,0,163933.4,67937894.4,94,44,31,236,267,47,25,55,65,51,59,34,143,106,44,19,4,16,6,1,1,2,4,1,0,0,0,20,25,1,3,4,15,5,3,17,25,41,14,9,47,408,15,3,3,0,23,14,9,12,24,13,9,8,2,1,1,0,16,8,5,2,6,5,7,32,2,1,1,0,9,0,50,21,11,1,0,0,0,0,3,0,0,0,0,0,0,0,0,0,0,0,4,0,0,0,0,0,0,1,0,0,0,0,0,0,0,1,0,0,0,1,6,1674
plus,84499338f3a48a3f9aceac514af96e9ce42cd00d,0,31544.375,56782848.0,22,13,5,84,89,14,4,9,10,7,7,4,38,29,11,3,0,0,3,2,2,4,8,2,0,0,0,0,8,1,5,10,3,0,1,6,8,18,5,7,39,151,10,6,5,1,8,2,6,3,6,4,2,6,2,0,0,0,10,2,6,0,0,4,0,7,2,2,2,0,23,0,9,2,5,2,0,0,0,0,6,3,58,103,161,448,220,46,45,29,171,63,4,0,0,0,0,0,0,1,0,0,0,0,0,0,0,1,0,0,0,1,6,1975
dchester,84499338f3a48a3f9aceac514af96e9ce42cd00d,0,nan,nan,22,13,5,84,89,14,4,9,10,7,7,4,38,29,11,3,0,0,3,2,2,4,8,2,0,0,0,0,8,1,5,10,3,0,1,6,8,18,5,7,39,151,10,6,5,1,8,2,6,3,6,4,2,6,2,0,0,0,10,2,6,0,0,4,0,7,2,2,2,0,23,0,9,2,5,2,0,0,0,0,6,3,58,103,161,448,220,46,45,29,171,63,4,0,0,0,0,0,0,1,0,0,0,0,0,0,0,1,0,0,0,1,6,1975
jsonpathly,84499338f3a48a3f9aceac514af96e9ce42cd00d,0,357173.5833333333,67573077.33333333,22,13,5,84,89,14,4,9,10,7,7,4,38,29,11,3,0,0,3,2,2,4,8,2,0,0,0,0,8,1,5,10,3,0,1,6,8,18,5,7,39,151,10,6,5,1,8,2,6,3,6,4,2,6,2,0,0,0,10,2,6,0,0,4,0,7,2,2,2,0,23,0,9,2,5,2,0,0,0,0,6,3,58,103,161,448,220,46,45,29,171,63,4,0,0,0,0,0,0,1,0,0,0,0,0,0,0,1,0,0,0,1,6,1975
rfc9535,84499338f3a48a3f9aceac514af96e9ce42cd00d,0,238867.25,67448832.0,22,13,5,84,89,14,4,9,10,7,7,4,38,29,11,3,0,0,3,2,2,4,8,2,0,0,0,0,8,1,5,10,3,0,1,6,8,18,5,7,39,151,10,6,5,1,8,2,6,3,6,4,2,6,2,0,0,0,10,2,6,0,0,4,0,7,2,2,2,0,23,0,9,2,5,2,0,0,0,0,6,3,58,103,161,448,220,46,45,29,171,63,4,0,0,0,0,0,0,1,0,0,0,0,0,0,0,1,0,0,0,1,6,1975
p3,84499338f3a48a3f9aceac514af96e9ce42cd00d,0,167833.33333333334,66153130.666666664,22,13,5,84,89,14,4,9,10,7,7,4,38,29,11,3,0,0,3,2,2,4,8,2,0,0,0,0,8,1,5,10,3,0,1,6,8,18,5,7,39,151,10,6,5,1,8,2,6,3,6,4,2,6,2,0,0,0,10,2,6,0,0,4,0,7,2,2,2,0,23,0,9,2,5,2,0,0,0,0,6,3,58,103,161,448,220,46,45,29,171,63,4,0,0,0,0,0,0,1,0,0,0,0,0,0,0,1,0,0,0,1,6,1975
plus,f5e26c7aa95749d4f6c3c8829253ffb7aacb72b5,0,25340.333333333332,56563029.333333336,22,13,5,84,89,14,4,9,10,7,7,4,38,29,11,3,0,0,3,2,2,4,8,2,0,0,0,0,8,1,5,10,3,0,1,6,8,18,5,7,39,151,10,6,5,1,8,2,6,3,6,4,2,6,2,0,0,0,10,2,6,0,0,4,0,7,2,2,2,0,23,0,9,2,5,2,0,0,0,0,6,3,58,103,161,448,220,46,45,29,171,63,4,0,0,0,0,0,0,1,0,0,0,0,0,0,0,1,0,0,0,1,6,1975
dchester,f5e26c7aa95749d4f6c3c8829253ffb7aacb72b5,0,nan,nan,22,13,5,84,89,14,4,9,10,7,7,4,38,29,11,3,0,0,3,2,2,4,8,2,0,0,0,0,8,1,5,10,3,0,1,6,8,18,5,7,39,151,10,6,5,1,8,2,6,3,6,4,2,6,2,0,0,0,10,2,6,0,0,4,0,7,2,2,2,0,23,0,9,2,5,2,0,0,0,0,6,3,58,103,161,448,220,46,45,29,171,63,4,0,0,0,0,0,0,1,0,0,0,0,0,0,0,1,0,0,0,1,6,1975
jsonpathly,f5e26c7aa95749d4f6c3c8829253ffb7aacb72b5,0,391567.6875,69144576.0,22,13,5,84,89,14,4,9,10,7,7,4,38,29,11,3,0,0,3,2,2,4,8,2,0,0,0,0,8,1,5,10,3,0,1,6,8,18,5,7,39,151,10,6,5,1,8,2,6,3,6,4,2,6,2,0,0,0,10,2,6,0,0,4,0,7,2,2,2,0,23,0,9,2,5,2,0,0,0,0,6,3,58,103,161,448,220,46,45,29,171,63,4,0,0,0,0,0,0,1,0,0,0,0,0,0,0,1,0,0,0,1,6,1975
rfc9535,f5e26c7aa95749d4f6c3c8829253ffb7aacb72b5,0,232104.1875,67932160.0,22,13,5,84,89,14,4,9,10,7,7,4,38,29,11,3,0,0,3,2,2,4,8,2,0,0,0,0,8,1,5,10,3,0,1,6,8,18,5,7,39,151,10,6,5,1,8,2,6,3,6,4,2,6,2,0,0,0,10,2,6,0,0,4,0,7,2,2,2,0,23,0,9,2,5,2,0,0,0,0,6,3,58,103,161,448,220,46,45,29,171,63,4,0,0,0,0,0,0,1,0,0,0,0,0,0,0,1,0,0,0,1,6,1975
p3,f5e26c7aa95749d4f6c3c8829253ffb7aacb72b5,0,169322.9375,66613248.0,22,13,5,84,89,14,4,9,10,7,7,4,38,29,11,3,0,0,3,2,2,4,8,2,0,0,0,0,8,1,5,10,3,0,1,6,8,18,5,7,39,151,10,6,5,1,8,2,6,3,6,4,2,6,2,0,0,0,10,2,6,0,0,4,0,7,2,2,2,0,23,0,9,2,5,2,0,0,0,0,6,3,58,103,161,448,220,46,45,29,171,63,4,0,0,0,0,0,0,1,0,0,0,0,0,0,0,1,0,0,0,1,6,1975
plus,2df2b0a077d30aedaaea750495e50ecc740d7d08,0,24954.2,56488755.2,22,13,5,84,89,14,4,9,10,7,7,4,38,28,11,3,0,0,3,2,2,4,8,2,0,0,0,0,8,1,5,10,3,0,1,6,8,18,5,7,39,151,10,6,5,1,8,2,6,3,6,4,2,6,2,0,0,0,10,2,6,0,0,4,0,7,2,2,2,0,23,0,9,2,5,2,0,0,0,0,6,3,58,103,161,448,220,46,45,29,171,63,4,0,0,0,0,0,0,1,0,0,0,0,0,0,0,1,0,0,0,1,6,1975
dchester,2df2b0a077d30aedaaea750495e50ecc740d7d08,0,nan,nan,22,13,5,84,89,14,4,9,10,7,7,4,38,28,11,3,0,0,3,2,2,4,8,2,0,0,0,0,8,1,5,10,3,0,1,6,8,18,5,7,39,151,10,6,5,1,8,2,6,3,6,4,2,6,2,0,0,0,10,2,6,0,0,4,0,7,2,2,2,0,23,0,9,2,5,2,0,0,0,0,6,3,58,103,161,448,220,46,45,29,171,63,4,0,0,0,0,0,0,1,0,0,0,0,0,0,0,1,0,0,0,1,6,1975
jsonpathly,2df2b0a077d30aedaaea750495e50ecc740d7d08,0,331208.3333333333,67622229.33333333,22,13,5,84,89,14,4,9,10,7,7,4,38,28,11,3,0,0,3,2,2,4,8,2,0,0,0,0,8,1,5,10,3,0,1,6,8,18,5,7,39,151,10,6,5,1,8,2,6,3,6,4,2,6,2,0,0,0,10,2,6,0,0,4,0,7,2,2,2,0,23,0,9,2,5,2,0,0,0,0,6,3,58,103,161,448,220,46,45,29,171,63,4,0,0,0,0,0,0,1,0,0,0,0,0,0,0,1,0,0,0,1,6,1975
rfc9535,2df2b0a077d30aedaaea750495e50ecc740d7d08,0,209187.83333333334,67835221.33333333,22,13,5,84,89,14,4,9,10,7,7,4,38,28,11,3,0,0,3,2,2,4,8,2,0,0,0,0,8,1,5,10,3,0,1,6,8,18,5,7,39,151,10,6,5,1,8,2,6,3,6,4,2,6,2,0,0,0,10,2,6,0,0,4,0,7,2,2,2,0,23,0,9,2,5,2,0,0,0,0,6,3,58,103,161,448,220,46,45,29,171,63,4,0,0,0,0,0,0,1,0,0,0,0,0,0,0,1,0,0,0,1,6,1975
p3,2df2b0a077d30aedaaea750495e50ecc740d7d08,0,162437.66666666666,66912256.0,22,13,5,84,89,14,4,9,10,7,7,4,38,28,11,3,0,0,3,2,2,4,8,2,0,0,0,0,8,1,5,10,3,0,1,6,8,18,5,7,39,151,10,6,5,1,8,2,6,3,6,4,2,6,2,0,0,0,10,2,6,0,0,4,0,7,2,2,2,0,23,0,9,2,5,2,0,0,0,0,6,3,58,103,161,448,220,46,45,29,171,63,4,0,0,0,0,0,0,1,0,0,0,0,0,0,0,1,0,0,0,1,6,1975
plus,1e5c2b20b0404eb7485089bf32fd14de36ff06cd,0,25946.5,56611401.14285714,22,13,5,84,89,14,4,9,10,7,7,4,39,29,11,3,0,0,3,2,2,4,8,2,0,0,0,0,8,1,5,10,3,0,1,6,8,18,5,7,39,151,10,6,5,1,8,2,6,3,6,4,2,6,2,0,0,0,10,2,6,0,0,4,0,7,2,2,2,0,23,0,9,2,5,2,0,0,0,0,6,3,58,103,161,448,220,46,46,29,171,63,4,0,0,0,0,0,0,1,0,0,0,0,0,0,0,1,0,0,0,1,6,1974
dchester,1e5c2b20b0404eb7485089bf32fd14de36ff06cd,0,nan,nan,22,13,5,84,89,14,4,9,10,7,7,4,39,29,11,3,0,0,3,2,2,4,8,2,0,0,0,0,8,1,5,10,3,0,1,6,8,18,5,7,39,151,10,6,5,1,8,2,6,3,6,4,2,6,2,0,0,0,10,2,6,0,0,4,0,7,2,2,2,0,23,0,9,2,5,2,0,0,0,0,6,3,58,103,161,448,220,46,46,29,171,63,4,0,0,0,0,0,0,1,0,0,0,0,0,0,0,1,0,0,0,1,6,1974
jsonpathly,1e5c2b20b0404eb7485089bf32fd14de36ff06cd,0,341869.625,67710976.0,22,13,5,84,89,14,4,9,10,7,7,4,39,29,11,3,0,0,3,2,2,4,8,2,0,0,0,0,8,1,5,10,3,0,1,6,8,18,5,7,39,151,10,6,5,1,8,2,6,3,6,4,2,6,2,0,0,0,10,2,6,0,0,4,0,7,2,2,2,0,23,0,9,2,5,2,0,0,0,0,6,3,58,103,161,448,220,46,46,29,171,63,4,0,0,0,0,0,0,1,0,0,0,0,0,0,0,1,0,0,0,1,6,1974
rfc9535,1e5c2b20b0404eb7485089bf32fd14de36ff06cd,0,214583.33333333334,68184746.66666667,22,13,5,84,89,14,4,9,10,7,7,4,39,29,11,3,0,0,3,2,2,4,8,2,0,0,0,0,8,1,5,10,3,0,1,6,8,18,5,7,39,151,10,6,5,1,8,2,6,3,6,4,2,6,2,0,0,0,10,2,6,0,0,4,0,7,2,2,2,0,23,0,9,2,5,2,0,0,0,0,6,3,58,103,161,448,220,46,46,29,171,63,4,0,0,0,0,0,0,1,0,0,0,0,0,0,0,1,0,0,0,1,6,1974
p3,1e5c2b20b0404eb7485089bf32fd14de36ff06cd,0,151493.0,66661034.666666664,22,13,5,84,89,14,4,9,10,7,7,4,39,29,11,3,0,0,3,2,2,4,8,2,0,0,0,0,8,1,5,10,3,0,1,6,8,18,5,7,39,151,10,6,5,1,8,2,6,3,6,4,2,6,2,0,0,0,10,2,6,0,0,4,0,7,2,2,2,0,23,0,9,2,5,2,0,0,0,0,6,3,58,103,161,448,220,46,46,29,171,63,4,0,0,0,0,0,0,1,0,0,0,0,0,0,0,1,0,0,0,1,6,1974
plus,bf2fa5f1cdf8ab24e3c974960cabfa0df5c300e9,0,25798.5,56513877.333333336,22,13,5,84,89,14,4,9,10,7,7,4,39,29,11,3,0,0,3,2,2,4,8,2,0,0,0,0,8,1,5,10,3,0,1,6,8,18,5,7,39,151,10,6,5,1,8,2,6,3,6,4,2,6,2,0,0,0,10,2,6,0,0,4,0,7,2,2,2,0,23,0,9,2,5,2,0,0,0,0,6,3,58,103,161,448,220,46,45,29,171,63,4,0,0,0,0,0,0,1,0,0,0,0,0,0,0,1,0,0,0,1,6,1974
dchester,bf2fa5f1cdf8ab24e3c974960cabfa0df5c300e9,0,nan,nan,22,13,5,84,89,14,4,9,10,7,7,4,39,29,11,3,0,0,3,2,2,4,8,2,0,0,0,0,8,1,5,10,3,0,1,6,8,18,5,7,39,151,10,6,5,1,8,2,6,3,6,4,2,6,2,0,0,0,10,2,6,0,0,4,0,7,2,2,2,0,23,0,9,2,5,2,0,0,0,0,6,3,58,103,161,448,220,46,45,29,171,63,4,0,0,0,0,0,0,1,0,0,0,0,0,0,0,1,0,0,0,1,6,1974
jsonpathly,bf2fa5f1cdf8ab24e3c974960cabfa0df5c300e9,0,336576.5,68293973.33333333,22,13,5,84,89,14,4,9,10,7,7,4,39,29,11,3,0,0,3,2,2,4,8,2,0,0,0,0,8,1,5,10,3,0,1,6,8,18,5,7,39,151,10,6,5,1,8,2,6,3,6,4,2,6,2,0,0,0,10,2,6,0,0,4,0,7,2,2,2,0,23,0,9,2,5,2,0,0,0,0,6,3,58,103,161,448,220,46,45,29,171,63,4,0,0,0,0,0,0,1,0,0,0,0,0,0,0,1,0,0,0,1,6,1974
rfc9535,bf2fa5f1cdf8ab24e3c974960cabfa0df5c300e9,0,226536.625,67821568.0,22,13,5,84,89,14,4,9,10,7,7,4,39,29,11,3,0,0,3,2,2,4,8,2,0,0,0,0,8,1,5,10,3,0,1,6,8,18,5,7,39,151,10,6,5,1,8,2,6,3,6,4,2,6,2,0,0,0,10,2,6,0,0,4,0,7,2,2,2,0,23,0,9,2,5,2,0,0,0,0,6,3,58,103,161,448,220,46,45,29,171,63,4,0,0,0,0,0,0,1,0,0,0,0,0,0,0,1,0,0,0,1,6,1974
p3,bf2fa5f1cdf8ab24e3c974960cabfa0df5c300e9,0,159975.58333333334,67067904.0,22,13,5,84,89,14,4,9,10,7,7,4,39,29,11,3,0,0,3,2,2,4,8,2,0,0,0,0,8,1,5,10,3,0,1,6,8,18,5,7,39,151,10,6,5,1,8,2,6,3,6,4,2,6,2,0,0,0,10,2,6,0,0,4,0,7,2,2,2,0,23,0,9,2,5,2,0,0,0,0,6,3,58,103,161,448,220,46,45,29,171,63,4,0,0,0,0,0,0,1,0,0,0,0,0,0,0,1,0,0,0,1,6,1974
plus,cb5f64cf70e0881efaef15c88c0981f4dd5bf90b,0,27987.0625,56657920.0,22,13,5,84,89,14,4,9,10,7,7,4,39,29,11,3,0,0,3,2,2,4,8,2,0,0,0,0,8,1,5,10,3,0,1,6,8,18,5,7,39,151,10,6,5,1,8,2,6,3,6,4,2,6,2,0,0,0,10,2,6,0,0,4,0,7,2,2,2,0,23,0,9,2,5,2,0,0,0,0,6,3,58,103,161,448,220,46,46,29,171,63,4,0,0,0,0,0,0,1,0,0,0,0,0,0,0,1,0,0,0,1,6,1974
dchester,cb5f64cf70e0881efaef15c88c0981f4dd5bf90b,0,nan,nan,22,13,5,84,89,14,4,9,10,7,7,4,39,29,11,3,0,0,3,2,2,4,8,2,0,0,0,0,8,1,5,10,3,0,1,6,8,18,5,7,39,151,10,6,5,1,8,2,6,3,6,4,2,6,2,0,0,0,10,2,6,0,0,4,0,7,2,2,2,0,23,0,9,2,5,2,0,0,0,0,6,3,58,103,161,448,220,46,46,29,171,63,4,0,0,0,0,0,0,1,0,0,0,0,0,0,0,1,0,0,0,1,6,1974
jsonpathly,cb5f64cf70e0881efaef15c88c0981f4dd5bf90b,0,357810.0625,67868672.0,22,13,5,84,89,14,4,9,10,7,7,4,39,29,11,3,0,0,3,2,2,4,8,2,0,0,0,0,8,1,5,10,3,0,1,6,8,18,5,7,39,151,10,6,5,1,8,2,6,3,6,4,2,6,2,0,0,0,10,2,6,0,0,4,0,7,2,2,2,0,23,0,9,2,5,2,0,0,0,0,6,3,58,103,161,448,220,46,46,29,171,63,4,0,0,0,0,0,0,1,0,0,0,0,0,0,0,1,0,0,0,1,6,1974
rfc9535,cb5f64cf70e0881efaef15c88c0981f4dd5bf90b,0,208823.0,67366912.0,22,13,5,84,89,14,4,9,10,7,7,4,39,29,11,3,0,0,3,2,2,4,8,2,0,0,0,0,8,1,5,10,3,0,1,6,8,18,5,7,39,151,10,6,5,1,8,2,6,3,6,4,2,6,2,0,0,0,10,2,6,0,0,4,0,7,2,2,2,0,23,0,9,2,5,2,0,0,0,0,6,3,58,103,161,448,220,46,46,29,171,63,4,0,0,0,0,0,0,1,0,0,0,0,0,0,0,1,0,0,0,1,6,1974
p3,cb5f64cf70e0881efaef15c88c0981f4dd5bf90b,0,154531.125,67215360.0,22,13,5,84,89,14,4,9,10,7,7,4,39,29,11,3,0,0,3,2,2,4,8,2,0,0,0,0,8,1,5,10,3,0,1,6,8,18,5,7,39,151,10,6,5,1,8,2,6,3,6,4,2,6,2,0,0,0,10,2,6,0,0,4,0,7,2,2,2,0,23,0,9,2,5,2,0,0,0,0,6,3,58,103,161,448,220,46,46,29,171,63,4,0,0,0,0,0,0,1,0,0,0,0,0,0,0,1,0,0,0,1,6,1974
plus,a83b42ea83e09ab6940dc4cc0916ce7397e8ca7c,0,26862.125,56649728.0,22,13,5,84,89,14,4,9,10,7,7,4,39,29,11,3,0,0,3,2,2,4,8,2,0,0,0,0,8,1,5,10,3,0,1,6,8,18,5,7,39,151,10,6,5,1,8,2,6,3,6,4,2,6,2,0,0,0,10,2,6,0,0,4,0,7,2,2,2,0,23,0,9,2,5,2,0,0,0,0,6,3,58,103,161,448,220,46,45,29,171,63,4,0,0,0,0,0,0,1,0,0,0,0,0,0,0,1,0,0,0,1,6,1974
dchester,a83b42ea83e09ab6940dc4cc0916ce7397e8ca7c,0,nan,nan,22,13,5,84,89,14,4,9,10,7,7,4,39,29,11,3,0,0,3,2,2,4,8,2,0,0,0,0,8,1,5,10,3,0,1,6,8,18,5,7,39,151,10,6,5,1,8,2,6,3,6,4,2,6,2,0,0,0,10,2,6,0,0,4,0,7,2,2,2,0,23,0,9,2,5,2,0,0,0,0,6,3,58,103,161,448,220,46,45,29,171,63,4,0,0,0,0,0,0,1,0,0,0,0,0,0,0,1,0,0,0,1,6,1974
jsonpathly,a83b42ea83e09ab6940dc4cc0916ce7397e8ca7c,0,338646.0,67130709.33333333,22,13,5,84,89,14,4,9,10,7,7,4,39,29,11,3,0,0,3,2,2,4,8,2,0,0,0,0,8,1,5,10,3,0,1,6,8,18,5,7,39,151,10,6,5,1,8,2,6,3,6,4,2,6,2,0,0,0,10,2,6,0,0,4,0,7,2,2,2,0,23,0,9,2,5,2,0,0,0,0,6,3,58,103,161,448,220,46,45,29,171,63,4,0,0,0,0,0,0,1,0,0,0,0,0,0,0,1,0,0,0,1,6,1974
rfc9535,a83b42ea83e09ab6940dc4cc0916ce7397e8ca7c,0,219382.625,67624960.0,22,13,5,84,89,14,4,9,10,7,7,4,39,29,11,3,0,0,3,2,2,4,8,2,0,0,0,0,8,1,5,10,3,0,1,6,8,18,5,7,39,151,10,6,5,1,8,2,6,3,6,4,2,6,2,0,0,0,10,2,6,0,0,4,0,7,2,2,2,0,23,0,9,2,5,2,0,0,0,0,6,3,58,103,161,448,220,46,45,29,171,63,4,0,0,0,0,0,0,1,0,0,0,0,0,0,0,1,0,0,0,1,6,1974
p3,a83b42ea83e09ab6940dc4cc0916ce7397e8ca7c,0,154566.6,66486272.0,22,13,5,84,89,14,4,9,10,7,7,4,39,29,11,3,0,0,3,2,2,4,8,2,0,0,0,0,8,1,5,10,3,0,1,6,8,18,5,7,39,151,10,6,5,1,8,2,6,3,6,4,2,6,2,0,0,0,10,2,6,0,0,4,0,7,2,2,2,0,23,0,9,2,5,2,0,0,0,0,6,3,58,103,161,448,220,46,45,29,171,63,4,0,0,0,0,0,0,1,0,0,0,0,0,0,0,1,0,0,0,1,6,1974
plus,75c1fcb49c21f4819ff75224cc720d6aaf69f101,0,27117.3125,56733696.0,22,13,5,84,89,14,4,9,10,7,7,4,39,29,11,3,0,0,3,2,2,4,8,2,0,0,0,0,8,1,5,10,3,0,1,6,8,18,5,7,39,151,10,6,5,1,8,2,6,3,6,4,2,6,2,0,0,0,10,2,6,0,0,4,0,7,2,2,2,0,23,0,9,2,5,2,0,0,0,0,6,3,58,103,161,448,220,46,46,29,171,63,4,0,0,0,0,0,0,1,0,0,0,0,0,0,0,1,0,0,0,1,6,1974
dchester,75c1fcb49c21f4819ff75224cc720d6aaf69f101,0,nan,nan,22,13,5,84,89,14,4,9,10,7,7,4,39,29,11,3,0,0,3,2,2,4,8,2,0,0,0,0,8,1,5,10,3,0,1,6,8,18,5,7,39,151,10,6,5,1,8,2,6,3,6,4,2,6,2,0,0,0,10,2,6,0,0,4,0,7,2,2,2,0,23,0,9,2,5,2,0,0,0,0,6,3,58,103,161,448,220,46,46,29,171,63,4,0,0,0,0,0,0,1,0,0,0,0,0,0,0,1,0,0,0,1,6,1974
jsonpathly,75c1fcb49c21f4819ff75224cc720d6aaf69f101,0,347114.625,67530752.0,22,13,5,84,89,14,4,9,10,7,7,4,39,29,11,3,0,0,3,2,2,4,8,2,0,0,0,0,8,1,5,10,3,0,1,6,8,18,5,7,39,151,10,6,5,1,8,2,6,3,6,4,2,6,2,0,0,0,10,2,6,0,0,4,0,7,2,2,2,0,23,0,9,2,5,2,0,0,0,0,6,3,58,103,161,448,220,46,46,29,171,63,4,0,0,0,0,0,0,1,0,0,0,0,0,0,0,1,0,0,0,1,6,1974
rfc9535,75c1fcb49c21f4819ff75224cc720d6aaf69f101,0,211711.91666666666,68012714.66666667,22,13,5,84,89,14,4,9,10,7,7,4,39,29,11,3,0,0,3,2,2,4,8,2,0,0,0,0,8,1,5,10,3,0,1,6,8,18,5,7,39,151,10,6,5,1,8,2,6,3,6,4,2,6,2,0,0,0,10,2,6,0,0,4,0,7,2,2,2,0,23,0,9,2,5,2,0,0,0,0,6,3,58,103,161,448,220,46,46,29,171,63,4,0,0,0,0,0,0,1,0,0,0,0,0,0,0,1,0,0,0,1,6,1974
p3,75c1fcb49c21f4819ff75224cc720d6aaf69f101,0,155463.375,66625536.0,22,13,5,84,89,14,4,9,10,7,7,4,39,29,11,3,0,0,3,2,2,4,8,2,0,0,0,0,8,1,5,10,3,0,1,6,8,18,5,7,39,151,10,6,5,1,8,2,6,3,6,4,2,6,2,0,0,0,10,2,6,0,0,4,0,7,2,2,2,0,23,0,9,2,5,2,0,0,0,0,6,3,58,103,161,448,220,46,46,29,171,63,4,0,0,0,0,0,0,1,0,0,0,0,0,0,0,1,0,0,0,1,6,1974
plus,127196ee3f1863589ba499649651274423ef6a58,0,27533.875,56590336.0,22,13,5,84,89,14,4,9,10,7,7,4,39,29,11,3,0,0,3,2,2,4,8,2,0,0,0,0,8,1,5,10,3,0,1,6,8,18,5,7,39,151,10,6,5,1,8,3,5,3,6,4,2,6,2,0,0,0,10,2,6,0,0,4,0,7,2,2,2,0,23,0,9,2,5,2,0,0,0,0,6,3,58,103,161,448,220,46,45,29,171,63,4,0,0,0,0,0,0,1,0,0,0,0,0,0,0,1,0,0,0,1,6,1974
dchester,127196ee3f1863589ba499649651274423ef6a58,0,nan,nan,22,13,5,84,89,14,4,9,10,7,7,4,39,29,11,3,0,0,3,2,2,4,8,2,0,0,0,0,8,1,5,10,3,0,1,6,8,18,5,7,39,151,10,6,5,1,8,3,5,3,6,4,2,6,2,0,0,0,10,2,6,0,0,4,0,7,2,2,2,0,23,0,9,2,5,2,0,0,0,0,6,3,58,103,161,448,220,46,45,29,171,63,4,0,0,0,0,0,0,1,0,0,0,0,0,0,0,1,0,0,0,1,6,1974
jsonpathly,127196ee3f1863589ba499649651274423ef6a58,0,342512.0,67750180.57142857,22,13,5,84,89,14,4,9,10,7,7,4,39,29,11,3,0,0,3,2,2,4,8,2,0,0,0,0,8,1,5,10,3,0,1,6,8,18,5,7,39,151,10,6,5,1,8,3,5,3,6,4,2,6,2,0,0,0,10,2,6,0,0,4,0,7,2,2,2,0,23,0,9,2,5,2,0,0,0,0,6,3,58,103,161,448,220,46,45,29,171,63,4,0,0,0,0,0,0,1,0,0,0,0,0,0,0,1,0,0,0,1,6,1974
rfc9535,127196ee3f1863589ba499649651274423ef6a58,0,214098.6875,67440640.0,22,13,5,84,89,14,4,9,10,7,7,4,39,29,11,3,0,0,3,2,2,4,8,2,0,0,0,0,8,1,5,10,3,0,1,6,8,18,5,7,39,151,10,6,5,1,8,3,5,3,6,4,2,6,2,0,0,0,10,2,6,0,0,4,0,7,2,2,2,0,23,0,9,2,5,2,0,0,0,0,6,3,58,103,161,448,220,46,45,29,171,63,4,0,0,0,0,0,0,1,0,0,0,0,0,0,0,1,0,0,0,1,6,1974
p3,127196ee3f1863589ba499649651274423ef6a58,0,163875.0,67790438.4,22,13,5,84,89,14,4,9,10,7,7,4,39,29,11,3,0,0,3,2,2,4,8,2,0,0,0,0,8,1,5,10,3,0,1,6,8,18,5,7,39,151,10,6,5,1,8,3,5,3,6,4,2,6,2,0,0,0,10,2,6,0,0,4,0,7,2,2,2,0,23,0,9,2,5,2,0,0,0,0,6,3,58,103,161,448,220,46,45,29,171,63,4,0,0,0,0,0,0,1,0,0,0,0,0,0,0,1,0,0,0,1,6,1974
plus,90f71ba8fa4674419f5590de3f2b263812340c31,0,26708.3125,56512512.0,22,13,5,84,89,14,4,9,10,7,7,4,39,29,11,3,0,0,3,2,2,4,8,2,0,0,0,0,8,1,5,10,3,0,1,6,8,18,5,7,39,151,10,6,5,1,8,2,6,3,6,4,2,6,2,0,0,0,10,2,6,0,0,4,0,7,2,2,2,0,23,0,9,2,5,2,0,0,0,0,6,3,58,103,161,448,220,46,45,29,171,63,4,0,0,0,0,0,0,1,0,0,0,0,0,0,0,1,0,0,0,1,6,1974
dchester,90f71ba8fa4674419f5590de3f2b263812340c31,0,nan,nan,22,13,5,84,89,14,4,9,10,7,7,4,39,29,11,3,0,0,3,2,2,4,8,2,0,0,0,0,8,1,5,10,3,0,1,6,8,18,5,7,39,151,10,6,5,1,8,2,6,3,6,4,2,6,2,0,0,0,10,2,6,0,0,4,0,7,2,2,2,0,23,0,9,2,5,2,0,0,0,0,6,3,58,103,161,448,220,46,45,29,171,63,4,0,0,0,0,0,0,1,0,0,0,0,0,0,0,1,0,0,0,1,6,1974
jsonpathly,90f71ba8fa4674419f5590de3f2b263812340c31,0,342118.1666666667,67065173.333333336,22,13,5,84,89,14,4,9,10,7,7,4,39,29,11,3,0,0,3,2,2,4,8,2,0,0,0,0,8,1,5,10,3,0,1,6,8,18,5,7,39,151,10,6,5,1,8,2,6,3,6,4,2,6,2,0,0,0,10,2,6,0,0,4,0,7,2,2,2,0,23,0,9,2,5,2,0,0,0,0,6,3,58,103,161,448,220,46,45,29,171,63,4,0,0,0,0,0,0,1,0,0,0,0,0,0,0,1,0,0,0,1,6,1974
rfc9535,90f71ba8fa4674419f5590de3f2b263812340c31,0,216100.66666666666,67261781.33333333,22,13,5,84,89,14,4,9,10,7,7,4,39,29,11,3,0,0,3,2,2,4,8,2,0,0,0,0,8,1,5,10,3,0,1,6,8,18,5,7,39,151,10,6,5,1,8,2,6,3,6,4,2,6,2,0,0,0,10,2,6,0,0,4,0,7,2,2,2,0,23,0,9,2,5,2,0,0,0,0,6,3,58,103,161,448,220,46,45,29,171,63,4,0,0,0,0,0,0,1,0,0,0,0,0,0,0,1,0,0,0,1,6,1974
p3,90f71ba8fa4674419f5590de3f2b263812340c31,0,172278.6875,66676736.0,22,13,5,84,89,14,4,9,10,7,7,4,39,29,11,3,0,0,3,2,2,4,8,2,0,0,0,0,8,1,5,10,3,0,1,6,8,18,5,7,39,151,10,6,5,1,8,2,6,3,6,4,2,6,2,0,0,0,10,2,6,0,0,4,0,7,2,2,2,0,23,0,9,2,5,2,0,0,0,0,6,3,58,103,161,448,220,46,45,29,171,63,4,0,0,0,0,0,0,1,0,0,0,0,0,0,0,1,0,0,0,1,6,1974
plus,dbdb1fe870d695d9f4c370809fd0cd73c1d0976c,0,28507.8125,57249792.0,9,0,0,421,421,0,9,188,197,102,102,72,235,195,95,49,15,51,34,2,1,3,6,1,1,0,1,83,46,11,41,58,0,0,0,0,0,0,0,0,0,5,0,0,0,0,0,0,0,0,0,0,0,0,0,0,0,0,0,0,0,0,0,0,0,0,0,0,0,0,16,0,9,0,0,0,0,0,0,0,0,0,0,0,0,0,0,0,0,0,0,0,10,0,0,0,0,0,0,4,0,0,2,0,0,0,0,1,0,3,0,1,33,1355
dchester,dbdb1fe870d695d9f4c370809fd0cd73c1d0976c,0,299305.5,71428778.66666667,9,0,0,421,421,0,9,188,197,102,102,72,235,195,95,49,15,51,34,2,1,3,6,1,1,0,1,83,46,11,41,58,0,0,0,0,0,0,0,0,0,5,0,0,0,0,0,0,0,0,0,0,0,0,0,0,0,0,0,0,0,0,0,0,0,0,0,0,0,0,16,0,9,0,0,0,0,0,0,0,0,0,0,0,0,0,0,0,0,0,0,0,10,0,0,0,0,0,0,4,0,0,2,0,0,0,0,1,0,3,0,1,33,1355
jsonpathly,dbdb1fe870d695d9f4c370809fd0cd73c1d0976c,0,111848.875,63815680.0,9,0,0,421,421,0,9,188,197,102,102,72,235,195,95,49,15,51,34,2,1,3,6,1,1,0,1,83,46,11,41,58,0,0,0,0,0,0,0,0,0,5,0,0,0,0,0,0,0,0,0,0,0,0,0,0,0,0,0,0,0,0,0,0,0,0,0,0,0,0,16,0,9,0,0,0,0,0,0,0,0,0,0,0,0,0,0,0,0,0,0,0,10,0,0,0,0,0,0,4,0,0,2,0,0,0,0,1,0,3,0,1,33,1355
rfc9535,dbdb1fe870d695d9f4c370809fd0cd73c1d0976c,0,143632.0,67458389.33333333,9,0,0,421,421,0,9,188,197,102,102,72,235,195,95,49,15,51,34,2,1,3,6,1,1,0,1,83,46,11,41,58,0,0,0,0,0,0,0,0,0,5,0,0,0,0,0,0,0,0,0,0,0,0,0,0,0,0,0,0,0,0,0,0,0,0,0,0,0,0,16,0,9,0,0,0,0,0,0,0,0,0,0,0,0,0,0,0,0,0,0,0,10,0,0,0,0,0,0,4,0,0,2,0,0,0,0,1,0,3,0,1,33,1355
p3,dbdb1fe870d695d9f4c370809fd0cd73c1d0976c,0,98138.5,65202858.666666664,9,0,0,421,421,0,9,188,197,102,102,72,235,195,95,49,15,51,34,2,1,3,6,1,1,0,1,83,46,11,41,58,0,0,0,0,0,0,0,0,0,5,0,0,0,0,0,0,0,0,0,0,0,0,0,0,0,0,0,0,0,0,0,0,0,0,0,0,0,0,16,0,9,0,0,0,0,0,0,0,0,0,0,0,0,0,0,0,0,0,0,0,10,0,0,0,0,0,0,4,0,0,2,0,0,0,0,1,0,3,0,1,33,1355
plus,8754d250a214750a2ccb6ada2875e06638777f6b,0,41385.375,55955456.0,3,3,2,7204,7206,0,1,124,125,66,66,43,209,138,59,30,10,726,431,51,22,56,163,22,29,17,12,1426,29,6,611,1181,0,0,0,0,0,0,0,0,0,0,0,0,0,0,0,0,0,0,0,0,0,0,0,0,0,0,0,0,0,0,0,0,0,0,0,0,0,0,0,0,0,0,0,0,0,0,0,0,0,0,0,0,0,0,0,0,0,0,0,0,4,0,0,0,0,0,0,1,0,0,0,0,0,0,0,1,0,0,0,1,6,10313
dchester,8754d250a214750a2ccb6ada2875e06638777f6b,0,196881.83333333334,70003370.66666667,3,3,2,7204,7206,0,1,124,125,66,66,43,209,138,59,30,10,726,431,51,22,56,163,22,29,17,12,1426,29,6,611,1181,0,0,0,0,0,0,0,0,0,0,0,0,0,0,0,0,0,0,0,0,0,0,0,0,0,0,0,0,0,0,0,0,0,0,0,0,0,0,0,0,0,0,0,0,0,0,0,0,0,0,0,0,0,0,0,0,0,0,0,0,4,0,0,0,0,0,0,1,0,0,0,0,0,0,0,1,0,0,0,1,6,10313
jsonpathly,8754d250a214750a2ccb6ada2875e06638777f6b,0,504104.3333333333,70380202.66666667,3,3,2,7204,7206,0,1,124,125,66,66,43,209,138,59,30,10,726,431,51,22,56,163,22,29,17,12,1426,29,6,611,1181,0,0,0,0,0,0,0,0,0,0,0,0,0,0,0,0,0,0,0,0,0,0,0,0,0,0,0,0,0,0,0,0,0,0,0,0,0,0,0,0,0,0,0,0,0,0,0,0,0,0,0,0,0,0,0,0,0,0,0,0,4,0,0,0,0,0,0,1,0,0,0,0,0,0,0,1,0,0,0,1,6,10313
rfc9535,8754d250a214750a2ccb6ada2875e06638777f6b,0,616347.1666666666,72717653.33333333,3,3,2,7204,7206,0,1,124,125,66,66,43,209,138,59,30,10,726,431,51,22,56,163,22,29,17,12,1426,29,6,611,1181,0,0,0,0,0,0,0,0,0,0,0,0,0,0,0,0,0,0,0,0,0,0,0,0,0,0,0,0,0,0,0,0,0,0,0,0,0,0,0,0,0,0,0,0,0,0,0,0,0,0,0,0,0,0,0,0,0,0,0,0,4,0,0,0,0,0,0,1,0,0,0,0,0,0,0,1,0,0,0,1,6,10313
p3,8754d250a214750a2ccb6ada2875e06638777f6b,0,528369.75,68407296.0,3,3,2,7204,7206,0,1,124,125,66,66,43,209,138,59,30,10,726,431,51,22,56,163,22,29,17,12,1426,29,6,611,1181,0,0,0,0,0,0,0,0,0,0,0,0,0,0,0,0,0,0,0,0,0,0,0,0,0,0,0,0,0,0,0,0,0,0,0,0,0,0,0,0,0,0,0,0,0,0,0,0,0,0,0,0,0,0,0,0,0,0,0,0,4,0,0,0,0,0,0,1,0,0,0,0,0,0,0,1,0,0,0,1,6,10313
plus,2cb0dc16e75cddb0f1a83697e710b960fe052fde,0,74802.0,57241600.0,2,0,0,7609,7609,1,1,190,191,95,95,65,234,183,96,47,7,662,418,55,28,66,183,28,27,17,10,1308,49,9,617,1195,0,0,0,0,0,0,0,0,0,0,0,0,0,0,0,0,0,0,0,0,0,0,0,0,0,0,0,0,0,0,0,0,0,0,0,0,0,0,0,0,2,0,0,0,0,0,0,0,0,0,0,0,0,0,0,0,0,0,0,0,4,0,0,0,0,0,0,1,0,0,0,0,0,0,0,1,0,0,0,1,6,10859
dchester,2cb0dc16e75cddb0f1a83697e710b960fe052fde,0,367090.5,71816533.33333333,2,0,0,7609,7609,1,1,190,191,95,95,65,234,183,96,47,7,662,418,55,28,66,183,28,27,17,10,1308,49,9,617,1195,0,0,0,0,0,0,0,0,0,0,0,0,0,0,0,0,0,0,0,0,0,0,0,0,0,0,0,0,0,0,0,0,0,0,0,0,0,0,0,0,2,0,0,0,0,0,0,0,0,0,0,0,0,0,0,0,0,0,0,0,4,0,0,0,0,0,0,1,0,0,0,0,0,0,0,1,0,0,0,1,6,10859
jsonpathly,2cb0dc16e75cddb0f1a83697e710b960fe052fde,0,525826.3333333334,70702421.33333333,2,0,0,7609,7609,1,1,190,191,95,95,65,234,183,96,47,7,662,418,55,28,66,183,28,27,17,10,1308,49,9,617,1195,0,0,0,0,0,0,0,0,0,0,0,0,0,0,0,0,0,0,0,0,0,0,0,0,0,0,0,0,0,0,0,0,0,0,0,0,0,0,0,0,2,0,0,0,0,0,0,0,0,0,0,0,0,0,0,0,0,0,0,0,4,0,0,0,0,0,0,1,0,0,0,0,0,0,0,1,0,0,0,1,6,10859
rfc9535,2cb0dc16e75cddb0f1a83697e710b960fe052fde,0,660357.5,70808917.33333333,2,0,0,7609,7609,1,1,190,191,95,95,65,234,183,96,47,7,662,418,55,28,66,183,28,27,17,10,1308,49,9,617,1195,0,0,0,0,0,0,0,0,0,0,0,0,0,0,0,0,0,0,0,0,0,0,0,0,0,0,0,0,0,0,0,0,0,0,0,0,0,0,0,0,2,0,0,0,0,0,0,0,0,0,0,0,0,0,0,0,0,0,0,0,4,0,0,0,0,0,0,1,0,0,0,0,0,0,0,1,0,0,0,1,6,10859
p3,2cb0dc16e75cddb0f1a83697e710b960fe052fde,0,550291.6666666666,66874026.666666664,2,0,0,7609,7609,1,1,190,191,95,95,65,234,183,96,47,7,662,418,55,28,66,183,28,27,17,10,1308,49,9,617,1195,0,0,0,0,0,0,0,0,0,0,0,0,0,0,0,0,0,0,0,0,0,0,0,0,0,0,0,0,0,0,0,0,0,0,0,0,0,0,0,0,2,0,0,0,0,0,0,0,0,0,0,0,0,0,0,0,0,0,0,0,4,0,0,0,0,0,0,1,0,0,0,0,0,0,0,1,0,0,0,1,6,10859
plus,befaa3f279f350d90716498966282fae13d8cd10,0,42713.5,56479744.0,6,3,1,6398,6399,1,4,124,126,66,66,43,158,122,64,33,7,835,472,72,27,70,227,27,45,29,16,1648,31,5,539,1117,2,0,1,1,2,3,0,0,8,1172,1,0,0,0,3,1,2,2,4,4,2,0,0,0,0,0,1,1,2,2,1,1,0,3,2,0,0,0,0,0,3,0,3,0,0,0,0,0,0,0,0,0,0,0,0,0,0,0,0,0,4,0,0,0,0,0,0,1,0,0,0,0,0,0,0,1,0,0,0,1,7,10861
dchester,befaa3f279f350d90716498966282fae13d8cd10,0,nan,nan,6,3,1,6398,6399,1,4,124,126,66,66,43,158,122,64,33,7,835,472,72,27,70,227,27,45,29,16,1648,31,5,539,1117,2,0,1,1,2,3,0,0,8,1172,1,0,0,0,3,1,2,2,4,4,2,0,0,0,0,0,1,1,2,2,1,1,0,3,2,0,0,0,0,0,3,0,3,0,0,0,0,0,0,0,0,0,0,0,0,0,0,0,0,0,4,0,0,0,0,0,0,1,0,0,0,0,0,0,0,1,0,0,0,1,7,10861
jsonpathly,befaa3f279f350d90716498966282fae13d8cd10,0,595133.4,71548928.0,6,3,1,6398,6399,1,4,124,126,66,66,43,158,122,64,33,7,835,472,72,27,70,227,27,45,29,16,1648,31,5,539,1117,2,0,1,1,2,3,0,0,8,1172,1,0,0,0,3,1,2,2,4,4,2,0,0,0,0,0,1,1,2,2,1,1,0,3,2,0,0,0,0,0,3,0,3,0,0,0,0,0,0,0,0,0,0,0,0,0,0,0,0,0,4,0,0,0,0,0,0,1,0,0,0,0,0,0,0,1,0,0,0,1,7,10861
rfc9535,befaa3f279f350d90716498966282fae13d8cd10,0,663820.7,72744960.0,6,3,1,6398,6399,1,4,124,126,66,66,43,158,122,64,33,7,835,472,72,27,70,227,27,45,29,16,1648,31,5,539,1117,2,0,1,1,2,3,0,0,8,1172,1,0,0,0,3,1,2,2,4,4,2,0,0,0,0,0,1,1,2,2,1,1,0,3,2,0,0,0,0,0,3,0,3,0,0,0,0,0,0,0,0,0,0,0,0,0,0,0,0,0,4,0,0,0,0,0,0,1,0,0,0,0,0,0,0,1,0,0,0,1,7,10861
p3,befaa3f279f350d90716498966282fae13d8cd10,0,537833.4,67554508.8,6,3,1,6398,6399,1,4,124,126,66,66,43,158,122,64,33,7,835,472,72,27,70,227,27,45,29,16,1648,31,5,539,1117,2,0,1,1,2,3,0,0,8,1172,1,0,0,0,3,1,2,2,4,4,2,0,0,0,0,0,1,1,2,2,1,1,0,3,2,0,0,0,0,0,3,0,3,0,0,0,0,0,0,0,0,0,0,0,0,0,0,0,0,0,4,0,0,0,0,0,0,1,0,0,0,0,0,0,0,1,0,0,0,1,7,10861
plus,c8823ca8e8946cb822857c90d91b221e0d5772fb,0,nan,nan,12,5,25,3944,3969,3,6,14,15,54,54,39,108,90,30,15,2,126,142,15,6,17,46,6,9,4,5,274,15,2,297,586,5,1,2,13,20,35,11,10,24,7177,18,1,1,0,19,8,11,6,12,5,7,5,0,1,0,1,15,7,4,3,0,2,4,89,3,0,0,0,1,0,7,45,44,0,0,0,0,0,1,0,0,0,0,0,0,0,0,0,0,0,4,0,0,0,0,0,0,1,0,0,0,0,0,0,0,1,0,0,0,1,6,12589
dchester,c8823ca8e8946cb822857c90d91b221e0d5772fb,0,nan,nan,12,5,25,3944,3969,3,6,14,15,54,54,39,108,90,30,15,2,126,142,15,6,17,46,6,9,4,5,274,15,2,297,586,5,1,2,13,20,35,11,10,24,7177,18,1,1,0,19,8,11,6,12,5,7,5,0,1,0,1,15,7,4,3,0,2,4,89,3,0,0,0,1,0,7,45,44,0,0,0,0,0,1,0,0,0,0,0,0,0,0,0,0,0,4,0,0,0,0,0,0,1,0,0,0,0,0,0,0,1,0,0,0,1,6,12589
jsonpathly,c8823ca8e8946cb822857c90d91b221e0d5772fb,0,1310088.625,72417280.0,12,5,25,3944,3969,3,6,14,15,54,54,39,108,90,30,15,2,126,142,15,6,17,46,6,9,4,5,274,15,2,297,586,5,1,2,13,20,35,11,10,24,7177,18,1,1,0,19,8,11,6,12,5,7,5,0,1,0,1,15,7,4,3,0,2,4,89,3,0,0,0,1,0,7,45,44,0,0,0,0,0,1,0,0,0,0,0,0,0,0,0,0,0,4,0,0,0,0,0,0,1,0,0,0,0,0,0,0,1,0,0,0,1,6,12589
rfc9535,c8823ca8e8946cb822857c90d91b221e0d5772fb,0,646666.8333333334,68785493.33333333,12,5,25,3944,3969,3,6,14,15,54,54,39,108,90,30,15,2,126,142,15,6,17,46,6,9,4,5,274,15,2,297,586,5,1,2,13,20,35,11,10,24,7177,18,1,1,0,19,8,11,6,12,5,7,5,0,1,0,1,15,7,4,3,0,2,4,89,3,0,0,0,1,0,7,45,44,0,0,0,0,0,1,0,0,0,0,0,0,0,0,0,0,0,4,0,0,0,0,0,0,1,0,0,0,0,0,0,0,1,0,0,0,1,6,12589
p3,c8823ca8e8946cb822857c90d91b221e0d5772fb,0,395864.5,68517888.0,12,5,25,3944,3969,3,6,14,15,54,54,39,108,90,30,15,2,126,142,15,6,17,46,6,9,4,5,274,15,2,297,586,5,1,2,13,20,35,11,10,24,7177,18,1,1,0,19,8,11,6,12,5,7,5,0,1,0,1,15,7,4,3,0,2,4,89,3,0,0,0,1,0,7,45,44,0,0,0,0,0,1,0,0,0,0,0,0,0,0,0,0,0,4,0,0,0,0,0,0,1,0,0,0,0,0,0,0,1,0,0,0,1,6,12589
plus,f18dcb220318cb2b7cbc4707e7dceea2cba78682,0,8201.5,54815402.666666664,4,2,2,45,47,0,2,7,9,5,5,5,47,36,4,4,1,3,2,0,0,0,0,0,0,0,0,6,0,0,0,0,0,0,0,0,0,0,0,0,0,122,0,0,0,0,0,0,0,0,0,0,0,0,0,0,0,0,0,0,0,0,0,0,0,0,0,3,0,0,4,0,2,0,0,4,0,0,0,0,0,0,0,0,0,0,0,0,0,0,0,0,70,2,6,1,1,1,0,26,5,4,3,0,0,0,4,4,5,16,4,7,188,61
dchester,f18dcb220318cb2b7cbc4707e7dceea2cba78682,0,49899.166666666664,64899754.666666664,4,2,2,45,47,0,2,7,9,5,5,5,47,36,4,4,1,3,2,0,0,0,0,0,0,0,0,6,0,0,0,0,0,0,0,0,0,0,0,0,0,122,0,0,0,0,0,0,0,0,0,0,0,0,0,0,0,0,0,0,0,0,0,0,0,0,0,3,0,0,4,0,2,0,0,4,0,0,0,0,0,0,0,0,0,0,0,0,0,0,0,0,70,2,6,1,1,1,0,26,5,4,3,0,0,0,4,4,5,16,4,7,188,61
jsonpathly,f18dcb220318cb2b7cbc4707e7dceea2cba78682,0,26109.5,57554944.0,4,2,2,45,47,0,2,7,9,5,5,5,47,36,4,4,1,3,2,0,0,0,0,0,0,0,0,6,0,0,0,0,0,0,0,0,0,0,0,0,0,122,0,0,0,0,0,0,0,0,0,0,0,0,0,0,0,0,0,0,0,0,0,0,0,0,0,3,0,0,4,0,2,0,0,4,0,0,0,0,0,0,0,0,0,0,0,0,0,0,0,0,70,2,6,1,1,1,0,26,5,4,3,0,0,0,4,4,5,16,4,7,188,61
rfc9535,f18dcb220318cb2b7cbc4707e7dceea2cba78682,0,19302.125,58318848.0,4,2,2,45,47,0,2,7,9,5,5,5,47,36,4,4,1,3,2,0,0,0,0,0,0,0,0,6,0,0,0,0,0,0,0,0,0,0,0,0,0,122,0,0,0,0,0,0,0,0,0,0,0,0,0,0,0,0,0,0,0,0,0,0,0,0,0,3,0,0,4,0,2,0,0,4,0,0,0,0,0,0,0,0,0,0,0,0,0,0,0,0,70,2,6,1,1,1,0,26,5,4,3,0,0,0,4,4,5,16,4,7,188,61
p3,f18dcb220318cb2b7cbc4707e7dceea2cba78682,0,22026.125,56662016.0,4,2,2,45,47,0,2,7,9,5,5,5,47,36,4,4,1,3,2,0,0,0,0,0,0,0,0,6,0,0,0,0,0,0,0,0,0,0,0,0,0,122,0,0,0,0,0,0,0,0,0,0,0,0,0,0,0,0,0,0,0,0,0,0,0,0,0,3,0,0,4,0,2,0,0,4,0,0,0,0,0,0,0,0,0,0,0,0,0,0,0,0,70,2,6,1,1,1,0,26,5,4,3,0,0,0,4,4,5,16,4,7,188,61
plus,b780928dd5ededb01bf15804568303d10f955edc,0,nan,nan,3,0,0,203,203,0,3,0,0,0,0,0,0,0,0,0,0,0,0,0,0,0,0,0,0,0,0,0,0,0,0,0,3,0,3,3,4,4,0,2,20,48,4,4,4,0,1,1,0,0,0,1,1,2,0,0,0,0,0,1,4,0,1,0,0,0,1,0,0,0,208,0,3,0,0,0,0,0,0,0,4,4,4,1,5,11,6,2,11,11,1425,411,4,0,0,0,0,0,0,1,0,0,0,0,0,0,0,1,0,0,0,1,7,3618
dchester,b780928dd5ededb01bf15804568303d10f955edc,0,nan,nan,3,0,0,203,203,0,3,0,0,0,0,0,0,0,0,0,0,0,0,0,0,0,0,0,0,0,0,0,0,0,0,0,3,0,3,3,4,4,0,2,20,48,4,4,4,0,1,1,0,0,0,1,1,2,0,0,0,0,0,1,4,0,1,0,0,0,1,0,0,0,208,0,3,0,0,0,0,0,0,0,4,4,4,1,5,11,6,2,11,11,1425,411,4,0,0,0,0,0,0,1,0,0,0,0,0,0,0,1,0,0,0,1,7,3618
jsonpathly,b780928dd5ededb01bf15804568303d10f955edc,0,525788.0,68463274.66666667,3,0,0,203,203,0,3,0,0,0,0,0,0,0,0,0,0,0,0,0,0,0,0,0,0,0,0,0,0,0,0,0,3,0,3,3,4,4,0,2,20,48,4,4,4,0,1,1,0,0,0,1,1,2,0,0,0,0,0,1,4,0,1,0,0,0,1,0,0,0,208,0,3,0,0,0,0,0,0,0,4,4,4,1,5,11,6,2,11,11,1425,411,4,0,0,0,0,0,0,1,0,0,0,0,0,0,0,1,0,0,0,1,7,3618
rfc9535,b780928dd5ededb01bf15804568303d10f955edc,0,320163.78571428574,66245193.14285714,3,0,0,203,203,0,3,0,0,0,0,0,0,0,0,0,0,0,0,0,0,0,0,0,0,0,0,0,0,0,0,0,3,0,3,3,4,4,0,2,20,48,4,4,4,0,1,1,0,0,0,1,1,2,0,0,0,0,0,1,4,0,1,0,0,0,1,0,0,0,208,0,3,0,0,0,0,0,0,0,4,4,4,1,5,11,6,2,11,11,1425,411,4,0,0,0,0,0,0,1,0,0,0,0,0,0,0,1,0,0,0,1,7,3618
p3,b780928dd5ededb01bf15804568303d10f955edc,0,159671.875,63901696.0,3,0,0,203,203,0,3,0,0,0,0,0,0,0,0,0,0,0,0,0,0,0,0,0,0,0,0,0,0,0,0,0,3,0,3,3,4,4,0,2,20,48,4,4,4,0,1,1,0,0,0,1,1,2,0,0,0,0,0,1,4,0,1,0,0,0,1,0,0,0,208,0,3,0,0,0,0,0,0,0,4,4,4,1,5,11,6,2,11,11,1425,411,4,0,0,0,0,0,0,1,0,0,0,0,0,0,0,1,0,0,0,1,7,3618
plus,1156ff656295f67ac0d778bcb647fa8455ec50ca,0,2794.3125,54269952.0,0,0,0,20,20,0,0,0,0,0,0,2,18,12,0,0,0,0,0,0,0,0,0,0,0,0,0,0,0,0,0,0,0,0,0,0,0,0,0,0,0,95,0,0,0,0,0,0,0,0,0,0,0,0,0,0,0,0,0,0,0,0,0,0,0,0,0,2,0,0,12,0,0,0,0,2,0,0,0,0,0,0,0,0,0,0,0,0,0,0,0,0,34,2,3,0,0,0,0,13,2,2,4,0,0,0,0,1,2,9,1,2,109,1
dchester,1156ff656295f67ac0d778bcb647fa8455ec50ca,0,4708.166666666667,60118357.333333336,0,0,0,20,20,0,0,0,0,0,0,2,18,12,0,0,0,0,0,0,0,0,0,0,0,0,0,0,0,0,0,0,0,0,0,0,0,0,0,0,0,95,0,0,0,0,0,0,0,0,0,0,0,0,0,0,0,0,0,0,0,0,0,0,0,0,0,2,0,0,12,0,0,0,0,2,0,0,0,0,0,0,0,0,0,0,0,0,0,0,0,0,34,2,3,0,0,0,0,13,2,2,4,0,0,0,0,1,2,9,1,2,109,1
jsonpathly,1156ff656295f67ac0d778bcb647fa8455ec50ca,0,8597.0,56524800.0,0,0,0,20,20,0,0,0,0,0,0,2,18,12,0,0,0,0,0,0,0,0,0,0,0,0,0,0,0,0,0,0,0,0,0,0,0,0,0,0,0,95,0,0,0,0,0,0,0,0,0,0,0,0,0,0,0,0,0,0,0,0,0,0,0,0,0,2,0,0,12,0,0,0,0,2,0,0,0,0,0,0,0,0,0,0,0,0,0,0,0,0,34,2,3,0,0,0,0,13,2,2,4,0,0,0,0,1,2,9,1,2,109,1
rfc9535,1156ff656295f67ac0d778bcb647fa8455ec50ca,0,5763.833333333333,57780906.666666664,0,0,0,20,20,0,0,0,0,0,0,2,18,12,0,0,0,0,0,0,0,0,0,0,0,0,0,0,0,0,0,0,0,0,0,0,0,0,0,0,0,95,0,0,0,0,0,0,0,0,0,0,0,0,0,0,0,0,0,0,0,0,0,0,0,0,0,2,0,0,12,0,0,0,0,2,0,0,0,0,0,0,0,0,0,0,0,0,0,0,0,0,34,2,3,0,0,0,0,13,2,2,4,0,0,0,0,1,2,9,1,2,109,1
p3,1156ff656295f67ac0d778bcb647fa8455ec50ca,0,1843.625,54497280.0,0,0,0,20,20,0,0,0,0,0,0,2,18,12,0,0,0,0,0,0,0,0,0,0,0,0,0,0,0,0,0,0,0,0,0,0,0,0,0,0,0,95,0,0,0,0,0,0,0,0,0,0,0,0,0,0,0,0,0,0,0,0,0,0,0,0,0,2,0,0,12,0,0,0,0,2,0,0,0,0,0,0,0,0,0,0,0,0,0,0,0,0,34,2,3,0,0,0,0,13,2,2,4,0,0,0,0,1,2,9,1,2,109,1
plus,4ea107a0170a497cbbf87208ae4a41f0b2cb30c9,0,2737.4,54188441.6,0,0,0,0,0,0,0,0,0,0,0,1,5,3,0,0,0,0,0,0,0,0,0,0,0,0,0,0,0,0,0,0,0,0,0,0,0,0,0,0,0,30,0,0,0,0,0,0,0,0,0,0,0,0,0,0,0,0,0,0,0,0,0,0,0,0,0,1,0,0,2,0,0,0,0,1,0,0,0,0,0,0,0,0,0,0,0,0,0,0,0,0,15,0,0,0,0,0,0,6,1,1,1,0,0,0,1,1,0,5,0,2,38,1
dchester,4ea107a0170a497cbbf87208ae4a41f0b2cb30c9,0,4724.0,59863040.0,0,0,0,0,0,0,0,0,0,0,0,1,5,3,0,0,0,0,0,0,0,0,0,0,0,0,0,0,0,0,0,0,0,0,0,0,0,0,0,0,0,30,0,0,0,0,0,0,0,0,0,0,0,0,0,0,0,0,0,0,0,0,0,0,0,0,0,1,0,0,2,0,0,0,0,1,0,0,0,0,0,0,0,0,0,0,0,0,0,0,0,0,15,0,0,0,0,0,0,6,1,1,1,0,0,0,1,1,0,5,0,2,38,1
jsonpathly,4ea107a0170a497cbbf87208ae4a41f0b2cb30c9,0,8972.333333333334,56552106.666666664,0,0,0,0,0,0,0,0,0,0,0,1,5,3,0,0,0,0,0,0,0,0,0,0,0,0,0,0,0,0,0,0,0,0,0,0,0,0,0,0,0,30,0,0,0,0,0,0,0,0,0,0,0,0,0,0,0,0,0,0,0,0,0,0,0,0,0,1,0,0,2,0,0,0,0,1,0,0,0,0,0,0,0,0,0,0,0,0,0,0,0,0,15,0,0,0,0,0,0,6,1,1,1,0,0,0,1,1,0,5,0,2,38,1
rfc9535,4ea107a0170a497cbbf87208ae4a41f0b2cb30c9,0,5771.083333333333,57707178.666666664,0,0,0,0,0,0,0,0,0,0,0,1,5,3,0,0,0,0,0,0,0,0,0,0,0,0,0,0,0,0,0,0,0,0,0,0,0,0,0,0,0,30,0,0,0,0,0,0,0,0,0,0,0,0,0,0,0,0,0,0,0,0,0,0,0,0,0,1,0,0,2,0,0,0,0,1,0,0,0,0,0,0,0,0,0,0,0,0,0,0,0,0,15,0,0,0,0,0,0,6,1,1,1,0,0,0,1,1,0,5,0,2,38,1
p3,4ea107a0170a497cbbf87208ae4a41f0b2cb30c9,0,1854.0625,54503424.0,0,0,0,0,0,0,0,0,0,0,0,1,5,3,0,0,0,0,0,0,0,0,0,0,0,0,0,0,0,0,0,0,0,0,0,0,0,0,0,0,0,30,0,0,0,0,0,0,0,0,0,0,0,0,0,0,0,0,0,0,0,0,0,0,0,0,0,1,0,0,2,0,0,0,0,1,0,0,0,0,0,0,0,0,0,0,0,0,0,0,0,0,15,0,0,0,0,0,0,6,1,1,1,0,0,0,1,1,0,5,0,2,38,1
plus,40c443e4ca947a0d440ac24b623874bc9f832ef6,0,2788.25,54241962.666666664,0,0,0,0,0,0,0,0,0,0,0,1,8,5,0,0,0,0,0,0,0,0,0,0,0,0,0,0,0,0,0,0,0,0,0,0,0,0,0,0,0,35,0,0,0,0,0,0,0,0,0,0,0,0,0,0,0,0,0,0,0,0,0,0,0,0,0,1,0,0,15,0,0,0,0,0,0,0,0,0,0,0,0,0,0,0,0,0,0,0,0,0,22,0,0,0,0,2,0,10,1,0,6,1,2,3,1,2,0,8,0,2,62,1
dchester,40c443e4ca947a0d440ac24b623874bc9f832ef6,0,4770.75,59817984.0,0,0,0,0,0,0,0,0,0,0,0,1,8,5,0,0,0,0,0,0,0,0,0,0,0,0,0,0,0,0,0,0,0,0,0,0,0,0,0,0,0,35,0,0,0,0,0,0,0,0,0,0,0,0,0,0,0,0,0,0,0,0,0,0,0,0,0,1,0,0,15,0,0,0,0,0,0,0,0,0,0,0,0,0,0,0,0,0,0,0,0,0,22,0,0,0,0,2,0,10,1,0,6,1,2,3,1,2,0,8,0,2,62,1
jsonpathly,40c443e4ca947a0d440ac24b623874bc9f832ef6,0,9054.3,56455987.2,0,0,0,0,0,0,0,0,0,0,0,1,8,5,0,0,0,0,0,0,0,0,0,0,0,0,0,0,0,0,0,0,0,0,0,0,0,0,0,0,0,35,0,0,0,0,0,0,0,0,0,0,0,0,0,0,0,0,0,0,0,0,0,0,0,0,0,1,0,0,15,0,0,0,0,0,0,0,0,0,0,0,0,0,0,0,0,0,0,0,0,0,22,0,0,0,0,2,0,10,1,0,6,1,2,3,1,2,0,8,0,2,62,1
rfc9535,40c443e4ca947a0d440ac24b623874bc9f832ef6,0,7046.875,57735168.0,0,0,0,0,0,0,0,0,0,0,0,1,8,5,0,0,0,0,0,0,0,0,0,0,0,0,0,0,0,0,0,0,0,0,0,0,0,0,0,0,0,35,0,0,0,0,0,0,0,0,0,0,0,0,0,0,0,0,0,0,0,0,0,0,0,0,0,1,0,0,15,0,0,0,0,0,0,0,0,0,0,0,0,0,0,0,0,0,0,0,0,0,22,0,0,0,0,2,0,10,1,0,6,1,2,3,1,2,0,8,0,2,62,1
p3,40c443e4ca947a0d440ac24b623874bc9f832ef6,0,1869.9375,54439936.0,0,0,0,0,0,0,0,0,0,0,0,1,8,5,0,0,0,0,0,0,0,0,0,0,0,0,0,0,0,0,0,0,0,0,0,0,0,0,0,0,0,35,0,0,0,0,0,0,0,0,0,0,0,0,0,0,0,0,0,0,0,0,0,0,0,0,0,1,0,0,15,0,0,0,0,0,0,0,0,0,0,0,0,0,0,0,0,0,0,0,0,0,22,0,0,0,0,2,0,10,1,0,6,1,2,3,1,2,0,8,0,2,62,1
plus,57073058cf1b47ba5035e41a4e46c04f8dec3684,0,2762.5,54257254.4,0,0,0,3,3,0,0,0,0,0,0,0,0,0,0,0,0,0,0,0,0,0,0,0,0,0,0,0,0,0,0,0,0,0,0,0,0,0,0,0,0,23,0,0,0,0,0,0,0,0,0,0,0,0,0,0,0,0,0,0,0,0,0,0,0,0,0,0,0,0,12,0,0,0,0,0,0,0,0,0,0,0,0,0,0,0,0,0,0,0,0,0,6,1,1,0,0,1,0,1,0,0,1,1,1,3,0,0,0,0,0,1,24,1
dchester,57073058cf1b47ba5035e41a4e46c04f8dec3684,0,4656.125,59817984.0,0,0,0,3,3,0,0,0,0,0,0,0,0,0,0,0,0,0,0,0,0,0,0,0,0,0,0,0,0,0,0,0,0,0,0,0,0,0,0,0,0,23,0,0,0,0,0,0,0,0,0,0,0,0,0,0,0,0,0,0,0,0,0,0,0,0,0,0,0,0,12,0,0,0,0,0,0,0,0,0,0,0,0,0,0,0,0,0,0,0,0,0,6,1,1,0,0,1,0,1,0,0,1,1,1,3,0,0,0,0,0,1,24,1
jsonpathly,57073058cf1b47ba5035e41a4e46c04f8dec3684,0,8929.75,56461312.0,0,0,0,3,3,0,0,0,0,0,0,0,0,0,0,0,0,0,0,0,0,0,0,0,0,0,0,0,0,0,0,0,0,0,0,0,0,0,0,0,0,23,0,0,0,0,0,0,0,0,0,0,0,0,0,0,0,0,0,0,0,0,0,0,0,0,0,0,0,0,12,0,0,0,0,0,0,0,0,0,0,0,0,0,0,0,0,0,0,0,0,0,6,1,1,0,0,1,0,1,0,0,1,1,1,3,0,0,0,0,0,1,24,1
rfc9535,57073058cf1b47ba5035e41a4e46c04f8dec3684,0,5823.0,57720832.0,0,0,0,3,3,0,0,0,0,0,0,0,0,0,0,0,0,0,0,0,0,0,0,0,0,0,0,0,0,0,0,0,0,0,0,0,0,0,0,0,0,23,0,0,0,0,0,0,0,0,0,0,0,0,0,0,0,0,0,0,0,0,0,0,0,0,0,0,0,0,12,0,0,0,0,0,0,0,0,0,0,0,0,0,0,0,0,0,0,0,0,0,6,1,1,0,0,1,0,1,0,0,1,1,1,3,0,0,0,0,0,1,24,1
p3,57073058cf1b47ba5035e41a4e46c04f8dec3684,0,1909.6666666666667,54706176.0,0,0,0,3,3,0,0,0,0,0,0,0,0,0,0,0,0,0,0,0,0,0,0,0,0,0,0,0,0,0,0,0,0,0,0,0,0,0,0,0,0,23,0,0,0,0,0,0,0,0,0,0,0,0,0,0,0,0,0,0,0,0,0,0,0,0,0,0,0,0,12,0,0,0,0,0,0,0,0,0,0,0,0,0,0,0,0,0,0,0,0,0,6,1,1,0,0,1,0,1,0,0,1,1,1,3,0,0,0,0,0,1,24,1
plus,5e901df2674fd1a0c49632c410b09c9e72e32f9e,0,2750.0,54154581.333333336,0,0,0,0,0,0,0,0,0,0,0,0,5,2,0,0,0,0,0,0,0,0,0,0,0,0,0,0,0,0,0,0,0,0,0,0,0,0,0,0,0,28,0,0,0,0,0,0,0,0,0,0,0,0,0,0,0,0,0,0,0,0,0,0,0,0,0,1,0,0,3,0,0,0,0,1,0,0,0,0,0,0,0,0,0,0,0,0,0,0,0,0,12,0,0,0,0,0,0,5,1,1,3,0,0,0,0,1,0,4,0,1,23,1
dchester,5e901df2674fd1a0c49632c410b09c9e72e32f9e,0,4708.3,59893350.4,0,0,0,0,0,0,0,0,0,0,0,0,5,2,0,0,0,0,0,0,0,0,0,0,0,0,0,0,0,0,0,0,0,0,0,0,0,0,0,0,0,28,0,0,0,0,0,0,0,0,0,0,0,0,0,0,0,0,0,0,0,0,0,0,0,0,0,1,0,0,3,0,0,0,0,1,0,0,0,0,0,0,0,0,0,0,0,0,0,0,0,0,12,0,0,0,0,0,0,5,1,1,3,0,0,0,0,1,0,4,0,1,23,1
jsonpathly,5e901df2674fd1a0c49632c410b09c9e72e32f9e,0,8898.375,56563712.0,0,0,0,0,0,0,0,0,0,0,0,0,5,2,0,0,0,0,0,0,0,0,0,0,0,0,0,0,0,0,0,0,0,0,0,0,0,0,0,0,0,28,0,0,0,0,0,0,0,0,0,0,0,0,0,0,0,0,0,0,0,0,0,0,0,0,0,1,0,0,3,0,0,0,0,1,0,0,0,0,0,0,0,0,0,0,0,0,0,0,0,0,12,0,0,0,0,0,0,5,1,1,3,0,0,0,0,1,0,4,0,1,23,1
rfc9535,5e901df2674fd1a0c49632c410b09c9e72e32f9e,0,5833.3,57674956.8,0,0,0,0,0,0,0,0,0,0,0,0,5,2,0,0,0,0,0,0,0,0,0,0,0,0,0,0,0,0,0,0,0,0,0,0,0,0,0,0,0,28,0,0,0,0,0,0,0,0,0,0,0,0,0,0,0,0,0,0,0,0,0,0,0,0,0,1,0,0,3,0,0,0,0,1,0,0,0,0,0,0,0,0,0,0,0,0,0,0,0,0,12,0,0,0,0,0,0,5,1,1,3,0,0,0,0,1,0,4,0,1,23,1
p3,5e901df2674fd1a0c49632c410b09c9e72e32f9e,0,1850.6666666666667,54465877.333333336,0,0,0,0,0,0,0,0,0,0,0,0,5,2,0,0,0,0,0,0,0,0,0,0,0,0,0,0,0,0,0,0,0,0,0,0,0,0,0,0,0,28,0,0,0,0,0,0,0,0,0,0,0,0,0,0,0,0,0,0,0,0,0,0,0,0,0,1,0,0,3,0,0,0,0,1,0,0,0,0,0,0,0,0,0,0,0,0,0,0,0,0,12,0,0,0,0,0,0,5,1,1,3,0,0,0,0,1,0,4,0,1,23,1
plus,e8138b6d6c302f249d6af334ab9709e4c21d06c8,0,2756.8333333333335,54225578.666666664,0,0,0,0,0,0,0,0,0,0,0,0,3,1,0,0,0,0,0,0,0,0,0,0,0,0,0,0,0,0,0,0,0,0,0,0,0,0,0,0,0,60,0,0,0,0,0,0,0,0,0,0,0,0,0,0,0,0,0,0,0,0,0,0,0,0,0,1,0,0,0,0,0,0,0,0,0,0,0,0,0,0,0,0,0,0,0,0,0,0,0,0,17,0,0,0,0,0,0,7,1,0,0,0,0,0,0,1,1,6,0,2,37,1
dchester,e8138b6d6c302f249d6af334ab9709e4c21d06c8,0,4791.666666666667,59812522.666666664,0,0,0,0,0,0,0,0,0,0,0,0,3,1,0,0,0,0,0,0,0,0,0,0,0,0,0,0,0,0,0,0,0,0,0,0,0,0,0,0,0,60,0,0,0,0,0,0,0,0,0,0,0,0,0,0,0,0,0,0,0,0,0,0,0,0,0,1,0,0,0,0,0,0,0,0,0,0,0,0,0,0,0,0,0,0,0,0,0,0,0,0,17,0,0,0,0,0,0,7,1,0,0,0,0,0,0,1,1,6,0,2,37,1
jsonpathly,e8138b6d6c302f249d6af334ab9709e4c21d06c8,0,8762.07142857143,56496713.14285714,0,0,0,0,0,0,0,0,0,0,0,0,3,1,0,0,0,0,0,0,0,0,0,0,0,0,0,0,0,0,0,0,0,0,0,0,0,0,0,0,0,60,0,0,0,0,0,0,0,0,0,0,0,0,0,0,0,0,0,0,0,0,0,0,0,0,0,1,0,0,0,0,0,0,0,0,0,0,0,0,0,0,0,0,0,0,0,0,0,0,0,0,17,0,0,0,0,0,0,7,1,0,0,0,0,0,0,1,1,6,0,2,37,1
rfc9535,e8138b6d6c302f249d6af334ab9709e4c21d06c8,0,5779.2,57743769.6,0,0,0,0,0,0,0,0,0,0,0,0,3,1,0,0,0,0,0,0,0,0,0,0,0,0,0,0,0,0,0,0,0,0,0,0,0,0,0,0,0,60,0,0,0,0,0,0,0,0,0,0,0,0,0,0,0,0,0,0,0,0,0,0,0,0,0,1,0,0,0,0,0,0,0,0,0,0,0,0,0,0,0,0,0,0,0,0,0,0,0,0,17,0,0,0,0,0,0,7,1,0,0,0,0,0,0,1,1,6,0,2,37,1
p3,e8138b6d6c302f249d6af334ab9709e4c21d06c8,0,1927.125,54505472.0,0,0,0,0,0,0,0,0,0,0,0,0,3,1,0,0,0,0,0,0,0,0,0,0,0,0,0,0,0,0,0,0,0,0,0,0,0,0,0,0,0,60,0,0,0,0,0,0,0,0,0,0,0,0,0,0,0,0,0,0,0,0,0,0,0,0,0,1,0,0,0,0,0,0,0,0,0,0,0,0,0,0,0,0,0,0,0,0,0,0,0,0,17,0,0,0,0,0,0,7,1,0,0,0,0,0,0,1,1,6,0,2,37,1
plus,30e31bb37082097e9a3d67c6e3b5172e2c697354,0,2800.5714285714284,54259126.85714286,0,0,0,1,1,0,0,0,0,0,0,0,0,0,0,0,0,0,0,0,0,0,0,0,0,0,0,0,0,0,0,0,0,0,0,0,0,0,0,0,0,15,0,0,0,0,0,0,0,0,0,0,0,0,0,0,0,0,0,0,0,0,0,0,0,0,0,0,0,0,0,0,0,0,0,0,0,0,0,0,0,0,0,0,0,0,0,0,0,0,0,0,7,1,1,0,0,0,0,1,0,0,0,0,0,0,1,0,0,0,0,2,8,1
dchester,30e31bb37082097e9a3d67c6e3b5172e2c697354,0,4743.166666666667,59807061.333333336,0,0,0,1,1,0,0,0,0,0,0,0,0,0,0,0,0,0,0,0,0,0,0,0,0,0,0,0,0,0,0,0,0,0,0,0,0,0,0,0,0,15,0,0,0,0,0,0,0,0,0,0,0,0,0,0,0,0,0,0,0,0,0,0,0,0,0,0,0,0,0,0,0,0,0,0,0,0,0,0,0,0,0,0,0,0,0,0,0,0,0,0,7,1,1,0,0,0,0,1,0,0,0,0,0,0,1,0,0,0,0,2,8,1
jsonpathly,30e31bb37082097e9a3d67c6e3b5172e2c697354,0,8194.166666666666,56426496.0,0,0,0,1,1,0,0,0,0,0,0,0,0,0,0,0,0,0,0,0,0,0,0,0,0,0,0,0,0,0,0,0,0,0,0,0,0,0,0,0,0,15,0,0,0,0,0,0,0,0,0,0,0,0,0,0,0,0,0,0,0,0,0,0,0,0,0,0,0,0,0,0,0,0,0,0,0,0,0,0,0,0,0,0,0,0,0,0,0,0,0,0,7,1,1,0,0,0,0,1,0,0,0,0,0,0,1,0,0,0,0,2,8,1
rfc9535,30e31bb37082097e9a3d67c6e3b5172e2c697354,0,5728.9375,57700352.0,0,0,0,1,1,0,0,0,0,0,0,0,0,0,0,0,0,0,0,0,0,0,0,0,0,0,0,0,0,0,0,0,0,0,0,0,0,0,0,0,0,15,0,0,0,0,0,0,0,0,0,0,0,0,0,0,0,0,0,0,0,0,0,0,0,0,0,0,0,0,0,0,0,0,0,0,0,0,0,0,0,0,0,0,0,0,0,0,0,0,0,0,7,1,1,0,0,0,0,1,0,0,0,0,0,0,1,0,0,0,0,2,8,1
p3,30e31bb37082097e9a3d67c6e3b5172e2c697354,0,1861.9375,54589440.0,0,0,0,1,1,0,0,0,0,0,0,0,0,0,0,0,0,0,0,0,0,0,0,0,0,0,0,0,0,0,0,0,0,0,0,0,0,0,0,0,0,15,0,0,0,0,0,0,0,0,0,0,0,0,0,0,0,0,0,0,0,0,0,0,0,0,0,0,0,0,0,0,0,0,0,0,0,0,0,0,0,0,0,0,0,0,0,0,0,0,0,0,7,1,1,0,0,0,0,1,0,0,0,0,0,0,1,0,0,0,0,2,8,1
plus,acce9c9251cb7fac744714ba793aae6e8f5ad4cd,0,2770.75,54329344.0,0,0,0,1,1,0,0,0,0,0,0,0,0,0,0,0,0,0,0,0,0,0,0,0,0,0,0,0,0,0,0,0,0,0,0,0,0,0,0,0,0,0,0,0,0,0,0,0,0,0,0,0,0,0,0,0,0,0,0,0,0,0,0,0,0,0,0,0,0,0,0,0,0,0,0,0,0,0,0,0,0,0,0,0,0,0,0,0,0,0,0,0,6,1,1,0,0,0,0,1,0,0,0,0,0,0,0,0,0,0,0,1,11,1
dchester,acce9c9251cb7fac744714ba793aae6e8f5ad4cd,0,4750.0,59959978.666666664,0,0,0,1,1,0,0,0,0,0,0,0,0,0,0,0,0,0,0,0,0,0,0,0,0,0,0,0,0,0,0,0,0,0,0,0,0,0,0,0,0,0,0,0,0,0,0,0,0,0,0,0,0,0,0,0,0,0,0,0,0,0,0,0,0,0,0,0,0,0,0,0,0,0,0,0,0,0,0,0,0,0,0,0,0,0,0,0,0,0,0,0,6,1,1,0,0,0,0,1,0,0,0,0,0,0,0,0,0,0,0,1,11,1
jsonpathly,acce9c9251cb7fac744714ba793aae6e8f5ad4cd,0,9228.92857142857,56559908.571428575,0,0,0,1,1,0,0,0,0,0,0,0,0,0,0,0,0,0,0,0,0,0,0,0,0,0,0,0,0,0,0,0,0,0,0,0,0,0,0,0,0,0,0,0,0,0,0,0,0,0,0,0,0,0,0,0,0,0,0,0,0,0,0,0,0,0,0,0,0,0,0,0,0,0,0,0,0,0,0,0,0,0,0,0,0,0,0,0,0,0,0,0,6,1,1,0,0,0,0,1,0,0,0,0,0,0,0,0,0,0,0,1,11,1
rfc9535,acce9c9251cb7fac744714ba793aae6e8f5ad4cd,0,5951.5,57780906.666666664,0,0,0,1,1,0,0,0,0,0,0,0,0,0,0,0,0,0,0,0,0,0,0,0,0,0,0,0,0,0,0,0,0,0,0,0,0,0,0,0,0,0,0,0,0,0,0,0,0,0,0,0,0,0,0,0,0,0,0,0,0,0,0,0,0,0,0,0,0,0,0,0,0,0,0,0,0,0,0,0,0,0,0,0,0,0,0,0,0,0,0,0,6,1,1,0,0,0,0,1,0,0,0,0,0,0,0,0,0,0,0,1,11,1
p3,acce9c9251cb7fac744714ba793aae6e8f5ad4cd,0,1906.25,54520490.666666664,0,0,0,1,1,0,0,0,0,0,0,0,0,0,0,0,0,0,0,0,0,0,0,0,0,0,0,0,0,0,0,0,0,0,0,0,0,0,0,0,0,0,0,0,0,0,0,0,0,0,0,0,0,0,0,0,0,0,0,0,0,0,0,0,0,0,0,0,0,0,0,0,0,0,0,0,0,0,0,0,0,0,0,0,0,0,0,0,0,0,0,0,6,1,1,0,0,0,0,1,0,0,0,0,0,0,0,0,0,0,0,1,11,1
plus,daa82c585e2476f9a831b58ef20fd41e5764793f,0,2734.25,54231040.0,0,0,0,0,0,0,0,0,0,0,0,0,12,5,0,0,0,0,0,0,0,0,0,0,0,0,0,0,0,0,0,0,0,0,0,0,0,0,0,0,0,14,0,0,0,0,0,0,0,0,0,0,0,0,0,0,0,0,0,0,0,0,0,0,0,0,0,1,0,0,0,0,0,0,0,1,0,0,0,0,0,0,0,0,0,0,0,0,0,0,0,0,8,0,0,0,0,0,0,3,1,1,0,0,0,0,0,1,0,2,0,1,25,1
dchester,daa82c585e2476f9a831b58ef20fd41e5764793f,0,4723.75,59891712.0,0,0,0,0,0,0,0,0,0,0,0,0,12,5,0,0,0,0,0,0,0,0,0,0,0,0,0,0,0,0,0,0,0,0,0,0,0,0,0,0,0,14,0,0,0,0,0,0,0,0,0,0,0,0,0,0,0,0,0,0,0,0,0,0,0,0,0,1,0,0,0,0,0,0,0,1,0,0,0,0,0,0,0,0,0,0,0,0,0,0,0,0,8,0,0,0,0,0,0,3,1,1,0,0,0,0,0,1,0,2,0,1,25,1
jsonpathly,daa82c585e2476f9a831b58ef20fd41e5764793f,0,9049.9,56511692.8,0,0,0,0,0,0,0,0,0,0,0,0,12,5,0,0,0,0,0,0,0,0,0,0,0,0,0,0,0,0,0,0,0,0,0,0,0,0,0,0,0,14,0,0,0,0,0,0,0,0,0,0,0,0,0,0,0,0,0,0,0,0,0,0,0,0,0,1,0,0,0,0,0,0,0,1,0,0,0,0,0,0,0,0,0,0,0,0,0,0,0,0,8,0,0,0,0,0,0,3,1,1,0,0,0,0,0,1,0,2,0,1,25,1
rfc9535,daa82c585e2476f9a831b58ef20fd41e5764793f,0,6044.3125,57794560.0,0,0,0,0,0,0,0,0,0,0,0,0,12,5,0,0,0,0,0,0,0,0,0,0,0,0,0,0,0,0,0,0,0,0,0,0,0,0,0,0,0,14,0,0,0,0,0,0,0,0,0,0,0,0,0,0,0,0,0,0,0,0,0,0,0,0,0,1,0,0,0,0,0,0,0,1,0,0,0,0,0,0,0,0,0,0,0,0,0,0,0,0,8,0,0,0,0,0,0,3,1,1,0,0,0,0,0,1,0,2,0,1,25,1
p3,daa82c585e2476f9a831b58ef20fd41e5764793f,0,1875.0714285714287,54467437.71428572,0,0,0,0,0,0,0,0,0,0,0,0,12,5,0,0,0,0,0,0,0,0,0,0,0,0,0,0,0,0,0,0,0,0,0,0,0,0,0,0,0,14,0,0,0,0,0,0,0,0,0,0,0,0,0,0,0,0,0,0,0,0,0,0,0,0,0,1,0,0,0,0,0,0,0,1,0,0,0,0,0,0,0,0,0,0,0,0,0,0,0,0,8,0,0,0,0,0,0,3,1,1,0,0,0,0,0,1,0,2,0,1,25,1
plus,784a24f80faaf8ce784dfe7d1e94ace24e70f9b9,0,2777.8333333333335,54220117.333333336,0,0,0,19,19,0,0,0,0,0,0,0,0,0,0,0,0,0,0,0,0,0,0,0,0,0,0,0,0,0,0,0,0,0,0,0,0,0,0,0,0,123,0,0,0,0,0,0,0,0,0,0,0,0,0,0,0,0,0,0,0,0,0,0,0,0,0,0,0,0,1,0,0,0,0,0,0,0,0,0,0,0,0,0,0,0,0,0,0,0,0,0,34,1,3,2,5,5,5,12,0,0,1,0,0,0,0,1,3,8,2,3,94,1
dchester,784a24f80faaf8ce784dfe7d1e94ace24e70f9b9,0,4633.5,59942502.4,0,0,0,19,19,0,0,0,0,0,0,0,0,0,0,0,0,0,0,0,0,0,0,0,0,0,0,0,0,0,0,0,0,0,0,0,0,0,0,0,0,123,0,0,0,0,0,0,0,0,0,0,0,0,0,0,0,0,0,0,0,0,0,0,0,0,0,0,0,0,1,0,0,0,0,0,0,0,0,0,0,0,0,0,0,0,0,0,0,0,0,0,34,1,3,2,5,5,5,12,0,0,1,0,0,0,0,1,3,8,2,3,94,1
jsonpathly,784a24f80faaf8ce784dfe7d1e94ace24e70f9b9,0,9125.0,56473307.428571425,0,0,0,19,19,0,0,0,0,0,0,0,0,0,0,0,0,0,0,0,0,0,0,0,0,0,0,0,0,0,0,0,0,0,0,0,0,0,0,0,0,123,0,0,0,0,0,0,0,0,0,0,0,0,0,0,0,0,0,0,0,0,0,0,0,0,0,0,0,0,1,0,0,0,0,0,0,0,0,0,0,0,0,0,0,0,0,0,0,0,0,0,34,1,3,2,5,5,5,12,0,0,1,0,0,0,0,1,3,8,2,3,94,1
rfc9535,784a24f80faaf8ce784dfe7d1e94ace24e70f9b9,0,5919.5,57706788.571428575,0,0,0,19,19,0,0,0,0,0,0,0,0,0,0,0,0,0,0,0,0,0,0,0,0,0,0,0,0,0,0,0,0,0,0,0,0,0,0,0,0,123,0,0,0,0,0,0,0,0,0,0,0,0,0,0,0,0,0,0,0,0,0,0,0,0,0,0,0,0,1,0,0,0,0,0,0,0,0,0,0,0,0,0,0,0,0,0,0,0,0,0,34,1,3,2,5,5,5,12,0,0,1,0,0,0,0,1,3,8,2,3,94,1
p3,784a24f80faaf8ce784dfe7d1e94ace24e70f9b9,0,1886.857142857143,54511908.571428575,0,0,0,19,19,0,0,0,0,0,0,0,0,0,0,0,0,0,0,0,0,0,0,0,0,0,0,0,0,0,0,0,0,0,0,0,0,0,0,0,0,123,0,0,0,0,0,0,0,0,0,0,0,0,0,0,0,0,0,0,0,0,0,0,0,0,0,0,0,0,1,0,0,0,0,0,0,0,0,0,0,0,0,0,0,0,0,0,0,0,0,0,34,1,3,2,5,5,5,12,0,0,1,0,0,0,0,1,3,8,2,3,94,1
plus,02c8a7d02d5601bd5bce20ac7e36521a2f6afb54,0,36720.7,56452710.4,96,54,39,252,291,40,22,44,54,53,55,39,99,82,41,18,3,6,5,0,0,0,0,0,0,0,0,7,23,4,13,21,12,0,3,11,23,43,8,11,59,446,21,6,2,4,26,14,12,14,28,12,12,11,5,0,0,0,20,12,7,1,4,7,4,36,8,3,2,0,0,0,42,22,14,2,0,0,0,0,6,0,0,0,0,0,0,0,0,0,0,0,6,0,0,0,0,0,0,2,1,0,0,0,0,0,0,1,0,1,0,1,8,1719
dchester,02c8a7d02d5601bd5bce20ac7e36521a2f6afb54,0,nan,nan,96,54,39,252,291,40,22,44,54,53,55,39,99,82,41,18,3,6,5,0,0,0,0,0,0,0,0,7,23,4,13,21,12,0,3,11,23,43,8,11,59,446,21,6,2,4,26,14,12,14,28,12,12,11,5,0,0,0,20,12,7,1,4,7,4,36,8,3,2,0,0,0,42,22,14,2,0,0,0,0,6,0,0,0,0,0,0,0,0,0,0,0,6,0,0,0,0,0,0,2,1,0,0,0,0,0,0,1,0,1,0,1,8,1719
jsonpathly,02c8a7d02d5601bd5bce20ac7e36521a2f6afb54,0,1119777.6666666667,89205418.66666667,96,54,39,252,291,40,22,44,54,53,55,39,99,82,41,18,3,6,5,0,0,0,0,0,0,0,0,7,23,4,13,21,12,0,3,11,23,43,8,11,59,446,21,6,2,4,26,14,12,14,28,12,12,11,5,0,0,0,20,12,7,1,4,7,4,36,8,3,2,0,0,0,42,22,14,2,0,0,0,0,6,0,0,0,0,0,0,0,0,0,0,0,6,0,0,0,0,0,0,2,1,0,0,0,0,0,0,1,0,1,0,1,8,1719
rfc9535,02c8a7d02d5601bd5bce20ac7e36521a2f6afb54,0,198768.3125,77336576.0,96,54,39,252,291,40,22,44,54,53,55,39,99,82,41,18,3,6,5,0,0,0,0,0,0,0,0,7,23,4,13,21,12,0,3,11,23,43,8,11,59,446,21,6,2,4,26,14,12,14,28,12,12,11,5,0,0,0,20,12,7,1,4,7,4,36,8,3,2,0,0,0,42,22,14,2,0,0,0,0,6,0,0,0,0,0,0,0,0,0,0,0,6,0,0,0,0,0,0,2,1,0,0,0,0,0,0,1,0,1,0,1,8,1719
p3,02c8a7d02d5601bd5bce20ac7e36521a2f6afb54,0,nan,nan,96,54,39,252,291,40,22,44,54,53,55,39,99,82,41,18,3,6,5,0,0,0,0,0,0,0,0,7,23,4,13,21,12,0,3,11,23,43,8,11,59,446,21,6,2,4,26,14,12,14,28,12,12,11,5,0,0,0,20,12,7,1,4,7,4,36,8,3,2,0,0,0,42,22,14,2,0,0,0,0,6,0,0,0,0,0,0,0,0,0,0,0,6,0,0,0,0,0,0,2,1,0,0,0,0,0,0,1,0,1,0,1,8,1719
plus,6ef7877b4b4b110d177d6bcb8fbf2dd96a6fa1aa,0,23169.1875,57032704.0,11,5,6,35,41,3,2,11,13,8,8,6,20,15,5,3,0,0,0,0,0,0,0,0,0,0,0,0,2,0,0,0,0,0,0,0,0,0,0,0,0,30,0,0,0,0,0,0,0,0,0,0,0,0,0,0,0,0,0,0,0,0,0,0,0,0,0,0,0,0,9,0,6,0,0,0,0,0,0,0,0,0,0,0,0,0,0,0,0,0,0,0,17,0,0,0,0,6,0,7,0,0,1,1,6,9,0,1,1,6,0,2,53,118
dchester,6ef7877b4b4b110d177d6bcb8fbf2dd96a6fa1aa,0,78282.71428571429,65486848.0,11,5,6,35,41,3,2,11,13,8,8,6,20,15,5,3,0,0,0,0,0,0,0,0,0,0,0,0,2,0,0,0,0,0,0,0,0,0,0,0,0,30,0,0,0,0,0,0,0,0,0,0,0,0,0,0,0,0,0,0,0,0,0,0,0,0,0,0,0,0,9,0,6,0,0,0,0,0,0,0,0,0,0,0,0,0,0,0,0,0,0,0,17,0,0,0,0,6,0,7,0,0,1,1,6,9,0,1,1,6,0,2,53,118
jsonpathly,6ef7877b4b4b110d177d6bcb8fbf2dd96a6fa1aa,0,35299.9,58192691.2,11,5,6,35,41,3,2,11,13,8,8,6,20,15,5,3,0,0,0,0,0,0,0,0,0,0,0,0,2,0,0,0,0,0,0,0,0,0,0,0,0,30,0,0,0,0,0,0,0,0,0,0,0,0,0,0,0,0,0,0,0,0,0,0,0,0,0,0,0,0,9,0,6,0,0,0,0,0,0,0,0,0,0,0,0,0,0,0,0,0,0,0,17,0,0,0,0,6,0,7,0,0,1,1,6,9,0,1,1,6,0,2,53,118
rfc9535,6ef7877b4b4b110d177d6bcb8fbf2dd96a6fa1aa,0,35026.1875,59840512.0,11,5,6,35,41,3,2,11,13,8,8,6,20,15,5,3,0,0,0,0,0,0,0,0,0,0,0,0,2,0,0,0,0,0,0,0,0,0,0,0,0,30,0,0,0,0,0,0,0,0,0,0,0,0,0,0,0,0,0,0,0,0,0,0,0,0,0,0,0,0,9,0,6,0,0,0,0,0,0,0,0,0,0,0,0,0,0,0,0,0,0,0,17,0,0,0,0,6,0,7,0,0,1,1,6,9,0,1,1,6,0,2,53,118
p3,6ef7877b4b4b110d177d6bcb8fbf2dd96a6fa1aa,0,39183.4,59519795.2,11,5,6,35,41,3,2,11,13,8,8,6,20,15,5,3,0,0,0,0,0,0,0,0,0,0,0,0,2,0,0,0,0,0,0,0,0,0,0,0,0,30,0,0,0,0,0,0,0,0,0,0,0,0,0,0,0,0,0,0,0,0,0,0,0,0,0,0,0,0,9,0,6,0,0,0,0,0,0,0,0,0,0,0,0,0,0,0,0,0,0,0,17,0,0,0,0,6,0,7,0,0,1,1,6,9,0,1,1,6,0,2,53,118
plus,079751e9c2789022bb9fb46e2fa7f1642ce049fb,0,11979.166666666666,56000512.0,13,8,5,30,35,6,4,18,20,15,15,7,21,19,5,4,0,0,0,0,0,0,0,0,0,0,0,0,1,0,0,0,2,0,0,0,0,0,0,0,0,76,0,0,0,0,0,0,0,0,0,0,0,0,0,0,0,0,0,0,0,0,0,0,0,0,0,0,0,0,9,0,5,0,0,1,0,0,0,0,0,0,0,0,0,0,0,0,0,0,0,0,20,0,0,0,0,0,0,8,2,1,1,0,0,0,0,1,2,7,0,2,41,136
dchester,079751e9c2789022bb9fb46e2fa7f1642ce049fb,0,60947.875,65777664.0,13,8,5,30,35,6,4,18,20,15,15,7,21,19,5,4,0,0,0,0,0,0,0,0,0,0,0,0,1,0,0,0,2,0,0,0,0,0,0,0,0,76,0,0,0,0,0,0,0,0,0,0,0,0,0,0,0,0,0,0,0,0,0,0,0,0,0,0,0,0,9,0,5,0,0,1,0,0,0,0,0,0,0,0,0,0,0,0,0,0,0,0,20,0,0,0,0,0,0,8,2,1,1,0,0,0,0,1,2,7,0,2,41,136
jsonpathly,079751e9c2789022bb9fb46e2fa7f1642ce049fb,0,39557.25,58474496.0,13,8,5,30,35,6,4,18,20,15,15,7,21,19,5,4,0,0,0,0,0,0,0,0,0,0,0,0,1,0,0,0,2,0,0,0,0,0,0,0,0,76,0,0,0,0,0,0,0,0,0,0,0,0,0,0,0,0,0,0,0,0,0,0,0,0,0,0,0,0,9,0,5,0,0,1,0,0,0,0,0,0,0,0,0,0,0,0,0,0,0,0,20,0,0,0,0,0,0,8,2,1,1,0,0,0,0,1,2,7,0,2,41,136
rfc9535,079751e9c2789022bb9fb46e2fa7f1642ce049fb,0,40023.375,60964864.0,13,8,5,30,35,6,4,18,20,15,15,7,21,19,5,4,0,0,0,0,0,0,0,0,0,0,0,0,1,0,0,0,2,0,0,0,0,0,0,0,0,76,0,0,0,0,0,0,0,0,0,0,0,0,0,0,0,0,0,0,0,0,0,0,0,0,0,0,0,0,9,0,5,0,0,1,0,0,0,0,0,0,0,0,0,0,0,0,0,0,0,0,20,0,0,0,0,0,0,8,2,1,1,0,0,0,0,1,2,7,0,2,41,136
p3,079751e9c2789022bb9fb46e2fa7f1642ce049fb,0,40544.1875,59154432.0,13,8,5,30,35,6,4,18,20,15,15,7,21,19,5,4,0,0,0,0,0,0,0,0,0,0,0,0,1,0,0,0,2,0,0,0,0,0,0,0,0,76,0,0,0,0,0,0,0,0,0,0,0,0,0,0,0,0,0,0,0,0,0,0,0,0,0,0,0,0,9,0,5,0,0,1,0,0,0,0,0,0,0,0,0,0,0,0,0,0,0,0,20,0,0,0,0,0,0,8,2,1,1,0,0,0,0,1,2,7,0,2,41,136
plus,5a1f5447a7901d2c4f951d0e3a68daa772540969,0,29160.64285714286,56477988.571428575,77,29,35,233,268,22,30,56,69,59,69,49,168,125,43,20,3,7,7,2,0,0,6,0,2,2,0,6,23,5,19,27,17,4,5,17,26,40,12,13,55,360,16,5,1,4,19,13,6,12,24,11,11,11,4,0,0,0,14,9,8,3,4,4,8,35,3,0,3,0,1,0,48,17,18,3,0,0,0,0,5,0,0,0,0,0,0,0,0,0,0,0,4,0,0,0,0,0,0,1,0,0,1,0,0,0,0,1,0,0,0,1,5,1650
dchester,5a1f5447a7901d2c4f951d0e3a68daa772540969,0,nan,nan,77,29,35,233,268,22,30,56,69,59,69,49,168,125,43,20,3,7,7,2,0,0,6,0,2,2,0,6,23,5,19,27,17,4,5,17,26,40,12,13,55,360,16,5,1,4,19,13,6,12,24,11,11,11,4,0,0,0,14,9,8,3,4,4,8,35,3,0,3,0,1,0,48,17,18,3,0,0,0,0,5,0,0,0,0,0,0,0,0,0,0,0,4,0,0,0,0,0,0,1,0,0,1,0,0,0,0,1,0,0,0,1,5,1650
jsonpathly,5a1f5447a7901d2c4f951d0e3a68daa772540969,0,402388.0625,78264320.0,77,29,35,233,268,22,30,56,69,59,69,49,168,125,43,20,3,7,7,2,0,0,6,0,2,2,0,6,23,5,19,27,17,4,5,17,26,40,12,13,55,360,16,5,1,4,19,13,6,12,24,11,11,11,4,0,0,0,14,9,8,3,4,4,8,35,3,0,3,0,1,0,48,17,18,3,0,0,0,0,5,0,0,0,0,0,0,0,0,0,0,0,4,0,0,0,0,0,0,1,0,0,1,0,0,0,0,1,0,0,0,1,5,1650
rfc9535,5a1f5447a7901d2c4f951d0e3a68daa772540969,0,198145.66666666666,77321557.33333333,77,29,35,233,268,22,30,56,69,59,69,49,168,125,43,20,3,7,7,2,0,0,6,0,2,2,0,6,23,5,19,27,17,4,5,17,26,40,12,13,55,360,16,5,1,4,19,13,6,12,24,11,11,11,4,0,0,0,14,9,8,3,4,4,8,35,3,0,3,0,1,0,48,17,18,3,0,0,0,0,5,0,0,0,0,0,0,0,0,0,0,0,4,0,0,0,0,0,0,1,0,0,1,0,0,0,0,1,0,0,0,1,5,1650
p3,5a1f5447a7901d2c4f951d0e3a68daa772540969,0,134558.4,66967961.6,77,29,35,233,268,22,30,56,69,59,69,49,168,125,43,20,3,7,7,2,0,0,6,0,2,2,0,6,23,5,19,27,17,4,5,17,26,40,12,13,55,360,16,5,1,4,19,13,6,12,24,11,11,11,4,0,0,0,14,9,8,3,4,4,8,35,3,0,3,0,1,0,48,17,18,3,0,0,0,0,5,0,0,0,0,0,0,0,0,0,0,0,4,0,0,0,0,0,0,1,0,0,1,0,0,0,0,1,0,0,0,1,5,1650
plus,0d97bba500a03502037077d59b64d41a8b79b6bb,0,13119.875,56061952.0,11,6,7,32,39,2,3,6,7,5,5,5,29,18,3,2,0,0,0,0,0,0,0,0,0,0,0,0,1,0,0,0,2,0,0,0,0,0,0,0,0,90,0,0,0,0,0,0,0,0,0,0,0,0,0,0,0,0,0,0,0,0,0,0,0,0,0,2,0,0,20,0,5,0,0,2,0,0,0,0,0,0,0,0,0,0,0,0,0,0,0,0,32,0,0,0,0,0,0,14,3,2,5,0,0,0,3,2,0,12,0,2,87,84
dchester,0d97bba500a03502037077d59b64d41a8b79b6bb,0,48333.375,65200128.0,11,6,7,32,39,2,3,6,7,5,5,5,29,18,3,2,0,0,0,0,0,0,0,0,0,0,0,0,1,0,0,0,2,0,0,0,0,0,0,0,0,90,0,0,0,0,0,0,0,0,0,0,0,0,0,0,0,0,0,0,0,0,0,0,0,0,0,2,0,0,20,0,5,0,0,2,0,0,0,0,0,0,0,0,0,0,0,0,0,0,0,0,32,0,0,0,0,0,0,14,3,2,5,0,0,0,3,2,0,12,0,2,87,84
jsonpathly,0d97bba500a03502037077d59b64d41a8b79b6bb,0,33767.5,58529109.333333336,11,6,7,32,39,2,3,6,7,5,5,5,29,18,3,2,0,0,0,0,0,0,0,0,0,0,0,0,1,0,0,0,2,0,0,0,0,0,0,0,0,90,0,0,0,0,0,0,0,0,0,0,0,0,0,0,0,0,0,0,0,0,0,0,0,0,0,2,0,0,20,0,5,0,0,2,0,0,0,0,0,0,0,0,0,0,0,0,0,0,0,0,32,0,0,0,0,0,0,14,3,2,5,0,0,0,3,2,0,12,0,2,87,84
rfc9535,0d97bba500a03502037077d59b64d41a8b79b6bb,0,28812.3125,59230208.0,11,6,7,32,39,2,3,6,7,5,5,5,29,18,3,2,0,0,0,0,0,0,0,0,0,0,0,0,1,0,0,0,2,0,0,0,0,0,0,0,0,90,0,0,0,0,0,0,0,0,0,0,0,0,0,0,0,0,0,0,0,0,0,0,0,0,0,2,0,0,20,0,5,0,0,2,0,0,0,0,0,0,0,0,0,0,0,0,0,0,0,0,32,0,0,0,0,0,0,14,3,2,5,0,0,0,3,2,0,12,0,2,87,84
p3,0d97bba500a03502037077d59b64d41a8b79b6bb,0,33375.0,58415104.0,11,6,7,32,39,2,3,6,7,5,5,5,29,18,3,2,0,0,0,0,0,0,0,0,0,0,0,0,1,0,0,0,2,0,0,0,0,0,0,0,0,90,0,0,0,0,0,0,0,0,0,0,0,0,0,0,0,0,0,0,0,0,0,0,0,0,0,2,0,0,20,0,5,0,0,2,0,0,0,0,0,0,0,0,0,0,0,0,0,0,0,0,32,0,0,0,0,0,0,14,3,2,5,0,0,0,3,2,0,12,0,2,87,84
plus,1222c6295f25c3ea3a54946599a597c82d91ed8c,0,20416.666666666668,57196544.0,14,7,5,83,88,6,3,8,9,8,10,8,63,43,2,2,0,0,0,4,2,5,13,2,2,1,1,0,0,0,0,0,2,1,0,0,0,0,0,0,0,342,0,0,0,0,0,0,0,0,0,0,0,0,0,0,0,0,0,0,0,0,0,0,0,0,0,3,0,0,30,0,7,0,0,3,0,0,0,0,0,0,0,0,0,0,0,0,0,0,0,0,125,2,16,2,8,17,11,42,5,3,7,2,9,11,9,4,3,22,14,4,401,90
dchester,1222c6295f25c3ea3a54946599a597c82d91ed8c,0,74301.8125,67160064.0,14,7,5,83,88,6,3,8,9,8,10,8,63,43,2,2,0,0,0,4,2,5,13,2,2,1,1,0,0,0,0,0,2,1,0,0,0,0,0,0,0,342,0,0,0,0,0,0,0,0,0,0,0,0,0,0,0,0,0,0,0,0,0,0,0,0,0,3,0,0,30,0,7,0,0,3,0,0,0,0,0,0,0,0,0,0,0,0,0,0,0,0,125,2,16,2,8,17,11,42,5,3,7,2,9,11,9,4,3,22,14,4,401,90
jsonpathly,1222c6295f25c3ea3a54946599a597c82d91ed8c,0,63624.875,58372096.0,14,7,5,83,88,6,3,8,9,8,10,8,63,43,2,2,0,0,0,4,2,5,13,2,2,1,1,0,0,0,0,0,2,1,0,0,0,0,0,0,0,342,0,0,0,0,0,0,0,0,0,0,0,0,0,0,0,0,0,0,0,0,0,0,0,0,0,3,0,0,30,0,7,0,0,3,0,0,0,0,0,0,0,0,0,0,0,0,0,0,0,0,125,2,16,2,8,17,11,42,5,3,7,2,9,11,9,4,3,22,14,4,401,90
rfc9535,1222c6295f25c3ea3a54946599a597c82d91ed8c,0,41159.666666666664,62160896.0,14,7,5,83,88,6,3,8,9,8,10,8,63,43,2,2,0,0,0,4,2,5,13,2,2,1,1,0,0,0,0,0,2,1,0,0,0,0,0,0,0,342,0,0,0,0,0,0,0,0,0,0,0,0,0,0,0,0,0,0,0,0,0,0,0,0,0,3,0,0,30,0,7,0,0,3,0,0,0,0,0,0,0,0,0,0,0,0,0,0,0,0,125,2,16,2,8,17,11,42,5,3,7,2,9,11,9,4,3,22,14,4,401,90
p3,1222c6295f25c3ea3a54946599a597c82d91ed8c,0,60734.3125,58697728.0,14,7,5,83,88,6,3,8,9,8,10,8,63,43,2,2,0,0,0,4,2,5,13,2,2,1,1,0,0,0,0,0,2,1,0,0,0,0,0,0,0,342,0,0,0,0,0,0,0,0,0,0,0,0,0,0,0,0,0,0,0,0,0,0,0,0,0,3,0,0,30,0,7,0,0,3,0,0,0,0,0,0,0,0,0,0,0,0,0,0,0,0,125,2,16,2,8,17,11,42,5,3,7,2,9,11,9,4,3,22,14,4,401,90
plus,8559a56541f269be6bf0bcf07c52cb59430b95e8,0,33201.333333333336,56579413.333333336,75,35,33,126,159,30,24,13,18,39,42,26,93,70,21,13,5,12,3,0,0,0,0,0,0,0,0,14,8,0,0,0,19,1,4,17,30,62,13,18,78,560,31,9,5,4,29,14,15,18,36,12,14,25,5,4,1,3,32,13,14,5,5,2,5,40,9,3,1,0,20,1,40,20,20,1,0,0,2,6,9,2,3,2,5,35,18,3,6,4,26,8,4,0,0,0,0,0,0,1,0,0,0,0,0,0,0,1,0,0,0,1,6,1854
dchester,8559a56541f269be6bf0bcf07c52cb59430b95e8,0,nan,nan,75,35,33,126,159,30,24,13,18,39,42,26,93,70,21,13,5,12,3,0,0,0,0,0,0,0,0,14,8,0,0,0,19,1,4,17,30,62,13,18,78,560,31,9,5,4,29,14,15,18,36,12,14,25,5,4,1,3,32,13,14,5,5,2,5,40,9,3,1,0,20,1,40,20,20,1,0,0,2,6,9,2,3,2,5,35,18,3,6,4,26,8,4,0,0,0,0,0,0,1,0,0,0,0,0,0,0,1,0,0,0,1,6,1854
jsonpathly,8559a56541f269be6bf0bcf07c52cb59430b95e8,0,444783.5,78577664.0,75,35,33,126,159,30,24,13,18,39,42,26,93,70,21,13,5,12,3,0,0,0,0,0,0,0,0,14,8,0,0,0,19,1,4,17,30,62,13,18,78,560,31,9,5,4,29,14,15,18,36,12,14,25,5,4,1,3,32,13,14,5,5,2,5,40,9,3,1,0,20,1,40,20,20,1,0,0,2,6,9,2,3,2,5,35,18,3,6,4,26,8,4,0,0,0,0,0,0,1,0,0,0,0,0,0,0,1,0,0,0,1,6,1854
rfc9535,8559a56541f269be6bf0bcf07c52cb59430b95e8,0,205237.5,77270220.8,75,35,33,126,159,30,24,13,18,39,42,26,93,70,21,13,5,12,3,0,0,0,0,0,0,0,0,14,8,0,0,0,19,1,4,17,30,62,13,18,78,560,31,9,5,4,29,14,15,18,36,12,14,25,5,4,1,3,32,13,14,5,5,2,5,40,9,3,1,0,20,1,40,20,20,1,0,0,2,6,9,2,3,2,5,35,18,3,6,4,26,8,4,0,0,0,0,0,0,1,0,0,0,0,0,0,0,1,0,0,0,1,6,1854
p3,8559a56541f269be6bf0bcf07c52cb59430b95e8,0,131422.64285714287,66589257.14285714,75,35,33,126,159,30,24,13,18,39,42,26,93,70,21,13,5,12,3,0,0,0,0,0,0,0,0,14,8,0,0,0,19,1,4,17,30,62,13,18,78,560,31,9,5,4,29,14,15,18,36,12,14,25,5,4,1,3,32,13,14,5,5,2,5,40,9,3,1,0,20,1,40,20,20,1,0,0,2,6,9,2,3,2,5,35,18,3,6,4,26,8,4,0,0,0,0,0,0,1,0,0,0,0,0,0,0,1,0,0,0,1,6,1854
plus,0756042658a23c77a7f3dc6bf4b9ea0616b860de,0,7340.333333333333,54607872.0,12,7,5,42,47,3,4,18,20,14,14,10,48,33,8,4,0,0,0,0,0,0,0,0,0,0,0,0,4,0,0,0,2,0,0,0,0,0,0,0,0,6,0,0,0,0,0,0,0,0,0,0,0,0,0,0,0,0,0,0,0,0,0,0,0,0,0,0,0,0,0,0,5,0,0,0,0,0,0,0,0,0,0,0,0,0,0,0,0,0,0,0,4,0,0,0,0,0,0,1,0,0,0,0,0,0,0,1,0,0,0,1,7,179
dchester,0756042658a23c77a7f3dc6bf4b9ea0616b860de,0,54639.857142857145,65833252.571428575,12,7,5,42,47,3,4,18,20,14,14,10,48,33,8,4,0,0,0,0,0,0,0,0,0,0,0,0,4,0,0,0,2,0,0,0,0,0,0,0,0,6,0,0,0,0,0,0,0,0,0,0,0,0,0,0,0,0,0,0,0,0,0,0,0,0,0,0,0,0,0,0,5,0,0,0,0,0,0,0,0,0,0,0,0,0,0,0,0,0,0,0,4,0,0,0,0,0,0,1,0,0,0,0,0,0,0,1,0,0,0,1,7,179
jsonpathly,0756042658a23c77a7f3dc6bf4b9ea0616b860de,0,39242.125,58025984.0,12,7,5,42,47,3,4,18,20,14,14,10,48,33,8,4,0,0,0,0,0,0,0,0,0,0,0,0,4,0,0,0,2,0,0,0,0,0,0,0,0,6,0,0,0,0,0,0,0,0,0,0,0,0,0,0,0,0,0,0,0,0,0,0,0,0,0,0,0,0,0,0,5,0,0,0,0,0,0,0,0,0,0,0,0,0,0,0,0,0,0,0,4,0,0,0,0,0,0,1,0,0,0,0,0,0,0,1,0,0,0,1,7,179
rfc9535,0756042658a23c77a7f3dc6bf4b9ea0616b860de,0,41637.07142857143,61210624.0,12,7,5,42,47,3,4,18,20,14,14,10,48,33,8,4,0,0,0,0,0,0,0,0,0,0,0,0,4,0,0,0,2,0,0,0,0,0,0,0,0,6,0,0,0,0,0,0,0,0,0,0,0,0,0,0,0,0,0,0,0,0,0,0,0,0,0,0,0,0,0,0,5,0,0,0,0,0,0,0,0,0,0,0,0,0,0,0,0,0,0,0,4,0,0,0,0,0,0,1,0,0,0,0,0,0,0,1,0,0,0,1,7,179
p3,0756042658a23c77a7f3dc6bf4b9ea0616b860de,0,31140.625,58451968.0,12,7,5,42,47,3,4,18,20,14,14,10,48,33,8,4,0,0,0,0,0,0,0,0,0,0,0,0,4,0,0,0,2,0,0,0,0,0,0,0,0,6,0,0,0,0,0,0,0,0,0,0,0,0,0,0,0,0,0,0,0,0,0,0,0,0,0,0,0,0,0,0,5,0,0,0,0,0,0,0,0,0,0,0,0,0,0,0,0,0,0,0,4,0,0,0,0,0,0,1,0,0,0,0,0,0,0,1,0,0,0,1,7,179
plus,23c9210ef06648fa171e96a83b54ecf013b33697,0,19416.5,57207466.666666664,13,2,3,122,125,8,3,8,9,5,5,5,21,15,5,3,0,0,0,4,2,6,12,2,2,0,2,0,2,0,0,0,2,0,0,0,0,0,0,0,0,234,0,0,0,0,0,0,0,0,0,0,0,0,0,0,0,0,0,0,0,0,0,0,0,0,0,1,0,0,24,0,11,0,0,2,0,0,0,0,0,0,0,0,0,0,0,0,0,0,0,0,93,3,20,4,14,28,20,24,2,2,5,4,14,16,1,1,5,3,17,4,351,90
dchester,23c9210ef06648fa171e96a83b54ecf013b33697,0,57005.25,65572864.0,13,2,3,122,125,8,3,8,9,5,5,5,21,15,5,3,0,0,0,4,2,6,12,2,2,0,2,0,2,0,0,0,2,0,0,0,0,0,0,0,0,234,0,0,0,0,0,0,0,0,0,0,0,0,0,0,0,0,0,0,0,0,0,0,0,0,0,1,0,0,24,0,11,0,0,2,0,0,0,0,0,0,0,0,0,0,0,0,0,0,0,0,93,3,20,4,14,28,20,24,2,2,5,4,14,16,1,1,5,3,17,4,351,90
jsonpathly,23c9210ef06648fa171e96a83b54ecf013b33697,0,54770.9,58215628.8,13,2,3,122,125,8,3,8,9,5,5,5,21,15,5,3,0,0,0,4,2,6,12,2,2,0,2,0,2,0,0,0,2,0,0,0,0,0,0,0,0,234,0,0,0,0,0,0,0,0,0,0,0,0,0,0,0,0,0,0,0,0,0,0,0,0,0,1,0,0,24,0,11,0,0,2,0,0,0,0,0,0,0,0,0,0,0,0,0,0,0,0,93,3,20,4,14,28,20,24,2,2,5,4,14,16,1,1,5,3,17,4,351,90
rfc9535,23c9210ef06648fa171e96a83b54ecf013b33697,0,33666.78571428572,60768256.0,13,2,3,122,125,8,3,8,9,5,5,5,21,15,5,3,0,0,0,4,2,6,12,2,2,0,2,0,2,0,0,0,2,0,0,0,0,0,0,0,0,234,0,0,0,0,0,0,0,0,0,0,0,0,0,0,0,0,0,0,0,0,0,0,0,0,0,1,0,0,24,0,11,0,0,2,0,0,0,0,0,0,0,0,0,0,0,0,0,0,0,0,93,3,20,4,14,28,20,24,2,2,5,4,14,16,1,1,5,3,17,4,351,90
p3,23c9210ef06648fa171e96a83b54ecf013b33697,0,50192.625,59494400.0,13,2,3,122,125,8,3,8,9,5,5,5,21,15,5,3,0,0,0,4,2,6,12,2,2,0,2,0,2,0,0,0,2,0,0,0,0,0,0,0,0,234,0,0,0,0,0,0,0,0,0,0,0,0,0,0,0,0,0,0,0,0,0,0,0,0,0,1,0,0,24,0,11,0,0,2,0,0,0,0,0,0,0,0,0,0,0,0,0,0,0,0,93,3,20,4,14,28,20,24,2,2,5,4,14,16,1,1,5,3,17,4,351,90
plus,b32bd8f335f0035a79ca011e465fc0db460d93ed,0,7450.0,54565273.6,14,7,5,64,69,4,5,15,18,8,8,10,47,30,12,6,2,7,2,1,1,2,4,1,0,0,0,9,6,1,2,3,2,0,0,0,0,0,0,0,0,64,0,0,0,0,0,0,0,0,0,0,0,0,0,0,0,0,0,0,0,0,0,0,0,0,0,2,0,0,12,0,7,0,0,2,0,0,0,0,0,0,0,0,0,0,0,0,0,0,0,0,22,0,0,0,0,0,0,10,4,2,1,0,0,0,1,2,0,8,0,2,70,206
dchester,b32bd8f335f0035a79ca011e465fc0db460d93ed,0,56146.0,65630208.0,14,7,5,64,69,4,5,15,18,8,8,10,47,30,12,6,2,7,2,1,1,2,4,1,0,0,0,9,6,1,2,3,2,0,0,0,0,0,0,0,0,64,0,0,0,0,0,0,0,0,0,0,0,0,0,0,0,0,0,0,0,0,0,0,0,0,0,2,0,0,12,0,7,0,0,2,0,0,0,0,0,0,0,0,0,0,0,0,0,0,0,0,22,0,0,0,0,0,0,10,4,2,1,0,0,0,1,2,0,8,0,2,70,206
jsonpathly,b32bd8f335f0035a79ca011e465fc0db460d93ed,0,39330.875,58261504.0,14,7,5,64,69,4,5,15,18,8,8,10,47,30,12,6,2,7,2,1,1,2,4,1,0,0,0,9,6,1,2,3,2,0,0,0,0,0,0,0,0,64,0,0,0,0,0,0,0,0,0,0,0,0,0,0,0,0,0,0,0,0,0,0,0,0,0,2,0,0,12,0,7,0,0,2,0,0,0,0,0,0,0,0,0,0,0,0,0,0,0,0,22,0,0,0,0,0,0,10,4,2,1,0,0,0,1,2,0,8,0,2,70,206
rfc9535,b32bd8f335f0035a79ca011e465fc0db460d93ed,0,40330.75,60899328.0,14,7,5,64,69,4,5,15,18,8,8,10,47,30,12,6,2,7,2,1,1,2,4,1,0,0,0,9,6,1,2,3,2,0,0,0,0,0,0,0,0,64,0,0,0,0,0,0,0,0,0,0,0,0,0,0,0,0,0,0,0,0,0,0,0,0,0,2,0,0,12,0,7,0,0,2,0,0,0,0,0,0,0,0,0,0,0,0,0,0,0,0,22,0,0,0,0,0,0,10,4,2,1,0,0,0,1,2,0,8,0,2,70,206
p3,b32bd8f335f0035a79ca011e465fc0db460d93ed,0,39338.6875,59656192.0,14,7,5,64,69,4,5,15,18,8,8,10,47,30,12,6,2,7,2,1,1,2,4,1,0,0,0,9,6,1,2,3,2,0,0,0,0,0,0,0,0,64,0,0,0,0,0,0,0,0,0,0,0,0,0,0,0,0,0,0,0,0,0,0,0,0,0,2,0,0,12,0,7,0,0,2,0,0,0,0,0,0,0,0,0,0,0,0,0,0,0,0,22,0,0,0,0,0,0,10,4,2,1,0,0,0,1,2,0,8,0,2,70,206
plus,74f8922090c05f1fa9b1c89744a9a8388f99f672,0,nan,nan,25,15,2,69,71,17,6,11,13,11,13,7,56,32,7,4,0,0,2,0,0,0,0,0,0,0,0,0,3,1,4,8,4,1,3,6,10,16,3,7,25,140,11,4,1,3,8,4,4,2,4,1,3,4,2,0,0,0,6,4,4,0,1,0,1,5,2,0,1,0,24,0,10,4,1,1,0,0,0,0,4,3,61,136,197,475,242,60,54,29,170,47,4,0,0,0,0,0,0,1,0,0,0,0,0,0,0,1,0,0,0,1,6,2054
dchester,74f8922090c05f1fa9b1c89744a9a8388f99f672,0,nan,nan,25,15,2,69,71,17,6,11,13,11,13,7,56,32,7,4,0,0,2,0,0,0,0,0,0,0,0,0,3,1,4,8,4,1,3,6,10,16,3,7,25,140,11,4,1,3,8,4,4,2,4,1,3,4,2,0,0,0,6,4,4,0,1,0,1,5,2,0,1,0,24,0,10,4,1,1,0,0,0,0,4,3,61,136,197,475,242,60,54,29,170,47,4,0,0,0,0,0,0,1,0,0,0,0,0,0,0,1,0,0,0,1,6,2054
jsonpathly,74f8922090c05f1fa9b1c89744a9a8388f99f672,0,347149.1666666667,66218666.666666664,25,15,2,69,71,17,6,11,13,11,13,7,56,32,7,4,0,0,2,0,0,0,0,0,0,0,0,0,3,1,4,8,4,1,3,6,10,16,3,7,25,140,11,4,1,3,8,4,4,2,4,1,3,4,2,0,0,0,6,4,4,0,1,0,1,5,2,0,1,0,24,0,10,4,1,1,0,0,0,0,4,3,61,136,197,475,242,60,54,29,170,47,4,0,0,0,0,0,0,1,0,0,0,0,0,0,0,1,0,0,0,1,6,2054
rfc9535,74f8922090c05f1fa9b1c89744a9a8388f99f672,0,221408.2,67190784.0,25,15,2,69,71,17,6,11,13,11,13,7,56,32,7,4,0,0,2,0,0,0,0,0,0,0,0,0,3,1,4,8,4,1,3,6,10,16,3,7,25,140,11,4,1,3,8,4,4,2,4,1,3,4,2,0,0,0,6,4,4,0,1,0,1,5,2,0,1,0,24,0,10,4,1,1,0,0,0,0,4,3,61,136,197,475,242,60,54,29,170,47,4,0,0,0,0,0,0,1,0,0,0,0,0,0,0,1,0,0,0,1,6,2054
p3,74f8922090c05f1fa9b1c89744a9a8388f99f672,0,155659.66666666666,64329045.333333336,25,15,2,69,71,17,6,11,13,11,13,7,56,32,7,4,0,0,2,0,0,0,0,0,0,0,0,0,3,1,4,8,4,1,3,6,10,16,3,7,25,140,11,4,1,3,8,4,4,2,4,1,3,4,2,0,0,0,6,4,4,0,1,0,1,5,2,0,1,0,24,0,10,4,1,1,0,0,0,0,4,3,61,136,197,475,242,60,54,29,170,47,4,0,0,0,0,0,0,1,0,0,0,0,0,0,0,1,0,0,0,1,6,2054
plus,f54c83e731af0092713a544450036cb3475bcdbf,0,nan,nan,25,15,2,69,71,17,6,11,13,11,13,7,56,32,7,4,0,0,2,0,0,0,0,0,0,0,0,0,3,1,4,8,4,1,3,6,10,16,3,7,25,140,11,4,1,3,8,4,4,2,4,1,3,4,2,0,0,0,6,4,4,0,1,0,1,5,2,0,1,0,24,0,10,4,1,1,0,0,0,0,4,3,61,136,197,475,242,60,54,29,170,47,4,0,0,0,0,0,0,1,0,0,0,0,0,0,0,1,0,0,0,1,6,2054
dchester,f54c83e731af0092713a544450036cb3475bcdbf,0,nan,nan,25,15,2,69,71,17,6,11,13,11,13,7,56,32,7,4,0,0,2,0,0,0,0,0,0,0,0,0,3,1,4,8,4,1,3,6,10,16,3,7,25,140,11,4,1,3,8,4,4,2,4,1,3,4,2,0,0,0,6,4,4,0,1,0,1,5,2,0,1,0,24,0,10,4,1,1,0,0,0,0,4,3,61,136,197,475,242,60,54,29,170,47,4,0,0,0,0,0,0,1,0,0,0,0,0,0,0,1,0,0,0,1,6,2054
jsonpathly,f54c83e731af0092713a544450036cb3475bcdbf,0,340888.6666666667,66153130.666666664,25,15,2,69,71,17,6,11,13,11,13,7,56,32,7,4,0,0,2,0,0,0,0,0,0,0,0,0,3,1,4,8,4,1,3,6,10,16,3,7,25,140,11,4,1,3,8,4,4,2,4,1,3,4,2,0,0,0,6,4,4,0,1,0,1,5,2,0,1,0,24,0,10,4,1,1,0,0,0,0,4,3,61,136,197,475,242,60,54,29,170,47,4,0,0,0,0,0,0,1,0,0,0,0,0,0,0,1,0,0,0,1,6,2054
rfc9535,f54c83e731af0092713a544450036cb3475bcdbf,0,232968.75,67122517.33333333,25,15,2,69,71,17,6,11,13,11,13,7,56,32,7,4,0,0,2,0,0,0,0,0,0,0,0,0,3,1,4,8,4,1,3,6,10,16,3,7,25,140,11,4,1,3,8,4,4,2,4,1,3,4,2,0,0,0,6,4,4,0,1,0,1,5,2,0,1,0,24,0,10,4,1,1,0,0,0,0,4,3,61,136,197,475,242,60,54,29,170,47,4,0,0,0,0,0,0,1,0,0,0,0,0,0,0,1,0,0,0,1,6,2054
p3,f54c83e731af0092713a544450036cb3475bcdbf,0,156138.83333333334,64307200.0,25,15,2,69,71,17,6,11,13,11,13,7,56,32,7,4,0,0,2,0,0,0,0,0,0,0,0,0,3,1,4,8,4,1,3,6,10,16,3,7,25,140,11,4,1,3,8,4,4,2,4,1,3,4,2,0,0,0,6,4,4,0,1,0,1,5,2,0,1,0,24,0,10,4,1,1,0,0,0,0,4,3,61,136,197,475,242,60,54,29,170,47,4,0,0,0,0,0,0,1,0,0,0,0,0,0,0,1,0,0,0,1,6,2054
plus,a3f5cb75f02cfb8125c585627adafb9c4df1718c,0,nan,nan,25,15,2,69,71,17,6,11,13,11,13,7,56,32,7,4,0,0,2,0,0,0,0,0,0,0,0,0,3,1,4,8,4,1,3,6,10,16,3,7,25,140,11,4,1,3,8,4,4,2,4,1,3,4,2,0,0,0,6,4,4,0,1,0,1,5,2,0,1,0,24,0,10,4,1,1,0,0,0,0,4,3,61,136,197,475,242,60,54,29,170,47,4,0,0,0,0,0,0,1,0,0,0,0,0,0,0,1,0,0,0,1,6,2054
dchester,a3f5cb75f02cfb8125c585627adafb9c4df1718c,0,nan,nan,25,15,2,69,71,17,6,11,13,11,13,7,56,32,7,4,0,0,2,0,0,0,0,0,0,0,0,0,3,1,4,8,4,1,3,6,10,16,3,7,25,140,11,4,1,3,8,4,4,2,4,1,3,4,2,0,0,0,6,4,4,0,1,0,1,5,2,0,1,0,24,0,10,4,1,1,0,0,0,0,4,3,61,136,197,475,242,60,54,29,170,47,4,0,0,0,0,0,0,1,0,0,0,0,0,0,0,1,0,0,0,1,6,2054
jsonpathly,a3f5cb75f02cfb8125c585627adafb9c4df1718c,0,359112.0,66551808.0,25,15,2,69,71,17,6,11,13,11,13,7,56,32,7,4,0,0,2,0,0,0,0,0,0,0,0,0,3,1,4,8,4,1,3,6,10,16,3,7,25,140,11,4,1,3,8,4,4,2,4,1,3,4,2,0,0,0,6,4,4,0,1,0,1,5,2,0,1,0,24,0,10,4,1,1,0,0,0,0,4,3,61,136,197,475,242,60,54,29,170,47,4,0,0,0,0,0,0,1,0,0,0,0,0,0,0,1,0,0,0,1,6,2054
rfc9535,a3f5cb75f02cfb8125c585627adafb9c4df1718c,0,237502.5625,67618816.0,25,15,2,69,71,17,6,11,13,11,13,7,56,32,7,4,0,0,2,0,0,0,0,0,0,0,0,0,3,1,4,8,4,1,3,6,10,16,3,7,25,140,11,4,1,3,8,4,4,2,4,1,3,4,2,0,0,0,6,4,4,0,1,0,1,5,2,0,1,0,24,0,10,4,1,1,0,0,0,0,4,3,61,136,197,475,242,60,54,29,170,47,4,0,0,0,0,0,0,1,0,0,0,0,0,0,0,1,0,0,0,1,6,2054
p3,a3f5cb75f02cfb8125c585627adafb9c4df1718c,0,154649.33333333334,64353621.333333336,25,15,2,69,71,17,6,11,13,11,13,7,56,32,7,4,0,0,2,0,0,0,0,0,0,0,0,0,3,1,4,8,4,1,3,6,10,16,3,7,25,140,11,4,1,3,8,4,4,2,4,1,3,4,2,0,0,0,6,4,4,0,1,0,1,5,2,0,1,0,24,0,10,4,1,1,0,0,0,0,4,3,61,136,197,475,242,60,54,29,170,47,4,0,0,0,0,0,0,1,0,0,0,0,0,0,0,1,0,0,0,1,6,2054
plus,bf04be1ed1d821e5219bd725a10a9aaaa9977f6d,0,nan,nan,25,15,2,69,71,17,6,11,13,11,13,7,56,31,7,4,0,0,2,0,0,0,0,0,0,0,0,0,3,1,4,8,4,1,3,6,10,16,3,7,25,140,11,4,1,3,8,4,4,2,4,1,3,4,2,0,0,0,6,4,4,0,1,0,1,5,2,0,1,0,24,0,10,4,1,1,0,0,0,0,4,3,61,136,197,475,242,60,54,29,170,47,4,0,0,0,0,0,0,1,0,0,0,0,0,0,0,1,0,0,0,1,6,2054
dchester,bf04be1ed1d821e5219bd725a10a9aaaa9977f6d,0,nan,nan,25,15,2,69,71,17,6,11,13,11,13,7,56,31,7,4,0,0,2,0,0,0,0,0,0,0,0,0,3,1,4,8,4,1,3,6,10,16,3,7,25,140,11,4,1,3,8,4,4,2,4,1,3,4,2,0,0,0,6,4,4,0,1,0,1,5,2,0,1,0,24,0,10,4,1,1,0,0,0,0,4,3,61,136,197,475,242,60,54,29,170,47,4,0,0,0,0,0,0,1,0,0,0,0,0,0,0,1,0,0,0,1,6,2054
jsonpathly,bf04be1ed1d821e5219bd725a10a9aaaa9977f6d,0,343281.375,66490368.0,25,15,2,69,71,17,6,11,13,11,13,7,56,31,7,4,0,0,2,0,0,0,0,0,0,0,0,0,3,1,4,8,4,1,3,6,10,16,3,7,25,140,11,4,1,3,8,4,4,2,4,1,3,4,2,0,0,0,6,4,4,0,1,0,1,5,2,0,1,0,24,0,10,4,1,1,0,0,0,0,4,3,61,136,197,475,242,60,54,29,170,47,4,0,0,0,0,0,0,1,0,0,0,0,0,0,0,1,0,0,0,1,6,2054
rfc9535,bf04be1ed1d821e5219bd725a10a9aaaa9977f6d,0,217826.33333333334,67343701.33333333,25,15,2,69,71,17,6,11,13,11,13,7,56,31,7,4,0,0,2,0,0,0,0,0,0,0,0,0,3,1,4,8,4,1,3,6,10,16,3,7,25,140,11,4,1,3,8,4,4,2,4,1,3,4,2,0,0,0,6,4,4,0,1,0,1,5,2,0,1,0,24,0,10,4,1,1,0,0,0,0,4,3,61,136,197,475,242,60,54,29,170,47,4,0,0,0,0,0,0,1,0,0,0,0,0,0,0,1,0,0,0,1,6,2054
p3,bf04be1ed1d821e5219bd725a10a9aaaa9977f6d,0,154432.375,64196608.0,25,15,2,69,71,17,6,11,13,11,13,7,56,31,7,4,0,0,2,0,0,0,0,0,0,0,0,0,3,1,4,8,4,1,3,6,10,16,3,7,25,140,11,4,1,3,8,4,4,2,4,1,3,4,2,0,0,0,6,4,4,0,1,0,1,5,2,0,1,0,24,0,10,4,1,1,0,0,0,0,4,3,61,136,197,475,242,60,54,29,170,47,4,0,0,0,0,0,0,1,0,0,0,0,0,0,0,1,0,0,0,1,6,2054
plus,224f7fc469b83bf4972e45a094e786517d8afdb8,0,nan,nan,25,15,2,69,71,17,6,11,13,11,13,7,56,32,7,4,0,0,2,0,0,0,0,0,0,0,0,0,3,1,4,8,4,1,3,6,10,16,3,7,25,140,11,4,1,3,8,4,4,2,4,1,3,4,2,0,0,0,6,4,4,0,1,0,1,5,2,0,1,0,24,0,10,4,1,1,0,0,0,0,4,3,61,136,197,475,242,60,54,29,170,47,4,0,0,0,0,0,0,1,0,0,0,0,0,0,0,1,0,0,0,1,6,2054
dchester,224f7fc469b83bf4972e45a094e786517d8afdb8,0,nan,nan,25,15,2,69,71,17,6,11,13,11,13,7,56,32,7,4,0,0,2,0,0,0,0,0,0,0,0,0,3,1,4,8,4,1,3,6,10,16,3,7,25,140,11,4,1,3,8,4,4,2,4,1,3,4,2,0,0,0,6,4,4,0,1,0,1,5,2,0,1,0,24,0,10,4,1,1,0,0,0,0,4,3,61,136,197,475,242,60,54,29,170,47,4,0,0,0,0,0,0,1,0,0,0,0,0,0,0,1,0,0,0,1,6,2054
jsonpathly,224f7fc469b83bf4972e45a094e786517d8afdb8,0,334786.5,66154496.0,25,15,2,69,71,17,6,11,13,11,13,7,56,32,7,4,0,0,2,0,0,0,0,0,0,0,0,0,3,1,4,8,4,1,3,6,10,16,3,7,25,140,11,4,1,3,8,4,4,2,4,1,3,4,2,0,0,0,6,4,4,0,1,0,1,5,2,0,1,0,24,0,10,4,1,1,0,0,0,0,4,3,61,136,197,475,242,60,54,29,170,47,4,0,0,0,0,0,0,1,0,0,0,0,0,0,0,1,0,0,0,1,6,2054
rfc9535,224f7fc469b83bf4972e45a094e786517d8afdb8,0,222447.875,67297280.0,25,15,2,69,71,17,6,11,13,11,13,7,56,32,7,4,0,0,2,0,0,0,0,0,0,0,0,0,3,1,4,8,4,1,3,6,10,16,3,7,25,140,11,4,1,3,8,4,4,2,4,1,3,4,2,0,0,0,6,4,4,0,1,0,1,5,2,0,1,0,24,0,10,4,1,1,0,0,0,0,4,3,61,136,197,475,242,60,54,29,170,47,4,0,0,0,0,0,0,1,0,0,0,0,0,0,0,1,0,0,0,1,6,2054
p3,224f7fc469b83bf4972e45a094e786517d8afdb8,0,156254.2,64448102.4,25,15,2,69,71,17,6,11,13,11,13,7,56,32,7,4,0,0,2,0,0,0,0,0,0,0,0,0,3,1,4,8,4,1,3,6,10,16,3,7,25,140,11,4,1,3,8,4,4,2,4,1,3,4,2,0,0,0,6,4,4,0,1,0,1,5,2,0,1,0,24,0,10,4,1,1,0,0,0,0,4,3,61,136,197,475,242,60,54,29,170,47,4,0,0,0,0,0,0,1,0,0,0,0,0,0,0,1,0,0,0,1,6,2054
plus,0b444484c90e9ac11ce4b505b315ac3b2c54faec,0,nan,nan,25,15,2,69,71,17,6,11,13,11,13,7,56,32,7,4,0,0,2,0,0,0,0,0,0,0,0,0,3,1,4,8,4,1,3,6,10,16,3,7,25,140,11,4,1,3,8,4,4,2,4,1,3,4,2,0,0,0,6,4,4,0,1,0,1,5,2,0,1,0,24,0,10,4,1,1,0,0,0,0,4,3,61,136,197,475,242,60,53,29,170,47,4,0,0,0,0,0,0,1,0,0,0,0,0,0,0,1,0,0,0,1,6,2054
dchester,0b444484c90e9ac11ce4b505b315ac3b2c54faec,0,nan,nan,25,15,2,69,71,17,6,11,13,11,13,7,56,32,7,4,0,0,2,0,0,0,0,0,0,0,0,0,3,1,4,8,4,1,3,6,10,16,3,7,25,140,11,4,1,3,8,4,4,2,4,1,3,4,2,0,0,0,6,4,4,0,1,0,1,5,2,0,1,0,24,0,10,4,1,1,0,0,0,0,4,3,61,136,197,475,242,60,53,29,170,47,4,0,0,0,0,0,0,1,0,0,0,0,0,0,0,1,0,0,0,1,6,2054
jsonpathly,0b444484c90e9ac11ce4b505b315ac3b2c54faec,0,339875.0,66185898.666666664,25,15,2,69,71,17,6,11,13,11,13,7,56,32,7,4,0,0,2,0,0,0,0,0,0,0,0,0,3,1,4,8,4,1,3,6,10,16,3,7,25,140,11,4,1,3,8,4,4,2,4,1,3,4,2,0,0,0,6,4,4,0,1,0,1,5,2,0,1,0,24,0,10,4,1,1,0,0,0,0,4,3,61,136,197,475,242,60,53,29,170,47,4,0,0,0,0,0,0,1,0,0,0,0,0,0,0,1,0,0,0,1,6,2054
rfc9535,0b444484c90e9ac11ce4b505b315ac3b2c54faec,0,223104.33333333334,67321856.0,25,15,2,69,71,17,6,11,13,11,13,7,56,32,7,4,0,0,2,0,0,0,0,0,0,0,0,0,3,1,4,8,4,1,3,6,10,16,3,7,25,140,11,4,1,3,8,4,4,2,4,1,3,4,2,0,0,0,6,4,4,0,1,0,1,5,2,0,1,0,24,0,10,4,1,1,0,0,0,0,4,3,61,136,197,475,242,60,53,29,170,47,4,0,0,0,0,0,0,1,0,0,0,0,0,0,0,1,0,0,0,1,6,2054
p3,0b444484c90e9ac11ce4b505b315ac3b2c54faec,0,154322.875,64290816.0,25,15,2,69,71,17,6,11,13,11,13,7,56,32,7,4,0,0,2,0,0,0,0,0,0,0,0,0,3,1,4,8,4,1,3,6,10,16,3,7,25,140,11,4,1,3,8,4,4,2,4,1,3,4,2,0,0,0,6,4,4,0,1,0,1,5,2,0,1,0,24,0,10,4,1,1,0,0,0,0,4,3,61,136,197,475,242,60,53,29,170,47,4,0,0,0,0,0,0,1,0,0,0,0,0,0,0,1,0,0,0,1,6,2054
plus,6b98ad07d4c238710009172dc770360cdc1d34dc,0,nan,nan,25,15,2,69,71,17,6,11,13,11,13,7,56,32,7,4,0,0,2,0,0,0,0,0,0,0,0,0,3,1,4,8,4,1,3,6,10,16,3,7,25,140,11,4,1,3,8,4,4,2,4,1,3,4,2,0,0,0,6,4,4,0,1,0,1,5,2,0,1,0,24,0,10,4,1,1,0,0,0,0,4,3,61,136,197,475,242,60,54,29,170,47,4,0,0,0,0,0,0,1,0,0,0,0,0,0,0,1,0,0,0,1,6,2054
dchester,6b98ad07d4c238710009172dc770360cdc1d34dc,0,nan,nan,25,15,2,69,71,17,6,11,13,11,13,7,56,32,7,4,0,0,2,0,0,0,0,0,0,0,0,0,3,1,4,8,4,1,3,6,10,16,3,7,25,140,11,4,1,3,8,4,4,2,4,1,3,4,2,0,0,0,6,4,4,0,1,0,1,5,2,0,1,0,24,0,10,4,1,1,0,0,0,0,4,3,61,136,197,475,242,60,54,29,170,47,4,0,0,0,0,0,0,1,0,0,0,0,0,0,0,1,0,0,0,1,6,2054
jsonpathly,6b98ad07d4c238710009172dc770360cdc1d34dc,0,343569.5,66245973.333333336,25,15,2,69,71,17,6,11,13,11,13,7,56,32,7,4,0,0,2,0,0,0,0,0,0,0,0,0,3,1,4,8,4,1,3,6,10,16,3,7,25,140,11,4,1,3,8,4,4,2,4,1,3,4,2,0,0,0,6,4,4,0,1,0,1,5,2,0,1,0,24,0,10,4,1,1,0,0,0,0,4,3,61,136,197,475,242,60,54,29,170,47,4,0,0,0,0,0,0,1,0,0,0,0,0,0,0,1,0,0,0,1,6,2054
rfc9535,6b98ad07d4c238710009172dc770360cdc1d34dc,0,237940.25,67231744.0,25,15,2,69,71,17,6,11,13,11,13,7,56,32,7,4,0,0,2,0,0,0,0,0,0,0,0,0,3,1,4,8,4,1,3,6,10,16,3,7,25,140,11,4,1,3,8,4,4,2,4,1,3,4,2,0,0,0,6,4,4,0,1,0,1,5,2,0,1,0,24,0,10,4,1,1,0,0,0,0,4,3,61,136,197,475,242,60,54,29,170,47,4,0,0,0,0,0,0,1,0,0,0,0,0,0,0,1,0,0,0,1,6,2054
p3,6b98ad07d4c238710009172dc770360cdc1d34dc,0,152923.83333333334,64318122.666666664,25,15,2,69,71,17,6,11,13,11,13,7,56,32,7,4,0,0,2,0,0,0,0,0,0,0,0,0,3,1,4,8,4,1,3,6,10,16,3,7,25,140,11,4,1,3,8,4,4,2,4,1,3,4,2,0,0,0,6,4,4,0,1,0,1,5,2,0,1,0,24,0,10,4,1,1,0,0,0,0,4,3,61,136,197,475,242,60,54,29,170,47,4,0,0,0,0,0,0,1,0,0,0,0,0,0,0,1,0,0,0,1,6,2054
plus,dfba430a53dfd5b9decb6f32c8729f629a4a0a01,0,24182.25,56434688.0,10,3,3,43,46,9,1,0,0,5,5,4,27,18,3,2,0,0,0,0,0,0,0,0,0,0,0,0,1,0,0,0,1,0,1,1,2,3,0,1,5,25,3,1,0,1,2,1,1,0,0,0,1,0,0,0,0,0,1,1,1,0,0,0,0,11,1,0,0,0,29,0,7,5,6,0,0,0,0,0,1,1,66,176,242,545,284,75,62,33,162,57,4,0,0,0,0,0,0,1,0,0,0,0,0,0,0,1,0,0,0,1,7,1908
dchester,dfba430a53dfd5b9decb6f32c8729f629a4a0a01,0,nan,nan,10,3,3,43,46,9,1,0,0,5,5,4,27,18,3,2,0,0,0,0,0,0,0,0,0,0,0,0,1,0,0,0,1,0,1,1,2,3,0,1,5,25,3,1,0,1,2,1,1,0,0,0,1,0,0,0,0,0,1,1,1,0,0,0,0,11,1,0,0,0,29,0,7,5,6,0,0,0,0,0,1,1,66,176,242,545,284,75,62,33,162,57,4,0,0,0,0,0,0,1,0,0,0,0,0,0,0,1,0,0,0,1,7,1908
jsonpathly,dfba430a53dfd5b9decb6f32c8729f629a4a0a01,0,119350.1,63143936.0,10,3,3,43,46,9,1,0,0,5,5,4,27,18,3,2,0,0,0,0,0,0,0,0,0,0,0,0,1,0,0,0,1,0,1,1,2,3,0,1,5,25,3,1,0,1,2,1,1,0,0,0,1,0,0,0,0,0,1,1,1,0,0,0,0,11,1,0,0,0,29,0,7,5,6,0,0,0,0,0,1,1,66,176,242,545,284,75,62,33,162,57,4,0,0,0,0,0,0,1,0,0,0,0,0,0,0,1,0,0,0,1,7,1908
rfc9535,dfba430a53dfd5b9decb6f32c8729f629a4a0a01,0,123440.64285714286,64180809.14285714,10,3,3,43,46,9,1,0,0,5,5,4,27,18,3,2,0,0,0,0,0,0,0,0,0,0,0,0,1,0,0,0,1,0,1,1,2,3,0,1,5,25,3,1,0,1,2,1,1,0,0,0,1,0,0,0,0,0,1,1,1,0,0,0,0,11,1,0,0,0,29,0,7,5,6,0,0,0,0,0,1,1,66,176,242,545,284,75,62,33,162,57,4,0,0,0,0,0,0,1,0,0,0,0,0,0,0,1,0,0,0,1,7,1908
p3,dfba430a53dfd5b9decb6f32c8729f629a4a0a01,0,121812.5,63409356.8,10,3,3,43,46,9,1,0,0,5,5,4,27,18,3,2,0,0,0,0,0,0,0,0,0,0,0,0,1,0,0,0,1,0,1,1,2,3,0,1,5,25,3,1,0,1,2,1,1,0,0,0,1,0,0,0,0,0,1,1,1,0,0,0,0,11,1,0,0,0,29,0,7,5,6,0,0,0,0,0,1,1,66,176,242,545,284,75,62,33,162,57,4,0,0,0,0,0,0,1,0,0,0,0,0,0,0,1,0,0,0,1,7,1908
plus,4ed9c6ddb9f0c9dd635cb0f9df31bb3748243079,0,23069.666666666668,56399189.333333336,10,3,3,43,46,9,1,0,0,5,5,4,27,18,3,2,0,0,0,0,0,0,0,0,0,0,0,0,1,0,0,0,1,0,1,1,2,3,0,1,5,25,3,1,0,1,2,1,1,0,0,0,1,0,0,0,0,0,1,1,1,0,0,0,0,11,1,0,0,0,29,0,7,5,6,0,0,0,0,0,1,1,66,176,242,545,284,75,62,33,162,57,4,0,0,0,0,0,0,1,0,0,0,0,0,0,0,1,0,0,0,1,7,1908
dchester,4ed9c6ddb9f0c9dd635cb0f9df31bb3748243079,0,nan,nan,10,3,3,43,46,9,1,0,0,5,5,4,27,18,3,2,0,0,0,0,0,0,0,0,0,0,0,0,1,0,0,0,1,0,1,1,2,3,0,1,5,25,3,1,0,1,2,1,1,0,0,0,1,0,0,0,0,0,1,1,1,0,0,0,0,11,1,0,0,0,29,0,7,5,6,0,0,0,0,0,1,1,66,176,242,545,284,75,62,33,162,57,4,0,0,0,0,0,0,1,0,0,0,0,0,0,0,1,0,0,0,1,7,1908
jsonpathly,4ed9c6ddb9f0c9dd635cb0f9df31bb3748243079,0,123404.92857142857,63172022.85714286,10,3,3,43,46,9,1,0,0,5,5,4,27,18,3,2,0,0,0,0,0,0,0,0,0,0,0,0,1,0,0,0,1,0,1,1,2,3,0,1,5,25,3,1,0,1,2,1,1,0,0,0,1,0,0,0,0,0,1,1,1,0,0,0,0,11,1,0,0,0,29,0,7,5,6,0,0,0,0,0,1,1,66,176,242,545,284,75,62,33,162,57,4,0,0,0,0,0,0,1,0,0,0,0,0,0,0,1,0,0,0,1,7,1908
rfc9535,4ed9c6ddb9f0c9dd635cb0f9df31bb3748243079,0,127361.75,64389120.0,10,3,3,43,46,9,1,0,0,5,5,4,27,18,3,2,0,0,0,0,0,0,0,0,0,0,0,0,1,0,0,0,1,0,1,1,2,3,0,1,5,25,3,1,0,1,2,1,1,0,0,0,1,0,0,0,0,0,1,1,1,0,0,0,0,11,1,0,0,0,29,0,7,5,6,0,0,0,0,0,1,1,66,176,242,545,284,75,62,33,162,57,4,0,0,0,0,0,0,1,0,0,0,0,0,0,0,1,0,0,0,1,7,1908
p3,4ed9c6ddb9f0c9dd635cb0f9df31bb3748243079,0,121611.0,63335082.666666664,10,3,3,43,46,9,1,0,0,5,5,4,27,18,3,2,0,0,0,0,0,0,0,0,0,0,0,0,1,0,0,0,1,0,1,1,2,3,0,1,5,25,3,1,0,1,2,1,1,0,0,0,1,0,0,0,0,0,1,1,1,0,0,0,0,11,1,0,0,0,29,0,7,5,6,0,0,0,0,0,1,1,66,176,242,545,284,75,62,33,162,57,4,0,0,0,0,0,0,1,0,0,0,0,0,0,0,1,0,0,0,1,7,1908
plus,10767d55eed66371eff129e1df7f6997dc226224,0,24303.571428571428,56494372.571428575,10,3,3,43,46,9,1,0,0,5,5,4,27,18,3,2,0,0,0,0,0,0,0,0,0,0,0,0,1,0,0,0,1,0,1,1,2,3,0,1,5,25,3,1,0,1,2,1,1,0,0,0,1,0,0,0,0,0,1,1,1,0,0,0,0,11,1,0,0,0,29,0,7,5,6,0,0,0,0,0,1,1,66,176,242,545,284,75,62,33,162,57,4,0,0,0,0,0,0,1,0,0,0,0,0,0,0,1,0,0,0,1,7,1908
dchester,10767d55eed66371eff129e1df7f6997dc226224,0,nan,nan,10,3,3,43,46,9,1,0,0,5,5,4,27,18,3,2,0,0,0,0,0,0,0,0,0,0,0,0,1,0,0,0,1,0,1,1,2,3,0,1,5,25,3,1,0,1,2,1,1,0,0,0,1,0,0,0,0,0,1,1,1,0,0,0,0,11,1,0,0,0,29,0,7,5,6,0,0,0,0,0,1,1,66,176,242,545,284,75,62,33,162,57,4,0,0,0,0,0,0,1,0,0,0,0,0,0,0,1,0,0,0,1,7,1908
jsonpathly,10767d55eed66371eff129e1df7f6997dc226224,0,124266.0,63320064.0,10,3,3,43,46,9,1,0,0,5,5,4,27,18,3,2,0,0,0,0,0,0,0,0,0,0,0,0,1,0,0,0,1,0,1,1,2,3,0,1,5,25,3,1,0,1,2,1,1,0,0,0,1,0,0,0,0,0,1,1,1,0,0,0,0,11,1,0,0,0,29,0,7,5,6,0,0,0,0,0,1,1,66,176,242,545,284,75,62,33,162,57,4,0,0,0,0,0,0,1,0,0,0,0,0,0,0,1,0,0,0,1,7,1908
rfc9535,10767d55eed66371eff129e1df7f6997dc226224,0,119389.0,64187050.666666664,10,3,3,43,46,9,1,0,0,5,5,4,27,18,3,2,0,0,0,0,0,0,0,0,0,0,0,0,1,0,0,0,1,0,1,1,2,3,0,1,5,25,3,1,0,1,2,1,1,0,0,0,1,0,0,0,0,0,1,1,1,0,0,0,0,11,1,0,0,0,29,0,7,5,6,0,0,0,0,0,1,1,66,176,242,545,284,75,62,33,162,57,4,0,0,0,0,0,0,1,0,0,0,0,0,0,0,1,0,0,0,1,7,1908
p3,10767d55eed66371eff129e1df7f6997dc226224,0,121367.83333333333,63438848.0,10,3,3,43,46,9,1,0,0,5,5,4,27,18,3,2,0,0,0,0,0,0,0,0,0,0,0,0,1,0,0,0,1,0,1,1,2,3,0,1,5,25,3,1,0,1,2,1,1,0,0,0,1,0,0,0,0,0,1,1,1,0,0,0,0,11,1,0,0,0,29,0,7,5,6,0,0,0,0,0,1,1,66,176,242,545,284,75,62,33,162,57,4,0,0,0,0,0,0,1,0,0,0,0,0,0,0,1,0,0,0,1,7,1908
plus,2ed0c9d30aa112b6862ef8aa9da53e6ac4167b6f,0,22028.625,57188352.0,9,0,0,287,287,0,9,175,184,92,92,59,145,122,92,46,6,20,24,3,1,2,10,1,2,2,0,34,46,10,45,57,0,0,0,0,0,0,0,0,0,26,0,0,0,0,0,0,0,0,0,0,0,0,0,0,0,0,0,0,0,0,0,0,0,0,0,0,0,0,2,0,9,0,0,0,0,0,0,0,0,0,0,0,0,0,0,0,0,0,0,0,11,1,2,0,0,0,0,2,0,0,1,0,0,0,1,0,0,0,1,2,19,1054
dchester,2ed0c9d30aa112b6862ef8aa9da53e6ac4167b6f,0,275958.375,71327744.0,9,0,0,287,287,0,9,175,184,92,92,59,145,122,92,46,6,20,24,3,1,2,10,1,2,2,0,34,46,10,45,57,0,0,0,0,0,0,0,0,0,26,0,0,0,0,0,0,0,0,0,0,0,0,0,0,0,0,0,0,0,0,0,0,0,0,0,0,0,0,2,0,9,0,0,0,0,0,0,0,0,0,0,0,0,0,0,0,0,0,0,0,11,1,2,0,0,0,0,2,0,0,1,0,0,0,1,0,0,0,1,2,19,1054
jsonpathly,2ed0c9d30aa112b6862ef8aa9da53e6ac4167b6f,0,95694.41666666667,60801024.0,9,0,0,287,287,0,9,175,184,92,92,59,145,122,92,46,6,20,24,3,1,2,10,1,2,2,0,34,46,10,45,57,0,0,0,0,0,0,0,0,0,26,0,0,0,0,0,0,0,0,0,0,0,0,0,0,0,0,0,0,0,0,0,0,0,0,0,0,0,0,2,0,9,0,0,0,0,0,0,0,0,0,0,0,0,0,0,0,0,0,0,0,11,1,2,0,0,0,0,2,0,0,1,0,0,0,1,0,0,0,1,2,19,1054
rfc9535,2ed0c9d30aa112b6862ef8aa9da53e6ac4167b6f,0,125746.1,67452928.0,9,0,0,287,287,0,9,175,184,92,92,59,145,122,92,46,6,20,24,3,1,2,10,1,2,2,0,34,46,10,45,57,0,0,0,0,0,0,0,0,0,26,0,0,0,0,0,0,0,0,0,0,0,0,0,0,0,0,0,0,0,0,0,0,0,0,0,0,0,0,2,0,9,0,0,0,0,0,0,0,0,0,0,0,0,0,0,0,0,0,0,0,11,1,2,0,0,0,0,2,0,0,1,0,0,0,1,0,0,0,1,2,19,1054
p3,2ed0c9d30aa112b6862ef8aa9da53e6ac4167b6f,0,85166.83333333333,64924330.666666664,9,0,0,287,287,0,9,175,184,92,92,59,145,122,92,46,6,20,24,3,1,2,10,1,2,2,0,34,46,10,45,57,0,0,0,0,0,0,0,0,0,26,0,0,0,0,0,0,0,0,0,0,0,0,0,0,0,0,0,0,0,0,0,0,0,0,0,0,0,0,2,0,9,0,0,0,0,0,0,0,0,0,0,0,0,0,0,0,0,0,0,0,11,1,2,0,0,0,0,2,0,0,1,0,0,0,1,0,0,0,1,2,19,1054
plus,840492bc471fb3b9d9187aa0e82a43ba6713d8bb,0,18005.1875,56657920.0,7,0,0,334,334,0,7,137,144,72,72,51,135,111,72,35,6,12,6,4,3,6,15,3,1,1,0,23,37,3,9,10,0,0,0,0,0,0,0,0,0,399,0,0,0,0,0,0,0,0,0,0,0,0,0,0,0,0,0,0,0,0,0,0,0,0,0,1,0,0,7,0,7,0,0,3,0,0,0,0,0,0,0,0,0,0,0,0,0,0,0,0,120,5,22,3,8,9,11,35,4,3,7,1,1,1,5,3,6,10,17,5,344,808
dchester,840492bc471fb3b9d9187aa0e82a43ba6713d8bb,0,230487.4,69523865.6,7,0,0,334,334,0,7,137,144,72,72,51,135,111,72,35,6,12,6,4,3,6,15,3,1,1,0,23,37,3,9,10,0,0,0,0,0,0,0,0,0,399,0,0,0,0,0,0,0,0,0,0,0,0,0,0,0,0,0,0,0,0,0,0,0,0,0,1,0,0,7,0,7,0,0,3,0,0,0,0,0,0,0,0,0,0,0,0,0,0,0,0,120,5,22,3,8,9,11,35,4,3,7,1,1,1,5,3,6,10,17,5,344,808
jsonpathly,840492bc471fb3b9d9187aa0e82a43ba6713d8bb,0,88114.66666666667,63255893.333333336,7,0,0,334,334,0,7,137,144,72,72,51,135,111,72,35,6,12,6,4,3,6,15,3,1,1,0,23,37,3,9,10,0,0,0,0,0,0,0,0,0,399,0,0,0,0,0,0,0,0,0,0,0,0,0,0,0,0,0,0,0,0,0,0,0,0,0,1,0,0,7,0,7,0,0,3,0,0,0,0,0,0,0,0,0,0,0,0,0,0,0,0,120,5,22,3,8,9,11,35,4,3,7,1,1,1,5,3,6,10,17,5,344,808
rfc9535,840492bc471fb3b9d9187aa0e82a43ba6713d8bb,0,98354.16666666667,67349162.66666667,7,0,0,334,334,0,7,137,144,72,72,51,135,111,72,35,6,12,6,4,3,6,15,3,1,1,0,23,37,3,9,10,0,0,0,0,0,0,0,0,0,399,0,0,0,0,0,0,0,0,0,0,0,0,0,0,0,0,0,0,0,0,0,0,0,0,0,1,0,0,7,0,7,0,0,3,0,0,0,0,0,0,0,0,0,0,0,0,0,0,0,0,120,5,22,3,8,9,11,35,4,3,7,1,1,1,5,3,6,10,17,5,344,808
p3,840492bc471fb3b9d9187aa0e82a43ba6713d8bb,0,67169.64285714286,64368054.85714286,7,0,0,334,334,0,7,137,144,72,72,51,135,111,72,35,6,12,6,4,3,6,15,3,1,1,0,23,37,3,9,10,0,0,0,0,0,0,0,0,0,399,0,0,0,0,0,0,0,0,0,0,0,0,0,0,0,0,0,0,0,0,0,0,0,0,0,1,0,0,7,0,7,0,0,3,0,0,0,0,0,0,0,0,0,0,0,0,0,0,0,0,120,5,22,3,8,9,11,35,4,3,7,1,1,1,5,3,6,10,17,5,344,808
plus,c1f18ba3eb3b6165e7b7a6190e65e794ad66d79b,0,25444.5,56421034.666666664,22,13,5,84,89,14,4,9,10,7,7,4,38,28,11,3,0,0,3,2,2,4,8,2,0,0,0,0,8,1,5,10,3,0,1,6,8,18,5,7,39,146,10,6,5,1,8,2,6,3,6,4,2,6,2,0,0,0,10,2,6,0,0,4,0,7,2,2,2,0,23,0,9,2,5,2,0,0,0,0,6,3,58,103,161,448,220,46,45,29,171,63,4,0,0,0,0,0,0,1,0,0,0,0,0,0,0,1,0,0,0,1,6,1970
dchester,c1f18ba3eb3b6165e7b7a6190e65e794ad66d79b,0,nan,nan,22,13,5,84,89,14,4,9,10,7,7,4,38,28,11,3,0,0,3,2,2,4,8,2,0,0,0,0,8,1,5,10,3,0,1,6,8,18,5,7,39,146,10,6,5,1,8,2,6,3,6,4,2,6,2,0,0,0,10,2,6,0,0,4,0,7,2,2,2,0,23,0,9,2,5,2,0,0,0,0,6,3,58,103,161,448,220,46,45,29,171,63,4,0,0,0,0,0,0,1,0,0,0,0,0,0,0,1,0,0,0,1,6,1970
jsonpathly,c1f18ba3eb3b6165e7b7a6190e65e794ad66d79b,0,346197.875,67121152.0,22,13,5,84,89,14,4,9,10,7,7,4,38,28,11,3,0,0,3,2,2,4,8,2,0,0,0,0,8,1,5,10,3,0,1,6,8,18,5,7,39,146,10,6,5,1,8,2,6,3,6,4,2,6,2,0,0,0,10,2,6,0,0,4,0,7,2,2,2,0,23,0,9,2,5,2,0,0,0,0,6,3,58,103,161,448,220,46,45,29,171,63,4,0,0,0,0,0,0,1,0,0,0,0,0,0,0,1,0,0,0,1,6,1970
rfc9535,c1f18ba3eb3b6165e7b7a6190e65e794ad66d79b,0,209516.7,67036774.4,22,13,5,84,89,14,4,9,10,7,7,4,38,28,11,3,0,0,3,2,2,4,8,2,0,0,0,0,8,1,5,10,3,0,1,6,8,18,5,7,39,146,10,6,5,1,8,2,6,3,6,4,2,6,2,0,0,0,10,2,6,0,0,4,0,7,2,2,2,0,23,0,9,2,5,2,0,0,0,0,6,3,58,103,161,448,220,46,45,29,171,63,4,0,0,0,0,0,0,1,0,0,0,0,0,0,0,1,0,0,0,1,6,1970
p3,c1f18ba3eb3b6165e7b7a6190e65e794ad66d79b,0,152708.3,66699264.0,22,13,5,84,89,14,4,9,10,7,7,4,38,28,11,3,0,0,3,2,2,4,8,2,0,0,0,0,8,1,5,10,3,0,1,6,8,18,5,7,39,146,10,6,5,1,8,2,6,3,6,4,2,6,2,0,0,0,10,2,6,0,0,4,0,7,2,2,2,0,23,0,9,2,5,2,0,0,0,0,6,3,58,103,161,448,220,46,45,29,171,63,4,0,0,0,0,0,0,1,0,0,0,0,0,0,0,1,0,0,0,1,6,1970
plus,04421acfa02ece7e7eba8035465d536eb58f7224,0,23764.0,56459264.0,11,3,2,23,25,7,3,2,3,4,4,1,21,11,1,0,0,0,0,0,0,0,0,0,0,0,0,0,1,1,2,1,2,0,1,2,3,4,1,1,7,25,2,1,0,1,2,0,2,1,2,1,1,1,0,0,0,0,1,1,1,0,1,0,0,2,1,0,0,0,29,0,8,1,1,0,0,0,0,0,1,1,73,166,239,582,312,91,54,30,161,47,4,0,0,0,0,0,0,1,0,0,0,0,0,0,0,1,0,0,0,1,7,2011
dchester,04421acfa02ece7e7eba8035465d536eb58f7224,0,nan,nan,11,3,2,23,25,7,3,2,3,4,4,1,21,11,1,0,0,0,0,0,0,0,0,0,0,0,0,0,1,1,2,1,2,0,1,2,3,4,1,1,7,25,2,1,0,1,2,0,2,1,2,1,1,1,0,0,0,0,1,1,1,0,1,0,0,2,1,0,0,0,29,0,8,1,1,0,0,0,0,0,1,1,73,166,239,582,312,91,54,30,161,47,4,0,0,0,0,0,0,1,0,0,0,0,0,0,0,1,0,0,0,1,7,2011
jsonpathly,04421acfa02ece7e7eba8035465d536eb58f7224,0,128461.0,63594496.0,11,3,2,23,25,7,3,2,3,4,4,1,21,11,1,0,0,0,0,0,0,0,0,0,0,0,0,0,1,1,2,1,2,0,1,2,3,4,1,1,7,25,2,1,0,1,2,0,2,1,2,1,1,1,0,0,0,0,1,1,1,0,1,0,0,2,1,0,0,0,29,0,8,1,1,0,0,0,0,0,1,1,73,166,239,582,312,91,54,30,161,47,4,0,0,0,0,0,0,1,0,0,0,0,0,0,0,1,0,0,0,1,7,2011
rfc9535,04421acfa02ece7e7eba8035465d536eb58f7224,0,122904.0,63943475.2,11,3,2,23,25,7,3,2,3,4,4,1,21,11,1,0,0,0,0,0,0,0,0,0,0,0,0,0,1,1,2,1,2,0,1,2,3,4,1,1,7,25,2,1,0,1,2,0,2,1,2,1,1,1,0,0,0,0,1,1,1,0,1,0,0,2,1,0,0,0,29,0,8,1,1,0,0,0,0,0,1,1,73,166,239,582,312,91,54,30,161,47,4,0,0,0,0,0,0,1,0,0,0,0,0,0,0,1,0,0,0,1,7,2011
p3,04421acfa02ece7e7eba8035465d536eb58f7224,0,137588.625,64112640.0,11,3,2,23,25,7,3,2,3,4,4,1,21,11,1,0,0,0,0,0,0,0,0,0,0,0,0,0,1,1,2,1,2,0,1,2,3,4,1,1,7,25,2,1,0,1,2,0,2,1,2,1,1,1,0,0,0,0,1,1,1,0,1,0,0,2,1,0,0,0,29,0,8,1,1,0,0,0,0,0,1,1,73,166,239,582,312,91,54,30,161,47,4,0,0,0,0,0,0,1,0,0,0,0,0,0,0,1,0,0,0,1,7,2011
plus,248439c86cee69edb1e72975d4a8789f8ce1d355,0,26890.625,56659968.0,11,3,2,23,25,7,3,2,3,4,4,1,21,11,1,0,0,0,0,0,0,0,0,0,0,0,0,0,1,1,2,1,2,0,1,2,3,4,1,1,7,25,2,1,0,1,2,0,2,1,2,1,1,1,0,0,0,0,1,1,1,0,1,0,0,2,1,0,0,0,29,0,8,1,1,0,0,0,0,0,1,1,73,166,239,582,312,91,54,30,161,47,4,0,0,0,0,0,0,1,0,0,0,0,0,0,0,1,0,0,0,1,7,2011
dchester,248439c86cee69edb1e72975d4a8789f8ce1d355,0,nan,nan,11,3,2,23,25,7,3,2,3,4,4,1,21,11,1,0,0,0,0,0,0,0,0,0,0,0,0,0,1,1,2,1,2,0,1,2,3,4,1,1,7,25,2,1,0,1,2,0,2,1,2,1,1,1,0,0,0,0,1,1,1,0,1,0,0,2,1,0,0,0,29,0,8,1,1,0,0,0,0,0,1,1,73,166,239,582,312,91,54,30,161,47,4,0,0,0,0,0,0,1,0,0,0,0,0,0,0,1,0,0,0,1,7,2011
jsonpathly,248439c86cee69edb1e72975d4a8789f8ce1d355,0,140307.375,63688704.0,11,3,2,23,25,7,3,2,3,4,4,1,21,11,1,0,0,0,0,0,0,0,0,0,0,0,0,0,1,1,2,1,2,0,1,2,3,4,1,1,7,25,2,1,0,1,2,0,2,1,2,1,1,1,0,0,0,0,1,1,1,0,1,0,0,2,1,0,0,0,29,0,8,1,1,0,0,0,0,0,1,1,73,166,239,582,312,91,54,30,161,47,4,0,0,0,0,0,0,1,0,0,0,0,0,0,0,1,0,0,0,1,7,2011
rfc9535,248439c86cee69edb1e72975d4a8789f8ce1d355,0,120229.125,63977472.0,11,3,2,23,25,7,3,2,3,4,4,1,21,11,1,0,0,0,0,0,0,0,0,0,0,0,0,0,1,1,2,1,2,0,1,2,3,4,1,1,7,25,2,1,0,1,2,0,2,1,2,1,1,1,0,0,0,0,1,1,1,0,1,0,0,2,1,0,0,0,29,0,8,1,1,0,0,0,0,0,1,1,73,166,239,582,312,91,54,30,161,47,4,0,0,0,0,0,0,1,0,0,0,0,0,0,0,1,0,0,0,1,7,2011
p3,248439c86cee69edb1e72975d4a8789f8ce1d355,0,134505.125,64122880.0,11,3,2,23,25,7,3,2,3,4,4,1,21,11,1,0,0,0,0,0,0,0,0,0,0,0,0,0,1,1,2,1,2,0,1,2,3,4,1,1,7,25,2,1,0,1,2,0,2,1,2,1,1,1,0,0,0,0,1,1,1,0,1,0,0,2,1,0,0,0,29,0,8,1,1,0,0,0,0,0,1,1,73,166,239,582,312,91,54,30,161,47,4,0,0,0,0,0,0,1,0,0,0,0,0,0,0,1,0,0,0,1,7,2011
