function_name,input_id,metric,n,mean,std,ci_lo,ci_hi
plus,ca0a06c1568077fc00b7a010c82a23e0c5288a24,runtime_ns,4,2786.375,54.6753677018576,2699.3742890335975,2873.3757109664025
plus,ca0a06c1568077fc00b7a010c82a23e0c5288a24,rss,4,54341632.0,270336.0,53911467.097807415,54771796.902192585
dchester,ca0a06c1568077fc00b7a010c82a23e0c5288a24,runtime_ns,4,4697.875,97.15912635122515,4543.273148659475,4852.476851340525
dchester,ca0a06c1568077fc00b7a010c82a23e0c5288a24,rss,4,60084224.0,172032.0,59810482.69860472,60357965.30139528
jsonpathly,ca0a06c1568077fc00b7a010c82a23e0c5288a24,runtime_ns,3,8923.666666666666,174.67565180451834,8489.748292694492,9357.58504063884
jsonpathly,ca0a06c1568077fc00b7a010c82a23e0c5288a24,rss,3,56513877.333333336,37837.22724161131,56419884.45023438,56607870.21643229
rfc9535,ca0a06c1568077fc00b7a010c82a23e0c5288a24,runtime_ns,6,6270.833333333333,276.7747580012792,5980.376038063205,6561.290628603461
rfc9535,ca0a06c1568077fc00b7a010c82a23e0c5288a24,rss,6,57709909.333333336,67685.28975387981,57638877.97796893,57780940.68869774
p3,ca0a06c1568077fc00b7a010c82a23e0c5288a24,runtime_ns,7,1839.142857142857,88.25800921432678,1757.5178125659722,1920.767901719742
p3,ca0a06c1568077fc00b7a010c82a23e0c5288a24,rss,7,54593828.571428575,70424.88633728171,54528696.41472376,54658960.72813339
plus,c716159d5c406345928ea7eeeebbb6254ea25649,runtime_ns,4,2739.625,49.395301733397005,2661.0260522500885,2818.2239477499115
plus,c716159d5c406345928ea7eeeebbb6254ea25649,rss,4,54296576.0,69511.42501776236,54185967.81113861,54407184.18886139
dchester,c716159d5c406345928ea7eeeebbb6254ea25649,runtime_ns,5,4595.8,147.8236280166334,4412.252723007881,4779.347276992119
dchester,c716159d5c406345928ea7eeeebbb6254ea25649,rss,5,59844198.4,170896.9795309443,59632001.77311466,60056395.02688534
jsonpathly,c716159d5c406345928ea7eeeebbb6254ea25649,runtime_ns,4,8354.125,232.83197625469458,7983.637368708171,8724.612631291828
jsonpathly,c716159d5c406345928ea7eeeebbb6254ea25649,rss,4,56573952.0,48233.190011305145,56497202.231328234,56650701.768671766
rfc9535,c716159d5c406345928ea7eeeebbb6254ea25649,runtime_ns,8,6122.3125,328.73197261816284,5847.485693282611,6397.139306717389
rfc9535,c716159d5c406345928ea7eeeebbb6254ea25649,rss,8,57716736.0,48563.332057957356,57676136.0383755,57757335.9616245
p3,c716159d5c406345928ea7eeeebbb6254ea25649,runtime_ns,8,1747.375,110.22468935250915,1655.2248536211666,1839.5251463788334
p3,c716159d5c406345928ea7eeeebbb6254ea25649,rss,8,54501376.0,75843.18257336742,54437969.51260568,54564782.48739432
plus,fa8b4d5ca3e020d3f7927ffcffbb156413948afe,runtime_ns,3,2742.8333333333335,23.96003617136947,2683.3133039051327,2802.3533627615343
plus,fa8b4d5ca3e020d3f7927ffcffbb156413948afe,rss,3,54258346.666666664,136424.06294101247,53919450.50712469,54597242.826208636
dchester,fa8b4d5ca3e020d3f7927ffcffbb156413948afe,runtime_ns,5,4620.8,181.9112420935001,4394.927359823972,4846.672640176028
dchester,fa8b4d5ca3e020d3f7927ffcffbb156413948afe,rss,5,59867136.0,240794.63967455755,59568149.96495566,60166122.03504434
jsonpathly,fa8b4d5ca3e020d3f7927ffcffbb156413948afe,runtime_ns,6,8406.333333333334,344.8415094890212,8044.444363160026,8768.222303506642
jsonpathly,fa8b4d5ca3e020d3f7927ffcffbb156413948afe,rss,6,56557568.0,70279.53037976279,56483814.156064324,56631321.843935676
rfc9535,fa8b4d5ca3e020d3f7927ffcffbb156413948afe,runtime_ns,7,6074.428571428572,272.8147155994688,5822.117041627806,6326.740101229337
rfc9535,fa8b4d5ca3e020d3f7927ffcffbb156413948afe,rss,7,57767643.428571425,101628.60687630746,57673652.643594384,57861634.21354847
p3,fa8b4d5ca3e020d3f7927ffcffbb156413948afe,runtime_ns,5,1887.5,59.91973798340577,1813.0998185642025,1961.9001814357975
p3,fa8b4d5ca3e020d3f7927ffcffbb156413948afe,rss,5,54503014.4,87159.1842825528,54394791.97876354,54611236.821236454
plus,f9f3207d4436eb42321c1d8a478e5a3afd19fc45,runtime_ns,0,nan,0,nan,nan
plus,f9f3207d4436eb42321c1d8a478e5a3afd19fc45,rss,0,nan,0,nan,nan
dchester,f9f3207d4436eb42321c1d8a478e5a3afd19fc45,runtime_ns,0,nan,0,nan,nan
dchester,f9f3207d4436eb42321c1d8a478e5a3afd19fc45,rss,0,nan,0,nan,nan
jsonpathly,f9f3207d4436eb42321c1d8a478e5a3afd19fc45,runtime_ns,4,482218.875,8319.933116467944,468980.0047966445,495457.7452033555
jsonpathly,f9f3207d4436eb42321c1d8a478e5a3afd19fc45,rss,4,79974400.0,333197.28491891007,79444208.76583962,80504591.23416038
rfc9535,f9f3207d4436eb42321c1d8a478e5a3afd19fc45,runtime_ns,8,232138.0,13185.596132035247,221114.56576945874,243161.43423054126
rfc9535,f9f3207d4436eb42321c1d8a478e5a3afd19fc45,rss,8,79693824.0,200554.6733123628,79526156.09718025,79861491.90281975
p3,f9f3207d4436eb42321c1d8a478e5a3afd19fc45,runtime_ns,6,157586.83333333334,7408.954606870437,149811.61231451196,165362.05435215472
p3,f9f3207d4436eb42321c1d8a478e5a3afd19fc45,rss,6,70585002.66666667,1940668.4897021095,68548395.98835017,72621609.34498318
plus,45cfecdace5cbe73cd6ae93d24eaf470407f587e,runtime_ns,5,3941.7,122.558455440659,3789.5235782038735,4093.876421796126
plus,45cfecdace5cbe73cd6ae93d24eaf470407f587e,rss,5,54358835.2,81426.99652572235,54257730.22993215,54459940.170067854
dchester,45cfecdace5cbe73cd6ae93d24eaf470407f587e,runtime_ns,4,9744.875,283.79610491806733,9293.292067224795,10196.457932775205
dchester,45cfecdace5cbe73cd6ae93d24eaf470407f587e,rss,4,60350464.0,85133.76129362546,60214997.1879581,60485930.8120419
jsonpathly,45cfecdace5cbe73cd6ae93d24eaf470407f587e,runtime_ns,8,14380.3125,8604.576668168682,7186.706383644109,21573.91861635589
jsonpathly,45cfecdace5cbe73cd6ae93d24eaf470407f587e,rss,8,56672256.0,146804.40158446008,56549524.44888806,56794987.55111194
rfc9535,45cfecdace5cbe73cd6ae93d24eaf470407f587e,runtime_ns,5,7550.0,242.29811183746355,7249.147157698672,7850.852842301328
rfc9535,45cfecdace5cbe73cd6ae93d24eaf470407f587e,rss,5,57812582.4,71039.33116802269,57724375.42003219,57900789.37996781
p3,45cfecdace5cbe73cd6ae93d24eaf470407f587e,runtime_ns,4,5640.875,132.2386573585803,5430.453786736754,5851.296213263246
p3,45cfecdace5cbe73cd6ae93d24eaf470407f587e,rss,4,54837248.0,107852.69163694217,54665630.299992554,55008865.700007446
plus,a57485ee593bb3b9febac257b260760376bea6ba,runtime_ns,3,2791.5,21.0,2739.333108053243,2843.666891946757
plus,a57485ee593bb3b9febac257b260760376bea6ba,rss,3,54165504.0,16384.0,54124803.88773068,54206204.11226932
dchester,a57485ee593bb3b9febac257b260760376bea6ba,runtime_ns,3,12042.0,240.18950851359017,11445.336183934614,12638.663816065386
dchester,a57485ee593bb3b9febac257b260760376bea6ba,rss,3,60571648.0,102318.04720575936,60317475.88034352,60825820.11965648
jsonpathly,a57485ee593bb3b9febac257b260760376bea6ba,runtime_ns,5,10829.2,418.2122068997987,10309.920959083176,11348.479040916825
jsonpathly,a57485ee593bb3b9febac257b260760376bea6ba,rss,5,56678809.6,51290.032840699176,56615124.612755015,56742494.58724499
rfc9535,a57485ee593bb3b9febac257b260760376bea6ba,runtime_ns,3,9402.666666666666,106.72433337029251,9137.548725380107,9667.784607953225
rfc9535,a57485ee593bb3b9febac257b260760376bea6ba,rss,3,57764522.666666664,68212.03147050623,57595074.58689568,57933970.74643765
p3,a57485ee593bb3b9febac257b260760376bea6ba,runtime_ns,5,4770.7,160.6897632084882,4571.177306144133,4970.222693855867
p3,a57485ee593bb3b9febac257b260760376bea6ba,rss,5,54817587.2,118939.26404346044,54669904.59786439,54965269.80213562
plus,e2ea51254bd4e9beb0d23f14ae9f42c7bb25b01e,runtime_ns,3,3492.8333333333335,23.96003617136947,3433.3133039051327,3552.3533627615343
plus,e2ea51254bd4e9beb0d23f14ae9f42c7bb25b01e,rss,3,54329344.0,43347.989480482254,54221661.62460298,54437026.37539702
dchester,e2ea51254bd4e9beb0d23f14ae9f42c7bb25b01e,runtime_ns,4,24656.5,768.50254824995,23433.640952360416,25879.359047639584
dchester,e2ea51254bd4e9beb0d23f14ae9f42c7bb25b01e,rss,4,63139840.0,55761.79126725874,63051110.54670276,63228569.45329724
jsonpathly,e2ea51254bd4e9beb0d23f14ae9f42c7bb25b01e,runtime_ns,5,10979.0,332.73149835866155,10565.859277419655,11392.140722580345
jsonpathly,e2ea51254bd4e9beb0d23f14ae9f42c7bb25b01e,rss,5,56672256.0,168683.60422993102,56462807.641540445,56881704.358459555
rfc9535,e2ea51254bd4e9beb0d23f14ae9f42c7bb25b01e,runtime_ns,7,8622.0,417.44580486573346,8235.927022216722,9008.072977783278
rfc9535,e2ea51254bd4e9beb0d23f14ae9f42c7bb25b01e,rss,7,57772324.571428575,38340.62711562042,57736865.40545285,57807783.7374043
p3,e2ea51254bd4e9beb0d23f14ae9f42c7bb25b01e,runtime_ns,8,6835.9375,1078.3920052394146,5934.379221901632,7737.495778098368
p3,e2ea51254bd4e9beb0d23f14ae9f42c7bb25b01e,rss,8,54851584.0,22220.024739603046,54833007.59443856,54870160.40556144
plus,682f17646850616ce3e3d7362163acc6423ae025,runtime_ns,3,3555.3333333333335,43.434817063426586,3447.4352662630986,3663.2314004035684
plus,682f17646850616ce3e3d7362163acc6423ae025,rss,3,54252885.333333336,57538.71702891309,54109951.23647608,54395819.43019059
dchester,682f17646850616ce3e3d7362163acc6423ae025,runtime_ns,6,24461.916666666668,1009.2802096874121,23402.742043979004,25521.091289354332
dchester,682f17646850616ce3e3d7362163acc6423ae025,rss,6,63042901.333333336,108390.61363543739,62929152.36035411,63156650.30631256
jsonpathly,682f17646850616ce3e3d7362163acc6423ae025,runtime_ns,6,11458.333333333334,438.63112824635084,10998.018194583827,11918.648472082841
jsonpathly,682f17646850616ce3e3d7362163acc6423ae025,rss,6,56784213.333333336,86333.98999389909,56693611.36729932,56874815.29936735
rfc9535,682f17646850616ce3e3d7362163acc6423ae025,runtime_ns,5,9003.9,327.6115077343896,8597.116585448954,9410.683414551046
rfc9535,682f17646850616ce3e3d7362163acc6423ae025,rss,5,57884672.0,77716.13577629809,57788174.67212705,57981169.32787295
p3,682f17646850616ce3e3d7362163acc6423ae025,runtime_ns,4,6260.75,134.70244986636285,6046.4083430550645,6475.0916569449355
p3,682f17646850616ce3e3d7362163acc6423ae025,rss,4,54927360.0,55962.013783160684,54838311.947999775,55016408.052000225
plus,46951d00783ab91ffdda76392d2028afaa31a006,runtime_ns,8,9534.0625,628.6756736812483,9008.476483882823,10059.648516117177
plus,46951d00783ab91ffdda76392d2028afaa31a006,rss,8,54808576.0,57926.187514801975,54760148.49532738,54857003.50467262
dchester,46951d00783ab91ffdda76392d2028afaa31a006,runtime_ns,6,49996.666666666664,2108.2977414650586,47784.14387726102,52209.18945607231
dchester,46951d00783ab91ffdda76392d2028afaa31a006,rss,6,64744106.666666664,185845.89136880767,64549073.364736,64939139.96859733
jsonpathly,46951d00783ab91ffdda76392d2028afaa31a006,runtime_ns,8,31882.875,2013.014224454746,30199.952992817623,33565.79700718237
jsonpathly,46951d00783ab91ffdda76392d2028afaa31a006,rss,8,58597376.0,318902.320314096,58330766.988261156,58863985.011738844
rfc9535,46951d00783ab91ffdda76392d2028afaa31a006,runtime_ns,8,30434.875,3530.3542896874083,27483.42495305613,33386.32504694387
rfc9535,46951d00783ab91ffdda76392d2028afaa31a006,rss,8,59639808.0,189746.9513220173,59481175.57887934,59798440.42112066
p3,46951d00783ab91ffdda76392d2028afaa31a006,runtime_ns,8,32257.75,5787.880348501637,27418.960936763167,37096.539063236836
p3,46951d00783ab91ffdda76392d2028afaa31a006,rss,8,58263552.0,274497.49325110944,58034066.35270716,58493037.64729284
plus,5fcd9b7294338319cbb0d37600ef6e06af8e66a1,runtime_ns,3,4708.333333333333,72.02487996056178,4529.413612839011,4887.253053827655
plus,5fcd9b7294338319cbb0d37600ef6e06af8e66a1,rss,3,54323882.666666664,25026.973395385496,54261712.21824422,54386053.11508911
dchester,5fcd9b7294338319cbb0d37600ef6e06af8e66a1,runtime_ns,8,45557.25,4647.0872597789685,41672.187826185895,49442.312173814105
dchester,5fcd9b7294338319cbb0d37600ef6e06af8e66a1,rss,8,64860160.0,95834.89650137142,64780040.02150264,64940279.97849736
jsonpathly,5fcd9b7294338319cbb0d37600ef6e06af8e66a1,runtime_ns,5,25670.6,902.2064203939141,24550.362768848587,26790.83723115141
jsonpathly,5fcd9b7294338319cbb0d37600ef6e06af8e66a1,rss,5,57488179.2,40795.831002689476,57437524.48536716,57538833.91463285
rfc9535,5fcd9b7294338319cbb0d37600ef6e06af8e66a1,runtime_ns,7,19636.928571428572,894.3738698372281,18809.770700502857,20464.086442354288
rfc9535,5fcd9b7294338319cbb0d37600ef6e06af8e66a1,rss,7,58144475.428571425,39490.27947422481,58107953.0114998,58180997.84564305
p3,5fcd9b7294338319cbb0d37600ef6e06af8e66a1,runtime_ns,4,21598.75,554.7597828489974,20716.003389376106,22481.496610623894
p3,5fcd9b7294338319cbb0d37600ef6e06af8e66a1,rss,4,56340480.0,330230.0773703086,55815010.25518966,56865949.74481034
plus,4c11d2ccb43a3f71464f77d375bc06650733fb88,runtime_ns,3,61750.0,55.088565056643105,61613.15241805658,61886.84758194342
plus,4c11d2ccb43a3f71464f77d375bc06650733fb88,rss,3,58179584.0,32768.0,58098183.77546137,58260984.22453863
dchester,4c11d2ccb43a3f71464f77d375bc06650733fb88,runtime_ns,4,206156.125,4319.52876239604,199282.790824773,213029.459175227
dchester,4c11d2ccb43a3f71464f77d375bc06650733fb88,rss,4,66260992.0,76116.56800811065,66139873.55468585,66382110.44531415
jsonpathly,4c11d2ccb43a3f71464f77d375bc06650733fb88,runtime_ns,8,38859.375,1955.2079492984883,37224.78024824974,40493.96975175026
jsonpathly,4c11d2ccb43a3f71464f77d375bc06650733fb88,rss,8,58814464.0,88339.13167528226,58740610.63772086,58888317.36227914
rfc9535,4c11d2ccb43a3f71464f77d375bc06650733fb88,runtime_ns,3,39646.0,729.7117581620842,37833.29550284193,41458.70449715807
rfc9535,4c11d2ccb43a3f71464f77d375bc06650733fb88,rss,3,59517610.666666664,34106.01573525312,59432886.62678117,59602334.706552155
p3,4c11d2ccb43a3f71464f77d375bc06650733fb88,runtime_ns,3,77027.66666666667,1449.4555299605895,73427.01952318651,80628.31381014684
p3,4c11d2ccb43a3f71464f77d375bc06650733fb88,rss,3,58671104.0,170267.52258725092,58248136.02605471,59094071.97394529
plus,00dd8a98bbbe74cd1a80013288e09d88ac9d9f30,runtime_ns,4,5958.0,157.60076141948045,5707.222019555337,6208.777980444663
plus,00dd8a98bbbe74cd1a80013288e09d88ac9d9f30,rss,4,54644736.0,119183.51205878549,54455088.43619889,54834383.56380111
dchester,00dd8a98bbbe74cd1a80013288e09d88ac9d9f30,runtime_ns,0,nan,0,nan,nan
dchester,00dd8a98bbbe74cd1a80013288e09d88ac9d9f30,rss,0,nan,0,nan,nan
jsonpathly,00dd8a98bbbe74cd1a80013288e09d88ac9d9f30,runtime_ns,8,34161.5,1915.002722862667,32560.517658708948,35762.482341291055
jsonpathly,00dd8a98bbbe74cd1a80013288e09d88ac9d9f30,rss,8,58030080.0,99250.30245365934,57947104.670670666,58113055.329329334
rfc9535,00dd8a98bbbe74cd1a80013288e09d88ac9d9f30,runtime_ns,4,27609.375,732.6780073811415,26443.52079122363,28775.22920877637
rfc9535,00dd8a98bbbe74cd1a80013288e09d88ac9d9f30,rss,4,58990592.0,215082.25616571287,58648348.134266675,59332835.865733325
p3,00dd8a98bbbe74cd1a80013288e09d88ac9d9f30,runtime_ns,0,nan,0,nan,nan
p3,00dd8a98bbbe74cd1a80013288e09d88ac9d9f30,rss,0,nan,0,nan,nan
plus,65c2d27984e250749adcfa3f2a12997a5f1d9f1d,runtime_ns,3,5972.5,48.06506007486103,5853.099771650493,6091.900228349507
plus,65c2d27984e250749adcfa3f2a12997a5f1d9f1d,rss,3,54482261.333333336,18918.613620805656,54435264.891783856,54529257.774882816
dchester,65c2d27984e250749adcfa3f2a12997a5f1d9f1d,runtime_ns,0,nan,0,nan,nan
dchester,65c2d27984e250749adcfa3f2a12997a5f1d9f1d,rss,0,nan,0,nan,nan
jsonpathly,65c2d27984e250749adcfa3f2a12997a5f1d9f1d,runtime_ns,8,40661.4375,4035.3363060194342,37287.8119223558,44035.0630776442
jsonpathly,65c2d27984e250749adcfa3f2a12997a5f1d9f1d,rss,8,58152960.0,44601.55231123047,58115672.169130646,58190247.830869354
rfc9535,65c2d27984e250749adcfa3f2a12997a5f1d9f1d,runtime_ns,8,29374.875,2270.050656294449,27477.065158178586,31272.684841821414
rfc9535,65c2d27984e250749adcfa3f2a12997a5f1d9f1d,rss,8,59414528.0,145212.13367641543,59293127.61817203,59535928.38182797
p3,65c2d27984e250749adcfa3f2a12997a5f1d9f1d,runtime_ns,7,31297.571428571428,1568.608019566271,29846.850970897973,32748.291886244882
p3,65c2d27984e250749adcfa3f2a12997a5f1d9f1d,rss,7,58476836.571428575,431247.77152462176,58077998.903462395,58875674.239394754
plus,f7b398cdfe2563a123be87fd185fd67c5da1dbb3,runtime_ns,5,6891.8,217.2062959492657,6622.102762136605,7161.497237863396
plus,f7b398cdfe2563a123be87fd185fd67c5da1dbb3,rss,5,54558720.0,68539.18937367147,54473617.356088646,54643822.643911354
dchester,f7b398cdfe2563a123be87fd185fd67c5da1dbb3,runtime_ns,8,57463.625,4370.025267579778,53810.19244825283,61117.05755174717
dchester,f7b398cdfe2563a123be87fd185fd67c5da1dbb3,rss,8,66041856.0,207693.57014877195,65868219.83006766,66215492.16993234
jsonpathly,f7b398cdfe2563a123be87fd185fd67c5da1dbb3,runtime_ns,8,41393.1875,3463.8747187166405,38497.315765248655,44289.059234751345
jsonpathly,f7b398cdfe2563a123be87fd185fd67c5da1dbb3,rss,8,58013696.0,150528.4975696344,57887851.0267303,58139540.9732697
rfc9535,f7b398cdfe2563a123be87fd185fd67c5da1dbb3,runtime_ns,8,41223.6875,3383.795934170254,38394.76330450812,44052.61169549188
rfc9535,f7b398cdfe2563a123be87fd185fd67c5da1dbb3,rss,8,60923904.0,225667.98797221677,60735240.84071314,61112567.15928686
p3,f7b398cdfe2563a123be87fd185fd67c5da1dbb3,runtime_ns,4,37463.625,941.517248470078,35965.46095562276,38961.78904437724
p3,f7b398cdfe2563a123be87fd185fd67c5da1dbb3,rss,4,59256832.0,83943.02067474103,59123259.921999656,59390404.078000344
plus,e09b21a3fb46a498c8290b21ff10ac79d91de8f2,runtime_ns,5,17829.1,677.1450546227152,16988.31336411325,18669.886635886745
plus,e09b21a3fb46a498c8290b21ff10ac79d91de8f2,rss,5,56921292.8,83863.03683506817,56817163.08638186,57025422.513618134
dchester,e09b21a3fb46a498c8290b21ff10ac79d91de8f2,runtime_ns,8,80533.8125,4456.454820478301,76808.12303378255,84259.50196621745
dchester,e09b21a3fb46a498c8290b21ff10ac79d91de8f2,rss,8,64862208.0,149249.28595378366,64737432.47440434,64986983.52559566
jsonpathly,e09b21a3fb46a498c8290b21ff10ac79d91de8f2,runtime_ns,3,47798.666666666664,213.44866674058503,47268.43078409355,48328.90254923978
jsonpathly,e09b21a3fb46a498c8290b21ff10ac79d91de8f2,rss,3,58785792.0,212992.0,58256690.540498875,59314893.459501125
rfc9535,e09b21a3fb46a498c8290b21ff10ac79d91de8f2,runtime_ns,4,47364.625,1374.9772952670892,45176.72929341413,49552.52070658587
rfc9535,e09b21a3fb46a498c8290b21ff10ac79d91de8f2,rss,4,61919232.0,422900.8424678296,61246302.38819344,62592161.61180656
p3,e09b21a3fb46a498c8290b21ff10ac79d91de8f2,runtime_ns,8,44523.4375,3266.7521270860802,41792.364375977675,47254.510624022325
p3,e09b21a3fb46a498c8290b21ff10ac79d91de8f2,rss,8,59738112.0,126133.24010064006,59632661.97236292,59843562.02763708
plus,6cf32372e6d860b13b18b66593821b85de32bd9b,runtime_ns,0,nan,0,nan,nan
plus,6cf32372e6d860b13b18b66593821b85de32bd9b,rss,0,nan,0,nan,nan
dchester,6cf32372e6d860b13b18b66593821b85de32bd9b,runtime_ns,0,nan,0,nan,nan
dchester,6cf32372e6d860b13b18b66593821b85de32bd9b,rss,0,nan,0,nan,nan
jsonpathly,6cf32372e6d860b13b18b66593821b85de32bd9b,runtime_ns,6,1000399.3333333334,46323.86165106129,951785.4219390989,1049013.244727568
jsonpathly,6cf32372e6d860b13b18b66593821b85de32bd9b,rss,6,91179690.66666667,430299.69753680594,90728118.82823509,91631262.50509825
rfc9535,6cf32372e6d860b13b18b66593821b85de32bd9b,runtime_ns,4,209072.75,6518.628134047838,198700.15798964052,219445.34201035948
rfc9535,6cf32372e6d860b13b18b66593821b85de32bd9b,rss,4,79663104.0,220779.08615929485,79311795.20648421,80014412.79351579
p3,6cf32372e6d860b13b18b66593821b85de32bd9b,runtime_ns,0,nan,0,nan,nan
p3,6cf32372e6d860b13b18b66593821b85de32bd9b,rss,0,nan,0,nan,nan
plus,4019304feaf0423032bc8679c35c9184290b4d15,runtime_ns,0,nan,0,nan,nan
plus,4019304feaf0423032bc8679c35c9184290b4d15,rss,0,nan,0,nan,nan
dchester,4019304feaf0423032bc8679c35c9184290b4d15,runtime_ns,0,nan,0,nan,nan
dchester,4019304feaf0423032bc8679c35c9184290b4d15,rss,0,nan,0,nan,nan
jsonpathly,4019304feaf0423032bc8679c35c9184290b4d15,runtime_ns,3,2882736.1666666665,21551.71721889774,2829198.733170224,2936273.600163109
jsonpathly,4019304feaf0423032bc8679c35c9184290b4d15,rss,3,93934933.33333333,631652.2509271485,92365822.15609321,95504044.51057345
rfc9535,4019304feaf0423032bc8679c35c9184290b4d15,runtime_ns,7,377145.9285714286,18182.465228502824,360329.95291090704,393961.9042319501
rfc9535,4019304feaf0423032bc8679c35c9184290b4d15,rss,7,82259382.85714285,346618.003746405,81938814.6700875,82579951.0441982
p3,4019304feaf0423032bc8679c35c9184290b4d15,runtime_ns,4,141401.25,2412.5840399870012,137562.29041787845,145240.20958212155
p3,4019304feaf0423032bc8679c35c9184290b4d15,rss,4,65667072.0,1279071.7829092576,63631783.365143895,67702360.6348561
plus,9b9b79e1569cbbf577d2e2a900ecb8266d43457e,runtime_ns,0,nan,0,nan,nan
plus,9b9b79e1569cbbf577d2e2a900ecb8266d43457e,rss,0,nan,0,nan,nan
dchester,9b9b79e1569cbbf577d2e2a900ecb8266d43457e,runtime_ns,0,nan,0,nan,nan
dchester,9b9b79e1569cbbf577d2e2a900ecb8266d43457e,rss,0,nan,0,nan,nan
jsonpathly,9b9b79e1569cbbf577d2e2a900ecb8266d43457e,runtime_ns,5,2404616.6,86937.51257325574,2296669.4205444013,2512563.779455599
jsonpathly,9b9b79e1569cbbf577d2e2a900ecb8266d43457e,rss,5,92196044.8,1402598.6333898946,90454488.57298997,93937601.02701002
rfc9535,9b9b79e1569cbbf577d2e2a900ecb8266d43457e,runtime_ns,6,222993.0,8861.14769654586,213693.79579686257,232292.20420313743
rfc9535,9b9b79e1569cbbf577d2e2a900ecb8266d43457e,rss,6,79547050.66666667,719062.8814635522,78792440.45153251,80301660.88180083
p3,9b9b79e1569cbbf577d2e2a900ecb8266d43457e,runtime_ns,3,136624.83333333334,1395.8657110672693,133157.31067993195,140092.35598673474
p3,9b9b79e1569cbbf577d2e2a900ecb8266d43457e,rss,3,64307200.0,298979.9438892181,63564492.64632779,65049907.35367221
plus,91ef382690f1884a0974759dabf216ec38f7eab1,runtime_ns,0,nan,0,nan,nan
plus,91ef382690f1884a0974759dabf216ec38f7eab1,rss,0,nan,0,nan,nan
dchester,91ef382690f1884a0974759dabf216ec38f7eab1,runtime_ns,0,nan,0,nan,nan
dchester,91ef382690f1884a0974759dabf216ec38f7eab1,rss,0,nan,0,nan,nan
jsonpathly,91ef382690f1884a0974759dabf216ec38f7eab1,runtime_ns,3,3667375.0,58215.20736242378,3522760.4079936375,3811989.5920063625
jsonpathly,91ef382690f1884a0974759dabf216ec38f7eab1,rss,3,93011968.0,1139483.3481328283,90181334.4429917,95842601.5570083
rfc9535,91ef382690f1884a0974759dabf216ec38f7eab1,runtime_ns,5,262983.5,10152.977808259013,250376.91298092302,275590.087019077
rfc9535,91ef382690f1884a0974759dabf216ec38f7eab1,rss,5,79737651.2,856477.4197906213,78674194.02257153,80801108.37742847
p3,91ef382690f1884a0974759dabf216ec38f7eab1,runtime_ns,4,144901.125,4336.103384664623,138001.41690207293,151800.83309792707
p3,91ef382690f1884a0974759dabf216ec38f7eab1,rss,4,66043904.0,97389.52431002697,65888935.53409311,66198872.46590689
plus,744202912671351f51a59daab213144b4d0ff8da,runtime_ns,0,nan,0,nan,nan
plus,744202912671351f51a59daab213144b4d0ff8da,rss,0,nan,0,nan,nan
dchester,744202912671351f51a59daab213144b4d0ff8da,runtime_ns,0,nan,0,nan,nan
dchester,744202912671351f51a59daab213144b4d0ff8da,rss,0,nan,0,nan,nan
jsonpathly,744202912671351f51a59daab213144b4d0ff8da,runtime_ns,3,14983722.166666666,59286.4965070743,14836446.344895888,15130997.988437444
jsonpathly,744202912671351f51a59daab213144b4d0ff8da,rss,3,107697493.33333333,1210680.4154050455,104689996.4565481,110704990.21011856
rfc9535,744202912671351f51a59daab213144b4d0ff8da,runtime_ns,5,447520.8,16114.290802731593,427512.26525366213,467529.33474633784
rfc9535,744202912671351f51a59daab213144b4d0ff8da,rss,5,81277747.2,689433.580513163,80421702.34392409,82133792.05607592
p3,744202912671351f51a59daab213144b4d0ff8da,runtime_ns,0,nan,0,nan,nan
p3,744202912671351f51a59daab213144b4d0ff8da,rss,0,nan,0,nan,nan
plus,4a82f260b74c60619ea608996fdbf9aa1d87a661,runtime_ns,0,nan,0,nan,nan
plus,4a82f260b74c60619ea608996fdbf9aa1d87a661,rss,0,nan,0,nan,nan
dchester,4a82f260b74c60619ea608996fdbf9aa1d87a661,runtime_ns,0,nan,0,nan,nan
dchester,4a82f260b74c60619ea608996fdbf9aa1d87a661,rss,0,nan,0,nan,nan
jsonpathly,4a82f260b74c60619ea608996fdbf9aa1d87a661,runtime_ns,4,709411.5,18178.726830189913,680485.0889822502,738337.9110177498
jsonpathly,4a82f260b74c60619ea608996fdbf9aa1d87a661,rss,4,90505216.0,1650425.4150119396,87879020.86792447,93131411.13207553
rfc9535,4a82f260b74c60619ea608996fdbf9aa1d87a661,runtime_ns,5,258446.0,9969.194482253819,246067.61012029383,270824.3898797062
rfc9535,4a82f260b74c60619ea608996fdbf9aa1d87a661,rss,5,77643776.0,408615.7775123227,77136412.49996491,78151139.50003509
p3,4a82f260b74c60619ea608996fdbf9aa1d87a661,runtime_ns,5,154591.6,4963.833755274243,148428.18633300738,160755.01366699263
p3,4a82f260b74c60619ea608996fdbf9aa1d87a661,rss,5,66217574.4,402092.868811174,65718310.16086269,66716838.639137305
plus,c07fe500782e2fc7fdf746d86a6589b28ba5582c,runtime_ns,0,nan,0,nan,nan
plus,c07fe500782e2fc7fdf746d86a6589b28ba5582c,rss,0,nan,0,nan,nan
dchester,c07fe500782e2fc7fdf746d86a6589b28ba5582c,runtime_ns,0,nan,0,nan,nan
dchester,c07fe500782e2fc7fdf746d86a6589b28ba5582c,rss,0,nan,0,nan,nan
jsonpathly,c07fe500782e2fc7fdf746d86a6589b28ba5582c,runtime_ns,3,33051055.666666668,375570.87967197795,32118085.881038263,33984025.45229507
jsonpathly,c07fe500782e2fc7fdf746d86a6589b28ba5582c,rss,3,125222912.0,2246520.644965454,119642245.34561564,130803578.65438436
rfc9535,c07fe500782e2fc7fdf746d86a6589b28ba5582c,runtime_ns,5,254641.7,7437.365919799832,245406.99049591692,263876.4095040831
rfc9535,c07fe500782e2fc7fdf746d86a6589b28ba5582c,rss,5,77840384.0,256450.1642034959,77521959.06377508,78158808.93622492
p3,c07fe500782e2fc7fdf746d86a6589b28ba5582c,runtime_ns,6,148892.08333333334,6693.710819991155,141867.46463567726,155916.70203098943
p3,c07fe500782e2fc7fdf746d86a6589b28ba5582c,rss,6,65079978.666666664,765076.079553574,64277080.56155125,65882876.77178208
plus,a86396d57e6c0d318d214be2a4b74d92368a6e5a,runtime_ns,0,nan,0,nan,nan
plus,a86396d57e6c0d318d214be2a4b74d92368a6e5a,rss,0,nan,0,nan,nan
dchester,a86396d57e6c0d318d214be2a4b74d92368a6e5a,runtime_ns,0,nan,0,nan,nan
dchester,a86396d57e6c0d318d214be2a4b74d92368a6e5a,rss,0,nan,0,nan,nan
jsonpathly,a86396d57e6c0d318d214be2a4b74d92368a6e5a,runtime_ns,3,1107597.3333333333,9507.977523287134,1083978.2078052612,1131216.4588614053
jsonpathly,a86396d57e6c0d318d214be2a4b74d92368a6e5a,rss,3,87932928.0,409272.18882303743,86916239.52137409,88949616.47862591
rfc9535,a86396d57e6c0d318d214be2a4b74d92368a6e5a,runtime_ns,5,254129.2,8444.966330601917,243643.38934124867,264615.01065875136
rfc9535,a86396d57e6c0d318d214be2a4b74d92368a6e5a,rss,5,78466252.8,596993.9320723453,77724986.92739967,79207518.67260033
p3,a86396d57e6c0d318d214be2a4b74d92368a6e5a,runtime_ns,6,191885.33333333334,7615.709209697195,183893.13666559302,199877.53000107367
p3,a86396d57e6c0d318d214be2a4b74d92368a6e5a,rss,6,65454080.0,43962.885292027866,65407943.78134189,65500216.21865811
plus,d78dd3b87bfc4eae38d812d5a219d7bb56c163ec,runtime_ns,0,nan,0,nan,nan
plus,d78dd3b87bfc4eae38d812d5a219d7bb56c163ec,rss,0,nan,0,nan,nan
dchester,d78dd3b87bfc4eae38d812d5a219d7bb56c163ec,runtime_ns,0,nan,0,nan,nan
dchester,d78dd3b87bfc4eae38d812d5a219d7bb56c163ec,rss,0,nan,0,nan,nan
jsonpathly,d78dd3b87bfc4eae38d812d5a219d7bb56c163ec,runtime_ns,4,500135.375,9309.527434972197,485321.83940531773,514948.91059468227
jsonpathly,d78dd3b87bfc4eae38d812d5a219d7bb56c163ec,rss,4,81444864.0,375761.9590325769,80846942.87090531,82042785.12909469
rfc9535,d78dd3b87bfc4eae38d812d5a219d7bb56c163ec,runtime_ns,7,239318.2142857143,12618.198398401753,227648.32714551888,250988.1014259097
rfc9535,d78dd3b87bfc4eae38d812d5a219d7bb56c163ec,rss,7,78172745.14285715,549105.5729928531,77664907.18829696,78680583.09741734
p3,d78dd3b87bfc4eae38d812d5a219d7bb56c163ec,runtime_ns,4,159734.5,4666.706386735725,152308.72875084452,167160.27124915548
p3,d78dd3b87bfc4eae38d812d5a219d7bb56c163ec,rss,4,66097152.0,197232.78505022096,65783310.625968054,66410993.374031946
plus,01e83f1b78745763a5186f214401216f6ff835db,runtime_ns,0,nan,0,nan,nan
plus,01e83f1b78745763a5186f214401216f6ff835db,rss,0,nan,0,nan,nan
dchester,01e83f1b78745763a5186f214401216f6ff835db,runtime_ns,0,nan,0,nan,nan
dchester,01e83f1b78745763a5186f214401216f6ff835db,rss,0,nan,0,nan,nan
jsonpathly,01e83f1b78745763a5186f214401216f6ff835db,runtime_ns,6,6387173.333333333,283741.9157945591,6089404.454366158,6684942.212300508
jsonpathly,01e83f1b78745763a5186f214401216f6ff835db,rss,6,103467690.66666667,589133.3437851457,102849433.13904744,104085948.1942859
rfc9535,01e83f1b78745763a5186f214401216f6ff835db,runtime_ns,6,404267.5,17263.172304069725,386150.91172644397,422384.08827355603
rfc9535,01e83f1b78745763a5186f214401216f6ff835db,rss,6,80349866.66666667,399906.11002617434,79930190.94219305,80769542.3911403
p3,01e83f1b78745763a5186f214401216f6ff835db,runtime_ns,4,166651.125,5002.524002524459,158690.9929855365,174611.2570144635
p3,01e83f1b78745763a5186f214401216f6ff835db,rss,4,64901120.0,397375.3351580845,64268807.16640764,65533432.83359236
plus,6551e3bf5f54364995f657a6e1549427b58e8c5f,runtime_ns,0,nan,0,nan,nan
plus,6551e3bf5f54364995f657a6e1549427b58e8c5f,rss,0,nan,0,nan,nan
dchester,6551e3bf5f54364995f657a6e1549427b58e8c5f,runtime_ns,0,nan,0,nan,nan
dchester,6551e3bf5f54364995f657a6e1549427b58e8c5f,rss,0,nan,0,nan,nan
jsonpathly,6551e3bf5f54364995f657a6e1549427b58e8c5f,runtime_ns,8,11608390.625,707861.7825208206,11016603.365190493,12200177.884809507
jsonpathly,6551e3bf5f54364995f657a6e1549427b58e8c5f,rss,8,104278016.0,502548.12971836695,103857875.24942957,104698156.75057043
rfc9535,6551e3bf5f54364995f657a6e1549427b58e8c5f,runtime_ns,4,414135.625,11120.379402812658,396440.6198280829,431830.6301719171
rfc9535,6551e3bf5f54364995f657a6e1549427b58e8c5f,rss,4,79429632.0,342369.41421024554,78884845.86135224,79974418.13864776
p3,6551e3bf5f54364995f657a6e1549427b58e8c5f,runtime_ns,6,158329.75,7248.661033252969,150722.74677017907,165936.75322982093
p3,6551e3bf5f54364995f657a6e1549427b58e8c5f,rss,6,67158016.0,198780.53004054495,66949408.62725804,67366623.37274197
plus,af383b452c8fda8ba3cb8fd462d86cb321668d71,runtime_ns,0,nan,0,nan,nan
plus,af383b452c8fda8ba3cb8fd462d86cb321668d71,rss,0,nan,0,nan,nan
dchester,af383b452c8fda8ba3cb8fd462d86cb321668d71,runtime_ns,0,nan,0,nan,nan
dchester,af383b452c8fda8ba3cb8fd462d86cb321668d71,rss,0,nan,0,nan,nan
jsonpathly,af383b452c8fda8ba3cb8fd462d86cb321668d71,runtime_ns,3,2682937.3333333335,21174.92457090068,2630335.9046632904,2735538.7620033766
jsonpathly,af383b452c8fda8ba3cb8fd462d86cb321668d71,rss,3,88839509.33333333,1118120.475207092,86061944.09459119,91617074.57207547
rfc9535,af383b452c8fda8ba3cb8fd462d86cb321668d71,runtime_ns,3,277194.3333333333,3913.763704330313,267472.0053205267,286916.6613461399
rfc9535,af383b452c8fda8ba3cb8fd462d86cb321668d71,rss,3,78484821.33333333,25026.973395385496,78422650.88491088,78546991.78175578
p3,af383b452c8fda8ba3cb8fd462d86cb321668d71,runtime_ns,3,163778.0,1436.8348026130213,160208.70448127366,167347.29551872634
p3,af383b452c8fda8ba3cb8fd462d86cb321668d71,rss,3,65617920.0,402659.92527690163,64617657.29460908,66618182.70539092
plus,b678aaf981359ce4fa78d64b17afd5bf166ed84b,runtime_ns,0,nan,0,nan,nan
plus,b678aaf981359ce4fa78d64b17afd5bf166ed84b,rss,0,nan,0,nan,nan
dchester,b678aaf981359ce4fa78d64b17afd5bf166ed84b,runtime_ns,0,nan,0,nan,nan
dchester,b678aaf981359ce4fa78d64b17afd5bf166ed84b,rss,0,nan,0,nan,nan
jsonpathly,b678aaf981359ce4fa78d64b17afd5bf166ed84b,runtime_ns,3,3998465.0,24688.751188547387,3937134.7421165085,4059795.2578834915
jsonpathly,b678aaf981359ce4fa78d64b17afd5bf166ed84b,rss,3,102525610.66666667,862199.0815057352,100383789.41326177,104667431.92007157
rfc9535,b678aaf981359ce4fa78d64b17afd5bf166ed84b,runtime_ns,3,343520.8333333333,1607.064508143134,339528.66378343944,347513.0028832272
rfc9535,b678aaf981359ce4fa78d64b17afd5bf166ed84b,rss,3,78905344.0,723683.3386613237,77107614.92706601,80703073.07293399
p3,b678aaf981359ce4fa78d64b17afd5bf166ed84b,runtime_ns,6,142562.41666666666,6559.655840184504,135678.4800425252,149446.35329080813
p3,b678aaf981359ce4fa78d64b17afd5bf166ed84b,rss,6,64408234.666666664,484636.02440539503,63899640.35027814,64916828.98305519
plus,6862a32fd711b20a9ff9df834424d1a8ec1e6440,runtime_ns,0,nan,0,nan,nan
plus,6862a32fd711b20a9ff9df834424d1a8ec1e6440,rss,0,nan,0,nan,nan
dchester,6862a32fd711b20a9ff9df834424d1a8ec1e6440,runtime_ns,0,nan,0,nan,nan
dchester,6862a32fd711b20a9ff9df834424d1a8ec1e6440,rss,0,nan,0,nan,nan
jsonpathly,6862a32fd711b20a9ff9df834424d1a8ec1e6440,runtime_ns,3,3039280715.1666665,27369900.6720559,2971290112.7403517,3107271317.5929813
jsonpathly,6862a32fd711b20a9ff9df834424d1a8ec1e6440,rss,3,155718997.33333334,1201443.6838226472,152734445.76980525,158703548.89686143
rfc9535,6862a32fd711b20a9ff9df834424d1a8ec1e6440,runtime_ns,3,544305.3333333334,3671.824659938616,535184.015224645,553426.6514420217
rfc9535,6862a32fd711b20a9ff9df834424d1a8ec1e6440,rss,3,83804160.0,2002001.44693654,78830912.70668621,88777407.29331379
p3,6862a32fd711b20a9ff9df834424d1a8ec1e6440,runtime_ns,8,144408.875,35854.9497467126,114433.38686776636,174384.36313223364
p3,6862a32fd711b20a9ff9df834424d1a8ec1e6440,rss,8,64638976.0,1167484.2079284352,63662934.77649954,65615017.22350046
plus,1125aceda715267cabe8231402aa79b479158bd5,runtime_ns,0,nan,0,nan,nan
plus,1125aceda715267cabe8231402aa79b479158bd5,rss,0,nan,0,nan,nan
dchester,1125aceda715267cabe8231402aa79b479158bd5,runtime_ns,0,nan,0,nan,nan
dchester,1125aceda715267cabe8231402aa79b479158bd5,rss,0,nan,0,nan,nan
jsonpathly,1125aceda715267cabe8231402aa79b479158bd5,runtime_ns,7,14287324.42857143,711751.6339814652,13629063.95602525,14945584.901117608
jsonpathly,1125aceda715267cabe8231402aa79b479158bd5,rss,7,105590198.85714285,1017247.8152340639,104649401.54023781,106530996.17404789
rfc9535,1125aceda715267cabe8231402aa79b479158bd5,runtime_ns,3,294986.0,1733.40178550733,290679.9912550059,299292.0087449941
rfc9535,1125aceda715267cabe8231402aa79b479158bd5,rss,3,77900458.66666667,274808.7364356041,77217795.92096853,78583121.41236481
p3,1125aceda715267cabe8231402aa79b479158bd5,runtime_ns,0,nan,0,nan,nan
p3,1125aceda715267cabe8231402aa79b479158bd5,rss,0,nan,0,nan,nan
plus,a5720e594ea4001a39c6b404cec1c6655ba5bdab,runtime_ns,0,nan,0,nan,nan
plus,a5720e594ea4001a39c6b404cec1c6655ba5bdab,rss,0,nan,0,nan,nan
dchester,a5720e594ea4001a39c6b404cec1c6655ba5bdab,runtime_ns,0,nan,0,nan,nan
dchester,a5720e594ea4001a39c6b404cec1c6655ba5bdab,rss,0,nan,0,nan,nan
jsonpathly,a5720e594ea4001a39c6b404cec1c6655ba5bdab,runtime_ns,7,71255749.92857143,3525312.240892919,67995379.89108805,74516119.96605481
jsonpathly,a5720e594ea4001a39c6b404cec1c6655ba5bdab,rss,7,120026843.42857143,465857.9985957299,119595996.63925022,120457690.21789265
rfc9535,a5720e594ea4001a39c6b404cec1c6655ba5bdab,runtime_ns,5,271133.2,8059.005883171943,261126.62253355308,281139.7774664469
rfc9535,a5720e594ea4001a39c6b404cec1c6655ba5bdab,rss,5,78279475.2,299294.0221040173,77907852.58787584,78651097.81212416
p3,a5720e594ea4001a39c6b404cec1c6655ba5bdab,runtime_ns,3,151798.5,2891.7347302268236,144615.03270426538,158981.96729573462
p3,a5720e594ea4001a39c6b404cec1c6655ba5bdab,rss,3,66617344.0,244665.2952259474,66009561.71337269,67225126.28662731
plus,b2f1e2016c0c286deaa159badc74c402f2e08fa4,runtime_ns,0,nan,0,nan,nan
plus,b2f1e2016c0c286deaa159badc74c402f2e08fa4,rss,0,nan,0,nan,nan
dchester,b2f1e2016c0c286deaa159badc74c402f2e08fa4,runtime_ns,0,nan,0,nan,nan
dchester,b2f1e2016c0c286deaa159badc74c402f2e08fa4,rss,0,nan,0,nan,nan
jsonpathly,b2f1e2016c0c286deaa159badc74c402f2e08fa4,runtime_ns,3,19560819.833333332,206746.58660805825,19047232.840764597,20074406.825902067
jsonpathly,b2f1e2016c0c286deaa159badc74c402f2e08fa4,rss,3,102208853.33333333,1414190.0953143935,98695810.38597906,105721896.2806876
rfc9535,b2f1e2016c0c286deaa159badc74c402f2e08fa4,runtime_ns,6,261937.58333333334,12231.628119006344,249101.2768512942,274773.8898153725
rfc9535,b2f1e2016c0c286deaa159badc74c402f2e08fa4,rss,6,76718080.0,2018778.7455857564,74599501.6353178,78836658.3646822
p3,b2f1e2016c0c286deaa159badc74c402f2e08fa4,runtime_ns,8,151864.5,7946.010656747376,145221.46884746655,158507.53115253345
p3,b2f1e2016c0c286deaa159badc74c402f2e08fa4,rss,8,66068480.0,482305.3976321879,65665262.59696455,66471697.40303545
plus,7e9a541e20d95ddfa909ea6734c1027612b6cab4,runtime_ns,0,nan,0,nan,nan
plus,7e9a541e20d95ddfa909ea6734c1027612b6cab4,rss,0,nan,0,nan,nan
dchester,7e9a541e20d95ddfa909ea6734c1027612b6cab4,runtime_ns,0,nan,0,nan,nan
dchester,7e9a541e20d95ddfa909ea6734c1027612b6cab4,rss,0,nan,0,nan,nan
jsonpathly,7e9a541e20d95ddfa909ea6734c1027612b6cab4,runtime_ns,4,2167213.25,50620.04700626686,2086665.4592158091,2247761.040784191
jsonpathly,7e9a541e20d95ddfa909ea6734c1027612b6cab4,rss,4,89063424.0,1174935.7734457941,87193838.9944259,90933009.0055741
rfc9535,7e9a541e20d95ddfa909ea6734c1027612b6cab4,runtime_ns,3,284117.8333333333,4139.713798480921,273834.21417067363,294401.452495993
rfc9535,7e9a541e20d95ddfa909ea6734c1027612b6cab4,rss,3,79413248.0,130043.96844144676,79090200.87380894,79736295.12619106
p3,7e9a541e20d95ddfa909ea6734c1027612b6cab4,runtime_ns,0,nan,0,nan,nan
p3,7e9a541e20d95ddfa909ea6734c1027612b6cab4,rss,0,nan,0,nan,nan
plus,43ab057570637b81b7196144c3cb5175d27335f8,runtime_ns,0,nan,0,nan,nan
plus,43ab057570637b81b7196144c3cb5175d27335f8,rss,0,nan,0,nan,nan
dchester,43ab057570637b81b7196144c3cb5175d27335f8,runtime_ns,0,nan,0,nan,nan
dchester,43ab057570637b81b7196144c3cb5175d27335f8,rss,0,nan,0,nan,nan
jsonpathly,43ab057570637b81b7196144c3cb5175d27335f8,runtime_ns,7,4453455.285714285,196638.08935259236,4271595.3848191565,4635315.186609414
jsonpathly,43ab057570637b81b7196144c3cb5175d27335f8,rss,7,98474861.71428572,784829.3511292151,97749015.62573865,99200707.80283278
rfc9535,43ab057570637b81b7196144c3cb5175d27335f8,runtime_ns,8,271419.25,18877.57845018415,255637.19946593986,287201.3005340601
rfc9535,43ab057570637b81b7196144c3cb5175d27335f8,rss,8,76754944.0,823856.2074148619,76066182.97418667,77443705.02581333
p3,43ab057570637b81b7196144c3cb5175d27335f8,runtime_ns,8,169960.875,10857.624601271811,160883.67367413532,179038.07632586468
p3,43ab057570637b81b7196144c3cb5175d27335f8,rss,8,66830336.0,498492.26314099255,66413586.038743585,67247085.96125641
plus,1e0addca8744616d500643b782716e158c29b926,runtime_ns,3,2701.5,31.58718094417417,2623.0330926086954,2779.9669073913046
plus,1e0addca8744616d500643b782716e158c29b926,rss,3,54269269.333333336,116237.90812524687,53980518.36222444,54558020.304442234
dchester,1e0addca8744616d500643b782716e158c29b926,runtime_ns,3,4666.5,0.0,4666.5,4666.5
dchester,1e0addca8744616d500643b782716e158c29b926,rss,3,60058282.666666664,155719.8430686768,59671453.13203192,60445112.20130141
jsonpathly,1e0addca8744616d500643b782716e158c29b926,runtime_ns,6,8770.75,379.04310440898405,8372.968657176398,9168.531342823602
jsonpathly,1e0addca8744616d500643b782716e158c29b926,rss,6,56623104.0,147637.9322098491,56468167.49213844,56778040.50786156
rfc9535,1e0addca8744616d500643b782716e158c29b926,runtime_ns,5,6020.6,170.9504314121494,5808.337003838133,6232.862996161868
rfc9535,1e0addca8744616d500643b782716e158c29b926,rss,5,57704448.0,95534.31584514541,57585826.479422055,57823069.520577945
p3,1e0addca8744616d500643b782716e158c29b926,runtime_ns,5,1887.4,74.47600284655454,1794.9258285353123,1979.8741714646878
p3,1e0addca8744616d500643b782716e158c29b926,rss,5,54555443.2,97205.59681006028,54434746.51001704,54676139.88998297
plus,43a30b5df770fba7a42d6a97cf1b3a7e3661fb72,runtime_ns,0,nan,0,nan,nan
plus,43a30b5df770fba7a42d6a97cf1b3a7e3661fb72,rss,0,nan,0,nan,nan
dchester,43a30b5df770fba7a42d6a97cf1b3a7e3661fb72,runtime_ns,0,nan,0,nan,nan
dchester,43a30b5df770fba7a42d6a97cf1b3a7e3661fb72,rss,0,nan,0,nan,nan
jsonpathly,43a30b5df770fba7a42d6a97cf1b3a7e3661fb72,runtime_ns,3,1305138.5,14272.08344110978,1269684.6792986917,1340592.3207013083
jsonpathly,43a30b5df770fba7a42d6a97cf1b3a7e3661fb72,rss,3,78479360.0,312586.79752030474,77702851.34808454,79255868.65191546
rfc9535,43a30b5df770fba7a42d6a97cf1b3a7e3661fb72,runtime_ns,3,212506.83333333334,2179.9069552009173,207091.64425781192,217922.02240885477
rfc9535,43a30b5df770fba7a42d6a97cf1b3a7e3661fb72,rss,3,73056256.0,336171.57371794543,72221159.5161088,73891352.4838912
p3,43a30b5df770fba7a42d6a97cf1b3a7e3661fb72,runtime_ns,8,107562.5,16769.078658991035,93543.1994046292,121581.8005953708
p3,43a30b5df770fba7a42d6a97cf1b3a7e3661fb72,rss,8,65179648.0,161660.4745685051,65044496.461060144,65314799.538939856
plus,f5c885b33955c9f4383cf7e75809a551ff81bcbf,runtime_ns,0,nan,0,nan,nan
plus,f5c885b33955c9f4383cf7e75809a551ff81bcbf,rss,0,nan,0,nan,nan
dchester,f5c885b33955c9f4383cf7e75809a551ff81bcbf,runtime_ns,0,nan,0,nan,nan
dchester,f5c885b33955c9f4383cf7e75809a551ff81bcbf,rss,0,nan,0,nan,nan
jsonpathly,f5c885b33955c9f4383cf7e75809a551ff81bcbf,runtime_ns,8,640674.5,102504.78752826272,554978.3530591641,726370.6469408359
jsonpathly,f5c885b33955c9f4383cf7e75809a551ff81bcbf,rss,8,80982016.0,1443141.186916928,79775519.77487192,82188512.22512808
rfc9535,f5c885b33955c9f4383cf7e75809a551ff81bcbf,runtime_ns,8,270296.875,17215.172796423343,255904.63037271943,284689.11962728057
rfc9535,f5c885b33955c9f4383cf7e75809a551ff81bcbf,rss,8,72218624.0,898987.02364447,71467052.0399596,72970195.9600404
p3,f5c885b33955c9f4383cf7e75809a551ff81bcbf,runtime_ns,3,176409.5,2910.787135810518,169178.70390505536,183640.29609494464
p3,f5c885b33955c9f4383cf7e75809a551ff81bcbf,rss,3,65142784.0,247392.97477495193,64528225.78173944,65757342.21826056
plus,8a014869155224c9525b9a75fe592935a7f09dd1,runtime_ns,4,2724.0,54.62752663874383,2637.0754148408714,2810.9245851591286
plus,8a014869155224c9525b9a75fe592935a7f09dd1,rss,4,54386688.0,132767.69791883367,54175424.96514859,54597951.03485141
dchester,8a014869155224c9525b9a75fe592935a7f09dd1,runtime_ns,3,4632.0,52.35217282978807,4501.949993181453,4762.050006818547
dchester,8a014869155224c9525b9a75fe592935a7f09dd1,rss,3,60052821.333333336,254523.91514616722,59420548.877176404,60685093.78949027
jsonpathly,8a014869155224c9525b9a75fe592935a7f09dd1,runtime_ns,8,9250.0,642.772788116343,8712.628501280476,9787.371498719524
jsonpathly,8a014869155224c9525b9a75fe592935a7f09dd1,rss,8,56621056.0,96109.60295710013,56540706.36115834,56701405.63884166
rfc9535,8a014869155224c9525b9a75fe592935a7f09dd1,runtime_ns,5,5737.3,228.10896518988463,5454.065310256205,6020.534689743796
rfc9535,8a014869155224c9525b9a75fe592935a7f09dd1,rss,5,57763430.4,100063.19257749074,57639185.5362312,57887675.2637688
p3,8a014869155224c9525b9a75fe592935a7f09dd1,runtime_ns,3,1965.1666666666667,31.860372460681205,1886.021113926677,2044.3122194066566
p3,8a014869155224c9525b9a75fe592935a7f09dd1,rss,3,54504106.666666664,109090.04789316637,54233111.9647186,54775101.368614726
plus,6eac2f8cab1202b37eaf0082bca8c2c4af796e33,runtime_ns,0,nan,0,nan,nan
plus,6eac2f8cab1202b37eaf0082bca8c2c4af796e33,rss,0,nan,0,nan,nan
dchester,6eac2f8cab1202b37eaf0082bca8c2c4af796e33,runtime_ns,0,nan,0,nan,nan
dchester,6eac2f8cab1202b37eaf0082bca8c2c4af796e33,rss,0,nan,0,nan,nan
jsonpathly,6eac2f8cab1202b37eaf0082bca8c2c4af796e33,runtime_ns,3,18132319.5,68704.28223189585,17961648.60154901,18302990.39845099
jsonpathly,6eac2f8cab1202b37eaf0082bca8c2c4af796e33,rss,3,105611264.0,161363.68622462737,105210414.38174236,106012113.61825764
rfc9535,6eac2f8cab1202b37eaf0082bca8c2c4af796e33,runtime_ns,3,257131.83333333334,3374.7918577792816,248748.38561011586,265515.2810565508
rfc9535,6eac2f8cab1202b37eaf0082bca8c2c4af796e33,rss,3,75317248.0,935324.0888077244,72993774.15828422,77640721.84171578
p3,6eac2f8cab1202b37eaf0082bca8c2c4af796e33,runtime_ns,3,151451.5,2819.827698636922,144446.65967317787,158456.34032682213
p3,6eac2f8cab1202b37eaf0082bca8c2c4af796e33,rss,3,67108864.0,488507.0320722108,65895345.25917419,68322382.7408258
plus,ab965c363194f99ec45bd01186e692948f1630e1,runtime_ns,3,5271.0,36.373066958946424,5180.644292675262,5361.355707324738
plus,ab965c363194f99ec45bd01186e692948f1630e1,rss,3,54416725.333333336,18918.613620805656,54369728.891783856,54463721.774882816
dchester,ab965c363194f99ec45bd01186e692948f1630e1,runtime_ns,8,41661.625,5822.058477095046,36794.26230619693,46528.98769380307
dchester,ab965c363194f99ec45bd01186e692948f1630e1,rss,8,64782336.0,253970.87487460335,64570011.03512023,64994660.96487977
jsonpathly,ab965c363194f99ec45bd01186e692948f1630e1,runtime_ns,8,20927.0625,1370.8633994025183,19780.992017403067,22073.132982596933
jsonpathly,ab965c363194f99ec45bd01186e692948f1630e1,rss,8,57597952.0,56076.10567281373,57551071.20245401,57644832.79754599
rfc9535,ab965c363194f99ec45bd01186e692948f1630e1,runtime_ns,3,18493.0,135.63554106501732,18156.06263738673,18829.93736261327
rfc9535,ab965c363194f99ec45bd01186e692948f1630e1,rss,3,58354346.666666664,41232.162462491986,58251920.29695657,58456773.03637676
p3,ab965c363194f99ec45bd01186e692948f1630e1,runtime_ns,8,17765.75,1470.3091025845065,16536.540828976747,18994.959171023253
p3,ab965c363194f99ec45bd01186e692948f1630e1,rss,8,55910400.0,114520.69429458716,55814658.30361017,56006141.69638983
plus,e36fdb1ef7776943aa5d7379a7cfc2769884553b,runtime_ns,3,4763.833333333333,31.533051443419385,4685.500891076172,4842.165775590494
plus,e36fdb1ef7776943aa5d7379a7cfc2769884553b,rss,3,54302037.333333336,34106.01573525312,54217313.293447845,54386761.37321883
dchester,e36fdb1ef7776943aa5d7379a7cfc2769884553b,runtime_ns,0,nan,0,nan,nan
dchester,e36fdb1ef7776943aa5d7379a7cfc2769884553b,rss,0,nan,0,nan,nan
jsonpathly,e36fdb1ef7776943aa5d7379a7cfc2769884553b,runtime_ns,8,16429.6875,2275.1871341794536,14527.583455203232,18331.791544796768
jsonpathly,e36fdb1ef7776943aa5d7379a7cfc2769884553b,rss,8,57339904.0,143033.62031154972,57220324.9009231,57459483.0990769
rfc9535,e36fdb1ef7776943aa5d7379a7cfc2769884553b,runtime_ns,8,12187.5,791.2254961224934,11526.018931514747,12848.981068485253
rfc9535,e36fdb1ef7776943aa5d7379a7cfc2769884553b,rss,8,57901056.0,31576.034890856252,57874657.774209134,57927454.225790866
p3,e36fdb1ef7776943aa5d7379a7cfc2769884553b,runtime_ns,8,15492.4375,1846.4301549108989,13948.7832601665,17036.0917398335
p3,e36fdb1ef7776943aa5d7379a7cfc2769884553b,rss,8,55640064.0,125083.7810931994,55535491.34204953,55744636.65795047
plus,ceca792e4270fae4a032e35136d1c286ee86308a,runtime_ns,8,76927.125,6518.960827298868,71477.13736109361,82377.11263890639
plus,ceca792e4270fae4a032e35136d1c286ee86308a,rss,8,56760320.0,144683.005490328,56639361.98040582,56881278.01959418
dchester,ceca792e4270fae4a032e35136d1c286ee86308a,runtime_ns,8,94515.5625,54777.73150745363,48720.232920353745,140310.89207964626
dchester,ceca792e4270fae4a032e35136d1c286ee86308a,rss,8,65687552.0,752938.5825622546,65058079.59227574,66317024.40772426
jsonpathly,ceca792e4270fae4a032e35136d1c286ee86308a,runtime_ns,6,46725.666666666664,2174.5941383777035,44443.5700755442,49007.76325778913
jsonpathly,ceca792e4270fae4a032e35136d1c286ee86308a,rss,6,58193237.333333336,161002.84842532032,58024275.206071034,58362199.46059564
rfc9535,ceca792e4270fae4a032e35136d1c286ee86308a,runtime_ns,8,28557.375,2694.425260077343,26304.779110807765,30809.970889192235
rfc9535,ceca792e4270fae4a032e35136d1c286ee86308a,rss,8,60350464.0,393410.9992681227,60021564.1738126,60679363.8261874
p3,ceca792e4270fae4a032e35136d1c286ee86308a,runtime_ns,4,49718.875,1114.5720684788998,47945.342119348454,51492.407880651546
p3,ceca792e4270fae4a032e35136d1c286ee86308a,rss,4,60731392.0,154493.96739894626,60485557.6221313,60977226.3778687
plus,5a3938e33956ef6456299a8be2d60e3124e34998,runtime_ns,3,4013.8333333333335,52.617329211328595,3883.12464154789,4144.542025118777
plus,5a3938e33956ef6456299a8be2d60e3124e34998,rss,3,54318421.333333336,9459.306810402828,54294923.112558596,54341919.554108076
dchester,5a3938e33956ef6456299a8be2d60e3124e34998,runtime_ns,8,10216.1875,1041.9035442571997,9345.134338680833,11087.240661319167
dchester,5a3938e33956ef6456299a8be2d60e3124e34998,rss,8,60422144.0,94905.04858466247,60342801.39381494,60501486.60618506
jsonpathly,5a3938e33956ef6456299a8be2d60e3124e34998,runtime_ns,4,11718.625,264.07618061208524,11298.420867348817,12138.829132651183
jsonpathly,5a3938e33956ef6456299a8be2d60e3124e34998,rss,4,56811520.0,136751.61218306227,56593917.66853321,57029122.33146679
rfc9535,5a3938e33956ef6456299a8be2d60e3124e34998,runtime_ns,8,7796.8125,760.9508590056447,7160.641661539181,8432.98333846082
rfc9535,5a3938e33956ef6456299a8be2d60e3124e34998,rss,8,57755648.0,85555.00959199124,57684122.22203086,57827173.77796914
p3,5a3938e33956ef6456299a8be2d60e3124e34998,runtime_ns,5,5179.1,179.4485998830863,4956.2851339971,5401.9148660029
p3,5a3938e33956ef6456299a8be2d60e3124e34998,rss,5,54781542.4,44267.13034295311,54726577.49794936,54836507.302050635
plus,6727d9cc49f8ad60bd18d8ad2042c28505d04087,runtime_ns,4,5057.125,119.6922268431274,4866.667957455955,5247.582042544045
plus,6727d9cc49f8ad60bd18d8ad2042c28505d04087,rss,4,54468608.0,105758.26524043719,54300322.99976618,54636893.00023382
dchester,6727d9cc49f8ad60bd18d8ad2042c28505d04087,runtime_ns,0,nan,0,nan,nan
dchester,6727d9cc49f8ad60bd18d8ad2042c28505d04087,rss,0,nan,0,nan,nan
jsonpathly,6727d9cc49f8ad60bd18d8ad2042c28505d04087,runtime_ns,8,14856.75,749.3858914375919,14230.247716384041,15483.252283615959
jsonpathly,6727d9cc49f8ad60bd18d8ad2042c28505d04087,rss,8,57229312.0,49540.559406265435,57187895.05586712,57270728.94413288
rfc9535,6727d9cc49f8ad60bd18d8ad2042c28505d04087,runtime_ns,8,10026.0,854.6228909374506,9311.517383072623,10740.482616927377
rfc9535,6727d9cc49f8ad60bd18d8ad2042c28505d04087,rss,8,57847808.0,41771.16785535209,57812886.42975202,57882729.57024798
p3,6727d9cc49f8ad60bd18d8ad2042c28505d04087,runtime_ns,4,8609.25,238.78389811710505,8229.29153283799,8989.20846716201
p3,6727d9cc49f8ad60bd18d8ad2042c28505d04087,rss,4,55115776.0,78003.4422488307,54991655.1167079,55239896.8832921
plus,dc73301cda6e8aac31cf2a280998a9dc36688753,runtime_ns,5,22154.1,713.3667009329774,21268.338249934128,23039.86175006587
plus,dc73301cda6e8aac31cf2a280998a9dc36688753,rss,5,56498585.6,68146.4114154223,56413970.65433869,56583200.545661315
dchester,dc73301cda6e8aac31cf2a280998a9dc36688753,runtime_ns,0,nan,0,nan,nan
dchester,dc73301cda6e8aac31cf2a280998a9dc36688753,rss,0,nan,0,nan,nan
jsonpathly,dc73301cda6e8aac31cf2a280998a9dc36688753,runtime_ns,6,99552.0,3692.868559805507,95676.57211988875,103427.42788011125
jsonpathly,dc73301cda6e8aac31cf2a280998a9dc36688753,rss,6,62745258.666666664,52497.02227999857,62690166.42049762,62800350.91283571
rfc9535,dc73301cda6e8aac31cf2a280998a9dc36688753,runtime_ns,3,102382.0,575.8218040331575,100951.57934135312,103812.42065864688
rfc9535,dc73301cda6e8aac31cf2a280998a9dc36688753,rss,3,63739221.333333336,25026.973395385496,63677050.88491089,63801391.78175578
p3,dc73301cda6e8aac31cf2a280998a9dc36688753,runtime_ns,4,86968.875,2511.245088762412,82972.9236728031,90964.8263271969
p3,dc73301cda6e8aac31cf2a280998a9dc36688753,rss,4,64491520.0,141178.3716013186,64266873.70645571,64716166.29354429
plus,e5ba25ecb1d5b57ff36aeba20f1e893c0f85bab2,runtime_ns,3,25263.833333333332,248.64449186204254,24646.166174279835,25881.50049238683
plus,e5ba25ecb1d5b57ff36aeba20f1e893c0f85bab2,rss,3,56399189.333333336,34106.01573525312,56314465.293447845,56483913.37321883
dchester,e5ba25ecb1d5b57ff36aeba20f1e893c0f85bab2,runtime_ns,0,nan,0,nan,nan
dchester,e5ba25ecb1d5b57ff36aeba20f1e893c0f85bab2,rss,0,nan,0,nan,nan
jsonpathly,e5ba25ecb1d5b57ff36aeba20f1e893c0f85bab2,runtime_ns,4,342145.875,6790.066106391503,331341.3646035411,352950.3853964589
jsonpathly,e5ba25ecb1d5b57ff36aeba20f1e893c0f85bab2,rss,4,78581760.0,321164.014123625,78070716.38493109,79092803.61506891
rfc9535,e5ba25ecb1d5b57ff36aeba20f1e893c0f85bab2,runtime_ns,5,180950.0,7007.128441808384,172249.50088301688,189650.49911698312
rfc9535,e5ba25ecb1d5b57ff36aeba20f1e893c0f85bab2,rss,5,74206412.8,294547.68608699,73840683.54243156,74572142.05756843
p3,e5ba25ecb1d5b57ff36aeba20f1e893c0f85bab2,runtime_ns,4,124078.25,3142.6154049347706,119077.64760781884,129078.85239218116
p3,e5ba25ecb1d5b57ff36aeba20f1e893c0f85bab2,rss,4,65495040.0,253290.4932760012,65091998.302755155,65898081.697244845
plus,d09b5271f4118a9095a5155a0b393b4da484c5b8,runtime_ns,3,2840.3333333333335,12.271240089466644,2809.849883057147,2870.81678360952
plus,d09b5271f4118a9095a5155a0b393b4da484c5b8,rss,3,54269269.333333336,164928.64984996794,53859563.85449296,54678974.81217371
dchester,d09b5271f4118a9095a5155a0b393b4da484c5b8,runtime_ns,3,12354.333333333334,185.13328531988336,11894.436757569978,12814.22990909669
dchester,d09b5271f4118a9095a5155a0b393b4da484c5b8,rss,3,60659029.333333336,137404.36821780205,60317697.96048427,61000360.706182405
jsonpathly,d09b5271f4118a9095a5155a0b393b4da484c5b8,runtime_ns,7,11461.357142857143,523.3023117890934,10977.383224713996,11945.33106100029
jsonpathly,d09b5271f4118a9095a5155a0b393b4da484c5b8,rss,7,56742473.14285714,203257.21375261492,56554491.57290307,56930454.71281122
rfc9535,d09b5271f4118a9095a5155a0b393b4da484c5b8,runtime_ns,6,9684.166666666666,380.580565277139,9284.771857613076,10083.561475720257
rfc9535,d09b5271f4118a9095a5155a0b393b4da484c5b8,rss,6,57794560.0,68539.18937367147,57722632.53194169,57866487.46805831
p3,d09b5271f4118a9095a5155a0b393b4da484c5b8,runtime_ns,3,4798.833333333333,31.80539786472311,4719.824345060351,4877.842321606315
p3,d09b5271f4118a9095a5155a0b393b4da484c5b8,rss,3,54717098.666666664,62028.82289172779,54563010.52850584,54871186.80482749
plus,1a1dae919fa5773ba68def52c16cd610562b5d3e,runtime_ns,3,6736.166666666667,98.11387941231013,6492.4382787724235,6979.8950545609105
plus,1a1dae919fa5773ba68def52c16cd610562b5d3e,rss,3,54591488.0,114688.0,54306587.21411478,54876388.78588522
dchester,1a1dae919fa5773ba68def52c16cd610562b5d3e,runtime_ns,8,43674.6875,4420.087450148954,39979.401916242554,47369.973083757446
dchester,1a1dae919fa5773ba68def52c16cd610562b5d3e,rss,8,64090112.0,211954.21901371598,63912913.838476844,64267310.161523156
jsonpathly,1a1dae919fa5773ba68def52c16cd610562b5d3e,runtime_ns,8,25570.25,2501.147022582125,23479.238761049484,27661.261238950516
jsonpathly,1a1dae919fa5773ba68def52c16cd610562b5d3e,rss,8,57587712.0,29617.709605668602,57562950.975118905,57612473.024881095
rfc9535,1a1dae919fa5773ba68def52c16cd610562b5d3e,runtime_ns,8,16229.125,1325.9707697166093,15120.585695047463,17337.664304952537
rfc9535,1a1dae919fa5773ba68def52c16cd610562b5d3e,rss,8,58032128.0,53985.57301459609,57986994.93149363,58077261.06850637
p3,1a1dae919fa5773ba68def52c16cd610562b5d3e,runtime_ns,4,19448.0,358.3255037904317,18877.824162186607,20018.175837813393
p3,1a1dae919fa5773ba68def52c16cd610562b5d3e,rss,4,56733696.0,155072.05722931947,56486941.7522089,56980450.2477911
plus,0d9d671a1547eca02a5aac585be0fc07d884074f,runtime_ns,3,6465.333333333333,72.9902961586904,6284.015386053705,6646.651280612961
plus,0d9d671a1547eca02a5aac585be0fc07d884074f,rss,3,54520490.666666664,50053.94679077099,54396149.76982176,54644831.563511565
dchester,0d9d671a1547eca02a5aac585be0fc07d884074f,runtime_ns,4,39427.375,730.4219528236173,38265.11067746919,40589.63932253081
dchester,0d9d671a1547eca02a5aac585be0fc07d884074f,rss,4,63913984.0,353681.9510464168,63351197.0908234,64476770.9091766
jsonpathly,0d9d671a1547eca02a5aac585be0fc07d884074f,runtime_ns,8,17560.0,1692.9054905693938,16144.695591542177,18975.30440845782
jsonpathly,0d9d671a1547eca02a5aac585be0fc07d884074f,rss,8,57266176.0,91327.28561138154,57189824.47851323,57342527.52148677
rfc9535,0d9d671a1547eca02a5aac585be0fc07d884074f,runtime_ns,3,9652.833333333334,138.7861064131901,9308.069532525335,9997.597134141333
rfc9535,0d9d671a1547eca02a5aac585be0fc07d884074f,rss,3,57840981.333333336,25026.973395385496,57778810.88491089,57903151.78175578
p3,0d9d671a1547eca02a5aac585be0fc07d884074f,runtime_ns,8,13479.25,1928.2991024660641,11867.151607178577,15091.348392821423
p3,0d9d671a1547eca02a5aac585be0fc07d884074f,rss,8,55508992.0,45505.90954402045,55470948.107563406,55547035.892436594
plus,8e92ee7da6aa5c8c7670c7611a054ea0ffa8bd2f,runtime_ns,8,19333.3125,1609.245695915148,17987.94943017237,20678.67556982763
plus,8e92ee7da6aa5c8c7670c7611a054ea0ffa8bd2f,rss,8,56944640.0,45453.2101522308,56906640.1653575,56982639.8346425
dchester,8e92ee7da6aa5c8c7670c7611a054ea0ffa8bd2f,runtime_ns,3,61132.0,393.8473689133901,60153.628898208604,62110.371101791396
dchester,8e92ee7da6aa5c8c7670c7611a054ea0ffa8bd2f,rss,3,65667072.0,130043.96844144676,65344024.873808935,65990119.126191065
jsonpathly,8e92ee7da6aa5c8c7670c7611a054ea0ffa8bd2f,runtime_ns,6,30756.916666666668,1390.294084597452,29297.89250435354,32215.940828979798
jsonpathly,8e92ee7da6aa5c8c7670c7611a054ea0ffa8bd2f,rss,6,57835520.0,93833.2721202879,57737048.02002891,57933991.97997109
rfc9535,8e92ee7da6aa5c8c7670c7611a054ea0ffa8bd2f,runtime_ns,8,21971.3125,1923.4663266668924,20363.254408856228,23579.370591143772
rfc9535,8e92ee7da6aa5c8c7670c7611a054ea0ffa8bd2f,rss,8,58550272.0,45453.2101522308,58512272.1653575,58588271.8346425
p3,8e92ee7da6aa5c8c7670c7611a054ea0ffa8bd2f,runtime_ns,5,29629.1,1039.3703262071706,28338.551285147252,30919.648714852745
p3,8e92ee7da6aa5c8c7670c7611a054ea0ffa8bd2f,rss,5,57006489.6,82410.05422155722,56904164.00258307,57108815.19741693
plus,07c9b3574e71792d42276ee72dc87a4abb4b5c94,runtime_ns,4,18270.75,563.3461783545413,17374.340518049947,19167.159481950053
plus,07c9b3574e71792d42276ee72dc87a4abb4b5c94,rss,4,56987648.0,55761.79126725874,56898918.54670276,57076377.45329724
dchester,07c9b3574e71792d42276ee72dc87a4abb4b5c94,runtime_ns,4,74119.875,1322.7115064014022,72015.14582674831,76224.60417325169
dchester,07c9b3574e71792d42276ee72dc87a4abb4b5c94,rss,4,65433600.0,236813.5145693055,65056776.85275883,65810423.14724117
jsonpathly,07c9b3574e71792d42276ee72dc87a4abb4b5c94,runtime_ns,6,35482.583333333336,1326.925974448713,34090.05992424315,36875.10674242352
jsonpathly,07c9b3574e71792d42276ee72dc87a4abb4b5c94,rss,6,58389845.333333336,109866.4993137884,58274547.51332284,58505143.153343834
rfc9535,07c9b3574e71792d42276ee72dc87a4abb4b5c94,runtime_ns,8,31775.9375,6481.505829432253,26357.263022929703,37194.6119770703
rfc9535,07c9b3574e71792d42276ee72dc87a4abb4b5c94,rss,8,59092992.0,250129.2370138742,58883878.724745125,59302105.275254875
p3,07c9b3574e71792d42276ee72dc87a4abb4b5c94,runtime_ns,6,32013.916666666668,1270.6093977563155,30680.49388027442,33347.33945305892
p3,07c9b3574e71792d42276ee72dc87a4abb4b5c94,rss,6,58198698.666666664,198622.91958247585,57990256.69595662,58407140.63737671
plus,ef4fde8e7e5ce0e74e02fe3dfedae37ed8c9e7a9,runtime_ns,3,5735.833333333333,67.22040860730715,5568.8485813126545,5902.818085354012
plus,ef4fde8e7e5ce0e74e02fe3dfedae37ed8c9e7a9,rss,3,54383957.333333336,34106.01573525312,54299233.293447845,54468681.37321883
dchester,ef4fde8e7e5ce0e74e02fe3dfedae37ed8c9e7a9,runtime_ns,7,35720.21428571428,1910.3097448917993,33953.47244018057,37486.95613124799
dchester,ef4fde8e7e5ce0e74e02fe3dfedae37ed8c9e7a9,rss,7,63083081.14285714,203916.4789772425,62894489.85426305,63271672.43145123
jsonpathly,ef4fde8e7e5ce0e74e02fe3dfedae37ed8c9e7a9,runtime_ns,3,19076.333333333332,354.2175649700807,18196.408122026784,19956.25854463988
jsonpathly,ef4fde8e7e5ce0e74e02fe3dfedae37ed8c9e7a9,rss,3,57458688.0,85133.76129362546,57247204.013027355,57670171.986972645
rfc9535,ef4fde8e7e5ce0e74e02fe3dfedae37ed8c9e7a9,runtime_ns,5,15879.3,577.7759730206856,15161.896375273065,16596.703624726935
rfc9535,ef4fde8e7e5ce0e74e02fe3dfedae37ed8c9e7a9,rss,5,58012467.2,102580.06568139835,57885097.22551003,58139837.174489975
p3,ef4fde8e7e5ce0e74e02fe3dfedae37ed8c9e7a9,runtime_ns,4,14635.625,316.86415990662834,14131.423412514163,15139.826587485837
p3,ef4fde8e7e5ce0e74e02fe3dfedae37ed8c9e7a9,rss,4,55783424.0,67387.18817896074,55676195.9459782,55890652.0540218
plus,6071798ce5be19e28dd247390a40de5ceaaa16f0,runtime_ns,8,20247.3125,1397.1765901657323,19079.243639410186,21415.381360589814
plus,6071798ce5be19e28dd247390a40de5ceaaa16f0,rss,8,56989696.0,77808.59998006096,56924646.38253395,57054745.61746605
dchester,6071798ce5be19e28dd247390a40de5ceaaa16f0,runtime_ns,8,65421.875,3716.914338053619,62314.45684948173,68529.29315051828
dchester,6071798ce5be19e28dd247390a40de5ceaaa16f0,rss,8,64966656.0,441261.3459229284,64597752.28290195,65335559.71709805
jsonpathly,6071798ce5be19e28dd247390a40de5ceaaa16f0,runtime_ns,5,47454.1,1749.1916132888357,45282.19174781929,49626.008252180705
jsonpathly,6071798ce5be19e28dd247390a40de5ceaaa16f0,rss,5,58569523.2,70850.14486364866,58481551.12585529,58657495.27414472
rfc9535,6071798ce5be19e28dd247390a40de5ceaaa16f0,runtime_ns,8,31836.0,3231.154979260512,29134.686836310197,34537.3131636898
rfc9535,6071798ce5be19e28dd247390a40de5ceaaa16f0,rss,8,60413952.0,666381.3822266388,59856843.222674005,60971060.777325995
p3,6071798ce5be19e28dd247390a40de5ceaaa16f0,runtime_ns,3,54659.666666666664,1019.7482941066062,52126.47147278338,57192.86186054995
p3,6071798ce5be19e28dd247390a40de5ceaaa16f0,rss,3,58824021.333333336,57538.71702891309,58681087.23647608,58966955.43019059
plus,30bc1df0bd06322c2651264e133832b6efbe390d,runtime_ns,5,20266.9,665.5530031485096,19440.5067970941,21093.2932029059
plus,30bc1df0bd06322c2651264e133832b6efbe390d,rss,5,56950784.0,11585.237502960395,56936399.02768193,56965168.97231807
dchester,30bc1df0bd06322c2651264e133832b6efbe390d,runtime_ns,4,62958.125,1321.8700374217328,60854.734791670984,65061.515208329016
dchester,30bc1df0bd06322c2651264e133832b6efbe390d,rss,4,64864256.0,200662.19972879795,64544957.66193149,65183554.33806851
jsonpathly,30bc1df0bd06322c2651264e133832b6efbe390d,runtime_ns,4,47656.5,1394.9807047650038,45436.77440508927,49876.22559491073
jsonpathly,30bc1df0bd06322c2651264e133832b6efbe390d,rss,4,58523648.0,214874.14556432795,58181735.28467391,58865560.71532609
rfc9535,30bc1df0bd06322c2651264e133832b6efbe390d,runtime_ns,8,34302.0625,5356.5033866553285,29823.913601975742,38780.21139802426
rfc9535,30bc1df0bd06322c2651264e133832b6efbe390d,rss,8,60471296.0,576570.3294521592,59989271.14178706,60953320.85821294
p3,30bc1df0bd06322c2651264e133832b6efbe390d,runtime_ns,5,59333.5,2193.5824294974645,56609.80767020065,62057.19232979935
p3,30bc1df0bd06322c2651264e133832b6efbe390d,rss,5,58854604.8,114921.81879521399,58711910.51499388,58997299.08500611
plus,839604a4301e8ff6b157d146cfbfc25813d3d62c,runtime_ns,3,12486.166666666666,127.27561955588091,12169.996500341515,12802.336832991818
plus,839604a4301e8ff6b157d146cfbfc25813d3d62c,rss,3,56071509.333333336,77427.76322052274,55879168.10678076,56263850.55988591
dchester,839604a4301e8ff6b157d146cfbfc25813d3d62c,runtime_ns,8,24286.4375,1841.1361484051868,22747.20916036452,25825.66583963548
dchester,839604a4301e8ff6b157d146cfbfc25813d3d62c,rss,8,61691904.0,144947.81102964512,61570724.59743479,61813083.40256521
jsonpathly,839604a4301e8ff6b157d146cfbfc25813d3d62c,runtime_ns,4,27635.375,698.8499332236261,26523.348806032354,28747.401193967646
jsonpathly,839604a4301e8ff6b157d146cfbfc25813d3d62c,rss,4,57434112.0,50939.92613526905,57353055.21013969,57515168.78986031
rfc9535,839604a4301e8ff6b157d146cfbfc25813d3d62c,runtime_ns,8,14942.75,3275.6679144434474,12204.223091214115,17681.276908785883
rfc9535,839604a4301e8ff6b157d146cfbfc25813d3d62c,rss,8,58114048.0,102130.47959210945,58028664.78232492,58199431.21767508
p3,839604a4301e8ff6b157d146cfbfc25813d3d62c,runtime_ns,5,26475.0,960.3918471124169,25282.516019272098,27667.483980727902
p3,839604a4301e8ff6b157d146cfbfc25813d3d62c,rss,5,57615974.4,132396.50779684485,57451582.42278075,57780366.377219245
plus,c0d5234ddcbbbbd9ac8a6cdd6a4fc860ffc19c2e,runtime_ns,4,4359.5,106.76375789564547,4189.615036573399,4529.384963426601
plus,c0d5234ddcbbbbd9ac8a6cdd6a4fc860ffc19c2e,rss,4,54398976.0,139905.03445790173,54176355.86999943,54621596.13000057
dchester,c0d5234ddcbbbbd9ac8a6cdd6a4fc860ffc19c2e,runtime_ns,0,nan,0,nan,nan
dchester,c0d5234ddcbbbbd9ac8a6cdd6a4fc860ffc19c2e,rss,0,nan,0,nan,nan
jsonpathly,c0d5234ddcbbbbd9ac8a6cdd6a4fc860ffc19c2e,runtime_ns,8,18955.625,2754.8264107873347,16652.532485123702,21258.717514876298
jsonpathly,c0d5234ddcbbbbd9ac8a6cdd6a4fc860ffc19c2e,rss,8,57337856.0,49492.15630784337,57296479.52187008,57379232.47812992
rfc9535,c0d5234ddcbbbbd9ac8a6cdd6a4fc860ffc19c2e,runtime_ns,8,15374.8125,1515.5876968899838,14107.749476835384,16641.875523164617
rfc9535,c0d5234ddcbbbbd9ac8a6cdd6a4fc860ffc19c2e,rss,8,57960448.0,74793.0689531361,57897919.429562286,58022976.570437714
p3,c0d5234ddcbbbbd9ac8a6cdd6a4fc860ffc19c2e,runtime_ns,7,16175.5,835.0481523042049,15403.209266700616,16947.790733299382
p3,c0d5234ddcbbbbd9ac8a6cdd6a4fc860ffc19c2e,rss,7,55937316.571428575,25781.724527638715,55913472.45311488,55961160.68974227
plus,588f20e992727c1df4cadbc211dbdfcf1031e74d,runtime_ns,3,4048.6666666666665,31.533051443419385,3970.334224409505,4126.999108923827
plus,588f20e992727c1df4cadbc211dbdfcf1031e74d,rss,3,54323882.666666664,84076.15798389775,54115025.91195978,54532739.421373546
dchester,588f20e992727c1df4cadbc211dbdfcf1031e74d,runtime_ns,8,21078.1875,2365.890332827007,19100.25368347514,23056.12131652486
dchester,588f20e992727c1df4cadbc211dbdfcf1031e74d,rss,8,62369792.0,224261.67768416047,62182304.545536265,62557279.454463735
jsonpathly,588f20e992727c1df4cadbc211dbdfcf1031e74d,runtime_ns,3,11208.5,115.93532679903913,10920.500682574408,11496.499317425592
jsonpathly,588f20e992727c1df4cadbc211dbdfcf1031e74d,rss,3,56737792.0,43347.989480482254,56630109.62460298,56845474.37539702
rfc9535,588f20e992727c1df4cadbc211dbdfcf1031e74d,runtime_ns,3,8215.166666666666,93.67808352722281,7982.457406612194,8447.875926721137
rfc9535,588f20e992727c1df4cadbc211dbdfcf1031e74d,rss,3,57851904.0,130043.96844144676,57528856.873808935,58174951.126191065
p3,588f20e992727c1df4cadbc211dbdfcf1031e74d,runtime_ns,3,7965.333333333333,43.515322971722654,7857.235278500281,8073.431388166385
p3,588f20e992727c1df4cadbc211dbdfcf1031e74d,rss,3,55022933.333333336,90236.0358467355,54798774.5937276,55247092.07293907
plus,17bc2b5d99aac2ad22ee40e43064ca78a4151a03,runtime_ns,8,20025.875,1683.6535474548032,18618.305409551704,21433.444590448296
plus,17bc2b5d99aac2ad22ee40e43064ca78a4151a03,rss,8,57092096.0,84427.01022100181,57021513.2531046,57162678.7468954
dchester,17bc2b5d99aac2ad22ee40e43064ca78a4151a03,runtime_ns,5,76812.5,2822.174737680146,73308.30723158241,80316.69276841759
dchester,17bc2b5d99aac2ad22ee40e43064ca78a4151a03,rss,5,64631603.2,97205.59681006028,64510906.51001704,64752299.88998297
jsonpathly,17bc2b5d99aac2ad22ee40e43064ca78a4151a03,runtime_ns,5,35620.7,1399.5251248191296,33882.960037930454,37358.43996206954
jsonpathly,17bc2b5d99aac2ad22ee40e43064ca78a4151a03,rss,5,57914163.2,144884.96353728362,57734264.75689469,58094061.64310531
rfc9535,17bc2b5d99aac2ad22ee40e43064ca78a4151a03,runtime_ns,5,31254.2,1149.6510666284792,29826.719660070863,32681.68033992914
rfc9535,17bc2b5d99aac2ad22ee40e43064ca78a4151a03,rss,5,59919564.8,164412.4399770285,59715419.79242368,60123709.80757631
p3,17bc2b5d99aac2ad22ee40e43064ca78a4151a03,runtime_ns,8,33046.9375,2561.6852215108597,30905.31506018728,35188.55993981272
p3,17bc2b5d99aac2ad22ee40e43064ca78a4151a03,rss,8,58157056.0,614279.0585728467,57643505.8553141,58670606.1446859
plus,fe5807b271acf46c53672e207e065577a7823e27,runtime_ns,4,34713.5,914.9101048736974,33257.67385853898,36169.32614146102
plus,fe5807b271acf46c53672e207e065577a7823e27,rss,4,56516608.0,195466.910850234,56205576.525879726,56827639.474120274
dchester,fe5807b271acf46c53672e207e065577a7823e27,runtime_ns,0,nan,0,nan,nan
dchester,fe5807b271acf46c53672e207e065577a7823e27,rss,0,nan,0,nan,nan
jsonpathly,fe5807b271acf46c53672e207e065577a7823e27,runtime_ns,3,369451.6666666667,6807.892778483907,352539.92347808206,386363.4098552513
jsonpathly,fe5807b271acf46c53672e207e065577a7823e27,rss,3,68201130.66666667,125134.86697692747,67890278.42455442,68511982.90877892
rfc9535,fe5807b271acf46c53672e207e065577a7823e27,runtime_ns,3,218437.66666666666,2086.712266541157,213253.98603177976,223621.34730155356
rfc9535,fe5807b271acf46c53672e207e065577a7823e27,rss,3,72783189.33333333,239863.84902551142,72187334.50028346,73379044.16638319
p3,fe5807b271acf46c53672e207e065577a7823e27,runtime_ns,0,nan,0,nan,nan
p3,fe5807b271acf46c53672e207e065577a7823e27,rss,0,nan,0,nan,nan
plus,604853538008ac7085e9fa0cc0b2555e5252c342,runtime_ns,5,2745.9,103.44285862252647,2617.458726577127,2874.341273422873
plus,604853538008ac7085e9fa0cc0b2555e5252c342,rss,5,54204825.6,41123.51362420288,54153764.01365319,54255887.186346814
dchester,604853538008ac7085e9fa0cc0b2555e5252c342,runtime_ns,4,4640.625,107.88294196334593,4468.959164972806,4812.290835027194
dchester,604853538008ac7085e9fa0cc0b2555e5252c342,rss,4,59932672.0,79142.23886985592,59806739.03715837,60058604.96284163
jsonpathly,604853538008ac7085e9fa0cc0b2555e5252c342,runtime_ns,3,8361.166666666666,48.35373132792684,8241.049339171119,8481.283994162213
jsonpathly,604853538008ac7085e9fa0cc0b2555e5252c342,rss,3,56492032.0,43347.989480482254,56384349.62460298,56599714.37539702
rfc9535,604853538008ac7085e9fa0cc0b2555e5252c342,runtime_ns,7,5800.642857142857,284.7074103774075,5537.332419140671,6063.953295145043
rfc9535,604853538008ac7085e9fa0cc0b2555e5252c342,rss,7,57718491.428571425,31978.293590377536,57688916.4397059,57748066.41743695
p3,604853538008ac7085e9fa0cc0b2555e5252c342,runtime_ns,3,1937.5,36.376503405357695,1847.1357560691367,2027.8642439308633
p3,604853538008ac7085e9fa0cc0b2555e5252c342,rss,3,54438570.666666664,90236.0358467355,54214411.92706093,54662729.4062724
plus,499ec4cb3ea96e5ad01b0b0060936de6999b21f2,runtime_ns,4,28906.375,555.0671693588083,28023.139268844887,29789.610731155113
plus,499ec4cb3ea96e5ad01b0b0060936de6999b21f2,rss,4,56381440.0,93043.23433759168,56233387.45132534,56529492.54867466
dchester,499ec4cb3ea96e5ad01b0b0060936de6999b21f2,runtime_ns,0,nan,0,nan,nan
dchester,499ec4cb3ea96e5ad01b0b0060936de6999b21f2,rss,0,nan,0,nan,nan
jsonpathly,499ec4cb3ea96e5ad01b0b0060936de6999b21f2,runtime_ns,3,765382.0,14448.031795023155,729491.0993574152,801272.9006425848
jsonpathly,499ec4cb3ea96e5ad01b0b0060936de6999b21f2,rss,3,89412949.33333333,654608.6359507743,87786811.33433057,91039087.33233608
rfc9535,499ec4cb3ea96e5ad01b0b0060936de6999b21f2,runtime_ns,4,209349.125,3798.75798507442,203304.45334286647,215393.79665713353
rfc9535,499ec4cb3ea96e5ad01b0b0060936de6999b21f2,rss,4,80297984.0,1500247.2529802101,77910755.83637054,82685212.16362946
p3,499ec4cb3ea96e5ad01b0b0060936de6999b21f2,runtime_ns,0,nan,0,nan,nan
p3,499ec4cb3ea96e5ad01b0b0060936de6999b21f2,rss,0,nan,0,nan,nan
plus,167f6639eaceb849c5c4f59a13ffa439fa7e2eee,runtime_ns,4,4755.0,93.88911900037547,4605.601460065456,4904.398539934544
plus,167f6639eaceb849c5c4f59a13ffa439fa7e2eee,rss,4,54374400.0,96813.59067128265,54220347.973033465,54528452.026966535
dchester,167f6639eaceb849c5c4f59a13ffa439fa7e2eee,runtime_ns,8,27619.75,3799.551627683005,24443.245346444786,30796.254653555214
dchester,167f6639eaceb849c5c4f59a13ffa439fa7e2eee,rss,8,62951424.0,386998.4631582626,62627885.18816115,63274962.81183885
jsonpathly,167f6639eaceb849c5c4f59a13ffa439fa7e2eee,runtime_ns,5,12466.9,447.316917855786,11911.482687311,13022.317312689
jsonpathly,167f6639eaceb849c5c4f59a13ffa439fa7e2eee,rss,5,56967168.0,131583.0038872802,56803786.12129766,57130549.87870234
rfc9535,167f6639eaceb849c5c4f59a13ffa439fa7e2eee,runtime_ns,8,10401.0,1226.3283468491277,9375.763845246553,11426.236154753447
rfc9535,167f6639eaceb849c5c4f59a13ffa439fa7e2eee,rss,8,57888768.0,138123.464107815,57773293.8942379,58004242.1057621
p3,167f6639eaceb849c5c4f59a13ffa439fa7e2eee,runtime_ns,8,7992.125,1436.0305097733822,6791.573449730873,9192.676550269127
p3,167f6639eaceb849c5c4f59a13ffa439fa7e2eee,rss,8,54999040.0,141872.7095311649,54880431.44662365,55117648.55337635
plus,698059ee6879a7761f5122234d61534ebe4c0cb5,runtime_ns,5,2783.2,98.30539151033375,2661.1377345322926,2905.262265467707
plus,698059ee6879a7761f5122234d61534ebe4c0cb5,rss,5,54257254.4,111483.45892014653,54118829.402663626,54395679.39733637
dchester,698059ee6879a7761f5122234d61534ebe4c0cb5,runtime_ns,4,4786.125,127.70171951335138,4582.92306727818,4989.32693272182
dchester,698059ee6879a7761f5122234d61534ebe4c0cb5,rss,4,59744256.0,115465.55466747071,59560524.53608049,59927987.46391951
jsonpathly,698059ee6879a7761f5122234d61534ebe4c0cb5,runtime_ns,5,8570.9,261.29757939942726,8246.45620284194,8895.343797158059
jsonpathly,698059ee6879a7761f5122234d61534ebe4c0cb5,rss,5,56580505.6,21981.442646013933,56553212.034037866,56607799.16596214
rfc9535,698059ee6879a7761f5122234d61534ebe4c0cb5,runtime_ns,8,5817.75,348.5917587748085,5526.319996556563,6109.180003443437
rfc9535,698059ee6879a7761f5122234d61534ebe4c0cb5,rss,8,57686016.0,57050.67838334615,57638320.43927836,57733711.56072164
p3,698059ee6879a7761f5122234d61534ebe4c0cb5,runtime_ns,6,1809.0,80.62195730692724,1724.392444643938,1893.607555356062
p3,698059ee6879a7761f5122234d61534ebe4c0cb5,rss,6,54575104.0,173082.05247685272,54393465.52550444,54756742.47449556
plus,a0f81846a8105ce999cc0432307b3f70eb0c3182,runtime_ns,8,13609.3125,1254.3066934565884,12560.685862130107,14657.939137869893
plus,a0f81846a8105ce999cc0432307b3f70eb0c3182,rss,8,56553472.0,95031.23538229793,56474023.89901208,56632920.10098792
dchester,a0f81846a8105ce999cc0432307b3f70eb0c3182,runtime_ns,6,17437.416666666668,822.3222857655426,16574.442352503578,18300.390980829758
dchester,a0f81846a8105ce999cc0432307b3f70eb0c3182,rss,6,61024938.666666664,177573.1348810024,60838587.09023448,61211290.24309885
jsonpathly,a0f81846a8105ce999cc0432307b3f70eb0c3182,runtime_ns,8,21112.0625,1414.1920822631253,19929.76833202494,22294.35666797506
jsonpathly,a0f81846a8105ce999cc0432307b3f70eb0c3182,rss,8,57475072.0,85806.76592703599,57403335.74846762,57546808.25153238
rfc9535,a0f81846a8105ce999cc0432307b3f70eb0c3182,runtime_ns,8,13645.75,2086.0805867189583,11901.742985297367,15389.757014702633
rfc9535,a0f81846a8105ce999cc0432307b3f70eb0c3182,rss,8,58116096.0,113659.3872937911,58021074.37428278,58211117.62571722
p3,a0f81846a8105ce999cc0432307b3f70eb0c3182,runtime_ns,5,22654.2,666.9460810290439,21826.077062443146,23482.322937556855
p3,a0f81846a8105ce999cc0432307b3f70eb0c3182,rss,5,57491456.0,25905.378592099365,57459290.22404235,57523621.77595765
plus,6a9c09e8a5a092f7e72aabf779bc14b473562c5a,runtime_ns,3,2764.0,12.12435565298214,2733.8814308917536,2794.1185691082464
plus,6a9c09e8a5a092f7e72aabf779bc14b473562c5a,rss,3,54176426.666666664,105334.38271207239,53914761.554227665,54438091.77910566
dchester,6a9c09e8a5a092f7e72aabf779bc14b473562c5a,runtime_ns,8,9362.125,1101.116697785869,8441.568403495194,10282.681596504806
dchester,6a9c09e8a5a092f7e72aabf779bc14b473562c5a,rss,8,60409856.0,152804.09412615318,60282108.58039986,60537603.41960014
jsonpathly,6a9c09e8a5a092f7e72aabf779bc14b473562c5a,runtime_ns,8,9953.125,688.2098802587146,9377.767141631437,10528.482858368563
jsonpathly,6a9c09e8a5a092f7e72aabf779bc14b473562c5a,rss,8,56616960.0,28963.093757400988,56592746.24766369,56641173.75233631
rfc9535,6a9c09e8a5a092f7e72aabf779bc14b473562c5a,runtime_ns,4,7453.0,137.38752975919368,7234.3857817629,7671.6142182371
rfc9535,6a9c09e8a5a092f7e72aabf779bc14b473562c5a,rss,4,57724928.0,112223.42362745252,57546355.49005526,57903500.50994474
p3,6a9c09e8a5a092f7e72aabf779bc14b473562c5a,runtime_ns,4,3635.375,90.79131291043213,3490.905760838169,3779.844239161831
p3,6a9c09e8a5a092f7e72aabf779bc14b473562c5a,rss,4,54718464.0,114590.43469097526,54536125.04724842,54900802.95275158
plus,613d7aabe9b235b9d3f9b4f1cfd05f11562880af,runtime_ns,8,12109.4375,988.3443022658797,11283.160985532206,12935.714014467794
plus,613d7aabe9b235b9d3f9b4f1cfd05f11562880af,rss,8,56379392.0,172157.34209313127,56235464.860197976,56523319.139802024
dchester,613d7aabe9b235b9d3f9b4f1cfd05f11562880af,runtime_ns,8,53291.6875,7227.632713301974,47249.23533782423,59334.13966217577
dchester,613d7aabe9b235b9d3f9b4f1cfd05f11562880af,rss,8,64933888.0,345981.2703237809,64644640.41951729,65223135.58048271
jsonpathly,613d7aabe9b235b9d3f9b4f1cfd05f11562880af,runtime_ns,5,40829.1,1460.9634834587755,39015.07423989887,42643.125760101124
jsonpathly,613d7aabe9b235b9d3f9b4f1cfd05f11562880af,rss,5,57989529.6,59751.08003040615,57915338.83507246,58063720.364927545
rfc9535,613d7aabe9b235b9d3f9b4f1cfd05f11562880af,runtime_ns,3,29784.833333333332,303.44288314826787,29031.03942394247,30538.627242724193
rfc9535,613d7aabe9b235b9d3f9b4f1cfd05f11562880af,rss,3,58944170.666666664,66215.1476728198,58779683.12124349,59108658.21208984
p3,613d7aabe9b235b9d3f9b4f1cfd05f11562880af,runtime_ns,8,36539.0,2494.338904685683,34453.68049004783,38624.31950995217
p3,613d7aabe9b235b9d3f9b4f1cfd05f11562880af,rss,8,59895808.0,620849.5315733573,59376764.80242067,60414851.19757933
plus,71dfb501cddca325428fb03df7954a0314cfa56f,runtime_ns,8,10218.8125,949.0448182063299,9425.391176415242,11012.233823584758
plus,71dfb501cddca325428fb03df7954a0314cfa56f,rss,8,55840768.0,84795.25593198849,55769877.39198591,55911658.60801409
dchester,71dfb501cddca325428fb03df7954a0314cfa56f,runtime_ns,3,53819.5,986.4029349104757,51369.13927040768,56269.86072959232
dchester,71dfb501cddca325428fb03df7954a0314cfa56f,rss,3,65912832.0,86695.97896096451,65697467.249205954,66128196.750794046
jsonpathly,71dfb501cddca325428fb03df7954a0314cfa56f,runtime_ns,6,36295.166666666664,1419.0783159032014,34805.93530615427,37784.39802717906
jsonpathly,71dfb501cddca325428fb03df7954a0314cfa56f,rss,6,58103125.333333336,52497.02227999857,58048033.08716429,58158217.57950238
rfc9535,71dfb501cddca325428fb03df7954a0314cfa56f,runtime_ns,8,35572.8125,3173.9355238916605,32919.33599812281,38226.28900187719
rfc9535,71dfb501cddca325428fb03df7954a0314cfa56f,rss,8,60356608.0,483055.18692824914,59952763.75742623,60760452.24257377
p3,71dfb501cddca325428fb03df7954a0314cfa56f,runtime_ns,6,35444.416666666664,1443.919091108178,33929.11651133152,36959.71682200181
p3,71dfb501cddca325428fb03df7954a0314cfa56f,rss,6,59260928.0,555028.4040529818,58678461.41163221,59843394.58836779
plus,d2f907c2df3dfa010fb5e709c58d89c06aadd4e7,runtime_ns,6,2823.0,113.9157583480003,2703.45274324383,2942.54725675617
plus,d2f907c2df3dfa010fb5e709c58d89c06aadd4e7,rss,6,54299306.666666664,108390.61363543739,54185557.69368744,54413055.63964589
dchester,d2f907c2df3dfa010fb5e709c58d89c06aadd4e7,runtime_ns,6,4694.416666666667,183.31323374668472,4502.041225908312,4886.792107425022
dchester,d2f907c2df3dfa010fb5e709c58d89c06aadd4e7,rss,6,59913557.333333336,176283.51583817095,59728559.12908659,60098555.53758008
jsonpathly,d2f907c2df3dfa010fb5e709c58d89c06aadd4e7,runtime_ns,5,8820.8,270.83149742967487,8484.518280061957,9157.081719938042
jsonpathly,d2f907c2df3dfa010fb5e709c58d89c06aadd4e7,rss,5,56544460.8,43962.885292027866,56489873.668075725,56599047.93192427
rfc9535,d2f907c2df3dfa010fb5e709c58d89c06aadd4e7,runtime_ns,8,6065.0625,403.09449773861076,5728.067066496701,6402.057933503299
rfc9535,d2f907c2df3dfa010fb5e709c58d89c06aadd4e7,rss,8,57696256.0,67268.52778019068,57640018.10340853,57752493.89659147
p3,d2f907c2df3dfa010fb5e709c58d89c06aadd4e7,runtime_ns,5,1903.9,60.11073115509409,1829.2626692190145,1978.5373307809857
p3,d2f907c2df3dfa010fb5e709c58d89c06aadd4e7,rss,5,54519398.4,41123.51362420288,54468336.813653186,54570459.98634681
plus,76618b3482fc8e1ae28adfd569bf6c6bab027298,runtime_ns,4,54895.875,1012.9760095053255,53284.00412060437,56507.74587939563
plus,76618b3482fc8e1ae28adfd569bf6c6bab027298,rss,4,56692736.0,52454.393753049895,56609269.35420235,56776202.64579765
dchester,76618b3482fc8e1ae28adfd569bf6c6bab027298,runtime_ns,7,65869.07142857143,3105.2929736791266,62997.1544245824,68740.98843256047
dchester,76618b3482fc8e1ae28adfd569bf6c6bab027298,rss,7,65030436.571428575,237130.42131202618,64811127.50948128,65249745.63337587
jsonpathly,76618b3482fc8e1ae28adfd569bf6c6bab027298,runtime_ns,4,30958.375,856.993424226036,29594.70722170971,32322.04277829029
jsonpathly,76618b3482fc8e1ae28adfd569bf6c6bab027298,rss,4,58281984.0,242045.52933694108,57896835.54972561,58667132.45027439
rfc9535,76618b3482fc8e1ae28adfd569bf6c6bab027298,runtime_ns,4,25583.375,635.6718722475194,24571.879199396553,26594.870800603447
rfc9535,76618b3482fc8e1ae28adfd569bf6c6bab027298,rss,4,58470400.0,96813.59067128265,58316347.973033465,58624452.026966535
p3,76618b3482fc8e1ae28adfd569bf6c6bab027298,runtime_ns,8,32341.125,2964.5126044837216,29862.730440216623,34819.51955978337
p3,76618b3482fc8e1ae28adfd569bf6c6bab027298,rss,8,58478592.0,424970.0460086233,58123308.15047085,58833875.84952915
plus,bc5b28f9f3cdf9f6531a132caff0e2e078d840ee,runtime_ns,0,nan,0,nan,nan
plus,bc5b28f9f3cdf9f6531a132caff0e2e078d840ee,rss,0,nan,0,nan,nan
dchester,bc5b28f9f3cdf9f6531a132caff0e2e078d840ee,runtime_ns,0,nan,0,nan,nan
dchester,bc5b28f9f3cdf9f6531a132caff0e2e078d840ee,rss,0,nan,0,nan,nan
jsonpathly,bc5b28f9f3cdf9f6531a132caff0e2e078d840ee,runtime_ns,4,237906.375,7222.934634147444,226413.07418012587,249399.67581987413
jsonpathly,bc5b28f9f3cdf9f6531a132caff0e2e078d840ee,rss,4,75300864.0,1472009.171449689,72958568.9254881,77643159.0745119
rfc9535,bc5b28f9f3cdf9f6531a132caff0e2e078d840ee,runtime_ns,7,151095.14285714287,6962.079207597192,144656.29350254315,157533.9922117426
rfc9535,bc5b28f9f3cdf9f6531a132caff0e2e078d840ee,rss,7,71310189.71428572,871327.8174215325,70504345.88695218,72116033.54161926
p3,bc5b28f9f3cdf9f6531a132caff0e2e078d840ee,runtime_ns,8,143078.0,23361.074608355302,123547.65287566236,162608.34712433766
p3,bc5b28f9f3cdf9f6531a132caff0e2e078d840ee,rss,8,69822464.0,961582.190279571,69018561.17105976,70626366.82894024
plus,345888057fe5f37100c271d4bc75f28c6fd37321,runtime_ns,0,nan,0,nan,nan
plus,345888057fe5f37100c271d4bc75f28c6fd37321,rss,0,nan,0,nan,nan
dchester,345888057fe5f37100c271d4bc75f28c6fd37321,runtime_ns,0,nan,0,nan,nan
dchester,345888057fe5f37100c271d4bc75f28c6fd37321,rss,0,nan,0,nan,nan
jsonpathly,345888057fe5f37100c271d4bc75f28c6fd37321,runtime_ns,5,244820.8,9384.294050433415,233168.65992901905,256472.94007098093
jsonpathly,345888057fe5f37100c271d4bc75f28c6fd37321,rss,5,74072064.0,2868954.8915240895,70509785.99872395,77634342.00127605
rfc9535,345888057fe5f37100c271d4bc75f28c6fd37321,runtime_ns,4,151401.125,4110.560695229626,144860.30565141104,157941.94434858896
rfc9535,345888057fe5f37100c271d4bc75f28c6fd37321,rss,4,71229440.0,280767.77874013013,70782675.80995288,71676204.19004712
p3,345888057fe5f37100c271d4bc75f28c6fd37321,runtime_ns,3,127632.0,1169.3249120753394,124727.2358886245,130536.7641113755
p3,345888057fe5f37100c271d4bc75f28c6fd37321,rss,3,69752149.33333333,1325214.7869825982,66460133.30482067,73044165.36184599
plus,6982045b530a1c1aa9f4c2e7989aec87bb88e1bc,runtime_ns,0,nan,0,nan,nan
plus,6982045b530a1c1aa9f4c2e7989aec87bb88e1bc,rss,0,nan,0,nan,nan
dchester,6982045b530a1c1aa9f4c2e7989aec87bb88e1bc,runtime_ns,0,nan,0,nan,nan
dchester,6982045b530a1c1aa9f4c2e7989aec87bb88e1bc,rss,0,nan,0,nan,nan
jsonpathly,6982045b530a1c1aa9f4c2e7989aec87bb88e1bc,runtime_ns,8,265851.5625,24747.632256782956,245162.02417253115,286541.10082746885
jsonpathly,6982045b530a1c1aa9f4c2e7989aec87bb88e1bc,rss,8,72968192.0,2178762.9082609504,71146700.62542304,74789683.37457696
rfc9535,6982045b530a1c1aa9f4c2e7989aec87bb88e1bc,runtime_ns,5,148225.0,4931.615873626007,142101.59011674838,154348.40988325162
rfc9535,6982045b530a1c1aa9f4c2e7989aec87bb88e1bc,rss,5,71004979.2,258898.30699176076,70683514.49301243,71326443.90698758
p3,6982045b530a1c1aa9f4c2e7989aec87bb88e1bc,runtime_ns,6,114889.0,4418.0909225591995,110252.49792556545,119525.50207443455
p3,6982045b530a1c1aa9f4c2e7989aec87bb88e1bc,rss,6,67556693.33333333,302046.7904909216,67239714.66647597,67873672.00019069
plus,43c0d6fd27259c71d126316a28971769fdfded6f,runtime_ns,0,nan,0,nan,nan
plus,43c0d6fd27259c71d126316a28971769fdfded6f,rss,0,nan,0,nan,nan
dchester,43c0d6fd27259c71d126316a28971769fdfded6f,runtime_ns,0,nan,0,nan,nan
dchester,43c0d6fd27259c71d126316a28971769fdfded6f,rss,0,nan,0,nan,nan
jsonpathly,43c0d6fd27259c71d126316a28971769fdfded6f,runtime_ns,3,231514.16666666666,3283.2356880573366,223358.15707739888,239670.17625593444
jsonpathly,43c0d6fd27259c71d126316a28971769fdfded6f,rss,3,71527082.66666667,235344.8160069249,70942453.73395893,72111711.59937441
rfc9535,43c0d6fd27259c71d126316a28971769fdfded6f,runtime_ns,4,139927.125,3779.9385218766015,133912.39930842712,145941.85069157288
rfc9535,43c0d6fd27259c71d126316a28971769fdfded6f,rss,4,68505600.0,818257.3776801527,67203569.91581534,69807630.08418466
p3,43c0d6fd27259c71d126316a28971769fdfded6f,runtime_ns,3,131715.33333333334,969.7425345592166,129306.35933254645,134124.30733412024
p3,43c0d6fd27259c71d126316a28971769fdfded6f,rss,3,68730880.0,517329.82673725666,67445761.46798871,70015998.53201129
plus,b171459362d034c19a8dbc26bb905781b6630a97,runtime_ns,0,nan,0,nan,nan
plus,b171459362d034c19a8dbc26bb905781b6630a97,rss,0,nan,0,nan,nan
dchester,b171459362d034c19a8dbc26bb905781b6630a97,runtime_ns,0,nan,0,nan,nan
dchester,b171459362d034c19a8dbc26bb905781b6630a97,rss,0,nan,0,nan,nan
jsonpathly,b171459362d034c19a8dbc26bb905781b6630a97,runtime_ns,3,262722.3333333333,2923.5605147376946,255459.8064060892,269984.8602605774
jsonpathly,b171459362d034c19a8dbc26bb905781b6630a97,rss,3,71286784.0,452566.2967212649,70162546.99524751,72411021.00475249
rfc9535,b171459362d034c19a8dbc26bb905781b6630a97,runtime_ns,4,151489.625,2813.893280818115,147012.09286249886,155967.15713750114
rfc9535,b171459362d034c19a8dbc26bb905781b6630a97,rss,4,68116480.0,645662.6543079598,67089086.63566898,69143873.36433102
p3,b171459362d034c19a8dbc26bb905781b6630a97,runtime_ns,4,126843.75,3169.639871762511,121800.14565051474,131887.35434948528
p3,b171459362d034c19a8dbc26bb905781b6630a97,rss,4,68227072.0,97733.455425117,68071556.26293987,68382587.73706013
plus,2877a325832f477090092f51d0a712f8dc5fe06e,runtime_ns,0,nan,0,nan,nan
plus,2877a325832f477090092f51d0a712f8dc5fe06e,rss,0,nan,0,nan,nan
dchester,2877a325832f477090092f51d0a712f8dc5fe06e,runtime_ns,0,nan,0,nan,nan
dchester,2877a325832f477090092f51d0a712f8dc5fe06e,rss,0,nan,0,nan,nan
jsonpathly,2877a325832f477090092f51d0a712f8dc5fe06e,runtime_ns,3,218923.5,1886.1063066540019,214238.15219527067,223608.84780472933
jsonpathly,2877a325832f477090092f51d0a712f8dc5fe06e,rss,3,71461546.66666667,1640473.9939680034,67386383.35310507,75536709.98022828
rfc9535,2877a325832f477090092f51d0a712f8dc5fe06e,runtime_ns,7,137428.64285714287,7302.6176968392965,130674.84792862894,144182.4377856568
rfc9535,2877a325832f477090092f51d0a712f8dc5fe06e,rss,7,68487460.57142857,1477664.490683283,67120848.84977959,69854072.29307754
p3,2877a325832f477090092f51d0a712f8dc5fe06e,runtime_ns,4,117104.25,2207.9591066563407,113590.894349402,120617.605650598
p3,2877a325832f477090092f51d0a712f8dc5fe06e,rss,4,66883584.0,227564.6575957406,66521477.84811064,67245690.15188935
plus,c5cfc998984eb87fba06a80853872398cdc92c3c,runtime_ns,0,nan,0,nan,nan
plus,c5cfc998984eb87fba06a80853872398cdc92c3c,rss,0,nan,0,nan,nan
dchester,c5cfc998984eb87fba06a80853872398cdc92c3c,runtime_ns,0,nan,0,nan,nan
dchester,c5cfc998984eb87fba06a80853872398cdc92c3c,rss,0,nan,0,nan,nan
jsonpathly,c5cfc998984eb87fba06a80853872398cdc92c3c,runtime_ns,6,247749.91666666666,9765.447452199345,237501.70807079723,257998.12526253608
jsonpathly,c5cfc998984eb87fba06a80853872398cdc92c3c,rss,6,71270400.0,128172.73464820824,71135890.96419723,71404909.03580277
rfc9535,c5cfc998984eb87fba06a80853872398cdc92c3c,runtime_ns,4,135671.875,2859.9800516495447,131121.0085257214,140222.7414742786
rfc9535,c5cfc998984eb87fba06a80853872398cdc92c3c,rss,4,67964928.0,669191.6388240367,66900094.770748846,69029761.22925115
p3,c5cfc998984eb87fba06a80853872398cdc92c3c,runtime_ns,7,147592.42857142858,7254.096000585758,140883.5087273959,154301.34841546125
p3,c5cfc998984eb87fba06a80853872398cdc92c3c,rss,7,68681728.0,168683.60422993102,68525721.68581699,68837734.31418301
plus,beba0dcba8e22f301b88ab45c92662bc9975b6f9,runtime_ns,0,nan,0,nan,nan
plus,beba0dcba8e22f301b88ab45c92662bc9975b6f9,rss,0,nan,0,nan,nan
dchester,beba0dcba8e22f301b88ab45c92662bc9975b6f9,runtime_ns,0,nan,0,nan,nan
dchester,beba0dcba8e22f301b88ab45c92662bc9975b6f9,rss,0,nan,0,nan,nan
jsonpathly,beba0dcba8e22f301b88ab45c92662bc9975b6f9,runtime_ns,6,300673.6666666667,11566.218213688806,288535.6650544076,312811.66827892576
jsonpathly,beba0dcba8e22f301b88ab45c92662bc9975b6f9,rss,6,71966720.0,1263449.6927836898,70640810.86317717,73292629.13682283
rfc9535,beba0dcba8e22f301b88ab45c92662bc9975b6f9,runtime_ns,4,157567.75,3692.609499617671,151691.98427054312,163443.51572945688
rfc9535,beba0dcba8e22f301b88ab45c92662bc9975b6f9,rss,4,68382720.0,433763.6280679452,67692505.27224435,69072934.72775565
p3,beba0dcba8e22f301b88ab45c92662bc9975b6f9,runtime_ns,6,149229.0,5826.5445076820615,143114.41653619823,155343.58346380177
p3,beba0dcba8e22f301b88ab45c92662bc9975b6f9,rss,6,68192938.66666667,141858.06762911536,68044067.7546899,68341809.57864344
plus,9b67f375bab2b7469138554cb0fe65b522b9e25c,runtime_ns,0,nan,0,nan,nan
plus,9b67f375bab2b7469138554cb0fe65b522b9e25c,rss,0,nan,0,nan,nan
dchester,9b67f375bab2b7469138554cb0fe65b522b9e25c,runtime_ns,0,nan,0,nan,nan
dchester,9b67f375bab2b7469138554cb0fe65b522b9e25c,rss,0,nan,0,nan,nan
jsonpathly,9b67f375bab2b7469138554cb0fe65b522b9e25c,runtime_ns,7,243348.2142857143,12783.092191957909,231525.82582162443,255170.60274980415
jsonpathly,9b67f375bab2b7469138554cb0fe65b522b9e25c,rss,7,71127625.14285715,824464.9706299289,70365122.2201329,71890128.0655814
rfc9535,9b67f375bab2b7469138554cb0fe65b522b9e25c,runtime_ns,3,135430.66666666666,1139.853097260052,132599.11460190755,138262.21873142576
rfc9535,9b67f375bab2b7469138554cb0fe65b522b9e25c,rss,3,68856490.66666667,146847.9314302157,68491700.18230835,69221281.151025
p3,9b67f375bab2b7469138554cb0fe65b522b9e25c,runtime_ns,5,135387.6,3906.961869534946,130536.46610424359,140238.73389575642
p3,9b67f375bab2b7469138554cb0fe65b522b9e25c,rss,5,67164569.6,635035.8931184914,66376068.39394759,67953070.8060524
plus,4b0e01da402eb8b928ce177ebc9c272983489731,runtime_ns,5,2820.8,98.54351830536598,2698.4420610638936,2943.157938936107
plus,4b0e01da402eb8b928ce177ebc9c272983489731,rss,5,54201548.8,66954.25389921092,54118414.113406755,54284683.48659324
dchester,4b0e01da402eb8b928ce177ebc9c272983489731,runtime_ns,8,4731.75,255.0907401578617,4518.488804314019,4945.011195685981
dchester,4b0e01da402eb8b928ce177ebc9c272983489731,rss,8,59891712.0,194647.75163943126,59728982.40728125,60054441.59271875
jsonpathly,4b0e01da402eb8b928ce177ebc9c272983489731,runtime_ns,5,9120.9,321.97426139367104,8721.11615127923,9520.68384872077
jsonpathly,4b0e01da402eb8b928ce177ebc9c272983489731,rss,5,56583782.4,156121.5532999848,56389931.887923755,56777632.91207624
rfc9535,4b0e01da402eb8b928ce177ebc9c272983489731,runtime_ns,3,5507.0,98.39588406025935,5262.571073724896,5751.428926275104
rfc9535,4b0e01da402eb8b928ce177ebc9c272983489731,rss,3,57797290.666666664,157434.2416291111,57406202.32991497,58188379.003418356
p3,4b0e01da402eb8b928ce177ebc9c272983489731,runtime_ns,8,1794.3125,160.31195871532123,1660.288348526553,1928.336651473447
p3,4b0e01da402eb8b928ce177ebc9c272983489731,rss,8,54489088.0,141144.4140851085,54371088.31685368,54607087.68314632
plus,27dd0be2306062b65dcb47a5dbf832b6887c079c,runtime_ns,0,nan,0,nan,nan
plus,27dd0be2306062b65dcb47a5dbf832b6887c079c,rss,0,nan,0,nan,nan
dchester,27dd0be2306062b65dcb47a5dbf832b6887c079c,runtime_ns,0,nan,0,nan,nan
dchester,27dd0be2306062b65dcb47a5dbf832b6887c079c,rss,0,nan,0,nan,nan
jsonpathly,27dd0be2306062b65dcb47a5dbf832b6887c079c,runtime_ns,3,235395.83333333334,2565.3277243528423,229023.20599026978,241768.4606763969
jsonpathly,27dd0be2306062b65dcb47a5dbf832b6887c079c,rss,3,73269248.0,2347204.5711748265,67438468.60755186,79100027.39244814
rfc9535,27dd0be2306062b65dcb47a5dbf832b6887c079c,runtime_ns,7,126363.14285714286,6121.022454856471,120702.14126440957,132024.14444987616
rfc9535,27dd0be2306062b65dcb47a5dbf832b6887c079c,rss,7,68178505.14285715,624651.9905172342,67600798.40524888,68756211.88046542
p3,27dd0be2306062b65dcb47a5dbf832b6887c079c,runtime_ns,8,164864.6875,16296.051217434548,151240.8477422754,178488.5272577246
p3,27dd0be2306062b65dcb47a5dbf832b6887c079c,rss,8,69496832.0,580832.0293411611,69011244.27151814,69982419.72848186
plus,0b25acbd6704d20a00aeec66795d4a1222c9e87e,runtime_ns,0,nan,0,nan,nan
plus,0b25acbd6704d20a00aeec66795d4a1222c9e87e,rss,0,nan,0,nan,nan
dchester,0b25acbd6704d20a00aeec66795d4a1222c9e87e,runtime_ns,0,nan,0,nan,nan
dchester,0b25acbd6704d20a00aeec66795d4a1222c9e87e,rss,0,nan,0,nan,nan
jsonpathly,0b25acbd6704d20a00aeec66795d4a1222c9e87e,runtime_ns,8,247520.9375,18599.99936143912,231970.9488915376,263070.9261084624
jsonpathly,0b25acbd6704d20a00aeec66795d4a1222c9e87e,rss,8,72933376.0,1280320.3841324807,71863001.37247626,74003750.62752374
rfc9535,0b25acbd6704d20a00aeec66795d4a1222c9e87e,runtime_ns,8,150778.625,54710.94994001919,105039.12620790816,196518.12379209185
rfc9535,0b25acbd6704d20a00aeec66795d4a1222c9e87e,rss,8,68427776.0,624068.5048403855,67906041.67342326,68949510.32657674
p3,0b25acbd6704d20a00aeec66795d4a1222c9e87e,runtime_ns,8,166547.125,48055.07118828058,126372.0800961923,206722.1699038077
p3,0b25acbd6704d20a00aeec66795d4a1222c9e87e,rss,8,68696064.0,189139.67855076236,68537939.27162124,68854188.72837876
plus,fdcb5a28262326c7d80724320546bf801479fce7,runtime_ns,0,nan,0,nan,nan
plus,fdcb5a28262326c7d80724320546bf801479fce7,rss,0,nan,0,nan,nan
dchester,fdcb5a28262326c7d80724320546bf801479fce7,runtime_ns,0,nan,0,nan,nan
dchester,fdcb5a28262326c7d80724320546bf801479fce7,rss,0,nan,0,nan,nan
jsonpathly,fdcb5a28262326c7d80724320546bf801479fce7,runtime_ns,7,265565.4285714286,14141.54005471284,252486.68537715808,278644.17176569905
jsonpathly,fdcb5a28262326c7d80724320546bf801479fce7,rss,7,72244077.71428572,1370844.3990219694,70976258.10024464,73511897.32832679
rfc9535,fdcb5a28262326c7d80724320546bf801479fce7,runtime_ns,8,142395.8125,22065.34964103787,123948.71855701771,160842.9064429823
rfc9535,fdcb5a28262326c7d80724320546bf801479fce7,rss,8,68431872.0,1032312.7367028159,67568836.95445162,69294907.04554838
p3,fdcb5a28262326c7d80724320546bf801479fce7,runtime_ns,8,166104.25,43485.490750199824,129749.46994549767,202459.03005450233
p3,fdcb5a28262326c7d80724320546bf801479fce7,rss,8,67274752.0,593352.7458560019,66778696.69055795,67770807.30944206
plus,b329badd3a4096e28ee4acab5ecbe4c857a00ec1,runtime_ns,0,nan,0,nan,nan
plus,b329badd3a4096e28ee4acab5ecbe4c857a00ec1,rss,0,nan,0,nan,nan
dchester,b329badd3a4096e28ee4acab5ecbe4c857a00ec1,runtime_ns,0,nan,0,nan,nan
dchester,b329badd3a4096e28ee4acab5ecbe4c857a00ec1,rss,0,nan,0,nan,nan
jsonpathly,b329badd3a4096e28ee4acab5ecbe4c857a00ec1,runtime_ns,8,268645.625,25432.918068561125,247383.1733965886,289908.0766034114
jsonpathly,b329badd3a4096e28ee4acab5ecbe4c857a00ec1,rss,8,71821312.0,1017766.8118441614,70970437.65195791,72672186.34804209
rfc9535,b329badd3a4096e28ee4acab5ecbe4c857a00ec1,runtime_ns,5,135442.0,5119.841245097352,129084.87744944388,141799.12255055612
rfc9535,b329badd3a4096e28ee4acab5ecbe4c857a00ec1,rss,5,69310873.6,253714.05626965172,68995845.99049172,69625901.20950827
p3,b329badd3a4096e28ee4acab5ecbe4c857a00ec1,runtime_ns,8,158362.125,11596.863229677978,148666.9047147109,168057.3452852891
p3,b329badd3a4096e28ee4acab5ecbe4c857a00ec1,rss,8,69144576.0,345648.5959484616,68855606.54225515,69433545.45774485
plus,57bb566ea95f18661bb5c3b19881a42be327245f,runtime_ns,0,nan,0,nan,nan
plus,57bb566ea95f18661bb5c3b19881a42be327245f,rss,0,nan,0,nan,nan
dchester,57bb566ea95f18661bb5c3b19881a42be327245f,runtime_ns,0,nan,0,nan,nan
dchester,57bb566ea95f18661bb5c3b19881a42be327245f,rss,0,nan,0,nan,nan
jsonpathly,57bb566ea95f18661bb5c3b19881a42be327245f,runtime_ns,3,242041.5,968.8159009842892,239634.82788462154,244448.17211537846
jsonpathly,57bb566ea95f18661bb5c3b19881a42be327245f,rss,3,71707306.66666667,309711.05288209097,70937941.76045637,72476671.57287697
rfc9535,57bb566ea95f18661bb5c3b19881a42be327245f,runtime_ns,4,122796.875,3185.2891384980003,117728.36917496336,127865.38082503664
rfc9535,57bb566ea95f18661bb5c3b19881a42be327245f,rss,4,68100096.0,467351.0272789252,67356436.22498281,68843755.77501719
p3,57bb566ea95f18661bb5c3b19881a42be327245f,runtime_ns,8,136864.4375,16472.947024564462,123092.70914656621,150636.16585343378
p3,57bb566ea95f18661bb5c3b19881a42be327245f,rss,8,66762752.0,810845.4440263482,66084868.24458584,67440635.75541416
plus,18d64637894bf404c471aa0fd5acdd0b91e4d0ab,runtime_ns,4,5687.625,114.16973840149879,5505.9554689244715,5869.2945310755285
plus,18d64637894bf404c471aa0fd5acdd0b91e4d0ab,rss,4,54468608.0,97847.83048523184,54312910.266696125,54624305.733303875
dchester,18d64637894bf404c471aa0fd5acdd0b91e4d0ab,runtime_ns,8,78002.5,24842.701321083652,57233.481945776,98771.518054224
dchester,18d64637894bf404c471aa0fd5acdd0b91e4d0ab,rss,8,65181696.0,418714.5891893427,64831641.84324612,65531750.15675388
jsonpathly,18d64637894bf404c471aa0fd5acdd0b91e4d0ab,runtime_ns,8,47817.75,17496.64138178688,33190.19174657399,62445.30825342601
jsonpathly,18d64637894bf404c471aa0fd5acdd0b91e4d0ab,rss,8,58050560.0,190553.6378930765,57891253.172028735,58209866.827971265
rfc9535,18d64637894bf404c471aa0fd5acdd0b91e4d0ab,runtime_ns,4,24859.5,585.9825082713647,23927.07106579546,25791.92893420454
rfc9535,18d64637894bf404c471aa0fd5acdd0b91e4d0ab,rss,4,58974208.0,111523.58253451748,58796749.09340551,59151666.90659449
p3,18d64637894bf404c471aa0fd5acdd0b91e4d0ab,runtime_ns,3,23868.0,342.632456139228,23016.853794434905,24719.146205565095
p3,18d64637894bf404c471aa0fd5acdd0b91e4d0ab,rss,3,58179584.0,220424.17638725566,57632019.99085491,58727148.00914509
plus,c9c18e46991684e813004c532c5138d4e7566ec0,runtime_ns,6,4899.333333333333,220.59888183457926,4667.829004614922,5130.837662051744
plus,c9c18e46991684e813004c532c5138d4e7566ec0,rss,6,54408533.333333336,153141.47382687248,54247821.21275322,54569245.45391345
dchester,c9c18e46991684e813004c532c5138d4e7566ec0,runtime_ns,5,45262.3,1385.6078359333856,43541.84063449249,46982.75936550752
dchester,c9c18e46991684e813004c532c5138d4e7566ec0,rss,5,64071270.4,162441.39042990244,63869572.77368503,64272968.02631497
jsonpathly,c9c18e46991684e813004c532c5138d4e7566ec0,runtime_ns,8,27182.1875,1652.1074190581987,25800.99113288768,28563.38386711232
jsonpathly,c9c18e46991684e813004c532c5138d4e7566ec0,rss,8,57663488.0,112152.21134562745,57569726.40490802,57757249.59509198
rfc9535,c9c18e46991684e813004c532c5138d4e7566ec0,runtime_ns,8,24158.8125,9736.045390849335,16019.274859313438,32298.35014068656
rfc9535,c9c18e46991684e813004c532c5138d4e7566ec0,rss,8,58300416.0,206489.94186504235,58127786.088494726,58473045.911505274
p3,c9c18e46991684e813004c532c5138d4e7566ec0,runtime_ns,4,18838.5,418.25291391692656,18172.966279715467,19504.033720284533
p3,c9c18e46991684e813004c532c5138d4e7566ec0,rss,4,56627200.0,225590.08961683873,56268235.82639514,56986164.17360486
plus,7a5869ac3646821cee591b53b3a24ef19ff37ee9,runtime_ns,4,4026.25,95.24136006308744,3874.699742778516,4177.800257221484
plus,7a5869ac3646821cee591b53b3a24ef19ff37ee9,rss,4,54394880.0,162193.32504144553,54136794.22599009,54652965.77400991
dchester,7a5869ac3646821cee591b53b3a24ef19ff37ee9,runtime_ns,3,17340.333333333332,261.72759375605267,16690.16594747825,17990.500719188414
dchester,7a5869ac3646821cee591b53b3a24ef19ff37ee9,rss,3,61156010.666666664,175188.81376769845,60720817.52770952,61591203.80562381
jsonpathly,7a5869ac3646821cee591b53b3a24ef19ff37ee9,runtime_ns,8,14494.8125,1655.4797521629278,13110.796791857423,15878.828208142577
jsonpathly,7a5869ac3646821cee591b53b3a24ef19ff37ee9,rss,8,57075712.0,188632.12449330348,56918011.59743214,57233412.40256786
rfc9535,7a5869ac3646821cee591b53b3a24ef19ff37ee9,runtime_ns,8,10270.875,827.5058804279623,9579.062771190609,10962.687228809391
rfc9535,7a5869ac3646821cee591b53b3a24ef19ff37ee9,rss,8,57874432.0,109360.67969273574,57783004.18377323,57965859.81622677
p3,7a5869ac3646821cee591b53b3a24ef19ff37ee9,runtime_ns,8,5992.0625,626.45307870696,5468.334619781637,6515.790380218363
p3,7a5869ac3646821cee591b53b3a24ef19ff37ee9,rss,8,54792192.0,88339.13167528226,54718338.63772086,54866045.36227914
plus,0fdcd49a6cabff305e0d1409f5078849964b9518,runtime_ns,5,2783.4,92.71960418379707,2668.273405557276,2898.526594442724
plus,0fdcd49a6cabff305e0d1409f5078849964b9518,rss,5,54339174.4,81591.66200537895,54237864.97073431,54440483.829265684
dchester,0fdcd49a6cabff305e0d1409f5078849964b9518,runtime_ns,4,4609.5,101.48398888494677,4448.016327263824,4770.983672736176
dchester,0fdcd49a6cabff305e0d1409f5078849964b9518,rss,4,60055552.0,235344.8160069249,59681065.87991554,60430038.12008446
jsonpathly,0fdcd49a6cabff305e0d1409f5078849964b9518,runtime_ns,7,9232.142857142857,469.44690099855046,8797.976886693266,9666.308827592447
jsonpathly,0fdcd49a6cabff305e0d1409f5078849964b9518,rss,7,56726089.14285714,151559.9071296326,56585919.60713282,56866258.67858146
rfc9535,0fdcd49a6cabff305e0d1409f5078849964b9518,runtime_ns,4,5775.875,146.84877425433282,5542.205830469428,6009.544169530572
rfc9535,0fdcd49a6cabff305e0d1409f5078849964b9518,rss,4,57868288.0,201995.5180492874,57546868.05495009,58189707.94504991
p3,0fdcd49a6cabff305e0d1409f5078849964b9518,runtime_ns,3,1923.5,31.752952618614856,1844.6212929406774,2002.3787070593226
p3,0fdcd49a6cabff305e0d1409f5078849964b9518,rss,3,54700714.666666664,77427.76322052274,54508373.44011409,54893055.89321924
plus,68ca4eac62462ecb6aca56a17066f03aa512993b,runtime_ns,5,2704.2,97.14911219357592,2583.5734449317783,2824.8265550682213
plus,68ca4eac62462ecb6aca56a17066f03aa512993b,rss,5,54378496.0,145624.1773332986,54197679.7017372,54559312.2982628
dchester,68ca4eac62462ecb6aca56a17066f03aa512993b,runtime_ns,4,4729.375,95.02751794436529,4578.165013308837,4880.584986691163
dchester,68ca4eac62462ecb6aca56a17066f03aa512993b,rss,4,59936768.0,213778.24113786698,59596599.11317037,60276936.88682963
jsonpathly,68ca4eac62462ecb6aca56a17066f03aa512993b,runtime_ns,5,8746.0,292.28218385662854,8383.083734988852,9108.916265011148
jsonpathly,68ca4eac62462ecb6aca56a17066f03aa512993b,rss,5,56554291.2,64918.692679381646,56473683.99648956,56634898.403510444
rfc9535,68ca4eac62462ecb6aca56a17066f03aa512993b,runtime_ns,5,6000.0,241.5194091579391,5700.114044781142,6299.885955218858
rfc9535,68ca4eac62462ecb6aca56a17066f03aa512993b,rss,5,57681510.4,44267.13034295311,57626545.49794936,57736475.302050635
p3,68ca4eac62462ecb6aca56a17066f03aa512993b,runtime_ns,6,1885.4166666666667,75.24853265457517,1806.4481746490787,1964.3851586842547
p3,68ca4eac62462ecb6aca56a17066f03aa512993b,rss,6,54479530.666666664,107395.42243255374,54366826.082804255,54592235.25052907
plus,e480829bb57f9ccf28c7d2c81d5e03b0481b2a94,runtime_ns,5,6412.3,257.1810160179013,6092.967591389107,6731.632408610893
plus,e480829bb57f9ccf28c7d2c81d5e03b0481b2a94,rss,5,54401433.6,21981.442646013933,54374140.034037866,54428727.16596214
dchester,e480829bb57f9ccf28c7d2c81d5e03b0481b2a94,runtime_ns,4,53400.875,1658.5349647103212,50761.7757646869,56039.9742353131
dchester,e480829bb57f9ccf28c7d2c81d5e03b0481b2a94,rss,4,64892928.0,396247.8670462046,64262409.21977113,65523446.78022887
jsonpathly,e480829bb57f9ccf28c7d2c81d5e03b0481b2a94,runtime_ns,8,39586.0,3349.157580646214,36786.03419274502,42385.96580725498
jsonpathly,e480829bb57f9ccf28c7d2c81d5e03b0481b2a94,rss,8,58265600.0,82503.06785637904,58196625.70917343,58334574.29082657
rfc9535,e480829bb57f9ccf28c7d2c81d5e03b0481b2a94,runtime_ns,3,35173.666666666664,263.45319002307286,34519.212662049424,35828.120671283905
rfc9535,e480829bb57f9ccf28c7d2c81d5e03b0481b2a94,rss,3,60495189.333333336,287693.58514456544,59780518.849047065,61209859.81761961
p3,e480829bb57f9ccf28c7d2c81d5e03b0481b2a94,runtime_ns,8,31611.9375,2250.4446296787664,29730.518706619325,33493.356293380675
p3,e480829bb57f9ccf28c7d2c81d5e03b0481b2a94,rss,8,59549696.0,74793.0689531361,59487167.429562286,59612224.570437714
plus,dbecbe32ad0bac45f07c0332f35203d60dd6c4f5,runtime_ns,4,6557.5,133.19597091003416,6345.555487249343,6769.444512750657
plus,dbecbe32ad0bac45f07c0332f35203d60dd6c4f5,rss,4,54419456.0,66215.1476728198,54314092.923967406,54524819.076032594
dchester,dbecbe32ad0bac45f07c0332f35203d60dd6c4f5,runtime_ns,6,48201.333333333336,2262.1212758529696,45827.38264468625,50575.28402198042
dchester,dbecbe32ad0bac45f07c0332f35203d60dd6c4f5,rss,6,64648533.333333336,115116.30500440269,64527726.18012858,64769340.48653809
jsonpathly,dbecbe32ad0bac45f07c0332f35203d60dd6c4f5,runtime_ns,8,33724.0625,2716.8266209666117,31452.73860443136,35995.38639556864
jsonpathly,dbecbe32ad0bac45f07c0332f35203d60dd6c4f5,rss,8,57935872.0,181694.15950358528,57783971.88131708,58087772.11868292
rfc9535,dbecbe32ad0bac45f07c0332f35203d60dd6c4f5,runtime_ns,5,30625.1,1216.9912900263503,29114.005729046723,32136.194270953274
rfc9535,dbecbe32ad0bac45f07c0332f35203d60dd6c4f5,rss,5,59562393.6,118487.02185809212,59415272.530704424,59709514.66929558
p3,dbecbe32ad0bac45f07c0332f35203d60dd6c4f5,runtime_ns,8,31356.8125,2827.4060037110744,28993.041926956088,33720.58307304391
p3,dbecbe32ad0bac45f07c0332f35203d60dd6c4f5,rss,8,58793984.0,196217.51699289525,58629942.0506037,58958025.9493963
plus,ea4dce5f3a872edb9ec1447573fafb572df7e5fb,runtime_ns,3,7617.833333333333,11.98262631201246,7588.066839425851,7647.599827240815
plus,ea4dce5f3a872edb9ec1447573fafb572df7e5fb,rss,3,54580565.333333336,136424.06294101247,54241669.173791364,54919461.49287531
dchester,ea4dce5f3a872edb9ec1447573fafb572df7e5fb,runtime_ns,8,86947.9375,45084.63120418048,49256.242569345406,124639.6324306546
dchester,ea4dce5f3a872edb9ec1447573fafb572df7e5fb,rss,8,67227648.0,185931.84756940225,67072205.08543471,67383090.91456528
jsonpathly,ea4dce5f3a872edb9ec1447573fafb572df7e5fb,runtime_ns,8,44080.75,2506.7266361874063,41985.07408734086,46176.42591265914
jsonpathly,ea4dce5f3a872edb9ec1447573fafb572df7e5fb,rss,8,59207680.0,123152.76393163086,59104721.71279663,59310638.28720337
rfc9535,ea4dce5f3a872edb9ec1447573fafb572df7e5fb,runtime_ns,8,46729.125,3628.624766551175,43695.51877841949,49762.73122158051
rfc9535,ea4dce5f3a872edb9ec1447573fafb572df7e5fb,rss,8,61517824.0,653411.5033943005,60971558.312728845,62064089.687271155
p3,ea4dce5f3a872edb9ec1447573fafb572df7e5fb,runtime_ns,8,36830.75,2263.67294773024,34938.27205597032,38723.22794402968
p3,ea4dce5f3a872edb9ec1447573fafb572df7e5fb,rss,8,60160000.0,406115.2795211865,59820479.12972679,60499520.87027321
plus,8be697b10fc36e14ba91b0b22868aae1db7771d1,runtime_ns,3,10874.833333333334,181.46785757630283,10424.042184857502,11325.624481809165
plus,8be697b10fc36e14ba91b0b22868aae1db7771d1,rss,3,55727445.333333336,9459.306810402828,55703947.112558596,55750943.554108076
dchester,8be697b10fc36e14ba91b0b22868aae1db7771d1,runtime_ns,3,67653.0,943.5275565663146,65309.14761465797,69996.85238534202
dchester,8be697b10fc36e14ba91b0b22868aae1db7771d1,rss,3,64694954.666666664,165740.4446637372,64283232.5777152,65106676.755618125
jsonpathly,8be697b10fc36e14ba91b0b22868aae1db7771d1,runtime_ns,3,41791.666666666664,756.1415762496686,39913.306861682526,43670.0264716508
jsonpathly,8be697b10fc36e14ba91b0b22868aae1db7771d1,rss,3,59064320.0,255926.26138010924,58428563.922678396,59700076.077321604
rfc9535,8be697b10fc36e14ba91b0b22868aae1db7771d1,runtime_ns,6,43246.5,1901.3277466023578,41251.17889959236,45241.82110040764
rfc9535,8be697b10fc36e14ba91b0b22868aae1db7771d1,rss,6,61134165.333333336,207156.65947747533,60916767.751835875,61351562.9148308
p3,8be697b10fc36e14ba91b0b22868aae1db7771d1,runtime_ns,8,44963.6875,17959.637233723966,29949.055027726812,59978.31997227319
p3,8be697b10fc36e14ba91b0b22868aae1db7771d1,rss,8,60379136.0,444206.29680492246,60007770.24235143,60750501.75764857
plus,b73b9a158da197d432bdb3cb959146e03f61b587,runtime_ns,4,9958.25,188.91157543499904,9657.649527365782,10258.850472634218
plus,b73b9a158da197d432bdb3cb959146e03f61b587,rss,4,55427072.0,74482.65630780542,55308553.47281276,55545590.52718724
dchester,b73b9a158da197d432bdb3cb959146e03f61b587,runtime_ns,3,72486.0,1389.872026483014,69033.3664845067,75938.6335154933
dchester,b73b9a158da197d432bdb3cb959146e03f61b587,rss,3,65983829.333333336,270377.3705718238,65312174.71069197,66655483.9559747
jsonpathly,b73b9a158da197d432bdb3cb959146e03f61b587,runtime_ns,8,49406.0,8050.2348900957095,42675.835207846525,56136.164792153475
jsonpathly,b73b9a158da197d432bdb3cb959146e03f61b587,rss,8,58888192.0,910613.1437362097,58126900.36032552,59649483.63967448
rfc9535,b73b9a158da197d432bdb3cb959146e03f61b587,runtime_ns,8,51338.5,4394.604638482446,47664.5185799377,55012.4814200623
rfc9535,b73b9a158da197d432bdb3cb959146e03f61b587,rss,8,61237248.0,934685.814604489,60455831.103840135,62018664.896159865
p3,b73b9a158da197d432bdb3cb959146e03f61b587,runtime_ns,5,37929.4,1459.1657462399535,36117.606425481725,39741.19357451828
p3,b73b9a158da197d432bdb3cb959146e03f61b587,rss,5,60391424.0,128486.49946200574,60231886.9393628,60550961.0606372
plus,73ccbb869073a3359393f63c49607fedeb1bbf3a,runtime_ns,8,21309.9375,1563.0676668813799,20003.180228564226,22616.694771435774
plus,73ccbb869073a3359393f63c49607fedeb1bbf3a,rss,8,57104384.0,166380.30652694448,56965286.58279631,57243481.41720369
dchester,73ccbb869073a3359393f63c49607fedeb1bbf3a,runtime_ns,4,56567.75,1262.3607844035714,54559.05229286991,58576.44770713009
dchester,73ccbb869073a3359393f63c49607fedeb1bbf3a,rss,4,66011136.0,273503.22436612454,65575931.33706642,66446340.66293358
jsonpathly,73ccbb869073a3359393f63c49607fedeb1bbf3a,runtime_ns,8,45242.25,3683.9156477856545,42162.41944493212,48322.08055506788
jsonpathly,73ccbb869073a3359393f63c49607fedeb1bbf3a,rss,8,61378560.0,213576.34129008098,61200005.71031637,61557114.28968363
rfc9535,73ccbb869073a3359393f63c49607fedeb1bbf3a,runtime_ns,8,40979.125,4233.2356144983405,37440.05146009138,44518.19853990862
rfc9535,73ccbb869073a3359393f63c49607fedeb1bbf3a,rss,8,61155328.0,162886.3675432311,61019151.58888559,61291504.41111441
p3,73ccbb869073a3359393f63c49607fedeb1bbf3a,runtime_ns,4,37968.75,715.9646755718236,36829.4904317564,39108.0095682436
p3,73ccbb869073a3359393f63c49607fedeb1bbf3a,rss,4,60702720.0,89738.86382164642,60559925.44219522,60845514.55780478
plus,49218ba846d4c2e606526a7083a63702d534213c,runtime_ns,6,12503.166666666666,548.3940797151868,11927.66237470559,13078.670958627743
plus,49218ba846d4c2e606526a7083a63702d534213c,rss,6,55612757.333333336,45953.15281747996,55564532.45700108,55660982.20966559
dchester,49218ba846d4c2e606526a7083a63702d534213c,runtime_ns,4,138828.25,3330.763488551336,133528.26202104296,144128.23797895704
dchester,49218ba846d4c2e606526a7083a63702d534213c,rss,4,70148096.0,117767.42005608625,69960701.75457986,70335490.24542014
jsonpathly,49218ba846d4c2e606526a7083a63702d534213c,runtime_ns,6,56847.0,2206.834316390789,54531.069417034014,59162.930582965986
jsonpathly,49218ba846d4c2e606526a7083a63702d534213c,rss,6,59184469.333333336,410014.8512484233,58754185.13554659,59614753.531120084
rfc9535,49218ba846d4c2e606526a7083a63702d534213c,runtime_ns,8,71510.3125,3895.705895483788,68253.42086685935,74767.20413314065
rfc9535,49218ba846d4c2e606526a7083a63702d534213c,rss,8,64888832.0,771267.120066712,64244036.55145913,65533627.44854087
p3,49218ba846d4c2e606526a7083a63702d534213c,runtime_ns,7,52770.78571428572,2723.881893810481,50251.61512587459,55289.956302696846
p3,49218ba846d4c2e606526a7083a63702d534213c,rss,7,64321243.428571425,358135.47353613604,63990023.35854966,64652463.49859319
plus,dff309efb5cb4e5308640650676c98c9092ab3d7,runtime_ns,8,17885.5,1000.5366060269859,17049.030464505056,18721.969535494944
plus,dff309efb5cb4e5308640650676c98c9092ab3d7,rss,8,56760320.0,153180.07360153418,56632258.25369234,56888381.74630766
dchester,dff309efb5cb4e5308640650676c98c9092ab3d7,runtime_ns,4,228005.375,5970.864236370366,218504.39758580626,237506.35241419374
dchester,dff309efb5cb4e5308640650676c98c9092ab3d7,rss,4,69578752.0,251117.42778761228,69179168.13487248,69978335.86512752
jsonpathly,dff309efb5cb4e5308640650676c98c9092ab3d7,runtime_ns,6,86798.91666666667,3629.7227361971695,82989.75626436059,90608.07706897275
jsonpathly,dff309efb5cb4e5308640650676c98c9092ab3d7,rss,6,63919445.333333336,353479.49999889196,63548491.34806189,64290399.31860478
rfc9535,dff309efb5cb4e5308640650676c98c9092ab3d7,runtime_ns,8,101286.4375,5849.9572308418265,96395.75086437722,106177.12413562278
rfc9535,dff309efb5cb4e5308640650676c98c9092ab3d7,rss,8,67121152.0,499932.57895154506,66703197.90459221,67539106.09540778
p3,dff309efb5cb4e5308640650676c98c9092ab3d7,runtime_ns,6,69364.66666666667,3125.9183717216074,66084.2165199764,72645.11681335694
p3,dff309efb5cb4e5308640650676c98c9092ab3d7,rss,6,64383658.666666664,743239.1116281938,63603677.05395941,65163640.27937392
plus,94fca8691e86fc4686242f3603d7271d2986c29a,runtime_ns,3,20770.666666666668,74.95387470527012,20584.470919869498,20956.862413463838
plus,94fca8691e86fc4686242f3603d7271d2986c29a,rss,3,57212928.0,28377.920431208484,57142433.33767579,57283422.66232421
dchester,94fca8691e86fc4686242f3603d7271d2986c29a,runtime_ns,3,272868.1666666667,3919.240881004041,263132.23259273096,282604.1007406024
dchester,94fca8691e86fc4686242f3603d7271d2986c29a,rss,3,71538005.33333333,118524.77461414273,71243573.47093762,71832437.19572903
jsonpathly,94fca8691e86fc4686242f3603d7271d2986c29a,runtime_ns,6,95201.33333333333,4100.450812613982,90898.17411093577,99504.49255573089
jsonpathly,94fca8691e86fc4686242f3603d7271d2986c29a,rss,6,60811946.666666664,534396.4200758334,60251132.01760626,61372761.31572707
rfc9535,94fca8691e86fc4686242f3603d7271d2986c29a,runtime_ns,4,121546.75,3605.1363936287717,115810.17350202614,127283.32649797386
rfc9535,94fca8691e86fc4686242f3603d7271d2986c29a,rss,4,66965504.0,653770.8733310165,65925208.6498328,68005799.3501672
p3,94fca8691e86fc4686242f3603d7271d2986c29a,runtime_ns,5,83804.4,2580.2265743535004,80600.62555541663,87008.17444458336
p3,94fca8691e86fc4686242f3603d7271d2986c29a,rss,5,64992051.2,102580.06568139835,64864681.22551003,65119421.174489975
plus,1c62bbb7ea1c7e4e0e8c3d4feb2221bb4cd25cbb,runtime_ns,3,27562.5,330.7189138830738,26740.948674033945,28384.051325966055
plus,1c62bbb7ea1c7e4e0e8c3d4feb2221bb4cd25cbb,rss,3,57185621.333333336,66215.1476728198,57021133.78791016,57350108.87875651
dchester,1c62bbb7ea1c7e4e0e8c3d4feb2221bb4cd25cbb,runtime_ns,5,310191.5,9613.84924210901,298254.3295119147,322128.6704880853
dchester,1c62bbb7ea1c7e4e0e8c3d4feb2221bb4cd25cbb,rss,5,71276953.6,191979.65545546747,71038579.37343338,71515327.8265666
jsonpathly,1c62bbb7ea1c7e4e0e8c3d4feb2221bb4cd25cbb,runtime_ns,5,107479.2,3380.277514494927,103282.03110631394,111676.36889368606
jsonpathly,1c62bbb7ea1c7e4e0e8c3d4feb2221bb4cd25cbb,rss,5,64041779.2,650983.1444724202,63233476.86607112,64850081.533928886
rfc9535,1c62bbb7ea1c7e4e0e8c3d4feb2221bb4cd25cbb,runtime_ns,6,149493.08333333334,6215.8025179108345,142969.99864048252,156016.16802618417
rfc9535,1c62bbb7ea1c7e4e0e8c3d4feb2221bb4cd25cbb,rss,6,67821568.0,1122022.9253871776,66644077.153318346,68999058.84668165
p3,1c62bbb7ea1c7e4e0e8c3d4feb2221bb4cd25cbb,runtime_ns,5,98275.1,3247.5157312936917,94242.77663285226,102307.42336714776
p3,1c62bbb7ea1c7e4e0e8c3d4feb2221bb4cd25cbb,rss,5,65267302.4,366833.33285403607,64811818.65725404,65722786.14274596
plus,9a705725b22cdf8d48d6de0f654ca58847af523b,runtime_ns,8,7476.75,501.65291074321783,7057.3576712222275,7896.1423287777725
plus,9a705725b22cdf8d48d6de0f654ca58847af523b,rss,8,54734848.0,82503.06785637904,54665873.70917343,54803822.29082657
dchester,9a705725b22cdf8d48d6de0f654ca58847af523b,runtime_ns,3,51666.666666666664,891.7699161405554,49451.38738777748,53881.945945555846
dchester,9a705725b22cdf8d48d6de0f654ca58847af523b,rss,3,64886101.333333336,66215.1476728198,64721613.78791016,65050588.87875651
jsonpathly,9a705725b22cdf8d48d6de0f654ca58847af523b,runtime_ns,6,36215.083333333336,1424.3910775017746,34720.27657145313,37709.890095213545
jsonpathly,9a705725b22cdf8d48d6de0f654ca58847af523b,rss,6,57871018.666666664,56201.33923908457,57812038.97825929,57929998.35507404
rfc9535,9a705725b22cdf8d48d6de0f654ca58847af523b,runtime_ns,8,34299.625,4433.869978037567,30592.816934574726,38006.43306542528
rfc9535,9a705725b22cdf8d48d6de0f654ca58847af523b,rss,8,60233728.0,297493.21193120163,59985017.450782694,60482438.549217306
p3,9a705725b22cdf8d48d6de0f654ca58847af523b,runtime_ns,8,32487.0,2695.422309874916,30233.57055631709,34740.429443682915
p3,9a705725b22cdf8d48d6de0f654ca58847af523b,rss,8,58789888.0,584714.3756897771,58301054.54874569,59278721.45125431
plus,faa6f2b376485ae32ed7e53ff6dd0ed335154730,runtime_ns,3,11868.166666666666,229.30565482197193,11298.5398420058,12437.793491327531
plus,faa6f2b376485ae32ed7e53ff6dd0ed335154730,rss,3,56098816.0,107437.07278216397,55831927.515861765,56365704.484138235
dchester,faa6f2b376485ae32ed7e53ff6dd0ed335154730,runtime_ns,0,nan,0,nan,nan
dchester,faa6f2b376485ae32ed7e53ff6dd0ed335154730,rss,0,nan,0,nan,nan
jsonpathly,faa6f2b376485ae32ed7e53ff6dd0ed335154730,runtime_ns,8,34591.0,3333.6996822492233,31803.95731920933,37378.04268079067
jsonpathly,faa6f2b376485ae32ed7e53ff6dd0ed335154730,rss,8,58351616.0,174713.89795728493,58205551.52600823,58497680.47399177
rfc9535,faa6f2b376485ae32ed7e53ff6dd0ed335154730,runtime_ns,7,25976.071428571428,1254.8613279486115,24815.518264689417,27136.624592453438
rfc9535,faa6f2b376485ae32ed7e53ff6dd0ed335154730,rss,7,59459876.571428575,116786.4619420949,59351867.10864032,59567886.03421683
p3,faa6f2b376485ae32ed7e53ff6dd0ed335154730,runtime_ns,3,35986.166666666664,181.94871072182218,35534.181012758236,36438.15232057509
p3,faa6f2b376485ae32ed7e53ff6dd0ed335154730,rss,3,59462997.333333336,375881.00290029735,58529257.158898175,60396737.5077685
plus,3e866cc03da9524282570521cd20ba732d55bfaa,runtime_ns,6,5642.333333333333,206.44167860843086,5425.686078241693,5858.980588424973
plus,3e866cc03da9524282570521cd20ba732d55bfaa,rss,6,54495914.666666664,117425.01688254793,54372684.66893473,54619144.664398596
dchester,3e866cc03da9524282570521cd20ba732d55bfaa,runtime_ns,5,34387.8,1132.3085158206663,32981.853281045944,35793.74671895406
dchester,3e866cc03da9524282570521cd20ba732d55bfaa,rss,5,63376588.8,152556.0684967989,63187165.422040015,63566012.17795998
jsonpathly,3e866cc03da9524282570521cd20ba732d55bfaa,runtime_ns,8,21143.25,1316.6409913108432,20042.510584988853,22243.989415011147
jsonpathly,3e866cc03da9524282570521cd20ba732d55bfaa,rss,8,57446400.0,94626.84531206927,57367289.97757129,57525510.02242871
rfc9535,3e866cc03da9524282570521cd20ba732d55bfaa,runtime_ns,8,15919.25,1273.2036365012473,14854.825122389928,16983.674877610072
rfc9535,3e866cc03da9524282570521cd20ba732d55bfaa,rss,8,58189824.0,132508.6975129234,58079043.956581295,58300604.043418705
p3,3e866cc03da9524282570521cd20ba732d55bfaa,runtime_ns,8,17533.875,2089.4689644910804,15787.035230589488,19280.71476941051
p3,3e866cc03da9524282570521cd20ba732d55bfaa,rss,8,55728128.0,115831.68525802552,55631290.28773666,55824965.71226334
plus,5ac0521155c582e8befbb2c3e02466d47938e34d,runtime_ns,7,4654.857142857143,219.87339430638153,4451.5081689646295,4858.206116749657
plus,5ac0521155c582e8befbb2c3e02466d47938e34d,rss,7,54415945.14285714,90094.26665337547,54332621.843394935,54499268.44231935
dchester,5ac0521155c582e8befbb2c3e02466d47938e34d,runtime_ns,8,40700.625,2747.243420360541,38403.87202376902,42997.37797623098
dchester,5ac0521155c582e8befbb2c3e02466d47938e34d,rss,8,63787008.0,164249.08927601395,63649692.32500663,63924323.67499337
jsonpathly,5ac0521155c582e8befbb2c3e02466d47938e34d,runtime_ns,8,25083.375,1428.2725517711447,23889.309264929867,26277.440735070133
jsonpathly,5ac0521155c582e8befbb2c3e02466d47938e34d,rss,8,57735168.0,108833.42545376398,57644180.979348026,57826155.020651974
rfc9535,5ac0521155c582e8befbb2c3e02466d47938e34d,runtime_ns,8,15755.125,1193.3828193716502,14757.43199549185,16752.81800450815
rfc9535,5ac0521155c582e8befbb2c3e02466d47938e34d,rss,8,58261504.0,142832.4005819408,58142093.1248269,58380914.8751731
p3,5ac0521155c582e8befbb2c3e02466d47938e34d,runtime_ns,8,16622.375,1626.9053609756863,15262.248080712789,17982.50191928721
p3,5ac0521155c582e8befbb2c3e02466d47938e34d,rss,8,56768512.0,142412.27966315666,56649452.35470462,56887571.64529538
plus,01626e9ab607e6e73e88dd6a0d51e57d1f40e884,runtime_ns,3,3479.0,21.0,3426.833108053243,3531.166891946757
plus,01626e9ab607e6e73e88dd6a0d51e57d1f40e884,rss,3,54198272.0,99659.98129640603,53950702.88210926,54445841.11789074
dchester,01626e9ab607e6e73e88dd6a0d51e57d1f40e884,runtime_ns,8,29622.375,3109.210048388497,27023.01034980589,32221.73965019411
dchester,01626e9ab607e6e73e88dd6a0d51e57d1f40e884,rss,8,62892032.0,298907.78751218336,62642138.83600177,63141925.16399823
jsonpathly,01626e9ab607e6e73e88dd6a0d51e57d1f40e884,runtime_ns,8,19497.4375,1232.4204244812609,18467.108240889895,20527.766759110105
jsonpathly,01626e9ab607e6e73e88dd6a0d51e57d1f40e884,rss,8,57350144.0,106518.50311699708,57261092.30285351,57439195.69714649
rfc9535,01626e9ab607e6e73e88dd6a0d51e57d1f40e884,runtime_ns,5,11425.1,379.1937829131696,10954.268731414024,11895.931268585977
rfc9535,01626e9ab607e6e73e88dd6a0d51e57d1f40e884,rss,5,58038681.6,87159.1842825528,57930459.178763546,58146904.02123646
p3,01626e9ab607e6e73e88dd6a0d51e57d1f40e884,runtime_ns,8,11023.4375,582.9997205034861,10536.037536354812,11510.837463645188
p3,01626e9ab607e6e73e88dd6a0d51e57d1f40e884,rss,8,55437312.0,58707.06529395394,55388231.66516677,55486392.33483323
plus,6fe6cee0b8292c303d16dd026a2f8c8c3b269a2b,runtime_ns,5,2746.0,79.77859988743849,2646.941784692665,2845.058215307335
plus,6fe6cee0b8292c303d16dd026a2f8c8c3b269a2b,rss,5,54273638.4,95954.86512314006,54154494.698524095,54392782.1014759
dchester,6fe6cee0b8292c303d16dd026a2f8c8c3b269a2b,runtime_ns,5,4633.2,174.0232024759917,4417.121654633437,4849.2783453665625
dchester,6fe6cee0b8292c303d16dd026a2f8c8c3b269a2b,rss,5,60004761.6,241240.1435516071,59705222.398830466,60304300.80116954
jsonpathly,6fe6cee0b8292c303d16dd026a2f8c8c3b269a2b,runtime_ns,4,8484.25,150.7362486818173,8244.394991155112,8724.105008844888
jsonpathly,6fe6cee0b8292c303d16dd026a2f8c8c3b269a2b,rss,4,56512512.0,109805.4001343589,56337787.105021104,56687236.894978896
rfc9535,6fe6cee0b8292c303d16dd026a2f8c8c3b269a2b,runtime_ns,5,5708.2,166.71892514048906,5501.191112833826,5915.208887166174
rfc9535,6fe6cee0b8292c303d16dd026a2f8c8c3b269a2b,rss,5,57776537.6,105927.3433104031,57645011.431386106,57908063.7686139
p3,6fe6cee0b8292c303d16dd026a2f8c8c3b269a2b,runtime_ns,8,1862.1875,135.08725685380438,1749.251727024653,1975.123272975347
p3,6fe6cee0b8292c303d16dd026a2f8c8c3b269a2b,rss,8,54542336.0,126000.15804071722,54436997.23174931,54647674.76825069
plus,108bcef84b27e711914df838416612b475674c7c,runtime_ns,5,5254.1,196.89635598456363,5009.620883396456,5498.579116603545
plus,108bcef84b27e711914df838416612b475674c7c,rss,5,54489907.2,110758.74836418114,54352382.04967009,54627432.35032991
dchester,108bcef84b27e711914df838416612b475674c7c,runtime_ns,8,44726.3125,6260.325772773331,39492.54917774381,49960.07582225619
dchester,108bcef84b27e711914df838416612b475674c7c,rss,8,64552960.0,340084.30368618056,64268642.40700048,64837277.59299952
jsonpathly,108bcef84b27e711914df838416612b475674c7c,runtime_ns,8,42185.0,2790.709932718094,39851.90811004783,44518.09188995217
jsonpathly,108bcef84b27e711914df838416612b475674c7c,rss,8,57835520.0,221552.11695155225,57650297.79499715,58020742.20500285
rfc9535,108bcef84b27e711914df838416612b475674c7c,runtime_ns,6,26628.583333333332,1039.9855968553923,25537.185383014785,27719.98128365188
rfc9535,108bcef84b27e711914df838416612b475674c7c,rss,6,58195968.0,124776.82656647428,58065022.75116802,58326913.24883198
p3,108bcef84b27e711914df838416612b475674c7c,runtime_ns,8,31786.3125,1835.2279527058367,30252.023535578257,33320.60146442174
p3,108bcef84b27e711914df838416612b475674c7c,rss,8,58327040.0,99852.18973205202,58243561.480313465,58410518.519686535
plus,c52f4e63fd63f624fe190d58730aee86fe6ee7c4,runtime_ns,3,5485.833333333333,52.58405968859131,5355.207287623973,5616.459379042693
plus,c52f4e63fd63f624fe190d58730aee86fe6ee7c4,rss,3,54405802.666666664,25026.973395385496,54343632.21824422,54467973.11508911
dchester,c52f4e63fd63f624fe190d58730aee86fe6ee7c4,runtime_ns,3,37785.0,745.8154932689451,35932.29160716294,39637.70839283706
dchester,c52f4e63fd63f624fe190d58730aee86fe6ee7c4,rss,3,64290816.0,156293.39876015237,63902561.67404227,64679070.32595773
jsonpathly,c52f4e63fd63f624fe190d58730aee86fe6ee7c4,runtime_ns,4,44567.625,1009.4545866456797,42961.35749018888,46173.89250981112
jsonpathly,c52f4e63fd63f624fe190d58730aee86fe6ee7c4,rss,4,58368000.0,43347.989480482254,58299023.67551818,58436976.32448182
rfc9535,c52f4e63fd63f624fe190d58730aee86fe6ee7c4,runtime_ns,8,27200.4375,1918.2751634420365,25596.719329919804,28804.155670080196
rfc9535,c52f4e63fd63f624fe190d58730aee86fe6ee7c4,rss,8,58251264.0,99056.9261326897,58168450.337320745,58334077.662679255
p3,c52f4e63fd63f624fe190d58730aee86fe6ee7c4,runtime_ns,8,32877.6875,4343.082364416676,29246.779778986627,36508.59522101338
p3,c52f4e63fd63f624fe190d58730aee86fe6ee7c4,rss,8,58937344.0,552754.0780595188,58475230.0262261,59399457.9737739
plus,63e21af88d528704811adeeb6e2e47e29f1d85d6,runtime_ns,7,4681.571428571428,220.1394309241737,4477.976411844053,4885.166445298804
plus,63e21af88d528704811adeeb6e2e47e29f1d85d6,rss,7,54563401.14285714,231456.3618333764,54349339.71069438,54777462.5750199
dchester,63e21af88d528704811adeeb6e2e47e29f1d85d6,runtime_ns,8,41395.8125,5071.103563592304,37156.26382508585,45635.36117491415
dchester,63e21af88d528704811adeeb6e2e47e29f1d85d6,rss,8,63885312.0,362965.9584762343,63581864.86487449,64188759.13512551
jsonpathly,63e21af88d528704811adeeb6e2e47e29f1d85d6,runtime_ns,3,34305.666666666664,638.6165385685946,32719.25523986096,35892.078093472366
jsonpathly,63e21af88d528704811adeeb6e2e47e29f1d85d6,rss,3,57939285.333333336,235344.8160069249,57354656.400625594,58523914.26604108
rfc9535,63e21af88d528704811adeeb6e2e47e29f1d85d6,runtime_ns,8,22323.0,1421.530261976257,21134.570960258086,23511.429039741914
rfc9535,63e21af88d528704811adeeb6e2e47e29f1d85d6,rss,8,58185728.0,111788.32307024354,58092270.62311938,58279185.37688062
p3,63e21af88d528704811adeeb6e2e47e29f1d85d6,runtime_ns,5,28700.0,991.8382554630568,27468.470146150295,29931.529853849705
p3,63e21af88d528704811adeeb6e2e47e29f1d85d6,rss,5,57737216.0,114101.3567666923,57595540.4531566,57878891.5468434
plus,7cf80dd6785c72323850e9ef013e86809dc830f0,runtime_ns,5,2771.0,98.74272125073321,2648.394717938295,2893.605282061705
plus,7cf80dd6785c72323850e9ef013e86809dc830f0,rss,5,54224486.4,89439.23405754323,54113432.923043825,54335539.87695617
dchester,7cf80dd6785c72323850e9ef013e86809dc830f0,runtime_ns,5,4770.8,178.69618070904593,4548.919385797064,4992.680614202936
dchester,7cf80dd6785c72323850e9ef013e86809dc830f0,rss,5,59847475.2,168842.66471244761,59637829.34186577,60057121.058134235
jsonpathly,7cf80dd6785c72323850e9ef013e86809dc830f0,runtime_ns,6,8729.333333333334,403.4556563820449,8305.932588408388,9152.73407825828
jsonpathly,7cf80dd6785c72323850e9ef013e86809dc830f0,rss,6,56513877.333333336,73026.82880877868,56437240.37651282,56590514.29015385
rfc9535,7cf80dd6785c72323850e9ef013e86809dc830f0,runtime_ns,7,5788.714285714285,289.93100575005445,5520.5728277407725,6056.855743687798
rfc9535,7cf80dd6785c72323850e9ef013e86809dc830f0,rss,7,57699766.85714286,42000.052680239074,57660923.28699241,57738610.42729331
p3,7cf80dd6785c72323850e9ef013e86809dc830f0,runtime_ns,3,1923.5,12.134661099511597,1893.3558307433934,1953.6441692566066
p3,7cf80dd6785c72323850e9ef013e86809dc830f0,rss,3,54493184.0,98304.0,54248983.3263841,54737384.6736159
plus,62d9a64c8d9e1f36cd536911d8f933ee69261e82,runtime_ns,4,3671.875,78.9096265779193,3546.3121752228917,3797.4378247771083
plus,62d9a64c8d9e1f36cd536911d8f933ee69261e82,rss,4,54235136.0,74931.80202468553,54115902.781749144,54354369.218250856
dchester,62d9a64c8d9e1f36cd536911d8f933ee69261e82,runtime_ns,8,22427.0625,2615.570853254191,20240.39054467462,24613.73445532538
dchester,62d9a64c8d9e1f36cd536911d8f933ee69261e82,rss,8,62242816.0,208718.08670206668,62068323.31279455,62417308.68720545
jsonpathly,62d9a64c8d9e1f36cd536911d8f933ee69261e82,runtime_ns,4,31182.375,587.5825296642734,30247.40007471034,32117.34992528966
jsonpathly,62d9a64c8d9e1f36cd536911d8f933ee69261e82,rss,4,57536512.0,76116.56800811065,57415393.55468585,57657630.44531415
rfc9535,62d9a64c8d9e1f36cd536911d8f933ee69261e82,runtime_ns,6,17579.916666666668,711.264958835079,16833.489869455985,18326.34346387735
rfc9535,62d9a64c8d9e1f36cd536911d8f933ee69261e82,rss,6,58116778.666666664,112283.2070412431,57998944.667435765,58234612.66589756
p3,62d9a64c8d9e1f36cd536911d8f933ee69261e82,runtime_ns,8,25401.0625,2785.785314227262,23072.08769413721,27730.03730586279
p3,62d9a64c8d9e1f36cd536911d8f933ee69261e82,rss,8,57382912.0,87109.67295476269,57310086.4909335,57455737.5090665
plus,ed162d7b0eb81d94c905fdacd4518a53d674f9be,runtime_ns,3,6256.833333333333,52.08726651815522,6127.441390273593,6386.225276393073
plus,ed162d7b0eb81d94c905fdacd4518a53d674f9be,rss,3,54318421.333333336,47296.53405201414,54200930.22945964,54435912.43720703
dchester,ed162d7b0eb81d94c905fdacd4518a53d674f9be,runtime_ns,8,42687.4375,3257.791335919607,39963.855784867206,45411.019215132794
dchester,ed162d7b0eb81d94c905fdacd4518a53d674f9be,rss,8,64342016.0,297944.0326657724,64092928.555216685,64591103.444783315
jsonpathly,ed162d7b0eb81d94c905fdacd4518a53d674f9be,runtime_ns,4,67380.25,1705.8889422624595,64665.80001923625,70094.69998076375
jsonpathly,ed162d7b0eb81d94c905fdacd4518a53d674f9be,rss,4,62468096.0,172551.34306827828,62193528.30789031,62742663.69210969
rfc9535,ed162d7b0eb81d94c905fdacd4518a53d674f9be,runtime_ns,8,49291.75,2486.074932786333,47213.339343451444,51370.160656548556
rfc9535,ed162d7b0eb81d94c905fdacd4518a53d674f9be,rss,8,62228480.0,241817.67510963415,62026315.36438849,62430644.63561151
p3,ed162d7b0eb81d94c905fdacd4518a53d674f9be,runtime_ns,8,48153.75,3024.2619052305263,45625.40377473955,50682.09622526045
p3,ed162d7b0eb81d94c905fdacd4518a53d674f9be,rss,8,62666752.0,118935.23377512173,62567319.656245075,62766184.343754925
plus,f06e37e803ec81aafe9ee689068dad80754aff4b,runtime_ns,3,8722.5,159.080954234,8327.321002366092,9117.678997633908
plus,f06e37e803ec81aafe9ee689068dad80754aff4b,rss,3,54356650.666666664,132430.2953456396,54027675.57582033,54685625.757513
dchester,f06e37e803ec81aafe9ee689068dad80754aff4b,runtime_ns,3,40083.5,273.1249713958795,39405.019958534765,40761.980041465235
dchester,f06e37e803ec81aafe9ee689068dad80754aff4b,rss,3,63744682.666666664,75674.45448322262,63556696.90046876,63932668.43286457
jsonpathly,f06e37e803ec81aafe9ee689068dad80754aff4b,runtime_ns,5,113612.7,4363.979299332204,108194.10401511271,119031.29598488729
jsonpathly,f06e37e803ec81aafe9ee689068dad80754aff4b,rss,5,62806425.6,93115.33294146566,62690807.643405825,62922043.55659418
rfc9535,f06e37e803ec81aafe9ee689068dad80754aff4b,runtime_ns,3,87909.66666666667,1492.0208890405434,84203.2813094818,91616.05202385155
rfc9535,f06e37e803ec81aafe9ee689068dad80754aff4b,rss,3,64831488.0,161363.68622462737,64430638.38174236,65232337.61825764
p3,f06e37e803ec81aafe9ee689068dad80754aff4b,runtime_ns,3,69701.16666666667,221.04826019069532,69152.05234741016,70250.28098592318
p3,f06e37e803ec81aafe9ee689068dad80754aff4b,rss,3,62925482.666666664,50053.94679077099,62801141.76982176,63049823.563511565
plus,844b933f7c8a7c4531308b25e29f2645e324a48a,runtime_ns,6,10399.25,399.15445005661655,9980.363094287504,10818.136905712496
plus,844b933f7c8a7c4531308b25e29f2645e324a48a,rss,6,54599680.0,187308.6065806908,54403111.672594965,54796248.327405035
dchester,844b933f7c8a7c4531308b25e29f2645e324a48a,runtime_ns,8,47010.25,6023.311037721932,41974.6359549813,52045.8640450187
dchester,844b933f7c8a7c4531308b25e29f2645e324a48a,rss,8,64245760.0,330215.56144347374,63969692.88198555,64521827.11801445
jsonpathly,844b933f7c8a7c4531308b25e29f2645e324a48a,runtime_ns,6,152045.08333333334,6768.612453203881,144941.8601922974,159148.30647436928
jsonpathly,844b933f7c8a7c4531308b25e29f2645e324a48a,rss,6,64823296.0,355461.0655742764,64450262.48919095,65196329.51080905
rfc9535,844b933f7c8a7c4531308b25e29f2645e324a48a,runtime_ns,6,120236.08333333333,5703.780513104152,114250.33278073763,126221.83388592902
rfc9535,844b933f7c8a7c4531308b25e29f2645e324a48a,rss,6,67439274.66666667,356466.544042869,67065185.97091753,67813363.3624158
p3,844b933f7c8a7c4531308b25e29f2645e324a48a,runtime_ns,3,96375.16666666667,1382.555001919755,92940.70964782876,99809.62368550459
p3,844b933f7c8a7c4531308b25e29f2645e324a48a,rss,3,64088746.666666664,124057.64578345558,63780570.390345015,64396922.942988314
plus,dda7cb9f84a6ba61d74927a10a594500f021e7a6,runtime_ns,4,2692.875,54.769783335947814,2605.7240526906617,2780.0259473093383
plus,dda7cb9f84a6ba61d74927a10a594500f021e7a6,rss,4,54276096.0,67387.18817896074,54168867.9459782,54383324.0540218
dchester,dda7cb9f84a6ba61d74927a10a594500f021e7a6,runtime_ns,3,4708.333333333333,20.750502001959696,4656.786228772514,4759.880437894152
dchester,dda7cb9f84a6ba61d74927a10a594500f021e7a6,rss,3,60030976.0,86695.97896096451,59815611.249205954,60246340.750794046
jsonpathly,dda7cb9f84a6ba61d74927a10a594500f021e7a6,runtime_ns,3,8583.166666666666,90.9633625880955,8357.20114727396,8809.132186059373
jsonpathly,dda7cb9f84a6ba61d74927a10a594500f021e7a6,rss,3,56552106.666666664,80820.35281618939,56351337.780359,56752875.55297433
rfc9535,dda7cb9f84a6ba61d74927a10a594500f021e7a6,runtime_ns,3,6034.666666666667,104.67131093730188,5774.648715828971,6294.684617504363
rfc9535,dda7cb9f84a6ba61d74927a10a594500f021e7a6,rss,3,57840981.333333336,154855.52644104548,57456298.880228184,58225663.78643849
p3,dda7cb9f84a6ba61d74927a10a594500f021e7a6,runtime_ns,3,1888.8333333333333,31.533051443419385,1810.500891076172,1967.1657755904946
p3,dda7cb9f84a6ba61d74927a10a594500f021e7a6,rss,3,54624256.0,75080.92018615648,54437744.65473265,54810767.34526735
plus,90a0fc4f3b9a73cd6183ae9cecdb0b81816e7f51,runtime_ns,3,7812.833333333333,129.90413131741937,7490.133581815565,8135.533084851101
plus,90a0fc4f3b9a73cd6183ae9cecdb0b81816e7f51,rss,3,54618794.666666664,93163.36767921892,54387364.031661056,54850225.30167227
dchester,90a0fc4f3b9a73cd6183ae9cecdb0b81816e7f51,runtime_ns,7,55523.857142857145,2857.3523104773894,52881.24700706539,58166.4672786489
dchester,90a0fc4f3b9a73cd6183ae9cecdb0b81816e7f51,rss,7,64843190.85714286,155924.9265805274,64698984.35173805,64987397.362547666
jsonpathly,90a0fc4f3b9a73cd6183ae9cecdb0b81816e7f51,runtime_ns,6,34767.5,1364.5766376426059,33335.464643088424,36199.535356911576
jsonpathly,90a0fc4f3b9a73cd6183ae9cecdb0b81816e7f51,rss,6,57928362.666666664,125063.34089678984,57797116.739485115,58059608.59384821
rfc9535,90a0fc4f3b9a73cd6183ae9cecdb0b81816e7f51,runtime_ns,8,34500.1875,3617.160803897167,31476.165391043025,37524.209608956975
rfc9535,90a0fc4f3b9a73cd6183ae9cecdb0b81816e7f51,rss,8,59881472.0,101919.05341565363,59796265.53903182,59966678.46096818
p3,90a0fc4f3b9a73cd6183ae9cecdb0b81816e7f51,runtime_ns,8,34898.25,3524.826469892829,31951.421326055395,37845.078673944605
p3,90a0fc4f3b9a73cd6183ae9cecdb0b81816e7f51,rss,8,59600896.0,358928.7462977257,59300824.058720775,59900967.941279225
plus,c2cf9047c531ec9f0bf319b77dcda2e7e01b0f4a,runtime_ns,5,6504.3,191.75818105103104,6266.200770227896,6742.399229772104
plus,c2cf9047c531ec9f0bf319b77dcda2e7e01b0f4a,rss,5,54571827.2,167245.25259390773,54364164.790983655,54779489.60901635
dchester,c2cf9047c531ec9f0bf319b77dcda2e7e01b0f4a,runtime_ns,3,66597.5,1323.512466884993,63309.71276903928,69885.28723096072
dchester,c2cf9047c531ec9f0bf319b77dcda2e7e01b0f4a,rss,3,65809066.666666664,161640.70563237878,65407528.894051336,66210604.43928199
jsonpathly,c2cf9047c531ec9f0bf319b77dcda2e7e01b0f4a,runtime_ns,3,45097.166666666664,739.7736703433918,43259.46699400669,46934.86633932664
jsonpathly,c2cf9047c531ec9f0bf319b77dcda2e7e01b0f4a,rss,3,59282773.333333336,127261.95757308361,58966637.105254866,59598909.561411805
rfc9535,c2cf9047c531ec9f0bf319b77dcda2e7e01b0f4a,runtime_ns,3,42750.166666666664,488.3007099455553,41537.16045841645,43963.172874916876
rfc9535,c2cf9047c531ec9f0bf319b77dcda2e7e01b0f4a,rss,3,62237354.666666664,210668.76542414477,61714024.44178866,62760684.89154467
p3,c2cf9047c531ec9f0bf319b77dcda2e7e01b0f4a,runtime_ns,4,38005.0,1107.6952799995734,36242.409624392574,39767.590375607426
p3,c2cf9047c531ec9f0bf319b77dcda2e7e01b0f4a,rss,4,60104704.0,229180.86938195053,59740026.09449685,60469381.90550315
plus,80d3f6fd5fc2e722f8f041e6ffe6d24e9effdf3a,runtime_ns,7,2720.285714285714,143.10568854954053,2587.9350266705455,2852.636401900883
plus,80d3f6fd5fc2e722f8f041e6ffe6d24e9effdf3a,rss,7,54191250.28571428,84000.10536047815,54113563.14541338,54268937.42601519
dchester,80d3f6fd5fc2e722f8f041e6ffe6d24e9effdf3a,runtime_ns,3,4694.5,43.71498598878879,4585.905954736612,4803.094045263388
dchester,80d3f6fd5fc2e722f8f041e6ffe6d24e9effdf3a,rss,3,59845290.666666664,152233.1360162213,59467122.59251075,60223458.740822576
jsonpathly,80d3f6fd5fc2e722f8f041e6ffe6d24e9effdf3a,runtime_ns,5,8804.2,287.4138131684001,8447.328615602335,9161.071384397666
jsonpathly,80d3f6fd5fc2e722f8f041e6ffe6d24e9effdf3a,rss,5,56524800.0,62388.41328323714,56447334.553321145,56602265.446678855
rfc9535,80d3f6fd5fc2e722f8f041e6ffe6d24e9effdf3a,runtime_ns,7,5821.428571428572,287.21847499935024,5555.79578598703,6087.061356870113
rfc9535,80d3f6fd5fc2e722f8f041e6ffe6d24e9effdf3a,rss,7,57725513.14285714,173318.22117272086,57565220.5228995,57885805.76281478
p3,80d3f6fd5fc2e722f8f041e6ffe6d24e9effdf3a,runtime_ns,5,1849.9,61.61107854923496,1773.399741874911,1926.4002581250893
p3,80d3f6fd5fc2e722f8f041e6ffe6d24e9effdf3a,rss,5,54489907.2,113156.40172433904,54349404.96981261,54630409.4301874
plus,955fffe523ff18b23dae01b4cf81d2cc7fd51884,runtime_ns,3,3617.8333333333335,31.860372460681205,3538.6877805933436,3696.9788860733233
plus,955fffe523ff18b23dae01b4cf81d2cc7fd51884,rss,3,54187349.333333336,68212.03147050623,54017901.25356235,54356797.41310432
dchester,955fffe523ff18b23dae01b4cf81d2cc7fd51884,runtime_ns,8,22505.3125,2645.0227643835397,20294.018130788507,24716.606869211493
dchester,955fffe523ff18b23dae01b4cf81d2cc7fd51884,rss,8,62224384.0,242925.2125808035,62021293.4398911,62427474.5601089
jsonpathly,955fffe523ff18b23dae01b4cf81d2cc7fd51884,runtime_ns,3,19728.833333333332,211.37782129006186,19203.74171603907,20253.924950627596
jsonpathly,955fffe523ff18b23dae01b4cf81d2cc7fd51884,rss,3,57152853.333333336,173649.78997203923,56721483.34142627,57584223.3252404
rfc9535,955fffe523ff18b23dae01b4cf81d2cc7fd51884,runtime_ns,6,11871.416666666666,440.8537644918853,11408.769014226571,12334.064319106761
rfc9535,955fffe523ff18b23dae01b4cf81d2cc7fd51884,rss,6,58015744.0,84182.51622753979,57927399.867214695,58104088.132785305
p3,955fffe523ff18b23dae01b4cf81d2cc7fd51884,runtime_ns,4,11296.875,296.7528081866567,10824.675061001904,11769.074938998096
p3,955fffe523ff18b23dae01b4cf81d2cc7fd51884,rss,4,55664640.0,72658.31428451026,55549024.40807856,55780255.59192144
plus,bdee0a94a390315b1a7082fd8f87e63792395ac2,runtime_ns,4,5369.625,159.73017613045653,5115.458645565656,5623.791354434344
plus,bdee0a94a390315b1a7082fd8f87e63792395ac2,rss,4,54382592.0,68702.18410890103,54273271.494008854,54491912.505991146
dchester,bdee0a94a390315b1a7082fd8f87e63792395ac2,runtime_ns,8,42687.5,3635.663311458545,39648.0094076191,45726.9905923809
dchester,bdee0a94a390315b1a7082fd8f87e63792395ac2,rss,8,64094208.0,257420.29778110795,63878999.24540284,64309416.75459716
jsonpathly,bdee0a94a390315b1a7082fd8f87e63792395ac2,runtime_ns,5,30900.2,1070.666241178828,29570.7922742361,32229.6077257639
jsonpathly,bdee0a94a390315b1a7082fd8f87e63792395ac2,rss,5,57747046.4,305990.6649765643,57367108.80751217,58126983.992487825
rfc9535,bdee0a94a390315b1a7082fd8f87e63792395ac2,runtime_ns,8,20434.9375,1553.9449897760217,19135.80697748558,21734.06802251442
rfc9535,bdee0a94a390315b1a7082fd8f87e63792395ac2,rss,8,58195968.0,115188.45910444824,58099668.038258396,58292267.961741604
p3,bdee0a94a390315b1a7082fd8f87e63792395ac2,runtime_ns,3,26937.666666666668,281.8467373118471,26237.52055757652,27637.812775756815
p3,bdee0a94a390315b1a7082fd8f87e63792395ac2,rss,3,58485418.666666664,109090.04789316637,58214423.9647186,58756413.368614726
plus,957852043c48d8e9464609230ca9cbeb3fe2e548,runtime_ns,5,4395.7,125.79626385548977,4239.503308062097,4551.896691937903
plus,957852043c48d8e9464609230ca9cbeb3fe2e548,rss,5,54394880.0,85918.42084209881,54288198.190057844,54501561.809942156
dchester,957852043c48d8e9464609230ca9cbeb3fe2e548,runtime_ns,3,38555.333333333336,322.8096704458114,37753.4296572612,39357.23700940547
dchester,957852043c48d8e9464609230ca9cbeb3fe2e548,rss,3,63837525.333333336,331480.8893274744,63014081.15543042,64660969.51123625
jsonpathly,957852043c48d8e9464609230ca9cbeb3fe2e548,runtime_ns,8,25104.0,1817.9730078147081,23584.13653050881,26623.86346949119
jsonpathly,957852043c48d8e9464609230ca9cbeb3fe2e548,rss,8,57694208.0,87985.71936074951,57620650.09780978,57767765.90219022
rfc9535,957852043c48d8e9464609230ca9cbeb3fe2e548,runtime_ns,8,16091.0625,1088.8184433956708,15180.787501464923,17001.337498535075
rfc9535,957852043c48d8e9464609230ca9cbeb3fe2e548,rss,8,58136576.0,151417.5156201271,58009987.78904038,58263164.21095962
p3,957852043c48d8e9464609230ca9cbeb3fe2e548,runtime_ns,8,20679.6875,1577.731077426876,19360.671310565747,21998.703689434253
p3,957852043c48d8e9464609230ca9cbeb3fe2e548,rss,8,56838144.0,153305.19518547683,56709977.64943042,56966310.35056958
plus,6d488b8a380ed7f000312432c57a834acac161f2,runtime_ns,6,5586.75,234.9629226069509,5340.171534962144,5833.328465037856
plus,6d488b8a380ed7f000312432c57a834acac161f2,rss,6,54523221.333333336,153841.01979207844,54361775.08428559,54684667.582381085
dchester,6d488b8a380ed7f000312432c57a834acac161f2,runtime_ns,7,41041.71428571428,1878.2758462914612,39304.59885510315,42778.82971632542
dchester,6d488b8a380ed7f000312432c57a834acac161f2,rss,7,64393801.14285714,183108.89306223276,64224453.66162931,64563148.62408497
jsonpathly,6d488b8a380ed7f000312432c57a834acac161f2,runtime_ns,5,44050.1,1406.4532697533893,42303.757609791246,45796.44239020875
jsonpathly,6d488b8a380ed7f000312432c57a834acac161f2,rss,5,58104217.6,87159.1842825528,57995995.178763546,58212440.02123646
rfc9535,6d488b8a380ed7f000312432c57a834acac161f2,runtime_ns,6,29927.0,1158.3610836004461,28711.374595001158,31142.625404998842
rfc9535,6d488b8a380ed7f000312432c57a834acac161f2,rss,6,58247850.666666664,77138.31262522319,58166898.97219632,58328802.36113701
p3,6d488b8a380ed7f000312432c57a834acac161f2,runtime_ns,8,40497.5,13974.733163821054,28814.330700853032,52180.66929914697
p3,6d488b8a380ed7f000312432c57a834acac161f2,rss,8,58998784.0,407205.6187768393,58658351.58329739,59339216.41670261
plus,c1c2c03f38494873c786688d1f5e53429896937b,runtime_ns,3,3534.8333333333335,60.33310313031589,3384.957596580394,3684.709070086273
plus,c1c2c03f38494873c786688d1f5e53429896937b,rss,3,54274730.666666664,148664.6759567764,53905427.138717294,54644034.194616035
dchester,c1c2c03f38494873c786688d1f5e53429896937b,runtime_ns,8,30198.0,2378.364173724693,28209.637791511595,32186.362208488405
dchester,c1c2c03f38494873c786688d1f5e53429896937b,rss,8,62855168.0,204624.38184564977,62684097.73570149,63026238.26429851
jsonpathly,c1c2c03f38494873c786688d1f5e53429896937b,runtime_ns,8,24067.6875,2152.253817637621,22268.358279797532,25867.016720202468
jsonpathly,c1c2c03f38494873c786688d1f5e53429896937b,rss,8,57368576.0,52545.698249917936,57324646.69692143,57412505.30307857
rfc9535,c1c2c03f38494873c786688d1f5e53429896937b,runtime_ns,8,15471.3125,1589.4348262713654,14142.511731670253,16800.113268329747
rfc9535,c1c2c03f38494873c786688d1f5e53429896937b,rss,8,58046464.0,90774.49972951025,57970574.619075656,58122353.380924344
p3,c1c2c03f38494873c786688d1f5e53429896937b,runtime_ns,4,15567.625,340.0790043014515,15026.483414628141,16108.766585371859
p3,c1c2c03f38494873c786688d1f5e53429896937b,rss,4,56152064.0,95884.90166861517,55999489.724476114,56304638.275523886
plus,bc3be489b82ab27987da65298b4117e9009d4b76,runtime_ns,5,2871.1,94.70902808074845,2753.5032095272654,2988.6967904727344
plus,bc3be489b82ab27987da65298b4117e9009d4b76,rss,5,54411264.0,203649.89062604477,54158399.262571506,54664128.737428494
dchester,bc3be489b82ab27987da65298b4117e9009d4b76,runtime_ns,4,12708.0,229.1036883160112,12343.44490679592,13072.55509320408
dchester,bc3be489b82ab27987da65298b4117e9009d4b76,rss,4,60948480.0,152526.7392514069,60705775.9211062,61191184.0788938
jsonpathly,bc3be489b82ab27987da65298b4117e9009d4b76,runtime_ns,5,17008.4,514.1542083849941,16369.993229923399,17646.806770076604
jsonpathly,bc3be489b82ab27987da65298b4117e9009d4b76,rss,5,57176883.2,191909.73024628012,56938595.7970482,57415170.6029518
rfc9535,bc3be489b82ab27987da65298b4117e9009d4b76,runtime_ns,8,11049.5,814.5952106063828,10368.481361273703,11730.518638726297
rfc9535,bc3be489b82ab27987da65298b4117e9009d4b76,rss,8,57982976.0,51065.239796054724,57940284.39116246,58025667.60883754
p3,bc3be489b82ab27987da65298b4117e9009d4b76,runtime_ns,3,9375.0,185.33011088325608,8914.614482432033,9835.385517567967
p3,bc3be489b82ab27987da65298b4117e9009d4b76,rss,3,55317845.333333336,170530.0786762656,54894225.13390587,55741465.5327608
plus,3942065ad8c1b2918c5b6ae460627c89483188a8,runtime_ns,4,4494.75,101.15870369539802,4333.783928588646,4655.716071411354
plus,3942065ad8c1b2918c5b6ae460627c89483188a8,rss,4,54333440.0,157363.1812591497,54083040.062607065,54583839.937392935
dchester,3942065ad8c1b2918c5b6ae460627c89483188a8,runtime_ns,4,34854.25,935.6457217700868,33365.42886484914,36343.07113515086
dchester,3942065ad8c1b2918c5b6ae460627c89483188a8,rss,4,63160320.0,190599.7509057484,62857033.263471,63463606.736529
jsonpathly,3942065ad8c1b2918c5b6ae460627c89483188a8,runtime_ns,8,40603.9375,2584.924445393493,38442.88658281896,42764.98841718104
jsonpathly,3942065ad8c1b2918c5b6ae460627c89483188a8,rss,8,57577472.0,50117.75044546877,57535572.51208257,57619371.48791743
rfc9535,3942065ad8c1b2918c5b6ae460627c89483188a8,runtime_ns,8,26705.8125,1560.6197472593105,25401.101740582744,28010.523259417256
rfc9535,3942065ad8c1b2918c5b6ae460627c89483188a8,rss,8,58097664.0,44655.25678861496,58060331.27106397,58134996.72893603
p3,3942065ad8c1b2918c5b6ae460627c89483188a8,runtime_ns,7,27550.5,1420.9306516036124,26236.35832820961,28864.64167179039
p3,3942065ad8c1b2918c5b6ae460627c89483188a8,rss,7,58032128.0,125134.86697692747,57916397.550310045,58147858.449689955
plus,81a3683b670681e4183e0ee9fe7a7d25ba0613e3,runtime_ns,4,4463.625,84.0856458221814,4329.825973562902,4597.424026437098
plus,81a3683b670681e4183e0ee9fe7a7d25ba0613e3,rss,4,54243328.0,96813.59067128265,54089275.973033465,54397380.026966535
dchester,81a3683b670681e4183e0ee9fe7a7d25ba0613e3,runtime_ns,3,32784.666666666664,636.4325049314604,31203.680680182697,34365.65265315063
dchester,81a3683b670681e4183e0ee9fe7a7d25ba0613e3,rss,3,63133013.333333336,62028.82289172779,62978925.19517251,63287101.47149416
jsonpathly,81a3683b670681e4183e0ee9fe7a7d25ba0613e3,runtime_ns,5,41466.6,1449.1549434066737,39667.23647895292,43265.96352104708
jsonpathly,81a3683b670681e4183e0ee9fe7a7d25ba0613e3,rss,5,57642188.8,117234.36077874097,57496623.1148686,57787754.48513139
rfc9535,81a3683b670681e4183e0ee9fe7a7d25ba0613e3,runtime_ns,7,28839.214285714286,1496.5044786975764,27455.17848125192,30223.25009017665
rfc9535,81a3683b670681e4183e0ee9fe7a7d25ba0613e3,rss,7,58146816.0,64156.14019977615,58087481.46650774,58206150.53349226
p3,81a3683b670681e4183e0ee9fe7a7d25ba0613e3,runtime_ns,4,33312.625,908.8314268883971,31866.47139168665,34758.77860831335
p3,81a3683b670681e4183e0ee9fe7a7d25ba0613e3,rss,4,58179584.0,123334.27141985582,57983331.65180251,58375836.34819749
plus,2baaeff15f0db6a3ac2cec64d863578dbe6fb641,runtime_ns,4,5890.5,172.00581385522992,5616.800366604553,6164.199633395447
plus,2baaeff15f0db6a3ac2cec64d863578dbe6fb641,rss,4,54329344.0,116622.166720854,54143772.10820252,54514915.89179748
dchester,2baaeff15f0db6a3ac2cec64d863578dbe6fb641,runtime_ns,3,46013.833333333336,717.9624525929844,44230.31572922634,47797.35093744033
dchester,2baaeff15f0db6a3ac2cec64d863578dbe6fb641,rss,3,64285354.666666664,468116.2361864127,63122489.47087337,65448219.86245996
jsonpathly,2baaeff15f0db6a3ac2cec64d863578dbe6fb641,runtime_ns,7,58622.0,2922.101783534128,55919.50658934589,61324.49341065411
jsonpathly,2baaeff15f0db6a3ac2cec64d863578dbe6fb641,rss,7,61308928.0,247392.97477495193,61080127.659115635,61537728.340884365
rfc9535,2baaeff15f0db6a3ac2cec64d863578dbe6fb641,runtime_ns,8,44416.625,2336.811208677329,42463.00193964694,46370.24806035306
rfc9535,2baaeff15f0db6a3ac2cec64d863578dbe6fb641,rss,8,61294592.0,327848.1854099111,61020504.05787898,61568679.94212102
p3,2baaeff15f0db6a3ac2cec64d863578dbe6fb641,runtime_ns,4,43640.625,1139.7316478744751,41827.05761410348,45454.19238589652
p3,2baaeff15f0db6a3ac2cec64d863578dbe6fb641,rss,4,62472192.0,61303.314624904255,62374644.746435165,62569739.253564835
plus,b9e723397b63e489e890537ab44ea286d63ce1da,runtime_ns,3,10791.833333333334,0.28867513459481287,10791.116224545043,10792.550442121625
plus,b9e723397b63e489e890537ab44ea286d63ce1da,rss,3,54389418.666666664,25026.973395385496,54327248.21824422,54451589.11508911
dchester,b9e723397b63e489e890537ab44ea286d63ce1da,runtime_ns,4,42614.625,1063.5350154868747,40922.30345971197,44306.94654028803
dchester,b9e723397b63e489e890537ab44ea286d63ce1da,rss,4,64122880.0,217512.64128781113,63776768.849190556,64468991.150809444
jsonpathly,b9e723397b63e489e890537ab44ea286d63ce1da,runtime_ns,7,160241.14285714287,7791.821640424688,153034.90974134355,167447.3759729422
jsonpathly,b9e723397b63e489e890537ab44ea286d63ce1da,rss,7,65353435.428571425,356884.06037762325,65023372.7226887,65683498.13445415
rfc9535,b9e723397b63e489e890537ab44ea286d63ce1da,runtime_ns,4,124411.5,3560.105639818384,118746.57748007015,130076.42251992985
rfc9535,b9e723397b63e489e890537ab44ea286d63ce1da,rss,4,65286144.0,464638.80110038165,64546799.98207332,66025488.01792668
p3,b9e723397b63e489e890537ab44ea286d63ce1da,runtime_ns,8,120830.4375,6822.465512855829,115126.71359415536,126534.16140584464
p3,b9e723397b63e489e890537ab44ea286d63ce1da,rss,8,64745472.0,307110.2649891636,64488721.39322182,65002222.60677818
plus,d4e4b388ccd90d5adb44f8d1d378a8018e8111ac,runtime_ns,3,4305.333333333333,31.860372460681205,4226.187780593344,4384.478886073322
plus,d4e4b388ccd90d5adb44f8d1d378a8018e8111ac,rss,3,54225578.666666664,41232.162462491986,54123152.29695657,54328005.03637676
dchester,d4e4b388ccd90d5adb44f8d1d378a8018e8111ac,runtime_ns,5,13187.7,383.28132618221827,12711.793376095746,13663.606623904256
dchester,d4e4b388ccd90d5adb44f8d1d378a8018e8111ac,rss,5,60499558.4,182665.06831028202,60272749.76094969,60726367.0390503
jsonpathly,d4e4b388ccd90d5adb44f8d1d378a8018e8111ac,runtime_ns,8,52124.9375,2650.064964668656,49909.4277458591,54340.4472541409
jsonpathly,d4e4b388ccd90d5adb44f8d1d378a8018e8111ac,rss,8,59078656.0,135230.0463654435,58965600.852005534,59191711.147994466
rfc9535,d4e4b388ccd90d5adb44f8d1d378a8018e8111ac,runtime_ns,3,36888.666666666664,698.0288914746533,35154.6667734632,38622.66655987013
rfc9535,d4e4b388ccd90d5adb44f8d1d378a8018e8111ac,rss,3,59692373.333333336,208748.70624110065,59173812.79988073,60210933.86678594
p3,d4e4b388ccd90d5adb44f8d1d378a8018e8111ac,runtime_ns,5,34745.9,1130.5138433473514,33342.18166124463,36149.618338755376
p3,d4e4b388ccd90d5adb44f8d1d378a8018e8111ac,rss,5,62305075.2,74542.69876520436,62212518.2146143,62397632.185385704
plus,f005d944b4ad0d4d2745a1db2b079fe12c2caa45,runtime_ns,3,14708.5,75.23130997131447,14521.615065795879,14895.384934204121
plus,f005d944b4ad0d4d2745a1db2b079fe12c2caa45,rss,3,54607872.0,43347.989480482254,54500189.62460298,54715554.37539702
dchester,f005d944b4ad0d4d2745a1db2b079fe12c2caa45,runtime_ns,3,46125.0,859.23294280422,43990.54704360182,48259.45295639818
dchester,f005d944b4ad0d4d2745a1db2b079fe12c2caa45,rss,3,64159744.0,221638.6438507509,63609163.08642915,64710324.91357085
jsonpathly,f005d944b4ad0d4d2745a1db2b079fe12c2caa45,runtime_ns,8,226140.625,17439.998918229816,211560.42103116034,240720.82896883966
jsonpathly,f005d944b4ad0d4d2745a1db2b079fe12c2caa45,rss,8,67536896.0,279618.70475754247,67303128.91274369,67770663.08725631
rfc9535,f005d944b4ad0d4d2745a1db2b079fe12c2caa45,runtime_ns,6,174607.75,8248.769730996253,165951.19705899732,183264.30294100268
rfc9535,f005d944b4ad0d4d2745a1db2b079fe12c2caa45,rss,6,67717802.66666667,241110.2899526826,67464772.93524466,67970832.39808868
p3,f005d944b4ad0d4d2745a1db2b079fe12c2caa45,runtime_ns,4,168171.75,3682.6472023079627,162311.83650867583,174031.66349132417
p3,f005d944b4ad0d4d2745a1db2b079fe12c2caa45,rss,4,66072576.0,38713.88161026137,66010973.575253114,66134178.424746886
plus,fe382029fd138373d39fe3ed4f243c5b8ff3fb7d,runtime_ns,0,nan,0,nan,nan
plus,fe382029fd138373d39fe3ed4f243c5b8ff3fb7d,rss,0,nan,0,nan,nan
dchester,fe382029fd138373d39fe3ed4f243c5b8ff3fb7d,runtime_ns,0,nan,0,nan,nan
dchester,fe382029fd138373d39fe3ed4f243c5b8ff3fb7d,rss,0,nan,0,nan,nan
jsonpathly,fe382029fd138373d39fe3ed4f243c5b8ff3fb7d,runtime_ns,3,2653729.1666666665,47636.6134142986,2535393.2588241356,2772065.0745091974
jsonpathly,fe382029fd138373d39fe3ed4f243c5b8ff3fb7d,rss,3,88331605.33333333,1089792.611384998,85624410.40940498,91038800.25726168
rfc9535,fe382029fd138373d39fe3ed4f243c5b8ff3fb7d,runtime_ns,4,507724.125,11494.122682013041,489434.410869075,526013.839130925
rfc9535,fe382029fd138373d39fe3ed4f243c5b8ff3fb7d,rss,4,73965568.0,2692780.721848204,69680752.9704075,78250383.0295925
p3,fe382029fd138373d39fe3ed4f243c5b8ff3fb7d,runtime_ns,3,268416.6666666667,3951.727386008976,258600.03164052524,278233.30169280816
p3,fe382029fd138373d39fe3ed4f243c5b8ff3fb7d,rss,3,68031829.33333333,222444.60521517112,67479246.30074291,68584412.36592375
plus,a7112bbd46f2aef43e1e74ffec1fd5c4b2c7ccff,runtime_ns,0,nan,0,nan,nan
plus,a7112bbd46f2aef43e1e74ffec1fd5c4b2c7ccff,rss,0,nan,0,nan,nan
dchester,a7112bbd46f2aef43e1e74ffec1fd5c4b2c7ccff,runtime_ns,0,nan,0,nan,nan
dchester,a7112bbd46f2aef43e1e74ffec1fd5c4b2c7ccff,rss,0,nan,0,nan,nan
jsonpathly,a7112bbd46f2aef43e1e74ffec1fd5c4b2c7ccff,runtime_ns,3,3984826.0,32792.414187583076,3903365.1272572884,4066286.8727427116
jsonpathly,a7112bbd46f2aef43e1e74ffec1fd5c4b2c7ccff,rss,3,104125781.33333333,6029430.723468786,89147845.09277844,119103717.57388821
rfc9535,a7112bbd46f2aef43e1e74ffec1fd5c4b2c7ccff,runtime_ns,3,525791.8333333334,4647.648769359979,514246.4337543962,537337.2329122705
rfc9535,a7112bbd46f2aef43e1e74ffec1fd5c4b2c7ccff,rss,3,80270677.33333333,66215.1476728198,80106189.78791016,80435164.8787565
p3,a7112bbd46f2aef43e1e74ffec1fd5c4b2c7ccff,runtime_ns,0,nan,0,nan,nan
p3,a7112bbd46f2aef43e1e74ffec1fd5c4b2c7ccff,rss,0,nan,0,nan,nan
plus,1db8858f5a65ebd3ce4024b3777f03dc70b58868,runtime_ns,0,nan,0,nan,nan
plus,1db8858f5a65ebd3ce4024b3777f03dc70b58868,rss,0,nan,0,nan,nan
dchester,1db8858f5a65ebd3ce4024b3777f03dc70b58868,runtime_ns,0,nan,0,nan,nan
dchester,1db8858f5a65ebd3ce4024b3777f03dc70b58868,rss,0,nan,0,nan,nan
jsonpathly,1db8858f5a65ebd3ce4024b3777f03dc70b58868,runtime_ns,3,838055.6666666666,11612.471499785623,809208.6882874232,866902.64504591
jsonpathly,1db8858f5a65ebd3ce4024b3777f03dc70b58868,rss,3,81903616.0,316427.5984929254,81117566.26954514,82689665.73045486
rfc9535,1db8858f5a65ebd3ce4024b3777f03dc70b58868,runtime_ns,3,301944.8333333333,5875.197790996771,287350.032936726,316539.63372994063
rfc9535,1db8858f5a65ebd3ce4024b3777f03dc70b58868,rss,3,68370432.0,354818.5858491632,67489013.77006218,69251850.22993782
p3,1db8858f5a65ebd3ce4024b3777f03dc70b58868,runtime_ns,4,159750.25,3727.2414397245584,153819.37712562413,165681.12287437587
p3,1db8858f5a65ebd3ce4024b3777f03dc70b58868,rss,4,64659456.0,197742.50451197047,64344803.54855917,64974108.45144083
plus,11140af508298c72d9e801df24ca2b3e85e18264,runtime_ns,0,nan,0,nan,nan
plus,11140af508298c72d9e801df24ca2b3e85e18264,rss,0,nan,0,nan,nan
dchester,11140af508298c72d9e801df24ca2b3e85e18264,runtime_ns,0,nan,0,nan,nan
dchester,11140af508298c72d9e801df24ca2b3e85e18264,rss,0,nan,0,nan,nan
jsonpathly,11140af508298c72d9e801df24ca2b3e85e18264,runtime_ns,4,338562.5,6455.848640315746,328289.80417357816,348835.19582642184
jsonpathly,11140af508298c72d9e801df24ca2b3e85e18264,rss,4,65421312.0,81372.03398383665,65291830.93554736,65550793.06445264
rfc9535,11140af508298c72d9e801df24ca2b3e85e18264,runtime_ns,4,184786.625,3423.5002647144634,179339.07211571082,190234.17788428918
rfc9535,11140af508298c72d9e801df24ca2b3e85e18264,rss,4,63983616.0,48923.91524261592,63905767.13334806,64061464.86665194
p3,11140af508298c72d9e801df24ca2b3e85e18264,runtime_ns,4,122838.625,3049.225922946128,117986.62611377239,127690.62388622761
p3,11140af508298c72d9e801df24ca2b3e85e18264,rss,4,63934464.0,99547.68832407243,63776061.41354676,64092866.58645324
plus,0056e407487c8acb718e7a730754496cd1a56646,runtime_ns,0,nan,0,nan,nan
plus,0056e407487c8acb718e7a730754496cd1a56646,rss,0,nan,0,nan,nan
dchester,0056e407487c8acb718e7a730754496cd1a56646,runtime_ns,0,nan,0,nan,nan
dchester,0056e407487c8acb718e7a730754496cd1a56646,rss,0,nan,0,nan,nan
jsonpathly,0056e407487c8acb718e7a730754496cd1a56646,runtime_ns,3,317923.8333333333,4040.2524776718265,307887.289788556,327960.37687811063
jsonpathly,0056e407487c8acb718e7a730754496cd1a56646,rss,3,65339392.0,150161.84037231296,64966369.309465304,65712414.690534696
rfc9535,0056e407487c8acb718e7a730754496cd1a56646,runtime_ns,5,175216.7,6675.268361646594,166928.25959699482,183505.1404030052
rfc9535,0056e407487c8acb718e7a730754496cd1a56646,rss,5,63691161.6,144513.93869381596,63511723.84508526,63870599.35491474
p3,0056e407487c8acb718e7a730754496cd1a56646,runtime_ns,5,127983.3,4056.569018271475,122946.40429378352,133020.19570621647
p3,0056e407487c8acb718e7a730754496cd1a56646,rss,5,64438272.0,196608.0,64194150.924641155,64682393.075358845
plus,21f3ef938cb25001366f1441999fb0f252b10d59,runtime_ns,0,nan,0,nan,nan
plus,21f3ef938cb25001366f1441999fb0f252b10d59,rss,0,nan,0,nan,nan
dchester,21f3ef938cb25001366f1441999fb0f252b10d59,runtime_ns,0,nan,0,nan,nan
dchester,21f3ef938cb25001366f1441999fb0f252b10d59,rss,0,nan,0,nan,nan
jsonpathly,21f3ef938cb25001366f1441999fb0f252b10d59,runtime_ns,3,364944.6666666667,5839.351469412792,350438.91346933367,379450.4198639997
jsonpathly,21f3ef938cb25001366f1441999fb0f252b10d59,rss,3,68408661.33333333,422927.2894734192,67358051.70422406,69459270.96244259
rfc9535,21f3ef938cb25001366f1441999fb0f252b10d59,runtime_ns,5,217741.6,8569.325771319469,207101.3767008729,228381.8232991271
rfc9535,21f3ef938cb25001366f1441999fb0f252b10d59,rss,5,69143756.8,1033842.084244591,67860072.30416554,70427441.29583445
p3,21f3ef938cb25001366f1441999fb0f252b10d59,runtime_ns,3,178048.5,1464.4305207144516,174410.65291725507,181686.34708274493
p3,21f3ef938cb25001366f1441999fb0f252b10d59,rss,3,65634304.0,186086.46867518337,65172039.58551753,66096568.41448247
plus,f91c368a0fd42ce5ed5435f3ae77bc7c732f9c1b,runtime_ns,0,nan,0,nan,nan
plus,f91c368a0fd42ce5ed5435f3ae77bc7c732f9c1b,rss,0,nan,0,nan,nan
dchester,f91c368a0fd42ce5ed5435f3ae77bc7c732f9c1b,runtime_ns,0,nan,0,nan,nan
dchester,f91c368a0fd42ce5ed5435f3ae77bc7c732f9c1b,rss,0,nan,0,nan,nan
jsonpathly,f91c368a0fd42ce5ed5435f3ae77bc7c732f9c1b,runtime_ns,3,92506.83333333333,1150.8275645522806,89648.01918050722,95365.64748615943
jsonpathly,f91c368a0fd42ce5ed5435f3ae77bc7c732f9c1b,rss,3,62788949.333333336,104052.37491443112,62530468.90481121,63047429.76185546
rfc9535,f91c368a0fd42ce5ed5435f3ae77bc7c732f9c1b,runtime_ns,6,100930.58333333333,3734.755807501565,97011.19748263268,104849.96918403398
rfc9535,f91c368a0fd42ce5ed5435f3ae77bc7c732f9c1b,rss,6,63763797.333333336,91760.15186270491,63667500.959646344,63860093.70702033
p3,f91c368a0fd42ce5ed5435f3ae77bc7c732f9c1b,runtime_ns,4,123479.0,2140.4595690334045,120073.05117646024,126884.94882353976
p3,f91c368a0fd42ce5ed5435f3ae77bc7c732f9c1b,rss,4,64061440.0,35393.4852009048,64005121.066895634,64117758.933104366
plus,9524ce45c744579591c894bf5751088f59e2733b,runtime_ns,0,nan,0,nan,nan
plus,9524ce45c744579591c894bf5751088f59e2733b,rss,0,nan,0,nan,nan
dchester,9524ce45c744579591c894bf5751088f59e2733b,runtime_ns,0,nan,0,nan,nan
dchester,9524ce45c744579591c894bf5751088f59e2733b,rss,0,nan,0,nan,nan
jsonpathly,9524ce45c744579591c894bf5751088f59e2733b,runtime_ns,3,89903.0,63.66513959774218,89744.8470258014,90061.1529741986
jsonpathly,9524ce45c744579591c894bf5751088f59e2733b,rss,3,62575957.333333336,50053.94679077099,62451616.436488435,62700298.23017824
rfc9535,9524ce45c744579591c894bf5751088f59e2733b,runtime_ns,6,102097.33333333333,3820.628543403123,98087.82957308221,106106.83709358444
rfc9535,9524ce45c744579591c894bf5751088f59e2733b,rss,6,63867562.666666664,44468.803962628306,63820895.518924735,63914229.81440859
p3,9524ce45c744579591c894bf5751088f59e2733b,runtime_ns,5,84070.8,3302.700762255037,79969.9553666678,88171.64463333221
p3,9524ce45c744579591c894bf5751088f59e2733b,rss,5,67298918.4,334289.8148804417,66883842.77189676,67713994.02810325
plus,7a865d8284278d8112169a7ad4acd6abd2037b70,runtime_ns,0,nan,0,nan,nan
plus,7a865d8284278d8112169a7ad4acd6abd2037b70,rss,0,nan,0,nan,nan
dchester,7a865d8284278d8112169a7ad4acd6abd2037b70,runtime_ns,0,nan,0,nan,nan
dchester,7a865d8284278d8112169a7ad4acd6abd2037b70,rss,0,nan,0,nan,nan
jsonpathly,7a865d8284278d8112169a7ad4acd6abd2037b70,runtime_ns,5,125054.3,4393.767412483278,119598.71718743861,130509.8828125614
jsonpathly,7a865d8284278d8112169a7ad4acd6abd2037b70,rss,5,65739161.6,489549.9720322737,65131305.02440587,66347018.175594136
rfc9535,7a865d8284278d8112169a7ad4acd6abd2037b70,runtime_ns,3,114041.83333333333,1442.021873389351,110459.65241647798,117624.01425018867
rfc9535,7a865d8284278d8112169a7ad4acd6abd2037b70,rss,3,65940138.666666664,222444.60521517112,65387555.634076245,66492721.69925708
p3,7a865d8284278d8112169a7ad4acd6abd2037b70,runtime_ns,8,83591.4375,4392.178855952769,79919.48408488384,87263.39091511616
p3,7a865d8284278d8112169a7ad4acd6abd2037b70,rss,8,66787328.0,292422.76451544795,66542856.45090429,67031799.54909571
plus,4361885df3dfa679dc8101c9103cf8042efdeebb,runtime_ns,0,nan,0,nan,nan
plus,4361885df3dfa679dc8101c9103cf8042efdeebb,rss,0,nan,0,nan,nan
dchester,4361885df3dfa679dc8101c9103cf8042efdeebb,runtime_ns,0,nan,0,nan,nan
dchester,4361885df3dfa679dc8101c9103cf8042efdeebb,rss,0,nan,0,nan,nan
jsonpathly,4361885df3dfa679dc8101c9103cf8042efdeebb,runtime_ns,4,85083.125,1899.8447030832108,82060.04812203001,88106.20187796999
jsonpathly,4361885df3dfa679dc8101c9103cf8042efdeebb,rss,4,62582784.0,48923.91524261592,62504935.13334806,62660632.86665194
rfc9535,4361885df3dfa679dc8101c9103cf8042efdeebb,runtime_ns,3,95791.83333333333,866.1296573454423,93640.24798825613,97943.41867841053
rfc9535,4361885df3dfa679dc8101c9103cf8042efdeebb,rss,3,63799296.0,56755.84086241697,63658306.67535157,63940285.32464843
p3,4361885df3dfa679dc8101c9103cf8042efdeebb,runtime_ns,3,85284.83333333333,1006.9728563041475,82783.37408627925,87786.29258038741
p3,4361885df3dfa679dc8101c9103cf8042efdeebb,rss,3,63771989.333333336,222444.60521517112,63219406.30074292,64324572.365923755
plus,8a265d0712ec4709738bcfe7be084de212b56b01,runtime_ns,0,nan,0,nan,nan
plus,8a265d0712ec4709738bcfe7be084de212b56b01,rss,0,nan,0,nan,nan
dchester,8a265d0712ec4709738bcfe7be084de212b56b01,runtime_ns,0,nan,0,nan,nan
dchester,8a265d0712ec4709738bcfe7be084de212b56b01,rss,0,nan,0,nan,nan
jsonpathly,8a265d0712ec4709738bcfe7be084de212b56b01,runtime_ns,7,294339.35714285716,13165.459046036229,282163.33831947524,306515.3759662391
jsonpathly,8a265d0712ec4709738bcfe7be084de212b56b01,rss,7,63918665.14285714,81214.7931915292,63843553.98667343,63993776.299040854
rfc9535,8a265d0712ec4709738bcfe7be084de212b56b01,runtime_ns,7,153163.64285714287,7136.194122886779,146563.7640634188,159763.52165086693
rfc9535,8a265d0712ec4709738bcfe7be084de212b56b01,rss,7,63836745.14285714,133679.21224013425,63713112.49177835,63960377.79393593
p3,8a265d0712ec4709738bcfe7be084de212b56b01,runtime_ns,3,73708.16666666667,813.4183015726493,71687.52358830215,75728.80974503119
p3,8a265d0712ec4709738bcfe7be084de212b56b01,rss,3,66437120.0,145624.1773332986,66075369.48934373,66798870.51065627
plus,5f406df2a5e31c4b59efcf75958ba2ef79a7b59a,runtime_ns,0,nan,0,nan,nan
plus,5f406df2a5e31c4b59efcf75958ba2ef79a7b59a,rss,0,nan,0,nan,nan
dchester,5f406df2a5e31c4b59efcf75958ba2ef79a7b59a,runtime_ns,0,nan,0,nan,nan
dchester,5f406df2a5e31c4b59efcf75958ba2ef79a7b59a,rss,0,nan,0,nan,nan
jsonpathly,5f406df2a5e31c4b59efcf75958ba2ef79a7b59a,runtime_ns,5,121191.8,4809.389379120805,115220.15435460214,127163.44564539786
jsonpathly,5f406df2a5e31c4b59efcf75958ba2ef79a7b59a,rss,5,63989350.4,95252.91813272703,63871078.28083074,64107622.519169256
rfc9535,5f406df2a5e31c4b59efcf75958ba2ef79a7b59a,runtime_ns,8,109953.1875,6256.019603649752,104723.0242252232,115183.3507747768
rfc9535,5f406df2a5e31c4b59efcf75958ba2ef79a7b59a,rss,8,63825920.0,155416.85091943629,63695988.26105755,63955851.73894245
p3,5f406df2a5e31c4b59efcf75958ba2ef79a7b59a,runtime_ns,3,107583.33333333333,1382.555001919755,104148.87631449541,111017.79035217124
p3,5f406df2a5e31c4b59efcf75958ba2ef79a7b59a,rss,3,67895296.0,624314.2494865867,66344413.428867266,69446178.57113273
plus,4b7f2e15712d77005c7625fab8e0535355dd72ad,runtime_ns,0,nan,0,nan,nan
plus,4b7f2e15712d77005c7625fab8e0535355dd72ad,rss,0,nan,0,nan,nan
dchester,4b7f2e15712d77005c7625fab8e0535355dd72ad,runtime_ns,0,nan,0,nan,nan
dchester,4b7f2e15712d77005c7625fab8e0535355dd72ad,rss,0,nan,0,nan,nan
jsonpathly,4b7f2e15712d77005c7625fab8e0535355dd72ad,runtime_ns,3,105507.0,1611.8477750705865,101502.94815634629,109511.05184365371
jsonpathly,4b7f2e15712d77005c7625fab8e0535355dd72ad,rss,3,63449770.666666664,66215.1476728198,63285283.12124349,63614258.21208984
rfc9535,4b7f2e15712d77005c7625fab8e0535355dd72ad,runtime_ns,5,105695.9,3068.202800500645,101886.22304343038,109505.57695656961
rfc9535,4b7f2e15712d77005c7625fab8e0535355dd72ad,rss,5,64097484.8,151673.72408957328,63909156.99732448,64285812.60267551
p3,4b7f2e15712d77005c7625fab8e0535355dd72ad,runtime_ns,8,118541.625,6669.585453759476,112965.71202205989,124117.53797794011
p3,4b7f2e15712d77005c7625fab8e0535355dd72ad,rss,8,65024000.0,193214.13598684454,64862468.93996039,65185531.06003961
plus,fbf58f8fc412498ac965c48a45db2198bf38cff6,runtime_ns,0,nan,0,nan,nan
plus,fbf58f8fc412498ac965c48a45db2198bf38cff6,rss,0,nan,0,nan,nan
dchester,fbf58f8fc412498ac965c48a45db2198bf38cff6,runtime_ns,0,nan,0,nan,nan
dchester,fbf58f8fc412498ac965c48a45db2198bf38cff6,rss,0,nan,0,nan,nan
jsonpathly,fbf58f8fc412498ac965c48a45db2198bf38cff6,runtime_ns,8,102684.9375,6049.495748983074,97627.43248854016,107742.44251145984
jsonpathly,fbf58f8fc412498ac965c48a45db2198bf38cff6,rss,8,63084544.0,180741.9052050267,62933439.985833384,63235648.014166616
rfc9535,fbf58f8fc412498ac965c48a45db2198bf38cff6,runtime_ns,6,95218.66666666667,4183.886132134414,90827.94744633825,99609.3858869951
rfc9535,fbf58f8fc412498ac965c48a45db2198bf38cff6,rss,6,63853909.333333336,132565.35942495184,63714790.52053717,63993028.146129504
p3,fbf58f8fc412498ac965c48a45db2198bf38cff6,runtime_ns,3,75812.66666666667,1431.6159866854425,72256.3354053967,79368.99792793664
p3,fbf58f8fc412498ac965c48a45db2198bf38cff6,rss,3,64722261.333333336,173649.78997203923,64290891.34142627,65153631.3252404
plus,91973390eb3dbfdbb9a118454457cd91761e3dc3,runtime_ns,0,nan,0,nan,nan
plus,91973390eb3dbfdbb9a118454457cd91761e3dc3,rss,0,nan,0,nan,nan
dchester,91973390eb3dbfdbb9a118454457cd91761e3dc3,runtime_ns,0,nan,0,nan,nan
dchester,91973390eb3dbfdbb9a118454457cd91761e3dc3,rss,0,nan,0,nan,nan
jsonpathly,91973390eb3dbfdbb9a118454457cd91761e3dc3,runtime_ns,3,100270.83333333333,1100.880367402986,97536.09489654201,103005.57177012465
jsonpathly,91973390eb3dbfdbb9a118454457cd91761e3dc3,rss,3,63083861.333333336,272848.12588202493,62406069.0142494,63761653.65241727
rfc9535,91973390eb3dbfdbb9a118454457cd91761e3dc3,runtime_ns,3,95777.83333333333,1314.10276741712,92513.42109167698,99042.24557498968
rfc9535,91973390eb3dbfdbb9a118454457cd91761e3dc3,rss,3,63897600.0,171053.98184199046,63472678.35296126,64322521.64703874
p3,91973390eb3dbfdbb9a118454457cd91761e3dc3,runtime_ns,3,71638.83333333333,193.39230422468557,71158.4202172465,72119.24644942016
p3,91973390eb3dbfdbb9a118454457cd91761e3dc3,rss,3,68993024.0,409272.18882303743,67976335.52137409,70009712.47862591
plus,e47cb7ce28d1e5e5bf13c950f20bbaa782fd38a7,runtime_ns,0,nan,0,nan,nan
plus,e47cb7ce28d1e5e5bf13c950f20bbaa782fd38a7,rss,0,nan,0,nan,nan
dchester,e47cb7ce28d1e5e5bf13c950f20bbaa782fd38a7,runtime_ns,0,nan,0,nan,nan
dchester,e47cb7ce28d1e5e5bf13c950f20bbaa782fd38a7,rss,0,nan,0,nan,nan
jsonpathly,e47cb7ce28d1e5e5bf13c950f20bbaa782fd38a7,runtime_ns,4,1614661.625,36236.246302045416,1557001.6709193527,1672321.5790806473
jsonpathly,e47cb7ce28d1e5e5bf13c950f20bbaa782fd38a7,rss,4,86183936.0,856302.4101830692,84821367.77925368,87546504.22074632
rfc9535,e47cb7ce28d1e5e5bf13c950f20bbaa782fd38a7,runtime_ns,4,395651.0,9351.283227450658,380771.02162156906,410530.97837843094
rfc9535,e47cb7ce28d1e5e5bf13c950f20bbaa782fd38a7,rss,4,74231808.0,1510256.1703269638,71828653.41535552,76634962.58464448
p3,e47cb7ce28d1e5e5bf13c950f20bbaa782fd38a7,runtime_ns,3,135576.16666666666,428.84039377527546,134510.86807216762,136641.4652611657
p3,e47cb7ce28d1e5e5bf13c950f20bbaa782fd38a7,rss,3,65497770.666666664,57538.71702891309,65354836.56980941,65640704.76352392
plus,71de2e2014a8a3bf9c957ee02e9e47c03c8b4721,runtime_ns,0,nan,0,nan,nan
plus,71de2e2014a8a3bf9c957ee02e9e47c03c8b4721,rss,0,nan,0,nan,nan
dchester,71de2e2014a8a3bf9c957ee02e9e47c03c8b4721,runtime_ns,0,nan,0,nan,nan
dchester,71de2e2014a8a3bf9c957ee02e9e47c03c8b4721,rss,0,nan,0,nan,nan
jsonpathly,71de2e2014a8a3bf9c957ee02e9e47c03c8b4721,runtime_ns,3,16620194.333333334,95157.49162879049,16383810.019822689,16856578.646843977
jsonpathly,71de2e2014a8a3bf9c957ee02e9e47c03c8b4721,rss,3,104934058.66666667,47296.53405201414,104816567.56279299,105051549.77054036
rfc9535,71de2e2014a8a3bf9c957ee02e9e47c03c8b4721,runtime_ns,3,1132576.1666666667,13466.601096168748,1099123.2750345757,1166029.0582987578
rfc9535,71de2e2014a8a3bf9c957ee02e9e47c03c8b4721,rss,3,85333333.33333333,3069993.2147555854,77707047.41374135,92959619.2529253
p3,71de2e2014a8a3bf9c957ee02e9e47c03c8b4721,runtime_ns,3,250743.0,2414.383513446031,244745.33886362045,256740.66113637955
p3,71de2e2014a8a3bf9c957ee02e9e47c03c8b4721,rss,3,68949333.33333333,18918.613620805656,68902336.89178385,68996329.77488281
plus,84433c89c92c1d90490c6d24480f31e0547518d7,runtime_ns,0,nan,0,nan,nan
plus,84433c89c92c1d90490c6d24480f31e0547518d7,rss,0,nan,0,nan,nan
dchester,84433c89c92c1d90490c6d24480f31e0547518d7,runtime_ns,0,nan,0,nan,nan
dchester,84433c89c92c1d90490c6d24480f31e0547518d7,rss,0,nan,0,nan,nan
jsonpathly,84433c89c92c1d90490c6d24480f31e0547518d7,runtime_ns,3,10157222.166666666,56508.30713783004,10016847.749878412,10297596.58345492
jsonpathly,84433c89c92c1d90490c6d24480f31e0547518d7,rss,3,104824832.0,755798.0222043453,102947325.63057587,106702338.36942413
rfc9535,84433c89c92c1d90490c6d24480f31e0547518d7,runtime_ns,6,939187.3333333334,35396.15531758593,902041.346427765,976333.3202389018
rfc9535,84433c89c92c1d90490c6d24480f31e0547518d7,rss,6,76464128.0,450723.81022173655,75991122.3698036,76937133.6301964
p3,84433c89c92c1d90490c6d24480f31e0547518d7,runtime_ns,3,303000.0,5928.114518968067,288273.74716385675,317726.25283614325
p3,84433c89c92c1d90490c6d24480f31e0547518d7,rss,3,68976640.0,188949.50555108633,68507263.40764397,69446016.59235603
plus,b17935402fcc60be542c9bf4b93fdfb89f64eded,runtime_ns,0,nan,0,nan,nan
plus,b17935402fcc60be542c9bf4b93fdfb89f64eded,rss,0,nan,0,nan,nan
dchester,b17935402fcc60be542c9bf4b93fdfb89f64eded,runtime_ns,0,nan,0,nan,nan
dchester,b17935402fcc60be542c9bf4b93fdfb89f64eded,rss,0,nan,0,nan,nan
jsonpathly,b17935402fcc60be542c9bf4b93fdfb89f64eded,runtime_ns,3,1101090.1666666667,10794.22369062886,1074275.8285277067,1127904.5048056268
jsonpathly,b17935402fcc60be542c9bf4b93fdfb89f64eded,rss,3,76595200.0,172616.15108673926,76166397.70942824,77024002.29057176
rfc9535,b17935402fcc60be542c9bf4b93fdfb89f64eded,runtime_ns,3,345965.3333333333,6348.759275112999,330194.14099520043,361736.5256714662
rfc9535,b17935402fcc60be542c9bf4b93fdfb89f64eded,rss,3,67971754.66666667,376950.70594088733,67035357.202568,68908152.13076533
p3,b17935402fcc60be542c9bf4b93fdfb89f64eded,runtime_ns,3,137986.33333333334,2186.338053305877,132555.1685244814,143417.49814218527
p3,b17935402fcc60be542c9bf4b93fdfb89f64eded,rss,3,64176128.0,161363.68622462737,63775278.38174236,64576977.61825764
plus,7c7fdeb1eca3c401e776f3764679c4d30755346d,runtime_ns,0,nan,0,nan,nan
plus,7c7fdeb1eca3c401e776f3764679c4d30755346d,rss,0,nan,0,nan,nan
dchester,7c7fdeb1eca3c401e776f3764679c4d30755346d,runtime_ns,0,nan,0,nan,nan
dchester,7c7fdeb1eca3c401e776f3764679c4d30755346d,rss,0,nan,0,nan,nan
jsonpathly,7c7fdeb1eca3c401e776f3764679c4d30755346d,runtime_ns,5,131920.9,5310.928795888719,125326.51091712131,138515.28908287868
jsonpathly,7c7fdeb1eca3c401e776f3764679c4d30755346d,rss,5,63861555.2,222364.1405334952,63585453.65220804,64137656.74779197
rfc9535,7c7fdeb1eca3c401e776f3764679c4d30755346d,runtime_ns,4,122380.25,2601.955562648986,118239.95806656768,126520.54193343232
rfc9535,7c7fdeb1eca3c401e776f3764679c4d30755346d,rss,4,63897600.0,32768.0,63845458.799734235,63949741.200265765
p3,7c7fdeb1eca3c401e776f3764679c4d30755346d,runtime_ns,5,97391.9,3472.4617060523506,93080.26931445357,101703.53068554642
p3,7c7fdeb1eca3c401e776f3764679c4d30755346d,rss,5,68288512.0,134608.29573246962,68121373.72532943,68455650.27467057
plus,37c6c49b088ff654d382e1bcdf8508eac5bb8800,runtime_ns,0,nan,0,nan,nan
plus,37c6c49b088ff654d382e1bcdf8508eac5bb8800,rss,0,nan,0,nan,nan
dchester,37c6c49b088ff654d382e1bcdf8508eac5bb8800,runtime_ns,0,nan,0,nan,nan
dchester,37c6c49b088ff654d382e1bcdf8508eac5bb8800,rss,0,nan,0,nan,nan
jsonpathly,37c6c49b088ff654d382e1bcdf8508eac5bb8800,runtime_ns,3,182986.0,2906.7064265247013,175765.34094888295,190206.65905111705
jsonpathly,37c6c49b088ff654d382e1bcdf8508eac5bb8800,rss,3,64907946.666666664,631652.2509271485,63338835.48942655,66477057.843906775
rfc9535,37c6c49b088ff654d382e1bcdf8508eac5bb8800,runtime_ns,3,150861.16666666666,1920.9276621813049,146089.31781949766,155633.01551383565
rfc9535,37c6c49b088ff654d382e1bcdf8508eac5bb8800,rss,3,64733184.0,107437.07278216397,64466295.515861765,65000072.484138235
p3,37c6c49b088ff654d382e1bcdf8508eac5bb8800,runtime_ns,5,157058.4,5305.048602510631,150471.31214154136,163645.48785845863
p3,37c6c49b088ff654d382e1bcdf8508eac5bb8800,rss,5,65332838.4,127753.18283628006,65174211.87221625,65491464.92778375
plus,be30157e77bff29533f0d1a472c499e04913ff32,runtime_ns,0,nan,0,nan,nan
plus,be30157e77bff29533f0d1a472c499e04913ff32,rss,0,nan,0,nan,nan
dchester,be30157e77bff29533f0d1a472c499e04913ff32,runtime_ns,0,nan,0,nan,nan
dchester,be30157e77bff29533f0d1a472c499e04913ff32,rss,0,nan,0,nan,nan
jsonpathly,be30157e77bff29533f0d1a472c499e04913ff32,runtime_ns,3,388257.0,7799.795301801195,368881.2343468626,407632.7656531374
jsonpathly,be30157e77bff29533f0d1a472c499e04913ff32,rss,3,67130709.33333333,18918.613620805656,67083712.89178385,67177705.77488281
rfc9535,be30157e77bff29533f0d1a472c499e04913ff32,runtime_ns,6,213097.16666666666,9340.530764719244,203294.88078662538,222899.45254670794
rfc9535,be30157e77bff29533f0d1a472c499e04913ff32,rss,6,65178282.666666664,888575.8844521196,64245779.46477051,66110785.86856282
p3,be30157e77bff29533f0d1a472c499e04913ff32,runtime_ns,6,110576.33333333333,4741.815134172426,105600.10353373463,115552.56313293203
p3,be30157e77bff29533f0d1a472c499e04913ff32,rss,6,64850602.666666664,201840.41808385818,64638784.13835796,65062421.19497537
plus,f96368c2c9eb3e26e1052a0e84ece656669b20c9,runtime_ns,0,nan,0,nan,nan
plus,f96368c2c9eb3e26e1052a0e84ece656669b20c9,rss,0,nan,0,nan,nan
dchester,f96368c2c9eb3e26e1052a0e84ece656669b20c9,runtime_ns,0,nan,0,nan,nan
dchester,f96368c2c9eb3e26e1052a0e84ece656669b20c9,rss,0,nan,0,nan,nan
jsonpathly,f96368c2c9eb3e26e1052a0e84ece656669b20c9,runtime_ns,3,371486.0,2359.903334884715,365623.6751297275,377348.3248702725
jsonpathly,f96368c2c9eb3e26e1052a0e84ece656669b20c9,rss,3,66349738.666666664,143145.28682891844,65994146.06139563,66705331.2719377
rfc9535,f96368c2c9eb3e26e1052a0e84ece656669b20c9,runtime_ns,3,218027.66666666666,3426.079185210601,209516.81415924215,226538.51917409117
rfc9535,f96368c2c9eb3e26e1052a0e84ece656669b20c9,rss,3,66224128.0,553430.081668859,64849331.463309325,67598924.53669068
p3,f96368c2c9eb3e26e1052a0e84ece656669b20c9,runtime_ns,5,158258.4,4794.625759639641,152305.08580939507,164211.71419060492
p3,f96368c2c9eb3e26e1052a0e84ece656669b20c9,rss,5,64467763.2,92246.430582435,64353224.12818299,64582302.27181701
plus,2e06b368a9aa8709fa228f613b1f156d63f5d13e,runtime_ns,0,nan,0,nan,nan
plus,2e06b368a9aa8709fa228f613b1f156d63f5d13e,rss,0,nan,0,nan,nan
dchester,2e06b368a9aa8709fa228f613b1f156d63f5d13e,runtime_ns,0,nan,0,nan,nan
dchester,2e06b368a9aa8709fa228f613b1f156d63f5d13e,rss,0,nan,0,nan,nan
jsonpathly,2e06b368a9aa8709fa228f613b1f156d63f5d13e,runtime_ns,6,119301.91666666667,5009.810769047735,114044.44269649326,124559.39063684008
jsonpathly,2e06b368a9aa8709fa228f613b1f156d63f5d13e,rss,6,62854485.333333336,102928.38609181953,62746468.61661161,62962502.050055064
rfc9535,2e06b368a9aa8709fa228f613b1f156d63f5d13e,runtime_ns,3,110520.83333333333,1346.6135612466308,107175.65980268616,113866.0068639805
rfc9535,2e06b368a9aa8709fa228f613b1f156d63f5d13e,rss,3,63815680.0,220424.17638725566,63268115.99085491,64363244.00914509
p3,2e06b368a9aa8709fa228f613b1f156d63f5d13e,runtime_ns,4,121447.875,2932.0672847838946,116782.30165134813,126113.44834865187
p3,2e06b368a9aa8709fa228f613b1f156d63f5d13e,rss,4,68145152.0,31014.411445863894,68095801.15044178,68194502.84955822
plus,7691367384cd2b80b05248746f0236fe5ffa1dc3,runtime_ns,0,nan,0,nan,nan
plus,7691367384cd2b80b05248746f0236fe5ffa1dc3,rss,0,nan,0,nan,nan
dchester,7691367384cd2b80b05248746f0236fe5ffa1dc3,runtime_ns,0,nan,0,nan,nan
dchester,7691367384cd2b80b05248746f0236fe5ffa1dc3,rss,0,nan,0,nan,nan
jsonpathly,7691367384cd2b80b05248746f0236fe5ffa1dc3,runtime_ns,3,338298.6666666667,5718.065720445449,324094.2039722413,352503.12936109205
jsonpathly,7691367384cd2b80b05248746f0236fe5ffa1dc3,rss,3,65448618.666666664,100107.89358154198,65199936.87297687,65697300.46035646
rfc9535,7691367384cd2b80b05248746f0236fe5ffa1dc3,runtime_ns,8,218661.5,107561.37785602095,128737.93775304776,308585.0622469522
rfc9535,7691367384cd2b80b05248746f0236fe5ffa1dc3,rss,8,64045056.0,341097.63443163474,63759891.24129675,64330220.75870325
p3,7691367384cd2b80b05248746f0236fe5ffa1dc3,runtime_ns,4,90218.875,1848.3094246274532,87277.80225028665,93159.94774971335
p3,7691367384cd2b80b05248746f0236fe5ffa1dc3,rss,4,67551232.0,700499.8312405221,66436580.45010837,68665883.54989164
plus,1dea2fe05e3cce49e397c424a94f815c6285916c,runtime_ns,0,nan,0,nan,nan
plus,1dea2fe05e3cce49e397c424a94f815c6285916c,rss,0,nan,0,nan,nan
dchester,1dea2fe05e3cce49e397c424a94f815c6285916c,runtime_ns,0,nan,0,nan,nan
dchester,1dea2fe05e3cce49e397c424a94f815c6285916c,rss,0,nan,0,nan,nan
jsonpathly,1dea2fe05e3cce49e397c424a94f815c6285916c,runtime_ns,5,1256029.3,42226.73404905949,1203597.8845695578,1308460.7154304422
jsonpathly,1dea2fe05e3cce49e397c424a94f815c6285916c,rss,5,68970086.4,134408.7280975458,68803195.92127693,69136976.87872308
rfc9535,1dea2fe05e3cce49e397c424a94f815c6285916c,runtime_ns,6,398690.9166666667,17371.12884477191,380461.0349517379,416920.79838159546
rfc9535,1dea2fe05e3cce49e397c424a94f815c6285916c,rss,6,67728725.33333333,449222.4704667685,67257295.26258337,68200155.40408328
p3,1dea2fe05e3cce49e397c424a94f815c6285916c,runtime_ns,3,129840.16666666667,620.1403738939542,128299.65257729775,131380.68075603558
p3,1dea2fe05e3cce49e397c424a94f815c6285916c,rss,3,63903061.333333336,116237.90812524687,63614310.36222444,64191812.304442234
plus,8548cacbb06c2d8e639f578102ff53e0561533ba,runtime_ns,0,nan,0,nan,nan
plus,8548cacbb06c2d8e639f578102ff53e0561533ba,rss,0,nan,0,nan,nan
dchester,8548cacbb06c2d8e639f578102ff53e0561533ba,runtime_ns,0,nan,0,nan,nan
dchester,8548cacbb06c2d8e639f578102ff53e0561533ba,rss,0,nan,0,nan,nan
jsonpathly,8548cacbb06c2d8e639f578102ff53e0561533ba,runtime_ns,3,96250.33333333333,1307.3563337259407,93002.68016202906,99497.98650463759
jsonpathly,8548cacbb06c2d8e639f578102ff53e0561533ba,rss,3,62690645.333333336,47296.53405201414,62573154.22945964,62808136.43720703
rfc9535,8548cacbb06c2d8e639f578102ff53e0561533ba,runtime_ns,3,107027.83333333333,964.6950727216001,104631.39792284588,109424.26874382078
rfc9535,8548cacbb06c2d8e639f578102ff53e0561533ba,rss,3,63761066.666666664,93163.36767921892,63529636.031661056,63992497.30167227
p3,8548cacbb06c2d8e639f578102ff53e0561533ba,runtime_ns,5,94708.2,3807.3902577750023,89980.70058980903,99435.69941019097
p3,8548cacbb06c2d8e639f578102ff53e0561533ba,rss,5,64900300.8,326736.56185251137,64494603.77425086,65305997.82574914
plus,e61110b6aec8d59256eb39b2095dd8643ff1263f,runtime_ns,3,2702.0,12.12435565298214,2671.8814308917536,2732.1185691082464
plus,e61110b6aec8d59256eb39b2095dd8643ff1263f,rss,3,54165504.0,59073.352097202,54018757.65829583,54312250.34170417
dchester,e61110b6aec8d59256eb39b2095dd8643ff1263f,runtime_ns,3,4673.5,31.752952618614856,4594.621292940677,4752.378707059323
dchester,e61110b6aec8d59256eb39b2095dd8643ff1263f,rss,3,59938133.333333336,331075.738364099,59115695.60621749,60760571.06044918
jsonpathly,e61110b6aec8d59256eb39b2095dd8643ff1263f,runtime_ns,4,9275.875,182.4976598023474,8985.480498419549,9566.269501580451
jsonpathly,e61110b6aec8d59256eb39b2095dd8643ff1263f,rss,4,56557568.0,46340.95001184158,56483829.207425736,56631306.792574264
rfc9535,e61110b6aec8d59256eb39b2095dd8643ff1263f,runtime_ns,6,5934.0,255.37266885867015,5666.002819844356,6201.997180155644
rfc9535,e61110b6aec8d59256eb39b2095dd8643ff1263f,rss,6,57756330.666666664,132058.15685320867,57617744.130325936,57894917.20300739
p3,e61110b6aec8d59256eb39b2095dd8643ff1263f,runtime_ns,5,1904.1,67.131773401274,1820.744893832065,1987.455106167935
p3,e61110b6aec8d59256eb39b2095dd8643ff1263f,rss,5,54476800.0,108059.90161017176,54342625.91052121,54610974.08947879
plus,ad96865ed54e46eef6e93d6f0cf2cca24644feac,runtime_ns,0,nan,0,nan,nan
plus,ad96865ed54e46eef6e93d6f0cf2cca24644feac,rss,0,nan,0,nan,nan
dchester,ad96865ed54e46eef6e93d6f0cf2cca24644feac,runtime_ns,0,nan,0,nan,nan
dchester,ad96865ed54e46eef6e93d6f0cf2cca24644feac,rss,0,nan,0,nan,nan
jsonpathly,ad96865ed54e46eef6e93d6f0cf2cca24644feac,runtime_ns,3,311819.3333333333,3513.707953620126,303090.7988976685,320547.86776899814
jsonpathly,ad96865ed54e46eef6e93d6f0cf2cca24644feac,rss,3,65470464.0,99659.98129640603,65222894.88210926,65718033.11789074
rfc9535,ad96865ed54e46eef6e93d6f0cf2cca24644feac,runtime_ns,3,179215.33333333334,2570.338515319205,172830.25849546454,185600.40817120214
rfc9535,ad96865ed54e46eef6e93d6f0cf2cca24644feac,rss,3,64279893.333333336,241536.68962982277,63679882.93385256,64879903.73281411
p3,ad96865ed54e46eef6e93d6f0cf2cca24644feac,runtime_ns,8,89124.9375,5387.272351421715,84621.06510369416,93628.80989630584
p3,ad96865ed54e46eef6e93d6f0cf2cca24644feac,rss,8,66902016.0,464561.420195128,66513632.933334865,67290399.06666514
plus,89e2f8b0823d3fea89526cde5fc3a88b9d842fb1,runtime_ns,0,nan,0,nan,nan
plus,89e2f8b0823d3fea89526cde5fc3a88b9d842fb1,rss,0,nan,0,nan,nan
dchester,89e2f8b0823d3fea89526cde5fc3a88b9d842fb1,runtime_ns,0,nan,0,nan,nan
dchester,89e2f8b0823d3fea89526cde5fc3a88b9d842fb1,rss,0,nan,0,nan,nan
jsonpathly,89e2f8b0823d3fea89526cde5fc3a88b9d842fb1,runtime_ns,5,326575.0,11859.183256025686,311849.879102892,341300.120897108
jsonpathly,89e2f8b0823d3fea89526cde5fc3a88b9d842fb1,rss,5,65319731.2,76322.01121039722,65224964.90640955,65414497.49359046
rfc9535,89e2f8b0823d3fea89526cde5fc3a88b9d842fb1,runtime_ns,3,160340.33333333334,1390.2317552600118,156886.8062020191,163793.8604646476
rfc9535,89e2f8b0823d3fea89526cde5fc3a88b9d842fb1,rss,3,63908522.666666664,200215.78716308397,63411159.07928707,64405886.25404626
p3,89e2f8b0823d3fea89526cde5fc3a88b9d842fb1,runtime_ns,8,85294.3125,5849.728448749322,80403.81713099305,90184.80786900695
p3,89e2f8b0823d3fea89526cde5fc3a88b9d842fb1,rss,8,66463744.0,447490.84536525916,66089632.291036874,66837855.708963126
plus,b504897732025425478d75583280c186b1a5d4f4,runtime_ns,8,17127.5625,2068.5554386282643,15398.206875755848,18856.918124244152
plus,b504897732025425478d75583280c186b1a5d4f4,rss,8,57110528.0,145162.6098415153,56989169.02113412,57231886.97886588
dchester,b504897732025425478d75583280c186b1a5d4f4,runtime_ns,8,71010.375,3966.1790784258415,67694.56631150594,74326.18368849406
dchester,b504897732025425478d75583280c186b1a5d4f4,rss,8,66377728.0,254564.71706144084,66164906.57062789,66590549.42937211
jsonpathly,b504897732025425478d75583280c186b1a5d4f4,runtime_ns,7,58973.357142857145,2657.8019068753933,56515.300349411846,61431.413936302444
jsonpathly,b504897732025425478d75583280c186b1a5d4f4,rss,7,59604992.0,343022.1686907908,59287749.405707486,59922234.594292514
rfc9535,b504897732025425478d75583280c186b1a5d4f4,runtime_ns,8,50036.5,7042.270073329642,44149.014882929616,55923.985117070384
rfc9535,b504897732025425478d75583280c186b1a5d4f4,rss,8,62320640.0,287771.32966298086,62080057.14775655,62561222.85224345
p3,b504897732025425478d75583280c186b1a5d4f4,runtime_ns,5,54024.8,2097.437770233005,51420.487032228906,56629.1129677711
p3,b504897732025425478d75583280c186b1a5d4f4,rss,5,61793894.4,91662.58654871136,61680080.266300224,61907708.53369977
plus,0011121c15e4cf031d876ebaa9e4b8279dc10feb,runtime_ns,8,18565.125,1089.7473412939087,17654.073423387938,19476.176576612062
plus,0011121c15e4cf031d876ebaa9e4b8279dc10feb,rss,8,56999936.0,136236.53836722992,56886039.403634585,57113832.596365415
dchester,0011121c15e4cf031d876ebaa9e4b8279dc10feb,runtime_ns,3,50721.666666666664,627.8776420078464,49161.9321377901,52281.40119554323
dchester,0011121c15e4cf031d876ebaa9e4b8279dc10feb,rss,3,65748992.0,139984.95736328242,65401250.08833611,66096733.91166389
jsonpathly,0011121c15e4cf031d876ebaa9e4b8279dc10feb,runtime_ns,5,29879.2,1060.4447533935938,28562.483927627105,31195.916072372896
jsonpathly,0011121c15e4cf031d876ebaa9e4b8279dc10feb,rss,5,57996083.2,154305.62189110284,57804487.46457738,58187678.93542263
rfc9535,0011121c15e4cf031d876ebaa9e4b8279dc10feb,runtime_ns,8,21401.0,2648.5849860956755,19186.727538909676,23615.272461090324
rfc9535,0011121c15e4cf031d876ebaa9e4b8279dc10feb,rss,8,59443200.0,114667.10013650073,59347335.905263275,59539064.094736725
p3,0011121c15e4cf031d876ebaa9e4b8279dc10feb,runtime_ns,5,35333.3,1312.4047870226625,33703.73422488369,36962.86577511632
p3,0011121c15e4cf031d876ebaa9e4b8279dc10feb,rss,5,58559692.8,332437.77949444915,58146916.77755894,58972468.82244106
plus,924c05bed6532d1d159f79dc9a35792851028875,runtime_ns,3,6743.166666666667,12.271240089466644,6712.68321639048,6773.650116942854
plus,924c05bed6532d1d159f79dc9a35792851028875,rss,3,54640640.0,43347.989480482254,54532957.62460298,54748322.37539702
dchester,924c05bed6532d1d159f79dc9a35792851028875,runtime_ns,8,19367.125,2265.7734370093453,17472.89100298733,21261.35899701267
dchester,924c05bed6532d1d159f79dc9a35792851028875,rss,8,61480960.0,186189.4780761945,61325301.70094098,61636618.29905902
jsonpathly,924c05bed6532d1d159f79dc9a35792851028875,runtime_ns,8,13351.375,690.2988871289223,12774.270688182514,13928.479311817486
jsonpathly,924c05bed6532d1d159f79dc9a35792851028875,rss,8,56983552.0,112152.21134562745,56889790.40490802,57077313.59509198
rfc9535,924c05bed6532d1d159f79dc9a35792851028875,runtime_ns,8,9986.9375,690.9082240841709,9409.323769739605,10564.551230260395
rfc9535,924c05bed6532d1d159f79dc9a35792851028875,rss,8,57862144.0,53225.48974746163,57817646.377007134,57906641.622992866
p3,924c05bed6532d1d159f79dc9a35792851028875,runtime_ns,4,7776.0,191.49281970872954,7471.292191714797,8080.707808285203
p3,924c05bed6532d1d159f79dc9a35792851028875,rss,4,55164928.0,58311.083360427,55072142.05410126,55257713.94589874
plus,26477ad907d92a2b6b0aa25c04bb05ca23bda970,runtime_ns,5,8612.5,243.1956516881007,8310.532714779183,8914.467285220817
plus,26477ad907d92a2b6b0aa25c04bb05ca23bda970,rss,5,55001088.0,34755.71250888118,54957933.0830458,55044242.9169542
dchester,26477ad907d92a2b6b0aa25c04bb05ca23bda970,runtime_ns,5,30945.9,1236.1462999985074,29411.021642779066,32480.778357220937
dchester,26477ad907d92a2b6b0aa25c04bb05ca23bda970,rss,5,63415910.4,210965.8707108806,63153961.67348859,63677859.12651141
jsonpathly,26477ad907d92a2b6b0aa25c04bb05ca23bda970,runtime_ns,3,29014.0,205.40752177074722,28503.73942889211,29524.26057110789
jsonpathly,26477ad907d92a2b6b0aa25c04bb05ca23bda970,rss,3,57709909.333333336,34106.01573525312,57625185.293447845,57794633.37321883
rfc9535,26477ad907d92a2b6b0aa25c04bb05ca23bda970,runtime_ns,3,14166.666666666666,74.95387470527012,13980.470919869495,14352.862413463838
rfc9535,26477ad907d92a2b6b0aa25c04bb05ca23bda970,rss,3,58305194.666666664,62028.82289172779,58151106.52850584,58459282.80482749
p3,26477ad907d92a2b6b0aa25c04bb05ca23bda970,runtime_ns,8,25791.75,1884.1120113805791,24216.592939792,27366.907060208
p3,26477ad907d92a2b6b0aa25c04bb05ca23bda970,rss,8,57387008.0,80235.01388866513,57319929.849741824,57454086.150258176
plus,3d4d39b5a59612d0c55d1bff8ceab4ac7b1e8b51,runtime_ns,3,10180.5,122.11060560000512,9877.160439624357,10483.839560375643
plus,3d4d39b5a59612d0c55d1bff8ceab4ac7b1e8b51,rss,3,55519914.666666664,141257.57406006,55169011.3998737,55870817.933459625
dchester,3d4d39b5a59612d0c55d1bff8ceab4ac7b1e8b51,runtime_ns,0,nan,0,nan,nan
dchester,3d4d39b5a59612d0c55d1bff8ceab4ac7b1e8b51,rss,0,nan,0,nan,nan
jsonpathly,3d4d39b5a59612d0c55d1bff8ceab4ac7b1e8b51,runtime_ns,5,38550.0,1255.7175239678706,36990.82075857552,40109.17924142448
jsonpathly,3d4d39b5a59612d0c55d1bff8ceab4ac7b1e8b51,rss,5,58536755.2,359030.2298848942,58090960.28928511,58982550.1107149
rfc9535,3d4d39b5a59612d0c55d1bff8ceab4ac7b1e8b51,runtime_ns,3,36611.0,114.34268669224106,36326.95701992495,36895.04298007505
rfc9535,3d4d39b5a59612d0c55d1bff8ceab4ac7b1e8b51,rss,3,60336810.666666664,73879.5479502503,60153283.69547638,60520337.637856945
p3,3d4d39b5a59612d0c55d1bff8ceab4ac7b1e8b51,runtime_ns,8,30382.8125,2766.6534443710148,28069.83233760693,32695.79266239307
p3,3d4d39b5a59612d0c55d1bff8ceab4ac7b1e8b51,rss,8,58755072.0,308814.6519099858,58496896.490097456,59013247.509902544
plus,c554b23a7356b29cd256ac75a15e0fc1f5ca65a3,runtime_ns,6,4607.5,209.58291915134689,4387.556215129138,4827.443784870862
plus,c554b23a7356b29cd256ac75a15e0fc1f5ca65a3,rss,6,54394880.0,118600.24407394785,54270416.67696843,54519343.32303157
dchester,c554b23a7356b29cd256ac75a15e0fc1f5ca65a3,runtime_ns,8,21359.4375,1802.5315816036543,19852.483385881053,22866.391614118947
dchester,c554b23a7356b29cd256ac75a15e0fc1f5ca65a3,rss,8,62382080.0,389295.5032788625,62056620.8145625,62707539.1854375
jsonpathly,c554b23a7356b29cd256ac75a15e0fc1f5ca65a3,runtime_ns,8,14278.625,804.5774290183103,13605.981436269649,14951.268563730351
jsonpathly,c554b23a7356b29cd256ac75a15e0fc1f5ca65a3,rss,8,57042944.0,77808.59998006096,56977894.38253395,57107993.61746605
rfc9535,c554b23a7356b29cd256ac75a15e0fc1f5ca65a3,runtime_ns,8,10695.1875,985.6532981262442,9871.160721293132,11519.214278706868
rfc9535,c554b23a7356b29cd256ac75a15e0fc1f5ca65a3,rss,8,57759744.0,34961.9796758871,57730515.05352937,57788972.94647063
p3,c554b23a7356b29cd256ac75a15e0fc1f5ca65a3,runtime_ns,4,9911.375,167.16876452655063,9645.372191486818,10177.377808513182
p3,c554b23a7356b29cd256ac75a15e0fc1f5ca65a3,rss,4,55189504.0,120025.14794269852,54998517.20569432,55380490.79430568
plus,78efd15aa97d99a53b1db2305efeddd01c2ad18e,runtime_ns,8,14466.25,1167.4501518878042,13490.237248062012,15442.262751937988
plus,78efd15aa97d99a53b1db2305efeddd01c2ad18e,rss,8,56393728.0,83542.33571070418,56323884.85950404,56463571.14049596
dchester,78efd15aa97d99a53b1db2305efeddd01c2ad18e,runtime_ns,6,52111.083333333336,2348.8305902441466,49646.13679985321,54576.029866813464
dchester,78efd15aa97d99a53b1db2305efeddd01c2ad18e,rss,6,64883370.666666664,139568.85847876905,64736902.132359445,65029839.20097388
jsonpathly,78efd15aa97d99a53b1db2305efeddd01c2ad18e,runtime_ns,8,44981.75,4744.706524117166,41015.076078845064,48948.423921154936
jsonpathly,78efd15aa97d99a53b1db2305efeddd01c2ad18e,rss,8,58660864.0,223608.8038747261,58473922.36170013,58847805.63829987
rfc9535,78efd15aa97d99a53b1db2305efeddd01c2ad18e,runtime_ns,5,30345.9,945.2934993958226,29172.163094064155,31519.636905935848
rfc9535,78efd15aa97d99a53b1db2305efeddd01c2ad18e,rss,5,60089958.4,117348.79161201448,59944250.63022264,60235666.169777356
p3,78efd15aa97d99a53b1db2305efeddd01c2ad18e,runtime_ns,8,42276.0,3130.227262402159,39659.0645191761,44892.9354808239
p3,78efd15aa97d99a53b1db2305efeddd01c2ad18e,rss,8,59035648.0,286970.66593742894,58795734.5193823,59275561.4806177
plus,e92d346c266a656f6efe22ace1f565b2b2b3fcbb,runtime_ns,3,30180.333333333332,449.26393504635263,29064.299849755338,31296.366816911326
plus,e92d346c266a656f6efe22ace1f565b2b2b3fcbb,rss,3,56431957.333333336,52667.19135603619,56301124.77711383,56562789.88955284
dchester,e92d346c266a656f6efe22ace1f565b2b2b3fcbb,runtime_ns,0,nan,0,nan,nan
dchester,e92d346c266a656f6efe22ace1f565b2b2b3fcbb,rss,0,nan,0,nan,nan
jsonpathly,e92d346c266a656f6efe22ace1f565b2b2b3fcbb,runtime_ns,3,324055.5,5047.407676223509,311517.0442449151,336593.9557550849
jsonpathly,e92d346c266a656f6efe22ace1f565b2b2b3fcbb,rss,3,77807616.0,818544.3776460749,75774239.04274818,79840992.95725182
rfc9535,e92d346c266a656f6efe22ace1f565b2b2b3fcbb,runtime_ns,4,209526.125,5015.096283140202,201545.9876815392,217506.2623184608
rfc9535,e92d346c266a656f6efe22ace1f565b2b2b3fcbb,rss,4,79327232.0,857972.6855885332,77962005.99835722,80692458.00164278
p3,e92d346c266a656f6efe22ace1f565b2b2b3fcbb,runtime_ns,0,nan,0,nan,nan
p3,e92d346c266a656f6efe22ace1f565b2b2b3fcbb,rss,0,nan,0,nan,nan
plus,95d397d8bdba40fd9aeb8f442db35d8041df7594,runtime_ns,3,2687.3333333333335,20.750502001959696,2635.7862287725147,2738.8804378941522
plus,95d397d8bdba40fd9aeb8f442db35d8041df7594,rss,3,54323882.666666664,37837.22724161131,54229889.78356771,54417875.54976562
dchester,95d397d8bdba40fd9aeb8f442db35d8041df7594,runtime_ns,3,4659.666666666667,86.66939098282238,4444.367964071804,4874.96536926153
dchester,95d397d8bdba40fd9aeb8f442db35d8041df7594,rss,3,59976362.666666664,47296.53405201414,59858871.56279297,60093853.77054036
jsonpathly,95d397d8bdba40fd9aeb8f442db35d8041df7594,runtime_ns,8,9096.5,583.6443388620456,8608.56112192059,9584.43887807941
jsonpathly,95d397d8bdba40fd9aeb8f442db35d8041df7594,rss,8,56532992.0,57427.53099839335,56484981.3826078,56581002.6173922
rfc9535,95d397d8bdba40fd9aeb8f442db35d8041df7594,runtime_ns,7,5967.142857142857,320.2110910901477,5670.996990983852,6263.288723301862
rfc9535,95d397d8bdba40fd9aeb8f442db35d8041df7594,rss,7,57713810.28571428,77921.46278083313,57641744.952158704,57785875.61926986
p3,95d397d8bdba40fd9aeb8f442db35d8041df7594,runtime_ns,3,1944.3333333333333,23.671361036774655,1885.5304126934238,2003.1362539732427
p3,95d397d8bdba40fd9aeb8f442db35d8041df7594,rss,3,54618794.666666664,235344.8160069249,54034165.73395892,55203423.599374406
plus,ae4d450de1d4942d00a5eb1f1e229280b0f7553b,runtime_ns,8,5122.375,278.8059681160768,4889.287377579733,5355.462622420267
plus,ae4d450de1d4942d00a5eb1f1e229280b0f7553b,rss,8,54493184.0,151433.34351079073,54366582.55659264,54619785.44340736
dchester,ae4d450de1d4942d00a5eb1f1e229280b0f7553b,runtime_ns,8,47208.4375,5579.698893805625,42543.69248838434,51873.18251161566
dchester,ae4d450de1d4942d00a5eb1f1e229280b0f7553b,rss,8,64694272.0,171822.8933224973,64550624.466367446,64837919.533632554
jsonpathly,ae4d450de1d4942d00a5eb1f1e229280b0f7553b,runtime_ns,3,26076.333333333332,468.46887125329187,24912.59214347192,27240.074523194744
jsonpathly,ae4d450de1d4942d00a5eb1f1e229280b0f7553b,rss,3,57595221.333333336,62028.82289172779,57441133.19517251,57749309.47149416
rfc9535,ae4d450de1d4942d00a5eb1f1e229280b0f7553b,runtime_ns,6,19267.333333333332,749.3422893889458,18480.946828367323,20053.71983829934
rfc9535,ae4d450de1d4942d00a5eb1f1e229280b0f7553b,rss,6,58160469.333333336,73576.13990055925,58083255.90987571,58237682.75679096
p3,ae4d450de1d4942d00a5eb1f1e229280b0f7553b,runtime_ns,4,21479.125,459.17360097607235,20748.477335044943,22209.772664955057
p3,ae4d450de1d4942d00a5eb1f1e229280b0f7553b,rss,4,56360960.0,188712.57817820905,56060676.1764081,56661243.8235919
plus,9f9734cc745a4bc231eb6ea171b9bd580d6695aa,runtime_ns,8,10445.4375,831.7502817853446,9750.076862856044,11140.798137143956
plus,9f9734cc745a4bc231eb6ea171b9bd580d6695aa,rss,8,55863296.0,76816.57725852075,55799075.734283894,55927516.265716106
dchester,9f9734cc745a4bc231eb6ea171b9bd580d6695aa,runtime_ns,3,34611.166666666664,306.7492189612442,33849.15936379508,35373.17396953825
dchester,9f9734cc745a4bc231eb6ea171b9bd580d6695aa,rss,3,63302314.666666664,80820.35281618939,63101545.780359,63503083.55297433
jsonpathly,9f9734cc745a4bc231eb6ea171b9bd580d6695aa,runtime_ns,4,40203.25,1252.2679758475554,38210.61220351942,42195.88779648058
jsonpathly,9f9734cc745a4bc231eb6ea171b9bd580d6695aa,rss,4,57561088.0,81783.35269886328,57430952.4356849,57691223.5643151
rfc9535,9f9734cc745a4bc231eb6ea171b9bd580d6695aa,runtime_ns,5,15237.4,582.5891991789755,14514.019965637104,15960.780034362895
rfc9535,9f9734cc745a4bc231eb6ea171b9bd580d6695aa,rss,5,58061619.2,35519.665584011345,58017515.7100161,58105722.689983904
p3,9f9734cc745a4bc231eb6ea171b9bd580d6695aa,runtime_ns,8,21580.6875,2358.989582994925,19608.522854709696,23552.852145290304
p3,9f9734cc745a4bc231eb6ea171b9bd580d6695aa,rss,8,57104384.0,238705.2974407684,56904821.37723567,57303946.62276433
plus,a40e607b0d1e9bb816d66b6fdc6503ded9953c91,runtime_ns,4,42437.5,1079.9477610822973,40719.06211892211,44155.93788107789
plus,a40e607b0d1e9bb816d66b6fdc6503ded9953c91,rss,4,56438784.0,31014.411445863894,56389433.15044178,56488134.84955822
dchester,a40e607b0d1e9bb816d66b6fdc6503ded9953c91,runtime_ns,0,nan,0,nan,nan
dchester,a40e607b0d1e9bb816d66b6fdc6503ded9953c91,rss,0,nan,0,nan,nan
jsonpathly,a40e607b0d1e9bb816d66b6fdc6503ded9953c91,runtime_ns,3,993465.5,3886.829331215869,983810.0806791893,1003120.9193208107
jsonpathly,a40e607b0d1e9bb816d66b6fdc6503ded9953c91,rss,3,95005354.66666667,421337.53084828955,93958694.21691066,96052015.11642268
rfc9535,a40e607b0d1e9bb816d66b6fdc6503ded9953c91,runtime_ns,3,254840.16666666666,4426.1617213262025,243844.97141641448,265835.36191691883
rfc9535,a40e607b0d1e9bb816d66b6fdc6503ded9953c91,rss,3,78861653.33333333,2028530.6464308922,73822503.85509308,83900802.81157358
p3,a40e607b0d1e9bb816d66b6fdc6503ded9953c91,runtime_ns,0,nan,0,nan,nan
p3,a40e607b0d1e9bb816d66b6fdc6503ded9953c91,rss,0,nan,0,nan,nan
plus,7a7d929be89240d8635d36d2b2d17312a87bec0b,runtime_ns,6,4948.083333333333,233.83507364522256,4702.688473192335,5193.478193474331
plus,7a7d929be89240d8635d36d2b2d17312a87bec0b,rss,6,54465877.333333336,114297.23906843361,54345929.73711321,54585824.929553464
dchester,7a7d929be89240d8635d36d2b2d17312a87bec0b,runtime_ns,4,17760.5,362.70120852661444,17183.36143950127,18337.63856049873
dchester,7a7d929be89240d8635d36d2b2d17312a87bec0b,rss,4,61288448.0,316957.3621293564,60784098.10697948,61792797.89302052
jsonpathly,7a7d929be89240d8635d36d2b2d17312a87bec0b,runtime_ns,3,38875.166666666664,399.09188582747873,37883.76746262907,39866.56587070426
jsonpathly,7a7d929be89240d8635d36d2b2d17312a87bec0b,rss,3,57376768.0,71416.2002909704,57199360.323627286,57554175.676372714
rfc9535,7a7d929be89240d8635d36d2b2d17312a87bec0b,runtime_ns,8,10166.6875,1037.4835605410126,9299.329537540829,11034.045462459171
rfc9535,7a7d929be89240d8635d36d2b2d17312a87bec0b,rss,8,57911296.0,124757.61683245751,57806996.0221954,58015595.9778046
p3,7a7d929be89240d8635d36d2b2d17312a87bec0b,runtime_ns,8,13778.6875,1150.2180208707018,12817.081170116573,14740.293829883427
p3,7a7d929be89240d8635d36d2b2d17312a87bec0b,rss,8,56340480.0,38919.69848657251,56307942.31780171,56373017.68219829
plus,83eeb6b3c4455736215b65a03f9efcd76d4a4562,runtime_ns,4,3869.25,80.54553577531988,3741.0840786323683,3997.4159213676317
plus,83eeb6b3c4455736215b65a03f9efcd76d4a4562,rss,4,54358016.0,134025.3928577218,54144751.69184288,54571280.30815712
dchester,83eeb6b3c4455736215b65a03f9efcd76d4a4562,runtime_ns,3,10201.5,198.09278129199964,9709.410251567033,10693.589748432967
dchester,83eeb6b3c4455736215b65a03f9efcd76d4a4562,rss,3,60549802.666666664,146847.9314302157,60185012.18230834,60914593.15102499
jsonpathly,83eeb6b3c4455736215b65a03f9efcd76d4a4562,runtime_ns,3,19374.833333333332,146.00028538784892,19012.148518475067,19737.518148191597
jsonpathly,83eeb6b3c4455736215b65a03f9efcd76d4a4562,rss,3,57098240.0,71416.2002909704,56920832.323627286,57275647.676372714
rfc9535,83eeb6b3c4455736215b65a03f9efcd76d4a4562,runtime_ns,8,7356.5625,1579.7362220478456,6035.869967711722,8677.255032288278
rfc9535,83eeb6b3c4455736215b65a03f9efcd76d4a4562,rss,8,57729024.0,58747.876606004116,57679909.54605606,57778138.45394394
p3,83eeb6b3c4455736215b65a03f9efcd76d4a4562,runtime_ns,3,5131.833333333333,11.835680518387328,5102.431873013378,5161.234793653288
p3,83eeb6b3c4455736215b65a03f9efcd76d4a4562,rss,3,54815402.666666664,66215.1476728198,54650915.12124349,54979890.21208984
plus,c87cab879a0868d35a0877a63f77b6718a08603b,runtime_ns,3,4527.666666666667,11.98262631201246,4497.900172759185,4557.433160574149
plus,c87cab879a0868d35a0877a63f77b6718a08603b,rss,3,54291114.666666664,50053.94679077099,54166773.76982176,54415455.563511565
dchester,c87cab879a0868d35a0877a63f77b6718a08603b,runtime_ns,0,nan,0,nan,nan
dchester,c87cab879a0868d35a0877a63f77b6718a08603b,rss,0,nan,0,nan,nan
jsonpathly,c87cab879a0868d35a0877a63f77b6718a08603b,runtime_ns,8,25776.0625,8725.617646732195,18481.26359319048,33070.86140680952
jsonpathly,c87cab879a0868d35a0877a63f77b6718a08603b,rss,8,57726976.0,108657.10549114717,57636136.386525676,57817815.613474324
rfc9535,c87cab879a0868d35a0877a63f77b6718a08603b,runtime_ns,5,18300.0,612.9336220179148,17538.942388251722,19061.057611748278
rfc9535,c87cab879a0868d35a0877a63f77b6718a08603b,rss,5,58297548.8,51027.67801105592,58234189.56930173,58360908.03069826
p3,c87cab879a0868d35a0877a63f77b6718a08603b,runtime_ns,4,19703.125,581.8611482418579,18777.25406929478,20628.99593070522
p3,c87cab879a0868d35a0877a63f77b6718a08603b,rss,4,56791040.0,143691.1983757762,56562395.23831361,57019684.76168639
plus,f07e57427e1dd1086136d3ed1dbe5d6118f92215,runtime_ns,4,4979.25,98.07267713282839,4823.194485504674,5135.305514495326
plus,f07e57427e1dd1086136d3ed1dbe5d6118f92215,rss,4,54304768.0,55962.013783160684,54215719.947999775,54393816.052000225
dchester,f07e57427e1dd1086136d3ed1dbe5d6118f92215,runtime_ns,8,41361.8125,3184.38530665653,38699.599761104895,44024.025238895105
dchester,f07e57427e1dd1086136d3ed1dbe5d6118f92215,rss,8,64749568.0,102878.69823659874,64663559.25588417,64835576.74411583
jsonpathly,f07e57427e1dd1086136d3ed1dbe5d6118f92215,runtime_ns,4,27296.875,655.3942038956402,26253.99656865398,28339.75343134602
jsonpathly,f07e57427e1dd1086136d3ed1dbe5d6118f92215,rss,4,58019840.0,135354.05377010323,57804461.495837085,58235218.504162915
rfc9535,f07e57427e1dd1086136d3ed1dbe5d6118f92215,runtime_ns,6,24340.0,1092.4594729325204,23193.53409396263,25486.46590603737
rfc9535,f07e57427e1dd1086136d3ed1dbe5d6118f92215,rss,6,58974208.0,100331.09986439897,58868916.96801233,59079499.03198767
p3,f07e57427e1dd1086136d3ed1dbe5d6118f92215,runtime_ns,8,24309.9375,1826.5056888085512,22782.940530680364,25836.934469319636
p3,f07e57427e1dd1086136d3ed1dbe5d6118f92215,rss,8,57049088.0,557950.2066631292,56582629.954002,57515546.045998
plus,9973a75ad4df968ed71cba938876a294b3aee609,runtime_ns,7,4083.214285714286,187.16344397853112,3910.1169703101787,4256.311601118393
plus,9973a75ad4df968ed71cba938876a294b3aee609,rss,7,54270829.71428572,96400.10287289512,54181674.489006296,54359984.93956514
dchester,9973a75ad4df968ed71cba938876a294b3aee609,runtime_ns,3,15354.166666666666,95.19760151040221,15117.682714686496,15590.650618646836
dchester,9973a75ad4df968ed71cba938876a294b3aee609,rss,3,61188778.666666664,41232.162462491986,61086352.29695657,61291205.03637676
jsonpathly,9973a75ad4df968ed71cba938876a294b3aee609,runtime_ns,3,10597.333333333334,73.22795458930513,10415.425009783701,10779.241656882967
jsonpathly,9973a75ad4df968ed71cba938876a294b3aee609,rss,3,56743253.333333336,41232.162462491986,56640826.96362324,56845679.70304343
rfc9535,9973a75ad4df968ed71cba938876a294b3aee609,runtime_ns,6,7770.916666666667,319.9133346184036,7435.188211640145,8106.645121693189
rfc9535,9973a75ad4df968ed71cba938876a294b3aee609,rss,6,57778176.0,33974.585513292135,57742521.85911166,57813830.14088834
p3,9973a75ad4df968ed71cba938876a294b3aee609,runtime_ns,7,7145.714285714285,371.064331478031,6802.537016394351,7488.89155503422
p3,9973a75ad4df968ed71cba938876a294b3aee609,rss,7,55010450.28571428,28151.79793970707,54984414.215082236,55036486.35634633
plus,596540935f6793d5439d6748b3c16d714f1f6a87,runtime_ns,3,2680.6666666666665,11.846237095944574,2651.238982354295,2710.094350979038
plus,596540935f6793d5439d6748b3c16d714f1f6a87,rss,3,54263808.0,99659.98129640603,54016238.88210926,54511377.11789074
dchester,596540935f6793d5439d6748b3c16d714f1f6a87,runtime_ns,3,4458.5,0.5,4457.257931144125,4459.742068855875
dchester,596540935f6793d5439d6748b3c16d714f1f6a87,rss,3,59965440.0,86695.97896096451,59750075.249205954,60180804.750794046
jsonpathly,596540935f6793d5439d6748b3c16d714f1f6a87,runtime_ns,5,8666.4,326.01081270411873,8261.604110840146,9071.195889159853
jsonpathly,596540935f6793d5439d6748b3c16d714f1f6a87,rss,5,56524800.0,86695.97896096451,56417152.72413514,56632447.27586486
rfc9535,596540935f6793d5439d6748b3c16d714f1f6a87,runtime_ns,5,5991.8,218.7385997029331,5720.200155731363,6263.399844268637
rfc9535,596540935f6793d5439d6748b3c16d714f1f6a87,rss,5,57697894.4,80764.97743948178,57597611.43519765,57798177.364802346
p3,596540935f6793d5439d6748b3c16d714f1f6a87,runtime_ns,4,1880.25,46.26463732341006,1806.6326379424115,1953.8673620575885
p3,596540935f6793d5439d6748b3c16d714f1f6a87,rss,4,54513664.0,207835.8457886095,54182950.79023226,54844377.20976774
plus,0181e47902b35f472e23808acc1472b0dc6747fd,runtime_ns,0,nan,0,nan,nan
plus,0181e47902b35f472e23808acc1472b0dc6747fd,rss,0,nan,0,nan,nan
dchester,0181e47902b35f472e23808acc1472b0dc6747fd,runtime_ns,0,nan,0,nan,nan
dchester,0181e47902b35f472e23808acc1472b0dc6747fd,rss,0,nan,0,nan,nan
jsonpathly,0181e47902b35f472e23808acc1472b0dc6747fd,runtime_ns,3,158423.83333333334,2239.805869563997,152859.84710574968,163987.819560917
jsonpathly,0181e47902b35f472e23808acc1472b0dc6747fd,rss,3,68425045.33333333,817942.9288387628,66393162.45774544,70456928.20892121
rfc9535,0181e47902b35f472e23808acc1472b0dc6747fd,runtime_ns,5,159175.1,5951.517783305365,151785.31463380027,166564.88536619974
rfc9535,0181e47902b35f472e23808acc1472b0dc6747fd,rss,5,67701964.8,738135.1129997814,66785449.0043781,68618480.5956219
p3,0181e47902b35f472e23808acc1472b0dc6747fd,runtime_ns,4,124296.875,3021.482841668971,119489.02154702623,129104.72845297377
p3,0181e47902b35f472e23808acc1472b0dc6747fd,rss,4,65912832.0,165470.28891012428,65649531.84521187,66176132.15478813
plus,335db739aab3f1dcef0595143bb06ef6c4856600,runtime_ns,0,nan,0,nan,nan
plus,335db739aab3f1dcef0595143bb06ef6c4856600,rss,0,nan,0,nan,nan
dchester,335db739aab3f1dcef0595143bb06ef6c4856600,runtime_ns,0,nan,0,nan,nan
dchester,335db739aab3f1dcef0595143bb06ef6c4856600,rss,0,nan,0,nan,nan
jsonpathly,335db739aab3f1dcef0595143bb06ef6c4856600,runtime_ns,3,50111.166666666664,568.6708919342833,48698.50985843802,51523.82347489531
jsonpathly,335db739aab3f1dcef0595143bb06ef6c4856600,rss,3,59200853.333333336,159130.17108434634,58805552.07426543,59596154.592401244
rfc9535,335db739aab3f1dcef0595143bb06ef6c4856600,runtime_ns,8,36419.3125,2401.0122112127747,34412.01605833771,38426.60894166229
rfc9535,335db739aab3f1dcef0595143bb06ef6c4856600,rss,8,58843136.0,156416.0299275164,58712368.92650234,58973903.07349766
p3,335db739aab3f1dcef0595143bb06ef6c4856600,runtime_ns,3,40340.166666666664,583.6527934768524,38890.29275182239,41790.04058151094
p3,335db739aab3f1dcef0595143bb06ef6c4856600,rss,3,59938133.333333336,481124.559295546,58742953.67153801,61133312.99512866
plus,df6fa32a4b25eeed096bf1bd0c009a8e96a148c3,runtime_ns,0,nan,0,nan,nan
plus,df6fa32a4b25eeed096bf1bd0c009a8e96a148c3,rss,0,nan,0,nan,nan
dchester,df6fa32a4b25eeed096bf1bd0c009a8e96a148c3,runtime_ns,0,nan,0,nan,nan
dchester,df6fa32a4b25eeed096bf1bd0c009a8e96a148c3,rss,0,nan,0,nan,nan
jsonpathly,df6fa32a4b25eeed096bf1bd0c009a8e96a148c3,runtime_ns,3,159194.5,1054.4144109409735,156575.18939796853,161813.81060203147
jsonpathly,df6fa32a4b25eeed096bf1bd0c009a8e96a148c3,rss,3,67097941.333333336,90236.0358467355,66873782.5937276,67322100.07293907
rfc9535,df6fa32a4b25eeed096bf1bd0c009a8e96a148c3,runtime_ns,5,147991.5,4173.322192809944,142809.63608028312,153173.36391971688
rfc9535,df6fa32a4b25eeed096bf1bd0c009a8e96a148c3,rss,5,68567040.0,141415.8459013699,68391449.03536874,68742630.96463126
p3,df6fa32a4b25eeed096bf1bd0c009a8e96a148c3,runtime_ns,6,113729.0,4329.007957950644,109185.98476353326,118272.01523646674
p3,df6fa32a4b25eeed096bf1bd0c009a8e96a148c3,rss,6,65931946.666666664,194802.01649332757,65727514.48783496,66136378.84549837
plus,34e313cbe11c0a432e9a24254c0884bbd79f7d61,runtime_ns,0,nan,0,nan,nan
plus,34e313cbe11c0a432e9a24254c0884bbd79f7d61,rss,0,nan,0,nan,nan
dchester,34e313cbe11c0a432e9a24254c0884bbd79f7d61,runtime_ns,0,nan,0,nan,nan
dchester,34e313cbe11c0a432e9a24254c0884bbd79f7d61,rss,0,nan,0,nan,nan
jsonpathly,34e313cbe11c0a432e9a24254c0884bbd79f7d61,runtime_ns,5,140408.4,4166.075962461558,135235.53346362937,145581.26653637062
jsonpathly,34e313cbe11c0a432e9a24254c0884bbd79f7d61,rss,5,63576473.6,95954.86512314006,63457329.8985241,63695617.301475905
rfc9535,34e313cbe11c0a432e9a24254c0884bbd79f7d61,runtime_ns,4,150151.125,4396.455700807944,143155.38289931012,157146.86710068988
rfc9535,34e313cbe11c0a432e9a24254c0884bbd79f7d61,rss,4,68378624.0,527096.4778482208,67539895.88077193,69217352.11922807
p3,34e313cbe11c0a432e9a24254c0884bbd79f7d61,runtime_ns,5,113020.7,3118.9883896866304,109147.96440571058,116893.43559428942
p3,34e313cbe11c0a432e9a24254c0884bbd79f7d61,rss,5,65290240.0,184274.48326884545,65061433.008337475,65519046.991662525
plus,6ec57ca6d886ae0b2c05bec16a16768ff85dcaf9,runtime_ns,0,nan,0,nan,nan
plus,6ec57ca6d886ae0b2c05bec16a16768ff85dcaf9,rss,0,nan,0,nan,nan
dchester,6ec57ca6d886ae0b2c05bec16a16768ff85dcaf9,runtime_ns,0,nan,0,nan,nan
dchester,6ec57ca6d886ae0b2c05bec16a16768ff85dcaf9,rss,0,nan,0,nan,nan
jsonpathly,6ec57ca6d886ae0b2c05bec16a16768ff85dcaf9,runtime_ns,4,145692.5,3204.865779820844,140592.84337003948,150792.15662996052
jsonpathly,6ec57ca6d886ae0b2c05bec16a16768ff85dcaf9,rss,4,63623168.0,121414.91036387032,63429969.78355307,63816366.21644693
rfc9535,6ec57ca6d886ae0b2c05bec16a16768ff85dcaf9,runtime_ns,4,167145.875,3819.29616934412,161068.5225085433,173223.2274914567
rfc9535,6ec57ca6d886ae0b2c05bec16a16768ff85dcaf9,rss,4,69296128.0,316992.6482260012,68791721.95892553,69800534.04107447
p3,6ec57ca6d886ae0b2c05bec16a16768ff85dcaf9,runtime_ns,3,120840.16666666667,1744.489705711482,116506.61400094854,125173.7193323848
p3,6ec57ca6d886ae0b2c05bec16a16768ff85dcaf9,rss,3,65475925.333333336,62028.82289172779,65321837.19517251,65630013.47149416
plus,ee34fd231680d993ab3981567d80b05bd35a7abb,runtime_ns,3,2736.3333333333335,43.15476026272575,2629.130965923152,2843.535700743515
plus,ee34fd231680d993ab3981567d80b05bd35a7abb,rss,3,54373034.666666664,68212.03147050623,54203586.58689568,54542482.74643765
dchester,ee34fd231680d993ab3981567d80b05bd35a7abb,runtime_ns,3,4750.0,74.74623736349542,4564.320052953899,4935.679947046101
dchester,ee34fd231680d993ab3981567d80b05bd35a7abb,rss,3,59757909.333333336,152233.1360162213,59379741.259177424,60136077.40748925
jsonpathly,ee34fd231680d993ab3981567d80b05bd35a7abb,runtime_ns,3,8527.666666666666,66.93529213601248,8361.390183224572,8693.94315010876
jsonpathly,ee34fd231680d993ab3981567d80b05bd35a7abb,rss,3,56568490.666666664,37837.22724161131,56474497.78356771,56662483.54976562
rfc9535,ee34fd231680d993ab3981567d80b05bd35a7abb,runtime_ns,7,5839.428571428572,275.9194369997984,5584.245653241,6094.611489616143
rfc9535,ee34fd231680d993ab3981567d80b05bd35a7abb,rss,7,57793389.71428572,170492.59541860293,57635710.36229311,57951069.06627832
p3,ee34fd231680d993ab3981567d80b05bd35a7abb,runtime_ns,4,1942.5,57.436921923097515,1851.1050400194847,2033.8949599805153
p3,ee34fd231680d993ab3981567d80b05bd35a7abb,rss,4,54595584.0,178665.7483757496,54311286.92460042,54879881.07539958
plus,6bdba7f0a3e23e355b5eb44fe2ba625a6a725f24,runtime_ns,0,nan,0,nan,nan
plus,6bdba7f0a3e23e355b5eb44fe2ba625a6a725f24,rss,0,nan,0,nan,nan
dchester,6bdba7f0a3e23e355b5eb44fe2ba625a6a725f24,runtime_ns,0,nan,0,nan,nan
dchester,6bdba7f0a3e23e355b5eb44fe2ba625a6a725f24,rss,0,nan,0,nan,nan
jsonpathly,6bdba7f0a3e23e355b5eb44fe2ba625a6a725f24,runtime_ns,5,190004.1,6093.204097599226,182438.3878383034,197569.8121616966
jsonpathly,6bdba7f0a3e23e355b5eb44fe2ba625a6a725f24,rss,5,66558361.6,253184.49180943132,66243991.53161672,66872731.668383285
rfc9535,6bdba7f0a3e23e355b5eb44fe2ba625a6a725f24,runtime_ns,3,237889.16666666666,3405.131654331934,229430.35071066592,246347.9826226674
rfc9535,6bdba7f0a3e23e355b5eb44fe2ba625a6a725f24,rss,3,68856490.66666667,306662.4986615307,68094698.78896198,69618282.54437137
p3,6bdba7f0a3e23e355b5eb44fe2ba625a6a725f24,runtime_ns,4,179421.875,3986.1150546825247,173079.0764358949,185764.6735641051
p3,6bdba7f0a3e23e355b5eb44fe2ba625a6a725f24,rss,4,65388544.0,114297.23906843361,65206671.58691127,65570416.41308873
plus,2c9d243fae089d205a9709208adde05ac091865c,runtime_ns,0,nan,0,nan,nan
plus,2c9d243fae089d205a9709208adde05ac091865c,rss,0,nan,0,nan,nan
dchester,2c9d243fae089d205a9709208adde05ac091865c,runtime_ns,0,nan,0,nan,nan
dchester,2c9d243fae089d205a9709208adde05ac091865c,rss,0,nan,0,nan,nan
jsonpathly,2c9d243fae089d205a9709208adde05ac091865c,runtime_ns,5,61262.2,1923.2596873537384,58874.15768701623,63650.24231298376
jsonpathly,2c9d243fae089d205a9709208adde05ac091865c,rss,5,58143539.2,136784.32396733187,57973699.02941113,58313379.37058888
rfc9535,2c9d243fae089d205a9709208adde05ac091865c,runtime_ns,8,60585.9375,4550.70352047351,56781.45414875016,64390.42085124984
rfc9535,2c9d243fae089d205a9709208adde05ac091865c,rss,8,62535680.0,120218.02365464412,62435175.21706774,62636184.78293226
p3,2c9d243fae089d205a9709208adde05ac091865c,runtime_ns,3,55625.0,750.2314642828571,53761.32172703328,57488.67827296672
p3,2c9d243fae089d205a9709208adde05ac091865c,rss,3,62794410.666666664,104052.37491443112,62535930.23814454,63052891.09518879
plus,578068ed4c36c995b85a22851a73c011020819f6,runtime_ns,0,nan,0,nan,nan
plus,578068ed4c36c995b85a22851a73c011020819f6,rss,0,nan,0,nan,nan
dchester,578068ed4c36c995b85a22851a73c011020819f6,runtime_ns,0,nan,0,nan,nan
dchester,578068ed4c36c995b85a22851a73c011020819f6,rss,0,nan,0,nan,nan
jsonpathly,578068ed4c36c995b85a22851a73c011020819f6,runtime_ns,8,186815.125,10361.841513629295,178152.40870799465,195477.84129200535
jsonpathly,578068ed4c36c995b85a22851a73c011020819f6,rss,8,65669120.0,461787.83260342776,65283055.7105895,66055184.2894105
rfc9535,578068ed4c36c995b85a22851a73c011020819f6,runtime_ns,4,237348.875,6243.005798157914,227414.85963189378,247282.89036810622
rfc9535,578068ed4c36c995b85a22851a73c011020819f6,rss,4,69459968.0,235344.8160069249,69085481.87991555,69834454.12008445
p3,578068ed4c36c995b85a22851a73c011020819f6,runtime_ns,3,176152.83333333334,3030.8159104989095,168623.86923269008,183681.7974339766
p3,578068ed4c36c995b85a22851a73c011020819f6,rss,3,65284778.666666664,154855.52644104548,64900096.21356151,65669461.119771816
plus,a3d9962d3103edb88eecfaa3cf1bdf7401b13815,runtime_ns,0,nan,0,nan,nan
plus,a3d9962d3103edb88eecfaa3cf1bdf7401b13815,rss,0,nan,0,nan,nan
dchester,a3d9962d3103edb88eecfaa3cf1bdf7401b13815,runtime_ns,0,nan,0,nan,nan
dchester,a3d9962d3103edb88eecfaa3cf1bdf7401b13815,rss,0,nan,0,nan,nan
jsonpathly,a3d9962d3103edb88eecfaa3cf1bdf7401b13815,runtime_ns,3,527118.3333333334,1916.10440303584,522358.4661261012,531878.2005405655
jsonpathly,a3d9962d3103edb88eecfaa3cf1bdf7401b13815,rss,3,70380202.66666667,52667.19135603619,70249370.11044717,70511035.22288617
rfc9535,a3d9962d3103edb88eecfaa3cf1bdf7401b13815,runtime_ns,6,707836.75,31609.420459334586,674664.6976135169,741008.8023864831
rfc9535,a3d9962d3103edb88eecfaa3cf1bdf7401b13815,rss,6,68749994.66666667,287429.0964886239,68448356.3288684,69051633.00446494
p3,a3d9962d3103edb88eecfaa3cf1bdf7401b13815,runtime_ns,3,521909.5,6123.9583399954645,506696.7441424293,537122.2558575707
p3,a3d9962d3103edb88eecfaa3cf1bdf7401b13815,rss,3,67376469.33333333,728366.6244010178,65567106.33367847,69185832.33298819
plus,03c7dec35942a9b937f311a0a01343b5ff0ccc79,runtime_ns,0,nan,0,nan,nan
plus,03c7dec35942a9b937f311a0a01343b5ff0ccc79,rss,0,nan,0,nan,nan
dchester,03c7dec35942a9b937f311a0a01343b5ff0ccc79,runtime_ns,0,nan,0,nan,nan
dchester,03c7dec35942a9b937f311a0a01343b5ff0ccc79,rss,0,nan,0,nan,nan
jsonpathly,03c7dec35942a9b937f311a0a01343b5ff0ccc79,runtime_ns,6,528180.6666666666,20982.409884631143,506160.9779228289,550200.3554105044
jsonpathly,03c7dec35942a9b937f311a0a01343b5ff0ccc79,rss,6,70224554.66666667,135667.69856184142,70082180.14861321,70366929.18472013
rfc9535,03c7dec35942a9b937f311a0a01343b5ff0ccc79,runtime_ns,3,671652.6666666666,4785.7718639038085,659764.1502997095,683541.1830336237
rfc9535,03c7dec35942a9b937f311a0a01343b5ff0ccc79,rss,3,68534272.0,86695.97896096451,68318907.24920596,68749636.75079404
p3,03c7dec35942a9b937f311a0a01343b5ff0ccc79,runtime_ns,6,513468.6666666667,21639.05231674129,490759.8739519046,536177.4593814288
p3,03c7dec35942a9b937f311a0a01343b5ff0ccc79,rss,6,67682304.0,103621.51436839746,67573559.8897618,67791048.1102382
plus,3861639f7dc0033cb7ff49e36aa6112000001ce5,runtime_ns,0,nan,0,nan,nan
plus,3861639f7dc0033cb7ff49e36aa6112000001ce5,rss,0,nan,0,nan,nan
dchester,3861639f7dc0033cb7ff49e36aa6112000001ce5,runtime_ns,0,nan,0,nan,nan
dchester,3861639f7dc0033cb7ff49e36aa6112000001ce5,rss,0,nan,0,nan,nan
jsonpathly,3861639f7dc0033cb7ff49e36aa6112000001ce5,runtime_ns,3,508847.1666666667,4567.906367618904,497499.8581951201,520194.47513821325
jsonpathly,3861639f7dc0033cb7ff49e36aa6112000001ce5,rss,3,70451200.0,59073.352097202,70304453.65829584,70597946.34170416
rfc9535,3861639f7dc0033cb7ff49e36aa6112000001ce5,runtime_ns,6,678087.0,31285.563451854276,645254.8146993968,710919.1853006032
rfc9535,3861639f7dc0033cb7ff49e36aa6112000001ce5,rss,6,68883797.33333333,220221.11399833276,68652689.44764589,69114905.21902077
p3,3861639f7dc0033cb7ff49e36aa6112000001ce5,runtime_ns,4,501676.75,10583.638178024292,484835.8198919435,518517.6801080565
p3,3861639f7dc0033cb7ff49e36aa6112000001ce5,rss,4,65941504.0,845788.4609160062,64595665.81875313,67287342.18124686
plus,c964a770c427d947bdbdea6e7c18e4be22c97bad,runtime_ns,3,5076.333333333333,98.48392423808737,4831.685703132338,5320.980963534328
plus,c964a770c427d947bdbdea6e7c18e4be22c97bad,rss,3,54482261.333333336,213830.55442413586,53951076.78916386,55013445.877502814
dchester,c964a770c427d947bdbdea6e7c18e4be22c97bad,runtime_ns,4,43192.625,875.4408770252087,41799.603207708395,44585.646792291605
dchester,c964a770c427d947bdbdea6e7c18e4be22c97bad,rss,4,64425984.0,137972.9964691159,64206438.17357897,64645529.82642103
jsonpathly,c964a770c427d947bdbdea6e7c18e4be22c97bad,runtime_ns,8,24161.25,1632.6138113904517,22796.35069673596,25526.14930326404
jsonpathly,c964a770c427d947bdbdea6e7c18e4be22c97bad,rss,8,57407488.0,123366.65536984804,57304350.89507932,57510625.10492068
rfc9535,c964a770c427d947bdbdea6e7c18e4be22c97bad,runtime_ns,8,15195.25,1841.639836046746,13655.600566958208,16734.89943304179
rfc9535,c964a770c427d947bdbdea6e7c18e4be22c97bad,rss,8,58200064.0,77716.13577629809,58135091.6845428,58265036.3154572
p3,c964a770c427d947bdbdea6e7c18e4be22c97bad,runtime_ns,8,17112.0625,1355.2158087894552,15979.073730528686,18245.051269471314
p3,c964a770c427d947bdbdea6e7c18e4be22c97bad,rss,8,55808000.0,152631.46067757928,55680396.90557464,55935603.09442536
plus,779b58c2d566ffaca9f151d329aeaa419a660716,runtime_ns,3,6867.666666666667,93.93659208920309,6634.31523574457,7101.018097588764
plus,779b58c2d566ffaca9f151d329aeaa419a660716,rss,3,54673408.0,193164.51119188534,54193560.75317642,55153255.24682358
dchester,779b58c2d566ffaca9f151d329aeaa419a660716,runtime_ns,8,45314.9375,3044.2389201044275,42769.89007235326,47859.98492764674
dchester,779b58c2d566ffaca9f151d329aeaa419a660716,rss,8,64901120.0,332299.3262432446,64623310.81101719,65178929.18898281
jsonpathly,779b58c2d566ffaca9f151d329aeaa419a660716,runtime_ns,8,34091.125,2133.229087389752,32307.70085231311,35874.549147686885
jsonpathly,779b58c2d566ffaca9f151d329aeaa419a660716,rss,8,57827328.0,171613.53185407197,57683855.496935226,57970800.503064774
rfc9535,779b58c2d566ffaca9f151d329aeaa419a660716,runtime_ns,8,27940.0625,2854.241310720141,25553.857048858154,30326.267951141846
rfc9535,779b58c2d566ffaca9f151d329aeaa419a660716,rss,8,59082752.0,187919.24578088627,58925647.5789503,59239856.4210497
p3,779b58c2d566ffaca9f151d329aeaa419a660716,runtime_ns,8,29828.1875,1953.6957640310472,28194.8569667707,31461.5180332293
p3,779b58c2d566ffaca9f151d329aeaa419a660716,rss,8,58230784.0,600930.6038755937,57728393.442712426,58733174.557287574
plus,9a2bfbd7c86fa6c59748ac2e8a39278c4b4f6414,runtime_ns,7,5997.0,269.44186138509855,5747.807840079092,6246.192159920908
plus,9a2bfbd7c86fa6c59748ac2e8a39278c4b4f6414,rss,7,54528292.571428575,83235.75729788479,54451312.33518359,54605272.80767356
dchester,9a2bfbd7c86fa6c59748ac2e8a39278c4b4f6414,runtime_ns,3,33701.333333333336,493.3493522174052,32475.785602422482,34926.88106424419
dchester,9a2bfbd7c86fa6c59748ac2e8a39278c4b4f6414,rss,3,63296853.333333336,208104.74982886223,62779892.47628909,63813814.19037758
jsonpathly,9a2bfbd7c86fa6c59748ac2e8a39278c4b4f6414,runtime_ns,8,18161.5,976.1889088256871,17345.385648758845,18977.614351241155
jsonpathly,9a2bfbd7c86fa6c59748ac2e8a39278c4b4f6414,rss,8,57436160.0,149634.19771085563,57311062.68012245,57561257.31987755
rfc9535,9a2bfbd7c86fa6c59748ac2e8a39278c4b4f6414,runtime_ns,8,13062.375,1162.1187162739811,12090.81943977749,14033.93056022251
rfc9535,9a2bfbd7c86fa6c59748ac2e8a39278c4b4f6414,rss,8,57921536.0,88339.13167528226,57847682.63772086,57995389.36227914
p3,9a2bfbd7c86fa6c59748ac2e8a39278c4b4f6414,runtime_ns,8,12906.3125,1822.8865245127026,11382.341227750509,14430.283772249491
p3,9a2bfbd7c86fa6c59748ac2e8a39278c4b4f6414,rss,8,55525376.0,137915.08058843415,55410076.10721982,55640675.89278018
plus,bc52d240f2a0e864d8640f9d2b61a1076d41fecf,runtime_ns,0,nan,0,nan,nan
plus,bc52d240f2a0e864d8640f9d2b61a1076d41fecf,rss,0,nan,0,nan,nan
dchester,bc52d240f2a0e864d8640f9d2b61a1076d41fecf,runtime_ns,0,nan,0,nan,nan
dchester,bc52d240f2a0e864d8640f9d2b61a1076d41fecf,rss,0,nan,0,nan,nan
jsonpathly,bc52d240f2a0e864d8640f9d2b61a1076d41fecf,runtime_ns,3,160548.83333333334,2447.06054958461,154469.9979391737,166627.66872749297
jsonpathly,bc52d240f2a0e864d8640f9d2b61a1076d41fecf,rss,3,67704149.33333333,962946.282774555,65312058.15790326,70096240.5087634
rfc9535,bc52d240f2a0e864d8640f9d2b61a1076d41fecf,runtime_ns,3,156895.66666666666,1436.1926518866935,153327.9663387762,160463.36699455712
rfc9535,bc52d240f2a0e864d8640f9d2b61a1076d41fecf,rss,3,68430506.66666667,320362.01815654326,67634683.29595156,69226330.03738178
p3,bc52d240f2a0e864d8640f9d2b61a1076d41fecf,runtime_ns,3,128875.0,995.1096673231549,126403.01054807522,131346.98945192478
p3,bc52d240f2a0e864d8640f9d2b61a1076d41fecf,rss,3,65776298.666666664,222444.60521517112,65223715.634076245,66328881.69925708
plus,7eb1e4fd43b990f2d229ac5bffafb5ea28f1ee36,runtime_ns,0,nan,0,nan,nan
plus,7eb1e4fd43b990f2d229ac5bffafb5ea28f1ee36,rss,0,nan,0,nan,nan
dchester,7eb1e4fd43b990f2d229ac5bffafb5ea28f1ee36,runtime_ns,0,nan,0,nan,nan
dchester,7eb1e4fd43b990f2d229ac5bffafb5ea28f1ee36,rss,0,nan,0,nan,nan
jsonpathly,7eb1e4fd43b990f2d229ac5bffafb5ea28f1ee36,runtime_ns,5,155025.1,5089.834039534098,148705.2363162785,161344.96368372152
jsonpathly,7eb1e4fd43b990f2d229ac5bffafb5ea28f1ee36,rss,5,66381414.4,1479675.6772255197,64544154.382571295,68218674.4174287
rfc9535,7eb1e4fd43b990f2d229ac5bffafb5ea28f1ee36,runtime_ns,4,141567.625,4136.15311158811,134986.08240596936,148149.16759403064
rfc9535,7eb1e4fd43b990f2d229ac5bffafb5ea28f1ee36,rss,4,68120576.0,273298.67477175954,67685696.82111683,68555455.17888317
p3,7eb1e4fd43b990f2d229ac5bffafb5ea28f1ee36,runtime_ns,5,116341.6,3697.8550100024204,111750.10656350257,120933.09343649744
p3,7eb1e4fd43b990f2d229ac5bffafb5ea28f1ee36,rss,5,65155891.2,123913.30874123247,65002032.505637705,65309749.8943623
plus,a34a1c9b9a0e89ad0b436238acfd5a19ccf8fdb5,runtime_ns,0,nan,0,nan,nan
plus,a34a1c9b9a0e89ad0b436238acfd5a19ccf8fdb5,rss,0,nan,0,nan,nan
dchester,a34a1c9b9a0e89ad0b436238acfd5a19ccf8fdb5,runtime_ns,0,nan,0,nan,nan
dchester,a34a1c9b9a0e89ad0b436238acfd5a19ccf8fdb5,rss,0,nan,0,nan,nan
jsonpathly,a34a1c9b9a0e89ad0b436238acfd5a19ccf8fdb5,runtime_ns,3,162764.0,3098.3936160533253,155067.16357251545,170460.83642748455
jsonpathly,a34a1c9b9a0e89ad0b436238acfd5a19ccf8fdb5,rss,3,66732032.0,171053.98184199046,66307110.35296126,67156953.64703874
rfc9535,a34a1c9b9a0e89ad0b436238acfd5a19ccf8fdb5,runtime_ns,3,159222.0,2596.7630330856146,152771.28302103287,165672.71697896713
rfc9535,a34a1c9b9a0e89ad0b436238acfd5a19ccf8fdb5,rss,3,68714496.0,59073.352097202,68567749.65829584,68861242.34170416
p3,a34a1c9b9a0e89ad0b436238acfd5a19ccf8fdb5,runtime_ns,4,133276.25,3011.405665687261,128484.43158276158,138068.06841723842
p3,a34a1c9b9a0e89ad0b436238acfd5a19ccf8fdb5,rss,4,66031616.0,58883.710028043126,65937918.87728993,66125313.12271007
plus,b680e267dfac3ca2b26daf47413842a9cb7fee50,runtime_ns,0,nan,0,nan,nan
plus,b680e267dfac3ca2b26daf47413842a9cb7fee50,rss,0,nan,0,nan,nan
dchester,b680e267dfac3ca2b26daf47413842a9cb7fee50,runtime_ns,0,nan,0,nan,nan
dchester,b680e267dfac3ca2b26daf47413842a9cb7fee50,rss,0,nan,0,nan,nan
jsonpathly,b680e267dfac3ca2b26daf47413842a9cb7fee50,runtime_ns,8,61927.0625,5669.008142255952,57187.653088184845,66666.47191181516
jsonpathly,b680e267dfac3ca2b26daf47413842a9cb7fee50,rss,8,58568704.0,264582.9399877691,58347507.12666392,58789900.87333608
rfc9535,b680e267dfac3ca2b26daf47413842a9cb7fee50,runtime_ns,3,57680.5,251.76030266902683,57055.092737818195,58305.907262181805
rfc9535,b680e267dfac3ca2b26daf47413842a9cb7fee50,rss,3,62674261.333333336,109090.04789316637,62403266.631385274,62945256.0352814
p3,b680e267dfac3ca2b26daf47413842a9cb7fee50,runtime_ns,4,60999.75,1327.3450631492426,58887.64780397206,63111.85219602794
p3,b680e267dfac3ca2b26daf47413842a9cb7fee50,rss,4,63467520.0,255357.4870385959,63061189.254423745,63873850.745576255
plus,a3cd069cbcc328d3a47aa6bb181bfce3e384df6f,runtime_ns,0,nan,0,nan,nan
plus,a3cd069cbcc328d3a47aa6bb181bfce3e384df6f,rss,0,nan,0,nan,nan
dchester,a3cd069cbcc328d3a47aa6bb181bfce3e384df6f,runtime_ns,0,nan,0,nan,nan
dchester,a3cd069cbcc328d3a47aa6bb181bfce3e384df6f,rss,0,nan,0,nan,nan
jsonpathly,a3cd069cbcc328d3a47aa6bb181bfce3e384df6f,runtime_ns,8,148385.375,8176.716974565211,141549.46853901868,155221.28146098132
jsonpathly,a3cd069cbcc328d3a47aa6bb181bfce3e384df6f,rss,8,63516672.0,192617.79463857584,63355639.49380398,63677704.50619602
rfc9535,a3cd069cbcc328d3a47aa6bb181bfce3e384df6f,runtime_ns,7,156973.2857142857,7366.6171898252305,150160.3011267892,163786.2703017822
rfc9535,a3cd069cbcc328d3a47aa6bb181bfce3e384df6f,rss,7,69119414.85714285,350213.4179475084,68795521.46655017,69443308.24773553
p3,a3cd069cbcc328d3a47aa6bb181bfce3e384df6f,runtime_ns,6,136375.08333333334,5959.554424759175,130120.91452209125,142629.25214457544
p3,a3cd069cbcc328d3a47aa6bb181bfce3e384df6f,rss,6,65541461.333333336,112402.67847816914,65423501.956518576,65659420.710148096
plus,289b915f0320493b909245c308326cca80dd4885,runtime_ns,0,nan,0,nan,nan
plus,289b915f0320493b909245c308326cca80dd4885,rss,0,nan,0,nan,nan
dchester,289b915f0320493b909245c308326cca80dd4885,runtime_ns,0,nan,0,nan,nan
dchester,289b915f0320493b909245c308326cca80dd4885,rss,0,nan,0,nan,nan
jsonpathly,289b915f0320493b909245c308326cca80dd4885,runtime_ns,3,138701.66666666666,1588.4001647359942,134755.86191609554,142647.47141723777
jsonpathly,289b915f0320493b909245c308326cca80dd4885,rss,3,64787797.333333336,2010920.4826818323,59792393.92697222,69783200.73969445
rfc9535,289b915f0320493b909245c308326cca80dd4885,runtime_ns,3,160514.0,2906.5666601679723,153293.68814776052,167734.31185223948
rfc9535,289b915f0320493b909245c308326cca80dd4885,rss,3,69124096.0,102318.04720575936,68869923.88034353,69378268.11965647
p3,289b915f0320493b909245c308326cca80dd4885,runtime_ns,4,132588.75,2704.267322215021,128285.65722595867,136891.84277404132
p3,289b915f0320493b909245c308326cca80dd4885,rss,4,65441792.0,137322.9433998558,65223280.55307322,65660303.44692678
plus,4a7628a8b3abae654805e3b3b6942db1cc4141fc,runtime_ns,4,2786.5,74.98666548127073,2667.179481746792,2905.820518253208
plus,4a7628a8b3abae654805e3b3b6942db1cc4141fc,rss,4,54280192.0,118901.64289305118,54090992.952941425,54469391.047058575
dchester,4a7628a8b3abae654805e3b3b6942db1cc4141fc,runtime_ns,4,4552.375,92.54672243431062,4405.112512561405,4699.637487438595
dchester,4a7628a8b3abae654805e3b3b6942db1cc4141fc,rss,4,59961344.0,76116.56800811065,59840225.55468585,60082462.44531415
jsonpathly,4a7628a8b3abae654805e3b3b6942db1cc4141fc,runtime_ns,5,8733.4,305.14287637105343,8354.515076101721,9112.284923898278
jsonpathly,4a7628a8b3abae654805e3b3b6942db1cc4141fc,rss,5,56534630.4,132902.4191081562,56369610.250919215,56699650.54908078
rfc9535,4a7628a8b3abae654805e3b3b6942db1cc4141fc,runtime_ns,8,6020.8125,471.37200485846176,5626.735642067784,6414.889357932216
rfc9535,4a7628a8b3abae654805e3b3b6942db1cc4141fc,rss,8,57708544.0,60516.33315300684,57657951.079383776,57759136.920616224
p3,4a7628a8b3abae654805e3b3b6942db1cc4141fc,runtime_ns,8,1867.3125,145.92511227632187,1745.3160531458302,1989.3089468541698
p3,4a7628a8b3abae654805e3b3b6942db1cc4141fc,rss,8,54511616.0,85555.00959199124,54440090.22203086,54583141.77796914
plus,355fcbc5d9225a9442bcd9f8f90eeeba7f9c93d8,runtime_ns,0,nan,0,nan,nan
plus,355fcbc5d9225a9442bcd9f8f90eeeba7f9c93d8,rss,0,nan,0,nan,nan
dchester,355fcbc5d9225a9442bcd9f8f90eeeba7f9c93d8,runtime_ns,0,nan,0,nan,nan
dchester,355fcbc5d9225a9442bcd9f8f90eeeba7f9c93d8,rss,0,nan,0,nan,nan
jsonpathly,355fcbc5d9225a9442bcd9f8f90eeeba7f9c93d8,runtime_ns,8,188549.4375,11058.998125112872,179303.88369514188,197794.99130485812
jsonpathly,355fcbc5d9225a9442bcd9f8f90eeeba7f9c93d8,rss,8,65859584.0,311819.1093493607,65598896.70081999,66120271.29918001
rfc9535,355fcbc5d9225a9442bcd9f8f90eeeba7f9c93d8,runtime_ns,3,238979.33333333334,1211.014278748741,235971.00709402547,241987.65957264122
rfc9535,355fcbc5d9225a9442bcd9f8f90eeeba7f9c93d8,rss,3,68987562.66666667,120768.34481491138,68687557.46692628,69287567.86640707
p3,355fcbc5d9225a9442bcd9f8f90eeeba7f9c93d8,runtime_ns,4,226499.875,5645.667592278171,217516.35801504718,235483.39198495282
p3,355fcbc5d9225a9442bcd9f8f90eeeba7f9c93d8,rss,4,65458176.0,71259.41371262232,65344786.37105679,65571565.62894321
plus,2afeababf39ad505ff77200899900a49a6b151fb,runtime_ns,0,nan,0,nan,nan
plus,2afeababf39ad505ff77200899900a49a6b151fb,rss,0,nan,0,nan,nan
dchester,2afeababf39ad505ff77200899900a49a6b151fb,runtime_ns,0,nan,0,nan,nan
dchester,2afeababf39ad505ff77200899900a49a6b151fb,rss,0,nan,0,nan,nan
jsonpathly,2afeababf39ad505ff77200899900a49a6b151fb,runtime_ns,7,168425.64285714287,8302.967615629395,160746.6785594056,176104.60715488013
jsonpathly,2afeababf39ad505ff77200899900a49a6b151fb,rss,7,64234642.28571428,335486.44072238065,63924369.07739384,64544915.49403473
rfc9535,2afeababf39ad505ff77200899900a49a6b151fb,runtime_ns,4,226760.625,6706.229658248118,216089.51710086214,237431.73289913786
rfc9535,2afeababf39ad505ff77200899900a49a6b151fb,rss,4,69804032.0,73879.5479502503,69686473.15279485,69921590.84720515
p3,2afeababf39ad505ff77200899900a49a6b151fb,runtime_ns,3,207104.33333333334,2262.0495315826606,201485.09078608168,212723.575880585
p3,2afeababf39ad505ff77200899900a49a6b151fb,rss,3,65273856.0,16384.0,65233155.88773068,65314556.11226932
plus,9f5e425c5cdd66fe85b89ba2b4d19ea06e5df8ac,runtime_ns,0,nan,0,nan,nan
plus,9f5e425c5cdd66fe85b89ba2b4d19ea06e5df8ac,rss,0,nan,0,nan,nan
dchester,9f5e425c5cdd66fe85b89ba2b4d19ea06e5df8ac,runtime_ns,0,nan,0,nan,nan
dchester,9f5e425c5cdd66fe85b89ba2b4d19ea06e5df8ac,rss,0,nan,0,nan,nan
jsonpathly,9f5e425c5cdd66fe85b89ba2b4d19ea06e5df8ac,runtime_ns,3,537416.6666666666,1890.3106446648744,532720.8747073315,542112.4586260017
jsonpathly,9f5e425c5cdd66fe85b89ba2b4d19ea06e5df8ac,rss,3,70374741.33333333,9459.306810402828,70351243.11255859,70398239.55410807
rfc9535,9f5e425c5cdd66fe85b89ba2b4d19ea06e5df8ac,runtime_ns,3,684458.3333333334,4889.953919346616,672311.0143935631,696605.6522731036
rfc9535,9f5e425c5cdd66fe85b89ba2b4d19ea06e5df8ac,rss,3,69320704.0,81920.0,69117203.43865341,69524204.56134659
p3,9f5e425c5cdd66fe85b89ba2b4d19ea06e5df8ac,runtime_ns,3,674208.6666666666,11613.289352432985,645359.6566288193,703057.676704514
p3,9f5e425c5cdd66fe85b89ba2b4d19ea06e5df8ac,rss,3,67988138.66666667,147759.0959005006,67621084.72428611,68355192.60904723
plus,3392dc3807bff76b5d6e4026054c413be89a339d,runtime_ns,3,2743.1666666666665,24.105670149019574,2683.284862382473,2803.04847095086
plus,3392dc3807bff76b5d6e4026054c413be89a339d,rss,3,54247424.0,56755.84086241697,54106434.67535157,54388413.32464843
dchester,3392dc3807bff76b5d6e4026054c413be89a339d,runtime_ns,4,4619.875,126.58618605519324,4418.448129944347,4821.301870055653
dchester,3392dc3807bff76b5d6e4026054c413be89a339d,rss,4,59928576.0,141178.3716013186,59703929.70645571,60153222.29354429
jsonpathly,3392dc3807bff76b5d6e4026054c413be89a339d,runtime_ns,3,8715.333333333334,52.38638499966698,8585.198338773389,8845.468327893279
jsonpathly,3392dc3807bff76b5d6e4026054c413be89a339d,rss,3,56410112.0,28377.920431208484,56339617.33767579,56480606.66232421
rfc9535,3392dc3807bff76b5d6e4026054c413be89a339d,runtime_ns,6,5888.916666666667,231.47687069482055,5645.996588747928,6131.8367445854055
rfc9535,3392dc3807bff76b5d6e4026054c413be89a339d,rss,6,57688064.0,34367.36833683953,57651997.65881789,57724130.34118211
p3,3392dc3807bff76b5d6e4026054c413be89a339d,runtime_ns,5,1925.0,69.98303365816604,1838.104586621573,2011.895413378427
p3,3392dc3807bff76b5d6e4026054c413be89a339d,rss,5,54444032.0,51810.75718419873,54379700.448084705,54508363.551915295
plus,ced9183efd99e401806eb7ad8a88a0d56effa560,runtime_ns,0,nan,0,nan,nan
plus,ced9183efd99e401806eb7ad8a88a0d56effa560,rss,0,nan,0,nan,nan
dchester,ced9183efd99e401806eb7ad8a88a0d56effa560,runtime_ns,0,nan,0,nan,nan
dchester,ced9183efd99e401806eb7ad8a88a0d56effa560,rss,0,nan,0,nan,nan
jsonpathly,ced9183efd99e401806eb7ad8a88a0d56effa560,runtime_ns,7,541154.7142857143,24730.421176587926,518282.88940643246,564026.5391649962
jsonpathly,ced9183efd99e401806eb7ad8a88a0d56effa560,rss,7,70315446.85714285,122866.99613732536,70201813.83815664,70429079.87612906
rfc9535,ced9183efd99e401806eb7ad8a88a0d56effa560,runtime_ns,3,718235.8333333334,5826.375724524924,703762.3136732144,732709.3529934523
rfc9535,ced9183efd99e401806eb7ad8a88a0d56effa560,rss,3,69244245.33333333,223648.10149279903,68688672.6502537,69799818.01641296
p3,ced9183efd99e401806eb7ad8a88a0d56effa560,runtime_ns,4,705307.125,16990.21926665947,678271.8947344298,732342.3552655702
p3,ced9183efd99e401806eb7ad8a88a0d56effa560,rss,4,67997696.0,165672.94702515556,67734073.37092717,68261318.62907283
plus,02dc33a215cc49d11417a05f58882380ca95fc19,runtime_ns,3,4006.8333333333335,78.47027037887236,3811.902375433932,4201.764291232736
plus,02dc33a215cc49d11417a05f58882380ca95fc19,rss,3,54274730.666666664,47296.53405201414,54157239.56279297,54392221.77054036
dchester,02dc33a215cc49d11417a05f58882380ca95fc19,runtime_ns,8,47580.75,9957.298156198225,39256.240418513335,55905.259581486665
dchester,02dc33a215cc49d11417a05f58882380ca95fc19,rss,8,64591872.0,295942.327169139,64344458.02289081,64839285.97710919
jsonpathly,02dc33a215cc49d11417a05f58882380ca95fc19,runtime_ns,8,20346.4375,1497.3782430229749,19094.597961239655,21598.277038760345
jsonpathly,02dc33a215cc49d11417a05f58882380ca95fc19,rss,8,57442304.0,31576.034890856252,57415905.774209134,57468702.225790866
rfc9535,02dc33a215cc49d11417a05f58882380ca95fc19,runtime_ns,6,16121.416666666666,735.9002932916026,15349.13667147655,16893.696661856782
rfc9535,02dc33a215cc49d11417a05f58882380ca95fc19,rss,6,58010282.666666664,91320.28708379462,57914447.902755395,58106117.430577934
p3,02dc33a215cc49d11417a05f58882380ca95fc19,runtime_ns,8,15127.4375,1281.3922238136145,14056.166792078197,16198.708207921803
p3,02dc33a215cc49d11417a05f58882380ca95fc19,rss,8,55752704.0,65206.02643489765,55698190.39768408,55807217.60231592
plus,4bdba7745dece93f08a7942210ef8b42c6472a29,runtime_ns,5,6337.5,214.2413942262326,6071.484173864307,6603.515826135693
plus,4bdba7745dece93f08a7942210ef8b42c6472a29,rss,5,54594764.8,66954.25389921092,54511630.113406755,54677899.48659324
dchester,4bdba7745dece93f08a7942210ef8b42c6472a29,runtime_ns,8,49776.0625,8853.791981960127,42374.10716732395,57178.01783267605
dchester,4bdba7745dece93f08a7942210ef8b42c6472a29,rss,8,64692224.0,206501.54861819872,64519584.38500625,64864863.61499375
jsonpathly,4bdba7745dece93f08a7942210ef8b42c6472a29,runtime_ns,5,23916.6,896.0668501847393,22803.98605214176,25029.213947858236
jsonpathly,4bdba7745dece93f08a7942210ef8b42c6472a29,rss,5,57786368.0,129526.89296049681,57625539.12021176,57947196.87978824
rfc9535,4bdba7745dece93f08a7942210ef8b42c6472a29,runtime_ns,8,18820.3125,2024.3260948752445,17127.933532483323,20512.691467516677
rfc9535,4bdba7745dece93f08a7942210ef8b42c6472a29,rss,8,58333184.0,138452.76325365063,58217434.5932625,58448933.4067375
p3,4bdba7745dece93f08a7942210ef8b42c6472a29,runtime_ns,7,21690.285714285714,1050.8004035473332,20718.457428734077,22662.11399983735
p3,4bdba7745dece93f08a7942210ef8b42c6472a29,rss,7,56269677.71428572,54221.83485680004,56219530.8808524,56319824.54771903
plus,bc3c203fa52a2e4066e3474b3bb7c9eb0c183b66,runtime_ns,3,8499.666666666666,90.9633625880955,8273.70114727396,8725.632186059373
plus,bc3c203fa52a2e4066e3474b3bb7c9eb0c183b66,rss,3,54744405.333333336,84076.15798389775,54535548.578626454,54953262.08804022
dchester,bc3c203fa52a2e4066e3474b3bb7c9eb0c183b66,runtime_ns,5,47233.5,1687.395070811812,45138.32228982648,49328.67771017352
dchester,bc3c203fa52a2e4066e3474b3bb7c9eb0c183b66,rss,5,64769228.8,182958.74224316256,64542055.51660002,64996402.083399974
jsonpathly,bc3c203fa52a2e4066e3474b3bb7c9eb0c183b66,runtime_ns,8,33585.9375,3869.0004471208617,30351.372180412254,36820.502819587746
jsonpathly,bc3c203fa52a2e4066e3474b3bb7c9eb0c183b66,rss,8,57915392.0,117638.45653040991,57817043.78915235,58013740.21084765
rfc9535,bc3c203fa52a2e4066e3474b3bb7c9eb0c183b66,runtime_ns,5,26183.5,766.8376620902236,25231.345282515827,27135.654717484173
rfc9535,bc3c203fa52a2e4066e3474b3bb7c9eb0c183b66,rss,5,58926694.4,333485.84590773867,58512617.03122583,59340771.76877417
p3,bc3c203fa52a2e4066e3474b3bb7c9eb0c183b66,runtime_ns,7,27410.64285714286,1438.4085162163806,26080.336856575672,28740.948857710046
p3,bc3c203fa52a2e4066e3474b3bb7c9eb0c183b66,rss,7,58399597.71428572,85583.01909007083,58320446.622952044,58478748.80561939
plus,714ca1c07c70eb14bc389c0be206929391ce8dfa,runtime_ns,3,6110.833333333333,118.72271616389735,5815.909756869165,6405.756909797501
plus,714ca1c07c70eb14bc389c0be206929391ce8dfa,rss,3,54525952.0,28377.920431208484,54455457.33767579,54596446.66232421
dchester,714ca1c07c70eb14bc389c0be206929391ce8dfa,runtime_ns,0,nan,0,nan,nan
dchester,714ca1c07c70eb14bc389c0be206929391ce8dfa,rss,0,nan,0,nan,nan
jsonpathly,714ca1c07c70eb14bc389c0be206929391ce8dfa,runtime_ns,8,34658.9375,3352.783837324057,31855.94006629514,37461.934933704855
jsonpathly,714ca1c07c70eb14bc389c0be206929391ce8dfa,rss,8,57903104.0,129137.72765539898,57795142.157908365,58011065.842091635
rfc9535,714ca1c07c70eb14bc389c0be206929391ce8dfa,runtime_ns,5,22391.8,722.7308973608365,21494.411064357548,23289.18893564245
rfc9535,714ca1c07c70eb14bc389c0be206929391ce8dfa,rss,5,58284441.6,155691.10981941133,58091125.55409685,58477757.645903155
p3,714ca1c07c70eb14bc389c0be206929391ce8dfa,runtime_ns,6,23864.583333333332,1050.1010625966753,22762.569852751738,24966.596813914926
p3,714ca1c07c70eb14bc389c0be206929391ce8dfa,rss,6,57057280.0,101923.75653987641,56950317.57733497,57164242.42266503
plus,a820164438e8b22f2f22b7486f1515fc0921b6d5,runtime_ns,5,2745.9,97.86304205367826,2624.386983927247,2867.413016072753
plus,a820164438e8b22f2f22b7486f1515fc0921b6d5,rss,5,54155673.6,112680.95255543414,54015761.71792861,54295585.48207139
dchester,a820164438e8b22f2f22b7486f1515fc0921b6d5,runtime_ns,3,4847.166666666667,78.93246058076065,4651.087564656753,5043.245768676581
dchester,a820164438e8b22f2f22b7486f1515fc0921b6d5,rss,3,59921749.333333336,131412.89004254236,59595301.61736856,60248197.049298115
jsonpathly,a820164438e8b22f2f22b7486f1515fc0921b6d5,runtime_ns,6,8711.833333333334,356.7522482993859,8337.444809354936,9086.221857311732
jsonpathly,a820164438e8b22f2f22b7486f1515fc0921b6d5,rss,6,56522069.333333336,144110.91716406035,56370834.20076327,56673304.4659034
rfc9535,a820164438e8b22f2f22b7486f1515fc0921b6d5,runtime_ns,8,6234.5,347.62130462411454,5943.881316530025,6525.118683469975
rfc9535,a820164438e8b22f2f22b7486f1515fc0921b6d5,rss,8,57735168.0,151544.0924577964,57608473.9681559,57861862.0318441
p3,a820164438e8b22f2f22b7486f1515fc0921b6d5,runtime_ns,6,1930.6666666666667,78.54340625836561,1848.2404168603086,2013.0929164730248
p3,a820164438e8b22f2f22b7486f1515fc0921b6d5,rss,6,54490453.333333336,89987.79318700213,54396016.936007306,54584889.730659366
plus,df39c3743a731359e9941bc08d26086387e4fdb3,runtime_ns,5,6454.4,211.19049457776265,6192.172366119945,6716.627633880054
plus,df39c3743a731359e9941bc08d26086387e4fdb3,rss,5,54598041.6,66147.54668768903,54515908.5727084,54680174.627291605
dchester,df39c3743a731359e9941bc08d26086387e4fdb3,runtime_ns,8,44450.4375,4060.308718360324,41055.934463175254,47844.940536824746
dchester,df39c3743a731359e9941bc08d26086387e4fdb3,rss,8,64595968.0,74793.0689531361,64533439.429562286,64658496.570437714
jsonpathly,df39c3743a731359e9941bc08d26086387e4fdb3,runtime_ns,5,24720.7,993.3952259800728,23487.236911913053,25954.16308808695
jsonpathly,df39c3743a731359e9941bc08d26086387e4fdb3,rss,5,57593036.8,61739.64265526648,57516376.90845299,57669696.69154701
rfc9535,df39c3743a731359e9941bc08d26086387e4fdb3,runtime_ns,6,19833.416666666668,921.5144826136302,18866.346525931614,20800.48680740172
rfc9535,df39c3743a731359e9941bc08d26086387e4fdb3,rss,6,58324309.333333336,226411.62568973057,58086704.90404774,58561913.76261893
p3,df39c3743a731359e9941bc08d26086387e4fdb3,runtime_ns,5,22920.7,824.571449299574,21896.85931745802,23944.54068254198
p3,df39c3743a731359e9941bc08d26086387e4fdb3,rss,5,57173606.4,115038.54997695338,57030767.17408805,57316445.62591194
plus,3d87391d0bc622dc2e54f7e6762861525d542fc8,runtime_ns,3,2736.0,12.12435565298214,2705.8814308917536,2766.1185691082464
plus,3d87391d0bc622dc2e54f7e6762861525d542fc8,rss,3,54274730.666666664,109090.04789316637,54003735.9647186,54545725.368614726
dchester,3d87391d0bc622dc2e54f7e6762861525d542fc8,runtime_ns,3,4847.0,73.25127985230019,4665.033733284924,5028.966266715076
dchester,3d87391d0bc622dc2e54f7e6762861525d542fc8,rss,3,59834368.0,145624.1773332986,59472617.48934373,60196118.51065627
jsonpathly,3d87391d0bc622dc2e54f7e6762861525d542fc8,runtime_ns,3,8653.0,93.69631796394135,8420.245443093623,8885.754556906377
jsonpathly,3d87391d0bc622dc2e54f7e6762861525d542fc8,rss,3,56557568.0,28377.920431208484,56487073.33767579,56628062.66232421
rfc9535,3d87391d0bc622dc2e54f7e6762861525d542fc8,runtime_ns,5,5729.1,209.83249271740542,5468.558548139445,5989.641451860556
rfc9535,3d87391d0bc622dc2e54f7e6762861525d542fc8,rss,5,57842073.6,117348.79161201448,57696365.830222644,57987781.36977736
p3,3d87391d0bc622dc2e54f7e6762861525d542fc8,runtime_ns,5,1871.0,57.84029737129642,1799.1817851086614,1942.8182148913386
p3,3d87391d0bc622dc2e54f7e6762861525d542fc8,rss,5,54466969.6,81591.66200537895,54365660.170734316,54568279.02926569
plus,d1942833a2403fd37834c29732136ab4665817dc,runtime_ns,4,4130.375,99.68565175925103,3971.7528829344865,4288.9971170655135
plus,d1942833a2403fd37834c29732136ab4665817dc,rss,4,54366208.0,57344.0,54274960.8995349,54457455.1004651
dchester,d1942833a2403fd37834c29732136ab4665817dc,runtime_ns,3,29138.833333333332,486.3602916905669,27930.647391246905,30347.01927541976
dchester,d1942833a2403fd37834c29732136ab4665817dc,rss,3,63089322.666666664,93163.36767921892,62857892.031661056,63320753.30167227
jsonpathly,d1942833a2403fd37834c29732136ab4665817dc,runtime_ns,8,15705.6875,1683.6393178702413,14298.129805782102,17113.245194217896
jsonpathly,d1942833a2403fd37834c29732136ab4665817dc,rss,8,57196544.0,163371.21506207006,57059962.246216044,57333125.753783956
rfc9535,d1942833a2403fd37834c29732136ab4665817dc,runtime_ns,5,10891.8,370.57532972393074,10431.669954459305,11351.930045540694
rfc9535,d1942833a2403fd37834c29732136ab4665817dc,rss,5,57812582.4,56280.88823748253,57742700.44728859,57882464.35271141
p3,d1942833a2403fd37834c29732136ab4665817dc,runtime_ns,8,15049.5625,1996.725935080082,13380.257843512403,16718.8671564876
p3,d1942833a2403fd37834c29732136ab4665817dc,rss,8,55375872.0,106338.34484324082,55286970.918939576,55464773.081060424
plus,8b6e4f739854cd33e5860c614d52c28ba048a7cc,runtime_ns,8,7239.5,1016.0268908139897,6390.080262341118,8088.919737658882
plus,8b6e4f739854cd33e5860c614d52c28ba048a7cc,rss,8,54806528.0,130907.32512517614,54697086.73740077,54915969.26259923
dchester,8b6e4f739854cd33e5860c614d52c28ba048a7cc,runtime_ns,3,16742.833333333332,263.3544822731015,16088.624532360236,17397.042134306426
dchester,8b6e4f739854cd33e5860c614d52c28ba048a7cc,rss,3,61347157.333333336,111523.58253451748,61070117.39620984,61624197.27045683
jsonpathly,8b6e4f739854cd33e5860c614d52c28ba048a7cc,runtime_ns,8,13257.8125,1195.508019256727,12258.34278392528,14257.28221607472
jsonpathly,8b6e4f739854cd33e5860c614d52c28ba048a7cc,rss,8,57063424.0,99635.92917072779,56980126.278667256,57146721.721332744
rfc9535,8b6e4f739854cd33e5860c614d52c28ba048a7cc,runtime_ns,6,8496.583333333334,315.6352985118532,8165.344401865787,8827.822264800881
rfc9535,8b6e4f739854cd33e5860c614d52c28ba048a7cc,rss,6,57895594.666666664,168258.70782656886,57719017.98195062,58072171.35138271
p3,8b6e4f739854cd33e5860c614d52c28ba048a7cc,runtime_ns,4,8479.25,143.2913698261925,8251.241454758796,8707.258545241204
p3,8b6e4f739854cd33e5860c614d52c28ba048a7cc,rss,4,55181312.0,76847.77180894707,55059030.046268664,55303593.953731336
plus,52e9f056a34d9527a6b66beb6289b27ff4e27ab6,runtime_ns,5,4416.5,124.79182665543445,4261.550481571862,4571.449518428138
plus,52e9f056a34d9527a6b66beb6289b27ff4e27ab6,rss,5,54358835.2,89289.04212275994,54247968.21096207,54469702.189037934
dchester,52e9f056a34d9527a6b66beb6289b27ff4e27ab6,runtime_ns,8,25867.25,2570.863209674358,23717.954570064125,28016.545429935875
dchester,52e9f056a34d9527a6b66beb6289b27ff4e27ab6,rss,8,63021056.0,174494.27009176303,62875175.13949878,63166936.86050122
jsonpathly,52e9f056a34d9527a6b66beb6289b27ff4e27ab6,runtime_ns,7,12032.57142857143,570.5343568804182,11504.915154341204,12560.227702801654
jsonpathly,52e9f056a34d9527a6b66beb6289b27ff4e27ab6,rss,7,56644169.14285714,66696.01926009421,56582485.613014705,56705852.67269958
rfc9535,52e9f056a34d9527a6b66beb6289b27ff4e27ab6,runtime_ns,8,9526.0,1367.2521190851587,8382.94862330225,10669.05137669775
rfc9535,52e9f056a34d9527a6b66beb6289b27ff4e27ab6,rss,8,57829376.0,66082.2945295161,57774129.81922403,57884622.18077597
p3,52e9f056a34d9527a6b66beb6289b27ff4e27ab6,runtime_ns,8,7799.4375,1087.0344467370192,6890.653959995674,8708.221040004326
p3,52e9f056a34d9527a6b66beb6289b27ff4e27ab6,rss,8,54951936.0,33918.102372795394,54923579.75679436,54980292.24320564
plus,fe58b1441a16f74f11dc78f79d55a58d283eb751,runtime_ns,8,45981.9375,2674.5426369688494,43745.96389970335,48217.91110029665
plus,fe58b1441a16f74f11dc78f79d55a58d283eb751,rss,8,57067520.0,71917.8421414722,57007395.179331265,57127644.820668735
dchester,fe58b1441a16f74f11dc78f79d55a58d283eb751,runtime_ns,0,nan,0,nan,nan
dchester,fe58b1441a16f74f11dc78f79d55a58d283eb751,rss,0,nan,0,nan,nan
jsonpathly,fe58b1441a16f74f11dc78f79d55a58d283eb751,runtime_ns,6,1750732.5833333333,69301.07833967425,1678005.5618404555,1823459.604826211
jsonpathly,fe58b1441a16f74f11dc78f79d55a58d283eb751,rss,6,93932202.66666667,3070038.3909570035,90710394.96334746,97154010.36998588
rfc9535,fe58b1441a16f74f11dc78f79d55a58d283eb751,runtime_ns,6,245430.83333333334,9175.027758359463,235802.23220667595,255059.43445999073
rfc9535,fe58b1441a16f74f11dc78f79d55a58d283eb751,rss,6,76502357.33333333,266141.25758676854,76223059.21237503,76781655.45429163
p3,fe58b1441a16f74f11dc78f79d55a58d283eb751,runtime_ns,0,nan,0,nan,nan
p3,fe58b1441a16f74f11dc78f79d55a58d283eb751,rss,0,nan,0,nan,nan
plus,608ac8c024161b581021423101c728cc583d67e9,runtime_ns,8,11593.75,949.511716620706,10799.938339572549,12387.561660427451
plus,608ac8c024161b581021423101c728cc583d67e9,rss,8,55779328.0,68957.54029421708,55721678.05360991,55836977.94639009
dchester,608ac8c024161b581021423101c728cc583d67e9,runtime_ns,7,46496.92857142857,2294.6251224069156,44374.75428298677,48619.10285987038
dchester,608ac8c024161b581021423101c728cc583d67e9,rss,7,64377417.14285714,167275.8220060793,64222712.81007841,64532121.47563587
jsonpathly,608ac8c024161b581021423101c728cc583d67e9,runtime_ns,8,33757.625,2469.974374505591,31692.674747024066,35822.575252975934
jsonpathly,608ac8c024161b581021423101c728cc583d67e9,rss,8,58413056.0,186137.98050140883,58257440.75399092,58568671.24600908
rfc9535,608ac8c024161b581021423101c728cc583d67e9,runtime_ns,6,28940.666666666668,1223.753311197427,27656.416327455365,30224.91700587797
rfc9535,608ac8c024161b581021423101c728cc583d67e9,rss,6,59640490.666666664,206052.27805260164,59424252.062396504,59856729.270936824
p3,608ac8c024161b581021423101c728cc583d67e9,runtime_ns,7,33842.357142857145,1786.0640785977257,32190.52337354245,35494.190912171834
p3,608ac8c024161b581021423101c728cc583d67e9,rss,7,58486198.85714286,150076.69047015993,58347401.06803989,58624996.64624583
plus,f024eaf36901e2d6c84a663ea1206e283105e993,runtime_ns,5,5266.7,201.2171091135145,5016.855959791111,5516.544040208889
plus,f024eaf36901e2d6c84a663ea1206e283105e993,rss,5,54473523.2,114336.37525827027,54331555.839156695,54615490.56084331
dchester,f024eaf36901e2d6c84a663ea1206e283105e993,runtime_ns,3,45909.5,834.7848525218939,43835.77946665243,47983.22053334757
dchester,f024eaf36901e2d6c84a663ea1206e283105e993,rss,3,64842410.666666664,90236.0358467355,64618251.92706093,65066569.4062724
jsonpathly,f024eaf36901e2d6c84a663ea1206e283105e993,runtime_ns,8,19437.25,1914.5855761943442,17836.61640205105,21037.88359794895
jsonpathly,f024eaf36901e2d6c84a663ea1206e283105e993,rss,8,57481216.0,133947.8784431787,57369232.77121359,57593199.22878641
rfc9535,f024eaf36901e2d6c84a663ea1206e283105e993,runtime_ns,8,14424.5,980.8725707246584,13604.470009421468,15244.529990578532
rfc9535,f024eaf36901e2d6c84a663ea1206e283105e993,rss,8,58056704.0,53270.50074049293,58012168.74687526,58101239.25312474
p3,f024eaf36901e2d6c84a663ea1206e283105e993,runtime_ns,8,13200.625,2070.0534111466786,11470.017039390426,14931.232960609574
p3,f024eaf36901e2d6c84a663ea1206e283105e993,rss,8,55754752.0,68399.17045445173,55697568.86247796,55811935.13752204
plus,6c3f366dc84e14f2a3af1c0722e1305977256846,runtime_ns,5,5166.6,185.14737373238648,4936.709171674519,5396.490828325482
plus,6c3f366dc84e14f2a3af1c0722e1305977256846,rss,5,54401433.6,60863.85867491479,54325861.1378916,54477006.062108405
dchester,6c3f366dc84e14f2a3af1c0722e1305977256846,runtime_ns,5,47575.0,1623.3185916510658,45559.38374713204,49590.61625286796
dchester,6c3f366dc84e14f2a3af1c0722e1305977256846,rss,5,64857702.4,122934.60120242795,64705058.93155341,65010345.86844659
jsonpathly,6c3f366dc84e14f2a3af1c0722e1305977256846,runtime_ns,5,19670.9,554.148942072436,18982.833208985954,20358.96679101405
jsonpathly,6c3f366dc84e14f2a3af1c0722e1305977256846,rss,5,57376768.0,65536.0,57295394.30821372,57458141.69178628
rfc9535,6c3f366dc84e14f2a3af1c0722e1305977256846,runtime_ns,8,14854.1875,1648.715862583882,13475.826545057098,16232.548454942902
rfc9535,6c3f366dc84e14f2a3af1c0722e1305977256846,rss,8,58050560.0,78544.39507510568,57984895.24244046,58116224.75755954
p3,6c3f366dc84e14f2a3af1c0722e1305977256846,runtime_ns,7,14428.357142857143,713.2025024660314,13768.754840761645,15087.959444952641
p3,6c3f366dc84e14f2a3af1c0722e1305977256846,rss,7,55878802.28571428,81293.45160530928,55803618.38263101,55953986.188797556
plus,57caddd1da53465b35c0f8eb0c6a1dd3f27f41a1,runtime_ns,6,5177.083333333333,201.94118368145382,4965.159058015234,5389.007608651432
plus,57caddd1da53465b35c0f8eb0c6a1dd3f27f41a1,rss,6,54359381.333333336,53258.50152855097,54303489.96370182,54415272.70296485
dchester,57caddd1da53465b35c0f8eb0c6a1dd3f27f41a1,runtime_ns,8,50041.8125,6572.978749272878,44546.66474818038,55536.96025181962
dchester,57caddd1da53465b35c0f8eb0c6a1dd3f27f41a1,rss,8,64804864.0,194043.46470387946,64642639.60380204,64967088.39619796
jsonpathly,57caddd1da53465b35c0f8eb0c6a1dd3f27f41a1,runtime_ns,3,20993.0,301.8025016463581,20243.28102415969,21742.71897584031
jsonpathly,57caddd1da53465b35c0f8eb0c6a1dd3f27f41a1,rss,3,57584298.666666664,62028.82289172779,57430210.52850584,57738386.80482749
rfc9535,57caddd1da53465b35c0f8eb0c6a1dd3f27f41a1,runtime_ns,8,17515.625,1462.713787793087,16292.765671048737,18738.48432895126
rfc9535,57caddd1da53465b35c0f8eb0c6a1dd3f27f41a1,rss,8,58052608.0,75716.67175539536,57989307.27829632,58115908.72170368
p3,57caddd1da53465b35c0f8eb0c6a1dd3f27f41a1,runtime_ns,8,18562.5,1292.1040150523045,17482.274010494522,19642.725989505478
p3,57caddd1da53465b35c0f8eb0c6a1dd3f27f41a1,rss,8,56414208.0,247043.96029394097,56207674.08063201,56620741.91936799
plus,9dae1f82549b78229c4029c5004c279cd9805577,runtime_ns,0,nan,0,nan,nan
plus,9dae1f82549b78229c4029c5004c279cd9805577,rss,0,nan,0,nan,nan
dchester,9dae1f82549b78229c4029c5004c279cd9805577,runtime_ns,0,nan,0,nan,nan
dchester,9dae1f82549b78229c4029c5004c279cd9805577,rss,0,nan,0,nan,nan
jsonpathly,9dae1f82549b78229c4029c5004c279cd9805577,runtime_ns,7,498476.35714285716,22168.30167475301,477974.09759153007,518978.61669418425
jsonpathly,9dae1f82549b78229c4029c5004c279cd9805577,rss,7,68494482.28571428,136048.75531675434,68368658.17279562,68620306.39863294
rfc9535,9dae1f82549b78229c4029c5004c279cd9805577,runtime_ns,3,229361.16666666666,4213.693520337393,218893.77168703853,239828.56164629478
rfc9535,9dae1f82549b78229c4029c5004c279cd9805577,rss,3,67360085.33333333,182689.5591689173,66906259.30985878,67813911.35680787
p3,9dae1f82549b78229c4029c5004c279cd9805577,runtime_ns,5,133087.7,4582.522621329872,127397.74664014037,138777.65335985966
p3,9dae1f82549b78229c4029c5004c279cd9805577,rss,5,64149913.6,88685.73087481436,64039795.720818356,64260031.47918165
plus,6935f3116411a5341a08e6a817b5b254e103c8e8,runtime_ns,0,nan,0,nan,nan
plus,6935f3116411a5341a08e6a817b5b254e103c8e8,rss,0,nan,0,nan,nan
dchester,6935f3116411a5341a08e6a817b5b254e103c8e8,runtime_ns,0,nan,0,nan,nan
dchester,6935f3116411a5341a08e6a817b5b254e103c8e8,rss,0,nan,0,nan,nan
jsonpathly,6935f3116411a5341a08e6a817b5b254e103c8e8,runtime_ns,3,1377291.5,2149.6729402399797,1371951.4163812206,1382631.5836187794
jsonpathly,6935f3116411a5341a08e6a817b5b254e103c8e8,rss,3,79779157.33333333,727629.162222992,77971626.2912859,81586688.37538075
rfc9535,6935f3116411a5341a08e6a817b5b254e103c8e8,runtime_ns,5,367512.6,14128.360544486399,349969.9233582687,385055.27664173127
rfc9535,6935f3116411a5341a08e6a817b5b254e103c8e8,rss,5,68989747.2,294319.76089144946,68624300.94894116,69355193.45105885
p3,6935f3116411a5341a08e6a817b5b254e103c8e8,runtime_ns,3,147291.83333333334,901.5958536580197,145052.1450725037,149531.52159416297
p3,6935f3116411a5341a08e6a817b5b254e103c8e8,rss,3,64509269.333333336,52667.19135603619,64378436.77711383,64640101.88955284
plus,a48d6bccf35ca2a9f09e5d32585820f51b476d4a,runtime_ns,0,nan,0,nan,nan
plus,a48d6bccf35ca2a9f09e5d32585820f51b476d4a,rss,0,nan,0,nan,nan
dchester,a48d6bccf35ca2a9f09e5d32585820f51b476d4a,runtime_ns,0,nan,0,nan,nan
dchester,a48d6bccf35ca2a9f09e5d32585820f51b476d4a,rss,0,nan,0,nan,nan
jsonpathly,a48d6bccf35ca2a9f09e5d32585820f51b476d4a,runtime_ns,3,20403270.833333332,116899.33166226116,20112876.7950727,20693664.871593963
jsonpathly,a48d6bccf35ca2a9f09e5d32585820f51b476d4a,rss,3,101695488.0,398639.9251856241,100705211.52843706,102685764.47156294
rfc9535,a48d6bccf35ca2a9f09e5d32585820f51b476d4a,runtime_ns,3,1092097.0,8094.438105884806,1071989.3010457426,1112204.6989542574
rfc9535,a48d6bccf35ca2a9f09e5d32585820f51b476d4a,rss,3,70325589.33333333,204854.6060534967,69816702.28101008,70834476.38565658
p3,a48d6bccf35ca2a9f09e5d32585820f51b476d4a,runtime_ns,3,151417.0,2770.678572119112,144534.25287186037,158299.74712813963
p3,a48d6bccf35ca2a9f09e5d32585820f51b476d4a,rss,3,64558421.333333336,408725.252605382,63543091.51959163,65573751.14707504
plus,318c6d34368aa711be6c70e5181619755fa29f25,runtime_ns,0,nan,0,nan,nan
plus,318c6d34368aa711be6c70e5181619755fa29f25,rss,0,nan,0,nan,nan
dchester,318c6d34368aa711be6c70e5181619755fa29f25,runtime_ns,0,nan,0,nan,nan
dchester,318c6d34368aa711be6c70e5181619755fa29f25,rss,0,nan,0,nan,nan
jsonpathly,318c6d34368aa711be6c70e5181619755fa29f25,runtime_ns,5,305837.4,12232.308415626218,290648.983025392,321025.81697460805
jsonpathly,318c6d34368aa711be6c70e5181619755fa29f25,rss,5,67685580.8,318414.9364134792,67290216.43696503,68080945.16303496
rfc9535,318c6d34368aa711be6c70e5181619755fa29f25,runtime_ns,8,216789.0,16268.928364918727,203187.8355144329,230390.1644855671
rfc9535,318c6d34368aa711be6c70e5181619755fa29f25,rss,8,67106816.0,224208.23496536812,66919373.22476728,67294258.77523272
p3,318c6d34368aa711be6c70e5181619755fa29f25,runtime_ns,3,174826.33333333334,3230.884141118857,166800.37219608392,182852.29447058277
p3,318c6d34368aa711be6c70e5181619755fa29f25,rss,3,64318122.666666664,37837.22724161131,64224129.78356771,64412115.54976562
plus,f00bf9ed03eb12689b03c52ec594126974bdb139,runtime_ns,0,nan,0,nan,nan
plus,f00bf9ed03eb12689b03c52ec594126974bdb139,rss,0,nan,0,nan,nan
dchester,f00bf9ed03eb12689b03c52ec594126974bdb139,runtime_ns,0,nan,0,nan,nan
dchester,f00bf9ed03eb12689b03c52ec594126974bdb139,rss,0,nan,0,nan,nan
jsonpathly,f00bf9ed03eb12689b03c52ec594126974bdb139,runtime_ns,6,171388.83333333334,7944.7228061567175,163051.35807145806,179726.30859520863
jsonpathly,f00bf9ed03eb12689b03c52ec594126974bdb139,rss,6,64585728.0,582588.869243483,63974338.47720919,65197117.52279081
rfc9535,f00bf9ed03eb12689b03c52ec594126974bdb139,runtime_ns,4,161171.875,4717.964804429272,153664.54016984274,168679.20983015726
rfc9535,f00bf9ed03eb12689b03c52ec594126974bdb139,rss,4,65323008.0,299727.2080987421,64846075.12699658,65799940.87300342
p3,f00bf9ed03eb12689b03c52ec594126974bdb139,runtime_ns,8,139619.8125,8207.045048256232,132758.55113490028,146481.07386509972
p3,f00bf9ed03eb12689b03c52ec594126974bdb139,rss,8,63860736.0,197920.19253946058,63695270.57822403,64026201.42177597
plus,677016f5fbbaf43e8154e04d0b761ffe968b45dc,runtime_ns,0,nan,0,nan,nan
plus,677016f5fbbaf43e8154e04d0b761ffe968b45dc,rss,0,nan,0,nan,nan
dchester,677016f5fbbaf43e8154e04d0b761ffe968b45dc,runtime_ns,0,nan,0,nan,nan
dchester,677016f5fbbaf43e8154e04d0b761ffe968b45dc,rss,0,nan,0,nan,nan
jsonpathly,677016f5fbbaf43e8154e04d0b761ffe968b45dc,runtime_ns,3,2081083.3333333333,15874.826552858249,2041648.0780258826,2120518.588640784
jsonpathly,677016f5fbbaf43e8154e04d0b761ffe968b45dc,rss,3,81783466.66666667,820236.9969840017,79745885.00988588,83821048.32344747
rfc9535,677016f5fbbaf43e8154e04d0b761ffe968b45dc,runtime_ns,3,525215.5,3283.6137486007697,517058.55125627894,533372.448743721
rfc9535,677016f5fbbaf43e8154e04d0b761ffe968b45dc,rss,3,68932949.33333333,25026.973395385496,68870778.88491088,68995119.78175578
p3,677016f5fbbaf43e8154e04d0b761ffe968b45dc,runtime_ns,8,166466.0,9820.803349450158,158255.60293264853,174676.39706735147
p3,677016f5fbbaf43e8154e04d0b761ffe968b45dc,rss,8,64360448.0,284689.8904964086,64122441.29536853,64598454.70463147
plus,2da2d909121931b445521b3f89f15c32d163ca4a,runtime_ns,0,nan,0,nan,nan
plus,2da2d909121931b445521b3f89f15c32d163ca4a,rss,0,nan,0,nan,nan
dchester,2da2d909121931b445521b3f89f15c32d163ca4a,runtime_ns,0,nan,0,nan,nan
dchester,2da2d909121931b445521b3f89f15c32d163ca4a,rss,0,nan,0,nan,nan
jsonpathly,2da2d909121931b445521b3f89f15c32d163ca4a,runtime_ns,3,506069.6666666667,6743.477910791533,489317.9388801141,522821.39445321925
jsonpathly,2da2d909121931b445521b3f89f15c32d163ca4a,rss,3,69135018.66666667,159130.17108434634,68739717.40759876,69530319.92573458
rfc9535,2da2d909121931b445521b3f89f15c32d163ca4a,runtime_ns,3,289340.3333333333,974.2792635242389,286920.0894730364,291760.5771936302
rfc9535,2da2d909121931b445521b3f89f15c32d163ca4a,rss,3,67900757.33333333,41232.162462491986,67798330.96362324,68003183.70304342
p3,2da2d909121931b445521b3f89f15c32d163ca4a,runtime_ns,5,156241.6,4603.620496413665,150525.45016821023,161957.74983178978
p3,2da2d909121931b445521b3f89f15c32d163ca4a,rss,5,64009011.2,56041.90249447283,63939425.98728177,64078596.41271824
plus,96c05f652ed5b14aba44bffcb5544808c63a98dc,runtime_ns,0,nan,0,nan,nan
plus,96c05f652ed5b14aba44bffcb5544808c63a98dc,rss,0,nan,0,nan,nan
dchester,96c05f652ed5b14aba44bffcb5544808c63a98dc,runtime_ns,0,nan,0,nan,nan
dchester,96c05f652ed5b14aba44bffcb5544808c63a98dc,rss,0,nan,0,nan,nan
jsonpathly,96c05f652ed5b14aba44bffcb5544808c63a98dc,runtime_ns,4,66640.375,2044.8463827795638,63386.56809212521,69894.1819078748
jsonpathly,96c05f652ed5b14aba44bffcb5544808c63a98dc,rss,4,62599168.0,166749.63063627257,62333832.127037086,62864503.872962914
rfc9535,96c05f652ed5b14aba44bffcb5544808c63a98dc,runtime_ns,3,68507.0,1313.81857575542,65243.29372956786,71770.70627043214
rfc9535,96c05f652ed5b14aba44bffcb5544808c63a98dc,rss,3,63821141.333333336,124057.64578345558,63512965.057011686,64129317.609654985
p3,96c05f652ed5b14aba44bffcb5544808c63a98dc,runtime_ns,4,61015.75,1834.035009662211,58097.39102986977,63934.10897013023
p3,96c05f652ed5b14aba44bffcb5544808c63a98dc,rss,4,63643648.0,235724.7110338668,63268557.3821531,64018738.6178469
plus,612f156fc8561f420018d3723969b865050011a7,runtime_ns,0,nan,0,nan,nan
plus,612f156fc8561f420018d3723969b865050011a7,rss,0,nan,0,nan,nan
dchester,612f156fc8561f420018d3723969b865050011a7,runtime_ns,0,nan,0,nan,nan
dchester,612f156fc8561f420018d3723969b865050011a7,rss,0,nan,0,nan,nan
jsonpathly,612f156fc8561f420018d3723969b865050011a7,runtime_ns,4,1458171.75,33338.13457213825,1405123.338402924,1511220.161597076
jsonpathly,612f156fc8561f420018d3723969b865050011a7,rss,4,69001216.0,145624.1773332986,68769495.43744284,69232936.56255716
rfc9535,612f156fc8561f420018d3723969b865050011a7,runtime_ns,6,483253.5,22732.529707447873,459397.17314001,507109.82685999
rfc9535,612f156fc8561f420018d3723969b865050011a7,rss,6,69132288.0,192955.9476854756,68929793.15156896,69334782.84843104
p3,612f156fc8561f420018d3723969b865050011a7,runtime_ns,3,136486.16666666666,1435.7964978830855,132919.45043987624,140052.88289345708
p3,612f156fc8561f420018d3723969b865050011a7,rss,3,63782912.0,199319.96259281205,63287773.76421853,64278050.23578147
plus,bd6672eacbdcae9b95a604289c12f776cfbf03df,runtime_ns,0,nan,0,nan,nan
plus,bd6672eacbdcae9b95a604289c12f776cfbf03df,rss,0,nan,0,nan,nan
dchester,bd6672eacbdcae9b95a604289c12f776cfbf03df,runtime_ns,0,nan,0,nan,nan
dchester,bd6672eacbdcae9b95a604289c12f776cfbf03df,rss,0,nan,0,nan,nan
jsonpathly,bd6672eacbdcae9b95a604289c12f776cfbf03df,runtime_ns,6,186402.66666666666,8853.770912253527,177111.20392387343,195694.12940945989
jsonpathly,bd6672eacbdcae9b95a604289c12f776cfbf03df,rss,6,63700992.0,496410.8667303728,63180040.74442149,64221943.25557851
rfc9535,bd6672eacbdcae9b95a604289c12f776cfbf03df,runtime_ns,8,172622.4375,10705.823266660265,163672.14526580187,181572.72973419813
rfc9535,bd6672eacbdcae9b95a604289c12f776cfbf03df,rss,8,64743424.0,588127.0828034169,64251737.45419929,65235110.54580071
p3,bd6672eacbdcae9b95a604289c12f776cfbf03df,runtime_ns,8,171380.25,16345.875056329742,157714.7564705631,185045.7435294369
p3,bd6672eacbdcae9b95a604289c12f776cfbf03df,rss,8,64079872.0,385378.657325864,63757687.37972601,64402056.62027399
plus,176ef6505dfbf5e79cf7c5285350d385d91fb9eb,runtime_ns,0,nan,0,nan,nan
plus,176ef6505dfbf5e79cf7c5285350d385d91fb9eb,rss,0,nan,0,nan,nan
dchester,176ef6505dfbf5e79cf7c5285350d385d91fb9eb,runtime_ns,0,nan,0,nan,nan
dchester,176ef6505dfbf5e79cf7c5285350d385d91fb9eb,rss,0,nan,0,nan,nan
jsonpathly,176ef6505dfbf5e79cf7c5285350d385d91fb9eb,runtime_ns,5,713058.4,25737.006076853617,681101.6861328194,745015.1138671807
jsonpathly,176ef6505dfbf5e79cf7c5285350d385d91fb9eb,rss,5,69310873.6,159102.05372904523,69113322.30784436,69508424.89215563
rfc9535,176ef6505dfbf5e79cf7c5285350d385d91fb9eb,runtime_ns,5,346345.8,10682.231207711244,333082.0580888962,359609.54191110376
rfc9535,176ef6505dfbf5e79cf7c5285350d385d91fb9eb,rss,5,67256320.0,108059.90161017176,67122145.91052121,67390494.08947879
p3,176ef6505dfbf5e79cf7c5285350d385d91fb9eb,runtime_ns,8,167914.125,24822.47543737904,147162.0162077115,188666.2337922885
p3,176ef6505dfbf5e79cf7c5285350d385d91fb9eb,rss,8,63934464.0,349619.796758871,63642174.53529365,64226753.46470635
plus,c9ac931eef6afb26da45b13add7de3a33aaa0089,runtime_ns,0,nan,0,nan,nan
plus,c9ac931eef6afb26da45b13add7de3a33aaa0089,rss,0,nan,0,nan,nan
dchester,c9ac931eef6afb26da45b13add7de3a33aaa0089,runtime_ns,0,nan,0,nan,nan
dchester,c9ac931eef6afb26da45b13add7de3a33aaa0089,rss,0,nan,0,nan,nan
jsonpathly,c9ac931eef6afb26da45b13add7de3a33aaa0089,runtime_ns,4,584203.25,13786.909186495233,562265.2008990782,606141.2991009218
jsonpathly,c9ac931eef6afb26da45b13add7de3a33aaa0089,rss,4,68153344.0,164589.22028695155,67891445.82200414,68415242.17799586
rfc9535,c9ac931eef6afb26da45b13add7de3a33aaa0089,runtime_ns,5,333916.6,11641.225759128632,319462.1090799277,348371.0909200723
rfc9535,c9ac931eef6afb26da45b13add7de3a33aaa0089,rss,5,66115993.6,157405.8213307246,65920548.458545946,66311438.74145406
p3,c9ac931eef6afb26da45b13add7de3a33aaa0089,runtime_ns,8,175039.125,10239.11758457311,166479.00848027022,183599.24151972978
p3,c9ac931eef6afb26da45b13add7de3a33aaa0089,rss,8,63868928.0,773637.6393857048,63222150.74771333,64515705.25228667
plus,672173223dfcfd5ce4aebbf4404cdc7d0af0569c,runtime_ns,0,nan,0,nan,nan
plus,672173223dfcfd5ce4aebbf4404cdc7d0af0569c,rss,0,nan,0,nan,nan
dchester,672173223dfcfd5ce4aebbf4404cdc7d0af0569c,runtime_ns,0,nan,0,nan,nan
dchester,672173223dfcfd5ce4aebbf4404cdc7d0af0569c,rss,0,nan,0,nan,nan
jsonpathly,672173223dfcfd5ce4aebbf4404cdc7d0af0569c,runtime_ns,4,193343.75,5551.167827583669,184510.60322854828,202176.89677145172
jsonpathly,672173223dfcfd5ce4aebbf4404cdc7d0af0569c,rss,4,63049728.0,165672.94702515556,62786105.37092716,63313350.62907284
rfc9535,672173223dfcfd5ce4aebbf4404cdc7d0af0569c,runtime_ns,7,179473.2857142857,8649.883471552006,171473.4777621743,187473.09366639712
rfc9535,672173223dfcfd5ce4aebbf4404cdc7d0af0569c,rss,7,65646006.85714286,523922.1580742151,65161459.67679831,66130554.03748741
p3,672173223dfcfd5ce4aebbf4404cdc7d0af0569c,runtime_ns,5,178200.2,5663.150786002435,171168.46955262145,185231.93044737857
p3,672173223dfcfd5ce4aebbf4404cdc7d0af0569c,rss,5,64497254.4,676879.3365887306,63656797.696629725,65337711.10337027
plus,8be9505e998ae362240cf55728ea4d7141189e5d,runtime_ns,0,nan,0,nan,nan
plus,8be9505e998ae362240cf55728ea4d7141189e5d,rss,0,nan,0,nan,nan
dchester,8be9505e998ae362240cf55728ea4d7141189e5d,runtime_ns,0,nan,0,nan,nan
dchester,8be9505e998ae362240cf55728ea4d7141189e5d,rss,0,nan,0,nan,nan
jsonpathly,8be9505e998ae362240cf55728ea4d7141189e5d,runtime_ns,3,249215.5,4551.0722088316725,237910.00989714236,260520.99010285764
jsonpathly,8be9505e998ae362240cf55728ea4d7141189e5d,rss,3,65230165.333333336,331075.738364099,64407727.60621749,66052603.06044918
rfc9535,8be9505e998ae362240cf55728ea4d7141189e5d,runtime_ns,5,204325.0,8166.71726429904,194184.68118941074,214465.31881058926
rfc9535,8be9505e998ae362240cf55728ea4d7141189e5d,rss,5,65470464.0,445241.0406240647,64917624.22933432,66023303.77066568
p3,8be9505e998ae362240cf55728ea4d7141189e5d,runtime_ns,5,171658.5,5552.129231204908,164764.62102023812,178552.37897976188
p3,8be9505e998ae362240cf55728ea4d7141189e5d,rss,5,63809126.4,90927.50983503288,63696224.98459152,63922027.815408476
plus,73ed55078e2294133a2ae062f73fb79be1330ad2,runtime_ns,0,nan,0,nan,nan
plus,73ed55078e2294133a2ae062f73fb79be1330ad2,rss,0,nan,0,nan,nan
dchester,73ed55078e2294133a2ae062f73fb79be1330ad2,runtime_ns,0,nan,0,nan,nan
dchester,73ed55078e2294133a2ae062f73fb79be1330ad2,rss,0,nan,0,nan,nan
jsonpathly,73ed55078e2294133a2ae062f73fb79be1330ad2,runtime_ns,6,536017.25,23362.900536427405,511499.38952572807,560535.1104742719
jsonpathly,73ed55078e2294133a2ae062f73fb79be1330ad2,rss,6,68629845.33333333,135271.3947982598,68487886.7105736,68771803.95609306
rfc9535,73ed55078e2294133a2ae062f73fb79be1330ad2,runtime_ns,3,303229.3333333333,5125.508104893926,290496.8653580843,315961.8013085823
rfc9535,73ed55078e2294133a2ae062f73fb79be1330ad2,rss,3,66273280.0,16384.0,66232579.88773068,66313980.11226932
p3,73ed55078e2294133a2ae062f73fb79be1330ad2,runtime_ns,4,167619.875,3473.0178129642045,162093.52864647377,173146.22135352623
p3,73ed55078e2294133a2ae062f73fb79be1330ad2,rss,4,63938560.0,156864.85733479843,63688953.00717301,64188166.99282699
plus,9b0af4033df497d647f08d4eed2c2d3bf29fc985,runtime_ns,3,2909.8333333333335,31.860372460681205,2830.6877805933436,2988.9788860733233
plus,9b0af4033df497d647f08d4eed2c2d3bf29fc985,rss,3,54285653.333333336,68212.03147050623,54116205.25356235,54455101.41310432
dchester,9b0af4033df497d647f08d4eed2c2d3bf29fc985,runtime_ns,3,14375.0,191.15896526189923,13900.134805453745,14849.865194546255
dchester,9b0af4033df497d647f08d4eed2c2d3bf29fc985,rss,3,61210624.0,205290.93158734508,60700653.05496352,61720594.94503648
jsonpathly,9b0af4033df497d647f08d4eed2c2d3bf29fc985,runtime_ns,5,12370.8,354.41123712433273,11930.740326303858,12810.85967369614
jsonpathly,9b0af4033df497d647f08d4eed2c2d3bf29fc985,rss,5,56875417.6,115038.54997695338,56732578.37408806,57018256.82591195
rfc9535,9b0af4033df497d647f08d4eed2c2d3bf29fc985,runtime_ns,3,7562.333333333333,20.750502001959696,7510.786228772514,7613.880437894152
rfc9535,9b0af4033df497d647f08d4eed2c2d3bf29fc985,rss,3,57884672.0,59073.352097202,57737925.65829583,58031418.34170417
p3,9b0af4033df497d647f08d4eed2c2d3bf29fc985,runtime_ns,8,4244.875,317.8266317619448,3979.165286395912,4510.584713604088
p3,9b0af4033df497d647f08d4eed2c2d3bf29fc985,rss,8,54861824.0,169364.24023303823,54720231.95178926,55003416.04821074
plus,1048e9658d6ccaffbf1cc0748745e6298f527e7b,runtime_ns,3,3159.8333333333335,43.434817063426586,3051.9352662630986,3267.7314004035684
plus,1048e9658d6ccaffbf1cc0748745e6298f527e7b,rss,3,54231040.0,75080.92018615648,54044528.65473265,54417551.34526735
dchester,1048e9658d6ccaffbf1cc0748745e6298f527e7b,runtime_ns,5,24700.0,786.4433387091533,23723.501619697676,25676.498380302324
dchester,1048e9658d6ccaffbf1cc0748745e6298f527e7b,rss,5,62934220.8,457638.87812466285,62365987.080854245,63502454.51914575
jsonpathly,1048e9658d6ccaffbf1cc0748745e6298f527e7b,runtime_ns,7,12827.285714285714,581.724151205052,12289.280606349797,13365.29082222163
jsonpathly,1048e9658d6ccaffbf1cc0748745e6298f527e7b,rss,7,57231652.571428575,74138.6237235292,57163085.78049172,57300219.36236543
rfc9535,1048e9658d6ccaffbf1cc0748745e6298f527e7b,runtime_ns,7,9497.0,486.96731580945624,9046.630348403774,9947.369651596226
rfc9535,1048e9658d6ccaffbf1cc0748745e6298f527e7b,rss,7,57922121.14285714,152149.14531409476,57781406.65270317,58062835.63301111
p3,1048e9658d6ccaffbf1cc0748745e6298f527e7b,runtime_ns,8,6119.875,1047.752620407808,5243.931888646719,6995.818111353281
p3,1048e9658d6ccaffbf1cc0748745e6298f527e7b,rss,8,54968320.0,189658.51181531505,54809761.51615724,55126878.48384276
plus,127a38aba1eae28dc66c92f8a9718bb368afe2eb,runtime_ns,4,4474.125,139.566814942999,4252.043052722219,4696.206947277781
plus,127a38aba1eae28dc66c92f8a9718bb368afe2eb,rss,4,54276096.0,36329.15714225513,54218288.20403928,54333903.79596072
dchester,127a38aba1eae28dc66c92f8a9718bb368afe2eb,runtime_ns,5,45658.2,1679.2454629981883,43573.141364448136,47743.25863555186
dchester,127a38aba1eae28dc66c92f8a9718bb368afe2eb,rss,5,64516915.2,248313.56032887127,64208593.19187385,64825237.20812616
jsonpathly,127a38aba1eae28dc66c92f8a9718bb368afe2eb,runtime_ns,5,19483.3,631.3885095565171,18699.32761880414,20267.27238119586
jsonpathly,127a38aba1eae28dc66c92f8a9718bb368afe2eb,rss,5,57638912.0,123152.76393163086,57485997.64674681,57791826.35325319
rfc9535,127a38aba1eae28dc66c92f8a9718bb368afe2eb,runtime_ns,3,14034.833333333334,153.66305129514166,13653.113152708447,14416.55351395822
rfc9535,127a38aba1eae28dc66c92f8a9718bb368afe2eb,rss,3,58168661.333333336,137404.36821780205,57827329.96048427,58509992.706182405
p3,127a38aba1eae28dc66c92f8a9718bb368afe2eb,runtime_ns,5,11145.9,399.8547236184662,10649.414785171233,11642.385214828766
p3,127a38aba1eae28dc66c92f8a9718bb368afe2eb,rss,5,55522099.2,95111.90707372027,55404002.16918606,55640196.23081394
plus,7f66ab47f5602951cc4f9ec443919f6edfef4a7c,runtime_ns,3,2757.0,52.35217282978807,2626.9499931814526,2887.0500068185474
plus,7f66ab47f5602951cc4f9ec443919f6edfef4a7c,rss,3,54220117.333333336,41232.162462491986,54117690.96362324,54322543.70304343
dchester,7f66ab47f5602951cc4f9ec443919f6edfef4a7c,runtime_ns,4,4671.875,78.64410870073698,4546.734673416505,4797.015326583495
dchester,7f66ab47f5602951cc4f9ec443919f6edfef4a7c,rss,4,60030976.0,168683.60422993102,59762562.74347826,60299389.25652174
jsonpathly,7f66ab47f5602951cc4f9ec443919f6edfef4a7c,runtime_ns,5,8650.0,260.84502103739686,8326.11812826716,8973.88187173284
jsonpathly,7f66ab47f5602951cc4f9ec443919f6edfef4a7c,rss,5,56518246.4,158679.69552781477,56321219.534817174,56715273.26518282
rfc9535,7f66ab47f5602951cc4f9ec443919f6edfef4a7c,runtime_ns,5,5791.6,158.02072648864768,5595.391352949043,5987.808647050958
rfc9535,7f66ab47f5602951cc4f9ec443919f6edfef4a7c,rss,5,57766707.2,122277.77761801201,57614879.28575135,57918535.114248656
p3,7f66ab47f5602951cc4f9ec443919f6edfef4a7c,runtime_ns,8,1885.375,109.20483702003052,1794.0774715080918,1976.6725284919082
p3,7f66ab47f5602951cc4f9ec443919f6edfef4a7c,rss,8,54472704.0,111723.98446170813,54379300.41154218,54566107.58845782
plus,9a850efc6de8df00dcee048047eeb40ef402b049,runtime_ns,4,3260.375,77.16149190712511,3137.5938475849953,3383.1561524150047
plus,9a850efc6de8df00dcee048047eeb40ef402b049,rss,4,54263808.0,72039.93440678118,54149176.38845713,54378439.61154287
dchester,9a850efc6de8df00dcee048047eeb40ef402b049,runtime_ns,3,19604.333333333332,240.1027557803811,19007.885023004106,20200.781643662558
dchester,9a850efc6de8df00dcee048047eeb40ef402b049,rss,3,62215509.333333336,220017.86419591782,61668954.65962549,62762064.00704118
jsonpathly,9a850efc6de8df00dcee048047eeb40ef402b049,runtime_ns,3,14458.166666666666,198.72866761827126,13964.497289030222,14951.83604430311
jsonpathly,9a850efc6de8df00dcee048047eeb40ef402b049,rss,3,57245696.0,198645.4430184594,56752233.36373049,57739158.63626951
rfc9535,9a850efc6de8df00dcee048047eeb40ef402b049,runtime_ns,8,9661.375,523.9528843321697,9223.339426750073,10099.410573249927
rfc9535,9a850efc6de8df00dcee048047eeb40ef402b049,rss,8,57993216.0,154922.5802153173,57863697.48170714,58122734.51829286
p3,9a850efc6de8df00dcee048047eeb40ef402b049,runtime_ns,8,5679.6875,734.2677079677995,5065.824334061825,6293.550665938175
p3,9a850efc6de8df00dcee048047eeb40ef402b049,rss,8,54867968.0,78544.39507510568,54802303.24244046,54933632.75755954
plus,acc47abaa3dbab863c12435329cf1dbe9c382b4e,runtime_ns,4,4594.0,87.3946985424936,4454.935532261029,4733.064467738971
plus,acc47abaa3dbab863c12435329cf1dbe9c382b4e,rss,4,54431744.0,222796.29651021282,54077225.37467009,54786262.62532991
dchester,acc47abaa3dbab863c12435329cf1dbe9c382b4e,runtime_ns,8,48283.625,2646.619794999976,46070.995479780686,50496.254520219314
dchester,acc47abaa3dbab863c12435329cf1dbe9c382b4e,rss,8,64628736.0,314779.6653152805,64365573.61409283,64891898.38590717
jsonpathly,acc47abaa3dbab863c12435329cf1dbe9c382b4e,runtime_ns,5,22012.6,879.2093322980597,20920.91742520073,23104.28257479927
jsonpathly,acc47abaa3dbab863c12435329cf1dbe9c382b4e,rss,5,57750323.2,49695.13251013624,57688618.5430762,57812027.8569238
rfc9535,acc47abaa3dbab863c12435329cf1dbe9c382b4e,runtime_ns,4,15473.875,352.2658501283749,14913.341423390664,16034.408576609336
rfc9535,acc47abaa3dbab863c12435329cf1dbe9c382b4e,rss,4,58146816.0,88736.16348103705,58005616.962192364,58288015.037807636
p3,acc47abaa3dbab863c12435329cf1dbe9c382b4e,runtime_ns,8,11937.4375,1460.842746927266,10716.142400357789,13158.732599642211
p3,acc47abaa3dbab863c12435329cf1dbe9c382b4e,rss,8,55459840.0,88012.95530610415,55386259.32798964,55533420.67201036
plus,a706a407de051f579214d8093853684c665fe929,runtime_ns,4,3713.75,103.75652589917738,3548.650213751545,3878.849786248455
plus,a706a407de051f579214d8093853684c665fe929,rss,4,54210560.0,72504.21376260371,54095189.61639685,54325930.38360315
dchester,a706a407de051f579214d8093853684c665fe929,runtime_ns,8,25627.625,2582.2975477276045,23468.770224226624,27786.479775773376
dchester,a706a407de051f579214d8093853684c665fe929,rss,8,63172608.0,88339.13167528226,63098754.63772086,63246461.36227914
jsonpathly,a706a407de051f579214d8093853684c665fe929,runtime_ns,7,19312.5,963.306588440738,18421.58999735382,20203.41000264618
jsonpathly,a706a407de051f579214d8093853684c665fe929,rss,7,57484434.28571428,100490.22938527289,57391496.32431981,57577372.24710876
rfc9535,a706a407de051f579214d8093853684c665fe929,runtime_ns,8,13817.6875,1884.9232257480105,12241.8522476089,15393.5227523911
rfc9535,a706a407de051f579214d8093853684c665fe929,rss,8,57948160.0,68083.07503547202,57891241.12486146,58005078.87513854
p3,a706a407de051f579214d8093853684c665fe929,runtime_ns,8,5877.5625,608.0103639565459,5369.253115164633,6385.871884835367
p3,a706a407de051f579214d8093853684c665fe929,rss,8,54921216.0,111959.71193756643,54827615.33844056,55014816.66155944
plus,eb130266a40eedf2abd9c4ce5fddbde47670f53e,runtime_ns,5,5645.9,224.41295639958045,5367.25451130817,5924.54548869183
plus,eb130266a40eedf2abd9c4ce5fddbde47670f53e,rss,5,54329344.0,83542.33571070418,54225612.489422165,54433075.510577835
dchester,eb130266a40eedf2abd9c4ce5fddbde47670f53e,runtime_ns,6,47406.333333333336,2051.2747662530896,45253.65248640804,49559.01418025863
dchester,eb130266a40eedf2abd9c4ce5fddbde47670f53e,rss,6,64473770.666666664,217461.21377999036,64245559.1186309,64701982.21470243
jsonpathly,eb130266a40eedf2abd9c4ce5fddbde47670f53e,runtime_ns,8,26903.75,2472.466712183835,24836.71610058129,28970.78389941871
jsonpathly,eb130266a40eedf2abd9c4ce5fddbde47670f53e,rss,8,57669632.0,124911.21198675482,57565203.61343295,57774060.38656705
rfc9535,eb130266a40eedf2abd9c4ce5fddbde47670f53e,runtime_ns,8,20862.0,2315.1482982429316,18926.487585993487,22797.512414006513
rfc9535,eb130266a40eedf2abd9c4ce5fddbde47670f53e,rss,8,58185728.0,146788.0745642701,58063010.09861853,58308445.90138147
p3,eb130266a40eedf2abd9c4ce5fddbde47670f53e,runtime_ns,8,11411.5,604.3643650268319,10906.238746550112,11916.761253449888
p3,eb130266a40eedf2abd9c4ce5fddbde47670f53e,rss,8,55576576.0,222491.29012294262,55390568.62657683,55762583.37342317
plus,9de6d74fe7c3ad62c20f93974e5a01f89b414e5c,runtime_ns,3,4562.666666666667,36.22959195648404,4472.667371006239,4652.665962327095
plus,9de6d74fe7c3ad62c20f93974e5a01f89b414e5c,rss,3,54373034.666666664,223047.16506903496,53818954.79241967,54927114.54091366
dchester,9de6d74fe7c3ad62c20f93974e5a01f89b414e5c,runtime_ns,8,41789.0625,5078.94256034167,37542.96025979879,46035.16474020121
dchester,9de6d74fe7c3ad62c20f93974e5a01f89b414e5c,rss,8,63866880.0,167871.76471853236,63726535.69254441,64007224.30745559
jsonpathly,9de6d74fe7c3ad62c20f93974e5a01f89b414e5c,runtime_ns,8,24671.875,2638.2178339336792,22466.269695014824,26877.480304985176
jsonpathly,9de6d74fe7c3ad62c20f93974e5a01f89b414e5c,rss,8,57397248.0,61770.691006565336,57345606.409974985,57448889.590025015
rfc9535,9de6d74fe7c3ad62c20f93974e5a01f89b414e5c,runtime_ns,8,18966.1875,2772.401987672423,16648.401435138057,21283.973564861943
rfc9535,9de6d74fe7c3ad62c20f93974e5a01f89b414e5c,rss,8,58034176.0,116984.67748262713,57936374.36211442,58131977.63788558
p3,9de6d74fe7c3ad62c20f93974e5a01f89b414e5c,runtime_ns,4,8817.75,255.78327414694914,8410.741732118837,9224.758267881163
p3,9de6d74fe7c3ad62c20f93974e5a01f89b414e5c,rss,4,55042048.0,73879.5479502503,54924489.152794845,55159606.847205155
plus,3d2235d6a7bdc1f48ca70e2ec5d442df53ad2a2d,runtime_ns,5,4987.4,148.51826487001523,4802.990217435211,5171.809782564788
plus,3d2235d6a7bdc1f48ca70e2ec5d442df53ad2a2d,rss,5,54362112.0,173391.95792192902,54146817.448270276,54577406.551729724
dchester,3d2235d6a7bdc1f48ca70e2ec5d442df53ad2a2d,runtime_ns,8,30286.5625,3567.8499972222166,27303.76525708572,33269.35974291428
dchester,3d2235d6a7bdc1f48ca70e2ec5d442df53ad2a2d,rss,8,63221760.0,205710.7975831257,63049781.469415374,63393738.530584626
jsonpathly,3d2235d6a7bdc1f48ca70e2ec5d442df53ad2a2d,runtime_ns,8,24354.0,1521.298881125693,23082.16230732705,25625.83769267295
jsonpathly,3d2235d6a7bdc1f48ca70e2ec5d442df53ad2a2d,rss,8,57403392.0,154922.5802153173,57273873.48170714,57532910.51829286
rfc9535,3d2235d6a7bdc1f48ca70e2ec5d442df53ad2a2d,runtime_ns,8,19203.1875,2369.6141177340005,17222.140521385245,21184.234478614755
rfc9535,3d2235d6a7bdc1f48ca70e2ec5d442df53ad2a2d,rss,8,58093568.0,79665.43251803578,58026966.03168424,58160169.96831576
p3,3d2235d6a7bdc1f48ca70e2ec5d442df53ad2a2d,runtime_ns,7,7261.928571428572,376.93428124933445,6913.322504019807,7610.534638837336
p3,3d2235d6a7bdc1f48ca70e2ec5d442df53ad2a2d,rss,7,55097051.428571425,107198.85281546804,54997909.02532047,55196193.83182238
plus,df9346792b4c3b728fc271a218dc61070bcb6e1f,runtime_ns,5,6329.3,251.6434978297671,6016.843328362711,6641.756671637289
plus,df9346792b4c3b728fc271a218dc61070bcb6e1f,rss,5,54352281.6,108431.88171750963,54217645.636213884,54486917.56378612
dchester,df9346792b4c3b728fc271a218dc61070bcb6e1f,runtime_ns,3,37777.666666666664,632.1242625729005,36207.38294749695,39347.950385836375
dchester,df9346792b4c3b728fc271a218dc61070bcb6e1f,rss,3,63384234.666666664,96001.47909971666,63145753.772051245,63622715.56128208
jsonpathly,df9346792b4c3b728fc271a218dc61070bcb6e1f,runtime_ns,8,26895.8125,2704.078902292133,24635.145963946274,29156.479036053726
jsonpathly,df9346792b4c3b728fc271a218dc61070bcb6e1f,rss,8,57393152.0,107258.45740879497,57303481.685584515,57482822.314415485
rfc9535,df9346792b4c3b728fc271a218dc61070bcb6e1f,runtime_ns,3,22416.833333333332,344.22315920538136,21561.735602293407,23271.931064373257
rfc9535,df9346792b4c3b728fc271a218dc61070bcb6e1f,rss,3,58987861.333333336,122970.98853523677,58682384.46326174,59293338.20340493
p3,df9346792b4c3b728fc271a218dc61070bcb6e1f,runtime_ns,5,8574.9,320.0174604611442,8177.545840548801,8972.254159451199
p3,df9346792b4c3b728fc271a218dc61070bcb6e1f,rss,5,55109222.4,141225.8984067724,54933867.28633433,55284577.51366567
plus,8fb15fa6420b915f7e2db3d88b6a0713499b1661,runtime_ns,4,2698.0,54.868023474515645,2610.692730707654,2785.307269292346
plus,8fb15fa6420b915f7e2db3d88b6a0713499b1661,rss,4,54226944.0,113806.9011615728,54045851.82394128,54408036.17605872
dchester,8fb15fa6420b915f7e2db3d88b6a0713499b1661,runtime_ns,3,4617.833333333333,84.29462220885347,4408.433883406573,4827.232783260093
dchester,8fb15fa6420b915f7e2db3d88b6a0713499b1661,rss,3,59845290.666666664,269382.72328665276,59176106.88485628,60514474.448477045
jsonpathly,8fb15fa6420b915f7e2db3d88b6a0713499b1661,runtime_ns,8,10499.9375,4275.566206760557,6925.474699335191,14074.400300664809
jsonpathly,8fb15fa6420b915f7e2db3d88b6a0713499b1661,rss,8,56543232.0,92033.13172361975,56466290.37639595,56620173.62360405
rfc9535,8fb15fa6420b915f7e2db3d88b6a0713499b1661,runtime_ns,4,5948.125,125.57293697290034,5748.310435343485,6147.939564656515
rfc9535,8fb15fa6420b915f7e2db3d88b6a0713499b1661,rss,4,57720832.0,59825.90921443095,57625635.628130145,57816028.371869855
p3,8fb15fa6420b915f7e2db3d88b6a0713499b1661,runtime_ns,8,1867.1875,150.1627539657269,1741.6482960351175,1992.7267039648825
p3,8fb15fa6420b915f7e2db3d88b6a0713499b1661,rss,8,54466560.0,97888.64633420394,54384723.043674596,54548396.956325404
plus,7b3e3429ce617efd9d6eaadc8cb659e6ef86f65a,runtime_ns,3,13479.0,181.7546423065997,13027.496438760483,13930.503561239517
plus,7b3e3429ce617efd9d6eaadc8cb659e6ef86f65a,rss,3,54433109.333333336,120768.34481491138,54133104.13359295,54733114.53307372
dchester,7b3e3429ce617efd9d6eaadc8cb659e6ef86f65a,runtime_ns,7,45964.21428571428,2233.934213764714,43898.16972609177,48030.25884533679
dchester,7b3e3429ce617efd9d6eaadc8cb659e6ef86f65a,rss,7,64485083.428571425,135907.74775910453,64359389.72589294,64610777.13124991
jsonpathly,7b3e3429ce617efd9d6eaadc8cb659e6ef86f65a,runtime_ns,5,63850.1,2168.753253599865,61157.237164017766,66542.96283598222
jsonpathly,7b3e3429ce617efd9d6eaadc8cb659e6ef86f65a,rss,5,62475468.8,166843.509874373,62268305.220455036,62682632.37954496
rfc9535,7b3e3429ce617efd9d6eaadc8cb659e6ef86f65a,runtime_ns,6,47993.25,2029.6451106043146,45863.268084591204,50123.231915408796
rfc9535,7b3e3429ce617efd9d6eaadc8cb659e6ef86f65a,rss,6,62999210.666666664,445140.5460870383,62532064.31284016,63466357.020493165
p3,7b3e3429ce617efd9d6eaadc8cb659e6ef86f65a,runtime_ns,8,13437.5,1739.7834019539,11983.004676862427,14891.995323137573
p3,7b3e3429ce617efd9d6eaadc8cb659e6ef86f65a,rss,8,55476224.0,100235.50089093755,55392425.024165146,55560022.975834854
plus,d0f78772ac1ae99c0a0c7695a028e85989932302,runtime_ns,7,4407.714285714285,236.8087936752028,4188.702679719449,4626.725891709121
plus,d0f78772ac1ae99c0a0c7695a028e85989932302,rss,7,54259126.85714286,84983.48092703776,54180530.24613022,54337723.468155496
dchester,d0f78772ac1ae99c0a0c7695a028e85989932302,runtime_ns,8,16276.125,2242.5816396988284,14401.279830749118,18150.970169250882
dchester,d0f78772ac1ae99c0a0c7695a028e85989932302,rss,8,61286400.0,258600.04442381675,61070204.952527314,61502595.047472686
jsonpathly,d0f78772ac1ae99c0a0c7695a028e85989932302,runtime_ns,8,26471.3125,2191.0757621624393,24639.527321956437,28303.097678043563
jsonpathly,d0f78772ac1ae99c0a0c7695a028e85989932302,rss,8,57438208.0,172004.13379750084,57294408.94553849,57582007.05446151
rfc9535,d0f78772ac1ae99c0a0c7695a028e85989932302,runtime_ns,8,22130.1875,2809.728023664263,19781.196088127377,24479.178911872623
rfc9535,d0f78772ac1ae99c0a0c7695a028e85989932302,rss,8,58052608.0,98984.31261568674,57969855.04374015,58135360.95625985
p3,d0f78772ac1ae99c0a0c7695a028e85989932302,runtime_ns,8,4609.375,499.059454660178,4192.150854766977,5026.599145233023
p3,d0f78772ac1ae99c0a0c7695a028e85989932302,rss,8,54831104.0,139830.77942795202,54714202.54291044,54948005.45708956
plus,76073d147aac9857b6e559597e537579b74e5881,runtime_ns,4,3838.625,80.8160204827401,3710.0286771034857,3967.2213228965143
plus,76073d147aac9857b6e559597e537579b74e5881,rss,4,54378496.0,143457.49066070642,54150223.11944078,54606768.88055922
dchester,76073d147aac9857b6e559597e537579b74e5881,runtime_ns,3,14736.333333333334,244.20602640666615,14129.691933699838,15342.97473296683
dchester,76073d147aac9857b6e559597e537579b74e5881,rss,3,61019477.333333336,277240.00234694366,60330774.988297544,61708179.67836913
jsonpathly,76073d147aac9857b6e559597e537579b74e5881,runtime_ns,5,24795.6,893.6829275531675,23685.94608304789,25905.253916952108
jsonpathly,76073d147aac9857b6e559597e537579b74e5881,rss,5,57360384.0,61303.314624904255,57284265.881259695,57436502.118740305
rfc9535,76073d147aac9857b6e559597e537579b74e5881,runtime_ns,8,20346.25,1389.4166041904061,19184.668650037114,21507.831349962886
rfc9535,76073d147aac9857b6e559597e537579b74e5881,rss,8,57987072.0,89631.96817462586,57912137.799359165,58062006.200640835
p3,76073d147aac9857b6e559597e537579b74e5881,runtime_ns,8,4567.75,481.361239462779,4165.321932947508,4970.178067052492
p3,76073d147aac9857b6e559597e537579b74e5881,rss,8,54790144.0,78544.39507510568,54724479.24244046,54855808.75755954
plus,5148e8c7293f3889222752e027b896d6bfba9d0d,runtime_ns,5,4258.2,116.45524891562424,4113.601710019611,4402.798289980388
plus,5148e8c7293f3889222752e027b896d6bfba9d0d,rss,5,54391603.2,161944.8796695962,54190522.07322083,54592684.32677918
dchester,5148e8c7293f3889222752e027b896d6bfba9d0d,runtime_ns,8,37085.9375,4325.678530073139,33469.5797486144,40702.2952513856
dchester,5148e8c7293f3889222752e027b896d6bfba9d0d,rss,8,63393792.0,408967.5574530856,63051886.56570142,63735697.43429858
jsonpathly,5148e8c7293f3889222752e027b896d6bfba9d0d,runtime_ns,8,22174.625,8806.465744594381,14812.235391903723,29537.014608096277
jsonpathly,5148e8c7293f3889222752e027b896d6bfba9d0d,rss,8,57296896.0,83283.73456701238,57227269.05547052,57366522.94452948
rfc9535,5148e8c7293f3889222752e027b896d6bfba9d0d,runtime_ns,8,11807.25,1809.1709427248713,10294.74524107746,13319.75475892254
rfc9535,5148e8c7293f3889222752e027b896d6bfba9d0d,rss,8,57931776.0,163239.12673830902,57795304.67481821,58068247.32518179
p3,5148e8c7293f3889222752e027b896d6bfba9d0d,runtime_ns,3,10701.666666666666,193.5983815359347,10220.741626159423,11182.59170717391
p3,5148e8c7293f3889222752e027b896d6bfba9d0d,rss,3,55170389.333333336,66215.1476728198,55005901.78791016,55334876.87875651
plus,4ccf745d8b689b61a3afee90be69ea550d9d5c3a,runtime_ns,4,4932.25,96.88008051194012,4778.092172859594,5086.407827140406
plus,4ccf745d8b689b61a3afee90be69ea550d9d5c3a,rss,4,54374400.0,81783.35269886328,54244264.4356849,54504535.5643151
dchester,4ccf745d8b689b61a3afee90be69ea550d9d5c3a,runtime_ns,3,35791.5,347.9852726768764,34927.05666100965,36655.94333899035
dchester,4ccf745d8b689b61a3afee90be69ea550d9d5c3a,rss,3,64471040.0,212992.0,63941938.540498875,65000141.459501125
jsonpathly,4ccf745d8b689b61a3afee90be69ea550d9d5c3a,runtime_ns,7,25583.285714285714,1275.8058517770528,24403.362096590427,26763.209331981
jsonpathly,4ccf745d8b689b61a3afee90be69ea550d9d5c3a,rss,7,57706788.571428575,87430.0816402401,57625929.2321485,57787647.91070865
rfc9535,4ccf745d8b689b61a3afee90be69ea550d9d5c3a,runtime_ns,8,21299.5,1918.8519819338408,19695.29959759267,22903.70040240733
rfc9535,4ccf745d8b689b61a3afee90be69ea550d9d5c3a,rss,8,58523648.0,378000.4741221516,58207631.69524793,58839664.30475207
p3,4ccf745d8b689b61a3afee90be69ea550d9d5c3a,runtime_ns,8,25166.5,1691.3631653618502,23752.48500768364,26580.51499231636
p3,4ccf745d8b689b61a3afee90be69ea550d9d5c3a,rss,8,57382912.0,331859.06543936045,57105470.87826021,57660353.12173979
plus,0574f99c9b96fdfd47184dbd85fd83e4f064ee1e,runtime_ns,3,7159.833333333333,125.82163301012005,6847.275069818884,7472.391596847782
plus,0574f99c9b96fdfd47184dbd85fd83e4f064ee1e,rss,3,54711637.333333336,176714.43455850836,54272654.34223591,55150620.32443076
dchester,0574f99c9b96fdfd47184dbd85fd83e4f064ee1e,runtime_ns,8,44992.25,4262.780790919065,41428.47607447041,48556.02392552959
dchester,0574f99c9b96fdfd47184dbd85fd83e4f064ee1e,rss,8,63895552.0,243240.72561265604,63692197.66439543,64098906.33560457
jsonpathly,0574f99c9b96fdfd47184dbd85fd83e4f064ee1e,runtime_ns,8,23781.0625,2304.97599053966,21854.054348054677,25708.070651945323
jsonpathly,0574f99c9b96fdfd47184dbd85fd83e4f064ee1e,rss,8,57593856.0,141144.4140851085,57475856.31685368,57711855.68314632
rfc9535,0574f99c9b96fdfd47184dbd85fd83e4f064ee1e,runtime_ns,8,19638.0,2437.944479620954,17599.827409265225,21676.172590734775
rfc9535,0574f99c9b96fdfd47184dbd85fd83e4f064ee1e,rss,8,58359808.0,224133.3937508771,58172427.7935884,58547188.2064116
p3,0574f99c9b96fdfd47184dbd85fd83e4f064ee1e,runtime_ns,8,20268.1875,1943.8812048046705,18643.062143620526,21893.312856379474
p3,0574f99c9b96fdfd47184dbd85fd83e4f064ee1e,rss,8,56504320.0,225455.47451706353,56315834.50640778,56692805.49359222
plus,5277e947b84ada653848094934895aeb699acadc,runtime_ns,6,6111.25,285.9990821663594,5811.112370197083,6411.387629802917
plus,5277e947b84ada653848094934895aeb699acadc,rss,6,54580565.333333336,86489.31363970156,54489800.365129694,54671330.30153698
dchester,5277e947b84ada653848094934895aeb699acadc,runtime_ns,0,nan,0,nan,nan
dchester,5277e947b84ada653848094934895aeb699acadc,rss,0,nan,0,nan,nan
jsonpathly,5277e947b84ada653848094934895aeb699acadc,runtime_ns,8,34703.125,3076.735837005557,32130.909469935454,37275.340530064546
jsonpathly,5277e947b84ada653848094934895aeb699acadc,rss,8,57937920.0,120635.96688976539,57837065.807779126,58038774.192220874
rfc9535,5277e947b84ada653848094934895aeb699acadc,runtime_ns,5,28162.6,1132.5530561523376,26756.349644119997,29568.85035588
rfc9535,5277e947b84ada653848094934895aeb699acadc,rss,5,59604992.0,352922.16080036684,59166781.258765906,60043202.741234094
p3,5277e947b84ada653848094934895aeb699acadc,runtime_ns,8,31523.5625,2453.1244281164027,29472.699154733768,33574.42584526623
p3,5277e947b84ada653848094934895aeb699acadc,rss,8,58560512.0,668496.4565026291,58001634.97632848,59119389.02367152
plus,9ce9b000bc6b749be2711a1b7da7fb803e2adcef,runtime_ns,8,3468.9375,273.98728300780675,3239.8783991449927,3697.9966008550073
plus,9ce9b000bc6b749be2711a1b7da7fb803e2adcef,rss,8,54306816.0,184105.3226017263,54152900.09852157,54460731.90147843
dchester,9ce9b000bc6b749be2711a1b7da7fb803e2adcef,runtime_ns,8,10583.3125,1240.276090735446,9546.415739548058,11620.209260451942
dchester,9ce9b000bc6b749be2711a1b7da7fb803e2adcef,rss,8,60315648.0,153679.94871717744,60187168.34763746,60444127.65236254
jsonpathly,9ce9b000bc6b749be2711a1b7da7fb803e2adcef,runtime_ns,5,11970.8,436.4682978178369,11428.853028242313,12512.746971757686
jsonpathly,9ce9b000bc6b749be2711a1b7da7fb803e2adcef,rss,5,56698470.4,131378.84084128615,56535342.02320163,56861598.77679837
rfc9535,9ce9b000bc6b749be2711a1b7da7fb803e2adcef,runtime_ns,8,8059.9375,728.1424721999318,7451.195159313676,8668.679840686324
rfc9535,9ce9b000bc6b749be2711a1b7da7fb803e2adcef,rss,8,57851904.0,127813.2031275106,57745049.48812489,57958758.51187511
p3,9ce9b000bc6b749be2711a1b7da7fb803e2adcef,runtime_ns,8,5476.5625,859.057558253728,4758.372408415749,6194.752591584251
p3,9ce9b000bc6b749be2711a1b7da7fb803e2adcef,rss,8,54902784.0,176243.62981801236,54755440.63816818,55050127.36183182
plus,31c982ede1b373f4d034e68879e37879d192c0a5,runtime_ns,3,2791.8333333333335,55.277331098139435,2654.516830547536,2929.149836119131
plus,31c982ede1b373f4d034e68879e37879d192c0a5,rss,3,54203733.333333336,93163.36767921892,53972302.69832773,54435163.968338944
dchester,31c982ede1b373f4d034e68879e37879d192c0a5,runtime_ns,4,4656.5,84.16947190044618,4522.567587566372,4790.432412433628
dchester,31c982ede1b373f4d034e68879e37879d192c0a5,rss,4,60035072.0,40960.0,59969895.499667786,60100248.500332214
jsonpathly,31c982ede1b373f4d034e68879e37879d192c0a5,runtime_ns,3,8770.666666666666,136.4480975804842,8431.710801770396,9109.622531562936
jsonpathly,31c982ede1b373f4d034e68879e37879d192c0a5,rss,3,56519338.666666664,96001.47909971666,56280857.772051245,56757819.56128208
rfc9535,31c982ede1b373f4d034e68879e37879d192c0a5,runtime_ns,3,5847.333333333333,43.31666346030513,5739.728776084392,5954.937890582274
rfc9535,31c982ede1b373f4d034e68879e37879d192c0a5,rss,3,57693525.333333336,94593.06810402828,57458543.12558595,57928507.54108072
p3,31c982ede1b373f4d034e68879e37879d192c0a5,runtime_ns,3,1902.8333333333333,32.13383471254767,1823.0084627007418,1982.6582039659247
p3,31c982ede1b373f4d034e68879e37879d192c0a5,rss,3,54362112.0,65536.0,54199311.55092273,54524912.44907727
plus,003bce20b76496008f4d18afd128fb528c54187b,runtime_ns,4,7374.75,189.50483722937875,7073.205515462987,7676.294484537013
plus,003bce20b76496008f4d18afd128fb528c54187b,rss,4,54562816.0,88103.68098250304,54422623.38298767,54703008.61701233
dchester,003bce20b76496008f4d18afd128fb528c54187b,runtime_ns,7,42702.21428571428,2124.174758526686,40737.68029160637,44666.7482798222
dchester,003bce20b76496008f4d18afd128fb528c54187b,rss,7,64522532.571428575,174017.45879351412,64361593.264530286,64683471.87832686
jsonpathly,003bce20b76496008f4d18afd128fb528c54187b,runtime_ns,4,31099.0,675.4819267258994,30024.15751900262,32173.84248099738
jsonpathly,003bce20b76496008f4d18afd128fb528c54187b,rss,4,58015744.0,100997.7590246437,57855034.027475044,58176453.972524956
rfc9535,003bce20b76496008f4d18afd128fb528c54187b,runtime_ns,8,29281.375,3365.526988558298,26467.724025255826,32095.025974744174
rfc9535,003bce20b76496008f4d18afd128fb528c54187b,rss,8,58841088.0,95106.86709771727,58761576.66931565,58920599.33068435
p3,003bce20b76496008f4d18afd128fb528c54187b,runtime_ns,3,31305.5,583.1260584127587,29856.93456759254,32754.06543240746
p3,003bce20b76496008f4d18afd128fb528c54187b,rss,3,59168085.333333336,111523.58253451748,58891045.39620984,59445125.27045683
plus,8d07948151244f4dab204bc793d2500d38e1fc3a,runtime_ns,7,23964.35714285714,1275.379149974813,22784.828158509456,25143.886127204827
plus,8d07948151244f4dab204bc793d2500d38e1fc3a,rss,7,56534162.28571428,163527.6260266282,56382924.456051014,56685400.11537755
dchester,8d07948151244f4dab204bc793d2500d38e1fc3a,runtime_ns,0,nan,0,nan,nan
dchester,8d07948151244f4dab204bc793d2500d38e1fc3a,rss,0,nan,0,nan,nan
jsonpathly,8d07948151244f4dab204bc793d2500d38e1fc3a,runtime_ns,4,362557.375,10183.581715806085,346353.0239969891,378761.7260030109
jsonpathly,8d07948151244f4dab204bc793d2500d38e1fc3a,rss,4,65323008.0,76847.77180894707,65200726.046268664,65445289.953731336
rfc9535,8d07948151244f4dab204bc793d2500d38e1fc3a,runtime_ns,8,241666.5,59871.94663732638,191612.29999249752,291720.70000750246
rfc9535,8d07948151244f4dab204bc793d2500d38e1fc3a,rss,8,64479232.0,464814.1501263858,64090637.645824805,64867826.354175195
p3,8d07948151244f4dab204bc793d2500d38e1fc3a,runtime_ns,4,121520.625,3070.2733964855097,116635.13488657192,126406.11511342808
p3,8d07948151244f4dab204bc793d2500d38e1fc3a,rss,4,63426560.0,237568.0,63048536.29807318,63804583.70192682
plus,568430dccd575b1ff18a0e99cdc1df7112ed241a,runtime_ns,8,2786.5,158.14956754378343,2654.2836527867057,2918.7163472132943
plus,568430dccd575b1ff18a0e99cdc1df7112ed241a,rss,8,54269952.0,71113.51665772528,54210499.61226348,54329404.38773652
dchester,568430dccd575b1ff18a0e99cdc1df7112ed241a,runtime_ns,5,4783.4,183.1145133516183,4556.033301222693,5010.766698777306
dchester,568430dccd575b1ff18a0e99cdc1df7112ed241a,rss,5,60103065.6,129319.48387153422,59942494.25261042,60263636.94738958
jsonpathly,568430dccd575b1ff18a0e99cdc1df7112ed241a,runtime_ns,3,8298.666666666666,156.60646006258278,7909.634653321482,8687.69868001185
jsonpathly,568430dccd575b1ff18a0e99cdc1df7112ed241a,rss,3,56546645.333333336,96001.47909971666,56308164.43871792,56785126.227948755
rfc9535,568430dccd575b1ff18a0e99cdc1df7112ed241a,runtime_ns,6,5892.5,242.79332775016698,5637.704028730028,6147.295971269972
rfc9535,568430dccd575b1ff18a0e99cdc1df7112ed241a,rss,6,57775445.333333336,75910.56879952004,57695782.07699034,57855108.58967633
p3,568430dccd575b1ff18a0e99cdc1df7112ed241a,runtime_ns,7,1913.5714285714287,90.56141036677293,1829.816093232033,1997.3267639108244
p3,568430dccd575b1ff18a0e99cdc1df7112ed241a,rss,7,54504886.85714286,54924.522936567446,54454090.145626575,54555683.56865914
plus,c9fa7060f958e5708138a2f7b1fd2cac912ce824,runtime_ns,6,20041.666666666668,867.1585591266839,19131.639569278275,20951.69376405506
plus,c9fa7060f958e5708138a2f7b1fd2cac912ce824,rss,6,57166506.666666664,106390.92252004711,57054856.24081271,57278157.09252062
dchester,c9fa7060f958e5708138a2f7b1fd2cac912ce824,runtime_ns,3,90264.0,1067.792934046672,87611.45530419413,92916.54469580587
dchester,c9fa7060f958e5708138a2f7b1fd2cac912ce824,rss,3,66732032.0,134108.81981435823,66398887.223220825,67065176.776779175
jsonpathly,c9fa7060f958e5708138a2f7b1fd2cac912ce824,runtime_ns,5,34350.1,1074.832568356579,33015.51909577475,35684.68090422525
jsonpathly,c9fa7060f958e5708138a2f7b1fd2cac912ce824,rss,5,57894502.4,194756.07803814494,57652680.78946867,58136324.01053133
rfc9535,c9fa7060f958e5708138a2f7b1fd2cac912ce824,runtime_ns,7,32544.5,1707.119332872388,30965.677943121435,34123.32205687856
rfc9535,c9fa7060f958e5708138a2f7b1fd2cac912ce824,rss,7,60185453.71428572,219173.82139123755,59982751.73742941,60388155.69114202
p3,c9fa7060f958e5708138a2f7b1fd2cac912ce824,runtime_ns,8,35226.625,2510.1763419841927,33128.06506112128,37325.18493887872
p3,c9fa7060f958e5708138a2f7b1fd2cac912ce824,rss,8,58202112.0,711899.8155904483,57606948.860062055,58797275.139937945
plus,07e3742258304fcd5acb85fb7b8522895d1957f1,runtime_ns,5,2779.1,87.74636744617979,2670.14849456892,2888.05150543108
plus,07e3742258304fcd5acb85fb7b8522895d1957f1,rss,5,54322790.4,81591.66200537895,54221480.97073431,54424099.829265684
dchester,07e3742258304fcd5acb85fb7b8522895d1957f1,runtime_ns,5,4749.8,182.34603094117514,4523.387498164993,4976.212501835007
dchester,07e3742258304fcd5acb85fb7b8522895d1957f1,rss,5,59788492.8,210902.24052674262,59526623.08079743,60050362.51920257
jsonpathly,07e3742258304fcd5acb85fb7b8522895d1957f1,runtime_ns,5,8979.2,262.25860329072145,8653.56293407471,9304.837065925292
jsonpathly,07e3742258304fcd5acb85fb7b8522895d1957f1,rss,5,56570675.2,105164.35131355112,56440096.41107951,56701253.988920495
rfc9535,07e3742258304fcd5acb85fb7b8522895d1957f1,runtime_ns,8,6731.8125,2461.1935539127003,4674.2031967488,8789.4218032512
rfc9535,07e3742258304fcd5acb85fb7b8522895d1957f1,rss,8,57782272.0,138400.82074075387,57666566.018290006,57897977.981709994
p3,07e3742258304fcd5acb85fb7b8522895d1957f1,runtime_ns,3,1909.8333333333333,11.98262631201246,1880.0668394258514,1939.599827240815
p3,07e3742258304fcd5acb85fb7b8522895d1957f1,rss,3,54438570.666666664,120768.34481491138,54138565.46692628,54738575.86640705
plus,8fe2fa855a2f1ba18976451c26ac2868a88d8881,runtime_ns,3,6326.5,63.66513959774218,6168.3470258013995,6484.6529741986005
plus,8fe2fa855a2f1ba18976451c26ac2868a88d8881,rss,3,54607872.0,114688.0,54322971.21411478,54892772.78588522
dchester,8fe2fa855a2f1ba18976451c26ac2868a88d8881,runtime_ns,3,32368.166666666668,626.8066554634956,30811.092615853704,33925.24071747963
dchester,8fe2fa855a2f1ba18976451c26ac2868a88d8881,rss,3,63187626.666666664,208748.70624110065,62669066.13321406,63706187.20011927
jsonpathly,8fe2fa855a2f1ba18976451c26ac2868a88d8881,runtime_ns,8,14849.0,1915.0063782064615,13248.014602765059,16449.98539723494
jsonpathly,8fe2fa855a2f1ba18976451c26ac2868a88d8881,rss,8,57231360.0,112642.65970885858,57137188.37981538,57325531.62018462
rfc9535,8fe2fa855a2f1ba18976451c26ac2868a88d8881,runtime_ns,8,9619.6875,805.3630919165769,8946.38710564935,10292.98789435065
rfc9535,8fe2fa855a2f1ba18976451c26ac2868a88d8881,rss,8,57939968.0,135654.74266260336,57826557.79701577,58053378.20298423
p3,8fe2fa855a2f1ba18976451c26ac2868a88d8881,runtime_ns,8,10997.4375,905.2382653005151,10240.639371148982,11754.235628851018
p3,8fe2fa855a2f1ba18976451c26ac2868a88d8881,rss,8,55218176.0,64205.93154619194,55164498.49793466,55271853.50206534
plus,ce2145b7d05e1b38e598beaac5053615ec2a5509,runtime_ns,8,9836.125,937.1497345675343,9052.64821520181,10619.60178479819
plus,ce2145b7d05e1b38e598beaac5053615ec2a5509,rss,8,55625728.0,93685.0079422682,55547405.37331722,55704050.62668278
dchester,ce2145b7d05e1b38e598beaac5053615ec2a5509,runtime_ns,8,50658.875,4055.35674624141,47268.51191546999,54049.23808453001
dchester,ce2145b7d05e1b38e598beaac5053615ec2a5509,rss,8,64694272.0,205185.8308446969,64522732.35259186,64865811.64740814
jsonpathly,ce2145b7d05e1b38e598beaac5053615ec2a5509,runtime_ns,4,25880.5,673.9946834607327,24808.024054919766,26952.975945080234
jsonpathly,ce2145b7d05e1b38e598beaac5053615ec2a5509,rss,4,57597952.0,28377.920431208484,57552796.395986035,57643107.604013965
rfc9535,ce2145b7d05e1b38e598beaac5053615ec2a5509,runtime_ns,8,25046.9375,2975.9512337294295,22558.980006852446,27534.894993147554
rfc9535,ce2145b7d05e1b38e598beaac5053615ec2a5509,rss,8,58320896.0,143351.64057260434,58201051.029331364,58440740.970668636
p3,ce2145b7d05e1b38e598beaac5053615ec2a5509,runtime_ns,4,23724.0,466.29979626845216,22982.01296810546,24465.98703189454
p3,ce2145b7d05e1b38e598beaac5053615ec2a5509,rss,4,57171968.0,158566.87667563697,56919652.71459162,57424283.28540838
plus,f7d650d9bc138814b9ac9bacacd87766a11c004c,runtime_ns,3,2757.1666666666665,52.120853152393174,2627.691289782206,2886.6420435511272
plus,f7d650d9bc138814b9ac9bacacd87766a11c004c,rss,3,54198272.0,43347.989480482254,54090589.62460298,54305954.37539702
dchester,f7d650d9bc138814b9ac9bacacd87766a11c004c,runtime_ns,4,9010.375,255.3276897766215,8604.091668516883,9416.658331483117
dchester,f7d650d9bc138814b9ac9bacacd87766a11c004c,rss,4,60334080.0,202658.88771035924,60011604.48578663,60656555.51421337
jsonpathly,f7d650d9bc138814b9ac9bacacd87766a11c004c,runtime_ns,8,10544.125,689.991239592421,9967.277887959517,11120.972112040483
jsonpathly,f7d650d9bc138814b9ac9bacacd87766a11c004c,rss,8,56854528.0,208062.51649512872,56680583.38320315,57028472.61679685
rfc9535,f7d650d9bc138814b9ac9bacacd87766a11c004c,runtime_ns,8,7489.5,750.248673060187,6862.276412896755,8116.723587103245
rfc9535,f7d650d9bc138814b9ac9bacacd87766a11c004c,rss,8,57694208.0,55344.74042374242,57647938.639103584,57740477.360896416
p3,f7d650d9bc138814b9ac9bacacd87766a11c004c,runtime_ns,5,3666.7,129.35493805804245,3506.0846304234506,3827.315369576549
p3,f7d650d9bc138814b9ac9bacacd87766a11c004c,rss,5,54683238.4,198171.91327935448,54437175.469825864,54929301.33017413
plus,5888e9f1505f64e5c432d162d4eec14dbbd2e676,runtime_ns,3,2708.0,0.0,2708.0,2708.0
plus,5888e9f1505f64e5c432d162d4eec14dbbd2e676,rss,3,54220117.333333336,57538.71702891309,54077183.23647608,54363051.43019059
dchester,5888e9f1505f64e5c432d162d4eec14dbbd2e676,runtime_ns,3,4680.333333333333,32.02473002748553,4600.7794937634335,4759.887172903233
dchester,5888e9f1505f64e5c432d162d4eec14dbbd2e676,rss,3,60140202.666666664,47296.53405201414,60022711.56279297,60257693.77054036
jsonpathly,5888e9f1505f64e5c432d162d4eec14dbbd2e676,runtime_ns,8,9065.25,691.4528183469932,8487.180977542086,9643.319022457914
jsonpathly,5888e9f1505f64e5c432d162d4eec14dbbd2e676,rss,8,56510464.0,76566.56332517852,56446452.751162864,56574475.248837136
rfc9535,5888e9f1505f64e5c432d162d4eec14dbbd2e676,runtime_ns,8,6218.875,966.8139778970631,5410.59828715401,7027.15171284599
rfc9535,5888e9f1505f64e5c432d162d4eec14dbbd2e676,rss,8,57808896.0,170478.5370722242,57666372.3763188,57951419.6236812
p3,5888e9f1505f64e5c432d162d4eec14dbbd2e676,runtime_ns,6,1892.5833333333333,76.09823694847776,1812.7231313463512,1972.4435353203153
p3,5888e9f1505f64e5c432d162d4eec14dbbd2e676,rss,6,54484992.0,91369.26551964834,54389105.83637256,54580878.16362744
plus,0e3c278c03a9a98b2b62ed8b1b76c22ac204c5b1,runtime_ns,4,2843.875,64.83617174592179,2740.7061823892254,2947.0438176107746
plus,0e3c278c03a9a98b2b62ed8b1b76c22ac204c5b1,rss,4,54222848.0,60569.11670700397,54126469.01916075,54319226.98083925
dchester,0e3c278c03a9a98b2b62ed8b1b76c22ac204c5b1,runtime_ns,4,4604.0,110.42871003502667,4428.283279875892,4779.716720124108
dchester,0e3c278c03a9a98b2b62ed8b1b76c22ac204c5b1,rss,4,59928576.0,304282.53761704214,59444394.58119915,60412757.41880085
jsonpathly,0e3c278c03a9a98b2b62ed8b1b76c22ac204c5b1,runtime_ns,8,8835.875,691.3942306259556,8257.854958102624,9413.895041897376
jsonpathly,0e3c278c03a9a98b2b62ed8b1b76c22ac204c5b1,rss,8,56508416.0,86695.97896096451,56435936.347767465,56580895.652232535
rfc9535,0e3c278c03a9a98b2b62ed8b1b76c22ac204c5b1,runtime_ns,4,5823.25,109.6026915727894,5648.847659577514,5997.652340422486
rfc9535,0e3c278c03a9a98b2b62ed8b1b76c22ac204c5b1,rss,4,57786368.0,117386.91043439781,57599579.23029969,57973156.76970031
p3,0e3c278c03a9a98b2b62ed8b1b76c22ac204c5b1,runtime_ns,3,1917.0,36.373066958946424,1826.6442926752613,2007.3557073247387
p3,0e3c278c03a9a98b2b62ed8b1b76c22ac204c5b1,rss,3,54482261.333333336,73879.5479502503,54298734.362143055,54665788.30452362
plus,27992ab862f4e662e8b3c1a5e6faaf39ecd70f07,runtime_ns,3,3173.1666666666665,31.860372460681205,3094.0211139266767,3252.3122194066564
plus,27992ab862f4e662e8b3c1a5e6faaf39ecd70f07,rss,3,54165504.0,32768.0,54084103.77546137,54246904.22453863
dchester,27992ab862f4e662e8b3c1a5e6faaf39ecd70f07,runtime_ns,3,21951.166666666668,254.60574096695726,21318.690943902515,22583.64238943082
dchester,27992ab862f4e662e8b3c1a5e6faaf39ecd70f07,rss,3,63122090.666666664,93163.36767921892,62890660.031661056,63353521.30167227
jsonpathly,27992ab862f4e662e8b3c1a5e6faaf39ecd70f07,runtime_ns,8,11872.5,1226.2248395554777,10847.350379509586,12897.649620490414
jsonpathly,27992ab862f4e662e8b3c1a5e6faaf39ecd70f07,rss,8,56723456.0,69752.36655483455,56665141.56222697,56781770.43777303
rfc9535,27992ab862f4e662e8b3c1a5e6faaf39ecd70f07,runtime_ns,6,8937.5,384.40980736708576,8534.086647823431,9340.913352176569
rfc9535,27992ab862f4e662e8b3c1a5e6faaf39ecd70f07,rss,6,57810944.0,85918.42084209881,57720778.14704472,57901109.85295528
p3,27992ab862f4e662e8b3c1a5e6faaf39ecd70f07,runtime_ns,3,8194.333333333334,43.15476026272575,8087.130965923152,8301.535700743516
p3,27992ab862f4e662e8b3c1a5e6faaf39ecd70f07,rss,3,54870016.0,43347.989480482254,54762333.62460298,54977698.37539702
plus,6dce98569a1afa592c4c00384c4f7c4df0a71be2,runtime_ns,3,2972.1666666666665,43.515322971722654,2864.068611833615,3080.2647214997182
plus,6dce98569a1afa592c4c00384c4f7c4df0a71be2,rss,3,54312960.0,86695.97896096451,54097595.249205954,54528324.750794046
dchester,6dce98569a1afa592c4c00384c4f7c4df0a71be2,runtime_ns,8,14903.5625,1297.4401565472792,13818.875384563948,15988.249615436052
dchester,6dce98569a1afa592c4c00384c4f7c4df0a71be2,rss,8,61071360.0,164073.89019759186,60934190.795101635,61208529.204898365
jsonpathly,6dce98569a1afa592c4c00384c4f7c4df0a71be2,runtime_ns,3,12722.0,174.8048912359148,12287.76057748245,13156.23942251755
jsonpathly,6dce98569a1afa592c4c00384c4f7c4df0a71be2,rss,3,56972629.333333336,57538.71702891309,56829695.23647608,57115563.43019059
rfc9535,6dce98569a1afa592c4c00384c4f7c4df0a71be2,runtime_ns,8,8606.9375,799.815042793377,7938.275390790574,9275.599609209426
rfc9535,6dce98569a1afa592c4c00384c4f7c4df0a71be2,rss,8,57956352.0,145212.13367641543,57834951.61817203,58077752.38182797
p3,6dce98569a1afa592c4c00384c4f7c4df0a71be2,runtime_ns,8,4424.5,517.3611614999443,3991.9752449473986,4857.024755052601
p3,6dce98569a1afa592c4c00384c4f7c4df0a71be2,rss,8,54822912.0,123677.1098534983,54719515.34863578,54926308.65136422
plus,0d64d0ce621164b933dcae47e6e5d7bc746c3cb2,runtime_ns,0,nan,0,nan,nan
plus,0d64d0ce621164b933dcae47e6e5d7bc746c3cb2,rss,0,nan,0,nan,nan
dchester,0d64d0ce621164b933dcae47e6e5d7bc746c3cb2,runtime_ns,0,nan,0,nan,nan
dchester,0d64d0ce621164b933dcae47e6e5d7bc746c3cb2,rss,0,nan,0,nan,nan
jsonpathly,0d64d0ce621164b933dcae47e6e5d7bc746c3cb2,runtime_ns,3,2184645.8333333335,32374.195829137338,2104223.8725865833,2265067.7940800837
jsonpathly,0d64d0ce621164b933dcae47e6e5d7bc746c3cb2,rss,3,91947008.0,809144.0398248015,89936982.7764332,93957033.2235668
rfc9535,0d64d0ce621164b933dcae47e6e5d7bc746c3cb2,runtime_ns,5,202183.1,7327.488394736631,193084.82146299965,211281.37853700036
rfc9535,0d64d0ce621164b933dcae47e6e5d7bc746c3cb2,rss,5,74406297.6,2000915.0754464318,71921833.38735498,76890761.812645
p3,0d64d0ce621164b933dcae47e6e5d7bc746c3cb2,runtime_ns,8,132908.75,6910.486219197191,127131.43894211735,138686.06105788265
p3,0d64d0ce621164b933dcae47e6e5d7bc746c3cb2,rss,8,67723264.0,645870.4967901848,67183302.75202003,68263225.24797997
plus,058c9fcf9c33367f642843cede81bcc57766eb78,runtime_ns,5,6566.7,232.81500166441165,6277.621994191551,6855.778005808449
plus,058c9fcf9c33367f642843cede81bcc57766eb78,rss,5,54663577.6,175545.9778770223,54445608.479240626,54881546.72075938
dchester,058c9fcf9c33367f642843cede81bcc57766eb78,runtime_ns,8,45106.6875,3549.5813831402306,42139.16320066744,48074.21179933256
dchester,058c9fcf9c33367f642843cede81bcc57766eb78,rss,8,64649216.0,311411.4673069791,64388869.49809596,64909562.50190404
jsonpathly,058c9fcf9c33367f642843cede81bcc57766eb78,runtime_ns,4,23437.5,646.0708165518699,22409.457158456436,24465.542841543564
jsonpathly,058c9fcf9c33367f642843cede81bcc57766eb78,rss,4,57585664.0,172551.34306827828,57311096.30789031,57860231.69210969
rfc9535,058c9fcf9c33367f642843cede81bcc57766eb78,runtime_ns,4,15489.5,461.6584235124493,14754.898427894852,16224.101572105148
rfc9535,058c9fcf9c33367f642843cede81bcc57766eb78,rss,4,58273792.0,98644.74278946649,58116826.201387,58430757.798613
p3,058c9fcf9c33367f642843cede81bcc57766eb78,runtime_ns,8,21896.0,2114.4554178997755,20128.271032782493,23663.728967217507
p3,058c9fcf9c33367f642843cede81bcc57766eb78,rss,8,57217024.0,138400.82074075387,57101318.018290006,57332729.981709994
plus,04d2ac5bfda738cc780aa323f5e9b2e159a8164b,runtime_ns,8,8278.4375,792.2723394271875,7616.081248610355,8940.793751389645
plus,04d2ac5bfda738cc780aa323f5e9b2e159a8164b,rss,8,54902784.0,114185.34747130587,54807322.66057043,54998245.33942957
dchester,04d2ac5bfda738cc780aa323f5e9b2e159a8164b,runtime_ns,3,44486.0,258.7117121430725,43843.3244793939,45128.6755206061
dchester,04d2ac5bfda738cc780aa323f5e9b2e159a8164b,rss,3,64547498.666666664,610913.0562734221,63029906.504977204,66065090.828356124
jsonpathly,04d2ac5bfda738cc780aa323f5e9b2e159a8164b,runtime_ns,5,25829.2,879.991945985871,24736.545681960073,26921.85431803993
jsonpathly,04d2ac5bfda738cc780aa323f5e9b2e159a8164b,rss,5,58087833.6,148634.57884624292,57903279.394558445,58272387.80544156
rfc9535,04d2ac5bfda738cc780aa323f5e9b2e159a8164b,runtime_ns,8,23875.125,3033.2409441058257,21339.272110383674,26410.977889616326
rfc9535,04d2ac5bfda738cc780aa323f5e9b2e159a8164b,rss,8,58329088.0,90774.49972951025,58253198.619075656,58404977.380924344
p3,04d2ac5bfda738cc780aa323f5e9b2e159a8164b,runtime_ns,8,30619.6875,1767.3820820940623,29142.119102855882,32097.255897144118
p3,04d2ac5bfda738cc780aa323f5e9b2e159a8164b,rss,8,58540032.0,131655.84253326117,58429964.96118741,58650099.03881259
plus,034ed28e658456453d7095b07326dd1838328aaa,runtime_ns,8,14893.375,2132.182462541944,13110.825852582977,16675.924147417023
plus,034ed28e658456453d7095b07326dd1838328aaa,rss,8,56731648.0,144151.9350843804,56611133.96637605,56852162.03362395
dchester,034ed28e658456453d7095b07326dd1838328aaa,runtime_ns,6,17333.333333333332,675.933551961039,16623.984573703932,18042.682092962732
dchester,034ed28e658456453d7095b07326dd1838328aaa,rss,6,61158741.333333336,252423.51199099235,60893839.10350227,61423643.5631644
jsonpathly,034ed28e658456453d7095b07326dd1838328aaa,runtime_ns,6,19479.083333333332,764.6168593921185,18676.667150221907,20281.499516444757
jsonpathly,034ed28e658456453d7095b07326dd1838328aaa,rss,6,57371306.666666664,108018.49141451044,57257948.212008476,57484665.12132485
rfc9535,034ed28e658456453d7095b07326dd1838328aaa,runtime_ns,8,13208.375,1653.2307061802182,11826.239541352676,14590.510458647324
rfc9535,034ed28e658456453d7095b07326dd1838328aaa,rss,8,58148864.0,79995.68445502903,58081985.93415551,58215742.06584449
p3,034ed28e658456453d7095b07326dd1838328aaa,runtime_ns,4,20531.25,567.6860194391497,19627.93486243733,21434.56513756267
p3,034ed28e658456453d7095b07326dd1838328aaa,rss,4,57004032.0,122880.0,56808502.499003366,57199561.500996634
plus,febf20f144ecd7c16e219fd62d1a0057a7b60b06,runtime_ns,8,6231.6875,724.5060355412605,5625.985296440507,6837.389703559493
plus,febf20f144ecd7c16e219fd62d1a0057a7b60b06,rss,8,54736896.0,76064.07019649385,54673304.84593142,54800487.15406858
dchester,febf20f144ecd7c16e219fd62d1a0057a7b60b06,runtime_ns,8,12882.875,1643.752648015249,11508.663396275013,14257.086603724987
dchester,febf20f144ecd7c16e219fd62d1a0057a7b60b06,rss,8,60710912.0,107258.45740879497,60621241.685584515,60800582.314415485
jsonpathly,febf20f144ecd7c16e219fd62d1a0057a7b60b06,runtime_ns,8,13249.9375,1339.9486514015591,12129.71239351878,14370.16260648122
jsonpathly,febf20f144ecd7c16e219fd62d1a0057a7b60b06,rss,8,57092096.0,76816.57725852075,57027875.734283894,57156316.265716106
rfc9535,febf20f144ecd7c16e219fd62d1a0057a7b60b06,runtime_ns,6,7965.25,330.9029691616562,7617.988630814356,8312.511369185644
rfc9535,febf20f144ecd7c16e219fd62d1a0057a7b60b06,rss,6,57835520.0,193580.964088931,57632369.23707965,58038670.76292035
p3,febf20f144ecd7c16e219fd62d1a0057a7b60b06,runtime_ns,4,4875.0,91.42665548587749,4729.519789022262,5020.480210977738
p3,febf20f144ecd7c16e219fd62d1a0057a7b60b06,rss,4,54747136.0,49152.0,54668924.199601345,54825347.800398655
plus,df38cf561fa0e1c046743656c8e2a0a9d3890d5d,runtime_ns,4,7468.75,218.56825783570068,7120.959127699239,7816.540872300761
plus,df38cf561fa0e1c046743656c8e2a0a9d3890d5d,rss,4,54673408.0,87722.00259152014,54533822.71848027,54812993.28151973
dchester,df38cf561fa0e1c046743656c8e2a0a9d3890d5d,runtime_ns,4,45677.25,1187.88302594714,43787.06302648265,47567.43697351735
dchester,df38cf561fa0e1c046743656c8e2a0a9d3890d5d,rss,4,64401408.0,89113.4982667235,64259608.538345076,64543207.461654924
jsonpathly,df38cf561fa0e1c046743656c8e2a0a9d3890d5d,runtime_ns,8,28307.3125,2266.971720434554,26412.076712973812,30202.548287026188
jsonpathly,df38cf561fa0e1c046743656c8e2a0a9d3890d5d,rss,8,57858048.0,144947.81102964512,57736868.59743479,57979227.40256521
rfc9535,df38cf561fa0e1c046743656c8e2a0a9d3890d5d,runtime_ns,8,21205.625,1832.918822729006,19673.26651654965,22737.98348345035
rfc9535,df38cf561fa0e1c046743656c8e2a0a9d3890d5d,rss,8,58187776.0,120078.385979445,58087387.957085654,58288164.042914346
p3,df38cf561fa0e1c046743656c8e2a0a9d3890d5d,runtime_ns,8,18692.625,1143.4496287862569,17736.677187504964,19648.572812495036
p3,df38cf561fa0e1c046743656c8e2a0a9d3890d5d,rss,8,56150016.0,281259.6134981751,55914877.07870604,56385154.92129396
plus,5234d5868fb618268c9db7bae93b43baac90cfb1,runtime_ns,3,3958.1666666666665,20.750502001959696,3906.6195621058478,4009.7137712274853
plus,5234d5868fb618268c9db7bae93b43baac90cfb1,rss,3,54323882.666666664,37837.22724161131,54229889.78356771,54417875.54976562
dchester,5234d5868fb618268c9db7bae93b43baac90cfb1,runtime_ns,8,28080.8125,4539.9530672330275,24285.31675257621,31876.30824742379
dchester,5234d5868fb618268c9db7bae93b43baac90cfb1,rss,8,62920704.0,167757.50793162305,62780455.213608705,63060952.786391295
jsonpathly,5234d5868fb618268c9db7bae93b43baac90cfb1,runtime_ns,8,18385.25,1031.686968028578,17522.738110155387,19247.761889844613
jsonpathly,5234d5868fb618268c9db7bae93b43baac90cfb1,rss,8,57358336.0,70299.98922170208,57299563.73822031,57417108.26177969
rfc9535,5234d5868fb618268c9db7bae93b43baac90cfb1,runtime_ns,8,12789.0,1541.5348798240946,11500.244589045114,14077.755410954886
rfc9535,5234d5868fb618268c9db7bae93b43baac90cfb1,rss,8,57997312.0,90774.49972951025,57921422.619075656,58073201.380924344
p3,5234d5868fb618268c9db7bae93b43baac90cfb1,runtime_ns,8,10078.25,603.5923411423594,9573.634174669529,10582.865825330471
p3,5234d5868fb618268c9db7bae93b43baac90cfb1,rss,8,55009280.0,43788.08187493161,54972672.24743452,55045887.75256548
plus,b0e2d1bfd0465c0c21bfc480adaa4baa2c68fcea,runtime_ns,0,nan,0,nan,nan
plus,b0e2d1bfd0465c0c21bfc480adaa4baa2c68fcea,rss,0,nan,0,nan,nan
dchester,b0e2d1bfd0465c0c21bfc480adaa4baa2c68fcea,runtime_ns,0,nan,0,nan,nan
dchester,b0e2d1bfd0465c0c21bfc480adaa4baa2c68fcea,rss,0,nan,0,nan,nan
jsonpathly,b0e2d1bfd0465c0c21bfc480adaa4baa2c68fcea,runtime_ns,5,225220.8,8567.556051757118,214582.7740979404,235858.8259020596
jsonpathly,b0e2d1bfd0465c0c21bfc480adaa4baa2c68fcea,rss,5,67829760.0,242184.118257164,67529048.69942336,68130471.30057664
rfc9535,b0e2d1bfd0465c0c21bfc480adaa4baa2c68fcea,runtime_ns,3,146840.33333333334,1674.2497822407902,142681.26631037923,150999.40035628746
rfc9535,b0e2d1bfd0465c0c21bfc480adaa4baa2c68fcea,rss,3,68490581.33333333,1889660.7934222834,63796403.69397698,73184758.97268967
p3,b0e2d1bfd0465c0c21bfc480adaa4baa2c68fcea,runtime_ns,8,115198.0,7217.646895927073,109163.89619006922,121232.10380993078
p3,b0e2d1bfd0465c0c21bfc480adaa4baa2c68fcea,rss,8,65564672.0,167256.71677821662,65424841.88549031,65704502.11450969
plus,41f845e8f10bfaa612634af4b31745e5ecb23629,runtime_ns,7,9758.857142857143,494.34946430348526,9301.660142612762,10216.054143101524
plus,41f845e8f10bfaa612634af4b31745e5ecb23629,rss,7,55597933.71428572,39972.86698797192,55560964.97820381,55634902.45036762
dchester,41f845e8f10bfaa612634af4b31745e5ecb23629,runtime_ns,0,nan,0,nan,nan
dchester,41f845e8f10bfaa612634af4b31745e5ecb23629,rss,0,nan,0,nan,nan
jsonpathly,41f845e8f10bfaa612634af4b31745e5ecb23629,runtime_ns,8,34213.5,16197.729033946174,20671.859644731987,47755.14035526801
jsonpathly,41f845e8f10bfaa612634af4b31745e5ecb23629,rss,8,57694208.0,99056.9261326897,57611394.337320745,57777021.662679255
rfc9535,41f845e8f10bfaa612634af4b31745e5ecb23629,runtime_ns,8,21046.6875,7853.8557816140765,14480.699751108164,27612.675248891836
rfc9535,41f845e8f10bfaa612634af4b31745e5ecb23629,rss,8,58484736.0,236445.5057773053,58287062.61034486,58682409.38965514
p3,41f845e8f10bfaa612634af4b31745e5ecb23629,runtime_ns,8,26182.25,1929.044489600264,24569.528447939672,27794.971552060328
p3,41f845e8f10bfaa612634af4b31745e5ecb23629,rss,8,57628672.0,148347.27466898164,57504650.57470998,57752693.42529002
plus,5f4af4d6cf3300ee4e12d06056b1b905ee2606c4,runtime_ns,3,7715.333333333333,106.65989561842508,7450.375464296249,7980.291202370417
plus,5f4af4d6cf3300ee4e12d06056b1b905ee2606c4,rss,3,54804480.0,99659.98129640603,54556910.88210926,55052049.11789074
dchester,5f4af4d6cf3300ee4e12d06056b1b905ee2606c4,runtime_ns,0,nan,0,nan,nan
dchester,5f4af4d6cf3300ee4e12d06056b1b905ee2606c4,rss,0,nan,0,nan,nan
jsonpathly,5f4af4d6cf3300ee4e12d06056b1b905ee2606c4,runtime_ns,8,47226.5625,2941.8900561847263,44767.080863895164,49686.044136104836
jsonpathly,5f4af4d6cf3300ee4e12d06056b1b905ee2606c4,rss,8,57749504.0,152380.00834755195,57622111.12498333,57876896.87501667
rfc9535,5f4af4d6cf3300ee4e12d06056b1b905ee2606c4,runtime_ns,3,42250.0,621.0654152341764,40707.1879805529,43792.8120194471
rfc9535,5f4af4d6cf3300ee4e12d06056b1b905ee2606c4,rss,3,59949056.0,130043.96844144676,59626008.873808935,60272103.126191065
p3,5f4af4d6cf3300ee4e12d06056b1b905ee2606c4,runtime_ns,8,28192.75,2700.6868835274377,25934.91926260012,30450.58073739988
p3,5f4af4d6cf3300ee4e12d06056b1b905ee2606c4,rss,8,56614912.0,133392.03852018842,56503393.46501829,56726430.53498171
plus,d67eb3d9dee4ec898368415ab0e1e2dbd07a0aec,runtime_ns,5,8779.1,303.85510527223335,8401.814055113053,9156.385944886948
plus,d67eb3d9dee4ec898368415ab0e1e2dbd07a0aec,rss,5,55476224.0,98304.0,55354163.46232057,55598284.53767943
dchester,d67eb3d9dee4ec898368415ab0e1e2dbd07a0aec,runtime_ns,5,53820.7,1634.811518187953,51790.813394017176,55850.58660598282
dchester,d67eb3d9dee4ec898368415ab0e1e2dbd07a0aec,rss,5,64634880.0,121506.99601257534,64484009.1375213,64785750.8624787
jsonpathly,d67eb3d9dee4ec898368415ab0e1e2dbd07a0aec,runtime_ns,8,22239.5,1262.900516385085,21183.688746365104,23295.311253634896
jsonpathly,d67eb3d9dee4ec898368415ab0e1e2dbd07a0aec,rss,8,57538560.0,81421.10945659521,57470490.24903198,57606629.75096802
rfc9535,d67eb3d9dee4ec898368415ab0e1e2dbd07a0aec,runtime_ns,3,16270.666666666666,125.25008316697172,15959.528211671726,16581.805121661604
rfc9535,d67eb3d9dee4ec898368415ab0e1e2dbd07a0aec,rss,3,58174122.666666664,175188.81376769845,57738929.52770952,58609315.80562381
p3,d67eb3d9dee4ec898368415ab0e1e2dbd07a0aec,runtime_ns,8,17765.6875,1737.5902430315875,16313.025703605937,19218.349296394063
p3,d67eb3d9dee4ec898368415ab0e1e2dbd07a0aec,rss,8,55828480.0,148621.6782187963,55704229.16760137,55952730.83239863
plus,383f9e488d7922125121c3394dc53cfb9d594183,runtime_ns,8,4525.875,2533.4325634544584,2407.872373414082,6643.877626585918
plus,383f9e488d7922125121c3394dc53cfb9d594183,rss,8,54329344.0,157637.0947497538,54197556.090764284,54461131.909235716
dchester,383f9e488d7922125121c3394dc53cfb9d594183,runtime_ns,3,10139.0,179.57658533338918,9692.907032225976,10585.092967774024
dchester,383f9e488d7922125121c3394dc53cfb9d594183,rss,3,60429653.333333336,168152.3159677955,60011939.82391958,60847366.84274709
jsonpathly,383f9e488d7922125121c3394dc53cfb9d594183,runtime_ns,4,10703.0,314.54755867224065,10202.484642033758,11203.515357966242
jsonpathly,383f9e488d7922125121c3394dc53cfb9d594183,rss,4,57098240.0,341584.46228519623,56554702.895029075,57641777.104970925
rfc9535,383f9e488d7922125121c3394dc53cfb9d594183,runtime_ns,8,6408.6875,479.9463465177272,6007.442313051437,6809.932686948563
rfc9535,383f9e488d7922125121c3394dc53cfb9d594183,rss,8,57739264.0,151290.83288251708,57612781.69845943,57865746.30154057
p3,383f9e488d7922125121c3394dc53cfb9d594183,runtime_ns,8,4468.75,451.0889205973854,4091.6302248652223,4845.869775134778
p3,383f9e488d7922125121c3394dc53cfb9d594183,rss,8,54745088.0,59999.260033532315,54694927.363329664,54795248.636670336
plus,6dc78b0a69d7d44f8f410f752a9c21522402000a,runtime_ns,4,4437.25,97.68188163625842,4281.816328346765,4592.683671653235
plus,6dc78b0a69d7d44f8f410f752a9c21522402000a,rss,4,54296576.0,26754.959963839727,54254002.88825753,54339149.11174247
dchester,6dc78b0a69d7d44f8f410f752a9c21522402000a,runtime_ns,4,39130.25,1113.1876526444228,37358.920033877155,40901.579966122845
dchester,6dc78b0a69d7d44f8f410f752a9c21522402000a,rss,4,64020480.0,341715.4128218392,63476734.52350332,64564225.47649668
jsonpathly,6dc78b0a69d7d44f8f410f752a9c21522402000a,runtime_ns,8,14635.5,1009.3447662433571,13791.666658283104,15479.333341716896
jsonpathly,6dc78b0a69d7d44f8f410f752a9c21522402000a,rss,8,57161728.0,65206.02643489765,57107214.39768408,57216241.60231592
rfc9535,6dc78b0a69d7d44f8f410f752a9c21522402000a,runtime_ns,4,11281.0,266.6255176585067,10856.739303216666,11705.260696783334
rfc9535,6dc78b0a69d7d44f8f410f752a9c21522402000a,rss,4,57929728.0,27981.006891580342,57885203.97399989,57974252.02600011
p3,6dc78b0a69d7d44f8f410f752a9c21522402000a,runtime_ns,7,10845.142857142857,505.156882750771,10377.95066189721,11312.335052388504
p3,6dc78b0a69d7d44f8f410f752a9c21522402000a,rss,7,55424731.428571425,67173.44854146153,55362606.350287996,55486856.506854855
plus,0c9d3187f8dd631ecccc1db3c4f8325e845896e9,runtime_ns,0,nan,0,nan,nan
plus,0c9d3187f8dd631ecccc1db3c4f8325e845896e9,rss,0,nan,0,nan,nan
dchester,0c9d3187f8dd631ecccc1db3c4f8325e845896e9,runtime_ns,0,nan,0,nan,nan
dchester,0c9d3187f8dd631ecccc1db3c4f8325e845896e9,rss,0,nan,0,nan,nan
jsonpathly,0c9d3187f8dd631ecccc1db3c4f8325e845896e9,runtime_ns,5,423491.6,13781.934835138352,406379.0676896183,440604.1323103816
jsonpathly,0c9d3187f8dd631ecccc1db3c4f8325e845896e9,rss,5,78656307.2,136784.32396733187,78486467.02941112,78826147.37058888
rfc9535,0c9d3187f8dd631ecccc1db3c4f8325e845896e9,runtime_ns,6,216493.0,8985.931576636893,207062.84314581053,225923.15685418947
rfc9535,0c9d3187f8dd631ecccc1db3c4f8325e845896e9,rss,6,72032256.0,2240424.387318081,69681074.79945628,74383437.20054372
p3,0c9d3187f8dd631ecccc1db3c4f8325e845896e9,runtime_ns,0,nan,0,nan,nan
p3,0c9d3187f8dd631ecccc1db3c4f8325e845896e9,rss,0,nan,0,nan,nan
plus,a1f371737f130e992c1c76c376d4192f4f3a06fb,runtime_ns,6,7892.333333333333,319.18938996568585,7557.364611626685,8227.302055039981
plus,a1f371737f130e992c1c76c376d4192f4f3a06fb,rss,6,55536298.666666664,127191.62766576528,55402819.23949783,55669778.093835495
dchester,a1f371737f130e992c1c76c376d4192f4f3a06fb,runtime_ns,8,61177.125,15619.444410619366,48118.94268848996,74235.30731151004
dchester,a1f371737f130e992c1c76c376d4192f4f3a06fb,rss,8,65015808.0,392019.5129837289,64688071.485458516,65343544.514541484
jsonpathly,a1f371737f130e992c1c76c376d4192f4f3a06fb,runtime_ns,4,31702.875,700.5675526552263,30588.115690225364,32817.634309774636
jsonpathly,a1f371737f130e992c1c76c376d4192f4f3a06fb,rss,4,58363904.0,547884.9775929251,57492096.73866948,59235711.26133052
rfc9535,a1f371737f130e992c1c76c376d4192f4f3a06fb,runtime_ns,8,28041.6875,5022.41187747125,23842.84609339248,32240.52890660752
rfc9535,a1f371737f130e992c1c76c376d4192f4f3a06fb,rss,8,58918912.0,440712.415172136,58550467.20049413,59287356.79950587
p3,a1f371737f130e992c1c76c376d4192f4f3a06fb,runtime_ns,8,33820.4375,3445.1766431750016,30940.19774759568,36700.67725240432
p3,a1f371737f130e992c1c76c376d4192f4f3a06fb,rss,8,59193344.0,139693.58952057484,59076557.236543246,59310130.763456754
plus,6c3f7a5666882c50a2ca291b483ec39a25ecb346,runtime_ns,5,2921.1,89.0676709025222,2810.507879636477,3031.692120363523
plus,6c3f7a5666882c50a2ca291b483ec39a25ecb346,rss,5,54309683.2,87772.98893851115,54200698.63962032,54418667.76037969
dchester,6c3f7a5666882c50a2ca291b483ec39a25ecb346,runtime_ns,8,24255.25,2980.6231611143717,21763.3866778143,26747.1133221857
dchester,6c3f7a5666882c50a2ca291b483ec39a25ecb346,rss,8,62797824.0,338778.0068287449,62514598.498503156,63081049.501496844
jsonpathly,6c3f7a5666882c50a2ca291b483ec39a25ecb346,runtime_ns,8,13023.4375,1156.1669255870574,12056.857761312918,13990.017238687082
jsonpathly,6c3f7a5666882c50a2ca291b483ec39a25ecb346,rss,8,56899584.0,130614.05715640695,56790387.91555831,57008780.08444169
rfc9535,6c3f7a5666882c50a2ca291b483ec39a25ecb346,runtime_ns,4,8411.375,182.65923418577373,8120.723397519767,8702.026602480233
rfc9535,6c3f7a5666882c50a2ca291b483ec39a25ecb346,rss,4,57810944.0,28377.920431208484,57765788.395986035,57856099.604013965
p3,6c3f7a5666882c50a2ca291b483ec39a25ecb346,runtime_ns,6,7781.333333333333,341.48230798485986,7422.969628940084,8139.6970377265825
p3,6c3f7a5666882c50a2ca291b483ec39a25ecb346,rss,6,54924629.333333336,44769.611026528546,54877646.50793782,54971612.15872885
plus,242f66a8c98ad66104591d26bfe74b757c954d12,runtime_ns,7,5056.428571428572,229.43144011727276,4844.239879505626,5268.617263351517
plus,242f66a8c98ad66104591d26bfe74b757c954d12,rss,7,54387858.28571428,118092.59532772619,54278640.851017594,54497075.72041097
dchester,242f66a8c98ad66104591d26bfe74b757c954d12,runtime_ns,4,40364.375,1205.3584096995107,38446.380791254574,42282.369208745426
dchester,242f66a8c98ad66104591d26bfe74b757c954d12,rss,4,64122880.0,195867.0482410624,63811211.8179992,64434548.1820008
jsonpathly,242f66a8c98ad66104591d26bfe74b757c954d12,runtime_ns,8,16911.25,1409.138009057817,15733.181142964027,18089.31885703597
jsonpathly,242f66a8c98ad66104591d26bfe74b757c954d12,rss,8,57208832.0,90906.4203044616,57132832.33071501,57284831.66928499
rfc9535,242f66a8c98ad66104591d26bfe74b757c954d12,runtime_ns,8,13224.0,1246.324080761386,12182.046993352564,14265.953006647436
rfc9535,242f66a8c98ad66104591d26bfe74b757c954d12,rss,8,57952256.0,80948.75675741678,57884581.145770885,58019930.854229115
p3,242f66a8c98ad66104591d26bfe74b757c954d12,runtime_ns,8,17468.6875,2340.8458016204922,15511.691435536197,19425.683564463805
p3,242f66a8c98ad66104591d26bfe74b757c954d12,rss,8,56190976.0,112472.31154377508,56096946.79444535,56285005.20555465
plus,196db729a38849ececb555f3dcc61554c22f10cf,runtime_ns,8,5369.75,335.93674999916277,5088.8998486564105,5650.6001513435895
plus,196db729a38849ececb555f3dcc61554c22f10cf,rss,8,54384640.0,79273.36100211363,54318365.81167433,54450914.18832567
dchester,196db729a38849ececb555f3dcc61554c22f10cf,runtime_ns,8,21731.75,1829.5881464729393,20202.176031582898,23261.323968417102
dchester,196db729a38849ececb555f3dcc61554c22f10cf,rss,8,62611456.0,275273.4902539135,62381321.60297769,62841590.39702231
jsonpathly,196db729a38849ececb555f3dcc61554c22f10cf,runtime_ns,8,12950.5625,673.3195185847079,12387.653295521539,13513.471704478461
jsonpathly,196db729a38849ececb555f3dcc61554c22f10cf,rss,8,57083904.0,90774.49972951025,57008014.619075656,57159793.380924344
rfc9535,196db729a38849ececb555f3dcc61554c22f10cf,runtime_ns,6,9534.583333333334,451.37549963048133,9060.89379704525,10008.272869621418
rfc9535,196db729a38849ececb555f3dcc61554c22f10cf,rss,6,57786368.0,100464.78559973142,57680936.67343713,57891799.32656287
p3,196db729a38849ececb555f3dcc61554c22f10cf,runtime_ns,8,9893.25,715.1679123514581,9295.354662795937,10491.145337204063
p3,196db729a38849ececb555f3dcc61554c22f10cf,rss,8,55273472.0,180741.9052050267,55122367.985833384,55424576.014166616
plus,dd1ea36f288973382debb06b28174d479541b495,runtime_ns,5,4700.0,170.52858997833766,4488.260789159447,4911.739210840553
plus,dd1ea36f288973382debb06b28174d479541b495,rss,5,54548889.6,185942.1596432611,54318011.91462271,54779767.285377294
dchester,dd1ea36f288973382debb06b28174d479541b495,runtime_ns,4,32828.125,1000.6247527586619,31235.907726303885,34420.342273696115
dchester,dd1ea36f288973382debb06b28174d479541b495,rss,4,62918656.0,193569.40805130685,62610643.876265585,63226668.123734415
jsonpathly,dd1ea36f288973382debb06b28174d479541b495,runtime_ns,8,13929.625,1284.7287581987325,12855.5648795265,15003.6851204735
jsonpathly,dd1ea36f288973382debb06b28174d479541b495,rss,8,57225216.0,248128.1709716055,57017775.65782202,57432656.34217798
rfc9535,dd1ea36f288973382debb06b28174d479541b495,runtime_ns,8,10208.3125,984.937196601895,9384.884397149499,11031.740602850501
rfc9535,dd1ea36f288973382debb06b28174d479541b495,rss,8,57909248.0,172505.03671984273,57765030.18021571,58053465.81978429
p3,dd1ea36f288973382debb06b28174d479541b495,runtime_ns,8,8609.375,738.9159893287696,7991.625773594432,9227.124226405567
p3,dd1ea36f288973382debb06b28174d479541b495,rss,8,55037952.0,80622.40896567512,54970549.97935251,55105354.02064749
plus,cbe67a3226071945b566d4da9eb23ef16752f429,runtime_ns,5,6141.7,234.6104750432086,5850.392619537365,6433.0073804626345
plus,cbe67a3226071945b566d4da9eb23ef16752f429,rss,5,54525952.0,57926.187514801975,54454027.13840967,54597876.86159033
dchester,cbe67a3226071945b566d4da9eb23ef16752f429,runtime_ns,8,46958.3125,15160.88528308833,34283.49521291017,59633.12978708983
dchester,cbe67a3226071945b566d4da9eb23ef16752f429,rss,8,64868352.0,390156.47824064497,64542173.021481454,65194530.978518546
jsonpathly,cbe67a3226071945b566d4da9eb23ef16752f429,runtime_ns,5,25641.6,825.3583615618128,24616.78223683225,26666.41776316775
jsonpathly,cbe67a3226071945b566d4da9eb23ef16752f429,rss,5,57766707.2,156035.55959844537,57572963.463207036,57960450.93679297
rfc9535,cbe67a3226071945b566d4da9eb23ef16752f429,runtime_ns,8,24895.875,2619.3132108300015,22706.074355445024,27085.675644554976
rfc9535,cbe67a3226071945b566d4da9eb23ef16752f429,rss,8,58724352.0,136728.24183132654,58610044.329251364,58838659.670748636
p3,cbe67a3226071945b566d4da9eb23ef16752f429,runtime_ns,5,27037.6,842.8391305581392,25991.076995308595,28084.123004691402
p3,cbe67a3226071945b566d4da9eb23ef16752f429,rss,5,57052364.8,92246.430582435,56937825.72818299,57166903.87181701
plus,de6135c8547921a263b01710c3e08b4fb0986b74,runtime_ns,3,4465.166666666667,83.86049924328697,4256.8456379702075,4673.4876953631265
plus,de6135c8547921a263b01710c3e08b4fb0986b74,rss,3,54400341.333333336,116237.90812524687,54111590.36222444,54689092.304442234
dchester,de6135c8547921a263b01710c3e08b4fb0986b74,runtime_ns,8,46965.875,11614.902301876795,37255.57367294591,56676.17632705409
dchester,de6135c8547921a263b01710c3e08b4fb0986b74,rss,8,64729088.0,246422.2695687802,64523073.827085026,64935102.172914974
jsonpathly,de6135c8547921a263b01710c3e08b4fb0986b74,runtime_ns,8,33390.6875,9940.756233583827,25080.007311902955,41701.367688097045
jsonpathly,de6135c8547921a263b01710c3e08b4fb0986b74,rss,8,57987072.0,256188.3467138972,57772893.182269454,58201250.817730546
rfc9535,de6135c8547921a263b01710c3e08b4fb0986b74,runtime_ns,8,24260.4375,2423.6200409054577,22234.24043972198,26286.63456027802
rfc9535,de6135c8547921a263b01710c3e08b4fb0986b74,rss,8,58746880.0,262427.275516203,58527485.30726217,58966274.69273783
p3,de6135c8547921a263b01710c3e08b4fb0986b74,runtime_ns,8,30236.9375,7575.33015516957,23903.803002025794,36570.071997974206
p3,de6135c8547921a263b01710c3e08b4fb0986b74,rss,8,57069568.0,491500.49485108064,56658663.30331314,57480472.69668686
plus,cfe715feb9f0724f87c8e912ed5bc75f262277df,runtime_ns,3,21173.833333333332,283.09642055902674,20470.582838961123,21877.08382770554
plus,cfe715feb9f0724f87c8e912ed5bc75f262277df,rss,3,56442880.0,49152.0,56320779.66319205,56564980.33680795
dchester,cfe715feb9f0724f87c8e912ed5bc75f262277df,runtime_ns,0,nan,0,nan,nan
dchester,cfe715feb9f0724f87c8e912ed5bc75f262277df,rss,0,nan,0,nan,nan
jsonpathly,cfe715feb9f0724f87c8e912ed5bc75f262277df,runtime_ns,8,281903.6875,28211.599629202043,258318.19997734608,305489.1750226539
jsonpathly,cfe715feb9f0724f87c8e912ed5bc75f262277df,rss,8,73500672.0,3898097.9557487485,70241780.55443203,76759563.44556797
rfc9535,cfe715feb9f0724f87c8e912ed5bc75f262277df,runtime_ns,8,181820.3125,10194.716442975674,173297.3162635899,190343.3087364101
rfc9535,cfe715feb9f0724f87c8e912ed5bc75f262277df,rss,8,73310208.0,2558648.1971487543,71171124.5760935,75449291.4239065
p3,cfe715feb9f0724f87c8e912ed5bc75f262277df,runtime_ns,6,146986.25,5854.067882677822,140842.78252554746,153129.71747445254
p3,cfe715feb9f0724f87c8e912ed5bc75f262277df,rss,6,65582421.333333336,127928.16330842348,65448168.95941104,65716673.70725563
plus,264de05250e6132b1d16b6a0f11898db5f7d8576,runtime_ns,8,3695.4375,266.1490502787596,3472.931325695079,3917.943674304921
plus,264de05250e6132b1d16b6a0f11898db5f7d8576,rss,8,54433792.0,245047.04203304078,54228927.5460769,54638656.4539231
dchester,264de05250e6132b1d16b6a0f11898db5f7d8576,runtime_ns,8,46114.625,6683.617886561995,40526.98061465562,51702.26938534438
dchester,264de05250e6132b1d16b6a0f11898db5f7d8576,rss,8,64294912.0,197143.6512712784,64130095.78297074,64459728.21702926
jsonpathly,264de05250e6132b1d16b6a0f11898db5f7d8576,runtime_ns,8,26387.875,4838.379412498126,22342.888584369095,30432.861415630905
jsonpathly,264de05250e6132b1d16b6a0f11898db5f7d8576,rss,8,57669632.0,178285.2604243307,57520581.792267054,57818682.207732946
rfc9535,264de05250e6132b1d16b6a0f11898db5f7d8576,runtime_ns,4,20562.625,619.2887553476165,19577.198394320116,21548.051605679884
rfc9535,264de05250e6132b1d16b6a0f11898db5f7d8576,rss,4,58118144.0,74931.80202468553,57998910.781749144,58237377.218250856
p3,264de05250e6132b1d16b6a0f11898db5f7d8576,runtime_ns,3,17125.166666666668,162.9910529241815,16720.274445419815,17530.05888791352
p3,264de05250e6132b1d16b6a0f11898db5f7d8576,rss,3,56016896.0,182444.50264121415,55563678.730687425,56470113.269312575
plus,85dd3926ddfdf250d5b69f59395f819a3e814622,runtime_ns,4,9146.0,211.13700133641507,8810.033915094122,9481.966084905878
plus,85dd3926ddfdf250d5b69f59395f819a3e814622,rss,4,55541760.0,89738.86382164642,55398965.44219522,55684554.55780478
dchester,85dd3926ddfdf250d5b69f59395f819a3e814622,runtime_ns,3,57611.166666666664,915.9663385372485,55335.78014241242,59886.55319092091
dchester,85dd3926ddfdf250d5b69f59395f819a3e814622,rss,3,65481386.666666664,717225.077769408,63699700.80316661,67263072.53016672
jsonpathly,85dd3926ddfdf250d5b69f59395f819a3e814622,runtime_ns,5,22662.5,731.6837602407204,21753.994616838743,23571.005383161257
jsonpathly,85dd3926ddfdf250d5b69f59395f819a3e814622,rss,5,57779814.4,152644.02242079444,57590281.81281909,57969346.9871809
rfc9535,85dd3926ddfdf250d5b69f59395f819a3e814622,runtime_ns,7,22249.85714285714,1068.278432583851,21261.8643764621,23237.84990925218
rfc9535,85dd3926ddfdf250d5b69f59395f819a3e814622,rss,7,59286674.28571428,243906.5601944826,59061098.340531535,59512250.23089703
p3,85dd3926ddfdf250d5b69f59395f819a3e814622,runtime_ns,5,26529.3,986.3244015028727,25304.616500104006,27753.983499895992
p3,85dd3926ddfdf250d5b69f59395f819a3e814622,rss,5,57271910.4,181189.55893980205,57046933.84781403,57496886.952185966
plus,ee06c7b906c5e5eebf78057d7f65321e20e2ddd7,runtime_ns,3,22736.333333333332,406.2931002777839,21727.045320909332,23745.621345757332
plus,ee06c7b906c5e5eebf78057d7f65321e20e2ddd7,rss,3,56546645.333333336,180472.071693471,56098327.85412188,56994962.81254479
dchester,ee06c7b906c5e5eebf78057d7f65321e20e2ddd7,runtime_ns,0,nan,0,nan,nan
dchester,ee06c7b906c5e5eebf78057d7f65321e20e2ddd7,rss,0,nan,0,nan,nan
jsonpathly,ee06c7b906c5e5eebf78057d7f65321e20e2ddd7,runtime_ns,3,190048.33333333334,3811.6858584271254,180579.5807470691,199517.0859195976
jsonpathly,ee06c7b906c5e5eebf78057d7f65321e20e2ddd7,rss,3,70931797.33333333,729471.4197810175,69119689.86981125,72743904.7968554
rfc9535,ee06c7b906c5e5eebf78057d7f65321e20e2ddd7,runtime_ns,8,153205.8125,16628.753432227608,139303.82673003586,167107.79826996414
rfc9535,ee06c7b906c5e5eebf78057d7f65321e20e2ddd7,rss,8,68278272.0,1615464.2396975905,66927710.09746818,69628833.90253182
p3,ee06c7b906c5e5eebf78057d7f65321e20e2ddd7,runtime_ns,0,nan,0,nan,nan
p3,ee06c7b906c5e5eebf78057d7f65321e20e2ddd7,rss,0,nan,0,nan,nan
plus,3329ba9f4e4931a3a4a72ab0cb2197fcb1aafae7,runtime_ns,4,4984.25,137.82930264158875,4764.9328225242225,5203.5671774757775
plus,3329ba9f4e4931a3a4a72ab0cb2197fcb1aafae7,rss,4,54439936.0,91099.55825725319,54294976.27370562,54584895.72629438
dchester,3329ba9f4e4931a3a4a72ab0cb2197fcb1aafae7,runtime_ns,3,37423.5,540.1592357814499,36081.67007204506,38765.32992795494
dchester,3329ba9f4e4931a3a4a72ab0cb2197fcb1aafae7,rss,3,63793834.666666664,111523.58253451748,63516794.72954317,64070874.60379016
jsonpathly,3329ba9f4e4931a3a4a72ab0cb2197fcb1aafae7,runtime_ns,8,23135.4375,12881.120466008437,12366.551296384292,33904.32370361571
jsonpathly,3329ba9f4e4931a3a4a72ab0cb2197fcb1aafae7,rss,8,57614336.0,161719.76687732746,57479134.891449474,57749537.108550526
rfc9535,3329ba9f4e4931a3a4a72ab0cb2197fcb1aafae7,runtime_ns,8,11966.0625,791.6577289595729,11304.220075819934,12627.904924180066
rfc9535,3329ba9f4e4931a3a4a72ab0cb2197fcb1aafae7,rss,8,58068992.0,214293.34319372327,57889838.28172407,58248145.71827593
p3,3329ba9f4e4931a3a4a72ab0cb2197fcb1aafae7,runtime_ns,8,11250.0,1981.6829968488905,9593.271554596462,12906.728445403538
p3,3329ba9f4e4931a3a4a72ab0cb2197fcb1aafae7,rss,8,55371776.0,88853.12881700581,55297492.92535672,55446059.07464328
plus,2dbdb7971559f790c3263bd39609751e74ebdc86,runtime_ns,8,11244.875,656.9408404545594,10695.658713106983,11794.091286893017
plus,2dbdb7971559f790c3263bd39609751e74ebdc86,rss,8,56121344.0,144947.81102964512,56000164.59743479,56242523.40256521
dchester,2dbdb7971559f790c3263bd39609751e74ebdc86,runtime_ns,8,47737.125,5564.728113946167,43084.89587355996,52389.35412644004
dchester,2dbdb7971559f790c3263bd39609751e74ebdc86,rss,8,64980992.0,142681.29955754036,64861707.44844458,65100276.55155542
jsonpathly,2dbdb7971559f790c3263bd39609751e74ebdc86,runtime_ns,3,25097.333333333332,417.3884082402545,24060.483047976275,26134.18361869039
jsonpathly,2dbdb7971559f790c3263bd39609751e74ebdc86,rss,3,57884672.0,118146.704194404,57591179.31659167,58178164.68340833
rfc9535,2dbdb7971559f790c3263bd39609751e74ebdc86,runtime_ns,8,20427.125,1980.829511485385,18771.110086216657,22083.139913783343
rfc9535,2dbdb7971559f790c3263bd39609751e74ebdc86,rss,8,58316800.0,88420.4877616042,58242878.6223306,58390721.3776694
p3,2dbdb7971559f790c3263bd39609751e74ebdc86,runtime_ns,7,22532.785714285714,1030.2496807870918,21579.96367730375,23485.60775126768
p3,2dbdb7971559f790c3263bd39609751e74ebdc86,rss,7,57205906.28571428,277861.74656095565,56948927.030787155,57462885.54064141
plus,81ff0b198ab8f638c17f41ff46ae417275a4b82e,runtime_ns,6,29031.25,1154.0272418794973,27820.17268296079,30242.32731703921
plus,81ff0b198ab8f638c17f41ff46ae417275a4b82e,rss,6,56486570.666666664,94213.936044869,56387699.2044063,56585442.12892703
dchester,81ff0b198ab8f638c17f41ff46ae417275a4b82e,runtime_ns,0,nan,0,nan,nan
dchester,81ff0b198ab8f638c17f41ff46ae417275a4b82e,rss,0,nan,0,nan,nan
jsonpathly,81ff0b198ab8f638c17f41ff46ae417275a4b82e,runtime_ns,3,758534.8333333334,2174.939616020025,753131.9838123983,763937.6828542685
jsonpathly,81ff0b198ab8f638c17f41ff46ae417275a4b82e,rss,3,90177536.0,300770.25895523647,89430381.25715639,90924690.74284361
rfc9535,81ff0b198ab8f638c17f41ff46ae417275a4b82e,runtime_ns,4,207937.75,4444.2467021982475,200865.96175140995,215009.53824859005
rfc9535,81ff0b198ab8f638c17f41ff46ae417275a4b82e,rss,4,79630336.0,1921258.333966223,76573185.25678682,82687486.74321318
p3,81ff0b198ab8f638c17f41ff46ae417275a4b82e,runtime_ns,0,nan,0,nan,nan
p3,81ff0b198ab8f638c17f41ff46ae417275a4b82e,rss,0,nan,0,nan,nan
plus,38101d1881841edae75bf10d8c4b8a5305f0ef5e,runtime_ns,0,nan,0,nan,nan
plus,38101d1881841edae75bf10d8c4b8a5305f0ef5e,rss,0,nan,0,nan,nan
dchester,38101d1881841edae75bf10d8c4b8a5305f0ef5e,runtime_ns,0,nan,0,nan,nan
dchester,38101d1881841edae75bf10d8c4b8a5305f0ef5e,rss,0,nan,0,nan,nan
jsonpathly,38101d1881841edae75bf10d8c4b8a5305f0ef5e,runtime_ns,3,20302229.166666668,92193.84635420812,20073206.956146862,20531251.377186473
jsonpathly,38101d1881841edae75bf10d8c4b8a5305f0ef5e,rss,3,101504341.33333333,328225.67897916416,100688983.54621632,102319699.12045033
rfc9535,38101d1881841edae75bf10d8c4b8a5305f0ef5e,runtime_ns,5,1152516.5,37624.970192679226,1105798.9290782604,1199234.0709217396
rfc9535,38101d1881841edae75bf10d8c4b8a5305f0ef5e,rss,5,70257868.8,301082.4695846638,69884025.53702644,70631712.06297356
p3,38101d1881841edae75bf10d8c4b8a5305f0ef5e,runtime_ns,4,149130.375,4052.0022288369983,142682.73523891816,155578.01476108184
p3,38101d1881841edae75bf10d8c4b8a5305f0ef5e,rss,4,64204800.0,172032.0,63931058.69860472,64478541.30139528
plus,fd5fa5f2c6de0e172997a8ed2058b06def228d67,runtime_ns,0,nan,0,nan,nan
plus,fd5fa5f2c6de0e172997a8ed2058b06def228d67,rss,0,nan,0,nan,nan
dchester,fd5fa5f2c6de0e172997a8ed2058b06def228d67,runtime_ns,0,nan,0,nan,nan
dchester,fd5fa5f2c6de0e172997a8ed2058b06def228d67,rss,0,nan,0,nan,nan
jsonpathly,fd5fa5f2c6de0e172997a8ed2058b06def228d67,runtime_ns,4,1252687.375,25534.22748447986,1212056.7210418717,1293318.0289581283
jsonpathly,fd5fa5f2c6de0e172997a8ed2058b06def228d67,rss,4,68964352.0,94000.00226950351,68814777.02004038,69113926.97995962
rfc9535,fd5fa5f2c6de0e172997a8ed2058b06def228d67,runtime_ns,7,417306.5,20455.643174113757,398388.1853813099,436224.8146186901
rfc9535,fd5fa5f2c6de0e172997a8ed2058b06def228d67,rss,7,67656557.71428572,374313.40530528437,67310375.55285068,68002739.87572075
p3,fd5fa5f2c6de0e172997a8ed2058b06def228d67,runtime_ns,8,135174.5,7540.6850105657795,128870.32956774745,141478.67043225255
p3,fd5fa5f2c6de0e172997a8ed2058b06def228d67,rss,8,63942656.0,110342.49102550787,63850407.36895794,64034904.63104206
plus,d0491f685fd345cee8a80061c9c89b3b1c58ae39,runtime_ns,0,nan,0,nan,nan
plus,d0491f685fd345cee8a80061c9c89b3b1c58ae39,rss,0,nan,0,nan,nan
dchester,d0491f685fd345cee8a80061c9c89b3b1c58ae39,runtime_ns,0,nan,0,nan,nan
dchester,d0491f685fd345cee8a80061c9c89b3b1c58ae39,rss,0,nan,0,nan,nan
jsonpathly,d0491f685fd345cee8a80061c9c89b3b1c58ae39,runtime_ns,3,476458.5,4365.354052078708,465614.35937408917,487302.64062591083
jsonpathly,d0491f685fd345cee8a80061c9c89b3b1c58ae39,rss,3,68534272.0,303435.9263633758,67780495.37222084,69288048.62777916
rfc9535,d0491f685fd345cee8a80061c9c89b3b1c58ae39,runtime_ns,6,229524.08333333334,8441.663002138066,220665.10131889832,238383.06534776837
rfc9535,d0491f685fd345cee8a80061c9c89b3b1c58ae39,rss,6,67310933.33333333,173907.2397649582,67128428.87788804,67493437.78877862
p3,d0491f685fd345cee8a80061c9c89b3b1c58ae39,runtime_ns,4,134885.5,3420.7829269530293,129442.27100647037,140328.72899352963
p3,d0491f685fd345cee8a80061c9c89b3b1c58ae39,rss,4,64180224.0,231076.3642665919,63812529.9391507,64547918.0608493
plus,fd8cd33df46528bc6580ca94f1cd82127083f6a7,runtime_ns,0,nan,0,nan,nan
plus,fd8cd33df46528bc6580ca94f1cd82127083f6a7,rss,0,nan,0,nan,nan
dchester,fd8cd33df46528bc6580ca94f1cd82127083f6a7,runtime_ns,0,nan,0,nan,nan
dchester,fd8cd33df46528bc6580ca94f1cd82127083f6a7,rss,0,nan,0,nan,nan
jsonpathly,fd8cd33df46528bc6580ca94f1cd82127083f6a7,runtime_ns,3,6232166.666666667,8994.650803857443,6209822.71540078,6254510.617932554
jsonpathly,fd8cd33df46528bc6580ca94f1cd82127083f6a7,rss,3,103967402.66666667,323696.31805958704,103163296.43582012,104771508.89751323
rfc9535,fd8cd33df46528bc6580ca94f1cd82127083f6a7,runtime_ns,3,389486.1666666667,6885.520320450251,372381.585973613,406590.74735972035
rfc9535,fd8cd33df46528bc6580ca94f1cd82127083f6a7,rss,3,80483669.33333333,389213.40633299534,79516809.63274273,81450529.03392392
p3,fd8cd33df46528bc6580ca94f1cd82127083f6a7,runtime_ns,3,170249.83333333334,2636.667230299139,163699.98883321095,176799.67783345573
p3,fd8cd33df46528bc6580ca94f1cd82127083f6a7,rss,3,65743530.666666664,1497799.914633905,62022789.414068155,69464271.91926517
plus,0bd2efbe35b6c78c291a41fa3df2e3b6043aadde,runtime_ns,0,nan,0,nan,nan
plus,0bd2efbe35b6c78c291a41fa3df2e3b6043aadde,rss,0,nan,0,nan,nan
dchester,0bd2efbe35b6c78c291a41fa3df2e3b6043aadde,runtime_ns,0,nan,0,nan,nan
dchester,0bd2efbe35b6c78c291a41fa3df2e3b6043aadde,rss,0,nan,0,nan,nan
jsonpathly,0bd2efbe35b6c78c291a41fa3df2e3b6043aadde,runtime_ns,3,2644548.1666666665,6909.675269745557,2627383.581753143,2661712.75158019
jsonpathly,0bd2efbe35b6c78c291a41fa3df2e3b6043aadde,rss,3,88304298.66666667,643232.8631073923,86706419.65398446,89902177.67934889
rfc9535,0bd2efbe35b6c78c291a41fa3df2e3b6043aadde,runtime_ns,6,263600.6666666667,10779.883332702013,252287.87290340848,274913.4604299249
rfc9535,0bd2efbe35b6c78c291a41fa3df2e3b6043aadde,rss,6,78118912.0,421677.1822785767,77676388.93638594,78561435.06361406
p3,0bd2efbe35b6c78c291a41fa3df2e3b6043aadde,runtime_ns,4,163031.125,4151.387265621778,156425.34146736006,169636.90853263994
p3,0bd2efbe35b6c78c291a41fa3df2e3b6043aadde,rss,4,65888256.0,608123.8195323931,64920595.29868706,66855916.70131294
plus,8a993994c6a30d9bbbf05dc62dadd7ebc2b729d0,runtime_ns,0,nan,0,nan,nan
plus,8a993994c6a30d9bbbf05dc62dadd7ebc2b729d0,rss,0,nan,0,nan,nan
dchester,8a993994c6a30d9bbbf05dc62dadd7ebc2b729d0,runtime_ns,0,nan,0,nan,nan
dchester,8a993994c6a30d9bbbf05dc62dadd7ebc2b729d0,rss,0,nan,0,nan,nan
jsonpathly,8a993994c6a30d9bbbf05dc62dadd7ebc2b729d0,runtime_ns,7,70501517.92857143,3214345.0320385313,67528744.59206337,73474291.2650795
jsonpathly,8a993994c6a30d9bbbf05dc62dadd7ebc2b729d0,rss,7,119802148.57142857,1347857.5724626665,118555588.2261982,121048708.91665894
rfc9535,8a993994c6a30d9bbbf05dc62dadd7ebc2b729d0,runtime_ns,4,266994.875,7319.987606717651,255347.14124313943,278642.60875686054
rfc9535,8a993994c6a30d9bbbf05dc62dadd7ebc2b729d0,rss,4,78716928.0,712217.335758311,77583631.28562848,79850224.71437152
p3,8a993994c6a30d9bbbf05dc62dadd7ebc2b729d0,runtime_ns,4,158661.5,4921.053393329522,150831.0059051473,166491.9940948527
p3,8a993994c6a30d9bbbf05dc62dadd7ebc2b729d0,rss,4,66822144.0,328361.95703319024,66299646.851522,67344641.148478
plus,12143c5000ab2b09c40a9c8930fd5424881aa101,runtime_ns,0,nan,0,nan,nan
plus,12143c5000ab2b09c40a9c8930fd5424881aa101,rss,0,nan,0,nan,nan
dchester,12143c5000ab2b09c40a9c8930fd5424881aa101,runtime_ns,0,nan,0,nan,nan
dchester,12143c5000ab2b09c40a9c8930fd5424881aa101,rss,0,nan,0,nan,nan
jsonpathly,12143c5000ab2b09c40a9c8930fd5424881aa101,runtime_ns,6,721406.25,29099.920837950744,690867.7559545026,751944.7440454974
jsonpathly,12143c5000ab2b09c40a9c8930fd5424881aa101,rss,6,89978197.33333333,1108286.0694406778,88815122.43286204,91141272.23380461
rfc9535,12143c5000ab2b09c40a9c8930fd5424881aa101,runtime_ns,4,257999.875,7109.623599682804,246686.87732161582,269312.8726783842
rfc9535,12143c5000ab2b09c40a9c8930fd5424881aa101,rss,4,77803520.0,352509.9239832358,77242598.04742186,78364441.95257814
p3,12143c5000ab2b09c40a9c8930fd5424881aa101,runtime_ns,7,167306.5,8747.54746105063,159216.36792243703,175396.63207756297
p3,12143c5000ab2b09c40a9c8930fd5424881aa101,rss,7,66306048.0,483351.14068897505,65859022.75258912,66753073.24741088
plus,eabf5db38aaf95d271ae01eb171d42073c2d28c0,runtime_ns,0,nan,0,nan,nan
plus,eabf5db38aaf95d271ae01eb171d42073c2d28c0,rss,0,nan,0,nan,nan
dchester,eabf5db38aaf95d271ae01eb171d42073c2d28c0,runtime_ns,0,nan,0,nan,nan
dchester,eabf5db38aaf95d271ae01eb171d42073c2d28c0,rss,0,nan,0,nan,nan
jsonpathly,eabf5db38aaf95d271ae01eb171d42073c2d28c0,runtime_ns,3,1022166.5,13008.374043284579,989851.9074705227,1054481.0925294773
jsonpathly,eabf5db38aaf95d271ae01eb171d42073c2d28c0,rss,3,92766208.0,707932.9038489453,91007605.17615992,94524810.82384008
rfc9535,eabf5db38aaf95d271ae01eb171d42073c2d28c0,runtime_ns,7,217154.7142857143,10726.977827954554,207233.91444922858,227075.5141222
rfc9535,eabf5db38aaf95d271ae01eb171d42073c2d28c0,rss,7,79827529.14285715,298037.8678196383,79551890.08796638,80103168.19774792
p3,eabf5db38aaf95d271ae01eb171d42073c2d28c0,runtime_ns,0,nan,0,nan,nan
p3,eabf5db38aaf95d271ae01eb171d42073c2d28c0,rss,0,nan,0,nan,nan
plus,9242160bdb1bd42046cbf14c7da85cbff38dc695,runtime_ns,0,nan,0,nan,nan
plus,9242160bdb1bd42046cbf14c7da85cbff38dc695,rss,0,nan,0,nan,nan
dchester,9242160bdb1bd42046cbf14c7da85cbff38dc695,runtime_ns,0,nan,0,nan,nan
dchester,9242160bdb1bd42046cbf14c7da85cbff38dc695,rss,0,nan,0,nan,nan
jsonpathly,9242160bdb1bd42046cbf14c7da85cbff38dc695,runtime_ns,4,1136098.875,30899.379390679784,1086931.0671112859,1185266.6828887141
jsonpathly,9242160bdb1bd42046cbf14c7da85cbff38dc695,rss,4,90087424.0,3065764.1099567115,85209109.16769843,94965738.83230157
rfc9535,9242160bdb1bd42046cbf14c7da85cbff38dc695,runtime_ns,7,254886.85714285713,11323.016256406998,244414.813699983,265358.90058573126
rfc9535,9242160bdb1bd42046cbf14c7da85cbff38dc695,rss,7,78233600.0,551891.9858764636,77723185.04333135,78744014.95666865
p3,9242160bdb1bd42046cbf14c7da85cbff38dc695,runtime_ns,8,199698.1875,16485.435238280355,185916.01873862595,213480.35626137405
p3,9242160bdb1bd42046cbf14c7da85cbff38dc695,rss,8,65603584.0,195520.03740939553,65440125.15812792,65767042.84187208
plus,657bd88bc54935042a20b07be80f86ae9873573e,runtime_ns,3,2736.1666666666665,47.92007234273894,2617.126607810265,2855.206725523068
plus,657bd88bc54935042a20b07be80f86ae9873573e,rss,3,54143658.666666664,25026.973395385496,54081488.21824422,54205829.11508911
dchester,657bd88bc54935042a20b07be80f86ae9873573e,runtime_ns,5,4783.3,158.9660341079188,4585.917598510966,4980.682401489034
dchester,657bd88bc54935042a20b07be80f86ae9873573e,rss,5,59958886.4,186302.72263388959,59727561.01653816,60190211.78346184
jsonpathly,657bd88bc54935042a20b07be80f86ae9873573e,runtime_ns,8,8921.8125,595.0186634227775,8424.364448618411,9419.260551381589
jsonpathly,657bd88bc54935042a20b07be80f86ae9873573e,rss,8,56551424.0,87109.67295476269,56478598.4909335,56624249.5090665
rfc9535,657bd88bc54935042a20b07be80f86ae9873573e,runtime_ns,5,5775.1,227.69014032232488,5492.385350015807,6057.814649984194
rfc9535,657bd88bc54935042a20b07be80f86ae9873573e,rss,5,57737216.0,32768.0,57696529.154106855,57777902.845893145
p3,657bd88bc54935042a20b07be80f86ae9873573e,runtime_ns,8,1872.4375,134.74325784882257,1759.7893173898376,1985.0856826101624
p3,657bd88bc54935042a20b07be80f86ae9873573e,rss,8,54634496.0,192256.60871122964,54473765.45279583,54795226.54720417
plus,d4f1e10d2fd14f5f73d9ae64ae1c6b6bcb935aab,runtime_ns,4,2672.25,60.0284654698641,2576.73131592679,2767.76868407321
plus,d4f1e10d2fd14f5f73d9ae64ae1c6b6bcb935aab,rss,4,54325248.0,167285.37380177624,54059059.640108265,54591436.359891735
dchester,d4f1e10d2fd14f5f73d9ae64ae1c6b6bcb935aab,runtime_ns,3,4687.666666666667,20.750502001959696,4636.119562105848,4739.213771227486
dchester,d4f1e10d2fd14f5f73d9ae64ae1c6b6bcb935aab,rss,3,60151125.333333336,189894.25896886227,59679401.8433839,60622848.82328277
jsonpathly,d4f1e10d2fd14f5f73d9ae64ae1c6b6bcb935aab,runtime_ns,8,9445.125,2080.189684860494,7706.042902498311,11184.207097501689
jsonpathly,d4f1e10d2fd14f5f73d9ae64ae1c6b6bcb935aab,rss,8,56629248.0,121012.86222074553,56528078.715397164,56730417.284602836
rfc9535,d4f1e10d2fd14f5f73d9ae64ae1c6b6bcb935aab,runtime_ns,3,5868.0,48.06506007486103,5748.599771650493,5987.400228349507
rfc9535,d4f1e10d2fd14f5f73d9ae64ae1c6b6bcb935aab,rss,3,57671680.0,114688.0,57386779.21411478,57956580.78588522
p3,d4f1e10d2fd14f5f73d9ae64ae1c6b6bcb935aab,runtime_ns,3,1951.6666666666667,31.80539786472311,1872.6576783936846,2030.675654939649
p3,d4f1e10d2fd14f5f73d9ae64ae1c6b6bcb935aab,rss,3,54525952.0,75080.92018615648,54339440.65473265,54712463.34526735
plus,323182842fadb759bedcc16e39357218a0db7958,runtime_ns,4,2755.125,80.64260143786699,2626.8046255027966,2883.4453744972034
plus,323182842fadb759bedcc16e39357218a0db7958,rss,4,54272000.0,173649.78997203923,53995684.43374509,54548315.56625491
dchester,323182842fadb759bedcc16e39357218a0db7958,runtime_ns,6,4656.166666666667,209.43153216902815,4436.381752690467,4875.951580642867
dchester,323182842fadb759bedcc16e39357218a0db7958,rss,6,60036437.333333336,226233.7145755837,59799019.610311665,60273855.05635501
jsonpathly,323182842fadb759bedcc16e39357218a0db7958,runtime_ns,6,8569.583333333334,356.37977168558075,8195.585699588491,8943.580967078176
jsonpathly,323182842fadb759bedcc16e39357218a0db7958,rss,6,56483840.0,39796.5977239261,56442076.032001905,56525603.967998095
rfc9535,323182842fadb759bedcc16e39357218a0db7958,runtime_ns,5,5958.5,217.31889011312384,5688.662958016934,6228.337041983066
rfc9535,323182842fadb759bedcc16e39357218a0db7958,rss,5,57792921.6,117348.79161201448,57647213.830222644,57938629.36977736
p3,323182842fadb759bedcc16e39357218a0db7958,runtime_ns,8,2322.875,1302.1464628505835,1234.2533140307867,3411.496685969213
p3,323182842fadb759bedcc16e39357218a0db7958,rss,8,54577152.0,173930.20782239886,54431742.70735707,54722561.29264293
plus,ed4970e1719c90ee91cb2d619d009c063b014931,runtime_ns,4,2781.25,80.85944595407516,2652.584577488083,2909.915422511917
plus,ed4970e1719c90ee91cb2d619d009c063b014931,rss,4,54288384.0,100553.81068197599,54128380.44835647,54448387.55164353
dchester,ed4970e1719c90ee91cb2d619d009c063b014931,runtime_ns,7,4636.928571428572,207.24330077058153,4445.260485843502,4828.596657013642
dchester,ed4970e1719c90ee91cb2d619d009c063b014931,rss,7,59986505.14285714,110197.58946460455,59884589.3707659,60088420.91494838
jsonpathly,ed4970e1719c90ee91cb2d619d009c063b014931,runtime_ns,4,8489.75,224.7711799438116,8132.088894426779,8847.411105573221
jsonpathly,ed4970e1719c90ee91cb2d619d009c063b014931,rss,4,56475648.0,115852.37502960395,56291301.01856435,56659994.98143565
rfc9535,ed4970e1719c90ee91cb2d619d009c063b014931,runtime_ns,4,5901.25,115.9867090086906,5716.689263226638,6085.810736773362
rfc9535,ed4970e1719c90ee91cb2d619d009c063b014931,rss,4,57798656.0,148589.4217500021,57562217.07187373,58035094.92812627
p3,ed4970e1719c90ee91cb2d619d009c063b014931,runtime_ns,4,1948.0,39.864353333105335,1884.5669180112673,2011.4330819887327
p3,ed4970e1719c90ee91cb2d619d009c063b014931,rss,4,54484992.0,105758.26524043719,54316706.99976618,54653277.00023382
plus,ceddb0bf2398154ac236a14d53b9d64131402ad0,runtime_ns,3,2687.6666666666665,36.22959195648404,2597.667371006238,2777.665962327095
plus,ceddb0bf2398154ac236a14d53b9d64131402ad0,rss,3,54323882.666666664,111523.58253451748,54046842.72954317,54600922.60379016
dchester,ceddb0bf2398154ac236a14d53b9d64131402ad0,runtime_ns,4,4718.875,85.75680245127302,4582.4167904430005,4855.3332095569995
dchester,ceddb0bf2398154ac236a14d53b9d64131402ad0,rss,4,59928576.0,114590.43469097526,59746237.04724842,60110914.95275158
jsonpathly,ceddb0bf2398154ac236a14d53b9d64131402ad0,runtime_ns,5,8749.9,338.4555731554734,8329.651899821429,9170.14810017857
jsonpathly,ceddb0bf2398154ac236a14d53b9d64131402ad0,rss,5,56511692.8,83863.03683506817,56407563.08638186,56615822.513618134
rfc9535,ceddb0bf2398154ac236a14d53b9d64131402ad0,runtime_ns,4,5755.375,131.98887263705225,5545.351249968826,5965.398750031174
rfc9535,ceddb0bf2398154ac236a14d53b9d64131402ad0,rss,4,57712640.0,72658.31428451026,57597024.40807856,57828255.59192144
p3,ceddb0bf2398154ac236a14d53b9d64131402ad0,runtime_ns,5,1879.0,68.28799308809712,1794.2092574729222,1963.7907425270778
p3,ceddb0bf2398154ac236a14d53b9d64131402ad0,rss,5,54496460.8,142078.66233604538,54320046.840064384,54672874.75993561
plus,3669a1a0e7035bc0e6cf3ef1e0b06e0032333755,runtime_ns,4,2750.0,51.03103630798288,2668.7982335234306,2831.2017664765694
plus,3669a1a0e7035bc0e6cf3ef1e0b06e0032333755,rss,4,54276096.0,61848.24369373798,54177681.64268429,54374510.35731571
dchester,3669a1a0e7035bc0e6cf3ef1e0b06e0032333755,runtime_ns,5,4591.7,159.51120650286612,4393.640677575345,4789.759322424655
dchester,3669a1a0e7035bc0e6cf3ef1e0b06e0032333755,rss,5,59824537.6,148634.57884624292,59639983.394558445,60009091.80544156
jsonpathly,3669a1a0e7035bc0e6cf3ef1e0b06e0032333755,runtime_ns,3,8694.5,106.93572836054375,8428.856924446083,8960.143075553917
jsonpathly,3669a1a0e7035bc0e6cf3ef1e0b06e0032333755,rss,3,56475648.0,59073.352097202,56328901.65829583,56622394.34170417
rfc9535,3669a1a0e7035bc0e6cf3ef1e0b06e0032333755,runtime_ns,3,5882.0,43.23482392701513,5774.598743422016,5989.401256577984
rfc9535,3669a1a0e7035bc0e6cf3ef1e0b06e0032333755,rss,3,57802752.0,177220.05629160602,57362512.974887505,58242991.025112495
p3,3669a1a0e7035bc0e6cf3ef1e0b06e0032333755,runtime_ns,5,1879.2,63.1611035369079,1800.7751316514011,1957.624868348599
p3,3669a1a0e7035bc0e6cf3ef1e0b06e0032333755,rss,5,54444032.0,72349.78501695773,54354197.876666665,54533866.123333335
plus,4ae36528ac0f3bfff53b6690af3353ad7a8e52d7,runtime_ns,4,2718.75,83.92208688221872,2585.2112323349925,2852.2887676650075
plus,4ae36528ac0f3bfff53b6690af3353ad7a8e52d7,rss,4,54243328.0,88103.68098250304,54103135.38298767,54383520.61701233
dchester,4ae36528ac0f3bfff53b6690af3353ad7a8e52d7,runtime_ns,7,4639.785714285715,235.17703564599606,4422.283232766474,4857.288195804956
dchester,4ae36528ac0f3bfff53b6690af3353ad7a8e52d7,rss,7,59956077.71428572,169439.6976839787,59799372.130286396,60112783.29828504
jsonpathly,4ae36528ac0f3bfff53b6690af3353ad7a8e52d7,runtime_ns,6,8604.25,352.4655656940122,8234.360073524604,8974.139926475396
jsonpathly,4ae36528ac0f3bfff53b6690af3353ad7a8e52d7,rss,6,56489301.333333336,31797.90691644132,56455931.476541124,56522671.19012555
rfc9535,4ae36528ac0f3bfff53b6690af3353ad7a8e52d7,runtime_ns,4,5697.875,116.16035970444766,5513.037946219077,5882.712053780923
rfc9535,4ae36528ac0f3bfff53b6690af3353ad7a8e52d7,rss,4,57761792.0,134108.81981435823,57548394.94093792,57975189.05906208
p3,4ae36528ac0f3bfff53b6690af3353ad7a8e52d7,runtime_ns,8,1835.9375,118.58012285250123,1736.8020364058875,1935.0729635941125
p3,4ae36528ac0f3bfff53b6690af3353ad7a8e52d7,rss,8,54480896.0,94626.84531206927,54401785.97757129,54560006.02242871
plus,ab4d1525e302772ea82f4e96c320d98c12b9761c,runtime_ns,3,2771.0,21.0,2718.833108053243,2823.166891946757
plus,ab4d1525e302772ea82f4e96c320d98c12b9761c,rss,3,54220117.333333336,96001.47909971666,53981636.43871792,54458598.227948755
dchester,ab4d1525e302772ea82f4e96c320d98c12b9761c,runtime_ns,8,4687.5625,235.89168784180833,4490.352113725703,4884.772886274297
dchester,ab4d1525e302772ea82f4e96c320d98c12b9761c,rss,8,59920384.0,216784.17553212424,59739147.89377689,60101620.10622311
jsonpathly,ab4d1525e302772ea82f4e96c320d98c12b9761c,runtime_ns,3,8569.5,102.67911179982032,8314.430946169037,8824.569053830963
jsonpathly,ab4d1525e302772ea82f4e96c320d98c12b9761c,rss,3,56688640.0,237991.34693513543,56097436.72000817,57279843.27999183
rfc9535,ab4d1525e302772ea82f4e96c320d98c12b9761c,runtime_ns,5,5841.9,169.56466318192597,5631.3576623594545,6052.442337640545
rfc9535,ab4d1525e302772ea82f4e96c320d98c12b9761c,rss,5,57812582.4,130353.22920741166,57650727.48824355,57974437.31175645
p3,ab4d1525e302772ea82f4e96c320d98c12b9761c,runtime_ns,8,1869.75,113.01832973966151,1775.2643118099977,1964.2356881900023
p3,ab4d1525e302772ea82f4e96c320d98c12b9761c,rss,8,54460416.0,77345.17358291613,54395753.8166976,54525078.1833024
plus,f95de1c75bac58482a11a16ea410b1ef4c2043da,runtime_ns,4,2744.875,80.64260143786699,2616.5546255027966,2873.1953744972034
plus,f95de1c75bac58482a11a16ea410b1ef4c2043da,rss,4,54255616.0,134108.81981435823,54042218.94093792,54469013.05906208
dchester,f95de1c75bac58482a11a16ea410b1ef4c2043da,runtime_ns,3,4639.166666666667,86.66939098282238,4423.867964071804,4854.46536926153
dchester,f95de1c75bac58482a11a16ea410b1ef4c2043da,rss,3,59959978.666666664,82464.32492498397,59755125.92724648,60164831.40608685
jsonpathly,f95de1c75bac58482a11a16ea410b1ef4c2043da,runtime_ns,8,8585.9375,457.8404617253232,8203.173295229022,8968.701704770978
jsonpathly,f95de1c75bac58482a11a16ea410b1ef4c2043da,rss,8,56565760.0,107258.45740879497,56476089.685584515,56655430.314415485
rfc9535,f95de1c75bac58482a11a16ea410b1ef4c2043da,runtime_ns,3,5673.666666666667,31.533051443419385,5595.334224409506,5751.999108923828
rfc9535,f95de1c75bac58482a11a16ea410b1ef4c2043da,rss,3,57671680.0,59073.352097202,57524933.65829583,57818426.34170417
p3,f95de1c75bac58482a11a16ea410b1ef4c2043da,runtime_ns,3,1916.6666666666667,21.001984033260605,1864.4948461080658,1968.8384872252677
p3,f95de1c75bac58482a11a16ea410b1ef4c2043da,rss,3,54498645.333333336,9459.306810402828,54475147.112558596,54522143.554108076
plus,12f20b8a5ac6f5262ecb6fa4dd00ebbfdc235915,runtime_ns,8,2802.125,217.68797295998823,2620.133300218287,2984.116699781713
plus,12f20b8a5ac6f5262ecb6fa4dd00ebbfdc235915,rss,8,54214656.0,100617.35180091241,54130537.78881546,54298774.21118454
dchester,12f20b8a5ac6f5262ecb6fa4dd00ebbfdc235915,runtime_ns,3,4715.166666666667,73.22795458930513,4533.258343117033,4897.074990216301
dchester,12f20b8a5ac6f5262ecb6fa4dd00ebbfdc235915,rss,3,60200277.333333336,98758.06246243055,59954948.70603102,60445605.960635655
jsonpathly,12f20b8a5ac6f5262ecb6fa4dd00ebbfdc235915,runtime_ns,3,8874.833333333334,116.15973197857049,8586.276562538556,9163.390104128111
jsonpathly,12f20b8a5ac6f5262ecb6fa4dd00ebbfdc235915,rss,3,56530261.333333336,84076.15798389775,56321404.578626454,56739118.08804022
rfc9535,12f20b8a5ac6f5262ecb6fa4dd00ebbfdc235915,runtime_ns,8,5924.3125,356.91765131669877,5625.921876200302,6222.703123799698
rfc9535,12f20b8a5ac6f5262ecb6fa4dd00ebbfdc235915,rss,8,57798656.0,185105.02035948596,57643904.33028077,57953407.66971923
p3,12f20b8a5ac6f5262ecb6fa4dd00ebbfdc235915,runtime_ns,8,1862.0625,161.72958857744175,1726.853180302693,1997.271819697307
p3,12f20b8a5ac6f5262ecb6fa4dd00ebbfdc235915,rss,8,54534144.0,107615.39169786873,54444175.2810512,54624112.7189488
plus,5dfa2604e7f502c551f797c645e193ed9d29d053,runtime_ns,0,nan,0,nan,nan
plus,5dfa2604e7f502c551f797c645e193ed9d29d053,rss,0,nan,0,nan,nan
dchester,5dfa2604e7f502c551f797c645e193ed9d29d053,runtime_ns,0,nan,0,nan,nan
dchester,5dfa2604e7f502c551f797c645e193ed9d29d053,rss,0,nan,0,nan,nan
jsonpathly,5dfa2604e7f502c551f797c645e193ed9d29d053,runtime_ns,5,323216.6,11614.794118924365,308794.92829598277,337638.2717040172
jsonpathly,5dfa2604e7f502c551f797c645e193ed9d29d053,rss,5,74927308.8,1365849.8777549458,73231382.17984067,76623235.42015933
rfc9535,5dfa2604e7f502c551f797c645e193ed9d29d053,runtime_ns,5,213758.4,6391.3256684353055,205822.52101670826,221694.27898329173
rfc9535,5dfa2604e7f502c551f797c645e193ed9d29d053,rss,5,79947366.4,1784186.757492836,77732005.93714924,82162726.86285077
p3,5dfa2604e7f502c551f797c645e193ed9d29d053,runtime_ns,0,nan,0,nan,nan
p3,5dfa2604e7f502c551f797c645e193ed9d29d053,rss,0,nan,0,nan,nan
plus,5489defdc0e85eb97311d6ca04a82ee7862c7c96,runtime_ns,5,8429.1,276.0216024154631,8086.373913554206,8771.826086445793
plus,5489defdc0e85eb97311d6ca04a82ee7862c7c96,rss,5,54876569.6,189516.92276100305,54641253.2599573,55111885.940042704
dchester,5489defdc0e85eb97311d6ca04a82ee7862c7c96,runtime_ns,5,55491.5,2110.296365442541,52871.22097748974,58111.77902251026
dchester,5489defdc0e85eb97311d6ca04a82ee7862c7c96,rss,5,66214297.6,141225.8984067724,66038942.48633433,66389652.71366567
jsonpathly,5489defdc0e85eb97311d6ca04a82ee7862c7c96,runtime_ns,8,38825.4375,2594.6871878279608,36656.22472589127,40994.65027410873
jsonpathly,5489defdc0e85eb97311d6ca04a82ee7862c7c96,rss,8,58363904.0,322221.9725415562,58094519.689546466,58633288.310453534
rfc9535,5489defdc0e85eb97311d6ca04a82ee7862c7c96,runtime_ns,8,33114.625,3261.3875634897663,30388.03676337961,35841.213236620395
rfc9535,5489defdc0e85eb97311d6ca04a82ee7862c7c96,rss,8,60241920.0,715794.52091305,59643500.80492877,60840339.19507123
p3,5489defdc0e85eb97311d6ca04a82ee7862c7c96,runtime_ns,8,38171.875,4880.727585909414,34091.48462540445,42252.26537459555
p3,5489defdc0e85eb97311d6ca04a82ee7862c7c96,rss,8,60231680.0,592661.6186121723,59736202.4873933,60727157.5126067
plus,b3dbdc5e7b2681536cdc663dc7b134c481d17cb9,runtime_ns,8,33062.4375,3078.3247698046507,30488.893588872346,35635.98141112765
plus,b3dbdc5e7b2681536cdc663dc7b134c481d17cb9,rss,8,56487936.0,96631.87401976342,56407149.73162319,56568722.26837681
dchester,b3dbdc5e7b2681536cdc663dc7b134c481d17cb9,runtime_ns,0,nan,0,nan,nan
dchester,b3dbdc5e7b2681536cdc663dc7b134c481d17cb9,rss,0,nan,0,nan,nan
jsonpathly,b3dbdc5e7b2681536cdc663dc7b134c481d17cb9,runtime_ns,4,482114.875,10244.673643533013,465813.3131071505,498416.4368928495
jsonpathly,b3dbdc5e7b2681536cdc663dc7b134c481d17cb9,rss,4,80375808.0,487934.2987028752,79599395.64693592,81152220.35306408
rfc9535,b3dbdc5e7b2681536cdc663dc7b134c481d17cb9,runtime_ns,5,205233.2,8068.947767522107,195214.27805368116,215252.12194631886
rfc9535,b3dbdc5e7b2681536cdc663dc7b134c481d17cb9,rss,5,81939660.8,119502.1600608123,81791279.27014491,82088042.32985508
p3,b3dbdc5e7b2681536cdc663dc7b134c481d17cb9,runtime_ns,6,128753.41666666667,5295.317699785978,123196.32154793924,134310.5117853941
p3,b3dbdc5e7b2681536cdc663dc7b134c481d17cb9,rss,6,67641344.0,392908.67990615836,67229011.62808199,68053676.37191801
plus,f731c00f09ba9a440e6407671b1e8d40cfa8886f,runtime_ns,4,28848.625,845.8967997535711,27502.614427486467,30194.635572513533
plus,f731c00f09ba9a440e6407671b1e8d40cfa8886f,rss,4,56389632.0,33776.481285059876,56335886.08096444,56443377.91903556
dchester,f731c00f09ba9a440e6407671b1e8d40cfa8886f,runtime_ns,0,nan,0,nan,nan
dchester,f731c00f09ba9a440e6407671b1e8d40cfa8886f,rss,0,nan,0,nan,nan
jsonpathly,f731c00f09ba9a440e6407671b1e8d40cfa8886f,runtime_ns,4,431708.25,10509.585573021739,414985.15411153703,448431.34588846297
jsonpathly,f731c00f09ba9a440e6407671b1e8d40cfa8886f,rss,4,78462976.0,729900.6108194914,77301541.2489366,79624410.7510634
rfc9535,f731c00f09ba9a440e6407671b1e8d40cfa8886f,runtime_ns,4,252797.0,7884.897092966189,240250.36918947374,265343.63081052626
rfc9535,f731c00f09ba9a440e6407671b1e8d40cfa8886f,rss,4,69025792.0,621729.0862103847,68036482.28335117,70015101.71664883
p3,f731c00f09ba9a440e6407671b1e8d40cfa8886f,runtime_ns,0,nan,0,nan,nan
p3,f731c00f09ba9a440e6407671b1e8d40cfa8886f,rss,0,nan,0,nan,nan
plus,63c660bedb288218d02257429ed0bffbe8ba4dc7,runtime_ns,4,18452.875,551.9062986594736,17574.668919484175,19331.081080515825
plus,63c660bedb288218d02257429ed0bffbe8ba4dc7,rss,4,56020992.0,186026.353516556,55724982.55928292,56317001.44071708
dchester,63c660bedb288218d02257429ed0bffbe8ba4dc7,runtime_ns,0,nan,0,nan,nan
dchester,63c660bedb288218d02257429ed0bffbe8ba4dc7,rss,0,nan,0,nan,nan
jsonpathly,63c660bedb288218d02257429ed0bffbe8ba4dc7,runtime_ns,6,989743.1666666666,40951.677362065,946767.0169293941,1032719.3164039392
jsonpathly,63c660bedb288218d02257429ed0bffbe8ba4dc7,rss,6,70382933.33333333,232264.02822535104,70139187.18424784,70626679.48241882
rfc9535,63c660bedb288218d02257429ed0bffbe8ba4dc7,runtime_ns,3,206118.16666666666,3576.9164210718336,197232.61369330308,215003.71964003023
rfc9535,63c660bedb288218d02257429ed0bffbe8ba4dc7,rss,3,70216362.66666667,303140.8986549544,69463318.92834401,70969406.40498933
p3,63c660bedb288218d02257429ed0bffbe8ba4dc7,runtime_ns,3,143958.33333333334,2005.2015692526609,138977.13649549187,148939.53017117482
p3,63c660bedb288218d02257429ed0bffbe8ba4dc7,rss,3,64913408.0,150161.84037231296,64540385.309465304,65286430.690534696
plus,1aa7d838d18efad93d37dc7ea23faf2a9a75023e,runtime_ns,7,30523.928571428572,1363.4985768410684,29262.902709799404,31784.95443305774
plus,1aa7d838d18efad93d37dc7ea23faf2a9a75023e,rss,7,56496713.14285714,123954.56504626815,56382074.290389486,56611351.9953248
dchester,1aa7d838d18efad93d37dc7ea23faf2a9a75023e,runtime_ns,0,nan,0,nan,nan
dchester,1aa7d838d18efad93d37dc7ea23faf2a9a75023e,rss,0,nan,0,nan,nan
jsonpathly,1aa7d838d18efad93d37dc7ea23faf2a9a75023e,runtime_ns,3,258423.66666666666,3126.732493088165,250656.43256603123,266190.9007673021
jsonpathly,1aa7d838d18efad93d37dc7ea23faf2a9a75023e,rss,3,76371285.33333333,950460.3031822704,74010211.0506766,78732359.61599006
rfc9535,1aa7d838d18efad93d37dc7ea23faf2a9a75023e,runtime_ns,5,186637.5,6732.360572265868,178278.17025449098,194996.82974550902
rfc9535,1aa7d838d18efad93d37dc7ea23faf2a9a75023e,rss,5,70428262.4,2678135.074917021,67102918.4951488,73753606.3048512
p3,1aa7d838d18efad93d37dc7ea23faf2a9a75023e,runtime_ns,8,152455.5625,64590.012433058706,98456.96077763976,206454.16422236024
p3,1aa7d838d18efad93d37dc7ea23faf2a9a75023e,rss,8,65929216.0,756862.776931195,65296462.88368276,66561969.11631724
plus,b4c6b3def3884be356fa5c8708a58473083750aa,runtime_ns,3,30277.833333333332,452.6172039741014,29153.469867954274,31402.19679871239
plus,b4c6b3def3884be356fa5c8708a58473083750aa,rss,3,56431957.333333336,111523.58253451748,56154917.39620984,56708997.27045683
dchester,b4c6b3def3884be356fa5c8708a58473083750aa,runtime_ns,0,nan,0,nan,nan
dchester,b4c6b3def3884be356fa5c8708a58473083750aa,rss,0,nan,0,nan,nan
jsonpathly,b4c6b3def3884be356fa5c8708a58473083750aa,runtime_ns,8,301804.75,15203.152847353736,289094.59614487796,314514.90385512204
jsonpathly,b4c6b3def3884be356fa5c8708a58473083750aa,rss,8,76345344.0,2589556.969888313,74180420.19542132,78510267.80457868
rfc9535,b4c6b3def3884be356fa5c8708a58473083750aa,runtime_ns,5,191766.5,5378.646065693484,185088.0288211481,198444.9711788519
rfc9535,b4c6b3def3884be356fa5c8708a58473083750aa,rss,5,70362726.4,1526466.6025553262,68467367.77514665,72258085.02485336
p3,b4c6b3def3884be356fa5c8708a58473083750aa,runtime_ns,0,nan,0,nan,nan
p3,b4c6b3def3884be356fa5c8708a58473083750aa,rss,0,nan,0,nan,nan
plus,232a8f4e70ecbc1bcf82f9705972366765a98fb1,runtime_ns,6,9326.5,358.45683143162444,8950.322625731465,9702.677374268535
plus,232a8f4e70ecbc1bcf82f9705972366765a98fb1,rss,6,54793557.333333336,156693.63859284992,54629117.444449015,54957997.22221766
dchester,232a8f4e70ecbc1bcf82f9705972366765a98fb1,runtime_ns,0,nan,0,nan,nan
dchester,232a8f4e70ecbc1bcf82f9705972366765a98fb1,rss,0,nan,0,nan,nan
jsonpathly,232a8f4e70ecbc1bcf82f9705972366765a98fb1,runtime_ns,3,33819.5,477.8799535448207,32632.380385709814,35006.61961429018
jsonpathly,232a8f4e70ecbc1bcf82f9705972366765a98fb1,rss,3,58873173.333333336,279169.77043607953,58179677.17861239,59566669.48805428
rfc9535,232a8f4e70ecbc1bcf82f9705972366765a98fb1,runtime_ns,8,33166.625,1871.7490626607587,31601.803623574804,34731.44637642519
rfc9535,232a8f4e70ecbc1bcf82f9705972366765a98fb1,rss,8,60211200.0,376882.8785528545,59896118.028525785,60526281.971474215
p3,232a8f4e70ecbc1bcf82f9705972366765a98fb1,runtime_ns,8,34562.375,7511.349221344991,28282.72990128855,40842.02009871145
p3,232a8f4e70ecbc1bcf82f9705972366765a98fb1,rss,8,58675200.0,484981.42370551534,58269745.383180425,59080654.616819575
plus,8eb9f91c194ea3a21d51802d3251c9b1d81d4662,runtime_ns,8,11312.5625,871.456024523654,10584.00703121797,12041.11796878203
plus,8eb9f91c194ea3a21d51802d3251c9b1d81d4662,rss,8,55607296.0,133965.7703658449,55495297.81319191,55719294.18680809
dchester,8eb9f91c194ea3a21d51802d3251c9b1d81d4662,runtime_ns,3,65597.16666666667,847.617887572775,63491.56710699299,67702.76622634035
dchester,8eb9f91c194ea3a21d51802d3251c9b1d81d4662,rss,3,64651264.0,283779.2043120849,63946317.376757845,65356210.623242155
jsonpathly,8eb9f91c194ea3a21d51802d3251c9b1d81d4662,runtime_ns,8,46088.5,5917.134562317426,41141.65170980437,51035.34829019563
jsonpathly,8eb9f91c194ea3a21d51802d3251c9b1d81d4662,rss,8,59103232.0,799678.1593530523,58434684.32821051,59771779.67178949
rfc9535,8eb9f91c194ea3a21d51802d3251c9b1d81d4662,runtime_ns,8,43687.5,3466.3621729827532,40789.54870144059,46585.45129855941
rfc9535,8eb9f91c194ea3a21d51802d3251c9b1d81d4662,rss,8,61337600.0,249053.73776986936,61129385.86461431,61545814.13538569
p3,8eb9f91c194ea3a21d51802d3251c9b1d81d4662,runtime_ns,8,43218.5625,3368.329476138198,40402.56858700642,46034.55641299358
p3,8eb9f91c194ea3a21d51802d3251c9b1d81d4662,rss,8,59834368.0,739331.6470032724,59216271.27508231,60452464.72491769
plus,908f9f1bedcfb37789dbb9945f96aebd3571c1bb,runtime_ns,3,19312.833333333332,385.91525408220565,18354.166697128014,20271.49996953865
plus,908f9f1bedcfb37789dbb9945f96aebd3571c1bb,rss,3,57060010.666666664,297329.3519135528,56321403.61076792,57798617.722565405
dchester,908f9f1bedcfb37789dbb9945f96aebd3571c1bb,runtime_ns,3,108597.33333333333,1393.8659667749025,105134.77832014246,112059.8883465242
dchester,908f9f1bedcfb37789dbb9945f96aebd3571c1bb,rss,3,66639189.333333336,106600.9739042441,66374377.83394849,66904000.83271818
jsonpathly,908f9f1bedcfb37789dbb9945f96aebd3571c1bb,runtime_ns,8,60791.6875,7436.410789090874,54574.69249848712,67008.68250151289
jsonpathly,908f9f1bedcfb37789dbb9945f96aebd3571c1bb,rss,8,61845504.0,617567.211801737,61329204.89042122,62361803.10957878
rfc9535,908f9f1bedcfb37789dbb9945f96aebd3571c1bb,runtime_ns,3,58208.333333333336,1067.0165571973723,55557.71726453734,60858.94940212933
rfc9535,908f9f1bedcfb37789dbb9945f96aebd3571c1bb,rss,3,66420736.0,499913.4020367928,65178882.265391,67662589.73460901
p3,908f9f1bedcfb37789dbb9945f96aebd3571c1bb,runtime_ns,8,58244.8125,16712.860806955778,44272.511205099756,72217.11379490024
p3,908f9f1bedcfb37789dbb9945f96aebd3571c1bb,rss,8,61747200.0,720457.0091950565,61144882.867178164,62349517.132821836
plus,4e0f69ac0daec1a29855f38b46bd43e96ff69a5a,runtime_ns,3,23694.166666666668,448.7650647424923,22579.372445623765,24808.96088770957
plus,4e0f69ac0daec1a29855f38b46bd43e96ff69a5a,rss,3,56535722.666666664,124057.64578345558,56227546.390345015,56843898.942988314
dchester,4e0f69ac0daec1a29855f38b46bd43e96ff69a5a,runtime_ns,0,nan,0,nan,nan
dchester,4e0f69ac0daec1a29855f38b46bd43e96ff69a5a,rss,0,nan,0,nan,nan
jsonpathly,4e0f69ac0daec1a29855f38b46bd43e96ff69a5a,runtime_ns,4,130291.625,2495.419883673554,126320.8551055358,134262.3948944642
jsonpathly,4e0f69ac0daec1a29855f38b46bd43e96ff69a5a,rss,4,63426560.0,297442.18324463215,62953263.1114488,63899856.8885512
rfc9535,4e0f69ac0daec1a29855f38b46bd43e96ff69a5a,runtime_ns,3,117160.0,1440.7105885638516,113581.07649523052,120738.92350476948
rfc9535,4e0f69ac0daec1a29855f38b46bd43e96ff69a5a,rss,3,63897600.0,107437.07278216397,63630711.515861765,64164488.484138235
p3,4e0f69ac0daec1a29855f38b46bd43e96ff69a5a,runtime_ns,8,144411.4375,35252.162921927316,114939.89176456959,173882.9832354304
p3,4e0f69ac0daec1a29855f38b46bd43e96ff69a5a,rss,8,64038912.0,102855.39879156285,63952922.73470768,64124901.26529232
plus,ceb2489dc40cbbe70f14bbc0111e33574c5929d4,runtime_ns,8,28695.3125,10823.814692405618,19646.376965305848,37744.24803469415
plus,ceb2489dc40cbbe70f14bbc0111e33574c5929d4,rss,8,56528896.0,85694.96553307134,56457253.21593601,56600538.78406399
dchester,ceb2489dc40cbbe70f14bbc0111e33574c5929d4,runtime_ns,0,nan,0,nan,nan
dchester,ceb2489dc40cbbe70f14bbc0111e33574c5929d4,rss,0,nan,0,nan,nan
jsonpathly,ceb2489dc40cbbe70f14bbc0111e33574c5929d4,runtime_ns,3,126562.33333333333,1677.4391444500552,122395.34349543873,130729.32317122792
jsonpathly,ceb2489dc40cbbe70f14bbc0111e33574c5929d4,rss,3,63400618.666666664,111523.58253451748,63123578.72954317,63677658.60379016
rfc9535,ceb2489dc40cbbe70f14bbc0111e33574c5929d4,runtime_ns,3,115097.5,1629.3758774451032,111049.90593622233,119145.09406377767
rfc9535,ceb2489dc40cbbe70f14bbc0111e33574c5929d4,rss,3,63777450.666666664,66215.1476728198,63612963.12124349,63941938.21208984
p3,ceb2489dc40cbbe70f14bbc0111e33574c5929d4,runtime_ns,4,129416.75,3923.9801753661636,123172.82189444972,135660.6781055503
p3,ceb2489dc40cbbe70f14bbc0111e33574c5929d4,rss,4,64352256.0,104802.11865542922,64185492.44234956,64519019.55765044
plus,9138f02ee8ad6d2419ae222b24fd3b1ce6f46461,runtime_ns,4,23979.25,614.813318550165,23000.944812970407,24957.555187029593
plus,9138f02ee8ad6d2419ae222b24fd3b1ce6f46461,rss,4,56582144.0,115465.55466747071,56398412.53608049,56765875.46391951
dchester,9138f02ee8ad6d2419ae222b24fd3b1ce6f46461,runtime_ns,0,nan,0,nan,nan
dchester,9138f02ee8ad6d2419ae222b24fd3b1ce6f46461,rss,0,nan,0,nan,nan
jsonpathly,9138f02ee8ad6d2419ae222b24fd3b1ce6f46461,runtime_ns,7,133220.2142857143,6939.212562538723,126802.51305057519,139637.9155208534
jsonpathly,9138f02ee8ad6d2419ae222b24fd3b1ce6f46461,rss,7,63565238.85714286,230099.3221107127,63352432.477397904,63778045.23688781
rfc9535,9138f02ee8ad6d2419ae222b24fd3b1ce6f46461,runtime_ns,7,119357.07142857143,5497.334478549365,114272.88500900286,124441.25784814001
rfc9535,9138f02ee8ad6d2419ae222b24fd3b1ce6f46461,rss,7,63803977.14285714,140531.77568487084,63674006.9276114,63933947.35810288
p3,9138f02ee8ad6d2419ae222b24fd3b1ce6f46461,runtime_ns,4,133151.0,3710.5564946514423,127246.67659652502,139055.32340347496
p3,9138f02ee8ad6d2419ae222b24fd3b1ce6f46461,rss,4,64016384.0,95884.90166861517,63863809.724476114,64168958.275523886
plus,2b4566ceaf2b5f3544fa02a99fcb825e32607e67,runtime_ns,5,24678.9,906.2522689626769,23553.63918433857,25804.16081566143
plus,2b4566ceaf2b5f3544fa02a99fcb825e32607e67,rss,5,56570675.2,96512.74694671166,56450838.79674852,56690511.60325149
dchester,2b4566ceaf2b5f3544fa02a99fcb825e32607e67,runtime_ns,0,nan,0,nan,nan
dchester,2b4566ceaf2b5f3544fa02a99fcb825e32607e67,rss,0,nan,0,nan,nan
jsonpathly,2b4566ceaf2b5f3544fa02a99fcb825e32607e67,runtime_ns,6,129795.08333333333,5669.640336182417,123845.16069915165,135745.005967515
jsonpathly,2b4566ceaf2b5f3544fa02a99fcb825e32607e67,rss,6,63640917.333333336,449252.347259162,63169455.90881264,64112378.75785403
rfc9535,2b4566ceaf2b5f3544fa02a99fcb825e32607e67,runtime_ns,3,116277.83333333333,607.474759420779,114768.78237451971,117786.88429214695
rfc9535,2b4566ceaf2b5f3544fa02a99fcb825e32607e67,rss,3,63793834.666666664,77427.76322052274,63601493.44011409,63986175.89321924
p3,2b4566ceaf2b5f3544fa02a99fcb825e32607e67,runtime_ns,3,128902.83333333333,807.0486870897773,126898.01325451503,130907.65341215163
p3,2b4566ceaf2b5f3544fa02a99fcb825e32607e67,rss,3,64126976.0,114688.0,63842075.21411478,64411876.78588522
plus,1463beed3fedbddf6cc190e1dfb6bcab44e6cd02,runtime_ns,4,24067.875,579.1694304490411,23146.28719296709,24989.46280703291
plus,1463beed3fedbddf6cc190e1dfb6bcab44e6cd02,rss,4,56459264.0,91711.38217982178,56313330.725314684,56605197.274685316
dchester,1463beed3fedbddf6cc190e1dfb6bcab44e6cd02,runtime_ns,0,nan,0,nan,nan
dchester,1463beed3fedbddf6cc190e1dfb6bcab44e6cd02,rss,0,nan,0,nan,nan
jsonpathly,1463beed3fedbddf6cc190e1dfb6bcab44e6cd02,runtime_ns,8,152528.6875,63993.847938095634,99028.4917681617,206028.8832318383
jsonpathly,1463beed3fedbddf6cc190e1dfb6bcab44e6cd02,rss,8,63586304.0,304382.29291843786,63331834.03494656,63840773.96505344
rfc9535,1463beed3fedbddf6cc190e1dfb6bcab44e6cd02,runtime_ns,3,117402.66666666667,1715.885072880271,113140.17184809533,121665.16148523802
rfc9535,1463beed3fedbddf6cc190e1dfb6bcab44e6cd02,rss,3,63935829.333333336,109090.04789316637,63664834.631385274,64206824.0352814
p3,1463beed3fedbddf6cc190e1dfb6bcab44e6cd02,runtime_ns,3,129124.66666666667,1153.9169525287916,126258.17804866188,131991.15528467146
p3,1463beed3fedbddf6cc190e1dfb6bcab44e6cd02,rss,3,64143360.0,141889.60215604244,63790886.68837892,64495833.31162108
plus,0f20cb60ec3df06d49ab794cf3587fefe6b12c8d,runtime_ns,5,23941.6,814.7132470998615,22929.999892216412,24953.200107783585
plus,0f20cb60ec3df06d49ab794cf3587fefe6b12c8d,rss,5,56623104.0,131583.0038872802,56459722.12129766,56786485.87870234
dchester,0f20cb60ec3df06d49ab794cf3587fefe6b12c8d,runtime_ns,0,nan,0,nan,nan
dchester,0f20cb60ec3df06d49ab794cf3587fefe6b12c8d,rss,0,nan,0,nan,nan
jsonpathly,0f20cb60ec3df06d49ab794cf3587fefe6b12c8d,runtime_ns,6,128486.33333333333,5348.130221550955,122873.81487203295,134098.8517946337
jsonpathly,0f20cb60ec3df06d49ab794cf3587fefe6b12c8d,rss,6,63337813.333333336,190623.22233627955,63137766.53002183,63537860.13664484
rfc9535,0f20cb60ec3df06d49ab794cf3587fefe6b12c8d,runtime_ns,5,119529.4,4056.1559912064527,114493.01713462044,124565.78286537954
rfc9535,0f20cb60ec3df06d49ab794cf3587fefe6b12c8d,rss,5,64031948.8,173159.5808357135,63816942.78253224,64246954.81746776
p3,0f20cb60ec3df06d49ab794cf3587fefe6b12c8d,runtime_ns,4,133734.375,2774.114764959566,129320.13935791072,138148.61064208928
p3,0f20cb60ec3df06d49ab794cf3587fefe6b12c8d,rss,4,64176128.0,115852.37502960395,63991781.01856435,64360474.98143565
plus,9914c2bcc79b5d8ba6d1806839650a0201cdb5f1,runtime_ns,6,24451.416666666668,1016.012569640094,23385.176865504054,25517.65646782928
plus,9914c2bcc79b5d8ba6d1806839650a0201cdb5f1,rss,6,56634026.666666664,179377.9900820239,56445781.01086168,56822272.32247165
dchester,9914c2bcc79b5d8ba6d1806839650a0201cdb5f1,runtime_ns,0,nan,0,nan,nan
dchester,9914c2bcc79b5d8ba6d1806839650a0201cdb5f1,rss,0,nan,0,nan,nan
jsonpathly,9914c2bcc79b5d8ba6d1806839650a0201cdb5f1,runtime_ns,3,126708.16666666667,190.94065395649332,126233.84378746708,127182.48954586626
jsonpathly,9914c2bcc79b5d8ba6d1806839650a0201cdb5f1,rss,3,63542613.333333336,407080.0349284319,62531370.46686698,64553856.199799694
rfc9535,9914c2bcc79b5d8ba6d1806839650a0201cdb5f1,runtime_ns,8,122799.5625,6942.119599319072,116995.8052745136,128603.3197254864
rfc9535,9914c2bcc79b5d8ba6d1806839650a0201cdb5f1,rss,8,63991808.0,143301.4737677181,63872004.96982982,64111611.03017018
p3,9914c2bcc79b5d8ba6d1806839650a0201cdb5f1,runtime_ns,3,132534.83333333334,1188.0311794449392,129583.60027773895,135486.06638892775
p3,9914c2bcc79b5d8ba6d1806839650a0201cdb5f1,rss,3,64187050.666666664,154855.52644104548,63802368.21356151,64571733.119771816
plus,706e93c22da9671430982e9d97bb247de1a083e6,runtime_ns,8,24338.625,1989.654757381649,22675.231996008853,26002.018003991147
plus,706e93c22da9671430982e9d97bb247de1a083e6,rss,8,56604672.0,114332.1827358459,56509087.90321724,56700256.09678276
dchester,706e93c22da9671430982e9d97bb247de1a083e6,runtime_ns,0,nan,0,nan,nan
dchester,706e93c22da9671430982e9d97bb247de1a083e6,rss,0,nan,0,nan,nan
jsonpathly,706e93c22da9671430982e9d97bb247de1a083e6,runtime_ns,7,131607.14285714287,6784.428886024512,125332.59264713697,137881.69306714876
jsonpathly,706e93c22da9671430982e9d97bb247de1a083e6,rss,7,63321819.428571425,93846.89384818435,63235025.52780308,63408613.32933977
rfc9535,706e93c22da9671430982e9d97bb247de1a083e6,runtime_ns,4,119239.625,2744.456545323075,114872.58220366244,123606.66779633756
rfc9535,706e93c22da9671430982e9d97bb247de1a083e6,rss,4,63827968.0,108163.3577388079,63655855.960898526,64000080.039101474
p3,706e93c22da9671430982e9d97bb247de1a083e6,runtime_ns,4,132541.5,3128.422952010592,127563.48096750457,137519.51903249542
p3,706e93c22da9671430982e9d97bb247de1a083e6,rss,4,64344064.0,639798.1719094442,63326002.335839756,65362125.664160244
plus,e127a16a5e9b09990ed4d439acdc29d1b8a0ecef,runtime_ns,8,27601.6875,9998.73184079397,19242.538491331088,35960.836508668915
plus,e127a16a5e9b09990ed4d439acdc29d1b8a0ecef,rss,8,56614912.0,149393.7440801512,56490015.7043884,56739808.2956116
dchester,e127a16a5e9b09990ed4d439acdc29d1b8a0ecef,runtime_ns,0,nan,0,nan,nan
dchester,e127a16a5e9b09990ed4d439acdc29d1b8a0ecef,rss,0,nan,0,nan,nan
jsonpathly,e127a16a5e9b09990ed4d439acdc29d1b8a0ecef,runtime_ns,6,132277.75,5001.6583025032805,127028.8315187714,137526.66848122858
jsonpathly,e127a16a5e9b09990ed4d439acdc29d1b8a0ecef,rss,6,63676416.0,456258.3655430331,63197602.210198455,64155229.789801545
rfc9535,e127a16a5e9b09990ed4d439acdc29d1b8a0ecef,runtime_ns,6,119663.16666666667,5666.138946996152,113716.9185150862,125609.41481824714
rfc9535,e127a16a5e9b09990ed4d439acdc29d1b8a0ecef,rss,6,63859370.666666664,165037.11987146002,63686174.831167765,64032566.50216556
p3,e127a16a5e9b09990ed4d439acdc29d1b8a0ecef,runtime_ns,3,129875.0,1857.2072447629532,125261.44144474842,134488.55855525157
p3,e127a16a5e9b09990ed4d439acdc29d1b8a0ecef,rss,3,64023210.666666664,73879.5479502503,63839683.69547638,64206737.637856945
plus,bf91266ad57f8fab59be08e9d376a142d4f54b70,runtime_ns,5,24679.0,970.0963225370973,23474.466321515818,25883.533678484182
plus,bf91266ad57f8fab59be08e9d376a142d4f54b70,rss,5,56606720.0,53090.22780135719,56540799.77548262,56672640.22451738
dchester,bf91266ad57f8fab59be08e9d376a142d4f54b70,runtime_ns,0,nan,0,nan,nan
dchester,bf91266ad57f8fab59be08e9d376a142d4f54b70,rss,0,nan,0,nan,nan
jsonpathly,bf91266ad57f8fab59be08e9d376a142d4f54b70,runtime_ns,4,131286.5,3271.9289163020235,126080.13095458185,136492.86904541816
jsonpathly,bf91266ad57f8fab59be08e9d376a142d4f54b70,rss,4,63496192.0,147456.0,63261556.59880404,63730827.40119596
rfc9535,bf91266ad57f8fab59be08e9d376a142d4f54b70,runtime_ns,6,121059.08333333333,4649.596374059437,116179.63118726421,125938.53547940245
rfc9535,bf91266ad57f8fab59be08e9d376a142d4f54b70,rss,6,63867562.666666664,186350.74498876216,63671999.553354286,64063125.77997904
p3,bf91266ad57f8fab59be08e9d376a142d4f54b70,runtime_ns,3,129409.83333333333,2023.9257850359368,124382.12296494166,134437.543701725
p3,bf91266ad57f8fab59be08e9d376a142d4f54b70,rss,3,64230741.333333336,57538.71702891309,64087807.23647608,64373675.43019059
plus,6bbf5d6cc6623369ec212524c0c38a5968a1ee14,runtime_ns,3,34667.0,645.7501451800069,33062.8677119901,36271.1322880099
plus,6bbf5d6cc6623369ec212524c0c38a5968a1ee14,rss,3,56519338.666666664,137404.36821780205,56178007.293817595,56860670.03951573
dchester,6bbf5d6cc6623369ec212524c0c38a5968a1ee14,runtime_ns,0,nan,0,nan,nan
dchester,6bbf5d6cc6623369ec212524c0c38a5968a1ee14,rss,0,nan,0,nan,nan
jsonpathly,6bbf5d6cc6623369ec212524c0c38a5968a1ee14,runtime_ns,3,455826.5,3953.162120379077,446006.30089610344,465646.69910389656
jsonpathly,6bbf5d6cc6623369ec212524c0c38a5968a1ee14,rss,3,79784618.66666667,518711.67848558543,78496067.42461532,81073169.90871802
rfc9535,6bbf5d6cc6623369ec212524c0c38a5968a1ee14,runtime_ns,6,193114.66666666666,8387.186516744854,184312.85421753954,201916.47911579377
rfc9535,6bbf5d6cc6623369ec212524c0c38a5968a1ee14,rss,6,70666922.66666667,1977065.2748834235,68592119.90480326,72741725.42853008
p3,6bbf5d6cc6623369ec212524c0c38a5968a1ee14,runtime_ns,0,nan,0,nan,nan
p3,6bbf5d6cc6623369ec212524c0c38a5968a1ee14,rss,0,nan,0,nan,nan
plus,4e2b8cd0f939beea466c914e37c394ff039a89ec,runtime_ns,5,35929.1,1167.4218068033508,34479.554371774284,37378.64562822571
plus,4e2b8cd0f939beea466c914e37c394ff039a89ec,rss,5,56567398.4,154826.63278906507,56375155.7441027,56759641.055897295
dchester,4e2b8cd0f939beea466c914e37c394ff039a89ec,runtime_ns,0,nan,0,nan,nan
dchester,4e2b8cd0f939beea466c914e37c394ff039a89ec,rss,0,nan,0,nan,nan
jsonpathly,4e2b8cd0f939beea466c914e37c394ff039a89ec,runtime_ns,4,396364.75,10793.335617407623,379190.14447134704,413539.35552865296
jsonpathly,4e2b8cd0f939beea466c914e37c394ff039a89ec,rss,4,78151680.0,1649611.9834546952,75526779.21905144,80776580.78094856
rfc9535,4e2b8cd0f939beea466c914e37c394ff039a89ec,runtime_ns,7,181244.14285714287,8755.454684149217,173146.69781791617,189341.58789636957
rfc9535,4e2b8cd0f939beea466c914e37c394ff039a89ec,rss,7,72709851.42857143,3287615.097117,69669314.58389656,75750388.2732463
p3,4e2b8cd0f939beea466c914e37c394ff039a89ec,runtime_ns,3,136632.0,2498.306626497236,130425.86229360248,142838.13770639754
p3,4e2b8cd0f939beea466c914e37c394ff039a89ec,rss,3,67174400.0,670944.3044783971,65507681.95076112,68841118.04923888
plus,e2af2de3451e4ac161189658db6235edd7d69d6a,runtime_ns,8,10630.25,886.7774724891729,9888.885480169136,11371.614519830864
plus,e2af2de3451e4ac161189658db6235edd7d69d6a,rss,8,55625728.0,111616.67103336951,55532414.12781344,55719041.87218656
dchester,e2af2de3451e4ac161189658db6235edd7d69d6a,runtime_ns,0,nan,0,nan,nan
dchester,e2af2de3451e4ac161189658db6235edd7d69d6a,rss,0,nan,0,nan,nan
jsonpathly,e2af2de3451e4ac161189658db6235edd7d69d6a,runtime_ns,5,45529.3,1781.871193436832,43316.81468967311,47741.78531032689
jsonpathly,e2af2de3451e4ac161189658db6235edd7d69d6a,rss,5,59388723.2,154305.62189110284,59197127.46457738,59580318.93542263
rfc9535,e2af2de3451e4ac161189658db6235edd7d69d6a,runtime_ns,4,41505.5,1224.8433233139112,39556.500945584114,43454.499054415886
rfc9535,e2af2de3451e4ac161189658db6235edd7d69d6a,rss,4,61755392.0,83943.02067474103,61621819.921999656,61888964.078000344
p3,e2af2de3451e4ac161189658db6235edd7d69d6a,runtime_ns,8,42856.5625,2763.7651522812653,40545.997010221734,45167.127989778266
p3,e2af2de3451e4ac161189658db6235edd7d69d6a,rss,8,60377088.0,197471.62701078277,60211997.58839073,60542178.41160927
plus,01feee71ecc44e215ab8507cffac101ef0b1e0cd,runtime_ns,4,27223.875,609.4384539612402,26254.122421946617,28193.627578053383
plus,01feee71ecc44e215ab8507cffac101ef0b1e0cd,rss,4,56553472.0,191711.47031585424,56248416.2698064,56858527.7301936
dchester,01feee71ecc44e215ab8507cffac101ef0b1e0cd,runtime_ns,0,nan,0,nan,nan
dchester,01feee71ecc44e215ab8507cffac101ef0b1e0cd,rss,0,nan,0,nan,nan
jsonpathly,01feee71ecc44e215ab8507cffac101ef0b1e0cd,runtime_ns,4,313979.125,7920.507405621182,301375.8302355043,326582.4197644957
jsonpathly,01feee71ecc44e215ab8507cffac101ef0b1e0cd,rss,4,73089024.0,183422.76435964357,72797157.45062937,73380890.54937063
rfc9535,01feee71ecc44e215ab8507cffac101ef0b1e0cd,runtime_ns,3,209548.66666666666,4014.2421555423552,199576.73634398595,219520.59698934737
rfc9535,01feee71ecc44e215ab8507cffac101ef0b1e0cd,rss,3,71226709.33333333,1745440.7662906619,66890794.1021643,75562624.56450236
p3,01feee71ecc44e215ab8507cffac101ef0b1e0cd,runtime_ns,0,nan,0,nan,nan
p3,01feee71ecc44e215ab8507cffac101ef0b1e0cd,rss,0,nan,0,nan,nan
plus,13b18c2bbca1310138b4f5ef3bd92536396b1496,runtime_ns,5,36062.6,1310.402438184545,34435.520469347815,37689.67953065218
plus,13b18c2bbca1310138b4f5ef3bd92536396b1496,rss,5,56511692.8,127648.0794183759,56353196.775346346,56670188.82465365
dchester,13b18c2bbca1310138b4f5ef3bd92536396b1496,runtime_ns,0,nan,0,nan,nan
dchester,13b18c2bbca1310138b4f5ef3bd92536396b1496,rss,0,nan,0,nan,nan
jsonpathly,13b18c2bbca1310138b4f5ef3bd92536396b1496,runtime_ns,3,1410847.1666666667,25111.704563476636,1348466.2343542015,1473228.098979132
jsonpathly,13b18c2bbca1310138b4f5ef3bd92536396b1496,rss,3,92553216.0,2639960.1785117895,85995191.36303973,99111240.63696027
rfc9535,13b18c2bbca1310138b4f5ef3bd92536396b1496,runtime_ns,3,214347.16666666666,4284.242912503134,203704.51728141855,224989.81605191476
rfc9535,13b18c2bbca1310138b4f5ef3bd92536396b1496,rss,3,70877184.0,1660856.0280337366,66751388.90697353,75002979.09302647
p3,13b18c2bbca1310138b4f5ef3bd92536396b1496,runtime_ns,3,130777.5,1089.6695600043163,128070.61075264688,133484.3892473531
p3,13b18c2bbca1310138b4f5ef3bd92536396b1496,rss,3,67780608.0,127963.13069005462,67462729.9613392,68098486.0386608
plus,5f83ee8d000e974533a1b48793fb3730e01d7e0a,runtime_ns,0,nan,0,nan,nan
plus,5f83ee8d000e974533a1b48793fb3730e01d7e0a,rss,0,nan,0,nan,nan
dchester,5f83ee8d000e974533a1b48793fb3730e01d7e0a,runtime_ns,0,nan,0,nan,nan
dchester,5f83ee8d000e974533a1b48793fb3730e01d7e0a,rss,0,nan,0,nan,nan
jsonpathly,5f83ee8d000e974533a1b48793fb3730e01d7e0a,runtime_ns,3,347944.5,4825.138650857611,335958.1911129805,359930.8088870195
jsonpathly,5f83ee8d000e974533a1b48793fb3730e01d7e0a,rss,3,72652117.33333333,204854.6060534967,72143230.28101008,73161004.38565658
rfc9535,5f83ee8d000e974533a1b48793fb3730e01d7e0a,runtime_ns,6,206583.33333333334,9228.691606434071,196898.4154519325,216268.2512147342
rfc9535,5f83ee8d000e974533a1b48793fb3730e01d7e0a,rss,6,68875605.33333333,1051256.3077116192,67772379.4973553,69978831.16931136
p3,5f83ee8d000e974533a1b48793fb3730e01d7e0a,runtime_ns,5,135862.4,4812.56840730602,129886.80706975528,141837.9929302447
p3,5f83ee8d000e974533a1b48793fb3730e01d7e0a,rss,5,64628326.4,127753.18283628006,64469699.87221625,64786952.92778375
plus,18a99e04fd64e806a4b6f5f4be4c867f35888c0f,runtime_ns,7,9595.142857142857,498.88239381355487,9133.753596313662,10056.532117972052
plus,18a99e04fd64e806a4b6f5f4be4c867f35888c0f,rss,7,54844269.71428572,95934.88077113261,54755544.747689135,54932994.6808823
dchester,18a99e04fd64e806a4b6f5f4be4c867f35888c0f,runtime_ns,0,nan,0,nan,nan
dchester,18a99e04fd64e806a4b6f5f4be4c867f35888c0f,rss,0,nan,0,nan,nan
jsonpathly,18a99e04fd64e806a4b6f5f4be4c867f35888c0f,runtime_ns,8,56015.5,4830.153443288762,51977.39066672881,60053.60933327119
jsonpathly,18a99e04fd64e806a4b6f5f4be4c867f35888c0f,rss,8,60868608.0,851222.1790450985,60156968.44936307,61580247.55063693
rfc9535,18a99e04fd64e806a4b6f5f4be4c867f35888c0f,runtime_ns,3,53076.333333333336,576.8007310443819,51643.48088518083,54509.185781485845
rfc9535,18a99e04fd64e806a4b6f5f4be4c867f35888c0f,rss,3,66513578.666666664,435436.4596830786,65431894.53609688,67595262.79723646
p3,18a99e04fd64e806a4b6f5f4be4c867f35888c0f,runtime_ns,0,nan,0,nan,nan
p3,18a99e04fd64e806a4b6f5f4be4c867f35888c0f,rss,0,nan,0,nan,nan
plus,61171e43a979397e7670bc2e02d74b3fd67ec346,runtime_ns,8,13703.125,905.2907879318587,12946.28296113032,14459.96703886968
plus,61171e43a979397e7670bc2e02d74b3fd67ec346,rss,8,55928832.0,157864.99293836037,55796853.563110605,56060810.436889395
dchester,61171e43a979397e7670bc2e02d74b3fd67ec346,runtime_ns,0,nan,0,nan,nan
dchester,61171e43a979397e7670bc2e02d74b3fd67ec346,rss,0,nan,0,nan,nan
jsonpathly,61171e43a979397e7670bc2e02d74b3fd67ec346,runtime_ns,8,59122.5625,4029.8187608794165,55753.54970552889,62491.57529447111
jsonpathly,61171e43a979397e7670bc2e02d74b3fd67ec346,rss,8,60882944.0,270211.850280479,60657041.23989324,61108846.76010676
rfc9535,61171e43a979397e7670bc2e02d74b3fd67ec346,runtime_ns,8,56408.875,4672.3218971635815,52502.716141382625,60315.033858617375
rfc9535,61171e43a979397e7670bc2e02d74b3fd67ec346,rss,8,66627584.0,852550.1307918162,65914834.25391989,67340333.7460801
p3,61171e43a979397e7670bc2e02d74b3fd67ec346,runtime_ns,8,48101.4375,3444.9946447967914,45221.349902047565,50981.525097952435
p3,61171e43a979397e7670bc2e02d74b3fd67ec346,rss,8,61233152.0,955741.9711174291,60434131.71646621,62032172.28353379
plus,13ac1551145c858c58586cba6ae0e5b0db7eb957,runtime_ns,5,35037.5,1371.153118728904,33334.988536449506,36740.011463550494
plus,13ac1551145c858c58586cba6ae0e5b0db7eb957,rss,5,56449433.6,48602.79840503014,56389085.25500852,56509781.944991484
dchester,13ac1551145c858c58586cba6ae0e5b0db7eb957,runtime_ns,0,nan,0,nan,nan
dchester,13ac1551145c858c58586cba6ae0e5b0db7eb957,rss,0,nan,0,nan,nan
jsonpathly,13ac1551145c858c58586cba6ae0e5b0db7eb957,runtime_ns,3,364236.0,3218.4317998056135,356240.9721934064,372231.0278065936
jsonpathly,13ac1551145c858c58586cba6ae0e5b0db7eb957,rss,3,77064874.66666667,1276726.1128829995,73893311.1820776,80236438.15125574
rfc9535,13ac1551145c858c58586cba6ae0e5b0db7eb957,runtime_ns,6,188468.75,7239.413227258132,180871.4517473809,196066.0482526191
rfc9535,13ac1551145c858c58586cba6ae0e5b0db7eb957,rss,6,69495466.66666667,276820.11277988215,69204961.77447544,69785971.5588579
p3,13ac1551145c858c58586cba6ae0e5b0db7eb957,runtime_ns,3,133882.0,174.83492214085834,133447.68597657897,134316.31402342103
p3,13ac1551145c858c58586cba6ae0e5b0db7eb957,rss,3,67474773.33333333,459141.9295221613,66334201.55116151,68615345.11550514
plus,c3ec6aa49eef7ed027e4d31b166a321a052f04cd,runtime_ns,0,nan,0,nan,nan
plus,c3ec6aa49eef7ed027e4d31b166a321a052f04cd,rss,0,nan,0,nan,nan
dchester,c3ec6aa49eef7ed027e4d31b166a321a052f04cd,runtime_ns,0,nan,0,nan,nan
dchester,c3ec6aa49eef7ed027e4d31b166a321a052f04cd,rss,0,nan,0,nan,nan
jsonpathly,c3ec6aa49eef7ed027e4d31b166a321a052f04cd,runtime_ns,3,939791.8333333334,13768.33411612797,905589.3953274812,973994.2713391855
jsonpathly,c3ec6aa49eef7ed027e4d31b166a321a052f04cd,rss,3,87851008.0,381082.11936011905,86904347.53602378,88797668.46397622
rfc9535,c3ec6aa49eef7ed027e4d31b166a321a052f04cd,runtime_ns,3,187736.16666666666,2011.7764123613074,182738.63701311016,192733.69632022316
rfc9535,c3ec6aa49eef7ed027e4d31b166a321a052f04cd,rss,3,68998485.33333333,552297.1632204291,67626503.12208474,70370467.54458192
p3,c3ec6aa49eef7ed027e4d31b166a321a052f04cd,runtime_ns,0,nan,0,nan,nan
p3,c3ec6aa49eef7ed027e4d31b166a321a052f04cd,rss,0,nan,0,nan,nan
plus,90c38de0528783048e3df13f3c0b53f509e439ec,runtime_ns,0,nan,0,nan,nan
plus,90c38de0528783048e3df13f3c0b53f509e439ec,rss,0,nan,0,nan,nan
dchester,90c38de0528783048e3df13f3c0b53f509e439ec,runtime_ns,0,nan,0,nan,nan
dchester,90c38de0528783048e3df13f3c0b53f509e439ec,rss,0,nan,0,nan,nan
jsonpathly,90c38de0528783048e3df13f3c0b53f509e439ec,runtime_ns,4,261338.5,7124.929683863554,250001.1469260911,272675.8530739089
jsonpathly,90c38de0528783048e3df13f3c0b53f509e439ec,rss,4,72368128.0,1715710.7012827075,69638049.40888357,75098206.59111643
rfc9535,90c38de0528783048e3df13f3c0b53f509e439ec,runtime_ns,6,152371.58333333334,6224.076954992336,145839.8151513091,158903.3515153576
rfc9535,90c38de0528783048e3df13f3c0b53f509e439ec,rss,6,68624384.0,1535618.7516187734,67012850.95275868,70235917.04724132
p3,90c38de0528783048e3df13f3c0b53f509e439ec,runtime_ns,4,131312.375,3310.320588075018,126044.91623758804,136579.83376241196
p3,90c38de0528783048e3df13f3c0b53f509e439ec,rss,4,68153344.0,283582.06694594305,67702101.64940159,68604586.35059841
plus,506a233369b3164663e117469c912d4dcc6def6a,runtime_ns,0,nan,0,nan,nan
plus,506a233369b3164663e117469c912d4dcc6def6a,rss,0,nan,0,nan,nan
dchester,506a233369b3164663e117469c912d4dcc6def6a,runtime_ns,0,nan,0,nan,nan
dchester,506a233369b3164663e117469c912d4dcc6def6a,rss,0,nan,0,nan,nan
jsonpathly,506a233369b3164663e117469c912d4dcc6def6a,runtime_ns,8,265200.375,99684.91351637848,181861.70172945922,348539.0482705408
jsonpathly,506a233369b3164663e117469c912d4dcc6def6a,rss,8,72259584.0,1278100.1525845192,71191065.53250122,73328102.46749878
rfc9535,506a233369b3164663e117469c912d4dcc6def6a,runtime_ns,6,118580.0,4633.160659851977,113717.79607818734,123442.20392181266
rfc9535,506a233369b3164663e117469c912d4dcc6def6a,rss,6,68253013.33333333,550211.3770436473,67675601.90478748,68830424.76187918
p3,506a233369b3164663e117469c912d4dcc6def6a,runtime_ns,8,181203.0625,93477.060795087,103054.28398285482,259351.8410171452
p3,506a233369b3164663e117469c912d4dcc6def6a,rss,8,66682880.0,469656.52235163155,66290237.32133418,67075522.67866582
plus,f1f74b17ace6f02e3dbed179c9997c6ff93530de,runtime_ns,0,nan,0,nan,nan
plus,f1f74b17ace6f02e3dbed179c9997c6ff93530de,rss,0,nan,0,nan,nan
dchester,f1f74b17ace6f02e3dbed179c9997c6ff93530de,runtime_ns,0,nan,0,nan,nan
dchester,f1f74b17ace6f02e3dbed179c9997c6ff93530de,rss,0,nan,0,nan,nan
jsonpathly,f1f74b17ace6f02e3dbed179c9997c6ff93530de,runtime_ns,3,11234145.5,75618.6350858702,11046298.396872103,11421992.603127897
jsonpathly,f1f74b17ace6f02e3dbed179c9997c6ff93530de,rss,3,105332736.0,425984.0,104274533.08099775,106390938.91900225
rfc9535,f1f74b17ace6f02e3dbed179c9997c6ff93530de,runtime_ns,3,398437.6666666667,3841.0276077286053,388896.0251344339,407979.3081988995
rfc9535,f1f74b17ace6f02e3dbed179c9997c6ff93530de,rss,3,79041877.33333333,322033.48350960854,78241901.81250077,79841852.85416588
p3,f1f74b17ace6f02e3dbed179c9997c6ff93530de,runtime_ns,4,160739.75,5025.887276557908,152742.44180297296,168737.05819702704
p3,f1f74b17ace6f02e3dbed179c9997c6ff93530de,rss,4,67235840.0,330771.5494738526,66709508.65224198,67762171.34775801
plus,56274a167009a98ecd570a550daf156808d7c08b,runtime_ns,0,nan,0,nan,nan
plus,56274a167009a98ecd570a550daf156808d7c08b,rss,0,nan,0,nan,nan
dchester,56274a167009a98ecd570a550daf156808d7c08b,runtime_ns,0,nan,0,nan,nan
dchester,56274a167009a98ecd570a550daf156808d7c08b,rss,0,nan,0,nan,nan
jsonpathly,56274a167009a98ecd570a550daf156808d7c08b,runtime_ns,3,308138.8333333333,2133.7054818632614,302838.4150800684,313439.2515865982
jsonpathly,56274a167009a98ecd570a550daf156808d7c08b,rss,3,65186474.666666664,148664.6759567764,64817171.138717294,65555778.194616035
rfc9535,56274a167009a98ecd570a550daf156808d7c08b,runtime_ns,4,163145.625,3401.043550025002,157733.80576005697,168557.44423994303
rfc9535,56274a167009a98ecd570a550daf156808d7c08b,rss,4,63950848.0,207835.8457886095,63620134.79023226,64281561.20976774
p3,56274a167009a98ecd570a550daf156808d7c08b,runtime_ns,5,81329.3,2589.416840719161,78114.1143325365,84544.48566746351
p3,56274a167009a98ecd570a550daf156808d7c08b,rss,5,67010560.0,230543.3154268412,66724302.66520796,67296817.33479205
plus,e6d8d9418a901653378f27e471e3d5c41cf1b8aa,runtime_ns,0,nan,0,nan,nan
plus,e6d8d9418a901653378f27e471e3d5c41cf1b8aa,rss,0,nan,0,nan,nan
dchester,e6d8d9418a901653378f27e471e3d5c41cf1b8aa,runtime_ns,0,nan,0,nan,nan
dchester,e6d8d9418a901653378f27e471e3d5c41cf1b8aa,rss,0,nan,0,nan,nan
jsonpathly,e6d8d9418a901653378f27e471e3d5c41cf1b8aa,runtime_ns,4,237375.0,7008.1014666360725,226223.54669022534,248526.45330977466
jsonpathly,e6d8d9418a901653378f27e471e3d5c41cf1b8aa,rss,4,71819264.0,110718.34757919153,71643086.40190974,71995441.59809026
rfc9535,e6d8d9418a901653378f27e471e3d5c41cf1b8aa,runtime_ns,6,147559.08333333334,6105.785333736084,141151.4545945565,153966.71207211018
rfc9535,e6d8d9418a901653378f27e471e3d5c41cf1b8aa,rss,6,71349589.33333333,934745.1318041013,70368634.47779883,72330544.18886782
p3,e6d8d9418a901653378f27e471e3d5c41cf1b8aa,runtime_ns,3,121541.66666666667,2108.9969377249777,116302.62783969809,126780.70549363525
p3,e6d8d9418a901653378f27e471e3d5c41cf1b8aa,rss,3,67545770.66666667,1096178.169615384,64822713.136727646,70268828.1966057
plus,71986c469770ae02d97b8e8d1a1c53ef233ff5c2,runtime_ns,0,nan,0,nan,nan
plus,71986c469770ae02d97b8e8d1a1c53ef233ff5c2,rss,0,nan,0,nan,nan
dchester,71986c469770ae02d97b8e8d1a1c53ef233ff5c2,runtime_ns,0,nan,0,nan,nan
dchester,71986c469770ae02d97b8e8d1a1c53ef233ff5c2,rss,0,nan,0,nan,nan
jsonpathly,71986c469770ae02d97b8e8d1a1c53ef233ff5c2,runtime_ns,6,187635.41666666666,7915.315833349082,179328.80213011714,195942.03120321617
jsonpathly,71986c469770ae02d97b8e8d1a1c53ef233ff5c2,rss,6,65492309.333333336,747847.795161199,64707491.203873545,66277127.46279313
rfc9535,71986c469770ae02d97b8e8d1a1c53ef233ff5c2,runtime_ns,6,248937.5,11654.634867725372,236706.71079983457,261168.28920016543
rfc9535,71986c469770ae02d97b8e8d1a1c53ef233ff5c2,rss,6,69197824.0,99255.13203457039,69093662.12700035,69301985.87299965
p3,71986c469770ae02d97b8e8d1a1c53ef233ff5c2,runtime_ns,5,225479.4,8037.810502556029,215499.14007459205,235459.65992540793
p3,71986c469770ae02d97b8e8d1a1c53ef233ff5c2,rss,5,65427865.6,183032.08710168826,65200601.24692974,65655129.95307026
plus,306a419c51fbfc9e9e4df888cff2e348e8f7b897,runtime_ns,0,nan,0,nan,nan
plus,306a419c51fbfc9e9e4df888cff2e348e8f7b897,rss,0,nan,0,nan,nan
dchester,306a419c51fbfc9e9e4df888cff2e348e8f7b897,runtime_ns,0,nan,0,nan,nan
dchester,306a419c51fbfc9e9e4df888cff2e348e8f7b897,rss,0,nan,0,nan,nan
jsonpathly,306a419c51fbfc9e9e4df888cff2e348e8f7b897,runtime_ns,4,2049864.625,43246.144310552896,1981050.3589105573,2118678.8910894427
jsonpathly,306a419c51fbfc9e9e4df888cff2e348e8f7b897,rss,4,91488256.0,386560.5651209997,90873151.87888114,92103360.12111886
rfc9535,306a419c51fbfc9e9e4df888cff2e348e8f7b897,runtime_ns,3,203145.83333333334,3530.0279507864147,194376.75777725206,211914.90888941463
rfc9535,306a419c51fbfc9e9e4df888cff2e348e8f7b897,rss,3,73771690.66666667,3835827.6411691564,64242966.56746405,83300414.76586929
p3,306a419c51fbfc9e9e4df888cff2e348e8f7b897,runtime_ns,5,137933.3,5048.55759846315,131664.68778713024,144201.91221286973
p3,306a419c51fbfc9e9e4df888cff2e348e8f7b897,rss,5,68121395.2,479830.2727123415,67525607.22512479,68717183.17487521
plus,570e2d939131b188b29ba469a158805cc05f7888,runtime_ns,4,18505.125,552.0341739119659,17626.71544142176,19383.53455857824
plus,570e2d939131b188b29ba469a158805cc05f7888,rss,4,56827904.0,105758.26524043719,56659618.99976618,56996189.00023382
dchester,570e2d939131b188b29ba469a158805cc05f7888,runtime_ns,8,76872.3125,5492.096983962501,72280.80451778791,81463.82048221209
dchester,570e2d939131b188b29ba469a158805cc05f7888,rss,8,64888832.0,202374.85268961373,64719642.38913975,65058021.61086025
jsonpathly,570e2d939131b188b29ba469a158805cc05f7888,runtime_ns,8,31588.6875,1771.2096539915474,30107.919172670543,33069.45582732945
jsonpathly,570e2d939131b188b29ba469a158805cc05f7888,rss,8,57825280.0,98279.61602343737,57743116.184834674,57907443.815165326
rfc9535,570e2d939131b188b29ba469a158805cc05f7888,runtime_ns,8,25799.3125,2247.8091704956373,23920.09700563452,27678.52799436548
rfc9535,570e2d939131b188b29ba469a158805cc05f7888,rss,8,58576896.0,225115.0357052399,58388695.120377,58765096.879623
p3,570e2d939131b188b29ba469a158805cc05f7888,runtime_ns,7,34919.642857142855,1777.153968059739,33276.049565676265,36563.236148609445
p3,570e2d939131b188b29ba469a158805cc05f7888,rss,7,58799835.428571425,199191.65877353493,58615613.8698543,58984056.98728855
plus,4efe8cd54557ce305acc84bf27ad696cb8956653,runtime_ns,0,nan,0,nan,nan
plus,4efe8cd54557ce305acc84bf27ad696cb8956653,rss,0,nan,0,nan,nan
dchester,4efe8cd54557ce305acc84bf27ad696cb8956653,runtime_ns,0,nan,0,nan,nan
dchester,4efe8cd54557ce305acc84bf27ad696cb8956653,rss,0,nan,0,nan,nan
jsonpathly,4efe8cd54557ce305acc84bf27ad696cb8956653,runtime_ns,5,377220.9,13869.079621589892,360000.16314565035,394441.6368543497
jsonpathly,4efe8cd54557ce305acc84bf27ad696cb8956653,rss,5,68517888.0,536310.1631556128,67851970.97853889,69183805.02146111
rfc9535,4efe8cd54557ce305acc84bf27ad696cb8956653,runtime_ns,8,230119.875,14210.92748996349,218239.2423026277,242000.5076973723
rfc9535,4efe8cd54557ce305acc84bf27ad696cb8956653,rss,8,68941824.0,277692.05646954634,68709667.63102108,69173980.36897892
p3,4efe8cd54557ce305acc84bf27ad696cb8956653,runtime_ns,3,185680.5,2754.5967490723574,178837.7023349645,192523.2976650355
p3,4efe8cd54557ce305acc84bf27ad696cb8956653,rss,3,65819989.333333336,250805.45287001503,65196954.04954631,66443024.61712036
plus,5d373f1ce87cae55765ee70444fe0661f1f33544,runtime_ns,0,nan,0,nan,nan
plus,5d373f1ce87cae55765ee70444fe0661f1f33544,rss,0,nan,0,nan,nan
dchester,5d373f1ce87cae55765ee70444fe0661f1f33544,runtime_ns,0,nan,0,nan,nan
dchester,5d373f1ce87cae55765ee70444fe0661f1f33544,rss,0,nan,0,nan,nan
jsonpathly,5d373f1ce87cae55765ee70444fe0661f1f33544,runtime_ns,6,192878.58333333334,8163.442089074109,184311.57626083205,201445.59040583464
jsonpathly,5d373f1ce87cae55765ee70444fe0661f1f33544,rss,6,64648533.333333336,439801.8209888025,64186989.62789653,65110077.03877014
rfc9535,5d373f1ce87cae55765ee70444fe0661f1f33544,runtime_ns,3,155187.5,934.0343944416608,152867.2299366956,157507.7700633044
rfc9535,5d373f1ce87cae55765ee70444fe0661f1f33544,rss,3,64831488.0,0.0,64831488.0,64831488.0
p3,5d373f1ce87cae55765ee70444fe0661f1f33544,runtime_ns,5,158937.7,5838.5176479137235,151688.22283370822,166187.1771662918
p3,5d373f1ce87cae55765ee70444fe0661f1f33544,rss,5,65352499.2,210264.8796237736,65091420.86888452,65613577.53111549
plus,5e53bcd7ff11edb0abbf1336a77627448577639e,runtime_ns,0,nan,0,nan,nan
plus,5e53bcd7ff11edb0abbf1336a77627448577639e,rss,0,nan,0,nan,nan
dchester,5e53bcd7ff11edb0abbf1336a77627448577639e,runtime_ns,0,nan,0,nan,nan
dchester,5e53bcd7ff11edb0abbf1336a77627448577639e,rss,0,nan,0,nan,nan
jsonpathly,5e53bcd7ff11edb0abbf1336a77627448577639e,runtime_ns,3,1481729.0,21327.110423121085,1428749.5207152613,1534708.4792847387
jsonpathly,5e53bcd7ff11edb0abbf1336a77627448577639e,rss,3,68796416.0,102318.04720575936,68542243.88034353,69050588.11965647
rfc9535,5e53bcd7ff11edb0abbf1336a77627448577639e,runtime_ns,4,483921.875,11123.231959694389,466222.3307735285,501621.4192264715
rfc9535,5e53bcd7ff11edb0abbf1336a77627448577639e,rss,4,69267456.0,144312.56861872197,69037822.49959667,69497089.50040333
p3,5e53bcd7ff11edb0abbf1336a77627448577639e,runtime_ns,8,152054.6875,14613.54219047109,139837.4604896477,164271.9145103523
p3,5e53bcd7ff11edb0abbf1336a77627448577639e,rss,8,63963136.0,374842.3498683909,63649759.95319718,64276512.04680282
plus,661ec7fac71956b615fda3217f9701939aa7060b,runtime_ns,0,nan,0,nan,nan
plus,661ec7fac71956b615fda3217f9701939aa7060b,rss,0,nan,0,nan,nan
dchester,661ec7fac71956b615fda3217f9701939aa7060b,runtime_ns,0,nan,0,nan,nan
dchester,661ec7fac71956b615fda3217f9701939aa7060b,rss,0,nan,0,nan,nan
jsonpathly,661ec7fac71956b615fda3217f9701939aa7060b,runtime_ns,6,124520.83333333333,4857.958117014459,119422.71894821637,129618.94771845029
jsonpathly,661ec7fac71956b615fda3217f9701939aa7060b,rss,6,62884522.666666664,89987.79318700213,62790086.269340634,62978959.063992694
rfc9535,661ec7fac71956b615fda3217f9701939aa7060b,runtime_ns,3,113597.16666666667,1764.0540193920745,109215.01355153008,117979.31978180326
rfc9535,661ec7fac71956b615fda3217f9701939aa7060b,rss,3,63859370.666666664,93163.36767921892,63627940.031661056,64090801.30167227
p3,661ec7fac71956b615fda3217f9701939aa7060b,runtime_ns,4,122406.375,2337.58641105878,118686.75338142228,126125.99661857772
p3,661ec7fac71956b615fda3217f9701939aa7060b,rss,4,68464640.0,263293.4798129266,68045681.31898203,68883598.68101797
plus,c2bf1e633da4dd70f701764b7f4318b7992f6d94,runtime_ns,0,nan,0,nan,nan
plus,c2bf1e633da4dd70f701764b7f4318b7992f6d94,rss,0,nan,0,nan,nan
dchester,c2bf1e633da4dd70f701764b7f4318b7992f6d94,runtime_ns,0,nan,0,nan,nan
dchester,c2bf1e633da4dd70f701764b7f4318b7992f6d94,rss,0,nan,0,nan,nan
jsonpathly,c2bf1e633da4dd70f701764b7f4318b7992f6d94,runtime_ns,7,518139.71428571426,24063.484090451835,495884.70333494095,540394.7252364876
jsonpathly,c2bf1e633da4dd70f701764b7f4318b7992f6d94,rss,7,69175588.57142857,164501.82519641652,69023449.75780511,69327727.38505203
rfc9535,c2bf1e633da4dd70f701764b7f4318b7992f6d94,runtime_ns,4,298708.25,8364.301629544454,285398.7795913889,312017.7204086111
rfc9535,c2bf1e633da4dd70f701764b7f4318b7992f6d94,rss,4,68096000.0,88103.68098250304,67955807.38298766,68236192.61701234
p3,c2bf1e633da4dd70f701764b7f4318b7992f6d94,runtime_ns,6,175586.75,7893.213900243677,167303.3300197619,183870.1699802381
p3,c2bf1e633da4dd70f701764b7f4318b7992f6d94,rss,6,64162474.666666664,119689.203781572,64036868.55050751,64288080.78282582
plus,53daa0aeeab0458ba5d6dcb1b40217d0c31f71ba,runtime_ns,3,18514.166666666668,311.9680806321912,17739.194992705874,19289.13834062746
plus,53daa0aeeab0458ba5d6dcb1b40217d0c31f71ba,rss,3,56120661.333333336,146847.9314302157,55755870.84897501,56485451.81769166
dchester,53daa0aeeab0458ba5d6dcb1b40217d0c31f71ba,runtime_ns,0,nan,0,nan,nan
dchester,53daa0aeeab0458ba5d6dcb1b40217d0c31f71ba,rss,0,nan,0,nan,nan
jsonpathly,53daa0aeeab0458ba5d6dcb1b40217d0c31f71ba,runtime_ns,3,981812.3333333334,19332.850658486277,933786.8699369504,1029837.7967297164
jsonpathly,53daa0aeeab0458ba5d6dcb1b40217d0c31f71ba,rss,3,70178133.33333333,57538.71702891309,70035199.23647608,70321067.43019058
rfc9535,53daa0aeeab0458ba5d6dcb1b40217d0c31f71ba,runtime_ns,8,213135.4375,11569.131781344146,203463.4012857051,222807.4737142949
rfc9535,53daa0aeeab0458ba5d6dcb1b40217d0c31f71ba,rss,8,70643712.0,1210603.8658265907,69631621.84036316,71655802.15963684
p3,53daa0aeeab0458ba5d6dcb1b40217d0c31f71ba,runtime_ns,8,144476.5,8489.771530663069,137378.87338050938,151574.12661949062
p3,53daa0aeeab0458ba5d6dcb1b40217d0c31f71ba,rss,8,64831488.0,350960.8616095451,64538077.37702123,65124898.62297877
plus,2b8a4d7f4f73118f05324597c6c25162f7fff1d2,runtime_ns,3,2708.8333333333335,20.750502001959696,2657.2862287725147,2760.3804378941522
plus,2b8a4d7f4f73118f05324597c6c25162f7fff1d2,rss,3,54170965.333333336,41232.162462491986,54068538.96362324,54273391.70304343
dchester,2b8a4d7f4f73118f05324597c6c25162f7fff1d2,runtime_ns,5,4691.7,167.53342949990608,4483.679772094358,4899.720227905642
dchester,2b8a4d7f4f73118f05324597c6c25162f7fff1d2,rss,5,59890073.6,228379.09076971124,59606503.505048744,60173643.69495126
jsonpathly,2b8a4d7f4f73118f05324597c6c25162f7fff1d2,runtime_ns,7,8681.57142857143,457.8843948505114,8258.098992772753,9105.043864370105
jsonpathly,2b8a4d7f4f73118f05324597c6c25162f7fff1d2,rss,7,56578633.14285714,152442.9103144612,56437646.965391584,56719619.3203227
rfc9535,2b8a4d7f4f73118f05324597c6c25162f7fff1d2,runtime_ns,4,5744.5,118.33286384883392,5556.20600732532,5932.79399267468
rfc9535,2b8a4d7f4f73118f05324597c6c25162f7fff1d2,rss,4,57761792.0,181707.3501210119,57472655.05748224,58050928.94251776
p3,2b8a4d7f4f73118f05324597c6c25162f7fff1d2,runtime_ns,8,1828.25,147.38579113527678,1705.0323950599618,1951.4676049400382
p3,2b8a4d7f4f73118f05324597c6c25162f7fff1d2,rss,8,54568960.0,193845.73853895857,54406900.90701267,54731019.09298733
plus,be53e4cc7864fcce352f448c5c5acf2be009fd6e,runtime_ns,4,2770.75,65.8286918194997,2666.001861468687,2875.498138531313
plus,be53e4cc7864fcce352f448c5c5acf2be009fd6e,rss,4,54317056.0,54133.357504099695,54230917.74820924,54403194.25179076
dchester,be53e4cc7864fcce352f448c5c5acf2be009fd6e,runtime_ns,3,4812.666666666667,55.277331098139435,4675.350163880869,4949.983169452465
dchester,be53e4cc7864fcce352f448c5c5acf2be009fd6e,rss,3,60342272.0,269714.67994160054,59672263.5921444,61012280.4078556
jsonpathly,be53e4cc7864fcce352f448c5c5acf2be009fd6e,runtime_ns,8,10786.375,3870.711375648077,7550.379308368088,14022.370691631913
jsonpathly,be53e4cc7864fcce352f448c5c5acf2be009fd6e,rss,8,56645632.0,161229.95323273083,56510840.38590406,56780423.61409594
rfc9535,be53e4cc7864fcce352f448c5c5acf2be009fd6e,runtime_ns,8,7440.0625,2294.5585544547407,5521.76354257141,9358.36145742859
rfc9535,be53e4cc7864fcce352f448c5c5acf2be009fd6e,rss,8,57817088.0,145870.84485354062,57695136.921846636,57939039.078153364
p3,be53e4cc7864fcce352f448c5c5acf2be009fd6e,runtime_ns,7,1910.5,102.49064998005103,1815.711958123597,2005.288041876403
p3,be53e4cc7864fcce352f448c5c5acf2be009fd6e,rss,7,54249764.571428575,1081444.4744086275,53249595.24722971,55249933.89562744
plus,ce26a3cf7bd3f596b51d972b98bc083c3ec3fc32,runtime_ns,4,2682.5,69.10740433074689,2572.5346982099336,2792.4653017900664
plus,ce26a3cf7bd3f596b51d972b98bc083c3ec3fc32,rss,4,54370304.0,161363.68622462737,54113538.36648374,54627069.63351626
dchester,ce26a3cf7bd3f596b51d972b98bc083c3ec3fc32,runtime_ns,3,4617.833333333333,52.120853152393174,4488.357956448872,4747.308710217794
dchester,ce26a3cf7bd3f596b51d972b98bc083c3ec3fc32,rss,3,59632298.666666664,125134.86697692747,59321446.424554415,59943150.90877891
jsonpathly,ce26a3cf7bd3f596b51d972b98bc083c3ec3fc32,runtime_ns,6,8885.333333333334,364.9681721282921,8502.322726074211,9268.343940592456
jsonpathly,ce26a3cf7bd3f596b51d972b98bc083c3ec3fc32,rss,6,56530261.333333336,154276.62525044638,56368357.944392644,56692164.72227403
rfc9535,ce26a3cf7bd3f596b51d972b98bc083c3ec3fc32,runtime_ns,8,5973.875,419.15789302566435,5623.450231964316,6324.299768035684
rfc9535,ce26a3cf7bd3f596b51d972b98bc083c3ec3fc32,rss,8,57784320.0,123366.65536984804,57681182.89507932,57887457.10492068
p3,ce26a3cf7bd3f596b51d972b98bc083c3ec3fc32,runtime_ns,8,1836.0625,179.3341728051692,1686.1353795717205,1985.9896204282795
p3,ce26a3cf7bd3f596b51d972b98bc083c3ec3fc32,rss,8,54548480.0,68364.12091566327,54491326.16462568,54605633.83537432
plus,12e7bf1ad9ff7b342ed6812776cea424cb51eb21,runtime_ns,4,2854.25,85.16112180253772,2718.739651282849,2989.760348717151
plus,12e7bf1ad9ff7b342ed6812776cea424cb51eb21,rss,4,54317056.0,93043.23433759168,54169003.45132534,54465108.54867466
dchester,12e7bf1ad9ff7b342ed6812776cea424cb51eb21,runtime_ns,8,4625.0625,340.348816604797,4340.523768666476,4909.601231333524
dchester,12e7bf1ad9ff7b342ed6812776cea424cb51eb21,rss,8,60051456.0,129230.4923593057,59943416.604675114,60159495.395324886
jsonpathly,12e7bf1ad9ff7b342ed6812776cea424cb51eb21,runtime_ns,5,8779.1,333.0541247305008,8365.558683868872,9192.641316131128
jsonpathly,12e7bf1ad9ff7b342ed6812776cea424cb51eb21,rss,5,56659148.8,130764.43915376994,56496783.30365746,56821514.29634254
rfc9535,12e7bf1ad9ff7b342ed6812776cea424cb51eb21,runtime_ns,6,5809.0,262.7734765915312,5533.236148445474,6084.763851554526
rfc9535,12e7bf1ad9ff7b342ed6812776cea424cb51eb21,rss,6,57750869.333333336,30062.14732627506,57719321.04451734,57782417.62214933
p3,12e7bf1ad9ff7b342ed6812776cea424cb51eb21,runtime_ns,8,1817.8125,122.43217874748919,1715.4566370863906,1920.1683629136094
p3,12e7bf1ad9ff7b342ed6812776cea424cb51eb21,rss,8,54487040.0,107948.94573163477,54396792.42290048,54577287.57709952
plus,77b37a974efd756489a42d181ed942995c97187f,runtime_ns,5,2724.9,81.14215920222976,2624.148702182073,2825.651297817927
plus,77b37a974efd756489a42d181ed942995c97187f,rss,5,54407987.2,198442.64006306708,54161588.118125185,54654386.28187482
dchester,77b37a974efd756489a42d181ed942995c97187f,runtime_ns,7,4616.142857142857,221.83359271567247,4410.98100208565,4821.3047122000635
dchester,77b37a974efd756489a42d181ed942995c97187f,rss,7,60098852.571428575,171427.21811783288,59940308.8376063,60257396.305250846
jsonpathly,77b37a974efd756489a42d181ed942995c97187f,runtime_ns,8,8898.4375,529.0347299901154,8456.153397459539,9340.721602540461
jsonpathly,77b37a974efd756489a42d181ed942995c97187f,rss,8,56598528.0,115520.89402107557,56501950.115713015,56695105.884286985
rfc9535,77b37a974efd756489a42d181ed942995c97187f,runtime_ns,7,5809.428571428572,253.64713490914707,5574.844097134794,6044.0130457223495
rfc9535,77b37a974efd756489a42d181ed942995c97187f,rss,7,57830838.85714286,131655.84253326117,57709077.51093474,57952600.203350976
p3,77b37a974efd756489a42d181ed942995c97187f,runtime_ns,6,1902.75,85.36495182450466,1813.1649771573611,1992.3350228426389
p3,77b37a974efd756489a42d181ed942995c97187f,rss,6,54539605.333333336,123660.31353456397,54409831.79306945,54669378.87359722
plus,6d2df8287641c4a1bda82c6f685092c626b7af3d,runtime_ns,5,2779.4,110.98727404527061,2641.5910975592124,2917.208902440788
plus,6d2df8287641c4a1bda82c6f685092c626b7af3d,rss,5,54339174.4,181189.55893980205,54114197.84781403,54564150.952185966
dchester,6d2df8287641c4a1bda82c6f685092c626b7af3d,runtime_ns,8,4718.8125,255.31002687209246,4505.367976033087,4932.257023966913
dchester,6d2df8287641c4a1bda82c6f685092c626b7af3d,rss,8,59920384.0,184897.73583717644,59765805.624478154,60074962.375521846
jsonpathly,6d2df8287641c4a1bda82c6f685092c626b7af3d,runtime_ns,8,9309.75,796.8470009086706,8643.569235902462,9975.930764097538
jsonpathly,6d2df8287641c4a1bda82c6f685092c626b7af3d,rss,8,56571904.0,92033.13172361975,56494962.37639595,56648845.62360405
rfc9535,6d2df8287641c4a1bda82c6f685092c626b7af3d,runtime_ns,8,6101.375,450.44246104723044,5724.795678574139,6477.954321425861
rfc9535,6d2df8287641c4a1bda82c6f685092c626b7af3d,rss,8,57833472.0,100020.06911758117,57749853.12963485,57917090.87036515
p3,6d2df8287641c4a1bda82c6f685092c626b7af3d,runtime_ns,4,1911.25,42.72684558135943,1843.2620540715875,1979.2379459284125
p3,6d2df8287641c4a1bda82c6f685092c626b7af3d,rss,4,54468608.0,72658.31428451026,54352992.40807856,54584223.59192144
plus,58ea9a82d98cdf5cb9feb96803b0b88a3a46fa5f,runtime_ns,8,2877.5625,277.99787222978114,2645.1504626473597,3109.9745373526403
plus,58ea9a82d98cdf5cb9feb96803b0b88a3a46fa5f,rss,8,54335488.0,128691.52628336824,54227899.191590644,54443076.808409356
dchester,58ea9a82d98cdf5cb9feb96803b0b88a3a46fa5f,runtime_ns,3,4666.833333333333,75.30161574185067,4479.773749913269,4853.892916753397
dchester,58ea9a82d98cdf5cb9feb96803b0b88a3a46fa5f,rss,3,59970901.333333336,196835.4240205084,59481935.033515625,60459867.63315105
jsonpathly,58ea9a82d98cdf5cb9feb96803b0b88a3a46fa5f,runtime_ns,7,8648.714285714286,463.817210506364,8219.75491058074,9077.673660847833
jsonpathly,58ea9a82d98cdf5cb9feb96803b0b88a3a46fa5f,rss,7,56580973.71428572,113455.36235558942,56476045.004787266,56685902.42378417
rfc9535,58ea9a82d98cdf5cb9feb96803b0b88a3a46fa5f,runtime_ns,3,5784.666666666667,43.635803342362486,5676.269322001383,5893.0640113319505
rfc9535,58ea9a82d98cdf5cb9feb96803b0b88a3a46fa5f,rss,3,57775445.333333336,25026.973395385496,57713274.88491089,57837615.78175578
p3,58ea9a82d98cdf5cb9feb96803b0b88a3a46fa5f,runtime_ns,4,1921.875,35.45037611460091,1865.4655407565854,1978.2844592434146
p3,58ea9a82d98cdf5cb9feb96803b0b88a3a46fa5f,rss,4,54517760.0,156293.39876015237,54269062.32528776,54766457.67471224
plus,7060ab07d19dfcb461791b074b53e0732703aeb9,runtime_ns,8,2783.875,157.45878145452178,2652.2361644096995,2915.5138355903005
plus,7060ab07d19dfcb461791b074b53e0732703aeb9,rss,8,54255616.0,47967.440385566304,54215514.21628064,54295717.78371936
dchester,7060ab07d19dfcb461791b074b53e0732703aeb9,runtime_ns,4,4624.75,104.83677789783508,4457.931291760593,4791.568708239407
dchester,7060ab07d19dfcb461791b074b53e0732703aeb9,rss,4,59908096.0,222846.4928151215,59553497.50114754,60262694.49885246
jsonpathly,7060ab07d19dfcb461791b074b53e0732703aeb9,runtime_ns,8,9083.3125,498.49093253682014,8666.563651156514,9500.061348843486
jsonpathly,7060ab07d19dfcb461791b074b53e0732703aeb9,rss,8,56623104.0,184534.42765433848,56468829.35772001,56777378.64227999
rfc9535,7060ab07d19dfcb461791b074b53e0732703aeb9,runtime_ns,5,5862.5,211.2383132862029,5600.212991351234,6124.787008648766
rfc9535,7060ab07d19dfcb461791b074b53e0732703aeb9,rss,5,57832243.2,94403.69240236316,57715025.53384649,57949460.866153516
p3,7060ab07d19dfcb461791b074b53e0732703aeb9,runtime_ns,8,1914.0,261.05979063370575,1695.74855323395,2132.2514467660503
p3,7060ab07d19dfcb461791b074b53e0732703aeb9,rss,8,54542336.0,131072.0,54432757.06576015,54651914.93423985
plus,2b2624f8756c24275901bd003a027cda9e9feb8b,runtime_ns,3,2770.6666666666665,36.08439182435161,2681.0280681302193,2860.305265203114
plus,2b2624f8756c24275901bd003a027cda9e9feb8b,rss,3,54345728.0,98304.0,54101527.3263841,54589928.6736159
dchester,2b2624f8756c24275901bd003a027cda9e9feb8b,runtime_ns,8,4637.875,277.1948450870924,4406.134310139284,4869.615689860716
dchester,2b2624f8756c24275901bd003a027cda9e9feb8b,rss,8,60018688.0,233969.35496525426,59823084.72422884,60214291.27577116
jsonpathly,2b2624f8756c24275901bd003a027cda9e9feb8b,runtime_ns,3,8854.5,170.57916050913136,8430.757874540554,9278.242125459446
jsonpathly,2b2624f8756c24275901bd003a027cda9e9feb8b,rss,3,56726869.333333336,66215.1476728198,56562381.78791016,56891356.87875651
rfc9535,2b2624f8756c24275901bd003a027cda9e9feb8b,runtime_ns,4,6083.125,182.5615763699105,5792.628792897404,6373.621207102596
rfc9535,2b2624f8756c24275901bd003a027cda9e9feb8b,rss,4,57782272.0,135354.05377010323,57566893.495837085,57997650.504162915
p3,2b2624f8756c24275901bd003a027cda9e9feb8b,runtime_ns,4,1947.875,39.733224971888035,1884.6505724956044,2011.0994275043956
p3,2b2624f8756c24275901bd003a027cda9e9feb8b,rss,4,54628352.0,108163.3577388079,54456239.960898526,54800464.039101474
plus,17c1cdb62a516594c794135aa40afc1eab32a716,runtime_ns,6,2760.5,107.85360448311405,2647.314583564175,2873.685416435825
plus,17c1cdb62a516594c794135aa40afc1eab32a716,rss,6,54367573.333333336,108018.49141451044,54254214.87867515,54480931.787991524
dchester,17c1cdb62a516594c794135aa40afc1eab32a716,runtime_ns,8,5968.8125,3351.8113859470504,3166.6280559915876,8770.996944008413
dchester,17c1cdb62a516594c794135aa40afc1eab32a716,rss,8,60057600.0,155416.85091943629,59927668.26105755,60187531.73894245
jsonpathly,17c1cdb62a516594c794135aa40afc1eab32a716,runtime_ns,8,9520.75,1252.5624592353527,8473.581578431284,10567.918421568716
jsonpathly,17c1cdb62a516594c794135aa40afc1eab32a716,rss,8,56655872.0,127512.81915612586,56549268.61540949,56762475.38459051
rfc9535,17c1cdb62a516594c794135aa40afc1eab32a716,runtime_ns,3,6437.5,104.25089927669688,6178.526409622872,6696.473590377128
rfc9535,17c1cdb62a516594c794135aa40afc1eab32a716,rss,3,57808213.333333336,154855.52644104548,57423530.880228184,58192895.78643849
p3,17c1cdb62a516594c794135aa40afc1eab32a716,runtime_ns,3,1902.5,23.817010727629107,1843.3352654703344,1961.6647345296656
p3,17c1cdb62a516594c794135aa40afc1eab32a716,rss,3,52527104.0,1618288.079649603,48507053.5528664,56547154.4471336
plus,e020ad2a9141a0e791bfbf54e3431d3c21b822e7,runtime_ns,5,9800.0,310.2307608861507,9414.797633072307,10185.202366927693
plus,e020ad2a9141a0e791bfbf54e3431d3c21b822e7,rss,5,55512268.8,26921.659146493927,55478841.14506588,55545696.45493411
dchester,e020ad2a9141a0e791bfbf54e3431d3c21b822e7,runtime_ns,0,nan,0,nan,nan
dchester,e020ad2a9141a0e791bfbf54e3431d3c21b822e7,rss,0,nan,0,nan,nan
jsonpathly,e020ad2a9141a0e791bfbf54e3431d3c21b822e7,runtime_ns,8,30442.75,2323.93308853762,28499.893317514998,32385.606682485002
jsonpathly,e020ad2a9141a0e791bfbf54e3431d3c21b822e7,rss,8,57810944.0,163371.21506207006,57674362.246216044,57947525.753783956
rfc9535,e020ad2a9141a0e791bfbf54e3431d3c21b822e7,runtime_ns,6,25125.0,1025.319072289207,24048.99362327462,26201.00637672538
rfc9535,e020ad2a9141a0e791bfbf54e3431d3c21b822e7,rss,6,58739370.666666664,181386.98701138035,58549016.69788357,58929724.63544976
p3,e020ad2a9141a0e791bfbf54e3431d3c21b822e7,runtime_ns,3,29062.333333333332,136.67693050889508,28722.809015929906,29401.857650736758
p3,e020ad2a9141a0e791bfbf54e3431d3c21b822e7,rss,3,58097664.0,394238.67012762715,57118320.85210566,59077007.14789434
plus,2dabf2fa457c2445b63515e08bfb81fab6319bac,runtime_ns,8,16330.6875,966.6715699280406,15522.52984319552,17138.84515680448
plus,2dabf2fa457c2445b63515e08bfb81fab6319bac,rss,8,56659968.0,155863.42986088814,56529662.91171933,56790273.08828067
dchester,2dabf2fa457c2445b63515e08bfb81fab6319bac,runtime_ns,7,50318.357142857145,2674.979356840686,47844.4138578445,52792.30042786979
dchester,2dabf2fa457c2445b63515e08bfb81fab6319bac,rss,7,65060864.0,225837.8547542462,64851998.82022127,65269729.17977873
jsonpathly,2dabf2fa457c2445b63515e08bfb81fab6319bac,runtime_ns,8,36822.875,2050.9538678032577,35108.2346572191,38537.5153427809
jsonpathly,2dabf2fa457c2445b63515e08bfb81fab6319bac,rss,8,59123712.0,288461.77887150715,58882551.9177729,59364872.0822271
rfc9535,2dabf2fa457c2445b63515e08bfb81fab6319bac,runtime_ns,4,28109.375,605.9120363826199,27145.233739243602,29073.516260756398
rfc9535,2dabf2fa457c2445b63515e08bfb81fab6319bac,rss,4,59768832.0,343933.94367329706,59221556.34584763,60316107.65415237
p3,2dabf2fa457c2445b63515e08bfb81fab6319bac,runtime_ns,8,38226.5625,4249.179403447043,34674.15961896021,41778.96538103979
p3,2dabf2fa457c2445b63515e08bfb81fab6319bac,rss,8,59529216.0,281736.4116353136,59293678.465487994,59764753.534512006
plus,056875a74abedf6fb25d0d71e2d09cfee015fd70,runtime_ns,6,11038.25,458.1446005356824,10557.456727971947,11519.043272028053
plus,056875a74abedf6fb25d0d71e2d09cfee015fd70,rss,6,55708330.666666664,53258.50152855097,55652439.29703515,55764222.03629818
dchester,056875a74abedf6fb25d0d71e2d09cfee015fd70,runtime_ns,0,nan,0,nan,nan
dchester,056875a74abedf6fb25d0d71e2d09cfee015fd70,rss,0,nan,0,nan,nan
jsonpathly,056875a74abedf6fb25d0d71e2d09cfee015fd70,runtime_ns,5,86925.1,3499.64131019166,82579.72137850837,91270.47862149164
jsonpathly,056875a74abedf6fb25d0d71e2d09cfee015fd70,rss,5,59513241.6,311209.75647431106,59126823.649496086,59899659.55050392
rfc9535,056875a74abedf6fb25d0d71e2d09cfee015fd70,runtime_ns,8,53328.25,4604.185719848532,49479.05441113788,57177.44558886212
rfc9535,056875a74abedf6fb25d0d71e2d09cfee015fd70,rss,8,61120512.0,1542484.518656462,59830962.67111326,62410061.32888674
p3,056875a74abedf6fb25d0d71e2d09cfee015fd70,runtime_ns,0,nan,0,nan,nan
p3,056875a74abedf6fb25d0d71e2d09cfee015fd70,rss,0,nan,0,nan,nan
plus,e818d64c3e33522fd2d4398a3f1ecfd6a43c8dcf,runtime_ns,4,7974.0,203.0619774026311,7650.883080135696,8297.116919864304
plus,e818d64c3e33522fd2d4398a3f1ecfd6a43c8dcf,rss,4,54853632.0,100997.7590246437,54692922.027475044,55014341.972524956
dchester,e818d64c3e33522fd2d4398a3f1ecfd6a43c8dcf,runtime_ns,5,58033.4,1650.5706361740476,55983.9458645704,60082.8541354296
dchester,e818d64c3e33522fd2d4398a3f1ecfd6a43c8dcf,rss,5,65847296.0,388580.6788814904,65364809.36063527,66329782.63936473
jsonpathly,e818d64c3e33522fd2d4398a3f1ecfd6a43c8dcf,runtime_ns,8,38263.0625,3777.7592984419066,35104.77668962139,41421.34831037861
jsonpathly,e818d64c3e33522fd2d4398a3f1ecfd6a43c8dcf,rss,8,58294272.0,660140.7341278503,57742380.53504912,58846163.46495088
rfc9535,e818d64c3e33522fd2d4398a3f1ecfd6a43c8dcf,runtime_ns,4,35921.875,739.4284250915252,34745.27937027286,37098.47062972714
rfc9535,e818d64c3e33522fd2d4398a3f1ecfd6a43c8dcf,rss,4,60448768.0,139344.2905803224,60227040.138640136,60670495.861359864
p3,e818d64c3e33522fd2d4398a3f1ecfd6a43c8dcf,runtime_ns,5,36320.8,1194.321386813449,34837.854131708955,37803.74586829105
p3,e818d64c3e33522fd2d4398a3f1ecfd6a43c8dcf,rss,5,59421491.2,582427.5798304884,58698311.84256354,60144670.557436466
plus,4049c95a115325df723f5d90b9f1003503efc130,runtime_ns,6,35562.5,1574.7191178111734,33909.933634943394,37215.066365056606
plus,4049c95a115325df723f5d90b9f1003503efc130,rss,6,56565760.0,66147.54668768903,56496342.40701426,56635177.59298574
dchester,4049c95a115325df723f5d90b9f1003503efc130,runtime_ns,0,nan,0,nan,nan
dchester,4049c95a115325df723f5d90b9f1003503efc130,rss,0,nan,0,nan,nan
jsonpathly,4049c95a115325df723f5d90b9f1003503efc130,runtime_ns,6,1710791.75,78829.15455829144,1628065.62574366,1793517.87425634
jsonpathly,4049c95a115325df723f5d90b9f1003503efc130,rss,6,94153386.66666667,1269550.3379591794,92821075.29537031,95485698.03796303
rfc9535,4049c95a115325df723f5d90b9f1003503efc130,runtime_ns,6,201756.91666666666,8262.13801879796,193086.3345680005,210427.49876533283
rfc9535,4049c95a115325df723f5d90b9f1003503efc130,rss,6,78796117.33333333,827329.8141647421,77927887.94040033,79664346.72626632
p3,4049c95a115325df723f5d90b9f1003503efc130,runtime_ns,0,nan,0,nan,nan
p3,4049c95a115325df723f5d90b9f1003503efc130,rss,0,nan,0,nan,nan
plus,ec3a32bebb3ab194551d836644f45dbae9f3116d,runtime_ns,0,nan,0,nan,nan
plus,ec3a32bebb3ab194551d836644f45dbae9f3116d,rss,0,nan,0,nan,nan
dchester,ec3a32bebb3ab194551d836644f45dbae9f3116d,runtime_ns,0,nan,0,nan,nan
dchester,ec3a32bebb3ab194551d836644f45dbae9f3116d,rss,0,nan,0,nan,nan
jsonpathly,ec3a32bebb3ab194551d836644f45dbae9f3116d,runtime_ns,5,812937.4,27415.12027239713,778897.0321513383,846977.7678486618
jsonpathly,ec3a32bebb3ab194551d836644f45dbae9f3116d,rss,5,82781798.4,1144689.473775661,81360478.69128996,84203118.10871005
rfc9535,ec3a32bebb3ab194551d836644f45dbae9f3116d,runtime_ns,4,219150.875,6738.29453416565,208428.74472791556,229873.00527208444
rfc9535,ec3a32bebb3ab194551d836644f45dbae9f3116d,rss,4,78839808.0,1418202.1694112115,76583131.87290597,81096484.12709403
p3,ec3a32bebb3ab194551d836644f45dbae9f3116d,runtime_ns,0,nan,0,nan,nan
p3,ec3a32bebb3ab194551d836644f45dbae9f3116d,rss,0,nan,0,nan,nan
plus,b2d36717fd02904b4d5912b7df15eeef33563ea5,runtime_ns,4,5723.875,133.24124424016262,5511.858447278245,5935.891552721755
plus,b2d36717fd02904b4d5912b7df15eeef33563ea5,rss,4,54652928.0,125758.98489836289,54452817.39157699,54853038.60842301
dchester,b2d36717fd02904b4d5912b7df15eeef33563ea5,runtime_ns,8,47656.3125,10802.367167621509,38625.307544742536,56687.317455257464
dchester,b2d36717fd02904b4d5912b7df15eeef33563ea5,rss,8,64909312.0,310092.5912230548,64650068.10609516,65168555.89390484
jsonpathly,b2d36717fd02904b4d5912b7df15eeef33563ea5,runtime_ns,8,18971.3125,2211.0099492168088,17122.861924523302,20819.763075476698
jsonpathly,b2d36717fd02904b4d5912b7df15eeef33563ea5,rss,8,57753600.0,177544.33845903716,57605169.21853134,57902030.78146866
rfc9535,b2d36717fd02904b4d5912b7df15eeef33563ea5,runtime_ns,8,15921.8125,1472.9197664478731,14690.420759367631,17153.20424063237
rfc9535,b2d36717fd02904b4d5912b7df15eeef33563ea5,rss,8,58415104.0,105068.58773201436,58327264.462449946,58502943.537550054
p3,b2d36717fd02904b4d5912b7df15eeef33563ea5,runtime_ns,8,16112.0625,1749.7873429464835,14649.203672893878,17574.921327106123
p3,b2d36717fd02904b4d5912b7df15eeef33563ea5,rss,8,56557568.0,212541.41349998457,56379878.93160126,56735257.06839874
plus,9ae4d78b77ee85737beca100c693177dbcb66d2c,runtime_ns,8,13192.6875,927.440523218143,12417.327819022426,13968.047180977574
plus,9ae4d78b77ee85737beca100c693177dbcb66d2c,rss,8,56037376.0,97422.33196610665,55955928.89224238,56118823.10775762
dchester,9ae4d78b77ee85737beca100c693177dbcb66d2c,runtime_ns,0,nan,0,nan,nan
dchester,9ae4d78b77ee85737beca100c693177dbcb66d2c,rss,0,nan,0,nan,nan
jsonpathly,9ae4d78b77ee85737beca100c693177dbcb66d2c,runtime_ns,8,30041.625,4210.415569496335,26521.62949514559,33561.620504854414
jsonpathly,9ae4d78b77ee85737beca100c693177dbcb66d2c,rss,8,58009600.0,269207.6886526726,57784536.740022786,58234663.259977214
rfc9535,9ae4d78b77ee85737beca100c693177dbcb66d2c,runtime_ns,8,24953.0625,5837.408197121513,20072.867119113642,29833.257880886358
rfc9535,9ae4d78b77ee85737beca100c693177dbcb66d2c,rss,8,58722304.0,176989.99694090866,58574336.65963822,58870271.34036178
p3,9ae4d78b77ee85737beca100c693177dbcb66d2c,runtime_ns,8,35460.8125,7281.155927350605,29373.61381108671,41548.01118891329
p3,9ae4d78b77ee85737beca100c693177dbcb66d2c,rss,8,58048512.0,533568.1540807537,57602437.86007314,58494586.13992686
plus,5e339460a3ce761a96ebbdd4a77aa730f4661608,runtime_ns,8,19101.625,1246.809463906059,18059.26620288861,20143.98379711139
plus,5e339460a3ce761a96ebbdd4a77aa730f4661608,rss,8,57249792.0,143835.6842829444,57129542.35866253,57370041.64133747
dchester,5e339460a3ce761a96ebbdd4a77aa730f4661608,runtime_ns,3,73923.66666666667,1174.0752034402794,71007.10217736973,76840.23115596361
dchester,5e339460a3ce761a96ebbdd4a77aa730f4661608,rss,3,66781184.0,107437.07278216397,66514295.515861765,67048072.484138235
jsonpathly,5e339460a3ce761a96ebbdd4a77aa730f4661608,runtime_ns,8,57013.0625,3644.738413477512,53965.98493246532,60060.14006753468
jsonpathly,5e339460a3ce761a96ebbdd4a77aa730f4661608,rss,8,58738688.0,247770.51900729202,58531546.662346855,58945829.337653145
rfc9535,5e339460a3ce761a96ebbdd4a77aa730f4661608,runtime_ns,8,48239.625,5345.07627067058,43771.02941001288,52708.22058998712
rfc9535,5e339460a3ce761a96ebbdd4a77aa730f4661608,rss,8,62060544.0,605950.9570876413,61553956.32239319,62567131.67760681
p3,5e339460a3ce761a96ebbdd4a77aa730f4661608,runtime_ns,7,61404.71428571428,3103.8866476449443,58534.097916378705,64275.33065504986
p3,5e339460a3ce761a96ebbdd4a77aa730f4661608,rss,7,60829110.85714286,568559.7613512669,60303280.77919242,61354940.9350933
plus,034cb81c695eb98db0d82a3f8cee26bf5757844c,runtime_ns,0,nan,0,nan,nan
plus,034cb81c695eb98db0d82a3f8cee26bf5757844c,rss,0,nan,0,nan,nan
dchester,034cb81c695eb98db0d82a3f8cee26bf5757844c,runtime_ns,0,nan,0,nan,nan
dchester,034cb81c695eb98db0d82a3f8cee26bf5757844c,rss,0,nan,0,nan,nan
jsonpathly,034cb81c695eb98db0d82a3f8cee26bf5757844c,runtime_ns,8,358336.0625,21897.709142147887,340029.1195214022,376643.0054785978
jsonpathly,034cb81c695eb98db0d82a3f8cee26bf5757844c,rss,8,77367296.0,1764902.7990264588,75891800.33537105,78842791.66462895
rfc9535,034cb81c695eb98db0d82a3f8cee26bf5757844c,runtime_ns,8,198135.375,11641.766329378766,188402.61478391502,207868.13521608498
rfc9535,034cb81c695eb98db0d82a3f8cee26bf5757844c,rss,8,79450112.0,1885345.1775593471,77873923.9870667,81026300.0129333
p3,034cb81c695eb98db0d82a3f8cee26bf5757844c,runtime_ns,5,163933.4,6456.613812595578,155916.4550785949,171950.34492140508
p3,034cb81c695eb98db0d82a3f8cee26bf5757844c,rss,5,67937894.4,132902.4191081562,67772874.25091922,68102914.54908079
plus,84499338f3a48a3f9aceac514af96e9ce42cd00d,runtime_ns,8,31544.375,8719.11966702242,24255.008540176175,38833.741459823825
plus,84499338f3a48a3f9aceac514af96e9ce42cd00d,rss,8,56782848.0,245642.9435513494,56577485.359940365,56988210.640059635
dchester,84499338f3a48a3f9aceac514af96e9ce42cd00d,runtime_ns,0,nan,0,nan,nan
dchester,84499338f3a48a3f9aceac514af96e9ce42cd00d,rss,0,nan,0,nan,nan
jsonpathly,84499338f3a48a3f9aceac514af96e9ce42cd00d,runtime_ns,6,357173.5833333333,14409.825239803107,342051.3991620112,372295.7675046554
jsonpathly,84499338f3a48a3f9aceac514af96e9ce42cd00d,rss,6,67573077.33333333,443963.06996445847,67107166.66491499,68038988.00175166
rfc9535,84499338f3a48a3f9aceac514af96e9ce42cd00d,runtime_ns,8,238867.25,23680.31532276786,219070.01095937745,258664.48904062255
rfc9535,84499338f3a48a3f9aceac514af96e9ce42cd00d,rss,8,67448832.0,410745.27884809586,67105440.35342236,67792223.64657764
p3,84499338f3a48a3f9aceac514af96e9ce42cd00d,runtime_ns,3,167833.33333333334,3189.6316532373035,159909.849056934,175756.81760973268
p3,84499338f3a48a3f9aceac514af96e9ce42cd00d,rss,3,66153130.666666664,572815.5075740647,64730178.06242652,67576083.2709068
plus,f5e26c7aa95749d4f6c3c8829253ffb7aacb72b5,runtime_ns,3,25340.333333333332,385.7953905029625,24381.96445476548,26298.702211901185
plus,f5e26c7aa95749d4f6c3c8829253ffb7aacb72b5,rss,3,56563029.333333336,148664.6759567764,56193725.805383965,56932332.861282706
dchester,f5e26c7aa95749d4f6c3c8829253ffb7aacb72b5,runtime_ns,0,nan,0,nan,nan
dchester,f5e26c7aa95749d4f6c3c8829253ffb7aacb72b5,rss,0,nan,0,nan,nan
jsonpathly,f5e26c7aa95749d4f6c3c8829253ffb7aacb72b5,runtime_ns,8,391567.6875,30745.93756317073,365863.44044206844,417271.93455793156
jsonpathly,f5e26c7aa95749d4f6c3c8829253ffb7aacb72b5,rss,8,69144576.0,1284767.991858897,68070483.07936577,70218668.92063423
rfc9535,f5e26c7aa95749d4f6c3c8829253ffb7aacb72b5,runtime_ns,8,232104.1875,30731.050460797906,206412.38637111458,257795.98862888542
rfc9535,f5e26c7aa95749d4f6c3c8829253ffb7aacb72b5,rss,8,67932160.0,819843.404476036,67246753.7613979,68617566.2386021
p3,f5e26c7aa95749d4f6c3c8829253ffb7aacb72b5,runtime_ns,8,169322.9375,15037.233668078476,156751.4955500517,181894.3794499483
p3,f5e26c7aa95749d4f6c3c8829253ffb7aacb72b5,rss,8,66613248.0,306360.14720306837,66357124.50738468,66869371.49261532
plus,2df2b0a077d30aedaaea750495e50ecc740d7d08,runtime_ns,5,24954.2,797.3613986142043,23964.145057783342,25944.25494221666
plus,2df2b0a077d30aedaaea750495e50ecc740d7d08,rss,5,56488755.2,78060.7766499924,56391829.94396188,56585680.456038125
dchester,2df2b0a077d30aedaaea750495e50ecc740d7d08,runtime_ns,0,nan,0,nan,nan
dchester,2df2b0a077d30aedaaea750495e50ecc740d7d08,rss,0,nan,0,nan,nan
jsonpathly,2df2b0a077d30aedaaea750495e50ecc740d7d08,runtime_ns,3,331208.3333333333,1242.1560221378527,328122.6467148629,334294.0199518037
jsonpathly,2df2b0a077d30aedaaea750495e50ecc740d7d08,rss,3,67622229.33333333,238742.11014677183,67029161.05413488,68215297.61253178
rfc9535,2df2b0a077d30aedaaea750495e50ecc740d7d08,runtime_ns,3,209187.83333333334,3429.25273687043,200669.09728655047,217706.5693801162
rfc9535,2df2b0a077d30aedaaea750495e50ecc740d7d08,rss,3,67835221.33333333,846964.5901201144,65731244.65449879,69939198.01216787
p3,2df2b0a077d30aedaaea750495e50ecc740d7d08,runtime_ns,3,162437.66666666666,2098.8398184076204,157223.85952283707,167651.47381049625
p3,2df2b0a077d30aedaaea750495e50ecc740d7d08,rss,3,66912256.0,359329.1726759741,66019632.851223566,67804879.14877643
plus,1e5c2b20b0404eb7485089bf32fd14de36ff06cd,runtime_ns,7,25946.5,1367.907160592414,24681.396878432297,27211.603121567703
plus,1e5c2b20b0404eb7485089bf32fd14de36ff06cd,rss,7,56611401.14285714,139893.61317256835,56482021.12949764,56740781.156216644
dchester,1e5c2b20b0404eb7485089bf32fd14de36ff06cd,runtime_ns,0,nan,0,nan,nan
dchester,1e5c2b20b0404eb7485089bf32fd14de36ff06cd,rss,0,nan,0,nan,nan
jsonpathly,1e5c2b20b0404eb7485089bf32fd14de36ff06cd,runtime_ns,4,341869.625,7925.358807597714,329258.6105723565,354480.6394276435
jsonpathly,1e5c2b20b0404eb7485089bf32fd14de36ff06cd,rss,4,67710976.0,591395.8315262855,66769933.26049949,68652018.73950051
rfc9535,1e5c2b20b0404eb7485089bf32fd14de36ff06cd,runtime_ns,3,214583.33333333334,2971.447472753529,207201.84860778108,221964.8180588856
rfc9535,1e5c2b20b0404eb7485089bf32fd14de36ff06cd,rss,3,68184746.66666667,1257340.79662967,65061338.9772367,71308154.35609664
p3,1e5c2b20b0404eb7485089bf32fd14de36ff06cd,runtime_ns,3,151493.0,1577.5116481344917,147574.2438241437,155411.7561758563
p3,1e5c2b20b0404eb7485089bf32fd14de36ff06cd,rss,3,66661034.666666664,226035.87132429518,66099530.43450164,67222538.8988317
plus,bf2fa5f1cdf8ab24e3c974960cabfa0df5c300e9,runtime_ns,3,25798.5,386.4068451774632,24838.612183816193,26758.387816183807
plus,bf2fa5f1cdf8ab24e3c974960cabfa0df5c300e9,rss,3,56513877.333333336,50053.94679077099,56389536.436488435,56638218.23017824
dchester,bf2fa5f1cdf8ab24e3c974960cabfa0df5c300e9,runtime_ns,0,nan,0,nan,nan
dchester,bf2fa5f1cdf8ab24e3c974960cabfa0df5c300e9,rss,0,nan,0,nan,nan
jsonpathly,bf2fa5f1cdf8ab24e3c974960cabfa0df5c300e9,runtime_ns,3,336576.5,4485.00872351437,325435.12069238874,347717.87930761126
jsonpathly,bf2fa5f1cdf8ab24e3c974960cabfa0df5c300e9,rss,3,68293973.33333333,603397.0142628594,66795052.05504541,69792894.61162125
rfc9535,bf2fa5f1cdf8ab24e3c974960cabfa0df5c300e9,runtime_ns,4,226536.625,4329.067054516481,219648.1132735143,233425.1367264857
rfc9535,bf2fa5f1cdf8ab24e3c974960cabfa0df5c300e9,rss,4,67821568.0,497401.25848922686,67030091.601338744,68613044.39866126
p3,bf2fa5f1cdf8ab24e3c974960cabfa0df5c300e9,runtime_ns,6,159975.58333333334,6550.17519931083,153101.59603161376,166849.57063505292
p3,bf2fa5f1cdf8ab24e3c974960cabfa0df5c300e9,rss,6,67067904.0,1447913.6948777023,65548411.76510186,68587396.23489814
plus,cb5f64cf70e0881efaef15c88c0981f4dd5bf90b,runtime_ns,8,27987.0625,3502.6944978881206,25058.736617688257,30915.388382311743
plus,cb5f64cf70e0881efaef15c88c0981f4dd5bf90b,rss,8,56657920.0,153555.1324945818,56529544.696610905,56786295.303389095
dchester,cb5f64cf70e0881efaef15c88c0981f4dd5bf90b,runtime_ns,0,nan,0,nan,nan
dchester,cb5f64cf70e0881efaef15c88c0981f4dd5bf90b,rss,0,nan,0,nan,nan
jsonpathly,cb5f64cf70e0881efaef15c88c0981f4dd5bf90b,runtime_ns,8,357810.0625,19183.711720842577,341772.0781468625,373848.0468531375
jsonpathly,cb5f64cf70e0881efaef15c88c0981f4dd5bf90b,rss,8,67868672.0,912345.9911916249,67105931.663598806,68631412.3364012
rfc9535,cb5f64cf70e0881efaef15c88c0981f4dd5bf90b,runtime_ns,4,208823.0,3870.2927107218475,202664.5006311984,214981.4993688016
rfc9535,cb5f64cf70e0881efaef15c88c0981f4dd5bf90b,rss,4,67366912.0,157363.1812591497,67116512.06260706,67617311.93739294
p3,cb5f64cf70e0881efaef15c88c0981f4dd5bf90b,runtime_ns,4,154531.125,4409.213334503862,147515.08265720026,161547.16734279974
p3,cb5f64cf70e0881efaef15c88c0981f4dd5bf90b,rss,4,67215360.0,1001927.7054531763,65621069.43780958,68809650.56219043
plus,a83b42ea83e09ab6940dc4cc0916ce7397e8ca7c,runtime_ns,8,26862.125,2970.4933903550195,24378.73037810043,29345.51962189957
plus,a83b42ea83e09ab6940dc4cc0916ce7397e8ca7c,rss,8,56649728.0,102107.00941379378,56564364.40388503,56735091.59611497
dchester,a83b42ea83e09ab6940dc4cc0916ce7397e8ca7c,runtime_ns,0,nan,0,nan,nan
dchester,a83b42ea83e09ab6940dc4cc0916ce7397e8ca7c,rss,0,nan,0,nan,nan
jsonpathly,a83b42ea83e09ab6940dc4cc0916ce7397e8ca7c,runtime_ns,3,338646.0,6309.7147320619815,322971.7996836982,354320.2003163018
jsonpathly,a83b42ea83e09ab6940dc4cc0916ce7397e8ca7c,rss,3,67130709.33333333,105334.38271207239,66869044.22089433,67392374.44577233
rfc9535,a83b42ea83e09ab6940dc4cc0916ce7397e8ca7c,runtime_ns,8,219382.625,14781.699210631077,207024.81520267503,231740.43479732497
rfc9535,a83b42ea83e09ab6940dc4cc0916ce7397e8ca7c,rss,8,67624960.0,361404.23808409175,67322818.49579605,67927101.50420395
p3,a83b42ea83e09ab6940dc4cc0916ce7397e8ca7c,runtime_ns,5,154566.6,5691.628000844749,147499.5104201826,161633.6895798174
p3,a83b42ea83e09ab6940dc4cc0916ce7397e8ca7c,rss,5,66486272.0,310648.58994046634,66100550.82977816,66871993.17022184
plus,75c1fcb49c21f4819ff75224cc720d6aaf69f101,runtime_ns,8,27117.3125,2062.3061456517207,25393.18141542963,28841.44358457037
plus,75c1fcb49c21f4819ff75224cc720d6aaf69f101,rss,8,56733696.0,223405.06004756727,56546924.69580229,56920467.30419771
dchester,75c1fcb49c21f4819ff75224cc720d6aaf69f101,runtime_ns,0,nan,0,nan,nan
dchester,75c1fcb49c21f4819ff75224cc720d6aaf69f101,rss,0,nan,0,nan,nan
jsonpathly,75c1fcb49c21f4819ff75224cc720d6aaf69f101,runtime_ns,4,347114.625,6910.378503562594,336118.67073161266,358110.57926838734
jsonpathly,75c1fcb49c21f4819ff75224cc720d6aaf69f101,rss,4,67530752.0,337466.6534755693,66993767.24774511,68067736.75225489
rfc9535,75c1fcb49c21f4819ff75224cc720d6aaf69f101,runtime_ns,6,211711.91666666666,9886.166928676992,201337.020749752,222086.8125835813
rfc9535,75c1fcb49c21f4819ff75224cc720d6aaf69f101,rss,6,68012714.66666667,665070.6703413305,67314765.80216096,68710663.53117238
p3,75c1fcb49c21f4819ff75224cc720d6aaf69f101,runtime_ns,4,155463.375,4051.682312632618,149016.2442969895,161910.5057030105
p3,75c1fcb49c21f4819ff75224cc720d6aaf69f101,rss,4,66625536.0,206594.37916845657,66296798.24066148,66954273.75933852
plus,127196ee3f1863589ba499649651274423ef6a58,runtime_ns,8,27533.875,4968.275209121514,23380.292980760187,31687.457019239813
plus,127196ee3f1863589ba499649651274423ef6a58,rss,8,56590336.0,184742.11981647747,56435887.7227272,56744784.2772728
dchester,127196ee3f1863589ba499649651274423ef6a58,runtime_ns,0,nan,0,nan,nan
dchester,127196ee3f1863589ba499649651274423ef6a58,rss,0,nan,0,nan,nan
jsonpathly,127196ee3f1863589ba499649651274423ef6a58,runtime_ns,7,342512.0,18420.738643351593,325475.6581848184,359548.3418151816
jsonpathly,127196ee3f1863589ba499649651274423ef6a58,rss,7,67750180.57142857,719866.8324680746,67084414.79206529,68415946.35079184
rfc9535,127196ee3f1863589ba499649651274423ef6a58,runtime_ns,8,214098.6875,11991.438728578401,204073.59384246767,224123.78115753233
rfc9535,127196ee3f1863589ba499649651274423ef6a58,rss,8,67440640.0,534340.2056539314,66993920.40880539,67887359.59119461
p3,127196ee3f1863589ba499649651274423ef6a58,runtime_ns,5,163875.0,5517.531569914213,157024.07969068483,170725.92030931517
p3,127196ee3f1863589ba499649651274423ef6a58,rss,5,67790438.4,1889978.0225973,65443720.7319446,70137156.06805542
plus,90f71ba8fa4674419f5590de3f2b263812340c31,runtime_ns,8,26708.3125,2639.405316374721,24501.714434850048,28914.910565149952
plus,90f71ba8fa4674419f5590de3f2b263812340c31,rss,8,56512512.0,126228.2128120108,56406982.57318923,56618041.42681077
dchester,90f71ba8fa4674419f5590de3f2b263812340c31,runtime_ns,0,nan,0,nan,nan
dchester,90f71ba8fa4674419f5590de3f2b263812340c31,rss,0,nan,0,nan,nan
jsonpathly,90f71ba8fa4674419f5590de3f2b263812340c31,runtime_ns,3,342118.1666666667,4042.896867758728,332075.05409274995,352161.2792405834
jsonpathly,90f71ba8fa4674419f5590de3f2b263812340c31,rss,3,67065173.333333336,52667.19135603619,66934340.77711383,67196005.88955283
rfc9535,90f71ba8fa4674419f5590de3f2b263812340c31,runtime_ns,6,216100.66666666666,9945.046016317203,205663.9809367378,226537.35239659552
rfc9535,90f71ba8fa4674419f5590de3f2b263812340c31,rss,6,67261781.33333333,458478.85201508115,66780637.2858901,67742925.38077655
p3,90f71ba8fa4674419f5590de3f2b263812340c31,runtime_ns,8,172278.6875,33665.88652047977,144133.30202366723,200424.07297633277
p3,90f71ba8fa4674419f5590de3f2b263812340c31,rss,8,66676736.0,440494.8277510515,66308473.10813045,67044998.89186955
plus,dbdb1fe870d695d9f4c370809fd0cd73c1d0976c,runtime_ns,8,28507.8125,2331.6495530831507,26558.50469171392,30457.12030828608
plus,dbdb1fe870d695d9f4c370809fd0cd73c1d0976c,rss,8,57249792.0,71550.31533922724,57189974.439427204,57309609.560572796
dchester,dbdb1fe870d695d9f4c370809fd0cd73c1d0976c,runtime_ns,3,299305.5,5552.988542217605,285511.11174935976,313099.88825064024
dchester,dbdb1fe870d695d9f4c370809fd0cd73c1d0976c,rss,3,71428778.66666667,254523.91514616722,70796506.21050973,72061051.12282361
jsonpathly,dbdb1fe870d695d9f4c370809fd0cd73c1d0976c,runtime_ns,4,111848.875,2172.2851399313736,108392.28459120134,115305.46540879866
jsonpathly,dbdb1fe870d695d9f4c370809fd0cd73c1d0976c,rss,4,63815680.0,1162917.8076407635,61965218.25986251,65666141.74013749
rfc9535,dbdb1fe870d695d9f4c370809fd0cd73c1d0976c,runtime_ns,3,143632.0,2066.751799321825,138497.9039144768,148766.0960855232
rfc9535,dbdb1fe870d695d9f4c370809fd0cd73c1d0976c,rss,3,67458389.33333333,284880.6525500342,66750706.560985744,68166072.10568091
p3,dbdb1fe870d695d9f4c370809fd0cd73c1d0976c,runtime_ns,3,98138.5,484.1779115160046,96935.73539080659,99341.26460919341
p3,dbdb1fe870d695d9f4c370809fd0cd73c1d0976c,rss,3,65202858.666666664,373732.4117672072,64274455.88849234,66131261.44484099
plus,8754d250a214750a2ccb6ada2875e06638777f6b,runtime_ns,4,41385.375,1018.5377079421262,39764.65421728372,43006.09578271628
plus,8754d250a214750a2ccb6ada2875e06638777f6b,rss,4,55955456.0,114590.43469097526,55773117.04724842,56137794.95275158
dchester,8754d250a214750a2ccb6ada2875e06638777f6b,runtime_ns,3,196881.83333333334,3318.8332412661734,188637.39451969345,205126.27214697324
dchester,8754d250a214750a2ccb6ada2875e06638777f6b,rss,3,70003370.66666667,9459.306810402828,69979872.44589193,70026868.88744141
jsonpathly,8754d250a214750a2ccb6ada2875e06638777f6b,runtime_ns,3,504104.3333333333,8484.87993924094,483026.7230965911,525181.9435700756
jsonpathly,8754d250a214750a2ccb6ada2875e06638777f6b,rss,3,70380202.66666667,50053.94679077099,70255861.76982178,70504543.56351157
rfc9535,8754d250a214750a2ccb6ada2875e06638777f6b,runtime_ns,3,616347.1666666666,5272.314134545981,603250.0122968466,629444.3210364867
rfc9535,8754d250a214750a2ccb6ada2875e06638777f6b,rss,3,72717653.33333333,647185.2824696598,71109955.96666066,74325350.700006
p3,8754d250a214750a2ccb6ada2875e06638777f6b,runtime_ns,4,528369.75,16004.077868364258,502903.6907591757,553835.8092408243
p3,8754d250a214750a2ccb6ada2875e06638777f6b,rss,4,68407296.0,139905.03445790173,68184675.86999942,68629916.13000058
plus,2cb0dc16e75cddb0f1a83697e710b960fe052fde,runtime_ns,4,74802.0,1588.1961465763604,72274.82552063112,77329.17447936888
plus,2cb0dc16e75cddb0f1a83697e710b960fe052fde,rss,4,57241600.0,76116.56800811065,57120481.55468585,57362718.44531415
dchester,2cb0dc16e75cddb0f1a83697e710b960fe052fde,runtime_ns,3,367090.5,3755.4744041199374,357761.38440721255,376419.61559278745
dchester,2cb0dc16e75cddb0f1a83697e710b960fe052fde,rss,3,71816533.33333333,217564.05663926507,71276074.25551434,72356992.41115232
jsonpathly,2cb0dc16e75cddb0f1a83697e710b960fe052fde,runtime_ns,3,525826.3333333334,4886.69265284132,513687.11582867696,537965.5508379898
jsonpathly,2cb0dc16e75cddb0f1a83697e710b960fe052fde,rss,3,70702421.33333333,220017.86419591782,70155866.65962549,71248976.00704117
rfc9535,2cb0dc16e75cddb0f1a83697e710b960fe052fde,runtime_ns,6,660357.5,24146.600719355924,635017.1966227699,685697.8033772301
rfc9535,2cb0dc16e75cddb0f1a83697e710b960fe052fde,rss,6,70808917.33333333,365097.38372257154,70425771.12682208,71192063.53984457
p3,2cb0dc16e75cddb0f1a83697e710b960fe052fde,runtime_ns,3,550291.6666666666,9526.630442256765,526626.2047191479,573957.1286141854
p3,2cb0dc16e75cddb0f1a83697e710b960fe052fde,rss,3,66874026.666666664,993137.1223699844,64406937.288048185,69341116.04528515
plus,befaa3f279f350d90716498966282fae13d8cd10,runtime_ns,4,42713.5,1239.7432529896396,40740.79183251136,44686.20816748864
plus,befaa3f279f350d90716498966282fae13d8cd10,rss,4,56479744.0,102208.67459597872,56317107.190582044,56642380.809417956
dchester,befaa3f279f350d90716498966282fae13d8cd10,runtime_ns,0,nan,0,nan,nan
dchester,befaa3f279f350d90716498966282fae13d8cd10,rss,0,nan,0,nan,nan
jsonpathly,befaa3f279f350d90716498966282fae13d8cd10,runtime_ns,5,595133.4,23913.79542335344,565440.5011624121,624826.2988375879
jsonpathly,befaa3f279f350d90716498966282fae13d8cd10,rss,5,71548928.0,640758.9483979135,70753320.6822474,72344535.3177526
rfc9535,befaa3f279f350d90716498966282fae13d8cd10,runtime_ns,5,663820.7,26513.251391049722,630900.1502724077,696741.2497275922
rfc9535,befaa3f279f350d90716498966282fae13d8cd10,rss,5,72744960.0,160529.75978303835,72545635.97663711,72944284.02336289
p3,befaa3f279f350d90716498966282fae13d8cd10,runtime_ns,5,537833.4,16822.307965912405,516945.7458320302,558721.0541679699
p3,befaa3f279f350d90716498966282fae13d8cd10,rss,5,67554508.8,49695.13251013624,67492804.1430762,67616213.4569238
plus,c8823ca8e8946cb822857c90d91b221e0d5772fb,runtime_ns,0,nan,0,nan,nan
plus,c8823ca8e8946cb822857c90d91b221e0d5772fb,rss,0,nan,0,nan,nan
dchester,c8823ca8e8946cb822857c90d91b221e0d5772fb,runtime_ns,0,nan,0,nan,nan
dchester,c8823ca8e8946cb822857c90d91b221e0d5772fb,rss,0,nan,0,nan,nan
jsonpathly,c8823ca8e8946cb822857c90d91b221e0d5772fb,runtime_ns,4,1310088.625,28879.854147181908,1264134.3324360843,1356042.9175639157
jsonpathly,c8823ca8e8946cb822857c90d91b221e0d5772fb,rss,4,72417280.0,324110.69371641125,71901547.56013964,72933012.43986036
rfc9535,c8823ca8e8946cb822857c90d91b221e0d5772fb,runtime_ns,3,646666.8333333334,7045.170727763333,629165.6590427769,664168.0076238898
rfc9535,c8823ca8e8946cb822857c90d91b221e0d5772fb,rss,3,68785493.33333333,230154.86811565235,68213756.94590431,69357229.72076234
p3,c8823ca8e8946cb822857c90d91b221e0d5772fb,runtime_ns,8,395864.5,27550.901395676436,372831.3700234573,418897.6299765427
p3,c8823ca8e8946cb822857c90d91b221e0d5772fb,rss,8,68517888.0,227360.9448457295,68327809.49334747,68707966.50665253
plus,f18dcb220318cb2b7cbc4707e7dceea2cba78682,runtime_ns,3,8201.5,151.05379836336456,7826.261562982436,8576.738437017564
plus,f18dcb220318cb2b7cbc4707e7dceea2cba78682,rss,3,54815402.666666664,106600.9739042441,54550591.16728182,55080214.16605151
dchester,f18dcb220318cb2b7cbc4707e7dceea2cba78682,runtime_ns,6,49899.166666666664,2049.8475471767815,47747.98359430599,52050.34973902734
dchester,f18dcb220318cb2b7cbc4707e7dceea2cba78682,rss,6,64899754.666666664,58997.56841994987,64837840.515699565,64961668.81763376
jsonpathly,f18dcb220318cb2b7cbc4707e7dceea2cba78682,runtime_ns,8,26109.5,1942.5691015471532,24485.47158939515,27733.52841060485
jsonpathly,f18dcb220318cb2b7cbc4707e7dceea2cba78682,rss,8,57554944.0,120536.58803865322,57454172.89057782,57655715.10942218
rfc9535,f18dcb220318cb2b7cbc4707e7dceea2cba78682,runtime_ns,8,19302.125,1541.3716236335924,18013.50607463596,20590.74392536404
rfc9535,f18dcb220318cb2b7cbc4707e7dceea2cba78682,rss,8,58318848.0,146281.03306795645,58196553.99591758,58441142.00408242
p3,f18dcb220318cb2b7cbc4707e7dceea2cba78682,runtime_ns,8,22026.125,2638.4167431841174,19820.353402719953,24231.896597280047
p3,f18dcb220318cb2b7cbc4707e7dceea2cba78682,rss,8,56662016.0,304248.403294789,56407657.96947312,56916374.03052688
plus,b780928dd5ededb01bf15804568303d10f955edc,runtime_ns,0,nan,0,nan,nan
plus,b780928dd5ededb01bf15804568303d10f955edc,rss,0,nan,0,nan,nan
dchester,b780928dd5ededb01bf15804568303d10f955edc,runtime_ns,0,nan,0,nan,nan
dchester,b780928dd5ededb01bf15804568303d10f955edc,rss,0,nan,0,nan,nan
jsonpathly,b780928dd5ededb01bf15804568303d10f955edc,runtime_ns,6,525788.0,20741.30276043431,504021.33766532724,547554.6623346728
jsonpathly,b780928dd5ededb01bf15804568303d10f955edc,rss,6,68463274.66666667,181164.8653030346,68273153.80032071,68653395.53301263
rfc9535,b780928dd5ededb01bf15804568303d10f955edc,runtime_ns,7,320163.78571428574,17279.120759983572,304183.2643447409,336144.3070838306
rfc9535,b780928dd5ededb01bf15804568303d10f955edc,rss,7,66245193.14285714,132333.73660487912,66122804.84919908,66367581.436515205
p3,b780928dd5ededb01bf15804568303d10f955edc,runtime_ns,4,159671.875,3597.5859585514654,153947.31292913368,165396.43707086632
p3,b780928dd5ededb01bf15804568303d10f955edc,rss,4,63901696.0,98644.74278946649,63744730.201387,64058661.798613
plus,1156ff656295f67ac0d778bcb647fa8455ec50ca,runtime_ns,8,2794.3125,231.95919245480596,2600.3897621434494,2988.2352378565506
plus,1156ff656295f67ac0d778bcb647fa8455ec50ca,rss,8,54269952.0,168896.59762791469,54128750.91079099,54411153.08920901
dchester,1156ff656295f67ac0d778bcb647fa8455ec50ca,runtime_ns,3,4708.166666666667,41.50100400391939,4605.0724575450295,4811.2608757883045
dchester,1156ff656295f67ac0d778bcb647fa8455ec50ca,rss,3,60118357.333333336,106600.9739042441,59853545.83394849,60383168.83271818
jsonpathly,1156ff656295f67ac0d778bcb647fa8455ec50ca,runtime_ns,3,8597.0,43.23482392701513,8489.598743422017,8704.401256577983
jsonpathly,1156ff656295f67ac0d778bcb647fa8455ec50ca,rss,3,56524800.0,49152.0,56402699.66319205,56646900.33680795
rfc9535,1156ff656295f67ac0d778bcb647fa8455ec50ca,runtime_ns,3,5763.833333333333,73.01426801203539,5582.45583666879,5945.210829997876
rfc9535,1156ff656295f67ac0d778bcb647fa8455ec50ca,rss,3,57780906.666666664,34106.01573525312,57696182.62678117,57865630.706552155
p3,1156ff656295f67ac0d778bcb647fa8455ec50ca,runtime_ns,8,1843.625,149.13123415301035,1718.948168179624,1968.301831820376
p3,1156ff656295f67ac0d778bcb647fa8455ec50ca,rss,8,54497280.0,45294.744091182525,54459412.646299906,54535147.353700094
plus,4ea107a0170a497cbbf87208ae4a41f0b2cb30c9,runtime_ns,5,2737.4,91.6026746334407,2623.6602567684836,2851.1397432315166
plus,4ea107a0170a497cbbf87208ae4a41f0b2cb30c9,rss,5,54188441.6,84817.8649860983,54083126.31064226,54293756.889357746
dchester,4ea107a0170a497cbbf87208ae4a41f0b2cb30c9,runtime_ns,4,4724.0,85.7855854247476,4587.495990309206,4860.504009690794
dchester,4ea107a0170a497cbbf87208ae4a41f0b2cb30c9,rss,4,59863040.0,132683.42771172794,59651911.057853214,60074168.942146786
jsonpathly,4ea107a0170a497cbbf87208ae4a41f0b2cb30c9,runtime_ns,3,8972.333333333334,122.47993032874135,8668.076319471154,9276.590347195513
jsonpathly,4ea107a0170a497cbbf87208ae4a41f0b2cb30c9,rss,3,56552106.666666664,50053.94679077099,56427765.76982176,56676447.563511565
rfc9535,4ea107a0170a497cbbf87208ae4a41f0b2cb30c9,runtime_ns,6,5771.083333333333,258.1990349839958,5500.120063834378,6042.046602832288
rfc9535,4ea107a0170a497cbbf87208ae4a41f0b2cb30c9,rss,6,57707178.666666664,54257.18539941661,57650239.24258807,57764118.090745255
p3,4ea107a0170a497cbbf87208ae4a41f0b2cb30c9,runtime_ns,8,1854.0625,128.3175295618535,1746.7863606744515,1961.3386393255485
p3,4ea107a0170a497cbbf87208ae4a41f0b2cb30c9,rss,8,54503424.0,106157.88082716368,54414673.79063262,54592174.20936738
plus,40c443e4ca947a0d440ac24b623874bc9f832ef6,runtime_ns,6,2788.25,120.44739515655787,2661.848210790073,2914.651789209927
plus,40c443e4ca947a0d440ac24b623874bc9f832ef6,rss,6,54241962.666666664,121580.61431439909,54114371.63688469,54369553.69644864
dchester,40c443e4ca947a0d440ac24b623874bc9f832ef6,runtime_ns,4,4770.75,85.1200133145353,4635.305064060729,4906.194935939271
dchester,40c443e4ca947a0d440ac24b623874bc9f832ef6,rss,4,59817984.0,222645.6396938118,59463705.10328445,60172262.89671555
jsonpathly,40c443e4ca947a0d440ac24b623874bc9f832ef6,runtime_ns,5,9054.3,334.1308875276274,8639.421706269073,9469.178293730925
jsonpathly,40c443e4ca947a0d440ac24b623874bc9f832ef6,rss,5,56455987.2,103880.24514410812,56327002.83947998,56584971.56052002
rfc9535,40c443e4ca947a0d440ac24b623874bc9f832ef6,runtime_ns,8,7046.875,3421.8931868401237,4186.100704219491,9907.64929578051
rfc9535,40c443e4ca947a0d440ac24b623874bc9f832ef6,rss,8,57735168.0,205838.91914657096,57563082.35710782,57907253.64289218
p3,40c443e4ca947a0d440ac24b623874bc9f832ef6,runtime_ns,8,1869.9375,139.16804782605195,1753.5901003950564,1986.2848996049436
p3,40c443e4ca947a0d440ac24b623874bc9f832ef6,rss,8,54439936.0,67125.85841962417,54383817.37797884,54496054.62202116
plus,57073058cf1b47ba5035e41a4e46c04f8dec3684,runtime_ns,5,2762.5,81.61801271778185,2661.157852003393,2863.842147996607
plus,57073058cf1b47ba5035e41a4e46c04f8dec3684,rss,5,54257254.4,192677.51182948155,54018013.67029785,54496495.12970214
dchester,57073058cf1b47ba5035e41a4e46c04f8dec3684,runtime_ns,4,4656.125,80.53816383139942,4527.970809040215,4784.279190959785
dchester,57073058cf1b47ba5035e41a4e46c04f8dec3684,rss,4,59817984.0,171315.33261600765,59545383.076338865,60090584.923661135
jsonpathly,57073058cf1b47ba5035e41a4e46c04f8dec3684,runtime_ns,8,8929.75,451.5629207857654,8552.23395079088,9307.26604920912
jsonpathly,57073058cf1b47ba5035e41a4e46c04f8dec3684,rss,8,56461312.0,83742.91783786853,56391301.16864923,56531322.83135077
rfc9535,57073058cf1b47ba5035e41a4e46c04f8dec3684,runtime_ns,4,5823.0,158.43978877373786,5570.886939803543,6075.113060196457
rfc9535,57073058cf1b47ba5035e41a4e46c04f8dec3684,rss,4,57720832.0,85657.66630800383,57584531.538169436,57857132.461830564
p3,57073058cf1b47ba5035e41a4e46c04f8dec3684,runtime_ns,3,1909.6666666666667,31.9739477283199,1830.2389773212135,1989.09435601212
p3,57073058cf1b47ba5035e41a4e46c04f8dec3684,rss,3,54706176.0,225242.76055846945,54146641.964197956,55265710.035802044
plus,5e901df2674fd1a0c49632c410b09c9e72e32f9e,runtime_ns,3,2750.0,41.5,2646.9082849623614,2853.0917150376386
plus,5e901df2674fd1a0c49632c410b09c9e72e32f9e,rss,3,54154581.333333336,73879.5479502503,53971054.362143055,54338108.30452362
dchester,5e901df2674fd1a0c49632c410b09c9e72e32f9e,runtime_ns,5,4708.3,143.44493717102742,4530.1895857901345,4886.410414209866
dchester,5e901df2674fd1a0c49632c410b09c9e72e32f9e,rss,5,59893350.4,242627.07083258455,59592089.101157546,60194611.69884245
jsonpathly,5e901df2674fd1a0c49632c410b09c9e72e32f9e,runtime_ns,8,8898.375,587.8457493254501,8406.92365487283,9389.82634512717
jsonpathly,5e901df2674fd1a0c49632c410b09c9e72e32f9e,rss,8,56563712.0,148347.27466898164,56439690.57470998,56687733.42529002
rfc9535,5e901df2674fd1a0c49632c410b09c9e72e32f9e,runtime_ns,5,5833.3,170.08512574590407,5622.111422731351,6044.488577268649
rfc9535,5e901df2674fd1a0c49632c410b09c9e72e32f9e,rss,5,57674956.8,71791.09105731713,57585816.386842355,57764097.21315764
p3,5e901df2674fd1a0c49632c410b09c9e72e32f9e,runtime_ns,6,1850.6666666666667,84.74648468619019,1761.7306852810796,1939.602648052254
p3,5e901df2674fd1a0c49632c410b09c9e72e32f9e,rss,6,54465877.333333336,32217.238085637735,54432067.415467255,54499687.25119942
plus,e8138b6d6c302f249d6af334ab9709e4c21d06c8,runtime_ns,3,2756.8333333333335,31.80539786472311,2677.8243450603513,2835.8423216063156
plus,e8138b6d6c302f249d6af334ab9709e4c21d06c8,rss,3,54225578.666666664,77427.76322052274,54033237.44011409,54417919.89321924
dchester,e8138b6d6c302f249d6af334ab9709e4c21d06c8,runtime_ns,3,4791.666666666667,55.277331098139435,4654.350163880869,4928.983169452465
dchester,e8138b6d6c302f249d6af334ab9709e4c21d06c8,rss,3,59812522.666666664,196835.4240205084,59323556.36684895,60301488.966484375
jsonpathly,e8138b6d6c302f249d6af334ab9709e4c21d06c8,runtime_ns,7,8762.07142857143,431.84733303288914,8362.679258693475,9161.463598449383
jsonpathly,e8138b6d6c302f249d6af334ab9709e4c21d06c8,rss,7,56496713.14285714,94457.83848791759,56409354.212536275,56584072.07317801
rfc9535,e8138b6d6c302f249d6af334ab9709e4c21d06c8,runtime_ns,5,5779.2,222.07448074913967,5503.4581123339985,6054.941887666001
rfc9535,e8138b6d6c302f249d6af334ab9709e4c21d06c8,rss,5,57743769.6,87925.77058405573,57634595.33615146,57852943.863848545
p3,e8138b6d6c302f249d6af334ab9709e4c21d06c8,runtime_ns,8,1927.125,154.98358207979874,1797.5554828721727,2056.694517127827
p3,e8138b6d6c302f249d6af334ab9709e4c21d06c8,rss,8,54505472.0,100139.8106534773,54421753.02320565,54589190.97679435
plus,30e31bb37082097e9a3d67c6e3b5172e2c697354,runtime_ns,7,2800.5714285714284,135.6040278935415,2675.1586199192852,2925.9842372235717
plus,30e31bb37082097e9a3d67c6e3b5172e2c697354,rss,7,54259126.85714286,111006.60203103322,54156462.87321922,54361790.841066495
dchester,30e31bb37082097e9a3d67c6e3b5172e2c697354,runtime_ns,3,4743.166666666667,72.9902961586904,4561.848719387039,4924.484613946295
dchester,30e31bb37082097e9a3d67c6e3b5172e2c697354,rss,3,59807061.333333336,396050.23013417545,58823218.02090964,60790904.645757034
jsonpathly,30e31bb37082097e9a3d67c6e3b5172e2c697354,runtime_ns,3,8194.166666666666,98.48392423808737,7949.519036465671,8438.814296867662
jsonpathly,30e31bb37082097e9a3d67c6e3b5172e2c697354,rss,3,56426496.0,123696.48738747597,56119216.89086972,56733775.10913028
rfc9535,30e31bb37082097e9a3d67c6e3b5172e2c697354,runtime_ns,8,5728.9375,303.46386434678794,5475.235360447485,5982.639639552515
rfc9535,30e31bb37082097e9a3d67c6e3b5172e2c697354,rss,8,57700352.0,92578.40261560546,57622954.51852229,57777749.48147771
p3,30e31bb37082097e9a3d67c6e3b5172e2c697354,runtime_ns,8,1861.9375,140.95071010311167,1744.0997574352343,1979.7752425647657
p3,30e31bb37082097e9a3d67c6e3b5172e2c697354,rss,8,54589440.0,229281.93989808392,54397755.501293354,54781124.498706646
plus,acce9c9251cb7fac744714ba793aae6e8f5ad4cd,runtime_ns,4,2770.75,61.36978083715144,2673.0969838593683,2868.4030161406317
plus,acce9c9251cb7fac744714ba793aae6e8f5ad4cd,rss,4,54329344.0,66887.39990959932,54222911.22064383,54435776.77935617
dchester,acce9c9251cb7fac744714ba793aae6e8f5ad4cd,runtime_ns,3,4750.0,20.5,4699.075176909118,4800.924823090882
dchester,acce9c9251cb7fac744714ba793aae6e8f5ad4cd,rss,3,59959978.666666664,271368.3721978914,59285862.25951358,60634095.07381975
jsonpathly,acce9c9251cb7fac744714ba793aae6e8f5ad4cd,runtime_ns,7,9228.92857142857,481.70949307054946,8783.421594837833,9674.435548019308
jsonpathly,acce9c9251cb7fac744714ba793aae6e8f5ad4cd,rss,7,56559908.571428575,39490.27947422481,56523386.15435695,56596430.9885002
rfc9535,acce9c9251cb7fac744714ba793aae6e8f5ad4cd,runtime_ns,3,5951.5,114.66036804406308,5666.667855698571,6236.332144301429
rfc9535,acce9c9251cb7fac744714ba793aae6e8f5ad4cd,rss,3,57780906.666666664,62028.82289172779,57626818.52850584,57934994.80482749
p3,acce9c9251cb7fac744714ba793aae6e8f5ad4cd,runtime_ns,6,1906.25,88.33954380683659,1813.5433343169532,1998.9566656830468
p3,acce9c9251cb7fac744714ba793aae6e8f5ad4cd,rss,6,54520490.666666664,155317.0938624164,54357495.37288237,54683485.960450955
plus,daa82c585e2476f9a831b58ef20fd41e5764793f,runtime_ns,4,2734.25,80.4161053520997,2606.2900313184523,2862.2099686815477
plus,daa82c585e2476f9a831b58ef20fd41e5764793f,rss,4,54231040.0,123334.27141985582,54034787.65180251,54427292.34819749
dchester,daa82c585e2476f9a831b58ef20fd41e5764793f,runtime_ns,4,4723.75,80.50310553015952,4595.65159462084,4851.84840537916
dchester,daa82c585e2476f9a831b58ef20fd41e5764793f,rss,4,59891712.0,145624.1773332986,59659991.43744283,60123432.56255717
jsonpathly,daa82c585e2476f9a831b58ef20fd41e5764793f,runtime_ns,5,9049.9,324.85908483525594,8646.53416987064,9453.26583012936
jsonpathly,daa82c585e2476f9a831b58ef20fd41e5764793f,rss,5,56511692.8,66954.25389921092,56428558.113406755,56594827.48659324
rfc9535,daa82c585e2476f9a831b58ef20fd41e5764793f,runtime_ns,8,6044.3125,491.48557147111217,5633.420279571015,6455.204720428985
rfc9535,daa82c585e2476f9a831b58ef20fd41e5764793f,rss,8,57794560.0,151433.34351079073,57667958.55659264,57921161.44340736
p3,daa82c585e2476f9a831b58ef20fd41e5764793f,runtime_ns,7,1875.0714285714287,89.19661268392267,1792.5783205663315,1957.5645365765258
p3,daa82c585e2476f9a831b58ef20fd41e5764793f,rss,7,54467437.71428572,42151.95210075996,54428453.660602026,54506421.76796941
plus,784a24f80faaf8ce784dfe7d1e94ace24e70f9b9,runtime_ns,3,2777.8333333333335,48.20874747733375,2658.0761656886402,2897.5905009780267
plus,784a24f80faaf8ce784dfe7d1e94ace24e70f9b9,rss,3,54220117.333333336,106600.9739042441,53955305.83394849,54484928.83271818
dchester,784a24f80faaf8ce784dfe7d1e94ace24e70f9b9,runtime_ns,5,4633.5,137.6894149889526,4462.53601047448,4804.46398952552
dchester,784a24f80faaf8ce784dfe7d1e94ace24e70f9b9,rss,5,59942502.4,161197.24607076883,59742349.58294433,60142655.21705566
jsonpathly,784a24f80faaf8ce784dfe7d1e94ace24e70f9b9,runtime_ns,7,9125.0,443.02087986910954,8715.274022836935,9534.725977163065
jsonpathly,784a24f80faaf8ce784dfe7d1e94ace24e70f9b9,rss,7,56473307.428571425,63050.783317516216,56414995.1796921,56531619.677450754
rfc9535,784a24f80faaf8ce784dfe7d1e94ace24e70f9b9,runtime_ns,7,5919.5,272.0389065311553,5667.905973917571,6171.094026082429
rfc9535,784a24f80faaf8ce784dfe7d1e94ace24e70f9b9,rss,7,57706788.571428575,34663.644234544176,57674730.04743705,57738847.0954201
p3,784a24f80faaf8ce784dfe7d1e94ace24e70f9b9,runtime_ns,7,1886.857142857143,85.94073262318354,1807.3752216832538,1966.339064031032
p3,784a24f80faaf8ce784dfe7d1e94ace24e70f9b9,rss,7,54511908.571428575,64454.311319096785,54452298.27564434,54571518.86721281
plus,02c8a7d02d5601bd5bce20ac7e36521a2f6afb54,runtime_ns,5,36720.7,1249.400136065304,35169.364831696825,38272.03516830317
plus,02c8a7d02d5601bd5bce20ac7e36521a2f6afb54,rss,5,56452710.4,148634.57884624292,56268156.19455844,56637264.605441555
dchester,02c8a7d02d5601bd5bce20ac7e36521a2f6afb54,runtime_ns,0,nan,0,nan,nan
dchester,02c8a7d02d5601bd5bce20ac7e36521a2f6afb54,rss,0,nan,0,nan,nan
jsonpathly,02c8a7d02d5601bd5bce20ac7e36521a2f6afb54,runtime_ns,3,1119777.6666666667,5276.861622530321,1106669.2157104511,1132886.1176228824
jsonpathly,02c8a7d02d5601bd5bce20ac7e36521a2f6afb54,rss,3,89205418.66666667,804041.0788842405,87208069.9008139,91202767.43251944
rfc9535,02c8a7d02d5601bd5bce20ac7e36521a2f6afb54,runtime_ns,8,198768.3125,15420.80621140871,185876.1958788649,211660.4291211351
rfc9535,02c8a7d02d5601bd5bce20ac7e36521a2f6afb54,rss,8,77336576.0,3273717.7732536094,74599679.45004895,80073472.54995105
p3,02c8a7d02d5601bd5bce20ac7e36521a2f6afb54,runtime_ns,0,nan,0,nan,nan
p3,02c8a7d02d5601bd5bce20ac7e36521a2f6afb54,rss,0,nan,0,nan,nan
plus,6ef7877b4b4b110d177d6bcb8fbf2dd96a6fa1aa,runtime_ns,8,23169.1875,1274.7604239200623,22103.46111553727,24234.91388446273
plus,6ef7877b4b4b110d177d6bcb8fbf2dd96a6fa1aa,rss,8,57032704.0,87137.18272110609,56959855.49219328,57105552.50780672
dchester,6ef7877b4b4b110d177d6bcb8fbf2dd96a6fa1aa,runtime_ns,7,78282.71428571429,4156.027087828219,74439.03030364173,82126.39826778685
dchester,6ef7877b4b4b110d177d6bcb8fbf2dd96a6fa1aa,rss,7,65486848.0,226628.88293713433,65277251.24116953,65696444.75883047
jsonpathly,6ef7877b4b4b110d177d6bcb8fbf2dd96a6fa1aa,runtime_ns,5,35299.9,1250.923428911618,33746.67341381084,36853.126586189166
jsonpathly,6ef7877b4b4b110d177d6bcb8fbf2dd96a6fa1aa,rss,5,58192691.2,111363.00133886478,58054415.770505615,58330966.62949439
rfc9535,6ef7877b4b4b110d177d6bcb8fbf2dd96a6fa1aa,runtime_ns,8,35026.1875,4075.119910045593,31619.301997052098,38433.0730029479
rfc9535,6ef7877b4b4b110d177d6bcb8fbf2dd96a6fa1aa,rss,8,59840512.0,251381.34862509475,59630351.933241926,60050672.066758074
p3,6ef7877b4b4b110d177d6bcb8fbf2dd96a6fa1aa,runtime_ns,5,39183.4,1528.180552159986,37285.913225627795,41080.88677437221
p3,6ef7877b4b4b110d177d6bcb8fbf2dd96a6fa1aa,rss,5,59519795.2,603367.3552879705,58770615.67724751,60268974.7227525
plus,079751e9c2789022bb9fb46e2fa7f1642ce049fb,runtime_ns,3,11979.166666666666,116.15973197857049,11690.609895871889,12267.723437461444
plus,079751e9c2789022bb9fb46e2fa7f1642ce049fb,rss,3,56000512.0,43347.989480482254,55892829.62460298,56108194.37539702
dchester,079751e9c2789022bb9fb46e2fa7f1642ce049fb,runtime_ns,4,60947.875,1736.572840155767,58184.60009049512,63711.14990950488
dchester,079751e9c2789022bb9fb46e2fa7f1642ce049fb,rss,4,65777664.0,139264.0,65556063.89887048,65999264.10112952
jsonpathly,079751e9c2789022bb9fb46e2fa7f1642ce049fb,runtime_ns,8,39557.25,2111.6164255307895,37791.89448979931,41322.60551020069
jsonpathly,079751e9c2789022bb9fb46e2fa7f1642ce049fb,rss,8,58474496.0,188237.82880175812,58317125.23687958,58631866.76312042
rfc9535,079751e9c2789022bb9fb46e2fa7f1642ce049fb,runtime_ns,8,40023.375,4050.968444617375,36636.6806274381,43410.0693725619
rfc9535,079751e9c2789022bb9fb46e2fa7f1642ce049fb,rss,8,60964864.0,216651.4640562447,60783738.843347274,61145989.156652726
p3,079751e9c2789022bb9fb46e2fa7f1642ce049fb,runtime_ns,8,40544.1875,3854.5056190080054,37321.740159970024,43766.634840029976
p3,079751e9c2789022bb9fb46e2fa7f1642ce049fb,rss,8,59154432.0,189050.9549573493,58996381.44640158,59312482.55359842
plus,5a1f5447a7901d2c4f951d0e3a68daa772540969,runtime_ns,7,29160.64285714286,1538.0371883856199,27738.195702709378,30583.09001157634
plus,5a1f5447a7901d2c4f951d0e3a68daa772540969,rss,7,56477988.571428575,94322.41499392239,56390754.88695036,56565222.25590679
dchester,5a1f5447a7901d2c4f951d0e3a68daa772540969,runtime_ns,0,nan,0,nan,nan
dchester,5a1f5447a7901d2c4f951d0e3a68daa772540969,rss,0,nan,0,nan,nan
jsonpathly,5a1f5447a7901d2c4f951d0e3a68daa772540969,runtime_ns,8,402388.0625,20779.53429877838,385015.9370844991,419760.1879155009
jsonpathly,5a1f5447a7901d2c4f951d0e3a68daa772540969,rss,8,78264320.0,1124848.83532271,77323922.83999941,79204717.16000059
rfc9535,5a1f5447a7901d2c4f951d0e3a68daa772540969,runtime_ns,3,198145.66666666666,1786.170857822211,193708.57227912106,202582.76105421226
rfc9535,5a1f5447a7901d2c4f951d0e3a68daa772540969,rss,3,77321557.33333333,161640.70563237878,76920019.560718,77723095.10594866
p3,5a1f5447a7901d2c4f951d0e3a68daa772540969,runtime_ns,5,134558.4,4487.464295122581,128986.47714152145,140130.32285847852
p3,5a1f5447a7901d2c4f951d0e3a68daa772540969,rss,5,66967961.6,418930.9025755918,66447790.18053688,67488133.01946312
plus,0d97bba500a03502037077d59b64d41a8b79b6bb,runtime_ns,8,13119.875,936.8406919764199,12336.656581273657,13903.093418726343
plus,0d97bba500a03502037077d59b64d41a8b79b6bb,rss,8,56061952.0,122215.03888755146,55959777.67055222,56164126.32944778
dchester,0d97bba500a03502037077d59b64d41a8b79b6bb,runtime_ns,4,48333.375,890.691339634556,46916.0863185159,49750.6636814841
dchester,0d97bba500a03502037077d59b64d41a8b79b6bb,rss,4,65200128.0,500986.17881135206,64402947.193121806,65997308.806878194
jsonpathly,0d97bba500a03502037077d59b64d41a8b79b6bb,runtime_ns,6,33767.5,1554.8146513330778,32135.82209145862,35399.17790854138
jsonpathly,0d97bba500a03502037077d59b64d41a8b79b6bb,rss,6,58529109.333333336,148604.4756400919,58373158.50034857,58685060.1663181
rfc9535,0d97bba500a03502037077d59b64d41a8b79b6bb,runtime_ns,8,28812.3125,2613.5177981506076,26627.356941694474,30997.268058305526
rfc9535,0d97bba500a03502037077d59b64d41a8b79b6bb,rss,8,59230208.0,184001.14643121112,59076379.191979654,59384036.808020346
p3,0d97bba500a03502037077d59b64d41a8b79b6bb,runtime_ns,8,33375.0,2436.4905382244237,31338.042934691548,35411.95706530845
p3,0d97bba500a03502037077d59b64d41a8b79b6bb,rss,8,58415104.0,146526.59482057954,58292604.701154836,58537603.298845164
plus,1222c6295f25c3ea3a54946599a597c82d91ed8c,runtime_ns,3,20416.666666666668,401.71517687701737,19418.750846404015,21414.58248692932
plus,1222c6295f25c3ea3a54946599a597c82d91ed8c,rss,3,57196544.0,59073.352097202,57049797.65829583,57343290.34170417
dchester,1222c6295f25c3ea3a54946599a597c82d91ed8c,runtime_ns,8,74301.8125,15746.461795176854,61137.44099758921,87466.1840024108
dchester,1222c6295f25c3ea3a54946599a597c82d91ed8c,rss,8,67160064.0,392673.1490954932,66831781.03199395,67488346.96800606
jsonpathly,1222c6295f25c3ea3a54946599a597c82d91ed8c,runtime_ns,4,63624.875,1518.6533165384828,61208.35868188763,66041.39131811238
jsonpathly,1222c6295f25c3ea3a54946599a597c82d91ed8c,rss,4,58372096.0,485728.7269687337,57599193.2037441,59144998.7962559
rfc9535,1222c6295f25c3ea3a54946599a597c82d91ed8c,runtime_ns,3,41159.666666666664,493.98237148033263,39932.54642873251,42386.78690460082
rfc9535,1222c6295f25c3ea3a54946599a597c82d91ed8c,rss,3,62160896.0,127963.13069005462,61843017.9613392,62478774.0386608
p3,1222c6295f25c3ea3a54946599a597c82d91ed8c,runtime_ns,8,60734.3125,3475.3006852182693,57828.88841820345,63639.73658179655
p3,1222c6295f25c3ea3a54946599a597c82d91ed8c,rss,8,58697728.0,123521.98014697048,58594461.040316,58800994.959684
plus,8559a56541f269be6bf0bcf07c52cb59430b95e8,runtime_ns,3,33201.333333333336,598.941009894408,31713.48138354081,34689.185283125866
plus,8559a56541f269be6bf0bcf07c52cb59430b95e8,rss,3,56579413.333333336,167352.22110666274,56163687.369737096,56995139.296929576
dchester,8559a56541f269be6bf0bcf07c52cb59430b95e8,runtime_ns,0,nan,0,nan,nan
dchester,8559a56541f269be6bf0bcf07c52cb59430b95e8,rss,0,nan,0,nan,nan
jsonpathly,8559a56541f269be6bf0bcf07c52cb59430b95e8,runtime_ns,5,444783.5,16170.809662011361,424704.78782087495,464862.21217912505
jsonpathly,8559a56541f269be6bf0bcf07c52cb59430b95e8,rss,5,78577664.0,584222.2884348045,77852256.21750228,79303071.78249772
rfc9535,8559a56541f269be6bf0bcf07c52cb59430b95e8,runtime_ns,5,205237.5,7177.426767303167,196325.54758329564,214149.45241670436
rfc9535,8559a56541f269be6bf0bcf07c52cb59430b95e8,rss,5,77270220.8,3588122.184379345,72814978.66249992,81725462.93750007
p3,8559a56541f269be6bf0bcf07c52cb59430b95e8,runtime_ns,7,131422.64285714287,6340.9981056763045,125558.19771901537,137287.08799527038
p3,8559a56541f269be6bf0bcf07c52cb59430b95e8,rss,7,66589257.14285714,206965.2849951964,66397846.1789799,66780668.10673438
plus,0756042658a23c77a7f3dc6bf4b9ea0616b860de,runtime_ns,3,7340.333333333333,48.20874747733375,7220.57616568864,7460.090500978026
plus,0756042658a23c77a7f3dc6bf4b9ea0616b860de,rss,3,54607872.0,114688.0,54322971.21411478,54892772.78588522
dchester,0756042658a23c77a7f3dc6bf4b9ea0616b860de,runtime_ns,7,54639.857142857145,2514.632655649159,52314.20982269831,56965.50446301598
dchester,0756042658a23c77a7f3dc6bf4b9ea0616b860de,rss,7,65833252.571428575,175807.9217847868,65670657.36244528,65995847.78041187
jsonpathly,0756042658a23c77a7f3dc6bf4b9ea0616b860de,runtime_ns,8,39242.125,2529.1124607825795,37127.73406963136,41356.51593036864
jsonpathly,0756042658a23c77a7f3dc6bf4b9ea0616b860de,rss,8,58025984.0,172491.14239122128,57881777.79616513,58170190.20383487
rfc9535,0756042658a23c77a7f3dc6bf4b9ea0616b860de,runtime_ns,7,41637.07142857143,2241.2074020597956,39564.30029167749,43709.84256546536
rfc9535,0756042658a23c77a7f3dc6bf4b9ea0616b860de,rss,7,61210624.0,341715.4128218392,60894589.95331698,61526658.04668302
p3,0756042658a23c77a7f3dc6bf4b9ea0616b860de,runtime_ns,8,31140.625,2125.861821037025,29363.36004111921,32917.88995888079
p3,0756042658a23c77a7f3dc6bf4b9ea0616b860de,rss,8,58451968.0,407952.4350089288,58110911.22930275,58793024.77069725
plus,23c9210ef06648fa171e96a83b54ecf013b33697,runtime_ns,3,19416.5,198.59758306686413,18923.156254441135,19909.843745558865
plus,23c9210ef06648fa171e96a83b54ecf013b33697,rss,3,57207466.666666664,98758.06246243055,56962138.039364345,57452795.29396898
dchester,23c9210ef06648fa171e96a83b54ecf013b33697,runtime_ns,4,57005.25,1743.9104764866802,54230.29927367971,59780.20072632029
dchester,23c9210ef06648fa171e96a83b54ecf013b33697,rss,4,65572864.0,393301.3240760829,64947033.82716544,66198694.17283456
jsonpathly,23c9210ef06648fa171e96a83b54ecf013b33697,runtime_ns,5,54770.9,1741.90091566656,52608.044344578666,56933.75565542134
jsonpathly,23c9210ef06648fa171e96a83b54ecf013b33697,rss,5,58215628.8,81426.99652572235,58114523.829932146,58316733.77006785
rfc9535,23c9210ef06648fa171e96a83b54ecf013b33697,runtime_ns,7,33666.78571428572,1545.301665725899,32237.62003887033,35095.951389701106
rfc9535,23c9210ef06648fa171e96a83b54ecf013b33697,rss,7,60768256.0,851810.4469704513,59980462.72974648,61556049.27025352
p3,23c9210ef06648fa171e96a83b54ecf013b33697,runtime_ns,4,50192.625,1000.0711120548712,48601.28869221,51783.96130779
p3,23c9210ef06648fa171e96a83b54ecf013b33697,rss,4,59494400.0,91099.55825725319,59349440.27370562,59639359.72629438
plus,b32bd8f335f0035a79ca011e465fc0db460d93ed,runtime_ns,5,7450.0,271.2017238145805,7113.258583288635,7786.741416711365
plus,b32bd8f335f0035a79ca011e465fc0db460d93ed,rss,5,54565273.6,55075.590353622174,54496888.22227809,54633658.977721915
dchester,b32bd8f335f0035a79ca011e465fc0db460d93ed,runtime_ns,4,56146.0,1442.9650607920714,53849.9205868144,58442.0794131856
dchester,b32bd8f335f0035a79ca011e465fc0db460d93ed,rss,4,65630208.0,74931.80202468553,65510974.781749144,65749441.218250856
jsonpathly,b32bd8f335f0035a79ca011e465fc0db460d93ed,runtime_ns,8,39330.875,3458.065910199763,36439.85955069851,42221.89044930149
jsonpathly,b32bd8f335f0035a79ca011e465fc0db460d93ed,rss,8,58261504.0,184326.50147263918,58107403.18835806,58415604.81164194
rfc9535,b32bd8f335f0035a79ca011e465fc0db460d93ed,runtime_ns,8,40330.75,3016.7677712602085,37808.66902752823,42852.83097247177
rfc9535,b32bd8f335f0035a79ca011e465fc0db460d93ed,rss,8,60899328.0,205197.5113633552,60727778.58743388,61070877.41256612
p3,b32bd8f335f0035a79ca011e465fc0db460d93ed,runtime_ns,8,39338.6875,3477.944558597588,36431.053084744206,42246.321915255794
p3,b32bd8f335f0035a79ca011e465fc0db460d93ed,rss,8,59656192.0,266703.2102351119,59433222.53637764,59879161.46362236
plus,74f8922090c05f1fa9b1c89744a9a8388f99f672,runtime_ns,0,nan,0,nan,nan
plus,74f8922090c05f1fa9b1c89744a9a8388f99f672,rss,0,nan,0,nan,nan
dchester,74f8922090c05f1fa9b1c89744a9a8388f99f672,runtime_ns,0,nan,0,nan,nan
dchester,74f8922090c05f1fa9b1c89744a9a8388f99f672,rss,0,nan,0,nan,nan
jsonpathly,74f8922090c05f1fa9b1c89744a9a8388f99f672,runtime_ns,6,347149.1666666667,15451.533903359456,330933.77629742015,363364.5570359132
jsonpathly,74f8922090c05f1fa9b1c89744a9a8388f99f672,rss,6,66218666.666666664,61010.695700562756,66154639.86818364,66282693.465149686
rfc9535,74f8922090c05f1fa9b1c89744a9a8388f99f672,runtime_ns,5,221408.2,7751.588261446811,211783.3319268626,231033.06807313743
rfc9535,74f8922090c05f1fa9b1c89744a9a8388f99f672,rss,5,67190784.0,144699.57003391546,67011115.75333332,67370452.24666667
p3,74f8922090c05f1fa9b1c89744a9a8388f99f672,runtime_ns,3,155659.66666666666,2706.2224748407757,148937.03736052837,162382.29597280495
p3,74f8922090c05f1fa9b1c89744a9a8388f99f672,rss,3,64329045.333333336,82464.32492498397,64124192.59391315,64533898.07275352
plus,f54c83e731af0092713a544450036cb3475bcdbf,runtime_ns,0,nan,0,nan,nan
plus,f54c83e731af0092713a544450036cb3475bcdbf,rss,0,nan,0,nan,nan
dchester,f54c83e731af0092713a544450036cb3475bcdbf,runtime_ns,0,nan,0,nan,nan
dchester,f54c83e731af0092713a544450036cb3475bcdbf,rss,0,nan,0,nan,nan
jsonpathly,f54c83e731af0092713a544450036cb3475bcdbf,runtime_ns,3,340888.6666666667,3021.0950139532742,333383.8506117245,348393.4827216089
jsonpathly,f54c83e731af0092713a544450036cb3475bcdbf,rss,3,66153130.666666664,34106.01573525312,66068406.62678117,66237854.706552155
rfc9535,f54c83e731af0092713a544450036cb3475bcdbf,runtime_ns,6,232968.75,10000.367966980015,222474.00744337702,243463.49255662298
rfc9535,f54c83e731af0092713a544450036cb3475bcdbf,rss,6,67122517.33333333,120582.97502826287,66995973.26177398,67249061.40489267
p3,f54c83e731af0092713a544450036cb3475bcdbf,runtime_ns,3,156138.83333333334,2623.9034535084047,149620.6958124812,162656.9708541855
p3,f54c83e731af0092713a544450036cb3475bcdbf,rss,3,64307200.0,28377.920431208484,64236705.33767579,64377694.66232421
plus,a3f5cb75f02cfb8125c585627adafb9c4df1718c,runtime_ns,0,nan,0,nan,nan
plus,a3f5cb75f02cfb8125c585627adafb9c4df1718c,rss,0,nan,0,nan,nan
dchester,a3f5cb75f02cfb8125c585627adafb9c4df1718c,runtime_ns,0,nan,0,nan,nan
dchester,a3f5cb75f02cfb8125c585627adafb9c4df1718c,rss,0,nan,0,nan,nan
jsonpathly,a3f5cb75f02cfb8125c585627adafb9c4df1718c,runtime_ns,8,359112.0,28109.41003471969,335611.9451163062,382612.0548836938
jsonpathly,a3f5cb75f02cfb8125c585627adafb9c4df1718c,rss,8,66551808.0,877729.8893851115,65818007.44893432,67285608.55106568
rfc9535,a3f5cb75f02cfb8125c585627adafb9c4df1718c,runtime_ns,8,237502.5625,36897.54745182695,206655.44087344763,268349.68412655237
rfc9535,a3f5cb75f02cfb8125c585627adafb9c4df1718c,rss,8,67618816.0,812263.0173998005,66939747.12358769,68297884.87641232
p3,a3f5cb75f02cfb8125c585627adafb9c4df1718c,runtime_ns,6,154649.33333333334,6068.4443366209325,148280.8915677584,161017.77509890829
p3,a3f5cb75f02cfb8125c585627adafb9c4df1718c,rss,6,64353621.333333336,207868.13264054368,64135477.10654172,64571765.56012495
plus,bf04be1ed1d821e5219bd725a10a9aaaa9977f6d,runtime_ns,0,nan,0,nan,nan
plus,bf04be1ed1d821e5219bd725a10a9aaaa9977f6d,rss,0,nan,0,nan,nan
dchester,bf04be1ed1d821e5219bd725a10a9aaaa9977f6d,runtime_ns,0,nan,0,nan,nan
dchester,bf04be1ed1d821e5219bd725a10a9aaaa9977f6d,rss,0,nan,0,nan,nan
jsonpathly,bf04be1ed1d821e5219bd725a10a9aaaa9977f6d,runtime_ns,4,343281.375,6295.931416068105,333263.1431633072,353299.6068366928
jsonpathly,bf04be1ed1d821e5219bd725a10a9aaaa9977f6d,rss,4,66490368.0,329687.7159656797,65965761.2732138,67014974.7267862
rfc9535,bf04be1ed1d821e5219bd725a10a9aaaa9977f6d,runtime_ns,3,217826.33333333334,84.60250193305949,217616.169067773,218036.49759889368
rfc9535,bf04be1ed1d821e5219bd725a10a9aaaa9977f6d,rss,3,67343701.33333333,41232.162462491986,67241274.96362324,67446127.70304342
p3,bf04be1ed1d821e5219bd725a10a9aaaa9977f6d,runtime_ns,4,154432.375,3700.1743511849095,148544.571903583,160320.178096417
p3,bf04be1ed1d821e5219bd725a10a9aaaa9977f6d,rss,4,64196608.0,124327.82609429529,63998774.68460113,64394441.31539887
plus,224f7fc469b83bf4972e45a094e786517d8afdb8,runtime_ns,0,nan,0,nan,nan
plus,224f7fc469b83bf4972e45a094e786517d8afdb8,rss,0,nan,0,nan,nan
dchester,224f7fc469b83bf4972e45a094e786517d8afdb8,runtime_ns,0,nan,0,nan,nan
dchester,224f7fc469b83bf4972e45a094e786517d8afdb8,rss,0,nan,0,nan,nan
jsonpathly,224f7fc469b83bf4972e45a094e786517d8afdb8,runtime_ns,4,334786.5,7712.416363674011,322514.324519308,347058.675480692
jsonpathly,224f7fc469b83bf4972e45a094e786517d8afdb8,rss,4,66154496.0,102208.67459597872,65991859.190582044,66317132.809417956
rfc9535,224f7fc469b83bf4972e45a094e786517d8afdb8,runtime_ns,4,222447.875,4325.556329826257,215564.94961992395,229330.80038007605
rfc9535,224f7fc469b83bf4972e45a094e786517d8afdb8,rss,4,67297280.0,49152.0,67219068.19960135,67375491.80039865
p3,224f7fc469b83bf4972e45a094e786517d8afdb8,runtime_ns,5,156254.2,4858.052060754392,150222.13165476167,162286.26834523835
p3,224f7fc469b83bf4972e45a094e786517d8afdb8,rss,5,64448102.4,299114.58922092046,64076702.583226874,64819502.21677312
plus,0b444484c90e9ac11ce4b505b315ac3b2c54faec,runtime_ns,0,nan,0,nan,nan
plus,0b444484c90e9ac11ce4b505b315ac3b2c54faec,rss,0,nan,0,nan,nan
dchester,0b444484c90e9ac11ce4b505b315ac3b2c54faec,runtime_ns,0,nan,0,nan,nan
dchester,0b444484c90e9ac11ce4b505b315ac3b2c54faec,rss,0,nan,0,nan,nan
jsonpathly,0b444484c90e9ac11ce4b505b315ac3b2c54faec,runtime_ns,3,339875.0,1106.2324574880272,337126.96623439173,342623.03376560827
jsonpathly,0b444484c90e9ac11ce4b505b315ac3b2c54faec,rss,3,66185898.666666664,182689.5591689173,65732072.64319211,66639724.690141216
rfc9535,0b444484c90e9ac11ce4b505b315ac3b2c54faec,runtime_ns,3,223104.33333333334,2947.0560027480533,215783.4403782667,230425.22628839998
rfc9535,0b444484c90e9ac11ce4b505b315ac3b2c54faec,rss,3,67321856.0,43347.989480482254,67214173.62460297,67429538.37539703
p3,0b444484c90e9ac11ce4b505b315ac3b2c54faec,runtime_ns,4,154322.875,2763.4079918040816,149925.67622324583,158720.07377675417
p3,0b444484c90e9ac11ce4b505b315ac3b2c54faec,rss,4,64290816.0,111121.6944435244,64113996.58704067,64467635.41295933
plus,6b98ad07d4c238710009172dc770360cdc1d34dc,runtime_ns,0,nan,0,nan,nan
plus,6b98ad07d4c238710009172dc770360cdc1d34dc,rss,0,nan,0,nan,nan
dchester,6b98ad07d4c238710009172dc770360cdc1d34dc,runtime_ns,0,nan,0,nan,nan
dchester,6b98ad07d4c238710009172dc770360cdc1d34dc,rss,0,nan,0,nan,nan
jsonpathly,6b98ad07d4c238710009172dc770360cdc1d34dc,runtime_ns,3,343569.5,6517.989356388977,327377.9168350069,359761.0831649931
jsonpathly,6b98ad07d4c238710009172dc770360cdc1d34dc,rss,3,66245973.333333336,25026.973395385496,66183802.88491089,66308143.78175578
rfc9535,6b98ad07d4c238710009172dc770360cdc1d34dc,runtime_ns,8,237940.25,33951.17756741709,209556.35523967398,266324.144760326
rfc9535,6b98ad07d4c238710009172dc770360cdc1d34dc,rss,8,67231744.0,134821.79038801024,67119030.16254404,67344457.83745596
p3,6b98ad07d4c238710009172dc770360cdc1d34dc,runtime_ns,3,152923.83333333334,1805.862697807708,148437.82170346603,157409.84496320065
p3,6b98ad07d4c238710009172dc770360cdc1d34dc,rss,3,64318122.666666664,52667.19135603619,64187290.11044716,64448955.22288617
plus,dfba430a53dfd5b9decb6f32c8729f629a4a0a01,runtime_ns,4,24182.25,743.631461141875,22998.966401998157,25365.533598001843
plus,dfba430a53dfd5b9decb6f32c8729f629a4a0a01,rss,4,56434688.0,97847.83048523184,56278990.266696125,56590385.733303875
dchester,dfba430a53dfd5b9decb6f32c8729f629a4a0a01,runtime_ns,0,nan,0,nan,nan
dchester,dfba430a53dfd5b9decb6f32c8729f629a4a0a01,rss,0,nan,0,nan,nan
jsonpathly,dfba430a53dfd5b9decb6f32c8729f629a4a0a01,runtime_ns,5,119350.1,4184.383921200348,114154.50113038284,124545.69886961718
jsonpathly,dfba430a53dfd5b9decb6f32c8729f629a4a0a01,rss,5,63143936.0,96929.05116630411,63023582.68678675,63264289.31321325
rfc9535,dfba430a53dfd5b9decb6f32c8729f629a4a0a01,runtime_ns,7,123440.64285714286,6524.256079650549,117406.71236093988,129474.57335334583
rfc9535,dfba430a53dfd5b9decb6f32c8729f629a4a0a01,rss,7,64180809.14285714,99531.63612880174,64088757.73236028,64272860.553354
p3,dfba430a53dfd5b9decb6f32c8729f629a4a0a01,runtime_ns,5,121812.5,3936.5144322103024,116924.67175111493,126700.32824888507
p3,dfba430a53dfd5b9decb6f32c8729f629a4a0a01,rss,5,63409356.8,237539.75004449254,63114412.24422743,63704301.35577256
plus,4ed9c6ddb9f0c9dd635cb0f9df31bb3748243079,runtime_ns,3,23069.666666666668,332.43808947431603,22243.844671781288,23895.488661552048
plus,4ed9c6ddb9f0c9dd635cb0f9df31bb3748243079,rss,3,56399189.333333336,66215.1476728198,56234701.78791016,56563676.87875651
dchester,4ed9c6ddb9f0c9dd635cb0f9df31bb3748243079,runtime_ns,0,nan,0,nan,nan
dchester,4ed9c6ddb9f0c9dd635cb0f9df31bb3748243079,rss,0,nan,0,nan,nan
jsonpathly,4ed9c6ddb9f0c9dd635cb0f9df31bb3748243079,runtime_ns,7,123404.92857142857,6106.7498476997525,117757.12693874158,129052.73020411555
jsonpathly,4ed9c6ddb9f0c9dd635cb0f9df31bb3748243079,rss,7,63172022.85714286,111809.76104590716,63068616.07501909,63275429.639266625
rfc9535,4ed9c6ddb9f0c9dd635cb0f9df31bb3748243079,runtime_ns,8,127361.75,8441.11826545681,120304.79852812742,134418.7014718726
rfc9535,4ed9c6ddb9f0c9dd635cb0f9df31bb3748243079,rss,8,64389120.0,222070.7726366272,64203464.1879933,64574775.8120067
p3,4ed9c6ddb9f0c9dd635cb0f9df31bb3748243079,runtime_ns,3,121611.0,2195.563196539785,116156.91866494442,127065.08133505558
p3,4ed9c6ddb9f0c9dd635cb0f9df31bb3748243079,rss,3,63335082.666666664,66215.1476728198,63170595.12124349,63499570.21208984
plus,10767d55eed66371eff129e1df7f6997dc226224,runtime_ns,7,24303.571428571428,1187.0565287217592,23205.72724496993,25401.415612172925
plus,10767d55eed66371eff129e1df7f6997dc226224,rss,7,56494372.571428575,76514.37426361389,56423608.57770566,56565136.56515149
dchester,10767d55eed66371eff129e1df7f6997dc226224,runtime_ns,0,nan,0,nan,nan
dchester,10767d55eed66371eff129e1df7f6997dc226224,rss,0,nan,0,nan,nan
jsonpathly,10767d55eed66371eff129e1df7f6997dc226224,runtime_ns,4,124266.0,3186.0540118878503,119196.27709071658,129335.72290928342
jsonpathly,10767d55eed66371eff129e1df7f6997dc226224,rss,4,63320064.0,106496.0,63150605.099136256,63489522.900863744
rfc9535,10767d55eed66371eff129e1df7f6997dc226224,runtime_ns,3,119389.0,1832.1154439608874,114837.77293337656,123940.22706662344
rfc9535,10767d55eed66371eff129e1df7f6997dc226224,rss,3,64187050.666666664,136424.06294101247,63848154.50712469,64525946.826208636
p3,10767d55eed66371eff129e1df7f6997dc226224,runtime_ns,3,121367.83333333333,957.9897355052053,118988.05490389513,123747.61176277153
p3,10767d55eed66371eff129e1df7f6997dc226224,rss,3,63438848.0,91222.25132060707,63212239.36534371,63665456.63465629
plus,2ed0c9d30aa112b6862ef8aa9da53e6ac4167b6f,runtime_ns,8,22028.625,1483.3291887315024,20788.53076455644,23268.71923544356
plus,2ed0c9d30aa112b6862ef8aa9da53e6ac4167b6f,rss,8,57188352.0,72746.22516274347,57127534.63379436,57249169.36620564
dchester,2ed0c9d30aa112b6862ef8aa9da53e6ac4167b6f,runtime_ns,4,275958.375,6649.400566655113,265377.69486714853,286539.05513285147
dchester,2ed0c9d30aa112b6862ef8aa9da53e6ac4167b6f,rss,4,71327744.0,247573.75154352153,70933798.91455755,71721689.08544245
jsonpathly,2ed0c9d30aa112b6862ef8aa9da53e6ac4167b6f,runtime_ns,6,95694.41666666667,4373.068892856213,91105.16231478288,100283.67101855046
jsonpathly,2ed0c9d30aa112b6862ef8aa9da53e6ac4167b6f,rss,6,60801024.0,543692.1225723249,60230454.109441906,61371593.890558094
rfc9535,2ed0c9d30aa112b6862ef8aa9da53e6ac4167b6f,runtime_ns,5,125746.1,4995.913372447525,119542.85422728716,131949.34577271284
rfc9535,2ed0c9d30aa112b6862ef8aa9da53e6ac4167b6f,rss,5,67452928.0,268967.20133131475,67118961.10940929,67786894.89059071
p3,2ed0c9d30aa112b6862ef8aa9da53e6ac4167b6f,runtime_ns,3,85166.83333333333,515.7754679444664,83885.57604261681,86448.09062404984
p3,2ed0c9d30aa112b6862ef8aa9da53e6ac4167b6f,rss,3,64924330.666666664,124057.64578345558,64616154.390345015,65232506.942988314
plus,840492bc471fb3b9d9187aa0e82a43ba6713d8bb,runtime_ns,8,18005.1875,1089.3496401031475,17094.468409903973,18915.906590096027
plus,840492bc471fb3b9d9187aa0e82a43ba6713d8bb,rss,8,56657920.0,71917.8421414722,56597795.179331265,56718044.820668735
dchester,840492bc471fb3b9d9187aa0e82a43ba6713d8bb,runtime_ns,5,230487.4,6561.150160223435,222340.6560592417,238634.14394075828
dchester,840492bc471fb3b9d9187aa0e82a43ba6713d8bb,rss,5,69523865.6,149085.39753040872,69338751.62922859,69708979.5707714
jsonpathly,840492bc471fb3b9d9187aa0e82a43ba6713d8bb,runtime_ns,6,88114.66666666667,3843.920221163112,84080.71978966125,92148.6135436721
jsonpathly,840492bc471fb3b9d9187aa0e82a43ba6713d8bb,rss,6,63255893.333333336,1004723.5579924792,62201500.623332925,64310286.04333375
rfc9535,840492bc471fb3b9d9187aa0e82a43ba6713d8bb,runtime_ns,3,98354.16666666667,1636.4001904587194,94289.12324203274,102419.2100913006
rfc9535,840492bc471fb3b9d9187aa0e82a43ba6713d8bb,rss,3,67349162.66666667,271368.3721978914,66675046.25951359,68023279.07381976
p3,840492bc471fb3b9d9187aa0e82a43ba6713d8bb,runtime_ns,7,67169.64285714286,3189.0355087691446,64220.27692562244,70119.00878866327
p3,840492bc471fb3b9d9187aa0e82a43ba6713d8bb,rss,7,64368054.85714286,35030.46549994529,64335657.08006363,64400452.63422208
plus,c1f18ba3eb3b6165e7b7a6190e65e794ad66d79b,runtime_ns,3,25444.5,83.88086790204308,25236.128372750187,25652.871627249813
plus,c1f18ba3eb3b6165e7b7a6190e65e794ad66d79b,rss,3,56421034.666666664,62028.82289172779,56266946.52850584,56575122.80482749
dchester,c1f18ba3eb3b6165e7b7a6190e65e794ad66d79b,runtime_ns,0,nan,0,nan,nan
dchester,c1f18ba3eb3b6165e7b7a6190e65e794ad66d79b,rss,0,nan,0,nan,nan
jsonpathly,c1f18ba3eb3b6165e7b7a6190e65e794ad66d79b,runtime_ns,4,346197.875,9657.619214683986,330830.447706196,361565.302293804
jsonpathly,c1f18ba3eb3b6165e7b7a6190e65e794ad66d79b,rss,4,67121152.0,104802.11865542922,66954388.44234956,67287915.55765043
rfc9535,c1f18ba3eb3b6165e7b7a6190e65e794ad66d79b,runtime_ns,5,209516.7,6341.288893040593,201642.94987930212,217390.4501206979
rfc9535,c1f18ba3eb3b6165e7b7a6190e65e794ad66d79b,rss,5,67036774.4,436811.08287771273,66494401.804374345,67579146.99562566
p3,c1f18ba3eb3b6165e7b7a6190e65e794ad66d79b,runtime_ns,5,152708.3,4756.773323377939,146801.98581674552,158614.61418325445
p3,c1f18ba3eb3b6165e7b7a6190e65e794ad66d79b,rss,5,66699264.0,41771.16785535209,66647398.244711086,66751129.755288914
plus,04421acfa02ece7e7eba8035465d536eb58f7224,runtime_ns,3,23764.0,364.1740655236174,22859.341470191346,24668.658529808654
plus,04421acfa02ece7e7eba8035465d536eb58f7224,rss,3,56459264.0,28377.920431208484,56388769.33767579,56529758.66232421
dchester,04421acfa02ece7e7eba8035465d536eb58f7224,runtime_ns,0,nan,0,nan,nan
dchester,04421acfa02ece7e7eba8035465d536eb58f7224,rss,0,nan,0,nan,nan
jsonpathly,04421acfa02ece7e7eba8035465d536eb58f7224,runtime_ns,8,128461.0,7432.159405487172,122247.55924412569,134674.44075587433
jsonpathly,04421acfa02ece7e7eba8035465d536eb58f7224,rss,8,63594496.0,499337.75212947227,63177039.19226021,64011952.80773979
rfc9535,04421acfa02ece7e7eba8035465d536eb58f7224,runtime_ns,5,122904.0,4898.550665758189,116821.64599495097,128986.35400504903
rfc9535,04421acfa02ece7e7eba8035465d536eb58f7224,rss,5,63943475.2,111363.00133886478,63805199.770505615,64081750.62949439
p3,04421acfa02ece7e7eba8035465d536eb58f7224,runtime_ns,8,137588.625,8886.152999189244,130159.61517987518,145017.6348201248
p3,04421acfa02ece7e7eba8035465d536eb58f7224,rss,8,64112640.0,133517.7530239759,64001016.36506297,64224263.63493703
plus,248439c86cee69edb1e72975d4a8789f8ce1d355,runtime_ns,4,26890.625,742.1111074720101,25709.76062395785,28071.48937604215
plus,248439c86cee69edb1e72975d4a8789f8ce1d355,rss,4,56659968.0,150385.12947761823,56420671.70016217,56899264.29983783
dchester,248439c86cee69edb1e72975d4a8789f8ce1d355,runtime_ns,0,nan,0,nan,nan
dchester,248439c86cee69edb1e72975d4a8789f8ce1d355,rss,0,nan,0,nan,nan
jsonpathly,248439c86cee69edb1e72975d4a8789f8ce1d355,runtime_ns,8,140307.375,16503.70259052279,126509.93434996849,154104.81565003152
jsonpathly,248439c86cee69edb1e72975d4a8789f8ce1d355,rss,8,63688704.0,130117.66862783415,63579922.90675345,63797485.09324655
rfc9535,248439c86cee69edb1e72975d4a8789f8ce1d355,runtime_ns,8,120229.125,7629.957085397008,113850.32124547125,126607.92875452875
rfc9535,248439c86cee69edb1e72975d4a8789f8ce1d355,rss,8,63977472.0,189948.94414176518,63818670.70865601,64136273.29134399
p3,248439c86cee69edb1e72975d4a8789f8ce1d355,runtime_ns,4,134505.125,3629.2709179438966,128730.14508815792,140280.1049118421
p3,248439c86cee69edb1e72975d4a8789f8ce1d355,rss,4,64122880.0,87082.15449792225,63984312.85958097,64261447.14041903
