$ ./.venv/bin/python -u run.py css_select_known --seed=20260922 --output-dir=./results/rq1/20261003-0136-css_select_known/run1/css_select_known --max-wall-seconds=3420

[props] max_repetition=20 (bounds * and + during generation)
[props]   count_a                            0..inf  governed by <more_node>* in <doc>, capped at 20 by max_repetition
[props]   count_an_a                         0..inf  no governing repetition (recursion or alternative)
[props]   count_an_b_sign                    0..inf  no governing repetition (recursion or alternative)
[props]   count_attr_ident                   0..inf  no governing repetition (recursion or alternative)
[props]   count_attr_matcher_ws              0..inf  no governing repetition (recursion or alternative)
[props]   count_attr_modifier                0..inf  no governing repetition (recursion or alternative)
[props]   count_attr_value                   0..inf  no governing repetition (recursion or alternative)
[props]   count_attr_value_words             0..inf  governed by <more_node>* in <doc>, capped at 20 by max_repetition
[props]   count_attribute_selector           0..inf  no governing repetition (recursion or alternative)
[props]   count_attrs                        0..inf  governed by <more_node>* in <doc>, capped at 20 by max_repetition
[props]   count_b                            0..inf  governed by <more_node>* in <doc>, capped at 20 by max_repetition
[props]   count_class_attr                   0..inf  governed by <more_node>* in <doc>, capped at 20 by max_repetition
[props]   count_class_list                   0..inf  governed by <more_node>* in <doc>, capped at 20 by max_repetition
[props]   count_class_selector               0..inf  no governing repetition (recursion or alternative)
[props]   count_combinator                   0..inf  no governing repetition (recursion or alternative)
[props]   count_comma                        0..inf  no governing repetition (recursion or alternative)
[props]   count_complex_selector             1..inf  no governing repetition (recursion or alternative)
[props]   count_complex_selector_in_has       0..inf  no governing repetition (recursion or alternative)
[props]   count_complex_selector_list        1..inf  no governing repetition (recursion or alternative)
[props]   count_complex_selector_list_in_has       0..inf  no governing repetition (recursion or alternative)
[props]   count_data_attr                    0..inf  governed by <more_node>* in <doc>, capped at 20 by max_repetition
[props]   count_digits                       0..inf  no governing repetition (recursion or alternative)
[props]   count_div                          0..inf  governed by <more_node>* in <doc>, capped at 20 by max_repetition
[props]   count_em                           0..inf  governed by <more_node>* in <doc>, capped at 20 by max_repetition
[props]   count_flow_content                 0..inf  governed by <more_node>* in <doc>, capped at 20 by max_repetition
[props]   count_flow_item                    0..inf  governed by <more_node>* in <doc>, capped at 20 by max_repetition
[props]   count_href_attr                    0..inf  governed by <more_node>* in <doc>, capped at 20 by max_repetition
[props]   count_id_attr                      0..inf  governed by <more_node>* in <doc>, capped at 20 by max_repetition
[props]   count_id_selector                  0..inf  no governing repetition (recursion or alternative)
[props]   count_input                        0..inf  governed by <more_node>* in <doc>, capped at 20 by max_repetition
[props]   count_lang_attr                    0..inf  governed by <more_node>* in <doc>, capped at 20 by max_repetition
[props]   count_lang_range                   0..inf  no governing repetition (recursion or alternative)
[props]   count_lang_tag                     0..inf  governed by <more_node>* in <doc>, capped at 20 by max_repetition
[props]   count_lparen                       0..inf  no governing repetition (recursion or alternative)
[props]   count_more_complex_selector        0..inf  no governing repetition (recursion or alternative)
[props]   count_more_complex_selector_in_has       0..inf  no governing repetition (recursion or alternative)
[props]   count_more_node                    0..inf  governed by <more_node>* in <doc>, capped at 20 by max_repetition
[props]   count_more_relative_selector       0..inf  no governing repetition (recursion or alternative)
[props]   count_more_value_word              0..inf  governed by <more_node>* in <doc>, capped at 20 by max_repetition
[props]   count_name                         0..inf  governed by <more_node>* in <doc>, capped at 20 by max_repetition
[props]   count_namechar                     0..inf  governed by <more_node>* in <doc>, capped at 20 by max_repetition
[props]   count_node                         1..inf  governed by <more_node>* in <doc>, capped at 20 by max_repetition
[props]   count_nth_function                 0..inf  no governing repetition (recursion or alternative)
[props]   count_p                            0..inf  governed by <more_node>* in <doc>, capped at 20 by max_repetition
[props]   count_phrasing_content             0..inf  governed by <more_node>* in <doc>, capped at 20 by max_repetition
[props]   count_phrasing_element             0..inf  governed by <more_node>* in <doc>, capped at 20 by max_repetition
[props]   count_phrasing_item                0..inf  governed by <more_node>* in <doc>, capped at 20 by max_repetition
[props]   count_pseudo_class_function        0..inf  no governing repetition (recursion or alternative)
[props]   count_pseudo_class_function_in_has       0..inf  no governing repetition (recursion or alternative)
[props]   count_pseudo_class_ident           0..inf  no governing repetition (recursion or alternative)
[props]   count_pseudo_class_selector        0..inf  no governing repetition (recursion or alternative)
[props]   count_pseudo_class_selector_in_has       0..inf  no governing repetition (recursion or alternative)
[props]   count_relative_combinator          0..inf  no governing repetition (recursion or alternative)
[props]   count_relative_selector_list       0..inf  no governing repetition (recursion or alternative)
[props]   count_rparen                       0..inf  no governing repetition (recursion or alternative)
[props]   count_section                      0..inf  governed by <more_node>* in <doc>, capped at 20 by max_repetition
[props]   count_sign                         0..inf  no governing repetition (recursion or alternative)
[props]   count_signed_integer               0..inf  no governing repetition (recursion or alternative)
[props]   count_span                         0..inf  governed by <more_node>* in <doc>, capped at 20 by max_repetition
[props]   count_subclass_selectors           0..inf  no governing repetition (recursion or alternative)
[props]   count_subclass_selectors_in_has       0..inf  no governing repetition (recursion or alternative)
[props]   count_tchar                        0..inf  governed by <more_node>* in <doc>, capped at 20 by max_repetition
[props]   count_text_run                     0..inf  governed by <more_node>* in <doc>, capped at 20 by max_repetition
[props]   count_title_attr                   0..inf  governed by <more_node>* in <doc>, capped at 20 by max_repetition
[props]   count_type_attr                    0..inf  governed by <more_node>* in <doc>, capped at 20 by max_repetition
[props]   count_type_selector                0..inf  no governing repetition (recursion or alternative)
[props]   count_wq_name                      0..inf  no governing repetition (recursion or alternative)
[props] identical to count_attr_matcher_ws, not derived: count_attr_matcher
[props] identical to count_attribute_selector, not derived: count_attr_name, count_lbracket, count_rbracket
[props] identical to count_attrs, not derived: count_attrs_data, count_attrs_id, count_attrs_lang, count_attrs_title
[props] identical to count_complex_selector, not derived: count_compound
[props] identical to count_complex_selector_in_has, not derived: count_compound_in_has
[props] identical to count_digits, not derived: count_digit
[props] identical to count_flow_item, not derived: count_flow_element
[props] identical to count_input, not derived: count_input_attrs, count_input_checked, count_input_disabled, count_input_readonly, count_input_required
[props] identical to count_lang_tag, not derived: count_lang_subtag
[props] identical to count_nth_function, not derived: count_an_plus_b
[props] identical to count_phrasing_item, not derived: count_phrasing_leaf
[props] identical to count_relative_selector_list, not derived: count_relative_selector
[props] identical to count_subclass_selectors, not derived: count_subclass_selector
[props] identical to count_subclass_selectors_in_has, not derived: count_subclass_selector_in_has
[props] identical to count_wq_name, not derived: count_tag
[props] WARNING <complex_selector> is a separated list written as recursion; write it as `<complex_selector> ::= <compound> <more_compound>*` with `<more_compound> ::= <separator> <compound>` so the length can be banded
[props] WARNING <subclass_selectors> is a list written as recursion; write it as `<subclass_selectors> ::= <subclass_selector>+` so the length can be banded
[props] WARNING <attr_ident> is a separated list written as recursion; write it as `<attr_ident> ::= <name> <more_name>*` with `<more_name> ::= <separator> <name>` so the length can be banded
[props] WARNING <complex_selector_in_has> is a separated list written as recursion; write it as `<complex_selector_in_has> ::= <compound_in_has> <more_compound_in_has>*` with `<more_compound_in_has> ::= <separator> <compound_in_has>` so the length can be banded
[props] WARNING <subclass_selectors_in_has> is a list written as recursion; write it as `<subclass_selectors_in_has> ::= <subclass_selector_in_has>+` so the length can be banded
[props] WARNING <digits> is a list written as recursion; write it as `<digits> ::= <digit>+` so the length can be banded
[props] WARNING <class_list> is a separated list written as recursion; write it as `<class_list> ::= <name> <more_name>*` with `<more_name> ::= <separator> <name>` so the length can be banded
[props] WARNING <lang_tag> is a separated list written as recursion; write it as `<lang_tag> ::= <lang_subtag> <more_lang_subtag>*` with `<more_lang_subtag> ::= <separator> <lang_subtag>` so the length can be banded
[props] fixed count, not derived: <doc>, <selector_list>
[css_select_known] properties: ['count_complex_selector_list', 'count_complex_selector', 'count_combinator', 'count_subclass_selectors', 'count_type_selector', 'count_wq_name', 'count_pseudo_class_selector', 'count_id_selector', 'count_class_selector', 'count_attribute_selector', 'count_pseudo_class_ident', 'count_pseudo_class_function', 'count_name', 'count_attr_matcher_ws', 'count_attr_modifier', 'count_attr_value', 'count_lparen', 'count_relative_selector_list', 'count_nth_function', 'count_rparen', 'count_more_complex_selector', 'count_lang_range', 'count_namechar', 'count_attr_value_words', 'count_attr_ident', 'count_more_relative_selector', 'count_comma', 'count_lang_tag', 'count_more_value_word', 'count_relative_combinator', 'count_complex_selector_in_has', 'count_digits', 'count_an_a', 'count_signed_integer', 'count_an_b_sign', 'count_sign', 'count_subclass_selectors_in_has', 'count_pseudo_class_selector_in_has', 'count_pseudo_class_function_in_has', 'count_complex_selector_list_in_has', 'count_more_complex_selector_in_has', 'count_node', 'count_phrasing_element', 'count_em', 'count_phrasing_content', 'count_text_run', 'count_tchar', 'count_phrasing_item', 'count_input', 'count_type_attr', 'count_b', 'count_span', 'count_a', 'count_attrs', 'count_href_attr', 'count_title_attr', 'count_id_attr', 'count_class_attr', 'count_class_list', 'count_lang_attr', 'count_data_attr', 'count_p', 'count_section', 'count_flow_content', 'count_flow_item', 'count_div', 'count_more_node', 'doc_depth', 'doc_bytes', 'selector_len', 'selector_nesting']
[css_select_known] auto-stratified exploration: <more_node>[(0, 0), (1, 1), (2, 4), (5, 10), (11, 24)] x <flow_item>[(1, 1), (2, 3), (4, 6), (7, 12), (13, 24)] x <phrasing_item>[(1, 1), (2, 3), (4, 6), (7, 12), (13, 24)] ...
fandango:WARNING: Symbol <more_node> defined, but not used
fandango:WARNING: Symbol <section> defined, but not used
fandango:WARNING: Symbol <p> defined, but not used
fandango:WARNING: Symbol <section> defined, but not used
fandango:WARNING: Symbol <p> defined, but not used
fandango:WARNING: Symbol <section> defined, but not used
fandango:WARNING: Symbol <p> defined, but not used
fandango:WARNING: Symbol <section> defined, but not used
fandango:WARNING: Symbol <p> defined, but not used
fandango:WARNING: Symbol <section> defined, but not used
fandango:WARNING: Symbol <p> defined, but not used
fandango:WARNING: Symbol <section> defined, but not used
fandango:WARNING: Symbol <div> defined, but not used
fandango:WARNING: Symbol <section> defined, but not used
fandango:WARNING: Symbol <div> defined, but not used
fandango:WARNING: Symbol <section> defined, but not used
fandango:WARNING: Symbol <div> defined, but not used
fandango:WARNING: Symbol <section> defined, but not used
fandango:WARNING: Symbol <div> defined, but not used
fandango:WARNING: Symbol <section> defined, but not used
fandango:WARNING: Symbol <div> defined, but not used
fandango:WARNING: Symbol <section> defined, but not used
fandango:WARNING: Symbol <p> defined, but not used
fandango:WARNING: Symbol <section> defined, but not used
fandango:WARNING: Symbol <p> defined, but not used
fandango:WARNING: Symbol <section> defined, but not used
fandango:WARNING: Symbol <p> defined, but not used
fandango:WARNING: Symbol <section> defined, but not used
fandango:WARNING: Symbol <p> defined, but not used
fandango:WARNING: Symbol <section> defined, but not used
fandango:WARNING: Symbol <p> defined, but not used
fandango:WARNING: Symbol <section> defined, but not used
fandango:WARNING: Symbol <p> defined, but not used
fandango:WARNING: Symbol <section> defined, but not used
fandango:WARNING: Symbol <p> defined, but not used
fandango:WARNING: Symbol <section> defined, but not used
fandango:WARNING: Symbol <p> defined, but not used
fandango:WARNING: Symbol <section> defined, but not used
fandango:WARNING: Symbol <p> defined, but not used
fandango:WARNING: Symbol <section> defined, but not used
fandango:WARNING: Symbol <p> defined, but not used
  [explore] 5 axes, 25 strata, 3/stratum -> 75 inputs
[metrics] css_select_5_1_0: no measurement after 3 failed attempts; leaving this input unmeasured
[metrics] css_select_5_2_0: no measurement after 3 failed attempts; leaving this input unmeasured
[metrics] css_select_5_1_0: no measurement after 3 failed attempts; leaving this input unmeasured
[metrics] css_select_5_1_0: no measurement after 3 failed attempts; leaving this input unmeasured
[metrics] css_select_5_2_0: no measurement after 3 failed attempts; leaving this input unmeasured
[metrics] css_select_5_1_0: no measurement after 3 failed attempts; leaving this input unmeasured
[metrics] css_select_5_1_0: no measurement after 3 failed attempts; leaving this input unmeasured
[metrics] css_select_5_2_0: no measurement after 3 failed attempts; leaving this input unmeasured
[metrics] css_select_5_1_0: no measurement after 3 failed attempts; leaving this input unmeasured
[metrics] css_select_5_2_0: no measurement after 3 failed attempts; leaving this input unmeasured
[metrics] css_select_5_1_0: no measurement after 3 failed attempts; leaving this input unmeasured
[metrics] css_select_5_2_0: no measurement after 3 failed attempts; leaving this input unmeasured
[metrics] css_select_5_1_0: no measurement after 3 failed attempts; leaving this input unmeasured
[metrics] css_select_5_1_0: no measurement after 3 failed attempts; leaving this input unmeasured
[metrics] css_select_5_2_0: no measurement after 3 failed attempts; leaving this input unmeasured
[css_select_known] iter 0 (explore): corpus=150 (+150 new this run)
[select] relevance (max |rho| vs any metric on any system): count_combinator=0.67, count_class_selector=0.60, count_complex_selector=0.66, count_sign=0.12, count_subclass_selectors=0.61, count_type_selector=0.61, count_attr_ident=0.32, selector_len=0.58, count_complex_selector_list_in_has=0.26, count_complex_selector_list=0.56, count_more_complex_selector_in_has=0.26, count_comma=0.54, count_pseudo_class_selector_in_has=0.33, count_attr_matcher_ws=0.54, count_pseudo_class_function_in_has=0.33, count_attr_value=0.54, count_more_relative_selector=0.33, count_id_selector=0.53, count_complex_selector_in_has=0.47, count_pseudo_class_selector=0.53, count_relative_selector_list=0.47, count_more_complex_selector=0.52, count_id_attr=0.15, count_lparen=0.51, count_rparen=0.51, count_flow_item=0.26, selector_nesting=0.51, count_node=0.20, count_pseudo_class_function=0.51, count_text_run=0.33, count_attribute_selector=0.48, count_a=0.32, count_an_a=0.12, count_wq_name=0.42, count_digits=0.12, count_tchar=0.41, count_pseudo_class_ident=0.40, count_attr_modifier=0.40, count_more_value_word=0.21, count_relative_combinator=0.39, count_section=0.38, count_data_attr=0.22, count_subclass_selectors_in_has=0.35, doc_bytes=0.28, count_attrs=0.30, doc_depth=0.33, count_input=0.31, count_title_attr=0.28, count_more_node=0.29, count_name=0.26, count_an_b_sign=0.27, count_div=0.16, count_class_attr=0.19, count_href_attr=0.21, count_namechar=0.22, count_lang_range=0.26, count_class_list=0.23, count_type_attr=0.22, count_lang_attr=0.19, count_attr_value_words=0.21, count_phrasing_element=0.08, count_em=0.09, count_lang_tag=0.20, count_b=0.07, count_flow_content=0.17, count_nth_function=0.14, count_span=0.05, count_p=0.12, count_phrasing_content=0.09, count_phrasing_item=0.07, count_signed_integer=0.00
[select] comparative relevance (max |rho| vs a between-system ratio): count_combinator=0.27, count_class_selector=0.28, count_complex_selector=0.21, count_sign=0.28, count_subclass_selectors=0.16, count_type_selector=0.19, count_attr_ident=0.26, selector_len=0.10, count_complex_selector_list_in_has=0.21, count_complex_selector_list=0.14, count_more_complex_selector_in_has=0.21, count_comma=0.13, count_pseudo_class_selector_in_has=0.21, count_attr_matcher_ws=0.10, count_pseudo_class_function_in_has=0.21, count_attr_value=0.10, count_more_relative_selector=0.21, count_id_selector=0.15, count_complex_selector_in_has=0.20, count_pseudo_class_selector=0.03, count_relative_selector_list=0.20, count_more_complex_selector=0.10, count_id_attr=0.20, count_lparen=0.13, count_rparen=0.13, count_flow_item=0.19, selector_nesting=0.13, count_node=0.19, count_pseudo_class_function=0.12, count_text_run=0.18, count_attribute_selector=0.08, count_a=0.17, count_an_a=0.16, count_wq_name=0.16, count_digits=0.16, count_tchar=0.08, count_pseudo_class_ident=0.02, count_attr_modifier=0.12, count_more_value_word=0.15, count_relative_combinator=0.14, count_section=0.15, count_data_attr=0.15, count_subclass_selectors_in_has=0.08, doc_bytes=0.15, count_attrs=0.15, doc_depth=0.15, count_input=0.13, count_title_attr=0.13, count_more_node=0.03, count_name=0.13, count_an_b_sign=0.05, count_div=0.12, count_class_attr=0.11, count_href_attr=0.11, count_namechar=0.11, count_lang_range=0.10, count_class_list=0.09, count_type_attr=0.08, count_lang_attr=0.10, count_attr_value_words=0.09, count_phrasing_element=0.10, count_em=0.09, count_lang_tag=0.06, count_b=0.08, count_flow_content=0.07, count_nth_function=0.07, count_span=0.07, count_p=0.05, count_phrasing_content=0.06, count_phrasing_item=0.05, count_signed_integer=0.00
[select] scored on the comparison rather than on the metric: count_sign (0.12 -> 0.28), count_id_attr (0.15 -> 0.20)
[select] kept count_signed_integer despite |rho|=0.00: its axis is not explored yet, so a low score there is absence of data rather than absence of effect
[select] dropped count_class_selector: |rho|=0.82 with count_combinator, which is already kept
[select] dropped count_complex_selector: |rho|=0.96 with count_combinator, which is already kept
[select] dropped count_subclass_selectors: |rho|=0.84 with count_combinator, which is already kept
[select] dropped count_type_selector: |rho|=0.91 with count_combinator, which is already kept
[select] dropped selector_len: |rho|=0.83 with count_combinator, which is already kept
[select] dropped count_complex_selector_list: over the 4-property cap
[select] dropped count_more_complex_selector_in_has: over the 4-property cap
[select] dropped count_comma: over the 4-property cap
[select] dropped count_pseudo_class_selector_in_has: over the 4-property cap
[select] dropped count_attr_matcher_ws: over the 4-property cap
[select] dropped count_pseudo_class_function_in_has: over the 4-property cap
[select] dropped count_attr_value: over the 4-property cap
[select] dropped count_more_relative_selector: over the 4-property cap
[select] dropped count_id_selector: over the 4-property cap
[select] dropped count_complex_selector_in_has: over the 4-property cap
[select] dropped count_pseudo_class_selector: over the 4-property cap
[select] dropped count_relative_selector_list: over the 4-property cap
[select] dropped count_more_complex_selector: over the 4-property cap
[select] dropped count_id_attr: over the 4-property cap
[select] dropped count_lparen: over the 4-property cap
[select] dropped count_rparen: over the 4-property cap
[select] dropped count_flow_item: over the 4-property cap
[select] dropped selector_nesting: over the 4-property cap
[select] dropped count_node: over the 4-property cap
[select] dropped count_pseudo_class_function: over the 4-property cap
[select] dropped count_text_run: over the 4-property cap
[select] dropped count_attribute_selector: over the 4-property cap
[select] dropped count_a: over the 4-property cap
[select] dropped count_an_a: over the 4-property cap
[select] dropped count_wq_name: over the 4-property cap
[select] dropped count_digits: over the 4-property cap
[select] dropped count_tchar: over the 4-property cap
[select] dropped count_pseudo_class_ident: over the 4-property cap
[select] dropped count_attr_modifier: over the 4-property cap
[select] dropped count_more_value_word: over the 4-property cap
[select] dropped count_relative_combinator: over the 4-property cap
[select] dropped count_section: over the 4-property cap
[select] dropped count_data_attr: over the 4-property cap
[select] dropped count_subclass_selectors_in_has: over the 4-property cap
[select] dropped doc_bytes: over the 4-property cap
[select] dropped count_attrs: over the 4-property cap
[select] dropped doc_depth: over the 4-property cap
[select] dropped count_input: over the 4-property cap
[select] dropped count_title_attr: over the 4-property cap
[select] dropped count_more_node: over the 4-property cap
[select] dropped count_name: over the 4-property cap
[select] dropped count_an_b_sign: over the 4-property cap
[select] dropped count_div: over the 4-property cap
[select] dropped count_class_attr: over the 4-property cap
[select] dropped count_href_attr: over the 4-property cap
[select] dropped count_namechar: over the 4-property cap
[select] dropped count_lang_range: over the 4-property cap
[select] dropped count_class_list: over the 4-property cap
[select] dropped count_type_attr: over the 4-property cap
[select] dropped count_lang_attr: over the 4-property cap
[select] dropped count_attr_value_words: over the 4-property cap
[select] dropped count_phrasing_element: over the 4-property cap
[select] dropped count_em: over the 4-property cap
[select] dropped count_lang_tag: over the 4-property cap
[select] dropped count_b: over the 4-property cap
[select] dropped count_flow_content: over the 4-property cap
[select] dropped count_nth_function: over the 4-property cap
[select] dropped count_span: over the 4-property cap
[select] dropped count_p: over the 4-property cap
[select] dropped count_phrasing_content: over the 4-property cap
[select] dropped count_phrasing_item: over the 4-property cap
[select] dropped count_signed_integer: over the 4-property cap
[select] count_combinator stands for count_class_selector, count_complex_selector, count_subclass_selectors, count_type_selector, selector_len (indistinguishable here)
[select] joint fit uses 4 of 71 properties: count_combinator, count_attr_ident, count_sign, count_complex_selector_list_in_has (1,296 model fits)
[css_select_known] loop targets 4 of 71 properties: count_combinator, count_attr_ident, count_sign, count_complex_selector_list_in_has
[css_select_known] targeting 8 regions: runtime_ns_divergence, count_attr_ident_dominance, count_sign_undecided, count_complex_selector_list_in_has_beyond, runtime_ns_high, count_attr_ident_edge, runtime_ns_sparse0, count_complex_selector_list_in_has_sparse1
[metrics] css_select_5_1_0: no measurement after 3 failed attempts; leaving this input unmeasured
[metrics] css_select_5_2_0: no measurement after 3 failed attempts; leaving this input unmeasured
  [runtime_ns_divergence] 14s: +1 new input(s), 1 distinct shape(s), 0 measured
  [count_attr_ident_dominance] settling count_attr_ident =0 would decide 1 dominance verdict(s): css_select_5_1_0 vs css_select_5_2_0 (runtime_ns undecided)
  [count_attr_ident_dominance] 8s: +7 new input(s), 3 distinct shape(s), 7 measured
  [count_sign_undecided] 2 comparison(s) undecided in count_sign =1: css_select_5_1_0 vs css_select_5_2_0 on runtime_ns and 1 more
[metrics] css_select_5_1_0: no measurement after 3 failed attempts; leaving this input unmeasured
[metrics] css_select_5_2_0: no measurement after 3 failed attempts; leaving this input unmeasured
  [count_sign_undecided] 15s: +7 new input(s), 4 distinct shape(s), 7 measured
  [count_complex_selector_list_in_has_beyond] rung 1
[WARNING] Fandango did not generate any valid inputs.
  [count_complex_selector_list_in_has_beyond] 50s: no new inputs
[metrics] css_select_5_1_0: no measurement after 3 failed attempts; leaving this input unmeasured
[metrics] css_select_5_1_0: no measurement after 3 failed attempts; leaving this input unmeasured
[metrics] css_select_5_1_0: no measurement after 3 failed attempts; leaving this input unmeasured
  [runtime_ns_high] 20s: no new inputs
[metrics] css_select_5_1_0: no measurement after 3 failed attempts; leaving this input unmeasured
[metrics] css_select_5_1_0: no measurement after 3 failed attempts; leaving this input unmeasured
[metrics] css_select_5_2_0: no measurement after 3 failed attempts; leaving this input unmeasured
[metrics] css_select_5_1_0: no measurement after 3 failed attempts; leaving this input unmeasured
[metrics] css_select_5_2_0: no measurement after 3 failed attempts; leaving this input unmeasured
[metrics] css_select_5_1_0: no measurement after 3 failed attempts; leaving this input unmeasured
  [count_attr_ident_edge] 18s: no new inputs
[metrics] css_select_5_1_0: no measurement after 3 failed attempts; leaving this input unmeasured
[metrics] css_select_5_1_0: no measurement after 3 failed attempts; leaving this input unmeasured
[metrics] css_select_5_1_0: no measurement after 3 failed attempts; leaving this input unmeasured
[metrics] css_select_5_1_0: no measurement after 3 failed attempts; leaving this input unmeasured
[metrics] css_select_5_1_0: no measurement after 3 failed attempts; leaving this input unmeasured
[metrics] css_select_5_1_0: no measurement after 3 failed attempts; leaving this input unmeasured
[metrics] css_select_5_1_0: no measurement after 3 failed attempts; leaving this input unmeasured
[metrics] css_select_5_1_0: no measurement after 3 failed attempts; leaving this input unmeasured
[metrics] css_select_5_1_0: no measurement after 3 failed attempts; leaving this input unmeasured
[metrics] css_select_5_1_0: no measurement after 3 failed attempts; leaving this input unmeasured
  [runtime_ns_sparse0] 14s: +9 new input(s), 1 distinct shape(s), 9 measured
[metrics] css_select_5_1_0: no measurement after 3 failed attempts; leaving this input unmeasured
[metrics] css_select_5_2_0: no measurement after 3 failed attempts; leaving this input unmeasured
[metrics] css_select_5_1_0: no measurement after 3 failed attempts; leaving this input unmeasured
[metrics] css_select_5_2_0: no measurement after 3 failed attempts; leaving this input unmeasured
[metrics] css_select_5_1_0: no measurement after 3 failed attempts; leaving this input unmeasured
[metrics] css_select_5_2_0: no measurement after 3 failed attempts; leaving this input unmeasured
[metrics] css_select_5_1_0: no measurement after 3 failed attempts; leaving this input unmeasured
[metrics] css_select_5_2_0: no measurement after 3 failed attempts; leaving this input unmeasured
[metrics] css_select_5_1_0: no measurement after 3 failed attempts; leaving this input unmeasured
[metrics] css_select_5_2_0: no measurement after 3 failed attempts; leaving this input unmeasured
  [count_complex_selector_list_in_has_sparse1] 16s: +10 new input(s), 4 distinct shape(s), 5 measured
[css_select_known] iter 1: corpus=218 (+68 new)
[select] relevance (max |rho| vs any metric on any system): count_combinator=0.81, count_attr_ident=0.59, count_complex_selector=0.79, count_lang_range=0.30, count_type_selector=0.77, count_class_selector=0.77, count_subclass_selectors=0.77, count_id_selector=0.73, count_comma=0.74, count_more_complex_selector=0.68, selector_len=0.73, count_complex_selector_list=0.72, count_pseudo_class_selector=0.72, count_attr_matcher_ws=0.70, selector_nesting=0.71, count_attr_value=0.70, count_lparen=0.71, count_more_relative_selector=0.45, count_rparen=0.71, count_pseudo_class_function_in_has=0.45, count_pseudo_class_function=0.70, count_pseudo_class_selector_in_has=0.45, count_complex_selector_in_has=0.65, count_more_complex_selector_in_has=0.19, count_attribute_selector=0.69, count_relative_selector_list=0.65, count_pseudo_class_ident=0.68, count_subclass_selectors_in_has=0.46, count_wq_name=0.67, count_class_attr=0.30, count_id_attr=0.28, count_complex_selector_list_in_has=0.41, count_attr_modifier=0.60, count_node=0.26, count_relative_combinator=0.48, count_class_list=0.28, count_more_node=0.44, count_text_run=0.13, doc_depth=0.21, count_p=0.31, count_namechar=0.10, count_section=0.30, count_a=0.19, count_lang_tag=0.30, count_signed_integer=0.17, count_lang_attr=0.28, count_attrs=0.17, count_phrasing_content=0.24, count_name=0.16, count_data_attr=0.24, count_href_attr=0.20, count_tchar=0.24, count_an_b_sign=0.22, count_flow_item=0.16, count_b=0.22, count_title_attr=0.21, count_an_a=0.22, doc_bytes=0.20, count_input=0.21, count_attr_value_words=0.20, count_more_value_word=0.17, count_phrasing_element=0.21, count_digits=0.15, count_phrasing_item=0.20, count_nth_function=0.14, count_span=0.19, count_type_attr=0.19, count_div=0.10, count_em=0.16, count_flow_content=0.09, count_sign=0.10
[select] comparative relevance (max |rho| vs a between-system ratio): count_combinator=0.23, count_attr_ident=0.29, count_complex_selector=0.23, count_lang_range=0.28, count_type_selector=0.18, count_class_selector=0.25, count_subclass_selectors=0.21, count_id_selector=0.24, count_comma=0.17, count_more_complex_selector=0.22, selector_len=0.17, count_complex_selector_list=0.21, count_pseudo_class_selector=0.12, count_attr_matcher_ws=0.20, selector_nesting=0.15, count_attr_value=0.20, count_lparen=0.15, count_more_relative_selector=0.20, count_rparen=0.15, count_pseudo_class_function_in_has=0.20, count_pseudo_class_function=0.17, count_pseudo_class_selector_in_has=0.19, count_complex_selector_in_has=0.19, count_more_complex_selector_in_has=0.19, count_attribute_selector=0.17, count_relative_selector_list=0.18, count_pseudo_class_ident=0.12, count_subclass_selectors_in_has=0.18, count_wq_name=0.15, count_class_attr=0.18, count_id_attr=0.17, count_complex_selector_list_in_has=0.17, count_attr_modifier=0.16, count_node=0.17, count_relative_combinator=0.17, count_class_list=0.17, count_more_node=0.09, count_text_run=0.16, doc_depth=0.16, count_p=0.03, count_namechar=0.16, count_section=0.06, count_a=0.16, count_lang_tag=0.12, count_signed_integer=0.15, count_lang_attr=0.12, count_attrs=0.15, count_phrasing_content=0.03, count_name=0.14, count_data_attr=0.13, count_href_attr=0.14, count_tchar=0.10, count_an_b_sign=0.06, count_flow_item=0.13, count_b=0.06, count_title_attr=0.13, count_an_a=0.10, doc_bytes=0.13, count_input=0.11, count_attr_value_words=0.13, count_more_value_word=0.12, count_phrasing_element=0.02, count_digits=0.11, count_phrasing_item=0.03, count_nth_function=0.11, count_span=0.06, count_type_attr=0.04, count_div=0.11, count_em=0.07, count_flow_content=0.07, count_sign=0.05
[select] scored on the comparison rather than on the metric: count_namechar (0.10 -> 0.16)
[select] dropped count_complex_selector: |rho|=0.95 with count_combinator, which is already kept
[select] dropped count_type_selector: |rho|=0.95 with count_combinator, which is already kept
[select] dropped count_class_selector: |rho|=0.91 with count_combinator, which is already kept
[select] dropped count_subclass_selectors: |rho|=0.89 with count_combinator, which is already kept
[select] dropped count_id_selector: |rho|=0.87 with count_combinator, which is already kept
[select] dropped count_comma: |rho|=0.85 with count_combinator, which is already kept
[select] dropped selector_len: over the 4-property cap
[select] dropped count_complex_selector_list: over the 4-property cap
[select] dropped count_pseudo_class_selector: over the 4-property cap
[select] dropped count_attr_matcher_ws: over the 4-property cap
[select] dropped selector_nesting: over the 4-property cap
[select] dropped count_attr_value: over the 4-property cap
[select] dropped count_lparen: over the 4-property cap
[select] dropped count_more_relative_selector: over the 4-property cap
[select] dropped count_rparen: over the 4-property cap
[select] dropped count_pseudo_class_function_in_has: over the 4-property cap
[select] dropped count_pseudo_class_function: over the 4-property cap
[select] dropped count_pseudo_class_selector_in_has: over the 4-property cap
[select] dropped count_complex_selector_in_has: over the 4-property cap
[select] dropped count_more_complex_selector_in_has: over the 4-property cap
[select] dropped count_attribute_selector: over the 4-property cap
[select] dropped count_relative_selector_list: over the 4-property cap
[select] dropped count_pseudo_class_ident: over the 4-property cap
[select] dropped count_subclass_selectors_in_has: over the 4-property cap
[select] dropped count_wq_name: over the 4-property cap
[select] dropped count_class_attr: over the 4-property cap
[select] dropped count_id_attr: over the 4-property cap
[select] dropped count_complex_selector_list_in_has: over the 4-property cap
[select] dropped count_attr_modifier: over the 4-property cap
[select] dropped count_node: over the 4-property cap
[select] dropped count_relative_combinator: over the 4-property cap
[select] dropped count_class_list: over the 4-property cap
[select] dropped count_more_node: over the 4-property cap
[select] dropped count_text_run: over the 4-property cap
[select] dropped doc_depth: over the 4-property cap
[select] dropped count_p: over the 4-property cap
[select] dropped count_namechar: over the 4-property cap
[select] dropped count_section: over the 4-property cap
[select] dropped count_a: over the 4-property cap
[select] dropped count_lang_tag: over the 4-property cap
[select] dropped count_signed_integer: over the 4-property cap
[select] dropped count_lang_attr: over the 4-property cap
[select] dropped count_attrs: over the 4-property cap
[select] dropped count_phrasing_content: over the 4-property cap
[select] dropped count_name: over the 4-property cap
[select] dropped count_data_attr: over the 4-property cap
[select] dropped count_href_attr: over the 4-property cap
[select] dropped count_tchar: over the 4-property cap
[select] dropped count_an_b_sign: over the 4-property cap
[select] dropped count_flow_item: over the 4-property cap
[select] dropped count_b: over the 4-property cap
[select] dropped count_title_attr: over the 4-property cap
[select] dropped count_an_a: over the 4-property cap
[select] dropped doc_bytes: over the 4-property cap
[select] dropped count_input: over the 4-property cap
[select] dropped count_attr_value_words: over the 4-property cap
[select] dropped count_more_value_word: over the 4-property cap
[select] dropped count_phrasing_element: over the 4-property cap
[select] dropped count_digits: over the 4-property cap
[select] dropped count_phrasing_item: over the 4-property cap
[select] dropped count_nth_function: over the 4-property cap
[select] dropped count_span: over the 4-property cap
[select] dropped count_type_attr: over the 4-property cap
[select] dropped count_div: over the 4-property cap
[select] dropped count_em: over the 4-property cap
[select] dropped count_flow_content: over the 4-property cap
[select] dropped count_sign: over the 4-property cap
[select] count_combinator stands for count_complex_selector, count_type_selector, count_class_selector, count_subclass_selectors, count_id_selector, count_comma (indistinguishable here)
[select] joint fit uses 4 of 71 properties: count_combinator, count_more_complex_selector, count_lang_range, count_attr_ident (1,296 model fits)
[css_select_known] loop targets 4 of 71 properties: count_combinator, count_more_complex_selector, count_lang_range, count_attr_ident
[css_select_known] targeting 8 regions: runtime_ns_divergence, count_more_complex_selector_dominance, count_lang_range_undecided, count_attr_ident_beyond, runtime_ns_high, count_more_complex_selector_edge, runtime_ns_sparse0, count_attr_ident_sparse8
  [runtime_ns_divergence] 9s: no new inputs
  [count_more_complex_selector_dominance] settling count_more_complex_selector =0 would decide 1 dominance verdict(s): css_select_5_1_0 vs css_select_5_2_0 (runtime_ns undecided)
  [count_more_complex_selector_dominance] 9s: +7 new input(s), 3 distinct shape(s), 7 measured
  [count_lang_range_undecided] 2 comparison(s) undecided in count_lang_range [1,1.333): css_select_5_1_0 vs css_select_5_2_0 on runtime_ns and 1 more
[metrics] css_select_5_1_0: no measurement after 3 failed attempts; leaving this input unmeasured
[metrics] css_select_5_2_0: no measurement after 3 failed attempts; leaving this input unmeasured
[metrics] css_select_5_1_0: no measurement after 3 failed attempts; leaving this input unmeasured
[metrics] css_select_5_2_0: no measurement after 3 failed attempts; leaving this input unmeasured
[metrics] css_select_5_1_0: no measurement after 3 failed attempts; leaving this input unmeasured
[metrics] css_select_5_2_0: no measurement after 3 failed attempts; leaving this input unmeasured
[metrics] css_select_5_1_0: no measurement after 3 failed attempts; leaving this input unmeasured
[metrics] css_select_5_2_0: no measurement after 3 failed attempts; leaving this input unmeasured
[metrics] css_select_5_1_0: no measurement after 3 failed attempts; leaving this input unmeasured
[metrics] css_select_5_2_0: no measurement after 3 failed attempts; leaving this input unmeasured
  [count_lang_range_undecided] 18s: +7 new input(s), 6 distinct shape(s), 4 measured
  [count_attr_ident_beyond] rung 2
[budget] generation cut at 300s after 5 generations (9 solutions); this request is not reproducible
[metrics] css_select_5_1_0: no measurement after 3 failed attempts; leaving this input unmeasured
[metrics] css_select_5_2_0: no measurement after 3 failed attempts; leaving this input unmeasured
  [count_attr_ident_beyond] 444s: +9 new input(s), 7 distinct shape(s), 8 measured [CUT: generation budget, not reproducible]
[metrics] css_select_5_1_0: no measurement after 3 failed attempts; leaving this input unmeasured
[metrics] css_select_5_1_0: no measurement after 3 failed attempts; leaving this input unmeasured
[metrics] css_select_5_1_0: no measurement after 3 failed attempts; leaving this input unmeasured
[metrics] css_select_5_1_0: no measurement after 3 failed attempts; leaving this input unmeasured
[metrics] css_select_5_1_0: no measurement after 3 failed attempts; leaving this input unmeasured
[metrics] css_select_5_1_0: no measurement after 3 failed attempts; leaving this input unmeasured
  [runtime_ns_high] 15s: no new inputs
[metrics] css_select_5_1_0: no measurement after 3 failed attempts; leaving this input unmeasured
[metrics] css_select_5_1_0: no measurement after 3 failed attempts; leaving this input unmeasured
[metrics] css_select_5_1_0: no measurement after 3 failed attempts; leaving this input unmeasured
[metrics] css_select_5_1_0: no measurement after 3 failed attempts; leaving this input unmeasured
[metrics] css_select_5_2_0: no measurement after 3 failed attempts; leaving this input unmeasured
[metrics] css_select_5_1_0: no measurement after 3 failed attempts; leaving this input unmeasured
[metrics] css_select_5_1_0: no measurement after 3 failed attempts; leaving this input unmeasured
[metrics] css_select_5_1_0: no measurement after 3 failed attempts; leaving this input unmeasured
  [count_more_complex_selector_edge] 11s: no new inputs
  [runtime_ns_sparse0] 13s: +9 new input(s), 1 distinct shape(s), 9 measured
[metrics] css_select_5_1_0: no measurement after 3 failed attempts; leaving this input unmeasured
[metrics] css_select_5_1_0: no measurement after 3 failed attempts; leaving this input unmeasured
[metrics] css_select_5_1_0: no measurement after 3 failed attempts; leaving this input unmeasured
[metrics] css_select_5_1_0: no measurement after 3 failed attempts; leaving this input unmeasured
[metrics] css_select_5_1_0: no measurement after 3 failed attempts; leaving this input unmeasured
[metrics] css_select_5_1_0: no measurement after 3 failed attempts; leaving this input unmeasured
[metrics] css_select_5_1_0: no measurement after 3 failed attempts; leaving this input unmeasured
[metrics] css_select_5_1_0: no measurement after 3 failed attempts; leaving this input unmeasured
[metrics] css_select_5_2_0: no measurement after 3 failed attempts; leaving this input unmeasured
[metrics] css_select_5_1_0: no measurement after 3 failed attempts; leaving this input unmeasured
[metrics] css_select_5_1_0: no measurement after 3 failed attempts; leaving this input unmeasured
  [count_attr_ident_sparse8] 34s: +10 new input(s), 2 distinct shape(s), 9 measured
[css_select_known] iter 2: corpus=302 (+84 new)
[select] relevance (max |rho| vs any metric on any system): count_combinator=0.85, count_more_complex_selector_in_has=0.48, count_complex_selector=0.83, count_comma=0.81, count_type_selector=0.82, count_subclass_selectors=0.81, count_pseudo_class_ident=0.81, count_complex_selector_list_in_has=0.55, count_pseudo_class_selector=0.80, count_class_selector=0.80, count_id_selector=0.80, selector_nesting=0.79, count_pseudo_class_selector_in_has=0.65, count_lparen=0.78, count_complex_selector_list=0.77, count_rparen=0.78, count_wq_name=0.76, count_pseudo_class_function=0.77, selector_len=0.76, count_attr_ident=0.55, count_attribute_selector=0.74, count_more_complex_selector=0.72, count_complex_selector_in_has=0.74, count_relative_selector_list=0.73, count_pseudo_class_function_in_has=0.65, count_attr_matcher_ws=0.73, count_attr_value=0.73, count_more_relative_selector=0.64, count_subclass_selectors_in_has=0.64, count_relative_combinator=0.63, count_attr_modifier=0.61, count_namechar=0.21, count_class_attr=0.46, count_more_node=0.46, count_class_list=0.44, count_lang_tag=0.45, doc_depth=0.34, count_id_attr=0.44, count_attr_value_words=0.28, count_data_attr=0.39, count_lang_attr=0.42, count_signed_integer=0.15, count_tchar=0.40, count_a=0.39, count_em=0.23, count_title_attr=0.39, count_node=0.37, count_attrs=0.37, count_href_attr=0.35, count_p=0.36, doc_bytes=0.36, count_name=0.18, count_phrasing_content=0.35, count_div=0.19, count_more_value_word=0.22, count_b=0.33, count_section=0.33, count_phrasing_element=0.29, count_text_run=0.33, count_phrasing_item=0.30, count_digits=0.11, count_input=0.30, count_span=0.28, count_lang_range=0.25, count_nth_function=0.09, count_type_attr=0.24, count_an_a=0.16, count_an_b_sign=0.24, count_flow_item=0.23, count_flow_content=0.14, count_sign=0.10
[select] comparative relevance (max |rho| vs a between-system ratio): count_combinator=0.31, count_more_complex_selector_in_has=0.47, count_complex_selector=0.32, count_comma=0.33, count_type_selector=0.29, count_subclass_selectors=0.29, count_pseudo_class_ident=0.32, count_complex_selector_list_in_has=0.30, count_pseudo_class_selector=0.23, count_class_selector=0.29, count_id_selector=0.24, selector_nesting=0.25, count_pseudo_class_selector_in_has=0.28, count_lparen=0.25, count_complex_selector_list=0.27, count_rparen=0.25, count_wq_name=0.25, count_pseudo_class_function=0.23, selector_len=0.22, count_attr_ident=0.25, count_attribute_selector=0.23, count_more_complex_selector=0.24, count_complex_selector_in_has=0.20, count_relative_selector_list=0.22, count_pseudo_class_function_in_has=0.24, count_attr_matcher_ws=0.22, count_attr_value=0.22, count_more_relative_selector=0.22, count_subclass_selectors_in_has=0.16, count_relative_combinator=0.19, count_attr_modifier=0.13, count_namechar=0.17, count_class_attr=0.16, count_more_node=0.13, count_class_list=0.16, count_lang_tag=0.13, doc_depth=0.15, count_id_attr=0.09, count_attr_value_words=0.14, count_data_attr=0.14, count_lang_attr=0.13, count_signed_integer=0.13, count_tchar=0.09, count_a=0.08, count_em=0.13, count_title_attr=0.11, count_node=0.07, count_attrs=0.09, count_href_attr=0.13, count_p=0.09, doc_bytes=0.12, count_name=0.12, count_phrasing_content=0.08, count_div=0.12, count_more_value_word=0.11, count_b=0.11, count_section=0.08, count_phrasing_element=0.10, count_text_run=0.10, count_phrasing_item=0.06, count_digits=0.09, count_input=0.08, count_span=0.07, count_lang_range=0.04, count_nth_function=0.09, count_type_attr=0.04, count_an_a=0.09, count_an_b_sign=0.06, count_flow_item=0.06, count_flow_content=0.07, count_sign=0.03
[select] dropped count_complex_selector: |rho|=0.96 with count_combinator, which is already kept
[select] dropped count_comma: |rho|=0.87 with count_combinator, which is already kept
[select] dropped count_type_selector: |rho|=0.96 with count_combinator, which is already kept
[select] dropped count_subclass_selectors: |rho|=0.90 with count_combinator, which is already kept
[select] dropped count_pseudo_class_ident: |rho|=0.81 with count_combinator, which is already kept
[select] dropped count_pseudo_class_selector: |rho|=0.85 with count_combinator, which is already kept
[select] dropped count_class_selector: |rho|=0.92 with count_combinator, which is already kept
[select] dropped count_id_selector: |rho|=0.91 with count_combinator, which is already kept
[select] dropped selector_nesting: |rho|=0.88 with count_combinator, which is already kept
[select] dropped count_pseudo_class_selector_in_has: |rho|=0.88 with count_complex_selector_list_in_has, which is already kept
[select] dropped count_lparen: |rho|=0.86 with count_combinator, which is already kept
[select] dropped count_complex_selector_list: |rho|=0.83 with count_combinator, which is already kept
[select] dropped count_rparen: |rho|=0.86 with count_combinator, which is already kept
[select] dropped count_wq_name: |rho|=0.90 with count_combinator, which is already kept
[select] dropped count_pseudo_class_function: |rho|=0.85 with count_combinator, which is already kept
[select] dropped selector_len: |rho|=0.80 with count_combinator, which is already kept
[select] dropped count_attribute_selector: over the 4-property cap
[select] dropped count_more_complex_selector: over the 4-property cap
[select] dropped count_complex_selector_in_has: over the 4-property cap
[select] dropped count_relative_selector_list: over the 4-property cap
[select] dropped count_pseudo_class_function_in_has: over the 4-property cap
[select] dropped count_attr_matcher_ws: over the 4-property cap
[select] dropped count_attr_value: over the 4-property cap
[select] dropped count_more_relative_selector: over the 4-property cap
[select] dropped count_subclass_selectors_in_has: over the 4-property cap
[select] dropped count_relative_combinator: over the 4-property cap
[select] dropped count_attr_modifier: over the 4-property cap
[select] dropped count_namechar: over the 4-property cap
[select] dropped count_class_attr: over the 4-property cap
[select] dropped count_more_node: over the 4-property cap
[select] dropped count_class_list: over the 4-property cap
[select] dropped count_lang_tag: over the 4-property cap
[select] dropped doc_depth: over the 4-property cap
[select] dropped count_id_attr: over the 4-property cap
[select] dropped count_attr_value_words: over the 4-property cap
[select] dropped count_data_attr: over the 4-property cap
[select] dropped count_lang_attr: over the 4-property cap
[select] dropped count_signed_integer: over the 4-property cap
[select] dropped count_tchar: over the 4-property cap
[select] dropped count_a: over the 4-property cap
[select] dropped count_em: over the 4-property cap
[select] dropped count_title_attr: over the 4-property cap
[select] dropped count_node: over the 4-property cap
[select] dropped count_attrs: over the 4-property cap
[select] dropped count_href_attr: over the 4-property cap
[select] dropped count_p: over the 4-property cap
[select] dropped doc_bytes: over the 4-property cap
[select] dropped count_name: over the 4-property cap
[select] dropped count_phrasing_content: over the 4-property cap
[select] dropped count_div: over the 4-property cap
[select] dropped count_more_value_word: over the 4-property cap
[select] dropped count_b: over the 4-property cap
[select] dropped count_section: over the 4-property cap
[select] dropped count_phrasing_element: over the 4-property cap
[select] dropped count_text_run: over the 4-property cap
[select] dropped count_phrasing_item: over the 4-property cap
[select] dropped count_digits: over the 4-property cap
[select] dropped count_input: over the 4-property cap
[select] dropped count_span: over the 4-property cap
[select] dropped count_lang_range: over the 4-property cap
[select] dropped count_nth_function: over the 4-property cap
[select] dropped count_type_attr: over the 4-property cap
[select] dropped count_an_a: over the 4-property cap
[select] dropped count_an_b_sign: over the 4-property cap
[select] dropped count_flow_item: over the 4-property cap
[select] dropped count_flow_content: over the 4-property cap
[select] dropped count_sign: over the 4-property cap
[select] count_combinator stands for count_complex_selector, count_comma, count_type_selector, count_subclass_selectors, count_pseudo_class_ident, count_pseudo_class_selector, count_class_selector, count_id_selector, selector_nesting, count_lparen, count_complex_selector_list, count_rparen, count_wq_name, count_pseudo_class_function, selector_len (indistinguishable here)
[select] count_complex_selector_list_in_has stands for count_pseudo_class_selector_in_has (indistinguishable here)
[select] joint fit uses 4 of 71 properties: count_combinator, count_attr_ident, count_complex_selector_list_in_has, count_more_complex_selector_in_has (1,296 model fits)
[css_select_known] loop targets 4 of 71 properties: count_combinator, count_attr_ident, count_complex_selector_list_in_has, count_more_complex_selector_in_has
[css_select_known] targeting 8 regions: runtime_ns_divergence, count_combinator_dominance, count_complex_selector_list_in_has_undecided, count_more_complex_selector_in_has_beyond, runtime_ns_high, count_attr_ident_edge, runtime_ns_sparse0, count_more_complex_selector_in_has_sparse1
  [seeds] skipped 1 seed(s) over 4096B; parsing one costs more than the request it would seed
  [runtime_ns_divergence] 8s: +1 new input(s), 1 distinct shape(s), 1 measured
  [count_combinator_dominance] settling count_combinator [1,1.71) would decide 1 dominance verdict(s): css_select_5_1_0 vs css_select_5_2_0 (runtime_ns undecided)
[metrics] css_select_5_1_0: no measurement after 3 failed attempts; leaving this input unmeasured
[metrics] css_select_5_2_0: no measurement after 3 failed attempts; leaving this input unmeasured
  [count_combinator_dominance] 12s: +7 new input(s), 2 distinct shape(s), 6 measured
  [count_complex_selector_list_in_has_undecided] 2 comparison(s) undecided in count_complex_selector_list_in_has [1,2): css_select_5_1_0 vs css_select_5_2_0 on runtime_ns and 1 more
[metrics] css_select_5_1_0: no measurement after 3 failed attempts; leaving this input unmeasured
[metrics] css_select_5_2_0: no measurement after 3 failed attempts; leaving this input unmeasured
[metrics] css_select_5_1_0: no measurement after 3 failed attempts; leaving this input unmeasured
[metrics] css_select_5_2_0: no measurement after 3 failed attempts; leaving this input unmeasured
  [count_complex_selector_list_in_has_undecided] 19s: +7 new input(s), 1 distinct shape(s), 7 measured
  [count_more_complex_selector_in_has_beyond] rung 1
[WARNING] Fandango did not generate any valid inputs.
  [count_more_complex_selector_in_has_beyond] 56s: no new inputs
[metrics] css_select_5_1_0: no measurement after 3 failed attempts; leaving this input unmeasured
[metrics] css_select_5_1_0: no measurement after 3 failed attempts; leaving this input unmeasured
[metrics] css_select_5_1_0: no measurement after 3 failed attempts; leaving this input unmeasured
[metrics] css_select_5_1_0: no measurement after 3 failed attempts; leaving this input unmeasured
[metrics] css_select_5_1_0: no measurement after 3 failed attempts; leaving this input unmeasured
[metrics] css_select_5_1_0: no measurement after 3 failed attempts; leaving this input unmeasured
  [runtime_ns_high] 9s: no new inputs
[metrics] css_select_5_1_0: no measurement after 3 failed attempts; leaving this input unmeasured
[metrics] css_select_5_1_0: no measurement after 3 failed attempts; leaving this input unmeasured
[metrics] css_select_5_2_0: no measurement after 3 failed attempts; leaving this input unmeasured
[metrics] css_select_5_1_0: no measurement after 3 failed attempts; leaving this input unmeasured
[metrics] css_select_5_1_0: no measurement after 3 failed attempts; leaving this input unmeasured
[metrics] css_select_5_1_0: no measurement after 3 failed attempts; leaving this input unmeasured
[metrics] css_select_5_1_0: no measurement after 3 failed attempts; leaving this input unmeasured
[metrics] css_select_5_1_0: no measurement after 3 failed attempts; leaving this input unmeasured
[metrics] css_select_5_1_0: no measurement after 3 failed attempts; leaving this input unmeasured
[metrics] css_select_5_1_0: no measurement after 3 failed attempts; leaving this input unmeasured
  [count_attr_ident_edge] 8s: no new inputs
  [seeds] skipped 1 seed(s) over 4096B; parsing one costs more than the request it would seed
[metrics] css_select_5_1_0: no measurement after 3 failed attempts; leaving this input unmeasured
[metrics] css_select_5_1_0: no measurement after 3 failed attempts; leaving this input unmeasured
[metrics] css_select_5_1_0: no measurement after 3 failed attempts; leaving this input unmeasured
[metrics] css_select_5_1_0: no measurement after 3 failed attempts; leaving this input unmeasured
[metrics] css_select_5_2_0: no measurement after 3 failed attempts; leaving this input unmeasured
[metrics] css_select_5_1_0: no measurement after 3 failed attempts; leaving this input unmeasured
[metrics] css_select_5_1_0: no measurement after 3 failed attempts; leaving this input unmeasured
[metrics] css_select_5_1_0: no measurement after 3 failed attempts; leaving this input unmeasured
[metrics] css_select_5_1_0: no measurement after 3 failed attempts; leaving this input unmeasured
[metrics] css_select_5_1_0: no measurement after 3 failed attempts; leaving this input unmeasured
[metrics] css_select_5_2_0: no measurement after 3 failed attempts; leaving this input unmeasured
[metrics] css_select_5_1_0: no measurement after 3 failed attempts; leaving this input unmeasured
  [runtime_ns_sparse0] 14s: +9 new input(s), 5 distinct shape(s), 7 measured
[metrics] css_select_5_1_0: no measurement after 3 failed attempts; leaving this input unmeasured
[metrics] css_select_5_1_0: no measurement after 3 failed attempts; leaving this input unmeasured
[metrics] css_select_5_2_0: no measurement after 3 failed attempts; leaving this input unmeasured
[metrics] css_select_5_1_0: no measurement after 3 failed attempts; leaving this input unmeasured
[metrics] css_select_5_2_0: no measurement after 3 failed attempts; leaving this input unmeasured
  [count_more_complex_selector_in_has_sparse1] 13s: +7 new input(s), 2 distinct shape(s), 5 measured
[css_select_known] iter 3: corpus=364 (+62 new)
[select] relevance (max |rho| vs any metric on any system): count_combinator=0.87, count_more_complex_selector_in_has=0.63, count_complex_selector=0.86, count_complex_selector_list_in_has=0.67, count_pseudo_class_ident=0.85, count_pseudo_class_selector_in_has=0.74, count_type_selector=0.84, selector_nesting=0.84, count_comma=0.84, count_pseudo_class_function_in_has=0.73, count_id_selector=0.84, count_class_selector=0.83, count_subclass_selectors=0.83, count_pseudo_class_selector=0.82, count_more_relative_selector=0.72, count_lparen=0.82, count_relative_selector_list=0.74, count_rparen=0.82, count_pseudo_class_function=0.81, count_relative_combinator=0.72, count_wq_name=0.80, count_complex_selector_list=0.78, selector_len=0.78, count_attribute_selector=0.77, count_attr_matcher_ws=0.74, count_attr_value=0.74, count_complex_selector_in_has=0.73, count_subclass_selectors_in_has=0.72, count_more_complex_selector=0.71, count_attr_modifier=0.65, count_class_list=0.51, count_class_attr=0.53, count_lang_tag=0.54, count_attr_ident=0.50, count_id_attr=0.51, count_more_node=0.49, count_phrasing_element=0.35, count_lang_attr=0.50, count_em=0.32, count_tchar=0.50, count_phrasing_content=0.43, count_p=0.42, count_a=0.48, count_b=0.32, count_title_attr=0.46, count_node=0.44, count_data_attr=0.46, doc_bytes=0.45, count_namechar=0.29, count_attrs=0.45, count_phrasing_item=0.38, doc_depth=0.44, count_text_run=0.42, count_href_attr=0.43, count_attr_value_words=0.34, count_section=0.38, count_name=0.23, count_input=0.38, count_span=0.35, count_div=0.15, count_signed_integer=0.14, count_flow_item=0.26, count_more_value_word=0.25, count_type_attr=0.26, count_an_b_sign=0.21, count_nth_function=0.05, count_lang_range=0.19, count_flow_content=0.16, count_digits=0.06, count_an_a=0.11, count_sign=0.05
[select] comparative relevance (max |rho| vs a between-system ratio): count_combinator=0.43, count_more_complex_selector_in_has=0.62, count_complex_selector=0.43, count_complex_selector_list_in_has=0.52, count_pseudo_class_ident=0.47, count_pseudo_class_selector_in_has=0.50, count_type_selector=0.40, selector_nesting=0.42, count_comma=0.46, count_pseudo_class_function_in_has=0.44, count_id_selector=0.39, count_class_selector=0.40, count_subclass_selectors=0.38, count_pseudo_class_selector=0.35, count_more_relative_selector=0.41, count_lparen=0.39, count_relative_selector_list=0.41, count_rparen=0.39, count_pseudo_class_function=0.37, count_relative_combinator=0.40, count_wq_name=0.38, count_complex_selector_list=0.33, selector_len=0.32, count_attribute_selector=0.35, count_attr_matcher_ws=0.34, count_attr_value=0.34, count_complex_selector_in_has=0.38, count_subclass_selectors_in_has=0.36, count_more_complex_selector=0.24, count_attr_modifier=0.14, count_class_list=0.26, count_class_attr=0.26, count_lang_tag=0.21, count_attr_ident=0.24, count_id_attr=0.11, count_more_node=0.24, count_phrasing_element=0.22, count_lang_attr=0.13, count_em=0.22, count_tchar=0.15, count_phrasing_content=0.20, count_p=0.20, count_a=0.14, count_b=0.19, count_title_attr=0.18, count_node=0.18, count_data_attr=0.13, doc_bytes=0.13, count_namechar=0.18, count_attrs=0.11, count_phrasing_item=0.17, doc_depth=0.17, count_text_run=0.17, count_href_attr=0.13, count_attr_value_words=0.15, count_section=0.15, count_name=0.14, count_input=0.09, count_span=0.14, count_div=0.14, count_signed_integer=0.13, count_flow_item=0.05, count_more_value_word=0.12, count_type_attr=0.05, count_an_b_sign=0.05, count_nth_function=0.08, count_lang_range=0.02, count_flow_content=0.07, count_digits=0.06, count_an_a=0.04, count_sign=0.03
[select] dropped count_complex_selector: |rho|=0.96 with count_combinator, which is already kept
[select] dropped count_complex_selector_list_in_has: |rho|=0.86 with count_more_complex_selector_in_has, which is already kept
[select] dropped count_pseudo_class_ident: |rho|=0.83 with count_combinator, which is already kept
[select] dropped count_pseudo_class_selector_in_has: |rho|=0.81 with count_more_complex_selector_in_has, which is already kept
[select] dropped count_type_selector: |rho|=0.96 with count_combinator, which is already kept
[select] dropped selector_nesting: |rho|=0.90 with count_combinator, which is already kept
[select] dropped count_comma: |rho|=0.88 with count_combinator, which is already kept
[select] dropped count_id_selector: |rho|=0.91 with count_combinator, which is already kept
[select] dropped count_class_selector: |rho|=0.93 with count_combinator, which is already kept
[select] dropped count_subclass_selectors: |rho|=0.89 with count_combinator, which is already kept
[select] dropped count_pseudo_class_selector: |rho|=0.86 with count_combinator, which is already kept
[select] dropped count_more_relative_selector: |rho|=0.86 with count_pseudo_class_function_in_has, which is already kept
[select] dropped count_lparen: |rho|=0.87 with count_combinator, which is already kept
[select] dropped count_relative_selector_list: |rho|=0.80 with count_pseudo_class_function_in_has, which is already kept
[select] dropped count_rparen: |rho|=0.87 with count_combinator, which is already kept
[select] dropped count_pseudo_class_function: |rho|=0.86 with count_combinator, which is already kept
[select] dropped count_relative_combinator: |rho|=0.89 with count_pseudo_class_function_in_has, which is already kept
[select] dropped count_wq_name: |rho|=0.91 with count_combinator, which is already kept
[select] dropped count_complex_selector_list: |rho|=0.82 with count_combinator, which is already kept
[select] dropped selector_len: |rho|=0.81 with count_combinator, which is already kept
[select] dropped count_attribute_selector: |rho|=0.83 with count_combinator, which is already kept
[select] dropped count_attr_value: over the 4-property cap
[select] dropped count_complex_selector_in_has: over the 4-property cap
[select] dropped count_subclass_selectors_in_has: over the 4-property cap
[select] dropped count_more_complex_selector: over the 4-property cap
[select] dropped count_attr_modifier: over the 4-property cap
[select] dropped count_class_list: over the 4-property cap
[select] dropped count_class_attr: over the 4-property cap
[select] dropped count_lang_tag: over the 4-property cap
[select] dropped count_attr_ident: over the 4-property cap
[select] dropped count_id_attr: over the 4-property cap
[select] dropped count_more_node: over the 4-property cap
[select] dropped count_phrasing_element: over the 4-property cap
[select] dropped count_lang_attr: over the 4-property cap
[select] dropped count_em: over the 4-property cap
[select] dropped count_tchar: over the 4-property cap
[select] dropped count_phrasing_content: over the 4-property cap
[select] dropped count_p: over the 4-property cap
[select] dropped count_a: over the 4-property cap
[select] dropped count_b: over the 4-property cap
[select] dropped count_title_attr: over the 4-property cap
[select] dropped count_node: over the 4-property cap
[select] dropped count_data_attr: over the 4-property cap
[select] dropped doc_bytes: over the 4-property cap
[select] dropped count_namechar: over the 4-property cap
[select] dropped count_attrs: over the 4-property cap
[select] dropped count_phrasing_item: over the 4-property cap
[select] dropped doc_depth: over the 4-property cap
[select] dropped count_text_run: over the 4-property cap
[select] dropped count_href_attr: over the 4-property cap
[select] dropped count_attr_value_words: over the 4-property cap
[select] dropped count_section: over the 4-property cap
[select] dropped count_name: over the 4-property cap
[select] dropped count_input: over the 4-property cap
[select] dropped count_span: over the 4-property cap
[select] dropped count_div: over the 4-property cap
[select] dropped count_signed_integer: over the 4-property cap
[select] dropped count_flow_item: over the 4-property cap
[select] dropped count_more_value_word: over the 4-property cap
[select] dropped count_type_attr: over the 4-property cap
[select] dropped count_an_b_sign: over the 4-property cap
[select] dropped count_nth_function: over the 4-property cap
[select] dropped count_lang_range: over the 4-property cap
[select] dropped count_flow_content: over the 4-property cap
[select] dropped count_digits: over the 4-property cap
[select] dropped count_an_a: over the 4-property cap
[select] dropped count_sign: over the 4-property cap
[select] count_combinator stands for count_complex_selector, count_pseudo_class_ident, count_type_selector, selector_nesting, count_comma, count_id_selector, count_class_selector, count_subclass_selectors, count_pseudo_class_selector, count_lparen, count_rparen, count_pseudo_class_function, count_wq_name, count_complex_selector_list, selector_len, count_attribute_selector (indistinguishable here)
[select] count_pseudo_class_function_in_has stands for count_more_relative_selector, count_relative_selector_list, count_relative_combinator (indistinguishable here)
[select] count_more_complex_selector_in_has stands for count_complex_selector_list_in_has, count_pseudo_class_selector_in_has (indistinguishable here)
[select] joint fit uses 4 of 71 properties: count_combinator, count_attr_matcher_ws, count_pseudo_class_function_in_has, count_more_complex_selector_in_has (1,296 model fits)
[css_select_known] loop targets 4 of 71 properties: count_combinator, count_attr_matcher_ws, count_pseudo_class_function_in_has, count_more_complex_selector_in_has
[css_select_known] targeting 8 regions: runtime_ns_divergence, count_attr_matcher_ws_dominance, count_pseudo_class_function_in_has_undecided, count_attr_matcher_ws_beyond, runtime_ns_high, count_attr_matcher_ws_edge, runtime_ns_sparse0, count_more_complex_selector_in_has_sparse1
  [runtime_ns_divergence] 5s: no new inputs
  [count_attr_matcher_ws_dominance] settling count_attr_matcher_ws [1,1.533) would decide 1 dominance verdict(s): css_select_5_1_0 vs css_select_5_2_0 (runtime_ns undecided)
  [count_attr_matcher_ws_dominance] 9s: +7 new input(s), 5 distinct shape(s), 7 measured
  [count_pseudo_class_function_in_has_undecided] 2 comparison(s) undecided in count_pseudo_class_function_in_has [2.333,3.667): css_select_5_1_0 vs css_select_5_2_0 on runtime_ns and 1 more
[metrics] css_select_5_1_0: no measurement after 3 failed attempts; leaving this input unmeasured
[metrics] css_select_5_2_0: no measurement after 3 failed attempts; leaving this input unmeasured
[metrics] css_select_5_1_0: no measurement after 3 failed attempts; leaving this input unmeasured
[metrics] css_select_5_2_0: no measurement after 3 failed attempts; leaving this input unmeasured
[metrics] css_select_5_1_0: no measurement after 3 failed attempts; leaving this input unmeasured
[metrics] css_select_5_2_0: no measurement after 3 failed attempts; leaving this input unmeasured
[metrics] css_select_5_1_0: no measurement after 3 failed attempts; leaving this input unmeasured
[metrics] css_select_5_2_0: no measurement after 3 failed attempts; leaving this input unmeasured
[metrics] css_select_5_1_0: no measurement after 3 failed attempts; leaving this input unmeasured
[metrics] css_select_5_2_0: no measurement after 3 failed attempts; leaving this input unmeasured
[metrics] css_select_5_1_0: no measurement after 3 failed attempts; leaving this input unmeasured
[metrics] css_select_5_2_0: no measurement after 3 failed attempts; leaving this input unmeasured
[metrics] css_select_5_1_0: no measurement after 3 failed attempts; leaving this input unmeasured
[metrics] css_select_5_2_0: no measurement after 3 failed attempts; leaving this input unmeasured
[metrics] css_select_5_1_0: no measurement after 3 failed attempts; leaving this input unmeasured
[metrics] css_select_5_2_0: no measurement after 3 failed attempts; leaving this input unmeasured
[metrics] css_select_5_1_0: no measurement after 3 failed attempts; leaving this input unmeasured
[metrics] css_select_5_2_0: no measurement after 3 failed attempts; leaving this input unmeasured
[metrics] css_select_5_1_0: no measurement after 3 failed attempts; leaving this input unmeasured
[metrics] css_select_5_2_0: no measurement after 3 failed attempts; leaving this input unmeasured
  [count_pseudo_class_function_in_has_undecided] 13s: +7 new input(s), 4 distinct shape(s), 0 measured
  [count_attr_matcher_ws_beyond] rung 1
  [seeds] skipped 1 seed(s) over 4096B; parsing one costs more than the request it would seed
[metrics] css_select_5_1_0: no measurement after 3 failed attempts; leaving this input unmeasured
[metrics] css_select_5_2_0: no measurement after 3 failed attempts; leaving this input unmeasured
[metrics] css_select_5_1_0: no measurement after 3 failed attempts; leaving this input unmeasured
[metrics] css_select_5_2_0: no measurement after 3 failed attempts; leaving this input unmeasured
[metrics] css_select_5_1_0: no measurement after 3 failed attempts; leaving this input unmeasured
[metrics] css_select_5_2_0: no measurement after 3 failed attempts; leaving this input unmeasured
[metrics] css_select_5_1_0: no measurement after 3 failed attempts; leaving this input unmeasured
[metrics] css_select_5_2_0: no measurement after 3 failed attempts; leaving this input unmeasured
  [count_attr_matcher_ws_beyond] 33s: +10 new input(s), 4 distinct shape(s), 6 measured
[metrics] css_select_5_1_0: no measurement after 3 failed attempts; leaving this input unmeasured
[metrics] css_select_5_1_0: no measurement after 3 failed attempts; leaving this input unmeasured
[metrics] css_select_5_1_0: no measurement after 3 failed attempts; leaving this input unmeasured
[metrics] css_select_5_1_0: no measurement after 3 failed attempts; leaving this input unmeasured
[metrics] css_select_5_1_0: no measurement after 3 failed attempts; leaving this input unmeasured
[metrics] css_select_5_1_0: no measurement after 3 failed attempts; leaving this input unmeasured
  [runtime_ns_high] 9s: no new inputs
[metrics] css_select_5_1_0: no measurement after 3 failed attempts; leaving this input unmeasured
[metrics] css_select_5_2_0: no measurement after 3 failed attempts; leaving this input unmeasured
[metrics] css_select_5_1_0: no measurement after 3 failed attempts; leaving this input unmeasured
[metrics] css_select_5_2_0: no measurement after 3 failed attempts; leaving this input unmeasured
[metrics] css_select_5_1_0: no measurement after 3 failed attempts; leaving this input unmeasured
[metrics] css_select_5_2_0: no measurement after 3 failed attempts; leaving this input unmeasured
[metrics] css_select_5_1_0: no measurement after 3 failed attempts; leaving this input unmeasured
[metrics] css_select_5_1_0: no measurement after 3 failed attempts; leaving this input unmeasured
  [count_attr_matcher_ws_edge] 10s: no new inputs
  [seeds] skipped 1 seed(s) over 4096B; parsing one costs more than the request it would seed
[metrics] css_select_5_1_0: no measurement after 3 failed attempts; leaving this input unmeasured
[metrics] css_select_5_1_0: no measurement after 3 failed attempts; leaving this input unmeasured
[metrics] css_select_5_1_0: no measurement after 3 failed attempts; leaving this input unmeasured
[metrics] css_select_5_1_0: no measurement after 3 failed attempts; leaving this input unmeasured
[metrics] css_select_5_1_0: no measurement after 3 failed attempts; leaving this input unmeasured
[metrics] css_select_5_1_0: no measurement after 3 failed attempts; leaving this input unmeasured
[metrics] css_select_5_1_0: no measurement after 3 failed attempts; leaving this input unmeasured
[metrics] css_select_5_1_0: no measurement after 3 failed attempts; leaving this input unmeasured
  [runtime_ns_sparse0] 10s: +7 new input(s), 3 distinct shape(s), 7 measured
[metrics] css_select_5_1_0: no measurement after 3 failed attempts; leaving this input unmeasured
  [count_more_complex_selector_in_has_sparse1] 14s: +7 new input(s), 1 distinct shape(s), 7 measured
[css_select_known] iter 4: corpus=440 (+76 new)
[select] relevance (max |rho| vs any metric on any system): count_combinator=0.89, count_more_complex_selector_in_has=0.62, count_pseudo_class_ident=0.88, count_complex_selector_list_in_has=0.64, count_complex_selector=0.88, count_pseudo_class_selector_in_has=0.78, selector_nesting=0.86, count_type_selector=0.86, count_comma=0.85, count_id_selector=0.86, count_pseudo_class_function_in_has=0.77, count_subclass_selectors=0.84, count_class_selector=0.84, count_pseudo_class_selector=0.84, count_wq_name=0.84, count_lparen=0.83, count_rparen=0.83, count_pseudo_class_function=0.82, count_relative_selector_list=0.78, count_complex_selector_list=0.80, count_em=0.32, selector_len=0.78, count_relative_combinator=0.77, count_more_relative_selector=0.77, count_phrasing_element=0.37, count_complex_selector_in_has=0.77, count_attribute_selector=0.77, count_subclass_selectors_in_has=0.76, count_class_attr=0.56, count_attr_matcher_ws=0.76, count_attr_value=0.76, count_class_list=0.54, count_more_complex_selector=0.71, count_attr_modifier=0.63, count_lang_tag=0.59, count_id_attr=0.57, count_namechar=0.35, count_lang_attr=0.56, count_b=0.36, count_tchar=0.55, count_a=0.55, count_name=0.25, count_phrasing_content=0.46, count_title_attr=0.53, count_more_node=0.50, doc_bytes=0.52, count_attr_value_words=0.37, count_data_attr=0.52, count_attr_ident=0.50, count_attrs=0.52, count_p=0.43, doc_depth=0.51, count_phrasing_item=0.42, count_lang_range=0.31, count_node=0.49, count_href_attr=0.49, count_text_run=0.47, count_span=0.38, count_input=0.45, count_more_value_word=0.28, count_signed_integer=0.13, count_section=0.35, count_div=0.22, count_type_attr=0.32, count_flow_item=0.32, count_flow_content=0.23, count_nth_function=0.02, count_an_b_sign=0.18, count_sign=0.09, count_digits=0.02, count_an_a=0.05
[select] comparative relevance (max |rho| vs a between-system ratio): count_combinator=0.33, count_more_complex_selector_in_has=0.65, count_pseudo_class_ident=0.43, count_complex_selector_list_in_has=0.57, count_complex_selector=0.34, count_pseudo_class_selector_in_has=0.44, selector_nesting=0.34, count_type_selector=0.32, count_comma=0.36, count_id_selector=0.32, count_pseudo_class_function_in_has=0.35, count_subclass_selectors=0.29, count_class_selector=0.33, count_pseudo_class_selector=0.26, count_wq_name=0.31, count_lparen=0.27, count_rparen=0.27, count_pseudo_class_function=0.24, count_relative_selector_list=0.30, count_complex_selector_list=0.22, count_em=0.29, selector_len=0.24, count_relative_combinator=0.29, count_more_relative_selector=0.29, count_phrasing_element=0.29, count_complex_selector_in_has=0.27, count_attribute_selector=0.26, count_subclass_selectors_in_has=0.25, count_class_attr=0.26, count_attr_matcher_ws=0.24, count_attr_value=0.24, count_class_list=0.25, count_more_complex_selector=0.13, count_attr_modifier=0.10, count_lang_tag=0.20, count_id_attr=0.09, count_namechar=0.21, count_lang_attr=0.10, count_b=0.20, count_tchar=0.10, count_a=0.11, count_name=0.19, count_phrasing_content=0.19, count_title_attr=0.15, count_more_node=0.18, doc_bytes=0.11, count_attr_value_words=0.18, count_data_attr=0.10, count_attr_ident=0.17, count_attrs=0.08, count_p=0.17, doc_depth=0.14, count_phrasing_item=0.17, count_lang_range=0.15, count_node=0.15, count_href_attr=0.14, count_text_run=0.12, count_span=0.14, count_input=0.08, count_more_value_word=0.12, count_signed_integer=0.12, count_section=0.12, count_div=0.11, count_type_attr=0.07, count_flow_item=0.08, count_flow_content=0.06, count_nth_function=0.07, count_an_b_sign=0.04, count_sign=0.05, count_digits=0.05, count_an_a=0.02
[select] dropped count_pseudo_class_ident: |rho|=0.86 with count_combinator, which is already kept
[select] dropped count_complex_selector_list_in_has: |rho|=0.91 with count_more_complex_selector_in_has, which is already kept
[select] dropped count_complex_selector: |rho|=0.96 with count_combinator, which is already kept
[select] dropped selector_nesting: |rho|=0.90 with count_combinator, which is already kept
[select] dropped count_type_selector: |rho|=0.96 with count_combinator, which is already kept
[select] dropped count_comma: |rho|=0.89 with count_combinator, which is already kept
[select] dropped count_id_selector: |rho|=0.92 with count_combinator, which is already kept
[select] dropped count_pseudo_class_function_in_has: |rho|=0.97 with count_pseudo_class_selector_in_has, which is already kept
[select] dropped count_subclass_selectors: |rho|=0.89 with count_combinator, which is already kept
[select] dropped count_class_selector: |rho|=0.93 with count_combinator, which is already kept
[select] dropped count_pseudo_class_selector: |rho|=0.88 with count_combinator, which is already kept
[select] dropped count_wq_name: |rho|=0.93 with count_combinator, which is already kept
[select] dropped count_lparen: |rho|=0.86 with count_combinator, which is already kept
[select] dropped count_rparen: |rho|=0.86 with count_combinator, which is already kept
[select] dropped count_pseudo_class_function: |rho|=0.87 with count_combinator, which is already kept
[select] dropped count_relative_selector_list: |rho|=0.83 with count_pseudo_class_selector_in_has, which is already kept
[select] dropped count_complex_selector_list: |rho|=0.84 with count_combinator, which is already kept
[select] dropped selector_len: over the 4-property cap
[select] dropped count_relative_combinator: over the 4-property cap
[select] dropped count_more_relative_selector: over the 4-property cap
[select] dropped count_phrasing_element: over the 4-property cap
[select] dropped count_complex_selector_in_has: over the 4-property cap
[select] dropped count_attribute_selector: over the 4-property cap
[select] dropped count_subclass_selectors_in_has: over the 4-property cap
[select] dropped count_class_attr: over the 4-property cap
[select] dropped count_attr_matcher_ws: over the 4-property cap
[select] dropped count_attr_value: over the 4-property cap
[select] dropped count_class_list: over the 4-property cap
[select] dropped count_more_complex_selector: over the 4-property cap
[select] dropped count_attr_modifier: over the 4-property cap
[select] dropped count_lang_tag: over the 4-property cap
[select] dropped count_id_attr: over the 4-property cap
[select] dropped count_namechar: over the 4-property cap
[select] dropped count_lang_attr: over the 4-property cap
[select] dropped count_b: over the 4-property cap
[select] dropped count_tchar: over the 4-property cap
[select] dropped count_a: over the 4-property cap
[select] dropped count_name: over the 4-property cap
[select] dropped count_phrasing_content: over the 4-property cap
[select] dropped count_title_attr: over the 4-property cap
[select] dropped count_more_node: over the 4-property cap
[select] dropped doc_bytes: over the 4-property cap
[select] dropped count_attr_value_words: over the 4-property cap
[select] dropped count_data_attr: over the 4-property cap
[select] dropped count_attr_ident: over the 4-property cap
[select] dropped count_attrs: over the 4-property cap
[select] dropped count_p: over the 4-property cap
[select] dropped doc_depth: over the 4-property cap
[select] dropped count_phrasing_item: over the 4-property cap
[select] dropped count_lang_range: over the 4-property cap
[select] dropped count_node: over the 4-property cap
[select] dropped count_href_attr: over the 4-property cap
[select] dropped count_text_run: over the 4-property cap
[select] dropped count_span: over the 4-property cap
[select] dropped count_input: over the 4-property cap
[select] dropped count_more_value_word: over the 4-property cap
[select] dropped count_signed_integer: over the 4-property cap
[select] dropped count_section: over the 4-property cap
[select] dropped count_div: over the 4-property cap
[select] dropped count_type_attr: over the 4-property cap
[select] dropped count_flow_item: over the 4-property cap
[select] dropped count_flow_content: over the 4-property cap
[select] dropped count_nth_function: over the 4-property cap
[select] dropped count_an_b_sign: over the 4-property cap
[select] dropped count_sign: over the 4-property cap
[select] dropped count_digits: over the 4-property cap
[select] dropped count_an_a: over the 4-property cap
[select] count_combinator stands for count_pseudo_class_ident, count_complex_selector, selector_nesting, count_type_selector, count_comma, count_id_selector, count_subclass_selectors, count_class_selector, count_pseudo_class_selector, count_wq_name, count_lparen, count_rparen, count_pseudo_class_function, count_complex_selector_list (indistinguishable here)
[select] count_pseudo_class_selector_in_has stands for count_pseudo_class_function_in_has, count_relative_selector_list (indistinguishable here)
[select] count_more_complex_selector_in_has stands for count_complex_selector_list_in_has (indistinguishable here)
[select] joint fit uses 4 of 71 properties: count_combinator, count_pseudo_class_selector_in_has, count_more_complex_selector_in_has, count_em (1,296 model fits)
[css_select_known] loop targets 4 of 71 properties: count_combinator, count_pseudo_class_selector_in_has, count_more_complex_selector_in_has, count_em
[css_select_known] targeting 8 regions: runtime_ns_divergence, count_em_dominance0, count_more_complex_selector_in_has_undecided, count_em_x_count_pseudo_class_selector_in_has_joint, count_pseudo_class_selector_in_has_beyond, runtime_ns_high, count_more_complex_selector_in_has_edge, runtime_ns_sparse0
  [runtime_ns_divergence] 5s: no new inputs
  [count_em_dominance0] settling count_em [1,1.619) would decide 1 dominance verdict(s): css_select_5_1_0 vs css_select_5_2_0 (runtime_ns undecided) -> <more_node>{1,3}
[metrics] css_select_5_1_0: no measurement after 3 failed attempts; leaving this input unmeasured
  [count_em_dominance0] 11s: +10 new input(s), 9 distinct shape(s), 10 measured
  [count_more_complex_selector_in_has_undecided] 2 comparison(s) undecided in count_more_complex_selector_in_has [1.667,2.333): css_select_5_1_0 vs css_select_5_2_0 on runtime_ns and 1 more
[WARNING] Fandango did not generate any valid inputs.
  [count_more_complex_selector_in_has_undecided] 13s: no new inputs
  [count_em_x_count_pseudo_class_selector_in_has_joint] count_pseudo_class_selector_in_has spans 0..13 overall, 0..3 at count_em in [2,3]; maximizing it at <more_node>{3,5}
  [seeds] skipped 1 seed(s) over 4096B; parsing one costs more than the request it would seed
  [count_em_x_count_pseudo_class_selector_in_has_joint] 8 of 9 seeds do not parse; seeding with 1.
[budget] generation cut at 300s after 55 generations (342 solutions); this request is not reproducible
  [soft] maximizing count_pseudo_class_selector_in_has: 342 candidates, best=72, keeping 10 spanning 72..13
[metrics] css_select_5_1_0: no measurement after 3 failed attempts; leaving this input unmeasured
[metrics] css_select_5_2_0: no measurement after 3 failed attempts; leaving this input unmeasured
[metrics] css_select_5_1_0: no measurement after 3 failed attempts; leaving this input unmeasured
[metrics] css_select_5_2_0: no measurement after 3 failed attempts; leaving this input unmeasured
[metrics] css_select_5_1_0: no measurement after 3 failed attempts; leaving this input unmeasured
[metrics] css_select_5_2_0: no measurement after 3 failed attempts; leaving this input unmeasured
[metrics] css_select_5_1_0: no measurement after 3 failed attempts; leaving this input unmeasured
[metrics] css_select_5_2_0: no measurement after 3 failed attempts; leaving this input unmeasured
[metrics] css_select_5_1_0: no measurement after 3 failed attempts; leaving this input unmeasured
[metrics] css_select_5_2_0: no measurement after 3 failed attempts; leaving this input unmeasured
[metrics] css_select_5_1_0: no measurement after 3 failed attempts; leaving this input unmeasured
[metrics] css_select_5_2_0: no measurement after 3 failed attempts; leaving this input unmeasured
[metrics] css_select_5_1_0: no measurement after 3 failed attempts; leaving this input unmeasured
[metrics] css_select_5_2_0: no measurement after 3 failed attempts; leaving this input unmeasured
[metrics] css_select_5_1_0: no measurement after 3 failed attempts; leaving this input unmeasured
[metrics] css_select_5_2_0: no measurement after 3 failed attempts; leaving this input unmeasured
[metrics] css_select_5_1_0: no measurement after 3 failed attempts; leaving this input unmeasured
[metrics] css_select_5_2_0: no measurement after 3 failed attempts; leaving this input unmeasured
[metrics] css_select_5_1_0: no measurement after 3 failed attempts; leaving this input unmeasured
[metrics] css_select_5_2_0: no measurement after 3 failed attempts; leaving this input unmeasured
  [count_em_x_count_pseudo_class_selector_in_has_joint] 349s: +10 new input(s), 9 distinct shape(s), 0 measured [CUT: generation budget, not reproducible]
  [count_pseudo_class_selector_in_has_beyond] rung 1
[WARNING] Fandango did not generate any valid inputs.
  [count_pseudo_class_selector_in_has_beyond] 91s: no new inputs
[metrics] css_select_5_1_0: no measurement after 3 failed attempts; leaving this input unmeasured
[metrics] css_select_5_1_0: no measurement after 3 failed attempts; leaving this input unmeasured
[metrics] css_select_5_1_0: no measurement after 3 failed attempts; leaving this input unmeasured
[metrics] css_select_5_1_0: no measurement after 3 failed attempts; leaving this input unmeasured
[metrics] css_select_5_1_0: no measurement after 3 failed attempts; leaving this input unmeasured
[metrics] css_select_5_1_0: no measurement after 3 failed attempts; leaving this input unmeasured
  [runtime_ns_high] 10s: no new inputs
[metrics] css_select_5_1_0: no measurement after 3 failed attempts; leaving this input unmeasured
[metrics] css_select_5_2_0: no measurement after 3 failed attempts; leaving this input unmeasured
[metrics] css_select_5_1_0: no measurement after 3 failed attempts; leaving this input unmeasured
[metrics] css_select_5_2_0: no measurement after 3 failed attempts; leaving this input unmeasured
[metrics] css_select_5_1_0: no measurement after 3 failed attempts; leaving this input unmeasured
[metrics] css_select_5_2_0: no measurement after 3 failed attempts; leaving this input unmeasured
  [count_more_complex_selector_in_has_edge] 6s: no new inputs
  [seeds] skipped 1 seed(s) over 4096B; parsing one costs more than the request it would seed
[metrics] css_select_5_1_0: no measurement after 3 failed attempts; leaving this input unmeasured
[metrics] css_select_5_1_0: no measurement after 3 failed attempts; leaving this input unmeasured
[metrics] css_select_5_1_0: no measurement after 3 failed attempts; leaving this input unmeasured
[metrics] css_select_5_1_0: no measurement after 3 failed attempts; leaving this input unmeasured
[metrics] css_select_5_1_0: no measurement after 3 failed attempts; leaving this input unmeasured
[metrics] css_select_5_1_0: no measurement after 3 failed attempts; leaving this input unmeasured
[metrics] css_select_5_1_0: no measurement after 3 failed attempts; leaving this input unmeasured
[metrics] css_select_5_1_0: no measurement after 3 failed attempts; leaving this input unmeasured
  [runtime_ns_sparse0] 9s: +2 new input(s), 2 distinct shape(s), 2 measured
[css_select_known] iter 5: corpus=484 (+44 new)
[select] relevance (max |rho| vs any metric on any system): count_combinator=0.89, count_more_complex_selector_in_has=0.61, count_complex_selector=0.88, count_complex_selector_list_in_has=0.63, count_pseudo_class_ident=0.88, count_pseudo_class_selector_in_has=0.76, count_type_selector=0.86, selector_nesting=0.86, count_comma=0.85, count_id_selector=0.86, count_pseudo_class_selector=0.85, count_subclass_selectors=0.84, count_pseudo_class_function_in_has=0.75, count_wq_name=0.84, count_class_selector=0.83, count_lparen=0.82, count_rparen=0.82, count_pseudo_class_function=0.82, count_complex_selector_list=0.79, count_relative_selector_list=0.77, selector_len=0.79, count_relative_combinator=0.76, count_more_relative_selector=0.76, count_attribute_selector=0.77, count_complex_selector_in_has=0.76, count_subclass_selectors_in_has=0.75, count_phrasing_element=0.37, count_attr_matcher_ws=0.75, count_attr_value=0.75, count_more_complex_selector=0.71, count_attr_modifier=0.63, count_em=0.30, count_lang_tag=0.57, count_class_attr=0.54, count_id_attr=0.55, count_class_list=0.52, count_lang_attr=0.54, count_more_node=0.50, count_attr_ident=0.50, count_tchar=0.53, count_b=0.35, count_a=0.52, count_p=0.42, count_title_attr=0.52, count_namechar=0.32, doc_bytes=0.51, count_data_attr=0.51, count_phrasing_content=0.42, count_attrs=0.51, count_node=0.49, count_attr_value_words=0.35, count_lang_range=0.30, count_name=0.22, doc_depth=0.49, count_text_run=0.45, count_phrasing_item=0.40, count_href_attr=0.45, count_div=0.22, count_input=0.42, count_more_value_word=0.25, count_signed_integer=0.13, count_span=0.36, count_section=0.32, count_flow_item=0.31, count_type_attr=0.30, count_flow_content=0.22, count_sign=0.11, count_an_b_sign=0.11, count_an_a=0.06, count_nth_function=0.05, count_digits=0.03
[select] comparative relevance (max |rho| vs a between-system ratio): count_combinator=0.36, count_more_complex_selector_in_has=0.63, count_complex_selector=0.37, count_complex_selector_list_in_has=0.55, count_pseudo_class_ident=0.43, count_pseudo_class_selector_in_has=0.43, count_type_selector=0.34, selector_nesting=0.35, count_comma=0.38, count_id_selector=0.34, count_pseudo_class_selector=0.29, count_subclass_selectors=0.31, count_pseudo_class_function_in_has=0.35, count_wq_name=0.33, count_class_selector=0.34, count_lparen=0.29, count_rparen=0.29, count_pseudo_class_function=0.26, count_complex_selector_list=0.25, count_relative_selector_list=0.30, selector_len=0.27, count_relative_combinator=0.30, count_more_relative_selector=0.30, count_attribute_selector=0.27, count_complex_selector_in_has=0.28, count_subclass_selectors_in_has=0.26, count_phrasing_element=0.27, count_attr_matcher_ws=0.26, count_attr_value=0.26, count_more_complex_selector=0.16, count_attr_modifier=0.12, count_em=0.26, count_lang_tag=0.18, count_class_attr=0.22, count_id_attr=0.09, count_class_list=0.22, count_lang_attr=0.10, count_more_node=0.19, count_attr_ident=0.19, count_tchar=0.08, count_b=0.18, count_a=0.08, count_p=0.18, count_title_attr=0.14, count_namechar=0.17, doc_bytes=0.11, count_data_attr=0.10, count_phrasing_content=0.16, count_attrs=0.08, count_node=0.16, count_attr_value_words=0.15, count_lang_range=0.15, count_name=0.15, doc_depth=0.14, count_text_run=0.10, count_phrasing_item=0.14, count_href_attr=0.14, count_div=0.13, count_input=0.09, count_more_value_word=0.13, count_signed_integer=0.12, count_span=0.11, count_section=0.09, count_flow_item=0.08, count_type_attr=0.08, count_flow_content=0.08, count_sign=0.05, count_an_b_sign=0.06, count_an_a=0.03, count_nth_function=0.03, count_digits=0.02
[select] kept count_nth_function despite |rho|=0.05: its axis is not explored yet, so a low score there is absence of data rather than absence of effect
[select] kept count_digits despite |rho|=0.03: its axis is not explored yet, so a low score there is absence of data rather than absence of effect
[select] dropped count_complex_selector: |rho|=0.94 with count_combinator, which is already kept
[select] dropped count_pseudo_class_ident: |rho|=0.86 with count_combinator, which is already kept
[select] dropped count_pseudo_class_selector_in_has: |rho|=0.89 with count_complex_selector_list_in_has, which is already kept
[select] dropped count_type_selector: |rho|=0.97 with count_combinator, which is already kept
[select] dropped selector_nesting: |rho|=0.89 with count_combinator, which is already kept
[select] dropped count_comma: |rho|=0.89 with count_combinator, which is already kept
[select] dropped count_id_selector: |rho|=0.92 with count_combinator, which is already kept
[select] dropped count_pseudo_class_selector: |rho|=0.89 with count_combinator, which is already kept
[select] dropped count_subclass_selectors: |rho|=0.89 with count_combinator, which is already kept
[select] dropped count_pseudo_class_function_in_has: |rho|=0.86 with count_complex_selector_list_in_has, which is already kept
[select] dropped count_wq_name: |rho|=0.93 with count_combinator, which is already kept
[select] dropped count_class_selector: |rho|=0.93 with count_combinator, which is already kept
[select] dropped count_lparen: |rho|=0.87 with count_combinator, which is already kept
[select] dropped count_rparen: |rho|=0.87 with count_combinator, which is already kept
[select] dropped count_pseudo_class_function: |rho|=0.87 with count_combinator, which is already kept
[select] dropped count_complex_selector_list: |rho|=0.83 with count_combinator, which is already kept
[select] dropped selector_len: over the 4-property cap
[select] dropped count_relative_combinator: over the 4-property cap
[select] dropped count_more_relative_selector: over the 4-property cap
[select] dropped count_attribute_selector: over the 4-property cap
[select] dropped count_complex_selector_in_has: over the 4-property cap
[select] dropped count_subclass_selectors_in_has: over the 4-property cap
[select] dropped count_phrasing_element: over the 4-property cap
[select] dropped count_attr_matcher_ws: over the 4-property cap
[select] dropped count_attr_value: over the 4-property cap
[select] dropped count_more_complex_selector: over the 4-property cap
[select] dropped count_attr_modifier: over the 4-property cap
[select] dropped count_em: over the 4-property cap
[select] dropped count_lang_tag: over the 4-property cap
[select] dropped count_class_attr: over the 4-property cap
[select] dropped count_id_attr: over the 4-property cap
[select] dropped count_class_list: over the 4-property cap
[select] dropped count_lang_attr: over the 4-property cap
[select] dropped count_more_node: over the 4-property cap
[select] dropped count_attr_ident: over the 4-property cap
[select] dropped count_tchar: over the 4-property cap
[select] dropped count_b: over the 4-property cap
[select] dropped count_a: over the 4-property cap
[select] dropped count_p: over the 4-property cap
[select] dropped count_title_attr: over the 4-property cap
[select] dropped count_namechar: over the 4-property cap
[select] dropped doc_bytes: over the 4-property cap
[select] dropped count_data_attr: over the 4-property cap
[select] dropped count_phrasing_content: over the 4-property cap
[select] dropped count_attrs: over the 4-property cap
[select] dropped count_node: over the 4-property cap
[select] dropped count_attr_value_words: over the 4-property cap
[select] dropped count_lang_range: over the 4-property cap
[select] dropped count_name: over the 4-property cap
[select] dropped doc_depth: over the 4-property cap
[select] dropped count_text_run: over the 4-property cap
[select] dropped count_phrasing_item: over the 4-property cap
[select] dropped count_href_attr: over the 4-property cap
[select] dropped count_div: over the 4-property cap
[select] dropped count_input: over the 4-property cap
[select] dropped count_more_value_word: over the 4-property cap
[select] dropped count_signed_integer: over the 4-property cap
[select] dropped count_span: over the 4-property cap
[select] dropped count_section: over the 4-property cap
[select] dropped count_flow_item: over the 4-property cap
[select] dropped count_type_attr: over the 4-property cap
[select] dropped count_flow_content: over the 4-property cap
[select] dropped count_sign: over the 4-property cap
[select] dropped count_an_b_sign: over the 4-property cap
[select] dropped count_an_a: over the 4-property cap
[select] dropped count_nth_function: over the 4-property cap
[select] dropped count_digits: over the 4-property cap
[select] count_combinator stands for count_complex_selector, count_pseudo_class_ident, count_type_selector, selector_nesting, count_comma, count_id_selector, count_pseudo_class_selector, count_subclass_selectors, count_wq_name, count_class_selector, count_lparen, count_rparen, count_pseudo_class_function, count_complex_selector_list (indistinguishable here)
[select] count_complex_selector_list_in_has stands for count_pseudo_class_selector_in_has, count_pseudo_class_function_in_has (indistinguishable here)
[select] joint fit uses 4 of 71 properties: count_combinator, count_relative_selector_list, count_complex_selector_list_in_has, count_more_complex_selector_in_has (1,296 model fits)
[css_select_known] loop targets 4 of 71 properties: count_combinator, count_relative_selector_list, count_complex_selector_list_in_has, count_more_complex_selector_in_has
[css_select_known] targeting 8 regions: runtime_ns_divergence, count_combinator_dominance, count_complex_selector_list_in_has_undecided, count_combinator_beyond, runtime_ns_high, count_relative_selector_list_edge, runtime_ns_sparse0, count_more_complex_selector_in_has_sparse1
  [runtime_ns_divergence] 5s: no new inputs
  [count_combinator_dominance] settling count_combinator [1,1.932) would decide 1 dominance verdict(s): css_select_5_1_0 vs css_select_5_2_0 (runtime_ns undecided)
  [count_combinator_dominance] 13s: +7 new input(s), 1 distinct shape(s), 7 measured
  [count_complex_selector_list_in_has_undecided] 2 comparison(s) undecided in count_complex_selector_list_in_has [2.167,3.333): css_select_5_1_0 vs css_select_5_2_0 on runtime_ns and 1 more
[metrics] css_select_5_1_0: no measurement after 3 failed attempts; leaving this input unmeasured
[metrics] css_select_5_2_0: no measurement after 3 failed attempts; leaving this input unmeasured
[metrics] css_select_5_1_0: no measurement after 3 failed attempts; leaving this input unmeasured
[metrics] css_select_5_2_0: no measurement after 3 failed attempts; leaving this input unmeasured
[metrics] css_select_5_1_0: no measurement after 3 failed attempts; leaving this input unmeasured
[metrics] css_select_5_2_0: no measurement after 3 failed attempts; leaving this input unmeasured
  [count_complex_selector_list_in_has_undecided] 61s: no new inputs
  [count_combinator_beyond] rung 1
[metrics] css_select_5_1_0: no measurement after 3 failed attempts; leaving this input unmeasured
[metrics] css_select_5_2_0: no measurement after 3 failed attempts; leaving this input unmeasured
[metrics] css_select_5_1_0: no measurement after 3 failed attempts; leaving this input unmeasured
[metrics] css_select_5_2_0: no measurement after 3 failed attempts; leaving this input unmeasured
[metrics] css_select_5_1_0: no measurement after 3 failed attempts; leaving this input unmeasured
[metrics] css_select_5_2_0: no measurement after 3 failed attempts; leaving this input unmeasured
[metrics] css_select_5_1_0: no measurement after 3 failed attempts; leaving this input unmeasured
[metrics] css_select_5_2_0: no measurement after 3 failed attempts; leaving this input unmeasured
[metrics] css_select_5_1_0: no measurement after 3 failed attempts; leaving this input unmeasured
[metrics] css_select_5_2_0: no measurement after 3 failed attempts; leaving this input unmeasured
[metrics] css_select_5_1_0: no measurement after 3 failed attempts; leaving this input unmeasured
[metrics] css_select_5_2_0: no measurement after 3 failed attempts; leaving this input unmeasured
[metrics] css_select_5_1_0: no measurement after 3 failed attempts; leaving this input unmeasured
[metrics] css_select_5_2_0: no measurement after 3 failed attempts; leaving this input unmeasured
[metrics] css_select_5_1_0: no measurement after 3 failed attempts; leaving this input unmeasured
[metrics] css_select_5_2_0: no measurement after 3 failed attempts; leaving this input unmeasured
[metrics] css_select_5_1_0: no measurement after 3 failed attempts; leaving this input unmeasured
[metrics] css_select_5_2_0: no measurement after 3 failed attempts; leaving this input unmeasured
[metrics] css_select_5_1_0: no measurement after 3 failed attempts; leaving this input unmeasured
[metrics] css_select_5_2_0: no measurement after 3 failed attempts; leaving this input unmeasured
  [count_combinator_beyond] 181s: +10 new input(s), 1 distinct shape(s), 0 measured
[metrics] css_select_5_1_0: no measurement after 3 failed attempts; leaving this input unmeasured
[metrics] css_select_5_1_0: no measurement after 3 failed attempts; leaving this input unmeasured
[metrics] css_select_5_1_0: no measurement after 3 failed attempts; leaving this input unmeasured
[metrics] css_select_5_1_0: no measurement after 3 failed attempts; leaving this input unmeasured
[metrics] css_select_5_1_0: no measurement after 3 failed attempts; leaving this input unmeasured
[metrics] css_select_5_1_0: no measurement after 3 failed attempts; leaving this input unmeasured
  [runtime_ns_high] 13s: no new inputs
[metrics] css_select_5_1_0: no measurement after 3 failed attempts; leaving this input unmeasured
[metrics] css_select_5_2_0: no measurement after 3 failed attempts; leaving this input unmeasured
[metrics] css_select_5_1_0: no measurement after 3 failed attempts; leaving this input unmeasured
[metrics] css_select_5_2_0: no measurement after 3 failed attempts; leaving this input unmeasured
[metrics] css_select_5_1_0: no measurement after 3 failed attempts; leaving this input unmeasured
[metrics] css_select_5_2_0: no measurement after 3 failed attempts; leaving this input unmeasured
[metrics] css_select_5_1_0: no measurement after 3 failed attempts; leaving this input unmeasured
[metrics] css_select_5_2_0: no measurement after 3 failed attempts; leaving this input unmeasured
[metrics] css_select_5_1_0: no measurement after 3 failed attempts; leaving this input unmeasured
[metrics] css_select_5_2_0: no measurement after 3 failed attempts; leaving this input unmeasured
[metrics] css_select_5_1_0: no measurement after 3 failed attempts; leaving this input unmeasured
[metrics] css_select_5_2_0: no measurement after 3 failed attempts; leaving this input unmeasured
[metrics] css_select_5_1_0: no measurement after 3 failed attempts; leaving this input unmeasured
[metrics] css_select_5_2_0: no measurement after 3 failed attempts; leaving this input unmeasured
  [count_relative_selector_list_edge] 20s: no new inputs
  [seeds] skipped 1 seed(s) over 4096B; parsing one costs more than the request it would seed
[metrics] css_select_5_1_0: no measurement after 3 failed attempts; leaving this input unmeasured
[metrics] css_select_5_1_0: no measurement after 3 failed attempts; leaving this input unmeasured
[metrics] css_select_5_1_0: no measurement after 3 failed attempts; leaving this input unmeasured
[metrics] css_select_5_1_0: no measurement after 3 failed attempts; leaving this input unmeasured
[metrics] css_select_5_1_0: no measurement after 3 failed attempts; leaving this input unmeasured
[metrics] css_select_5_1_0: no measurement after 3 failed attempts; leaving this input unmeasured
[metrics] css_select_5_1_0: no measurement after 3 failed attempts; leaving this input unmeasured
[metrics] css_select_5_1_0: no measurement after 3 failed attempts; leaving this input unmeasured
[metrics] css_select_5_1_0: no measurement after 3 failed attempts; leaving this input unmeasured
[metrics] css_select_5_1_0: no measurement after 3 failed attempts; leaving this input unmeasured
  [runtime_ns_sparse0] 9s: +2 new input(s), 2 distinct shape(s), 2 measured
[metrics] css_select_5_1_0: no measurement after 3 failed attempts; leaving this input unmeasured
[metrics] css_select_5_1_0: no measurement after 3 failed attempts; leaving this input unmeasured
[metrics] css_select_5_2_0: no measurement after 3 failed attempts; leaving this input unmeasured
[metrics] css_select_5_1_0: no measurement after 3 failed attempts; leaving this input unmeasured
[metrics] css_select_5_2_0: no measurement after 3 failed attempts; leaving this input unmeasured
[metrics] css_select_5_1_0: no measurement after 3 failed attempts; leaving this input unmeasured
[metrics] css_select_5_2_0: no measurement after 3 failed attempts; leaving this input unmeasured
  [count_more_complex_selector_in_has_sparse1] 13s: +7 new input(s), 4 distinct shape(s), 4 measured
[css_select_known] iter 6: corpus=536 (+52 new)
[css_select_known] grammar frontier (targeting stopped asking here):
  count_attr_ident: pinned at 10 by the SEARCH; 2 escalating request(s) returned nothing further.
  count_more_complex_selector_in_has: pinned at 5 by the SEARCH; 2 escalating request(s) returned nothing further.
[compare] runtime_ns: 212 inputs, 2 systems (paired; ratios, 1.10x equivalence band)
[compare] overall verdicts are weighted by what the corpus contains, which the loop itself shapes; the per-region lines are the portable claim.
[compare] count_relative_selector_list bins move with count_combinator (1..24 across bins) -- those regions are joint, not count_relative_selector_list findings
[compare] count_complex_selector_list_in_has bins move with count_combinator (3..17 across bins) -- those regions are joint, not count_complex_selector_list_in_has findings
[compare] count_more_complex_selector_in_has bins move with count_combinator (5..17 across bins) -- those regions are joint, not count_more_complex_selector_in_has findings
  css_select_5_1_0 better than css_select_5_2_0 on runtime_ns: 1.13x (95% CI 1.12-1.14, n=176, p=7.03e-27)
      undecided on count_combinator in [1,1.973), [1.973,3.893), [7.681,15.16) -- needs more inputs
[compare] rss: 212 inputs, 2 systems (paired; ratios, 1.10x equivalence band)
[compare] overall verdicts are weighted by what the corpus contains, which the loop itself shapes; the per-region lines are the portable claim.
[compare] count_relative_selector_list bins move with count_combinator (1..24 across bins) -- those regions are joint, not count_relative_selector_list findings
[compare] count_complex_selector_list_in_has bins move with count_combinator (3..17 across bins) -- those regions are joint, not count_complex_selector_list_in_has findings
[compare] count_more_complex_selector_in_has bins move with count_combinator (5..17 across bins) -- those regions are joint, not count_more_complex_selector_in_has findings
  css_select_5_1_0 and css_select_5_2_0 equivalent: ratio 1.00x within the equivalence band (95% CI 1.00-1.00, n=176)
[compare] dominance across runtime_ns, rss:
  css_select_5_1_0 DOMINATES css_select_5_2_0: better on runtime_ns 1.13x; equivalent on rss
      count_combinator =0 (n=47): css_select_5_1_0 not dominated
      count_combinator [1,1.973) (n=35): css_select_5_1_0, css_select_5_2_0 not dominated
      count_combinator [1.973,3.893) (n=22): css_select_5_1_0, css_select_5_2_0 not dominated
      count_combinator [3.893,7.681) (n=30): css_select_5_1_0 not dominated
      count_combinator [7.681,15.16) (n=23): css_select_5_1_0, css_select_5_2_0 not dominated
      count_combinator [15.16,29.9) (n=97): css_select_5_1_0 not dominated
      count_combinator [29.9,59] (n=14): css_select_5_1_0, css_select_5_2_0 not dominated
      WARNING css_select_5_2_0 is dominated by css_select_5_1_0 over the whole corpus but survives in [1,1.973), [1.973,3.893), [7.681,15.16), [29.9,59] on count_combinator -- the global verdict is a statement about this corpus's mix, not about the systems
      count_relative_selector_list =0 (n=135): css_select_5_1_0 not dominated
      count_relative_selector_list [1,1.753) (n=49): css_select_5_1_0, css_select_5_2_0 not dominated
      count_relative_selector_list [1.753,3.072) (n=9): css_select_5_1_0, css_select_5_2_0 not dominated
      count_relative_selector_list [3.072,5.385) (n=39): css_select_5_1_0 not dominated
      count_relative_selector_list [5.385,9.439) (n=14): css_select_5_1_0, css_select_5_2_0 not dominated
      count_relative_selector_list [9.439,16.54) (n=9): css_select_5_1_0, css_select_5_2_0 not dominated
      count_relative_selector_list [16.54,29] (n=13): css_select_5_1_0, css_select_5_2_0 not dominated
      WARNING css_select_5_2_0 is dominated by css_select_5_1_0 over the whole corpus but survives in [1,1.753), [1.753,3.072), [5.385,9.439), [9.439,16.54), [16.54,29] on count_relative_selector_list -- the global verdict is a statement about this corpus's mix, not about the systems
      count_complex_selector_list_in_has =0 (n=190): css_select_5_1_0 not dominated
      count_complex_selector_list_in_has [1,2.333) (n=57): css_select_5_1_0 not dominated
      count_complex_selector_list_in_has [7.667,9] (n=12): css_select_5_1_0, css_select_5_2_0 not dominated
      WARNING css_select_5_2_0 is dominated by css_select_5_1_0 over the whole corpus but survives in [7.667,9] on count_complex_selector_list_in_has -- the global verdict is a statement about this corpus's mix, not about the systems
      count_more_complex_selector_in_has =0 (n=221): css_select_5_1_0 not dominated
      count_more_complex_selector_in_has [1,1.667) (n=45): css_select_5_1_0 not dominated
self.storage <analyzer_library.InfoStorage object at 0x701bc2e990>
function name in read csvs func:  {'./results/rq1/20261003-0136-css_select_known/run1/css_select_known/summary.csv-function_name/css_select_5_1_0': {'css_select_5_1_0'}, './results/rq1/20261003-0136-css_select_known/run1/css_select_known/summary.csv-function_name/css_select_5_2_0': {'css_select_5_2_0'}}
[select] relevance (max |rho| vs any metric on any system): count_combinator=0.89, count_more_complex_selector_in_has=0.62, count_complex_selector=0.88, count_complex_selector_list_in_has=0.65, count_pseudo_class_ident=0.87, count_pseudo_class_selector_in_has=0.77, count_type_selector=0.86, selector_nesting=0.86, count_comma=0.86, count_id_selector=0.86, count_pseudo_class_selector=0.84, count_subclass_selectors=0.84, count_pseudo_class_function_in_has=0.76, count_class_selector=0.84, count_wq_name=0.83, count_lparen=0.83, count_rparen=0.83, count_pseudo_class_function=0.82, count_relative_selector_list=0.77, count_complex_selector_list=0.80, count_relative_combinator=0.76, selector_len=0.80, count_more_relative_selector=0.77, count_attribute_selector=0.77, count_complex_selector_in_has=0.77, count_subclass_selectors_in_has=0.76, count_attr_matcher_ws=0.75, count_attr_value=0.75, count_more_complex_selector=0.71, count_phrasing_element=0.38, count_attr_modifier=0.64, count_em=0.28, count_lang_tag=0.56, count_class_list=0.51, count_lang_attr=0.53, count_class_attr=0.52, count_id_attr=0.53, count_more_node=0.50, count_b=0.36, count_attr_ident=0.49, count_title_attr=0.50, count_node=0.48, doc_bytes=0.50, count_a=0.49, count_p=0.40, count_tchar=0.49, count_namechar=0.28, count_data_attr=0.49, count_phrasing_content=0.41, count_attrs=0.49, count_attr_value_words=0.31, doc_depth=0.45, count_phrasing_item=0.39, count_href_attr=0.43, count_lang_range=0.29, count_text_run=0.42, count_name=0.17, count_section=0.35, count_span=0.35, count_signed_integer=0.12, count_input=0.38, count_flow_item=0.26, count_type_attr=0.26, count_more_value_word=0.23, count_div=0.16, count_flow_content=0.17, count_sign=0.10, count_an_b_sign=0.11, count_an_a=0.05, count_digits=0.02, count_nth_function=0.04
[select] comparative relevance (max |rho| vs a between-system ratio): count_combinator=0.39, count_more_complex_selector_in_has=0.65, count_complex_selector=0.39, count_complex_selector_list_in_has=0.58, count_pseudo_class_ident=0.45, count_pseudo_class_selector_in_has=0.47, count_type_selector=0.37, selector_nesting=0.39, count_comma=0.41, count_id_selector=0.37, count_pseudo_class_selector=0.31, count_subclass_selectors=0.33, count_pseudo_class_function_in_has=0.39, count_class_selector=0.37, count_wq_name=0.36, count_lparen=0.33, count_rparen=0.33, count_pseudo_class_function=0.30, count_relative_selector_list=0.34, count_complex_selector_list=0.27, count_relative_combinator=0.34, selector_len=0.30, count_more_relative_selector=0.34, count_attribute_selector=0.30, count_complex_selector_in_has=0.32, count_subclass_selectors_in_has=0.30, count_attr_matcher_ws=0.30, count_attr_value=0.30, count_more_complex_selector=0.18, count_phrasing_element=0.29, count_attr_modifier=0.15, count_em=0.25, count_lang_tag=0.19, count_class_list=0.24, count_lang_attr=0.08, count_class_attr=0.24, count_id_attr=0.07, count_more_node=0.22, count_b=0.21, count_attr_ident=0.21, count_title_attr=0.16, count_node=0.19, doc_bytes=0.09, count_a=0.09, count_p=0.17, count_tchar=0.07, count_namechar=0.17, count_data_attr=0.08, count_phrasing_content=0.16, count_attrs=0.06, count_attr_value_words=0.15, doc_depth=0.11, count_phrasing_item=0.15, count_href_attr=0.11, count_lang_range=0.14, count_text_run=0.10, count_name=0.14, count_section=0.12, count_span=0.11, count_signed_integer=0.11, count_input=0.06, count_flow_item=0.11, count_type_attr=0.10, count_more_value_word=0.09, count_div=0.08, count_flow_content=0.04, count_sign=0.05, count_an_b_sign=0.05, count_an_a=0.02, count_digits=0.03, count_nth_function=0.02
[select] dropped count_digits: tracks no metric (|rho|=0.03 < 0.05)
[select] dropped count_nth_function: tracks no metric (|rho|=0.04 < 0.05)
[select] dropped count_complex_selector: |rho|=0.94 with count_combinator, which is already kept
[select] dropped count_pseudo_class_ident: |rho|=0.88 with count_combinator, which is already kept
[select] dropped count_pseudo_class_selector_in_has: |rho|=0.91 with count_complex_selector_list_in_has, which is already kept
[select] dropped count_type_selector: |rho|=0.97 with count_combinator, which is already kept
[select] dropped selector_nesting: |rho|=0.86 with count_combinator, which is already kept
[select] dropped count_comma: |rho|=0.91 with count_combinator, which is already kept
[select] dropped count_id_selector: |rho|=0.93 with count_combinator, which is already kept
[select] dropped count_pseudo_class_selector: |rho|=0.90 with count_combinator, which is already kept
[select] dropped count_subclass_selectors: |rho|=0.91 with count_combinator, which is already kept
[select] dropped count_pseudo_class_function_in_has: |rho|=0.89 with count_complex_selector_list_in_has, which is already kept
[select] dropped count_class_selector: |rho|=0.93 with count_combinator, which is already kept
[select] dropped count_wq_name: |rho|=0.94 with count_combinator, which is already kept
[select] dropped count_lparen: |rho|=0.89 with count_combinator, which is already kept
[select] dropped count_rparen: |rho|=0.89 with count_combinator, which is already kept
[select] dropped count_pseudo_class_function: |rho|=0.89 with count_combinator, which is already kept
[select] dropped count_complex_selector_list: over the 4-property cap
[select] dropped count_relative_combinator: over the 4-property cap
[select] dropped selector_len: over the 4-property cap
[select] dropped count_more_relative_selector: over the 4-property cap
[select] dropped count_attribute_selector: over the 4-property cap
[select] dropped count_complex_selector_in_has: over the 4-property cap
[select] dropped count_subclass_selectors_in_has: over the 4-property cap
[select] dropped count_attr_matcher_ws: over the 4-property cap
[select] dropped count_attr_value: over the 4-property cap
[select] dropped count_more_complex_selector: over the 4-property cap
[select] dropped count_phrasing_element: over the 4-property cap
[select] dropped count_attr_modifier: over the 4-property cap
[select] dropped count_em: over the 4-property cap
[select] dropped count_lang_tag: over the 4-property cap
[select] dropped count_class_list: over the 4-property cap
[select] dropped count_lang_attr: over the 4-property cap
[select] dropped count_class_attr: over the 4-property cap
[select] dropped count_id_attr: over the 4-property cap
[select] dropped count_more_node: over the 4-property cap
[select] dropped count_b: over the 4-property cap
[select] dropped count_attr_ident: over the 4-property cap
[select] dropped count_title_attr: over the 4-property cap
[select] dropped count_node: over the 4-property cap
[select] dropped doc_bytes: over the 4-property cap
[select] dropped count_a: over the 4-property cap
[select] dropped count_p: over the 4-property cap
[select] dropped count_tchar: over the 4-property cap
[select] dropped count_namechar: over the 4-property cap
[select] dropped count_data_attr: over the 4-property cap
[select] dropped count_phrasing_content: over the 4-property cap
[select] dropped count_attrs: over the 4-property cap
[select] dropped count_attr_value_words: over the 4-property cap
[select] dropped doc_depth: over the 4-property cap
[select] dropped count_phrasing_item: over the 4-property cap
[select] dropped count_href_attr: over the 4-property cap
[select] dropped count_lang_range: over the 4-property cap
[select] dropped count_text_run: over the 4-property cap
[select] dropped count_name: over the 4-property cap
[select] dropped count_section: over the 4-property cap
[select] dropped count_span: over the 4-property cap
[select] dropped count_signed_integer: over the 4-property cap
[select] dropped count_input: over the 4-property cap
[select] dropped count_flow_item: over the 4-property cap
[select] dropped count_type_attr: over the 4-property cap
[select] dropped count_more_value_word: over the 4-property cap
[select] dropped count_div: over the 4-property cap
[select] dropped count_flow_content: over the 4-property cap
[select] dropped count_sign: over the 4-property cap
[select] dropped count_an_b_sign: over the 4-property cap
[select] dropped count_an_a: over the 4-property cap
[select] count_combinator stands for count_complex_selector, count_pseudo_class_ident, count_type_selector, selector_nesting, count_comma, count_id_selector, count_pseudo_class_selector, count_subclass_selectors, count_class_selector, count_wq_name, count_lparen, count_rparen, count_pseudo_class_function (indistinguishable here)
[select] count_complex_selector_list_in_has stands for count_pseudo_class_selector_in_has, count_pseudo_class_function_in_has (indistinguishable here)
[select] joint fit uses 4 of 71 properties: count_combinator, count_relative_selector_list, count_complex_selector_list_in_has, count_more_complex_selector_in_has (1,296 model fits)
Plotting 'runtime_ns' vs 'count_complex_selector_list' for './results/rq1/20261003-0136-css_select_known/run1/css_select_known/summary.csv-function_name/css_select_5_1_0':
Saved plot to ./results/rq1/20261003-0136-css_select_known/run1/css_select_known/plots/runtime_ns_vs_count_complex_selector_list_css_select_5_1_0.png
Plotting 'runtime_ns' vs 'count_complex_selector_list' for './results/rq1/20261003-0136-css_select_known/run1/css_select_known/summary.csv-function_name/css_select_5_2_0':
Saved plot to ./results/rq1/20261003-0136-css_select_known/run1/css_select_known/plots/runtime_ns_vs_count_complex_selector_list_css_select_5_2_0.png
For './results/rq1/20261003-0136-css_select_known/run1/css_select_known/summary.csv-function_name/css_select_5_1_0', feature 'count_complex_selector_list' and metric 'runtime_ns': dropped 92 of 268 rows (censored, non-positive metric, or zero feature).
For './results/rq1/20261003-0136-css_select_known/run1/css_select_known/summary.csv-function_name/css_select_5_1_0', feature 'count_complex_selector_list' and metric 'runtime_ns' the best fit is:
Best : Logarithmic: time = 1.2E+04 + 1.4E+04*log(n) (sec)           
Constant: time = 1.5E+04 (sec)                                  (res: 68)
Linear: time = 6.7E+03 + 5.9E+03*n (sec)                        (res: 46)
Quadratic: time = 1.4E+04 + 4.8E+02*n^2 (sec)                   (res: 51)
Cubic: time = 1.5E+04 + 31*n^3 (sec)                            (res: 56)
Logarithmic: time = 1.2E+04 + 1.4E+04*log(n) (sec)              (res: 48)
Linearithmic: time = 1.3E+04 + 2.4E+03*n*log(n) (sec)           (res: 47)
Exponential: time = 2.3E+04 * 1.1^n (sec)                       (res: 1.2E+02)

   [near-tie] within 10%: Linear, Linearithmic, Logarithmic -- chosen by the simplicity bias, not the data.
   [exponent] free-exponent fit: runtime_ns ~ count_complex_selector_list ** 0.71
Saved fit model plot to ./results/rq1/20261003-0136-css_select_known/run1/css_select_known/plots/fitmodel_runtime_ns_vs_count_complex_selector_list_css_select_5_1_0.png
For './results/rq1/20261003-0136-css_select_known/run1/css_select_known/summary.csv-function_name/css_select_5_2_0', feature 'count_complex_selector_list' and metric 'runtime_ns': dropped 56 of 268 rows (censored, non-positive metric, or zero feature).
For './results/rq1/20261003-0136-css_select_known/run1/css_select_known/summary.csv-function_name/css_select_5_2_0', feature 'count_complex_selector_list' and metric 'runtime_ns' the best fit is:
Best : Linear: time = 6.5E+03 + 7.4E+03*n (sec)                     
Constant: time = 1.8E+04 (sec)                                  (res: 93)
Linear: time = 6.5E+03 + 7.4E+03*n (sec)                        (res: 51)
Quadratic: time = 1.6E+04 + 5.6E+02*n^2 (sec)                   (res: 53)
Cubic: time = 1.7E+04 + 34*n^3 (sec)                            (res: 60)
Logarithmic: time = 1.3E+04 + 1.8E+04*log(n) (sec)              (res: 65)
Linearithmic: time = 1.5E+04 + 2.9E+03*n*log(n) (sec)           (res: 50)
Exponential: time = 2.7E+04 * 1.1^n (sec)                       (res: 1.3E+02)

   [near-tie] within 10%: Linearithmic, Linear, Quadratic -- chosen by the simplicity bias, not the data.
   [exponent] free-exponent fit: runtime_ns ~ count_complex_selector_list ** 0.72
Saved fit model plot to ./results/rq1/20261003-0136-css_select_known/run1/css_select_known/plots/fitmodel_runtime_ns_vs_count_complex_selector_list_css_select_5_2_0.png
Plotting 'runtime_ns' vs 'count_complex_selector' for './results/rq1/20261003-0136-css_select_known/run1/css_select_known/summary.csv-function_name/css_select_5_1_0':
Saved plot to ./results/rq1/20261003-0136-css_select_known/run1/css_select_known/plots/runtime_ns_vs_count_complex_selector_css_select_5_1_0.png
Plotting 'runtime_ns' vs 'count_complex_selector' for './results/rq1/20261003-0136-css_select_known/run1/css_select_known/summary.csv-function_name/css_select_5_2_0':
Saved plot to ./results/rq1/20261003-0136-css_select_known/run1/css_select_known/plots/runtime_ns_vs_count_complex_selector_css_select_5_2_0.png
For './results/rq1/20261003-0136-css_select_known/run1/css_select_known/summary.csv-function_name/css_select_5_1_0', feature 'count_complex_selector' and metric 'runtime_ns': dropped 92 of 268 rows (censored, non-positive metric, or zero feature).
For './results/rq1/20261003-0136-css_select_known/run1/css_select_known/summary.csv-function_name/css_select_5_1_0', feature 'count_complex_selector' and metric 'runtime_ns' the best fit is:
Best : Linear: time = 7.3E+03 + 3.5E+03*n (sec)                     
Constant: time = 1.5E+04 (sec)                                  (res: 68)
Linear: time = 7.3E+03 + 3.5E+03*n (sec)                        (res: 29)
Quadratic: time = 1.3E+04 + 1.7E+02*n^2 (sec)                   (res: 37)
Cubic: time = 1.5E+04 + 5.4*n^3 (sec)                           (res: 50)
Logarithmic: time = 9.1E+03 + 1.1E+04*log(n) (sec)              (res: 41)
Linearithmic: time = 1.2E+04 + 1.2E+03*n*log(n) (sec)           (res: 30)
Exponential: time = 1.7E+04 * 1.1^n (sec)                       (res: 71)

   [near-tie] within 10%: Linear, Linearithmic -- chosen by the simplicity bias, not the data.
   [exponent] free-exponent fit: runtime_ns ~ count_complex_selector ** 0.63
Saved fit model plot to ./results/rq1/20261003-0136-css_select_known/run1/css_select_known/plots/fitmodel_runtime_ns_vs_count_complex_selector_css_select_5_1_0.png
For './results/rq1/20261003-0136-css_select_known/run1/css_select_known/summary.csv-function_name/css_select_5_2_0', feature 'count_complex_selector' and metric 'runtime_ns': dropped 56 of 268 rows (censored, non-positive metric, or zero feature).
For './results/rq1/20261003-0136-css_select_known/run1/css_select_known/summary.csv-function_name/css_select_5_2_0', feature 'count_complex_selector' and metric 'runtime_ns' the best fit is:
Best : Linear: time = 8.1E+03 + 3.9E+03*n (sec)                     
Constant: time = 1.8E+04 (sec)                                  (res: 93)
Linear: time = 8.1E+03 + 3.9E+03*n (sec)                        (res: 31)
Quadratic: time = 1.6E+04 + 1.2E+02*n^2 (sec)                   (res: 43)
Cubic: time = 1.7E+04 + 2.9*n^3 (sec)                           (res: 56)
Logarithmic: time = 9.3E+03 + 1.4E+04*log(n) (sec)              (res: 59)
Linearithmic: time = 1.4E+04 + 1.2E+03*n*log(n) (sec)           (res: 32)
Exponential: time = 2.4E+04 * 1.1^n (sec)                       (res: 80)

   [near-tie] within 10%: Linear, Linearithmic -- chosen by the simplicity bias, not the data.
   [exponent] free-exponent fit: runtime_ns ~ count_complex_selector ** 0.64
Saved fit model plot to ./results/rq1/20261003-0136-css_select_known/run1/css_select_known/plots/fitmodel_runtime_ns_vs_count_complex_selector_css_select_5_2_0.png
Plotting 'runtime_ns' vs 'count_combinator' for './results/rq1/20261003-0136-css_select_known/run1/css_select_known/summary.csv-function_name/css_select_5_1_0':
Saved plot to ./results/rq1/20261003-0136-css_select_known/run1/css_select_known/plots/runtime_ns_vs_count_combinator_css_select_5_1_0.png
Plotting 'runtime_ns' vs 'count_combinator' for './results/rq1/20261003-0136-css_select_known/run1/css_select_known/summary.csv-function_name/css_select_5_2_0':
Saved plot to ./results/rq1/20261003-0136-css_select_known/run1/css_select_known/plots/runtime_ns_vs_count_combinator_css_select_5_2_0.png
For './results/rq1/20261003-0136-css_select_known/run1/css_select_known/summary.csv-function_name/css_select_5_1_0', feature 'count_combinator' and metric 'runtime_ns': dropped 138 of 268 rows (censored, non-positive metric, or zero feature).
For './results/rq1/20261003-0136-css_select_known/run1/css_select_known/summary.csv-function_name/css_select_5_1_0', feature 'count_combinator' and metric 'runtime_ns' the best fit is:
Best : Linear: time = 1E+04 + 4.3E+03*n (sec)                       
Constant: time = 2E+04 (sec)                                    (res: 51)
Linear: time = 1E+04 + 4.3E+03*n (sec)                          (res: 14)
Quadratic: time = 1.7E+04 + 2.2E+02*n^2 (sec)                   (res: 18)
Cubic: time = 1.8E+04 + 11*n^3 (sec)                            (res: 23)
Logarithmic: time = 1.3E+04 + 1.7E+04*log(n) (sec)              (res: 22)
Linearithmic: time = 1.6E+04 + 1.4E+03*n*log(n) (sec)           (res: 14)
Exponential: time = 2E+04 * 1.1^n (sec)                         (res: 24)

   [near-tie] within 10%: Linear, Linearithmic -- chosen by the simplicity bias, not the data.
   [exponent] free-exponent fit: runtime_ns ~ count_combinator ** 0.58
Saved fit model plot to ./results/rq1/20261003-0136-css_select_known/run1/css_select_known/plots/fitmodel_runtime_ns_vs_count_combinator_css_select_5_1_0.png
For './results/rq1/20261003-0136-css_select_known/run1/css_select_known/summary.csv-function_name/css_select_5_2_0', feature 'count_combinator' and metric 'runtime_ns': dropped 102 of 268 rows (censored, non-positive metric, or zero feature).
For './results/rq1/20261003-0136-css_select_known/run1/css_select_known/summary.csv-function_name/css_select_5_2_0', feature 'count_combinator' and metric 'runtime_ns' the best fit is:
Best : Linear: time = 1E+04 + 5.3E+03*n (sec)                       
Constant: time = 2.3E+04 (sec)                                  (res: 79)
Linear: time = 1E+04 + 5.3E+03*n (sec)                          (res: 16)
Quadratic: time = 1.8E+04 + 2.5E+02*n^2 (sec)                   (res: 20)
Cubic: time = 1.9E+04 + 11*n^3 (sec)                            (res: 27)
Logarithmic: time = 1.3E+04 + 2.2E+04*log(n) (sec)              (res: 32)
Linearithmic: time = 1.7E+04 + 1.7E+03*n*log(n) (sec)           (res: 16)
Exponential: time = 2.4E+04 * 1.1^n (sec)                       (res: 30)

   [near-tie] within 10%: Linear, Linearithmic -- chosen by the simplicity bias, not the data.
   [exponent] free-exponent fit: runtime_ns ~ count_combinator ** 0.62
Saved fit model plot to ./results/rq1/20261003-0136-css_select_known/run1/css_select_known/plots/fitmodel_runtime_ns_vs_count_combinator_css_select_5_2_0.png
Plotting 'runtime_ns' vs 'count_subclass_selectors' for './results/rq1/20261003-0136-css_select_known/run1/css_select_known/summary.csv-function_name/css_select_5_1_0':
Saved plot to ./results/rq1/20261003-0136-css_select_known/run1/css_select_known/plots/runtime_ns_vs_count_subclass_selectors_css_select_5_1_0.png
Plotting 'runtime_ns' vs 'count_subclass_selectors' for './results/rq1/20261003-0136-css_select_known/run1/css_select_known/summary.csv-function_name/css_select_5_2_0':
Saved plot to ./results/rq1/20261003-0136-css_select_known/run1/css_select_known/plots/runtime_ns_vs_count_subclass_selectors_css_select_5_2_0.png
For './results/rq1/20261003-0136-css_select_known/run1/css_select_known/summary.csv-function_name/css_select_5_1_0', feature 'count_subclass_selectors' and metric 'runtime_ns': dropped 104 of 268 rows (censored, non-positive metric, or zero feature).
For './results/rq1/20261003-0136-css_select_known/run1/css_select_known/summary.csv-function_name/css_select_5_1_0', feature 'count_subclass_selectors' and metric 'runtime_ns' the best fit is:
Best : Linear: time = 9.1E+03 + 2E+03*n (sec)                       
Constant: time = 1.6E+04 (sec)                                  (res: 67)
Linear: time = 9.1E+03 + 2E+03*n (sec)                          (res: 45)
Quadratic: time = 1.4E+04 + 72*n^2 (sec)                        (res: 50)
Cubic: time = 1.5E+04 + 1.3*n^3 (sec)                           (res: 59)
Logarithmic: time = 9.9E+03 + 7.1E+03*log(n) (sec)              (res: 54)
Linearithmic: time = 1.2E+04 + 6.6E+02*n*log(n) (sec)           (res: 44)
Exponential: time = 2.1E+04 * 1.1^n (sec)                       (res: 1.3E+02)

   [near-tie] within 10%: Linearithmic, Linear -- chosen by the simplicity bias, not the data.
   [exponent] free-exponent fit: runtime_ns ~ count_subclass_selectors ** 0.55
Saved fit model plot to ./results/rq1/20261003-0136-css_select_known/run1/css_select_known/plots/fitmodel_runtime_ns_vs_count_subclass_selectors_css_select_5_1_0.png
For './results/rq1/20261003-0136-css_select_known/run1/css_select_known/summary.csv-function_name/css_select_5_2_0', feature 'count_subclass_selectors' and metric 'runtime_ns': dropped 68 of 268 rows (censored, non-positive metric, or zero feature).
For './results/rq1/20261003-0136-css_select_known/run1/css_select_known/summary.csv-function_name/css_select_5_2_0', feature 'count_subclass_selectors' and metric 'runtime_ns' the best fit is:
Best : Linear: time = 9.4E+03 + 2.5E+03*n (sec)                     
Constant: time = 1.8E+04 (sec)                                  (res: 92)
Linear: time = 9.4E+03 + 2.5E+03*n (sec)                        (res: 49)
Quadratic: time = 1.6E+04 + 58*n^2 (sec)                        (res: 54)
Cubic: time = 1.8E+04 + 0.92*n^3 (sec)                          (res: 66)
Logarithmic: time = 1E+04 + 9.1E+03*log(n) (sec)                (res: 74)
Linearithmic: time = 1.4E+04 + 7.2E+02*n*log(n) (sec)           (res: 46)
Exponential: time = 2.9E+04 * 1^n (sec)                         (res: 1.3E+02)

   [near-tie] within 10%: Linearithmic, Linear -- chosen by the simplicity bias, not the data.
   [exponent] free-exponent fit: runtime_ns ~ count_subclass_selectors ** 0.58
Saved fit model plot to ./results/rq1/20261003-0136-css_select_known/run1/css_select_known/plots/fitmodel_runtime_ns_vs_count_subclass_selectors_css_select_5_2_0.png
Plotting 'runtime_ns' vs 'count_type_selector' for './results/rq1/20261003-0136-css_select_known/run1/css_select_known/summary.csv-function_name/css_select_5_1_0':
Saved plot to ./results/rq1/20261003-0136-css_select_known/run1/css_select_known/plots/runtime_ns_vs_count_type_selector_css_select_5_1_0.png
Plotting 'runtime_ns' vs 'count_type_selector' for './results/rq1/20261003-0136-css_select_known/run1/css_select_known/summary.csv-function_name/css_select_5_2_0':
Saved plot to ./results/rq1/20261003-0136-css_select_known/run1/css_select_known/plots/runtime_ns_vs_count_type_selector_css_select_5_2_0.png
For './results/rq1/20261003-0136-css_select_known/run1/css_select_known/summary.csv-function_name/css_select_5_1_0', feature 'count_type_selector' and metric 'runtime_ns': dropped 113 of 268 rows (censored, non-positive metric, or zero feature).
For './results/rq1/20261003-0136-css_select_known/run1/css_select_known/summary.csv-function_name/css_select_5_1_0', feature 'count_type_selector' and metric 'runtime_ns' the best fit is:
Best : Linear: time = 9.4E+03 + 3.6E+03*n (sec)                     
Constant: time = 1.7E+04 (sec)                                  (res: 58)
Linear: time = 9.4E+03 + 3.6E+03*n (sec)                        (res: 17)
Quadratic: time = 1.5E+04 + 1.5E+02*n^2 (sec)                   (res: 23)
Cubic: time = 1.6E+04 + 5.1*n^3 (sec)                           (res: 31)
Logarithmic: time = 1E+04 + 1.4E+04*log(n) (sec)                (res: 28)
Linearithmic: time = 1.4E+04 + 1.1E+03*n*log(n) (sec)           (res: 18)
Exponential: time = 1.9E+04 * 1.1^n (sec)                       (res: 33)

   [near-tie] within 10%: Linear, Linearithmic -- chosen by the simplicity bias, not the data.
   [exponent] free-exponent fit: runtime_ns ~ count_type_selector ** 0.58
Saved fit model plot to ./results/rq1/20261003-0136-css_select_known/run1/css_select_known/plots/fitmodel_runtime_ns_vs_count_type_selector_css_select_5_1_0.png
For './results/rq1/20261003-0136-css_select_known/run1/css_select_known/summary.csv-function_name/css_select_5_2_0', feature 'count_type_selector' and metric 'runtime_ns': dropped 77 of 268 rows (censored, non-positive metric, or zero feature).
For './results/rq1/20261003-0136-css_select_known/run1/css_select_known/summary.csv-function_name/css_select_5_2_0', feature 'count_type_selector' and metric 'runtime_ns' the best fit is:
Best : Linear: time = 9.5E+03 + 4.4E+03*n (sec)                     
Constant: time = 2E+04 (sec)                                    (res: 84)
Linear: time = 9.5E+03 + 4.4E+03*n (sec)                        (res: 19)
Quadratic: time = 1.7E+04 + 1.7E+02*n^2 (sec)                   (res: 25)
Cubic: time = 1.8E+04 + 6.3*n^3 (sec)                           (res: 34)
Logarithmic: time = 1.1E+04 + 1.9E+04*log(n) (sec)              (res: 40)
Linearithmic: time = 1.5E+04 + 1.4E+03*n*log(n) (sec)           (res: 20)
Exponential: time = 2.1E+04 * 1.1^n (sec)                       (res: 37)

   [near-tie] within 10%: Linear, Linearithmic -- chosen by the simplicity bias, not the data.
   [exponent] free-exponent fit: runtime_ns ~ count_type_selector ** 0.64
Saved fit model plot to ./results/rq1/20261003-0136-css_select_known/run1/css_select_known/plots/fitmodel_runtime_ns_vs_count_type_selector_css_select_5_2_0.png
Plotting 'runtime_ns' vs 'count_wq_name' for './results/rq1/20261003-0136-css_select_known/run1/css_select_known/summary.csv-function_name/css_select_5_1_0':
Saved plot to ./results/rq1/20261003-0136-css_select_known/run1/css_select_known/plots/runtime_ns_vs_count_wq_name_css_select_5_1_0.png
Plotting 'runtime_ns' vs 'count_wq_name' for './results/rq1/20261003-0136-css_select_known/run1/css_select_known/summary.csv-function_name/css_select_5_2_0':
Saved plot to ./results/rq1/20261003-0136-css_select_known/run1/css_select_known/plots/runtime_ns_vs_count_wq_name_css_select_5_2_0.png
For './results/rq1/20261003-0136-css_select_known/run1/css_select_known/summary.csv-function_name/css_select_5_1_0', feature 'count_wq_name' and metric 'runtime_ns': dropped 141 of 268 rows (censored, non-positive metric, or zero feature).
For './results/rq1/20261003-0136-css_select_known/run1/css_select_known/summary.csv-function_name/css_select_5_1_0', feature 'count_wq_name' and metric 'runtime_ns' the best fit is:
Best : Linear: time = 5.3E+03 + 7.7E+03*n (sec)                     
Constant: time = 1.8E+04 (sec)                                  (res: 53)
Linear: time = 5.3E+03 + 7.7E+03*n (sec)                        (res: 22)
Quadratic: time = 1.4E+04 + 8.4E+02*n^2 (sec)                   (res: 22)
Cubic: time = 1.6E+04 + 83*n^3 (sec)                            (res: 26)
Logarithmic: time = 1.2E+04 + 1.9E+04*log(n) (sec)              (res: 31)
Linearithmic: time = 1.4E+04 + 3.3E+03*n*log(n) (sec)           (res: 21)
Exponential: time = 1.8E+04 * 1.2^n (sec)                       (res: 38)

   [near-tie] within 10%: Linearithmic, Quadratic, Linear -- chosen by the simplicity bias, not the data.
   [exponent] free-exponent fit: runtime_ns ~ count_wq_name ** 0.67
Saved fit model plot to ./results/rq1/20261003-0136-css_select_known/run1/css_select_known/plots/fitmodel_runtime_ns_vs_count_wq_name_css_select_5_1_0.png
For './results/rq1/20261003-0136-css_select_known/run1/css_select_known/summary.csv-function_name/css_select_5_2_0', feature 'count_wq_name' and metric 'runtime_ns': dropped 105 of 268 rows (censored, non-positive metric, or zero feature).
For './results/rq1/20261003-0136-css_select_known/run1/css_select_known/summary.csv-function_name/css_select_5_2_0', feature 'count_wq_name' and metric 'runtime_ns' the best fit is:
Best : Linear: time = 5E+03 + 9.3E+03*n (sec)                       
Constant: time = 2.1E+04 (sec)                                  (res: 79)
Linear: time = 5E+03 + 9.3E+03*n (sec)                          (res: 26)
Quadratic: time = 1.6E+04 + 8.1E+02*n^2 (sec)                   (res: 28)
Cubic: time = 1.9E+04 + 58*n^3 (sec)                            (res: 39)
Logarithmic: time = 1.3E+04 + 2.6E+04*log(n) (sec)              (res: 41)
Linearithmic: time = 1.6E+04 + 3.8E+03*n*log(n) (sec)           (res: 25)
Exponential: time = 2.3E+04 * 1.2^n (sec)                       (res: 53)

   [near-tie] within 10%: Linearithmic, Linear -- chosen by the simplicity bias, not the data.
   [exponent] free-exponent fit: runtime_ns ~ count_wq_name ** 0.72
Saved fit model plot to ./results/rq1/20261003-0136-css_select_known/run1/css_select_known/plots/fitmodel_runtime_ns_vs_count_wq_name_css_select_5_2_0.png
Plotting 'runtime_ns' vs 'count_pseudo_class_selector' for './results/rq1/20261003-0136-css_select_known/run1/css_select_known/summary.csv-function_name/css_select_5_1_0':
Saved plot to ./results/rq1/20261003-0136-css_select_known/run1/css_select_known/plots/runtime_ns_vs_count_pseudo_class_selector_css_select_5_1_0.png
Plotting 'runtime_ns' vs 'count_pseudo_class_selector' for './results/rq1/20261003-0136-css_select_known/run1/css_select_known/summary.csv-function_name/css_select_5_2_0':
Saved plot to ./results/rq1/20261003-0136-css_select_known/run1/css_select_known/plots/runtime_ns_vs_count_pseudo_class_selector_css_select_5_2_0.png
For './results/rq1/20261003-0136-css_select_known/run1/css_select_known/summary.csv-function_name/css_select_5_1_0', feature 'count_pseudo_class_selector' and metric 'runtime_ns': dropped 154 of 268 rows (censored, non-positive metric, or zero feature).
For './results/rq1/20261003-0136-css_select_known/run1/css_select_known/summary.csv-function_name/css_select_5_1_0', feature 'count_pseudo_class_selector' and metric 'runtime_ns' the best fit is:
Best : Logarithmic: time = 1.4E+04 + 1.5E+04*log(n) (sec)           
Constant: time = 1.9E+04 (sec)                                  (res: 55)
Linear: time = 7.6E+03 + 6.7E+03*n (sec)                        (res: 42)
Quadratic: time = 1.5E+04 + 8.2E+02*n^2 (sec)                   (res: 43)
Cubic: time = 1.7E+04 + 83*n^3 (sec)                            (res: 46)
Logarithmic: time = 1.4E+04 + 1.5E+04*log(n) (sec)              (res: 44)
Linearithmic: time = 1.5E+04 + 3.1E+03*n*log(n) (sec)           (res: 42)
Exponential: time = 3.1E+04 * 1.2^n (sec)                       (res: 1.2E+02)

   [near-tie] within 10%: Linearithmic, Linear, Quadratic, Logarithmic, Cubic -- chosen by the simplicity bias, not the data.
   [exponent] free-exponent fit: runtime_ns ~ count_pseudo_class_selector ** 0.67
Saved fit model plot to ./results/rq1/20261003-0136-css_select_known/run1/css_select_known/plots/fitmodel_runtime_ns_vs_count_pseudo_class_selector_css_select_5_1_0.png
For './results/rq1/20261003-0136-css_select_known/run1/css_select_known/summary.csv-function_name/css_select_5_2_0', feature 'count_pseudo_class_selector' and metric 'runtime_ns': dropped 118 of 268 rows (censored, non-positive metric, or zero feature).
For './results/rq1/20261003-0136-css_select_known/run1/css_select_known/summary.csv-function_name/css_select_5_2_0', feature 'count_pseudo_class_selector' and metric 'runtime_ns' the best fit is:
Best : Linear: time = 7.6E+03 + 7.7E+03*n (sec)                     
Constant: time = 2.1E+04 (sec)                                  (res: 82)
Linear: time = 7.6E+03 + 7.7E+03*n (sec)                        (res: 43)
Quadratic: time = 1.8E+04 + 4.1E+02*n^2 (sec)                   (res: 50)
Cubic: time = 2E+04 + 20*n^3 (sec)                              (res: 55)
Logarithmic: time = 1.3E+04 + 2.5E+04*log(n) (sec)              (res: 53)
Linearithmic: time = 1.7E+04 + 2.7E+03*n*log(n) (sec)           (res: 45)
Exponential: time = 4.3E+04 * 1.1^n (sec)                       (res: 1.7E+02)

   [near-tie] within 10%: Linear, Linearithmic -- chosen by the simplicity bias, not the data.
   [exponent] free-exponent fit: runtime_ns ~ count_pseudo_class_selector ** 0.57
Saved fit model plot to ./results/rq1/20261003-0136-css_select_known/run1/css_select_known/plots/fitmodel_runtime_ns_vs_count_pseudo_class_selector_css_select_5_2_0.png
Plotting 'runtime_ns' vs 'count_id_selector' for './results/rq1/20261003-0136-css_select_known/run1/css_select_known/summary.csv-function_name/css_select_5_1_0':
Saved plot to ./results/rq1/20261003-0136-css_select_known/run1/css_select_known/plots/runtime_ns_vs_count_id_selector_css_select_5_1_0.png
Plotting 'runtime_ns' vs 'count_id_selector' for './results/rq1/20261003-0136-css_select_known/run1/css_select_known/summary.csv-function_name/css_select_5_2_0':
Saved plot to ./results/rq1/20261003-0136-css_select_known/run1/css_select_known/plots/runtime_ns_vs_count_id_selector_css_select_5_2_0.png
For './results/rq1/20261003-0136-css_select_known/run1/css_select_known/summary.csv-function_name/css_select_5_1_0', feature 'count_id_selector' and metric 'runtime_ns': dropped 147 of 268 rows (censored, non-positive metric, or zero feature).
For './results/rq1/20261003-0136-css_select_known/run1/css_select_known/summary.csv-function_name/css_select_5_1_0', feature 'count_id_selector' and metric 'runtime_ns' the best fit is:
Best : Linear: time = 4.5E+03 + 7.6E+03*n (sec)                     
Constant: time = 1.8E+04 (sec)                                  (res: 55)
Linear: time = 4.5E+03 + 7.6E+03*n (sec)                        (res: 25)
Quadratic: time = 1.4E+04 + 7.4E+02*n^2 (sec)                   (res: 28)
Cubic: time = 1.6E+04 + 53*n^3 (sec)                            (res: 36)
Logarithmic: time = 1.2E+04 + 1.8E+04*log(n) (sec)              (res: 32)
Linearithmic: time = 1.3E+04 + 3.3E+03*n*log(n) (sec)           (res: 24)
Exponential: time = 2E+04 * 1.2^n (sec)                         (res: 53)

   [near-tie] within 10%: Linearithmic, Linear -- chosen by the simplicity bias, not the data.
   [exponent] free-exponent fit: runtime_ns ~ count_id_selector ** 0.73
Saved fit model plot to ./results/rq1/20261003-0136-css_select_known/run1/css_select_known/plots/fitmodel_runtime_ns_vs_count_id_selector_css_select_5_1_0.png
For './results/rq1/20261003-0136-css_select_known/run1/css_select_known/summary.csv-function_name/css_select_5_2_0', feature 'count_id_selector' and metric 'runtime_ns': dropped 111 of 268 rows (censored, non-positive metric, or zero feature).
For './results/rq1/20261003-0136-css_select_known/run1/css_select_known/summary.csv-function_name/css_select_5_2_0', feature 'count_id_selector' and metric 'runtime_ns' the best fit is:
Best : Linear: time = 3.5E+03 + 9.3E+03*n (sec)                     
Constant: time = 2.1E+04 (sec)                                  (res: 82)
Linear: time = 3.5E+03 + 9.3E+03*n (sec)                        (res: 30)
Quadratic: time = 1.6E+04 + 7.6E+02*n^2 (sec)                   (res: 34)
Cubic: time = 1.8E+04 + 53*n^3 (sec)                            (res: 44)
Logarithmic: time = 1.2E+04 + 2.4E+04*log(n) (sec)              (res: 46)
Linearithmic: time = 1.4E+04 + 3.7E+03*n*log(n) (sec)           (res: 29)
Exponential: time = 2.6E+04 * 1.2^n (sec)                       (res: 70)

   [near-tie] within 10%: Linearithmic, Linear -- chosen by the simplicity bias, not the data.
   [exponent] free-exponent fit: runtime_ns ~ count_id_selector ** 0.75
Saved fit model plot to ./results/rq1/20261003-0136-css_select_known/run1/css_select_known/plots/fitmodel_runtime_ns_vs_count_id_selector_css_select_5_2_0.png
Plotting 'runtime_ns' vs 'count_class_selector' for './results/rq1/20261003-0136-css_select_known/run1/css_select_known/summary.csv-function_name/css_select_5_1_0':
Saved plot to ./results/rq1/20261003-0136-css_select_known/run1/css_select_known/plots/runtime_ns_vs_count_class_selector_css_select_5_1_0.png
Plotting 'runtime_ns' vs 'count_class_selector' for './results/rq1/20261003-0136-css_select_known/run1/css_select_known/summary.csv-function_name/css_select_5_2_0':
Saved plot to ./results/rq1/20261003-0136-css_select_known/run1/css_select_known/plots/runtime_ns_vs_count_class_selector_css_select_5_2_0.png
For './results/rq1/20261003-0136-css_select_known/run1/css_select_known/summary.csv-function_name/css_select_5_1_0', feature 'count_class_selector' and metric 'runtime_ns': dropped 145 of 268 rows (censored, non-positive metric, or zero feature).
For './results/rq1/20261003-0136-css_select_known/run1/css_select_known/summary.csv-function_name/css_select_5_1_0', feature 'count_class_selector' and metric 'runtime_ns' the best fit is:
Best : Linear: time = 7.3E+03 + 6.4E+03*n (sec)                     
Constant: time = 1.9E+04 (sec)                                  (res: 53)
Linear: time = 7.3E+03 + 6.4E+03*n (sec)                        (res: 27)
Quadratic: time = 1.6E+04 + 4.7E+02*n^2 (sec)                   (res: 32)
Cubic: time = 1.8E+04 + 25*n^3 (sec)                            (res: 40)
Logarithmic: time = 1.3E+04 + 1.7E+04*log(n) (sec)              (res: 32)
Linearithmic: time = 1.5E+04 + 2.5E+03*n*log(n) (sec)           (res: 28)
Exponential: time = 2.4E+04 * 1.1^n (sec)                       (res: 63)

   [near-tie] within 10%: Linear, Linearithmic -- chosen by the simplicity bias, not the data.
   [exponent] free-exponent fit: runtime_ns ~ count_class_selector ** 0.67
Saved fit model plot to ./results/rq1/20261003-0136-css_select_known/run1/css_select_known/plots/fitmodel_runtime_ns_vs_count_class_selector_css_select_5_1_0.png
For './results/rq1/20261003-0136-css_select_known/run1/css_select_known/summary.csv-function_name/css_select_5_2_0', feature 'count_class_selector' and metric 'runtime_ns': dropped 109 of 268 rows (censored, non-positive metric, or zero feature).
For './results/rq1/20261003-0136-css_select_known/run1/css_select_known/summary.csv-function_name/css_select_5_2_0', feature 'count_class_selector' and metric 'runtime_ns' the best fit is:
Best : Linear: time = 5.7E+03 + 8.7E+03*n (sec)                     
Constant: time = 2.2E+04 (sec)                                  (res: 81)
Linear: time = 5.7E+03 + 8.7E+03*n (sec)                        (res: 33)
Quadratic: time = 1.8E+04 + 5.6E+02*n^2 (sec)                   (res: 45)
Cubic: time = 2E+04 + 25*n^3 (sec)                              (res: 60)
Logarithmic: time = 1.3E+04 + 2.5E+04*log(n) (sec)              (res: 42)
Linearithmic: time = 1.6E+04 + 3.3E+03*n*log(n) (sec)           (res: 35)
Exponential: time = 2.9E+04 * 1.1^n (sec)                       (res: 1E+02)

   [near-tie] within 10%: Linear, Linearithmic -- chosen by the simplicity bias, not the data.
   [exponent] free-exponent fit: runtime_ns ~ count_class_selector ** 0.75
Saved fit model plot to ./results/rq1/20261003-0136-css_select_known/run1/css_select_known/plots/fitmodel_runtime_ns_vs_count_class_selector_css_select_5_2_0.png
Plotting 'runtime_ns' vs 'count_attribute_selector' for './results/rq1/20261003-0136-css_select_known/run1/css_select_known/summary.csv-function_name/css_select_5_1_0':
Saved plot to ./results/rq1/20261003-0136-css_select_known/run1/css_select_known/plots/runtime_ns_vs_count_attribute_selector_css_select_5_1_0.png
Plotting 'runtime_ns' vs 'count_attribute_selector' for './results/rq1/20261003-0136-css_select_known/run1/css_select_known/summary.csv-function_name/css_select_5_2_0':
Saved plot to ./results/rq1/20261003-0136-css_select_known/run1/css_select_known/plots/runtime_ns_vs_count_attribute_selector_css_select_5_2_0.png
For './results/rq1/20261003-0136-css_select_known/run1/css_select_known/summary.csv-function_name/css_select_5_1_0', feature 'count_attribute_selector' and metric 'runtime_ns': dropped 143 of 268 rows (censored, non-positive metric, or zero feature).
For './results/rq1/20261003-0136-css_select_known/run1/css_select_known/summary.csv-function_name/css_select_5_1_0', feature 'count_attribute_selector' and metric 'runtime_ns' the best fit is:
Best : Linear: time = 5.9E+03 + 6.3E+03*n (sec)                     
Constant: time = 1.7E+04 (sec)                                  (res: 57)
Linear: time = 5.9E+03 + 6.3E+03*n (sec)                        (res: 32)
Quadratic: time = 1.5E+04 + 3.7E+02*n^2 (sec)                   (res: 40)
Cubic: time = 1.7E+04 + 18*n^3 (sec)                            (res: 46)
Logarithmic: time = 1.1E+04 + 1.7E+04*log(n) (sec)              (res: 39)
Linearithmic: time = 1.4E+04 + 2.3E+03*n*log(n) (sec)           (res: 34)
Exponential: time = 2.7E+04 * 1.1^n (sec)                       (res: 97)

   [near-tie] within 10%: Linear, Linearithmic -- chosen by the simplicity bias, not the data.
   [exponent] free-exponent fit: runtime_ns ~ count_attribute_selector ** 0.66
Saved fit model plot to ./results/rq1/20261003-0136-css_select_known/run1/css_select_known/plots/fitmodel_runtime_ns_vs_count_attribute_selector_css_select_5_1_0.png
For './results/rq1/20261003-0136-css_select_known/run1/css_select_known/summary.csv-function_name/css_select_5_2_0', feature 'count_attribute_selector' and metric 'runtime_ns': dropped 108 of 268 rows (censored, non-positive metric, or zero feature).
For './results/rq1/20261003-0136-css_select_known/run1/css_select_known/summary.csv-function_name/css_select_5_2_0', feature 'count_attribute_selector' and metric 'runtime_ns' the best fit is:
Best : Linear: time = 5.6E+03 + 7.7E+03*n (sec)                     
Constant: time = 2.1E+04 (sec)                                  (res: 83)
Linear: time = 5.6E+03 + 7.7E+03*n (sec)                        (res: 49)
Quadratic: time = 1.8E+04 + 4.3E+02*n^2 (sec)                   (res: 60)
Cubic: time = 2E+04 + 20*n^3 (sec)                              (res: 69)
Logarithmic: time = 1.1E+04 + 2.1E+04*log(n) (sec)              (res: 59)
Linearithmic: time = 1.6E+04 + 2.8E+03*n*log(n) (sec)           (res: 52)
Exponential: time = 3.7E+04 * 1.1^n (sec)                       (res: 1.8E+02)

   [near-tie] within 10%: Linear, Linearithmic -- chosen by the simplicity bias, not the data.
   [exponent] free-exponent fit: runtime_ns ~ count_attribute_selector ** 0.73
Saved fit model plot to ./results/rq1/20261003-0136-css_select_known/run1/css_select_known/plots/fitmodel_runtime_ns_vs_count_attribute_selector_css_select_5_2_0.png
Plotting 'runtime_ns' vs 'count_pseudo_class_ident' for './results/rq1/20261003-0136-css_select_known/run1/css_select_known/summary.csv-function_name/css_select_5_1_0':
Saved plot to ./results/rq1/20261003-0136-css_select_known/run1/css_select_known/plots/runtime_ns_vs_count_pseudo_class_ident_css_select_5_1_0.png
Plotting 'runtime_ns' vs 'count_pseudo_class_ident' for './results/rq1/20261003-0136-css_select_known/run1/css_select_known/summary.csv-function_name/css_select_5_2_0':
Saved plot to ./results/rq1/20261003-0136-css_select_known/run1/css_select_known/plots/runtime_ns_vs_count_pseudo_class_ident_css_select_5_2_0.png
For './results/rq1/20261003-0136-css_select_known/run1/css_select_known/summary.csv-function_name/css_select_5_1_0', feature 'count_pseudo_class_ident' and metric 'runtime_ns': dropped 168 of 268 rows (censored, non-positive metric, or zero feature).
For './results/rq1/20261003-0136-css_select_known/run1/css_select_known/summary.csv-function_name/css_select_5_1_0', feature 'count_pseudo_class_ident' and metric 'runtime_ns' the best fit is:
Best : Quadratic: time = 9.6E+03 + 4E+03*n^2 (sec)                  
Constant: time = 2E+04 (sec)                                    (res: 50)
Linear: time = -1.4E+03 + 1.5E+04*n (sec)                       (res: 37)
Quadratic: time = 9.6E+03 + 4E+03*n^2 (sec)                     (res: 30)
Cubic: time = 1.4E+04 + 9.5E+02*n^3 (sec)                       (res: 29)
Logarithmic: time = 1.4E+04 + 1.9E+04*log(n) (sec)              (res: 43)
Linearithmic: time = 1.3E+04 + 9.9E+03*n*log(n) (sec)           (res: 33)
Exponential: time = 1.8E+04 * 1.5^n (sec)                       (res: 63)

   [near-tie] within 10%: Cubic, Quadratic -- chosen by the simplicity bias, not the data.
   [exponent] free-exponent fit: runtime_ns ~ count_pseudo_class_ident ** 0.98
Saved fit model plot to ./results/rq1/20261003-0136-css_select_known/run1/css_select_known/plots/fitmodel_runtime_ns_vs_count_pseudo_class_ident_css_select_5_1_0.png
For './results/rq1/20261003-0136-css_select_known/run1/css_select_known/summary.csv-function_name/css_select_5_2_0', feature 'count_pseudo_class_ident' and metric 'runtime_ns': dropped 132 of 268 rows (censored, non-positive metric, or zero feature).
For './results/rq1/20261003-0136-css_select_known/run1/css_select_known/summary.csv-function_name/css_select_5_2_0', feature 'count_pseudo_class_ident' and metric 'runtime_ns' the best fit is:
Best : Linear: time = 8.1E+02 + 1.4E+04*n (sec)                     
Constant: time = 2.2E+04 (sec)                                  (res: 78)
Linear: time = 8.1E+02 + 1.4E+04*n (sec)                        (res: 39)
Quadratic: time = 1.8E+04 + 1.2E+03*n^2 (sec)                   (res: 45)
Cubic: time = 2E+04 + 93*n^3 (sec)                              (res: 51)
Logarithmic: time = 1.3E+04 + 3.4E+04*log(n) (sec)              (res: 50)
Linearithmic: time = 1.7E+04 + 5.7E+03*n*log(n) (sec)           (res: 40)
Exponential: time = 4E+04 * 1.1^n (sec)                         (res: 1.4E+02)

   [near-tie] within 10%: Linear, Linearithmic -- chosen by the simplicity bias, not the data.
   [exponent] free-exponent fit: runtime_ns ~ count_pseudo_class_ident ** 0.72
Saved fit model plot to ./results/rq1/20261003-0136-css_select_known/run1/css_select_known/plots/fitmodel_runtime_ns_vs_count_pseudo_class_ident_css_select_5_2_0.png
Plotting 'runtime_ns' vs 'count_pseudo_class_function' for './results/rq1/20261003-0136-css_select_known/run1/css_select_known/summary.csv-function_name/css_select_5_1_0':
Saved plot to ./results/rq1/20261003-0136-css_select_known/run1/css_select_known/plots/runtime_ns_vs_count_pseudo_class_function_css_select_5_1_0.png
Plotting 'runtime_ns' vs 'count_pseudo_class_function' for './results/rq1/20261003-0136-css_select_known/run1/css_select_known/summary.csv-function_name/css_select_5_2_0':
Saved plot to ./results/rq1/20261003-0136-css_select_known/run1/css_select_known/plots/runtime_ns_vs_count_pseudo_class_function_css_select_5_2_0.png
For './results/rq1/20261003-0136-css_select_known/run1/css_select_known/summary.csv-function_name/css_select_5_1_0', feature 'count_pseudo_class_function' and metric 'runtime_ns': dropped 184 of 268 rows (censored, non-positive metric, or zero feature).
For './results/rq1/20261003-0136-css_select_known/run1/css_select_known/summary.csv-function_name/css_select_5_1_0', feature 'count_pseudo_class_function' and metric 'runtime_ns' the best fit is:
Best : Logarithmic: time = 1.9E+04 + 2.2E+04*log(n) (sec)           
Constant: time = 2.7E+04 (sec)                                  (res: 38)
Linear: time = 1E+04 + 9.7E+03*n (sec)                          (res: 30)
Quadratic: time = 2E+04 + 1.5E+03*n^2 (sec)                     (res: 30)
Cubic: time = 2.3E+04 + 2.2E+02*n^3 (sec)                       (res: 31)
Logarithmic: time = 1.9E+04 + 2.2E+04*log(n) (sec)              (res: 29)
Linearithmic: time = 2.1E+04 + 4.7E+03*n*log(n) (sec)           (res: 30)
Exponential: time = 4.7E+04 * 1.1^n (sec)                       (res: 89)

   [near-tie] within 10%: Logarithmic, Linear, Linearithmic, Quadratic, Cubic -- chosen by the simplicity bias, not the data.
   [exponent] free-exponent fit: runtime_ns ~ count_pseudo_class_function ** 0.43
Saved fit model plot to ./results/rq1/20261003-0136-css_select_known/run1/css_select_known/plots/fitmodel_runtime_ns_vs_count_pseudo_class_function_css_select_5_1_0.png
For './results/rq1/20261003-0136-css_select_known/run1/css_select_known/summary.csv-function_name/css_select_5_2_0', feature 'count_pseudo_class_function' and metric 'runtime_ns': dropped 149 of 268 rows (censored, non-positive metric, or zero feature).
For './results/rq1/20261003-0136-css_select_known/run1/css_select_known/summary.csv-function_name/css_select_5_2_0', feature 'count_pseudo_class_function' and metric 'runtime_ns' the best fit is:
Best : Linear: time = 6.6E+03 + 1.5E+04*n (sec)                     
Constant: time = 3.3E+04 (sec)                                  (res: 60)
Linear: time = 6.6E+03 + 1.5E+04*n (sec)                        (res: 33)
Quadratic: time = 2.2E+04 + 1.9E+03*n^2 (sec)                   (res: 33)
Cubic: time = 2.6E+04 + 2.5E+02*n^3 (sec)                       (res: 34)
Logarithmic: time = 1.9E+04 + 3.6E+04*log(n) (sec)              (res: 36)
Linearithmic: time = 2.3E+04 + 6.7E+03*n*log(n) (sec)           (res: 33)
Exponential: time = 5.1E+04 * 1.1^n (sec)                       (res: 94)

   [near-tie] within 10%: Quadratic, Linearithmic, Linear, Cubic -- chosen by the simplicity bias, not the data.
   [exponent] free-exponent fit: runtime_ns ~ count_pseudo_class_function ** 0.52
Saved fit model plot to ./results/rq1/20261003-0136-css_select_known/run1/css_select_known/plots/fitmodel_runtime_ns_vs_count_pseudo_class_function_css_select_5_2_0.png
Plotting 'runtime_ns' vs 'count_name' for './results/rq1/20261003-0136-css_select_known/run1/css_select_known/summary.csv-function_name/css_select_5_1_0':
Saved plot to ./results/rq1/20261003-0136-css_select_known/run1/css_select_known/plots/runtime_ns_vs_count_name_css_select_5_1_0.png
Plotting 'runtime_ns' vs 'count_name' for './results/rq1/20261003-0136-css_select_known/run1/css_select_known/summary.csv-function_name/css_select_5_2_0':
Saved plot to ./results/rq1/20261003-0136-css_select_known/run1/css_select_known/plots/runtime_ns_vs_count_name_css_select_5_2_0.png
For './results/rq1/20261003-0136-css_select_known/run1/css_select_known/summary.csv-function_name/css_select_5_1_0', feature 'count_name' and metric 'runtime_ns': dropped 92 of 268 rows (censored, non-positive metric, or zero feature).
For './results/rq1/20261003-0136-css_select_known/run1/css_select_known/summary.csv-function_name/css_select_5_1_0', feature 'count_name' and metric 'runtime_ns' the best fit is:
Best : Constant: time = 1.5E+04 (sec)                               
Constant: time = 1.5E+04 (sec)                                  (res: 68)
Linear: time = 1.3E+04 + 50*n (sec)                             (res: 64)
Quadratic: time = 1.4E+04 + 0.23*n^2 (sec)                      (res: 65)
Cubic: time = 1.4E+04 + 0.0012*n^3 (sec)                        (res: 66)
Logarithmic: time = 6.1E+03 + 2.7E+03*log(n) (sec)              (res: 62)
Linearithmic: time = 1.3E+04 + 8.9*n*log(n) (sec)               (res: 65)
Exponential: time = 4.1E+04 * 1^n (sec)                         (res: 2.7E+02)

   [near-tie] within 10%: Logarithmic, Linear, Linearithmic, Quadratic, Cubic, Constant -- chosen by the simplicity bias, not the data.
   [exponent] free-exponent fit: runtime_ns ~ count_name ** -0.02
Saved fit model plot to ./results/rq1/20261003-0136-css_select_known/run1/css_select_known/plots/fitmodel_runtime_ns_vs_count_name_css_select_5_1_0.png
For './results/rq1/20261003-0136-css_select_known/run1/css_select_known/summary.csv-function_name/css_select_5_2_0', feature 'count_name' and metric 'runtime_ns': dropped 56 of 268 rows (censored, non-positive metric, or zero feature).
For './results/rq1/20261003-0136-css_select_known/run1/css_select_known/summary.csv-function_name/css_select_5_2_0', feature 'count_name' and metric 'runtime_ns' the best fit is:
Best : Constant: time = 1.8E+04 (sec)                               
Constant: time = 1.8E+04 (sec)                                  (res: 93)
Linear: time = 1.6E+04 + 43*n (sec)                             (res: 91)
Quadratic: time = 1.7E+04 + 0.18*n^2 (sec)                      (res: 92)
Cubic: time = 1.7E+04 + 0.00096*n^3 (sec)                       (res: 92)
Logarithmic: time = 8.5E+03 + 2.8E+03*log(n) (sec)              (res: 89)
Linearithmic: time = 1.6E+04 + 7.5*n*log(n) (sec)               (res: 92)
Exponential: time = 6.3E+04 * 1^n (sec)                         (res: 5.2E+02)

   [near-tie] within 10%: Logarithmic, Linear, Linearithmic, Quadratic, Cubic, Constant -- chosen by the simplicity bias, not the data.
   [exponent] free-exponent fit: runtime_ns ~ count_name ** -0.06
Saved fit model plot to ./results/rq1/20261003-0136-css_select_known/run1/css_select_known/plots/fitmodel_runtime_ns_vs_count_name_css_select_5_2_0.png
Plotting 'runtime_ns' vs 'count_attr_matcher_ws' for './results/rq1/20261003-0136-css_select_known/run1/css_select_known/summary.csv-function_name/css_select_5_1_0':
Saved plot to ./results/rq1/20261003-0136-css_select_known/run1/css_select_known/plots/runtime_ns_vs_count_attr_matcher_ws_css_select_5_1_0.png
Plotting 'runtime_ns' vs 'count_attr_matcher_ws' for './results/rq1/20261003-0136-css_select_known/run1/css_select_known/summary.csv-function_name/css_select_5_2_0':
Saved plot to ./results/rq1/20261003-0136-css_select_known/run1/css_select_known/plots/runtime_ns_vs_count_attr_matcher_ws_css_select_5_2_0.png
For './results/rq1/20261003-0136-css_select_known/run1/css_select_known/summary.csv-function_name/css_select_5_1_0', feature 'count_attr_matcher_ws' and metric 'runtime_ns': dropped 157 of 268 rows (censored, non-positive metric, or zero feature).
For './results/rq1/20261003-0136-css_select_known/run1/css_select_known/summary.csv-function_name/css_select_5_1_0', feature 'count_attr_matcher_ws' and metric 'runtime_ns' the best fit is:
Best : Logarithmic: time = 1.2E+04 + 2.6E+04*log(n) (sec)           
Constant: time = 1.7E+04 (sec)                                  (res: 56)
Linear: time = 5E+03 + 8.6E+03*n (sec)                          (res: 32)
Quadratic: time = 1.5E+04 + 5.9E+02*n^2 (sec)                   (res: 41)
Cubic: time = 1.7E+04 + 35*n^3 (sec)                            (res: 46)
Logarithmic: time = 1.2E+04 + 2.6E+04*log(n) (sec)              (res: 29)
Linearithmic: time = 1.5E+04 + 3.2E+03*n*log(n) (sec)           (res: 35)
Exponential: time = 3.4E+04 * 1.1^n (sec)                       (res: 1.3E+02)

   [near-tie] within 10%: Logarithmic, Linear -- chosen by the simplicity bias, not the data.
   [exponent] free-exponent fit: runtime_ns ~ count_attr_matcher_ws ** 0.63
Saved fit model plot to ./results/rq1/20261003-0136-css_select_known/run1/css_select_known/plots/fitmodel_runtime_ns_vs_count_attr_matcher_ws_css_select_5_1_0.png
For './results/rq1/20261003-0136-css_select_known/run1/css_select_known/summary.csv-function_name/css_select_5_2_0', feature 'count_attr_matcher_ws' and metric 'runtime_ns': dropped 122 of 268 rows (censored, non-positive metric, or zero feature).
For './results/rq1/20261003-0136-css_select_known/run1/css_select_known/summary.csv-function_name/css_select_5_2_0', feature 'count_attr_matcher_ws' and metric 'runtime_ns' the best fit is:
Best : Logarithmic: time = 1.4E+04 + 3.4E+04*log(n) (sec)           
Constant: time = 2.1E+04 (sec)                                  (res: 81)
Linear: time = 5.3E+03 + 1.1E+04*n (sec)                        (res: 48)
Quadratic: time = 1.8E+04 + 7E+02*n^2 (sec)                     (res: 62)
Cubic: time = 2E+04 + 41*n^3 (sec)                              (res: 70)
Logarithmic: time = 1.4E+04 + 3.4E+04*log(n) (sec)              (res: 43)
Linearithmic: time = 1.7E+04 + 3.9E+03*n*log(n) (sec)           (res: 54)
Exponential: time = 4.8E+04 * 1.1^n (sec)                       (res: 2.4E+02)

   [exponent] free-exponent fit: runtime_ns ~ count_attr_matcher_ws ** 0.68
Saved fit model plot to ./results/rq1/20261003-0136-css_select_known/run1/css_select_known/plots/fitmodel_runtime_ns_vs_count_attr_matcher_ws_css_select_5_2_0.png
Plotting 'runtime_ns' vs 'count_attr_modifier' for './results/rq1/20261003-0136-css_select_known/run1/css_select_known/summary.csv-function_name/css_select_5_1_0':
Saved plot to ./results/rq1/20261003-0136-css_select_known/run1/css_select_known/plots/runtime_ns_vs_count_attr_modifier_css_select_5_1_0.png
Plotting 'runtime_ns' vs 'count_attr_modifier' for './results/rq1/20261003-0136-css_select_known/run1/css_select_known/summary.csv-function_name/css_select_5_2_0':
Saved plot to ./results/rq1/20261003-0136-css_select_known/run1/css_select_known/plots/runtime_ns_vs_count_attr_modifier_css_select_5_2_0.png
For './results/rq1/20261003-0136-css_select_known/run1/css_select_known/summary.csv-function_name/css_select_5_1_0', feature 'count_attr_modifier' and metric 'runtime_ns': dropped 176 of 268 rows (censored, non-positive metric, or zero feature).
For './results/rq1/20261003-0136-css_select_known/run1/css_select_known/summary.csv-function_name/css_select_5_1_0', feature 'count_attr_modifier' and metric 'runtime_ns' the best fit is:
Best : Logarithmic: time = 1.5E+04 + 2.1E+04*log(n) (sec)           
Constant: time = 1.7E+04 (sec)                                  (res: 52)
Linear: time = 5.8E+03 + 9.4E+03*n (sec)                        (res: 43)
Quadratic: time = 1.5E+04 + 1.1E+03*n^2 (sec)                   (res: 44)
Cubic: time = 1.6E+04 + 1.1E+02*n^3 (sec)                       (res: 45)
Logarithmic: time = 1.5E+04 + 2.1E+04*log(n) (sec)              (res: 45)
Linearithmic: time = 1.6E+04 + 4.2E+03*n*log(n) (sec)           (res: 43)
Exponential: time = 4.8E+04 * 1.1^n (sec)                       (res: 2.2E+02)

   [near-tie] within 10%: Linearithmic, Linear, Quadratic, Logarithmic, Cubic -- chosen by the simplicity bias, not the data.
   [exponent] free-exponent fit: runtime_ns ~ count_attr_modifier ** 0.21
Saved fit model plot to ./results/rq1/20261003-0136-css_select_known/run1/css_select_known/plots/fitmodel_runtime_ns_vs_count_attr_modifier_css_select_5_1_0.png
For './results/rq1/20261003-0136-css_select_known/run1/css_select_known/summary.csv-function_name/css_select_5_2_0', feature 'count_attr_modifier' and metric 'runtime_ns': dropped 142 of 268 rows (censored, non-positive metric, or zero feature).
For './results/rq1/20261003-0136-css_select_known/run1/css_select_known/summary.csv-function_name/css_select_5_2_0', feature 'count_attr_modifier' and metric 'runtime_ns' the best fit is:
Best : Logarithmic: time = 1.8E+04 + 2.5E+04*log(n) (sec)           
Constant: time = 2.2E+04 (sec)                                  (res: 76)
Linear: time = 7.8E+03 + 1.1E+04*n (sec)                        (res: 66)
Quadratic: time = 1.9E+04 + 1.2E+03*n^2 (sec)                   (res: 67)
Cubic: time = 2.1E+04 + 1.2E+02*n^3 (sec)                       (res: 69)
Logarithmic: time = 1.8E+04 + 2.5E+04*log(n) (sec)              (res: 67)
Linearithmic: time = 1.9E+04 + 4.9E+03*n*log(n) (sec)           (res: 66)
Exponential: time = 7.1E+04 * 1.1^n (sec)                       (res: 3.9E+02)

   [near-tie] within 10%: Linear, Linearithmic, Quadratic, Logarithmic, Cubic -- chosen by the simplicity bias, not the data.
   [exponent] free-exponent fit: runtime_ns ~ count_attr_modifier ** 0.18
Saved fit model plot to ./results/rq1/20261003-0136-css_select_known/run1/css_select_known/plots/fitmodel_runtime_ns_vs_count_attr_modifier_css_select_5_2_0.png
Plotting 'runtime_ns' vs 'count_attr_value' for './results/rq1/20261003-0136-css_select_known/run1/css_select_known/summary.csv-function_name/css_select_5_1_0':
Saved plot to ./results/rq1/20261003-0136-css_select_known/run1/css_select_known/plots/runtime_ns_vs_count_attr_value_css_select_5_1_0.png
Plotting 'runtime_ns' vs 'count_attr_value' for './results/rq1/20261003-0136-css_select_known/run1/css_select_known/summary.csv-function_name/css_select_5_2_0':
Saved plot to ./results/rq1/20261003-0136-css_select_known/run1/css_select_known/plots/runtime_ns_vs_count_attr_value_css_select_5_2_0.png
For './results/rq1/20261003-0136-css_select_known/run1/css_select_known/summary.csv-function_name/css_select_5_1_0', feature 'count_attr_value' and metric 'runtime_ns': dropped 157 of 268 rows (censored, non-positive metric, or zero feature).
For './results/rq1/20261003-0136-css_select_known/run1/css_select_known/summary.csv-function_name/css_select_5_1_0', feature 'count_attr_value' and metric 'runtime_ns' the best fit is:
Best : Logarithmic: time = 1.2E+04 + 2.6E+04*log(n) (sec)           
Constant: time = 1.7E+04 (sec)                                  (res: 56)
Linear: time = 5E+03 + 8.6E+03*n (sec)                          (res: 32)
Quadratic: time = 1.5E+04 + 5.9E+02*n^2 (sec)                   (res: 41)
Cubic: time = 1.7E+04 + 35*n^3 (sec)                            (res: 46)
Logarithmic: time = 1.2E+04 + 2.6E+04*log(n) (sec)              (res: 29)
Linearithmic: time = 1.5E+04 + 3.2E+03*n*log(n) (sec)           (res: 35)
Exponential: time = 3.4E+04 * 1.1^n (sec)                       (res: 1.3E+02)

   [near-tie] within 10%: Logarithmic, Linear -- chosen by the simplicity bias, not the data.
   [exponent] free-exponent fit: runtime_ns ~ count_attr_value ** 0.63
Saved fit model plot to ./results/rq1/20261003-0136-css_select_known/run1/css_select_known/plots/fitmodel_runtime_ns_vs_count_attr_value_css_select_5_1_0.png
For './results/rq1/20261003-0136-css_select_known/run1/css_select_known/summary.csv-function_name/css_select_5_2_0', feature 'count_attr_value' and metric 'runtime_ns': dropped 122 of 268 rows (censored, non-positive metric, or zero feature).
For './results/rq1/20261003-0136-css_select_known/run1/css_select_known/summary.csv-function_name/css_select_5_2_0', feature 'count_attr_value' and metric 'runtime_ns' the best fit is:
Best : Logarithmic: time = 1.4E+04 + 3.4E+04*log(n) (sec)           
Constant: time = 2.1E+04 (sec)                                  (res: 81)
Linear: time = 5.3E+03 + 1.1E+04*n (sec)                        (res: 48)
Quadratic: time = 1.8E+04 + 7E+02*n^2 (sec)                     (res: 62)
Cubic: time = 2E+04 + 41*n^3 (sec)                              (res: 70)
Logarithmic: time = 1.4E+04 + 3.4E+04*log(n) (sec)              (res: 43)
Linearithmic: time = 1.7E+04 + 3.9E+03*n*log(n) (sec)           (res: 54)
Exponential: time = 4.8E+04 * 1.1^n (sec)                       (res: 2.4E+02)

   [exponent] free-exponent fit: runtime_ns ~ count_attr_value ** 0.68
Saved fit model plot to ./results/rq1/20261003-0136-css_select_known/run1/css_select_known/plots/fitmodel_runtime_ns_vs_count_attr_value_css_select_5_2_0.png
Plotting 'runtime_ns' vs 'count_lparen' for './results/rq1/20261003-0136-css_select_known/run1/css_select_known/summary.csv-function_name/css_select_5_1_0':
Saved plot to ./results/rq1/20261003-0136-css_select_known/run1/css_select_known/plots/runtime_ns_vs_count_lparen_css_select_5_1_0.png
Plotting 'runtime_ns' vs 'count_lparen' for './results/rq1/20261003-0136-css_select_known/run1/css_select_known/summary.csv-function_name/css_select_5_2_0':
Saved plot to ./results/rq1/20261003-0136-css_select_known/run1/css_select_known/plots/runtime_ns_vs_count_lparen_css_select_5_2_0.png
For './results/rq1/20261003-0136-css_select_known/run1/css_select_known/summary.csv-function_name/css_select_5_1_0', feature 'count_lparen' and metric 'runtime_ns': dropped 184 of 268 rows (censored, non-positive metric, or zero feature).
For './results/rq1/20261003-0136-css_select_known/run1/css_select_known/summary.csv-function_name/css_select_5_1_0', feature 'count_lparen' and metric 'runtime_ns' the best fit is:
Best : Logarithmic: time = 1.7E+04 + 2.5E+04*log(n) (sec)           
Constant: time = 2.7E+04 (sec)                                  (res: 38)
Linear: time = 7.8E+03 + 1E+04*n (sec)                          (res: 25)
Quadratic: time = 2E+04 + 1.4E+03*n^2 (sec)                     (res: 27)
Cubic: time = 2.3E+04 + 1.6E+02*n^3 (sec)                       (res: 30)
Logarithmic: time = 1.7E+04 + 2.5E+04*log(n) (sec)              (res: 25)
Linearithmic: time = 2E+04 + 4.9E+03*n*log(n) (sec)             (res: 26)
Exponential: time = 3.9E+04 * 1.2^n (sec)                       (res: 66)

   [near-tie] within 10%: Logarithmic, Linear, Linearithmic, Quadratic -- chosen by the simplicity bias, not the data.
   [exponent] free-exponent fit: runtime_ns ~ count_lparen ** 0.62
Saved fit model plot to ./results/rq1/20261003-0136-css_select_known/run1/css_select_known/plots/fitmodel_runtime_ns_vs_count_lparen_css_select_5_1_0.png
For './results/rq1/20261003-0136-css_select_known/run1/css_select_known/summary.csv-function_name/css_select_5_2_0', feature 'count_lparen' and metric 'runtime_ns': dropped 149 of 268 rows (censored, non-positive metric, or zero feature).
For './results/rq1/20261003-0136-css_select_known/run1/css_select_known/summary.csv-function_name/css_select_5_2_0', feature 'count_lparen' and metric 'runtime_ns' the best fit is:
Best : Logarithmic: time = 1.8E+04 + 3.6E+04*log(n) (sec)           
Constant: time = 3.3E+04 (sec)                                  (res: 60)
Linear: time = 9.5E+03 + 1.2E+04*n (sec)                        (res: 33)
Quadratic: time = 2.8E+04 + 7.6E+02*n^2 (sec)                   (res: 46)
Cubic: time = 3.2E+04 + 30*n^3 (sec)                            (res: 55)
Logarithmic: time = 1.8E+04 + 3.6E+04*log(n) (sec)              (res: 32)
Linearithmic: time = 2.5E+04 + 4.5E+03*n*log(n) (sec)           (res: 38)
Exponential: time = 4.8E+04 * 1.1^n (sec)                       (res: 1.1E+02)

   [near-tie] within 10%: Logarithmic, Linear -- chosen by the simplicity bias, not the data.
   [exponent] free-exponent fit: runtime_ns ~ count_lparen ** 0.63
Saved fit model plot to ./results/rq1/20261003-0136-css_select_known/run1/css_select_known/plots/fitmodel_runtime_ns_vs_count_lparen_css_select_5_2_0.png
Plotting 'runtime_ns' vs 'count_relative_selector_list' for './results/rq1/20261003-0136-css_select_known/run1/css_select_known/summary.csv-function_name/css_select_5_1_0':
Saved plot to ./results/rq1/20261003-0136-css_select_known/run1/css_select_known/plots/runtime_ns_vs_count_relative_selector_list_css_select_5_1_0.png
Plotting 'runtime_ns' vs 'count_relative_selector_list' for './results/rq1/20261003-0136-css_select_known/run1/css_select_known/summary.csv-function_name/css_select_5_2_0':
Saved plot to ./results/rq1/20261003-0136-css_select_known/run1/css_select_known/plots/runtime_ns_vs_count_relative_selector_list_css_select_5_2_0.png
For './results/rq1/20261003-0136-css_select_known/run1/css_select_known/summary.csv-function_name/css_select_5_1_0', feature 'count_relative_selector_list' and metric 'runtime_ns': dropped 212 of 268 rows (censored, non-positive metric, or zero feature).
For './results/rq1/20261003-0136-css_select_known/run1/css_select_known/summary.csv-function_name/css_select_5_1_0', feature 'count_relative_selector_list' and metric 'runtime_ns' the best fit is:
Best : Logarithmic: time = 3.4E+04 + 3.3E+04*log(n) (sec)           
Constant: time = 6.6E+04 (sec)                                  (res: 10)
Linear: time = 3.4E+04 + 8.7E+03*n (sec)                        (res: 4.1)
Quadratic: time = 5.3E+04 + 5.8E+02*n^2 (sec)                   (res: 6.8)
Cubic: time = 6E+04 + 37*n^3 (sec)                              (res: 8.4)
Logarithmic: time = 3.4E+04 + 3.3E+04*log(n) (sec)              (res: 2.6)
Linearithmic: time = 4.8E+04 + 3.1E+03*n*log(n) (sec)           (res: 5.2)
Exponential: time = 6E+04 * 1.1^n (sec)                         (res: 7.2)

   [exponent] free-exponent fit: runtime_ns ~ count_relative_selector_list ** 0.43
Saved fit model plot to ./results/rq1/20261003-0136-css_select_known/run1/css_select_known/plots/fitmodel_runtime_ns_vs_count_relative_selector_list_css_select_5_1_0.png
For './results/rq1/20261003-0136-css_select_known/run1/css_select_known/summary.csv-function_name/css_select_5_2_0', feature 'count_relative_selector_list' and metric 'runtime_ns': dropped 182 of 268 rows (censored, non-positive metric, or zero feature).
For './results/rq1/20261003-0136-css_select_known/run1/css_select_known/summary.csv-function_name/css_select_5_2_0', feature 'count_relative_selector_list' and metric 'runtime_ns' the best fit is:
Best : Logarithmic: time = 6.9E+04 + 1.8E+04*log(n) (sec)           
Constant: time = 8.5E+04 (sec)                                  (res: 17)
Linear: time = 7E+04 + 4.1E+03*n (sec)                          (res: 15)
Quadratic: time = 8E+04 + 2E+02*n^2 (sec)                       (res: 16)
Cubic: time = 8.3E+04 + 8.7*n^3 (sec)                           (res: 16)
Logarithmic: time = 6.9E+04 + 1.8E+04*log(n) (sec)              (res: 14)
Linearithmic: time = 7.7E+04 + 1.3E+03*n*log(n) (sec)           (res: 15)
Exponential: time = 1.2E+05 * 0.99^n (sec)                      (res: 27)

   [near-tie] within 10%: Logarithmic, Linear, Linearithmic -- chosen by the simplicity bias, not the data.
   [exponent] free-exponent fit: runtime_ns ~ count_relative_selector_list ** -0.06
Saved fit model plot to ./results/rq1/20261003-0136-css_select_known/run1/css_select_known/plots/fitmodel_runtime_ns_vs_count_relative_selector_list_css_select_5_2_0.png
Plotting 'runtime_ns' vs 'count_nth_function' for './results/rq1/20261003-0136-css_select_known/run1/css_select_known/summary.csv-function_name/css_select_5_1_0':
Saved plot to ./results/rq1/20261003-0136-css_select_known/run1/css_select_known/plots/runtime_ns_vs_count_nth_function_css_select_5_1_0.png
Plotting 'runtime_ns' vs 'count_nth_function' for './results/rq1/20261003-0136-css_select_known/run1/css_select_known/summary.csv-function_name/css_select_5_2_0':
Saved plot to ./results/rq1/20261003-0136-css_select_known/run1/css_select_known/plots/runtime_ns_vs_count_nth_function_css_select_5_2_0.png
For './results/rq1/20261003-0136-css_select_known/run1/css_select_known/summary.csv-function_name/css_select_5_1_0', feature 'count_nth_function' and metric 'runtime_ns': dropped 249 of 268 rows (censored, non-positive metric, or zero feature).
For './results/rq1/20261003-0136-css_select_known/run1/css_select_known/summary.csv-function_name/css_select_5_1_0', feature 'count_nth_function' and metric 'runtime_ns' the best fit is:
Best : Constant: time = 1.7E+04 (sec)                               
Constant: time = 1.7E+04 (sec)                                  (res: 6.6)
Linear: time = 1.8E+04 + -6.2E+02*n (sec)                       (res: 6.6)
Quadratic: time = 1.7E+04 + -2.1E+02*n^2 (sec)                  (res: 6.6)
Cubic: time = 1.7E+04 + -88*n^3 (sec)                           (res: 6.6)
Logarithmic: time = 1.7E+04 + -8.9E+02*log(n) (sec)             (res: 6.6)
Linearithmic: time = 1.7E+04 + -4.5E+02*n*log(n) (sec)          (res: 6.6)
Exponential: time = 7.3E+04 * 0.48^n (sec)                      (res: 18)

   [near-tie] within 10%: Linear, Quadratic, Cubic, Logarithmic, Linearithmic, Constant -- chosen by the simplicity bias, not the data.
   [exponent] free-exponent fit: runtime_ns ~ count_nth_function ** -1.07
Saved fit model plot to ./results/rq1/20261003-0136-css_select_known/run1/css_select_known/plots/fitmodel_runtime_ns_vs_count_nth_function_css_select_5_1_0.png
For './results/rq1/20261003-0136-css_select_known/run1/css_select_known/summary.csv-function_name/css_select_5_2_0', feature 'count_nth_function' and metric 'runtime_ns': dropped 244 of 268 rows (censored, non-positive metric, or zero feature).
For './results/rq1/20261003-0136-css_select_known/run1/css_select_known/summary.csv-function_name/css_select_5_2_0', feature 'count_nth_function' and metric 'runtime_ns' the best fit is:
Best : Constant: time = 2E+04 (sec)                                 
Constant: time = 2E+04 (sec)                                    (res: 10)
Linear: time = 1.7E+04 + 2.8E+03*n (sec)                        (res: 10)
Quadratic: time = 1.9E+04 + 9.5E+02*n^2 (sec)                   (res: 10)
Cubic: time = 1.9E+04 + 4.1E+02*n^3 (sec)                       (res: 10)
Logarithmic: time = 2E+04 + 4.1E+03*log(n) (sec)                (res: 10)
Linearithmic: time = 2E+04 + 2.1E+03*n*log(n) (sec)             (res: 10)
Exponential: time = 5.8E+04 * 0.84^n (sec)                      (res: 37)

   [near-tie] within 10%: Linear, Quadratic, Cubic, Logarithmic, Linearithmic, Constant -- chosen by the simplicity bias, not the data.
   [exponent] free-exponent fit: runtime_ns ~ count_nth_function ** -0.25
Saved fit model plot to ./results/rq1/20261003-0136-css_select_known/run1/css_select_known/plots/fitmodel_runtime_ns_vs_count_nth_function_css_select_5_2_0.png
Plotting 'runtime_ns' vs 'count_rparen' for './results/rq1/20261003-0136-css_select_known/run1/css_select_known/summary.csv-function_name/css_select_5_1_0':
Saved plot to ./results/rq1/20261003-0136-css_select_known/run1/css_select_known/plots/runtime_ns_vs_count_rparen_css_select_5_1_0.png
Plotting 'runtime_ns' vs 'count_rparen' for './results/rq1/20261003-0136-css_select_known/run1/css_select_known/summary.csv-function_name/css_select_5_2_0':
Saved plot to ./results/rq1/20261003-0136-css_select_known/run1/css_select_known/plots/runtime_ns_vs_count_rparen_css_select_5_2_0.png
For './results/rq1/20261003-0136-css_select_known/run1/css_select_known/summary.csv-function_name/css_select_5_1_0', feature 'count_rparen' and metric 'runtime_ns': dropped 184 of 268 rows (censored, non-positive metric, or zero feature).
For './results/rq1/20261003-0136-css_select_known/run1/css_select_known/summary.csv-function_name/css_select_5_1_0', feature 'count_rparen' and metric 'runtime_ns' the best fit is:
Best : Logarithmic: time = 1.7E+04 + 2.5E+04*log(n) (sec)           
Constant: time = 2.7E+04 (sec)                                  (res: 38)
Linear: time = 7.8E+03 + 1E+04*n (sec)                          (res: 25)
Quadratic: time = 2E+04 + 1.4E+03*n^2 (sec)                     (res: 27)
Cubic: time = 2.3E+04 + 1.6E+02*n^3 (sec)                       (res: 30)
Logarithmic: time = 1.7E+04 + 2.5E+04*log(n) (sec)              (res: 25)
Linearithmic: time = 2E+04 + 4.9E+03*n*log(n) (sec)             (res: 26)
Exponential: time = 3.9E+04 * 1.2^n (sec)                       (res: 66)

   [near-tie] within 10%: Logarithmic, Linear, Linearithmic, Quadratic -- chosen by the simplicity bias, not the data.
   [exponent] free-exponent fit: runtime_ns ~ count_rparen ** 0.62
Saved fit model plot to ./results/rq1/20261003-0136-css_select_known/run1/css_select_known/plots/fitmodel_runtime_ns_vs_count_rparen_css_select_5_1_0.png
For './results/rq1/20261003-0136-css_select_known/run1/css_select_known/summary.csv-function_name/css_select_5_2_0', feature 'count_rparen' and metric 'runtime_ns': dropped 149 of 268 rows (censored, non-positive metric, or zero feature).
For './results/rq1/20261003-0136-css_select_known/run1/css_select_known/summary.csv-function_name/css_select_5_2_0', feature 'count_rparen' and metric 'runtime_ns' the best fit is:
Best : Logarithmic: time = 1.8E+04 + 3.6E+04*log(n) (sec)           
Constant: time = 3.3E+04 (sec)                                  (res: 60)
Linear: time = 9.5E+03 + 1.2E+04*n (sec)                        (res: 33)
Quadratic: time = 2.8E+04 + 7.6E+02*n^2 (sec)                   (res: 46)
Cubic: time = 3.2E+04 + 30*n^3 (sec)                            (res: 55)
Logarithmic: time = 1.8E+04 + 3.6E+04*log(n) (sec)              (res: 32)
Linearithmic: time = 2.5E+04 + 4.5E+03*n*log(n) (sec)           (res: 38)
Exponential: time = 4.8E+04 * 1.1^n (sec)                       (res: 1.1E+02)

   [near-tie] within 10%: Logarithmic, Linear -- chosen by the simplicity bias, not the data.
   [exponent] free-exponent fit: runtime_ns ~ count_rparen ** 0.63
Saved fit model plot to ./results/rq1/20261003-0136-css_select_known/run1/css_select_known/plots/fitmodel_runtime_ns_vs_count_rparen_css_select_5_2_0.png
Plotting 'runtime_ns' vs 'count_more_complex_selector' for './results/rq1/20261003-0136-css_select_known/run1/css_select_known/summary.csv-function_name/css_select_5_1_0':
Saved plot to ./results/rq1/20261003-0136-css_select_known/run1/css_select_known/plots/runtime_ns_vs_count_more_complex_selector_css_select_5_1_0.png
Plotting 'runtime_ns' vs 'count_more_complex_selector' for './results/rq1/20261003-0136-css_select_known/run1/css_select_known/summary.csv-function_name/css_select_5_2_0':
Saved plot to ./results/rq1/20261003-0136-css_select_known/run1/css_select_known/plots/runtime_ns_vs_count_more_complex_selector_css_select_5_2_0.png
For './results/rq1/20261003-0136-css_select_known/run1/css_select_known/summary.csv-function_name/css_select_5_1_0', feature 'count_more_complex_selector' and metric 'runtime_ns': dropped 163 of 268 rows (censored, non-positive metric, or zero feature).
For './results/rq1/20261003-0136-css_select_known/run1/css_select_known/summary.csv-function_name/css_select_5_1_0', feature 'count_more_complex_selector' and metric 'runtime_ns' the best fit is:
Best : Linear: time = 1.3E+04 + 6.8E+03*n (sec)                     
Constant: time = 2.4E+04 (sec)                                  (res: 42)
Linear: time = 1.3E+04 + 6.8E+03*n (sec)                        (res: 35)
Quadratic: time = 2.1E+04 + 8.3E+02*n^2 (sec)                   (res: 34)
Cubic: time = 2.2E+04 + 83*n^3 (sec)                            (res: 35)
Logarithmic: time = 2E+04 + 1.3E+04*log(n) (sec)                (res: 38)
Linearithmic: time = 2E+04 + 3.2E+03*n*log(n) (sec)             (res: 34)
Exponential: time = 4.5E+04 * 1.1^n (sec)                       (res: 1.1E+02)

   [near-tie] within 10%: Quadratic, Linearithmic, Cubic, Linear -- chosen by the simplicity bias, not the data.
   [exponent] free-exponent fit: runtime_ns ~ count_more_complex_selector ** 0.11
Saved fit model plot to ./results/rq1/20261003-0136-css_select_known/run1/css_select_known/plots/fitmodel_runtime_ns_vs_count_more_complex_selector_css_select_5_1_0.png
For './results/rq1/20261003-0136-css_select_known/run1/css_select_known/summary.csv-function_name/css_select_5_2_0', feature 'count_more_complex_selector' and metric 'runtime_ns': dropped 127 of 268 rows (censored, non-positive metric, or zero feature).
For './results/rq1/20261003-0136-css_select_known/run1/css_select_known/summary.csv-function_name/css_select_5_2_0', feature 'count_more_complex_selector' and metric 'runtime_ns' the best fit is:
Best : Linear: time = 8.1E+03 + 1.1E+04*n (sec)                     
Constant: time = 2.7E+04 (sec)                                  (res: 69)
Linear: time = 8.1E+03 + 1.1E+04*n (sec)                        (res: 48)
Quadratic: time = 2.1E+04 + 1.3E+03*n^2 (sec)                   (res: 46)
Cubic: time = 2.4E+04 + 1.2E+02*n^3 (sec)                       (res: 51)
Logarithmic: time = 1.9E+04 + 2.2E+04*log(n) (sec)              (res: 57)
Linearithmic: time = 2.1E+04 + 5.2E+03*n*log(n) (sec)           (res: 45)
Exponential: time = 4.9E+04 * 1.1^n (sec)                       (res: 1.6E+02)

   [near-tie] within 10%: Linearithmic, Quadratic, Linear -- chosen by the simplicity bias, not the data.
   [exponent] free-exponent fit: runtime_ns ~ count_more_complex_selector ** 0.35
Saved fit model plot to ./results/rq1/20261003-0136-css_select_known/run1/css_select_known/plots/fitmodel_runtime_ns_vs_count_more_complex_selector_css_select_5_2_0.png
Plotting 'runtime_ns' vs 'count_lang_range' for './results/rq1/20261003-0136-css_select_known/run1/css_select_known/summary.csv-function_name/css_select_5_1_0':
Saved plot to ./results/rq1/20261003-0136-css_select_known/run1/css_select_known/plots/runtime_ns_vs_count_lang_range_css_select_5_1_0.png
Plotting 'runtime_ns' vs 'count_lang_range' for './results/rq1/20261003-0136-css_select_known/run1/css_select_known/summary.csv-function_name/css_select_5_2_0':
Saved plot to ./results/rq1/20261003-0136-css_select_known/run1/css_select_known/plots/runtime_ns_vs_count_lang_range_css_select_5_2_0.png
For './results/rq1/20261003-0136-css_select_known/run1/css_select_known/summary.csv-function_name/css_select_5_1_0', feature 'count_lang_range' and metric 'runtime_ns': dropped 250 of 268 rows (censored, non-positive metric, or zero feature).
For './results/rq1/20261003-0136-css_select_known/run1/css_select_known/summary.csv-function_name/css_select_5_1_0', feature 'count_lang_range' and metric 'runtime_ns' the best fit is:
Best : Logarithmic: time = 4.3E+04 + -2.7E+04*log(n) (sec)          
Constant: time = 3.9E+04 (sec)                                  (res: 5.2)
Linear: time = 6.2E+04 + -1.9E+04*n (sec)                       (res: 4.7)
Quadratic: time = 5E+04 + -6.3E+03*n^2 (sec)                    (res: 4.7)
Cubic: time = 4.6E+04 + -2.7E+03*n^3 (sec)                      (res: 4.7)
Logarithmic: time = 4.3E+04 + -2.7E+04*log(n) (sec)             (res: 4.7)
Linearithmic: time = 4.3E+04 + -1.4E+04*n*log(n) (sec)          (res: 4.7)
Exponential: time = 2E+05 * 0.35^n (sec)                        (res: 9.1)

   [near-tie] within 10%: Linear, Quadratic, Cubic, Logarithmic, Linearithmic -- chosen by the simplicity bias, not the data.
   [exponent] free-exponent fit: runtime_ns ~ count_lang_range ** -1.51
Saved fit model plot to ./results/rq1/20261003-0136-css_select_known/run1/css_select_known/plots/fitmodel_runtime_ns_vs_count_lang_range_css_select_5_1_0.png
For './results/rq1/20261003-0136-css_select_known/run1/css_select_known/summary.csv-function_name/css_select_5_2_0', feature 'count_lang_range' and metric 'runtime_ns': dropped 249 of 268 rows (censored, non-positive metric, or zero feature).
For './results/rq1/20261003-0136-css_select_known/run1/css_select_known/summary.csv-function_name/css_select_5_2_0', feature 'count_lang_range' and metric 'runtime_ns' the best fit is:
Best : Constant: time = 4.5E+04 (sec)                               
Constant: time = 4.5E+04 (sec)                                  (res: 5.4)
Linear: time = 5.5E+04 + -8.1E+03*n (sec)                       (res: 5.3)
Quadratic: time = 4.8E+04 + -1.5E+03*n^2 (sec)                  (res: 5.4)
Cubic: time = 4.6E+04 + -1.9E+02*n^3 (sec)                      (res: 5.4)
Logarithmic: time = 4.8E+04 + -1.6E+04*log(n) (sec)             (res: 5.3)
Linearithmic: time = 4.7E+04 + -4.3E+03*n*log(n) (sec)          (res: 5.4)
Exponential: time = 9.6E+04 * 0.8^n (sec)                       (res: 10)

   [near-tie] within 10%: Logarithmic, Linear, Linearithmic, Quadratic, Cubic, Constant -- chosen by the simplicity bias, not the data.
   [exponent] free-exponent fit: runtime_ns ~ count_lang_range ** -0.46
Saved fit model plot to ./results/rq1/20261003-0136-css_select_known/run1/css_select_known/plots/fitmodel_runtime_ns_vs_count_lang_range_css_select_5_2_0.png
Plotting 'runtime_ns' vs 'count_namechar' for './results/rq1/20261003-0136-css_select_known/run1/css_select_known/summary.csv-function_name/css_select_5_1_0':
Saved plot to ./results/rq1/20261003-0136-css_select_known/run1/css_select_known/plots/runtime_ns_vs_count_namechar_css_select_5_1_0.png
Plotting 'runtime_ns' vs 'count_namechar' for './results/rq1/20261003-0136-css_select_known/run1/css_select_known/summary.csv-function_name/css_select_5_2_0':
Saved plot to ./results/rq1/20261003-0136-css_select_known/run1/css_select_known/plots/runtime_ns_vs_count_namechar_css_select_5_2_0.png
For './results/rq1/20261003-0136-css_select_known/run1/css_select_known/summary.csv-function_name/css_select_5_1_0', feature 'count_namechar' and metric 'runtime_ns': dropped 92 of 268 rows (censored, non-positive metric, or zero feature).
For './results/rq1/20261003-0136-css_select_known/run1/css_select_known/summary.csv-function_name/css_select_5_1_0', feature 'count_namechar' and metric 'runtime_ns' the best fit is:
Best : Logarithmic: time = 2.2E+03 + 2.5E+03*log(n) (sec)           
Constant: time = 1.5E+04 (sec)                                  (res: 68)
Linear: time = 1.5E+04 + 1.1*n (sec)                            (res: 66)
Quadratic: time = 1.5E+04 + 6.8E-05*n^2 (sec)                   (res: 67)
Cubic: time = 1.5E+04 + 5.6E-09*n^3 (sec)                       (res: 67)
Logarithmic: time = 2.2E+03 + 2.5E+03*log(n) (sec)              (res: 61)
Linearithmic: time = 1.5E+04 + 0.11*n*log(n) (sec)              (res: 66)
Exponential: time = 3.5E+04 * 1^n (sec)                         (res: 2.3E+02)

   [near-tie] within 10%: Logarithmic, Linear, Linearithmic -- chosen by the simplicity bias, not the data.
   [exponent] free-exponent fit: runtime_ns ~ count_namechar ** -0.06
Saved fit model plot to ./results/rq1/20261003-0136-css_select_known/run1/css_select_known/plots/fitmodel_runtime_ns_vs_count_namechar_css_select_5_1_0.png
For './results/rq1/20261003-0136-css_select_known/run1/css_select_known/summary.csv-function_name/css_select_5_2_0', feature 'count_namechar' and metric 'runtime_ns': dropped 56 of 268 rows (censored, non-positive metric, or zero feature).
For './results/rq1/20261003-0136-css_select_known/run1/css_select_known/summary.csv-function_name/css_select_5_2_0', feature 'count_namechar' and metric 'runtime_ns' the best fit is:
Best : Constant: time = 1.8E+04 (sec)                               
Constant: time = 1.8E+04 (sec)                                  (res: 93)
Linear: time = 1.7E+04 + 1.2*n (sec)                            (res: 92)
Quadratic: time = 1.8E+04 + 7.8E-05*n^2 (sec)                   (res: 92)
Cubic: time = 1.8E+04 + 6.5E-09*n^3 (sec)                       (res: 92)
Logarithmic: time = 4.5E+03 + 2.5E+03*log(n) (sec)              (res: 88)
Linearithmic: time = 1.8E+04 + 0.12*n*log(n) (sec)              (res: 92)
Exponential: time = 5E+04 * 1^n (sec)                           (res: 4.3E+02)

   [near-tie] within 10%: Logarithmic, Linear, Linearithmic, Quadratic, Cubic, Constant -- chosen by the simplicity bias, not the data.
   [exponent] free-exponent fit: runtime_ns ~ count_namechar ** -0.14
Saved fit model plot to ./results/rq1/20261003-0136-css_select_known/run1/css_select_known/plots/fitmodel_runtime_ns_vs_count_namechar_css_select_5_2_0.png
Plotting 'runtime_ns' vs 'count_attr_value_words' for './results/rq1/20261003-0136-css_select_known/run1/css_select_known/summary.csv-function_name/css_select_5_1_0':
Saved plot to ./results/rq1/20261003-0136-css_select_known/run1/css_select_known/plots/runtime_ns_vs_count_attr_value_words_css_select_5_1_0.png
Plotting 'runtime_ns' vs 'count_attr_value_words' for './results/rq1/20261003-0136-css_select_known/run1/css_select_known/summary.csv-function_name/css_select_5_2_0':
Saved plot to ./results/rq1/20261003-0136-css_select_known/run1/css_select_known/plots/runtime_ns_vs_count_attr_value_words_css_select_5_2_0.png
For './results/rq1/20261003-0136-css_select_known/run1/css_select_known/summary.csv-function_name/css_select_5_1_0', feature 'count_attr_value_words' and metric 'runtime_ns': dropped 97 of 268 rows (censored, non-positive metric, or zero feature).
For './results/rq1/20261003-0136-css_select_known/run1/css_select_known/summary.csv-function_name/css_select_5_1_0', feature 'count_attr_value_words' and metric 'runtime_ns' the best fit is:
Best : Constant: time = 1.7E+04 (sec)                               
Constant: time = 1.7E+04 (sec)                                  (res: 62)
Linear: time = 1.6E+04 + 48*n (sec)                             (res: 62)
Quadratic: time = 1.7E+04 + 0.62*n^2 (sec)                      (res: 62)
Cubic: time = 1.7E+04 + 0.0077*n^3 (sec)                        (res: 62)
Logarithmic: time = 1.5E+04 + 8.8E+02*log(n) (sec)              (res: 62)
Linearithmic: time = 1.6E+04 + 11*n*log(n) (sec)                (res: 62)
Exponential: time = 4.7E+04 * 0.99^n (sec)                      (res: 2.3E+02)

   [near-tie] within 10%: Logarithmic, Linear, Linearithmic, Quadratic, Cubic, Constant -- chosen by the simplicity bias, not the data.
   [exponent] free-exponent fit: runtime_ns ~ count_attr_value_words ** -0.24
Saved fit model plot to ./results/rq1/20261003-0136-css_select_known/run1/css_select_known/plots/fitmodel_runtime_ns_vs_count_attr_value_words_css_select_5_1_0.png
For './results/rq1/20261003-0136-css_select_known/run1/css_select_known/summary.csv-function_name/css_select_5_2_0', feature 'count_attr_value_words' and metric 'runtime_ns': dropped 61 of 268 rows (censored, non-positive metric, or zero feature).
For './results/rq1/20261003-0136-css_select_known/run1/css_select_known/summary.csv-function_name/css_select_5_2_0', feature 'count_attr_value_words' and metric 'runtime_ns' the best fit is:
Best : Constant: time = 1.9E+04 (sec)                               
Constant: time = 1.9E+04 (sec)                                  (res: 89)
Linear: time = 1.9E+04 + 11*n (sec)                             (res: 89)
Quadratic: time = 1.9E+04 + 0.095*n^2 (sec)                     (res: 89)
Cubic: time = 1.9E+04 + -0.00014*n^3 (sec)                      (res: 89)
Logarithmic: time = 1.9E+04 + 3E+02*log(n) (sec)                (res: 89)
Linearithmic: time = 1.9E+04 + 2.3*n*log(n) (sec)               (res: 89)
Exponential: time = 7.2E+04 * 0.98^n (sec)                      (res: 4.4E+02)

   [near-tie] within 10%: Logarithmic, Linear, Linearithmic, Quadratic, Cubic, Constant -- chosen by the simplicity bias, not the data.
   [exponent] free-exponent fit: runtime_ns ~ count_attr_value_words ** -0.34
Saved fit model plot to ./results/rq1/20261003-0136-css_select_known/run1/css_select_known/plots/fitmodel_runtime_ns_vs_count_attr_value_words_css_select_5_2_0.png
Plotting 'runtime_ns' vs 'count_attr_ident' for './results/rq1/20261003-0136-css_select_known/run1/css_select_known/summary.csv-function_name/css_select_5_1_0':
Saved plot to ./results/rq1/20261003-0136-css_select_known/run1/css_select_known/plots/runtime_ns_vs_count_attr_ident_css_select_5_1_0.png
Plotting 'runtime_ns' vs 'count_attr_ident' for './results/rq1/20261003-0136-css_select_known/run1/css_select_known/summary.csv-function_name/css_select_5_2_0':
Saved plot to ./results/rq1/20261003-0136-css_select_known/run1/css_select_known/plots/runtime_ns_vs_count_attr_ident_css_select_5_2_0.png
For './results/rq1/20261003-0136-css_select_known/run1/css_select_known/summary.csv-function_name/css_select_5_1_0', feature 'count_attr_ident' and metric 'runtime_ns': dropped 213 of 268 rows (censored, non-positive metric, or zero feature).
For './results/rq1/20261003-0136-css_select_known/run1/css_select_known/summary.csv-function_name/css_select_5_1_0', feature 'count_attr_ident' and metric 'runtime_ns' the best fit is:
Best : Logarithmic: time = 1.1E+04 + 9.3E+03*log(n) (sec)           
Constant: time = 1.4E+04 (sec)                                  (res: 27)
Linear: time = 8.5E+03 + 3E+03*n (sec)                          (res: 22)
Quadratic: time = 1.2E+04 + 3.2E+02*n^2 (sec)                   (res: 23)
Cubic: time = 1.3E+04 + 32*n^3 (sec)                            (res: 23)
Logarithmic: time = 1.1E+04 + 9.3E+03*log(n) (sec)              (res: 21)
Linearithmic: time = 1.2E+04 + 1.2E+03*n*log(n) (sec)           (res: 22)
Exponential: time = 2.8E+04 * 1.1^n (sec)                       (res: 78)

   [near-tie] within 10%: Logarithmic, Linear, Linearithmic, Quadratic -- chosen by the simplicity bias, not the data.
   [exponent] free-exponent fit: runtime_ns ~ count_attr_ident ** 0.40
Saved fit model plot to ./results/rq1/20261003-0136-css_select_known/run1/css_select_known/plots/fitmodel_runtime_ns_vs_count_attr_ident_css_select_5_1_0.png
For './results/rq1/20261003-0136-css_select_known/run1/css_select_known/summary.csv-function_name/css_select_5_2_0', feature 'count_attr_ident' and metric 'runtime_ns': dropped 178 of 268 rows (censored, non-positive metric, or zero feature).
For './results/rq1/20261003-0136-css_select_known/run1/css_select_known/summary.csv-function_name/css_select_5_2_0', feature 'count_attr_ident' and metric 'runtime_ns' the best fit is:
Best : Logarithmic: time = 1.3E+04 + 1.6E+04*log(n) (sec)           
Constant: time = 1.9E+04 (sec)                                  (res: 52)
Linear: time = 8.2E+03 + 5.3E+03*n (sec)                        (res: 39)
Quadratic: time = 1.4E+04 + 5.8E+02*n^2 (sec)                   (res: 41)
Cubic: time = 1.6E+04 + 59*n^3 (sec)                            (res: 43)
Logarithmic: time = 1.3E+04 + 1.6E+04*log(n) (sec)              (res: 39)
Linearithmic: time = 1.4E+04 + 2.3E+03*n*log(n) (sec)           (res: 40)
Exponential: time = 3.1E+04 * 1.2^n (sec)                       (res: 1.4E+02)

   [near-tie] within 10%: Logarithmic, Linear, Linearithmic, Quadratic, Cubic -- chosen by the simplicity bias, not the data.
   [exponent] free-exponent fit: runtime_ns ~ count_attr_ident ** 0.65
Saved fit model plot to ./results/rq1/20261003-0136-css_select_known/run1/css_select_known/plots/fitmodel_runtime_ns_vs_count_attr_ident_css_select_5_2_0.png
Plotting 'runtime_ns' vs 'count_more_relative_selector' for './results/rq1/20261003-0136-css_select_known/run1/css_select_known/summary.csv-function_name/css_select_5_1_0':
Saved plot to ./results/rq1/20261003-0136-css_select_known/run1/css_select_known/plots/runtime_ns_vs_count_more_relative_selector_css_select_5_1_0.png
Plotting 'runtime_ns' vs 'count_more_relative_selector' for './results/rq1/20261003-0136-css_select_known/run1/css_select_known/summary.csv-function_name/css_select_5_2_0':
Saved plot to ./results/rq1/20261003-0136-css_select_known/run1/css_select_known/plots/runtime_ns_vs_count_more_relative_selector_css_select_5_2_0.png
For './results/rq1/20261003-0136-css_select_known/run1/css_select_known/summary.csv-function_name/css_select_5_1_0', feature 'count_more_relative_selector' and metric 'runtime_ns': dropped 218 of 268 rows (censored, non-positive metric, or zero feature).
For './results/rq1/20261003-0136-css_select_known/run1/css_select_known/summary.csv-function_name/css_select_5_1_0', feature 'count_more_relative_selector' and metric 'runtime_ns' the best fit is:
Best : Logarithmic: time = 5.7E+04 + 2.4E+04*log(n) (sec)           
Constant: time = 9E+04 (sec)                                    (res: 2.3)
Linear: time = 6.4E+04 + 6E+03*n (sec)                          (res: 1.9)
Quadratic: time = 8E+04 + 4.7E+02*n^2 (sec)                     (res: 2.1)
Cubic: time = 8.5E+04 + 45*n^3 (sec)                            (res: 2.1)
Logarithmic: time = 5.7E+04 + 2.4E+04*log(n) (sec)              (res: 1.7)
Linearithmic: time = 7.6E+04 + 2.2E+03*n*log(n) (sec)           (res: 2)
Exponential: time = 8.2E+04 * 1^n (sec)                         (res: 2.2)

   [near-tie] within 10%: Logarithmic, Linear -- chosen by the simplicity bias, not the data.
   [exponent] free-exponent fit: runtime_ns ~ count_more_relative_selector ** 0.21
Saved fit model plot to ./results/rq1/20261003-0136-css_select_known/run1/css_select_known/plots/fitmodel_runtime_ns_vs_count_more_relative_selector_css_select_5_1_0.png
For './results/rq1/20261003-0136-css_select_known/run1/css_select_known/summary.csv-function_name/css_select_5_2_0', feature 'count_more_relative_selector' and metric 'runtime_ns': dropped 217 of 268 rows (censored, non-positive metric, or zero feature).
For './results/rq1/20261003-0136-css_select_known/run1/css_select_known/summary.csv-function_name/css_select_5_2_0', feature 'count_more_relative_selector' and metric 'runtime_ns' the best fit is:
Best : Logarithmic: time = 8.2E+04 + 1.5E+04*log(n) (sec)           
Constant: time = 1E+05 (sec)                                    (res: 1.9)
Linear: time = 9.8E+04 + 1.1E+03*n (sec)                        (res: 1.9)
Quadratic: time = 1E+05 + -44*n^2 (sec)                         (res: 1.9)
Cubic: time = 1E+05 + -10*n^3 (sec)                             (res: 1.9)
Logarithmic: time = 8.2E+04 + 1.5E+04*log(n) (sec)              (res: 1.7)
Linearithmic: time = 1E+05 + 1E+02*n*log(n) (sec)               (res: 1.9)
Exponential: time = 1.1E+05 * 1^n (sec)                         (res: 2.1)

   [exponent] free-exponent fit: runtime_ns ~ count_more_relative_selector ** 0.09
Saved fit model plot to ./results/rq1/20261003-0136-css_select_known/run1/css_select_known/plots/fitmodel_runtime_ns_vs_count_more_relative_selector_css_select_5_2_0.png
Plotting 'runtime_ns' vs 'count_comma' for './results/rq1/20261003-0136-css_select_known/run1/css_select_known/summary.csv-function_name/css_select_5_1_0':
Saved plot to ./results/rq1/20261003-0136-css_select_known/run1/css_select_known/plots/runtime_ns_vs_count_comma_css_select_5_1_0.png
Plotting 'runtime_ns' vs 'count_comma' for './results/rq1/20261003-0136-css_select_known/run1/css_select_known/summary.csv-function_name/css_select_5_2_0':
Saved plot to ./results/rq1/20261003-0136-css_select_known/run1/css_select_known/plots/runtime_ns_vs_count_comma_css_select_5_2_0.png
For './results/rq1/20261003-0136-css_select_known/run1/css_select_known/summary.csv-function_name/css_select_5_1_0', feature 'count_comma' and metric 'runtime_ns': dropped 162 of 268 rows (censored, non-positive metric, or zero feature).
For './results/rq1/20261003-0136-css_select_known/run1/css_select_known/summary.csv-function_name/css_select_5_1_0', feature 'count_comma' and metric 'runtime_ns' the best fit is:
Best : Logarithmic: time = 1.4E+04 + 2.5E+04*log(n) (sec)           
Constant: time = 2.4E+04 (sec)                                  (res: 43)
Linear: time = 9.5E+03 + 7.8E+03*n (sec)                        (res: 19)
Quadratic: time = 2.1E+04 + 4E+02*n^2 (sec)                     (res: 30)
Cubic: time = 2.3E+04 + 18*n^3 (sec)                            (res: 35)
Logarithmic: time = 1.4E+04 + 2.5E+04*log(n) (sec)              (res: 21)
Linearithmic: time = 1.9E+04 + 2.7E+03*n*log(n) (sec)           (res: 23)
Exponential: time = 3.2E+04 * 1.1^n (sec)                       (res: 54)

   [near-tie] within 10%: Linear, Logarithmic -- chosen by the simplicity bias, not the data.
   [exponent] free-exponent fit: runtime_ns ~ count_comma ** 0.64
Saved fit model plot to ./results/rq1/20261003-0136-css_select_known/run1/css_select_known/plots/fitmodel_runtime_ns_vs_count_comma_css_select_5_1_0.png
For './results/rq1/20261003-0136-css_select_known/run1/css_select_known/summary.csv-function_name/css_select_5_2_0', feature 'count_comma' and metric 'runtime_ns': dropped 126 of 268 rows (censored, non-positive metric, or zero feature).
For './results/rq1/20261003-0136-css_select_known/run1/css_select_known/summary.csv-function_name/css_select_5_2_0', feature 'count_comma' and metric 'runtime_ns' the best fit is:
Best : Logarithmic: time = 1.4E+04 + 3.2E+04*log(n) (sec)           
Constant: time = 2.7E+04 (sec)                                  (res: 70)
Linear: time = 8.1E+03 + 9.8E+03*n (sec)                        (res: 33)
Quadratic: time = 2.3E+04 + 5.1E+02*n^2 (sec)                   (res: 49)
Cubic: time = 2.6E+04 + 23*n^3 (sec)                            (res: 59)
Logarithmic: time = 1.4E+04 + 3.2E+04*log(n) (sec)              (res: 36)
Linearithmic: time = 2.1E+04 + 3.4E+03*n*log(n) (sec)           (res: 38)
Exponential: time = 4E+04 * 1.1^n (sec)                         (res: 1.1E+02)

   [near-tie] within 10%: Linear, Logarithmic -- chosen by the simplicity bias, not the data.
   [exponent] free-exponent fit: runtime_ns ~ count_comma ** 0.70
Saved fit model plot to ./results/rq1/20261003-0136-css_select_known/run1/css_select_known/plots/fitmodel_runtime_ns_vs_count_comma_css_select_5_2_0.png
Plotting 'runtime_ns' vs 'count_lang_tag' for './results/rq1/20261003-0136-css_select_known/run1/css_select_known/summary.csv-function_name/css_select_5_1_0':
Saved plot to ./results/rq1/20261003-0136-css_select_known/run1/css_select_known/plots/runtime_ns_vs_count_lang_tag_css_select_5_1_0.png
Plotting 'runtime_ns' vs 'count_lang_tag' for './results/rq1/20261003-0136-css_select_known/run1/css_select_known/summary.csv-function_name/css_select_5_2_0':
Saved plot to ./results/rq1/20261003-0136-css_select_known/run1/css_select_known/plots/runtime_ns_vs_count_lang_tag_css_select_5_2_0.png
For './results/rq1/20261003-0136-css_select_known/run1/css_select_known/summary.csv-function_name/css_select_5_1_0', feature 'count_lang_tag' and metric 'runtime_ns': dropped 96 of 268 rows (censored, non-positive metric, or zero feature).
For './results/rq1/20261003-0136-css_select_known/run1/css_select_known/summary.csv-function_name/css_select_5_1_0', feature 'count_lang_tag' and metric 'runtime_ns' the best fit is:
Best : Constant: time = 1.6E+04 (sec)                               
Constant: time = 1.6E+04 (sec)                                  (res: 63)
Linear: time = 1.5E+04 + 54*n (sec)                             (res: 62)
Quadratic: time = 1.6E+04 + 1*n^2 (sec)                         (res: 62)
Cubic: time = 1.6E+04 + 0.018*n^3 (sec)                         (res: 62)
Logarithmic: time = 1.4E+04 + 8.9E+02*log(n) (sec)              (res: 62)
Linearithmic: time = 1.5E+04 + 13*n*log(n) (sec)                (res: 62)
Exponential: time = 4.5E+04 * 0.99^n (sec)                      (res: 2.3E+02)

   [near-tie] within 10%: Logarithmic, Cubic, Quadratic, Linearithmic, Linear, Constant -- chosen by the simplicity bias, not the data.
   [exponent] free-exponent fit: runtime_ns ~ count_lang_tag ** -0.29
Saved fit model plot to ./results/rq1/20261003-0136-css_select_known/run1/css_select_known/plots/fitmodel_runtime_ns_vs_count_lang_tag_css_select_5_1_0.png
For './results/rq1/20261003-0136-css_select_known/run1/css_select_known/summary.csv-function_name/css_select_5_2_0', feature 'count_lang_tag' and metric 'runtime_ns': dropped 69 of 268 rows (censored, non-positive metric, or zero feature).
For './results/rq1/20261003-0136-css_select_known/run1/css_select_known/summary.csv-function_name/css_select_5_2_0', feature 'count_lang_tag' and metric 'runtime_ns' the best fit is:
Best : Constant: time = 1.9E+04 (sec)                               
Constant: time = 1.9E+04 (sec)                                  (res: 83)
Linear: time = 1.8E+04 + 32*n (sec)                             (res: 83)
Quadratic: time = 1.8E+04 + 0.65*n^2 (sec)                      (res: 83)
Cubic: time = 1.8E+04 + 0.012*n^3 (sec)                         (res: 83)
Logarithmic: time = 1.7E+04 + 4.8E+02*log(n) (sec)              (res: 83)
Linearithmic: time = 1.8E+04 + 7.9*n*log(n) (sec)               (res: 83)
Exponential: time = 6.4E+04 * 0.98^n (sec)                      (res: 4E+02)

   [near-tie] within 10%: Cubic, Quadratic, Logarithmic, Linearithmic, Linear, Constant -- chosen by the simplicity bias, not the data.
   [exponent] free-exponent fit: runtime_ns ~ count_lang_tag ** -0.37
Saved fit model plot to ./results/rq1/20261003-0136-css_select_known/run1/css_select_known/plots/fitmodel_runtime_ns_vs_count_lang_tag_css_select_5_2_0.png
Plotting 'runtime_ns' vs 'count_more_value_word' for './results/rq1/20261003-0136-css_select_known/run1/css_select_known/summary.csv-function_name/css_select_5_1_0':
Saved plot to ./results/rq1/20261003-0136-css_select_known/run1/css_select_known/plots/runtime_ns_vs_count_more_value_word_css_select_5_1_0.png
Plotting 'runtime_ns' vs 'count_more_value_word' for './results/rq1/20261003-0136-css_select_known/run1/css_select_known/summary.csv-function_name/css_select_5_2_0':
Saved plot to ./results/rq1/20261003-0136-css_select_known/run1/css_select_known/plots/runtime_ns_vs_count_more_value_word_css_select_5_2_0.png
For './results/rq1/20261003-0136-css_select_known/run1/css_select_known/summary.csv-function_name/css_select_5_1_0', feature 'count_more_value_word' and metric 'runtime_ns': dropped 101 of 268 rows (censored, non-positive metric, or zero feature).
For './results/rq1/20261003-0136-css_select_known/run1/css_select_known/summary.csv-function_name/css_select_5_1_0', feature 'count_more_value_word' and metric 'runtime_ns' the best fit is:
Best : Constant: time = 1.7E+04 (sec)                               
Constant: time = 1.7E+04 (sec)                                  (res: 61)
Linear: time = 1.6E+04 + 1.1E+02*n (sec)                        (res: 61)
Quadratic: time = 1.7E+04 + 2*n^2 (sec)                         (res: 61)
Cubic: time = 1.7E+04 + 0.033*n^3 (sec)                         (res: 61)
Logarithmic: time = 1.4E+04 + 1.5E+03*log(n) (sec)              (res: 60)
Linearithmic: time = 1.6E+04 + 27*n*log(n) (sec)                (res: 61)
Exponential: time = 4.7E+04 * 0.97^n (sec)                      (res: 2.3E+02)

   [near-tie] within 10%: Logarithmic, Linear, Linearithmic, Quadratic, Cubic, Constant -- chosen by the simplicity bias, not the data.
   [exponent] free-exponent fit: runtime_ns ~ count_more_value_word ** -0.22
Saved fit model plot to ./results/rq1/20261003-0136-css_select_known/run1/css_select_known/plots/fitmodel_runtime_ns_vs_count_more_value_word_css_select_5_1_0.png
For './results/rq1/20261003-0136-css_select_known/run1/css_select_known/summary.csv-function_name/css_select_5_2_0', feature 'count_more_value_word' and metric 'runtime_ns': dropped 66 of 268 rows (censored, non-positive metric, or zero feature).
For './results/rq1/20261003-0136-css_select_known/run1/css_select_known/summary.csv-function_name/css_select_5_2_0', feature 'count_more_value_word' and metric 'runtime_ns' the best fit is:
Best : Constant: time = 2E+04 (sec)                                 
Constant: time = 2E+04 (sec)                                    (res: 87)
Linear: time = 1.9E+04 + 42*n (sec)                             (res: 87)
Quadratic: time = 1.9E+04 + 0.29*n^2 (sec)                      (res: 87)
Cubic: time = 2E+04 + -0.0079*n^3 (sec)                         (res: 87)
Logarithmic: time = 1.8E+04 + 8.8E+02*log(n) (sec)              (res: 87)
Linearithmic: time = 1.9E+04 + 8.4*n*log(n) (sec)               (res: 87)
Exponential: time = 7.1E+04 * 0.96^n (sec)                      (res: 4.4E+02)

   [near-tie] within 10%: Logarithmic, Linear, Linearithmic, Quadratic, Cubic, Constant -- chosen by the simplicity bias, not the data.
   [exponent] free-exponent fit: runtime_ns ~ count_more_value_word ** -0.33
Saved fit model plot to ./results/rq1/20261003-0136-css_select_known/run1/css_select_known/plots/fitmodel_runtime_ns_vs_count_more_value_word_css_select_5_2_0.png
Plotting 'runtime_ns' vs 'count_relative_combinator' for './results/rq1/20261003-0136-css_select_known/run1/css_select_known/summary.csv-function_name/css_select_5_1_0':
Saved plot to ./results/rq1/20261003-0136-css_select_known/run1/css_select_known/plots/runtime_ns_vs_count_relative_combinator_css_select_5_1_0.png
Plotting 'runtime_ns' vs 'count_relative_combinator' for './results/rq1/20261003-0136-css_select_known/run1/css_select_known/summary.csv-function_name/css_select_5_2_0':
Saved plot to ./results/rq1/20261003-0136-css_select_known/run1/css_select_known/plots/runtime_ns_vs_count_relative_combinator_css_select_5_2_0.png
For './results/rq1/20261003-0136-css_select_known/run1/css_select_known/summary.csv-function_name/css_select_5_1_0', feature 'count_relative_combinator' and metric 'runtime_ns': dropped 215 of 268 rows (censored, non-positive metric, or zero feature).
For './results/rq1/20261003-0136-css_select_known/run1/css_select_known/summary.csv-function_name/css_select_5_1_0', feature 'count_relative_combinator' and metric 'runtime_ns' the best fit is:
Best : Logarithmic: time = 3.9E+04 + 4.5E+04*log(n) (sec)           
Constant: time = 7.5E+04 (sec)                                  (res: 6.6)
Linear: time = 2.3E+04 + 2.1E+04*n (sec)                        (res: 2.1)
Quadratic: time = 4.9E+04 + 3.5E+03*n^2 (sec)                   (res: 3.1)
Cubic: time = 6E+04 + 5.8E+02*n^3 (sec)                         (res: 4.3)
Logarithmic: time = 3.9E+04 + 4.5E+04*log(n) (sec)              (res: 1.8)
Linearithmic: time = 4.8E+04 + 1.1E+04*n*log(n) (sec)           (res: 2.6)
Exponential: time = 4.7E+04 * 1.2^n (sec)                       (res: 3.1)

   [exponent] free-exponent fit: runtime_ns ~ count_relative_combinator ** 0.64
Saved fit model plot to ./results/rq1/20261003-0136-css_select_known/run1/css_select_known/plots/fitmodel_runtime_ns_vs_count_relative_combinator_css_select_5_1_0.png
For './results/rq1/20261003-0136-css_select_known/run1/css_select_known/summary.csv-function_name/css_select_5_2_0', feature 'count_relative_combinator' and metric 'runtime_ns': dropped 214 of 268 rows (censored, non-positive metric, or zero feature).
For './results/rq1/20261003-0136-css_select_known/run1/css_select_known/summary.csv-function_name/css_select_5_2_0', feature 'count_relative_combinator' and metric 'runtime_ns' the best fit is:
Best : Logarithmic: time = 5E+04 + 4.3E+04*log(n) (sec)             
Constant: time = 8.5E+04 (sec)                                  (res: 6.4)
Linear: time = 5.1E+04 + 1.3E+04*n (sec)                        (res: 4.1)
Quadratic: time = 7.7E+04 + 9.2E+02*n^2 (sec)                   (res: 5.7)
Cubic: time = 8.3E+04 + 48*n^3 (sec)                            (res: 6.3)
Logarithmic: time = 5E+04 + 4.3E+04*log(n) (sec)                (res: 2.4)
Linearithmic: time = 7.1E+04 + 4.7E+03*n*log(n) (sec)           (res: 5)
Exponential: time = 7.3E+04 * 1.1^n (sec)                       (res: 5.7)

   [exponent] free-exponent fit: runtime_ns ~ count_relative_combinator ** 0.50
Saved fit model plot to ./results/rq1/20261003-0136-css_select_known/run1/css_select_known/plots/fitmodel_runtime_ns_vs_count_relative_combinator_css_select_5_2_0.png
Plotting 'runtime_ns' vs 'count_complex_selector_in_has' for './results/rq1/20261003-0136-css_select_known/run1/css_select_known/summary.csv-function_name/css_select_5_1_0':
Saved plot to ./results/rq1/20261003-0136-css_select_known/run1/css_select_known/plots/runtime_ns_vs_count_complex_selector_in_has_css_select_5_1_0.png
Plotting 'runtime_ns' vs 'count_complex_selector_in_has' for './results/rq1/20261003-0136-css_select_known/run1/css_select_known/summary.csv-function_name/css_select_5_2_0':
Saved plot to ./results/rq1/20261003-0136-css_select_known/run1/css_select_known/plots/runtime_ns_vs_count_complex_selector_in_has_css_select_5_2_0.png
For './results/rq1/20261003-0136-css_select_known/run1/css_select_known/summary.csv-function_name/css_select_5_1_0', feature 'count_complex_selector_in_has' and metric 'runtime_ns': dropped 212 of 268 rows (censored, non-positive metric, or zero feature).
For './results/rq1/20261003-0136-css_select_known/run1/css_select_known/summary.csv-function_name/css_select_5_1_0', feature 'count_complex_selector_in_has' and metric 'runtime_ns' the best fit is:
Best : Logarithmic: time = 3.1E+04 + 2.2E+04*log(n) (sec)           
Constant: time = 6.6E+04 (sec)                                  (res: 10)
Linear: time = 3.4E+04 + 3.7E+03*n (sec)                        (res: 3)
Quadratic: time = 4.4E+04 + 1.7E+02*n^2 (sec)                   (res: 4.5)
Cubic: time = 5E+04 + 7.2*n^3 (sec)                             (res: 6.2)
Logarithmic: time = 3.1E+04 + 2.2E+04*log(n) (sec)              (res: 2.2)
Linearithmic: time = 4E+04 + 1.2E+03*n*log(n) (sec)             (res: 3.4)
Exponential: time = 4.9E+04 * 1^n (sec)                         (res: 4.4)

   [exponent] free-exponent fit: runtime_ns ~ count_complex_selector_in_has ** 0.35
Saved fit model plot to ./results/rq1/20261003-0136-css_select_known/run1/css_select_known/plots/fitmodel_runtime_ns_vs_count_complex_selector_in_has_css_select_5_1_0.png
For './results/rq1/20261003-0136-css_select_known/run1/css_select_known/summary.csv-function_name/css_select_5_2_0', feature 'count_complex_selector_in_has' and metric 'runtime_ns': dropped 182 of 268 rows (censored, non-positive metric, or zero feature).
For './results/rq1/20261003-0136-css_select_known/run1/css_select_known/summary.csv-function_name/css_select_5_2_0', feature 'count_complex_selector_in_has' and metric 'runtime_ns' the best fit is:
Best : Logarithmic: time = 5.8E+04 + 1.8E+04*log(n) (sec)           
Constant: time = 8.5E+04 (sec)                                  (res: 17)
Linear: time = 6.7E+04 + 2.1E+03*n (sec)                        (res: 14)
Quadratic: time = 7.7E+04 + 63*n^2 (sec)                        (res: 15)
Cubic: time = 8.2E+04 + 1.4*n^3 (sec)                           (res: 16)
Logarithmic: time = 5.8E+04 + 1.8E+04*log(n) (sec)              (res: 12)
Linearithmic: time = 7.2E+04 + 6E+02*n*log(n) (sec)             (res: 15)
Exponential: time = 1.2E+05 * 0.99^n (sec)                      (res: 28)

   [exponent] free-exponent fit: runtime_ns ~ count_complex_selector_in_has ** -0.03
Saved fit model plot to ./results/rq1/20261003-0136-css_select_known/run1/css_select_known/plots/fitmodel_runtime_ns_vs_count_complex_selector_in_has_css_select_5_2_0.png
Plotting 'runtime_ns' vs 'count_digits' for './results/rq1/20261003-0136-css_select_known/run1/css_select_known/summary.csv-function_name/css_select_5_1_0':
Saved plot to ./results/rq1/20261003-0136-css_select_known/run1/css_select_known/plots/runtime_ns_vs_count_digits_css_select_5_1_0.png
Plotting 'runtime_ns' vs 'count_digits' for './results/rq1/20261003-0136-css_select_known/run1/css_select_known/summary.csv-function_name/css_select_5_2_0':
Saved plot to ./results/rq1/20261003-0136-css_select_known/run1/css_select_known/plots/runtime_ns_vs_count_digits_css_select_5_2_0.png
For './results/rq1/20261003-0136-css_select_known/run1/css_select_known/summary.csv-function_name/css_select_5_1_0', feature 'count_digits' and metric 'runtime_ns': dropped 255 of 268 rows (censored, non-positive metric, or zero feature).
For './results/rq1/20261003-0136-css_select_known/run1/css_select_known/summary.csv-function_name/css_select_5_1_0', feature 'count_digits' and metric 'runtime_ns' the best fit is:
Best : Constant: time = 1.6E+04 (sec)                               
Constant: time = 1.6E+04 (sec)                                  (res: 5.1)
Linear: time = 1.9E+04 + -9.4E+02*n (sec)                       (res: 5.1)
Quadratic: time = 1.5E+04 + 14*n^2 (sec)                        (res: 5.1)
Cubic: time = 1.4E+04 + 19*n^3 (sec)                            (res: 5.1)
Logarithmic: time = 2.5E+04 + -7E+03*log(n) (sec)               (res: 5.1)
Linearithmic: time = 1.7E+04 + -2E+02*n*log(n) (sec)            (res: 5.1)
Exponential: time = 3.9E+04 * 0.96^n (sec)                      (res: 16)

   [near-tie] within 10%: Logarithmic, Cubic, Linear, Linearithmic, Quadratic, Constant -- chosen by the simplicity bias, not the data.
   [exponent] free-exponent fit: runtime_ns ~ count_digits ** -0.07
Saved fit model plot to ./results/rq1/20261003-0136-css_select_known/run1/css_select_known/plots/fitmodel_runtime_ns_vs_count_digits_css_select_5_1_0.png
For './results/rq1/20261003-0136-css_select_known/run1/css_select_known/summary.csv-function_name/css_select_5_2_0', feature 'count_digits' and metric 'runtime_ns': dropped 251 of 268 rows (censored, non-positive metric, or zero feature).
For './results/rq1/20261003-0136-css_select_known/run1/css_select_known/summary.csv-function_name/css_select_5_2_0', feature 'count_digits' and metric 'runtime_ns' the best fit is:
Best : Constant: time = 1.8E+04 (sec)                               
Constant: time = 1.8E+04 (sec)                                  (res: 8.1)
Linear: time = 2.6E+04 + -2E+03*n (sec)                         (res: 8)
Quadratic: time = 1.9E+04 + -34*n^2 (sec)                       (res: 8.1)
Cubic: time = 1.7E+04 + 17*n^3 (sec)                            (res: 8.1)
Logarithmic: time = 3.8E+04 + -1.6E+04*log(n) (sec)             (res: 7.7)
Linearithmic: time = 2.1E+04 + -4.8E+02*n*log(n) (sec)          (res: 8.1)
Exponential: time = 1.4E+05 * 0.73^n (sec)                      (res: 29)

   [near-tie] within 10%: Logarithmic, Linear, Linearithmic, Cubic, Quadratic, Constant -- chosen by the simplicity bias, not the data.
   [exponent] free-exponent fit: runtime_ns ~ count_digits ** -0.89
Saved fit model plot to ./results/rq1/20261003-0136-css_select_known/run1/css_select_known/plots/fitmodel_runtime_ns_vs_count_digits_css_select_5_2_0.png
Plotting 'runtime_ns' vs 'count_an_a' for './results/rq1/20261003-0136-css_select_known/run1/css_select_known/summary.csv-function_name/css_select_5_1_0':
Saved plot to ./results/rq1/20261003-0136-css_select_known/run1/css_select_known/plots/runtime_ns_vs_count_an_a_css_select_5_1_0.png
Plotting 'runtime_ns' vs 'count_an_a' for './results/rq1/20261003-0136-css_select_known/run1/css_select_known/summary.csv-function_name/css_select_5_2_0':
Saved plot to ./results/rq1/20261003-0136-css_select_known/run1/css_select_known/plots/runtime_ns_vs_count_an_a_css_select_5_2_0.png
For './results/rq1/20261003-0136-css_select_known/run1/css_select_known/summary.csv-function_name/css_select_5_1_0', feature 'count_an_a' and metric 'runtime_ns': dropped 255 of 268 rows (censored, non-positive metric, or zero feature).
For './results/rq1/20261003-0136-css_select_known/run1/css_select_known/summary.csv-function_name/css_select_5_1_0', feature 'count_an_a' and metric 'runtime_ns' the best fit is:
Best : Constant: time = 2.3E+04 (sec)                               
Constant: time = 2.3E+04 (sec)                                  (res: 3.7)
Linear: time = 1.2E+04 + 1.2E+04*n (sec)                        (res: 3.7)
Quadratic: time = 1.2E+04 + 1.2E+04*n^2 (sec)                   (res: 3.7)
Cubic: time = 1.2E+04 + 1.2E+04*n^3 (sec)                       (res: 3.7)
Logarithmic: time = 2.3E+04 + 0*log(n) (sec)                    (res: 3.7)
Linearithmic: time = 2.3E+04 + 0*n*log(n) (sec)                 (res: 3.7)
Exponential: time = 2E+02 * 2E+02^n (sec)                       (res: 7.9)

   [near-tie] within 10%: Linear, Quadratic, Cubic, Constant, Logarithmic, Linearithmic -- chosen by the simplicity bias, not the data.
   [exponent] free-exponent fit: runtime_ns ~ count_an_a ** 0.00
Saved fit model plot to ./results/rq1/20261003-0136-css_select_known/run1/css_select_known/plots/fitmodel_runtime_ns_vs_count_an_a_css_select_5_1_0.png
For './results/rq1/20261003-0136-css_select_known/run1/css_select_known/summary.csv-function_name/css_select_5_2_0', feature 'count_an_a' and metric 'runtime_ns': dropped 254 of 268 rows (censored, non-positive metric, or zero feature).
For './results/rq1/20261003-0136-css_select_known/run1/css_select_known/summary.csv-function_name/css_select_5_2_0', feature 'count_an_a' and metric 'runtime_ns' the best fit is:
Best : Constant: time = 2.3E+04 (sec)                               
Constant: time = 2.3E+04 (sec)                                  (res: 5.2)
Linear: time = 1.1E+04 + 1.1E+04*n (sec)                        (res: 5.2)
Quadratic: time = 1.1E+04 + 1.1E+04*n^2 (sec)                   (res: 5.2)
Cubic: time = 1.1E+04 + 1.1E+04*n^3 (sec)                       (res: 5.2)
Logarithmic: time = 2.3E+04 + 0*log(n) (sec)                    (res: 5.2)
Linearithmic: time = 2.3E+04 + 0*n*log(n) (sec)                 (res: 5.2)
Exponential: time = 2.1E+02 * 2.1E+02^n (sec)                   (res: 14)

   [near-tie] within 10%: Linear, Quadratic, Cubic, Constant, Logarithmic, Linearithmic -- chosen by the simplicity bias, not the data.
   [exponent] free-exponent fit: runtime_ns ~ count_an_a ** 0.00
Saved fit model plot to ./results/rq1/20261003-0136-css_select_known/run1/css_select_known/plots/fitmodel_runtime_ns_vs_count_an_a_css_select_5_2_0.png
Plotting 'runtime_ns' vs 'count_signed_integer' for './results/rq1/20261003-0136-css_select_known/run1/css_select_known/summary.csv-function_name/css_select_5_1_0':
Saved plot to ./results/rq1/20261003-0136-css_select_known/run1/css_select_known/plots/runtime_ns_vs_count_signed_integer_css_select_5_1_0.png
Plotting 'runtime_ns' vs 'count_signed_integer' for './results/rq1/20261003-0136-css_select_known/run1/css_select_known/summary.csv-function_name/css_select_5_2_0':
Saved plot to ./results/rq1/20261003-0136-css_select_known/run1/css_select_known/plots/runtime_ns_vs_count_signed_integer_css_select_5_2_0.png
For './results/rq1/20261003-0136-css_select_known/run1/css_select_known/summary.csv-function_name/css_select_5_1_0', feature 'count_signed_integer' and metric 'runtime_ns': dropped 267 of 268 rows (censored, non-positive metric, or zero feature).
For './results/rq1/20261003-0136-css_select_known/run1/css_select_known/summary.csv-function_name/css_select_5_1_0', feature 'count_signed_integer' and metric 'runtime_ns': only 1 usable rows; skipping fit.
For './results/rq1/20261003-0136-css_select_known/run1/css_select_known/summary.csv-function_name/css_select_5_2_0', feature 'count_signed_integer' and metric 'runtime_ns': dropped 264 of 268 rows (censored, non-positive metric, or zero feature).
For './results/rq1/20261003-0136-css_select_known/run1/css_select_known/summary.csv-function_name/css_select_5_2_0', feature 'count_signed_integer' and metric 'runtime_ns' the best fit is:
Best : Constant: time = 1.2E+04 (sec)                               
Constant: time = 1.2E+04 (sec)                                  (res: 2.6)
Linear: time = 6E+03 + 6E+03*n (sec)                            (res: 2.6)
Quadratic: time = 6E+03 + 6E+03*n^2 (sec)                       (res: 2.6)
Cubic: time = 6E+03 + 6E+03*n^3 (sec)                           (res: 2.6)
Logarithmic: time = 1.2E+04 + 0*log(n) (sec)                    (res: 2.6)
Linearithmic: time = 1.2E+04 + 0*n*log(n) (sec)                 (res: 2.6)
Exponential: time = 2.8E+02 * 2.8E+02^n (sec)                   (res: 47)

   [near-tie] within 10%: Constant, Linear, Quadratic, Cubic, Logarithmic, Linearithmic -- chosen by the simplicity bias, not the data.
   [exponent] free-exponent fit: runtime_ns ~ count_signed_integer ** 0.00
Saved fit model plot to ./results/rq1/20261003-0136-css_select_known/run1/css_select_known/plots/fitmodel_runtime_ns_vs_count_signed_integer_css_select_5_2_0.png
Plotting 'runtime_ns' vs 'count_an_b_sign' for './results/rq1/20261003-0136-css_select_known/run1/css_select_known/summary.csv-function_name/css_select_5_1_0':
Saved plot to ./results/rq1/20261003-0136-css_select_known/run1/css_select_known/plots/runtime_ns_vs_count_an_b_sign_css_select_5_1_0.png
Plotting 'runtime_ns' vs 'count_an_b_sign' for './results/rq1/20261003-0136-css_select_known/run1/css_select_known/summary.csv-function_name/css_select_5_2_0':
Saved plot to ./results/rq1/20261003-0136-css_select_known/run1/css_select_known/plots/runtime_ns_vs_count_an_b_sign_css_select_5_2_0.png
For './results/rq1/20261003-0136-css_select_known/run1/css_select_known/summary.csv-function_name/css_select_5_1_0', feature 'count_an_b_sign' and metric 'runtime_ns': dropped 264 of 268 rows (censored, non-positive metric, or zero feature).
For './results/rq1/20261003-0136-css_select_known/run1/css_select_known/summary.csv-function_name/css_select_5_1_0', feature 'count_an_b_sign' and metric 'runtime_ns' the best fit is:
Best : Constant: time = 3.5E+04 (sec)                               
Constant: time = 3.5E+04 (sec)                                  (res: 1.1)
Linear: time = 1.8E+04 + 1.8E+04*n (sec)                        (res: 1.1)
Quadratic: time = 1.8E+04 + 1.8E+04*n^2 (sec)                   (res: 1.1)
Cubic: time = 1.8E+04 + 1.8E+04*n^3 (sec)                       (res: 1.1)
Logarithmic: time = 3.5E+04 + 0*log(n) (sec)                    (res: 1.1)
Linearithmic: time = 3.5E+04 + 0*n*log(n) (sec)                 (res: 1.1)
Exponential: time = 2.4E+02 * 2.4E+02^n (sec)                   (res: 2.3)

   [near-tie] within 10%: Constant, Linear, Quadratic, Cubic, Logarithmic, Linearithmic -- chosen by the simplicity bias, not the data.
   [exponent] free-exponent fit: runtime_ns ~ count_an_b_sign ** 0.00
Saved fit model plot to ./results/rq1/20261003-0136-css_select_known/run1/css_select_known/plots/fitmodel_runtime_ns_vs_count_an_b_sign_css_select_5_1_0.png
For './results/rq1/20261003-0136-css_select_known/run1/css_select_known/summary.csv-function_name/css_select_5_2_0', feature 'count_an_b_sign' and metric 'runtime_ns': dropped 263 of 268 rows (censored, non-positive metric, or zero feature).
For './results/rq1/20261003-0136-css_select_known/run1/css_select_known/summary.csv-function_name/css_select_5_2_0', feature 'count_an_b_sign' and metric 'runtime_ns' the best fit is:
Best : Constant: time = 4.1E+04 (sec)                               
Constant: time = 4.1E+04 (sec)                                  (res: 1.4)
Linear: time = 2E+04 + 2E+04*n (sec)                            (res: 1.4)
Quadratic: time = 2E+04 + 2E+04*n^2 (sec)                       (res: 1.4)
Cubic: time = 2E+04 + 2E+04*n^3 (sec)                           (res: 1.4)
Logarithmic: time = 4.1E+04 + 0*log(n) (sec)                    (res: 1.4)
Linearithmic: time = 4.1E+04 + 0*n*log(n) (sec)                 (res: 1.4)
Exponential: time = 2.6E+02 * 2.6E+02^n (sec)                   (res: 3.1)

   [near-tie] within 10%: Constant, Linear, Quadratic, Cubic, Logarithmic, Linearithmic -- chosen by the simplicity bias, not the data.
   [exponent] free-exponent fit: runtime_ns ~ count_an_b_sign ** 0.00
Saved fit model plot to ./results/rq1/20261003-0136-css_select_known/run1/css_select_known/plots/fitmodel_runtime_ns_vs_count_an_b_sign_css_select_5_2_0.png
Plotting 'runtime_ns' vs 'count_sign' for './results/rq1/20261003-0136-css_select_known/run1/css_select_known/summary.csv-function_name/css_select_5_1_0':
Saved plot to ./results/rq1/20261003-0136-css_select_known/run1/css_select_known/plots/runtime_ns_vs_count_sign_css_select_5_1_0.png
Plotting 'runtime_ns' vs 'count_sign' for './results/rq1/20261003-0136-css_select_known/run1/css_select_known/summary.csv-function_name/css_select_5_2_0':
Saved plot to ./results/rq1/20261003-0136-css_select_known/run1/css_select_known/plots/runtime_ns_vs_count_sign_css_select_5_2_0.png
For './results/rq1/20261003-0136-css_select_known/run1/css_select_known/summary.csv-function_name/css_select_5_1_0', feature 'count_sign' and metric 'runtime_ns': dropped 257 of 268 rows (censored, non-positive metric, or zero feature).
For './results/rq1/20261003-0136-css_select_known/run1/css_select_known/summary.csv-function_name/css_select_5_1_0', feature 'count_sign' and metric 'runtime_ns' the best fit is:
Best : Constant: time = 1.5E+04 (sec)                               
Constant: time = 1.5E+04 (sec)                                  (res: 3.7)
Linear: time = 7.5E+03 + 7.5E+03*n (sec)                        (res: 3.7)
Quadratic: time = 7.5E+03 + 7.5E+03*n^2 (sec)                   (res: 3.7)
Cubic: time = 7.5E+03 + 7.5E+03*n^3 (sec)                       (res: 3.7)
Logarithmic: time = 1.5E+04 + 0*log(n) (sec)                    (res: 3.7)
Linearithmic: time = 1.5E+04 + 0*n*log(n) (sec)                 (res: 3.7)
Exponential: time = 1.7E+02 * 1.7E+02^n (sec)                   (res: 9)

   [near-tie] within 10%: Constant, Linear, Quadratic, Cubic, Logarithmic, Linearithmic -- chosen by the simplicity bias, not the data.
   [exponent] free-exponent fit: runtime_ns ~ count_sign ** 0.00
Saved fit model plot to ./results/rq1/20261003-0136-css_select_known/run1/css_select_known/plots/fitmodel_runtime_ns_vs_count_sign_css_select_5_1_0.png
For './results/rq1/20261003-0136-css_select_known/run1/css_select_known/summary.csv-function_name/css_select_5_2_0', feature 'count_sign' and metric 'runtime_ns': dropped 253 of 268 rows (censored, non-positive metric, or zero feature).
For './results/rq1/20261003-0136-css_select_known/run1/css_select_known/summary.csv-function_name/css_select_5_2_0', feature 'count_sign' and metric 'runtime_ns' the best fit is:
Best : Constant: time = 1.8E+04 (sec)                               
Constant: time = 1.8E+04 (sec)                                  (res: 6.7)
Linear: time = 8.9E+03 + 8.9E+03*n (sec)                        (res: 6.7)
Quadratic: time = 8.9E+03 + 8.9E+03*n^2 (sec)                   (res: 6.7)
Cubic: time = 8.9E+03 + 8.9E+03*n^3 (sec)                       (res: 6.7)
Logarithmic: time = 1.8E+04 + 0*log(n) (sec)                    (res: 6.7)
Linearithmic: time = 1.8E+04 + 0*n*log(n) (sec)                 (res: 6.7)
Exponential: time = 2.2E+02 * 2.2E+02^n (sec)                   (res: 28)

   [near-tie] within 10%: Linear, Quadratic, Cubic, Constant, Logarithmic, Linearithmic -- chosen by the simplicity bias, not the data.
   [exponent] free-exponent fit: runtime_ns ~ count_sign ** 0.00
Saved fit model plot to ./results/rq1/20261003-0136-css_select_known/run1/css_select_known/plots/fitmodel_runtime_ns_vs_count_sign_css_select_5_2_0.png
Plotting 'runtime_ns' vs 'count_subclass_selectors_in_has' for './results/rq1/20261003-0136-css_select_known/run1/css_select_known/summary.csv-function_name/css_select_5_1_0':
Saved plot to ./results/rq1/20261003-0136-css_select_known/run1/css_select_known/plots/runtime_ns_vs_count_subclass_selectors_in_has_css_select_5_1_0.png
Plotting 'runtime_ns' vs 'count_subclass_selectors_in_has' for './results/rq1/20261003-0136-css_select_known/run1/css_select_known/summary.csv-function_name/css_select_5_2_0':
Saved plot to ./results/rq1/20261003-0136-css_select_known/run1/css_select_known/plots/runtime_ns_vs_count_subclass_selectors_in_has_css_select_5_2_0.png
For './results/rq1/20261003-0136-css_select_known/run1/css_select_known/summary.csv-function_name/css_select_5_1_0', feature 'count_subclass_selectors_in_has' and metric 'runtime_ns': dropped 215 of 268 rows (censored, non-positive metric, or zero feature).
For './results/rq1/20261003-0136-css_select_known/run1/css_select_known/summary.csv-function_name/css_select_5_1_0', feature 'count_subclass_selectors_in_has' and metric 'runtime_ns' the best fit is:
Best : Logarithmic: time = 2.3E+04 + 2.4E+04*log(n) (sec)           
Constant: time = 7.2E+04 (sec)                                  (res: 8.9)
Linear: time = 3.9E+04 + 2.6E+03*n (sec)                        (res: 4)
Quadratic: time = 5.7E+04 + 62*n^2 (sec)                        (res: 6.1)
Cubic: time = 6.4E+04 + 1.4*n^3 (sec)                           (res: 7.3)
Logarithmic: time = 2.3E+04 + 2.4E+04*log(n) (sec)              (res: 2.8)
Linearithmic: time = 4.7E+04 + 6.9E+02*n*log(n) (sec)           (res: 4.6)
Exponential: time = 6.8E+04 * 1^n (sec)                         (res: 6.7)

   [exponent] free-exponent fit: runtime_ns ~ count_subclass_selectors_in_has ** 0.29
Saved fit model plot to ./results/rq1/20261003-0136-css_select_known/run1/css_select_known/plots/fitmodel_runtime_ns_vs_count_subclass_selectors_in_has_css_select_5_1_0.png
For './results/rq1/20261003-0136-css_select_known/run1/css_select_known/summary.csv-function_name/css_select_5_2_0', feature 'count_subclass_selectors_in_has' and metric 'runtime_ns': dropped 213 of 268 rows (censored, non-positive metric, or zero feature).
For './results/rq1/20261003-0136-css_select_known/run1/css_select_known/summary.csv-function_name/css_select_5_2_0', feature 'count_subclass_selectors_in_has' and metric 'runtime_ns' the best fit is:
Best : Logarithmic: time = 2.8E+04 + 2.6E+04*log(n) (sec)           
Constant: time = 8.1E+04 (sec)                                  (res: 8.8)
Linear: time = 5.2E+04 + 2.3E+03*n (sec)                        (res: 5)
Quadratic: time = 7.1E+04 + 39*n^2 (sec)                        (res: 7.4)
Cubic: time = 7.7E+04 + 0.63*n^3 (sec)                          (res: 8.3)
Logarithmic: time = 2.8E+04 + 2.6E+04*log(n) (sec)              (res: 2.9)
Linearithmic: time = 6.1E+04 + 5.5E+02*n*log(n) (sec)           (res: 5.9)
Exponential: time = 8.3E+04 * 1^n (sec)                         (res: 8)

   [exponent] free-exponent fit: runtime_ns ~ count_subclass_selectors_in_has ** 0.27
Saved fit model plot to ./results/rq1/20261003-0136-css_select_known/run1/css_select_known/plots/fitmodel_runtime_ns_vs_count_subclass_selectors_in_has_css_select_5_2_0.png
Plotting 'runtime_ns' vs 'count_pseudo_class_selector_in_has' for './results/rq1/20261003-0136-css_select_known/run1/css_select_known/summary.csv-function_name/css_select_5_1_0':
Saved plot to ./results/rq1/20261003-0136-css_select_known/run1/css_select_known/plots/runtime_ns_vs_count_pseudo_class_selector_in_has_css_select_5_1_0.png
Plotting 'runtime_ns' vs 'count_pseudo_class_selector_in_has' for './results/rq1/20261003-0136-css_select_known/run1/css_select_known/summary.csv-function_name/css_select_5_2_0':
Saved plot to ./results/rq1/20261003-0136-css_select_known/run1/css_select_known/plots/runtime_ns_vs_count_pseudo_class_selector_in_has_css_select_5_2_0.png
For './results/rq1/20261003-0136-css_select_known/run1/css_select_known/summary.csv-function_name/css_select_5_1_0', feature 'count_pseudo_class_selector_in_has' and metric 'runtime_ns': dropped 217 of 268 rows (censored, non-positive metric, or zero feature).
For './results/rq1/20261003-0136-css_select_known/run1/css_select_known/summary.csv-function_name/css_select_5_1_0', feature 'count_pseudo_class_selector_in_has' and metric 'runtime_ns' the best fit is:
Best : Logarithmic: time = 3.1E+04 + 5.4E+04*log(n) (sec)           
Constant: time = 7.5E+04 (sec)                                  (res: 8)
Linear: time = 1.4E+04 + 2.3E+04*n (sec)                        (res: 1.4)
Quadratic: time = 3.9E+04 + 4.2E+03*n^2 (sec)                   (res: 2)
Cubic: time = 4.7E+04 + 9.3E+02*n^3 (sec)                       (res: 2.6)
Logarithmic: time = 3.1E+04 + 5.4E+04*log(n) (sec)              (res: 0.86)
Linearithmic: time = 4.1E+04 + 1.2E+04*n*log(n) (sec)           (res: 1.7)
Exponential: time = 4.6E+04 * 1.2^n (sec)                       (res: 2.6)

   [exponent] free-exponent fit: runtime_ns ~ count_pseudo_class_selector_in_has ** 0.59
Saved fit model plot to ./results/rq1/20261003-0136-css_select_known/run1/css_select_known/plots/fitmodel_runtime_ns_vs_count_pseudo_class_selector_in_has_css_select_5_1_0.png
For './results/rq1/20261003-0136-css_select_known/run1/css_select_known/summary.csv-function_name/css_select_5_2_0', feature 'count_pseudo_class_selector_in_has' and metric 'runtime_ns': dropped 216 of 268 rows (censored, non-positive metric, or zero feature).
For './results/rq1/20261003-0136-css_select_known/run1/css_select_known/summary.csv-function_name/css_select_5_2_0', feature 'count_pseudo_class_selector_in_has' and metric 'runtime_ns' the best fit is:
Best : Logarithmic: time = 4.6E+04 + 4.5E+04*log(n) (sec)           
Constant: time = 8.6E+04 (sec)                                  (res: 7.8)
Linear: time = 6.3E+04 + 7.6E+03*n (sec)                        (res: 6.2)
Quadratic: time = 8.3E+04 + 1.6E+02*n^2 (sec)                   (res: 7.7)
Cubic: time = 8.6E+04 + -0.34*n^3 (sec)                         (res: 7.8)
Logarithmic: time = 4.6E+04 + 4.5E+04*log(n) (sec)              (res: 2.8)
Linearithmic: time = 7.9E+04 + 1.8E+03*n*log(n) (sec)           (res: 7.2)
Exponential: time = 9.3E+04 * 1^n (sec)                         (res: 8.7)

   [exponent] free-exponent fit: runtime_ns ~ count_pseudo_class_selector_in_has ** 0.36
Saved fit model plot to ./results/rq1/20261003-0136-css_select_known/run1/css_select_known/plots/fitmodel_runtime_ns_vs_count_pseudo_class_selector_in_has_css_select_5_2_0.png
Plotting 'runtime_ns' vs 'count_pseudo_class_function_in_has' for './results/rq1/20261003-0136-css_select_known/run1/css_select_known/summary.csv-function_name/css_select_5_1_0':
Saved plot to ./results/rq1/20261003-0136-css_select_known/run1/css_select_known/plots/runtime_ns_vs_count_pseudo_class_function_in_has_css_select_5_1_0.png
Plotting 'runtime_ns' vs 'count_pseudo_class_function_in_has' for './results/rq1/20261003-0136-css_select_known/run1/css_select_known/summary.csv-function_name/css_select_5_2_0':
Saved plot to ./results/rq1/20261003-0136-css_select_known/run1/css_select_known/plots/runtime_ns_vs_count_pseudo_class_function_in_has_css_select_5_2_0.png
For './results/rq1/20261003-0136-css_select_known/run1/css_select_known/summary.csv-function_name/css_select_5_1_0', feature 'count_pseudo_class_function_in_has' and metric 'runtime_ns': dropped 218 of 268 rows (censored, non-positive metric, or zero feature).
For './results/rq1/20261003-0136-css_select_known/run1/css_select_known/summary.csv-function_name/css_select_5_1_0', feature 'count_pseudo_class_function_in_has' and metric 'runtime_ns' the best fit is:
Best : Constant: time = 7.6E+04 (sec)                               
Constant: time = 7.6E+04 (sec)                                  (res: 7.8)
Linear: time = 3.8E+04 + 3.8E+04*n (sec)                        (res: 7.8)
Quadratic: time = 3.8E+04 + 3.8E+04*n^2 (sec)                   (res: 7.8)
Cubic: time = 3.8E+04 + 3.8E+04*n^3 (sec)                       (res: 7.8)
Logarithmic: time = 7.6E+04 + 0*log(n) (sec)                    (res: 7.8)
Linearithmic: time = 7.6E+04 + 0*n*log(n) (sec)                 (res: 7.8)
Exponential: time = 3.1E+02 * 3.1E+02^n (sec)                   (res: 10)

   [near-tie] within 10%: Linear, Quadratic, Cubic, Constant, Logarithmic, Linearithmic -- chosen by the simplicity bias, not the data.
   [exponent] free-exponent fit: runtime_ns ~ count_pseudo_class_function_in_has ** 0.00
Saved fit model plot to ./results/rq1/20261003-0136-css_select_known/run1/css_select_known/plots/fitmodel_runtime_ns_vs_count_pseudo_class_function_in_has_css_select_5_1_0.png
For './results/rq1/20261003-0136-css_select_known/run1/css_select_known/summary.csv-function_name/css_select_5_2_0', feature 'count_pseudo_class_function_in_has' and metric 'runtime_ns': dropped 217 of 268 rows (censored, non-positive metric, or zero feature).
For './results/rq1/20261003-0136-css_select_known/run1/css_select_known/summary.csv-function_name/css_select_5_2_0', feature 'count_pseudo_class_function_in_has' and metric 'runtime_ns' the best fit is:
Best : Constant: time = 8.7E+04 (sec)                               
Constant: time = 8.7E+04 (sec)                                  (res: 7.6)
Linear: time = 8.9E+04 + -1.8E+03*n (sec)                       (res: 7.6)
Quadratic: time = 8.8E+04 + -1.8E+02*n^2 (sec)                  (res: 7.6)
Cubic: time = 8.7E+04 + -20*n^3 (sec)                           (res: 7.6)
Logarithmic: time = 8.7E+04 + -6.7E+03*log(n) (sec)             (res: 7.6)
Linearithmic: time = 8.7E+04 + -7.4E+02*n*log(n) (sec)          (res: 7.6)
Exponential: time = 1.1E+05 * 0.95^n (sec)                      (res: 9.8)

   [near-tie] within 10%: Linear, Quadratic, Cubic, Logarithmic, Linearithmic, Constant -- chosen by the simplicity bias, not the data.
   [exponent] free-exponent fit: runtime_ns ~ count_pseudo_class_function_in_has ** -0.18
Saved fit model plot to ./results/rq1/20261003-0136-css_select_known/run1/css_select_known/plots/fitmodel_runtime_ns_vs_count_pseudo_class_function_in_has_css_select_5_2_0.png
Plotting 'runtime_ns' vs 'count_complex_selector_list_in_has' for './results/rq1/20261003-0136-css_select_known/run1/css_select_known/summary.csv-function_name/css_select_5_1_0':
Saved plot to ./results/rq1/20261003-0136-css_select_known/run1/css_select_known/plots/runtime_ns_vs_count_complex_selector_list_in_has_css_select_5_1_0.png
Plotting 'runtime_ns' vs 'count_complex_selector_list_in_has' for './results/rq1/20261003-0136-css_select_known/run1/css_select_known/summary.csv-function_name/css_select_5_2_0':
Saved plot to ./results/rq1/20261003-0136-css_select_known/run1/css_select_known/plots/runtime_ns_vs_count_complex_selector_list_in_has_css_select_5_2_0.png
For './results/rq1/20261003-0136-css_select_known/run1/css_select_known/summary.csv-function_name/css_select_5_1_0', feature 'count_complex_selector_list_in_has' and metric 'runtime_ns': dropped 230 of 268 rows (censored, non-positive metric, or zero feature).
For './results/rq1/20261003-0136-css_select_known/run1/css_select_known/summary.csv-function_name/css_select_5_1_0', feature 'count_complex_selector_list_in_has' and metric 'runtime_ns' the best fit is:
Best : Logarithmic: time = 6.2E+04 + 5.9E+04*log(n) (sec)           
Constant: time = 9.1E+04 (sec)                                  (res: 1.5)
Linear: time = 2.1E+04 + 4.1E+04*n (sec)                        (res: 0.028)
Quadratic: time = 4.9E+04 + 1.4E+04*n^2 (sec)                   (res: 0.028)
Cubic: time = 5.6E+04 + 5.8E+03*n^3 (sec)                       (res: 0.028)
Logarithmic: time = 6.2E+04 + 5.9E+04*log(n) (sec)              (res: 0.028)
Linearithmic: time = 6.2E+04 + 2.9E+04*n*log(n) (sec)           (res: 0.028)
Exponential: time = 3.8E+04 * 1.7^n (sec)                       (res: 0.029)

   [near-tie] within 10%: Quadratic, Linear, Linearithmic, Cubic, Logarithmic, Exponential -- chosen by the simplicity bias, not the data.
   [exponent] free-exponent fit: runtime_ns ~ count_complex_selector_list_in_has ** 0.73
Saved fit model plot to ./results/rq1/20261003-0136-css_select_known/run1/css_select_known/plots/fitmodel_runtime_ns_vs_count_complex_selector_list_in_has_css_select_5_1_0.png
For './results/rq1/20261003-0136-css_select_known/run1/css_select_known/summary.csv-function_name/css_select_5_2_0', feature 'count_complex_selector_list_in_has' and metric 'runtime_ns': dropped 229 of 268 rows (censored, non-positive metric, or zero feature).
For './results/rq1/20261003-0136-css_select_known/run1/css_select_known/summary.csv-function_name/css_select_5_2_0', feature 'count_complex_selector_list_in_has' and metric 'runtime_ns' the best fit is:
Best : Logarithmic: time = 9.4E+04 + 1.7E+04*log(n) (sec)           
Constant: time = 1E+05 (sec)                                    (res: 1.3)
Linear: time = 1E+05 + 2.6E+02*n (sec)                          (res: 1.3)
Quadratic: time = 1.1E+05 + -5.7E+02*n^2 (sec)                  (res: 1.2)
Cubic: time = 1.1E+05 + -1.3E+02*n^3 (sec)                      (res: 1.1)
Logarithmic: time = 9.4E+04 + 1.7E+04*log(n) (sec)              (res: 1.1)
Linearithmic: time = 1.1E+05 + -1.1E+03*n*log(n) (sec)          (res: 1.2)
Exponential: time = 1.1E+05 * 1^n (sec)                         (res: 1.3)

   [near-tie] within 10%: Logarithmic, Cubic -- chosen by the simplicity bias, not the data.
   [exponent] free-exponent fit: runtime_ns ~ count_complex_selector_list_in_has ** 0.23
Saved fit model plot to ./results/rq1/20261003-0136-css_select_known/run1/css_select_known/plots/fitmodel_runtime_ns_vs_count_complex_selector_list_in_has_css_select_5_2_0.png
Plotting 'runtime_ns' vs 'count_more_complex_selector_in_has' for './results/rq1/20261003-0136-css_select_known/run1/css_select_known/summary.csv-function_name/css_select_5_1_0':
Saved plot to ./results/rq1/20261003-0136-css_select_known/run1/css_select_known/plots/runtime_ns_vs_count_more_complex_selector_in_has_css_select_5_1_0.png
Plotting 'runtime_ns' vs 'count_more_complex_selector_in_has' for './results/rq1/20261003-0136-css_select_known/run1/css_select_known/summary.csv-function_name/css_select_5_2_0':
Saved plot to ./results/rq1/20261003-0136-css_select_known/run1/css_select_known/plots/runtime_ns_vs_count_more_complex_selector_in_has_css_select_5_2_0.png
For './results/rq1/20261003-0136-css_select_known/run1/css_select_known/summary.csv-function_name/css_select_5_1_0', feature 'count_more_complex_selector_in_has' and metric 'runtime_ns': dropped 235 of 268 rows (censored, non-positive metric, or zero feature).
For './results/rq1/20261003-0136-css_select_known/run1/css_select_known/summary.csv-function_name/css_select_5_1_0', feature 'count_more_complex_selector_in_has' and metric 'runtime_ns' the best fit is:
Best : Constant: time = 1E+05 (sec)                                 
Constant: time = 1E+05 (sec)                                    (res: 0.026)
Linear: time = 5.1E+04 + 5.1E+04*n (sec)                        (res: 0.026)
Quadratic: time = 5.1E+04 + 5.1E+04*n^2 (sec)                   (res: 0.026)
Cubic: time = 5.1E+04 + 5.1E+04*n^3 (sec)                       (res: 0.026)
Logarithmic: time = 1E+05 + 0*log(n) (sec)                      (res: 0.026)
Linearithmic: time = 1E+05 + 0*n*log(n) (sec)                   (res: 0.026)
Exponential: time = 3.2E+02 * 3.2E+02^n (sec)                   (res: 0.026)

   [near-tie] within 10%: Constant, Logarithmic, Linearithmic, Linear, Quadratic, Cubic, Exponential -- chosen by the simplicity bias, not the data.
   [exponent] free-exponent fit: runtime_ns ~ count_more_complex_selector_in_has ** 0.00
Saved fit model plot to ./results/rq1/20261003-0136-css_select_known/run1/css_select_known/plots/fitmodel_runtime_ns_vs_count_more_complex_selector_in_has_css_select_5_1_0.png
For './results/rq1/20261003-0136-css_select_known/run1/css_select_known/summary.csv-function_name/css_select_5_2_0', feature 'count_more_complex_selector_in_has' and metric 'runtime_ns': dropped 234 of 268 rows (censored, non-positive metric, or zero feature).
For './results/rq1/20261003-0136-css_select_known/run1/css_select_known/summary.csv-function_name/css_select_5_2_0', feature 'count_more_complex_selector_in_has' and metric 'runtime_ns' the best fit is:
Best : Constant: time = 1.1E+05 (sec)                               
Constant: time = 1.1E+05 (sec)                                  (res: 0.36)
Linear: time = 5.6E+04 + 5.6E+04*n (sec)                        (res: 0.36)
Quadratic: time = 5.6E+04 + 5.6E+04*n^2 (sec)                   (res: 0.36)
Cubic: time = 5.6E+04 + 5.6E+04*n^3 (sec)                       (res: 0.36)
Logarithmic: time = 1.1E+05 + 0*log(n) (sec)                    (res: 0.36)
Linearithmic: time = 1.1E+05 + 0*n*log(n) (sec)                 (res: 0.36)
Exponential: time = 3.4E+02 * 3.4E+02^n (sec)                   (res: 0.36)

   [near-tie] within 10%: Constant, Logarithmic, Linearithmic, Linear, Quadratic, Cubic, Exponential -- chosen by the simplicity bias, not the data.
   [exponent] free-exponent fit: runtime_ns ~ count_more_complex_selector_in_has ** 0.00
Saved fit model plot to ./results/rq1/20261003-0136-css_select_known/run1/css_select_known/plots/fitmodel_runtime_ns_vs_count_more_complex_selector_in_has_css_select_5_2_0.png
Plotting 'runtime_ns' vs 'count_node' for './results/rq1/20261003-0136-css_select_known/run1/css_select_known/summary.csv-function_name/css_select_5_1_0':
Saved plot to ./results/rq1/20261003-0136-css_select_known/run1/css_select_known/plots/runtime_ns_vs_count_node_css_select_5_1_0.png
Plotting 'runtime_ns' vs 'count_node' for './results/rq1/20261003-0136-css_select_known/run1/css_select_known/summary.csv-function_name/css_select_5_2_0':
Saved plot to ./results/rq1/20261003-0136-css_select_known/run1/css_select_known/plots/runtime_ns_vs_count_node_css_select_5_2_0.png
For './results/rq1/20261003-0136-css_select_known/run1/css_select_known/summary.csv-function_name/css_select_5_1_0', feature 'count_node' and metric 'runtime_ns': dropped 92 of 268 rows (censored, non-positive metric, or zero feature).
For './results/rq1/20261003-0136-css_select_known/run1/css_select_known/summary.csv-function_name/css_select_5_1_0', feature 'count_node' and metric 'runtime_ns' the best fit is:
Best : Constant: time = 1.5E+04 (sec)                               
Constant: time = 1.5E+04 (sec)                                  (res: 68)
Linear: time = 1.4E+04 + 2.6E+02*n (sec)                        (res: 67)
Quadratic: time = 1.5E+04 + 14*n^2 (sec)                        (res: 66)
Cubic: time = 1.5E+04 + 0.61*n^3 (sec)                          (res: 66)
Logarithmic: time = 1.4E+04 + 9.5E+02*log(n) (sec)              (res: 67)
Linearithmic: time = 1.4E+04 + 87*n*log(n) (sec)                (res: 67)
Exponential: time = 4.3E+04 * 0.96^n (sec)                      (res: 2.7E+02)

   [near-tie] within 10%: Quadratic, Cubic, Linearithmic, Linear, Logarithmic, Constant -- chosen by the simplicity bias, not the data.
   [exponent] free-exponent fit: runtime_ns ~ count_node ** -0.37
Saved fit model plot to ./results/rq1/20261003-0136-css_select_known/run1/css_select_known/plots/fitmodel_runtime_ns_vs_count_node_css_select_5_1_0.png
For './results/rq1/20261003-0136-css_select_known/run1/css_select_known/summary.csv-function_name/css_select_5_2_0', feature 'count_node' and metric 'runtime_ns': dropped 56 of 268 rows (censored, non-positive metric, or zero feature).
For './results/rq1/20261003-0136-css_select_known/run1/css_select_known/summary.csv-function_name/css_select_5_2_0', feature 'count_node' and metric 'runtime_ns' the best fit is:
Best : Constant: time = 1.8E+04 (sec)                               
Constant: time = 1.8E+04 (sec)                                  (res: 93)
Linear: time = 1.7E+04 + 2E+02*n (sec)                          (res: 93)
Quadratic: time = 1.7E+04 + 12*n^2 (sec)                        (res: 93)
Cubic: time = 1.8E+04 + 0.53*n^3 (sec)                          (res: 92)
Logarithmic: time = 1.8E+04 + 3.9E+02*log(n) (sec)              (res: 93)
Linearithmic: time = 1.7E+04 + 71*n*log(n) (sec)                (res: 93)
Exponential: time = 6.4E+04 * 0.94^n (sec)                      (res: 4.7E+02)

   [near-tie] within 10%: Cubic, Quadratic, Linearithmic, Linear, Logarithmic, Constant -- chosen by the simplicity bias, not the data.
   [exponent] free-exponent fit: runtime_ns ~ count_node ** -0.43
Saved fit model plot to ./results/rq1/20261003-0136-css_select_known/run1/css_select_known/plots/fitmodel_runtime_ns_vs_count_node_css_select_5_2_0.png
Plotting 'runtime_ns' vs 'count_phrasing_element' for './results/rq1/20261003-0136-css_select_known/run1/css_select_known/summary.csv-function_name/css_select_5_1_0':
Saved plot to ./results/rq1/20261003-0136-css_select_known/run1/css_select_known/plots/runtime_ns_vs_count_phrasing_element_css_select_5_1_0.png
Plotting 'runtime_ns' vs 'count_phrasing_element' for './results/rq1/20261003-0136-css_select_known/run1/css_select_known/summary.csv-function_name/css_select_5_2_0':
Saved plot to ./results/rq1/20261003-0136-css_select_known/run1/css_select_known/plots/runtime_ns_vs_count_phrasing_element_css_select_5_2_0.png
For './results/rq1/20261003-0136-css_select_known/run1/css_select_known/summary.csv-function_name/css_select_5_1_0', feature 'count_phrasing_element' and metric 'runtime_ns': dropped 182 of 268 rows (censored, non-positive metric, or zero feature).
For './results/rq1/20261003-0136-css_select_known/run1/css_select_known/summary.csv-function_name/css_select_5_1_0', feature 'count_phrasing_element' and metric 'runtime_ns' the best fit is:
Best : Constant: time = 1.6E+04 (sec)                               
Constant: time = 1.6E+04 (sec)                                  (res: 24)
Linear: time = 1.4E+04 + 2.9E+02*n (sec)                        (res: 23)
Quadratic: time = 1.5E+04 + 12*n^2 (sec)                        (res: 23)
Cubic: time = 1.6E+04 + 0.37*n^3 (sec)                          (res: 23)
Logarithmic: time = 1.5E+04 + 1.2E+03*log(n) (sec)              (res: 24)
Linearithmic: time = 1.5E+04 + 92*n*log(n) (sec)                (res: 23)
Exponential: time = 2.8E+04 * 1^n (sec)                         (res: 57)

   [near-tie] within 10%: Cubic, Quadratic, Linearithmic, Linear, Logarithmic, Constant -- chosen by the simplicity bias, not the data.
   [exponent] free-exponent fit: runtime_ns ~ count_phrasing_element ** -0.14
Saved fit model plot to ./results/rq1/20261003-0136-css_select_known/run1/css_select_known/plots/fitmodel_runtime_ns_vs_count_phrasing_element_css_select_5_1_0.png
For './results/rq1/20261003-0136-css_select_known/run1/css_select_known/summary.csv-function_name/css_select_5_2_0', feature 'count_phrasing_element' and metric 'runtime_ns': dropped 176 of 268 rows (censored, non-positive metric, or zero feature).
For './results/rq1/20261003-0136-css_select_known/run1/css_select_known/summary.csv-function_name/css_select_5_2_0', feature 'count_phrasing_element' and metric 'runtime_ns' the best fit is:
Best : Constant: time = 1.9E+04 (sec)                               
Constant: time = 1.9E+04 (sec)                                  (res: 27)
Linear: time = 1.7E+04 + 2.3E+02*n (sec)                        (res: 27)
Quadratic: time = 1.8E+04 + 12*n^2 (sec)                        (res: 27)
Cubic: time = 1.8E+04 + 0.43*n^3 (sec)                          (res: 26)
Logarithmic: time = 1.8E+04 + 4E+02*log(n) (sec)                (res: 27)
Linearithmic: time = 1.7E+04 + 79*n*log(n) (sec)                (res: 27)
Exponential: time = 3.5E+04 * 0.99^n (sec)                      (res: 75)

   [near-tie] within 10%: Cubic, Quadratic, Linearithmic, Linear, Logarithmic, Constant -- chosen by the simplicity bias, not the data.
   [exponent] free-exponent fit: runtime_ns ~ count_phrasing_element ** -0.21
Saved fit model plot to ./results/rq1/20261003-0136-css_select_known/run1/css_select_known/plots/fitmodel_runtime_ns_vs_count_phrasing_element_css_select_5_2_0.png
Plotting 'runtime_ns' vs 'count_em' for './results/rq1/20261003-0136-css_select_known/run1/css_select_known/summary.csv-function_name/css_select_5_1_0':
Saved plot to ./results/rq1/20261003-0136-css_select_known/run1/css_select_known/plots/runtime_ns_vs_count_em_css_select_5_1_0.png
Plotting 'runtime_ns' vs 'count_em' for './results/rq1/20261003-0136-css_select_known/run1/css_select_known/summary.csv-function_name/css_select_5_2_0':
Saved plot to ./results/rq1/20261003-0136-css_select_known/run1/css_select_known/plots/runtime_ns_vs_count_em_css_select_5_2_0.png
For './results/rq1/20261003-0136-css_select_known/run1/css_select_known/summary.csv-function_name/css_select_5_1_0', feature 'count_em' and metric 'runtime_ns': dropped 200 of 268 rows (censored, non-positive metric, or zero feature).
For './results/rq1/20261003-0136-css_select_known/run1/css_select_known/summary.csv-function_name/css_select_5_1_0', feature 'count_em' and metric 'runtime_ns' the best fit is:
Best : Constant: time = 1.6E+04 (sec)                               
Constant: time = 1.6E+04 (sec)                                  (res: 21)
Linear: time = 1.4E+04 + 9.7E+02*n (sec)                        (res: 21)
Quadratic: time = 1.5E+04 + 1.1E+02*n^2 (sec)                   (res: 20)
Cubic: time = 1.5E+04 + 9.7*n^3 (sec)                           (res: 20)
Logarithmic: time = 1.4E+04 + 2.5E+03*log(n) (sec)              (res: 21)
Linearithmic: time = 1.5E+04 + 4.2E+02*n*log(n) (sec)           (res: 20)
Exponential: time = 3E+04 * 1^n (sec)                           (res: 55)

   [near-tie] within 10%: Cubic, Quadratic, Linearithmic, Linear, Logarithmic, Constant -- chosen by the simplicity bias, not the data.
   [exponent] free-exponent fit: runtime_ns ~ count_em ** -0.09
Saved fit model plot to ./results/rq1/20261003-0136-css_select_known/run1/css_select_known/plots/fitmodel_runtime_ns_vs_count_em_css_select_5_1_0.png
For './results/rq1/20261003-0136-css_select_known/run1/css_select_known/summary.csv-function_name/css_select_5_2_0', feature 'count_em' and metric 'runtime_ns': dropped 199 of 268 rows (censored, non-positive metric, or zero feature).
For './results/rq1/20261003-0136-css_select_known/run1/css_select_known/summary.csv-function_name/css_select_5_2_0', feature 'count_em' and metric 'runtime_ns' the best fit is:
Best : Constant: time = 1.9E+04 (sec)                               
Constant: time = 1.9E+04 (sec)                                  (res: 21)
Linear: time = 1.7E+04 + 7.7E+02*n (sec)                        (res: 20)
Quadratic: time = 1.7E+04 + 1.1E+02*n^2 (sec)                   (res: 20)
Cubic: time = 1.8E+04 + 11*n^3 (sec)                            (res: 20)
Logarithmic: time = 1.8E+04 + 1.4E+03*log(n) (sec)              (res: 21)
Linearithmic: time = 1.7E+04 + 3.7E+02*n*log(n) (sec)           (res: 20)
Exponential: time = 3.4E+04 * 1^n (sec)                         (res: 55)

   [near-tie] within 10%: Cubic, Quadratic, Linearithmic, Linear, Logarithmic, Constant -- chosen by the simplicity bias, not the data.
   [exponent] free-exponent fit: runtime_ns ~ count_em ** -0.11
Saved fit model plot to ./results/rq1/20261003-0136-css_select_known/run1/css_select_known/plots/fitmodel_runtime_ns_vs_count_em_css_select_5_2_0.png
Plotting 'runtime_ns' vs 'count_phrasing_content' for './results/rq1/20261003-0136-css_select_known/run1/css_select_known/summary.csv-function_name/css_select_5_1_0':
Saved plot to ./results/rq1/20261003-0136-css_select_known/run1/css_select_known/plots/runtime_ns_vs_count_phrasing_content_css_select_5_1_0.png
Plotting 'runtime_ns' vs 'count_phrasing_content' for './results/rq1/20261003-0136-css_select_known/run1/css_select_known/summary.csv-function_name/css_select_5_2_0':
Saved plot to ./results/rq1/20261003-0136-css_select_known/run1/css_select_known/plots/runtime_ns_vs_count_phrasing_content_css_select_5_2_0.png
For './results/rq1/20261003-0136-css_select_known/run1/css_select_known/summary.csv-function_name/css_select_5_1_0', feature 'count_phrasing_content' and metric 'runtime_ns': dropped 196 of 268 rows (censored, non-positive metric, or zero feature).
For './results/rq1/20261003-0136-css_select_known/run1/css_select_known/summary.csv-function_name/css_select_5_1_0', feature 'count_phrasing_content' and metric 'runtime_ns' the best fit is:
Best : Constant: time = 1.6E+04 (sec)                               
Constant: time = 1.6E+04 (sec)                                  (res: 18)
Linear: time = 1.3E+04 + 8E+02*n (sec)                          (res: 16)
Quadratic: time = 1.4E+04 + 61*n^2 (sec)                        (res: 16)
Cubic: time = 1.5E+04 + 4.6*n^3 (sec)                           (res: 16)
Logarithmic: time = 1.3E+04 + 3E+03*log(n) (sec)                (res: 16)
Linearithmic: time = 1.4E+04 + 3E+02*n*log(n) (sec)             (res: 16)
Exponential: time = 2.3E+04 * 1^n (sec)                         (res: 32)

   [near-tie] within 10%: Linear, Linearithmic, Logarithmic, Quadratic, Cubic, Constant -- chosen by the simplicity bias, not the data.
   [exponent] free-exponent fit: runtime_ns ~ count_phrasing_content ** 0.03
Saved fit model plot to ./results/rq1/20261003-0136-css_select_known/run1/css_select_known/plots/fitmodel_runtime_ns_vs_count_phrasing_content_css_select_5_1_0.png
For './results/rq1/20261003-0136-css_select_known/run1/css_select_known/summary.csv-function_name/css_select_5_2_0', feature 'count_phrasing_content' and metric 'runtime_ns': dropped 193 of 268 rows (censored, non-positive metric, or zero feature).
For './results/rq1/20261003-0136-css_select_known/run1/css_select_known/summary.csv-function_name/css_select_5_2_0', feature 'count_phrasing_content' and metric 'runtime_ns' the best fit is:
Best : Constant: time = 1.8E+04 (sec)                               
Constant: time = 1.8E+04 (sec)                                  (res: 19)
Linear: time = 1.5E+04 + 7.3E+02*n (sec)                        (res: 18)
Quadratic: time = 1.6E+04 + 58*n^2 (sec)                        (res: 18)
Cubic: time = 1.7E+04 + 4.5*n^3 (sec)                           (res: 18)
Logarithmic: time = 1.5E+04 + 2.8E+03*log(n) (sec)              (res: 18)
Linearithmic: time = 1.6E+04 + 2.7E+02*n*log(n) (sec)           (res: 18)
Exponential: time = 2.7E+04 * 1^n (sec)                         (res: 39)

   [near-tie] within 10%: Linear, Linearithmic, Quadratic, Logarithmic, Cubic, Constant -- chosen by the simplicity bias, not the data.
   [exponent] free-exponent fit: runtime_ns ~ count_phrasing_content ** 0.02
Saved fit model plot to ./results/rq1/20261003-0136-css_select_known/run1/css_select_known/plots/fitmodel_runtime_ns_vs_count_phrasing_content_css_select_5_2_0.png
Plotting 'runtime_ns' vs 'count_text_run' for './results/rq1/20261003-0136-css_select_known/run1/css_select_known/summary.csv-function_name/css_select_5_1_0':
Saved plot to ./results/rq1/20261003-0136-css_select_known/run1/css_select_known/plots/runtime_ns_vs_count_text_run_css_select_5_1_0.png
Plotting 'runtime_ns' vs 'count_text_run' for './results/rq1/20261003-0136-css_select_known/run1/css_select_known/summary.csv-function_name/css_select_5_2_0':
Saved plot to ./results/rq1/20261003-0136-css_select_known/run1/css_select_known/plots/runtime_ns_vs_count_text_run_css_select_5_2_0.png
For './results/rq1/20261003-0136-css_select_known/run1/css_select_known/summary.csv-function_name/css_select_5_1_0', feature 'count_text_run' and metric 'runtime_ns': dropped 115 of 268 rows (censored, non-positive metric, or zero feature).
For './results/rq1/20261003-0136-css_select_known/run1/css_select_known/summary.csv-function_name/css_select_5_1_0', feature 'count_text_run' and metric 'runtime_ns' the best fit is:
Best : Constant: time = 1.7E+04 (sec)                               
Constant: time = 1.7E+04 (sec)                                  (res: 52)
Linear: time = 1.5E+04 + 1.1E+02*n (sec)                        (res: 50)
Quadratic: time = 1.5E+04 + 2.9*n^2 (sec)                       (res: 49)
Cubic: time = 1.6E+04 + 0.048*n^3 (sec)                         (res: 49)
Logarithmic: time = 1.7E+04 + -1E+02*log(n) (sec)               (res: 52)
Linearithmic: time = 1.5E+04 + 33*n*log(n) (sec)                (res: 50)
Exponential: time = 3.8E+04 * 0.99^n (sec)                      (res: 1.6E+02)

   [near-tie] within 10%: Cubic, Quadratic, Linearithmic, Linear, Logarithmic, Constant -- chosen by the simplicity bias, not the data.
   [exponent] free-exponent fit: runtime_ns ~ count_text_run ** -0.25
Saved fit model plot to ./results/rq1/20261003-0136-css_select_known/run1/css_select_known/plots/fitmodel_runtime_ns_vs_count_text_run_css_select_5_1_0.png
For './results/rq1/20261003-0136-css_select_known/run1/css_select_known/summary.csv-function_name/css_select_5_2_0', feature 'count_text_run' and metric 'runtime_ns': dropped 82 of 268 rows (censored, non-positive metric, or zero feature).
For './results/rq1/20261003-0136-css_select_known/run1/css_select_known/summary.csv-function_name/css_select_5_2_0', feature 'count_text_run' and metric 'runtime_ns' the best fit is:
Best : Constant: time = 1.9E+04 (sec)                               
Constant: time = 1.9E+04 (sec)                                  (res: 76)
Linear: time = 1.8E+04 + 92*n (sec)                             (res: 76)
Quadratic: time = 1.8E+04 + 3*n^2 (sec)                         (res: 74)
Cubic: time = 1.8E+04 + 0.056*n^3 (sec)                         (res: 73)
Logarithmic: time = 2E+04 + -4.5E+02*log(n) (sec)               (res: 76)
Linearithmic: time = 1.8E+04 + 29*n*log(n) (sec)                (res: 75)
Exponential: time = 5.8E+04 * 0.99^n (sec)                      (res: 3.3E+02)

   [near-tie] within 10%: Cubic, Quadratic, Linearithmic, Linear, Logarithmic, Constant -- chosen by the simplicity bias, not the data.
   [exponent] free-exponent fit: runtime_ns ~ count_text_run ** -0.33
Saved fit model plot to ./results/rq1/20261003-0136-css_select_known/run1/css_select_known/plots/fitmodel_runtime_ns_vs_count_text_run_css_select_5_2_0.png
Plotting 'runtime_ns' vs 'count_tchar' for './results/rq1/20261003-0136-css_select_known/run1/css_select_known/summary.csv-function_name/css_select_5_1_0':
Saved plot to ./results/rq1/20261003-0136-css_select_known/run1/css_select_known/plots/runtime_ns_vs_count_tchar_css_select_5_1_0.png
Plotting 'runtime_ns' vs 'count_tchar' for './results/rq1/20261003-0136-css_select_known/run1/css_select_known/summary.csv-function_name/css_select_5_2_0':
Saved plot to ./results/rq1/20261003-0136-css_select_known/run1/css_select_known/plots/runtime_ns_vs_count_tchar_css_select_5_2_0.png
For './results/rq1/20261003-0136-css_select_known/run1/css_select_known/summary.csv-function_name/css_select_5_1_0', feature 'count_tchar' and metric 'runtime_ns': dropped 115 of 268 rows (censored, non-positive metric, or zero feature).
For './results/rq1/20261003-0136-css_select_known/run1/css_select_known/summary.csv-function_name/css_select_5_1_0', feature 'count_tchar' and metric 'runtime_ns' the best fit is:
Best : Constant: time = 1.7E+04 (sec)                               
Constant: time = 1.7E+04 (sec)                                  (res: 52)
Linear: time = 1.6E+04 + 1.9*n (sec)                            (res: 51)
Quadratic: time = 1.7E+04 + 0.00044*n^2 (sec)                   (res: 51)
Cubic: time = 1.7E+04 + 9.3E-08*n^3 (sec)                       (res: 51)
Logarithmic: time = 1.6E+04 + 1.6E+02*log(n) (sec)              (res: 52)
Linearithmic: time = 1.6E+04 + 0.23*n*log(n) (sec)              (res: 51)
Exponential: time = 3.4E+04 * 1^n (sec)                         (res: 1.5E+02)

   [near-tie] within 10%: Linear, Linearithmic, Quadratic, Cubic, Logarithmic, Constant -- chosen by the simplicity bias, not the data.
   [exponent] free-exponent fit: runtime_ns ~ count_tchar ** -0.17
Saved fit model plot to ./results/rq1/20261003-0136-css_select_known/run1/css_select_known/plots/fitmodel_runtime_ns_vs_count_tchar_css_select_5_1_0.png
For './results/rq1/20261003-0136-css_select_known/run1/css_select_known/summary.csv-function_name/css_select_5_2_0', feature 'count_tchar' and metric 'runtime_ns': dropped 82 of 268 rows (censored, non-positive metric, or zero feature).
For './results/rq1/20261003-0136-css_select_known/run1/css_select_known/summary.csv-function_name/css_select_5_2_0', feature 'count_tchar' and metric 'runtime_ns' the best fit is:
Best : Constant: time = 1.9E+04 (sec)                               
Constant: time = 1.9E+04 (sec)                                  (res: 76)
Linear: time = 1.9E+04 + 2.1*n (sec)                            (res: 76)
Quadratic: time = 1.9E+04 + 0.0005*n^2 (sec)                    (res: 76)
Cubic: time = 1.9E+04 + 1E-07*n^3 (sec)                         (res: 76)
Logarithmic: time = 2.1E+04 + -3.6E+02*log(n) (sec)             (res: 76)
Linearithmic: time = 1.9E+04 + 0.26*n*log(n) (sec)              (res: 76)
Exponential: time = 4.9E+04 * 1^n (sec)                         (res: 3.2E+02)

   [near-tie] within 10%: Linearithmic, Linear, Quadratic, Cubic, Logarithmic, Constant -- chosen by the simplicity bias, not the data.
   [exponent] free-exponent fit: runtime_ns ~ count_tchar ** -0.26
Saved fit model plot to ./results/rq1/20261003-0136-css_select_known/run1/css_select_known/plots/fitmodel_runtime_ns_vs_count_tchar_css_select_5_2_0.png
Plotting 'runtime_ns' vs 'count_phrasing_item' for './results/rq1/20261003-0136-css_select_known/run1/css_select_known/summary.csv-function_name/css_select_5_1_0':
Saved plot to ./results/rq1/20261003-0136-css_select_known/run1/css_select_known/plots/runtime_ns_vs_count_phrasing_item_css_select_5_1_0.png
Plotting 'runtime_ns' vs 'count_phrasing_item' for './results/rq1/20261003-0136-css_select_known/run1/css_select_known/summary.csv-function_name/css_select_5_2_0':
Saved plot to ./results/rq1/20261003-0136-css_select_known/run1/css_select_known/plots/runtime_ns_vs_count_phrasing_item_css_select_5_2_0.png
For './results/rq1/20261003-0136-css_select_known/run1/css_select_known/summary.csv-function_name/css_select_5_1_0', feature 'count_phrasing_item' and metric 'runtime_ns': dropped 205 of 268 rows (censored, non-positive metric, or zero feature).
For './results/rq1/20261003-0136-css_select_known/run1/css_select_known/summary.csv-function_name/css_select_5_1_0', feature 'count_phrasing_item' and metric 'runtime_ns' the best fit is:
Best : Logarithmic: time = 1.2E+04 + 1.6E+03*log(n) (sec)           
Constant: time = 1.6E+04 (sec)                                  (res: 14)
Linear: time = 1.4E+04 + 1.5E+02*n (sec)                        (res: 12)
Quadratic: time = 1.5E+04 + 2.1*n^2 (sec)                       (res: 12)
Cubic: time = 1.5E+04 + 0.025*n^3 (sec)                         (res: 12)
Logarithmic: time = 1.2E+04 + 1.6E+03*log(n) (sec)              (res: 13)
Linearithmic: time = 1.4E+04 + 35*n*log(n) (sec)                (res: 12)
Exponential: time = 2E+04 * 1^n (sec)                           (res: 21)

   [near-tie] within 10%: Quadratic, Linearithmic, Cubic, Linear, Logarithmic -- chosen by the simplicity bias, not the data.
   [exponent] free-exponent fit: runtime_ns ~ count_phrasing_item ** 0.09
Saved fit model plot to ./results/rq1/20261003-0136-css_select_known/run1/css_select_known/plots/fitmodel_runtime_ns_vs_count_phrasing_item_css_select_5_1_0.png
For './results/rq1/20261003-0136-css_select_known/run1/css_select_known/summary.csv-function_name/css_select_5_2_0', feature 'count_phrasing_item' and metric 'runtime_ns': dropped 203 of 268 rows (censored, non-positive metric, or zero feature).
For './results/rq1/20261003-0136-css_select_known/run1/css_select_known/summary.csv-function_name/css_select_5_2_0', feature 'count_phrasing_item' and metric 'runtime_ns' the best fit is:
Best : Constant: time = 1.8E+04 (sec)                               
Constant: time = 1.8E+04 (sec)                                  (res: 14)
Linear: time = 1.6E+04 + 1.3E+02*n (sec)                        (res: 14)
Quadratic: time = 1.7E+04 + 2.1*n^2 (sec)                       (res: 13)
Cubic: time = 1.7E+04 + 0.028*n^3 (sec)                         (res: 13)
Logarithmic: time = 1.5E+04 + 1.3E+03*log(n) (sec)              (res: 14)
Linearithmic: time = 1.6E+04 + 32*n*log(n) (sec)                (res: 14)
Exponential: time = 2.4E+04 * 1^n (sec)                         (res: 25)

   [near-tie] within 10%: Cubic, Quadratic, Linearithmic, Linear, Logarithmic, Constant -- chosen by the simplicity bias, not the data.
   [exponent] free-exponent fit: runtime_ns ~ count_phrasing_item ** 0.06
Saved fit model plot to ./results/rq1/20261003-0136-css_select_known/run1/css_select_known/plots/fitmodel_runtime_ns_vs_count_phrasing_item_css_select_5_2_0.png
Plotting 'runtime_ns' vs 'count_input' for './results/rq1/20261003-0136-css_select_known/run1/css_select_known/summary.csv-function_name/css_select_5_1_0':
Saved plot to ./results/rq1/20261003-0136-css_select_known/run1/css_select_known/plots/runtime_ns_vs_count_input_css_select_5_1_0.png
Plotting 'runtime_ns' vs 'count_input' for './results/rq1/20261003-0136-css_select_known/run1/css_select_known/summary.csv-function_name/css_select_5_2_0':
Saved plot to ./results/rq1/20261003-0136-css_select_known/run1/css_select_known/plots/runtime_ns_vs_count_input_css_select_5_2_0.png
For './results/rq1/20261003-0136-css_select_known/run1/css_select_known/summary.csv-function_name/css_select_5_1_0', feature 'count_input' and metric 'runtime_ns': dropped 132 of 268 rows (censored, non-positive metric, or zero feature).
For './results/rq1/20261003-0136-css_select_known/run1/css_select_known/summary.csv-function_name/css_select_5_1_0', feature 'count_input' and metric 'runtime_ns' the best fit is:
Best : Constant: time = 1.8E+04 (sec)                               
Constant: time = 1.8E+04 (sec)                                  (res: 46)
Linear: time = 1.6E+04 + 2.2E+02*n (sec)                        (res: 45)
Quadratic: time = 1.6E+04 + 14*n^2 (sec)                        (res: 45)
Cubic: time = 1.7E+04 + 0.66*n^3 (sec)                          (res: 44)
Logarithmic: time = 1.6E+04 + 6.8E+02*log(n) (sec)              (res: 46)
Linearithmic: time = 1.6E+04 + 80*n*log(n) (sec)                (res: 45)
Exponential: time = 4.1E+04 * 0.98^n (sec)                      (res: 1.4E+02)

   [near-tie] within 10%: Cubic, Quadratic, Linearithmic, Linear, Logarithmic, Constant -- chosen by the simplicity bias, not the data.
   [exponent] free-exponent fit: runtime_ns ~ count_input ** -0.21
Saved fit model plot to ./results/rq1/20261003-0136-css_select_known/run1/css_select_known/plots/fitmodel_runtime_ns_vs_count_input_css_select_5_1_0.png
For './results/rq1/20261003-0136-css_select_known/run1/css_select_known/summary.csv-function_name/css_select_5_2_0', feature 'count_input' and metric 'runtime_ns': dropped 128 of 268 rows (censored, non-positive metric, or zero feature).
For './results/rq1/20261003-0136-css_select_known/run1/css_select_known/summary.csv-function_name/css_select_5_2_0', feature 'count_input' and metric 'runtime_ns' the best fit is:
Best : Constant: time = 2E+04 (sec)                                 
Constant: time = 2E+04 (sec)                                    (res: 48)
Linear: time = 1.8E+04 + 1.9E+02*n (sec)                        (res: 48)
Quadratic: time = 1.8E+04 + 14*n^2 (sec)                        (res: 47)
Cubic: time = 1.9E+04 + 0.71*n^3 (sec)                          (res: 47)
Logarithmic: time = 1.9E+04 + 3E+02*log(n) (sec)                (res: 48)
Linearithmic: time = 1.8E+04 + 73*n*log(n) (sec)                (res: 47)
Exponential: time = 4.7E+04 * 0.98^n (sec)                      (res: 1.5E+02)

   [near-tie] within 10%: Cubic, Quadratic, Linearithmic, Linear, Logarithmic, Constant -- chosen by the simplicity bias, not the data.
   [exponent] free-exponent fit: runtime_ns ~ count_input ** -0.20
Saved fit model plot to ./results/rq1/20261003-0136-css_select_known/run1/css_select_known/plots/fitmodel_runtime_ns_vs_count_input_css_select_5_2_0.png
Plotting 'runtime_ns' vs 'count_type_attr' for './results/rq1/20261003-0136-css_select_known/run1/css_select_known/summary.csv-function_name/css_select_5_1_0':
Saved plot to ./results/rq1/20261003-0136-css_select_known/run1/css_select_known/plots/runtime_ns_vs_count_type_attr_css_select_5_1_0.png
Plotting 'runtime_ns' vs 'count_type_attr' for './results/rq1/20261003-0136-css_select_known/run1/css_select_known/summary.csv-function_name/css_select_5_2_0':
Saved plot to ./results/rq1/20261003-0136-css_select_known/run1/css_select_known/plots/runtime_ns_vs_count_type_attr_css_select_5_2_0.png
For './results/rq1/20261003-0136-css_select_known/run1/css_select_known/summary.csv-function_name/css_select_5_1_0', feature 'count_type_attr' and metric 'runtime_ns': dropped 143 of 268 rows (censored, non-positive metric, or zero feature).
For './results/rq1/20261003-0136-css_select_known/run1/css_select_known/summary.csv-function_name/css_select_5_1_0', feature 'count_type_attr' and metric 'runtime_ns' the best fit is:
Best : Constant: time = 1.7E+04 (sec)                               
Constant: time = 1.7E+04 (sec)                                  (res: 44)
Linear: time = 1.5E+04 + 5.9E+02*n (sec)                        (res: 43)
Quadratic: time = 1.6E+04 + 42*n^2 (sec)                        (res: 43)
Cubic: time = 1.7E+04 + 2.9*n^3 (sec)                           (res: 43)
Logarithmic: time = 1.5E+04 + 2.5E+03*log(n) (sec)              (res: 43)
Linearithmic: time = 1.6E+04 + 2.1E+02*n*log(n) (sec)           (res: 43)
Exponential: time = 4.3E+04 * 0.95^n (sec)                      (res: 1.5E+02)

   [near-tie] within 10%: Linear, Logarithmic, Linearithmic, Quadratic, Cubic, Constant -- chosen by the simplicity bias, not the data.
   [exponent] free-exponent fit: runtime_ns ~ count_type_attr ** -0.12
Saved fit model plot to ./results/rq1/20261003-0136-css_select_known/run1/css_select_known/plots/fitmodel_runtime_ns_vs_count_type_attr_css_select_5_1_0.png
For './results/rq1/20261003-0136-css_select_known/run1/css_select_known/summary.csv-function_name/css_select_5_2_0', feature 'count_type_attr' and metric 'runtime_ns': dropped 139 of 268 rows (censored, non-positive metric, or zero feature).
For './results/rq1/20261003-0136-css_select_known/run1/css_select_known/summary.csv-function_name/css_select_5_2_0', feature 'count_type_attr' and metric 'runtime_ns' the best fit is:
Best : Constant: time = 2E+04 (sec)                                 
Constant: time = 2E+04 (sec)                                    (res: 46)
Linear: time = 1.7E+04 + 5.5E+02*n (sec)                        (res: 45)
Quadratic: time = 1.9E+04 + 41*n^2 (sec)                        (res: 45)
Cubic: time = 1.9E+04 + 3*n^3 (sec)                             (res: 46)
Logarithmic: time = 1.7E+04 + 2.1E+03*log(n) (sec)              (res: 45)
Linearithmic: time = 1.8E+04 + 2E+02*n*log(n) (sec)             (res: 45)
Exponential: time = 4.9E+04 * 0.96^n (sec)                      (res: 1.6E+02)

   [near-tie] within 10%: Linear, Linearithmic, Quadratic, Logarithmic, Cubic, Constant -- chosen by the simplicity bias, not the data.
   [exponent] free-exponent fit: runtime_ns ~ count_type_attr ** -0.13
Saved fit model plot to ./results/rq1/20261003-0136-css_select_known/run1/css_select_known/plots/fitmodel_runtime_ns_vs_count_type_attr_css_select_5_2_0.png
Plotting 'runtime_ns' vs 'count_b' for './results/rq1/20261003-0136-css_select_known/run1/css_select_known/summary.csv-function_name/css_select_5_1_0':
Saved plot to ./results/rq1/20261003-0136-css_select_known/run1/css_select_known/plots/runtime_ns_vs_count_b_css_select_5_1_0.png
Plotting 'runtime_ns' vs 'count_b' for './results/rq1/20261003-0136-css_select_known/run1/css_select_known/summary.csv-function_name/css_select_5_2_0':
Saved plot to ./results/rq1/20261003-0136-css_select_known/run1/css_select_known/plots/runtime_ns_vs_count_b_css_select_5_2_0.png
For './results/rq1/20261003-0136-css_select_known/run1/css_select_known/summary.csv-function_name/css_select_5_1_0', feature 'count_b' and metric 'runtime_ns': dropped 209 of 268 rows (censored, non-positive metric, or zero feature).
For './results/rq1/20261003-0136-css_select_known/run1/css_select_known/summary.csv-function_name/css_select_5_1_0', feature 'count_b' and metric 'runtime_ns' the best fit is:
Best : Constant: time = 1.6E+04 (sec)                               
Constant: time = 1.6E+04 (sec)                                  (res: 11)
Linear: time = 1.4E+04 + 7.1E+02*n (sec)                        (res: 11)
Quadratic: time = 1.5E+04 + 78*n^2 (sec)                        (res: 10)
Cubic: time = 1.6E+04 + 6*n^3 (sec)                             (res: 10)
Logarithmic: time = 1.5E+04 + 1.6E+03*log(n) (sec)              (res: 11)
Linearithmic: time = 1.5E+04 + 3.2E+02*n*log(n) (sec)           (res: 11)
Exponential: time = 2E+04 * 1^n (sec)                           (res: 17)

   [near-tie] within 10%: Quadratic, Cubic, Linearithmic, Linear, Logarithmic, Constant -- chosen by the simplicity bias, not the data.
   [exponent] free-exponent fit: runtime_ns ~ count_b ** 0.12
Saved fit model plot to ./results/rq1/20261003-0136-css_select_known/run1/css_select_known/plots/fitmodel_runtime_ns_vs_count_b_css_select_5_1_0.png
For './results/rq1/20261003-0136-css_select_known/run1/css_select_known/summary.csv-function_name/css_select_5_2_0', feature 'count_b' and metric 'runtime_ns': dropped 204 of 268 rows (censored, non-positive metric, or zero feature).
For './results/rq1/20261003-0136-css_select_known/run1/css_select_known/summary.csv-function_name/css_select_5_2_0', feature 'count_b' and metric 'runtime_ns' the best fit is:
Best : Constant: time = 1.9E+04 (sec)                               
Constant: time = 1.9E+04 (sec)                                  (res: 14)
Linear: time = 1.7E+04 + 6.5E+02*n (sec)                        (res: 14)
Quadratic: time = 1.7E+04 + 81*n^2 (sec)                        (res: 14)
Cubic: time = 1.8E+04 + 7.1*n^3 (sec)                           (res: 13)
Logarithmic: time = 1.8E+04 + 1.4E+03*log(n) (sec)              (res: 14)
Linearithmic: time = 1.7E+04 + 3E+02*n*log(n) (sec)             (res: 14)
Exponential: time = 2.8E+04 * 1^n (sec)                         (res: 30)

   [near-tie] within 10%: Cubic, Quadratic, Linearithmic, Linear, Logarithmic, Constant -- chosen by the simplicity bias, not the data.
   [exponent] free-exponent fit: runtime_ns ~ count_b ** -0.03
Saved fit model plot to ./results/rq1/20261003-0136-css_select_known/run1/css_select_known/plots/fitmodel_runtime_ns_vs_count_b_css_select_5_2_0.png
Plotting 'runtime_ns' vs 'count_span' for './results/rq1/20261003-0136-css_select_known/run1/css_select_known/summary.csv-function_name/css_select_5_1_0':
Saved plot to ./results/rq1/20261003-0136-css_select_known/run1/css_select_known/plots/runtime_ns_vs_count_span_css_select_5_1_0.png
Plotting 'runtime_ns' vs 'count_span' for './results/rq1/20261003-0136-css_select_known/run1/css_select_known/summary.csv-function_name/css_select_5_2_0':
Saved plot to ./results/rq1/20261003-0136-css_select_known/run1/css_select_known/plots/runtime_ns_vs_count_span_css_select_5_2_0.png
For './results/rq1/20261003-0136-css_select_known/run1/css_select_known/summary.csv-function_name/css_select_5_1_0', feature 'count_span' and metric 'runtime_ns': dropped 214 of 268 rows (censored, non-positive metric, or zero feature).
For './results/rq1/20261003-0136-css_select_known/run1/css_select_known/summary.csv-function_name/css_select_5_1_0', feature 'count_span' and metric 'runtime_ns' the best fit is:
Best : Logarithmic: time = 1.4E+04 + 3.5E+03*log(n) (sec)           
Constant: time = 1.6E+04 (sec)                                  (res: 12)
Linear: time = 1.3E+04 + 1E+03*n (sec)                          (res: 11)
Quadratic: time = 1.5E+04 + 86*n^2 (sec)                        (res: 10)
Cubic: time = 1.6E+04 + 6.1*n^3 (sec)                           (res: 10)
Logarithmic: time = 1.4E+04 + 3.5E+03*log(n) (sec)              (res: 10)
Linearithmic: time = 1.5E+04 + 3.9E+02*n*log(n) (sec)           (res: 11)
Exponential: time = 2.1E+04 * 1^n (sec)                         (res: 18)

   [near-tie] within 10%: Cubic, Quadratic, Logarithmic, Linear, Linearithmic -- chosen by the simplicity bias, not the data.
   [exponent] free-exponent fit: runtime_ns ~ count_span ** 0.16
Saved fit model plot to ./results/rq1/20261003-0136-css_select_known/run1/css_select_known/plots/fitmodel_runtime_ns_vs_count_span_css_select_5_1_0.png
For './results/rq1/20261003-0136-css_select_known/run1/css_select_known/summary.csv-function_name/css_select_5_2_0', feature 'count_span' and metric 'runtime_ns': dropped 213 of 268 rows (censored, non-positive metric, or zero feature).
For './results/rq1/20261003-0136-css_select_known/run1/css_select_known/summary.csv-function_name/css_select_5_2_0', feature 'count_span' and metric 'runtime_ns' the best fit is:
Best : Logarithmic: time = 1.6E+04 + 3E+03*log(n) (sec)             
Constant: time = 1.8E+04 (sec)                                  (res: 12)
Linear: time = 1.5E+04 + 9.1E+02*n (sec)                        (res: 11)
Quadratic: time = 1.7E+04 + 88*n^2 (sec)                        (res: 11)
Cubic: time = 1.7E+04 + 7.3*n^3 (sec)                           (res: 11)
Logarithmic: time = 1.6E+04 + 3E+03*log(n) (sec)                (res: 12)
Linearithmic: time = 1.6E+04 + 3.7E+02*n*log(n) (sec)           (res: 11)
Exponential: time = 2.3E+04 * 1^n (sec)                         (res: 21)

   [near-tie] within 10%: Cubic, Quadratic, Linearithmic, Linear, Logarithmic -- chosen by the simplicity bias, not the data.
   [exponent] free-exponent fit: runtime_ns ~ count_span ** 0.13
Saved fit model plot to ./results/rq1/20261003-0136-css_select_known/run1/css_select_known/plots/fitmodel_runtime_ns_vs_count_span_css_select_5_2_0.png
Plotting 'runtime_ns' vs 'count_a' for './results/rq1/20261003-0136-css_select_known/run1/css_select_known/summary.csv-function_name/css_select_5_1_0':
Saved plot to ./results/rq1/20261003-0136-css_select_known/run1/css_select_known/plots/runtime_ns_vs_count_a_css_select_5_1_0.png
Plotting 'runtime_ns' vs 'count_a' for './results/rq1/20261003-0136-css_select_known/run1/css_select_known/summary.csv-function_name/css_select_5_2_0':
Saved plot to ./results/rq1/20261003-0136-css_select_known/run1/css_select_known/plots/runtime_ns_vs_count_a_css_select_5_2_0.png
For './results/rq1/20261003-0136-css_select_known/run1/css_select_known/summary.csv-function_name/css_select_5_1_0', feature 'count_a' and metric 'runtime_ns': dropped 152 of 268 rows (censored, non-positive metric, or zero feature).
For './results/rq1/20261003-0136-css_select_known/run1/css_select_known/summary.csv-function_name/css_select_5_1_0', feature 'count_a' and metric 'runtime_ns' the best fit is:
Best : Constant: time = 1.7E+04 (sec)                               
Constant: time = 1.7E+04 (sec)                                  (res: 31)
Linear: time = 1.4E+04 + 3E+02*n (sec)                          (res: 29)
Quadratic: time = 1.6E+04 + 4.3*n^2 (sec)                       (res: 29)
Cubic: time = 1.6E+04 + 0.043*n^3 (sec)                         (res: 30)
Logarithmic: time = 1.3E+04 + 2E+03*log(n) (sec)                (res: 30)
Linearithmic: time = 1.5E+04 + 77*n*log(n) (sec)                (res: 28)
Exponential: time = 2.6E+04 * 1^n (sec)                         (res: 65)

   [near-tie] within 10%: Linearithmic, Linear, Quadratic, Cubic, Logarithmic, Constant -- chosen by the simplicity bias, not the data.
   [exponent] free-exponent fit: runtime_ns ~ count_a ** -0.06
Saved fit model plot to ./results/rq1/20261003-0136-css_select_known/run1/css_select_known/plots/fitmodel_runtime_ns_vs_count_a_css_select_5_1_0.png
For './results/rq1/20261003-0136-css_select_known/run1/css_select_known/summary.csv-function_name/css_select_5_2_0', feature 'count_a' and metric 'runtime_ns': dropped 149 of 268 rows (censored, non-positive metric, or zero feature).
For './results/rq1/20261003-0136-css_select_known/run1/css_select_known/summary.csv-function_name/css_select_5_2_0', feature 'count_a' and metric 'runtime_ns' the best fit is:
Best : Logarithmic: time = 1.6E+04 + 1.8E+03*log(n) (sec)           
Constant: time = 1.9E+04 (sec)                                  (res: 33)
Linear: time = 1.6E+04 + 3.4E+02*n (sec)                        (res: 30)
Quadratic: time = 1.8E+04 + 5.6*n^2 (sec)                       (res: 30)
Cubic: time = 1.8E+04 + 0.057*n^3 (sec)                         (res: 31)
Logarithmic: time = 1.6E+04 + 1.8E+03*log(n) (sec)              (res: 32)
Linearithmic: time = 1.7E+04 + 91*n*log(n) (sec)                (res: 30)
Exponential: time = 2.9E+04 * 1^n (sec)                         (res: 69)

   [near-tie] within 10%: Linearithmic, Quadratic, Linear, Cubic, Logarithmic -- chosen by the simplicity bias, not the data.
   [exponent] free-exponent fit: runtime_ns ~ count_a ** -0.04
Saved fit model plot to ./results/rq1/20261003-0136-css_select_known/run1/css_select_known/plots/fitmodel_runtime_ns_vs_count_a_css_select_5_2_0.png
Plotting 'runtime_ns' vs 'count_attrs' for './results/rq1/20261003-0136-css_select_known/run1/css_select_known/summary.csv-function_name/css_select_5_1_0':
Saved plot to ./results/rq1/20261003-0136-css_select_known/run1/css_select_known/plots/runtime_ns_vs_count_attrs_css_select_5_1_0.png
Plotting 'runtime_ns' vs 'count_attrs' for './results/rq1/20261003-0136-css_select_known/run1/css_select_known/summary.csv-function_name/css_select_5_2_0':
Saved plot to ./results/rq1/20261003-0136-css_select_known/run1/css_select_known/plots/runtime_ns_vs_count_attrs_css_select_5_2_0.png
For './results/rq1/20261003-0136-css_select_known/run1/css_select_known/summary.csv-function_name/css_select_5_1_0', feature 'count_attrs' and metric 'runtime_ns': dropped 92 of 268 rows (censored, non-positive metric, or zero feature).
For './results/rq1/20261003-0136-css_select_known/run1/css_select_known/summary.csv-function_name/css_select_5_1_0', feature 'count_attrs' and metric 'runtime_ns' the best fit is:
Best : Constant: time = 1.5E+04 (sec)                               
Constant: time = 1.5E+04 (sec)                                  (res: 68)
Linear: time = 1.3E+04 + 1.4E+02*n (sec)                        (res: 64)
Quadratic: time = 1.4E+04 + 1.8*n^2 (sec)                       (res: 64)
Cubic: time = 1.5E+04 + 0.016*n^3 (sec)                         (res: 64)
Logarithmic: time = 1.1E+04 + 1.9E+03*log(n) (sec)              (res: 64)
Linearithmic: time = 1.3E+04 + 32*n*log(n) (sec)                (res: 64)
Exponential: time = 3.9E+04 * 0.99^n (sec)                      (res: 2.6E+02)

   [near-tie] within 10%: Quadratic, Linearithmic, Linear, Cubic, Logarithmic, Constant -- chosen by the simplicity bias, not the data.
   [exponent] free-exponent fit: runtime_ns ~ count_attrs ** -0.20
Saved fit model plot to ./results/rq1/20261003-0136-css_select_known/run1/css_select_known/plots/fitmodel_runtime_ns_vs_count_attrs_css_select_5_1_0.png
For './results/rq1/20261003-0136-css_select_known/run1/css_select_known/summary.csv-function_name/css_select_5_2_0', feature 'count_attrs' and metric 'runtime_ns': dropped 56 of 268 rows (censored, non-positive metric, or zero feature).
For './results/rq1/20261003-0136-css_select_known/run1/css_select_known/summary.csv-function_name/css_select_5_2_0', feature 'count_attrs' and metric 'runtime_ns' the best fit is:
Best : Constant: time = 1.8E+04 (sec)                               
Constant: time = 1.8E+04 (sec)                                  (res: 93)
Linear: time = 1.6E+04 + 1.2E+02*n (sec)                        (res: 91)
Quadratic: time = 1.7E+04 + 1.8*n^2 (sec)                       (res: 90)
Cubic: time = 1.7E+04 + 0.019*n^3 (sec)                         (res: 90)
Logarithmic: time = 1.5E+04 + 1.4E+03*log(n) (sec)              (res: 92)
Linearithmic: time = 1.6E+04 + 29*n*log(n) (sec)                (res: 91)
Exponential: time = 5.7E+04 * 0.99^n (sec)                      (res: 4.7E+02)

   [near-tie] within 10%: Quadratic, Cubic, Linearithmic, Linear, Logarithmic, Constant -- chosen by the simplicity bias, not the data.
   [exponent] free-exponent fit: runtime_ns ~ count_attrs ** -0.31
Saved fit model plot to ./results/rq1/20261003-0136-css_select_known/run1/css_select_known/plots/fitmodel_runtime_ns_vs_count_attrs_css_select_5_2_0.png
Plotting 'runtime_ns' vs 'count_href_attr' for './results/rq1/20261003-0136-css_select_known/run1/css_select_known/summary.csv-function_name/css_select_5_1_0':
Saved plot to ./results/rq1/20261003-0136-css_select_known/run1/css_select_known/plots/runtime_ns_vs_count_href_attr_css_select_5_1_0.png
Plotting 'runtime_ns' vs 'count_href_attr' for './results/rq1/20261003-0136-css_select_known/run1/css_select_known/summary.csv-function_name/css_select_5_2_0':
Saved plot to ./results/rq1/20261003-0136-css_select_known/run1/css_select_known/plots/runtime_ns_vs_count_href_attr_css_select_5_2_0.png
For './results/rq1/20261003-0136-css_select_known/run1/css_select_known/summary.csv-function_name/css_select_5_1_0', feature 'count_href_attr' and metric 'runtime_ns': dropped 162 of 268 rows (censored, non-positive metric, or zero feature).
For './results/rq1/20261003-0136-css_select_known/run1/css_select_known/summary.csv-function_name/css_select_5_1_0', feature 'count_href_attr' and metric 'runtime_ns' the best fit is:
Best : Constant: time = 1.7E+04 (sec)                               
Constant: time = 1.7E+04 (sec)                                  (res: 27)
Linear: time = 1.5E+04 + 6.3E+02*n (sec)                        (res: 26)
Quadratic: time = 1.6E+04 + 58*n^2 (sec)                        (res: 26)
Cubic: time = 1.7E+04 + 4.7*n^3 (sec)                           (res: 26)
Logarithmic: time = 1.6E+04 + 1.5E+03*log(n) (sec)              (res: 27)
Linearithmic: time = 1.6E+04 + 2.6E+02*n*log(n) (sec)           (res: 26)
Exponential: time = 3E+04 * 0.99^n (sec)                        (res: 61)

   [near-tie] within 10%: Quadratic, Linearithmic, Cubic, Linear, Logarithmic, Constant -- chosen by the simplicity bias, not the data.
   [exponent] free-exponent fit: runtime_ns ~ count_href_attr ** -0.12
Saved fit model plot to ./results/rq1/20261003-0136-css_select_known/run1/css_select_known/plots/fitmodel_runtime_ns_vs_count_href_attr_css_select_5_1_0.png
For './results/rq1/20261003-0136-css_select_known/run1/css_select_known/summary.csv-function_name/css_select_5_2_0', feature 'count_href_attr' and metric 'runtime_ns': dropped 159 of 268 rows (censored, non-positive metric, or zero feature).
For './results/rq1/20261003-0136-css_select_known/run1/css_select_known/summary.csv-function_name/css_select_5_2_0', feature 'count_href_attr' and metric 'runtime_ns' the best fit is:
Best : Constant: time = 1.9E+04 (sec)                               
Constant: time = 1.9E+04 (sec)                                  (res: 30)
Linear: time = 1.7E+04 + 6.9E+02*n (sec)                        (res: 29)
Quadratic: time = 1.8E+04 + 68*n^2 (sec)                        (res: 28)
Cubic: time = 1.8E+04 + 5.7*n^3 (sec)                           (res: 28)
Logarithmic: time = 1.8E+04 + 1.3E+03*log(n) (sec)              (res: 29)
Linearithmic: time = 1.7E+04 + 2.9E+02*n*log(n) (sec)           (res: 29)
Exponential: time = 3.4E+04 * 0.99^n (sec)                      (res: 70)

   [near-tie] within 10%: Quadratic, Cubic, Linearithmic, Linear, Logarithmic, Constant -- chosen by the simplicity bias, not the data.
   [exponent] free-exponent fit: runtime_ns ~ count_href_attr ** -0.12
Saved fit model plot to ./results/rq1/20261003-0136-css_select_known/run1/css_select_known/plots/fitmodel_runtime_ns_vs_count_href_attr_css_select_5_2_0.png
Plotting 'runtime_ns' vs 'count_title_attr' for './results/rq1/20261003-0136-css_select_known/run1/css_select_known/summary.csv-function_name/css_select_5_1_0':
Saved plot to ./results/rq1/20261003-0136-css_select_known/run1/css_select_known/plots/runtime_ns_vs_count_title_attr_css_select_5_1_0.png
Plotting 'runtime_ns' vs 'count_title_attr' for './results/rq1/20261003-0136-css_select_known/run1/css_select_known/summary.csv-function_name/css_select_5_2_0':
Saved plot to ./results/rq1/20261003-0136-css_select_known/run1/css_select_known/plots/runtime_ns_vs_count_title_attr_css_select_5_2_0.png
For './results/rq1/20261003-0136-css_select_known/run1/css_select_known/summary.csv-function_name/css_select_5_1_0', feature 'count_title_attr' and metric 'runtime_ns': dropped 120 of 268 rows (censored, non-positive metric, or zero feature).
For './results/rq1/20261003-0136-css_select_known/run1/css_select_known/summary.csv-function_name/css_select_5_1_0', feature 'count_title_attr' and metric 'runtime_ns' the best fit is:
Best : Constant: time = 1.5E+04 (sec)                               
Constant: time = 1.5E+04 (sec)                                  (res: 49)
Linear: time = 1.3E+04 + 2.8E+02*n (sec)                        (res: 46)
Quadratic: time = 1.4E+04 + 8.1*n^2 (sec)                       (res: 45)
Cubic: time = 1.4E+04 + 0.18*n^3 (sec)                          (res: 46)
Logarithmic: time = 1.2E+04 + 2E+03*log(n) (sec)                (res: 47)
Linearithmic: time = 1.3E+04 + 78*n*log(n) (sec)                (res: 46)
Exponential: time = 3.2E+04 * 0.99^n (sec)                      (res: 1.5E+02)

   [near-tie] within 10%: Quadratic, Cubic, Linearithmic, Linear, Logarithmic, Constant -- chosen by the simplicity bias, not the data.
   [exponent] free-exponent fit: runtime_ns ~ count_title_attr ** -0.17
Saved fit model plot to ./results/rq1/20261003-0136-css_select_known/run1/css_select_known/plots/fitmodel_runtime_ns_vs_count_title_attr_css_select_5_1_0.png
For './results/rq1/20261003-0136-css_select_known/run1/css_select_known/summary.csv-function_name/css_select_5_2_0', feature 'count_title_attr' and metric 'runtime_ns': dropped 89 of 268 rows (censored, non-positive metric, or zero feature).
For './results/rq1/20261003-0136-css_select_known/run1/css_select_known/summary.csv-function_name/css_select_5_2_0', feature 'count_title_attr' and metric 'runtime_ns' the best fit is:
Best : Constant: time = 1.8E+04 (sec)                               
Constant: time = 1.8E+04 (sec)                                  (res: 72)
Linear: time = 1.5E+04 + 2.5E+02*n (sec)                        (res: 69)
Quadratic: time = 1.6E+04 + 8.4*n^2 (sec)                       (res: 68)
Cubic: time = 1.7E+04 + 0.21*n^3 (sec)                          (res: 68)
Logarithmic: time = 1.5E+04 + 1.5E+03*log(n) (sec)              (res: 70)
Linearithmic: time = 1.6E+04 + 74*n*log(n) (sec)                (res: 69)
Exponential: time = 5.1E+04 * 0.98^n (sec)                      (res: 3.3E+02)

   [near-tie] within 10%: Cubic, Quadratic, Linearithmic, Linear, Logarithmic, Constant -- chosen by the simplicity bias, not the data.
   [exponent] free-exponent fit: runtime_ns ~ count_title_attr ** -0.30
Saved fit model plot to ./results/rq1/20261003-0136-css_select_known/run1/css_select_known/plots/fitmodel_runtime_ns_vs_count_title_attr_css_select_5_2_0.png
Plotting 'runtime_ns' vs 'count_id_attr' for './results/rq1/20261003-0136-css_select_known/run1/css_select_known/summary.csv-function_name/css_select_5_1_0':
Saved plot to ./results/rq1/20261003-0136-css_select_known/run1/css_select_known/plots/runtime_ns_vs_count_id_attr_css_select_5_1_0.png
Plotting 'runtime_ns' vs 'count_id_attr' for './results/rq1/20261003-0136-css_select_known/run1/css_select_known/summary.csv-function_name/css_select_5_2_0':
Saved plot to ./results/rq1/20261003-0136-css_select_known/run1/css_select_known/plots/runtime_ns_vs_count_id_attr_css_select_5_2_0.png
For './results/rq1/20261003-0136-css_select_known/run1/css_select_known/summary.csv-function_name/css_select_5_1_0', feature 'count_id_attr' and metric 'runtime_ns': dropped 101 of 268 rows (censored, non-positive metric, or zero feature).
For './results/rq1/20261003-0136-css_select_known/run1/css_select_known/summary.csv-function_name/css_select_5_1_0', feature 'count_id_attr' and metric 'runtime_ns' the best fit is:
Best : Constant: time = 1.6E+04 (sec)                               
Constant: time = 1.6E+04 (sec)                                  (res: 65)
Linear: time = 1.4E+04 + 1.2E+02*n (sec)                        (res: 64)
Quadratic: time = 1.5E+04 + 3.2*n^2 (sec)                       (res: 64)
Cubic: time = 1.5E+04 + 0.098*n^3 (sec)                         (res: 64)
Logarithmic: time = 1.3E+04 + 1.6E+03*log(n) (sec)              (res: 63)
Linearithmic: time = 1.5E+04 + 31*n*log(n) (sec)                (res: 64)
Exponential: time = 4.5E+04 * 0.98^n (sec)                      (res: 2.6E+02)

   [near-tie] within 10%: Logarithmic, Linear, Cubic, Linearithmic, Quadratic, Constant -- chosen by the simplicity bias, not the data.
   [exponent] free-exponent fit: runtime_ns ~ count_id_attr ** -0.30
Saved fit model plot to ./results/rq1/20261003-0136-css_select_known/run1/css_select_known/plots/fitmodel_runtime_ns_vs_count_id_attr_css_select_5_1_0.png
For './results/rq1/20261003-0136-css_select_known/run1/css_select_known/summary.csv-function_name/css_select_5_2_0', feature 'count_id_attr' and metric 'runtime_ns': dropped 89 of 268 rows (censored, non-positive metric, or zero feature).
For './results/rq1/20261003-0136-css_select_known/run1/css_select_known/summary.csv-function_name/css_select_5_2_0', feature 'count_id_attr' and metric 'runtime_ns' the best fit is:
Best : Constant: time = 1.8E+04 (sec)                               
Constant: time = 1.8E+04 (sec)                                  (res: 71)
Linear: time = 1.8E+04 + 67*n (sec)                             (res: 71)
Quadratic: time = 1.8E+04 + 2*n^2 (sec)                         (res: 71)
Cubic: time = 1.8E+04 + 0.075*n^3 (sec)                         (res: 71)
Logarithmic: time = 1.6E+04 + 1E+03*log(n) (sec)                (res: 71)
Linearithmic: time = 1.8E+04 + 17*n*log(n) (sec)                (res: 71)
Exponential: time = 5.6E+04 * 0.97^n (sec)                      (res: 3E+02)

   [near-tie] within 10%: Logarithmic, Cubic, Linear, Quadratic, Linearithmic, Constant -- chosen by the simplicity bias, not the data.
   [exponent] free-exponent fit: runtime_ns ~ count_id_attr ** -0.33
Saved fit model plot to ./results/rq1/20261003-0136-css_select_known/run1/css_select_known/plots/fitmodel_runtime_ns_vs_count_id_attr_css_select_5_2_0.png
Plotting 'runtime_ns' vs 'count_class_attr' for './results/rq1/20261003-0136-css_select_known/run1/css_select_known/summary.csv-function_name/css_select_5_1_0':
Saved plot to ./results/rq1/20261003-0136-css_select_known/run1/css_select_known/plots/runtime_ns_vs_count_class_attr_css_select_5_1_0.png
Plotting 'runtime_ns' vs 'count_class_attr' for './results/rq1/20261003-0136-css_select_known/run1/css_select_known/summary.csv-function_name/css_select_5_2_0':
Saved plot to ./results/rq1/20261003-0136-css_select_known/run1/css_select_known/plots/runtime_ns_vs_count_class_attr_css_select_5_2_0.png
For './results/rq1/20261003-0136-css_select_known/run1/css_select_known/summary.csv-function_name/css_select_5_1_0', feature 'count_class_attr' and metric 'runtime_ns': dropped 128 of 268 rows (censored, non-positive metric, or zero feature).
For './results/rq1/20261003-0136-css_select_known/run1/css_select_known/summary.csv-function_name/css_select_5_1_0', feature 'count_class_attr' and metric 'runtime_ns' the best fit is:
Best : Constant: time = 1.6E+04 (sec)                               
Constant: time = 1.6E+04 (sec)                                  (res: 43)
Linear: time = 1.3E+04 + 2.5E+02*n (sec)                        (res: 41)
Quadratic: time = 1.4E+04 + 8.5*n^2 (sec)                       (res: 41)
Cubic: time = 1.5E+04 + 0.28*n^3 (sec)                          (res: 41)
Logarithmic: time = 1.3E+04 + 1.7E+03*log(n) (sec)              (res: 41)
Linearithmic: time = 1.4E+04 + 72*n*log(n) (sec)                (res: 41)
Exponential: time = 3.3E+04 * 0.99^n (sec)                      (res: 1.2E+02)

   [near-tie] within 10%: Linearithmic, Linear, Quadratic, Cubic, Logarithmic, Constant -- chosen by the simplicity bias, not the data.
   [exponent] free-exponent fit: runtime_ns ~ count_class_attr ** -0.19
Saved fit model plot to ./results/rq1/20261003-0136-css_select_known/run1/css_select_known/plots/fitmodel_runtime_ns_vs_count_class_attr_css_select_5_1_0.png
For './results/rq1/20261003-0136-css_select_known/run1/css_select_known/summary.csv-function_name/css_select_5_2_0', feature 'count_class_attr' and metric 'runtime_ns': dropped 96 of 268 rows (censored, non-positive metric, or zero feature).
For './results/rq1/20261003-0136-css_select_known/run1/css_select_known/summary.csv-function_name/css_select_5_2_0', feature 'count_class_attr' and metric 'runtime_ns' the best fit is:
Best : Constant: time = 1.8E+04 (sec)                               
Constant: time = 1.8E+04 (sec)                                  (res: 66)
Linear: time = 1.7E+04 + 1.7E+02*n (sec)                        (res: 65)
Quadratic: time = 1.7E+04 + 6.4*n^2 (sec)                       (res: 65)
Cubic: time = 1.7E+04 + 0.22*n^3 (sec)                          (res: 65)
Logarithmic: time = 1.7E+04 + 8.4E+02*log(n) (sec)              (res: 65)
Linearithmic: time = 1.7E+04 + 51*n*log(n) (sec)                (res: 65)
Exponential: time = 5.8E+04 * 0.96^n (sec)                      (res: 3E+02)

   [near-tie] within 10%: Cubic, Quadratic, Linearithmic, Linear, Logarithmic, Constant -- chosen by the simplicity bias, not the data.
   [exponent] free-exponent fit: runtime_ns ~ count_class_attr ** -0.37
Saved fit model plot to ./results/rq1/20261003-0136-css_select_known/run1/css_select_known/plots/fitmodel_runtime_ns_vs_count_class_attr_css_select_5_2_0.png
Plotting 'runtime_ns' vs 'count_class_list' for './results/rq1/20261003-0136-css_select_known/run1/css_select_known/summary.csv-function_name/css_select_5_1_0':
Saved plot to ./results/rq1/20261003-0136-css_select_known/run1/css_select_known/plots/runtime_ns_vs_count_class_list_css_select_5_1_0.png
Plotting 'runtime_ns' vs 'count_class_list' for './results/rq1/20261003-0136-css_select_known/run1/css_select_known/summary.csv-function_name/css_select_5_2_0':
Saved plot to ./results/rq1/20261003-0136-css_select_known/run1/css_select_known/plots/runtime_ns_vs_count_class_list_css_select_5_2_0.png
For './results/rq1/20261003-0136-css_select_known/run1/css_select_known/summary.csv-function_name/css_select_5_1_0', feature 'count_class_list' and metric 'runtime_ns': dropped 128 of 268 rows (censored, non-positive metric, or zero feature).
For './results/rq1/20261003-0136-css_select_known/run1/css_select_known/summary.csv-function_name/css_select_5_1_0', feature 'count_class_list' and metric 'runtime_ns' the best fit is:
Best : Constant: time = 1.6E+04 (sec)                               
Constant: time = 1.6E+04 (sec)                                  (res: 43)
Linear: time = 1.3E+04 + 1.4E+02*n (sec)                        (res: 41)
Quadratic: time = 1.4E+04 + 2.4*n^2 (sec)                       (res: 41)
Cubic: time = 1.5E+04 + 0.039*n^3 (sec)                         (res: 41)
Logarithmic: time = 1.2E+04 + 1.6E+03*log(n) (sec)              (res: 41)
Linearithmic: time = 1.4E+04 + 33*n*log(n) (sec)                (res: 41)
Exponential: time = 3.3E+04 * 0.99^n (sec)                      (res: 1.2E+02)

   [near-tie] within 10%: Linearithmic, Linear, Quadratic, Cubic, Logarithmic, Constant -- chosen by the simplicity bias, not the data.
   [exponent] free-exponent fit: runtime_ns ~ count_class_list ** -0.19
Saved fit model plot to ./results/rq1/20261003-0136-css_select_known/run1/css_select_known/plots/fitmodel_runtime_ns_vs_count_class_list_css_select_5_1_0.png
For './results/rq1/20261003-0136-css_select_known/run1/css_select_known/summary.csv-function_name/css_select_5_2_0', feature 'count_class_list' and metric 'runtime_ns': dropped 96 of 268 rows (censored, non-positive metric, or zero feature).
For './results/rq1/20261003-0136-css_select_known/run1/css_select_known/summary.csv-function_name/css_select_5_2_0', feature 'count_class_list' and metric 'runtime_ns' the best fit is:
Best : Constant: time = 1.8E+04 (sec)                               
Constant: time = 1.8E+04 (sec)                                  (res: 66)
Linear: time = 1.6E+04 + 93*n (sec)                             (res: 65)
Quadratic: time = 1.7E+04 + 1.9*n^2 (sec)                       (res: 65)
Cubic: time = 1.7E+04 + 0.033*n^3 (sec)                         (res: 65)
Logarithmic: time = 1.7E+04 + 6.5E+02*log(n) (sec)              (res: 65)
Linearithmic: time = 1.7E+04 + 24*n*log(n) (sec)                (res: 65)
Exponential: time = 5.8E+04 * 0.98^n (sec)                      (res: 3E+02)

   [near-tie] within 10%: Cubic, Quadratic, Linearithmic, Linear, Logarithmic, Constant -- chosen by the simplicity bias, not the data.
   [exponent] free-exponent fit: runtime_ns ~ count_class_list ** -0.34
Saved fit model plot to ./results/rq1/20261003-0136-css_select_known/run1/css_select_known/plots/fitmodel_runtime_ns_vs_count_class_list_css_select_5_2_0.png
Plotting 'runtime_ns' vs 'count_lang_attr' for './results/rq1/20261003-0136-css_select_known/run1/css_select_known/summary.csv-function_name/css_select_5_1_0':
Saved plot to ./results/rq1/20261003-0136-css_select_known/run1/css_select_known/plots/runtime_ns_vs_count_lang_attr_css_select_5_1_0.png
Plotting 'runtime_ns' vs 'count_lang_attr' for './results/rq1/20261003-0136-css_select_known/run1/css_select_known/summary.csv-function_name/css_select_5_2_0':
Saved plot to ./results/rq1/20261003-0136-css_select_known/run1/css_select_known/plots/runtime_ns_vs_count_lang_attr_css_select_5_2_0.png
For './results/rq1/20261003-0136-css_select_known/run1/css_select_known/summary.csv-function_name/css_select_5_1_0', feature 'count_lang_attr' and metric 'runtime_ns': dropped 104 of 268 rows (censored, non-positive metric, or zero feature).
For './results/rq1/20261003-0136-css_select_known/run1/css_select_known/summary.csv-function_name/css_select_5_1_0', feature 'count_lang_attr' and metric 'runtime_ns' the best fit is:
Best : Constant: time = 1.6E+04 (sec)                               
Constant: time = 1.6E+04 (sec)                                  (res: 57)
Linear: time = 1.5E+04 + 1.6E+02*n (sec)                        (res: 56)
Quadratic: time = 1.5E+04 + 5.9*n^2 (sec)                       (res: 56)
Cubic: time = 1.5E+04 + 0.21*n^3 (sec)                          (res: 56)
Logarithmic: time = 1.4E+04 + 1.1E+03*log(n) (sec)              (res: 56)
Linearithmic: time = 1.5E+04 + 46*n*log(n) (sec)                (res: 56)
Exponential: time = 4.2E+04 * 0.97^n (sec)                      (res: 2E+02)

   [near-tie] within 10%: Cubic, Quadratic, Linearithmic, Linear, Logarithmic, Constant -- chosen by the simplicity bias, not the data.
   [exponent] free-exponent fit: runtime_ns ~ count_lang_attr ** -0.26
Saved fit model plot to ./results/rq1/20261003-0136-css_select_known/run1/css_select_known/plots/fitmodel_runtime_ns_vs_count_lang_attr_css_select_5_1_0.png
For './results/rq1/20261003-0136-css_select_known/run1/css_select_known/summary.csv-function_name/css_select_5_2_0', feature 'count_lang_attr' and metric 'runtime_ns': dropped 77 of 268 rows (censored, non-positive metric, or zero feature).
For './results/rq1/20261003-0136-css_select_known/run1/css_select_known/summary.csv-function_name/css_select_5_2_0', feature 'count_lang_attr' and metric 'runtime_ns' the best fit is:
Best : Constant: time = 1.8E+04 (sec)                               
Constant: time = 1.8E+04 (sec)                                  (res: 77)
Linear: time = 1.7E+04 + 1.2E+02*n (sec)                        (res: 77)
Quadratic: time = 1.8E+04 + 4.8*n^2 (sec)                       (res: 77)
Cubic: time = 1.8E+04 + 0.18*n^3 (sec)                          (res: 77)
Logarithmic: time = 1.7E+04 + 8.6E+02*log(n) (sec)              (res: 77)
Linearithmic: time = 1.7E+04 + 37*n*log(n) (sec)                (res: 77)
Exponential: time = 6.2E+04 * 0.96^n (sec)                      (res: 3.7E+02)

   [near-tie] within 10%: Cubic, Quadratic, Linearithmic, Linear, Logarithmic, Constant -- chosen by the simplicity bias, not the data.
   [exponent] free-exponent fit: runtime_ns ~ count_lang_attr ** -0.38
Saved fit model plot to ./results/rq1/20261003-0136-css_select_known/run1/css_select_known/plots/fitmodel_runtime_ns_vs_count_lang_attr_css_select_5_2_0.png
Plotting 'runtime_ns' vs 'count_data_attr' for './results/rq1/20261003-0136-css_select_known/run1/css_select_known/summary.csv-function_name/css_select_5_1_0':
Saved plot to ./results/rq1/20261003-0136-css_select_known/run1/css_select_known/plots/runtime_ns_vs_count_data_attr_css_select_5_1_0.png
Plotting 'runtime_ns' vs 'count_data_attr' for './results/rq1/20261003-0136-css_select_known/run1/css_select_known/summary.csv-function_name/css_select_5_2_0':
Saved plot to ./results/rq1/20261003-0136-css_select_known/run1/css_select_known/plots/runtime_ns_vs_count_data_attr_css_select_5_2_0.png
For './results/rq1/20261003-0136-css_select_known/run1/css_select_known/summary.csv-function_name/css_select_5_1_0', feature 'count_data_attr' and metric 'runtime_ns': dropped 107 of 268 rows (censored, non-positive metric, or zero feature).
For './results/rq1/20261003-0136-css_select_known/run1/css_select_known/summary.csv-function_name/css_select_5_1_0', feature 'count_data_attr' and metric 'runtime_ns' the best fit is:
Best : Constant: time = 1.6E+04 (sec)                               
Constant: time = 1.6E+04 (sec)                                  (res: 56)
Linear: time = 1.3E+04 + 2.7E+02*n (sec)                        (res: 54)
Quadratic: time = 1.4E+04 + 8.5*n^2 (sec)                       (res: 55)
Cubic: time = 1.5E+04 + 0.28*n^3 (sec)                          (res: 55)
Logarithmic: time = 1.2E+04 + 2.2E+03*log(n) (sec)              (res: 54)
Linearithmic: time = 1.4E+04 + 74*n*log(n) (sec)                (res: 54)
Exponential: time = 3.9E+04 * 0.98^n (sec)                      (res: 2E+02)

   [near-tie] within 10%: Logarithmic, Linear, Linearithmic, Quadratic, Cubic, Constant -- chosen by the simplicity bias, not the data.
   [exponent] free-exponent fit: runtime_ns ~ count_data_attr ** -0.16
Saved fit model plot to ./results/rq1/20261003-0136-css_select_known/run1/css_select_known/plots/fitmodel_runtime_ns_vs_count_data_attr_css_select_5_1_0.png
For './results/rq1/20261003-0136-css_select_known/run1/css_select_known/summary.csv-function_name/css_select_5_2_0', feature 'count_data_attr' and metric 'runtime_ns': dropped 72 of 268 rows (censored, non-positive metric, or zero feature).
For './results/rq1/20261003-0136-css_select_known/run1/css_select_known/summary.csv-function_name/css_select_5_2_0', feature 'count_data_attr' and metric 'runtime_ns' the best fit is:
Best : Constant: time = 1.8E+04 (sec)                               
Constant: time = 1.8E+04 (sec)                                  (res: 82)
Linear: time = 1.6E+04 + 2E+02*n (sec)                          (res: 81)
Quadratic: time = 1.7E+04 + 6.8*n^2 (sec)                       (res: 81)
Cubic: time = 1.7E+04 + 0.23*n^3 (sec)                          (res: 81)
Logarithmic: time = 1.5E+04 + 1.6E+03*log(n) (sec)              (res: 81)
Linearithmic: time = 1.7E+04 + 57*n*log(n) (sec)                (res: 81)
Exponential: time = 6.4E+04 * 0.96^n (sec)                      (res: 4.4E+02)

   [near-tie] within 10%: Logarithmic, Linear, Linearithmic, Quadratic, Cubic, Constant -- chosen by the simplicity bias, not the data.
   [exponent] free-exponent fit: runtime_ns ~ count_data_attr ** -0.37
Saved fit model plot to ./results/rq1/20261003-0136-css_select_known/run1/css_select_known/plots/fitmodel_runtime_ns_vs_count_data_attr_css_select_5_2_0.png
Plotting 'runtime_ns' vs 'count_p' for './results/rq1/20261003-0136-css_select_known/run1/css_select_known/summary.csv-function_name/css_select_5_1_0':
Saved plot to ./results/rq1/20261003-0136-css_select_known/run1/css_select_known/plots/runtime_ns_vs_count_p_css_select_5_1_0.png
Plotting 'runtime_ns' vs 'count_p' for './results/rq1/20261003-0136-css_select_known/run1/css_select_known/summary.csv-function_name/css_select_5_2_0':
Saved plot to ./results/rq1/20261003-0136-css_select_known/run1/css_select_known/plots/runtime_ns_vs_count_p_css_select_5_2_0.png
For './results/rq1/20261003-0136-css_select_known/run1/css_select_known/summary.csv-function_name/css_select_5_1_0', feature 'count_p' and metric 'runtime_ns': dropped 195 of 268 rows (censored, non-positive metric, or zero feature).
For './results/rq1/20261003-0136-css_select_known/run1/css_select_known/summary.csv-function_name/css_select_5_1_0', feature 'count_p' and metric 'runtime_ns' the best fit is:
Best : Constant: time = 1.7E+04 (sec)                               
Constant: time = 1.7E+04 (sec)                                  (res: 18)
Linear: time = 1.6E+04 + 2.3E+02*n (sec)                        (res: 18)
Quadratic: time = 1.6E+04 + 1.4E+02*n^2 (sec)                   (res: 17)
Cubic: time = 1.6E+04 + 23*n^3 (sec)                            (res: 17)
Logarithmic: time = 1.8E+04 + -1.7E+03*log(n) (sec)             (res: 18)
Linearithmic: time = 1.6E+04 + 3.1E+02*n*log(n) (sec)           (res: 18)
Exponential: time = 2.6E+04 * 0.99^n (sec)                      (res: 36)

   [near-tie] within 10%: Cubic, Quadratic, Logarithmic, Linearithmic, Linear, Constant -- chosen by the simplicity bias, not the data.
   [exponent] free-exponent fit: runtime_ns ~ count_p ** -0.15
Saved fit model plot to ./results/rq1/20261003-0136-css_select_known/run1/css_select_known/plots/fitmodel_runtime_ns_vs_count_p_css_select_5_1_0.png
For './results/rq1/20261003-0136-css_select_known/run1/css_select_known/summary.csv-function_name/css_select_5_2_0', feature 'count_p' and metric 'runtime_ns': dropped 192 of 268 rows (censored, non-positive metric, or zero feature).
For './results/rq1/20261003-0136-css_select_known/run1/css_select_known/summary.csv-function_name/css_select_5_2_0', feature 'count_p' and metric 'runtime_ns' the best fit is:
Best : Constant: time = 1.8E+04 (sec)                               
Constant: time = 1.8E+04 (sec)                                  (res: 20)
Linear: time = 1.7E+04 + 7.4E+02*n (sec)                        (res: 20)
Quadratic: time = 1.7E+04 + 2E+02*n^2 (sec)                     (res: 20)
Cubic: time = 1.7E+04 + 30*n^3 (sec)                            (res: 19)
Logarithmic: time = 1.8E+04 + 40*log(n) (sec)                   (res: 20)
Linearithmic: time = 1.7E+04 + 5.2E+02*n*log(n) (sec)           (res: 20)
Exponential: time = 3E+04 * 1^n (sec)                           (res: 45)

   [near-tie] within 10%: Cubic, Quadratic, Linearithmic, Linear, Logarithmic, Constant -- chosen by the simplicity bias, not the data.
   [exponent] free-exponent fit: runtime_ns ~ count_p ** -0.12
Saved fit model plot to ./results/rq1/20261003-0136-css_select_known/run1/css_select_known/plots/fitmodel_runtime_ns_vs_count_p_css_select_5_2_0.png
Plotting 'runtime_ns' vs 'count_section' for './results/rq1/20261003-0136-css_select_known/run1/css_select_known/summary.csv-function_name/css_select_5_1_0':
Saved plot to ./results/rq1/20261003-0136-css_select_known/run1/css_select_known/plots/runtime_ns_vs_count_section_css_select_5_1_0.png
Plotting 'runtime_ns' vs 'count_section' for './results/rq1/20261003-0136-css_select_known/run1/css_select_known/summary.csv-function_name/css_select_5_2_0':
Saved plot to ./results/rq1/20261003-0136-css_select_known/run1/css_select_known/plots/runtime_ns_vs_count_section_css_select_5_2_0.png
For './results/rq1/20261003-0136-css_select_known/run1/css_select_known/summary.csv-function_name/css_select_5_1_0', feature 'count_section' and metric 'runtime_ns': dropped 221 of 268 rows (censored, non-positive metric, or zero feature).
For './results/rq1/20261003-0136-css_select_known/run1/css_select_known/summary.csv-function_name/css_select_5_1_0', feature 'count_section' and metric 'runtime_ns' the best fit is:
Best : Constant: time = 1.3E+04 (sec)                               
Constant: time = 1.3E+04 (sec)                                  (res: 13)
Linear: time = 1.2E+04 + 6.1E+02*n (sec)                        (res: 13)
Quadratic: time = 1.2E+04 + 94*n^2 (sec)                        (res: 13)
Cubic: time = 1.2E+04 + 15*n^3 (sec)                            (res: 13)
Logarithmic: time = 1.2E+04 + 1.4E+03*log(n) (sec)              (res: 13)
Linearithmic: time = 1.2E+04 + 3E+02*n*log(n) (sec)             (res: 13)
Exponential: time = 2.2E+04 * 0.98^n (sec)                      (res: 28)

   [near-tie] within 10%: Cubic, Quadratic, Linearithmic, Linear, Logarithmic, Constant -- chosen by the simplicity bias, not the data.
   [exponent] free-exponent fit: runtime_ns ~ count_section ** -0.09
Saved fit model plot to ./results/rq1/20261003-0136-css_select_known/run1/css_select_known/plots/fitmodel_runtime_ns_vs_count_section_css_select_5_1_0.png
For './results/rq1/20261003-0136-css_select_known/run1/css_select_known/summary.csv-function_name/css_select_5_2_0', feature 'count_section' and metric 'runtime_ns': dropped 214 of 268 rows (censored, non-positive metric, or zero feature).
For './results/rq1/20261003-0136-css_select_known/run1/css_select_known/summary.csv-function_name/css_select_5_2_0', feature 'count_section' and metric 'runtime_ns' the best fit is:
Best : Constant: time = 1.5E+04 (sec)                               
Constant: time = 1.5E+04 (sec)                                  (res: 17)
Linear: time = 1.4E+04 + 6E+02*n (sec)                          (res: 17)
Quadratic: time = 1.5E+04 + 98*n^2 (sec)                        (res: 17)
Cubic: time = 1.5E+04 + 16*n^3 (sec)                            (res: 17)
Logarithmic: time = 1.5E+04 + 1.2E+03*log(n) (sec)              (res: 17)
Linearithmic: time = 1.5E+04 + 3E+02*n*log(n) (sec)             (res: 17)
Exponential: time = 3.6E+04 * 0.91^n (sec)                      (res: 54)

   [near-tie] within 10%: Cubic, Quadratic, Linearithmic, Linear, Logarithmic, Constant -- chosen by the simplicity bias, not the data.
   [exponent] free-exponent fit: runtime_ns ~ count_section ** -0.36
Saved fit model plot to ./results/rq1/20261003-0136-css_select_known/run1/css_select_known/plots/fitmodel_runtime_ns_vs_count_section_css_select_5_2_0.png
Plotting 'runtime_ns' vs 'count_flow_content' for './results/rq1/20261003-0136-css_select_known/run1/css_select_known/summary.csv-function_name/css_select_5_1_0':
Saved plot to ./results/rq1/20261003-0136-css_select_known/run1/css_select_known/plots/runtime_ns_vs_count_flow_content_css_select_5_1_0.png
Plotting 'runtime_ns' vs 'count_flow_content' for './results/rq1/20261003-0136-css_select_known/run1/css_select_known/summary.csv-function_name/css_select_5_2_0':
Saved plot to ./results/rq1/20261003-0136-css_select_known/run1/css_select_known/plots/runtime_ns_vs_count_flow_content_css_select_5_2_0.png
For './results/rq1/20261003-0136-css_select_known/run1/css_select_known/summary.csv-function_name/css_select_5_1_0', feature 'count_flow_content' and metric 'runtime_ns': dropped 148 of 268 rows (censored, non-positive metric, or zero feature).
For './results/rq1/20261003-0136-css_select_known/run1/css_select_known/summary.csv-function_name/css_select_5_1_0', feature 'count_flow_content' and metric 'runtime_ns' the best fit is:
Best : Constant: time = 1.7E+04 (sec)                               
Constant: time = 1.7E+04 (sec)                                  (res: 43)
Linear: time = 1.6E+04 + 2.6E+02*n (sec)                        (res: 43)
Quadratic: time = 1.6E+04 + 14*n^2 (sec)                        (res: 42)
Cubic: time = 1.6E+04 + 0.54*n^3 (sec)                          (res: 43)
Logarithmic: time = 1.6E+04 + 2.1E+02*log(n) (sec)              (res: 43)
Linearithmic: time = 1.6E+04 + 94*n*log(n) (sec)                (res: 42)
Exponential: time = 4E+04 * 0.97^n (sec)                        (res: 1.5E+02)

   [near-tie] within 10%: Quadratic, Linearithmic, Cubic, Linear, Logarithmic, Constant -- chosen by the simplicity bias, not the data.
   [exponent] free-exponent fit: runtime_ns ~ count_flow_content ** -0.29
Saved fit model plot to ./results/rq1/20261003-0136-css_select_known/run1/css_select_known/plots/fitmodel_runtime_ns_vs_count_flow_content_css_select_5_1_0.png
For './results/rq1/20261003-0136-css_select_known/run1/css_select_known/summary.csv-function_name/css_select_5_2_0', feature 'count_flow_content' and metric 'runtime_ns': dropped 117 of 268 rows (censored, non-positive metric, or zero feature).
For './results/rq1/20261003-0136-css_select_known/run1/css_select_known/summary.csv-function_name/css_select_5_2_0', feature 'count_flow_content' and metric 'runtime_ns' the best fit is:
Best : Constant: time = 2E+04 (sec)                                 
Constant: time = 2E+04 (sec)                                    (res: 66)
Linear: time = 1.9E+04 + 2E+02*n (sec)                          (res: 66)
Quadratic: time = 1.9E+04 + 11*n^2 (sec)                        (res: 66)
Cubic: time = 1.9E+04 + 0.43*n^3 (sec)                          (res: 66)
Logarithmic: time = 2E+04 + -1.3E+02*log(n) (sec)               (res: 66)
Linearithmic: time = 1.9E+04 + 76*n*log(n) (sec)                (res: 66)
Exponential: time = 6.2E+04 * 0.95^n (sec)                      (res: 3.2E+02)

   [near-tie] within 10%: Quadratic, Linearithmic, Cubic, Linear, Logarithmic, Constant -- chosen by the simplicity bias, not the data.
   [exponent] free-exponent fit: runtime_ns ~ count_flow_content ** -0.33
Saved fit model plot to ./results/rq1/20261003-0136-css_select_known/run1/css_select_known/plots/fitmodel_runtime_ns_vs_count_flow_content_css_select_5_2_0.png
Plotting 'runtime_ns' vs 'count_flow_item' for './results/rq1/20261003-0136-css_select_known/run1/css_select_known/summary.csv-function_name/css_select_5_1_0':
Saved plot to ./results/rq1/20261003-0136-css_select_known/run1/css_select_known/plots/runtime_ns_vs_count_flow_item_css_select_5_1_0.png
Plotting 'runtime_ns' vs 'count_flow_item' for './results/rq1/20261003-0136-css_select_known/run1/css_select_known/summary.csv-function_name/css_select_5_2_0':
Saved plot to ./results/rq1/20261003-0136-css_select_known/run1/css_select_known/plots/runtime_ns_vs_count_flow_item_css_select_5_2_0.png
For './results/rq1/20261003-0136-css_select_known/run1/css_select_known/summary.csv-function_name/css_select_5_1_0', feature 'count_flow_item' and metric 'runtime_ns': dropped 158 of 268 rows (censored, non-positive metric, or zero feature).
For './results/rq1/20261003-0136-css_select_known/run1/css_select_known/summary.csv-function_name/css_select_5_1_0', feature 'count_flow_item' and metric 'runtime_ns' the best fit is:
Best : Constant: time = 1.8E+04 (sec)                               
Constant: time = 1.8E+04 (sec)                                  (res: 39)
Linear: time = 1.7E+04 + 78*n (sec)                             (res: 38)
Quadratic: time = 1.7E+04 + 1.4*n^2 (sec)                       (res: 37)
Cubic: time = 1.7E+04 + 0.012*n^3 (sec)                         (res: 37)
Logarithmic: time = 1.9E+04 + -3.2E+02*log(n) (sec)             (res: 39)
Linearithmic: time = 1.7E+04 + 22*n*log(n) (sec)                (res: 38)
Exponential: time = 4E+04 * 0.99^n (sec)                        (res: 1.2E+02)

   [near-tie] within 10%: Quadratic, Cubic, Linearithmic, Linear, Logarithmic, Constant -- chosen by the simplicity bias, not the data.
   [exponent] free-exponent fit: runtime_ns ~ count_flow_item ** -0.21
Saved fit model plot to ./results/rq1/20261003-0136-css_select_known/run1/css_select_known/plots/fitmodel_runtime_ns_vs_count_flow_item_css_select_5_1_0.png
For './results/rq1/20261003-0136-css_select_known/run1/css_select_known/summary.csv-function_name/css_select_5_2_0', feature 'count_flow_item' and metric 'runtime_ns': dropped 156 of 268 rows (censored, non-positive metric, or zero feature).
For './results/rq1/20261003-0136-css_select_known/run1/css_select_known/summary.csv-function_name/css_select_5_2_0', feature 'count_flow_item' and metric 'runtime_ns' the best fit is:
Best : Constant: time = 2E+04 (sec)                                 
Constant: time = 2E+04 (sec)                                    (res: 40)
Linear: time = 1.8E+04 + 1E+02*n (sec)                          (res: 40)
Quadratic: time = 1.9E+04 + 1.8*n^2 (sec)                       (res: 39)
Cubic: time = 1.9E+04 + 0.016*n^3 (sec)                         (res: 39)
Logarithmic: time = 2E+04 + -1.8E+02*log(n) (sec)               (res: 40)
Linearithmic: time = 1.9E+04 + 28*n*log(n) (sec)                (res: 39)
Exponential: time = 4.4E+04 * 1^n (sec)                         (res: 1.3E+02)

   [near-tie] within 10%: Quadratic, Cubic, Linearithmic, Linear, Logarithmic, Constant -- chosen by the simplicity bias, not the data.
   [exponent] free-exponent fit: runtime_ns ~ count_flow_item ** -0.18
Saved fit model plot to ./results/rq1/20261003-0136-css_select_known/run1/css_select_known/plots/fitmodel_runtime_ns_vs_count_flow_item_css_select_5_2_0.png
Plotting 'runtime_ns' vs 'count_div' for './results/rq1/20261003-0136-css_select_known/run1/css_select_known/summary.csv-function_name/css_select_5_1_0':
Saved plot to ./results/rq1/20261003-0136-css_select_known/run1/css_select_known/plots/runtime_ns_vs_count_div_css_select_5_1_0.png
Plotting 'runtime_ns' vs 'count_div' for './results/rq1/20261003-0136-css_select_known/run1/css_select_known/summary.csv-function_name/css_select_5_2_0':
Saved plot to ./results/rq1/20261003-0136-css_select_known/run1/css_select_known/plots/runtime_ns_vs_count_div_css_select_5_2_0.png
For './results/rq1/20261003-0136-css_select_known/run1/css_select_known/summary.csv-function_name/css_select_5_1_0', feature 'count_div' and metric 'runtime_ns': dropped 147 of 268 rows (censored, non-positive metric, or zero feature).
For './results/rq1/20261003-0136-css_select_known/run1/css_select_known/summary.csv-function_name/css_select_5_1_0', feature 'count_div' and metric 'runtime_ns' the best fit is:
Best : Constant: time = 1.7E+04 (sec)                               
Constant: time = 1.7E+04 (sec)                                  (res: 43)
Linear: time = 1.6E+04 + 1.5E+02*n (sec)                        (res: 43)
Quadratic: time = 1.6E+04 + 10*n^2 (sec)                        (res: 43)
Cubic: time = 1.6E+04 + 0.49*n^3 (sec)                          (res: 43)
Logarithmic: time = 1.6E+04 + 3.7E+02*log(n) (sec)              (res: 43)
Linearithmic: time = 1.6E+04 + 58*n*log(n) (sec)                (res: 43)
Exponential: time = 4.1E+04 * 0.97^n (sec)                      (res: 1.5E+02)

   [near-tie] within 10%: Cubic, Quadratic, Linearithmic, Linear, Logarithmic, Constant -- chosen by the simplicity bias, not the data.
   [exponent] free-exponent fit: runtime_ns ~ count_div ** -0.27
Saved fit model plot to ./results/rq1/20261003-0136-css_select_known/run1/css_select_known/plots/fitmodel_runtime_ns_vs_count_div_css_select_5_1_0.png
For './results/rq1/20261003-0136-css_select_known/run1/css_select_known/summary.csv-function_name/css_select_5_2_0', feature 'count_div' and metric 'runtime_ns': dropped 114 of 268 rows (censored, non-positive metric, or zero feature).
For './results/rq1/20261003-0136-css_select_known/run1/css_select_known/summary.csv-function_name/css_select_5_2_0', feature 'count_div' and metric 'runtime_ns' the best fit is:
Best : Constant: time = 1.9E+04 (sec)                               
Constant: time = 1.9E+04 (sec)                                  (res: 68)
Linear: time = 1.9E+04 + 1.2E+02*n (sec)                        (res: 68)
Quadratic: time = 1.9E+04 + 8.5*n^2 (sec)                       (res: 68)
Cubic: time = 1.9E+04 + 0.42*n^3 (sec)                          (res: 68)
Logarithmic: time = 1.9E+04 + 3.9E+02*log(n) (sec)              (res: 68)
Linearithmic: time = 1.9E+04 + 46*n*log(n) (sec)                (res: 68)
Exponential: time = 6.3E+04 * 0.95^n (sec)                      (res: 3.4E+02)

   [near-tie] within 10%: Cubic, Quadratic, Linearithmic, Linear, Logarithmic, Constant -- chosen by the simplicity bias, not the data.
   [exponent] free-exponent fit: runtime_ns ~ count_div ** -0.31
Saved fit model plot to ./results/rq1/20261003-0136-css_select_known/run1/css_select_known/plots/fitmodel_runtime_ns_vs_count_div_css_select_5_2_0.png
Plotting 'runtime_ns' vs 'count_more_node' for './results/rq1/20261003-0136-css_select_known/run1/css_select_known/summary.csv-function_name/css_select_5_1_0':
Saved plot to ./results/rq1/20261003-0136-css_select_known/run1/css_select_known/plots/runtime_ns_vs_count_more_node_css_select_5_1_0.png
Plotting 'runtime_ns' vs 'count_more_node' for './results/rq1/20261003-0136-css_select_known/run1/css_select_known/summary.csv-function_name/css_select_5_2_0':
Saved plot to ./results/rq1/20261003-0136-css_select_known/run1/css_select_known/plots/runtime_ns_vs_count_more_node_css_select_5_2_0.png
For './results/rq1/20261003-0136-css_select_known/run1/css_select_known/summary.csv-function_name/css_select_5_1_0', feature 'count_more_node' and metric 'runtime_ns': dropped 176 of 268 rows (censored, non-positive metric, or zero feature).
For './results/rq1/20261003-0136-css_select_known/run1/css_select_known/summary.csv-function_name/css_select_5_1_0', feature 'count_more_node' and metric 'runtime_ns' the best fit is:
Best : Constant: time = 1.5E+04 (sec)                               
Constant: time = 1.5E+04 (sec)                                  (res: 20)
Linear: time = 1.5E+04 + 24*n (sec)                             (res: 20)
Quadratic: time = 1.5E+04 + 6.7*n^2 (sec)                       (res: 20)
Cubic: time = 1.5E+04 + 1*n^3 (sec)                             (res: 20)
Logarithmic: time = 1.5E+04 + -0.059*log(n) (sec)               (res: 20)
Linearithmic: time = 1.5E+04 + 15*n*log(n) (sec)                (res: 20)
Exponential: time = 2.3E+04 * 1^n (sec)                         (res: 37)

   [near-tie] within 10%: Cubic, Quadratic, Linearithmic, Linear, Logarithmic, Constant -- chosen by the simplicity bias, not the data.
   [exponent] free-exponent fit: runtime_ns ~ count_more_node ** -0.02
Saved fit model plot to ./results/rq1/20261003-0136-css_select_known/run1/css_select_known/plots/fitmodel_runtime_ns_vs_count_more_node_css_select_5_1_0.png
For './results/rq1/20261003-0136-css_select_known/run1/css_select_known/summary.csv-function_name/css_select_5_2_0', feature 'count_more_node' and metric 'runtime_ns': dropped 145 of 268 rows (censored, non-positive metric, or zero feature).
For './results/rq1/20261003-0136-css_select_known/run1/css_select_known/summary.csv-function_name/css_select_5_2_0', feature 'count_more_node' and metric 'runtime_ns' the best fit is:
Best : Constant: time = 1.7E+04 (sec)                               
Constant: time = 1.7E+04 (sec)                                  (res: 44)
Linear: time = 1.7E+04 + 51*n (sec)                             (res: 44)
Quadratic: time = 1.7E+04 + 9.7*n^2 (sec)                       (res: 44)
Cubic: time = 1.7E+04 + 1.3*n^3 (sec)                           (res: 44)
Logarithmic: time = 1.7E+04 + 57*log(n) (sec)                   (res: 44)
Linearithmic: time = 1.7E+04 + 28*n*log(n) (sec)                (res: 44)
Exponential: time = 5.3E+04 * 0.9^n (sec)                       (res: 1.8E+02)

   [near-tie] within 10%: Cubic, Quadratic, Linearithmic, Linear, Logarithmic, Constant -- chosen by the simplicity bias, not the data.
   [exponent] free-exponent fit: runtime_ns ~ count_more_node ** -0.48
Saved fit model plot to ./results/rq1/20261003-0136-css_select_known/run1/css_select_known/plots/fitmodel_runtime_ns_vs_count_more_node_css_select_5_2_0.png
Plotting 'runtime_ns' vs 'doc_depth' for './results/rq1/20261003-0136-css_select_known/run1/css_select_known/summary.csv-function_name/css_select_5_1_0':
Saved plot to ./results/rq1/20261003-0136-css_select_known/run1/css_select_known/plots/runtime_ns_vs_doc_depth_css_select_5_1_0.png
Plotting 'runtime_ns' vs 'doc_depth' for './results/rq1/20261003-0136-css_select_known/run1/css_select_known/summary.csv-function_name/css_select_5_2_0':
Saved plot to ./results/rq1/20261003-0136-css_select_known/run1/css_select_known/plots/runtime_ns_vs_doc_depth_css_select_5_2_0.png
For './results/rq1/20261003-0136-css_select_known/run1/css_select_known/summary.csv-function_name/css_select_5_1_0', feature 'doc_depth' and metric 'runtime_ns': dropped 92 of 268 rows (censored, non-positive metric, or zero feature).
For './results/rq1/20261003-0136-css_select_known/run1/css_select_known/summary.csv-function_name/css_select_5_1_0', feature 'doc_depth' and metric 'runtime_ns' the best fit is:
Best : Constant: time = 1.5E+04 (sec)                               
Constant: time = 1.5E+04 (sec)                                  (res: 68)
Linear: time = 8.8E+03 + 1.3E+03*n (sec)                        (res: 63)
Quadratic: time = 1.3E+04 + 67*n^2 (sec)                        (res: 64)
Cubic: time = 1.5E+04 + 3.4*n^3 (sec)                           (res: 65)
Logarithmic: time = 2.3E+03 + 8.6E+03*log(n) (sec)              (res: 62)
Linearithmic: time = 1.2E+04 + 4.2E+02*n*log(n) (sec)           (res: 63)
Exponential: time = 4.1E+04 * 0.97^n (sec)                      (res: 2.5E+02)

   [near-tie] within 10%: Logarithmic, Linear, Linearithmic, Quadratic, Cubic, Constant -- chosen by the simplicity bias, not the data.
   [exponent] free-exponent fit: runtime_ns ~ doc_depth ** -0.34
Saved fit model plot to ./results/rq1/20261003-0136-css_select_known/run1/css_select_known/plots/fitmodel_runtime_ns_vs_doc_depth_css_select_5_1_0.png
For './results/rq1/20261003-0136-css_select_known/run1/css_select_known/summary.csv-function_name/css_select_5_2_0', feature 'doc_depth' and metric 'runtime_ns': dropped 56 of 268 rows (censored, non-positive metric, or zero feature).
For './results/rq1/20261003-0136-css_select_known/run1/css_select_known/summary.csv-function_name/css_select_5_2_0', feature 'doc_depth' and metric 'runtime_ns' the best fit is:
Best : Constant: time = 1.8E+04 (sec)                               
Constant: time = 1.8E+04 (sec)                                  (res: 93)
Linear: time = 1.3E+04 + 1.1E+03*n (sec)                        (res: 90)
Quadratic: time = 1.6E+04 + 61*n^2 (sec)                        (res: 91)
Cubic: time = 1.7E+04 + 3.3*n^3 (sec)                           (res: 91)
Logarithmic: time = 7.8E+03 + 6.7E+03*log(n) (sec)              (res: 91)
Linearithmic: time = 1.5E+04 + 3.6E+02*n*log(n) (sec)           (res: 91)
Exponential: time = 7.2E+04 * 0.93^n (sec)                      (res: 4.8E+02)

   [near-tie] within 10%: Linear, Linearithmic, Logarithmic, Quadratic, Cubic, Constant -- chosen by the simplicity bias, not the data.
   [exponent] free-exponent fit: runtime_ns ~ doc_depth ** -0.72
Saved fit model plot to ./results/rq1/20261003-0136-css_select_known/run1/css_select_known/plots/fitmodel_runtime_ns_vs_doc_depth_css_select_5_2_0.png
Plotting 'runtime_ns' vs 'doc_bytes' for './results/rq1/20261003-0136-css_select_known/run1/css_select_known/summary.csv-function_name/css_select_5_1_0':
Saved plot to ./results/rq1/20261003-0136-css_select_known/run1/css_select_known/plots/runtime_ns_vs_doc_bytes_css_select_5_1_0.png
Plotting 'runtime_ns' vs 'doc_bytes' for './results/rq1/20261003-0136-css_select_known/run1/css_select_known/summary.csv-function_name/css_select_5_2_0':
Saved plot to ./results/rq1/20261003-0136-css_select_known/run1/css_select_known/plots/runtime_ns_vs_doc_bytes_css_select_5_2_0.png
For './results/rq1/20261003-0136-css_select_known/run1/css_select_known/summary.csv-function_name/css_select_5_1_0', feature 'doc_bytes' and metric 'runtime_ns': dropped 92 of 268 rows (censored, non-positive metric, or zero feature).
For './results/rq1/20261003-0136-css_select_known/run1/css_select_known/summary.csv-function_name/css_select_5_1_0', feature 'doc_bytes' and metric 'runtime_ns' the best fit is:
Best : Constant: time = 1.5E+04 (sec)                               
Constant: time = 1.5E+04 (sec)                                  (res: 68)
Linear: time = 1.4E+04 + 0.9*n (sec)                            (res: 65)
Quadratic: time = 1.5E+04 + 4E-05*n^2 (sec)                     (res: 67)
Cubic: time = 1.5E+04 + 2.1E-09*n^3 (sec)                       (res: 67)
Logarithmic: time = 1.2E+03 + 2.2E+03*log(n) (sec)              (res: 64)
Linearithmic: time = 1.4E+04 + 0.089*n*log(n) (sec)             (res: 66)
Exponential: time = 3.6E+04 * 1^n (sec)                         (res: 2.4E+02)

   [near-tie] within 10%: Logarithmic, Linear, Linearithmic, Quadratic, Cubic, Constant -- chosen by the simplicity bias, not the data.
   [exponent] free-exponent fit: runtime_ns ~ doc_bytes ** -0.20
Saved fit model plot to ./results/rq1/20261003-0136-css_select_known/run1/css_select_known/plots/fitmodel_runtime_ns_vs_doc_bytes_css_select_5_1_0.png
For './results/rq1/20261003-0136-css_select_known/run1/css_select_known/summary.csv-function_name/css_select_5_2_0', feature 'doc_bytes' and metric 'runtime_ns': dropped 56 of 268 rows (censored, non-positive metric, or zero feature).
For './results/rq1/20261003-0136-css_select_known/run1/css_select_known/summary.csv-function_name/css_select_5_2_0', feature 'doc_bytes' and metric 'runtime_ns' the best fit is:
Best : Constant: time = 1.8E+04 (sec)                               
Constant: time = 1.8E+04 (sec)                                  (res: 93)
Linear: time = 1.7E+04 + 0.86*n (sec)                           (res: 92)
Quadratic: time = 1.8E+04 + 4.3E-05*n^2 (sec)                   (res: 92)
Cubic: time = 1.8E+04 + 2.4E-09*n^3 (sec)                       (res: 93)
Logarithmic: time = 7.4E+03 + 1.6E+03*log(n) (sec)              (res: 92)
Linearithmic: time = 1.7E+04 + 0.088*n*log(n) (sec)             (res: 92)
Exponential: time = 5.3E+04 * 1^n (sec)                         (res: 4.5E+02)

   [near-tie] within 10%: Logarithmic, Linear, Linearithmic, Quadratic, Cubic, Constant -- chosen by the simplicity bias, not the data.
   [exponent] free-exponent fit: runtime_ns ~ doc_bytes ** -0.31
Saved fit model plot to ./results/rq1/20261003-0136-css_select_known/run1/css_select_known/plots/fitmodel_runtime_ns_vs_doc_bytes_css_select_5_2_0.png
Plotting 'runtime_ns' vs 'selector_len' for './results/rq1/20261003-0136-css_select_known/run1/css_select_known/summary.csv-function_name/css_select_5_1_0':
Saved plot to ./results/rq1/20261003-0136-css_select_known/run1/css_select_known/plots/runtime_ns_vs_selector_len_css_select_5_1_0.png
Plotting 'runtime_ns' vs 'selector_len' for './results/rq1/20261003-0136-css_select_known/run1/css_select_known/summary.csv-function_name/css_select_5_2_0':
Saved plot to ./results/rq1/20261003-0136-css_select_known/run1/css_select_known/plots/runtime_ns_vs_selector_len_css_select_5_2_0.png
For './results/rq1/20261003-0136-css_select_known/run1/css_select_known/summary.csv-function_name/css_select_5_1_0', feature 'selector_len' and metric 'runtime_ns': dropped 92 of 268 rows (censored, non-positive metric, or zero feature).
For './results/rq1/20261003-0136-css_select_known/run1/css_select_known/summary.csv-function_name/css_select_5_1_0', feature 'selector_len' and metric 'runtime_ns' the best fit is:
Best : Linear: time = 1.3E+04 + 52*n (sec)                          
Constant: time = 1.5E+04 (sec)                                  (res: 68)
Linear: time = 1.3E+04 + 52*n (sec)                             (res: 51)
Quadratic: time = 1.5E+04 + 0.034*n^2 (sec)                     (res: 61)
Cubic: time = 1.5E+04 + 1.9E-05*n^3 (sec)                       (res: 65)
Logarithmic: time = 4.9E+03 + 3.5E+03*log(n) (sec)              (res: 58)
Linearithmic: time = 1.4E+04 + 7.3*n*log(n) (sec)               (res: 53)
Exponential: time = 2.4E+04 * 1^n (sec)                         (res: 2E+02)

   [near-tie] within 10%: Linear, Linearithmic -- chosen by the simplicity bias, not the data.
   [exponent] free-exponent fit: runtime_ns ~ selector_len ** 0.35
Saved fit model plot to ./results/rq1/20261003-0136-css_select_known/run1/css_select_known/plots/fitmodel_runtime_ns_vs_selector_len_css_select_5_1_0.png
For './results/rq1/20261003-0136-css_select_known/run1/css_select_known/summary.csv-function_name/css_select_5_2_0', feature 'selector_len' and metric 'runtime_ns': dropped 56 of 268 rows (censored, non-positive metric, or zero feature).
For './results/rq1/20261003-0136-css_select_known/run1/css_select_known/summary.csv-function_name/css_select_5_2_0', feature 'selector_len' and metric 'runtime_ns' the best fit is:
Best : Linear: time = 1.5E+04 + 66*n (sec)                          
Constant: time = 1.8E+04 (sec)                                  (res: 93)
Linear: time = 1.5E+04 + 66*n (sec)                             (res: 68)
Quadratic: time = 1.7E+04 + 0.042*n^2 (sec)                     (res: 83)
Cubic: time = 1.8E+04 + 2.2E-05*n^3 (sec)                       (res: 89)
Logarithmic: time = 4.2E+03 + 4.6E+03*log(n) (sec)              (res: 80)
Linearithmic: time = 1.6E+04 + 9.3*n*log(n) (sec)               (res: 71)
Exponential: time = 2.8E+04 * 1^n (sec)                         (res: 4.7E+02)

   [near-tie] within 10%: Linear, Linearithmic -- chosen by the simplicity bias, not the data.
   [exponent] free-exponent fit: runtime_ns ~ selector_len ** 0.41
Saved fit model plot to ./results/rq1/20261003-0136-css_select_known/run1/css_select_known/plots/fitmodel_runtime_ns_vs_selector_len_css_select_5_2_0.png
Plotting 'runtime_ns' vs 'selector_nesting' for './results/rq1/20261003-0136-css_select_known/run1/css_select_known/summary.csv-function_name/css_select_5_1_0':
Saved plot to ./results/rq1/20261003-0136-css_select_known/run1/css_select_known/plots/runtime_ns_vs_selector_nesting_css_select_5_1_0.png
Plotting 'runtime_ns' vs 'selector_nesting' for './results/rq1/20261003-0136-css_select_known/run1/css_select_known/summary.csv-function_name/css_select_5_2_0':
Saved plot to ./results/rq1/20261003-0136-css_select_known/run1/css_select_known/plots/runtime_ns_vs_selector_nesting_css_select_5_2_0.png
For './results/rq1/20261003-0136-css_select_known/run1/css_select_known/summary.csv-function_name/css_select_5_1_0', feature 'selector_nesting' and metric 'runtime_ns': dropped 184 of 268 rows (censored, non-positive metric, or zero feature).
For './results/rq1/20261003-0136-css_select_known/run1/css_select_known/summary.csv-function_name/css_select_5_1_0', feature 'selector_nesting' and metric 'runtime_ns' the best fit is:
Best : Linear: time = -6.2E+03 + 2.4E+04*n (sec)                    
Constant: time = 2.7E+04 (sec)                                  (res: 38)
Linear: time = -6.2E+03 + 2.4E+04*n (sec)                       (res: 20)
Quadratic: time = 1.2E+04 + 6.3E+03*n^2 (sec)                   (res: 19)
Cubic: time = 1.7E+04 + 1.9E+03*n^3 (sec)                       (res: 19)
Logarithmic: time = 1.8E+04 + 4E+04*log(n) (sec)                (res: 22)
Linearithmic: time = 1.8E+04 + 1.5E+04*n*log(n) (sec)           (res: 19)
Exponential: time = 1.8E+04 * 1.7^n (sec)                       (res: 32)

   [near-tie] within 10%: Cubic, Quadratic, Linearithmic, Linear -- chosen by the simplicity bias, not the data.
   [exponent] free-exponent fit: runtime_ns ~ selector_nesting ** 0.99
Saved fit model plot to ./results/rq1/20261003-0136-css_select_known/run1/css_select_known/plots/fitmodel_runtime_ns_vs_selector_nesting_css_select_5_1_0.png
For './results/rq1/20261003-0136-css_select_known/run1/css_select_known/summary.csv-function_name/css_select_5_2_0', feature 'selector_nesting' and metric 'runtime_ns': dropped 149 of 268 rows (censored, non-positive metric, or zero feature).
For './results/rq1/20261003-0136-css_select_known/run1/css_select_known/summary.csv-function_name/css_select_5_2_0', feature 'selector_nesting' and metric 'runtime_ns' the best fit is:
Best : Linear: time = -1.2E+04 + 3.2E+04*n (sec)                    
Constant: time = 3.3E+04 (sec)                                  (res: 60)
Linear: time = -1.2E+04 + 3.2E+04*n (sec)                       (res: 24)
Quadratic: time = 1.4E+04 + 7.2E+03*n^2 (sec)                   (res: 23)
Cubic: time = 2.1E+04 + 1.7E+03*n^3 (sec)                       (res: 26)
Logarithmic: time = 2E+04 + 5.7E+04*log(n) (sec)                (res: 27)
Linearithmic: time = 2E+04 + 1.9E+04*n*log(n) (sec)             (res: 23)
Exponential: time = 2.4E+04 * 1.6^n (sec)                       (res: 41)

   [near-tie] within 10%: Linearithmic, Quadratic, Linear -- chosen by the simplicity bias, not the data.
   [exponent] free-exponent fit: runtime_ns ~ selector_nesting ** 1.02
Saved fit model plot to ./results/rq1/20261003-0136-css_select_known/run1/css_select_known/plots/fitmodel_runtime_ns_vs_selector_nesting_css_select_5_2_0.png
Model fit results for './results/rq1/20261003-0136-css_select_known/run1/css_select_known/summary.csv-function_name/css_select_5_1_0':
Best fit for './results/rq1/20261003-0136-css_select_known/run1/css_select_known/summary.csv-function_name/css_select_5_1_0':
R^2: 0.3937402627172395
Intercept: -22.280591534724294
Feature 'count_combinator' has complexity class 'Logarithmic'.
The coefficient for this feature is 159263.31655751704.
Feature 'count_relative_selector_list' has complexity class 'Cubic'.
The coefficient for this feature is -2785.0739418142584.
Feature 'count_complex_selector_list_in_has' has complexity class 'Logarithmic'.
The coefficient for this feature is -15.443729203529642.
Feature 'count_more_complex_selector_in_has' has complexity class 'Linear'.
The coefficient for this feature is -22.28059153466964.
Saved 3d fit model plot to ./results/rq1/20261003-0136-css_select_known/run1/css_select_known/plots/3dmodel_runtime_ns_vs_count_combinator_and_count_relative_selector_list_and_count_complex_selector_list_in_has_and_count_more_complex_selector_in_has_css_select_5_1_0.png
Model fit results for './results/rq1/20261003-0136-css_select_known/run1/css_select_known/summary.csv-function_name/css_select_5_2_0':
Best fit for './results/rq1/20261003-0136-css_select_known/run1/css_select_known/summary.csv-function_name/css_select_5_2_0':
R^2: 0.9421429976204725
Intercept: -45021.72550019185
Feature 'count_combinator' has complexity class 'Logarithmic'.
The coefficient for this feature is 181962.1227385389.
Feature 'count_relative_selector_list' has complexity class 'Exponential'.
The coefficient for this feature is 0.0005756763553966815.
Feature 'count_complex_selector_list_in_has' has complexity class 'Logarithmic'.
The coefficient for this feature is -31204.43644740412.
Feature 'count_more_complex_selector_in_has' has complexity class 'Exponential'.
The coefficient for this feature is -122381.73831299786.
Saved 3d fit model plot to ./results/rq1/20261003-0136-css_select_known/run1/css_select_known/plots/3dmodel_runtime_ns_vs_count_combinator_and_count_relative_selector_list_and_count_complex_selector_list_in_has_and_count_more_complex_selector_in_has_css_select_5_2_0.png
Best complexity classes for './results/rq1/20261003-0136-css_select_known/run1/css_select_known/summary.csv-function_name/css_select_5_1_0': ('Logarithmic', 'Cubic', 'Logarithmic', 'Linear')
Best complexity classes for './results/rq1/20261003-0136-css_select_known/run1/css_select_known/summary.csv-function_name/css_select_5_2_0': ('Logarithmic', 'Exponential', 'Logarithmic', 'Exponential')
======================================================================
Plotting 'rss' vs 'count_complex_selector_list' for './results/rq1/20261003-0136-css_select_known/run1/css_select_known/summary.csv-function_name/css_select_5_1_0':
Saved plot to ./results/rq1/20261003-0136-css_select_known/run1/css_select_known/plots/rss_vs_count_complex_selector_list_css_select_5_1_0.png
Plotting 'rss' vs 'count_complex_selector_list' for './results/rq1/20261003-0136-css_select_known/run1/css_select_known/summary.csv-function_name/css_select_5_2_0':
Saved plot to ./results/rq1/20261003-0136-css_select_known/run1/css_select_known/plots/rss_vs_count_complex_selector_list_css_select_5_2_0.png
For './results/rq1/20261003-0136-css_select_known/run1/css_select_known/summary.csv-function_name/css_select_5_1_0', feature 'count_complex_selector_list' and metric 'rss': dropped 92 of 268 rows (censored, non-positive metric, or zero feature).
For './results/rq1/20261003-0136-css_select_known/run1/css_select_known/summary.csv-function_name/css_select_5_1_0', feature 'count_complex_selector_list' and metric 'rss' the best fit is:
Best : Logarithmic: time = 7E+07 + 1E+06*log(n) (sec)               
Constant: time = 7.1E+07 (sec)                                  (res: 0.049)
Linear: time = 7E+07 + 2.1E+05*n (sec)                          (res: 0.032)
Quadratic: time = 7E+07 + 1.2E+04*n^2 (sec)                     (res: 0.037)
Cubic: time = 7E+07 + 7.6E+02*n^3 (sec)                         (res: 0.039)
Logarithmic: time = 7E+07 + 1E+06*log(n) (sec)                  (res: 0.027)
Linearithmic: time = 7E+07 + 6.9E+04*n*log(n) (sec)             (res: 0.035)
Exponential: time = 7E+07 * 1^n (sec)                           (res: 0.032)

   [exponent] free-exponent fit: rss ~ count_complex_selector_list ** 0.01
Saved fit model plot to ./results/rq1/20261003-0136-css_select_known/run1/css_select_known/plots/fitmodel_rss_vs_count_complex_selector_list_css_select_5_1_0.png
For './results/rq1/20261003-0136-css_select_known/run1/css_select_known/summary.csv-function_name/css_select_5_2_0', feature 'count_complex_selector_list' and metric 'rss': dropped 56 of 268 rows (censored, non-positive metric, or zero feature).
For './results/rq1/20261003-0136-css_select_known/run1/css_select_known/summary.csv-function_name/css_select_5_2_0', feature 'count_complex_selector_list' and metric 'rss' the best fit is:
Best : Logarithmic: time = 7E+07 + 1.3E+06*log(n) (sec)             
Constant: time = 7.1E+07 (sec)                                  (res: 0.12)
Linear: time = 7E+07 + 2.1E+05*n (sec)                          (res: 0.068)
Quadratic: time = 7.1E+07 + 1.1E+04*n^2 (sec)                   (res: 0.078)
Cubic: time = 7.1E+07 + 6.2E+02*n^3 (sec)                       (res: 0.085)
Logarithmic: time = 7E+07 + 1.3E+06*log(n) (sec)                (res: 0.055)
Linearithmic: time = 7E+07 + 6.8E+04*n*log(n) (sec)             (res: 0.073)
Exponential: time = 7E+07 * 1^n (sec)                           (res: 0.069)

   [exponent] free-exponent fit: rss ~ count_complex_selector_list ** 0.02
Saved fit model plot to ./results/rq1/20261003-0136-css_select_known/run1/css_select_known/plots/fitmodel_rss_vs_count_complex_selector_list_css_select_5_2_0.png
Plotting 'rss' vs 'count_complex_selector' for './results/rq1/20261003-0136-css_select_known/run1/css_select_known/summary.csv-function_name/css_select_5_1_0':
Saved plot to ./results/rq1/20261003-0136-css_select_known/run1/css_select_known/plots/rss_vs_count_complex_selector_css_select_5_1_0.png
Plotting 'rss' vs 'count_complex_selector' for './results/rq1/20261003-0136-css_select_known/run1/css_select_known/summary.csv-function_name/css_select_5_2_0':
Saved plot to ./results/rq1/20261003-0136-css_select_known/run1/css_select_known/plots/rss_vs_count_complex_selector_css_select_5_2_0.png
For './results/rq1/20261003-0136-css_select_known/run1/css_select_known/summary.csv-function_name/css_select_5_1_0', feature 'count_complex_selector' and metric 'rss': dropped 92 of 268 rows (censored, non-positive metric, or zero feature).
For './results/rq1/20261003-0136-css_select_known/run1/css_select_known/summary.csv-function_name/css_select_5_1_0', feature 'count_complex_selector' and metric 'rss' the best fit is:
Best : Linear: time = 6.9E+07 + 1.4E+05*n (sec)                     
Constant: time = 7.1E+07 (sec)                                  (res: 0.049)
Linear: time = 6.9E+07 + 1.4E+05*n (sec)                        (res: 0.016)
Quadratic: time = 7E+07 + 4.7E+03*n^2 (sec)                     (res: 0.026)
Cubic: time = 7E+07 + 1.4E+02*n^3 (sec)                         (res: 0.035)
Logarithmic: time = 6.9E+07 + 8.7E+05*log(n) (sec)              (res: 0.018)
Linearithmic: time = 7E+07 + 4.1E+04*n*log(n) (sec)             (res: 0.019)
Exponential: time = 6.9E+07 * 1^n (sec)                         (res: 0.016)

   [near-tie] within 10%: Linear, Exponential -- chosen by the simplicity bias, not the data.
   [exponent] free-exponent fit: rss ~ count_complex_selector ** 0.01
Saved fit model plot to ./results/rq1/20261003-0136-css_select_known/run1/css_select_known/plots/fitmodel_rss_vs_count_complex_selector_css_select_5_1_0.png
For './results/rq1/20261003-0136-css_select_known/run1/css_select_known/summary.csv-function_name/css_select_5_2_0', feature 'count_complex_selector' and metric 'rss': dropped 56 of 268 rows (censored, non-positive metric, or zero feature).
For './results/rq1/20261003-0136-css_select_known/run1/css_select_known/summary.csv-function_name/css_select_5_2_0', feature 'count_complex_selector' and metric 'rss' the best fit is:
Best : Logarithmic: time = 6.9E+07 + 1.1E+06*log(n) (sec)           
Constant: time = 7.1E+07 (sec)                                  (res: 0.12)
Linear: time = 7E+07 + 1.1E+05*n (sec)                          (res: 0.046)
Quadratic: time = 7E+07 + 2.3E+03*n^2 (sec)                     (res: 0.067)
Cubic: time = 7.1E+07 + 53*n^3 (sec)                            (res: 0.076)
Logarithmic: time = 6.9E+07 + 1.1E+06*log(n) (sec)              (res: 0.036)
Linearithmic: time = 7E+07 + 2.7E+04*n*log(n) (sec)             (res: 0.053)
Exponential: time = 7E+07 * 1^n (sec)                           (res: 0.047)

   [exponent] free-exponent fit: rss ~ count_complex_selector ** 0.02
Saved fit model plot to ./results/rq1/20261003-0136-css_select_known/run1/css_select_known/plots/fitmodel_rss_vs_count_complex_selector_css_select_5_2_0.png
Plotting 'rss' vs 'count_combinator' for './results/rq1/20261003-0136-css_select_known/run1/css_select_known/summary.csv-function_name/css_select_5_1_0':
Saved plot to ./results/rq1/20261003-0136-css_select_known/run1/css_select_known/plots/rss_vs_count_combinator_css_select_5_1_0.png
Plotting 'rss' vs 'count_combinator' for './results/rq1/20261003-0136-css_select_known/run1/css_select_known/summary.csv-function_name/css_select_5_2_0':
Saved plot to ./results/rq1/20261003-0136-css_select_known/run1/css_select_known/plots/rss_vs_count_combinator_css_select_5_2_0.png
For './results/rq1/20261003-0136-css_select_known/run1/css_select_known/summary.csv-function_name/css_select_5_1_0', feature 'count_combinator' and metric 'rss': dropped 138 of 268 rows (censored, non-positive metric, or zero feature).
For './results/rq1/20261003-0136-css_select_known/run1/css_select_known/summary.csv-function_name/css_select_5_1_0', feature 'count_combinator' and metric 'rss' the best fit is:
Best : Logarithmic: time = 6.9E+07 + 8.9E+05*log(n) (sec)           
Constant: time = 7.1E+07 (sec)                                  (res: 0.039)
Linear: time = 7E+07 + 1.4E+05*n (sec)                          (res: 0.011)
Quadratic: time = 7E+07 + 6.3E+03*n^2 (sec)                     (res: 0.014)
Cubic: time = 7E+07 + 3E+02*n^3 (sec)                           (res: 0.017)
Logarithmic: time = 6.9E+07 + 8.9E+05*log(n) (sec)              (res: 0.01)
Linearithmic: time = 7E+07 + 4.3E+04*n*log(n) (sec)             (res: 0.012)
Exponential: time = 7E+07 * 1^n (sec)                           (res: 0.011)

   [near-tie] within 10%: Logarithmic, Linear, Exponential -- chosen by the simplicity bias, not the data.
   [exponent] free-exponent fit: rss ~ count_combinator ** 0.01
Saved fit model plot to ./results/rq1/20261003-0136-css_select_known/run1/css_select_known/plots/fitmodel_rss_vs_count_combinator_css_select_5_1_0.png
For './results/rq1/20261003-0136-css_select_known/run1/css_select_known/summary.csv-function_name/css_select_5_2_0', feature 'count_combinator' and metric 'rss': dropped 102 of 268 rows (censored, non-positive metric, or zero feature).
For './results/rq1/20261003-0136-css_select_known/run1/css_select_known/summary.csv-function_name/css_select_5_2_0', feature 'count_combinator' and metric 'rss' the best fit is:
Best : Logarithmic: time = 6.9E+07 + 1.2E+06*log(n) (sec)           
Constant: time = 7.2E+07 (sec)                                  (res: 0.09)
Linear: time = 7E+07 + 1.6E+05*n (sec)                          (res: 0.026)
Quadratic: time = 7E+07 + 5.9E+03*n^2 (sec)                     (res: 0.035)
Cubic: time = 7.1E+07 + 2.3E+02*n^3 (sec)                       (res: 0.044)
Logarithmic: time = 6.9E+07 + 1.2E+06*log(n) (sec)              (res: 0.023)
Linearithmic: time = 7E+07 + 4.6E+04*n*log(n) (sec)             (res: 0.029)
Exponential: time = 7E+07 * 1^n (sec)                           (res: 0.026)

   [exponent] free-exponent fit: rss ~ count_combinator ** 0.02
Saved fit model plot to ./results/rq1/20261003-0136-css_select_known/run1/css_select_known/plots/fitmodel_rss_vs_count_combinator_css_select_5_2_0.png
Plotting 'rss' vs 'count_subclass_selectors' for './results/rq1/20261003-0136-css_select_known/run1/css_select_known/summary.csv-function_name/css_select_5_1_0':
Saved plot to ./results/rq1/20261003-0136-css_select_known/run1/css_select_known/plots/rss_vs_count_subclass_selectors_css_select_5_1_0.png
Plotting 'rss' vs 'count_subclass_selectors' for './results/rq1/20261003-0136-css_select_known/run1/css_select_known/summary.csv-function_name/css_select_5_2_0':
Saved plot to ./results/rq1/20261003-0136-css_select_known/run1/css_select_known/plots/rss_vs_count_subclass_selectors_css_select_5_2_0.png
For './results/rq1/20261003-0136-css_select_known/run1/css_select_known/summary.csv-function_name/css_select_5_1_0', feature 'count_subclass_selectors' and metric 'rss': dropped 104 of 268 rows (censored, non-positive metric, or zero feature).
For './results/rq1/20261003-0136-css_select_known/run1/css_select_known/summary.csv-function_name/css_select_5_1_0', feature 'count_subclass_selectors' and metric 'rss' the best fit is:
Best : Logarithmic: time = 6.9E+07 + 8.1E+05*log(n) (sec)           
Constant: time = 7.1E+07 (sec)                                  (res: 0.047)
Linear: time = 7E+07 + 1E+05*n (sec)                            (res: 0.024)
Quadratic: time = 7E+07 + 2E+03*n^2 (sec)                       (res: 0.036)
Cubic: time = 7E+07 + 31*n^3 (sec)                              (res: 0.042)
Logarithmic: time = 6.9E+07 + 8.1E+05*log(n) (sec)              (res: 0.022)
Linearithmic: time = 7E+07 + 2.6E+04*n*log(n) (sec)             (res: 0.028)
Exponential: time = 7E+07 * 1^n (sec)                           (res: 0.025)

   [exponent] free-exponent fit: rss ~ count_subclass_selectors ** 0.01
Saved fit model plot to ./results/rq1/20261003-0136-css_select_known/run1/css_select_known/plots/fitmodel_rss_vs_count_subclass_selectors_css_select_5_1_0.png
For './results/rq1/20261003-0136-css_select_known/run1/css_select_known/summary.csv-function_name/css_select_5_2_0', feature 'count_subclass_selectors' and metric 'rss': dropped 68 of 268 rows (censored, non-positive metric, or zero feature).
For './results/rq1/20261003-0136-css_select_known/run1/css_select_known/summary.csv-function_name/css_select_5_2_0', feature 'count_subclass_selectors' and metric 'rss' the best fit is:
Best : Logarithmic: time = 6.9E+07 + 1E+06*log(n) (sec)             
Constant: time = 7.1E+07 (sec)                                  (res: 0.11)
Linear: time = 7E+07 + 7.1E+04*n (sec)                          (res: 0.058)
Quadratic: time = 7.1E+07 + 1E+03*n^2 (sec)                     (res: 0.076)
Cubic: time = 7.1E+07 + 15*n^3 (sec)                            (res: 0.086)
Logarithmic: time = 6.9E+07 + 1E+06*log(n) (sec)                (res: 0.044)
Linearithmic: time = 7E+07 + 1.6E+04*n*log(n) (sec)             (res: 0.064)
Exponential: time = 7E+07 * 1^n (sec)                           (res: 0.059)

   [exponent] free-exponent fit: rss ~ count_subclass_selectors ** 0.01
Saved fit model plot to ./results/rq1/20261003-0136-css_select_known/run1/css_select_known/plots/fitmodel_rss_vs_count_subclass_selectors_css_select_5_2_0.png
Plotting 'rss' vs 'count_type_selector' for './results/rq1/20261003-0136-css_select_known/run1/css_select_known/summary.csv-function_name/css_select_5_1_0':
Saved plot to ./results/rq1/20261003-0136-css_select_known/run1/css_select_known/plots/rss_vs_count_type_selector_css_select_5_1_0.png
Plotting 'rss' vs 'count_type_selector' for './results/rq1/20261003-0136-css_select_known/run1/css_select_known/summary.csv-function_name/css_select_5_2_0':
Saved plot to ./results/rq1/20261003-0136-css_select_known/run1/css_select_known/plots/rss_vs_count_type_selector_css_select_5_2_0.png
For './results/rq1/20261003-0136-css_select_known/run1/css_select_known/summary.csv-function_name/css_select_5_1_0', feature 'count_type_selector' and metric 'rss': dropped 113 of 268 rows (censored, non-positive metric, or zero feature).
For './results/rq1/20261003-0136-css_select_known/run1/css_select_known/summary.csv-function_name/css_select_5_1_0', feature 'count_type_selector' and metric 'rss' the best fit is:
Best : Logarithmic: time = 6.9E+07 + 8.5E+05*log(n) (sec)           
Constant: time = 7.1E+07 (sec)                                  (res: 0.045)
Linear: time = 7E+07 + 1.1E+05*n (sec)                          (res: 0.011)
Quadratic: time = 7E+07 + 3.9E+03*n^2 (sec)                     (res: 0.017)
Cubic: time = 7E+07 + 1.3E+02*n^3 (sec)                         (res: 0.023)
Logarithmic: time = 6.9E+07 + 8.5E+05*log(n) (sec)              (res: 0.011)
Linearithmic: time = 7E+07 + 3.3E+04*n*log(n) (sec)             (res: 0.013)
Exponential: time = 7E+07 * 1^n (sec)                           (res: 0.011)

   [near-tie] within 10%: Linear, Exponential, Logarithmic -- chosen by the simplicity bias, not the data.
   [exponent] free-exponent fit: rss ~ count_type_selector ** 0.01
Saved fit model plot to ./results/rq1/20261003-0136-css_select_known/run1/css_select_known/plots/fitmodel_rss_vs_count_type_selector_css_select_5_1_0.png
For './results/rq1/20261003-0136-css_select_known/run1/css_select_known/summary.csv-function_name/css_select_5_2_0', feature 'count_type_selector' and metric 'rss': dropped 77 of 268 rows (censored, non-positive metric, or zero feature).
For './results/rq1/20261003-0136-css_select_known/run1/css_select_known/summary.csv-function_name/css_select_5_2_0', feature 'count_type_selector' and metric 'rss' the best fit is:
Best : Logarithmic: time = 6.9E+07 + 1.2E+06*log(n) (sec)           
Constant: time = 7.1E+07 (sec)                                  (res: 0.11)
Linear: time = 7E+07 + 1.4E+05*n (sec)                          (res: 0.028)
Quadratic: time = 7E+07 + 4.6E+03*n^2 (sec)                     (res: 0.042)
Cubic: time = 7E+07 + 1.5E+02*n^3 (sec)                         (res: 0.054)
Logarithmic: time = 6.9E+07 + 1.2E+06*log(n) (sec)              (res: 0.026)
Linearithmic: time = 7E+07 + 4E+04*n*log(n) (sec)               (res: 0.032)
Exponential: time = 7E+07 * 1^n (sec)                           (res: 0.029)

   [near-tie] within 10%: Logarithmic, Linear, Exponential -- chosen by the simplicity bias, not the data.
   [exponent] free-exponent fit: rss ~ count_type_selector ** 0.02
Saved fit model plot to ./results/rq1/20261003-0136-css_select_known/run1/css_select_known/plots/fitmodel_rss_vs_count_type_selector_css_select_5_2_0.png
Plotting 'rss' vs 'count_wq_name' for './results/rq1/20261003-0136-css_select_known/run1/css_select_known/summary.csv-function_name/css_select_5_1_0':
Saved plot to ./results/rq1/20261003-0136-css_select_known/run1/css_select_known/plots/rss_vs_count_wq_name_css_select_5_1_0.png
Plotting 'rss' vs 'count_wq_name' for './results/rq1/20261003-0136-css_select_known/run1/css_select_known/summary.csv-function_name/css_select_5_2_0':
Saved plot to ./results/rq1/20261003-0136-css_select_known/run1/css_select_known/plots/rss_vs_count_wq_name_css_select_5_2_0.png
For './results/rq1/20261003-0136-css_select_known/run1/css_select_known/summary.csv-function_name/css_select_5_1_0', feature 'count_wq_name' and metric 'rss': dropped 141 of 268 rows (censored, non-positive metric, or zero feature).
For './results/rq1/20261003-0136-css_select_known/run1/css_select_known/summary.csv-function_name/css_select_5_1_0', feature 'count_wq_name' and metric 'rss' the best fit is:
Best : Logarithmic: time = 7E+07 + 9.9E+05*log(n) (sec)             
Constant: time = 7.1E+07 (sec)                                  (res: 0.038)
Linear: time = 7E+07 + 2.7E+05*n (sec)                          (res: 0.014)
Quadratic: time = 7E+07 + 2.4E+04*n^2 (sec)                     (res: 0.017)
Cubic: time = 7E+07 + 2.1E+03*n^3 (sec)                         (res: 0.021)
Logarithmic: time = 7E+07 + 9.9E+05*log(n) (sec)                (res: 0.016)
Linearithmic: time = 7E+07 + 1.1E+05*n*log(n) (sec)             (res: 0.015)
Exponential: time = 7E+07 * 1^n (sec)                           (res: 0.015)

   [near-tie] within 10%: Linear, Exponential, Linearithmic, Logarithmic -- chosen by the simplicity bias, not the data.
   [exponent] free-exponent fit: rss ~ count_wq_name ** 0.01
Saved fit model plot to ./results/rq1/20261003-0136-css_select_known/run1/css_select_known/plots/fitmodel_rss_vs_count_wq_name_css_select_5_1_0.png
For './results/rq1/20261003-0136-css_select_known/run1/css_select_known/summary.csv-function_name/css_select_5_2_0', feature 'count_wq_name' and metric 'rss': dropped 105 of 268 rows (censored, non-positive metric, or zero feature).
For './results/rq1/20261003-0136-css_select_known/run1/css_select_known/summary.csv-function_name/css_select_5_2_0', feature 'count_wq_name' and metric 'rss' the best fit is:
Best : Logarithmic: time = 7E+07 + 1.3E+06*log(n) (sec)             
Constant: time = 7.2E+07 (sec)                                  (res: 0.088)
Linear: time = 7E+07 + 2.9E+05*n (sec)                          (res: 0.034)
Quadratic: time = 7.1E+07 + 1.9E+04*n^2 (sec)                   (res: 0.045)
Cubic: time = 7.1E+07 + 1.2E+03*n^3 (sec)                       (res: 0.057)
Logarithmic: time = 7E+07 + 1.3E+06*log(n) (sec)                (res: 0.032)
Linearithmic: time = 7E+07 + 1E+05*n*log(n) (sec)               (res: 0.038)
Exponential: time = 7E+07 * 1^n (sec)                           (res: 0.034)

   [near-tie] within 10%: Logarithmic, Linear, Exponential -- chosen by the simplicity bias, not the data.
   [exponent] free-exponent fit: rss ~ count_wq_name ** 0.02
Saved fit model plot to ./results/rq1/20261003-0136-css_select_known/run1/css_select_known/plots/fitmodel_rss_vs_count_wq_name_css_select_5_2_0.png
Plotting 'rss' vs 'count_pseudo_class_selector' for './results/rq1/20261003-0136-css_select_known/run1/css_select_known/summary.csv-function_name/css_select_5_1_0':
Saved plot to ./results/rq1/20261003-0136-css_select_known/run1/css_select_known/plots/rss_vs_count_pseudo_class_selector_css_select_5_1_0.png
Plotting 'rss' vs 'count_pseudo_class_selector' for './results/rq1/20261003-0136-css_select_known/run1/css_select_known/summary.csv-function_name/css_select_5_2_0':
Saved plot to ./results/rq1/20261003-0136-css_select_known/run1/css_select_known/plots/rss_vs_count_pseudo_class_selector_css_select_5_2_0.png
For './results/rq1/20261003-0136-css_select_known/run1/css_select_known/summary.csv-function_name/css_select_5_1_0', feature 'count_pseudo_class_selector' and metric 'rss': dropped 154 of 268 rows (censored, non-positive metric, or zero feature).
For './results/rq1/20261003-0136-css_select_known/run1/css_select_known/summary.csv-function_name/css_select_5_1_0', feature 'count_pseudo_class_selector' and metric 'rss' the best fit is:
Best : Logarithmic: time = 7E+07 + 1.1E+06*log(n) (sec)             
Constant: time = 7.1E+07 (sec)                                  (res: 0.033)
Linear: time = 7E+07 + 2.8E+05*n (sec)                          (res: 0.022)
Quadratic: time = 7.1E+07 + 2.1E+04*n^2 (sec)                   (res: 0.026)
Cubic: time = 7.1E+07 + 1.8E+03*n^3 (sec)                       (res: 0.028)
Logarithmic: time = 7E+07 + 1.1E+06*log(n) (sec)                (res: 0.018)
Linearithmic: time = 7.1E+07 + 9.9E+04*n*log(n) (sec)           (res: 0.024)
Exponential: time = 7E+07 * 1^n (sec)                           (res: 0.023)

   [exponent] free-exponent fit: rss ~ count_pseudo_class_selector ** 0.02
Saved fit model plot to ./results/rq1/20261003-0136-css_select_known/run1/css_select_known/plots/fitmodel_rss_vs_count_pseudo_class_selector_css_select_5_1_0.png
For './results/rq1/20261003-0136-css_select_known/run1/css_select_known/summary.csv-function_name/css_select_5_2_0', feature 'count_pseudo_class_selector' and metric 'rss': dropped 118 of 268 rows (censored, non-positive metric, or zero feature).
For './results/rq1/20261003-0136-css_select_known/run1/css_select_known/summary.csv-function_name/css_select_5_2_0', feature 'count_pseudo_class_selector' and metric 'rss' the best fit is:
Best : Logarithmic: time = 7E+07 + 1.1E+06*log(n) (sec)             
Constant: time = 7.2E+07 (sec)                                  (res: 0.077)
Linear: time = 7.1E+07 + 1.4E+05*n (sec)                        (res: 0.051)
Quadratic: time = 7.1E+07 + 6E+03*n^2 (sec)                     (res: 0.056)
Cubic: time = 7.1E+07 + 2.9E+02*n^3 (sec)                       (res: 0.057)
Logarithmic: time = 7E+07 + 1.1E+06*log(n) (sec)                (res: 0.04)
Linearithmic: time = 7.1E+07 + 4.2E+04*n*log(n) (sec)           (res: 0.053)
Exponential: time = 7.1E+07 * 1^n (sec)                         (res: 0.051)

   [exponent] free-exponent fit: rss ~ count_pseudo_class_selector ** 0.01
Saved fit model plot to ./results/rq1/20261003-0136-css_select_known/run1/css_select_known/plots/fitmodel_rss_vs_count_pseudo_class_selector_css_select_5_2_0.png
Plotting 'rss' vs 'count_id_selector' for './results/rq1/20261003-0136-css_select_known/run1/css_select_known/summary.csv-function_name/css_select_5_1_0':
Saved plot to ./results/rq1/20261003-0136-css_select_known/run1/css_select_known/plots/rss_vs_count_id_selector_css_select_5_1_0.png
Plotting 'rss' vs 'count_id_selector' for './results/rq1/20261003-0136-css_select_known/run1/css_select_known/summary.csv-function_name/css_select_5_2_0':
Saved plot to ./results/rq1/20261003-0136-css_select_known/run1/css_select_known/plots/rss_vs_count_id_selector_css_select_5_2_0.png
For './results/rq1/20261003-0136-css_select_known/run1/css_select_known/summary.csv-function_name/css_select_5_1_0', feature 'count_id_selector' and metric 'rss': dropped 147 of 268 rows (censored, non-positive metric, or zero feature).
For './results/rq1/20261003-0136-css_select_known/run1/css_select_known/summary.csv-function_name/css_select_5_1_0', feature 'count_id_selector' and metric 'rss' the best fit is:
Best : Logarithmic: time = 7E+07 + 1.1E+06*log(n) (sec)             
Constant: time = 7.1E+07 (sec)                                  (res: 0.035)
Linear: time = 7E+07 + 2.8E+05*n (sec)                          (res: 0.012)
Quadratic: time = 7E+07 + 1.8E+04*n^2 (sec)                     (res: 0.018)
Cubic: time = 7.1E+07 + 1.1E+03*n^3 (sec)                       (res: 0.024)
Logarithmic: time = 7E+07 + 1.1E+06*log(n) (sec)                (res: 0.011)
Linearithmic: time = 7E+07 + 9.7E+04*n*log(n) (sec)             (res: 0.014)
Exponential: time = 7E+07 * 1^n (sec)                           (res: 0.012)

   [near-tie] within 10%: Logarithmic, Linear, Exponential -- chosen by the simplicity bias, not the data.
   [exponent] free-exponent fit: rss ~ count_id_selector ** 0.02
Saved fit model plot to ./results/rq1/20261003-0136-css_select_known/run1/css_select_known/plots/fitmodel_rss_vs_count_id_selector_css_select_5_1_0.png
For './results/rq1/20261003-0136-css_select_known/run1/css_select_known/summary.csv-function_name/css_select_5_2_0', feature 'count_id_selector' and metric 'rss': dropped 111 of 268 rows (censored, non-positive metric, or zero feature).
For './results/rq1/20261003-0136-css_select_known/run1/css_select_known/summary.csv-function_name/css_select_5_2_0', feature 'count_id_selector' and metric 'rss' the best fit is:
Best : Logarithmic: time = 7E+07 + 1.4E+06*log(n) (sec)             
Constant: time = 7.2E+07 (sec)                                  (res: 0.082)
Linear: time = 7E+07 + 2.7E+05*n (sec)                          (res: 0.035)
Quadratic: time = 7.1E+07 + 1.5E+04*n^2 (sec)                   (res: 0.047)
Cubic: time = 7.1E+07 + 9.3E+02*n^3 (sec)                       (res: 0.056)
Logarithmic: time = 7E+07 + 1.4E+06*log(n) (sec)                (res: 0.029)
Linearithmic: time = 7E+07 + 8.9E+04*n*log(n) (sec)             (res: 0.04)
Exponential: time = 7E+07 * 1^n (sec)                           (res: 0.035)

   [exponent] free-exponent fit: rss ~ count_id_selector ** 0.02
Saved fit model plot to ./results/rq1/20261003-0136-css_select_known/run1/css_select_known/plots/fitmodel_rss_vs_count_id_selector_css_select_5_2_0.png
Plotting 'rss' vs 'count_class_selector' for './results/rq1/20261003-0136-css_select_known/run1/css_select_known/summary.csv-function_name/css_select_5_1_0':
Saved plot to ./results/rq1/20261003-0136-css_select_known/run1/css_select_known/plots/rss_vs_count_class_selector_css_select_5_1_0.png
Plotting 'rss' vs 'count_class_selector' for './results/rq1/20261003-0136-css_select_known/run1/css_select_known/summary.csv-function_name/css_select_5_2_0':
Saved plot to ./results/rq1/20261003-0136-css_select_known/run1/css_select_known/plots/rss_vs_count_class_selector_css_select_5_2_0.png
For './results/rq1/20261003-0136-css_select_known/run1/css_select_known/summary.csv-function_name/css_select_5_1_0', feature 'count_class_selector' and metric 'rss': dropped 145 of 268 rows (censored, non-positive metric, or zero feature).
For './results/rq1/20261003-0136-css_select_known/run1/css_select_known/summary.csv-function_name/css_select_5_1_0', feature 'count_class_selector' and metric 'rss' the best fit is:
Best : Logarithmic: time = 7E+07 + 1E+06*log(n) (sec)               
Constant: time = 7.1E+07 (sec)                                  (res: 0.035)
Linear: time = 7E+07 + 2.1E+05*n (sec)                          (res: 0.016)
Quadratic: time = 7E+07 + 9.9E+03*n^2 (sec)                     (res: 0.024)
Cubic: time = 7.1E+07 + 4.6E+02*n^3 (sec)                       (res: 0.028)
Logarithmic: time = 7E+07 + 1E+06*log(n) (sec)                  (res: 0.014)
Linearithmic: time = 7E+07 + 6.7E+04*n*log(n) (sec)             (res: 0.019)
Exponential: time = 7E+07 * 1^n (sec)                           (res: 0.016)

   [exponent] free-exponent fit: rss ~ count_class_selector ** 0.01
Saved fit model plot to ./results/rq1/20261003-0136-css_select_known/run1/css_select_known/plots/fitmodel_rss_vs_count_class_selector_css_select_5_1_0.png
For './results/rq1/20261003-0136-css_select_known/run1/css_select_known/summary.csv-function_name/css_select_5_2_0', feature 'count_class_selector' and metric 'rss': dropped 109 of 268 rows (censored, non-positive metric, or zero feature).
For './results/rq1/20261003-0136-css_select_known/run1/css_select_known/summary.csv-function_name/css_select_5_2_0', feature 'count_class_selector' and metric 'rss' the best fit is:
Best : Logarithmic: time = 7E+07 + 1.4E+06*log(n) (sec)             
Constant: time = 7.2E+07 (sec)                                  (res: 0.083)
Linear: time = 7E+07 + 2.2E+05*n (sec)                          (res: 0.047)
Quadratic: time = 7.1E+07 + 8.2E+03*n^2 (sec)                   (res: 0.066)
Cubic: time = 7.1E+07 + 2.8E+02*n^3 (sec)                       (res: 0.076)
Logarithmic: time = 7E+07 + 1.4E+06*log(n) (sec)                (res: 0.032)
Linearithmic: time = 7.1E+07 + 6.6E+04*n*log(n) (sec)           (res: 0.055)
Exponential: time = 7E+07 * 1^n (sec)                           (res: 0.048)

   [exponent] free-exponent fit: rss ~ count_class_selector ** 0.02
Saved fit model plot to ./results/rq1/20261003-0136-css_select_known/run1/css_select_known/plots/fitmodel_rss_vs_count_class_selector_css_select_5_2_0.png
Plotting 'rss' vs 'count_attribute_selector' for './results/rq1/20261003-0136-css_select_known/run1/css_select_known/summary.csv-function_name/css_select_5_1_0':
Saved plot to ./results/rq1/20261003-0136-css_select_known/run1/css_select_known/plots/rss_vs_count_attribute_selector_css_select_5_1_0.png
Plotting 'rss' vs 'count_attribute_selector' for './results/rq1/20261003-0136-css_select_known/run1/css_select_known/summary.csv-function_name/css_select_5_2_0':
Saved plot to ./results/rq1/20261003-0136-css_select_known/run1/css_select_known/plots/rss_vs_count_attribute_selector_css_select_5_2_0.png
For './results/rq1/20261003-0136-css_select_known/run1/css_select_known/summary.csv-function_name/css_select_5_1_0', feature 'count_attribute_selector' and metric 'rss': dropped 143 of 268 rows (censored, non-positive metric, or zero feature).
For './results/rq1/20261003-0136-css_select_known/run1/css_select_known/summary.csv-function_name/css_select_5_1_0', feature 'count_attribute_selector' and metric 'rss' the best fit is:
Best : Logarithmic: time = 7E+07 + 1.1E+06*log(n) (sec)             
Constant: time = 7.1E+07 (sec)                                  (res: 0.037)
Linear: time = 7E+07 + 1.8E+05*n (sec)                          (res: 0.02)
Quadratic: time = 7.1E+07 + 7.4E+03*n^2 (sec)                   (res: 0.027)
Cubic: time = 7.1E+07 + 3.4E+02*n^3 (sec)                       (res: 0.03)
Logarithmic: time = 7E+07 + 1.1E+06*log(n) (sec)                (res: 0.015)
Linearithmic: time = 7E+07 + 5.4E+04*n*log(n) (sec)             (res: 0.023)
Exponential: time = 7E+07 * 1^n (sec)                           (res: 0.021)

   [exponent] free-exponent fit: rss ~ count_attribute_selector ** 0.01
Saved fit model plot to ./results/rq1/20261003-0136-css_select_known/run1/css_select_known/plots/fitmodel_rss_vs_count_attribute_selector_css_select_5_1_0.png
For './results/rq1/20261003-0136-css_select_known/run1/css_select_known/summary.csv-function_name/css_select_5_2_0', feature 'count_attribute_selector' and metric 'rss': dropped 108 of 268 rows (censored, non-positive metric, or zero feature).
For './results/rq1/20261003-0136-css_select_known/run1/css_select_known/summary.csv-function_name/css_select_5_2_0', feature 'count_attribute_selector' and metric 'rss' the best fit is:
Best : Logarithmic: time = 7E+07 + 1.4E+06*log(n) (sec)             
Constant: time = 7.2E+07 (sec)                                  (res: 0.086)
Linear: time = 7.1E+07 + 1.9E+05*n (sec)                        (res: 0.065)
Quadratic: time = 7.1E+07 + 5.9E+03*n^2 (sec)                   (res: 0.078)
Cubic: time = 7.1E+07 + 2.2E+02*n^3 (sec)                       (res: 0.082)
Logarithmic: time = 7E+07 + 1.4E+06*log(n) (sec)                (res: 0.044)
Linearithmic: time = 7.1E+07 + 5.1E+04*n*log(n) (sec)           (res: 0.072)
Exponential: time = 7.1E+07 * 1^n (sec)                         (res: 0.065)

   [exponent] free-exponent fit: rss ~ count_attribute_selector ** 0.02
Saved fit model plot to ./results/rq1/20261003-0136-css_select_known/run1/css_select_known/plots/fitmodel_rss_vs_count_attribute_selector_css_select_5_2_0.png
Plotting 'rss' vs 'count_pseudo_class_ident' for './results/rq1/20261003-0136-css_select_known/run1/css_select_known/summary.csv-function_name/css_select_5_1_0':
Saved plot to ./results/rq1/20261003-0136-css_select_known/run1/css_select_known/plots/rss_vs_count_pseudo_class_ident_css_select_5_1_0.png
Plotting 'rss' vs 'count_pseudo_class_ident' for './results/rq1/20261003-0136-css_select_known/run1/css_select_known/summary.csv-function_name/css_select_5_2_0':
Saved plot to ./results/rq1/20261003-0136-css_select_known/run1/css_select_known/plots/rss_vs_count_pseudo_class_ident_css_select_5_2_0.png
For './results/rq1/20261003-0136-css_select_known/run1/css_select_known/summary.csv-function_name/css_select_5_1_0', feature 'count_pseudo_class_ident' and metric 'rss': dropped 168 of 268 rows (censored, non-positive metric, or zero feature).
For './results/rq1/20261003-0136-css_select_known/run1/css_select_known/summary.csv-function_name/css_select_5_1_0', feature 'count_pseudo_class_ident' and metric 'rss' the best fit is:
Best : Logarithmic: time = 7E+07 + 1.6E+06*log(n) (sec)             
Constant: time = 7.1E+07 (sec)                                  (res: 0.028)
Linear: time = 6.9E+07 + 6.9E+05*n (sec)                        (res: 0.01)
Quadratic: time = 7E+07 + 1.2E+05*n^2 (sec)                     (res: 0.013)
Cubic: time = 7E+07 + 2.3E+04*n^3 (sec)                         (res: 0.016)
Logarithmic: time = 7E+07 + 1.6E+06*log(n) (sec)                (res: 0.0095)
Linearithmic: time = 7E+07 + 3.5E+05*n*log(n) (sec)             (res: 0.011)
Exponential: time = 6.9E+07 * 1^n (sec)                         (res: 0.01)

   [near-tie] within 10%: Logarithmic, Linear -- chosen by the simplicity bias, not the data.
   [exponent] free-exponent fit: rss ~ count_pseudo_class_ident ** 0.02
Saved fit model plot to ./results/rq1/20261003-0136-css_select_known/run1/css_select_known/plots/fitmodel_rss_vs_count_pseudo_class_ident_css_select_5_1_0.png
For './results/rq1/20261003-0136-css_select_known/run1/css_select_known/summary.csv-function_name/css_select_5_2_0', feature 'count_pseudo_class_ident' and metric 'rss': dropped 132 of 268 rows (censored, non-positive metric, or zero feature).
For './results/rq1/20261003-0136-css_select_known/run1/css_select_known/summary.csv-function_name/css_select_5_2_0', feature 'count_pseudo_class_ident' and metric 'rss' the best fit is:
Best : Logarithmic: time = 7E+07 + 1.5E+06*log(n) (sec)             
Constant: time = 7.2E+07 (sec)                                  (res: 0.064)
Linear: time = 7.1E+07 + 2.7E+05*n (sec)                        (res: 0.035)
Quadratic: time = 7.1E+07 + 1.7E+04*n^2 (sec)                   (res: 0.045)
Cubic: time = 7.2E+07 + 1.2E+03*n^3 (sec)                       (res: 0.048)
Logarithmic: time = 7E+07 + 1.5E+06*log(n) (sec)                (res: 0.021)
Linearithmic: time = 7.1E+07 + 9E+04*n*log(n) (sec)             (res: 0.04)
Exponential: time = 7.1E+07 * 1^n (sec)                         (res: 0.035)

   [exponent] free-exponent fit: rss ~ count_pseudo_class_ident ** 0.02
Saved fit model plot to ./results/rq1/20261003-0136-css_select_known/run1/css_select_known/plots/fitmodel_rss_vs_count_pseudo_class_ident_css_select_5_2_0.png
Plotting 'rss' vs 'count_pseudo_class_function' for './results/rq1/20261003-0136-css_select_known/run1/css_select_known/summary.csv-function_name/css_select_5_1_0':
Saved plot to ./results/rq1/20261003-0136-css_select_known/run1/css_select_known/plots/rss_vs_count_pseudo_class_function_css_select_5_1_0.png
Plotting 'rss' vs 'count_pseudo_class_function' for './results/rq1/20261003-0136-css_select_known/run1/css_select_known/summary.csv-function_name/css_select_5_2_0':
Saved plot to ./results/rq1/20261003-0136-css_select_known/run1/css_select_known/plots/rss_vs_count_pseudo_class_function_css_select_5_2_0.png
For './results/rq1/20261003-0136-css_select_known/run1/css_select_known/summary.csv-function_name/css_select_5_1_0', feature 'count_pseudo_class_function' and metric 'rss': dropped 184 of 268 rows (censored, non-positive metric, or zero feature).
For './results/rq1/20261003-0136-css_select_known/run1/css_select_known/summary.csv-function_name/css_select_5_1_0', feature 'count_pseudo_class_function' and metric 'rss' the best fit is:
Best : Logarithmic: time = 7.1E+07 + 9.1E+05*log(n) (sec)           
Constant: time = 7.1E+07 (sec)                                  (res: 0.019)
Linear: time = 7.1E+07 + 2.5E+05*n (sec)                        (res: 0.016)
Quadratic: time = 7.1E+07 + 2.8E+04*n^2 (sec)                   (res: 0.016)
Cubic: time = 7.1E+07 + 3.9E+03*n^3 (sec)                       (res: 0.016)
Logarithmic: time = 7.1E+07 + 9.1E+05*log(n) (sec)              (res: 0.015)
Linearithmic: time = 7.1E+07 + 1E+05*n*log(n) (sec)             (res: 0.016)
Exponential: time = 7.1E+07 * 1^n (sec)                         (res: 0.016)

   [near-tie] within 10%: Logarithmic, Linear, Exponential -- chosen by the simplicity bias, not the data.
   [exponent] free-exponent fit: rss ~ count_pseudo_class_function ** 0.01
Saved fit model plot to ./results/rq1/20261003-0136-css_select_known/run1/css_select_known/plots/fitmodel_rss_vs_count_pseudo_class_function_css_select_5_1_0.png
For './results/rq1/20261003-0136-css_select_known/run1/css_select_known/summary.csv-function_name/css_select_5_2_0', feature 'count_pseudo_class_function' and metric 'rss': dropped 149 of 268 rows (censored, non-positive metric, or zero feature).
For './results/rq1/20261003-0136-css_select_known/run1/css_select_known/summary.csv-function_name/css_select_5_2_0', feature 'count_pseudo_class_function' and metric 'rss' the best fit is:
Best : Logarithmic: time = 7.1E+07 + 1E+06*log(n) (sec)             
Constant: time = 7.2E+07 (sec)                                  (res: 0.047)
Linear: time = 7.1E+07 + 2.5E+05*n (sec)                        (res: 0.036)
Quadratic: time = 7.2E+07 + 2.6E+04*n^2 (sec)                   (res: 0.037)
Cubic: time = 7.2E+07 + 3.2E+03*n^3 (sec)                       (res: 0.037)
Logarithmic: time = 7.1E+07 + 1E+06*log(n) (sec)                (res: 0.034)
Linearithmic: time = 7.2E+07 + 9.9E+04*n*log(n) (sec)           (res: 0.037)
Exponential: time = 7.1E+07 * 1^n (sec)                         (res: 0.036)

   [near-tie] within 10%: Logarithmic, Linear, Exponential, Linearithmic, Quadratic, Cubic -- chosen by the simplicity bias, not the data.
   [exponent] free-exponent fit: rss ~ count_pseudo_class_function ** 0.01
Saved fit model plot to ./results/rq1/20261003-0136-css_select_known/run1/css_select_known/plots/fitmodel_rss_vs_count_pseudo_class_function_css_select_5_2_0.png
Plotting 'rss' vs 'count_name' for './results/rq1/20261003-0136-css_select_known/run1/css_select_known/summary.csv-function_name/css_select_5_1_0':
Saved plot to ./results/rq1/20261003-0136-css_select_known/run1/css_select_known/plots/rss_vs_count_name_css_select_5_1_0.png
Plotting 'rss' vs 'count_name' for './results/rq1/20261003-0136-css_select_known/run1/css_select_known/summary.csv-function_name/css_select_5_2_0':
Saved plot to ./results/rq1/20261003-0136-css_select_known/run1/css_select_known/plots/rss_vs_count_name_css_select_5_2_0.png
For './results/rq1/20261003-0136-css_select_known/run1/css_select_known/summary.csv-function_name/css_select_5_1_0', feature 'count_name' and metric 'rss': dropped 92 of 268 rows (censored, non-positive metric, or zero feature).
For './results/rq1/20261003-0136-css_select_known/run1/css_select_known/summary.csv-function_name/css_select_5_1_0', feature 'count_name' and metric 'rss' the best fit is:
Best : Constant: time = 7.1E+07 (sec)                               
Constant: time = 7.1E+07 (sec)                                  (res: 0.049)
Linear: time = 7.1E+07 + -4E+03*n (sec)                         (res: 0.047)
Quadratic: time = 7.1E+07 + -23*n^2 (sec)                       (res: 0.047)
Cubic: time = 7.1E+07 + -0.12*n^3 (sec)                         (res: 0.047)
Logarithmic: time = 7.1E+07 + -5E+04*log(n) (sec)               (res: 0.049)
Linearithmic: time = 7.1E+07 + -7.8E+02*n*log(n) (sec)          (res: 0.047)
Exponential: time = 7.1E+07 * 1^n (sec)                         (res: 0.047)

   [near-tie] within 10%: Quadratic, Linearithmic, Cubic, Linear, Exponential, Logarithmic, Constant -- chosen by the simplicity bias, not the data.
   [exponent] free-exponent fit: rss ~ count_name ** -0.00
Saved fit model plot to ./results/rq1/20261003-0136-css_select_known/run1/css_select_known/plots/fitmodel_rss_vs_count_name_css_select_5_1_0.png
For './results/rq1/20261003-0136-css_select_known/run1/css_select_known/summary.csv-function_name/css_select_5_2_0', feature 'count_name' and metric 'rss': dropped 56 of 268 rows (censored, non-positive metric, or zero feature).
For './results/rq1/20261003-0136-css_select_known/run1/css_select_known/summary.csv-function_name/css_select_5_2_0', feature 'count_name' and metric 'rss' the best fit is:
Best : Constant: time = 7.1E+07 (sec)                               
Constant: time = 7.1E+07 (sec)                                  (res: 0.12)
Linear: time = 7.2E+07 + -8.7E+03*n (sec)                       (res: 0.11)
Quadratic: time = 7.1E+07 + -48*n^2 (sec)                       (res: 0.11)
Cubic: time = 7.1E+07 + -0.25*n^3 (sec)                         (res: 0.11)
Logarithmic: time = 7.2E+07 + -1.7E+05*log(n) (sec)             (res: 0.12)
Linearithmic: time = 7.2E+07 + -1.7E+03*n*log(n) (sec)          (res: 0.11)
Exponential: time = 7.2E+07 * 1^n (sec)                         (res: 0.11)

   [near-tie] within 10%: Quadratic, Linearithmic, Linear, Exponential, Cubic, Logarithmic, Constant -- chosen by the simplicity bias, not the data.
   [exponent] free-exponent fit: rss ~ count_name ** -0.00
Saved fit model plot to ./results/rq1/20261003-0136-css_select_known/run1/css_select_known/plots/fitmodel_rss_vs_count_name_css_select_5_2_0.png
Plotting 'rss' vs 'count_attr_matcher_ws' for './results/rq1/20261003-0136-css_select_known/run1/css_select_known/summary.csv-function_name/css_select_5_1_0':
Saved plot to ./results/rq1/20261003-0136-css_select_known/run1/css_select_known/plots/rss_vs_count_attr_matcher_ws_css_select_5_1_0.png
Plotting 'rss' vs 'count_attr_matcher_ws' for './results/rq1/20261003-0136-css_select_known/run1/css_select_known/summary.csv-function_name/css_select_5_2_0':
Saved plot to ./results/rq1/20261003-0136-css_select_known/run1/css_select_known/plots/rss_vs_count_attr_matcher_ws_css_select_5_2_0.png
For './results/rq1/20261003-0136-css_select_known/run1/css_select_known/summary.csv-function_name/css_select_5_1_0', feature 'count_attr_matcher_ws' and metric 'rss': dropped 157 of 268 rows (censored, non-positive metric, or zero feature).
For './results/rq1/20261003-0136-css_select_known/run1/css_select_known/summary.csv-function_name/css_select_5_1_0', feature 'count_attr_matcher_ws' and metric 'rss' the best fit is:
Best : Logarithmic: time = 7E+07 + 1.1E+06*log(n) (sec)             
Constant: time = 7.1E+07 (sec)                                  (res: 0.031)
Linear: time = 7E+07 + 1.9E+05*n (sec)                          (res: 0.021)
Quadratic: time = 7.1E+07 + 1E+04*n^2 (sec)                     (res: 0.025)
Cubic: time = 7.1E+07 + 6.1E+02*n^3 (sec)                       (res: 0.026)
Logarithmic: time = 7E+07 + 1.1E+06*log(n) (sec)                (res: 0.016)
Linearithmic: time = 7.1E+07 + 6.1E+04*n*log(n) (sec)           (res: 0.023)
Exponential: time = 7E+07 * 1^n (sec)                           (res: 0.021)

   [exponent] free-exponent fit: rss ~ count_attr_matcher_ws ** 0.01
Saved fit model plot to ./results/rq1/20261003-0136-css_select_known/run1/css_select_known/plots/fitmodel_rss_vs_count_attr_matcher_ws_css_select_5_1_0.png
For './results/rq1/20261003-0136-css_select_known/run1/css_select_known/summary.csv-function_name/css_select_5_2_0', feature 'count_attr_matcher_ws' and metric 'rss': dropped 122 of 268 rows (censored, non-positive metric, or zero feature).
For './results/rq1/20261003-0136-css_select_known/run1/css_select_known/summary.csv-function_name/css_select_5_2_0', feature 'count_attr_matcher_ws' and metric 'rss' the best fit is:
Best : Logarithmic: time = 7E+07 + 1.3E+06*log(n) (sec)             
Constant: time = 7.2E+07 (sec)                                  (res: 0.073)
Linear: time = 7.1E+07 + 1.7E+05*n (sec)                        (res: 0.064)
Quadratic: time = 7.2E+07 + 6.1E+03*n^2 (sec)                   (res: 0.07)
Cubic: time = 7.2E+07 + 2.9E+02*n^3 (sec)                       (res: 0.072)
Logarithmic: time = 7E+07 + 1.3E+06*log(n) (sec)                (res: 0.048)
Linearithmic: time = 7.2E+07 + 4.5E+04*n*log(n) (sec)           (res: 0.068)
Exponential: time = 7.1E+07 * 1^n (sec)                         (res: 0.065)

   [exponent] free-exponent fit: rss ~ count_attr_matcher_ws ** 0.02
Saved fit model plot to ./results/rq1/20261003-0136-css_select_known/run1/css_select_known/plots/fitmodel_rss_vs_count_attr_matcher_ws_css_select_5_2_0.png
Plotting 'rss' vs 'count_attr_modifier' for './results/rq1/20261003-0136-css_select_known/run1/css_select_known/summary.csv-function_name/css_select_5_1_0':
Saved plot to ./results/rq1/20261003-0136-css_select_known/run1/css_select_known/plots/rss_vs_count_attr_modifier_css_select_5_1_0.png
Plotting 'rss' vs 'count_attr_modifier' for './results/rq1/20261003-0136-css_select_known/run1/css_select_known/summary.csv-function_name/css_select_5_2_0':
Saved plot to ./results/rq1/20261003-0136-css_select_known/run1/css_select_known/plots/rss_vs_count_attr_modifier_css_select_5_2_0.png
For './results/rq1/20261003-0136-css_select_known/run1/css_select_known/summary.csv-function_name/css_select_5_1_0', feature 'count_attr_modifier' and metric 'rss': dropped 176 of 268 rows (censored, non-positive metric, or zero feature).
For './results/rq1/20261003-0136-css_select_known/run1/css_select_known/summary.csv-function_name/css_select_5_1_0', feature 'count_attr_modifier' and metric 'rss' the best fit is:
Best : Logarithmic: time = 7.1E+07 + 5E+05*log(n) (sec)             
Constant: time = 7.1E+07 (sec)                                  (res: 0.025)
Linear: time = 7.1E+07 + 1.7E+05*n (sec)                        (res: 0.022)
Quadratic: time = 7.1E+07 + 1.6E+04*n^2 (sec)                   (res: 0.022)
Cubic: time = 7.1E+07 + 1.6E+03*n^3 (sec)                       (res: 0.022)
Logarithmic: time = 7.1E+07 + 5E+05*log(n) (sec)                (res: 0.023)
Linearithmic: time = 7.1E+07 + 6.9E+04*n*log(n) (sec)           (res: 0.022)
Exponential: time = 7.1E+07 * 1^n (sec)                         (res: 0.022)

   [near-tie] within 10%: Linearithmic, Linear, Exponential, Quadratic, Cubic, Logarithmic -- chosen by the simplicity bias, not the data.
   [exponent] free-exponent fit: rss ~ count_attr_modifier ** 0.01
Saved fit model plot to ./results/rq1/20261003-0136-css_select_known/run1/css_select_known/plots/fitmodel_rss_vs_count_attr_modifier_css_select_5_1_0.png
For './results/rq1/20261003-0136-css_select_known/run1/css_select_known/summary.csv-function_name/css_select_5_2_0', feature 'count_attr_modifier' and metric 'rss': dropped 142 of 268 rows (censored, non-positive metric, or zero feature).
For './results/rq1/20261003-0136-css_select_known/run1/css_select_known/summary.csv-function_name/css_select_5_2_0', feature 'count_attr_modifier' and metric 'rss' the best fit is:
Best : Constant: time = 7.2E+07 (sec)                               
Constant: time = 7.2E+07 (sec)                                  (res: 0.056)
Linear: time = 7.2E+07 + 4.2E+04*n (sec)                        (res: 0.056)
Quadratic: time = 7.2E+07 + 3.9E+03*n^2 (sec)                   (res: 0.056)
Cubic: time = 7.2E+07 + 3.5E+02*n^3 (sec)                       (res: 0.056)
Logarithmic: time = 7.2E+07 + 1.2E+05*log(n) (sec)              (res: 0.056)
Linearithmic: time = 7.2E+07 + 1.7E+04*n*log(n) (sec)           (res: 0.056)
Exponential: time = 7.2E+07 * 1^n (sec)                         (res: 0.056)

   [near-tie] within 10%: Linearithmic, Linear, Quadratic, Logarithmic, Exponential, Cubic, Constant -- chosen by the simplicity bias, not the data.
   [exponent] free-exponent fit: rss ~ count_attr_modifier ** 0.00
Saved fit model plot to ./results/rq1/20261003-0136-css_select_known/run1/css_select_known/plots/fitmodel_rss_vs_count_attr_modifier_css_select_5_2_0.png
Plotting 'rss' vs 'count_attr_value' for './results/rq1/20261003-0136-css_select_known/run1/css_select_known/summary.csv-function_name/css_select_5_1_0':
Saved plot to ./results/rq1/20261003-0136-css_select_known/run1/css_select_known/plots/rss_vs_count_attr_value_css_select_5_1_0.png
Plotting 'rss' vs 'count_attr_value' for './results/rq1/20261003-0136-css_select_known/run1/css_select_known/summary.csv-function_name/css_select_5_2_0':
Saved plot to ./results/rq1/20261003-0136-css_select_known/run1/css_select_known/plots/rss_vs_count_attr_value_css_select_5_2_0.png
For './results/rq1/20261003-0136-css_select_known/run1/css_select_known/summary.csv-function_name/css_select_5_1_0', feature 'count_attr_value' and metric 'rss': dropped 157 of 268 rows (censored, non-positive metric, or zero feature).
For './results/rq1/20261003-0136-css_select_known/run1/css_select_known/summary.csv-function_name/css_select_5_1_0', feature 'count_attr_value' and metric 'rss' the best fit is:
Best : Logarithmic: time = 7E+07 + 1.1E+06*log(n) (sec)             
Constant: time = 7.1E+07 (sec)                                  (res: 0.031)
Linear: time = 7E+07 + 1.9E+05*n (sec)                          (res: 0.021)
Quadratic: time = 7.1E+07 + 1E+04*n^2 (sec)                     (res: 0.025)
Cubic: time = 7.1E+07 + 6.1E+02*n^3 (sec)                       (res: 0.026)
Logarithmic: time = 7E+07 + 1.1E+06*log(n) (sec)                (res: 0.016)
Linearithmic: time = 7.1E+07 + 6.1E+04*n*log(n) (sec)           (res: 0.023)
Exponential: time = 7E+07 * 1^n (sec)                           (res: 0.021)

   [exponent] free-exponent fit: rss ~ count_attr_value ** 0.01
Saved fit model plot to ./results/rq1/20261003-0136-css_select_known/run1/css_select_known/plots/fitmodel_rss_vs_count_attr_value_css_select_5_1_0.png
For './results/rq1/20261003-0136-css_select_known/run1/css_select_known/summary.csv-function_name/css_select_5_2_0', feature 'count_attr_value' and metric 'rss': dropped 122 of 268 rows (censored, non-positive metric, or zero feature).
For './results/rq1/20261003-0136-css_select_known/run1/css_select_known/summary.csv-function_name/css_select_5_2_0', feature 'count_attr_value' and metric 'rss' the best fit is:
Best : Logarithmic: time = 7E+07 + 1.3E+06*log(n) (sec)             
Constant: time = 7.2E+07 (sec)                                  (res: 0.073)
Linear: time = 7.1E+07 + 1.7E+05*n (sec)                        (res: 0.064)
Quadratic: time = 7.2E+07 + 6.1E+03*n^2 (sec)                   (res: 0.07)
Cubic: time = 7.2E+07 + 2.9E+02*n^3 (sec)                       (res: 0.072)
Logarithmic: time = 7E+07 + 1.3E+06*log(n) (sec)                (res: 0.048)
Linearithmic: time = 7.2E+07 + 4.5E+04*n*log(n) (sec)           (res: 0.068)
Exponential: time = 7.1E+07 * 1^n (sec)                         (res: 0.065)

   [exponent] free-exponent fit: rss ~ count_attr_value ** 0.02
Saved fit model plot to ./results/rq1/20261003-0136-css_select_known/run1/css_select_known/plots/fitmodel_rss_vs_count_attr_value_css_select_5_2_0.png
Plotting 'rss' vs 'count_lparen' for './results/rq1/20261003-0136-css_select_known/run1/css_select_known/summary.csv-function_name/css_select_5_1_0':
Saved plot to ./results/rq1/20261003-0136-css_select_known/run1/css_select_known/plots/rss_vs_count_lparen_css_select_5_1_0.png
Plotting 'rss' vs 'count_lparen' for './results/rq1/20261003-0136-css_select_known/run1/css_select_known/summary.csv-function_name/css_select_5_2_0':
Saved plot to ./results/rq1/20261003-0136-css_select_known/run1/css_select_known/plots/rss_vs_count_lparen_css_select_5_2_0.png
For './results/rq1/20261003-0136-css_select_known/run1/css_select_known/summary.csv-function_name/css_select_5_1_0', feature 'count_lparen' and metric 'rss': dropped 184 of 268 rows (censored, non-positive metric, or zero feature).
For './results/rq1/20261003-0136-css_select_known/run1/css_select_known/summary.csv-function_name/css_select_5_1_0', feature 'count_lparen' and metric 'rss' the best fit is:
Best : Logarithmic: time = 7E+07 + 1.2E+06*log(n) (sec)             
Constant: time = 7.1E+07 (sec)                                  (res: 0.019)
Linear: time = 7E+07 + 3.1E+05*n (sec)                          (res: 0.013)
Quadratic: time = 7.1E+07 + 2.8E+04*n^2 (sec)                   (res: 0.015)
Cubic: time = 7.1E+07 + 3E+03*n^3 (sec)                         (res: 0.016)
Logarithmic: time = 7E+07 + 1.2E+06*log(n) (sec)                (res: 0.011)
Linearithmic: time = 7.1E+07 + 1.2E+05*n*log(n) (sec)           (res: 0.014)
Exponential: time = 7E+07 * 1^n (sec)                           (res: 0.013)

   [exponent] free-exponent fit: rss ~ count_lparen ** 0.02
Saved fit model plot to ./results/rq1/20261003-0136-css_select_known/run1/css_select_known/plots/fitmodel_rss_vs_count_lparen_css_select_5_1_0.png
For './results/rq1/20261003-0136-css_select_known/run1/css_select_known/summary.csv-function_name/css_select_5_2_0', feature 'count_lparen' and metric 'rss': dropped 149 of 268 rows (censored, non-positive metric, or zero feature).
For './results/rq1/20261003-0136-css_select_known/run1/css_select_known/summary.csv-function_name/css_select_5_2_0', feature 'count_lparen' and metric 'rss' the best fit is:
Best : Logarithmic: time = 7.1E+07 + 1.2E+06*log(n) (sec)           
Constant: time = 7.2E+07 (sec)                                  (res: 0.047)
Linear: time = 7.1E+07 + 2.5E+05*n (sec)                        (res: 0.035)
Quadratic: time = 7.2E+07 + 1.3E+04*n^2 (sec)                   (res: 0.042)
Cubic: time = 7.2E+07 + 4.7E+02*n^3 (sec)                       (res: 0.045)
Logarithmic: time = 7.1E+07 + 1.2E+06*log(n) (sec)              (res: 0.028)
Linearithmic: time = 7.2E+07 + 8.2E+04*n*log(n) (sec)           (res: 0.038)
Exponential: time = 7.1E+07 * 1^n (sec)                         (res: 0.035)

   [exponent] free-exponent fit: rss ~ count_lparen ** 0.02
Saved fit model plot to ./results/rq1/20261003-0136-css_select_known/run1/css_select_known/plots/fitmodel_rss_vs_count_lparen_css_select_5_2_0.png
Plotting 'rss' vs 'count_relative_selector_list' for './results/rq1/20261003-0136-css_select_known/run1/css_select_known/summary.csv-function_name/css_select_5_1_0':
Saved plot to ./results/rq1/20261003-0136-css_select_known/run1/css_select_known/plots/rss_vs_count_relative_selector_list_css_select_5_1_0.png
Plotting 'rss' vs 'count_relative_selector_list' for './results/rq1/20261003-0136-css_select_known/run1/css_select_known/summary.csv-function_name/css_select_5_2_0':
Saved plot to ./results/rq1/20261003-0136-css_select_known/run1/css_select_known/plots/rss_vs_count_relative_selector_list_css_select_5_2_0.png
For './results/rq1/20261003-0136-css_select_known/run1/css_select_known/summary.csv-function_name/css_select_5_1_0', feature 'count_relative_selector_list' and metric 'rss': dropped 212 of 268 rows (censored, non-positive metric, or zero feature).
For './results/rq1/20261003-0136-css_select_known/run1/css_select_known/summary.csv-function_name/css_select_5_1_0', feature 'count_relative_selector_list' and metric 'rss' the best fit is:
Best : Logarithmic: time = 7.1E+07 + 7.6E+05*log(n) (sec)           
Constant: time = 7.2E+07 (sec)                                  (res: 0.0041)
Linear: time = 7.1E+07 + 1.4E+05*n (sec)                        (res: 0.0024)
Quadratic: time = 7.2E+07 + 7.8E+03*n^2 (sec)                   (res: 0.0031)
Cubic: time = 7.2E+07 + 5E+02*n^3 (sec)                         (res: 0.0034)
Logarithmic: time = 7.1E+07 + 7.6E+05*log(n) (sec)              (res: 0.0018)
Linearithmic: time = 7.1E+07 + 4.6E+04*n*log(n) (sec)           (res: 0.0027)
Exponential: time = 7.1E+07 * 1^n (sec)                         (res: 0.0024)

   [exponent] free-exponent fit: rss ~ count_relative_selector_list ** 0.01
Saved fit model plot to ./results/rq1/20261003-0136-css_select_known/run1/css_select_known/plots/fitmodel_rss_vs_count_relative_selector_list_css_select_5_1_0.png
For './results/rq1/20261003-0136-css_select_known/run1/css_select_known/summary.csv-function_name/css_select_5_2_0', feature 'count_relative_selector_list' and metric 'rss': dropped 182 of 268 rows (censored, non-positive metric, or zero feature).
For './results/rq1/20261003-0136-css_select_known/run1/css_select_known/summary.csv-function_name/css_select_5_2_0', feature 'count_relative_selector_list' and metric 'rss' the best fit is:
Best : Constant: time = 7.3E+07 (sec)                               
Constant: time = 7.3E+07 (sec)                                  (res: 0.012)
Linear: time = 7.3E+07 + -5.8E+04*n (sec)                       (res: 0.011)
Quadratic: time = 7.3E+07 + -5.2E+03*n^2 (sec)                  (res: 0.011)
Cubic: time = 7.3E+07 + -4E+02*n^3 (sec)                        (res: 0.011)
Logarithmic: time = 7.3E+07 + -1.6E+05*log(n) (sec)             (res: 0.011)
Linearithmic: time = 7.3E+07 + -2.4E+04*n*log(n) (sec)          (res: 0.011)
Exponential: time = 7.3E+07 * 1^n (sec)                         (res: 0.011)

   [near-tie] within 10%: Cubic, Quadratic, Linearithmic, Linear, Exponential, Logarithmic, Constant -- chosen by the simplicity bias, not the data.
   [exponent] free-exponent fit: rss ~ count_relative_selector_list ** -0.00
Saved fit model plot to ./results/rq1/20261003-0136-css_select_known/run1/css_select_known/plots/fitmodel_rss_vs_count_relative_selector_list_css_select_5_2_0.png
Plotting 'rss' vs 'count_nth_function' for './results/rq1/20261003-0136-css_select_known/run1/css_select_known/summary.csv-function_name/css_select_5_1_0':
Saved plot to ./results/rq1/20261003-0136-css_select_known/run1/css_select_known/plots/rss_vs_count_nth_function_css_select_5_1_0.png
Plotting 'rss' vs 'count_nth_function' for './results/rq1/20261003-0136-css_select_known/run1/css_select_known/summary.csv-function_name/css_select_5_2_0':
Saved plot to ./results/rq1/20261003-0136-css_select_known/run1/css_select_known/plots/rss_vs_count_nth_function_css_select_5_2_0.png
For './results/rq1/20261003-0136-css_select_known/run1/css_select_known/summary.csv-function_name/css_select_5_1_0', feature 'count_nth_function' and metric 'rss': dropped 249 of 268 rows (censored, non-positive metric, or zero feature).
For './results/rq1/20261003-0136-css_select_known/run1/css_select_known/summary.csv-function_name/css_select_5_1_0', feature 'count_nth_function' and metric 'rss' the best fit is:
Best : Constant: time = 7E+07 (sec)                                 
Constant: time = 7E+07 (sec)                                    (res: 0.0055)
Linear: time = 7.2E+07 + -1.1E+06*n (sec)                       (res: 0.0052)
Quadratic: time = 7.1E+07 + -3.8E+05*n^2 (sec)                  (res: 0.0052)
Cubic: time = 7.1E+07 + -1.6E+05*n^3 (sec)                      (res: 0.0052)
Logarithmic: time = 7E+07 + -1.6E+06*log(n) (sec)               (res: 0.0052)
Linearithmic: time = 7E+07 + -8.2E+05*n*log(n) (sec)            (res: 0.0052)
Exponential: time = 7.2E+07 * 0.98^n (sec)                      (res: 0.0052)

   [near-tie] within 10%: Logarithmic, Linear, Cubic, Linearithmic, Quadratic, Exponential, Constant -- chosen by the simplicity bias, not the data.
   [exponent] free-exponent fit: rss ~ count_nth_function ** -0.02
Saved fit model plot to ./results/rq1/20261003-0136-css_select_known/run1/css_select_known/plots/fitmodel_rss_vs_count_nth_function_css_select_5_1_0.png
For './results/rq1/20261003-0136-css_select_known/run1/css_select_known/summary.csv-function_name/css_select_5_2_0', feature 'count_nth_function' and metric 'rss': dropped 244 of 268 rows (censored, non-positive metric, or zero feature).
For './results/rq1/20261003-0136-css_select_known/run1/css_select_known/summary.csv-function_name/css_select_5_2_0', feature 'count_nth_function' and metric 'rss' the best fit is:
Best : Constant: time = 7.1E+07 (sec)                               
Constant: time = 7.1E+07 (sec)                                  (res: 0.013)
Linear: time = 7.1E+07 + -2.3E+05*n (sec)                       (res: 0.013)
Quadratic: time = 7.1E+07 + -7.8E+04*n^2 (sec)                  (res: 0.013)
Cubic: time = 7.1E+07 + -3.4E+04*n^3 (sec)                      (res: 0.013)
Logarithmic: time = 7.1E+07 + -3.4E+05*log(n) (sec)             (res: 0.013)
Linearithmic: time = 7.1E+07 + -1.7E+05*n*log(n) (sec)          (res: 0.013)
Exponential: time = 7.1E+07 * 1^n (sec)                         (res: 0.013)

   [near-tie] within 10%: Linear, Quadratic, Cubic, Logarithmic, Linearithmic, Exponential, Constant -- chosen by the simplicity bias, not the data.
   [exponent] free-exponent fit: rss ~ count_nth_function ** -0.00
Saved fit model plot to ./results/rq1/20261003-0136-css_select_known/run1/css_select_known/plots/fitmodel_rss_vs_count_nth_function_css_select_5_2_0.png
Plotting 'rss' vs 'count_rparen' for './results/rq1/20261003-0136-css_select_known/run1/css_select_known/summary.csv-function_name/css_select_5_1_0':
Saved plot to ./results/rq1/20261003-0136-css_select_known/run1/css_select_known/plots/rss_vs_count_rparen_css_select_5_1_0.png
Plotting 'rss' vs 'count_rparen' for './results/rq1/20261003-0136-css_select_known/run1/css_select_known/summary.csv-function_name/css_select_5_2_0':
Saved plot to ./results/rq1/20261003-0136-css_select_known/run1/css_select_known/plots/rss_vs_count_rparen_css_select_5_2_0.png
For './results/rq1/20261003-0136-css_select_known/run1/css_select_known/summary.csv-function_name/css_select_5_1_0', feature 'count_rparen' and metric 'rss': dropped 184 of 268 rows (censored, non-positive metric, or zero feature).
For './results/rq1/20261003-0136-css_select_known/run1/css_select_known/summary.csv-function_name/css_select_5_1_0', feature 'count_rparen' and metric 'rss' the best fit is:
Best : Logarithmic: time = 7E+07 + 1.2E+06*log(n) (sec)             
Constant: time = 7.1E+07 (sec)                                  (res: 0.019)
Linear: time = 7E+07 + 3.1E+05*n (sec)                          (res: 0.013)
Quadratic: time = 7.1E+07 + 2.8E+04*n^2 (sec)                   (res: 0.015)
Cubic: time = 7.1E+07 + 3E+03*n^3 (sec)                         (res: 0.016)
Logarithmic: time = 7E+07 + 1.2E+06*log(n) (sec)                (res: 0.011)
Linearithmic: time = 7.1E+07 + 1.2E+05*n*log(n) (sec)           (res: 0.014)
Exponential: time = 7E+07 * 1^n (sec)                           (res: 0.013)

   [exponent] free-exponent fit: rss ~ count_rparen ** 0.02
Saved fit model plot to ./results/rq1/20261003-0136-css_select_known/run1/css_select_known/plots/fitmodel_rss_vs_count_rparen_css_select_5_1_0.png
For './results/rq1/20261003-0136-css_select_known/run1/css_select_known/summary.csv-function_name/css_select_5_2_0', feature 'count_rparen' and metric 'rss': dropped 149 of 268 rows (censored, non-positive metric, or zero feature).
For './results/rq1/20261003-0136-css_select_known/run1/css_select_known/summary.csv-function_name/css_select_5_2_0', feature 'count_rparen' and metric 'rss' the best fit is:
Best : Logarithmic: time = 7.1E+07 + 1.2E+06*log(n) (sec)           
Constant: time = 7.2E+07 (sec)                                  (res: 0.047)
Linear: time = 7.1E+07 + 2.5E+05*n (sec)                        (res: 0.035)
Quadratic: time = 7.2E+07 + 1.3E+04*n^2 (sec)                   (res: 0.042)
Cubic: time = 7.2E+07 + 4.7E+02*n^3 (sec)                       (res: 0.045)
Logarithmic: time = 7.1E+07 + 1.2E+06*log(n) (sec)              (res: 0.028)
Linearithmic: time = 7.2E+07 + 8.2E+04*n*log(n) (sec)           (res: 0.038)
Exponential: time = 7.1E+07 * 1^n (sec)                         (res: 0.035)

   [exponent] free-exponent fit: rss ~ count_rparen ** 0.02
Saved fit model plot to ./results/rq1/20261003-0136-css_select_known/run1/css_select_known/plots/fitmodel_rss_vs_count_rparen_css_select_5_2_0.png
Plotting 'rss' vs 'count_more_complex_selector' for './results/rq1/20261003-0136-css_select_known/run1/css_select_known/summary.csv-function_name/css_select_5_1_0':
Saved plot to ./results/rq1/20261003-0136-css_select_known/run1/css_select_known/plots/rss_vs_count_more_complex_selector_css_select_5_1_0.png
Plotting 'rss' vs 'count_more_complex_selector' for './results/rq1/20261003-0136-css_select_known/run1/css_select_known/summary.csv-function_name/css_select_5_2_0':
Saved plot to ./results/rq1/20261003-0136-css_select_known/run1/css_select_known/plots/rss_vs_count_more_complex_selector_css_select_5_2_0.png
For './results/rq1/20261003-0136-css_select_known/run1/css_select_known/summary.csv-function_name/css_select_5_1_0', feature 'count_more_complex_selector' and metric 'rss': dropped 163 of 268 rows (censored, non-positive metric, or zero feature).
For './results/rq1/20261003-0136-css_select_known/run1/css_select_known/summary.csv-function_name/css_select_5_1_0', feature 'count_more_complex_selector' and metric 'rss' the best fit is:
Best : Linear: time = 7.1E+07 + 1.5E+05*n (sec)                     
Constant: time = 7.1E+07 (sec)                                  (res: 0.029)
Linear: time = 7.1E+07 + 1.5E+05*n (sec)                        (res: 0.025)
Quadratic: time = 7.1E+07 + 1.6E+04*n^2 (sec)                   (res: 0.024)
Cubic: time = 7.1E+07 + 1.7E+03*n^3 (sec)                       (res: 0.024)
Logarithmic: time = 7.1E+07 + 3.1E+05*log(n) (sec)              (res: 0.027)
Linearithmic: time = 7.1E+07 + 6.6E+04*n*log(n) (sec)           (res: 0.025)
Exponential: time = 7.1E+07 * 1^n (sec)                         (res: 0.025)

   [near-tie] within 10%: Cubic, Quadratic, Linearithmic, Linear, Exponential -- chosen by the simplicity bias, not the data.
   [exponent] free-exponent fit: rss ~ count_more_complex_selector ** 0.00
Saved fit model plot to ./results/rq1/20261003-0136-css_select_known/run1/css_select_known/plots/fitmodel_rss_vs_count_more_complex_selector_css_select_5_1_0.png
For './results/rq1/20261003-0136-css_select_known/run1/css_select_known/summary.csv-function_name/css_select_5_2_0', feature 'count_more_complex_selector' and metric 'rss': dropped 127 of 268 rows (censored, non-positive metric, or zero feature).
For './results/rq1/20261003-0136-css_select_known/run1/css_select_known/summary.csv-function_name/css_select_5_2_0', feature 'count_more_complex_selector' and metric 'rss' the best fit is:
Best : Logarithmic: time = 7.1E+07 + 5.9E+05*log(n) (sec)           
Constant: time = 7.2E+07 (sec)                                  (res: 0.066)
Linear: time = 7.1E+07 + 1.9E+05*n (sec)                        (res: 0.056)
Quadratic: time = 7.2E+07 + 1.7E+04*n^2 (sec)                   (res: 0.057)
Cubic: time = 7.2E+07 + 1.4E+03*n^3 (sec)                       (res: 0.06)
Logarithmic: time = 7.1E+07 + 5.9E+05*log(n) (sec)              (res: 0.058)
Linearithmic: time = 7.1E+07 + 7.7E+04*n*log(n) (sec)           (res: 0.056)
Exponential: time = 7.1E+07 * 1^n (sec)                         (res: 0.056)

   [near-tie] within 10%: Linearithmic, Linear, Exponential, Quadratic, Logarithmic, Cubic -- chosen by the simplicity bias, not the data.
   [exponent] free-exponent fit: rss ~ count_more_complex_selector ** 0.01
Saved fit model plot to ./results/rq1/20261003-0136-css_select_known/run1/css_select_known/plots/fitmodel_rss_vs_count_more_complex_selector_css_select_5_2_0.png
Plotting 'rss' vs 'count_lang_range' for './results/rq1/20261003-0136-css_select_known/run1/css_select_known/summary.csv-function_name/css_select_5_1_0':
Saved plot to ./results/rq1/20261003-0136-css_select_known/run1/css_select_known/plots/rss_vs_count_lang_range_css_select_5_1_0.png
Plotting 'rss' vs 'count_lang_range' for './results/rq1/20261003-0136-css_select_known/run1/css_select_known/summary.csv-function_name/css_select_5_2_0':
Saved plot to ./results/rq1/20261003-0136-css_select_known/run1/css_select_known/plots/rss_vs_count_lang_range_css_select_5_2_0.png
For './results/rq1/20261003-0136-css_select_known/run1/css_select_known/summary.csv-function_name/css_select_5_1_0', feature 'count_lang_range' and metric 'rss': dropped 250 of 268 rows (censored, non-positive metric, or zero feature).
For './results/rq1/20261003-0136-css_select_known/run1/css_select_known/summary.csv-function_name/css_select_5_1_0', feature 'count_lang_range' and metric 'rss' the best fit is:
Best : Logarithmic: time = 7.2E+07 + -2.9E+06*log(n) (sec)          
Constant: time = 7.2E+07 (sec)                                  (res: 0.0054)
Linear: time = 7.4E+07 + -2E+06*n (sec)                         (res: 0.0046)
Quadratic: time = 7.2E+07 + -6.6E+05*n^2 (sec)                  (res: 0.0046)
Cubic: time = 7.2E+07 + -2.8E+05*n^3 (sec)                      (res: 0.0046)
Logarithmic: time = 7.2E+07 + -2.9E+06*log(n) (sec)             (res: 0.0046)
Linearithmic: time = 7.2E+07 + -1.4E+06*n*log(n) (sec)          (res: 0.0046)
Exponential: time = 7.4E+07 * 0.97^n (sec)                      (res: 0.0046)

   [near-tie] within 10%: Cubic, Linearithmic, Linear, Quadratic, Logarithmic, Exponential -- chosen by the simplicity bias, not the data.
   [exponent] free-exponent fit: rss ~ count_lang_range ** -0.04
Saved fit model plot to ./results/rq1/20261003-0136-css_select_known/run1/css_select_known/plots/fitmodel_rss_vs_count_lang_range_css_select_5_1_0.png
For './results/rq1/20261003-0136-css_select_known/run1/css_select_known/summary.csv-function_name/css_select_5_2_0', feature 'count_lang_range' and metric 'rss': dropped 249 of 268 rows (censored, non-positive metric, or zero feature).
For './results/rq1/20261003-0136-css_select_known/run1/css_select_known/summary.csv-function_name/css_select_5_2_0', feature 'count_lang_range' and metric 'rss' the best fit is:
Best : Constant: time = 7.2E+07 (sec)                               
Constant: time = 7.2E+07 (sec)                                  (res: 0.0049)
Linear: time = 7.2E+07 + -5.2E+05*n (sec)                       (res: 0.0047)
Quadratic: time = 7.2E+07 + -1.1E+05*n^2 (sec)                  (res: 0.0048)
Cubic: time = 7.2E+07 + -2.8E+04*n^3 (sec)                      (res: 0.0048)
Logarithmic: time = 7.2E+07 + -1E+06*log(n) (sec)               (res: 0.0046)
Linearithmic: time = 7.2E+07 + -2.9E+05*n*log(n) (sec)          (res: 0.0048)
Exponential: time = 7.2E+07 * 0.99^n (sec)                      (res: 0.0047)

   [near-tie] within 10%: Logarithmic, Linear, Exponential, Linearithmic, Quadratic, Cubic, Constant -- chosen by the simplicity bias, not the data.
   [exponent] free-exponent fit: rss ~ count_lang_range ** -0.01
Saved fit model plot to ./results/rq1/20261003-0136-css_select_known/run1/css_select_known/plots/fitmodel_rss_vs_count_lang_range_css_select_5_2_0.png
Plotting 'rss' vs 'count_namechar' for './results/rq1/20261003-0136-css_select_known/run1/css_select_known/summary.csv-function_name/css_select_5_1_0':
Saved plot to ./results/rq1/20261003-0136-css_select_known/run1/css_select_known/plots/rss_vs_count_namechar_css_select_5_1_0.png
Plotting 'rss' vs 'count_namechar' for './results/rq1/20261003-0136-css_select_known/run1/css_select_known/summary.csv-function_name/css_select_5_2_0':
Saved plot to ./results/rq1/20261003-0136-css_select_known/run1/css_select_known/plots/rss_vs_count_namechar_css_select_5_2_0.png
For './results/rq1/20261003-0136-css_select_known/run1/css_select_known/summary.csv-function_name/css_select_5_1_0', feature 'count_namechar' and metric 'rss': dropped 92 of 268 rows (censored, non-positive metric, or zero feature).
For './results/rq1/20261003-0136-css_select_known/run1/css_select_known/summary.csv-function_name/css_select_5_1_0', feature 'count_namechar' and metric 'rss' the best fit is:
Best : Constant: time = 7.1E+07 (sec)                               
Constant: time = 7.1E+07 (sec)                                  (res: 0.049)
Linear: time = 7.1E+07 + 6.6*n (sec)                            (res: 0.049)
Quadratic: time = 7E+07 + 0.0025*n^2 (sec)                      (res: 0.049)
Cubic: time = 7E+07 + 2.4E-07*n^3 (sec)                         (res: 0.049)
Logarithmic: time = 7.1E+07 + -1E+05*log(n) (sec)               (res: 0.048)
Linearithmic: time = 7E+07 + 1.3*n*log(n) (sec)                 (res: 0.049)
Exponential: time = 7.1E+07 * 1^n (sec)                         (res: 0.049)

   [near-tie] within 10%: Logarithmic, Cubic, Quadratic, Linearithmic, Linear, Constant, Exponential -- chosen by the simplicity bias, not the data.
   [exponent] free-exponent fit: rss ~ count_namechar ** -0.00
Saved fit model plot to ./results/rq1/20261003-0136-css_select_known/run1/css_select_known/plots/fitmodel_rss_vs_count_namechar_css_select_5_1_0.png
For './results/rq1/20261003-0136-css_select_known/run1/css_select_known/summary.csv-function_name/css_select_5_2_0', feature 'count_namechar' and metric 'rss': dropped 56 of 268 rows (censored, non-positive metric, or zero feature).
For './results/rq1/20261003-0136-css_select_known/run1/css_select_known/summary.csv-function_name/css_select_5_2_0', feature 'count_namechar' and metric 'rss' the best fit is:
Best : Constant: time = 7.1E+07 (sec)                               
Constant: time = 7.1E+07 (sec)                                  (res: 0.12)
Linear: time = 7.1E+07 + -50*n (sec)                            (res: 0.12)
Quadratic: time = 7.1E+07 + -0.00028*n^2 (sec)                  (res: 0.12)
Cubic: time = 7.1E+07 + 1.7E-08*n^3 (sec)                       (res: 0.12)
Logarithmic: time = 7.3E+07 + -3E+05*log(n) (sec)               (res: 0.11)
Linearithmic: time = 7.1E+07 + -4.1*n*log(n) (sec)              (res: 0.12)
Exponential: time = 7.1E+07 * 1^n (sec)                         (res: 0.12)

   [near-tie] within 10%: Logarithmic, Linear, Exponential, Linearithmic, Quadratic, Cubic, Constant -- chosen by the simplicity bias, not the data.
   [exponent] free-exponent fit: rss ~ count_namechar ** -0.00
Saved fit model plot to ./results/rq1/20261003-0136-css_select_known/run1/css_select_known/plots/fitmodel_rss_vs_count_namechar_css_select_5_2_0.png
Plotting 'rss' vs 'count_attr_value_words' for './results/rq1/20261003-0136-css_select_known/run1/css_select_known/summary.csv-function_name/css_select_5_1_0':
Saved plot to ./results/rq1/20261003-0136-css_select_known/run1/css_select_known/plots/rss_vs_count_attr_value_words_css_select_5_1_0.png
Plotting 'rss' vs 'count_attr_value_words' for './results/rq1/20261003-0136-css_select_known/run1/css_select_known/summary.csv-function_name/css_select_5_2_0':
Saved plot to ./results/rq1/20261003-0136-css_select_known/run1/css_select_known/plots/rss_vs_count_attr_value_words_css_select_5_2_0.png
For './results/rq1/20261003-0136-css_select_known/run1/css_select_known/summary.csv-function_name/css_select_5_1_0', feature 'count_attr_value_words' and metric 'rss': dropped 97 of 268 rows (censored, non-positive metric, or zero feature).
For './results/rq1/20261003-0136-css_select_known/run1/css_select_known/summary.csv-function_name/css_select_5_1_0', feature 'count_attr_value_words' and metric 'rss' the best fit is:
Best : Constant: time = 7.1E+07 (sec)                               
Constant: time = 7.1E+07 (sec)                                  (res: 0.047)
Linear: time = 7.1E+07 + -2E+04*n (sec)                         (res: 0.043)
Quadratic: time = 7.1E+07 + -3E+02*n^2 (sec)                    (res: 0.044)
Cubic: time = 7.1E+07 + -4.5*n^3 (sec)                          (res: 0.044)
Logarithmic: time = 7.1E+07 + -2.8E+05*log(n) (sec)             (res: 0.044)
Linearithmic: time = 7.1E+07 + -4.7E+03*n*log(n) (sec)          (res: 0.043)
Exponential: time = 7.1E+07 * 1^n (sec)                         (res: 0.043)

   [near-tie] within 10%: Linear, Exponential, Linearithmic, Quadratic, Logarithmic, Cubic, Constant -- chosen by the simplicity bias, not the data.
   [exponent] free-exponent fit: rss ~ count_attr_value_words ** -0.00
Saved fit model plot to ./results/rq1/20261003-0136-css_select_known/run1/css_select_known/plots/fitmodel_rss_vs_count_attr_value_words_css_select_5_1_0.png
For './results/rq1/20261003-0136-css_select_known/run1/css_select_known/summary.csv-function_name/css_select_5_2_0', feature 'count_attr_value_words' and metric 'rss': dropped 61 of 268 rows (censored, non-positive metric, or zero feature).
For './results/rq1/20261003-0136-css_select_known/run1/css_select_known/summary.csv-function_name/css_select_5_2_0', feature 'count_attr_value_words' and metric 'rss' the best fit is:
Best : Logarithmic: time = 7.3E+07 + -6.1E+05*log(n) (sec)          
Constant: time = 7.1E+07 (sec)                                  (res: 0.11)
Linear: time = 7.2E+07 + -4E+04*n (sec)                         (res: 0.097)
Quadratic: time = 7.2E+07 + -5.8E+02*n^2 (sec)                  (res: 0.1)
Cubic: time = 7.1E+07 + -8.2*n^3 (sec)                          (res: 0.11)
Logarithmic: time = 7.3E+07 + -6.1E+05*log(n) (sec)             (res: 0.1)
Linearithmic: time = 7.2E+07 + -9.2E+03*n*log(n) (sec)          (res: 0.098)
Exponential: time = 7.2E+07 * 1^n (sec)                         (res: 0.097)

   [near-tie] within 10%: Linear, Exponential, Linearithmic, Logarithmic, Quadratic, Cubic -- chosen by the simplicity bias, not the data.
   [exponent] free-exponent fit: rss ~ count_attr_value_words ** -0.01
Saved fit model plot to ./results/rq1/20261003-0136-css_select_known/run1/css_select_known/plots/fitmodel_rss_vs_count_attr_value_words_css_select_5_2_0.png
Plotting 'rss' vs 'count_attr_ident' for './results/rq1/20261003-0136-css_select_known/run1/css_select_known/summary.csv-function_name/css_select_5_1_0':
Saved plot to ./results/rq1/20261003-0136-css_select_known/run1/css_select_known/plots/rss_vs_count_attr_ident_css_select_5_1_0.png
Plotting 'rss' vs 'count_attr_ident' for './results/rq1/20261003-0136-css_select_known/run1/css_select_known/summary.csv-function_name/css_select_5_2_0':
Saved plot to ./results/rq1/20261003-0136-css_select_known/run1/css_select_known/plots/rss_vs_count_attr_ident_css_select_5_2_0.png
For './results/rq1/20261003-0136-css_select_known/run1/css_select_known/summary.csv-function_name/css_select_5_1_0', feature 'count_attr_ident' and metric 'rss': dropped 213 of 268 rows (censored, non-positive metric, or zero feature).
For './results/rq1/20261003-0136-css_select_known/run1/css_select_known/summary.csv-function_name/css_select_5_1_0', feature 'count_attr_ident' and metric 'rss' the best fit is:
Best : Logarithmic: time = 7E+07 + 5.9E+05*log(n) (sec)             
Constant: time = 7.1E+07 (sec)                                  (res: 0.018)
Linear: time = 7E+07 + 1.1E+05*n (sec)                          (res: 0.017)
Quadratic: time = 7.1E+07 + 3.4E+03*n^2 (sec)                   (res: 0.018)
Cubic: time = 7.1E+07 + -1.5E+02*n^3 (sec)                      (res: 0.018)
Logarithmic: time = 7E+07 + 5.9E+05*log(n) (sec)                (res: 0.015)
Linearithmic: time = 7.1E+07 + 3.1E+04*n*log(n) (sec)           (res: 0.017)
Exponential: time = 7E+07 * 1^n (sec)                           (res: 0.017)

   [exponent] free-exponent fit: rss ~ count_attr_ident ** 0.01
Saved fit model plot to ./results/rq1/20261003-0136-css_select_known/run1/css_select_known/plots/fitmodel_rss_vs_count_attr_ident_css_select_5_1_0.png
For './results/rq1/20261003-0136-css_select_known/run1/css_select_known/summary.csv-function_name/css_select_5_2_0', feature 'count_attr_ident' and metric 'rss': dropped 178 of 268 rows (censored, non-positive metric, or zero feature).
For './results/rq1/20261003-0136-css_select_known/run1/css_select_known/summary.csv-function_name/css_select_5_2_0', feature 'count_attr_ident' and metric 'rss' the best fit is:
Best : Logarithmic: time = 7E+07 + 1.2E+06*log(n) (sec)             
Constant: time = 7.2E+07 (sec)                                  (res: 0.044)
Linear: time = 7E+07 + 3E+05*n (sec)                            (res: 0.031)
Quadratic: time = 7.1E+07 + 2.3E+04*n^2 (sec)                   (res: 0.036)
Cubic: time = 7.1E+07 + 1.8E+03*n^3 (sec)                       (res: 0.04)
Logarithmic: time = 7E+07 + 1.2E+06*log(n) (sec)                (res: 0.027)
Linearithmic: time = 7.1E+07 + 1.1E+05*n*log(n) (sec)           (res: 0.033)
Exponential: time = 7E+07 * 1^n (sec)                           (res: 0.031)

   [exponent] free-exponent fit: rss ~ count_attr_ident ** 0.02
Saved fit model plot to ./results/rq1/20261003-0136-css_select_known/run1/css_select_known/plots/fitmodel_rss_vs_count_attr_ident_css_select_5_2_0.png
Plotting 'rss' vs 'count_more_relative_selector' for './results/rq1/20261003-0136-css_select_known/run1/css_select_known/summary.csv-function_name/css_select_5_1_0':
Saved plot to ./results/rq1/20261003-0136-css_select_known/run1/css_select_known/plots/rss_vs_count_more_relative_selector_css_select_5_1_0.png
Plotting 'rss' vs 'count_more_relative_selector' for './results/rq1/20261003-0136-css_select_known/run1/css_select_known/summary.csv-function_name/css_select_5_2_0':
Saved plot to ./results/rq1/20261003-0136-css_select_known/run1/css_select_known/plots/rss_vs_count_more_relative_selector_css_select_5_2_0.png
For './results/rq1/20261003-0136-css_select_known/run1/css_select_known/summary.csv-function_name/css_select_5_1_0', feature 'count_more_relative_selector' and metric 'rss': dropped 218 of 268 rows (censored, non-positive metric, or zero feature).
For './results/rq1/20261003-0136-css_select_known/run1/css_select_known/summary.csv-function_name/css_select_5_1_0', feature 'count_more_relative_selector' and metric 'rss' the best fit is:
Best : Logarithmic: time = 7.1E+07 + 4.5E+05*log(n) (sec)           
Constant: time = 7.2E+07 (sec)                                  (res: 0.0013)
Linear: time = 7.2E+07 + 1.1E+05*n (sec)                        (res: 0.001)
Quadratic: time = 7.2E+07 + 9.9E+03*n^2 (sec)                   (res: 0.001)
Cubic: time = 7.2E+07 + 1E+03*n^3 (sec)                         (res: 0.0011)
Logarithmic: time = 7.1E+07 + 4.5E+05*log(n) (sec)              (res: 0.0011)
Linearithmic: time = 7.2E+07 + 4.2E+04*n*log(n) (sec)           (res: 0.001)
Exponential: time = 7.2E+07 * 1^n (sec)                         (res: 0.001)

   [near-tie] within 10%: Linearithmic, Linear, Exponential, Quadratic, Cubic, Logarithmic -- chosen by the simplicity bias, not the data.
   [exponent] free-exponent fit: rss ~ count_more_relative_selector ** 0.01
Saved fit model plot to ./results/rq1/20261003-0136-css_select_known/run1/css_select_known/plots/fitmodel_rss_vs_count_more_relative_selector_css_select_5_1_0.png
For './results/rq1/20261003-0136-css_select_known/run1/css_select_known/summary.csv-function_name/css_select_5_2_0', feature 'count_more_relative_selector' and metric 'rss': dropped 217 of 268 rows (censored, non-positive metric, or zero feature).
For './results/rq1/20261003-0136-css_select_known/run1/css_select_known/summary.csv-function_name/css_select_5_2_0', feature 'count_more_relative_selector' and metric 'rss' the best fit is:
Best : Logarithmic: time = 7.4E+07 + -6.5E+05*log(n) (sec)          
Constant: time = 7.3E+07 (sec)                                  (res: 0.004)
Linear: time = 7.4E+07 + -1.7E+05*n (sec)                       (res: 0.0033)
Quadratic: time = 7.3E+07 + -1.4E+04*n^2 (sec)                  (res: 0.0033)
Cubic: time = 7.3E+07 + -1.3E+03*n^3 (sec)                      (res: 0.0033)
Logarithmic: time = 7.4E+07 + -6.5E+05*log(n) (sec)             (res: 0.0035)
Linearithmic: time = 7.3E+07 + -6.1E+04*n*log(n) (sec)          (res: 0.0033)
Exponential: time = 7.4E+07 * 1^n (sec)                         (res: 0.0033)

   [near-tie] within 10%: Quadratic, Linearithmic, Cubic, Linear, Exponential, Logarithmic -- chosen by the simplicity bias, not the data.
   [exponent] free-exponent fit: rss ~ count_more_relative_selector ** -0.01
Saved fit model plot to ./results/rq1/20261003-0136-css_select_known/run1/css_select_known/plots/fitmodel_rss_vs_count_more_relative_selector_css_select_5_2_0.png
Plotting 'rss' vs 'count_comma' for './results/rq1/20261003-0136-css_select_known/run1/css_select_known/summary.csv-function_name/css_select_5_1_0':
Saved plot to ./results/rq1/20261003-0136-css_select_known/run1/css_select_known/plots/rss_vs_count_comma_css_select_5_1_0.png
Plotting 'rss' vs 'count_comma' for './results/rq1/20261003-0136-css_select_known/run1/css_select_known/summary.csv-function_name/css_select_5_2_0':
Saved plot to ./results/rq1/20261003-0136-css_select_known/run1/css_select_known/plots/rss_vs_count_comma_css_select_5_2_0.png
For './results/rq1/20261003-0136-css_select_known/run1/css_select_known/summary.csv-function_name/css_select_5_1_0', feature 'count_comma' and metric 'rss': dropped 162 of 268 rows (censored, non-positive metric, or zero feature).
For './results/rq1/20261003-0136-css_select_known/run1/css_select_known/summary.csv-function_name/css_select_5_1_0', feature 'count_comma' and metric 'rss' the best fit is:
Best : Logarithmic: time = 7E+07 + 1E+06*log(n) (sec)               
Constant: time = 7.1E+07 (sec)                                  (res: 0.029)
Linear: time = 7E+07 + 1.8E+05*n (sec)                          (res: 0.016)
Quadratic: time = 7.1E+07 + 7.5E+03*n^2 (sec)                   (res: 0.021)
Cubic: time = 7.1E+07 + 3.5E+02*n^3 (sec)                       (res: 0.024)
Logarithmic: time = 7E+07 + 1E+06*log(n) (sec)                  (res: 0.012)
Linearithmic: time = 7.1E+07 + 5.5E+04*n*log(n) (sec)           (res: 0.018)
Exponential: time = 7E+07 * 1^n (sec)                           (res: 0.016)

   [exponent] free-exponent fit: rss ~ count_comma ** 0.01
Saved fit model plot to ./results/rq1/20261003-0136-css_select_known/run1/css_select_known/plots/fitmodel_rss_vs_count_comma_css_select_5_1_0.png
For './results/rq1/20261003-0136-css_select_known/run1/css_select_known/summary.csv-function_name/css_select_5_2_0', feature 'count_comma' and metric 'rss': dropped 126 of 268 rows (censored, non-positive metric, or zero feature).
For './results/rq1/20261003-0136-css_select_known/run1/css_select_known/summary.csv-function_name/css_select_5_2_0', feature 'count_comma' and metric 'rss' the best fit is:
Best : Logarithmic: time = 7E+07 + 1.3E+06*log(n) (sec)             
Constant: time = 7.2E+07 (sec)                                  (res: 0.066)
Linear: time = 7.1E+07 + 2E+05*n (sec)                          (res: 0.048)
Quadratic: time = 7.2E+07 + 6.3E+03*n^2 (sec)                   (res: 0.061)
Cubic: time = 7.2E+07 + 2E+02*n^3 (sec)                         (res: 0.064)
Logarithmic: time = 7E+07 + 1.3E+06*log(n) (sec)                (res: 0.033)
Linearithmic: time = 7.1E+07 + 5.5E+04*n*log(n) (sec)           (res: 0.054)
Exponential: time = 7.1E+07 * 1^n (sec)                         (res: 0.048)

   [exponent] free-exponent fit: rss ~ count_comma ** 0.02
Saved fit model plot to ./results/rq1/20261003-0136-css_select_known/run1/css_select_known/plots/fitmodel_rss_vs_count_comma_css_select_5_2_0.png
Plotting 'rss' vs 'count_lang_tag' for './results/rq1/20261003-0136-css_select_known/run1/css_select_known/summary.csv-function_name/css_select_5_1_0':
Saved plot to ./results/rq1/20261003-0136-css_select_known/run1/css_select_known/plots/rss_vs_count_lang_tag_css_select_5_1_0.png
Plotting 'rss' vs 'count_lang_tag' for './results/rq1/20261003-0136-css_select_known/run1/css_select_known/summary.csv-function_name/css_select_5_2_0':
Saved plot to ./results/rq1/20261003-0136-css_select_known/run1/css_select_known/plots/rss_vs_count_lang_tag_css_select_5_2_0.png
For './results/rq1/20261003-0136-css_select_known/run1/css_select_known/summary.csv-function_name/css_select_5_1_0', feature 'count_lang_tag' and metric 'rss': dropped 96 of 268 rows (censored, non-positive metric, or zero feature).
For './results/rq1/20261003-0136-css_select_known/run1/css_select_known/summary.csv-function_name/css_select_5_1_0', feature 'count_lang_tag' and metric 'rss' the best fit is:
Best : Logarithmic: time = 7.1E+07 + -3.9E+05*log(n) (sec)          
Constant: time = 7.1E+07 (sec)                                  (res: 0.047)
Linear: time = 7.1E+07 + -2E+04*n (sec)                         (res: 0.043)
Quadratic: time = 7.1E+07 + -2.5E+02*n^2 (sec)                  (res: 0.045)
Cubic: time = 7.1E+07 + -3.5*n^3 (sec)                          (res: 0.046)
Logarithmic: time = 7.1E+07 + -3.9E+05*log(n) (sec)             (res: 0.04)
Linearithmic: time = 7.1E+07 + -4.5E+03*n*log(n) (sec)          (res: 0.043)
Exponential: time = 7.1E+07 * 1^n (sec)                         (res: 0.043)

   [near-tie] within 10%: Logarithmic, Linear, Exponential, Linearithmic -- chosen by the simplicity bias, not the data.
   [exponent] free-exponent fit: rss ~ count_lang_tag ** -0.01
Saved fit model plot to ./results/rq1/20261003-0136-css_select_known/run1/css_select_known/plots/fitmodel_rss_vs_count_lang_tag_css_select_5_1_0.png
For './results/rq1/20261003-0136-css_select_known/run1/css_select_known/summary.csv-function_name/css_select_5_2_0', feature 'count_lang_tag' and metric 'rss': dropped 69 of 268 rows (censored, non-positive metric, or zero feature).
For './results/rq1/20261003-0136-css_select_known/run1/css_select_known/summary.csv-function_name/css_select_5_2_0', feature 'count_lang_tag' and metric 'rss' the best fit is:
Best : Logarithmic: time = 7.2E+07 + -6.9E+05*log(n) (sec)          
Constant: time = 7.1E+07 (sec)                                  (res: 0.11)
Linear: time = 7.2E+07 + -3.8E+04*n (sec)                       (res: 0.091)
Quadratic: time = 7.1E+07 + -4.8E+02*n^2 (sec)                  (res: 0.099)
Cubic: time = 7.1E+07 + -6.6*n^3 (sec)                          (res: 0.1)
Logarithmic: time = 7.2E+07 + -6.9E+05*log(n) (sec)             (res: 0.077)
Linearithmic: time = 7.2E+07 + -8.4E+03*n*log(n) (sec)          (res: 0.094)
Exponential: time = 7.2E+07 * 1^n (sec)                         (res: 0.091)

   [exponent] free-exponent fit: rss ~ count_lang_tag ** -0.01
Saved fit model plot to ./results/rq1/20261003-0136-css_select_known/run1/css_select_known/plots/fitmodel_rss_vs_count_lang_tag_css_select_5_2_0.png
Plotting 'rss' vs 'count_more_value_word' for './results/rq1/20261003-0136-css_select_known/run1/css_select_known/summary.csv-function_name/css_select_5_1_0':
Saved plot to ./results/rq1/20261003-0136-css_select_known/run1/css_select_known/plots/rss_vs_count_more_value_word_css_select_5_1_0.png
Plotting 'rss' vs 'count_more_value_word' for './results/rq1/20261003-0136-css_select_known/run1/css_select_known/summary.csv-function_name/css_select_5_2_0':
Saved plot to ./results/rq1/20261003-0136-css_select_known/run1/css_select_known/plots/rss_vs_count_more_value_word_css_select_5_2_0.png
For './results/rq1/20261003-0136-css_select_known/run1/css_select_known/summary.csv-function_name/css_select_5_1_0', feature 'count_more_value_word' and metric 'rss': dropped 101 of 268 rows (censored, non-positive metric, or zero feature).
For './results/rq1/20261003-0136-css_select_known/run1/css_select_known/summary.csv-function_name/css_select_5_1_0', feature 'count_more_value_word' and metric 'rss' the best fit is:
Best : Constant: time = 7.1E+07 (sec)                               
Constant: time = 7.1E+07 (sec)                                  (res: 0.046)
Linear: time = 7.1E+07 + -3.6E+04*n (sec)                       (res: 0.042)
Quadratic: time = 7.1E+07 + -9.7E+02*n^2 (sec)                  (res: 0.043)
Cubic: time = 7.1E+07 + -24*n^3 (sec)                           (res: 0.044)
Logarithmic: time = 7.1E+07 + -2.7E+05*log(n) (sec)             (res: 0.044)
Linearithmic: time = 7.1E+07 + -9.9E+03*n*log(n) (sec)          (res: 0.043)
Exponential: time = 7.1E+07 * 1^n (sec)                         (res: 0.042)

   [near-tie] within 10%: Linear, Exponential, Linearithmic, Quadratic, Logarithmic, Cubic, Constant -- chosen by the simplicity bias, not the data.
   [exponent] free-exponent fit: rss ~ count_more_value_word ** -0.00
Saved fit model plot to ./results/rq1/20261003-0136-css_select_known/run1/css_select_known/plots/fitmodel_rss_vs_count_more_value_word_css_select_5_1_0.png
For './results/rq1/20261003-0136-css_select_known/run1/css_select_known/summary.csv-function_name/css_select_5_2_0', feature 'count_more_value_word' and metric 'rss': dropped 66 of 268 rows (censored, non-positive metric, or zero feature).
For './results/rq1/20261003-0136-css_select_known/run1/css_select_known/summary.csv-function_name/css_select_5_2_0', feature 'count_more_value_word' and metric 'rss' the best fit is:
Best : Logarithmic: time = 7.2E+07 + -5.8E+05*log(n) (sec)          
Constant: time = 7.1E+07 (sec)                                  (res: 0.11)
Linear: time = 7.2E+07 + -7.1E+04*n (sec)                       (res: 0.096)
Quadratic: time = 7.1E+07 + -1.8E+03*n^2 (sec)                  (res: 0.1)
Cubic: time = 7.1E+07 + -42*n^3 (sec)                           (res: 0.1)
Logarithmic: time = 7.2E+07 + -5.8E+05*log(n) (sec)             (res: 0.1)
Linearithmic: time = 7.2E+07 + -1.9E+04*n*log(n) (sec)          (res: 0.097)
Exponential: time = 7.2E+07 * 1^n (sec)                         (res: 0.096)

   [near-tie] within 10%: Linear, Exponential, Linearithmic, Logarithmic, Quadratic, Cubic -- chosen by the simplicity bias, not the data.
   [exponent] free-exponent fit: rss ~ count_more_value_word ** -0.01
Saved fit model plot to ./results/rq1/20261003-0136-css_select_known/run1/css_select_known/plots/fitmodel_rss_vs_count_more_value_word_css_select_5_2_0.png
Plotting 'rss' vs 'count_relative_combinator' for './results/rq1/20261003-0136-css_select_known/run1/css_select_known/summary.csv-function_name/css_select_5_1_0':
Saved plot to ./results/rq1/20261003-0136-css_select_known/run1/css_select_known/plots/rss_vs_count_relative_combinator_css_select_5_1_0.png
Plotting 'rss' vs 'count_relative_combinator' for './results/rq1/20261003-0136-css_select_known/run1/css_select_known/summary.csv-function_name/css_select_5_2_0':
Saved plot to ./results/rq1/20261003-0136-css_select_known/run1/css_select_known/plots/rss_vs_count_relative_combinator_css_select_5_2_0.png
For './results/rq1/20261003-0136-css_select_known/run1/css_select_known/summary.csv-function_name/css_select_5_1_0', feature 'count_relative_combinator' and metric 'rss': dropped 215 of 268 rows (censored, non-positive metric, or zero feature).
For './results/rq1/20261003-0136-css_select_known/run1/css_select_known/summary.csv-function_name/css_select_5_1_0', feature 'count_relative_combinator' and metric 'rss' the best fit is:
Best : Logarithmic: time = 7.1E+07 + 1.1E+06*log(n) (sec)           
Constant: time = 7.2E+07 (sec)                                  (res: 0.0028)
Linear: time = 7.1E+07 + 4.1E+05*n (sec)                        (res: 0.0014)
Quadratic: time = 7.1E+07 + 5.3E+04*n^2 (sec)                   (res: 0.0018)
Cubic: time = 7.2E+07 + 7.7E+03*n^3 (sec)                       (res: 0.0021)
Logarithmic: time = 7.1E+07 + 1.1E+06*log(n) (sec)              (res: 0.0011)
Linearithmic: time = 7.1E+07 + 1.8E+05*n*log(n) (sec)           (res: 0.0016)
Exponential: time = 7.1E+07 * 1^n (sec)                         (res: 0.0014)

   [exponent] free-exponent fit: rss ~ count_relative_combinator ** 0.02
Saved fit model plot to ./results/rq1/20261003-0136-css_select_known/run1/css_select_known/plots/fitmodel_rss_vs_count_relative_combinator_css_select_5_1_0.png
For './results/rq1/20261003-0136-css_select_known/run1/css_select_known/summary.csv-function_name/css_select_5_2_0', feature 'count_relative_combinator' and metric 'rss': dropped 214 of 268 rows (censored, non-positive metric, or zero feature).
For './results/rq1/20261003-0136-css_select_known/run1/css_select_known/summary.csv-function_name/css_select_5_2_0', feature 'count_relative_combinator' and metric 'rss' the best fit is:
Best : Logarithmic: time = 7.2E+07 + 8E+05*log(n) (sec)             
Constant: time = 7.3E+07 (sec)                                  (res: 0.0064)
Linear: time = 7.2E+07 + 8.3E+04*n (sec)                        (res: 0.0064)
Quadratic: time = 7.3E+07 + -7.3E+03*n^2 (sec)                  (res: 0.0064)
Cubic: time = 7.3E+07 + -2E+03*n^3 (sec)                        (res: 0.0062)
Logarithmic: time = 7.2E+07 + 8E+05*log(n) (sec)                (res: 0.0055)
Linearithmic: time = 7.3E+07 + 9.1E+02*n*log(n) (sec)           (res: 0.0064)
Exponential: time = 7.2E+07 * 1^n (sec)                         (res: 0.0064)

   [exponent] free-exponent fit: rss ~ count_relative_combinator ** 0.01
Saved fit model plot to ./results/rq1/20261003-0136-css_select_known/run1/css_select_known/plots/fitmodel_rss_vs_count_relative_combinator_css_select_5_2_0.png
Plotting 'rss' vs 'count_complex_selector_in_has' for './results/rq1/20261003-0136-css_select_known/run1/css_select_known/summary.csv-function_name/css_select_5_1_0':
Saved plot to ./results/rq1/20261003-0136-css_select_known/run1/css_select_known/plots/rss_vs_count_complex_selector_in_has_css_select_5_1_0.png
Plotting 'rss' vs 'count_complex_selector_in_has' for './results/rq1/20261003-0136-css_select_known/run1/css_select_known/summary.csv-function_name/css_select_5_2_0':
Saved plot to ./results/rq1/20261003-0136-css_select_known/run1/css_select_known/plots/rss_vs_count_complex_selector_in_has_css_select_5_2_0.png
For './results/rq1/20261003-0136-css_select_known/run1/css_select_known/summary.csv-function_name/css_select_5_1_0', feature 'count_complex_selector_in_has' and metric 'rss': dropped 212 of 268 rows (censored, non-positive metric, or zero feature).
For './results/rq1/20261003-0136-css_select_known/run1/css_select_known/summary.csv-function_name/css_select_5_1_0', feature 'count_complex_selector_in_has' and metric 'rss' the best fit is:
Best : Logarithmic: time = 7.1E+07 + 5.6E+05*log(n) (sec)           
Constant: time = 7.2E+07 (sec)                                  (res: 0.0041)
Linear: time = 7.1E+07 + 7.4E+04*n (sec)                        (res: 0.0023)
Quadratic: time = 7.1E+07 + 2.6E+03*n^2 (sec)                   (res: 0.0028)
Cubic: time = 7.2E+07 + 91*n^3 (sec)                            (res: 0.0032)
Logarithmic: time = 7.1E+07 + 5.6E+05*log(n) (sec)              (res: 0.0019)
Linearithmic: time = 7.1E+07 + 2.1E+04*n*log(n) (sec)           (res: 0.0025)
Exponential: time = 7.1E+07 * 1^n (sec)                         (res: 0.0023)

   [exponent] free-exponent fit: rss ~ count_complex_selector_in_has ** 0.01
Saved fit model plot to ./results/rq1/20261003-0136-css_select_known/run1/css_select_known/plots/fitmodel_rss_vs_count_complex_selector_in_has_css_select_5_1_0.png
For './results/rq1/20261003-0136-css_select_known/run1/css_select_known/summary.csv-function_name/css_select_5_2_0', feature 'count_complex_selector_in_has' and metric 'rss': dropped 182 of 268 rows (censored, non-positive metric, or zero feature).
For './results/rq1/20261003-0136-css_select_known/run1/css_select_known/summary.csv-function_name/css_select_5_2_0', feature 'count_complex_selector_in_has' and metric 'rss' the best fit is:
Best : Constant: time = 7.3E+07 (sec)                               
Constant: time = 7.3E+07 (sec)                                  (res: 0.012)
Linear: time = 7.3E+07 + -2.3E+04*n (sec)                       (res: 0.011)
Quadratic: time = 7.3E+07 + -1.4E+03*n^2 (sec)                  (res: 0.011)
Cubic: time = 7.3E+07 + -58*n^3 (sec)                           (res: 0.011)
Logarithmic: time = 7.3E+07 + -5.3E+04*log(n) (sec)             (res: 0.012)
Linearithmic: time = 7.3E+07 + -8.2E+03*n*log(n) (sec)          (res: 0.011)
Exponential: time = 7.3E+07 * 1^n (sec)                         (res: 0.011)

   [near-tie] within 10%: Cubic, Quadratic, Linearithmic, Linear, Exponential, Logarithmic, Constant -- chosen by the simplicity bias, not the data.
   [exponent] free-exponent fit: rss ~ count_complex_selector_in_has ** -0.00
Saved fit model plot to ./results/rq1/20261003-0136-css_select_known/run1/css_select_known/plots/fitmodel_rss_vs_count_complex_selector_in_has_css_select_5_2_0.png
Plotting 'rss' vs 'count_digits' for './results/rq1/20261003-0136-css_select_known/run1/css_select_known/summary.csv-function_name/css_select_5_1_0':
Saved plot to ./results/rq1/20261003-0136-css_select_known/run1/css_select_known/plots/rss_vs_count_digits_css_select_5_1_0.png
Plotting 'rss' vs 'count_digits' for './results/rq1/20261003-0136-css_select_known/run1/css_select_known/summary.csv-function_name/css_select_5_2_0':
Saved plot to ./results/rq1/20261003-0136-css_select_known/run1/css_select_known/plots/rss_vs_count_digits_css_select_5_2_0.png
For './results/rq1/20261003-0136-css_select_known/run1/css_select_known/summary.csv-function_name/css_select_5_1_0', feature 'count_digits' and metric 'rss': dropped 255 of 268 rows (censored, non-positive metric, or zero feature).
For './results/rq1/20261003-0136-css_select_known/run1/css_select_known/summary.csv-function_name/css_select_5_1_0', feature 'count_digits' and metric 'rss' the best fit is:
Best : Constant: time = 7E+07 (sec)                                 
Constant: time = 7E+07 (sec)                                    (res: 0.0045)
Linear: time = 7.1E+07 + -2.3E+05*n (sec)                       (res: 0.0044)
Quadratic: time = 7.1E+07 + -3.8E+04*n^2 (sec)                  (res: 0.0043)
Cubic: time = 7.1E+07 + -6.5E+03*n^3 (sec)                      (res: 0.0042)
Logarithmic: time = 7.1E+07 + -5.3E+05*log(n) (sec)             (res: 0.0044)
Linearithmic: time = 7.1E+07 + -1.1E+05*n*log(n) (sec)          (res: 0.0043)
Exponential: time = 7.1E+07 * 1^n (sec)                         (res: 0.0044)

   [near-tie] within 10%: Cubic, Quadratic, Linearithmic, Linear, Exponential, Logarithmic, Constant -- chosen by the simplicity bias, not the data.
   [exponent] free-exponent fit: rss ~ count_digits ** -0.01
Saved fit model plot to ./results/rq1/20261003-0136-css_select_known/run1/css_select_known/plots/fitmodel_rss_vs_count_digits_css_select_5_1_0.png
For './results/rq1/20261003-0136-css_select_known/run1/css_select_known/summary.csv-function_name/css_select_5_2_0', feature 'count_digits' and metric 'rss': dropped 251 of 268 rows (censored, non-positive metric, or zero feature).
For './results/rq1/20261003-0136-css_select_known/run1/css_select_known/summary.csv-function_name/css_select_5_2_0', feature 'count_digits' and metric 'rss' the best fit is:
Best : Logarithmic: time = 7.3E+07 + -1.4E+06*log(n) (sec)          
Constant: time = 7.1E+07 (sec)                                  (res: 0.01)
Linear: time = 7.3E+07 + -5.4E+05*n (sec)                       (res: 0.0084)
Quadratic: time = 7.2E+07 + -8E+04*n^2 (sec)                    (res: 0.0086)
Cubic: time = 7.2E+07 + -1.3E+04*n^3 (sec)                      (res: 0.0088)
Logarithmic: time = 7.3E+07 + -1.4E+06*log(n) (sec)             (res: 0.0082)
Linearithmic: time = 7.2E+07 + -2.5E+05*n*log(n) (sec)          (res: 0.0085)
Exponential: time = 7.3E+07 * 0.99^n (sec)                      (res: 0.0084)

   [near-tie] within 10%: Logarithmic, Linear, Exponential, Linearithmic, Quadratic, Cubic -- chosen by the simplicity bias, not the data.
   [exponent] free-exponent fit: rss ~ count_digits ** -0.02
Saved fit model plot to ./results/rq1/20261003-0136-css_select_known/run1/css_select_known/plots/fitmodel_rss_vs_count_digits_css_select_5_2_0.png
Plotting 'rss' vs 'count_an_a' for './results/rq1/20261003-0136-css_select_known/run1/css_select_known/summary.csv-function_name/css_select_5_1_0':
Saved plot to ./results/rq1/20261003-0136-css_select_known/run1/css_select_known/plots/rss_vs_count_an_a_css_select_5_1_0.png
Plotting 'rss' vs 'count_an_a' for './results/rq1/20261003-0136-css_select_known/run1/css_select_known/summary.csv-function_name/css_select_5_2_0':
Saved plot to ./results/rq1/20261003-0136-css_select_known/run1/css_select_known/plots/rss_vs_count_an_a_css_select_5_2_0.png
For './results/rq1/20261003-0136-css_select_known/run1/css_select_known/summary.csv-function_name/css_select_5_1_0', feature 'count_an_a' and metric 'rss': dropped 255 of 268 rows (censored, non-positive metric, or zero feature).
For './results/rq1/20261003-0136-css_select_known/run1/css_select_known/summary.csv-function_name/css_select_5_1_0', feature 'count_an_a' and metric 'rss' the best fit is:
Best : Constant: time = 7.1E+07 (sec)                               
Constant: time = 7.1E+07 (sec)                                  (res: 0.0043)
Linear: time = 3.5E+07 + 3.5E+07*n (sec)                        (res: 0.0043)
Quadratic: time = 3.5E+07 + 3.5E+07*n^2 (sec)                   (res: 0.0043)
Cubic: time = 3.5E+07 + 3.5E+07*n^3 (sec)                       (res: 0.0043)
Logarithmic: time = 7.1E+07 + 0*log(n) (sec)                    (res: 0.0043)
Linearithmic: time = 7.1E+07 + 0*n*log(n) (sec)                 (res: 0.0043)
Exponential: time = 8.4E+03 * 8.4E+03^n (sec)                   (res: 0.0044)

   [near-tie] within 10%: Linear, Quadratic, Cubic, Logarithmic, Linearithmic, Constant, Exponential -- chosen by the simplicity bias, not the data.
   [exponent] free-exponent fit: rss ~ count_an_a ** 0.00
Saved fit model plot to ./results/rq1/20261003-0136-css_select_known/run1/css_select_known/plots/fitmodel_rss_vs_count_an_a_css_select_5_1_0.png
For './results/rq1/20261003-0136-css_select_known/run1/css_select_known/summary.csv-function_name/css_select_5_2_0', feature 'count_an_a' and metric 'rss': dropped 254 of 268 rows (censored, non-positive metric, or zero feature).
For './results/rq1/20261003-0136-css_select_known/run1/css_select_known/summary.csv-function_name/css_select_5_2_0', feature 'count_an_a' and metric 'rss' the best fit is:
Best : Constant: time = 7.1E+07 (sec)                               
Constant: time = 7.1E+07 (sec)                                  (res: 0.0077)
Linear: time = 3.5E+07 + 3.5E+07*n (sec)                        (res: 0.0077)
Quadratic: time = 3.5E+07 + 3.5E+07*n^2 (sec)                   (res: 0.0077)
Cubic: time = 3.5E+07 + 3.5E+07*n^3 (sec)                       (res: 0.0077)
Logarithmic: time = 7.1E+07 + 0*log(n) (sec)                    (res: 0.0077)
Linearithmic: time = 7.1E+07 + 0*n*log(n) (sec)                 (res: 0.0077)
Exponential: time = 8.4E+03 * 8.4E+03^n (sec)                   (res: 0.0077)

   [near-tie] within 10%: Constant, Linear, Quadratic, Cubic, Logarithmic, Linearithmic, Exponential -- chosen by the simplicity bias, not the data.
   [exponent] free-exponent fit: rss ~ count_an_a ** 0.00
Saved fit model plot to ./results/rq1/20261003-0136-css_select_known/run1/css_select_known/plots/fitmodel_rss_vs_count_an_a_css_select_5_2_0.png
Plotting 'rss' vs 'count_signed_integer' for './results/rq1/20261003-0136-css_select_known/run1/css_select_known/summary.csv-function_name/css_select_5_1_0':
Saved plot to ./results/rq1/20261003-0136-css_select_known/run1/css_select_known/plots/rss_vs_count_signed_integer_css_select_5_1_0.png
Plotting 'rss' vs 'count_signed_integer' for './results/rq1/20261003-0136-css_select_known/run1/css_select_known/summary.csv-function_name/css_select_5_2_0':
Saved plot to ./results/rq1/20261003-0136-css_select_known/run1/css_select_known/plots/rss_vs_count_signed_integer_css_select_5_2_0.png
For './results/rq1/20261003-0136-css_select_known/run1/css_select_known/summary.csv-function_name/css_select_5_1_0', feature 'count_signed_integer' and metric 'rss': dropped 267 of 268 rows (censored, non-positive metric, or zero feature).
For './results/rq1/20261003-0136-css_select_known/run1/css_select_known/summary.csv-function_name/css_select_5_1_0', feature 'count_signed_integer' and metric 'rss': only 1 usable rows; skipping fit.
For './results/rq1/20261003-0136-css_select_known/run1/css_select_known/summary.csv-function_name/css_select_5_2_0', feature 'count_signed_integer' and metric 'rss': dropped 264 of 268 rows (censored, non-positive metric, or zero feature).
For './results/rq1/20261003-0136-css_select_known/run1/css_select_known/summary.csv-function_name/css_select_5_2_0', feature 'count_signed_integer' and metric 'rss' the best fit is:
Best : Constant: time = 7.2E+07 (sec)                               
Constant: time = 7.2E+07 (sec)                                  (res: 0.0019)
Linear: time = 3.6E+07 + 3.6E+07*n (sec)                        (res: 0.0019)
Quadratic: time = 3.6E+07 + 3.6E+07*n^2 (sec)                   (res: 0.0019)
Cubic: time = 3.6E+07 + 3.6E+07*n^3 (sec)                       (res: 0.0019)
Logarithmic: time = 7.2E+07 + 0*log(n) (sec)                    (res: 0.0019)
Linearithmic: time = 7.2E+07 + 0*n*log(n) (sec)                 (res: 0.0019)
Exponential: time = 8.5E+03 * 8.5E+03^n (sec)                   (res: 0.0019)

   [near-tie] within 10%: Constant, Linear, Quadratic, Cubic, Logarithmic, Linearithmic, Exponential -- chosen by the simplicity bias, not the data.
   [exponent] free-exponent fit: rss ~ count_signed_integer ** 0.00
Saved fit model plot to ./results/rq1/20261003-0136-css_select_known/run1/css_select_known/plots/fitmodel_rss_vs_count_signed_integer_css_select_5_2_0.png
Plotting 'rss' vs 'count_an_b_sign' for './results/rq1/20261003-0136-css_select_known/run1/css_select_known/summary.csv-function_name/css_select_5_1_0':
Saved plot to ./results/rq1/20261003-0136-css_select_known/run1/css_select_known/plots/rss_vs_count_an_b_sign_css_select_5_1_0.png
Plotting 'rss' vs 'count_an_b_sign' for './results/rq1/20261003-0136-css_select_known/run1/css_select_known/summary.csv-function_name/css_select_5_2_0':
Saved plot to ./results/rq1/20261003-0136-css_select_known/run1/css_select_known/plots/rss_vs_count_an_b_sign_css_select_5_2_0.png
For './results/rq1/20261003-0136-css_select_known/run1/css_select_known/summary.csv-function_name/css_select_5_1_0', feature 'count_an_b_sign' and metric 'rss': dropped 264 of 268 rows (censored, non-positive metric, or zero feature).
For './results/rq1/20261003-0136-css_select_known/run1/css_select_known/summary.csv-function_name/css_select_5_1_0', feature 'count_an_b_sign' and metric 'rss' the best fit is:
Best : Constant: time = 7.2E+07 (sec)                               
Constant: time = 7.2E+07 (sec)                                  (res: 0.0023)
Linear: time = 3.6E+07 + 3.6E+07*n (sec)                        (res: 0.0023)
Quadratic: time = 3.6E+07 + 3.6E+07*n^2 (sec)                   (res: 0.0023)
Cubic: time = 3.6E+07 + 3.6E+07*n^3 (sec)                       (res: 0.0023)
Logarithmic: time = 7.2E+07 + 0*log(n) (sec)                    (res: 0.0023)
Linearithmic: time = 7.2E+07 + 0*n*log(n) (sec)                 (res: 0.0023)
Exponential: time = 8.5E+03 * 8.5E+03^n (sec)                   (res: 0.0023)

   [near-tie] within 10%: Constant, Linear, Quadratic, Cubic, Logarithmic, Linearithmic, Exponential -- chosen by the simplicity bias, not the data.
   [exponent] free-exponent fit: rss ~ count_an_b_sign ** 0.00
Saved fit model plot to ./results/rq1/20261003-0136-css_select_known/run1/css_select_known/plots/fitmodel_rss_vs_count_an_b_sign_css_select_5_1_0.png
For './results/rq1/20261003-0136-css_select_known/run1/css_select_known/summary.csv-function_name/css_select_5_2_0', feature 'count_an_b_sign' and metric 'rss': dropped 263 of 268 rows (censored, non-positive metric, or zero feature).
For './results/rq1/20261003-0136-css_select_known/run1/css_select_known/summary.csv-function_name/css_select_5_2_0', feature 'count_an_b_sign' and metric 'rss' the best fit is:
Best : Constant: time = 7.2E+07 (sec)                               
Constant: time = 7.2E+07 (sec)                                  (res: 0.0046)
Linear: time = 3.6E+07 + 3.6E+07*n (sec)                        (res: 0.0046)
Quadratic: time = 3.6E+07 + 3.6E+07*n^2 (sec)                   (res: 0.0046)
Cubic: time = 3.6E+07 + 3.6E+07*n^3 (sec)                       (res: 0.0046)
Logarithmic: time = 7.2E+07 + 0*log(n) (sec)                    (res: 0.0046)
Linearithmic: time = 7.2E+07 + 0*n*log(n) (sec)                 (res: 0.0046)
Exponential: time = 8.5E+03 * 8.5E+03^n (sec)                   (res: 0.0046)

   [near-tie] within 10%: Constant, Logarithmic, Linearithmic, Linear, Quadratic, Cubic, Exponential -- chosen by the simplicity bias, not the data.
   [exponent] free-exponent fit: rss ~ count_an_b_sign ** 0.00
Saved fit model plot to ./results/rq1/20261003-0136-css_select_known/run1/css_select_known/plots/fitmodel_rss_vs_count_an_b_sign_css_select_5_2_0.png
Plotting 'rss' vs 'count_sign' for './results/rq1/20261003-0136-css_select_known/run1/css_select_known/summary.csv-function_name/css_select_5_1_0':
Saved plot to ./results/rq1/20261003-0136-css_select_known/run1/css_select_known/plots/rss_vs_count_sign_css_select_5_1_0.png
Plotting 'rss' vs 'count_sign' for './results/rq1/20261003-0136-css_select_known/run1/css_select_known/summary.csv-function_name/css_select_5_2_0':
Saved plot to ./results/rq1/20261003-0136-css_select_known/run1/css_select_known/plots/rss_vs_count_sign_css_select_5_2_0.png
For './results/rq1/20261003-0136-css_select_known/run1/css_select_known/summary.csv-function_name/css_select_5_1_0', feature 'count_sign' and metric 'rss': dropped 257 of 268 rows (censored, non-positive metric, or zero feature).
For './results/rq1/20261003-0136-css_select_known/run1/css_select_known/summary.csv-function_name/css_select_5_1_0', feature 'count_sign' and metric 'rss' the best fit is:
Best : Constant: time = 7E+07 (sec)                                 
Constant: time = 7E+07 (sec)                                    (res: 0.0011)
Linear: time = 3.5E+07 + 3.5E+07*n (sec)                        (res: 0.0011)
Quadratic: time = 3.5E+07 + 3.5E+07*n^2 (sec)                   (res: 0.0011)
Cubic: time = 3.5E+07 + 3.5E+07*n^3 (sec)                       (res: 0.0011)
Logarithmic: time = 7E+07 + 0*log(n) (sec)                      (res: 0.0011)
Linearithmic: time = 7E+07 + 0*n*log(n) (sec)                   (res: 0.0011)
Exponential: time = 8.4E+03 * 8.4E+03^n (sec)                   (res: 0.0011)

   [near-tie] within 10%: Constant, Linear, Quadratic, Cubic, Logarithmic, Linearithmic, Exponential -- chosen by the simplicity bias, not the data.
   [exponent] free-exponent fit: rss ~ count_sign ** 0.00
Saved fit model plot to ./results/rq1/20261003-0136-css_select_known/run1/css_select_known/plots/fitmodel_rss_vs_count_sign_css_select_5_1_0.png
For './results/rq1/20261003-0136-css_select_known/run1/css_select_known/summary.csv-function_name/css_select_5_2_0', feature 'count_sign' and metric 'rss': dropped 253 of 268 rows (censored, non-positive metric, or zero feature).
For './results/rq1/20261003-0136-css_select_known/run1/css_select_known/summary.csv-function_name/css_select_5_2_0', feature 'count_sign' and metric 'rss' the best fit is:
Best : Constant: time = 7.1E+07 (sec)                               
Constant: time = 7.1E+07 (sec)                                  (res: 0.0059)
Linear: time = 3.5E+07 + 3.5E+07*n (sec)                        (res: 0.0059)
Quadratic: time = 3.5E+07 + 3.5E+07*n^2 (sec)                   (res: 0.0059)
Cubic: time = 3.5E+07 + 3.5E+07*n^3 (sec)                       (res: 0.0059)
Logarithmic: time = 7.1E+07 + 0*log(n) (sec)                    (res: 0.0059)
Linearithmic: time = 7.1E+07 + 0*n*log(n) (sec)                 (res: 0.0059)
Exponential: time = 8.4E+03 * 8.4E+03^n (sec)                   (res: 0.0059)

   [near-tie] within 10%: Linear, Quadratic, Cubic, Constant, Logarithmic, Linearithmic, Exponential -- chosen by the simplicity bias, not the data.
   [exponent] free-exponent fit: rss ~ count_sign ** 0.00
Saved fit model plot to ./results/rq1/20261003-0136-css_select_known/run1/css_select_known/plots/fitmodel_rss_vs_count_sign_css_select_5_2_0.png
Plotting 'rss' vs 'count_subclass_selectors_in_has' for './results/rq1/20261003-0136-css_select_known/run1/css_select_known/summary.csv-function_name/css_select_5_1_0':
Saved plot to ./results/rq1/20261003-0136-css_select_known/run1/css_select_known/plots/rss_vs_count_subclass_selectors_in_has_css_select_5_1_0.png
Plotting 'rss' vs 'count_subclass_selectors_in_has' for './results/rq1/20261003-0136-css_select_known/run1/css_select_known/summary.csv-function_name/css_select_5_2_0':
Saved plot to ./results/rq1/20261003-0136-css_select_known/run1/css_select_known/plots/rss_vs_count_subclass_selectors_in_has_css_select_5_2_0.png
For './results/rq1/20261003-0136-css_select_known/run1/css_select_known/summary.csv-function_name/css_select_5_1_0', feature 'count_subclass_selectors_in_has' and metric 'rss': dropped 215 of 268 rows (censored, non-positive metric, or zero feature).
For './results/rq1/20261003-0136-css_select_known/run1/css_select_known/summary.csv-function_name/css_select_5_1_0', feature 'count_subclass_selectors_in_has' and metric 'rss' the best fit is:
Best : Logarithmic: time = 7.1E+07 + 5.1E+05*log(n) (sec)           
Constant: time = 7.2E+07 (sec)                                  (res: 0.0028)
Linear: time = 7.1E+07 + 4.1E+04*n (sec)                        (res: 0.0018)
Quadratic: time = 7.2E+07 + 7.9E+02*n^2 (sec)                   (res: 0.0022)
Cubic: time = 7.2E+07 + 18*n^3 (sec)                            (res: 0.0024)
Logarithmic: time = 7.1E+07 + 5.1E+05*log(n) (sec)              (res: 0.0015)
Linearithmic: time = 7.1E+07 + 1E+04*n*log(n) (sec)             (res: 0.0019)
Exponential: time = 7.1E+07 * 1^n (sec)                         (res: 0.0018)

   [exponent] free-exponent fit: rss ~ count_subclass_selectors_in_has ** 0.01
Saved fit model plot to ./results/rq1/20261003-0136-css_select_known/run1/css_select_known/plots/fitmodel_rss_vs_count_subclass_selectors_in_has_css_select_5_1_0.png
For './results/rq1/20261003-0136-css_select_known/run1/css_select_known/summary.csv-function_name/css_select_5_2_0', feature 'count_subclass_selectors_in_has' and metric 'rss': dropped 213 of 268 rows (censored, non-positive metric, or zero feature).
For './results/rq1/20261003-0136-css_select_known/run1/css_select_known/summary.csv-function_name/css_select_5_2_0', feature 'count_subclass_selectors_in_has' and metric 'rss' the best fit is:
Best : Constant: time = 7.3E+07 (sec)                               
Constant: time = 7.3E+07 (sec)                                  (res: 0.0071)
Linear: time = 7.3E+07 + -3E+03*n (sec)                         (res: 0.0071)
Quadratic: time = 7.3E+07 + -4.3E+02*n^2 (sec)                  (res: 0.0069)
Cubic: time = 7.3E+07 + -14*n^3 (sec)                           (res: 0.0067)
Logarithmic: time = 7.2E+07 + 3.3E+05*log(n) (sec)              (res: 0.0066)
Linearithmic: time = 7.3E+07 + -2.4E+03*n*log(n) (sec)          (res: 0.0071)
Exponential: time = 7.3E+07 * 1^n (sec)                         (res: 0.0071)

   [near-tie] within 10%: Logarithmic, Cubic, Quadratic, Linearithmic, Linear, Exponential, Constant -- chosen by the simplicity bias, not the data.
   [exponent] free-exponent fit: rss ~ count_subclass_selectors_in_has ** 0.00
Saved fit model plot to ./results/rq1/20261003-0136-css_select_known/run1/css_select_known/plots/fitmodel_rss_vs_count_subclass_selectors_in_has_css_select_5_2_0.png
Plotting 'rss' vs 'count_pseudo_class_selector_in_has' for './results/rq1/20261003-0136-css_select_known/run1/css_select_known/summary.csv-function_name/css_select_5_1_0':
Saved plot to ./results/rq1/20261003-0136-css_select_known/run1/css_select_known/plots/rss_vs_count_pseudo_class_selector_in_has_css_select_5_1_0.png
Plotting 'rss' vs 'count_pseudo_class_selector_in_has' for './results/rq1/20261003-0136-css_select_known/run1/css_select_known/summary.csv-function_name/css_select_5_2_0':
Saved plot to ./results/rq1/20261003-0136-css_select_known/run1/css_select_known/plots/rss_vs_count_pseudo_class_selector_in_has_css_select_5_2_0.png
For './results/rq1/20261003-0136-css_select_known/run1/css_select_known/summary.csv-function_name/css_select_5_1_0', feature 'count_pseudo_class_selector_in_has' and metric 'rss': dropped 217 of 268 rows (censored, non-positive metric, or zero feature).
For './results/rq1/20261003-0136-css_select_known/run1/css_select_known/summary.csv-function_name/css_select_5_1_0', feature 'count_pseudo_class_selector_in_has' and metric 'rss' the best fit is:
Best : Constant: time = 7.2E+07 (sec)                               
Constant: time = 7.2E+07 (sec)                                  (res: 0.0024)
Linear: time = 7.2E+07 + 9.5E+04*n (sec)                        (res: 0.0024)
Quadratic: time = 7.2E+07 + 9.1E+03*n^2 (sec)                   (res: 0.0024)
Cubic: time = 7.2E+07 + 9.4E+02*n^3 (sec)                       (res: 0.0024)
Logarithmic: time = 7.2E+07 + 4E+05*log(n) (sec)                (res: 0.0022)
Linearithmic: time = 7.2E+07 + 3.4E+04*n*log(n) (sec)           (res: 0.0024)
Exponential: time = 7.2E+07 * 1^n (sec)                         (res: 0.0024)

   [near-tie] within 10%: Logarithmic, Linear, Exponential, Linearithmic, Quadratic, Cubic, Constant -- chosen by the simplicity bias, not the data.
   [exponent] free-exponent fit: rss ~ count_pseudo_class_selector_in_has ** 0.01
Saved fit model plot to ./results/rq1/20261003-0136-css_select_known/run1/css_select_known/plots/fitmodel_rss_vs_count_pseudo_class_selector_in_has_css_select_5_1_0.png
For './results/rq1/20261003-0136-css_select_known/run1/css_select_known/summary.csv-function_name/css_select_5_2_0', feature 'count_pseudo_class_selector_in_has' and metric 'rss': dropped 216 of 268 rows (censored, non-positive metric, or zero feature).
For './results/rq1/20261003-0136-css_select_known/run1/css_select_known/summary.csv-function_name/css_select_5_2_0', feature 'count_pseudo_class_selector_in_has' and metric 'rss' the best fit is:
Best : Logarithmic: time = 7.2E+07 + 9.1E+05*log(n) (sec)           
Constant: time = 7.3E+07 (sec)                                  (res: 0.006)
Linear: time = 7.2E+07 + 8.9E+04*n (sec)                        (res: 0.0058)
Quadratic: time = 7.3E+07 + -2.4E+03*n^2 (sec)                  (res: 0.006)
Cubic: time = 7.3E+07 + -4.6E+02*n^3 (sec)                      (res: 0.0058)
Logarithmic: time = 7.2E+07 + 9.1E+05*log(n) (sec)              (res: 0.0047)
Linearithmic: time = 7.3E+07 + 1.1E+04*n*log(n) (sec)           (res: 0.006)
Exponential: time = 7.2E+07 * 1^n (sec)                         (res: 0.0058)

   [exponent] free-exponent fit: rss ~ count_pseudo_class_selector_in_has ** 0.01
Saved fit model plot to ./results/rq1/20261003-0136-css_select_known/run1/css_select_known/plots/fitmodel_rss_vs_count_pseudo_class_selector_in_has_css_select_5_2_0.png
Plotting 'rss' vs 'count_pseudo_class_function_in_has' for './results/rq1/20261003-0136-css_select_known/run1/css_select_known/summary.csv-function_name/css_select_5_1_0':
Saved plot to ./results/rq1/20261003-0136-css_select_known/run1/css_select_known/plots/rss_vs_count_pseudo_class_function_in_has_css_select_5_1_0.png
Plotting 'rss' vs 'count_pseudo_class_function_in_has' for './results/rq1/20261003-0136-css_select_known/run1/css_select_known/summary.csv-function_name/css_select_5_2_0':
Saved plot to ./results/rq1/20261003-0136-css_select_known/run1/css_select_known/plots/rss_vs_count_pseudo_class_function_in_has_css_select_5_2_0.png
For './results/rq1/20261003-0136-css_select_known/run1/css_select_known/summary.csv-function_name/css_select_5_1_0', feature 'count_pseudo_class_function_in_has' and metric 'rss': dropped 218 of 268 rows (censored, non-positive metric, or zero feature).
For './results/rq1/20261003-0136-css_select_known/run1/css_select_known/summary.csv-function_name/css_select_5_1_0', feature 'count_pseudo_class_function_in_has' and metric 'rss' the best fit is:
Best : Constant: time = 7.2E+07 (sec)                               
Constant: time = 7.2E+07 (sec)                                  (res: 0.0023)
Linear: time = 3.6E+07 + 3.6E+07*n (sec)                        (res: 0.0023)
Quadratic: time = 3.6E+07 + 3.6E+07*n^2 (sec)                   (res: 0.0023)
Cubic: time = 3.6E+07 + 3.6E+07*n^3 (sec)                       (res: 0.0023)
Logarithmic: time = 7.2E+07 + 0*log(n) (sec)                    (res: 0.0023)
Linearithmic: time = 7.2E+07 + 0*n*log(n) (sec)                 (res: 0.0023)
Exponential: time = 8.5E+03 * 8.5E+03^n (sec)                   (res: 0.0023)

   [near-tie] within 10%: Linear, Quadratic, Cubic, Constant, Logarithmic, Linearithmic, Exponential -- chosen by the simplicity bias, not the data.
   [exponent] free-exponent fit: rss ~ count_pseudo_class_function_in_has ** 0.00
Saved fit model plot to ./results/rq1/20261003-0136-css_select_known/run1/css_select_known/plots/fitmodel_rss_vs_count_pseudo_class_function_in_has_css_select_5_1_0.png
For './results/rq1/20261003-0136-css_select_known/run1/css_select_known/summary.csv-function_name/css_select_5_2_0', feature 'count_pseudo_class_function_in_has' and metric 'rss': dropped 217 of 268 rows (censored, non-positive metric, or zero feature).
For './results/rq1/20261003-0136-css_select_known/run1/css_select_known/summary.csv-function_name/css_select_5_2_0', feature 'count_pseudo_class_function_in_has' and metric 'rss' the best fit is:
Best : Constant: time = 7.3E+07 (sec)                               
Constant: time = 7.3E+07 (sec)                                  (res: 0.006)
Linear: time = 7.3E+07 + -1.6E+05*n (sec)                       (res: 0.0057)
Quadratic: time = 7.3E+07 + -1.6E+04*n^2 (sec)                  (res: 0.0057)
Cubic: time = 7.3E+07 + -1.8E+03*n^3 (sec)                      (res: 0.0057)
Logarithmic: time = 7.3E+07 + -5.9E+05*log(n) (sec)             (res: 0.0057)
Linearithmic: time = 7.3E+07 + -6.5E+04*n*log(n) (sec)          (res: 0.0057)
Exponential: time = 7.3E+07 * 1^n (sec)                         (res: 0.0057)

   [near-tie] within 10%: Logarithmic, Linear, Quadratic, Cubic, Linearithmic, Exponential, Constant -- chosen by the simplicity bias, not the data.
   [exponent] free-exponent fit: rss ~ count_pseudo_class_function_in_has ** -0.01
Saved fit model plot to ./results/rq1/20261003-0136-css_select_known/run1/css_select_known/plots/fitmodel_rss_vs_count_pseudo_class_function_in_has_css_select_5_2_0.png
Plotting 'rss' vs 'count_complex_selector_list_in_has' for './results/rq1/20261003-0136-css_select_known/run1/css_select_known/summary.csv-function_name/css_select_5_1_0':
Saved plot to ./results/rq1/20261003-0136-css_select_known/run1/css_select_known/plots/rss_vs_count_complex_selector_list_in_has_css_select_5_1_0.png
Plotting 'rss' vs 'count_complex_selector_list_in_has' for './results/rq1/20261003-0136-css_select_known/run1/css_select_known/summary.csv-function_name/css_select_5_2_0':
Saved plot to ./results/rq1/20261003-0136-css_select_known/run1/css_select_known/plots/rss_vs_count_complex_selector_list_in_has_css_select_5_2_0.png
For './results/rq1/20261003-0136-css_select_known/run1/css_select_known/summary.csv-function_name/css_select_5_1_0', feature 'count_complex_selector_list_in_has' and metric 'rss': dropped 230 of 268 rows (censored, non-positive metric, or zero feature).
For './results/rq1/20261003-0136-css_select_known/run1/css_select_known/summary.csv-function_name/css_select_5_1_0', feature 'count_complex_selector_list_in_has' and metric 'rss' the best fit is:
Best : Logarithmic: time = 7.2E+07 + 7.2E+05*log(n) (sec)           
Constant: time = 7.2E+07 (sec)                                  (res: 0.00029)
Linear: time = 7.1E+07 + 5E+05*n (sec)                          (res: 7.8E-05)
Quadratic: time = 7.1E+07 + 1.7E+05*n^2 (sec)                   (res: 7.8E-05)
Cubic: time = 7.1E+07 + 7.1E+04*n^3 (sec)                       (res: 7.8E-05)
Logarithmic: time = 7.2E+07 + 7.2E+05*log(n) (sec)              (res: 7.8E-05)
Linearithmic: time = 7.2E+07 + 3.6E+05*n*log(n) (sec)           (res: 7.8E-05)
Exponential: time = 7.1E+07 * 1^n (sec)                         (res: 7.8E-05)

   [near-tie] within 10%: Linear, Quadratic, Linearithmic, Cubic, Logarithmic, Exponential -- chosen by the simplicity bias, not the data.
   [exponent] free-exponent fit: rss ~ count_complex_selector_list_in_has ** 0.01
Saved fit model plot to ./results/rq1/20261003-0136-css_select_known/run1/css_select_known/plots/fitmodel_rss_vs_count_complex_selector_list_in_has_css_select_5_1_0.png
For './results/rq1/20261003-0136-css_select_known/run1/css_select_known/summary.csv-function_name/css_select_5_2_0', feature 'count_complex_selector_list_in_has' and metric 'rss': dropped 229 of 268 rows (censored, non-positive metric, or zero feature).
For './results/rq1/20261003-0136-css_select_known/run1/css_select_known/summary.csv-function_name/css_select_5_2_0', feature 'count_complex_selector_list_in_has' and metric 'rss' the best fit is:
Best : Logarithmic: time = 7.2E+07 + 9.9E+05*log(n) (sec)           
Constant: time = 7.3E+07 (sec)                                  (res: 0.003)
Linear: time = 7.3E+07 + 7.8E+04*n (sec)                        (res: 0.003)
Quadratic: time = 7.3E+07 + -2.1E+04*n^2 (sec)                  (res: 0.0029)
Cubic: time = 7.3E+07 + -5.5E+03*n^3 (sec)                      (res: 0.0027)
Logarithmic: time = 7.2E+07 + 9.9E+05*log(n) (sec)              (res: 0.0023)
Linearithmic: time = 7.3E+07 + -3.1E+04*n*log(n) (sec)          (res: 0.003)
Exponential: time = 7.3E+07 * 1^n (sec)                         (res: 0.003)

   [exponent] free-exponent fit: rss ~ count_complex_selector_list_in_has ** 0.01
Saved fit model plot to ./results/rq1/20261003-0136-css_select_known/run1/css_select_known/plots/fitmodel_rss_vs_count_complex_selector_list_in_has_css_select_5_2_0.png
Plotting 'rss' vs 'count_more_complex_selector_in_has' for './results/rq1/20261003-0136-css_select_known/run1/css_select_known/summary.csv-function_name/css_select_5_1_0':
Saved plot to ./results/rq1/20261003-0136-css_select_known/run1/css_select_known/plots/rss_vs_count_more_complex_selector_in_has_css_select_5_1_0.png
Plotting 'rss' vs 'count_more_complex_selector_in_has' for './results/rq1/20261003-0136-css_select_known/run1/css_select_known/summary.csv-function_name/css_select_5_2_0':
Saved plot to ./results/rq1/20261003-0136-css_select_known/run1/css_select_known/plots/rss_vs_count_more_complex_selector_in_has_css_select_5_2_0.png
For './results/rq1/20261003-0136-css_select_known/run1/css_select_known/summary.csv-function_name/css_select_5_1_0', feature 'count_more_complex_selector_in_has' and metric 'rss': dropped 235 of 268 rows (censored, non-positive metric, or zero feature).
For './results/rq1/20261003-0136-css_select_known/run1/css_select_known/summary.csv-function_name/css_select_5_1_0', feature 'count_more_complex_selector_in_has' and metric 'rss' the best fit is:
Best : Constant: time = 7.2E+07 (sec)                               
Constant: time = 7.2E+07 (sec)                                  (res: 7.8E-05)
Linear: time = 3.6E+07 + 3.6E+07*n (sec)                        (res: 7.8E-05)
Quadratic: time = 3.6E+07 + 3.6E+07*n^2 (sec)                   (res: 7.8E-05)
Cubic: time = 3.6E+07 + 3.6E+07*n^3 (sec)                       (res: 7.8E-05)
Logarithmic: time = 7.2E+07 + 0*log(n) (sec)                    (res: 7.8E-05)
Linearithmic: time = 7.2E+07 + 0*n*log(n) (sec)                 (res: 7.8E-05)
Exponential: time = 8.5E+03 * 8.5E+03^n (sec)                   (res: 7.8E-05)

   [near-tie] within 10%: Linear, Quadratic, Cubic, Constant, Logarithmic, Linearithmic, Exponential -- chosen by the simplicity bias, not the data.
   [exponent] free-exponent fit: rss ~ count_more_complex_selector_in_has ** 0.00
Saved fit model plot to ./results/rq1/20261003-0136-css_select_known/run1/css_select_known/plots/fitmodel_rss_vs_count_more_complex_selector_in_has_css_select_5_1_0.png
For './results/rq1/20261003-0136-css_select_known/run1/css_select_known/summary.csv-function_name/css_select_5_2_0', feature 'count_more_complex_selector_in_has' and metric 'rss': dropped 234 of 268 rows (censored, non-positive metric, or zero feature).
For './results/rq1/20261003-0136-css_select_known/run1/css_select_known/summary.csv-function_name/css_select_5_2_0', feature 'count_more_complex_selector_in_has' and metric 'rss' the best fit is:
Best : Constant: time = 7.3E+07 (sec)                               
Constant: time = 7.3E+07 (sec)                                  (res: 0.00067)
Linear: time = 3.7E+07 + 3.7E+07*n (sec)                        (res: 0.00067)
Quadratic: time = 3.7E+07 + 3.7E+07*n^2 (sec)                   (res: 0.00067)
Cubic: time = 3.7E+07 + 3.7E+07*n^3 (sec)                       (res: 0.00067)
Logarithmic: time = 7.3E+07 + 0*log(n) (sec)                    (res: 0.00067)
Linearithmic: time = 7.3E+07 + 0*n*log(n) (sec)                 (res: 0.00067)
Exponential: time = 8.5E+03 * 8.5E+03^n (sec)                   (res: 0.00067)

   [near-tie] within 10%: Constant, Linear, Quadratic, Cubic, Logarithmic, Linearithmic, Exponential -- chosen by the simplicity bias, not the data.
   [exponent] free-exponent fit: rss ~ count_more_complex_selector_in_has ** 0.00
Saved fit model plot to ./results/rq1/20261003-0136-css_select_known/run1/css_select_known/plots/fitmodel_rss_vs_count_more_complex_selector_in_has_css_select_5_2_0.png
Plotting 'rss' vs 'count_node' for './results/rq1/20261003-0136-css_select_known/run1/css_select_known/summary.csv-function_name/css_select_5_1_0':
Saved plot to ./results/rq1/20261003-0136-css_select_known/run1/css_select_known/plots/rss_vs_count_node_css_select_5_1_0.png
Plotting 'rss' vs 'count_node' for './results/rq1/20261003-0136-css_select_known/run1/css_select_known/summary.csv-function_name/css_select_5_2_0':
Saved plot to ./results/rq1/20261003-0136-css_select_known/run1/css_select_known/plots/rss_vs_count_node_css_select_5_2_0.png
For './results/rq1/20261003-0136-css_select_known/run1/css_select_known/summary.csv-function_name/css_select_5_1_0', feature 'count_node' and metric 'rss': dropped 92 of 268 rows (censored, non-positive metric, or zero feature).
For './results/rq1/20261003-0136-css_select_known/run1/css_select_known/summary.csv-function_name/css_select_5_1_0', feature 'count_node' and metric 'rss' the best fit is:
Best : Logarithmic: time = 7.1E+07 + -5.3E+05*log(n) (sec)          
Constant: time = 7.1E+07 (sec)                                  (res: 0.049)
Linear: time = 7.1E+07 + -6.6E+04*n (sec)                       (res: 0.044)
Quadratic: time = 7.1E+07 + -2.1E+03*n^2 (sec)                  (res: 0.046)
Cubic: time = 7.1E+07 + -71*n^3 (sec)                           (res: 0.047)
Logarithmic: time = 7.1E+07 + -5.3E+05*log(n) (sec)             (res: 0.038)
Linearithmic: time = 7.1E+07 + -1.8E+04*n*log(n) (sec)          (res: 0.045)
Exponential: time = 7.1E+07 * 1^n (sec)                         (res: 0.044)

   [exponent] free-exponent fit: rss ~ count_node ** -0.01
Saved fit model plot to ./results/rq1/20261003-0136-css_select_known/run1/css_select_known/plots/fitmodel_rss_vs_count_node_css_select_5_1_0.png
For './results/rq1/20261003-0136-css_select_known/run1/css_select_known/summary.csv-function_name/css_select_5_2_0', feature 'count_node' and metric 'rss': dropped 56 of 268 rows (censored, non-positive metric, or zero feature).
For './results/rq1/20261003-0136-css_select_known/run1/css_select_known/summary.csv-function_name/css_select_5_2_0', feature 'count_node' and metric 'rss' the best fit is:
Best : Logarithmic: time = 7.2E+07 + -7.7E+05*log(n) (sec)          
Constant: time = 7.1E+07 (sec)                                  (res: 0.12)
Linear: time = 7.2E+07 + -1.1E+05*n (sec)                       (res: 0.1)
Quadratic: time = 7.1E+07 + -3.6E+03*n^2 (sec)                  (res: 0.11)
Cubic: time = 7.1E+07 + -1.2E+02*n^3 (sec)                      (res: 0.11)
Logarithmic: time = 7.2E+07 + -7.7E+05*log(n) (sec)             (res: 0.094)
Linearithmic: time = 7.1E+07 + -3.1E+04*n*log(n) (sec)          (res: 0.11)
Exponential: time = 7.2E+07 * 1^n (sec)                         (res: 0.1)

   [near-tie] within 10%: Logarithmic, Linear, Exponential -- chosen by the simplicity bias, not the data.
   [exponent] free-exponent fit: rss ~ count_node ** -0.01
Saved fit model plot to ./results/rq1/20261003-0136-css_select_known/run1/css_select_known/plots/fitmodel_rss_vs_count_node_css_select_5_2_0.png
Plotting 'rss' vs 'count_phrasing_element' for './results/rq1/20261003-0136-css_select_known/run1/css_select_known/summary.csv-function_name/css_select_5_1_0':
Saved plot to ./results/rq1/20261003-0136-css_select_known/run1/css_select_known/plots/rss_vs_count_phrasing_element_css_select_5_1_0.png
Plotting 'rss' vs 'count_phrasing_element' for './results/rq1/20261003-0136-css_select_known/run1/css_select_known/summary.csv-function_name/css_select_5_2_0':
Saved plot to ./results/rq1/20261003-0136-css_select_known/run1/css_select_known/plots/rss_vs_count_phrasing_element_css_select_5_2_0.png
For './results/rq1/20261003-0136-css_select_known/run1/css_select_known/summary.csv-function_name/css_select_5_1_0', feature 'count_phrasing_element' and metric 'rss': dropped 182 of 268 rows (censored, non-positive metric, or zero feature).
For './results/rq1/20261003-0136-css_select_known/run1/css_select_known/summary.csv-function_name/css_select_5_1_0', feature 'count_phrasing_element' and metric 'rss' the best fit is:
Best : Constant: time = 7E+07 (sec)                                 
Constant: time = 7E+07 (sec)                                    (res: 0.022)
Linear: time = 7E+07 + -6.9E+03*n (sec)                         (res: 0.022)
Quadratic: time = 7E+07 + 91*n^2 (sec)                          (res: 0.022)
Cubic: time = 7E+07 + 5.1*n^3 (sec)                             (res: 0.022)
Logarithmic: time = 7.1E+07 + -2.3E+05*log(n) (sec)             (res: 0.021)
Linearithmic: time = 7E+07 + -7.2E+02*n*log(n) (sec)            (res: 0.022)
Exponential: time = 7E+07 * 1^n (sec)                           (res: 0.022)

   [near-tie] within 10%: Logarithmic, Cubic, Linear, Exponential, Quadratic, Linearithmic, Constant -- chosen by the simplicity bias, not the data.
   [exponent] free-exponent fit: rss ~ count_phrasing_element ** -0.00
Saved fit model plot to ./results/rq1/20261003-0136-css_select_known/run1/css_select_known/plots/fitmodel_rss_vs_count_phrasing_element_css_select_5_1_0.png
For './results/rq1/20261003-0136-css_select_known/run1/css_select_known/summary.csv-function_name/css_select_5_2_0', feature 'count_phrasing_element' and metric 'rss': dropped 176 of 268 rows (censored, non-positive metric, or zero feature).
For './results/rq1/20261003-0136-css_select_known/run1/css_select_known/summary.csv-function_name/css_select_5_2_0', feature 'count_phrasing_element' and metric 'rss' the best fit is:
Best : Constant: time = 7E+07 (sec)                                 
Constant: time = 7E+07 (sec)                                    (res: 0.035)
Linear: time = 7.1E+07 + -1.8E+04*n (sec)                       (res: 0.035)
Quadratic: time = 7E+07 + -99*n^2 (sec)                         (res: 0.035)
Cubic: time = 7E+07 + 2*n^3 (sec)                               (res: 0.035)
Logarithmic: time = 7.1E+07 + -3.5E+05*log(n) (sec)             (res: 0.033)
Linearithmic: time = 7.1E+07 + -3.3E+03*n*log(n) (sec)          (res: 0.035)
Exponential: time = 7.1E+07 * 1^n (sec)                         (res: 0.035)

   [near-tie] within 10%: Logarithmic, Linear, Exponential, Linearithmic, Quadratic, Cubic, Constant -- chosen by the simplicity bias, not the data.
   [exponent] free-exponent fit: rss ~ count_phrasing_element ** -0.01
Saved fit model plot to ./results/rq1/20261003-0136-css_select_known/run1/css_select_known/plots/fitmodel_rss_vs_count_phrasing_element_css_select_5_2_0.png
Plotting 'rss' vs 'count_em' for './results/rq1/20261003-0136-css_select_known/run1/css_select_known/summary.csv-function_name/css_select_5_1_0':
Saved plot to ./results/rq1/20261003-0136-css_select_known/run1/css_select_known/plots/rss_vs_count_em_css_select_5_1_0.png
Plotting 'rss' vs 'count_em' for './results/rq1/20261003-0136-css_select_known/run1/css_select_known/summary.csv-function_name/css_select_5_2_0':
Saved plot to ./results/rq1/20261003-0136-css_select_known/run1/css_select_known/plots/rss_vs_count_em_css_select_5_2_0.png
For './results/rq1/20261003-0136-css_select_known/run1/css_select_known/summary.csv-function_name/css_select_5_1_0', feature 'count_em' and metric 'rss': dropped 200 of 268 rows (censored, non-positive metric, or zero feature).
For './results/rq1/20261003-0136-css_select_known/run1/css_select_known/summary.csv-function_name/css_select_5_1_0', feature 'count_em' and metric 'rss' the best fit is:
Best : Constant: time = 7E+07 (sec)                                 
Constant: time = 7E+07 (sec)                                    (res: 0.02)
Linear: time = 7.1E+07 + -3.3E+04*n (sec)                       (res: 0.019)
Quadratic: time = 7E+07 + 95*n^2 (sec)                          (res: 0.02)
Cubic: time = 7E+07 + 95*n^3 (sec)                              (res: 0.019)
Logarithmic: time = 7.1E+07 + -2.7E+05*log(n) (sec)             (res: 0.019)
Linearithmic: time = 7E+07 + -6.7E+03*n*log(n) (sec)            (res: 0.019)
Exponential: time = 7.1E+07 * 1^n (sec)                         (res: 0.019)

   [near-tie] within 10%: Logarithmic, Linear, Exponential, Cubic, Linearithmic, Quadratic, Constant -- chosen by the simplicity bias, not the data.
   [exponent] free-exponent fit: rss ~ count_em ** -0.00
Saved fit model plot to ./results/rq1/20261003-0136-css_select_known/run1/css_select_known/plots/fitmodel_rss_vs_count_em_css_select_5_1_0.png
For './results/rq1/20261003-0136-css_select_known/run1/css_select_known/summary.csv-function_name/css_select_5_2_0', feature 'count_em' and metric 'rss': dropped 199 of 268 rows (censored, non-positive metric, or zero feature).
For './results/rq1/20261003-0136-css_select_known/run1/css_select_known/summary.csv-function_name/css_select_5_2_0', feature 'count_em' and metric 'rss' the best fit is:
Best : Constant: time = 7E+07 (sec)                                 
Constant: time = 7E+07 (sec)                                    (res: 0.026)
Linear: time = 7.1E+07 + -2.6E+04*n (sec)                       (res: 0.026)
Quadratic: time = 7E+07 + 2.1E+02*n^2 (sec)                     (res: 0.026)
Cubic: time = 7E+07 + 93*n^3 (sec)                              (res: 0.026)
Logarithmic: time = 7.1E+07 + -2.3E+05*log(n) (sec)             (res: 0.025)
Linearithmic: time = 7.1E+07 + -5E+03*n*log(n) (sec)            (res: 0.026)
Exponential: time = 7.1E+07 * 1^n (sec)                         (res: 0.026)

   [near-tie] within 10%: Logarithmic, Linear, Exponential, Cubic, Linearithmic, Quadratic, Constant -- chosen by the simplicity bias, not the data.
   [exponent] free-exponent fit: rss ~ count_em ** -0.00
Saved fit model plot to ./results/rq1/20261003-0136-css_select_known/run1/css_select_known/plots/fitmodel_rss_vs_count_em_css_select_5_2_0.png
Plotting 'rss' vs 'count_phrasing_content' for './results/rq1/20261003-0136-css_select_known/run1/css_select_known/summary.csv-function_name/css_select_5_1_0':
Saved plot to ./results/rq1/20261003-0136-css_select_known/run1/css_select_known/plots/rss_vs_count_phrasing_content_css_select_5_1_0.png
Plotting 'rss' vs 'count_phrasing_content' for './results/rq1/20261003-0136-css_select_known/run1/css_select_known/summary.csv-function_name/css_select_5_2_0':
Saved plot to ./results/rq1/20261003-0136-css_select_known/run1/css_select_known/plots/rss_vs_count_phrasing_content_css_select_5_2_0.png
For './results/rq1/20261003-0136-css_select_known/run1/css_select_known/summary.csv-function_name/css_select_5_1_0', feature 'count_phrasing_content' and metric 'rss': dropped 196 of 268 rows (censored, non-positive metric, or zero feature).
For './results/rq1/20261003-0136-css_select_known/run1/css_select_known/summary.csv-function_name/css_select_5_1_0', feature 'count_phrasing_content' and metric 'rss' the best fit is:
Best : Constant: time = 7E+07 (sec)                                 
Constant: time = 7E+07 (sec)                                    (res: 0.011)
Linear: time = 7E+07 + 2.9E+04*n (sec)                          (res: 0.011)
Quadratic: time = 7E+07 + 2.5E+03*n^2 (sec)                     (res: 0.011)
Cubic: time = 7E+07 + 2E+02*n^3 (sec)                           (res: 0.011)
Logarithmic: time = 7E+07 + 7.9E+04*log(n) (sec)                (res: 0.011)
Linearithmic: time = 7E+07 + 1.1E+04*n*log(n) (sec)             (res: 0.011)
Exponential: time = 7E+07 * 1^n (sec)                           (res: 0.011)

   [near-tie] within 10%: Cubic, Quadratic, Linearithmic, Linear, Exponential, Logarithmic, Constant -- chosen by the simplicity bias, not the data.
   [exponent] free-exponent fit: rss ~ count_phrasing_content ** 0.00
Saved fit model plot to ./results/rq1/20261003-0136-css_select_known/run1/css_select_known/plots/fitmodel_rss_vs_count_phrasing_content_css_select_5_1_0.png
For './results/rq1/20261003-0136-css_select_known/run1/css_select_known/summary.csv-function_name/css_select_5_2_0', feature 'count_phrasing_content' and metric 'rss': dropped 193 of 268 rows (censored, non-positive metric, or zero feature).
For './results/rq1/20261003-0136-css_select_known/run1/css_select_known/summary.csv-function_name/css_select_5_2_0', feature 'count_phrasing_content' and metric 'rss' the best fit is:
Best : Constant: time = 7E+07 (sec)                                 
Constant: time = 7E+07 (sec)                                    (res: 0.023)
Linear: time = 7E+07 + 1.9E+04*n (sec)                          (res: 0.023)
Quadratic: time = 7E+07 + 2.1E+03*n^2 (sec)                     (res: 0.023)
Cubic: time = 7E+07 + 2E+02*n^3 (sec)                           (res: 0.023)
Logarithmic: time = 7E+07 + 4.3E+04*log(n) (sec)                (res: 0.023)
Linearithmic: time = 7E+07 + 8.1E+03*n*log(n) (sec)             (res: 0.023)
Exponential: time = 7E+07 * 1^n (sec)                           (res: 0.023)

   [near-tie] within 10%: Cubic, Quadratic, Linearithmic, Linear, Exponential, Logarithmic, Constant -- chosen by the simplicity bias, not the data.
   [exponent] free-exponent fit: rss ~ count_phrasing_content ** 0.00
Saved fit model plot to ./results/rq1/20261003-0136-css_select_known/run1/css_select_known/plots/fitmodel_rss_vs_count_phrasing_content_css_select_5_2_0.png
Plotting 'rss' vs 'count_text_run' for './results/rq1/20261003-0136-css_select_known/run1/css_select_known/summary.csv-function_name/css_select_5_1_0':
Saved plot to ./results/rq1/20261003-0136-css_select_known/run1/css_select_known/plots/rss_vs_count_text_run_css_select_5_1_0.png
Plotting 'rss' vs 'count_text_run' for './results/rq1/20261003-0136-css_select_known/run1/css_select_known/summary.csv-function_name/css_select_5_2_0':
Saved plot to ./results/rq1/20261003-0136-css_select_known/run1/css_select_known/plots/rss_vs_count_text_run_css_select_5_2_0.png
For './results/rq1/20261003-0136-css_select_known/run1/css_select_known/summary.csv-function_name/css_select_5_1_0', feature 'count_text_run' and metric 'rss': dropped 115 of 268 rows (censored, non-positive metric, or zero feature).
For './results/rq1/20261003-0136-css_select_known/run1/css_select_known/summary.csv-function_name/css_select_5_1_0', feature 'count_text_run' and metric 'rss' the best fit is:
Best : Logarithmic: time = 7.1E+07 + -3.3E+05*log(n) (sec)          
Constant: time = 7E+07 (sec)                                    (res: 0.036)
Linear: time = 7.1E+07 + -1.2E+04*n (sec)                       (res: 0.034)
Quadratic: time = 7E+07 + -92*n^2 (sec)                         (res: 0.036)
Cubic: time = 7E+07 + -0.79*n^3 (sec)                           (res: 0.036)
Logarithmic: time = 7.1E+07 + -3.3E+05*log(n) (sec)             (res: 0.029)
Linearithmic: time = 7.1E+07 + -2.3E+03*n*log(n) (sec)          (res: 0.035)
Exponential: time = 7.1E+07 * 1^n (sec)                         (res: 0.034)

   [exponent] free-exponent fit: rss ~ count_text_run ** -0.00
Saved fit model plot to ./results/rq1/20261003-0136-css_select_known/run1/css_select_known/plots/fitmodel_rss_vs_count_text_run_css_select_5_1_0.png
For './results/rq1/20261003-0136-css_select_known/run1/css_select_known/summary.csv-function_name/css_select_5_2_0', feature 'count_text_run' and metric 'rss': dropped 82 of 268 rows (censored, non-positive metric, or zero feature).
For './results/rq1/20261003-0136-css_select_known/run1/css_select_known/summary.csv-function_name/css_select_5_2_0', feature 'count_text_run' and metric 'rss' the best fit is:
Best : Logarithmic: time = 7.2E+07 + -6.3E+05*log(n) (sec)          
Constant: time = 7.1E+07 (sec)                                  (res: 0.1)
Linear: time = 7.2E+07 + -2.8E+04*n (sec)                       (res: 0.093)
Quadratic: time = 7.1E+07 + -2.3E+02*n^2 (sec)                  (res: 0.1)
Cubic: time = 7.1E+07 + -1.9*n^3 (sec)                          (res: 0.1)
Logarithmic: time = 7.2E+07 + -6.3E+05*log(n) (sec)             (res: 0.073)
Linearithmic: time = 7.1E+07 + -5.6E+03*n*log(n) (sec)          (res: 0.096)
Exponential: time = 7.2E+07 * 1^n (sec)                         (res: 0.093)

   [exponent] free-exponent fit: rss ~ count_text_run ** -0.01
Saved fit model plot to ./results/rq1/20261003-0136-css_select_known/run1/css_select_known/plots/fitmodel_rss_vs_count_text_run_css_select_5_2_0.png
Plotting 'rss' vs 'count_tchar' for './results/rq1/20261003-0136-css_select_known/run1/css_select_known/summary.csv-function_name/css_select_5_1_0':
Saved plot to ./results/rq1/20261003-0136-css_select_known/run1/css_select_known/plots/rss_vs_count_tchar_css_select_5_1_0.png
Plotting 'rss' vs 'count_tchar' for './results/rq1/20261003-0136-css_select_known/run1/css_select_known/summary.csv-function_name/css_select_5_2_0':
Saved plot to ./results/rq1/20261003-0136-css_select_known/run1/css_select_known/plots/rss_vs_count_tchar_css_select_5_2_0.png
For './results/rq1/20261003-0136-css_select_known/run1/css_select_known/summary.csv-function_name/css_select_5_1_0', feature 'count_tchar' and metric 'rss': dropped 115 of 268 rows (censored, non-positive metric, or zero feature).
For './results/rq1/20261003-0136-css_select_known/run1/css_select_known/summary.csv-function_name/css_select_5_1_0', feature 'count_tchar' and metric 'rss' the best fit is:
Best : Logarithmic: time = 7.1E+07 + -1.9E+05*log(n) (sec)          
Constant: time = 7E+07 (sec)                                    (res: 0.036)
Linear: time = 7E+07 + 64*n (sec)                               (res: 0.036)
Quadratic: time = 7E+07 + 0.032*n^2 (sec)                       (res: 0.036)
Cubic: time = 7E+07 + 7.9E-06*n^3 (sec)                         (res: 0.036)
Logarithmic: time = 7.1E+07 + -1.9E+05*log(n) (sec)             (res: 0.033)
Linearithmic: time = 7E+07 + 10*n*log(n) (sec)                  (res: 0.036)
Exponential: time = 7E+07 * 1^n (sec)                           (res: 0.036)

   [near-tie] within 10%: Logarithmic, Quadratic, Cubic, Linearithmic, Linear, Exponential -- chosen by the simplicity bias, not the data.
   [exponent] free-exponent fit: rss ~ count_tchar ** -0.00
Saved fit model plot to ./results/rq1/20261003-0136-css_select_known/run1/css_select_known/plots/fitmodel_rss_vs_count_tchar_css_select_5_1_0.png
For './results/rq1/20261003-0136-css_select_known/run1/css_select_known/summary.csv-function_name/css_select_5_2_0', feature 'count_tchar' and metric 'rss': dropped 82 of 268 rows (censored, non-positive metric, or zero feature).
For './results/rq1/20261003-0136-css_select_known/run1/css_select_known/summary.csv-function_name/css_select_5_2_0', feature 'count_tchar' and metric 'rss' the best fit is:
Best : Logarithmic: time = 7.3E+07 + -4.7E+05*log(n) (sec)          
Constant: time = 7.1E+07 (sec)                                  (res: 0.1)
Linear: time = 7.1E+07 + -1.7E+02*n (sec)                       (res: 0.1)
Quadratic: time = 7.1E+07 + -0.0018*n^2 (sec)                   (res: 0.1)
Cubic: time = 7.1E+07 + 1.1E-06*n^3 (sec)                       (res: 0.1)
Logarithmic: time = 7.3E+07 + -4.7E+05*log(n) (sec)             (res: 0.074)
Linearithmic: time = 7.1E+07 + -15*n*log(n) (sec)               (res: 0.1)
Exponential: time = 7.1E+07 * 1^n (sec)                         (res: 0.1)

   [exponent] free-exponent fit: rss ~ count_tchar ** -0.01
Saved fit model plot to ./results/rq1/20261003-0136-css_select_known/run1/css_select_known/plots/fitmodel_rss_vs_count_tchar_css_select_5_2_0.png
Plotting 'rss' vs 'count_phrasing_item' for './results/rq1/20261003-0136-css_select_known/run1/css_select_known/summary.csv-function_name/css_select_5_1_0':
Saved plot to ./results/rq1/20261003-0136-css_select_known/run1/css_select_known/plots/rss_vs_count_phrasing_item_css_select_5_1_0.png
Plotting 'rss' vs 'count_phrasing_item' for './results/rq1/20261003-0136-css_select_known/run1/css_select_known/summary.csv-function_name/css_select_5_2_0':
Saved plot to ./results/rq1/20261003-0136-css_select_known/run1/css_select_known/plots/rss_vs_count_phrasing_item_css_select_5_2_0.png
For './results/rq1/20261003-0136-css_select_known/run1/css_select_known/summary.csv-function_name/css_select_5_1_0', feature 'count_phrasing_item' and metric 'rss': dropped 205 of 268 rows (censored, non-positive metric, or zero feature).
For './results/rq1/20261003-0136-css_select_known/run1/css_select_known/summary.csv-function_name/css_select_5_1_0', feature 'count_phrasing_item' and metric 'rss' the best fit is:
Best : Constant: time = 7E+07 (sec)                                 
Constant: time = 7E+07 (sec)                                    (res: 0.0091)
Linear: time = 7E+07 + 7.9E+03*n (sec)                          (res: 0.0086)
Quadratic: time = 7E+07 + 70*n^2 (sec)                          (res: 0.0088)
Cubic: time = 7E+07 + 0.65*n^3 (sec)                            (res: 0.0088)
Logarithmic: time = 7E+07 + 1.6E+05*log(n) (sec)                (res: 0.0086)
Linearithmic: time = 7E+07 + 1.6E+03*n*log(n) (sec)             (res: 0.0087)
Exponential: time = 7E+07 * 1^n (sec)                           (res: 0.0086)

   [near-tie] within 10%: Logarithmic, Linear, Exponential, Linearithmic, Quadratic, Cubic, Constant -- chosen by the simplicity bias, not the data.
   [exponent] free-exponent fit: rss ~ count_phrasing_item ** 0.00
Saved fit model plot to ./results/rq1/20261003-0136-css_select_known/run1/css_select_known/plots/fitmodel_rss_vs_count_phrasing_item_css_select_5_1_0.png
For './results/rq1/20261003-0136-css_select_known/run1/css_select_known/summary.csv-function_name/css_select_5_2_0', feature 'count_phrasing_item' and metric 'rss': dropped 203 of 268 rows (censored, non-positive metric, or zero feature).
For './results/rq1/20261003-0136-css_select_known/run1/css_select_known/summary.csv-function_name/css_select_5_2_0', feature 'count_phrasing_item' and metric 'rss' the best fit is:
Best : Constant: time = 7E+07 (sec)                                 
Constant: time = 7E+07 (sec)                                    (res: 0.018)
Linear: time = 7E+07 + 5.3E+03*n (sec)                          (res: 0.017)
Quadratic: time = 7E+07 + 45*n^2 (sec)                          (res: 0.017)
Cubic: time = 7E+07 + 0.43*n^3 (sec)                            (res: 0.017)
Logarithmic: time = 7E+07 + 1.2E+05*log(n) (sec)                (res: 0.017)
Linearithmic: time = 7E+07 + 1.1E+03*n*log(n) (sec)             (res: 0.017)
Exponential: time = 7E+07 * 1^n (sec)                           (res: 0.017)

   [near-tie] within 10%: Logarithmic, Linear, Exponential, Linearithmic, Quadratic, Cubic, Constant -- chosen by the simplicity bias, not the data.
   [exponent] free-exponent fit: rss ~ count_phrasing_item ** 0.00
Saved fit model plot to ./results/rq1/20261003-0136-css_select_known/run1/css_select_known/plots/fitmodel_rss_vs_count_phrasing_item_css_select_5_2_0.png
Plotting 'rss' vs 'count_input' for './results/rq1/20261003-0136-css_select_known/run1/css_select_known/summary.csv-function_name/css_select_5_1_0':
Saved plot to ./results/rq1/20261003-0136-css_select_known/run1/css_select_known/plots/rss_vs_count_input_css_select_5_1_0.png
Plotting 'rss' vs 'count_input' for './results/rq1/20261003-0136-css_select_known/run1/css_select_known/summary.csv-function_name/css_select_5_2_0':
Saved plot to ./results/rq1/20261003-0136-css_select_known/run1/css_select_known/plots/rss_vs_count_input_css_select_5_2_0.png
For './results/rq1/20261003-0136-css_select_known/run1/css_select_known/summary.csv-function_name/css_select_5_1_0', feature 'count_input' and metric 'rss': dropped 132 of 268 rows (censored, non-positive metric, or zero feature).
For './results/rq1/20261003-0136-css_select_known/run1/css_select_known/summary.csv-function_name/css_select_5_1_0', feature 'count_input' and metric 'rss' the best fit is:
Best : Constant: time = 7E+07 (sec)                                 
Constant: time = 7E+07 (sec)                                    (res: 0.032)
Linear: time = 7.1E+07 + -3.6E+04*n (sec)                       (res: 0.03)
Quadratic: time = 7.1E+07 + -1E+03*n^2 (sec)                    (res: 0.031)
Cubic: time = 7.1E+07 + -24*n^3 (sec)                           (res: 0.031)
Logarithmic: time = 7.1E+07 + -2.8E+05*log(n) (sec)             (res: 0.03)
Linearithmic: time = 7.1E+07 + -1E+04*n*log(n) (sec)            (res: 0.03)
Exponential: time = 7.1E+07 * 1^n (sec)                         (res: 0.03)

   [near-tie] within 10%: Logarithmic, Linear, Exponential, Linearithmic, Quadratic, Cubic, Constant -- chosen by the simplicity bias, not the data.
   [exponent] free-exponent fit: rss ~ count_input ** -0.00
Saved fit model plot to ./results/rq1/20261003-0136-css_select_known/run1/css_select_known/plots/fitmodel_rss_vs_count_input_css_select_5_1_0.png
For './results/rq1/20261003-0136-css_select_known/run1/css_select_known/summary.csv-function_name/css_select_5_2_0', feature 'count_input' and metric 'rss': dropped 128 of 268 rows (censored, non-positive metric, or zero feature).
For './results/rq1/20261003-0136-css_select_known/run1/css_select_known/summary.csv-function_name/css_select_5_2_0', feature 'count_input' and metric 'rss' the best fit is:
Best : Constant: time = 7.1E+07 (sec)                               
Constant: time = 7.1E+07 (sec)                                  (res: 0.063)
Linear: time = 7.1E+07 + -4.8E+04*n (sec)                       (res: 0.059)
Quadratic: time = 7.1E+07 + -1.2E+03*n^2 (sec)                  (res: 0.061)
Cubic: time = 7.1E+07 + -25*n^3 (sec)                           (res: 0.062)
Logarithmic: time = 7.1E+07 + -4E+05*log(n) (sec)               (res: 0.059)
Linearithmic: time = 7.1E+07 + -1.3E+04*n*log(n) (sec)          (res: 0.06)
Exponential: time = 7.1E+07 * 1^n (sec)                         (res: 0.06)

   [near-tie] within 10%: Logarithmic, Linear, Exponential, Linearithmic, Quadratic, Cubic, Constant -- chosen by the simplicity bias, not the data.
   [exponent] free-exponent fit: rss ~ count_input ** -0.01
Saved fit model plot to ./results/rq1/20261003-0136-css_select_known/run1/css_select_known/plots/fitmodel_rss_vs_count_input_css_select_5_2_0.png
Plotting 'rss' vs 'count_type_attr' for './results/rq1/20261003-0136-css_select_known/run1/css_select_known/summary.csv-function_name/css_select_5_1_0':
Saved plot to ./results/rq1/20261003-0136-css_select_known/run1/css_select_known/plots/rss_vs_count_type_attr_css_select_5_1_0.png
Plotting 'rss' vs 'count_type_attr' for './results/rq1/20261003-0136-css_select_known/run1/css_select_known/summary.csv-function_name/css_select_5_2_0':
Saved plot to ./results/rq1/20261003-0136-css_select_known/run1/css_select_known/plots/rss_vs_count_type_attr_css_select_5_2_0.png
For './results/rq1/20261003-0136-css_select_known/run1/css_select_known/summary.csv-function_name/css_select_5_1_0', feature 'count_type_attr' and metric 'rss': dropped 143 of 268 rows (censored, non-positive metric, or zero feature).
For './results/rq1/20261003-0136-css_select_known/run1/css_select_known/summary.csv-function_name/css_select_5_1_0', feature 'count_type_attr' and metric 'rss' the best fit is:
Best : Constant: time = 7.1E+07 (sec)                               
Constant: time = 7.1E+07 (sec)                                  (res: 0.029)
Linear: time = 7.1E+07 + -7.1E+04*n (sec)                       (res: 0.028)
Quadratic: time = 7.1E+07 + -5.8E+03*n^2 (sec)                  (res: 0.028)
Cubic: time = 7.1E+07 + -4.3E+02*n^3 (sec)                      (res: 0.028)
Logarithmic: time = 7.1E+07 + -1.9E+05*log(n) (sec)             (res: 0.029)
Linearithmic: time = 7.1E+07 + -2.8E+04*n*log(n) (sec)          (res: 0.028)
Exponential: time = 7.1E+07 * 1^n (sec)                         (res: 0.028)

   [near-tie] within 10%: Linearithmic, Quadratic, Linear, Exponential, Cubic, Logarithmic, Constant -- chosen by the simplicity bias, not the data.
   [exponent] free-exponent fit: rss ~ count_type_attr ** -0.00
Saved fit model plot to ./results/rq1/20261003-0136-css_select_known/run1/css_select_known/plots/fitmodel_rss_vs_count_type_attr_css_select_5_1_0.png
For './results/rq1/20261003-0136-css_select_known/run1/css_select_known/summary.csv-function_name/css_select_5_2_0', feature 'count_type_attr' and metric 'rss': dropped 139 of 268 rows (censored, non-positive metric, or zero feature).
For './results/rq1/20261003-0136-css_select_known/run1/css_select_known/summary.csv-function_name/css_select_5_2_0', feature 'count_type_attr' and metric 'rss' the best fit is:
Best : Constant: time = 7.1E+07 (sec)                               
Constant: time = 7.1E+07 (sec)                                  (res: 0.059)
Linear: time = 7.1E+07 + -9.7E+04*n (sec)                       (res: 0.056)
Quadratic: time = 7.1E+07 + -7.7E+03*n^2 (sec)                  (res: 0.056)
Cubic: time = 7.1E+07 + -5.8E+02*n^3 (sec)                      (res: 0.057)
Logarithmic: time = 7.1E+07 + -2.8E+05*log(n) (sec)             (res: 0.058)
Linearithmic: time = 7.1E+07 + -3.7E+04*n*log(n) (sec)          (res: 0.056)
Exponential: time = 7.1E+07 * 1^n (sec)                         (res: 0.056)

   [near-tie] within 10%: Linearithmic, Quadratic, Linear, Exponential, Cubic, Logarithmic, Constant -- chosen by the simplicity bias, not the data.
   [exponent] free-exponent fit: rss ~ count_type_attr ** -0.00
Saved fit model plot to ./results/rq1/20261003-0136-css_select_known/run1/css_select_known/plots/fitmodel_rss_vs_count_type_attr_css_select_5_2_0.png
Plotting 'rss' vs 'count_b' for './results/rq1/20261003-0136-css_select_known/run1/css_select_known/summary.csv-function_name/css_select_5_1_0':
Saved plot to ./results/rq1/20261003-0136-css_select_known/run1/css_select_known/plots/rss_vs_count_b_css_select_5_1_0.png
Plotting 'rss' vs 'count_b' for './results/rq1/20261003-0136-css_select_known/run1/css_select_known/summary.csv-function_name/css_select_5_2_0':
Saved plot to ./results/rq1/20261003-0136-css_select_known/run1/css_select_known/plots/rss_vs_count_b_css_select_5_2_0.png
For './results/rq1/20261003-0136-css_select_known/run1/css_select_known/summary.csv-function_name/css_select_5_1_0', feature 'count_b' and metric 'rss': dropped 209 of 268 rows (censored, non-positive metric, or zero feature).
For './results/rq1/20261003-0136-css_select_known/run1/css_select_known/summary.csv-function_name/css_select_5_1_0', feature 'count_b' and metric 'rss' the best fit is:
Best : Constant: time = 7E+07 (sec)                                 
Constant: time = 7E+07 (sec)                                    (res: 0.0078)
Linear: time = 7E+07 + 4E+04*n (sec)                            (res: 0.0076)
Quadratic: time = 7E+07 + 2.5E+03*n^2 (sec)                     (res: 0.0076)
Cubic: time = 7E+07 + 1.4E+02*n^3 (sec)                         (res: 0.0077)
Logarithmic: time = 7E+07 + 1.7E+05*log(n) (sec)                (res: 0.0075)
Linearithmic: time = 7E+07 + 1.4E+04*n*log(n) (sec)             (res: 0.0076)
Exponential: time = 7E+07 * 1^n (sec)                           (res: 0.0076)

   [near-tie] within 10%: Logarithmic, Linear, Exponential, Linearithmic, Quadratic, Cubic, Constant -- chosen by the simplicity bias, not the data.
   [exponent] free-exponent fit: rss ~ count_b ** 0.00
Saved fit model plot to ./results/rq1/20261003-0136-css_select_known/run1/css_select_known/plots/fitmodel_rss_vs_count_b_css_select_5_1_0.png
For './results/rq1/20261003-0136-css_select_known/run1/css_select_known/summary.csv-function_name/css_select_5_2_0', feature 'count_b' and metric 'rss': dropped 204 of 268 rows (censored, non-positive metric, or zero feature).
For './results/rq1/20261003-0136-css_select_known/run1/css_select_known/summary.csv-function_name/css_select_5_2_0', feature 'count_b' and metric 'rss' the best fit is:
Best : Constant: time = 7E+07 (sec)                                 
Constant: time = 7E+07 (sec)                                    (res: 0.022)
Linear: time = 7E+07 + -2.3E+04*n (sec)                         (res: 0.021)
Quadratic: time = 7E+07 + -8.7E+02*n^2 (sec)                    (res: 0.022)
Cubic: time = 7E+07 + -33*n^3 (sec)                             (res: 0.022)
Logarithmic: time = 7E+07 + -1.4E+05*log(n) (sec)               (res: 0.021)
Linearithmic: time = 7E+07 + -6.5E+03*n*log(n) (sec)            (res: 0.022)
Exponential: time = 7E+07 * 1^n (sec)                           (res: 0.022)

   [near-tie] within 10%: Logarithmic, Linear, Exponential, Linearithmic, Quadratic, Cubic, Constant -- chosen by the simplicity bias, not the data.
   [exponent] free-exponent fit: rss ~ count_b ** -0.00
Saved fit model plot to ./results/rq1/20261003-0136-css_select_known/run1/css_select_known/plots/fitmodel_rss_vs_count_b_css_select_5_2_0.png
Plotting 'rss' vs 'count_span' for './results/rq1/20261003-0136-css_select_known/run1/css_select_known/summary.csv-function_name/css_select_5_1_0':
Saved plot to ./results/rq1/20261003-0136-css_select_known/run1/css_select_known/plots/rss_vs_count_span_css_select_5_1_0.png
Plotting 'rss' vs 'count_span' for './results/rq1/20261003-0136-css_select_known/run1/css_select_known/summary.csv-function_name/css_select_5_2_0':
Saved plot to ./results/rq1/20261003-0136-css_select_known/run1/css_select_known/plots/rss_vs_count_span_css_select_5_2_0.png
For './results/rq1/20261003-0136-css_select_known/run1/css_select_known/summary.csv-function_name/css_select_5_1_0', feature 'count_span' and metric 'rss': dropped 214 of 268 rows (censored, non-positive metric, or zero feature).
For './results/rq1/20261003-0136-css_select_known/run1/css_select_known/summary.csv-function_name/css_select_5_1_0', feature 'count_span' and metric 'rss' the best fit is:
Best : Constant: time = 7E+07 (sec)                                 
Constant: time = 7E+07 (sec)                                    (res: 0.0084)
Linear: time = 7E+07 + 4E+04*n (sec)                            (res: 0.0081)
Quadratic: time = 7E+07 + 2.4E+03*n^2 (sec)                     (res: 0.008)
Cubic: time = 7E+07 + 1.4E+02*n^3 (sec)                         (res: 0.0079)
Logarithmic: time = 7E+07 + 1.9E+05*log(n) (sec)                (res: 0.0081)
Linearithmic: time = 7E+07 + 1.3E+04*n*log(n) (sec)             (res: 0.0081)
Exponential: time = 7E+07 * 1^n (sec)                           (res: 0.0081)

   [near-tie] within 10%: Cubic, Quadratic, Logarithmic, Linearithmic, Linear, Exponential, Constant -- chosen by the simplicity bias, not the data.
   [exponent] free-exponent fit: rss ~ count_span ** 0.00
Saved fit model plot to ./results/rq1/20261003-0136-css_select_known/run1/css_select_known/plots/fitmodel_rss_vs_count_span_css_select_5_1_0.png
For './results/rq1/20261003-0136-css_select_known/run1/css_select_known/summary.csv-function_name/css_select_5_2_0', feature 'count_span' and metric 'rss': dropped 213 of 268 rows (censored, non-positive metric, or zero feature).
For './results/rq1/20261003-0136-css_select_known/run1/css_select_known/summary.csv-function_name/css_select_5_2_0', feature 'count_span' and metric 'rss' the best fit is:
Best : Constant: time = 7E+07 (sec)                                 
Constant: time = 7E+07 (sec)                                    (res: 0.015)
Linear: time = 7E+07 + 2.1E+04*n (sec)                          (res: 0.015)
Quadratic: time = 7E+07 + 1.7E+03*n^2 (sec)                     (res: 0.015)
Cubic: time = 7E+07 + 1.1E+02*n^3 (sec)                         (res: 0.015)
Logarithmic: time = 7E+07 + 1.2E+05*log(n) (sec)                (res: 0.015)
Linearithmic: time = 7E+07 + 7.5E+03*n*log(n) (sec)             (res: 0.015)
Exponential: time = 7E+07 * 1^n (sec)                           (res: 0.015)

   [near-tie] within 10%: Cubic, Quadratic, Logarithmic, Linearithmic, Linear, Exponential, Constant -- chosen by the simplicity bias, not the data.
   [exponent] free-exponent fit: rss ~ count_span ** 0.00
Saved fit model plot to ./results/rq1/20261003-0136-css_select_known/run1/css_select_known/plots/fitmodel_rss_vs_count_span_css_select_5_2_0.png
Plotting 'rss' vs 'count_a' for './results/rq1/20261003-0136-css_select_known/run1/css_select_known/summary.csv-function_name/css_select_5_1_0':
Saved plot to ./results/rq1/20261003-0136-css_select_known/run1/css_select_known/plots/rss_vs_count_a_css_select_5_1_0.png
Plotting 'rss' vs 'count_a' for './results/rq1/20261003-0136-css_select_known/run1/css_select_known/summary.csv-function_name/css_select_5_2_0':
Saved plot to ./results/rq1/20261003-0136-css_select_known/run1/css_select_known/plots/rss_vs_count_a_css_select_5_2_0.png
For './results/rq1/20261003-0136-css_select_known/run1/css_select_known/summary.csv-function_name/css_select_5_1_0', feature 'count_a' and metric 'rss': dropped 152 of 268 rows (censored, non-positive metric, or zero feature).
For './results/rq1/20261003-0136-css_select_known/run1/css_select_known/summary.csv-function_name/css_select_5_1_0', feature 'count_a' and metric 'rss' the best fit is:
Best : Constant: time = 7E+07 (sec)                                 
Constant: time = 7E+07 (sec)                                    (res: 0.022)
Linear: time = 7E+07 + 1.5E+03*n (sec)                          (res: 0.022)
Quadratic: time = 7E+07 + 45*n^2 (sec)                          (res: 0.022)
Cubic: time = 7E+07 + 0.54*n^3 (sec)                            (res: 0.022)
Logarithmic: time = 7E+07 + -9.6E+04*log(n) (sec)               (res: 0.022)
Linearithmic: time = 7E+07 + 6E+02*n*log(n) (sec)               (res: 0.022)
Exponential: time = 7E+07 * 1^n (sec)                           (res: 0.022)

   [near-tie] within 10%: Logarithmic, Cubic, Quadratic, Linearithmic, Linear, Exponential, Constant -- chosen by the simplicity bias, not the data.
   [exponent] free-exponent fit: rss ~ count_a ** -0.00
Saved fit model plot to ./results/rq1/20261003-0136-css_select_known/run1/css_select_known/plots/fitmodel_rss_vs_count_a_css_select_5_1_0.png
For './results/rq1/20261003-0136-css_select_known/run1/css_select_known/summary.csv-function_name/css_select_5_2_0', feature 'count_a' and metric 'rss': dropped 149 of 268 rows (censored, non-positive metric, or zero feature).
For './results/rq1/20261003-0136-css_select_known/run1/css_select_known/summary.csv-function_name/css_select_5_2_0', feature 'count_a' and metric 'rss' the best fit is:
Best : Constant: time = 7E+07 (sec)                                 
Constant: time = 7E+07 (sec)                                    (res: 0.043)
Linear: time = 7E+07 + 4.6E+03*n (sec)                          (res: 0.043)
Quadratic: time = 7E+07 + 1.2E+02*n^2 (sec)                     (res: 0.042)
Cubic: time = 7E+07 + 1.6*n^3 (sec)                             (res: 0.042)
Logarithmic: time = 7.1E+07 + -1.4E+05*log(n) (sec)             (res: 0.042)
Linearithmic: time = 7E+07 + 1.5E+03*n*log(n) (sec)             (res: 0.042)
Exponential: time = 7E+07 * 1^n (sec)                           (res: 0.043)

   [near-tie] within 10%: Logarithmic, Cubic, Quadratic, Linearithmic, Linear, Exponential, Constant -- chosen by the simplicity bias, not the data.
   [exponent] free-exponent fit: rss ~ count_a ** -0.00
Saved fit model plot to ./results/rq1/20261003-0136-css_select_known/run1/css_select_known/plots/fitmodel_rss_vs_count_a_css_select_5_2_0.png
Plotting 'rss' vs 'count_attrs' for './results/rq1/20261003-0136-css_select_known/run1/css_select_known/summary.csv-function_name/css_select_5_1_0':
Saved plot to ./results/rq1/20261003-0136-css_select_known/run1/css_select_known/plots/rss_vs_count_attrs_css_select_5_1_0.png
Plotting 'rss' vs 'count_attrs' for './results/rq1/20261003-0136-css_select_known/run1/css_select_known/summary.csv-function_name/css_select_5_2_0':
Saved plot to ./results/rq1/20261003-0136-css_select_known/run1/css_select_known/plots/rss_vs_count_attrs_css_select_5_2_0.png
For './results/rq1/20261003-0136-css_select_known/run1/css_select_known/summary.csv-function_name/css_select_5_1_0', feature 'count_attrs' and metric 'rss': dropped 92 of 268 rows (censored, non-positive metric, or zero feature).
For './results/rq1/20261003-0136-css_select_known/run1/css_select_known/summary.csv-function_name/css_select_5_1_0', feature 'count_attrs' and metric 'rss' the best fit is:
Best : Logarithmic: time = 7.1E+07 + -3.3E+05*log(n) (sec)          
Constant: time = 7.1E+07 (sec)                                  (res: 0.049)
Linear: time = 7.1E+07 + -9.9E+03*n (sec)                       (res: 0.046)
Quadratic: time = 7.1E+07 + -49*n^2 (sec)                       (res: 0.048)
Cubic: time = 7.1E+07 + -0.21*n^3 (sec)                         (res: 0.049)
Logarithmic: time = 7.1E+07 + -3.3E+05*log(n) (sec)             (res: 0.042)
Linearithmic: time = 7.1E+07 + -1.8E+03*n*log(n) (sec)          (res: 0.047)
Exponential: time = 7.1E+07 * 1^n (sec)                         (res: 0.047)

   [exponent] free-exponent fit: rss ~ count_attrs ** -0.00
Saved fit model plot to ./results/rq1/20261003-0136-css_select_known/run1/css_select_known/plots/fitmodel_rss_vs_count_attrs_css_select_5_1_0.png
For './results/rq1/20261003-0136-css_select_known/run1/css_select_known/summary.csv-function_name/css_select_5_2_0', feature 'count_attrs' and metric 'rss': dropped 56 of 268 rows (censored, non-positive metric, or zero feature).
For './results/rq1/20261003-0136-css_select_known/run1/css_select_known/summary.csv-function_name/css_select_5_2_0', feature 'count_attrs' and metric 'rss' the best fit is:
Best : Logarithmic: time = 7.2E+07 + -5.8E+05*log(n) (sec)          
Constant: time = 7.1E+07 (sec)                                  (res: 0.12)
Linear: time = 7.2E+07 + -1.9E+04*n (sec)                       (res: 0.11)
Quadratic: time = 7.1E+07 + -98*n^2 (sec)                       (res: 0.12)
Cubic: time = 7.1E+07 + -0.42*n^3 (sec)                         (res: 0.12)
Logarithmic: time = 7.2E+07 + -5.8E+05*log(n) (sec)             (res: 0.092)
Linearithmic: time = 7.1E+07 + -3.6E+03*n*log(n) (sec)          (res: 0.11)
Exponential: time = 7.2E+07 * 1^n (sec)                         (res: 0.11)

   [exponent] free-exponent fit: rss ~ count_attrs ** -0.01
Saved fit model plot to ./results/rq1/20261003-0136-css_select_known/run1/css_select_known/plots/fitmodel_rss_vs_count_attrs_css_select_5_2_0.png
Plotting 'rss' vs 'count_href_attr' for './results/rq1/20261003-0136-css_select_known/run1/css_select_known/summary.csv-function_name/css_select_5_1_0':
Saved plot to ./results/rq1/20261003-0136-css_select_known/run1/css_select_known/plots/rss_vs_count_href_attr_css_select_5_1_0.png
Plotting 'rss' vs 'count_href_attr' for './results/rq1/20261003-0136-css_select_known/run1/css_select_known/summary.csv-function_name/css_select_5_2_0':
Saved plot to ./results/rq1/20261003-0136-css_select_known/run1/css_select_known/plots/rss_vs_count_href_attr_css_select_5_2_0.png
For './results/rq1/20261003-0136-css_select_known/run1/css_select_known/summary.csv-function_name/css_select_5_1_0', feature 'count_href_attr' and metric 'rss': dropped 162 of 268 rows (censored, non-positive metric, or zero feature).
For './results/rq1/20261003-0136-css_select_known/run1/css_select_known/summary.csv-function_name/css_select_5_1_0', feature 'count_href_attr' and metric 'rss' the best fit is:
Best : Constant: time = 7E+07 (sec)                                 
Constant: time = 7E+07 (sec)                                    (res: 0.02)
Linear: time = 7E+07 + -3.5E+04*n (sec)                         (res: 0.02)
Quadratic: time = 7E+07 + -2.3E+03*n^2 (sec)                    (res: 0.02)
Cubic: time = 7E+07 + -1.8E+02*n^3 (sec)                        (res: 0.02)
Logarithmic: time = 7E+07 + -2.1E+05*log(n) (sec)               (res: 0.02)
Linearithmic: time = 7E+07 + -1.1E+04*n*log(n) (sec)            (res: 0.02)
Exponential: time = 7E+07 * 1^n (sec)                           (res: 0.02)

   [near-tie] within 10%: Logarithmic, Linear, Exponential, Linearithmic, Quadratic, Cubic, Constant -- chosen by the simplicity bias, not the data.
   [exponent] free-exponent fit: rss ~ count_href_attr ** -0.00
Saved fit model plot to ./results/rq1/20261003-0136-css_select_known/run1/css_select_known/plots/fitmodel_rss_vs_count_href_attr_css_select_5_1_0.png
For './results/rq1/20261003-0136-css_select_known/run1/css_select_known/summary.csv-function_name/css_select_5_2_0', feature 'count_href_attr' and metric 'rss': dropped 159 of 268 rows (censored, non-positive metric, or zero feature).
For './results/rq1/20261003-0136-css_select_known/run1/css_select_known/summary.csv-function_name/css_select_5_2_0', feature 'count_href_attr' and metric 'rss' the best fit is:
Best : Constant: time = 7E+07 (sec)                                 
Constant: time = 7E+07 (sec)                                    (res: 0.04)
Linear: time = 7.1E+07 + -5.4E+04*n (sec)                       (res: 0.039)
Quadratic: time = 7.1E+07 + -3.7E+03*n^2 (sec)                  (res: 0.039)
Cubic: time = 7.1E+07 + -3E+02*n^3 (sec)                        (res: 0.039)
Logarithmic: time = 7.1E+07 + -3.2E+05*log(n) (sec)             (res: 0.038)
Linearithmic: time = 7.1E+07 + -1.8E+04*n*log(n) (sec)          (res: 0.039)
Exponential: time = 7.1E+07 * 1^n (sec)                         (res: 0.039)

   [near-tie] within 10%: Logarithmic, Linear, Exponential, Linearithmic, Quadratic, Cubic, Constant -- chosen by the simplicity bias, not the data.
   [exponent] free-exponent fit: rss ~ count_href_attr ** -0.00
Saved fit model plot to ./results/rq1/20261003-0136-css_select_known/run1/css_select_known/plots/fitmodel_rss_vs_count_href_attr_css_select_5_2_0.png
Plotting 'rss' vs 'count_title_attr' for './results/rq1/20261003-0136-css_select_known/run1/css_select_known/summary.csv-function_name/css_select_5_1_0':
Saved plot to ./results/rq1/20261003-0136-css_select_known/run1/css_select_known/plots/rss_vs_count_title_attr_css_select_5_1_0.png
Plotting 'rss' vs 'count_title_attr' for './results/rq1/20261003-0136-css_select_known/run1/css_select_known/summary.csv-function_name/css_select_5_2_0':
Saved plot to ./results/rq1/20261003-0136-css_select_known/run1/css_select_known/plots/rss_vs_count_title_attr_css_select_5_2_0.png
For './results/rq1/20261003-0136-css_select_known/run1/css_select_known/summary.csv-function_name/css_select_5_1_0', feature 'count_title_attr' and metric 'rss': dropped 120 of 268 rows (censored, non-positive metric, or zero feature).
For './results/rq1/20261003-0136-css_select_known/run1/css_select_known/summary.csv-function_name/css_select_5_1_0', feature 'count_title_attr' and metric 'rss' the best fit is:
Best : Logarithmic: time = 7.1E+07 + -2.6E+05*log(n) (sec)          
Constant: time = 7E+07 (sec)                                    (res: 0.037)
Linear: time = 7E+07 + -1.4E+04*n (sec)                         (res: 0.037)
Quadratic: time = 7E+07 + -1.4E+02*n^2 (sec)                    (res: 0.037)
Cubic: time = 7E+07 + -1*n^3 (sec)                              (res: 0.037)
Logarithmic: time = 7.1E+07 + -2.6E+05*log(n) (sec)             (res: 0.034)
Linearithmic: time = 7E+07 + -2.8E+03*n*log(n) (sec)            (res: 0.037)
Exponential: time = 7.1E+07 * 1^n (sec)                         (res: 0.037)

   [near-tie] within 10%: Logarithmic, Linear, Exponential, Linearithmic, Quadratic -- chosen by the simplicity bias, not the data.
   [exponent] free-exponent fit: rss ~ count_title_attr ** -0.00
Saved fit model plot to ./results/rq1/20261003-0136-css_select_known/run1/css_select_known/plots/fitmodel_rss_vs_count_title_attr_css_select_5_1_0.png
For './results/rq1/20261003-0136-css_select_known/run1/css_select_known/summary.csv-function_name/css_select_5_2_0', feature 'count_title_attr' and metric 'rss': dropped 89 of 268 rows (censored, non-positive metric, or zero feature).
For './results/rq1/20261003-0136-css_select_known/run1/css_select_known/summary.csv-function_name/css_select_5_2_0', feature 'count_title_attr' and metric 'rss' the best fit is:
Best : Logarithmic: time = 7.2E+07 + -5.9E+05*log(n) (sec)          
Constant: time = 7.1E+07 (sec)                                  (res: 0.1)
Linear: time = 7.1E+07 + -3.6E+04*n (sec)                       (res: 0.092)
Quadratic: time = 7.1E+07 + -4.3E+02*n^2 (sec)                  (res: 0.098)
Cubic: time = 7.1E+07 + -4.3*n^3 (sec)                          (res: 0.099)
Logarithmic: time = 7.2E+07 + -5.9E+05*log(n) (sec)             (res: 0.077)
Linearithmic: time = 7.1E+07 + -7.9E+03*n*log(n) (sec)          (res: 0.094)
Exponential: time = 7.1E+07 * 1^n (sec)                         (res: 0.092)

   [exponent] free-exponent fit: rss ~ count_title_attr ** -0.01
Saved fit model plot to ./results/rq1/20261003-0136-css_select_known/run1/css_select_known/plots/fitmodel_rss_vs_count_title_attr_css_select_5_2_0.png
Plotting 'rss' vs 'count_id_attr' for './results/rq1/20261003-0136-css_select_known/run1/css_select_known/summary.csv-function_name/css_select_5_1_0':
Saved plot to ./results/rq1/20261003-0136-css_select_known/run1/css_select_known/plots/rss_vs_count_id_attr_css_select_5_1_0.png
Plotting 'rss' vs 'count_id_attr' for './results/rq1/20261003-0136-css_select_known/run1/css_select_known/summary.csv-function_name/css_select_5_2_0':
Saved plot to ./results/rq1/20261003-0136-css_select_known/run1/css_select_known/plots/rss_vs_count_id_attr_css_select_5_2_0.png
For './results/rq1/20261003-0136-css_select_known/run1/css_select_known/summary.csv-function_name/css_select_5_1_0', feature 'count_id_attr' and metric 'rss': dropped 101 of 268 rows (censored, non-positive metric, or zero feature).
For './results/rq1/20261003-0136-css_select_known/run1/css_select_known/summary.csv-function_name/css_select_5_1_0', feature 'count_id_attr' and metric 'rss' the best fit is:
Best : Logarithmic: time = 7.1E+07 + -4.5E+05*log(n) (sec)          
Constant: time = 7.1E+07 (sec)                                  (res: 0.046)
Linear: time = 7.1E+07 + -3.6E+04*n (sec)                       (res: 0.041)
Quadratic: time = 7.1E+07 + -7E+02*n^2 (sec)                    (res: 0.043)
Cubic: time = 7.1E+07 + -11*n^3 (sec)                           (res: 0.045)
Logarithmic: time = 7.1E+07 + -4.5E+05*log(n) (sec)             (res: 0.037)
Linearithmic: time = 7.1E+07 + -8.9E+03*n*log(n) (sec)          (res: 0.042)
Exponential: time = 7.1E+07 * 1^n (sec)                         (res: 0.041)

   [near-tie] within 10%: Logarithmic, Linear, Exponential -- chosen by the simplicity bias, not the data.
   [exponent] free-exponent fit: rss ~ count_id_attr ** -0.01
Saved fit model plot to ./results/rq1/20261003-0136-css_select_known/run1/css_select_known/plots/fitmodel_rss_vs_count_id_attr_css_select_5_1_0.png
For './results/rq1/20261003-0136-css_select_known/run1/css_select_known/summary.csv-function_name/css_select_5_2_0', feature 'count_id_attr' and metric 'rss': dropped 89 of 268 rows (censored, non-positive metric, or zero feature).
For './results/rq1/20261003-0136-css_select_known/run1/css_select_known/summary.csv-function_name/css_select_5_2_0', feature 'count_id_attr' and metric 'rss' the best fit is:
Best : Logarithmic: time = 7.2E+07 + -6.1E+05*log(n) (sec)          
Constant: time = 7.1E+07 (sec)                                  (res: 0.087)
Linear: time = 7.1E+07 + -5.2E+04*n (sec)                       (res: 0.077)
Quadratic: time = 7.1E+07 + -1E+03*n^2 (sec)                    (res: 0.082)
Cubic: time = 7.1E+07 + -16*n^3 (sec)                           (res: 0.085)
Logarithmic: time = 7.2E+07 + -6.1E+05*log(n) (sec)             (res: 0.07)
Linearithmic: time = 7.1E+07 + -1.3E+04*n*log(n) (sec)          (res: 0.079)
Exponential: time = 7.1E+07 * 1^n (sec)                         (res: 0.077)

   [exponent] free-exponent fit: rss ~ count_id_attr ** -0.01
Saved fit model plot to ./results/rq1/20261003-0136-css_select_known/run1/css_select_known/plots/fitmodel_rss_vs_count_id_attr_css_select_5_2_0.png
Plotting 'rss' vs 'count_class_attr' for './results/rq1/20261003-0136-css_select_known/run1/css_select_known/summary.csv-function_name/css_select_5_1_0':
Saved plot to ./results/rq1/20261003-0136-css_select_known/run1/css_select_known/plots/rss_vs_count_class_attr_css_select_5_1_0.png
Plotting 'rss' vs 'count_class_attr' for './results/rq1/20261003-0136-css_select_known/run1/css_select_known/summary.csv-function_name/css_select_5_2_0':
Saved plot to ./results/rq1/20261003-0136-css_select_known/run1/css_select_known/plots/rss_vs_count_class_attr_css_select_5_2_0.png
For './results/rq1/20261003-0136-css_select_known/run1/css_select_known/summary.csv-function_name/css_select_5_1_0', feature 'count_class_attr' and metric 'rss': dropped 128 of 268 rows (censored, non-positive metric, or zero feature).
For './results/rq1/20261003-0136-css_select_known/run1/css_select_known/summary.csv-function_name/css_select_5_1_0', feature 'count_class_attr' and metric 'rss' the best fit is:
Best : Logarithmic: time = 7.1E+07 + -3E+05*log(n) (sec)            
Constant: time = 7E+07 (sec)                                    (res: 0.033)
Linear: time = 7.1E+07 + -2.3E+04*n (sec)                       (res: 0.032)
Quadratic: time = 7E+07 + -5.4E+02*n^2 (sec)                    (res: 0.033)
Cubic: time = 7E+07 + -16*n^3 (sec)                             (res: 0.033)
Logarithmic: time = 7.1E+07 + -3E+05*log(n) (sec)               (res: 0.03)
Linearithmic: time = 7E+07 + -5.6E+03*n*log(n) (sec)            (res: 0.033)
Exponential: time = 7.1E+07 * 1^n (sec)                         (res: 0.032)

   [near-tie] within 10%: Logarithmic, Linear, Exponential, Linearithmic, Quadratic, Cubic -- chosen by the simplicity bias, not the data.
   [exponent] free-exponent fit: rss ~ count_class_attr ** -0.00
Saved fit model plot to ./results/rq1/20261003-0136-css_select_known/run1/css_select_known/plots/fitmodel_rss_vs_count_class_attr_css_select_5_1_0.png
For './results/rq1/20261003-0136-css_select_known/run1/css_select_known/summary.csv-function_name/css_select_5_2_0', feature 'count_class_attr' and metric 'rss': dropped 96 of 268 rows (censored, non-positive metric, or zero feature).
For './results/rq1/20261003-0136-css_select_known/run1/css_select_known/summary.csv-function_name/css_select_5_2_0', feature 'count_class_attr' and metric 'rss' the best fit is:
Best : Logarithmic: time = 7.2E+07 + -6.7E+05*log(n) (sec)          
Constant: time = 7.1E+07 (sec)                                  (res: 0.09)
Linear: time = 7.1E+07 + -6.5E+04*n (sec)                       (res: 0.078)
Quadratic: time = 7.1E+07 + -1.6E+03*n^2 (sec)                  (res: 0.084)
Cubic: time = 7.1E+07 + -48*n^3 (sec)                           (res: 0.085)
Logarithmic: time = 7.2E+07 + -6.7E+05*log(n) (sec)             (res: 0.066)
Linearithmic: time = 7.1E+07 + -1.7E+04*n*log(n) (sec)          (res: 0.081)
Exponential: time = 7.2E+07 * 1^n (sec)                         (res: 0.078)

   [exponent] free-exponent fit: rss ~ count_class_attr ** -0.01
Saved fit model plot to ./results/rq1/20261003-0136-css_select_known/run1/css_select_known/plots/fitmodel_rss_vs_count_class_attr_css_select_5_2_0.png
Plotting 'rss' vs 'count_class_list' for './results/rq1/20261003-0136-css_select_known/run1/css_select_known/summary.csv-function_name/css_select_5_1_0':
Saved plot to ./results/rq1/20261003-0136-css_select_known/run1/css_select_known/plots/rss_vs_count_class_list_css_select_5_1_0.png
Plotting 'rss' vs 'count_class_list' for './results/rq1/20261003-0136-css_select_known/run1/css_select_known/summary.csv-function_name/css_select_5_2_0':
Saved plot to ./results/rq1/20261003-0136-css_select_known/run1/css_select_known/plots/rss_vs_count_class_list_css_select_5_2_0.png
For './results/rq1/20261003-0136-css_select_known/run1/css_select_known/summary.csv-function_name/css_select_5_1_0', feature 'count_class_list' and metric 'rss': dropped 128 of 268 rows (censored, non-positive metric, or zero feature).
For './results/rq1/20261003-0136-css_select_known/run1/css_select_known/summary.csv-function_name/css_select_5_1_0', feature 'count_class_list' and metric 'rss' the best fit is:
Best : Logarithmic: time = 7.1E+07 + -3.1E+05*log(n) (sec)          
Constant: time = 7E+07 (sec)                                    (res: 0.033)
Linear: time = 7E+07 + -1.1E+04*n (sec)                         (res: 0.032)
Quadratic: time = 7E+07 + -1E+02*n^2 (sec)                      (res: 0.033)
Cubic: time = 7E+07 + -1.2*n^3 (sec)                            (res: 0.033)
Logarithmic: time = 7.1E+07 + -3.1E+05*log(n) (sec)             (res: 0.029)
Linearithmic: time = 7E+07 + -2.2E+03*n*log(n) (sec)            (res: 0.033)
Exponential: time = 7.1E+07 * 1^n (sec)                         (res: 0.032)

   [exponent] free-exponent fit: rss ~ count_class_list ** -0.00
Saved fit model plot to ./results/rq1/20261003-0136-css_select_known/run1/css_select_known/plots/fitmodel_rss_vs_count_class_list_css_select_5_1_0.png
For './results/rq1/20261003-0136-css_select_known/run1/css_select_known/summary.csv-function_name/css_select_5_2_0', feature 'count_class_list' and metric 'rss': dropped 96 of 268 rows (censored, non-positive metric, or zero feature).
For './results/rq1/20261003-0136-css_select_known/run1/css_select_known/summary.csv-function_name/css_select_5_2_0', feature 'count_class_list' and metric 'rss' the best fit is:
Best : Logarithmic: time = 7.2E+07 + -6.2E+05*log(n) (sec)          
Constant: time = 7.1E+07 (sec)                                  (res: 0.09)
Linear: time = 7.1E+07 + -3.2E+04*n (sec)                       (res: 0.078)
Quadratic: time = 7.1E+07 + -3.7E+02*n^2 (sec)                  (res: 0.085)
Cubic: time = 7.1E+07 + -4.9*n^3 (sec)                          (res: 0.087)
Logarithmic: time = 7.2E+07 + -6.2E+05*log(n) (sec)             (res: 0.064)
Linearithmic: time = 7.1E+07 + -7E+03*n*log(n) (sec)            (res: 0.081)
Exponential: time = 7.2E+07 * 1^n (sec)                         (res: 0.078)

   [exponent] free-exponent fit: rss ~ count_class_list ** -0.01
Saved fit model plot to ./results/rq1/20261003-0136-css_select_known/run1/css_select_known/plots/fitmodel_rss_vs_count_class_list_css_select_5_2_0.png
Plotting 'rss' vs 'count_lang_attr' for './results/rq1/20261003-0136-css_select_known/run1/css_select_known/summary.csv-function_name/css_select_5_1_0':
Saved plot to ./results/rq1/20261003-0136-css_select_known/run1/css_select_known/plots/rss_vs_count_lang_attr_css_select_5_1_0.png
Plotting 'rss' vs 'count_lang_attr' for './results/rq1/20261003-0136-css_select_known/run1/css_select_known/summary.csv-function_name/css_select_5_2_0':
Saved plot to ./results/rq1/20261003-0136-css_select_known/run1/css_select_known/plots/rss_vs_count_lang_attr_css_select_5_2_0.png
For './results/rq1/20261003-0136-css_select_known/run1/css_select_known/summary.csv-function_name/css_select_5_1_0', feature 'count_lang_attr' and metric 'rss': dropped 104 of 268 rows (censored, non-positive metric, or zero feature).
For './results/rq1/20261003-0136-css_select_known/run1/css_select_known/summary.csv-function_name/css_select_5_1_0', feature 'count_lang_attr' and metric 'rss' the best fit is:
Best : Logarithmic: time = 7.1E+07 + -3.3E+05*log(n) (sec)          
Constant: time = 7E+07 (sec)                                    (res: 0.04)
Linear: time = 7.1E+07 + -3.3E+04*n (sec)                       (res: 0.037)
Quadratic: time = 7.1E+07 + -8.6E+02*n^2 (sec)                  (res: 0.039)
Cubic: time = 7.1E+07 + -25*n^3 (sec)                           (res: 0.039)
Logarithmic: time = 7.1E+07 + -3.3E+05*log(n) (sec)             (res: 0.036)
Linearithmic: time = 7.1E+07 + -8.7E+03*n*log(n) (sec)          (res: 0.038)
Exponential: time = 7.1E+07 * 1^n (sec)                         (res: 0.037)

   [near-tie] within 10%: Logarithmic, Linear, Exponential, Linearithmic, Quadratic, Cubic -- chosen by the simplicity bias, not the data.
   [exponent] free-exponent fit: rss ~ count_lang_attr ** -0.00
Saved fit model plot to ./results/rq1/20261003-0136-css_select_known/run1/css_select_known/plots/fitmodel_rss_vs_count_lang_attr_css_select_5_1_0.png
For './results/rq1/20261003-0136-css_select_known/run1/css_select_known/summary.csv-function_name/css_select_5_2_0', feature 'count_lang_attr' and metric 'rss': dropped 77 of 268 rows (censored, non-positive metric, or zero feature).
For './results/rq1/20261003-0136-css_select_known/run1/css_select_known/summary.csv-function_name/css_select_5_2_0', feature 'count_lang_attr' and metric 'rss' the best fit is:
Best : Logarithmic: time = 7.2E+07 + -7.1E+05*log(n) (sec)          
Constant: time = 7.1E+07 (sec)                                  (res: 0.1)
Linear: time = 7.2E+07 + -7.2E+04*n (sec)                       (res: 0.09)
Quadratic: time = 7.1E+07 + -1.9E+03*n^2 (sec)                  (res: 0.097)
Cubic: time = 7.1E+07 + -53*n^3 (sec)                           (res: 0.099)
Logarithmic: time = 7.2E+07 + -7.1E+05*log(n) (sec)             (res: 0.08)
Linearithmic: time = 7.1E+07 + -1.9E+04*n*log(n) (sec)          (res: 0.093)
Exponential: time = 7.2E+07 * 1^n (sec)                         (res: 0.09)

   [exponent] free-exponent fit: rss ~ count_lang_attr ** -0.01
Saved fit model plot to ./results/rq1/20261003-0136-css_select_known/run1/css_select_known/plots/fitmodel_rss_vs_count_lang_attr_css_select_5_2_0.png
Plotting 'rss' vs 'count_data_attr' for './results/rq1/20261003-0136-css_select_known/run1/css_select_known/summary.csv-function_name/css_select_5_1_0':
Saved plot to ./results/rq1/20261003-0136-css_select_known/run1/css_select_known/plots/rss_vs_count_data_attr_css_select_5_1_0.png
Plotting 'rss' vs 'count_data_attr' for './results/rq1/20261003-0136-css_select_known/run1/css_select_known/summary.csv-function_name/css_select_5_2_0':
Saved plot to ./results/rq1/20261003-0136-css_select_known/run1/css_select_known/plots/rss_vs_count_data_attr_css_select_5_2_0.png
For './results/rq1/20261003-0136-css_select_known/run1/css_select_known/summary.csv-function_name/css_select_5_1_0', feature 'count_data_attr' and metric 'rss': dropped 107 of 268 rows (censored, non-positive metric, or zero feature).
For './results/rq1/20261003-0136-css_select_known/run1/css_select_known/summary.csv-function_name/css_select_5_1_0', feature 'count_data_attr' and metric 'rss' the best fit is:
Best : Constant: time = 7E+07 (sec)                                 
Constant: time = 7E+07 (sec)                                    (res: 0.039)
Linear: time = 7.1E+07 + -2.7E+04*n (sec)                       (res: 0.037)
Quadratic: time = 7.1E+07 + -8.2E+02*n^2 (sec)                  (res: 0.037)
Cubic: time = 7E+07 + -27*n^3 (sec)                             (res: 0.037)
Logarithmic: time = 7.1E+07 + -2E+05*log(n) (sec)               (res: 0.037)
Linearithmic: time = 7.1E+07 + -7.5E+03*n*log(n) (sec)          (res: 0.037)
Exponential: time = 7.1E+07 * 1^n (sec)                         (res: 0.037)

   [near-tie] within 10%: Linear, Exponential, Linearithmic, Quadratic, Logarithmic, Cubic, Constant -- chosen by the simplicity bias, not the data.
   [exponent] free-exponent fit: rss ~ count_data_attr ** -0.00
Saved fit model plot to ./results/rq1/20261003-0136-css_select_known/run1/css_select_known/plots/fitmodel_rss_vs_count_data_attr_css_select_5_1_0.png
For './results/rq1/20261003-0136-css_select_known/run1/css_select_known/summary.csv-function_name/css_select_5_2_0', feature 'count_data_attr' and metric 'rss': dropped 72 of 268 rows (censored, non-positive metric, or zero feature).
For './results/rq1/20261003-0136-css_select_known/run1/css_select_known/summary.csv-function_name/css_select_5_2_0', feature 'count_data_attr' and metric 'rss' the best fit is:
Best : Logarithmic: time = 7.2E+07 + -6.9E+05*log(n) (sec)          
Constant: time = 7.1E+07 (sec)                                  (res: 0.11)
Linear: time = 7.2E+07 + -7.4E+04*n (sec)                       (res: 0.095)
Quadratic: time = 7.1E+07 + -2.1E+03*n^2 (sec)                  (res: 0.1)
Cubic: time = 7.1E+07 + -65*n^3 (sec)                           (res: 0.1)
Logarithmic: time = 7.2E+07 + -6.9E+05*log(n) (sec)             (res: 0.088)
Linearithmic: time = 7.2E+07 + -2E+04*n*log(n) (sec)            (res: 0.098)
Exponential: time = 7.2E+07 * 1^n (sec)                         (res: 0.095)

   [near-tie] within 10%: Logarithmic, Linear, Exponential -- chosen by the simplicity bias, not the data.
   [exponent] free-exponent fit: rss ~ count_data_attr ** -0.01
Saved fit model plot to ./results/rq1/20261003-0136-css_select_known/run1/css_select_known/plots/fitmodel_rss_vs_count_data_attr_css_select_5_2_0.png
Plotting 'rss' vs 'count_p' for './results/rq1/20261003-0136-css_select_known/run1/css_select_known/summary.csv-function_name/css_select_5_1_0':
Saved plot to ./results/rq1/20261003-0136-css_select_known/run1/css_select_known/plots/rss_vs_count_p_css_select_5_1_0.png
Plotting 'rss' vs 'count_p' for './results/rq1/20261003-0136-css_select_known/run1/css_select_known/summary.csv-function_name/css_select_5_2_0':
Saved plot to ./results/rq1/20261003-0136-css_select_known/run1/css_select_known/plots/rss_vs_count_p_css_select_5_2_0.png
For './results/rq1/20261003-0136-css_select_known/run1/css_select_known/summary.csv-function_name/css_select_5_1_0', feature 'count_p' and metric 'rss': dropped 195 of 268 rows (censored, non-positive metric, or zero feature).
For './results/rq1/20261003-0136-css_select_known/run1/css_select_known/summary.csv-function_name/css_select_5_1_0', feature 'count_p' and metric 'rss' the best fit is:
Best : Constant: time = 7E+07 (sec)                                 
Constant: time = 7E+07 (sec)                                    (res: 0.013)
Linear: time = 7E+07 + 5.9E+04*n (sec)                          (res: 0.013)
Quadratic: time = 7E+07 + 9.7E+03*n^2 (sec)                     (res: 0.012)
Cubic: time = 7E+07 + 1.1E+03*n^3 (sec)                         (res: 0.012)
Logarithmic: time = 7E+07 + 4.3E+04*log(n) (sec)                (res: 0.013)
Linearithmic: time = 7E+07 + 3.2E+04*n*log(n) (sec)             (res: 0.012)
Exponential: time = 7E+07 * 1^n (sec)                           (res: 0.013)

   [near-tie] within 10%: Cubic, Quadratic, Linearithmic, Linear, Exponential, Logarithmic, Constant -- chosen by the simplicity bias, not the data.
   [exponent] free-exponent fit: rss ~ count_p ** 0.00
Saved fit model plot to ./results/rq1/20261003-0136-css_select_known/run1/css_select_known/plots/fitmodel_rss_vs_count_p_css_select_5_1_0.png
For './results/rq1/20261003-0136-css_select_known/run1/css_select_known/summary.csv-function_name/css_select_5_2_0', feature 'count_p' and metric 'rss': dropped 192 of 268 rows (censored, non-positive metric, or zero feature).
For './results/rq1/20261003-0136-css_select_known/run1/css_select_known/summary.csv-function_name/css_select_5_2_0', feature 'count_p' and metric 'rss' the best fit is:
Best : Constant: time = 7E+07 (sec)                                 
Constant: time = 7E+07 (sec)                                    (res: 0.026)
Linear: time = 7E+07 + 8.8E+04*n (sec)                          (res: 0.026)
Quadratic: time = 7E+07 + 1.5E+04*n^2 (sec)                     (res: 0.025)
Cubic: time = 7E+07 + 1.7E+03*n^3 (sec)                         (res: 0.025)
Logarithmic: time = 7E+07 + 6.6E+04*log(n) (sec)                (res: 0.026)
Linearithmic: time = 7E+07 + 4.8E+04*n*log(n) (sec)             (res: 0.025)
Exponential: time = 7E+07 * 1^n (sec)                           (res: 0.026)

   [near-tie] within 10%: Cubic, Quadratic, Linearithmic, Linear, Exponential, Logarithmic, Constant -- chosen by the simplicity bias, not the data.
   [exponent] free-exponent fit: rss ~ count_p ** 0.00
Saved fit model plot to ./results/rq1/20261003-0136-css_select_known/run1/css_select_known/plots/fitmodel_rss_vs_count_p_css_select_5_2_0.png
Plotting 'rss' vs 'count_section' for './results/rq1/20261003-0136-css_select_known/run1/css_select_known/summary.csv-function_name/css_select_5_1_0':
Saved plot to ./results/rq1/20261003-0136-css_select_known/run1/css_select_known/plots/rss_vs_count_section_css_select_5_1_0.png
Plotting 'rss' vs 'count_section' for './results/rq1/20261003-0136-css_select_known/run1/css_select_known/summary.csv-function_name/css_select_5_2_0':
Saved plot to ./results/rq1/20261003-0136-css_select_known/run1/css_select_known/plots/rss_vs_count_section_css_select_5_2_0.png
For './results/rq1/20261003-0136-css_select_known/run1/css_select_known/summary.csv-function_name/css_select_5_1_0', feature 'count_section' and metric 'rss': dropped 221 of 268 rows (censored, non-positive metric, or zero feature).
For './results/rq1/20261003-0136-css_select_known/run1/css_select_known/summary.csv-function_name/css_select_5_1_0', feature 'count_section' and metric 'rss' the best fit is:
Best : Constant: time = 7E+07 (sec)                                 
Constant: time = 7E+07 (sec)                                    (res: 0.0053)
Linear: time = 7E+07 + -2.6E+04*n (sec)                         (res: 0.0053)
Quadratic: time = 7E+07 + -2.1E+03*n^2 (sec)                    (res: 0.0053)
Cubic: time = 7E+07 + -2.1E+02*n^3 (sec)                        (res: 0.0053)
Logarithmic: time = 7E+07 + -1.1E+05*log(n) (sec)               (res: 0.0053)
Linearithmic: time = 7E+07 + -8.8E+03*n*log(n) (sec)            (res: 0.0053)
Exponential: time = 7E+07 * 1^n (sec)                           (res: 0.0053)

   [near-tie] within 10%: Logarithmic, Linear, Exponential, Linearithmic, Quadratic, Cubic, Constant -- chosen by the simplicity bias, not the data.
   [exponent] free-exponent fit: rss ~ count_section ** -0.00
Saved fit model plot to ./results/rq1/20261003-0136-css_select_known/run1/css_select_known/plots/fitmodel_rss_vs_count_section_css_select_5_1_0.png
For './results/rq1/20261003-0136-css_select_known/run1/css_select_known/summary.csv-function_name/css_select_5_2_0', feature 'count_section' and metric 'rss': dropped 214 of 268 rows (censored, non-positive metric, or zero feature).
For './results/rq1/20261003-0136-css_select_known/run1/css_select_known/summary.csv-function_name/css_select_5_2_0', feature 'count_section' and metric 'rss' the best fit is:
Best : Constant: time = 7E+07 (sec)                                 
Constant: time = 7E+07 (sec)                                    (res: 0.019)
Linear: time = 7.1E+07 + -1.9E+05*n (sec)                       (res: 0.018)
Quadratic: time = 7E+07 + -1.8E+04*n^2 (sec)                    (res: 0.019)
Cubic: time = 7E+07 + -1.8E+03*n^3 (sec)                        (res: 0.019)
Logarithmic: time = 7.1E+07 + -6.6E+05*log(n) (sec)             (res: 0.018)
Linearithmic: time = 7E+07 + -7.4E+04*n*log(n) (sec)            (res: 0.019)
Exponential: time = 7.1E+07 * 1^n (sec)                         (res: 0.018)

   [near-tie] within 10%: Logarithmic, Linear, Exponential, Linearithmic, Quadratic, Cubic, Constant -- chosen by the simplicity bias, not the data.
   [exponent] free-exponent fit: rss ~ count_section ** -0.01
Saved fit model plot to ./results/rq1/20261003-0136-css_select_known/run1/css_select_known/plots/fitmodel_rss_vs_count_section_css_select_5_2_0.png
Plotting 'rss' vs 'count_flow_content' for './results/rq1/20261003-0136-css_select_known/run1/css_select_known/summary.csv-function_name/css_select_5_1_0':
Saved plot to ./results/rq1/20261003-0136-css_select_known/run1/css_select_known/plots/rss_vs_count_flow_content_css_select_5_1_0.png
Plotting 'rss' vs 'count_flow_content' for './results/rq1/20261003-0136-css_select_known/run1/css_select_known/summary.csv-function_name/css_select_5_2_0':
Saved plot to ./results/rq1/20261003-0136-css_select_known/run1/css_select_known/plots/rss_vs_count_flow_content_css_select_5_2_0.png
For './results/rq1/20261003-0136-css_select_known/run1/css_select_known/summary.csv-function_name/css_select_5_1_0', feature 'count_flow_content' and metric 'rss': dropped 148 of 268 rows (censored, non-positive metric, or zero feature).
For './results/rq1/20261003-0136-css_select_known/run1/css_select_known/summary.csv-function_name/css_select_5_1_0', feature 'count_flow_content' and metric 'rss' the best fit is:
Best : Logarithmic: time = 7.1E+07 + -3.9E+05*log(n) (sec)          
Constant: time = 7E+07 (sec)                                    (res: 0.028)
Linear: time = 7.1E+07 + -4.8E+04*n (sec)                       (res: 0.026)
Quadratic: time = 7.1E+07 + -1.7E+03*n^2 (sec)                  (res: 0.027)
Cubic: time = 7.1E+07 + -69*n^3 (sec)                           (res: 0.027)
Logarithmic: time = 7.1E+07 + -3.9E+05*log(n) (sec)             (res: 0.024)
Linearithmic: time = 7.1E+07 + -1.4E+04*n*log(n) (sec)          (res: 0.027)
Exponential: time = 7.1E+07 * 1^n (sec)                         (res: 0.026)

   [near-tie] within 10%: Logarithmic, Linear, Exponential -- chosen by the simplicity bias, not the data.
   [exponent] free-exponent fit: rss ~ count_flow_content ** -0.01
Saved fit model plot to ./results/rq1/20261003-0136-css_select_known/run1/css_select_known/plots/fitmodel_rss_vs_count_flow_content_css_select_5_1_0.png
For './results/rq1/20261003-0136-css_select_known/run1/css_select_known/summary.csv-function_name/css_select_5_2_0', feature 'count_flow_content' and metric 'rss': dropped 117 of 268 rows (censored, non-positive metric, or zero feature).
For './results/rq1/20261003-0136-css_select_known/run1/css_select_known/summary.csv-function_name/css_select_5_2_0', feature 'count_flow_content' and metric 'rss' the best fit is:
Best : Logarithmic: time = 7.2E+07 + -6.1E+05*log(n) (sec)          
Constant: time = 7.1E+07 (sec)                                  (res: 0.085)
Linear: time = 7.2E+07 + -8.9E+04*n (sec)                       (res: 0.078)
Quadratic: time = 7.1E+07 + -3.4E+03*n^2 (sec)                  (res: 0.08)
Cubic: time = 7.1E+07 + -1.3E+02*n^3 (sec)                      (res: 0.081)
Logarithmic: time = 7.2E+07 + -6.1E+05*log(n) (sec)             (res: 0.075)
Linearithmic: time = 7.1E+07 + -2.6E+04*n*log(n) (sec)          (res: 0.079)
Exponential: time = 7.2E+07 * 1^n (sec)                         (res: 0.078)

   [near-tie] within 10%: Logarithmic, Linear, Exponential, Linearithmic, Quadratic, Cubic -- chosen by the simplicity bias, not the data.
   [exponent] free-exponent fit: rss ~ count_flow_content ** -0.01
Saved fit model plot to ./results/rq1/20261003-0136-css_select_known/run1/css_select_known/plots/fitmodel_rss_vs_count_flow_content_css_select_5_2_0.png
Plotting 'rss' vs 'count_flow_item' for './results/rq1/20261003-0136-css_select_known/run1/css_select_known/summary.csv-function_name/css_select_5_1_0':
Saved plot to ./results/rq1/20261003-0136-css_select_known/run1/css_select_known/plots/rss_vs_count_flow_item_css_select_5_1_0.png
Plotting 'rss' vs 'count_flow_item' for './results/rq1/20261003-0136-css_select_known/run1/css_select_known/summary.csv-function_name/css_select_5_2_0':
Saved plot to ./results/rq1/20261003-0136-css_select_known/run1/css_select_known/plots/rss_vs_count_flow_item_css_select_5_2_0.png
For './results/rq1/20261003-0136-css_select_known/run1/css_select_known/summary.csv-function_name/css_select_5_1_0', feature 'count_flow_item' and metric 'rss': dropped 158 of 268 rows (censored, non-positive metric, or zero feature).
For './results/rq1/20261003-0136-css_select_known/run1/css_select_known/summary.csv-function_name/css_select_5_1_0', feature 'count_flow_item' and metric 'rss' the best fit is:
Best : Logarithmic: time = 7.1E+07 + -2.8E+05*log(n) (sec)          
Constant: time = 7.1E+07 (sec)                                  (res: 0.025)
Linear: time = 7.1E+07 + -8.2E+03*n (sec)                       (res: 0.024)
Quadratic: time = 7.1E+07 + -38*n^2 (sec)                       (res: 0.025)
Cubic: time = 7.1E+07 + -0.16*n^3 (sec)                         (res: 0.025)
Logarithmic: time = 7.1E+07 + -2.8E+05*log(n) (sec)             (res: 0.023)
Linearithmic: time = 7.1E+07 + -1.5E+03*n*log(n) (sec)          (res: 0.025)
Exponential: time = 7.1E+07 * 1^n (sec)                         (res: 0.024)

   [near-tie] within 10%: Logarithmic, Linear, Exponential, Linearithmic -- chosen by the simplicity bias, not the data.
   [exponent] free-exponent fit: rss ~ count_flow_item ** -0.00
Saved fit model plot to ./results/rq1/20261003-0136-css_select_known/run1/css_select_known/plots/fitmodel_rss_vs_count_flow_item_css_select_5_1_0.png
For './results/rq1/20261003-0136-css_select_known/run1/css_select_known/summary.csv-function_name/css_select_5_2_0', feature 'count_flow_item' and metric 'rss': dropped 156 of 268 rows (censored, non-positive metric, or zero feature).
For './results/rq1/20261003-0136-css_select_known/run1/css_select_known/summary.csv-function_name/css_select_5_2_0', feature 'count_flow_item' and metric 'rss' the best fit is:
Best : Constant: time = 7.1E+07 (sec)                               
Constant: time = 7.1E+07 (sec)                                  (res: 0.051)
Linear: time = 7.1E+07 + -7.3E+03*n (sec)                       (res: 0.05)
Quadratic: time = 7.1E+07 + -12*n^2 (sec)                       (res: 0.051)
Cubic: time = 7.1E+07 + 0.084*n^3 (sec)                         (res: 0.051)
Logarithmic: time = 7.2E+07 + -3.3E+05*log(n) (sec)             (res: 0.047)
Linearithmic: time = 7.1E+07 + -1.2E+03*n*log(n) (sec)          (res: 0.05)
Exponential: time = 7.1E+07 * 1^n (sec)                         (res: 0.05)

   [near-tie] within 10%: Logarithmic, Linear, Exponential, Linearithmic, Quadratic, Cubic, Constant -- chosen by the simplicity bias, not the data.
   [exponent] free-exponent fit: rss ~ count_flow_item ** -0.00
Saved fit model plot to ./results/rq1/20261003-0136-css_select_known/run1/css_select_known/plots/fitmodel_rss_vs_count_flow_item_css_select_5_2_0.png
Plotting 'rss' vs 'count_div' for './results/rq1/20261003-0136-css_select_known/run1/css_select_known/summary.csv-function_name/css_select_5_1_0':
Saved plot to ./results/rq1/20261003-0136-css_select_known/run1/css_select_known/plots/rss_vs_count_div_css_select_5_1_0.png
Plotting 'rss' vs 'count_div' for './results/rq1/20261003-0136-css_select_known/run1/css_select_known/summary.csv-function_name/css_select_5_2_0':
Saved plot to ./results/rq1/20261003-0136-css_select_known/run1/css_select_known/plots/rss_vs_count_div_css_select_5_2_0.png
For './results/rq1/20261003-0136-css_select_known/run1/css_select_known/summary.csv-function_name/css_select_5_1_0', feature 'count_div' and metric 'rss': dropped 147 of 268 rows (censored, non-positive metric, or zero feature).
For './results/rq1/20261003-0136-css_select_known/run1/css_select_known/summary.csv-function_name/css_select_5_1_0', feature 'count_div' and metric 'rss' the best fit is:
Best : Logarithmic: time = 7.1E+07 + -3.7E+05*log(n) (sec)          
Constant: time = 7E+07 (sec)                                    (res: 0.03)
Linear: time = 7.1E+07 + -4.7E+04*n (sec)                       (res: 0.027)
Quadratic: time = 7.1E+07 + -1.7E+03*n^2 (sec)                  (res: 0.028)
Cubic: time = 7.1E+07 + -62*n^3 (sec)                           (res: 0.029)
Logarithmic: time = 7.1E+07 + -3.7E+05*log(n) (sec)             (res: 0.026)
Linearithmic: time = 7.1E+07 + -1.3E+04*n*log(n) (sec)          (res: 0.028)
Exponential: time = 7.1E+07 * 1^n (sec)                         (res: 0.027)

   [near-tie] within 10%: Logarithmic, Linear, Exponential, Linearithmic -- chosen by the simplicity bias, not the data.
   [exponent] free-exponent fit: rss ~ count_div ** -0.01
Saved fit model plot to ./results/rq1/20261003-0136-css_select_known/run1/css_select_known/plots/fitmodel_rss_vs_count_div_css_select_5_1_0.png
For './results/rq1/20261003-0136-css_select_known/run1/css_select_known/summary.csv-function_name/css_select_5_2_0', feature 'count_div' and metric 'rss': dropped 114 of 268 rows (censored, non-positive metric, or zero feature).
For './results/rq1/20261003-0136-css_select_known/run1/css_select_known/summary.csv-function_name/css_select_5_2_0', feature 'count_div' and metric 'rss' the best fit is:
Best : Logarithmic: time = 7.2E+07 + -6E+05*log(n) (sec)            
Constant: time = 7.1E+07 (sec)                                  (res: 0.089)
Linear: time = 7.2E+07 + -8.9E+04*n (sec)                       (res: 0.08)
Quadratic: time = 7.1E+07 + -3.3E+03*n^2 (sec)                  (res: 0.082)
Cubic: time = 7.1E+07 + -1.2E+02*n^3 (sec)                      (res: 0.084)
Logarithmic: time = 7.2E+07 + -6E+05*log(n) (sec)               (res: 0.077)
Linearithmic: time = 7.2E+07 + -2.6E+04*n*log(n) (sec)          (res: 0.081)
Exponential: time = 7.2E+07 * 1^n (sec)                         (res: 0.08)

   [near-tie] within 10%: Logarithmic, Linear, Exponential, Linearithmic, Quadratic, Cubic -- chosen by the simplicity bias, not the data.
   [exponent] free-exponent fit: rss ~ count_div ** -0.01
Saved fit model plot to ./results/rq1/20261003-0136-css_select_known/run1/css_select_known/plots/fitmodel_rss_vs_count_div_css_select_5_2_0.png
Plotting 'rss' vs 'count_more_node' for './results/rq1/20261003-0136-css_select_known/run1/css_select_known/summary.csv-function_name/css_select_5_1_0':
Saved plot to ./results/rq1/20261003-0136-css_select_known/run1/css_select_known/plots/rss_vs_count_more_node_css_select_5_1_0.png
Plotting 'rss' vs 'count_more_node' for './results/rq1/20261003-0136-css_select_known/run1/css_select_known/summary.csv-function_name/css_select_5_2_0':
Saved plot to ./results/rq1/20261003-0136-css_select_known/run1/css_select_known/plots/rss_vs_count_more_node_css_select_5_2_0.png
For './results/rq1/20261003-0136-css_select_known/run1/css_select_known/summary.csv-function_name/css_select_5_1_0', feature 'count_more_node' and metric 'rss': dropped 176 of 268 rows (censored, non-positive metric, or zero feature).
For './results/rq1/20261003-0136-css_select_known/run1/css_select_known/summary.csv-function_name/css_select_5_1_0', feature 'count_more_node' and metric 'rss' the best fit is:
Best : Constant: time = 7E+07 (sec)                                 
Constant: time = 7E+07 (sec)                                    (res: 0.013)
Linear: time = 7E+07 + 1.1E+04*n (sec)                          (res: 0.013)
Quadratic: time = 7E+07 + 9.1E+02*n^2 (sec)                     (res: 0.013)
Cubic: time = 7E+07 + 57*n^3 (sec)                              (res: 0.013)
Logarithmic: time = 7E+07 + 3.2E+04*log(n) (sec)                (res: 0.013)
Linearithmic: time = 7E+07 + 4.3E+03*n*log(n) (sec)             (res: 0.013)
Exponential: time = 7E+07 * 1^n (sec)                           (res: 0.013)

   [near-tie] within 10%: Quadratic, Linearithmic, Linear, Cubic, Exponential, Logarithmic, Constant -- chosen by the simplicity bias, not the data.
   [exponent] free-exponent fit: rss ~ count_more_node ** 0.00
Saved fit model plot to ./results/rq1/20261003-0136-css_select_known/run1/css_select_known/plots/fitmodel_rss_vs_count_more_node_css_select_5_1_0.png
For './results/rq1/20261003-0136-css_select_known/run1/css_select_known/summary.csv-function_name/css_select_5_2_0', feature 'count_more_node' and metric 'rss': dropped 145 of 268 rows (censored, non-positive metric, or zero feature).
For './results/rq1/20261003-0136-css_select_known/run1/css_select_known/summary.csv-function_name/css_select_5_2_0', feature 'count_more_node' and metric 'rss' the best fit is:
Best : Logarithmic: time = 7.1E+07 + -8.5E+05*log(n) (sec)          
Constant: time = 7.1E+07 (sec)                                  (res: 0.072)
Linear: time = 7.1E+07 + -1.8E+05*n (sec)                       (res: 0.066)
Quadratic: time = 7.1E+07 + -9.8E+03*n^2 (sec)                  (res: 0.069)
Cubic: time = 7.1E+07 + -5.2E+02*n^3 (sec)                      (res: 0.071)
Logarithmic: time = 7.1E+07 + -8.5E+05*log(n) (sec)             (res: 0.061)
Linearithmic: time = 7.1E+07 + -5.8E+04*n*log(n) (sec)          (res: 0.068)
Exponential: time = 7.1E+07 * 1^n (sec)                         (res: 0.066)

   [near-tie] within 10%: Logarithmic, Linear, Exponential -- chosen by the simplicity bias, not the data.
   [exponent] free-exponent fit: rss ~ count_more_node ** -0.01
Saved fit model plot to ./results/rq1/20261003-0136-css_select_known/run1/css_select_known/plots/fitmodel_rss_vs_count_more_node_css_select_5_2_0.png
Plotting 'rss' vs 'doc_depth' for './results/rq1/20261003-0136-css_select_known/run1/css_select_known/summary.csv-function_name/css_select_5_1_0':
Saved plot to ./results/rq1/20261003-0136-css_select_known/run1/css_select_known/plots/rss_vs_doc_depth_css_select_5_1_0.png
Plotting 'rss' vs 'doc_depth' for './results/rq1/20261003-0136-css_select_known/run1/css_select_known/summary.csv-function_name/css_select_5_2_0':
Saved plot to ./results/rq1/20261003-0136-css_select_known/run1/css_select_known/plots/rss_vs_doc_depth_css_select_5_2_0.png
For './results/rq1/20261003-0136-css_select_known/run1/css_select_known/summary.csv-function_name/css_select_5_1_0', feature 'doc_depth' and metric 'rss': dropped 92 of 268 rows (censored, non-positive metric, or zero feature).
For './results/rq1/20261003-0136-css_select_known/run1/css_select_known/summary.csv-function_name/css_select_5_1_0', feature 'doc_depth' and metric 'rss' the best fit is:
Best : Constant: time = 7.1E+07 (sec)                               
Constant: time = 7.1E+07 (sec)                                  (res: 0.049)
Linear: time = 7.1E+07 + -6.3E+04*n (sec)                       (res: 0.048)
Quadratic: time = 7.1E+07 + -2.1E+03*n^2 (sec)                  (res: 0.048)
Cubic: time = 7.1E+07 + -70*n^3 (sec)                           (res: 0.049)
Logarithmic: time = 7.1E+07 + -6E+05*log(n) (sec)               (res: 0.047)
Linearithmic: time = 7.1E+07 + -1.8E+04*n*log(n) (sec)          (res: 0.048)
Exponential: time = 7.1E+07 * 1^n (sec)                         (res: 0.048)

   [near-tie] within 10%: Logarithmic, Linear, Exponential, Linearithmic, Quadratic, Cubic, Constant -- chosen by the simplicity bias, not the data.
   [exponent] free-exponent fit: rss ~ doc_depth ** -0.01
Saved fit model plot to ./results/rq1/20261003-0136-css_select_known/run1/css_select_known/plots/fitmodel_rss_vs_doc_depth_css_select_5_1_0.png
For './results/rq1/20261003-0136-css_select_known/run1/css_select_known/summary.csv-function_name/css_select_5_2_0', feature 'doc_depth' and metric 'rss': dropped 56 of 268 rows (censored, non-positive metric, or zero feature).
For './results/rq1/20261003-0136-css_select_known/run1/css_select_known/summary.csv-function_name/css_select_5_2_0', feature 'doc_depth' and metric 'rss' the best fit is:
Best : Logarithmic: time = 7.3E+07 + -1.4E+06*log(n) (sec)          
Constant: time = 7.1E+07 (sec)                                  (res: 0.12)
Linear: time = 7.2E+07 + -1.6E+05*n (sec)                       (res: 0.11)
Quadratic: time = 7.1E+07 + -5.7E+03*n^2 (sec)                  (res: 0.11)
Cubic: time = 7.1E+07 + -2.1E+02*n^3 (sec)                      (res: 0.12)
Logarithmic: time = 7.3E+07 + -1.4E+06*log(n) (sec)             (res: 0.1)
Linearithmic: time = 7.2E+07 + -4.4E+04*n*log(n) (sec)          (res: 0.11)
Exponential: time = 7.2E+07 * 1^n (sec)                         (res: 0.11)

   [near-tie] within 10%: Logarithmic, Linear, Exponential, Linearithmic -- chosen by the simplicity bias, not the data.
   [exponent] free-exponent fit: rss ~ doc_depth ** -0.02
Saved fit model plot to ./results/rq1/20261003-0136-css_select_known/run1/css_select_known/plots/fitmodel_rss_vs_doc_depth_css_select_5_2_0.png
Plotting 'rss' vs 'doc_bytes' for './results/rq1/20261003-0136-css_select_known/run1/css_select_known/summary.csv-function_name/css_select_5_1_0':
Saved plot to ./results/rq1/20261003-0136-css_select_known/run1/css_select_known/plots/rss_vs_doc_bytes_css_select_5_1_0.png
Plotting 'rss' vs 'doc_bytes' for './results/rq1/20261003-0136-css_select_known/run1/css_select_known/summary.csv-function_name/css_select_5_2_0':
Saved plot to ./results/rq1/20261003-0136-css_select_known/run1/css_select_known/plots/rss_vs_doc_bytes_css_select_5_2_0.png
For './results/rq1/20261003-0136-css_select_known/run1/css_select_known/summary.csv-function_name/css_select_5_1_0', feature 'doc_bytes' and metric 'rss': dropped 92 of 268 rows (censored, non-positive metric, or zero feature).
For './results/rq1/20261003-0136-css_select_known/run1/css_select_known/summary.csv-function_name/css_select_5_1_0', feature 'doc_bytes' and metric 'rss' the best fit is:
Best : Logarithmic: time = 7.3E+07 + -3E+05*log(n) (sec)            
Constant: time = 7.1E+07 (sec)                                  (res: 0.049)
Linear: time = 7.1E+07 + -29*n (sec)                            (res: 0.049)
Quadratic: time = 7E+07 + 0.00069*n^2 (sec)                     (res: 0.049)
Cubic: time = 7E+07 + 7E-08*n^3 (sec)                           (res: 0.049)
Logarithmic: time = 7.3E+07 + -3E+05*log(n) (sec)               (res: 0.043)
Linearithmic: time = 7.1E+07 + -2.1*n*log(n) (sec)              (res: 0.049)
Exponential: time = 7.1E+07 * 1^n (sec)                         (res: 0.049)

   [exponent] free-exponent fit: rss ~ doc_bytes ** -0.00
Saved fit model plot to ./results/rq1/20261003-0136-css_select_known/run1/css_select_known/plots/fitmodel_rss_vs_doc_bytes_css_select_5_1_0.png
For './results/rq1/20261003-0136-css_select_known/run1/css_select_known/summary.csv-function_name/css_select_5_2_0', feature 'doc_bytes' and metric 'rss': dropped 56 of 268 rows (censored, non-positive metric, or zero feature).
For './results/rq1/20261003-0136-css_select_known/run1/css_select_known/summary.csv-function_name/css_select_5_2_0', feature 'doc_bytes' and metric 'rss' the best fit is:
Best : Logarithmic: time = 7.5E+07 + -5.7E+05*log(n) (sec)          
Constant: time = 7.1E+07 (sec)                                  (res: 0.12)
Linear: time = 7.1E+07 + -1E+02*n (sec)                         (res: 0.11)
Quadratic: time = 7.1E+07 + -0.0015*n^2 (sec)                   (res: 0.12)
Cubic: time = 7.1E+07 + -4.1E-08*n^3 (sec)                      (res: 0.12)
Logarithmic: time = 7.5E+07 + -5.7E+05*log(n) (sec)             (res: 0.092)
Linearithmic: time = 7.1E+07 + -9.1*n*log(n) (sec)              (res: 0.12)
Exponential: time = 7.1E+07 * 1^n (sec)                         (res: 0.11)

   [exponent] free-exponent fit: rss ~ doc_bytes ** -0.01
Saved fit model plot to ./results/rq1/20261003-0136-css_select_known/run1/css_select_known/plots/fitmodel_rss_vs_doc_bytes_css_select_5_2_0.png
Plotting 'rss' vs 'selector_len' for './results/rq1/20261003-0136-css_select_known/run1/css_select_known/summary.csv-function_name/css_select_5_1_0':
Saved plot to ./results/rq1/20261003-0136-css_select_known/run1/css_select_known/plots/rss_vs_selector_len_css_select_5_1_0.png
Plotting 'rss' vs 'selector_len' for './results/rq1/20261003-0136-css_select_known/run1/css_select_known/summary.csv-function_name/css_select_5_2_0':
Saved plot to ./results/rq1/20261003-0136-css_select_known/run1/css_select_known/plots/rss_vs_selector_len_css_select_5_2_0.png
For './results/rq1/20261003-0136-css_select_known/run1/css_select_known/summary.csv-function_name/css_select_5_1_0', feature 'selector_len' and metric 'rss': dropped 92 of 268 rows (censored, non-positive metric, or zero feature).
For './results/rq1/20261003-0136-css_select_known/run1/css_select_known/summary.csv-function_name/css_select_5_1_0', feature 'selector_len' and metric 'rss' the best fit is:
Best : Logarithmic: time = 6.8E+07 + 4.8E+05*log(n) (sec)           
Constant: time = 7.1E+07 (sec)                                  (res: 0.049)
Linear: time = 7E+07 + 2.9E+03*n (sec)                          (res: 0.03)
Quadratic: time = 7E+07 + 1.6*n^2 (sec)                         (res: 0.042)
Cubic: time = 7E+07 + 0.00083*n^3 (sec)                         (res: 0.046)
Logarithmic: time = 6.8E+07 + 4.8E+05*log(n) (sec)              (res: 0.025)
Linearithmic: time = 7E+07 + 4E+02*n*log(n) (sec)               (res: 0.033)
Exponential: time = 7E+07 * 1^n (sec)                           (res: 0.031)

   [exponent] free-exponent fit: rss ~ selector_len ** 0.01
Saved fit model plot to ./results/rq1/20261003-0136-css_select_known/run1/css_select_known/plots/fitmodel_rss_vs_selector_len_css_select_5_1_0.png
For './results/rq1/20261003-0136-css_select_known/run1/css_select_known/summary.csv-function_name/css_select_5_2_0', feature 'selector_len' and metric 'rss': dropped 56 of 268 rows (censored, non-positive metric, or zero feature).
For './results/rq1/20261003-0136-css_select_known/run1/css_select_known/summary.csv-function_name/css_select_5_2_0', feature 'selector_len' and metric 'rss' the best fit is:
Best : Logarithmic: time = 6.8E+07 + 7.1E+05*log(n) (sec)           
Constant: time = 7.1E+07 (sec)                                  (res: 0.12)
Linear: time = 7E+07 + 3.9E+03*n (sec)                          (res: 0.072)
Quadratic: time = 7.1E+07 + 2*n^2 (sec)                         (res: 0.1)
Cubic: time = 7.1E+07 + 0.00086*n^3 (sec)                       (res: 0.11)
Logarithmic: time = 6.8E+07 + 7.1E+05*log(n) (sec)              (res: 0.055)
Linearithmic: time = 7E+07 + 5.3E+02*n*log(n) (sec)             (res: 0.079)
Exponential: time = 7E+07 * 1^n (sec)                           (res: 0.073)

   [exponent] free-exponent fit: rss ~ selector_len ** 0.01
Saved fit model plot to ./results/rq1/20261003-0136-css_select_known/run1/css_select_known/plots/fitmodel_rss_vs_selector_len_css_select_5_2_0.png
Plotting 'rss' vs 'selector_nesting' for './results/rq1/20261003-0136-css_select_known/run1/css_select_known/summary.csv-function_name/css_select_5_1_0':
Saved plot to ./results/rq1/20261003-0136-css_select_known/run1/css_select_known/plots/rss_vs_selector_nesting_css_select_5_1_0.png
Plotting 'rss' vs 'selector_nesting' for './results/rq1/20261003-0136-css_select_known/run1/css_select_known/summary.csv-function_name/css_select_5_2_0':
Saved plot to ./results/rq1/20261003-0136-css_select_known/run1/css_select_known/plots/rss_vs_selector_nesting_css_select_5_2_0.png
For './results/rq1/20261003-0136-css_select_known/run1/css_select_known/summary.csv-function_name/css_select_5_1_0', feature 'selector_nesting' and metric 'rss': dropped 184 of 268 rows (censored, non-positive metric, or zero feature).
For './results/rq1/20261003-0136-css_select_known/run1/css_select_known/summary.csv-function_name/css_select_5_1_0', feature 'selector_nesting' and metric 'rss' the best fit is:
Best : Logarithmic: time = 7E+07 + 1.7E+06*log(n) (sec)             
Constant: time = 7.1E+07 (sec)                                  (res: 0.019)
Linear: time = 6.9E+07 + 9E+05*n (sec)                          (res: 0.0082)
Quadratic: time = 7E+07 + 2.1E+05*n^2 (sec)                     (res: 0.0088)
Cubic: time = 7E+07 + 5.9E+04*n^3 (sec)                         (res: 0.0098)
Logarithmic: time = 7E+07 + 1.7E+06*log(n) (sec)                (res: 0.0079)
Linearithmic: time = 7E+07 + 5.3E+05*n*log(n) (sec)             (res: 0.0085)
Exponential: time = 6.9E+07 * 1^n (sec)                         (res: 0.0082)

   [near-tie] within 10%: Logarithmic, Linear, Exponential, Linearithmic -- chosen by the simplicity bias, not the data.
   [exponent] free-exponent fit: rss ~ selector_nesting ** 0.02
Saved fit model plot to ./results/rq1/20261003-0136-css_select_known/run1/css_select_known/plots/fitmodel_rss_vs_selector_nesting_css_select_5_1_0.png
For './results/rq1/20261003-0136-css_select_known/run1/css_select_known/summary.csv-function_name/css_select_5_2_0', feature 'selector_nesting' and metric 'rss': dropped 149 of 268 rows (censored, non-positive metric, or zero feature).
For './results/rq1/20261003-0136-css_select_known/run1/css_select_known/summary.csv-function_name/css_select_5_2_0', feature 'selector_nesting' and metric 'rss' the best fit is:
Best : Logarithmic: time = 7E+07 + 2.1E+06*log(n) (sec)             
Constant: time = 7.2E+07 (sec)                                  (res: 0.047)
Linear: time = 7E+07 + 9.8E+05*n (sec)                          (res: 0.02)
Quadratic: time = 7.1E+07 + 1.8E+05*n^2 (sec)                   (res: 0.024)
Cubic: time = 7.1E+07 + 3.6E+04*n^3 (sec)                       (res: 0.029)
Logarithmic: time = 7E+07 + 2.1E+06*log(n) (sec)                (res: 0.018)
Linearithmic: time = 7.1E+07 + 5.1E+05*n*log(n) (sec)           (res: 0.022)
Exponential: time = 7E+07 * 1^n (sec)                           (res: 0.02)

   [exponent] free-exponent fit: rss ~ selector_nesting ** 0.03
Saved fit model plot to ./results/rq1/20261003-0136-css_select_known/run1/css_select_known/plots/fitmodel_rss_vs_selector_nesting_css_select_5_2_0.png
Model fit results for './results/rq1/20261003-0136-css_select_known/run1/css_select_known/summary.csv-function_name/css_select_5_1_0':
Best fit for './results/rq1/20261003-0136-css_select_known/run1/css_select_known/summary.csv-function_name/css_select_5_1_0':
R^2: 9.913153445562095e-06
Intercept: 2319837.5833488777
Feature 'count_combinator' has complexity class 'Logarithmic'.
The coefficient for this feature is 33439.83744895458.
Feature 'count_relative_selector_list' has complexity class 'Linear'.
The coefficient for this feature is 11599187.916744322.
Feature 'count_complex_selector_list_in_has' has complexity class 'Linear'.
The coefficient for this feature is 4639675.166697755.
Feature 'count_more_complex_selector_in_has' has complexity class 'Linear'.
The coefficient for this feature is 2319837.583348863.
Saved 3d fit model plot to ./results/rq1/20261003-0136-css_select_known/run1/css_select_known/plots/3dmodel_rss_vs_count_combinator_and_count_relative_selector_list_and_count_complex_selector_list_in_has_and_count_more_complex_selector_in_has_css_select_5_1_0.png
Model fit results for './results/rq1/20261003-0136-css_select_known/run1/css_select_known/summary.csv-function_name/css_select_5_2_0':
Best fit for './results/rq1/20261003-0136-css_select_known/run1/css_select_known/summary.csv-function_name/css_select_5_2_0':
R^2: 0.7724951733031016
Intercept: 26462115.76484534
Feature 'count_combinator' has complexity class 'LogLinear'.
The coefficient for this feature is -8865.522560171783.
Feature 'count_relative_selector_list' has complexity class 'LogLinear'.
The coefficient for this feature is 6466917.645844482.
Feature 'count_complex_selector_list_in_has' has complexity class 'LogLinear'.
The coefficient for this feature is -22674318.979037404.
Feature 'count_more_complex_selector_in_has' has complexity class 'Linear'.
The coefficient for this feature is 26462115.7648454.
Saved 3d fit model plot to ./results/rq1/20261003-0136-css_select_known/run1/css_select_known/plots/3dmodel_rss_vs_count_combinator_and_count_relative_selector_list_and_count_complex_selector_list_in_has_and_count_more_complex_selector_in_has_css_select_5_2_0.png
Best complexity classes for './results/rq1/20261003-0136-css_select_known/run1/css_select_known/summary.csv-function_name/css_select_5_1_0': ('Logarithmic', 'Linear', 'Linear', 'Linear')
Best complexity classes for './results/rq1/20261003-0136-css_select_known/run1/css_select_known/summary.csv-function_name/css_select_5_2_0': ('LogLinear', 'LogLinear', 'LogLinear', 'Linear')
======================================================================
[css_select_known] metric cache: 536 entries, 3436 SUT executions this run
[css_select_known] wall clock: 1922s of 3420s budget
[css_select_known] report -> ./results/rq1/20261003-0136-css_select_known/run1/css_select_known/report.md
[css_select_known] done. corpus=536 rows (268 inputs x 2 systems). Artifacts in ./results/rq1/20261003-0136-css_select_known/run1/css_select_known
