function_name,input_id,memory_after,runtime_ns,memory_peak,count_ws,count_wschar,count_end_array,count_more_value,count_value_separator,count_value,count_string,count_char_2,count_unescaped_ascii_other,count_char_3,count_escaped,count_u_escape,count_unescaped_nonascii,count_unescaped_utf8_2,count_unescaped_utf8_4,count_unescaped_utf8_3,count_unescaped_alnum,count_null,count_float_number,count_exp_opt,count_exp,count_minus,count_exp_zeros,count_int_sig,count_zero,count_DIGIT,count_digit1_9,count_int_frac,count_minus_opt,count_integer_number,count_int_16,count_int_upto15,count_false,count_true,count_object,count_begin_array,count_end_object,count_more_member,count_begin_object,count_hex_low_surrogate_fffe,count_hex_low_surrogate,count_hex_high_surrogate,count_hex_high_surrogate_not3f,count_hex_bmp,count_root_scalar,depth,num_pairs,num_arrays,num_numbers,total_string_len
orjson_3_10_1,b6589fc6ab0dc82cf12099d1c2d40ab994e8410c,0,118875.0,120.0,6,4,0,0,0,0,0,0,0,0,0,0,0,0,0,0,0,0,0,0,0,0,0,0,1,0,0,0,1,1,0,0,0,0,0,0,0,0,0,0,0,0,0,0,1,0,0,0,1,0
orjson_3_10_2,b6589fc6ab0dc82cf12099d1c2d40ab994e8410c,0,115763.88888888889,120.0,6,4,0,0,0,0,0,0,0,0,0,0,0,0,0,0,0,0,0,0,0,0,0,0,1,0,0,0,1,1,0,0,0,0,0,0,0,0,0,0,0,0,0,0,1,0,0,0,1,0
orjson_3_10_3,b6589fc6ab0dc82cf12099d1c2d40ab994e8410c,0,114555.33333333333,120.0,6,4,0,0,0,0,0,0,0,0,0,0,0,0,0,0,0,0,0,0,0,0,0,0,1,0,0,0,1,1,0,0,0,0,0,0,0,0,0,0,0,0,0,0,1,0,0,0,1,0
orjson_3_10_4,b6589fc6ab0dc82cf12099d1c2d40ab994e8410c,0,112822.5,120.0,6,4,0,0,0,0,0,0,0,0,0,0,0,0,0,0,0,0,0,0,0,0,0,0,1,0,0,0,1,1,0,0,0,0,0,0,0,0,0,0,0,0,0,0,1,0,0,0,1,0
orjson_3_10_5,b6589fc6ab0dc82cf12099d1c2d40ab994e8410c,0,112805.33333333333,120.0,6,4,0,0,0,0,0,0,0,0,0,0,0,0,0,0,0,0,0,0,0,0,0,0,1,0,0,0,1,1,0,0,0,0,0,0,0,0,0,0,0,0,0,0,1,0,0,0,1,0
orjson_3_10_6,b6589fc6ab0dc82cf12099d1c2d40ab994e8410c,0,114458.2,120.0,6,4,0,0,0,0,0,0,0,0,0,0,0,0,0,0,0,0,0,0,0,0,0,0,1,0,0,0,1,1,0,0,0,0,0,0,0,0,0,0,0,0,0,0,1,0,0,0,1,0
orjson_3_10_1,bf21a9e8fbc5a3846fb05b4fa0859e0917b2202f,0,146375.0,120.0,6,3,0,0,0,0,0,0,0,0,0,0,0,0,0,0,0,0,0,0,0,0,0,0,0,0,0,0,0,0,0,0,0,0,1,0,0,0,0,0,0,0,0,0,0,1,0,0,0,0
orjson_3_10_2,bf21a9e8fbc5a3846fb05b4fa0859e0917b2202f,0,154569.33333333334,120.0,6,3,0,0,0,0,0,0,0,0,0,0,0,0,0,0,0,0,0,0,0,0,0,0,0,0,0,0,0,0,0,0,0,0,1,0,0,0,0,0,0,0,0,0,0,1,0,0,0,0
orjson_3_10_3,bf21a9e8fbc5a3846fb05b4fa0859e0917b2202f,0,153864.75,120.0,6,3,0,0,0,0,0,0,0,0,0,0,0,0,0,0,0,0,0,0,0,0,0,0,0,0,0,0,0,0,0,0,0,0,1,0,0,0,0,0,0,0,0,0,0,1,0,0,0,0
orjson_3_10_4,bf21a9e8fbc5a3846fb05b4fa0859e0917b2202f,0,159708.4,120.0,6,3,0,0,0,0,0,0,0,0,0,0,0,0,0,0,0,0,0,0,0,0,0,0,0,0,0,0,0,0,0,0,0,0,1,0,0,0,0,0,0,0,0,0,0,1,0,0,0,0
orjson_3_10_5,bf21a9e8fbc5a3846fb05b4fa0859e0917b2202f,0,155750.33333333334,120.0,6,3,0,0,0,0,0,0,0,0,0,0,0,0,0,0,0,0,0,0,0,0,0,0,0,0,0,0,0,0,0,0,0,0,1,0,0,0,0,0,0,0,0,0,0,1,0,0,0,0
orjson_3_10_6,bf21a9e8fbc5a3846fb05b4fa0859e0917b2202f,0,155000.0,120.0,6,3,0,0,0,0,0,0,0,0,0,0,0,0,0,0,0,0,0,0,0,0,0,0,0,0,0,0,0,0,0,0,0,0,1,0,0,0,0,0,0,0,0,0,0,1,0,0,0,0
orjson_3_10_1,9e9e7b647d38b9d254fea233562c1b4b6ad7a349,0,312389.0,120.0,17,10,0,0,0,1,1,4,1,3,2,0,1,1,0,0,2,0,0,0,0,0,0,0,0,0,0,0,0,0,0,0,0,0,2,0,1,0,1,0,0,0,0,0,0,2,1,0,0,6
orjson_3_10_2,9e9e7b647d38b9d254fea233562c1b4b6ad7a349,0,325441.6,120.0,17,10,0,0,0,1,1,4,1,3,2,0,1,1,0,0,2,0,0,0,0,0,0,0,0,0,0,0,0,0,0,0,0,0,2,0,1,0,1,0,0,0,0,0,0,2,1,0,0,6
orjson_3_10_3,9e9e7b647d38b9d254fea233562c1b4b6ad7a349,0,321472.3333333333,120.0,17,10,0,0,0,1,1,4,1,3,2,0,1,1,0,0,2,0,0,0,0,0,0,0,0,0,0,0,0,0,0,0,0,0,2,0,1,0,1,0,0,0,0,0,0,2,1,0,0,6
orjson_3_10_4,9e9e7b647d38b9d254fea233562c1b4b6ad7a349,0,320926.1111111111,120.0,17,10,0,0,0,1,1,4,1,3,2,0,1,1,0,0,2,0,0,0,0,0,0,0,0,0,0,0,0,0,0,0,0,0,2,0,1,0,1,0,0,0,0,0,0,2,1,0,0,6
orjson_3_10_5,9e9e7b647d38b9d254fea233562c1b4b6ad7a349,0,310083.3333333333,120.0,17,10,0,0,0,1,1,4,1,3,2,0,1,1,0,0,2,0,0,0,0,0,0,0,0,0,0,0,0,0,0,0,0,0,2,0,1,0,1,0,0,0,0,0,0,2,1,0,0,6
orjson_3_10_6,9e9e7b647d38b9d254fea233562c1b4b6ad7a349,0,305486.3333333333,120.0,17,10,0,0,0,1,1,4,1,3,2,0,1,1,0,0,2,0,0,0,0,0,0,0,0,0,0,0,0,0,0,0,0,0,2,0,1,0,1,0,0,0,0,0,0,2,1,0,0,6
orjson_3_10_1,a2d86080428e502f633a76397f260b5e00622302,0,3129208.6666666665,1344.0,43,24,0,0,2,4,4,151,84,67,44,5,23,9,9,5,143,0,0,0,0,0,0,0,0,0,0,0,0,0,0,0,0,2,2,0,2,2,2,2,2,2,2,1,0,3,4,1,0,294
orjson_3_10_2,a2d86080428e502f633a76397f260b5e00622302,0,3244694.3333333335,1344.0,43,24,0,0,2,4,4,151,84,67,44,5,23,9,9,5,143,0,0,0,0,0,0,0,0,0,0,0,0,0,0,0,0,2,2,0,2,2,2,2,2,2,2,1,0,3,4,1,0,294
orjson_3_10_3,a2d86080428e502f633a76397f260b5e00622302,0,3230708.3333333335,1344.0,43,24,0,0,2,4,4,151,84,67,44,5,23,9,9,5,143,0,0,0,0,0,0,0,0,0,0,0,0,0,0,0,0,2,2,0,2,2,2,2,2,2,2,1,0,3,4,1,0,294
orjson_3_10_4,a2d86080428e502f633a76397f260b5e00622302,0,3119319.6666666665,1344.0,43,24,0,0,2,4,4,151,84,67,44,5,23,9,9,5,143,0,0,0,0,0,0,0,0,0,0,0,0,0,0,0,0,2,2,0,2,2,2,2,2,2,2,1,0,3,4,1,0,294
orjson_3_10_5,a2d86080428e502f633a76397f260b5e00622302,0,3110722.3333333335,1344.0,43,24,0,0,2,4,4,151,84,67,44,5,23,9,9,5,143,0,0,0,0,0,0,0,0,0,0,0,0,0,0,0,0,2,2,0,2,2,2,2,2,2,2,1,0,3,4,1,0,294
orjson_3_10_6,a2d86080428e502f633a76397f260b5e00622302,0,3134250.0,1344.0,43,24,0,0,2,4,4,151,84,67,44,5,23,9,9,5,143,0,0,0,0,0,0,0,0,0,0,0,0,0,0,0,0,2,2,0,2,2,2,2,2,2,2,1,0,3,4,1,0,294
orjson_3_10_1,b150a0318411cdec741be9c11fd3238b39103f5b,0,417847.6666666667,120.0,25,15,0,0,1,2,3,9,7,2,1,0,1,0,1,0,6,1,0,0,0,0,0,0,0,0,0,0,0,0,0,0,0,0,1,0,1,1,1,0,0,0,0,0,0,1,2,0,0,15
orjson_3_10_2,b150a0318411cdec741be9c11fd3238b39103f5b,0,415028.0,120.0,25,15,0,0,1,2,3,9,7,2,1,0,1,0,1,0,6,1,0,0,0,0,0,0,0,0,0,0,0,0,0,0,0,0,1,0,1,1,1,0,0,0,0,0,0,1,2,0,0,15
orjson_3_10_3,b150a0318411cdec741be9c11fd3238b39103f5b,0,406458.6666666667,120.0,25,15,0,0,1,2,3,9,7,2,1,0,1,0,1,0,6,1,0,0,0,0,0,0,0,0,0,0,0,0,0,0,0,0,1,0,1,1,1,0,0,0,0,0,0,1,2,0,0,15
orjson_3_10_4,b150a0318411cdec741be9c11fd3238b39103f5b,0,416208.3333333333,120.0,25,15,0,0,1,2,3,9,7,2,1,0,1,0,1,0,6,1,0,0,0,0,0,0,0,0,0,0,0,0,0,0,0,0,1,0,1,1,1,0,0,0,0,0,0,1,2,0,0,15
orjson_3_10_5,b150a0318411cdec741be9c11fd3238b39103f5b,0,423027.6666666667,120.0,25,15,0,0,1,2,3,9,7,2,1,0,1,0,1,0,6,1,0,0,0,0,0,0,0,0,0,0,0,0,0,0,0,0,1,0,1,1,1,0,0,0,0,0,0,1,2,0,0,15
orjson_3_10_6,b150a0318411cdec741be9c11fd3238b39103f5b,0,422916.75,120.0,25,15,0,0,1,2,3,9,7,2,1,0,1,0,1,0,6,1,0,0,0,0,0,0,0,0,0,0,0,0,0,0,0,0,1,0,1,1,1,0,0,0,0,0,0,1,2,0,0,15
orjson_3_10_1,9d91f6757a18361e4576ef9ceaacaa4045e3b5f9,0,646074.8,120.0,25,15,0,0,1,2,2,27,15,12,7,1,5,1,2,2,23,0,2,0,2,2,2,2,1,14,1,0,2,0,0,0,0,0,1,0,1,1,1,0,1,1,0,0,0,1,2,0,2,50
orjson_3_10_2,9d91f6757a18361e4576ef9ceaacaa4045e3b5f9,0,549777.6666666666,120.0,25,15,0,0,1,2,2,27,15,12,7,1,5,1,2,2,23,0,2,0,2,2,2,2,1,14,1,0,2,0,0,0,0,0,1,0,1,1,1,0,1,1,0,0,0,1,2,0,2,50
orjson_3_10_3,9d91f6757a18361e4576ef9ceaacaa4045e3b5f9,0,553374.6666666666,120.0,25,15,0,0,1,2,2,27,15,12,7,1,5,1,2,2,23,0,2,0,2,2,2,2,1,14,1,0,2,0,0,0,0,0,1,0,1,1,1,0,1,1,0,0,0,1,2,0,2,50
orjson_3_10_4,9d91f6757a18361e4576ef9ceaacaa4045e3b5f9,0,531777.6666666666,120.0,25,15,0,0,1,2,2,27,15,12,7,1,5,1,2,2,23,0,2,0,2,2,2,2,1,14,1,0,2,0,0,0,0,0,1,0,1,1,1,0,1,1,0,0,0,1,2,0,2,50
orjson_3_10_5,9d91f6757a18361e4576ef9ceaacaa4045e3b5f9,0,535466.8,120.0,25,15,0,0,1,2,2,27,15,12,7,1,5,1,2,2,23,0,2,0,2,2,2,2,1,14,1,0,2,0,0,0,0,0,1,0,1,1,1,0,1,1,0,0,0,1,2,0,2,50
orjson_3_10_6,9d91f6757a18361e4576ef9ceaacaa4045e3b5f9,0,532430.6666666666,120.0,25,15,0,0,1,2,2,27,15,12,7,1,5,1,2,2,23,0,2,0,2,2,2,2,1,14,1,0,2,0,0,0,0,0,1,0,1,1,1,0,1,1,0,0,0,1,2,0,2,50
orjson_3_10_1,0595868e0409c97fba3e9a89dd00350d11e36e81,0,8025041.666666667,3492.0,100,47,1,2,10,14,13,447,213,234,116,15,118,34,39,45,458,2,2,2,2,3,8,0,0,0,0,2,3,1,1,0,1,2,3,1,3,8,3,4,5,5,4,6,0,4,11,2,3,905
orjson_3_10_2,0595868e0409c97fba3e9a89dd00350d11e36e81,0,8213306.0,3492.0,100,47,1,2,10,14,13,447,213,234,116,15,118,34,39,45,458,2,2,2,2,3,8,0,0,0,0,2,3,1,1,0,1,2,3,1,3,8,3,4,5,5,4,6,0,4,11,2,3,905
orjson_3_10_3,0595868e0409c97fba3e9a89dd00350d11e36e81,0,8162374.666666667,3492.0,100,47,1,2,10,14,13,447,213,234,116,15,118,34,39,45,458,2,2,2,2,3,8,0,0,0,0,2,3,1,1,0,1,2,3,1,3,8,3,4,5,5,4,6,0,4,11,2,3,905
orjson_3_10_4,0595868e0409c97fba3e9a89dd00350d11e36e81,0,8112354.25,3492.0,100,47,1,2,10,14,13,447,213,234,116,15,118,34,39,45,458,2,2,2,2,3,8,0,0,0,0,2,3,1,1,0,1,2,3,1,3,8,3,4,5,5,4,6,0,4,11,2,3,905
orjson_3_10_5,0595868e0409c97fba3e9a89dd00350d11e36e81,0,7964889.0,3492.0,100,47,1,2,10,14,13,447,213,234,116,15,118,34,39,45,458,2,2,2,2,3,8,0,0,0,0,2,3,1,1,0,1,2,3,1,3,8,3,4,5,5,4,6,0,4,11,2,3,905
orjson_3_10_6,0595868e0409c97fba3e9a89dd00350d11e36e81,0,8142041.666666667,3492.0,100,47,1,2,10,14,13,447,213,234,116,15,118,34,39,45,458,2,2,2,2,3,8,0,0,0,0,2,3,1,1,0,1,2,3,1,3,8,3,4,5,5,4,6,0,4,11,2,3,905
orjson_3_10_1,5ce2dd0159417b08054dbbeeb58b82576cd04cfd,0,528083.0,146.0,30,16,0,0,2,3,4,16,11,5,1,0,4,2,0,2,11,0,0,0,0,0,0,0,0,0,0,0,0,0,0,0,2,0,1,0,1,2,1,0,0,0,0,0,0,1,3,0,0,27
orjson_3_10_2,5ce2dd0159417b08054dbbeeb58b82576cd04cfd,0,530666.6666666666,146.0,30,16,0,0,2,3,4,16,11,5,1,0,4,2,0,2,11,0,0,0,0,0,0,0,0,0,0,0,0,0,0,0,2,0,1,0,1,2,1,0,0,0,0,0,0,1,3,0,0,27
orjson_3_10_3,5ce2dd0159417b08054dbbeeb58b82576cd04cfd,0,531489.5,146.0,30,16,0,0,2,3,4,16,11,5,1,0,4,2,0,2,11,0,0,0,0,0,0,0,0,0,0,0,0,0,0,0,2,0,1,0,1,2,1,0,0,0,0,0,0,1,3,0,0,27
orjson_3_10_4,5ce2dd0159417b08054dbbeeb58b82576cd04cfd,0,535833.3333333334,146.0,30,16,0,0,2,3,4,16,11,5,1,0,4,2,0,2,11,0,0,0,0,0,0,0,0,0,0,0,0,0,0,0,2,0,1,0,1,2,1,0,0,0,0,0,0,1,3,0,0,27
orjson_3_10_5,5ce2dd0159417b08054dbbeeb58b82576cd04cfd,0,523611.0,146.0,30,16,0,0,2,3,4,16,11,5,1,0,4,2,0,2,11,0,0,0,0,0,0,0,0,0,0,0,0,0,0,0,2,0,1,0,1,2,1,0,0,0,0,0,0,1,3,0,0,27
orjson_3_10_6,5ce2dd0159417b08054dbbeeb58b82576cd04cfd,0,530527.3333333334,146.0,30,16,0,0,2,3,4,16,11,5,1,0,4,2,0,2,11,0,0,0,0,0,0,0,0,0,0,0,0,0,0,0,2,0,1,0,1,2,1,0,0,0,0,0,0,1,3,0,0,27
orjson_3_10_1,a1e67e08ac365e1653e2b4f9a070136167dd3e91,0,2002263.6666666667,900.0,27,13,0,0,2,3,3,90,44,46,21,3,25,12,6,7,94,1,0,0,0,0,0,0,1,0,0,0,1,1,0,0,0,1,1,0,1,2,1,3,0,0,3,0,0,1,3,0,1,184
orjson_3_10_2,a1e67e08ac365e1653e2b4f9a070136167dd3e91,0,2027986.3333333333,900.0,27,13,0,0,2,3,3,90,44,46,21,3,25,12,6,7,94,1,0,0,0,0,0,0,1,0,0,0,1,1,0,0,0,1,1,0,1,2,1,3,0,0,3,0,0,1,3,0,1,184
orjson_3_10_3,a1e67e08ac365e1653e2b4f9a070136167dd3e91,0,2040111.3333333333,900.0,27,13,0,0,2,3,3,90,44,46,21,3,25,12,6,7,94,1,0,0,0,0,0,0,1,0,0,0,1,1,0,0,0,1,1,0,1,2,1,3,0,0,3,0,0,1,3,0,1,184
orjson_3_10_4,a1e67e08ac365e1653e2b4f9a070136167dd3e91,0,2019180.6666666667,900.0,27,13,0,0,2,3,3,90,44,46,21,3,25,12,6,7,94,1,0,0,0,0,0,0,1,0,0,0,1,1,0,0,0,1,1,0,1,2,1,3,0,0,3,0,0,1,3,0,1,184
orjson_3_10_5,a1e67e08ac365e1653e2b4f9a070136167dd3e91,0,2027756.8333333333,900.0,27,13,0,0,2,3,3,90,44,46,21,3,25,12,6,7,94,1,0,0,0,0,0,0,1,0,0,0,1,1,0,0,0,1,1,0,1,2,1,3,0,0,3,0,0,1,3,0,1,184
orjson_3_10_6,a1e67e08ac365e1653e2b4f9a070136167dd3e91,0,2009889.0,900.0,27,13,0,0,2,3,3,90,44,46,21,3,25,12,6,7,94,1,0,0,0,0,0,0,1,0,0,0,1,1,0,0,0,1,1,0,1,2,1,3,0,0,3,0,0,1,3,0,1,184
orjson_3_10_1,9556137c9c2f6b0eb877687ffec77d3274ec0374,0,10040958.333333334,4672.0,141,54,1,2,17,21,18,425,219,206,103,14,103,37,32,34,419,5,3,1,2,3,5,2,2,10,1,1,4,1,0,1,1,1,3,1,3,15,3,4,5,5,4,5,0,5,18,8,4,844
orjson_3_10_2,9556137c9c2f6b0eb877687ffec77d3274ec0374,0,10080611.333333334,4672.0,141,54,1,2,17,21,18,425,219,206,103,14,103,37,32,34,419,5,3,1,2,3,5,2,2,10,1,1,4,1,0,1,1,1,3,1,3,15,3,4,5,5,4,5,0,5,18,8,4,844
orjson_3_10_3,9556137c9c2f6b0eb877687ffec77d3274ec0374,0,10208319.0,4672.0,141,54,1,2,17,21,18,425,219,206,103,14,103,37,32,34,419,5,3,1,2,3,5,2,2,10,1,1,4,1,0,1,1,1,3,1,3,15,3,4,5,5,4,5,0,5,18,8,4,844
orjson_3_10_4,9556137c9c2f6b0eb877687ffec77d3274ec0374,0,9863444.666666666,4672.0,141,54,1,2,17,21,18,425,219,206,103,14,103,37,32,34,419,5,3,1,2,3,5,2,2,10,1,1,4,1,0,1,1,1,3,1,3,15,3,4,5,5,4,5,0,5,18,8,4,844
orjson_3_10_5,9556137c9c2f6b0eb877687ffec77d3274ec0374,0,10039791.5,4672.0,141,54,1,2,17,21,18,425,219,206,103,14,103,37,32,34,419,5,3,1,2,3,5,2,2,10,1,1,4,1,0,1,1,1,3,1,3,15,3,4,5,5,4,5,0,5,18,8,4,844
orjson_3_10_6,9556137c9c2f6b0eb877687ffec77d3274ec0374,0,10052166.666666666,4672.0,141,54,1,2,17,21,18,425,219,206,103,14,103,37,32,34,419,5,3,1,2,3,5,2,2,10,1,1,4,1,0,1,1,1,3,1,3,15,3,4,5,5,4,5,0,5,18,8,4,844
orjson_3_10_1,e57dbf7859da0fe204b911ab323e77f4b454eabd,0,10599972.0,5091.0,204,75,1,2,27,33,40,393,207,186,90,9,96,32,38,26,388,7,0,0,0,1,0,0,1,0,0,0,2,2,1,0,4,4,5,1,5,25,5,3,3,3,3,3,0,6,30,2,2,781
orjson_3_10_2,e57dbf7859da0fe204b911ab323e77f4b454eabd,0,10450177.0,5001.0,204,75,1,2,27,33,40,393,207,186,90,9,96,32,38,26,388,7,0,0,0,1,0,0,1,0,0,0,2,2,1,0,4,4,5,1,5,25,5,3,3,3,3,3,0,6,30,2,2,781
orjson_3_10_3,e57dbf7859da0fe204b911ab323e77f4b454eabd,0,10412444.333333334,5001.0,204,75,1,2,27,33,40,393,207,186,90,9,96,32,38,26,388,7,0,0,0,1,0,0,1,0,0,0,2,2,1,0,4,4,5,1,5,25,5,3,3,3,3,3,0,6,30,2,2,781
orjson_3_10_4,e57dbf7859da0fe204b911ab323e77f4b454eabd,0,10383666.666666666,5001.0,204,75,1,2,27,33,40,393,207,186,90,9,96,32,38,26,388,7,0,0,0,1,0,0,1,0,0,0,2,2,1,0,4,4,5,1,5,25,5,3,3,3,3,3,0,6,30,2,2,781
orjson_3_10_5,e57dbf7859da0fe204b911ab323e77f4b454eabd,0,10205555.666666666,5001.0,204,75,1,2,27,33,40,393,207,186,90,9,96,32,38,26,388,7,0,0,0,1,0,0,1,0,0,0,2,2,1,0,4,4,5,1,5,25,5,3,3,3,3,3,0,6,30,2,2,781
orjson_3_10_6,e57dbf7859da0fe204b911ab323e77f4b454eabd,0,10435749.666666666,5001.0,204,75,1,2,27,33,40,393,207,186,90,9,96,32,38,26,388,7,0,0,0,1,0,0,1,0,0,0,2,2,1,0,4,4,5,1,5,25,5,3,3,3,3,3,0,6,30,2,2,781
orjson_3_10_1,382551e3ffd1d4a0da3430f7f301f75fe73c56de,0,9360486.0,4327.0,112,46,0,0,13,15,16,437,212,225,116,8,109,40,37,32,459,4,3,2,1,3,1,1,1,2,1,2,4,1,0,1,0,1,2,0,2,13,2,2,3,3,2,3,0,3,15,4,4,896
orjson_3_10_2,382551e3ffd1d4a0da3430f7f301f75fe73c56de,0,9721749.666666666,4327.0,112,46,0,0,13,15,16,437,212,225,116,8,109,40,37,32,459,4,3,2,1,3,1,1,1,2,1,2,4,1,0,1,0,1,2,0,2,13,2,2,3,3,2,3,0,3,15,4,4,896
orjson_3_10_3,382551e3ffd1d4a0da3430f7f301f75fe73c56de,0,9580888.666666666,4327.0,112,46,0,0,13,15,16,437,212,225,116,8,109,40,37,32,459,4,3,2,1,3,1,1,1,2,1,2,4,1,0,1,0,1,2,0,2,13,2,2,3,3,2,3,0,3,15,4,4,896
orjson_3_10_4,382551e3ffd1d4a0da3430f7f301f75fe73c56de,0,9337639.0,4327.0,112,46,0,0,13,15,16,437,212,225,116,8,109,40,37,32,459,4,3,2,1,3,1,1,1,2,1,2,4,1,0,1,0,1,2,0,2,13,2,2,3,3,2,3,0,3,15,4,4,896
orjson_3_10_5,382551e3ffd1d4a0da3430f7f301f75fe73c56de,0,9417819.333333334,4327.0,112,46,0,0,13,15,16,437,212,225,116,8,109,40,37,32,459,4,3,2,1,3,1,1,1,2,1,2,4,1,0,1,0,1,2,0,2,13,2,2,3,3,2,3,0,3,15,4,4,896
orjson_3_10_6,382551e3ffd1d4a0da3430f7f301f75fe73c56de,0,9465430.333333334,4327.0,112,46,0,0,13,15,16,437,212,225,116,8,109,40,37,32,459,4,3,2,1,3,1,1,1,2,1,2,4,1,0,1,0,1,2,0,2,13,2,2,3,3,2,3,0,3,15,4,4,896
orjson_3_10_1,9763f57dbd013905966075adf24855e0387c47f5,0,10442055.666666666,4777.0,203,50,0,0,33,36,40,372,190,182,101,7,81,25,36,20,406,10,2,1,1,1,1,1,0,6,1,1,4,2,2,0,3,6,3,0,3,33,3,3,2,2,3,2,0,4,36,7,4,778
orjson_3_10_2,9763f57dbd013905966075adf24855e0387c47f5,0,10501264.0,4777.0,203,50,0,0,33,36,40,372,190,182,101,7,81,25,36,20,406,10,2,1,1,1,1,1,0,6,1,1,4,2,2,0,3,6,3,0,3,33,3,3,2,2,3,2,0,4,36,7,4,778
orjson_3_10_3,9763f57dbd013905966075adf24855e0387c47f5,0,10272666.666666666,4777.0,203,50,0,0,33,36,40,372,190,182,101,7,81,25,36,20,406,10,2,1,1,1,1,1,0,6,1,1,4,2,2,0,3,6,3,0,3,33,3,3,2,2,3,2,0,4,36,7,4,778
orjson_3_10_4,9763f57dbd013905966075adf24855e0387c47f5,0,9961333.25,4777.0,203,50,0,0,33,36,40,372,190,182,101,7,81,25,36,20,406,10,2,1,1,1,1,1,0,6,1,1,4,2,2,0,3,6,3,0,3,33,3,3,2,2,3,2,0,4,36,7,4,778
orjson_3_10_5,9763f57dbd013905966075adf24855e0387c47f5,0,10131444.666666666,4777.0,203,50,0,0,33,36,40,372,190,182,101,7,81,25,36,20,406,10,2,1,1,1,1,1,0,6,1,1,4,2,2,0,3,6,3,0,3,33,3,3,2,2,3,2,0,4,36,7,4,778
orjson_3_10_6,9763f57dbd013905966075adf24855e0387c47f5,0,10085055.333333334,4777.0,203,50,0,0,33,36,40,372,190,182,101,7,81,25,36,20,406,10,2,1,1,1,1,1,0,6,1,1,4,2,2,0,3,6,3,0,3,33,3,3,2,2,3,2,0,4,36,7,4,778
orjson_3_10_1,e7b41ccc3c5f29964baa144203fc864ddee9ed2a,0,10234888.666666666,4945.0,147,47,0,0,22,24,28,436,224,212,101,11,111,39,32,40,389,7,1,0,1,3,2,1,2,1,1,0,4,3,1,1,4,2,2,0,2,22,2,3,3,3,3,5,0,3,24,2,4,825
orjson_3_10_2,e7b41ccc3c5f29964baa144203fc864ddee9ed2a,0,10264569.333333334,4839.0,147,47,0,0,22,24,28,436,224,212,101,11,111,39,32,40,389,7,1,0,1,3,2,1,2,1,1,0,4,3,1,1,4,2,2,0,2,22,2,3,3,3,3,5,0,3,24,2,4,825
orjson_3_10_3,e7b41ccc3c5f29964baa144203fc864ddee9ed2a,0,10463208.0,4946.0,147,47,0,0,22,24,28,436,224,212,101,11,111,39,32,40,389,7,1,0,1,3,2,1,2,1,1,0,4,3,1,1,4,2,2,0,2,22,2,3,3,3,3,5,0,3,24,2,4,825
orjson_3_10_4,e7b41ccc3c5f29964baa144203fc864ddee9ed2a,0,9918389.0,4839.0,147,47,0,0,22,24,28,436,224,212,101,11,111,39,32,40,389,7,1,0,1,3,2,1,2,1,1,0,4,3,1,1,4,2,2,0,2,22,2,3,3,3,3,5,0,3,24,2,4,825
orjson_3_10_5,e7b41ccc3c5f29964baa144203fc864ddee9ed2a,0,9885014.0,4839.0,147,47,0,0,22,24,28,436,224,212,101,11,111,39,32,40,389,7,1,0,1,3,2,1,2,1,1,0,4,3,1,1,4,2,2,0,2,22,2,3,3,3,3,5,0,3,24,2,4,825
orjson_3_10_6,e7b41ccc3c5f29964baa144203fc864ddee9ed2a,0,10037653.0,4839.0,147,47,0,0,22,24,28,436,224,212,101,11,111,39,32,40,389,7,1,0,1,3,2,1,2,1,1,0,4,3,1,1,4,2,2,0,2,22,2,3,3,3,3,5,0,3,24,2,4,825
orjson_3_10_1,ee1b676d97409224ee40d4c0277b3515fd9243b8,0,9249805.333333334,4532.0,146,42,0,0,22,24,29,406,192,214,112,8,102,43,29,30,445,5,1,1,0,1,0,0,0,0,0,1,1,0,0,0,3,3,2,0,2,22,2,3,2,2,3,3,0,3,24,6,1,851
orjson_3_10_2,ee1b676d97409224ee40d4c0277b3515fd9243b8,0,9352416.666666666,4532.0,146,42,0,0,22,24,29,406,192,214,112,8,102,43,29,30,445,5,1,1,0,1,0,0,0,0,0,1,1,0,0,0,3,3,2,0,2,22,2,3,2,2,3,3,0,3,24,6,1,851
orjson_3_10_3,ee1b676d97409224ee40d4c0277b3515fd9243b8,0,9365861.0,4532.0,146,42,0,0,22,24,29,406,192,214,112,8,102,43,29,30,445,5,1,1,0,1,0,0,0,0,0,1,1,0,0,0,3,3,2,0,2,22,2,3,2,2,3,3,0,3,24,6,1,851
orjson_3_10_4,ee1b676d97409224ee40d4c0277b3515fd9243b8,0,9259499.666666666,4532.0,146,42,0,0,22,24,29,406,192,214,112,8,102,43,29,30,445,5,1,1,0,1,0,0,0,0,0,1,1,0,0,0,3,3,2,0,2,22,2,3,2,2,3,3,0,3,24,6,1,851
orjson_3_10_5,ee1b676d97409224ee40d4c0277b3515fd9243b8,0,9108402.666666666,4532.0,146,42,0,0,22,24,29,406,192,214,112,8,102,43,29,30,445,5,1,1,0,1,0,0,0,0,0,1,1,0,0,0,3,3,2,0,2,22,2,3,2,2,3,3,0,3,24,6,1,851
orjson_3_10_6,ee1b676d97409224ee40d4c0277b3515fd9243b8,0,9153708.0,4532.0,146,42,0,0,22,24,29,406,192,214,112,8,102,43,29,30,445,5,1,1,0,1,0,0,0,0,0,1,1,0,0,0,3,3,2,0,2,22,2,3,2,2,3,3,0,3,24,6,1,851
orjson_3_10_1,483f9b71a8e1076e37e43daca0c21b0a8d5fded1,0,158566.8,120.0,11,8,0,0,0,0,0,0,0,0,0,0,0,0,0,0,0,0,0,0,0,0,0,0,0,0,0,0,0,0,0,0,0,0,1,0,0,0,0,0,0,0,0,0,0,1,0,0,0,0
orjson_3_10_2,483f9b71a8e1076e37e43daca0c21b0a8d5fded1,0,164625.0,120.0,11,8,0,0,0,0,0,0,0,0,0,0,0,0,0,0,0,0,0,0,0,0,0,0,0,0,0,0,0,0,0,0,0,0,1,0,0,0,0,0,0,0,0,0,0,1,0,0,0,0
orjson_3_10_3,483f9b71a8e1076e37e43daca0c21b0a8d5fded1,0,164541.33333333334,120.0,11,8,0,0,0,0,0,0,0,0,0,0,0,0,0,0,0,0,0,0,0,0,0,0,0,0,0,0,0,0,0,0,0,0,1,0,0,0,0,0,0,0,0,0,0,1,0,0,0,0
orjson_3_10_4,483f9b71a8e1076e37e43daca0c21b0a8d5fded1,0,165458.33333333334,120.0,11,8,0,0,0,0,0,0,0,0,0,0,0,0,0,0,0,0,0,0,0,0,0,0,0,0,0,0,0,0,0,0,0,0,1,0,0,0,0,0,0,0,0,0,0,1,0,0,0,0
orjson_3_10_5,483f9b71a8e1076e37e43daca0c21b0a8d5fded1,0,166041.66666666666,120.0,11,8,0,0,0,0,0,0,0,0,0,0,0,0,0,0,0,0,0,0,0,0,0,0,0,0,0,0,0,0,0,0,0,0,1,0,0,0,0,0,0,0,0,0,0,1,0,0,0,0
orjson_3_10_6,483f9b71a8e1076e37e43daca0c21b0a8d5fded1,0,167041.66666666666,120.0,11,8,0,0,0,0,0,0,0,0,0,0,0,0,0,0,0,0,0,0,0,0,0,0,0,0,0,0,0,0,0,0,0,0,1,0,0,0,0,0,0,0,0,0,0,1,0,0,0,0
orjson_3_10_1,637ebbb53f79c6a478091e2cfed645e4a59b1415,0,1204569.3333333333,840.0,10,6,1,0,0,1,1,93,50,43,22,0,21,5,10,6,82,0,0,0,0,0,0,0,0,0,0,0,0,0,0,0,0,0,0,1,0,0,0,0,0,0,0,0,0,1,0,1,0,175
orjson_3_10_2,637ebbb53f79c6a478091e2cfed645e4a59b1415,0,1204916.7142857143,840.0,10,6,1,0,0,1,1,93,50,43,22,0,21,5,10,6,82,0,0,0,0,0,0,0,0,0,0,0,0,0,0,0,0,0,0,1,0,0,0,0,0,0,0,0,0,1,0,1,0,175
orjson_3_10_3,637ebbb53f79c6a478091e2cfed645e4a59b1415,0,1169986.0,840.0,10,6,1,0,0,1,1,93,50,43,22,0,21,5,10,6,82,0,0,0,0,0,0,0,0,0,0,0,0,0,0,0,0,0,0,1,0,0,0,0,0,0,0,0,0,1,0,1,0,175
orjson_3_10_4,637ebbb53f79c6a478091e2cfed645e4a59b1415,0,1179222.0,840.0,10,6,1,0,0,1,1,93,50,43,22,0,21,5,10,6,82,0,0,0,0,0,0,0,0,0,0,0,0,0,0,0,0,0,0,1,0,0,0,0,0,0,0,0,0,1,0,1,0,175
orjson_3_10_5,637ebbb53f79c6a478091e2cfed645e4a59b1415,0,1179041.6666666667,840.0,10,6,1,0,0,1,1,93,50,43,22,0,21,5,10,6,82,0,0,0,0,0,0,0,0,0,0,0,0,0,0,0,0,0,0,1,0,0,0,0,0,0,0,0,0,1,0,1,0,175
orjson_3_10_6,637ebbb53f79c6a478091e2cfed645e4a59b1415,0,1212972.3333333333,840.0,10,6,1,0,0,1,1,93,50,43,22,0,21,5,10,6,82,0,0,0,0,0,0,0,0,0,0,0,0,0,0,0,0,0,0,1,0,0,0,0,0,0,0,0,0,1,0,1,0,175
orjson_3_10_1,900e76465ff0730df8c5aeed16b0fc21dcda8b1b,0,189375.33333333334,120.0,4,0,1,0,0,1,0,0,0,0,0,0,0,0,0,0,0,0,0,0,0,0,0,0,0,0,0,0,0,0,0,0,1,0,0,1,0,0,0,0,0,0,0,0,0,1,0,1,0,0
orjson_3_10_2,900e76465ff0730df8c5aeed16b0fc21dcda8b1b,0,179555.33333333334,120.0,4,0,1,0,0,1,0,0,0,0,0,0,0,0,0,0,0,0,0,0,0,0,0,0,0,0,0,0,0,0,0,0,1,0,0,1,0,0,0,0,0,0,0,0,0,1,0,1,0,0
orjson_3_10_3,900e76465ff0730df8c5aeed16b0fc21dcda8b1b,0,184445.0,120.0,4,0,1,0,0,1,0,0,0,0,0,0,0,0,0,0,0,0,0,0,0,0,0,0,0,0,0,0,0,0,0,0,1,0,0,1,0,0,0,0,0,0,0,0,0,1,0,1,0,0
orjson_3_10_4,900e76465ff0730df8c5aeed16b0fc21dcda8b1b,0,182472.66666666666,120.0,4,0,1,0,0,1,0,0,0,0,0,0,0,0,0,0,0,0,0,0,0,0,0,0,0,0,0,0,0,0,0,0,1,0,0,1,0,0,0,0,0,0,0,0,0,1,0,1,0,0
orjson_3_10_5,900e76465ff0730df8c5aeed16b0fc21dcda8b1b,0,182874.66666666666,120.0,4,0,1,0,0,1,0,0,0,0,0,0,0,0,0,0,0,0,0,0,0,0,0,0,0,0,0,0,0,0,0,0,1,0,0,1,0,0,0,0,0,0,0,0,0,1,0,1,0,0
orjson_3_10_6,900e76465ff0730df8c5aeed16b0fc21dcda8b1b,0,184291.5,120.0,4,0,1,0,0,1,0,0,0,0,0,0,0,0,0,0,0,0,0,0,0,0,0,0,0,0,0,0,0,0,0,0,1,0,0,1,0,0,0,0,0,0,0,0,0,1,0,1,0,0
orjson_3_10_1,fbc292c372b7866478b4f1c90bc95cd572306481,0,240698.0,120.0,11,5,1,1,1,2,0,0,0,0,0,0,0,0,0,0,0,0,1,1,0,0,0,0,0,0,0,1,1,0,0,0,0,1,0,1,0,0,0,0,0,0,0,0,0,1,0,1,1,0
orjson_3_10_2,fbc292c372b7866478b4f1c90bc95cd572306481,0,241946.42857142858,120.0,11,5,1,1,1,2,0,0,0,0,0,0,0,0,0,0,0,0,1,1,0,0,0,0,0,0,0,1,1,0,0,0,0,1,0,1,0,0,0,0,0,0,0,0,0,1,0,1,1,0
orjson_3_10_3,fbc292c372b7866478b4f1c90bc95cd572306481,0,235833.33333333334,120.0,11,5,1,1,1,2,0,0,0,0,0,0,0,0,0,0,0,0,1,1,0,0,0,0,0,0,0,1,1,0,0,0,0,1,0,1,0,0,0,0,0,0,0,0,0,1,0,1,1,0
orjson_3_10_4,fbc292c372b7866478b4f1c90bc95cd572306481,0,236042.0,120.0,11,5,1,1,1,2,0,0,0,0,0,0,0,0,0,0,0,0,1,1,0,0,0,0,0,0,0,1,1,0,0,0,0,1,0,1,0,0,0,0,0,0,0,0,0,1,0,1,1,0
orjson_3_10_5,fbc292c372b7866478b4f1c90bc95cd572306481,0,237208.33333333334,120.0,11,5,1,1,1,2,0,0,0,0,0,0,0,0,0,0,0,0,1,1,0,0,0,0,0,0,0,1,1,0,0,0,0,1,0,1,0,0,0,0,0,0,0,0,0,1,0,1,1,0
orjson_3_10_6,fbc292c372b7866478b4f1c90bc95cd572306481,0,242687.5,120.0,11,5,1,1,1,2,0,0,0,0,0,0,0,0,0,0,0,0,1,1,0,0,0,0,0,0,0,1,1,0,0,0,0,1,0,1,0,0,0,0,0,0,0,0,0,1,0,1,1,0
orjson_3_10_1,466b3b4584d317ff2c7e8494b8518438bcc31dc1,0,279927.0,150.0,9,3,1,1,1,2,1,1,0,1,0,0,1,0,0,1,1,1,0,0,0,0,0,0,0,0,0,0,0,0,0,0,0,0,0,1,0,0,0,0,0,0,0,0,0,1,0,1,0,2
orjson_3_10_2,466b3b4584d317ff2c7e8494b8518438bcc31dc1,0,275777.6666666667,150.0,9,3,1,1,1,2,1,1,0,1,0,0,1,0,0,1,1,1,0,0,0,0,0,0,0,0,0,0,0,0,0,0,0,0,0,1,0,0,0,0,0,0,0,0,0,1,0,1,0,2
orjson_3_10_3,466b3b4584d317ff2c7e8494b8518438bcc31dc1,0,272260.5,150.0,9,3,1,1,1,2,1,1,0,1,0,0,1,0,0,1,1,1,0,0,0,0,0,0,0,0,0,0,0,0,0,0,0,0,0,1,0,0,0,0,0,0,0,0,0,1,0,1,0,2
orjson_3_10_4,466b3b4584d317ff2c7e8494b8518438bcc31dc1,0,273930.6666666667,150.0,9,3,1,1,1,2,1,1,0,1,0,0,1,0,0,1,1,1,0,0,0,0,0,0,0,0,0,0,0,0,0,0,0,0,0,1,0,0,0,0,0,0,0,0,0,1,0,1,0,2
orjson_3_10_5,466b3b4584d317ff2c7e8494b8518438bcc31dc1,0,275111.0,150.0,9,3,1,1,1,2,1,1,0,1,0,0,1,0,0,1,1,1,0,0,0,0,0,0,0,0,0,0,0,0,0,0,0,0,0,1,0,0,0,0,0,0,0,0,0,1,0,1,0,2
orjson_3_10_6,466b3b4584d317ff2c7e8494b8518438bcc31dc1,0,271389.0,150.0,9,3,1,1,1,2,1,1,0,1,0,0,1,0,0,1,1,1,0,0,0,0,0,0,0,0,0,0,0,0,0,0,0,0,0,1,0,0,0,0,0,0,0,0,0,1,0,1,0,2
orjson_3_10_1,4dea6f32237cb59afdc270ff05be44d4fde59ef1,0,8685513.666666666,3812.0,174,93,3,3,18,22,18,418,206,212,111,16,101,28,32,41,400,6,2,1,2,3,2,1,2,0,0,1,3,1,0,0,4,1,4,3,1,15,1,3,5,5,3,8,0,3,16,3,3,818
orjson_3_10_2,4dea6f32237cb59afdc270ff05be44d4fde59ef1,0,8705750.0,3812.0,174,93,3,3,18,22,18,418,206,212,111,16,101,28,32,41,400,6,2,1,2,3,2,1,2,0,0,1,3,1,0,0,4,1,4,3,1,15,1,3,5,5,3,8,0,3,16,3,3,818
orjson_3_10_3,4dea6f32237cb59afdc270ff05be44d4fde59ef1,0,8687486.333333334,3812.0,174,93,3,3,18,22,18,418,206,212,111,16,101,28,32,41,400,6,2,1,2,3,2,1,2,0,0,1,3,1,0,0,4,1,4,3,1,15,1,3,5,5,3,8,0,3,16,3,3,818
orjson_3_10_4,4dea6f32237cb59afdc270ff05be44d4fde59ef1,0,8544597.0,3812.0,174,93,3,3,18,22,18,418,206,212,111,16,101,28,32,41,400,6,2,1,2,3,2,1,2,0,0,1,3,1,0,0,4,1,4,3,1,15,1,3,5,5,3,8,0,3,16,3,3,818
orjson_3_10_5,4dea6f32237cb59afdc270ff05be44d4fde59ef1,0,8485208.333333334,3812.0,174,93,3,3,18,22,18,418,206,212,111,16,101,28,32,41,400,6,2,1,2,3,2,1,2,0,0,1,3,1,0,0,4,1,4,3,1,15,1,3,5,5,3,8,0,3,16,3,3,818
orjson_3_10_6,4dea6f32237cb59afdc270ff05be44d4fde59ef1,0,8629736.0,3812.0,174,93,3,3,18,22,18,418,206,212,111,16,101,28,32,41,400,6,2,1,2,3,2,1,2,0,0,1,3,1,0,0,4,1,4,3,1,15,1,3,5,5,3,8,0,3,16,3,3,818
orjson_3_10_1,0bd91b24b73abfee0c15177919f3b4ddbf6eaabe,0,293055.6666666667,136.0,23,13,1,3,3,4,0,0,0,0,0,0,0,0,0,0,0,0,0,0,0,1,0,0,0,2,1,0,1,1,0,1,2,1,0,1,0,0,0,0,0,0,0,0,0,1,0,1,1,0
orjson_3_10_2,0bd91b24b73abfee0c15177919f3b4ddbf6eaabe,0,289617.0,136.0,23,13,1,3,3,4,0,0,0,0,0,0,0,0,0,0,0,0,0,0,0,1,0,0,0,2,1,0,1,1,0,1,2,1,0,1,0,0,0,0,0,0,0,0,0,1,0,1,1,0
orjson_3_10_3,0bd91b24b73abfee0c15177919f3b4ddbf6eaabe,0,282114.5,136.0,23,13,1,3,3,4,0,0,0,0,0,0,0,0,0,0,0,0,0,0,0,1,0,0,0,2,1,0,1,1,0,1,2,1,0,1,0,0,0,0,0,0,0,0,0,1,0,1,1,0
orjson_3_10_4,0bd91b24b73abfee0c15177919f3b4ddbf6eaabe,0,286597.0,136.0,23,13,1,3,3,4,0,0,0,0,0,0,0,0,0,0,0,0,0,0,0,1,0,0,0,2,1,0,1,1,0,1,2,1,0,1,0,0,0,0,0,0,0,0,0,1,0,1,1,0
orjson_3_10_5,0bd91b24b73abfee0c15177919f3b4ddbf6eaabe,0,281264.0,136.0,23,13,1,3,3,4,0,0,0,0,0,0,0,0,0,0,0,0,0,0,0,1,0,0,0,2,1,0,1,1,0,1,2,1,0,1,0,0,0,0,0,0,0,0,0,1,0,1,1,0
orjson_3_10_6,0bd91b24b73abfee0c15177919f3b4ddbf6eaabe,0,285291.6666666667,136.0,23,13,1,3,3,4,0,0,0,0,0,0,0,0,0,0,0,0,0,0,0,1,0,0,0,2,1,0,1,1,0,1,2,1,0,1,0,0,0,0,0,0,0,0,0,1,0,1,1,0
orjson_3_10_1,db8dac2550f24d3123b7c9ea258d09a1238f37d6,0,1473305.3333333333,964.0,24,15,1,2,2,3,1,106,53,53,20,0,33,16,9,8,96,0,0,0,0,0,0,0,0,0,0,0,0,0,0,0,1,0,1,1,0,0,0,0,0,0,0,0,0,2,0,1,0,202
orjson_3_10_2,db8dac2550f24d3123b7c9ea258d09a1238f37d6,0,1510277.6666666667,964.0,24,15,1,2,2,3,1,106,53,53,20,0,33,16,9,8,96,0,0,0,0,0,0,0,0,0,0,0,0,0,0,0,1,0,1,1,0,0,0,0,0,0,0,0,0,2,0,1,0,202
orjson_3_10_3,db8dac2550f24d3123b7c9ea258d09a1238f37d6,0,1480625.0,964.0,24,15,1,2,2,3,1,106,53,53,20,0,33,16,9,8,96,0,0,0,0,0,0,0,0,0,0,0,0,0,0,0,1,0,1,1,0,0,0,0,0,0,0,0,0,2,0,1,0,202
orjson_3_10_4,db8dac2550f24d3123b7c9ea258d09a1238f37d6,0,1508875.0,964.0,24,15,1,2,2,3,1,106,53,53,20,0,33,16,9,8,96,0,0,0,0,0,0,0,0,0,0,0,0,0,0,0,1,0,1,1,0,0,0,0,0,0,0,0,0,2,0,1,0,202
orjson_3_10_5,db8dac2550f24d3123b7c9ea258d09a1238f37d6,0,1488469.0,964.0,24,15,1,2,2,3,1,106,53,53,20,0,33,16,9,8,96,0,0,0,0,0,0,0,0,0,0,0,0,0,0,0,1,0,1,1,0,0,0,0,0,0,0,0,0,2,0,1,0,202
orjson_3_10_6,db8dac2550f24d3123b7c9ea258d09a1238f37d6,0,1534791.6666666667,964.0,24,15,1,2,2,3,1,106,53,53,20,0,33,16,9,8,96,0,0,0,0,0,0,0,0,0,0,0,0,0,0,0,1,0,1,1,0,0,0,0,0,0,0,0,0,2,0,1,0,202
orjson_3_10_1,6247f760ae5c43e9dde73f1398eddafb71546909,0,378510.5,174.0,23,13,1,3,3,4,1,5,2,3,2,0,1,1,0,0,1,1,0,0,0,1,0,0,1,0,0,0,1,1,0,0,1,0,0,1,0,0,0,0,0,0,0,0,0,1,0,1,1,6
orjson_3_10_2,6247f760ae5c43e9dde73f1398eddafb71546909,0,367403.3333333333,174.0,23,13,1,3,3,4,1,5,2,3,2,0,1,1,0,0,1,1,0,0,0,1,0,0,1,0,0,0,1,1,0,0,1,0,0,1,0,0,0,0,0,0,0,0,0,1,0,1,1,6
orjson_3_10_3,6247f760ae5c43e9dde73f1398eddafb71546909,0,364458.25,174.0,23,13,1,3,3,4,1,5,2,3,2,0,1,1,0,0,1,1,0,0,0,1,0,0,1,0,0,0,1,1,0,0,1,0,0,1,0,0,0,0,0,0,0,0,0,1,0,1,1,6
orjson_3_10_4,6247f760ae5c43e9dde73f1398eddafb71546909,0,376153.0,174.0,23,13,1,3,3,4,1,5,2,3,2,0,1,1,0,0,1,1,0,0,0,1,0,0,1,0,0,0,1,1,0,0,1,0,0,1,0,0,0,0,0,0,0,0,0,1,0,1,1,6
orjson_3_10_5,6247f760ae5c43e9dde73f1398eddafb71546909,0,373833.5,174.0,23,13,1,3,3,4,1,5,2,3,2,0,1,1,0,0,1,1,0,0,0,1,0,0,1,0,0,0,1,1,0,0,1,0,0,1,0,0,0,0,0,0,0,0,0,1,0,1,1,6
orjson_3_10_6,6247f760ae5c43e9dde73f1398eddafb71546909,0,368736.3333333333,174.0,23,13,1,3,3,4,1,5,2,3,2,0,1,1,0,0,1,1,0,0,0,1,0,0,1,0,0,0,1,1,0,0,1,0,0,1,0,0,0,0,0,0,0,0,0,1,0,1,1,6
orjson_3_10_1,2b2dee93742898f89ce6a2eaa8e50cb9cb7a678b,0,9465430.0,3381.0,312,124,11,55,64,78,14,357,191,166,83,14,83,22,22,39,326,19,2,1,2,3,5,1,3,0,0,1,5,3,1,0,11,22,9,11,3,9,3,7,5,5,7,2,0,15,12,11,5,683
orjson_3_10_2,2b2dee93742898f89ce6a2eaa8e50cb9cb7a678b,0,9576777.666666666,3381.0,312,124,11,55,64,78,14,357,191,166,83,14,83,22,22,39,326,19,2,1,2,3,5,1,3,0,0,1,5,3,1,0,11,22,9,11,3,9,3,7,5,5,7,2,0,15,12,11,5,683
orjson_3_10_3,2b2dee93742898f89ce6a2eaa8e50cb9cb7a678b,0,9545680.333333334,3381.0,312,124,11,55,64,78,14,357,191,166,83,14,83,22,22,39,326,19,2,1,2,3,5,1,3,0,0,1,5,3,1,0,11,22,9,11,3,9,3,7,5,5,7,2,0,15,12,11,5,683
orjson_3_10_4,2b2dee93742898f89ce6a2eaa8e50cb9cb7a678b,0,9473250.0,3381.0,312,124,11,55,64,78,14,357,191,166,83,14,83,22,22,39,326,19,2,1,2,3,5,1,3,0,0,1,5,3,1,0,11,22,9,11,3,9,3,7,5,5,7,2,0,15,12,11,5,683
orjson_3_10_5,2b2dee93742898f89ce6a2eaa8e50cb9cb7a678b,0,9559444.333333334,3381.0,312,124,11,55,64,78,14,357,191,166,83,14,83,22,22,39,326,19,2,1,2,3,5,1,3,0,0,1,5,3,1,0,11,22,9,11,3,9,3,7,5,5,7,2,0,15,12,11,5,683
orjson_3_10_6,2b2dee93742898f89ce6a2eaa8e50cb9cb7a678b,0,9552055.333333334,3381.0,312,124,11,55,64,78,14,357,191,166,83,14,83,22,22,39,326,19,2,1,2,3,5,1,3,0,0,1,5,3,1,0,11,22,9,11,3,9,3,7,5,5,7,2,0,15,12,11,5,683
orjson_3_10_1,0d251aff9ee88ff31f491c2a2b18f3e51086efca,0,10500472.0,4474.0,207,91,3,15,30,37,24,453,216,237,125,14,112,30,47,35,420,7,2,2,1,1,1,0,0,10,2,2,4,2,0,2,8,5,6,3,4,15,4,5,2,2,5,7,0,7,19,3,4,873
orjson_3_10_2,0d251aff9ee88ff31f491c2a2b18f3e51086efca,0,10525083.25,4474.0,207,91,3,15,30,37,24,453,216,237,125,14,112,30,47,35,420,7,2,2,1,1,1,0,0,10,2,2,4,2,0,2,8,5,6,3,4,15,4,5,2,2,5,7,0,7,19,3,4,873
orjson_3_10_3,0d251aff9ee88ff31f491c2a2b18f3e51086efca,0,10590906.5,4474.0,207,91,3,15,30,37,24,453,216,237,125,14,112,30,47,35,420,7,2,2,1,1,1,0,0,10,2,2,4,2,0,2,8,5,6,3,4,15,4,5,2,2,5,7,0,7,19,3,4,873
orjson_3_10_4,0d251aff9ee88ff31f491c2a2b18f3e51086efca,0,10329013.666666666,4474.0,207,91,3,15,30,37,24,453,216,237,125,14,112,30,47,35,420,7,2,2,1,1,1,0,0,10,2,2,4,2,0,2,8,5,6,3,4,15,4,5,2,2,5,7,0,7,19,3,4,873
orjson_3_10_5,0d251aff9ee88ff31f491c2a2b18f3e51086efca,0,10376194.333333334,4474.0,207,91,3,15,30,37,24,453,216,237,125,14,112,30,47,35,420,7,2,2,1,1,1,0,0,10,2,2,4,2,0,2,8,5,6,3,4,15,4,5,2,2,5,7,0,7,19,3,4,873
orjson_3_10_6,0d251aff9ee88ff31f491c2a2b18f3e51086efca,0,10460833.333333334,4474.0,207,91,3,15,30,37,24,453,216,237,125,14,112,30,47,35,420,7,2,2,1,1,1,0,0,10,2,2,4,2,0,2,8,5,6,3,4,15,4,5,2,2,5,7,0,7,19,3,4,873
orjson_3_10_1,6fb17e03b301059c3624a31fbd4b576f94b039a1,0,9863916.666666666,4648.0,151,72,2,12,19,25,14,429,237,192,91,5,101,35,33,33,519,2,1,0,1,1,1,1,1,0,0,0,2,1,1,0,2,6,9,2,4,7,4,1,3,3,1,1,0,7,11,2,2,948
orjson_3_10_2,6fb17e03b301059c3624a31fbd4b576f94b039a1,0,9881458.0,4648.0,151,72,2,12,19,25,14,429,237,192,91,5,101,35,33,33,519,2,1,0,1,1,1,1,1,0,0,0,2,1,1,0,2,6,9,2,4,7,4,1,3,3,1,1,0,7,11,2,2,948
orjson_3_10_3,6fb17e03b301059c3624a31fbd4b576f94b039a1,0,9858597.333333334,4648.0,151,72,2,12,19,25,14,429,237,192,91,5,101,35,33,33,519,2,1,0,1,1,1,1,1,0,0,0,2,1,1,0,2,6,9,2,4,7,4,1,3,3,1,1,0,7,11,2,2,948
orjson_3_10_4,6fb17e03b301059c3624a31fbd4b576f94b039a1,0,9825180.666666666,4648.0,151,72,2,12,19,25,14,429,237,192,91,5,101,35,33,33,519,2,1,0,1,1,1,1,1,0,0,0,2,1,1,0,2,6,9,2,4,7,4,1,3,3,1,1,0,7,11,2,2,948
orjson_3_10_5,6fb17e03b301059c3624a31fbd4b576f94b039a1,0,9766666.666666666,4648.0,151,72,2,12,19,25,14,429,237,192,91,5,101,35,33,33,519,2,1,0,1,1,1,1,1,0,0,0,2,1,1,0,2,6,9,2,4,7,4,1,3,3,1,1,0,7,11,2,2,948
orjson_3_10_6,6fb17e03b301059c3624a31fbd4b576f94b039a1,0,9961819.333333334,4648.0,151,72,2,12,19,25,14,429,237,192,91,5,101,35,33,33,519,2,1,0,1,1,1,1,1,0,0,0,2,1,1,0,2,6,9,2,4,7,4,1,3,3,1,1,0,7,11,2,2,948
orjson_3_10_1,8a38947d593f07db4cad7ffecb04ec21373faa85,0,8579347.333333334,3798.0,347,135,8,90,91,100,16,271,133,138,75,8,63,17,28,18,315,21,10,6,7,7,11,4,3,35,6,6,16,6,1,5,20,15,7,8,1,1,1,2,4,4,2,2,0,9,2,8,16,586
orjson_3_10_2,8a38947d593f07db4cad7ffecb04ec21373faa85,0,8544000.333333334,3798.0,347,135,8,90,91,100,16,271,133,138,75,8,63,17,28,18,315,21,10,6,7,7,11,4,3,35,6,6,16,6,1,5,20,15,7,8,1,1,1,2,4,4,2,2,0,9,2,8,16,586
orjson_3_10_3,8a38947d593f07db4cad7ffecb04ec21373faa85,0,8492791.333333334,3798.0,347,135,8,90,91,100,16,271,133,138,75,8,63,17,28,18,315,21,10,6,7,7,11,4,3,35,6,6,16,6,1,5,20,15,7,8,1,1,1,2,4,4,2,2,0,9,2,8,16,586
orjson_3_10_4,8a38947d593f07db4cad7ffecb04ec21373faa85,0,8453583.333333334,3798.0,347,135,8,90,91,100,16,271,133,138,75,8,63,17,28,18,315,21,10,6,7,7,11,4,3,35,6,6,16,6,1,5,20,15,7,8,1,1,1,2,4,4,2,2,0,9,2,8,16,586
orjson_3_10_5,8a38947d593f07db4cad7ffecb04ec21373faa85,0,8533527.666666666,3798.0,347,135,8,90,91,100,16,271,133,138,75,8,63,17,28,18,315,21,10,6,7,7,11,4,3,35,6,6,16,6,1,5,20,15,7,8,1,1,1,2,4,4,2,2,0,9,2,8,16,586
orjson_3_10_6,8a38947d593f07db4cad7ffecb04ec21373faa85,0,8530180.666666666,3798.0,347,135,8,90,91,100,16,271,133,138,75,8,63,17,28,18,315,21,10,6,7,7,11,4,3,35,6,6,16,6,1,5,20,15,7,8,1,1,1,2,4,4,2,2,0,9,2,8,16,586
orjson_3_10_1,cc45f211f2168591d2604c475580c008018e3d23,0,8500888.666666666,4196.0,188,49,4,44,52,58,11,407,229,178,87,14,91,27,37,27,389,15,1,1,1,3,1,0,0,3,2,1,3,2,0,2,15,18,3,4,2,8,2,7,5,5,7,2,0,7,10,4,3,796
orjson_3_10_2,cc45f211f2168591d2604c475580c008018e3d23,0,8672417.0,4196.0,188,49,4,44,52,58,11,407,229,178,87,14,91,27,37,27,389,15,1,1,1,3,1,0,0,3,2,1,3,2,0,2,15,18,3,4,2,8,2,7,5,5,7,2,0,7,10,4,3,796
orjson_3_10_3,cc45f211f2168591d2604c475580c008018e3d23,0,8604041.333333334,4196.0,188,49,4,44,52,58,11,407,229,178,87,14,91,27,37,27,389,15,1,1,1,3,1,0,0,3,2,1,3,2,0,2,15,18,3,4,2,8,2,7,5,5,7,2,0,7,10,4,3,796
orjson_3_10_4,cc45f211f2168591d2604c475580c008018e3d23,0,8598569.333333334,4196.0,188,49,4,44,52,58,11,407,229,178,87,14,91,27,37,27,389,15,1,1,1,3,1,0,0,3,2,1,3,2,0,2,15,18,3,4,2,8,2,7,5,5,7,2,0,7,10,4,3,796
orjson_3_10_5,cc45f211f2168591d2604c475580c008018e3d23,0,8530639.0,4196.0,188,49,4,44,52,58,11,407,229,178,87,14,91,27,37,27,389,15,1,1,1,3,1,0,0,3,2,1,3,2,0,2,15,18,3,4,2,8,2,7,5,5,7,2,0,7,10,4,3,796
orjson_3_10_6,cc45f211f2168591d2604c475580c008018e3d23,0,8672041.666666666,4196.0,188,49,4,44,52,58,11,407,229,178,87,14,91,27,37,27,389,15,1,1,1,3,1,0,0,3,2,1,3,2,0,2,15,18,3,4,2,8,2,7,5,5,7,2,0,7,10,4,3,796
orjson_3_10_1,24560d2750beb4612149fb7bc790ae3b979a057a,0,8683764.333333334,4094.0,230,85,5,55,59,65,12,371,190,181,90,9,91,30,33,28,365,15,3,1,2,3,2,2,2,16,2,1,8,5,3,2,10,17,4,5,1,4,1,5,1,1,5,3,0,7,5,5,8,736
orjson_3_10_2,24560d2750beb4612149fb7bc790ae3b979a057a,0,8756180.666666666,4094.0,230,85,5,55,59,65,12,371,190,181,90,9,91,30,33,28,365,15,3,1,2,3,2,2,2,16,2,1,8,5,3,2,10,17,4,5,1,4,1,5,1,1,5,3,0,7,5,5,8,736
orjson_3_10_3,24560d2750beb4612149fb7bc790ae3b979a057a,0,8785694.666666666,4094.0,230,85,5,55,59,65,12,371,190,181,90,9,91,30,33,28,365,15,3,1,2,3,2,2,2,16,2,1,8,5,3,2,10,17,4,5,1,4,1,5,1,1,5,3,0,7,5,5,8,736
orjson_3_10_4,24560d2750beb4612149fb7bc790ae3b979a057a,0,8577111.0,4094.0,230,85,5,55,59,65,12,371,190,181,90,9,91,30,33,28,365,15,3,1,2,3,2,2,2,16,2,1,8,5,3,2,10,17,4,5,1,4,1,5,1,1,5,3,0,7,5,5,8,736
orjson_3_10_5,24560d2750beb4612149fb7bc790ae3b979a057a,0,8557194.333333334,4094.0,230,85,5,55,59,65,12,371,190,181,90,9,91,30,33,28,365,15,3,1,2,3,2,2,2,16,2,1,8,5,3,2,10,17,4,5,1,4,1,5,1,1,5,3,0,7,5,5,8,736
orjson_3_10_6,24560d2750beb4612149fb7bc790ae3b979a057a,0,8867281.0,4094.0,230,85,5,55,59,65,12,371,190,181,90,9,91,30,33,28,365,15,3,1,2,3,2,2,2,16,2,1,8,5,3,2,10,17,4,5,1,4,1,5,1,1,5,3,0,7,5,5,8,736
orjson_3_10_1,5ffe533b830f08a0326348a9160afafc8ada44db,0,106527.66666666667,120.0,4,2,0,0,0,0,0,0,0,0,0,0,0,0,0,0,0,0,0,0,0,0,0,0,0,0,0,0,0,0,0,0,0,1,0,0,0,0,0,0,0,0,0,0,1,0,0,0,0,0
orjson_3_10_2,5ffe533b830f08a0326348a9160afafc8ada44db,0,108270.75,120.0,4,2,0,0,0,0,0,0,0,0,0,0,0,0,0,0,0,0,0,0,0,0,0,0,0,0,0,0,0,0,0,0,0,1,0,0,0,0,0,0,0,0,0,0,1,0,0,0,0,0
orjson_3_10_3,5ffe533b830f08a0326348a9160afafc8ada44db,0,108611.33333333333,120.0,4,2,0,0,0,0,0,0,0,0,0,0,0,0,0,0,0,0,0,0,0,0,0,0,0,0,0,0,0,0,0,0,0,1,0,0,0,0,0,0,0,0,0,0,1,0,0,0,0,0
orjson_3_10_4,5ffe533b830f08a0326348a9160afafc8ada44db,0,109153.0,120.0,4,2,0,0,0,0,0,0,0,0,0,0,0,0,0,0,0,0,0,0,0,0,0,0,0,0,0,0,0,0,0,0,0,1,0,0,0,0,0,0,0,0,0,0,1,0,0,0,0,0
orjson_3_10_5,5ffe533b830f08a0326348a9160afafc8ada44db,0,108527.66666666667,120.0,4,2,0,0,0,0,0,0,0,0,0,0,0,0,0,0,0,0,0,0,0,0,0,0,0,0,0,0,0,0,0,0,0,1,0,0,0,0,0,0,0,0,0,0,1,0,0,0,0,0
orjson_3_10_6,5ffe533b830f08a0326348a9160afafc8ada44db,0,109187.25,120.0,4,2,0,0,0,0,0,0,0,0,0,0,0,0,0,0,0,0,0,0,0,0,0,0,0,0,0,0,0,0,0,0,0,1,0,0,0,0,0,0,0,0,0,0,1,0,0,0,0,0
orjson_3_10_1,dd29ecf524b030a65261e3059c48ab9e1ecb2585,0,113055.66666666667,120.0,6,4,0,0,0,0,1,0,0,0,0,0,0,0,0,0,0,0,0,0,0,0,0,0,0,0,0,0,0,0,0,0,0,0,0,0,0,0,0,0,0,0,0,0,1,0,0,0,0,0
orjson_3_10_2,dd29ecf524b030a65261e3059c48ab9e1ecb2585,0,111861.0,120.0,6,4,0,0,0,0,1,0,0,0,0,0,0,0,0,0,0,0,0,0,0,0,0,0,0,0,0,0,0,0,0,0,0,0,0,0,0,0,0,0,0,0,0,0,1,0,0,0,0,0
orjson_3_10_3,dd29ecf524b030a65261e3059c48ab9e1ecb2585,0,114466.4,120.0,6,4,0,0,0,0,1,0,0,0,0,0,0,0,0,0,0,0,0,0,0,0,0,0,0,0,0,0,0,0,0,0,0,0,0,0,0,0,0,0,0,0,0,0,1,0,0,0,0,0
orjson_3_10_4,dd29ecf524b030a65261e3059c48ab9e1ecb2585,0,114428.57142857143,120.0,6,4,0,0,0,0,1,0,0,0,0,0,0,0,0,0,0,0,0,0,0,0,0,0,0,0,0,0,0,0,0,0,0,0,0,0,0,0,0,0,0,0,0,0,1,0,0,0,0,0
orjson_3_10_5,dd29ecf524b030a65261e3059c48ab9e1ecb2585,0,113569.66666666667,120.0,6,4,0,0,0,0,1,0,0,0,0,0,0,0,0,0,0,0,0,0,0,0,0,0,0,0,0,0,0,0,0,0,0,0,0,0,0,0,0,0,0,0,0,0,1,0,0,0,0,0
orjson_3_10_6,dd29ecf524b030a65261e3059c48ab9e1ecb2585,0,114305.66666666667,120.0,6,4,0,0,0,0,1,0,0,0,0,0,0,0,0,0,0,0,0,0,0,0,0,0,0,0,0,0,0,0,0,0,0,0,0,0,0,0,0,0,0,0,0,0,1,0,0,0,0,0
orjson_3_10_1,2be88ca4242c76e8253ac62474851065032d6833,0,100235.66666666667,120.0,4,2,0,0,0,0,0,0,0,0,0,0,0,0,0,0,0,1,0,0,0,0,0,0,0,0,0,0,0,0,0,0,0,0,0,0,0,0,0,0,0,0,0,0,1,0,0,0,0,0
orjson_3_10_2,2be88ca4242c76e8253ac62474851065032d6833,0,102387.6,120.0,4,2,0,0,0,0,0,0,0,0,0,0,0,0,0,0,0,1,0,0,0,0,0,0,0,0,0,0,0,0,0,0,0,0,0,0,0,0,0,0,0,0,0,0,1,0,0,0,0,0
orjson_3_10_3,2be88ca4242c76e8253ac62474851065032d6833,0,98278.0,120.0,4,2,0,0,0,0,0,0,0,0,0,0,0,0,0,0,0,1,0,0,0,0,0,0,0,0,0,0,0,0,0,0,0,0,0,0,0,0,0,0,0,0,0,0,1,0,0,0,0,0
orjson_3_10_4,2be88ca4242c76e8253ac62474851065032d6833,0,100750.0,120.0,4,2,0,0,0,0,0,0,0,0,0,0,0,0,0,0,0,1,0,0,0,0,0,0,0,0,0,0,0,0,0,0,0,0,0,0,0,0,0,0,0,0,0,0,1,0,0,0,0,0
orjson_3_10_5,2be88ca4242c76e8253ac62474851065032d6833,0,99531.25,120.0,4,2,0,0,0,0,0,0,0,0,0,0,0,0,0,0,0,1,0,0,0,0,0,0,0,0,0,0,0,0,0,0,0,0,0,0,0,0,0,0,0,0,0,0,1,0,0,0,0,0
orjson_3_10_6,2be88ca4242c76e8253ac62474851065032d6833,0,101569.66666666667,120.0,4,2,0,0,0,0,0,0,0,0,0,0,0,0,0,0,0,1,0,0,0,0,0,0,0,0,0,0,0,0,0,0,0,0,0,0,0,0,0,0,0,0,0,0,1,0,0,0,0,0
orjson_3_10_1,58c0c85dec5a900205e1e9cb4dd08f2304df4346,0,162489.5,140.0,3,1,0,0,0,0,1,1,0,1,0,0,1,0,1,0,1,0,0,0,0,0,0,0,0,0,0,0,0,0,0,0,0,0,0,0,0,0,0,0,0,0,0,0,1,0,0,0,0,2
orjson_3_10_2,58c0c85dec5a900205e1e9cb4dd08f2304df4346,0,157833.33333333334,140.0,3,1,0,0,0,0,1,1,0,1,0,0,1,0,1,0,1,0,0,0,0,0,0,0,0,0,0,0,0,0,0,0,0,0,0,0,0,0,0,0,0,0,0,0,1,0,0,0,0,2
orjson_3_10_3,58c0c85dec5a900205e1e9cb4dd08f2304df4346,0,163999.875,140.0,3,1,0,0,0,0,1,1,0,1,0,0,1,0,1,0,1,0,0,0,0,0,0,0,0,0,0,0,0,0,0,0,0,0,0,0,0,0,0,0,0,0,0,0,1,0,0,0,0,2
orjson_3_10_4,58c0c85dec5a900205e1e9cb4dd08f2304df4346,0,162875.0,140.0,3,1,0,0,0,0,1,1,0,1,0,0,1,0,1,0,1,0,0,0,0,0,0,0,0,0,0,0,0,0,0,0,0,0,0,0,0,0,0,0,0,0,0,0,1,0,0,0,0,2
orjson_3_10_5,58c0c85dec5a900205e1e9cb4dd08f2304df4346,0,162614.5,140.0,3,1,0,0,0,0,1,1,0,1,0,0,1,0,1,0,1,0,0,0,0,0,0,0,0,0,0,0,0,0,0,0,0,0,0,0,0,0,0,0,0,0,0,0,1,0,0,0,0,2
orjson_3_10_6,58c0c85dec5a900205e1e9cb4dd08f2304df4346,0,169157.55555555556,140.0,3,1,0,0,0,0,1,1,0,1,0,0,1,0,1,0,1,0,0,0,0,0,0,0,0,0,0,0,0,0,0,0,0,0,0,0,0,0,0,0,0,0,0,0,1,0,0,0,0,2
orjson_3_10_1,fe06c4c5c72fdd5e9f562cfec421cb44d832f8cf,0,165541.66666666666,134.0,3,1,0,0,0,0,1,1,0,1,1,1,0,0,0,0,1,0,0,0,0,0,0,0,0,0,0,0,0,0,0,0,0,0,0,0,0,0,0,0,0,0,0,1,1,0,0,0,0,2
orjson_3_10_2,fe06c4c5c72fdd5e9f562cfec421cb44d832f8cf,0,166374.75,134.0,3,1,0,0,0,0,1,1,0,1,1,1,0,0,0,0,1,0,0,0,0,0,0,0,0,0,0,0,0,0,0,0,0,0,0,0,0,0,0,0,0,0,0,1,1,0,0,0,0,2
orjson_3_10_3,fe06c4c5c72fdd5e9f562cfec421cb44d832f8cf,0,165694.33333333334,134.0,3,1,0,0,0,0,1,1,0,1,1,1,0,0,0,0,1,0,0,0,0,0,0,0,0,0,0,0,0,0,0,0,0,0,0,0,0,0,0,0,0,0,0,1,1,0,0,0,0,2
orjson_3_10_4,fe06c4c5c72fdd5e9f562cfec421cb44d832f8cf,0,165222.33333333334,134.0,3,1,0,0,0,0,1,1,0,1,1,1,0,0,0,0,1,0,0,0,0,0,0,0,0,0,0,0,0,0,0,0,0,0,0,0,0,0,0,0,0,0,0,1,1,0,0,0,0,2
orjson_3_10_5,fe06c4c5c72fdd5e9f562cfec421cb44d832f8cf,0,164440.7142857143,134.0,3,1,0,0,0,0,1,1,0,1,1,1,0,0,0,0,1,0,0,0,0,0,0,0,0,0,0,0,0,0,0,0,0,0,0,0,0,0,0,0,0,0,0,1,1,0,0,0,0,2
orjson_3_10_6,fe06c4c5c72fdd5e9f562cfec421cb44d832f8cf,0,162430.66666666666,134.0,3,1,0,0,0,0,1,1,0,1,1,1,0,0,0,0,1,0,0,0,0,0,0,0,0,0,0,0,0,0,0,0,0,0,0,0,0,0,0,0,0,0,0,1,1,0,0,0,0,2
orjson_3_10_1,9601b6e962d8d12bc12ad22cefc62763044c7ae7,0,160917.0,136.0,2,0,0,0,0,0,1,1,0,1,0,0,1,0,1,0,0,0,0,0,0,0,0,0,0,0,0,0,0,0,0,0,0,0,0,0,0,0,0,0,0,0,0,0,1,0,0,0,0,1
orjson_3_10_2,9601b6e962d8d12bc12ad22cefc62763044c7ae7,0,161500.0,136.0,2,0,0,0,0,0,1,1,0,1,0,0,1,0,1,0,0,0,0,0,0,0,0,0,0,0,0,0,0,0,0,0,0,0,0,0,0,0,0,0,0,0,0,0,1,0,0,0,0,1
orjson_3_10_3,9601b6e962d8d12bc12ad22cefc62763044c7ae7,0,160222.33333333334,136.0,2,0,0,0,0,0,1,1,0,1,0,0,1,0,1,0,0,0,0,0,0,0,0,0,0,0,0,0,0,0,0,0,0,0,0,0,0,0,0,0,0,0,0,0,1,0,0,0,0,1
orjson_3_10_4,9601b6e962d8d12bc12ad22cefc62763044c7ae7,0,163180.66666666666,136.0,2,0,0,0,0,0,1,1,0,1,0,0,1,0,1,0,0,0,0,0,0,0,0,0,0,0,0,0,0,0,0,0,0,0,0,0,0,0,0,0,0,0,0,0,1,0,0,0,0,1
orjson_3_10_5,9601b6e962d8d12bc12ad22cefc62763044c7ae7,0,160500.0,136.0,2,0,0,0,0,0,1,1,0,1,0,0,1,0,1,0,0,0,0,0,0,0,0,0,0,0,0,0,0,0,0,0,0,0,0,0,0,0,0,0,0,0,0,0,1,0,0,0,0,1
orjson_3_10_6,9601b6e962d8d12bc12ad22cefc62763044c7ae7,0,156597.0,136.0,2,0,0,0,0,0,1,1,0,1,0,0,1,0,1,0,0,0,0,0,0,0,0,0,0,0,0,0,0,0,0,0,0,0,0,0,0,0,0,0,0,0,0,0,1,0,0,0,0,1
orjson_3_10_1,3369e749fbd650095f02cc0a00ff3984f5ddec0b,0,147645.75,120.0,3,1,0,0,0,0,1,1,1,0,0,0,0,0,0,0,1,0,0,0,0,0,0,0,0,0,0,0,0,0,0,0,0,0,0,0,0,0,0,0,0,0,0,0,1,0,0,0,0,2
orjson_3_10_2,3369e749fbd650095f02cc0a00ff3984f5ddec0b,0,149319.33333333334,120.0,3,1,0,0,0,0,1,1,1,0,0,0,0,0,0,0,1,0,0,0,0,0,0,0,0,0,0,0,0,0,0,0,0,0,0,0,0,0,0,0,0,0,0,0,1,0,0,0,0,2
orjson_3_10_3,3369e749fbd650095f02cc0a00ff3984f5ddec0b,0,146533.4,120.0,3,1,0,0,0,0,1,1,1,0,0,0,0,0,0,0,1,0,0,0,0,0,0,0,0,0,0,0,0,0,0,0,0,0,0,0,0,0,0,0,0,0,0,0,1,0,0,0,0,2
orjson_3_10_4,3369e749fbd650095f02cc0a00ff3984f5ddec0b,0,149624.66666666666,120.0,3,1,0,0,0,0,1,1,1,0,0,0,0,0,0,0,1,0,0,0,0,0,0,0,0,0,0,0,0,0,0,0,0,0,0,0,0,0,0,0,0,0,0,0,1,0,0,0,0,2
orjson_3_10_5,3369e749fbd650095f02cc0a00ff3984f5ddec0b,0,147944.33333333334,120.0,3,1,0,0,0,0,1,1,1,0,0,0,0,0,0,0,1,0,0,0,0,0,0,0,0,0,0,0,0,0,0,0,0,0,0,0,0,0,0,0,0,0,0,0,1,0,0,0,0,2
orjson_3_10_6,3369e749fbd650095f02cc0a00ff3984f5ddec0b,0,150395.75,120.0,3,1,0,0,0,0,1,1,1,0,0,0,0,0,0,0,1,0,0,0,0,0,0,0,0,0,0,0,0,0,0,0,0,0,0,0,0,0,0,0,0,0,0,0,1,0,0,0,0,2
orjson_3_10_1,3dfa0479595c074b9364baa954a36c618a0378a3,0,159972.33333333334,120.0,3,1,0,0,0,0,1,2,2,0,0,0,0,0,0,0,2,0,0,0,0,0,0,0,0,0,0,0,0,0,0,0,0,0,0,0,0,0,0,0,0,0,0,0,1,0,0,0,0,4
orjson_3_10_2,3dfa0479595c074b9364baa954a36c618a0378a3,0,156900.2,120.0,3,1,0,0,0,0,1,2,2,0,0,0,0,0,0,0,2,0,0,0,0,0,0,0,0,0,0,0,0,0,0,0,0,0,0,0,0,0,0,0,0,0,0,0,1,0,0,0,0,4
orjson_3_10_3,3dfa0479595c074b9364baa954a36c618a0378a3,0,155041.5,120.0,3,1,0,0,0,0,1,2,2,0,0,0,0,0,0,0,2,0,0,0,0,0,0,0,0,0,0,0,0,0,0,0,0,0,0,0,0,0,0,0,0,0,0,0,1,0,0,0,0,4
orjson_3_10_4,3dfa0479595c074b9364baa954a36c618a0378a3,0,158264.0,120.0,3,1,0,0,0,0,1,2,2,0,0,0,0,0,0,0,2,0,0,0,0,0,0,0,0,0,0,0,0,0,0,0,0,0,0,0,0,0,0,0,0,0,0,0,1,0,0,0,0,4
orjson_3_10_5,3dfa0479595c074b9364baa954a36c618a0378a3,0,162395.66666666666,120.0,3,1,0,0,0,0,1,2,2,0,0,0,0,0,0,0,2,0,0,0,0,0,0,0,0,0,0,0,0,0,0,0,0,0,0,0,0,0,0,0,0,0,0,0,1,0,0,0,0,4
orjson_3_10_6,3dfa0479595c074b9364baa954a36c618a0378a3,0,158947.75,120.0,3,1,0,0,0,0,1,2,2,0,0,0,0,0,0,0,2,0,0,0,0,0,0,0,0,0,0,0,0,0,0,0,0,0,0,0,0,0,0,0,0,0,0,0,1,0,0,0,0,4
orjson_3_10_1,a126f265528d30adbb74be43cd6f0014008457ad,0,172458.66666666666,140.0,4,2,0,0,0,0,1,1,0,1,1,1,0,0,0,0,1,0,0,0,0,0,0,0,0,0,0,0,0,0,0,0,0,0,0,0,0,0,0,1,0,0,1,0,1,0,0,0,0,2
orjson_3_10_2,a126f265528d30adbb74be43cd6f0014008457ad,0,172426.75,140.0,4,2,0,0,0,0,1,1,0,1,1,1,0,0,0,0,1,0,0,0,0,0,0,0,0,0,0,0,0,0,0,0,0,0,0,0,0,0,0,1,0,0,1,0,1,0,0,0,0,2
orjson_3_10_3,a126f265528d30adbb74be43cd6f0014008457ad,0,173861.0,140.0,4,2,0,0,0,0,1,1,0,1,1,1,0,0,0,0,1,0,0,0,0,0,0,0,0,0,0,0,0,0,0,0,0,0,0,0,0,0,0,1,0,0,1,0,1,0,0,0,0,2
orjson_3_10_4,a126f265528d30adbb74be43cd6f0014008457ad,0,173153.0,140.0,4,2,0,0,0,0,1,1,0,1,1,1,0,0,0,0,1,0,0,0,0,0,0,0,0,0,0,0,0,0,0,0,0,0,0,0,0,0,0,1,0,0,1,0,1,0,0,0,0,2
orjson_3_10_5,a126f265528d30adbb74be43cd6f0014008457ad,0,176694.33333333334,140.0,4,2,0,0,0,0,1,1,0,1,1,1,0,0,0,0,1,0,0,0,0,0,0,0,0,0,0,0,0,0,0,0,0,0,0,0,0,0,0,1,0,0,1,0,1,0,0,0,0,2
orjson_3_10_6,a126f265528d30adbb74be43cd6f0014008457ad,0,167972.0,140.0,4,2,0,0,0,0,1,1,0,1,1,1,0,0,0,0,1,0,0,0,0,0,0,0,0,0,0,0,0,0,0,0,0,0,0,0,0,0,0,1,0,0,1,0,1,0,0,0,0,2
orjson_3_10_1,cf96a8aade8179c6b8df9f9d553bef0beb0492d7,0,211916.66666666666,164.0,4,2,0,0,0,0,1,5,1,4,1,0,3,1,1,1,3,0,0,0,0,0,0,0,0,0,0,0,0,0,0,0,0,0,0,0,0,0,0,0,0,0,0,0,1,0,0,0,0,8
orjson_3_10_2,cf96a8aade8179c6b8df9f9d553bef0beb0492d7,0,208069.66666666666,164.0,4,2,0,0,0,0,1,5,1,4,1,0,3,1,1,1,3,0,0,0,0,0,0,0,0,0,0,0,0,0,0,0,0,0,0,0,0,0,0,0,0,0,0,0,1,0,0,0,0,8
orjson_3_10_3,cf96a8aade8179c6b8df9f9d553bef0beb0492d7,0,209166.66666666666,164.0,4,2,0,0,0,0,1,5,1,4,1,0,3,1,1,1,3,0,0,0,0,0,0,0,0,0,0,0,0,0,0,0,0,0,0,0,0,0,0,0,0,0,0,0,1,0,0,0,0,8
orjson_3_10_4,cf96a8aade8179c6b8df9f9d553bef0beb0492d7,0,209427.25,164.0,4,2,0,0,0,0,1,5,1,4,1,0,3,1,1,1,3,0,0,0,0,0,0,0,0,0,0,0,0,0,0,0,0,0,0,0,0,0,0,0,0,0,0,0,1,0,0,0,0,8
orjson_3_10_5,cf96a8aade8179c6b8df9f9d553bef0beb0492d7,0,210375.0,164.0,4,2,0,0,0,0,1,5,1,4,1,0,3,1,1,1,3,0,0,0,0,0,0,0,0,0,0,0,0,0,0,0,0,0,0,0,0,0,0,0,0,0,0,0,1,0,0,0,0,8
orjson_3_10_6,cf96a8aade8179c6b8df9f9d553bef0beb0492d7,0,216406.25,164.0,4,2,0,0,0,0,1,5,1,4,1,0,3,1,1,1,3,0,0,0,0,0,0,0,0,0,0,0,0,0,0,0,0,0,0,0,0,0,0,0,0,0,0,0,1,0,0,0,0,8
orjson_3_10_1,9419efb8563451a2c5403ffd89d72e736e6ccc0e,0,159750.0,120.0,2,0,0,0,0,0,1,2,1,1,1,0,0,0,0,0,1,0,0,0,0,0,0,0,0,0,0,0,0,0,0,0,0,0,0,0,0,0,0,0,0,0,0,0,1,0,0,0,0,3
orjson_3_10_2,9419efb8563451a2c5403ffd89d72e736e6ccc0e,0,156944.33333333334,120.0,2,0,0,0,0,0,1,2,1,1,1,0,0,0,0,0,1,0,0,0,0,0,0,0,0,0,0,0,0,0,0,0,0,0,0,0,0,0,0,0,0,0,0,0,1,0,0,0,0,3
orjson_3_10_3,9419efb8563451a2c5403ffd89d72e736e6ccc0e,0,160572.75,120.0,2,0,0,0,0,0,1,2,1,1,1,0,0,0,0,0,1,0,0,0,0,0,0,0,0,0,0,0,0,0,0,0,0,0,0,0,0,0,0,0,0,0,0,0,1,0,0,0,0,3
orjson_3_10_4,9419efb8563451a2c5403ffd89d72e736e6ccc0e,0,154777.66666666666,120.0,2,0,0,0,0,0,1,2,1,1,1,0,0,0,0,0,1,0,0,0,0,0,0,0,0,0,0,0,0,0,0,0,0,0,0,0,0,0,0,0,0,0,0,0,1,0,0,0,0,3
orjson_3_10_5,9419efb8563451a2c5403ffd89d72e736e6ccc0e,0,153677.25,120.0,2,0,0,0,0,0,1,2,1,1,1,0,0,0,0,0,1,0,0,0,0,0,0,0,0,0,0,0,0,0,0,0,0,0,0,0,0,0,0,0,0,0,0,0,1,0,0,0,0,3
orjson_3_10_6,9419efb8563451a2c5403ffd89d72e736e6ccc0e,0,159125.33333333334,120.0,2,0,0,0,0,0,1,2,1,1,1,0,0,0,0,0,1,0,0,0,0,0,0,0,0,0,0,0,0,0,0,0,0,0,0,0,0,0,0,0,0,0,0,0,1,0,0,0,0,3
orjson_3_10_1,f7c4654f99c4ea1645cb2587f92b99c1bcfe1845,0,175458.0,120.0,6,4,0,0,0,0,1,3,2,1,1,0,0,0,0,0,4,0,0,0,0,0,0,0,0,0,0,0,0,0,0,0,0,0,0,0,0,0,0,0,0,0,0,0,1,0,0,0,0,7
orjson_3_10_2,f7c4654f99c4ea1645cb2587f92b99c1bcfe1845,0,173416.66666666666,120.0,6,4,0,0,0,0,1,3,2,1,1,0,0,0,0,0,4,0,0,0,0,0,0,0,0,0,0,0,0,0,0,0,0,0,0,0,0,0,0,0,0,0,0,0,1,0,0,0,0,7
orjson_3_10_3,f7c4654f99c4ea1645cb2587f92b99c1bcfe1845,0,172194.66666666666,120.0,6,4,0,0,0,0,1,3,2,1,1,0,0,0,0,0,4,0,0,0,0,0,0,0,0,0,0,0,0,0,0,0,0,0,0,0,0,0,0,0,0,0,0,0,1,0,0,0,0,7
orjson_3_10_4,f7c4654f99c4ea1645cb2587f92b99c1bcfe1845,0,173139.0,120.0,6,4,0,0,0,0,1,3,2,1,1,0,0,0,0,0,4,0,0,0,0,0,0,0,0,0,0,0,0,0,0,0,0,0,0,0,0,0,0,0,0,0,0,0,1,0,0,0,0,7
orjson_3_10_5,f7c4654f99c4ea1645cb2587f92b99c1bcfe1845,0,175028.0,120.0,6,4,0,0,0,0,1,3,2,1,1,0,0,0,0,0,4,0,0,0,0,0,0,0,0,0,0,0,0,0,0,0,0,0,0,0,0,0,0,0,0,0,0,0,1,0,0,0,0,7
orjson_3_10_6,f7c4654f99c4ea1645cb2587f92b99c1bcfe1845,0,178278.0,120.0,6,4,0,0,0,0,1,3,2,1,1,0,0,0,0,0,4,0,0,0,0,0,0,0,0,0,0,0,0,0,0,0,0,0,0,0,0,0,0,0,0,0,0,0,1,0,0,0,0,7
orjson_3_10_1,1681e004e7740af3247de912b559377d9d5f58da,0,196694.33333333334,160.0,5,3,0,0,0,0,1,3,1,2,1,1,1,1,0,0,4,0,0,0,0,0,0,0,0,0,0,0,0,0,0,0,0,0,0,0,0,0,0,0,1,1,0,0,1,0,0,0,0,7
orjson_3_10_2,1681e004e7740af3247de912b559377d9d5f58da,0,198191.6,160.0,5,3,0,0,0,0,1,3,1,2,1,1,1,1,0,0,4,0,0,0,0,0,0,0,0,0,0,0,0,0,0,0,0,0,0,0,0,0,0,0,1,1,0,0,1,0,0,0,0,7
orjson_3_10_3,1681e004e7740af3247de912b559377d9d5f58da,0,195677.25,160.0,5,3,0,0,0,0,1,3,1,2,1,1,1,1,0,0,4,0,0,0,0,0,0,0,0,0,0,0,0,0,0,0,0,0,0,0,0,0,0,0,1,1,0,0,1,0,0,0,0,7
orjson_3_10_4,1681e004e7740af3247de912b559377d9d5f58da,0,194861.0,160.0,5,3,0,0,0,0,1,3,1,2,1,1,1,1,0,0,4,0,0,0,0,0,0,0,0,0,0,0,0,0,0,0,0,0,0,0,0,0,0,0,1,1,0,0,1,0,0,0,0,7
orjson_3_10_5,1681e004e7740af3247de912b559377d9d5f58da,0,192597.33333333334,160.0,5,3,0,0,0,0,1,3,1,2,1,1,1,1,0,0,4,0,0,0,0,0,0,0,0,0,0,0,0,0,0,0,0,0,0,0,0,0,0,0,1,1,0,0,1,0,0,0,0,7
orjson_3_10_6,1681e004e7740af3247de912b559377d9d5f58da,0,196541.66666666666,160.0,5,3,0,0,0,0,1,3,1,2,1,1,1,1,0,0,4,0,0,0,0,0,0,0,0,0,0,0,0,0,0,0,0,0,0,0,0,0,0,0,1,1,0,0,1,0,0,0,0,7
orjson_3_10_1,c2f27f1a8d160fd6f992c3a895a8f97782bff16c,0,223250.33333333334,146.0,2,0,0,0,0,0,1,6,2,4,2,0,2,2,0,0,2,0,0,0,0,0,0,0,0,0,0,0,0,0,0,0,0,0,0,0,0,0,0,0,0,0,0,0,1,0,0,0,0,8
orjson_3_10_2,c2f27f1a8d160fd6f992c3a895a8f97782bff16c,0,226291.85714285713,146.0,2,0,0,0,0,0,1,6,2,4,2,0,2,2,0,0,2,0,0,0,0,0,0,0,0,0,0,0,0,0,0,0,0,0,0,0,0,0,0,0,0,0,0,0,1,0,0,0,0,8
orjson_3_10_3,c2f27f1a8d160fd6f992c3a895a8f97782bff16c,0,227819.33333333334,146.0,2,0,0,0,0,0,1,6,2,4,2,0,2,2,0,0,2,0,0,0,0,0,0,0,0,0,0,0,0,0,0,0,0,0,0,0,0,0,0,0,0,0,0,0,1,0,0,0,0,8
orjson_3_10_4,c2f27f1a8d160fd6f992c3a895a8f97782bff16c,0,223591.6,146.0,2,0,0,0,0,0,1,6,2,4,2,0,2,2,0,0,2,0,0,0,0,0,0,0,0,0,0,0,0,0,0,0,0,0,0,0,0,0,0,0,0,0,0,0,1,0,0,0,0,8
orjson_3_10_5,c2f27f1a8d160fd6f992c3a895a8f97782bff16c,0,222500.0,146.0,2,0,0,0,0,0,1,6,2,4,2,0,2,2,0,0,2,0,0,0,0,0,0,0,0,0,0,0,0,0,0,0,0,0,0,0,0,0,0,0,0,0,0,0,1,0,0,0,0,8
orjson_3_10_6,c2f27f1a8d160fd6f992c3a895a8f97782bff16c,0,211472.33333333334,146.0,2,0,0,0,0,0,1,6,2,4,2,0,2,2,0,0,2,0,0,0,0,0,0,0,0,0,0,0,0,0,0,0,0,0,0,0,0,0,0,0,0,0,0,0,1,0,0,0,0,8
orjson_3_10_1,33fe3707c6352b33b68c1e53c3963f4b9afdde3e,0,203944.66666666666,146.0,5,3,0,0,0,0,1,6,3,3,2,0,1,0,0,1,2,0,0,0,0,0,0,0,0,0,0,0,0,0,0,0,0,0,0,0,0,0,0,0,0,0,0,0,1,0,0,0,0,8
orjson_3_10_2,33fe3707c6352b33b68c1e53c3963f4b9afdde3e,0,208291.66666666666,146.0,5,3,0,0,0,0,1,6,3,3,2,0,1,0,0,1,2,0,0,0,0,0,0,0,0,0,0,0,0,0,0,0,0,0,0,0,0,0,0,0,0,0,0,0,1,0,0,0,0,8
orjson_3_10_3,33fe3707c6352b33b68c1e53c3963f4b9afdde3e,0,208250.0,146.0,5,3,0,0,0,0,1,6,3,3,2,0,1,0,0,1,2,0,0,0,0,0,0,0,0,0,0,0,0,0,0,0,0,0,0,0,0,0,0,0,0,0,0,0,1,0,0,0,0,8
orjson_3_10_4,33fe3707c6352b33b68c1e53c3963f4b9afdde3e,0,207472.0,146.0,5,3,0,0,0,0,1,6,3,3,2,0,1,0,0,1,2,0,0,0,0,0,0,0,0,0,0,0,0,0,0,0,0,0,0,0,0,0,0,0,0,0,0,0,1,0,0,0,0,8
orjson_3_10_5,33fe3707c6352b33b68c1e53c3963f4b9afdde3e,0,206611.33333333334,146.0,5,3,0,0,0,0,1,6,3,3,2,0,1,0,0,1,2,0,0,0,0,0,0,0,0,0,0,0,0,0,0,0,0,0,0,0,0,0,0,0,0,0,0,0,1,0,0,0,0,8
orjson_3_10_6,33fe3707c6352b33b68c1e53c3963f4b9afdde3e,0,197347.0,146.0,5,3,0,0,0,0,1,6,3,3,2,0,1,0,0,1,2,0,0,0,0,0,0,0,0,0,0,0,0,0,0,0,0,0,0,0,0,0,0,0,0,0,0,0,1,0,0,0,0,8
orjson_3_10_1,d90d5eceab57b2788b603c083d83af3967f510c2,0,646930.6666666666,552.0,3,1,0,0,0,0,1,55,30,25,16,2,9,3,0,6,50,0,0,0,0,0,0,0,0,0,0,0,0,0,0,0,0,0,0,0,0,0,0,0,1,1,0,1,1,0,0,0,0,105
orjson_3_10_2,d90d5eceab57b2788b603c083d83af3967f510c2,0,680319.6666666666,552.0,3,1,0,0,0,0,1,55,30,25,16,2,9,3,0,6,50,0,0,0,0,0,0,0,0,0,0,0,0,0,0,0,0,0,0,0,0,0,0,0,1,1,0,1,1,0,0,0,0,105
orjson_3_10_3,d90d5eceab57b2788b603c083d83af3967f510c2,0,705458.3333333334,552.0,3,1,0,0,0,0,1,55,30,25,16,2,9,3,0,6,50,0,0,0,0,0,0,0,0,0,0,0,0,0,0,0,0,0,0,0,0,0,0,0,1,1,0,1,1,0,0,0,0,105
orjson_3_10_4,d90d5eceab57b2788b603c083d83af3967f510c2,0,647014.0,552.0,3,1,0,0,0,0,1,55,30,25,16,2,9,3,0,6,50,0,0,0,0,0,0,0,0,0,0,0,0,0,0,0,0,0,0,0,0,0,0,0,1,1,0,1,1,0,0,0,0,105
orjson_3_10_5,d90d5eceab57b2788b603c083d83af3967f510c2,0,641027.6666666666,552.0,3,1,0,0,0,0,1,55,30,25,16,2,9,3,0,6,50,0,0,0,0,0,0,0,0,0,0,0,0,0,0,0,0,0,0,0,0,0,0,0,1,1,0,1,1,0,0,0,0,105
orjson_3_10_6,d90d5eceab57b2788b603c083d83af3967f510c2,0,651041.6666666666,552.0,3,1,0,0,0,0,1,55,30,25,16,2,9,3,0,6,50,0,0,0,0,0,0,0,0,0,0,0,0,0,0,0,0,0,0,0,0,0,0,0,1,1,0,1,1,0,0,0,0,105
orjson_3_10_1,413eb32104d697d2d75b5dfde422a9c299130f44,0,136930.66666666666,120.0,6,4,0,0,0,0,0,0,0,0,0,0,0,0,0,0,0,0,0,0,0,1,0,0,0,0,1,0,1,1,0,1,0,0,0,0,0,0,0,0,0,0,0,0,1,0,0,0,1,0
orjson_3_10_2,413eb32104d697d2d75b5dfde422a9c299130f44,0,136625.0,120.0,6,4,0,0,0,0,0,0,0,0,0,0,0,0,0,0,0,0,0,0,0,1,0,0,0,0,1,0,1,1,0,1,0,0,0,0,0,0,0,0,0,0,0,0,1,0,0,0,1,0
orjson_3_10_3,413eb32104d697d2d75b5dfde422a9c299130f44,0,139652.66666666666,120.0,6,4,0,0,0,0,0,0,0,0,0,0,0,0,0,0,0,0,0,0,0,1,0,0,0,0,1,0,1,1,0,1,0,0,0,0,0,0,0,0,0,0,0,0,1,0,0,0,1,0
orjson_3_10_4,413eb32104d697d2d75b5dfde422a9c299130f44,0,138999.66666666666,120.0,6,4,0,0,0,0,0,0,0,0,0,0,0,0,0,0,0,0,0,0,0,1,0,0,0,0,1,0,1,1,0,1,0,0,0,0,0,0,0,0,0,0,0,0,1,0,0,0,1,0
orjson_3_10_5,413eb32104d697d2d75b5dfde422a9c299130f44,0,134552.0,120.0,6,4,0,0,0,0,0,0,0,0,0,0,0,0,0,0,0,0,0,0,0,1,0,0,0,0,1,0,1,1,0,1,0,0,0,0,0,0,0,0,0,0,0,0,1,0,0,0,1,0
orjson_3_10_6,413eb32104d697d2d75b5dfde422a9c299130f44,0,137403.33333333334,120.0,6,4,0,0,0,0,0,0,0,0,0,0,0,0,0,0,0,0,0,0,0,1,0,0,0,0,1,0,1,1,0,1,0,0,0,0,0,0,0,0,0,0,0,0,1,0,0,0,1,0
orjson_3_10_1,b152e0c5089fd69cca4e2defaa6642e716a90f47,0,128406.25,120.0,2,0,0,0,0,0,0,0,0,0,0,0,0,0,0,0,0,0,1,0,1,2,1,1,0,1,1,0,1,0,0,0,0,0,0,0,0,0,0,0,0,0,0,0,1,0,0,0,1,0
orjson_3_10_2,b152e0c5089fd69cca4e2defaa6642e716a90f47,0,131472.33333333334,120.0,2,0,0,0,0,0,0,0,0,0,0,0,0,0,0,0,0,0,1,0,1,2,1,1,0,1,1,0,1,0,0,0,0,0,0,0,0,0,0,0,0,0,0,0,1,0,0,0,1,0
orjson_3_10_3,b152e0c5089fd69cca4e2defaa6642e716a90f47,0,131055.33333333333,120.0,2,0,0,0,0,0,0,0,0,0,0,0,0,0,0,0,0,0,1,0,1,2,1,1,0,1,1,0,1,0,0,0,0,0,0,0,0,0,0,0,0,0,0,0,1,0,0,0,1,0
orjson_3_10_4,b152e0c5089fd69cca4e2defaa6642e716a90f47,0,131972.33333333334,120.0,2,0,0,0,0,0,0,0,0,0,0,0,0,0,0,0,0,0,1,0,1,2,1,1,0,1,1,0,1,0,0,0,0,0,0,0,0,0,0,0,0,0,0,0,1,0,0,0,1,0
orjson_3_10_5,b152e0c5089fd69cca4e2defaa6642e716a90f47,0,129777.66666666667,120.0,2,0,0,0,0,0,0,0,0,0,0,0,0,0,0,0,0,0,1,0,1,2,1,1,0,1,1,0,1,0,0,0,0,0,0,0,0,0,0,0,0,0,0,0,1,0,0,0,1,0
orjson_3_10_6,b152e0c5089fd69cca4e2defaa6642e716a90f47,0,130146.0,120.0,2,0,0,0,0,0,0,0,0,0,0,0,0,0,0,0,0,0,1,0,1,2,1,1,0,1,1,0,1,0,0,0,0,0,0,0,0,0,0,0,0,0,0,0,1,0,0,0,1,0
orjson_3_10_1,f07617ee53143be6e21968cd7a075fd58730c96f,0,129802.0,120.0,4,2,0,0,0,0,0,0,0,0,0,0,0,0,0,0,0,0,1,0,1,0,1,1,0,1,1,0,1,0,0,0,0,0,0,0,0,0,0,0,0,0,0,0,1,0,0,0,1,0
orjson_3_10_2,f07617ee53143be6e21968cd7a075fd58730c96f,0,133527.33333333334,120.0,4,2,0,0,0,0,0,0,0,0,0,0,0,0,0,0,0,0,1,0,1,0,1,1,0,1,1,0,1,0,0,0,0,0,0,0,0,0,0,0,0,0,0,0,1,0,0,0,1,0
orjson_3_10_3,f07617ee53143be6e21968cd7a075fd58730c96f,0,133639.0,120.0,4,2,0,0,0,0,0,0,0,0,0,0,0,0,0,0,0,0,1,0,1,0,1,1,0,1,1,0,1,0,0,0,0,0,0,0,0,0,0,0,0,0,0,0,1,0,0,0,1,0
orjson_3_10_4,f07617ee53143be6e21968cd7a075fd58730c96f,0,135635.25,120.0,4,2,0,0,0,0,0,0,0,0,0,0,0,0,0,0,0,0,1,0,1,0,1,1,0,1,1,0,1,0,0,0,0,0,0,0,0,0,0,0,0,0,0,0,1,0,0,0,1,0
orjson_3_10_5,f07617ee53143be6e21968cd7a075fd58730c96f,0,127333.33333333333,120.0,4,2,0,0,0,0,0,0,0,0,0,0,0,0,0,0,0,0,1,0,1,0,1,1,0,1,1,0,1,0,0,0,0,0,0,0,0,0,0,0,0,0,0,0,1,0,0,0,1,0
orjson_3_10_6,f07617ee53143be6e21968cd7a075fd58730c96f,0,132319.66666666666,120.0,4,2,0,0,0,0,0,0,0,0,0,0,0,0,0,0,0,0,1,0,1,0,1,1,0,1,1,0,1,0,0,0,0,0,0,0,0,0,0,0,0,0,0,0,1,0,0,0,1,0
orjson_3_10_1,3d8a71df6b165725de4444bce3d3cd1e30d68a1b,0,141633.0,120.0,5,3,0,0,0,0,0,0,0,0,0,0,0,0,0,0,0,0,1,0,1,1,2,1,0,1,1,0,1,0,0,0,0,0,0,0,0,0,0,0,0,0,0,0,1,0,0,0,1,0
orjson_3_10_2,3d8a71df6b165725de4444bce3d3cd1e30d68a1b,0,143222.0,120.0,5,3,0,0,0,0,0,0,0,0,0,0,0,0,0,0,0,0,1,0,1,1,2,1,0,1,1,0,1,0,0,0,0,0,0,0,0,0,0,0,0,0,0,0,1,0,0,0,1,0
orjson_3_10_3,3d8a71df6b165725de4444bce3d3cd1e30d68a1b,0,143056.0,120.0,5,3,0,0,0,0,0,0,0,0,0,0,0,0,0,0,0,0,1,0,1,1,2,1,0,1,1,0,1,0,0,0,0,0,0,0,0,0,0,0,0,0,0,0,1,0,0,0,1,0
orjson_3_10_4,3d8a71df6b165725de4444bce3d3cd1e30d68a1b,0,144236.33333333334,120.0,5,3,0,0,0,0,0,0,0,0,0,0,0,0,0,0,0,0,1,0,1,1,2,1,0,1,1,0,1,0,0,0,0,0,0,0,0,0,0,0,0,0,0,0,1,0,0,0,1,0
orjson_3_10_5,3d8a71df6b165725de4444bce3d3cd1e30d68a1b,0,142000.0,120.0,5,3,0,0,0,0,0,0,0,0,0,0,0,0,0,0,0,0,1,0,1,1,2,1,0,1,1,0,1,0,0,0,0,0,0,0,0,0,0,0,0,0,0,0,1,0,0,0,1,0
orjson_3_10_6,3d8a71df6b165725de4444bce3d3cd1e30d68a1b,0,146594.0,120.0,5,3,0,0,0,0,0,0,0,0,0,0,0,0,0,0,0,0,1,0,1,1,2,1,0,1,1,0,1,0,0,0,0,0,0,0,0,0,0,0,0,0,0,0,1,0,0,0,1,0
orjson_3_10_1,74cf044bba06ad169d145fde3c6d65fc7de29ee6,0,146416.6,120.0,5,3,0,0,0,0,0,0,0,0,0,0,0,0,0,0,0,0,1,0,1,1,2,1,0,2,1,0,1,0,0,0,0,0,0,0,0,0,0,0,0,0,0,0,1,0,0,0,1,0
orjson_3_10_2,74cf044bba06ad169d145fde3c6d65fc7de29ee6,0,144860.66666666666,120.0,5,3,0,0,0,0,0,0,0,0,0,0,0,0,0,0,0,0,1,0,1,1,2,1,0,2,1,0,1,0,0,0,0,0,0,0,0,0,0,0,0,0,0,0,1,0,0,0,1,0
orjson_3_10_3,74cf044bba06ad169d145fde3c6d65fc7de29ee6,0,143555.66666666666,120.0,5,3,0,0,0,0,0,0,0,0,0,0,0,0,0,0,0,0,1,0,1,1,2,1,0,2,1,0,1,0,0,0,0,0,0,0,0,0,0,0,0,0,0,0,1,0,0,0,1,0
orjson_3_10_4,74cf044bba06ad169d145fde3c6d65fc7de29ee6,0,146736.33333333334,120.0,5,3,0,0,0,0,0,0,0,0,0,0,0,0,0,0,0,0,1,0,1,1,2,1,0,2,1,0,1,0,0,0,0,0,0,0,0,0,0,0,0,0,0,0,1,0,0,0,1,0
orjson_3_10_5,74cf044bba06ad169d145fde3c6d65fc7de29ee6,0,147975.2,120.0,5,3,0,0,0,0,0,0,0,0,0,0,0,0,0,0,0,0,1,0,1,1,2,1,0,2,1,0,1,0,0,0,0,0,0,0,0,0,0,0,0,0,0,0,1,0,0,0,1,0
orjson_3_10_6,74cf044bba06ad169d145fde3c6d65fc7de29ee6,0,150680.66666666666,120.0,5,3,0,0,0,0,0,0,0,0,0,0,0,0,0,0,0,0,1,0,1,1,2,1,0,2,1,0,1,0,0,0,0,0,0,0,0,0,0,0,0,0,0,0,1,0,0,0,1,0
orjson_3_10_1,52470a409c327df916c36014df1a58f625bb8db4,0,143777.66666666666,120.0,6,4,0,0,0,0,0,0,0,0,0,0,0,0,0,0,0,0,1,0,1,1,1,1,0,3,1,0,1,0,0,0,0,0,0,0,0,0,0,0,0,0,0,0,1,0,0,0,1,0
orjson_3_10_2,52470a409c327df916c36014df1a58f625bb8db4,0,146555.33333333334,120.0,6,4,0,0,0,0,0,0,0,0,0,0,0,0,0,0,0,0,1,0,1,1,1,1,0,3,1,0,1,0,0,0,0,0,0,0,0,0,0,0,0,0,0,0,1,0,0,0,1,0
orjson_3_10_3,52470a409c327df916c36014df1a58f625bb8db4,0,148472.33333333334,120.0,6,4,0,0,0,0,0,0,0,0,0,0,0,0,0,0,0,0,1,0,1,1,1,1,0,3,1,0,1,0,0,0,0,0,0,0,0,0,0,0,0,0,0,0,1,0,0,0,1,0
orjson_3_10_4,52470a409c327df916c36014df1a58f625bb8db4,0,147625.0,120.0,6,4,0,0,0,0,0,0,0,0,0,0,0,0,0,0,0,0,1,0,1,1,1,1,0,3,1,0,1,0,0,0,0,0,0,0,0,0,0,0,0,0,0,0,1,0,0,0,1,0
orjson_3_10_5,52470a409c327df916c36014df1a58f625bb8db4,0,145750.33333333334,120.0,6,4,0,0,0,0,0,0,0,0,0,0,0,0,0,0,0,0,1,0,1,1,1,1,0,3,1,0,1,0,0,0,0,0,0,0,0,0,0,0,0,0,0,0,1,0,0,0,1,0
orjson_3_10_6,52470a409c327df916c36014df1a58f625bb8db4,0,149778.0,120.0,6,4,0,0,0,0,0,0,0,0,0,0,0,0,0,0,0,0,1,0,1,1,1,1,0,3,1,0,1,0,0,0,0,0,0,0,0,0,0,0,0,0,0,0,1,0,0,0,1,0
orjson_3_10_1,d75370fbe557f105cc374e9733a31b22edd23a5f,0,129441.6,120.0,5,3,0,0,0,0,0,0,0,0,0,0,0,0,0,0,0,0,1,0,1,0,1,1,0,3,1,0,1,0,0,0,0,0,0,0,0,0,0,0,0,0,0,0,1,0,0,0,1,0
orjson_3_10_2,d75370fbe557f105cc374e9733a31b22edd23a5f,0,130194.0,120.0,5,3,0,0,0,0,0,0,0,0,0,0,0,0,0,0,0,0,1,0,1,0,1,1,0,3,1,0,1,0,0,0,0,0,0,0,0,0,0,0,0,0,0,0,1,0,0,0,1,0
orjson_3_10_3,d75370fbe557f105cc374e9733a31b22edd23a5f,0,130699.8,120.0,5,3,0,0,0,0,0,0,0,0,0,0,0,0,0,0,0,0,1,0,1,0,1,1,0,3,1,0,1,0,0,0,0,0,0,0,0,0,0,0,0,0,0,0,1,0,0,0,1,0
orjson_3_10_4,d75370fbe557f105cc374e9733a31b22edd23a5f,0,129389.0,120.0,5,3,0,0,0,0,0,0,0,0,0,0,0,0,0,0,0,0,1,0,1,0,1,1,0,3,1,0,1,0,0,0,0,0,0,0,0,0,0,0,0,0,0,0,1,0,0,0,1,0
orjson_3_10_5,d75370fbe557f105cc374e9733a31b22edd23a5f,0,128278.0,120.0,5,3,0,0,0,0,0,0,0,0,0,0,0,0,0,0,0,0,1,0,1,0,1,1,0,3,1,0,1,0,0,0,0,0,0,0,0,0,0,0,0,0,0,0,1,0,0,0,1,0
orjson_3_10_6,d75370fbe557f105cc374e9733a31b22edd23a5f,0,131013.66666666667,120.0,5,3,0,0,0,0,0,0,0,0,0,0,0,0,0,0,0,0,1,0,1,0,1,1,0,3,1,0,1,0,0,0,0,0,0,0,0,0,0,0,0,0,0,0,1,0,0,0,1,0
orjson_3_10_1,e29a5efe1cc12f4132589beda46f57073d938e90,0,144319.33333333334,120.0,3,1,0,0,0,0,0,0,0,0,0,0,0,0,0,0,0,0,1,0,1,1,5,1,0,4,1,0,1,0,0,0,0,0,0,0,0,0,0,0,0,0,0,0,1,0,0,0,1,0
orjson_3_10_2,e29a5efe1cc12f4132589beda46f57073d938e90,0,147138.66666666666,120.0,3,1,0,0,0,0,0,0,0,0,0,0,0,0,0,0,0,0,1,0,1,1,5,1,0,4,1,0,1,0,0,0,0,0,0,0,0,0,0,0,0,0,0,0,1,0,0,0,1,0
orjson_3_10_3,e29a5efe1cc12f4132589beda46f57073d938e90,0,145958.0,120.0,3,1,0,0,0,0,0,0,0,0,0,0,0,0,0,0,0,0,1,0,1,1,5,1,0,4,1,0,1,0,0,0,0,0,0,0,0,0,0,0,0,0,0,0,1,0,0,0,1,0
orjson_3_10_4,e29a5efe1cc12f4132589beda46f57073d938e90,0,144906.25,120.0,3,1,0,0,0,0,0,0,0,0,0,0,0,0,0,0,0,0,1,0,1,1,5,1,0,4,1,0,1,0,0,0,0,0,0,0,0,0,0,0,0,0,0,0,1,0,0,0,1,0
orjson_3_10_5,e29a5efe1cc12f4132589beda46f57073d938e90,0,146833.25,120.0,3,1,0,0,0,0,0,0,0,0,0,0,0,0,0,0,0,0,1,0,1,1,5,1,0,4,1,0,1,0,0,0,0,0,0,0,0,0,0,0,0,0,0,0,1,0,0,0,1,0
orjson_3_10_6,e29a5efe1cc12f4132589beda46f57073d938e90,0,147847.33333333334,120.0,3,1,0,0,0,0,0,0,0,0,0,0,0,0,0,0,0,0,1,0,1,1,5,1,0,4,1,0,1,0,0,0,0,0,0,0,0,0,0,0,0,0,0,0,1,0,0,0,1,0
orjson_3_10_1,5f4d93386ddc641e7e2bb8ffe25c8273494e9701,0,139680.33333333334,120.0,9,7,0,0,0,0,0,0,0,0,0,0,0,0,0,0,0,0,1,0,1,1,1,1,0,4,1,0,1,0,0,0,0,0,0,0,0,0,0,0,0,0,0,0,1,0,0,0,1,0
orjson_3_10_2,5f4d93386ddc641e7e2bb8ffe25c8273494e9701,0,144819.33333333334,120.0,9,7,0,0,0,0,0,0,0,0,0,0,0,0,0,0,0,0,1,0,1,1,1,1,0,4,1,0,1,0,0,0,0,0,0,0,0,0,0,0,0,0,0,0,1,0,0,0,1,0
orjson_3_10_3,5f4d93386ddc641e7e2bb8ffe25c8273494e9701,0,144010.25,120.0,9,7,0,0,0,0,0,0,0,0,0,0,0,0,0,0,0,0,1,0,1,1,1,1,0,4,1,0,1,0,0,0,0,0,0,0,0,0,0,0,0,0,0,0,1,0,0,0,1,0
orjson_3_10_4,5f4d93386ddc641e7e2bb8ffe25c8273494e9701,0,146597.66666666666,120.0,9,7,0,0,0,0,0,0,0,0,0,0,0,0,0,0,0,0,1,0,1,1,1,1,0,4,1,0,1,0,0,0,0,0,0,0,0,0,0,0,0,0,0,0,1,0,0,0,1,0
orjson_3_10_5,5f4d93386ddc641e7e2bb8ffe25c8273494e9701,0,143097.0,120.0,9,7,0,0,0,0,0,0,0,0,0,0,0,0,0,0,0,0,1,0,1,1,1,1,0,4,1,0,1,0,0,0,0,0,0,0,0,0,0,0,0,0,0,0,1,0,0,0,1,0
orjson_3_10_6,5f4d93386ddc641e7e2bb8ffe25c8273494e9701,0,144021.25,120.0,9,7,0,0,0,0,0,0,0,0,0,0,0,0,0,0,0,0,1,0,1,1,1,1,0,4,1,0,1,0,0,0,0,0,0,0,0,0,0,0,0,0,0,0,1,0,0,0,1,0
orjson_3_10_1,8fcb6bcef0c8acfd2ab4c20284117113ccd11b29,0,143156.5,120.0,4,2,0,0,0,0,0,0,0,0,0,0,0,0,0,0,0,0,1,0,1,1,1,1,0,5,1,0,1,0,0,0,0,0,0,0,0,0,0,0,0,0,0,0,1,0,0,0,1,0
orjson_3_10_2,8fcb6bcef0c8acfd2ab4c20284117113ccd11b29,0,145805.66666666666,120.0,4,2,0,0,0,0,0,0,0,0,0,0,0,0,0,0,0,0,1,0,1,1,1,1,0,5,1,0,1,0,0,0,0,0,0,0,0,0,0,0,0,0,0,0,1,0,0,0,1,0
orjson_3_10_3,8fcb6bcef0c8acfd2ab4c20284117113ccd11b29,0,145402.66666666666,120.0,4,2,0,0,0,0,0,0,0,0,0,0,0,0,0,0,0,0,1,0,1,1,1,1,0,5,1,0,1,0,0,0,0,0,0,0,0,0,0,0,0,0,0,0,1,0,0,0,1,0
orjson_3_10_4,8fcb6bcef0c8acfd2ab4c20284117113ccd11b29,0,145639.33333333334,120.0,4,2,0,0,0,0,0,0,0,0,0,0,0,0,0,0,0,0,1,0,1,1,1,1,0,5,1,0,1,0,0,0,0,0,0,0,0,0,0,0,0,0,0,0,1,0,0,0,1,0
orjson_3_10_5,8fcb6bcef0c8acfd2ab4c20284117113ccd11b29,0,144083.0,120.0,4,2,0,0,0,0,0,0,0,0,0,0,0,0,0,0,0,0,1,0,1,1,1,1,0,5,1,0,1,0,0,0,0,0,0,0,0,0,0,0,0,0,0,0,1,0,0,0,1,0
orjson_3_10_6,8fcb6bcef0c8acfd2ab4c20284117113ccd11b29,0,147458.33333333334,120.0,4,2,0,0,0,0,0,0,0,0,0,0,0,0,0,0,0,0,1,0,1,1,1,1,0,5,1,0,1,0,0,0,0,0,0,0,0,0,0,0,0,0,0,0,1,0,0,0,1,0
orjson_3_10_1,b2e816a6d6f36b9b2f82264782cd8060569ed199,0,144389.0,120.0,4,2,0,0,0,0,0,0,0,0,0,0,0,0,0,0,0,0,1,0,1,0,1,1,0,10,1,0,1,0,0,0,0,0,0,0,0,0,0,0,0,0,0,0,1,0,0,0,1,0
orjson_3_10_2,b2e816a6d6f36b9b2f82264782cd8060569ed199,0,148430.66666666666,120.0,4,2,0,0,0,0,0,0,0,0,0,0,0,0,0,0,0,0,1,0,1,0,1,1,0,10,1,0,1,0,0,0,0,0,0,0,0,0,0,0,0,0,0,0,1,0,0,0,1,0
orjson_3_10_3,b2e816a6d6f36b9b2f82264782cd8060569ed199,0,147555.66666666666,120.0,4,2,0,0,0,0,0,0,0,0,0,0,0,0,0,0,0,0,1,0,1,0,1,1,0,10,1,0,1,0,0,0,0,0,0,0,0,0,0,0,0,0,0,0,1,0,0,0,1,0
orjson_3_10_4,b2e816a6d6f36b9b2f82264782cd8060569ed199,0,147111.33333333334,120.0,4,2,0,0,0,0,0,0,0,0,0,0,0,0,0,0,0,0,1,0,1,0,1,1,0,10,1,0,1,0,0,0,0,0,0,0,0,0,0,0,0,0,0,0,1,0,0,0,1,0
orjson_3_10_5,b2e816a6d6f36b9b2f82264782cd8060569ed199,0,144635.75,120.0,4,2,0,0,0,0,0,0,0,0,0,0,0,0,0,0,0,0,1,0,1,0,1,1,0,10,1,0,1,0,0,0,0,0,0,0,0,0,0,0,0,0,0,0,1,0,0,0,1,0
orjson_3_10_6,b2e816a6d6f36b9b2f82264782cd8060569ed199,0,147906.25,120.0,4,2,0,0,0,0,0,0,0,0,0,0,0,0,0,0,0,0,1,0,1,0,1,1,0,10,1,0,1,0,0,0,0,0,0,0,0,0,0,0,0,0,0,0,1,0,0,0,1,0
orjson_3_10_1,54c0c73f303a2006d5b8b06f71d90a88cc2787d1,0,147364.75,120.0,9,7,0,0,0,0,0,0,0,0,0,0,0,0,0,0,0,0,1,0,1,1,3,1,0,9,1,0,1,0,0,0,0,0,0,0,0,0,0,0,0,0,0,0,1,0,0,0,1,0
orjson_3_10_2,54c0c73f303a2006d5b8b06f71d90a88cc2787d1,0,149930.66666666666,120.0,9,7,0,0,0,0,0,0,0,0,0,0,0,0,0,0,0,0,1,0,1,1,3,1,0,9,1,0,1,0,0,0,0,0,0,0,0,0,0,0,0,0,0,0,1,0,0,0,1,0
orjson_3_10_3,54c0c73f303a2006d5b8b06f71d90a88cc2787d1,0,151652.66666666666,120.0,9,7,0,0,0,0,0,0,0,0,0,0,0,0,0,0,0,0,1,0,1,1,3,1,0,9,1,0,1,0,0,0,0,0,0,0,0,0,0,0,0,0,0,0,1,0,0,0,1,0
orjson_3_10_4,54c0c73f303a2006d5b8b06f71d90a88cc2787d1,0,150347.33333333334,120.0,9,7,0,0,0,0,0,0,0,0,0,0,0,0,0,0,0,0,1,0,1,1,3,1,0,9,1,0,1,0,0,0,0,0,0,0,0,0,0,0,0,0,0,0,1,0,0,0,1,0
orjson_3_10_5,54c0c73f303a2006d5b8b06f71d90a88cc2787d1,0,148930.66666666666,120.0,9,7,0,0,0,0,0,0,0,0,0,0,0,0,0,0,0,0,1,0,1,1,3,1,0,9,1,0,1,0,0,0,0,0,0,0,0,0,0,0,0,0,0,0,1,0,0,0,1,0
orjson_3_10_6,54c0c73f303a2006d5b8b06f71d90a88cc2787d1,0,151250.0,120.0,9,7,0,0,0,0,0,0,0,0,0,0,0,0,0,0,0,0,1,0,1,1,3,1,0,9,1,0,1,0,0,0,0,0,0,0,0,0,0,0,0,0,0,0,1,0,0,0,1,0
orjson_3_10_1,80447ffc730a70f9814d238923240f5e1f914139,0,153347.33333333334,120.0,9,7,0,0,0,0,0,0,0,0,0,0,0,0,0,0,0,0,1,0,1,1,3,1,0,13,1,0,1,0,0,0,0,0,0,0,0,0,0,0,0,0,0,0,1,0,0,0,1,0
orjson_3_10_2,80447ffc730a70f9814d238923240f5e1f914139,0,159135.25,120.0,9,7,0,0,0,0,0,0,0,0,0,0,0,0,0,0,0,0,1,0,1,1,3,1,0,13,1,0,1,0,0,0,0,0,0,0,0,0,0,0,0,0,0,0,1,0,0,0,1,0
orjson_3_10_3,80447ffc730a70f9814d238923240f5e1f914139,0,160139.0,120.0,9,7,0,0,0,0,0,0,0,0,0,0,0,0,0,0,0,0,1,0,1,1,3,1,0,13,1,0,1,0,0,0,0,0,0,0,0,0,0,0,0,0,0,0,1,0,0,0,1,0
orjson_3_10_4,80447ffc730a70f9814d238923240f5e1f914139,0,161083.33333333334,120.0,9,7,0,0,0,0,0,0,0,0,0,0,0,0,0,0,0,0,1,0,1,1,3,1,0,13,1,0,1,0,0,0,0,0,0,0,0,0,0,0,0,0,0,0,1,0,0,0,1,0
orjson_3_10_5,80447ffc730a70f9814d238923240f5e1f914139,0,159791.33333333334,120.0,9,7,0,0,0,0,0,0,0,0,0,0,0,0,0,0,0,0,1,0,1,1,3,1,0,13,1,0,1,0,0,0,0,0,0,0,0,0,0,0,0,0,0,0,1,0,0,0,1,0
orjson_3_10_6,80447ffc730a70f9814d238923240f5e1f914139,0,161972.0,120.0,9,7,0,0,0,0,0,0,0,0,0,0,0,0,0,0,0,0,1,0,1,1,3,1,0,13,1,0,1,0,0,0,0,0,0,0,0,0,0,0,0,0,0,0,1,0,0,0,1,0
orjson_3_10_1,6ce81eea888329f893c9dd91202b4332b56edd99,0,8729930.333333334,4094.0,228,83,5,55,59,65,12,371,190,181,90,9,91,30,33,28,365,15,3,1,2,3,2,2,2,16,2,1,8,5,3,2,10,17,4,5,1,4,1,5,1,1,5,3,0,7,5,5,8,736
orjson_3_10_2,6ce81eea888329f893c9dd91202b4332b56edd99,0,8717305.666666666,4094.0,228,83,5,55,59,65,12,371,190,181,90,9,91,30,33,28,365,15,3,1,2,3,2,2,2,16,2,1,8,5,3,2,10,17,4,5,1,4,1,5,1,1,5,3,0,7,5,5,8,736
orjson_3_10_3,6ce81eea888329f893c9dd91202b4332b56edd99,0,8751347.0,4094.0,228,83,5,55,59,65,12,371,190,181,90,9,91,30,33,28,365,15,3,1,2,3,2,2,2,16,2,1,8,5,3,2,10,17,4,5,1,4,1,5,1,1,5,3,0,7,5,5,8,736
orjson_3_10_4,6ce81eea888329f893c9dd91202b4332b56edd99,0,8585458.333333334,4094.0,228,83,5,55,59,65,12,371,190,181,90,9,91,30,33,28,365,15,3,1,2,3,2,2,2,16,2,1,8,5,3,2,10,17,4,5,1,4,1,5,1,1,5,3,0,7,5,5,8,736
orjson_3_10_5,6ce81eea888329f893c9dd91202b4332b56edd99,0,8604486.0,4094.0,228,83,5,55,59,65,12,371,190,181,90,9,91,30,33,28,365,15,3,1,2,3,2,2,2,16,2,1,8,5,3,2,10,17,4,5,1,4,1,5,1,1,5,3,0,7,5,5,8,736
orjson_3_10_6,6ce81eea888329f893c9dd91202b4332b56edd99,0,8738152.666666666,4094.0,228,83,5,55,59,65,12,371,190,181,90,9,91,30,33,28,365,15,3,1,2,3,2,2,2,16,2,1,8,5,3,2,10,17,4,5,1,4,1,5,1,1,5,3,0,7,5,5,8,736
orjson_3_10_1,640b165aa1c0b6c8c6fb5356b6b1ab7647081573,0,10452569.0,4777.0,203,50,0,0,33,36,40,372,190,182,101,7,81,25,36,20,406,10,2,1,1,1,1,1,0,6,1,1,4,2,2,0,3,6,3,0,3,33,3,3,2,2,3,2,0,4,36,7,4,778
orjson_3_10_2,640b165aa1c0b6c8c6fb5356b6b1ab7647081573,0,10232749.666666666,4777.0,203,50,0,0,33,36,40,372,190,182,101,7,81,25,36,20,406,10,2,1,1,1,1,1,0,6,1,1,4,2,2,0,3,6,3,0,3,33,3,3,2,2,3,2,0,4,36,7,4,778
orjson_3_10_3,640b165aa1c0b6c8c6fb5356b6b1ab7647081573,0,10320889.0,4777.0,203,50,0,0,33,36,40,372,190,182,101,7,81,25,36,20,406,10,2,1,1,1,1,1,0,6,1,1,4,2,2,0,3,6,3,0,3,33,3,3,2,2,3,2,0,4,36,7,4,778
orjson_3_10_4,640b165aa1c0b6c8c6fb5356b6b1ab7647081573,0,10072583.0,4777.0,203,50,0,0,33,36,40,372,190,182,101,7,81,25,36,20,406,10,2,1,1,1,1,1,0,6,1,1,4,2,2,0,3,6,3,0,3,33,3,3,2,2,3,2,0,4,36,7,4,778
orjson_3_10_5,640b165aa1c0b6c8c6fb5356b6b1ab7647081573,0,9983014.0,4777.0,203,50,0,0,33,36,40,372,190,182,101,7,81,25,36,20,406,10,2,1,1,1,1,1,0,6,1,1,4,2,2,0,3,6,3,0,3,33,3,3,2,2,3,2,0,4,36,7,4,778
orjson_3_10_6,640b165aa1c0b6c8c6fb5356b6b1ab7647081573,0,10146708.333333334,4777.0,203,50,0,0,33,36,40,372,190,182,101,7,81,25,36,20,406,10,2,1,1,1,1,1,0,6,1,1,4,2,2,0,3,6,3,0,3,33,3,3,2,2,3,2,0,4,36,7,4,778
orjson_3_10_1,eea8ca4aeb6f6fe05e5fd7be9223831008c7a6d7,0,9240736.0,4532.0,146,42,0,0,22,24,29,406,192,214,112,8,102,43,29,30,445,5,1,1,0,1,0,0,0,0,0,1,1,0,0,0,3,3,2,0,2,22,2,3,2,2,3,3,0,3,24,6,1,851
orjson_3_10_2,eea8ca4aeb6f6fe05e5fd7be9223831008c7a6d7,0,9454416.666666666,4532.0,146,42,0,0,22,24,29,406,192,214,112,8,102,43,29,30,445,5,1,1,0,1,0,0,0,0,0,1,1,0,0,0,3,3,2,0,2,22,2,3,2,2,3,3,0,3,24,6,1,851
orjson_3_10_3,eea8ca4aeb6f6fe05e5fd7be9223831008c7a6d7,0,9330013.666666666,4532.0,146,42,0,0,22,24,29,406,192,214,112,8,102,43,29,30,445,5,1,1,0,1,0,0,0,0,0,1,1,0,0,0,3,3,2,0,2,22,2,3,2,2,3,3,0,3,24,6,1,851
orjson_3_10_4,eea8ca4aeb6f6fe05e5fd7be9223831008c7a6d7,0,9050805.666666666,4532.0,146,42,0,0,22,24,29,406,192,214,112,8,102,43,29,30,445,5,1,1,0,1,0,0,0,0,0,1,1,0,0,0,3,3,2,0,2,22,2,3,2,2,3,3,0,3,24,6,1,851
orjson_3_10_5,eea8ca4aeb6f6fe05e5fd7be9223831008c7a6d7,0,9164417.0,4532.0,146,42,0,0,22,24,29,406,192,214,112,8,102,43,29,30,445,5,1,1,0,1,0,0,0,0,0,1,1,0,0,0,3,3,2,0,2,22,2,3,2,2,3,3,0,3,24,6,1,851
orjson_3_10_6,eea8ca4aeb6f6fe05e5fd7be9223831008c7a6d7,0,9279680.333333334,4532.0,146,42,0,0,22,24,29,406,192,214,112,8,102,43,29,30,445,5,1,1,0,1,0,0,0,0,0,1,1,0,0,0,3,3,2,0,2,22,2,3,2,2,3,3,0,3,24,6,1,851
orjson_3_10_1,5ad92d46e2e9af90780f3a07ca9c4a80f3d3ad52,0,10625777.666666666,5091.0,203,74,1,2,27,33,40,393,207,186,90,9,96,32,38,26,388,7,0,0,0,1,0,0,1,0,0,0,2,2,1,0,4,4,5,1,5,25,5,3,3,3,3,3,0,6,30,2,2,781
orjson_3_10_2,5ad92d46e2e9af90780f3a07ca9c4a80f3d3ad52,0,10367014.0,5001.0,203,74,1,2,27,33,40,393,207,186,90,9,96,32,38,26,388,7,0,0,0,1,0,0,1,0,0,0,2,2,1,0,4,4,5,1,5,25,5,3,3,3,3,3,0,6,30,2,2,781
orjson_3_10_3,5ad92d46e2e9af90780f3a07ca9c4a80f3d3ad52,0,10389694.333333334,5001.0,203,74,1,2,27,33,40,393,207,186,90,9,96,32,38,26,388,7,0,0,0,1,0,0,1,0,0,0,2,2,1,0,4,4,5,1,5,25,5,3,3,3,3,3,0,6,30,2,2,781
orjson_3_10_4,5ad92d46e2e9af90780f3a07ca9c4a80f3d3ad52,0,10281903.0,5001.0,203,74,1,2,27,33,40,393,207,186,90,9,96,32,38,26,388,7,0,0,0,1,0,0,1,0,0,0,2,2,1,0,4,4,5,1,5,25,5,3,3,3,3,3,0,6,30,2,2,781
orjson_3_10_5,5ad92d46e2e9af90780f3a07ca9c4a80f3d3ad52,0,10197986.333333334,5001.0,203,74,1,2,27,33,40,393,207,186,90,9,96,32,38,26,388,7,0,0,0,1,0,0,1,0,0,0,2,2,1,0,4,4,5,1,5,25,5,3,3,3,3,3,0,6,30,2,2,781
orjson_3_10_6,5ad92d46e2e9af90780f3a07ca9c4a80f3d3ad52,0,10356930.666666666,5001.0,203,74,1,2,27,33,40,393,207,186,90,9,96,32,38,26,388,7,0,0,0,1,0,0,1,0,0,0,2,2,1,0,4,4,5,1,5,25,5,3,3,3,3,3,0,6,30,2,2,781
orjson_3_10_1,63ca99a8596f1e49e0fa152296b7eb8392753bdb,0,9531847.666666666,4327.0,111,45,0,0,13,15,16,437,212,225,116,8,109,40,37,32,459,4,3,2,1,3,1,1,1,2,1,2,4,1,0,1,0,1,2,0,2,13,2,2,3,3,2,3,0,3,15,4,4,896
orjson_3_10_2,63ca99a8596f1e49e0fa152296b7eb8392753bdb,0,9660055.666666666,4327.0,111,45,0,0,13,15,16,437,212,225,116,8,109,40,37,32,459,4,3,2,1,3,1,1,1,2,1,2,4,1,0,1,0,1,2,0,2,13,2,2,3,3,2,3,0,3,15,4,4,896
orjson_3_10_3,63ca99a8596f1e49e0fa152296b7eb8392753bdb,0,9734166.333333334,4327.0,111,45,0,0,13,15,16,437,212,225,116,8,109,40,37,32,459,4,3,2,1,3,1,1,1,2,1,2,4,1,0,1,0,1,2,0,2,13,2,2,3,3,2,3,0,3,15,4,4,896
orjson_3_10_4,63ca99a8596f1e49e0fa152296b7eb8392753bdb,0,9464083.666666666,4327.0,111,45,0,0,13,15,16,437,212,225,116,8,109,40,37,32,459,4,3,2,1,3,1,1,1,2,1,2,4,1,0,1,0,1,2,0,2,13,2,2,3,3,2,3,0,3,15,4,4,896
orjson_3_10_5,63ca99a8596f1e49e0fa152296b7eb8392753bdb,0,9469597.0,4327.0,111,45,0,0,13,15,16,437,212,225,116,8,109,40,37,32,459,4,3,2,1,3,1,1,1,2,1,2,4,1,0,1,0,1,2,0,2,13,2,2,3,3,2,3,0,3,15,4,4,896
orjson_3_10_6,63ca99a8596f1e49e0fa152296b7eb8392753bdb,0,9449764.0,4327.0,111,45,0,0,13,15,16,437,212,225,116,8,109,40,37,32,459,4,3,2,1,3,1,1,1,2,1,2,4,1,0,1,0,1,2,0,2,13,2,2,3,3,2,3,0,3,15,4,4,896
orjson_3_10_1,5bd55323c098086ff9ce0a1ead1521325658a09f,0,10316527.666666666,4945.0,146,46,0,0,22,24,28,436,224,212,101,11,111,39,32,40,389,7,1,0,1,3,2,1,2,1,1,0,4,3,1,1,4,2,2,0,2,22,2,3,3,3,3,5,0,3,24,2,4,825
orjson_3_10_2,5bd55323c098086ff9ce0a1ead1521325658a09f,0,10253000.0,4839.0,146,46,0,0,22,24,28,436,224,212,101,11,111,39,32,40,389,7,1,0,1,3,2,1,2,1,1,0,4,3,1,1,4,2,2,0,2,22,2,3,3,3,3,5,0,3,24,2,4,825
orjson_3_10_3,5bd55323c098086ff9ce0a1ead1521325658a09f,0,10436652.666666666,4946.0,146,46,0,0,22,24,28,436,224,212,101,11,111,39,32,40,389,7,1,0,1,3,2,1,2,1,1,0,4,3,1,1,4,2,2,0,2,22,2,3,3,3,3,5,0,3,24,2,4,825
orjson_3_10_4,5bd55323c098086ff9ce0a1ead1521325658a09f,0,9961180.666666666,4839.0,146,46,0,0,22,24,28,436,224,212,101,11,111,39,32,40,389,7,1,0,1,3,2,1,2,1,1,0,4,3,1,1,4,2,2,0,2,22,2,3,3,3,3,5,0,3,24,2,4,825
orjson_3_10_5,5bd55323c098086ff9ce0a1ead1521325658a09f,0,9989139.0,4839.0,146,46,0,0,22,24,28,436,224,212,101,11,111,39,32,40,389,7,1,0,1,3,2,1,2,1,1,0,4,3,1,1,4,2,2,0,2,22,2,3,3,3,3,5,0,3,24,2,4,825
orjson_3_10_6,5bd55323c098086ff9ce0a1ead1521325658a09f,0,9988583.333333334,4839.0,146,46,0,0,22,24,28,436,224,212,101,11,111,39,32,40,389,7,1,0,1,3,2,1,2,1,1,0,4,3,1,1,4,2,2,0,2,22,2,3,3,3,3,5,0,3,24,2,4,825
orjson_3_10_1,875a4e661e568dfd82654752d14608833b78a1ea,0,10470805.666666666,4474.0,207,91,3,15,30,37,24,453,216,237,125,14,112,30,47,35,420,7,2,2,1,1,1,0,0,10,2,2,4,2,0,2,8,5,6,3,4,15,4,5,2,2,5,7,0,7,19,3,4,873
orjson_3_10_2,875a4e661e568dfd82654752d14608833b78a1ea,0,10647681.0,4474.0,207,91,3,15,30,37,24,453,216,237,125,14,112,30,47,35,420,7,2,2,1,1,1,0,0,10,2,2,4,2,0,2,8,5,6,3,4,15,4,5,2,2,5,7,0,7,19,3,4,873
orjson_3_10_3,875a4e661e568dfd82654752d14608833b78a1ea,0,10701611.0,4474.0,207,91,3,15,30,37,24,453,216,237,125,14,112,30,47,35,420,7,2,2,1,1,1,0,0,10,2,2,4,2,0,2,8,5,6,3,4,15,4,5,2,2,5,7,0,7,19,3,4,873
orjson_3_10_4,875a4e661e568dfd82654752d14608833b78a1ea,0,10273347.666666666,4474.0,207,91,3,15,30,37,24,453,216,237,125,14,112,30,47,35,420,7,2,2,1,1,1,0,0,10,2,2,4,2,0,2,8,5,6,3,4,15,4,5,2,2,5,7,0,7,19,3,4,873
orjson_3_10_5,875a4e661e568dfd82654752d14608833b78a1ea,0,10338861.0,4474.0,207,91,3,15,30,37,24,453,216,237,125,14,112,30,47,35,420,7,2,2,1,1,1,0,0,10,2,2,4,2,0,2,8,5,6,3,4,15,4,5,2,2,5,7,0,7,19,3,4,873
orjson_3_10_6,875a4e661e568dfd82654752d14608833b78a1ea,0,10330653.0,4474.0,207,91,3,15,30,37,24,453,216,237,125,14,112,30,47,35,420,7,2,2,1,1,1,0,0,10,2,2,4,2,0,2,8,5,6,3,4,15,4,5,2,2,5,7,0,7,19,3,4,873
orjson_3_10_1,0496b61aa2e9f74b83ba03f848a9985af1928c32,0,9937888.666666666,4672.0,139,52,1,2,17,21,18,425,219,206,103,14,103,37,32,34,419,5,3,1,2,3,5,2,2,10,1,1,4,1,0,1,1,1,3,1,3,15,3,4,5,5,4,5,0,5,18,8,4,844
orjson_3_10_2,0496b61aa2e9f74b83ba03f848a9985af1928c32,0,10851754.3,4672.0,139,52,1,2,17,21,18,425,219,206,103,14,103,37,32,34,419,5,3,1,2,3,5,2,2,10,1,1,4,1,0,1,1,1,3,1,3,15,3,4,5,5,4,5,0,5,18,8,4,844
orjson_3_10_3,0496b61aa2e9f74b83ba03f848a9985af1928c32,0,10132847.333333334,4672.0,139,52,1,2,17,21,18,425,219,206,103,14,103,37,32,34,419,5,3,1,2,3,5,2,2,10,1,1,4,1,0,1,1,1,3,1,3,15,3,4,5,5,4,5,0,5,18,8,4,844
orjson_3_10_4,0496b61aa2e9f74b83ba03f848a9985af1928c32,0,9867305.0,4672.0,139,52,1,2,17,21,18,425,219,206,103,14,103,37,32,34,419,5,3,1,2,3,5,2,2,10,1,1,4,1,0,1,1,1,3,1,3,15,3,4,5,5,4,5,0,5,18,8,4,844
orjson_3_10_5,0496b61aa2e9f74b83ba03f848a9985af1928c32,0,9862764.0,4672.0,139,52,1,2,17,21,18,425,219,206,103,14,103,37,32,34,419,5,3,1,2,3,5,2,2,10,1,1,4,1,0,1,1,1,3,1,3,15,3,4,5,5,4,5,0,5,18,8,4,844
orjson_3_10_6,0496b61aa2e9f74b83ba03f848a9985af1928c32,0,9880194.333333334,4672.0,139,52,1,2,17,21,18,425,219,206,103,14,103,37,32,34,419,5,3,1,2,3,5,2,2,10,1,1,4,1,0,1,1,1,3,1,3,15,3,4,5,5,4,5,0,5,18,8,4,844
orjson_3_10_1,383b19b70dba5f0796485b8f578aeaa6cc2c80ba,0,8311930.666666667,3331.0,220,103,1,23,33,40,22,376,206,170,78,10,92,27,32,33,386,5,2,0,2,6,3,2,3,21,2,0,6,4,1,0,8,6,6,1,6,10,6,4,2,2,4,4,0,4,16,4,6,762
orjson_3_10_2,383b19b70dba5f0796485b8f578aeaa6cc2c80ba,0,8419041.666666666,3331.0,220,103,1,23,33,40,22,376,206,170,78,10,92,27,32,33,386,5,2,0,2,6,3,2,3,21,2,0,6,4,1,0,8,6,6,1,6,10,6,4,2,2,4,4,0,4,16,4,6,762
orjson_3_10_3,383b19b70dba5f0796485b8f578aeaa6cc2c80ba,0,8348166.666666667,3331.0,220,103,1,23,33,40,22,376,206,170,78,10,92,27,32,33,386,5,2,0,2,6,3,2,3,21,2,0,6,4,1,0,8,6,6,1,6,10,6,4,2,2,4,4,0,4,16,4,6,762
orjson_3_10_4,383b19b70dba5f0796485b8f578aeaa6cc2c80ba,0,8221513.666666667,3331.0,220,103,1,23,33,40,22,376,206,170,78,10,92,27,32,33,386,5,2,0,2,6,3,2,3,21,2,0,6,4,1,0,8,6,6,1,6,10,6,4,2,2,4,4,0,4,16,4,6,762
orjson_3_10_5,383b19b70dba5f0796485b8f578aeaa6cc2c80ba,0,8213042.0,3331.0,220,103,1,23,33,40,22,376,206,170,78,10,92,27,32,33,386,5,2,0,2,6,3,2,3,21,2,0,6,4,1,0,8,6,6,1,6,10,6,4,2,2,4,4,0,4,16,4,6,762
orjson_3_10_6,383b19b70dba5f0796485b8f578aeaa6cc2c80ba,0,8258750.0,3331.0,220,103,1,23,33,40,22,376,206,170,78,10,92,27,32,33,386,5,2,0,2,6,3,2,3,21,2,0,6,4,1,0,8,6,6,1,6,10,6,4,2,2,4,4,0,4,16,4,6,762
orjson_3_10_1,4ec2b32fae34052ef2acc1e3d6a14099a18d314a,0,9244236.0,4208.0,206,107,3,22,28,36,20,427,217,210,97,11,113,36,35,42,437,5,1,1,1,2,1,0,1,0,1,1,3,2,0,1,6,3,5,3,5,6,5,3,2,2,3,6,0,6,11,6,3,864
orjson_3_10_2,4ec2b32fae34052ef2acc1e3d6a14099a18d314a,0,9319444.333333334,4208.0,206,107,3,22,28,36,20,427,217,210,97,11,113,36,35,42,437,5,1,1,1,2,1,0,1,0,1,1,3,2,0,1,6,3,5,3,5,6,5,3,2,2,3,6,0,6,11,6,3,864
orjson_3_10_3,4ec2b32fae34052ef2acc1e3d6a14099a18d314a,0,9260527.333333334,4208.0,206,107,3,22,28,36,20,427,217,210,97,11,113,36,35,42,437,5,1,1,1,2,1,0,1,0,1,1,3,2,0,1,6,3,5,3,5,6,5,3,2,2,3,6,0,6,11,6,3,864
orjson_3_10_4,4ec2b32fae34052ef2acc1e3d6a14099a18d314a,0,9143708.0,4208.0,206,107,3,22,28,36,20,427,217,210,97,11,113,36,35,42,437,5,1,1,1,2,1,0,1,0,1,1,3,2,0,1,6,3,5,3,5,6,5,3,2,2,3,6,0,6,11,6,3,864
orjson_3_10_5,4ec2b32fae34052ef2acc1e3d6a14099a18d314a,0,9122013.666666666,4208.0,206,107,3,22,28,36,20,427,217,210,97,11,113,36,35,42,437,5,1,1,1,2,1,0,1,0,1,1,3,2,0,1,6,3,5,3,5,6,5,3,2,2,3,6,0,6,11,6,3,864
orjson_3_10_6,4ec2b32fae34052ef2acc1e3d6a14099a18d314a,0,9190958.333333334,4208.0,206,107,3,22,28,36,20,427,217,210,97,11,113,36,35,42,437,5,1,1,1,2,1,0,1,0,1,1,3,2,0,1,6,3,5,3,5,6,5,3,2,2,3,6,0,6,11,6,3,864
orjson_3_10_1,ad46b07fbb61a67f611fde8ea05aa6d3e6a67492,0,1468889.0,616.0,28,14,0,0,2,3,4,54,24,30,14,1,16,4,5,7,60,1,1,0,1,0,2,1,1,0,0,0,1,0,0,0,0,0,1,0,1,2,1,1,0,0,1,0,0,1,3,0,1,114
orjson_3_10_2,ad46b07fbb61a67f611fde8ea05aa6d3e6a67492,0,1485278.0,616.0,28,14,0,0,2,3,4,54,24,30,14,1,16,4,5,7,60,1,1,0,1,0,2,1,1,0,0,0,1,0,0,0,0,0,1,0,1,2,1,1,0,0,1,0,0,1,3,0,1,114
orjson_3_10_3,ad46b07fbb61a67f611fde8ea05aa6d3e6a67492,0,1492458.3333333333,616.0,28,14,0,0,2,3,4,54,24,30,14,1,16,4,5,7,60,1,1,0,1,0,2,1,1,0,0,0,1,0,0,0,0,0,1,0,1,2,1,1,0,0,1,0,0,1,3,0,1,114
orjson_3_10_4,ad46b07fbb61a67f611fde8ea05aa6d3e6a67492,0,1475194.3333333333,616.0,28,14,0,0,2,3,4,54,24,30,14,1,16,4,5,7,60,1,1,0,1,0,2,1,1,0,0,0,1,0,0,0,0,0,1,0,1,2,1,1,0,0,1,0,0,1,3,0,1,114
orjson_3_10_5,ad46b07fbb61a67f611fde8ea05aa6d3e6a67492,0,1473041.75,616.0,28,14,0,0,2,3,4,54,24,30,14,1,16,4,5,7,60,1,1,0,1,0,2,1,1,0,0,0,1,0,0,0,0,0,1,0,1,2,1,1,0,0,1,0,0,1,3,0,1,114
orjson_3_10_6,ad46b07fbb61a67f611fde8ea05aa6d3e6a67492,0,1457014.0,616.0,28,14,0,0,2,3,4,54,24,30,14,1,16,4,5,7,60,1,1,0,1,0,2,1,1,0,0,0,1,0,0,0,0,0,1,0,1,2,1,1,0,0,1,0,0,1,3,0,1,114
orjson_3_10_1,d73008dfadb584c77b5288ab65d371b17d3eabb3,0,436055.3333333333,120.0,22,8,0,0,2,3,3,10,7,3,0,0,3,1,1,1,9,1,0,0,0,0,0,0,0,0,0,0,0,0,0,0,0,2,1,0,1,2,1,0,0,0,0,0,0,1,3,0,0,19
orjson_3_10_2,d73008dfadb584c77b5288ab65d371b17d3eabb3,0,420949.8,120.0,22,8,0,0,2,3,3,10,7,3,0,0,3,1,1,1,9,1,0,0,0,0,0,0,0,0,0,0,0,0,0,0,0,2,1,0,1,2,1,0,0,0,0,0,0,1,3,0,0,19
orjson_3_10_3,d73008dfadb584c77b5288ab65d371b17d3eabb3,0,416624.5,120.0,22,8,0,0,2,3,3,10,7,3,0,0,3,1,1,1,9,1,0,0,0,0,0,0,0,0,0,0,0,0,0,0,0,2,1,0,1,2,1,0,0,0,0,0,0,1,3,0,0,19
orjson_3_10_4,d73008dfadb584c77b5288ab65d371b17d3eabb3,0,424805.3333333333,120.0,22,8,0,0,2,3,3,10,7,3,0,0,3,1,1,1,9,1,0,0,0,0,0,0,0,0,0,0,0,0,0,0,0,2,1,0,1,2,1,0,0,0,0,0,0,1,3,0,0,19
orjson_3_10_5,d73008dfadb584c77b5288ab65d371b17d3eabb3,0,426008.6,120.0,22,8,0,0,2,3,3,10,7,3,0,0,3,1,1,1,9,1,0,0,0,0,0,0,0,0,0,0,0,0,0,0,0,2,1,0,1,2,1,0,0,0,0,0,0,1,3,0,0,19
orjson_3_10_6,d73008dfadb584c77b5288ab65d371b17d3eabb3,0,423979.5,120.0,22,8,0,0,2,3,3,10,7,3,0,0,3,1,1,1,9,1,0,0,0,0,0,0,0,0,0,0,0,0,0,0,0,2,1,0,1,2,1,0,0,0,0,0,0,1,3,0,0,19
orjson_3_10_1,adb08a6ccfcc5a046faf7f4c263189374911473c,0,1402416.6666666667,603.0,19,8,0,0,1,2,3,72,40,32,17,3,15,2,7,6,74,0,0,0,0,0,0,0,0,0,0,0,0,0,0,0,0,0,1,0,1,1,1,0,2,2,0,1,0,2,2,1,0,146
orjson_3_10_2,adb08a6ccfcc5a046faf7f4c263189374911473c,0,1462430.6666666667,603.0,19,8,0,0,1,2,3,72,40,32,17,3,15,2,7,6,74,0,0,0,0,0,0,0,0,0,0,0,0,0,0,0,0,0,1,0,1,1,1,0,2,2,0,1,0,2,2,1,0,146
orjson_3_10_3,adb08a6ccfcc5a046faf7f4c263189374911473c,0,1433569.3333333333,603.0,19,8,0,0,1,2,3,72,40,32,17,3,15,2,7,6,74,0,0,0,0,0,0,0,0,0,0,0,0,0,0,0,0,0,1,0,1,1,1,0,2,2,0,1,0,2,2,1,0,146
orjson_3_10_4,adb08a6ccfcc5a046faf7f4c263189374911473c,0,1403027.6666666667,603.0,19,8,0,0,1,2,3,72,40,32,17,3,15,2,7,6,74,0,0,0,0,0,0,0,0,0,0,0,0,0,0,0,0,0,1,0,1,1,1,0,2,2,0,1,0,2,2,1,0,146
orjson_3_10_5,adb08a6ccfcc5a046faf7f4c263189374911473c,0,1411722.3333333333,603.0,19,8,0,0,1,2,3,72,40,32,17,3,15,2,7,6,74,0,0,0,0,0,0,0,0,0,0,0,0,0,0,0,0,0,1,0,1,1,1,0,2,2,0,1,0,2,2,1,0,146
orjson_3_10_6,adb08a6ccfcc5a046faf7f4c263189374911473c,0,1424833.0,603.0,19,8,0,0,1,2,3,72,40,32,17,3,15,2,7,6,74,0,0,0,0,0,0,0,0,0,0,0,0,0,0,0,0,0,1,0,1,1,1,0,2,2,0,1,0,2,2,1,0,146
orjson_3_10_1,76eadce4224d569075336318f0095b6cd4d199a3,0,4551055.666666667,2344.0,25,15,0,0,1,2,3,266,123,143,85,14,58,15,21,22,257,0,0,0,0,0,0,0,0,0,0,0,0,0,0,0,0,1,1,0,1,1,1,7,1,1,7,6,0,1,2,0,0,523
orjson_3_10_2,76eadce4224d569075336318f0095b6cd4d199a3,0,4672777.666666667,2344.0,25,15,0,0,1,2,3,266,123,143,85,14,58,15,21,22,257,0,0,0,0,0,0,0,0,0,0,0,0,0,0,0,0,1,1,0,1,1,1,7,1,1,7,6,0,1,2,0,0,523
orjson_3_10_3,76eadce4224d569075336318f0095b6cd4d199a3,0,4603291.333333333,2344.0,25,15,0,0,1,2,3,266,123,143,85,14,58,15,21,22,257,0,0,0,0,0,0,0,0,0,0,0,0,0,0,0,0,1,1,0,1,1,1,7,1,1,7,6,0,1,2,0,0,523
orjson_3_10_4,76eadce4224d569075336318f0095b6cd4d199a3,0,4492485.666666667,2344.0,25,15,0,0,1,2,3,266,123,143,85,14,58,15,21,22,257,0,0,0,0,0,0,0,0,0,0,0,0,0,0,0,0,1,1,0,1,1,1,7,1,1,7,6,0,1,2,0,0,523
orjson_3_10_5,76eadce4224d569075336318f0095b6cd4d199a3,0,4521555.333333333,2344.0,25,15,0,0,1,2,3,266,123,143,85,14,58,15,21,22,257,0,0,0,0,0,0,0,0,0,0,0,0,0,0,0,0,1,1,0,1,1,1,7,1,1,7,6,0,1,2,0,0,523
orjson_3_10_6,76eadce4224d569075336318f0095b6cd4d199a3,0,4557597.666666667,2344.0,25,15,0,0,1,2,3,266,123,143,85,14,58,15,21,22,257,0,0,0,0,0,0,0,0,0,0,0,0,0,0,0,0,1,1,0,1,1,1,7,1,1,7,6,0,1,2,0,0,523
orjson_3_10_1,a32f9923890cda0146795f84a61872fd0b572824,0,9302916.666666666,4056.0,69,22,0,0,7,11,12,470,213,257,122,10,135,54,41,40,471,2,0,0,0,1,0,0,0,12,1,0,1,1,0,1,1,2,4,0,4,7,4,1,5,5,1,4,0,4,11,1,1,941
orjson_3_10_2,a32f9923890cda0146795f84a61872fd0b572824,0,9536444.333333334,4056.0,69,22,0,0,7,11,12,470,213,257,122,10,135,54,41,40,471,2,0,0,0,1,0,0,0,12,1,0,1,1,0,1,1,2,4,0,4,7,4,1,5,5,1,4,0,4,11,1,1,941
orjson_3_10_3,a32f9923890cda0146795f84a61872fd0b572824,0,9620958.333333334,4056.0,69,22,0,0,7,11,12,470,213,257,122,10,135,54,41,40,471,2,0,0,0,1,0,0,0,12,1,0,1,1,0,1,1,2,4,0,4,7,4,1,5,5,1,4,0,4,11,1,1,941
orjson_3_10_4,a32f9923890cda0146795f84a61872fd0b572824,0,9253722.0,4056.0,69,22,0,0,7,11,12,470,213,257,122,10,135,54,41,40,471,2,0,0,0,1,0,0,0,12,1,0,1,1,0,1,1,2,4,0,4,7,4,1,5,5,1,4,0,4,11,1,1,941
orjson_3_10_5,a32f9923890cda0146795f84a61872fd0b572824,0,9242222.333333334,4056.0,69,22,0,0,7,11,12,470,213,257,122,10,135,54,41,40,471,2,0,0,0,1,0,0,0,12,1,0,1,1,0,1,1,2,4,0,4,7,4,1,5,5,1,4,0,4,11,1,1,941
orjson_3_10_6,a32f9923890cda0146795f84a61872fd0b572824,0,9387999.666666666,4056.0,69,22,0,0,7,11,12,470,213,257,122,10,135,54,41,40,471,2,0,0,0,1,0,0,0,12,1,0,1,1,0,1,1,2,4,0,4,7,4,1,5,5,1,4,0,4,11,1,1,941
orjson_3_10_1,b9c978dbc2e03d731128e6c2d5faf7ef8b20bca7,0,1845614.75,741.0,32,18,0,0,2,3,4,98,58,40,15,2,25,14,5,6,93,2,0,0,0,0,0,0,0,0,0,0,0,0,0,0,0,0,1,0,1,2,1,0,1,1,0,1,0,1,3,0,0,191
orjson_3_10_2,b9c978dbc2e03d731128e6c2d5faf7ef8b20bca7,0,1860916.6666666667,741.0,32,18,0,0,2,3,4,98,58,40,15,2,25,14,5,6,93,2,0,0,0,0,0,0,0,0,0,0,0,0,0,0,0,0,1,0,1,2,1,0,1,1,0,1,0,1,3,0,0,191
orjson_3_10_3,b9c978dbc2e03d731128e6c2d5faf7ef8b20bca7,0,1859194.3333333333,741.0,32,18,0,0,2,3,4,98,58,40,15,2,25,14,5,6,93,2,0,0,0,0,0,0,0,0,0,0,0,0,0,0,0,0,1,0,1,2,1,0,1,1,0,1,0,1,3,0,0,191
orjson_3_10_4,b9c978dbc2e03d731128e6c2d5faf7ef8b20bca7,0,1833222.3333333333,741.0,32,18,0,0,2,3,4,98,58,40,15,2,25,14,5,6,93,2,0,0,0,0,0,0,0,0,0,0,0,0,0,0,0,0,1,0,1,2,1,0,1,1,0,1,0,1,3,0,0,191
orjson_3_10_5,b9c978dbc2e03d731128e6c2d5faf7ef8b20bca7,0,1847750.0,741.0,32,18,0,0,2,3,4,98,58,40,15,2,25,14,5,6,93,2,0,0,0,0,0,0,0,0,0,0,0,0,0,0,0,0,1,0,1,2,1,0,1,1,0,1,0,1,3,0,0,191
orjson_3_10_6,b9c978dbc2e03d731128e6c2d5faf7ef8b20bca7,0,1867236.0,741.0,32,18,0,0,2,3,4,98,58,40,15,2,25,14,5,6,93,2,0,0,0,0,0,0,0,0,0,0,0,0,0,0,0,0,1,0,1,2,1,0,1,1,0,1,0,1,3,0,0,191
orjson_3_10_1,a2dd88bb32fe4a39898f07ccbc2fe5d5e958c03a,0,484111.3333333333,121.0,19,5,0,0,2,3,4,11,8,3,2,1,1,1,0,0,11,0,0,0,0,0,0,0,0,0,0,0,0,0,0,0,2,0,1,0,1,2,1,0,0,0,0,1,0,1,3,0,0,22
orjson_3_10_2,a2dd88bb32fe4a39898f07ccbc2fe5d5e958c03a,0,480052.25,121.0,19,5,0,0,2,3,4,11,8,3,2,1,1,1,0,0,11,0,0,0,0,0,0,0,0,0,0,0,0,0,0,0,2,0,1,0,1,2,1,0,0,0,0,1,0,1,3,0,0,22
orjson_3_10_3,a2dd88bb32fe4a39898f07ccbc2fe5d5e958c03a,0,471364.5,121.0,19,5,0,0,2,3,4,11,8,3,2,1,1,1,0,0,11,0,0,0,0,0,0,0,0,0,0,0,0,0,0,0,2,0,1,0,1,2,1,0,0,0,0,1,0,1,3,0,0,22
orjson_3_10_4,a2dd88bb32fe4a39898f07ccbc2fe5d5e958c03a,0,475947.75,121.0,19,5,0,0,2,3,4,11,8,3,2,1,1,1,0,0,11,0,0,0,0,0,0,0,0,0,0,0,0,0,0,0,2,0,1,0,1,2,1,0,0,0,0,1,0,1,3,0,0,22
orjson_3_10_5,a2dd88bb32fe4a39898f07ccbc2fe5d5e958c03a,0,471500.0,121.0,19,5,0,0,2,3,4,11,8,3,2,1,1,1,0,0,11,0,0,0,0,0,0,0,0,0,0,0,0,0,0,0,2,0,1,0,1,2,1,0,0,0,0,1,0,1,3,0,0,22
orjson_3_10_6,a2dd88bb32fe4a39898f07ccbc2fe5d5e958c03a,0,472583.3333333333,121.0,19,5,0,0,2,3,4,11,8,3,2,1,1,1,0,0,11,0,0,0,0,0,0,0,0,0,0,0,0,0,0,0,2,0,1,0,1,2,1,0,0,0,0,1,0,1,3,0,0,22
orjson_3_10_1,4ad0e34e21eae3082d393698ed4f1a501dd48e85,0,4477333.25,2116.0,30,16,0,0,2,3,4,219,114,105,47,4,58,18,20,20,224,0,0,0,0,1,0,0,0,0,0,0,1,1,1,0,0,1,1,0,1,2,1,2,2,2,2,0,0,1,3,0,1,443
orjson_3_10_2,4ad0e34e21eae3082d393698ed4f1a501dd48e85,0,4523000.0,2116.0,30,16,0,0,2,3,4,219,114,105,47,4,58,18,20,20,224,0,0,0,0,1,0,0,0,0,0,0,1,1,1,0,0,1,1,0,1,2,1,2,2,2,2,0,0,1,3,0,1,443
orjson_3_10_3,4ad0e34e21eae3082d393698ed4f1a501dd48e85,0,4504666.666666667,2116.0,30,16,0,0,2,3,4,219,114,105,47,4,58,18,20,20,224,0,0,0,0,1,0,0,0,0,0,0,1,1,1,0,0,1,1,0,1,2,1,2,2,2,2,0,0,1,3,0,1,443
orjson_3_10_4,4ad0e34e21eae3082d393698ed4f1a501dd48e85,0,4407347.333333333,2116.0,30,16,0,0,2,3,4,219,114,105,47,4,58,18,20,20,224,0,0,0,0,1,0,0,0,0,0,0,1,1,1,0,0,1,1,0,1,2,1,2,2,2,2,0,0,1,3,0,1,443
orjson_3_10_5,4ad0e34e21eae3082d393698ed4f1a501dd48e85,0,4410944.333333333,2116.0,30,16,0,0,2,3,4,219,114,105,47,4,58,18,20,20,224,0,0,0,0,1,0,0,0,0,0,0,1,1,1,0,0,1,1,0,1,2,1,2,2,2,2,0,0,1,3,0,1,443
orjson_3_10_6,4ad0e34e21eae3082d393698ed4f1a501dd48e85,0,4473527.666666667,2116.0,30,16,0,0,2,3,4,219,114,105,47,4,58,18,20,20,224,0,0,0,0,1,0,0,0,0,0,0,1,1,1,0,0,1,1,0,1,2,1,2,2,2,2,0,0,1,3,0,1,443
orjson_3_10_1,26077930a051cae98c10bb2c4dece7eaf3ee646c,0,9603458.0,4208.0,74,31,1,1,7,11,11,478,236,242,116,19,126,51,33,42,457,1,0,0,0,0,0,0,0,0,0,0,0,0,0,0,2,2,3,1,3,6,3,7,9,9,7,3,0,4,9,2,0,935
orjson_3_10_2,26077930a051cae98c10bb2c4dece7eaf3ee646c,0,9808972.0,4208.0,74,31,1,1,7,11,11,478,236,242,116,19,126,51,33,42,457,1,0,0,0,0,0,0,0,0,0,0,0,0,0,0,2,2,3,1,3,6,3,7,9,9,7,3,0,4,9,2,0,935
orjson_3_10_3,26077930a051cae98c10bb2c4dece7eaf3ee646c,0,9867597.333333334,4208.0,74,31,1,1,7,11,11,478,236,242,116,19,126,51,33,42,457,1,0,0,0,0,0,0,0,0,0,0,0,0,0,0,2,2,3,1,3,6,3,7,9,9,7,3,0,4,9,2,0,935
orjson_3_10_4,26077930a051cae98c10bb2c4dece7eaf3ee646c,0,9646500.333333334,4208.0,74,31,1,1,7,11,11,478,236,242,116,19,126,51,33,42,457,1,0,0,0,0,0,0,0,0,0,0,0,0,0,0,2,2,3,1,3,6,3,7,9,9,7,3,0,4,9,2,0,935
orjson_3_10_5,26077930a051cae98c10bb2c4dece7eaf3ee646c,0,9591847.0,4208.0,74,31,1,1,7,11,11,478,236,242,116,19,126,51,33,42,457,1,0,0,0,0,0,0,0,0,0,0,0,0,0,0,2,2,3,1,3,6,3,7,9,9,7,3,0,4,9,2,0,935
orjson_3_10_6,26077930a051cae98c10bb2c4dece7eaf3ee646c,0,9733528.0,4208.0,74,31,1,1,7,11,11,478,236,242,116,19,126,51,33,42,457,1,0,0,0,0,0,0,0,0,0,0,0,0,0,0,2,2,3,1,3,6,3,7,9,9,7,3,0,4,9,2,0,935
orjson_3_10_1,def96fb6c38e098cf4a3466a7fba3bd5257380c1,0,1737389.0,740.0,23,13,0,0,1,2,2,75,37,38,23,3,15,2,7,6,83,0,1,1,1,1,3,0,0,0,0,1,1,0,0,0,0,1,1,0,1,1,1,0,2,2,0,1,0,1,2,0,1,158
orjson_3_10_2,def96fb6c38e098cf4a3466a7fba3bd5257380c1,0,1746583.3333333333,740.0,23,13,0,0,1,2,2,75,37,38,23,3,15,2,7,6,83,0,1,1,1,1,3,0,0,0,0,1,1,0,0,0,0,1,1,0,1,1,1,0,2,2,0,1,0,1,2,0,1,158
orjson_3_10_3,def96fb6c38e098cf4a3466a7fba3bd5257380c1,0,1761444.3333333333,740.0,23,13,0,0,1,2,2,75,37,38,23,3,15,2,7,6,83,0,1,1,1,1,3,0,0,0,0,1,1,0,0,0,0,1,1,0,1,1,1,0,2,2,0,1,0,1,2,0,1,158
orjson_3_10_4,def96fb6c38e098cf4a3466a7fba3bd5257380c1,0,1718750.0,740.0,23,13,0,0,1,2,2,75,37,38,23,3,15,2,7,6,83,0,1,1,1,1,3,0,0,0,0,1,1,0,0,0,0,1,1,0,1,1,1,0,2,2,0,1,0,1,2,0,1,158
orjson_3_10_5,def96fb6c38e098cf4a3466a7fba3bd5257380c1,0,1712760.5,740.0,23,13,0,0,1,2,2,75,37,38,23,3,15,2,7,6,83,0,1,1,1,1,3,0,0,0,0,1,1,0,0,0,0,1,1,0,1,1,1,0,2,2,0,1,0,1,2,0,1,158
orjson_3_10_6,def96fb6c38e098cf4a3466a7fba3bd5257380c1,0,1750291.6666666667,740.0,23,13,0,0,1,2,2,75,37,38,23,3,15,2,7,6,83,0,1,1,1,1,3,0,0,0,0,1,1,0,0,0,0,1,1,0,1,1,1,0,2,2,0,1,0,1,2,0,1,158
orjson_3_10_1,c410ee3ec95916075d87bb96bd8fceee90e277b6,0,8737319.0,4116.0,86,27,2,6,11,18,12,470,232,238,109,7,129,49,39,41,450,3,0,0,0,0,0,0,0,13,1,0,1,1,0,1,4,1,5,2,5,5,5,4,1,1,4,2,0,7,10,3,1,920
orjson_3_10_2,c410ee3ec95916075d87bb96bd8fceee90e277b6,0,8854278.0,4116.0,86,27,2,6,11,18,12,470,232,238,109,7,129,49,39,41,450,3,0,0,0,0,0,0,0,13,1,0,1,1,0,1,4,1,5,2,5,5,5,4,1,1,4,2,0,7,10,3,1,920
orjson_3_10_3,c410ee3ec95916075d87bb96bd8fceee90e277b6,0,8768917.0,4116.0,86,27,2,6,11,18,12,470,232,238,109,7,129,49,39,41,450,3,0,0,0,0,0,0,0,13,1,0,1,1,0,1,4,1,5,2,5,5,5,4,1,1,4,2,0,7,10,3,1,920
orjson_3_10_4,c410ee3ec95916075d87bb96bd8fceee90e277b6,0,8635916.666666666,4116.0,86,27,2,6,11,18,12,470,232,238,109,7,129,49,39,41,450,3,0,0,0,0,0,0,0,13,1,0,1,1,0,1,4,1,5,2,5,5,5,4,1,1,4,2,0,7,10,3,1,920
orjson_3_10_5,c410ee3ec95916075d87bb96bd8fceee90e277b6,0,8783055.666666666,4116.0,86,27,2,6,11,18,12,470,232,238,109,7,129,49,39,41,450,3,0,0,0,0,0,0,0,13,1,0,1,1,0,1,4,1,5,2,5,5,5,4,1,1,4,2,0,7,10,3,1,920
orjson_3_10_6,c410ee3ec95916075d87bb96bd8fceee90e277b6,0,8749958.333333334,4116.0,86,27,2,6,11,18,12,470,232,238,109,7,129,49,39,41,450,3,0,0,0,0,0,0,0,13,1,0,1,1,0,1,4,1,5,2,5,5,5,4,1,1,4,2,0,7,10,3,1,920
orjson_3_10_1,6ce918aec36da7d78146767b3ad6ec5db4ebdfe3,0,2134277.6666666665,624.0,68,41,0,0,4,6,7,69,31,38,17,2,21,8,10,3,76,1,1,0,1,0,1,1,1,0,0,0,1,0,0,0,1,0,2,0,2,4,2,1,0,0,1,1,0,2,6,1,1,145
orjson_3_10_2,6ce918aec36da7d78146767b3ad6ec5db4ebdfe3,0,2130111.0,624.0,68,41,0,0,4,6,7,69,31,38,17,2,21,8,10,3,76,1,1,0,1,0,1,1,1,0,0,0,1,0,0,0,1,0,2,0,2,4,2,1,0,0,1,1,0,2,6,1,1,145
orjson_3_10_3,6ce918aec36da7d78146767b3ad6ec5db4ebdfe3,0,2133652.6666666665,624.0,68,41,0,0,4,6,7,69,31,38,17,2,21,8,10,3,76,1,1,0,1,0,1,1,1,0,0,0,1,0,0,0,1,0,2,0,2,4,2,1,0,0,1,1,0,2,6,1,1,145
orjson_3_10_4,6ce918aec36da7d78146767b3ad6ec5db4ebdfe3,0,2097360.6666666665,624.0,68,41,0,0,4,6,7,69,31,38,17,2,21,8,10,3,76,1,1,0,1,0,1,1,1,0,0,0,1,0,0,0,1,0,2,0,2,4,2,1,0,0,1,1,0,2,6,1,1,145
orjson_3_10_5,6ce918aec36da7d78146767b3ad6ec5db4ebdfe3,0,2105528.0,624.0,68,41,0,0,4,6,7,69,31,38,17,2,21,8,10,3,76,1,1,0,1,0,1,1,1,0,0,0,1,0,0,0,1,0,2,0,2,4,2,1,0,0,1,1,0,2,6,1,1,145
orjson_3_10_6,6ce918aec36da7d78146767b3ad6ec5db4ebdfe3,0,2136417.0,624.0,68,41,0,0,4,6,7,69,31,38,17,2,21,8,10,3,76,1,1,0,1,0,1,1,1,0,0,0,1,0,0,0,1,0,2,0,2,4,2,1,0,0,1,1,0,2,6,1,1,145
orjson_3_10_1,01e84ba898baa944b3519ff0d0968d3453f34a02,0,1935069.6666666667,816.0,41,27,0,0,2,3,3,83,44,39,17,0,22,11,6,5,95,1,0,0,0,0,0,0,0,0,0,0,0,0,0,0,1,1,1,0,1,2,1,0,0,0,0,0,0,1,3,0,0,178
orjson_3_10_2,01e84ba898baa944b3519ff0d0968d3453f34a02,0,1990611.3333333333,816.0,41,27,0,0,2,3,3,83,44,39,17,0,22,11,6,5,95,1,0,0,0,0,0,0,0,0,0,0,0,0,0,0,1,1,1,0,1,2,1,0,0,0,0,0,0,1,3,0,0,178
orjson_3_10_3,01e84ba898baa944b3519ff0d0968d3453f34a02,0,2006236.3333333333,816.0,41,27,0,0,2,3,3,83,44,39,17,0,22,11,6,5,95,1,0,0,0,0,0,0,0,0,0,0,0,0,0,0,1,1,1,0,1,2,1,0,0,0,0,0,0,1,3,0,0,178
orjson_3_10_4,01e84ba898baa944b3519ff0d0968d3453f34a02,0,1941361.3333333333,816.0,41,27,0,0,2,3,3,83,44,39,17,0,22,11,6,5,95,1,0,0,0,0,0,0,0,0,0,0,0,0,0,0,1,1,1,0,1,2,1,0,0,0,0,0,0,1,3,0,0,178
orjson_3_10_5,01e84ba898baa944b3519ff0d0968d3453f34a02,0,1929292.0,816.0,41,27,0,0,2,3,3,83,44,39,17,0,22,11,6,5,95,1,0,0,0,0,0,0,0,0,0,0,0,0,0,0,1,1,1,0,1,2,1,0,0,0,0,0,0,1,3,0,0,178
orjson_3_10_6,01e84ba898baa944b3519ff0d0968d3453f34a02,0,1945805.3333333333,816.0,41,27,0,0,2,3,3,83,44,39,17,0,22,11,6,5,95,1,0,0,0,0,0,0,0,0,0,0,0,0,0,0,1,1,1,0,1,2,1,0,0,0,0,0,0,1,3,0,0,178
orjson_3_10_1,20bdf7965fcbb727c67ed31b007aff95a027fc10,0,10750156.0,4841.0,282,72,0,0,48,50,61,334,156,178,100,11,78,29,27,22,329,10,3,2,1,2,3,1,1,0,0,2,3,0,0,0,5,12,2,0,2,48,2,6,3,3,6,2,0,3,50,8,3,663
orjson_3_10_2,20bdf7965fcbb727c67ed31b007aff95a027fc10,0,10320389.0,4841.0,282,72,0,0,48,50,61,334,156,178,100,11,78,29,27,22,329,10,3,2,1,2,3,1,1,0,0,2,3,0,0,0,5,12,2,0,2,48,2,6,3,3,6,2,0,3,50,8,3,663
orjson_3_10_3,20bdf7965fcbb727c67ed31b007aff95a027fc10,0,10342194.666666666,4841.0,282,72,0,0,48,50,61,334,156,178,100,11,78,29,27,22,329,10,3,2,1,2,3,1,1,0,0,2,3,0,0,0,5,12,2,0,2,48,2,6,3,3,6,2,0,3,50,8,3,663
orjson_3_10_4,20bdf7965fcbb727c67ed31b007aff95a027fc10,0,10229097.333333334,4841.0,282,72,0,0,48,50,61,334,156,178,100,11,78,29,27,22,329,10,3,2,1,2,3,1,1,0,0,2,3,0,0,0,5,12,2,0,2,48,2,6,3,3,6,2,0,3,50,8,3,663
orjson_3_10_5,20bdf7965fcbb727c67ed31b007aff95a027fc10,0,10443166.666666666,4987.0,282,72,0,0,48,50,61,334,156,178,100,11,78,29,27,22,329,10,3,2,1,2,3,1,1,0,0,2,3,0,0,0,5,12,2,0,2,48,2,6,3,3,6,2,0,3,50,8,3,663
orjson_3_10_6,20bdf7965fcbb727c67ed31b007aff95a027fc10,0,10380833.333333334,4841.0,282,72,0,0,48,50,61,334,156,178,100,11,78,29,27,22,329,10,3,2,1,2,3,1,1,0,0,2,3,0,0,0,5,12,2,0,2,48,2,6,3,3,6,2,0,3,50,8,3,663
orjson_3_10_1,d2dffc3f837377f7c157cd387fc14123b160852e,0,9187375.0,4576.0,172,70,0,0,24,25,32,403,193,210,110,13,100,39,33,28,410,6,0,0,0,1,0,0,1,0,1,0,2,2,0,1,6,4,1,0,1,24,1,6,4,4,6,3,0,1,25,0,2,813
orjson_3_10_2,d2dffc3f837377f7c157cd387fc14123b160852e,0,9165166.666666666,4469.0,172,70,0,0,24,25,32,403,193,210,110,13,100,39,33,28,410,6,0,0,0,1,0,0,1,0,1,0,2,2,0,1,6,4,1,0,1,24,1,6,4,4,6,3,0,1,25,0,2,813
orjson_3_10_3,d2dffc3f837377f7c157cd387fc14123b160852e,0,9000611.0,4469.0,172,70,0,0,24,25,32,403,193,210,110,13,100,39,33,28,410,6,0,0,0,1,0,0,1,0,1,0,2,2,0,1,6,4,1,0,1,24,1,6,4,4,6,3,0,1,25,0,2,813
orjson_3_10_4,d2dffc3f837377f7c157cd387fc14123b160852e,0,8773847.0,4469.0,172,70,0,0,24,25,32,403,193,210,110,13,100,39,33,28,410,6,0,0,0,1,0,0,1,0,1,0,2,2,0,1,6,4,1,0,1,24,1,6,4,4,6,3,0,1,25,0,2,813
orjson_3_10_5,d2dffc3f837377f7c157cd387fc14123b160852e,0,8787917.0,4469.0,172,70,0,0,24,25,32,403,193,210,110,13,100,39,33,28,410,6,0,0,0,1,0,0,1,0,1,0,2,2,0,1,6,4,1,0,1,24,1,6,4,4,6,3,0,1,25,0,2,813
orjson_3_10_6,d2dffc3f837377f7c157cd387fc14123b160852e,0,8881000.0,4469.0,172,70,0,0,24,25,32,403,193,210,110,13,100,39,33,28,410,6,0,0,0,1,0,0,1,0,1,0,2,2,0,1,6,4,1,0,1,24,1,6,4,4,6,3,0,1,25,0,2,813
orjson_3_10_1,54c87ed148dc0534ecaabde1925fcbce8fdc714a,0,10338166.666666666,4747.0,295,83,1,0,48,51,58,347,196,151,71,4,80,25,27,28,319,4,2,2,1,2,1,0,1,0,0,2,5,3,2,0,10,14,2,1,2,48,2,1,2,2,1,1,0,4,50,9,5,666
orjson_3_10_2,54c87ed148dc0534ecaabde1925fcbce8fdc714a,0,9545479.25,4662.0,295,83,1,0,48,51,58,347,196,151,71,4,80,25,27,28,319,4,2,2,1,2,1,0,1,0,0,2,5,3,2,0,10,14,2,1,2,48,2,1,2,2,1,1,0,4,50,9,5,666
orjson_3_10_3,54c87ed148dc0534ecaabde1925fcbce8fdc714a,0,9626139.0,4662.0,295,83,1,0,48,51,58,347,196,151,71,4,80,25,27,28,319,4,2,2,1,2,1,0,1,0,0,2,5,3,2,0,10,14,2,1,2,48,2,1,2,2,1,1,0,4,50,9,5,666
orjson_3_10_4,54c87ed148dc0534ecaabde1925fcbce8fdc714a,0,9411667.0,4662.0,295,83,1,0,48,51,58,347,196,151,71,4,80,25,27,28,319,4,2,2,1,2,1,0,1,0,0,2,5,3,2,0,10,14,2,1,2,48,2,1,2,2,1,1,0,4,50,9,5,666
orjson_3_10_5,54c87ed148dc0534ecaabde1925fcbce8fdc714a,0,9437597.0,4662.0,295,83,1,0,48,51,58,347,196,151,71,4,80,25,27,28,319,4,2,2,1,2,1,0,1,0,0,2,5,3,2,0,10,14,2,1,2,48,2,1,2,2,1,1,0,4,50,9,5,666
orjson_3_10_6,54c87ed148dc0534ecaabde1925fcbce8fdc714a,0,9613527.666666666,4782.0,295,83,1,0,48,51,58,347,196,151,71,4,80,25,27,28,319,4,2,2,1,2,1,0,1,0,0,2,5,3,2,0,10,14,2,1,2,48,2,1,2,2,1,1,0,4,50,9,5,666
orjson_3_10_1,3b72f1b9d25d9ee3afb3d5965bcb402645cacf76,0,10447819.333333334,4747.0,295,83,1,0,48,51,58,347,196,151,71,4,80,25,27,28,319,4,2,2,1,2,1,0,1,0,0,2,5,3,2,0,10,14,2,1,2,48,2,1,2,2,1,1,0,4,50,9,5,666
orjson_3_10_2,3b72f1b9d25d9ee3afb3d5965bcb402645cacf76,0,9408916.666666666,4662.0,295,83,1,0,48,51,58,347,196,151,71,4,80,25,27,28,319,4,2,2,1,2,1,0,1,0,0,2,5,3,2,0,10,14,2,1,2,48,2,1,2,2,1,1,0,4,50,9,5,666
orjson_3_10_3,3b72f1b9d25d9ee3afb3d5965bcb402645cacf76,0,9490833.333333334,4662.0,295,83,1,0,48,51,58,347,196,151,71,4,80,25,27,28,319,4,2,2,1,2,1,0,1,0,0,2,5,3,2,0,10,14,2,1,2,48,2,1,2,2,1,1,0,4,50,9,5,666
orjson_3_10_4,3b72f1b9d25d9ee3afb3d5965bcb402645cacf76,0,9436416.666666666,4662.0,295,83,1,0,48,51,58,347,196,151,71,4,80,25,27,28,319,4,2,2,1,2,1,0,1,0,0,2,5,3,2,0,10,14,2,1,2,48,2,1,2,2,1,1,0,4,50,9,5,666
orjson_3_10_5,3b72f1b9d25d9ee3afb3d5965bcb402645cacf76,0,9566291.75,4662.0,295,83,1,0,48,51,58,347,196,151,71,4,80,25,27,28,319,4,2,2,1,2,1,0,1,0,0,2,5,3,2,0,10,14,2,1,2,48,2,1,2,2,1,1,0,4,50,9,5,666
orjson_3_10_6,3b72f1b9d25d9ee3afb3d5965bcb402645cacf76,0,9609222.333333334,4782.0,295,83,1,0,48,51,58,347,196,151,71,4,80,25,27,28,319,4,2,2,1,2,1,0,1,0,0,2,5,3,2,0,10,14,2,1,2,48,2,1,2,2,1,1,0,4,50,9,5,666
orjson_3_10_1,d8ab138f251675469d623d2e10bfc3bbf9e3d6fb,0,10398055.333333334,4747.0,295,83,1,0,48,51,58,347,196,151,71,4,80,25,27,28,319,4,2,2,1,2,1,0,1,0,0,2,5,3,2,0,10,14,2,1,2,48,2,1,2,2,1,1,0,4,50,9,5,666
orjson_3_10_2,d8ab138f251675469d623d2e10bfc3bbf9e3d6fb,0,9497000.0,4662.0,295,83,1,0,48,51,58,347,196,151,71,4,80,25,27,28,319,4,2,2,1,2,1,0,1,0,0,2,5,3,2,0,10,14,2,1,2,48,2,1,2,2,1,1,0,4,50,9,5,666
orjson_3_10_3,d8ab138f251675469d623d2e10bfc3bbf9e3d6fb,0,9578583.333333334,4662.0,295,83,1,0,48,51,58,347,196,151,71,4,80,25,27,28,319,4,2,2,1,2,1,0,1,0,0,2,5,3,2,0,10,14,2,1,2,48,2,1,2,2,1,1,0,4,50,9,5,666
orjson_3_10_4,d8ab138f251675469d623d2e10bfc3bbf9e3d6fb,0,9533763.666666666,4662.0,295,83,1,0,48,51,58,347,196,151,71,4,80,25,27,28,319,4,2,2,1,2,1,0,1,0,0,2,5,3,2,0,10,14,2,1,2,48,2,1,2,2,1,1,0,4,50,9,5,666
orjson_3_10_5,d8ab138f251675469d623d2e10bfc3bbf9e3d6fb,0,9813750.0,4958.0,295,83,1,0,48,51,58,347,196,151,71,4,80,25,27,28,319,4,2,2,1,2,1,0,1,0,0,2,5,3,2,0,10,14,2,1,2,48,2,1,2,2,1,1,0,4,50,9,5,666
orjson_3_10_6,d8ab138f251675469d623d2e10bfc3bbf9e3d6fb,0,9705062.75,4782.0,295,83,1,0,48,51,58,347,196,151,71,4,80,25,27,28,319,4,2,2,1,2,1,0,1,0,0,2,5,3,2,0,10,14,2,1,2,48,2,1,2,2,1,1,0,4,50,9,5,666
orjson_3_10_1,dd86eb03527c1ffb7a6733facb45d67d84728c79,0,10825097.0,4841.0,282,72,0,0,48,50,61,334,156,178,100,11,78,29,27,22,329,10,3,2,1,2,3,1,1,0,0,2,3,0,0,0,5,12,2,0,2,48,2,6,3,3,6,2,0,3,50,8,3,663
orjson_3_10_2,dd86eb03527c1ffb7a6733facb45d67d84728c79,0,10312014.0,4841.0,282,72,0,0,48,50,61,334,156,178,100,11,78,29,27,22,329,10,3,2,1,2,3,1,1,0,0,2,3,0,0,0,5,12,2,0,2,48,2,6,3,3,6,2,0,3,50,8,3,663
orjson_3_10_3,dd86eb03527c1ffb7a6733facb45d67d84728c79,0,10331513.333333334,4841.0,282,72,0,0,48,50,61,334,156,178,100,11,78,29,27,22,329,10,3,2,1,2,3,1,1,0,0,2,3,0,0,0,5,12,2,0,2,48,2,6,3,3,6,2,0,3,50,8,3,663
orjson_3_10_4,dd86eb03527c1ffb7a6733facb45d67d84728c79,0,10283041.666666666,4841.0,282,72,0,0,48,50,61,334,156,178,100,11,78,29,27,22,329,10,3,2,1,2,3,1,1,0,0,2,3,0,0,0,5,12,2,0,2,48,2,6,3,3,6,2,0,3,50,8,3,663
orjson_3_10_5,dd86eb03527c1ffb7a6733facb45d67d84728c79,0,10463819.0,4987.0,282,72,0,0,48,50,61,334,156,178,100,11,78,29,27,22,329,10,3,2,1,2,3,1,1,0,0,2,3,0,0,0,5,12,2,0,2,48,2,6,3,3,6,2,0,3,50,8,3,663
orjson_3_10_6,dd86eb03527c1ffb7a6733facb45d67d84728c79,0,10358319.666666666,4841.0,282,72,0,0,48,50,61,334,156,178,100,11,78,29,27,22,329,10,3,2,1,2,3,1,1,0,0,2,3,0,0,0,5,12,2,0,2,48,2,6,3,3,6,2,0,3,50,8,3,663
orjson_3_10_1,acda94a01bd82607b2e5ef88deb8b0c133a019da,0,9182055.666666666,4576.0,172,70,0,0,24,25,32,403,193,210,110,13,100,39,33,28,410,6,0,0,0,1,0,0,1,0,1,0,2,2,0,1,6,4,1,0,1,24,1,6,4,4,6,3,0,1,25,0,2,813
orjson_3_10_2,acda94a01bd82607b2e5ef88deb8b0c133a019da,0,8983222.0,4469.0,172,70,0,0,24,25,32,403,193,210,110,13,100,39,33,28,410,6,0,0,0,1,0,0,1,0,1,0,2,2,0,1,6,4,1,0,1,24,1,6,4,4,6,3,0,1,25,0,2,813
orjson_3_10_3,acda94a01bd82607b2e5ef88deb8b0c133a019da,0,8976153.0,4469.0,172,70,0,0,24,25,32,403,193,210,110,13,100,39,33,28,410,6,0,0,0,1,0,0,1,0,1,0,2,2,0,1,6,4,1,0,1,24,1,6,4,4,6,3,0,1,25,0,2,813
orjson_3_10_4,acda94a01bd82607b2e5ef88deb8b0c133a019da,0,8814139.0,4469.0,172,70,0,0,24,25,32,403,193,210,110,13,100,39,33,28,410,6,0,0,0,1,0,0,1,0,1,0,2,2,0,1,6,4,1,0,1,24,1,6,4,4,6,3,0,1,25,0,2,813
orjson_3_10_5,acda94a01bd82607b2e5ef88deb8b0c133a019da,0,8827694.333333334,4469.0,172,70,0,0,24,25,32,403,193,210,110,13,100,39,33,28,410,6,0,0,0,1,0,0,1,0,1,0,2,2,0,1,6,4,1,0,1,24,1,6,4,4,6,3,0,1,25,0,2,813
orjson_3_10_6,acda94a01bd82607b2e5ef88deb8b0c133a019da,0,8822333.666666666,4469.0,172,70,0,0,24,25,32,403,193,210,110,13,100,39,33,28,410,6,0,0,0,1,0,0,1,0,1,0,2,2,0,1,6,4,1,0,1,24,1,6,4,4,6,3,0,1,25,0,2,813
orjson_3_10_1,1a20f86a9315131952f5c7d63d0bf0c88d36e36e,0,9108958.333333334,4533.0,172,70,0,0,24,25,31,401,192,209,109,13,100,39,33,28,410,6,0,0,0,1,0,0,1,0,1,0,2,2,0,1,6,5,1,0,1,24,1,6,4,4,6,3,0,1,25,0,2,811
orjson_3_10_2,1a20f86a9315131952f5c7d63d0bf0c88d36e36e,0,8871250.0,4426.0,172,70,0,0,24,25,31,401,192,209,109,13,100,39,33,28,410,6,0,0,0,1,0,0,1,0,1,0,2,2,0,1,6,5,1,0,1,24,1,6,4,4,6,3,0,1,25,0,2,811
orjson_3_10_3,1a20f86a9315131952f5c7d63d0bf0c88d36e36e,0,8944417.0,4426.0,172,70,0,0,24,25,31,401,192,209,109,13,100,39,33,28,410,6,0,0,0,1,0,0,1,0,1,0,2,2,0,1,6,5,1,0,1,24,1,6,4,4,6,3,0,1,25,0,2,811
orjson_3_10_4,1a20f86a9315131952f5c7d63d0bf0c88d36e36e,0,8669889.333333334,4426.0,172,70,0,0,24,25,31,401,192,209,109,13,100,39,33,28,410,6,0,0,0,1,0,0,1,0,1,0,2,2,0,1,6,5,1,0,1,24,1,6,4,4,6,3,0,1,25,0,2,811
orjson_3_10_5,1a20f86a9315131952f5c7d63d0bf0c88d36e36e,0,8730125.0,4426.0,172,70,0,0,24,25,31,401,192,209,109,13,100,39,33,28,410,6,0,0,0,1,0,0,1,0,1,0,2,2,0,1,6,5,1,0,1,24,1,6,4,4,6,3,0,1,25,0,2,811
orjson_3_10_6,1a20f86a9315131952f5c7d63d0bf0c88d36e36e,0,8820569.333333334,4426.0,172,70,0,0,24,25,31,401,192,209,109,13,100,39,33,28,410,6,0,0,0,1,0,0,1,0,1,0,2,2,0,1,6,5,1,0,1,24,1,6,4,4,6,3,0,1,25,0,2,811
orjson_3_10_1,66cd944877d158c7e0132052e843d7cf2f4ec1b0,0,10593403.0,5043.0,295,83,1,0,48,51,58,347,196,151,71,4,80,25,27,28,319,4,2,2,1,2,1,0,1,0,0,2,5,3,2,0,10,14,2,1,2,48,2,1,2,2,1,1,0,4,50,9,5,666
orjson_3_10_2,66cd944877d158c7e0132052e843d7cf2f4ec1b0,0,9642736.333333334,4662.0,295,83,1,0,48,51,58,347,196,151,71,4,80,25,27,28,319,4,2,2,1,2,1,0,1,0,0,2,5,3,2,0,10,14,2,1,2,48,2,1,2,2,1,1,0,4,50,9,5,666
orjson_3_10_3,66cd944877d158c7e0132052e843d7cf2f4ec1b0,0,9527430.0,4662.0,295,83,1,0,48,51,58,347,196,151,71,4,80,25,27,28,319,4,2,2,1,2,1,0,1,0,0,2,5,3,2,0,10,14,2,1,2,48,2,1,2,2,1,1,0,4,50,9,5,666
orjson_3_10_4,66cd944877d158c7e0132052e843d7cf2f4ec1b0,0,9413361.0,4662.0,295,83,1,0,48,51,58,347,196,151,71,4,80,25,27,28,319,4,2,2,1,2,1,0,1,0,0,2,5,3,2,0,10,14,2,1,2,48,2,1,2,2,1,1,0,4,50,9,5,666
orjson_3_10_5,66cd944877d158c7e0132052e843d7cf2f4ec1b0,0,9285111.0,4662.0,295,83,1,0,48,51,58,347,196,151,71,4,80,25,27,28,319,4,2,2,1,2,1,0,1,0,0,2,5,3,2,0,10,14,2,1,2,48,2,1,2,2,1,1,0,4,50,9,5,666
orjson_3_10_6,66cd944877d158c7e0132052e843d7cf2f4ec1b0,0,9633472.666666666,4782.0,295,83,1,0,48,51,58,347,196,151,71,4,80,25,27,28,319,4,2,2,1,2,1,0,1,0,0,2,5,3,2,0,10,14,2,1,2,48,2,1,2,2,1,1,0,4,50,9,5,666
orjson_3_10_1,5a6a92e96d105fd6744f81dff77a1ecf3e1cf5dd,0,10326027.666666666,4747.0,295,83,1,0,48,51,58,347,196,151,71,4,80,25,27,28,319,4,2,2,1,2,1,0,1,0,0,2,5,3,2,0,10,14,2,1,2,48,2,1,2,2,1,1,0,4,50,9,5,666
orjson_3_10_2,5a6a92e96d105fd6744f81dff77a1ecf3e1cf5dd,0,9568514.0,4662.0,295,83,1,0,48,51,58,347,196,151,71,4,80,25,27,28,319,4,2,2,1,2,1,0,1,0,0,2,5,3,2,0,10,14,2,1,2,48,2,1,2,2,1,1,0,4,50,9,5,666
orjson_3_10_3,5a6a92e96d105fd6744f81dff77a1ecf3e1cf5dd,0,9531569.666666666,4662.0,295,83,1,0,48,51,58,347,196,151,71,4,80,25,27,28,319,4,2,2,1,2,1,0,1,0,0,2,5,3,2,0,10,14,2,1,2,48,2,1,2,2,1,1,0,4,50,9,5,666
orjson_3_10_4,5a6a92e96d105fd6744f81dff77a1ecf3e1cf5dd,0,9815245.7,4662.0,295,83,1,0,48,51,58,347,196,151,71,4,80,25,27,28,319,4,2,2,1,2,1,0,1,0,0,2,5,3,2,0,10,14,2,1,2,48,2,1,2,2,1,1,0,4,50,9,5,666
orjson_3_10_5,5a6a92e96d105fd6744f81dff77a1ecf3e1cf5dd,0,9473416.333333334,4662.0,295,83,1,0,48,51,58,347,196,151,71,4,80,25,27,28,319,4,2,2,1,2,1,0,1,0,0,2,5,3,2,0,10,14,2,1,2,48,2,1,2,2,1,1,0,4,50,9,5,666
orjson_3_10_6,5a6a92e96d105fd6744f81dff77a1ecf3e1cf5dd,0,9830278.0,4782.0,295,83,1,0,48,51,58,347,196,151,71,4,80,25,27,28,319,4,2,2,1,2,1,0,1,0,0,2,5,3,2,0,10,14,2,1,2,48,2,1,2,2,1,1,0,4,50,9,5,666
orjson_3_10_1,9f817525b96d6714c0da40a1baf54c10b02cd531,0,10312791.666666666,4747.0,295,83,1,0,48,51,58,347,196,151,71,4,80,25,27,28,319,4,2,2,1,2,1,0,1,0,0,2,5,3,2,0,10,14,2,1,2,48,2,1,2,2,1,1,0,4,50,9,5,666
orjson_3_10_2,9f817525b96d6714c0da40a1baf54c10b02cd531,0,9535013.666666666,4662.0,295,83,1,0,48,51,58,347,196,151,71,4,80,25,27,28,319,4,2,2,1,2,1,0,1,0,0,2,5,3,2,0,10,14,2,1,2,48,2,1,2,2,1,1,0,4,50,9,5,666
orjson_3_10_3,9f817525b96d6714c0da40a1baf54c10b02cd531,0,9525944.333333334,4662.0,295,83,1,0,48,51,58,347,196,151,71,4,80,25,27,28,319,4,2,2,1,2,1,0,1,0,0,2,5,3,2,0,10,14,2,1,2,48,2,1,2,2,1,1,0,4,50,9,5,666
orjson_3_10_4,9f817525b96d6714c0da40a1baf54c10b02cd531,0,9389135.25,4662.0,295,83,1,0,48,51,58,347,196,151,71,4,80,25,27,28,319,4,2,2,1,2,1,0,1,0,0,2,5,3,2,0,10,14,2,1,2,48,2,1,2,2,1,1,0,4,50,9,5,666
orjson_3_10_5,9f817525b96d6714c0da40a1baf54c10b02cd531,0,9331208.333333334,4662.0,295,83,1,0,48,51,58,347,196,151,71,4,80,25,27,28,319,4,2,2,1,2,1,0,1,0,0,2,5,3,2,0,10,14,2,1,2,48,2,1,2,2,1,1,0,4,50,9,5,666
orjson_3_10_6,9f817525b96d6714c0da40a1baf54c10b02cd531,0,9642083.0,4782.0,295,83,1,0,48,51,58,347,196,151,71,4,80,25,27,28,319,4,2,2,1,2,1,0,1,0,0,2,5,3,2,0,10,14,2,1,2,48,2,1,2,2,1,1,0,4,50,9,5,666
orjson_3_10_1,175bc441ef6863a8c46ab24aa6404b116ce798a1,0,9145902.666666666,4576.0,172,70,0,0,24,25,32,403,193,210,110,13,100,39,33,28,410,6,0,0,0,1,0,0,1,0,1,0,2,2,0,1,6,4,1,0,1,24,1,6,4,4,6,3,0,1,25,0,2,813
orjson_3_10_2,175bc441ef6863a8c46ab24aa6404b116ce798a1,0,8943556.0,4469.0,172,70,0,0,24,25,32,403,193,210,110,13,100,39,33,28,410,6,0,0,0,1,0,0,1,0,1,0,2,2,0,1,6,4,1,0,1,24,1,6,4,4,6,3,0,1,25,0,2,813
orjson_3_10_3,175bc441ef6863a8c46ab24aa6404b116ce798a1,0,8957097.333333334,4469.0,172,70,0,0,24,25,32,403,193,210,110,13,100,39,33,28,410,6,0,0,0,1,0,0,1,0,1,0,2,2,0,1,6,4,1,0,1,24,1,6,4,4,6,3,0,1,25,0,2,813
orjson_3_10_4,175bc441ef6863a8c46ab24aa6404b116ce798a1,0,8856250.0,4469.0,172,70,0,0,24,25,32,403,193,210,110,13,100,39,33,28,410,6,0,0,0,1,0,0,1,0,1,0,2,2,0,1,6,4,1,0,1,24,1,6,4,4,6,3,0,1,25,0,2,813
orjson_3_10_5,175bc441ef6863a8c46ab24aa6404b116ce798a1,0,8775069.666666666,4469.0,172,70,0,0,24,25,32,403,193,210,110,13,100,39,33,28,410,6,0,0,0,1,0,0,1,0,1,0,2,2,0,1,6,4,1,0,1,24,1,6,4,4,6,3,0,1,25,0,2,813
orjson_3_10_6,175bc441ef6863a8c46ab24aa6404b116ce798a1,0,8887722.0,4469.0,172,70,0,0,24,25,32,403,193,210,110,13,100,39,33,28,410,6,0,0,0,1,0,0,1,0,1,0,2,2,0,1,6,4,1,0,1,24,1,6,4,4,6,3,0,1,25,0,2,813
orjson_3_10_1,1ea8388af9aa9f05823dc0f7102fc5462b963acd,0,10302431.0,4747.0,295,83,1,0,48,51,58,347,196,151,71,4,80,25,27,28,319,4,2,2,1,2,1,0,1,0,0,2,5,3,2,0,10,14,2,1,2,48,2,1,2,2,1,1,0,4,50,9,5,666
orjson_3_10_2,1ea8388af9aa9f05823dc0f7102fc5462b963acd,0,9554694.666666666,4662.0,295,83,1,0,48,51,58,347,196,151,71,4,80,25,27,28,319,4,2,2,1,2,1,0,1,0,0,2,5,3,2,0,10,14,2,1,2,48,2,1,2,2,1,1,0,4,50,9,5,666
orjson_3_10_3,1ea8388af9aa9f05823dc0f7102fc5462b963acd,0,9548000.333333334,4662.0,295,83,1,0,48,51,58,347,196,151,71,4,80,25,27,28,319,4,2,2,1,2,1,0,1,0,0,2,5,3,2,0,10,14,2,1,2,48,2,1,2,2,1,1,0,4,50,9,5,666
orjson_3_10_4,1ea8388af9aa9f05823dc0f7102fc5462b963acd,0,9463958.666666666,4662.0,295,83,1,0,48,51,58,347,196,151,71,4,80,25,27,28,319,4,2,2,1,2,1,0,1,0,0,2,5,3,2,0,10,14,2,1,2,48,2,1,2,2,1,1,0,4,50,9,5,666
orjson_3_10_5,1ea8388af9aa9f05823dc0f7102fc5462b963acd,0,9499125.0,4662.0,295,83,1,0,48,51,58,347,196,151,71,4,80,25,27,28,319,4,2,2,1,2,1,0,1,0,0,2,5,3,2,0,10,14,2,1,2,48,2,1,2,2,1,1,0,4,50,9,5,666
orjson_3_10_6,1ea8388af9aa9f05823dc0f7102fc5462b963acd,0,9626208.333333334,4782.0,295,83,1,0,48,51,58,347,196,151,71,4,80,25,27,28,319,4,2,2,1,2,1,0,1,0,0,2,5,3,2,0,10,14,2,1,2,48,2,1,2,2,1,1,0,4,50,9,5,666
orjson_3_10_1,eb086540e0a541f8a8ab2f9aab7e2708bbab5c7b,0,9170208.0,4576.0,172,70,0,0,24,25,32,403,193,210,110,13,100,39,33,28,410,6,0,0,0,1,0,0,1,0,1,0,2,2,0,1,6,4,1,0,1,24,1,6,4,4,6,3,0,1,25,0,2,813
orjson_3_10_2,eb086540e0a541f8a8ab2f9aab7e2708bbab5c7b,0,8956361.0,4469.0,172,70,0,0,24,25,32,403,193,210,110,13,100,39,33,28,410,6,0,0,0,1,0,0,1,0,1,0,2,2,0,1,6,4,1,0,1,24,1,6,4,4,6,3,0,1,25,0,2,813
orjson_3_10_3,eb086540e0a541f8a8ab2f9aab7e2708bbab5c7b,0,8902104.0,4469.0,172,70,0,0,24,25,32,403,193,210,110,13,100,39,33,28,410,6,0,0,0,1,0,0,1,0,1,0,2,2,0,1,6,4,1,0,1,24,1,6,4,4,6,3,0,1,25,0,2,813
orjson_3_10_4,eb086540e0a541f8a8ab2f9aab7e2708bbab5c7b,0,8758750.333333334,4469.0,172,70,0,0,24,25,32,403,193,210,110,13,100,39,33,28,410,6,0,0,0,1,0,0,1,0,1,0,2,2,0,1,6,4,1,0,1,24,1,6,4,4,6,3,0,1,25,0,2,813
orjson_3_10_5,eb086540e0a541f8a8ab2f9aab7e2708bbab5c7b,0,8753028.0,4469.0,172,70,0,0,24,25,32,403,193,210,110,13,100,39,33,28,410,6,0,0,0,1,0,0,1,0,1,0,2,2,0,1,6,4,1,0,1,24,1,6,4,4,6,3,0,1,25,0,2,813
orjson_3_10_6,eb086540e0a541f8a8ab2f9aab7e2708bbab5c7b,0,9006958.333333334,4469.0,172,70,0,0,24,25,32,403,193,210,110,13,100,39,33,28,410,6,0,0,0,1,0,0,1,0,1,0,2,2,0,1,6,4,1,0,1,24,1,6,4,4,6,3,0,1,25,0,2,813
orjson_3_10_1,a4d1cd9b2a91993c28dc9e7b224ad2e47026a953,0,10713486.333333334,5043.0,294,82,1,0,48,51,58,347,196,151,71,4,80,25,27,28,319,4,2,2,1,2,1,0,1,0,0,2,5,3,2,0,10,14,2,1,2,48,2,1,2,2,1,1,0,4,50,9,5,666
orjson_3_10_2,a4d1cd9b2a91993c28dc9e7b224ad2e47026a953,0,9589680.666666666,4662.0,294,82,1,0,48,51,58,347,196,151,71,4,80,25,27,28,319,4,2,2,1,2,1,0,1,0,0,2,5,3,2,0,10,14,2,1,2,48,2,1,2,2,1,1,0,4,50,9,5,666
orjson_3_10_3,a4d1cd9b2a91993c28dc9e7b224ad2e47026a953,0,9399486.0,4662.0,294,82,1,0,48,51,58,347,196,151,71,4,80,25,27,28,319,4,2,2,1,2,1,0,1,0,0,2,5,3,2,0,10,14,2,1,2,48,2,1,2,2,1,1,0,4,50,9,5,666
orjson_3_10_4,a4d1cd9b2a91993c28dc9e7b224ad2e47026a953,0,9436083.666666666,4662.0,294,82,1,0,48,51,58,347,196,151,71,4,80,25,27,28,319,4,2,2,1,2,1,0,1,0,0,2,5,3,2,0,10,14,2,1,2,48,2,1,2,2,1,1,0,4,50,9,5,666
orjson_3_10_5,a4d1cd9b2a91993c28dc9e7b224ad2e47026a953,0,9338986.0,4662.0,294,82,1,0,48,51,58,347,196,151,71,4,80,25,27,28,319,4,2,2,1,2,1,0,1,0,0,2,5,3,2,0,10,14,2,1,2,48,2,1,2,2,1,1,0,4,50,9,5,666
orjson_3_10_6,a4d1cd9b2a91993c28dc9e7b224ad2e47026a953,0,9607430.333333334,4782.0,294,82,1,0,48,51,58,347,196,151,71,4,80,25,27,28,319,4,2,2,1,2,1,0,1,0,0,2,5,3,2,0,10,14,2,1,2,48,2,1,2,2,1,1,0,4,50,9,5,666
orjson_3_10_1,606a1301c07539ec3c898464e2138a7bbeb4f12a,0,9642500.333333334,3381.0,308,120,11,55,64,78,14,357,191,166,83,14,83,22,22,39,326,19,2,1,2,3,5,1,3,0,0,1,5,3,1,0,11,22,9,11,3,9,3,7,5,5,7,2,0,15,12,11,5,683
orjson_3_10_2,606a1301c07539ec3c898464e2138a7bbeb4f12a,0,9542319.333333334,3381.0,308,120,11,55,64,78,14,357,191,166,83,14,83,22,22,39,326,19,2,1,2,3,5,1,3,0,0,1,5,3,1,0,11,22,9,11,3,9,3,7,5,5,7,2,0,15,12,11,5,683
orjson_3_10_3,606a1301c07539ec3c898464e2138a7bbeb4f12a,0,9597000.0,3381.0,308,120,11,55,64,78,14,357,191,166,83,14,83,22,22,39,326,19,2,1,2,3,5,1,3,0,0,1,5,3,1,0,11,22,9,11,3,9,3,7,5,5,7,2,0,15,12,11,5,683
orjson_3_10_4,606a1301c07539ec3c898464e2138a7bbeb4f12a,0,9423569.666666666,3381.0,308,120,11,55,64,78,14,357,191,166,83,14,83,22,22,39,326,19,2,1,2,3,5,1,3,0,0,1,5,3,1,0,11,22,9,11,3,9,3,7,5,5,7,2,0,15,12,11,5,683
orjson_3_10_5,606a1301c07539ec3c898464e2138a7bbeb4f12a,0,9597555.333333334,3381.0,308,120,11,55,64,78,14,357,191,166,83,14,83,22,22,39,326,19,2,1,2,3,5,1,3,0,0,1,5,3,1,0,11,22,9,11,3,9,3,7,5,5,7,2,0,15,12,11,5,683
orjson_3_10_6,606a1301c07539ec3c898464e2138a7bbeb4f12a,0,9515986.0,3381.0,308,120,11,55,64,78,14,357,191,166,83,14,83,22,22,39,326,19,2,1,2,3,5,1,3,0,0,1,5,3,1,0,11,22,9,11,3,9,3,7,5,5,7,2,0,15,12,11,5,683
orjson_3_10_1,6fd8e3716b646f7281549a8f9fbdccf3e7109f6c,0,9823999.666666666,4648.0,148,69,2,12,19,25,14,429,237,192,91,5,101,35,33,33,519,2,1,0,1,1,1,1,1,0,0,0,2,1,1,0,2,6,9,2,4,7,4,1,3,3,1,1,0,7,11,2,2,948
orjson_3_10_2,6fd8e3716b646f7281549a8f9fbdccf3e7109f6c,0,9878291.666666666,4648.0,148,69,2,12,19,25,14,429,237,192,91,5,101,35,33,33,519,2,1,0,1,1,1,1,1,0,0,0,2,1,1,0,2,6,9,2,4,7,4,1,3,3,1,1,0,7,11,2,2,948
orjson_3_10_3,6fd8e3716b646f7281549a8f9fbdccf3e7109f6c,0,9827041.666666666,4648.0,148,69,2,12,19,25,14,429,237,192,91,5,101,35,33,33,519,2,1,0,1,1,1,1,1,0,0,0,2,1,1,0,2,6,9,2,4,7,4,1,3,3,1,1,0,7,11,2,2,948
orjson_3_10_4,6fd8e3716b646f7281549a8f9fbdccf3e7109f6c,0,9884041.666666666,4648.0,148,69,2,12,19,25,14,429,237,192,91,5,101,35,33,33,519,2,1,0,1,1,1,1,1,0,0,0,2,1,1,0,2,6,9,2,4,7,4,1,3,3,1,1,0,7,11,2,2,948
orjson_3_10_5,6fd8e3716b646f7281549a8f9fbdccf3e7109f6c,0,9695417.0,4648.0,148,69,2,12,19,25,14,429,237,192,91,5,101,35,33,33,519,2,1,0,1,1,1,1,1,0,0,0,2,1,1,0,2,6,9,2,4,7,4,1,3,3,1,1,0,7,11,2,2,948
orjson_3_10_6,6fd8e3716b646f7281549a8f9fbdccf3e7109f6c,0,9965374.666666666,4648.0,148,69,2,12,19,25,14,429,237,192,91,5,101,35,33,33,519,2,1,0,1,1,1,1,1,0,0,0,2,1,1,0,2,6,9,2,4,7,4,1,3,3,1,1,0,7,11,2,2,948
orjson_3_10_1,aa877ebec83190dbf87b32a542ac29a2efc9394e,0,10302139.0,4710.0,252,72,1,0,39,43,52,353,177,176,93,16,83,34,21,28,350,6,1,1,0,2,0,0,0,0,0,1,2,1,1,0,7,7,3,1,3,39,3,7,7,7,7,2,0,5,42,9,2,703
orjson_3_10_2,aa877ebec83190dbf87b32a542ac29a2efc9394e,0,9796944.333333334,4472.0,252,72,1,0,39,43,52,353,177,176,93,16,83,34,21,28,350,6,1,1,0,2,0,0,0,0,0,1,2,1,1,0,7,7,3,1,3,39,3,7,7,7,7,2,0,5,42,9,2,703
orjson_3_10_3,aa877ebec83190dbf87b32a542ac29a2efc9394e,0,9868611.0,4576.0,252,72,1,0,39,43,52,353,177,176,93,16,83,34,21,28,350,6,1,1,0,2,0,0,0,0,0,1,2,1,1,0,7,7,3,1,3,39,3,7,7,7,7,2,0,5,42,9,2,703
orjson_3_10_4,aa877ebec83190dbf87b32a542ac29a2efc9394e,0,9590000.0,4472.0,252,72,1,0,39,43,52,353,177,176,93,16,83,34,21,28,350,6,1,1,0,2,0,0,0,0,0,1,2,1,1,0,7,7,3,1,3,39,3,7,7,7,7,2,0,5,42,9,2,703
orjson_3_10_5,aa877ebec83190dbf87b32a542ac29a2efc9394e,0,9756305.666666666,4559.0,252,72,1,0,39,43,52,353,177,176,93,16,83,34,21,28,350,6,1,1,0,2,0,0,0,0,0,1,2,1,1,0,7,7,3,1,3,39,3,7,7,7,7,2,0,5,42,9,2,703
orjson_3_10_6,aa877ebec83190dbf87b32a542ac29a2efc9394e,0,9666069.666666666,4472.0,252,72,1,0,39,43,52,353,177,176,93,16,83,34,21,28,350,6,1,1,0,2,0,0,0,0,0,1,2,1,1,0,7,7,3,1,3,39,3,7,7,7,7,2,0,5,42,9,2,703
orjson_3_10_1,f8a5a85b3cc71fcff73c755d2764667a20c7d75b,0,9514166.666666666,4546.0,158,40,0,0,26,28,32,425,216,209,98,12,111,35,34,42,389,9,0,0,0,0,0,0,0,0,0,0,0,0,0,0,5,5,2,0,2,26,2,5,5,5,5,2,0,3,28,4,0,814
orjson_3_10_2,f8a5a85b3cc71fcff73c755d2764667a20c7d75b,0,9604166.666666666,4632.0,158,40,0,0,26,28,32,425,216,209,98,12,111,35,34,42,389,9,0,0,0,0,0,0,0,0,0,0,0,0,0,0,5,5,2,0,2,26,2,5,5,5,5,2,0,3,28,4,0,814
orjson_3_10_3,f8a5a85b3cc71fcff73c755d2764667a20c7d75b,0,9467208.333333334,4546.0,158,40,0,0,26,28,32,425,216,209,98,12,111,35,34,42,389,9,0,0,0,0,0,0,0,0,0,0,0,0,0,0,5,5,2,0,2,26,2,5,5,5,5,2,0,3,28,4,0,814
orjson_3_10_4,f8a5a85b3cc71fcff73c755d2764667a20c7d75b,0,9292278.0,4546.0,158,40,0,0,26,28,32,425,216,209,98,12,111,35,34,42,389,9,0,0,0,0,0,0,0,0,0,0,0,0,0,0,5,5,2,0,2,26,2,5,5,5,5,2,0,3,28,4,0,814
orjson_3_10_5,f8a5a85b3cc71fcff73c755d2764667a20c7d75b,0,9244916.666666666,4546.0,158,40,0,0,26,28,32,425,216,209,98,12,111,35,34,42,389,9,0,0,0,0,0,0,0,0,0,0,0,0,0,0,5,5,2,0,2,26,2,5,5,5,5,2,0,3,28,4,0,814
orjson_3_10_6,f8a5a85b3cc71fcff73c755d2764667a20c7d75b,0,9542236.666666666,4657.0,158,40,0,0,26,28,32,425,216,209,98,12,111,35,34,42,389,9,0,0,0,0,0,0,0,0,0,0,0,0,0,0,5,5,2,0,2,26,2,5,5,5,5,2,0,3,28,4,0,814
orjson_3_10_1,df50fc143bb910727f2dae64bd0b6fa5e9cd478c,0,10498111.0,4292.0,304,112,3,5,44,50,47,330,162,168,77,10,91,30,35,26,321,9,3,1,2,1,5,2,1,8,1,1,4,1,1,0,10,11,3,3,3,39,3,4,3,3,4,3,0,6,42,9,4,651
orjson_3_10_2,df50fc143bb910727f2dae64bd0b6fa5e9cd478c,0,10414833.333333334,4397.0,304,112,3,5,44,50,47,330,162,168,77,10,91,30,35,26,321,9,3,1,2,1,5,2,1,8,1,1,4,1,1,0,10,11,3,3,3,39,3,4,3,3,4,3,0,6,42,9,4,651
orjson_3_10_3,df50fc143bb910727f2dae64bd0b6fa5e9cd478c,0,10180833.666666666,4292.0,304,112,3,5,44,50,47,330,162,168,77,10,91,30,35,26,321,9,3,1,2,1,5,2,1,8,1,1,4,1,1,0,10,11,3,3,3,39,3,4,3,3,4,3,0,6,42,9,4,651
orjson_3_10_4,df50fc143bb910727f2dae64bd0b6fa5e9cd478c,0,10129736.333333334,4292.0,304,112,3,5,44,50,47,330,162,168,77,10,91,30,35,26,321,9,3,1,2,1,5,2,1,8,1,1,4,1,1,0,10,11,3,3,3,39,3,4,3,3,4,3,0,6,42,9,4,651
orjson_3_10_5,df50fc143bb910727f2dae64bd0b6fa5e9cd478c,0,10184569.333333334,4292.0,304,112,3,5,44,50,47,330,162,168,77,10,91,30,35,26,321,9,3,1,2,1,5,2,1,8,1,1,4,1,1,0,10,11,3,3,3,39,3,4,3,3,4,3,0,6,42,9,4,651
orjson_3_10_6,df50fc143bb910727f2dae64bd0b6fa5e9cd478c,0,10220264.0,4292.0,304,112,3,5,44,50,47,330,162,168,77,10,91,30,35,26,321,9,3,1,2,1,5,2,1,8,1,1,4,1,1,0,10,11,3,3,3,39,3,4,3,3,4,3,0,6,42,9,4,651
orjson_3_10_1,2d648c2ef9edb57ae9d303711eed5f34cf7587f4,0,5606986.333333333,2802.0,113,50,0,0,14,15,17,252,126,126,70,5,56,17,16,23,240,1,3,1,3,4,11,2,2,20,2,1,5,2,0,1,4,2,1,0,1,14,1,2,2,2,2,1,0,2,15,1,5,492
orjson_3_10_2,2d648c2ef9edb57ae9d303711eed5f34cf7587f4,0,5624403.0,2802.0,113,50,0,0,14,15,17,252,126,126,70,5,56,17,16,23,240,1,3,1,3,4,11,2,2,20,2,1,5,2,0,1,4,2,1,0,1,14,1,2,2,2,2,1,0,2,15,1,5,492
orjson_3_10_3,2d648c2ef9edb57ae9d303711eed5f34cf7587f4,0,5603319.333333333,2802.0,113,50,0,0,14,15,17,252,126,126,70,5,56,17,16,23,240,1,3,1,3,4,11,2,2,20,2,1,5,2,0,1,4,2,1,0,1,14,1,2,2,2,2,1,0,2,15,1,5,492
orjson_3_10_4,2d648c2ef9edb57ae9d303711eed5f34cf7587f4,0,5436444.333333333,2802.0,113,50,0,0,14,15,17,252,126,126,70,5,56,17,16,23,240,1,3,1,3,4,11,2,2,20,2,1,5,2,0,1,4,2,1,0,1,14,1,2,2,2,2,1,0,2,15,1,5,492
orjson_3_10_5,2d648c2ef9edb57ae9d303711eed5f34cf7587f4,0,5475208.333333333,2802.0,113,50,0,0,14,15,17,252,126,126,70,5,56,17,16,23,240,1,3,1,3,4,11,2,2,20,2,1,5,2,0,1,4,2,1,0,1,14,1,2,2,2,2,1,0,2,15,1,5,492
orjson_3_10_6,2d648c2ef9edb57ae9d303711eed5f34cf7587f4,0,5538180.333333333,2802.0,113,50,0,0,14,15,17,252,126,126,70,5,56,17,16,23,240,1,3,1,3,4,11,2,2,20,2,1,5,2,0,1,4,2,1,0,1,14,1,2,2,2,2,1,0,2,15,1,5,492
orjson_3_10_1,a6f72560f6fcbcc00c5f5e89dcf45b57f5c127a8,0,8676902.333333334,4351.0,116,57,0,0,13,14,18,435,205,230,118,14,112,29,39,44,448,2,1,1,0,2,0,0,0,0,0,1,2,1,1,0,2,3,1,0,1,13,1,5,2,2,5,7,0,2,14,1,2,883
orjson_3_10_2,a6f72560f6fcbcc00c5f5e89dcf45b57f5c127a8,0,8814847.333333334,4351.0,116,57,0,0,13,14,18,435,205,230,118,14,112,29,39,44,448,2,1,1,0,2,0,0,0,0,0,1,2,1,1,0,2,3,1,0,1,13,1,5,2,2,5,7,0,2,14,1,2,883
orjson_3_10_3,a6f72560f6fcbcc00c5f5e89dcf45b57f5c127a8,0,8871000.333333334,4351.0,116,57,0,0,13,14,18,435,205,230,118,14,112,29,39,44,448,2,1,1,0,2,0,0,0,0,0,1,2,1,1,0,2,3,1,0,1,13,1,5,2,2,5,7,0,2,14,1,2,883
orjson_3_10_4,a6f72560f6fcbcc00c5f5e89dcf45b57f5c127a8,0,8602555.333333334,4351.0,116,57,0,0,13,14,18,435,205,230,118,14,112,29,39,44,448,2,1,1,0,2,0,0,0,0,0,1,2,1,1,0,2,3,1,0,1,13,1,5,2,2,5,7,0,2,14,1,2,883
orjson_3_10_5,a6f72560f6fcbcc00c5f5e89dcf45b57f5c127a8,0,8612930.666666666,4351.0,116,57,0,0,13,14,18,435,205,230,118,14,112,29,39,44,448,2,1,1,0,2,0,0,0,0,0,1,2,1,1,0,2,3,1,0,1,13,1,5,2,2,5,7,0,2,14,1,2,883
orjson_3_10_6,a6f72560f6fcbcc00c5f5e89dcf45b57f5c127a8,0,8672833.666666666,4351.0,116,57,0,0,13,14,18,435,205,230,118,14,112,29,39,44,448,2,1,1,0,2,0,0,0,0,0,1,2,1,1,0,2,3,1,0,1,13,1,5,2,2,5,7,0,2,14,1,2,883
orjson_3_10_1,67c7eb117d82d01eaf191586aa53f135630deb7d,0,9421680.666666666,4590.0,194,74,1,0,26,29,34,379,183,196,91,8,105,29,32,44,421,7,1,0,1,2,3,1,1,0,0,0,2,1,1,0,2,6,2,1,2,26,2,2,1,1,2,5,0,4,28,5,2,800
orjson_3_10_2,67c7eb117d82d01eaf191586aa53f135630deb7d,0,9301277.666666666,4590.0,194,74,1,0,26,29,34,379,183,196,91,8,105,29,32,44,421,7,1,0,1,2,3,1,1,0,0,0,2,1,1,0,2,6,2,1,2,26,2,2,1,1,2,5,0,4,28,5,2,800
orjson_3_10_3,67c7eb117d82d01eaf191586aa53f135630deb7d,0,9402875.333333334,4590.0,194,74,1,0,26,29,34,379,183,196,91,8,105,29,32,44,421,7,1,0,1,2,3,1,1,0,0,0,2,1,1,0,2,6,2,1,2,26,2,2,1,1,2,5,0,4,28,5,2,800
orjson_3_10_4,67c7eb117d82d01eaf191586aa53f135630deb7d,0,9074055.666666666,4590.0,194,74,1,0,26,29,34,379,183,196,91,8,105,29,32,44,421,7,1,0,1,2,3,1,1,0,0,0,2,1,1,0,2,6,2,1,2,26,2,2,1,1,2,5,0,4,28,5,2,800
orjson_3_10_5,67c7eb117d82d01eaf191586aa53f135630deb7d,0,9142902.666666666,4590.0,194,74,1,0,26,29,34,379,183,196,91,8,105,29,32,44,421,7,1,0,1,2,3,1,1,0,0,0,2,1,1,0,2,6,2,1,2,26,2,2,1,1,2,5,0,4,28,5,2,800
orjson_3_10_6,67c7eb117d82d01eaf191586aa53f135630deb7d,0,9255319.333333334,4590.0,194,74,1,0,26,29,34,379,183,196,91,8,105,29,32,44,421,7,1,0,1,2,3,1,1,0,0,0,2,1,1,0,2,6,2,1,2,26,2,2,1,1,2,5,0,4,28,5,2,800
orjson_3_10_1,45d7cbf914f0c99cb4b276eac78dfbfddb8f2da4,0,10600888.666666666,4292.0,304,112,3,5,44,50,47,330,162,168,77,10,91,30,35,26,321,9,3,1,2,1,5,2,1,8,1,1,4,1,1,0,10,11,3,3,3,39,3,4,3,3,4,3,0,6,42,9,4,651
orjson_3_10_2,45d7cbf914f0c99cb4b276eac78dfbfddb8f2da4,0,10412555.333333334,4397.0,304,112,3,5,44,50,47,330,162,168,77,10,91,30,35,26,321,9,3,1,2,1,5,2,1,8,1,1,4,1,1,0,10,11,3,3,3,39,3,4,3,3,4,3,0,6,42,9,4,651
orjson_3_10_3,45d7cbf914f0c99cb4b276eac78dfbfddb8f2da4,0,10213694.333333334,4292.0,304,112,3,5,44,50,47,330,162,168,77,10,91,30,35,26,321,9,3,1,2,1,5,2,1,8,1,1,4,1,1,0,10,11,3,3,3,39,3,4,3,3,4,3,0,6,42,9,4,651
orjson_3_10_4,45d7cbf914f0c99cb4b276eac78dfbfddb8f2da4,0,10263944.666666666,4292.0,304,112,3,5,44,50,47,330,162,168,77,10,91,30,35,26,321,9,3,1,2,1,5,2,1,8,1,1,4,1,1,0,10,11,3,3,3,39,3,4,3,3,4,3,0,6,42,9,4,651
orjson_3_10_5,45d7cbf914f0c99cb4b276eac78dfbfddb8f2da4,0,10119569.333333334,4292.0,304,112,3,5,44,50,47,330,162,168,77,10,91,30,35,26,321,9,3,1,2,1,5,2,1,8,1,1,4,1,1,0,10,11,3,3,3,39,3,4,3,3,4,3,0,6,42,9,4,651
orjson_3_10_6,45d7cbf914f0c99cb4b276eac78dfbfddb8f2da4,0,10208139.0,4292.0,304,112,3,5,44,50,47,330,162,168,77,10,91,30,35,26,321,9,3,1,2,1,5,2,1,8,1,1,4,1,1,0,10,11,3,3,3,39,3,4,3,3,4,3,0,6,42,9,4,651
orjson_3_10_1,9145752897a44a60da81e3873ed4b777d16a8cfc,0,5510500.333333333,2802.0,113,50,0,0,14,15,17,252,126,126,70,5,56,17,16,23,240,1,3,1,2,4,7,2,2,20,2,1,5,2,0,1,4,2,1,0,1,14,1,2,2,2,2,1,0,2,15,1,5,492
orjson_3_10_2,9145752897a44a60da81e3873ed4b777d16a8cfc,0,5625958.0,2802.0,113,50,0,0,14,15,17,252,126,126,70,5,56,17,16,23,240,1,3,1,2,4,7,2,2,20,2,1,5,2,0,1,4,2,1,0,1,14,1,2,2,2,2,1,0,2,15,1,5,492
orjson_3_10_3,9145752897a44a60da81e3873ed4b777d16a8cfc,0,5522125.0,2802.0,113,50,0,0,14,15,17,252,126,126,70,5,56,17,16,23,240,1,3,1,2,4,7,2,2,20,2,1,5,2,0,1,4,2,1,0,1,14,1,2,2,2,2,1,0,2,15,1,5,492
orjson_3_10_4,9145752897a44a60da81e3873ed4b777d16a8cfc,0,5415264.333333333,2802.0,113,50,0,0,14,15,17,252,126,126,70,5,56,17,16,23,240,1,3,1,2,4,7,2,2,20,2,1,5,2,0,1,4,2,1,0,1,14,1,2,2,2,2,1,0,2,15,1,5,492
orjson_3_10_5,9145752897a44a60da81e3873ed4b777d16a8cfc,0,5426361.333333333,2802.0,113,50,0,0,14,15,17,252,126,126,70,5,56,17,16,23,240,1,3,1,2,4,7,2,2,20,2,1,5,2,0,1,4,2,1,0,1,14,1,2,2,2,2,1,0,2,15,1,5,492
orjson_3_10_6,9145752897a44a60da81e3873ed4b777d16a8cfc,0,5484944.666666667,2802.0,113,50,0,0,14,15,17,252,126,126,70,5,56,17,16,23,240,1,3,1,2,4,7,2,2,20,2,1,5,2,0,1,4,2,1,0,1,14,1,2,2,2,2,1,0,2,15,1,5,492
orjson_3_10_1,070cb6f2d65c392c9b1f02fa5960212bb3a7c59f,0,9684708.333333334,4546.0,158,40,0,0,26,28,32,425,216,209,97,12,112,35,34,43,389,9,0,0,0,0,0,0,0,0,0,0,0,0,0,0,5,5,2,0,2,26,2,5,5,5,5,2,0,3,28,4,0,814
orjson_3_10_2,070cb6f2d65c392c9b1f02fa5960212bb3a7c59f,0,9752805.333333334,4632.0,158,40,0,0,26,28,32,425,216,209,97,12,112,35,34,43,389,9,0,0,0,0,0,0,0,0,0,0,0,0,0,0,5,5,2,0,2,26,2,5,5,5,5,2,0,3,28,4,0,814
orjson_3_10_3,070cb6f2d65c392c9b1f02fa5960212bb3a7c59f,0,9466319.333333334,4546.0,158,40,0,0,26,28,32,425,216,209,97,12,112,35,34,43,389,9,0,0,0,0,0,0,0,0,0,0,0,0,0,0,5,5,2,0,2,26,2,5,5,5,5,2,0,3,28,4,0,814
orjson_3_10_4,070cb6f2d65c392c9b1f02fa5960212bb3a7c59f,0,9271403.0,4546.0,158,40,0,0,26,28,32,425,216,209,97,12,112,35,34,43,389,9,0,0,0,0,0,0,0,0,0,0,0,0,0,0,5,5,2,0,2,26,2,5,5,5,5,2,0,3,28,4,0,814
orjson_3_10_5,070cb6f2d65c392c9b1f02fa5960212bb3a7c59f,0,9300278.0,4546.0,158,40,0,0,26,28,32,425,216,209,97,12,112,35,34,43,389,9,0,0,0,0,0,0,0,0,0,0,0,0,0,0,5,5,2,0,2,26,2,5,5,5,5,2,0,3,28,4,0,814
orjson_3_10_6,070cb6f2d65c392c9b1f02fa5960212bb3a7c59f,0,9486583.666666666,4657.0,158,40,0,0,26,28,32,425,216,209,97,12,112,35,34,43,389,9,0,0,0,0,0,0,0,0,0,0,0,0,0,0,5,5,2,0,2,26,2,5,5,5,5,2,0,3,28,4,0,814
orjson_3_10_1,f713efa60a44dedb82864e5f9ba8cb9c6709049a,0,9462847.333333334,4590.0,195,75,1,0,26,29,34,379,183,196,91,8,105,29,32,44,421,7,1,0,1,2,3,1,1,0,0,0,2,1,1,0,2,6,2,1,2,26,2,2,1,1,2,5,0,4,28,5,2,800
orjson_3_10_2,f713efa60a44dedb82864e5f9ba8cb9c6709049a,0,9339708.0,4590.0,195,75,1,0,26,29,34,379,183,196,91,8,105,29,32,44,421,7,1,0,1,2,3,1,1,0,0,0,2,1,1,0,2,6,2,1,2,26,2,2,1,1,2,5,0,4,28,5,2,800
orjson_3_10_3,f713efa60a44dedb82864e5f9ba8cb9c6709049a,0,9889737.6,4590.0,195,75,1,0,26,29,34,379,183,196,91,8,105,29,32,44,421,7,1,0,1,2,3,1,1,0,0,0,2,1,1,0,2,6,2,1,2,26,2,2,1,1,2,5,0,4,28,5,2,800
orjson_3_10_4,f713efa60a44dedb82864e5f9ba8cb9c6709049a,0,9094055.666666666,4590.0,195,75,1,0,26,29,34,379,183,196,91,8,105,29,32,44,421,7,1,0,1,2,3,1,1,0,0,0,2,1,1,0,2,6,2,1,2,26,2,2,1,1,2,5,0,4,28,5,2,800
orjson_3_10_5,f713efa60a44dedb82864e5f9ba8cb9c6709049a,0,9135972.666666666,4590.0,195,75,1,0,26,29,34,379,183,196,91,8,105,29,32,44,421,7,1,0,1,2,3,1,1,0,0,0,2,1,1,0,2,6,2,1,2,26,2,2,1,1,2,5,0,4,28,5,2,800
orjson_3_10_6,f713efa60a44dedb82864e5f9ba8cb9c6709049a,0,9241291.666666666,4590.0,195,75,1,0,26,29,34,379,183,196,91,8,105,29,32,44,421,7,1,0,1,2,3,1,1,0,0,0,2,1,1,0,2,6,2,1,2,26,2,2,1,1,2,5,0,4,28,5,2,800
orjson_3_10_1,23da82df5b402f85fdf1a4e05a0cff7ab6b39dcd,0,8657013.666666666,4351.0,116,57,0,0,13,14,18,435,205,230,118,14,112,29,39,44,448,1,1,1,0,2,0,0,0,0,0,1,2,1,1,0,3,3,1,0,1,13,1,5,2,2,5,7,0,2,14,1,2,883
orjson_3_10_2,23da82df5b402f85fdf1a4e05a0cff7ab6b39dcd,0,8803014.0,4351.0,116,57,0,0,13,14,18,435,205,230,118,14,112,29,39,44,448,1,1,1,0,2,0,0,0,0,0,1,2,1,1,0,3,3,1,0,1,13,1,5,2,2,5,7,0,2,14,1,2,883
orjson_3_10_3,23da82df5b402f85fdf1a4e05a0cff7ab6b39dcd,0,8807319.666666666,4351.0,116,57,0,0,13,14,18,435,205,230,118,14,112,29,39,44,448,1,1,1,0,2,0,0,0,0,0,1,2,1,1,0,3,3,1,0,1,13,1,5,2,2,5,7,0,2,14,1,2,883
orjson_3_10_4,23da82df5b402f85fdf1a4e05a0cff7ab6b39dcd,0,8696889.0,4351.0,116,57,0,0,13,14,18,435,205,230,118,14,112,29,39,44,448,1,1,1,0,2,0,0,0,0,0,1,2,1,1,0,3,3,1,0,1,13,1,5,2,2,5,7,0,2,14,1,2,883
orjson_3_10_5,23da82df5b402f85fdf1a4e05a0cff7ab6b39dcd,0,8580458.0,4351.0,116,57,0,0,13,14,18,435,205,230,118,14,112,29,39,44,448,1,1,1,0,2,0,0,0,0,0,1,2,1,1,0,3,3,1,0,1,13,1,5,2,2,5,7,0,2,14,1,2,883
orjson_3_10_6,23da82df5b402f85fdf1a4e05a0cff7ab6b39dcd,0,8665514.0,4351.0,116,57,0,0,13,14,18,435,205,230,118,14,112,29,39,44,448,1,1,1,0,2,0,0,0,0,0,1,2,1,1,0,3,3,1,0,1,13,1,5,2,2,5,7,0,2,14,1,2,883
orjson_3_10_1,4e0a331b2b7cb0cc99265ca5196585588eee2be9,0,9594930.333333334,4546.0,158,40,0,0,26,28,32,425,216,209,98,12,111,35,34,42,389,10,0,0,0,0,0,0,0,0,0,0,0,0,0,0,4,5,2,0,2,26,2,5,5,5,5,2,0,3,28,4,0,814
orjson_3_10_2,4e0a331b2b7cb0cc99265ca5196585588eee2be9,0,9577486.333333334,4632.0,158,40,0,0,26,28,32,425,216,209,98,12,111,35,34,42,389,10,0,0,0,0,0,0,0,0,0,0,0,0,0,0,4,5,2,0,2,26,2,5,5,5,5,2,0,3,28,4,0,814
orjson_3_10_3,4e0a331b2b7cb0cc99265ca5196585588eee2be9,0,9445916.666666666,4546.0,158,40,0,0,26,28,32,425,216,209,98,12,111,35,34,42,389,10,0,0,0,0,0,0,0,0,0,0,0,0,0,0,4,5,2,0,2,26,2,5,5,5,5,2,0,3,28,4,0,814
orjson_3_10_4,4e0a331b2b7cb0cc99265ca5196585588eee2be9,0,9249041.666666666,4546.0,158,40,0,0,26,28,32,425,216,209,98,12,111,35,34,42,389,10,0,0,0,0,0,0,0,0,0,0,0,0,0,0,4,5,2,0,2,26,2,5,5,5,5,2,0,3,28,4,0,814
orjson_3_10_5,4e0a331b2b7cb0cc99265ca5196585588eee2be9,0,9262625.0,4546.0,158,40,0,0,26,28,32,425,216,209,98,12,111,35,34,42,389,10,0,0,0,0,0,0,0,0,0,0,0,0,0,0,4,5,2,0,2,26,2,5,5,5,5,2,0,3,28,4,0,814
orjson_3_10_6,4e0a331b2b7cb0cc99265ca5196585588eee2be9,0,9591555.666666666,4657.0,158,40,0,0,26,28,32,425,216,209,98,12,111,35,34,42,389,10,0,0,0,0,0,0,0,0,0,0,0,0,0,0,4,5,2,0,2,26,2,5,5,5,5,2,0,3,28,4,0,814
orjson_3_10_1,8c345003272be69d6f3118431e55add19d6f867a,0,5539208.333333333,2802.0,113,50,0,0,14,15,17,252,126,126,70,5,56,17,16,23,240,1,3,1,3,5,8,2,2,20,2,1,5,2,0,1,4,2,1,0,1,14,1,2,2,2,2,1,0,2,15,1,5,492
orjson_3_10_2,8c345003272be69d6f3118431e55add19d6f867a,0,5668687.25,2802.0,113,50,0,0,14,15,17,252,126,126,70,5,56,17,16,23,240,1,3,1,3,5,8,2,2,20,2,1,5,2,0,1,4,2,1,0,1,14,1,2,2,2,2,1,0,2,15,1,5,492
orjson_3_10_3,8c345003272be69d6f3118431e55add19d6f867a,0,5629562.0,2802.0,113,50,0,0,14,15,17,252,126,126,70,5,56,17,16,23,240,1,3,1,3,5,8,2,2,20,2,1,5,2,0,1,4,2,1,0,1,14,1,2,2,2,2,1,0,2,15,1,5,492
orjson_3_10_4,8c345003272be69d6f3118431e55add19d6f867a,0,5510777.666666667,2802.0,113,50,0,0,14,15,17,252,126,126,70,5,56,17,16,23,240,1,3,1,3,5,8,2,2,20,2,1,5,2,0,1,4,2,1,0,1,14,1,2,2,2,2,1,0,2,15,1,5,492
orjson_3_10_5,8c345003272be69d6f3118431e55add19d6f867a,0,5611597.0,2802.0,113,50,0,0,14,15,17,252,126,126,70,5,56,17,16,23,240,1,3,1,3,5,8,2,2,20,2,1,5,2,0,1,4,2,1,0,1,14,1,2,2,2,2,1,0,2,15,1,5,492
orjson_3_10_6,8c345003272be69d6f3118431e55add19d6f867a,0,5516583.0,2802.0,113,50,0,0,14,15,17,252,126,126,70,5,56,17,16,23,240,1,3,1,3,5,8,2,2,20,2,1,5,2,0,1,4,2,1,0,1,14,1,2,2,2,2,1,0,2,15,1,5,492
orjson_3_10_1,4746fbc41daac328201a59b4bb4aa18efe8bcad3,0,10614541.666666666,4292.0,304,112,3,5,44,50,47,329,161,168,77,10,91,30,35,26,322,9,3,1,2,1,5,2,1,8,1,1,4,1,1,0,10,11,3,3,3,39,3,4,3,3,4,3,0,6,42,9,4,651
orjson_3_10_2,4746fbc41daac328201a59b4bb4aa18efe8bcad3,0,10501791.666666666,4397.0,304,112,3,5,44,50,47,329,161,168,77,10,91,30,35,26,322,9,3,1,2,1,5,2,1,8,1,1,4,1,1,0,10,11,3,3,3,39,3,4,3,3,4,3,0,6,42,9,4,651
orjson_3_10_3,4746fbc41daac328201a59b4bb4aa18efe8bcad3,0,10265042.0,4292.0,304,112,3,5,44,50,47,329,161,168,77,10,91,30,35,26,322,9,3,1,2,1,5,2,1,8,1,1,4,1,1,0,10,11,3,3,3,39,3,4,3,3,4,3,0,6,42,9,4,651
orjson_3_10_4,4746fbc41daac328201a59b4bb4aa18efe8bcad3,0,10181055.666666666,4292.0,304,112,3,5,44,50,47,329,161,168,77,10,91,30,35,26,322,9,3,1,2,1,5,2,1,8,1,1,4,1,1,0,10,11,3,3,3,39,3,4,3,3,4,3,0,6,42,9,4,651
orjson_3_10_5,4746fbc41daac328201a59b4bb4aa18efe8bcad3,0,10182194.666666666,4292.0,304,112,3,5,44,50,47,329,161,168,77,10,91,30,35,26,322,9,3,1,2,1,5,2,1,8,1,1,4,1,1,0,10,11,3,3,3,39,3,4,3,3,4,3,0,6,42,9,4,651
orjson_3_10_6,4746fbc41daac328201a59b4bb4aa18efe8bcad3,0,10174083.0,4292.0,304,112,3,5,44,50,47,329,161,168,77,10,91,30,35,26,322,9,3,1,2,1,5,2,1,8,1,1,4,1,1,0,10,11,3,3,3,39,3,4,3,3,4,3,0,6,42,9,4,651
orjson_3_10_1,a0dceba2e3a358ccd36b8c797d8b3d3397b2ab66,0,10576375.0,4292.0,304,112,3,5,44,50,47,330,162,168,77,10,91,30,35,26,321,9,3,1,2,1,5,2,1,8,1,1,4,1,1,0,10,11,3,3,3,39,3,4,3,3,4,3,0,6,42,9,4,651
orjson_3_10_2,a0dceba2e3a358ccd36b8c797d8b3d3397b2ab66,0,10476111.0,4397.0,304,112,3,5,44,50,47,330,162,168,77,10,91,30,35,26,321,9,3,1,2,1,5,2,1,8,1,1,4,1,1,0,10,11,3,3,3,39,3,4,3,3,4,3,0,6,42,9,4,651
orjson_3_10_3,a0dceba2e3a358ccd36b8c797d8b3d3397b2ab66,0,10268528.333333334,4292.0,304,112,3,5,44,50,47,330,162,168,77,10,91,30,35,26,321,9,3,1,2,1,5,2,1,8,1,1,4,1,1,0,10,11,3,3,3,39,3,4,3,3,4,3,0,6,42,9,4,651
orjson_3_10_4,a0dceba2e3a358ccd36b8c797d8b3d3397b2ab66,0,10157083.0,4292.0,304,112,3,5,44,50,47,330,162,168,77,10,91,30,35,26,321,9,3,1,2,1,5,2,1,8,1,1,4,1,1,0,10,11,3,3,3,39,3,4,3,3,4,3,0,6,42,9,4,651
orjson_3_10_5,a0dceba2e3a358ccd36b8c797d8b3d3397b2ab66,0,10032972.666666666,4292.0,304,112,3,5,44,50,47,330,162,168,77,10,91,30,35,26,321,9,3,1,2,1,5,2,1,8,1,1,4,1,1,0,10,11,3,3,3,39,3,4,3,3,4,3,0,6,42,9,4,651
orjson_3_10_6,a0dceba2e3a358ccd36b8c797d8b3d3397b2ab66,0,10196305.333333334,4292.0,304,112,3,5,44,50,47,330,162,168,77,10,91,30,35,26,321,9,3,1,2,1,5,2,1,8,1,1,4,1,1,0,10,11,3,3,3,39,3,4,3,3,4,3,0,6,42,9,4,651
orjson_3_10_1,4cc38c98b2c3d6d31736a2fbbf96926d704030ba,0,3092486.3333333335,1344.0,42,23,0,0,2,4,4,151,84,67,44,5,23,9,9,5,143,0,0,0,0,0,0,0,0,0,0,0,0,0,0,0,0,2,2,0,2,2,2,2,2,2,2,1,0,3,4,1,0,294
orjson_3_10_2,4cc38c98b2c3d6d31736a2fbbf96926d704030ba,0,3188180.6666666665,1344.0,42,23,0,0,2,4,4,151,84,67,44,5,23,9,9,5,143,0,0,0,0,0,0,0,0,0,0,0,0,0,0,0,0,2,2,0,2,2,2,2,2,2,2,1,0,3,4,1,0,294
orjson_3_10_3,4cc38c98b2c3d6d31736a2fbbf96926d704030ba,0,3193361.0,1344.0,42,23,0,0,2,4,4,151,84,67,44,5,23,9,9,5,143,0,0,0,0,0,0,0,0,0,0,0,0,0,0,0,0,2,2,0,2,2,2,2,2,2,2,1,0,3,4,1,0,294
orjson_3_10_4,4cc38c98b2c3d6d31736a2fbbf96926d704030ba,0,3122736.0,1344.0,42,23,0,0,2,4,4,151,84,67,44,5,23,9,9,5,143,0,0,0,0,0,0,0,0,0,0,0,0,0,0,0,0,2,2,0,2,2,2,2,2,2,2,1,0,3,4,1,0,294
orjson_3_10_5,4cc38c98b2c3d6d31736a2fbbf96926d704030ba,0,3118472.0,1344.0,42,23,0,0,2,4,4,151,84,67,44,5,23,9,9,5,143,0,0,0,0,0,0,0,0,0,0,0,0,0,0,0,0,2,2,0,2,2,2,2,2,2,2,1,0,3,4,1,0,294
orjson_3_10_6,4cc38c98b2c3d6d31736a2fbbf96926d704030ba,0,3151069.6666666665,1344.0,42,23,0,0,2,4,4,151,84,67,44,5,23,9,9,5,143,0,0,0,0,0,0,0,0,0,0,0,0,0,0,0,0,2,2,0,2,2,2,2,2,2,2,1,0,3,4,1,0,294
orjson_3_10_1,af171fd888e3712a1e4a83c2c42e2254550d6323,0,10388403.0,4375.0,170,40,1,1,28,32,34,399,213,186,105,8,81,27,24,30,410,8,2,2,2,4,8,0,1,0,0,2,4,2,1,0,5,4,3,1,3,27,3,5,2,2,5,1,0,5,30,5,4,809
orjson_3_10_2,af171fd888e3712a1e4a83c2c42e2254550d6323,0,10298542.0,4375.0,170,40,1,1,28,32,34,399,213,186,105,8,81,27,24,30,410,8,2,2,2,4,8,0,1,0,0,2,4,2,1,0,5,4,3,1,3,27,3,5,2,2,5,1,0,5,30,5,4,809
orjson_3_10_3,af171fd888e3712a1e4a83c2c42e2254550d6323,0,10076722.333333334,4375.0,170,40,1,1,28,32,34,399,213,186,105,8,81,27,24,30,410,8,2,2,2,4,8,0,1,0,0,2,4,2,1,0,5,4,3,1,3,27,3,5,2,2,5,1,0,5,30,5,4,809
orjson_3_10_4,af171fd888e3712a1e4a83c2c42e2254550d6323,0,9905555.666666666,4375.0,170,40,1,1,28,32,34,399,213,186,105,8,81,27,24,30,410,8,2,2,2,4,8,0,1,0,0,2,4,2,1,0,5,4,3,1,3,27,3,5,2,2,5,1,0,5,30,5,4,809
orjson_3_10_5,af171fd888e3712a1e4a83c2c42e2254550d6323,0,9917222.333333334,4375.0,170,40,1,1,28,32,34,399,213,186,105,8,81,27,24,30,410,8,2,2,2,4,8,0,1,0,0,2,4,2,1,0,5,4,3,1,3,27,3,5,2,2,5,1,0,5,30,5,4,809
orjson_3_10_6,af171fd888e3712a1e4a83c2c42e2254550d6323,0,9991819.333333334,4375.0,170,40,1,1,28,32,34,399,213,186,105,8,81,27,24,30,410,8,2,2,2,4,8,0,1,0,0,2,4,2,1,0,5,4,3,1,3,27,3,5,2,2,5,1,0,5,30,5,4,809
orjson_3_10_1,ea7a3f16833e620103dfb14d889aa1bbc93ac8f7,0,8658680.666666666,4424.0,85,37,0,0,10,11,16,420,209,211,106,12,105,41,34,30,397,1,1,1,0,0,0,0,0,0,0,1,1,0,0,0,0,2,1,0,1,10,1,2,2,2,2,8,0,2,11,2,1,817
orjson_3_10_2,ea7a3f16833e620103dfb14d889aa1bbc93ac8f7,0,8759097.333333334,4424.0,85,37,0,0,10,11,16,420,209,211,106,12,105,41,34,30,397,1,1,1,0,0,0,0,0,0,0,1,1,0,0,0,0,2,1,0,1,10,1,2,2,2,2,8,0,2,11,2,1,817
orjson_3_10_3,ea7a3f16833e620103dfb14d889aa1bbc93ac8f7,0,8769791.666666666,4424.0,85,37,0,0,10,11,16,420,209,211,106,12,105,41,34,30,397,1,1,1,0,0,0,0,0,0,0,1,1,0,0,0,0,2,1,0,1,10,1,2,2,2,2,8,0,2,11,2,1,817
orjson_3_10_4,ea7a3f16833e620103dfb14d889aa1bbc93ac8f7,0,8609555.333333334,4424.0,85,37,0,0,10,11,16,420,209,211,106,12,105,41,34,30,397,1,1,1,0,0,0,0,0,0,0,1,1,0,0,0,0,2,1,0,1,10,1,2,2,2,2,8,0,2,11,2,1,817
orjson_3_10_5,ea7a3f16833e620103dfb14d889aa1bbc93ac8f7,0,8566402.666666666,4424.0,85,37,0,0,10,11,16,420,209,211,106,12,105,41,34,30,397,1,1,1,0,0,0,0,0,0,0,1,1,0,0,0,0,2,1,0,1,10,1,2,2,2,2,8,0,2,11,2,1,817
orjson_3_10_6,ea7a3f16833e620103dfb14d889aa1bbc93ac8f7,0,8595708.333333334,4424.0,85,37,0,0,10,11,16,420,209,211,106,12,105,41,34,30,397,1,1,1,0,0,0,0,0,0,0,1,1,0,0,0,0,2,1,0,1,10,1,2,2,2,2,8,0,2,11,2,1,817
orjson_3_10_1,8d80127f6224594419547808cbd8e0cc7eb75361,0,9710708.333333334,3535.0,253,84,0,0,36,40,43,359,169,190,93,12,97,38,32,27,340,7,2,0,2,3,5,2,0,4,3,0,3,1,0,1,10,7,4,0,4,36,4,3,6,6,3,3,0,5,40,7,3,699
orjson_3_10_2,8d80127f6224594419547808cbd8e0cc7eb75361,0,9506319.333333334,3449.0,253,84,0,0,36,40,43,359,169,190,93,12,97,38,32,27,340,7,2,0,2,3,5,2,0,4,3,0,3,1,0,1,10,7,4,0,4,36,4,3,6,6,3,3,0,5,40,7,3,699
orjson_3_10_3,8d80127f6224594419547808cbd8e0cc7eb75361,0,9423270.75,3449.0,253,84,0,0,36,40,43,359,169,190,93,12,97,38,32,27,340,7,2,0,2,3,5,2,0,4,3,0,3,1,0,1,10,7,4,0,4,36,4,3,6,6,3,3,0,5,40,7,3,699
orjson_3_10_4,8d80127f6224594419547808cbd8e0cc7eb75361,0,9298041.333333334,3561.0,253,84,0,0,36,40,43,359,169,190,93,12,97,38,32,27,340,7,2,0,2,3,5,2,0,4,3,0,3,1,0,1,10,7,4,0,4,36,4,3,6,6,3,3,0,5,40,7,3,699
orjson_3_10_5,8d80127f6224594419547808cbd8e0cc7eb75361,0,9163805.666666666,3449.0,253,84,0,0,36,40,43,359,169,190,93,12,97,38,32,27,340,7,2,0,2,3,5,2,0,4,3,0,3,1,0,1,10,7,4,0,4,36,4,3,6,6,3,3,0,5,40,7,3,699
orjson_3_10_6,8d80127f6224594419547808cbd8e0cc7eb75361,0,9506152.666666666,3577.0,253,84,0,0,36,40,43,359,169,190,93,12,97,38,32,27,340,7,2,0,2,3,5,2,0,4,3,0,3,1,0,1,10,7,4,0,4,36,4,3,6,6,3,3,0,5,40,7,3,699
orjson_3_10_1,b079600b1f31ce3fcbf236f2c549b2e31fc1b27f,0,10373736.333333334,4684.0,233,91,1,3,31,35,36,382,195,187,105,11,82,31,35,16,392,7,0,0,0,3,0,0,1,7,1,0,3,3,1,1,4,5,3,1,3,28,3,1,4,4,1,6,0,5,31,9,3,774
orjson_3_10_2,b079600b1f31ce3fcbf236f2c549b2e31fc1b27f,0,10424847.333333334,4790.0,233,91,1,3,31,35,36,382,195,187,105,11,82,31,35,16,392,7,0,0,0,3,0,0,1,7,1,0,3,3,1,1,4,5,3,1,3,28,3,1,4,4,1,6,0,5,31,9,3,774
orjson_3_10_3,b079600b1f31ce3fcbf236f2c549b2e31fc1b27f,0,10243319.333333334,4684.0,233,91,1,3,31,35,36,382,195,187,105,11,82,31,35,16,392,7,0,0,0,3,0,0,1,7,1,0,3,3,1,1,4,5,3,1,3,28,3,1,4,4,1,6,0,5,31,9,3,774
orjson_3_10_4,b079600b1f31ce3fcbf236f2c549b2e31fc1b27f,0,10180222.333333334,4684.0,233,91,1,3,31,35,36,382,195,187,105,11,82,31,35,16,392,7,0,0,0,3,0,0,1,7,1,0,3,3,1,1,4,5,3,1,3,28,3,1,4,4,1,6,0,5,31,9,3,774
orjson_3_10_5,b079600b1f31ce3fcbf236f2c549b2e31fc1b27f,0,10103885.5,4684.0,233,91,1,3,31,35,36,382,195,187,105,11,82,31,35,16,392,7,0,0,0,3,0,0,1,7,1,0,3,3,1,1,4,5,3,1,3,28,3,1,4,4,1,6,0,5,31,9,3,774
orjson_3_10_6,b079600b1f31ce3fcbf236f2c549b2e31fc1b27f,0,10234027.666666666,4684.0,233,91,1,3,31,35,36,382,195,187,105,11,82,31,35,16,392,7,0,0,0,3,0,0,1,7,1,0,3,3,1,1,4,5,3,1,3,28,3,1,4,4,1,6,0,5,31,9,3,774
orjson_3_10_1,a5b2e52887f56d02d3390807ac318e6419c29efc,0,9693194.333333334,4028.0,242,69,1,2,38,43,46,369,177,192,95,12,97,37,33,27,342,14,0,0,0,1,0,0,0,9,1,0,2,2,1,1,3,9,4,1,4,36,4,3,3,3,3,6,0,6,40,6,2,711
orjson_3_10_2,a5b2e52887f56d02d3390807ac318e6419c29efc,0,9585916.666666666,4146.0,242,69,1,2,38,43,46,369,177,192,95,12,97,37,33,27,342,14,0,0,0,1,0,0,0,9,1,0,2,2,1,1,3,9,4,1,4,36,4,3,3,3,3,6,0,6,40,6,2,711
orjson_3_10_3,a5b2e52887f56d02d3390807ac318e6419c29efc,0,9435986.0,4028.0,242,69,1,2,38,43,46,369,177,192,95,12,97,37,33,27,342,14,0,0,0,1,0,0,0,9,1,0,2,2,1,1,3,9,4,1,4,36,4,3,3,3,3,6,0,6,40,6,2,711
orjson_3_10_4,a5b2e52887f56d02d3390807ac318e6419c29efc,0,9329610.666666666,4028.0,242,69,1,2,38,43,46,369,177,192,95,12,97,37,33,27,342,14,0,0,0,1,0,0,0,9,1,0,2,2,1,1,3,9,4,1,4,36,4,3,3,3,3,6,0,6,40,6,2,711
orjson_3_10_5,a5b2e52887f56d02d3390807ac318e6419c29efc,0,9307458.333333334,4028.0,242,69,1,2,38,43,46,369,177,192,95,12,97,37,33,27,342,14,0,0,0,1,0,0,0,9,1,0,2,2,1,1,3,9,4,1,4,36,4,3,3,3,3,6,0,6,40,6,2,711
orjson_3_10_6,a5b2e52887f56d02d3390807ac318e6419c29efc,0,9471055.333333334,4028.0,242,69,1,2,38,43,46,369,177,192,95,12,97,37,33,27,342,14,0,0,0,1,0,0,0,9,1,0,2,2,1,1,3,9,4,1,4,36,4,3,3,3,3,6,0,6,40,6,2,711
orjson_3_10_1,c79e7af31aa48f5343e81fbf09f60fdea7a9d335,0,8769250.0,4232.0,124,40,0,0,18,20,25,447,231,216,98,18,118,39,40,39,401,5,0,0,0,0,0,0,0,0,0,0,1,1,1,0,1,5,2,0,2,18,2,5,9,9,5,4,0,3,20,2,1,848
orjson_3_10_2,c79e7af31aa48f5343e81fbf09f60fdea7a9d335,0,8988569.333333334,4232.0,124,40,0,0,18,20,25,447,231,216,98,18,118,39,40,39,401,5,0,0,0,0,0,0,0,0,0,0,1,1,1,0,1,5,2,0,2,18,2,5,9,9,5,4,0,3,20,2,1,848
orjson_3_10_3,c79e7af31aa48f5343e81fbf09f60fdea7a9d335,0,8988527.666666666,4232.0,124,40,0,0,18,20,25,447,231,216,98,18,118,39,40,39,401,5,0,0,0,0,0,0,0,0,0,0,1,1,1,0,1,5,2,0,2,18,2,5,9,9,5,4,0,3,20,2,1,848
orjson_3_10_4,c79e7af31aa48f5343e81fbf09f60fdea7a9d335,0,8685611.333333334,4232.0,124,40,0,0,18,20,25,447,231,216,98,18,118,39,40,39,401,5,0,0,0,0,0,0,0,0,0,0,1,1,1,0,1,5,2,0,2,18,2,5,9,9,5,4,0,3,20,2,1,848
orjson_3_10_5,c79e7af31aa48f5343e81fbf09f60fdea7a9d335,0,8678833.0,4232.0,124,40,0,0,18,20,25,447,231,216,98,18,118,39,40,39,401,5,0,0,0,0,0,0,0,0,0,0,1,1,1,0,1,5,2,0,2,18,2,5,9,9,5,4,0,3,20,2,1,848
orjson_3_10_6,c79e7af31aa48f5343e81fbf09f60fdea7a9d335,0,8852583.333333334,4232.0,124,40,0,0,18,20,25,447,231,216,98,18,118,39,40,39,401,5,0,0,0,0,0,0,0,0,0,0,1,1,1,0,1,5,2,0,2,18,2,5,9,9,5,4,0,3,20,2,1,848
orjson_3_10_1,83f095170980896df57f76d5a15096830391be61,0,8804652.666666666,4471.0,140,54,1,0,18,21,25,430,212,218,92,8,126,43,46,37,406,2,0,0,0,0,0,0,0,23,2,0,2,2,0,2,1,7,2,1,2,18,2,1,3,3,1,4,0,3,20,3,2,836
orjson_3_10_2,83f095170980896df57f76d5a15096830391be61,0,8593652.666666666,4385.0,140,54,1,0,18,21,25,430,212,218,92,8,126,43,46,37,406,2,0,0,0,0,0,0,0,23,2,0,2,2,0,2,1,7,2,1,2,18,2,1,3,3,1,4,0,3,20,3,2,836
orjson_3_10_3,83f095170980896df57f76d5a15096830391be61,0,8742819.333333334,4472.0,140,54,1,0,18,21,25,430,212,218,92,8,126,43,46,37,406,2,0,0,0,0,0,0,0,23,2,0,2,2,0,2,1,7,2,1,2,18,2,1,3,3,1,4,0,3,20,3,2,836
orjson_3_10_4,83f095170980896df57f76d5a15096830391be61,0,8414486.0,4385.0,140,54,1,0,18,21,25,430,212,218,92,8,126,43,46,37,406,2,0,0,0,0,0,0,0,23,2,0,2,2,0,2,1,7,2,1,2,18,2,1,3,3,1,4,0,3,20,3,2,836
orjson_3_10_5,83f095170980896df57f76d5a15096830391be61,0,8386055.333333333,4385.0,140,54,1,0,18,21,25,430,212,218,92,8,126,43,46,37,406,2,0,0,0,0,0,0,0,23,2,0,2,2,0,2,1,7,2,1,2,18,2,1,3,3,1,4,0,3,20,3,2,836
orjson_3_10_6,83f095170980896df57f76d5a15096830391be61,0,8734153.0,4521.0,140,54,1,0,18,21,25,430,212,218,92,8,126,43,46,37,406,2,0,0,0,0,0,0,0,23,2,0,2,2,0,2,1,7,2,1,2,18,2,1,3,3,1,4,0,3,20,3,2,836
orjson_3_10_1,5d7469d80c91653fef9915485284d02bc4d082b0,0,9275333.333333334,4368.0,142,59,0,0,18,20,23,410,201,209,105,10,104,39,25,40,433,6,1,0,1,3,1,1,1,12,1,0,4,3,2,1,2,3,2,0,2,18,2,5,5,5,5,0,0,3,20,1,4,843
orjson_3_10_2,5d7469d80c91653fef9915485284d02bc4d082b0,0,9318569.666666666,4368.0,142,59,0,0,18,20,23,410,201,209,105,10,104,39,25,40,433,6,1,0,1,3,1,1,1,12,1,0,4,3,2,1,2,3,2,0,2,18,2,5,5,5,5,0,0,3,20,1,4,843
orjson_3_10_3,5d7469d80c91653fef9915485284d02bc4d082b0,0,9230222.0,4368.0,142,59,0,0,18,20,23,410,201,209,105,10,104,39,25,40,433,6,1,0,1,3,1,1,1,12,1,0,4,3,2,1,2,3,2,0,2,18,2,5,5,5,5,0,0,3,20,1,4,843
orjson_3_10_4,5d7469d80c91653fef9915485284d02bc4d082b0,0,9231791.666666666,4368.0,142,59,0,0,18,20,23,410,201,209,105,10,104,39,25,40,433,6,1,0,1,3,1,1,1,12,1,0,4,3,2,1,2,3,2,0,2,18,2,5,5,5,5,0,0,3,20,1,4,843
orjson_3_10_5,5d7469d80c91653fef9915485284d02bc4d082b0,0,9270500.333333334,4368.0,142,59,0,0,18,20,23,410,201,209,105,10,104,39,25,40,433,6,1,0,1,3,1,1,1,12,1,0,4,3,2,1,2,3,2,0,2,18,2,5,5,5,5,0,0,3,20,1,4,843
orjson_3_10_6,5d7469d80c91653fef9915485284d02bc4d082b0,0,9170458.333333334,4368.0,142,59,0,0,18,20,23,410,201,209,105,10,104,39,25,40,433,6,1,0,1,3,1,1,1,12,1,0,4,3,2,1,2,3,2,0,2,18,2,5,5,5,5,0,0,3,20,1,4,843
orjson_3_10_1,2378c598412b762b28a7dc743962b44b0fe01ddf,0,8859486.333333334,4471.0,140,54,1,0,18,21,25,430,212,218,92,8,126,43,46,37,406,2,0,0,0,0,0,0,0,23,2,0,2,2,0,2,1,7,2,1,2,18,2,1,3,3,1,4,0,3,20,3,2,836
orjson_3_10_2,2378c598412b762b28a7dc743962b44b0fe01ddf,0,8544721.666666666,4385.0,140,54,1,0,18,21,25,430,212,218,92,8,126,43,46,37,406,2,0,0,0,0,0,0,0,23,2,0,2,2,0,2,1,7,2,1,2,18,2,1,3,3,1,4,0,3,20,3,2,836
orjson_3_10_3,2378c598412b762b28a7dc743962b44b0fe01ddf,0,8688145.75,4472.0,140,54,1,0,18,21,25,430,212,218,92,8,126,43,46,37,406,2,0,0,0,0,0,0,0,23,2,0,2,2,0,2,1,7,2,1,2,18,2,1,3,3,1,4,0,3,20,3,2,836
orjson_3_10_4,2378c598412b762b28a7dc743962b44b0fe01ddf,0,8489166.333333334,4385.0,140,54,1,0,18,21,25,430,212,218,92,8,126,43,46,37,406,2,0,0,0,0,0,0,0,23,2,0,2,2,0,2,1,7,2,1,2,18,2,1,3,3,1,4,0,3,20,3,2,836
orjson_3_10_5,2378c598412b762b28a7dc743962b44b0fe01ddf,0,8446041.666666666,4385.0,140,54,1,0,18,21,25,430,212,218,92,8,126,43,46,37,406,2,0,0,0,0,0,0,0,23,2,0,2,2,0,2,1,7,2,1,2,18,2,1,3,3,1,4,0,3,20,3,2,836
orjson_3_10_6,2378c598412b762b28a7dc743962b44b0fe01ddf,0,8745111.333333334,4521.0,140,54,1,0,18,21,25,430,212,218,92,8,126,43,46,37,406,2,0,0,0,0,0,0,0,23,2,0,2,2,0,2,1,7,2,1,2,18,2,1,3,3,1,4,0,3,20,3,2,836
orjson_3_10_1,5235605947737734f5b23fc83a08517a31df03d3,0,8105194.333333333,3832.0,142,59,0,0,18,20,23,352,173,179,91,9,88,34,17,37,373,6,1,0,1,3,1,1,1,12,1,0,4,3,2,1,2,3,2,0,2,18,2,5,4,4,5,0,0,3,20,1,4,725
orjson_3_10_2,5235605947737734f5b23fc83a08517a31df03d3,0,8173777.666666667,3832.0,142,59,0,0,18,20,23,352,173,179,91,9,88,34,17,37,373,6,1,0,1,3,1,1,1,12,1,0,4,3,2,1,2,3,2,0,2,18,2,5,4,4,5,0,0,3,20,1,4,725
orjson_3_10_3,5235605947737734f5b23fc83a08517a31df03d3,0,8051319.333333333,3832.0,142,59,0,0,18,20,23,352,173,179,91,9,88,34,17,37,373,6,1,0,1,3,1,1,1,12,1,0,4,3,2,1,2,3,2,0,2,18,2,5,4,4,5,0,0,3,20,1,4,725
orjson_3_10_4,5235605947737734f5b23fc83a08517a31df03d3,0,8092041.666666667,3832.0,142,59,0,0,18,20,23,352,173,179,91,9,88,34,17,37,373,6,1,0,1,3,1,1,1,12,1,0,4,3,2,1,2,3,2,0,2,18,2,5,4,4,5,0,0,3,20,1,4,725
orjson_3_10_5,5235605947737734f5b23fc83a08517a31df03d3,0,8076014.0,3832.0,142,59,0,0,18,20,23,352,173,179,91,9,88,34,17,37,373,6,1,0,1,3,1,1,1,12,1,0,4,3,2,1,2,3,2,0,2,18,2,5,4,4,5,0,0,3,20,1,4,725
orjson_3_10_6,5235605947737734f5b23fc83a08517a31df03d3,0,8203347.333333333,3832.0,142,59,0,0,18,20,23,352,173,179,91,9,88,34,17,37,373,6,1,0,1,3,1,1,1,12,1,0,4,3,2,1,2,3,2,0,2,18,2,5,4,4,5,0,0,3,20,1,4,725
orjson_3_10_1,8089c7b06a45598e6e5a43537b3d2509915154dc,0,10218597.0,4375.0,170,40,1,1,28,32,34,399,213,186,105,8,81,27,24,30,410,8,2,2,2,4,8,0,1,0,0,2,4,2,1,0,5,4,3,1,3,27,3,5,2,2,5,1,0,5,30,5,4,809
orjson_3_10_2,8089c7b06a45598e6e5a43537b3d2509915154dc,0,10222305.333333334,4375.0,170,40,1,1,28,32,34,399,213,186,105,8,81,27,24,30,410,8,2,2,2,4,8,0,1,0,0,2,4,2,1,0,5,4,3,1,3,27,3,5,2,2,5,1,0,5,30,5,4,809
orjson_3_10_3,8089c7b06a45598e6e5a43537b3d2509915154dc,0,10137083.333333334,4375.0,170,40,1,1,28,32,34,399,213,186,105,8,81,27,24,30,410,8,2,2,2,4,8,0,1,0,0,2,4,2,1,0,5,4,3,1,3,27,3,5,2,2,5,1,0,5,30,5,4,809
orjson_3_10_4,8089c7b06a45598e6e5a43537b3d2509915154dc,0,9889847.333333334,4375.0,170,40,1,1,28,32,34,399,213,186,105,8,81,27,24,30,410,8,2,2,2,4,8,0,1,0,0,2,4,2,1,0,5,4,3,1,3,27,3,5,2,2,5,1,0,5,30,5,4,809
orjson_3_10_5,8089c7b06a45598e6e5a43537b3d2509915154dc,0,9909846.666666666,4375.0,170,40,1,1,28,32,34,399,213,186,105,8,81,27,24,30,410,8,2,2,2,4,8,0,1,0,0,2,4,2,1,0,5,4,3,1,3,27,3,5,2,2,5,1,0,5,30,5,4,809
orjson_3_10_6,8089c7b06a45598e6e5a43537b3d2509915154dc,0,10108389.0,4375.0,170,40,1,1,28,32,34,399,213,186,105,8,81,27,24,30,410,8,2,2,2,4,8,0,1,0,0,2,4,2,1,0,5,4,3,1,3,27,3,5,2,2,5,1,0,5,30,5,4,809
orjson_3_10_1,20e2b5481feccb153c5e92e018c5a9d35687895f,0,7807014.0,3624.0,142,59,0,0,18,20,23,334,162,172,90,11,82,31,22,29,357,6,1,0,1,3,1,1,1,12,1,0,4,3,2,1,2,3,2,0,2,18,2,5,4,4,5,2,0,3,20,1,4,691
orjson_3_10_2,20e2b5481feccb153c5e92e018c5a9d35687895f,0,7806875.0,3624.0,142,59,0,0,18,20,23,334,162,172,90,11,82,31,22,29,357,6,1,0,1,3,1,1,1,12,1,0,4,3,2,1,2,3,2,0,2,18,2,5,4,4,5,2,0,3,20,1,4,691
orjson_3_10_3,20e2b5481feccb153c5e92e018c5a9d35687895f,0,7820680.333333333,3624.0,142,59,0,0,18,20,23,334,162,172,90,11,82,31,22,29,357,6,1,0,1,3,1,1,1,12,1,0,4,3,2,1,2,3,2,0,2,18,2,5,4,4,5,2,0,3,20,1,4,691
orjson_3_10_4,20e2b5481feccb153c5e92e018c5a9d35687895f,0,7709958.0,3624.0,142,59,0,0,18,20,23,334,162,172,90,11,82,31,22,29,357,6,1,0,1,3,1,1,1,12,1,0,4,3,2,1,2,3,2,0,2,18,2,5,4,4,5,2,0,3,20,1,4,691
orjson_3_10_5,20e2b5481feccb153c5e92e018c5a9d35687895f,0,7677486.666666667,3624.0,142,59,0,0,18,20,23,334,162,172,90,11,82,31,22,29,357,6,1,0,1,3,1,1,1,12,1,0,4,3,2,1,2,3,2,0,2,18,2,5,4,4,5,2,0,3,20,1,4,691
orjson_3_10_6,20e2b5481feccb153c5e92e018c5a9d35687895f,0,7815375.0,3624.0,142,59,0,0,18,20,23,334,162,172,90,11,82,31,22,29,357,6,1,0,1,3,1,1,1,12,1,0,4,3,2,1,2,3,2,0,2,18,2,5,4,4,5,2,0,3,20,1,4,691
orjson_3_10_1,ab5aed83242d43df64f18f0498c58de701116ba7,0,7588194.333333333,2781.0,234,65,0,0,36,40,44,181,80,101,46,3,55,27,12,16,215,12,0,0,0,0,0,0,0,0,0,0,0,0,0,0,8,6,4,0,4,36,4,0,2,2,0,1,0,5,40,7,0,396
orjson_3_10_2,ab5aed83242d43df64f18f0498c58de701116ba7,0,7191291.333333333,2695.0,234,65,0,0,36,40,44,181,80,101,46,3,55,27,12,16,215,12,0,0,0,0,0,0,0,0,0,0,0,0,0,0,8,6,4,0,4,36,4,0,2,2,0,1,0,5,40,7,0,396
orjson_3_10_3,ab5aed83242d43df64f18f0498c58de701116ba7,0,7073722.0,2695.0,234,65,0,0,36,40,44,181,80,101,46,3,55,27,12,16,215,12,0,0,0,0,0,0,0,0,0,0,0,0,0,0,8,6,4,0,4,36,4,0,2,2,0,1,0,5,40,7,0,396
orjson_3_10_4,ab5aed83242d43df64f18f0498c58de701116ba7,0,7247944.666666667,2786.0,234,65,0,0,36,40,44,181,80,101,46,3,55,27,12,16,215,12,0,0,0,0,0,0,0,0,0,0,0,0,0,0,8,6,4,0,4,36,4,0,2,2,0,1,0,5,40,7,0,396
orjson_3_10_5,ab5aed83242d43df64f18f0498c58de701116ba7,0,7048639.0,2695.0,234,65,0,0,36,40,44,181,80,101,46,3,55,27,12,16,215,12,0,0,0,0,0,0,0,0,0,0,0,0,0,0,8,6,4,0,4,36,4,0,2,2,0,1,0,5,40,7,0,396
orjson_3_10_6,ab5aed83242d43df64f18f0498c58de701116ba7,0,7136695.0,2695.0,234,65,0,0,36,40,44,181,80,101,46,3,55,27,12,16,215,12,0,0,0,0,0,0,0,0,0,0,0,0,0,0,8,6,4,0,4,36,4,0,2,2,0,1,0,5,40,7,0,396
orjson_3_10_1,14b6be48208c8eb5fa49f7540fc3dcf5f1b90fb1,0,9730416.666666666,4024.0,242,69,1,2,38,43,46,369,177,192,95,12,97,37,33,27,342,14,0,0,0,1,0,0,0,2,1,0,2,2,1,1,3,9,4,1,4,36,4,3,3,3,3,6,0,6,40,6,2,711
orjson_3_10_2,14b6be48208c8eb5fa49f7540fc3dcf5f1b90fb1,0,9586180.666666666,4142.0,242,69,1,2,38,43,46,369,177,192,95,12,97,37,33,27,342,14,0,0,0,1,0,0,0,2,1,0,2,2,1,1,3,9,4,1,4,36,4,3,3,3,3,6,0,6,40,6,2,711
orjson_3_10_3,14b6be48208c8eb5fa49f7540fc3dcf5f1b90fb1,0,9403069.666666666,4024.0,242,69,1,2,38,43,46,369,177,192,95,12,97,37,33,27,342,14,0,0,0,1,0,0,0,2,1,0,2,2,1,1,3,9,4,1,4,36,4,3,3,3,3,6,0,6,40,6,2,711
orjson_3_10_4,14b6be48208c8eb5fa49f7540fc3dcf5f1b90fb1,0,9340985.666666666,4024.0,242,69,1,2,38,43,46,369,177,192,95,12,97,37,33,27,342,14,0,0,0,1,0,0,0,2,1,0,2,2,1,1,3,9,4,1,4,36,4,3,3,3,3,6,0,6,40,6,2,711
orjson_3_10_5,14b6be48208c8eb5fa49f7540fc3dcf5f1b90fb1,0,9367333.666666666,4024.0,242,69,1,2,38,43,46,369,177,192,95,12,97,37,33,27,342,14,0,0,0,1,0,0,0,2,1,0,2,2,1,1,3,9,4,1,4,36,4,3,3,3,3,6,0,6,40,6,2,711
orjson_3_10_6,14b6be48208c8eb5fa49f7540fc3dcf5f1b90fb1,0,9529208.333333334,4024.0,242,69,1,2,38,43,46,369,177,192,95,12,97,37,33,27,342,14,0,0,0,1,0,0,0,2,1,0,2,2,1,1,3,9,4,1,4,36,4,3,3,3,3,6,0,6,40,6,2,711
orjson_3_10_1,9742b10dba5627e7bbf8ff564efe377f5d59fd38,0,9723666.666666666,4028.0,242,69,1,2,38,43,46,369,177,192,95,12,97,37,34,26,342,14,0,0,0,1,0,0,0,9,1,0,2,2,1,1,3,9,4,1,4,36,4,3,3,3,3,6,0,6,40,6,2,711
orjson_3_10_2,9742b10dba5627e7bbf8ff564efe377f5d59fd38,0,9638208.333333334,4146.0,242,69,1,2,38,43,46,369,177,192,95,12,97,37,34,26,342,14,0,0,0,1,0,0,0,9,1,0,2,2,1,1,3,9,4,1,4,36,4,3,3,3,3,6,0,6,40,6,2,711
orjson_3_10_3,9742b10dba5627e7bbf8ff564efe377f5d59fd38,0,9485055.666666666,4028.0,242,69,1,2,38,43,46,369,177,192,95,12,97,37,34,26,342,14,0,0,0,1,0,0,0,9,1,0,2,2,1,1,3,9,4,1,4,36,4,3,3,3,3,6,0,6,40,6,2,711
orjson_3_10_4,9742b10dba5627e7bbf8ff564efe377f5d59fd38,0,9298972.0,4028.0,242,69,1,2,38,43,46,369,177,192,95,12,97,37,34,26,342,14,0,0,0,1,0,0,0,9,1,0,2,2,1,1,3,9,4,1,4,36,4,3,3,3,3,6,0,6,40,6,2,711
orjson_3_10_5,9742b10dba5627e7bbf8ff564efe377f5d59fd38,0,9336861.333333334,4028.0,242,69,1,2,38,43,46,369,177,192,95,12,97,37,34,26,342,14,0,0,0,1,0,0,0,9,1,0,2,2,1,1,3,9,4,1,4,36,4,3,3,3,3,6,0,6,40,6,2,711
orjson_3_10_6,9742b10dba5627e7bbf8ff564efe377f5d59fd38,0,9452541.666666666,4028.0,242,69,1,2,38,43,46,369,177,192,95,12,97,37,34,26,342,14,0,0,0,1,0,0,0,9,1,0,2,2,1,1,3,9,4,1,4,36,4,3,3,3,3,6,0,6,40,6,2,711
orjson_3_10_1,0fdbd620c37b06f486768722cf050c2690e126a7,0,528194.6666666666,120.0,25,15,0,0,1,2,2,27,15,12,7,1,5,1,2,2,23,0,2,0,2,2,2,2,1,14,1,0,2,0,0,0,0,0,1,0,1,1,1,0,1,1,0,0,0,1,2,0,2,50
orjson_3_10_2,0fdbd620c37b06f486768722cf050c2690e126a7,0,551666.3333333334,120.0,25,15,0,0,1,2,2,27,15,12,7,1,5,1,2,2,23,0,2,0,2,2,2,2,1,14,1,0,2,0,0,0,0,0,1,0,1,1,1,0,1,1,0,0,0,1,2,0,2,50
orjson_3_10_3,0fdbd620c37b06f486768722cf050c2690e126a7,0,551666.6666666666,120.0,25,15,0,0,1,2,2,27,15,12,7,1,5,1,2,2,23,0,2,0,2,2,2,2,1,14,1,0,2,0,0,0,0,0,1,0,1,1,1,0,1,1,0,0,0,1,2,0,2,50
orjson_3_10_4,0fdbd620c37b06f486768722cf050c2690e126a7,0,535097.3333333334,120.0,25,15,0,0,1,2,2,27,15,12,7,1,5,1,2,2,23,0,2,0,2,2,2,2,1,14,1,0,2,0,0,0,0,0,1,0,1,1,1,0,1,1,0,0,0,1,2,0,2,50
orjson_3_10_5,0fdbd620c37b06f486768722cf050c2690e126a7,0,538319.6666666666,120.0,25,15,0,0,1,2,2,27,15,12,7,1,5,1,2,2,23,0,2,0,2,2,2,2,1,14,1,0,2,0,0,0,0,0,1,0,1,1,1,0,1,1,0,0,0,1,2,0,2,50
orjson_3_10_6,0fdbd620c37b06f486768722cf050c2690e126a7,0,534708.3333333334,120.0,25,15,0,0,1,2,2,27,15,12,7,1,5,1,2,2,23,0,2,0,2,2,2,2,1,14,1,0,2,0,0,0,0,0,1,0,1,1,1,0,1,1,0,0,0,1,2,0,2,50
orjson_3_10_1,034aa9bb617fc3b48316e6e3ceafaf8676392271,0,419722.3333333333,120.0,24,14,0,0,1,2,3,9,7,2,1,0,1,0,1,0,6,1,0,0,0,0,0,0,0,0,0,0,0,0,0,0,0,0,1,0,1,1,1,0,0,0,0,0,0,1,2,0,0,15
orjson_3_10_2,034aa9bb617fc3b48316e6e3ceafaf8676392271,0,413097.3333333333,120.0,24,14,0,0,1,2,3,9,7,2,1,0,1,0,1,0,6,1,0,0,0,0,0,0,0,0,0,0,0,0,0,0,0,0,1,0,1,1,1,0,0,0,0,0,0,1,2,0,0,15
orjson_3_10_3,034aa9bb617fc3b48316e6e3ceafaf8676392271,0,412847.0,120.0,24,14,0,0,1,2,3,9,7,2,1,0,1,0,1,0,6,1,0,0,0,0,0,0,0,0,0,0,0,0,0,0,0,0,1,0,1,1,1,0,0,0,0,0,0,1,2,0,0,15
orjson_3_10_4,034aa9bb617fc3b48316e6e3ceafaf8676392271,0,413930.6666666667,120.0,24,14,0,0,1,2,3,9,7,2,1,0,1,0,1,0,6,1,0,0,0,0,0,0,0,0,0,0,0,0,0,0,0,0,1,0,1,1,1,0,0,0,0,0,0,1,2,0,0,15
orjson_3_10_5,034aa9bb617fc3b48316e6e3ceafaf8676392271,0,410167.0,120.0,24,14,0,0,1,2,3,9,7,2,1,0,1,0,1,0,6,1,0,0,0,0,0,0,0,0,0,0,0,0,0,0,0,0,1,0,1,1,1,0,0,0,0,0,0,1,2,0,0,15
orjson_3_10_6,034aa9bb617fc3b48316e6e3ceafaf8676392271,0,416638.6666666667,120.0,24,14,0,0,1,2,3,9,7,2,1,0,1,0,1,0,6,1,0,0,0,0,0,0,0,0,0,0,0,0,0,0,0,0,1,0,1,1,1,0,0,0,0,0,0,1,2,0,0,15
orjson_3_10_1,bf8c2b2c35faf49264a055050a9d4d64384d2d1d,0,315486.0,120.0,16,9,0,0,0,1,1,4,1,3,2,0,1,1,0,0,2,0,0,0,0,0,0,0,0,0,0,0,0,0,0,0,0,0,2,0,1,0,1,0,0,0,0,0,0,2,1,0,0,6
orjson_3_10_2,bf8c2b2c35faf49264a055050a9d4d64384d2d1d,0,322069.3333333333,120.0,16,9,0,0,0,1,1,4,1,3,2,0,1,1,0,0,2,0,0,0,0,0,0,0,0,0,0,0,0,0,0,0,0,0,2,0,1,0,1,0,0,0,0,0,0,2,1,0,0,6
orjson_3_10_3,bf8c2b2c35faf49264a055050a9d4d64384d2d1d,0,320764.0,120.0,16,9,0,0,0,1,1,4,1,3,2,0,1,1,0,0,2,0,0,0,0,0,0,0,0,0,0,0,0,0,0,0,0,0,2,0,1,0,1,0,0,0,0,0,0,2,1,0,0,6
orjson_3_10_4,bf8c2b2c35faf49264a055050a9d4d64384d2d1d,0,317597.6666666667,120.0,16,9,0,0,0,1,1,4,1,3,2,0,1,1,0,0,2,0,0,0,0,0,0,0,0,0,0,0,0,0,0,0,0,0,2,0,1,0,1,0,0,0,0,0,0,2,1,0,0,6
orjson_3_10_5,bf8c2b2c35faf49264a055050a9d4d64384d2d1d,0,310927.0,120.0,16,9,0,0,0,1,1,4,1,3,2,0,1,1,0,0,2,0,0,0,0,0,0,0,0,0,0,0,0,0,0,0,0,0,2,0,1,0,1,0,0,0,0,0,0,2,1,0,0,6
orjson_3_10_6,bf8c2b2c35faf49264a055050a9d4d64384d2d1d,0,312833.0,120.0,16,9,0,0,0,1,1,4,1,3,2,0,1,1,0,0,2,0,0,0,0,0,0,0,0,0,0,0,0,0,0,0,0,0,2,0,1,0,1,0,0,0,0,0,0,2,1,0,0,6
orjson_3_10_1,138319446c33afcd9ea7bb4be50c9bc519d29c28,0,152319.33333333334,120.0,9,7,0,0,0,0,1,1,1,0,0,0,0,0,0,0,0,0,0,0,0,0,0,0,0,0,0,0,0,0,0,0,0,0,0,0,0,0,0,0,0,0,0,0,1,0,0,0,0,1
orjson_3_10_2,138319446c33afcd9ea7bb4be50c9bc519d29c28,0,151666.33333333334,120.0,9,7,0,0,0,0,1,1,1,0,0,0,0,0,0,0,0,0,0,0,0,0,0,0,0,0,0,0,0,0,0,0,0,0,0,0,0,0,0,0,0,0,0,0,1,0,0,0,0,1
orjson_3_10_3,138319446c33afcd9ea7bb4be50c9bc519d29c28,0,151416.66666666666,120.0,9,7,0,0,0,0,1,1,1,0,0,0,0,0,0,0,0,0,0,0,0,0,0,0,0,0,0,0,0,0,0,0,0,0,0,0,0,0,0,0,0,0,0,0,1,0,0,0,0,1
orjson_3_10_4,138319446c33afcd9ea7bb4be50c9bc519d29c28,0,153986.0,120.0,9,7,0,0,0,0,1,1,1,0,0,0,0,0,0,0,0,0,0,0,0,0,0,0,0,0,0,0,0,0,0,0,0,0,0,0,0,0,0,0,0,0,0,0,1,0,0,0,0,1
orjson_3_10_5,138319446c33afcd9ea7bb4be50c9bc519d29c28,0,154000.33333333334,120.0,9,7,0,0,0,0,1,1,1,0,0,0,0,0,0,0,0,0,0,0,0,0,0,0,0,0,0,0,0,0,0,0,0,0,0,0,0,0,0,0,0,0,0,0,1,0,0,0,0,1
orjson_3_10_6,138319446c33afcd9ea7bb4be50c9bc519d29c28,0,155361.33333333334,120.0,9,7,0,0,0,0,1,1,1,0,0,0,0,0,0,0,0,0,0,0,0,0,0,0,0,0,0,0,0,0,0,0,0,0,0,0,0,0,0,0,0,0,0,0,1,0,0,0,0,1
orjson_3_10_1,067a088546057a638fbbca895219179d55555f54,0,1357680.6666666667,1012.0,11,3,1,2,2,3,2,99,55,44,27,3,17,6,9,2,100,1,0,0,0,0,0,0,0,0,0,0,0,0,0,0,0,0,0,1,0,0,0,1,0,0,1,2,0,1,0,1,0,199
orjson_3_10_2,067a088546057a638fbbca895219179d55555f54,0,1353152.6666666667,1012.0,11,3,1,2,2,3,2,99,55,44,27,3,17,6,9,2,100,1,0,0,0,0,0,0,0,0,0,0,0,0,0,0,0,0,0,1,0,0,0,1,0,0,1,2,0,1,0,1,0,199
orjson_3_10_3,067a088546057a638fbbca895219179d55555f54,0,1356264.0,1012.0,11,3,1,2,2,3,2,99,55,44,27,3,17,6,9,2,100,1,0,0,0,0,0,0,0,0,0,0,0,0,0,0,0,0,0,1,0,0,0,1,0,0,1,2,0,1,0,1,0,199
orjson_3_10_4,067a088546057a638fbbca895219179d55555f54,0,1357555.6666666667,1012.0,11,3,1,2,2,3,2,99,55,44,27,3,17,6,9,2,100,1,0,0,0,0,0,0,0,0,0,0,0,0,0,0,0,0,0,1,0,0,0,1,0,0,1,2,0,1,0,1,0,199
orjson_3_10_5,067a088546057a638fbbca895219179d55555f54,0,1365722.3333333333,1012.0,11,3,1,2,2,3,2,99,55,44,27,3,17,6,9,2,100,1,0,0,0,0,0,0,0,0,0,0,0,0,0,0,0,0,0,1,0,0,0,1,0,0,1,2,0,1,0,1,0,199
orjson_3_10_6,067a088546057a638fbbca895219179d55555f54,0,1369000.0,1012.0,11,3,1,2,2,3,2,99,55,44,27,3,17,6,9,2,100,1,0,0,0,0,0,0,0,0,0,0,0,0,0,0,0,0,0,1,0,0,0,1,0,0,1,2,0,1,0,1,0,199
orjson_3_10_1,c794c0ce32fd66fb4063a2e699532e1df058b5f4,0,2066042.0,860.0,16,5,0,0,1,2,2,99,49,50,29,5,21,11,5,5,85,0,0,0,0,0,0,0,0,0,0,0,0,0,0,0,0,1,1,0,1,1,1,2,2,2,2,1,0,2,2,1,0,184
orjson_3_10_2,c794c0ce32fd66fb4063a2e699532e1df058b5f4,0,2110902.3333333335,860.0,16,5,0,0,1,2,2,99,49,50,29,5,21,11,5,5,85,0,0,0,0,0,0,0,0,0,0,0,0,0,0,0,0,1,1,0,1,1,1,2,2,2,2,1,0,2,2,1,0,184
orjson_3_10_3,c794c0ce32fd66fb4063a2e699532e1df058b5f4,0,2124472.0,860.0,16,5,0,0,1,2,2,99,49,50,29,5,21,11,5,5,85,0,0,0,0,0,0,0,0,0,0,0,0,0,0,0,0,1,1,0,1,1,1,2,2,2,2,1,0,2,2,1,0,184
orjson_3_10_4,c794c0ce32fd66fb4063a2e699532e1df058b5f4,0,2058249.6666666667,860.0,16,5,0,0,1,2,2,99,49,50,29,5,21,11,5,5,85,0,0,0,0,0,0,0,0,0,0,0,0,0,0,0,0,1,1,0,1,1,1,2,2,2,2,1,0,2,2,1,0,184
orjson_3_10_5,c794c0ce32fd66fb4063a2e699532e1df058b5f4,0,2063333.0,860.0,16,5,0,0,1,2,2,99,49,50,29,5,21,11,5,5,85,0,0,0,0,0,0,0,0,0,0,0,0,0,0,0,0,1,1,0,1,1,1,2,2,2,2,1,0,2,2,1,0,184
orjson_3_10_6,c794c0ce32fd66fb4063a2e699532e1df058b5f4,0,2065750.0,860.0,16,5,0,0,1,2,2,99,49,50,29,5,21,11,5,5,85,0,0,0,0,0,0,0,0,0,0,0,0,0,0,0,0,1,1,0,1,1,1,2,2,2,2,1,0,2,2,1,0,184
orjson_3_10_1,dff8a1731f59ccad056b346102d1e1d014b843f3,0,147097.0,120.0,6,3,0,0,0,0,0,0,0,0,0,0,0,0,0,0,0,0,0,0,0,0,0,0,0,0,0,0,0,0,0,0,0,0,1,0,0,0,0,0,0,0,0,0,0,1,0,0,0,0
orjson_3_10_2,dff8a1731f59ccad056b346102d1e1d014b843f3,0,158152.66666666666,120.0,6,3,0,0,0,0,0,0,0,0,0,0,0,0,0,0,0,0,0,0,0,0,0,0,0,0,0,0,0,0,0,0,0,0,1,0,0,0,0,0,0,0,0,0,0,1,0,0,0,0
orjson_3_10_3,dff8a1731f59ccad056b346102d1e1d014b843f3,0,156952.57142857142,120.0,6,3,0,0,0,0,0,0,0,0,0,0,0,0,0,0,0,0,0,0,0,0,0,0,0,0,0,0,0,0,0,0,0,0,1,0,0,0,0,0,0,0,0,0,0,1,0,0,0,0
orjson_3_10_4,dff8a1731f59ccad056b346102d1e1d014b843f3,0,155458.33333333334,120.0,6,3,0,0,0,0,0,0,0,0,0,0,0,0,0,0,0,0,0,0,0,0,0,0,0,0,0,0,0,0,0,0,0,0,1,0,0,0,0,0,0,0,0,0,0,1,0,0,0,0
orjson_3_10_5,dff8a1731f59ccad056b346102d1e1d014b843f3,0,153625.0,120.0,6,3,0,0,0,0,0,0,0,0,0,0,0,0,0,0,0,0,0,0,0,0,0,0,0,0,0,0,0,0,0,0,0,0,1,0,0,0,0,0,0,0,0,0,0,1,0,0,0,0
orjson_3_10_6,dff8a1731f59ccad056b346102d1e1d014b843f3,0,152805.33333333334,120.0,6,3,0,0,0,0,0,0,0,0,0,0,0,0,0,0,0,0,0,0,0,0,0,0,0,0,0,0,0,0,0,0,0,0,1,0,0,0,0,0,0,0,0,0,0,1,0,0,0,0
orjson_3_10_1,ecab5511c22c23a4ea8950cb56ca7627fd196503,0,9421208.333333334,4752.0,186,60,0,0,28,30,42,386,197,189,93,15,96,30,37,29,413,3,0,0,0,0,0,0,0,0,1,0,1,1,0,1,4,5,2,0,2,28,2,2,2,2,2,11,0,3,30,4,1,799
orjson_3_10_2,ecab5511c22c23a4ea8950cb56ca7627fd196503,0,9347583.0,4752.0,186,60,0,0,28,30,42,386,197,189,93,15,96,30,37,29,413,3,0,0,0,0,0,0,0,0,1,0,1,1,0,1,4,5,2,0,2,28,2,2,2,2,2,11,0,3,30,4,1,799
orjson_3_10_3,ecab5511c22c23a4ea8950cb56ca7627fd196503,0,9303305.666666666,4752.0,186,60,0,0,28,30,42,386,197,189,93,15,96,30,37,29,413,3,0,0,0,0,0,0,0,0,1,0,1,1,0,1,4,5,2,0,2,28,2,2,2,2,2,11,0,3,30,4,1,799
orjson_3_10_4,ecab5511c22c23a4ea8950cb56ca7627fd196503,0,9019111.333333334,4752.0,186,60,0,0,28,30,42,386,197,189,93,15,96,30,37,29,413,3,0,0,0,0,0,0,0,0,1,0,1,1,0,1,4,5,2,0,2,28,2,2,2,2,2,11,0,3,30,4,1,799
orjson_3_10_5,ecab5511c22c23a4ea8950cb56ca7627fd196503,0,9235291.666666666,4752.0,186,60,0,0,28,30,42,386,197,189,93,15,96,30,37,29,413,3,0,0,0,0,0,0,0,0,1,0,1,1,0,1,4,5,2,0,2,28,2,2,2,2,2,11,0,3,30,4,1,799
orjson_3_10_6,ecab5511c22c23a4ea8950cb56ca7627fd196503,0,9218277.666666666,4752.0,186,60,0,0,28,30,42,386,197,189,93,15,96,30,37,29,413,3,0,0,0,0,0,0,0,0,1,0,1,1,0,1,4,5,2,0,2,28,2,2,2,2,2,11,0,3,30,4,1,799
orjson_3_10_1,96450cb69a47eefa90a62411dbfc094e838dcfb7,0,9224361.0,4248.0,127,63,0,0,14,15,17,420,207,213,95,9,118,37,42,39,448,1,2,0,2,2,3,2,1,13,2,0,3,1,0,1,2,5,1,0,1,14,1,4,3,3,4,2,0,2,15,2,3,868
orjson_3_10_2,96450cb69a47eefa90a62411dbfc094e838dcfb7,0,9261027.666666666,4248.0,127,63,0,0,14,15,17,420,207,213,95,9,118,37,42,39,448,1,2,0,2,2,3,2,1,13,2,0,3,1,0,1,2,5,1,0,1,14,1,4,3,3,4,2,0,2,15,2,3,868
orjson_3_10_3,96450cb69a47eefa90a62411dbfc094e838dcfb7,0,9273514.0,4248.0,127,63,0,0,14,15,17,420,207,213,95,9,118,37,42,39,448,1,2,0,2,2,3,2,1,13,2,0,3,1,0,1,2,5,1,0,1,14,1,4,3,3,4,2,0,2,15,2,3,868
orjson_3_10_4,96450cb69a47eefa90a62411dbfc094e838dcfb7,0,9162194.333333334,4248.0,127,63,0,0,14,15,17,420,207,213,95,9,118,37,42,39,448,1,2,0,2,2,3,2,1,13,2,0,3,1,0,1,2,5,1,0,1,14,1,4,3,3,4,2,0,2,15,2,3,868
orjson_3_10_5,96450cb69a47eefa90a62411dbfc094e838dcfb7,0,9154278.0,4248.0,127,63,0,0,14,15,17,420,207,213,95,9,118,37,42,39,448,1,2,0,2,2,3,2,1,13,2,0,3,1,0,1,2,5,1,0,1,14,1,4,3,3,4,2,0,2,15,2,3,868
orjson_3_10_6,96450cb69a47eefa90a62411dbfc094e838dcfb7,0,9293569.333333334,4248.0,127,63,0,0,14,15,17,420,207,213,95,9,118,37,42,39,448,1,2,0,2,2,3,2,1,13,2,0,3,1,0,1,2,5,1,0,1,14,1,4,3,3,4,2,0,2,15,2,3,868
orjson_3_10_1,3f97ca8eea6bcfefbd44ae98f1c20785f1bf691a,0,8934736.333333334,4048.0,218,90,0,0,28,30,31,392,208,184,86,8,98,31,33,34,378,4,1,1,1,1,1,0,1,0,0,1,6,5,4,0,2,10,2,0,2,28,2,3,2,2,3,3,0,3,30,6,6,770
orjson_3_10_2,3f97ca8eea6bcfefbd44ae98f1c20785f1bf691a,0,8708403.0,4048.0,218,90,0,0,28,30,31,392,208,184,86,8,98,31,33,34,378,4,1,1,1,1,1,0,1,0,0,1,6,5,4,0,2,10,2,0,2,28,2,3,2,2,3,3,0,3,30,6,6,770
orjson_3_10_3,3f97ca8eea6bcfefbd44ae98f1c20785f1bf691a,0,8740166.333333334,4048.0,218,90,0,0,28,30,31,392,208,184,86,8,98,31,33,34,378,4,1,1,1,1,1,0,1,0,0,1,6,5,4,0,2,10,2,0,2,28,2,3,2,2,3,3,0,3,30,6,6,770
orjson_3_10_4,3f97ca8eea6bcfefbd44ae98f1c20785f1bf691a,0,8581958.333333334,4048.0,218,90,0,0,28,30,31,392,208,184,86,8,98,31,33,34,378,4,1,1,1,1,1,0,1,0,0,1,6,5,4,0,2,10,2,0,2,28,2,3,2,2,3,3,0,3,30,6,6,770
orjson_3_10_5,3f97ca8eea6bcfefbd44ae98f1c20785f1bf691a,0,8502097.0,4048.0,218,90,0,0,28,30,31,392,208,184,86,8,98,31,33,34,378,4,1,1,1,1,1,0,1,0,0,1,6,5,4,0,2,10,2,0,2,28,2,3,2,2,3,3,0,3,30,6,6,770
orjson_3_10_6,3f97ca8eea6bcfefbd44ae98f1c20785f1bf691a,0,8615597.333333334,4048.0,218,90,0,0,28,30,31,392,208,184,86,8,98,31,33,34,378,4,1,1,1,1,1,0,1,0,0,1,6,5,4,0,2,10,2,0,2,28,2,3,2,2,3,3,0,3,30,6,6,770
orjson_3_10_1,b12646e6e257868b50518b3794dcb7aec27ab103,0,8992667.0,4648.0,86,24,0,0,14,15,19,450,235,215,111,13,104,39,31,34,467,3,0,0,0,0,0,0,0,0,0,0,0,0,0,0,3,5,1,0,1,14,1,4,5,5,4,4,0,1,15,0,0,917
orjson_3_10_2,b12646e6e257868b50518b3794dcb7aec27ab103,0,9086430.333333334,4648.0,86,24,0,0,14,15,19,450,235,215,111,13,104,39,31,34,467,3,0,0,0,0,0,0,0,0,0,0,0,0,0,0,3,5,1,0,1,14,1,4,5,5,4,4,0,1,15,0,0,917
orjson_3_10_3,b12646e6e257868b50518b3794dcb7aec27ab103,0,9111819.666666666,4648.0,86,24,0,0,14,15,19,450,235,215,111,13,104,39,31,34,467,3,0,0,0,0,0,0,0,0,0,0,0,0,0,0,3,5,1,0,1,14,1,4,5,5,4,4,0,1,15,0,0,917
orjson_3_10_4,b12646e6e257868b50518b3794dcb7aec27ab103,0,8972597.333333334,4648.0,86,24,0,0,14,15,19,450,235,215,111,13,104,39,31,34,467,3,0,0,0,0,0,0,0,0,0,0,0,0,0,0,3,5,1,0,1,14,1,4,5,5,4,4,0,1,15,0,0,917
orjson_3_10_5,b12646e6e257868b50518b3794dcb7aec27ab103,0,8875805.666666666,4648.0,86,24,0,0,14,15,19,450,235,215,111,13,104,39,31,34,467,3,0,0,0,0,0,0,0,0,0,0,0,0,0,0,3,5,1,0,1,14,1,4,5,5,4,4,0,1,15,0,0,917
orjson_3_10_6,b12646e6e257868b50518b3794dcb7aec27ab103,0,9073444.333333334,4648.0,86,24,0,0,14,15,19,450,235,215,111,13,104,39,31,34,467,3,0,0,0,0,0,0,0,0,0,0,0,0,0,0,3,5,1,0,1,14,1,4,5,5,4,4,0,1,15,0,0,917
orjson_3_10_1,6a960f1233647e88b5d67a6f05fa3c54734d165e,0,9431111.0,4210.0,102,39,0,0,14,15,18,444,227,217,108,14,109,36,43,30,437,1,3,2,2,4,4,1,2,0,1,2,5,2,0,1,2,3,1,0,1,14,1,4,6,6,4,4,0,2,15,1,5,881
orjson_3_10_2,6a960f1233647e88b5d67a6f05fa3c54734d165e,0,9556014.0,4210.0,102,39,0,0,14,15,18,444,227,217,108,14,109,36,43,30,437,1,3,2,2,4,4,1,2,0,1,2,5,2,0,1,2,3,1,0,1,14,1,4,6,6,4,4,0,2,15,1,5,881
orjson_3_10_3,6a960f1233647e88b5d67a6f05fa3c54734d165e,0,9568861.333333334,4210.0,102,39,0,0,14,15,18,444,227,217,108,14,109,36,43,30,437,1,3,2,2,4,4,1,2,0,1,2,5,2,0,1,2,3,1,0,1,14,1,4,6,6,4,4,0,2,15,1,5,881
orjson_3_10_4,6a960f1233647e88b5d67a6f05fa3c54734d165e,0,9283000.0,4210.0,102,39,0,0,14,15,18,444,227,217,108,14,109,36,43,30,437,1,3,2,2,4,4,1,2,0,1,2,5,2,0,1,2,3,1,0,1,14,1,4,6,6,4,4,0,2,15,1,5,881
orjson_3_10_5,6a960f1233647e88b5d67a6f05fa3c54734d165e,0,9290347.0,4210.0,102,39,0,0,14,15,18,444,227,217,108,14,109,36,43,30,437,1,3,2,2,4,4,1,2,0,1,2,5,2,0,1,2,3,1,0,1,14,1,4,6,6,4,4,0,2,15,1,5,881
orjson_3_10_6,6a960f1233647e88b5d67a6f05fa3c54734d165e,0,9329264.0,4210.0,102,39,0,0,14,15,18,444,227,217,108,14,109,36,43,30,437,1,3,2,2,4,4,1,2,0,1,2,5,2,0,1,2,3,1,0,1,14,1,4,6,6,4,4,0,2,15,1,5,881
orjson_3_10_1,e53c89a1f8e915e3b4d193dfc139e6c1e6d683bf,0,10402569.333333334,4788.0,175,44,1,0,28,31,36,407,216,191,95,9,96,27,37,32,404,5,0,0,0,0,0,0,0,0,0,0,0,0,0,0,8,3,2,1,2,28,2,4,3,3,4,2,0,4,30,8,0,811
orjson_3_10_2,e53c89a1f8e915e3b4d193dfc139e6c1e6d683bf,0,10475485.666666666,4788.0,175,44,1,0,28,31,36,407,216,191,95,9,96,27,37,32,404,5,0,0,0,0,0,0,0,0,0,0,0,0,0,0,8,3,2,1,2,28,2,4,3,3,4,2,0,4,30,8,0,811
orjson_3_10_3,e53c89a1f8e915e3b4d193dfc139e6c1e6d683bf,0,10358695.0,4788.0,175,44,1,0,28,31,36,407,216,191,95,9,96,27,37,32,404,5,0,0,0,0,0,0,0,0,0,0,0,0,0,0,8,3,2,1,2,28,2,4,3,3,4,2,0,4,30,8,0,811
orjson_3_10_4,e53c89a1f8e915e3b4d193dfc139e6c1e6d683bf,0,10208333.333333334,4788.0,175,44,1,0,28,31,36,407,216,191,95,9,96,27,37,32,404,5,0,0,0,0,0,0,0,0,0,0,0,0,0,0,8,3,2,1,2,28,2,4,3,3,4,2,0,4,30,8,0,811
orjson_3_10_5,e53c89a1f8e915e3b4d193dfc139e6c1e6d683bf,0,10196500.0,4788.0,175,44,1,0,28,31,36,407,216,191,95,9,96,27,37,32,404,5,0,0,0,0,0,0,0,0,0,0,0,0,0,0,8,3,2,1,2,28,2,4,3,3,4,2,0,4,30,8,0,811
orjson_3_10_6,e53c89a1f8e915e3b4d193dfc139e6c1e6d683bf,0,10501999.666666666,4922.0,175,44,1,0,28,31,36,407,216,191,95,9,96,27,37,32,404,5,0,0,0,0,0,0,0,0,0,0,0,0,0,0,8,3,2,1,2,28,2,4,3,3,4,2,0,4,30,8,0,811
orjson_3_10_1,36d835fe92912495712fbf0d4697358b8bf65bd9,0,8835486.0,4048.0,213,85,0,0,28,30,31,392,208,184,86,8,98,31,33,34,378,4,1,1,1,1,1,0,1,0,0,1,6,5,4,0,2,10,2,0,2,28,2,3,2,2,3,3,0,3,30,6,6,770
orjson_3_10_2,36d835fe92912495712fbf0d4697358b8bf65bd9,0,8713597.333333334,4048.0,213,85,0,0,28,30,31,392,208,184,86,8,98,31,33,34,378,4,1,1,1,1,1,0,1,0,0,1,6,5,4,0,2,10,2,0,2,28,2,3,2,2,3,3,0,3,30,6,6,770
orjson_3_10_3,36d835fe92912495712fbf0d4697358b8bf65bd9,0,8720736.0,4048.0,213,85,0,0,28,30,31,392,208,184,86,8,98,31,33,34,378,4,1,1,1,1,1,0,1,0,0,1,6,5,4,0,2,10,2,0,2,28,2,3,2,2,3,3,0,3,30,6,6,770
orjson_3_10_4,36d835fe92912495712fbf0d4697358b8bf65bd9,0,8519014.0,4048.0,213,85,0,0,28,30,31,392,208,184,86,8,98,31,33,34,378,4,1,1,1,1,1,0,1,0,0,1,6,5,4,0,2,10,2,0,2,28,2,3,2,2,3,3,0,3,30,6,6,770
orjson_3_10_5,36d835fe92912495712fbf0d4697358b8bf65bd9,0,8506569.333333334,4048.0,213,85,0,0,28,30,31,392,208,184,86,8,98,31,33,34,378,4,1,1,1,1,1,0,1,0,0,1,6,5,4,0,2,10,2,0,2,28,2,3,2,2,3,3,0,3,30,6,6,770
orjson_3_10_6,36d835fe92912495712fbf0d4697358b8bf65bd9,0,8608486.666666666,4048.0,213,85,0,0,28,30,31,392,208,184,86,8,98,31,33,34,378,4,1,1,1,1,1,0,1,0,0,1,6,5,4,0,2,10,2,0,2,28,2,3,2,2,3,3,0,3,30,6,6,770
orjson_3_10_1,21325ea5c81e6aa2c6de80ee834858c1fd701ae2,0,9409055.666666666,4210.0,102,39,0,0,14,15,18,444,227,217,108,14,109,36,43,30,437,1,3,2,2,4,4,1,2,0,1,2,5,2,0,1,2,3,1,0,1,14,1,4,6,6,4,4,0,2,15,1,5,881
orjson_3_10_2,21325ea5c81e6aa2c6de80ee834858c1fd701ae2,0,9728549.8,4210.0,102,39,0,0,14,15,18,444,227,217,108,14,109,36,43,30,437,1,3,2,2,4,4,1,2,0,1,2,5,2,0,1,2,3,1,0,1,14,1,4,6,6,4,4,0,2,15,1,5,881
orjson_3_10_3,21325ea5c81e6aa2c6de80ee834858c1fd701ae2,0,9534864.5,4210.0,102,39,0,0,14,15,18,444,227,217,108,14,109,36,43,30,437,1,3,2,2,4,4,1,2,0,1,2,5,2,0,1,2,3,1,0,1,14,1,4,6,6,4,4,0,2,15,1,5,881
orjson_3_10_4,21325ea5c81e6aa2c6de80ee834858c1fd701ae2,0,9264611.0,4210.0,102,39,0,0,14,15,18,444,227,217,108,14,109,36,43,30,437,1,3,2,2,4,4,1,2,0,1,2,5,2,0,1,2,3,1,0,1,14,1,4,6,6,4,4,0,2,15,1,5,881
orjson_3_10_5,21325ea5c81e6aa2c6de80ee834858c1fd701ae2,0,9248472.333333334,4210.0,102,39,0,0,14,15,18,444,227,217,108,14,109,36,43,30,437,1,3,2,2,4,4,1,2,0,1,2,5,2,0,1,2,3,1,0,1,14,1,4,6,6,4,4,0,2,15,1,5,881
orjson_3_10_6,21325ea5c81e6aa2c6de80ee834858c1fd701ae2,0,9318181.0,4210.0,102,39,0,0,14,15,18,444,227,217,108,14,109,36,43,30,437,1,3,2,2,4,4,1,2,0,1,2,5,2,0,1,2,3,1,0,1,14,1,4,6,6,4,4,0,2,15,1,5,881
orjson_3_10_1,6e9a40a69ee2dd1fb051a757d90ca616298d2806,0,9430930.333333334,4210.0,102,39,0,0,14,15,18,444,227,217,108,14,109,36,43,30,437,1,3,2,2,4,4,1,2,0,1,2,5,2,0,1,2,3,1,0,1,14,1,4,6,6,4,4,0,2,15,1,5,881
orjson_3_10_2,6e9a40a69ee2dd1fb051a757d90ca616298d2806,0,9580278.0,4210.0,102,39,0,0,14,15,18,444,227,217,108,14,109,36,43,30,437,1,3,2,2,4,4,1,2,0,1,2,5,2,0,1,2,3,1,0,1,14,1,4,6,6,4,4,0,2,15,1,5,881
orjson_3_10_3,6e9a40a69ee2dd1fb051a757d90ca616298d2806,0,9596694.666666666,4210.0,102,39,0,0,14,15,18,444,227,217,108,14,109,36,43,30,437,1,3,2,2,4,4,1,2,0,1,2,5,2,0,1,2,3,1,0,1,14,1,4,6,6,4,4,0,2,15,1,5,881
orjson_3_10_4,6e9a40a69ee2dd1fb051a757d90ca616298d2806,0,9301542.0,4210.0,102,39,0,0,14,15,18,444,227,217,108,14,109,36,43,30,437,1,3,2,2,4,4,1,2,0,1,2,5,2,0,1,2,3,1,0,1,14,1,4,6,6,4,4,0,2,15,1,5,881
orjson_3_10_5,6e9a40a69ee2dd1fb051a757d90ca616298d2806,0,9261638.666666666,4210.0,102,39,0,0,14,15,18,444,227,217,108,14,109,36,43,30,437,1,3,2,2,4,4,1,2,0,1,2,5,2,0,1,2,3,1,0,1,14,1,4,6,6,4,4,0,2,15,1,5,881
orjson_3_10_6,6e9a40a69ee2dd1fb051a757d90ca616298d2806,0,9381444.333333334,4210.0,102,39,0,0,14,15,18,444,227,217,108,14,109,36,43,30,437,1,3,2,2,4,4,1,2,0,1,2,5,2,0,1,2,3,1,0,1,14,1,4,6,6,4,4,0,2,15,1,5,881
orjson_3_10_1,f09e4a8fc0a06bdfb78b4083f5ff6fa6c07eda5e,0,9203666.666666666,4248.0,127,63,0,0,14,15,17,420,207,213,95,9,118,37,42,39,448,1,2,0,2,2,3,2,1,13,2,0,3,1,0,1,2,5,1,0,1,14,1,4,3,3,4,2,0,2,15,2,3,868
orjson_3_10_2,f09e4a8fc0a06bdfb78b4083f5ff6fa6c07eda5e,0,9270749.666666666,4248.0,127,63,0,0,14,15,17,420,207,213,95,9,118,37,42,39,448,1,2,0,2,2,3,2,1,13,2,0,3,1,0,1,2,5,1,0,1,14,1,4,3,3,4,2,0,2,15,2,3,868
orjson_3_10_3,f09e4a8fc0a06bdfb78b4083f5ff6fa6c07eda5e,0,9295263.666666666,4248.0,127,63,0,0,14,15,17,420,207,213,95,9,118,37,42,39,448,1,2,0,2,2,3,2,1,13,2,0,3,1,0,1,2,5,1,0,1,14,1,4,3,3,4,2,0,2,15,2,3,868
orjson_3_10_4,f09e4a8fc0a06bdfb78b4083f5ff6fa6c07eda5e,0,9186000.0,4248.0,127,63,0,0,14,15,17,420,207,213,95,9,118,37,42,39,448,1,2,0,2,2,3,2,1,13,2,0,3,1,0,1,2,5,1,0,1,14,1,4,3,3,4,2,0,2,15,2,3,868
orjson_3_10_5,f09e4a8fc0a06bdfb78b4083f5ff6fa6c07eda5e,0,9151527.666666666,4248.0,127,63,0,0,14,15,17,420,207,213,95,9,118,37,42,39,448,1,2,0,2,2,3,2,1,13,2,0,3,1,0,1,2,5,1,0,1,14,1,4,3,3,4,2,0,2,15,2,3,868
orjson_3_10_6,f09e4a8fc0a06bdfb78b4083f5ff6fa6c07eda5e,0,9280291.666666666,4248.0,127,63,0,0,14,15,17,420,207,213,95,9,118,37,42,39,448,1,2,0,2,2,3,2,1,13,2,0,3,1,0,1,2,5,1,0,1,14,1,4,3,3,4,2,0,2,15,2,3,868
orjson_3_10_1,1e52de42aa9fa79b7e01a6d22358dfa0dab223a2,0,10563749.666666666,4788.0,175,44,1,0,28,31,36,407,216,191,95,9,96,27,37,32,404,5,0,0,0,0,0,0,0,0,0,0,0,0,0,0,8,3,2,1,2,28,2,4,3,3,4,2,0,4,30,8,0,811
orjson_3_10_2,1e52de42aa9fa79b7e01a6d22358dfa0dab223a2,0,10423667.0,4788.0,175,44,1,0,28,31,36,407,216,191,95,9,96,27,37,32,404,5,0,0,0,0,0,0,0,0,0,0,0,0,0,0,8,3,2,1,2,28,2,4,3,3,4,2,0,4,30,8,0,811
orjson_3_10_3,1e52de42aa9fa79b7e01a6d22358dfa0dab223a2,0,10509805.666666666,4788.0,175,44,1,0,28,31,36,407,216,191,95,9,96,27,37,32,404,5,0,0,0,0,0,0,0,0,0,0,0,0,0,0,8,3,2,1,2,28,2,4,3,3,4,2,0,4,30,8,0,811
orjson_3_10_4,1e52de42aa9fa79b7e01a6d22358dfa0dab223a2,0,10207014.0,4788.0,175,44,1,0,28,31,36,407,216,191,95,9,96,27,37,32,404,5,0,0,0,0,0,0,0,0,0,0,0,0,0,0,8,3,2,1,2,28,2,4,3,3,4,2,0,4,30,8,0,811
orjson_3_10_5,1e52de42aa9fa79b7e01a6d22358dfa0dab223a2,0,10099958.666666666,4788.0,175,44,1,0,28,31,36,407,216,191,95,9,96,27,37,32,404,5,0,0,0,0,0,0,0,0,0,0,0,0,0,0,8,3,2,1,2,28,2,4,3,3,4,2,0,4,30,8,0,811
orjson_3_10_6,1e52de42aa9fa79b7e01a6d22358dfa0dab223a2,0,10507750.0,4922.0,175,44,1,0,28,31,36,407,216,191,95,9,96,27,37,32,404,5,0,0,0,0,0,0,0,0,0,0,0,0,0,0,8,3,2,1,2,28,2,4,3,3,4,2,0,4,30,8,0,811
orjson_3_10_1,423c271178453440d596bb20c0578adf0abfd1c4,0,8844583.333333334,4048.0,218,90,0,0,28,30,31,392,208,184,86,8,98,31,33,34,378,4,1,1,1,1,1,0,1,0,0,1,6,5,4,0,2,10,2,0,2,28,2,3,2,2,3,3,0,3,30,6,6,770
orjson_3_10_2,423c271178453440d596bb20c0578adf0abfd1c4,0,8768750.0,4048.0,218,90,0,0,28,30,31,392,208,184,86,8,98,31,33,34,378,4,1,1,1,1,1,0,1,0,0,1,6,5,4,0,2,10,2,0,2,28,2,3,2,2,3,3,0,3,30,6,6,770
orjson_3_10_3,423c271178453440d596bb20c0578adf0abfd1c4,0,8739333.333333334,4048.0,218,90,0,0,28,30,31,392,208,184,86,8,98,31,33,34,378,4,1,1,1,1,1,0,1,0,0,1,6,5,4,0,2,10,2,0,2,28,2,3,2,2,3,3,0,3,30,6,6,770
orjson_3_10_4,423c271178453440d596bb20c0578adf0abfd1c4,0,8492889.0,4048.0,218,90,0,0,28,30,31,392,208,184,86,8,98,31,33,34,378,4,1,1,1,1,1,0,1,0,0,1,6,5,4,0,2,10,2,0,2,28,2,3,2,2,3,3,0,3,30,6,6,770
orjson_3_10_5,423c271178453440d596bb20c0578adf0abfd1c4,0,8440514.0,4048.0,218,90,0,0,28,30,31,392,208,184,86,8,98,31,33,34,378,4,1,1,1,1,1,0,1,0,0,1,6,5,4,0,2,10,2,0,2,28,2,3,2,2,3,3,0,3,30,6,6,770
orjson_3_10_6,423c271178453440d596bb20c0578adf0abfd1c4,0,8630805.666666666,4048.0,218,90,0,0,28,30,31,392,208,184,86,8,98,31,33,34,378,4,1,1,1,1,1,0,1,0,0,1,6,5,4,0,2,10,2,0,2,28,2,3,2,2,3,3,0,3,30,6,6,770
orjson_3_10_1,0d028237f1284c31e705a314dd6a2a8fc192738d,0,9152680.666666666,4248.0,127,63,0,0,14,15,17,420,207,213,94,9,119,37,43,39,448,1,2,0,2,2,3,2,1,13,2,0,3,1,0,1,2,5,1,0,1,14,1,4,3,3,4,2,0,2,15,2,3,868
orjson_3_10_2,0d028237f1284c31e705a314dd6a2a8fc192738d,0,9267389.0,4248.0,127,63,0,0,14,15,17,420,207,213,94,9,119,37,43,39,448,1,2,0,2,2,3,2,1,13,2,0,3,1,0,1,2,5,1,0,1,14,1,4,3,3,4,2,0,2,15,2,3,868
orjson_3_10_3,0d028237f1284c31e705a314dd6a2a8fc192738d,0,9295791.666666666,4248.0,127,63,0,0,14,15,17,420,207,213,94,9,119,37,43,39,448,1,2,0,2,2,3,2,1,13,2,0,3,1,0,1,2,5,1,0,1,14,1,4,3,3,4,2,0,2,15,2,3,868
orjson_3_10_4,0d028237f1284c31e705a314dd6a2a8fc192738d,0,9149027.666666666,4248.0,127,63,0,0,14,15,17,420,207,213,94,9,119,37,43,39,448,1,2,0,2,2,3,2,1,13,2,0,3,1,0,1,2,5,1,0,1,14,1,4,3,3,4,2,0,2,15,2,3,868
orjson_3_10_5,0d028237f1284c31e705a314dd6a2a8fc192738d,0,9097055.333333334,4248.0,127,63,0,0,14,15,17,420,207,213,94,9,119,37,43,39,448,1,2,0,2,2,3,2,1,13,2,0,3,1,0,1,2,5,1,0,1,14,1,4,3,3,4,2,0,2,15,2,3,868
orjson_3_10_6,0d028237f1284c31e705a314dd6a2a8fc192738d,0,9252347.0,4248.0,127,63,0,0,14,15,17,420,207,213,94,9,119,37,43,39,448,1,2,0,2,2,3,2,1,13,2,0,3,1,0,1,2,5,1,0,1,14,1,4,3,3,4,2,0,2,15,2,3,868
orjson_3_10_1,fb115eb2b8ba6ff5df788369695a51ddd7300f65,0,8868319.666666666,4048.0,218,90,0,0,28,30,31,392,208,184,86,8,98,31,33,34,378,4,1,1,1,1,1,0,1,0,0,1,6,5,4,0,2,10,2,0,2,28,2,3,2,2,3,3,0,3,30,6,6,770
orjson_3_10_2,fb115eb2b8ba6ff5df788369695a51ddd7300f65,0,8749513.666666666,4048.0,218,90,0,0,28,30,31,392,208,184,86,8,98,31,33,34,378,4,1,1,1,1,1,0,1,0,0,1,6,5,4,0,2,10,2,0,2,28,2,3,2,2,3,3,0,3,30,6,6,770
orjson_3_10_3,fb115eb2b8ba6ff5df788369695a51ddd7300f65,0,8729694.333333334,4048.0,218,90,0,0,28,30,31,392,208,184,86,8,98,31,33,34,378,4,1,1,1,1,1,0,1,0,0,1,6,5,4,0,2,10,2,0,2,28,2,3,2,2,3,3,0,3,30,6,6,770
orjson_3_10_4,fb115eb2b8ba6ff5df788369695a51ddd7300f65,0,8515597.333333334,4048.0,218,90,0,0,28,30,31,392,208,184,86,8,98,31,33,34,378,4,1,1,1,1,1,0,1,0,0,1,6,5,4,0,2,10,2,0,2,28,2,3,2,2,3,3,0,3,30,6,6,770
orjson_3_10_5,fb115eb2b8ba6ff5df788369695a51ddd7300f65,0,8510944.333333334,4048.0,218,90,0,0,28,30,31,392,208,184,86,8,98,31,33,34,378,4,1,1,1,1,1,0,1,0,0,1,6,5,4,0,2,10,2,0,2,28,2,3,2,2,3,3,0,3,30,6,6,770
orjson_3_10_6,fb115eb2b8ba6ff5df788369695a51ddd7300f65,0,8615250.0,4048.0,218,90,0,0,28,30,31,392,208,184,86,8,98,31,33,34,378,4,1,1,1,1,1,0,1,0,0,1,6,5,4,0,2,10,2,0,2,28,2,3,2,2,3,3,0,3,30,6,6,770
orjson_3_10_1,e2fb87a376eab9b7ad071662d0c2bef7cc47d28b,0,9452430.666666666,4242.0,102,39,0,0,14,15,18,444,227,217,108,14,109,36,43,30,437,1,3,2,2,4,4,1,1,0,1,2,5,2,1,1,2,3,1,0,1,14,1,4,6,6,4,4,0,2,15,1,5,881
orjson_3_10_2,e2fb87a376eab9b7ad071662d0c2bef7cc47d28b,0,9702736.333333334,4242.0,102,39,0,0,14,15,18,444,227,217,108,14,109,36,43,30,437,1,3,2,2,4,4,1,1,0,1,2,5,2,1,1,2,3,1,0,1,14,1,4,6,6,4,4,0,2,15,1,5,881
orjson_3_10_3,e2fb87a376eab9b7ad071662d0c2bef7cc47d28b,0,9543770.75,4242.0,102,39,0,0,14,15,18,444,227,217,108,14,109,36,43,30,437,1,3,2,2,4,4,1,1,0,1,2,5,2,1,1,2,3,1,0,1,14,1,4,6,6,4,4,0,2,15,1,5,881
orjson_3_10_4,e2fb87a376eab9b7ad071662d0c2bef7cc47d28b,0,9297375.0,4242.0,102,39,0,0,14,15,18,444,227,217,108,14,109,36,43,30,437,1,3,2,2,4,4,1,1,0,1,2,5,2,1,1,2,3,1,0,1,14,1,4,6,6,4,4,0,2,15,1,5,881
orjson_3_10_5,e2fb87a376eab9b7ad071662d0c2bef7cc47d28b,0,9328110.666666666,4242.0,102,39,0,0,14,15,18,444,227,217,108,14,109,36,43,30,437,1,3,2,2,4,4,1,1,0,1,2,5,2,1,1,2,3,1,0,1,14,1,4,6,6,4,4,0,2,15,1,5,881
orjson_3_10_6,e2fb87a376eab9b7ad071662d0c2bef7cc47d28b,0,9408875.333333334,4242.0,102,39,0,0,14,15,18,444,227,217,108,14,109,36,43,30,437,1,3,2,2,4,4,1,1,0,1,2,5,2,1,1,2,3,1,0,1,14,1,4,6,6,4,4,0,2,15,1,5,881
orjson_3_10_1,1e95aece739db057ee61f8778956b66e4d714619,0,10043764.333333334,4677.0,157,51,0,0,24,25,29,415,212,203,102,12,101,29,39,33,406,6,1,0,1,0,2,1,0,7,1,0,1,0,0,0,4,6,1,0,1,24,1,7,3,3,7,2,0,2,25,4,1,821
orjson_3_10_2,1e95aece739db057ee61f8778956b66e4d714619,0,9922875.0,4677.0,157,51,0,0,24,25,29,415,212,203,102,12,101,29,39,33,406,6,1,0,1,0,2,1,0,7,1,0,1,0,0,0,4,6,1,0,1,24,1,7,3,3,7,2,0,2,25,4,1,821
orjson_3_10_3,1e95aece739db057ee61f8778956b66e4d714619,0,9952125.0,4677.0,157,51,0,0,24,25,29,415,212,203,102,12,101,29,39,33,406,6,1,0,1,0,2,1,0,7,1,0,1,0,0,0,4,6,1,0,1,24,1,7,3,3,7,2,0,2,25,4,1,821
orjson_3_10_4,1e95aece739db057ee61f8778956b66e4d714619,0,9892403.0,4764.0,157,51,0,0,24,25,29,415,212,203,102,12,101,29,39,33,406,6,1,0,1,0,2,1,0,7,1,0,1,0,0,0,4,6,1,0,1,24,1,7,3,3,7,2,0,2,25,4,1,821
orjson_3_10_5,1e95aece739db057ee61f8778956b66e4d714619,0,9807805.333333334,4677.0,157,51,0,0,24,25,29,415,212,203,102,12,101,29,39,33,406,6,1,0,1,0,2,1,0,7,1,0,1,0,0,0,4,6,1,0,1,24,1,7,3,3,7,2,0,2,25,4,1,821
orjson_3_10_6,1e95aece739db057ee61f8778956b66e4d714619,0,9865472.0,4677.0,157,51,0,0,24,25,29,415,212,203,102,12,101,29,39,33,406,6,1,0,1,0,2,1,0,7,1,0,1,0,0,0,4,6,1,0,1,24,1,7,3,3,7,2,0,2,25,4,1,821
orjson_3_10_1,b69303927b2c89f316a19176f64836ac4fae127a,0,9064236.333333334,4644.0,162,55,0,0,24,25,33,401,198,203,90,11,113,38,34,41,425,4,0,0,0,0,0,0,0,0,0,0,0,0,0,0,7,1,1,0,1,24,1,6,4,4,6,1,0,2,25,5,0,826
orjson_3_10_2,b69303927b2c89f316a19176f64836ac4fae127a,0,8950055.666666666,4644.0,162,55,0,0,24,25,33,401,198,203,90,11,113,38,34,41,425,4,0,0,0,0,0,0,0,0,0,0,0,0,0,0,7,1,1,0,1,24,1,6,4,4,6,1,0,2,25,5,0,826
orjson_3_10_3,b69303927b2c89f316a19176f64836ac4fae127a,0,8875208.333333334,4644.0,162,55,0,0,24,25,33,401,198,203,90,11,113,38,34,41,425,4,0,0,0,0,0,0,0,0,0,0,0,0,0,0,7,1,1,0,1,24,1,6,4,4,6,1,0,2,25,5,0,826
orjson_3_10_4,b69303927b2c89f316a19176f64836ac4fae127a,0,8749208.333333334,4644.0,162,55,0,0,24,25,33,401,198,203,90,11,113,38,34,41,425,4,0,0,0,0,0,0,0,0,0,0,0,0,0,0,7,1,1,0,1,24,1,6,4,4,6,1,0,2,25,5,0,826
orjson_3_10_5,b69303927b2c89f316a19176f64836ac4fae127a,0,8742222.333333334,4644.0,162,55,0,0,24,25,33,401,198,203,90,11,113,38,34,41,425,4,0,0,0,0,0,0,0,0,0,0,0,0,0,0,7,1,1,0,1,24,1,6,4,4,6,1,0,2,25,5,0,826
orjson_3_10_6,b69303927b2c89f316a19176f64836ac4fae127a,0,8875889.0,4644.0,162,55,0,0,24,25,33,401,198,203,90,11,113,38,34,41,425,4,0,0,0,0,0,0,0,0,0,0,0,0,0,0,7,1,1,0,1,24,1,6,4,4,6,1,0,2,25,5,0,826
orjson_3_10_1,d8b5a12f41d8e134cf9281daf759d289f1bc7736,0,10085263.666666666,4677.0,158,52,0,0,24,25,29,415,212,203,102,12,101,29,39,33,406,6,1,0,1,0,2,1,0,7,1,0,1,0,0,0,4,6,1,0,1,24,1,7,3,3,7,2,0,2,25,4,1,821
orjson_3_10_2,d8b5a12f41d8e134cf9281daf759d289f1bc7736,0,9860625.0,4677.0,158,52,0,0,24,25,29,415,212,203,102,12,101,29,39,33,406,6,1,0,1,0,2,1,0,7,1,0,1,0,0,0,4,6,1,0,1,24,1,7,3,3,7,2,0,2,25,4,1,821
orjson_3_10_3,d8b5a12f41d8e134cf9281daf759d289f1bc7736,0,9874000.333333334,4677.0,158,52,0,0,24,25,29,415,212,203,102,12,101,29,39,33,406,6,1,0,1,0,2,1,0,7,1,0,1,0,0,0,4,6,1,0,1,24,1,7,3,3,7,2,0,2,25,4,1,821
orjson_3_10_4,d8b5a12f41d8e134cf9281daf759d289f1bc7736,0,9927208.0,4764.0,158,52,0,0,24,25,29,415,212,203,102,12,101,29,39,33,406,6,1,0,1,0,2,1,0,7,1,0,1,0,0,0,4,6,1,0,1,24,1,7,3,3,7,2,0,2,25,4,1,821
orjson_3_10_5,d8b5a12f41d8e134cf9281daf759d289f1bc7736,0,9724527.666666666,4677.0,158,52,0,0,24,25,29,415,212,203,102,12,101,29,39,33,406,6,1,0,1,0,2,1,0,7,1,0,1,0,0,0,4,6,1,0,1,24,1,7,3,3,7,2,0,2,25,4,1,821
orjson_3_10_6,d8b5a12f41d8e134cf9281daf759d289f1bc7736,0,9910180.666666666,4677.0,158,52,0,0,24,25,29,415,212,203,102,12,101,29,39,33,406,6,1,0,1,0,2,1,0,7,1,0,1,0,0,0,4,6,1,0,1,24,1,7,3,3,7,2,0,2,25,4,1,821
orjson_3_10_1,064b0ab569f8263ee1fe7aedf1c6fc0c761736e2,0,10112888.666666666,4677.0,158,52,0,0,24,25,29,415,212,203,102,12,101,29,39,33,406,6,1,0,1,0,2,1,1,0,0,0,1,0,0,0,4,6,1,0,1,24,1,7,3,3,7,2,0,2,25,4,1,821
orjson_3_10_2,064b0ab569f8263ee1fe7aedf1c6fc0c761736e2,0,9866986.333333334,4677.0,158,52,0,0,24,25,29,415,212,203,102,12,101,29,39,33,406,6,1,0,1,0,2,1,1,0,0,0,1,0,0,0,4,6,1,0,1,24,1,7,3,3,7,2,0,2,25,4,1,821
orjson_3_10_3,064b0ab569f8263ee1fe7aedf1c6fc0c761736e2,0,10040286.25,4677.0,158,52,0,0,24,25,29,415,212,203,102,12,101,29,39,33,406,6,1,0,1,0,2,1,1,0,0,0,1,0,0,0,4,6,1,0,1,24,1,7,3,3,7,2,0,2,25,4,1,821
orjson_3_10_4,064b0ab569f8263ee1fe7aedf1c6fc0c761736e2,0,9868847.666666666,4764.0,158,52,0,0,24,25,29,415,212,203,102,12,101,29,39,33,406,6,1,0,1,0,2,1,1,0,0,0,1,0,0,0,4,6,1,0,1,24,1,7,3,3,7,2,0,2,25,4,1,821
orjson_3_10_5,064b0ab569f8263ee1fe7aedf1c6fc0c761736e2,0,9764097.333333334,4677.0,158,52,0,0,24,25,29,415,212,203,102,12,101,29,39,33,406,6,1,0,1,0,2,1,1,0,0,0,1,0,0,0,4,6,1,0,1,24,1,7,3,3,7,2,0,2,25,4,1,821
orjson_3_10_6,064b0ab569f8263ee1fe7aedf1c6fc0c761736e2,0,9950986.333333334,4677.0,158,52,0,0,24,25,29,415,212,203,102,12,101,29,39,33,406,6,1,0,1,0,2,1,1,0,0,0,1,0,0,0,4,6,1,0,1,24,1,7,3,3,7,2,0,2,25,4,1,821
orjson_3_10_1,fde35a9eb7f5b1181ecb2e58e2665b2d577f515c,0,9989389.0,4677.0,154,48,0,0,24,25,29,415,212,203,102,12,101,29,39,33,406,6,1,0,1,0,2,1,0,7,1,0,1,0,0,0,4,6,1,0,1,24,1,7,3,3,7,2,0,2,25,4,1,821
orjson_3_10_2,fde35a9eb7f5b1181ecb2e58e2665b2d577f515c,0,9997569.333333334,4677.0,154,48,0,0,24,25,29,415,212,203,102,12,101,29,39,33,406,6,1,0,1,0,2,1,0,7,1,0,1,0,0,0,4,6,1,0,1,24,1,7,3,3,7,2,0,2,25,4,1,821
orjson_3_10_3,fde35a9eb7f5b1181ecb2e58e2665b2d577f515c,0,9963403.0,4677.0,154,48,0,0,24,25,29,415,212,203,102,12,101,29,39,33,406,6,1,0,1,0,2,1,0,7,1,0,1,0,0,0,4,6,1,0,1,24,1,7,3,3,7,2,0,2,25,4,1,821
orjson_3_10_4,fde35a9eb7f5b1181ecb2e58e2665b2d577f515c,0,9877222.0,4764.0,154,48,0,0,24,25,29,415,212,203,102,12,101,29,39,33,406,6,1,0,1,0,2,1,0,7,1,0,1,0,0,0,4,6,1,0,1,24,1,7,3,3,7,2,0,2,25,4,1,821
orjson_3_10_5,fde35a9eb7f5b1181ecb2e58e2665b2d577f515c,0,9720347.0,4677.0,154,48,0,0,24,25,29,415,212,203,102,12,101,29,39,33,406,6,1,0,1,0,2,1,0,7,1,0,1,0,0,0,4,6,1,0,1,24,1,7,3,3,7,2,0,2,25,4,1,821
orjson_3_10_6,fde35a9eb7f5b1181ecb2e58e2665b2d577f515c,0,9809403.0,4677.0,154,48,0,0,24,25,29,415,212,203,102,12,101,29,39,33,406,6,1,0,1,0,2,1,0,7,1,0,1,0,0,0,4,6,1,0,1,24,1,7,3,3,7,2,0,2,25,4,1,821
orjson_3_10_1,42c00fccc9b0a097526b074453aa91f79d78afa7,0,10087597.666666666,4677.0,158,52,0,0,24,25,29,415,212,203,102,12,101,29,39,33,406,6,1,0,1,0,2,1,0,7,1,0,1,0,0,0,4,6,1,0,1,24,1,7,3,3,7,2,0,2,25,4,1,821
orjson_3_10_2,42c00fccc9b0a097526b074453aa91f79d78afa7,0,9897569.333333334,4677.0,158,52,0,0,24,25,29,415,212,203,102,12,101,29,39,33,406,6,1,0,1,0,2,1,0,7,1,0,1,0,0,0,4,6,1,0,1,24,1,7,3,3,7,2,0,2,25,4,1,821
orjson_3_10_3,42c00fccc9b0a097526b074453aa91f79d78afa7,0,9797843.5,4677.0,158,52,0,0,24,25,29,415,212,203,102,12,101,29,39,33,406,6,1,0,1,0,2,1,0,7,1,0,1,0,0,0,4,6,1,0,1,24,1,7,3,3,7,2,0,2,25,4,1,821
orjson_3_10_4,42c00fccc9b0a097526b074453aa91f79d78afa7,0,9952902.666666666,4764.0,158,52,0,0,24,25,29,415,212,203,102,12,101,29,39,33,406,6,1,0,1,0,2,1,0,7,1,0,1,0,0,0,4,6,1,0,1,24,1,7,3,3,7,2,0,2,25,4,1,821
orjson_3_10_5,42c00fccc9b0a097526b074453aa91f79d78afa7,0,9736625.333333334,4677.0,158,52,0,0,24,25,29,415,212,203,102,12,101,29,39,33,406,6,1,0,1,0,2,1,0,7,1,0,1,0,0,0,4,6,1,0,1,24,1,7,3,3,7,2,0,2,25,4,1,821
orjson_3_10_6,42c00fccc9b0a097526b074453aa91f79d78afa7,0,9900319.333333334,4677.0,158,52,0,0,24,25,29,415,212,203,102,12,101,29,39,33,406,6,1,0,1,0,2,1,0,7,1,0,1,0,0,0,4,6,1,0,1,24,1,7,3,3,7,2,0,2,25,4,1,821
orjson_3_10_1,7ff05342acfb00a7bf1e39982c94b16fa57cdc8d,0,9982403.333333334,4677.0,159,53,0,0,24,25,29,415,212,203,102,12,101,29,39,33,406,6,1,0,1,0,2,1,0,7,1,0,1,0,0,0,4,6,1,0,1,24,1,7,3,3,7,2,0,2,25,4,1,821
orjson_3_10_2,7ff05342acfb00a7bf1e39982c94b16fa57cdc8d,0,9874375.0,4677.0,159,53,0,0,24,25,29,415,212,203,102,12,101,29,39,33,406,6,1,0,1,0,2,1,0,7,1,0,1,0,0,0,4,6,1,0,1,24,1,7,3,3,7,2,0,2,25,4,1,821
orjson_3_10_3,7ff05342acfb00a7bf1e39982c94b16fa57cdc8d,0,9877222.666666666,4677.0,159,53,0,0,24,25,29,415,212,203,102,12,101,29,39,33,406,6,1,0,1,0,2,1,0,7,1,0,1,0,0,0,4,6,1,0,1,24,1,7,3,3,7,2,0,2,25,4,1,821
orjson_3_10_4,7ff05342acfb00a7bf1e39982c94b16fa57cdc8d,0,9869156.25,4764.0,159,53,0,0,24,25,29,415,212,203,102,12,101,29,39,33,406,6,1,0,1,0,2,1,0,7,1,0,1,0,0,0,4,6,1,0,1,24,1,7,3,3,7,2,0,2,25,4,1,821
orjson_3_10_5,7ff05342acfb00a7bf1e39982c94b16fa57cdc8d,0,9790555.333333334,4677.0,159,53,0,0,24,25,29,415,212,203,102,12,101,29,39,33,406,6,1,0,1,0,2,1,0,7,1,0,1,0,0,0,4,6,1,0,1,24,1,7,3,3,7,2,0,2,25,4,1,821
orjson_3_10_6,7ff05342acfb00a7bf1e39982c94b16fa57cdc8d,0,9868014.333333334,4677.0,159,53,0,0,24,25,29,415,212,203,102,12,101,29,39,33,406,6,1,0,1,0,2,1,0,7,1,0,1,0,0,0,4,6,1,0,1,24,1,7,3,3,7,2,0,2,25,4,1,821
orjson_3_10_1,06f84b7b05b91edcd71373a890e166a0a6a625b4,0,10065722.333333334,4677.0,159,53,0,0,24,25,29,415,212,203,102,12,101,29,39,33,406,6,1,0,1,0,2,1,0,7,1,0,1,0,0,0,4,6,1,0,1,24,1,7,3,3,7,2,0,2,25,4,1,821
orjson_3_10_2,06f84b7b05b91edcd71373a890e166a0a6a625b4,0,9905292.0,4677.0,159,53,0,0,24,25,29,415,212,203,102,12,101,29,39,33,406,6,1,0,1,0,2,1,0,7,1,0,1,0,0,0,4,6,1,0,1,24,1,7,3,3,7,2,0,2,25,4,1,821
orjson_3_10_3,06f84b7b05b91edcd71373a890e166a0a6a625b4,0,9800083.666666666,4677.0,159,53,0,0,24,25,29,415,212,203,102,12,101,29,39,33,406,6,1,0,1,0,2,1,0,7,1,0,1,0,0,0,4,6,1,0,1,24,1,7,3,3,7,2,0,2,25,4,1,821
orjson_3_10_4,06f84b7b05b91edcd71373a890e166a0a6a625b4,0,9957263.666666666,4764.0,159,53,0,0,24,25,29,415,212,203,102,12,101,29,39,33,406,6,1,0,1,0,2,1,0,7,1,0,1,0,0,0,4,6,1,0,1,24,1,7,3,3,7,2,0,2,25,4,1,821
orjson_3_10_5,06f84b7b05b91edcd71373a890e166a0a6a625b4,0,9699708.333333334,4677.0,159,53,0,0,24,25,29,415,212,203,102,12,101,29,39,33,406,6,1,0,1,0,2,1,0,7,1,0,1,0,0,0,4,6,1,0,1,24,1,7,3,3,7,2,0,2,25,4,1,821
orjson_3_10_6,06f84b7b05b91edcd71373a890e166a0a6a625b4,0,9801278.0,4677.0,159,53,0,0,24,25,29,415,212,203,102,12,101,29,39,33,406,6,1,0,1,0,2,1,0,7,1,0,1,0,0,0,4,6,1,0,1,24,1,7,3,3,7,2,0,2,25,4,1,821
orjson_3_10_1,8f911f1ed4e726564eb5e0adbfc3d8ddbcaa03d9,0,10052402.333333334,4677.0,159,53,0,0,24,25,29,415,212,203,102,12,101,29,39,33,406,6,1,0,1,0,2,1,0,7,1,0,1,0,0,0,4,6,1,0,1,24,1,7,3,3,7,2,0,2,25,4,1,821
orjson_3_10_2,8f911f1ed4e726564eb5e0adbfc3d8ddbcaa03d9,0,9861652.666666666,4677.0,159,53,0,0,24,25,29,415,212,203,102,12,101,29,39,33,406,6,1,0,1,0,2,1,0,7,1,0,1,0,0,0,4,6,1,0,1,24,1,7,3,3,7,2,0,2,25,4,1,821
orjson_3_10_3,8f911f1ed4e726564eb5e0adbfc3d8ddbcaa03d9,0,9868278.333333334,4677.0,159,53,0,0,24,25,29,415,212,203,102,12,101,29,39,33,406,6,1,0,1,0,2,1,0,7,1,0,1,0,0,0,4,6,1,0,1,24,1,7,3,3,7,2,0,2,25,4,1,821
orjson_3_10_4,8f911f1ed4e726564eb5e0adbfc3d8ddbcaa03d9,0,9910736.333333334,4764.0,159,53,0,0,24,25,29,415,212,203,102,12,101,29,39,33,406,6,1,0,1,0,2,1,0,7,1,0,1,0,0,0,4,6,1,0,1,24,1,7,3,3,7,2,0,2,25,4,1,821
orjson_3_10_5,8f911f1ed4e726564eb5e0adbfc3d8ddbcaa03d9,0,9740167.0,4677.0,159,53,0,0,24,25,29,415,212,203,102,12,101,29,39,33,406,6,1,0,1,0,2,1,0,7,1,0,1,0,0,0,4,6,1,0,1,24,1,7,3,3,7,2,0,2,25,4,1,821
orjson_3_10_6,8f911f1ed4e726564eb5e0adbfc3d8ddbcaa03d9,0,9908750.0,4677.0,159,53,0,0,24,25,29,415,212,203,102,12,101,29,39,33,406,6,1,0,1,0,2,1,0,7,1,0,1,0,0,0,4,6,1,0,1,24,1,7,3,3,7,2,0,2,25,4,1,821
orjson_3_10_1,838382cba0099155b3f29b2f1b99326665125bb9,0,10070875.333333334,4677.0,159,53,0,0,24,25,29,415,212,203,102,12,101,29,39,33,406,6,1,0,1,0,2,1,0,7,1,0,1,0,0,0,4,6,1,0,1,24,1,7,3,3,7,2,0,2,25,4,1,821
orjson_3_10_2,838382cba0099155b3f29b2f1b99326665125bb9,0,9866083.333333334,4677.0,159,53,0,0,24,25,29,415,212,203,102,12,101,29,39,33,406,6,1,0,1,0,2,1,0,7,1,0,1,0,0,0,4,6,1,0,1,24,1,7,3,3,7,2,0,2,25,4,1,821
orjson_3_10_3,838382cba0099155b3f29b2f1b99326665125bb9,0,9994076.5,4677.0,159,53,0,0,24,25,29,415,212,203,102,12,101,29,39,33,406,6,1,0,1,0,2,1,0,7,1,0,1,0,0,0,4,6,1,0,1,24,1,7,3,3,7,2,0,2,25,4,1,821
orjson_3_10_4,838382cba0099155b3f29b2f1b99326665125bb9,0,9885111.333333334,4764.0,159,53,0,0,24,25,29,415,212,203,102,12,101,29,39,33,406,6,1,0,1,0,2,1,0,7,1,0,1,0,0,0,4,6,1,0,1,24,1,7,3,3,7,2,0,2,25,4,1,821
orjson_3_10_5,838382cba0099155b3f29b2f1b99326665125bb9,0,9822319.666666666,4677.0,159,53,0,0,24,25,29,415,212,203,102,12,101,29,39,33,406,6,1,0,1,0,2,1,0,7,1,0,1,0,0,0,4,6,1,0,1,24,1,7,3,3,7,2,0,2,25,4,1,821
orjson_3_10_6,838382cba0099155b3f29b2f1b99326665125bb9,0,9908805.666666666,4677.0,159,53,0,0,24,25,29,415,212,203,102,12,101,29,39,33,406,6,1,0,1,0,2,1,0,7,1,0,1,0,0,0,4,6,1,0,1,24,1,7,3,3,7,2,0,2,25,4,1,821
orjson_3_10_1,f9d12686286561aec5bb1d6a310d27d4060ce927,0,10062110.666666666,4677.0,159,53,0,0,24,25,29,416,213,203,102,12,101,29,39,33,406,6,1,0,1,0,2,1,0,7,1,0,1,0,0,0,5,5,1,0,1,24,1,7,3,3,7,2,0,2,25,4,1,822
orjson_3_10_2,f9d12686286561aec5bb1d6a310d27d4060ce927,0,9900027.666666666,4677.0,159,53,0,0,24,25,29,416,213,203,102,12,101,29,39,33,406,6,1,0,1,0,2,1,0,7,1,0,1,0,0,0,5,5,1,0,1,24,1,7,3,3,7,2,0,2,25,4,1,822
orjson_3_10_3,f9d12686286561aec5bb1d6a310d27d4060ce927,0,9875486.0,4677.0,159,53,0,0,24,25,29,416,213,203,102,12,101,29,39,33,406,6,1,0,1,0,2,1,0,7,1,0,1,0,0,0,5,5,1,0,1,24,1,7,3,3,7,2,0,2,25,4,1,822
orjson_3_10_4,f9d12686286561aec5bb1d6a310d27d4060ce927,0,9903486.333333334,4764.0,159,53,0,0,24,25,29,416,213,203,102,12,101,29,39,33,406,6,1,0,1,0,2,1,0,7,1,0,1,0,0,0,5,5,1,0,1,24,1,7,3,3,7,2,0,2,25,4,1,822
orjson_3_10_5,f9d12686286561aec5bb1d6a310d27d4060ce927,0,9776698.0,4677.0,159,53,0,0,24,25,29,416,213,203,102,12,101,29,39,33,406,6,1,0,1,0,2,1,0,7,1,0,1,0,0,0,5,5,1,0,1,24,1,7,3,3,7,2,0,2,25,4,1,822
orjson_3_10_6,f9d12686286561aec5bb1d6a310d27d4060ce927,0,9904389.0,4677.0,159,53,0,0,24,25,29,416,213,203,102,12,101,29,39,33,406,6,1,0,1,0,2,1,0,7,1,0,1,0,0,0,5,5,1,0,1,24,1,7,3,3,7,2,0,2,25,4,1,822
orjson_3_10_1,26dda5dcae848724ed26c2738e6428a8452a1832,0,10034083.333333334,4677.0,158,52,0,0,24,25,29,415,212,203,102,12,101,29,39,33,406,6,1,0,1,0,2,1,1,0,0,0,1,0,0,0,4,6,1,0,1,24,1,7,3,3,7,2,0,2,25,4,1,821
orjson_3_10_2,26dda5dcae848724ed26c2738e6428a8452a1832,0,9906305.666666666,4677.0,158,52,0,0,24,25,29,415,212,203,102,12,101,29,39,33,406,6,1,0,1,0,2,1,1,0,0,0,1,0,0,0,4,6,1,0,1,24,1,7,3,3,7,2,0,2,25,4,1,821
orjson_3_10_3,26dda5dcae848724ed26c2738e6428a8452a1832,0,9827208.333333334,4677.0,158,52,0,0,24,25,29,415,212,203,102,12,101,29,39,33,406,6,1,0,1,0,2,1,1,0,0,0,1,0,0,0,4,6,1,0,1,24,1,7,3,3,7,2,0,2,25,4,1,821
orjson_3_10_4,26dda5dcae848724ed26c2738e6428a8452a1832,0,9916625.333333334,4764.0,158,52,0,0,24,25,29,415,212,203,102,12,101,29,39,33,406,6,1,0,1,0,2,1,1,0,0,0,1,0,0,0,4,6,1,0,1,24,1,7,3,3,7,2,0,2,25,4,1,821
orjson_3_10_5,26dda5dcae848724ed26c2738e6428a8452a1832,0,9779083.333333334,4677.0,158,52,0,0,24,25,29,415,212,203,102,12,101,29,39,33,406,6,1,0,1,0,2,1,1,0,0,0,1,0,0,0,4,6,1,0,1,24,1,7,3,3,7,2,0,2,25,4,1,821
orjson_3_10_6,26dda5dcae848724ed26c2738e6428a8452a1832,0,9828486.0,4677.0,158,52,0,0,24,25,29,415,212,203,102,12,101,29,39,33,406,6,1,0,1,0,2,1,1,0,0,0,1,0,0,0,4,6,1,0,1,24,1,7,3,3,7,2,0,2,25,4,1,821
orjson_3_10_1,d377ce4f1a827d1d2d2514435bd7ad87fbbf4418,0,10170125.0,4677.0,157,51,0,0,24,25,29,415,212,203,102,12,101,29,39,33,406,6,1,0,1,0,2,1,0,7,1,0,1,0,0,0,4,6,1,0,1,24,1,7,3,3,7,2,0,2,25,4,1,821
orjson_3_10_2,d377ce4f1a827d1d2d2514435bd7ad87fbbf4418,0,9853958.0,4677.0,157,51,0,0,24,25,29,415,212,203,102,12,101,29,39,33,406,6,1,0,1,0,2,1,0,7,1,0,1,0,0,0,4,6,1,0,1,24,1,7,3,3,7,2,0,2,25,4,1,821
orjson_3_10_3,d377ce4f1a827d1d2d2514435bd7ad87fbbf4418,0,9900944.333333334,4677.0,157,51,0,0,24,25,29,415,212,203,102,12,101,29,39,33,406,6,1,0,1,0,2,1,0,7,1,0,1,0,0,0,4,6,1,0,1,24,1,7,3,3,7,2,0,2,25,4,1,821
orjson_3_10_4,d377ce4f1a827d1d2d2514435bd7ad87fbbf4418,0,9886958.0,4764.0,157,51,0,0,24,25,29,415,212,203,102,12,101,29,39,33,406,6,1,0,1,0,2,1,0,7,1,0,1,0,0,0,4,6,1,0,1,24,1,7,3,3,7,2,0,2,25,4,1,821
orjson_3_10_5,d377ce4f1a827d1d2d2514435bd7ad87fbbf4418,0,9811875.0,4677.0,157,51,0,0,24,25,29,415,212,203,102,12,101,29,39,33,406,6,1,0,1,0,2,1,0,7,1,0,1,0,0,0,4,6,1,0,1,24,1,7,3,3,7,2,0,2,25,4,1,821
orjson_3_10_6,d377ce4f1a827d1d2d2514435bd7ad87fbbf4418,0,9901527.666666666,4677.0,157,51,0,0,24,25,29,415,212,203,102,12,101,29,39,33,406,6,1,0,1,0,2,1,0,7,1,0,1,0,0,0,4,6,1,0,1,24,1,7,3,3,7,2,0,2,25,4,1,821
orjson_3_10_1,e660d58564151f43e9115ebab6122f938419da23,0,10215917.0,4747.0,294,82,1,0,48,51,58,347,196,151,71,4,80,25,27,28,319,4,2,2,1,2,1,0,1,0,0,2,5,3,2,0,10,14,2,1,2,48,2,1,2,2,1,1,0,4,50,9,5,666
orjson_3_10_2,e660d58564151f43e9115ebab6122f938419da23,0,9534111.333333334,4662.0,294,82,1,0,48,51,58,347,196,151,71,4,80,25,27,28,319,4,2,2,1,2,1,0,1,0,0,2,5,3,2,0,10,14,2,1,2,48,2,1,2,2,1,1,0,4,50,9,5,666
orjson_3_10_3,e660d58564151f43e9115ebab6122f938419da23,0,9467916.333333334,4662.0,294,82,1,0,48,51,58,347,196,151,71,4,80,25,27,28,319,4,2,2,1,2,1,0,1,0,0,2,5,3,2,0,10,14,2,1,2,48,2,1,2,2,1,1,0,4,50,9,5,666
orjson_3_10_4,e660d58564151f43e9115ebab6122f938419da23,0,9501652.666666666,4662.0,294,82,1,0,48,51,58,347,196,151,71,4,80,25,27,28,319,4,2,2,1,2,1,0,1,0,0,2,5,3,2,0,10,14,2,1,2,48,2,1,2,2,1,1,0,4,50,9,5,666
orjson_3_10_5,e660d58564151f43e9115ebab6122f938419da23,0,9475222.333333334,4662.0,294,82,1,0,48,51,58,347,196,151,71,4,80,25,27,28,319,4,2,2,1,2,1,0,1,0,0,2,5,3,2,0,10,14,2,1,2,48,2,1,2,2,1,1,0,4,50,9,5,666
orjson_3_10_6,e660d58564151f43e9115ebab6122f938419da23,0,9588514.0,4782.0,294,82,1,0,48,51,58,347,196,151,71,4,80,25,27,28,319,4,2,2,1,2,1,0,1,0,0,2,5,3,2,0,10,14,2,1,2,48,2,1,2,2,1,1,0,4,50,9,5,666
orjson_3_10_1,e6b86e4847251e6644182fe7f5c976b61c6dfb63,0,10317347.0,4747.0,294,82,1,0,48,51,58,347,196,151,71,4,80,25,27,28,319,4,2,2,1,2,1,0,1,0,0,2,5,3,2,0,10,14,2,1,2,48,2,1,2,2,1,1,0,4,50,9,5,666
orjson_3_10_2,e6b86e4847251e6644182fe7f5c976b61c6dfb63,0,9412152.333333334,4662.0,294,82,1,0,48,51,58,347,196,151,71,4,80,25,27,28,319,4,2,2,1,2,1,0,1,0,0,2,5,3,2,0,10,14,2,1,2,48,2,1,2,2,1,1,0,4,50,9,5,666
orjson_3_10_3,e6b86e4847251e6644182fe7f5c976b61c6dfb63,0,9471875.0,4662.0,294,82,1,0,48,51,58,347,196,151,71,4,80,25,27,28,319,4,2,2,1,2,1,0,1,0,0,2,5,3,2,0,10,14,2,1,2,48,2,1,2,2,1,1,0,4,50,9,5,666
orjson_3_10_4,e6b86e4847251e6644182fe7f5c976b61c6dfb63,0,9356069.666666666,4662.0,294,82,1,0,48,51,58,347,196,151,71,4,80,25,27,28,319,4,2,2,1,2,1,0,1,0,0,2,5,3,2,0,10,14,2,1,2,48,2,1,2,2,1,1,0,4,50,9,5,666
orjson_3_10_5,e6b86e4847251e6644182fe7f5c976b61c6dfb63,0,9727792.0,4958.0,294,82,1,0,48,51,58,347,196,151,71,4,80,25,27,28,319,4,2,2,1,2,1,0,1,0,0,2,5,3,2,0,10,14,2,1,2,48,2,1,2,2,1,1,0,4,50,9,5,666
orjson_3_10_6,e6b86e4847251e6644182fe7f5c976b61c6dfb63,0,9660763.666666666,4782.0,294,82,1,0,48,51,58,347,196,151,71,4,80,25,27,28,319,4,2,2,1,2,1,0,1,0,0,2,5,3,2,0,10,14,2,1,2,48,2,1,2,2,1,1,0,4,50,9,5,666
orjson_3_10_1,78ef8a0ac385cfec8a697fbd5f608b6a1d0dd042,0,9796264.333333334,3535.0,252,83,0,0,36,40,43,359,169,190,93,12,97,38,32,27,340,7,2,0,2,3,5,2,0,4,3,0,3,1,0,1,10,7,4,0,4,36,4,3,6,6,3,3,0,5,40,7,3,699
orjson_3_10_2,78ef8a0ac385cfec8a697fbd5f608b6a1d0dd042,0,9463833.333333334,3449.0,252,83,0,0,36,40,43,359,169,190,93,12,97,38,32,27,340,7,2,0,2,3,5,2,0,4,3,0,3,1,0,1,10,7,4,0,4,36,4,3,6,6,3,3,0,5,40,7,3,699
orjson_3_10_3,78ef8a0ac385cfec8a697fbd5f608b6a1d0dd042,0,9481027.666666666,3449.0,252,83,0,0,36,40,43,359,169,190,93,12,97,38,32,27,340,7,2,0,2,3,5,2,0,4,3,0,3,1,0,1,10,7,4,0,4,36,4,3,6,6,3,3,0,5,40,7,3,699
orjson_3_10_4,78ef8a0ac385cfec8a697fbd5f608b6a1d0dd042,0,9415764.0,3561.0,252,83,0,0,36,40,43,359,169,190,93,12,97,38,32,27,340,7,2,0,2,3,5,2,0,4,3,0,3,1,0,1,10,7,4,0,4,36,4,3,6,6,3,3,0,5,40,7,3,699
orjson_3_10_5,78ef8a0ac385cfec8a697fbd5f608b6a1d0dd042,0,9252250.0,3449.0,252,83,0,0,36,40,43,359,169,190,93,12,97,38,32,27,340,7,2,0,2,3,5,2,0,4,3,0,3,1,0,1,10,7,4,0,4,36,4,3,6,6,3,3,0,5,40,7,3,699
orjson_3_10_6,78ef8a0ac385cfec8a697fbd5f608b6a1d0dd042,0,9515027.666666666,3577.0,252,83,0,0,36,40,43,359,169,190,93,12,97,38,32,27,340,7,2,0,2,3,5,2,0,4,3,0,3,1,0,1,10,7,4,0,4,36,4,3,6,6,3,3,0,5,40,7,3,699
orjson_3_10_1,23b6e3dd8bc634da9d7c16376a5bb0f75e073969,0,10687416.666666666,4841.0,281,71,0,0,48,50,61,334,156,178,100,11,78,29,27,22,329,10,3,2,1,2,3,1,1,0,0,2,3,0,0,0,5,12,2,0,2,48,2,6,3,3,6,2,0,3,50,8,3,663
orjson_3_10_2,23b6e3dd8bc634da9d7c16376a5bb0f75e073969,0,10541841.6,4841.0,281,71,0,0,48,50,61,334,156,178,100,11,78,29,27,22,329,10,3,2,1,2,3,1,1,0,0,2,3,0,0,0,5,12,2,0,2,48,2,6,3,3,6,2,0,3,50,8,3,663
orjson_3_10_3,23b6e3dd8bc634da9d7c16376a5bb0f75e073969,0,10365444.666666666,4841.0,281,71,0,0,48,50,61,334,156,178,100,11,78,29,27,22,329,10,3,2,1,2,3,1,1,0,0,2,3,0,0,0,5,12,2,0,2,48,2,6,3,3,6,2,0,3,50,8,3,663
orjson_3_10_4,23b6e3dd8bc634da9d7c16376a5bb0f75e073969,0,10222541.666666666,4841.0,281,71,0,0,48,50,61,334,156,178,100,11,78,29,27,22,329,10,3,2,1,2,3,1,1,0,0,2,3,0,0,0,5,12,2,0,2,48,2,6,3,3,6,2,0,3,50,8,3,663
orjson_3_10_5,23b6e3dd8bc634da9d7c16376a5bb0f75e073969,0,10431291.333333334,4987.0,281,71,0,0,48,50,61,334,156,178,100,11,78,29,27,22,329,10,3,2,1,2,3,1,1,0,0,2,3,0,0,0,5,12,2,0,2,48,2,6,3,3,6,2,0,3,50,8,3,663
orjson_3_10_6,23b6e3dd8bc634da9d7c16376a5bb0f75e073969,0,10497264.0,4841.0,281,71,0,0,48,50,61,334,156,178,100,11,78,29,27,22,329,10,3,2,1,2,3,1,1,0,0,2,3,0,0,0,5,12,2,0,2,48,2,6,3,3,6,2,0,3,50,8,3,663
orjson_3_10_1,33c7d6012f691e4a597eaa03a24ff36d9a135ab6,0,10882499.75,4841.0,281,71,0,0,48,50,61,334,156,178,100,11,78,29,27,22,329,10,3,2,1,2,3,1,1,0,0,2,3,0,0,0,5,12,2,0,2,48,2,6,3,3,6,2,0,3,50,8,3,663
orjson_3_10_2,33c7d6012f691e4a597eaa03a24ff36d9a135ab6,0,10364222.333333334,4841.0,281,71,0,0,48,50,61,334,156,178,100,11,78,29,27,22,329,10,3,2,1,2,3,1,1,0,0,2,3,0,0,0,5,12,2,0,2,48,2,6,3,3,6,2,0,3,50,8,3,663
orjson_3_10_3,33c7d6012f691e4a597eaa03a24ff36d9a135ab6,0,10344194.666666666,4841.0,281,71,0,0,48,50,61,334,156,178,100,11,78,29,27,22,329,10,3,2,1,2,3,1,1,0,0,2,3,0,0,0,5,12,2,0,2,48,2,6,3,3,6,2,0,3,50,8,3,663
orjson_3_10_4,33c7d6012f691e4a597eaa03a24ff36d9a135ab6,0,10227847.333333334,4841.0,281,71,0,0,48,50,61,334,156,178,100,11,78,29,27,22,329,10,3,2,1,2,3,1,1,0,0,2,3,0,0,0,5,12,2,0,2,48,2,6,3,3,6,2,0,3,50,8,3,663
orjson_3_10_5,33c7d6012f691e4a597eaa03a24ff36d9a135ab6,0,10388972.0,4987.0,281,71,0,0,48,50,61,334,156,178,100,11,78,29,27,22,329,10,3,2,1,2,3,1,1,0,0,2,3,0,0,0,5,12,2,0,2,48,2,6,3,3,6,2,0,3,50,8,3,663
orjson_3_10_6,33c7d6012f691e4a597eaa03a24ff36d9a135ab6,0,10339736.333333334,4841.0,281,71,0,0,48,50,61,334,156,178,100,11,78,29,27,22,329,10,3,2,1,2,3,1,1,0,0,2,3,0,0,0,5,12,2,0,2,48,2,6,3,3,6,2,0,3,50,8,3,663
orjson_3_10_1,84bc32e796b42a939e575691de57c960a4d480f8,0,10098527.333333334,4375.0,170,40,1,1,28,32,34,399,213,186,105,8,81,27,24,30,410,8,2,2,2,4,8,0,1,0,0,2,4,2,1,0,5,4,3,1,3,27,3,5,2,2,5,1,0,5,30,5,4,809
orjson_3_10_2,84bc32e796b42a939e575691de57c960a4d480f8,0,10169263.333333334,4375.0,170,40,1,1,28,32,34,399,213,186,105,8,81,27,24,30,410,8,2,2,2,4,8,0,1,0,0,2,4,2,1,0,5,4,3,1,3,27,3,5,2,2,5,1,0,5,30,5,4,809
orjson_3_10_3,84bc32e796b42a939e575691de57c960a4d480f8,0,10152125.0,4375.0,170,40,1,1,28,32,34,399,213,186,105,8,81,27,24,30,410,8,2,2,2,4,8,0,1,0,0,2,4,2,1,0,5,4,3,1,3,27,3,5,2,2,5,1,0,5,30,5,4,809
orjson_3_10_4,84bc32e796b42a939e575691de57c960a4d480f8,0,10030625.0,4375.0,170,40,1,1,28,32,34,399,213,186,105,8,81,27,24,30,410,8,2,2,2,4,8,0,1,0,0,2,4,2,1,0,5,4,3,1,3,27,3,5,2,2,5,1,0,5,30,5,4,809
orjson_3_10_5,84bc32e796b42a939e575691de57c960a4d480f8,0,9956375.333333334,4375.0,170,40,1,1,28,32,34,399,213,186,105,8,81,27,24,30,410,8,2,2,2,4,8,0,1,0,0,2,4,2,1,0,5,4,3,1,3,27,3,5,2,2,5,1,0,5,30,5,4,809
orjson_3_10_6,84bc32e796b42a939e575691de57c960a4d480f8,0,10022222.333333334,4375.0,170,40,1,1,28,32,34,399,213,186,105,8,81,27,24,30,410,8,2,2,2,4,8,0,1,0,0,2,4,2,1,0,5,4,3,1,3,27,3,5,2,2,5,1,0,5,30,5,4,809
orjson_3_10_1,46ca25ce43dce12cb3ec7382721d311e2779d805,0,10358236.333333334,4710.0,250,70,1,0,39,43,52,353,177,176,93,16,83,34,21,28,350,6,1,1,0,2,0,0,0,0,0,1,2,1,1,0,7,7,3,1,3,39,3,7,7,7,7,2,0,5,42,9,2,703
orjson_3_10_2,46ca25ce43dce12cb3ec7382721d311e2779d805,0,9672916.666666666,4472.0,250,70,1,0,39,43,52,353,177,176,93,16,83,34,21,28,350,6,1,1,0,2,0,0,0,0,0,1,2,1,1,0,7,7,3,1,3,39,3,7,7,7,7,2,0,5,42,9,2,703
orjson_3_10_3,46ca25ce43dce12cb3ec7382721d311e2779d805,0,9933625.333333334,4576.0,250,70,1,0,39,43,52,353,177,176,93,16,83,34,21,28,350,6,1,1,0,2,0,0,0,0,0,1,2,1,1,0,7,7,3,1,3,39,3,7,7,7,7,2,0,5,42,9,2,703
orjson_3_10_4,46ca25ce43dce12cb3ec7382721d311e2779d805,0,9680319.666666666,4472.0,250,70,1,0,39,43,52,353,177,176,93,16,83,34,21,28,350,6,1,1,0,2,0,0,0,0,0,1,2,1,1,0,7,7,3,1,3,39,3,7,7,7,7,2,0,5,42,9,2,703
orjson_3_10_5,46ca25ce43dce12cb3ec7382721d311e2779d805,0,9774874.666666666,4559.0,250,70,1,0,39,43,52,353,177,176,93,16,83,34,21,28,350,6,1,1,0,2,0,0,0,0,0,1,2,1,1,0,7,7,3,1,3,39,3,7,7,7,7,2,0,5,42,9,2,703
orjson_3_10_6,46ca25ce43dce12cb3ec7382721d311e2779d805,0,9692208.666666666,4472.0,250,70,1,0,39,43,52,353,177,176,93,16,83,34,21,28,350,6,1,1,0,2,0,0,0,0,0,1,2,1,1,0,7,7,3,1,3,39,3,7,7,7,7,2,0,5,42,9,2,703
orjson_3_10_1,29e676e3e6d7391d246296a0c99d6ec2e1c553af,0,10262805.666666666,4747.0,294,82,1,0,48,51,58,347,196,151,71,4,80,25,27,28,319,4,2,2,1,2,1,0,1,0,0,2,5,3,2,0,10,14,2,1,2,48,2,1,2,2,1,1,0,4,50,9,5,666
orjson_3_10_2,29e676e3e6d7391d246296a0c99d6ec2e1c553af,0,9545583.333333334,4662.0,294,82,1,0,48,51,58,347,196,151,71,4,80,25,27,28,319,4,2,2,1,2,1,0,1,0,0,2,5,3,2,0,10,14,2,1,2,48,2,1,2,2,1,1,0,4,50,9,5,666
orjson_3_10_3,29e676e3e6d7391d246296a0c99d6ec2e1c553af,0,9576999.666666666,4662.0,294,82,1,0,48,51,58,347,196,151,71,4,80,25,27,28,319,4,2,2,1,2,1,0,1,0,0,2,5,3,2,0,10,14,2,1,2,48,2,1,2,2,1,1,0,4,50,9,5,666
orjson_3_10_4,29e676e3e6d7391d246296a0c99d6ec2e1c553af,0,9404222.0,4662.0,294,82,1,0,48,51,58,347,196,151,71,4,80,25,27,28,319,4,2,2,1,2,1,0,1,0,0,2,5,3,2,0,10,14,2,1,2,48,2,1,2,2,1,1,0,4,50,9,5,666
orjson_3_10_5,29e676e3e6d7391d246296a0c99d6ec2e1c553af,0,9470472.666666666,4662.0,294,82,1,0,48,51,58,347,196,151,71,4,80,25,27,28,319,4,2,2,1,2,1,0,1,0,0,2,5,3,2,0,10,14,2,1,2,48,2,1,2,2,1,1,0,4,50,9,5,666
orjson_3_10_6,29e676e3e6d7391d246296a0c99d6ec2e1c553af,0,9498736.333333334,4782.0,294,82,1,0,48,51,58,347,196,151,71,4,80,25,27,28,319,4,2,2,1,2,1,0,1,0,0,2,5,3,2,0,10,14,2,1,2,48,2,1,2,2,1,1,0,4,50,9,5,666
orjson_3_10_1,58e8ab206081ee59c33e1d0a3da98cd1c8df64de,0,10651986.0,4292.0,302,110,3,5,44,50,47,330,162,168,77,10,91,30,35,26,321,9,3,1,2,1,5,2,1,8,1,1,4,1,1,0,10,11,3,3,3,39,3,4,3,3,4,3,0,6,42,9,4,651
orjson_3_10_2,58e8ab206081ee59c33e1d0a3da98cd1c8df64de,0,10499625.0,4397.0,302,110,3,5,44,50,47,330,162,168,77,10,91,30,35,26,321,9,3,1,2,1,5,2,1,8,1,1,4,1,1,0,10,11,3,3,3,39,3,4,3,3,4,3,0,6,42,9,4,651
orjson_3_10_3,58e8ab206081ee59c33e1d0a3da98cd1c8df64de,0,10260347.333333334,4292.0,302,110,3,5,44,50,47,330,162,168,77,10,91,30,35,26,321,9,3,1,2,1,5,2,1,8,1,1,4,1,1,0,10,11,3,3,3,39,3,4,3,3,4,3,0,6,42,9,4,651
orjson_3_10_4,58e8ab206081ee59c33e1d0a3da98cd1c8df64de,0,10152666.333333334,4292.0,302,110,3,5,44,50,47,330,162,168,77,10,91,30,35,26,321,9,3,1,2,1,5,2,1,8,1,1,4,1,1,0,10,11,3,3,3,39,3,4,3,3,4,3,0,6,42,9,4,651
orjson_3_10_5,58e8ab206081ee59c33e1d0a3da98cd1c8df64de,0,10116236.0,4292.0,302,110,3,5,44,50,47,330,162,168,77,10,91,30,35,26,321,9,3,1,2,1,5,2,1,8,1,1,4,1,1,0,10,11,3,3,3,39,3,4,3,3,4,3,0,6,42,9,4,651
orjson_3_10_6,58e8ab206081ee59c33e1d0a3da98cd1c8df64de,0,10283069.666666666,4292.0,302,110,3,5,44,50,47,330,162,168,77,10,91,30,35,26,321,9,3,1,2,1,5,2,1,8,1,1,4,1,1,0,10,11,3,3,3,39,3,4,3,3,4,3,0,6,42,9,4,651
orjson_3_10_1,847163e26b2b60f281d5d4e05392bc6aaa47440f,0,10651388.333333334,4292.0,302,110,3,5,44,50,47,330,162,168,77,10,91,30,35,26,321,9,3,1,2,1,5,2,1,8,1,1,4,1,1,0,10,11,3,3,3,39,3,4,3,3,4,3,0,6,42,9,4,651
orjson_3_10_2,847163e26b2b60f281d5d4e05392bc6aaa47440f,0,10495180.666666666,4397.0,302,110,3,5,44,50,47,330,162,168,77,10,91,30,35,26,321,9,3,1,2,1,5,2,1,8,1,1,4,1,1,0,10,11,3,3,3,39,3,4,3,3,4,3,0,6,42,9,4,651
orjson_3_10_3,847163e26b2b60f281d5d4e05392bc6aaa47440f,0,10194472.333333334,4292.0,302,110,3,5,44,50,47,330,162,168,77,10,91,30,35,26,321,9,3,1,2,1,5,2,1,8,1,1,4,1,1,0,10,11,3,3,3,39,3,4,3,3,4,3,0,6,42,9,4,651
orjson_3_10_4,847163e26b2b60f281d5d4e05392bc6aaa47440f,0,10171666.666666666,4292.0,302,110,3,5,44,50,47,330,162,168,77,10,91,30,35,26,321,9,3,1,2,1,5,2,1,8,1,1,4,1,1,0,10,11,3,3,3,39,3,4,3,3,4,3,0,6,42,9,4,651
orjson_3_10_5,847163e26b2b60f281d5d4e05392bc6aaa47440f,0,10186597.666666666,4292.0,302,110,3,5,44,50,47,330,162,168,77,10,91,30,35,26,321,9,3,1,2,1,5,2,1,8,1,1,4,1,1,0,10,11,3,3,3,39,3,4,3,3,4,3,0,6,42,9,4,651
orjson_3_10_6,847163e26b2b60f281d5d4e05392bc6aaa47440f,0,10223944.333333334,4292.0,302,110,3,5,44,50,47,330,162,168,77,10,91,30,35,26,321,9,3,1,2,1,5,2,1,8,1,1,4,1,1,0,10,11,3,3,3,39,3,4,3,3,4,3,0,6,42,9,4,651
orjson_3_10_1,a1c8e17ad21f06e4bb37f1376d0e33f10f0f1dab,0,9630027.666666666,4546.0,158,40,0,0,26,28,32,425,216,209,97,12,112,35,34,43,389,9,0,0,0,0,0,0,0,0,0,0,0,0,0,0,5,5,2,0,2,26,2,5,5,5,5,2,0,3,28,4,0,814
orjson_3_10_2,a1c8e17ad21f06e4bb37f1376d0e33f10f0f1dab,0,9606541.333333334,4632.0,158,40,0,0,26,28,32,425,216,209,97,12,112,35,34,43,389,9,0,0,0,0,0,0,0,0,0,0,0,0,0,0,5,5,2,0,2,26,2,5,5,5,5,2,0,3,28,4,0,814
orjson_3_10_3,a1c8e17ad21f06e4bb37f1376d0e33f10f0f1dab,0,9445041.666666666,4546.0,158,40,0,0,26,28,32,425,216,209,97,12,112,35,34,43,389,9,0,0,0,0,0,0,0,0,0,0,0,0,0,0,5,5,2,0,2,26,2,5,5,5,5,2,0,3,28,4,0,814
orjson_3_10_4,a1c8e17ad21f06e4bb37f1376d0e33f10f0f1dab,0,9179176.75,4546.0,158,40,0,0,26,28,32,425,216,209,97,12,112,35,34,43,389,9,0,0,0,0,0,0,0,0,0,0,0,0,0,0,5,5,2,0,2,26,2,5,5,5,5,2,0,3,28,4,0,814
orjson_3_10_5,a1c8e17ad21f06e4bb37f1376d0e33f10f0f1dab,0,9293472.0,4546.0,158,40,0,0,26,28,32,425,216,209,97,12,112,35,34,43,389,9,0,0,0,0,0,0,0,0,0,0,0,0,0,0,5,5,2,0,2,26,2,5,5,5,5,2,0,3,28,4,0,814
orjson_3_10_6,a1c8e17ad21f06e4bb37f1376d0e33f10f0f1dab,0,9563861.0,4657.0,158,40,0,0,26,28,32,425,216,209,97,12,112,35,34,43,389,9,0,0,0,0,0,0,0,0,0,0,0,0,0,0,5,5,2,0,2,26,2,5,5,5,5,2,0,3,28,4,0,814
orjson_3_10_1,26f832187640a290f41ad7779ea49529447919f2,0,10155569.333333334,4747.0,294,82,1,0,48,51,58,347,196,151,71,4,80,25,27,28,319,4,2,2,1,2,1,0,1,0,0,2,5,3,2,0,10,14,2,1,2,48,2,1,2,2,1,1,0,4,50,9,5,666
orjson_3_10_2,26f832187640a290f41ad7779ea49529447919f2,0,9553375.0,4662.0,294,82,1,0,48,51,58,347,196,151,71,4,80,25,27,28,319,4,2,2,1,2,1,0,1,0,0,2,5,3,2,0,10,14,2,1,2,48,2,1,2,2,1,1,0,4,50,9,5,666
orjson_3_10_3,26f832187640a290f41ad7779ea49529447919f2,0,9592486.0,4662.0,294,82,1,0,48,51,58,347,196,151,71,4,80,25,27,28,319,4,2,2,1,2,1,0,1,0,0,2,5,3,2,0,10,14,2,1,2,48,2,1,2,2,1,1,0,4,50,9,5,666
orjson_3_10_4,26f832187640a290f41ad7779ea49529447919f2,0,9321555.666666666,4662.0,294,82,1,0,48,51,58,347,196,151,71,4,80,25,27,28,319,4,2,2,1,2,1,0,1,0,0,2,5,3,2,0,10,14,2,1,2,48,2,1,2,2,1,1,0,4,50,9,5,666
orjson_3_10_5,26f832187640a290f41ad7779ea49529447919f2,0,9449180.333333334,4662.0,294,82,1,0,48,51,58,347,196,151,71,4,80,25,27,28,319,4,2,2,1,2,1,0,1,0,0,2,5,3,2,0,10,14,2,1,2,48,2,1,2,2,1,1,0,4,50,9,5,666
orjson_3_10_6,26f832187640a290f41ad7779ea49529447919f2,0,9694638.666666666,4782.0,294,82,1,0,48,51,58,347,196,151,71,4,80,25,27,28,319,4,2,2,1,2,1,0,1,0,0,2,5,3,2,0,10,14,2,1,2,48,2,1,2,2,1,1,0,4,50,9,5,666
orjson_3_10_1,10bf4e8b3908c77aa5193aa018eeed619611603f,0,9726597.333333334,4840.0,161,55,0,0,24,25,25,407,203,204,91,9,113,41,41,31,418,4,0,0,0,2,0,0,1,6,1,0,3,3,1,1,6,8,1,0,1,24,1,5,1,1,5,3,0,2,25,4,3,825
orjson_3_10_2,10bf4e8b3908c77aa5193aa018eeed619611603f,0,9528666.333333334,4840.0,161,55,0,0,24,25,25,407,203,204,91,9,113,41,41,31,418,4,0,0,0,2,0,0,1,6,1,0,3,3,1,1,6,8,1,0,1,24,1,5,1,1,5,3,0,2,25,4,3,825
orjson_3_10_3,10bf4e8b3908c77aa5193aa018eeed619611603f,0,9955041.333333334,4952.0,161,55,0,0,24,25,25,407,203,204,91,9,113,41,41,31,418,4,0,0,0,2,0,0,1,6,1,0,3,3,1,1,6,8,1,0,1,24,1,5,1,1,5,3,0,2,25,4,3,825
orjson_3_10_4,10bf4e8b3908c77aa5193aa018eeed619611603f,0,9623125.0,4840.0,161,55,0,0,24,25,25,407,203,204,91,9,113,41,41,31,418,4,0,0,0,2,0,0,1,6,1,0,3,3,1,1,6,8,1,0,1,24,1,5,1,1,5,3,0,2,25,4,3,825
orjson_3_10_5,10bf4e8b3908c77aa5193aa018eeed619611603f,0,9584194.333333334,4840.0,161,55,0,0,24,25,25,407,203,204,91,9,113,41,41,31,418,4,0,0,0,2,0,0,1,6,1,0,3,3,1,1,6,8,1,0,1,24,1,5,1,1,5,3,0,2,25,4,3,825
orjson_3_10_6,10bf4e8b3908c77aa5193aa018eeed619611603f,0,9720583.0,4840.0,161,55,0,0,24,25,25,407,203,204,91,9,113,41,41,31,418,4,0,0,0,2,0,0,1,6,1,0,3,3,1,1,6,8,1,0,1,24,1,5,1,1,5,3,0,2,25,4,3,825
orjson_3_10_1,4545896d6e4b20c84e67faa6a1a4b2f799a80b48,0,9328250.0,4738.0,164,57,0,0,24,25,27,419,227,192,85,12,107,34,34,39,410,5,0,0,0,1,0,0,1,1,1,0,2,2,0,1,7,4,1,0,1,24,1,0,3,3,0,9,0,2,25,5,2,829
orjson_3_10_2,4545896d6e4b20c84e67faa6a1a4b2f799a80b48,0,9123250.0,4738.0,164,57,0,0,24,25,27,419,227,192,85,12,107,34,34,39,410,5,0,0,0,1,0,0,1,1,1,0,2,2,0,1,7,4,1,0,1,24,1,0,3,3,0,9,0,2,25,5,2,829
orjson_3_10_3,4545896d6e4b20c84e67faa6a1a4b2f799a80b48,0,9149847.333333334,4738.0,164,57,0,0,24,25,27,419,227,192,85,12,107,34,34,39,410,5,0,0,0,1,0,0,1,1,1,0,2,2,0,1,7,4,1,0,1,24,1,0,3,3,0,9,0,2,25,5,2,829
orjson_3_10_4,4545896d6e4b20c84e67faa6a1a4b2f799a80b48,0,8962458.0,4738.0,164,57,0,0,24,25,27,419,227,192,85,12,107,34,34,39,410,5,0,0,0,1,0,0,1,1,1,0,2,2,0,1,7,4,1,0,1,24,1,0,3,3,0,9,0,2,25,5,2,829
orjson_3_10_5,4545896d6e4b20c84e67faa6a1a4b2f799a80b48,0,8968278.0,4738.0,164,57,0,0,24,25,27,419,227,192,85,12,107,34,34,39,410,5,0,0,0,1,0,0,1,1,1,0,2,2,0,1,7,4,1,0,1,24,1,0,3,3,0,9,0,2,25,5,2,829
orjson_3_10_6,4545896d6e4b20c84e67faa6a1a4b2f799a80b48,0,9049583.666666666,4738.0,164,57,0,0,24,25,27,419,227,192,85,12,107,34,34,39,410,5,0,0,0,1,0,0,1,1,1,0,2,2,0,1,7,4,1,0,1,24,1,0,3,3,0,9,0,2,25,5,2,829
orjson_3_10_1,3662f84095eccf9eb6377694e8061111394cfe23,0,8768930.333333334,4672.0,170,61,0,0,24,25,29,405,214,191,100,10,91,29,32,30,420,0,1,0,1,3,1,1,1,0,1,0,3,2,1,1,4,7,1,0,1,24,1,4,4,4,4,2,0,2,25,7,3,825
orjson_3_10_2,3662f84095eccf9eb6377694e8061111394cfe23,0,8318486.0,4532.0,170,61,0,0,24,25,29,405,214,191,100,10,91,29,32,30,420,0,1,0,1,3,1,1,1,0,1,0,3,2,1,1,4,7,1,0,1,24,1,4,4,4,4,2,0,2,25,7,3,825
orjson_3_10_3,3662f84095eccf9eb6377694e8061111394cfe23,0,8400847.0,4532.0,170,61,0,0,24,25,29,405,214,191,100,10,91,29,32,30,420,0,1,0,1,3,1,1,1,0,1,0,3,2,1,1,4,7,1,0,1,24,1,4,4,4,4,2,0,2,25,7,3,825
orjson_3_10_4,3662f84095eccf9eb6377694e8061111394cfe23,0,8290472.333333333,4532.0,170,61,0,0,24,25,29,405,214,191,100,10,91,29,32,30,420,0,1,0,1,3,1,1,1,0,1,0,3,2,1,1,4,7,1,0,1,24,1,4,4,4,4,2,0,2,25,7,3,825
orjson_3_10_5,3662f84095eccf9eb6377694e8061111394cfe23,0,8324486.0,4532.0,170,61,0,0,24,25,29,405,214,191,100,10,91,29,32,30,420,0,1,0,1,3,1,1,1,0,1,0,3,2,1,1,4,7,1,0,1,24,1,4,4,4,4,2,0,2,25,7,3,825
orjson_3_10_6,3662f84095eccf9eb6377694e8061111394cfe23,0,8409611.0,4532.0,170,61,0,0,24,25,29,405,214,191,100,10,91,29,32,30,420,0,1,0,1,3,1,1,1,0,1,0,3,2,1,1,4,7,1,0,1,24,1,4,4,4,4,2,0,2,25,7,3,825
orjson_3_10_1,7e5db0a8da431733ec531d8df60e730f590db09d,0,9929861.333333334,4708.0,157,50,0,0,24,25,29,420,203,217,88,13,129,49,40,40,398,3,0,0,0,1,0,0,1,0,0,0,1,1,0,0,9,3,1,0,1,24,1,3,2,2,3,8,0,2,25,5,1,818
orjson_3_10_2,7e5db0a8da431733ec531d8df60e730f590db09d,0,9759930.666666666,4708.0,157,50,0,0,24,25,29,420,203,217,88,13,129,49,40,40,398,3,0,0,0,1,0,0,1,0,0,0,1,1,0,0,9,3,1,0,1,24,1,3,2,2,3,8,0,2,25,5,1,818
orjson_3_10_3,7e5db0a8da431733ec531d8df60e730f590db09d,0,9973861.333333334,4708.0,157,50,0,0,24,25,29,420,203,217,88,13,129,49,40,40,398,3,0,0,0,1,0,0,1,0,0,0,1,1,0,0,9,3,1,0,1,24,1,3,2,2,3,8,0,2,25,5,1,818
orjson_3_10_4,7e5db0a8da431733ec531d8df60e730f590db09d,0,9657083.0,4708.0,157,50,0,0,24,25,29,420,203,217,88,13,129,49,40,40,398,3,0,0,0,1,0,0,1,0,0,0,1,1,0,0,9,3,1,0,1,24,1,3,2,2,3,8,0,2,25,5,1,818
orjson_3_10_5,7e5db0a8da431733ec531d8df60e730f590db09d,0,9742364.5,4793.0,157,50,0,0,24,25,29,420,203,217,88,13,129,49,40,40,398,3,0,0,0,1,0,0,1,0,0,0,1,1,0,0,9,3,1,0,1,24,1,3,2,2,3,8,0,2,25,5,1,818
orjson_3_10_6,7e5db0a8da431733ec531d8df60e730f590db09d,0,9806167.0,4708.0,157,50,0,0,24,25,29,420,203,217,88,13,129,49,40,40,398,3,0,0,0,1,0,0,1,0,0,0,1,1,0,0,9,3,1,0,1,24,1,3,2,2,3,8,0,2,25,5,1,818
orjson_3_10_1,13885347ff8859b56488d162ae5d3a11363e53f9,0,9849291.333333334,4492.0,160,52,0,0,24,25,28,421,201,220,112,9,108,32,39,37,400,3,1,0,1,2,1,1,1,0,0,0,2,1,1,0,6,5,1,0,1,24,1,3,2,2,3,4,0,2,25,6,2,821
orjson_3_10_2,13885347ff8859b56488d162ae5d3a11363e53f9,0,9884861.0,4492.0,160,52,0,0,24,25,28,421,201,220,112,9,108,32,39,37,400,3,1,0,1,2,1,1,1,0,0,0,2,1,1,0,6,5,1,0,1,24,1,3,2,2,3,4,0,2,25,6,2,821
orjson_3_10_3,13885347ff8859b56488d162ae5d3a11363e53f9,0,9864138.666666666,4492.0,160,52,0,0,24,25,28,421,201,220,112,9,108,32,39,37,400,3,1,0,1,2,1,1,1,0,0,0,2,1,1,0,6,5,1,0,1,24,1,3,2,2,3,4,0,2,25,6,2,821
orjson_3_10_4,13885347ff8859b56488d162ae5d3a11363e53f9,0,9580347.333333334,4492.0,160,52,0,0,24,25,28,421,201,220,112,9,108,32,39,37,400,3,1,0,1,2,1,1,1,0,0,0,2,1,1,0,6,5,1,0,1,24,1,3,2,2,3,4,0,2,25,6,2,821
orjson_3_10_5,13885347ff8859b56488d162ae5d3a11363e53f9,0,9610903.0,4492.0,160,52,0,0,24,25,28,421,201,220,112,9,108,32,39,37,400,3,1,0,1,2,1,1,1,0,0,0,2,1,1,0,6,5,1,0,1,24,1,3,2,2,3,4,0,2,25,6,2,821
orjson_3_10_6,13885347ff8859b56488d162ae5d3a11363e53f9,0,9682903.0,4492.0,160,52,0,0,24,25,28,421,201,220,112,9,108,32,39,37,400,3,1,0,1,2,1,1,1,0,0,0,2,1,1,0,6,5,1,0,1,24,1,3,2,2,3,4,0,2,25,6,2,821
orjson_3_10_1,697d94a1d78c76ddb5c0d6ce365f079ee96fe62d,0,8770069.333333334,4333.0,214,107,1,1,25,27,30,370,185,185,94,15,91,27,35,29,387,5,3,1,3,4,5,2,1,24,2,1,4,1,0,1,5,6,1,1,1,24,1,8,4,4,8,3,0,3,25,2,4,757
orjson_3_10_2,697d94a1d78c76ddb5c0d6ce365f079ee96fe62d,0,8542527.333333334,4242.0,214,107,1,1,25,27,30,370,185,185,94,15,91,27,35,29,387,5,3,1,3,4,5,2,1,24,2,1,4,1,0,1,5,6,1,1,1,24,1,8,4,4,8,3,0,3,25,2,4,757
orjson_3_10_3,697d94a1d78c76ddb5c0d6ce365f079ee96fe62d,0,8552750.0,4242.0,214,107,1,1,25,27,30,370,185,185,94,15,91,27,35,29,387,5,3,1,3,4,5,2,1,24,2,1,4,1,0,1,5,6,1,1,1,24,1,8,4,4,8,3,0,3,25,2,4,757
orjson_3_10_4,697d94a1d78c76ddb5c0d6ce365f079ee96fe62d,0,8408611.0,4242.0,214,107,1,1,25,27,30,370,185,185,94,15,91,27,35,29,387,5,3,1,3,4,5,2,1,24,2,1,4,1,0,1,5,6,1,1,1,24,1,8,4,4,8,3,0,3,25,2,4,757
orjson_3_10_5,697d94a1d78c76ddb5c0d6ce365f079ee96fe62d,0,8374416.333333333,4242.0,214,107,1,1,25,27,30,370,185,185,94,15,91,27,35,29,387,5,3,1,3,4,5,2,1,24,2,1,4,1,0,1,5,6,1,1,1,24,1,8,4,4,8,3,0,3,25,2,4,757
orjson_3_10_6,697d94a1d78c76ddb5c0d6ce365f079ee96fe62d,0,8561708.333333334,4242.0,214,107,1,1,25,27,30,370,185,185,94,15,91,27,35,29,387,5,3,1,3,4,5,2,1,24,2,1,4,1,0,1,5,6,1,1,1,24,1,8,4,4,8,3,0,3,25,2,4,757
orjson_3_10_1,d969ec848460abf0f8975761bbf9ee891d9c4dfe,0,9932166.666666666,4708.0,158,51,0,0,24,25,29,420,203,217,88,13,129,49,40,40,398,3,0,0,0,1,0,0,1,0,0,0,1,1,0,0,9,3,1,0,1,24,1,3,2,2,3,8,0,2,25,5,1,818
orjson_3_10_2,d969ec848460abf0f8975761bbf9ee891d9c4dfe,0,9859847.666666666,4708.0,158,51,0,0,24,25,29,420,203,217,88,13,129,49,40,40,398,3,0,0,0,1,0,0,1,0,0,0,1,1,0,0,9,3,1,0,1,24,1,3,2,2,3,8,0,2,25,5,1,818
orjson_3_10_3,d969ec848460abf0f8975761bbf9ee891d9c4dfe,0,9894750.0,4708.0,158,51,0,0,24,25,29,420,203,217,88,13,129,49,40,40,398,3,0,0,0,1,0,0,1,0,0,0,1,1,0,0,9,3,1,0,1,24,1,3,2,2,3,8,0,2,25,5,1,818
orjson_3_10_4,d969ec848460abf0f8975761bbf9ee891d9c4dfe,0,9794433.6,4708.0,158,51,0,0,24,25,29,420,203,217,88,13,129,49,40,40,398,3,0,0,0,1,0,0,1,0,0,0,1,1,0,0,9,3,1,0,1,24,1,3,2,2,3,8,0,2,25,5,1,818
orjson_3_10_5,d969ec848460abf0f8975761bbf9ee891d9c4dfe,0,9843847.0,4793.0,158,51,0,0,24,25,29,420,203,217,88,13,129,49,40,40,398,3,0,0,0,1,0,0,1,0,0,0,1,1,0,0,9,3,1,0,1,24,1,3,2,2,3,8,0,2,25,5,1,818
orjson_3_10_6,d969ec848460abf0f8975761bbf9ee891d9c4dfe,0,9737625.333333334,4708.0,158,51,0,0,24,25,29,420,203,217,88,13,129,49,40,40,398,3,0,0,0,1,0,0,1,0,0,0,1,1,0,0,9,3,1,0,1,24,1,3,2,2,3,8,0,2,25,5,1,818
orjson_3_10_1,7c90756472975559ef612af12dbd6f3d51c82bef,0,9323138.666666666,4738.0,158,51,0,0,24,25,27,419,227,192,85,12,107,34,34,39,410,5,0,0,0,1,0,0,1,1,1,0,2,2,0,1,7,4,1,0,1,24,1,0,3,3,0,9,0,2,25,5,2,829
orjson_3_10_2,7c90756472975559ef612af12dbd6f3d51c82bef,0,9173472.333333334,4738.0,158,51,0,0,24,25,27,419,227,192,85,12,107,34,34,39,410,5,0,0,0,1,0,0,1,1,1,0,2,2,0,1,7,4,1,0,1,24,1,0,3,3,0,9,0,2,25,5,2,829
orjson_3_10_3,7c90756472975559ef612af12dbd6f3d51c82bef,0,9137791.666666666,4738.0,158,51,0,0,24,25,27,419,227,192,85,12,107,34,34,39,410,5,0,0,0,1,0,0,1,1,1,0,2,2,0,1,7,4,1,0,1,24,1,0,3,3,0,9,0,2,25,5,2,829
orjson_3_10_4,7c90756472975559ef612af12dbd6f3d51c82bef,0,8982417.0,4738.0,158,51,0,0,24,25,27,419,227,192,85,12,107,34,34,39,410,5,0,0,0,1,0,0,1,1,1,0,2,2,0,1,7,4,1,0,1,24,1,0,3,3,0,9,0,2,25,5,2,829
orjson_3_10_5,7c90756472975559ef612af12dbd6f3d51c82bef,0,8962166.333333334,4738.0,158,51,0,0,24,25,27,419,227,192,85,12,107,34,34,39,410,5,0,0,0,1,0,0,1,1,1,0,2,2,0,1,7,4,1,0,1,24,1,0,3,3,0,9,0,2,25,5,2,829
orjson_3_10_6,7c90756472975559ef612af12dbd6f3d51c82bef,0,9082639.0,4738.0,158,51,0,0,24,25,27,419,227,192,85,12,107,34,34,39,410,5,0,0,0,1,0,0,1,1,1,0,2,2,0,1,7,4,1,0,1,24,1,0,3,3,0,9,0,2,25,5,2,829
orjson_3_10_1,1db286c08f2322f0376cad3f56885ed1af197dc1,0,9848104.0,4708.0,158,51,0,0,24,25,29,420,203,217,88,13,129,49,40,40,398,3,0,0,0,1,0,0,1,0,0,0,1,1,0,0,9,3,1,0,1,24,1,3,2,2,3,8,0,2,25,5,1,818
orjson_3_10_2,1db286c08f2322f0376cad3f56885ed1af197dc1,0,9879778.0,4708.0,158,51,0,0,24,25,29,420,203,217,88,13,129,49,40,40,398,3,0,0,0,1,0,0,1,0,0,0,1,1,0,0,9,3,1,0,1,24,1,3,2,2,3,8,0,2,25,5,1,818
orjson_3_10_3,1db286c08f2322f0376cad3f56885ed1af197dc1,0,9883458.666666666,4708.0,158,51,0,0,24,25,29,420,203,217,88,13,129,49,40,40,398,3,0,0,0,1,0,0,1,0,0,0,1,1,0,0,9,3,1,0,1,24,1,3,2,2,3,8,0,2,25,5,1,818
orjson_3_10_4,1db286c08f2322f0376cad3f56885ed1af197dc1,0,9671944.0,4708.0,158,51,0,0,24,25,29,420,203,217,88,13,129,49,40,40,398,3,0,0,0,1,0,0,1,0,0,0,1,1,0,0,9,3,1,0,1,24,1,3,2,2,3,8,0,2,25,5,1,818
orjson_3_10_5,1db286c08f2322f0376cad3f56885ed1af197dc1,0,9687666.666666666,4793.0,158,51,0,0,24,25,29,420,203,217,88,13,129,49,40,40,398,3,0,0,0,1,0,0,1,0,0,0,1,1,0,0,9,3,1,0,1,24,1,3,2,2,3,8,0,2,25,5,1,818
orjson_3_10_6,1db286c08f2322f0376cad3f56885ed1af197dc1,0,9716930.333333334,4708.0,158,51,0,0,24,25,29,420,203,217,88,13,129,49,40,40,398,3,0,0,0,1,0,0,1,0,0,0,1,1,0,0,9,3,1,0,1,24,1,3,2,2,3,8,0,2,25,5,1,818
orjson_3_10_1,8cfc9baa78b0c7c716abe1bee4bbbe88f62b3c00,0,8774625.333333334,4672.0,170,61,0,0,24,25,29,405,214,191,100,10,91,29,32,30,420,0,1,0,1,3,1,1,1,0,1,0,3,2,1,1,4,7,1,0,1,24,1,4,4,4,4,2,0,2,25,7,3,825
orjson_3_10_2,8cfc9baa78b0c7c716abe1bee4bbbe88f62b3c00,0,8422902.666666666,4532.0,170,61,0,0,24,25,29,405,214,191,100,10,91,29,32,30,420,0,1,0,1,3,1,1,1,0,1,0,3,2,1,1,4,7,1,0,1,24,1,4,4,4,4,2,0,2,25,7,3,825
orjson_3_10_3,8cfc9baa78b0c7c716abe1bee4bbbe88f62b3c00,0,8322194.333333333,4532.0,170,61,0,0,24,25,29,405,214,191,100,10,91,29,32,30,420,0,1,0,1,3,1,1,1,0,1,0,3,2,1,1,4,7,1,0,1,24,1,4,4,4,4,2,0,2,25,7,3,825
orjson_3_10_4,8cfc9baa78b0c7c716abe1bee4bbbe88f62b3c00,0,8240750.0,4532.0,170,61,0,0,24,25,29,405,214,191,100,10,91,29,32,30,420,0,1,0,1,3,1,1,1,0,1,0,3,2,1,1,4,7,1,0,1,24,1,4,4,4,4,2,0,2,25,7,3,825
orjson_3_10_5,8cfc9baa78b0c7c716abe1bee4bbbe88f62b3c00,0,8349347.333333333,4532.0,170,61,0,0,24,25,29,405,214,191,100,10,91,29,32,30,420,0,1,0,1,3,1,1,1,0,1,0,3,2,1,1,4,7,1,0,1,24,1,4,4,4,4,2,0,2,25,7,3,825
orjson_3_10_6,8cfc9baa78b0c7c716abe1bee4bbbe88f62b3c00,0,8448472.0,4532.0,170,61,0,0,24,25,29,405,214,191,100,10,91,29,32,30,420,0,1,0,1,3,1,1,1,0,1,0,3,2,1,1,4,7,1,0,1,24,1,4,4,4,4,2,0,2,25,7,3,825
orjson_3_10_1,4ffc512c14dcb3c698716024d7be867747b2cc09,0,8746694.666666666,4333.0,214,107,1,1,25,27,30,370,185,185,94,15,91,27,35,29,387,5,3,1,3,4,5,2,1,24,2,1,4,1,0,1,5,6,1,1,1,24,1,8,4,4,8,3,0,3,25,2,4,757
orjson_3_10_2,4ffc512c14dcb3c698716024d7be867747b2cc09,0,8577625.333333334,4242.0,214,107,1,1,25,27,30,370,185,185,94,15,91,27,35,29,387,5,3,1,3,4,5,2,1,24,2,1,4,1,0,1,5,6,1,1,1,24,1,8,4,4,8,3,0,3,25,2,4,757
orjson_3_10_3,4ffc512c14dcb3c698716024d7be867747b2cc09,0,8477111.0,4242.0,214,107,1,1,25,27,30,370,185,185,94,15,91,27,35,29,387,5,3,1,3,4,5,2,1,24,2,1,4,1,0,1,5,6,1,1,1,24,1,8,4,4,8,3,0,3,25,2,4,757
orjson_3_10_4,4ffc512c14dcb3c698716024d7be867747b2cc09,0,8428861.0,4242.0,214,107,1,1,25,27,30,370,185,185,94,15,91,27,35,29,387,5,3,1,3,4,5,2,1,24,2,1,4,1,0,1,5,6,1,1,1,24,1,8,4,4,8,3,0,3,25,2,4,757
orjson_3_10_5,4ffc512c14dcb3c698716024d7be867747b2cc09,0,8451736.333333334,4242.0,214,107,1,1,25,27,30,370,185,185,94,15,91,27,35,29,387,5,3,1,3,4,5,2,1,24,2,1,4,1,0,1,5,6,1,1,1,24,1,8,4,4,8,3,0,3,25,2,4,757
orjson_3_10_6,4ffc512c14dcb3c698716024d7be867747b2cc09,0,8492229.25,4242.0,214,107,1,1,25,27,30,370,185,185,94,15,91,27,35,29,387,5,3,1,3,4,5,2,1,24,2,1,4,1,0,1,5,6,1,1,1,24,1,8,4,4,8,3,0,3,25,2,4,757
orjson_3_10_1,b89721121224a51bf2398725b8eb0cd6507d0803,0,9308486.333333334,4738.0,163,56,0,0,24,25,27,419,227,192,85,12,107,34,34,39,410,5,0,0,0,1,0,0,1,1,1,0,2,2,0,1,7,4,1,0,1,24,1,0,3,3,0,9,0,2,25,5,2,829
orjson_3_10_2,b89721121224a51bf2398725b8eb0cd6507d0803,0,9266847.0,4738.0,163,56,0,0,24,25,27,419,227,192,85,12,107,34,34,39,410,5,0,0,0,1,0,0,1,1,1,0,2,2,0,1,7,4,1,0,1,24,1,0,3,3,0,9,0,2,25,5,2,829
orjson_3_10_3,b89721121224a51bf2398725b8eb0cd6507d0803,0,9219722.333333334,4738.0,163,56,0,0,24,25,27,419,227,192,85,12,107,34,34,39,410,5,0,0,0,1,0,0,1,1,1,0,2,2,0,1,7,4,1,0,1,24,1,0,3,3,0,9,0,2,25,5,2,829
orjson_3_10_4,b89721121224a51bf2398725b8eb0cd6507d0803,0,9000403.0,4738.0,163,56,0,0,24,25,27,419,227,192,85,12,107,34,34,39,410,5,0,0,0,1,0,0,1,1,1,0,2,2,0,1,7,4,1,0,1,24,1,0,3,3,0,9,0,2,25,5,2,829
orjson_3_10_5,b89721121224a51bf2398725b8eb0cd6507d0803,0,8997291.666666666,4738.0,163,56,0,0,24,25,27,419,227,192,85,12,107,34,34,39,410,5,0,0,0,1,0,0,1,1,1,0,2,2,0,1,7,4,1,0,1,24,1,0,3,3,0,9,0,2,25,5,2,829
orjson_3_10_6,b89721121224a51bf2398725b8eb0cd6507d0803,0,9067972.0,4738.0,163,56,0,0,24,25,27,419,227,192,85,12,107,34,34,39,410,5,0,0,0,1,0,0,1,1,1,0,2,2,0,1,7,4,1,0,1,24,1,0,3,3,0,9,0,2,25,5,2,829
orjson_3_10_1,3c5f997cca0a5a39f579e2605a697fbc93a82074,0,9343417.0,4738.0,163,56,0,0,24,25,27,419,227,192,86,12,106,34,33,39,410,5,0,0,0,1,0,0,1,1,1,0,2,2,0,1,7,4,1,0,1,24,1,0,3,3,0,9,0,2,25,5,2,829
orjson_3_10_2,3c5f997cca0a5a39f579e2605a697fbc93a82074,0,9142875.0,4738.0,163,56,0,0,24,25,27,419,227,192,86,12,106,34,33,39,410,5,0,0,0,1,0,0,1,1,1,0,2,2,0,1,7,4,1,0,1,24,1,0,3,3,0,9,0,2,25,5,2,829
orjson_3_10_3,3c5f997cca0a5a39f579e2605a697fbc93a82074,0,9112486.0,4738.0,163,56,0,0,24,25,27,419,227,192,86,12,106,34,33,39,410,5,0,0,0,1,0,0,1,1,1,0,2,2,0,1,7,4,1,0,1,24,1,0,3,3,0,9,0,2,25,5,2,829
orjson_3_10_4,3c5f997cca0a5a39f579e2605a697fbc93a82074,0,8998056.0,4738.0,163,56,0,0,24,25,27,419,227,192,86,12,106,34,33,39,410,5,0,0,0,1,0,0,1,1,1,0,2,2,0,1,7,4,1,0,1,24,1,0,3,3,0,9,0,2,25,5,2,829
orjson_3_10_5,3c5f997cca0a5a39f579e2605a697fbc93a82074,0,8926541.666666666,4738.0,163,56,0,0,24,25,27,419,227,192,86,12,106,34,33,39,410,5,0,0,0,1,0,0,1,1,1,0,2,2,0,1,7,4,1,0,1,24,1,0,3,3,0,9,0,2,25,5,2,829
orjson_3_10_6,3c5f997cca0a5a39f579e2605a697fbc93a82074,0,8943861.0,4738.0,163,56,0,0,24,25,27,419,227,192,86,12,106,34,33,39,410,5,0,0,0,1,0,0,1,1,1,0,2,2,0,1,7,4,1,0,1,24,1,0,3,3,0,9,0,2,25,5,2,829
orjson_3_10_1,1a3e115a04359cb298aad5c8cb53df108e0b6408,0,8683138.666666666,4333.0,211,104,1,1,25,27,30,370,185,185,94,15,91,27,35,29,387,5,3,1,3,4,5,2,1,24,2,1,4,1,0,1,5,6,1,1,1,24,1,8,4,4,8,3,0,3,25,2,4,757
orjson_3_10_2,1a3e115a04359cb298aad5c8cb53df108e0b6408,0,8395597.0,4242.0,211,104,1,1,25,27,30,370,185,185,94,15,91,27,35,29,387,5,3,1,3,4,5,2,1,24,2,1,4,1,0,1,5,6,1,1,1,24,1,8,4,4,8,3,0,3,25,2,4,757
orjson_3_10_3,1a3e115a04359cb298aad5c8cb53df108e0b6408,0,8599041.666666666,4242.0,211,104,1,1,25,27,30,370,185,185,94,15,91,27,35,29,387,5,3,1,3,4,5,2,1,24,2,1,4,1,0,1,5,6,1,1,1,24,1,8,4,4,8,3,0,3,25,2,4,757
orjson_3_10_4,1a3e115a04359cb298aad5c8cb53df108e0b6408,0,8331194.666666667,4242.0,211,104,1,1,25,27,30,370,185,185,94,15,91,27,35,29,387,5,3,1,3,4,5,2,1,24,2,1,4,1,0,1,5,6,1,1,1,24,1,8,4,4,8,3,0,3,25,2,4,757
orjson_3_10_5,1a3e115a04359cb298aad5c8cb53df108e0b6408,0,8354014.0,4242.0,211,104,1,1,25,27,30,370,185,185,94,15,91,27,35,29,387,5,3,1,3,4,5,2,1,24,2,1,4,1,0,1,5,6,1,1,1,24,1,8,4,4,8,3,0,3,25,2,4,757
orjson_3_10_6,1a3e115a04359cb298aad5c8cb53df108e0b6408,0,8307124.666666667,4242.0,211,104,1,1,25,27,30,370,185,185,94,15,91,27,35,29,387,5,3,1,3,4,5,2,1,24,2,1,4,1,0,1,5,6,1,1,1,24,1,8,4,4,8,3,0,3,25,2,4,757
orjson_3_10_1,02659574878b3b07511d9fe8c1fe5978f8fa8c03,0,9218500.0,4448.0,181,75,0,0,24,25,31,390,191,199,97,7,102,38,29,35,427,6,2,0,2,1,2,2,2,0,0,0,2,0,0,0,3,4,1,0,1,24,1,3,2,2,3,2,0,2,25,4,2,817
orjson_3_10_2,02659574878b3b07511d9fe8c1fe5978f8fa8c03,0,8937083.333333334,4448.0,181,75,0,0,24,25,31,390,191,199,97,7,102,38,29,35,427,6,2,0,2,1,2,2,2,0,0,0,2,0,0,0,3,4,1,0,1,24,1,3,2,2,3,2,0,2,25,4,2,817
orjson_3_10_3,02659574878b3b07511d9fe8c1fe5978f8fa8c03,0,8896639.0,4448.0,181,75,0,0,24,25,31,390,191,199,97,7,102,38,29,35,427,6,2,0,2,1,2,2,2,0,0,0,2,0,0,0,3,4,1,0,1,24,1,3,2,2,3,2,0,2,25,4,2,817
orjson_3_10_4,02659574878b3b07511d9fe8c1fe5978f8fa8c03,0,8914138.666666666,4448.0,181,75,0,0,24,25,31,390,191,199,97,7,102,38,29,35,427,6,2,0,2,1,2,2,2,0,0,0,2,0,0,0,3,4,1,0,1,24,1,3,2,2,3,2,0,2,25,4,2,817
orjson_3_10_5,02659574878b3b07511d9fe8c1fe5978f8fa8c03,0,8893541.666666666,4448.0,181,75,0,0,24,25,31,390,191,199,97,7,102,38,29,35,427,6,2,0,2,1,2,2,2,0,0,0,2,0,0,0,3,4,1,0,1,24,1,3,2,2,3,2,0,2,25,4,2,817
orjson_3_10_6,02659574878b3b07511d9fe8c1fe5978f8fa8c03,0,8949916.75,4448.0,181,75,0,0,24,25,31,390,191,199,97,7,102,38,29,35,427,6,2,0,2,1,2,2,2,0,0,0,2,0,0,0,3,4,1,0,1,24,1,3,2,2,3,2,0,2,25,4,2,817
orjson_3_10_1,c22abf220189ba2001bf2b073f7b6f6d95e340bf,0,9054875.0,4606.0,206,69,1,14,38,40,29,383,204,179,93,10,86,32,28,26,381,9,4,1,3,2,6,3,2,13,2,1,5,1,0,0,8,8,1,1,1,24,1,1,4,4,1,5,0,3,25,6,5,764
orjson_3_10_2,c22abf220189ba2001bf2b073f7b6f6d95e340bf,0,8671027.666666666,4494.0,206,69,1,14,38,40,29,383,204,179,93,10,86,32,28,26,381,9,4,1,3,2,6,3,2,13,2,1,5,1,0,0,8,8,1,1,1,24,1,1,4,4,1,5,0,3,25,6,5,764
orjson_3_10_3,c22abf220189ba2001bf2b073f7b6f6d95e340bf,0,8736083.0,4494.0,206,69,1,14,38,40,29,383,204,179,93,10,86,32,28,26,381,9,4,1,3,2,6,3,2,13,2,1,5,1,0,0,8,8,1,1,1,24,1,1,4,4,1,5,0,3,25,6,5,764
orjson_3_10_4,c22abf220189ba2001bf2b073f7b6f6d95e340bf,0,8502069.0,4494.0,206,69,1,14,38,40,29,383,204,179,93,10,86,32,28,26,381,9,4,1,3,2,6,3,2,13,2,1,5,1,0,0,8,8,1,1,1,24,1,1,4,4,1,5,0,3,25,6,5,764
orjson_3_10_5,c22abf220189ba2001bf2b073f7b6f6d95e340bf,0,8543527.666666666,4494.0,206,69,1,14,38,40,29,383,204,179,93,10,86,32,28,26,381,9,4,1,3,2,6,3,2,13,2,1,5,1,0,0,8,8,1,1,1,24,1,1,4,4,1,5,0,3,25,6,5,764
orjson_3_10_6,c22abf220189ba2001bf2b073f7b6f6d95e340bf,0,8703263.666666666,4494.0,206,69,1,14,38,40,29,383,204,179,93,10,86,32,28,26,381,9,4,1,3,2,6,3,2,13,2,1,5,1,0,0,8,8,1,1,1,24,1,1,4,4,1,5,0,3,25,6,5,764
orjson_3_10_1,4978492e57079e826f32cdcb44daef6e4695e70a,0,10048055.333333334,5092.0,269,62,1,0,48,51,59,340,183,157,79,7,78,23,29,26,356,17,0,0,0,0,0,0,2,0,0,0,2,2,0,0,12,6,2,1,2,48,2,0,3,3,0,4,0,3,50,4,2,696
orjson_3_10_2,4978492e57079e826f32cdcb44daef6e4695e70a,0,9632750.333333334,5180.0,269,62,1,0,48,51,59,340,183,157,79,7,78,23,29,26,356,17,0,0,0,0,0,0,2,0,0,0,2,2,0,0,12,6,2,1,2,48,2,0,3,3,0,4,0,3,50,4,2,696
orjson_3_10_3,4978492e57079e826f32cdcb44daef6e4695e70a,0,9442013.666666666,5092.0,269,62,1,0,48,51,59,340,183,157,79,7,78,23,29,26,356,17,0,0,0,0,0,0,2,0,0,0,2,2,0,0,12,6,2,1,2,48,2,0,3,3,0,4,0,3,50,4,2,696
orjson_3_10_4,4978492e57079e826f32cdcb44daef6e4695e70a,0,9270000.0,5092.0,269,62,1,0,48,51,59,340,183,157,79,7,78,23,29,26,356,17,0,0,0,0,0,0,2,0,0,0,2,2,0,0,12,6,2,1,2,48,2,0,3,3,0,4,0,3,50,4,2,696
orjson_3_10_5,4978492e57079e826f32cdcb44daef6e4695e70a,0,9501277.666666666,5198.0,269,62,1,0,48,51,59,340,183,157,79,7,78,23,29,26,356,17,0,0,0,0,0,0,2,0,0,0,2,2,0,0,12,6,2,1,2,48,2,0,3,3,0,4,0,3,50,4,2,696
orjson_3_10_6,4978492e57079e826f32cdcb44daef6e4695e70a,0,9495264.0,5092.0,269,62,1,0,48,51,59,340,183,157,79,7,78,23,29,26,356,17,0,0,0,0,0,0,2,0,0,0,2,2,0,0,12,6,2,1,2,48,2,0,3,3,0,4,0,3,50,4,2,696
orjson_3_10_1,99fcbd0e1f6ea6ddf8901bce701e815d4094b9b4,0,8203833.5,4048.0,166,61,0,0,24,25,28,411,213,198,107,10,91,30,31,30,418,3,1,1,0,0,0,0,1,0,0,1,3,2,1,0,8,5,1,0,1,24,1,4,4,4,4,2,0,2,25,3,3,829
orjson_3_10_2,99fcbd0e1f6ea6ddf8901bce701e815d4094b9b4,0,8106819.333333333,4048.0,166,61,0,0,24,25,28,411,213,198,107,10,91,30,31,30,418,3,1,1,0,0,0,0,1,0,0,1,3,2,1,0,8,5,1,0,1,24,1,4,4,4,4,2,0,2,25,3,3,829
orjson_3_10_3,99fcbd0e1f6ea6ddf8901bce701e815d4094b9b4,0,8049416.666666667,4048.0,166,61,0,0,24,25,28,411,213,198,107,10,91,30,31,30,418,3,1,1,0,0,0,0,1,0,0,1,3,2,1,0,8,5,1,0,1,24,1,4,4,4,4,2,0,2,25,3,3,829
orjson_3_10_4,99fcbd0e1f6ea6ddf8901bce701e815d4094b9b4,0,7949278.0,4048.0,166,61,0,0,24,25,28,411,213,198,107,10,91,30,31,30,418,3,1,1,0,0,0,0,1,0,0,1,3,2,1,0,8,5,1,0,1,24,1,4,4,4,4,2,0,2,25,3,3,829
orjson_3_10_5,99fcbd0e1f6ea6ddf8901bce701e815d4094b9b4,0,7915402.666666667,4048.0,166,61,0,0,24,25,28,411,213,198,107,10,91,30,31,30,418,3,1,1,0,0,0,0,1,0,0,1,3,2,1,0,8,5,1,0,1,24,1,4,4,4,4,2,0,2,25,3,3,829
orjson_3_10_6,99fcbd0e1f6ea6ddf8901bce701e815d4094b9b4,0,7988180.333333333,4048.0,166,61,0,0,24,25,28,411,213,198,107,10,91,30,31,30,418,3,1,1,0,0,0,0,1,0,0,1,3,2,1,0,8,5,1,0,1,24,1,4,4,4,4,2,0,2,25,3,3,829
orjson_3_10_1,b64f35533e70ccf41d3fa60a110b95f9cf328f11,0,9159792.0,4448.0,180,74,0,0,24,25,31,390,191,199,97,7,102,38,29,35,427,6,2,0,2,1,2,2,2,0,0,0,2,0,0,0,3,4,1,0,1,24,1,3,2,2,3,2,0,2,25,4,2,817
orjson_3_10_2,b64f35533e70ccf41d3fa60a110b95f9cf328f11,0,8859353.75,4448.0,180,74,0,0,24,25,31,390,191,199,97,7,102,38,29,35,427,6,2,0,2,1,2,2,2,0,0,0,2,0,0,0,3,4,1,0,1,24,1,3,2,2,3,2,0,2,25,4,2,817
orjson_3_10_3,b64f35533e70ccf41d3fa60a110b95f9cf328f11,0,8934013.666666666,4448.0,180,74,0,0,24,25,31,390,191,199,97,7,102,38,29,35,427,6,2,0,2,1,2,2,2,0,0,0,2,0,0,0,3,4,1,0,1,24,1,3,2,2,3,2,0,2,25,4,2,817
orjson_3_10_4,b64f35533e70ccf41d3fa60a110b95f9cf328f11,0,8855777.333333334,4448.0,180,74,0,0,24,25,31,390,191,199,97,7,102,38,29,35,427,6,2,0,2,1,2,2,2,0,0,0,2,0,0,0,3,4,1,0,1,24,1,3,2,2,3,2,0,2,25,4,2,817
orjson_3_10_5,b64f35533e70ccf41d3fa60a110b95f9cf328f11,0,8855972.333333334,4448.0,180,74,0,0,24,25,31,390,191,199,97,7,102,38,29,35,427,6,2,0,2,1,2,2,2,0,0,0,2,0,0,0,3,4,1,0,1,24,1,3,2,2,3,2,0,2,25,4,2,817
orjson_3_10_6,b64f35533e70ccf41d3fa60a110b95f9cf328f11,0,8968264.333333334,4448.0,180,74,0,0,24,25,31,390,191,199,97,7,102,38,29,35,427,6,2,0,2,1,2,2,2,0,0,0,2,0,0,0,3,4,1,0,1,24,1,3,2,2,3,2,0,2,25,4,2,817
orjson_3_10_1,926b0fd71fd6239e8e0696c8be11380de3e95239,0,9888444.333333334,5092.0,270,63,1,0,48,51,59,340,183,157,79,7,78,23,29,26,356,17,0,0,0,0,0,0,2,0,0,0,2,2,0,0,12,6,2,1,2,48,2,0,3,3,0,4,0,3,50,4,2,696
orjson_3_10_2,926b0fd71fd6239e8e0696c8be11380de3e95239,0,9538375.0,5180.0,270,63,1,0,48,51,59,340,183,157,79,7,78,23,29,26,356,17,0,0,0,0,0,0,2,0,0,0,2,2,0,0,12,6,2,1,2,48,2,0,3,3,0,4,0,3,50,4,2,696
orjson_3_10_3,926b0fd71fd6239e8e0696c8be11380de3e95239,0,9475902.666666666,5092.0,270,63,1,0,48,51,59,340,183,157,79,7,78,23,29,26,356,17,0,0,0,0,0,0,2,0,0,0,2,2,0,0,12,6,2,1,2,48,2,0,3,3,0,4,0,3,50,4,2,696
orjson_3_10_4,926b0fd71fd6239e8e0696c8be11380de3e95239,0,9431791.833333334,5092.0,270,63,1,0,48,51,59,340,183,157,79,7,78,23,29,26,356,17,0,0,0,0,0,0,2,0,0,0,2,2,0,0,12,6,2,1,2,48,2,0,3,3,0,4,0,3,50,4,2,696
orjson_3_10_5,926b0fd71fd6239e8e0696c8be11380de3e95239,0,9625083.0,5198.0,270,63,1,0,48,51,59,340,183,157,79,7,78,23,29,26,356,17,0,0,0,0,0,0,2,0,0,0,2,2,0,0,12,6,2,1,2,48,2,0,3,3,0,4,0,3,50,4,2,696
orjson_3_10_6,926b0fd71fd6239e8e0696c8be11380de3e95239,0,9483486.333333334,5092.0,270,63,1,0,48,51,59,340,183,157,79,7,78,23,29,26,356,17,0,0,0,0,0,0,2,0,0,0,2,2,0,0,12,6,2,1,2,48,2,0,3,3,0,4,0,3,50,4,2,696
orjson_3_10_1,3b6a6254a8867acd7ec43139d26aff4ba3439dd3,0,10029250.0,5092.0,269,62,1,0,48,51,59,340,183,157,79,7,78,23,29,26,356,17,0,0,0,0,0,0,2,0,0,0,2,2,0,0,12,6,2,1,2,48,2,0,3,3,0,4,0,3,50,4,2,696
orjson_3_10_2,3b6a6254a8867acd7ec43139d26aff4ba3439dd3,0,9628639.0,5180.0,269,62,1,0,48,51,59,340,183,157,79,7,78,23,29,26,356,17,0,0,0,0,0,0,2,0,0,0,2,2,0,0,12,6,2,1,2,48,2,0,3,3,0,4,0,3,50,4,2,696
orjson_3_10_3,3b6a6254a8867acd7ec43139d26aff4ba3439dd3,0,9495930.666666666,5092.0,269,62,1,0,48,51,59,340,183,157,79,7,78,23,29,26,356,17,0,0,0,0,0,0,2,0,0,0,2,2,0,0,12,6,2,1,2,48,2,0,3,3,0,4,0,3,50,4,2,696
orjson_3_10_4,3b6a6254a8867acd7ec43139d26aff4ba3439dd3,0,9250597.333333334,5092.0,269,62,1,0,48,51,59,340,183,157,79,7,78,23,29,26,356,17,0,0,0,0,0,0,2,0,0,0,2,2,0,0,12,6,2,1,2,48,2,0,3,3,0,4,0,3,50,4,2,696
orjson_3_10_5,3b6a6254a8867acd7ec43139d26aff4ba3439dd3,0,9528208.666666666,5198.0,269,62,1,0,48,51,59,340,183,157,79,7,78,23,29,26,356,17,0,0,0,0,0,0,2,0,0,0,2,2,0,0,12,6,2,1,2,48,2,0,3,3,0,4,0,3,50,4,2,696
orjson_3_10_6,3b6a6254a8867acd7ec43139d26aff4ba3439dd3,0,9500000.0,5092.0,269,62,1,0,48,51,59,340,183,157,79,7,78,23,29,26,356,17,0,0,0,0,0,0,2,0,0,0,2,2,0,0,12,6,2,1,2,48,2,0,3,3,0,4,0,3,50,4,2,696
orjson_3_10_1,457ea6dd9468268ab671cbd9fe59a4aa750e8909,0,9047152.666666666,4606.0,206,69,1,14,38,40,29,383,204,179,93,10,86,32,28,26,381,9,4,1,3,2,6,3,2,13,2,1,5,1,0,0,8,8,1,1,1,24,1,1,4,4,1,5,0,3,25,6,5,764
orjson_3_10_2,457ea6dd9468268ab671cbd9fe59a4aa750e8909,0,8807986.333333334,4494.0,206,69,1,14,38,40,29,383,204,179,93,10,86,32,28,26,381,9,4,1,3,2,6,3,2,13,2,1,5,1,0,0,8,8,1,1,1,24,1,1,4,4,1,5,0,3,25,6,5,764
orjson_3_10_3,457ea6dd9468268ab671cbd9fe59a4aa750e8909,0,8690902.666666666,4494.0,206,69,1,14,38,40,29,383,204,179,93,10,86,32,28,26,381,9,4,1,3,2,6,3,2,13,2,1,5,1,0,0,8,8,1,1,1,24,1,1,4,4,1,5,0,3,25,6,5,764
orjson_3_10_4,457ea6dd9468268ab671cbd9fe59a4aa750e8909,0,8693527.666666666,4494.0,206,69,1,14,38,40,29,383,204,179,93,10,86,32,28,26,381,9,4,1,3,2,6,3,2,13,2,1,5,1,0,0,8,8,1,1,1,24,1,1,4,4,1,5,0,3,25,6,5,764
orjson_3_10_5,457ea6dd9468268ab671cbd9fe59a4aa750e8909,0,8561014.333333334,4494.0,206,69,1,14,38,40,29,383,204,179,93,10,86,32,28,26,381,9,4,1,3,2,6,3,2,13,2,1,5,1,0,0,8,8,1,1,1,24,1,1,4,4,1,5,0,3,25,6,5,764
orjson_3_10_6,457ea6dd9468268ab671cbd9fe59a4aa750e8909,0,8647986.0,4494.0,206,69,1,14,38,40,29,383,204,179,93,10,86,32,28,26,381,9,4,1,3,2,6,3,2,13,2,1,5,1,0,0,8,8,1,1,1,24,1,1,4,4,1,5,0,3,25,6,5,764
orjson_3_10_1,d7720e49ddc5a6eee7782febab54bc65f2bd57f8,0,9174958.0,4448.0,181,75,0,0,24,25,31,390,191,199,97,7,102,38,29,35,427,6,2,0,2,1,2,2,2,0,0,0,2,0,0,0,3,4,1,0,1,24,1,3,2,2,3,2,0,2,25,4,2,817
orjson_3_10_2,d7720e49ddc5a6eee7782febab54bc65f2bd57f8,0,8933305.333333334,4448.0,181,75,0,0,24,25,31,390,191,199,97,7,102,38,29,35,427,6,2,0,2,1,2,2,2,0,0,0,2,0,0,0,3,4,1,0,1,24,1,3,2,2,3,2,0,2,25,4,2,817
orjson_3_10_3,d7720e49ddc5a6eee7782febab54bc65f2bd57f8,0,8820403.0,4448.0,181,75,0,0,24,25,31,390,191,199,97,7,102,38,29,35,427,6,2,0,2,1,2,2,2,0,0,0,2,0,0,0,3,4,1,0,1,24,1,3,2,2,3,2,0,2,25,4,2,817
orjson_3_10_4,d7720e49ddc5a6eee7782febab54bc65f2bd57f8,0,8693860.666666666,4448.0,181,75,0,0,24,25,31,390,191,199,97,7,102,38,29,35,427,6,2,0,2,1,2,2,2,0,0,0,2,0,0,0,3,4,1,0,1,24,1,3,2,2,3,2,0,2,25,4,2,817
orjson_3_10_5,d7720e49ddc5a6eee7782febab54bc65f2bd57f8,0,8853014.0,4448.0,181,75,0,0,24,25,31,390,191,199,97,7,102,38,29,35,427,6,2,0,2,1,2,2,2,0,0,0,2,0,0,0,3,4,1,0,1,24,1,3,2,2,3,2,0,2,25,4,2,817
orjson_3_10_6,d7720e49ddc5a6eee7782febab54bc65f2bd57f8,0,8963805.666666666,4448.0,181,75,0,0,24,25,31,390,191,199,97,7,102,38,29,35,427,6,2,0,2,1,2,2,2,0,0,0,2,0,0,0,3,4,1,0,1,24,1,3,2,2,3,2,0,2,25,4,2,817
orjson_3_10_1,8cc312b9f2f43eb11ba192af00a47892b4367416,0,8201778.0,4048.0,166,61,0,0,24,25,28,411,213,198,107,10,91,30,31,30,418,3,1,1,0,0,0,0,1,0,0,1,3,2,1,0,8,5,1,0,1,24,1,4,4,4,4,2,0,2,25,3,3,829
orjson_3_10_2,8cc312b9f2f43eb11ba192af00a47892b4367416,0,7974819.666666667,4048.0,166,61,0,0,24,25,28,411,213,198,107,10,91,30,31,30,418,3,1,1,0,0,0,0,1,0,0,1,3,2,1,0,8,5,1,0,1,24,1,4,4,4,4,2,0,2,25,3,3,829
orjson_3_10_3,8cc312b9f2f43eb11ba192af00a47892b4367416,0,8013500.333333333,4048.0,166,61,0,0,24,25,28,411,213,198,107,10,91,30,31,30,418,3,1,1,0,0,0,0,1,0,0,1,3,2,1,0,8,5,1,0,1,24,1,4,4,4,4,2,0,2,25,3,3,829
orjson_3_10_4,8cc312b9f2f43eb11ba192af00a47892b4367416,0,7928111.0,4048.0,166,61,0,0,24,25,28,411,213,198,107,10,91,30,31,30,418,3,1,1,0,0,0,0,1,0,0,1,3,2,1,0,8,5,1,0,1,24,1,4,4,4,4,2,0,2,25,3,3,829
orjson_3_10_5,8cc312b9f2f43eb11ba192af00a47892b4367416,0,7899694.666666667,4048.0,166,61,0,0,24,25,28,411,213,198,107,10,91,30,31,30,418,3,1,1,0,0,0,0,1,0,0,1,3,2,1,0,8,5,1,0,1,24,1,4,4,4,4,2,0,2,25,3,3,829
orjson_3_10_6,8cc312b9f2f43eb11ba192af00a47892b4367416,0,7975167.0,4048.0,166,61,0,0,24,25,28,411,213,198,107,10,91,30,31,30,418,3,1,1,0,0,0,0,1,0,0,1,3,2,1,0,8,5,1,0,1,24,1,4,4,4,4,2,0,2,25,3,3,829
orjson_3_10_1,74b1245655f337c717ff8d0bbcbb0437b740f904,0,9156027.666666666,4448.0,181,75,0,0,24,25,31,390,191,199,97,7,102,38,29,35,427,6,2,0,2,1,2,2,2,0,0,0,2,0,0,0,3,4,1,0,1,24,1,3,2,2,3,2,0,2,25,4,2,817
orjson_3_10_2,74b1245655f337c717ff8d0bbcbb0437b740f904,0,8890416.333333334,4448.0,181,75,0,0,24,25,31,390,191,199,97,7,102,38,29,35,427,6,2,0,2,1,2,2,2,0,0,0,2,0,0,0,3,4,1,0,1,24,1,3,2,2,3,2,0,2,25,4,2,817
orjson_3_10_3,74b1245655f337c717ff8d0bbcbb0437b740f904,0,8977167.0,4448.0,181,75,0,0,24,25,31,390,191,199,97,7,102,38,29,35,427,6,2,0,2,1,2,2,2,0,0,0,2,0,0,0,3,4,1,0,1,24,1,3,2,2,3,2,0,2,25,4,2,817
orjson_3_10_4,74b1245655f337c717ff8d0bbcbb0437b740f904,0,8835472.333333334,4448.0,181,75,0,0,24,25,31,390,191,199,97,7,102,38,29,35,427,6,2,0,2,1,2,2,2,0,0,0,2,0,0,0,3,4,1,0,1,24,1,3,2,2,3,2,0,2,25,4,2,817
orjson_3_10_5,74b1245655f337c717ff8d0bbcbb0437b740f904,0,8875097.666666666,4448.0,181,75,0,0,24,25,31,390,191,199,97,7,102,38,29,35,427,6,2,0,2,1,2,2,2,0,0,0,2,0,0,0,3,4,1,0,1,24,1,3,2,2,3,2,0,2,25,4,2,817
orjson_3_10_6,74b1245655f337c717ff8d0bbcbb0437b740f904,0,9011694.666666666,4448.0,181,75,0,0,24,25,31,390,191,199,97,7,102,38,29,35,427,6,2,0,2,1,2,2,2,0,0,0,2,0,0,0,3,4,1,0,1,24,1,3,2,2,3,2,0,2,25,4,2,817
orjson_3_10_1,5350486c885155ca3827a47186bb12b620d40549,0,10175653.0,5092.0,270,63,1,0,48,51,59,340,183,157,79,7,78,23,29,26,356,17,0,0,0,0,0,0,2,0,0,0,2,2,0,0,12,6,2,1,2,48,2,0,3,3,0,4,0,3,50,4,2,696
orjson_3_10_2,5350486c885155ca3827a47186bb12b620d40549,0,9593361.0,5180.0,270,63,1,0,48,51,59,340,183,157,79,7,78,23,29,26,356,17,0,0,0,0,0,0,2,0,0,0,2,2,0,0,12,6,2,1,2,48,2,0,3,3,0,4,0,3,50,4,2,696
orjson_3_10_3,5350486c885155ca3827a47186bb12b620d40549,0,9481944.333333334,5092.0,270,63,1,0,48,51,59,340,183,157,79,7,78,23,29,26,356,17,0,0,0,0,0,0,2,0,0,0,2,2,0,0,12,6,2,1,2,48,2,0,3,3,0,4,0,3,50,4,2,696
orjson_3_10_4,5350486c885155ca3827a47186bb12b620d40549,0,9307250.0,5092.0,270,63,1,0,48,51,59,340,183,157,79,7,78,23,29,26,356,17,0,0,0,0,0,0,2,0,0,0,2,2,0,0,12,6,2,1,2,48,2,0,3,3,0,4,0,3,50,4,2,696
orjson_3_10_5,5350486c885155ca3827a47186bb12b620d40549,0,9564156.25,5198.0,270,63,1,0,48,51,59,340,183,157,79,7,78,23,29,26,356,17,0,0,0,0,0,0,2,0,0,0,2,2,0,0,12,6,2,1,2,48,2,0,3,3,0,4,0,3,50,4,2,696
orjson_3_10_6,5350486c885155ca3827a47186bb12b620d40549,0,9474930.666666666,5092.0,270,63,1,0,48,51,59,340,183,157,79,7,78,23,29,26,356,17,0,0,0,0,0,0,2,0,0,0,2,2,0,0,12,6,2,1,2,48,2,0,3,3,0,4,0,3,50,4,2,696
orjson_3_10_1,36dbb75513f2f5dbaa9df0779f50c5d175715381,0,9116402.666666666,4448.0,181,75,0,0,24,25,31,390,192,198,96,7,102,38,29,35,427,6,2,0,2,1,2,2,2,0,0,0,2,0,0,0,3,4,1,0,1,24,1,3,2,2,3,2,0,2,25,4,2,817
orjson_3_10_2,36dbb75513f2f5dbaa9df0779f50c5d175715381,0,8850055.666666666,4448.0,181,75,0,0,24,25,31,390,192,198,96,7,102,38,29,35,427,6,2,0,2,1,2,2,2,0,0,0,2,0,0,0,3,4,1,0,1,24,1,3,2,2,3,2,0,2,25,4,2,817
orjson_3_10_3,36dbb75513f2f5dbaa9df0779f50c5d175715381,0,8993653.0,4448.0,181,75,0,0,24,25,31,390,192,198,96,7,102,38,29,35,427,6,2,0,2,1,2,2,2,0,0,0,2,0,0,0,3,4,1,0,1,24,1,3,2,2,3,2,0,2,25,4,2,817
orjson_3_10_4,36dbb75513f2f5dbaa9df0779f50c5d175715381,0,8836416.666666666,4448.0,181,75,0,0,24,25,31,390,192,198,96,7,102,38,29,35,427,6,2,0,2,1,2,2,2,0,0,0,2,0,0,0,3,4,1,0,1,24,1,3,2,2,3,2,0,2,25,4,2,817
orjson_3_10_5,36dbb75513f2f5dbaa9df0779f50c5d175715381,0,8847861.666666666,4448.0,181,75,0,0,24,25,31,390,192,198,96,7,102,38,29,35,427,6,2,0,2,1,2,2,2,0,0,0,2,0,0,0,3,4,1,0,1,24,1,3,2,2,3,2,0,2,25,4,2,817
orjson_3_10_6,36dbb75513f2f5dbaa9df0779f50c5d175715381,0,8956083.0,4448.0,181,75,0,0,24,25,31,390,192,198,96,7,102,38,29,35,427,6,2,0,2,1,2,2,2,0,0,0,2,0,0,0,3,4,1,0,1,24,1,3,2,2,3,2,0,2,25,4,2,817
orjson_3_10_1,fb598475696487b9e96e168a3851aec8445c3eac,0,9103708.333333334,4448.0,176,70,0,0,24,25,31,390,191,199,97,7,102,38,29,35,427,6,2,0,2,1,2,2,2,0,0,0,2,0,0,0,3,4,1,0,1,24,1,3,2,2,3,2,0,2,25,4,2,817
orjson_3_10_2,fb598475696487b9e96e168a3851aec8445c3eac,0,9040430.333333334,4448.0,176,70,0,0,24,25,31,390,191,199,97,7,102,38,29,35,427,6,2,0,2,1,2,2,2,0,0,0,2,0,0,0,3,4,1,0,1,24,1,3,2,2,3,2,0,2,25,4,2,817
orjson_3_10_3,fb598475696487b9e96e168a3851aec8445c3eac,0,8957667.0,4448.0,176,70,0,0,24,25,31,390,191,199,97,7,102,38,29,35,427,6,2,0,2,1,2,2,2,0,0,0,2,0,0,0,3,4,1,0,1,24,1,3,2,2,3,2,0,2,25,4,2,817
orjson_3_10_4,fb598475696487b9e96e168a3851aec8445c3eac,0,8902111.0,4448.0,176,70,0,0,24,25,31,390,191,199,97,7,102,38,29,35,427,6,2,0,2,1,2,2,2,0,0,0,2,0,0,0,3,4,1,0,1,24,1,3,2,2,3,2,0,2,25,4,2,817
orjson_3_10_5,fb598475696487b9e96e168a3851aec8445c3eac,0,8866292.0,4448.0,176,70,0,0,24,25,31,390,191,199,97,7,102,38,29,35,427,6,2,0,2,1,2,2,2,0,0,0,2,0,0,0,3,4,1,0,1,24,1,3,2,2,3,2,0,2,25,4,2,817
orjson_3_10_6,fb598475696487b9e96e168a3851aec8445c3eac,0,8963166.666666666,4448.0,176,70,0,0,24,25,31,390,191,199,97,7,102,38,29,35,427,6,2,0,2,1,2,2,2,0,0,0,2,0,0,0,3,4,1,0,1,24,1,3,2,2,3,2,0,2,25,4,2,817
orjson_3_10_1,2728cd589d677987b2ceada92ded78bc136ce590,0,10125611.333333334,5092.0,269,62,1,0,48,51,59,340,183,157,79,7,78,23,29,26,356,17,0,0,0,0,0,0,2,0,0,0,2,2,0,0,12,6,2,1,2,48,2,0,3,3,0,4,0,3,50,4,2,696
orjson_3_10_2,2728cd589d677987b2ceada92ded78bc136ce590,0,9614750.0,5180.0,269,62,1,0,48,51,59,340,183,157,79,7,78,23,29,26,356,17,0,0,0,0,0,0,2,0,0,0,2,2,0,0,12,6,2,1,2,48,2,0,3,3,0,4,0,3,50,4,2,696
orjson_3_10_3,2728cd589d677987b2ceada92ded78bc136ce590,0,9470083.333333334,5092.0,269,62,1,0,48,51,59,340,183,157,79,7,78,23,29,26,356,17,0,0,0,0,0,0,2,0,0,0,2,2,0,0,12,6,2,1,2,48,2,0,3,3,0,4,0,3,50,4,2,696
orjson_3_10_4,2728cd589d677987b2ceada92ded78bc136ce590,0,9225697.75,5092.0,269,62,1,0,48,51,59,340,183,157,79,7,78,23,29,26,356,17,0,0,0,0,0,0,2,0,0,0,2,2,0,0,12,6,2,1,2,48,2,0,3,3,0,4,0,3,50,4,2,696
orjson_3_10_5,2728cd589d677987b2ceada92ded78bc136ce590,0,9400444.333333334,5198.0,269,62,1,0,48,51,59,340,183,157,79,7,78,23,29,26,356,17,0,0,0,0,0,0,2,0,0,0,2,2,0,0,12,6,2,1,2,48,2,0,3,3,0,4,0,3,50,4,2,696
orjson_3_10_6,2728cd589d677987b2ceada92ded78bc136ce590,0,9450736.0,5092.0,269,62,1,0,48,51,59,340,183,157,79,7,78,23,29,26,356,17,0,0,0,0,0,0,2,0,0,0,2,2,0,0,12,6,2,1,2,48,2,0,3,3,0,4,0,3,50,4,2,696
orjson_3_10_1,c4aa62e76b8359bc77b1050de2f89a7d888df88f,0,10556749.666666666,4292.0,302,110,3,5,44,50,47,329,161,168,77,10,91,30,35,26,322,9,3,1,2,1,5,2,1,8,1,1,4,1,1,0,10,11,3,3,3,39,3,4,3,3,4,3,0,6,42,9,4,651
orjson_3_10_2,c4aa62e76b8359bc77b1050de2f89a7d888df88f,0,10413819.666666666,4397.0,302,110,3,5,44,50,47,329,161,168,77,10,91,30,35,26,322,9,3,1,2,1,5,2,1,8,1,1,4,1,1,0,10,11,3,3,3,39,3,4,3,3,4,3,0,6,42,9,4,651
orjson_3_10_3,c4aa62e76b8359bc77b1050de2f89a7d888df88f,0,10202180.333333334,4292.0,302,110,3,5,44,50,47,329,161,168,77,10,91,30,35,26,322,9,3,1,2,1,5,2,1,8,1,1,4,1,1,0,10,11,3,3,3,39,3,4,3,3,4,3,0,6,42,9,4,651
orjson_3_10_4,c4aa62e76b8359bc77b1050de2f89a7d888df88f,0,10131917.0,4292.0,302,110,3,5,44,50,47,329,161,168,77,10,91,30,35,26,322,9,3,1,2,1,5,2,1,8,1,1,4,1,1,0,10,11,3,3,3,39,3,4,3,3,4,3,0,6,42,9,4,651
orjson_3_10_5,c4aa62e76b8359bc77b1050de2f89a7d888df88f,0,10158361.0,4292.0,302,110,3,5,44,50,47,329,161,168,77,10,91,30,35,26,322,9,3,1,2,1,5,2,1,8,1,1,4,1,1,0,10,11,3,3,3,39,3,4,3,3,4,3,0,6,42,9,4,651
orjson_3_10_6,c4aa62e76b8359bc77b1050de2f89a7d888df88f,0,10250333.0,4292.0,302,110,3,5,44,50,47,329,161,168,77,10,91,30,35,26,322,9,3,1,2,1,5,2,1,8,1,1,4,1,1,0,10,11,3,3,3,39,3,4,3,3,4,3,0,6,42,9,4,651
orjson_3_10_1,50b1d77d8fea0b267270629d815af691c431ed1c,0,10074403.0,4677.0,154,48,0,0,24,25,29,415,212,203,102,12,101,29,39,33,406,6,1,0,1,0,2,1,0,7,1,0,1,0,0,0,4,6,1,0,1,24,1,7,3,3,7,2,0,2,25,4,1,821
orjson_3_10_2,50b1d77d8fea0b267270629d815af691c431ed1c,0,9916028.333333334,4677.0,154,48,0,0,24,25,29,415,212,203,102,12,101,29,39,33,406,6,1,0,1,0,2,1,0,7,1,0,1,0,0,0,4,6,1,0,1,24,1,7,3,3,7,2,0,2,25,4,1,821
orjson_3_10_3,50b1d77d8fea0b267270629d815af691c431ed1c,0,10059042.0,4677.0,154,48,0,0,24,25,29,415,212,203,102,12,101,29,39,33,406,6,1,0,1,0,2,1,0,7,1,0,1,0,0,0,4,6,1,0,1,24,1,7,3,3,7,2,0,2,25,4,1,821
orjson_3_10_4,50b1d77d8fea0b267270629d815af691c431ed1c,0,9960236.0,4764.0,154,48,0,0,24,25,29,415,212,203,102,12,101,29,39,33,406,6,1,0,1,0,2,1,0,7,1,0,1,0,0,0,4,6,1,0,1,24,1,7,3,3,7,2,0,2,25,4,1,821
orjson_3_10_5,50b1d77d8fea0b267270629d815af691c431ed1c,0,9759805.666666666,4677.0,154,48,0,0,24,25,29,415,212,203,102,12,101,29,39,33,406,6,1,0,1,0,2,1,0,7,1,0,1,0,0,0,4,6,1,0,1,24,1,7,3,3,7,2,0,2,25,4,1,821
orjson_3_10_6,50b1d77d8fea0b267270629d815af691c431ed1c,0,9853236.0,4677.0,154,48,0,0,24,25,29,415,212,203,102,12,101,29,39,33,406,6,1,0,1,0,2,1,0,7,1,0,1,0,0,0,4,6,1,0,1,24,1,7,3,3,7,2,0,2,25,4,1,821
orjson_3_10_1,451fb0e5bd0d1d679f9c1de215a0a70879c7161f,0,10419277.666666666,4684.0,233,91,1,3,31,35,36,382,195,187,105,11,82,31,35,16,392,7,0,0,0,3,0,0,1,7,1,0,3,3,1,1,4,5,3,1,3,28,3,1,4,4,1,6,0,5,31,9,3,774
orjson_3_10_2,451fb0e5bd0d1d679f9c1de215a0a70879c7161f,0,10402861.333333334,4790.0,233,91,1,3,31,35,36,382,195,187,105,11,82,31,35,16,392,7,0,0,0,3,0,0,1,7,1,0,3,3,1,1,4,5,3,1,3,28,3,1,4,4,1,6,0,5,31,9,3,774
orjson_3_10_3,451fb0e5bd0d1d679f9c1de215a0a70879c7161f,0,10342264.0,4684.0,233,91,1,3,31,35,36,382,195,187,105,11,82,31,35,16,392,7,0,0,0,3,0,0,1,7,1,0,3,3,1,1,4,5,3,1,3,28,3,1,4,4,1,6,0,5,31,9,3,774
orjson_3_10_4,451fb0e5bd0d1d679f9c1de215a0a70879c7161f,0,10149847.333333334,4684.0,233,91,1,3,31,35,36,382,195,187,105,11,82,31,35,16,392,7,0,0,0,3,0,0,1,7,1,0,3,3,1,1,4,5,3,1,3,28,3,1,4,4,1,6,0,5,31,9,3,774
orjson_3_10_5,451fb0e5bd0d1d679f9c1de215a0a70879c7161f,0,10214000.0,4684.0,233,91,1,3,31,35,36,382,195,187,105,11,82,31,35,16,392,7,0,0,0,3,0,0,1,7,1,0,3,3,1,1,4,5,3,1,3,28,3,1,4,4,1,6,0,5,31,9,3,774
orjson_3_10_6,451fb0e5bd0d1d679f9c1de215a0a70879c7161f,0,10346097.333333334,4684.0,233,91,1,3,31,35,36,382,195,187,105,11,82,31,35,16,392,7,0,0,0,3,0,0,1,7,1,0,3,3,1,1,4,5,3,1,3,28,3,1,4,4,1,6,0,5,31,9,3,774
orjson_3_10_1,5c4d6a4d4d2cf3ab3424e56e499f9af2ac15401b,0,10511027.333333334,4788.0,174,43,1,0,28,31,36,407,216,191,95,9,96,27,37,32,404,5,0,0,0,0,0,0,0,0,0,0,0,0,0,0,8,3,2,1,2,28,2,4,3,3,4,2,0,4,30,8,0,811
orjson_3_10_2,5c4d6a4d4d2cf3ab3424e56e499f9af2ac15401b,0,10477319.666666666,4788.0,174,43,1,0,28,31,36,407,216,191,95,9,96,27,37,32,404,5,0,0,0,0,0,0,0,0,0,0,0,0,0,0,8,3,2,1,2,28,2,4,3,3,4,2,0,4,30,8,0,811
orjson_3_10_3,5c4d6a4d4d2cf3ab3424e56e499f9af2ac15401b,0,10389306.0,4788.0,174,43,1,0,28,31,36,407,216,191,95,9,96,27,37,32,404,5,0,0,0,0,0,0,0,0,0,0,0,0,0,0,8,3,2,1,2,28,2,4,3,3,4,2,0,4,30,8,0,811
orjson_3_10_4,5c4d6a4d4d2cf3ab3424e56e499f9af2ac15401b,0,10186930.666666666,4788.0,174,43,1,0,28,31,36,407,216,191,95,9,96,27,37,32,404,5,0,0,0,0,0,0,0,0,0,0,0,0,0,0,8,3,2,1,2,28,2,4,3,3,4,2,0,4,30,8,0,811
orjson_3_10_5,5c4d6a4d4d2cf3ab3424e56e499f9af2ac15401b,0,10210513.666666666,4788.0,174,43,1,0,28,31,36,407,216,191,95,9,96,27,37,32,404,5,0,0,0,0,0,0,0,0,0,0,0,0,0,0,8,3,2,1,2,28,2,4,3,3,4,2,0,4,30,8,0,811
orjson_3_10_6,5c4d6a4d4d2cf3ab3424e56e499f9af2ac15401b,0,10449277.666666666,4922.0,174,43,1,0,28,31,36,407,216,191,95,9,96,27,37,32,404,5,0,0,0,0,0,0,0,0,0,0,0,0,0,0,8,3,2,1,2,28,2,4,3,3,4,2,0,4,30,8,0,811
orjson_3_10_1,b29b47b7f9b1c25450ec02ce05f92214bfe8093d,0,10050361.333333334,4677.0,152,46,0,0,24,25,29,415,212,203,102,12,101,29,39,33,406,6,1,0,1,0,2,1,0,7,1,0,1,0,0,0,4,6,1,0,1,24,1,7,3,3,7,2,0,2,25,4,1,821
orjson_3_10_2,b29b47b7f9b1c25450ec02ce05f92214bfe8093d,0,9933458.333333334,4677.0,152,46,0,0,24,25,29,415,212,203,102,12,101,29,39,33,406,6,1,0,1,0,2,1,0,7,1,0,1,0,0,0,4,6,1,0,1,24,1,7,3,3,7,2,0,2,25,4,1,821
orjson_3_10_3,b29b47b7f9b1c25450ec02ce05f92214bfe8093d,0,9909111.333333334,4677.0,152,46,0,0,24,25,29,415,212,203,102,12,101,29,39,33,406,6,1,0,1,0,2,1,0,7,1,0,1,0,0,0,4,6,1,0,1,24,1,7,3,3,7,2,0,2,25,4,1,821
orjson_3_10_4,b29b47b7f9b1c25450ec02ce05f92214bfe8093d,0,9896000.0,4764.0,152,46,0,0,24,25,29,415,212,203,102,12,101,29,39,33,406,6,1,0,1,0,2,1,0,7,1,0,1,0,0,0,4,6,1,0,1,24,1,7,3,3,7,2,0,2,25,4,1,821
orjson_3_10_5,b29b47b7f9b1c25450ec02ce05f92214bfe8093d,0,9760111.333333334,4677.0,152,46,0,0,24,25,29,415,212,203,102,12,101,29,39,33,406,6,1,0,1,0,2,1,0,7,1,0,1,0,0,0,4,6,1,0,1,24,1,7,3,3,7,2,0,2,25,4,1,821
orjson_3_10_6,b29b47b7f9b1c25450ec02ce05f92214bfe8093d,0,9877402.666666666,4677.0,152,46,0,0,24,25,29,415,212,203,102,12,101,29,39,33,406,6,1,0,1,0,2,1,0,7,1,0,1,0,0,0,4,6,1,0,1,24,1,7,3,3,7,2,0,2,25,4,1,821
orjson_3_10_1,d63924a853dcbc1e739ef00efa302ab80692398f,0,9983541.75,4677.0,153,47,0,0,24,25,29,415,212,203,102,12,101,29,39,33,406,6,1,0,1,0,2,1,1,0,0,0,1,0,0,0,4,6,1,0,1,24,1,7,3,3,7,2,0,2,25,4,1,821
orjson_3_10_2,d63924a853dcbc1e739ef00efa302ab80692398f,0,9812625.0,4677.0,153,47,0,0,24,25,29,415,212,203,102,12,101,29,39,33,406,6,1,0,1,0,2,1,1,0,0,0,1,0,0,0,4,6,1,0,1,24,1,7,3,3,7,2,0,2,25,4,1,821
orjson_3_10_3,d63924a853dcbc1e739ef00efa302ab80692398f,0,10083587.6,4677.0,153,47,0,0,24,25,29,415,212,203,102,12,101,29,39,33,406,6,1,0,1,0,2,1,1,0,0,0,1,0,0,0,4,6,1,0,1,24,1,7,3,3,7,2,0,2,25,4,1,821
orjson_3_10_4,d63924a853dcbc1e739ef00efa302ab80692398f,0,9931791.666666666,4764.0,153,47,0,0,24,25,29,415,212,203,102,12,101,29,39,33,406,6,1,0,1,0,2,1,1,0,0,0,1,0,0,0,4,6,1,0,1,24,1,7,3,3,7,2,0,2,25,4,1,821
orjson_3_10_5,d63924a853dcbc1e739ef00efa302ab80692398f,0,9788527.333333334,4677.0,153,47,0,0,24,25,29,415,212,203,102,12,101,29,39,33,406,6,1,0,1,0,2,1,1,0,0,0,1,0,0,0,4,6,1,0,1,24,1,7,3,3,7,2,0,2,25,4,1,821
orjson_3_10_6,d63924a853dcbc1e739ef00efa302ab80692398f,0,9893194.333333334,4677.0,153,47,0,0,24,25,29,415,212,203,102,12,101,29,39,33,406,6,1,0,1,0,2,1,1,0,0,0,1,0,0,0,4,6,1,0,1,24,1,7,3,3,7,2,0,2,25,4,1,821
orjson_3_10_1,dbb3a9ecf6ac08589dc13c9dee9816daffdfbc5a,0,10025014.0,4677.0,153,47,0,0,24,25,29,415,212,203,102,12,101,29,39,33,406,6,1,0,1,0,2,1,0,7,1,0,1,0,0,0,4,6,1,0,1,24,1,7,3,3,7,2,0,2,25,4,1,821
orjson_3_10_2,dbb3a9ecf6ac08589dc13c9dee9816daffdfbc5a,0,9835791.666666666,4677.0,153,47,0,0,24,25,29,415,212,203,102,12,101,29,39,33,406,6,1,0,1,0,2,1,0,7,1,0,1,0,0,0,4,6,1,0,1,24,1,7,3,3,7,2,0,2,25,4,1,821
orjson_3_10_3,dbb3a9ecf6ac08589dc13c9dee9816daffdfbc5a,0,9898722.0,4677.0,153,47,0,0,24,25,29,415,212,203,102,12,101,29,39,33,406,6,1,0,1,0,2,1,0,7,1,0,1,0,0,0,4,6,1,0,1,24,1,7,3,3,7,2,0,2,25,4,1,821
orjson_3_10_4,dbb3a9ecf6ac08589dc13c9dee9816daffdfbc5a,0,9886305.666666666,4764.0,153,47,0,0,24,25,29,415,212,203,102,12,101,29,39,33,406,6,1,0,1,0,2,1,0,7,1,0,1,0,0,0,4,6,1,0,1,24,1,7,3,3,7,2,0,2,25,4,1,821
orjson_3_10_5,dbb3a9ecf6ac08589dc13c9dee9816daffdfbc5a,0,9727319.333333334,4677.0,153,47,0,0,24,25,29,415,212,203,102,12,101,29,39,33,406,6,1,0,1,0,2,1,0,7,1,0,1,0,0,0,4,6,1,0,1,24,1,7,3,3,7,2,0,2,25,4,1,821
orjson_3_10_6,dbb3a9ecf6ac08589dc13c9dee9816daffdfbc5a,0,9884916.666666666,4677.0,153,47,0,0,24,25,29,415,212,203,102,12,101,29,39,33,406,6,1,0,1,0,2,1,0,7,1,0,1,0,0,0,4,6,1,0,1,24,1,7,3,3,7,2,0,2,25,4,1,821
orjson_3_10_1,1809440f7be3e8fa26ffb912e633b292ed3299f2,0,9592208.333333334,4730.0,132,28,0,0,24,25,29,424,201,223,118,14,105,33,45,27,415,6,0,0,0,0,0,0,1,1,1,0,2,2,0,1,4,7,1,0,1,24,1,6,6,6,6,2,0,2,25,2,2,839
orjson_3_10_2,1809440f7be3e8fa26ffb912e633b292ed3299f2,0,9592430.666666666,4730.0,132,28,0,0,24,25,29,424,201,223,118,14,105,33,45,27,415,6,0,0,0,0,0,0,1,1,1,0,2,2,0,1,4,7,1,0,1,24,1,6,6,6,6,2,0,2,25,2,2,839
orjson_3_10_3,1809440f7be3e8fa26ffb912e633b292ed3299f2,0,9614166.666666666,4730.0,132,28,0,0,24,25,29,424,201,223,118,14,105,33,45,27,415,6,0,0,0,0,0,0,1,1,1,0,2,2,0,1,4,7,1,0,1,24,1,6,6,6,6,2,0,2,25,2,2,839
orjson_3_10_4,1809440f7be3e8fa26ffb912e633b292ed3299f2,0,9395625.0,4730.0,132,28,0,0,24,25,29,424,201,223,118,14,105,33,45,27,415,6,0,0,0,0,0,0,1,1,1,0,2,2,0,1,4,7,1,0,1,24,1,6,6,6,6,2,0,2,25,2,2,839
orjson_3_10_5,1809440f7be3e8fa26ffb912e633b292ed3299f2,0,9402528.0,4730.0,132,28,0,0,24,25,29,424,201,223,118,14,105,33,45,27,415,6,0,0,0,0,0,0,1,1,1,0,2,2,0,1,4,7,1,0,1,24,1,6,6,6,6,2,0,2,25,2,2,839
orjson_3_10_6,1809440f7be3e8fa26ffb912e633b292ed3299f2,0,9474000.666666666,4730.0,132,28,0,0,24,25,29,424,201,223,118,14,105,33,45,27,415,6,0,0,0,0,0,0,1,1,1,0,2,2,0,1,4,7,1,0,1,24,1,6,6,6,6,2,0,2,25,2,2,839
orjson_3_10_1,0c07f500d241a591b29f12f61f38dd71a0b88d4b,0,9639153.0,4730.0,132,28,0,0,24,25,29,424,201,223,118,14,105,33,45,27,415,6,0,0,0,0,0,0,1,1,1,0,2,2,0,1,4,7,1,0,1,24,1,6,6,6,6,2,0,2,25,2,2,839
orjson_3_10_2,0c07f500d241a591b29f12f61f38dd71a0b88d4b,0,9535111.0,4730.0,132,28,0,0,24,25,29,424,201,223,118,14,105,33,45,27,415,6,0,0,0,0,0,0,1,1,1,0,2,2,0,1,4,7,1,0,1,24,1,6,6,6,6,2,0,2,25,2,2,839
orjson_3_10_3,0c07f500d241a591b29f12f61f38dd71a0b88d4b,0,9598777.666666666,4730.0,132,28,0,0,24,25,29,424,201,223,118,14,105,33,45,27,415,6,0,0,0,0,0,0,1,1,1,0,2,2,0,1,4,7,1,0,1,24,1,6,6,6,6,2,0,2,25,2,2,839
orjson_3_10_4,0c07f500d241a591b29f12f61f38dd71a0b88d4b,0,9348986.0,4730.0,132,28,0,0,24,25,29,424,201,223,118,14,105,33,45,27,415,6,0,0,0,0,0,0,1,1,1,0,2,2,0,1,4,7,1,0,1,24,1,6,6,6,6,2,0,2,25,2,2,839
orjson_3_10_5,0c07f500d241a591b29f12f61f38dd71a0b88d4b,0,9337833.333333334,4730.0,132,28,0,0,24,25,29,424,201,223,118,14,105,33,45,27,415,6,0,0,0,0,0,0,1,1,1,0,2,2,0,1,4,7,1,0,1,24,1,6,6,6,6,2,0,2,25,2,2,839
orjson_3_10_6,0c07f500d241a591b29f12f61f38dd71a0b88d4b,0,9472805.666666666,4730.0,132,28,0,0,24,25,29,424,201,223,118,14,105,33,45,27,415,6,0,0,0,0,0,0,1,1,1,0,2,2,0,1,4,7,1,0,1,24,1,6,6,6,6,2,0,2,25,2,2,839
orjson_3_10_1,d77f60660ccb98c391867ec40d0c9e31b9f3b8d0,0,9704736.0,4730.0,132,28,0,0,24,25,29,424,201,223,118,14,105,33,45,27,415,6,0,0,0,0,0,0,1,1,1,0,2,2,0,1,4,7,1,0,1,24,1,6,6,6,6,2,0,2,25,2,2,839
orjson_3_10_2,d77f60660ccb98c391867ec40d0c9e31b9f3b8d0,0,9584833.666666666,4730.0,132,28,0,0,24,25,29,424,201,223,118,14,105,33,45,27,415,6,0,0,0,0,0,0,1,1,1,0,2,2,0,1,4,7,1,0,1,24,1,6,6,6,6,2,0,2,25,2,2,839
orjson_3_10_3,d77f60660ccb98c391867ec40d0c9e31b9f3b8d0,0,9522388.666666666,4730.0,132,28,0,0,24,25,29,424,201,223,118,14,105,33,45,27,415,6,0,0,0,0,0,0,1,1,1,0,2,2,0,1,4,7,1,0,1,24,1,6,6,6,6,2,0,2,25,2,2,839
orjson_3_10_4,d77f60660ccb98c391867ec40d0c9e31b9f3b8d0,0,9342138.666666666,4730.0,132,28,0,0,24,25,29,424,201,223,118,14,105,33,45,27,415,6,0,0,0,0,0,0,1,1,1,0,2,2,0,1,4,7,1,0,1,24,1,6,6,6,6,2,0,2,25,2,2,839
orjson_3_10_5,d77f60660ccb98c391867ec40d0c9e31b9f3b8d0,0,9355208.666666666,4730.0,132,28,0,0,24,25,29,424,201,223,118,14,105,33,45,27,415,6,0,0,0,0,0,0,1,1,1,0,2,2,0,1,4,7,1,0,1,24,1,6,6,6,6,2,0,2,25,2,2,839
orjson_3_10_6,d77f60660ccb98c391867ec40d0c9e31b9f3b8d0,0,9450236.0,4730.0,132,28,0,0,24,25,29,424,201,223,118,14,105,33,45,27,415,6,0,0,0,0,0,0,1,1,1,0,2,2,0,1,4,7,1,0,1,24,1,6,6,6,6,2,0,2,25,2,2,839
orjson_3_10_1,e9d7adfe3fdbe890433e691052dbd490662cc850,0,5565347.0,2882.0,138,34,0,0,24,25,29,205,95,110,50,3,60,28,21,11,215,7,0,0,0,0,0,0,0,0,0,0,0,0,0,0,4,8,1,0,1,24,1,0,1,1,0,2,0,2,25,2,0,420
orjson_3_10_2,e9d7adfe3fdbe890433e691052dbd490662cc850,0,5319625.333333333,2882.0,138,34,0,0,24,25,29,205,95,110,50,3,60,28,21,11,215,7,0,0,0,0,0,0,0,0,0,0,0,0,0,0,4,8,1,0,1,24,1,0,1,1,0,2,0,2,25,2,0,420
orjson_3_10_3,e9d7adfe3fdbe890433e691052dbd490662cc850,0,5224791.333333333,2882.0,138,34,0,0,24,25,29,205,95,110,50,3,60,28,21,11,215,7,0,0,0,0,0,0,0,0,0,0,0,0,0,0,4,8,1,0,1,24,1,0,1,1,0,2,0,2,25,2,0,420
orjson_3_10_4,e9d7adfe3fdbe890433e691052dbd490662cc850,0,5245208.333333333,2882.0,138,34,0,0,24,25,29,205,95,110,50,3,60,28,21,11,215,7,0,0,0,0,0,0,0,0,0,0,0,0,0,0,4,8,1,0,1,24,1,0,1,1,0,2,0,2,25,2,0,420
orjson_3_10_5,e9d7adfe3fdbe890433e691052dbd490662cc850,0,5351323.0,3014.0,138,34,0,0,24,25,29,205,95,110,50,3,60,28,21,11,215,7,0,0,0,0,0,0,0,0,0,0,0,0,0,0,4,8,1,0,1,24,1,0,1,1,0,2,0,2,25,2,0,420
orjson_3_10_6,e9d7adfe3fdbe890433e691052dbd490662cc850,0,5472320.0,2990.0,138,34,0,0,24,25,29,205,95,110,50,3,60,28,21,11,215,7,0,0,0,0,0,0,0,0,0,0,0,0,0,0,4,8,1,0,1,24,1,0,1,1,0,2,0,2,25,2,0,420
orjson_3_10_1,dd8a160e33f30953c5121bfde6b0cfbab256ff8a,0,9635833.666666666,4730.0,134,30,0,0,24,25,29,424,201,223,118,14,105,33,45,27,415,6,0,0,0,0,0,0,1,1,1,0,2,2,0,1,4,7,1,0,1,24,1,6,6,6,6,2,0,2,25,2,2,839
orjson_3_10_2,dd8a160e33f30953c5121bfde6b0cfbab256ff8a,0,9524847.0,4730.0,134,30,0,0,24,25,29,424,201,223,118,14,105,33,45,27,415,6,0,0,0,0,0,0,1,1,1,0,2,2,0,1,4,7,1,0,1,24,1,6,6,6,6,2,0,2,25,2,2,839
orjson_3_10_3,dd8a160e33f30953c5121bfde6b0cfbab256ff8a,0,9606777.666666666,4730.0,134,30,0,0,24,25,29,424,201,223,118,14,105,33,45,27,415,6,0,0,0,0,0,0,1,1,1,0,2,2,0,1,4,7,1,0,1,24,1,6,6,6,6,2,0,2,25,2,2,839
orjson_3_10_4,dd8a160e33f30953c5121bfde6b0cfbab256ff8a,0,10186779.1,4730.0,134,30,0,0,24,25,29,424,201,223,118,14,105,33,45,27,415,6,0,0,0,0,0,0,1,1,1,0,2,2,0,1,4,7,1,0,1,24,1,6,6,6,6,2,0,2,25,2,2,839
orjson_3_10_5,dd8a160e33f30953c5121bfde6b0cfbab256ff8a,0,9361430.666666666,4730.0,134,30,0,0,24,25,29,424,201,223,118,14,105,33,45,27,415,6,0,0,0,0,0,0,1,1,1,0,2,2,0,1,4,7,1,0,1,24,1,6,6,6,6,2,0,2,25,2,2,839
orjson_3_10_6,dd8a160e33f30953c5121bfde6b0cfbab256ff8a,0,9455263.666666666,4730.0,134,30,0,0,24,25,29,424,201,223,118,14,105,33,45,27,415,6,0,0,0,0,0,0,1,1,1,0,2,2,0,1,4,7,1,0,1,24,1,6,6,6,6,2,0,2,25,2,2,839
orjson_3_10_1,d1fb4817af3c03296417bdcca647f0b902f30481,0,9639916.666666666,4730.0,132,28,0,0,24,25,29,424,201,223,118,14,105,33,45,27,415,6,0,0,0,0,0,0,1,1,1,0,2,2,0,1,4,7,1,0,1,24,1,6,6,6,6,2,0,2,25,2,2,839
orjson_3_10_2,d1fb4817af3c03296417bdcca647f0b902f30481,0,9583055.333333334,4730.0,132,28,0,0,24,25,29,424,201,223,118,14,105,33,45,27,415,6,0,0,0,0,0,0,1,1,1,0,2,2,0,1,4,7,1,0,1,24,1,6,6,6,6,2,0,2,25,2,2,839
orjson_3_10_3,d1fb4817af3c03296417bdcca647f0b902f30481,0,9614444.333333334,4730.0,132,28,0,0,24,25,29,424,201,223,118,14,105,33,45,27,415,6,0,0,0,0,0,0,1,1,1,0,2,2,0,1,4,7,1,0,1,24,1,6,6,6,6,2,0,2,25,2,2,839
orjson_3_10_4,d1fb4817af3c03296417bdcca647f0b902f30481,0,9316667.0,4730.0,132,28,0,0,24,25,29,424,201,223,118,14,105,33,45,27,415,6,0,0,0,0,0,0,1,1,1,0,2,2,0,1,4,7,1,0,1,24,1,6,6,6,6,2,0,2,25,2,2,839
orjson_3_10_5,d1fb4817af3c03296417bdcca647f0b902f30481,0,9321583.0,4730.0,132,28,0,0,24,25,29,424,201,223,118,14,105,33,45,27,415,6,0,0,0,0,0,0,1,1,1,0,2,2,0,1,4,7,1,0,1,24,1,6,6,6,6,2,0,2,25,2,2,839
orjson_3_10_6,d1fb4817af3c03296417bdcca647f0b902f30481,0,9455056.0,4730.0,132,28,0,0,24,25,29,424,201,223,118,14,105,33,45,27,415,6,0,0,0,0,0,0,1,1,1,0,2,2,0,1,4,7,1,0,1,24,1,6,6,6,6,2,0,2,25,2,2,839
orjson_3_10_1,956ed856cf5b87b48f0368c6c85e1912abfb48ec,0,9594805.666666666,4730.0,132,28,0,0,24,25,29,424,201,223,118,14,105,33,45,27,415,6,0,0,0,0,0,0,1,1,1,0,2,2,0,1,4,7,1,0,1,24,1,6,6,6,6,2,0,2,25,2,2,839
orjson_3_10_2,956ed856cf5b87b48f0368c6c85e1912abfb48ec,0,9697031.25,4730.0,132,28,0,0,24,25,29,424,201,223,118,14,105,33,45,27,415,6,0,0,0,0,0,0,1,1,1,0,2,2,0,1,4,7,1,0,1,24,1,6,6,6,6,2,0,2,25,2,2,839
orjson_3_10_3,956ed856cf5b87b48f0368c6c85e1912abfb48ec,0,9564930.0,4730.0,132,28,0,0,24,25,29,424,201,223,118,14,105,33,45,27,415,6,0,0,0,0,0,0,1,1,1,0,2,2,0,1,4,7,1,0,1,24,1,6,6,6,6,2,0,2,25,2,2,839
orjson_3_10_4,956ed856cf5b87b48f0368c6c85e1912abfb48ec,0,9316916.666666666,4730.0,132,28,0,0,24,25,29,424,201,223,118,14,105,33,45,27,415,6,0,0,0,0,0,0,1,1,1,0,2,2,0,1,4,7,1,0,1,24,1,6,6,6,6,2,0,2,25,2,2,839
orjson_3_10_5,956ed856cf5b87b48f0368c6c85e1912abfb48ec,0,9402166.666666666,4730.0,132,28,0,0,24,25,29,424,201,223,118,14,105,33,45,27,415,6,0,0,0,0,0,0,1,1,1,0,2,2,0,1,4,7,1,0,1,24,1,6,6,6,6,2,0,2,25,2,2,839
orjson_3_10_6,956ed856cf5b87b48f0368c6c85e1912abfb48ec,0,9447708.333333334,4730.0,132,28,0,0,24,25,29,424,201,223,118,14,105,33,45,27,415,6,0,0,0,0,0,0,1,1,1,0,2,2,0,1,4,7,1,0,1,24,1,6,6,6,6,2,0,2,25,2,2,839
orjson_3_10_1,d474ffe9b33e3cd85c93f6b0a890f683864b63f6,0,9694930.666666666,4730.0,132,28,0,0,24,25,29,424,201,223,118,14,105,33,45,27,415,6,0,0,0,0,0,0,1,1,1,0,2,2,0,1,4,7,1,0,1,24,1,6,6,6,6,2,0,2,25,2,2,839
orjson_3_10_2,d474ffe9b33e3cd85c93f6b0a890f683864b63f6,0,9555166.333333334,4730.0,132,28,0,0,24,25,29,424,201,223,118,14,105,33,45,27,415,6,0,0,0,0,0,0,1,1,1,0,2,2,0,1,4,7,1,0,1,24,1,6,6,6,6,2,0,2,25,2,2,839
orjson_3_10_3,d474ffe9b33e3cd85c93f6b0a890f683864b63f6,0,9497656.25,4730.0,132,28,0,0,24,25,29,424,201,223,118,14,105,33,45,27,415,6,0,0,0,0,0,0,1,1,1,0,2,2,0,1,4,7,1,0,1,24,1,6,6,6,6,2,0,2,25,2,2,839
orjson_3_10_4,d474ffe9b33e3cd85c93f6b0a890f683864b63f6,0,9251222.0,4730.0,132,28,0,0,24,25,29,424,201,223,118,14,105,33,45,27,415,6,0,0,0,0,0,0,1,1,1,0,2,2,0,1,4,7,1,0,1,24,1,6,6,6,6,2,0,2,25,2,2,839
orjson_3_10_5,d474ffe9b33e3cd85c93f6b0a890f683864b63f6,0,9295430.333333334,4730.0,132,28,0,0,24,25,29,424,201,223,118,14,105,33,45,27,415,6,0,0,0,0,0,0,1,1,1,0,2,2,0,1,4,7,1,0,1,24,1,6,6,6,6,2,0,2,25,2,2,839
orjson_3_10_6,d474ffe9b33e3cd85c93f6b0a890f683864b63f6,0,9463528.0,4730.0,132,28,0,0,24,25,29,424,201,223,118,14,105,33,45,27,415,6,0,0,0,0,0,0,1,1,1,0,2,2,0,1,4,7,1,0,1,24,1,6,6,6,6,2,0,2,25,2,2,839
orjson_3_10_1,9e44429487244d06b461d9b3429975ff7ccc69fc,0,5594333.333333333,2882.0,139,35,0,0,24,25,29,203,94,109,50,3,59,28,21,10,217,7,0,0,0,0,0,0,0,0,0,0,0,0,0,0,4,8,1,0,1,24,1,0,1,1,0,2,0,2,25,2,0,420
orjson_3_10_2,9e44429487244d06b461d9b3429975ff7ccc69fc,0,5314527.333333333,2882.0,139,35,0,0,24,25,29,203,94,109,50,3,59,28,21,10,217,7,0,0,0,0,0,0,0,0,0,0,0,0,0,0,4,8,1,0,1,24,1,0,1,1,0,2,0,2,25,2,0,420
orjson_3_10_3,9e44429487244d06b461d9b3429975ff7ccc69fc,0,5316555.666666667,2882.0,139,35,0,0,24,25,29,203,94,109,50,3,59,28,21,10,217,7,0,0,0,0,0,0,0,0,0,0,0,0,0,0,4,8,1,0,1,24,1,0,1,1,0,2,0,2,25,2,0,420
orjson_3_10_4,9e44429487244d06b461d9b3429975ff7ccc69fc,0,5225861.333333333,2882.0,139,35,0,0,24,25,29,203,94,109,50,3,59,28,21,10,217,7,0,0,0,0,0,0,0,0,0,0,0,0,0,0,4,8,1,0,1,24,1,0,1,1,0,2,0,2,25,2,0,420
orjson_3_10_5,9e44429487244d06b461d9b3429975ff7ccc69fc,0,5414052.0,3014.0,139,35,0,0,24,25,29,203,94,109,50,3,59,28,21,10,217,7,0,0,0,0,0,0,0,0,0,0,0,0,0,0,4,8,1,0,1,24,1,0,1,1,0,2,0,2,25,2,0,420
orjson_3_10_6,9e44429487244d06b461d9b3429975ff7ccc69fc,0,5498374.666666667,2990.0,139,35,0,0,24,25,29,203,94,109,50,3,59,28,21,10,217,7,0,0,0,0,0,0,0,0,0,0,0,0,0,0,4,8,1,0,1,24,1,0,1,1,0,2,0,2,25,2,0,420
orjson_3_10_1,6ed13150a7f8be2b9bea42c446a361014441065f,0,9605166.333333334,4730.0,131,27,0,0,24,25,29,426,202,224,118,14,106,33,45,28,413,6,0,0,0,0,0,0,1,1,1,0,2,2,0,1,4,7,1,0,1,24,1,6,6,6,6,2,0,2,25,2,2,839
orjson_3_10_2,6ed13150a7f8be2b9bea42c446a361014441065f,0,9624263.666666666,4730.0,131,27,0,0,24,25,29,426,202,224,118,14,106,33,45,28,413,6,0,0,0,0,0,0,1,1,1,0,2,2,0,1,4,7,1,0,1,24,1,6,6,6,6,2,0,2,25,2,2,839
orjson_3_10_3,6ed13150a7f8be2b9bea42c446a361014441065f,0,9625583.0,4730.0,131,27,0,0,24,25,29,426,202,224,118,14,106,33,45,28,413,6,0,0,0,0,0,0,1,1,1,0,2,2,0,1,4,7,1,0,1,24,1,6,6,6,6,2,0,2,25,2,2,839
orjson_3_10_4,6ed13150a7f8be2b9bea42c446a361014441065f,0,9300014.0,4730.0,131,27,0,0,24,25,29,426,202,224,118,14,106,33,45,28,413,6,0,0,0,0,0,0,1,1,1,0,2,2,0,1,4,7,1,0,1,24,1,6,6,6,6,2,0,2,25,2,2,839
orjson_3_10_5,6ed13150a7f8be2b9bea42c446a361014441065f,0,9306861.0,4730.0,131,27,0,0,24,25,29,426,202,224,118,14,106,33,45,28,413,6,0,0,0,0,0,0,1,1,1,0,2,2,0,1,4,7,1,0,1,24,1,6,6,6,6,2,0,2,25,2,2,839
orjson_3_10_6,6ed13150a7f8be2b9bea42c446a361014441065f,0,9468208.333333334,4730.0,131,27,0,0,24,25,29,426,202,224,118,14,106,33,45,28,413,6,0,0,0,0,0,0,1,1,1,0,2,2,0,1,4,7,1,0,1,24,1,6,6,6,6,2,0,2,25,2,2,839
orjson_3_10_1,b0ec96091661ce13a623afdfd991b15cff7f1509,0,9651833.333333334,4730.0,131,27,0,0,24,25,29,426,202,224,118,14,106,33,45,28,413,6,0,0,0,0,0,0,1,1,1,0,2,2,0,1,4,7,1,0,1,24,1,6,6,6,6,2,0,2,25,2,2,839
orjson_3_10_2,b0ec96091661ce13a623afdfd991b15cff7f1509,0,9574528.0,4730.0,131,27,0,0,24,25,29,426,202,224,118,14,106,33,45,28,413,6,0,0,0,0,0,0,1,1,1,0,2,2,0,1,4,7,1,0,1,24,1,6,6,6,6,2,0,2,25,2,2,839
orjson_3_10_3,b0ec96091661ce13a623afdfd991b15cff7f1509,0,9572889.0,4730.0,131,27,0,0,24,25,29,426,202,224,118,14,106,33,45,28,413,6,0,0,0,0,0,0,1,1,1,0,2,2,0,1,4,7,1,0,1,24,1,6,6,6,6,2,0,2,25,2,2,839
orjson_3_10_4,b0ec96091661ce13a623afdfd991b15cff7f1509,0,9312847.333333334,4730.0,131,27,0,0,24,25,29,426,202,224,118,14,106,33,45,28,413,6,0,0,0,0,0,0,1,1,1,0,2,2,0,1,4,7,1,0,1,24,1,6,6,6,6,2,0,2,25,2,2,839
orjson_3_10_5,b0ec96091661ce13a623afdfd991b15cff7f1509,0,9308361.0,4730.0,131,27,0,0,24,25,29,426,202,224,118,14,106,33,45,28,413,6,0,0,0,0,0,0,1,1,1,0,2,2,0,1,4,7,1,0,1,24,1,6,6,6,6,2,0,2,25,2,2,839
orjson_3_10_6,b0ec96091661ce13a623afdfd991b15cff7f1509,0,9440083.666666666,4730.0,131,27,0,0,24,25,29,426,202,224,118,14,106,33,45,28,413,6,0,0,0,0,0,0,1,1,1,0,2,2,0,1,4,7,1,0,1,24,1,6,6,6,6,2,0,2,25,2,2,839
orjson_3_10_1,c89874b895bbd0d0bab1bce43d7ff6fdaf4bb83c,0,9663819.666666666,4730.0,132,28,0,0,24,25,29,424,201,223,118,14,105,33,45,27,415,6,0,0,0,0,0,0,1,1,1,0,2,2,0,1,4,7,1,0,1,24,1,6,6,6,6,2,0,2,25,2,2,839
orjson_3_10_2,c89874b895bbd0d0bab1bce43d7ff6fdaf4bb83c,0,9574875.0,4730.0,132,28,0,0,24,25,29,424,201,223,118,14,105,33,45,27,415,6,0,0,0,0,0,0,1,1,1,0,2,2,0,1,4,7,1,0,1,24,1,6,6,6,6,2,0,2,25,2,2,839
orjson_3_10_3,c89874b895bbd0d0bab1bce43d7ff6fdaf4bb83c,0,9654361.0,4730.0,132,28,0,0,24,25,29,424,201,223,118,14,105,33,45,27,415,6,0,0,0,0,0,0,1,1,1,0,2,2,0,1,4,7,1,0,1,24,1,6,6,6,6,2,0,2,25,2,2,839
orjson_3_10_4,c89874b895bbd0d0bab1bce43d7ff6fdaf4bb83c,0,9357014.0,4730.0,132,28,0,0,24,25,29,424,201,223,118,14,105,33,45,27,415,6,0,0,0,0,0,0,1,1,1,0,2,2,0,1,4,7,1,0,1,24,1,6,6,6,6,2,0,2,25,2,2,839
orjson_3_10_5,c89874b895bbd0d0bab1bce43d7ff6fdaf4bb83c,0,9326805.333333334,4730.0,132,28,0,0,24,25,29,424,201,223,118,14,105,33,45,27,415,6,0,0,0,0,0,0,1,1,1,0,2,2,0,1,4,7,1,0,1,24,1,6,6,6,6,2,0,2,25,2,2,839
orjson_3_10_6,c89874b895bbd0d0bab1bce43d7ff6fdaf4bb83c,0,9498292.0,4730.0,132,28,0,0,24,25,29,424,201,223,118,14,105,33,45,27,415,6,0,0,0,0,0,0,1,1,1,0,2,2,0,1,4,7,1,0,1,24,1,6,6,6,6,2,0,2,25,2,2,839
orjson_3_10_1,b6de8a06e6224c241ec6e209627e2f5c72eeb2d0,0,5599180.666666667,2882.0,138,34,0,0,24,25,29,205,95,110,50,3,60,28,21,11,215,7,0,0,0,0,0,0,0,0,0,0,0,0,0,0,4,8,1,0,1,24,1,0,1,1,0,2,0,2,25,2,0,420
orjson_3_10_2,b6de8a06e6224c241ec6e209627e2f5c72eeb2d0,0,5299166.5,2882.0,138,34,0,0,24,25,29,205,95,110,50,3,60,28,21,11,215,7,0,0,0,0,0,0,0,0,0,0,0,0,0,0,4,8,1,0,1,24,1,0,1,1,0,2,0,2,25,2,0,420
orjson_3_10_3,b6de8a06e6224c241ec6e209627e2f5c72eeb2d0,0,5361027.333333333,2882.0,138,34,0,0,24,25,29,205,95,110,50,3,60,28,21,11,215,7,0,0,0,0,0,0,0,0,0,0,0,0,0,0,4,8,1,0,1,24,1,0,1,1,0,2,0,2,25,2,0,420
orjson_3_10_4,b6de8a06e6224c241ec6e209627e2f5c72eeb2d0,0,5220514.0,2882.0,138,34,0,0,24,25,29,205,95,110,50,3,60,28,21,11,215,7,0,0,0,0,0,0,0,0,0,0,0,0,0,0,4,8,1,0,1,24,1,0,1,1,0,2,0,2,25,2,0,420
orjson_3_10_5,b6de8a06e6224c241ec6e209627e2f5c72eeb2d0,0,5425736.0,3014.0,138,34,0,0,24,25,29,205,95,110,50,3,60,28,21,11,215,7,0,0,0,0,0,0,0,0,0,0,0,0,0,0,4,8,1,0,1,24,1,0,1,1,0,2,0,2,25,2,0,420
orjson_3_10_6,b6de8a06e6224c241ec6e209627e2f5c72eeb2d0,0,5446944.666666667,2990.0,138,34,0,0,24,25,29,205,95,110,50,3,60,28,21,11,215,7,0,0,0,0,0,0,0,0,0,0,0,0,0,0,4,8,1,0,1,24,1,0,1,1,0,2,0,2,25,2,0,420
orjson_3_10_1,cde3e3c06871d6a23563a2204dfcf4d67efaba83,0,9651194.333333334,4730.0,132,28,0,0,24,25,30,424,201,223,118,14,105,33,45,27,415,6,0,0,0,0,0,0,1,1,1,0,2,2,0,1,4,6,1,0,1,24,1,6,6,6,6,2,0,2,25,2,2,839
orjson_3_10_2,cde3e3c06871d6a23563a2204dfcf4d67efaba83,0,9522041.666666666,4730.0,132,28,0,0,24,25,30,424,201,223,118,14,105,33,45,27,415,6,0,0,0,0,0,0,1,1,1,0,2,2,0,1,4,6,1,0,1,24,1,6,6,6,6,2,0,2,25,2,2,839
orjson_3_10_3,cde3e3c06871d6a23563a2204dfcf4d67efaba83,0,9611208.333333334,4730.0,132,28,0,0,24,25,30,424,201,223,118,14,105,33,45,27,415,6,0,0,0,0,0,0,1,1,1,0,2,2,0,1,4,6,1,0,1,24,1,6,6,6,6,2,0,2,25,2,2,839
orjson_3_10_4,cde3e3c06871d6a23563a2204dfcf4d67efaba83,0,9312236.0,4730.0,132,28,0,0,24,25,30,424,201,223,118,14,105,33,45,27,415,6,0,0,0,0,0,0,1,1,1,0,2,2,0,1,4,6,1,0,1,24,1,6,6,6,6,2,0,2,25,2,2,839
orjson_3_10_5,cde3e3c06871d6a23563a2204dfcf4d67efaba83,0,9340097.333333334,4730.0,132,28,0,0,24,25,30,424,201,223,118,14,105,33,45,27,415,6,0,0,0,0,0,0,1,1,1,0,2,2,0,1,4,6,1,0,1,24,1,6,6,6,6,2,0,2,25,2,2,839
orjson_3_10_6,cde3e3c06871d6a23563a2204dfcf4d67efaba83,0,9472333.0,4730.0,132,28,0,0,24,25,30,424,201,223,118,14,105,33,45,27,415,6,0,0,0,0,0,0,1,1,1,0,2,2,0,1,4,6,1,0,1,24,1,6,6,6,6,2,0,2,25,2,2,839
orjson_3_10_1,70965d9240d287390b4f2b5b6041cfbaac7c7265,0,9618847.0,4730.0,131,27,0,0,24,25,29,426,202,224,118,14,106,33,45,28,413,7,0,0,0,0,0,0,1,1,1,0,2,2,0,1,4,6,1,0,1,24,1,6,6,6,6,2,0,2,25,2,2,839
orjson_3_10_2,70965d9240d287390b4f2b5b6041cfbaac7c7265,0,9490486.333333334,4730.0,131,27,0,0,24,25,29,426,202,224,118,14,106,33,45,28,413,7,0,0,0,0,0,0,1,1,1,0,2,2,0,1,4,6,1,0,1,24,1,6,6,6,6,2,0,2,25,2,2,839
orjson_3_10_3,70965d9240d287390b4f2b5b6041cfbaac7c7265,0,9634236.333333334,4730.0,131,27,0,0,24,25,29,426,202,224,118,14,106,33,45,28,413,7,0,0,0,0,0,0,1,1,1,0,2,2,0,1,4,6,1,0,1,24,1,6,6,6,6,2,0,2,25,2,2,839
orjson_3_10_4,70965d9240d287390b4f2b5b6041cfbaac7c7265,0,9352611.333333334,4730.0,131,27,0,0,24,25,29,426,202,224,118,14,106,33,45,28,413,7,0,0,0,0,0,0,1,1,1,0,2,2,0,1,4,6,1,0,1,24,1,6,6,6,6,2,0,2,25,2,2,839
orjson_3_10_5,70965d9240d287390b4f2b5b6041cfbaac7c7265,0,9296694.333333334,4730.0,131,27,0,0,24,25,29,426,202,224,118,14,106,33,45,28,413,7,0,0,0,0,0,0,1,1,1,0,2,2,0,1,4,6,1,0,1,24,1,6,6,6,6,2,0,2,25,2,2,839
orjson_3_10_6,70965d9240d287390b4f2b5b6041cfbaac7c7265,0,9456513.666666666,4730.0,131,27,0,0,24,25,29,426,202,224,118,14,106,33,45,28,413,7,0,0,0,0,0,0,1,1,1,0,2,2,0,1,4,6,1,0,1,24,1,6,6,6,6,2,0,2,25,2,2,839
orjson_3_10_1,add1954bc7a060624a424d93be18bc9de237ef84,0,7541499.666666667,2781.0,233,64,0,0,36,40,44,181,80,101,46,3,55,27,12,16,215,12,0,0,0,0,0,0,0,0,0,0,0,0,0,0,8,6,4,0,4,36,4,0,2,2,0,1,0,5,40,7,0,396
orjson_3_10_2,add1954bc7a060624a424d93be18bc9de237ef84,0,7121666.5,2695.0,233,64,0,0,36,40,44,181,80,101,46,3,55,27,12,16,215,12,0,0,0,0,0,0,0,0,0,0,0,0,0,0,8,6,4,0,4,36,4,0,2,2,0,1,0,5,40,7,0,396
orjson_3_10_3,add1954bc7a060624a424d93be18bc9de237ef84,0,7233555.666666667,2695.0,233,64,0,0,36,40,44,181,80,101,46,3,55,27,12,16,215,12,0,0,0,0,0,0,0,0,0,0,0,0,0,0,8,6,4,0,4,36,4,0,2,2,0,1,0,5,40,7,0,396
orjson_3_10_4,add1954bc7a060624a424d93be18bc9de237ef84,0,7231180.333333333,2786.0,233,64,0,0,36,40,44,181,80,101,46,3,55,27,12,16,215,12,0,0,0,0,0,0,0,0,0,0,0,0,0,0,8,6,4,0,4,36,4,0,2,2,0,1,0,5,40,7,0,396
orjson_3_10_5,add1954bc7a060624a424d93be18bc9de237ef84,0,7046000.0,2695.0,233,64,0,0,36,40,44,181,80,101,46,3,55,27,12,16,215,12,0,0,0,0,0,0,0,0,0,0,0,0,0,0,8,6,4,0,4,36,4,0,2,2,0,1,0,5,40,7,0,396
orjson_3_10_6,add1954bc7a060624a424d93be18bc9de237ef84,0,7160111.333333333,2695.0,233,64,0,0,36,40,44,181,80,101,46,3,55,27,12,16,215,12,0,0,0,0,0,0,0,0,0,0,0,0,0,0,8,6,4,0,4,36,4,0,2,2,0,1,0,5,40,7,0,396
orjson_3_10_1,ade56e9547357de31964f7a244527784cc49407f,0,9305569.0,4278.0,173,68,0,0,24,25,28,394,195,199,102,13,97,27,37,33,424,5,2,1,1,1,1,1,2,0,0,1,4,2,1,0,5,5,1,0,1,24,1,4,2,2,4,7,0,2,25,3,4,818
orjson_3_10_2,ade56e9547357de31964f7a244527784cc49407f,0,9341097.0,4278.0,173,68,0,0,24,25,28,394,195,199,102,13,97,27,37,33,424,5,2,1,1,1,1,1,2,0,0,1,4,2,1,0,5,5,1,0,1,24,1,4,2,2,4,7,0,2,25,3,4,818
orjson_3_10_3,ade56e9547357de31964f7a244527784cc49407f,0,9255528.0,4278.0,173,68,0,0,24,25,28,394,195,199,102,13,97,27,37,33,424,5,2,1,1,1,1,1,2,0,0,1,4,2,1,0,5,5,1,0,1,24,1,4,2,2,4,7,0,2,25,3,4,818
orjson_3_10_4,ade56e9547357de31964f7a244527784cc49407f,0,8955639.0,4278.0,173,68,0,0,24,25,28,394,195,199,102,13,97,27,37,33,424,5,2,1,1,1,1,1,2,0,0,1,4,2,1,0,5,5,1,0,1,24,1,4,2,2,4,7,0,2,25,3,4,818
orjson_3_10_5,ade56e9547357de31964f7a244527784cc49407f,0,8903805.333333334,4278.0,173,68,0,0,24,25,28,394,195,199,102,13,97,27,37,33,424,5,2,1,1,1,1,1,2,0,0,1,4,2,1,0,5,5,1,0,1,24,1,4,2,2,4,7,0,2,25,3,4,818
orjson_3_10_6,ade56e9547357de31964f7a244527784cc49407f,0,9146833.333333334,4278.0,173,68,0,0,24,25,28,394,195,199,102,13,97,27,37,33,424,5,2,1,1,1,1,1,2,0,0,1,4,2,1,0,5,5,1,0,1,24,1,4,2,2,4,7,0,2,25,3,4,818
orjson_3_10_1,768f338c043a97ef015eba8649f745d6a082fcd5,0,9223736.0,4710.0,174,69,0,0,24,25,28,400,197,203,98,14,105,35,30,40,409,5,2,1,2,1,5,1,0,1,1,1,2,0,0,0,7,5,1,0,1,24,1,4,3,3,4,7,0,2,25,3,2,809
orjson_3_10_2,768f338c043a97ef015eba8649f745d6a082fcd5,0,8965736.0,4604.0,174,69,0,0,24,25,28,400,197,203,98,14,105,35,30,40,409,5,2,1,2,1,5,1,0,1,1,1,2,0,0,0,7,5,1,0,1,24,1,4,3,3,4,7,0,2,25,3,2,809
orjson_3_10_3,768f338c043a97ef015eba8649f745d6a082fcd5,0,9058333.5,4604.0,174,69,0,0,24,25,28,400,197,203,98,14,105,35,30,40,409,5,2,1,2,1,5,1,0,1,1,1,2,0,0,0,7,5,1,0,1,24,1,4,3,3,4,7,0,2,25,3,2,809
orjson_3_10_4,768f338c043a97ef015eba8649f745d6a082fcd5,0,8821472.333333334,4604.0,174,69,0,0,24,25,28,400,197,203,98,14,105,35,30,40,409,5,2,1,2,1,5,1,0,1,1,1,2,0,0,0,7,5,1,0,1,24,1,4,3,3,4,7,0,2,25,3,2,809
orjson_3_10_5,768f338c043a97ef015eba8649f745d6a082fcd5,0,8870472.0,4604.0,174,69,0,0,24,25,28,400,197,203,98,14,105,35,30,40,409,5,2,1,2,1,5,1,0,1,1,1,2,0,0,0,7,5,1,0,1,24,1,4,3,3,4,7,0,2,25,3,2,809
orjson_3_10_6,768f338c043a97ef015eba8649f745d6a082fcd5,0,9020875.333333334,4604.0,174,69,0,0,24,25,28,400,197,203,98,14,105,35,30,40,409,5,2,1,2,1,5,1,0,1,1,1,2,0,0,0,7,5,1,0,1,24,1,4,3,3,4,7,0,2,25,3,2,809
orjson_3_10_1,eba56e6e3cd19245508782b81c34ec19c6e142dc,0,9286430.333333334,4278.0,173,68,0,0,24,25,28,394,195,199,102,13,97,27,37,33,424,5,2,1,1,1,1,1,2,0,0,1,4,2,1,0,5,5,1,0,1,24,1,4,2,2,4,7,0,2,25,3,4,818
orjson_3_10_2,eba56e6e3cd19245508782b81c34ec19c6e142dc,0,9219333.0,4278.0,173,68,0,0,24,25,28,394,195,199,102,13,97,27,37,33,424,5,2,1,1,1,1,1,2,0,0,1,4,2,1,0,5,5,1,0,1,24,1,4,2,2,4,7,0,2,25,3,4,818
orjson_3_10_3,eba56e6e3cd19245508782b81c34ec19c6e142dc,0,9260819.0,4278.0,173,68,0,0,24,25,28,394,195,199,102,13,97,27,37,33,424,5,2,1,1,1,1,1,2,0,0,1,4,2,1,0,5,5,1,0,1,24,1,4,2,2,4,7,0,2,25,3,4,818
orjson_3_10_4,eba56e6e3cd19245508782b81c34ec19c6e142dc,0,8987194.333333334,4278.0,173,68,0,0,24,25,28,394,195,199,102,13,97,27,37,33,424,5,2,1,1,1,1,1,2,0,0,1,4,2,1,0,5,5,1,0,1,24,1,4,2,2,4,7,0,2,25,3,4,818
orjson_3_10_5,eba56e6e3cd19245508782b81c34ec19c6e142dc,0,8851611.0,4278.0,173,68,0,0,24,25,28,394,195,199,102,13,97,27,37,33,424,5,2,1,1,1,1,1,2,0,0,1,4,2,1,0,5,5,1,0,1,24,1,4,2,2,4,7,0,2,25,3,4,818
orjson_3_10_6,eba56e6e3cd19245508782b81c34ec19c6e142dc,0,9087222.666666666,4278.0,173,68,0,0,24,25,28,394,195,199,102,13,97,27,37,33,424,5,2,1,1,1,1,1,2,0,0,1,4,2,1,0,5,5,1,0,1,24,1,4,2,2,4,7,0,2,25,3,4,818
orjson_3_10_1,f8575be43903453ea118c85814f2bf1d91ac5051,0,9272000.0,4278.0,173,68,0,0,24,25,28,394,195,199,102,13,97,27,37,33,424,5,2,1,1,1,1,1,2,0,0,1,4,2,1,0,5,5,1,0,1,24,1,4,2,2,4,7,0,2,25,3,4,818
orjson_3_10_2,f8575be43903453ea118c85814f2bf1d91ac5051,0,9171135.5,4278.0,173,68,0,0,24,25,28,394,195,199,102,13,97,27,37,33,424,5,2,1,1,1,1,1,2,0,0,1,4,2,1,0,5,5,1,0,1,24,1,4,2,2,4,7,0,2,25,3,4,818
orjson_3_10_3,f8575be43903453ea118c85814f2bf1d91ac5051,0,9228764.0,4278.0,173,68,0,0,24,25,28,394,195,199,102,13,97,27,37,33,424,5,2,1,1,1,1,1,2,0,0,1,4,2,1,0,5,5,1,0,1,24,1,4,2,2,4,7,0,2,25,3,4,818
orjson_3_10_4,f8575be43903453ea118c85814f2bf1d91ac5051,0,9153861.333333334,4278.0,173,68,0,0,24,25,28,394,195,199,102,13,97,27,37,33,424,5,2,1,1,1,1,1,2,0,0,1,4,2,1,0,5,5,1,0,1,24,1,4,2,2,4,7,0,2,25,3,4,818
orjson_3_10_5,f8575be43903453ea118c85814f2bf1d91ac5051,0,8984763.333333334,4278.0,173,68,0,0,24,25,28,394,195,199,102,13,97,27,37,33,424,5,2,1,1,1,1,1,2,0,0,1,4,2,1,0,5,5,1,0,1,24,1,4,2,2,4,7,0,2,25,3,4,818
orjson_3_10_6,f8575be43903453ea118c85814f2bf1d91ac5051,0,9077291.333333334,4278.0,173,68,0,0,24,25,28,394,195,199,102,13,97,27,37,33,424,5,2,1,1,1,1,1,2,0,0,1,4,2,1,0,5,5,1,0,1,24,1,4,2,2,4,7,0,2,25,3,4,818
orjson_3_10_1,4a086f17cde58c9dcd0473cebabbecfe6a3af548,0,9320750.0,4278.0,173,68,0,0,24,25,28,394,195,199,102,13,97,27,37,33,424,5,2,1,1,1,1,1,2,0,0,1,4,2,1,0,5,5,1,0,1,24,1,4,2,2,4,7,0,2,25,3,4,818
orjson_3_10_2,4a086f17cde58c9dcd0473cebabbecfe6a3af548,0,9291403.0,4278.0,173,68,0,0,24,25,28,394,195,199,102,13,97,27,37,33,424,5,2,1,1,1,1,1,2,0,0,1,4,2,1,0,5,5,1,0,1,24,1,4,2,2,4,7,0,2,25,3,4,818
orjson_3_10_3,4a086f17cde58c9dcd0473cebabbecfe6a3af548,0,9302278.0,4278.0,173,68,0,0,24,25,28,394,195,199,102,13,97,27,37,33,424,5,2,1,1,1,1,1,2,0,0,1,4,2,1,0,5,5,1,0,1,24,1,4,2,2,4,7,0,2,25,3,4,818
orjson_3_10_4,4a086f17cde58c9dcd0473cebabbecfe6a3af548,0,9021653.0,4278.0,173,68,0,0,24,25,28,394,195,199,102,13,97,27,37,33,424,5,2,1,1,1,1,1,2,0,0,1,4,2,1,0,5,5,1,0,1,24,1,4,2,2,4,7,0,2,25,3,4,818
orjson_3_10_5,4a086f17cde58c9dcd0473cebabbecfe6a3af548,0,9055777.666666666,4278.0,173,68,0,0,24,25,28,394,195,199,102,13,97,27,37,33,424,5,2,1,1,1,1,1,2,0,0,1,4,2,1,0,5,5,1,0,1,24,1,4,2,2,4,7,0,2,25,3,4,818
orjson_3_10_6,4a086f17cde58c9dcd0473cebabbecfe6a3af548,0,9039291.666666666,4278.0,173,68,0,0,24,25,28,394,195,199,102,13,97,27,37,33,424,5,2,1,1,1,1,1,2,0,0,1,4,2,1,0,5,5,1,0,1,24,1,4,2,2,4,7,0,2,25,3,4,818
orjson_3_10_1,80e1ce6548a16b1be579334f970fed4cad651efe,0,9302430.666666666,4278.0,173,68,0,0,24,25,28,394,195,199,102,13,97,27,37,33,424,5,2,2,1,1,2,0,1,0,0,2,4,2,1,0,5,5,1,0,1,24,1,4,2,2,4,7,0,2,25,3,4,818
orjson_3_10_2,80e1ce6548a16b1be579334f970fed4cad651efe,0,9361916.666666666,4278.0,173,68,0,0,24,25,28,394,195,199,102,13,97,27,37,33,424,5,2,2,1,1,2,0,1,0,0,2,4,2,1,0,5,5,1,0,1,24,1,4,2,2,4,7,0,2,25,3,4,818
orjson_3_10_3,80e1ce6548a16b1be579334f970fed4cad651efe,0,9099402.666666666,4278.0,173,68,0,0,24,25,28,394,195,199,102,13,97,27,37,33,424,5,2,2,1,1,2,0,1,0,0,2,4,2,1,0,5,5,1,0,1,24,1,4,2,2,4,7,0,2,25,3,4,818
orjson_3_10_4,80e1ce6548a16b1be579334f970fed4cad651efe,0,8983416.333333334,4278.0,173,68,0,0,24,25,28,394,195,199,102,13,97,27,37,33,424,5,2,2,1,1,2,0,1,0,0,2,4,2,1,0,5,5,1,0,1,24,1,4,2,2,4,7,0,2,25,3,4,818
orjson_3_10_5,80e1ce6548a16b1be579334f970fed4cad651efe,0,8973903.0,4278.0,173,68,0,0,24,25,28,394,195,199,102,13,97,27,37,33,424,5,2,2,1,1,2,0,1,0,0,2,4,2,1,0,5,5,1,0,1,24,1,4,2,2,4,7,0,2,25,3,4,818
orjson_3_10_6,80e1ce6548a16b1be579334f970fed4cad651efe,0,9145972.0,4278.0,173,68,0,0,24,25,28,394,195,199,102,13,97,27,37,33,424,5,2,2,1,1,2,0,1,0,0,2,4,2,1,0,5,5,1,0,1,24,1,4,2,2,4,7,0,2,25,3,4,818
orjson_3_10_1,03dd3580dd748ed896ed3fd35dbc8cab1358503e,0,9603670.7,4278.0,169,64,0,0,24,25,28,394,195,199,102,13,97,27,37,33,424,5,2,1,1,1,1,1,2,0,0,1,4,2,1,0,5,5,1,0,1,24,1,4,2,2,4,7,0,2,25,3,4,818
orjson_3_10_2,03dd3580dd748ed896ed3fd35dbc8cab1358503e,0,9210666.666666666,4278.0,169,64,0,0,24,25,28,394,195,199,102,13,97,27,37,33,424,5,2,1,1,1,1,1,2,0,0,1,4,2,1,0,5,5,1,0,1,24,1,4,2,2,4,7,0,2,25,3,4,818
orjson_3_10_3,03dd3580dd748ed896ed3fd35dbc8cab1358503e,0,9232111.0,4278.0,169,64,0,0,24,25,28,394,195,199,102,13,97,27,37,33,424,5,2,1,1,1,1,1,2,0,0,1,4,2,1,0,5,5,1,0,1,24,1,4,2,2,4,7,0,2,25,3,4,818
orjson_3_10_4,03dd3580dd748ed896ed3fd35dbc8cab1358503e,0,9078527.333333334,4278.0,169,64,0,0,24,25,28,394,195,199,102,13,97,27,37,33,424,5,2,1,1,1,1,1,2,0,0,1,4,2,1,0,5,5,1,0,1,24,1,4,2,2,4,7,0,2,25,3,4,818
orjson_3_10_5,03dd3580dd748ed896ed3fd35dbc8cab1358503e,0,9059500.0,4278.0,169,64,0,0,24,25,28,394,195,199,102,13,97,27,37,33,424,5,2,1,1,1,1,1,2,0,0,1,4,2,1,0,5,5,1,0,1,24,1,4,2,2,4,7,0,2,25,3,4,818
orjson_3_10_6,03dd3580dd748ed896ed3fd35dbc8cab1358503e,0,9088000.0,4278.0,169,64,0,0,24,25,28,394,195,199,102,13,97,27,37,33,424,5,2,1,1,1,1,1,2,0,0,1,4,2,1,0,5,5,1,0,1,24,1,4,2,2,4,7,0,2,25,3,4,818
orjson_3_10_1,fb5fb8c5f5b46350a7ff0f2c6aad4d84adca76c5,0,9293847.333333334,4278.0,173,68,0,0,24,25,28,394,195,199,102,13,97,27,37,33,424,5,2,1,1,1,1,1,2,0,0,1,4,2,1,0,5,5,1,0,1,24,1,4,2,2,4,7,0,2,25,3,4,818
orjson_3_10_2,fb5fb8c5f5b46350a7ff0f2c6aad4d84adca76c5,0,9287055.333333334,4278.0,173,68,0,0,24,25,28,394,195,199,102,13,97,27,37,33,424,5,2,1,1,1,1,1,2,0,0,1,4,2,1,0,5,5,1,0,1,24,1,4,2,2,4,7,0,2,25,3,4,818
orjson_3_10_3,fb5fb8c5f5b46350a7ff0f2c6aad4d84adca76c5,0,9130778.0,4278.0,173,68,0,0,24,25,28,394,195,199,102,13,97,27,37,33,424,5,2,1,1,1,1,1,2,0,0,1,4,2,1,0,5,5,1,0,1,24,1,4,2,2,4,7,0,2,25,3,4,818
orjson_3_10_4,fb5fb8c5f5b46350a7ff0f2c6aad4d84adca76c5,0,9011875.333333334,4278.0,173,68,0,0,24,25,28,394,195,199,102,13,97,27,37,33,424,5,2,1,1,1,1,1,2,0,0,1,4,2,1,0,5,5,1,0,1,24,1,4,2,2,4,7,0,2,25,3,4,818
orjson_3_10_5,fb5fb8c5f5b46350a7ff0f2c6aad4d84adca76c5,0,9143166.666666666,4278.0,173,68,0,0,24,25,28,394,195,199,102,13,97,27,37,33,424,5,2,1,1,1,1,1,2,0,0,1,4,2,1,0,5,5,1,0,1,24,1,4,2,2,4,7,0,2,25,3,4,818
orjson_3_10_6,fb5fb8c5f5b46350a7ff0f2c6aad4d84adca76c5,0,9056499.666666666,4278.0,173,68,0,0,24,25,28,394,195,199,102,13,97,27,37,33,424,5,2,1,1,1,1,1,2,0,0,1,4,2,1,0,5,5,1,0,1,24,1,4,2,2,4,7,0,2,25,3,4,818
orjson_3_10_1,d139159adb89bee323f2bcfd7d16e5b093160f0a,0,9178375.0,4710.0,174,69,0,0,24,25,28,400,197,203,98,14,105,35,30,40,409,5,2,1,2,1,5,1,1,0,0,1,2,0,0,0,7,5,1,0,1,24,1,4,3,3,4,7,0,2,25,3,2,809
orjson_3_10_2,d139159adb89bee323f2bcfd7d16e5b093160f0a,0,8975708.333333334,4604.0,174,69,0,0,24,25,28,400,197,203,98,14,105,35,30,40,409,5,2,1,2,1,5,1,1,0,0,1,2,0,0,0,7,5,1,0,1,24,1,4,3,3,4,7,0,2,25,3,2,809
orjson_3_10_3,d139159adb89bee323f2bcfd7d16e5b093160f0a,0,8986055.666666666,4604.0,174,69,0,0,24,25,28,400,197,203,98,14,105,35,30,40,409,5,2,1,2,1,5,1,1,0,0,1,2,0,0,0,7,5,1,0,1,24,1,4,3,3,4,7,0,2,25,3,2,809
orjson_3_10_4,d139159adb89bee323f2bcfd7d16e5b093160f0a,0,8789680.666666666,4604.0,174,69,0,0,24,25,28,400,197,203,98,14,105,35,30,40,409,5,2,1,2,1,5,1,1,0,0,1,2,0,0,0,7,5,1,0,1,24,1,4,3,3,4,7,0,2,25,3,2,809
orjson_3_10_5,d139159adb89bee323f2bcfd7d16e5b093160f0a,0,8839708.0,4604.0,174,69,0,0,24,25,28,400,197,203,98,14,105,35,30,40,409,5,2,1,2,1,5,1,1,0,0,1,2,0,0,0,7,5,1,0,1,24,1,4,3,3,4,7,0,2,25,3,2,809
orjson_3_10_6,d139159adb89bee323f2bcfd7d16e5b093160f0a,0,9037416.333333334,4604.0,174,69,0,0,24,25,28,400,197,203,98,14,105,35,30,40,409,5,2,1,2,1,5,1,1,0,0,1,2,0,0,0,7,5,1,0,1,24,1,4,3,3,4,7,0,2,25,3,2,809
orjson_3_10_1,7f520f043fecb42777933611dc23530d076c232b,0,9289985.666666666,4278.0,173,68,0,0,24,25,28,394,195,199,102,13,97,27,37,33,424,5,2,1,1,1,1,1,1,1,1,1,4,2,1,0,5,5,1,0,1,24,1,4,2,2,4,7,0,2,25,3,4,818
orjson_3_10_2,7f520f043fecb42777933611dc23530d076c232b,0,9275458.333333334,4278.0,173,68,0,0,24,25,28,394,195,199,102,13,97,27,37,33,424,5,2,1,1,1,1,1,1,1,1,1,4,2,1,0,5,5,1,0,1,24,1,4,2,2,4,7,0,2,25,3,4,818
orjson_3_10_3,7f520f043fecb42777933611dc23530d076c232b,0,9239708.666666666,4278.0,173,68,0,0,24,25,28,394,195,199,102,13,97,27,37,33,424,5,2,1,1,1,1,1,1,1,1,1,4,2,1,0,5,5,1,0,1,24,1,4,2,2,4,7,0,2,25,3,4,818
orjson_3_10_4,7f520f043fecb42777933611dc23530d076c232b,0,9025472.0,4278.0,173,68,0,0,24,25,28,394,195,199,102,13,97,27,37,33,424,5,2,1,1,1,1,1,1,1,1,1,4,2,1,0,5,5,1,0,1,24,1,4,2,2,4,7,0,2,25,3,4,818
orjson_3_10_5,7f520f043fecb42777933611dc23530d076c232b,0,8990167.0,4278.0,173,68,0,0,24,25,28,394,195,199,102,13,97,27,37,33,424,5,2,1,1,1,1,1,1,1,1,1,4,2,1,0,5,5,1,0,1,24,1,4,2,2,4,7,0,2,25,3,4,818
orjson_3_10_6,7f520f043fecb42777933611dc23530d076c232b,0,9042986.0,4278.0,173,68,0,0,24,25,28,394,195,199,102,13,97,27,37,33,424,5,2,1,1,1,1,1,1,1,1,1,4,2,1,0,5,5,1,0,1,24,1,4,2,2,4,7,0,2,25,3,4,818
orjson_3_10_1,d64a05f53616214fddf74dd760b384ab5ba8d941,0,9269805.333333334,4278.0,172,67,0,0,24,25,28,394,195,199,102,13,97,27,37,33,424,5,2,1,1,1,1,1,2,0,0,1,4,2,1,0,5,5,1,0,1,24,1,4,2,2,4,7,0,2,25,3,4,818
orjson_3_10_2,d64a05f53616214fddf74dd760b384ab5ba8d941,0,9318888.666666666,4278.0,172,67,0,0,24,25,28,394,195,199,102,13,97,27,37,33,424,5,2,1,1,1,1,1,2,0,0,1,4,2,1,0,5,5,1,0,1,24,1,4,2,2,4,7,0,2,25,3,4,818
orjson_3_10_3,d64a05f53616214fddf74dd760b384ab5ba8d941,0,9199042.0,4278.0,172,67,0,0,24,25,28,394,195,199,102,13,97,27,37,33,424,5,2,1,1,1,1,1,2,0,0,1,4,2,1,0,5,5,1,0,1,24,1,4,2,2,4,7,0,2,25,3,4,818
orjson_3_10_4,d64a05f53616214fddf74dd760b384ab5ba8d941,0,9003055.666666666,4278.0,172,67,0,0,24,25,28,394,195,199,102,13,97,27,37,33,424,5,2,1,1,1,1,1,2,0,0,1,4,2,1,0,5,5,1,0,1,24,1,4,2,2,4,7,0,2,25,3,4,818
orjson_3_10_5,d64a05f53616214fddf74dd760b384ab5ba8d941,0,8997736.333333334,4278.0,172,67,0,0,24,25,28,394,195,199,102,13,97,27,37,33,424,5,2,1,1,1,1,1,2,0,0,1,4,2,1,0,5,5,1,0,1,24,1,4,2,2,4,7,0,2,25,3,4,818
orjson_3_10_6,d64a05f53616214fddf74dd760b384ab5ba8d941,0,9036625.0,4278.0,172,67,0,0,24,25,28,394,195,199,102,13,97,27,37,33,424,5,2,1,1,1,1,1,2,0,0,1,4,2,1,0,5,5,1,0,1,24,1,4,2,2,4,7,0,2,25,3,4,818
orjson_3_10_1,5bfecc46dba7f93517136bddbfd1421daca38894,0,9293111.0,4278.0,173,68,0,0,24,25,28,394,195,199,102,13,97,27,37,33,424,5,2,1,1,1,1,1,2,0,0,1,4,2,1,0,5,5,1,0,1,24,1,4,2,2,4,7,0,2,25,3,4,818
orjson_3_10_2,5bfecc46dba7f93517136bddbfd1421daca38894,0,9186069.666666666,4278.0,173,68,0,0,24,25,28,394,195,199,102,13,97,27,37,33,424,5,2,1,1,1,1,1,2,0,0,1,4,2,1,0,5,5,1,0,1,24,1,4,2,2,4,7,0,2,25,3,4,818
orjson_3_10_3,5bfecc46dba7f93517136bddbfd1421daca38894,0,9252986.0,4278.0,173,68,0,0,24,25,28,394,195,199,102,13,97,27,37,33,424,5,2,1,1,1,1,1,2,0,0,1,4,2,1,0,5,5,1,0,1,24,1,4,2,2,4,7,0,2,25,3,4,818
orjson_3_10_4,5bfecc46dba7f93517136bddbfd1421daca38894,0,9035500.333333334,4278.0,173,68,0,0,24,25,28,394,195,199,102,13,97,27,37,33,424,5,2,1,1,1,1,1,2,0,0,1,4,2,1,0,5,5,1,0,1,24,1,4,2,2,4,7,0,2,25,3,4,818
orjson_3_10_5,5bfecc46dba7f93517136bddbfd1421daca38894,0,8934236.333333334,4278.0,173,68,0,0,24,25,28,394,195,199,102,13,97,27,37,33,424,5,2,1,1,1,1,1,2,0,0,1,4,2,1,0,5,5,1,0,1,24,1,4,2,2,4,7,0,2,25,3,4,818
orjson_3_10_6,5bfecc46dba7f93517136bddbfd1421daca38894,0,9127583.666666666,4278.0,173,68,0,0,24,25,28,394,195,199,102,13,97,27,37,33,424,5,2,1,1,1,1,1,2,0,0,1,4,2,1,0,5,5,1,0,1,24,1,4,2,2,4,7,0,2,25,3,4,818
orjson_3_10_1,1cf4e196b952dd4367a92b2705afa2dfd84a6ac9,0,9247750.0,4278.0,173,68,0,0,24,25,28,394,195,199,102,13,97,27,37,33,424,5,1,0,1,2,1,1,3,0,0,0,4,3,1,0,5,5,1,0,1,24,1,4,2,2,4,7,0,2,25,3,4,818
orjson_3_10_2,1cf4e196b952dd4367a92b2705afa2dfd84a6ac9,0,9183375.25,4278.0,173,68,0,0,24,25,28,394,195,199,102,13,97,27,37,33,424,5,1,0,1,2,1,1,3,0,0,0,4,3,1,0,5,5,1,0,1,24,1,4,2,2,4,7,0,2,25,3,4,818
orjson_3_10_3,1cf4e196b952dd4367a92b2705afa2dfd84a6ac9,0,9152444.666666666,4278.0,173,68,0,0,24,25,28,394,195,199,102,13,97,27,37,33,424,5,1,0,1,2,1,1,3,0,0,0,4,3,1,0,5,5,1,0,1,24,1,4,2,2,4,7,0,2,25,3,4,818
orjson_3_10_4,1cf4e196b952dd4367a92b2705afa2dfd84a6ac9,0,8928542.0,4278.0,173,68,0,0,24,25,28,394,195,199,102,13,97,27,37,33,424,5,1,0,1,2,1,1,3,0,0,0,4,3,1,0,5,5,1,0,1,24,1,4,2,2,4,7,0,2,25,3,4,818
orjson_3_10_5,1cf4e196b952dd4367a92b2705afa2dfd84a6ac9,0,8984250.0,4278.0,173,68,0,0,24,25,28,394,195,199,102,13,97,27,37,33,424,5,1,0,1,2,1,1,3,0,0,0,4,3,1,0,5,5,1,0,1,24,1,4,2,2,4,7,0,2,25,3,4,818
orjson_3_10_6,1cf4e196b952dd4367a92b2705afa2dfd84a6ac9,0,9074124.666666666,4278.0,173,68,0,0,24,25,28,394,195,199,102,13,97,27,37,33,424,5,1,0,1,2,1,1,3,0,0,0,4,3,1,0,5,5,1,0,1,24,1,4,2,2,4,7,0,2,25,3,4,818
orjson_3_10_1,0a3933897715d3afbd9bcb3b3d9a3780d346dfa5,0,9186097.0,4278.0,173,68,0,0,24,25,28,394,195,199,102,13,97,27,37,33,424,5,2,1,1,1,1,1,2,0,0,1,4,2,1,0,5,5,1,0,1,24,1,4,2,2,4,7,0,2,25,3,4,818
orjson_3_10_2,0a3933897715d3afbd9bcb3b3d9a3780d346dfa5,0,9277000.0,4278.0,173,68,0,0,24,25,28,394,195,199,102,13,97,27,37,33,424,5,2,1,1,1,1,1,2,0,0,1,4,2,1,0,5,5,1,0,1,24,1,4,2,2,4,7,0,2,25,3,4,818
orjson_3_10_3,0a3933897715d3afbd9bcb3b3d9a3780d346dfa5,0,9250264.0,4278.0,173,68,0,0,24,25,28,394,195,199,102,13,97,27,37,33,424,5,2,1,1,1,1,1,2,0,0,1,4,2,1,0,5,5,1,0,1,24,1,4,2,2,4,7,0,2,25,3,4,818
orjson_3_10_4,0a3933897715d3afbd9bcb3b3d9a3780d346dfa5,0,8995222.666666666,4278.0,173,68,0,0,24,25,28,394,195,199,102,13,97,27,37,33,424,5,2,1,1,1,1,1,2,0,0,1,4,2,1,0,5,5,1,0,1,24,1,4,2,2,4,7,0,2,25,3,4,818
orjson_3_10_5,0a3933897715d3afbd9bcb3b3d9a3780d346dfa5,0,8989097.333333334,4278.0,173,68,0,0,24,25,28,394,195,199,102,13,97,27,37,33,424,5,2,1,1,1,1,1,2,0,0,1,4,2,1,0,5,5,1,0,1,24,1,4,2,2,4,7,0,2,25,3,4,818
orjson_3_10_6,0a3933897715d3afbd9bcb3b3d9a3780d346dfa5,0,9158278.0,4278.0,173,68,0,0,24,25,28,394,195,199,102,13,97,27,37,33,424,5,2,1,1,1,1,1,2,0,0,1,4,2,1,0,5,5,1,0,1,24,1,4,2,2,4,7,0,2,25,3,4,818
orjson_3_10_1,7e091e06dcdfd80b73ff1af093b2ca09333d370b,0,9296750.0,4278.0,173,68,0,0,24,25,28,394,195,199,102,13,97,27,37,33,424,5,2,1,1,1,1,1,2,0,0,1,4,2,1,0,5,5,1,0,1,24,1,4,2,2,4,7,0,2,25,3,4,818
orjson_3_10_2,7e091e06dcdfd80b73ff1af093b2ca09333d370b,0,9242055.666666666,4278.0,173,68,0,0,24,25,28,394,195,199,102,13,97,27,37,33,424,5,2,1,1,1,1,1,2,0,0,1,4,2,1,0,5,5,1,0,1,24,1,4,2,2,4,7,0,2,25,3,4,818
orjson_3_10_3,7e091e06dcdfd80b73ff1af093b2ca09333d370b,0,9299402.666666666,4278.0,173,68,0,0,24,25,28,394,195,199,102,13,97,27,37,33,424,5,2,1,1,1,1,1,2,0,0,1,4,2,1,0,5,5,1,0,1,24,1,4,2,2,4,7,0,2,25,3,4,818
orjson_3_10_4,7e091e06dcdfd80b73ff1af093b2ca09333d370b,0,9041875.0,4278.0,173,68,0,0,24,25,28,394,195,199,102,13,97,27,37,33,424,5,2,1,1,1,1,1,2,0,0,1,4,2,1,0,5,5,1,0,1,24,1,4,2,2,4,7,0,2,25,3,4,818
orjson_3_10_5,7e091e06dcdfd80b73ff1af093b2ca09333d370b,0,9066347.0,4278.0,173,68,0,0,24,25,28,394,195,199,102,13,97,27,37,33,424,5,2,1,1,1,1,1,2,0,0,1,4,2,1,0,5,5,1,0,1,24,1,4,2,2,4,7,0,2,25,3,4,818
orjson_3_10_6,7e091e06dcdfd80b73ff1af093b2ca09333d370b,0,8999653.0,4278.0,173,68,0,0,24,25,28,394,195,199,102,13,97,27,37,33,424,5,2,1,1,1,1,1,2,0,0,1,4,2,1,0,5,5,1,0,1,24,1,4,2,2,4,7,0,2,25,3,4,818
orjson_3_10_1,dac51f7575dadb18ca8202003469c782299594fc,0,9723694.666666666,4028.0,242,69,1,2,38,43,46,369,177,192,95,12,97,37,34,26,342,14,0,0,0,1,0,0,0,9,1,0,2,2,1,1,3,9,4,1,4,36,4,3,3,3,3,6,0,6,40,6,2,711
orjson_3_10_2,dac51f7575dadb18ca8202003469c782299594fc,0,9679958.25,4146.0,242,69,1,2,38,43,46,369,177,192,95,12,97,37,34,26,342,14,0,0,0,1,0,0,0,9,1,0,2,2,1,1,3,9,4,1,4,36,4,3,3,3,3,6,0,6,40,6,2,711
orjson_3_10_3,dac51f7575dadb18ca8202003469c782299594fc,0,9589403.0,4028.0,242,69,1,2,38,43,46,369,177,192,95,12,97,37,34,26,342,14,0,0,0,1,0,0,0,9,1,0,2,2,1,1,3,9,4,1,4,36,4,3,3,3,3,6,0,6,40,6,2,711
orjson_3_10_4,dac51f7575dadb18ca8202003469c782299594fc,0,9391249.666666666,4028.0,242,69,1,2,38,43,46,369,177,192,95,12,97,37,34,26,342,14,0,0,0,1,0,0,0,9,1,0,2,2,1,1,3,9,4,1,4,36,4,3,3,3,3,6,0,6,40,6,2,711
orjson_3_10_5,dac51f7575dadb18ca8202003469c782299594fc,0,9346847.0,4028.0,242,69,1,2,38,43,46,369,177,192,95,12,97,37,34,26,342,14,0,0,0,1,0,0,0,9,1,0,2,2,1,1,3,9,4,1,4,36,4,3,3,3,3,6,0,6,40,6,2,711
orjson_3_10_6,dac51f7575dadb18ca8202003469c782299594fc,0,9514778.0,4028.0,242,69,1,2,38,43,46,369,177,192,95,12,97,37,34,26,342,14,0,0,0,1,0,0,0,9,1,0,2,2,1,1,3,9,4,1,4,36,4,3,3,3,3,6,0,6,40,6,2,711
orjson_3_10_1,42c819fe46b21df0a4e0e69690ef5e0c06a1fd11,0,9644874.666666666,4546.0,158,40,0,0,26,28,32,425,216,209,98,12,111,35,34,42,389,10,0,0,0,0,0,0,0,0,0,0,0,0,0,0,4,5,2,0,2,26,2,5,5,5,5,2,0,3,28,4,0,814
orjson_3_10_2,42c819fe46b21df0a4e0e69690ef5e0c06a1fd11,0,9617236.0,4632.0,158,40,0,0,26,28,32,425,216,209,98,12,111,35,34,42,389,10,0,0,0,0,0,0,0,0,0,0,0,0,0,0,4,5,2,0,2,26,2,5,5,5,5,2,0,3,28,4,0,814
orjson_3_10_3,42c819fe46b21df0a4e0e69690ef5e0c06a1fd11,0,9434680.333333334,4546.0,158,40,0,0,26,28,32,425,216,209,98,12,111,35,34,42,389,10,0,0,0,0,0,0,0,0,0,0,0,0,0,0,4,5,2,0,2,26,2,5,5,5,5,2,0,3,28,4,0,814
orjson_3_10_4,42c819fe46b21df0a4e0e69690ef5e0c06a1fd11,0,9240291.666666666,4546.0,158,40,0,0,26,28,32,425,216,209,98,12,111,35,34,42,389,10,0,0,0,0,0,0,0,0,0,0,0,0,0,0,4,5,2,0,2,26,2,5,5,5,5,2,0,3,28,4,0,814
orjson_3_10_5,42c819fe46b21df0a4e0e69690ef5e0c06a1fd11,0,9253680.333333334,4546.0,158,40,0,0,26,28,32,425,216,209,98,12,111,35,34,42,389,10,0,0,0,0,0,0,0,0,0,0,0,0,0,0,4,5,2,0,2,26,2,5,5,5,5,2,0,3,28,4,0,814
orjson_3_10_6,42c819fe46b21df0a4e0e69690ef5e0c06a1fd11,0,9554847.333333334,4657.0,158,40,0,0,26,28,32,425,216,209,98,12,111,35,34,42,389,10,0,0,0,0,0,0,0,0,0,0,0,0,0,0,4,5,2,0,2,26,2,5,5,5,5,2,0,3,28,4,0,814
orjson_3_10_1,d5eea5c2523415acccac10ea36f747d139836f0c,0,9737500.333333334,4028.0,242,69,1,2,38,43,46,369,177,192,95,12,97,37,33,27,342,14,0,0,0,1,0,0,0,9,1,0,2,2,1,1,3,9,4,1,4,36,4,3,3,3,3,6,0,6,40,6,2,711
orjson_3_10_2,d5eea5c2523415acccac10ea36f747d139836f0c,0,9629319.333333334,4146.0,242,69,1,2,38,43,46,369,177,192,95,12,97,37,33,27,342,14,0,0,0,1,0,0,0,9,1,0,2,2,1,1,3,9,4,1,4,36,4,3,3,3,3,6,0,6,40,6,2,711
orjson_3_10_3,d5eea5c2523415acccac10ea36f747d139836f0c,0,9445208.333333334,4028.0,242,69,1,2,38,43,46,369,177,192,95,12,97,37,33,27,342,14,0,0,0,1,0,0,0,9,1,0,2,2,1,1,3,9,4,1,4,36,4,3,3,3,3,6,0,6,40,6,2,711
orjson_3_10_4,d5eea5c2523415acccac10ea36f747d139836f0c,0,9233652.666666666,4028.0,242,69,1,2,38,43,46,369,177,192,95,12,97,37,33,27,342,14,0,0,0,1,0,0,0,9,1,0,2,2,1,1,3,9,4,1,4,36,4,3,3,3,3,6,0,6,40,6,2,711
orjson_3_10_5,d5eea5c2523415acccac10ea36f747d139836f0c,0,9374097.333333334,4028.0,242,69,1,2,38,43,46,369,177,192,95,12,97,37,33,27,342,14,0,0,0,1,0,0,0,9,1,0,2,2,1,1,3,9,4,1,4,36,4,3,3,3,3,6,0,6,40,6,2,711
orjson_3_10_6,d5eea5c2523415acccac10ea36f747d139836f0c,0,9486361.0,4028.0,242,69,1,2,38,43,46,369,177,192,95,12,97,37,33,27,342,14,0,0,0,1,0,0,0,9,1,0,2,2,1,1,3,9,4,1,4,36,4,3,3,3,3,6,0,6,40,6,2,711
orjson_3_10_1,4aac6ab74045eb37df04948650cc44a8b98ffc2a,0,10496430.333333334,4788.0,174,43,1,0,28,31,36,407,216,191,95,9,96,27,37,32,404,5,0,0,0,0,0,0,0,0,0,0,0,0,0,0,8,3,2,1,2,28,2,4,3,3,4,2,0,4,30,8,0,811
orjson_3_10_2,4aac6ab74045eb37df04948650cc44a8b98ffc2a,0,10382652.666666666,4788.0,174,43,1,0,28,31,36,407,216,191,95,9,96,27,37,32,404,5,0,0,0,0,0,0,0,0,0,0,0,0,0,0,8,3,2,1,2,28,2,4,3,3,4,2,0,4,30,8,0,811
orjson_3_10_3,4aac6ab74045eb37df04948650cc44a8b98ffc2a,0,10515680.333333334,4788.0,174,43,1,0,28,31,36,407,216,191,95,9,96,27,37,32,404,5,0,0,0,0,0,0,0,0,0,0,0,0,0,0,8,3,2,1,2,28,2,4,3,3,4,2,0,4,30,8,0,811
orjson_3_10_4,4aac6ab74045eb37df04948650cc44a8b98ffc2a,0,10126652.666666666,4788.0,174,43,1,0,28,31,36,407,216,191,95,9,96,27,37,32,404,5,0,0,0,0,0,0,0,0,0,0,0,0,0,0,8,3,2,1,2,28,2,4,3,3,4,2,0,4,30,8,0,811
orjson_3_10_5,4aac6ab74045eb37df04948650cc44a8b98ffc2a,0,10218541.666666666,4788.0,174,43,1,0,28,31,36,407,216,191,95,9,96,27,37,32,404,5,0,0,0,0,0,0,0,0,0,0,0,0,0,0,8,3,2,1,2,28,2,4,3,3,4,2,0,4,30,8,0,811
orjson_3_10_6,4aac6ab74045eb37df04948650cc44a8b98ffc2a,0,10446806.0,4922.0,174,43,1,0,28,31,36,407,216,191,95,9,96,27,37,32,404,5,0,0,0,0,0,0,0,0,0,0,0,0,0,0,8,3,2,1,2,28,2,4,3,3,4,2,0,4,30,8,0,811
orjson_3_10_1,4d5029ae9d3f15b85e5ef36037ab4aa4b1ee6dbc,0,9427791.75,4674.0,164,64,0,0,22,24,29,404,215,189,100,11,89,31,29,29,434,7,1,0,1,2,1,1,1,0,0,0,2,1,1,0,1,6,2,0,2,22,2,3,4,4,3,4,0,3,24,2,2,838
orjson_3_10_2,4d5029ae9d3f15b85e5ef36037ab4aa4b1ee6dbc,0,9413111.0,4558.0,164,64,0,0,22,24,29,404,215,189,100,11,89,31,29,29,434,7,1,0,1,2,1,1,1,0,0,0,2,1,1,0,1,6,2,0,2,22,2,3,4,4,3,4,0,3,24,2,2,838
orjson_3_10_3,4d5029ae9d3f15b85e5ef36037ab4aa4b1ee6dbc,0,9326999.666666666,4558.0,164,64,0,0,22,24,29,404,215,189,100,11,89,31,29,29,434,7,1,0,1,2,1,1,1,0,0,0,2,1,1,0,1,6,2,0,2,22,2,3,4,4,3,4,0,3,24,2,2,838
orjson_3_10_4,4d5029ae9d3f15b85e5ef36037ab4aa4b1ee6dbc,0,9174555.333333334,4558.0,164,64,0,0,22,24,29,404,215,189,100,11,89,31,29,29,434,7,1,0,1,2,1,1,1,0,0,0,2,1,1,0,1,6,2,0,2,22,2,3,4,4,3,4,0,3,24,2,2,838
orjson_3_10_5,4d5029ae9d3f15b85e5ef36037ab4aa4b1ee6dbc,0,9153625.0,4558.0,164,64,0,0,22,24,29,404,215,189,100,11,89,31,29,29,434,7,1,0,1,2,1,1,1,0,0,0,2,1,1,0,1,6,2,0,2,22,2,3,4,4,3,4,0,3,24,2,2,838
orjson_3_10_6,4d5029ae9d3f15b85e5ef36037ab4aa4b1ee6dbc,0,9229430.333333334,4558.0,164,64,0,0,22,24,29,404,215,189,100,11,89,31,29,29,434,7,1,0,1,2,1,1,1,0,0,0,2,1,1,0,1,6,2,0,2,22,2,3,4,4,3,4,0,3,24,2,2,838
orjson_3_10_1,955cc870187df41e68116c2a714e7d2059280cd7,0,9419569.666666666,4530.0,196,88,1,3,25,28,26,372,195,177,97,8,80,26,24,30,435,8,3,1,2,2,3,2,2,10,1,1,5,2,1,0,3,6,2,1,2,22,2,3,2,2,3,3,0,4,24,3,5,807
orjson_3_10_2,955cc870187df41e68116c2a714e7d2059280cd7,0,9454277.666666666,4530.0,196,88,1,3,25,28,26,372,195,177,97,8,80,26,24,30,435,8,3,1,2,2,3,2,2,10,1,1,5,2,1,0,3,6,2,1,2,22,2,3,2,2,3,3,0,4,24,3,5,807
orjson_3_10_3,955cc870187df41e68116c2a714e7d2059280cd7,0,9526507.0,4530.0,196,88,1,3,25,28,26,372,195,177,97,8,80,26,24,30,435,8,3,1,2,2,3,2,2,10,1,1,5,2,1,0,3,6,2,1,2,22,2,3,2,2,3,3,0,4,24,3,5,807
orjson_3_10_4,955cc870187df41e68116c2a714e7d2059280cd7,0,9268958.333333334,4530.0,196,88,1,3,25,28,26,372,195,177,97,8,80,26,24,30,435,8,3,1,2,2,3,2,2,10,1,1,5,2,1,0,3,6,2,1,2,22,2,3,2,2,3,3,0,4,24,3,5,807
orjson_3_10_5,955cc870187df41e68116c2a714e7d2059280cd7,0,9212625.0,4530.0,196,88,1,3,25,28,26,372,195,177,97,8,80,26,24,30,435,8,3,1,2,2,3,2,2,10,1,1,5,2,1,0,3,6,2,1,2,22,2,3,2,2,3,3,0,4,24,3,5,807
orjson_3_10_6,955cc870187df41e68116c2a714e7d2059280cd7,0,9416722.666666666,4530.0,196,88,1,3,25,28,26,372,195,177,97,8,80,26,24,30,435,8,3,1,2,2,3,2,2,10,1,1,5,2,1,0,3,6,2,1,2,22,2,3,2,2,3,3,0,4,24,3,5,807
orjson_3_10_1,d2f6e1e4e6361c3db517b8f1aa67f1b4239610ec,0,9201347.666666666,4216.0,105,45,0,0,13,14,15,417,187,230,113,11,117,31,41,45,451,4,3,2,1,1,2,1,1,0,0,2,4,1,1,0,1,2,1,0,1,13,1,3,3,3,3,5,0,2,14,2,4,868
orjson_3_10_2,d2f6e1e4e6361c3db517b8f1aa67f1b4239610ec,0,9444181.0,4216.0,105,45,0,0,13,14,15,417,187,230,113,11,117,31,41,45,451,4,3,2,1,1,2,1,1,0,0,2,4,1,1,0,1,2,1,0,1,13,1,3,3,3,3,5,0,2,14,2,4,868
orjson_3_10_3,d2f6e1e4e6361c3db517b8f1aa67f1b4239610ec,0,9307652.666666666,4216.0,105,45,0,0,13,14,15,417,187,230,113,11,117,31,41,45,451,4,3,2,1,1,2,1,1,0,0,2,4,1,1,0,1,2,1,0,1,13,1,3,3,3,3,5,0,2,14,2,4,868
orjson_3_10_4,d2f6e1e4e6361c3db517b8f1aa67f1b4239610ec,0,9109486.333333334,4216.0,105,45,0,0,13,14,15,417,187,230,113,11,117,31,41,45,451,4,3,2,1,1,2,1,1,0,0,2,4,1,1,0,1,2,1,0,1,13,1,3,3,3,3,5,0,2,14,2,4,868
orjson_3_10_5,d2f6e1e4e6361c3db517b8f1aa67f1b4239610ec,0,9148403.333333334,4216.0,105,45,0,0,13,14,15,417,187,230,113,11,117,31,41,45,451,4,3,2,1,1,2,1,1,0,0,2,4,1,1,0,1,2,1,0,1,13,1,3,3,3,3,5,0,2,14,2,4,868
orjson_3_10_6,d2f6e1e4e6361c3db517b8f1aa67f1b4239610ec,0,9208666.666666666,4216.0,105,45,0,0,13,14,15,417,187,230,113,11,117,31,41,45,451,4,3,2,1,1,2,1,1,0,0,2,4,1,1,0,1,2,1,0,1,13,1,3,3,3,3,5,0,2,14,2,4,868
orjson_3_10_1,3cda505379054a021c280626ab1cf1faa4e7bf2e,0,9176166.666666666,4899.0,171,66,2,1,23,27,33,395,211,184,101,15,83,23,28,32,422,3,2,1,2,2,8,1,1,0,0,1,2,0,0,0,5,4,2,2,2,22,2,2,7,7,2,6,0,4,24,3,2,817
orjson_3_10_2,3cda505379054a021c280626ab1cf1faa4e7bf2e,0,9109708.333333334,4899.0,171,66,2,1,23,27,33,395,211,184,101,15,83,23,28,32,422,3,2,1,2,2,8,1,1,0,0,1,2,0,0,0,5,4,2,2,2,22,2,2,7,7,2,6,0,4,24,3,2,817
orjson_3_10_3,3cda505379054a021c280626ab1cf1faa4e7bf2e,0,9134305.666666666,4899.0,171,66,2,1,23,27,33,395,211,184,101,15,83,23,28,32,422,3,2,1,2,2,8,1,1,0,0,1,2,0,0,0,5,4,2,2,2,22,2,2,7,7,2,6,0,4,24,3,2,817
orjson_3_10_4,3cda505379054a021c280626ab1cf1faa4e7bf2e,0,8937764.0,4899.0,171,66,2,1,23,27,33,395,211,184,101,15,83,23,28,32,422,3,2,1,2,2,8,1,1,0,0,1,2,0,0,0,5,4,2,2,2,22,2,2,7,7,2,6,0,4,24,3,2,817
orjson_3_10_5,3cda505379054a021c280626ab1cf1faa4e7bf2e,0,9015431.0,4899.0,171,66,2,1,23,27,33,395,211,184,101,15,83,23,28,32,422,3,2,1,2,2,8,1,1,0,0,1,2,0,0,0,5,4,2,2,2,22,2,2,7,7,2,6,0,4,24,3,2,817
orjson_3_10_6,3cda505379054a021c280626ab1cf1faa4e7bf2e,0,9238791.0,4990.0,171,66,2,1,23,27,33,395,211,184,101,15,83,23,28,32,422,3,2,1,2,2,8,1,1,0,0,1,2,0,0,0,5,4,2,2,2,22,2,2,7,7,2,6,0,4,24,3,2,817
orjson_3_10_1,9e83bf0b380dbf7f50b34d9c209eab763f97c46e,0,9756694.333333334,4954.0,160,53,1,2,24,27,30,411,207,204,108,13,96,38,30,28,401,2,2,0,2,2,3,2,2,6,1,0,4,2,1,0,3,7,2,1,2,22,2,3,5,5,3,5,0,3,24,4,4,812
orjson_3_10_2,9e83bf0b380dbf7f50b34d9c209eab763f97c46e,0,9587124.666666666,4850.0,160,53,1,2,24,27,30,411,207,204,108,13,96,38,30,28,401,2,2,0,2,2,3,2,2,6,1,0,4,2,1,0,3,7,2,1,2,22,2,3,5,5,3,5,0,3,24,4,4,812
orjson_3_10_3,9e83bf0b380dbf7f50b34d9c209eab763f97c46e,0,9468031.5,4850.0,160,53,1,2,24,27,30,411,207,204,108,13,96,38,30,28,401,2,2,0,2,2,3,2,2,6,1,0,4,2,1,0,3,7,2,1,2,22,2,3,5,5,3,5,0,3,24,4,4,812
orjson_3_10_4,9e83bf0b380dbf7f50b34d9c209eab763f97c46e,0,9323541.666666666,4850.0,160,53,1,2,24,27,30,411,207,204,108,13,96,38,30,28,401,2,2,0,2,2,3,2,2,6,1,0,4,2,1,0,3,7,2,1,2,22,2,3,5,5,3,5,0,3,24,4,4,812
orjson_3_10_5,9e83bf0b380dbf7f50b34d9c209eab763f97c46e,0,9413666.333333334,4850.0,160,53,1,2,24,27,30,411,207,204,108,13,96,38,30,28,401,2,2,0,2,2,3,2,2,6,1,0,4,2,1,0,3,7,2,1,2,22,2,3,5,5,3,5,0,3,24,4,4,812
orjson_3_10_6,9e83bf0b380dbf7f50b34d9c209eab763f97c46e,0,9480666.666666666,4850.0,160,53,1,2,24,27,30,411,207,204,108,13,96,38,30,28,401,2,2,0,2,2,3,2,2,6,1,0,4,2,1,0,3,7,2,1,2,22,2,3,5,5,3,5,0,3,24,4,4,812
orjson_3_10_1,95198393bfe979d78c4437d74656cad8face942b,0,9913500.0,4810.0,236,84,0,0,33,36,42,381,200,181,89,8,92,31,36,25,353,6,3,2,1,4,3,1,0,4,1,2,3,0,0,0,7,6,3,0,3,33,3,1,5,5,1,2,0,4,36,6,3,734
orjson_3_10_2,95198393bfe979d78c4437d74656cad8face942b,0,9561000.0,4724.0,236,84,0,0,33,36,42,381,200,181,89,8,92,31,36,25,353,6,3,2,1,4,3,1,0,4,1,2,3,0,0,0,7,6,3,0,3,33,3,1,5,5,1,2,0,4,36,6,3,734
orjson_3_10_3,95198393bfe979d78c4437d74656cad8face942b,0,9696777.666666666,4767.0,236,84,0,0,33,36,42,381,200,181,89,8,92,31,36,25,353,6,3,2,1,4,3,1,0,4,1,2,3,0,0,0,7,6,3,0,3,33,3,1,5,5,1,2,0,4,36,6,3,734
orjson_3_10_4,95198393bfe979d78c4437d74656cad8face942b,0,9389722.333333334,4724.0,236,84,0,0,33,36,42,381,200,181,89,8,92,31,36,25,353,6,3,2,1,4,3,1,0,4,1,2,3,0,0,0,7,6,3,0,3,33,3,1,5,5,1,2,0,4,36,6,3,734
orjson_3_10_5,95198393bfe979d78c4437d74656cad8face942b,0,9421694.333333334,4724.0,236,84,0,0,33,36,42,381,200,181,89,8,92,31,36,25,353,6,3,2,1,4,3,1,0,4,1,2,3,0,0,0,7,6,3,0,3,33,3,1,5,5,1,2,0,4,36,6,3,734
orjson_3_10_6,95198393bfe979d78c4437d74656cad8face942b,0,9506361.0,4724.0,236,84,0,0,33,36,42,381,200,181,89,8,92,31,36,25,353,6,3,2,1,4,3,1,0,4,1,2,3,0,0,0,7,6,3,0,3,33,3,1,5,5,1,2,0,4,36,6,3,734
orjson_3_10_1,52c24a6665224d5faaa55a6d7430f6cbc5b924d9,0,9250708.333333334,4216.0,105,45,0,0,13,14,15,417,187,230,113,11,117,31,41,45,451,4,3,2,1,2,1,1,1,0,0,2,4,1,1,0,1,2,1,0,1,13,1,3,3,3,3,5,0,2,14,2,4,868
orjson_3_10_2,52c24a6665224d5faaa55a6d7430f6cbc5b924d9,0,9369750.333333334,4216.0,105,45,0,0,13,14,15,417,187,230,113,11,117,31,41,45,451,4,3,2,1,2,1,1,1,0,0,2,4,1,1,0,1,2,1,0,1,13,1,3,3,3,3,5,0,2,14,2,4,868
orjson_3_10_3,52c24a6665224d5faaa55a6d7430f6cbc5b924d9,0,9340250.0,4216.0,105,45,0,0,13,14,15,417,187,230,113,11,117,31,41,45,451,4,3,2,1,2,1,1,1,0,0,2,4,1,1,0,1,2,1,0,1,13,1,3,3,3,3,5,0,2,14,2,4,868
orjson_3_10_4,52c24a6665224d5faaa55a6d7430f6cbc5b924d9,0,9129166.666666666,4216.0,105,45,0,0,13,14,15,417,187,230,113,11,117,31,41,45,451,4,3,2,1,2,1,1,1,0,0,2,4,1,1,0,1,2,1,0,1,13,1,3,3,3,3,5,0,2,14,2,4,868
orjson_3_10_5,52c24a6665224d5faaa55a6d7430f6cbc5b924d9,0,9128305.333333334,4216.0,105,45,0,0,13,14,15,417,187,230,113,11,117,31,41,45,451,4,3,2,1,2,1,1,1,0,0,2,4,1,1,0,1,2,1,0,1,13,1,3,3,3,3,5,0,2,14,2,4,868
orjson_3_10_6,52c24a6665224d5faaa55a6d7430f6cbc5b924d9,0,9344180.333333334,4216.0,105,45,0,0,13,14,15,417,187,230,113,11,117,31,41,45,451,4,3,2,1,2,1,1,1,0,0,2,4,1,1,0,1,2,1,0,1,13,1,3,3,3,3,5,0,2,14,2,4,868
orjson_3_10_1,fc99db45c9bbef69bc346eb96f3390c73d493bad,0,9799750.0,4954.0,160,53,1,2,24,27,30,411,207,204,108,13,96,38,30,28,401,2,2,0,2,1,4,2,2,6,1,0,4,2,1,0,3,7,2,1,2,22,2,3,5,5,3,5,0,3,24,4,4,812
orjson_3_10_2,fc99db45c9bbef69bc346eb96f3390c73d493bad,0,9648735.666666666,4850.0,160,53,1,2,24,27,30,411,207,204,108,13,96,38,30,28,401,2,2,0,2,1,4,2,2,6,1,0,4,2,1,0,3,7,2,1,2,22,2,3,5,5,3,5,0,3,24,4,4,812
orjson_3_10_3,fc99db45c9bbef69bc346eb96f3390c73d493bad,0,9594375.333333334,4850.0,160,53,1,2,24,27,30,411,207,204,108,13,96,38,30,28,401,2,2,0,2,1,4,2,2,6,1,0,4,2,1,0,3,7,2,1,2,22,2,3,5,5,3,5,0,3,24,4,4,812
orjson_3_10_4,fc99db45c9bbef69bc346eb96f3390c73d493bad,0,9350458.333333334,4850.0,160,53,1,2,24,27,30,411,207,204,108,13,96,38,30,28,401,2,2,0,2,1,4,2,2,6,1,0,4,2,1,0,3,7,2,1,2,22,2,3,5,5,3,5,0,3,24,4,4,812
orjson_3_10_5,fc99db45c9bbef69bc346eb96f3390c73d493bad,0,9351069.333333334,4850.0,160,53,1,2,24,27,30,411,207,204,108,13,96,38,30,28,401,2,2,0,2,1,4,2,2,6,1,0,4,2,1,0,3,7,2,1,2,22,2,3,5,5,3,5,0,3,24,4,4,812
orjson_3_10_6,fc99db45c9bbef69bc346eb96f3390c73d493bad,0,9453986.0,4850.0,160,53,1,2,24,27,30,411,207,204,108,13,96,38,30,28,401,2,2,0,2,1,4,2,2,6,1,0,4,2,1,0,3,7,2,1,2,22,2,3,5,5,3,5,0,3,24,4,4,812
orjson_3_10_1,0acc71ae5891eb45c6ba5b495623753aaf06aeac,0,9145875.333333334,4216.0,105,45,0,0,13,14,15,417,187,230,113,11,117,31,41,45,451,4,3,2,1,1,2,1,1,0,0,2,4,1,1,0,1,2,1,0,1,13,1,3,3,3,3,5,0,2,14,2,4,868
orjson_3_10_2,0acc71ae5891eb45c6ba5b495623753aaf06aeac,0,9421375.333333334,4216.0,105,45,0,0,13,14,15,417,187,230,113,11,117,31,41,45,451,4,3,2,1,1,2,1,1,0,0,2,4,1,1,0,1,2,1,0,1,13,1,3,3,3,3,5,0,2,14,2,4,868
orjson_3_10_3,0acc71ae5891eb45c6ba5b495623753aaf06aeac,0,9411111.0,4216.0,105,45,0,0,13,14,15,417,187,230,113,11,117,31,41,45,451,4,3,2,1,1,2,1,1,0,0,2,4,1,1,0,1,2,1,0,1,13,1,3,3,3,3,5,0,2,14,2,4,868
orjson_3_10_4,0acc71ae5891eb45c6ba5b495623753aaf06aeac,0,9139569.0,4216.0,105,45,0,0,13,14,15,417,187,230,113,11,117,31,41,45,451,4,3,2,1,1,2,1,1,0,0,2,4,1,1,0,1,2,1,0,1,13,1,3,3,3,3,5,0,2,14,2,4,868
orjson_3_10_5,0acc71ae5891eb45c6ba5b495623753aaf06aeac,0,9090402.666666666,4216.0,105,45,0,0,13,14,15,417,187,230,113,11,117,31,41,45,451,4,3,2,1,1,2,1,1,0,0,2,4,1,1,0,1,2,1,0,1,13,1,3,3,3,3,5,0,2,14,2,4,868
orjson_3_10_6,0acc71ae5891eb45c6ba5b495623753aaf06aeac,0,9198722.0,4216.0,105,45,0,0,13,14,15,417,187,230,113,11,117,31,41,45,451,4,3,2,1,1,2,1,1,0,0,2,4,1,1,0,1,2,1,0,1,13,1,3,3,3,3,5,0,2,14,2,4,868
orjson_3_10_1,7477a0fea520819183c728e62d31bcd5b3686be6,0,9523875.333333334,4530.0,196,88,1,3,25,28,26,372,195,177,97,8,80,26,24,30,435,8,3,1,2,2,3,2,2,10,1,1,5,2,1,0,3,6,2,1,2,22,2,3,2,2,3,3,0,4,24,3,5,807
orjson_3_10_2,7477a0fea520819183c728e62d31bcd5b3686be6,0,9640352.0,4530.0,196,88,1,3,25,28,26,372,195,177,97,8,80,26,24,30,435,8,3,1,2,2,3,2,2,10,1,1,5,2,1,0,3,6,2,1,2,22,2,3,2,2,3,3,0,4,24,3,5,807
orjson_3_10_3,7477a0fea520819183c728e62d31bcd5b3686be6,0,9414444.666666666,4530.0,196,88,1,3,25,28,26,372,195,177,97,8,80,26,24,30,435,8,3,1,2,2,3,2,2,10,1,1,5,2,1,0,3,6,2,1,2,22,2,3,2,2,3,3,0,4,24,3,5,807
orjson_3_10_4,7477a0fea520819183c728e62d31bcd5b3686be6,0,9341888.666666666,4530.0,196,88,1,3,25,28,26,372,195,177,97,8,80,26,24,30,435,8,3,1,2,2,3,2,2,10,1,1,5,2,1,0,3,6,2,1,2,22,2,3,2,2,3,3,0,4,24,3,5,807
orjson_3_10_5,7477a0fea520819183c728e62d31bcd5b3686be6,0,9327791.333333334,4530.0,196,88,1,3,25,28,26,372,195,177,97,8,80,26,24,30,435,8,3,1,2,2,3,2,2,10,1,1,5,2,1,0,3,6,2,1,2,22,2,3,2,2,3,3,0,4,24,3,5,807
orjson_3_10_6,7477a0fea520819183c728e62d31bcd5b3686be6,0,9433583.333333334,4530.0,196,88,1,3,25,28,26,372,195,177,97,8,80,26,24,30,435,8,3,1,2,2,3,2,2,10,1,1,5,2,1,0,3,6,2,1,2,22,2,3,2,2,3,3,0,4,24,3,5,807
orjson_3_10_1,9e67da379096bdc19dd8e4b20525a055d837d572,0,9494750.333333334,4530.0,196,88,1,3,25,28,26,372,195,177,97,8,80,26,24,30,435,8,3,1,2,2,3,2,2,10,1,1,5,2,1,0,3,6,2,1,2,22,2,3,2,2,3,3,0,4,24,3,5,807
orjson_3_10_2,9e67da379096bdc19dd8e4b20525a055d837d572,0,9464833.0,4530.0,196,88,1,3,25,28,26,372,195,177,97,8,80,26,24,30,435,8,3,1,2,2,3,2,2,10,1,1,5,2,1,0,3,6,2,1,2,22,2,3,2,2,3,3,0,4,24,3,5,807
orjson_3_10_3,9e67da379096bdc19dd8e4b20525a055d837d572,0,9410833.333333334,4530.0,196,88,1,3,25,28,26,372,195,177,97,8,80,26,24,30,435,8,3,1,2,2,3,2,2,10,1,1,5,2,1,0,3,6,2,1,2,22,2,3,2,2,3,3,0,4,24,3,5,807
orjson_3_10_4,9e67da379096bdc19dd8e4b20525a055d837d572,0,9358583.0,4530.0,196,88,1,3,25,28,26,372,195,177,97,8,80,26,24,30,435,8,3,1,2,2,3,2,2,10,1,1,5,2,1,0,3,6,2,1,2,22,2,3,2,2,3,3,0,4,24,3,5,807
orjson_3_10_5,9e67da379096bdc19dd8e4b20525a055d837d572,0,9341444.333333334,4530.0,196,88,1,3,25,28,26,372,195,177,97,8,80,26,24,30,435,8,3,1,2,2,3,2,2,10,1,1,5,2,1,0,3,6,2,1,2,22,2,3,2,2,3,3,0,4,24,3,5,807
orjson_3_10_6,9e67da379096bdc19dd8e4b20525a055d837d572,0,9485138.333333334,4530.0,196,88,1,3,25,28,26,372,195,177,97,8,80,26,24,30,435,8,3,1,2,2,3,2,2,10,1,1,5,2,1,0,3,6,2,1,2,22,2,3,2,2,3,3,0,4,24,3,5,807
orjson_3_10_1,611569e090fb66b2c0e893db6ef5d680000a6798,0,9245319.333333334,4216.0,105,45,0,0,13,14,15,417,187,230,113,11,117,31,41,45,451,4,3,2,1,1,2,1,1,0,0,2,4,1,1,0,1,2,1,0,1,13,1,3,3,3,3,5,0,2,14,2,4,868
orjson_3_10_2,611569e090fb66b2c0e893db6ef5d680000a6798,0,9403694.333333334,4216.0,105,45,0,0,13,14,15,417,187,230,113,11,117,31,41,45,451,4,3,2,1,1,2,1,1,0,0,2,4,1,1,0,1,2,1,0,1,13,1,3,3,3,3,5,0,2,14,2,4,868
orjson_3_10_3,611569e090fb66b2c0e893db6ef5d680000a6798,0,9391666.666666666,4216.0,105,45,0,0,13,14,15,417,187,230,113,11,117,31,41,45,451,4,3,2,1,1,2,1,1,0,0,2,4,1,1,0,1,2,1,0,1,13,1,3,3,3,3,5,0,2,14,2,4,868
orjson_3_10_4,611569e090fb66b2c0e893db6ef5d680000a6798,0,9137888.333333334,4216.0,105,45,0,0,13,14,15,417,187,230,113,11,117,31,41,45,451,4,3,2,1,1,2,1,1,0,0,2,4,1,1,0,1,2,1,0,1,13,1,3,3,3,3,5,0,2,14,2,4,868
orjson_3_10_5,611569e090fb66b2c0e893db6ef5d680000a6798,0,9007222.333333334,4216.0,105,45,0,0,13,14,15,417,187,230,113,11,117,31,41,45,451,4,3,2,1,1,2,1,1,0,0,2,4,1,1,0,1,2,1,0,1,13,1,3,3,3,3,5,0,2,14,2,4,868
orjson_3_10_6,611569e090fb66b2c0e893db6ef5d680000a6798,0,9222944.666666666,4216.0,105,45,0,0,13,14,15,417,187,230,113,11,117,31,41,45,451,4,3,2,1,1,2,1,1,0,0,2,4,1,1,0,1,2,1,0,1,13,1,3,3,3,3,5,0,2,14,2,4,868
orjson_3_10_1,4cd9f47c1815f5822d591491f28fd35ba173cdae,0,9547069.333333334,4530.0,196,88,1,3,25,28,26,372,195,177,97,8,80,26,24,30,435,8,3,1,2,2,3,2,2,10,1,1,5,2,1,0,3,6,2,1,2,22,2,3,2,2,3,3,0,4,24,3,5,807
orjson_3_10_2,4cd9f47c1815f5822d591491f28fd35ba173cdae,0,9439500.333333334,4530.0,196,88,1,3,25,28,26,372,195,177,97,8,80,26,24,30,435,8,3,1,2,2,3,2,2,10,1,1,5,2,1,0,3,6,2,1,2,22,2,3,2,2,3,3,0,4,24,3,5,807
orjson_3_10_3,4cd9f47c1815f5822d591491f28fd35ba173cdae,0,9457819.333333334,4530.0,196,88,1,3,25,28,26,372,195,177,97,8,80,26,24,30,435,8,3,1,2,2,3,2,2,10,1,1,5,2,1,0,3,6,2,1,2,22,2,3,2,2,3,3,0,4,24,3,5,807
orjson_3_10_4,4cd9f47c1815f5822d591491f28fd35ba173cdae,0,9304902.666666666,4530.0,196,88,1,3,25,28,26,372,195,177,97,8,80,26,24,30,435,8,3,1,2,2,3,2,2,10,1,1,5,2,1,0,3,6,2,1,2,22,2,3,2,2,3,3,0,4,24,3,5,807
orjson_3_10_5,4cd9f47c1815f5822d591491f28fd35ba173cdae,0,9367208.0,4530.0,196,88,1,3,25,28,26,372,195,177,97,8,80,26,24,30,435,8,3,1,2,2,3,2,2,10,1,1,5,2,1,0,3,6,2,1,2,22,2,3,2,2,3,3,0,4,24,3,5,807
orjson_3_10_6,4cd9f47c1815f5822d591491f28fd35ba173cdae,0,9403958.333333334,4530.0,196,88,1,3,25,28,26,372,195,177,97,8,80,26,24,30,435,8,3,1,2,2,3,2,2,10,1,1,5,2,1,0,3,6,2,1,2,22,2,3,2,2,3,3,0,4,24,3,5,807
orjson_3_10_1,59a7c468016be2ff0f3fe7abf5888f3170a7bdc8,0,9232903.0,4899.0,171,66,2,1,23,27,33,395,211,184,101,15,83,23,28,32,422,3,2,1,2,2,8,1,1,0,0,1,2,0,0,0,5,4,2,2,2,22,2,2,7,7,2,6,0,4,24,3,2,817
orjson_3_10_2,59a7c468016be2ff0f3fe7abf5888f3170a7bdc8,0,9249875.0,4899.0,171,66,2,1,23,27,33,395,211,184,101,15,83,23,28,32,422,3,2,1,2,2,8,1,1,0,0,1,2,0,0,0,5,4,2,2,2,22,2,2,7,7,2,6,0,4,24,3,2,817
orjson_3_10_3,59a7c468016be2ff0f3fe7abf5888f3170a7bdc8,0,9214528.0,4899.0,171,66,2,1,23,27,33,395,211,184,101,15,83,23,28,32,422,3,2,1,2,2,8,1,1,0,0,1,2,0,0,0,5,4,2,2,2,22,2,2,7,7,2,6,0,4,24,3,2,817
orjson_3_10_4,59a7c468016be2ff0f3fe7abf5888f3170a7bdc8,0,8961361.333333334,4899.0,171,66,2,1,23,27,33,395,211,184,101,15,83,23,28,32,422,3,2,1,2,2,8,1,1,0,0,1,2,0,0,0,5,4,2,2,2,22,2,2,7,7,2,6,0,4,24,3,2,817
orjson_3_10_5,59a7c468016be2ff0f3fe7abf5888f3170a7bdc8,0,9027555.666666666,4899.0,171,66,2,1,23,27,33,395,211,184,101,15,83,23,28,32,422,3,2,1,2,2,8,1,1,0,0,1,2,0,0,0,5,4,2,2,2,22,2,2,7,7,2,6,0,4,24,3,2,817
orjson_3_10_6,59a7c468016be2ff0f3fe7abf5888f3170a7bdc8,0,9339708.0,4990.0,171,66,2,1,23,27,33,395,211,184,101,15,83,23,28,32,422,3,2,1,2,2,8,1,1,0,0,1,2,0,0,0,5,4,2,2,2,22,2,2,7,7,2,6,0,4,24,3,2,817
orjson_3_10_1,69508b9fe1ff0854ec274b0568ca34206c827b5a,0,9405781.5,4530.0,196,88,1,3,25,28,26,372,195,177,97,8,80,26,24,30,435,8,3,1,2,2,3,2,2,10,1,1,5,2,1,0,3,6,2,1,2,22,2,3,2,2,3,3,0,4,24,3,5,807
orjson_3_10_2,69508b9fe1ff0854ec274b0568ca34206c827b5a,0,9417041.666666666,4530.0,196,88,1,3,25,28,26,372,195,177,97,8,80,26,24,30,435,8,3,1,2,2,3,2,2,10,1,1,5,2,1,0,3,6,2,1,2,22,2,3,2,2,3,3,0,4,24,3,5,807
orjson_3_10_3,69508b9fe1ff0854ec274b0568ca34206c827b5a,0,9420555.666666666,4530.0,196,88,1,3,25,28,26,372,195,177,97,8,80,26,24,30,435,8,3,1,2,2,3,2,2,10,1,1,5,2,1,0,3,6,2,1,2,22,2,3,2,2,3,3,0,4,24,3,5,807
orjson_3_10_4,69508b9fe1ff0854ec274b0568ca34206c827b5a,0,9337527.666666666,4530.0,196,88,1,3,25,28,26,372,195,177,97,8,80,26,24,30,435,8,3,1,2,2,3,2,2,10,1,1,5,2,1,0,3,6,2,1,2,22,2,3,2,2,3,3,0,4,24,3,5,807
orjson_3_10_5,69508b9fe1ff0854ec274b0568ca34206c827b5a,0,9290499.666666666,4530.0,196,88,1,3,25,28,26,372,195,177,97,8,80,26,24,30,435,8,3,1,2,2,3,2,2,10,1,1,5,2,1,0,3,6,2,1,2,22,2,3,2,2,3,3,0,4,24,3,5,807
orjson_3_10_6,69508b9fe1ff0854ec274b0568ca34206c827b5a,0,9448250.0,4530.0,196,88,1,3,25,28,26,372,195,177,97,8,80,26,24,30,435,8,3,1,2,2,3,2,2,10,1,1,5,2,1,0,3,6,2,1,2,22,2,3,2,2,3,3,0,4,24,3,5,807
orjson_3_10_1,9c60bd18fade093d5b17498e17e1f8c472b50ea1,0,10766375.0,5249.0,270,64,0,0,48,50,64,343,182,161,86,6,75,27,24,24,346,12,2,1,1,1,1,1,1,0,0,1,2,0,0,0,8,9,2,0,2,48,2,2,2,2,2,2,0,3,50,4,2,689
orjson_3_10_2,9c60bd18fade093d5b17498e17e1f8c472b50ea1,0,10330541.0,5249.0,270,64,0,0,48,50,64,343,182,161,86,6,75,27,24,24,346,12,2,1,1,1,1,1,1,0,0,1,2,0,0,0,8,9,2,0,2,48,2,2,2,2,2,2,0,3,50,4,2,689
orjson_3_10_3,9c60bd18fade093d5b17498e17e1f8c472b50ea1,0,10514472.666666666,5359.0,270,64,0,0,48,50,64,343,182,161,86,6,75,27,24,24,346,12,2,1,1,1,1,1,1,0,0,1,2,0,0,0,8,9,2,0,2,48,2,2,2,2,2,2,0,3,50,4,2,689
orjson_3_10_4,9c60bd18fade093d5b17498e17e1f8c472b50ea1,0,10453250.333333334,5354.0,270,64,0,0,48,50,64,343,182,161,86,6,75,27,24,24,346,12,2,1,1,1,1,1,1,0,0,1,2,0,0,0,8,9,2,0,2,48,2,2,2,2,2,2,0,3,50,4,2,689
orjson_3_10_5,9c60bd18fade093d5b17498e17e1f8c472b50ea1,0,10378791.666666666,5311.0,270,64,0,0,48,50,64,343,182,161,86,6,75,27,24,24,346,12,2,1,1,1,1,1,1,0,0,1,2,0,0,0,8,9,2,0,2,48,2,2,2,2,2,2,0,3,50,4,2,689
orjson_3_10_6,9c60bd18fade093d5b17498e17e1f8c472b50ea1,0,10349889.0,5249.0,270,64,0,0,48,50,64,343,182,161,86,6,75,27,24,24,346,12,2,1,1,1,1,1,1,0,0,1,2,0,0,0,8,9,2,0,2,48,2,2,2,2,2,2,0,3,50,4,2,689
orjson_3_10_1,3ff7624f696286f2c61073e55971c35ab5e377d9,0,9802236.0,4636.0,153,46,0,0,24,25,31,415,216,199,91,14,108,30,37,41,401,2,1,1,0,0,0,0,0,10,1,1,2,1,0,1,5,5,1,0,1,24,1,5,8,8,5,1,0,2,25,5,2,816
orjson_3_10_2,3ff7624f696286f2c61073e55971c35ab5e377d9,0,9797569.666666666,4636.0,153,46,0,0,24,25,31,415,216,199,91,14,108,30,37,41,401,2,1,1,0,0,0,0,0,10,1,1,2,1,0,1,5,5,1,0,1,24,1,5,8,8,5,1,0,2,25,5,2,816
orjson_3_10_3,3ff7624f696286f2c61073e55971c35ab5e377d9,0,9820277.666666666,4636.0,153,46,0,0,24,25,31,415,216,199,91,14,108,30,37,41,401,2,1,1,0,0,0,0,0,10,1,1,2,1,0,1,5,5,1,0,1,24,1,5,8,8,5,1,0,2,25,5,2,816
orjson_3_10_4,3ff7624f696286f2c61073e55971c35ab5e377d9,0,9717013.666666666,4721.0,153,46,0,0,24,25,31,415,216,199,91,14,108,30,37,41,401,2,1,1,0,0,0,0,0,10,1,1,2,1,0,1,5,5,1,0,1,24,1,5,8,8,5,1,0,2,25,5,2,816
orjson_3_10_5,3ff7624f696286f2c61073e55971c35ab5e377d9,0,9527958.0,4636.0,153,46,0,0,24,25,31,415,216,199,91,14,108,30,37,41,401,2,1,1,0,0,0,0,0,10,1,1,2,1,0,1,5,5,1,0,1,24,1,5,8,8,5,1,0,2,25,5,2,816
orjson_3_10_6,3ff7624f696286f2c61073e55971c35ab5e377d9,0,9770805.333333334,4636.0,153,46,0,0,24,25,31,415,216,199,91,14,108,30,37,41,401,2,1,1,0,0,0,0,0,10,1,1,2,1,0,1,5,5,1,0,1,24,1,5,8,8,5,1,0,2,25,5,2,816
orjson_3_10_1,c717945c5ab2b1aa406925020d0a10b8543bcd91,0,9838902.666666666,4636.0,155,48,0,0,24,25,31,415,216,199,91,14,108,30,38,40,401,2,1,1,0,0,0,0,0,10,1,1,2,1,0,1,5,5,1,0,1,24,1,5,8,8,5,1,0,2,25,5,2,816
orjson_3_10_2,c717945c5ab2b1aa406925020d0a10b8543bcd91,0,9766402.666666666,4636.0,155,48,0,0,24,25,31,415,216,199,91,14,108,30,38,40,401,2,1,1,0,0,0,0,0,10,1,1,2,1,0,1,5,5,1,0,1,24,1,5,8,8,5,1,0,2,25,5,2,816
orjson_3_10_3,c717945c5ab2b1aa406925020d0a10b8543bcd91,0,9824986.333333334,4636.0,155,48,0,0,24,25,31,415,216,199,91,14,108,30,38,40,401,2,1,1,0,0,0,0,0,10,1,1,2,1,0,1,5,5,1,0,1,24,1,5,8,8,5,1,0,2,25,5,2,816
orjson_3_10_4,c717945c5ab2b1aa406925020d0a10b8543bcd91,0,9693264.0,4721.0,155,48,0,0,24,25,31,415,216,199,91,14,108,30,38,40,401,2,1,1,0,0,0,0,0,10,1,1,2,1,0,1,5,5,1,0,1,24,1,5,8,8,5,1,0,2,25,5,2,816
orjson_3_10_5,c717945c5ab2b1aa406925020d0a10b8543bcd91,0,9521458.333333334,4636.0,155,48,0,0,24,25,31,415,216,199,91,14,108,30,38,40,401,2,1,1,0,0,0,0,0,10,1,1,2,1,0,1,5,5,1,0,1,24,1,5,8,8,5,1,0,2,25,5,2,816
orjson_3_10_6,c717945c5ab2b1aa406925020d0a10b8543bcd91,0,9627736.333333334,4636.0,155,48,0,0,24,25,31,415,216,199,91,14,108,30,38,40,401,2,1,1,0,0,0,0,0,10,1,1,2,1,0,1,5,5,1,0,1,24,1,5,8,8,5,1,0,2,25,5,2,816
orjson_3_10_1,500fb263c72e2f89488abfd71dd654c19816d7a1,0,10709791.666666666,5249.0,270,64,0,0,48,50,64,343,182,161,86,6,75,27,24,24,346,12,2,1,1,1,1,1,1,0,0,1,2,0,0,0,8,9,2,0,2,48,2,2,2,2,2,2,0,3,50,4,2,689
orjson_3_10_2,500fb263c72e2f89488abfd71dd654c19816d7a1,0,10282458.333333334,5249.0,270,64,0,0,48,50,64,343,182,161,86,6,75,27,24,24,346,12,2,1,1,1,1,1,1,0,0,1,2,0,0,0,8,9,2,0,2,48,2,2,2,2,2,2,0,3,50,4,2,689
orjson_3_10_3,500fb263c72e2f89488abfd71dd654c19816d7a1,0,10606028.0,5359.0,270,64,0,0,48,50,64,343,182,161,86,6,75,27,24,24,346,12,2,1,1,1,1,1,1,0,0,1,2,0,0,0,8,9,2,0,2,48,2,2,2,2,2,2,0,3,50,4,2,689
orjson_3_10_4,500fb263c72e2f89488abfd71dd654c19816d7a1,0,10438333.333333334,5354.0,270,64,0,0,48,50,64,343,182,161,86,6,75,27,24,24,346,12,2,1,1,1,1,1,1,0,0,1,2,0,0,0,8,9,2,0,2,48,2,2,2,2,2,2,0,3,50,4,2,689
orjson_3_10_5,500fb263c72e2f89488abfd71dd654c19816d7a1,0,10454264.0,5311.0,270,64,0,0,48,50,64,343,182,161,86,6,75,27,24,24,346,12,2,1,1,1,1,1,1,0,0,1,2,0,0,0,8,9,2,0,2,48,2,2,2,2,2,2,0,3,50,4,2,689
orjson_3_10_6,500fb263c72e2f89488abfd71dd654c19816d7a1,0,10364778.0,5249.0,270,64,0,0,48,50,64,343,182,161,86,6,75,27,24,24,346,12,2,1,1,1,1,1,1,0,0,1,2,0,0,0,8,9,2,0,2,48,2,2,2,2,2,2,0,3,50,4,2,689
orjson_3_10_1,91396a41fb4d75d7bdf912fff9e218c83bc40473,0,9823764.0,4636.0,155,48,0,0,24,25,31,415,216,199,91,14,108,30,37,41,401,2,1,1,0,0,0,0,0,10,1,1,2,1,0,1,5,5,1,0,1,24,1,5,8,8,5,1,0,2,25,5,2,816
orjson_3_10_2,91396a41fb4d75d7bdf912fff9e218c83bc40473,0,9920166.666666666,4636.0,155,48,0,0,24,25,31,415,216,199,91,14,108,30,37,41,401,2,1,1,0,0,0,0,0,10,1,1,2,1,0,1,5,5,1,0,1,24,1,5,8,8,5,1,0,2,25,5,2,816
orjson_3_10_3,91396a41fb4d75d7bdf912fff9e218c83bc40473,0,9836958.666666666,4636.0,155,48,0,0,24,25,31,415,216,199,91,14,108,30,37,41,401,2,1,1,0,0,0,0,0,10,1,1,2,1,0,1,5,5,1,0,1,24,1,5,8,8,5,1,0,2,25,5,2,816
orjson_3_10_4,91396a41fb4d75d7bdf912fff9e218c83bc40473,0,9704805.666666666,4721.0,155,48,0,0,24,25,31,415,216,199,91,14,108,30,37,41,401,2,1,1,0,0,0,0,0,10,1,1,2,1,0,1,5,5,1,0,1,24,1,5,8,8,5,1,0,2,25,5,2,816
orjson_3_10_5,91396a41fb4d75d7bdf912fff9e218c83bc40473,0,9504236.0,4636.0,155,48,0,0,24,25,31,415,216,199,91,14,108,30,37,41,401,2,1,1,0,0,0,0,0,10,1,1,2,1,0,1,5,5,1,0,1,24,1,5,8,8,5,1,0,2,25,5,2,816
orjson_3_10_6,91396a41fb4d75d7bdf912fff9e218c83bc40473,0,9649305.333333334,4636.0,155,48,0,0,24,25,31,415,216,199,91,14,108,30,37,41,401,2,1,1,0,0,0,0,0,10,1,1,2,1,0,1,5,5,1,0,1,24,1,5,8,8,5,1,0,2,25,5,2,816
orjson_3_10_1,6f0a6c67dc6f36a0387c7a203f805fe5725e1f8d,0,9699569.666666666,4636.0,153,46,0,0,24,25,31,415,216,199,91,14,108,30,37,41,401,2,1,1,0,0,0,0,0,10,1,1,2,1,0,1,5,5,1,0,1,24,1,5,8,8,5,1,0,2,25,5,2,816
orjson_3_10_2,6f0a6c67dc6f36a0387c7a203f805fe5725e1f8d,0,9689083.333333334,4636.0,153,46,0,0,24,25,31,415,216,199,91,14,108,30,37,41,401,2,1,1,0,0,0,0,0,10,1,1,2,1,0,1,5,5,1,0,1,24,1,5,8,8,5,1,0,2,25,5,2,816
orjson_3_10_3,6f0a6c67dc6f36a0387c7a203f805fe5725e1f8d,0,9826111.333333334,4636.0,153,46,0,0,24,25,31,415,216,199,91,14,108,30,37,41,401,2,1,1,0,0,0,0,0,10,1,1,2,1,0,1,5,5,1,0,1,24,1,5,8,8,5,1,0,2,25,5,2,816
orjson_3_10_4,6f0a6c67dc6f36a0387c7a203f805fe5725e1f8d,0,9725652.666666666,4721.0,153,46,0,0,24,25,31,415,216,199,91,14,108,30,37,41,401,2,1,1,0,0,0,0,0,10,1,1,2,1,0,1,5,5,1,0,1,24,1,5,8,8,5,1,0,2,25,5,2,816
orjson_3_10_5,6f0a6c67dc6f36a0387c7a203f805fe5725e1f8d,0,9619194.0,4636.0,153,46,0,0,24,25,31,415,216,199,91,14,108,30,37,41,401,2,1,1,0,0,0,0,0,10,1,1,2,1,0,1,5,5,1,0,1,24,1,5,8,8,5,1,0,2,25,5,2,816
orjson_3_10_6,6f0a6c67dc6f36a0387c7a203f805fe5725e1f8d,0,9670180.666666666,4636.0,153,46,0,0,24,25,31,415,216,199,91,14,108,30,37,41,401,2,1,1,0,0,0,0,0,10,1,1,2,1,0,1,5,5,1,0,1,24,1,5,8,8,5,1,0,2,25,5,2,816
orjson_3_10_1,dbf040d59ad03d5d2968713ea1d6ed7c3db9f330,0,9815208.666666666,4636.0,153,46,0,0,24,25,31,415,216,199,91,14,108,30,37,41,401,2,1,1,0,0,0,0,0,10,1,1,2,1,0,1,5,5,1,0,1,24,1,5,8,8,5,1,0,2,25,5,2,816
orjson_3_10_2,dbf040d59ad03d5d2968713ea1d6ed7c3db9f330,0,9784555.333333334,4636.0,153,46,0,0,24,25,31,415,216,199,91,14,108,30,37,41,401,2,1,1,0,0,0,0,0,10,1,1,2,1,0,1,5,5,1,0,1,24,1,5,8,8,5,1,0,2,25,5,2,816
orjson_3_10_3,dbf040d59ad03d5d2968713ea1d6ed7c3db9f330,0,9714278.0,4636.0,153,46,0,0,24,25,31,415,216,199,91,14,108,30,37,41,401,2,1,1,0,0,0,0,0,10,1,1,2,1,0,1,5,5,1,0,1,24,1,5,8,8,5,1,0,2,25,5,2,816
orjson_3_10_4,dbf040d59ad03d5d2968713ea1d6ed7c3db9f330,0,9596833.333333334,4721.0,153,46,0,0,24,25,31,415,216,199,91,14,108,30,37,41,401,2,1,1,0,0,0,0,0,10,1,1,2,1,0,1,5,5,1,0,1,24,1,5,8,8,5,1,0,2,25,5,2,816
orjson_3_10_5,dbf040d59ad03d5d2968713ea1d6ed7c3db9f330,0,9478291.666666666,4636.0,153,46,0,0,24,25,31,415,216,199,91,14,108,30,37,41,401,2,1,1,0,0,0,0,0,10,1,1,2,1,0,1,5,5,1,0,1,24,1,5,8,8,5,1,0,2,25,5,2,816
orjson_3_10_6,dbf040d59ad03d5d2968713ea1d6ed7c3db9f330,0,9656569.333333334,4636.0,153,46,0,0,24,25,31,415,216,199,91,14,108,30,37,41,401,2,1,1,0,0,0,0,0,10,1,1,2,1,0,1,5,5,1,0,1,24,1,5,8,8,5,1,0,2,25,5,2,816
orjson_3_10_1,4872a550209fe58d5c74fb48b39d35eddd6fa897,0,10603305.666666666,5249.0,270,64,0,0,48,50,64,341,181,160,86,6,74,26,24,24,347,12,2,1,1,1,1,1,1,0,0,1,2,0,0,0,8,9,2,0,2,48,2,2,2,2,2,2,0,3,50,4,2,688
orjson_3_10_2,4872a550209fe58d5c74fb48b39d35eddd6fa897,0,10345722.333333334,5249.0,270,64,0,0,48,50,64,341,181,160,86,6,74,26,24,24,347,12,2,1,1,1,1,1,1,0,0,1,2,0,0,0,8,9,2,0,2,48,2,2,2,2,2,2,0,3,50,4,2,688
orjson_3_10_3,4872a550209fe58d5c74fb48b39d35eddd6fa897,0,10539486.333333334,5359.0,270,64,0,0,48,50,64,341,181,160,86,6,74,26,24,24,347,12,2,1,1,1,1,1,1,0,0,1,2,0,0,0,8,9,2,0,2,48,2,2,2,2,2,2,0,3,50,4,2,688
orjson_3_10_4,4872a550209fe58d5c74fb48b39d35eddd6fa897,0,10437944.333333334,5354.0,270,64,0,0,48,50,64,341,181,160,86,6,74,26,24,24,347,12,2,1,1,1,1,1,1,0,0,1,2,0,0,0,8,9,2,0,2,48,2,2,2,2,2,2,0,3,50,4,2,688
orjson_3_10_5,4872a550209fe58d5c74fb48b39d35eddd6fa897,0,10262569.666666666,5249.0,270,64,0,0,48,50,64,341,181,160,86,6,74,26,24,24,347,12,2,1,1,1,1,1,1,0,0,1,2,0,0,0,8,9,2,0,2,48,2,2,2,2,2,2,0,3,50,4,2,688
orjson_3_10_6,4872a550209fe58d5c74fb48b39d35eddd6fa897,0,10345902.666666666,5249.0,270,64,0,0,48,50,64,341,181,160,86,6,74,26,24,24,347,12,2,1,1,1,1,1,1,0,0,1,2,0,0,0,8,9,2,0,2,48,2,2,2,2,2,2,0,3,50,4,2,688
orjson_3_10_1,fe7cb96b38eda454e01dd1d882e7099fb6296683,0,9759833.333333334,4636.0,155,48,0,0,24,25,31,415,216,199,91,14,108,30,38,40,401,2,1,1,0,1,0,0,0,10,1,1,2,1,0,1,5,5,1,0,1,24,1,5,8,8,5,1,0,2,25,5,2,816
orjson_3_10_2,fe7cb96b38eda454e01dd1d882e7099fb6296683,0,9825319.666666666,4636.0,155,48,0,0,24,25,31,415,216,199,91,14,108,30,38,40,401,2,1,1,0,1,0,0,0,10,1,1,2,1,0,1,5,5,1,0,1,24,1,5,8,8,5,1,0,2,25,5,2,816
orjson_3_10_3,fe7cb96b38eda454e01dd1d882e7099fb6296683,0,9740541.666666666,4636.0,155,48,0,0,24,25,31,415,216,199,91,14,108,30,38,40,401,2,1,1,0,1,0,0,0,10,1,1,2,1,0,1,5,5,1,0,1,24,1,5,8,8,5,1,0,2,25,5,2,816
orjson_3_10_4,fe7cb96b38eda454e01dd1d882e7099fb6296683,0,9718999.666666666,4721.0,155,48,0,0,24,25,31,415,216,199,91,14,108,30,38,40,401,2,1,1,0,1,0,0,0,10,1,1,2,1,0,1,5,5,1,0,1,24,1,5,8,8,5,1,0,2,25,5,2,816
orjson_3_10_5,fe7cb96b38eda454e01dd1d882e7099fb6296683,0,9529750.333333334,4636.0,155,48,0,0,24,25,31,415,216,199,91,14,108,30,38,40,401,2,1,1,0,1,0,0,0,10,1,1,2,1,0,1,5,5,1,0,1,24,1,5,8,8,5,1,0,2,25,5,2,816
orjson_3_10_6,fe7cb96b38eda454e01dd1d882e7099fb6296683,0,9633236.0,4636.0,155,48,0,0,24,25,31,415,216,199,91,14,108,30,38,40,401,2,1,1,0,1,0,0,0,10,1,1,2,1,0,1,5,5,1,0,1,24,1,5,8,8,5,1,0,2,25,5,2,816
orjson_3_10_1,253236046edc6399a63088629c8feaa18b73a6e2,0,9861458.333333334,4636.0,151,44,0,0,24,25,31,415,216,199,91,14,108,30,37,41,401,2,1,1,0,0,0,0,0,10,1,1,2,1,0,1,5,5,1,0,1,24,1,5,8,8,5,1,0,2,25,5,2,816
orjson_3_10_2,253236046edc6399a63088629c8feaa18b73a6e2,0,9749764.333333334,4636.0,151,44,0,0,24,25,31,415,216,199,91,14,108,30,37,41,401,2,1,1,0,0,0,0,0,10,1,1,2,1,0,1,5,5,1,0,1,24,1,5,8,8,5,1,0,2,25,5,2,816
orjson_3_10_3,253236046edc6399a63088629c8feaa18b73a6e2,0,9763222.0,4636.0,151,44,0,0,24,25,31,415,216,199,91,14,108,30,37,41,401,2,1,1,0,0,0,0,0,10,1,1,2,1,0,1,5,5,1,0,1,24,1,5,8,8,5,1,0,2,25,5,2,816
orjson_3_10_4,253236046edc6399a63088629c8feaa18b73a6e2,0,9629944.0,4721.0,151,44,0,0,24,25,31,415,216,199,91,14,108,30,37,41,401,2,1,1,0,0,0,0,0,10,1,1,2,1,0,1,5,5,1,0,1,24,1,5,8,8,5,1,0,2,25,5,2,816
orjson_3_10_5,253236046edc6399a63088629c8feaa18b73a6e2,0,9501944.333333334,4636.0,151,44,0,0,24,25,31,415,216,199,91,14,108,30,37,41,401,2,1,1,0,0,0,0,0,10,1,1,2,1,0,1,5,5,1,0,1,24,1,5,8,8,5,1,0,2,25,5,2,816
orjson_3_10_6,253236046edc6399a63088629c8feaa18b73a6e2,0,9574347.333333334,4636.0,151,44,0,0,24,25,31,415,216,199,91,14,108,30,37,41,401,2,1,1,0,0,0,0,0,10,1,1,2,1,0,1,5,5,1,0,1,24,1,5,8,8,5,1,0,2,25,5,2,816
orjson_3_10_1,a7b6bc23e7cdd75dfc3cca2d946d06a27a644ce0,0,9755652.666666666,4636.0,153,46,0,0,24,25,30,415,216,199,91,14,108,30,37,41,401,3,1,1,0,0,0,0,0,10,1,1,2,1,0,1,5,5,1,0,1,24,1,5,8,8,5,1,0,2,25,5,2,816
orjson_3_10_2,a7b6bc23e7cdd75dfc3cca2d946d06a27a644ce0,0,9775278.0,4636.0,153,46,0,0,24,25,30,415,216,199,91,14,108,30,37,41,401,3,1,1,0,0,0,0,0,10,1,1,2,1,0,1,5,5,1,0,1,24,1,5,8,8,5,1,0,2,25,5,2,816
orjson_3_10_3,a7b6bc23e7cdd75dfc3cca2d946d06a27a644ce0,0,9771319.666666666,4636.0,153,46,0,0,24,25,30,415,216,199,91,14,108,30,37,41,401,3,1,1,0,0,0,0,0,10,1,1,2,1,0,1,5,5,1,0,1,24,1,5,8,8,5,1,0,2,25,5,2,816
orjson_3_10_4,a7b6bc23e7cdd75dfc3cca2d946d06a27a644ce0,0,9831858.4,4721.0,153,46,0,0,24,25,30,415,216,199,91,14,108,30,37,41,401,3,1,1,0,0,0,0,0,10,1,1,2,1,0,1,5,5,1,0,1,24,1,5,8,8,5,1,0,2,25,5,2,816
orjson_3_10_5,a7b6bc23e7cdd75dfc3cca2d946d06a27a644ce0,0,9531958.333333334,4636.0,153,46,0,0,24,25,30,415,216,199,91,14,108,30,37,41,401,3,1,1,0,0,0,0,0,10,1,1,2,1,0,1,5,5,1,0,1,24,1,5,8,8,5,1,0,2,25,5,2,816
orjson_3_10_6,a7b6bc23e7cdd75dfc3cca2d946d06a27a644ce0,0,9637361.0,4636.0,153,46,0,0,24,25,30,415,216,199,91,14,108,30,37,41,401,3,1,1,0,0,0,0,0,10,1,1,2,1,0,1,5,5,1,0,1,24,1,5,8,8,5,1,0,2,25,5,2,816
orjson_3_10_1,5533d4c8ba49e8b146153a40288a84d7b568eae8,0,9733291.333333334,4636.0,153,46,0,0,24,25,32,415,216,199,91,14,108,30,37,41,401,1,1,1,0,0,0,0,0,10,1,1,2,1,0,1,5,5,1,0,1,24,1,5,8,8,5,1,0,2,25,5,2,816
orjson_3_10_2,5533d4c8ba49e8b146153a40288a84d7b568eae8,0,9769583.333333334,4636.0,153,46,0,0,24,25,32,415,216,199,91,14,108,30,37,41,401,1,1,1,0,0,0,0,0,10,1,1,2,1,0,1,5,5,1,0,1,24,1,5,8,8,5,1,0,2,25,5,2,816
orjson_3_10_3,5533d4c8ba49e8b146153a40288a84d7b568eae8,0,9779555.666666666,4636.0,153,46,0,0,24,25,32,415,216,199,91,14,108,30,37,41,401,1,1,1,0,0,0,0,0,10,1,1,2,1,0,1,5,5,1,0,1,24,1,5,8,8,5,1,0,2,25,5,2,816
orjson_3_10_4,5533d4c8ba49e8b146153a40288a84d7b568eae8,0,9668486.0,4721.0,153,46,0,0,24,25,32,415,216,199,91,14,108,30,37,41,401,1,1,1,0,0,0,0,0,10,1,1,2,1,0,1,5,5,1,0,1,24,1,5,8,8,5,1,0,2,25,5,2,816
orjson_3_10_5,5533d4c8ba49e8b146153a40288a84d7b568eae8,0,9465791.666666666,4636.0,153,46,0,0,24,25,32,415,216,199,91,14,108,30,37,41,401,1,1,1,0,0,0,0,0,10,1,1,2,1,0,1,5,5,1,0,1,24,1,5,8,8,5,1,0,2,25,5,2,816
orjson_3_10_6,5533d4c8ba49e8b146153a40288a84d7b568eae8,0,9704111.0,4636.0,153,46,0,0,24,25,32,415,216,199,91,14,108,30,37,41,401,1,1,1,0,0,0,0,0,10,1,1,2,1,0,1,5,5,1,0,1,24,1,5,8,8,5,1,0,2,25,5,2,816
orjson_3_10_1,cbd92d1f82db6400ea1972bb52464d2c397f48ec,0,9816764.0,4636.0,155,48,0,0,24,25,31,416,217,199,91,14,108,30,37,41,400,2,1,1,0,0,0,0,0,10,1,1,2,1,0,1,5,5,1,0,1,24,1,5,8,8,5,1,0,2,25,5,2,816
orjson_3_10_2,cbd92d1f82db6400ea1972bb52464d2c397f48ec,0,9937199.8,4636.0,155,48,0,0,24,25,31,416,217,199,91,14,108,30,37,41,400,2,1,1,0,0,0,0,0,10,1,1,2,1,0,1,5,5,1,0,1,24,1,5,8,8,5,1,0,2,25,5,2,816
orjson_3_10_3,cbd92d1f82db6400ea1972bb52464d2c397f48ec,0,9746861.0,4636.0,155,48,0,0,24,25,31,416,217,199,91,14,108,30,37,41,400,2,1,1,0,0,0,0,0,10,1,1,2,1,0,1,5,5,1,0,1,24,1,5,8,8,5,1,0,2,25,5,2,816
orjson_3_10_4,cbd92d1f82db6400ea1972bb52464d2c397f48ec,0,9706139.0,4721.0,155,48,0,0,24,25,31,416,217,199,91,14,108,30,37,41,400,2,1,1,0,0,0,0,0,10,1,1,2,1,0,1,5,5,1,0,1,24,1,5,8,8,5,1,0,2,25,5,2,816
orjson_3_10_5,cbd92d1f82db6400ea1972bb52464d2c397f48ec,0,9553569.333333334,4636.0,155,48,0,0,24,25,31,416,217,199,91,14,108,30,37,41,400,2,1,1,0,0,0,0,0,10,1,1,2,1,0,1,5,5,1,0,1,24,1,5,8,8,5,1,0,2,25,5,2,816
orjson_3_10_6,cbd92d1f82db6400ea1972bb52464d2c397f48ec,0,9581722.0,4636.0,155,48,0,0,24,25,31,416,217,199,91,14,108,30,37,41,400,2,1,1,0,0,0,0,0,10,1,1,2,1,0,1,5,5,1,0,1,24,1,5,8,8,5,1,0,2,25,5,2,816
orjson_3_10_1,ee4f2ec948d7694ed8baaafd413d82f78ca10ff5,0,9807041.666666666,4636.0,153,46,0,0,24,25,31,415,216,199,91,14,108,30,37,41,401,2,1,1,0,0,0,0,0,10,1,1,2,1,0,1,5,5,1,0,1,24,1,5,8,8,5,1,0,2,25,5,2,816
orjson_3_10_2,ee4f2ec948d7694ed8baaafd413d82f78ca10ff5,0,9733347.333333334,4636.0,153,46,0,0,24,25,31,415,216,199,91,14,108,30,37,41,401,2,1,1,0,0,0,0,0,10,1,1,2,1,0,1,5,5,1,0,1,24,1,5,8,8,5,1,0,2,25,5,2,816
orjson_3_10_3,ee4f2ec948d7694ed8baaafd413d82f78ca10ff5,0,9668847.333333334,4636.0,153,46,0,0,24,25,31,415,216,199,91,14,108,30,37,41,401,2,1,1,0,0,0,0,0,10,1,1,2,1,0,1,5,5,1,0,1,24,1,5,8,8,5,1,0,2,25,5,2,816
orjson_3_10_4,ee4f2ec948d7694ed8baaafd413d82f78ca10ff5,0,9612458.0,4721.0,153,46,0,0,24,25,31,415,216,199,91,14,108,30,37,41,401,2,1,1,0,0,0,0,0,10,1,1,2,1,0,1,5,5,1,0,1,24,1,5,8,8,5,1,0,2,25,5,2,816
orjson_3_10_5,ee4f2ec948d7694ed8baaafd413d82f78ca10ff5,0,9594388.666666666,4636.0,153,46,0,0,24,25,31,415,216,199,91,14,108,30,37,41,401,2,1,1,0,0,0,0,0,10,1,1,2,1,0,1,5,5,1,0,1,24,1,5,8,8,5,1,0,2,25,5,2,816
orjson_3_10_6,ee4f2ec948d7694ed8baaafd413d82f78ca10ff5,0,9757500.333333334,4636.0,153,46,0,0,24,25,31,415,216,199,91,14,108,30,37,41,401,2,1,1,0,0,0,0,0,10,1,1,2,1,0,1,5,5,1,0,1,24,1,5,8,8,5,1,0,2,25,5,2,816
orjson_3_10_1,6e7aa3271e558ec5bcd8a2c3ac9519d190aa8661,0,8729361.0,4672.0,167,58,0,0,24,25,29,405,214,191,100,10,91,29,32,30,420,0,1,0,1,3,1,1,1,0,1,0,3,2,1,1,4,7,1,0,1,24,1,4,4,4,4,2,0,2,25,7,3,825
orjson_3_10_2,6e7aa3271e558ec5bcd8a2c3ac9519d190aa8661,0,8382611.333333333,4532.0,167,58,0,0,24,25,29,405,214,191,100,10,91,29,32,30,420,0,1,0,1,3,1,1,1,0,1,0,3,2,1,1,4,7,1,0,1,24,1,4,4,4,4,2,0,2,25,7,3,825
orjson_3_10_3,6e7aa3271e558ec5bcd8a2c3ac9519d190aa8661,0,8423902.666666666,4532.0,167,58,0,0,24,25,29,405,214,191,100,10,91,29,32,30,420,0,1,0,1,3,1,1,1,0,1,0,3,2,1,1,4,7,1,0,1,24,1,4,4,4,4,2,0,2,25,7,3,825
orjson_3_10_4,6e7aa3271e558ec5bcd8a2c3ac9519d190aa8661,0,8350069.333333333,4532.0,167,58,0,0,24,25,29,405,214,191,100,10,91,29,32,30,420,0,1,0,1,3,1,1,1,0,1,0,3,2,1,1,4,7,1,0,1,24,1,4,4,4,4,2,0,2,25,7,3,825
orjson_3_10_5,6e7aa3271e558ec5bcd8a2c3ac9519d190aa8661,0,8429583.333333334,4532.0,167,58,0,0,24,25,29,405,214,191,100,10,91,29,32,30,420,0,1,0,1,3,1,1,1,0,1,0,3,2,1,1,4,7,1,0,1,24,1,4,4,4,4,2,0,2,25,7,3,825
orjson_3_10_6,6e7aa3271e558ec5bcd8a2c3ac9519d190aa8661,0,8467902.666666666,4532.0,167,58,0,0,24,25,29,405,214,191,100,10,91,29,32,30,420,0,1,0,1,3,1,1,1,0,1,0,3,2,1,1,4,7,1,0,1,24,1,4,4,4,4,2,0,2,25,7,3,825
orjson_3_10_1,df39e2901cc67140f6c8d992399a6f8b8edcea8e,0,10064652.666666666,5092.0,268,61,1,0,48,51,59,340,183,157,79,7,78,23,29,26,356,17,0,0,0,0,0,0,2,0,0,0,2,2,0,0,12,6,2,1,2,48,2,0,3,3,0,4,0,3,50,4,2,696
orjson_3_10_2,df39e2901cc67140f6c8d992399a6f8b8edcea8e,0,9546486.0,5180.0,268,61,1,0,48,51,59,340,183,157,79,7,78,23,29,26,356,17,0,0,0,0,0,0,2,0,0,0,2,2,0,0,12,6,2,1,2,48,2,0,3,3,0,4,0,3,50,4,2,696
orjson_3_10_3,df39e2901cc67140f6c8d992399a6f8b8edcea8e,0,9553750.333333334,5092.0,268,61,1,0,48,51,59,340,183,157,79,7,78,23,29,26,356,17,0,0,0,0,0,0,2,0,0,0,2,2,0,0,12,6,2,1,2,48,2,0,3,3,0,4,0,3,50,4,2,696
orjson_3_10_4,df39e2901cc67140f6c8d992399a6f8b8edcea8e,0,9344597.333333334,5092.0,268,61,1,0,48,51,59,340,183,157,79,7,78,23,29,26,356,17,0,0,0,0,0,0,2,0,0,0,2,2,0,0,12,6,2,1,2,48,2,0,3,3,0,4,0,3,50,4,2,696
orjson_3_10_5,df39e2901cc67140f6c8d992399a6f8b8edcea8e,0,9594986.0,5198.0,268,61,1,0,48,51,59,340,183,157,79,7,78,23,29,26,356,17,0,0,0,0,0,0,2,0,0,0,2,2,0,0,12,6,2,1,2,48,2,0,3,3,0,4,0,3,50,4,2,696
orjson_3_10_6,df39e2901cc67140f6c8d992399a6f8b8edcea8e,0,9485180.666666666,5092.0,268,61,1,0,48,51,59,340,183,157,79,7,78,23,29,26,356,17,0,0,0,0,0,0,2,0,0,0,2,2,0,0,12,6,2,1,2,48,2,0,3,3,0,4,0,3,50,4,2,696
orjson_3_10_1,23dc8ed176d5bea0361eca412640c6c54093c016,0,9043948.0,4606.0,203,66,1,14,38,40,29,383,204,179,93,10,86,32,28,26,381,9,4,1,3,2,6,3,2,13,2,1,5,1,0,0,8,8,1,1,1,24,1,1,4,4,1,5,0,3,25,6,5,764
orjson_3_10_2,23dc8ed176d5bea0361eca412640c6c54093c016,0,8778500.0,4494.0,203,66,1,14,38,40,29,383,204,179,93,10,86,32,28,26,381,9,4,1,3,2,6,3,2,13,2,1,5,1,0,0,8,8,1,1,1,24,1,1,4,4,1,5,0,3,25,6,5,764
orjson_3_10_3,23dc8ed176d5bea0361eca412640c6c54093c016,0,8742014.0,4494.0,203,66,1,14,38,40,29,383,204,179,93,10,86,32,28,26,381,9,4,1,3,2,6,3,2,13,2,1,5,1,0,0,8,8,1,1,1,24,1,1,4,4,1,5,0,3,25,6,5,764
orjson_3_10_4,23dc8ed176d5bea0361eca412640c6c54093c016,0,8644326.166666666,4494.0,203,66,1,14,38,40,29,383,204,179,93,10,86,32,28,26,381,9,4,1,3,2,6,3,2,13,2,1,5,1,0,0,8,8,1,1,1,24,1,1,4,4,1,5,0,3,25,6,5,764
orjson_3_10_5,23dc8ed176d5bea0361eca412640c6c54093c016,0,8558041.666666666,4494.0,203,66,1,14,38,40,29,383,204,179,93,10,86,32,28,26,381,9,4,1,3,2,6,3,2,13,2,1,5,1,0,0,8,8,1,1,1,24,1,1,4,4,1,5,0,3,25,6,5,764
orjson_3_10_6,23dc8ed176d5bea0361eca412640c6c54093c016,0,8637486.0,4494.0,203,66,1,14,38,40,29,383,204,179,93,10,86,32,28,26,381,9,4,1,3,2,6,3,2,13,2,1,5,1,0,0,8,8,1,1,1,24,1,1,4,4,1,5,0,3,25,6,5,764
orjson_3_10_1,1e8da3af6a5c52dfd8a377000eb84c847b3ad01a,0,10079513.666666666,5092.0,268,61,1,0,48,51,59,340,183,157,79,7,78,23,29,26,356,17,0,0,0,0,0,0,2,0,0,0,2,2,0,0,12,6,2,1,2,48,2,0,3,3,0,4,0,3,50,4,2,696
orjson_3_10_2,1e8da3af6a5c52dfd8a377000eb84c847b3ad01a,0,9627972.333333334,5180.0,268,61,1,0,48,51,59,340,183,157,79,7,78,23,29,26,356,17,0,0,0,0,0,0,2,0,0,0,2,2,0,0,12,6,2,1,2,48,2,0,3,3,0,4,0,3,50,4,2,696
orjson_3_10_3,1e8da3af6a5c52dfd8a377000eb84c847b3ad01a,0,9361083.333333334,5092.0,268,61,1,0,48,51,59,340,183,157,79,7,78,23,29,26,356,17,0,0,0,0,0,0,2,0,0,0,2,2,0,0,12,6,2,1,2,48,2,0,3,3,0,4,0,3,50,4,2,696
orjson_3_10_4,1e8da3af6a5c52dfd8a377000eb84c847b3ad01a,0,9342166.333333334,5092.0,268,61,1,0,48,51,59,340,183,157,79,7,78,23,29,26,356,17,0,0,0,0,0,0,2,0,0,0,2,2,0,0,12,6,2,1,2,48,2,0,3,3,0,4,0,3,50,4,2,696
orjson_3_10_5,1e8da3af6a5c52dfd8a377000eb84c847b3ad01a,0,9522875.0,5198.0,268,61,1,0,48,51,59,340,183,157,79,7,78,23,29,26,356,17,0,0,0,0,0,0,2,0,0,0,2,2,0,0,12,6,2,1,2,48,2,0,3,3,0,4,0,3,50,4,2,696
orjson_3_10_6,1e8da3af6a5c52dfd8a377000eb84c847b3ad01a,0,9531097.333333334,5092.0,268,61,1,0,48,51,59,340,183,157,79,7,78,23,29,26,356,17,0,0,0,0,0,0,2,0,0,0,2,2,0,0,12,6,2,1,2,48,2,0,3,3,0,4,0,3,50,4,2,696
orjson_3_10_1,87740cac898e053a4b22518f8ee6c4ca493793d1,0,9588597.666666666,4730.0,133,29,0,0,24,25,29,424,201,223,118,14,105,33,45,27,415,6,0,0,0,0,0,0,1,1,1,0,2,2,0,1,4,7,1,0,1,24,1,6,6,6,6,2,0,2,25,2,2,839
orjson_3_10_2,87740cac898e053a4b22518f8ee6c4ca493793d1,0,9496569.333333334,4730.0,133,29,0,0,24,25,29,424,201,223,118,14,105,33,45,27,415,6,0,0,0,0,0,0,1,1,1,0,2,2,0,1,4,7,1,0,1,24,1,6,6,6,6,2,0,2,25,2,2,839
orjson_3_10_3,87740cac898e053a4b22518f8ee6c4ca493793d1,0,9559611.0,4730.0,133,29,0,0,24,25,29,424,201,223,118,14,105,33,45,27,415,6,0,0,0,0,0,0,1,1,1,0,2,2,0,1,4,7,1,0,1,24,1,6,6,6,6,2,0,2,25,2,2,839
orjson_3_10_4,87740cac898e053a4b22518f8ee6c4ca493793d1,0,9342125.0,4730.0,133,29,0,0,24,25,29,424,201,223,118,14,105,33,45,27,415,6,0,0,0,0,0,0,1,1,1,0,2,2,0,1,4,7,1,0,1,24,1,6,6,6,6,2,0,2,25,2,2,839
orjson_3_10_5,87740cac898e053a4b22518f8ee6c4ca493793d1,0,9361944.666666666,4730.0,133,29,0,0,24,25,29,424,201,223,118,14,105,33,45,27,415,6,0,0,0,0,0,0,1,1,1,0,2,2,0,1,4,7,1,0,1,24,1,6,6,6,6,2,0,2,25,2,2,839
orjson_3_10_6,87740cac898e053a4b22518f8ee6c4ca493793d1,0,9448694.333333334,4730.0,133,29,0,0,24,25,29,424,201,223,118,14,105,33,45,27,415,6,0,0,0,0,0,0,1,1,1,0,2,2,0,1,4,7,1,0,1,24,1,6,6,6,6,2,0,2,25,2,2,839
orjson_3_10_1,e03984a4b2212e1b96b480d3a41ec08728882618,0,9544306.0,3750.0,154,64,3,13,21,30,16,443,219,224,117,8,107,37,34,36,422,8,2,0,2,2,8,2,3,13,1,0,4,2,0,1,4,4,6,3,6,8,6,4,2,2,4,2,0,6,14,3,4,865
orjson_3_10_2,e03984a4b2212e1b96b480d3a41ec08728882618,0,9729264.333333334,3750.0,154,64,3,13,21,30,16,443,219,224,117,8,107,37,34,36,422,8,2,0,2,2,8,2,3,13,1,0,4,2,0,1,4,4,6,3,6,8,6,4,2,2,4,2,0,6,14,3,4,865
orjson_3_10_3,e03984a4b2212e1b96b480d3a41ec08728882618,0,9579138.666666666,3750.0,154,64,3,13,21,30,16,443,219,224,117,8,107,37,34,36,422,8,2,0,2,2,8,2,3,13,1,0,4,2,0,1,4,4,6,3,6,8,6,4,2,2,4,2,0,6,14,3,4,865
orjson_3_10_4,e03984a4b2212e1b96b480d3a41ec08728882618,0,9432319.333333334,3750.0,154,64,3,13,21,30,16,443,219,224,117,8,107,37,34,36,422,8,2,0,2,2,8,2,3,13,1,0,4,2,0,1,4,4,6,3,6,8,6,4,2,2,4,2,0,6,14,3,4,865
orjson_3_10_5,e03984a4b2212e1b96b480d3a41ec08728882618,0,9367097.333333334,3750.0,154,64,3,13,21,30,16,443,219,224,117,8,107,37,34,36,422,8,2,0,2,2,8,2,3,13,1,0,4,2,0,1,4,4,6,3,6,8,6,4,2,2,4,2,0,6,14,3,4,865
orjson_3_10_6,e03984a4b2212e1b96b480d3a41ec08728882618,0,9544611.666666666,3750.0,154,64,3,13,21,30,16,443,219,224,117,8,107,37,34,36,422,8,2,0,2,2,8,2,3,13,1,0,4,2,0,1,4,4,6,3,6,8,6,4,2,2,4,2,0,6,14,3,4,865
orjson_3_10_1,19461b816cb99f124f530ba5cf3dcec6fcceab83,0,7859875.0,4039.0,99,42,1,16,19,22,9,441,213,228,113,9,115,40,36,39,450,3,2,1,2,4,4,1,2,7,1,1,4,2,0,1,3,5,2,1,2,3,2,6,2,2,6,1,0,3,5,2,4,891
orjson_3_10_2,19461b816cb99f124f530ba5cf3dcec6fcceab83,0,7995500.0,4039.0,99,42,1,16,19,22,9,441,213,228,113,9,115,40,36,39,450,3,2,1,2,4,4,1,2,7,1,1,4,2,0,1,3,5,2,1,2,3,2,6,2,2,6,1,0,3,5,2,4,891
orjson_3_10_3,19461b816cb99f124f530ba5cf3dcec6fcceab83,0,8024986.0,4039.0,99,42,1,16,19,22,9,441,213,228,113,9,115,40,36,39,450,3,2,1,2,4,4,1,2,7,1,1,4,2,0,1,3,5,2,1,2,3,2,6,2,2,6,1,0,3,5,2,4,891
orjson_3_10_4,19461b816cb99f124f530ba5cf3dcec6fcceab83,0,7849416.333333333,4039.0,99,42,1,16,19,22,9,441,213,228,113,9,115,40,36,39,450,3,2,1,2,4,4,1,2,7,1,1,4,2,0,1,3,5,2,1,2,3,2,6,2,2,6,1,0,3,5,2,4,891
orjson_3_10_5,19461b816cb99f124f530ba5cf3dcec6fcceab83,0,7859861.0,4039.0,99,42,1,16,19,22,9,441,213,228,113,9,115,40,36,39,450,3,2,1,2,4,4,1,2,7,1,1,4,2,0,1,3,5,2,1,2,3,2,6,2,2,6,1,0,3,5,2,4,891
orjson_3_10_6,19461b816cb99f124f530ba5cf3dcec6fcceab83,0,7919194.333333333,4039.0,99,42,1,16,19,22,9,441,213,228,113,9,115,40,36,39,450,3,2,1,2,4,4,1,2,7,1,1,4,2,0,1,3,5,2,1,2,3,2,6,2,2,6,1,0,3,5,2,4,891
orjson_3_10_1,0609f735f93b9060cbe4f3ef3a189a34b3c5c634,0,9785069.666666666,3882.0,135,61,1,4,13,20,18,435,219,216,109,8,107,26,48,33,426,3,1,1,1,1,2,0,0,14,1,1,2,1,0,1,1,3,6,1,6,9,6,2,6,6,2,0,0,5,15,3,2,861
orjson_3_10_2,0609f735f93b9060cbe4f3ef3a189a34b3c5c634,0,9883555.666666666,3882.0,135,61,1,4,13,20,18,435,219,216,109,8,107,26,48,33,426,3,1,1,1,1,2,0,0,14,1,1,2,1,0,1,1,3,6,1,6,9,6,2,6,6,2,0,0,5,15,3,2,861
orjson_3_10_3,0609f735f93b9060cbe4f3ef3a189a34b3c5c634,0,9921750.333333334,3882.0,135,61,1,4,13,20,18,435,219,216,109,8,107,26,48,33,426,3,1,1,1,1,2,0,0,14,1,1,2,1,0,1,1,3,6,1,6,9,6,2,6,6,2,0,0,5,15,3,2,861
orjson_3_10_4,0609f735f93b9060cbe4f3ef3a189a34b3c5c634,0,9548124.666666666,3882.0,135,61,1,4,13,20,18,435,219,216,109,8,107,26,48,33,426,3,1,1,1,1,2,0,0,14,1,1,2,1,0,1,1,3,6,1,6,9,6,2,6,6,2,0,0,5,15,3,2,861
orjson_3_10_5,0609f735f93b9060cbe4f3ef3a189a34b3c5c634,0,9625653.0,3882.0,135,61,1,4,13,20,18,435,219,216,109,8,107,26,48,33,426,3,1,1,1,1,2,0,0,14,1,1,2,1,0,1,1,3,6,1,6,9,6,2,6,6,2,0,0,5,15,3,2,861
orjson_3_10_6,0609f735f93b9060cbe4f3ef3a189a34b3c5c634,0,9676722.333333334,3882.0,135,61,1,4,13,20,18,435,219,216,109,8,107,26,48,33,426,3,1,1,1,1,2,0,0,14,1,1,2,1,0,1,1,3,6,1,6,9,6,2,6,6,2,0,0,5,15,3,2,861
orjson_3_10_1,ba40fde3570f21ab12e0809a0545a5a8ecf10f2e,0,4989597.333333333,2464.0,34,16,0,0,3,4,5,266,144,122,62,9,60,24,18,18,276,0,1,1,1,1,1,0,0,0,0,1,1,0,0,0,1,1,1,0,1,3,1,1,1,1,1,7,0,1,4,0,1,542
orjson_3_10_2,ba40fde3570f21ab12e0809a0545a5a8ecf10f2e,0,5106903.0,2464.0,34,16,0,0,3,4,5,266,144,122,62,9,60,24,18,18,276,0,1,1,1,1,1,0,0,0,0,1,1,0,0,0,1,1,1,0,1,3,1,1,1,1,1,7,0,1,4,0,1,542
orjson_3_10_3,ba40fde3570f21ab12e0809a0545a5a8ecf10f2e,0,5107000.333333333,2464.0,34,16,0,0,3,4,5,266,144,122,62,9,60,24,18,18,276,0,1,1,1,1,1,0,0,0,0,1,1,0,0,0,1,1,1,0,1,3,1,1,1,1,1,7,0,1,4,0,1,542
orjson_3_10_4,ba40fde3570f21ab12e0809a0545a5a8ecf10f2e,0,4960361.0,2464.0,34,16,0,0,3,4,5,266,144,122,62,9,60,24,18,18,276,0,1,1,1,1,1,0,0,0,0,1,1,0,0,0,1,1,1,0,1,3,1,1,1,1,1,7,0,1,4,0,1,542
orjson_3_10_5,ba40fde3570f21ab12e0809a0545a5a8ecf10f2e,0,4953902.666666667,2464.0,34,16,0,0,3,4,5,266,144,122,62,9,60,24,18,18,276,0,1,1,1,1,1,0,0,0,0,1,1,0,0,0,1,1,1,0,1,3,1,1,1,1,1,7,0,1,4,0,1,542
orjson_3_10_6,ba40fde3570f21ab12e0809a0545a5a8ecf10f2e,0,5019972.333333333,2464.0,34,16,0,0,3,4,5,266,144,122,62,9,60,24,18,18,276,0,1,1,1,1,1,0,0,0,0,1,1,0,0,0,1,1,1,0,1,3,1,1,1,1,1,7,0,1,4,0,1,542
orjson_3_10_1,e05857de7beffe19de004407df3dd87e7c47a1ee,0,8515639.0,3448.0,128,54,1,2,12,19,20,432,210,222,123,17,99,32,30,37,435,2,0,0,0,1,0,0,1,0,0,0,1,1,0,0,2,2,6,1,6,10,6,4,6,6,4,7,0,6,16,3,1,867
orjson_3_10_2,e05857de7beffe19de004407df3dd87e7c47a1ee,0,8664680.333333334,3448.0,128,54,1,2,12,19,20,432,210,222,123,17,99,32,30,37,435,2,0,0,0,1,0,0,1,0,0,0,1,1,0,0,2,2,6,1,6,10,6,4,6,6,4,7,0,6,16,3,1,867
orjson_3_10_3,e05857de7beffe19de004407df3dd87e7c47a1ee,0,8707042.0,3448.0,128,54,1,2,12,19,20,432,210,222,123,17,99,32,30,37,435,2,0,0,0,1,0,0,1,0,0,0,1,1,0,0,2,2,6,1,6,10,6,4,6,6,4,7,0,6,16,3,1,867
orjson_3_10_4,e05857de7beffe19de004407df3dd87e7c47a1ee,0,8552569.666666666,3448.0,128,54,1,2,12,19,20,432,210,222,123,17,99,32,30,37,435,2,0,0,0,1,0,0,1,0,0,0,1,1,0,0,2,2,6,1,6,10,6,4,6,6,4,7,0,6,16,3,1,867
orjson_3_10_5,e05857de7beffe19de004407df3dd87e7c47a1ee,0,8587722.333333334,3448.0,128,54,1,2,12,19,20,432,210,222,123,17,99,32,30,37,435,2,0,0,0,1,0,0,1,0,0,0,1,1,0,0,2,2,6,1,6,10,6,4,6,6,4,7,0,6,16,3,1,867
orjson_3_10_6,e05857de7beffe19de004407df3dd87e7c47a1ee,0,8592041.666666666,3448.0,128,54,1,2,12,19,20,432,210,222,123,17,99,32,30,37,435,2,0,0,0,1,0,0,1,0,0,0,1,1,0,0,2,2,6,1,6,10,6,4,6,6,4,7,0,6,16,3,1,867
orjson_3_10_1,25e36bb7447c45368c1026010a890d83eff45314,0,9118652.666666666,4471.0,181,88,3,29,32,38,15,440,226,214,107,7,107,35,40,32,459,8,4,2,2,1,3,2,0,2,2,2,4,0,0,0,5,4,3,3,3,3,3,2,2,2,2,3,0,6,6,6,4,899
orjson_3_10_2,25e36bb7447c45368c1026010a890d83eff45314,0,9092805.666666666,4471.0,181,88,3,29,32,38,15,440,226,214,107,7,107,35,40,32,459,8,4,2,2,1,3,2,0,2,2,2,4,0,0,0,5,4,3,3,3,3,3,2,2,2,2,3,0,6,6,6,4,899
orjson_3_10_3,25e36bb7447c45368c1026010a890d83eff45314,0,9113291.666666666,4471.0,181,88,3,29,32,38,15,440,226,214,107,7,107,35,40,32,459,8,4,2,2,1,3,2,0,2,2,2,4,0,0,0,5,4,3,3,3,3,3,2,2,2,2,3,0,6,6,6,4,899
orjson_3_10_4,25e36bb7447c45368c1026010a890d83eff45314,0,8984708.666666666,4471.0,181,88,3,29,32,38,15,440,226,214,107,7,107,35,40,32,459,8,4,2,2,1,3,2,0,2,2,2,4,0,0,0,5,4,3,3,3,3,3,2,2,2,2,3,0,6,6,6,4,899
orjson_3_10_5,25e36bb7447c45368c1026010a890d83eff45314,0,9034694.333333334,4471.0,181,88,3,29,32,38,15,440,226,214,107,7,107,35,40,32,459,8,4,2,2,1,3,2,0,2,2,2,4,0,0,0,5,4,3,3,3,3,3,2,2,2,2,3,0,6,6,6,4,899
orjson_3_10_6,25e36bb7447c45368c1026010a890d83eff45314,0,9157847.0,4471.0,181,88,3,29,32,38,15,440,226,214,107,7,107,35,40,32,459,8,4,2,2,1,3,2,0,2,2,2,4,0,0,0,5,4,3,3,3,3,3,2,2,2,2,3,0,6,6,6,4,899
orjson_3_10_1,277c9d3e7bdab7b8aa3abef3e9a3d648942f1a04,0,1955417.0,872.0,28,18,0,0,1,2,2,88,47,41,17,3,24,11,7,6,99,0,0,0,0,0,0,0,0,0,0,0,0,0,0,0,2,0,1,0,1,1,1,3,0,0,3,0,0,1,2,0,0,187
orjson_3_10_2,277c9d3e7bdab7b8aa3abef3e9a3d648942f1a04,0,1980027.6666666667,872.0,28,18,0,0,1,2,2,88,47,41,17,3,24,11,7,6,99,0,0,0,0,0,0,0,0,0,0,0,0,0,0,0,2,0,1,0,1,1,1,3,0,0,3,0,0,1,2,0,0,187
orjson_3_10_3,277c9d3e7bdab7b8aa3abef3e9a3d648942f1a04,0,1979764.0,872.0,28,18,0,0,1,2,2,88,47,41,17,3,24,11,7,6,99,0,0,0,0,0,0,0,0,0,0,0,0,0,0,0,2,0,1,0,1,1,1,3,0,0,3,0,0,1,2,0,0,187
orjson_3_10_4,277c9d3e7bdab7b8aa3abef3e9a3d648942f1a04,0,1945722.6666666667,872.0,28,18,0,0,1,2,2,88,47,41,17,3,24,11,7,6,99,0,0,0,0,0,0,0,0,0,0,0,0,0,0,0,2,0,1,0,1,1,1,3,0,0,3,0,0,1,2,0,0,187
orjson_3_10_5,277c9d3e7bdab7b8aa3abef3e9a3d648942f1a04,0,1964319.3333333333,872.0,28,18,0,0,1,2,2,88,47,41,17,3,24,11,7,6,99,0,0,0,0,0,0,0,0,0,0,0,0,0,0,0,2,0,1,0,1,1,1,3,0,0,3,0,0,1,2,0,0,187
orjson_3_10_6,277c9d3e7bdab7b8aa3abef3e9a3d648942f1a04,0,1969427.25,872.0,28,18,0,0,1,2,2,88,47,41,17,3,24,11,7,6,99,0,0,0,0,0,0,0,0,0,0,0,0,0,0,0,2,0,1,0,1,1,1,3,0,0,3,0,0,1,2,0,0,187
orjson_3_10_1,de30af9d39985810f14a72fcf18dfb812b968d50,0,3339264.0,1560.0,33,19,0,0,2,3,3,175,98,77,30,2,47,17,12,18,152,0,2,2,1,2,3,0,0,0,0,2,2,0,0,0,0,1,1,0,1,2,1,2,0,0,2,0,0,1,3,0,2,327
orjson_3_10_2,de30af9d39985810f14a72fcf18dfb812b968d50,0,3388319.3333333335,1560.0,33,19,0,0,2,3,3,175,98,77,30,2,47,17,12,18,152,0,2,2,1,2,3,0,0,0,0,2,2,0,0,0,0,1,1,0,1,2,1,2,0,0,2,0,0,1,3,0,2,327
orjson_3_10_3,de30af9d39985810f14a72fcf18dfb812b968d50,0,3462166.6,1560.0,33,19,0,0,2,3,3,175,98,77,30,2,47,17,12,18,152,0,2,2,1,2,3,0,0,0,0,2,2,0,0,0,0,1,1,0,1,2,1,2,0,0,2,0,0,1,3,0,2,327
orjson_3_10_4,de30af9d39985810f14a72fcf18dfb812b968d50,0,3322819.6666666665,1560.0,33,19,0,0,2,3,3,175,98,77,30,2,47,17,12,18,152,0,2,2,1,2,3,0,0,0,0,2,2,0,0,0,0,1,1,0,1,2,1,2,0,0,2,0,0,1,3,0,2,327
orjson_3_10_5,de30af9d39985810f14a72fcf18dfb812b968d50,0,3326236.3333333335,1560.0,33,19,0,0,2,3,3,175,98,77,30,2,47,17,12,18,152,0,2,2,1,2,3,0,0,0,0,2,2,0,0,0,0,1,1,0,1,2,1,2,0,0,2,0,0,1,3,0,2,327
orjson_3_10_6,de30af9d39985810f14a72fcf18dfb812b968d50,0,3391388.6666666665,1560.0,33,19,0,0,2,3,3,175,98,77,30,2,47,17,12,18,152,0,2,2,1,2,3,0,0,0,0,2,2,0,0,0,0,1,1,0,1,2,1,2,0,0,2,0,0,1,3,0,2,327
orjson_3_10_1,68cb18b57f0e4a3967e454abca99f53aaf489722,0,4618430.666666667,1896.0,46,24,0,0,3,5,5,236,113,123,53,4,70,23,20,27,218,0,1,0,1,1,1,1,0,5,1,0,2,1,1,0,2,0,2,0,2,3,2,1,3,3,1,0,0,2,5,0,2,454
orjson_3_10_2,68cb18b57f0e4a3967e454abca99f53aaf489722,0,4855180.666666667,1896.0,46,24,0,0,3,5,5,236,113,123,53,4,70,23,20,27,218,0,1,0,1,1,1,1,0,5,1,0,2,1,1,0,2,0,2,0,2,3,2,1,3,3,1,0,0,2,5,0,2,454
orjson_3_10_3,68cb18b57f0e4a3967e454abca99f53aaf489722,0,4806569.333333333,1896.0,46,24,0,0,3,5,5,236,113,123,53,4,70,23,20,27,218,0,1,0,1,1,1,1,0,5,1,0,2,1,1,0,2,0,2,0,2,3,2,1,3,3,1,0,0,2,5,0,2,454
orjson_3_10_4,68cb18b57f0e4a3967e454abca99f53aaf489722,0,4571594.25,1896.0,46,24,0,0,3,5,5,236,113,123,53,4,70,23,20,27,218,0,1,0,1,1,1,1,0,5,1,0,2,1,1,0,2,0,2,0,2,3,2,1,3,3,1,0,0,2,5,0,2,454
orjson_3_10_5,68cb18b57f0e4a3967e454abca99f53aaf489722,0,4644861.333333333,1896.0,46,24,0,0,3,5,5,236,113,123,53,4,70,23,20,27,218,0,1,0,1,1,1,1,0,5,1,0,2,1,1,0,2,0,2,0,2,3,2,1,3,3,1,0,0,2,5,0,2,454
orjson_3_10_6,68cb18b57f0e4a3967e454abca99f53aaf489722,0,4643055.333333333,1896.0,46,24,0,0,3,5,5,236,113,123,53,4,70,23,20,27,218,0,1,0,1,1,1,1,0,5,1,0,2,1,1,0,2,0,2,0,2,3,2,1,3,3,1,0,0,2,5,0,2,454
orjson_3_10_1,a8196d29c2583c88832e029fee3460763d2dba47,0,9069999.666666666,3460.0,166,75,2,6,17,26,21,435,222,213,103,9,110,30,46,34,397,5,2,1,2,4,3,1,0,14,3,1,4,2,0,2,4,1,7,2,7,11,7,2,2,2,2,5,0,8,18,3,4,832
orjson_3_10_2,a8196d29c2583c88832e029fee3460763d2dba47,0,9158194.0,3460.0,166,75,2,6,17,26,21,435,222,213,103,9,110,30,46,34,397,5,2,1,2,4,3,1,0,14,3,1,4,2,0,2,4,1,7,2,7,11,7,2,2,2,2,5,0,8,18,3,4,832
orjson_3_10_3,a8196d29c2583c88832e029fee3460763d2dba47,0,9180861.333333334,3460.0,166,75,2,6,17,26,21,435,222,213,103,9,110,30,46,34,397,5,2,1,2,4,3,1,0,14,3,1,4,2,0,2,4,1,7,2,7,11,7,2,2,2,2,5,0,8,18,3,4,832
orjson_3_10_4,a8196d29c2583c88832e029fee3460763d2dba47,0,8931763.666666666,3460.0,166,75,2,6,17,26,21,435,222,213,103,9,110,30,46,34,397,5,2,1,2,4,3,1,0,14,3,1,4,2,0,2,4,1,7,2,7,11,7,2,2,2,2,5,0,8,18,3,4,832
orjson_3_10_5,a8196d29c2583c88832e029fee3460763d2dba47,0,8954736.0,3460.0,166,75,2,6,17,26,21,435,222,213,103,9,110,30,46,34,397,5,2,1,2,4,3,1,0,14,3,1,4,2,0,2,4,1,7,2,7,11,7,2,2,2,2,5,0,8,18,3,4,832
orjson_3_10_6,a8196d29c2583c88832e029fee3460763d2dba47,0,9019902.666666666,3460.0,166,75,2,6,17,26,21,435,222,213,103,9,110,30,46,34,397,5,2,1,2,4,3,1,0,14,3,1,4,2,0,2,4,1,7,2,7,11,7,2,2,2,2,5,0,8,18,3,4,832
orjson_3_10_1,f20ccd9cab08e4efb205878cf3d3fadebfc24502,0,9148194.333333334,4004.0,86,36,3,5,9,16,10,469,229,240,124,13,116,36,41,39,446,2,1,0,1,3,1,1,1,3,1,0,2,1,0,1,3,1,4,3,4,4,4,4,4,4,4,5,0,6,8,3,2,915
orjson_3_10_2,f20ccd9cab08e4efb205878cf3d3fadebfc24502,0,9203750.0,4004.0,86,36,3,5,9,16,10,469,229,240,124,13,116,36,41,39,446,2,1,0,1,3,1,1,1,3,1,0,2,1,0,1,3,1,4,3,4,4,4,4,4,4,4,5,0,6,8,3,2,915
orjson_3_10_3,f20ccd9cab08e4efb205878cf3d3fadebfc24502,0,9224555.333333334,4004.0,86,36,3,5,9,16,10,469,229,240,124,13,116,36,41,39,446,2,1,0,1,3,1,1,1,3,1,0,2,1,0,1,3,1,4,3,4,4,4,4,4,4,4,5,0,6,8,3,2,915
orjson_3_10_4,f20ccd9cab08e4efb205878cf3d3fadebfc24502,0,9054319.666666666,4004.0,86,36,3,5,9,16,10,469,229,240,124,13,116,36,41,39,446,2,1,0,1,3,1,1,1,3,1,0,2,1,0,1,3,1,4,3,4,4,4,4,4,4,4,5,0,6,8,3,2,915
orjson_3_10_5,f20ccd9cab08e4efb205878cf3d3fadebfc24502,0,9055389.0,4004.0,86,36,3,5,9,16,10,469,229,240,124,13,116,36,41,39,446,2,1,0,1,3,1,1,1,3,1,0,2,1,0,1,3,1,4,3,4,4,4,4,4,4,4,5,0,6,8,3,2,915
orjson_3_10_6,f20ccd9cab08e4efb205878cf3d3fadebfc24502,0,9220500.333333334,4004.0,86,36,3,5,9,16,10,469,229,240,124,13,116,36,41,39,446,2,1,0,1,3,1,1,1,3,1,0,2,1,0,1,3,1,4,3,4,4,4,4,4,4,4,5,0,6,8,3,2,915
orjson_3_10_1,251af3d93546f6f2a66d81afbab1733d1fa90736,0,1878375.3333333333,780.0,23,13,0,0,1,2,2,79,33,46,22,2,24,5,9,10,77,0,1,1,0,1,0,0,0,0,0,1,2,1,1,0,0,0,1,0,1,1,1,0,1,1,0,1,0,1,2,0,2,156
orjson_3_10_2,251af3d93546f6f2a66d81afbab1733d1fa90736,0,1926778.0,780.0,23,13,0,0,1,2,2,79,33,46,22,2,24,5,9,10,77,0,1,1,0,1,0,0,0,0,0,1,2,1,1,0,0,0,1,0,1,1,1,0,1,1,0,1,0,1,2,0,2,156
orjson_3_10_3,251af3d93546f6f2a66d81afbab1733d1fa90736,0,1915166.6666666667,780.0,23,13,0,0,1,2,2,79,33,46,22,2,24,5,9,10,77,0,1,1,0,1,0,0,0,0,0,1,2,1,1,0,0,0,1,0,1,1,1,0,1,1,0,1,0,1,2,0,2,156
orjson_3_10_4,251af3d93546f6f2a66d81afbab1733d1fa90736,0,1902513.6666666667,780.0,23,13,0,0,1,2,2,79,33,46,22,2,24,5,9,10,77,0,1,1,0,1,0,0,0,0,0,1,2,1,1,0,0,0,1,0,1,1,1,0,1,1,0,1,0,1,2,0,2,156
orjson_3_10_5,251af3d93546f6f2a66d81afbab1733d1fa90736,0,1879222.0,780.0,23,13,0,0,1,2,2,79,33,46,22,2,24,5,9,10,77,0,1,1,0,1,0,0,0,0,0,1,2,1,1,0,0,0,1,0,1,1,1,0,1,1,0,1,0,1,2,0,2,156
orjson_3_10_6,251af3d93546f6f2a66d81afbab1733d1fa90736,0,1899916.6666666667,780.0,23,13,0,0,1,2,2,79,33,46,22,2,24,5,9,10,77,0,1,1,0,1,0,0,0,0,0,1,2,1,1,0,0,0,1,0,1,1,1,0,1,1,0,1,0,1,2,0,2,156
orjson_3_10_1,2e135b8862da3a3a0a7cd427ded4daf3bab7208b,0,8082792.0,3472.0,87,44,0,0,6,10,11,386,201,185,98,9,87,30,24,33,422,2,0,0,0,0,0,0,0,0,0,0,1,1,1,0,1,1,4,0,4,6,4,6,2,2,6,1,0,5,10,1,1,808
orjson_3_10_2,2e135b8862da3a3a0a7cd427ded4daf3bab7208b,0,8261319.333333333,3472.0,87,44,0,0,6,10,11,386,201,185,98,9,87,30,24,33,422,2,0,0,0,0,0,0,0,0,0,0,1,1,1,0,1,1,4,0,4,6,4,6,2,2,6,1,0,5,10,1,1,808
orjson_3_10_3,2e135b8862da3a3a0a7cd427ded4daf3bab7208b,0,8265583.666666667,3472.0,87,44,0,0,6,10,11,386,201,185,98,9,87,30,24,33,422,2,0,0,0,0,0,0,0,0,0,0,1,1,1,0,1,1,4,0,4,6,4,6,2,2,6,1,0,5,10,1,1,808
orjson_3_10_4,2e135b8862da3a3a0a7cd427ded4daf3bab7208b,0,8036666.666666667,3472.0,87,44,0,0,6,10,11,386,201,185,98,9,87,30,24,33,422,2,0,0,0,0,0,0,0,0,0,0,1,1,1,0,1,1,4,0,4,6,4,6,2,2,6,1,0,5,10,1,1,808
orjson_3_10_5,2e135b8862da3a3a0a7cd427ded4daf3bab7208b,0,8043236.333333333,3472.0,87,44,0,0,6,10,11,386,201,185,98,9,87,30,24,33,422,2,0,0,0,0,0,0,0,0,0,0,1,1,1,0,1,1,4,0,4,6,4,6,2,2,6,1,0,5,10,1,1,808
orjson_3_10_6,2e135b8862da3a3a0a7cd427ded4daf3bab7208b,0,8095055.666666667,3472.0,87,44,0,0,6,10,11,386,201,185,98,9,87,30,24,33,422,2,0,0,0,0,0,0,0,0,0,0,1,1,1,0,1,1,4,0,4,6,4,6,2,2,6,1,0,5,10,1,1,808
orjson_3_10_1,c8a423b588c0f8659651c01cb86aaddbce08e3ac,0,992611.3333333334,552.0,27,17,0,0,1,2,3,58,24,34,16,1,18,9,4,5,59,0,0,0,0,0,0,0,0,0,0,0,0,0,0,0,1,0,1,0,1,1,1,0,0,0,0,1,0,1,2,0,0,117
orjson_3_10_2,c8a423b588c0f8659651c01cb86aaddbce08e3ac,0,994687.25,552.0,27,17,0,0,1,2,3,58,24,34,16,1,18,9,4,5,59,0,0,0,0,0,0,0,0,0,0,0,0,0,0,0,1,0,1,0,1,1,1,0,0,0,0,1,0,1,2,0,0,117
orjson_3_10_3,c8a423b588c0f8659651c01cb86aaddbce08e3ac,0,997472.3333333334,552.0,27,17,0,0,1,2,3,58,24,34,16,1,18,9,4,5,59,0,0,0,0,0,0,0,0,0,0,0,0,0,0,0,1,0,1,0,1,1,1,0,0,0,0,1,0,1,2,0,0,117
orjson_3_10_4,c8a423b588c0f8659651c01cb86aaddbce08e3ac,0,986361.3333333334,552.0,27,17,0,0,1,2,3,58,24,34,16,1,18,9,4,5,59,0,0,0,0,0,0,0,0,0,0,0,0,0,0,0,1,0,1,0,1,1,1,0,0,0,0,1,0,1,2,0,0,117
orjson_3_10_5,c8a423b588c0f8659651c01cb86aaddbce08e3ac,0,986847.0,552.0,27,17,0,0,1,2,3,58,24,34,16,1,18,9,4,5,59,0,0,0,0,0,0,0,0,0,0,0,0,0,0,0,1,0,1,0,1,1,1,0,0,0,0,1,0,1,2,0,0,117
orjson_3_10_6,c8a423b588c0f8659651c01cb86aaddbce08e3ac,0,999444.3333333334,552.0,27,17,0,0,1,2,3,58,24,34,16,1,18,9,4,5,59,0,0,0,0,0,0,0,0,0,0,0,0,0,0,0,1,0,1,0,1,1,1,0,0,0,0,1,0,1,2,0,0,117
orjson_3_10_1,50927ccba8c432fdd920c0aa6b9f49e1781d935c,0,3214583.0,1412.0,24,10,0,0,2,3,3,156,80,76,36,5,40,10,15,15,134,0,1,1,1,1,3,0,0,9,1,1,3,2,1,1,0,0,1,0,1,2,1,2,2,2,2,1,0,1,3,0,3,290
orjson_3_10_2,50927ccba8c432fdd920c0aa6b9f49e1781d935c,0,3244444.3333333335,1412.0,24,10,0,0,2,3,3,156,80,76,36,5,40,10,15,15,134,0,1,1,1,1,3,0,0,9,1,1,3,2,1,1,0,0,1,0,1,2,1,2,2,2,2,1,0,1,3,0,3,290
orjson_3_10_3,50927ccba8c432fdd920c0aa6b9f49e1781d935c,0,3278125.3333333335,1412.0,24,10,0,0,2,3,3,156,80,76,36,5,40,10,15,15,134,0,1,1,1,1,3,0,0,9,1,1,3,2,1,1,0,0,1,0,1,2,1,2,2,2,2,1,0,1,3,0,3,290
orjson_3_10_4,50927ccba8c432fdd920c0aa6b9f49e1781d935c,0,3171625.0,1412.0,24,10,0,0,2,3,3,156,80,76,36,5,40,10,15,15,134,0,1,1,1,1,3,0,0,9,1,1,3,2,1,1,0,0,1,0,1,2,1,2,2,2,2,1,0,1,3,0,3,290
orjson_3_10_5,50927ccba8c432fdd920c0aa6b9f49e1781d935c,0,3180888.6666666665,1412.0,24,10,0,0,2,3,3,156,80,76,36,5,40,10,15,15,134,0,1,1,1,1,3,0,0,9,1,1,3,2,1,1,0,0,1,0,1,2,1,2,2,2,2,1,0,1,3,0,3,290
orjson_3_10_6,50927ccba8c432fdd920c0aa6b9f49e1781d935c,0,3207916.5,1412.0,24,10,0,0,2,3,3,156,80,76,36,5,40,10,15,15,134,0,1,1,1,1,3,0,0,9,1,1,3,2,1,1,0,0,1,0,1,2,1,2,2,2,2,1,0,1,3,0,3,290
orjson_3_10_1,e315cdf708d739f03ffb5785453fe60c7a14374b,0,9923722.333333334,4786.0,278,70,0,0,48,50,61,348,176,172,82,10,90,26,29,35,323,12,0,0,0,0,0,0,0,1,1,0,1,1,0,1,6,13,2,0,2,48,2,3,3,3,3,4,0,3,50,6,1,671
orjson_3_10_2,e315cdf708d739f03ffb5785453fe60c7a14374b,0,9649541.333333334,4786.0,278,70,0,0,48,50,61,348,176,172,82,10,90,26,29,35,323,12,0,0,0,0,0,0,0,1,1,0,1,1,0,1,6,13,2,0,2,48,2,3,3,3,3,4,0,3,50,6,1,671
orjson_3_10_3,e315cdf708d739f03ffb5785453fe60c7a14374b,0,9661305.666666666,4786.0,278,70,0,0,48,50,61,348,176,172,82,10,90,26,29,35,323,12,0,0,0,0,0,0,0,1,1,0,1,1,0,1,6,13,2,0,2,48,2,3,3,3,3,4,0,3,50,6,1,671
orjson_3_10_4,e315cdf708d739f03ffb5785453fe60c7a14374b,0,9485652.666666666,4786.0,278,70,0,0,48,50,61,348,176,172,82,10,90,26,29,35,323,12,0,0,0,0,0,0,0,1,1,0,1,1,0,1,6,13,2,0,2,48,2,3,3,3,3,4,0,3,50,6,1,671
orjson_3_10_5,e315cdf708d739f03ffb5785453fe60c7a14374b,0,9498319.333333334,4786.0,278,70,0,0,48,50,61,348,176,172,82,10,90,26,29,35,323,12,0,0,0,0,0,0,0,1,1,0,1,1,0,1,6,13,2,0,2,48,2,3,3,3,3,4,0,3,50,6,1,671
orjson_3_10_6,e315cdf708d739f03ffb5785453fe60c7a14374b,0,9980138.666666666,5061.0,278,70,0,0,48,50,61,348,176,172,82,10,90,26,29,35,323,12,0,0,0,0,0,0,0,1,1,0,1,1,0,1,6,13,2,0,2,48,2,3,3,3,3,4,0,3,50,6,1,671
orjson_3_10_1,3a5a72528df09698bf37caf3bf800e9e9bad1a38,0,11154333.0,5191.0,279,70,0,0,48,50,58,325,163,162,85,13,77,21,25,31,338,14,2,1,1,1,2,1,1,15,2,1,4,2,0,1,8,8,2,0,2,48,2,7,1,1,7,5,0,3,50,7,4,663
orjson_3_10_2,3a5a72528df09698bf37caf3bf800e9e9bad1a38,0,10398847.333333334,4978.0,279,70,0,0,48,50,58,325,163,162,85,13,77,21,25,31,338,14,2,1,1,1,2,1,1,15,2,1,4,2,0,1,8,8,2,0,2,48,2,7,1,1,7,5,0,3,50,7,4,663
orjson_3_10_3,3a5a72528df09698bf37caf3bf800e9e9bad1a38,0,10698736.333333334,5173.0,279,70,0,0,48,50,58,325,163,162,85,13,77,21,25,31,338,14,2,1,1,1,2,1,1,15,2,1,4,2,0,1,8,8,2,0,2,48,2,7,1,1,7,5,0,3,50,7,4,663
orjson_3_10_4,3a5a72528df09698bf37caf3bf800e9e9bad1a38,0,10488208.0,5091.0,279,70,0,0,48,50,58,325,163,162,85,13,77,21,25,31,338,14,2,1,1,1,2,1,1,15,2,1,4,2,0,1,8,8,2,0,2,48,2,7,1,1,7,5,0,3,50,7,4,663
orjson_3_10_5,3a5a72528df09698bf37caf3bf800e9e9bad1a38,0,10318430.333333334,4978.0,279,70,0,0,48,50,58,325,163,162,85,13,77,21,25,31,338,14,2,1,1,1,2,1,1,15,2,1,4,2,0,1,8,8,2,0,2,48,2,7,1,1,7,5,0,3,50,7,4,663
orjson_3_10_6,3a5a72528df09698bf37caf3bf800e9e9bad1a38,0,10596375.0,5064.0,279,70,0,0,48,50,58,325,163,162,85,13,77,21,25,31,338,14,2,1,1,1,2,1,1,15,2,1,4,2,0,1,8,8,2,0,2,48,2,7,1,1,7,5,0,3,50,7,4,663
orjson_3_10_1,fc0d0cd3f094b5e0c70c010b51b4cf92aa66599c,0,9844430.666666666,4720.0,149,41,0,0,24,25,32,422,200,222,99,8,123,43,40,40,386,0,3,2,2,2,7,1,0,7,2,2,4,1,0,1,3,5,1,0,1,24,1,3,3,3,3,2,0,2,25,6,4,808
orjson_3_10_2,fc0d0cd3f094b5e0c70c010b51b4cf92aa66599c,0,9897027.666666666,4780.0,149,41,0,0,24,25,32,422,200,222,99,8,123,43,40,40,386,0,3,2,2,2,7,1,0,7,2,2,4,1,0,1,3,5,1,0,1,24,1,3,3,3,3,2,0,2,25,6,4,808
orjson_3_10_3,fc0d0cd3f094b5e0c70c010b51b4cf92aa66599c,0,9953847.333333334,4806.0,149,41,0,0,24,25,32,422,200,222,99,8,123,43,40,40,386,0,3,2,2,2,7,1,0,7,2,2,4,1,0,1,3,5,1,0,1,24,1,3,3,3,3,2,0,2,25,6,4,808
orjson_3_10_4,fc0d0cd3f094b5e0c70c010b51b4cf92aa66599c,0,9579999.666666666,4720.0,149,41,0,0,24,25,32,422,200,222,99,8,123,43,40,40,386,0,3,2,2,2,7,1,0,7,2,2,4,1,0,1,3,5,1,0,1,24,1,3,3,3,3,2,0,2,25,6,4,808
orjson_3_10_5,fc0d0cd3f094b5e0c70c010b51b4cf92aa66599c,0,9624375.0,4720.0,149,41,0,0,24,25,32,422,200,222,99,8,123,43,40,40,386,0,3,2,2,2,7,1,0,7,2,2,4,1,0,1,3,5,1,0,1,24,1,3,3,3,3,2,0,2,25,6,4,808
orjson_3_10_6,fc0d0cd3f094b5e0c70c010b51b4cf92aa66599c,0,9745528.0,4720.0,149,41,0,0,24,25,32,422,200,222,99,8,123,43,40,40,386,0,3,2,2,2,7,1,0,7,2,2,4,1,0,1,3,5,1,0,1,24,1,3,3,3,3,2,0,2,25,6,4,808
orjson_3_10_1,104ebfd67ce834ca18c6d3ad4f9ac8f04e5120dd,0,10183486.333333334,4786.0,278,70,0,0,48,50,61,348,176,172,82,10,90,26,29,35,323,12,0,0,0,0,0,0,0,1,1,0,1,1,0,1,6,13,2,0,2,48,2,3,3,3,3,4,0,3,50,6,1,671
orjson_3_10_2,104ebfd67ce834ca18c6d3ad4f9ac8f04e5120dd,0,9626902.666666666,4786.0,278,70,0,0,48,50,61,348,176,172,82,10,90,26,29,35,323,12,0,0,0,0,0,0,0,1,1,0,1,1,0,1,6,13,2,0,2,48,2,3,3,3,3,4,0,3,50,6,1,671
orjson_3_10_3,104ebfd67ce834ca18c6d3ad4f9ac8f04e5120dd,0,9622777.666666666,4786.0,278,70,0,0,48,50,61,348,176,172,82,10,90,26,29,35,323,12,0,0,0,0,0,0,0,1,1,0,1,1,0,1,6,13,2,0,2,48,2,3,3,3,3,4,0,3,50,6,1,671
orjson_3_10_4,104ebfd67ce834ca18c6d3ad4f9ac8f04e5120dd,0,9815029.3,4786.0,278,70,0,0,48,50,61,348,176,172,82,10,90,26,29,35,323,12,0,0,0,0,0,0,0,1,1,0,1,1,0,1,6,13,2,0,2,48,2,3,3,3,3,4,0,3,50,6,1,671
orjson_3_10_5,104ebfd67ce834ca18c6d3ad4f9ac8f04e5120dd,0,9615555.333333334,4786.0,278,70,0,0,48,50,61,348,176,172,82,10,90,26,29,35,323,12,0,0,0,0,0,0,0,1,1,0,1,1,0,1,6,13,2,0,2,48,2,3,3,3,3,4,0,3,50,6,1,671
orjson_3_10_6,104ebfd67ce834ca18c6d3ad4f9ac8f04e5120dd,0,10058569.333333334,5061.0,278,70,0,0,48,50,61,348,176,172,82,10,90,26,29,35,323,12,0,0,0,0,0,0,0,1,1,0,1,1,0,1,6,13,2,0,2,48,2,3,3,3,3,4,0,3,50,6,1,671
orjson_3_10_1,dcc2c41e7b14309e1c18d49bdc2c995331a4c931,0,9807319.666666666,4748.0,149,41,0,0,24,25,32,422,200,222,99,8,123,43,40,40,386,0,3,2,2,2,7,1,0,9,2,2,4,1,0,1,3,5,1,0,1,24,1,3,3,3,3,2,0,2,25,6,4,808
orjson_3_10_2,dcc2c41e7b14309e1c18d49bdc2c995331a4c931,0,9911152.333333334,4808.0,149,41,0,0,24,25,32,422,200,222,99,8,123,43,40,40,386,0,3,2,2,2,7,1,0,9,2,2,4,1,0,1,3,5,1,0,1,24,1,3,3,3,3,2,0,2,25,6,4,808
orjson_3_10_3,dcc2c41e7b14309e1c18d49bdc2c995331a4c931,0,9953569.333333334,4834.0,149,41,0,0,24,25,32,422,200,222,99,8,123,43,40,40,386,0,3,2,2,2,7,1,0,9,2,2,4,1,0,1,3,5,1,0,1,24,1,3,3,3,3,2,0,2,25,6,4,808
orjson_3_10_4,dcc2c41e7b14309e1c18d49bdc2c995331a4c931,0,9589389.0,4748.0,149,41,0,0,24,25,32,422,200,222,99,8,123,43,40,40,386,0,3,2,2,2,7,1,0,9,2,2,4,1,0,1,3,5,1,0,1,24,1,3,3,3,3,2,0,2,25,6,4,808
orjson_3_10_5,dcc2c41e7b14309e1c18d49bdc2c995331a4c931,0,9527666.666666666,4748.0,149,41,0,0,24,25,32,422,200,222,99,8,123,43,40,40,386,0,3,2,2,2,7,1,0,9,2,2,4,1,0,1,3,5,1,0,1,24,1,3,3,3,3,2,0,2,25,6,4,808
orjson_3_10_6,dcc2c41e7b14309e1c18d49bdc2c995331a4c931,0,9635055.666666666,4748.0,149,41,0,0,24,25,32,422,200,222,99,8,123,43,40,40,386,0,3,2,2,2,7,1,0,9,2,2,4,1,0,1,3,5,1,0,1,24,1,3,3,3,3,2,0,2,25,6,4,808
orjson_3_10_1,39334a89ffac9a8e6098a67a00ebadf445636c51,0,9796514.0,4720.0,149,41,0,0,24,25,32,422,200,222,99,8,123,43,40,40,386,0,3,2,2,2,7,1,1,6,1,2,4,1,0,0,3,5,1,0,1,24,1,3,3,3,3,2,0,2,25,6,4,808
orjson_3_10_2,39334a89ffac9a8e6098a67a00ebadf445636c51,0,9932264.333333334,4780.0,149,41,0,0,24,25,32,422,200,222,99,8,123,43,40,40,386,0,3,2,2,2,7,1,1,6,1,2,4,1,0,0,3,5,1,0,1,24,1,3,3,3,3,2,0,2,25,6,4,808
orjson_3_10_3,39334a89ffac9a8e6098a67a00ebadf445636c51,0,9911097.0,4806.0,149,41,0,0,24,25,32,422,200,222,99,8,123,43,40,40,386,0,3,2,2,2,7,1,1,6,1,2,4,1,0,0,3,5,1,0,1,24,1,3,3,3,3,2,0,2,25,6,4,808
orjson_3_10_4,39334a89ffac9a8e6098a67a00ebadf445636c51,0,9496860.666666666,4720.0,149,41,0,0,24,25,32,422,200,222,99,8,123,43,40,40,386,0,3,2,2,2,7,1,1,6,1,2,4,1,0,0,3,5,1,0,1,24,1,3,3,3,3,2,0,2,25,6,4,808
orjson_3_10_5,39334a89ffac9a8e6098a67a00ebadf445636c51,0,9585014.0,4720.0,149,41,0,0,24,25,32,422,200,222,99,8,123,43,40,40,386,0,3,2,2,2,7,1,1,6,1,2,4,1,0,0,3,5,1,0,1,24,1,3,3,3,3,2,0,2,25,6,4,808
orjson_3_10_6,39334a89ffac9a8e6098a67a00ebadf445636c51,0,9619764.0,4720.0,149,41,0,0,24,25,32,422,200,222,99,8,123,43,40,40,386,0,3,2,2,2,7,1,1,6,1,2,4,1,0,0,3,5,1,0,1,24,1,3,3,3,3,2,0,2,25,6,4,808
orjson_3_10_1,330442c7e88c9417d50dd39bd4c2b23f89c02a9c,0,10279458.666666666,4786.0,278,70,0,0,48,50,61,348,176,172,82,10,90,26,29,35,323,12,0,0,0,0,0,0,0,1,1,0,1,1,0,1,6,13,2,0,2,48,2,3,3,3,3,4,0,3,50,6,1,671
orjson_3_10_2,330442c7e88c9417d50dd39bd4c2b23f89c02a9c,0,9555611.0,4786.0,278,70,0,0,48,50,61,348,176,172,82,10,90,26,29,35,323,12,0,0,0,0,0,0,0,1,1,0,1,1,0,1,6,13,2,0,2,48,2,3,3,3,3,4,0,3,50,6,1,671
orjson_3_10_3,330442c7e88c9417d50dd39bd4c2b23f89c02a9c,0,9823701.333333334,4786.0,278,70,0,0,48,50,61,348,176,172,82,10,90,26,29,35,323,12,0,0,0,0,0,0,0,1,1,0,1,1,0,1,6,13,2,0,2,48,2,3,3,3,3,4,0,3,50,6,1,671
orjson_3_10_4,330442c7e88c9417d50dd39bd4c2b23f89c02a9c,0,9549305.333333334,4786.0,278,70,0,0,48,50,61,348,176,172,82,10,90,26,29,35,323,12,0,0,0,0,0,0,0,1,1,0,1,1,0,1,6,13,2,0,2,48,2,3,3,3,3,4,0,3,50,6,1,671
orjson_3_10_5,330442c7e88c9417d50dd39bd4c2b23f89c02a9c,0,9469042.0,4786.0,278,70,0,0,48,50,61,348,176,172,82,10,90,26,29,35,323,12,0,0,0,0,0,0,0,1,1,0,1,1,0,1,6,13,2,0,2,48,2,3,3,3,3,4,0,3,50,6,1,671
orjson_3_10_6,330442c7e88c9417d50dd39bd4c2b23f89c02a9c,0,10079014.0,5061.0,278,70,0,0,48,50,61,348,176,172,82,10,90,26,29,35,323,12,0,0,0,0,0,0,0,1,1,0,1,1,0,1,6,13,2,0,2,48,2,3,3,3,3,4,0,3,50,6,1,671
orjson_3_10_1,272bb11556c95da25d9d94e7961ac0bb7779ba5d,0,11175152.333333334,5191.0,279,70,0,0,48,50,58,325,163,162,85,13,77,21,25,31,338,14,2,1,1,1,2,1,1,15,2,1,4,2,0,1,8,8,2,0,2,48,2,7,1,1,7,5,0,3,50,7,4,663
orjson_3_10_2,272bb11556c95da25d9d94e7961ac0bb7779ba5d,0,10485258.6,4978.0,279,70,0,0,48,50,58,325,163,162,85,13,77,21,25,31,338,14,2,1,1,1,2,1,1,15,2,1,4,2,0,1,8,8,2,0,2,48,2,7,1,1,7,5,0,3,50,7,4,663
orjson_3_10_3,272bb11556c95da25d9d94e7961ac0bb7779ba5d,0,10804083.333333334,5173.0,279,70,0,0,48,50,58,325,163,162,85,13,77,21,25,31,338,14,2,1,1,1,2,1,1,15,2,1,4,2,0,1,8,8,2,0,2,48,2,7,1,1,7,5,0,3,50,7,4,663
orjson_3_10_4,272bb11556c95da25d9d94e7961ac0bb7779ba5d,0,10390889.333333334,5091.0,279,70,0,0,48,50,58,325,163,162,85,13,77,21,25,31,338,14,2,1,1,1,2,1,1,15,2,1,4,2,0,1,8,8,2,0,2,48,2,7,1,1,7,5,0,3,50,7,4,663
orjson_3_10_5,272bb11556c95da25d9d94e7961ac0bb7779ba5d,0,10404250.0,4978.0,279,70,0,0,48,50,58,325,163,162,85,13,77,21,25,31,338,14,2,1,1,1,2,1,1,15,2,1,4,2,0,1,8,8,2,0,2,48,2,7,1,1,7,5,0,3,50,7,4,663
orjson_3_10_6,272bb11556c95da25d9d94e7961ac0bb7779ba5d,0,10657847.333333334,5064.0,279,70,0,0,48,50,58,325,163,162,85,13,77,21,25,31,338,14,2,1,1,1,2,1,1,15,2,1,4,2,0,1,8,8,2,0,2,48,2,7,1,1,7,5,0,3,50,7,4,663
orjson_3_10_1,f04b295c89770c1a32ba1638d742863672247afb,0,10167069.666666666,4786.0,273,65,0,0,48,50,61,347,176,171,83,10,88,24,29,35,324,11,0,0,0,0,0,0,0,1,1,0,1,1,0,1,6,14,2,0,2,48,2,3,3,3,3,4,0,3,50,6,1,671
orjson_3_10_2,f04b295c89770c1a32ba1638d742863672247afb,0,9491347.333333334,4786.0,273,65,0,0,48,50,61,347,176,171,83,10,88,24,29,35,324,11,0,0,0,0,0,0,0,1,1,0,1,1,0,1,6,14,2,0,2,48,2,3,3,3,3,4,0,3,50,6,1,671
orjson_3_10_3,f04b295c89770c1a32ba1638d742863672247afb,0,9550041.333333334,4786.0,273,65,0,0,48,50,61,347,176,171,83,10,88,24,29,35,324,11,0,0,0,0,0,0,0,1,1,0,1,1,0,1,6,14,2,0,2,48,2,3,3,3,3,4,0,3,50,6,1,671
orjson_3_10_4,f04b295c89770c1a32ba1638d742863672247afb,0,9498569.333333334,4786.0,273,65,0,0,48,50,61,347,176,171,83,10,88,24,29,35,324,11,0,0,0,0,0,0,0,1,1,0,1,1,0,1,6,14,2,0,2,48,2,3,3,3,3,4,0,3,50,6,1,671
orjson_3_10_5,f04b295c89770c1a32ba1638d742863672247afb,0,9646888.666666666,4786.0,273,65,0,0,48,50,61,347,176,171,83,10,88,24,29,35,324,11,0,0,0,0,0,0,0,1,1,0,1,1,0,1,6,14,2,0,2,48,2,3,3,3,3,4,0,3,50,6,1,671
orjson_3_10_6,f04b295c89770c1a32ba1638d742863672247afb,0,10107041.75,5061.0,273,65,0,0,48,50,61,347,176,171,83,10,88,24,29,35,324,11,0,0,0,0,0,0,0,1,1,0,1,1,0,1,6,14,2,0,2,48,2,3,3,3,3,4,0,3,50,6,1,671
orjson_3_10_1,9e68e1f1fe6d8914d891127b357ae86492250071,0,9138389.333333334,4260.0,149,41,0,0,24,25,32,369,175,194,88,8,106,38,35,33,324,0,3,2,2,2,7,1,0,7,2,2,4,1,0,1,3,5,1,0,1,24,1,3,3,3,3,2,0,2,25,6,4,693
orjson_3_10_2,9e68e1f1fe6d8914d891127b357ae86492250071,0,9262958.0,4320.0,149,41,0,0,24,25,32,369,175,194,88,8,106,38,35,33,324,0,3,2,2,2,7,1,0,7,2,2,4,1,0,1,3,5,1,0,1,24,1,3,3,3,3,2,0,2,25,6,4,693
orjson_3_10_3,9e68e1f1fe6d8914d891127b357ae86492250071,0,9137528.0,4346.0,149,41,0,0,24,25,32,369,175,194,88,8,106,38,35,33,324,0,3,2,2,2,7,1,0,7,2,2,4,1,0,1,3,5,1,0,1,24,1,3,3,3,3,2,0,2,25,6,4,693
orjson_3_10_4,9e68e1f1fe6d8914d891127b357ae86492250071,0,8921430.666666666,4260.0,149,41,0,0,24,25,32,369,175,194,88,8,106,38,35,33,324,0,3,2,2,2,7,1,0,7,2,2,4,1,0,1,3,5,1,0,1,24,1,3,3,3,3,2,0,2,25,6,4,693
orjson_3_10_5,9e68e1f1fe6d8914d891127b357ae86492250071,0,8971736.0,4260.0,149,41,0,0,24,25,32,369,175,194,88,8,106,38,35,33,324,0,3,2,2,2,7,1,0,7,2,2,4,1,0,1,3,5,1,0,1,24,1,3,3,3,3,2,0,2,25,6,4,693
orjson_3_10_6,9e68e1f1fe6d8914d891127b357ae86492250071,0,9100805.333333334,4260.0,149,41,0,0,24,25,32,369,175,194,88,8,106,38,35,33,324,0,3,2,2,2,7,1,0,7,2,2,4,1,0,1,3,5,1,0,1,24,1,3,3,3,3,2,0,2,25,6,4,693
orjson_3_10_1,70e944b8dea8de53550c68a31b32b688a13edb03,0,11198916.666666666,5191.0,279,70,0,0,48,50,58,325,163,162,85,13,77,21,25,31,338,14,2,1,1,1,1,1,1,15,2,1,4,2,0,1,8,8,2,0,2,48,2,7,1,1,7,5,0,3,50,7,4,663
orjson_3_10_2,70e944b8dea8de53550c68a31b32b688a13edb03,0,10323597.333333334,4978.0,279,70,0,0,48,50,58,325,163,162,85,13,77,21,25,31,338,14,2,1,1,1,1,1,1,15,2,1,4,2,0,1,8,8,2,0,2,48,2,7,1,1,7,5,0,3,50,7,4,663
orjson_3_10_3,70e944b8dea8de53550c68a31b32b688a13edb03,0,10680485.666666666,5173.0,279,70,0,0,48,50,58,325,163,162,85,13,77,21,25,31,338,14,2,1,1,1,1,1,1,15,2,1,4,2,0,1,8,8,2,0,2,48,2,7,1,1,7,5,0,3,50,7,4,663
orjson_3_10_4,70e944b8dea8de53550c68a31b32b688a13edb03,0,10642874.666666666,5091.0,279,70,0,0,48,50,58,325,163,162,85,13,77,21,25,31,338,14,2,1,1,1,1,1,1,15,2,1,4,2,0,1,8,8,2,0,2,48,2,7,1,1,7,5,0,3,50,7,4,663
orjson_3_10_5,70e944b8dea8de53550c68a31b32b688a13edb03,0,10309903.0,4978.0,279,70,0,0,48,50,58,325,163,162,85,13,77,21,25,31,338,14,2,1,1,1,1,1,1,15,2,1,4,2,0,1,8,8,2,0,2,48,2,7,1,1,7,5,0,3,50,7,4,663
orjson_3_10_6,70e944b8dea8de53550c68a31b32b688a13edb03,0,10543972.333333334,5064.0,279,70,0,0,48,50,58,325,163,162,85,13,77,21,25,31,338,14,2,1,1,1,1,1,1,15,2,1,4,2,0,1,8,8,2,0,2,48,2,7,1,1,7,5,0,3,50,7,4,663
orjson_3_10_1,92e754066a8bfded49bbb78ba437e788fdb3ba29,0,9785166.666666666,4720.0,149,41,0,0,24,25,32,422,200,222,99,8,123,43,40,40,386,0,3,2,2,2,8,1,0,7,2,2,4,1,0,1,3,5,1,0,1,24,1,3,3,3,3,2,0,2,25,6,4,808
orjson_3_10_2,92e754066a8bfded49bbb78ba437e788fdb3ba29,0,9846653.0,4780.0,149,41,0,0,24,25,32,422,200,222,99,8,123,43,40,40,386,0,3,2,2,2,8,1,0,7,2,2,4,1,0,1,3,5,1,0,1,24,1,3,3,3,3,2,0,2,25,6,4,808
orjson_3_10_3,92e754066a8bfded49bbb78ba437e788fdb3ba29,0,10023555.666666666,4806.0,149,41,0,0,24,25,32,422,200,222,99,8,123,43,40,40,386,0,3,2,2,2,8,1,0,7,2,2,4,1,0,1,3,5,1,0,1,24,1,3,3,3,3,2,0,2,25,6,4,808
orjson_3_10_4,92e754066a8bfded49bbb78ba437e788fdb3ba29,0,9557999.666666666,4720.0,149,41,0,0,24,25,32,422,200,222,99,8,123,43,40,40,386,0,3,2,2,2,8,1,0,7,2,2,4,1,0,1,3,5,1,0,1,24,1,3,3,3,3,2,0,2,25,6,4,808
orjson_3_10_5,92e754066a8bfded49bbb78ba437e788fdb3ba29,0,9641528.0,4720.0,149,41,0,0,24,25,32,422,200,222,99,8,123,43,40,40,386,0,3,2,2,2,8,1,0,7,2,2,4,1,0,1,3,5,1,0,1,24,1,3,3,3,3,2,0,2,25,6,4,808
orjson_3_10_6,92e754066a8bfded49bbb78ba437e788fdb3ba29,0,9662625.0,4720.0,149,41,0,0,24,25,32,422,200,222,99,8,123,43,40,40,386,0,3,2,2,2,8,1,0,7,2,2,4,1,0,1,3,5,1,0,1,24,1,3,3,3,3,2,0,2,25,6,4,808
orjson_3_10_1,5c6cfe5111bb7c725bc7c7ffe6a107a2111f0f73,0,9842444.333333334,4720.0,149,41,0,0,24,25,32,422,200,222,99,8,123,43,40,40,386,0,3,2,2,2,7,1,1,6,1,2,4,1,0,0,3,5,1,0,1,24,1,3,3,3,3,2,0,2,25,6,4,808
orjson_3_10_2,5c6cfe5111bb7c725bc7c7ffe6a107a2111f0f73,0,9966861.333333334,4780.0,149,41,0,0,24,25,32,422,200,222,99,8,123,43,40,40,386,0,3,2,2,2,7,1,1,6,1,2,4,1,0,0,3,5,1,0,1,24,1,3,3,3,3,2,0,2,25,6,4,808
orjson_3_10_3,5c6cfe5111bb7c725bc7c7ffe6a107a2111f0f73,0,9950111.0,4806.0,149,41,0,0,24,25,32,422,200,222,99,8,123,43,40,40,386,0,3,2,2,2,7,1,1,6,1,2,4,1,0,0,3,5,1,0,1,24,1,3,3,3,3,2,0,2,25,6,4,808
orjson_3_10_4,5c6cfe5111bb7c725bc7c7ffe6a107a2111f0f73,0,9489889.0,4720.0,149,41,0,0,24,25,32,422,200,222,99,8,123,43,40,40,386,0,3,2,2,2,7,1,1,6,1,2,4,1,0,0,3,5,1,0,1,24,1,3,3,3,3,2,0,2,25,6,4,808
orjson_3_10_5,5c6cfe5111bb7c725bc7c7ffe6a107a2111f0f73,0,9744636.714285715,4720.0,149,41,0,0,24,25,32,422,200,222,99,8,123,43,40,40,386,0,3,2,2,2,7,1,1,6,1,2,4,1,0,0,3,5,1,0,1,24,1,3,3,3,3,2,0,2,25,6,4,808
orjson_3_10_6,5c6cfe5111bb7c725bc7c7ffe6a107a2111f0f73,0,9678764.0,4720.0,149,41,0,0,24,25,32,422,200,222,99,8,123,43,40,40,386,0,3,2,2,2,7,1,1,6,1,2,4,1,0,0,3,5,1,0,1,24,1,3,3,3,3,2,0,2,25,6,4,808
orjson_3_10_1,8d015b81b8976d364df0dc55718de1cdb1ee9d0d,0,9724569.333333334,4748.0,148,40,0,0,24,25,32,422,200,222,99,8,123,43,40,40,386,0,3,2,2,2,7,1,0,9,2,2,4,1,0,1,3,5,1,0,1,24,1,3,3,3,3,2,0,2,25,6,4,808
orjson_3_10_2,8d015b81b8976d364df0dc55718de1cdb1ee9d0d,0,9973716.6,4808.0,148,40,0,0,24,25,32,422,200,222,99,8,123,43,40,40,386,0,3,2,2,2,7,1,0,9,2,2,4,1,0,1,3,5,1,0,1,24,1,3,3,3,3,2,0,2,25,6,4,808
orjson_3_10_3,8d015b81b8976d364df0dc55718de1cdb1ee9d0d,0,9869083.333333334,4834.0,148,40,0,0,24,25,32,422,200,222,99,8,123,43,40,40,386,0,3,2,2,2,7,1,0,9,2,2,4,1,0,1,3,5,1,0,1,24,1,3,3,3,3,2,0,2,25,6,4,808
orjson_3_10_4,8d015b81b8976d364df0dc55718de1cdb1ee9d0d,0,10918616.5,4748.0,148,40,0,0,24,25,32,422,200,222,99,8,123,43,40,40,386,0,3,2,2,2,7,1,0,9,2,2,4,1,0,1,3,5,1,0,1,24,1,3,3,3,3,2,0,2,25,6,4,808
orjson_3_10_5,8d015b81b8976d364df0dc55718de1cdb1ee9d0d,0,9481638.666666666,4748.0,148,40,0,0,24,25,32,422,200,222,99,8,123,43,40,40,386,0,3,2,2,2,7,1,0,9,2,2,4,1,0,1,3,5,1,0,1,24,1,3,3,3,3,2,0,2,25,6,4,808
orjson_3_10_6,8d015b81b8976d364df0dc55718de1cdb1ee9d0d,0,9651486.0,4748.0,148,40,0,0,24,25,32,422,200,222,99,8,123,43,40,40,386,0,3,2,2,2,7,1,0,9,2,2,4,1,0,1,3,5,1,0,1,24,1,3,3,3,3,2,0,2,25,6,4,808
orjson_3_10_1,0c4bd48f6cc6dd40b48008b9f8cca97ed5db0454,0,10191166.666666666,4786.0,279,71,0,0,48,50,61,348,176,172,82,10,90,26,29,35,323,12,0,0,0,0,0,0,0,1,1,0,1,1,0,1,6,13,2,0,2,48,2,3,3,3,3,4,0,3,50,6,1,671
orjson_3_10_2,0c4bd48f6cc6dd40b48008b9f8cca97ed5db0454,0,9668916.666666666,4786.0,279,71,0,0,48,50,61,348,176,172,82,10,90,26,29,35,323,12,0,0,0,0,0,0,0,1,1,0,1,1,0,1,6,13,2,0,2,48,2,3,3,3,3,4,0,3,50,6,1,671
orjson_3_10_3,0c4bd48f6cc6dd40b48008b9f8cca97ed5db0454,0,9621027.333333334,4786.0,279,71,0,0,48,50,61,348,176,172,82,10,90,26,29,35,323,12,0,0,0,0,0,0,0,1,1,0,1,1,0,1,6,13,2,0,2,48,2,3,3,3,3,4,0,3,50,6,1,671
orjson_3_10_4,0c4bd48f6cc6dd40b48008b9f8cca97ed5db0454,0,9513889.0,4786.0,279,71,0,0,48,50,61,348,176,172,82,10,90,26,29,35,323,12,0,0,0,0,0,0,0,1,1,0,1,1,0,1,6,13,2,0,2,48,2,3,3,3,3,4,0,3,50,6,1,671
orjson_3_10_5,0c4bd48f6cc6dd40b48008b9f8cca97ed5db0454,0,9543903.0,4786.0,279,71,0,0,48,50,61,348,176,172,82,10,90,26,29,35,323,12,0,0,0,0,0,0,0,1,1,0,1,1,0,1,6,13,2,0,2,48,2,3,3,3,3,4,0,3,50,6,1,671
orjson_3_10_6,0c4bd48f6cc6dd40b48008b9f8cca97ed5db0454,0,10226777.666666666,5061.0,279,71,0,0,48,50,61,348,176,172,82,10,90,26,29,35,323,12,0,0,0,0,0,0,0,1,1,0,1,1,0,1,6,13,2,0,2,48,2,3,3,3,3,4,0,3,50,6,1,671
orjson_3_10_1,71c94a82a98ecf29fddbf8252243d097c05dcc75,0,8366736.0,4250.0,159,53,0,0,24,25,30,417,219,198,107,14,91,28,36,27,407,4,1,1,1,1,2,0,0,0,0,1,1,0,0,0,4,7,1,0,1,24,1,5,5,5,5,4,0,2,25,4,1,824
orjson_3_10_2,71c94a82a98ecf29fddbf8252243d097c05dcc75,0,8397291.666666666,4250.0,159,53,0,0,24,25,30,417,219,198,107,14,91,28,36,27,407,4,1,1,1,1,2,0,0,0,0,1,1,0,0,0,4,7,1,0,1,24,1,5,5,5,5,4,0,2,25,4,1,824
orjson_3_10_3,71c94a82a98ecf29fddbf8252243d097c05dcc75,0,8344930.666666667,4250.0,159,53,0,0,24,25,30,417,219,198,107,14,91,28,36,27,407,4,1,1,1,1,2,0,0,0,0,1,1,0,0,0,4,7,1,0,1,24,1,5,5,5,5,4,0,2,25,4,1,824
orjson_3_10_4,71c94a82a98ecf29fddbf8252243d097c05dcc75,0,8153222.333333333,4250.0,159,53,0,0,24,25,30,417,219,198,107,14,91,28,36,27,407,4,1,1,1,1,2,0,0,0,0,1,1,0,0,0,4,7,1,0,1,24,1,5,5,5,5,4,0,2,25,4,1,824
orjson_3_10_5,71c94a82a98ecf29fddbf8252243d097c05dcc75,0,8130389.0,4250.0,159,53,0,0,24,25,30,417,219,198,107,14,91,28,36,27,407,4,1,1,1,1,2,0,0,0,0,1,1,0,0,0,4,7,1,0,1,24,1,5,5,5,5,4,0,2,25,4,1,824
orjson_3_10_6,71c94a82a98ecf29fddbf8252243d097c05dcc75,0,8318999.75,4250.0,159,53,0,0,24,25,30,417,219,198,107,14,91,28,36,27,407,4,1,1,1,1,2,0,0,0,0,1,1,0,0,0,4,7,1,0,1,24,1,5,5,5,5,4,0,2,25,4,1,824
orjson_3_10_1,fe8226ed0d56ab621e134d37c2c31bd3c2106ddb,0,8504396.0,3788.0,185,80,0,0,24,25,27,400,216,184,86,6,98,32,26,40,426,5,0,0,0,0,0,0,1,0,0,0,1,1,0,0,4,10,1,0,1,24,1,1,5,5,1,0,0,2,25,3,1,826
orjson_3_10_2,fe8226ed0d56ab621e134d37c2c31bd3c2106ddb,0,8461791.666666666,3788.0,185,80,0,0,24,25,27,400,216,184,86,6,98,32,26,40,426,5,0,0,0,0,0,0,1,0,0,0,1,1,0,0,4,10,1,0,1,24,1,1,5,5,1,0,0,2,25,3,1,826
orjson_3_10_3,fe8226ed0d56ab621e134d37c2c31bd3c2106ddb,0,8405972.0,3788.0,185,80,0,0,24,25,27,400,216,184,86,6,98,32,26,40,426,5,0,0,0,0,0,0,1,0,0,0,1,1,0,0,4,10,1,0,1,24,1,1,5,5,1,0,0,2,25,3,1,826
orjson_3_10_4,fe8226ed0d56ab621e134d37c2c31bd3c2106ddb,0,8205292.0,3788.0,185,80,0,0,24,25,27,400,216,184,86,6,98,32,26,40,426,5,0,0,0,0,0,0,1,0,0,0,1,1,0,0,4,10,1,0,1,24,1,1,5,5,1,0,0,2,25,3,1,826
orjson_3_10_5,fe8226ed0d56ab621e134d37c2c31bd3c2106ddb,0,8209166.666666667,3788.0,185,80,0,0,24,25,27,400,216,184,86,6,98,32,26,40,426,5,0,0,0,0,0,0,1,0,0,0,1,1,0,0,4,10,1,0,1,24,1,1,5,5,1,0,0,2,25,3,1,826
orjson_3_10_6,fe8226ed0d56ab621e134d37c2c31bd3c2106ddb,0,8290097.333333333,3788.0,185,80,0,0,24,25,27,400,216,184,86,6,98,32,26,40,426,5,0,0,0,0,0,0,1,0,0,0,1,1,0,0,4,10,1,0,1,24,1,1,5,5,1,0,0,2,25,3,1,826
orjson_3_10_1,95fb837f119275c3a9f0d794da68a0b249f5e5a1,0,10768875.333333334,5214.0,252,45,0,0,48,50,60,343,181,162,82,9,80,31,27,22,361,8,0,0,0,0,0,0,0,0,0,0,0,0,0,0,14,12,2,0,2,48,2,2,3,3,2,4,0,3,50,5,0,704
orjson_3_10_2,95fb837f119275c3a9f0d794da68a0b249f5e5a1,0,10361111.0,5214.0,252,45,0,0,48,50,60,343,181,162,82,9,80,31,27,22,361,8,0,0,0,0,0,0,0,0,0,0,0,0,0,0,14,12,2,0,2,48,2,2,3,3,2,4,0,3,50,5,0,704
orjson_3_10_3,95fb837f119275c3a9f0d794da68a0b249f5e5a1,0,10633333.333333334,5402.0,252,45,0,0,48,50,60,343,181,162,82,9,80,31,27,22,361,8,0,0,0,0,0,0,0,0,0,0,0,0,0,0,14,12,2,0,2,48,2,2,3,3,2,4,0,3,50,5,0,704
orjson_3_10_4,95fb837f119275c3a9f0d794da68a0b249f5e5a1,0,10170166.333333334,5214.0,252,45,0,0,48,50,60,343,181,162,82,9,80,31,27,22,361,8,0,0,0,0,0,0,0,0,0,0,0,0,0,0,14,12,2,0,2,48,2,2,3,3,2,4,0,3,50,5,0,704
orjson_3_10_5,95fb837f119275c3a9f0d794da68a0b249f5e5a1,0,10333847.0,5322.0,252,45,0,0,48,50,60,343,181,162,82,9,80,31,27,22,361,8,0,0,0,0,0,0,0,0,0,0,0,0,0,0,14,12,2,0,2,48,2,2,3,3,2,4,0,3,50,5,0,704
orjson_3_10_6,95fb837f119275c3a9f0d794da68a0b249f5e5a1,0,10336358.4,5214.0,252,45,0,0,48,50,60,343,181,162,82,9,80,31,27,22,361,8,0,0,0,0,0,0,0,0,0,0,0,0,0,0,14,12,2,0,2,48,2,2,3,3,2,4,0,3,50,5,0,704
orjson_3_10_1,b9be2f08280aea9b045bbd4be990e1751cb2b63f,0,10649402.666666666,5214.0,260,53,0,0,48,50,60,343,181,162,82,9,80,31,27,22,361,8,0,0,0,0,0,0,0,0,0,0,0,0,0,0,14,12,2,0,2,48,2,2,3,3,2,4,0,3,50,5,0,704
orjson_3_10_2,b9be2f08280aea9b045bbd4be990e1751cb2b63f,0,10256805.666666666,5214.0,260,53,0,0,48,50,60,343,181,162,82,9,80,31,27,22,361,8,0,0,0,0,0,0,0,0,0,0,0,0,0,0,14,12,2,0,2,48,2,2,3,3,2,4,0,3,50,5,0,704
orjson_3_10_3,b9be2f08280aea9b045bbd4be990e1751cb2b63f,0,10617486.0,5402.0,260,53,0,0,48,50,60,343,181,162,82,9,80,31,27,22,361,8,0,0,0,0,0,0,0,0,0,0,0,0,0,0,14,12,2,0,2,48,2,2,3,3,2,4,0,3,50,5,0,704
orjson_3_10_4,b9be2f08280aea9b045bbd4be990e1751cb2b63f,0,10254972.0,5214.0,260,53,0,0,48,50,60,343,181,162,82,9,80,31,27,22,361,8,0,0,0,0,0,0,0,0,0,0,0,0,0,0,14,12,2,0,2,48,2,2,3,3,2,4,0,3,50,5,0,704
orjson_3_10_5,b9be2f08280aea9b045bbd4be990e1751cb2b63f,0,10359291.333333334,5322.0,260,53,0,0,48,50,60,343,181,162,82,9,80,31,27,22,361,8,0,0,0,0,0,0,0,0,0,0,0,0,0,0,14,12,2,0,2,48,2,2,3,3,2,4,0,3,50,5,0,704
orjson_3_10_6,b9be2f08280aea9b045bbd4be990e1751cb2b63f,0,10218197.75,5214.0,260,53,0,0,48,50,60,343,181,162,82,9,80,31,27,22,361,8,0,0,0,0,0,0,0,0,0,0,0,0,0,0,14,12,2,0,2,48,2,2,3,3,2,4,0,3,50,5,0,704
orjson_3_10_1,d7266ccbf323308aa300fb0f6097a1fdb78846c4,0,8398152.666666666,4250.0,159,53,0,0,24,25,30,417,219,198,107,14,91,28,36,27,407,4,1,1,1,1,2,0,0,0,0,1,1,0,0,0,4,7,1,0,1,24,1,4,5,5,4,5,0,2,25,4,1,824
orjson_3_10_2,d7266ccbf323308aa300fb0f6097a1fdb78846c4,0,8256389.0,4250.0,159,53,0,0,24,25,30,417,219,198,107,14,91,28,36,27,407,4,1,1,1,1,2,0,0,0,0,1,1,0,0,0,4,7,1,0,1,24,1,4,5,5,4,5,0,2,25,4,1,824
orjson_3_10_3,d7266ccbf323308aa300fb0f6097a1fdb78846c4,0,8238791.666666667,4250.0,159,53,0,0,24,25,30,417,219,198,107,14,91,28,36,27,407,4,1,1,1,1,2,0,0,0,0,1,1,0,0,0,4,7,1,0,1,24,1,4,5,5,4,5,0,2,25,4,1,824
orjson_3_10_4,d7266ccbf323308aa300fb0f6097a1fdb78846c4,0,8173736.0,4250.0,159,53,0,0,24,25,30,417,219,198,107,14,91,28,36,27,407,4,1,1,1,1,2,0,0,0,0,1,1,0,0,0,4,7,1,0,1,24,1,4,5,5,4,5,0,2,25,4,1,824
orjson_3_10_5,d7266ccbf323308aa300fb0f6097a1fdb78846c4,0,8060260.75,4250.0,159,53,0,0,24,25,30,417,219,198,107,14,91,28,36,27,407,4,1,1,1,1,2,0,0,0,0,1,1,0,0,0,4,7,1,0,1,24,1,4,5,5,4,5,0,2,25,4,1,824
orjson_3_10_6,d7266ccbf323308aa300fb0f6097a1fdb78846c4,0,8054291.666666667,4250.0,159,53,0,0,24,25,30,417,219,198,107,14,91,28,36,27,407,4,1,1,1,1,2,0,0,0,0,1,1,0,0,0,4,7,1,0,1,24,1,4,5,5,4,5,0,2,25,4,1,824
orjson_3_10_1,0cb5dc9b39b9d12e02da3ef288cec9ab981a3a44,0,10588542.0,5214.0,262,55,0,0,48,50,60,343,181,162,82,9,80,31,27,22,361,8,0,0,0,0,0,0,0,0,0,0,0,0,0,0,14,12,2,0,2,48,2,2,3,3,2,4,0,3,50,5,0,704
orjson_3_10_2,0cb5dc9b39b9d12e02da3ef288cec9ab981a3a44,0,10322194.666666666,5214.0,262,55,0,0,48,50,60,343,181,162,82,9,80,31,27,22,361,8,0,0,0,0,0,0,0,0,0,0,0,0,0,0,14,12,2,0,2,48,2,2,3,3,2,4,0,3,50,5,0,704
orjson_3_10_3,0cb5dc9b39b9d12e02da3ef288cec9ab981a3a44,0,10663361.0,5402.0,262,55,0,0,48,50,60,343,181,162,82,9,80,31,27,22,361,8,0,0,0,0,0,0,0,0,0,0,0,0,0,0,14,12,2,0,2,48,2,2,3,3,2,4,0,3,50,5,0,704
orjson_3_10_4,0cb5dc9b39b9d12e02da3ef288cec9ab981a3a44,0,10225041.666666666,5214.0,262,55,0,0,48,50,60,343,181,162,82,9,80,31,27,22,361,8,0,0,0,0,0,0,0,0,0,0,0,0,0,0,14,12,2,0,2,48,2,2,3,3,2,4,0,3,50,5,0,704
orjson_3_10_5,0cb5dc9b39b9d12e02da3ef288cec9ab981a3a44,0,10257722.0,5322.0,262,55,0,0,48,50,60,343,181,162,82,9,80,31,27,22,361,8,0,0,0,0,0,0,0,0,0,0,0,0,0,0,14,12,2,0,2,48,2,2,3,3,2,4,0,3,50,5,0,704
orjson_3_10_6,0cb5dc9b39b9d12e02da3ef288cec9ab981a3a44,0,10268735.666666666,5214.0,262,55,0,0,48,50,60,343,181,162,82,9,80,31,27,22,361,8,0,0,0,0,0,0,0,0,0,0,0,0,0,0,14,12,2,0,2,48,2,2,3,3,2,4,0,3,50,5,0,704
orjson_3_10_1,0479a9fa46cd638159bc54b6bb717cf0a068fcc7,0,6765083.333333333,3320.0,133,29,0,0,24,25,29,249,129,120,61,7,59,20,21,18,256,6,0,0,0,0,0,0,0,0,0,0,0,0,0,0,5,8,1,0,1,24,1,1,3,3,1,3,0,2,25,2,0,505
orjson_3_10_2,0479a9fa46cd638159bc54b6bb717cf0a068fcc7,0,6510750.0,3320.0,133,29,0,0,24,25,29,249,129,120,61,7,59,20,21,18,256,6,0,0,0,0,0,0,0,0,0,0,0,0,0,0,5,8,1,0,1,24,1,1,3,3,1,3,0,2,25,2,0,505
orjson_3_10_3,0479a9fa46cd638159bc54b6bb717cf0a068fcc7,0,6735611.333333333,3423.0,133,29,0,0,24,25,29,249,129,120,61,7,59,20,21,18,256,6,0,0,0,0,0,0,0,0,0,0,0,0,0,0,5,8,1,0,1,24,1,1,3,3,1,3,0,2,25,2,0,505
orjson_3_10_4,0479a9fa46cd638159bc54b6bb717cf0a068fcc7,0,6455610.666666667,3320.0,133,29,0,0,24,25,29,249,129,120,61,7,59,20,21,18,256,6,0,0,0,0,0,0,0,0,0,0,0,0,0,0,5,8,1,0,1,24,1,1,3,3,1,3,0,2,25,2,0,505
orjson_3_10_5,0479a9fa46cd638159bc54b6bb717cf0a068fcc7,0,6621822.75,3428.0,133,29,0,0,24,25,29,249,129,120,61,7,59,20,21,18,256,6,0,0,0,0,0,0,0,0,0,0,0,0,0,0,5,8,1,0,1,24,1,1,3,3,1,3,0,2,25,2,0,505
orjson_3_10_6,0479a9fa46cd638159bc54b6bb717cf0a068fcc7,0,6550319.666666667,3320.0,133,29,0,0,24,25,29,249,129,120,61,7,59,20,21,18,256,6,0,0,0,0,0,0,0,0,0,0,0,0,0,0,5,8,1,0,1,24,1,1,3,3,1,3,0,2,25,2,0,505
orjson_3_10_1,f629060716e1316e8c6d6748bc7679dfd82e78dd,0,10654805.333333334,5214.0,262,55,0,0,48,50,60,343,181,162,82,9,80,31,27,22,361,8,0,0,0,0,0,0,0,0,0,0,0,0,0,0,14,12,2,0,2,48,2,2,3,3,2,4,0,3,50,5,0,704
orjson_3_10_2,f629060716e1316e8c6d6748bc7679dfd82e78dd,0,10274569.0,5214.0,262,55,0,0,48,50,60,343,181,162,82,9,80,31,27,22,361,8,0,0,0,0,0,0,0,0,0,0,0,0,0,0,14,12,2,0,2,48,2,2,3,3,2,4,0,3,50,5,0,704
orjson_3_10_3,f629060716e1316e8c6d6748bc7679dfd82e78dd,0,10586027.666666666,5402.0,262,55,0,0,48,50,60,343,181,162,82,9,80,31,27,22,361,8,0,0,0,0,0,0,0,0,0,0,0,0,0,0,14,12,2,0,2,48,2,2,3,3,2,4,0,3,50,5,0,704
orjson_3_10_4,f629060716e1316e8c6d6748bc7679dfd82e78dd,0,10230541.666666666,5214.0,262,55,0,0,48,50,60,343,181,162,82,9,80,31,27,22,361,8,0,0,0,0,0,0,0,0,0,0,0,0,0,0,14,12,2,0,2,48,2,2,3,3,2,4,0,3,50,5,0,704
orjson_3_10_5,f629060716e1316e8c6d6748bc7679dfd82e78dd,0,10246000.0,5322.0,262,55,0,0,48,50,60,343,181,162,82,9,80,31,27,22,361,8,0,0,0,0,0,0,0,0,0,0,0,0,0,0,14,12,2,0,2,48,2,2,3,3,2,4,0,3,50,5,0,704
orjson_3_10_6,f629060716e1316e8c6d6748bc7679dfd82e78dd,0,10216124.666666666,5214.0,262,55,0,0,48,50,60,343,181,162,82,9,80,31,27,22,361,8,0,0,0,0,0,0,0,0,0,0,0,0,0,0,14,12,2,0,2,48,2,2,3,3,2,4,0,3,50,5,0,704
orjson_3_10_1,4b4eb874b01ec5879c8ceb59c312e11c6db385c5,0,8554614.5,3788.0,185,80,0,0,24,25,27,400,216,184,86,6,98,32,26,40,426,5,0,0,0,0,0,0,1,0,0,0,1,1,0,0,4,10,1,0,1,24,1,1,5,5,1,0,0,2,25,3,1,826
orjson_3_10_2,4b4eb874b01ec5879c8ceb59c312e11c6db385c5,0,8506708.666666666,3788.0,185,80,0,0,24,25,27,400,216,184,86,6,98,32,26,40,426,5,0,0,0,0,0,0,1,0,0,0,1,1,0,0,4,10,1,0,1,24,1,1,5,5,1,0,0,2,25,3,1,826
orjson_3_10_3,4b4eb874b01ec5879c8ceb59c312e11c6db385c5,0,8339402.666666667,3788.0,185,80,0,0,24,25,27,400,216,184,86,6,98,32,26,40,426,5,0,0,0,0,0,0,1,0,0,0,1,1,0,0,4,10,1,0,1,24,1,1,5,5,1,0,0,2,25,3,1,826
orjson_3_10_4,4b4eb874b01ec5879c8ceb59c312e11c6db385c5,0,8044708.0,3788.0,185,80,0,0,24,25,27,400,216,184,86,6,98,32,26,40,426,5,0,0,0,0,0,0,1,0,0,0,1,1,0,0,4,10,1,0,1,24,1,1,5,5,1,0,0,2,25,3,1,826
orjson_3_10_5,4b4eb874b01ec5879c8ceb59c312e11c6db385c5,0,8147541.75,3788.0,185,80,0,0,24,25,27,400,216,184,86,6,98,32,26,40,426,5,0,0,0,0,0,0,1,0,0,0,1,1,0,0,4,10,1,0,1,24,1,1,5,5,1,0,0,2,25,3,1,826
orjson_3_10_6,4b4eb874b01ec5879c8ceb59c312e11c6db385c5,0,8245389.0,3788.0,185,80,0,0,24,25,27,400,216,184,86,6,98,32,26,40,426,5,0,0,0,0,0,0,1,0,0,0,1,1,0,0,4,10,1,0,1,24,1,1,5,5,1,0,0,2,25,3,1,826
orjson_3_10_1,a822826cf8e1a471bb9996c4be96db5818300ad3,0,8451125.0,4250.0,159,53,0,0,24,25,30,417,219,198,107,14,91,28,36,27,407,4,1,1,1,1,2,0,0,0,0,1,1,0,0,0,4,7,1,0,1,24,1,4,5,5,4,5,0,2,25,4,1,824
orjson_3_10_2,a822826cf8e1a471bb9996c4be96db5818300ad3,0,8359805.666666667,4250.0,159,53,0,0,24,25,30,417,219,198,107,14,91,28,36,27,407,4,1,1,1,1,2,0,0,0,0,1,1,0,0,0,4,7,1,0,1,24,1,4,5,5,4,5,0,2,25,4,1,824
orjson_3_10_3,a822826cf8e1a471bb9996c4be96db5818300ad3,0,8320819.333333333,4250.0,159,53,0,0,24,25,30,417,219,198,107,14,91,28,36,27,407,4,1,1,1,1,2,0,0,0,0,1,1,0,0,0,4,7,1,0,1,24,1,4,5,5,4,5,0,2,25,4,1,824
orjson_3_10_4,a822826cf8e1a471bb9996c4be96db5818300ad3,0,8133444.333333333,4250.0,159,53,0,0,24,25,30,417,219,198,107,14,91,28,36,27,407,4,1,1,1,1,2,0,0,0,0,1,1,0,0,0,4,7,1,0,1,24,1,4,5,5,4,5,0,2,25,4,1,824
orjson_3_10_5,a822826cf8e1a471bb9996c4be96db5818300ad3,0,8219569.666666667,4250.0,159,53,0,0,24,25,30,417,219,198,107,14,91,28,36,27,407,4,1,1,1,1,2,0,0,0,0,1,1,0,0,0,4,7,1,0,1,24,1,4,5,5,4,5,0,2,25,4,1,824
orjson_3_10_6,a822826cf8e1a471bb9996c4be96db5818300ad3,0,8285305.666666667,4250.0,159,53,0,0,24,25,30,417,219,198,107,14,91,28,36,27,407,4,1,1,1,1,2,0,0,0,0,1,1,0,0,0,4,7,1,0,1,24,1,4,5,5,4,5,0,2,25,4,1,824
orjson_3_10_1,4a756e1a7e5fb61cae0fad1f75297b6037a6d495,0,10818403.0,5214.0,260,53,0,0,48,50,60,343,181,162,82,9,80,31,27,22,361,8,0,0,0,0,0,0,0,0,0,0,0,0,0,0,14,12,2,0,2,48,2,2,3,3,2,4,0,3,50,5,0,704
orjson_3_10_2,4a756e1a7e5fb61cae0fad1f75297b6037a6d495,0,10373305.666666666,5214.0,260,53,0,0,48,50,60,343,181,162,82,9,80,31,27,22,361,8,0,0,0,0,0,0,0,0,0,0,0,0,0,0,14,12,2,0,2,48,2,2,3,3,2,4,0,3,50,5,0,704
orjson_3_10_3,4a756e1a7e5fb61cae0fad1f75297b6037a6d495,0,10614514.333333334,5402.0,260,53,0,0,48,50,60,343,181,162,82,9,80,31,27,22,361,8,0,0,0,0,0,0,0,0,0,0,0,0,0,0,14,12,2,0,2,48,2,2,3,3,2,4,0,3,50,5,0,704
orjson_3_10_4,4a756e1a7e5fb61cae0fad1f75297b6037a6d495,0,10149958.333333334,5214.0,260,53,0,0,48,50,60,343,181,162,82,9,80,31,27,22,361,8,0,0,0,0,0,0,0,0,0,0,0,0,0,0,14,12,2,0,2,48,2,2,3,3,2,4,0,3,50,5,0,704
orjson_3_10_5,4a756e1a7e5fb61cae0fad1f75297b6037a6d495,0,10318472.0,5322.0,260,53,0,0,48,50,60,343,181,162,82,9,80,31,27,22,361,8,0,0,0,0,0,0,0,0,0,0,0,0,0,0,14,12,2,0,2,48,2,2,3,3,2,4,0,3,50,5,0,704
orjson_3_10_6,4a756e1a7e5fb61cae0fad1f75297b6037a6d495,0,10191750.0,5214.0,260,53,0,0,48,50,60,343,181,162,82,9,80,31,27,22,361,8,0,0,0,0,0,0,0,0,0,0,0,0,0,0,14,12,2,0,2,48,2,2,3,3,2,4,0,3,50,5,0,704
orjson_3_10_1,a78c42608d282ed4f5fc0171ce70792a1957c195,0,10800985.666666666,5214.0,262,55,0,0,48,50,60,343,181,162,82,9,80,31,27,22,361,8,0,0,0,0,0,0,0,0,0,0,0,0,0,0,14,12,2,0,2,48,2,2,3,3,2,4,0,3,50,5,0,704
orjson_3_10_2,a78c42608d282ed4f5fc0171ce70792a1957c195,0,10289875.0,5214.0,262,55,0,0,48,50,60,343,181,162,82,9,80,31,27,22,361,8,0,0,0,0,0,0,0,0,0,0,0,0,0,0,14,12,2,0,2,48,2,2,3,3,2,4,0,3,50,5,0,704
orjson_3_10_3,a78c42608d282ed4f5fc0171ce70792a1957c195,0,10463736.0,5402.0,262,55,0,0,48,50,60,343,181,162,82,9,80,31,27,22,361,8,0,0,0,0,0,0,0,0,0,0,0,0,0,0,14,12,2,0,2,48,2,2,3,3,2,4,0,3,50,5,0,704
orjson_3_10_4,a78c42608d282ed4f5fc0171ce70792a1957c195,0,10163986.333333334,5214.0,262,55,0,0,48,50,60,343,181,162,82,9,80,31,27,22,361,8,0,0,0,0,0,0,0,0,0,0,0,0,0,0,14,12,2,0,2,48,2,2,3,3,2,4,0,3,50,5,0,704
orjson_3_10_5,a78c42608d282ed4f5fc0171ce70792a1957c195,0,10303097.333333334,5322.0,262,55,0,0,48,50,60,343,181,162,82,9,80,31,27,22,361,8,0,0,0,0,0,0,0,0,0,0,0,0,0,0,14,12,2,0,2,48,2,2,3,3,2,4,0,3,50,5,0,704
orjson_3_10_6,a78c42608d282ed4f5fc0171ce70792a1957c195,0,10450083.285714285,5214.0,262,55,0,0,48,50,60,343,181,162,82,9,80,31,27,22,361,8,0,0,0,0,0,0,0,0,0,0,0,0,0,0,14,12,2,0,2,48,2,2,3,3,2,4,0,3,50,5,0,704
orjson_3_10_1,d19ed10da25557e0e4ffd17f1e3d3a474db83e0f,0,6746722.333333333,3320.0,133,29,0,0,24,25,29,249,129,120,61,7,59,20,21,18,256,6,0,0,0,0,0,0,0,0,0,0,0,0,0,0,5,8,1,0,1,24,1,1,3,3,1,3,0,2,25,2,0,505
orjson_3_10_2,d19ed10da25557e0e4ffd17f1e3d3a474db83e0f,0,6567778.0,3320.0,133,29,0,0,24,25,29,249,129,120,61,7,59,20,21,18,256,6,0,0,0,0,0,0,0,0,0,0,0,0,0,0,5,8,1,0,1,24,1,1,3,3,1,3,0,2,25,2,0,505
orjson_3_10_3,d19ed10da25557e0e4ffd17f1e3d3a474db83e0f,0,6703583.5,3423.0,133,29,0,0,24,25,29,249,129,120,61,7,59,20,21,18,256,6,0,0,0,0,0,0,0,0,0,0,0,0,0,0,5,8,1,0,1,24,1,1,3,3,1,3,0,2,25,2,0,505
orjson_3_10_4,d19ed10da25557e0e4ffd17f1e3d3a474db83e0f,0,6338687.5,3320.0,133,29,0,0,24,25,29,249,129,120,61,7,59,20,21,18,256,6,0,0,0,0,0,0,0,0,0,0,0,0,0,0,5,8,1,0,1,24,1,1,3,3,1,3,0,2,25,2,0,505
orjson_3_10_5,d19ed10da25557e0e4ffd17f1e3d3a474db83e0f,0,6669541.666666667,3428.0,133,29,0,0,24,25,29,249,129,120,61,7,59,20,21,18,256,6,0,0,0,0,0,0,0,0,0,0,0,0,0,0,5,8,1,0,1,24,1,1,3,3,1,3,0,2,25,2,0,505
orjson_3_10_6,d19ed10da25557e0e4ffd17f1e3d3a474db83e0f,0,6492562.5,3320.0,133,29,0,0,24,25,29,249,129,120,61,7,59,20,21,18,256,6,0,0,0,0,0,0,0,0,0,0,0,0,0,0,5,8,1,0,1,24,1,1,3,3,1,3,0,2,25,2,0,505
orjson_3_10_1,6f7043a7b84775d67aea70a7809a67b7a4fc3141,0,8436389.0,4250.0,159,53,0,0,24,25,30,417,219,198,107,14,91,28,36,27,407,4,1,1,1,1,2,0,0,0,0,1,1,0,0,0,4,7,1,0,1,24,1,4,5,5,4,5,0,2,25,4,1,824
orjson_3_10_2,6f7043a7b84775d67aea70a7809a67b7a4fc3141,0,8405638.666666666,4250.0,159,53,0,0,24,25,30,417,219,198,107,14,91,28,36,27,407,4,1,1,1,1,2,0,0,0,0,1,1,0,0,0,4,7,1,0,1,24,1,4,5,5,4,5,0,2,25,4,1,824
orjson_3_10_3,6f7043a7b84775d67aea70a7809a67b7a4fc3141,0,8203486.0,4250.0,159,53,0,0,24,25,30,417,219,198,107,14,91,28,36,27,407,4,1,1,1,1,2,0,0,0,0,1,1,0,0,0,4,7,1,0,1,24,1,4,5,5,4,5,0,2,25,4,1,824
orjson_3_10_4,6f7043a7b84775d67aea70a7809a67b7a4fc3141,0,8059083.25,4250.0,159,53,0,0,24,25,30,417,219,198,107,14,91,28,36,27,407,4,1,1,1,1,2,0,0,0,0,1,1,0,0,0,4,7,1,0,1,24,1,4,5,5,4,5,0,2,25,4,1,824
orjson_3_10_5,6f7043a7b84775d67aea70a7809a67b7a4fc3141,0,8152486.333333333,4250.0,159,53,0,0,24,25,30,417,219,198,107,14,91,28,36,27,407,4,1,1,1,1,2,0,0,0,0,1,1,0,0,0,4,7,1,0,1,24,1,4,5,5,4,5,0,2,25,4,1,824
orjson_3_10_6,6f7043a7b84775d67aea70a7809a67b7a4fc3141,0,8271680.666666667,4250.0,159,53,0,0,24,25,30,417,219,198,107,14,91,28,36,27,407,4,1,1,1,1,2,0,0,0,0,1,1,0,0,0,4,7,1,0,1,24,1,4,5,5,4,5,0,2,25,4,1,824
orjson_3_10_1,63eeecc4be74e7d91c0538daa6d5a68294298102,0,4409694.333333333,2116.0,29,15,0,0,2,3,4,219,114,105,47,4,58,18,20,20,224,0,0,0,0,1,0,0,0,0,0,0,1,1,1,0,0,1,1,0,1,2,1,2,2,2,2,0,0,1,3,0,1,443
orjson_3_10_2,63eeecc4be74e7d91c0538daa6d5a68294298102,0,4509361.333333333,2116.0,29,15,0,0,2,3,4,219,114,105,47,4,58,18,20,20,224,0,0,0,0,1,0,0,0,0,0,0,1,1,1,0,0,1,1,0,1,2,1,2,2,2,2,0,0,1,3,0,1,443
orjson_3_10_3,63eeecc4be74e7d91c0538daa6d5a68294298102,0,4457180.666666667,2116.0,29,15,0,0,2,3,4,219,114,105,47,4,58,18,20,20,224,0,0,0,0,1,0,0,0,0,0,0,1,1,1,0,0,1,1,0,1,2,1,2,2,2,2,0,0,1,3,0,1,443
orjson_3_10_4,63eeecc4be74e7d91c0538daa6d5a68294298102,0,4408583.333333333,2116.0,29,15,0,0,2,3,4,219,114,105,47,4,58,18,20,20,224,0,0,0,0,1,0,0,0,0,0,0,1,1,1,0,0,1,1,0,1,2,1,2,2,2,2,0,0,1,3,0,1,443
orjson_3_10_5,63eeecc4be74e7d91c0538daa6d5a68294298102,0,4411249.666666667,2116.0,29,15,0,0,2,3,4,219,114,105,47,4,58,18,20,20,224,0,0,0,0,1,0,0,0,0,0,0,1,1,1,0,0,1,1,0,1,2,1,2,2,2,2,0,0,1,3,0,1,443
orjson_3_10_6,63eeecc4be74e7d91c0538daa6d5a68294298102,0,4490263.666666667,2116.0,29,15,0,0,2,3,4,219,114,105,47,4,58,18,20,20,224,0,0,0,0,1,0,0,0,0,0,0,1,1,1,0,0,1,1,0,1,2,1,2,2,2,2,0,0,1,3,0,1,443
orjson_3_10_1,e17e3218248e9063e6d89b63c2cc2f69312e6153,0,9867736.0,4913.0,159,55,0,0,24,25,28,415,229,186,89,9,97,37,31,29,409,5,1,0,1,5,1,1,3,10,1,0,5,4,1,1,4,6,1,0,1,24,1,3,3,3,3,3,0,2,25,2,5,824
orjson_3_10_2,e17e3218248e9063e6d89b63c2cc2f69312e6153,0,9270833.333333334,4592.0,159,55,0,0,24,25,28,415,229,186,89,9,97,37,31,29,409,5,1,0,1,5,1,1,3,10,1,0,5,4,1,1,4,6,1,0,1,24,1,3,3,3,3,3,0,2,25,2,5,824
orjson_3_10_3,e17e3218248e9063e6d89b63c2cc2f69312e6153,0,9273528.0,4592.0,159,55,0,0,24,25,28,415,229,186,89,9,97,37,31,29,409,5,1,0,1,5,1,1,3,10,1,0,5,4,1,1,4,6,1,0,1,24,1,3,3,3,3,3,0,2,25,2,5,824
orjson_3_10_4,e17e3218248e9063e6d89b63c2cc2f69312e6153,0,9184652.666666666,4592.0,159,55,0,0,24,25,28,415,229,186,89,9,97,37,31,29,409,5,1,0,1,5,1,1,3,10,1,0,5,4,1,1,4,6,1,0,1,24,1,3,3,3,3,3,0,2,25,2,5,824
orjson_3_10_5,e17e3218248e9063e6d89b63c2cc2f69312e6153,0,9167763.666666666,4592.0,159,55,0,0,24,25,28,415,229,186,89,9,97,37,31,29,409,5,1,0,1,5,1,1,3,10,1,0,5,4,1,1,4,6,1,0,1,24,1,3,3,3,3,3,0,2,25,2,5,824
orjson_3_10_6,e17e3218248e9063e6d89b63c2cc2f69312e6153,0,9235250.333333334,4592.0,159,55,0,0,24,25,28,415,229,186,89,9,97,37,31,29,409,5,1,0,1,5,1,1,3,10,1,0,5,4,1,1,4,6,1,0,1,24,1,3,3,3,3,3,0,2,25,2,5,824
orjson_3_10_1,3695aead2eb3f57a79762a86ddde15a300e97c21,0,10518513.666666666,5287.0,262,57,0,0,48,50,63,342,167,175,86,7,89,25,32,32,342,9,1,0,1,1,1,1,0,12,1,0,1,0,0,0,11,12,2,0,2,48,2,0,3,3,0,4,0,3,50,3,1,684
orjson_3_10_2,3695aead2eb3f57a79762a86ddde15a300e97c21,0,9654916.666666666,5015.0,262,57,0,0,48,50,63,342,167,175,86,7,89,25,32,32,342,9,1,0,1,1,1,1,0,12,1,0,1,0,0,0,11,12,2,0,2,48,2,0,3,3,0,4,0,3,50,3,1,684
orjson_3_10_3,3695aead2eb3f57a79762a86ddde15a300e97c21,0,9851611.0,5101.0,262,57,0,0,48,50,63,342,167,175,86,7,89,25,32,32,342,9,1,0,1,1,1,1,0,12,1,0,1,0,0,0,11,12,2,0,2,48,2,0,3,3,0,4,0,3,50,3,1,684
orjson_3_10_4,3695aead2eb3f57a79762a86ddde15a300e97c21,0,9726361.333333334,5188.0,262,57,0,0,48,50,63,342,167,175,86,7,89,25,32,32,342,9,1,0,1,1,1,1,0,12,1,0,1,0,0,0,11,12,2,0,2,48,2,0,3,3,0,4,0,3,50,3,1,684
orjson_3_10_5,3695aead2eb3f57a79762a86ddde15a300e97c21,0,9465513.666666666,5015.0,262,57,0,0,48,50,63,342,167,175,86,7,89,25,32,32,342,9,1,0,1,1,1,1,0,12,1,0,1,0,0,0,11,12,2,0,2,48,2,0,3,3,0,4,0,3,50,3,1,684
orjson_3_10_6,3695aead2eb3f57a79762a86ddde15a300e97c21,0,9811500.0,5103.0,262,57,0,0,48,50,63,342,167,175,86,7,89,25,32,32,342,9,1,0,1,1,1,1,0,12,1,0,1,0,0,0,11,12,2,0,2,48,2,0,3,3,0,4,0,3,50,3,1,684
orjson_3_10_1,5ab732de5460fed760a86a90fcfb57308d01e43c,0,9845403.0,4913.0,159,55,0,0,24,25,28,415,229,186,89,9,97,37,31,29,409,5,1,0,1,5,1,1,3,10,1,0,5,4,1,1,4,6,1,0,1,24,1,3,3,3,3,3,0,2,25,2,5,824
orjson_3_10_2,5ab732de5460fed760a86a90fcfb57308d01e43c,0,9297638.666666666,4592.0,159,55,0,0,24,25,28,415,229,186,89,9,97,37,31,29,409,5,1,0,1,5,1,1,3,10,1,0,5,4,1,1,4,6,1,0,1,24,1,3,3,3,3,3,0,2,25,2,5,824
orjson_3_10_3,5ab732de5460fed760a86a90fcfb57308d01e43c,0,9289666.666666666,4592.0,159,55,0,0,24,25,28,415,229,186,89,9,97,37,31,29,409,5,1,0,1,5,1,1,3,10,1,0,5,4,1,1,4,6,1,0,1,24,1,3,3,3,3,3,0,2,25,2,5,824
orjson_3_10_4,5ab732de5460fed760a86a90fcfb57308d01e43c,0,9184667.0,4592.0,159,55,0,0,24,25,28,415,229,186,89,9,97,37,31,29,409,5,1,0,1,5,1,1,3,10,1,0,5,4,1,1,4,6,1,0,1,24,1,3,3,3,3,3,0,2,25,2,5,824
orjson_3_10_5,5ab732de5460fed760a86a90fcfb57308d01e43c,0,9164416.666666666,4592.0,159,55,0,0,24,25,28,415,229,186,89,9,97,37,31,29,409,5,1,0,1,5,1,1,3,10,1,0,5,4,1,1,4,6,1,0,1,24,1,3,3,3,3,3,0,2,25,2,5,824
orjson_3_10_6,5ab732de5460fed760a86a90fcfb57308d01e43c,0,9232236.0,4592.0,159,55,0,0,24,25,28,415,229,186,89,9,97,37,31,29,409,5,1,0,1,5,1,1,3,10,1,0,5,4,1,1,4,6,1,0,1,24,1,3,3,3,3,3,0,2,25,2,5,824
orjson_3_10_1,a7bf134bcf502ac56f044241a3ceb3696e60c385,0,9827111.0,4913.0,159,55,0,0,24,25,28,416,230,186,89,9,97,37,31,29,408,5,1,0,1,5,1,1,3,10,1,0,5,4,1,1,4,6,1,0,1,24,1,3,3,3,3,3,0,2,25,2,5,824
orjson_3_10_2,a7bf134bcf502ac56f044241a3ceb3696e60c385,0,9290472.666666666,4592.0,159,55,0,0,24,25,28,416,230,186,89,9,97,37,31,29,408,5,1,0,1,5,1,1,3,10,1,0,5,4,1,1,4,6,1,0,1,24,1,3,3,3,3,3,0,2,25,2,5,824
orjson_3_10_3,a7bf134bcf502ac56f044241a3ceb3696e60c385,0,9300611.0,4592.0,159,55,0,0,24,25,28,416,230,186,89,9,97,37,31,29,408,5,1,0,1,5,1,1,3,10,1,0,5,4,1,1,4,6,1,0,1,24,1,3,3,3,3,3,0,2,25,2,5,824
orjson_3_10_4,a7bf134bcf502ac56f044241a3ceb3696e60c385,0,9194555.333333334,4592.0,159,55,0,0,24,25,28,416,230,186,89,9,97,37,31,29,408,5,1,0,1,5,1,1,3,10,1,0,5,4,1,1,4,6,1,0,1,24,1,3,3,3,3,3,0,2,25,2,5,824
orjson_3_10_5,a7bf134bcf502ac56f044241a3ceb3696e60c385,0,9185347.0,4592.0,159,55,0,0,24,25,28,416,230,186,89,9,97,37,31,29,408,5,1,0,1,5,1,1,3,10,1,0,5,4,1,1,4,6,1,0,1,24,1,3,3,3,3,3,0,2,25,2,5,824
orjson_3_10_6,a7bf134bcf502ac56f044241a3ceb3696e60c385,0,9225444.333333334,4592.0,159,55,0,0,24,25,28,416,230,186,89,9,97,37,31,29,408,5,1,0,1,5,1,1,3,10,1,0,5,4,1,1,4,6,1,0,1,24,1,3,3,3,3,3,0,2,25,2,5,824
orjson_3_10_1,0001120139fdcce1d647bcd77634fd4aa5b7a3bb,0,9774944.666666666,4913.0,159,55,0,0,24,25,28,415,229,186,89,9,97,37,31,29,409,5,1,0,1,5,1,1,3,10,1,0,5,4,1,1,4,6,1,0,1,24,1,3,3,3,3,3,0,2,25,2,5,824
orjson_3_10_2,0001120139fdcce1d647bcd77634fd4aa5b7a3bb,0,9343666.333333334,4592.0,159,55,0,0,24,25,28,415,229,186,89,9,97,37,31,29,409,5,1,0,1,5,1,1,3,10,1,0,5,4,1,1,4,6,1,0,1,24,1,3,3,3,3,3,0,2,25,2,5,824
orjson_3_10_3,0001120139fdcce1d647bcd77634fd4aa5b7a3bb,0,9339097.333333334,4592.0,159,55,0,0,24,25,28,415,229,186,89,9,97,37,31,29,409,5,1,0,1,5,1,1,3,10,1,0,5,4,1,1,4,6,1,0,1,24,1,3,3,3,3,3,0,2,25,2,5,824
orjson_3_10_4,0001120139fdcce1d647bcd77634fd4aa5b7a3bb,0,9176055.0,4592.0,159,55,0,0,24,25,28,415,229,186,89,9,97,37,31,29,409,5,1,0,1,5,1,1,3,10,1,0,5,4,1,1,4,6,1,0,1,24,1,3,3,3,3,3,0,2,25,2,5,824
orjson_3_10_5,0001120139fdcce1d647bcd77634fd4aa5b7a3bb,0,9141680.666666666,4592.0,159,55,0,0,24,25,28,415,229,186,89,9,97,37,31,29,409,5,1,0,1,5,1,1,3,10,1,0,5,4,1,1,4,6,1,0,1,24,1,3,3,3,3,3,0,2,25,2,5,824
orjson_3_10_6,0001120139fdcce1d647bcd77634fd4aa5b7a3bb,0,9223583.666666666,4592.0,159,55,0,0,24,25,28,415,229,186,89,9,97,37,31,29,409,5,1,0,1,5,1,1,3,10,1,0,5,4,1,1,4,6,1,0,1,24,1,3,3,3,3,3,0,2,25,2,5,824
orjson_3_10_1,3fb402af8e18789a2630ab0a8ec95b2d5f252790,0,9855791.333333334,4913.0,159,55,0,0,24,25,28,415,229,186,89,9,97,37,31,29,409,5,1,0,1,5,1,1,3,10,1,0,5,4,1,1,4,6,1,0,1,24,1,3,3,3,3,3,0,2,25,2,5,824
orjson_3_10_2,3fb402af8e18789a2630ab0a8ec95b2d5f252790,0,9317055.333333334,4592.0,159,55,0,0,24,25,28,415,229,186,89,9,97,37,31,29,409,5,1,0,1,5,1,1,3,10,1,0,5,4,1,1,4,6,1,0,1,24,1,3,3,3,3,3,0,2,25,2,5,824
orjson_3_10_3,3fb402af8e18789a2630ab0a8ec95b2d5f252790,0,9321125.0,4592.0,159,55,0,0,24,25,28,415,229,186,89,9,97,37,31,29,409,5,1,0,1,5,1,1,3,10,1,0,5,4,1,1,4,6,1,0,1,24,1,3,3,3,3,3,0,2,25,2,5,824
orjson_3_10_4,3fb402af8e18789a2630ab0a8ec95b2d5f252790,0,9161930.333333334,4592.0,159,55,0,0,24,25,28,415,229,186,89,9,97,37,31,29,409,5,1,0,1,5,1,1,3,10,1,0,5,4,1,1,4,6,1,0,1,24,1,3,3,3,3,3,0,2,25,2,5,824
orjson_3_10_5,3fb402af8e18789a2630ab0a8ec95b2d5f252790,0,9168375.0,4592.0,159,55,0,0,24,25,28,415,229,186,89,9,97,37,31,29,409,5,1,0,1,5,1,1,3,10,1,0,5,4,1,1,4,6,1,0,1,24,1,3,3,3,3,3,0,2,25,2,5,824
orjson_3_10_6,3fb402af8e18789a2630ab0a8ec95b2d5f252790,0,9237333.333333334,4592.0,159,55,0,0,24,25,28,415,229,186,89,9,97,37,31,29,409,5,1,0,1,5,1,1,3,10,1,0,5,4,1,1,4,6,1,0,1,24,1,3,3,3,3,3,0,2,25,2,5,824
orjson_3_10_1,b77f2f80e2abb518da2b7efb8ed6ebaabac83a1b,0,9825361.666666666,4913.0,159,55,0,0,24,25,28,415,229,186,89,9,97,36,31,30,409,5,1,0,1,5,1,1,3,10,1,0,5,4,1,1,4,6,1,0,1,24,1,3,3,3,3,3,0,2,25,2,5,824
orjson_3_10_2,b77f2f80e2abb518da2b7efb8ed6ebaabac83a1b,0,9301292.0,4592.0,159,55,0,0,24,25,28,415,229,186,89,9,97,36,31,30,409,5,1,0,1,5,1,1,3,10,1,0,5,4,1,1,4,6,1,0,1,24,1,3,3,3,3,3,0,2,25,2,5,824
orjson_3_10_3,b77f2f80e2abb518da2b7efb8ed6ebaabac83a1b,0,9299083.333333334,4592.0,159,55,0,0,24,25,28,415,229,186,89,9,97,36,31,30,409,5,1,0,1,5,1,1,3,10,1,0,5,4,1,1,4,6,1,0,1,24,1,3,3,3,3,3,0,2,25,2,5,824
orjson_3_10_4,b77f2f80e2abb518da2b7efb8ed6ebaabac83a1b,0,9191014.0,4592.0,159,55,0,0,24,25,28,415,229,186,89,9,97,36,31,30,409,5,1,0,1,5,1,1,3,10,1,0,5,4,1,1,4,6,1,0,1,24,1,3,3,3,3,3,0,2,25,2,5,824
orjson_3_10_5,b77f2f80e2abb518da2b7efb8ed6ebaabac83a1b,0,9189291.333333334,4592.0,159,55,0,0,24,25,28,415,229,186,89,9,97,36,31,30,409,5,1,0,1,5,1,1,3,10,1,0,5,4,1,1,4,6,1,0,1,24,1,3,3,3,3,3,0,2,25,2,5,824
orjson_3_10_6,b77f2f80e2abb518da2b7efb8ed6ebaabac83a1b,0,9291472.333333334,4592.0,159,55,0,0,24,25,28,415,229,186,89,9,97,36,31,30,409,5,1,0,1,5,1,1,3,10,1,0,5,4,1,1,4,6,1,0,1,24,1,3,3,3,3,3,0,2,25,2,5,824
orjson_3_10_1,f79ed051f0b55a6db25eb9ef564c627d690bc16b,0,9815444.666666666,4913.0,159,55,0,0,24,25,28,414,229,185,89,9,96,37,30,29,410,5,1,0,1,5,1,1,3,10,1,0,5,4,1,1,4,6,1,0,1,24,1,3,3,3,3,3,0,2,25,2,5,824
orjson_3_10_2,f79ed051f0b55a6db25eb9ef564c627d690bc16b,0,9280041.666666666,4592.0,159,55,0,0,24,25,28,414,229,185,89,9,96,37,30,29,410,5,1,0,1,5,1,1,3,10,1,0,5,4,1,1,4,6,1,0,1,24,1,3,3,3,3,3,0,2,25,2,5,824
orjson_3_10_3,f79ed051f0b55a6db25eb9ef564c627d690bc16b,0,9274333.0,4592.0,159,55,0,0,24,25,28,414,229,185,89,9,96,37,30,29,410,5,1,0,1,5,1,1,3,10,1,0,5,4,1,1,4,6,1,0,1,24,1,3,3,3,3,3,0,2,25,2,5,824
orjson_3_10_4,f79ed051f0b55a6db25eb9ef564c627d690bc16b,0,9572487.7,4592.0,159,55,0,0,24,25,28,414,229,185,89,9,96,37,30,29,410,5,1,0,1,5,1,1,3,10,1,0,5,4,1,1,4,6,1,0,1,24,1,3,3,3,3,3,0,2,25,2,5,824
orjson_3_10_5,f79ed051f0b55a6db25eb9ef564c627d690bc16b,0,9134514.0,4592.0,159,55,0,0,24,25,28,414,229,185,89,9,96,37,30,29,410,5,1,0,1,5,1,1,3,10,1,0,5,4,1,1,4,6,1,0,1,24,1,3,3,3,3,3,0,2,25,2,5,824
orjson_3_10_6,f79ed051f0b55a6db25eb9ef564c627d690bc16b,0,9284389.0,4592.0,159,55,0,0,24,25,28,414,229,185,89,9,96,37,30,29,410,5,1,0,1,5,1,1,3,10,1,0,5,4,1,1,4,6,1,0,1,24,1,3,3,3,3,3,0,2,25,2,5,824
orjson_3_10_1,9c923c0f91f9229659d641bc8e14294541ae9066,0,9805625.0,4913.0,159,55,0,0,24,25,28,416,230,186,89,9,97,37,31,29,408,5,1,0,1,5,1,1,3,10,1,0,5,4,1,1,4,6,1,0,1,24,1,3,3,3,3,3,0,2,25,2,5,824
orjson_3_10_2,9c923c0f91f9229659d641bc8e14294541ae9066,0,9282777.666666666,4592.0,159,55,0,0,24,25,28,416,230,186,89,9,97,37,31,29,408,5,1,0,1,5,1,1,3,10,1,0,5,4,1,1,4,6,1,0,1,24,1,3,3,3,3,3,0,2,25,2,5,824
orjson_3_10_3,9c923c0f91f9229659d641bc8e14294541ae9066,0,9272319.666666666,4592.0,159,55,0,0,24,25,28,416,230,186,89,9,97,37,31,29,408,5,1,0,1,5,1,1,3,10,1,0,5,4,1,1,4,6,1,0,1,24,1,3,3,3,3,3,0,2,25,2,5,824
orjson_3_10_4,9c923c0f91f9229659d641bc8e14294541ae9066,0,9259389.0,4592.0,159,55,0,0,24,25,28,416,230,186,89,9,97,37,31,29,408,5,1,0,1,5,1,1,3,10,1,0,5,4,1,1,4,6,1,0,1,24,1,3,3,3,3,3,0,2,25,2,5,824
orjson_3_10_5,9c923c0f91f9229659d641bc8e14294541ae9066,0,9158264.0,4592.0,159,55,0,0,24,25,28,416,230,186,89,9,97,37,31,29,408,5,1,0,1,5,1,1,3,10,1,0,5,4,1,1,4,6,1,0,1,24,1,3,3,3,3,3,0,2,25,2,5,824
orjson_3_10_6,9c923c0f91f9229659d641bc8e14294541ae9066,0,9242708.333333334,4592.0,159,55,0,0,24,25,28,416,230,186,89,9,97,37,31,29,408,5,1,0,1,5,1,1,3,10,1,0,5,4,1,1,4,6,1,0,1,24,1,3,3,3,3,3,0,2,25,2,5,824
orjson_3_10_1,e2ac520fe20d92c3a9f10ac3e79a38a137670b22,0,9820930.333333334,4881.0,159,55,0,0,24,25,28,415,229,186,89,9,97,37,31,29,409,5,1,0,1,5,1,1,3,1,1,0,5,4,1,1,4,6,1,0,1,24,1,3,3,3,3,3,0,2,25,2,5,824
orjson_3_10_2,e2ac520fe20d92c3a9f10ac3e79a38a137670b22,0,9267374.666666666,4560.0,159,55,0,0,24,25,28,415,229,186,89,9,97,37,31,29,409,5,1,0,1,5,1,1,3,1,1,0,5,4,1,1,4,6,1,0,1,24,1,3,3,3,3,3,0,2,25,2,5,824
orjson_3_10_3,e2ac520fe20d92c3a9f10ac3e79a38a137670b22,0,9265139.0,4560.0,159,55,0,0,24,25,28,415,229,186,89,9,97,37,31,29,409,5,1,0,1,5,1,1,3,1,1,0,5,4,1,1,4,6,1,0,1,24,1,3,3,3,3,3,0,2,25,2,5,824
orjson_3_10_4,e2ac520fe20d92c3a9f10ac3e79a38a137670b22,0,9166138.666666666,4560.0,159,55,0,0,24,25,28,415,229,186,89,9,97,37,31,29,409,5,1,0,1,5,1,1,3,1,1,0,5,4,1,1,4,6,1,0,1,24,1,3,3,3,3,3,0,2,25,2,5,824
orjson_3_10_5,e2ac520fe20d92c3a9f10ac3e79a38a137670b22,0,9144153.0,4560.0,159,55,0,0,24,25,28,415,229,186,89,9,97,37,31,29,409,5,1,0,1,5,1,1,3,1,1,0,5,4,1,1,4,6,1,0,1,24,1,3,3,3,3,3,0,2,25,2,5,824
orjson_3_10_6,e2ac520fe20d92c3a9f10ac3e79a38a137670b22,0,9195083.333333334,4560.0,159,55,0,0,24,25,28,415,229,186,89,9,97,37,31,29,409,5,1,0,1,5,1,1,3,1,1,0,5,4,1,1,4,6,1,0,1,24,1,3,3,3,3,3,0,2,25,2,5,824
orjson_3_10_1,dc76f4af668621d76117a6550c242a1c1d0a7ffc,0,9774375.333333334,4913.0,159,55,0,0,24,25,28,416,230,186,89,9,97,37,31,29,408,5,1,0,1,5,1,1,3,10,1,0,5,4,1,1,4,6,1,0,1,24,1,3,3,3,3,3,0,2,25,2,5,824
orjson_3_10_2,dc76f4af668621d76117a6550c242a1c1d0a7ffc,0,9277888.666666666,4592.0,159,55,0,0,24,25,28,416,230,186,89,9,97,37,31,29,408,5,1,0,1,5,1,1,3,10,1,0,5,4,1,1,4,6,1,0,1,24,1,3,3,3,3,3,0,2,25,2,5,824
orjson_3_10_3,dc76f4af668621d76117a6550c242a1c1d0a7ffc,0,9288111.333333334,4592.0,159,55,0,0,24,25,28,416,230,186,89,9,97,37,31,29,408,5,1,0,1,5,1,1,3,10,1,0,5,4,1,1,4,6,1,0,1,24,1,3,3,3,3,3,0,2,25,2,5,824
orjson_3_10_4,dc76f4af668621d76117a6550c242a1c1d0a7ffc,0,9260542.0,4592.0,159,55,0,0,24,25,28,416,230,186,89,9,97,37,31,29,408,5,1,0,1,5,1,1,3,10,1,0,5,4,1,1,4,6,1,0,1,24,1,3,3,3,3,3,0,2,25,2,5,824
orjson_3_10_5,dc76f4af668621d76117a6550c242a1c1d0a7ffc,0,9166264.333333334,4592.0,159,55,0,0,24,25,28,416,230,186,89,9,97,37,31,29,408,5,1,0,1,5,1,1,3,10,1,0,5,4,1,1,4,6,1,0,1,24,1,3,3,3,3,3,0,2,25,2,5,824
orjson_3_10_6,dc76f4af668621d76117a6550c242a1c1d0a7ffc,0,9256736.333333334,4592.0,159,55,0,0,24,25,28,416,230,186,89,9,97,37,31,29,408,5,1,0,1,5,1,1,3,10,1,0,5,4,1,1,4,6,1,0,1,24,1,3,3,3,3,3,0,2,25,2,5,824
orjson_3_10_1,ae052be13f0eb134c3e0b65e649a623e83b2969a,0,9777194.666666666,4913.0,159,55,0,0,24,25,28,415,228,187,90,9,97,37,31,29,409,5,1,0,1,5,1,1,3,10,1,0,5,4,1,1,4,6,1,0,1,24,1,3,3,3,3,3,0,2,25,2,5,824
orjson_3_10_2,ae052be13f0eb134c3e0b65e649a623e83b2969a,0,9286791.666666666,4592.0,159,55,0,0,24,25,28,415,228,187,90,9,97,37,31,29,409,5,1,0,1,5,1,1,3,10,1,0,5,4,1,1,4,6,1,0,1,24,1,3,3,3,3,3,0,2,25,2,5,824
orjson_3_10_3,ae052be13f0eb134c3e0b65e649a623e83b2969a,0,9335778.0,4592.0,159,55,0,0,24,25,28,415,228,187,90,9,97,37,31,29,409,5,1,0,1,5,1,1,3,10,1,0,5,4,1,1,4,6,1,0,1,24,1,3,3,3,3,3,0,2,25,2,5,824
orjson_3_10_4,ae052be13f0eb134c3e0b65e649a623e83b2969a,0,9232180.333333334,4592.0,159,55,0,0,24,25,28,415,228,187,90,9,97,37,31,29,409,5,1,0,1,5,1,1,3,10,1,0,5,4,1,1,4,6,1,0,1,24,1,3,3,3,3,3,0,2,25,2,5,824
orjson_3_10_5,ae052be13f0eb134c3e0b65e649a623e83b2969a,0,9209430.333333334,4592.0,159,55,0,0,24,25,28,415,228,187,90,9,97,37,31,29,409,5,1,0,1,5,1,1,3,10,1,0,5,4,1,1,4,6,1,0,1,24,1,3,3,3,3,3,0,2,25,2,5,824
orjson_3_10_6,ae052be13f0eb134c3e0b65e649a623e83b2969a,0,9251250.0,4592.0,159,55,0,0,24,25,28,415,228,187,90,9,97,37,31,29,409,5,1,0,1,5,1,1,3,10,1,0,5,4,1,1,4,6,1,0,1,24,1,3,3,3,3,3,0,2,25,2,5,824
orjson_3_10_1,2e10cb417b2718e5b21bb1b68b97b79ea939b86b,0,9576791.666666666,4703.0,159,55,0,0,24,25,28,415,230,185,88,9,97,37,31,29,409,5,1,0,1,5,1,1,3,10,1,0,5,4,1,1,4,6,1,0,1,24,1,3,3,3,3,3,0,2,25,2,5,824
orjson_3_10_2,2e10cb417b2718e5b21bb1b68b97b79ea939b86b,0,9269055.666666666,4592.0,159,55,0,0,24,25,28,415,230,185,88,9,97,37,31,29,409,5,1,0,1,5,1,1,3,10,1,0,5,4,1,1,4,6,1,0,1,24,1,3,3,3,3,3,0,2,25,2,5,824
orjson_3_10_3,2e10cb417b2718e5b21bb1b68b97b79ea939b86b,0,9282000.0,4592.0,159,55,0,0,24,25,28,415,230,185,88,9,97,37,31,29,409,5,1,0,1,5,1,1,3,10,1,0,5,4,1,1,4,6,1,0,1,24,1,3,3,3,3,3,0,2,25,2,5,824
orjson_3_10_4,2e10cb417b2718e5b21bb1b68b97b79ea939b86b,0,9235069.333333334,4592.0,159,55,0,0,24,25,28,415,230,185,88,9,97,37,31,29,409,5,1,0,1,5,1,1,3,10,1,0,5,4,1,1,4,6,1,0,1,24,1,3,3,3,3,3,0,2,25,2,5,824
orjson_3_10_5,2e10cb417b2718e5b21bb1b68b97b79ea939b86b,0,9159486.666666666,4592.0,159,55,0,0,24,25,28,415,230,185,88,9,97,37,31,29,409,5,1,0,1,5,1,1,3,10,1,0,5,4,1,1,4,6,1,0,1,24,1,3,3,3,3,3,0,2,25,2,5,824
orjson_3_10_6,2e10cb417b2718e5b21bb1b68b97b79ea939b86b,0,9242833.0,4592.0,159,55,0,0,24,25,28,415,230,185,88,9,97,37,31,29,409,5,1,0,1,5,1,1,3,10,1,0,5,4,1,1,4,6,1,0,1,24,1,3,3,3,3,3,0,2,25,2,5,824
orjson_3_10_1,074facdbe6b6671822e54588b588e2cddd412989,0,9786777.666666666,4913.0,159,55,0,0,24,25,28,415,229,186,89,9,97,37,31,29,409,5,1,0,1,5,1,1,3,10,1,0,5,4,1,1,4,6,1,0,1,24,1,3,3,3,3,3,0,2,25,2,5,824
orjson_3_10_2,074facdbe6b6671822e54588b588e2cddd412989,0,9312791.666666666,4592.0,159,55,0,0,24,25,28,415,229,186,89,9,97,37,31,29,409,5,1,0,1,5,1,1,3,10,1,0,5,4,1,1,4,6,1,0,1,24,1,3,3,3,3,3,0,2,25,2,5,824
orjson_3_10_3,074facdbe6b6671822e54588b588e2cddd412989,0,9287555.666666666,4592.0,159,55,0,0,24,25,28,415,229,186,89,9,97,37,31,29,409,5,1,0,1,5,1,1,3,10,1,0,5,4,1,1,4,6,1,0,1,24,1,3,3,3,3,3,0,2,25,2,5,824
orjson_3_10_4,074facdbe6b6671822e54588b588e2cddd412989,0,9170916.666666666,4592.0,159,55,0,0,24,25,28,415,229,186,89,9,97,37,31,29,409,5,1,0,1,5,1,1,3,10,1,0,5,4,1,1,4,6,1,0,1,24,1,3,3,3,3,3,0,2,25,2,5,824
orjson_3_10_5,074facdbe6b6671822e54588b588e2cddd412989,0,9169680.666666666,4592.0,159,55,0,0,24,25,28,415,229,186,89,9,97,37,31,29,409,5,1,0,1,5,1,1,3,10,1,0,5,4,1,1,4,6,1,0,1,24,1,3,3,3,3,3,0,2,25,2,5,824
orjson_3_10_6,074facdbe6b6671822e54588b588e2cddd412989,0,9237139.0,4592.0,159,55,0,0,24,25,28,415,229,186,89,9,97,37,31,29,409,5,1,0,1,5,1,1,3,10,1,0,5,4,1,1,4,6,1,0,1,24,1,3,3,3,3,3,0,2,25,2,5,824
orjson_3_10_1,4659c79b0d1f03435bf6bfcafb75ad00c794d1cb,0,9734527.666666666,4881.0,159,55,0,0,24,25,28,415,229,186,89,9,97,37,31,29,409,5,1,0,1,5,1,1,3,1,1,0,5,4,1,1,4,6,1,0,1,24,1,3,3,3,3,3,0,2,25,2,5,824
orjson_3_10_2,4659c79b0d1f03435bf6bfcafb75ad00c794d1cb,0,9248527.666666666,4560.0,159,55,0,0,24,25,28,415,229,186,89,9,97,37,31,29,409,5,1,0,1,5,1,1,3,1,1,0,5,4,1,1,4,6,1,0,1,24,1,3,3,3,3,3,0,2,25,2,5,824
orjson_3_10_3,4659c79b0d1f03435bf6bfcafb75ad00c794d1cb,0,9271125.0,4560.0,159,55,0,0,24,25,28,415,229,186,89,9,97,37,31,29,409,5,1,0,1,5,1,1,3,1,1,0,5,4,1,1,4,6,1,0,1,24,1,3,3,3,3,3,0,2,25,2,5,824
orjson_3_10_4,4659c79b0d1f03435bf6bfcafb75ad00c794d1cb,0,9243027.666666666,4560.0,159,55,0,0,24,25,28,415,229,186,89,9,97,37,31,29,409,5,1,0,1,5,1,1,3,1,1,0,5,4,1,1,4,6,1,0,1,24,1,3,3,3,3,3,0,2,25,2,5,824
orjson_3_10_5,4659c79b0d1f03435bf6bfcafb75ad00c794d1cb,0,9123250.333333334,4560.0,159,55,0,0,24,25,28,415,229,186,89,9,97,37,31,29,409,5,1,0,1,5,1,1,3,1,1,0,5,4,1,1,4,6,1,0,1,24,1,3,3,3,3,3,0,2,25,2,5,824
orjson_3_10_6,4659c79b0d1f03435bf6bfcafb75ad00c794d1cb,0,9146389.0,4560.0,159,55,0,0,24,25,28,415,229,186,89,9,97,37,31,29,409,5,1,0,1,5,1,1,3,1,1,0,5,4,1,1,4,6,1,0,1,24,1,3,3,3,3,3,0,2,25,2,5,824
orjson_3_10_1,25a57d5ce35f7b5c3c0dc49c67dc0e76a07057cd,0,5576541.333333333,2882.0,137,33,0,0,24,25,29,205,95,110,50,3,60,28,21,11,215,7,0,0,0,0,0,0,0,0,0,0,0,0,0,0,4,8,1,0,1,24,1,0,1,1,0,2,0,2,25,2,0,420
orjson_3_10_2,25a57d5ce35f7b5c3c0dc49c67dc0e76a07057cd,0,5324708.333333333,2882.0,137,33,0,0,24,25,29,205,95,110,50,3,60,28,21,11,215,7,0,0,0,0,0,0,0,0,0,0,0,0,0,0,4,8,1,0,1,24,1,0,1,1,0,2,0,2,25,2,0,420
orjson_3_10_3,25a57d5ce35f7b5c3c0dc49c67dc0e76a07057cd,0,5377166.666666667,2882.0,137,33,0,0,24,25,29,205,95,110,50,3,60,28,21,11,215,7,0,0,0,0,0,0,0,0,0,0,0,0,0,0,4,8,1,0,1,24,1,0,1,1,0,2,0,2,25,2,0,420
orjson_3_10_4,25a57d5ce35f7b5c3c0dc49c67dc0e76a07057cd,0,5279486.333333333,2882.0,137,33,0,0,24,25,29,205,95,110,50,3,60,28,21,11,215,7,0,0,0,0,0,0,0,0,0,0,0,0,0,0,4,8,1,0,1,24,1,0,1,1,0,2,0,2,25,2,0,420
orjson_3_10_5,25a57d5ce35f7b5c3c0dc49c67dc0e76a07057cd,0,5441153.0,3014.0,137,33,0,0,24,25,29,205,95,110,50,3,60,28,21,11,215,7,0,0,0,0,0,0,0,0,0,0,0,0,0,0,4,8,1,0,1,24,1,0,1,1,0,2,0,2,25,2,0,420
orjson_3_10_6,25a57d5ce35f7b5c3c0dc49c67dc0e76a07057cd,0,5468556.0,2990.0,137,33,0,0,24,25,29,205,95,110,50,3,60,28,21,11,215,7,0,0,0,0,0,0,0,0,0,0,0,0,0,0,4,8,1,0,1,24,1,0,1,1,0,2,0,2,25,2,0,420
orjson_3_10_1,12e57e007e42c67308551d1e6ef717f9b95c2456,0,9867097.0,4840.0,159,53,0,0,24,25,25,407,203,204,91,9,113,41,41,31,418,4,0,0,0,2,0,0,1,6,1,0,3,3,1,1,6,8,1,0,1,24,1,5,1,1,5,3,0,2,25,4,3,825
orjson_3_10_2,12e57e007e42c67308551d1e6ef717f9b95c2456,0,9714527.666666666,4840.0,159,53,0,0,24,25,25,407,203,204,91,9,113,41,41,31,418,4,0,0,0,2,0,0,1,6,1,0,3,3,1,1,6,8,1,0,1,24,1,5,1,1,5,3,0,2,25,4,3,825
orjson_3_10_3,12e57e007e42c67308551d1e6ef717f9b95c2456,0,9921305.333333334,4952.0,159,53,0,0,24,25,25,407,203,204,91,9,113,41,41,31,418,4,0,0,0,2,0,0,1,6,1,0,3,3,1,1,6,8,1,0,1,24,1,5,1,1,5,3,0,2,25,4,3,825
orjson_3_10_4,12e57e007e42c67308551d1e6ef717f9b95c2456,0,9501889.0,4840.0,159,53,0,0,24,25,25,407,203,204,91,9,113,41,41,31,418,4,0,0,0,2,0,0,1,6,1,0,3,3,1,1,6,8,1,0,1,24,1,5,1,1,5,3,0,2,25,4,3,825
orjson_3_10_5,12e57e007e42c67308551d1e6ef717f9b95c2456,0,9528972.333333334,4840.0,159,53,0,0,24,25,25,407,203,204,91,9,113,41,41,31,418,4,0,0,0,2,0,0,1,6,1,0,3,3,1,1,6,8,1,0,1,24,1,5,1,1,5,3,0,2,25,4,3,825
orjson_3_10_6,12e57e007e42c67308551d1e6ef717f9b95c2456,0,9752805.333333334,4840.0,159,53,0,0,24,25,25,407,203,204,91,9,113,41,41,31,418,4,0,0,0,2,0,0,1,6,1,0,3,3,1,1,6,8,1,0,1,24,1,5,1,1,5,3,0,2,25,4,3,825
orjson_3_10_1,a9944be4457b6f6e55087a5aa209021af22942fa,0,7540763.666666667,3455.0,278,67,0,0,48,50,60,170,83,87,41,4,46,14,18,14,168,13,0,0,0,1,0,0,1,0,0,0,1,1,0,0,10,6,2,0,2,48,2,2,2,2,2,0,0,3,50,9,1,338
orjson_3_10_2,a9944be4457b6f6e55087a5aa209021af22942fa,0,7120389.0,3455.0,278,67,0,0,48,50,60,170,83,87,41,4,46,14,18,14,168,13,0,0,0,1,0,0,1,0,0,0,1,1,0,0,10,6,2,0,2,48,2,2,2,2,2,0,0,3,50,9,1,338
orjson_3_10_3,a9944be4457b6f6e55087a5aa209021af22942fa,0,7224708.0,3565.0,278,67,0,0,48,50,60,170,83,87,41,4,46,14,18,14,168,13,0,0,0,1,0,0,1,0,0,0,1,1,0,0,10,6,2,0,2,48,2,2,2,2,2,0,0,3,50,9,1,338
orjson_3_10_4,a9944be4457b6f6e55087a5aa209021af22942fa,0,7175930.666666667,3585.0,278,67,0,0,48,50,60,170,83,87,41,4,46,14,18,14,168,13,0,0,0,1,0,0,1,0,0,0,1,1,0,0,10,6,2,0,2,48,2,2,2,2,2,0,0,3,50,9,1,338
orjson_3_10_5,a9944be4457b6f6e55087a5aa209021af22942fa,0,7042097.333333333,3455.0,278,67,0,0,48,50,60,170,83,87,41,4,46,14,18,14,168,13,0,0,0,1,0,0,1,0,0,0,1,1,0,0,10,6,2,0,2,48,2,2,2,2,2,0,0,3,50,9,1,338
orjson_3_10_6,a9944be4457b6f6e55087a5aa209021af22942fa,0,7055375.333333333,3455.0,278,67,0,0,48,50,60,170,83,87,41,4,46,14,18,14,168,13,0,0,0,1,0,0,1,0,0,0,1,1,0,0,10,6,2,0,2,48,2,2,2,2,2,0,0,3,50,9,1,338
orjson_3_10_1,4458772e36579b2c9fd04d0528fe2d435a79c6f6,0,7638250.0,3455.0,278,67,0,0,48,50,60,170,83,87,41,4,46,14,18,14,168,13,0,0,0,1,0,0,1,0,0,0,1,1,0,0,10,6,2,0,2,48,2,2,2,2,2,0,0,3,50,9,1,338
orjson_3_10_2,4458772e36579b2c9fd04d0528fe2d435a79c6f6,0,7087583.666666667,3455.0,278,67,0,0,48,50,60,170,83,87,41,4,46,14,18,14,168,13,0,0,0,1,0,0,1,0,0,0,1,1,0,0,10,6,2,0,2,48,2,2,2,2,2,0,0,3,50,9,1,338
orjson_3_10_3,4458772e36579b2c9fd04d0528fe2d435a79c6f6,0,7265611.333333333,3565.0,278,67,0,0,48,50,60,170,83,87,41,4,46,14,18,14,168,13,0,0,0,1,0,0,1,0,0,0,1,1,0,0,10,6,2,0,2,48,2,2,2,2,2,0,0,3,50,9,1,338
orjson_3_10_4,4458772e36579b2c9fd04d0528fe2d435a79c6f6,0,7187139.0,3585.0,278,67,0,0,48,50,60,170,83,87,41,4,46,14,18,14,168,13,0,0,0,1,0,0,1,0,0,0,1,1,0,0,10,6,2,0,2,48,2,2,2,2,2,0,0,3,50,9,1,338
orjson_3_10_5,4458772e36579b2c9fd04d0528fe2d435a79c6f6,0,7020208.333333333,3455.0,278,67,0,0,48,50,60,170,83,87,41,4,46,14,18,14,168,13,0,0,0,1,0,0,1,0,0,0,1,1,0,0,10,6,2,0,2,48,2,2,2,2,2,0,0,3,50,9,1,338
orjson_3_10_6,4458772e36579b2c9fd04d0528fe2d435a79c6f6,0,7079305.333333333,3455.0,278,67,0,0,48,50,60,170,83,87,41,4,46,14,18,14,168,13,0,0,0,1,0,0,1,0,0,0,1,1,0,0,10,6,2,0,2,48,2,2,2,2,2,0,0,3,50,9,1,338
orjson_3_10_1,0f13bb3cbd170793b12398e922daef5368dc9dc8,0,7604861.0,3455.0,278,67,0,0,48,50,60,170,83,87,41,4,46,14,18,14,168,13,0,0,0,1,0,0,1,0,0,0,1,1,0,0,10,6,2,0,2,48,2,2,2,2,2,0,0,3,50,9,1,338
orjson_3_10_2,0f13bb3cbd170793b12398e922daef5368dc9dc8,0,7096111.333333333,3455.0,278,67,0,0,48,50,60,170,83,87,41,4,46,14,18,14,168,13,0,0,0,1,0,0,1,0,0,0,1,1,0,0,10,6,2,0,2,48,2,2,2,2,2,0,0,3,50,9,1,338
orjson_3_10_3,0f13bb3cbd170793b12398e922daef5368dc9dc8,0,7379792.0,3565.0,278,67,0,0,48,50,60,170,83,87,41,4,46,14,18,14,168,13,0,0,0,1,0,0,1,0,0,0,1,1,0,0,10,6,2,0,2,48,2,2,2,2,2,0,0,3,50,9,1,338
orjson_3_10_4,0f13bb3cbd170793b12398e922daef5368dc9dc8,0,7270441.4,3585.0,278,67,0,0,48,50,60,170,83,87,41,4,46,14,18,14,168,13,0,0,0,1,0,0,1,0,0,0,1,1,0,0,10,6,2,0,2,48,2,2,2,2,2,0,0,3,50,9,1,338
orjson_3_10_5,0f13bb3cbd170793b12398e922daef5368dc9dc8,0,7022514.0,3455.0,278,67,0,0,48,50,60,170,83,87,41,4,46,14,18,14,168,13,0,0,0,1,0,0,1,0,0,0,1,1,0,0,10,6,2,0,2,48,2,2,2,2,2,0,0,3,50,9,1,338
orjson_3_10_6,0f13bb3cbd170793b12398e922daef5368dc9dc8,0,7143104.25,3455.0,278,67,0,0,48,50,60,170,83,87,41,4,46,14,18,14,168,13,0,0,0,1,0,0,1,0,0,0,1,1,0,0,10,6,2,0,2,48,2,2,2,2,2,0,0,3,50,9,1,338
orjson_3_10_1,c0254e841766a2e64f28d6e880cbba01b53ff11c,0,7541374.666666667,3455.0,278,67,0,0,48,50,60,170,83,87,41,4,46,14,18,14,168,13,0,0,0,1,0,0,1,0,0,0,1,1,0,0,10,6,2,0,2,48,2,2,2,2,2,0,0,3,50,9,1,338
orjson_3_10_2,c0254e841766a2e64f28d6e880cbba01b53ff11c,0,7033218.5,3455.0,278,67,0,0,48,50,60,170,83,87,41,4,46,14,18,14,168,13,0,0,0,1,0,0,1,0,0,0,1,1,0,0,10,6,2,0,2,48,2,2,2,2,2,0,0,3,50,9,1,338
orjson_3_10_3,c0254e841766a2e64f28d6e880cbba01b53ff11c,0,7271591.8,3565.0,278,67,0,0,48,50,60,170,83,87,41,4,46,14,18,14,168,13,0,0,0,1,0,0,1,0,0,0,1,1,0,0,10,6,2,0,2,48,2,2,2,2,2,0,0,3,50,9,1,338
orjson_3_10_4,c0254e841766a2e64f28d6e880cbba01b53ff11c,0,7161041.333333333,3585.0,278,67,0,0,48,50,60,170,83,87,41,4,46,14,18,14,168,13,0,0,0,1,0,0,1,0,0,0,1,1,0,0,10,6,2,0,2,48,2,2,2,2,2,0,0,3,50,9,1,338
orjson_3_10_5,c0254e841766a2e64f28d6e880cbba01b53ff11c,0,7043611.0,3455.0,278,67,0,0,48,50,60,170,83,87,41,4,46,14,18,14,168,13,0,0,0,1,0,0,1,0,0,0,1,1,0,0,10,6,2,0,2,48,2,2,2,2,2,0,0,3,50,9,1,338
orjson_3_10_6,c0254e841766a2e64f28d6e880cbba01b53ff11c,0,6980833.666666667,3455.0,278,67,0,0,48,50,60,170,83,87,41,4,46,14,18,14,168,13,0,0,0,1,0,0,1,0,0,0,1,1,0,0,10,6,2,0,2,48,2,2,2,2,2,0,0,3,50,9,1,338
orjson_3_10_1,7be7d3bb5f41f20d88f421c9556fbb74b4a2e624,0,7839986.333333333,3590.0,278,67,0,0,48,50,60,170,83,87,40,4,47,15,18,14,168,13,0,0,0,1,0,0,1,0,0,0,1,1,0,0,10,6,2,0,2,48,2,2,2,2,2,0,0,3,50,9,1,338
orjson_3_10_2,7be7d3bb5f41f20d88f421c9556fbb74b4a2e624,0,7079125.333333333,3455.0,278,67,0,0,48,50,60,170,83,87,40,4,47,15,18,14,168,13,0,0,0,1,0,0,1,0,0,0,1,1,0,0,10,6,2,0,2,48,2,2,2,2,2,0,0,3,50,9,1,338
orjson_3_10_3,7be7d3bb5f41f20d88f421c9556fbb74b4a2e624,0,7219555.333333333,3565.0,278,67,0,0,48,50,60,170,83,87,40,4,47,15,18,14,168,13,0,0,0,1,0,0,1,0,0,0,1,1,0,0,10,6,2,0,2,48,2,2,2,2,2,0,0,3,50,9,1,338
orjson_3_10_4,7be7d3bb5f41f20d88f421c9556fbb74b4a2e624,0,7196972.666666667,3585.0,278,67,0,0,48,50,60,170,83,87,40,4,47,15,18,14,168,13,0,0,0,1,0,0,1,0,0,0,1,1,0,0,10,6,2,0,2,48,2,2,2,2,2,0,0,3,50,9,1,338
orjson_3_10_5,7be7d3bb5f41f20d88f421c9556fbb74b4a2e624,0,6954764.0,3455.0,278,67,0,0,48,50,60,170,83,87,40,4,47,15,18,14,168,13,0,0,0,1,0,0,1,0,0,0,1,1,0,0,10,6,2,0,2,48,2,2,2,2,2,0,0,3,50,9,1,338
orjson_3_10_6,7be7d3bb5f41f20d88f421c9556fbb74b4a2e624,0,7039000.0,3455.0,278,67,0,0,48,50,60,170,83,87,40,4,47,15,18,14,168,13,0,0,0,1,0,0,1,0,0,0,1,1,0,0,10,6,2,0,2,48,2,2,2,2,2,0,0,3,50,9,1,338
orjson_3_10_1,d0e4232d17003b0c49e2431ca142952d047560d8,0,7643263.666666667,3455.0,278,67,0,0,48,50,60,170,83,87,41,4,46,14,18,14,168,13,0,0,0,1,0,0,1,0,0,0,1,1,0,0,10,6,2,0,2,48,2,2,2,2,2,0,0,3,50,9,1,338
orjson_3_10_2,d0e4232d17003b0c49e2431ca142952d047560d8,0,7121180.333333333,3455.0,278,67,0,0,48,50,60,170,83,87,41,4,46,14,18,14,168,13,0,0,0,1,0,0,1,0,0,0,1,1,0,0,10,6,2,0,2,48,2,2,2,2,2,0,0,3,50,9,1,338
orjson_3_10_3,d0e4232d17003b0c49e2431ca142952d047560d8,0,7286055.333333333,3565.0,278,67,0,0,48,50,60,170,83,87,41,4,46,14,18,14,168,13,0,0,0,1,0,0,1,0,0,0,1,1,0,0,10,6,2,0,2,48,2,2,2,2,2,0,0,3,50,9,1,338
orjson_3_10_4,d0e4232d17003b0c49e2431ca142952d047560d8,0,7192208.0,3585.0,278,67,0,0,48,50,60,170,83,87,41,4,46,14,18,14,168,13,0,0,0,1,0,0,1,0,0,0,1,1,0,0,10,6,2,0,2,48,2,2,2,2,2,0,0,3,50,9,1,338
orjson_3_10_5,d0e4232d17003b0c49e2431ca142952d047560d8,0,6990194.333333333,3455.0,278,67,0,0,48,50,60,170,83,87,41,4,46,14,18,14,168,13,0,0,0,1,0,0,1,0,0,0,1,1,0,0,10,6,2,0,2,48,2,2,2,2,2,0,0,3,50,9,1,338
orjson_3_10_6,d0e4232d17003b0c49e2431ca142952d047560d8,0,7037833.0,3455.0,278,67,0,0,48,50,60,170,83,87,41,4,46,14,18,14,168,13,0,0,0,1,0,0,1,0,0,0,1,1,0,0,10,6,2,0,2,48,2,2,2,2,2,0,0,3,50,9,1,338
orjson_3_10_1,7fa9acf00cbeb07f7efceea399110a89c330723d,0,8759264.0,4011.0,278,67,0,0,48,50,60,230,113,117,57,7,60,22,20,18,230,13,0,0,0,1,0,0,1,0,0,0,1,1,0,0,10,6,2,0,2,48,2,3,3,3,3,1,0,3,50,9,1,460
orjson_3_10_2,7fa9acf00cbeb07f7efceea399110a89c330723d,0,8221805.666666667,4011.0,278,67,0,0,48,50,60,230,113,117,57,7,60,22,20,18,230,13,0,0,0,1,0,0,1,0,0,0,1,1,0,0,10,6,2,0,2,48,2,3,3,3,3,1,0,3,50,9,1,460
orjson_3_10_3,7fa9acf00cbeb07f7efceea399110a89c330723d,0,8462812.75,4121.0,278,67,0,0,48,50,60,230,113,117,57,7,60,22,20,18,230,13,0,0,0,1,0,0,1,0,0,0,1,1,0,0,10,6,2,0,2,48,2,3,3,3,3,1,0,3,50,9,1,460
orjson_3_10_4,7fa9acf00cbeb07f7efceea399110a89c330723d,0,8398347.0,4141.0,278,67,0,0,48,50,60,230,113,117,57,7,60,22,20,18,230,13,0,0,0,1,0,0,1,0,0,0,1,1,0,0,10,6,2,0,2,48,2,3,3,3,3,1,0,3,50,9,1,460
orjson_3_10_5,7fa9acf00cbeb07f7efceea399110a89c330723d,0,8828841.9,4011.0,278,67,0,0,48,50,60,230,113,117,57,7,60,22,20,18,230,13,0,0,0,1,0,0,1,0,0,0,1,1,0,0,10,6,2,0,2,48,2,3,3,3,3,1,0,3,50,9,1,460
orjson_3_10_6,7fa9acf00cbeb07f7efceea399110a89c330723d,0,8234528.0,4011.0,278,67,0,0,48,50,60,230,113,117,57,7,60,22,20,18,230,13,0,0,0,1,0,0,1,0,0,0,1,1,0,0,10,6,2,0,2,48,2,3,3,3,3,1,0,3,50,9,1,460
orjson_3_10_1,b443a9da324d5b2d4479e29f53b63f3322bd454a,0,7803347.333333333,3590.0,278,67,0,0,48,50,60,170,83,87,40,4,47,15,18,14,168,13,0,0,0,1,0,0,1,0,0,0,1,1,0,0,10,6,2,0,2,48,2,2,2,2,2,0,0,3,50,9,1,338
orjson_3_10_2,b443a9da324d5b2d4479e29f53b63f3322bd454a,0,7064805.666666667,3455.0,278,67,0,0,48,50,60,170,83,87,40,4,47,15,18,14,168,13,0,0,0,1,0,0,1,0,0,0,1,1,0,0,10,6,2,0,2,48,2,2,2,2,2,0,0,3,50,9,1,338
orjson_3_10_3,b443a9da324d5b2d4479e29f53b63f3322bd454a,0,7203694.333333333,3565.0,278,67,0,0,48,50,60,170,83,87,40,4,47,15,18,14,168,13,0,0,0,1,0,0,1,0,0,0,1,1,0,0,10,6,2,0,2,48,2,2,2,2,2,0,0,3,50,9,1,338
orjson_3_10_4,b443a9da324d5b2d4479e29f53b63f3322bd454a,0,7256388.666666667,3585.0,278,67,0,0,48,50,60,170,83,87,40,4,47,15,18,14,168,13,0,0,0,1,0,0,1,0,0,0,1,1,0,0,10,6,2,0,2,48,2,2,2,2,2,0,0,3,50,9,1,338
orjson_3_10_5,b443a9da324d5b2d4479e29f53b63f3322bd454a,0,7033375.0,3455.0,278,67,0,0,48,50,60,170,83,87,40,4,47,15,18,14,168,13,0,0,0,1,0,0,1,0,0,0,1,1,0,0,10,6,2,0,2,48,2,2,2,2,2,0,0,3,50,9,1,338
orjson_3_10_6,b443a9da324d5b2d4479e29f53b63f3322bd454a,0,7068861.666666667,3455.0,278,67,0,0,48,50,60,170,83,87,40,4,47,15,18,14,168,13,0,0,0,1,0,0,1,0,0,0,1,1,0,0,10,6,2,0,2,48,2,2,2,2,2,0,0,3,50,9,1,338
orjson_3_10_1,e4fa12e61f4ce1e8f64634cc468d5761a369b254,0,8660319.333333334,4011.0,278,67,0,0,48,50,60,230,113,117,57,7,60,22,20,18,230,13,0,0,0,1,0,0,1,0,0,0,1,1,0,0,10,6,2,0,2,48,2,4,2,2,4,1,0,3,50,9,1,460
orjson_3_10_2,e4fa12e61f4ce1e8f64634cc468d5761a369b254,0,8262541.666666667,4011.0,278,67,0,0,48,50,60,230,113,117,57,7,60,22,20,18,230,13,0,0,0,1,0,0,1,0,0,0,1,1,0,0,10,6,2,0,2,48,2,4,2,2,4,1,0,3,50,9,1,460
orjson_3_10_3,e4fa12e61f4ce1e8f64634cc468d5761a369b254,0,8456722.333333334,4121.0,278,67,0,0,48,50,60,230,113,117,57,7,60,22,20,18,230,13,0,0,0,1,0,0,1,0,0,0,1,1,0,0,10,6,2,0,2,48,2,4,2,2,4,1,0,3,50,9,1,460
orjson_3_10_4,e4fa12e61f4ce1e8f64634cc468d5761a369b254,0,8318236.0,4141.0,278,67,0,0,48,50,60,230,113,117,57,7,60,22,20,18,230,13,0,0,0,1,0,0,1,0,0,0,1,1,0,0,10,6,2,0,2,48,2,4,2,2,4,1,0,3,50,9,1,460
orjson_3_10_5,e4fa12e61f4ce1e8f64634cc468d5761a369b254,0,8188375.0,4011.0,278,67,0,0,48,50,60,230,113,117,57,7,60,22,20,18,230,13,0,0,0,1,0,0,1,0,0,0,1,1,0,0,10,6,2,0,2,48,2,4,2,2,4,1,0,3,50,9,1,460
orjson_3_10_6,e4fa12e61f4ce1e8f64634cc468d5761a369b254,0,8259486.333333333,4011.0,278,67,0,0,48,50,60,230,113,117,57,7,60,22,20,18,230,13,0,0,0,1,0,0,1,0,0,0,1,1,0,0,10,6,2,0,2,48,2,4,2,2,4,1,0,3,50,9,1,460
orjson_3_10_1,3b7e148ad08a36fc28d48c3c9ef7abf607410129,0,7520416.5,3455.0,278,67,0,0,48,50,60,170,83,87,41,4,46,14,18,14,168,13,0,0,0,1,0,0,1,0,0,0,1,1,0,0,10,6,2,0,2,48,2,1,3,3,1,0,0,3,50,9,1,338
orjson_3_10_2,3b7e148ad08a36fc28d48c3c9ef7abf607410129,0,6980010.75,3455.0,278,67,0,0,48,50,60,170,83,87,41,4,46,14,18,14,168,13,0,0,0,1,0,0,1,0,0,0,1,1,0,0,10,6,2,0,2,48,2,1,3,3,1,0,0,3,50,9,1,338
orjson_3_10_3,3b7e148ad08a36fc28d48c3c9ef7abf607410129,0,7045010.25,3565.0,278,67,0,0,48,50,60,170,83,87,41,4,46,14,18,14,168,13,0,0,0,1,0,0,1,0,0,0,1,1,0,0,10,6,2,0,2,48,2,1,3,3,1,0,0,3,50,9,1,338
orjson_3_10_4,3b7e148ad08a36fc28d48c3c9ef7abf607410129,0,7123000.0,3585.0,278,67,0,0,48,50,60,170,83,87,41,4,46,14,18,14,168,13,0,0,0,1,0,0,1,0,0,0,1,1,0,0,10,6,2,0,2,48,2,1,3,3,1,0,0,3,50,9,1,338
orjson_3_10_5,3b7e148ad08a36fc28d48c3c9ef7abf607410129,0,7061861.0,3455.0,278,67,0,0,48,50,60,170,83,87,41,4,46,14,18,14,168,13,0,0,0,1,0,0,1,0,0,0,1,1,0,0,10,6,2,0,2,48,2,1,3,3,1,0,0,3,50,9,1,338
orjson_3_10_6,3b7e148ad08a36fc28d48c3c9ef7abf607410129,0,7094736.0,3455.0,278,67,0,0,48,50,60,170,83,87,41,4,46,14,18,14,168,13,0,0,0,1,0,0,1,0,0,0,1,1,0,0,10,6,2,0,2,48,2,1,3,3,1,0,0,3,50,9,1,338
orjson_3_10_1,630e20af76c1c3947f0dc87c863ec9a9c19efe47,0,7830250.0,3590.0,278,67,0,0,48,50,60,170,83,87,40,4,47,15,18,14,168,13,0,0,0,1,0,0,1,0,0,0,1,1,0,0,10,6,2,0,2,48,2,2,2,2,2,0,0,3,50,9,1,338
orjson_3_10_2,630e20af76c1c3947f0dc87c863ec9a9c19efe47,0,7151986.0,3455.0,278,67,0,0,48,50,60,170,83,87,40,4,47,15,18,14,168,13,0,0,0,1,0,0,1,0,0,0,1,1,0,0,10,6,2,0,2,48,2,2,2,2,2,0,0,3,50,9,1,338
orjson_3_10_3,630e20af76c1c3947f0dc87c863ec9a9c19efe47,0,7301208.333333333,3565.0,278,67,0,0,48,50,60,170,83,87,40,4,47,15,18,14,168,13,0,0,0,1,0,0,1,0,0,0,1,1,0,0,10,6,2,0,2,48,2,2,2,2,2,0,0,3,50,9,1,338
orjson_3_10_4,630e20af76c1c3947f0dc87c863ec9a9c19efe47,0,7157500.333333333,3585.0,278,67,0,0,48,50,60,170,83,87,40,4,47,15,18,14,168,13,0,0,0,1,0,0,1,0,0,0,1,1,0,0,10,6,2,0,2,48,2,2,2,2,2,0,0,3,50,9,1,338
orjson_3_10_5,630e20af76c1c3947f0dc87c863ec9a9c19efe47,0,6994430.666666667,3455.0,278,67,0,0,48,50,60,170,83,87,40,4,47,15,18,14,168,13,0,0,0,1,0,0,1,0,0,0,1,1,0,0,10,6,2,0,2,48,2,2,2,2,2,0,0,3,50,9,1,338
orjson_3_10_6,630e20af76c1c3947f0dc87c863ec9a9c19efe47,0,7065264.0,3455.0,278,67,0,0,48,50,60,170,83,87,40,4,47,15,18,14,168,13,0,0,0,1,0,0,1,0,0,0,1,1,0,0,10,6,2,0,2,48,2,2,2,2,2,0,0,3,50,9,1,338
orjson_3_10_1,0524c16b89a7812f9f2f62a0f9040e3a4fdde010,0,7673958.333333333,3455.0,278,67,0,0,48,50,60,170,83,87,41,4,46,14,18,14,168,13,0,0,0,1,0,0,1,0,0,0,1,1,0,0,10,6,2,0,2,48,2,2,2,2,2,0,0,3,50,9,1,338
orjson_3_10_2,0524c16b89a7812f9f2f62a0f9040e3a4fdde010,0,7039250.0,3455.0,278,67,0,0,48,50,60,170,83,87,41,4,46,14,18,14,168,13,0,0,0,1,0,0,1,0,0,0,1,1,0,0,10,6,2,0,2,48,2,2,2,2,2,0,0,3,50,9,1,338
orjson_3_10_3,0524c16b89a7812f9f2f62a0f9040e3a4fdde010,0,7194250.0,3565.0,278,67,0,0,48,50,60,170,83,87,41,4,46,14,18,14,168,13,0,0,0,1,0,0,1,0,0,0,1,1,0,0,10,6,2,0,2,48,2,2,2,2,2,0,0,3,50,9,1,338
orjson_3_10_4,0524c16b89a7812f9f2f62a0f9040e3a4fdde010,0,7188889.0,3585.0,278,67,0,0,48,50,60,170,83,87,41,4,46,14,18,14,168,13,0,0,0,1,0,0,1,0,0,0,1,1,0,0,10,6,2,0,2,48,2,2,2,2,2,0,0,3,50,9,1,338
orjson_3_10_5,0524c16b89a7812f9f2f62a0f9040e3a4fdde010,0,7001083.0,3455.0,278,67,0,0,48,50,60,170,83,87,41,4,46,14,18,14,168,13,0,0,0,1,0,0,1,0,0,0,1,1,0,0,10,6,2,0,2,48,2,2,2,2,2,0,0,3,50,9,1,338
orjson_3_10_6,0524c16b89a7812f9f2f62a0f9040e3a4fdde010,0,7109343.75,3455.0,278,67,0,0,48,50,60,170,83,87,41,4,46,14,18,14,168,13,0,0,0,1,0,0,1,0,0,0,1,1,0,0,10,6,2,0,2,48,2,2,2,2,2,0,0,3,50,9,1,338
orjson_3_10_1,25b861310fbb51782ad413d4ec21b22dc895a5f1,0,7547014.333333333,3455.0,278,67,0,0,48,50,60,170,83,87,41,4,46,14,18,14,168,13,0,0,0,1,0,0,1,0,0,0,1,1,0,0,10,6,2,0,2,48,2,2,2,2,2,0,0,3,50,9,1,338
orjson_3_10_2,25b861310fbb51782ad413d4ec21b22dc895a5f1,0,7045694.333333333,3455.0,278,67,0,0,48,50,60,170,83,87,41,4,46,14,18,14,168,13,0,0,0,1,0,0,1,0,0,0,1,1,0,0,10,6,2,0,2,48,2,2,2,2,2,0,0,3,50,9,1,338
orjson_3_10_3,25b861310fbb51782ad413d4ec21b22dc895a5f1,0,7278708.333333333,3565.0,278,67,0,0,48,50,60,170,83,87,41,4,46,14,18,14,168,13,0,0,0,1,0,0,1,0,0,0,1,1,0,0,10,6,2,0,2,48,2,2,2,2,2,0,0,3,50,9,1,338
orjson_3_10_4,25b861310fbb51782ad413d4ec21b22dc895a5f1,0,7166791.666666667,3585.0,278,67,0,0,48,50,60,170,83,87,41,4,46,14,18,14,168,13,0,0,0,1,0,0,1,0,0,0,1,1,0,0,10,6,2,0,2,48,2,2,2,2,2,0,0,3,50,9,1,338
orjson_3_10_5,25b861310fbb51782ad413d4ec21b22dc895a5f1,0,7009236.333333333,3455.0,278,67,0,0,48,50,60,170,83,87,41,4,46,14,18,14,168,13,0,0,0,1,0,0,1,0,0,0,1,1,0,0,10,6,2,0,2,48,2,2,2,2,2,0,0,3,50,9,1,338
orjson_3_10_6,25b861310fbb51782ad413d4ec21b22dc895a5f1,0,7062152.666666667,3455.0,278,67,0,0,48,50,60,170,83,87,41,4,46,14,18,14,168,13,0,0,0,1,0,0,1,0,0,0,1,1,0,0,10,6,2,0,2,48,2,2,2,2,2,0,0,3,50,9,1,338
orjson_3_10_1,670c5ba8f0f3b6fb5f4834f1fdb755fefbcc2e6a,0,7641277.666666667,3455.0,278,67,0,0,48,50,60,170,83,87,41,4,46,14,18,14,168,13,0,0,0,1,0,0,1,0,0,0,1,1,0,0,10,6,2,0,2,48,2,2,2,2,2,0,0,3,50,9,1,338
orjson_3_10_2,670c5ba8f0f3b6fb5f4834f1fdb755fefbcc2e6a,0,7118680.666666667,3455.0,278,67,0,0,48,50,60,170,83,87,41,4,46,14,18,14,168,13,0,0,0,1,0,0,1,0,0,0,1,1,0,0,10,6,2,0,2,48,2,2,2,2,2,0,0,3,50,9,1,338
orjson_3_10_3,670c5ba8f0f3b6fb5f4834f1fdb755fefbcc2e6a,0,7238917.0,3565.0,278,67,0,0,48,50,60,170,83,87,41,4,46,14,18,14,168,13,0,0,0,1,0,0,1,0,0,0,1,1,0,0,10,6,2,0,2,48,2,2,2,2,2,0,0,3,50,9,1,338
orjson_3_10_4,670c5ba8f0f3b6fb5f4834f1fdb755fefbcc2e6a,0,7224653.0,3585.0,278,67,0,0,48,50,60,170,83,87,41,4,46,14,18,14,168,13,0,0,0,1,0,0,1,0,0,0,1,1,0,0,10,6,2,0,2,48,2,2,2,2,2,0,0,3,50,9,1,338
orjson_3_10_5,670c5ba8f0f3b6fb5f4834f1fdb755fefbcc2e6a,0,7060028.0,3455.0,278,67,0,0,48,50,60,170,83,87,41,4,46,14,18,14,168,13,0,0,0,1,0,0,1,0,0,0,1,1,0,0,10,6,2,0,2,48,2,2,2,2,2,0,0,3,50,9,1,338
orjson_3_10_6,670c5ba8f0f3b6fb5f4834f1fdb755fefbcc2e6a,0,7082625.0,3455.0,278,67,0,0,48,50,60,170,83,87,41,4,46,14,18,14,168,13,0,0,0,1,0,0,1,0,0,0,1,1,0,0,10,6,2,0,2,48,2,2,2,2,2,0,0,3,50,9,1,338
orjson_3_10_1,1248d4d9cd64f4e4ef62f686321d9a4b5fde3470,0,9896263.666666666,4712.0,153,49,0,0,24,25,29,411,211,200,103,15,97,33,27,37,421,6,0,0,0,0,0,0,1,0,0,0,1,1,0,0,6,6,1,0,1,24,1,6,6,6,6,3,0,2,25,2,1,832
orjson_3_10_2,1248d4d9cd64f4e4ef62f686321d9a4b5fde3470,0,9838319.0,4712.0,153,49,0,0,24,25,29,411,211,200,103,15,97,33,27,37,421,6,0,0,0,0,0,0,1,0,0,0,1,1,0,0,6,6,1,0,1,24,1,6,6,6,6,3,0,2,25,2,1,832
orjson_3_10_3,1248d4d9cd64f4e4ef62f686321d9a4b5fde3470,0,9806514.0,4712.0,153,49,0,0,24,25,29,411,211,200,103,15,97,33,27,37,421,6,0,0,0,0,0,0,1,0,0,0,1,1,0,0,6,6,1,0,1,24,1,6,6,6,6,3,0,2,25,2,1,832
orjson_3_10_4,1248d4d9cd64f4e4ef62f686321d9a4b5fde3470,0,9504028.0,4712.0,153,49,0,0,24,25,29,411,211,200,103,15,97,33,27,37,421,6,0,0,0,0,0,0,1,0,0,0,1,1,0,0,6,6,1,0,1,24,1,6,6,6,6,3,0,2,25,2,1,832
orjson_3_10_5,1248d4d9cd64f4e4ef62f686321d9a4b5fde3470,0,9652069.666666666,4798.0,153,49,0,0,24,25,29,411,211,200,103,15,97,33,27,37,421,6,0,0,0,0,0,0,1,0,0,0,1,1,0,0,6,6,1,0,1,24,1,6,6,6,6,3,0,2,25,2,1,832
orjson_3_10_6,1248d4d9cd64f4e4ef62f686321d9a4b5fde3470,0,9718591.8,4712.0,153,49,0,0,24,25,29,411,211,200,103,15,97,33,27,37,421,6,0,0,0,0,0,0,1,0,0,0,1,1,0,0,6,6,1,0,1,24,1,6,6,6,6,3,0,2,25,2,1,832
orjson_3_10_1,62d1d0fe3ed56172f7526d2a8155a16940588fc5,0,10761479.25,5053.0,270,62,0,0,48,50,57,362,190,172,85,6,87,37,24,26,309,12,2,1,1,5,3,1,2,1,1,1,4,2,0,1,7,13,2,0,2,48,2,2,3,3,2,1,0,3,50,6,4,671
orjson_3_10_2,62d1d0fe3ed56172f7526d2a8155a16940588fc5,0,10318486.333333334,4919.0,270,62,0,0,48,50,57,362,190,172,85,6,87,37,24,26,309,12,2,1,1,5,3,1,2,1,1,1,4,2,0,1,7,13,2,0,2,48,2,2,3,3,2,1,0,3,50,6,4,671
orjson_3_10_3,62d1d0fe3ed56172f7526d2a8155a16940588fc5,0,10275972.333333334,4919.0,270,62,0,0,48,50,57,362,190,172,85,6,87,37,24,26,309,12,2,1,1,5,3,1,2,1,1,1,4,2,0,1,7,13,2,0,2,48,2,2,3,3,2,1,0,3,50,6,4,671
orjson_3_10_4,62d1d0fe3ed56172f7526d2a8155a16940588fc5,0,10131847.333333334,4919.0,270,62,0,0,48,50,57,362,190,172,85,6,87,37,24,26,309,12,2,1,1,5,3,1,2,1,1,1,4,2,0,1,7,13,2,0,2,48,2,2,3,3,2,1,0,3,50,6,4,671
orjson_3_10_5,62d1d0fe3ed56172f7526d2a8155a16940588fc5,0,10156514.0,4919.0,270,62,0,0,48,50,57,362,190,172,85,6,87,37,24,26,309,12,2,1,1,5,3,1,2,1,1,1,4,2,0,1,7,13,2,0,2,48,2,2,3,3,2,1,0,3,50,6,4,671
orjson_3_10_6,62d1d0fe3ed56172f7526d2a8155a16940588fc5,0,10170486.333333334,4919.0,270,62,0,0,48,50,57,362,190,172,85,6,87,37,24,26,309,12,2,1,1,5,3,1,2,1,1,1,4,2,0,1,7,13,2,0,2,48,2,2,3,3,2,1,0,3,50,6,4,671
orjson_3_10_1,dd735bb4b8f05f36628d345ef13c75fd6a04e4fa,0,10132388.666666666,4745.0,158,53,0,0,24,25,31,415,198,217,110,12,107,34,37,36,400,4,1,0,1,2,1,1,1,0,1,0,2,1,0,0,6,4,1,0,1,24,1,7,4,4,7,1,0,2,25,3,2,815
orjson_3_10_2,dd735bb4b8f05f36628d345ef13c75fd6a04e4fa,0,9968680.666666666,4745.0,158,53,0,0,24,25,31,415,198,217,110,12,107,34,37,36,400,4,1,0,1,2,1,1,1,0,1,0,2,1,0,0,6,4,1,0,1,24,1,7,4,4,7,1,0,2,25,3,2,815
orjson_3_10_3,dd735bb4b8f05f36628d345ef13c75fd6a04e4fa,0,9994263.666666666,4745.0,158,53,0,0,24,25,31,415,198,217,110,12,107,34,37,36,400,4,1,0,1,2,1,1,1,0,1,0,2,1,0,0,6,4,1,0,1,24,1,7,4,4,7,1,0,2,25,3,2,815
orjson_3_10_4,dd735bb4b8f05f36628d345ef13c75fd6a04e4fa,0,9885417.0,4745.0,158,53,0,0,24,25,31,415,198,217,110,12,107,34,37,36,400,4,1,0,1,2,1,1,1,0,1,0,2,1,0,0,6,4,1,0,1,24,1,7,4,4,7,1,0,2,25,3,2,815
orjson_3_10_5,dd735bb4b8f05f36628d345ef13c75fd6a04e4fa,0,9895333.333333334,4745.0,158,53,0,0,24,25,31,415,198,217,110,12,107,34,37,36,400,4,1,0,1,2,1,1,1,0,1,0,2,1,0,0,6,4,1,0,1,24,1,7,4,4,7,1,0,2,25,3,2,815
orjson_3_10_6,dd735bb4b8f05f36628d345ef13c75fd6a04e4fa,0,10200222.333333334,4832.0,158,53,0,0,24,25,31,415,198,217,110,12,107,34,37,36,400,4,1,0,1,2,1,1,1,0,1,0,2,1,0,0,6,4,1,0,1,24,1,7,4,4,7,1,0,2,25,3,2,815
orjson_3_10_1,f9e909b8f88047145eee3d382372a9a26b825851,0,10003764.0,4558.0,145,39,0,0,24,25,30,428,204,224,101,9,123,38,37,48,403,3,0,0,0,0,0,0,0,0,0,0,0,0,0,0,8,5,1,0,1,24,1,3,3,3,3,3,0,2,25,4,0,831
orjson_3_10_2,f9e909b8f88047145eee3d382372a9a26b825851,0,10015986.0,4558.0,145,39,0,0,24,25,30,428,204,224,101,9,123,38,37,48,403,3,0,0,0,0,0,0,0,0,0,0,0,0,0,0,8,5,1,0,1,24,1,3,3,3,3,3,0,2,25,4,0,831
orjson_3_10_3,f9e909b8f88047145eee3d382372a9a26b825851,0,9886152.333333334,4558.0,145,39,0,0,24,25,30,428,204,224,101,9,123,38,37,48,403,3,0,0,0,0,0,0,0,0,0,0,0,0,0,0,8,5,1,0,1,24,1,3,3,3,3,3,0,2,25,4,0,831
orjson_3_10_4,f9e909b8f88047145eee3d382372a9a26b825851,0,9824652.333333334,4664.0,145,39,0,0,24,25,30,428,204,224,101,9,123,38,37,48,403,3,0,0,0,0,0,0,0,0,0,0,0,0,0,0,8,5,1,0,1,24,1,3,3,3,3,3,0,2,25,4,0,831
orjson_3_10_5,f9e909b8f88047145eee3d382372a9a26b825851,0,9751277.666666666,4626.0,145,39,0,0,24,25,30,428,204,224,101,9,123,38,37,48,403,3,0,0,0,0,0,0,0,0,0,0,0,0,0,0,8,5,1,0,1,24,1,3,3,3,3,3,0,2,25,4,0,831
orjson_3_10_6,f9e909b8f88047145eee3d382372a9a26b825851,0,10059291.666666666,4680.0,145,39,0,0,24,25,30,428,204,224,101,9,123,38,37,48,403,3,0,0,0,0,0,0,0,0,0,0,0,0,0,0,8,5,1,0,1,24,1,3,3,3,3,3,0,2,25,4,0,831
orjson_3_10_1,6f9105a83551da8f73315f125b7e726da8f1d4f5,0,10943541.333333334,5053.0,270,62,0,0,48,50,57,362,189,173,85,6,88,37,25,26,309,12,2,1,1,5,3,1,2,1,1,1,4,2,0,1,7,13,2,0,2,48,2,2,3,3,2,1,0,3,50,6,4,671
orjson_3_10_2,6f9105a83551da8f73315f125b7e726da8f1d4f5,0,10279180.333333334,4919.0,270,62,0,0,48,50,57,362,189,173,85,6,88,37,25,26,309,12,2,1,1,5,3,1,2,1,1,1,4,2,0,1,7,13,2,0,2,48,2,2,3,3,2,1,0,3,50,6,4,671
orjson_3_10_3,6f9105a83551da8f73315f125b7e726da8f1d4f5,0,10444167.0,5030.0,270,62,0,0,48,50,57,362,189,173,85,6,88,37,25,26,309,12,2,1,1,5,3,1,2,1,1,1,4,2,0,1,7,13,2,0,2,48,2,2,3,3,2,1,0,3,50,6,4,671
orjson_3_10_4,6f9105a83551da8f73315f125b7e726da8f1d4f5,0,10165763.666666666,4919.0,270,62,0,0,48,50,57,362,189,173,85,6,88,37,25,26,309,12,2,1,1,5,3,1,2,1,1,1,4,2,0,1,7,13,2,0,2,48,2,2,3,3,2,1,0,3,50,6,4,671
orjson_3_10_5,6f9105a83551da8f73315f125b7e726da8f1d4f5,0,10254278.0,4987.0,270,62,0,0,48,50,57,362,189,173,85,6,88,37,25,26,309,12,2,1,1,5,3,1,2,1,1,1,4,2,0,1,7,13,2,0,2,48,2,2,3,3,2,1,0,3,50,6,4,671
orjson_3_10_6,6f9105a83551da8f73315f125b7e726da8f1d4f5,0,10220528.0,4919.0,270,62,0,0,48,50,57,362,189,173,85,6,88,37,25,26,309,12,2,1,1,5,3,1,2,1,1,1,4,2,0,1,7,13,2,0,2,48,2,2,3,3,2,1,0,3,50,6,4,671
orjson_3_10_1,250d200df1876949120ef63412f82bd4c9b89d1f,0,9964791.333333334,4558.0,145,39,0,0,24,25,30,428,205,223,101,9,122,38,36,48,403,3,0,0,0,0,0,0,0,0,0,0,0,0,0,0,8,5,1,0,1,24,1,3,3,3,3,3,0,2,25,4,0,831
orjson_3_10_2,250d200df1876949120ef63412f82bd4c9b89d1f,0,9858736.0,4558.0,145,39,0,0,24,25,30,428,205,223,101,9,122,38,36,48,403,3,0,0,0,0,0,0,0,0,0,0,0,0,0,0,8,5,1,0,1,24,1,3,3,3,3,3,0,2,25,4,0,831
orjson_3_10_3,250d200df1876949120ef63412f82bd4c9b89d1f,0,9863194.333333334,4558.0,145,39,0,0,24,25,30,428,205,223,101,9,122,38,36,48,403,3,0,0,0,0,0,0,0,0,0,0,0,0,0,0,8,5,1,0,1,24,1,3,3,3,3,3,0,2,25,4,0,831
orjson_3_10_4,250d200df1876949120ef63412f82bd4c9b89d1f,0,9789819.333333334,4664.0,145,39,0,0,24,25,30,428,205,223,101,9,122,38,36,48,403,3,0,0,0,0,0,0,0,0,0,0,0,0,0,0,8,5,1,0,1,24,1,3,3,3,3,3,0,2,25,4,0,831
orjson_3_10_5,250d200df1876949120ef63412f82bd4c9b89d1f,0,9596972.666666666,4558.0,145,39,0,0,24,25,30,428,205,223,101,9,122,38,36,48,403,3,0,0,0,0,0,0,0,0,0,0,0,0,0,0,8,5,1,0,1,24,1,3,3,3,3,3,0,2,25,4,0,831
orjson_3_10_6,250d200df1876949120ef63412f82bd4c9b89d1f,0,9758639.0,4680.0,145,39,0,0,24,25,30,428,205,223,101,9,122,38,36,48,403,3,0,0,0,0,0,0,0,0,0,0,0,0,0,0,8,5,1,0,1,24,1,3,3,3,3,3,0,2,25,4,0,831
orjson_3_10_1,107ce5ed68a941a47dbf3e06473f7ebb1ce55e9b,0,10165277.666666666,4745.0,158,53,0,0,24,25,31,415,198,217,110,12,107,34,37,36,400,4,1,0,1,2,1,1,1,0,1,0,2,1,0,0,6,4,1,0,1,24,1,7,4,4,7,1,0,2,25,3,2,815
orjson_3_10_2,107ce5ed68a941a47dbf3e06473f7ebb1ce55e9b,0,9992124.666666666,4745.0,158,53,0,0,24,25,31,415,198,217,110,12,107,34,37,36,400,4,1,0,1,2,1,1,1,0,1,0,2,1,0,0,6,4,1,0,1,24,1,7,4,4,7,1,0,2,25,3,2,815
orjson_3_10_3,107ce5ed68a941a47dbf3e06473f7ebb1ce55e9b,0,9997611.0,4745.0,158,53,0,0,24,25,31,415,198,217,110,12,107,34,37,36,400,4,1,0,1,2,1,1,1,0,1,0,2,1,0,0,6,4,1,0,1,24,1,7,4,4,7,1,0,2,25,3,2,815
orjson_3_10_4,107ce5ed68a941a47dbf3e06473f7ebb1ce55e9b,0,9897972.0,4745.0,158,53,0,0,24,25,31,415,198,217,110,12,107,34,37,36,400,4,1,0,1,2,1,1,1,0,1,0,2,1,0,0,6,4,1,0,1,24,1,7,4,4,7,1,0,2,25,3,2,815
orjson_3_10_5,107ce5ed68a941a47dbf3e06473f7ebb1ce55e9b,0,9872347.0,4745.0,158,53,0,0,24,25,31,415,198,217,110,12,107,34,37,36,400,4,1,0,1,2,1,1,1,0,1,0,2,1,0,0,6,4,1,0,1,24,1,7,4,4,7,1,0,2,25,3,2,815
orjson_3_10_6,107ce5ed68a941a47dbf3e06473f7ebb1ce55e9b,0,10141083.333333334,4832.0,158,53,0,0,24,25,31,415,198,217,110,12,107,34,37,36,400,4,1,0,1,2,1,1,1,0,1,0,2,1,0,0,6,4,1,0,1,24,1,7,4,4,7,1,0,2,25,3,2,815
orjson_3_10_1,32ee7921d0e7db26288c3614ef59f0339bd46fea,0,9804819.666666666,4712.0,153,49,0,0,24,25,29,411,211,200,103,15,97,33,27,37,421,6,0,0,0,0,0,0,1,0,0,0,1,1,0,0,6,6,1,0,1,24,1,6,6,6,6,3,0,2,25,2,1,832
orjson_3_10_2,32ee7921d0e7db26288c3614ef59f0339bd46fea,0,9779194.333333334,4712.0,153,49,0,0,24,25,29,411,211,200,103,15,97,33,27,37,421,6,0,0,0,0,0,0,1,0,0,0,1,1,0,0,6,6,1,0,1,24,1,6,6,6,6,3,0,2,25,2,1,832
orjson_3_10_3,32ee7921d0e7db26288c3614ef59f0339bd46fea,0,9806680.666666666,4712.0,153,49,0,0,24,25,29,411,211,200,103,15,97,33,27,37,421,6,0,0,0,0,0,0,1,0,0,0,1,1,0,0,6,6,1,0,1,24,1,6,6,6,6,3,0,2,25,2,1,832
orjson_3_10_4,32ee7921d0e7db26288c3614ef59f0339bd46fea,0,9573278.0,4712.0,153,49,0,0,24,25,29,411,211,200,103,15,97,33,27,37,421,6,0,0,0,0,0,0,1,0,0,0,1,1,0,0,6,6,1,0,1,24,1,6,6,6,6,3,0,2,25,2,1,832
orjson_3_10_5,32ee7921d0e7db26288c3614ef59f0339bd46fea,0,9669833.0,4798.0,153,49,0,0,24,25,29,411,211,200,103,15,97,33,27,37,421,6,0,0,0,0,0,0,1,0,0,0,1,1,0,0,6,6,1,0,1,24,1,6,6,6,6,3,0,2,25,2,1,832
orjson_3_10_6,32ee7921d0e7db26288c3614ef59f0339bd46fea,0,9620513.666666666,4712.0,153,49,0,0,24,25,29,411,211,200,103,15,97,33,27,37,421,6,0,0,0,0,0,0,1,0,0,0,1,1,0,0,6,6,1,0,1,24,1,6,6,6,6,3,0,2,25,2,1,832
orjson_3_10_1,08bdb5831281eadbccaa42d5613fcd66720f84c9,0,9855583.333333334,4712.0,153,49,0,0,24,25,29,411,211,200,103,14,97,33,27,37,421,6,0,0,0,0,0,0,1,0,0,0,1,1,0,0,6,6,1,0,1,24,1,5,6,6,5,3,0,2,25,2,1,832
orjson_3_10_2,08bdb5831281eadbccaa42d5613fcd66720f84c9,0,9741472.333333334,4712.0,153,49,0,0,24,25,29,411,211,200,103,14,97,33,27,37,421,6,0,0,0,0,0,0,1,0,0,0,1,1,0,0,6,6,1,0,1,24,1,5,6,6,5,3,0,2,25,2,1,832
orjson_3_10_3,08bdb5831281eadbccaa42d5613fcd66720f84c9,0,9722694.333333334,4712.0,153,49,0,0,24,25,29,411,211,200,103,14,97,33,27,37,421,6,0,0,0,0,0,0,1,0,0,0,1,1,0,0,6,6,1,0,1,24,1,5,6,6,5,3,0,2,25,2,1,832
orjson_3_10_4,08bdb5831281eadbccaa42d5613fcd66720f84c9,0,9516569.666666666,4712.0,153,49,0,0,24,25,29,411,211,200,103,14,97,33,27,37,421,6,0,0,0,0,0,0,1,0,0,0,1,1,0,0,6,6,1,0,1,24,1,5,6,6,5,3,0,2,25,2,1,832
orjson_3_10_5,08bdb5831281eadbccaa42d5613fcd66720f84c9,0,9655167.0,4798.0,153,49,0,0,24,25,29,411,211,200,103,14,97,33,27,37,421,6,0,0,0,0,0,0,1,0,0,0,1,1,0,0,6,6,1,0,1,24,1,5,6,6,5,3,0,2,25,2,1,832
orjson_3_10_6,08bdb5831281eadbccaa42d5613fcd66720f84c9,0,9571361.0,4712.0,153,49,0,0,24,25,29,411,211,200,103,14,97,33,27,37,421,6,0,0,0,0,0,0,1,0,0,0,1,1,0,0,6,6,1,0,1,24,1,5,6,6,5,3,0,2,25,2,1,832
orjson_3_10_1,ef69fe2a81b5b7c54644c3ac2d28ccbaf8dc2228,0,9988152.333333334,4558.0,145,39,0,0,24,25,30,428,204,224,101,9,123,38,37,48,403,3,0,0,0,0,0,0,0,0,0,0,0,0,0,0,8,5,1,0,1,24,1,3,3,3,3,3,0,2,25,4,0,831
orjson_3_10_2,ef69fe2a81b5b7c54644c3ac2d28ccbaf8dc2228,0,9849694.666666666,4558.0,145,39,0,0,24,25,30,428,204,224,101,9,123,38,37,48,403,3,0,0,0,0,0,0,0,0,0,0,0,0,0,0,8,5,1,0,1,24,1,3,3,3,3,3,0,2,25,4,0,831
orjson_3_10_3,ef69fe2a81b5b7c54644c3ac2d28ccbaf8dc2228,0,9886222.0,4558.0,145,39,0,0,24,25,30,428,204,224,101,9,123,38,37,48,403,3,0,0,0,0,0,0,0,0,0,0,0,0,0,0,8,5,1,0,1,24,1,3,3,3,3,3,0,2,25,4,0,831
orjson_3_10_4,ef69fe2a81b5b7c54644c3ac2d28ccbaf8dc2228,0,9709986.333333334,4664.0,145,39,0,0,24,25,30,428,204,224,101,9,123,38,37,48,403,3,0,0,0,0,0,0,0,0,0,0,0,0,0,0,8,5,1,0,1,24,1,3,3,3,3,3,0,2,25,4,0,831
orjson_3_10_5,ef69fe2a81b5b7c54644c3ac2d28ccbaf8dc2228,0,9761000.0,4626.0,145,39,0,0,24,25,30,428,204,224,101,9,123,38,37,48,403,3,0,0,0,0,0,0,0,0,0,0,0,0,0,0,8,5,1,0,1,24,1,3,3,3,3,3,0,2,25,4,0,831
orjson_3_10_6,ef69fe2a81b5b7c54644c3ac2d28ccbaf8dc2228,0,9866236.333333334,4680.0,145,39,0,0,24,25,30,428,204,224,101,9,123,38,37,48,403,3,0,0,0,0,0,0,0,0,0,0,0,0,0,0,8,5,1,0,1,24,1,3,3,3,3,3,0,2,25,4,0,831
orjson_3_10_1,d12efc299cff723736f7112f1a9cd39c557609b4,0,9947569.0,4558.0,145,39,0,0,24,25,30,428,204,224,101,9,123,38,37,48,403,3,0,0,0,0,0,0,0,0,0,0,0,0,0,0,8,5,1,0,1,24,1,3,3,3,3,3,0,2,25,4,0,831
orjson_3_10_2,d12efc299cff723736f7112f1a9cd39c557609b4,0,9888153.0,4558.0,145,39,0,0,24,25,30,428,204,224,101,9,123,38,37,48,403,3,0,0,0,0,0,0,0,0,0,0,0,0,0,0,8,5,1,0,1,24,1,3,3,3,3,3,0,2,25,4,0,831
orjson_3_10_3,d12efc299cff723736f7112f1a9cd39c557609b4,0,9912333.333333334,4558.0,145,39,0,0,24,25,30,428,204,224,101,9,123,38,37,48,403,3,0,0,0,0,0,0,0,0,0,0,0,0,0,0,8,5,1,0,1,24,1,3,3,3,3,3,0,2,25,4,0,831
orjson_3_10_4,d12efc299cff723736f7112f1a9cd39c557609b4,0,9815014.333333334,4664.0,145,39,0,0,24,25,30,428,204,224,101,9,123,38,37,48,403,3,0,0,0,0,0,0,0,0,0,0,0,0,0,0,8,5,1,0,1,24,1,3,3,3,3,3,0,2,25,4,0,831
orjson_3_10_5,d12efc299cff723736f7112f1a9cd39c557609b4,0,9761583.0,4626.0,145,39,0,0,24,25,30,428,204,224,101,9,123,38,37,48,403,3,0,0,0,0,0,0,0,0,0,0,0,0,0,0,8,5,1,0,1,24,1,3,3,3,3,3,0,2,25,4,0,831
orjson_3_10_6,d12efc299cff723736f7112f1a9cd39c557609b4,0,9837319.666666666,4680.0,145,39,0,0,24,25,30,428,204,224,101,9,123,38,37,48,403,3,0,0,0,0,0,0,0,0,0,0,0,0,0,0,8,5,1,0,1,24,1,3,3,3,3,3,0,2,25,4,0,831
orjson_3_10_1,faf9f72920c255d8c6f23f65c0ef34f28226fde7,0,9995819.0,4558.0,145,39,0,0,24,25,30,428,204,224,101,9,123,38,37,48,403,3,0,0,0,0,0,0,0,0,0,0,0,0,0,0,8,5,1,0,1,24,1,3,3,3,3,3,0,2,25,4,0,831
orjson_3_10_2,faf9f72920c255d8c6f23f65c0ef34f28226fde7,0,9905444.333333334,4558.0,145,39,0,0,24,25,30,428,204,224,101,9,123,38,37,48,403,3,0,0,0,0,0,0,0,0,0,0,0,0,0,0,8,5,1,0,1,24,1,3,3,3,3,3,0,2,25,4,0,831
orjson_3_10_3,faf9f72920c255d8c6f23f65c0ef34f28226fde7,0,9873500.0,4558.0,145,39,0,0,24,25,30,428,204,224,101,9,123,38,37,48,403,3,0,0,0,0,0,0,0,0,0,0,0,0,0,0,8,5,1,0,1,24,1,3,3,3,3,3,0,2,25,4,0,831
orjson_3_10_4,faf9f72920c255d8c6f23f65c0ef34f28226fde7,0,9815111.0,4664.0,145,39,0,0,24,25,30,428,204,224,101,9,123,38,37,48,403,3,0,0,0,0,0,0,0,0,0,0,0,0,0,0,8,5,1,0,1,24,1,3,3,3,3,3,0,2,25,4,0,831
orjson_3_10_5,faf9f72920c255d8c6f23f65c0ef34f28226fde7,0,9729014.0,4626.0,145,39,0,0,24,25,30,428,204,224,101,9,123,38,37,48,403,3,0,0,0,0,0,0,0,0,0,0,0,0,0,0,8,5,1,0,1,24,1,3,3,3,3,3,0,2,25,4,0,831
orjson_3_10_6,faf9f72920c255d8c6f23f65c0ef34f28226fde7,0,9926958.0,4680.0,145,39,0,0,24,25,30,428,204,224,101,9,123,38,37,48,403,3,0,0,0,0,0,0,0,0,0,0,0,0,0,0,8,5,1,0,1,24,1,3,3,3,3,3,0,2,25,4,0,831
orjson_3_10_1,1382d54ff25a2b5e28c48a269ff253377c189a9a,0,9881541.666666666,4712.0,153,49,0,0,24,25,29,411,211,200,103,15,97,33,27,37,421,6,0,0,0,0,0,0,1,0,0,0,1,1,0,0,6,6,1,0,1,24,1,6,6,6,6,3,0,2,25,2,1,832
orjson_3_10_2,1382d54ff25a2b5e28c48a269ff253377c189a9a,0,9801888.666666666,4712.0,153,49,0,0,24,25,29,411,211,200,103,15,97,33,27,37,421,6,0,0,0,0,0,0,1,0,0,0,1,1,0,0,6,6,1,0,1,24,1,6,6,6,6,3,0,2,25,2,1,832
orjson_3_10_3,1382d54ff25a2b5e28c48a269ff253377c189a9a,0,9827861.0,4712.0,153,49,0,0,24,25,29,411,211,200,103,15,97,33,27,37,421,6,0,0,0,0,0,0,1,0,0,0,1,1,0,0,6,6,1,0,1,24,1,6,6,6,6,3,0,2,25,2,1,832
orjson_3_10_4,1382d54ff25a2b5e28c48a269ff253377c189a9a,0,9567541.666666666,4712.0,153,49,0,0,24,25,29,411,211,200,103,15,97,33,27,37,421,6,0,0,0,0,0,0,1,0,0,0,1,1,0,0,6,6,1,0,1,24,1,6,6,6,6,3,0,2,25,2,1,832
orjson_3_10_5,1382d54ff25a2b5e28c48a269ff253377c189a9a,0,9727444.666666666,4798.0,153,49,0,0,24,25,29,411,211,200,103,15,97,33,27,37,421,6,0,0,0,0,0,0,1,0,0,0,1,1,0,0,6,6,1,0,1,24,1,6,6,6,6,3,0,2,25,2,1,832
orjson_3_10_6,1382d54ff25a2b5e28c48a269ff253377c189a9a,0,9608028.333333334,4712.0,153,49,0,0,24,25,29,411,211,200,103,15,97,33,27,37,421,6,0,0,0,0,0,0,1,0,0,0,1,1,0,0,6,6,1,0,1,24,1,6,6,6,6,3,0,2,25,2,1,832
orjson_3_10_1,bb2af8abf4dbc8cdd7b337f442b4d38f984cfd32,0,10702736.0,5053.0,270,62,0,0,48,50,57,362,190,172,85,6,87,37,24,26,309,12,2,1,1,5,3,1,2,1,1,1,4,2,0,1,7,13,2,0,2,48,2,2,3,3,2,1,0,3,50,6,4,671
orjson_3_10_2,bb2af8abf4dbc8cdd7b337f442b4d38f984cfd32,0,10289847.0,4919.0,270,62,0,0,48,50,57,362,190,172,85,6,87,37,24,26,309,12,2,1,1,5,3,1,2,1,1,1,4,2,0,1,7,13,2,0,2,48,2,2,3,3,2,1,0,3,50,6,4,671
orjson_3_10_3,bb2af8abf4dbc8cdd7b337f442b4d38f984cfd32,0,10262944.666666666,4919.0,270,62,0,0,48,50,57,362,190,172,85,6,87,37,24,26,309,12,2,1,1,5,3,1,2,1,1,1,4,2,0,1,7,13,2,0,2,48,2,2,3,3,2,1,0,3,50,6,4,671
orjson_3_10_4,bb2af8abf4dbc8cdd7b337f442b4d38f984cfd32,0,10093069.666666666,4919.0,270,62,0,0,48,50,57,362,190,172,85,6,87,37,24,26,309,12,2,1,1,5,3,1,2,1,1,1,4,2,0,1,7,13,2,0,2,48,2,2,3,3,2,1,0,3,50,6,4,671
orjson_3_10_5,bb2af8abf4dbc8cdd7b337f442b4d38f984cfd32,0,10127208.333333334,4919.0,270,62,0,0,48,50,57,362,190,172,85,6,87,37,24,26,309,12,2,1,1,5,3,1,2,1,1,1,4,2,0,1,7,13,2,0,2,48,2,2,3,3,2,1,0,3,50,6,4,671
orjson_3_10_6,bb2af8abf4dbc8cdd7b337f442b4d38f984cfd32,0,10201166.666666666,4919.0,270,62,0,0,48,50,57,362,190,172,85,6,87,37,24,26,309,12,2,1,1,5,3,1,2,1,1,1,4,2,0,1,7,13,2,0,2,48,2,2,3,3,2,1,0,3,50,6,4,671
orjson_3_10_1,55fe8aabb454459eaed6f1484fcb46150e6d5fc9,0,10887597.333333334,5053.0,270,62,0,0,48,50,57,362,189,173,85,6,88,37,26,25,309,12,2,1,1,5,3,1,2,1,1,1,4,2,0,1,7,13,2,0,2,48,2,2,3,3,2,1,0,3,50,6,4,671
orjson_3_10_2,55fe8aabb454459eaed6f1484fcb46150e6d5fc9,0,10328277.666666666,4919.0,270,62,0,0,48,50,57,362,189,173,85,6,88,37,26,25,309,12,2,1,1,5,3,1,2,1,1,1,4,2,0,1,7,13,2,0,2,48,2,2,3,3,2,1,0,3,50,6,4,671
orjson_3_10_3,55fe8aabb454459eaed6f1484fcb46150e6d5fc9,0,10481416.666666666,5030.0,270,62,0,0,48,50,57,362,189,173,85,6,88,37,26,25,309,12,2,1,1,5,3,1,2,1,1,1,4,2,0,1,7,13,2,0,2,48,2,2,3,3,2,1,0,3,50,6,4,671
orjson_3_10_4,55fe8aabb454459eaed6f1484fcb46150e6d5fc9,0,10195236.333333334,4919.0,270,62,0,0,48,50,57,362,189,173,85,6,88,37,26,25,309,12,2,1,1,5,3,1,2,1,1,1,4,2,0,1,7,13,2,0,2,48,2,2,3,3,2,1,0,3,50,6,4,671
orjson_3_10_5,55fe8aabb454459eaed6f1484fcb46150e6d5fc9,0,10232027.666666666,4987.0,270,62,0,0,48,50,57,362,189,173,85,6,88,37,26,25,309,12,2,1,1,5,3,1,2,1,1,1,4,2,0,1,7,13,2,0,2,48,2,2,3,3,2,1,0,3,50,6,4,671
orjson_3_10_6,55fe8aabb454459eaed6f1484fcb46150e6d5fc9,0,10233278.0,4919.0,270,62,0,0,48,50,57,362,189,173,85,6,88,37,26,25,309,12,2,1,1,5,3,1,2,1,1,1,4,2,0,1,7,13,2,0,2,48,2,2,3,3,2,1,0,3,50,6,4,671
orjson_3_10_1,afe0d378743ae541c83fa98c5f596f41d60b0897,0,10864458.0,5053.0,269,61,0,0,48,50,57,362,190,172,85,6,87,37,24,26,309,12,2,1,1,5,3,1,2,1,1,1,4,2,0,1,7,13,2,0,2,48,2,2,3,3,2,1,0,3,50,6,4,671
orjson_3_10_2,afe0d378743ae541c83fa98c5f596f41d60b0897,0,10281361.333333334,4919.0,269,61,0,0,48,50,57,362,190,172,85,6,87,37,24,26,309,12,2,1,1,5,3,1,2,1,1,1,4,2,0,1,7,13,2,0,2,48,2,2,3,3,2,1,0,3,50,6,4,671
orjson_3_10_3,afe0d378743ae541c83fa98c5f596f41d60b0897,0,10327125.0,4919.0,269,61,0,0,48,50,57,362,190,172,85,6,87,37,24,26,309,12,2,1,1,5,3,1,2,1,1,1,4,2,0,1,7,13,2,0,2,48,2,2,3,3,2,1,0,3,50,6,4,671
orjson_3_10_4,afe0d378743ae541c83fa98c5f596f41d60b0897,0,10102694.666666666,4919.0,269,61,0,0,48,50,57,362,190,172,85,6,87,37,24,26,309,12,2,1,1,5,3,1,2,1,1,1,4,2,0,1,7,13,2,0,2,48,2,2,3,3,2,1,0,3,50,6,4,671
orjson_3_10_5,afe0d378743ae541c83fa98c5f596f41d60b0897,0,10120944.0,4919.0,269,61,0,0,48,50,57,362,190,172,85,6,87,37,24,26,309,12,2,1,1,5,3,1,2,1,1,1,4,2,0,1,7,13,2,0,2,48,2,2,3,3,2,1,0,3,50,6,4,671
orjson_3_10_6,afe0d378743ae541c83fa98c5f596f41d60b0897,0,10237999.666666666,4919.0,269,61,0,0,48,50,57,362,190,172,85,6,87,37,24,26,309,12,2,1,1,5,3,1,2,1,1,1,4,2,0,1,7,13,2,0,2,48,2,2,3,3,2,1,0,3,50,6,4,671
orjson_3_10_1,97bb17f5b0c3f518515148d9d5cf6712354e755b,0,10645236.0,5214.0,261,54,0,0,48,50,60,343,181,162,82,9,80,31,27,22,361,8,0,0,0,0,0,0,0,0,0,0,0,0,0,0,14,12,2,0,2,48,2,2,3,3,2,4,0,3,50,5,0,704
orjson_3_10_2,97bb17f5b0c3f518515148d9d5cf6712354e755b,0,10244097.0,5214.0,261,54,0,0,48,50,60,343,181,162,82,9,80,31,27,22,361,8,0,0,0,0,0,0,0,0,0,0,0,0,0,0,14,12,2,0,2,48,2,2,3,3,2,4,0,3,50,5,0,704
orjson_3_10_3,97bb17f5b0c3f518515148d9d5cf6712354e755b,0,10594889.0,5402.0,261,54,0,0,48,50,60,343,181,162,82,9,80,31,27,22,361,8,0,0,0,0,0,0,0,0,0,0,0,0,0,0,14,12,2,0,2,48,2,2,3,3,2,4,0,3,50,5,0,704
orjson_3_10_4,97bb17f5b0c3f518515148d9d5cf6712354e755b,0,10143319.666666666,5214.0,261,54,0,0,48,50,60,343,181,162,82,9,80,31,27,22,361,8,0,0,0,0,0,0,0,0,0,0,0,0,0,0,14,12,2,0,2,48,2,2,3,3,2,4,0,3,50,5,0,704
orjson_3_10_5,97bb17f5b0c3f518515148d9d5cf6712354e755b,0,10333110.666666666,5322.0,261,54,0,0,48,50,60,343,181,162,82,9,80,31,27,22,361,8,0,0,0,0,0,0,0,0,0,0,0,0,0,0,14,12,2,0,2,48,2,2,3,3,2,4,0,3,50,5,0,704
orjson_3_10_6,97bb17f5b0c3f518515148d9d5cf6712354e755b,0,10278569.333333334,5214.0,261,54,0,0,48,50,60,343,181,162,82,9,80,31,27,22,361,8,0,0,0,0,0,0,0,0,0,0,0,0,0,0,14,12,2,0,2,48,2,2,3,3,2,4,0,3,50,5,0,704
orjson_3_10_1,ae1f95de508365644bf6e22a47a84df969d822bb,0,11135444.333333334,5191.0,277,68,0,0,48,50,58,325,163,162,85,13,77,21,25,31,338,14,2,1,1,1,2,1,1,15,2,1,4,2,0,1,8,8,2,0,2,48,2,7,1,1,7,5,0,3,50,7,4,663
orjson_3_10_2,ae1f95de508365644bf6e22a47a84df969d822bb,0,10378861.0,4978.0,277,68,0,0,48,50,58,325,163,162,85,13,77,21,25,31,338,14,2,1,1,1,2,1,1,15,2,1,4,2,0,1,8,8,2,0,2,48,2,7,1,1,7,5,0,3,50,7,4,663
orjson_3_10_3,ae1f95de508365644bf6e22a47a84df969d822bb,0,10744014.0,5173.0,277,68,0,0,48,50,58,325,163,162,85,13,77,21,25,31,338,14,2,1,1,1,2,1,1,15,2,1,4,2,0,1,8,8,2,0,2,48,2,7,1,1,7,5,0,3,50,7,4,663
orjson_3_10_4,ae1f95de508365644bf6e22a47a84df969d822bb,0,10500750.0,5091.0,277,68,0,0,48,50,58,325,163,162,85,13,77,21,25,31,338,14,2,1,1,1,2,1,1,15,2,1,4,2,0,1,8,8,2,0,2,48,2,7,1,1,7,5,0,3,50,7,4,663
orjson_3_10_5,ae1f95de508365644bf6e22a47a84df969d822bb,0,10384847.0,4978.0,277,68,0,0,48,50,58,325,163,162,85,13,77,21,25,31,338,14,2,1,1,1,2,1,1,15,2,1,4,2,0,1,8,8,2,0,2,48,2,7,1,1,7,5,0,3,50,7,4,663
orjson_3_10_6,ae1f95de508365644bf6e22a47a84df969d822bb,0,10560958.333333334,5064.0,277,68,0,0,48,50,58,325,163,162,85,13,77,21,25,31,338,14,2,1,1,1,2,1,1,15,2,1,4,2,0,1,8,8,2,0,2,48,2,7,1,1,7,5,0,3,50,7,4,663
orjson_3_10_1,4c267d2b3dcabafe9d4376cc78cc1506b79cdaf8,0,9905347.0,4786.0,278,70,0,0,48,50,61,348,176,172,82,10,90,26,29,35,323,12,0,0,0,0,0,0,0,1,1,0,1,1,0,1,6,13,2,0,2,48,2,3,3,3,3,4,0,3,50,6,1,671
orjson_3_10_2,4c267d2b3dcabafe9d4376cc78cc1506b79cdaf8,0,9711708.333333334,4786.0,278,70,0,0,48,50,61,348,176,172,82,10,90,26,29,35,323,12,0,0,0,0,0,0,0,1,1,0,1,1,0,1,6,13,2,0,2,48,2,3,3,3,3,4,0,3,50,6,1,671
orjson_3_10_3,4c267d2b3dcabafe9d4376cc78cc1506b79cdaf8,0,9649653.0,4786.0,278,70,0,0,48,50,61,348,176,172,82,10,90,26,29,35,323,12,0,0,0,0,0,0,0,1,1,0,1,1,0,1,6,13,2,0,2,48,2,3,3,3,3,4,0,3,50,6,1,671
orjson_3_10_4,4c267d2b3dcabafe9d4376cc78cc1506b79cdaf8,0,9572388.666666666,4786.0,278,70,0,0,48,50,61,348,176,172,82,10,90,26,29,35,323,12,0,0,0,0,0,0,0,1,1,0,1,1,0,1,6,13,2,0,2,48,2,3,3,3,3,4,0,3,50,6,1,671
orjson_3_10_5,4c267d2b3dcabafe9d4376cc78cc1506b79cdaf8,0,9619888.666666666,4786.0,278,70,0,0,48,50,61,348,176,172,82,10,90,26,29,35,323,12,0,0,0,0,0,0,0,1,1,0,1,1,0,1,6,13,2,0,2,48,2,3,3,3,3,4,0,3,50,6,1,671
orjson_3_10_6,4c267d2b3dcabafe9d4376cc78cc1506b79cdaf8,0,10046666.666666666,5061.0,278,70,0,0,48,50,61,348,176,172,82,10,90,26,29,35,323,12,0,0,0,0,0,0,0,1,1,0,1,1,0,1,6,13,2,0,2,48,2,3,3,3,3,4,0,3,50,6,1,671
orjson_3_10_1,f7b91a84df4c0dec7057da79a7d14c22d7b593e8,0,9809180.666666666,4913.0,159,55,0,0,24,25,28,415,229,186,89,9,97,37,31,29,409,5,1,0,1,5,1,1,3,10,1,0,5,4,1,1,4,6,1,0,1,24,1,3,3,3,3,3,0,2,25,2,5,824
orjson_3_10_2,f7b91a84df4c0dec7057da79a7d14c22d7b593e8,0,9280611.333333334,4592.0,159,55,0,0,24,25,28,415,229,186,89,9,97,37,31,29,409,5,1,0,1,5,1,1,3,10,1,0,5,4,1,1,4,6,1,0,1,24,1,3,3,3,3,3,0,2,25,2,5,824
orjson_3_10_3,f7b91a84df4c0dec7057da79a7d14c22d7b593e8,0,9310152.666666666,4592.0,159,55,0,0,24,25,28,415,229,186,89,9,97,37,31,29,409,5,1,0,1,5,1,1,3,10,1,0,5,4,1,1,4,6,1,0,1,24,1,3,3,3,3,3,0,2,25,2,5,824
orjson_3_10_4,f7b91a84df4c0dec7057da79a7d14c22d7b593e8,0,9170861.0,4592.0,159,55,0,0,24,25,28,415,229,186,89,9,97,37,31,29,409,5,1,0,1,5,1,1,3,10,1,0,5,4,1,1,4,6,1,0,1,24,1,3,3,3,3,3,0,2,25,2,5,824
orjson_3_10_5,f7b91a84df4c0dec7057da79a7d14c22d7b593e8,0,9234374.666666666,4592.0,159,55,0,0,24,25,28,415,229,186,89,9,97,37,31,29,409,5,1,0,1,5,1,1,3,10,1,0,5,4,1,1,4,6,1,0,1,24,1,3,3,3,3,3,0,2,25,2,5,824
orjson_3_10_6,f7b91a84df4c0dec7057da79a7d14c22d7b593e8,0,9297444.333333334,4592.0,159,55,0,0,24,25,28,415,229,186,89,9,97,37,31,29,409,5,1,0,1,5,1,1,3,10,1,0,5,4,1,1,4,6,1,0,1,24,1,3,3,3,3,3,0,2,25,2,5,824
orjson_3_10_1,415254d3f5550dd3565668e878d98174e431eea8,0,9791555.666666666,4881.0,159,55,0,0,24,25,28,415,229,186,89,9,97,37,31,29,409,5,1,0,1,5,1,1,3,1,1,0,5,4,1,1,4,6,1,0,1,24,1,3,3,3,3,3,0,2,25,2,5,824
orjson_3_10_2,415254d3f5550dd3565668e878d98174e431eea8,0,9220972.0,4560.0,159,55,0,0,24,25,28,415,229,186,89,9,97,37,31,29,409,5,1,0,1,5,1,1,3,1,1,0,5,4,1,1,4,6,1,0,1,24,1,3,3,3,3,3,0,2,25,2,5,824
orjson_3_10_3,415254d3f5550dd3565668e878d98174e431eea8,0,9275625.0,4560.0,159,55,0,0,24,25,28,415,229,186,89,9,97,37,31,29,409,5,1,0,1,5,1,1,3,1,1,0,5,4,1,1,4,6,1,0,1,24,1,3,3,3,3,3,0,2,25,2,5,824
orjson_3_10_4,415254d3f5550dd3565668e878d98174e431eea8,0,9116167.0,4560.0,159,55,0,0,24,25,28,415,229,186,89,9,97,37,31,29,409,5,1,0,1,5,1,1,3,1,1,0,5,4,1,1,4,6,1,0,1,24,1,3,3,3,3,3,0,2,25,2,5,824
orjson_3_10_5,415254d3f5550dd3565668e878d98174e431eea8,0,9145652.666666666,4560.0,159,55,0,0,24,25,28,415,229,186,89,9,97,37,31,29,409,5,1,0,1,5,1,1,3,1,1,0,5,4,1,1,4,6,1,0,1,24,1,3,3,3,3,3,0,2,25,2,5,824
orjson_3_10_6,415254d3f5550dd3565668e878d98174e431eea8,0,9231486.0,4560.0,159,55,0,0,24,25,28,415,229,186,89,9,97,37,31,29,409,5,1,0,1,5,1,1,3,1,1,0,5,4,1,1,4,6,1,0,1,24,1,3,3,3,3,3,0,2,25,2,5,824
orjson_3_10_1,240da53a4b25d56484e678b3d7db50316b4f569d,0,7872403.0,3590.0,278,67,0,0,48,50,60,170,83,87,40,4,47,15,18,14,168,13,0,0,0,1,0,0,1,0,0,0,1,1,0,0,10,6,2,0,2,48,2,2,2,2,2,0,0,3,50,9,1,338
orjson_3_10_2,240da53a4b25d56484e678b3d7db50316b4f569d,0,7104208.666666667,3455.0,278,67,0,0,48,50,60,170,83,87,40,4,47,15,18,14,168,13,0,0,0,1,0,0,1,0,0,0,1,1,0,0,10,6,2,0,2,48,2,2,2,2,2,0,0,3,50,9,1,338
orjson_3_10_3,240da53a4b25d56484e678b3d7db50316b4f569d,0,7289610.666666667,3565.0,278,67,0,0,48,50,60,170,83,87,40,4,47,15,18,14,168,13,0,0,0,1,0,0,1,0,0,0,1,1,0,0,10,6,2,0,2,48,2,2,2,2,2,0,0,3,50,9,1,338
orjson_3_10_4,240da53a4b25d56484e678b3d7db50316b4f569d,0,7225152.333333333,3585.0,278,67,0,0,48,50,60,170,83,87,40,4,47,15,18,14,168,13,0,0,0,1,0,0,1,0,0,0,1,1,0,0,10,6,2,0,2,48,2,2,2,2,2,0,0,3,50,9,1,338
orjson_3_10_5,240da53a4b25d56484e678b3d7db50316b4f569d,0,6981736.0,3455.0,278,67,0,0,48,50,60,170,83,87,40,4,47,15,18,14,168,13,0,0,0,1,0,0,1,0,0,0,1,1,0,0,10,6,2,0,2,48,2,2,2,2,2,0,0,3,50,9,1,338
orjson_3_10_6,240da53a4b25d56484e678b3d7db50316b4f569d,0,7050000.0,3455.0,278,67,0,0,48,50,60,170,83,87,40,4,47,15,18,14,168,13,0,0,0,1,0,0,1,0,0,0,1,1,0,0,10,6,2,0,2,48,2,2,2,2,2,0,0,3,50,9,1,338
orjson_3_10_1,30389b1fb019325d0a675efecf01eb8a534fe70e,0,10962972.0,5053.0,269,61,0,0,48,50,57,362,189,173,85,6,88,37,26,25,309,12,2,1,1,5,3,1,2,1,1,1,4,2,0,1,7,13,2,0,2,48,2,2,3,3,2,1,0,3,50,6,4,671
orjson_3_10_2,30389b1fb019325d0a675efecf01eb8a534fe70e,0,10309291.666666666,4919.0,269,61,0,0,48,50,57,362,189,173,85,6,88,37,26,25,309,12,2,1,1,5,3,1,2,1,1,1,4,2,0,1,7,13,2,0,2,48,2,2,3,3,2,1,0,3,50,6,4,671
orjson_3_10_3,30389b1fb019325d0a675efecf01eb8a534fe70e,0,10461764.0,5030.0,269,61,0,0,48,50,57,362,189,173,85,6,88,37,26,25,309,12,2,1,1,5,3,1,2,1,1,1,4,2,0,1,7,13,2,0,2,48,2,2,3,3,2,1,0,3,50,6,4,671
orjson_3_10_4,30389b1fb019325d0a675efecf01eb8a534fe70e,0,10195472.333333334,4919.0,269,61,0,0,48,50,57,362,189,173,85,6,88,37,26,25,309,12,2,1,1,5,3,1,2,1,1,1,4,2,0,1,7,13,2,0,2,48,2,2,3,3,2,1,0,3,50,6,4,671
orjson_3_10_5,30389b1fb019325d0a675efecf01eb8a534fe70e,0,10224750.333333334,4987.0,269,61,0,0,48,50,57,362,189,173,85,6,88,37,26,25,309,12,2,1,1,5,3,1,2,1,1,1,4,2,0,1,7,13,2,0,2,48,2,2,3,3,2,1,0,3,50,6,4,671
orjson_3_10_6,30389b1fb019325d0a675efecf01eb8a534fe70e,0,10200417.0,4919.0,269,61,0,0,48,50,57,362,189,173,85,6,88,37,26,25,309,12,2,1,1,5,3,1,2,1,1,1,4,2,0,1,7,13,2,0,2,48,2,2,3,3,2,1,0,3,50,6,4,671
orjson_3_10_1,90beb5560ab0b8562cfa6e0c0c8078749842c7f3,0,4922083.666666667,2272.0,52,25,0,0,4,6,7,251,128,123,71,10,52,17,19,16,277,0,0,0,0,0,0,0,0,0,0,0,0,0,0,0,3,0,2,0,2,4,2,7,1,1,7,2,0,3,6,1,0,528
orjson_3_10_2,90beb5560ab0b8562cfa6e0c0c8078749842c7f3,0,5010291.333333333,2272.0,52,25,0,0,4,6,7,251,128,123,71,10,52,17,19,16,277,0,0,0,0,0,0,0,0,0,0,0,0,0,0,0,3,0,2,0,2,4,2,7,1,1,7,2,0,3,6,1,0,528
orjson_3_10_3,90beb5560ab0b8562cfa6e0c0c8078749842c7f3,0,5046875.0,2272.0,52,25,0,0,4,6,7,251,128,123,71,10,52,17,19,16,277,0,0,0,0,0,0,0,0,0,0,0,0,0,0,0,3,0,2,0,2,4,2,7,1,1,7,2,0,3,6,1,0,528
orjson_3_10_4,90beb5560ab0b8562cfa6e0c0c8078749842c7f3,0,4881569.333333333,2272.0,52,25,0,0,4,6,7,251,128,123,71,10,52,17,19,16,277,0,0,0,0,0,0,0,0,0,0,0,0,0,0,0,3,0,2,0,2,4,2,7,1,1,7,2,0,3,6,1,0,528
orjson_3_10_5,90beb5560ab0b8562cfa6e0c0c8078749842c7f3,0,4879889.0,2272.0,52,25,0,0,4,6,7,251,128,123,71,10,52,17,19,16,277,0,0,0,0,0,0,0,0,0,0,0,0,0,0,0,3,0,2,0,2,4,2,7,1,1,7,2,0,3,6,1,0,528
orjson_3_10_6,90beb5560ab0b8562cfa6e0c0c8078749842c7f3,0,4980208.333333333,2272.0,52,25,0,0,4,6,7,251,128,123,71,10,52,17,19,16,277,0,0,0,0,0,0,0,0,0,0,0,0,0,0,0,3,0,2,0,2,4,2,7,1,1,7,2,0,3,6,1,0,528
orjson_3_10_1,ad1a048674d9441796fb0b23b0e13ba134bed4ec,0,9413013.666666666,3888.0,133,58,2,1,12,19,17,422,225,197,94,12,103,36,37,30,496,4,0,0,0,0,0,0,0,0,0,0,0,0,0,0,3,2,5,2,5,11,5,4,4,4,4,4,0,6,16,5,0,918
orjson_3_10_2,ad1a048674d9441796fb0b23b0e13ba134bed4ec,0,9463930.666666666,3888.0,133,58,2,1,12,19,17,422,225,197,94,12,103,36,37,30,496,4,0,0,0,0,0,0,0,0,0,0,0,0,0,0,3,2,5,2,5,11,5,4,4,4,4,4,0,6,16,5,0,918
orjson_3_10_3,ad1a048674d9441796fb0b23b0e13ba134bed4ec,0,9566055.666666666,3888.0,133,58,2,1,12,19,17,422,225,197,94,12,103,36,37,30,496,4,0,0,0,0,0,0,0,0,0,0,0,0,0,0,3,2,5,2,5,11,5,4,4,4,4,4,0,6,16,5,0,918
orjson_3_10_4,ad1a048674d9441796fb0b23b0e13ba134bed4ec,0,9432833.0,3888.0,133,58,2,1,12,19,17,422,225,197,94,12,103,36,37,30,496,4,0,0,0,0,0,0,0,0,0,0,0,0,0,0,3,2,5,2,5,11,5,4,4,4,4,4,0,6,16,5,0,918
orjson_3_10_5,ad1a048674d9441796fb0b23b0e13ba134bed4ec,0,9336875.333333334,3888.0,133,58,2,1,12,19,17,422,225,197,94,12,103,36,37,30,496,4,0,0,0,0,0,0,0,0,0,0,0,0,0,0,3,2,5,2,5,11,5,4,4,4,4,4,0,6,16,5,0,918
orjson_3_10_6,ad1a048674d9441796fb0b23b0e13ba134bed4ec,0,9362458.666666666,3888.0,133,58,2,1,12,19,17,422,225,197,94,12,103,36,37,30,496,4,0,0,0,0,0,0,0,0,0,0,0,0,0,0,3,2,5,2,5,11,5,4,4,4,4,4,0,6,16,5,0,918
orjson_3_10_1,e473438842c233f33454bc7bda3ba3c39fd6f070,0,627486.0,120.0,41,23,0,0,3,4,5,9,3,6,3,0,3,1,0,2,17,2,0,0,0,0,0,0,0,0,0,0,0,0,0,0,1,0,1,0,1,3,1,0,0,0,0,0,0,1,4,0,0,26
orjson_3_10_2,e473438842c233f33454bc7bda3ba3c39fd6f070,0,622583.6666666666,120.0,41,23,0,0,3,4,5,9,3,6,3,0,3,1,0,2,17,2,0,0,0,0,0,0,0,0,0,0,0,0,0,0,1,0,1,0,1,3,1,0,0,0,0,0,0,1,4,0,0,26
orjson_3_10_3,e473438842c233f33454bc7bda3ba3c39fd6f070,0,621111.3333333334,120.0,41,23,0,0,3,4,5,9,3,6,3,0,3,1,0,2,17,2,0,0,0,0,0,0,0,0,0,0,0,0,0,0,1,0,1,0,1,3,1,0,0,0,0,0,0,1,4,0,0,26
orjson_3_10_4,e473438842c233f33454bc7bda3ba3c39fd6f070,0,612486.0,120.0,41,23,0,0,3,4,5,9,3,6,3,0,3,1,0,2,17,2,0,0,0,0,0,0,0,0,0,0,0,0,0,0,1,0,1,0,1,3,1,0,0,0,0,0,0,1,4,0,0,26
orjson_3_10_5,e473438842c233f33454bc7bda3ba3c39fd6f070,0,613925.0,120.0,41,23,0,0,3,4,5,9,3,6,3,0,3,1,0,2,17,2,0,0,0,0,0,0,0,0,0,0,0,0,0,0,1,0,1,0,1,3,1,0,0,0,0,0,0,1,4,0,0,26
orjson_3_10_6,e473438842c233f33454bc7bda3ba3c39fd6f070,0,617514.0,120.0,41,23,0,0,3,4,5,9,3,6,3,0,3,1,0,2,17,2,0,0,0,0,0,0,0,0,0,0,0,0,0,0,1,0,1,0,1,3,1,0,0,0,0,0,0,1,4,0,0,26
orjson_3_10_1,8745efb69f0a753f00436a345e999b176c0b6aac,0,1641472.6666666667,736.0,16,6,0,0,1,2,2,73,42,31,17,4,14,4,5,5,85,2,0,0,0,0,0,0,0,0,0,0,0,0,0,0,0,0,1,0,1,1,1,1,2,2,1,1,0,1,2,0,0,158
orjson_3_10_2,8745efb69f0a753f00436a345e999b176c0b6aac,0,1677708.3333333333,736.0,16,6,0,0,1,2,2,73,42,31,17,4,14,4,5,5,85,2,0,0,0,0,0,0,0,0,0,0,0,0,0,0,0,0,1,0,1,1,1,1,2,2,1,1,0,1,2,0,0,158
orjson_3_10_3,8745efb69f0a753f00436a345e999b176c0b6aac,0,1663875.0,736.0,16,6,0,0,1,2,2,73,42,31,17,4,14,4,5,5,85,2,0,0,0,0,0,0,0,0,0,0,0,0,0,0,0,0,1,0,1,1,1,1,2,2,1,1,0,1,2,0,0,158
orjson_3_10_4,8745efb69f0a753f00436a345e999b176c0b6aac,0,1625444.6666666667,736.0,16,6,0,0,1,2,2,73,42,31,17,4,14,4,5,5,85,2,0,0,0,0,0,0,0,0,0,0,0,0,0,0,0,0,1,0,1,1,1,1,2,2,1,1,0,1,2,0,0,158
orjson_3_10_5,8745efb69f0a753f00436a345e999b176c0b6aac,0,1616652.6666666667,736.0,16,6,0,0,1,2,2,73,42,31,17,4,14,4,5,5,85,2,0,0,0,0,0,0,0,0,0,0,0,0,0,0,0,0,1,0,1,1,1,1,2,2,1,1,0,1,2,0,0,158
orjson_3_10_6,8745efb69f0a753f00436a345e999b176c0b6aac,0,1649013.3333333333,736.0,16,6,0,0,1,2,2,73,42,31,17,4,14,4,5,5,85,2,0,0,0,0,0,0,0,0,0,0,0,0,0,0,0,0,1,0,1,1,1,1,2,2,1,1,0,1,2,0,0,158
orjson_3_10_1,c5d19be59fe5f7456685ebacf06280101a18f394,0,4168486.3333333335,1528.0,77,38,0,0,6,9,9,174,78,96,49,3,47,16,12,19,186,3,0,0,0,1,0,0,0,0,0,0,1,1,1,0,0,2,3,0,3,6,3,2,1,1,2,0,0,3,9,1,1,360
orjson_3_10_2,c5d19be59fe5f7456685ebacf06280101a18f394,0,4175597.3333333335,1528.0,77,38,0,0,6,9,9,174,78,96,49,3,47,16,12,19,186,3,0,0,0,1,0,0,0,0,0,0,1,1,1,0,0,2,3,0,3,6,3,2,1,1,2,0,0,3,9,1,1,360
orjson_3_10_3,c5d19be59fe5f7456685ebacf06280101a18f394,0,4158125.0,1528.0,77,38,0,0,6,9,9,174,78,96,49,3,47,16,12,19,186,3,0,0,0,1,0,0,0,0,0,0,1,1,1,0,0,2,3,0,3,6,3,2,1,1,2,0,0,3,9,1,1,360
orjson_3_10_4,c5d19be59fe5f7456685ebacf06280101a18f394,0,4125694.3333333335,1528.0,77,38,0,0,6,9,9,174,78,96,49,3,47,16,12,19,186,3,0,0,0,1,0,0,0,0,0,0,1,1,1,0,0,2,3,0,3,6,3,2,1,1,2,0,0,3,9,1,1,360
orjson_3_10_5,c5d19be59fe5f7456685ebacf06280101a18f394,0,4087124.6666666665,1528.0,77,38,0,0,6,9,9,174,78,96,49,3,47,16,12,19,186,3,0,0,0,1,0,0,0,0,0,0,1,1,1,0,0,2,3,0,3,6,3,2,1,1,2,0,0,3,9,1,1,360
orjson_3_10_6,c5d19be59fe5f7456685ebacf06280101a18f394,0,4160402.6666666665,1528.0,77,38,0,0,6,9,9,174,78,96,49,3,47,16,12,19,186,3,0,0,0,1,0,0,0,0,0,0,1,1,1,0,0,2,3,0,3,6,3,2,1,1,2,0,0,3,9,1,1,360
orjson_3_10_1,5eb062bd3b334bf49fa993a4791c02adb404f569,0,2440430.6666666665,1284.0,26,12,0,0,2,3,4,127,65,62,33,6,29,15,7,7,146,1,0,0,0,1,0,0,0,7,1,0,1,1,0,1,0,0,1,0,1,2,1,2,3,3,2,1,0,1,3,0,1,273
orjson_3_10_2,5eb062bd3b334bf49fa993a4791c02adb404f569,0,2488208.0,1284.0,26,12,0,0,2,3,4,127,65,62,33,6,29,15,7,7,146,1,0,0,0,1,0,0,0,7,1,0,1,1,0,1,0,0,1,0,1,2,1,2,3,3,2,1,0,1,3,0,1,273
orjson_3_10_3,5eb062bd3b334bf49fa993a4791c02adb404f569,0,2478486.3333333335,1284.0,26,12,0,0,2,3,4,127,65,62,33,6,29,15,7,7,146,1,0,0,0,1,0,0,0,7,1,0,1,1,0,1,0,0,1,0,1,2,1,2,3,3,2,1,0,1,3,0,1,273
orjson_3_10_4,5eb062bd3b334bf49fa993a4791c02adb404f569,0,2419763.6666666665,1284.0,26,12,0,0,2,3,4,127,65,62,33,6,29,15,7,7,146,1,0,0,0,1,0,0,0,7,1,0,1,1,0,1,0,0,1,0,1,2,1,2,3,3,2,1,0,1,3,0,1,273
orjson_3_10_5,5eb062bd3b334bf49fa993a4791c02adb404f569,0,2428180.6666666665,1284.0,26,12,0,0,2,3,4,127,65,62,33,6,29,15,7,7,146,1,0,0,0,1,0,0,0,7,1,0,1,1,0,1,0,0,1,0,1,2,1,2,3,3,2,1,0,1,3,0,1,273
orjson_3_10_6,5eb062bd3b334bf49fa993a4791c02adb404f569,0,2448861.0,1284.0,26,12,0,0,2,3,4,127,65,62,33,6,29,15,7,7,146,1,0,0,0,1,0,0,0,7,1,0,1,1,0,1,0,0,1,0,1,2,1,2,3,3,2,1,0,1,3,0,1,273
orjson_3_10_1,742a2482cf1620bcb5f77ab82afb0b0ad5d678d0,0,9701042.0,3268.0,198,95,2,4,17,28,22,394,197,197,93,12,104,29,39,36,414,4,2,2,2,1,4,0,0,12,1,2,3,1,0,1,6,4,9,2,9,13,9,4,5,5,4,3,0,6,22,3,3,808
orjson_3_10_2,742a2482cf1620bcb5f77ab82afb0b0ad5d678d0,0,9857638.666666666,3268.0,198,95,2,4,17,28,22,394,197,197,93,12,104,29,39,36,414,4,2,2,2,1,4,0,0,12,1,2,3,1,0,1,6,4,9,2,9,13,9,4,5,5,4,3,0,6,22,3,3,808
orjson_3_10_3,742a2482cf1620bcb5f77ab82afb0b0ad5d678d0,0,9814430.666666666,3268.0,198,95,2,4,17,28,22,394,197,197,93,12,104,29,39,36,414,4,2,2,2,1,4,0,0,12,1,2,3,1,0,1,6,4,9,2,9,13,9,4,5,5,4,3,0,6,22,3,3,808
orjson_3_10_4,742a2482cf1620bcb5f77ab82afb0b0ad5d678d0,0,9568750.0,3268.0,198,95,2,4,17,28,22,394,197,197,93,12,104,29,39,36,414,4,2,2,2,1,4,0,0,12,1,2,3,1,0,1,6,4,9,2,9,13,9,4,5,5,4,3,0,6,22,3,3,808
orjson_3_10_5,742a2482cf1620bcb5f77ab82afb0b0ad5d678d0,0,9576208.333333334,3268.0,198,95,2,4,17,28,22,394,197,197,93,12,104,29,39,36,414,4,2,2,2,1,4,0,0,12,1,2,3,1,0,1,6,4,9,2,9,13,9,4,5,5,4,3,0,6,22,3,3,808
orjson_3_10_6,742a2482cf1620bcb5f77ab82afb0b0ad5d678d0,0,9681944.666666666,3268.0,198,95,2,4,17,28,22,394,197,197,93,12,104,29,39,36,414,4,2,2,2,1,4,0,0,12,1,2,3,1,0,1,6,4,9,2,9,13,9,4,5,5,4,3,0,6,22,3,3,808
orjson_3_10_1,4f880718585725233ba3bd901766e851146f9f4c,0,5686138.666666667,2216.0,78,36,0,0,6,10,10,262,129,133,75,14,58,13,20,25,263,1,0,0,0,1,0,0,1,0,0,0,1,1,0,0,2,3,4,0,4,6,4,6,5,5,6,3,0,4,10,0,1,525
orjson_3_10_2,4f880718585725233ba3bd901766e851146f9f4c,0,5827555.333333333,2216.0,78,36,0,0,6,10,10,262,129,133,75,14,58,13,20,25,263,1,0,0,0,1,0,0,1,0,0,0,1,1,0,0,2,3,4,0,4,6,4,6,5,5,6,3,0,4,10,0,1,525
orjson_3_10_3,4f880718585725233ba3bd901766e851146f9f4c,0,5871111.0,2216.0,78,36,0,0,6,10,10,262,129,133,75,14,58,13,20,25,263,1,0,0,0,1,0,0,1,0,0,0,1,1,0,0,2,3,4,0,4,6,4,6,5,5,6,3,0,4,10,0,1,525
orjson_3_10_4,4f880718585725233ba3bd901766e851146f9f4c,0,5690055.333333333,2216.0,78,36,0,0,6,10,10,262,129,133,75,14,58,13,20,25,263,1,0,0,0,1,0,0,1,0,0,0,1,1,0,0,2,3,4,0,4,6,4,6,5,5,6,3,0,4,10,0,1,525
orjson_3_10_5,4f880718585725233ba3bd901766e851146f9f4c,0,5639416.666666667,2216.0,78,36,0,0,6,10,10,262,129,133,75,14,58,13,20,25,263,1,0,0,0,1,0,0,1,0,0,0,1,1,0,0,2,3,4,0,4,6,4,6,5,5,6,3,0,4,10,0,1,525
orjson_3_10_6,4f880718585725233ba3bd901766e851146f9f4c,0,5728361.0,2216.0,78,36,0,0,6,10,10,262,129,133,75,14,58,13,20,25,263,1,0,0,0,1,0,0,1,0,0,0,1,1,0,0,2,3,4,0,4,6,4,6,5,5,6,3,0,4,10,0,1,525
orjson_3_10_1,8c53940c725773dae667f0bf39df22a8c04bce78,0,5048111.333333333,2108.0,67,35,0,0,5,7,8,241,126,115,56,6,59,24,17,18,252,1,1,0,1,1,1,1,1,0,0,0,1,0,0,0,1,0,2,0,2,5,2,4,1,1,4,1,0,3,7,2,1,493
orjson_3_10_2,8c53940c725773dae667f0bf39df22a8c04bce78,0,5172750.0,2108.0,67,35,0,0,5,7,8,241,126,115,56,6,59,24,17,18,252,1,1,0,1,1,1,1,1,0,0,0,1,0,0,0,1,0,2,0,2,5,2,4,1,1,4,1,0,3,7,2,1,493
orjson_3_10_3,8c53940c725773dae667f0bf39df22a8c04bce78,0,5178819.333333333,2108.0,67,35,0,0,5,7,8,241,126,115,56,6,59,24,17,18,252,1,1,0,1,1,1,1,1,0,0,0,1,0,0,0,1,0,2,0,2,5,2,4,1,1,4,1,0,3,7,2,1,493
orjson_3_10_4,8c53940c725773dae667f0bf39df22a8c04bce78,0,5009041.666666667,2108.0,67,35,0,0,5,7,8,241,126,115,56,6,59,24,17,18,252,1,1,0,1,1,1,1,1,0,0,0,1,0,0,0,1,0,2,0,2,5,2,4,1,1,4,1,0,3,7,2,1,493
orjson_3_10_5,8c53940c725773dae667f0bf39df22a8c04bce78,0,4977430.666666667,2108.0,67,35,0,0,5,7,8,241,126,115,56,6,59,24,17,18,252,1,1,0,1,1,1,1,1,0,0,0,1,0,0,0,1,0,2,0,2,5,2,4,1,1,4,1,0,3,7,2,1,493
orjson_3_10_6,8c53940c725773dae667f0bf39df22a8c04bce78,0,5549971.0,2108.0,67,35,0,0,5,7,8,241,126,115,56,6,59,24,17,18,252,1,1,0,1,1,1,1,1,0,0,0,1,0,0,0,1,0,2,0,2,5,2,4,1,1,4,1,0,3,7,2,1,493
orjson_3_10_1,2562f21a74ee56c3741fdbdeca3ec3cf7117c5e2,0,8317083.0,4202.0,80,30,3,9,12,18,10,467,222,245,123,10,122,36,45,41,484,2,0,0,0,0,0,0,0,0,0,0,0,0,0,0,4,3,3,3,3,3,3,5,2,2,5,3,0,6,6,3,0,951
orjson_3_10_2,2562f21a74ee56c3741fdbdeca3ec3cf7117c5e2,0,8380194.666666667,4202.0,80,30,3,9,12,18,10,467,222,245,123,10,122,36,45,41,484,2,0,0,0,0,0,0,0,0,0,0,0,0,0,0,4,3,3,3,3,3,3,5,2,2,5,3,0,6,6,3,0,951
orjson_3_10_3,2562f21a74ee56c3741fdbdeca3ec3cf7117c5e2,0,8392597.333333334,4202.0,80,30,3,9,12,18,10,467,222,245,123,10,122,36,45,41,484,2,0,0,0,0,0,0,0,0,0,0,0,0,0,0,4,3,3,3,3,3,3,5,2,2,5,3,0,6,6,3,0,951
orjson_3_10_4,2562f21a74ee56c3741fdbdeca3ec3cf7117c5e2,0,8282166.666666667,4202.0,80,30,3,9,12,18,10,467,222,245,123,10,122,36,45,41,484,2,0,0,0,0,0,0,0,0,0,0,0,0,0,0,4,3,3,3,3,3,3,5,2,2,5,3,0,6,6,3,0,951
orjson_3_10_5,2562f21a74ee56c3741fdbdeca3ec3cf7117c5e2,0,8269750.0,4202.0,80,30,3,9,12,18,10,467,222,245,123,10,122,36,45,41,484,2,0,0,0,0,0,0,0,0,0,0,0,0,0,0,4,3,3,3,3,3,3,5,2,2,5,3,0,6,6,3,0,951
orjson_3_10_6,2562f21a74ee56c3741fdbdeca3ec3cf7117c5e2,0,8329778.0,4202.0,80,30,3,9,12,18,10,467,222,245,123,10,122,36,45,41,484,2,0,0,0,0,0,0,0,0,0,0,0,0,0,0,4,3,3,3,3,3,3,5,2,2,5,3,0,6,6,3,0,951
orjson_3_10_1,370c8054d00ddf4a4340ec61c1971f7389fdfca5,0,1592652.6666666667,652.0,26,12,0,0,2,3,4,68,34,34,21,1,13,3,6,4,89,0,0,0,0,0,0,0,0,0,0,0,0,0,0,0,0,2,1,0,1,2,1,0,0,0,0,1,0,1,3,0,0,157
orjson_3_10_2,370c8054d00ddf4a4340ec61c1971f7389fdfca5,0,1631639.3333333333,652.0,26,12,0,0,2,3,4,68,34,34,21,1,13,3,6,4,89,0,0,0,0,0,0,0,0,0,0,0,0,0,0,0,0,2,1,0,1,2,1,0,0,0,0,1,0,1,3,0,0,157
orjson_3_10_3,370c8054d00ddf4a4340ec61c1971f7389fdfca5,0,1602375.3333333333,652.0,26,12,0,0,2,3,4,68,34,34,21,1,13,3,6,4,89,0,0,0,0,0,0,0,0,0,0,0,0,0,0,0,0,2,1,0,1,2,1,0,0,0,0,1,0,1,3,0,0,157
orjson_3_10_4,370c8054d00ddf4a4340ec61c1971f7389fdfca5,0,1591042.0,652.0,26,12,0,0,2,3,4,68,34,34,21,1,13,3,6,4,89,0,0,0,0,0,0,0,0,0,0,0,0,0,0,0,0,2,1,0,1,2,1,0,0,0,0,1,0,1,3,0,0,157
orjson_3_10_5,370c8054d00ddf4a4340ec61c1971f7389fdfca5,0,1593680.3333333333,652.0,26,12,0,0,2,3,4,68,34,34,21,1,13,3,6,4,89,0,0,0,0,0,0,0,0,0,0,0,0,0,0,0,0,2,1,0,1,2,1,0,0,0,0,1,0,1,3,0,0,157
orjson_3_10_6,370c8054d00ddf4a4340ec61c1971f7389fdfca5,0,1614764.0,652.0,26,12,0,0,2,3,4,68,34,34,21,1,13,3,6,4,89,0,0,0,0,0,0,0,0,0,0,0,0,0,0,0,0,2,1,0,1,2,1,0,0,0,0,1,0,1,3,0,0,157
orjson_3_10_1,581565e0e51bedffe33cec960c201085a9335c7a,0,2114972.3333333335,800.0,33,17,0,0,2,3,3,86,40,46,18,1,28,6,12,10,93,0,0,0,0,0,0,0,0,0,0,0,0,0,0,0,1,0,1,0,1,2,1,0,1,1,0,0,0,2,3,2,0,179
orjson_3_10_2,581565e0e51bedffe33cec960c201085a9335c7a,0,2147819.3333333335,800.0,33,17,0,0,2,3,3,86,40,46,18,1,28,6,12,10,93,0,0,0,0,0,0,0,0,0,0,0,0,0,0,0,1,0,1,0,1,2,1,0,1,1,0,0,0,2,3,2,0,179
orjson_3_10_3,581565e0e51bedffe33cec960c201085a9335c7a,0,2153458.3333333335,800.0,33,17,0,0,2,3,3,86,40,46,18,1,28,6,12,10,93,0,0,0,0,0,0,0,0,0,0,0,0,0,0,0,1,0,1,0,1,2,1,0,1,1,0,0,0,2,3,2,0,179
orjson_3_10_4,581565e0e51bedffe33cec960c201085a9335c7a,0,2076514.0,800.0,33,17,0,0,2,3,3,86,40,46,18,1,28,6,12,10,93,0,0,0,0,0,0,0,0,0,0,0,0,0,0,0,1,0,1,0,1,2,1,0,1,1,0,0,0,2,3,2,0,179
orjson_3_10_5,581565e0e51bedffe33cec960c201085a9335c7a,0,2073722.0,800.0,33,17,0,0,2,3,3,86,40,46,18,1,28,6,12,10,93,0,0,0,0,0,0,0,0,0,0,0,0,0,0,0,1,0,1,0,1,2,1,0,1,1,0,0,0,2,3,2,0,179
orjson_3_10_6,581565e0e51bedffe33cec960c201085a9335c7a,0,2086389.0,800.0,33,17,0,0,2,3,3,86,40,46,18,1,28,6,12,10,93,0,0,0,0,0,0,0,0,0,0,0,0,0,0,0,1,0,1,0,1,2,1,0,1,1,0,0,0,2,3,2,0,179
orjson_3_10_1,341db9bbda050b3fd859edb7727b0e86568cee08,0,9422708.333333334,4090.0,202,103,1,20,28,34,17,429,208,221,111,11,110,34,40,36,413,5,4,1,4,7,7,3,3,26,3,1,7,3,0,2,6,4,5,1,5,8,5,2,5,5,2,4,0,4,13,4,7,842
orjson_3_10_2,341db9bbda050b3fd859edb7727b0e86568cee08,0,9525277.666666666,4090.0,202,103,1,20,28,34,17,429,208,221,111,11,110,34,40,36,413,5,4,1,4,7,7,3,3,26,3,1,7,3,0,2,6,4,5,1,5,8,5,2,5,5,2,4,0,4,13,4,7,842
orjson_3_10_3,341db9bbda050b3fd859edb7727b0e86568cee08,0,9565069.333333334,4090.0,202,103,1,20,28,34,17,429,208,221,111,11,110,34,40,36,413,5,4,1,4,7,7,3,3,26,3,1,7,3,0,2,6,4,5,1,5,8,5,2,5,5,2,4,0,4,13,4,7,842
orjson_3_10_4,341db9bbda050b3fd859edb7727b0e86568cee08,0,9284277.333333334,4090.0,202,103,1,20,28,34,17,429,208,221,111,11,110,34,40,36,413,5,4,1,4,7,7,3,3,26,3,1,7,3,0,2,6,4,5,1,5,8,5,2,5,5,2,4,0,4,13,4,7,842
orjson_3_10_5,341db9bbda050b3fd859edb7727b0e86568cee08,0,9307222.0,4090.0,202,103,1,20,28,34,17,429,208,221,111,11,110,34,40,36,413,5,4,1,4,7,7,3,3,26,3,1,7,3,0,2,6,4,5,1,5,8,5,2,5,5,2,4,0,4,13,4,7,842
orjson_3_10_6,341db9bbda050b3fd859edb7727b0e86568cee08,0,9438930.666666666,4090.0,202,103,1,20,28,34,17,429,208,221,111,11,110,34,40,36,413,5,4,1,4,7,7,3,3,26,3,1,7,3,0,2,6,4,5,1,5,8,5,2,5,5,2,4,0,4,13,4,7,842
orjson_3_10_1,2373fc9d995768783286c7ff39b378def474760e,0,9034694.666666666,3623.0,193,107,1,5,17,24,24,404,206,198,97,10,101,30,39,32,447,3,0,0,0,0,0,0,0,0,0,0,1,1,1,0,2,6,6,1,6,12,6,4,2,2,4,4,0,4,18,1,1,851
orjson_3_10_2,2373fc9d995768783286c7ff39b378def474760e,0,9159194.333333334,3623.0,193,107,1,5,17,24,24,404,206,198,97,10,101,30,39,32,447,3,0,0,0,0,0,0,0,0,0,0,1,1,1,0,2,6,6,1,6,12,6,4,2,2,4,4,0,4,18,1,1,851
orjson_3_10_3,2373fc9d995768783286c7ff39b378def474760e,0,9130527.666666666,3623.0,193,107,1,5,17,24,24,404,206,198,97,10,101,30,39,32,447,3,0,0,0,0,0,0,0,0,0,0,1,1,1,0,2,6,6,1,6,12,6,4,2,2,4,4,0,4,18,1,1,851
orjson_3_10_4,2373fc9d995768783286c7ff39b378def474760e,0,8911500.333333334,3623.0,193,107,1,5,17,24,24,404,206,198,97,10,101,30,39,32,447,3,0,0,0,0,0,0,0,0,0,0,1,1,1,0,2,6,6,1,6,12,6,4,2,2,4,4,0,4,18,1,1,851
orjson_3_10_5,2373fc9d995768783286c7ff39b378def474760e,0,8930180.666666666,3623.0,193,107,1,5,17,24,24,404,206,198,97,10,101,30,39,32,447,3,0,0,0,0,0,0,0,0,0,0,1,1,1,0,2,6,6,1,6,12,6,4,2,2,4,4,0,4,18,1,1,851
orjson_3_10_6,2373fc9d995768783286c7ff39b378def474760e,0,9355656.25,3803.0,193,107,1,5,17,24,24,404,206,198,97,10,101,30,39,32,447,3,0,0,0,0,0,0,0,0,0,0,1,1,1,0,2,6,6,1,6,12,6,4,2,2,4,4,0,4,18,1,1,851
orjson_3_10_1,d9c68a74221ba6267fefb4221f593987946404cf,0,10718708.666666666,4342.0,248,119,4,28,36,46,23,442,252,190,83,8,107,38,37,32,398,5,3,2,3,3,4,1,3,0,0,2,5,2,0,0,7,4,6,4,6,8,6,4,1,1,4,3,0,9,14,11,5,840
orjson_3_10_2,d9c68a74221ba6267fefb4221f593987946404cf,0,10585222.333333334,4342.0,248,119,4,28,36,46,23,442,252,190,83,8,107,38,37,32,398,5,3,2,3,3,4,1,3,0,0,2,5,2,0,0,7,4,6,4,6,8,6,4,1,1,4,3,0,9,14,11,5,840
orjson_3_10_3,d9c68a74221ba6267fefb4221f593987946404cf,0,10591583.333333334,4342.0,248,119,4,28,36,46,23,442,252,190,83,8,107,38,37,32,398,5,3,2,3,3,4,1,3,0,0,2,5,2,0,0,7,4,6,4,6,8,6,4,1,1,4,3,0,9,14,11,5,840
orjson_3_10_4,d9c68a74221ba6267fefb4221f593987946404cf,0,10489930.666666666,4342.0,248,119,4,28,36,46,23,442,252,190,83,8,107,38,37,32,398,5,3,2,3,3,4,1,3,0,0,2,5,2,0,0,7,4,6,4,6,8,6,4,1,1,4,3,0,9,14,11,5,840
orjson_3_10_5,d9c68a74221ba6267fefb4221f593987946404cf,0,10416111.666666666,4342.0,248,119,4,28,36,46,23,442,252,190,83,8,107,38,37,32,398,5,3,2,3,3,4,1,3,0,0,2,5,2,0,0,7,4,6,4,6,8,6,4,1,1,4,3,0,9,14,11,5,840
orjson_3_10_6,d9c68a74221ba6267fefb4221f593987946404cf,0,10527194.333333334,4342.0,248,119,4,28,36,46,23,442,252,190,83,8,107,38,37,32,398,5,3,2,3,3,4,1,3,0,0,2,5,2,0,0,7,4,6,4,6,8,6,4,1,1,4,3,0,9,14,11,5,840
orjson_3_10_1,160c53c24ac0779f5fd0217fe267117cc45e1a68,0,10016555.666666666,4677.0,152,46,0,0,24,25,29,415,212,203,102,12,101,29,39,33,406,6,1,0,1,0,2,1,0,7,1,0,1,0,0,0,4,6,1,0,1,24,1,7,3,3,7,2,0,2,25,4,1,821
orjson_3_10_2,160c53c24ac0779f5fd0217fe267117cc45e1a68,0,9963847.0,4677.0,152,46,0,0,24,25,29,415,212,203,102,12,101,29,39,33,406,6,1,0,1,0,2,1,0,7,1,0,1,0,0,0,4,6,1,0,1,24,1,7,3,3,7,2,0,2,25,4,1,821
orjson_3_10_3,160c53c24ac0779f5fd0217fe267117cc45e1a68,0,9878972.0,4677.0,152,46,0,0,24,25,29,415,212,203,102,12,101,29,39,33,406,6,1,0,1,0,2,1,0,7,1,0,1,0,0,0,4,6,1,0,1,24,1,7,3,3,7,2,0,2,25,4,1,821
orjson_3_10_4,160c53c24ac0779f5fd0217fe267117cc45e1a68,0,9949069.666666666,4764.0,152,46,0,0,24,25,29,415,212,203,102,12,101,29,39,33,406,6,1,0,1,0,2,1,0,7,1,0,1,0,0,0,4,6,1,0,1,24,1,7,3,3,7,2,0,2,25,4,1,821
orjson_3_10_5,160c53c24ac0779f5fd0217fe267117cc45e1a68,0,9770152.333333334,4677.0,152,46,0,0,24,25,29,415,212,203,102,12,101,29,39,33,406,6,1,0,1,0,2,1,0,7,1,0,1,0,0,0,4,6,1,0,1,24,1,7,3,3,7,2,0,2,25,4,1,821
orjson_3_10_6,160c53c24ac0779f5fd0217fe267117cc45e1a68,0,9826305.333333334,4677.0,152,46,0,0,24,25,29,415,212,203,102,12,101,29,39,33,406,6,1,0,1,0,2,1,0,7,1,0,1,0,0,0,4,6,1,0,1,24,1,7,3,3,7,2,0,2,25,4,1,821
orjson_3_10_1,c94b74ade01f5ba1ef03ac149a0bba3ee9446264,0,11171402.666666666,5191.0,277,68,0,0,48,50,58,325,163,162,85,13,77,21,25,31,338,14,2,1,1,1,2,1,1,15,2,1,4,2,0,1,8,8,2,0,2,48,2,7,1,1,7,5,0,3,50,7,4,663
orjson_3_10_2,c94b74ade01f5ba1ef03ac149a0bba3ee9446264,0,10391402.666666666,4978.0,277,68,0,0,48,50,58,325,163,162,85,13,77,21,25,31,338,14,2,1,1,1,2,1,1,15,2,1,4,2,0,1,8,8,2,0,2,48,2,7,1,1,7,5,0,3,50,7,4,663
orjson_3_10_3,c94b74ade01f5ba1ef03ac149a0bba3ee9446264,0,10770958.333333334,5173.0,277,68,0,0,48,50,58,325,163,162,85,13,77,21,25,31,338,14,2,1,1,1,2,1,1,15,2,1,4,2,0,1,8,8,2,0,2,48,2,7,1,1,7,5,0,3,50,7,4,663
orjson_3_10_4,c94b74ade01f5ba1ef03ac149a0bba3ee9446264,0,10528833.666666666,5091.0,277,68,0,0,48,50,58,325,163,162,85,13,77,21,25,31,338,14,2,1,1,1,2,1,1,15,2,1,4,2,0,1,8,8,2,0,2,48,2,7,1,1,7,5,0,3,50,7,4,663
orjson_3_10_5,c94b74ade01f5ba1ef03ac149a0bba3ee9446264,0,10369708.0,4978.0,277,68,0,0,48,50,58,325,163,162,85,13,77,21,25,31,338,14,2,1,1,1,2,1,1,15,2,1,4,2,0,1,8,8,2,0,2,48,2,7,1,1,7,5,0,3,50,7,4,663
orjson_3_10_6,c94b74ade01f5ba1ef03ac149a0bba3ee9446264,0,10662014.0,5064.0,277,68,0,0,48,50,58,325,163,162,85,13,77,21,25,31,338,14,2,1,1,1,2,1,1,15,2,1,4,2,0,1,8,8,2,0,2,48,2,7,1,1,7,5,0,3,50,7,4,663
orjson_3_10_1,69f794f20643a2320dce39819b0b65ca0c72dbe6,0,9852402.666666666,4720.0,146,38,0,0,24,25,32,422,200,222,99,8,123,43,40,40,386,0,3,2,2,2,8,1,0,7,2,2,4,1,0,1,3,5,1,0,1,24,1,3,3,3,3,2,0,2,25,6,4,808
orjson_3_10_2,69f794f20643a2320dce39819b0b65ca0c72dbe6,0,10077386.714285715,4780.0,146,38,0,0,24,25,32,422,200,222,99,8,123,43,40,40,386,0,3,2,2,2,8,1,0,7,2,2,4,1,0,1,3,5,1,0,1,24,1,3,3,3,3,2,0,2,25,6,4,808
orjson_3_10_3,69f794f20643a2320dce39819b0b65ca0c72dbe6,0,9928527.666666666,4806.0,146,38,0,0,24,25,32,422,200,222,99,8,123,43,40,40,386,0,3,2,2,2,8,1,0,7,2,2,4,1,0,1,3,5,1,0,1,24,1,3,3,3,3,2,0,2,25,6,4,808
orjson_3_10_4,69f794f20643a2320dce39819b0b65ca0c72dbe6,0,9528944.333333334,4720.0,146,38,0,0,24,25,32,422,200,222,99,8,123,43,40,40,386,0,3,2,2,2,8,1,0,7,2,2,4,1,0,1,3,5,1,0,1,24,1,3,3,3,3,2,0,2,25,6,4,808
orjson_3_10_5,69f794f20643a2320dce39819b0b65ca0c72dbe6,0,9517152.666666666,4720.0,146,38,0,0,24,25,32,422,200,222,99,8,123,43,40,40,386,0,3,2,2,2,8,1,0,7,2,2,4,1,0,1,3,5,1,0,1,24,1,3,3,3,3,2,0,2,25,6,4,808
orjson_3_10_6,69f794f20643a2320dce39819b0b65ca0c72dbe6,0,9680402.666666666,4720.0,146,38,0,0,24,25,32,422,200,222,99,8,123,43,40,40,386,0,3,2,2,2,8,1,0,7,2,2,4,1,0,1,3,5,1,0,1,24,1,3,3,3,3,2,0,2,25,6,4,808
orjson_3_10_1,a185dff66ab66e203648e34003a6fcecec082c1f,0,9961527.666666666,4558.0,144,38,0,0,24,25,30,428,204,224,101,9,123,38,37,48,403,3,0,0,0,0,0,0,0,0,0,0,0,0,0,0,8,5,1,0,1,24,1,3,3,3,3,3,0,2,25,4,0,831
orjson_3_10_2,a185dff66ab66e203648e34003a6fcecec082c1f,0,9871874.666666666,4558.0,144,38,0,0,24,25,30,428,204,224,101,9,123,38,37,48,403,3,0,0,0,0,0,0,0,0,0,0,0,0,0,0,8,5,1,0,1,24,1,3,3,3,3,3,0,2,25,4,0,831
orjson_3_10_3,a185dff66ab66e203648e34003a6fcecec082c1f,0,9789062.0,4558.0,144,38,0,0,24,25,30,428,204,224,101,9,123,38,37,48,403,3,0,0,0,0,0,0,0,0,0,0,0,0,0,0,8,5,1,0,1,24,1,3,3,3,3,3,0,2,25,4,0,831
orjson_3_10_4,a185dff66ab66e203648e34003a6fcecec082c1f,0,9792625.333333334,4664.0,144,38,0,0,24,25,30,428,204,224,101,9,123,38,37,48,403,3,0,0,0,0,0,0,0,0,0,0,0,0,0,0,8,5,1,0,1,24,1,3,3,3,3,3,0,2,25,4,0,831
orjson_3_10_5,a185dff66ab66e203648e34003a6fcecec082c1f,0,9739069.666666666,4626.0,144,38,0,0,24,25,30,428,204,224,101,9,123,38,37,48,403,3,0,0,0,0,0,0,0,0,0,0,0,0,0,0,8,5,1,0,1,24,1,3,3,3,3,3,0,2,25,4,0,831
orjson_3_10_6,a185dff66ab66e203648e34003a6fcecec082c1f,0,9815347.0,4680.0,144,38,0,0,24,25,30,428,204,224,101,9,123,38,37,48,403,3,0,0,0,0,0,0,0,0,0,0,0,0,0,0,8,5,1,0,1,24,1,3,3,3,3,3,0,2,25,4,0,831
orjson_3_10_1,8856edc0314637a1aadede055de392adb8d5ffa6,0,10731638.666666666,5214.0,259,52,0,0,48,50,60,343,181,162,82,9,80,31,27,22,361,8,0,0,0,0,0,0,0,0,0,0,0,0,0,0,14,12,2,0,2,48,2,2,3,3,2,4,0,3,50,5,0,704
orjson_3_10_2,8856edc0314637a1aadede055de392adb8d5ffa6,0,10258250.0,5214.0,259,52,0,0,48,50,60,343,181,162,82,9,80,31,27,22,361,8,0,0,0,0,0,0,0,0,0,0,0,0,0,0,14,12,2,0,2,48,2,2,3,3,2,4,0,3,50,5,0,704
orjson_3_10_3,8856edc0314637a1aadede055de392adb8d5ffa6,0,10626305.333333334,5402.0,259,52,0,0,48,50,60,343,181,162,82,9,80,31,27,22,361,8,0,0,0,0,0,0,0,0,0,0,0,0,0,0,14,12,2,0,2,48,2,2,3,3,2,4,0,3,50,5,0,704
orjson_3_10_4,8856edc0314637a1aadede055de392adb8d5ffa6,0,10152763.666666666,5214.0,259,52,0,0,48,50,60,343,181,162,82,9,80,31,27,22,361,8,0,0,0,0,0,0,0,0,0,0,0,0,0,0,14,12,2,0,2,48,2,2,3,3,2,4,0,3,50,5,0,704
orjson_3_10_5,8856edc0314637a1aadede055de392adb8d5ffa6,0,10229902.666666666,5322.0,259,52,0,0,48,50,60,343,181,162,82,9,80,31,27,22,361,8,0,0,0,0,0,0,0,0,0,0,0,0,0,0,14,12,2,0,2,48,2,2,3,3,2,4,0,3,50,5,0,704
orjson_3_10_6,8856edc0314637a1aadede055de392adb8d5ffa6,0,10242819.333333334,5214.0,259,52,0,0,48,50,60,343,181,162,82,9,80,31,27,22,361,8,0,0,0,0,0,0,0,0,0,0,0,0,0,0,14,12,2,0,2,48,2,2,3,3,2,4,0,3,50,5,0,704
orjson_3_10_1,3c3421f79bb2ab50d7f5dc776e487ff2892618d4,0,10107805.666666666,5092.0,268,61,1,0,48,51,59,340,183,157,79,7,78,23,29,26,356,17,0,0,0,0,0,0,2,0,0,0,2,2,0,0,12,6,2,1,2,48,2,0,3,3,0,4,0,3,50,4,2,696
orjson_3_10_2,3c3421f79bb2ab50d7f5dc776e487ff2892618d4,0,9585555.333333334,5180.0,268,61,1,0,48,51,59,340,183,157,79,7,78,23,29,26,356,17,0,0,0,0,0,0,2,0,0,0,2,2,0,0,12,6,2,1,2,48,2,0,3,3,0,4,0,3,50,4,2,696
orjson_3_10_3,3c3421f79bb2ab50d7f5dc776e487ff2892618d4,0,9452833.0,5092.0,268,61,1,0,48,51,59,340,183,157,79,7,78,23,29,26,356,17,0,0,0,0,0,0,2,0,0,0,2,2,0,0,12,6,2,1,2,48,2,0,3,3,0,4,0,3,50,4,2,696
orjson_3_10_4,3c3421f79bb2ab50d7f5dc776e487ff2892618d4,0,9249194.333333334,5092.0,268,61,1,0,48,51,59,340,183,157,79,7,78,23,29,26,356,17,0,0,0,0,0,0,2,0,0,0,2,2,0,0,12,6,2,1,2,48,2,0,3,3,0,4,0,3,50,4,2,696
orjson_3_10_5,3c3421f79bb2ab50d7f5dc776e487ff2892618d4,0,9475236.0,5198.0,268,61,1,0,48,51,59,340,183,157,79,7,78,23,29,26,356,17,0,0,0,0,0,0,2,0,0,0,2,2,0,0,12,6,2,1,2,48,2,0,3,3,0,4,0,3,50,4,2,696
orjson_3_10_6,3c3421f79bb2ab50d7f5dc776e487ff2892618d4,0,9417125.0,5092.0,268,61,1,0,48,51,59,340,183,157,79,7,78,23,29,26,356,17,0,0,0,0,0,0,2,0,0,0,2,2,0,0,12,6,2,1,2,48,2,0,3,3,0,4,0,3,50,4,2,696
orjson_3_10_1,c070f4289a6539febb33a78e37647c8d7c53ba25,0,10651278.0,5214.0,259,52,0,0,48,50,60,343,181,162,82,9,80,31,27,22,361,8,0,0,0,0,0,0,0,0,0,0,0,0,0,0,14,12,2,0,2,48,2,2,3,3,2,4,0,3,50,5,0,704
orjson_3_10_2,c070f4289a6539febb33a78e37647c8d7c53ba25,0,10287917.0,5214.0,259,52,0,0,48,50,60,343,181,162,82,9,80,31,27,22,361,8,0,0,0,0,0,0,0,0,0,0,0,0,0,0,14,12,2,0,2,48,2,2,3,3,2,4,0,3,50,5,0,704
orjson_3_10_3,c070f4289a6539febb33a78e37647c8d7c53ba25,0,10506041.666666666,5402.0,259,52,0,0,48,50,60,343,181,162,82,9,80,31,27,22,361,8,0,0,0,0,0,0,0,0,0,0,0,0,0,0,14,12,2,0,2,48,2,2,3,3,2,4,0,3,50,5,0,704
orjson_3_10_4,c070f4289a6539febb33a78e37647c8d7c53ba25,0,10154999.666666666,5214.0,259,52,0,0,48,50,60,343,181,162,82,9,80,31,27,22,361,8,0,0,0,0,0,0,0,0,0,0,0,0,0,0,14,12,2,0,2,48,2,2,3,3,2,4,0,3,50,5,0,704
orjson_3_10_5,c070f4289a6539febb33a78e37647c8d7c53ba25,0,10279944.333333334,5322.0,259,52,0,0,48,50,60,343,181,162,82,9,80,31,27,22,361,8,0,0,0,0,0,0,0,0,0,0,0,0,0,0,14,12,2,0,2,48,2,2,3,3,2,4,0,3,50,5,0,704
orjson_3_10_6,c070f4289a6539febb33a78e37647c8d7c53ba25,0,10243305.333333334,5214.0,259,52,0,0,48,50,60,343,181,162,82,9,80,31,27,22,361,8,0,0,0,0,0,0,0,0,0,0,0,0,0,0,14,12,2,0,2,48,2,2,3,3,2,4,0,3,50,5,0,704
orjson_3_10_1,d881b1c39dd2c1396413fb357b0b72e73a121d0a,0,9799903.0,4720.0,146,38,0,0,24,25,32,422,200,222,99,8,123,43,40,40,386,0,3,2,2,2,7,1,1,6,1,2,4,1,0,0,3,5,1,0,1,24,1,3,3,3,3,2,0,2,25,6,4,808
orjson_3_10_2,d881b1c39dd2c1396413fb357b0b72e73a121d0a,0,10541325.1,4780.0,146,38,0,0,24,25,32,422,200,222,99,8,123,43,40,40,386,0,3,2,2,2,7,1,1,6,1,2,4,1,0,0,3,5,1,0,1,24,1,3,3,3,3,2,0,2,25,6,4,808
orjson_3_10_3,d881b1c39dd2c1396413fb357b0b72e73a121d0a,0,9990500.0,4806.0,146,38,0,0,24,25,32,422,200,222,99,8,123,43,40,40,386,0,3,2,2,2,7,1,1,6,1,2,4,1,0,0,3,5,1,0,1,24,1,3,3,3,3,2,0,2,25,6,4,808
orjson_3_10_4,d881b1c39dd2c1396413fb357b0b72e73a121d0a,0,9538208.666666666,4720.0,146,38,0,0,24,25,32,422,200,222,99,8,123,43,40,40,386,0,3,2,2,2,7,1,1,6,1,2,4,1,0,0,3,5,1,0,1,24,1,3,3,3,3,2,0,2,25,6,4,808
orjson_3_10_5,d881b1c39dd2c1396413fb357b0b72e73a121d0a,0,9547527.666666666,4720.0,146,38,0,0,24,25,32,422,200,222,99,8,123,43,40,40,386,0,3,2,2,2,7,1,1,6,1,2,4,1,0,0,3,5,1,0,1,24,1,3,3,3,3,2,0,2,25,6,4,808
orjson_3_10_6,d881b1c39dd2c1396413fb357b0b72e73a121d0a,0,9652708.666666666,4720.0,146,38,0,0,24,25,32,422,200,222,99,8,123,43,40,40,386,0,3,2,2,2,7,1,1,6,1,2,4,1,0,0,3,5,1,0,1,24,1,3,3,3,3,2,0,2,25,6,4,808
orjson_3_10_1,b8e2e3b0bb9cd49fa0d56ad44f5f9db9cda7a992,0,10647611.0,5043.0,293,81,1,0,48,51,58,347,196,151,71,4,80,25,27,28,319,4,2,2,1,2,1,0,1,0,0,2,5,3,2,0,10,14,2,1,2,48,2,1,2,2,1,1,0,4,50,9,5,666
orjson_3_10_2,b8e2e3b0bb9cd49fa0d56ad44f5f9db9cda7a992,0,9490778.0,4662.0,293,81,1,0,48,51,58,347,196,151,71,4,80,25,27,28,319,4,2,2,1,2,1,0,1,0,0,2,5,3,2,0,10,14,2,1,2,48,2,1,2,2,1,1,0,4,50,9,5,666
orjson_3_10_3,b8e2e3b0bb9cd49fa0d56ad44f5f9db9cda7a992,0,9546722.333333334,4662.0,293,81,1,0,48,51,58,347,196,151,71,4,80,25,27,28,319,4,2,2,1,2,1,0,1,0,0,2,5,3,2,0,10,14,2,1,2,48,2,1,2,2,1,1,0,4,50,9,5,666
orjson_3_10_4,b8e2e3b0bb9cd49fa0d56ad44f5f9db9cda7a992,0,9484000.0,4662.0,293,81,1,0,48,51,58,347,196,151,71,4,80,25,27,28,319,4,2,2,1,2,1,0,1,0,0,2,5,3,2,0,10,14,2,1,2,48,2,1,2,2,1,1,0,4,50,9,5,666
orjson_3_10_5,b8e2e3b0bb9cd49fa0d56ad44f5f9db9cda7a992,0,9348874.666666666,4662.0,293,81,1,0,48,51,58,347,196,151,71,4,80,25,27,28,319,4,2,2,1,2,1,0,1,0,0,2,5,3,2,0,10,14,2,1,2,48,2,1,2,2,1,1,0,4,50,9,5,666
orjson_3_10_6,b8e2e3b0bb9cd49fa0d56ad44f5f9db9cda7a992,0,9601194.333333334,4782.0,293,81,1,0,48,51,58,347,196,151,71,4,80,25,27,28,319,4,2,2,1,2,1,0,1,0,0,2,5,3,2,0,10,14,2,1,2,48,2,1,2,2,1,1,0,4,50,9,5,666
orjson_3_10_1,f4980c5c80562cd82a3f4152dcb01448cc359c21,0,10245208.666666666,4747.0,294,82,1,0,48,51,58,347,196,151,71,4,80,25,27,28,319,4,2,2,1,2,1,0,1,0,0,2,5,3,2,0,10,14,2,1,2,48,2,1,2,2,1,1,0,4,50,9,5,666
orjson_3_10_2,f4980c5c80562cd82a3f4152dcb01448cc359c21,0,9518514.0,4662.0,294,82,1,0,48,51,58,347,196,151,71,4,80,25,27,28,319,4,2,2,1,2,1,0,1,0,0,2,5,3,2,0,10,14,2,1,2,48,2,1,2,2,1,1,0,4,50,9,5,666
orjson_3_10_3,f4980c5c80562cd82a3f4152dcb01448cc359c21,0,9594652.333333334,4662.0,294,82,1,0,48,51,58,347,196,151,71,4,80,25,27,28,319,4,2,2,1,2,1,0,1,0,0,2,5,3,2,0,10,14,2,1,2,48,2,1,2,2,1,1,0,4,50,9,5,666
orjson_3_10_4,f4980c5c80562cd82a3f4152dcb01448cc359c21,0,9398944.333333334,4662.0,294,82,1,0,48,51,58,347,196,151,71,4,80,25,27,28,319,4,2,2,1,2,1,0,1,0,0,2,5,3,2,0,10,14,2,1,2,48,2,1,2,2,1,1,0,4,50,9,5,666
orjson_3_10_5,f4980c5c80562cd82a3f4152dcb01448cc359c21,0,9327958.333333334,4662.0,294,82,1,0,48,51,58,347,196,151,71,4,80,25,27,28,319,4,2,2,1,2,1,0,1,0,0,2,5,3,2,0,10,14,2,1,2,48,2,1,2,2,1,1,0,4,50,9,5,666
orjson_3_10_6,f4980c5c80562cd82a3f4152dcb01448cc359c21,0,9617597.333333334,4782.0,294,82,1,0,48,51,58,347,196,151,71,4,80,25,27,28,319,4,2,2,1,2,1,0,1,0,0,2,5,3,2,0,10,14,2,1,2,48,2,1,2,2,1,1,0,4,50,9,5,666
orjson_3_10_1,2fc992cd4b50a2ce8ab045ac97a622c7783a039e,0,9201597.333333334,4316.0,194,89,0,0,24,25,30,405,196,209,93,15,116,43,41,32,376,3,0,0,0,0,0,0,0,9,1,0,1,1,0,1,8,5,1,0,1,24,1,4,6,6,4,5,0,2,25,3,1,781
orjson_3_10_2,2fc992cd4b50a2ce8ab045ac97a622c7783a039e,0,9146472.0,4316.0,194,89,0,0,24,25,30,405,196,209,93,15,116,43,41,32,376,3,0,0,0,0,0,0,0,9,1,0,1,1,0,1,8,5,1,0,1,24,1,4,6,6,4,5,0,2,25,3,1,781
orjson_3_10_3,2fc992cd4b50a2ce8ab045ac97a622c7783a039e,0,9172945.0,4316.0,194,89,0,0,24,25,30,405,196,209,93,15,116,43,41,32,376,3,0,0,0,0,0,0,0,9,1,0,1,1,0,1,8,5,1,0,1,24,1,4,6,6,4,5,0,2,25,3,1,781
orjson_3_10_4,2fc992cd4b50a2ce8ab045ac97a622c7783a039e,0,8932930.333333334,4316.0,194,89,0,0,24,25,30,405,196,209,93,15,116,43,41,32,376,3,0,0,0,0,0,0,0,9,1,0,1,1,0,1,8,5,1,0,1,24,1,4,6,6,4,5,0,2,25,3,1,781
orjson_3_10_5,2fc992cd4b50a2ce8ab045ac97a622c7783a039e,0,9215514.333333334,4552.0,194,89,0,0,24,25,30,405,196,209,93,15,116,43,41,32,376,3,0,0,0,0,0,0,0,9,1,0,1,1,0,1,8,5,1,0,1,24,1,4,6,6,4,5,0,2,25,3,1,781
orjson_3_10_6,2fc992cd4b50a2ce8ab045ac97a622c7783a039e,0,8970083.0,4316.0,194,89,0,0,24,25,30,405,196,209,93,15,116,43,41,32,376,3,0,0,0,0,0,0,0,9,1,0,1,1,0,1,8,5,1,0,1,24,1,4,6,6,4,5,0,2,25,3,1,781
orjson_3_10_1,c728134af3a382eb3f7c9f135d30c30f813849d5,0,9755833.333333334,4537.0,184,77,0,0,24,25,30,396,194,202,96,12,106,47,31,28,395,3,4,3,3,3,5,1,0,3,1,3,4,0,0,0,6,2,1,0,1,24,1,4,4,4,4,4,0,2,25,5,4,791
orjson_3_10_2,c728134af3a382eb3f7c9f135d30c30f813849d5,0,9445763.666666666,4427.0,184,77,0,0,24,25,30,396,194,202,96,12,106,47,31,28,395,3,4,3,3,3,5,1,0,3,1,3,4,0,0,0,6,2,1,0,1,24,1,4,4,4,4,4,0,2,25,5,4,791
orjson_3_10_3,c728134af3a382eb3f7c9f135d30c30f813849d5,0,9417402.666666666,4427.0,184,77,0,0,24,25,30,396,194,202,96,12,106,47,31,28,395,3,4,3,3,3,5,1,0,3,1,3,4,0,0,0,6,2,1,0,1,24,1,4,4,4,4,4,0,2,25,5,4,791
orjson_3_10_4,c728134af3a382eb3f7c9f135d30c30f813849d5,0,9300500.0,4427.0,184,77,0,0,24,25,30,396,194,202,96,12,106,47,31,28,395,3,4,3,3,3,5,1,0,3,1,3,4,0,0,0,6,2,1,0,1,24,1,4,4,4,4,4,0,2,25,5,4,791
orjson_3_10_5,c728134af3a382eb3f7c9f135d30c30f813849d5,0,9265833.0,4427.0,184,77,0,0,24,25,30,396,194,202,96,12,106,47,31,28,395,3,4,3,3,3,5,1,0,3,1,3,4,0,0,0,6,2,1,0,1,24,1,4,4,4,4,4,0,2,25,5,4,791
orjson_3_10_6,c728134af3a382eb3f7c9f135d30c30f813849d5,0,9337930.666666666,4427.0,184,77,0,0,24,25,30,396,194,202,96,12,106,47,31,28,395,3,4,3,3,3,5,1,0,3,1,3,4,0,0,0,6,2,1,0,1,24,1,4,4,4,4,4,0,2,25,5,4,791
orjson_3_10_1,94df7f00284db7fd843f10d6cc6c910c31e373a5,0,9663958.333333334,4537.0,184,77,0,0,24,25,30,396,194,202,96,12,106,47,31,28,395,3,4,3,3,3,5,1,0,3,1,3,4,0,0,0,6,2,1,0,1,24,1,4,4,4,4,4,0,2,25,5,4,791
orjson_3_10_2,94df7f00284db7fd843f10d6cc6c910c31e373a5,0,9414083.333333334,4427.0,184,77,0,0,24,25,30,396,194,202,96,12,106,47,31,28,395,3,4,3,3,3,5,1,0,3,1,3,4,0,0,0,6,2,1,0,1,24,1,4,4,4,4,4,0,2,25,5,4,791
orjson_3_10_3,94df7f00284db7fd843f10d6cc6c910c31e373a5,0,9428056.0,4427.0,184,77,0,0,24,25,30,396,194,202,96,12,106,47,31,28,395,3,4,3,3,3,5,1,0,3,1,3,4,0,0,0,6,2,1,0,1,24,1,4,4,4,4,4,0,2,25,5,4,791
orjson_3_10_4,94df7f00284db7fd843f10d6cc6c910c31e373a5,0,9303722.0,4427.0,184,77,0,0,24,25,30,396,194,202,96,12,106,47,31,28,395,3,4,3,3,3,5,1,0,3,1,3,4,0,0,0,6,2,1,0,1,24,1,4,4,4,4,4,0,2,25,5,4,791
orjson_3_10_5,94df7f00284db7fd843f10d6cc6c910c31e373a5,0,9286722.0,4427.0,184,77,0,0,24,25,30,396,194,202,96,12,106,47,31,28,395,3,4,3,3,3,5,1,0,3,1,3,4,0,0,0,6,2,1,0,1,24,1,4,4,4,4,4,0,2,25,5,4,791
orjson_3_10_6,94df7f00284db7fd843f10d6cc6c910c31e373a5,0,9410791.666666666,4427.0,184,77,0,0,24,25,30,396,194,202,96,12,106,47,31,28,395,3,4,3,3,3,5,1,0,3,1,3,4,0,0,0,6,2,1,0,1,24,1,4,4,4,4,4,0,2,25,5,4,791
orjson_3_10_1,3d977fe0e8c5cd6e00db79ce7eae1aec89e2cd30,0,9124430.333333334,4316.0,194,89,0,0,24,25,30,405,196,209,93,15,116,43,41,32,376,3,0,0,0,0,0,0,0,9,1,0,1,1,0,1,8,5,1,0,1,24,1,4,6,6,4,5,0,2,25,3,1,781
orjson_3_10_2,3d977fe0e8c5cd6e00db79ce7eae1aec89e2cd30,0,9140833.333333334,4316.0,194,89,0,0,24,25,30,405,196,209,93,15,116,43,41,32,376,3,0,0,0,0,0,0,0,9,1,0,1,1,0,1,8,5,1,0,1,24,1,4,6,6,4,5,0,2,25,3,1,781
orjson_3_10_3,3d977fe0e8c5cd6e00db79ce7eae1aec89e2cd30,0,9131902.333333334,4316.0,194,89,0,0,24,25,30,405,196,209,93,15,116,43,41,32,376,3,0,0,0,0,0,0,0,9,1,0,1,1,0,1,8,5,1,0,1,24,1,4,6,6,4,5,0,2,25,3,1,781
orjson_3_10_4,3d977fe0e8c5cd6e00db79ce7eae1aec89e2cd30,0,8866888.666666666,4316.0,194,89,0,0,24,25,30,405,196,209,93,15,116,43,41,32,376,3,0,0,0,0,0,0,0,9,1,0,1,1,0,1,8,5,1,0,1,24,1,4,6,6,4,5,0,2,25,3,1,781
orjson_3_10_5,3d977fe0e8c5cd6e00db79ce7eae1aec89e2cd30,0,9224305.333333334,4552.0,194,89,0,0,24,25,30,405,196,209,93,15,116,43,41,32,376,3,0,0,0,0,0,0,0,9,1,0,1,1,0,1,8,5,1,0,1,24,1,4,6,6,4,5,0,2,25,3,1,781
orjson_3_10_6,3d977fe0e8c5cd6e00db79ce7eae1aec89e2cd30,0,8973750.0,4316.0,194,89,0,0,24,25,30,405,196,209,93,15,116,43,41,32,376,3,0,0,0,0,0,0,0,9,1,0,1,1,0,1,8,5,1,0,1,24,1,4,6,6,4,5,0,2,25,3,1,781
orjson_3_10_1,829b4ffe54b5b9a33d785735bde0b21dc7b1956b,0,9731305.666666666,4537.0,184,77,0,0,24,25,30,396,194,202,96,12,106,47,31,28,395,3,4,3,3,3,5,1,0,3,1,3,4,0,0,0,6,2,1,0,1,24,1,4,4,4,4,4,0,2,25,5,4,791
orjson_3_10_2,829b4ffe54b5b9a33d785735bde0b21dc7b1956b,0,9434430.666666666,4427.0,184,77,0,0,24,25,30,396,194,202,96,12,106,47,31,28,395,3,4,3,3,3,5,1,0,3,1,3,4,0,0,0,6,2,1,0,1,24,1,4,4,4,4,4,0,2,25,5,4,791
orjson_3_10_3,829b4ffe54b5b9a33d785735bde0b21dc7b1956b,0,9489763.666666666,4427.0,184,77,0,0,24,25,30,396,194,202,96,12,106,47,31,28,395,3,4,3,3,3,5,1,0,3,1,3,4,0,0,0,6,2,1,0,1,24,1,4,4,4,4,4,0,2,25,5,4,791
orjson_3_10_4,829b4ffe54b5b9a33d785735bde0b21dc7b1956b,0,9271625.0,4427.0,184,77,0,0,24,25,30,396,194,202,96,12,106,47,31,28,395,3,4,3,3,3,5,1,0,3,1,3,4,0,0,0,6,2,1,0,1,24,1,4,4,4,4,4,0,2,25,5,4,791
orjson_3_10_5,829b4ffe54b5b9a33d785735bde0b21dc7b1956b,0,9264611.333333334,4427.0,184,77,0,0,24,25,30,396,194,202,96,12,106,47,31,28,395,3,4,3,3,3,5,1,0,3,1,3,4,0,0,0,6,2,1,0,1,24,1,4,4,4,4,4,0,2,25,5,4,791
orjson_3_10_6,829b4ffe54b5b9a33d785735bde0b21dc7b1956b,0,9322930.666666666,4427.0,184,77,0,0,24,25,30,396,194,202,96,12,106,47,31,28,395,3,4,3,3,3,5,1,0,3,1,3,4,0,0,0,6,2,1,0,1,24,1,4,4,4,4,4,0,2,25,5,4,791
orjson_3_10_1,61f2fcc728efc656a1e65dd3b844b9c46240c200,0,9373762.4,4316.0,194,89,0,0,24,25,30,405,196,209,93,15,116,43,41,32,376,3,0,0,0,0,0,0,0,9,1,0,1,1,0,1,8,5,1,0,1,24,1,4,6,6,4,5,0,2,25,3,1,781
orjson_3_10_2,61f2fcc728efc656a1e65dd3b844b9c46240c200,0,9111083.333333334,4316.0,194,89,0,0,24,25,30,405,196,209,93,15,116,43,41,32,376,3,0,0,0,0,0,0,0,9,1,0,1,1,0,1,8,5,1,0,1,24,1,4,6,6,4,5,0,2,25,3,1,781
orjson_3_10_3,61f2fcc728efc656a1e65dd3b844b9c46240c200,0,9134055.333333334,4316.0,194,89,0,0,24,25,30,405,196,209,93,15,116,43,41,32,376,3,0,0,0,0,0,0,0,9,1,0,1,1,0,1,8,5,1,0,1,24,1,4,6,6,4,5,0,2,25,3,1,781
orjson_3_10_4,61f2fcc728efc656a1e65dd3b844b9c46240c200,0,8903000.0,4316.0,194,89,0,0,24,25,30,405,196,209,93,15,116,43,41,32,376,3,0,0,0,0,0,0,0,9,1,0,1,1,0,1,8,5,1,0,1,24,1,4,6,6,4,5,0,2,25,3,1,781
orjson_3_10_5,61f2fcc728efc656a1e65dd3b844b9c46240c200,0,9314236.0,4552.0,194,89,0,0,24,25,30,405,196,209,93,15,116,43,41,32,376,3,0,0,0,0,0,0,0,9,1,0,1,1,0,1,8,5,1,0,1,24,1,4,6,6,4,5,0,2,25,3,1,781
orjson_3_10_6,61f2fcc728efc656a1e65dd3b844b9c46240c200,0,8948361.666666666,4316.0,194,89,0,0,24,25,30,405,196,209,93,15,116,43,41,32,376,3,0,0,0,0,0,0,0,9,1,0,1,1,0,1,8,5,1,0,1,24,1,4,6,6,4,5,0,2,25,3,1,781
orjson_3_10_1,b2142a6d04274e264f0699cc8685e7ae36b9f6c8,0,9150055.666666666,4316.0,194,89,0,0,24,25,30,405,196,209,93,15,116,43,41,32,376,3,0,0,0,0,0,0,0,9,1,0,1,1,0,1,8,5,1,0,1,24,1,4,6,6,4,5,0,2,25,3,1,781
orjson_3_10_2,b2142a6d04274e264f0699cc8685e7ae36b9f6c8,0,9165000.0,4316.0,194,89,0,0,24,25,30,405,196,209,93,15,116,43,41,32,376,3,0,0,0,0,0,0,0,9,1,0,1,1,0,1,8,5,1,0,1,24,1,4,6,6,4,5,0,2,25,3,1,781
orjson_3_10_3,b2142a6d04274e264f0699cc8685e7ae36b9f6c8,0,9146527.333333334,4316.0,194,89,0,0,24,25,30,405,196,209,93,15,116,43,41,32,376,3,0,0,0,0,0,0,0,9,1,0,1,1,0,1,8,5,1,0,1,24,1,4,6,6,4,5,0,2,25,3,1,781
orjson_3_10_4,b2142a6d04274e264f0699cc8685e7ae36b9f6c8,0,8910555.333333334,4316.0,194,89,0,0,24,25,30,405,196,209,93,15,116,43,41,32,376,3,0,0,0,0,0,0,0,9,1,0,1,1,0,1,8,5,1,0,1,24,1,4,6,6,4,5,0,2,25,3,1,781
orjson_3_10_5,b2142a6d04274e264f0699cc8685e7ae36b9f6c8,0,9251555.666666666,4552.0,194,89,0,0,24,25,30,405,196,209,93,15,116,43,41,32,376,3,0,0,0,0,0,0,0,9,1,0,1,1,0,1,8,5,1,0,1,24,1,4,6,6,4,5,0,2,25,3,1,781
orjson_3_10_6,b2142a6d04274e264f0699cc8685e7ae36b9f6c8,0,8980791.666666666,4316.0,194,89,0,0,24,25,30,405,196,209,93,15,116,43,41,32,376,3,0,0,0,0,0,0,0,9,1,0,1,1,0,1,8,5,1,0,1,24,1,4,6,6,4,5,0,2,25,3,1,781
orjson_3_10_1,52c3f347064ff6c23c8fc942db78f4d4542452c3,0,9141514.0,4316.0,194,89,0,0,24,25,30,405,196,209,93,15,116,43,41,32,376,3,0,0,0,0,0,0,0,9,1,0,1,1,0,1,8,5,1,0,1,24,1,4,6,6,4,5,0,2,25,3,1,781
orjson_3_10_2,52c3f347064ff6c23c8fc942db78f4d4542452c3,0,9129735.666666666,4316.0,194,89,0,0,24,25,30,405,196,209,93,15,116,43,41,32,376,3,0,0,0,0,0,0,0,9,1,0,1,1,0,1,8,5,1,0,1,24,1,4,6,6,4,5,0,2,25,3,1,781
orjson_3_10_3,52c3f347064ff6c23c8fc942db78f4d4542452c3,0,9166097.333333334,4316.0,194,89,0,0,24,25,30,405,196,209,93,15,116,43,41,32,376,3,0,0,0,0,0,0,0,9,1,0,1,1,0,1,8,5,1,0,1,24,1,4,6,6,4,5,0,2,25,3,1,781
orjson_3_10_4,52c3f347064ff6c23c8fc942db78f4d4542452c3,0,8894319.666666666,4316.0,194,89,0,0,24,25,30,405,196,209,93,15,116,43,41,32,376,3,0,0,0,0,0,0,0,9,1,0,1,1,0,1,8,5,1,0,1,24,1,4,6,6,4,5,0,2,25,3,1,781
orjson_3_10_5,52c3f347064ff6c23c8fc942db78f4d4542452c3,0,9231125.0,4552.0,194,89,0,0,24,25,30,405,196,209,93,15,116,43,41,32,376,3,0,0,0,0,0,0,0,9,1,0,1,1,0,1,8,5,1,0,1,24,1,4,6,6,4,5,0,2,25,3,1,781
orjson_3_10_6,52c3f347064ff6c23c8fc942db78f4d4542452c3,0,9039638.666666666,4316.0,194,89,0,0,24,25,30,405,196,209,93,15,116,43,41,32,376,3,0,0,0,0,0,0,0,9,1,0,1,1,0,1,8,5,1,0,1,24,1,4,6,6,4,5,0,2,25,3,1,781
orjson_3_10_1,314c4d0af8466840529709735a708f010fa69ab2,0,7930527.333333333,3748.0,194,89,0,0,24,25,30,343,171,172,72,11,100,37,35,28,313,3,0,0,0,0,0,0,0,9,1,0,1,1,0,1,8,5,1,0,1,24,1,2,5,5,2,4,0,2,25,3,1,656
orjson_3_10_2,314c4d0af8466840529709735a708f010fa69ab2,0,7933944.333333333,3748.0,194,89,0,0,24,25,30,343,171,172,72,11,100,37,35,28,313,3,0,0,0,0,0,0,0,9,1,0,1,1,0,1,8,5,1,0,1,24,1,2,5,5,2,4,0,2,25,3,1,656
orjson_3_10_3,314c4d0af8466840529709735a708f010fa69ab2,0,7882680.333333333,3748.0,194,89,0,0,24,25,30,343,171,172,72,11,100,37,35,28,313,3,0,0,0,0,0,0,0,9,1,0,1,1,0,1,8,5,1,0,1,24,1,2,5,5,2,4,0,2,25,3,1,656
orjson_3_10_4,314c4d0af8466840529709735a708f010fa69ab2,0,7728097.333333333,3748.0,194,89,0,0,24,25,30,343,171,172,72,11,100,37,35,28,313,3,0,0,0,0,0,0,0,9,1,0,1,1,0,1,8,5,1,0,1,24,1,2,5,5,2,4,0,2,25,3,1,656
orjson_3_10_5,314c4d0af8466840529709735a708f010fa69ab2,0,7986055.666666667,3984.0,194,89,0,0,24,25,30,343,171,172,72,11,100,37,35,28,313,3,0,0,0,0,0,0,0,9,1,0,1,1,0,1,8,5,1,0,1,24,1,2,5,5,2,4,0,2,25,3,1,656
orjson_3_10_6,314c4d0af8466840529709735a708f010fa69ab2,0,7719806.0,3748.0,194,89,0,0,24,25,30,343,171,172,72,11,100,37,35,28,313,3,0,0,0,0,0,0,0,9,1,0,1,1,0,1,8,5,1,0,1,24,1,2,5,5,2,4,0,2,25,3,1,656
orjson_3_10_1,0622c85d4829d74b785adfc9b2d9d33a673bc413,0,9689305.666666666,4537.0,184,77,0,0,24,25,30,396,194,202,96,12,106,47,31,28,395,3,4,3,3,3,5,1,0,3,1,3,4,0,0,0,6,2,1,0,1,24,1,4,4,4,4,4,0,2,25,5,4,791
orjson_3_10_2,0622c85d4829d74b785adfc9b2d9d33a673bc413,0,9382472.333333334,4427.0,184,77,0,0,24,25,30,396,194,202,96,12,106,47,31,28,395,3,4,3,3,3,5,1,0,3,1,3,4,0,0,0,6,2,1,0,1,24,1,4,4,4,4,4,0,2,25,5,4,791
orjson_3_10_3,0622c85d4829d74b785adfc9b2d9d33a673bc413,0,9382680.0,4427.0,184,77,0,0,24,25,30,396,194,202,96,12,106,47,31,28,395,3,4,3,3,3,5,1,0,3,1,3,4,0,0,0,6,2,1,0,1,24,1,4,4,4,4,4,0,2,25,5,4,791
orjson_3_10_4,0622c85d4829d74b785adfc9b2d9d33a673bc413,0,9268652.333333334,4427.0,184,77,0,0,24,25,30,396,194,202,96,12,106,47,31,28,395,3,4,3,3,3,5,1,0,3,1,3,4,0,0,0,6,2,1,0,1,24,1,4,4,4,4,4,0,2,25,5,4,791
orjson_3_10_5,0622c85d4829d74b785adfc9b2d9d33a673bc413,0,9299514.0,4427.0,184,77,0,0,24,25,30,396,194,202,96,12,106,47,31,28,395,3,4,3,3,3,5,1,0,3,1,3,4,0,0,0,6,2,1,0,1,24,1,4,4,4,4,4,0,2,25,5,4,791
orjson_3_10_6,0622c85d4829d74b785adfc9b2d9d33a673bc413,0,9305930.666666666,4427.0,184,77,0,0,24,25,30,396,194,202,96,12,106,47,31,28,395,3,4,3,3,3,5,1,0,3,1,3,4,0,0,0,6,2,1,0,1,24,1,4,4,4,4,4,0,2,25,5,4,791
orjson_3_10_1,8b5e3009b0aadad508dc8ca0cddc4773e0d35264,0,9754069.333333334,4537.0,189,81,0,0,24,25,30,396,194,202,96,12,106,47,31,28,393,3,4,3,3,3,5,1,0,3,1,3,4,0,0,0,5,2,1,0,1,24,1,4,4,4,4,4,0,2,25,6,4,789
orjson_3_10_2,8b5e3009b0aadad508dc8ca0cddc4773e0d35264,0,9487347.333333334,4427.0,189,81,0,0,24,25,30,396,194,202,96,12,106,47,31,28,393,3,4,3,3,3,5,1,0,3,1,3,4,0,0,0,5,2,1,0,1,24,1,4,4,4,4,4,0,2,25,6,4,789
orjson_3_10_3,8b5e3009b0aadad508dc8ca0cddc4773e0d35264,0,9386930.333333334,4427.0,189,81,0,0,24,25,30,396,194,202,96,12,106,47,31,28,393,3,4,3,3,3,5,1,0,3,1,3,4,0,0,0,5,2,1,0,1,24,1,4,4,4,4,4,0,2,25,6,4,789
orjson_3_10_4,8b5e3009b0aadad508dc8ca0cddc4773e0d35264,0,9196250.0,4427.0,189,81,0,0,24,25,30,396,194,202,96,12,106,47,31,28,393,3,4,3,3,3,5,1,0,3,1,3,4,0,0,0,5,2,1,0,1,24,1,4,4,4,4,4,0,2,25,6,4,789
orjson_3_10_5,8b5e3009b0aadad508dc8ca0cddc4773e0d35264,0,9310653.0,4427.0,189,81,0,0,24,25,30,396,194,202,96,12,106,47,31,28,393,3,4,3,3,3,5,1,0,3,1,3,4,0,0,0,5,2,1,0,1,24,1,4,4,4,4,4,0,2,25,6,4,789
orjson_3_10_6,8b5e3009b0aadad508dc8ca0cddc4773e0d35264,0,9407763.666666666,4427.0,189,81,0,0,24,25,30,396,194,202,96,12,106,47,31,28,393,3,4,3,3,3,5,1,0,3,1,3,4,0,0,0,5,2,1,0,1,24,1,4,4,4,4,4,0,2,25,6,4,789
orjson_3_10_1,6e56e8069c24f4f0d28d935751921017768e07ae,0,9112111.333333334,4316.0,189,85,0,0,24,25,30,405,196,209,93,15,116,43,41,32,378,3,0,0,0,0,0,0,0,9,1,0,1,1,0,1,9,5,1,0,1,24,1,4,6,6,4,5,0,2,25,2,1,783
orjson_3_10_2,6e56e8069c24f4f0d28d935751921017768e07ae,0,9045777.666666666,4316.0,189,85,0,0,24,25,30,405,196,209,93,15,116,43,41,32,378,3,0,0,0,0,0,0,0,9,1,0,1,1,0,1,9,5,1,0,1,24,1,4,6,6,4,5,0,2,25,2,1,783
orjson_3_10_3,6e56e8069c24f4f0d28d935751921017768e07ae,0,9030722.333333334,4316.0,189,85,0,0,24,25,30,405,196,209,93,15,116,43,41,32,378,3,0,0,0,0,0,0,0,9,1,0,1,1,0,1,9,5,1,0,1,24,1,4,6,6,4,5,0,2,25,2,1,783
orjson_3_10_4,6e56e8069c24f4f0d28d935751921017768e07ae,0,9291400.0,4316.0,189,85,0,0,24,25,30,405,196,209,93,15,116,43,41,32,378,3,0,0,0,0,0,0,0,9,1,0,1,1,0,1,9,5,1,0,1,24,1,4,6,6,4,5,0,2,25,2,1,783
orjson_3_10_5,6e56e8069c24f4f0d28d935751921017768e07ae,0,9110666.666666666,4552.0,189,85,0,0,24,25,30,405,196,209,93,15,116,43,41,32,378,3,0,0,0,0,0,0,0,9,1,0,1,1,0,1,9,5,1,0,1,24,1,4,6,6,4,5,0,2,25,2,1,783
orjson_3_10_6,6e56e8069c24f4f0d28d935751921017768e07ae,0,8928152.666666666,4316.0,189,85,0,0,24,25,30,405,196,209,93,15,116,43,41,32,378,3,0,0,0,0,0,0,0,9,1,0,1,1,0,1,9,5,1,0,1,24,1,4,6,6,4,5,0,2,25,2,1,783
orjson_3_10_1,ffa1ab25dd81e9034da7efbd4a43d19e88b61a52,0,9881916.833333334,4537.0,184,77,0,0,24,25,30,396,194,202,96,12,106,47,31,28,395,3,4,3,3,4,5,1,0,3,1,3,4,0,0,0,6,2,1,0,1,24,1,4,4,4,4,4,0,2,25,5,4,791
orjson_3_10_2,ffa1ab25dd81e9034da7efbd4a43d19e88b61a52,0,9452805.0,4427.0,184,77,0,0,24,25,30,396,194,202,96,12,106,47,31,28,395,3,4,3,3,4,5,1,0,3,1,3,4,0,0,0,6,2,1,0,1,24,1,4,4,4,4,4,0,2,25,5,4,791
orjson_3_10_3,ffa1ab25dd81e9034da7efbd4a43d19e88b61a52,0,9420139.333333334,4427.0,184,77,0,0,24,25,30,396,194,202,96,12,106,47,31,28,395,3,4,3,3,4,5,1,0,3,1,3,4,0,0,0,6,2,1,0,1,24,1,4,4,4,4,4,0,2,25,5,4,791
orjson_3_10_4,ffa1ab25dd81e9034da7efbd4a43d19e88b61a52,0,9261542.0,4427.0,184,77,0,0,24,25,30,396,194,202,96,12,106,47,31,28,395,3,4,3,3,4,5,1,0,3,1,3,4,0,0,0,6,2,1,0,1,24,1,4,4,4,4,4,0,2,25,5,4,791
orjson_3_10_5,ffa1ab25dd81e9034da7efbd4a43d19e88b61a52,0,9408221.833333334,4427.0,184,77,0,0,24,25,30,396,194,202,96,12,106,47,31,28,395,3,4,3,3,4,5,1,0,3,1,3,4,0,0,0,6,2,1,0,1,24,1,4,4,4,4,4,0,2,25,5,4,791
orjson_3_10_6,ffa1ab25dd81e9034da7efbd4a43d19e88b61a52,0,9378708.333333334,4427.0,184,77,0,0,24,25,30,396,194,202,96,12,106,47,31,28,395,3,4,3,3,4,5,1,0,3,1,3,4,0,0,0,6,2,1,0,1,24,1,4,4,4,4,4,0,2,25,5,4,791
orjson_3_10_1,2a043872d02077eb38ef786c933e67f313f5cc04,0,9709805.666666666,4537.0,183,76,0,0,24,25,30,396,194,202,96,12,106,47,31,28,395,3,4,3,3,3,5,1,0,3,1,3,4,0,0,0,6,2,1,0,1,24,1,4,4,4,4,4,0,2,25,5,4,791
orjson_3_10_2,2a043872d02077eb38ef786c933e67f313f5cc04,0,9439541.333333334,4427.0,183,76,0,0,24,25,30,396,194,202,96,12,106,47,31,28,395,3,4,3,3,3,5,1,0,3,1,3,4,0,0,0,6,2,1,0,1,24,1,4,4,4,4,4,0,2,25,5,4,791
orjson_3_10_3,2a043872d02077eb38ef786c933e67f313f5cc04,0,9418500.0,4427.0,183,76,0,0,24,25,30,396,194,202,96,12,106,47,31,28,395,3,4,3,3,3,5,1,0,3,1,3,4,0,0,0,6,2,1,0,1,24,1,4,4,4,4,4,0,2,25,5,4,791
orjson_3_10_4,2a043872d02077eb38ef786c933e67f313f5cc04,0,9195250.0,4427.0,183,76,0,0,24,25,30,396,194,202,96,12,106,47,31,28,395,3,4,3,3,3,5,1,0,3,1,3,4,0,0,0,6,2,1,0,1,24,1,4,4,4,4,4,0,2,25,5,4,791
orjson_3_10_5,2a043872d02077eb38ef786c933e67f313f5cc04,0,9249514.0,4427.0,183,76,0,0,24,25,30,396,194,202,96,12,106,47,31,28,395,3,4,3,3,3,5,1,0,3,1,3,4,0,0,0,6,2,1,0,1,24,1,4,4,4,4,4,0,2,25,5,4,791
orjson_3_10_6,2a043872d02077eb38ef786c933e67f313f5cc04,0,9281278.0,4427.0,183,76,0,0,24,25,30,396,194,202,96,12,106,47,31,28,395,3,4,3,3,3,5,1,0,3,1,3,4,0,0,0,6,2,1,0,1,24,1,4,4,4,4,4,0,2,25,5,4,791
orjson_3_10_1,101c2e780d9116eeae08955f1b55f93943af77b0,0,9042597.333333334,4316.0,195,90,0,0,24,25,30,405,196,209,93,15,116,43,41,32,376,3,0,0,0,0,0,0,0,9,1,0,1,1,0,1,8,5,1,0,1,24,1,4,6,6,4,5,0,2,25,3,1,781
orjson_3_10_2,101c2e780d9116eeae08955f1b55f93943af77b0,0,9121999.666666666,4316.0,195,90,0,0,24,25,30,405,196,209,93,15,116,43,41,32,376,3,0,0,0,0,0,0,0,9,1,0,1,1,0,1,8,5,1,0,1,24,1,4,6,6,4,5,0,2,25,3,1,781
orjson_3_10_3,101c2e780d9116eeae08955f1b55f93943af77b0,0,9125486.333333334,4316.0,195,90,0,0,24,25,30,405,196,209,93,15,116,43,41,32,376,3,0,0,0,0,0,0,0,9,1,0,1,1,0,1,8,5,1,0,1,24,1,4,6,6,4,5,0,2,25,3,1,781
orjson_3_10_4,101c2e780d9116eeae08955f1b55f93943af77b0,0,8850083.666666666,4316.0,195,90,0,0,24,25,30,405,196,209,93,15,116,43,41,32,376,3,0,0,0,0,0,0,0,9,1,0,1,1,0,1,8,5,1,0,1,24,1,4,6,6,4,5,0,2,25,3,1,781
orjson_3_10_5,101c2e780d9116eeae08955f1b55f93943af77b0,0,9135139.0,4552.0,195,90,0,0,24,25,30,405,196,209,93,15,116,43,41,32,376,3,0,0,0,0,0,0,0,9,1,0,1,1,0,1,8,5,1,0,1,24,1,4,6,6,4,5,0,2,25,3,1,781
orjson_3_10_6,101c2e780d9116eeae08955f1b55f93943af77b0,0,9017222.333333334,4316.0,195,90,0,0,24,25,30,405,196,209,93,15,116,43,41,32,376,3,0,0,0,0,0,0,0,9,1,0,1,1,0,1,8,5,1,0,1,24,1,4,6,6,4,5,0,2,25,3,1,781
orjson_3_10_1,de600f9ab8974203f22913c352a384f11ac87a3e,0,6785055.666666667,3320.0,132,28,0,0,24,25,29,249,129,120,61,7,59,20,21,18,256,6,0,0,0,0,0,0,0,0,0,0,0,0,0,0,5,8,1,0,1,24,1,1,3,3,1,3,0,2,25,2,0,505
orjson_3_10_2,de600f9ab8974203f22913c352a384f11ac87a3e,0,6595722.333333333,3320.0,132,28,0,0,24,25,29,249,129,120,61,7,59,20,21,18,256,6,0,0,0,0,0,0,0,0,0,0,0,0,0,0,5,8,1,0,1,24,1,1,3,3,1,3,0,2,25,2,0,505
orjson_3_10_3,de600f9ab8974203f22913c352a384f11ac87a3e,0,6726388.666666667,3423.0,132,28,0,0,24,25,29,249,129,120,61,7,59,20,21,18,256,6,0,0,0,0,0,0,0,0,0,0,0,0,0,0,5,8,1,0,1,24,1,1,3,3,1,3,0,2,25,2,0,505
orjson_3_10_4,de600f9ab8974203f22913c352a384f11ac87a3e,0,6457444.666666667,3320.0,132,28,0,0,24,25,29,249,129,120,61,7,59,20,21,18,256,6,0,0,0,0,0,0,0,0,0,0,0,0,0,0,5,8,1,0,1,24,1,1,3,3,1,3,0,2,25,2,0,505
orjson_3_10_5,de600f9ab8974203f22913c352a384f11ac87a3e,0,6616569.333333333,3428.0,132,28,0,0,24,25,29,249,129,120,61,7,59,20,21,18,256,6,0,0,0,0,0,0,0,0,0,0,0,0,0,0,5,8,1,0,1,24,1,1,3,3,1,3,0,2,25,2,0,505
orjson_3_10_6,de600f9ab8974203f22913c352a384f11ac87a3e,0,6549819.333333333,3320.0,132,28,0,0,24,25,29,249,129,120,61,7,59,20,21,18,256,6,0,0,0,0,0,0,0,0,0,0,0,0,0,0,5,8,1,0,1,24,1,1,3,3,1,3,0,2,25,2,0,505
orjson_3_10_1,a53db33330bd71f5fa574989a484c76164aff9d7,0,6762833.333333333,3320.0,132,28,0,0,24,25,29,249,129,120,61,7,59,20,21,18,256,6,0,0,0,0,0,0,0,0,0,0,0,0,0,0,5,8,1,0,1,24,1,1,3,3,1,3,0,2,25,2,0,505
orjson_3_10_2,a53db33330bd71f5fa574989a484c76164aff9d7,0,6578458.333333333,3320.0,132,28,0,0,24,25,29,249,129,120,61,7,59,20,21,18,256,6,0,0,0,0,0,0,0,0,0,0,0,0,0,0,5,8,1,0,1,24,1,1,3,3,1,3,0,2,25,2,0,505
orjson_3_10_3,a53db33330bd71f5fa574989a484c76164aff9d7,0,6756111.0,3423.0,132,28,0,0,24,25,29,249,129,120,61,7,59,20,21,18,256,6,0,0,0,0,0,0,0,0,0,0,0,0,0,0,5,8,1,0,1,24,1,1,3,3,1,3,0,2,25,2,0,505
orjson_3_10_4,a53db33330bd71f5fa574989a484c76164aff9d7,0,6450055.333333333,3320.0,132,28,0,0,24,25,29,249,129,120,61,7,59,20,21,18,256,6,0,0,0,0,0,0,0,0,0,0,0,0,0,0,5,8,1,0,1,24,1,1,3,3,1,3,0,2,25,2,0,505
orjson_3_10_5,a53db33330bd71f5fa574989a484c76164aff9d7,0,6574250.0,3428.0,132,28,0,0,24,25,29,249,129,120,61,7,59,20,21,18,256,6,0,0,0,0,0,0,0,0,0,0,0,0,0,0,5,8,1,0,1,24,1,1,3,3,1,3,0,2,25,2,0,505
orjson_3_10_6,a53db33330bd71f5fa574989a484c76164aff9d7,0,6495972.0,3320.0,132,28,0,0,24,25,29,249,129,120,61,7,59,20,21,18,256,6,0,0,0,0,0,0,0,0,0,0,0,0,0,0,5,8,1,0,1,24,1,1,3,3,1,3,0,2,25,2,0,505
orjson_3_10_1,0f055e4c9fa1ab1af1d97fdb6caab55dd7febd4c,0,5521944.666666667,2802.0,112,49,0,0,14,15,17,252,126,126,70,5,56,17,16,23,240,1,3,1,3,5,8,2,2,20,2,1,5,2,0,1,4,2,1,0,1,14,1,2,2,2,2,1,0,2,15,1,5,492
orjson_3_10_2,0f055e4c9fa1ab1af1d97fdb6caab55dd7febd4c,0,5647722.0,2802.0,112,49,0,0,14,15,17,252,126,126,70,5,56,17,16,23,240,1,3,1,3,5,8,2,2,20,2,1,5,2,0,1,4,2,1,0,1,14,1,2,2,2,2,1,0,2,15,1,5,492
orjson_3_10_3,0f055e4c9fa1ab1af1d97fdb6caab55dd7febd4c,0,5603250.333333333,2802.0,112,49,0,0,14,15,17,252,126,126,70,5,56,17,16,23,240,1,3,1,3,5,8,2,2,20,2,1,5,2,0,1,4,2,1,0,1,14,1,2,2,2,2,1,0,2,15,1,5,492
orjson_3_10_4,0f055e4c9fa1ab1af1d97fdb6caab55dd7febd4c,0,5437097.0,2802.0,112,49,0,0,14,15,17,252,126,126,70,5,56,17,16,23,240,1,3,1,3,5,8,2,2,20,2,1,5,2,0,1,4,2,1,0,1,14,1,2,2,2,2,1,0,2,15,1,5,492
orjson_3_10_5,0f055e4c9fa1ab1af1d97fdb6caab55dd7febd4c,0,5469652.666666667,2802.0,112,49,0,0,14,15,17,252,126,126,70,5,56,17,16,23,240,1,3,1,3,5,8,2,2,20,2,1,5,2,0,1,4,2,1,0,1,14,1,2,2,2,2,1,0,2,15,1,5,492
orjson_3_10_6,0f055e4c9fa1ab1af1d97fdb6caab55dd7febd4c,0,5474152.666666667,2802.0,112,49,0,0,14,15,17,252,126,126,70,5,56,17,16,23,240,1,3,1,3,5,8,2,2,20,2,1,5,2,0,1,4,2,1,0,1,14,1,2,2,2,2,1,0,2,15,1,5,492
orjson_3_10_1,b7d32ed7061f6ce1915c20954f42a6b40cc1c054,0,7288041.666666667,3341.0,265,53,0,0,48,50,58,133,66,67,31,2,36,6,20,10,123,10,2,1,1,2,1,1,1,8,1,1,4,2,1,0,9,8,2,0,2,48,2,1,1,1,1,0,0,3,50,10,4,256
orjson_3_10_2,b7d32ed7061f6ce1915c20954f42a6b40cc1c054,0,6611625.333333333,3293.0,265,53,0,0,48,50,58,133,66,67,31,2,36,6,20,10,123,10,2,1,1,2,1,1,1,8,1,1,4,2,1,0,9,8,2,0,2,48,2,1,1,1,1,0,0,3,50,10,4,256
orjson_3_10_3,b7d32ed7061f6ce1915c20954f42a6b40cc1c054,0,6213111.666666667,3026.0,265,53,0,0,48,50,58,133,66,67,31,2,36,6,20,10,123,10,2,1,1,2,1,1,1,8,1,1,4,2,1,0,9,8,2,0,2,48,2,1,1,1,1,0,0,3,50,10,4,256
orjson_3_10_4,b7d32ed7061f6ce1915c20954f42a6b40cc1c054,0,6373319.666666667,3137.0,265,53,0,0,48,50,58,133,66,67,31,2,36,6,20,10,123,10,2,1,1,2,1,1,1,8,1,1,4,2,1,0,9,8,2,0,2,48,2,1,1,1,1,0,0,3,50,10,4,256
orjson_3_10_5,b7d32ed7061f6ce1915c20954f42a6b40cc1c054,0,6500541.666666667,3157.0,265,53,0,0,48,50,58,133,66,67,31,2,36,6,20,10,123,10,2,1,1,2,1,1,1,8,1,1,4,2,1,0,9,8,2,0,2,48,2,1,1,1,1,0,0,3,50,10,4,256
orjson_3_10_6,b7d32ed7061f6ce1915c20954f42a6b40cc1c054,0,6303805.666666667,3026.0,265,53,0,0,48,50,58,133,66,67,31,2,36,6,20,10,123,10,2,1,1,2,1,1,1,8,1,1,4,2,1,0,9,8,2,0,2,48,2,1,1,1,1,0,0,3,50,10,4,256
orjson_3_10_1,32f9b7b6abd44d1daef6ea240b6c889dcd8752ce,0,7291639.0,3341.0,266,54,0,0,48,50,58,133,67,66,30,2,36,6,20,10,123,10,2,1,1,2,1,1,1,8,1,1,4,2,1,0,9,8,2,0,2,48,2,1,1,1,1,0,0,3,50,10,4,256
orjson_3_10_2,32f9b7b6abd44d1daef6ea240b6c889dcd8752ce,0,6617125.0,3293.0,266,54,0,0,48,50,58,133,67,66,30,2,36,6,20,10,123,10,2,1,1,2,1,1,1,8,1,1,4,2,1,0,9,8,2,0,2,48,2,1,1,1,1,0,0,3,50,10,4,256
orjson_3_10_3,32f9b7b6abd44d1daef6ea240b6c889dcd8752ce,0,6316972.333333333,3026.0,266,54,0,0,48,50,58,133,67,66,30,2,36,6,20,10,123,10,2,1,1,2,1,1,1,8,1,1,4,2,1,0,9,8,2,0,2,48,2,1,1,1,1,0,0,3,50,10,4,256
orjson_3_10_4,32f9b7b6abd44d1daef6ea240b6c889dcd8752ce,0,6449972.0,3137.0,266,54,0,0,48,50,58,133,67,66,30,2,36,6,20,10,123,10,2,1,1,2,1,1,1,8,1,1,4,2,1,0,9,8,2,0,2,48,2,1,1,1,1,0,0,3,50,10,4,256
orjson_3_10_5,32f9b7b6abd44d1daef6ea240b6c889dcd8752ce,0,6458833.333333333,3157.0,266,54,0,0,48,50,58,133,67,66,30,2,36,6,20,10,123,10,2,1,1,2,1,1,1,8,1,1,4,2,1,0,9,8,2,0,2,48,2,1,1,1,1,0,0,3,50,10,4,256
orjson_3_10_6,32f9b7b6abd44d1daef6ea240b6c889dcd8752ce,0,6344944.333333333,3026.0,266,54,0,0,48,50,58,133,67,66,30,2,36,6,20,10,123,10,2,1,1,2,1,1,1,8,1,1,4,2,1,0,9,8,2,0,2,48,2,1,1,1,1,0,0,3,50,10,4,256
orjson_3_10_1,51868c25a8604e02a50eb0515ed0a8a6d8361860,0,7342625.0,3341.0,266,54,0,0,48,50,58,133,66,67,31,2,36,6,20,10,123,10,2,1,1,2,1,1,1,8,1,1,4,2,1,0,9,8,2,0,2,48,2,1,1,1,1,0,0,3,50,10,4,256
orjson_3_10_2,51868c25a8604e02a50eb0515ed0a8a6d8361860,0,6642625.333333333,3293.0,266,54,0,0,48,50,58,133,66,67,31,2,36,6,20,10,123,10,2,1,1,2,1,1,1,8,1,1,4,2,1,0,9,8,2,0,2,48,2,1,1,1,1,0,0,3,50,10,4,256
orjson_3_10_3,51868c25a8604e02a50eb0515ed0a8a6d8361860,0,6320402.666666667,3026.0,266,54,0,0,48,50,58,133,66,67,31,2,36,6,20,10,123,10,2,1,1,2,1,1,1,8,1,1,4,2,1,0,9,8,2,0,2,48,2,1,1,1,1,0,0,3,50,10,4,256
orjson_3_10_4,51868c25a8604e02a50eb0515ed0a8a6d8361860,0,6442819.333333333,3137.0,266,54,0,0,48,50,58,133,66,67,31,2,36,6,20,10,123,10,2,1,1,2,1,1,1,8,1,1,4,2,1,0,9,8,2,0,2,48,2,1,1,1,1,0,0,3,50,10,4,256
orjson_3_10_5,51868c25a8604e02a50eb0515ed0a8a6d8361860,0,6495972.0,3157.0,266,54,0,0,48,50,58,133,66,67,31,2,36,6,20,10,123,10,2,1,1,2,1,1,1,8,1,1,4,2,1,0,9,8,2,0,2,48,2,1,1,1,1,0,0,3,50,10,4,256
orjson_3_10_6,51868c25a8604e02a50eb0515ed0a8a6d8361860,0,6360333.333333333,3026.0,266,54,0,0,48,50,58,133,66,67,31,2,36,6,20,10,123,10,2,1,1,2,1,1,1,8,1,1,4,2,1,0,9,8,2,0,2,48,2,1,1,1,1,0,0,3,50,10,4,256
orjson_3_10_1,c6a97b57ca85592243643337de381b8cc8bf097f,0,7235125.0,3341.0,266,54,0,0,48,50,58,133,67,66,30,2,36,6,20,10,123,10,2,1,1,2,1,1,1,8,1,1,4,2,1,0,9,8,2,0,2,48,2,1,1,1,1,0,0,3,50,10,4,256
orjson_3_10_2,c6a97b57ca85592243643337de381b8cc8bf097f,0,6597291.666666667,3293.0,266,54,0,0,48,50,58,133,67,66,30,2,36,6,20,10,123,10,2,1,1,2,1,1,1,8,1,1,4,2,1,0,9,8,2,0,2,48,2,1,1,1,1,0,0,3,50,10,4,256
orjson_3_10_3,c6a97b57ca85592243643337de381b8cc8bf097f,0,6334555.666666667,3026.0,266,54,0,0,48,50,58,133,67,66,30,2,36,6,20,10,123,10,2,1,1,2,1,1,1,8,1,1,4,2,1,0,9,8,2,0,2,48,2,1,1,1,1,0,0,3,50,10,4,256
orjson_3_10_4,c6a97b57ca85592243643337de381b8cc8bf097f,0,6461124.666666667,3222.0,266,54,0,0,48,50,58,133,67,66,30,2,36,6,20,10,123,10,2,1,1,2,1,1,1,8,1,1,4,2,1,0,9,8,2,0,2,48,2,1,1,1,1,0,0,3,50,10,4,256
orjson_3_10_5,c6a97b57ca85592243643337de381b8cc8bf097f,0,6395736.333333333,3157.0,266,54,0,0,48,50,58,133,67,66,30,2,36,6,20,10,123,10,2,1,1,2,1,1,1,8,1,1,4,2,1,0,9,8,2,0,2,48,2,1,1,1,1,0,0,3,50,10,4,256
orjson_3_10_6,c6a97b57ca85592243643337de381b8cc8bf097f,0,6298569.333333333,3026.0,266,54,0,0,48,50,58,133,67,66,30,2,36,6,20,10,123,10,2,1,1,2,1,1,1,8,1,1,4,2,1,0,9,8,2,0,2,48,2,1,1,1,1,0,0,3,50,10,4,256
orjson_3_10_1,8f84cf55e9350584f38f1c8cc3d90774924e5e1c,0,7363972.333333333,3341.0,266,54,0,0,48,50,58,133,66,67,31,2,36,6,20,10,123,10,2,1,1,2,1,1,1,8,1,1,4,2,1,0,9,8,2,0,2,48,2,1,1,1,1,0,0,3,50,10,4,256
orjson_3_10_2,8f84cf55e9350584f38f1c8cc3d90774924e5e1c,0,6663652.666666667,3293.0,266,54,0,0,48,50,58,133,66,67,31,2,36,6,20,10,123,10,2,1,1,2,1,1,1,8,1,1,4,2,1,0,9,8,2,0,2,48,2,1,1,1,1,0,0,3,50,10,4,256
orjson_3_10_3,8f84cf55e9350584f38f1c8cc3d90774924e5e1c,0,6312948.0,3026.0,266,54,0,0,48,50,58,133,66,67,31,2,36,6,20,10,123,10,2,1,1,2,1,1,1,8,1,1,4,2,1,0,9,8,2,0,2,48,2,1,1,1,1,0,0,3,50,10,4,256
orjson_3_10_4,8f84cf55e9350584f38f1c8cc3d90774924e5e1c,0,6352527.666666667,3137.0,266,54,0,0,48,50,58,133,66,67,31,2,36,6,20,10,123,10,2,1,1,2,1,1,1,8,1,1,4,2,1,0,9,8,2,0,2,48,2,1,1,1,1,0,0,3,50,10,4,256
orjson_3_10_5,8f84cf55e9350584f38f1c8cc3d90774924e5e1c,0,6477291.666666667,3157.0,266,54,0,0,48,50,58,133,66,67,31,2,36,6,20,10,123,10,2,1,1,2,1,1,1,8,1,1,4,2,1,0,9,8,2,0,2,48,2,1,1,1,1,0,0,3,50,10,4,256
orjson_3_10_6,8f84cf55e9350584f38f1c8cc3d90774924e5e1c,0,6286222.666666667,3026.0,266,54,0,0,48,50,58,133,66,67,31,2,36,6,20,10,123,10,2,1,1,2,1,1,1,8,1,1,4,2,1,0,9,8,2,0,2,48,2,1,1,1,1,0,0,3,50,10,4,256
orjson_3_10_1,ac1973a77c5aca7b9355446310a35f97be1c806a,0,7440541.666666667,3341.0,268,56,0,0,48,50,58,130,66,64,29,2,35,6,19,10,121,11,2,1,1,2,1,1,1,8,1,1,4,2,1,0,9,7,2,0,2,48,2,1,1,1,1,0,0,3,50,10,4,251
orjson_3_10_2,ac1973a77c5aca7b9355446310a35f97be1c806a,0,6636444.333333333,3293.0,268,56,0,0,48,50,58,130,66,64,29,2,35,6,19,10,121,11,2,1,1,2,1,1,1,8,1,1,4,2,1,0,9,7,2,0,2,48,2,1,1,1,1,0,0,3,50,10,4,251
orjson_3_10_3,ac1973a77c5aca7b9355446310a35f97be1c806a,0,6308569.666666667,3026.0,268,56,0,0,48,50,58,130,66,64,29,2,35,6,19,10,121,11,2,1,1,2,1,1,1,8,1,1,4,2,1,0,9,7,2,0,2,48,2,1,1,1,1,0,0,3,50,10,4,251
orjson_3_10_4,ac1973a77c5aca7b9355446310a35f97be1c806a,0,6383972.0,3137.0,268,56,0,0,48,50,58,130,66,64,29,2,35,6,19,10,121,11,2,1,1,2,1,1,1,8,1,1,4,2,1,0,9,7,2,0,2,48,2,1,1,1,1,0,0,3,50,10,4,251
orjson_3_10_5,ac1973a77c5aca7b9355446310a35f97be1c806a,0,6446236.333333333,3157.0,268,56,0,0,48,50,58,130,66,64,29,2,35,6,19,10,121,11,2,1,1,2,1,1,1,8,1,1,4,2,1,0,9,7,2,0,2,48,2,1,1,1,1,0,0,3,50,10,4,251
orjson_3_10_6,ac1973a77c5aca7b9355446310a35f97be1c806a,0,6318875.0,3026.0,268,56,0,0,48,50,58,130,66,64,29,2,35,6,19,10,121,11,2,1,1,2,1,1,1,8,1,1,4,2,1,0,9,7,2,0,2,48,2,1,1,1,1,0,0,3,50,10,4,251
orjson_3_10_1,c52ec6b646d6007435a37e947bb337d03c4ee0e6,0,7198055.333333333,3235.0,266,54,0,0,48,50,58,133,66,67,31,2,36,6,20,10,123,10,2,1,1,2,1,1,1,8,1,1,4,2,1,0,9,8,2,0,2,48,2,1,1,1,1,0,0,3,50,10,4,256
orjson_3_10_2,c52ec6b646d6007435a37e947bb337d03c4ee0e6,0,6609625.0,3293.0,266,54,0,0,48,50,58,133,66,67,31,2,36,6,20,10,123,10,2,1,1,2,1,1,1,8,1,1,4,2,1,0,9,8,2,0,2,48,2,1,1,1,1,0,0,3,50,10,4,256
orjson_3_10_3,c52ec6b646d6007435a37e947bb337d03c4ee0e6,0,6316097.666666667,3026.0,266,54,0,0,48,50,58,133,66,67,31,2,36,6,20,10,123,10,2,1,1,2,1,1,1,8,1,1,4,2,1,0,9,8,2,0,2,48,2,1,1,1,1,0,0,3,50,10,4,256
orjson_3_10_4,c52ec6b646d6007435a37e947bb337d03c4ee0e6,0,6329729.0,3137.0,266,54,0,0,48,50,58,133,66,67,31,2,36,6,20,10,123,10,2,1,1,2,1,1,1,8,1,1,4,2,1,0,9,8,2,0,2,48,2,1,1,1,1,0,0,3,50,10,4,256
orjson_3_10_5,c52ec6b646d6007435a37e947bb337d03c4ee0e6,0,6477083.333333333,3157.0,266,54,0,0,48,50,58,133,66,67,31,2,36,6,20,10,123,10,2,1,1,2,1,1,1,8,1,1,4,2,1,0,9,8,2,0,2,48,2,1,1,1,1,0,0,3,50,10,4,256
orjson_3_10_6,c52ec6b646d6007435a37e947bb337d03c4ee0e6,0,6351972.333333333,3026.0,266,54,0,0,48,50,58,133,66,67,31,2,36,6,20,10,123,10,2,1,1,2,1,1,1,8,1,1,4,2,1,0,9,8,2,0,2,48,2,1,1,1,1,0,0,3,50,10,4,256
orjson_3_10_1,3da012cccaf39af2494f262a66ca2031c70495fe,0,7315014.0,3341.0,266,54,0,0,48,50,58,133,67,66,30,2,36,6,20,10,123,10,2,1,1,2,1,1,1,8,1,1,4,2,1,0,9,8,2,0,2,48,2,1,1,1,1,0,0,3,50,10,4,256
orjson_3_10_2,3da012cccaf39af2494f262a66ca2031c70495fe,0,6713499.666666667,3293.0,266,54,0,0,48,50,58,133,67,66,30,2,36,6,20,10,123,10,2,1,1,2,1,1,1,8,1,1,4,2,1,0,9,8,2,0,2,48,2,1,1,1,1,0,0,3,50,10,4,256
orjson_3_10_3,3da012cccaf39af2494f262a66ca2031c70495fe,0,6384375.0,3026.0,266,54,0,0,48,50,58,133,67,66,30,2,36,6,20,10,123,10,2,1,1,2,1,1,1,8,1,1,4,2,1,0,9,8,2,0,2,48,2,1,1,1,1,0,0,3,50,10,4,256
orjson_3_10_4,3da012cccaf39af2494f262a66ca2031c70495fe,0,6386514.0,3137.0,266,54,0,0,48,50,58,133,67,66,30,2,36,6,20,10,123,10,2,1,1,2,1,1,1,8,1,1,4,2,1,0,9,8,2,0,2,48,2,1,1,1,1,0,0,3,50,10,4,256
orjson_3_10_5,3da012cccaf39af2494f262a66ca2031c70495fe,0,6539416.333333333,3157.0,266,54,0,0,48,50,58,133,67,66,30,2,36,6,20,10,123,10,2,1,1,2,1,1,1,8,1,1,4,2,1,0,9,8,2,0,2,48,2,1,1,1,1,0,0,3,50,10,4,256
orjson_3_10_6,3da012cccaf39af2494f262a66ca2031c70495fe,0,6306792.0,3026.0,266,54,0,0,48,50,58,133,67,66,30,2,36,6,20,10,123,10,2,1,1,2,1,1,1,8,1,1,4,2,1,0,9,8,2,0,2,48,2,1,1,1,1,0,0,3,50,10,4,256
orjson_3_10_1,c9804ce81b14b5391471805bf5cbad3833402725,0,7359180.666666667,3341.0,266,54,0,0,48,50,58,133,67,66,30,2,36,6,20,10,123,10,2,1,1,2,1,1,1,8,1,1,4,2,1,0,9,8,2,0,2,48,2,1,1,1,1,0,0,3,50,10,4,256
orjson_3_10_2,c9804ce81b14b5391471805bf5cbad3833402725,0,6603875.0,3293.0,266,54,0,0,48,50,58,133,67,66,30,2,36,6,20,10,123,10,2,1,1,2,1,1,1,8,1,1,4,2,1,0,9,8,2,0,2,48,2,1,1,1,1,0,0,3,50,10,4,256
orjson_3_10_3,c9804ce81b14b5391471805bf5cbad3833402725,0,6304166.666666667,3026.0,266,54,0,0,48,50,58,133,67,66,30,2,36,6,20,10,123,10,2,1,1,2,1,1,1,8,1,1,4,2,1,0,9,8,2,0,2,48,2,1,1,1,1,0,0,3,50,10,4,256
orjson_3_10_4,c9804ce81b14b5391471805bf5cbad3833402725,0,6356763.666666667,3137.0,266,54,0,0,48,50,58,133,67,66,30,2,36,6,20,10,123,10,2,1,1,2,1,1,1,8,1,1,4,2,1,0,9,8,2,0,2,48,2,1,1,1,1,0,0,3,50,10,4,256
orjson_3_10_5,c9804ce81b14b5391471805bf5cbad3833402725,0,6437930.666666667,3157.0,266,54,0,0,48,50,58,133,67,66,30,2,36,6,20,10,123,10,2,1,1,2,1,1,1,8,1,1,4,2,1,0,9,8,2,0,2,48,2,1,1,1,1,0,0,3,50,10,4,256
orjson_3_10_6,c9804ce81b14b5391471805bf5cbad3833402725,0,6324889.0,3026.0,266,54,0,0,48,50,58,133,67,66,30,2,36,6,20,10,123,10,2,1,1,2,1,1,1,8,1,1,4,2,1,0,9,8,2,0,2,48,2,1,1,1,1,0,0,3,50,10,4,256
orjson_3_10_1,6e3424438b177bb4f9b36547d31ec9b0b33a0c3f,0,7356138.666666667,3373.0,266,54,0,0,48,50,58,133,67,66,30,2,36,6,20,10,123,10,2,1,1,2,1,1,0,8,1,1,4,2,2,0,9,8,2,0,2,48,2,1,1,1,1,0,0,3,50,10,4,256
orjson_3_10_2,6e3424438b177bb4f9b36547d31ec9b0b33a0c3f,0,6648041.666666667,3325.0,266,54,0,0,48,50,58,133,67,66,30,2,36,6,20,10,123,10,2,1,1,2,1,1,0,8,1,1,4,2,2,0,9,8,2,0,2,48,2,1,1,1,1,0,0,3,50,10,4,256
orjson_3_10_3,6e3424438b177bb4f9b36547d31ec9b0b33a0c3f,0,6316531.0,3058.0,266,54,0,0,48,50,58,133,67,66,30,2,36,6,20,10,123,10,2,1,1,2,1,1,0,8,1,1,4,2,2,0,9,8,2,0,2,48,2,1,1,1,1,0,0,3,50,10,4,256
orjson_3_10_4,6e3424438b177bb4f9b36547d31ec9b0b33a0c3f,0,6506805.333333333,3169.0,266,54,0,0,48,50,58,133,67,66,30,2,36,6,20,10,123,10,2,1,1,2,1,1,0,8,1,1,4,2,2,0,9,8,2,0,2,48,2,1,1,1,1,0,0,3,50,10,4,256
orjson_3_10_5,6e3424438b177bb4f9b36547d31ec9b0b33a0c3f,0,6526041.666666667,3189.0,266,54,0,0,48,50,58,133,67,66,30,2,36,6,20,10,123,10,2,1,1,2,1,1,0,8,1,1,4,2,2,0,9,8,2,0,2,48,2,1,1,1,1,0,0,3,50,10,4,256
orjson_3_10_6,6e3424438b177bb4f9b36547d31ec9b0b33a0c3f,0,6339013.666666667,3058.0,266,54,0,0,48,50,58,133,67,66,30,2,36,6,20,10,123,10,2,1,1,2,1,1,0,8,1,1,4,2,2,0,9,8,2,0,2,48,2,1,1,1,1,0,0,3,50,10,4,256
orjson_3_10_1,7cb10997be5e46cfaba28306076e8ceecb3d68d7,0,7364430.333333333,3309.0,268,56,0,0,48,50,58,130,66,64,29,2,35,6,19,10,121,11,2,1,1,2,1,1,2,8,1,1,4,2,0,0,9,7,2,0,2,48,2,1,1,1,1,0,0,3,50,10,4,251
orjson_3_10_2,7cb10997be5e46cfaba28306076e8ceecb3d68d7,0,6650319.666666667,3261.0,268,56,0,0,48,50,58,130,66,64,29,2,35,6,19,10,121,11,2,1,1,2,1,1,2,8,1,1,4,2,0,0,9,7,2,0,2,48,2,1,1,1,1,0,0,3,50,10,4,251
orjson_3_10_3,7cb10997be5e46cfaba28306076e8ceecb3d68d7,0,6278958.333333333,2994.0,268,56,0,0,48,50,58,130,66,64,29,2,35,6,19,10,121,11,2,1,1,2,1,1,2,8,1,1,4,2,0,0,9,7,2,0,2,48,2,1,1,1,1,0,0,3,50,10,4,251
orjson_3_10_4,7cb10997be5e46cfaba28306076e8ceecb3d68d7,0,6330805.333333333,3105.0,268,56,0,0,48,50,58,130,66,64,29,2,35,6,19,10,121,11,2,1,1,2,1,1,2,8,1,1,4,2,0,0,9,7,2,0,2,48,2,1,1,1,1,0,0,3,50,10,4,251
orjson_3_10_5,7cb10997be5e46cfaba28306076e8ceecb3d68d7,0,6382944.333333333,3125.0,268,56,0,0,48,50,58,130,66,64,29,2,35,6,19,10,121,11,2,1,1,2,1,1,2,8,1,1,4,2,0,0,9,7,2,0,2,48,2,1,1,1,1,0,0,3,50,10,4,251
orjson_3_10_6,7cb10997be5e46cfaba28306076e8ceecb3d68d7,0,6394014.0,2994.0,268,56,0,0,48,50,58,130,66,64,29,2,35,6,19,10,121,11,2,1,1,2,1,1,2,8,1,1,4,2,0,0,9,7,2,0,2,48,2,1,1,1,1,0,0,3,50,10,4,251
orjson_3_10_1,be8a7c14a8f45bc465d28430607ea9559fc3ed44,0,7348805.333333333,3341.0,267,55,0,0,48,50,58,133,67,66,30,2,36,6,20,10,123,10,2,1,1,2,1,1,1,8,1,1,4,2,1,0,9,8,2,0,2,48,2,1,1,1,1,0,0,3,50,10,4,256
orjson_3_10_2,be8a7c14a8f45bc465d28430607ea9559fc3ed44,0,6682944.666666667,3293.0,267,55,0,0,48,50,58,133,67,66,30,2,36,6,20,10,123,10,2,1,1,2,1,1,1,8,1,1,4,2,1,0,9,8,2,0,2,48,2,1,1,1,1,0,0,3,50,10,4,256
orjson_3_10_3,be8a7c14a8f45bc465d28430607ea9559fc3ed44,0,6368583.333333333,3026.0,267,55,0,0,48,50,58,133,67,66,30,2,36,6,20,10,123,10,2,1,1,2,1,1,1,8,1,1,4,2,1,0,9,8,2,0,2,48,2,1,1,1,1,0,0,3,50,10,4,256
orjson_3_10_4,be8a7c14a8f45bc465d28430607ea9559fc3ed44,0,6571375.0,3222.0,267,55,0,0,48,50,58,133,67,66,30,2,36,6,20,10,123,10,2,1,1,2,1,1,1,8,1,1,4,2,1,0,9,8,2,0,2,48,2,1,1,1,1,0,0,3,50,10,4,256
orjson_3_10_5,be8a7c14a8f45bc465d28430607ea9559fc3ed44,0,6495166.666666667,3157.0,267,55,0,0,48,50,58,133,67,66,30,2,36,6,20,10,123,10,2,1,1,2,1,1,1,8,1,1,4,2,1,0,9,8,2,0,2,48,2,1,1,1,1,0,0,3,50,10,4,256
orjson_3_10_6,be8a7c14a8f45bc465d28430607ea9559fc3ed44,0,6275319.333333333,3026.0,267,55,0,0,48,50,58,133,67,66,30,2,36,6,20,10,123,10,2,1,1,2,1,1,1,8,1,1,4,2,1,0,9,8,2,0,2,48,2,1,1,1,1,0,0,3,50,10,4,256
orjson_3_10_1,709518053e82ca385e5bedbb9a15c3105b5c5749,0,7247333.333333333,3341.0,265,53,0,0,48,50,58,133,67,66,30,2,36,6,20,10,123,10,2,1,1,2,1,1,1,8,1,1,4,2,1,0,9,8,2,0,2,48,2,1,1,1,1,0,0,3,50,10,4,256
orjson_3_10_2,709518053e82ca385e5bedbb9a15c3105b5c5749,0,6692118.333333333,3293.0,265,53,0,0,48,50,58,133,67,66,30,2,36,6,20,10,123,10,2,1,1,2,1,1,1,8,1,1,4,2,1,0,9,8,2,0,2,48,2,1,1,1,1,0,0,3,50,10,4,256
orjson_3_10_3,709518053e82ca385e5bedbb9a15c3105b5c5749,0,6265139.0,3026.0,265,53,0,0,48,50,58,133,67,66,30,2,36,6,20,10,123,10,2,1,1,2,1,1,1,8,1,1,4,2,1,0,9,8,2,0,2,48,2,1,1,1,1,0,0,3,50,10,4,256
orjson_3_10_4,709518053e82ca385e5bedbb9a15c3105b5c5749,0,6433944.666666667,3137.0,265,53,0,0,48,50,58,133,67,66,30,2,36,6,20,10,123,10,2,1,1,2,1,1,1,8,1,1,4,2,1,0,9,8,2,0,2,48,2,1,1,1,1,0,0,3,50,10,4,256
orjson_3_10_5,709518053e82ca385e5bedbb9a15c3105b5c5749,0,6532194.666666667,3157.0,265,53,0,0,48,50,58,133,67,66,30,2,36,6,20,10,123,10,2,1,1,2,1,1,1,8,1,1,4,2,1,0,9,8,2,0,2,48,2,1,1,1,1,0,0,3,50,10,4,256
orjson_3_10_6,709518053e82ca385e5bedbb9a15c3105b5c5749,0,6394778.0,3026.0,265,53,0,0,48,50,58,133,67,66,30,2,36,6,20,10,123,10,2,1,1,2,1,1,1,8,1,1,4,2,1,0,9,8,2,0,2,48,2,1,1,1,1,0,0,3,50,10,4,256
orjson_3_10_1,69e516d6b017af0eae2f7929d7285b7e04bea051,0,7465014.333333333,3341.0,266,54,0,0,48,50,58,133,67,66,30,2,36,6,20,10,123,10,3,1,2,1,2,2,0,16,2,1,4,1,1,0,9,8,2,0,2,48,2,1,1,1,1,0,0,3,50,10,4,256
orjson_3_10_2,69e516d6b017af0eae2f7929d7285b7e04bea051,0,6675611.0,3293.0,266,54,0,0,48,50,58,133,67,66,30,2,36,6,20,10,123,10,3,1,2,1,2,2,0,16,2,1,4,1,1,0,9,8,2,0,2,48,2,1,1,1,1,0,0,3,50,10,4,256
orjson_3_10_3,69e516d6b017af0eae2f7929d7285b7e04bea051,0,6270556.0,3026.0,266,54,0,0,48,50,58,133,67,66,30,2,36,6,20,10,123,10,3,1,2,1,2,2,0,16,2,1,4,1,1,0,9,8,2,0,2,48,2,1,1,1,1,0,0,3,50,10,4,256
orjson_3_10_4,69e516d6b017af0eae2f7929d7285b7e04bea051,0,6427051.75,3137.0,266,54,0,0,48,50,58,133,67,66,30,2,36,6,20,10,123,10,3,1,2,1,2,2,0,16,2,1,4,1,1,0,9,8,2,0,2,48,2,1,1,1,1,0,0,3,50,10,4,256
orjson_3_10_5,69e516d6b017af0eae2f7929d7285b7e04bea051,0,6448514.0,3157.0,266,54,0,0,48,50,58,133,67,66,30,2,36,6,20,10,123,10,3,1,2,1,2,2,0,16,2,1,4,1,1,0,9,8,2,0,2,48,2,1,1,1,1,0,0,3,50,10,4,256
orjson_3_10_6,69e516d6b017af0eae2f7929d7285b7e04bea051,0,6298903.0,3026.0,266,54,0,0,48,50,58,133,67,66,30,2,36,6,20,10,123,10,3,1,2,1,2,2,0,16,2,1,4,1,1,0,9,8,2,0,2,48,2,1,1,1,1,0,0,3,50,10,4,256
orjson_3_10_1,547dd3623800ec41aa01ab51fafba2cec5ff9610,0,9812000.0,4913.0,159,55,0,0,24,25,28,415,228,187,90,9,97,37,31,29,409,5,1,0,1,5,1,1,3,10,1,0,5,4,1,1,4,6,1,0,1,24,1,3,3,3,3,3,0,2,25,2,5,824
orjson_3_10_2,547dd3623800ec41aa01ab51fafba2cec5ff9610,0,9286694.333333334,4592.0,159,55,0,0,24,25,28,415,228,187,90,9,97,37,31,29,409,5,1,0,1,5,1,1,3,10,1,0,5,4,1,1,4,6,1,0,1,24,1,3,3,3,3,3,0,2,25,2,5,824
orjson_3_10_3,547dd3623800ec41aa01ab51fafba2cec5ff9610,0,9301277.666666666,4592.0,159,55,0,0,24,25,28,415,228,187,90,9,97,37,31,29,409,5,1,0,1,5,1,1,3,10,1,0,5,4,1,1,4,6,1,0,1,24,1,3,3,3,3,3,0,2,25,2,5,824
orjson_3_10_4,547dd3623800ec41aa01ab51fafba2cec5ff9610,0,9203958.333333334,4592.0,159,55,0,0,24,25,28,415,228,187,90,9,97,37,31,29,409,5,1,0,1,5,1,1,3,10,1,0,5,4,1,1,4,6,1,0,1,24,1,3,3,3,3,3,0,2,25,2,5,824
orjson_3_10_5,547dd3623800ec41aa01ab51fafba2cec5ff9610,0,9079611.333333334,4592.0,159,55,0,0,24,25,28,415,228,187,90,9,97,37,31,29,409,5,1,0,1,5,1,1,3,10,1,0,5,4,1,1,4,6,1,0,1,24,1,3,3,3,3,3,0,2,25,2,5,824
orjson_3_10_6,547dd3623800ec41aa01ab51fafba2cec5ff9610,0,9260208.333333334,4592.0,159,55,0,0,24,25,28,415,228,187,90,9,97,37,31,29,409,5,1,0,1,5,1,1,3,10,1,0,5,4,1,1,4,6,1,0,1,24,1,3,3,3,3,3,0,2,25,2,5,824
orjson_3_10_1,846729e5f671cd4d974fb1e0ec776f974eb13b7e,0,934305.6666666666,372.0,20,6,0,0,2,3,4,64,34,30,13,1,17,6,4,7,47,2,0,0,0,0,0,0,0,0,0,0,0,0,0,0,0,0,1,0,1,2,1,1,0,0,1,0,0,1,3,0,0,111
orjson_3_10_2,846729e5f671cd4d974fb1e0ec776f974eb13b7e,0,947027.6666666666,372.0,20,6,0,0,2,3,4,64,34,30,13,1,17,6,4,7,47,2,0,0,0,0,0,0,0,0,0,0,0,0,0,0,0,0,1,0,1,2,1,1,0,0,1,0,0,1,3,0,0,111
orjson_3_10_3,846729e5f671cd4d974fb1e0ec776f974eb13b7e,0,945847.3333333334,372.0,20,6,0,0,2,3,4,64,34,30,13,1,17,6,4,7,47,2,0,0,0,0,0,0,0,0,0,0,0,0,0,0,0,0,1,0,1,2,1,1,0,0,1,0,0,1,3,0,0,111
orjson_3_10_4,846729e5f671cd4d974fb1e0ec776f974eb13b7e,0,922514.0,372.0,20,6,0,0,2,3,4,64,34,30,13,1,17,6,4,7,47,2,0,0,0,0,0,0,0,0,0,0,0,0,0,0,0,0,1,0,1,2,1,1,0,0,1,0,0,1,3,0,0,111
orjson_3_10_5,846729e5f671cd4d974fb1e0ec776f974eb13b7e,0,929069.3333333334,372.0,20,6,0,0,2,3,4,64,34,30,13,1,17,6,4,7,47,2,0,0,0,0,0,0,0,0,0,0,0,0,0,0,0,0,1,0,1,2,1,1,0,0,1,0,0,1,3,0,0,111
orjson_3_10_6,846729e5f671cd4d974fb1e0ec776f974eb13b7e,0,941194.6666666666,372.0,20,6,0,0,2,3,4,64,34,30,13,1,17,6,4,7,47,2,0,0,0,0,0,0,0,0,0,0,0,0,0,0,0,0,1,0,1,2,1,1,0,0,1,0,0,1,3,0,0,111
orjson_3_10_1,a2dd85d6c7bd85b46f9758a23ff7012b4eaa8c85,0,2717236.0,1240.0,31,17,0,0,2,3,3,114,52,62,24,3,38,19,9,10,156,0,0,0,0,0,0,0,0,0,0,0,0,0,0,0,1,2,1,0,1,2,1,1,0,0,1,2,0,1,3,0,0,270
orjson_3_10_2,a2dd85d6c7bd85b46f9758a23ff7012b4eaa8c85,0,2811930.6666666665,1240.0,31,17,0,0,2,3,3,114,52,62,24,3,38,19,9,10,156,0,0,0,0,0,0,0,0,0,0,0,0,0,0,0,1,2,1,0,1,2,1,1,0,0,1,2,0,1,3,0,0,270
orjson_3_10_3,a2dd85d6c7bd85b46f9758a23ff7012b4eaa8c85,0,2824014.0,1240.0,31,17,0,0,2,3,3,114,52,62,24,3,38,19,9,10,156,0,0,0,0,0,0,0,0,0,0,0,0,0,0,0,1,2,1,0,1,2,1,1,0,0,1,2,0,1,3,0,0,270
orjson_3_10_4,a2dd85d6c7bd85b46f9758a23ff7012b4eaa8c85,0,2705542.0,1240.0,31,17,0,0,2,3,3,114,52,62,24,3,38,19,9,10,156,0,0,0,0,0,0,0,0,0,0,0,0,0,0,0,1,2,1,0,1,2,1,1,0,0,1,2,0,1,3,0,0,270
orjson_3_10_5,a2dd85d6c7bd85b46f9758a23ff7012b4eaa8c85,0,2748597.3333333335,1240.0,31,17,0,0,2,3,3,114,52,62,24,3,38,19,9,10,156,0,0,0,0,0,0,0,0,0,0,0,0,0,0,0,1,2,1,0,1,2,1,1,0,0,1,2,0,1,3,0,0,270
orjson_3_10_6,a2dd85d6c7bd85b46f9758a23ff7012b4eaa8c85,0,2759125.0,1240.0,31,17,0,0,2,3,3,114,52,62,24,3,38,19,9,10,156,0,0,0,0,0,0,0,0,0,0,0,0,0,0,0,1,2,1,0,1,2,1,1,0,0,1,2,0,1,3,0,0,270
orjson_3_10_1,d9b94e4a6a83715e09d8b6d1e37e7e681ea947c5,0,1493444.3333333333,660.0,46,23,0,0,4,5,6,67,37,30,15,3,15,3,5,7,62,0,0,0,0,0,0,0,0,0,0,0,2,2,2,0,0,1,1,0,1,4,1,1,2,2,1,0,0,2,5,1,2,129
orjson_3_10_2,d9b94e4a6a83715e09d8b6d1e37e7e681ea947c5,0,1681458.3333333333,770.0,46,23,0,0,4,5,6,67,37,30,15,3,15,3,5,7,62,0,0,0,0,0,0,0,0,0,0,0,2,2,2,0,0,1,1,0,1,4,1,1,2,2,1,0,0,2,5,1,2,129
orjson_3_10_3,d9b94e4a6a83715e09d8b6d1e37e7e681ea947c5,0,1478542.0,660.0,46,23,0,0,4,5,6,67,37,30,15,3,15,3,5,7,62,0,0,0,0,0,0,0,0,0,0,0,2,2,2,0,0,1,1,0,1,4,1,1,2,2,1,0,0,2,5,1,2,129
orjson_3_10_4,d9b94e4a6a83715e09d8b6d1e37e7e681ea947c5,0,1467958.3333333333,660.0,46,23,0,0,4,5,6,67,37,30,15,3,15,3,5,7,62,0,0,0,0,0,0,0,0,0,0,0,2,2,2,0,0,1,1,0,1,4,1,1,2,2,1,0,0,2,5,1,2,129
orjson_3_10_5,d9b94e4a6a83715e09d8b6d1e37e7e681ea947c5,0,1452861.3333333333,660.0,46,23,0,0,4,5,6,67,37,30,15,3,15,3,5,7,62,0,0,0,0,0,0,0,0,0,0,0,2,2,2,0,0,1,1,0,1,4,1,1,2,2,1,0,0,2,5,1,2,129
orjson_3_10_6,d9b94e4a6a83715e09d8b6d1e37e7e681ea947c5,0,1485819.6666666667,660.0,46,23,0,0,4,5,6,67,37,30,15,3,15,3,5,7,62,0,0,0,0,0,0,0,0,0,0,0,2,2,2,0,0,1,1,0,1,4,1,1,2,2,1,0,0,2,5,1,2,129
orjson_3_10_1,f5475f4373cb9e0e094f6f94e211313f73ac8a3e,0,2778388.6666666665,1153.0,32,14,0,0,3,4,5,140,67,73,32,1,41,14,10,17,151,1,0,0,0,0,0,0,0,0,0,0,0,0,0,0,1,1,1,0,1,3,1,0,1,1,0,0,0,1,4,0,0,291
orjson_3_10_2,f5475f4373cb9e0e094f6f94e211313f73ac8a3e,0,2831000.0,1153.0,32,14,0,0,3,4,5,140,67,73,32,1,41,14,10,17,151,1,0,0,0,0,0,0,0,0,0,0,0,0,0,0,1,1,1,0,1,3,1,0,1,1,0,0,0,1,4,0,0,291
orjson_3_10_3,f5475f4373cb9e0e094f6f94e211313f73ac8a3e,0,2843986.0,1153.0,32,14,0,0,3,4,5,140,67,73,32,1,41,14,10,17,151,1,0,0,0,0,0,0,0,0,0,0,0,0,0,0,1,1,1,0,1,3,1,0,1,1,0,0,0,1,4,0,0,291
orjson_3_10_4,f5475f4373cb9e0e094f6f94e211313f73ac8a3e,0,2760805.6666666665,1153.0,32,14,0,0,3,4,5,140,67,73,32,1,41,14,10,17,151,1,0,0,0,0,0,0,0,0,0,0,0,0,0,0,1,1,1,0,1,3,1,0,1,1,0,0,0,1,4,0,0,291
orjson_3_10_5,f5475f4373cb9e0e094f6f94e211313f73ac8a3e,0,2771639.0,1153.0,32,14,0,0,3,4,5,140,67,73,32,1,41,14,10,17,151,1,0,0,0,0,0,0,0,0,0,0,0,0,0,0,1,1,1,0,1,3,1,0,1,1,0,0,0,1,4,0,0,291
orjson_3_10_6,f5475f4373cb9e0e094f6f94e211313f73ac8a3e,0,2777138.6666666665,1153.0,32,14,0,0,3,4,5,140,67,73,32,1,41,14,10,17,151,1,0,0,0,0,0,0,0,0,0,0,0,0,0,0,1,1,1,0,1,3,1,0,1,1,0,0,0,1,4,0,0,291
orjson_3_10_1,b1ef3da82047fd81d367af34235fd79da7354a4b,0,8630645.875,3458.0,220,92,4,21,34,43,25,421,229,192,97,14,95,36,28,31,426,9,1,0,1,3,2,1,4,0,0,0,4,3,0,0,10,1,5,4,5,13,5,6,5,5,6,3,0,8,18,8,4,847
orjson_3_10_2,b1ef3da82047fd81d367af34235fd79da7354a4b,0,8466323.0,3458.0,220,92,4,21,34,43,25,421,229,192,97,14,95,36,28,31,426,9,1,0,1,3,2,1,4,0,0,0,4,3,0,0,10,1,5,4,5,13,5,6,5,5,6,3,0,8,18,8,4,847
orjson_3_10_3,b1ef3da82047fd81d367af34235fd79da7354a4b,0,8314180.666666667,3458.0,220,92,4,21,34,43,25,421,229,192,97,14,95,36,28,31,426,9,1,0,1,3,2,1,4,0,0,0,4,3,0,0,10,1,5,4,5,13,5,6,5,5,6,3,0,8,18,8,4,847
orjson_3_10_4,b1ef3da82047fd81d367af34235fd79da7354a4b,0,8303375.333333333,3458.0,220,92,4,21,34,43,25,421,229,192,97,14,95,36,28,31,426,9,1,0,1,3,2,1,4,0,0,0,4,3,0,0,10,1,5,4,5,13,5,6,5,5,6,3,0,8,18,8,4,847
orjson_3_10_5,b1ef3da82047fd81d367af34235fd79da7354a4b,0,8295708.333333333,3458.0,220,92,4,21,34,43,25,421,229,192,97,14,95,36,28,31,426,9,1,0,1,3,2,1,4,0,0,0,4,3,0,0,10,1,5,4,5,13,5,6,5,5,6,3,0,8,18,8,4,847
orjson_3_10_6,b1ef3da82047fd81d367af34235fd79da7354a4b,0,8359791.666666667,3458.0,220,92,4,21,34,43,25,421,229,192,97,14,95,36,28,31,426,9,1,0,1,3,2,1,4,0,0,0,4,3,0,0,10,1,5,4,5,13,5,6,5,5,6,3,0,8,18,8,4,847
orjson_3_10_1,fa6d9c84d16394fae803b2e96250db7535d2e3c6,0,1019916.6666666666,466.0,30,16,0,0,2,3,5,62,30,32,15,3,17,5,5,7,50,0,0,0,0,0,0,0,0,0,0,0,0,0,0,0,1,0,1,0,1,2,1,3,0,0,3,0,0,1,3,0,0,112
orjson_3_10_2,fa6d9c84d16394fae803b2e96250db7535d2e3c6,0,1034277.3333333334,466.0,30,16,0,0,2,3,5,62,30,32,15,3,17,5,5,7,50,0,0,0,0,0,0,0,0,0,0,0,0,0,0,0,1,0,1,0,1,2,1,3,0,0,3,0,0,1,3,0,0,112
orjson_3_10_3,fa6d9c84d16394fae803b2e96250db7535d2e3c6,0,1030805.3333333334,466.0,30,16,0,0,2,3,5,62,30,32,15,3,17,5,5,7,50,0,0,0,0,0,0,0,0,0,0,0,0,0,0,0,1,0,1,0,1,2,1,3,0,0,3,0,0,1,3,0,0,112
orjson_3_10_4,fa6d9c84d16394fae803b2e96250db7535d2e3c6,0,1021417.0,466.0,30,16,0,0,2,3,5,62,30,32,15,3,17,5,5,7,50,0,0,0,0,0,0,0,0,0,0,0,0,0,0,0,1,0,1,0,1,2,1,3,0,0,3,0,0,1,3,0,0,112
orjson_3_10_5,fa6d9c84d16394fae803b2e96250db7535d2e3c6,0,1023416.6666666666,466.0,30,16,0,0,2,3,5,62,30,32,15,3,17,5,5,7,50,0,0,0,0,0,0,0,0,0,0,0,0,0,0,0,1,0,1,0,1,2,1,3,0,0,3,0,0,1,3,0,0,112
orjson_3_10_6,fa6d9c84d16394fae803b2e96250db7535d2e3c6,0,1031875.0,466.0,30,16,0,0,2,3,5,62,30,32,15,3,17,5,5,7,50,0,0,0,0,0,0,0,0,0,0,0,0,0,0,0,1,0,1,0,1,2,1,3,0,0,3,0,0,1,3,0,0,112
orjson_3_10_1,04cc00a58a252d40f6d020e51ee6b2248dccc054,0,3119264.0,1580.0,23,9,0,0,2,3,4,161,71,90,47,8,43,17,18,8,175,1,0,0,0,0,0,0,0,0,0,0,0,0,0,0,1,0,1,0,1,2,1,2,5,5,2,1,0,1,3,0,0,336
orjson_3_10_2,04cc00a58a252d40f6d020e51ee6b2248dccc054,0,3172750.0,1580.0,23,9,0,0,2,3,4,161,71,90,47,8,43,17,18,8,175,1,0,0,0,0,0,0,0,0,0,0,0,0,0,0,1,0,1,0,1,2,1,2,5,5,2,1,0,1,3,0,0,336
orjson_3_10_3,04cc00a58a252d40f6d020e51ee6b2248dccc054,0,3196104.25,1580.0,23,9,0,0,2,3,4,161,71,90,47,8,43,17,18,8,175,1,0,0,0,0,0,0,0,0,0,0,0,0,0,0,1,0,1,0,1,2,1,2,5,5,2,1,0,1,3,0,0,336
orjson_3_10_4,04cc00a58a252d40f6d020e51ee6b2248dccc054,0,3086292.0,1580.0,23,9,0,0,2,3,4,161,71,90,47,8,43,17,18,8,175,1,0,0,0,0,0,0,0,0,0,0,0,0,0,0,1,0,1,0,1,2,1,2,5,5,2,1,0,1,3,0,0,336
orjson_3_10_5,04cc00a58a252d40f6d020e51ee6b2248dccc054,0,3099902.3333333335,1580.0,23,9,0,0,2,3,4,161,71,90,47,8,43,17,18,8,175,1,0,0,0,0,0,0,0,0,0,0,0,0,0,0,1,0,1,0,1,2,1,2,5,5,2,1,0,1,3,0,0,336
orjson_3_10_6,04cc00a58a252d40f6d020e51ee6b2248dccc054,0,3135166.6666666665,1580.0,23,9,0,0,2,3,4,161,71,90,47,8,43,17,18,8,175,1,0,0,0,0,0,0,0,0,0,0,0,0,0,0,1,0,1,0,1,2,1,2,5,5,2,1,0,1,3,0,0,336
orjson_3_10_1,66ac80a425421a45864c98701163fe1f6b263184,0,9339222.333333334,3884.0,137,57,2,1,13,21,20,434,238,196,100,9,96,32,40,24,432,7,1,0,1,2,4,1,0,2,1,0,1,0,0,0,1,3,6,2,6,12,6,5,1,1,5,3,0,7,18,2,1,866
orjson_3_10_2,66ac80a425421a45864c98701163fe1f6b263184,0,9443652.666666666,3884.0,137,57,2,1,13,21,20,434,238,196,100,9,96,32,40,24,432,7,1,0,1,2,4,1,0,2,1,0,1,0,0,0,1,3,6,2,6,12,6,5,1,1,5,3,0,7,18,2,1,866
orjson_3_10_3,66ac80a425421a45864c98701163fe1f6b263184,0,9466625.0,3884.0,137,57,2,1,13,21,20,434,238,196,100,9,96,32,40,24,432,7,1,0,1,2,4,1,0,2,1,0,1,0,0,0,1,3,6,2,6,12,6,5,1,1,5,3,0,7,18,2,1,866
orjson_3_10_4,66ac80a425421a45864c98701163fe1f6b263184,0,9356736.0,3884.0,137,57,2,1,13,21,20,434,238,196,100,9,96,32,40,24,432,7,1,0,1,2,4,1,0,2,1,0,1,0,0,0,1,3,6,2,6,12,6,5,1,1,5,3,0,7,18,2,1,866
orjson_3_10_5,66ac80a425421a45864c98701163fe1f6b263184,0,9267222.333333334,3884.0,137,57,2,1,13,21,20,434,238,196,100,9,96,32,40,24,432,7,1,0,1,2,4,1,0,2,1,0,1,0,0,0,1,3,6,2,6,12,6,5,1,1,5,3,0,7,18,2,1,866
orjson_3_10_6,66ac80a425421a45864c98701163fe1f6b263184,0,9402593.75,3884.0,137,57,2,1,13,21,20,434,238,196,100,9,96,32,40,24,432,7,1,0,1,2,4,1,0,2,1,0,1,0,0,0,1,3,6,2,6,12,6,5,1,1,5,3,0,7,18,2,1,866
orjson_3_10_1,1621a42eaccf02f4d968654dd220e53ef31a0ab3,0,5121347.0,2116.0,67,35,0,0,5,7,8,235,116,119,63,4,56,17,23,16,239,1,0,0,0,1,0,0,0,0,0,0,1,1,1,0,0,1,2,0,2,5,2,0,1,1,0,3,0,3,7,2,1,474
orjson_3_10_2,1621a42eaccf02f4d968654dd220e53ef31a0ab3,0,5219902.666666667,2116.0,67,35,0,0,5,7,8,235,116,119,63,4,56,17,23,16,239,1,0,0,0,1,0,0,0,0,0,0,1,1,1,0,0,1,2,0,2,5,2,0,1,1,0,3,0,3,7,2,1,474
orjson_3_10_3,1621a42eaccf02f4d968654dd220e53ef31a0ab3,0,5216764.0,2116.0,67,35,0,0,5,7,8,235,116,119,63,4,56,17,23,16,239,1,0,0,0,1,0,0,0,0,0,0,1,1,1,0,0,1,2,0,2,5,2,0,1,1,0,3,0,3,7,2,1,474
orjson_3_10_4,1621a42eaccf02f4d968654dd220e53ef31a0ab3,0,5083639.0,2116.0,67,35,0,0,5,7,8,235,116,119,63,4,56,17,23,16,239,1,0,0,0,1,0,0,0,0,0,0,1,1,1,0,0,1,2,0,2,5,2,0,1,1,0,3,0,3,7,2,1,474
orjson_3_10_5,1621a42eaccf02f4d968654dd220e53ef31a0ab3,0,5073153.0,2116.0,67,35,0,0,5,7,8,235,116,119,63,4,56,17,23,16,239,1,0,0,0,1,0,0,0,0,0,0,1,1,1,0,0,1,2,0,2,5,2,0,1,1,0,3,0,3,7,2,1,474
orjson_3_10_6,1621a42eaccf02f4d968654dd220e53ef31a0ab3,0,5142430.666666667,2116.0,67,35,0,0,5,7,8,235,116,119,63,4,56,17,23,16,239,1,0,0,0,1,0,0,0,0,0,0,1,1,1,0,0,1,2,0,2,5,2,0,1,1,0,3,0,3,7,2,1,474
orjson_3_10_1,c3acc6b69e1aa5ee3339e75a19dd41b84cb8c6c5,0,9144389.0,3308.0,156,72,2,1,14,22,20,438,220,218,109,9,109,46,36,27,402,2,1,1,1,3,1,0,2,0,0,1,3,2,0,0,3,6,6,2,6,13,6,4,3,3,4,2,0,5,19,2,3,840
orjson_3_10_2,c3acc6b69e1aa5ee3339e75a19dd41b84cb8c6c5,0,9170889.0,3308.0,156,72,2,1,14,22,20,438,220,218,109,9,109,46,36,27,402,2,1,1,1,3,1,0,2,0,0,1,3,2,0,0,3,6,6,2,6,13,6,4,3,3,4,2,0,5,19,2,3,840
orjson_3_10_3,c3acc6b69e1aa5ee3339e75a19dd41b84cb8c6c5,0,9176347.333333334,3308.0,156,72,2,1,14,22,20,438,220,218,109,9,109,46,36,27,402,2,1,1,1,3,1,0,2,0,0,1,3,2,0,0,3,6,6,2,6,13,6,4,3,3,4,2,0,5,19,2,3,840
orjson_3_10_4,c3acc6b69e1aa5ee3339e75a19dd41b84cb8c6c5,0,8962402.333333334,3308.0,156,72,2,1,14,22,20,438,220,218,109,9,109,46,36,27,402,2,1,1,1,3,1,0,2,0,0,1,3,2,0,0,3,6,6,2,6,13,6,4,3,3,4,2,0,5,19,2,3,840
orjson_3_10_5,c3acc6b69e1aa5ee3339e75a19dd41b84cb8c6c5,0,8949486.333333334,3308.0,156,72,2,1,14,22,20,438,220,218,109,9,109,46,36,27,402,2,1,1,1,3,1,0,2,0,0,1,3,2,0,0,3,6,6,2,6,13,6,4,3,3,4,2,0,5,19,2,3,840
orjson_3_10_6,c3acc6b69e1aa5ee3339e75a19dd41b84cb8c6c5,0,9093180.333333334,3308.0,156,72,2,1,14,22,20,438,220,218,109,9,109,46,36,27,402,2,1,1,1,3,1,0,2,0,0,1,3,2,0,0,3,6,6,2,6,13,6,4,3,3,4,2,0,5,19,2,3,840
orjson_3_10_1,64518f92e840872d9dc8f79a14998619279de96c,0,3596319.6666666665,1488.0,41,18,0,0,4,5,5,166,93,73,39,6,34,11,16,7,175,1,1,1,1,2,6,0,0,0,0,1,1,0,0,0,2,0,1,0,1,4,1,2,2,2,2,2,0,2,5,1,1,341
orjson_3_10_2,64518f92e840872d9dc8f79a14998619279de96c,0,3634472.0,1488.0,41,18,0,0,4,5,5,166,93,73,39,6,34,11,16,7,175,1,1,1,1,2,6,0,0,0,0,1,1,0,0,0,2,0,1,0,1,4,1,2,2,2,2,2,0,2,5,1,1,341
orjson_3_10_3,64518f92e840872d9dc8f79a14998619279de96c,0,3635931.0,1488.0,41,18,0,0,4,5,5,166,93,73,39,6,34,11,16,7,175,1,1,1,1,2,6,0,0,0,0,1,1,0,0,0,2,0,1,0,1,4,1,2,2,2,2,2,0,2,5,1,1,341
orjson_3_10_4,64518f92e840872d9dc8f79a14998619279de96c,0,3560416.3333333335,1488.0,41,18,0,0,4,5,5,166,93,73,39,6,34,11,16,7,175,1,1,1,1,2,6,0,0,0,0,1,1,0,0,0,2,0,1,0,1,4,1,2,2,2,2,2,0,2,5,1,1,341
orjson_3_10_5,64518f92e840872d9dc8f79a14998619279de96c,0,3629222.3333333335,1488.0,41,18,0,0,4,5,5,166,93,73,39,6,34,11,16,7,175,1,1,1,1,2,6,0,0,0,0,1,1,0,0,0,2,0,1,0,1,4,1,2,2,2,2,2,0,2,5,1,1,341
orjson_3_10_6,64518f92e840872d9dc8f79a14998619279de96c,0,3621319.3333333335,1488.0,41,18,0,0,4,5,5,166,93,73,39,6,34,11,16,7,175,1,1,1,1,2,6,0,0,0,0,1,1,0,0,0,2,0,1,0,1,4,1,2,2,2,2,2,0,2,5,1,1,341
orjson_3_10_1,50c7e6be4c2e8e4213daafa5692d7041c39997d7,0,1147305.6666666667,416.0,29,14,0,0,2,3,3,46,23,23,10,1,13,4,4,5,32,0,0,0,0,0,0,0,1,0,0,0,1,1,0,0,1,0,1,0,1,2,1,0,1,1,0,0,0,2,3,1,1,78
orjson_3_10_2,50c7e6be4c2e8e4213daafa5692d7041c39997d7,0,1156000.0,416.0,29,14,0,0,2,3,3,46,23,23,10,1,13,4,4,5,32,0,0,0,0,0,0,0,1,0,0,0,1,1,0,0,1,0,1,0,1,2,1,0,1,1,0,0,0,2,3,1,1,78
orjson_3_10_3,50c7e6be4c2e8e4213daafa5692d7041c39997d7,0,1162347.0,416.0,29,14,0,0,2,3,3,46,23,23,10,1,13,4,4,5,32,0,0,0,0,0,0,0,1,0,0,0,1,1,0,0,1,0,1,0,1,2,1,0,1,1,0,0,0,2,3,1,1,78
orjson_3_10_4,50c7e6be4c2e8e4213daafa5692d7041c39997d7,0,1123722.3333333333,416.0,29,14,0,0,2,3,3,46,23,23,10,1,13,4,4,5,32,0,0,0,0,0,0,0,1,0,0,0,1,1,0,0,1,0,1,0,1,2,1,0,1,1,0,0,0,2,3,1,1,78
orjson_3_10_5,50c7e6be4c2e8e4213daafa5692d7041c39997d7,0,1135403.0,416.0,29,14,0,0,2,3,3,46,23,23,10,1,13,4,4,5,32,0,0,0,0,0,0,0,1,0,0,0,1,1,0,0,1,0,1,0,1,2,1,0,1,1,0,0,0,2,3,1,1,78
orjson_3_10_6,50c7e6be4c2e8e4213daafa5692d7041c39997d7,0,1137694.3333333333,416.0,29,14,0,0,2,3,3,46,23,23,10,1,13,4,4,5,32,0,0,0,0,0,0,0,1,0,0,0,1,1,0,0,1,0,1,0,1,2,1,0,1,1,0,0,0,2,3,1,1,78
orjson_3_10_1,fecddf37741facd64d00df22470245a3e1fd7b1c,0,9453777.333333334,3916.0,116,55,0,0,10,14,15,440,230,210,120,18,90,20,31,39,450,3,0,0,0,1,0,0,0,0,0,0,1,1,1,0,1,2,4,0,4,10,4,5,7,7,5,6,0,4,14,3,1,890
orjson_3_10_2,fecddf37741facd64d00df22470245a3e1fd7b1c,0,9665583.0,3916.0,116,55,0,0,10,14,15,440,230,210,120,18,90,20,31,39,450,3,0,0,0,1,0,0,0,0,0,0,1,1,1,0,1,2,4,0,4,10,4,5,7,7,5,6,0,4,14,3,1,890
orjson_3_10_3,fecddf37741facd64d00df22470245a3e1fd7b1c,0,9505263.666666666,3916.0,116,55,0,0,10,14,15,440,230,210,120,18,90,20,31,39,450,3,0,0,0,1,0,0,0,0,0,0,1,1,1,0,1,2,4,0,4,10,4,5,7,7,5,6,0,4,14,3,1,890
orjson_3_10_4,fecddf37741facd64d00df22470245a3e1fd7b1c,0,9398097.0,3916.0,116,55,0,0,10,14,15,440,230,210,120,18,90,20,31,39,450,3,0,0,0,1,0,0,0,0,0,0,1,1,1,0,1,2,4,0,4,10,4,5,7,7,5,6,0,4,14,3,1,890
orjson_3_10_5,fecddf37741facd64d00df22470245a3e1fd7b1c,0,9378597.0,3916.0,116,55,0,0,10,14,15,440,230,210,120,18,90,20,31,39,450,3,0,0,0,1,0,0,0,0,0,0,1,1,1,0,1,2,4,0,4,10,4,5,7,7,5,6,0,4,14,3,1,890
orjson_3_10_6,fecddf37741facd64d00df22470245a3e1fd7b1c,0,9512583.0,3916.0,116,55,0,0,10,14,15,440,230,210,120,18,90,20,31,39,450,3,0,0,0,1,0,0,0,0,0,0,1,1,1,0,1,2,4,0,4,10,4,5,7,7,5,6,0,4,14,3,1,890
orjson_3_10_1,db37ea0064f8178258cce81d69e1d27f134844e6,0,5697569.333333333,2729.0,95,55,0,0,7,9,12,320,166,154,80,8,74,22,29,23,325,1,1,0,1,1,3,1,0,16,1,0,2,1,1,0,0,0,2,0,2,7,2,4,1,1,4,3,0,3,9,2,2,645
orjson_3_10_2,db37ea0064f8178258cce81d69e1d27f134844e6,0,5726347.333333333,2729.0,95,55,0,0,7,9,12,320,166,154,80,8,74,22,29,23,325,1,1,0,1,1,3,1,0,16,1,0,2,1,1,0,0,0,2,0,2,7,2,4,1,1,4,3,0,3,9,2,2,645
orjson_3_10_3,db37ea0064f8178258cce81d69e1d27f134844e6,0,5767014.0,2729.0,95,55,0,0,7,9,12,320,166,154,80,8,74,22,29,23,325,1,1,0,1,1,3,1,0,16,1,0,2,1,1,0,0,0,2,0,2,7,2,4,1,1,4,3,0,3,9,2,2,645
orjson_3_10_4,db37ea0064f8178258cce81d69e1d27f134844e6,0,5654222.0,2729.0,95,55,0,0,7,9,12,320,166,154,80,8,74,22,29,23,325,1,1,0,1,1,3,1,0,16,1,0,2,1,1,0,0,0,2,0,2,7,2,4,1,1,4,3,0,3,9,2,2,645
orjson_3_10_5,db37ea0064f8178258cce81d69e1d27f134844e6,0,5624541.666666667,2729.0,95,55,0,0,7,9,12,320,166,154,80,8,74,22,29,23,325,1,1,0,1,1,3,1,0,16,1,0,2,1,1,0,0,0,2,0,2,7,2,4,1,1,4,3,0,3,9,2,2,645
orjson_3_10_6,db37ea0064f8178258cce81d69e1d27f134844e6,0,5775861.333333333,2729.0,95,55,0,0,7,9,12,320,166,154,80,8,74,22,29,23,325,1,1,0,1,1,3,1,0,16,1,0,2,1,1,0,0,0,2,0,2,7,2,4,1,1,4,3,0,3,9,2,2,645
orjson_3_10_1,8427b53dd1f425faec437cb71fb91a3ae573f309,0,3627597.0,1736.0,47,24,0,0,4,5,7,214,104,110,56,3,54,17,20,17,226,1,0,0,0,0,0,0,0,0,0,0,0,0,0,0,0,1,1,0,1,4,1,1,2,2,1,0,0,2,5,1,0,440
orjson_3_10_2,8427b53dd1f425faec437cb71fb91a3ae573f309,0,3673069.3333333335,1736.0,47,24,0,0,4,5,7,214,104,110,56,3,54,17,20,17,226,1,0,0,0,0,0,0,0,0,0,0,0,0,0,0,0,1,1,0,1,4,1,1,2,2,1,0,0,2,5,1,0,440
orjson_3_10_3,8427b53dd1f425faec437cb71fb91a3ae573f309,0,3666861.3333333335,1736.0,47,24,0,0,4,5,7,214,104,110,56,3,54,17,20,17,226,1,0,0,0,0,0,0,0,0,0,0,0,0,0,0,0,1,1,0,1,4,1,1,2,2,1,0,0,2,5,1,0,440
orjson_3_10_4,8427b53dd1f425faec437cb71fb91a3ae573f309,0,3580749.6666666665,1736.0,47,24,0,0,4,5,7,214,104,110,56,3,54,17,20,17,226,1,0,0,0,0,0,0,0,0,0,0,0,0,0,0,0,1,1,0,1,4,1,1,2,2,1,0,0,2,5,1,0,440
orjson_3_10_5,8427b53dd1f425faec437cb71fb91a3ae573f309,0,3565764.0,1736.0,47,24,0,0,4,5,7,214,104,110,56,3,54,17,20,17,226,1,0,0,0,0,0,0,0,0,0,0,0,0,0,0,0,1,1,0,1,4,1,1,2,2,1,0,0,2,5,1,0,440
orjson_3_10_6,8427b53dd1f425faec437cb71fb91a3ae573f309,0,3651000.3333333335,1736.0,47,24,0,0,4,5,7,214,104,110,56,3,54,17,20,17,226,1,0,0,0,0,0,0,0,0,0,0,0,0,0,0,0,1,1,0,1,4,1,1,2,2,1,0,0,2,5,1,0,440
orjson_3_10_1,330dec8d3f756c9e880b960b8f0f9dd7a202f56f,0,1849236.3333333333,741.0,31,17,0,0,2,3,4,98,58,40,15,2,25,14,5,6,93,2,0,0,0,0,0,0,0,0,0,0,0,0,0,0,0,0,1,0,1,2,1,0,1,1,0,1,0,1,3,0,0,191
orjson_3_10_2,330dec8d3f756c9e880b960b8f0f9dd7a202f56f,0,1839583.25,741.0,31,17,0,0,2,3,4,98,58,40,15,2,25,14,5,6,93,2,0,0,0,0,0,0,0,0,0,0,0,0,0,0,0,0,1,0,1,2,1,0,1,1,0,1,0,1,3,0,0,191
orjson_3_10_3,330dec8d3f756c9e880b960b8f0f9dd7a202f56f,0,1867708.6666666667,741.0,31,17,0,0,2,3,4,98,58,40,15,2,25,14,5,6,93,2,0,0,0,0,0,0,0,0,0,0,0,0,0,0,0,0,1,0,1,2,1,0,1,1,0,1,0,1,3,0,0,191
orjson_3_10_4,330dec8d3f756c9e880b960b8f0f9dd7a202f56f,0,1834791.6666666667,741.0,31,17,0,0,2,3,4,98,58,40,15,2,25,14,5,6,93,2,0,0,0,0,0,0,0,0,0,0,0,0,0,0,0,0,1,0,1,2,1,0,1,1,0,1,0,1,3,0,0,191
orjson_3_10_5,330dec8d3f756c9e880b960b8f0f9dd7a202f56f,0,1833750.0,741.0,31,17,0,0,2,3,4,98,58,40,15,2,25,14,5,6,93,2,0,0,0,0,0,0,0,0,0,0,0,0,0,0,0,0,1,0,1,2,1,0,1,1,0,1,0,1,3,0,0,191
orjson_3_10_6,330dec8d3f756c9e880b960b8f0f9dd7a202f56f,0,1860569.0,741.0,31,17,0,0,2,3,4,98,58,40,15,2,25,14,5,6,93,2,0,0,0,0,0,0,0,0,0,0,0,0,0,0,0,0,1,0,1,2,1,0,1,1,0,1,0,1,3,0,0,191
orjson_3_10_1,1ca91eff7a1dad732a403a45b724c5aeca27a828,0,480486.0,121.0,18,4,0,0,2,3,4,11,8,3,2,1,1,1,0,0,11,0,0,0,0,0,0,0,0,0,0,0,0,0,0,0,2,0,1,0,1,2,1,0,0,0,0,1,0,1,3,0,0,22
orjson_3_10_2,1ca91eff7a1dad732a403a45b724c5aeca27a828,0,481292.0,121.0,18,4,0,0,2,3,4,11,8,3,2,1,1,1,0,0,11,0,0,0,0,0,0,0,0,0,0,0,0,0,0,0,2,0,1,0,1,2,1,0,0,0,0,1,0,1,3,0,0,22
orjson_3_10_3,1ca91eff7a1dad732a403a45b724c5aeca27a828,0,477250.0,121.0,18,4,0,0,2,3,4,11,8,3,2,1,1,1,0,0,11,0,0,0,0,0,0,0,0,0,0,0,0,0,0,0,2,0,1,0,1,2,1,0,0,0,0,1,0,1,3,0,0,22
orjson_3_10_4,1ca91eff7a1dad732a403a45b724c5aeca27a828,0,486416.6666666667,121.0,18,4,0,0,2,3,4,11,8,3,2,1,1,1,0,0,11,0,0,0,0,0,0,0,0,0,0,0,0,0,0,0,2,0,1,0,1,2,1,0,0,0,0,1,0,1,3,0,0,22
orjson_3_10_5,1ca91eff7a1dad732a403a45b724c5aeca27a828,0,478680.3333333333,121.0,18,4,0,0,2,3,4,11,8,3,2,1,1,1,0,0,11,0,0,0,0,0,0,0,0,0,0,0,0,0,0,0,2,0,1,0,1,2,1,0,0,0,0,1,0,1,3,0,0,22
orjson_3_10_6,1ca91eff7a1dad732a403a45b724c5aeca27a828,0,477222.6666666667,121.0,18,4,0,0,2,3,4,11,8,3,2,1,1,1,0,0,11,0,0,0,0,0,0,0,0,0,0,0,0,0,0,0,2,0,1,0,1,2,1,0,0,0,0,1,0,1,3,0,0,22
orjson_3_10_1,1569aab50ce51673ffce38d14ec17813a1d28156,0,1508972.3333333333,964.0,22,13,1,2,2,3,1,106,53,53,20,0,33,16,9,8,96,0,0,0,0,0,0,0,0,0,0,0,0,0,0,0,1,0,1,1,0,0,0,0,0,0,0,0,0,2,0,1,0,202
orjson_3_10_2,1569aab50ce51673ffce38d14ec17813a1d28156,0,1520361.0,964.0,22,13,1,2,2,3,1,106,53,53,20,0,33,16,9,8,96,0,0,0,0,0,0,0,0,0,0,0,0,0,0,0,1,0,1,1,0,0,0,0,0,0,0,0,0,2,0,1,0,202
orjson_3_10_3,1569aab50ce51673ffce38d14ec17813a1d28156,0,1495027.3333333333,964.0,22,13,1,2,2,3,1,106,53,53,20,0,33,16,9,8,96,0,0,0,0,0,0,0,0,0,0,0,0,0,0,0,1,0,1,1,0,0,0,0,0,0,0,0,0,2,0,1,0,202
orjson_3_10_4,1569aab50ce51673ffce38d14ec17813a1d28156,0,1500375.0,964.0,22,13,1,2,2,3,1,106,53,53,20,0,33,16,9,8,96,0,0,0,0,0,0,0,0,0,0,0,0,0,0,0,1,0,1,1,0,0,0,0,0,0,0,0,0,2,0,1,0,202
orjson_3_10_5,1569aab50ce51673ffce38d14ec17813a1d28156,0,1511166.6666666667,964.0,22,13,1,2,2,3,1,106,53,53,20,0,33,16,9,8,96,0,0,0,0,0,0,0,0,0,0,0,0,0,0,0,1,0,1,1,0,0,0,0,0,0,0,0,0,2,0,1,0,202
orjson_3_10_6,1569aab50ce51673ffce38d14ec17813a1d28156,0,1519180.6666666667,964.0,22,13,1,2,2,3,1,106,53,53,20,0,33,16,9,8,96,0,0,0,0,0,0,0,0,0,0,0,0,0,0,0,1,0,1,1,0,0,0,0,0,0,0,0,0,2,0,1,0,202
orjson_3_10_1,5dab2af75d9adc6c22dc3aa0d5ca29d50fe82784,0,1419735.6666666667,603.0,19,8,0,0,1,2,3,72,40,32,17,3,15,2,7,6,74,0,0,0,0,0,0,0,0,0,0,0,0,0,0,0,0,0,1,0,1,1,1,0,2,2,0,1,0,2,2,1,0,146
orjson_3_10_2,5dab2af75d9adc6c22dc3aa0d5ca29d50fe82784,0,1444444.3333333333,603.0,19,8,0,0,1,2,3,72,40,32,17,3,15,2,7,6,74,0,0,0,0,0,0,0,0,0,0,0,0,0,0,0,0,0,1,0,1,1,1,0,2,2,0,1,0,2,2,1,0,146
orjson_3_10_3,5dab2af75d9adc6c22dc3aa0d5ca29d50fe82784,0,1443028.0,603.0,19,8,0,0,1,2,3,72,40,32,17,3,15,2,7,6,74,0,0,0,0,0,0,0,0,0,0,0,0,0,0,0,0,0,1,0,1,1,1,0,2,2,0,1,0,2,2,1,0,146
orjson_3_10_4,5dab2af75d9adc6c22dc3aa0d5ca29d50fe82784,0,1401166.6666666667,603.0,19,8,0,0,1,2,3,72,40,32,17,3,15,2,7,6,74,0,0,0,0,0,0,0,0,0,0,0,0,0,0,0,0,0,1,0,1,1,1,0,2,2,0,1,0,2,2,1,0,146
orjson_3_10_5,5dab2af75d9adc6c22dc3aa0d5ca29d50fe82784,0,1393166.75,603.0,19,8,0,0,1,2,3,72,40,32,17,3,15,2,7,6,74,0,0,0,0,0,0,0,0,0,0,0,0,0,0,0,0,0,1,0,1,1,1,0,2,2,0,1,0,2,2,1,0,146
orjson_3_10_6,5dab2af75d9adc6c22dc3aa0d5ca29d50fe82784,0,1427625.3333333333,603.0,19,8,0,0,1,2,3,72,40,32,17,3,15,2,7,6,74,0,0,0,0,0,0,0,0,0,0,0,0,0,0,0,0,0,1,0,1,1,1,0,2,2,0,1,0,2,2,1,0,146
orjson_3_10_1,3cae5bf7e40144cb09edc12e44c33fc0771a886b,0,10081306.0,5159.0,296,85,0,0,48,50,61,316,159,157,85,15,72,15,24,33,341,4,1,1,0,2,0,0,0,6,2,1,3,2,0,2,12,10,2,0,2,48,2,5,4,4,5,6,0,3,50,9,3,657
orjson_3_10_2,3cae5bf7e40144cb09edc12e44c33fc0771a886b,0,9213985.666666666,4811.0,296,85,0,0,48,50,61,316,159,157,85,15,72,15,24,33,341,4,1,1,0,2,0,0,0,6,2,1,3,2,0,2,12,10,2,0,2,48,2,5,4,4,5,6,0,3,50,9,3,657
orjson_3_10_3,3cae5bf7e40144cb09edc12e44c33fc0771a886b,0,9311624.666666666,4898.0,296,85,0,0,48,50,61,316,159,157,85,15,72,15,24,33,341,4,1,1,0,2,0,0,0,6,2,1,3,2,0,2,12,10,2,0,2,48,2,5,4,4,5,6,0,3,50,9,3,657
orjson_3_10_4,3cae5bf7e40144cb09edc12e44c33fc0771a886b,0,9527305.666666666,5048.0,296,85,0,0,48,50,61,316,159,157,85,15,72,15,24,33,341,4,1,1,0,2,0,0,0,6,2,1,3,2,0,2,12,10,2,0,2,48,2,5,4,4,5,6,0,3,50,9,3,657
orjson_3_10_5,3cae5bf7e40144cb09edc12e44c33fc0771a886b,0,9587361.333333334,5097.0,296,85,0,0,48,50,61,316,159,157,85,15,72,15,24,33,341,4,1,1,0,2,0,0,0,6,2,1,3,2,0,2,12,10,2,0,2,48,2,5,4,4,5,6,0,3,50,9,3,657
orjson_3_10_6,3cae5bf7e40144cb09edc12e44c33fc0771a886b,0,9149319.666666666,4811.0,296,85,0,0,48,50,61,316,159,157,85,15,72,15,24,33,341,4,1,1,0,2,0,0,0,6,2,1,3,2,0,2,12,10,2,0,2,48,2,5,4,4,5,6,0,3,50,9,3,657
orjson_3_10_1,3f21ce95596dd41a7e453a3a72cddb74a632c381,0,9214667.0,4786.0,139,32,0,0,24,25,29,423,209,214,105,7,109,31,40,38,415,7,2,1,1,2,2,1,0,7,1,1,2,0,0,0,0,7,1,0,1,24,1,4,1,1,4,2,0,2,25,5,2,838
orjson_3_10_2,3f21ce95596dd41a7e453a3a72cddb74a632c381,0,9045000.0,4786.0,139,32,0,0,24,25,29,423,209,214,105,7,109,31,40,38,415,7,2,1,1,2,2,1,0,7,1,1,2,0,0,0,0,7,1,0,1,24,1,4,1,1,4,2,0,2,25,5,2,838
orjson_3_10_3,3f21ce95596dd41a7e453a3a72cddb74a632c381,0,9137263.666666666,4786.0,139,32,0,0,24,25,29,423,209,214,105,7,109,31,40,38,415,7,2,1,1,2,2,1,0,7,1,1,2,0,0,0,0,7,1,0,1,24,1,4,1,1,4,2,0,2,25,5,2,838
orjson_3_10_4,3f21ce95596dd41a7e453a3a72cddb74a632c381,0,8894347.0,4786.0,139,32,0,0,24,25,29,423,209,214,105,7,109,31,40,38,415,7,2,1,1,2,2,1,0,7,1,1,2,0,0,0,0,7,1,0,1,24,1,4,1,1,4,2,0,2,25,5,2,838
orjson_3_10_5,3f21ce95596dd41a7e453a3a72cddb74a632c381,0,8934500.0,4786.0,139,32,0,0,24,25,29,423,209,214,105,7,109,31,40,38,415,7,2,1,1,2,2,1,0,7,1,1,2,0,0,0,0,7,1,0,1,24,1,4,1,1,4,2,0,2,25,5,2,838
orjson_3_10_6,3f21ce95596dd41a7e453a3a72cddb74a632c381,0,8995180.666666666,4786.0,139,32,0,0,24,25,29,423,209,214,105,7,109,31,40,38,415,7,2,1,1,2,2,1,0,7,1,1,2,0,0,0,0,7,1,0,1,24,1,4,1,1,4,2,0,2,25,5,2,838
orjson_3_10_1,8c116d97d048a5806144fb0b734197f2105f201f,0,9200555.666666666,4786.0,139,32,0,0,24,25,29,423,209,214,105,7,109,31,40,38,415,7,2,1,1,2,2,1,0,7,1,1,2,0,0,0,0,7,1,0,1,24,1,4,1,1,4,2,0,2,25,5,2,838
orjson_3_10_2,8c116d97d048a5806144fb0b734197f2105f201f,0,9051416.666666666,4786.0,139,32,0,0,24,25,29,423,209,214,105,7,109,31,40,38,415,7,2,1,1,2,2,1,0,7,1,1,2,0,0,0,0,7,1,0,1,24,1,4,1,1,4,2,0,2,25,5,2,838
orjson_3_10_3,8c116d97d048a5806144fb0b734197f2105f201f,0,8978319.333333334,4786.0,139,32,0,0,24,25,29,423,209,214,105,7,109,31,40,38,415,7,2,1,1,2,2,1,0,7,1,1,2,0,0,0,0,7,1,0,1,24,1,4,1,1,4,2,0,2,25,5,2,838
orjson_3_10_4,8c116d97d048a5806144fb0b734197f2105f201f,0,8888652.666666666,4786.0,139,32,0,0,24,25,29,423,209,214,105,7,109,31,40,38,415,7,2,1,1,2,2,1,0,7,1,1,2,0,0,0,0,7,1,0,1,24,1,4,1,1,4,2,0,2,25,5,2,838
orjson_3_10_5,8c116d97d048a5806144fb0b734197f2105f201f,0,8924305.333333334,4786.0,139,32,0,0,24,25,29,423,209,214,105,7,109,31,40,38,415,7,2,1,1,2,2,1,0,7,1,1,2,0,0,0,0,7,1,0,1,24,1,4,1,1,4,2,0,2,25,5,2,838
orjson_3_10_6,8c116d97d048a5806144fb0b734197f2105f201f,0,9086833.333333334,4786.0,139,32,0,0,24,25,29,423,209,214,105,7,109,31,40,38,415,7,2,1,1,2,2,1,0,7,1,1,2,0,0,0,0,7,1,0,1,24,1,4,1,1,4,2,0,2,25,5,2,838
orjson_3_10_1,1e0e900dfba64717157d42920b2f108f22c759bb,0,9995416.5,5072.0,300,89,0,0,48,50,61,317,160,157,85,15,72,15,24,33,339,4,1,1,0,2,0,0,0,6,2,1,3,2,0,2,12,10,2,0,2,48,2,5,4,4,5,6,0,3,50,9,3,656
orjson_3_10_2,1e0e900dfba64717157d42920b2f108f22c759bb,0,9186819.666666666,4811.0,300,89,0,0,48,50,61,317,160,157,85,15,72,15,24,33,339,4,1,1,0,2,0,0,0,6,2,1,3,2,0,2,12,10,2,0,2,48,2,5,4,4,5,6,0,3,50,9,3,656
orjson_3_10_3,1e0e900dfba64717157d42920b2f108f22c759bb,0,9205375.333333334,4811.0,300,89,0,0,48,50,61,317,160,157,85,15,72,15,24,33,339,4,1,1,0,2,0,0,0,6,2,1,3,2,0,2,12,10,2,0,2,48,2,5,4,4,5,6,0,3,50,9,3,656
orjson_3_10_4,1e0e900dfba64717157d42920b2f108f22c759bb,0,9497708.666666666,5048.0,300,89,0,0,48,50,61,317,160,157,85,15,72,15,24,33,339,4,1,1,0,2,0,0,0,6,2,1,3,2,0,2,12,10,2,0,2,48,2,5,4,4,5,6,0,3,50,9,3,656
orjson_3_10_5,1e0e900dfba64717157d42920b2f108f22c759bb,0,9455472.333333334,5097.0,300,89,0,0,48,50,61,317,160,157,85,15,72,15,24,33,339,4,1,1,0,2,0,0,0,6,2,1,3,2,0,2,12,10,2,0,2,48,2,5,4,4,5,6,0,3,50,9,3,656
orjson_3_10_6,1e0e900dfba64717157d42920b2f108f22c759bb,0,9267444.333333334,4811.0,300,89,0,0,48,50,61,317,160,157,85,15,72,15,24,33,339,4,1,1,0,2,0,0,0,6,2,1,3,2,0,2,12,10,2,0,2,48,2,5,4,4,5,6,0,3,50,9,3,656
orjson_3_10_1,6f15c98426a70ff3addbf3028788d6c2b333b342,0,10042819.333333334,5159.0,296,85,0,0,48,50,61,316,159,157,84,14,73,15,24,34,341,4,1,1,0,2,0,0,0,6,2,1,3,2,0,2,12,10,2,0,2,48,2,5,4,4,5,5,0,3,50,9,3,657
orjson_3_10_2,6f15c98426a70ff3addbf3028788d6c2b333b342,0,9378208.333333334,4811.0,296,85,0,0,48,50,61,316,159,157,84,14,73,15,24,34,341,4,1,1,0,2,0,0,0,6,2,1,3,2,0,2,12,10,2,0,2,48,2,5,4,4,5,5,0,3,50,9,3,657
orjson_3_10_3,6f15c98426a70ff3addbf3028788d6c2b333b342,0,9470736.333333334,4898.0,296,85,0,0,48,50,61,316,159,157,84,14,73,15,24,34,341,4,1,1,0,2,0,0,0,6,2,1,3,2,0,2,12,10,2,0,2,48,2,5,4,4,5,5,0,3,50,9,3,657
orjson_3_10_4,6f15c98426a70ff3addbf3028788d6c2b333b342,0,9530541.666666666,5048.0,296,85,0,0,48,50,61,316,159,157,84,14,73,15,24,34,341,4,1,1,0,2,0,0,0,6,2,1,3,2,0,2,12,10,2,0,2,48,2,5,4,4,5,5,0,3,50,9,3,657
orjson_3_10_5,6f15c98426a70ff3addbf3028788d6c2b333b342,0,9502611.0,5097.0,296,85,0,0,48,50,61,316,159,157,84,14,73,15,24,34,341,4,1,1,0,2,0,0,0,6,2,1,3,2,0,2,12,10,2,0,2,48,2,5,4,4,5,5,0,3,50,9,3,657
orjson_3_10_6,6f15c98426a70ff3addbf3028788d6c2b333b342,0,9258889.0,4811.0,296,85,0,0,48,50,61,316,159,157,84,14,73,15,24,34,341,4,1,1,0,2,0,0,0,6,2,1,3,2,0,2,12,10,2,0,2,48,2,5,4,4,5,5,0,3,50,9,3,657
orjson_3_10_1,433d2f290bc9de2e8fa68886be84e9a07dc8884d,0,8152680.666666667,3687.0,290,78,0,0,48,50,56,208,103,105,47,7,58,17,20,21,210,5,1,0,1,1,1,1,0,3,2,0,2,1,0,1,9,17,2,0,2,48,2,2,2,2,2,3,0,3,50,10,2,418
orjson_3_10_2,433d2f290bc9de2e8fa68886be84e9a07dc8884d,0,7671069.333333333,3722.0,290,78,0,0,48,50,56,208,103,105,47,7,58,17,20,21,210,5,1,0,1,1,1,1,0,3,2,0,2,1,0,1,9,17,2,0,2,48,2,2,2,2,2,3,0,3,50,10,2,418
orjson_3_10_3,433d2f290bc9de2e8fa68886be84e9a07dc8884d,0,7742347.0,3839.0,290,78,0,0,48,50,56,208,103,105,47,7,58,17,20,21,210,5,1,0,1,1,1,1,0,3,2,0,2,1,0,1,9,17,2,0,2,48,2,2,2,2,2,3,0,3,50,10,2,418
orjson_3_10_4,433d2f290bc9de2e8fa68886be84e9a07dc8884d,0,7406527.666666667,3600.0,290,78,0,0,48,50,56,208,103,105,47,7,58,17,20,21,210,5,1,0,1,1,1,1,0,3,2,0,2,1,0,1,9,17,2,0,2,48,2,2,2,2,2,3,0,3,50,10,2,418
orjson_3_10_5,433d2f290bc9de2e8fa68886be84e9a07dc8884d,0,7656250.333333333,3782.0,290,78,0,0,48,50,56,208,103,105,47,7,58,17,20,21,210,5,1,0,1,1,1,1,0,3,2,0,2,1,0,1,9,17,2,0,2,48,2,2,2,2,2,3,0,3,50,10,2,418
orjson_3_10_6,433d2f290bc9de2e8fa68886be84e9a07dc8884d,0,7447541.666666667,3600.0,290,78,0,0,48,50,56,208,103,105,47,7,58,17,20,21,210,5,1,0,1,1,1,1,0,3,2,0,2,1,0,1,9,17,2,0,2,48,2,2,2,2,2,3,0,3,50,10,2,418
orjson_3_10_1,51c317145bcb8e147e0609bef4a50bd623475981,0,10019229.25,5159.0,296,85,0,0,48,50,61,316,159,157,84,15,73,16,24,33,341,4,1,1,0,2,0,0,0,6,2,1,3,2,0,2,12,10,2,0,2,48,2,5,4,4,5,6,0,3,50,9,3,657
orjson_3_10_2,51c317145bcb8e147e0609bef4a50bd623475981,0,9323235.666666666,4811.0,296,85,0,0,48,50,61,316,159,157,84,15,73,16,24,33,341,4,1,1,0,2,0,0,0,6,2,1,3,2,0,2,12,10,2,0,2,48,2,5,4,4,5,6,0,3,50,9,3,657
orjson_3_10_3,51c317145bcb8e147e0609bef4a50bd623475981,0,9402639.0,4898.0,296,85,0,0,48,50,61,316,159,157,84,15,73,16,24,33,341,4,1,1,0,2,0,0,0,6,2,1,3,2,0,2,12,10,2,0,2,48,2,5,4,4,5,6,0,3,50,9,3,657
orjson_3_10_4,51c317145bcb8e147e0609bef4a50bd623475981,0,9671864.5,5048.0,296,85,0,0,48,50,61,316,159,157,84,15,73,16,24,33,341,4,1,1,0,2,0,0,0,6,2,1,3,2,0,2,12,10,2,0,2,48,2,5,4,4,5,6,0,3,50,9,3,657
orjson_3_10_5,51c317145bcb8e147e0609bef4a50bd623475981,0,9572417.0,5097.0,296,85,0,0,48,50,61,316,159,157,84,15,73,16,24,33,341,4,1,1,0,2,0,0,0,6,2,1,3,2,0,2,12,10,2,0,2,48,2,5,4,4,5,6,0,3,50,9,3,657
orjson_3_10_6,51c317145bcb8e147e0609bef4a50bd623475981,0,9241958.0,4811.0,296,85,0,0,48,50,61,316,159,157,84,15,73,16,24,33,341,4,1,1,0,2,0,0,0,6,2,1,3,2,0,2,12,10,2,0,2,48,2,5,4,4,5,6,0,3,50,9,3,657
orjson_3_10_1,28483f5f4b625cacf380d2ac3fc8bfd22e5e9f1d,0,9267250.333333334,4786.0,139,32,0,0,24,25,29,423,209,214,105,7,109,31,40,38,415,7,2,1,1,2,2,1,0,7,1,1,2,0,0,0,0,7,1,0,1,24,1,5,0,0,5,2,0,2,25,5,2,838
orjson_3_10_2,28483f5f4b625cacf380d2ac3fc8bfd22e5e9f1d,0,9089750.333333334,4786.0,139,32,0,0,24,25,29,423,209,214,105,7,109,31,40,38,415,7,2,1,1,2,2,1,0,7,1,1,2,0,0,0,0,7,1,0,1,24,1,5,0,0,5,2,0,2,25,5,2,838
orjson_3_10_3,28483f5f4b625cacf380d2ac3fc8bfd22e5e9f1d,0,9275384.222222222,4786.0,139,32,0,0,24,25,29,423,209,214,105,7,109,31,40,38,415,7,2,1,1,2,2,1,0,7,1,1,2,0,0,0,0,7,1,0,1,24,1,5,0,0,5,2,0,2,25,5,2,838
orjson_3_10_4,28483f5f4b625cacf380d2ac3fc8bfd22e5e9f1d,0,8926569.666666666,4786.0,139,32,0,0,24,25,29,423,209,214,105,7,109,31,40,38,415,7,2,1,1,2,2,1,0,7,1,1,2,0,0,0,0,7,1,0,1,24,1,5,0,0,5,2,0,2,25,5,2,838
orjson_3_10_5,28483f5f4b625cacf380d2ac3fc8bfd22e5e9f1d,0,8997152.333333334,4786.0,139,32,0,0,24,25,29,423,209,214,105,7,109,31,40,38,415,7,2,1,1,2,2,1,0,7,1,1,2,0,0,0,0,7,1,0,1,24,1,5,0,0,5,2,0,2,25,5,2,838
orjson_3_10_6,28483f5f4b625cacf380d2ac3fc8bfd22e5e9f1d,0,8933843.75,4786.0,139,32,0,0,24,25,29,423,209,214,105,7,109,31,40,38,415,7,2,1,1,2,2,1,0,7,1,1,2,0,0,0,0,7,1,0,1,24,1,5,0,0,5,2,0,2,25,5,2,838
orjson_3_10_1,0470087ff8f6dedbbeb9639f097e28b7621f3f1f,0,9449896.166666666,4786.0,139,32,0,0,24,25,29,423,209,214,105,7,109,31,40,38,415,7,2,1,1,2,2,1,0,7,1,1,2,0,0,0,0,7,1,0,1,24,1,3,2,2,3,2,0,2,25,5,2,838
orjson_3_10_2,0470087ff8f6dedbbeb9639f097e28b7621f3f1f,0,9150951.166666666,4786.0,139,32,0,0,24,25,29,423,209,214,105,7,109,31,40,38,415,7,2,1,1,2,2,1,0,7,1,1,2,0,0,0,0,7,1,0,1,24,1,3,2,2,3,2,0,2,25,5,2,838
orjson_3_10_3,0470087ff8f6dedbbeb9639f097e28b7621f3f1f,0,9101777.666666666,4786.0,139,32,0,0,24,25,29,423,209,214,105,7,109,31,40,38,415,7,2,1,1,2,2,1,0,7,1,1,2,0,0,0,0,7,1,0,1,24,1,3,2,2,3,2,0,2,25,5,2,838
orjson_3_10_4,0470087ff8f6dedbbeb9639f097e28b7621f3f1f,0,8927555.666666666,4786.0,139,32,0,0,24,25,29,423,209,214,105,7,109,31,40,38,415,7,2,1,1,2,2,1,0,7,1,1,2,0,0,0,0,7,1,0,1,24,1,3,2,2,3,2,0,2,25,5,2,838
orjson_3_10_5,0470087ff8f6dedbbeb9639f097e28b7621f3f1f,0,8949930.333333334,4786.0,139,32,0,0,24,25,29,423,209,214,105,7,109,31,40,38,415,7,2,1,1,2,2,1,0,7,1,1,2,0,0,0,0,7,1,0,1,24,1,3,2,2,3,2,0,2,25,5,2,838
orjson_3_10_6,0470087ff8f6dedbbeb9639f097e28b7621f3f1f,0,9032694.0,4786.0,139,32,0,0,24,25,29,423,209,214,105,7,109,31,40,38,415,7,2,1,1,2,2,1,0,7,1,1,2,0,0,0,0,7,1,0,1,24,1,3,2,2,3,2,0,2,25,5,2,838
orjson_3_10_1,aeb980cc19289ec96de5f46b751e8de757fef02a,0,10087833.333333334,5072.0,296,85,0,0,48,50,61,318,161,157,85,15,72,15,24,33,338,4,1,1,0,2,0,0,0,6,2,1,3,2,0,2,12,10,2,0,2,48,2,5,4,4,5,6,0,3,50,9,3,656
orjson_3_10_2,aeb980cc19289ec96de5f46b751e8de757fef02a,0,9282111.0,4811.0,296,85,0,0,48,50,61,318,161,157,85,15,72,15,24,33,338,4,1,1,0,2,0,0,0,6,2,1,3,2,0,2,12,10,2,0,2,48,2,5,4,4,5,6,0,3,50,9,3,656
orjson_3_10_3,aeb980cc19289ec96de5f46b751e8de757fef02a,0,9192667.0,4811.0,296,85,0,0,48,50,61,318,161,157,85,15,72,15,24,33,338,4,1,1,0,2,0,0,0,6,2,1,3,2,0,2,12,10,2,0,2,48,2,5,4,4,5,6,0,3,50,9,3,656
orjson_3_10_4,aeb980cc19289ec96de5f46b751e8de757fef02a,0,9413472.333333334,5048.0,296,85,0,0,48,50,61,318,161,157,85,15,72,15,24,33,338,4,1,1,0,2,0,0,0,6,2,1,3,2,0,2,12,10,2,0,2,48,2,5,4,4,5,6,0,3,50,9,3,656
orjson_3_10_5,aeb980cc19289ec96de5f46b751e8de757fef02a,0,9451666.666666666,5097.0,296,85,0,0,48,50,61,318,161,157,85,15,72,15,24,33,338,4,1,1,0,2,0,0,0,6,2,1,3,2,0,2,12,10,2,0,2,48,2,5,4,4,5,6,0,3,50,9,3,656
orjson_3_10_6,aeb980cc19289ec96de5f46b751e8de757fef02a,0,9258375.0,4811.0,296,85,0,0,48,50,61,318,161,157,85,15,72,15,24,33,338,4,1,1,0,2,0,0,0,6,2,1,3,2,0,2,12,10,2,0,2,48,2,5,4,4,5,6,0,3,50,9,3,656
orjson_3_10_1,6595681b8d83b73b0f0f5aac8380fa7b6a524b52,0,9240278.0,4786.0,139,32,0,0,24,25,29,423,209,214,105,7,109,31,40,38,415,7,2,1,1,2,2,1,0,7,1,1,2,0,0,0,0,7,1,0,1,24,1,4,1,1,4,2,0,2,25,5,2,838
orjson_3_10_2,6595681b8d83b73b0f0f5aac8380fa7b6a524b52,0,9121166.666666666,4786.0,139,32,0,0,24,25,29,423,209,214,105,7,109,31,40,38,415,7,2,1,1,2,2,1,0,7,1,1,2,0,0,0,0,7,1,0,1,24,1,4,1,1,4,2,0,2,25,5,2,838
orjson_3_10_3,6595681b8d83b73b0f0f5aac8380fa7b6a524b52,0,9079194.666666666,4786.0,139,32,0,0,24,25,29,423,209,214,105,7,109,31,40,38,415,7,2,1,1,2,2,1,0,7,1,1,2,0,0,0,0,7,1,0,1,24,1,4,1,1,4,2,0,2,25,5,2,838
orjson_3_10_4,6595681b8d83b73b0f0f5aac8380fa7b6a524b52,0,8900833.333333334,4786.0,139,32,0,0,24,25,29,423,209,214,105,7,109,31,40,38,415,7,2,1,1,2,2,1,0,7,1,1,2,0,0,0,0,7,1,0,1,24,1,4,1,1,4,2,0,2,25,5,2,838
orjson_3_10_5,6595681b8d83b73b0f0f5aac8380fa7b6a524b52,0,8980596.666666666,4786.0,139,32,0,0,24,25,29,423,209,214,105,7,109,31,40,38,415,7,2,1,1,2,2,1,0,7,1,1,2,0,0,0,0,7,1,0,1,24,1,4,1,1,4,2,0,2,25,5,2,838
orjson_3_10_6,6595681b8d83b73b0f0f5aac8380fa7b6a524b52,0,9026389.0,4786.0,139,32,0,0,24,25,29,423,209,214,105,7,109,31,40,38,415,7,2,1,1,2,2,1,0,7,1,1,2,0,0,0,0,7,1,0,1,24,1,4,1,1,4,2,0,2,25,5,2,838
orjson_3_10_1,9e51baab63f17317f5e57cdb04abcaf0e0a3780f,0,9280597.0,4786.0,139,32,0,0,24,25,29,423,209,214,105,7,109,31,40,38,415,7,2,1,1,2,2,1,0,7,1,1,2,0,0,0,0,7,1,0,1,24,1,5,0,0,5,2,0,2,25,5,2,838
orjson_3_10_2,9e51baab63f17317f5e57cdb04abcaf0e0a3780f,0,9056764.0,4786.0,139,32,0,0,24,25,29,423,209,214,105,7,109,31,40,38,415,7,2,1,1,2,2,1,0,7,1,1,2,0,0,0,0,7,1,0,1,24,1,5,0,0,5,2,0,2,25,5,2,838
orjson_3_10_3,9e51baab63f17317f5e57cdb04abcaf0e0a3780f,0,9071319.333333334,4786.0,139,32,0,0,24,25,29,423,209,214,105,7,109,31,40,38,415,7,2,1,1,2,2,1,0,7,1,1,2,0,0,0,0,7,1,0,1,24,1,5,0,0,5,2,0,2,25,5,2,838
orjson_3_10_4,9e51baab63f17317f5e57cdb04abcaf0e0a3780f,0,8881153.0,4786.0,139,32,0,0,24,25,29,423,209,214,105,7,109,31,40,38,415,7,2,1,1,2,2,1,0,7,1,1,2,0,0,0,0,7,1,0,1,24,1,5,0,0,5,2,0,2,25,5,2,838
orjson_3_10_5,9e51baab63f17317f5e57cdb04abcaf0e0a3780f,0,8809041.666666666,4786.0,139,32,0,0,24,25,29,423,209,214,105,7,109,31,40,38,415,7,2,1,1,2,2,1,0,7,1,1,2,0,0,0,0,7,1,0,1,24,1,5,0,0,5,2,0,2,25,5,2,838
orjson_3_10_6,9e51baab63f17317f5e57cdb04abcaf0e0a3780f,0,8999819.333333334,4786.0,139,32,0,0,24,25,29,423,209,214,105,7,109,31,40,38,415,7,2,1,1,2,2,1,0,7,1,1,2,0,0,0,0,7,1,0,1,24,1,5,0,0,5,2,0,2,25,5,2,838
orjson_3_10_1,8c29be1e8389adc3e10fbf02f40b802960eb813b,0,9295027.666666666,4786.0,139,32,0,0,24,25,29,423,209,214,105,7,109,31,40,38,415,7,2,2,0,2,0,0,0,0,0,2,2,0,0,0,0,7,1,0,1,24,1,3,2,2,3,2,0,2,25,5,2,838
orjson_3_10_2,8c29be1e8389adc3e10fbf02f40b802960eb813b,0,9081347.333333334,4786.0,139,32,0,0,24,25,29,423,209,214,105,7,109,31,40,38,415,7,2,2,0,2,0,0,0,0,0,2,2,0,0,0,0,7,1,0,1,24,1,3,2,2,3,2,0,2,25,5,2,838
orjson_3_10_3,8c29be1e8389adc3e10fbf02f40b802960eb813b,0,9071125.333333334,4786.0,139,32,0,0,24,25,29,423,209,214,105,7,109,31,40,38,415,7,2,2,0,2,0,0,0,0,0,2,2,0,0,0,0,7,1,0,1,24,1,3,2,2,3,2,0,2,25,5,2,838
orjson_3_10_4,8c29be1e8389adc3e10fbf02f40b802960eb813b,0,8883694.333333334,4786.0,139,32,0,0,24,25,29,423,209,214,105,7,109,31,40,38,415,7,2,2,0,2,0,0,0,0,0,2,2,0,0,0,0,7,1,0,1,24,1,3,2,2,3,2,0,2,25,5,2,838
orjson_3_10_5,8c29be1e8389adc3e10fbf02f40b802960eb813b,0,8932222.333333334,4786.0,139,32,0,0,24,25,29,423,209,214,105,7,109,31,40,38,415,7,2,2,0,2,0,0,0,0,0,2,2,0,0,0,0,7,1,0,1,24,1,3,2,2,3,2,0,2,25,5,2,838
orjson_3_10_6,8c29be1e8389adc3e10fbf02f40b802960eb813b,0,8985875.333333334,4786.0,139,32,0,0,24,25,29,423,209,214,105,7,109,31,40,38,415,7,2,2,0,2,0,0,0,0,0,2,2,0,0,0,0,7,1,0,1,24,1,3,2,2,3,2,0,2,25,5,2,838
orjson_3_10_1,3936172b53fb166c711af679c6dcf20e7cfa57b4,0,9278180.333333334,4786.0,139,32,0,0,24,25,29,423,209,214,105,7,109,31,40,38,415,7,2,1,1,1,2,1,0,7,1,1,2,0,0,0,0,7,1,0,1,24,1,4,1,1,4,2,0,2,25,5,2,838
orjson_3_10_2,3936172b53fb166c711af679c6dcf20e7cfa57b4,0,9091264.0,4786.0,139,32,0,0,24,25,29,423,209,214,105,7,109,31,40,38,415,7,2,1,1,1,2,1,0,7,1,1,2,0,0,0,0,7,1,0,1,24,1,4,1,1,4,2,0,2,25,5,2,838
orjson_3_10_3,3936172b53fb166c711af679c6dcf20e7cfa57b4,0,9059416.666666666,4786.0,139,32,0,0,24,25,29,423,209,214,105,7,109,31,40,38,415,7,2,1,1,1,2,1,0,7,1,1,2,0,0,0,0,7,1,0,1,24,1,4,1,1,4,2,0,2,25,5,2,838
orjson_3_10_4,3936172b53fb166c711af679c6dcf20e7cfa57b4,0,8891986.333333334,4786.0,139,32,0,0,24,25,29,423,209,214,105,7,109,31,40,38,415,7,2,1,1,1,2,1,0,7,1,1,2,0,0,0,0,7,1,0,1,24,1,4,1,1,4,2,0,2,25,5,2,838
orjson_3_10_5,3936172b53fb166c711af679c6dcf20e7cfa57b4,0,8903403.333333334,4786.0,139,32,0,0,24,25,29,423,209,214,105,7,109,31,40,38,415,7,2,1,1,1,2,1,0,7,1,1,2,0,0,0,0,7,1,0,1,24,1,4,1,1,4,2,0,2,25,5,2,838
orjson_3_10_6,3936172b53fb166c711af679c6dcf20e7cfa57b4,0,9130167.0,4786.0,139,32,0,0,24,25,29,423,209,214,105,7,109,31,40,38,415,7,2,1,1,1,2,1,0,7,1,1,2,0,0,0,0,7,1,0,1,24,1,4,1,1,4,2,0,2,25,5,2,838
orjson_3_10_1,b2a2c8317f8ceb21d10e901f6488dc7cd2f63389,0,7292389.0,3341.0,266,54,0,0,48,50,58,133,67,66,30,2,36,6,20,10,123,10,2,1,1,2,1,1,1,8,1,1,4,2,1,0,9,8,2,0,2,48,2,1,1,1,1,0,0,3,50,10,4,256
orjson_3_10_2,b2a2c8317f8ceb21d10e901f6488dc7cd2f63389,0,6638374.75,3293.0,266,54,0,0,48,50,58,133,67,66,30,2,36,6,20,10,123,10,2,1,1,2,1,1,1,8,1,1,4,2,1,0,9,8,2,0,2,48,2,1,1,1,1,0,0,3,50,10,4,256
orjson_3_10_3,b2a2c8317f8ceb21d10e901f6488dc7cd2f63389,0,6260069.333333333,3026.0,266,54,0,0,48,50,58,133,67,66,30,2,36,6,20,10,123,10,2,1,1,2,1,1,1,8,1,1,4,2,1,0,9,8,2,0,2,48,2,1,1,1,1,0,0,3,50,10,4,256
orjson_3_10_4,b2a2c8317f8ceb21d10e901f6488dc7cd2f63389,0,6544625.333333333,3222.0,266,54,0,0,48,50,58,133,67,66,30,2,36,6,20,10,123,10,2,1,1,2,1,1,1,8,1,1,4,2,1,0,9,8,2,0,2,48,2,1,1,1,1,0,0,3,50,10,4,256
orjson_3_10_5,b2a2c8317f8ceb21d10e901f6488dc7cd2f63389,0,6454097.666666667,3157.0,266,54,0,0,48,50,58,133,67,66,30,2,36,6,20,10,123,10,2,1,1,2,1,1,1,8,1,1,4,2,1,0,9,8,2,0,2,48,2,1,1,1,1,0,0,3,50,10,4,256
orjson_3_10_6,b2a2c8317f8ceb21d10e901f6488dc7cd2f63389,0,6310694.666666667,3026.0,266,54,0,0,48,50,58,133,67,66,30,2,36,6,20,10,123,10,2,1,1,2,1,1,1,8,1,1,4,2,1,0,9,8,2,0,2,48,2,1,1,1,1,0,0,3,50,10,4,256
orjson_3_10_1,027b00ee94dbb1fbe088a1c15693c77852c8d67b,0,7304166.666666667,3341.0,266,54,0,0,48,50,58,133,66,67,31,2,36,6,20,10,123,10,2,1,1,2,1,1,1,8,1,1,4,2,1,0,9,8,2,0,2,48,2,1,1,1,1,0,0,3,50,10,4,256
orjson_3_10_2,027b00ee94dbb1fbe088a1c15693c77852c8d67b,0,6621416.333333333,3293.0,266,54,0,0,48,50,58,133,66,67,31,2,36,6,20,10,123,10,2,1,1,2,1,1,1,8,1,1,4,2,1,0,9,8,2,0,2,48,2,1,1,1,1,0,0,3,50,10,4,256
orjson_3_10_3,027b00ee94dbb1fbe088a1c15693c77852c8d67b,0,6369889.0,3026.0,266,54,0,0,48,50,58,133,66,67,31,2,36,6,20,10,123,10,2,1,1,2,1,1,1,8,1,1,4,2,1,0,9,8,2,0,2,48,2,1,1,1,1,0,0,3,50,10,4,256
orjson_3_10_4,027b00ee94dbb1fbe088a1c15693c77852c8d67b,0,6346625.0,3137.0,266,54,0,0,48,50,58,133,66,67,31,2,36,6,20,10,123,10,2,1,1,2,1,1,1,8,1,1,4,2,1,0,9,8,2,0,2,48,2,1,1,1,1,0,0,3,50,10,4,256
orjson_3_10_5,027b00ee94dbb1fbe088a1c15693c77852c8d67b,0,6475694.666666667,3157.0,266,54,0,0,48,50,58,133,66,67,31,2,36,6,20,10,123,10,2,1,1,2,1,1,1,8,1,1,4,2,1,0,9,8,2,0,2,48,2,1,1,1,1,0,0,3,50,10,4,256
orjson_3_10_6,027b00ee94dbb1fbe088a1c15693c77852c8d67b,0,6292430.333333333,3026.0,266,54,0,0,48,50,58,133,66,67,31,2,36,6,20,10,123,10,2,1,1,2,1,1,1,8,1,1,4,2,1,0,9,8,2,0,2,48,2,1,1,1,1,0,0,3,50,10,4,256
orjson_3_10_1,628037d25d2b60f8e950f902fbab7a752a89a3b9,0,10120555.333333334,5159.0,294,83,0,0,48,50,61,316,159,157,84,14,73,15,24,34,341,4,1,1,0,2,0,0,0,6,2,1,3,2,0,2,12,10,2,0,2,48,2,5,4,4,5,5,0,3,50,9,3,657
orjson_3_10_2,628037d25d2b60f8e950f902fbab7a752a89a3b9,0,9261597.333333334,4811.0,294,83,0,0,48,50,61,316,159,157,84,14,73,15,24,34,341,4,1,1,0,2,0,0,0,6,2,1,3,2,0,2,12,10,2,0,2,48,2,5,4,4,5,5,0,3,50,9,3,657
orjson_3_10_3,628037d25d2b60f8e950f902fbab7a752a89a3b9,0,9376153.0,4898.0,294,83,0,0,48,50,61,316,159,157,84,14,73,15,24,34,341,4,1,1,0,2,0,0,0,6,2,1,3,2,0,2,12,10,2,0,2,48,2,5,4,4,5,5,0,3,50,9,3,657
orjson_3_10_4,628037d25d2b60f8e950f902fbab7a752a89a3b9,0,9494764.0,5048.0,294,83,0,0,48,50,61,316,159,157,84,14,73,15,24,34,341,4,1,1,0,2,0,0,0,6,2,1,3,2,0,2,12,10,2,0,2,48,2,5,4,4,5,5,0,3,50,9,3,657
orjson_3_10_5,628037d25d2b60f8e950f902fbab7a752a89a3b9,0,9590986.333333334,5097.0,294,83,0,0,48,50,61,316,159,157,84,14,73,15,24,34,341,4,1,1,0,2,0,0,0,6,2,1,3,2,0,2,12,10,2,0,2,48,2,5,4,4,5,5,0,3,50,9,3,657
orjson_3_10_6,628037d25d2b60f8e950f902fbab7a752a89a3b9,0,9340694.333333334,4811.0,294,83,0,0,48,50,61,316,159,157,84,14,73,15,24,34,341,4,1,1,0,2,0,0,0,6,2,1,3,2,0,2,12,10,2,0,2,48,2,5,4,4,5,5,0,3,50,9,3,657
orjson_3_10_1,2372b14102dda04f5ea88946536705aa6e74ad42,0,7322114.0,3341.0,266,54,0,0,48,50,58,133,66,67,31,2,36,6,20,10,123,10,2,1,1,2,1,1,1,8,1,1,4,2,1,0,9,8,2,0,2,48,2,1,1,1,1,0,0,3,50,10,4,256
orjson_3_10_2,2372b14102dda04f5ea88946536705aa6e74ad42,0,6595222.0,3293.0,266,54,0,0,48,50,58,133,66,67,31,2,36,6,20,10,123,10,2,1,1,2,1,1,1,8,1,1,4,2,1,0,9,8,2,0,2,48,2,1,1,1,1,0,0,3,50,10,4,256
orjson_3_10_3,2372b14102dda04f5ea88946536705aa6e74ad42,0,6333569.666666667,3026.0,266,54,0,0,48,50,58,133,66,67,31,2,36,6,20,10,123,10,2,1,1,2,1,1,1,8,1,1,4,2,1,0,9,8,2,0,2,48,2,1,1,1,1,0,0,3,50,10,4,256
orjson_3_10_4,2372b14102dda04f5ea88946536705aa6e74ad42,0,6415180.333333333,3137.0,266,54,0,0,48,50,58,133,66,67,31,2,36,6,20,10,123,10,2,1,1,2,1,1,1,8,1,1,4,2,1,0,9,8,2,0,2,48,2,1,1,1,1,0,0,3,50,10,4,256
orjson_3_10_5,2372b14102dda04f5ea88946536705aa6e74ad42,0,6442527.666666667,3157.0,266,54,0,0,48,50,58,133,66,67,31,2,36,6,20,10,123,10,2,1,1,2,1,1,1,8,1,1,4,2,1,0,9,8,2,0,2,48,2,1,1,1,1,0,0,3,50,10,4,256
orjson_3_10_6,2372b14102dda04f5ea88946536705aa6e74ad42,0,6470361.333333333,3026.0,266,54,0,0,48,50,58,133,66,67,31,2,36,6,20,10,123,10,2,1,1,2,1,1,1,8,1,1,4,2,1,0,9,8,2,0,2,48,2,1,1,1,1,0,0,3,50,10,4,256
orjson_3_10_1,4aaec78bd88033ddda241602ffbb8014f58f79d2,0,1778083.6666666667,872.0,23,9,0,0,2,3,4,101,41,60,29,1,31,9,9,13,110,1,0,0,0,0,0,0,0,0,0,0,0,0,0,0,0,1,1,0,1,2,1,1,0,0,1,0,0,1,3,0,0,211
orjson_3_10_2,4aaec78bd88033ddda241602ffbb8014f58f79d2,0,1812736.3333333333,872.0,23,9,0,0,2,3,4,101,41,60,29,1,31,9,9,13,110,1,0,0,0,0,0,0,0,0,0,0,0,0,0,0,0,1,1,0,1,2,1,1,0,0,1,0,0,1,3,0,0,211
orjson_3_10_3,4aaec78bd88033ddda241602ffbb8014f58f79d2,0,1807666.3333333333,872.0,23,9,0,0,2,3,4,101,41,60,29,1,31,9,9,13,110,1,0,0,0,0,0,0,0,0,0,0,0,0,0,0,0,1,1,0,1,2,1,1,0,0,1,0,0,1,3,0,0,211
orjson_3_10_4,4aaec78bd88033ddda241602ffbb8014f58f79d2,0,1754986.3333333333,872.0,23,9,0,0,2,3,4,101,41,60,29,1,31,9,9,13,110,1,0,0,0,0,0,0,0,0,0,0,0,0,0,0,0,1,1,0,1,2,1,1,0,0,1,0,0,1,3,0,0,211
orjson_3_10_5,4aaec78bd88033ddda241602ffbb8014f58f79d2,0,1759819.3333333333,872.0,23,9,0,0,2,3,4,101,41,60,29,1,31,9,9,13,110,1,0,0,0,0,0,0,0,0,0,0,0,0,0,0,0,1,1,0,1,2,1,1,0,0,1,0,0,1,3,0,0,211
orjson_3_10_6,4aaec78bd88033ddda241602ffbb8014f58f79d2,0,1773597.0,872.0,23,9,0,0,2,3,4,101,41,60,29,1,31,9,9,13,110,1,0,0,0,0,0,0,0,0,0,0,0,0,0,0,0,1,1,0,1,2,1,1,0,0,1,0,0,1,3,0,0,211
orjson_3_10_1,862c969b71d501ae4dee3674f8ed4a146b0db5af,0,10017653.0,4010.0,186,79,4,23,29,39,19,437,199,238,122,17,116,40,27,49,411,4,3,1,3,7,6,2,2,2,1,1,6,3,2,0,6,4,6,4,6,6,6,6,5,5,6,6,0,11,12,7,6,848
orjson_3_10_2,862c969b71d501ae4dee3674f8ed4a146b0db5af,0,10003542.0,4010.0,186,79,4,23,29,39,19,437,199,238,122,17,116,40,27,49,411,4,3,1,3,7,6,2,2,2,1,1,6,3,2,0,6,4,6,4,6,6,6,6,5,5,6,6,0,11,12,7,6,848
orjson_3_10_3,862c969b71d501ae4dee3674f8ed4a146b0db5af,0,9955125.333333334,4010.0,186,79,4,23,29,39,19,437,199,238,122,17,116,40,27,49,411,4,3,1,3,7,6,2,2,2,1,1,6,3,2,0,6,4,6,4,6,6,6,6,5,5,6,6,0,11,12,7,6,848
orjson_3_10_4,862c969b71d501ae4dee3674f8ed4a146b0db5af,0,9956916.666666666,4010.0,186,79,4,23,29,39,19,437,199,238,122,17,116,40,27,49,411,4,3,1,3,7,6,2,2,2,1,1,6,3,2,0,6,4,6,4,6,6,6,6,5,5,6,6,0,11,12,7,6,848
orjson_3_10_5,862c969b71d501ae4dee3674f8ed4a146b0db5af,0,9833527.666666666,4010.0,186,79,4,23,29,39,19,437,199,238,122,17,116,40,27,49,411,4,3,1,3,7,6,2,2,2,1,1,6,3,2,0,6,4,6,4,6,6,6,6,5,5,6,6,0,11,12,7,6,848
orjson_3_10_6,862c969b71d501ae4dee3674f8ed4a146b0db5af,0,10029194.0,4010.0,186,79,4,23,29,39,19,437,199,238,122,17,116,40,27,49,411,4,3,1,3,7,6,2,2,2,1,1,6,3,2,0,6,4,6,4,6,6,6,6,5,5,6,6,0,11,12,7,6,848
orjson_3_10_1,0be329672bdce331a3363ea840cd423348827798,0,9218027.666666666,4076.0,196,97,3,23,29,36,14,424,212,212,95,11,117,35,39,43,427,7,1,1,0,1,0,0,0,0,0,1,1,0,0,0,9,4,4,3,4,6,4,4,6,6,4,1,0,6,10,8,1,851
orjson_3_10_2,0be329672bdce331a3363ea840cd423348827798,0,9062930.333333334,4076.0,196,97,3,23,29,36,14,424,212,212,95,11,117,35,39,43,427,7,1,1,0,1,0,0,0,0,0,1,1,0,0,0,9,4,4,3,4,6,4,4,6,6,4,1,0,6,10,8,1,851
orjson_3_10_3,0be329672bdce331a3363ea840cd423348827798,0,9096611.0,4076.0,196,97,3,23,29,36,14,424,212,212,95,11,117,35,39,43,427,7,1,1,0,1,0,0,0,0,0,1,1,0,0,0,9,4,4,3,4,6,4,4,6,6,4,1,0,6,10,8,1,851
orjson_3_10_4,0be329672bdce331a3363ea840cd423348827798,0,9072152.666666666,4076.0,196,97,3,23,29,36,14,424,212,212,95,11,117,35,39,43,427,7,1,1,0,1,0,0,0,0,0,1,1,0,0,0,9,4,4,3,4,6,4,4,6,6,4,1,0,6,10,8,1,851
orjson_3_10_5,0be329672bdce331a3363ea840cd423348827798,0,9118569.333333334,4076.0,196,97,3,23,29,36,14,424,212,212,95,11,117,35,39,43,427,7,1,1,0,1,0,0,0,0,0,1,1,0,0,0,9,4,4,3,4,6,4,4,6,6,4,1,0,6,10,8,1,851
orjson_3_10_6,0be329672bdce331a3363ea840cd423348827798,0,9243875.333333334,4076.0,196,97,3,23,29,36,14,424,212,212,95,11,117,35,39,43,427,7,1,1,0,1,0,0,0,0,0,1,1,0,0,0,9,4,4,3,4,6,4,4,6,6,4,1,0,6,10,8,1,851
orjson_3_10_1,ff83cb69ebc3b90f46df0a772b3ee577a6dc6c11,0,9904999.666666666,4028.0,118,59,1,3,10,16,12,450,240,210,105,9,105,35,38,32,445,1,3,0,3,6,3,3,2,14,1,0,4,1,1,0,3,2,5,1,5,7,5,5,1,1,5,3,0,6,12,2,4,895
orjson_3_10_2,ff83cb69ebc3b90f46df0a772b3ee577a6dc6c11,0,10039264.0,4028.0,118,59,1,3,10,16,12,450,240,210,105,9,105,35,38,32,445,1,3,0,3,6,3,3,2,14,1,0,4,1,1,0,3,2,5,1,5,7,5,5,1,1,5,3,0,6,12,2,4,895
orjson_3_10_3,ff83cb69ebc3b90f46df0a772b3ee577a6dc6c11,0,10043208.333333334,4028.0,118,59,1,3,10,16,12,450,240,210,105,9,105,35,38,32,445,1,3,0,3,6,3,3,2,14,1,0,4,1,1,0,3,2,5,1,5,7,5,5,1,1,5,3,0,6,12,2,4,895
orjson_3_10_4,ff83cb69ebc3b90f46df0a772b3ee577a6dc6c11,0,9921513.666666666,4028.0,118,59,1,3,10,16,12,450,240,210,105,9,105,35,38,32,445,1,3,0,3,6,3,3,2,14,1,0,4,1,1,0,3,2,5,1,5,7,5,5,1,1,5,3,0,6,12,2,4,895
orjson_3_10_5,ff83cb69ebc3b90f46df0a772b3ee577a6dc6c11,0,9935222.333333334,4028.0,118,59,1,3,10,16,12,450,240,210,105,9,105,35,38,32,445,1,3,0,3,6,3,3,2,14,1,0,4,1,1,0,3,2,5,1,5,7,5,5,1,1,5,3,0,6,12,2,4,895
orjson_3_10_6,ff83cb69ebc3b90f46df0a772b3ee577a6dc6c11,0,9994722.333333334,4028.0,118,59,1,3,10,16,12,450,240,210,105,9,105,35,38,32,445,1,3,0,3,6,3,3,2,14,1,0,4,1,1,0,3,2,5,1,5,7,5,5,1,1,5,3,0,6,12,2,4,895
orjson_3_10_1,f0c5917d99794d5bf7cbf6460c98b85787ae910b,0,1643444.0,844.0,34,15,0,0,3,4,6,90,57,33,13,0,20,7,6,7,82,0,1,1,0,0,0,0,0,0,0,1,1,0,0,0,0,0,1,0,1,3,1,0,0,0,0,0,0,2,4,1,1,172
orjson_3_10_2,f0c5917d99794d5bf7cbf6460c98b85787ae910b,0,1663541.6666666667,844.0,34,15,0,0,3,4,6,90,57,33,13,0,20,7,6,7,82,0,1,1,0,0,0,0,0,0,0,1,1,0,0,0,0,0,1,0,1,3,1,0,0,0,0,0,0,2,4,1,1,172
orjson_3_10_3,f0c5917d99794d5bf7cbf6460c98b85787ae910b,0,1644778.3333333333,844.0,34,15,0,0,3,4,6,90,57,33,13,0,20,7,6,7,82,0,1,1,0,0,0,0,0,0,0,1,1,0,0,0,0,0,1,0,1,3,1,0,0,0,0,0,0,2,4,1,1,172
orjson_3_10_4,f0c5917d99794d5bf7cbf6460c98b85787ae910b,0,1635292.0,844.0,34,15,0,0,3,4,6,90,57,33,13,0,20,7,6,7,82,0,1,1,0,0,0,0,0,0,0,1,1,0,0,0,0,0,1,0,1,3,1,0,0,0,0,0,0,2,4,1,1,172
orjson_3_10_5,f0c5917d99794d5bf7cbf6460c98b85787ae910b,0,1653166.6666666667,844.0,34,15,0,0,3,4,6,90,57,33,13,0,20,7,6,7,82,0,1,1,0,0,0,0,0,0,0,1,1,0,0,0,0,0,1,0,1,3,1,0,0,0,0,0,0,2,4,1,1,172
orjson_3_10_6,f0c5917d99794d5bf7cbf6460c98b85787ae910b,0,1657069.3333333333,844.0,34,15,0,0,3,4,6,90,57,33,13,0,20,7,6,7,82,0,1,1,0,0,0,0,0,0,0,1,1,0,0,0,0,0,1,0,1,3,1,0,0,0,0,0,0,2,4,1,1,172
orjson_3_10_1,6f8728a0f049e8995c864c4df2f3b1c40a4e6532,0,4867888.666666667,1840.0,59,29,0,0,5,7,7,210,96,114,57,9,57,22,21,14,244,3,2,1,1,1,1,1,0,0,1,1,2,0,0,0,1,0,2,0,2,5,2,2,4,4,2,3,0,2,7,0,2,454
orjson_3_10_2,6f8728a0f049e8995c864c4df2f3b1c40a4e6532,0,4983042.0,1840.0,59,29,0,0,5,7,7,210,96,114,57,9,57,22,21,14,244,3,2,1,1,1,1,1,0,0,1,1,2,0,0,0,1,0,2,0,2,5,2,2,4,4,2,3,0,2,7,0,2,454
orjson_3_10_3,6f8728a0f049e8995c864c4df2f3b1c40a4e6532,0,4972055.666666667,1840.0,59,29,0,0,5,7,7,210,96,114,57,9,57,22,21,14,244,3,2,1,1,1,1,1,0,0,1,1,2,0,0,0,1,0,2,0,2,5,2,2,4,4,2,3,0,2,7,0,2,454
orjson_3_10_4,6f8728a0f049e8995c864c4df2f3b1c40a4e6532,0,4847986.333333333,1840.0,59,29,0,0,5,7,7,210,96,114,57,9,57,22,21,14,244,3,2,1,1,1,1,1,0,0,1,1,2,0,0,0,1,0,2,0,2,5,2,2,4,4,2,3,0,2,7,0,2,454
orjson_3_10_5,6f8728a0f049e8995c864c4df2f3b1c40a4e6532,0,4833917.0,1840.0,59,29,0,0,5,7,7,210,96,114,57,9,57,22,21,14,244,3,2,1,1,1,1,1,0,0,1,1,2,0,0,0,1,0,2,0,2,5,2,2,4,4,2,3,0,2,7,0,2,454
orjson_3_10_6,6f8728a0f049e8995c864c4df2f3b1c40a4e6532,0,4857680.666666667,1840.0,59,29,0,0,5,7,7,210,96,114,57,9,57,22,21,14,244,3,2,1,1,1,1,1,0,0,1,1,2,0,0,0,1,0,2,0,2,5,2,2,4,4,2,3,0,2,7,0,2,454
orjson_3_10_1,e3da62fb765dc099b93bf6fd011af41c539ff01b,0,9883458.0,3925.0,198,104,3,20,27,34,14,435,204,231,120,15,111,37,34,40,432,7,5,2,4,5,9,3,3,0,0,2,5,0,0,0,7,4,4,3,4,7,4,4,5,5,4,6,0,5,11,5,5,867
orjson_3_10_2,e3da62fb765dc099b93bf6fd011af41c539ff01b,0,10032014.0,3925.0,198,104,3,20,27,34,14,435,204,231,120,15,111,37,34,40,432,7,5,2,4,5,9,3,3,0,0,2,5,0,0,0,7,4,4,3,4,7,4,4,5,5,4,6,0,5,11,5,5,867
orjson_3_10_3,e3da62fb765dc099b93bf6fd011af41c539ff01b,0,10029333.333333334,3925.0,198,104,3,20,27,34,14,435,204,231,120,15,111,37,34,40,432,7,5,2,4,5,9,3,3,0,0,2,5,0,0,0,7,4,4,3,4,7,4,4,5,5,4,6,0,5,11,5,5,867
orjson_3_10_4,e3da62fb765dc099b93bf6fd011af41c539ff01b,0,9750556.0,3925.0,198,104,3,20,27,34,14,435,204,231,120,15,111,37,34,40,432,7,5,2,4,5,9,3,3,0,0,2,5,0,0,0,7,4,4,3,4,7,4,4,5,5,4,6,0,5,11,5,5,867
orjson_3_10_5,e3da62fb765dc099b93bf6fd011af41c539ff01b,0,9891236.333333334,3925.0,198,104,3,20,27,34,14,435,204,231,120,15,111,37,34,40,432,7,5,2,4,5,9,3,3,0,0,2,5,0,0,0,7,4,4,3,4,7,4,4,5,5,4,6,0,5,11,5,5,867
orjson_3_10_6,e3da62fb765dc099b93bf6fd011af41c539ff01b,0,9968902.666666666,3925.0,198,104,3,20,27,34,14,435,204,231,120,15,111,37,34,40,432,7,5,2,4,5,9,3,3,0,0,2,5,0,0,0,7,4,4,3,4,7,4,4,5,5,4,6,0,5,11,5,5,867
orjson_3_10_1,a426a88ab4b1f025c13d22c9ac2cc1aa78d42734,0,4597458.333333333,1944.0,56,26,0,0,5,7,7,222,126,96,54,3,42,15,12,15,212,0,1,0,1,3,1,1,0,4,1,0,2,1,1,0,3,1,2,0,2,5,2,1,1,1,1,1,0,2,7,0,2,434
orjson_3_10_2,a426a88ab4b1f025c13d22c9ac2cc1aa78d42734,0,4677958.333333333,1944.0,56,26,0,0,5,7,7,222,126,96,54,3,42,15,12,15,212,0,1,0,1,3,1,1,0,4,1,0,2,1,1,0,3,1,2,0,2,5,2,1,1,1,1,1,0,2,7,0,2,434
orjson_3_10_3,a426a88ab4b1f025c13d22c9ac2cc1aa78d42734,0,4709181.0,1944.0,56,26,0,0,5,7,7,222,126,96,54,3,42,15,12,15,212,0,1,0,1,3,1,1,0,4,1,0,2,1,1,0,3,1,2,0,2,5,2,1,1,1,1,1,0,2,7,0,2,434
orjson_3_10_4,a426a88ab4b1f025c13d22c9ac2cc1aa78d42734,0,4632736.333333333,1944.0,56,26,0,0,5,7,7,222,126,96,54,3,42,15,12,15,212,0,1,0,1,3,1,1,0,4,1,0,2,1,1,0,3,1,2,0,2,5,2,1,1,1,1,1,0,2,7,0,2,434
orjson_3_10_5,a426a88ab4b1f025c13d22c9ac2cc1aa78d42734,0,4626791.666666667,1944.0,56,26,0,0,5,7,7,222,126,96,54,3,42,15,12,15,212,0,1,0,1,3,1,1,0,4,1,0,2,1,1,0,3,1,2,0,2,5,2,1,1,1,1,1,0,2,7,0,2,434
orjson_3_10_6,a426a88ab4b1f025c13d22c9ac2cc1aa78d42734,0,4675361.0,1944.0,56,26,0,0,5,7,7,222,126,96,54,3,42,15,12,15,212,0,1,0,1,3,1,1,0,4,1,0,2,1,1,0,3,1,2,0,2,5,2,1,1,1,1,1,0,2,7,0,2,434
orjson_3_10_1,5f0f036067571dce25f93fac298485df61e8da00,0,5551666.333333333,2444.0,47,25,0,0,3,5,5,270,129,141,68,15,73,25,21,27,263,0,0,0,0,0,0,0,0,0,0,0,1,1,1,0,2,1,2,0,2,3,2,10,2,2,10,3,0,2,5,0,1,533
orjson_3_10_2,5f0f036067571dce25f93fac298485df61e8da00,0,5655875.0,2444.0,47,25,0,0,3,5,5,270,129,141,68,15,73,25,21,27,263,0,0,0,0,0,0,0,0,0,0,0,1,1,1,0,2,1,2,0,2,3,2,10,2,2,10,3,0,2,5,0,1,533
orjson_3_10_3,5f0f036067571dce25f93fac298485df61e8da00,0,5711097.333333333,2444.0,47,25,0,0,3,5,5,270,129,141,68,15,73,25,21,27,263,0,0,0,0,0,0,0,0,0,0,0,1,1,1,0,2,1,2,0,2,3,2,10,2,2,10,3,0,2,5,0,1,533
orjson_3_10_4,5f0f036067571dce25f93fac298485df61e8da00,0,5603389.0,2444.0,47,25,0,0,3,5,5,270,129,141,68,15,73,25,21,27,263,0,0,0,0,0,0,0,0,0,0,0,1,1,1,0,2,1,2,0,2,3,2,10,2,2,10,3,0,2,5,0,1,533
orjson_3_10_5,5f0f036067571dce25f93fac298485df61e8da00,0,5596430.333333333,2444.0,47,25,0,0,3,5,5,270,129,141,68,15,73,25,21,27,263,0,0,0,0,0,0,0,0,0,0,0,1,1,1,0,2,1,2,0,2,3,2,10,2,2,10,3,0,2,5,0,1,533
orjson_3_10_6,5f0f036067571dce25f93fac298485df61e8da00,0,5651278.0,2444.0,47,25,0,0,3,5,5,270,129,141,68,15,73,25,21,27,263,0,0,0,0,0,0,0,0,0,0,0,1,1,1,0,2,1,2,0,2,3,2,10,2,2,10,3,0,2,5,0,1,533
orjson_3_10_1,599bae597fbac972d81c52c3cbf05747e312ccc0,0,336347.3333333333,120.0,18,8,0,0,1,2,2,3,1,2,2,0,0,0,0,0,5,1,0,0,0,0,0,0,0,0,0,0,0,0,0,0,0,1,1,0,1,1,1,0,0,0,0,0,0,1,2,0,0,8
orjson_3_10_2,599bae597fbac972d81c52c3cbf05747e312ccc0,0,335083.0,120.0,18,8,0,0,1,2,2,3,1,2,2,0,0,0,0,0,5,1,0,0,0,0,0,0,0,0,0,0,0,0,0,0,0,1,1,0,1,1,1,0,0,0,0,0,0,1,2,0,0,8
orjson_3_10_3,599bae597fbac972d81c52c3cbf05747e312ccc0,0,343424.8,120.0,18,8,0,0,1,2,2,3,1,2,2,0,0,0,0,0,5,1,0,0,0,0,0,0,0,0,0,0,0,0,0,0,0,1,1,0,1,1,1,0,0,0,0,0,0,1,2,0,0,8
orjson_3_10_4,599bae597fbac972d81c52c3cbf05747e312ccc0,0,336597.0,120.0,18,8,0,0,1,2,2,3,1,2,2,0,0,0,0,0,5,1,0,0,0,0,0,0,0,0,0,0,0,0,0,0,0,1,1,0,1,1,1,0,0,0,0,0,0,1,2,0,0,8
orjson_3_10_5,599bae597fbac972d81c52c3cbf05747e312ccc0,0,332000.0,120.0,18,8,0,0,1,2,2,3,1,2,2,0,0,0,0,0,5,1,0,0,0,0,0,0,0,0,0,0,0,0,0,0,0,1,1,0,1,1,1,0,0,0,0,0,0,1,2,0,0,8
orjson_3_10_6,599bae597fbac972d81c52c3cbf05747e312ccc0,0,332847.0,120.0,18,8,0,0,1,2,2,3,1,2,2,0,0,0,0,0,5,1,0,0,0,0,0,0,0,0,0,0,0,0,0,0,0,1,1,0,1,1,1,0,0,0,0,0,0,1,2,0,0,8
orjson_3_10_1,1710e8906d175d79cf802fd5c9b00d49226a20e2,0,10009924.9,3863.0,329,181,4,42,49,58,19,399,195,204,102,11,102,38,37,27,377,6,9,5,7,6,13,4,2,41,4,5,12,3,1,2,9,10,5,4,5,7,5,4,3,3,4,4,0,7,12,10,12,776
orjson_3_10_2,1710e8906d175d79cf802fd5c9b00d49226a20e2,0,9532486.333333334,3863.0,329,181,4,42,49,58,19,399,195,204,102,11,102,38,37,27,377,6,9,5,7,6,13,4,2,41,4,5,12,3,1,2,9,10,5,4,5,7,5,4,3,3,4,4,0,7,12,10,12,776
orjson_3_10_3,1710e8906d175d79cf802fd5c9b00d49226a20e2,0,9566125.0,3863.0,329,181,4,42,49,58,19,399,195,204,102,11,102,38,37,27,377,6,9,5,7,6,13,4,2,41,4,5,12,3,1,2,9,10,5,4,5,7,5,4,3,3,4,4,0,7,12,10,12,776
orjson_3_10_4,1710e8906d175d79cf802fd5c9b00d49226a20e2,0,9419194.666666666,3863.0,329,181,4,42,49,58,19,399,195,204,102,11,102,38,37,27,377,6,9,5,7,6,13,4,2,41,4,5,12,3,1,2,9,10,5,4,5,7,5,4,3,3,4,4,0,7,12,10,12,776
orjson_3_10_5,1710e8906d175d79cf802fd5c9b00d49226a20e2,0,9531708.333333334,3863.0,329,181,4,42,49,58,19,399,195,204,102,11,102,38,37,27,377,6,9,5,7,6,13,4,2,41,4,5,12,3,1,2,9,10,5,4,5,7,5,4,3,3,4,4,0,7,12,10,12,776
orjson_3_10_6,1710e8906d175d79cf802fd5c9b00d49226a20e2,0,9534222.333333334,3863.0,329,181,4,42,49,58,19,399,195,204,102,11,102,38,37,27,377,6,9,5,7,6,13,4,2,41,4,5,12,3,1,2,9,10,5,4,5,7,5,4,3,3,4,4,0,7,12,10,12,776
orjson_3_10_1,745ea46a1518377dd67f746b6f4fb6858052198d,0,1783805.6666666667,988.0,29,15,0,0,2,3,4,97,50,47,21,2,26,10,10,6,95,0,0,0,0,1,0,0,0,6,1,0,1,1,0,1,0,1,1,0,1,2,1,1,0,0,1,1,0,1,3,0,1,192
orjson_3_10_2,745ea46a1518377dd67f746b6f4fb6858052198d,0,1787403.0,988.0,29,15,0,0,2,3,4,97,50,47,21,2,26,10,10,6,95,0,0,0,0,1,0,0,0,6,1,0,1,1,0,1,0,1,1,0,1,2,1,1,0,0,1,1,0,1,3,0,1,192
orjson_3_10_3,745ea46a1518377dd67f746b6f4fb6858052198d,0,1805861.3333333333,988.0,29,15,0,0,2,3,4,97,50,47,21,2,26,10,10,6,95,0,0,0,0,1,0,0,0,6,1,0,1,1,0,1,0,1,1,0,1,2,1,1,0,0,1,1,0,1,3,0,1,192
orjson_3_10_4,745ea46a1518377dd67f746b6f4fb6858052198d,0,1763333.3333333333,988.0,29,15,0,0,2,3,4,97,50,47,21,2,26,10,10,6,95,0,0,0,0,1,0,0,0,6,1,0,1,1,0,1,0,1,1,0,1,2,1,1,0,0,1,1,0,1,3,0,1,192
orjson_3_10_5,745ea46a1518377dd67f746b6f4fb6858052198d,0,1776430.6666666667,988.0,29,15,0,0,2,3,4,97,50,47,21,2,26,10,10,6,95,0,0,0,0,1,0,0,0,6,1,0,1,1,0,1,0,1,1,0,1,2,1,1,0,0,1,1,0,1,3,0,1,192
orjson_3_10_6,745ea46a1518377dd67f746b6f4fb6858052198d,0,1806083.3333333333,988.0,29,15,0,0,2,3,4,97,50,47,21,2,26,10,10,6,95,0,0,0,0,1,0,0,0,6,1,0,1,1,0,1,0,1,1,0,1,2,1,1,0,0,1,1,0,1,3,0,1,192
orjson_3_10_1,2aee50b059a500aeca0af8c6f3d5dd85666afe45,0,2107069.6666666665,808.0,37,23,0,0,2,3,4,101,41,60,36,3,24,7,10,7,91,1,0,0,0,0,0,0,0,0,0,0,0,0,0,0,1,0,1,0,1,2,1,2,0,0,2,1,0,1,3,0,0,192
orjson_3_10_2,2aee50b059a500aeca0af8c6f3d5dd85666afe45,0,2167000.0,808.0,37,23,0,0,2,3,4,101,41,60,36,3,24,7,10,7,91,1,0,0,0,0,0,0,0,0,0,0,0,0,0,0,1,0,1,0,1,2,1,2,0,0,2,1,0,1,3,0,0,192
orjson_3_10_3,2aee50b059a500aeca0af8c6f3d5dd85666afe45,0,2131180.3333333335,808.0,37,23,0,0,2,3,4,101,41,60,36,3,24,7,10,7,91,1,0,0,0,0,0,0,0,0,0,0,0,0,0,0,1,0,1,0,1,2,1,2,0,0,2,1,0,1,3,0,0,192
orjson_3_10_4,2aee50b059a500aeca0af8c6f3d5dd85666afe45,0,2085542.0,808.0,37,23,0,0,2,3,4,101,41,60,36,3,24,7,10,7,91,1,0,0,0,0,0,0,0,0,0,0,0,0,0,0,1,0,1,0,1,2,1,2,0,0,2,1,0,1,3,0,0,192
orjson_3_10_5,2aee50b059a500aeca0af8c6f3d5dd85666afe45,0,2074000.0,808.0,37,23,0,0,2,3,4,101,41,60,36,3,24,7,10,7,91,1,0,0,0,0,0,0,0,0,0,0,0,0,0,0,1,0,1,0,1,2,1,2,0,0,2,1,0,1,3,0,0,192
orjson_3_10_6,2aee50b059a500aeca0af8c6f3d5dd85666afe45,0,2149333.25,808.0,37,23,0,0,2,3,4,101,41,60,36,3,24,7,10,7,91,1,0,0,0,0,0,0,0,0,0,0,0,0,0,0,1,0,1,0,1,2,1,2,0,0,2,1,0,1,3,0,0,192
orjson_3_10_1,bbe900cb9778587a617bacf598bae1c05978f394,0,9457542.0,3884.0,97,46,0,0,8,12,12,456,239,217,101,9,116,48,38,30,468,1,1,1,0,1,0,0,0,0,0,1,2,1,1,0,3,2,4,0,4,8,4,1,3,3,1,5,0,4,12,1,2,924
orjson_3_10_2,bbe900cb9778587a617bacf598bae1c05978f394,0,9646458.0,3884.0,97,46,0,0,8,12,12,456,239,217,101,9,116,48,38,30,468,1,1,1,0,1,0,0,0,0,0,1,2,1,1,0,3,2,4,0,4,8,4,1,3,3,1,5,0,4,12,1,2,924
orjson_3_10_3,bbe900cb9778587a617bacf598bae1c05978f394,0,9558750.333333334,3884.0,97,46,0,0,8,12,12,456,239,217,101,9,116,48,38,30,468,1,1,1,0,1,0,0,0,0,0,1,2,1,1,0,3,2,4,0,4,8,4,1,3,3,1,5,0,4,12,1,2,924
orjson_3_10_4,bbe900cb9778587a617bacf598bae1c05978f394,0,9492346.666666666,3884.0,97,46,0,0,8,12,12,456,239,217,101,9,116,48,38,30,468,1,1,1,0,1,0,0,0,0,0,1,2,1,1,0,3,2,4,0,4,8,4,1,3,3,1,5,0,4,12,1,2,924
orjson_3_10_5,bbe900cb9778587a617bacf598bae1c05978f394,0,9457278.0,3884.0,97,46,0,0,8,12,12,456,239,217,101,9,116,48,38,30,468,1,1,1,0,1,0,0,0,0,0,1,2,1,1,0,3,2,4,0,4,8,4,1,3,3,1,5,0,4,12,1,2,924
orjson_3_10_6,bbe900cb9778587a617bacf598bae1c05978f394,0,9616611.0,3884.0,97,46,0,0,8,12,12,456,239,217,101,9,116,48,38,30,468,1,1,1,0,1,0,0,0,0,0,1,2,1,1,0,3,2,4,0,4,8,4,1,3,3,1,5,0,4,12,1,2,924
orjson_3_10_1,e61cb5b630ff25f45721fd00deb6a185e35b63c2,0,8710416.666666666,4044.0,107,51,1,4,12,16,13,463,231,232,126,17,106,29,29,48,449,1,0,0,0,0,0,0,1,10,1,0,3,3,1,1,4,3,3,1,3,8,3,3,9,9,3,5,0,3,11,1,3,912
orjson_3_10_2,e61cb5b630ff25f45721fd00deb6a185e35b63c2,0,8717500.333333334,4044.0,107,51,1,4,12,16,13,463,231,232,126,17,106,29,29,48,449,1,0,0,0,0,0,0,1,10,1,0,3,3,1,1,4,3,3,1,3,8,3,3,9,9,3,5,0,3,11,1,3,912
orjson_3_10_3,e61cb5b630ff25f45721fd00deb6a185e35b63c2,0,8752750.0,4044.0,107,51,1,4,12,16,13,463,231,232,126,17,106,29,29,48,449,1,0,0,0,0,0,0,1,10,1,0,3,3,1,1,4,3,3,1,3,8,3,3,9,9,3,5,0,3,11,1,3,912
orjson_3_10_4,e61cb5b630ff25f45721fd00deb6a185e35b63c2,0,8639125.0,4044.0,107,51,1,4,12,16,13,463,231,232,126,17,106,29,29,48,449,1,0,0,0,0,0,0,1,10,1,0,3,3,1,1,4,3,3,1,3,8,3,3,9,9,3,5,0,3,11,1,3,912
orjson_3_10_5,e61cb5b630ff25f45721fd00deb6a185e35b63c2,0,8623458.333333334,4044.0,107,51,1,4,12,16,13,463,231,232,126,17,106,29,29,48,449,1,0,0,0,0,0,0,1,10,1,0,3,3,1,1,4,3,3,1,3,8,3,3,9,9,3,5,0,3,11,1,3,912
orjson_3_10_6,e61cb5b630ff25f45721fd00deb6a185e35b63c2,0,8706208.333333334,4044.0,107,51,1,4,12,16,13,463,231,232,126,17,106,29,29,48,449,1,0,0,0,0,0,0,1,10,1,0,3,3,1,1,4,3,3,1,3,8,3,3,9,9,3,5,0,3,11,1,3,912
orjson_3_10_1,20c13a324f23d54d4e736c0e2093e83270f5f8e3,0,10438777.666666666,4918.0,283,78,0,0,48,50,55,325,175,150,63,6,87,30,31,26,339,13,3,2,1,5,2,1,2,16,2,2,8,5,2,1,14,6,2,0,2,48,2,1,3,3,1,2,0,3,50,3,8,664
orjson_3_10_2,20c13a324f23d54d4e736c0e2093e83270f5f8e3,0,9492805.666666666,4516.0,283,78,0,0,48,50,55,325,175,150,63,6,87,30,31,26,339,13,3,2,1,5,2,1,2,16,2,2,8,5,2,1,14,6,2,0,2,48,2,1,3,3,1,2,0,3,50,3,8,664
orjson_3_10_3,20c13a324f23d54d4e736c0e2093e83270f5f8e3,0,9696763.333333334,4516.0,283,78,0,0,48,50,55,325,175,150,63,6,87,30,31,26,339,13,3,2,1,5,2,1,2,16,2,2,8,5,2,1,14,6,2,0,2,48,2,1,3,3,1,2,0,3,50,3,8,664
orjson_3_10_4,20c13a324f23d54d4e736c0e2093e83270f5f8e3,0,9408416.666666666,4516.0,283,78,0,0,48,50,55,325,175,150,63,6,87,30,31,26,339,13,3,2,1,5,2,1,2,16,2,2,8,5,2,1,14,6,2,0,2,48,2,1,3,3,1,2,0,3,50,3,8,664
orjson_3_10_5,20c13a324f23d54d4e736c0e2093e83270f5f8e3,0,9400486.0,4516.0,283,78,0,0,48,50,55,325,175,150,63,6,87,30,31,26,339,13,3,2,1,5,2,1,2,16,2,2,8,5,2,1,14,6,2,0,2,48,2,1,3,3,1,2,0,3,50,3,8,664
orjson_3_10_6,20c13a324f23d54d4e736c0e2093e83270f5f8e3,0,9765528.0,4720.0,283,78,0,0,48,50,55,325,175,150,63,6,87,30,31,26,339,13,3,2,1,5,2,1,2,16,2,2,8,5,2,1,14,6,2,0,2,48,2,1,3,3,1,2,0,3,50,3,8,664
orjson_3_10_1,ca9e3af7972711a83c2c8696f7fbf0875806b9d5,0,10593666.666666666,4918.0,284,79,0,0,48,50,55,325,175,150,63,6,87,30,31,26,339,13,3,2,1,5,2,1,2,16,2,2,8,5,2,1,14,6,2,0,2,48,2,1,3,3,1,2,0,3,50,3,8,664
orjson_3_10_2,ca9e3af7972711a83c2c8696f7fbf0875806b9d5,0,9498416.333333334,4516.0,284,79,0,0,48,50,55,325,175,150,63,6,87,30,31,26,339,13,3,2,1,5,2,1,2,16,2,2,8,5,2,1,14,6,2,0,2,48,2,1,3,3,1,2,0,3,50,3,8,664
orjson_3_10_3,ca9e3af7972711a83c2c8696f7fbf0875806b9d5,0,9606277.666666666,4516.0,284,79,0,0,48,50,55,325,175,150,63,6,87,30,31,26,339,13,3,2,1,5,2,1,2,16,2,2,8,5,2,1,14,6,2,0,2,48,2,1,3,3,1,2,0,3,50,3,8,664
orjson_3_10_4,ca9e3af7972711a83c2c8696f7fbf0875806b9d5,0,9368611.333333334,4516.0,284,79,0,0,48,50,55,325,175,150,63,6,87,30,31,26,339,13,3,2,1,5,2,1,2,16,2,2,8,5,2,1,14,6,2,0,2,48,2,1,3,3,1,2,0,3,50,3,8,664
orjson_3_10_5,ca9e3af7972711a83c2c8696f7fbf0875806b9d5,0,9374791.333333334,4516.0,284,79,0,0,48,50,55,325,175,150,63,6,87,30,31,26,339,13,3,2,1,5,2,1,2,16,2,2,8,5,2,1,14,6,2,0,2,48,2,1,3,3,1,2,0,3,50,3,8,664
orjson_3_10_6,ca9e3af7972711a83c2c8696f7fbf0875806b9d5,0,9746708.333333334,4720.0,284,79,0,0,48,50,55,325,175,150,63,6,87,30,31,26,339,13,3,2,1,5,2,1,2,16,2,2,8,5,2,1,14,6,2,0,2,48,2,1,3,3,1,2,0,3,50,3,8,664
orjson_3_10_1,ed495c6ba65804dc3bf5560f7a09affdef5086e6,0,10557430.333333334,4918.0,283,78,0,0,48,50,55,325,175,150,63,6,87,30,31,26,339,13,3,2,1,5,2,1,2,16,2,2,8,5,2,1,14,6,2,0,2,48,2,1,3,3,1,2,0,3,50,3,8,664
orjson_3_10_2,ed495c6ba65804dc3bf5560f7a09affdef5086e6,0,9497777.666666666,4516.0,283,78,0,0,48,50,55,325,175,150,63,6,87,30,31,26,339,13,3,2,1,5,2,1,2,16,2,2,8,5,2,1,14,6,2,0,2,48,2,1,3,3,1,2,0,3,50,3,8,664
orjson_3_10_3,ed495c6ba65804dc3bf5560f7a09affdef5086e6,0,9560458.333333334,4516.0,283,78,0,0,48,50,55,325,175,150,63,6,87,30,31,26,339,13,3,2,1,5,2,1,2,16,2,2,8,5,2,1,14,6,2,0,2,48,2,1,3,3,1,2,0,3,50,3,8,664
orjson_3_10_4,ed495c6ba65804dc3bf5560f7a09affdef5086e6,0,9448916.333333334,4516.0,283,78,0,0,48,50,55,325,175,150,63,6,87,30,31,26,339,13,3,2,1,5,2,1,2,16,2,2,8,5,2,1,14,6,2,0,2,48,2,1,3,3,1,2,0,3,50,3,8,664
orjson_3_10_5,ed495c6ba65804dc3bf5560f7a09affdef5086e6,0,9339958.666666666,4516.0,283,78,0,0,48,50,55,325,175,150,63,6,87,30,31,26,339,13,3,2,1,5,2,1,2,16,2,2,8,5,2,1,14,6,2,0,2,48,2,1,3,3,1,2,0,3,50,3,8,664
orjson_3_10_6,ed495c6ba65804dc3bf5560f7a09affdef5086e6,0,9729958.333333334,4720.0,283,78,0,0,48,50,55,325,175,150,63,6,87,30,31,26,339,13,3,2,1,5,2,1,2,16,2,2,8,5,2,1,14,6,2,0,2,48,2,1,3,3,1,2,0,3,50,3,8,664
orjson_3_10_1,d7dd1133c18113fcca45d5f4ff678336cda11557,0,10532833.666666666,4918.0,283,78,0,0,48,50,55,325,175,150,63,6,87,30,31,26,339,13,3,2,1,5,2,1,2,16,2,2,8,5,2,1,14,6,2,0,2,48,2,1,3,3,1,2,0,3,50,3,8,664
orjson_3_10_2,d7dd1133c18113fcca45d5f4ff678336cda11557,0,9538166.333333334,4516.0,283,78,0,0,48,50,55,325,175,150,63,6,87,30,31,26,339,13,3,2,1,5,2,1,2,16,2,2,8,5,2,1,14,6,2,0,2,48,2,1,3,3,1,2,0,3,50,3,8,664
orjson_3_10_3,d7dd1133c18113fcca45d5f4ff678336cda11557,0,9494527.666666666,4516.0,283,78,0,0,48,50,55,325,175,150,63,6,87,30,31,26,339,13,3,2,1,5,2,1,2,16,2,2,8,5,2,1,14,6,2,0,2,48,2,1,3,3,1,2,0,3,50,3,8,664
orjson_3_10_4,d7dd1133c18113fcca45d5f4ff678336cda11557,0,9430014.0,4516.0,283,78,0,0,48,50,55,325,175,150,63,6,87,30,31,26,339,13,3,2,1,5,2,1,2,16,2,2,8,5,2,1,14,6,2,0,2,48,2,1,3,3,1,2,0,3,50,3,8,664
orjson_3_10_5,d7dd1133c18113fcca45d5f4ff678336cda11557,0,9350305.333333334,4516.0,283,78,0,0,48,50,55,325,175,150,63,6,87,30,31,26,339,13,3,2,1,5,2,1,2,16,2,2,8,5,2,1,14,6,2,0,2,48,2,1,3,3,1,2,0,3,50,3,8,664
orjson_3_10_6,d7dd1133c18113fcca45d5f4ff678336cda11557,0,9918805.333333334,4720.0,283,78,0,0,48,50,55,325,175,150,63,6,87,30,31,26,339,13,3,2,1,5,2,1,2,16,2,2,8,5,2,1,14,6,2,0,2,48,2,1,3,3,1,2,0,3,50,3,8,664
orjson_3_10_1,a8a27a736c3c6c637126fb6960e2674a8b0122de,0,10438572.75,4918.0,284,79,0,0,48,50,55,325,175,150,63,6,87,30,31,26,339,13,3,2,1,5,2,1,2,16,2,2,8,5,2,1,14,6,2,0,2,48,2,1,3,3,1,2,0,3,50,3,8,664
orjson_3_10_2,a8a27a736c3c6c637126fb6960e2674a8b0122de,0,9473930.333333334,4516.0,284,79,0,0,48,50,55,325,175,150,63,6,87,30,31,26,339,13,3,2,1,5,2,1,2,16,2,2,8,5,2,1,14,6,2,0,2,48,2,1,3,3,1,2,0,3,50,3,8,664
orjson_3_10_3,a8a27a736c3c6c637126fb6960e2674a8b0122de,0,9516458.333333334,4516.0,284,79,0,0,48,50,55,325,175,150,63,6,87,30,31,26,339,13,3,2,1,5,2,1,2,16,2,2,8,5,2,1,14,6,2,0,2,48,2,1,3,3,1,2,0,3,50,3,8,664
orjson_3_10_4,a8a27a736c3c6c637126fb6960e2674a8b0122de,0,9392194.333333334,4516.0,284,79,0,0,48,50,55,325,175,150,63,6,87,30,31,26,339,13,3,2,1,5,2,1,2,16,2,2,8,5,2,1,14,6,2,0,2,48,2,1,3,3,1,2,0,3,50,3,8,664
orjson_3_10_5,a8a27a736c3c6c637126fb6960e2674a8b0122de,0,9367444.333333334,4516.0,284,79,0,0,48,50,55,325,175,150,63,6,87,30,31,26,339,13,3,2,1,5,2,1,2,16,2,2,8,5,2,1,14,6,2,0,2,48,2,1,3,3,1,2,0,3,50,3,8,664
orjson_3_10_6,a8a27a736c3c6c637126fb6960e2674a8b0122de,0,9768917.0,4720.0,284,79,0,0,48,50,55,325,175,150,63,6,87,30,31,26,339,13,3,2,1,5,2,1,2,16,2,2,8,5,2,1,14,6,2,0,2,48,2,1,3,3,1,2,0,3,50,3,8,664
orjson_3_10_1,3c3e7b7819faa1b84196b7b7bf0f38ec9cdfe260,0,4482347.333333333,2064.0,142,37,0,0,24,25,28,113,63,50,24,2,26,7,7,12,124,5,1,1,0,2,0,0,0,0,1,1,3,2,1,1,4,7,1,0,1,24,1,0,0,0,0,2,0,2,25,3,3,237
orjson_3_10_2,3c3e7b7819faa1b84196b7b7bf0f38ec9cdfe260,0,4161861.0,2064.0,142,37,0,0,24,25,28,113,63,50,24,2,26,7,7,12,124,5,1,1,0,2,0,0,0,0,1,1,3,2,1,1,4,7,1,0,1,24,1,0,0,0,0,2,0,2,25,3,3,237
orjson_3_10_3,3c3e7b7819faa1b84196b7b7bf0f38ec9cdfe260,0,4123041.3333333335,2064.0,142,37,0,0,24,25,28,113,63,50,24,2,26,7,7,12,124,5,1,1,0,2,0,0,0,0,1,1,3,2,1,1,4,7,1,0,1,24,1,0,0,0,0,2,0,2,25,3,3,237
orjson_3_10_4,3c3e7b7819faa1b84196b7b7bf0f38ec9cdfe260,0,4111097.3333333335,2064.0,142,37,0,0,24,25,28,113,63,50,24,2,26,7,7,12,124,5,1,1,0,2,0,0,0,0,1,1,3,2,1,1,4,7,1,0,1,24,1,0,0,0,0,2,0,2,25,3,3,237
orjson_3_10_5,3c3e7b7819faa1b84196b7b7bf0f38ec9cdfe260,0,4113805.6666666665,2064.0,142,37,0,0,24,25,28,113,63,50,24,2,26,7,7,12,124,5,1,1,0,2,0,0,0,0,1,1,3,2,1,1,4,7,1,0,1,24,1,0,0,0,0,2,0,2,25,3,3,237
orjson_3_10_6,3c3e7b7819faa1b84196b7b7bf0f38ec9cdfe260,0,4166333.6666666665,2064.0,142,37,0,0,24,25,28,113,63,50,24,2,26,7,7,12,124,5,1,1,0,2,0,0,0,0,1,1,3,2,1,1,4,7,1,0,1,24,1,0,0,0,0,2,0,2,25,3,3,237
orjson_3_10_1,c7f0c5c84d1b3390f4a3ba913065e537252ab89c,0,10427604.25,4918.0,283,78,0,0,48,50,55,325,175,150,63,6,87,30,31,26,339,13,3,2,1,5,2,1,2,16,2,2,8,5,2,1,14,6,2,0,2,48,2,1,3,3,1,2,0,3,50,3,8,664
orjson_3_10_2,c7f0c5c84d1b3390f4a3ba913065e537252ab89c,0,9464444.333333334,4516.0,283,78,0,0,48,50,55,325,175,150,63,6,87,30,31,26,339,13,3,2,1,5,2,1,2,16,2,2,8,5,2,1,14,6,2,0,2,48,2,1,3,3,1,2,0,3,50,3,8,664
orjson_3_10_3,c7f0c5c84d1b3390f4a3ba913065e537252ab89c,0,9554319.333333334,4516.0,283,78,0,0,48,50,55,325,175,150,63,6,87,30,31,26,339,13,3,2,1,5,2,1,2,16,2,2,8,5,2,1,14,6,2,0,2,48,2,1,3,3,1,2,0,3,50,3,8,664
orjson_3_10_4,c7f0c5c84d1b3390f4a3ba913065e537252ab89c,0,9370888.666666666,4516.0,283,78,0,0,48,50,55,325,175,150,63,6,87,30,31,26,339,13,3,2,1,5,2,1,2,16,2,2,8,5,2,1,14,6,2,0,2,48,2,1,3,3,1,2,0,3,50,3,8,664
orjson_3_10_5,c7f0c5c84d1b3390f4a3ba913065e537252ab89c,0,9333114.75,4516.0,283,78,0,0,48,50,55,325,175,150,63,6,87,30,31,26,339,13,3,2,1,5,2,1,2,16,2,2,8,5,2,1,14,6,2,0,2,48,2,1,3,3,1,2,0,3,50,3,8,664
orjson_3_10_6,c7f0c5c84d1b3390f4a3ba913065e537252ab89c,0,9785125.0,4720.0,283,78,0,0,48,50,55,325,175,150,63,6,87,30,31,26,339,13,3,2,1,5,2,1,2,16,2,2,8,5,2,1,14,6,2,0,2,48,2,1,3,3,1,2,0,3,50,3,8,664
orjson_3_10_1,c9adf4670c7a4b8644e97fead6d062249ffd2304,0,10486583.25,4918.0,283,78,0,0,48,50,56,324,174,150,63,6,87,30,31,26,339,13,3,2,1,5,2,1,2,16,2,2,8,5,2,1,13,6,2,0,2,48,2,1,3,3,1,2,0,3,50,3,8,663
orjson_3_10_2,c9adf4670c7a4b8644e97fead6d062249ffd2304,0,9604542.0,4516.0,283,78,0,0,48,50,56,324,174,150,63,6,87,30,31,26,339,13,3,2,1,5,2,1,2,16,2,2,8,5,2,1,13,6,2,0,2,48,2,1,3,3,1,2,0,3,50,3,8,663
orjson_3_10_3,c9adf4670c7a4b8644e97fead6d062249ffd2304,0,9515361.0,4516.0,283,78,0,0,48,50,56,324,174,150,63,6,87,30,31,26,339,13,3,2,1,5,2,1,2,16,2,2,8,5,2,1,13,6,2,0,2,48,2,1,3,3,1,2,0,3,50,3,8,663
orjson_3_10_4,c9adf4670c7a4b8644e97fead6d062249ffd2304,0,9338305.666666666,4516.0,283,78,0,0,48,50,56,324,174,150,63,6,87,30,31,26,339,13,3,2,1,5,2,1,2,16,2,2,8,5,2,1,13,6,2,0,2,48,2,1,3,3,1,2,0,3,50,3,8,663
orjson_3_10_5,c9adf4670c7a4b8644e97fead6d062249ffd2304,0,9332680.333333334,4516.0,283,78,0,0,48,50,56,324,174,150,63,6,87,30,31,26,339,13,3,2,1,5,2,1,2,16,2,2,8,5,2,1,13,6,2,0,2,48,2,1,3,3,1,2,0,3,50,3,8,663
orjson_3_10_6,c9adf4670c7a4b8644e97fead6d062249ffd2304,0,9809541.666666666,4720.0,283,78,0,0,48,50,56,324,174,150,63,6,87,30,31,26,339,13,3,2,1,5,2,1,2,16,2,2,8,5,2,1,13,6,2,0,2,48,2,1,3,3,1,2,0,3,50,3,8,663
orjson_3_10_1,da66b4ea08a1ff5bce5b597eff9e8469c208f1fa,0,10551694.333333334,4918.0,283,78,0,0,48,50,55,325,175,150,63,6,87,30,31,26,339,13,3,2,1,5,2,1,2,16,2,2,8,5,2,1,14,6,2,0,2,48,2,1,3,3,1,2,0,3,50,3,8,664
orjson_3_10_2,da66b4ea08a1ff5bce5b597eff9e8469c208f1fa,0,9514013.666666666,4516.0,283,78,0,0,48,50,55,325,175,150,63,6,87,30,31,26,339,13,3,2,1,5,2,1,2,16,2,2,8,5,2,1,14,6,2,0,2,48,2,1,3,3,1,2,0,3,50,3,8,664
orjson_3_10_3,da66b4ea08a1ff5bce5b597eff9e8469c208f1fa,0,9645801.75,4516.0,283,78,0,0,48,50,55,325,175,150,63,6,87,30,31,26,339,13,3,2,1,5,2,1,2,16,2,2,8,5,2,1,14,6,2,0,2,48,2,1,3,3,1,2,0,3,50,3,8,664
orjson_3_10_4,da66b4ea08a1ff5bce5b597eff9e8469c208f1fa,0,9378764.0,4516.0,283,78,0,0,48,50,55,325,175,150,63,6,87,30,31,26,339,13,3,2,1,5,2,1,2,16,2,2,8,5,2,1,14,6,2,0,2,48,2,1,3,3,1,2,0,3,50,3,8,664
orjson_3_10_5,da66b4ea08a1ff5bce5b597eff9e8469c208f1fa,0,9363916.333333334,4516.0,283,78,0,0,48,50,55,325,175,150,63,6,87,30,31,26,339,13,3,2,1,5,2,1,2,16,2,2,8,5,2,1,14,6,2,0,2,48,2,1,3,3,1,2,0,3,50,3,8,664
orjson_3_10_6,da66b4ea08a1ff5bce5b597eff9e8469c208f1fa,0,9824403.0,4720.0,283,78,0,0,48,50,55,325,175,150,63,6,87,30,31,26,339,13,3,2,1,5,2,1,2,16,2,2,8,5,2,1,14,6,2,0,2,48,2,1,3,3,1,2,0,3,50,3,8,664
orjson_3_10_1,eb58d49b9a8b9dcb37f3b6169912cb584c392685,0,10639819.333333334,4950.0,284,79,0,0,48,50,55,325,175,150,63,6,87,30,31,26,339,13,3,2,1,6,2,1,2,16,2,2,8,5,2,1,14,6,2,0,2,48,2,1,3,3,1,2,0,3,50,3,8,664
orjson_3_10_2,eb58d49b9a8b9dcb37f3b6169912cb584c392685,0,9525597.333333334,4548.0,284,79,0,0,48,50,55,325,175,150,63,6,87,30,31,26,339,13,3,2,1,6,2,1,2,16,2,2,8,5,2,1,14,6,2,0,2,48,2,1,3,3,1,2,0,3,50,3,8,664
orjson_3_10_3,eb58d49b9a8b9dcb37f3b6169912cb584c392685,0,9501166.333333334,4548.0,284,79,0,0,48,50,55,325,175,150,63,6,87,30,31,26,339,13,3,2,1,6,2,1,2,16,2,2,8,5,2,1,14,6,2,0,2,48,2,1,3,3,1,2,0,3,50,3,8,664
orjson_3_10_4,eb58d49b9a8b9dcb37f3b6169912cb584c392685,0,9396583.333333334,4548.0,284,79,0,0,48,50,55,325,175,150,63,6,87,30,31,26,339,13,3,2,1,6,2,1,2,16,2,2,8,5,2,1,14,6,2,0,2,48,2,1,3,3,1,2,0,3,50,3,8,664
orjson_3_10_5,eb58d49b9a8b9dcb37f3b6169912cb584c392685,0,9381027.666666666,4548.0,284,79,0,0,48,50,55,325,175,150,63,6,87,30,31,26,339,13,3,2,1,6,2,1,2,16,2,2,8,5,2,1,14,6,2,0,2,48,2,1,3,3,1,2,0,3,50,3,8,664
orjson_3_10_6,eb58d49b9a8b9dcb37f3b6169912cb584c392685,0,9780486.333333334,4752.0,284,79,0,0,48,50,55,325,175,150,63,6,87,30,31,26,339,13,3,2,1,6,2,1,2,16,2,2,8,5,2,1,14,6,2,0,2,48,2,1,3,3,1,2,0,3,50,3,8,664
orjson_3_10_1,2a3c006ea13e86b3fa4b15dc633ea9d6726ef79c,0,10341305.333333334,4918.0,284,79,0,0,48,50,55,325,175,150,63,6,87,30,31,26,339,13,3,2,1,4,2,1,2,16,2,2,8,5,2,1,14,6,2,0,2,48,2,1,3,3,1,2,0,3,50,3,8,664
orjson_3_10_2,2a3c006ea13e86b3fa4b15dc633ea9d6726ef79c,0,9578416.666666666,4516.0,284,79,0,0,48,50,55,325,175,150,63,6,87,30,31,26,339,13,3,2,1,4,2,1,2,16,2,2,8,5,2,1,14,6,2,0,2,48,2,1,3,3,1,2,0,3,50,3,8,664
orjson_3_10_3,2a3c006ea13e86b3fa4b15dc633ea9d6726ef79c,0,9573000.0,4516.0,284,79,0,0,48,50,55,325,175,150,63,6,87,30,31,26,339,13,3,2,1,4,2,1,2,16,2,2,8,5,2,1,14,6,2,0,2,48,2,1,3,3,1,2,0,3,50,3,8,664
orjson_3_10_4,2a3c006ea13e86b3fa4b15dc633ea9d6726ef79c,0,9496458.333333334,4516.0,284,79,0,0,48,50,55,325,175,150,63,6,87,30,31,26,339,13,3,2,1,4,2,1,2,16,2,2,8,5,2,1,14,6,2,0,2,48,2,1,3,3,1,2,0,3,50,3,8,664
orjson_3_10_5,2a3c006ea13e86b3fa4b15dc633ea9d6726ef79c,0,9314389.333333334,4516.0,284,79,0,0,48,50,55,325,175,150,63,6,87,30,31,26,339,13,3,2,1,4,2,1,2,16,2,2,8,5,2,1,14,6,2,0,2,48,2,1,3,3,1,2,0,3,50,3,8,664
orjson_3_10_6,2a3c006ea13e86b3fa4b15dc633ea9d6726ef79c,0,9761847.333333334,4720.0,284,79,0,0,48,50,55,325,175,150,63,6,87,30,31,26,339,13,3,2,1,4,2,1,2,16,2,2,8,5,2,1,14,6,2,0,2,48,2,1,3,3,1,2,0,3,50,3,8,664
orjson_3_10_1,92469c19a6915fd81fd69847cb5eea9fcf440f0b,0,10582805.333333334,4918.0,284,79,0,0,48,50,55,325,175,150,63,6,87,30,31,26,339,13,3,2,1,4,2,1,2,16,2,2,8,5,2,1,14,6,2,0,2,48,2,1,3,3,1,2,0,3,50,3,8,664
orjson_3_10_2,92469c19a6915fd81fd69847cb5eea9fcf440f0b,0,9540958.666666666,4516.0,284,79,0,0,48,50,55,325,175,150,63,6,87,30,31,26,339,13,3,2,1,4,2,1,2,16,2,2,8,5,2,1,14,6,2,0,2,48,2,1,3,3,1,2,0,3,50,3,8,664
orjson_3_10_3,92469c19a6915fd81fd69847cb5eea9fcf440f0b,0,9615264.0,4516.0,284,79,0,0,48,50,55,325,175,150,63,6,87,30,31,26,339,13,3,2,1,4,2,1,2,16,2,2,8,5,2,1,14,6,2,0,2,48,2,1,3,3,1,2,0,3,50,3,8,664
orjson_3_10_4,92469c19a6915fd81fd69847cb5eea9fcf440f0b,0,9451153.0,4516.0,284,79,0,0,48,50,55,325,175,150,63,6,87,30,31,26,339,13,3,2,1,4,2,1,2,16,2,2,8,5,2,1,14,6,2,0,2,48,2,1,3,3,1,2,0,3,50,3,8,664
orjson_3_10_5,92469c19a6915fd81fd69847cb5eea9fcf440f0b,0,9330041.333333334,4516.0,284,79,0,0,48,50,55,325,175,150,63,6,87,30,31,26,339,13,3,2,1,4,2,1,2,16,2,2,8,5,2,1,14,6,2,0,2,48,2,1,3,3,1,2,0,3,50,3,8,664
orjson_3_10_6,92469c19a6915fd81fd69847cb5eea9fcf440f0b,0,9780528.0,4720.0,284,79,0,0,48,50,55,325,175,150,63,6,87,30,31,26,339,13,3,2,1,4,2,1,2,16,2,2,8,5,2,1,14,6,2,0,2,48,2,1,3,3,1,2,0,3,50,3,8,664
orjson_3_10_1,676790d0f3f7f8efb123d0d2e6a59eab393b8335,0,10487541.666666666,4918.0,283,78,0,0,48,50,55,325,175,150,63,6,87,30,31,26,339,13,3,2,1,5,2,1,2,16,2,2,8,5,2,1,14,6,2,0,2,48,2,1,2,2,1,3,0,3,50,3,8,664
orjson_3_10_2,676790d0f3f7f8efb123d0d2e6a59eab393b8335,0,9502319.333333334,4516.0,283,78,0,0,48,50,55,325,175,150,63,6,87,30,31,26,339,13,3,2,1,5,2,1,2,16,2,2,8,5,2,1,14,6,2,0,2,48,2,1,2,2,1,3,0,3,50,3,8,664
orjson_3_10_3,676790d0f3f7f8efb123d0d2e6a59eab393b8335,0,9480680.666666666,4516.0,283,78,0,0,48,50,55,325,175,150,63,6,87,30,31,26,339,13,3,2,1,5,2,1,2,16,2,2,8,5,2,1,14,6,2,0,2,48,2,1,2,2,1,3,0,3,50,3,8,664
orjson_3_10_4,676790d0f3f7f8efb123d0d2e6a59eab393b8335,0,9400791.666666666,4516.0,283,78,0,0,48,50,55,325,175,150,63,6,87,30,31,26,339,13,3,2,1,5,2,1,2,16,2,2,8,5,2,1,14,6,2,0,2,48,2,1,2,2,1,3,0,3,50,3,8,664
orjson_3_10_5,676790d0f3f7f8efb123d0d2e6a59eab393b8335,0,9353986.666666666,4516.0,283,78,0,0,48,50,55,325,175,150,63,6,87,30,31,26,339,13,3,2,1,5,2,1,2,16,2,2,8,5,2,1,14,6,2,0,2,48,2,1,2,2,1,3,0,3,50,3,8,664
orjson_3_10_6,676790d0f3f7f8efb123d0d2e6a59eab393b8335,0,9762666.333333334,4720.0,283,78,0,0,48,50,55,325,175,150,63,6,87,30,31,26,339,13,3,2,1,5,2,1,2,16,2,2,8,5,2,1,14,6,2,0,2,48,2,1,2,2,1,3,0,3,50,3,8,664
orjson_3_10_1,6fa3db4a06a259aef175f06ef93e52294f8611d0,0,10538722.0,4918.0,283,78,0,0,48,50,55,325,175,150,63,6,87,30,31,26,339,13,3,2,1,5,2,1,2,16,2,2,8,5,2,1,14,6,2,0,2,48,2,1,3,3,1,2,0,3,50,3,8,664
orjson_3_10_2,6fa3db4a06a259aef175f06ef93e52294f8611d0,0,9491833.333333334,4516.0,283,78,0,0,48,50,55,325,175,150,63,6,87,30,31,26,339,13,3,2,1,5,2,1,2,16,2,2,8,5,2,1,14,6,2,0,2,48,2,1,3,3,1,2,0,3,50,3,8,664
orjson_3_10_3,6fa3db4a06a259aef175f06ef93e52294f8611d0,0,9458486.333333334,4516.0,283,78,0,0,48,50,55,325,175,150,63,6,87,30,31,26,339,13,3,2,1,5,2,1,2,16,2,2,8,5,2,1,14,6,2,0,2,48,2,1,3,3,1,2,0,3,50,3,8,664
orjson_3_10_4,6fa3db4a06a259aef175f06ef93e52294f8611d0,0,9342222.0,4516.0,283,78,0,0,48,50,55,325,175,150,63,6,87,30,31,26,339,13,3,2,1,5,2,1,2,16,2,2,8,5,2,1,14,6,2,0,2,48,2,1,3,3,1,2,0,3,50,3,8,664
orjson_3_10_5,6fa3db4a06a259aef175f06ef93e52294f8611d0,0,9495736.333333334,4516.0,283,78,0,0,48,50,55,325,175,150,63,6,87,30,31,26,339,13,3,2,1,5,2,1,2,16,2,2,8,5,2,1,14,6,2,0,2,48,2,1,3,3,1,2,0,3,50,3,8,664
orjson_3_10_6,6fa3db4a06a259aef175f06ef93e52294f8611d0,0,9719361.0,4720.0,283,78,0,0,48,50,55,325,175,150,63,6,87,30,31,26,339,13,3,2,1,5,2,1,2,16,2,2,8,5,2,1,14,6,2,0,2,48,2,1,3,3,1,2,0,3,50,3,8,664
orjson_3_10_1,6df86a1825125c0b91aa05382e67a4f2b0ae592c,0,9971388.666666666,4558.0,144,38,0,0,24,25,30,428,204,224,101,9,123,38,37,48,403,3,0,0,0,0,0,0,0,0,0,0,0,0,0,0,8,5,1,0,1,24,1,3,3,3,3,3,0,2,25,4,0,831
orjson_3_10_2,6df86a1825125c0b91aa05382e67a4f2b0ae592c,0,9940486.333333334,4558.0,144,38,0,0,24,25,30,428,204,224,101,9,123,38,37,48,403,3,0,0,0,0,0,0,0,0,0,0,0,0,0,0,8,5,1,0,1,24,1,3,3,3,3,3,0,2,25,4,0,831
orjson_3_10_3,6df86a1825125c0b91aa05382e67a4f2b0ae592c,0,9786229.25,4558.0,144,38,0,0,24,25,30,428,204,224,101,9,123,38,37,48,403,3,0,0,0,0,0,0,0,0,0,0,0,0,0,0,8,5,1,0,1,24,1,3,3,3,3,3,0,2,25,4,0,831
orjson_3_10_4,6df86a1825125c0b91aa05382e67a4f2b0ae592c,0,9827819.666666666,4664.0,144,38,0,0,24,25,30,428,204,224,101,9,123,38,37,48,403,3,0,0,0,0,0,0,0,0,0,0,0,0,0,0,8,5,1,0,1,24,1,3,3,3,3,3,0,2,25,4,0,831
orjson_3_10_5,6df86a1825125c0b91aa05382e67a4f2b0ae592c,0,9729319.333333334,4626.0,144,38,0,0,24,25,30,428,204,224,101,9,123,38,37,48,403,3,0,0,0,0,0,0,0,0,0,0,0,0,0,0,8,5,1,0,1,24,1,3,3,3,3,3,0,2,25,4,0,831
orjson_3_10_6,6df86a1825125c0b91aa05382e67a4f2b0ae592c,0,9734819.333333334,4680.0,144,38,0,0,24,25,30,428,204,224,101,9,123,38,37,48,403,3,0,0,0,0,0,0,0,0,0,0,0,0,0,0,8,5,1,0,1,24,1,3,3,3,3,3,0,2,25,4,0,831
orjson_3_10_1,e5c5b74f9a669efa81bd00b2ef44c0013cb0cc2e,0,9833903.0,4720.0,146,38,0,0,24,25,32,422,200,222,99,8,123,43,40,40,386,0,3,2,2,2,7,1,0,7,2,2,4,1,0,1,3,5,1,0,1,24,1,3,3,3,3,2,0,2,25,6,4,808
orjson_3_10_2,e5c5b74f9a669efa81bd00b2ef44c0013cb0cc2e,0,9895653.0,4780.0,146,38,0,0,24,25,32,422,200,222,99,8,123,43,40,40,386,0,3,2,2,2,7,1,0,7,2,2,4,1,0,1,3,5,1,0,1,24,1,3,3,3,3,2,0,2,25,6,4,808
orjson_3_10_3,e5c5b74f9a669efa81bd00b2ef44c0013cb0cc2e,0,9931514.0,4806.0,146,38,0,0,24,25,32,422,200,222,99,8,123,43,40,40,386,0,3,2,2,2,7,1,0,7,2,2,4,1,0,1,3,5,1,0,1,24,1,3,3,3,3,2,0,2,25,6,4,808
orjson_3_10_4,e5c5b74f9a669efa81bd00b2ef44c0013cb0cc2e,0,9567722.333333334,4720.0,146,38,0,0,24,25,32,422,200,222,99,8,123,43,40,40,386,0,3,2,2,2,7,1,0,7,2,2,4,1,0,1,3,5,1,0,1,24,1,3,3,3,3,2,0,2,25,6,4,808
orjson_3_10_5,e5c5b74f9a669efa81bd00b2ef44c0013cb0cc2e,0,9473666.666666666,4720.0,146,38,0,0,24,25,32,422,200,222,99,8,123,43,40,40,386,0,3,2,2,2,7,1,0,7,2,2,4,1,0,1,3,5,1,0,1,24,1,3,3,3,3,2,0,2,25,6,4,808
orjson_3_10_6,e5c5b74f9a669efa81bd00b2ef44c0013cb0cc2e,0,9654055.333333334,4720.0,146,38,0,0,24,25,32,422,200,222,99,8,123,43,40,40,386,0,3,2,2,2,7,1,0,7,2,2,4,1,0,1,3,5,1,0,1,24,1,3,3,3,3,2,0,2,25,6,4,808
orjson_3_10_1,843efe2a2981374fd6ddccdb3ba87873b06a4673,0,9222833.333333334,4682.0,181,75,0,0,24,25,30,410,197,213,115,19,98,26,45,27,386,5,0,0,0,0,0,0,0,0,0,0,0,0,0,0,7,4,1,0,1,24,1,8,5,5,8,6,0,2,25,4,0,796
orjson_3_10_2,843efe2a2981374fd6ddccdb3ba87873b06a4673,0,8926694.333333334,4608.0,181,75,0,0,24,25,30,410,197,213,115,19,98,26,45,27,386,5,0,0,0,0,0,0,0,0,0,0,0,0,0,0,7,4,1,0,1,24,1,8,5,5,8,6,0,2,25,4,0,796
orjson_3_10_3,843efe2a2981374fd6ddccdb3ba87873b06a4673,0,8956055.333333334,4608.0,181,75,0,0,24,25,30,410,197,213,115,19,98,26,45,27,386,5,0,0,0,0,0,0,0,0,0,0,0,0,0,0,7,4,1,0,1,24,1,8,5,5,8,6,0,2,25,4,0,796
orjson_3_10_4,843efe2a2981374fd6ddccdb3ba87873b06a4673,0,8791694.0,4608.0,181,75,0,0,24,25,30,410,197,213,115,19,98,26,45,27,386,5,0,0,0,0,0,0,0,0,0,0,0,0,0,0,7,4,1,0,1,24,1,8,5,5,8,6,0,2,25,4,0,796
orjson_3_10_5,843efe2a2981374fd6ddccdb3ba87873b06a4673,0,8752277.666666666,4608.0,181,75,0,0,24,25,30,410,197,213,115,19,98,26,45,27,386,5,0,0,0,0,0,0,0,0,0,0,0,0,0,0,7,4,1,0,1,24,1,8,5,5,8,6,0,2,25,4,0,796
orjson_3_10_6,843efe2a2981374fd6ddccdb3ba87873b06a4673,0,8864972.333333334,4608.0,181,75,0,0,24,25,30,410,197,213,115,19,98,26,45,27,386,5,0,0,0,0,0,0,0,0,0,0,0,0,0,0,7,4,1,0,1,24,1,8,5,5,8,6,0,2,25,4,0,796
orjson_3_10_1,49137e3e7a550c7228c094a81e90112e30c0c0ee,0,9110513.666666666,4794.0,163,55,0,0,24,25,28,395,204,191,95,7,96,25,39,32,443,5,1,0,1,2,2,1,3,0,0,0,4,3,1,0,4,3,1,0,1,24,1,3,2,2,3,2,0,2,25,6,4,838
orjson_3_10_2,49137e3e7a550c7228c094a81e90112e30c0c0ee,0,9117375.0,4794.0,163,55,0,0,24,25,28,395,204,191,95,7,96,25,39,32,443,5,1,0,1,2,2,1,3,0,0,0,4,3,1,0,4,3,1,0,1,24,1,3,2,2,3,2,0,2,25,6,4,838
orjson_3_10_3,49137e3e7a550c7228c094a81e90112e30c0c0ee,0,9813074.9,4794.0,163,55,0,0,24,25,28,395,204,191,95,7,96,25,39,32,443,5,1,0,1,2,2,1,3,0,0,0,4,3,1,0,4,3,1,0,1,24,1,3,2,2,3,2,0,2,25,6,4,838
orjson_3_10_4,49137e3e7a550c7228c094a81e90112e30c0c0ee,0,8894361.0,4794.0,163,55,0,0,24,25,28,395,204,191,95,7,96,25,39,32,443,5,1,0,1,2,2,1,3,0,0,0,4,3,1,0,4,3,1,0,1,24,1,3,2,2,3,2,0,2,25,6,4,838
orjson_3_10_5,49137e3e7a550c7228c094a81e90112e30c0c0ee,0,8927597.333333334,4794.0,163,55,0,0,24,25,28,395,204,191,95,7,96,25,39,32,443,5,1,0,1,2,2,1,3,0,0,0,4,3,1,0,4,3,1,0,1,24,1,3,2,2,3,2,0,2,25,6,4,838
orjson_3_10_6,49137e3e7a550c7228c094a81e90112e30c0c0ee,0,8990222.0,4794.0,163,55,0,0,24,25,28,395,204,191,95,7,96,25,39,32,443,5,1,0,1,2,2,1,3,0,0,0,4,3,1,0,4,3,1,0,1,24,1,3,2,2,3,2,0,2,25,6,4,838
orjson_3_10_1,59cbb363d5d86aaf17501a60660f8fb522384cba,0,9162513.666666666,4794.0,163,55,0,0,24,25,28,395,204,191,95,7,96,25,39,32,443,5,1,0,1,2,2,1,3,0,0,0,4,3,1,0,4,3,1,0,1,24,1,3,2,2,3,2,0,2,25,6,4,838
orjson_3_10_2,59cbb363d5d86aaf17501a60660f8fb522384cba,0,9136944.0,4794.0,163,55,0,0,24,25,28,395,204,191,95,7,96,25,39,32,443,5,1,0,1,2,2,1,3,0,0,0,4,3,1,0,4,3,1,0,1,24,1,3,2,2,3,2,0,2,25,6,4,838
orjson_3_10_3,59cbb363d5d86aaf17501a60660f8fb522384cba,0,9139764.0,4794.0,163,55,0,0,24,25,28,395,204,191,95,7,96,25,39,32,443,5,1,0,1,2,2,1,3,0,0,0,4,3,1,0,4,3,1,0,1,24,1,3,2,2,3,2,0,2,25,6,4,838
orjson_3_10_4,59cbb363d5d86aaf17501a60660f8fb522384cba,0,8890583.333333334,4794.0,163,55,0,0,24,25,28,395,204,191,95,7,96,25,39,32,443,5,1,0,1,2,2,1,3,0,0,0,4,3,1,0,4,3,1,0,1,24,1,3,2,2,3,2,0,2,25,6,4,838
orjson_3_10_5,59cbb363d5d86aaf17501a60660f8fb522384cba,0,8895486.0,4794.0,163,55,0,0,24,25,28,395,204,191,95,7,96,25,39,32,443,5,1,0,1,2,2,1,3,0,0,0,4,3,1,0,4,3,1,0,1,24,1,3,2,2,3,2,0,2,25,6,4,838
orjson_3_10_6,59cbb363d5d86aaf17501a60660f8fb522384cba,0,8991152.666666666,4794.0,163,55,0,0,24,25,28,395,204,191,95,7,96,25,39,32,443,5,1,0,1,2,2,1,3,0,0,0,4,3,1,0,4,3,1,0,1,24,1,3,2,2,3,2,0,2,25,6,4,838
orjson_3_10_1,5365a3da3d34db24c9d27b8d00a48eee321d3045,0,9197833.0,4826.0,163,55,0,0,24,25,28,395,204,191,95,7,96,25,39,32,443,5,1,0,1,2,2,1,2,0,0,0,4,3,2,0,4,3,1,0,1,24,1,3,2,2,3,2,0,2,25,6,4,838
orjson_3_10_2,5365a3da3d34db24c9d27b8d00a48eee321d3045,0,9162222.333333334,4826.0,163,55,0,0,24,25,28,395,204,191,95,7,96,25,39,32,443,5,1,0,1,2,2,1,2,0,0,0,4,3,2,0,4,3,1,0,1,24,1,3,2,2,3,2,0,2,25,6,4,838
orjson_3_10_3,5365a3da3d34db24c9d27b8d00a48eee321d3045,0,9158139.0,4826.0,163,55,0,0,24,25,28,395,204,191,95,7,96,25,39,32,443,5,1,0,1,2,2,1,2,0,0,0,4,3,2,0,4,3,1,0,1,24,1,3,2,2,3,2,0,2,25,6,4,838
orjson_3_10_4,5365a3da3d34db24c9d27b8d00a48eee321d3045,0,9005722.333333334,4826.0,163,55,0,0,24,25,28,395,204,191,95,7,96,25,39,32,443,5,1,0,1,2,2,1,2,0,0,0,4,3,2,0,4,3,1,0,1,24,1,3,2,2,3,2,0,2,25,6,4,838
orjson_3_10_5,5365a3da3d34db24c9d27b8d00a48eee321d3045,0,9047819.333333334,4826.0,163,55,0,0,24,25,28,395,204,191,95,7,96,25,39,32,443,5,1,0,1,2,2,1,2,0,0,0,4,3,2,0,4,3,1,0,1,24,1,3,2,2,3,2,0,2,25,6,4,838
orjson_3_10_6,5365a3da3d34db24c9d27b8d00a48eee321d3045,0,9039833.333333334,4826.0,163,55,0,0,24,25,28,395,204,191,95,7,96,25,39,32,443,5,1,0,1,2,2,1,2,0,0,0,4,3,2,0,4,3,1,0,1,24,1,3,2,2,3,2,0,2,25,6,4,838
orjson_3_10_1,de87fe74d5eb15f664464845cc1c76621c7759e5,0,9197986.0,4682.0,181,75,0,0,24,25,30,410,197,213,115,19,98,26,45,27,386,5,0,0,0,0,0,0,0,0,0,0,0,0,0,0,7,4,1,0,1,24,1,8,5,5,8,6,0,2,25,4,0,796
orjson_3_10_2,de87fe74d5eb15f664464845cc1c76621c7759e5,0,8933375.0,4608.0,181,75,0,0,24,25,30,410,197,213,115,19,98,26,45,27,386,5,0,0,0,0,0,0,0,0,0,0,0,0,0,0,7,4,1,0,1,24,1,8,5,5,8,6,0,2,25,4,0,796
orjson_3_10_3,de87fe74d5eb15f664464845cc1c76621c7759e5,0,8962611.0,4608.0,181,75,0,0,24,25,30,410,197,213,115,19,98,26,45,27,386,5,0,0,0,0,0,0,0,0,0,0,0,0,0,0,7,4,1,0,1,24,1,8,5,5,8,6,0,2,25,4,0,796
orjson_3_10_4,de87fe74d5eb15f664464845cc1c76621c7759e5,0,8767125.333333334,4608.0,181,75,0,0,24,25,30,410,197,213,115,19,98,26,45,27,386,5,0,0,0,0,0,0,0,0,0,0,0,0,0,0,7,4,1,0,1,24,1,8,5,5,8,6,0,2,25,4,0,796
orjson_3_10_5,de87fe74d5eb15f664464845cc1c76621c7759e5,0,8756875.333333334,4608.0,181,75,0,0,24,25,30,410,197,213,115,19,98,26,45,27,386,5,0,0,0,0,0,0,0,0,0,0,0,0,0,0,7,4,1,0,1,24,1,8,5,5,8,6,0,2,25,4,0,796
orjson_3_10_6,de87fe74d5eb15f664464845cc1c76621c7759e5,0,8924360.666666666,4608.0,181,75,0,0,24,25,30,410,197,213,115,19,98,26,45,27,386,5,0,0,0,0,0,0,0,0,0,0,0,0,0,0,7,4,1,0,1,24,1,8,5,5,8,6,0,2,25,4,0,796
orjson_3_10_1,56ec6524e7bcd92eff3395696b7ebd0c2c1156d9,0,8348861.333333333,4166.0,164,55,0,0,24,25,27,320,167,153,75,7,78,21,34,23,376,5,1,0,1,2,2,1,3,0,0,0,4,3,1,0,4,3,1,0,1,24,1,3,2,2,3,2,0,2,25,7,4,696
orjson_3_10_2,56ec6524e7bcd92eff3395696b7ebd0c2c1156d9,0,8307972.333333333,4166.0,164,55,0,0,24,25,27,320,167,153,75,7,78,21,34,23,376,5,1,0,1,2,2,1,3,0,0,0,4,3,1,0,4,3,1,0,1,24,1,3,2,2,3,2,0,2,25,7,4,696
orjson_3_10_3,56ec6524e7bcd92eff3395696b7ebd0c2c1156d9,0,8319250.0,4166.0,164,55,0,0,24,25,27,320,167,153,75,7,78,21,34,23,376,5,1,0,1,2,2,1,3,0,0,0,4,3,1,0,4,3,1,0,1,24,1,3,2,2,3,2,0,2,25,7,4,696
orjson_3_10_4,56ec6524e7bcd92eff3395696b7ebd0c2c1156d9,0,8107097.0,4166.0,164,55,0,0,24,25,27,320,167,153,75,7,78,21,34,23,376,5,1,0,1,2,2,1,3,0,0,0,4,3,1,0,4,3,1,0,1,24,1,3,2,2,3,2,0,2,25,7,4,696
orjson_3_10_5,56ec6524e7bcd92eff3395696b7ebd0c2c1156d9,0,8135055.333333333,4166.0,164,55,0,0,24,25,27,320,167,153,75,7,78,21,34,23,376,5,1,0,1,2,2,1,3,0,0,0,4,3,1,0,4,3,1,0,1,24,1,3,2,2,3,2,0,2,25,7,4,696
orjson_3_10_6,56ec6524e7bcd92eff3395696b7ebd0c2c1156d9,0,8158763.666666667,4166.0,164,55,0,0,24,25,27,320,167,153,75,7,78,21,34,23,376,5,1,0,1,2,2,1,3,0,0,0,4,3,1,0,4,3,1,0,1,24,1,3,2,2,3,2,0,2,25,7,4,696
orjson_3_10_1,5a703f040eb4acdb59bea9f9c29a8b0b5ae92139,0,9167027.666666666,4794.0,163,55,0,0,24,25,28,395,204,191,95,7,96,26,39,31,443,5,1,0,1,2,2,1,3,0,0,0,4,3,1,0,4,3,1,0,1,24,1,3,2,2,3,2,0,2,25,6,4,838
orjson_3_10_2,5a703f040eb4acdb59bea9f9c29a8b0b5ae92139,0,9133472.0,4794.0,163,55,0,0,24,25,28,395,204,191,95,7,96,26,39,31,443,5,1,0,1,2,2,1,3,0,0,0,4,3,1,0,4,3,1,0,1,24,1,3,2,2,3,2,0,2,25,6,4,838
orjson_3_10_3,5a703f040eb4acdb59bea9f9c29a8b0b5ae92139,0,9147347.333333334,4794.0,163,55,0,0,24,25,28,395,204,191,95,7,96,26,39,31,443,5,1,0,1,2,2,1,3,0,0,0,4,3,1,0,4,3,1,0,1,24,1,3,2,2,3,2,0,2,25,6,4,838
orjson_3_10_4,5a703f040eb4acdb59bea9f9c29a8b0b5ae92139,0,8924916.666666666,4794.0,163,55,0,0,24,25,28,395,204,191,95,7,96,26,39,31,443,5,1,0,1,2,2,1,3,0,0,0,4,3,1,0,4,3,1,0,1,24,1,3,2,2,3,2,0,2,25,6,4,838
orjson_3_10_5,5a703f040eb4acdb59bea9f9c29a8b0b5ae92139,0,8965167.0,4794.0,163,55,0,0,24,25,28,395,204,191,95,7,96,26,39,31,443,5,1,0,1,2,2,1,3,0,0,0,4,3,1,0,4,3,1,0,1,24,1,3,2,2,3,2,0,2,25,6,4,838
orjson_3_10_6,5a703f040eb4acdb59bea9f9c29a8b0b5ae92139,0,8993777.666666666,4794.0,163,55,0,0,24,25,28,395,204,191,95,7,96,26,39,31,443,5,1,0,1,2,2,1,3,0,0,0,4,3,1,0,4,3,1,0,1,24,1,3,2,2,3,2,0,2,25,6,4,838
orjson_3_10_1,2dcbb58d3d0681bb2cb8aad46851c788355e6299,0,9230597.666666666,4682.0,181,75,0,0,24,25,30,410,197,213,115,19,98,25,45,28,386,5,0,0,0,0,0,0,0,0,0,0,0,0,0,0,7,4,1,0,1,24,1,8,5,5,8,6,0,2,25,4,0,796
orjson_3_10_2,2dcbb58d3d0681bb2cb8aad46851c788355e6299,0,8918194.333333334,4608.0,181,75,0,0,24,25,30,410,197,213,115,19,98,25,45,28,386,5,0,0,0,0,0,0,0,0,0,0,0,0,0,0,7,4,1,0,1,24,1,8,5,5,8,6,0,2,25,4,0,796
orjson_3_10_3,2dcbb58d3d0681bb2cb8aad46851c788355e6299,0,8922277.666666666,4608.0,181,75,0,0,24,25,30,410,197,213,115,19,98,25,45,28,386,5,0,0,0,0,0,0,0,0,0,0,0,0,0,0,7,4,1,0,1,24,1,8,5,5,8,6,0,2,25,4,0,796
orjson_3_10_4,2dcbb58d3d0681bb2cb8aad46851c788355e6299,0,8756180.666666666,4608.0,181,75,0,0,24,25,30,410,197,213,115,19,98,25,45,28,386,5,0,0,0,0,0,0,0,0,0,0,0,0,0,0,7,4,1,0,1,24,1,8,5,5,8,6,0,2,25,4,0,796
orjson_3_10_5,2dcbb58d3d0681bb2cb8aad46851c788355e6299,0,8762639.0,4608.0,181,75,0,0,24,25,30,410,197,213,115,19,98,25,45,28,386,5,0,0,0,0,0,0,0,0,0,0,0,0,0,0,7,4,1,0,1,24,1,8,5,5,8,6,0,2,25,4,0,796
orjson_3_10_6,2dcbb58d3d0681bb2cb8aad46851c788355e6299,0,8858361.333333334,4608.0,181,75,0,0,24,25,30,410,197,213,115,19,98,25,45,28,386,5,0,0,0,0,0,0,0,0,0,0,0,0,0,0,7,4,1,0,1,24,1,8,5,5,8,6,0,2,25,4,0,796
orjson_3_10_1,e8c61730bee614b2b00b5a1f3eaf0ca703aa5148,0,8388597.0,4166.0,164,55,0,0,24,25,27,320,167,153,75,7,78,21,34,23,376,5,1,0,1,2,2,1,3,0,0,0,4,3,1,0,4,3,1,0,1,24,1,3,2,2,3,2,0,2,25,7,4,696
orjson_3_10_2,e8c61730bee614b2b00b5a1f3eaf0ca703aa5148,0,8299750.0,4166.0,164,55,0,0,24,25,27,320,167,153,75,7,78,21,34,23,376,5,1,0,1,2,2,1,3,0,0,0,4,3,1,0,4,3,1,0,1,24,1,3,2,2,3,2,0,2,25,7,4,696
orjson_3_10_3,e8c61730bee614b2b00b5a1f3eaf0ca703aa5148,0,8295139.0,4166.0,164,55,0,0,24,25,27,320,167,153,75,7,78,21,34,23,376,5,1,0,1,2,2,1,3,0,0,0,4,3,1,0,4,3,1,0,1,24,1,3,2,2,3,2,0,2,25,7,4,696
orjson_3_10_4,e8c61730bee614b2b00b5a1f3eaf0ca703aa5148,0,8110347.333333333,4166.0,164,55,0,0,24,25,27,320,167,153,75,7,78,21,34,23,376,5,1,0,1,2,2,1,3,0,0,0,4,3,1,0,4,3,1,0,1,24,1,3,2,2,3,2,0,2,25,7,4,696
orjson_3_10_5,e8c61730bee614b2b00b5a1f3eaf0ca703aa5148,0,8152930.333333333,4166.0,164,55,0,0,24,25,27,320,167,153,75,7,78,21,34,23,376,5,1,0,1,2,2,1,3,0,0,0,4,3,1,0,4,3,1,0,1,24,1,3,2,2,3,2,0,2,25,7,4,696
orjson_3_10_6,e8c61730bee614b2b00b5a1f3eaf0ca703aa5148,0,8087485.666666667,4166.0,164,55,0,0,24,25,27,320,167,153,75,7,78,21,34,23,376,5,1,0,1,2,2,1,3,0,0,0,4,3,1,0,4,3,1,0,1,24,1,3,2,2,3,2,0,2,25,7,4,696
orjson_3_10_1,9a974b6297e122a8fc76d861aed5262d3db1528e,0,9277305.666666666,4826.0,163,55,0,0,24,25,28,395,204,191,95,7,96,25,39,32,443,6,1,0,1,2,2,1,2,0,0,0,4,3,2,0,3,3,1,0,1,24,1,3,2,2,3,2,0,2,25,6,4,838
orjson_3_10_2,9a974b6297e122a8fc76d861aed5262d3db1528e,0,9158361.333333334,4826.0,163,55,0,0,24,25,28,395,204,191,95,7,96,25,39,32,443,6,1,0,1,2,2,1,2,0,0,0,4,3,2,0,3,3,1,0,1,24,1,3,2,2,3,2,0,2,25,6,4,838
orjson_3_10_3,9a974b6297e122a8fc76d861aed5262d3db1528e,0,9325958.333333334,4826.0,163,55,0,0,24,25,28,395,204,191,95,7,96,25,39,32,443,6,1,0,1,2,2,1,2,0,0,0,4,3,2,0,3,3,1,0,1,24,1,3,2,2,3,2,0,2,25,6,4,838
orjson_3_10_4,9a974b6297e122a8fc76d861aed5262d3db1528e,0,8942166.666666666,4826.0,163,55,0,0,24,25,28,395,204,191,95,7,96,25,39,32,443,6,1,0,1,2,2,1,2,0,0,0,4,3,2,0,3,3,1,0,1,24,1,3,2,2,3,2,0,2,25,6,4,838
orjson_3_10_5,9a974b6297e122a8fc76d861aed5262d3db1528e,0,8972250.0,4826.0,163,55,0,0,24,25,28,395,204,191,95,7,96,25,39,32,443,6,1,0,1,2,2,1,2,0,0,0,4,3,2,0,3,3,1,0,1,24,1,3,2,2,3,2,0,2,25,6,4,838
orjson_3_10_6,9a974b6297e122a8fc76d861aed5262d3db1528e,0,9778175.1,4826.0,163,55,0,0,24,25,28,395,204,191,95,7,96,25,39,32,443,6,1,0,1,2,2,1,2,0,0,0,4,3,2,0,3,3,1,0,1,24,1,3,2,2,3,2,0,2,25,6,4,838
orjson_3_10_1,9359a92cace01c46c8eefc30201f026ae53919c1,0,9265333.666666666,4794.0,165,57,0,0,24,25,28,395,204,191,95,7,96,25,39,32,443,5,1,0,1,2,2,1,3,0,0,0,4,3,1,0,4,3,1,0,1,24,1,3,2,2,3,2,0,2,25,6,4,838
orjson_3_10_2,9359a92cace01c46c8eefc30201f026ae53919c1,0,9118638.666666666,4794.0,165,57,0,0,24,25,28,395,204,191,95,7,96,25,39,32,443,5,1,0,1,2,2,1,3,0,0,0,4,3,1,0,4,3,1,0,1,24,1,3,2,2,3,2,0,2,25,6,4,838
orjson_3_10_3,9359a92cace01c46c8eefc30201f026ae53919c1,0,9057153.0,4794.0,165,57,0,0,24,25,28,395,204,191,95,7,96,25,39,32,443,5,1,0,1,2,2,1,3,0,0,0,4,3,1,0,4,3,1,0,1,24,1,3,2,2,3,2,0,2,25,6,4,838
orjson_3_10_4,9359a92cace01c46c8eefc30201f026ae53919c1,0,8915847.0,4794.0,165,57,0,0,24,25,28,395,204,191,95,7,96,25,39,32,443,5,1,0,1,2,2,1,3,0,0,0,4,3,1,0,4,3,1,0,1,24,1,3,2,2,3,2,0,2,25,6,4,838
orjson_3_10_5,9359a92cace01c46c8eefc30201f026ae53919c1,0,8931333.0,4794.0,165,57,0,0,24,25,28,395,204,191,95,7,96,25,39,32,443,5,1,0,1,2,2,1,3,0,0,0,4,3,1,0,4,3,1,0,1,24,1,3,2,2,3,2,0,2,25,6,4,838
orjson_3_10_6,9359a92cace01c46c8eefc30201f026ae53919c1,0,8979791.666666666,4794.0,165,57,0,0,24,25,28,395,204,191,95,7,96,25,39,32,443,5,1,0,1,2,2,1,3,0,0,0,4,3,1,0,4,3,1,0,1,24,1,3,2,2,3,2,0,2,25,6,4,838
orjson_3_10_1,46a54b8567778eacc182551e4b7a797fb80d9f62,0,9183194.333333334,4794.0,163,55,0,0,24,25,28,395,204,191,95,7,96,25,39,32,443,5,1,0,1,2,2,1,3,0,0,0,4,3,1,0,4,3,1,0,1,24,1,3,2,2,3,2,0,2,25,6,4,838
orjson_3_10_2,46a54b8567778eacc182551e4b7a797fb80d9f62,0,9132319.666666666,4794.0,163,55,0,0,24,25,28,395,204,191,95,7,96,25,39,32,443,5,1,0,1,2,2,1,3,0,0,0,4,3,1,0,4,3,1,0,1,24,1,3,2,2,3,2,0,2,25,6,4,838
orjson_3_10_3,46a54b8567778eacc182551e4b7a797fb80d9f62,0,9103027.666666666,4794.0,163,55,0,0,24,25,28,395,204,191,95,7,96,25,39,32,443,5,1,0,1,2,2,1,3,0,0,0,4,3,1,0,4,3,1,0,1,24,1,3,2,2,3,2,0,2,25,6,4,838
orjson_3_10_4,46a54b8567778eacc182551e4b7a797fb80d9f62,0,8899847.333333334,4794.0,163,55,0,0,24,25,28,395,204,191,95,7,96,25,39,32,443,5,1,0,1,2,2,1,3,0,0,0,4,3,1,0,4,3,1,0,1,24,1,3,2,2,3,2,0,2,25,6,4,838
orjson_3_10_5,46a54b8567778eacc182551e4b7a797fb80d9f62,0,8933750.0,4794.0,163,55,0,0,24,25,28,395,204,191,95,7,96,25,39,32,443,5,1,0,1,2,2,1,3,0,0,0,4,3,1,0,4,3,1,0,1,24,1,3,2,2,3,2,0,2,25,6,4,838
orjson_3_10_6,46a54b8567778eacc182551e4b7a797fb80d9f62,0,9024291.666666666,4794.0,163,55,0,0,24,25,28,395,204,191,95,7,96,25,39,32,443,5,1,0,1,2,2,1,3,0,0,0,4,3,1,0,4,3,1,0,1,24,1,3,2,2,3,2,0,2,25,6,4,838
orjson_3_10_1,42e52b22c06a665d0d12a510c1685b1442eb1dd6,0,8414097.333333334,4166.0,164,55,0,0,24,25,27,320,167,153,75,7,78,21,34,23,376,5,1,0,1,2,2,1,3,0,0,0,4,3,1,0,4,3,1,0,1,24,1,3,2,2,3,2,0,2,25,7,4,696
orjson_3_10_2,42e52b22c06a665d0d12a510c1685b1442eb1dd6,0,8320430.666666667,4166.0,164,55,0,0,24,25,27,320,167,153,75,7,78,21,34,23,376,5,1,0,1,2,2,1,3,0,0,0,4,3,1,0,4,3,1,0,1,24,1,3,2,2,3,2,0,2,25,7,4,696
orjson_3_10_3,42e52b22c06a665d0d12a510c1685b1442eb1dd6,0,8311694.666666667,4166.0,164,55,0,0,24,25,27,320,167,153,75,7,78,21,34,23,376,5,1,0,1,2,2,1,3,0,0,0,4,3,1,0,4,3,1,0,1,24,1,3,2,2,3,2,0,2,25,7,4,696
orjson_3_10_4,42e52b22c06a665d0d12a510c1685b1442eb1dd6,0,8120569.333333333,4166.0,164,55,0,0,24,25,27,320,167,153,75,7,78,21,34,23,376,5,1,0,1,2,2,1,3,0,0,0,4,3,1,0,4,3,1,0,1,24,1,3,2,2,3,2,0,2,25,7,4,696
orjson_3_10_5,42e52b22c06a665d0d12a510c1685b1442eb1dd6,0,8110806.0,4166.0,164,55,0,0,24,25,27,320,167,153,75,7,78,21,34,23,376,5,1,0,1,2,2,1,3,0,0,0,4,3,1,0,4,3,1,0,1,24,1,3,2,2,3,2,0,2,25,7,4,696
orjson_3_10_6,42e52b22c06a665d0d12a510c1685b1442eb1dd6,0,8086152.666666667,4166.0,164,55,0,0,24,25,27,320,167,153,75,7,78,21,34,23,376,5,1,0,1,2,2,1,3,0,0,0,4,3,1,0,4,3,1,0,1,24,1,3,2,2,3,2,0,2,25,7,4,696
orjson_3_10_1,088c99cfa62287aa9b5c96a4a14bf546b1d72cc2,0,9176277.333333334,4794.0,163,55,0,0,24,25,28,395,204,191,95,7,96,25,39,32,443,5,1,0,1,2,2,1,3,0,0,0,4,3,1,0,4,3,1,0,1,24,1,2,2,2,2,3,0,2,25,6,4,838
orjson_3_10_2,088c99cfa62287aa9b5c96a4a14bf546b1d72cc2,0,9133167.0,4794.0,163,55,0,0,24,25,28,395,204,191,95,7,96,25,39,32,443,5,1,0,1,2,2,1,3,0,0,0,4,3,1,0,4,3,1,0,1,24,1,2,2,2,2,3,0,2,25,6,4,838
orjson_3_10_3,088c99cfa62287aa9b5c96a4a14bf546b1d72cc2,0,9136624.666666666,4794.0,163,55,0,0,24,25,28,395,204,191,95,7,96,25,39,32,443,5,1,0,1,2,2,1,3,0,0,0,4,3,1,0,4,3,1,0,1,24,1,2,2,2,2,3,0,2,25,6,4,838
orjson_3_10_4,088c99cfa62287aa9b5c96a4a14bf546b1d72cc2,0,8914958.0,4794.0,163,55,0,0,24,25,28,395,204,191,95,7,96,25,39,32,443,5,1,0,1,2,2,1,3,0,0,0,4,3,1,0,4,3,1,0,1,24,1,2,2,2,2,3,0,2,25,6,4,838
orjson_3_10_5,088c99cfa62287aa9b5c96a4a14bf546b1d72cc2,0,8898722.666666666,4794.0,163,55,0,0,24,25,28,395,204,191,95,7,96,25,39,32,443,5,1,0,1,2,2,1,3,0,0,0,4,3,1,0,4,3,1,0,1,24,1,2,2,2,2,3,0,2,25,6,4,838
orjson_3_10_6,088c99cfa62287aa9b5c96a4a14bf546b1d72cc2,0,8970514.0,4794.0,163,55,0,0,24,25,28,395,204,191,95,7,96,25,39,32,443,5,1,0,1,2,2,1,3,0,0,0,4,3,1,0,4,3,1,0,1,24,1,2,2,2,2,3,0,2,25,6,4,838
orjson_3_10_1,8044c31f9bc8b5def98c5002320135499b6bc056,0,8835333.666666666,4538.0,163,55,0,0,24,25,28,362,185,177,86,8,91,27,39,25,412,5,1,0,1,2,2,1,3,0,0,0,4,3,1,0,4,3,1,0,1,24,1,3,2,2,3,3,0,2,25,6,4,774
orjson_3_10_2,8044c31f9bc8b5def98c5002320135499b6bc056,0,8786195.0,4538.0,163,55,0,0,24,25,28,362,185,177,86,8,91,27,39,25,412,5,1,0,1,2,2,1,3,0,0,0,4,3,1,0,4,3,1,0,1,24,1,3,2,2,3,3,0,2,25,6,4,774
orjson_3_10_3,8044c31f9bc8b5def98c5002320135499b6bc056,0,8767541.666666666,4538.0,163,55,0,0,24,25,28,362,185,177,86,8,91,27,39,25,412,5,1,0,1,2,2,1,3,0,0,0,4,3,1,0,4,3,1,0,1,24,1,3,2,2,3,3,0,2,25,6,4,774
orjson_3_10_4,8044c31f9bc8b5def98c5002320135499b6bc056,0,8563111.333333334,4538.0,163,55,0,0,24,25,28,362,185,177,86,8,91,27,39,25,412,5,1,0,1,2,2,1,3,0,0,0,4,3,1,0,4,3,1,0,1,24,1,3,2,2,3,3,0,2,25,6,4,774
orjson_3_10_5,8044c31f9bc8b5def98c5002320135499b6bc056,0,8585028.0,4538.0,163,55,0,0,24,25,28,362,185,177,86,8,91,27,39,25,412,5,1,0,1,2,2,1,3,0,0,0,4,3,1,0,4,3,1,0,1,24,1,3,2,2,3,3,0,2,25,6,4,774
orjson_3_10_6,8044c31f9bc8b5def98c5002320135499b6bc056,0,8634833.0,4538.0,163,55,0,0,24,25,28,362,185,177,86,8,91,27,39,25,412,5,1,0,1,2,2,1,3,0,0,0,4,3,1,0,4,3,1,0,1,24,1,3,2,2,3,3,0,2,25,6,4,774
orjson_3_10_1,b3007044066ecf3ae8d52e863cc9ae7b3eef52ca,0,3587583.3333333335,1736.0,47,24,0,0,4,5,7,214,104,110,56,3,54,17,20,17,226,1,0,0,0,0,0,0,0,0,0,0,0,0,0,0,0,1,1,0,1,4,1,1,2,2,1,0,0,2,5,1,0,440
orjson_3_10_2,b3007044066ecf3ae8d52e863cc9ae7b3eef52ca,0,3798591.6,1736.0,47,24,0,0,4,5,7,214,104,110,56,3,54,17,20,17,226,1,0,0,0,0,0,0,0,0,0,0,0,0,0,0,0,1,1,0,1,4,1,1,2,2,1,0,0,2,5,1,0,440
orjson_3_10_3,b3007044066ecf3ae8d52e863cc9ae7b3eef52ca,0,3656291.6666666665,1736.0,47,24,0,0,4,5,7,214,104,110,56,3,54,17,20,17,226,1,0,0,0,0,0,0,0,0,0,0,0,0,0,0,0,1,1,0,1,4,1,1,2,2,1,0,0,2,5,1,0,440
orjson_3_10_4,b3007044066ecf3ae8d52e863cc9ae7b3eef52ca,0,3590236.3333333335,1736.0,47,24,0,0,4,5,7,214,104,110,56,3,54,17,20,17,226,1,0,0,0,0,0,0,0,0,0,0,0,0,0,0,0,1,1,0,1,4,1,1,2,2,1,0,0,2,5,1,0,440
orjson_3_10_5,b3007044066ecf3ae8d52e863cc9ae7b3eef52ca,0,3583153.0,1736.0,47,24,0,0,4,5,7,214,104,110,56,3,54,17,20,17,226,1,0,0,0,0,0,0,0,0,0,0,0,0,0,0,0,1,1,0,1,4,1,1,2,2,1,0,0,2,5,1,0,440
orjson_3_10_6,b3007044066ecf3ae8d52e863cc9ae7b3eef52ca,0,3966729.1,1736.0,47,24,0,0,4,5,7,214,104,110,56,3,54,17,20,17,226,1,0,0,0,0,0,0,0,0,0,0,0,0,0,0,0,1,1,0,1,4,1,1,2,2,1,0,0,2,5,1,0,440
orjson_3_10_1,af28b3dbac9d4d3d053834bdf7a370ef1d94bfd4,0,4551263.666666667,2344.0,25,15,0,0,1,2,3,266,123,143,85,14,58,15,21,22,257,0,0,0,0,0,0,0,0,0,0,0,0,0,0,0,0,1,1,0,1,1,1,7,1,1,7,6,0,1,2,0,0,523
orjson_3_10_2,af28b3dbac9d4d3d053834bdf7a370ef1d94bfd4,0,4645972.333333333,2344.0,25,15,0,0,1,2,3,266,123,143,85,14,58,15,21,22,257,0,0,0,0,0,0,0,0,0,0,0,0,0,0,0,0,1,1,0,1,1,1,7,1,1,7,6,0,1,2,0,0,523
orjson_3_10_3,af28b3dbac9d4d3d053834bdf7a370ef1d94bfd4,0,4629694.333333333,2344.0,25,15,0,0,1,2,3,266,123,143,85,14,58,15,21,22,257,0,0,0,0,0,0,0,0,0,0,0,0,0,0,0,0,1,1,0,1,1,1,7,1,1,7,6,0,1,2,0,0,523
orjson_3_10_4,af28b3dbac9d4d3d053834bdf7a370ef1d94bfd4,0,4532014.0,2344.0,25,15,0,0,1,2,3,266,123,143,85,14,58,15,21,22,257,0,0,0,0,0,0,0,0,0,0,0,0,0,0,0,0,1,1,0,1,1,1,7,1,1,7,6,0,1,2,0,0,523
orjson_3_10_5,af28b3dbac9d4d3d053834bdf7a370ef1d94bfd4,0,4477639.0,2344.0,25,15,0,0,1,2,3,266,123,143,85,14,58,15,21,22,257,0,0,0,0,0,0,0,0,0,0,0,0,0,0,0,0,1,1,0,1,1,1,7,1,1,7,6,0,1,2,0,0,523
orjson_3_10_6,af28b3dbac9d4d3d053834bdf7a370ef1d94bfd4,0,4553486.333333333,2344.0,25,15,0,0,1,2,3,266,123,143,85,14,58,15,21,22,257,0,0,0,0,0,0,0,0,0,0,0,0,0,0,0,0,1,1,0,1,1,1,7,1,1,7,6,0,1,2,0,0,523
orjson_3_10_1,ef373587a4e315c1ac017566ce6f574dbe746bac,0,4205229.25,1528.0,77,38,0,0,6,9,9,174,78,96,49,3,47,16,12,19,186,3,0,0,0,1,0,0,0,0,0,0,1,1,1,0,0,2,3,0,3,6,3,2,1,1,2,0,0,3,9,1,1,360
orjson_3_10_2,ef373587a4e315c1ac017566ce6f574dbe746bac,0,4188791.6666666665,1528.0,77,38,0,0,6,9,9,174,78,96,49,3,47,16,12,19,186,3,0,0,0,1,0,0,0,0,0,0,1,1,1,0,0,2,3,0,3,6,3,2,1,1,2,0,0,3,9,1,1,360
orjson_3_10_3,ef373587a4e315c1ac017566ce6f574dbe746bac,0,4204611.0,1528.0,77,38,0,0,6,9,9,174,78,96,49,3,47,16,12,19,186,3,0,0,0,1,0,0,0,0,0,0,1,1,1,0,0,2,3,0,3,6,3,2,1,1,2,0,0,3,9,1,1,360
orjson_3_10_4,ef373587a4e315c1ac017566ce6f574dbe746bac,0,4122291.6666666665,1528.0,77,38,0,0,6,9,9,174,78,96,49,3,47,16,12,19,186,3,0,0,0,1,0,0,0,0,0,0,1,1,1,0,0,2,3,0,3,6,3,2,1,1,2,0,0,3,9,1,1,360
orjson_3_10_5,ef373587a4e315c1ac017566ce6f574dbe746bac,0,4147736.0,1528.0,77,38,0,0,6,9,9,174,78,96,49,3,47,16,12,19,186,3,0,0,0,1,0,0,0,0,0,0,1,1,1,0,0,2,3,0,3,6,3,2,1,1,2,0,0,3,9,1,1,360
orjson_3_10_6,ef373587a4e315c1ac017566ce6f574dbe746bac,0,4166583.0,1528.0,77,38,0,0,6,9,9,174,78,96,49,3,47,16,12,19,186,3,0,0,0,1,0,0,0,0,0,0,1,1,1,0,0,2,3,0,3,6,3,2,1,1,2,0,0,3,9,1,1,360
orjson_3_10_1,39894bb592d1d3b19152e7ff7be635d13f476a42,0,3588777.6666666665,1488.0,40,17,0,0,4,5,5,166,93,73,39,6,34,11,16,7,175,1,1,1,1,2,6,0,0,0,0,1,1,0,0,0,2,0,1,0,1,4,1,2,2,2,2,2,0,2,5,1,1,341
orjson_3_10_2,39894bb592d1d3b19152e7ff7be635d13f476a42,0,3627972.3333333335,1488.0,40,17,0,0,4,5,5,166,93,73,39,6,34,11,16,7,175,1,1,1,1,2,6,0,0,0,0,1,1,0,0,0,2,0,1,0,1,4,1,2,2,2,2,2,0,2,5,1,1,341
orjson_3_10_3,39894bb592d1d3b19152e7ff7be635d13f476a42,0,3642555.6666666665,1488.0,40,17,0,0,4,5,5,166,93,73,39,6,34,11,16,7,175,1,1,1,1,2,6,0,0,0,0,1,1,0,0,0,2,0,1,0,1,4,1,2,2,2,2,2,0,2,5,1,1,341
orjson_3_10_4,39894bb592d1d3b19152e7ff7be635d13f476a42,0,3555208.3333333335,1488.0,40,17,0,0,4,5,5,166,93,73,39,6,34,11,16,7,175,1,1,1,1,2,6,0,0,0,0,1,1,0,0,0,2,0,1,0,1,4,1,2,2,2,2,2,0,2,5,1,1,341
orjson_3_10_5,39894bb592d1d3b19152e7ff7be635d13f476a42,0,3585111.0,1488.0,40,17,0,0,4,5,5,166,93,73,39,6,34,11,16,7,175,1,1,1,1,2,6,0,0,0,0,1,1,0,0,0,2,0,1,0,1,4,1,2,2,2,2,2,0,2,5,1,1,341
orjson_3_10_6,39894bb592d1d3b19152e7ff7be635d13f476a42,0,3604916.6666666665,1488.0,40,17,0,0,4,5,5,166,93,73,39,6,34,11,16,7,175,1,1,1,1,2,6,0,0,0,0,1,1,0,0,0,2,0,1,0,1,4,1,2,2,2,2,2,0,2,5,1,1,341
orjson_3_10_1,ea138a462ce08d00cc9d91bdf1e7d13776030283,0,3350847.3333333335,1560.0,32,18,0,0,2,3,3,175,98,77,30,2,47,17,12,18,152,0,2,2,1,2,3,0,0,0,0,2,2,0,0,0,0,1,1,0,1,2,1,2,0,0,2,0,0,1,3,0,2,327
orjson_3_10_2,ea138a462ce08d00cc9d91bdf1e7d13776030283,0,3411652.6666666665,1560.0,32,18,0,0,2,3,3,175,98,77,30,2,47,17,12,18,152,0,2,2,1,2,3,0,0,0,0,2,2,0,0,0,0,1,1,0,1,2,1,2,0,0,2,0,0,1,3,0,2,327
orjson_3_10_3,ea138a462ce08d00cc9d91bdf1e7d13776030283,0,3474083.6666666665,1560.0,32,18,0,0,2,3,3,175,98,77,30,2,47,17,12,18,152,0,2,2,1,2,3,0,0,0,0,2,2,0,0,0,0,1,1,0,1,2,1,2,0,0,2,0,0,1,3,0,2,327
orjson_3_10_4,ea138a462ce08d00cc9d91bdf1e7d13776030283,0,3353152.6666666665,1560.0,32,18,0,0,2,3,3,175,98,77,30,2,47,17,12,18,152,0,2,2,1,2,3,0,0,0,0,2,2,0,0,0,0,1,1,0,1,2,1,2,0,0,2,0,0,1,3,0,2,327
orjson_3_10_5,ea138a462ce08d00cc9d91bdf1e7d13776030283,0,3342069.3333333335,1560.0,32,18,0,0,2,3,3,175,98,77,30,2,47,17,12,18,152,0,2,2,1,2,3,0,0,0,0,2,2,0,0,0,0,1,1,0,1,2,1,2,0,0,2,0,0,1,3,0,2,327
orjson_3_10_6,ea138a462ce08d00cc9d91bdf1e7d13776030283,0,3318069.3333333335,1560.0,32,18,0,0,2,3,3,175,98,77,30,2,47,17,12,18,152,0,2,2,1,2,3,0,0,0,0,2,2,0,0,0,0,1,1,0,1,2,1,2,0,0,2,0,0,1,3,0,2,327
orjson_3_10_1,bde9a01421a560ef600a1db3f157f1bd57f8d6ef,0,11314027.666666666,5186.0,285,72,1,1,49,52,59,321,155,166,101,12,65,22,23,20,346,9,2,1,1,1,2,1,0,10,2,1,3,1,0,1,10,12,2,1,2,48,2,4,1,1,4,7,0,4,50,8,3,667
orjson_3_10_2,bde9a01421a560ef600a1db3f157f1bd57f8d6ef,0,10717236.333333334,5101.0,285,72,1,1,49,52,59,321,155,166,101,12,65,22,23,20,346,9,2,1,1,1,2,1,0,10,2,1,3,1,0,1,10,12,2,1,2,48,2,4,1,1,4,7,0,4,50,8,3,667
orjson_3_10_3,bde9a01421a560ef600a1db3f157f1bd57f8d6ef,0,10732791.666666666,5101.0,285,72,1,1,49,52,59,321,155,166,101,12,65,22,23,20,346,9,2,1,1,1,2,1,0,10,2,1,3,1,0,1,10,12,2,1,2,48,2,4,1,1,4,7,0,4,50,8,3,667
orjson_3_10_4,bde9a01421a560ef600a1db3f157f1bd57f8d6ef,0,10539541.666666666,5101.0,285,72,1,1,49,52,59,321,155,166,101,12,65,22,23,20,346,9,2,1,1,1,2,1,0,10,2,1,3,1,0,1,10,12,2,1,2,48,2,4,1,1,4,7,0,4,50,8,3,667
orjson_3_10_5,bde9a01421a560ef600a1db3f157f1bd57f8d6ef,0,10623014.0,5101.0,285,72,1,1,49,52,59,321,155,166,101,12,65,22,23,20,346,9,2,1,1,1,2,1,0,10,2,1,3,1,0,1,10,12,2,1,2,48,2,4,1,1,4,7,0,4,50,8,3,667
orjson_3_10_6,bde9a01421a560ef600a1db3f157f1bd57f8d6ef,0,10816139.0,5101.0,285,72,1,1,49,52,59,321,155,166,101,12,65,22,23,20,346,9,2,1,1,1,2,1,0,10,2,1,3,1,0,1,10,12,2,1,2,48,2,4,1,1,4,7,0,4,50,8,3,667
orjson_3_10_1,5c39cfdfa7fca3a4320ee5362ca1299563208f27,0,4061847.0,1891.0,138,35,0,0,24,25,29,85,37,48,28,2,20,9,8,3,85,4,2,1,1,1,2,1,0,10,2,1,3,1,0,1,6,7,1,0,1,24,1,0,0,0,0,2,0,2,25,1,3,170
orjson_3_10_2,5c39cfdfa7fca3a4320ee5362ca1299563208f27,0,3723972.6666666665,1806.0,138,35,0,0,24,25,29,85,37,48,28,2,20,9,8,3,85,4,2,1,1,1,2,1,0,10,2,1,3,1,0,1,6,7,1,0,1,24,1,0,0,0,0,2,0,2,25,1,3,170
orjson_3_10_3,5c39cfdfa7fca3a4320ee5362ca1299563208f27,0,3724263.6666666665,1806.0,138,35,0,0,24,25,29,85,37,48,28,2,20,9,8,3,85,4,2,1,1,1,2,1,0,10,2,1,3,1,0,1,6,7,1,0,1,24,1,0,0,0,0,2,0,2,25,1,3,170
orjson_3_10_4,5c39cfdfa7fca3a4320ee5362ca1299563208f27,0,3638667.0,1806.0,138,35,0,0,24,25,29,85,37,48,28,2,20,9,8,3,85,4,2,1,1,1,2,1,0,10,2,1,3,1,0,1,6,7,1,0,1,24,1,0,0,0,0,2,0,2,25,1,3,170
orjson_3_10_5,5c39cfdfa7fca3a4320ee5362ca1299563208f27,0,3620906.5,1806.0,138,35,0,0,24,25,29,85,37,48,28,2,20,9,8,3,85,4,2,1,1,1,2,1,0,10,2,1,3,1,0,1,6,7,1,0,1,24,1,0,0,0,0,2,0,2,25,1,3,170
orjson_3_10_6,5c39cfdfa7fca3a4320ee5362ca1299563208f27,0,3687666.6666666665,1806.0,138,35,0,0,24,25,29,85,37,48,28,2,20,9,8,3,85,4,2,1,1,1,2,1,0,10,2,1,3,1,0,1,6,7,1,0,1,24,1,0,0,0,0,2,0,2,25,1,3,170
orjson_3_10_1,8a52ffde57629c18853a1e8738cd82279d42b344,0,11238305.666666666,5186.0,285,72,1,1,49,52,59,321,155,166,101,12,65,22,23,20,346,8,2,1,1,1,2,1,0,10,2,1,3,1,0,1,11,12,2,1,2,48,2,4,1,1,4,7,0,4,50,8,3,667
orjson_3_10_2,8a52ffde57629c18853a1e8738cd82279d42b344,0,10686388.666666666,5101.0,285,72,1,1,49,52,59,321,155,166,101,12,65,22,23,20,346,8,2,1,1,1,2,1,0,10,2,1,3,1,0,1,11,12,2,1,2,48,2,4,1,1,4,7,0,4,50,8,3,667
orjson_3_10_3,8a52ffde57629c18853a1e8738cd82279d42b344,0,10706555.666666666,5101.0,285,72,1,1,49,52,59,321,155,166,101,12,65,22,23,20,346,8,2,1,1,1,2,1,0,10,2,1,3,1,0,1,11,12,2,1,2,48,2,4,1,1,4,7,0,4,50,8,3,667
orjson_3_10_4,8a52ffde57629c18853a1e8738cd82279d42b344,0,10525694.333333334,5101.0,285,72,1,1,49,52,59,321,155,166,101,12,65,22,23,20,346,8,2,1,1,1,2,1,0,10,2,1,3,1,0,1,11,12,2,1,2,48,2,4,1,1,4,7,0,4,50,8,3,667
orjson_3_10_5,8a52ffde57629c18853a1e8738cd82279d42b344,0,10511472.666666666,5101.0,285,72,1,1,49,52,59,321,155,166,101,12,65,22,23,20,346,8,2,1,1,1,2,1,0,10,2,1,3,1,0,1,11,12,2,1,2,48,2,4,1,1,4,7,0,4,50,8,3,667
orjson_3_10_6,8a52ffde57629c18853a1e8738cd82279d42b344,0,10708653.0,5101.0,285,72,1,1,49,52,59,321,155,166,101,12,65,22,23,20,346,8,2,1,1,1,2,1,0,10,2,1,3,1,0,1,11,12,2,1,2,48,2,4,1,1,4,7,0,4,50,8,3,667
orjson_3_10_1,42a24208f2017ae554bfb093ec3f2c9f8a5e43a0,0,11315208.333333334,5186.0,285,72,1,1,49,52,59,321,155,166,101,12,65,22,23,20,346,9,2,1,2,1,4,1,0,10,2,1,3,1,0,1,10,12,2,1,2,48,2,4,1,1,4,7,0,4,50,8,3,667
orjson_3_10_2,42a24208f2017ae554bfb093ec3f2c9f8a5e43a0,0,10717111.0,5101.0,285,72,1,1,49,52,59,321,155,166,101,12,65,22,23,20,346,9,2,1,2,1,4,1,0,10,2,1,3,1,0,1,10,12,2,1,2,48,2,4,1,1,4,7,0,4,50,8,3,667
orjson_3_10_3,42a24208f2017ae554bfb093ec3f2c9f8a5e43a0,0,10857527.666666666,5101.0,285,72,1,1,49,52,59,321,155,166,101,12,65,22,23,20,346,9,2,1,2,1,4,1,0,10,2,1,3,1,0,1,10,12,2,1,2,48,2,4,1,1,4,7,0,4,50,8,3,667
orjson_3_10_4,42a24208f2017ae554bfb093ec3f2c9f8a5e43a0,0,10574972.333333334,5101.0,285,72,1,1,49,52,59,321,155,166,101,12,65,22,23,20,346,9,2,1,2,1,4,1,0,10,2,1,3,1,0,1,10,12,2,1,2,48,2,4,1,1,4,7,0,4,50,8,3,667
orjson_3_10_5,42a24208f2017ae554bfb093ec3f2c9f8a5e43a0,0,10644194.666666666,5101.0,285,72,1,1,49,52,59,321,155,166,101,12,65,22,23,20,346,9,2,1,2,1,4,1,0,10,2,1,3,1,0,1,10,12,2,1,2,48,2,4,1,1,4,7,0,4,50,8,3,667
orjson_3_10_6,42a24208f2017ae554bfb093ec3f2c9f8a5e43a0,0,10781430.666666666,5101.0,285,72,1,1,49,52,59,321,155,166,101,12,65,22,23,20,346,9,2,1,2,1,4,1,0,10,2,1,3,1,0,1,10,12,2,1,2,48,2,4,1,1,4,7,0,4,50,8,3,667
orjson_3_10_1,7304891e874760b37a30692e33f4f61d5fe78978,0,4064555.3333333335,1891.0,138,35,0,0,24,25,29,85,37,48,28,2,20,9,8,3,85,4,2,1,1,1,2,1,0,10,2,1,3,1,0,1,6,7,1,0,1,24,1,0,0,0,0,2,0,2,25,1,3,170
orjson_3_10_2,7304891e874760b37a30692e33f4f61d5fe78978,0,3719777.6666666665,1806.0,138,35,0,0,24,25,29,85,37,48,28,2,20,9,8,3,85,4,2,1,1,1,2,1,0,10,2,1,3,1,0,1,6,7,1,0,1,24,1,0,0,0,0,2,0,2,25,1,3,170
orjson_3_10_3,7304891e874760b37a30692e33f4f61d5fe78978,0,3741944.6666666665,1806.0,138,35,0,0,24,25,29,85,37,48,28,2,20,9,8,3,85,4,2,1,1,1,2,1,0,10,2,1,3,1,0,1,6,7,1,0,1,24,1,0,0,0,0,2,0,2,25,1,3,170
orjson_3_10_4,7304891e874760b37a30692e33f4f61d5fe78978,0,3661333.5,1806.0,138,35,0,0,24,25,29,85,37,48,28,2,20,9,8,3,85,4,2,1,1,1,2,1,0,10,2,1,3,1,0,1,6,7,1,0,1,24,1,0,0,0,0,2,0,2,25,1,3,170
orjson_3_10_5,7304891e874760b37a30692e33f4f61d5fe78978,0,3646027.6666666665,1806.0,138,35,0,0,24,25,29,85,37,48,28,2,20,9,8,3,85,4,2,1,1,1,2,1,0,10,2,1,3,1,0,1,6,7,1,0,1,24,1,0,0,0,0,2,0,2,25,1,3,170
orjson_3_10_6,7304891e874760b37a30692e33f4f61d5fe78978,0,3709153.0,1806.0,138,35,0,0,24,25,29,85,37,48,28,2,20,9,8,3,85,4,2,1,1,1,2,1,0,10,2,1,3,1,0,1,6,7,1,0,1,24,1,0,0,0,0,2,0,2,25,1,3,170
orjson_3_10_1,99c5189a43facdde3f820b61ccaaafa174aaa9d0,0,4032069.3333333335,1891.0,138,35,0,0,24,25,29,85,37,48,28,2,20,9,8,3,85,4,2,1,1,1,2,1,0,10,2,1,3,1,0,1,6,7,1,0,1,24,1,0,0,0,0,2,0,2,25,1,3,170
orjson_3_10_2,99c5189a43facdde3f820b61ccaaafa174aaa9d0,0,3696000.3333333335,1806.0,138,35,0,0,24,25,29,85,37,48,28,2,20,9,8,3,85,4,2,1,1,1,2,1,0,10,2,1,3,1,0,1,6,7,1,0,1,24,1,0,0,0,0,2,0,2,25,1,3,170
orjson_3_10_3,99c5189a43facdde3f820b61ccaaafa174aaa9d0,0,3700291.6666666665,1806.0,138,35,0,0,24,25,29,85,37,48,28,2,20,9,8,3,85,4,2,1,1,1,2,1,0,10,2,1,3,1,0,1,6,7,1,0,1,24,1,0,0,0,0,2,0,2,25,1,3,170
orjson_3_10_4,99c5189a43facdde3f820b61ccaaafa174aaa9d0,0,3680750.0,1806.0,138,35,0,0,24,25,29,85,37,48,28,2,20,9,8,3,85,4,2,1,1,1,2,1,0,10,2,1,3,1,0,1,6,7,1,0,1,24,1,0,0,0,0,2,0,2,25,1,3,170
orjson_3_10_5,99c5189a43facdde3f820b61ccaaafa174aaa9d0,0,3638958.3333333335,1806.0,138,35,0,0,24,25,29,85,37,48,28,2,20,9,8,3,85,4,2,1,1,1,2,1,0,10,2,1,3,1,0,1,6,7,1,0,1,24,1,0,0,0,0,2,0,2,25,1,3,170
orjson_3_10_6,99c5189a43facdde3f820b61ccaaafa174aaa9d0,0,3708305.6666666665,1806.0,138,35,0,0,24,25,29,85,37,48,28,2,20,9,8,3,85,4,2,1,1,1,2,1,0,10,2,1,3,1,0,1,6,7,1,0,1,24,1,0,0,0,0,2,0,2,25,1,3,170
orjson_3_10_1,079f57c48c67aea571dd9701bb8829c8e3f37717,0,11245750.0,5186.0,285,72,1,1,49,52,59,321,155,166,101,12,65,22,23,20,346,9,2,1,2,1,4,1,0,10,2,1,3,1,0,1,10,12,2,1,2,48,2,4,1,1,4,7,0,4,50,8,3,667
orjson_3_10_2,079f57c48c67aea571dd9701bb8829c8e3f37717,0,10721903.0,5101.0,285,72,1,1,49,52,59,321,155,166,101,12,65,22,23,20,346,9,2,1,2,1,4,1,0,10,2,1,3,1,0,1,10,12,2,1,2,48,2,4,1,1,4,7,0,4,50,8,3,667
orjson_3_10_3,079f57c48c67aea571dd9701bb8829c8e3f37717,0,10700555.666666666,5101.0,285,72,1,1,49,52,59,321,155,166,101,12,65,22,23,20,346,9,2,1,2,1,4,1,0,10,2,1,3,1,0,1,10,12,2,1,2,48,2,4,1,1,4,7,0,4,50,8,3,667
orjson_3_10_4,079f57c48c67aea571dd9701bb8829c8e3f37717,0,10584778.0,5101.0,285,72,1,1,49,52,59,321,155,166,101,12,65,22,23,20,346,9,2,1,2,1,4,1,0,10,2,1,3,1,0,1,10,12,2,1,2,48,2,4,1,1,4,7,0,4,50,8,3,667
orjson_3_10_5,079f57c48c67aea571dd9701bb8829c8e3f37717,0,10750694.333333334,5101.0,285,72,1,1,49,52,59,321,155,166,101,12,65,22,23,20,346,9,2,1,2,1,4,1,0,10,2,1,3,1,0,1,10,12,2,1,2,48,2,4,1,1,4,7,0,4,50,8,3,667
orjson_3_10_6,079f57c48c67aea571dd9701bb8829c8e3f37717,0,10753194.333333334,5101.0,285,72,1,1,49,52,59,321,155,166,101,12,65,22,23,20,346,9,2,1,2,1,4,1,0,10,2,1,3,1,0,1,10,12,2,1,2,48,2,4,1,1,4,7,0,4,50,8,3,667
orjson_3_10_1,7bc09f2ce1843eaddc74efab9de50e7eb6073b8a,0,11313485.666666666,5186.0,285,72,1,1,49,52,59,321,155,166,101,12,65,22,23,20,346,9,2,1,2,1,4,1,0,10,2,1,3,1,0,1,10,12,2,1,2,48,2,4,1,1,4,7,0,4,50,8,3,667
orjson_3_10_2,7bc09f2ce1843eaddc74efab9de50e7eb6073b8a,0,10725694.333333334,5101.0,285,72,1,1,49,52,59,321,155,166,101,12,65,22,23,20,346,9,2,1,2,1,4,1,0,10,2,1,3,1,0,1,10,12,2,1,2,48,2,4,1,1,4,7,0,4,50,8,3,667
orjson_3_10_3,7bc09f2ce1843eaddc74efab9de50e7eb6073b8a,0,10767625.0,5101.0,285,72,1,1,49,52,59,321,155,166,101,12,65,22,23,20,346,9,2,1,2,1,4,1,0,10,2,1,3,1,0,1,10,12,2,1,2,48,2,4,1,1,4,7,0,4,50,8,3,667
orjson_3_10_4,7bc09f2ce1843eaddc74efab9de50e7eb6073b8a,0,10578569.666666666,5101.0,285,72,1,1,49,52,59,321,155,166,101,12,65,22,23,20,346,9,2,1,2,1,4,1,0,10,2,1,3,1,0,1,10,12,2,1,2,48,2,4,1,1,4,7,0,4,50,8,3,667
orjson_3_10_5,7bc09f2ce1843eaddc74efab9de50e7eb6073b8a,0,10623861.0,5101.0,285,72,1,1,49,52,59,321,155,166,101,12,65,22,23,20,346,9,2,1,2,1,4,1,0,10,2,1,3,1,0,1,10,12,2,1,2,48,2,4,1,1,4,7,0,4,50,8,3,667
orjson_3_10_6,7bc09f2ce1843eaddc74efab9de50e7eb6073b8a,0,10748194.333333334,5101.0,285,72,1,1,49,52,59,321,155,166,101,12,65,22,23,20,346,9,2,1,2,1,4,1,0,10,2,1,3,1,0,1,10,12,2,1,2,48,2,4,1,1,4,7,0,4,50,8,3,667
orjson_3_10_1,5d60360ed3c50c04eb461e98c60f0a71fd7c395e,0,11250889.0,5186.0,284,71,1,1,49,52,59,321,155,166,101,12,65,22,23,20,346,9,2,1,1,1,2,1,0,10,2,1,3,1,0,1,10,12,2,1,2,48,2,4,1,1,4,7,0,4,50,8,3,667
orjson_3_10_2,5d60360ed3c50c04eb461e98c60f0a71fd7c395e,0,10699583.333333334,5101.0,284,71,1,1,49,52,59,321,155,166,101,12,65,22,23,20,346,9,2,1,1,1,2,1,0,10,2,1,3,1,0,1,10,12,2,1,2,48,2,4,1,1,4,7,0,4,50,8,3,667
orjson_3_10_3,5d60360ed3c50c04eb461e98c60f0a71fd7c395e,0,10681291.333333334,5101.0,284,71,1,1,49,52,59,321,155,166,101,12,65,22,23,20,346,9,2,1,1,1,2,1,0,10,2,1,3,1,0,1,10,12,2,1,2,48,2,4,1,1,4,7,0,4,50,8,3,667
orjson_3_10_4,5d60360ed3c50c04eb461e98c60f0a71fd7c395e,0,10663333.333333334,5101.0,284,71,1,1,49,52,59,321,155,166,101,12,65,22,23,20,346,9,2,1,1,1,2,1,0,10,2,1,3,1,0,1,10,12,2,1,2,48,2,4,1,1,4,7,0,4,50,8,3,667
orjson_3_10_5,5d60360ed3c50c04eb461e98c60f0a71fd7c395e,0,10562458.666666666,5101.0,284,71,1,1,49,52,59,321,155,166,101,12,65,22,23,20,346,9,2,1,1,1,2,1,0,10,2,1,3,1,0,1,10,12,2,1,2,48,2,4,1,1,4,7,0,4,50,8,3,667
orjson_3_10_6,5d60360ed3c50c04eb461e98c60f0a71fd7c395e,0,10524208.333333334,5101.0,284,71,1,1,49,52,59,321,155,166,101,12,65,22,23,20,346,9,2,1,1,1,2,1,0,10,2,1,3,1,0,1,10,12,2,1,2,48,2,4,1,1,4,7,0,4,50,8,3,667
orjson_3_10_1,3e0cb06cb8b7ff80f339195120eac6a77ddbc110,0,4024833.3333333335,1891.0,139,36,0,0,24,25,29,85,37,48,28,2,20,9,8,3,85,4,2,1,1,1,2,1,0,10,2,1,3,1,0,1,6,7,1,0,1,24,1,0,0,0,0,2,0,2,25,1,3,170
orjson_3_10_2,3e0cb06cb8b7ff80f339195120eac6a77ddbc110,0,3707486.0,1806.0,139,36,0,0,24,25,29,85,37,48,28,2,20,9,8,3,85,4,2,1,1,1,2,1,0,10,2,1,3,1,0,1,6,7,1,0,1,24,1,0,0,0,0,2,0,2,25,1,3,170
orjson_3_10_3,3e0cb06cb8b7ff80f339195120eac6a77ddbc110,0,3696402.6666666665,1806.0,139,36,0,0,24,25,29,85,37,48,28,2,20,9,8,3,85,4,2,1,1,1,2,1,0,10,2,1,3,1,0,1,6,7,1,0,1,24,1,0,0,0,0,2,0,2,25,1,3,170
orjson_3_10_4,3e0cb06cb8b7ff80f339195120eac6a77ddbc110,0,3609736.0,1806.0,139,36,0,0,24,25,29,85,37,48,28,2,20,9,8,3,85,4,2,1,1,1,2,1,0,10,2,1,3,1,0,1,6,7,1,0,1,24,1,0,0,0,0,2,0,2,25,1,3,170
orjson_3_10_5,3e0cb06cb8b7ff80f339195120eac6a77ddbc110,0,3720489.75,1806.0,139,36,0,0,24,25,29,85,37,48,28,2,20,9,8,3,85,4,2,1,1,1,2,1,0,10,2,1,3,1,0,1,6,7,1,0,1,24,1,0,0,0,0,2,0,2,25,1,3,170
orjson_3_10_6,3e0cb06cb8b7ff80f339195120eac6a77ddbc110,0,3703986.0,1806.0,139,36,0,0,24,25,29,85,37,48,28,2,20,9,8,3,85,4,2,1,1,1,2,1,0,10,2,1,3,1,0,1,6,7,1,0,1,24,1,0,0,0,0,2,0,2,25,1,3,170
orjson_3_10_1,454d9fa9b26c4bf34050bd9706be63067cace3ba,0,11301694.333333334,5186.0,285,72,1,1,49,52,59,321,155,166,101,12,65,22,23,20,347,8,2,1,2,1,4,1,0,10,2,1,3,1,0,1,10,13,2,1,2,48,2,4,1,1,4,7,0,4,50,8,3,668
orjson_3_10_2,454d9fa9b26c4bf34050bd9706be63067cace3ba,0,10752986.333333334,5101.0,285,72,1,1,49,52,59,321,155,166,101,12,65,22,23,20,347,8,2,1,2,1,4,1,0,10,2,1,3,1,0,1,10,13,2,1,2,48,2,4,1,1,4,7,0,4,50,8,3,668
orjson_3_10_3,454d9fa9b26c4bf34050bd9706be63067cace3ba,0,10726486.0,5101.0,285,72,1,1,49,52,59,321,155,166,101,12,65,22,23,20,347,8,2,1,2,1,4,1,0,10,2,1,3,1,0,1,10,13,2,1,2,48,2,4,1,1,4,7,0,4,50,8,3,668
orjson_3_10_4,454d9fa9b26c4bf34050bd9706be63067cace3ba,0,10660819.333333334,5101.0,285,72,1,1,49,52,59,321,155,166,101,12,65,22,23,20,347,8,2,1,2,1,4,1,0,10,2,1,3,1,0,1,10,13,2,1,2,48,2,4,1,1,4,7,0,4,50,8,3,668
orjson_3_10_5,454d9fa9b26c4bf34050bd9706be63067cace3ba,0,10645097.333333334,5101.0,285,72,1,1,49,52,59,321,155,166,101,12,65,22,23,20,347,8,2,1,2,1,4,1,0,10,2,1,3,1,0,1,10,13,2,1,2,48,2,4,1,1,4,7,0,4,50,8,3,668
orjson_3_10_6,454d9fa9b26c4bf34050bd9706be63067cace3ba,0,10801541.333333334,5101.0,285,72,1,1,49,52,59,321,155,166,101,12,65,22,23,20,347,8,2,1,2,1,4,1,0,10,2,1,3,1,0,1,10,13,2,1,2,48,2,4,1,1,4,7,0,4,50,8,3,668
orjson_3_10_1,d8240bfb1eb957c460dc52d296f0ca7f8505740e,0,4065569.3333333335,1891.0,138,35,0,0,24,25,29,85,37,48,28,2,20,9,8,3,85,4,2,1,1,1,2,1,0,10,2,1,3,1,0,1,6,7,1,0,1,24,1,0,0,0,0,2,0,2,25,1,3,170
orjson_3_10_2,d8240bfb1eb957c460dc52d296f0ca7f8505740e,0,3697597.3333333335,1806.0,138,35,0,0,24,25,29,85,37,48,28,2,20,9,8,3,85,4,2,1,1,1,2,1,0,10,2,1,3,1,0,1,6,7,1,0,1,24,1,0,0,0,0,2,0,2,25,1,3,170
orjson_3_10_3,d8240bfb1eb957c460dc52d296f0ca7f8505740e,0,3745277.6666666665,1806.0,138,35,0,0,24,25,29,85,37,48,28,2,20,9,8,3,85,4,2,1,1,1,2,1,0,10,2,1,3,1,0,1,6,7,1,0,1,24,1,0,0,0,0,2,0,2,25,1,3,170
orjson_3_10_4,d8240bfb1eb957c460dc52d296f0ca7f8505740e,0,3661264.0,1806.0,138,35,0,0,24,25,29,85,37,48,28,2,20,9,8,3,85,4,2,1,1,1,2,1,0,10,2,1,3,1,0,1,6,7,1,0,1,24,1,0,0,0,0,2,0,2,25,1,3,170
orjson_3_10_5,d8240bfb1eb957c460dc52d296f0ca7f8505740e,0,3596403.0,1806.0,138,35,0,0,24,25,29,85,37,48,28,2,20,9,8,3,85,4,2,1,1,1,2,1,0,10,2,1,3,1,0,1,6,7,1,0,1,24,1,0,0,0,0,2,0,2,25,1,3,170
orjson_3_10_6,d8240bfb1eb957c460dc52d296f0ca7f8505740e,0,3689291.6666666665,1806.0,138,35,0,0,24,25,29,85,37,48,28,2,20,9,8,3,85,4,2,1,1,1,2,1,0,10,2,1,3,1,0,1,6,7,1,0,1,24,1,0,0,0,0,2,0,2,25,1,3,170
orjson_3_10_1,df5bb9d625129030b5976a143d2ec92f6e9fe692,0,3988573.0,1891.0,140,37,0,0,24,25,29,85,37,48,28,2,20,9,8,3,85,4,2,1,1,1,2,1,0,10,2,1,3,1,0,1,6,7,1,0,1,24,1,0,0,0,0,2,0,2,25,1,3,170
orjson_3_10_2,df5bb9d625129030b5976a143d2ec92f6e9fe692,0,3697778.0,1806.0,140,37,0,0,24,25,29,85,37,48,28,2,20,9,8,3,85,4,2,1,1,1,2,1,0,10,2,1,3,1,0,1,6,7,1,0,1,24,1,0,0,0,0,2,0,2,25,1,3,170
orjson_3_10_3,df5bb9d625129030b5976a143d2ec92f6e9fe692,0,3702389.0,1806.0,140,37,0,0,24,25,29,85,37,48,28,2,20,9,8,3,85,4,2,1,1,1,2,1,0,10,2,1,3,1,0,1,6,7,1,0,1,24,1,0,0,0,0,2,0,2,25,1,3,170
orjson_3_10_4,df5bb9d625129030b5976a143d2ec92f6e9fe692,0,3640347.6666666665,1806.0,140,37,0,0,24,25,29,85,37,48,28,2,20,9,8,3,85,4,2,1,1,1,2,1,0,10,2,1,3,1,0,1,6,7,1,0,1,24,1,0,0,0,0,2,0,2,25,1,3,170
orjson_3_10_5,df5bb9d625129030b5976a143d2ec92f6e9fe692,0,3647736.0,1806.0,140,37,0,0,24,25,29,85,37,48,28,2,20,9,8,3,85,4,2,1,1,1,2,1,0,10,2,1,3,1,0,1,6,7,1,0,1,24,1,0,0,0,0,2,0,2,25,1,3,170
orjson_3_10_6,df5bb9d625129030b5976a143d2ec92f6e9fe692,0,3676403.0,1806.0,140,37,0,0,24,25,29,85,37,48,28,2,20,9,8,3,85,4,2,1,1,1,2,1,0,10,2,1,3,1,0,1,6,7,1,0,1,24,1,0,0,0,0,2,0,2,25,1,3,170
orjson_3_10_1,9b3bf4a5c904d69efbd9b8236b50bb9e888200fe,0,11310694.666666666,5186.0,285,72,1,1,49,52,59,321,155,166,101,12,65,22,23,20,346,9,2,1,1,1,2,1,0,10,2,1,3,1,0,1,10,12,2,1,2,48,2,4,1,1,4,7,0,4,50,8,3,667
orjson_3_10_2,9b3bf4a5c904d69efbd9b8236b50bb9e888200fe,0,10731625.333333334,5101.0,285,72,1,1,49,52,59,321,155,166,101,12,65,22,23,20,346,9,2,1,1,1,2,1,0,10,2,1,3,1,0,1,10,12,2,1,2,48,2,4,1,1,4,7,0,4,50,8,3,667
orjson_3_10_3,9b3bf4a5c904d69efbd9b8236b50bb9e888200fe,0,10608375.0,5101.0,285,72,1,1,49,52,59,321,155,166,101,12,65,22,23,20,346,9,2,1,1,1,2,1,0,10,2,1,3,1,0,1,10,12,2,1,2,48,2,4,1,1,4,7,0,4,50,8,3,667
orjson_3_10_4,9b3bf4a5c904d69efbd9b8236b50bb9e888200fe,0,10626708.333333334,5101.0,285,72,1,1,49,52,59,321,155,166,101,12,65,22,23,20,346,9,2,1,1,1,2,1,0,10,2,1,3,1,0,1,10,12,2,1,2,48,2,4,1,1,4,7,0,4,50,8,3,667
orjson_3_10_5,9b3bf4a5c904d69efbd9b8236b50bb9e888200fe,0,10596666.666666666,5101.0,285,72,1,1,49,52,59,321,155,166,101,12,65,22,23,20,346,9,2,1,1,1,2,1,0,10,2,1,3,1,0,1,10,12,2,1,2,48,2,4,1,1,4,7,0,4,50,8,3,667
orjson_3_10_6,9b3bf4a5c904d69efbd9b8236b50bb9e888200fe,0,10728875.0,5101.0,285,72,1,1,49,52,59,321,155,166,101,12,65,22,23,20,346,9,2,1,1,1,2,1,0,10,2,1,3,1,0,1,10,12,2,1,2,48,2,4,1,1,4,7,0,4,50,8,3,667
orjson_3_10_1,946a22db8a0a5d3a9f4f998346aa9c8efc32841a,0,9778833.333333334,4913.0,159,55,0,0,24,25,28,415,229,186,89,9,97,36,31,30,409,5,1,0,1,5,1,1,3,10,1,0,5,4,1,1,4,6,1,0,1,24,1,3,3,3,3,3,0,2,25,2,5,824
orjson_3_10_2,946a22db8a0a5d3a9f4f998346aa9c8efc32841a,0,9325777.333333334,4592.0,159,55,0,0,24,25,28,415,229,186,89,9,97,36,31,30,409,5,1,0,1,5,1,1,3,10,1,0,5,4,1,1,4,6,1,0,1,24,1,3,3,3,3,3,0,2,25,2,5,824
orjson_3_10_3,946a22db8a0a5d3a9f4f998346aa9c8efc32841a,0,9270347.333333334,4592.0,159,55,0,0,24,25,28,415,229,186,89,9,97,36,31,30,409,5,1,0,1,5,1,1,3,10,1,0,5,4,1,1,4,6,1,0,1,24,1,3,3,3,3,3,0,2,25,2,5,824
orjson_3_10_4,946a22db8a0a5d3a9f4f998346aa9c8efc32841a,0,9240208.333333334,4592.0,159,55,0,0,24,25,28,415,229,186,89,9,97,36,31,30,409,5,1,0,1,5,1,1,3,10,1,0,5,4,1,1,4,6,1,0,1,24,1,3,3,3,3,3,0,2,25,2,5,824
orjson_3_10_5,946a22db8a0a5d3a9f4f998346aa9c8efc32841a,0,9206833.0,4592.0,159,55,0,0,24,25,28,415,229,186,89,9,97,36,31,30,409,5,1,0,1,5,1,1,3,10,1,0,5,4,1,1,4,6,1,0,1,24,1,3,3,3,3,3,0,2,25,2,5,824
orjson_3_10_6,946a22db8a0a5d3a9f4f998346aa9c8efc32841a,0,9249639.0,4592.0,159,55,0,0,24,25,28,415,229,186,89,9,97,36,31,30,409,5,1,0,1,5,1,1,3,10,1,0,5,4,1,1,4,6,1,0,1,24,1,3,3,3,3,3,0,2,25,2,5,824
orjson_3_10_1,5e3e665f0b5270314f3261831bc55ad1c74a3f66,0,10211180.333333334,4786.0,277,69,0,0,48,50,61,348,176,172,82,10,90,26,29,35,323,12,0,0,0,0,0,0,0,1,1,0,1,1,0,1,6,13,2,0,2,48,2,3,3,3,3,4,0,3,50,6,1,671
orjson_3_10_2,5e3e665f0b5270314f3261831bc55ad1c74a3f66,0,9639333.333333334,4786.0,277,69,0,0,48,50,61,348,176,172,82,10,90,26,29,35,323,12,0,0,0,0,0,0,0,1,1,0,1,1,0,1,6,13,2,0,2,48,2,3,3,3,3,4,0,3,50,6,1,671
orjson_3_10_3,5e3e665f0b5270314f3261831bc55ad1c74a3f66,0,9673000.0,4786.0,277,69,0,0,48,50,61,348,176,172,82,10,90,26,29,35,323,12,0,0,0,0,0,0,0,1,1,0,1,1,0,1,6,13,2,0,2,48,2,3,3,3,3,4,0,3,50,6,1,671
orjson_3_10_4,5e3e665f0b5270314f3261831bc55ad1c74a3f66,0,9534722.333333334,4786.0,277,69,0,0,48,50,61,348,176,172,82,10,90,26,29,35,323,12,0,0,0,0,0,0,0,1,1,0,1,1,0,1,6,13,2,0,2,48,2,3,3,3,3,4,0,3,50,6,1,671
orjson_3_10_5,5e3e665f0b5270314f3261831bc55ad1c74a3f66,0,9503055.0,4786.0,277,69,0,0,48,50,61,348,176,172,82,10,90,26,29,35,323,12,0,0,0,0,0,0,0,1,1,0,1,1,0,1,6,13,2,0,2,48,2,3,3,3,3,4,0,3,50,6,1,671
orjson_3_10_6,5e3e665f0b5270314f3261831bc55ad1c74a3f66,0,9975833.333333334,5061.0,277,69,0,0,48,50,61,348,176,172,82,10,90,26,29,35,323,12,0,0,0,0,0,0,0,1,1,0,1,1,0,1,6,13,2,0,2,48,2,3,3,3,3,4,0,3,50,6,1,671
orjson_3_10_1,1f575fc6862059c28cedee6e1ff96213770e4f45,0,9817917.0,4913.0,159,55,0,0,24,25,28,414,229,185,89,9,96,37,30,29,410,5,1,0,1,5,1,1,3,10,1,0,5,4,1,1,4,6,1,0,1,24,1,3,3,3,3,3,0,2,25,2,5,824
orjson_3_10_2,1f575fc6862059c28cedee6e1ff96213770e4f45,0,9251125.0,4592.0,159,55,0,0,24,25,28,414,229,185,89,9,96,37,30,29,410,5,1,0,1,5,1,1,3,10,1,0,5,4,1,1,4,6,1,0,1,24,1,3,3,3,3,3,0,2,25,2,5,824
orjson_3_10_3,1f575fc6862059c28cedee6e1ff96213770e4f45,0,9273041.666666666,4592.0,159,55,0,0,24,25,28,414,229,185,89,9,96,37,30,29,410,5,1,0,1,5,1,1,3,10,1,0,5,4,1,1,4,6,1,0,1,24,1,3,3,3,3,3,0,2,25,2,5,824
orjson_3_10_4,1f575fc6862059c28cedee6e1ff96213770e4f45,0,9173736.0,4592.0,159,55,0,0,24,25,28,414,229,185,89,9,96,37,30,29,410,5,1,0,1,5,1,1,3,10,1,0,5,4,1,1,4,6,1,0,1,24,1,3,3,3,3,3,0,2,25,2,5,824
orjson_3_10_5,1f575fc6862059c28cedee6e1ff96213770e4f45,0,9148264.0,4592.0,159,55,0,0,24,25,28,414,229,185,89,9,96,37,30,29,410,5,1,0,1,5,1,1,3,10,1,0,5,4,1,1,4,6,1,0,1,24,1,3,3,3,3,3,0,2,25,2,5,824
orjson_3_10_6,1f575fc6862059c28cedee6e1ff96213770e4f45,0,9276472.333333334,4592.0,159,55,0,0,24,25,28,414,229,185,89,9,96,37,30,29,410,5,1,0,1,5,1,1,3,10,1,0,5,4,1,1,4,6,1,0,1,24,1,3,3,3,3,3,0,2,25,2,5,824
orjson_3_10_1,26afcdf996944b19303965b99d8a581c3450c6f6,0,3240819.6666666665,1408.0,21,7,0,0,2,3,3,153,79,74,35,3,39,13,15,11,156,1,1,1,1,0,1,0,0,0,0,1,1,0,0,0,1,0,1,0,1,2,1,0,2,2,0,1,0,1,3,0,1,309
orjson_3_10_2,26afcdf996944b19303965b99d8a581c3450c6f6,0,3306542.0,1408.0,21,7,0,0,2,3,3,153,79,74,35,3,39,13,15,11,156,1,1,1,1,0,1,0,0,0,0,1,1,0,0,0,1,0,1,0,1,2,1,0,2,2,0,1,0,1,3,0,1,309
orjson_3_10_3,26afcdf996944b19303965b99d8a581c3450c6f6,0,3286111.3333333335,1408.0,21,7,0,0,2,3,3,153,79,74,35,3,39,13,15,11,156,1,1,1,1,0,1,0,0,0,0,1,1,0,0,0,1,0,1,0,1,2,1,0,2,2,0,1,0,1,3,0,1,309
orjson_3_10_4,26afcdf996944b19303965b99d8a581c3450c6f6,0,3215236.0,1408.0,21,7,0,0,2,3,3,153,79,74,35,3,39,13,15,11,156,1,1,1,1,0,1,0,0,0,0,1,1,0,0,0,1,0,1,0,1,2,1,0,2,2,0,1,0,1,3,0,1,309
orjson_3_10_5,26afcdf996944b19303965b99d8a581c3450c6f6,0,3220277.6666666665,1408.0,21,7,0,0,2,3,3,153,79,74,35,3,39,13,15,11,156,1,1,1,1,0,1,0,0,0,0,1,1,0,0,0,1,0,1,0,1,2,1,0,2,2,0,1,0,1,3,0,1,309
orjson_3_10_6,26afcdf996944b19303965b99d8a581c3450c6f6,0,3252555.6666666665,1408.0,21,7,0,0,2,3,3,153,79,74,35,3,39,13,15,11,156,1,1,1,1,0,1,0,0,0,0,1,1,0,0,0,1,0,1,0,1,2,1,0,2,2,0,1,0,1,3,0,1,309
orjson_3_10_1,bd8a58c175248fae5346052e2d20fc0cb5a60ad4,0,8865166.666666666,4184.0,121,45,3,8,15,24,19,422,212,210,104,19,106,45,31,30,460,2,1,1,0,1,0,0,2,0,0,1,4,3,1,0,3,1,6,3,6,7,6,7,6,6,7,6,0,8,13,3,4,882
orjson_3_10_2,bd8a58c175248fae5346052e2d20fc0cb5a60ad4,0,8965521.0,4184.0,121,45,3,8,15,24,19,422,212,210,104,19,106,45,31,30,460,2,1,1,0,1,0,0,2,0,0,1,4,3,1,0,3,1,6,3,6,7,6,7,6,6,7,6,0,8,13,3,4,882
orjson_3_10_3,bd8a58c175248fae5346052e2d20fc0cb5a60ad4,0,8893361.333333334,4184.0,121,45,3,8,15,24,19,422,212,210,104,19,106,45,31,30,460,2,1,1,0,1,0,0,2,0,0,1,4,3,1,0,3,1,6,3,6,7,6,7,6,6,7,6,0,8,13,3,4,882
orjson_3_10_4,bd8a58c175248fae5346052e2d20fc0cb5a60ad4,0,8827625.0,4184.0,121,45,3,8,15,24,19,422,212,210,104,19,106,45,31,30,460,2,1,1,0,1,0,0,2,0,0,1,4,3,1,0,3,1,6,3,6,7,6,7,6,6,7,6,0,8,13,3,4,882
orjson_3_10_5,bd8a58c175248fae5346052e2d20fc0cb5a60ad4,0,8821597.333333334,4184.0,121,45,3,8,15,24,19,422,212,210,104,19,106,45,31,30,460,2,1,1,0,1,0,0,2,0,0,1,4,3,1,0,3,1,6,3,6,7,6,7,6,6,7,6,0,8,13,3,4,882
orjson_3_10_6,bd8a58c175248fae5346052e2d20fc0cb5a60ad4,0,9085183.3,4184.0,121,45,3,8,15,24,19,422,212,210,104,19,106,45,31,30,460,2,1,1,0,1,0,0,2,0,0,1,4,3,1,0,3,1,6,3,6,7,6,7,6,6,7,6,0,8,13,3,4,882
orjson_3_10_1,d0943a70916cc9534e233b321bd55f378c6ac6c4,0,455500.0,120.0,22,8,0,0,2,3,3,8,4,4,2,0,2,1,1,0,5,0,0,0,0,0,0,0,0,0,0,0,0,0,0,0,2,1,1,0,1,2,1,0,0,0,0,0,0,1,3,0,0,13
orjson_3_10_2,d0943a70916cc9534e233b321bd55f378c6ac6c4,0,451472.3333333333,120.0,22,8,0,0,2,3,3,8,4,4,2,0,2,1,1,0,5,0,0,0,0,0,0,0,0,0,0,0,0,0,0,0,2,1,1,0,1,2,1,0,0,0,0,0,0,1,3,0,0,13
orjson_3_10_3,d0943a70916cc9534e233b321bd55f378c6ac6c4,0,453278.0,120.0,22,8,0,0,2,3,3,8,4,4,2,0,2,1,1,0,5,0,0,0,0,0,0,0,0,0,0,0,0,0,0,0,2,1,1,0,1,2,1,0,0,0,0,0,0,1,3,0,0,13
orjson_3_10_4,d0943a70916cc9534e233b321bd55f378c6ac6c4,0,449389.3333333333,120.0,22,8,0,0,2,3,3,8,4,4,2,0,2,1,1,0,5,0,0,0,0,0,0,0,0,0,0,0,0,0,0,0,2,1,1,0,1,2,1,0,0,0,0,0,0,1,3,0,0,13
orjson_3_10_5,d0943a70916cc9534e233b321bd55f378c6ac6c4,0,455198.25,120.0,22,8,0,0,2,3,3,8,4,4,2,0,2,1,1,0,5,0,0,0,0,0,0,0,0,0,0,0,0,0,0,0,2,1,1,0,1,2,1,0,0,0,0,0,0,1,3,0,0,13
orjson_3_10_6,d0943a70916cc9534e233b321bd55f378c6ac6c4,0,444805.3333333333,120.0,22,8,0,0,2,3,3,8,4,4,2,0,2,1,1,0,5,0,0,0,0,0,0,0,0,0,0,0,0,0,0,0,2,1,1,0,1,2,1,0,0,0,0,0,0,1,3,0,0,13
orjson_3_10_1,55cc51b5de90fae549cc8f95364e08ed3a8638db,0,421408.6,120.0,20,9,0,0,1,2,2,9,4,5,3,0,2,1,0,1,7,0,0,0,0,0,0,0,0,0,0,0,0,0,0,0,0,1,1,0,1,1,1,0,0,0,0,0,0,2,2,1,0,16
orjson_3_10_2,55cc51b5de90fae549cc8f95364e08ed3a8638db,0,413364.75,120.0,20,9,0,0,1,2,2,9,4,5,3,0,2,1,0,1,7,0,0,0,0,0,0,0,0,0,0,0,0,0,0,0,0,1,1,0,1,1,1,0,0,0,0,0,0,2,2,1,0,16
orjson_3_10_3,55cc51b5de90fae549cc8f95364e08ed3a8638db,0,418305.6666666667,120.0,20,9,0,0,1,2,2,9,4,5,3,0,2,1,0,1,7,0,0,0,0,0,0,0,0,0,0,0,0,0,0,0,0,1,1,0,1,1,1,0,0,0,0,0,0,2,2,1,0,16
orjson_3_10_4,55cc51b5de90fae549cc8f95364e08ed3a8638db,0,416625.0,120.0,20,9,0,0,1,2,2,9,4,5,3,0,2,1,0,1,7,0,0,0,0,0,0,0,0,0,0,0,0,0,0,0,0,1,1,0,1,1,1,0,0,0,0,0,0,2,2,1,0,16
orjson_3_10_5,55cc51b5de90fae549cc8f95364e08ed3a8638db,0,416235.6666666667,120.0,20,9,0,0,1,2,2,9,4,5,3,0,2,1,0,1,7,0,0,0,0,0,0,0,0,0,0,0,0,0,0,0,0,1,1,0,1,1,1,0,0,0,0,0,0,2,2,1,0,16
orjson_3_10_6,55cc51b5de90fae549cc8f95364e08ed3a8638db,0,426888.6666666667,120.0,20,9,0,0,1,2,2,9,4,5,3,0,2,1,0,1,7,0,0,0,0,0,0,0,0,0,0,0,0,0,0,0,0,1,1,0,1,1,1,0,0,0,0,0,0,2,2,1,0,16
orjson_3_10_1,e5e173d662b02abe27a8ced544b676c4abe237e7,0,2453208.0,924.0,36,18,0,0,2,4,4,117,63,54,25,2,29,8,10,11,91,2,0,0,0,0,0,0,0,0,0,0,0,0,0,0,1,0,2,0,2,2,2,0,0,0,0,2,0,2,4,0,0,208
orjson_3_10_2,e5e173d662b02abe27a8ced544b676c4abe237e7,0,2462680.6666666665,924.0,36,18,0,0,2,4,4,117,63,54,25,2,29,8,10,11,91,2,0,0,0,0,0,0,0,0,0,0,0,0,0,0,1,0,2,0,2,2,2,0,0,0,0,2,0,2,4,0,0,208
orjson_3_10_3,e5e173d662b02abe27a8ced544b676c4abe237e7,0,2464986.0,924.0,36,18,0,0,2,4,4,117,63,54,25,2,29,8,10,11,91,2,0,0,0,0,0,0,0,0,0,0,0,0,0,0,1,0,2,0,2,2,2,0,0,0,0,2,0,2,4,0,0,208
orjson_3_10_4,e5e173d662b02abe27a8ced544b676c4abe237e7,0,2449847.0,924.0,36,18,0,0,2,4,4,117,63,54,25,2,29,8,10,11,91,2,0,0,0,0,0,0,0,0,0,0,0,0,0,0,1,0,2,0,2,2,2,0,0,0,0,2,0,2,4,0,0,208
orjson_3_10_5,e5e173d662b02abe27a8ced544b676c4abe237e7,0,2436153.0,924.0,36,18,0,0,2,4,4,117,63,54,25,2,29,8,10,11,91,2,0,0,0,0,0,0,0,0,0,0,0,0,0,0,1,0,2,0,2,2,2,0,0,0,0,2,0,2,4,0,0,208
orjson_3_10_6,e5e173d662b02abe27a8ced544b676c4abe237e7,0,2482427.25,924.0,36,18,0,0,2,4,4,117,63,54,25,2,29,8,10,11,91,2,0,0,0,0,0,0,0,0,0,0,0,0,0,0,1,0,2,0,2,2,2,0,0,0,0,2,0,2,4,0,0,208
orjson_3_10_1,139595cef03811fae620da440890cf8230547af7,0,1047541.3333333334,592.0,17,7,0,0,1,2,3,52,29,23,15,1,8,1,3,4,51,1,0,0,0,0,0,0,0,0,0,0,0,0,0,0,0,0,1,0,1,1,1,0,0,0,0,1,0,1,2,0,0,103
orjson_3_10_2,139595cef03811fae620da440890cf8230547af7,0,1078944.3333333333,592.0,17,7,0,0,1,2,3,52,29,23,15,1,8,1,3,4,51,1,0,0,0,0,0,0,0,0,0,0,0,0,0,0,0,0,1,0,1,1,1,0,0,0,0,1,0,1,2,0,0,103
orjson_3_10_3,139595cef03811fae620da440890cf8230547af7,0,1070125.0,592.0,17,7,0,0,1,2,3,52,29,23,15,1,8,1,3,4,51,1,0,0,0,0,0,0,0,0,0,0,0,0,0,0,0,0,1,0,1,1,1,0,0,0,0,1,0,1,2,0,0,103
orjson_3_10_4,139595cef03811fae620da440890cf8230547af7,0,1039124.75,592.0,17,7,0,0,1,2,3,52,29,23,15,1,8,1,3,4,51,1,0,0,0,0,0,0,0,0,0,0,0,0,0,0,0,0,1,0,1,1,1,0,0,0,0,1,0,1,2,0,0,103
orjson_3_10_5,139595cef03811fae620da440890cf8230547af7,0,1052180.3333333333,592.0,17,7,0,0,1,2,3,52,29,23,15,1,8,1,3,4,51,1,0,0,0,0,0,0,0,0,0,0,0,0,0,0,0,0,1,0,1,1,1,0,0,0,0,1,0,1,2,0,0,103
orjson_3_10_6,139595cef03811fae620da440890cf8230547af7,0,1046969.0,592.0,17,7,0,0,1,2,3,52,29,23,15,1,8,1,3,4,51,1,0,0,0,0,0,0,0,0,0,0,0,0,0,0,0,0,1,0,1,1,1,0,0,0,0,1,0,1,2,0,0,103
orjson_3_10_1,828055893d924b6fb43db956822e68cf6843f75f,0,4062347.0,1920.0,29,15,0,0,2,3,5,211,96,115,57,5,58,21,15,22,179,0,1,0,1,0,3,1,1,0,0,0,1,0,0,0,0,0,1,0,1,2,1,1,1,1,1,3,0,1,3,0,1,390
orjson_3_10_2,828055893d924b6fb43db956822e68cf6843f75f,0,4157778.0,1920.0,29,15,0,0,2,3,5,211,96,115,57,5,58,21,15,22,179,0,1,0,1,0,3,1,1,0,0,0,1,0,0,0,0,0,1,0,1,2,1,1,1,1,1,3,0,1,3,0,1,390
orjson_3_10_3,828055893d924b6fb43db956822e68cf6843f75f,0,4163222.3333333335,1920.0,29,15,0,0,2,3,5,211,96,115,57,5,58,21,15,22,179,0,1,0,1,0,3,1,1,0,0,0,1,0,0,0,0,0,1,0,1,2,1,1,1,1,1,3,0,1,3,0,1,390
orjson_3_10_4,828055893d924b6fb43db956822e68cf6843f75f,0,4034722.0,1920.0,29,15,0,0,2,3,5,211,96,115,57,5,58,21,15,22,179,0,1,0,1,0,3,1,1,0,0,0,1,0,0,0,0,0,1,0,1,2,1,1,1,1,1,3,0,1,3,0,1,390
orjson_3_10_5,828055893d924b6fb43db956822e68cf6843f75f,0,4076028.0,1920.0,29,15,0,0,2,3,5,211,96,115,57,5,58,21,15,22,179,0,1,0,1,0,3,1,1,0,0,0,1,0,0,0,0,0,1,0,1,2,1,1,1,1,1,3,0,1,3,0,1,390
orjson_3_10_6,828055893d924b6fb43db956822e68cf6843f75f,0,4130277.6666666665,1920.0,29,15,0,0,2,3,5,211,96,115,57,5,58,21,15,22,179,0,1,0,1,0,3,1,1,0,0,0,1,0,0,0,0,0,1,0,1,2,1,1,1,1,1,3,0,1,3,0,1,390
orjson_3_10_1,b7f0e99b92169c41d871e5b5ac1df1db3280bcfe,0,8784875.0,3918.0,147,69,4,13,19,27,16,430,208,222,106,16,116,35,40,41,444,5,3,1,2,3,7,2,1,10,1,1,4,1,1,0,1,2,4,4,4,6,4,5,5,5,5,6,0,7,10,6,4,874
orjson_3_10_2,b7f0e99b92169c41d871e5b5ac1df1db3280bcfe,0,8852722.333333334,3918.0,147,69,4,13,19,27,16,430,208,222,106,16,116,35,40,41,444,5,3,1,2,3,7,2,1,10,1,1,4,1,1,0,1,2,4,4,4,6,4,5,5,5,5,6,0,7,10,6,4,874
orjson_3_10_3,b7f0e99b92169c41d871e5b5ac1df1db3280bcfe,0,8847611.0,3918.0,147,69,4,13,19,27,16,430,208,222,106,16,116,35,40,41,444,5,3,1,2,3,7,2,1,10,1,1,4,1,1,0,1,2,4,4,4,6,4,5,5,5,5,6,0,7,10,6,4,874
orjson_3_10_4,b7f0e99b92169c41d871e5b5ac1df1db3280bcfe,0,8732153.0,3918.0,147,69,4,13,19,27,16,430,208,222,106,16,116,35,40,41,444,5,3,1,2,3,7,2,1,10,1,1,4,1,1,0,1,2,4,4,4,6,4,5,5,5,5,6,0,7,10,6,4,874
orjson_3_10_5,b7f0e99b92169c41d871e5b5ac1df1db3280bcfe,0,9055462.3,3918.0,147,69,4,13,19,27,16,430,208,222,106,16,116,35,40,41,444,5,3,1,2,3,7,2,1,10,1,1,4,1,1,0,1,2,4,4,4,6,4,5,5,5,5,6,0,7,10,6,4,874
orjson_3_10_6,b7f0e99b92169c41d871e5b5ac1df1db3280bcfe,0,8731653.0,3918.0,147,69,4,13,19,27,16,430,208,222,106,16,116,35,40,41,444,5,3,1,2,3,7,2,1,10,1,1,4,1,1,0,1,2,4,4,4,6,4,5,5,5,5,6,0,7,10,6,4,874
orjson_3_10_1,73049be4f4efb87f20101c79c98ad6b16b7340c9,0,1982486.3333333333,660.0,56,38,0,0,3,4,4,90,40,50,19,0,31,10,9,12,98,0,0,0,0,0,0,0,0,0,0,0,0,0,0,0,2,2,1,0,1,3,1,0,0,0,0,0,0,1,4,0,0,188
orjson_3_10_2,73049be4f4efb87f20101c79c98ad6b16b7340c9,0,1984138.6666666667,660.0,56,38,0,0,3,4,4,90,40,50,19,0,31,10,9,12,98,0,0,0,0,0,0,0,0,0,0,0,0,0,0,0,2,2,1,0,1,3,1,0,0,0,0,0,0,1,4,0,0,188
orjson_3_10_3,73049be4f4efb87f20101c79c98ad6b16b7340c9,0,1980625.0,660.0,56,38,0,0,3,4,4,90,40,50,19,0,31,10,9,12,98,0,0,0,0,0,0,0,0,0,0,0,0,0,0,0,2,2,1,0,1,3,1,0,0,0,0,0,0,1,4,0,0,188
orjson_3_10_4,73049be4f4efb87f20101c79c98ad6b16b7340c9,0,1966124.6666666667,660.0,56,38,0,0,3,4,4,90,40,50,19,0,31,10,9,12,98,0,0,0,0,0,0,0,0,0,0,0,0,0,0,0,2,2,1,0,1,3,1,0,0,0,0,0,0,1,4,0,0,188
orjson_3_10_5,73049be4f4efb87f20101c79c98ad6b16b7340c9,0,1969374.6666666667,660.0,56,38,0,0,3,4,4,90,40,50,19,0,31,10,9,12,98,0,0,0,0,0,0,0,0,0,0,0,0,0,0,0,2,2,1,0,1,3,1,0,0,0,0,0,0,1,4,0,0,188
orjson_3_10_6,73049be4f4efb87f20101c79c98ad6b16b7340c9,0,2019281.25,660.0,56,38,0,0,3,4,4,90,40,50,19,0,31,10,9,12,98,0,0,0,0,0,0,0,0,0,0,0,0,0,0,0,2,2,1,0,1,3,1,0,0,0,0,0,0,1,4,0,0,188
orjson_3_10_1,f22b853815918ef31a5ed771871005c30b16e5a2,0,432208.3333333333,120.0,23,13,0,0,1,2,2,20,12,8,6,1,2,1,1,0,10,1,0,0,0,0,0,0,0,0,0,0,0,0,0,0,0,1,1,0,1,1,1,0,0,0,0,1,0,1,2,0,0,30
orjson_3_10_2,f22b853815918ef31a5ed771871005c30b16e5a2,0,433944.6666666667,120.0,23,13,0,0,1,2,2,20,12,8,6,1,2,1,1,0,10,1,0,0,0,0,0,0,0,0,0,0,0,0,0,0,0,1,1,0,1,1,1,0,0,0,0,1,0,1,2,0,0,30
orjson_3_10_3,f22b853815918ef31a5ed771871005c30b16e5a2,0,437805.3333333333,120.0,23,13,0,0,1,2,2,20,12,8,6,1,2,1,1,0,10,1,0,0,0,0,0,0,0,0,0,0,0,0,0,0,0,1,1,0,1,1,1,0,0,0,0,1,0,1,2,0,0,30
orjson_3_10_4,f22b853815918ef31a5ed771871005c30b16e5a2,0,415124.6666666667,120.0,23,13,0,0,1,2,2,20,12,8,6,1,2,1,1,0,10,1,0,0,0,0,0,0,0,0,0,0,0,0,0,0,0,1,1,0,1,1,1,0,0,0,0,1,0,1,2,0,0,30
orjson_3_10_5,f22b853815918ef31a5ed771871005c30b16e5a2,0,421027.6666666667,120.0,23,13,0,0,1,2,2,20,12,8,6,1,2,1,1,0,10,1,0,0,0,0,0,0,0,0,0,0,0,0,0,0,0,1,1,0,1,1,1,0,0,0,0,1,0,1,2,0,0,30
orjson_3_10_6,f22b853815918ef31a5ed771871005c30b16e5a2,0,419416.6666666667,120.0,23,13,0,0,1,2,2,20,12,8,6,1,2,1,1,0,10,1,0,0,0,0,0,0,0,0,0,0,0,0,0,0,0,1,1,0,1,1,1,0,0,0,0,1,0,1,2,0,0,30
orjson_3_10_1,cfba222139a6639e28fa22c8343c48f73aa9fde9,0,1627611.3333333333,864.0,19,5,0,0,2,3,5,85,48,37,15,2,22,12,5,5,82,1,0,0,0,0,0,0,0,0,0,0,0,0,0,0,0,0,1,0,1,2,1,1,0,0,1,1,0,1,3,0,0,167
orjson_3_10_2,cfba222139a6639e28fa22c8343c48f73aa9fde9,0,1670375.0,864.0,19,5,0,0,2,3,5,85,48,37,15,2,22,12,5,5,82,1,0,0,0,0,0,0,0,0,0,0,0,0,0,0,0,0,1,0,1,2,1,1,0,0,1,1,0,1,3,0,0,167
orjson_3_10_3,cfba222139a6639e28fa22c8343c48f73aa9fde9,0,1710191.4,864.0,19,5,0,0,2,3,5,85,48,37,15,2,22,12,5,5,82,1,0,0,0,0,0,0,0,0,0,0,0,0,0,0,0,0,1,0,1,2,1,1,0,0,1,1,0,1,3,0,0,167
orjson_3_10_4,cfba222139a6639e28fa22c8343c48f73aa9fde9,0,1619312.25,864.0,19,5,0,0,2,3,5,85,48,37,15,2,22,12,5,5,82,1,0,0,0,0,0,0,0,0,0,0,0,0,0,0,0,0,1,0,1,2,1,1,0,0,1,1,0,1,3,0,0,167
orjson_3_10_5,cfba222139a6639e28fa22c8343c48f73aa9fde9,0,1650708.25,864.0,19,5,0,0,2,3,5,85,48,37,15,2,22,12,5,5,82,1,0,0,0,0,0,0,0,0,0,0,0,0,0,0,0,0,1,0,1,2,1,1,0,0,1,1,0,1,3,0,0,167
orjson_3_10_6,cfba222139a6639e28fa22c8343c48f73aa9fde9,0,1633902.6666666667,864.0,19,5,0,0,2,3,5,85,48,37,15,2,22,12,5,5,82,1,0,0,0,0,0,0,0,0,0,0,0,0,0,0,0,0,1,0,1,2,1,1,0,0,1,1,0,1,3,0,0,167
orjson_3_10_1,9c9731050975778acf1dd4625644ce7143b9fb01,0,2363652.3333333335,853.0,53,27,0,0,4,6,7,106,53,53,28,2,25,6,6,13,100,1,1,1,0,1,0,0,0,0,0,1,1,0,0,0,1,1,2,0,2,4,2,1,0,0,1,1,0,2,6,0,1,206
orjson_3_10_2,9c9731050975778acf1dd4625644ce7143b9fb01,0,2387541.3333333335,853.0,53,27,0,0,4,6,7,106,53,53,28,2,25,6,6,13,100,1,1,1,0,1,0,0,0,0,0,1,1,0,0,0,1,1,2,0,2,4,2,1,0,0,1,1,0,2,6,0,1,206
orjson_3_10_3,9c9731050975778acf1dd4625644ce7143b9fb01,0,2382069.3333333335,853.0,53,27,0,0,4,6,7,106,53,53,28,2,25,6,6,13,100,1,1,1,0,1,0,0,0,0,0,1,1,0,0,0,1,1,2,0,2,4,2,1,0,0,1,1,0,2,6,0,1,206
orjson_3_10_4,9c9731050975778acf1dd4625644ce7143b9fb01,0,2319902.6666666665,853.0,53,27,0,0,4,6,7,106,53,53,28,2,25,6,6,13,100,1,1,1,0,1,0,0,0,0,0,1,1,0,0,0,1,1,2,0,2,4,2,1,0,0,1,1,0,2,6,0,1,206
orjson_3_10_5,9c9731050975778acf1dd4625644ce7143b9fb01,0,2333653.0,853.0,53,27,0,0,4,6,7,106,53,53,28,2,25,6,6,13,100,1,1,1,0,1,0,0,0,0,0,1,1,0,0,0,1,1,2,0,2,4,2,1,0,0,1,1,0,2,6,0,1,206
orjson_3_10_6,9c9731050975778acf1dd4625644ce7143b9fb01,0,2334055.6666666665,853.0,53,27,0,0,4,6,7,106,53,53,28,2,25,6,6,13,100,1,1,1,0,1,0,0,0,0,0,1,1,0,0,0,1,1,2,0,2,4,2,1,0,0,1,1,0,2,6,0,1,206
orjson_3_10_1,0dd4d3af1991d04d2fb0326a35301986f64194df,0,1826069.6666666667,812.0,18,8,0,0,1,2,2,90,48,42,24,0,18,4,6,8,82,1,0,0,0,0,0,0,0,0,0,0,0,0,0,0,1,0,1,0,1,1,1,0,0,0,0,0,0,1,2,0,0,172
orjson_3_10_2,0dd4d3af1991d04d2fb0326a35301986f64194df,0,1869749.6666666667,812.0,18,8,0,0,1,2,2,90,48,42,24,0,18,4,6,8,82,1,0,0,0,0,0,0,0,0,0,0,0,0,0,0,1,0,1,0,1,1,1,0,0,0,0,0,0,1,2,0,0,172
orjson_3_10_3,0dd4d3af1991d04d2fb0326a35301986f64194df,0,1860360.6666666667,812.0,18,8,0,0,1,2,2,90,48,42,24,0,18,4,6,8,82,1,0,0,0,0,0,0,0,0,0,0,0,0,0,0,1,0,1,0,1,1,1,0,0,0,0,0,0,1,2,0,0,172
orjson_3_10_4,0dd4d3af1991d04d2fb0326a35301986f64194df,0,1799041.6666666667,812.0,18,8,0,0,1,2,2,90,48,42,24,0,18,4,6,8,82,1,0,0,0,0,0,0,0,0,0,0,0,0,0,0,1,0,1,0,1,1,1,0,0,0,0,0,0,1,2,0,0,172
orjson_3_10_5,0dd4d3af1991d04d2fb0326a35301986f64194df,0,1798277.6666666667,812.0,18,8,0,0,1,2,2,90,48,42,24,0,18,4,6,8,82,1,0,0,0,0,0,0,0,0,0,0,0,0,0,0,1,0,1,0,1,1,1,0,0,0,0,0,0,1,2,0,0,172
orjson_3_10_6,0dd4d3af1991d04d2fb0326a35301986f64194df,0,1813097.3333333333,812.0,18,8,0,0,1,2,2,90,48,42,24,0,18,4,6,8,82,1,0,0,0,0,0,0,0,0,0,0,0,0,0,0,1,0,1,0,1,1,1,0,0,0,0,0,0,1,2,0,0,172
orjson_3_10_1,cf997b382d5c3a94955993a207bff6dd24b95450,0,9284444.333333334,3848.0,135,72,1,3,11,17,14,431,198,233,122,15,111,37,37,37,451,3,1,0,1,0,2,1,1,0,0,0,1,0,0,0,3,3,5,1,5,8,5,5,4,4,5,6,0,4,13,2,1,882
orjson_3_10_2,cf997b382d5c3a94955993a207bff6dd24b95450,0,9378680.666666666,3848.0,135,72,1,3,11,17,14,431,198,233,122,15,111,37,37,37,451,3,1,0,1,0,2,1,1,0,0,0,1,0,0,0,3,3,5,1,5,8,5,5,4,4,5,6,0,4,13,2,1,882
orjson_3_10_3,cf997b382d5c3a94955993a207bff6dd24b95450,0,9352569.333333334,3848.0,135,72,1,3,11,17,14,431,198,233,122,15,111,37,37,37,451,3,1,0,1,0,2,1,1,0,0,0,1,0,0,0,3,3,5,1,5,8,5,5,4,4,5,6,0,4,13,2,1,882
orjson_3_10_4,cf997b382d5c3a94955993a207bff6dd24b95450,0,9211097.333333334,3848.0,135,72,1,3,11,17,14,431,198,233,122,15,111,37,37,37,451,3,1,0,1,0,2,1,1,0,0,0,1,0,0,0,3,3,5,1,5,8,5,5,4,4,5,6,0,4,13,2,1,882
orjson_3_10_5,cf997b382d5c3a94955993a207bff6dd24b95450,0,9230444.333333334,3848.0,135,72,1,3,11,17,14,431,198,233,122,15,111,37,37,37,451,3,1,0,1,0,2,1,1,0,0,0,1,0,0,0,3,3,5,1,5,8,5,5,4,4,5,6,0,4,13,2,1,882
orjson_3_10_6,cf997b382d5c3a94955993a207bff6dd24b95450,0,9320125.0,3848.0,135,72,1,3,11,17,14,431,198,233,122,15,111,37,37,37,451,3,1,0,1,0,2,1,1,0,0,0,1,0,0,0,3,3,5,1,5,8,5,5,4,4,5,6,0,4,13,2,1,882
orjson_3_10_1,576717db76eb4f844a314e2325311454a9e5d218,0,1761527.6666666667,724.0,20,9,0,0,1,2,2,81,43,38,17,2,21,8,7,6,71,0,0,0,0,0,0,0,0,0,0,0,0,0,0,0,1,0,1,0,1,1,1,1,0,0,1,1,0,2,2,1,0,152
orjson_3_10_2,576717db76eb4f844a314e2325311454a9e5d218,0,1826069.6666666667,724.0,20,9,0,0,1,2,2,81,43,38,17,2,21,8,7,6,71,0,0,0,0,0,0,0,0,0,0,0,0,0,0,0,1,0,1,0,1,1,1,1,0,0,1,1,0,2,2,1,0,152
orjson_3_10_3,576717db76eb4f844a314e2325311454a9e5d218,0,1820374.6666666667,724.0,20,9,0,0,1,2,2,81,43,38,17,2,21,8,7,6,71,0,0,0,0,0,0,0,0,0,0,0,0,0,0,0,1,0,1,0,1,1,1,1,0,0,1,1,0,2,2,1,0,152
orjson_3_10_4,576717db76eb4f844a314e2325311454a9e5d218,0,1772749.6666666667,724.0,20,9,0,0,1,2,2,81,43,38,17,2,21,8,7,6,71,0,0,0,0,0,0,0,0,0,0,0,0,0,0,0,1,0,1,0,1,1,1,1,0,0,1,1,0,2,2,1,0,152
orjson_3_10_5,576717db76eb4f844a314e2325311454a9e5d218,0,1779930.6666666667,724.0,20,9,0,0,1,2,2,81,43,38,17,2,21,8,7,6,71,0,0,0,0,0,0,0,0,0,0,0,0,0,0,0,1,0,1,0,1,1,1,1,0,0,1,1,0,2,2,1,0,152
orjson_3_10_6,576717db76eb4f844a314e2325311454a9e5d218,0,1788875.0,724.0,20,9,0,0,1,2,2,81,43,38,17,2,21,8,7,6,71,0,0,0,0,0,0,0,0,0,0,0,0,0,0,0,1,0,1,0,1,1,1,1,0,0,1,1,0,2,2,1,0,152
orjson_3_10_1,5b490bfb08edbfdb7c6989e770f3e64ad4f0a490,0,932014.0,372.0,20,6,0,0,2,3,4,64,34,30,13,1,17,6,4,7,47,2,0,0,0,0,0,0,0,0,0,0,0,0,0,0,0,0,1,0,1,2,1,1,0,0,1,0,0,1,3,0,0,111
orjson_3_10_2,5b490bfb08edbfdb7c6989e770f3e64ad4f0a490,0,938611.0,372.0,20,6,0,0,2,3,4,64,34,30,13,1,17,6,4,7,47,2,0,0,0,0,0,0,0,0,0,0,0,0,0,0,0,0,1,0,1,2,1,1,0,0,1,0,0,1,3,0,0,111
orjson_3_10_3,5b490bfb08edbfdb7c6989e770f3e64ad4f0a490,0,947250.0,372.0,20,6,0,0,2,3,4,64,34,30,13,1,17,6,4,7,47,2,0,0,0,0,0,0,0,0,0,0,0,0,0,0,0,0,1,0,1,2,1,1,0,0,1,0,0,1,3,0,0,111
orjson_3_10_4,5b490bfb08edbfdb7c6989e770f3e64ad4f0a490,0,918604.25,372.0,20,6,0,0,2,3,4,64,34,30,13,1,17,6,4,7,47,2,0,0,0,0,0,0,0,0,0,0,0,0,0,0,0,0,1,0,1,2,1,1,0,0,1,0,0,1,3,0,0,111
orjson_3_10_5,5b490bfb08edbfdb7c6989e770f3e64ad4f0a490,0,927403.0,372.0,20,6,0,0,2,3,4,64,34,30,13,1,17,6,4,7,47,2,0,0,0,0,0,0,0,0,0,0,0,0,0,0,0,0,1,0,1,2,1,1,0,0,1,0,0,1,3,0,0,111
orjson_3_10_6,5b490bfb08edbfdb7c6989e770f3e64ad4f0a490,0,945250.0,372.0,20,6,0,0,2,3,4,64,34,30,13,1,17,6,4,7,47,2,0,0,0,0,0,0,0,0,0,0,0,0,0,0,0,0,1,0,1,2,1,1,0,0,1,0,0,1,3,0,0,111
orjson_3_10_1,a90fec3abfd8265eff2b6801fbd56ae7e950a05c,0,1644471.6666666667,736.0,16,6,0,0,1,2,2,73,42,31,17,4,14,4,5,5,85,2,0,0,0,0,0,0,0,0,0,0,0,0,0,0,0,0,1,0,1,1,1,1,2,2,1,1,0,1,2,0,0,158
orjson_3_10_2,a90fec3abfd8265eff2b6801fbd56ae7e950a05c,0,1660805.3333333333,736.0,16,6,0,0,1,2,2,73,42,31,17,4,14,4,5,5,85,2,0,0,0,0,0,0,0,0,0,0,0,0,0,0,0,0,1,0,1,1,1,1,2,2,1,1,0,1,2,0,0,158
orjson_3_10_3,a90fec3abfd8265eff2b6801fbd56ae7e950a05c,0,1672930.6666666667,736.0,16,6,0,0,1,2,2,73,42,31,17,4,14,4,5,5,85,2,0,0,0,0,0,0,0,0,0,0,0,0,0,0,0,0,1,0,1,1,1,1,2,2,1,1,0,1,2,0,0,158
orjson_3_10_4,a90fec3abfd8265eff2b6801fbd56ae7e950a05c,0,1621986.0,736.0,16,6,0,0,1,2,2,73,42,31,17,4,14,4,5,5,85,2,0,0,0,0,0,0,0,0,0,0,0,0,0,0,0,0,1,0,1,1,1,1,2,2,1,1,0,1,2,0,0,158
orjson_3_10_5,a90fec3abfd8265eff2b6801fbd56ae7e950a05c,0,1631916.3333333333,736.0,16,6,0,0,1,2,2,73,42,31,17,4,14,4,5,5,85,2,0,0,0,0,0,0,0,0,0,0,0,0,0,0,0,0,1,0,1,1,1,1,2,2,1,1,0,1,2,0,0,158
orjson_3_10_6,a90fec3abfd8265eff2b6801fbd56ae7e950a05c,0,1650930.3333333333,736.0,16,6,0,0,1,2,2,73,42,31,17,4,14,4,5,5,85,2,0,0,0,0,0,0,0,0,0,0,0,0,0,0,0,0,1,0,1,1,1,1,2,2,1,1,0,1,2,0,0,158
orjson_3_10_1,6739c9abd71edea6ed81a07fe900853129dfde28,0,2092652.6666666667,960.0,12,1,0,0,1,2,2,93,45,48,21,4,27,11,4,12,99,0,0,0,0,0,0,0,0,0,0,0,0,0,0,0,0,1,2,0,1,1,1,2,0,0,2,2,0,2,2,0,0,192
orjson_3_10_2,6739c9abd71edea6ed81a07fe900853129dfde28,0,2170736.0,960.0,12,1,0,0,1,2,2,93,45,48,21,4,27,11,4,12,99,0,0,0,0,0,0,0,0,0,0,0,0,0,0,0,0,1,2,0,1,1,1,2,0,0,2,2,0,2,2,0,0,192
orjson_3_10_3,6739c9abd71edea6ed81a07fe900853129dfde28,0,2198291.75,960.0,12,1,0,0,1,2,2,93,45,48,21,4,27,11,4,12,99,0,0,0,0,0,0,0,0,0,0,0,0,0,0,0,0,1,2,0,1,1,1,2,0,0,2,2,0,2,2,0,0,192
orjson_3_10_4,6739c9abd71edea6ed81a07fe900853129dfde28,0,2099930.3333333335,960.0,12,1,0,0,1,2,2,93,45,48,21,4,27,11,4,12,99,0,0,0,0,0,0,0,0,0,0,0,0,0,0,0,0,1,2,0,1,1,1,2,0,0,2,2,0,2,2,0,0,192
orjson_3_10_5,6739c9abd71edea6ed81a07fe900853129dfde28,0,2112222.3333333335,960.0,12,1,0,0,1,2,2,93,45,48,21,4,27,11,4,12,99,0,0,0,0,0,0,0,0,0,0,0,0,0,0,0,0,1,2,0,1,1,1,2,0,0,2,2,0,2,2,0,0,192
orjson_3_10_6,6739c9abd71edea6ed81a07fe900853129dfde28,0,2118527.6666666665,960.0,12,1,0,0,1,2,2,93,45,48,21,4,27,11,4,12,99,0,0,0,0,0,0,0,0,0,0,0,0,0,0,0,0,1,2,0,1,1,1,2,0,0,2,2,0,2,2,0,0,192
orjson_3_10_1,90c23ee14c8fc76fc614ca45209b8c16de9425b6,0,9189388.666666666,4826.0,162,54,0,0,24,25,28,395,204,191,95,7,96,25,39,32,443,6,1,0,1,2,2,1,2,0,0,0,4,3,2,0,3,3,1,0,1,24,1,3,2,2,3,2,0,2,25,6,4,838
orjson_3_10_2,90c23ee14c8fc76fc614ca45209b8c16de9425b6,0,9240486.333333334,4826.0,162,54,0,0,24,25,28,395,204,191,95,7,96,25,39,32,443,6,1,0,1,2,2,1,2,0,0,0,4,3,2,0,3,3,1,0,1,24,1,3,2,2,3,2,0,2,25,6,4,838
orjson_3_10_3,90c23ee14c8fc76fc614ca45209b8c16de9425b6,0,9150264.0,4826.0,162,54,0,0,24,25,28,395,204,191,95,7,96,25,39,32,443,6,1,0,1,2,2,1,2,0,0,0,4,3,2,0,3,3,1,0,1,24,1,3,2,2,3,2,0,2,25,6,4,838
orjson_3_10_4,90c23ee14c8fc76fc614ca45209b8c16de9425b6,0,9203437.5,4826.0,162,54,0,0,24,25,28,395,204,191,95,7,96,25,39,32,443,6,1,0,1,2,2,1,2,0,0,0,4,3,2,0,3,3,1,0,1,24,1,3,2,2,3,2,0,2,25,6,4,838
orjson_3_10_5,90c23ee14c8fc76fc614ca45209b8c16de9425b6,0,8948388.666666666,4826.0,162,54,0,0,24,25,28,395,204,191,95,7,96,25,39,32,443,6,1,0,1,2,2,1,2,0,0,0,4,3,2,0,3,3,1,0,1,24,1,3,2,2,3,2,0,2,25,6,4,838
orjson_3_10_6,90c23ee14c8fc76fc614ca45209b8c16de9425b6,0,9022750.333333334,4826.0,162,54,0,0,24,25,28,395,204,191,95,7,96,25,39,32,443,6,1,0,1,2,2,1,2,0,0,0,4,3,2,0,3,3,1,0,1,24,1,3,2,2,3,2,0,2,25,6,4,838
orjson_3_10_1,27c52dc1634e8082faf9fa502ba5d61129ebb146,0,10502069.666666666,4918.0,283,78,0,0,48,50,55,325,175,150,63,6,87,30,31,26,339,13,3,2,1,5,2,1,2,16,2,2,8,5,2,1,14,6,2,0,2,48,2,1,3,3,1,2,0,3,50,3,8,664
orjson_3_10_2,27c52dc1634e8082faf9fa502ba5d61129ebb146,0,9660708.333333334,4516.0,283,78,0,0,48,50,55,325,175,150,63,6,87,30,31,26,339,13,3,2,1,5,2,1,2,16,2,2,8,5,2,1,14,6,2,0,2,48,2,1,3,3,1,2,0,3,50,3,8,664
orjson_3_10_3,27c52dc1634e8082faf9fa502ba5d61129ebb146,0,9524888.666666666,4516.0,283,78,0,0,48,50,55,325,175,150,63,6,87,30,31,26,339,13,3,2,1,5,2,1,2,16,2,2,8,5,2,1,14,6,2,0,2,48,2,1,3,3,1,2,0,3,50,3,8,664
orjson_3_10_4,27c52dc1634e8082faf9fa502ba5d61129ebb146,0,9294875.0,4516.0,283,78,0,0,48,50,55,325,175,150,63,6,87,30,31,26,339,13,3,2,1,5,2,1,2,16,2,2,8,5,2,1,14,6,2,0,2,48,2,1,3,3,1,2,0,3,50,3,8,664
orjson_3_10_5,27c52dc1634e8082faf9fa502ba5d61129ebb146,0,9364805.666666666,4516.0,283,78,0,0,48,50,55,325,175,150,63,6,87,30,31,26,339,13,3,2,1,5,2,1,2,16,2,2,8,5,2,1,14,6,2,0,2,48,2,1,3,3,1,2,0,3,50,3,8,664
orjson_3_10_6,27c52dc1634e8082faf9fa502ba5d61129ebb146,0,9714764.333333334,4720.0,283,78,0,0,48,50,55,325,175,150,63,6,87,30,31,26,339,13,3,2,1,5,2,1,2,16,2,2,8,5,2,1,14,6,2,0,2,48,2,1,3,3,1,2,0,3,50,3,8,664
orjson_3_10_1,ccaa445a74ee9d2264b9401736ecf167dc4c5bd1,0,7439749.666666667,3341.0,268,56,0,0,48,50,58,130,66,64,29,2,35,6,19,10,121,11,2,1,1,2,1,1,1,8,1,1,4,2,1,0,9,7,2,0,2,48,2,1,1,1,1,0,0,3,50,10,4,251
orjson_3_10_2,ccaa445a74ee9d2264b9401736ecf167dc4c5bd1,0,6635152.666666667,3293.0,268,56,0,0,48,50,58,130,66,64,29,2,35,6,19,10,121,11,2,1,1,2,1,1,1,8,1,1,4,2,1,0,9,7,2,0,2,48,2,1,1,1,1,0,0,3,50,10,4,251
orjson_3_10_3,ccaa445a74ee9d2264b9401736ecf167dc4c5bd1,0,6308486.333333333,3026.0,268,56,0,0,48,50,58,130,66,64,29,2,35,6,19,10,121,11,2,1,1,2,1,1,1,8,1,1,4,2,1,0,9,7,2,0,2,48,2,1,1,1,1,0,0,3,50,10,4,251
orjson_3_10_4,ccaa445a74ee9d2264b9401736ecf167dc4c5bd1,0,6352472.333333333,3137.0,268,56,0,0,48,50,58,130,66,64,29,2,35,6,19,10,121,11,2,1,1,2,1,1,1,8,1,1,4,2,1,0,9,7,2,0,2,48,2,1,1,1,1,0,0,3,50,10,4,251
orjson_3_10_5,ccaa445a74ee9d2264b9401736ecf167dc4c5bd1,0,6435875.0,3157.0,268,56,0,0,48,50,58,130,66,64,29,2,35,6,19,10,121,11,2,1,1,2,1,1,1,8,1,1,4,2,1,0,9,7,2,0,2,48,2,1,1,1,1,0,0,3,50,10,4,251
orjson_3_10_6,ccaa445a74ee9d2264b9401736ecf167dc4c5bd1,0,6301694.333333333,3026.0,268,56,0,0,48,50,58,130,66,64,29,2,35,6,19,10,121,11,2,1,1,2,1,1,1,8,1,1,4,2,1,0,9,7,2,0,2,48,2,1,1,1,1,0,0,3,50,10,4,251
orjson_3_10_1,a478bc2ab7769fceefe7b30a920bd30fbc3eb6d8,0,10192250.0,4747.0,294,82,1,0,48,51,58,347,196,151,71,4,80,25,27,28,319,4,2,2,1,2,1,0,1,0,0,2,5,3,2,0,10,14,2,1,2,48,2,1,2,2,1,1,0,4,50,9,5,666
orjson_3_10_2,a478bc2ab7769fceefe7b30a920bd30fbc3eb6d8,0,9544527.333333334,4662.0,294,82,1,0,48,51,58,347,196,151,71,4,80,25,27,28,319,4,2,2,1,2,1,0,1,0,0,2,5,3,2,0,10,14,2,1,2,48,2,1,2,2,1,1,0,4,50,9,5,666
orjson_3_10_3,a478bc2ab7769fceefe7b30a920bd30fbc3eb6d8,0,9554389.0,4662.0,294,82,1,0,48,51,58,347,196,151,71,4,80,25,27,28,319,4,2,2,1,2,1,0,1,0,0,2,5,3,2,0,10,14,2,1,2,48,2,1,2,2,1,1,0,4,50,9,5,666
orjson_3_10_4,a478bc2ab7769fceefe7b30a920bd30fbc3eb6d8,0,9361861.333333334,4662.0,294,82,1,0,48,51,58,347,196,151,71,4,80,25,27,28,319,4,2,2,1,2,1,0,1,0,0,2,5,3,2,0,10,14,2,1,2,48,2,1,2,2,1,1,0,4,50,9,5,666
orjson_3_10_5,a478bc2ab7769fceefe7b30a920bd30fbc3eb6d8,0,9357250.0,4662.0,294,82,1,0,48,51,58,347,196,151,71,4,80,25,27,28,319,4,2,2,1,2,1,0,1,0,0,2,5,3,2,0,10,14,2,1,2,48,2,1,2,2,1,1,0,4,50,9,5,666
orjson_3_10_6,a478bc2ab7769fceefe7b30a920bd30fbc3eb6d8,0,9604000.0,4782.0,294,82,1,0,48,51,58,347,196,151,71,4,80,25,27,28,319,4,2,2,1,2,1,0,1,0,0,2,5,3,2,0,10,14,2,1,2,48,2,1,2,2,1,1,0,4,50,9,5,666
orjson_3_10_1,ca88136a8101f274a44195930c5c08c8df10db46,0,11237361.0,5191.0,277,68,0,0,48,50,58,325,163,162,85,13,77,21,25,31,338,14,2,1,1,1,1,1,1,15,2,1,4,2,0,1,8,8,2,0,2,48,2,7,1,1,7,5,0,3,50,7,4,663
orjson_3_10_2,ca88136a8101f274a44195930c5c08c8df10db46,0,10358153.0,4978.0,277,68,0,0,48,50,58,325,163,162,85,13,77,21,25,31,338,14,2,1,1,1,1,1,1,15,2,1,4,2,0,1,8,8,2,0,2,48,2,7,1,1,7,5,0,3,50,7,4,663
orjson_3_10_3,ca88136a8101f274a44195930c5c08c8df10db46,0,10687333.666666666,5173.0,277,68,0,0,48,50,58,325,163,162,85,13,77,21,25,31,338,14,2,1,1,1,1,1,1,15,2,1,4,2,0,1,8,8,2,0,2,48,2,7,1,1,7,5,0,3,50,7,4,663
orjson_3_10_4,ca88136a8101f274a44195930c5c08c8df10db46,0,10506208.333333334,5091.0,277,68,0,0,48,50,58,325,163,162,85,13,77,21,25,31,338,14,2,1,1,1,1,1,1,15,2,1,4,2,0,1,8,8,2,0,2,48,2,7,1,1,7,5,0,3,50,7,4,663
orjson_3_10_5,ca88136a8101f274a44195930c5c08c8df10db46,0,10676604.3,4978.0,277,68,0,0,48,50,58,325,163,162,85,13,77,21,25,31,338,14,2,1,1,1,1,1,1,15,2,1,4,2,0,1,8,8,2,0,2,48,2,7,1,1,7,5,0,3,50,7,4,663
orjson_3_10_6,ca88136a8101f274a44195930c5c08c8df10db46,0,10602458.333333334,5064.0,277,68,0,0,48,50,58,325,163,162,85,13,77,21,25,31,338,14,2,1,1,1,1,1,1,15,2,1,4,2,0,1,8,8,2,0,2,48,2,7,1,1,7,5,0,3,50,7,4,663
orjson_3_10_1,40684b5e9694bae357aa04eb500c181702e4932e,0,11216708.666666666,5186.0,283,70,1,1,49,52,59,321,155,166,101,12,65,22,23,20,346,8,2,1,1,1,2,1,0,10,2,1,3,1,0,1,11,12,2,1,2,48,2,4,1,1,4,7,0,4,50,8,3,667
orjson_3_10_2,40684b5e9694bae357aa04eb500c181702e4932e,0,10659847.0,5101.0,283,70,1,1,49,52,59,321,155,166,101,12,65,22,23,20,346,8,2,1,1,1,2,1,0,10,2,1,3,1,0,1,11,12,2,1,2,48,2,4,1,1,4,7,0,4,50,8,3,667
orjson_3_10_3,40684b5e9694bae357aa04eb500c181702e4932e,0,10607152.666666666,5101.0,283,70,1,1,49,52,59,321,155,166,101,12,65,22,23,20,346,8,2,1,1,1,2,1,0,10,2,1,3,1,0,1,11,12,2,1,2,48,2,4,1,1,4,7,0,4,50,8,3,667
orjson_3_10_4,40684b5e9694bae357aa04eb500c181702e4932e,0,10535847.666666666,5101.0,283,70,1,1,49,52,59,321,155,166,101,12,65,22,23,20,346,8,2,1,1,1,2,1,0,10,2,1,3,1,0,1,11,12,2,1,2,48,2,4,1,1,4,7,0,4,50,8,3,667
orjson_3_10_5,40684b5e9694bae357aa04eb500c181702e4932e,0,10534319.333333334,5101.0,283,70,1,1,49,52,59,321,155,166,101,12,65,22,23,20,346,8,2,1,1,1,2,1,0,10,2,1,3,1,0,1,11,12,2,1,2,48,2,4,1,1,4,7,0,4,50,8,3,667
orjson_3_10_6,40684b5e9694bae357aa04eb500c181702e4932e,0,10776653.0,5101.0,283,70,1,1,49,52,59,321,155,166,101,12,65,22,23,20,346,8,2,1,1,1,2,1,0,10,2,1,3,1,0,1,11,12,2,1,2,48,2,4,1,1,4,7,0,4,50,8,3,667
orjson_3_10_1,28c5ee123feb894252b590c0e61b9e9eea3cebec,0,2194791.3333333335,912.0,43,25,0,0,3,4,4,92,44,48,22,3,26,10,6,10,86,2,0,0,0,0,0,0,0,10,1,0,1,1,0,1,0,1,1,0,1,3,1,1,2,2,1,0,0,1,4,0,1,178
orjson_3_10_2,28c5ee123feb894252b590c0e61b9e9eea3cebec,0,2247666.6666666665,912.0,43,25,0,0,3,4,4,92,44,48,22,3,26,10,6,10,86,2,0,0,0,0,0,0,0,10,1,0,1,1,0,1,0,1,1,0,1,3,1,1,2,2,1,0,0,1,4,0,1,178
orjson_3_10_3,28c5ee123feb894252b590c0e61b9e9eea3cebec,0,2254864.5,912.0,43,25,0,0,3,4,4,92,44,48,22,3,26,10,6,10,86,2,0,0,0,0,0,0,0,10,1,0,1,1,0,1,0,1,1,0,1,3,1,1,2,2,1,0,0,1,4,0,1,178
orjson_3_10_4,28c5ee123feb894252b590c0e61b9e9eea3cebec,0,2185750.0,912.0,43,25,0,0,3,4,4,92,44,48,22,3,26,10,6,10,86,2,0,0,0,0,0,0,0,10,1,0,1,1,0,1,0,1,1,0,1,3,1,1,2,2,1,0,0,1,4,0,1,178
orjson_3_10_5,28c5ee123feb894252b590c0e61b9e9eea3cebec,0,2197694.3333333335,912.0,43,25,0,0,3,4,4,92,44,48,22,3,26,10,6,10,86,2,0,0,0,0,0,0,0,10,1,0,1,1,0,1,0,1,1,0,1,3,1,1,2,2,1,0,0,1,4,0,1,178
orjson_3_10_6,28c5ee123feb894252b590c0e61b9e9eea3cebec,0,2226180.6666666665,912.0,43,25,0,0,3,4,4,92,44,48,22,3,26,10,6,10,86,2,0,0,0,0,0,0,0,10,1,0,1,1,0,1,0,1,1,0,1,3,1,1,2,2,1,0,0,1,4,0,1,178
orjson_3_10_1,6722b0a37f19c19fb03d46ac02a7fe06ce3bad86,0,3759500.0,1660.0,39,25,0,0,2,3,3,184,94,90,47,10,43,9,21,13,190,1,0,0,0,0,0,0,0,0,0,0,0,0,0,0,1,1,1,0,1,2,1,3,3,3,3,4,0,1,3,0,0,374
orjson_3_10_2,6722b0a37f19c19fb03d46ac02a7fe06ce3bad86,0,3804986.0,1660.0,39,25,0,0,2,3,3,184,94,90,47,10,43,9,21,13,190,1,0,0,0,0,0,0,0,0,0,0,0,0,0,0,1,1,1,0,1,2,1,3,3,3,3,4,0,1,3,0,0,374
orjson_3_10_3,6722b0a37f19c19fb03d46ac02a7fe06ce3bad86,0,3811638.6666666665,1660.0,39,25,0,0,2,3,3,184,94,90,47,10,43,9,21,13,190,1,0,0,0,0,0,0,0,0,0,0,0,0,0,0,1,1,1,0,1,2,1,3,3,3,3,4,0,1,3,0,0,374
orjson_3_10_4,6722b0a37f19c19fb03d46ac02a7fe06ce3bad86,0,3796819.6666666665,1660.0,39,25,0,0,2,3,3,184,94,90,47,10,43,9,21,13,190,1,0,0,0,0,0,0,0,0,0,0,0,0,0,0,1,1,1,0,1,2,1,3,3,3,3,4,0,1,3,0,0,374
orjson_3_10_5,6722b0a37f19c19fb03d46ac02a7fe06ce3bad86,0,4120766.8,1660.0,39,25,0,0,2,3,3,184,94,90,47,10,43,9,21,13,190,1,0,0,0,0,0,0,0,0,0,0,0,0,0,0,1,1,1,0,1,2,1,3,3,3,3,4,0,1,3,0,0,374
orjson_3_10_6,6722b0a37f19c19fb03d46ac02a7fe06ce3bad86,0,3780542.0,1660.0,39,25,0,0,2,3,3,184,94,90,47,10,43,9,21,13,190,1,0,0,0,0,0,0,0,0,0,0,0,0,0,0,1,1,1,0,1,2,1,3,3,3,3,4,0,1,3,0,0,374
orjson_3_10_1,a04e7e99aaf00f821fcf2db98849cbca5060894e,0,9776264.0,4200.0,241,118,2,30,38,46,21,431,232,199,97,9,102,43,40,19,417,10,4,3,4,6,6,1,1,8,2,3,8,4,2,2,5,8,6,2,6,8,6,4,4,4,4,1,0,4,14,3,8,848
orjson_3_10_2,a04e7e99aaf00f821fcf2db98849cbca5060894e,0,9774763.666666666,4200.0,241,118,2,30,38,46,21,431,232,199,97,9,102,43,40,19,417,10,4,3,4,6,6,1,1,8,2,3,8,4,2,2,5,8,6,2,6,8,6,4,4,4,4,1,0,4,14,3,8,848
orjson_3_10_3,a04e7e99aaf00f821fcf2db98849cbca5060894e,0,9783153.0,4200.0,241,118,2,30,38,46,21,431,232,199,97,9,102,43,40,19,417,10,4,3,4,6,6,1,1,8,2,3,8,4,2,2,5,8,6,2,6,8,6,4,4,4,4,1,0,4,14,3,8,848
orjson_3_10_4,a04e7e99aaf00f821fcf2db98849cbca5060894e,0,9664500.0,4200.0,241,118,2,30,38,46,21,431,232,199,97,9,102,43,40,19,417,10,4,3,4,6,6,1,1,8,2,3,8,4,2,2,5,8,6,2,6,8,6,4,4,4,4,1,0,4,14,3,8,848
orjson_3_10_5,a04e7e99aaf00f821fcf2db98849cbca5060894e,0,9697555.666666666,4200.0,241,118,2,30,38,46,21,431,232,199,97,9,102,43,40,19,417,10,4,3,4,6,6,1,1,8,2,3,8,4,2,2,5,8,6,2,6,8,6,4,4,4,4,1,0,4,14,3,8,848
orjson_3_10_6,a04e7e99aaf00f821fcf2db98849cbca5060894e,0,9812764.333333334,4200.0,241,118,2,30,38,46,21,431,232,199,97,9,102,43,40,19,417,10,4,3,4,6,6,1,1,8,2,3,8,4,2,2,5,8,6,2,6,8,6,4,4,4,4,1,0,4,14,3,8,848
orjson_3_10_1,0ff83aa10f91d3e330601e95190b0d1a1fa6c9c9,0,4118708.6666666665,1892.0,63,37,0,0,4,6,7,214,112,102,52,5,50,21,20,9,232,0,1,0,1,1,2,1,1,0,0,0,1,0,0,0,2,1,2,0,2,4,2,2,3,3,2,0,0,2,6,0,1,446
orjson_3_10_2,0ff83aa10f91d3e330601e95190b0d1a1fa6c9c9,0,4208166.333333333,1892.0,63,37,0,0,4,6,7,214,112,102,52,5,50,21,20,9,232,0,1,0,1,1,2,1,1,0,0,0,1,0,0,0,2,1,2,0,2,4,2,2,3,3,2,0,0,2,6,0,1,446
orjson_3_10_3,0ff83aa10f91d3e330601e95190b0d1a1fa6c9c9,0,4224931.0,1892.0,63,37,0,0,4,6,7,214,112,102,52,5,50,21,20,9,232,0,1,0,1,1,2,1,1,0,0,0,1,0,0,0,2,1,2,0,2,4,2,2,3,3,2,0,0,2,6,0,1,446
orjson_3_10_4,0ff83aa10f91d3e330601e95190b0d1a1fa6c9c9,0,4085305.3333333335,1892.0,63,37,0,0,4,6,7,214,112,102,52,5,50,21,20,9,232,0,1,0,1,1,2,1,1,0,0,0,1,0,0,0,2,1,2,0,2,4,2,2,3,3,2,0,0,2,6,0,1,446
orjson_3_10_5,0ff83aa10f91d3e330601e95190b0d1a1fa6c9c9,0,4069166.6666666665,1892.0,63,37,0,0,4,6,7,214,112,102,52,5,50,21,20,9,232,0,1,0,1,1,2,1,1,0,0,0,1,0,0,0,2,1,2,0,2,4,2,2,3,3,2,0,0,2,6,0,1,446
orjson_3_10_6,0ff83aa10f91d3e330601e95190b0d1a1fa6c9c9,0,4137625.3333333335,1892.0,63,37,0,0,4,6,7,214,112,102,52,5,50,21,20,9,232,0,1,0,1,1,2,1,1,0,0,0,1,0,0,0,2,1,2,0,2,4,2,2,3,3,2,0,0,2,6,0,1,446
orjson_3_10_1,476d851af631e34cb14f3c5a3f7f567c904a9a27,0,1732865.0,768.0,11,0,0,0,1,2,2,83,49,34,20,1,14,5,5,4,83,0,0,0,0,0,0,0,0,0,0,0,0,0,0,0,0,1,1,0,1,1,1,1,0,0,1,0,0,2,2,1,0,166
orjson_3_10_2,476d851af631e34cb14f3c5a3f7f567c904a9a27,0,1754666.3333333333,768.0,11,0,0,0,1,2,2,83,49,34,20,1,14,5,5,4,83,0,0,0,0,0,0,0,0,0,0,0,0,0,0,0,0,1,1,0,1,1,1,1,0,0,1,0,0,2,2,1,0,166
orjson_3_10_3,476d851af631e34cb14f3c5a3f7f567c904a9a27,0,1775680.6666666667,768.0,11,0,0,0,1,2,2,83,49,34,20,1,14,5,5,4,83,0,0,0,0,0,0,0,0,0,0,0,0,0,0,0,0,1,1,0,1,1,1,1,0,0,1,0,0,2,2,1,0,166
orjson_3_10_4,476d851af631e34cb14f3c5a3f7f567c904a9a27,0,1713374.6666666667,768.0,11,0,0,0,1,2,2,83,49,34,20,1,14,5,5,4,83,0,0,0,0,0,0,0,0,0,0,0,0,0,0,0,0,1,1,0,1,1,1,1,0,0,1,0,0,2,2,1,0,166
orjson_3_10_5,476d851af631e34cb14f3c5a3f7f567c904a9a27,0,1707652.6666666667,768.0,11,0,0,0,1,2,2,83,49,34,20,1,14,5,5,4,83,0,0,0,0,0,0,0,0,0,0,0,0,0,0,0,0,1,1,0,1,1,1,1,0,0,1,0,0,2,2,1,0,166
orjson_3_10_6,476d851af631e34cb14f3c5a3f7f567c904a9a27,0,1758555.6666666667,768.0,11,0,0,0,1,2,2,83,49,34,20,1,14,5,5,4,83,0,0,0,0,0,0,0,0,0,0,0,0,0,0,0,0,1,1,0,1,1,1,1,0,0,1,0,0,2,2,1,0,166
orjson_3_10_1,8638d746d9c735a58af9ed8126b4a732127e6e12,0,807361.3333333334,284.0,29,11,0,0,3,4,7,15,6,9,6,2,3,2,1,0,16,0,0,0,0,0,0,0,0,0,0,0,0,0,0,0,1,0,1,0,1,3,1,1,1,1,1,0,0,1,4,0,0,31
orjson_3_10_2,8638d746d9c735a58af9ed8126b4a732127e6e12,0,799041.6666666666,284.0,29,11,0,0,3,4,7,15,6,9,6,2,3,2,1,0,16,0,0,0,0,0,0,0,0,0,0,0,0,0,0,0,1,0,1,0,1,3,1,1,1,1,1,0,0,1,4,0,0,31
orjson_3_10_3,8638d746d9c735a58af9ed8126b4a732127e6e12,0,792056.0,284.0,29,11,0,0,3,4,7,15,6,9,6,2,3,2,1,0,16,0,0,0,0,0,0,0,0,0,0,0,0,0,0,0,1,0,1,0,1,3,1,1,1,1,1,0,0,1,4,0,0,31
orjson_3_10_4,8638d746d9c735a58af9ed8126b4a732127e6e12,0,807527.3333333334,284.0,29,11,0,0,3,4,7,15,6,9,6,2,3,2,1,0,16,0,0,0,0,0,0,0,0,0,0,0,0,0,0,0,1,0,1,0,1,3,1,1,1,1,1,0,0,1,4,0,0,31
orjson_3_10_5,8638d746d9c735a58af9ed8126b4a732127e6e12,0,793652.6666666666,284.0,29,11,0,0,3,4,7,15,6,9,6,2,3,2,1,0,16,0,0,0,0,0,0,0,0,0,0,0,0,0,0,0,1,0,1,0,1,3,1,1,1,1,1,0,0,1,4,0,0,31
orjson_3_10_6,8638d746d9c735a58af9ed8126b4a732127e6e12,0,783527.6666666666,284.0,29,11,0,0,3,4,7,15,6,9,6,2,3,2,1,0,16,0,0,0,0,0,0,0,0,0,0,0,0,0,0,0,1,0,1,0,1,3,1,1,1,1,1,0,0,1,4,0,0,31
orjson_3_10_1,c598ac6c541310fb39ff6bd3d9cd2e13d51c08ac,0,416486.0,120.0,18,7,0,0,1,2,2,7,3,4,0,0,4,1,2,1,11,1,0,0,0,0,0,0,0,0,0,0,0,0,0,0,0,0,1,0,1,1,1,0,0,0,0,0,0,2,2,1,0,18
orjson_3_10_2,c598ac6c541310fb39ff6bd3d9cd2e13d51c08ac,0,408625.0,120.0,18,7,0,0,1,2,2,7,3,4,0,0,4,1,2,1,11,1,0,0,0,0,0,0,0,0,0,0,0,0,0,0,0,0,1,0,1,1,1,0,0,0,0,0,0,2,2,1,0,18
orjson_3_10_3,c598ac6c541310fb39ff6bd3d9cd2e13d51c08ac,0,410861.3333333333,120.0,18,7,0,0,1,2,2,7,3,4,0,0,4,1,2,1,11,1,0,0,0,0,0,0,0,0,0,0,0,0,0,0,0,0,1,0,1,1,1,0,0,0,0,0,0,2,2,1,0,18
orjson_3_10_4,c598ac6c541310fb39ff6bd3d9cd2e13d51c08ac,0,410694.3333333333,120.0,18,7,0,0,1,2,2,7,3,4,0,0,4,1,2,1,11,1,0,0,0,0,0,0,0,0,0,0,0,0,0,0,0,0,1,0,1,1,1,0,0,0,0,0,0,2,2,1,0,18
orjson_3_10_5,c598ac6c541310fb39ff6bd3d9cd2e13d51c08ac,0,402819.3333333333,120.0,18,7,0,0,1,2,2,7,3,4,0,0,4,1,2,1,11,1,0,0,0,0,0,0,0,0,0,0,0,0,0,0,0,0,1,0,1,1,1,0,0,0,0,0,0,2,2,1,0,18
orjson_3_10_6,c598ac6c541310fb39ff6bd3d9cd2e13d51c08ac,0,411972.0,120.0,18,7,0,0,1,2,2,7,3,4,0,0,4,1,2,1,11,1,0,0,0,0,0,0,0,0,0,0,0,0,0,0,0,0,1,0,1,1,1,0,0,0,0,0,0,2,2,1,0,18
orjson_3_10_1,9a3145bddaa3c597bff98025b44ddb86930a4d5c,0,2847791.6666666665,1288.0,29,15,0,0,2,3,4,128,63,65,31,1,34,13,13,8,150,1,0,0,0,0,0,0,0,0,0,0,0,0,0,0,0,1,1,0,1,2,1,0,0,0,0,1,0,1,3,0,0,278
orjson_3_10_2,9a3145bddaa3c597bff98025b44ddb86930a4d5c,0,2901013.6666666665,1288.0,29,15,0,0,2,3,4,128,63,65,31,1,34,13,13,8,150,1,0,0,0,0,0,0,0,0,0,0,0,0,0,0,0,1,1,0,1,2,1,0,0,0,0,1,0,1,3,0,0,278
orjson_3_10_3,9a3145bddaa3c597bff98025b44ddb86930a4d5c,0,2910833.3333333335,1288.0,29,15,0,0,2,3,4,128,63,65,31,1,34,13,13,8,150,1,0,0,0,0,0,0,0,0,0,0,0,0,0,0,0,1,1,0,1,2,1,0,0,0,0,1,0,1,3,0,0,278
orjson_3_10_4,9a3145bddaa3c597bff98025b44ddb86930a4d5c,0,2838166.6666666665,1288.0,29,15,0,0,2,3,4,128,63,65,31,1,34,13,13,8,150,1,0,0,0,0,0,0,0,0,0,0,0,0,0,0,0,1,1,0,1,2,1,0,0,0,0,1,0,1,3,0,0,278
orjson_3_10_5,9a3145bddaa3c597bff98025b44ddb86930a4d5c,0,2829597.0,1288.0,29,15,0,0,2,3,4,128,63,65,31,1,34,13,13,8,150,1,0,0,0,0,0,0,0,0,0,0,0,0,0,0,0,1,1,0,1,2,1,0,0,0,0,1,0,1,3,0,0,278
orjson_3_10_6,9a3145bddaa3c597bff98025b44ddb86930a4d5c,0,2881444.3333333335,1288.0,29,15,0,0,2,3,4,128,63,65,31,1,34,13,13,8,150,1,0,0,0,0,0,0,0,0,0,0,0,0,0,0,0,1,1,0,1,2,1,0,0,0,0,1,0,1,3,0,0,278
orjson_3_10_1,764b4e094a050549ab98aba07ba0a5af2e20b151,0,3598819.6666666665,1277.0,140,74,1,15,20,24,13,123,57,66,32,4,34,7,14,13,128,3,1,1,0,3,0,0,2,2,1,1,5,4,1,1,5,3,3,1,3,5,3,1,2,2,1,1,0,4,8,1,5,251
orjson_3_10_2,764b4e094a050549ab98aba07ba0a5af2e20b151,0,3588361.3333333335,1277.0,140,74,1,15,20,24,13,123,57,66,32,4,34,7,14,13,128,3,1,1,0,3,0,0,2,2,1,1,5,4,1,1,5,3,3,1,3,5,3,1,2,2,1,1,0,4,8,1,5,251
orjson_3_10_3,764b4e094a050549ab98aba07ba0a5af2e20b151,0,3619597.3333333335,1277.0,140,74,1,15,20,24,13,123,57,66,32,4,34,7,14,13,128,3,1,1,0,3,0,0,2,2,1,1,5,4,1,1,5,3,3,1,3,5,3,1,2,2,1,1,0,4,8,1,5,251
orjson_3_10_4,764b4e094a050549ab98aba07ba0a5af2e20b151,0,3565389.0,1277.0,140,74,1,15,20,24,13,123,57,66,32,4,34,7,14,13,128,3,1,1,0,3,0,0,2,2,1,1,5,4,1,1,5,3,3,1,3,5,3,1,2,2,1,1,0,4,8,1,5,251
orjson_3_10_5,764b4e094a050549ab98aba07ba0a5af2e20b151,0,3533396.25,1277.0,140,74,1,15,20,24,13,123,57,66,32,4,34,7,14,13,128,3,1,1,0,3,0,0,2,2,1,1,5,4,1,1,5,3,3,1,3,5,3,1,2,2,1,1,0,4,8,1,5,251
orjson_3_10_6,764b4e094a050549ab98aba07ba0a5af2e20b151,0,3584569.0,1277.0,140,74,1,15,20,24,13,123,57,66,32,4,34,7,14,13,128,3,1,1,0,3,0,0,2,2,1,1,5,4,1,1,5,3,3,1,3,5,3,1,2,2,1,1,0,4,8,1,5,251
orjson_3_10_1,d00e1c519cf374916f533fe9a796fafb7fe27e2c,0,993208.3333333334,440.0,18,8,0,0,1,2,2,48,23,25,12,0,13,5,2,6,45,1,0,0,0,0,0,0,0,10,1,0,1,1,0,1,0,0,1,0,1,1,1,0,0,0,0,0,0,1,2,0,1,93
orjson_3_10_2,d00e1c519cf374916f533fe9a796fafb7fe27e2c,0,1024708.6666666666,440.0,18,8,0,0,1,2,2,48,23,25,12,0,13,5,2,6,45,1,0,0,0,0,0,0,0,10,1,0,1,1,0,1,0,0,1,0,1,1,1,0,0,0,0,0,0,1,2,0,1,93
orjson_3_10_3,d00e1c519cf374916f533fe9a796fafb7fe27e2c,0,1023305.6666666666,440.0,18,8,0,0,1,2,2,48,23,25,12,0,13,5,2,6,45,1,0,0,0,0,0,0,0,10,1,0,1,1,0,1,0,0,1,0,1,1,1,0,0,0,0,0,0,1,2,0,1,93
orjson_3_10_4,d00e1c519cf374916f533fe9a796fafb7fe27e2c,0,983972.3333333334,440.0,18,8,0,0,1,2,2,48,23,25,12,0,13,5,2,6,45,1,0,0,0,0,0,0,0,10,1,0,1,1,0,1,0,0,1,0,1,1,1,0,0,0,0,0,0,1,2,0,1,93
orjson_3_10_5,d00e1c519cf374916f533fe9a796fafb7fe27e2c,0,998468.75,440.0,18,8,0,0,1,2,2,48,23,25,12,0,13,5,2,6,45,1,0,0,0,0,0,0,0,10,1,0,1,1,0,1,0,0,1,0,1,1,1,0,0,0,0,0,0,1,2,0,1,93
orjson_3_10_6,d00e1c519cf374916f533fe9a796fafb7fe27e2c,0,996000.3333333334,440.0,18,8,0,0,1,2,2,48,23,25,12,0,13,5,2,6,45,1,0,0,0,0,0,0,0,10,1,0,1,1,0,1,0,0,1,0,1,1,1,0,0,0,0,0,0,1,2,0,1,93
orjson_3_10_1,90522861dc370d75d299070b56b1fec1d4f2a8f4,0,9115680.666666666,4124.0,187,92,3,14,23,31,18,428,227,201,113,13,88,35,28,25,449,8,1,0,1,0,1,1,0,8,1,0,2,1,1,0,6,1,5,3,5,9,5,7,5,5,7,1,0,7,14,6,2,877
orjson_3_10_2,90522861dc370d75d299070b56b1fec1d4f2a8f4,0,9491962.6,4124.0,187,92,3,14,23,31,18,428,227,201,113,13,88,35,28,25,449,8,1,0,1,0,1,1,0,8,1,0,2,1,1,0,6,1,5,3,5,9,5,7,5,5,7,1,0,7,14,6,2,877
orjson_3_10_3,90522861dc370d75d299070b56b1fec1d4f2a8f4,0,9075680.666666666,4124.0,187,92,3,14,23,31,18,428,227,201,113,13,88,35,28,25,449,8,1,0,1,0,1,1,0,8,1,0,2,1,1,0,6,1,5,3,5,9,5,7,5,5,7,1,0,7,14,6,2,877
orjson_3_10_4,90522861dc370d75d299070b56b1fec1d4f2a8f4,0,8940111.666666666,4124.0,187,92,3,14,23,31,18,428,227,201,113,13,88,35,28,25,449,8,1,0,1,0,1,1,0,8,1,0,2,1,1,0,6,1,5,3,5,9,5,7,5,5,7,1,0,7,14,6,2,877
orjson_3_10_5,90522861dc370d75d299070b56b1fec1d4f2a8f4,0,8986597.333333334,4124.0,187,92,3,14,23,31,18,428,227,201,113,13,88,35,28,25,449,8,1,0,1,0,1,1,0,8,1,0,2,1,1,0,6,1,5,3,5,9,5,7,5,5,7,1,0,7,14,6,2,877
orjson_3_10_6,90522861dc370d75d299070b56b1fec1d4f2a8f4,0,9159722.0,4124.0,187,92,3,14,23,31,18,428,227,201,113,13,88,35,28,25,449,8,1,0,1,0,1,1,0,8,1,0,2,1,1,0,6,1,5,3,5,9,5,7,5,5,7,1,0,7,14,6,2,877
orjson_3_10_1,12669308d800a363436543214d3029364081fa7e,0,10469194.666666666,3936.0,171,70,3,12,21,32,20,422,208,214,109,15,105,30,37,38,417,6,1,1,0,2,0,0,1,1,1,1,3,2,0,1,7,2,8,3,8,9,8,4,8,8,4,3,0,9,17,4,3,839
orjson_3_10_2,12669308d800a363436543214d3029364081fa7e,0,10594513.666666666,3936.0,171,70,3,12,21,32,20,422,208,214,109,15,105,30,37,38,417,6,1,1,0,2,0,0,1,1,1,1,3,2,0,1,7,2,8,3,8,9,8,4,8,8,4,3,0,9,17,4,3,839
orjson_3_10_3,12669308d800a363436543214d3029364081fa7e,0,10584153.333333334,3936.0,171,70,3,12,21,32,20,422,208,214,109,15,105,30,37,38,417,6,1,1,0,2,0,0,1,1,1,1,3,2,0,1,7,2,8,3,8,9,8,4,8,8,4,3,0,9,17,4,3,839
orjson_3_10_4,12669308d800a363436543214d3029364081fa7e,0,10508972.0,3936.0,171,70,3,12,21,32,20,422,208,214,109,15,105,30,37,38,417,6,1,1,0,2,0,0,1,1,1,1,3,2,0,1,7,2,8,3,8,9,8,4,8,8,4,3,0,9,17,4,3,839
orjson_3_10_5,12669308d800a363436543214d3029364081fa7e,0,10564319.333333334,3936.0,171,70,3,12,21,32,20,422,208,214,109,15,105,30,37,38,417,6,1,1,0,2,0,0,1,1,1,1,3,2,0,1,7,2,8,3,8,9,8,4,8,8,4,3,0,9,17,4,3,839
orjson_3_10_6,12669308d800a363436543214d3029364081fa7e,0,10618750.0,3936.0,171,70,3,12,21,32,20,422,208,214,109,15,105,30,37,38,417,6,1,1,0,2,0,0,1,1,1,1,3,2,0,1,7,2,8,3,8,9,8,4,8,8,4,3,0,9,17,4,3,839
orjson_3_10_1,3d7f9cddb9743712b4f4bb3ba1ce3eb91dd86283,0,9226861.333333334,4358.0,143,67,2,14,20,26,15,443,222,221,99,11,122,48,35,39,466,3,1,1,1,1,1,0,0,0,0,1,2,1,1,0,5,4,4,2,4,6,4,3,5,5,3,3,0,5,10,4,2,909
orjson_3_10_2,3d7f9cddb9743712b4f4bb3ba1ce3eb91dd86283,0,9276347.0,4358.0,143,67,2,14,20,26,15,443,222,221,99,11,122,48,35,39,466,3,1,1,1,1,1,0,0,0,0,1,2,1,1,0,5,4,4,2,4,6,4,3,5,5,3,3,0,5,10,4,2,909
orjson_3_10_3,3d7f9cddb9743712b4f4bb3ba1ce3eb91dd86283,0,9252638.666666666,4358.0,143,67,2,14,20,26,15,443,222,221,99,11,122,48,35,39,466,3,1,1,1,1,1,0,0,0,0,1,2,1,1,0,5,4,4,2,4,6,4,3,5,5,3,3,0,5,10,4,2,909
orjson_3_10_4,3d7f9cddb9743712b4f4bb3ba1ce3eb91dd86283,0,9172389.0,4358.0,143,67,2,14,20,26,15,443,222,221,99,11,122,48,35,39,466,3,1,1,1,1,1,0,0,0,0,1,2,1,1,0,5,4,4,2,4,6,4,3,5,5,3,3,0,5,10,4,2,909
orjson_3_10_5,3d7f9cddb9743712b4f4bb3ba1ce3eb91dd86283,0,9225527.666666666,4358.0,143,67,2,14,20,26,15,443,222,221,99,11,122,48,35,39,466,3,1,1,1,1,1,0,0,0,0,1,2,1,1,0,5,4,4,2,4,6,4,3,5,5,3,3,0,5,10,4,2,909
orjson_3_10_6,3d7f9cddb9743712b4f4bb3ba1ce3eb91dd86283,0,9286430.666666666,4358.0,143,67,2,14,20,26,15,443,222,221,99,11,122,48,35,39,466,3,1,1,1,1,1,0,0,0,0,1,2,1,1,0,5,4,4,2,4,6,4,3,5,5,3,3,0,5,10,4,2,909
orjson_3_10_1,eeca5ad6de0987b5260dd06aae77e2c4f992d03a,0,9820014.0,3884.0,155,71,2,12,20,27,15,424,197,227,120,18,107,44,34,29,458,4,1,1,0,1,0,0,0,7,1,1,3,2,1,1,4,6,5,2,5,8,5,9,5,5,9,4,0,7,13,4,3,882
orjson_3_10_2,eeca5ad6de0987b5260dd06aae77e2c4f992d03a,0,9846958.0,3884.0,155,71,2,12,20,27,15,424,197,227,120,18,107,44,34,29,458,4,1,1,0,1,0,0,0,7,1,1,3,2,1,1,4,6,5,2,5,8,5,9,5,5,9,4,0,7,13,4,3,882
orjson_3_10_3,eeca5ad6de0987b5260dd06aae77e2c4f992d03a,0,9812722.0,3884.0,155,71,2,12,20,27,15,424,197,227,120,18,107,44,34,29,458,4,1,1,0,1,0,0,0,7,1,1,3,2,1,1,4,6,5,2,5,8,5,9,5,5,9,4,0,7,13,4,3,882
orjson_3_10_4,eeca5ad6de0987b5260dd06aae77e2c4f992d03a,0,9546708.666666666,3884.0,155,71,2,12,20,27,15,424,197,227,120,18,107,44,34,29,458,4,1,1,0,1,0,0,0,7,1,1,3,2,1,1,4,6,5,2,5,8,5,9,5,5,9,4,0,7,13,4,3,882
orjson_3_10_5,eeca5ad6de0987b5260dd06aae77e2c4f992d03a,0,9592583.333333334,3884.0,155,71,2,12,20,27,15,424,197,227,120,18,107,44,34,29,458,4,1,1,0,1,0,0,0,7,1,1,3,2,1,1,4,6,5,2,5,8,5,9,5,5,9,4,0,7,13,4,3,882
orjson_3_10_6,eeca5ad6de0987b5260dd06aae77e2c4f992d03a,0,9782291.666666666,3884.0,155,71,2,12,20,27,15,424,197,227,120,18,107,44,34,29,458,4,1,1,0,1,0,0,0,7,1,1,3,2,1,1,4,6,5,2,5,8,5,9,5,5,9,4,0,7,13,4,3,882
orjson_3_10_1,12fd9196dcbedb5b498a8ec31ed7b63bac621f7b,0,1201041.75,696.0,19,9,0,0,1,2,3,67,34,33,15,0,18,8,4,6,63,0,0,0,0,0,0,0,0,0,0,0,0,0,0,0,0,1,1,0,1,1,1,0,0,0,0,0,0,1,2,0,0,130
orjson_3_10_2,12fd9196dcbedb5b498a8ec31ed7b63bac621f7b,0,1212249.6666666667,696.0,19,9,0,0,1,2,3,67,34,33,15,0,18,8,4,6,63,0,0,0,0,0,0,0,0,0,0,0,0,0,0,0,0,1,1,0,1,1,1,0,0,0,0,0,0,1,2,0,0,130
orjson_3_10_3,12fd9196dcbedb5b498a8ec31ed7b63bac621f7b,0,1218499.6666666667,696.0,19,9,0,0,1,2,3,67,34,33,15,0,18,8,4,6,63,0,0,0,0,0,0,0,0,0,0,0,0,0,0,0,0,1,1,0,1,1,1,0,0,0,0,0,0,1,2,0,0,130
orjson_3_10_4,12fd9196dcbedb5b498a8ec31ed7b63bac621f7b,0,1196319.6666666667,696.0,19,9,0,0,1,2,3,67,34,33,15,0,18,8,4,6,63,0,0,0,0,0,0,0,0,0,0,0,0,0,0,0,0,1,1,0,1,1,1,0,0,0,0,0,0,1,2,0,0,130
orjson_3_10_5,12fd9196dcbedb5b498a8ec31ed7b63bac621f7b,0,1209319.3333333333,696.0,19,9,0,0,1,2,3,67,34,33,15,0,18,8,4,6,63,0,0,0,0,0,0,0,0,0,0,0,0,0,0,0,0,1,1,0,1,1,1,0,0,0,0,0,0,1,2,0,0,130
orjson_3_10_6,12fd9196dcbedb5b498a8ec31ed7b63bac621f7b,0,1211541.3333333333,696.0,19,9,0,0,1,2,3,67,34,33,15,0,18,8,4,6,63,0,0,0,0,0,0,0,0,0,0,0,0,0,0,0,0,1,1,0,1,1,1,0,0,0,0,0,0,1,2,0,0,130
orjson_3_10_1,9a8e1412c432e18cc487b9f106ccd6ccc0fd3733,0,382194.3333333333,174.0,22,12,1,3,3,4,1,5,2,3,2,0,1,1,0,0,1,1,0,0,0,1,0,0,1,0,0,0,1,1,0,0,1,0,0,1,0,0,0,0,0,0,0,0,0,1,0,1,1,6
orjson_3_10_2,9a8e1412c432e18cc487b9f106ccd6ccc0fd3733,0,372724.6,174.0,22,12,1,3,3,4,1,5,2,3,2,0,1,1,0,0,1,1,0,0,0,1,0,0,1,0,0,0,1,1,0,0,1,0,0,1,0,0,0,0,0,0,0,0,0,1,0,1,1,6
orjson_3_10_3,9a8e1412c432e18cc487b9f106ccd6ccc0fd3733,0,371138.6666666667,174.0,22,12,1,3,3,4,1,5,2,3,2,0,1,1,0,0,1,1,0,0,0,1,0,0,1,0,0,0,1,1,0,0,1,0,0,1,0,0,0,0,0,0,0,0,0,1,0,1,1,6
orjson_3_10_4,9a8e1412c432e18cc487b9f106ccd6ccc0fd3733,0,373625.0,174.0,22,12,1,3,3,4,1,5,2,3,2,0,1,1,0,0,1,1,0,0,0,1,0,0,1,0,0,0,1,1,0,0,1,0,0,1,0,0,0,0,0,0,0,0,0,1,0,1,1,6
orjson_3_10_5,9a8e1412c432e18cc487b9f106ccd6ccc0fd3733,0,372694.3333333333,174.0,22,12,1,3,3,4,1,5,2,3,2,0,1,1,0,0,1,1,0,0,0,1,0,0,1,0,0,0,1,1,0,0,1,0,0,1,0,0,0,0,0,0,0,0,0,1,0,1,1,6
orjson_3_10_6,9a8e1412c432e18cc487b9f106ccd6ccc0fd3733,0,367819.3333333333,174.0,22,12,1,3,3,4,1,5,2,3,2,0,1,1,0,0,1,1,0,0,0,1,0,0,1,0,0,0,1,1,0,0,1,0,0,1,0,0,0,0,0,0,0,0,0,1,0,1,1,6
orjson_3_10_1,05002729f852c2eac543e7d7653979eb10c886e9,0,479260.25,121.0,19,5,0,0,2,3,4,11,8,3,2,1,1,1,0,0,11,0,0,0,0,0,0,0,0,0,0,0,0,0,0,0,2,0,1,0,1,2,1,0,0,0,0,1,0,1,3,0,0,22
orjson_3_10_2,05002729f852c2eac543e7d7653979eb10c886e9,0,478653.0,121.0,19,5,0,0,2,3,4,11,8,3,2,1,1,1,0,0,11,0,0,0,0,0,0,0,0,0,0,0,0,0,0,0,2,0,1,0,1,2,1,0,0,0,0,1,0,1,3,0,0,22
orjson_3_10_3,05002729f852c2eac543e7d7653979eb10c886e9,0,570783.5,121.0,19,5,0,0,2,3,4,11,8,3,2,1,1,1,0,0,11,0,0,0,0,0,0,0,0,0,0,0,0,0,0,0,2,0,1,0,1,2,1,0,0,0,0,1,0,1,3,0,0,22
orjson_3_10_4,05002729f852c2eac543e7d7653979eb10c886e9,0,476166.6666666667,121.0,19,5,0,0,2,3,4,11,8,3,2,1,1,1,0,0,11,0,0,0,0,0,0,0,0,0,0,0,0,0,0,0,2,0,1,0,1,2,1,0,0,0,0,1,0,1,3,0,0,22
orjson_3_10_5,05002729f852c2eac543e7d7653979eb10c886e9,0,656972.3333333334,241.0,19,5,0,0,2,3,4,11,8,3,2,1,1,1,0,0,11,0,0,0,0,0,0,0,0,0,0,0,0,0,0,0,2,0,1,0,1,2,1,0,0,0,0,1,0,1,3,0,0,22
orjson_3_10_6,05002729f852c2eac543e7d7653979eb10c886e9,0,480069.6666666667,121.0,19,5,0,0,2,3,4,11,8,3,2,1,1,1,0,0,11,0,0,0,0,0,0,0,0,0,0,0,0,0,0,0,2,0,1,0,1,2,1,0,0,0,0,1,0,1,3,0,0,22
orjson_3_10_1,a052025baf5780cdc25fc182ba3327d3487841af,0,485888.3333333333,121.0,19,5,0,0,2,3,4,11,8,3,2,1,1,0,1,0,11,0,0,0,0,0,0,0,0,0,0,0,0,0,0,0,2,0,1,0,1,2,1,0,0,0,0,1,0,1,3,0,0,22
orjson_3_10_2,a052025baf5780cdc25fc182ba3327d3487841af,0,479722.0,121.0,19,5,0,0,2,3,4,11,8,3,2,1,1,0,1,0,11,0,0,0,0,0,0,0,0,0,0,0,0,0,0,0,2,0,1,0,1,2,1,0,0,0,0,1,0,1,3,0,0,22
orjson_3_10_3,a052025baf5780cdc25fc182ba3327d3487841af,0,472437.0,121.0,19,5,0,0,2,3,4,11,8,3,2,1,1,0,1,0,11,0,0,0,0,0,0,0,0,0,0,0,0,0,0,0,2,0,1,0,1,2,1,0,0,0,0,1,0,1,3,0,0,22
orjson_3_10_4,a052025baf5780cdc25fc182ba3327d3487841af,0,479750.0,121.0,19,5,0,0,2,3,4,11,8,3,2,1,1,0,1,0,11,0,0,0,0,0,0,0,0,0,0,0,0,0,0,0,2,0,1,0,1,2,1,0,0,0,0,1,0,1,3,0,0,22
orjson_3_10_5,a052025baf5780cdc25fc182ba3327d3487841af,0,475916.3333333333,121.0,19,5,0,0,2,3,4,11,8,3,2,1,1,0,1,0,11,0,0,0,0,0,0,0,0,0,0,0,0,0,0,0,2,0,1,0,1,2,1,0,0,0,0,1,0,1,3,0,0,22
orjson_3_10_6,a052025baf5780cdc25fc182ba3327d3487841af,0,472333.3333333333,121.0,19,5,0,0,2,3,4,11,8,3,2,1,1,0,1,0,11,0,0,0,0,0,0,0,0,0,0,0,0,0,0,0,2,0,1,0,1,2,1,0,0,0,0,1,0,1,3,0,0,22
orjson_3_10_1,b8f1ff55163ae19c38d911ff370bab11802c058f,0,208902.33333333334,146.0,3,1,0,0,0,0,1,6,3,3,2,0,1,0,0,1,2,0,0,0,0,0,0,0,0,0,0,0,0,0,0,0,0,0,0,0,0,0,0,0,0,0,0,0,1,0,0,0,0,8
orjson_3_10_2,b8f1ff55163ae19c38d911ff370bab11802c058f,0,215593.75,146.0,3,1,0,0,0,0,1,6,3,3,2,0,1,0,0,1,2,0,0,0,0,0,0,0,0,0,0,0,0,0,0,0,0,0,0,0,0,0,0,0,0,0,0,0,1,0,0,0,0,8
orjson_3_10_3,b8f1ff55163ae19c38d911ff370bab11802c058f,0,208903.0,146.0,3,1,0,0,0,0,1,6,3,3,2,0,1,0,0,1,2,0,0,0,0,0,0,0,0,0,0,0,0,0,0,0,0,0,0,0,0,0,0,0,0,0,0,0,1,0,0,0,0,8
orjson_3_10_4,b8f1ff55163ae19c38d911ff370bab11802c058f,0,207069.33333333334,146.0,3,1,0,0,0,0,1,6,3,3,2,0,1,0,0,1,2,0,0,0,0,0,0,0,0,0,0,0,0,0,0,0,0,0,0,0,0,0,0,0,0,0,0,0,1,0,0,0,0,8
orjson_3_10_5,b8f1ff55163ae19c38d911ff370bab11802c058f,0,206458.5,146.0,3,1,0,0,0,0,1,6,3,3,2,0,1,0,0,1,2,0,0,0,0,0,0,0,0,0,0,0,0,0,0,0,0,0,0,0,0,0,0,0,0,0,0,0,1,0,0,0,0,8
orjson_3_10_6,b8f1ff55163ae19c38d911ff370bab11802c058f,0,195541.75,146.0,3,1,0,0,0,0,1,6,3,3,2,0,1,0,0,1,2,0,0,0,0,0,0,0,0,0,0,0,0,0,0,0,0,0,0,0,0,0,0,0,0,0,0,0,1,0,0,0,0,8
orjson_3_10_1,999f2fcf1909ab083744e750b1a6913c90b9f80e,0,316000.0,120.0,16,9,0,0,0,1,1,4,1,3,2,0,1,1,0,0,2,0,0,0,0,0,0,0,0,0,0,0,0,0,0,0,0,0,2,0,1,0,1,0,0,0,0,0,0,2,1,0,0,6
orjson_3_10_2,999f2fcf1909ab083744e750b1a6913c90b9f80e,0,321694.3333333333,120.0,16,9,0,0,0,1,1,4,1,3,2,0,1,1,0,0,2,0,0,0,0,0,0,0,0,0,0,0,0,0,0,0,0,0,2,0,1,0,1,0,0,0,0,0,0,2,1,0,0,6
orjson_3_10_3,999f2fcf1909ab083744e750b1a6913c90b9f80e,0,319416.6666666667,120.0,16,9,0,0,0,1,1,4,1,3,2,0,1,1,0,0,2,0,0,0,0,0,0,0,0,0,0,0,0,0,0,0,0,0,2,0,1,0,1,0,0,0,0,0,0,2,1,0,0,6
orjson_3_10_4,999f2fcf1909ab083744e750b1a6913c90b9f80e,0,316013.6666666667,120.0,16,9,0,0,0,1,1,4,1,3,2,0,1,1,0,0,2,0,0,0,0,0,0,0,0,0,0,0,0,0,0,0,0,0,2,0,1,0,1,0,0,0,0,0,0,2,1,0,0,6
orjson_3_10_5,999f2fcf1909ab083744e750b1a6913c90b9f80e,0,313694.3333333333,120.0,16,9,0,0,0,1,1,4,1,3,2,0,1,1,0,0,2,0,0,0,0,0,0,0,0,0,0,0,0,0,0,0,0,0,2,0,1,0,1,0,0,0,0,0,0,2,1,0,0,6
orjson_3_10_6,999f2fcf1909ab083744e750b1a6913c90b9f80e,0,311916.6666666667,120.0,16,9,0,0,0,1,1,4,1,3,2,0,1,1,0,0,2,0,0,0,0,0,0,0,0,0,0,0,0,0,0,0,0,0,2,0,1,0,1,0,0,0,0,0,0,2,1,0,0,6
orjson_3_10_1,d9d78457a661451a0d7ac48710f0601a957f7d14,0,484166.6666666667,121.0,19,5,0,0,2,3,4,11,8,3,2,1,1,0,1,0,11,0,0,0,0,0,0,0,0,0,0,0,0,0,0,0,2,0,1,0,1,2,1,0,0,0,0,1,0,1,3,0,0,22
orjson_3_10_2,d9d78457a661451a0d7ac48710f0601a957f7d14,0,472156.5,121.0,19,5,0,0,2,3,4,11,8,3,2,1,1,0,1,0,11,0,0,0,0,0,0,0,0,0,0,0,0,0,0,0,2,0,1,0,1,2,1,0,0,0,0,1,0,1,3,0,0,22
orjson_3_10_3,d9d78457a661451a0d7ac48710f0601a957f7d14,0,475083.25,121.0,19,5,0,0,2,3,4,11,8,3,2,1,1,0,1,0,11,0,0,0,0,0,0,0,0,0,0,0,0,0,0,0,2,0,1,0,1,2,1,0,0,0,0,1,0,1,3,0,0,22
orjson_3_10_4,d9d78457a661451a0d7ac48710f0601a957f7d14,0,472250.3333333333,121.0,19,5,0,0,2,3,4,11,8,3,2,1,1,0,1,0,11,0,0,0,0,0,0,0,0,0,0,0,0,0,0,0,2,0,1,0,1,2,1,0,0,0,0,1,0,1,3,0,0,22
orjson_3_10_5,d9d78457a661451a0d7ac48710f0601a957f7d14,0,472947.75,121.0,19,5,0,0,2,3,4,11,8,3,2,1,1,0,1,0,11,0,0,0,0,0,0,0,0,0,0,0,0,0,0,0,2,0,1,0,1,2,1,0,0,0,0,1,0,1,3,0,0,22
orjson_3_10_6,d9d78457a661451a0d7ac48710f0601a957f7d14,0,483241.8,121.0,19,5,0,0,2,3,4,11,8,3,2,1,1,0,1,0,11,0,0,0,0,0,0,0,0,0,0,0,0,0,0,0,2,0,1,0,1,2,1,0,0,0,0,1,0,1,3,0,0,22
orjson_3_10_1,1db002d9444b95751936338a8edbaf5141102c65,0,473847.0,121.0,18,4,0,0,2,3,4,11,8,3,2,1,1,1,0,0,11,0,0,0,0,0,0,0,0,0,0,0,0,0,0,0,2,0,1,0,1,2,1,0,0,0,0,1,0,1,3,0,0,22
orjson_3_10_2,1db002d9444b95751936338a8edbaf5141102c65,0,462028.0,121.0,18,4,0,0,2,3,4,11,8,3,2,1,1,1,0,0,11,0,0,0,0,0,0,0,0,0,0,0,0,0,0,0,2,0,1,0,1,2,1,0,0,0,0,1,0,1,3,0,0,22
orjson_3_10_3,1db002d9444b95751936338a8edbaf5141102c65,0,472416.3333333333,121.0,18,4,0,0,2,3,4,11,8,3,2,1,1,1,0,0,11,0,0,0,0,0,0,0,0,0,0,0,0,0,0,0,2,0,1,0,1,2,1,0,0,0,0,1,0,1,3,0,0,22
orjson_3_10_4,1db002d9444b95751936338a8edbaf5141102c65,0,537383.1,121.0,18,4,0,0,2,3,4,11,8,3,2,1,1,1,0,0,11,0,0,0,0,0,0,0,0,0,0,0,0,0,0,0,2,0,1,0,1,2,1,0,0,0,0,1,0,1,3,0,0,22
orjson_3_10_5,1db002d9444b95751936338a8edbaf5141102c65,0,476541.75,121.0,18,4,0,0,2,3,4,11,8,3,2,1,1,1,0,0,11,0,0,0,0,0,0,0,0,0,0,0,0,0,0,0,2,0,1,0,1,2,1,0,0,0,0,1,0,1,3,0,0,22
orjson_3_10_6,1db002d9444b95751936338a8edbaf5141102c65,0,468694.6666666667,121.0,18,4,0,0,2,3,4,11,8,3,2,1,1,1,0,0,11,0,0,0,0,0,0,0,0,0,0,0,0,0,0,0,2,0,1,0,1,2,1,0,0,0,0,1,0,1,3,0,0,22
orjson_3_10_1,046fa2a67df4841da6ceaaf721c89212c36c6e40,0,478902.6666666667,121.0,19,5,0,0,2,3,4,11,8,3,2,1,1,0,1,0,11,0,0,0,0,0,0,0,0,0,0,0,0,0,0,0,2,0,1,0,1,2,1,0,0,0,0,1,0,1,3,0,0,22
orjson_3_10_2,046fa2a67df4841da6ceaaf721c89212c36c6e40,0,477222.0,121.0,19,5,0,0,2,3,4,11,8,3,2,1,1,0,1,0,11,0,0,0,0,0,0,0,0,0,0,0,0,0,0,0,2,0,1,0,1,2,1,0,0,0,0,1,0,1,3,0,0,22
orjson_3_10_3,046fa2a67df4841da6ceaaf721c89212c36c6e40,0,485624.6666666667,121.0,19,5,0,0,2,3,4,11,8,3,2,1,1,0,1,0,11,0,0,0,0,0,0,0,0,0,0,0,0,0,0,0,2,0,1,0,1,2,1,0,0,0,0,1,0,1,3,0,0,22
orjson_3_10_4,046fa2a67df4841da6ceaaf721c89212c36c6e40,0,479403.3333333333,121.0,19,5,0,0,2,3,4,11,8,3,2,1,1,0,1,0,11,0,0,0,0,0,0,0,0,0,0,0,0,0,0,0,2,0,1,0,1,2,1,0,0,0,0,1,0,1,3,0,0,22
orjson_3_10_5,046fa2a67df4841da6ceaaf721c89212c36c6e40,0,487562.75,121.0,19,5,0,0,2,3,4,11,8,3,2,1,1,0,1,0,11,0,0,0,0,0,0,0,0,0,0,0,0,0,0,0,2,0,1,0,1,2,1,0,0,0,0,1,0,1,3,0,0,22
orjson_3_10_6,046fa2a67df4841da6ceaaf721c89212c36c6e40,0,470406.5,121.0,19,5,0,0,2,3,4,11,8,3,2,1,1,0,1,0,11,0,0,0,0,0,0,0,0,0,0,0,0,0,0,0,2,0,1,0,1,2,1,0,0,0,0,1,0,1,3,0,0,22
orjson_3_10_1,6245f8381280c03074f53dc05e31ede32d52bcab,0,9382292.0,4560.0,193,88,0,0,24,25,29,396,205,191,84,9,107,29,39,39,403,5,3,2,2,2,4,1,1,0,0,2,3,0,0,0,7,3,1,0,1,24,1,3,2,2,3,4,0,2,25,3,3,799
orjson_3_10_2,6245f8381280c03074f53dc05e31ede32d52bcab,0,9401389.0,4560.0,193,88,0,0,24,25,29,396,205,191,84,9,107,29,39,39,403,5,3,2,2,2,4,1,1,0,0,2,3,0,0,0,7,3,1,0,1,24,1,3,2,2,3,4,0,2,25,3,3,799
orjson_3_10_3,6245f8381280c03074f53dc05e31ede32d52bcab,0,9427139.0,4560.0,193,88,0,0,24,25,29,396,205,191,84,9,107,29,39,39,403,5,3,2,2,2,4,1,1,0,0,2,3,0,0,0,7,3,1,0,1,24,1,3,2,2,3,4,0,2,25,3,3,799
orjson_3_10_4,6245f8381280c03074f53dc05e31ede32d52bcab,0,9154805.666666666,4560.0,193,88,0,0,24,25,29,396,205,191,84,9,107,29,39,39,403,5,3,2,2,2,4,1,1,0,0,2,3,0,0,0,7,3,1,0,1,24,1,3,2,2,3,4,0,2,25,3,3,799
orjson_3_10_5,6245f8381280c03074f53dc05e31ede32d52bcab,0,9178819.333333334,4560.0,193,88,0,0,24,25,29,396,205,191,84,9,107,29,39,39,403,5,3,2,2,2,4,1,1,0,0,2,3,0,0,0,7,3,1,0,1,24,1,3,2,2,3,4,0,2,25,3,3,799
orjson_3_10_6,6245f8381280c03074f53dc05e31ede32d52bcab,0,9230125.333333334,4560.0,193,88,0,0,24,25,29,396,205,191,84,9,107,29,39,39,403,5,3,2,2,2,4,1,1,0,0,2,3,0,0,0,7,3,1,0,1,24,1,3,2,2,3,4,0,2,25,3,3,799
orjson_3_10_1,eba397d2dc338a810cefceeb15a3399038e7a03b,0,12042375.333333334,5481.0,392,79,0,0,72,75,84,260,146,114,51,3,63,21,17,25,280,15,1,0,1,3,3,1,2,8,1,0,4,3,1,0,18,16,3,0,3,72,3,1,0,0,1,2,0,4,75,11,4,540
orjson_3_10_2,eba397d2dc338a810cefceeb15a3399038e7a03b,0,10853097.333333334,5160.0,392,79,0,0,72,75,84,260,146,114,51,3,63,21,17,25,280,15,1,0,1,3,3,1,2,8,1,0,4,3,1,0,18,16,3,0,3,72,3,1,0,0,1,2,0,4,75,11,4,540
orjson_3_10_3,eba397d2dc338a810cefceeb15a3399038e7a03b,0,10970125.0,5282.0,392,79,0,0,72,75,84,260,146,114,51,3,63,21,17,25,280,15,1,0,1,3,3,1,2,8,1,0,4,3,1,0,18,16,3,0,3,72,3,1,0,0,1,2,0,4,75,11,4,540
orjson_3_10_4,eba397d2dc338a810cefceeb15a3399038e7a03b,0,10555722.333333334,5072.0,392,79,0,0,72,75,84,260,146,114,51,3,63,21,17,25,280,15,1,0,1,3,3,1,2,8,1,0,4,3,1,0,18,16,3,0,3,72,3,1,0,0,1,2,0,4,75,11,4,540
orjson_3_10_5,eba397d2dc338a810cefceeb15a3399038e7a03b,0,10864583.666666666,5158.0,392,79,0,0,72,75,84,260,146,114,51,3,63,21,17,25,280,15,1,0,1,3,3,1,2,8,1,0,4,3,1,0,18,16,3,0,3,72,3,1,0,0,1,2,0,4,75,11,4,540
orjson_3_10_6,eba397d2dc338a810cefceeb15a3399038e7a03b,0,10992930.666666666,5282.0,392,79,0,0,72,75,84,260,146,114,51,3,63,21,17,25,280,15,1,0,1,3,3,1,2,8,1,0,4,3,1,0,18,16,3,0,3,72,3,1,0,0,1,2,0,4,75,11,4,540
orjson_3_10_1,4430ba7939afc345b9559db50f40db8d9e3ac9fc,0,9940430.333333334,4822.0,163,58,0,0,24,25,30,432,210,222,115,8,107,37,36,34,380,6,1,1,1,2,1,0,1,0,0,1,2,1,0,0,1,8,1,0,1,24,1,5,0,0,5,3,0,2,25,3,2,812
orjson_3_10_2,4430ba7939afc345b9559db50f40db8d9e3ac9fc,0,9892197.75,4907.0,163,58,0,0,24,25,30,432,210,222,115,8,107,37,36,34,380,6,1,1,1,2,1,0,1,0,0,1,2,1,0,0,1,8,1,0,1,24,1,5,0,0,5,3,0,2,25,3,2,812
orjson_3_10_3,4430ba7939afc345b9559db50f40db8d9e3ac9fc,0,9852833.333333334,4822.0,163,58,0,0,24,25,30,432,210,222,115,8,107,37,36,34,380,6,1,1,1,2,1,0,1,0,0,1,2,1,0,0,1,8,1,0,1,24,1,5,0,0,5,3,0,2,25,3,2,812
orjson_3_10_4,4430ba7939afc345b9559db50f40db8d9e3ac9fc,0,9774027.666666666,4822.0,163,58,0,0,24,25,30,432,210,222,115,8,107,37,36,34,380,6,1,1,1,2,1,0,1,0,0,1,2,1,0,0,1,8,1,0,1,24,1,5,0,0,5,3,0,2,25,3,2,812
orjson_3_10_5,4430ba7939afc345b9559db50f40db8d9e3ac9fc,0,9842166.666666666,4907.0,163,58,0,0,24,25,30,432,210,222,115,8,107,37,36,34,380,6,1,1,1,2,1,0,1,0,0,1,2,1,0,0,1,8,1,0,1,24,1,5,0,0,5,3,0,2,25,3,2,812
orjson_3_10_6,4430ba7939afc345b9559db50f40db8d9e3ac9fc,0,9781472.333333334,4822.0,163,58,0,0,24,25,30,432,210,222,115,8,107,37,36,34,380,6,1,1,1,2,1,0,1,0,0,1,2,1,0,0,1,8,1,0,1,24,1,5,0,0,5,3,0,2,25,3,2,812
orjson_3_10_1,352fc9dbf4fac0c2514e5cfccd1200ee91ed6bfa,0,9176319.333333334,4510.0,197,89,0,0,24,25,30,389,192,197,100,15,97,34,34,29,403,6,1,0,1,3,3,1,2,0,0,0,2,1,0,0,3,3,1,0,1,24,1,5,5,5,5,5,0,2,25,6,2,792
orjson_3_10_2,352fc9dbf4fac0c2514e5cfccd1200ee91ed6bfa,0,8923597.333333334,4510.0,197,89,0,0,24,25,30,389,192,197,100,15,97,34,34,29,403,6,1,0,1,3,3,1,2,0,0,0,2,1,0,0,3,3,1,0,1,24,1,5,5,5,5,5,0,2,25,6,2,792
orjson_3_10_3,352fc9dbf4fac0c2514e5cfccd1200ee91ed6bfa,0,8994888.666666666,4629.0,197,89,0,0,24,25,30,389,192,197,100,15,97,34,34,29,403,6,1,0,1,3,3,1,2,0,0,0,2,1,0,0,3,3,1,0,1,24,1,5,5,5,5,5,0,2,25,6,2,792
orjson_3_10_4,352fc9dbf4fac0c2514e5cfccd1200ee91ed6bfa,0,8712083.333333334,4510.0,197,89,0,0,24,25,30,389,192,197,100,15,97,34,34,29,403,6,1,0,1,3,3,1,2,0,0,0,2,1,0,0,3,3,1,0,1,24,1,5,5,5,5,5,0,2,25,6,2,792
orjson_3_10_5,352fc9dbf4fac0c2514e5cfccd1200ee91ed6bfa,0,8720472.0,4510.0,197,89,0,0,24,25,30,389,192,197,100,15,97,34,34,29,403,6,1,0,1,3,3,1,2,0,0,0,2,1,0,0,3,3,1,0,1,24,1,5,5,5,5,5,0,2,25,6,2,792
orjson_3_10_6,352fc9dbf4fac0c2514e5cfccd1200ee91ed6bfa,0,8803222.333333334,4510.0,197,89,0,0,24,25,30,389,192,197,100,15,97,34,34,29,403,6,1,0,1,3,3,1,2,0,0,0,2,1,0,0,3,3,1,0,1,24,1,5,5,5,5,5,0,2,25,6,2,792
orjson_3_10_1,3512c8d322c98ac146eb501fa096c27daf1d698e,0,11851417.0,5481.0,391,78,0,0,72,75,84,260,146,114,51,3,63,21,17,25,280,15,1,0,1,3,3,1,2,8,1,0,4,3,1,0,18,16,3,0,3,72,3,1,0,0,1,2,0,4,75,11,4,540
orjson_3_10_2,3512c8d322c98ac146eb501fa096c27daf1d698e,0,10789722.333333334,5160.0,391,78,0,0,72,75,84,260,146,114,51,3,63,21,17,25,280,15,1,0,1,3,3,1,2,8,1,0,4,3,1,0,18,16,3,0,3,72,3,1,0,0,1,2,0,4,75,11,4,540
orjson_3_10_3,3512c8d322c98ac146eb501fa096c27daf1d698e,0,10915028.0,5282.0,391,78,0,0,72,75,84,260,146,114,51,3,63,21,17,25,280,15,1,0,1,3,3,1,2,8,1,0,4,3,1,0,18,16,3,0,3,72,3,1,0,0,1,2,0,4,75,11,4,540
orjson_3_10_4,3512c8d322c98ac146eb501fa096c27daf1d698e,0,10603458.666666666,5072.0,391,78,0,0,72,75,84,260,146,114,51,3,63,21,17,25,280,15,1,0,1,3,3,1,2,8,1,0,4,3,1,0,18,16,3,0,3,72,3,1,0,0,1,2,0,4,75,11,4,540
orjson_3_10_5,3512c8d322c98ac146eb501fa096c27daf1d698e,0,10764166.666666666,5158.0,391,78,0,0,72,75,84,260,146,114,51,3,63,21,17,25,280,15,1,0,1,3,3,1,2,8,1,0,4,3,1,0,18,16,3,0,3,72,3,1,0,0,1,2,0,4,75,11,4,540
orjson_3_10_6,3512c8d322c98ac146eb501fa096c27daf1d698e,0,11085069.666666666,5282.0,391,78,0,0,72,75,84,260,146,114,51,3,63,21,17,25,280,15,1,0,1,3,3,1,2,8,1,0,4,3,1,0,18,16,3,0,3,72,3,1,0,0,1,2,0,4,75,11,4,540
orjson_3_10_1,52f967b4715606af40202b1378c42c3485b223a4,0,11799066.4,5481.0,391,78,0,0,72,75,84,260,146,114,51,3,63,21,17,25,280,15,1,0,1,3,3,1,2,8,1,0,4,3,1,0,18,16,3,0,3,72,3,1,0,0,1,2,0,4,75,11,4,540
orjson_3_10_2,52f967b4715606af40202b1378c42c3485b223a4,0,10687180.666666666,5160.0,391,78,0,0,72,75,84,260,146,114,51,3,63,21,17,25,280,15,1,0,1,3,3,1,2,8,1,0,4,3,1,0,18,16,3,0,3,72,3,1,0,0,1,2,0,4,75,11,4,540
orjson_3_10_3,52f967b4715606af40202b1378c42c3485b223a4,0,10883486.0,5282.0,391,78,0,0,72,75,84,260,146,114,51,3,63,21,17,25,280,15,1,0,1,3,3,1,2,8,1,0,4,3,1,0,18,16,3,0,3,72,3,1,0,0,1,2,0,4,75,11,4,540
orjson_3_10_4,52f967b4715606af40202b1378c42c3485b223a4,0,10615083.333333334,5072.0,391,78,0,0,72,75,84,260,146,114,51,3,63,21,17,25,280,15,1,0,1,3,3,1,2,8,1,0,4,3,1,0,18,16,3,0,3,72,3,1,0,0,1,2,0,4,75,11,4,540
orjson_3_10_5,52f967b4715606af40202b1378c42c3485b223a4,0,10712180.666666666,5158.0,391,78,0,0,72,75,84,260,146,114,51,3,63,21,17,25,280,15,1,0,1,3,3,1,2,8,1,0,4,3,1,0,18,16,3,0,3,72,3,1,0,0,1,2,0,4,75,11,4,540
orjson_3_10_6,52f967b4715606af40202b1378c42c3485b223a4,0,11020083.333333334,5282.0,391,78,0,0,72,75,84,260,146,114,51,3,63,21,17,25,280,15,1,0,1,3,3,1,2,8,1,0,4,3,1,0,18,16,3,0,3,72,3,1,0,0,1,2,0,4,75,11,4,540
orjson_3_10_1,ffedc0d6aaf3180fa1332eb1c2cacfae0a3cd12a,0,11972958.333333334,5481.0,391,78,0,0,72,75,84,259,145,114,51,3,63,21,17,25,281,15,1,0,1,3,3,1,2,8,1,0,4,3,1,0,18,16,3,0,3,72,3,1,0,0,1,2,0,4,75,11,4,540
orjson_3_10_2,ffedc0d6aaf3180fa1332eb1c2cacfae0a3cd12a,0,10811763.666666666,5160.0,391,78,0,0,72,75,84,259,145,114,51,3,63,21,17,25,281,15,1,0,1,3,3,1,2,8,1,0,4,3,1,0,18,16,3,0,3,72,3,1,0,0,1,2,0,4,75,11,4,540
orjson_3_10_3,ffedc0d6aaf3180fa1332eb1c2cacfae0a3cd12a,0,10869347.333333334,5282.0,391,78,0,0,72,75,84,259,145,114,51,3,63,21,17,25,281,15,1,0,1,3,3,1,2,8,1,0,4,3,1,0,18,16,3,0,3,72,3,1,0,0,1,2,0,4,75,11,4,540
orjson_3_10_4,ffedc0d6aaf3180fa1332eb1c2cacfae0a3cd12a,0,10625791.666666666,5072.0,391,78,0,0,72,75,84,259,145,114,51,3,63,21,17,25,281,15,1,0,1,3,3,1,2,8,1,0,4,3,1,0,18,16,3,0,3,72,3,1,0,0,1,2,0,4,75,11,4,540
orjson_3_10_5,ffedc0d6aaf3180fa1332eb1c2cacfae0a3cd12a,0,10754763.666666666,5158.0,391,78,0,0,72,75,84,259,145,114,51,3,63,21,17,25,281,15,1,0,1,3,3,1,2,8,1,0,4,3,1,0,18,16,3,0,3,72,3,1,0,0,1,2,0,4,75,11,4,540
orjson_3_10_6,ffedc0d6aaf3180fa1332eb1c2cacfae0a3cd12a,0,10941222.666666666,5282.0,391,78,0,0,72,75,84,259,145,114,51,3,63,21,17,25,281,15,1,0,1,3,3,1,2,8,1,0,4,3,1,0,18,16,3,0,3,72,3,1,0,0,1,2,0,4,75,11,4,540
orjson_3_10_1,d55a4340dd892db8e243dc02c93eb09d604970af,0,8944347.333333334,4510.0,197,89,0,0,24,25,30,389,192,197,100,15,97,34,34,29,403,6,1,0,1,2,5,1,2,0,0,0,2,1,0,0,3,3,1,0,1,24,1,5,5,5,5,5,0,2,25,6,2,792
orjson_3_10_2,d55a4340dd892db8e243dc02c93eb09d604970af,0,8893861.333333334,4510.0,197,89,0,0,24,25,30,389,192,197,100,15,97,34,34,29,403,6,1,0,1,2,5,1,2,0,0,0,2,1,0,0,3,3,1,0,1,24,1,5,5,5,5,5,0,2,25,6,2,792
orjson_3_10_3,d55a4340dd892db8e243dc02c93eb09d604970af,0,9071083.666666666,4629.0,197,89,0,0,24,25,30,389,192,197,100,15,97,34,34,29,403,6,1,0,1,2,5,1,2,0,0,0,2,1,0,0,3,3,1,0,1,24,1,5,5,5,5,5,0,2,25,6,2,792
orjson_3_10_4,d55a4340dd892db8e243dc02c93eb09d604970af,0,8703805.666666666,4510.0,197,89,0,0,24,25,30,389,192,197,100,15,97,34,34,29,403,6,1,0,1,2,5,1,2,0,0,0,2,1,0,0,3,3,1,0,1,24,1,5,5,5,5,5,0,2,25,6,2,792
orjson_3_10_5,d55a4340dd892db8e243dc02c93eb09d604970af,0,8735361.0,4510.0,197,89,0,0,24,25,30,389,192,197,100,15,97,34,34,29,403,6,1,0,1,2,5,1,2,0,0,0,2,1,0,0,3,3,1,0,1,24,1,5,5,5,5,5,0,2,25,6,2,792
orjson_3_10_6,d55a4340dd892db8e243dc02c93eb09d604970af,0,8866194.666666666,4510.0,197,89,0,0,24,25,30,389,192,197,100,15,97,34,34,29,403,6,1,0,1,2,5,1,2,0,0,0,2,1,0,0,3,3,1,0,1,24,1,5,5,5,5,5,0,2,25,6,2,792
orjson_3_10_1,8faca4eeb3f33aadba8c3043733ca035ee83dec3,0,12117527.666666666,5481.0,391,78,0,0,72,75,84,260,146,114,51,3,63,21,17,25,280,15,1,0,1,3,3,1,2,8,1,0,4,3,1,0,18,16,3,0,3,72,3,1,0,0,1,2,0,4,75,11,4,540
orjson_3_10_2,8faca4eeb3f33aadba8c3043733ca035ee83dec3,0,10595694.333333334,5160.0,391,78,0,0,72,75,84,260,146,114,51,3,63,21,17,25,280,15,1,0,1,3,3,1,2,8,1,0,4,3,1,0,18,16,3,0,3,72,3,1,0,0,1,2,0,4,75,11,4,540
orjson_3_10_3,8faca4eeb3f33aadba8c3043733ca035ee83dec3,0,10870750.333333334,5282.0,391,78,0,0,72,75,84,260,146,114,51,3,63,21,17,25,280,15,1,0,1,3,3,1,2,8,1,0,4,3,1,0,18,16,3,0,3,72,3,1,0,0,1,2,0,4,75,11,4,540
orjson_3_10_4,8faca4eeb3f33aadba8c3043733ca035ee83dec3,0,10578097.333333334,5072.0,391,78,0,0,72,75,84,260,146,114,51,3,63,21,17,25,280,15,1,0,1,3,3,1,2,8,1,0,4,3,1,0,18,16,3,0,3,72,3,1,0,0,1,2,0,4,75,11,4,540
orjson_3_10_5,8faca4eeb3f33aadba8c3043733ca035ee83dec3,0,10704430.666666666,5158.0,391,78,0,0,72,75,84,260,146,114,51,3,63,21,17,25,280,15,1,0,1,3,3,1,2,8,1,0,4,3,1,0,18,16,3,0,3,72,3,1,0,0,1,2,0,4,75,11,4,540
orjson_3_10_6,8faca4eeb3f33aadba8c3043733ca035ee83dec3,0,10958083.666666666,5282.0,391,78,0,0,72,75,84,260,146,114,51,3,63,21,17,25,280,15,1,0,1,3,3,1,2,8,1,0,4,3,1,0,18,16,3,0,3,72,3,1,0,0,1,2,0,4,75,11,4,540
orjson_3_10_1,a83b3d866dac237222b6487d559f974bca07e2a7,0,9434611.0,4560.0,192,87,0,0,24,25,30,398,206,192,85,9,107,29,39,39,404,5,3,2,2,2,4,1,1,0,0,2,3,0,0,0,6,3,1,0,1,24,1,3,2,2,3,4,0,2,25,3,3,802
orjson_3_10_2,a83b3d866dac237222b6487d559f974bca07e2a7,0,9373430.333333334,4560.0,192,87,0,0,24,25,30,398,206,192,85,9,107,29,39,39,404,5,3,2,2,2,4,1,1,0,0,2,3,0,0,0,6,3,1,0,1,24,1,3,2,2,3,4,0,2,25,3,3,802
orjson_3_10_3,a83b3d866dac237222b6487d559f974bca07e2a7,0,9403778.0,4560.0,192,87,0,0,24,25,30,398,206,192,85,9,107,29,39,39,404,5,3,2,2,2,4,1,1,0,0,2,3,0,0,0,6,3,1,0,1,24,1,3,2,2,3,4,0,2,25,3,3,802
orjson_3_10_4,a83b3d866dac237222b6487d559f974bca07e2a7,0,9166486.0,4560.0,192,87,0,0,24,25,30,398,206,192,85,9,107,29,39,39,404,5,3,2,2,2,4,1,1,0,0,2,3,0,0,0,6,3,1,0,1,24,1,3,2,2,3,4,0,2,25,3,3,802
orjson_3_10_5,a83b3d866dac237222b6487d559f974bca07e2a7,0,9193555.666666666,4560.0,192,87,0,0,24,25,30,398,206,192,85,9,107,29,39,39,404,5,3,2,2,2,4,1,1,0,0,2,3,0,0,0,6,3,1,0,1,24,1,3,2,2,3,4,0,2,25,3,3,802
orjson_3_10_6,a83b3d866dac237222b6487d559f974bca07e2a7,0,9437138.833333334,4560.0,192,87,0,0,24,25,30,398,206,192,85,9,107,29,39,39,404,5,3,2,2,2,4,1,1,0,0,2,3,0,0,0,6,3,1,0,1,24,1,3,2,2,3,4,0,2,25,3,3,802
orjson_3_10_1,f28b30ee4c2c1c50b78ccf1e3eed58e8f2a03096,0,11757319.333333334,5481.0,392,79,0,0,72,75,83,258,145,113,50,3,63,21,17,25,279,15,1,0,1,3,3,1,2,8,1,0,4,3,1,0,19,16,3,0,3,72,3,1,0,0,1,2,0,4,75,11,4,537
orjson_3_10_2,f28b30ee4c2c1c50b78ccf1e3eed58e8f2a03096,0,10764347.333333334,5160.0,392,79,0,0,72,75,83,258,145,113,50,3,63,21,17,25,279,15,1,0,1,3,3,1,2,8,1,0,4,3,1,0,19,16,3,0,3,72,3,1,0,0,1,2,0,4,75,11,4,537
orjson_3_10_3,f28b30ee4c2c1c50b78ccf1e3eed58e8f2a03096,0,10980541.333333334,5282.0,392,79,0,0,72,75,83,258,145,113,50,3,63,21,17,25,279,15,1,0,1,3,3,1,2,8,1,0,4,3,1,0,19,16,3,0,3,72,3,1,0,0,1,2,0,4,75,11,4,537
orjson_3_10_4,f28b30ee4c2c1c50b78ccf1e3eed58e8f2a03096,0,10594083.666666666,5072.0,392,79,0,0,72,75,83,258,145,113,50,3,63,21,17,25,279,15,1,0,1,3,3,1,2,8,1,0,4,3,1,0,19,16,3,0,3,72,3,1,0,0,1,2,0,4,75,11,4,537
orjson_3_10_5,f28b30ee4c2c1c50b78ccf1e3eed58e8f2a03096,0,10819235.666666666,5158.0,392,79,0,0,72,75,83,258,145,113,50,3,63,21,17,25,279,15,1,0,1,3,3,1,2,8,1,0,4,3,1,0,19,16,3,0,3,72,3,1,0,0,1,2,0,4,75,11,4,537
orjson_3_10_6,f28b30ee4c2c1c50b78ccf1e3eed58e8f2a03096,0,10942458.333333334,5282.0,392,79,0,0,72,75,83,258,145,113,50,3,63,21,17,25,279,15,1,0,1,3,3,1,2,8,1,0,4,3,1,0,19,16,3,0,3,72,3,1,0,0,1,2,0,4,75,11,4,537
orjson_3_10_1,006ce2c57bcd62c91b8c32eece68c6424e908132,0,9375694.333333334,4560.0,193,88,0,0,24,25,29,396,205,191,84,9,107,29,39,39,403,5,3,2,2,2,4,1,1,0,0,2,3,0,0,0,7,3,1,0,1,24,1,3,2,2,3,4,0,2,25,3,3,799
orjson_3_10_2,006ce2c57bcd62c91b8c32eece68c6424e908132,0,9377736.0,4560.0,193,88,0,0,24,25,29,396,205,191,84,9,107,29,39,39,403,5,3,2,2,2,4,1,1,0,0,2,3,0,0,0,7,3,1,0,1,24,1,3,2,2,3,4,0,2,25,3,3,799
orjson_3_10_3,006ce2c57bcd62c91b8c32eece68c6424e908132,0,9390958.333333334,4560.0,193,88,0,0,24,25,29,396,205,191,84,9,107,29,39,39,403,5,3,2,2,2,4,1,1,0,0,2,3,0,0,0,7,3,1,0,1,24,1,3,2,2,3,4,0,2,25,3,3,799
orjson_3_10_4,006ce2c57bcd62c91b8c32eece68c6424e908132,0,9142875.0,4560.0,193,88,0,0,24,25,29,396,205,191,84,9,107,29,39,39,403,5,3,2,2,2,4,1,1,0,0,2,3,0,0,0,7,3,1,0,1,24,1,3,2,2,3,4,0,2,25,3,3,799
orjson_3_10_5,006ce2c57bcd62c91b8c32eece68c6424e908132,0,9175458.333333334,4560.0,193,88,0,0,24,25,29,396,205,191,84,9,107,29,39,39,403,5,3,2,2,2,4,1,1,0,0,2,3,0,0,0,7,3,1,0,1,24,1,3,2,2,3,4,0,2,25,3,3,799
orjson_3_10_6,006ce2c57bcd62c91b8c32eece68c6424e908132,0,9265347.333333334,4560.0,193,88,0,0,24,25,29,396,205,191,84,9,107,29,39,39,403,5,3,2,2,2,4,1,1,0,0,2,3,0,0,0,7,3,1,0,1,24,1,3,2,2,3,4,0,2,25,3,3,799
orjson_3_10_1,905037d7a12dcced810a388a1258546c78178537,0,11940698.0,5481.0,391,78,0,0,72,75,84,260,146,114,51,3,63,21,17,25,280,15,1,0,1,3,3,1,2,8,1,0,4,3,1,0,18,16,3,0,3,72,3,1,0,0,1,2,0,4,75,11,4,540
orjson_3_10_2,905037d7a12dcced810a388a1258546c78178537,0,10625972.666666666,5160.0,391,78,0,0,72,75,84,260,146,114,51,3,63,21,17,25,280,15,1,0,1,3,3,1,2,8,1,0,4,3,1,0,18,16,3,0,3,72,3,1,0,0,1,2,0,4,75,11,4,540
orjson_3_10_3,905037d7a12dcced810a388a1258546c78178537,0,10852138.666666666,5282.0,391,78,0,0,72,75,84,260,146,114,51,3,63,21,17,25,280,15,1,0,1,3,3,1,2,8,1,0,4,3,1,0,18,16,3,0,3,72,3,1,0,0,1,2,0,4,75,11,4,540
orjson_3_10_4,905037d7a12dcced810a388a1258546c78178537,0,10570582.666666666,5072.0,391,78,0,0,72,75,84,260,146,114,51,3,63,21,17,25,280,15,1,0,1,3,3,1,2,8,1,0,4,3,1,0,18,16,3,0,3,72,3,1,0,0,1,2,0,4,75,11,4,540
orjson_3_10_5,905037d7a12dcced810a388a1258546c78178537,0,10778527.666666666,5158.0,391,78,0,0,72,75,84,260,146,114,51,3,63,21,17,25,280,15,1,0,1,3,3,1,2,8,1,0,4,3,1,0,18,16,3,0,3,72,3,1,0,0,1,2,0,4,75,11,4,540
orjson_3_10_6,905037d7a12dcced810a388a1258546c78178537,0,11066222.333333334,5282.0,391,78,0,0,72,75,84,260,146,114,51,3,63,21,17,25,280,15,1,0,1,3,3,1,2,8,1,0,4,3,1,0,18,16,3,0,3,72,3,1,0,0,1,2,0,4,75,11,4,540
orjson_3_10_1,38a938224f36e218fc196a50bb57c92ac060e465,0,11917652.666666666,5481.0,391,78,0,0,72,75,84,260,146,114,51,3,63,21,17,25,280,15,1,0,1,2,3,1,2,8,1,0,4,3,1,0,18,16,3,0,3,72,3,1,0,0,1,2,0,4,75,11,4,540
orjson_3_10_2,38a938224f36e218fc196a50bb57c92ac060e465,0,10780597.666666666,5160.0,391,78,0,0,72,75,84,260,146,114,51,3,63,21,17,25,280,15,1,0,1,2,3,1,2,8,1,0,4,3,1,0,18,16,3,0,3,72,3,1,0,0,1,2,0,4,75,11,4,540
orjson_3_10_3,38a938224f36e218fc196a50bb57c92ac060e465,0,10865972.0,5282.0,391,78,0,0,72,75,84,260,146,114,51,3,63,21,17,25,280,15,1,0,1,2,3,1,2,8,1,0,4,3,1,0,18,16,3,0,3,72,3,1,0,0,1,2,0,4,75,11,4,540
orjson_3_10_4,38a938224f36e218fc196a50bb57c92ac060e465,0,10502597.0,5072.0,391,78,0,0,72,75,84,260,146,114,51,3,63,21,17,25,280,15,1,0,1,2,3,1,2,8,1,0,4,3,1,0,18,16,3,0,3,72,3,1,0,0,1,2,0,4,75,11,4,540
orjson_3_10_5,38a938224f36e218fc196a50bb57c92ac060e465,0,10630139.0,5158.0,391,78,0,0,72,75,84,260,146,114,51,3,63,21,17,25,280,15,1,0,1,2,3,1,2,8,1,0,4,3,1,0,18,16,3,0,3,72,3,1,0,0,1,2,0,4,75,11,4,540
orjson_3_10_6,38a938224f36e218fc196a50bb57c92ac060e465,0,10936250.0,5282.0,391,78,0,0,72,75,84,260,146,114,51,3,63,21,17,25,280,15,1,0,1,2,3,1,2,8,1,0,4,3,1,0,18,16,3,0,3,72,3,1,0,0,1,2,0,4,75,11,4,540
orjson_3_10_1,f29d86f169216b4a8e0e4d556e120cea8a1a1b0a,0,10061222.333333334,4010.0,184,77,4,23,29,39,19,437,199,238,122,17,116,40,27,49,411,4,3,1,3,7,6,2,2,2,1,1,6,3,2,0,6,4,6,4,6,6,6,6,5,5,6,6,0,11,12,7,6,848
orjson_3_10_2,f29d86f169216b4a8e0e4d556e120cea8a1a1b0a,0,9952805.333333334,4010.0,184,77,4,23,29,39,19,437,199,238,122,17,116,40,27,49,411,4,3,1,3,7,6,2,2,2,1,1,6,3,2,0,6,4,6,4,6,6,6,6,5,5,6,6,0,11,12,7,6,848
orjson_3_10_3,f29d86f169216b4a8e0e4d556e120cea8a1a1b0a,0,10000305.666666666,4010.0,184,77,4,23,29,39,19,437,199,238,122,17,116,40,27,49,411,4,3,1,3,7,6,2,2,2,1,1,6,3,2,0,6,4,6,4,6,6,6,6,5,5,6,6,0,11,12,7,6,848
orjson_3_10_4,f29d86f169216b4a8e0e4d556e120cea8a1a1b0a,0,9930750.333333334,4010.0,184,77,4,23,29,39,19,437,199,238,122,17,116,40,27,49,411,4,3,1,3,7,6,2,2,2,1,1,6,3,2,0,6,4,6,4,6,6,6,6,5,5,6,6,0,11,12,7,6,848
orjson_3_10_5,f29d86f169216b4a8e0e4d556e120cea8a1a1b0a,0,9951139.0,4010.0,184,77,4,23,29,39,19,437,199,238,122,17,116,40,27,49,411,4,3,1,3,7,6,2,2,2,1,1,6,3,2,0,6,4,6,4,6,6,6,6,5,5,6,6,0,11,12,7,6,848
orjson_3_10_6,f29d86f169216b4a8e0e4d556e120cea8a1a1b0a,0,10060902.666666666,4010.0,184,77,4,23,29,39,19,437,199,238,122,17,116,40,27,49,411,4,3,1,3,7,6,2,2,2,1,1,6,3,2,0,6,4,6,4,6,6,6,6,5,5,6,6,0,11,12,7,6,848
orjson_3_10_1,7a0a498ff89cafcdd047ed3b07ceda8d7b0abb29,0,9098041.6,4752.0,164,53,1,2,26,28,35,392,200,192,102,14,90,28,31,31,428,5,1,1,1,1,1,0,2,0,0,1,3,2,0,0,4,2,1,1,1,24,1,4,7,7,4,3,0,2,25,4,3,820
orjson_3_10_2,7a0a498ff89cafcdd047ed3b07ceda8d7b0abb29,0,8915722.333333334,4752.0,164,53,1,2,26,28,35,392,200,192,102,14,90,28,31,31,428,5,1,1,1,1,1,0,2,0,0,1,3,2,0,0,4,2,1,1,1,24,1,4,7,7,4,3,0,2,25,4,3,820
orjson_3_10_3,7a0a498ff89cafcdd047ed3b07ceda8d7b0abb29,0,8895902.666666666,4752.0,164,53,1,2,26,28,35,392,200,192,102,14,90,28,31,31,428,5,1,1,1,1,1,0,2,0,0,1,3,2,0,0,4,2,1,1,1,24,1,4,7,7,4,3,0,2,25,4,3,820
orjson_3_10_4,7a0a498ff89cafcdd047ed3b07ceda8d7b0abb29,0,8714638.666666666,4752.0,164,53,1,2,26,28,35,392,200,192,102,14,90,28,31,31,428,5,1,1,1,1,1,0,2,0,0,1,3,2,0,0,4,2,1,1,1,24,1,4,7,7,4,3,0,2,25,4,3,820
orjson_3_10_5,7a0a498ff89cafcdd047ed3b07ceda8d7b0abb29,0,8755444.333333334,4752.0,164,53,1,2,26,28,35,392,200,192,102,14,90,28,31,31,428,5,1,1,1,1,1,0,2,0,0,1,3,2,0,0,4,2,1,1,1,24,1,4,7,7,4,3,0,2,25,4,3,820
orjson_3_10_6,7a0a498ff89cafcdd047ed3b07ceda8d7b0abb29,0,8779097.333333334,4752.0,164,53,1,2,26,28,35,392,200,192,102,14,90,28,31,31,428,5,1,1,1,1,1,0,2,0,0,1,3,2,0,0,4,2,1,1,1,24,1,4,7,7,4,3,0,2,25,4,3,820
orjson_3_10_1,39ff80ecbc00d52cd0ba5c7d9f00bb5c3d8187d6,0,8877041.666666666,4752.0,164,53,1,2,26,28,35,392,200,192,102,14,90,28,31,31,428,5,1,1,1,1,1,0,2,0,0,1,3,2,0,0,4,2,1,1,1,24,1,4,7,7,4,3,0,2,25,4,3,820
orjson_3_10_2,39ff80ecbc00d52cd0ba5c7d9f00bb5c3d8187d6,0,8870638.666666666,4752.0,164,53,1,2,26,28,35,392,200,192,102,14,90,28,31,31,428,5,1,1,1,1,1,0,2,0,0,1,3,2,0,0,4,2,1,1,1,24,1,4,7,7,4,3,0,2,25,4,3,820
orjson_3_10_3,39ff80ecbc00d52cd0ba5c7d9f00bb5c3d8187d6,0,8917888.666666666,4752.0,164,53,1,2,26,28,35,392,200,192,102,14,90,28,31,31,428,5,1,1,1,1,1,0,2,0,0,1,3,2,0,0,4,2,1,1,1,24,1,4,7,7,4,3,0,2,25,4,3,820
orjson_3_10_4,39ff80ecbc00d52cd0ba5c7d9f00bb5c3d8187d6,0,8695291.666666666,4752.0,164,53,1,2,26,28,35,392,200,192,102,14,90,28,31,31,428,5,1,1,1,1,1,0,2,0,0,1,3,2,0,0,4,2,1,1,1,24,1,4,7,7,4,3,0,2,25,4,3,820
orjson_3_10_5,39ff80ecbc00d52cd0ba5c7d9f00bb5c3d8187d6,0,8767055.333333334,4752.0,164,53,1,2,26,28,35,392,200,192,102,14,90,28,31,31,428,5,1,1,1,1,1,0,2,0,0,1,3,2,0,0,4,2,1,1,1,24,1,4,7,7,4,3,0,2,25,4,3,820
orjson_3_10_6,39ff80ecbc00d52cd0ba5c7d9f00bb5c3d8187d6,0,8786902.666666666,4752.0,164,53,1,2,26,28,35,392,200,192,102,14,90,28,31,31,428,5,1,1,1,1,1,0,2,0,0,1,3,2,0,0,4,2,1,1,1,24,1,4,7,7,4,3,0,2,25,4,3,820
orjson_3_10_1,60ab42ebad117160ab5cf1d8630cd5a003457772,0,8839750.0,4752.0,164,53,1,2,26,28,35,392,200,192,102,14,90,28,31,31,428,5,1,1,1,1,1,0,2,0,0,1,3,2,0,0,4,2,1,1,1,24,1,4,7,7,4,3,0,2,25,4,3,820
orjson_3_10_2,60ab42ebad117160ab5cf1d8630cd5a003457772,0,8897361.0,4752.0,164,53,1,2,26,28,35,392,200,192,102,14,90,28,31,31,428,5,1,1,1,1,1,0,2,0,0,1,3,2,0,0,4,2,1,1,1,24,1,4,7,7,4,3,0,2,25,4,3,820
orjson_3_10_3,60ab42ebad117160ab5cf1d8630cd5a003457772,0,8938944.333333334,4752.0,164,53,1,2,26,28,35,392,200,192,102,14,90,28,31,31,428,5,1,1,1,1,1,0,2,0,0,1,3,2,0,0,4,2,1,1,1,24,1,4,7,7,4,3,0,2,25,4,3,820
orjson_3_10_4,60ab42ebad117160ab5cf1d8630cd5a003457772,0,8708083.0,4752.0,164,53,1,2,26,28,35,392,200,192,102,14,90,28,31,31,428,5,1,1,1,1,1,0,2,0,0,1,3,2,0,0,4,2,1,1,1,24,1,4,7,7,4,3,0,2,25,4,3,820
orjson_3_10_5,60ab42ebad117160ab5cf1d8630cd5a003457772,0,8771570.0,4752.0,164,53,1,2,26,28,35,392,200,192,102,14,90,28,31,31,428,5,1,1,1,1,1,0,2,0,0,1,3,2,0,0,4,2,1,1,1,24,1,4,7,7,4,3,0,2,25,4,3,820
orjson_3_10_6,60ab42ebad117160ab5cf1d8630cd5a003457772,0,8799208.333333334,4752.0,164,53,1,2,26,28,35,392,200,192,102,14,90,28,31,31,428,5,1,1,1,1,1,0,2,0,0,1,3,2,0,0,4,2,1,1,1,24,1,4,7,7,4,3,0,2,25,4,3,820
orjson_3_10_1,d13aaffb32dc082a103cc77d29f842e750337f9a,0,8841514.0,4752.0,164,53,1,2,26,28,35,390,200,190,100,14,90,28,31,31,424,5,1,1,1,1,1,0,1,0,0,1,2,1,0,0,4,3,1,1,1,24,1,4,7,7,4,3,0,2,25,4,2,814
orjson_3_10_2,d13aaffb32dc082a103cc77d29f842e750337f9a,0,8890389.0,4752.0,164,53,1,2,26,28,35,390,200,190,100,14,90,28,31,31,424,5,1,1,1,1,1,0,1,0,0,1,2,1,0,0,4,3,1,1,1,24,1,4,7,7,4,3,0,2,25,4,2,814
orjson_3_10_3,d13aaffb32dc082a103cc77d29f842e750337f9a,0,8870680.333333334,4752.0,164,53,1,2,26,28,35,390,200,190,100,14,90,28,31,31,424,5,1,1,1,1,1,0,1,0,0,1,2,1,0,0,4,3,1,1,1,24,1,4,7,7,4,3,0,2,25,4,2,814
orjson_3_10_4,d13aaffb32dc082a103cc77d29f842e750337f9a,0,8696000.333333334,4752.0,164,53,1,2,26,28,35,390,200,190,100,14,90,28,31,31,424,5,1,1,1,1,1,0,1,0,0,1,2,1,0,0,4,3,1,1,1,24,1,4,7,7,4,3,0,2,25,4,2,814
orjson_3_10_5,d13aaffb32dc082a103cc77d29f842e750337f9a,0,8734083.333333334,4752.0,164,53,1,2,26,28,35,390,200,190,100,14,90,28,31,31,424,5,1,1,1,1,1,0,1,0,0,1,2,1,0,0,4,3,1,1,1,24,1,4,7,7,4,3,0,2,25,4,2,814
orjson_3_10_6,d13aaffb32dc082a103cc77d29f842e750337f9a,0,8724000.0,4752.0,164,53,1,2,26,28,35,390,200,190,100,14,90,28,31,31,424,5,1,1,1,1,1,0,1,0,0,1,2,1,0,0,4,3,1,1,1,24,1,4,7,7,4,3,0,2,25,4,2,814
orjson_3_10_1,2f842642a5ffa0e401e22aadb5d8583aa28ace2c,0,8857166.666666666,4752.0,163,52,1,2,26,28,35,392,200,192,102,14,90,28,31,31,428,5,1,1,1,1,1,0,2,0,0,1,3,2,0,0,4,2,1,1,1,24,1,4,7,7,4,3,0,2,25,4,3,820
orjson_3_10_2,2f842642a5ffa0e401e22aadb5d8583aa28ace2c,0,8971652.333333334,4752.0,163,52,1,2,26,28,35,392,200,192,102,14,90,28,31,31,428,5,1,1,1,1,1,0,2,0,0,1,3,2,0,0,4,2,1,1,1,24,1,4,7,7,4,3,0,2,25,4,3,820
orjson_3_10_3,2f842642a5ffa0e401e22aadb5d8583aa28ace2c,0,8876347.333333334,4752.0,163,52,1,2,26,28,35,392,200,192,102,14,90,28,31,31,428,5,1,1,1,1,1,0,2,0,0,1,3,2,0,0,4,2,1,1,1,24,1,4,7,7,4,3,0,2,25,4,3,820
orjson_3_10_4,2f842642a5ffa0e401e22aadb5d8583aa28ace2c,0,8713333.333333334,4752.0,163,52,1,2,26,28,35,392,200,192,102,14,90,28,31,31,428,5,1,1,1,1,1,0,2,0,0,1,3,2,0,0,4,2,1,1,1,24,1,4,7,7,4,3,0,2,25,4,3,820
orjson_3_10_5,2f842642a5ffa0e401e22aadb5d8583aa28ace2c,0,8900347.333333334,4752.0,163,52,1,2,26,28,35,392,200,192,102,14,90,28,31,31,428,5,1,1,1,1,1,0,2,0,0,1,3,2,0,0,4,2,1,1,1,24,1,4,7,7,4,3,0,2,25,4,3,820
orjson_3_10_6,2f842642a5ffa0e401e22aadb5d8583aa28ace2c,0,8753639.0,4752.0,163,52,1,2,26,28,35,392,200,192,102,14,90,28,31,31,428,5,1,1,1,1,1,0,2,0,0,1,3,2,0,0,4,2,1,1,1,24,1,4,7,7,4,3,0,2,25,4,3,820
orjson_3_10_1,0a6834ca2f19c1c54ba4425b644ff0ad57b1b4dc,0,8852333.333333334,4752.0,164,53,1,2,26,28,35,390,200,190,100,14,90,28,31,31,424,5,1,1,1,1,1,0,1,0,0,1,2,1,0,0,4,3,1,1,1,24,1,4,7,7,4,3,0,2,25,4,2,814
orjson_3_10_2,0a6834ca2f19c1c54ba4425b644ff0ad57b1b4dc,0,8859778.0,4752.0,164,53,1,2,26,28,35,390,200,190,100,14,90,28,31,31,424,5,1,1,1,1,1,0,1,0,0,1,2,1,0,0,4,3,1,1,1,24,1,4,7,7,4,3,0,2,25,4,2,814
orjson_3_10_3,0a6834ca2f19c1c54ba4425b644ff0ad57b1b4dc,0,8887722.333333334,4752.0,164,53,1,2,26,28,35,390,200,190,100,14,90,28,31,31,424,5,1,1,1,1,1,0,1,0,0,1,2,1,0,0,4,3,1,1,1,24,1,4,7,7,4,3,0,2,25,4,2,814
orjson_3_10_4,0a6834ca2f19c1c54ba4425b644ff0ad57b1b4dc,0,8640930.333333334,4752.0,164,53,1,2,26,28,35,390,200,190,100,14,90,28,31,31,424,5,1,1,1,1,1,0,1,0,0,1,2,1,0,0,4,3,1,1,1,24,1,4,7,7,4,3,0,2,25,4,2,814
orjson_3_10_5,0a6834ca2f19c1c54ba4425b644ff0ad57b1b4dc,0,8712500.0,4752.0,164,53,1,2,26,28,35,390,200,190,100,14,90,28,31,31,424,5,1,1,1,1,1,0,1,0,0,1,2,1,0,0,4,3,1,1,1,24,1,4,7,7,4,3,0,2,25,4,2,814
orjson_3_10_6,0a6834ca2f19c1c54ba4425b644ff0ad57b1b4dc,0,8790833.666666666,4752.0,164,53,1,2,26,28,35,390,200,190,100,14,90,28,31,31,424,5,1,1,1,1,1,0,1,0,0,1,2,1,0,0,4,3,1,1,1,24,1,4,7,7,4,3,0,2,25,4,2,814
orjson_3_10_1,235377a55d4e343e2a29c6aa604f31c2c90e1e44,0,8936444.333333334,4752.0,164,53,1,2,26,28,35,392,200,192,102,14,90,28,31,31,428,5,1,1,1,1,1,0,2,0,0,1,3,2,0,0,4,2,1,1,1,24,1,4,7,7,4,3,0,2,25,4,3,820
orjson_3_10_2,235377a55d4e343e2a29c6aa604f31c2c90e1e44,0,8865125.0,4752.0,164,53,1,2,26,28,35,392,200,192,102,14,90,28,31,31,428,5,1,1,1,1,1,0,2,0,0,1,3,2,0,0,4,2,1,1,1,24,1,4,7,7,4,3,0,2,25,4,3,820
orjson_3_10_3,235377a55d4e343e2a29c6aa604f31c2c90e1e44,0,8899472.333333334,4752.0,164,53,1,2,26,28,35,392,200,192,102,14,90,28,31,31,428,5,1,1,1,1,1,0,2,0,0,1,3,2,0,0,4,2,1,1,1,24,1,4,7,7,4,3,0,2,25,4,3,820
orjson_3_10_4,235377a55d4e343e2a29c6aa604f31c2c90e1e44,0,8750861.0,4752.0,164,53,1,2,26,28,35,392,200,192,102,14,90,28,31,31,428,5,1,1,1,1,1,0,2,0,0,1,3,2,0,0,4,2,1,1,1,24,1,4,7,7,4,3,0,2,25,4,3,820
orjson_3_10_5,235377a55d4e343e2a29c6aa604f31c2c90e1e44,0,8762875.0,4752.0,164,53,1,2,26,28,35,392,200,192,102,14,90,28,31,31,428,5,1,1,1,1,1,0,2,0,0,1,3,2,0,0,4,2,1,1,1,24,1,4,7,7,4,3,0,2,25,4,3,820
orjson_3_10_6,235377a55d4e343e2a29c6aa604f31c2c90e1e44,0,8765667.0,4752.0,164,53,1,2,26,28,35,392,200,192,102,14,90,28,31,31,428,5,1,1,1,1,1,0,2,0,0,1,3,2,0,0,4,2,1,1,1,24,1,4,7,7,4,3,0,2,25,4,3,820
orjson_3_10_1,ff8d903a2eb2380192525b4e7adfaa75d82a6729,0,8856388.666666666,4752.0,163,52,1,2,26,28,35,392,200,192,102,14,90,28,31,31,428,5,1,1,1,1,1,0,2,0,0,1,3,2,0,0,4,2,1,1,1,24,1,4,7,7,4,3,0,2,25,4,3,820
orjson_3_10_2,ff8d903a2eb2380192525b4e7adfaa75d82a6729,0,8879944.333333334,4752.0,163,52,1,2,26,28,35,392,200,192,102,14,90,28,31,31,428,5,1,1,1,1,1,0,2,0,0,1,3,2,0,0,4,2,1,1,1,24,1,4,7,7,4,3,0,2,25,4,3,820
orjson_3_10_3,ff8d903a2eb2380192525b4e7adfaa75d82a6729,0,8938250.0,4752.0,163,52,1,2,26,28,35,392,200,192,102,14,90,28,31,31,428,5,1,1,1,1,1,0,2,0,0,1,3,2,0,0,4,2,1,1,1,24,1,4,7,7,4,3,0,2,25,4,3,820
orjson_3_10_4,ff8d903a2eb2380192525b4e7adfaa75d82a6729,0,8686305.333333334,4752.0,163,52,1,2,26,28,35,392,200,192,102,14,90,28,31,31,428,5,1,1,1,1,1,0,2,0,0,1,3,2,0,0,4,2,1,1,1,24,1,4,7,7,4,3,0,2,25,4,3,820
orjson_3_10_5,ff8d903a2eb2380192525b4e7adfaa75d82a6729,0,8716625.0,4752.0,163,52,1,2,26,28,35,392,200,192,102,14,90,28,31,31,428,5,1,1,1,1,1,0,2,0,0,1,3,2,0,0,4,2,1,1,1,24,1,4,7,7,4,3,0,2,25,4,3,820
orjson_3_10_6,ff8d903a2eb2380192525b4e7adfaa75d82a6729,0,8780458.333333334,4752.0,163,52,1,2,26,28,35,392,200,192,102,14,90,28,31,31,428,5,1,1,1,1,1,0,2,0,0,1,3,2,0,0,4,2,1,1,1,24,1,4,7,7,4,3,0,2,25,4,3,820
orjson_3_10_1,5c25af2d1f430d66279dd47e4692b7cb23d7c41c,0,8924472.333333334,4752.0,163,52,1,2,26,28,35,392,200,192,102,14,90,28,31,31,428,5,1,1,1,1,1,0,2,0,0,1,3,2,0,0,4,2,1,1,1,24,1,4,7,7,4,3,0,2,25,4,3,820
orjson_3_10_2,5c25af2d1f430d66279dd47e4692b7cb23d7c41c,0,8882333.333333334,4752.0,163,52,1,2,26,28,35,392,200,192,102,14,90,28,31,31,428,5,1,1,1,1,1,0,2,0,0,1,3,2,0,0,4,2,1,1,1,24,1,4,7,7,4,3,0,2,25,4,3,820
orjson_3_10_3,5c25af2d1f430d66279dd47e4692b7cb23d7c41c,0,8878292.0,4752.0,163,52,1,2,26,28,35,392,200,192,102,14,90,28,31,31,428,5,1,1,1,1,1,0,2,0,0,1,3,2,0,0,4,2,1,1,1,24,1,4,7,7,4,3,0,2,25,4,3,820
orjson_3_10_4,5c25af2d1f430d66279dd47e4692b7cb23d7c41c,0,8671611.0,4752.0,163,52,1,2,26,28,35,392,200,192,102,14,90,28,31,31,428,5,1,1,1,1,1,0,2,0,0,1,3,2,0,0,4,2,1,1,1,24,1,4,7,7,4,3,0,2,25,4,3,820
orjson_3_10_5,5c25af2d1f430d66279dd47e4692b7cb23d7c41c,0,8696472.0,4752.0,163,52,1,2,26,28,35,392,200,192,102,14,90,28,31,31,428,5,1,1,1,1,1,0,2,0,0,1,3,2,0,0,4,2,1,1,1,24,1,4,7,7,4,3,0,2,25,4,3,820
orjson_3_10_6,5c25af2d1f430d66279dd47e4692b7cb23d7c41c,0,8800847.333333334,4752.0,163,52,1,2,26,28,35,392,200,192,102,14,90,28,31,31,428,5,1,1,1,1,1,0,2,0,0,1,3,2,0,0,4,2,1,1,1,24,1,4,7,7,4,3,0,2,25,4,3,820
orjson_3_10_1,233f9ea5d609c8fe2ea3621d52fba751477aab73,0,8880125.333333334,4752.0,164,53,1,2,26,28,35,390,200,190,100,14,90,28,31,31,424,5,1,1,1,1,1,0,1,0,0,1,2,1,0,0,4,3,1,1,1,24,1,4,7,7,4,3,0,2,25,4,2,814
orjson_3_10_2,233f9ea5d609c8fe2ea3621d52fba751477aab73,0,8873666.333333334,4752.0,164,53,1,2,26,28,35,390,200,190,100,14,90,28,31,31,424,5,1,1,1,1,1,0,1,0,0,1,2,1,0,0,4,3,1,1,1,24,1,4,7,7,4,3,0,2,25,4,2,814
orjson_3_10_3,233f9ea5d609c8fe2ea3621d52fba751477aab73,0,8860694.333333334,4752.0,164,53,1,2,26,28,35,390,200,190,100,14,90,28,31,31,424,5,1,1,1,1,1,0,1,0,0,1,2,1,0,0,4,3,1,1,1,24,1,4,7,7,4,3,0,2,25,4,2,814
orjson_3_10_4,233f9ea5d609c8fe2ea3621d52fba751477aab73,0,8659208.666666666,4752.0,164,53,1,2,26,28,35,390,200,190,100,14,90,28,31,31,424,5,1,1,1,1,1,0,1,0,0,1,2,1,0,0,4,3,1,1,1,24,1,4,7,7,4,3,0,2,25,4,2,814
orjson_3_10_5,233f9ea5d609c8fe2ea3621d52fba751477aab73,0,8727236.0,4752.0,164,53,1,2,26,28,35,390,200,190,100,14,90,28,31,31,424,5,1,1,1,1,1,0,1,0,0,1,2,1,0,0,4,3,1,1,1,24,1,4,7,7,4,3,0,2,25,4,2,814
orjson_3_10_6,233f9ea5d609c8fe2ea3621d52fba751477aab73,0,8751958.333333334,4752.0,164,53,1,2,26,28,35,390,200,190,100,14,90,28,31,31,424,5,1,1,1,1,1,0,1,0,0,1,2,1,0,0,4,3,1,1,1,24,1,4,7,7,4,3,0,2,25,4,2,814
orjson_3_10_1,8100ec4f6985c8da7df9cea5b4e4aef45811f323,0,8851486.0,4752.0,164,53,1,2,26,28,35,390,200,190,100,14,90,28,31,31,424,5,1,1,1,1,1,0,1,0,0,1,2,1,0,0,4,3,1,1,1,24,1,4,7,7,4,3,0,2,25,4,2,814
orjson_3_10_2,8100ec4f6985c8da7df9cea5b4e4aef45811f323,0,8851416.666666666,4752.0,164,53,1,2,26,28,35,390,200,190,100,14,90,28,31,31,424,5,1,1,1,1,1,0,1,0,0,1,2,1,0,0,4,3,1,1,1,24,1,4,7,7,4,3,0,2,25,4,2,814
orjson_3_10_3,8100ec4f6985c8da7df9cea5b4e4aef45811f323,0,8912097.333333334,4752.0,164,53,1,2,26,28,35,390,200,190,100,14,90,28,31,31,424,5,1,1,1,1,1,0,1,0,0,1,2,1,0,0,4,3,1,1,1,24,1,4,7,7,4,3,0,2,25,4,2,814
orjson_3_10_4,8100ec4f6985c8da7df9cea5b4e4aef45811f323,0,8673652.666666666,4752.0,164,53,1,2,26,28,35,390,200,190,100,14,90,28,31,31,424,5,1,1,1,1,1,0,1,0,0,1,2,1,0,0,4,3,1,1,1,24,1,4,7,7,4,3,0,2,25,4,2,814
orjson_3_10_5,8100ec4f6985c8da7df9cea5b4e4aef45811f323,0,8702722.333333334,4752.0,164,53,1,2,26,28,35,390,200,190,100,14,90,28,31,31,424,5,1,1,1,1,1,0,1,0,0,1,2,1,0,0,4,3,1,1,1,24,1,4,7,7,4,3,0,2,25,4,2,814
orjson_3_10_6,8100ec4f6985c8da7df9cea5b4e4aef45811f323,0,8822514.333333334,4752.0,164,53,1,2,26,28,35,390,200,190,100,14,90,28,31,31,424,5,1,1,1,1,1,0,1,0,0,1,2,1,0,0,4,3,1,1,1,24,1,4,7,7,4,3,0,2,25,4,2,814
orjson_3_10_1,ff6d4821498d4f8b30f4e8fc5924f3628bb9fb45,0,8885875.333333334,4752.0,161,50,1,2,26,28,35,392,200,192,102,14,90,28,31,31,428,5,1,1,1,1,1,0,2,0,0,1,3,2,0,0,4,2,1,1,1,24,1,4,7,7,4,3,0,2,25,4,3,820
orjson_3_10_2,ff6d4821498d4f8b30f4e8fc5924f3628bb9fb45,0,8861055.333333334,4752.0,161,50,1,2,26,28,35,392,200,192,102,14,90,28,31,31,428,5,1,1,1,1,1,0,2,0,0,1,3,2,0,0,4,2,1,1,1,24,1,4,7,7,4,3,0,2,25,4,3,820
orjson_3_10_3,ff6d4821498d4f8b30f4e8fc5924f3628bb9fb45,0,8952638.666666666,4752.0,161,50,1,2,26,28,35,392,200,192,102,14,90,28,31,31,428,5,1,1,1,1,1,0,2,0,0,1,3,2,0,0,4,2,1,1,1,24,1,4,7,7,4,3,0,2,25,4,3,820
orjson_3_10_4,ff6d4821498d4f8b30f4e8fc5924f3628bb9fb45,0,8716139.333333334,4752.0,161,50,1,2,26,28,35,392,200,192,102,14,90,28,31,31,428,5,1,1,1,1,1,0,2,0,0,1,3,2,0,0,4,2,1,1,1,24,1,4,7,7,4,3,0,2,25,4,3,820
orjson_3_10_5,ff6d4821498d4f8b30f4e8fc5924f3628bb9fb45,0,8735416.333333334,4752.0,161,50,1,2,26,28,35,392,200,192,102,14,90,28,31,31,428,5,1,1,1,1,1,0,2,0,0,1,3,2,0,0,4,2,1,1,1,24,1,4,7,7,4,3,0,2,25,4,3,820
orjson_3_10_6,ff6d4821498d4f8b30f4e8fc5924f3628bb9fb45,0,8839680.666666666,4752.0,161,50,1,2,26,28,35,392,200,192,102,14,90,28,31,31,428,5,1,1,1,1,1,0,2,0,0,1,3,2,0,0,4,2,1,1,1,24,1,4,7,7,4,3,0,2,25,4,3,820
orjson_3_10_1,fbf7db0d6d6154837ac61f3cbb174c07d38caaae,0,8863902.333333334,4752.0,163,52,1,2,26,28,35,392,200,192,103,14,89,28,30,31,428,5,1,1,1,1,1,0,2,0,0,1,3,2,0,0,4,2,1,1,1,24,1,4,7,7,4,3,0,2,25,4,3,820
orjson_3_10_2,fbf7db0d6d6154837ac61f3cbb174c07d38caaae,0,8880486.0,4752.0,163,52,1,2,26,28,35,392,200,192,103,14,89,28,30,31,428,5,1,1,1,1,1,0,2,0,0,1,3,2,0,0,4,2,1,1,1,24,1,4,7,7,4,3,0,2,25,4,3,820
orjson_3_10_3,fbf7db0d6d6154837ac61f3cbb174c07d38caaae,0,8886930.666666666,4752.0,163,52,1,2,26,28,35,392,200,192,103,14,89,28,30,31,428,5,1,1,1,1,1,0,2,0,0,1,3,2,0,0,4,2,1,1,1,24,1,4,7,7,4,3,0,2,25,4,3,820
orjson_3_10_4,fbf7db0d6d6154837ac61f3cbb174c07d38caaae,0,8685305.666666666,4752.0,163,52,1,2,26,28,35,392,200,192,103,14,89,28,30,31,428,5,1,1,1,1,1,0,2,0,0,1,3,2,0,0,4,2,1,1,1,24,1,4,7,7,4,3,0,2,25,4,3,820
orjson_3_10_5,fbf7db0d6d6154837ac61f3cbb174c07d38caaae,0,8767764.0,4752.0,163,52,1,2,26,28,35,392,200,192,103,14,89,28,30,31,428,5,1,1,1,1,1,0,2,0,0,1,3,2,0,0,4,2,1,1,1,24,1,4,7,7,4,3,0,2,25,4,3,820
orjson_3_10_6,fbf7db0d6d6154837ac61f3cbb174c07d38caaae,0,8770777.666666666,4752.0,163,52,1,2,26,28,35,392,200,192,103,14,89,28,30,31,428,5,1,1,1,1,1,0,2,0,0,1,3,2,0,0,4,2,1,1,1,24,1,4,7,7,4,3,0,2,25,4,3,820
orjson_3_10_1,0fcf98e50dcecfb0f8976a8f0f04166ab9556b75,0,8876819.666666666,4752.0,164,53,1,2,26,28,35,392,200,192,102,14,90,28,31,31,428,5,1,1,1,1,1,0,2,0,0,1,3,2,0,0,4,2,1,1,1,24,1,4,7,7,4,3,0,2,25,4,3,820
orjson_3_10_2,0fcf98e50dcecfb0f8976a8f0f04166ab9556b75,0,8872527.333333334,4752.0,164,53,1,2,26,28,35,392,200,192,102,14,90,28,31,31,428,5,1,1,1,1,1,0,2,0,0,1,3,2,0,0,4,2,1,1,1,24,1,4,7,7,4,3,0,2,25,4,3,820
orjson_3_10_3,0fcf98e50dcecfb0f8976a8f0f04166ab9556b75,0,8892903.0,4752.0,164,53,1,2,26,28,35,392,200,192,102,14,90,28,31,31,428,5,1,1,1,1,1,0,2,0,0,1,3,2,0,0,4,2,1,1,1,24,1,4,7,7,4,3,0,2,25,4,3,820
orjson_3_10_4,0fcf98e50dcecfb0f8976a8f0f04166ab9556b75,0,8699791.333333334,4752.0,164,53,1,2,26,28,35,392,200,192,102,14,90,28,31,31,428,5,1,1,1,1,1,0,2,0,0,1,3,2,0,0,4,2,1,1,1,24,1,4,7,7,4,3,0,2,25,4,3,820
orjson_3_10_5,0fcf98e50dcecfb0f8976a8f0f04166ab9556b75,0,8752083.333333334,4752.0,164,53,1,2,26,28,35,392,200,192,102,14,90,28,31,31,428,5,1,1,1,1,1,0,2,0,0,1,3,2,0,0,4,2,1,1,1,24,1,4,7,7,4,3,0,2,25,4,3,820
orjson_3_10_6,0fcf98e50dcecfb0f8976a8f0f04166ab9556b75,0,8766263.666666666,4752.0,164,53,1,2,26,28,35,392,200,192,102,14,90,28,31,31,428,5,1,1,1,1,1,0,2,0,0,1,3,2,0,0,4,2,1,1,1,24,1,4,7,7,4,3,0,2,25,4,3,820
orjson_3_10_1,aa3b9c11dcad32766391793c1d11331cad77c1fb,0,8868819.333333334,4752.0,164,53,1,2,26,28,35,390,201,189,100,14,89,28,31,30,424,5,1,1,1,1,1,0,1,0,0,1,2,1,0,0,4,3,1,1,1,24,1,4,7,7,4,3,0,2,25,4,2,814
orjson_3_10_2,aa3b9c11dcad32766391793c1d11331cad77c1fb,0,8815986.0,4752.0,164,53,1,2,26,28,35,390,201,189,100,14,89,28,31,30,424,5,1,1,1,1,1,0,1,0,0,1,2,1,0,0,4,3,1,1,1,24,1,4,7,7,4,3,0,2,25,4,2,814
orjson_3_10_3,aa3b9c11dcad32766391793c1d11331cad77c1fb,0,8828041.666666666,4752.0,164,53,1,2,26,28,35,390,201,189,100,14,89,28,31,30,424,5,1,1,1,1,1,0,1,0,0,1,2,1,0,0,4,3,1,1,1,24,1,4,7,7,4,3,0,2,25,4,2,814
orjson_3_10_4,aa3b9c11dcad32766391793c1d11331cad77c1fb,0,8664375.0,4752.0,164,53,1,2,26,28,35,390,201,189,100,14,89,28,31,30,424,5,1,1,1,1,1,0,1,0,0,1,2,1,0,0,4,3,1,1,1,24,1,4,7,7,4,3,0,2,25,4,2,814
orjson_3_10_5,aa3b9c11dcad32766391793c1d11331cad77c1fb,0,8709278.0,4752.0,164,53,1,2,26,28,35,390,201,189,100,14,89,28,31,30,424,5,1,1,1,1,1,0,1,0,0,1,2,1,0,0,4,3,1,1,1,24,1,4,7,7,4,3,0,2,25,4,2,814
orjson_3_10_6,aa3b9c11dcad32766391793c1d11331cad77c1fb,0,8749833.666666666,4752.0,164,53,1,2,26,28,35,390,201,189,100,14,89,28,31,30,424,5,1,1,1,1,1,0,1,0,0,1,2,1,0,0,4,3,1,1,1,24,1,4,7,7,4,3,0,2,25,4,2,814
orjson_3_10_1,37bac26577dc453ed6bf5c9fce3b796c4ea75566,0,2445139.0,924.0,36,18,0,0,2,4,4,117,63,54,25,2,29,8,10,11,91,2,0,0,0,0,0,0,0,0,0,0,0,0,0,0,1,0,2,0,2,2,2,0,0,0,0,2,0,2,4,0,0,208
orjson_3_10_2,37bac26577dc453ed6bf5c9fce3b796c4ea75566,0,2461695.0,924.0,36,18,0,0,2,4,4,117,63,54,25,2,29,8,10,11,91,2,0,0,0,0,0,0,0,0,0,0,0,0,0,0,1,0,2,0,2,2,2,0,0,0,0,2,0,2,4,0,0,208
orjson_3_10_3,37bac26577dc453ed6bf5c9fce3b796c4ea75566,0,2469722.0,924.0,36,18,0,0,2,4,4,117,63,54,25,2,29,8,10,11,91,2,0,0,0,0,0,0,0,0,0,0,0,0,0,0,1,0,2,0,2,2,2,0,0,0,0,2,0,2,4,0,0,208
orjson_3_10_4,37bac26577dc453ed6bf5c9fce3b796c4ea75566,0,2433542.0,924.0,36,18,0,0,2,4,4,117,63,54,25,2,29,8,10,11,91,2,0,0,0,0,0,0,0,0,0,0,0,0,0,0,1,0,2,0,2,2,2,0,0,0,0,2,0,2,4,0,0,208
orjson_3_10_5,37bac26577dc453ed6bf5c9fce3b796c4ea75566,0,2442111.0,924.0,36,18,0,0,2,4,4,117,63,54,25,2,29,8,10,11,91,2,0,0,0,0,0,0,0,0,0,0,0,0,0,0,1,0,2,0,2,2,2,0,0,0,0,2,0,2,4,0,0,208
orjson_3_10_6,37bac26577dc453ed6bf5c9fce3b796c4ea75566,0,2456916.6666666665,924.0,36,18,0,0,2,4,4,117,63,54,25,2,29,8,10,11,91,2,0,0,0,0,0,0,0,0,0,0,0,0,0,0,1,0,2,0,2,2,2,0,0,0,0,2,0,2,4,0,0,208
orjson_3_10_1,801cb934ac297525cd8a37c9151c25660cd60742,0,3226111.0,1408.0,21,7,0,0,2,3,3,153,79,74,35,3,39,13,15,11,156,1,1,1,1,0,1,0,0,0,0,1,1,0,0,0,1,0,1,0,1,2,1,0,2,2,0,1,0,1,3,0,1,309
orjson_3_10_2,801cb934ac297525cd8a37c9151c25660cd60742,0,3295124.6666666665,1408.0,21,7,0,0,2,3,3,153,79,74,35,3,39,13,15,11,156,1,1,1,1,0,1,0,0,0,0,1,1,0,0,0,1,0,1,0,1,2,1,0,2,2,0,1,0,1,3,0,1,309
orjson_3_10_3,801cb934ac297525cd8a37c9151c25660cd60742,0,3295556.0,1408.0,21,7,0,0,2,3,3,153,79,74,35,3,39,13,15,11,156,1,1,1,1,0,1,0,0,0,0,1,1,0,0,0,1,0,1,0,1,2,1,0,2,2,0,1,0,1,3,0,1,309
orjson_3_10_4,801cb934ac297525cd8a37c9151c25660cd60742,0,3227722.0,1408.0,21,7,0,0,2,3,3,153,79,74,35,3,39,13,15,11,156,1,1,1,1,0,1,0,0,0,0,1,1,0,0,0,1,0,1,0,1,2,1,0,2,2,0,1,0,1,3,0,1,309
orjson_3_10_5,801cb934ac297525cd8a37c9151c25660cd60742,0,3189389.0,1408.0,21,7,0,0,2,3,3,153,79,74,35,3,39,13,15,11,156,1,1,1,1,0,1,0,0,0,0,1,1,0,0,0,1,0,1,0,1,2,1,0,2,2,0,1,0,1,3,0,1,309
orjson_3_10_6,801cb934ac297525cd8a37c9151c25660cd60742,0,3262750.3333333335,1408.0,21,7,0,0,2,3,3,153,79,74,35,3,39,13,15,11,156,1,1,1,1,0,1,0,0,0,0,1,1,0,0,0,1,0,1,0,1,2,1,0,2,2,0,1,0,1,3,0,1,309
orjson_3_10_1,ec50acff2f35160d5feefc3f16836886f3c17aa3,0,2373111.3333333335,853.0,53,27,0,0,4,6,7,106,53,53,28,2,25,6,6,13,100,1,1,1,0,1,0,0,0,0,0,1,1,0,0,0,1,1,2,0,2,4,2,1,0,0,1,1,0,2,6,0,1,206
orjson_3_10_2,ec50acff2f35160d5feefc3f16836886f3c17aa3,0,2402847.3333333335,853.0,53,27,0,0,4,6,7,106,53,53,28,2,25,6,6,13,100,1,1,1,0,1,0,0,0,0,0,1,1,0,0,0,1,1,2,0,2,4,2,1,0,0,1,1,0,2,6,0,1,206
orjson_3_10_3,ec50acff2f35160d5feefc3f16836886f3c17aa3,0,2411555.6666666665,853.0,53,27,0,0,4,6,7,106,53,53,28,2,25,6,6,13,100,1,1,1,0,1,0,0,0,0,0,1,1,0,0,0,1,1,2,0,2,4,2,1,0,0,1,1,0,2,6,0,1,206
orjson_3_10_4,ec50acff2f35160d5feefc3f16836886f3c17aa3,0,2337055.6666666665,853.0,53,27,0,0,4,6,7,106,53,53,28,2,25,6,6,13,100,1,1,1,0,1,0,0,0,0,0,1,1,0,0,0,1,1,2,0,2,4,2,1,0,0,1,1,0,2,6,0,1,206
orjson_3_10_5,ec50acff2f35160d5feefc3f16836886f3c17aa3,0,2341083.0,853.0,53,27,0,0,4,6,7,106,53,53,28,2,25,6,6,13,100,1,1,1,0,1,0,0,0,0,0,1,1,0,0,0,1,1,2,0,2,4,2,1,0,0,1,1,0,2,6,0,1,206
orjson_3_10_6,ec50acff2f35160d5feefc3f16836886f3c17aa3,0,2347875.0,853.0,53,27,0,0,4,6,7,106,53,53,28,2,25,6,6,13,100,1,1,1,0,1,0,0,0,0,0,1,1,0,0,0,1,1,2,0,2,4,2,1,0,0,1,1,0,2,6,0,1,206
orjson_3_10_1,e5751f833e1cf062118c50f2c32ac0c46e4cd262,0,3129278.0,1580.0,21,7,0,0,2,3,4,161,71,90,47,8,43,17,18,8,175,1,0,0,0,0,0,0,0,0,0,0,0,0,0,0,1,0,1,0,1,2,1,2,5,5,2,1,0,1,3,0,0,336
orjson_3_10_2,e5751f833e1cf062118c50f2c32ac0c46e4cd262,0,3167138.6666666665,1580.0,21,7,0,0,2,3,4,161,71,90,47,8,43,17,18,8,175,1,0,0,0,0,0,0,0,0,0,0,0,0,0,0,1,0,1,0,1,2,1,2,5,5,2,1,0,1,3,0,0,336
orjson_3_10_3,e5751f833e1cf062118c50f2c32ac0c46e4cd262,0,3174277.6666666665,1580.0,21,7,0,0,2,3,4,161,71,90,47,8,43,17,18,8,175,1,0,0,0,0,0,0,0,0,0,0,0,0,0,0,1,0,1,0,1,2,1,2,5,5,2,1,0,1,3,0,0,336
orjson_3_10_4,e5751f833e1cf062118c50f2c32ac0c46e4cd262,0,3097069.3333333335,1580.0,21,7,0,0,2,3,4,161,71,90,47,8,43,17,18,8,175,1,0,0,0,0,0,0,0,0,0,0,0,0,0,0,1,0,1,0,1,2,1,2,5,5,2,1,0,1,3,0,0,336
orjson_3_10_5,e5751f833e1cf062118c50f2c32ac0c46e4cd262,0,3097014.0,1580.0,21,7,0,0,2,3,4,161,71,90,47,8,43,17,18,8,175,1,0,0,0,0,0,0,0,0,0,0,0,0,0,0,1,0,1,0,1,2,1,2,5,5,2,1,0,1,3,0,0,336
orjson_3_10_6,e5751f833e1cf062118c50f2c32ac0c46e4cd262,0,3199048.0,1580.0,21,7,0,0,2,3,4,161,71,90,47,8,43,17,18,8,175,1,0,0,0,0,0,0,0,0,0,0,0,0,0,0,1,0,1,0,1,2,1,2,5,5,2,1,0,1,3,0,0,336
orjson_3_10_1,0948fb77c8a541b6f66db055aa70e5cf4eeadceb,0,3196263.6666666665,1412.0,24,10,0,0,2,3,3,156,80,76,36,5,40,10,15,15,134,0,1,1,1,1,3,0,0,9,1,1,3,2,1,1,0,0,1,0,1,2,1,2,2,2,2,1,0,1,3,0,3,290
orjson_3_10_2,0948fb77c8a541b6f66db055aa70e5cf4eeadceb,0,3277069.6666666665,1412.0,24,10,0,0,2,3,3,156,80,76,36,5,40,10,15,15,134,0,1,1,1,1,3,0,0,9,1,1,3,2,1,1,0,0,1,0,1,2,1,2,2,2,2,1,0,1,3,0,3,290
orjson_3_10_3,0948fb77c8a541b6f66db055aa70e5cf4eeadceb,0,3279555.6666666665,1412.0,24,10,0,0,2,3,3,156,80,76,36,5,40,10,15,15,134,0,1,1,1,1,3,0,0,9,1,1,3,2,1,1,0,0,1,0,1,2,1,2,2,2,2,1,0,1,3,0,3,290
orjson_3_10_4,0948fb77c8a541b6f66db055aa70e5cf4eeadceb,0,3217736.6666666665,1412.0,24,10,0,0,2,3,3,156,80,76,36,5,40,10,15,15,134,0,1,1,1,1,3,0,0,9,1,1,3,2,1,1,0,0,1,0,1,2,1,2,2,2,2,1,0,1,3,0,3,290
orjson_3_10_5,0948fb77c8a541b6f66db055aa70e5cf4eeadceb,0,3176194.6666666665,1412.0,24,10,0,0,2,3,3,156,80,76,36,5,40,10,15,15,134,0,1,1,1,1,3,0,0,9,1,1,3,2,1,1,0,0,1,0,1,2,1,2,2,2,2,1,0,1,3,0,3,290
orjson_3_10_6,0948fb77c8a541b6f66db055aa70e5cf4eeadceb,0,3202347.0,1412.0,24,10,0,0,2,3,3,156,80,76,36,5,40,10,15,15,134,0,1,1,1,1,3,0,0,9,1,1,3,2,1,1,0,0,1,0,1,2,1,2,2,2,2,1,0,1,3,0,3,290
orjson_3_10_1,3e935690bd02bf0f60b00292d56d4e2291bd1b3e,0,2748277.6666666665,1240.0,30,16,0,0,2,3,3,114,52,62,24,3,38,19,9,10,156,0,0,0,0,0,0,0,0,0,0,0,0,0,0,0,1,2,1,0,1,2,1,1,0,0,1,2,0,1,3,0,0,270
orjson_3_10_2,3e935690bd02bf0f60b00292d56d4e2291bd1b3e,0,2816000.0,1240.0,30,16,0,0,2,3,3,114,52,62,24,3,38,19,9,10,156,0,0,0,0,0,0,0,0,0,0,0,0,0,0,0,1,2,1,0,1,2,1,1,0,0,1,2,0,1,3,0,0,270
orjson_3_10_3,3e935690bd02bf0f60b00292d56d4e2291bd1b3e,0,2812305.3333333335,1240.0,30,16,0,0,2,3,3,114,52,62,24,3,38,19,9,10,156,0,0,0,0,0,0,0,0,0,0,0,0,0,0,0,1,2,1,0,1,2,1,1,0,0,1,2,0,1,3,0,0,270
orjson_3_10_4,3e935690bd02bf0f60b00292d56d4e2291bd1b3e,0,2739819.6666666665,1240.0,30,16,0,0,2,3,3,114,52,62,24,3,38,19,9,10,156,0,0,0,0,0,0,0,0,0,0,0,0,0,0,0,1,2,1,0,1,2,1,1,0,0,1,2,0,1,3,0,0,270
orjson_3_10_5,3e935690bd02bf0f60b00292d56d4e2291bd1b3e,0,2742986.0,1240.0,30,16,0,0,2,3,3,114,52,62,24,3,38,19,9,10,156,0,0,0,0,0,0,0,0,0,0,0,0,0,0,0,1,2,1,0,1,2,1,1,0,0,1,2,0,1,3,0,0,270
orjson_3_10_6,3e935690bd02bf0f60b00292d56d4e2291bd1b3e,0,2797541.6666666665,1240.0,30,16,0,0,2,3,3,114,52,62,24,3,38,19,9,10,156,0,0,0,0,0,0,0,0,0,0,0,0,0,0,0,1,2,1,0,1,2,1,1,0,0,1,2,0,1,3,0,0,270
orjson_3_10_1,4407311de8f3161cc559fab54c3a37fed93d04ae,0,2776944.3333333335,1153.0,32,14,0,0,3,4,5,140,67,73,32,1,41,14,10,17,151,1,0,0,0,0,0,0,0,0,0,0,0,0,0,0,1,1,1,0,1,3,1,0,1,1,0,0,0,1,4,0,0,291
orjson_3_10_2,4407311de8f3161cc559fab54c3a37fed93d04ae,0,2852236.3333333335,1153.0,32,14,0,0,3,4,5,140,67,73,32,1,41,14,10,17,151,1,0,0,0,0,0,0,0,0,0,0,0,0,0,0,1,1,1,0,1,3,1,0,1,1,0,0,0,1,4,0,0,291
orjson_3_10_3,4407311de8f3161cc559fab54c3a37fed93d04ae,0,2838569.6666666665,1153.0,32,14,0,0,3,4,5,140,67,73,32,1,41,14,10,17,151,1,0,0,0,0,0,0,0,0,0,0,0,0,0,0,1,1,1,0,1,3,1,0,1,1,0,0,0,1,4,0,0,291
orjson_3_10_4,4407311de8f3161cc559fab54c3a37fed93d04ae,0,2763666.75,1153.0,32,14,0,0,3,4,5,140,67,73,32,1,41,14,10,17,151,1,0,0,0,0,0,0,0,0,0,0,0,0,0,0,1,1,1,0,1,3,1,0,1,1,0,0,0,1,4,0,0,291
orjson_3_10_5,4407311de8f3161cc559fab54c3a37fed93d04ae,0,2780152.6666666665,1153.0,32,14,0,0,3,4,5,140,67,73,32,1,41,14,10,17,151,1,0,0,0,0,0,0,0,0,0,0,0,0,0,0,1,1,1,0,1,3,1,0,1,1,0,0,0,1,4,0,0,291
orjson_3_10_6,4407311de8f3161cc559fab54c3a37fed93d04ae,0,2780083.6666666665,1153.0,32,14,0,0,3,4,5,140,67,73,32,1,41,14,10,17,151,1,0,0,0,0,0,0,0,0,0,0,0,0,0,0,1,1,1,0,1,3,1,0,1,1,0,0,0,1,4,0,0,291
orjson_3_10_1,6d6fadc25198c3afa9ff684a631d4460bd91c0de,0,2083698.25,992.0,27,13,0,0,2,3,5,101,53,48,27,2,21,10,5,6,86,0,0,0,0,0,0,0,0,0,0,0,0,0,0,0,1,0,1,0,1,2,1,2,0,0,2,0,0,1,3,0,0,187
orjson_3_10_2,6d6fadc25198c3afa9ff684a631d4460bd91c0de,0,2150639.0,992.0,27,13,0,0,2,3,5,101,53,48,27,2,21,10,5,6,86,0,0,0,0,0,0,0,0,0,0,0,0,0,0,0,1,0,1,0,1,2,1,2,0,0,2,0,0,1,3,0,0,187
orjson_3_10_3,6d6fadc25198c3afa9ff684a631d4460bd91c0de,0,2144403.0,992.0,27,13,0,0,2,3,5,101,53,48,27,2,21,10,5,6,86,0,0,0,0,0,0,0,0,0,0,0,0,0,0,0,1,0,1,0,1,2,1,2,0,0,2,0,0,1,3,0,0,187
orjson_3_10_4,6d6fadc25198c3afa9ff684a631d4460bd91c0de,0,2124777.6666666665,992.0,27,13,0,0,2,3,5,101,53,48,27,2,21,10,5,6,86,0,0,0,0,0,0,0,0,0,0,0,0,0,0,0,1,0,1,0,1,2,1,2,0,0,2,0,0,1,3,0,0,187
orjson_3_10_5,6d6fadc25198c3afa9ff684a631d4460bd91c0de,0,2122278.0,992.0,27,13,0,0,2,3,5,101,53,48,27,2,21,10,5,6,86,0,0,0,0,0,0,0,0,0,0,0,0,0,0,0,1,0,1,0,1,2,1,2,0,0,2,0,0,1,3,0,0,187
orjson_3_10_6,6d6fadc25198c3afa9ff684a631d4460bd91c0de,0,2108375.5,992.0,27,13,0,0,2,3,5,101,53,48,27,2,21,10,5,6,86,0,0,0,0,0,0,0,0,0,0,0,0,0,0,0,1,0,1,0,1,2,1,2,0,0,2,0,0,1,3,0,0,187
orjson_3_10_1,7b7fbd19a319d73d9a3c3acb8c3d873fcc912017,0,2072777.6666666667,680.0,44,23,0,0,3,4,4,87,41,46,25,2,21,4,9,8,97,0,0,0,0,0,0,0,0,0,0,0,0,0,0,0,1,0,3,0,1,3,1,2,0,0,2,0,0,2,4,1,0,184
orjson_3_10_2,7b7fbd19a319d73d9a3c3acb8c3d873fcc912017,0,2094611.3333333333,680.0,44,23,0,0,3,4,4,87,41,46,25,2,21,4,9,8,97,0,0,0,0,0,0,0,0,0,0,0,0,0,0,0,1,0,3,0,1,3,1,2,0,0,2,0,0,2,4,1,0,184
orjson_3_10_3,7b7fbd19a319d73d9a3c3acb8c3d873fcc912017,0,2096208.3333333333,680.0,44,23,0,0,3,4,4,87,41,46,25,2,21,4,9,8,97,0,0,0,0,0,0,0,0,0,0,0,0,0,0,0,1,0,3,0,1,3,1,2,0,0,2,0,0,2,4,1,0,184
orjson_3_10_4,7b7fbd19a319d73d9a3c3acb8c3d873fcc912017,0,2045097.0,680.0,44,23,0,0,3,4,4,87,41,46,25,2,21,4,9,8,97,0,0,0,0,0,0,0,0,0,0,0,0,0,0,0,1,0,3,0,1,3,1,2,0,0,2,0,0,2,4,1,0,184
orjson_3_10_5,7b7fbd19a319d73d9a3c3acb8c3d873fcc912017,0,2049402.6666666667,680.0,44,23,0,0,3,4,4,87,41,46,25,2,21,4,9,8,97,0,0,0,0,0,0,0,0,0,0,0,0,0,0,0,1,0,3,0,1,3,1,2,0,0,2,0,0,2,4,1,0,184
orjson_3_10_6,7b7fbd19a319d73d9a3c3acb8c3d873fcc912017,0,2077431.0,680.0,44,23,0,0,3,4,4,87,41,46,25,2,21,4,9,8,97,0,0,0,0,0,0,0,0,0,0,0,0,0,0,0,1,0,3,0,1,3,1,2,0,0,2,0,0,2,4,1,0,184
orjson_3_10_1,01f59f51241f591a68468cec824df0b20a0e4aa0,0,10775263.666666666,5286.0,287,76,0,0,48,50,57,322,165,157,80,14,77,31,24,22,345,9,1,0,1,1,2,1,0,6,2,0,2,1,0,1,8,14,2,0,2,48,2,4,6,6,4,4,0,3,50,9,2,667
orjson_3_10_2,01f59f51241f591a68468cec824df0b20a0e4aa0,0,9966181.0,4985.0,287,76,0,0,48,50,57,322,165,157,80,14,77,31,24,22,345,9,1,0,1,1,2,1,0,6,2,0,2,1,0,1,8,14,2,0,2,48,2,4,6,6,4,4,0,3,50,9,2,667
orjson_3_10_3,01f59f51241f591a68468cec824df0b20a0e4aa0,0,9996930.666666666,4985.0,287,76,0,0,48,50,57,322,165,157,80,14,77,31,24,22,345,9,1,0,1,1,2,1,0,6,2,0,2,1,0,1,8,14,2,0,2,48,2,4,6,6,4,4,0,3,50,9,2,667
orjson_3_10_4,01f59f51241f591a68468cec824df0b20a0e4aa0,0,9938111.0,5090.0,287,76,0,0,48,50,57,322,165,157,80,14,77,31,24,22,345,9,1,0,1,1,2,1,0,6,2,0,2,1,0,1,8,14,2,0,2,48,2,4,6,6,4,4,0,3,50,9,2,667
orjson_3_10_5,01f59f51241f591a68468cec824df0b20a0e4aa0,0,9696073.0,4985.0,287,76,0,0,48,50,57,322,165,157,80,14,77,31,24,22,345,9,1,0,1,1,2,1,0,6,2,0,2,1,0,1,8,14,2,0,2,48,2,4,6,6,4,4,0,3,50,9,2,667
orjson_3_10_6,01f59f51241f591a68468cec824df0b20a0e4aa0,0,10071750.0,5090.0,287,76,0,0,48,50,57,322,165,157,80,14,77,31,24,22,345,9,1,0,1,1,2,1,0,6,2,0,2,1,0,1,8,14,2,0,2,48,2,4,6,6,4,4,0,3,50,9,2,667
orjson_3_10_1,97df76ed43dfc4365b708f4ba9b9f990d1f8d578,0,9036986.333333334,4755.0,169,66,0,0,24,25,30,419,222,197,89,10,108,37,35,36,391,4,3,2,1,1,3,1,2,0,0,2,4,1,0,0,4,7,1,0,1,24,1,4,3,3,4,3,0,2,25,1,4,810
orjson_3_10_2,97df76ed43dfc4365b708f4ba9b9f990d1f8d578,0,8804513.666666666,4670.0,169,66,0,0,24,25,30,419,222,197,89,10,108,37,35,36,391,4,3,2,1,1,3,1,2,0,0,2,4,1,0,0,4,7,1,0,1,24,1,4,3,3,4,3,0,2,25,1,4,810
orjson_3_10_3,97df76ed43dfc4365b708f4ba9b9f990d1f8d578,0,8754417.0,4670.0,169,66,0,0,24,25,30,419,222,197,89,10,108,37,35,36,391,4,3,2,1,1,3,1,2,0,0,2,4,1,0,0,4,7,1,0,1,24,1,4,3,3,4,3,0,2,25,1,4,810
orjson_3_10_4,97df76ed43dfc4365b708f4ba9b9f990d1f8d578,0,8568847.666666666,4670.0,169,66,0,0,24,25,30,419,222,197,89,10,108,37,35,36,391,4,3,2,1,1,3,1,2,0,0,2,4,1,0,0,4,7,1,0,1,24,1,4,3,3,4,3,0,2,25,1,4,810
orjson_3_10_5,97df76ed43dfc4365b708f4ba9b9f990d1f8d578,0,8569097.0,4670.0,169,66,0,0,24,25,30,419,222,197,89,10,108,37,35,36,391,4,3,2,1,1,3,1,2,0,0,2,4,1,0,0,4,7,1,0,1,24,1,4,3,3,4,3,0,2,25,1,4,810
orjson_3_10_6,97df76ed43dfc4365b708f4ba9b9f990d1f8d578,0,8676361.0,4670.0,169,66,0,0,24,25,30,419,222,197,89,10,108,37,35,36,391,4,3,2,1,1,3,1,2,0,0,2,4,1,0,0,4,7,1,0,1,24,1,4,3,3,4,3,0,2,25,1,4,810
orjson_3_10_1,841d7701777a4cd04cbd8e43225dc6e5a57c710c,0,10661552.25,5043.0,280,69,0,0,48,50,59,329,165,164,75,11,89,33,26,30,347,10,1,1,0,2,0,0,1,0,0,1,3,2,1,0,11,7,2,0,2,48,2,6,0,0,6,5,0,3,50,9,3,676
orjson_3_10_2,841d7701777a4cd04cbd8e43225dc6e5a57c710c,0,10149156.0,4957.0,280,69,0,0,48,50,59,329,165,164,75,11,89,33,26,30,347,10,1,1,0,2,0,0,1,0,0,1,3,2,1,0,11,7,2,0,2,48,2,6,0,0,6,5,0,3,50,9,3,676
orjson_3_10_3,841d7701777a4cd04cbd8e43225dc6e5a57c710c,0,10425208.333333334,5079.0,280,69,0,0,48,50,59,329,165,164,75,11,89,33,26,30,347,10,1,1,0,2,0,0,1,0,0,1,3,2,1,0,11,7,2,0,2,48,2,6,0,0,6,5,0,3,50,9,3,676
orjson_3_10_4,841d7701777a4cd04cbd8e43225dc6e5a57c710c,0,10070055.666666666,4957.0,280,69,0,0,48,50,59,329,165,164,75,11,89,33,26,30,347,10,1,1,0,2,0,0,1,0,0,1,3,2,1,0,11,7,2,0,2,48,2,6,0,0,6,5,0,3,50,9,3,676
orjson_3_10_5,841d7701777a4cd04cbd8e43225dc6e5a57c710c,0,10447083.666666666,5158.0,280,69,0,0,48,50,59,329,165,164,75,11,89,33,26,30,347,10,1,1,0,2,0,0,1,0,0,1,3,2,1,0,11,7,2,0,2,48,2,6,0,0,6,5,0,3,50,9,3,676
orjson_3_10_6,841d7701777a4cd04cbd8e43225dc6e5a57c710c,0,10244027.666666666,5044.0,280,69,0,0,48,50,59,329,165,164,75,11,89,33,26,30,347,10,1,1,0,2,0,0,1,0,0,1,3,2,1,0,11,7,2,0,2,48,2,6,0,0,6,5,0,3,50,9,3,676
orjson_3_10_1,809307d34da7f4b0e930e8f05749d6da147640bb,0,9477847.0,4423.0,161,49,1,0,24,26,28,411,215,196,103,14,93,29,37,27,410,5,1,0,1,3,1,1,0,2,2,0,3,2,1,1,1,5,1,1,1,24,1,6,4,4,6,4,0,2,25,9,3,821
orjson_3_10_2,809307d34da7f4b0e930e8f05749d6da147640bb,0,9470611.0,4423.0,161,49,1,0,24,26,28,411,215,196,103,14,93,29,37,27,410,5,1,0,1,3,1,1,0,2,2,0,3,2,1,1,1,5,1,1,1,24,1,6,4,4,6,4,0,2,25,9,3,821
orjson_3_10_3,809307d34da7f4b0e930e8f05749d6da147640bb,0,9471750.0,4423.0,161,49,1,0,24,26,28,411,215,196,103,14,93,29,37,27,410,5,1,0,1,3,1,1,0,2,2,0,3,2,1,1,1,5,1,1,1,24,1,6,4,4,6,4,0,2,25,9,3,821
orjson_3_10_4,809307d34da7f4b0e930e8f05749d6da147640bb,0,9194236.0,4423.0,161,49,1,0,24,26,28,411,215,196,103,14,93,29,37,27,410,5,1,0,1,3,1,1,0,2,2,0,3,2,1,1,1,5,1,1,1,24,1,6,4,4,6,4,0,2,25,9,3,821
orjson_3_10_5,809307d34da7f4b0e930e8f05749d6da147640bb,0,9224180.666666666,4423.0,161,49,1,0,24,26,28,411,215,196,103,14,93,29,37,27,410,5,1,0,1,3,1,1,0,2,2,0,3,2,1,1,1,5,1,1,1,24,1,6,4,4,6,4,0,2,25,9,3,821
orjson_3_10_6,809307d34da7f4b0e930e8f05749d6da147640bb,0,9264888.333333334,4423.0,161,49,1,0,24,26,28,411,215,196,103,14,93,29,37,27,410,5,1,0,1,3,1,1,0,2,2,0,3,2,1,1,1,5,1,1,1,24,1,6,4,4,6,4,0,2,25,9,3,821
orjson_3_10_1,0bf4886e673a70085654a04e511bf20572b9e132,0,10874264.0,5286.0,287,76,0,0,48,50,57,322,165,157,80,14,77,31,24,22,345,9,1,0,1,1,2,1,0,6,2,0,2,1,0,1,8,14,2,0,2,48,2,4,6,6,4,4,0,3,50,9,2,667
orjson_3_10_2,0bf4886e673a70085654a04e511bf20572b9e132,0,9949861.0,4985.0,287,76,0,0,48,50,57,322,165,157,80,14,77,31,24,22,345,9,1,0,1,1,2,1,0,6,2,0,2,1,0,1,8,14,2,0,2,48,2,4,6,6,4,4,0,3,50,9,2,667
orjson_3_10_3,0bf4886e673a70085654a04e511bf20572b9e132,0,9998166.333333334,4985.0,287,76,0,0,48,50,57,322,165,157,80,14,77,31,24,22,345,9,1,0,1,1,2,1,0,6,2,0,2,1,0,1,8,14,2,0,2,48,2,4,6,6,4,4,0,3,50,9,2,667
orjson_3_10_4,0bf4886e673a70085654a04e511bf20572b9e132,0,9896639.333333334,5090.0,287,76,0,0,48,50,57,322,165,157,80,14,77,31,24,22,345,9,1,0,1,1,2,1,0,6,2,0,2,1,0,1,8,14,2,0,2,48,2,4,6,6,4,4,0,3,50,9,2,667
orjson_3_10_5,0bf4886e673a70085654a04e511bf20572b9e132,0,9788125.0,4985.0,287,76,0,0,48,50,57,322,165,157,80,14,77,31,24,22,345,9,1,0,1,1,2,1,0,6,2,0,2,1,0,1,8,14,2,0,2,48,2,4,6,6,4,4,0,3,50,9,2,667
orjson_3_10_6,0bf4886e673a70085654a04e511bf20572b9e132,0,10035166.666666666,5090.0,287,76,0,0,48,50,57,322,165,157,80,14,77,31,24,22,345,9,1,0,1,1,2,1,0,6,2,0,2,1,0,1,8,14,2,0,2,48,2,4,6,6,4,4,0,3,50,9,2,667
orjson_3_10_1,7a46f388a6e49faf4d0586546f0b69d1b2c4750d,0,9101847.0,4755.0,169,66,0,0,24,25,30,419,222,197,89,9,108,37,35,36,391,4,3,2,1,1,3,1,2,0,0,2,4,1,0,0,4,7,1,0,1,24,1,4,2,2,4,3,0,2,25,1,4,810
orjson_3_10_2,7a46f388a6e49faf4d0586546f0b69d1b2c4750d,0,8741847.333333334,4670.0,169,66,0,0,24,25,30,419,222,197,89,9,108,37,35,36,391,4,3,2,1,1,3,1,2,0,0,2,4,1,0,0,4,7,1,0,1,24,1,4,2,2,4,3,0,2,25,1,4,810
orjson_3_10_3,7a46f388a6e49faf4d0586546f0b69d1b2c4750d,0,8745208.333333334,4670.0,169,66,0,0,24,25,30,419,222,197,89,9,108,37,35,36,391,4,3,2,1,1,3,1,2,0,0,2,4,1,0,0,4,7,1,0,1,24,1,4,2,2,4,3,0,2,25,1,4,810
orjson_3_10_4,7a46f388a6e49faf4d0586546f0b69d1b2c4750d,0,8720083.666666666,4670.0,169,66,0,0,24,25,30,419,222,197,89,9,108,37,35,36,391,4,3,2,1,1,3,1,2,0,0,2,4,1,0,0,4,7,1,0,1,24,1,4,2,2,4,3,0,2,25,1,4,810
orjson_3_10_5,7a46f388a6e49faf4d0586546f0b69d1b2c4750d,0,8597250.0,4670.0,169,66,0,0,24,25,30,419,222,197,89,9,108,37,35,36,391,4,3,2,1,1,3,1,2,0,0,2,4,1,0,0,4,7,1,0,1,24,1,4,2,2,4,3,0,2,25,1,4,810
orjson_3_10_6,7a46f388a6e49faf4d0586546f0b69d1b2c4750d,0,8674528.0,4670.0,169,66,0,0,24,25,30,419,222,197,89,9,108,37,35,36,391,4,3,2,1,1,3,1,2,0,0,2,4,1,0,0,4,7,1,0,1,24,1,4,2,2,4,3,0,2,25,1,4,810
orjson_3_10_1,bf675da6d491b8df6e04cf9dc5df3c20447595a6,0,9464389.0,4423.0,161,49,1,0,24,26,28,411,215,196,103,14,93,29,37,27,410,5,1,0,1,3,1,1,0,2,2,0,3,2,1,1,1,5,1,1,1,24,1,6,4,4,6,4,0,2,25,9,3,821
orjson_3_10_2,bf675da6d491b8df6e04cf9dc5df3c20447595a6,0,9471347.666666666,4423.0,161,49,1,0,24,26,28,411,215,196,103,14,93,29,37,27,410,5,1,0,1,3,1,1,0,2,2,0,3,2,1,1,1,5,1,1,1,24,1,6,4,4,6,4,0,2,25,9,3,821
orjson_3_10_3,bf675da6d491b8df6e04cf9dc5df3c20447595a6,0,9469486.0,4423.0,161,49,1,0,24,26,28,411,215,196,103,14,93,29,37,27,410,5,1,0,1,3,1,1,0,2,2,0,3,2,1,1,1,5,1,1,1,24,1,6,4,4,6,4,0,2,25,9,3,821
orjson_3_10_4,bf675da6d491b8df6e04cf9dc5df3c20447595a6,0,9244375.0,4423.0,161,49,1,0,24,26,28,411,215,196,103,14,93,29,37,27,410,5,1,0,1,3,1,1,0,2,2,0,3,2,1,1,1,5,1,1,1,24,1,6,4,4,6,4,0,2,25,9,3,821
orjson_3_10_5,bf675da6d491b8df6e04cf9dc5df3c20447595a6,0,9193069.333333334,4423.0,161,49,1,0,24,26,28,411,215,196,103,14,93,29,37,27,410,5,1,0,1,3,1,1,0,2,2,0,3,2,1,1,1,5,1,1,1,24,1,6,4,4,6,4,0,2,25,9,3,821
orjson_3_10_6,bf675da6d491b8df6e04cf9dc5df3c20447595a6,0,9286097.333333334,4423.0,161,49,1,0,24,26,28,411,215,196,103,14,93,29,37,27,410,5,1,0,1,3,1,1,0,2,2,0,3,2,1,1,1,5,1,1,1,24,1,6,4,4,6,4,0,2,25,9,3,821
orjson_3_10_1,68f7d294aee3e00338e9570fc8909ec4052db43d,0,9455652.666666666,4423.0,161,49,1,0,24,26,28,411,215,196,103,14,93,29,37,27,410,5,1,0,1,3,3,1,0,2,2,0,3,2,1,1,1,5,1,1,1,24,1,6,4,4,6,4,0,2,25,9,3,821
orjson_3_10_2,68f7d294aee3e00338e9570fc8909ec4052db43d,0,9476222.0,4423.0,161,49,1,0,24,26,28,411,215,196,103,14,93,29,37,27,410,5,1,0,1,3,3,1,0,2,2,0,3,2,1,1,1,5,1,1,1,24,1,6,4,4,6,4,0,2,25,9,3,821
orjson_3_10_3,68f7d294aee3e00338e9570fc8909ec4052db43d,0,9469125.0,4423.0,161,49,1,0,24,26,28,411,215,196,103,14,93,29,37,27,410,5,1,0,1,3,3,1,0,2,2,0,3,2,1,1,1,5,1,1,1,24,1,6,4,4,6,4,0,2,25,9,3,821
orjson_3_10_4,68f7d294aee3e00338e9570fc8909ec4052db43d,0,9185097.0,4423.0,161,49,1,0,24,26,28,411,215,196,103,14,93,29,37,27,410,5,1,0,1,3,3,1,0,2,2,0,3,2,1,1,1,5,1,1,1,24,1,6,4,4,6,4,0,2,25,9,3,821
orjson_3_10_5,68f7d294aee3e00338e9570fc8909ec4052db43d,0,9202250.0,4423.0,161,49,1,0,24,26,28,411,215,196,103,14,93,29,37,27,410,5,1,0,1,3,3,1,0,2,2,0,3,2,1,1,1,5,1,1,1,24,1,6,4,4,6,4,0,2,25,9,3,821
orjson_3_10_6,68f7d294aee3e00338e9570fc8909ec4052db43d,0,9362847.333333334,4423.0,161,49,1,0,24,26,28,411,215,196,103,14,93,29,37,27,410,5,1,0,1,3,3,1,0,2,2,0,3,2,1,1,1,5,1,1,1,24,1,6,4,4,6,4,0,2,25,9,3,821
orjson_3_10_1,1b68592b1253c765ab70d85d592137fe29951e09,0,9010972.333333334,4755.0,169,66,0,0,24,25,30,419,222,197,89,10,108,37,35,36,391,4,3,2,1,1,1,1,2,0,0,2,4,1,0,0,4,7,1,0,1,24,1,4,3,3,4,3,0,2,25,1,4,810
orjson_3_10_2,1b68592b1253c765ab70d85d592137fe29951e09,0,8732653.333333334,4670.0,169,66,0,0,24,25,30,419,222,197,89,10,108,37,35,36,391,4,3,2,1,1,1,1,2,0,0,2,4,1,0,0,4,7,1,0,1,24,1,4,3,3,4,3,0,2,25,1,4,810
orjson_3_10_3,1b68592b1253c765ab70d85d592137fe29951e09,0,8757347.333333334,4670.0,169,66,0,0,24,25,30,419,222,197,89,10,108,37,35,36,391,4,3,2,1,1,1,1,2,0,0,2,4,1,0,0,4,7,1,0,1,24,1,4,3,3,4,3,0,2,25,1,4,810
orjson_3_10_4,1b68592b1253c765ab70d85d592137fe29951e09,0,8551249.666666666,4670.0,169,66,0,0,24,25,30,419,222,197,89,10,108,37,35,36,391,4,3,2,1,1,1,1,2,0,0,2,4,1,0,0,4,7,1,0,1,24,1,4,3,3,4,3,0,2,25,1,4,810
orjson_3_10_5,1b68592b1253c765ab70d85d592137fe29951e09,0,8619138.666666666,4670.0,169,66,0,0,24,25,30,419,222,197,89,10,108,37,35,36,391,4,3,2,1,1,1,1,2,0,0,2,4,1,0,0,4,7,1,0,1,24,1,4,3,3,4,3,0,2,25,1,4,810
orjson_3_10_6,1b68592b1253c765ab70d85d592137fe29951e09,0,8652555.333333334,4670.0,169,66,0,0,24,25,30,419,222,197,89,10,108,37,35,36,391,4,3,2,1,1,1,1,2,0,0,2,4,1,0,0,4,7,1,0,1,24,1,4,3,3,4,3,0,2,25,1,4,810
orjson_3_10_1,1686fe947d8bc33063d963fcbbd6130a5c9a3814,0,10795569.666666666,5043.0,278,67,0,0,48,50,59,329,165,164,75,11,89,33,26,30,347,10,1,1,0,2,0,0,1,0,0,1,3,2,1,0,11,7,2,0,2,48,2,6,0,0,6,5,0,3,50,9,3,676
orjson_3_10_2,1686fe947d8bc33063d963fcbbd6130a5c9a3814,0,10190527.666666666,4957.0,278,67,0,0,48,50,59,329,165,164,75,11,89,33,26,30,347,10,1,1,0,2,0,0,1,0,0,1,3,2,1,0,11,7,2,0,2,48,2,6,0,0,6,5,0,3,50,9,3,676
orjson_3_10_3,1686fe947d8bc33063d963fcbbd6130a5c9a3814,0,10420597.333333334,5079.0,278,67,0,0,48,50,59,329,165,164,75,11,89,33,26,30,347,10,1,1,0,2,0,0,1,0,0,1,3,2,1,0,11,7,2,0,2,48,2,6,0,0,6,5,0,3,50,9,3,676
orjson_3_10_4,1686fe947d8bc33063d963fcbbd6130a5c9a3814,0,10126208.0,4957.0,278,67,0,0,48,50,59,329,165,164,75,11,89,33,26,30,347,10,1,1,0,2,0,0,1,0,0,1,3,2,1,0,11,7,2,0,2,48,2,6,0,0,6,5,0,3,50,9,3,676
orjson_3_10_5,1686fe947d8bc33063d963fcbbd6130a5c9a3814,0,10410277.666666666,5158.0,278,67,0,0,48,50,59,329,165,164,75,11,89,33,26,30,347,10,1,1,0,2,0,0,1,0,0,1,3,2,1,0,11,7,2,0,2,48,2,6,0,0,6,5,0,3,50,9,3,676
orjson_3_10_6,1686fe947d8bc33063d963fcbbd6130a5c9a3814,0,10239989.75,5044.0,278,67,0,0,48,50,59,329,165,164,75,11,89,33,26,30,347,10,1,1,0,2,0,0,1,0,0,1,3,2,1,0,11,7,2,0,2,48,2,6,0,0,6,5,0,3,50,9,3,676
orjson_3_10_1,cd2129388d7e62a2ec9032df51191437e2358aa4,0,9004889.0,4755.0,169,66,0,0,24,25,30,419,222,197,89,9,108,37,35,36,391,4,3,2,1,1,3,1,2,0,0,2,4,1,0,0,4,7,1,0,1,24,1,4,2,2,4,3,0,2,25,1,4,810
orjson_3_10_2,cd2129388d7e62a2ec9032df51191437e2358aa4,0,8718652.666666666,4670.0,169,66,0,0,24,25,30,419,222,197,89,9,108,37,35,36,391,4,3,2,1,1,3,1,2,0,0,2,4,1,0,0,4,7,1,0,1,24,1,4,2,2,4,3,0,2,25,1,4,810
orjson_3_10_3,cd2129388d7e62a2ec9032df51191437e2358aa4,0,8736208.333333334,4670.0,169,66,0,0,24,25,30,419,222,197,89,9,108,37,35,36,391,4,3,2,1,1,3,1,2,0,0,2,4,1,0,0,4,7,1,0,1,24,1,4,2,2,4,3,0,2,25,1,4,810
orjson_3_10_4,cd2129388d7e62a2ec9032df51191437e2358aa4,0,8599736.0,4670.0,169,66,0,0,24,25,30,419,222,197,89,9,108,37,35,36,391,4,3,2,1,1,3,1,2,0,0,2,4,1,0,0,4,7,1,0,1,24,1,4,2,2,4,3,0,2,25,1,4,810
orjson_3_10_5,cd2129388d7e62a2ec9032df51191437e2358aa4,0,8593430.333333334,4670.0,169,66,0,0,24,25,30,419,222,197,89,9,108,37,35,36,391,4,3,2,1,1,3,1,2,0,0,2,4,1,0,0,4,7,1,0,1,24,1,4,2,2,4,3,0,2,25,1,4,810
orjson_3_10_6,cd2129388d7e62a2ec9032df51191437e2358aa4,0,8648597.333333334,4670.0,169,66,0,0,24,25,30,419,222,197,89,9,108,37,35,36,391,4,3,2,1,1,3,1,2,0,0,2,4,1,0,0,4,7,1,0,1,24,1,4,2,2,4,3,0,2,25,1,4,810
orjson_3_10_1,ff848104c6e726a93c759b9edc7eb857d475f8dc,0,8998722.333333334,4755.0,169,66,0,0,24,25,30,419,222,197,89,10,108,37,35,36,391,4,3,2,1,1,1,1,2,0,0,2,4,1,0,0,4,7,1,0,1,24,1,4,3,3,4,3,0,2,25,1,4,810
orjson_3_10_2,ff848104c6e726a93c759b9edc7eb857d475f8dc,0,8698680.333333334,4670.0,169,66,0,0,24,25,30,419,222,197,89,10,108,37,35,36,391,4,3,2,1,1,1,1,2,0,0,2,4,1,0,0,4,7,1,0,1,24,1,4,3,3,4,3,0,2,25,1,4,810
orjson_3_10_3,ff848104c6e726a93c759b9edc7eb857d475f8dc,0,8764000.333333334,4670.0,169,66,0,0,24,25,30,419,222,197,89,10,108,37,35,36,391,4,3,2,1,1,1,1,2,0,0,2,4,1,0,0,4,7,1,0,1,24,1,4,3,3,4,3,0,2,25,1,4,810
orjson_3_10_4,ff848104c6e726a93c759b9edc7eb857d475f8dc,0,8572889.0,4670.0,169,66,0,0,24,25,30,419,222,197,89,10,108,37,35,36,391,4,3,2,1,1,1,1,2,0,0,2,4,1,0,0,4,7,1,0,1,24,1,4,3,3,4,3,0,2,25,1,4,810
orjson_3_10_5,ff848104c6e726a93c759b9edc7eb857d475f8dc,0,8579305.666666666,4670.0,169,66,0,0,24,25,30,419,222,197,89,10,108,37,35,36,391,4,3,2,1,1,1,1,2,0,0,2,4,1,0,0,4,7,1,0,1,24,1,4,3,3,4,3,0,2,25,1,4,810
orjson_3_10_6,ff848104c6e726a93c759b9edc7eb857d475f8dc,0,8677291.666666666,4670.0,169,66,0,0,24,25,30,419,222,197,89,10,108,37,35,36,391,4,3,2,1,1,1,1,2,0,0,2,4,1,0,0,4,7,1,0,1,24,1,4,3,3,4,3,0,2,25,1,4,810
orjson_3_10_1,538bb743eb1c3acdcf5b8df5d2a15b25964e4139,0,10819833.333333334,5286.0,287,76,0,0,48,50,57,322,165,157,80,14,77,31,24,22,345,9,1,0,1,1,2,1,0,2,2,0,2,1,0,1,8,14,2,0,2,48,2,4,6,6,4,4,0,3,50,9,2,667
orjson_3_10_2,538bb743eb1c3acdcf5b8df5d2a15b25964e4139,0,9992250.0,4985.0,287,76,0,0,48,50,57,322,165,157,80,14,77,31,24,22,345,9,1,0,1,1,2,1,0,2,2,0,2,1,0,1,8,14,2,0,2,48,2,4,6,6,4,4,0,3,50,9,2,667
orjson_3_10_3,538bb743eb1c3acdcf5b8df5d2a15b25964e4139,0,9961042.0,4985.0,287,76,0,0,48,50,57,322,165,157,80,14,77,31,24,22,345,9,1,0,1,1,2,1,0,2,2,0,2,1,0,1,8,14,2,0,2,48,2,4,6,6,4,4,0,3,50,9,2,667
orjson_3_10_4,538bb743eb1c3acdcf5b8df5d2a15b25964e4139,0,10004333.666666666,5090.0,287,76,0,0,48,50,57,322,165,157,80,14,77,31,24,22,345,9,1,0,1,1,2,1,0,2,2,0,2,1,0,1,8,14,2,0,2,48,2,4,6,6,4,4,0,3,50,9,2,667
orjson_3_10_5,538bb743eb1c3acdcf5b8df5d2a15b25964e4139,0,9829361.0,4985.0,287,76,0,0,48,50,57,322,165,157,80,14,77,31,24,22,345,9,1,0,1,1,2,1,0,2,2,0,2,1,0,1,8,14,2,0,2,48,2,4,6,6,4,4,0,3,50,9,2,667
orjson_3_10_6,538bb743eb1c3acdcf5b8df5d2a15b25964e4139,0,9967500.0,5090.0,287,76,0,0,48,50,57,322,165,157,80,14,77,31,24,22,345,9,1,0,1,1,2,1,0,2,2,0,2,1,0,1,8,14,2,0,2,48,2,4,6,6,4,4,0,3,50,9,2,667
orjson_3_10_1,04d7ba43bcc3bdb28d3c7c9c8cb110caacc642be,0,8792930.666666666,4027.0,163,51,1,0,24,26,28,374,193,181,94,11,87,26,34,27,367,5,2,1,1,3,1,1,0,2,2,1,4,2,1,1,1,4,1,1,1,24,1,5,3,3,5,3,0,2,25,9,4,741
orjson_3_10_2,04d7ba43bcc3bdb28d3c7c9c8cb110caacc642be,0,8733736.333333334,4027.0,163,51,1,0,24,26,28,374,193,181,94,11,87,26,34,27,367,5,2,1,1,3,1,1,0,2,2,1,4,2,1,1,1,4,1,1,1,24,1,5,3,3,5,3,0,2,25,9,4,741
orjson_3_10_3,04d7ba43bcc3bdb28d3c7c9c8cb110caacc642be,0,8768833.333333334,4027.0,163,51,1,0,24,26,28,374,193,181,94,11,87,26,34,27,367,5,2,1,1,3,1,1,0,2,2,1,4,2,1,1,1,4,1,1,1,24,1,5,3,3,5,3,0,2,25,9,4,741
orjson_3_10_4,04d7ba43bcc3bdb28d3c7c9c8cb110caacc642be,0,8590194.333333334,4027.0,163,51,1,0,24,26,28,374,193,181,94,11,87,26,34,27,367,5,2,1,1,3,1,1,0,2,2,1,4,2,1,1,1,4,1,1,1,24,1,5,3,3,5,3,0,2,25,9,4,741
orjson_3_10_5,04d7ba43bcc3bdb28d3c7c9c8cb110caacc642be,0,8530416.666666666,4027.0,163,51,1,0,24,26,28,374,193,181,94,11,87,26,34,27,367,5,2,1,1,3,1,1,0,2,2,1,4,2,1,1,1,4,1,1,1,24,1,5,3,3,5,3,0,2,25,9,4,741
orjson_3_10_6,04d7ba43bcc3bdb28d3c7c9c8cb110caacc642be,0,8595625.0,4027.0,163,51,1,0,24,26,28,374,193,181,94,11,87,26,34,27,367,5,2,1,1,3,1,1,0,2,2,1,4,2,1,1,1,4,1,1,1,24,1,5,3,3,5,3,0,2,25,9,4,741
orjson_3_10_1,d87c8143c6248cdff2761506cec8b1a31c5a719f,0,9481972.333333334,4423.0,162,50,1,0,24,26,28,411,215,196,103,14,93,29,37,27,410,5,1,0,1,3,1,1,0,2,2,0,3,2,1,1,1,5,1,1,1,24,1,6,4,4,6,4,0,2,25,9,3,821
orjson_3_10_2,d87c8143c6248cdff2761506cec8b1a31c5a719f,0,9556556.0,4423.0,162,50,1,0,24,26,28,411,215,196,103,14,93,29,37,27,410,5,1,0,1,3,1,1,0,2,2,0,3,2,1,1,1,5,1,1,1,24,1,6,4,4,6,4,0,2,25,9,3,821
orjson_3_10_3,d87c8143c6248cdff2761506cec8b1a31c5a719f,0,9453028.0,4423.0,162,50,1,0,24,26,28,411,215,196,103,14,93,29,37,27,410,5,1,0,1,3,1,1,0,2,2,0,3,2,1,1,1,5,1,1,1,24,1,6,4,4,6,4,0,2,25,9,3,821
orjson_3_10_4,d87c8143c6248cdff2761506cec8b1a31c5a719f,0,9192125.0,4423.0,162,50,1,0,24,26,28,411,215,196,103,14,93,29,37,27,410,5,1,0,1,3,1,1,0,2,2,0,3,2,1,1,1,5,1,1,1,24,1,6,4,4,6,4,0,2,25,9,3,821
orjson_3_10_5,d87c8143c6248cdff2761506cec8b1a31c5a719f,0,9212014.0,4423.0,162,50,1,0,24,26,28,411,215,196,103,14,93,29,37,27,410,5,1,0,1,3,1,1,0,2,2,0,3,2,1,1,1,5,1,1,1,24,1,6,4,4,6,4,0,2,25,9,3,821
orjson_3_10_6,d87c8143c6248cdff2761506cec8b1a31c5a719f,0,9286291.666666666,4423.0,162,50,1,0,24,26,28,411,215,196,103,14,93,29,37,27,410,5,1,0,1,3,1,1,0,2,2,0,3,2,1,1,1,5,1,1,1,24,1,6,4,4,6,4,0,2,25,9,3,821
orjson_3_10_1,2f17bc117a464de68d3c5cc17db04b72bf73768f,0,9126166.666666666,4316.0,188,83,0,0,24,25,30,405,196,209,93,15,116,43,41,32,376,3,0,0,0,0,0,0,0,9,1,0,1,1,0,1,8,5,1,0,1,24,1,4,6,6,4,5,0,2,25,3,1,781
orjson_3_10_2,2f17bc117a464de68d3c5cc17db04b72bf73768f,0,9112889.0,4316.0,188,83,0,0,24,25,30,405,196,209,93,15,116,43,41,32,376,3,0,0,0,0,0,0,0,9,1,0,1,1,0,1,8,5,1,0,1,24,1,4,6,6,4,5,0,2,25,3,1,781
orjson_3_10_3,2f17bc117a464de68d3c5cc17db04b72bf73768f,0,9186972.333333334,4316.0,188,83,0,0,24,25,30,405,196,209,93,15,116,43,41,32,376,3,0,0,0,0,0,0,0,9,1,0,1,1,0,1,8,5,1,0,1,24,1,4,6,6,4,5,0,2,25,3,1,781
orjson_3_10_4,2f17bc117a464de68d3c5cc17db04b72bf73768f,0,8895152.666666666,4316.0,188,83,0,0,24,25,30,405,196,209,93,15,116,43,41,32,376,3,0,0,0,0,0,0,0,9,1,0,1,1,0,1,8,5,1,0,1,24,1,4,6,6,4,5,0,2,25,3,1,781
orjson_3_10_5,2f17bc117a464de68d3c5cc17db04b72bf73768f,0,9253097.333333334,4552.0,188,83,0,0,24,25,30,405,196,209,93,15,116,43,41,32,376,3,0,0,0,0,0,0,0,9,1,0,1,1,0,1,8,5,1,0,1,24,1,4,6,6,4,5,0,2,25,3,1,781
orjson_3_10_6,2f17bc117a464de68d3c5cc17db04b72bf73768f,0,9021124.666666666,4316.0,188,83,0,0,24,25,30,405,196,209,93,15,116,43,41,32,376,3,0,0,0,0,0,0,0,9,1,0,1,1,0,1,8,5,1,0,1,24,1,4,6,6,4,5,0,2,25,3,1,781
orjson_3_10_1,aa8d38dcd2ab6c437f50c3f333bef387619edb50,0,9153291.666666666,4316.0,188,83,0,0,24,25,30,405,196,209,93,15,116,43,41,32,376,3,0,0,0,0,0,0,0,9,1,0,1,1,0,1,8,5,1,0,1,24,1,4,6,6,4,5,0,2,25,3,1,781
orjson_3_10_2,aa8d38dcd2ab6c437f50c3f333bef387619edb50,0,9108736.333333334,4316.0,188,83,0,0,24,25,30,405,196,209,93,15,116,43,41,32,376,3,0,0,0,0,0,0,0,9,1,0,1,1,0,1,8,5,1,0,1,24,1,4,6,6,4,5,0,2,25,3,1,781
orjson_3_10_3,aa8d38dcd2ab6c437f50c3f333bef387619edb50,0,9035763.666666666,4316.0,188,83,0,0,24,25,30,405,196,209,93,15,116,43,41,32,376,3,0,0,0,0,0,0,0,9,1,0,1,1,0,1,8,5,1,0,1,24,1,4,6,6,4,5,0,2,25,3,1,781
orjson_3_10_4,aa8d38dcd2ab6c437f50c3f333bef387619edb50,0,8871861.0,4316.0,188,83,0,0,24,25,30,405,196,209,93,15,116,43,41,32,376,3,0,0,0,0,0,0,0,9,1,0,1,1,0,1,8,5,1,0,1,24,1,4,6,6,4,5,0,2,25,3,1,781
orjson_3_10_5,aa8d38dcd2ab6c437f50c3f333bef387619edb50,0,9199528.333333334,4552.0,188,83,0,0,24,25,30,405,196,209,93,15,116,43,41,32,376,3,0,0,0,0,0,0,0,9,1,0,1,1,0,1,8,5,1,0,1,24,1,4,6,6,4,5,0,2,25,3,1,781
orjson_3_10_6,aa8d38dcd2ab6c437f50c3f333bef387619edb50,0,8960916.666666666,4316.0,188,83,0,0,24,25,30,405,196,209,93,15,116,43,41,32,376,3,0,0,0,0,0,0,0,9,1,0,1,1,0,1,8,5,1,0,1,24,1,4,6,6,4,5,0,2,25,3,1,781
orjson_3_10_1,c8cf8e8ca6caf9e74139ef2294849630420b2af8,0,9810527.666666666,4913.0,159,55,0,0,24,25,28,416,230,186,89,9,97,37,31,29,408,5,1,0,1,5,1,1,3,10,1,0,5,4,1,1,4,6,1,0,1,24,1,3,3,3,3,3,0,2,25,2,5,824
orjson_3_10_2,c8cf8e8ca6caf9e74139ef2294849630420b2af8,0,9260750.333333334,4592.0,159,55,0,0,24,25,28,416,230,186,89,9,97,37,31,29,408,5,1,0,1,5,1,1,3,10,1,0,5,4,1,1,4,6,1,0,1,24,1,3,3,3,3,3,0,2,25,2,5,824
orjson_3_10_3,c8cf8e8ca6caf9e74139ef2294849630420b2af8,0,9365333.333333334,4592.0,159,55,0,0,24,25,28,416,230,186,89,9,97,37,31,29,408,5,1,0,1,5,1,1,3,10,1,0,5,4,1,1,4,6,1,0,1,24,1,3,3,3,3,3,0,2,25,2,5,824
orjson_3_10_4,c8cf8e8ca6caf9e74139ef2294849630420b2af8,0,9220791.666666666,4592.0,159,55,0,0,24,25,28,416,230,186,89,9,97,37,31,29,408,5,1,0,1,5,1,1,3,10,1,0,5,4,1,1,4,6,1,0,1,24,1,3,3,3,3,3,0,2,25,2,5,824
orjson_3_10_5,c8cf8e8ca6caf9e74139ef2294849630420b2af8,0,9196236.333333334,4592.0,159,55,0,0,24,25,28,416,230,186,89,9,97,37,31,29,408,5,1,0,1,5,1,1,3,10,1,0,5,4,1,1,4,6,1,0,1,24,1,3,3,3,3,3,0,2,25,2,5,824
orjson_3_10_6,c8cf8e8ca6caf9e74139ef2294849630420b2af8,0,9964545.7,4592.0,159,55,0,0,24,25,28,416,230,186,89,9,97,37,31,29,408,5,1,0,1,5,1,1,3,10,1,0,5,4,1,1,4,6,1,0,1,24,1,3,3,3,3,3,0,2,25,2,5,824
orjson_3_10_1,03d79144b3c8092e25f87d33253ee7af29837f7d,0,9231903.0,4316.0,189,84,0,0,24,25,30,405,196,209,93,15,116,43,41,32,376,3,0,0,0,0,0,0,0,9,1,0,1,1,0,1,8,5,1,0,1,24,1,4,6,6,4,5,0,2,25,3,1,781
orjson_3_10_2,03d79144b3c8092e25f87d33253ee7af29837f7d,0,9713375.1,4316.0,189,84,0,0,24,25,30,405,196,209,93,15,116,43,41,32,376,3,0,0,0,0,0,0,0,9,1,0,1,1,0,1,8,5,1,0,1,24,1,4,6,6,4,5,0,2,25,3,1,781
orjson_3_10_3,03d79144b3c8092e25f87d33253ee7af29837f7d,0,9121194.666666666,4316.0,189,84,0,0,24,25,30,405,196,209,93,15,116,43,41,32,376,3,0,0,0,0,0,0,0,9,1,0,1,1,0,1,8,5,1,0,1,24,1,4,6,6,4,5,0,2,25,3,1,781
orjson_3_10_4,03d79144b3c8092e25f87d33253ee7af29837f7d,0,8904930.333333334,4316.0,189,84,0,0,24,25,30,405,196,209,93,15,116,43,41,32,376,3,0,0,0,0,0,0,0,9,1,0,1,1,0,1,8,5,1,0,1,24,1,4,6,6,4,5,0,2,25,3,1,781
orjson_3_10_5,03d79144b3c8092e25f87d33253ee7af29837f7d,0,9209472.333333334,4552.0,189,84,0,0,24,25,30,405,196,209,93,15,116,43,41,32,376,3,0,0,0,0,0,0,0,9,1,0,1,1,0,1,8,5,1,0,1,24,1,4,6,6,4,5,0,2,25,3,1,781
orjson_3_10_6,03d79144b3c8092e25f87d33253ee7af29837f7d,0,8982014.0,4316.0,189,84,0,0,24,25,30,405,196,209,93,15,116,43,41,32,376,3,0,0,0,0,0,0,0,9,1,0,1,1,0,1,8,5,1,0,1,24,1,4,6,6,4,5,0,2,25,3,1,781
orjson_3_10_1,e8a3ea1e85830324dedf158c001983f8bf9a39fc,0,1662583.3333333333,616.0,29,11,0,0,3,4,4,60,26,34,23,2,11,2,5,4,71,1,1,1,1,1,1,0,0,0,0,1,1,0,0,0,0,2,1,0,1,3,1,0,1,1,0,1,0,1,4,0,1,131
orjson_3_10_2,e8a3ea1e85830324dedf158c001983f8bf9a39fc,0,1680875.3333333333,616.0,29,11,0,0,3,4,4,60,26,34,23,2,11,2,5,4,71,1,1,1,1,1,1,0,0,0,0,1,1,0,0,0,0,2,1,0,1,3,1,0,1,1,0,1,0,1,4,0,1,131
orjson_3_10_3,e8a3ea1e85830324dedf158c001983f8bf9a39fc,0,1685472.0,616.0,29,11,0,0,3,4,4,60,26,34,23,2,11,2,5,4,71,1,1,1,1,1,1,0,0,0,0,1,1,0,0,0,0,2,1,0,1,3,1,0,1,1,0,1,0,1,4,0,1,131
orjson_3_10_4,e8a3ea1e85830324dedf158c001983f8bf9a39fc,0,1643458.6666666667,616.0,29,11,0,0,3,4,4,60,26,34,23,2,11,2,5,4,71,1,1,1,1,1,1,0,0,0,0,1,1,0,0,0,0,2,1,0,1,3,1,0,1,1,0,1,0,1,4,0,1,131
orjson_3_10_5,e8a3ea1e85830324dedf158c001983f8bf9a39fc,0,1838195.9,616.0,29,11,0,0,3,4,4,60,26,34,23,2,11,2,5,4,71,1,1,1,1,1,1,0,0,0,0,1,1,0,0,0,0,2,1,0,1,3,1,0,1,1,0,1,0,1,4,0,1,131
orjson_3_10_6,e8a3ea1e85830324dedf158c001983f8bf9a39fc,0,1679153.0,616.0,29,11,0,0,3,4,4,60,26,34,23,2,11,2,5,4,71,1,1,1,1,1,1,0,0,0,0,1,1,0,0,0,0,2,1,0,1,3,1,0,1,1,0,1,0,1,4,0,1,131
orjson_3_10_1,1a221b0bd9bc7d7fd72c2a2a57acdaeb8a670197,0,2082375.3333333333,832.0,38,22,0,0,2,3,3,88,43,45,26,2,19,5,3,11,92,0,0,0,0,0,0,0,0,0,0,0,0,0,0,0,1,0,1,0,1,2,1,0,2,2,0,0,0,2,3,2,0,180
orjson_3_10_2,1a221b0bd9bc7d7fd72c2a2a57acdaeb8a670197,0,2141902.6666666665,832.0,38,22,0,0,2,3,3,88,43,45,26,2,19,5,3,11,92,0,0,0,0,0,0,0,0,0,0,0,0,0,0,0,1,0,1,0,1,2,1,0,2,2,0,0,0,2,3,2,0,180
orjson_3_10_3,1a221b0bd9bc7d7fd72c2a2a57acdaeb8a670197,0,2168041.6666666665,832.0,38,22,0,0,2,3,3,88,43,45,26,2,19,5,3,11,92,0,0,0,0,0,0,0,0,0,0,0,0,0,0,0,1,0,1,0,1,2,1,0,2,2,0,0,0,2,3,2,0,180
orjson_3_10_4,1a221b0bd9bc7d7fd72c2a2a57acdaeb8a670197,0,2066499.6666666667,832.0,38,22,0,0,2,3,3,88,43,45,26,2,19,5,3,11,92,0,0,0,0,0,0,0,0,0,0,0,0,0,0,0,1,0,1,0,1,2,1,0,2,2,0,0,0,2,3,2,0,180
orjson_3_10_5,1a221b0bd9bc7d7fd72c2a2a57acdaeb8a670197,0,2055458.5,832.0,38,22,0,0,2,3,3,88,43,45,26,2,19,5,3,11,92,0,0,0,0,0,0,0,0,0,0,0,0,0,0,0,1,0,1,0,1,2,1,0,2,2,0,0,0,2,3,2,0,180
orjson_3_10_6,1a221b0bd9bc7d7fd72c2a2a57acdaeb8a670197,0,2115083.3333333335,832.0,38,22,0,0,2,3,3,88,43,45,26,2,19,5,3,11,92,0,0,0,0,0,0,0,0,0,0,0,0,0,0,0,1,0,1,0,1,2,1,0,2,2,0,0,0,2,3,2,0,180
orjson_3_10_1,616bf4525d2fee32b94377b39b76b703a3b0d77e,0,343812.25,120.0,16,6,0,0,1,2,2,4,1,3,2,0,1,0,0,1,2,2,0,0,0,0,0,0,0,0,0,0,0,0,0,0,0,0,1,0,1,1,1,0,0,0,0,0,0,1,2,0,0,6
orjson_3_10_2,616bf4525d2fee32b94377b39b76b703a3b0d77e,0,342805.6666666667,120.0,16,6,0,0,1,2,2,4,1,3,2,0,1,0,0,1,2,2,0,0,0,0,0,0,0,0,0,0,0,0,0,0,0,0,1,0,1,1,1,0,0,0,0,0,0,1,2,0,0,6
orjson_3_10_3,616bf4525d2fee32b94377b39b76b703a3b0d77e,0,339291.3333333333,120.0,16,6,0,0,1,2,2,4,1,3,2,0,1,0,0,1,2,2,0,0,0,0,0,0,0,0,0,0,0,0,0,0,0,0,1,0,1,1,1,0,0,0,0,0,0,1,2,0,0,6
orjson_3_10_4,616bf4525d2fee32b94377b39b76b703a3b0d77e,0,340139.0,120.0,16,6,0,0,1,2,2,4,1,3,2,0,1,0,0,1,2,2,0,0,0,0,0,0,0,0,0,0,0,0,0,0,0,0,1,0,1,1,1,0,0,0,0,0,0,1,2,0,0,6
orjson_3_10_5,616bf4525d2fee32b94377b39b76b703a3b0d77e,0,342241.6,120.0,16,6,0,0,1,2,2,4,1,3,2,0,1,0,0,1,2,2,0,0,0,0,0,0,0,0,0,0,0,0,0,0,0,0,1,0,1,1,1,0,0,0,0,0,0,1,2,0,0,6
orjson_3_10_6,616bf4525d2fee32b94377b39b76b703a3b0d77e,0,345611.3333333333,120.0,16,6,0,0,1,2,2,4,1,3,2,0,1,0,0,1,2,2,0,0,0,0,0,0,0,0,0,0,0,0,0,0,0,0,1,0,1,1,1,0,0,0,0,0,0,1,2,0,0,6
orjson_3_10_1,ebbc8ffc51c8b5d11228fe2bf511744382515584,0,1980972.3333333333,880.0,14,4,0,0,1,2,2,98,58,40,21,3,19,6,5,8,94,0,1,1,1,1,1,0,0,0,0,1,1,0,0,0,0,1,1,0,1,1,1,1,1,1,1,1,0,1,2,0,1,192
orjson_3_10_2,ebbc8ffc51c8b5d11228fe2bf511744382515584,0,2028597.3333333333,880.0,14,4,0,0,1,2,2,98,58,40,21,3,19,6,5,8,94,0,1,1,1,1,1,0,0,0,0,1,1,0,0,0,0,1,1,0,1,1,1,1,1,1,1,1,0,1,2,0,1,192
orjson_3_10_3,ebbc8ffc51c8b5d11228fe2bf511744382515584,0,2040361.0,880.0,14,4,0,0,1,2,2,98,58,40,21,3,19,6,5,8,94,0,1,1,1,1,1,0,0,0,0,1,1,0,0,0,0,1,1,0,1,1,1,1,1,1,1,1,0,1,2,0,1,192
orjson_3_10_4,ebbc8ffc51c8b5d11228fe2bf511744382515584,0,1993958.3333333333,880.0,14,4,0,0,1,2,2,98,58,40,21,3,19,6,5,8,94,0,1,1,1,1,1,0,0,0,0,1,1,0,0,0,0,1,1,0,1,1,1,1,1,1,1,1,0,1,2,0,1,192
orjson_3_10_5,ebbc8ffc51c8b5d11228fe2bf511744382515584,0,1974277.3333333333,880.0,14,4,0,0,1,2,2,98,58,40,21,3,19,6,5,8,94,0,1,1,1,1,1,0,0,0,0,1,1,0,0,0,0,1,1,0,1,1,1,1,1,1,1,1,0,1,2,0,1,192
orjson_3_10_6,ebbc8ffc51c8b5d11228fe2bf511744382515584,0,2002694.6666666667,880.0,14,4,0,0,1,2,2,98,58,40,21,3,19,6,5,8,94,0,1,1,1,1,1,0,0,0,0,1,1,0,0,0,0,1,1,0,1,1,1,1,1,1,1,1,0,1,2,0,1,192
orjson_3_10_1,8f1b4526d8138aaffffc173b1b3aedf45ba8b51b,0,9080764.333333334,4060.0,125,58,1,13,19,23,11,443,208,235,112,13,123,43,36,44,456,4,4,2,2,4,2,2,2,20,3,2,7,3,0,2,1,5,3,1,3,6,3,5,2,2,5,6,0,4,9,2,7,899
orjson_3_10_2,8f1b4526d8138aaffffc173b1b3aedf45ba8b51b,0,9383250.0,4060.0,125,58,1,13,19,23,11,443,208,235,112,13,123,43,36,44,456,4,4,2,2,4,2,2,2,20,3,2,7,3,0,2,1,5,3,1,3,6,3,5,2,2,5,6,0,4,9,2,7,899
orjson_3_10_3,8f1b4526d8138aaffffc173b1b3aedf45ba8b51b,0,9319847.0,4060.0,125,58,1,13,19,23,11,443,208,235,112,13,123,43,36,44,456,4,4,2,2,4,2,2,2,20,3,2,7,3,0,2,1,5,3,1,3,6,3,5,2,2,5,6,0,4,9,2,7,899
orjson_3_10_4,8f1b4526d8138aaffffc173b1b3aedf45ba8b51b,0,9060430.666666666,4060.0,125,58,1,13,19,23,11,443,208,235,112,13,123,43,36,44,456,4,4,2,2,4,2,2,2,20,3,2,7,3,0,2,1,5,3,1,3,6,3,5,2,2,5,6,0,4,9,2,7,899
orjson_3_10_5,8f1b4526d8138aaffffc173b1b3aedf45ba8b51b,0,8997972.0,4060.0,125,58,1,13,19,23,11,443,208,235,112,13,123,43,36,44,456,4,4,2,2,4,2,2,2,20,3,2,7,3,0,2,1,5,3,1,3,6,3,5,2,2,5,6,0,4,9,2,7,899
orjson_3_10_6,8f1b4526d8138aaffffc173b1b3aedf45ba8b51b,0,9214403.0,4060.0,125,58,1,13,19,23,11,443,208,235,112,13,123,43,36,44,456,4,4,2,2,4,2,2,2,20,3,2,7,3,0,2,1,5,3,1,3,6,3,5,2,2,5,6,0,4,9,2,7,899
orjson_3_10_1,c0de0b62df858a1ecd7f27c9289066fda35c7168,0,2534069.6666666665,981.0,48,22,0,0,4,6,8,106,57,49,25,1,24,12,7,5,90,0,1,0,1,2,2,1,1,0,0,0,1,0,0,0,2,0,2,0,2,4,2,0,0,0,0,1,0,2,6,0,1,196
orjson_3_10_2,c0de0b62df858a1ecd7f27c9289066fda35c7168,0,2569944.3333333335,981.0,48,22,0,0,4,6,8,106,57,49,25,1,24,12,7,5,90,0,1,0,1,2,2,1,1,0,0,0,1,0,0,0,2,0,2,0,2,4,2,0,0,0,0,1,0,2,6,0,1,196
orjson_3_10_3,c0de0b62df858a1ecd7f27c9289066fda35c7168,0,2604736.0,981.0,48,22,0,0,4,6,8,106,57,49,25,1,24,12,7,5,90,0,1,0,1,2,2,1,1,0,0,0,1,0,0,0,2,0,2,0,2,4,2,0,0,0,0,1,0,2,6,0,1,196
orjson_3_10_4,c0de0b62df858a1ecd7f27c9289066fda35c7168,0,2522180.3333333335,981.0,48,22,0,0,4,6,8,106,57,49,25,1,24,12,7,5,90,0,1,0,1,2,2,1,1,0,0,0,1,0,0,0,2,0,2,0,2,4,2,0,0,0,0,1,0,2,6,0,1,196
orjson_3_10_5,c0de0b62df858a1ecd7f27c9289066fda35c7168,0,2528708.6666666665,981.0,48,22,0,0,4,6,8,106,57,49,25,1,24,12,7,5,90,0,1,0,1,2,2,1,1,0,0,0,1,0,0,0,2,0,2,0,2,4,2,0,0,0,0,1,0,2,6,0,1,196
orjson_3_10_6,c0de0b62df858a1ecd7f27c9289066fda35c7168,0,2566486.0,981.0,48,22,0,0,4,6,8,106,57,49,25,1,24,12,7,5,90,0,1,0,1,2,2,1,1,0,0,0,1,0,0,0,2,0,2,0,2,4,2,0,0,0,0,1,0,2,6,0,1,196
orjson_3_10_1,23327ce0461ef4ac7e7864954be429256e2b303c,0,975111.0,183.0,43,17,0,0,4,6,8,19,9,10,6,2,4,0,2,2,14,0,0,0,0,0,0,0,0,0,0,0,0,0,0,0,1,2,2,0,2,4,2,1,1,1,1,0,0,2,6,0,0,33
orjson_3_10_2,23327ce0461ef4ac7e7864954be429256e2b303c,0,956677.0,183.0,43,17,0,0,4,6,8,19,9,10,6,2,4,0,2,2,14,0,0,0,0,0,0,0,0,0,0,0,0,0,0,0,1,2,2,0,2,4,2,1,1,1,1,0,0,2,6,0,0,33
orjson_3_10_3,23327ce0461ef4ac7e7864954be429256e2b303c,0,963486.0,183.0,43,17,0,0,4,6,8,19,9,10,6,2,4,0,2,2,14,0,0,0,0,0,0,0,0,0,0,0,0,0,0,0,1,2,2,0,2,4,2,1,1,1,1,0,0,2,6,0,0,33
orjson_3_10_4,23327ce0461ef4ac7e7864954be429256e2b303c,0,955611.3333333334,183.0,43,17,0,0,4,6,8,19,9,10,6,2,4,0,2,2,14,0,0,0,0,0,0,0,0,0,0,0,0,0,0,0,1,2,2,0,2,4,2,1,1,1,1,0,0,2,6,0,0,33
orjson_3_10_5,23327ce0461ef4ac7e7864954be429256e2b303c,0,959500.0,183.0,43,17,0,0,4,6,8,19,9,10,6,2,4,0,2,2,14,0,0,0,0,0,0,0,0,0,0,0,0,0,0,0,1,2,2,0,2,4,2,1,1,1,1,0,0,2,6,0,0,33
orjson_3_10_6,23327ce0461ef4ac7e7864954be429256e2b303c,0,955541.6666666666,183.0,43,17,0,0,4,6,8,19,9,10,6,2,4,0,2,2,14,0,0,0,0,0,0,0,0,0,0,0,0,0,0,0,1,2,2,0,2,4,2,1,1,1,1,0,0,2,6,0,0,33
orjson_3_10_1,b54cedcfe936fd3d088ac913906fd9e7d4717fd6,0,8981944.666666666,4309.0,111,61,1,4,10,14,14,453,218,235,118,10,117,36,38,43,480,0,0,0,0,1,0,0,0,0,0,0,1,1,1,0,2,1,3,1,3,6,3,2,5,5,2,3,0,4,9,3,1,933
orjson_3_10_2,b54cedcfe936fd3d088ac913906fd9e7d4717fd6,0,9185291.5,4309.0,111,61,1,4,10,14,14,453,218,235,118,10,117,36,38,43,480,0,0,0,0,1,0,0,0,0,0,0,1,1,1,0,2,1,3,1,3,6,3,2,5,5,2,3,0,4,9,3,1,933
orjson_3_10_3,b54cedcfe936fd3d088ac913906fd9e7d4717fd6,0,9035819.333333334,4309.0,111,61,1,4,10,14,14,453,218,235,118,10,117,36,38,43,480,0,0,0,0,1,0,0,0,0,0,0,1,1,1,0,2,1,3,1,3,6,3,2,5,5,2,3,0,4,9,3,1,933
orjson_3_10_4,b54cedcfe936fd3d088ac913906fd9e7d4717fd6,0,8929388.666666666,4309.0,111,61,1,4,10,14,14,453,218,235,118,10,117,36,38,43,480,0,0,0,0,1,0,0,0,0,0,0,1,1,1,0,2,1,3,1,3,6,3,2,5,5,2,3,0,4,9,3,1,933
orjson_3_10_5,b54cedcfe936fd3d088ac913906fd9e7d4717fd6,0,8947361.333333334,4309.0,111,61,1,4,10,14,14,453,218,235,118,10,117,36,38,43,480,0,0,0,0,1,0,0,0,0,0,0,1,1,1,0,2,1,3,1,3,6,3,2,5,5,2,3,0,4,9,3,1,933
orjson_3_10_6,b54cedcfe936fd3d088ac913906fd9e7d4717fd6,0,8970833.333333334,4309.0,111,61,1,4,10,14,14,453,218,235,118,10,117,36,38,43,480,0,0,0,0,1,0,0,0,0,0,0,1,1,1,0,2,1,3,1,3,6,3,2,5,5,2,3,0,4,9,3,1,933
orjson_3_10_1,e518aa964070a4ff9f12cd1e11596ba447aa1c16,0,919902.6666666666,364.0,30,16,0,0,2,3,3,35,21,14,9,2,5,3,1,1,28,0,0,0,0,0,0,0,0,0,0,0,0,0,0,0,2,1,1,0,1,2,1,1,0,0,1,1,0,1,3,0,0,63
orjson_3_10_2,e518aa964070a4ff9f12cd1e11596ba447aa1c16,0,925208.0,364.0,30,16,0,0,2,3,3,35,21,14,9,2,5,3,1,1,28,0,0,0,0,0,0,0,0,0,0,0,0,0,0,0,2,1,1,0,1,2,1,1,0,0,1,1,0,1,3,0,0,63
orjson_3_10_3,e518aa964070a4ff9f12cd1e11596ba447aa1c16,0,920819.6666666666,364.0,30,16,0,0,2,3,3,35,21,14,9,2,5,3,1,1,28,0,0,0,0,0,0,0,0,0,0,0,0,0,0,0,2,1,1,0,1,2,1,1,0,0,1,1,0,1,3,0,0,63
orjson_3_10_4,e518aa964070a4ff9f12cd1e11596ba447aa1c16,0,914180.3333333334,364.0,30,16,0,0,2,3,3,35,21,14,9,2,5,3,1,1,28,0,0,0,0,0,0,0,0,0,0,0,0,0,0,0,2,1,1,0,1,2,1,1,0,0,1,1,0,1,3,0,0,63
orjson_3_10_5,e518aa964070a4ff9f12cd1e11596ba447aa1c16,0,921222.3333333334,364.0,30,16,0,0,2,3,3,35,21,14,9,2,5,3,1,1,28,0,0,0,0,0,0,0,0,0,0,0,0,0,0,0,2,1,1,0,1,2,1,1,0,0,1,1,0,1,3,0,0,63
orjson_3_10_6,e518aa964070a4ff9f12cd1e11596ba447aa1c16,0,929722.0,364.0,30,16,0,0,2,3,3,35,21,14,9,2,5,3,1,1,28,0,0,0,0,0,0,0,0,0,0,0,0,0,0,0,2,1,1,0,1,2,1,1,0,0,1,1,0,1,3,0,0,63
orjson_3_10_1,7ff8d5921c9ec3d7ad5ac6bc620bbcc0664fe239,0,1210750.3333333333,604.0,18,8,0,0,1,2,3,48,24,24,11,0,13,2,6,5,56,1,0,0,0,0,0,0,0,0,0,0,0,0,0,0,0,0,1,0,1,1,1,0,0,0,0,0,0,1,2,0,0,104
orjson_3_10_2,7ff8d5921c9ec3d7ad5ac6bc620bbcc0664fe239,0,1221222.3333333333,604.0,18,8,0,0,1,2,3,48,24,24,11,0,13,2,6,5,56,1,0,0,0,0,0,0,0,0,0,0,0,0,0,0,0,0,1,0,1,1,1,0,0,0,0,0,0,1,2,0,0,104
orjson_3_10_3,7ff8d5921c9ec3d7ad5ac6bc620bbcc0664fe239,0,1223694.6666666667,604.0,18,8,0,0,1,2,3,48,24,24,11,0,13,2,6,5,56,1,0,0,0,0,0,0,0,0,0,0,0,0,0,0,0,0,1,0,1,1,1,0,0,0,0,0,0,1,2,0,0,104
orjson_3_10_4,7ff8d5921c9ec3d7ad5ac6bc620bbcc0664fe239,0,1219635.25,604.0,18,8,0,0,1,2,3,48,24,24,11,0,13,2,6,5,56,1,0,0,0,0,0,0,0,0,0,0,0,0,0,0,0,0,1,0,1,1,1,0,0,0,0,0,0,1,2,0,0,104
orjson_3_10_5,7ff8d5921c9ec3d7ad5ac6bc620bbcc0664fe239,0,1195402.6666666667,604.0,18,8,0,0,1,2,3,48,24,24,11,0,13,2,6,5,56,1,0,0,0,0,0,0,0,0,0,0,0,0,0,0,0,0,1,0,1,1,1,0,0,0,0,0,0,1,2,0,0,104
orjson_3_10_6,7ff8d5921c9ec3d7ad5ac6bc620bbcc0664fe239,0,1210708.6666666667,604.0,18,8,0,0,1,2,3,48,24,24,11,0,13,2,6,5,56,1,0,0,0,0,0,0,0,0,0,0,0,0,0,0,0,0,1,0,1,1,1,0,0,0,0,0,0,1,2,0,0,104
orjson_3_10_1,a4ac4e63bba395896e22b5b8c6c64a357b3a91db,0,9613625.333333334,3656.0,204,92,5,26,33,42,13,429,213,216,103,11,113,40,37,36,411,10,3,2,2,3,6,1,2,0,0,2,4,1,0,0,6,8,4,5,4,7,4,2,4,4,2,5,0,7,11,9,4,840
orjson_3_10_2,a4ac4e63bba395896e22b5b8c6c64a357b3a91db,0,9602541.666666666,3656.0,204,92,5,26,33,42,13,429,213,216,103,11,113,40,37,36,411,10,3,2,2,3,6,1,2,0,0,2,4,1,0,0,6,8,4,5,4,7,4,2,4,4,2,5,0,7,11,9,4,840
orjson_3_10_3,a4ac4e63bba395896e22b5b8c6c64a357b3a91db,0,9506010.5,3656.0,204,92,5,26,33,42,13,429,213,216,103,11,113,40,37,36,411,10,3,2,2,3,6,1,2,0,0,2,4,1,0,0,6,8,4,5,4,7,4,2,4,4,2,5,0,7,11,9,4,840
orjson_3_10_4,a4ac4e63bba395896e22b5b8c6c64a357b3a91db,0,9363000.0,3656.0,204,92,5,26,33,42,13,429,213,216,103,11,113,40,37,36,411,10,3,2,2,3,6,1,2,0,0,2,4,1,0,0,6,8,4,5,4,7,4,2,4,4,2,5,0,7,11,9,4,840
orjson_3_10_5,a4ac4e63bba395896e22b5b8c6c64a357b3a91db,0,9427375.0,3656.0,204,92,5,26,33,42,13,429,213,216,103,11,113,40,37,36,411,10,3,2,2,3,6,1,2,0,0,2,4,1,0,0,6,8,4,5,4,7,4,2,4,4,2,5,0,7,11,9,4,840
orjson_3_10_6,a4ac4e63bba395896e22b5b8c6c64a357b3a91db,0,9492722.0,3656.0,204,92,5,26,33,42,13,429,213,216,103,11,113,40,37,36,411,10,3,2,2,3,6,1,2,0,0,2,4,1,0,0,6,8,4,5,4,7,4,2,4,4,2,5,0,7,11,9,4,840
orjson_3_10_1,395ce8d591b7339c18a9e351a25d6c37886f8104,0,1431361.3333333333,688.0,29,18,0,0,1,2,2,65,35,30,15,0,15,6,4,5,59,0,0,0,0,0,0,0,0,0,0,0,0,0,0,0,1,0,1,0,1,1,1,0,0,0,0,0,0,2,2,1,0,124
orjson_3_10_2,395ce8d591b7339c18a9e351a25d6c37886f8104,0,1457180.3333333333,688.0,29,18,0,0,1,2,2,65,35,30,15,0,15,6,4,5,59,0,0,0,0,0,0,0,0,0,0,0,0,0,0,0,1,0,1,0,1,1,1,0,0,0,0,0,0,2,2,1,0,124
orjson_3_10_3,395ce8d591b7339c18a9e351a25d6c37886f8104,0,1456139.0,688.0,29,18,0,0,1,2,2,65,35,30,15,0,15,6,4,5,59,0,0,0,0,0,0,0,0,0,0,0,0,0,0,0,1,0,1,0,1,1,1,0,0,0,0,0,0,2,2,1,0,124
orjson_3_10_4,395ce8d591b7339c18a9e351a25d6c37886f8104,0,1419236.0,688.0,29,18,0,0,1,2,2,65,35,30,15,0,15,6,4,5,59,0,0,0,0,0,0,0,0,0,0,0,0,0,0,0,1,0,1,0,1,1,1,0,0,0,0,0,0,2,2,1,0,124
orjson_3_10_5,395ce8d591b7339c18a9e351a25d6c37886f8104,0,1430027.6666666667,688.0,29,18,0,0,1,2,2,65,35,30,15,0,15,6,4,5,59,0,0,0,0,0,0,0,0,0,0,0,0,0,0,0,1,0,1,0,1,1,1,0,0,0,0,0,0,2,2,1,0,124
orjson_3_10_6,395ce8d591b7339c18a9e351a25d6c37886f8104,0,1426861.0,688.0,29,18,0,0,1,2,2,65,35,30,15,0,15,6,4,5,59,0,0,0,0,0,0,0,0,0,0,0,0,0,0,0,1,0,1,0,1,1,1,0,0,0,0,0,0,2,2,1,0,124
orjson_3_10_1,5a7ac7c396c99fb60e0144502e122dee2872d756,0,2238500.3333333335,1112.0,23,13,0,0,1,2,3,109,53,56,26,2,30,8,16,6,127,1,0,0,0,0,0,0,0,0,0,0,0,0,0,0,0,0,1,0,1,1,1,0,1,1,0,1,0,1,2,0,0,236
orjson_3_10_2,5a7ac7c396c99fb60e0144502e122dee2872d756,0,2258430.6666666665,1112.0,23,13,0,0,1,2,3,109,53,56,26,2,30,8,16,6,127,1,0,0,0,0,0,0,0,0,0,0,0,0,0,0,0,0,1,0,1,1,1,0,1,1,0,1,0,1,2,0,0,236
orjson_3_10_3,5a7ac7c396c99fb60e0144502e122dee2872d756,0,2239958.0,1112.0,23,13,0,0,1,2,3,109,53,56,26,2,30,8,16,6,127,1,0,0,0,0,0,0,0,0,0,0,0,0,0,0,0,0,1,0,1,1,1,0,1,1,0,1,0,1,2,0,0,236
orjson_3_10_4,5a7ac7c396c99fb60e0144502e122dee2872d756,0,2208541.3333333335,1112.0,23,13,0,0,1,2,3,109,53,56,26,2,30,8,16,6,127,1,0,0,0,0,0,0,0,0,0,0,0,0,0,0,0,0,1,0,1,1,1,0,1,1,0,1,0,1,2,0,0,236
orjson_3_10_5,5a7ac7c396c99fb60e0144502e122dee2872d756,0,2207056.0,1112.0,23,13,0,0,1,2,3,109,53,56,26,2,30,8,16,6,127,1,0,0,0,0,0,0,0,0,0,0,0,0,0,0,0,0,1,0,1,1,1,0,1,1,0,1,0,1,2,0,0,236
orjson_3_10_6,5a7ac7c396c99fb60e0144502e122dee2872d756,0,2240208.3333333335,1112.0,23,13,0,0,1,2,3,109,53,56,26,2,30,8,16,6,127,1,0,0,0,0,0,0,0,0,0,0,0,0,0,0,0,0,1,0,1,1,1,0,1,1,0,1,0,1,2,0,0,236
orjson_3_10_1,4b1e534240d9d8e10ab56c706152373737190084,0,2020625.0,924.0,16,6,0,0,1,2,2,91,55,36,12,2,24,13,4,7,109,1,0,0,0,0,0,0,0,0,0,0,0,0,0,0,0,1,1,0,1,1,1,1,1,1,1,0,0,1,2,0,0,200
orjson_3_10_2,4b1e534240d9d8e10ab56c706152373737190084,0,2030771.0,924.0,16,6,0,0,1,2,2,91,55,36,12,2,24,13,4,7,109,1,0,0,0,0,0,0,0,0,0,0,0,0,0,0,0,1,1,0,1,1,1,1,1,1,1,0,0,1,2,0,0,200
orjson_3_10_3,4b1e534240d9d8e10ab56c706152373737190084,0,2049736.0,924.0,16,6,0,0,1,2,2,91,55,36,12,2,24,13,4,7,109,1,0,0,0,0,0,0,0,0,0,0,0,0,0,0,0,1,1,0,1,1,1,1,1,1,1,0,0,1,2,0,0,200
orjson_3_10_4,4b1e534240d9d8e10ab56c706152373737190084,0,1994083.3333333333,924.0,16,6,0,0,1,2,2,91,55,36,12,2,24,13,4,7,109,1,0,0,0,0,0,0,0,0,0,0,0,0,0,0,0,1,1,0,1,1,1,1,1,1,1,0,0,1,2,0,0,200
orjson_3_10_5,4b1e534240d9d8e10ab56c706152373737190084,0,2000319.3333333333,924.0,16,6,0,0,1,2,2,91,55,36,12,2,24,13,4,7,109,1,0,0,0,0,0,0,0,0,0,0,0,0,0,0,0,1,1,0,1,1,1,1,1,1,1,0,0,1,2,0,0,200
orjson_3_10_6,4b1e534240d9d8e10ab56c706152373737190084,0,2010708.0,924.0,16,6,0,0,1,2,2,91,55,36,12,2,24,13,4,7,109,1,0,0,0,0,0,0,0,0,0,0,0,0,0,0,0,1,1,0,1,1,1,1,1,1,1,0,0,1,2,0,0,200
orjson_3_10_1,33d43cadc12f32c399eb7ad7654a826719a6c666,0,422041.6666666667,120.0,30,20,0,0,1,2,3,4,2,2,1,0,1,0,1,0,9,0,0,0,0,0,0,0,0,0,0,0,0,0,0,0,0,1,1,0,1,1,1,0,0,0,0,0,0,1,2,0,0,13
orjson_3_10_2,33d43cadc12f32c399eb7ad7654a826719a6c666,0,423958.3333333333,120.0,30,20,0,0,1,2,3,4,2,2,1,0,1,0,1,0,9,0,0,0,0,0,0,0,0,0,0,0,0,0,0,0,0,1,1,0,1,1,1,0,0,0,0,0,0,1,2,0,0,13
orjson_3_10_3,33d43cadc12f32c399eb7ad7654a826719a6c666,0,422583.3333333333,120.0,30,20,0,0,1,2,3,4,2,2,1,0,1,0,1,0,9,0,0,0,0,0,0,0,0,0,0,0,0,0,0,0,0,1,1,0,1,1,1,0,0,0,0,0,0,1,2,0,0,13
orjson_3_10_4,33d43cadc12f32c399eb7ad7654a826719a6c666,0,420111.0,120.0,30,20,0,0,1,2,3,4,2,2,1,0,1,0,1,0,9,0,0,0,0,0,0,0,0,0,0,0,0,0,0,0,0,1,1,0,1,1,1,0,0,0,0,0,0,1,2,0,0,13
orjson_3_10_5,33d43cadc12f32c399eb7ad7654a826719a6c666,0,415986.0,120.0,30,20,0,0,1,2,3,4,2,2,1,0,1,0,1,0,9,0,0,0,0,0,0,0,0,0,0,0,0,0,0,0,0,1,1,0,1,1,1,0,0,0,0,0,0,1,2,0,0,13
orjson_3_10_6,33d43cadc12f32c399eb7ad7654a826719a6c666,0,424125.0,120.0,30,20,0,0,1,2,3,4,2,2,1,0,1,0,1,0,9,0,0,0,0,0,0,0,0,0,0,0,0,0,0,0,0,1,1,0,1,1,1,0,0,0,0,0,0,1,2,0,0,13
orjson_3_10_1,16a71156baabff33cbc66300963063e27e359e06,0,10702094.0,5286.0,286,75,0,0,48,50,57,322,165,157,80,14,77,31,24,22,345,9,1,0,1,1,2,1,0,6,2,0,2,1,0,1,8,14,2,0,2,48,2,4,6,6,4,4,0,3,50,9,2,667
orjson_3_10_2,16a71156baabff33cbc66300963063e27e359e06,0,9982833.333333334,4985.0,286,75,0,0,48,50,57,322,165,157,80,14,77,31,24,22,345,9,1,0,1,1,2,1,0,6,2,0,2,1,0,1,8,14,2,0,2,48,2,4,6,6,4,4,0,3,50,9,2,667
orjson_3_10_3,16a71156baabff33cbc66300963063e27e359e06,0,9980361.0,4985.0,286,75,0,0,48,50,57,322,165,157,80,14,77,31,24,22,345,9,1,0,1,1,2,1,0,6,2,0,2,1,0,1,8,14,2,0,2,48,2,4,6,6,4,4,0,3,50,9,2,667
orjson_3_10_4,16a71156baabff33cbc66300963063e27e359e06,0,9922944.666666666,5090.0,286,75,0,0,48,50,57,322,165,157,80,14,77,31,24,22,345,9,1,0,1,1,2,1,0,6,2,0,2,1,0,1,8,14,2,0,2,48,2,4,6,6,4,4,0,3,50,9,2,667
orjson_3_10_5,16a71156baabff33cbc66300963063e27e359e06,0,9801708.0,4985.0,286,75,0,0,48,50,57,322,165,157,80,14,77,31,24,22,345,9,1,0,1,1,2,1,0,6,2,0,2,1,0,1,8,14,2,0,2,48,2,4,6,6,4,4,0,3,50,9,2,667
orjson_3_10_6,16a71156baabff33cbc66300963063e27e359e06,0,10002111.0,5090.0,286,75,0,0,48,50,57,322,165,157,80,14,77,31,24,22,345,9,1,0,1,1,2,1,0,6,2,0,2,1,0,1,8,14,2,0,2,48,2,4,6,6,4,4,0,3,50,9,2,667
orjson_3_10_1,8d81f4f5c54592f19dd05eb82914141ed8b8aa5b,0,10829181.0,5286.0,286,75,0,0,48,50,57,322,165,157,80,14,77,31,24,22,345,9,1,0,1,1,2,1,0,2,2,0,2,1,0,1,8,14,2,0,2,48,2,4,6,6,4,4,0,3,50,9,2,667
orjson_3_10_2,8d81f4f5c54592f19dd05eb82914141ed8b8aa5b,0,9956514.0,4985.0,286,75,0,0,48,50,57,322,165,157,80,14,77,31,24,22,345,9,1,0,1,1,2,1,0,2,2,0,2,1,0,1,8,14,2,0,2,48,2,4,6,6,4,4,0,3,50,9,2,667
orjson_3_10_3,8d81f4f5c54592f19dd05eb82914141ed8b8aa5b,0,9936944.333333334,4985.0,286,75,0,0,48,50,57,322,165,157,80,14,77,31,24,22,345,9,1,0,1,1,2,1,0,2,2,0,2,1,0,1,8,14,2,0,2,48,2,4,6,6,4,4,0,3,50,9,2,667
orjson_3_10_4,8d81f4f5c54592f19dd05eb82914141ed8b8aa5b,0,9929472.333333334,5090.0,286,75,0,0,48,50,57,322,165,157,80,14,77,31,24,22,345,9,1,0,1,1,2,1,0,2,2,0,2,1,0,1,8,14,2,0,2,48,2,4,6,6,4,4,0,3,50,9,2,667
orjson_3_10_5,8d81f4f5c54592f19dd05eb82914141ed8b8aa5b,0,9792403.0,4985.0,286,75,0,0,48,50,57,322,165,157,80,14,77,31,24,22,345,9,1,0,1,1,2,1,0,2,2,0,2,1,0,1,8,14,2,0,2,48,2,4,6,6,4,4,0,3,50,9,2,667
orjson_3_10_6,8d81f4f5c54592f19dd05eb82914141ed8b8aa5b,0,10057444.666666666,5090.0,286,75,0,0,48,50,57,322,165,157,80,14,77,31,24,22,345,9,1,0,1,1,2,1,0,2,2,0,2,1,0,1,8,14,2,0,2,48,2,4,6,6,4,4,0,3,50,9,2,667
orjson_3_10_1,20b6ce42468d0f5e629bf9c412607a41f429ff53,0,11586031.25,5481.0,391,78,0,0,72,75,83,258,145,113,50,3,63,21,17,25,279,15,1,0,1,3,3,1,2,8,1,0,4,3,1,0,19,16,3,0,3,72,3,1,0,0,1,2,0,4,75,11,4,537
orjson_3_10_2,20b6ce42468d0f5e629bf9c412607a41f429ff53,0,10704114.5,5160.0,391,78,0,0,72,75,83,258,145,113,50,3,63,21,17,25,279,15,1,0,1,3,3,1,2,8,1,0,4,3,1,0,19,16,3,0,3,72,3,1,0,0,1,2,0,4,75,11,4,537
orjson_3_10_3,20b6ce42468d0f5e629bf9c412607a41f429ff53,0,10745555.666666666,5282.0,391,78,0,0,72,75,83,258,145,113,50,3,63,21,17,25,279,15,1,0,1,3,3,1,2,8,1,0,4,3,1,0,19,16,3,0,3,72,3,1,0,0,1,2,0,4,75,11,4,537
orjson_3_10_4,20b6ce42468d0f5e629bf9c412607a41f429ff53,0,10529694.333333334,5072.0,391,78,0,0,72,75,83,258,145,113,50,3,63,21,17,25,279,15,1,0,1,3,3,1,2,8,1,0,4,3,1,0,19,16,3,0,3,72,3,1,0,0,1,2,0,4,75,11,4,537
orjson_3_10_5,20b6ce42468d0f5e629bf9c412607a41f429ff53,0,10711437.5,5158.0,391,78,0,0,72,75,83,258,145,113,50,3,63,21,17,25,279,15,1,0,1,3,3,1,2,8,1,0,4,3,1,0,19,16,3,0,3,72,3,1,0,0,1,2,0,4,75,11,4,537
orjson_3_10_6,20b6ce42468d0f5e629bf9c412607a41f429ff53,0,10954708.333333334,5282.0,391,78,0,0,72,75,83,258,145,113,50,3,63,21,17,25,279,15,1,0,1,3,3,1,2,8,1,0,4,3,1,0,19,16,3,0,3,72,3,1,0,0,1,2,0,4,75,11,4,537
orjson_3_10_1,d0b63cc7866d6e7a9b600afe3ae0d44759e5b4ff,0,9772972.333333334,4566.0,159,55,0,0,24,25,30,405,198,207,96,14,111,34,34,43,405,4,2,1,2,1,5,1,0,1,1,1,2,0,0,0,5,7,1,0,1,24,1,4,5,5,4,5,0,2,25,2,2,810
orjson_3_10_2,d0b63cc7866d6e7a9b600afe3ae0d44759e5b4ff,0,9721402.666666666,4480.0,159,55,0,0,24,25,30,405,198,207,96,14,111,34,34,43,405,4,2,1,2,1,5,1,0,1,1,1,2,0,0,0,5,7,1,0,1,24,1,4,5,5,4,5,0,2,25,2,2,810
orjson_3_10_3,d0b63cc7866d6e7a9b600afe3ae0d44759e5b4ff,0,9605833.333333334,4480.0,159,55,0,0,24,25,30,405,198,207,96,14,111,34,34,43,405,4,2,1,2,1,5,1,0,1,1,1,2,0,0,0,5,7,1,0,1,24,1,4,5,5,4,5,0,2,25,2,2,810
orjson_3_10_4,d0b63cc7866d6e7a9b600afe3ae0d44759e5b4ff,0,9405125.0,4480.0,159,55,0,0,24,25,30,405,198,207,96,14,111,34,34,43,405,4,2,1,2,1,5,1,0,1,1,1,2,0,0,0,5,7,1,0,1,24,1,4,5,5,4,5,0,2,25,2,2,810
orjson_3_10_5,d0b63cc7866d6e7a9b600afe3ae0d44759e5b4ff,0,9377791.666666666,4480.0,159,55,0,0,24,25,30,405,198,207,96,14,111,34,34,43,405,4,2,1,2,1,5,1,0,1,1,1,2,0,0,0,5,7,1,0,1,24,1,4,5,5,4,5,0,2,25,2,2,810
orjson_3_10_6,d0b63cc7866d6e7a9b600afe3ae0d44759e5b4ff,0,9414180.333333334,4480.0,159,55,0,0,24,25,30,405,198,207,96,14,111,34,34,43,405,4,2,1,2,1,5,1,0,1,1,1,2,0,0,0,5,7,1,0,1,24,1,4,5,5,4,5,0,2,25,2,2,810
orjson_3_10_1,6c64c2c8d1e2d3a20336a7aabc3ef966065a166c,0,9537277.666666666,4672.0,192,87,0,0,24,25,30,405,214,191,107,11,84,34,22,28,397,4,3,2,1,1,3,1,1,0,0,2,3,0,0,0,5,5,1,0,1,24,1,6,3,3,6,2,0,2,25,3,3,802
orjson_3_10_2,6c64c2c8d1e2d3a20336a7aabc3ef966065a166c,0,9493930.333333334,4672.0,192,87,0,0,24,25,30,405,214,191,107,11,84,34,22,28,397,4,3,2,1,1,3,1,1,0,0,2,3,0,0,0,5,5,1,0,1,24,1,6,3,3,6,2,0,2,25,3,3,802
orjson_3_10_3,6c64c2c8d1e2d3a20336a7aabc3ef966065a166c,0,9443805.666666666,4672.0,192,87,0,0,24,25,30,405,214,191,107,11,84,34,22,28,397,4,3,2,1,1,3,1,1,0,0,2,3,0,0,0,5,5,1,0,1,24,1,6,3,3,6,2,0,2,25,3,3,802
orjson_3_10_4,6c64c2c8d1e2d3a20336a7aabc3ef966065a166c,0,9368597.0,4672.0,192,87,0,0,24,25,30,405,214,191,107,11,84,34,22,28,397,4,3,2,1,1,3,1,1,0,0,2,3,0,0,0,5,5,1,0,1,24,1,6,3,3,6,2,0,2,25,3,3,802
orjson_3_10_5,6c64c2c8d1e2d3a20336a7aabc3ef966065a166c,0,9371583.666666666,4672.0,192,87,0,0,24,25,30,405,214,191,107,11,84,34,22,28,397,4,3,2,1,1,3,1,1,0,0,2,3,0,0,0,5,5,1,0,1,24,1,6,3,3,6,2,0,2,25,3,3,802
orjson_3_10_6,6c64c2c8d1e2d3a20336a7aabc3ef966065a166c,0,9383625.333333334,4672.0,192,87,0,0,24,25,30,405,214,191,107,11,84,34,22,28,397,4,3,2,1,1,3,1,1,0,0,2,3,0,0,0,5,5,1,0,1,24,1,6,3,3,6,2,0,2,25,3,3,802
orjson_3_10_1,ef68529eab1aceb53a6e461f91ffbb0963d50cab,0,9745055.666666666,4566.0,163,59,0,0,24,25,30,405,198,207,96,14,111,34,35,42,405,4,2,1,2,1,5,1,0,1,1,1,2,0,0,0,5,7,1,0,1,24,1,4,5,5,4,5,0,2,25,2,2,810
orjson_3_10_2,ef68529eab1aceb53a6e461f91ffbb0963d50cab,0,9681708.666666666,4480.0,163,59,0,0,24,25,30,405,198,207,96,14,111,34,35,42,405,4,2,1,2,1,5,1,0,1,1,1,2,0,0,0,5,7,1,0,1,24,1,4,5,5,4,5,0,2,25,2,2,810
orjson_3_10_3,ef68529eab1aceb53a6e461f91ffbb0963d50cab,0,9591236.333333334,4480.0,163,59,0,0,24,25,30,405,198,207,96,14,111,34,35,42,405,4,2,1,2,1,5,1,0,1,1,1,2,0,0,0,5,7,1,0,1,24,1,4,5,5,4,5,0,2,25,2,2,810
orjson_3_10_4,ef68529eab1aceb53a6e461f91ffbb0963d50cab,0,9400986.0,4480.0,163,59,0,0,24,25,30,405,198,207,96,14,111,34,35,42,405,4,2,1,2,1,5,1,0,1,1,1,2,0,0,0,5,7,1,0,1,24,1,4,5,5,4,5,0,2,25,2,2,810
orjson_3_10_5,ef68529eab1aceb53a6e461f91ffbb0963d50cab,0,9375889.0,4480.0,163,59,0,0,24,25,30,405,198,207,96,14,111,34,35,42,405,4,2,1,2,1,5,1,0,1,1,1,2,0,0,0,5,7,1,0,1,24,1,4,5,5,4,5,0,2,25,2,2,810
orjson_3_10_6,ef68529eab1aceb53a6e461f91ffbb0963d50cab,0,9420805.333333334,4480.0,163,59,0,0,24,25,30,405,198,207,96,14,111,34,35,42,405,4,2,1,2,1,5,1,0,1,1,1,2,0,0,0,5,7,1,0,1,24,1,4,5,5,4,5,0,2,25,2,2,810
orjson_3_10_1,cfebe4e98275da31b4ae0026c7eb69523032e0c3,0,9702625.0,4524.0,163,59,0,0,24,25,30,404,197,207,96,14,111,34,34,43,405,4,2,1,2,1,5,1,0,1,1,1,2,0,0,0,5,7,1,0,1,24,1,4,5,5,4,5,0,2,25,2,2,809
orjson_3_10_2,cfebe4e98275da31b4ae0026c7eb69523032e0c3,0,9512111.333333334,4438.0,163,59,0,0,24,25,30,404,197,207,96,14,111,34,34,43,405,4,2,1,2,1,5,1,0,1,1,1,2,0,0,0,5,7,1,0,1,24,1,4,5,5,4,5,0,2,25,2,2,809
orjson_3_10_3,cfebe4e98275da31b4ae0026c7eb69523032e0c3,0,9564583.333333334,4438.0,163,59,0,0,24,25,30,404,197,207,96,14,111,34,34,43,405,4,2,1,2,1,5,1,0,1,1,1,2,0,0,0,5,7,1,0,1,24,1,4,5,5,4,5,0,2,25,2,2,809
orjson_3_10_4,cfebe4e98275da31b4ae0026c7eb69523032e0c3,0,9313520.75,4438.0,163,59,0,0,24,25,30,404,197,207,96,14,111,34,34,43,405,4,2,1,2,1,5,1,0,1,1,1,2,0,0,0,5,7,1,0,1,24,1,4,5,5,4,5,0,2,25,2,2,809
orjson_3_10_5,cfebe4e98275da31b4ae0026c7eb69523032e0c3,0,9237861.333333334,4438.0,163,59,0,0,24,25,30,404,197,207,96,14,111,34,34,43,405,4,2,1,2,1,5,1,0,1,1,1,2,0,0,0,5,7,1,0,1,24,1,4,5,5,4,5,0,2,25,2,2,809
orjson_3_10_6,cfebe4e98275da31b4ae0026c7eb69523032e0c3,0,9404278.0,4438.0,163,59,0,0,24,25,30,404,197,207,96,14,111,34,34,43,405,4,2,1,2,1,5,1,0,1,1,1,2,0,0,0,5,7,1,0,1,24,1,4,5,5,4,5,0,2,25,2,2,809
orjson_3_10_1,168173329dcef98752538ffd63ac8528bdfacb34,0,9700652.333333334,4566.0,163,59,0,0,24,25,30,405,198,207,96,14,111,34,34,43,405,4,2,1,2,1,5,1,0,1,1,1,2,0,0,0,5,7,1,0,1,24,1,5,4,4,5,5,0,2,25,2,2,810
orjson_3_10_2,168173329dcef98752538ffd63ac8528bdfacb34,0,9621222.0,4480.0,163,59,0,0,24,25,30,405,198,207,96,14,111,34,34,43,405,4,2,1,2,1,5,1,0,1,1,1,2,0,0,0,5,7,1,0,1,24,1,5,4,4,5,5,0,2,25,2,2,810
orjson_3_10_3,168173329dcef98752538ffd63ac8528bdfacb34,0,9581152.666666666,4480.0,163,59,0,0,24,25,30,405,198,207,96,14,111,34,34,43,405,4,2,1,2,1,5,1,0,1,1,1,2,0,0,0,5,7,1,0,1,24,1,5,4,4,5,5,0,2,25,2,2,810
orjson_3_10_4,168173329dcef98752538ffd63ac8528bdfacb34,0,9360819.666666666,4480.0,163,59,0,0,24,25,30,405,198,207,96,14,111,34,34,43,405,4,2,1,2,1,5,1,0,1,1,1,2,0,0,0,5,7,1,0,1,24,1,5,4,4,5,5,0,2,25,2,2,810
orjson_3_10_5,168173329dcef98752538ffd63ac8528bdfacb34,0,9386083.666666666,4480.0,163,59,0,0,24,25,30,405,198,207,96,14,111,34,34,43,405,4,2,1,2,1,5,1,0,1,1,1,2,0,0,0,5,7,1,0,1,24,1,5,4,4,5,5,0,2,25,2,2,810
orjson_3_10_6,168173329dcef98752538ffd63ac8528bdfacb34,0,9414402.333333334,4480.0,163,59,0,0,24,25,30,405,198,207,96,14,111,34,34,43,405,4,2,1,2,1,5,1,0,1,1,1,2,0,0,0,5,7,1,0,1,24,1,5,4,4,5,5,0,2,25,2,2,810
orjson_3_10_1,91c7b66e9bad009f57b82757d5f0edac7cfd10e3,0,9698569.666666666,4672.0,191,86,0,0,24,25,30,405,214,191,107,11,84,34,22,28,397,4,3,2,1,1,3,1,1,0,0,2,3,0,0,0,5,5,1,0,1,24,1,6,3,3,6,2,0,2,25,3,3,802
orjson_3_10_2,91c7b66e9bad009f57b82757d5f0edac7cfd10e3,0,9493875.333333334,4672.0,191,86,0,0,24,25,30,405,214,191,107,11,84,34,22,28,397,4,3,2,1,1,3,1,1,0,0,2,3,0,0,0,5,5,1,0,1,24,1,6,3,3,6,2,0,2,25,3,3,802
orjson_3_10_3,91c7b66e9bad009f57b82757d5f0edac7cfd10e3,0,9484333.333333334,4672.0,191,86,0,0,24,25,30,405,214,191,107,11,84,34,22,28,397,4,3,2,1,1,3,1,1,0,0,2,3,0,0,0,5,5,1,0,1,24,1,6,3,3,6,2,0,2,25,3,3,802
orjson_3_10_4,91c7b66e9bad009f57b82757d5f0edac7cfd10e3,0,9297541.666666666,4672.0,191,86,0,0,24,25,30,405,214,191,107,11,84,34,22,28,397,4,3,2,1,1,3,1,1,0,0,2,3,0,0,0,5,5,1,0,1,24,1,6,3,3,6,2,0,2,25,3,3,802
orjson_3_10_5,91c7b66e9bad009f57b82757d5f0edac7cfd10e3,0,9292652.666666666,4672.0,191,86,0,0,24,25,30,405,214,191,107,11,84,34,22,28,397,4,3,2,1,1,3,1,1,0,0,2,3,0,0,0,5,5,1,0,1,24,1,6,3,3,6,2,0,2,25,3,3,802
orjson_3_10_6,91c7b66e9bad009f57b82757d5f0edac7cfd10e3,0,9409847.0,4672.0,191,86,0,0,24,25,30,405,214,191,107,11,84,34,22,28,397,4,3,2,1,1,3,1,1,0,0,2,3,0,0,0,5,5,1,0,1,24,1,6,3,3,6,2,0,2,25,3,3,802
orjson_3_10_1,b00e788174ba2b92a08f576b343cc46463a5d777,0,9630708.333333334,4672.0,193,88,0,0,24,25,30,405,214,191,107,11,84,34,22,28,397,4,3,2,1,1,3,1,1,0,0,2,3,0,0,0,5,5,1,0,1,24,1,6,3,3,6,2,0,2,25,3,3,802
orjson_3_10_2,b00e788174ba2b92a08f576b343cc46463a5d777,0,9484180.333333334,4672.0,193,88,0,0,24,25,30,405,214,191,107,11,84,34,22,28,397,4,3,2,1,1,3,1,1,0,0,2,3,0,0,0,5,5,1,0,1,24,1,6,3,3,6,2,0,2,25,3,3,802
orjson_3_10_3,b00e788174ba2b92a08f576b343cc46463a5d777,0,9466152.666666666,4672.0,193,88,0,0,24,25,30,405,214,191,107,11,84,34,22,28,397,4,3,2,1,1,3,1,1,0,0,2,3,0,0,0,5,5,1,0,1,24,1,6,3,3,6,2,0,2,25,3,3,802
orjson_3_10_4,b00e788174ba2b92a08f576b343cc46463a5d777,0,9324749.666666666,4672.0,193,88,0,0,24,25,30,405,214,191,107,11,84,34,22,28,397,4,3,2,1,1,3,1,1,0,0,2,3,0,0,0,5,5,1,0,1,24,1,6,3,3,6,2,0,2,25,3,3,802
orjson_3_10_5,b00e788174ba2b92a08f576b343cc46463a5d777,0,9273570.0,4672.0,193,88,0,0,24,25,30,405,214,191,107,11,84,34,22,28,397,4,3,2,1,1,3,1,1,0,0,2,3,0,0,0,5,5,1,0,1,24,1,6,3,3,6,2,0,2,25,3,3,802
orjson_3_10_6,b00e788174ba2b92a08f576b343cc46463a5d777,0,9384903.0,4672.0,193,88,0,0,24,25,30,405,214,191,107,11,84,34,22,28,397,4,3,2,1,1,3,1,1,0,0,2,3,0,0,0,5,5,1,0,1,24,1,6,3,3,6,2,0,2,25,3,3,802
orjson_3_10_1,95df8f08d610dc0d26bdb3d2cb4814e6f61a0e61,0,9690291.333333334,4524.0,163,59,0,0,24,25,30,404,197,207,96,14,111,34,34,43,405,4,2,1,2,1,5,1,0,1,1,1,2,0,0,0,5,7,1,0,1,24,1,4,5,5,4,5,0,2,25,2,2,809
orjson_3_10_2,95df8f08d610dc0d26bdb3d2cb4814e6f61a0e61,0,9502264.0,4438.0,163,59,0,0,24,25,30,404,197,207,96,14,111,34,34,43,405,4,2,1,2,1,5,1,0,1,1,1,2,0,0,0,5,7,1,0,1,24,1,4,5,5,4,5,0,2,25,2,2,809
orjson_3_10_3,95df8f08d610dc0d26bdb3d2cb4814e6f61a0e61,0,9537653.0,4438.0,163,59,0,0,24,25,30,404,197,207,96,14,111,34,34,43,405,4,2,1,2,1,5,1,0,1,1,1,2,0,0,0,5,7,1,0,1,24,1,4,5,5,4,5,0,2,25,2,2,809
orjson_3_10_4,95df8f08d610dc0d26bdb3d2cb4814e6f61a0e61,0,9304958.333333334,4438.0,163,59,0,0,24,25,30,404,197,207,96,14,111,34,34,43,405,4,2,1,2,1,5,1,0,1,1,1,2,0,0,0,5,7,1,0,1,24,1,4,5,5,4,5,0,2,25,2,2,809
orjson_3_10_5,95df8f08d610dc0d26bdb3d2cb4814e6f61a0e61,0,9282458.333333334,4438.0,163,59,0,0,24,25,30,404,197,207,96,14,111,34,34,43,405,4,2,1,2,1,5,1,0,1,1,1,2,0,0,0,5,7,1,0,1,24,1,4,5,5,4,5,0,2,25,2,2,809
orjson_3_10_6,95df8f08d610dc0d26bdb3d2cb4814e6f61a0e61,0,9377569.666666666,4438.0,163,59,0,0,24,25,30,404,197,207,96,14,111,34,34,43,405,4,2,1,2,1,5,1,0,1,1,1,2,0,0,0,5,7,1,0,1,24,1,4,5,5,4,5,0,2,25,2,2,809
orjson_3_10_1,25d6987cbf409055173ad6262f5b0504f9460afd,0,9553833.333333334,4715.0,192,87,0,0,24,25,30,406,215,191,107,11,84,34,22,28,398,4,3,2,1,1,3,1,1,0,0,2,3,0,0,0,5,5,1,0,1,24,1,6,3,3,6,2,0,2,25,3,3,804
orjson_3_10_2,25d6987cbf409055173ad6262f5b0504f9460afd,0,9540777.666666666,4715.0,192,87,0,0,24,25,30,406,215,191,107,11,84,34,22,28,398,4,3,2,1,1,3,1,1,0,0,2,3,0,0,0,5,5,1,0,1,24,1,6,3,3,6,2,0,2,25,3,3,804
orjson_3_10_3,25d6987cbf409055173ad6262f5b0504f9460afd,0,9497777.666666666,4715.0,192,87,0,0,24,25,30,406,215,191,107,11,84,34,22,28,398,4,3,2,1,1,3,1,1,0,0,2,3,0,0,0,5,5,1,0,1,24,1,6,3,3,6,2,0,2,25,3,3,804
orjson_3_10_4,25d6987cbf409055173ad6262f5b0504f9460afd,0,9365375.0,4715.0,192,87,0,0,24,25,30,406,215,191,107,11,84,34,22,28,398,4,3,2,1,1,3,1,1,0,0,2,3,0,0,0,5,5,1,0,1,24,1,6,3,3,6,2,0,2,25,3,3,804
orjson_3_10_5,25d6987cbf409055173ad6262f5b0504f9460afd,0,9383472.666666666,4715.0,192,87,0,0,24,25,30,406,215,191,107,11,84,34,22,28,398,4,3,2,1,1,3,1,1,0,0,2,3,0,0,0,5,5,1,0,1,24,1,6,3,3,6,2,0,2,25,3,3,804
orjson_3_10_6,25d6987cbf409055173ad6262f5b0504f9460afd,0,9449847.0,4715.0,192,87,0,0,24,25,30,406,215,191,107,11,84,34,22,28,398,4,3,2,1,1,3,1,1,0,0,2,3,0,0,0,5,5,1,0,1,24,1,6,3,3,6,2,0,2,25,3,3,804
orjson_3_10_1,9a4ad542cbf80d893bf21cc4783b80b324a61bd4,0,9692861.333333334,4524.0,163,59,0,0,24,25,30,404,197,207,96,14,111,34,34,43,405,4,2,1,2,1,5,1,0,1,1,1,2,0,0,0,5,7,1,0,1,24,1,4,5,5,4,5,0,2,25,2,2,809
orjson_3_10_2,9a4ad542cbf80d893bf21cc4783b80b324a61bd4,0,9522917.0,4438.0,163,59,0,0,24,25,30,404,197,207,96,14,111,34,34,43,405,4,2,1,2,1,5,1,0,1,1,1,2,0,0,0,5,7,1,0,1,24,1,4,5,5,4,5,0,2,25,2,2,809
orjson_3_10_3,9a4ad542cbf80d893bf21cc4783b80b324a61bd4,0,9533375.0,4438.0,163,59,0,0,24,25,30,404,197,207,96,14,111,34,34,43,405,4,2,1,2,1,5,1,0,1,1,1,2,0,0,0,5,7,1,0,1,24,1,4,5,5,4,5,0,2,25,2,2,809
orjson_3_10_4,9a4ad542cbf80d893bf21cc4783b80b324a61bd4,0,9327250.0,4438.0,163,59,0,0,24,25,30,404,197,207,96,14,111,34,34,43,405,4,2,1,2,1,5,1,0,1,1,1,2,0,0,0,5,7,1,0,1,24,1,4,5,5,4,5,0,2,25,2,2,809
orjson_3_10_5,9a4ad542cbf80d893bf21cc4783b80b324a61bd4,0,9328319.333333334,4438.0,163,59,0,0,24,25,30,404,197,207,96,14,111,34,34,43,405,4,2,1,2,1,5,1,0,1,1,1,2,0,0,0,5,7,1,0,1,24,1,4,5,5,4,5,0,2,25,2,2,809
orjson_3_10_6,9a4ad542cbf80d893bf21cc4783b80b324a61bd4,0,9411694.0,4438.0,163,59,0,0,24,25,30,404,197,207,96,14,111,34,34,43,405,4,2,1,2,1,5,1,0,1,1,1,2,0,0,0,5,7,1,0,1,24,1,4,5,5,4,5,0,2,25,2,2,809
orjson_3_10_1,dd76af015e9f364470c7768092264242905e99f9,0,9771958.333333334,4566.0,160,56,0,0,24,25,30,405,198,207,96,14,111,34,35,42,405,4,2,1,2,1,5,1,0,1,1,1,2,0,0,0,5,7,1,0,1,24,1,4,5,5,4,5,0,2,25,2,2,810
orjson_3_10_2,dd76af015e9f364470c7768092264242905e99f9,0,9571263.666666666,4480.0,160,56,0,0,24,25,30,405,198,207,96,14,111,34,35,42,405,4,2,1,2,1,5,1,0,1,1,1,2,0,0,0,5,7,1,0,1,24,1,4,5,5,4,5,0,2,25,2,2,810
orjson_3_10_3,dd76af015e9f364470c7768092264242905e99f9,0,9784666.5,4480.0,160,56,0,0,24,25,30,405,198,207,96,14,111,34,35,42,405,4,2,1,2,1,5,1,0,1,1,1,2,0,0,0,5,7,1,0,1,24,1,4,5,5,4,5,0,2,25,2,2,810
orjson_3_10_4,dd76af015e9f364470c7768092264242905e99f9,0,9393569.333333334,4480.0,160,56,0,0,24,25,30,405,198,207,96,14,111,34,35,42,405,4,2,1,2,1,5,1,0,1,1,1,2,0,0,0,5,7,1,0,1,24,1,4,5,5,4,5,0,2,25,2,2,810
orjson_3_10_5,dd76af015e9f364470c7768092264242905e99f9,0,9381097.0,4480.0,160,56,0,0,24,25,30,405,198,207,96,14,111,34,35,42,405,4,2,1,2,1,5,1,0,1,1,1,2,0,0,0,5,7,1,0,1,24,1,4,5,5,4,5,0,2,25,2,2,810
orjson_3_10_6,dd76af015e9f364470c7768092264242905e99f9,0,9408847.333333334,4480.0,160,56,0,0,24,25,30,405,198,207,96,14,111,34,35,42,405,4,2,1,2,1,5,1,0,1,1,1,2,0,0,0,5,7,1,0,1,24,1,4,5,5,4,5,0,2,25,2,2,810
orjson_3_10_1,0f1ac0e41a58a38a162cd1fca73c09159b1acc21,0,9569013.666666666,4672.0,193,88,0,0,24,25,30,405,214,191,107,11,84,34,22,28,397,4,3,2,1,1,3,1,1,0,0,2,3,0,0,0,5,5,1,0,1,24,1,6,3,3,6,2,0,2,25,3,3,802
orjson_3_10_2,0f1ac0e41a58a38a162cd1fca73c09159b1acc21,0,9427333.333333334,4672.0,193,88,0,0,24,25,30,405,214,191,107,11,84,34,22,28,397,4,3,2,1,1,3,1,1,0,0,2,3,0,0,0,5,5,1,0,1,24,1,6,3,3,6,2,0,2,25,3,3,802
orjson_3_10_3,0f1ac0e41a58a38a162cd1fca73c09159b1acc21,0,9441458.333333334,4672.0,193,88,0,0,24,25,30,405,214,191,107,11,84,34,22,28,397,4,3,2,1,1,3,1,1,0,0,2,3,0,0,0,5,5,1,0,1,24,1,6,3,3,6,2,0,2,25,3,3,802
orjson_3_10_4,0f1ac0e41a58a38a162cd1fca73c09159b1acc21,0,9269569.666666666,4672.0,193,88,0,0,24,25,30,405,214,191,107,11,84,34,22,28,397,4,3,2,1,1,3,1,1,0,0,2,3,0,0,0,5,5,1,0,1,24,1,6,3,3,6,2,0,2,25,3,3,802
orjson_3_10_5,0f1ac0e41a58a38a162cd1fca73c09159b1acc21,0,9319736.333333334,4672.0,193,88,0,0,24,25,30,405,214,191,107,11,84,34,22,28,397,4,3,2,1,1,3,1,1,0,0,2,3,0,0,0,5,5,1,0,1,24,1,6,3,3,6,2,0,2,25,3,3,802
orjson_3_10_6,0f1ac0e41a58a38a162cd1fca73c09159b1acc21,0,9483875.0,4672.0,193,88,0,0,24,25,30,405,214,191,107,11,84,34,22,28,397,4,3,2,1,1,3,1,1,0,0,2,3,0,0,0,5,5,1,0,1,24,1,6,3,3,6,2,0,2,25,3,3,802
orjson_3_10_1,3c69aa954d0bd89cff52f18957df2d16bea522dc,0,9665889.0,4524.0,164,60,0,0,24,25,30,404,197,207,96,14,111,34,34,43,405,4,2,1,2,1,5,1,0,1,1,1,2,0,0,0,5,7,1,0,1,24,1,4,5,5,4,5,0,2,25,2,2,809
orjson_3_10_2,3c69aa954d0bd89cff52f18957df2d16bea522dc,0,9550014.0,4438.0,164,60,0,0,24,25,30,404,197,207,96,14,111,34,34,43,405,4,2,1,2,1,5,1,0,1,1,1,2,0,0,0,5,7,1,0,1,24,1,4,5,5,4,5,0,2,25,2,2,809
orjson_3_10_3,3c69aa954d0bd89cff52f18957df2d16bea522dc,0,9579847.333333334,4438.0,164,60,0,0,24,25,30,404,197,207,96,14,111,34,34,43,405,4,2,1,2,1,5,1,0,1,1,1,2,0,0,0,5,7,1,0,1,24,1,4,5,5,4,5,0,2,25,2,2,809
orjson_3_10_4,3c69aa954d0bd89cff52f18957df2d16bea522dc,0,9373125.333333334,4438.0,164,60,0,0,24,25,30,404,197,207,96,14,111,34,34,43,405,4,2,1,2,1,5,1,0,1,1,1,2,0,0,0,5,7,1,0,1,24,1,4,5,5,4,5,0,2,25,2,2,809
orjson_3_10_5,3c69aa954d0bd89cff52f18957df2d16bea522dc,0,9281500.333333334,4438.0,164,60,0,0,24,25,30,404,197,207,96,14,111,34,34,43,405,4,2,1,2,1,5,1,0,1,1,1,2,0,0,0,5,7,1,0,1,24,1,4,5,5,4,5,0,2,25,2,2,809
orjson_3_10_6,3c69aa954d0bd89cff52f18957df2d16bea522dc,0,9346093.75,4438.0,164,60,0,0,24,25,30,404,197,207,96,14,111,34,34,43,405,4,2,1,2,1,5,1,0,1,1,1,2,0,0,0,5,7,1,0,1,24,1,4,5,5,4,5,0,2,25,2,2,809
orjson_3_10_1,335594117e4a013b79decc8be338dbac520c4e72,0,9752986.0,4566.0,159,55,0,0,24,25,30,405,198,207,96,14,111,34,35,42,405,4,2,1,2,1,5,1,0,1,1,1,2,0,0,0,5,7,1,0,1,24,1,4,5,5,4,5,0,2,25,2,2,810
orjson_3_10_2,335594117e4a013b79decc8be338dbac520c4e72,0,9584583.333333334,4480.0,159,55,0,0,24,25,30,405,198,207,96,14,111,34,35,42,405,4,2,1,2,1,5,1,0,1,1,1,2,0,0,0,5,7,1,0,1,24,1,4,5,5,4,5,0,2,25,2,2,810
orjson_3_10_3,335594117e4a013b79decc8be338dbac520c4e72,0,9610486.333333334,4480.0,159,55,0,0,24,25,30,405,198,207,96,14,111,34,35,42,405,4,2,1,2,1,5,1,0,1,1,1,2,0,0,0,5,7,1,0,1,24,1,4,5,5,4,5,0,2,25,2,2,810
orjson_3_10_4,335594117e4a013b79decc8be338dbac520c4e72,0,9416250.0,4480.0,159,55,0,0,24,25,30,405,198,207,96,14,111,34,35,42,405,4,2,1,2,1,5,1,0,1,1,1,2,0,0,0,5,7,1,0,1,24,1,4,5,5,4,5,0,2,25,2,2,810
orjson_3_10_5,335594117e4a013b79decc8be338dbac520c4e72,0,9345222.333333334,4480.0,159,55,0,0,24,25,30,405,198,207,96,14,111,34,35,42,405,4,2,1,2,1,5,1,0,1,1,1,2,0,0,0,5,7,1,0,1,24,1,4,5,5,4,5,0,2,25,2,2,810
orjson_3_10_6,335594117e4a013b79decc8be338dbac520c4e72,0,9440027.666666666,4480.0,159,55,0,0,24,25,30,405,198,207,96,14,111,34,35,42,405,4,2,1,2,1,5,1,0,1,1,1,2,0,0,0,5,7,1,0,1,24,1,4,5,5,4,5,0,2,25,2,2,810
orjson_3_10_1,5b6e984a21fb57e5d61a60dceb4990e35c66d35e,0,9823722.0,4428.0,152,44,0,0,24,25,28,422,210,212,103,11,109,45,38,26,410,6,0,0,0,0,0,0,0,0,0,0,0,0,0,0,5,5,1,0,1,24,1,4,4,4,4,3,0,2,25,6,0,832
orjson_3_10_2,5b6e984a21fb57e5d61a60dceb4990e35c66d35e,0,9744027.666666666,4428.0,152,44,0,0,24,25,28,422,210,212,103,11,109,45,38,26,410,6,0,0,0,0,0,0,0,0,0,0,0,0,0,0,5,5,1,0,1,24,1,4,4,4,4,3,0,2,25,6,0,832
orjson_3_10_3,5b6e984a21fb57e5d61a60dceb4990e35c66d35e,0,9637389.0,4428.0,152,44,0,0,24,25,28,422,210,212,103,11,109,45,38,26,410,6,0,0,0,0,0,0,0,0,0,0,0,0,0,0,5,5,1,0,1,24,1,4,4,4,4,3,0,2,25,6,0,832
orjson_3_10_4,5b6e984a21fb57e5d61a60dceb4990e35c66d35e,0,9521486.0,4428.0,152,44,0,0,24,25,28,422,210,212,103,11,109,45,38,26,410,6,0,0,0,0,0,0,0,0,0,0,0,0,0,0,5,5,1,0,1,24,1,4,4,4,4,3,0,2,25,6,0,832
orjson_3_10_5,5b6e984a21fb57e5d61a60dceb4990e35c66d35e,0,9432791.333333334,4428.0,152,44,0,0,24,25,28,422,210,212,103,11,109,45,38,26,410,6,0,0,0,0,0,0,0,0,0,0,0,0,0,0,5,5,1,0,1,24,1,4,4,4,4,3,0,2,25,6,0,832
orjson_3_10_6,5b6e984a21fb57e5d61a60dceb4990e35c66d35e,0,9558583.333333334,4428.0,152,44,0,0,24,25,28,422,210,212,103,11,109,45,38,26,410,6,0,0,0,0,0,0,0,0,0,0,0,0,0,0,5,5,1,0,1,24,1,4,4,4,4,3,0,2,25,6,0,832
orjson_3_10_1,b6c0e0cdffbf7c855ceaa7e41949aea65a175824,0,9873930.0,4428.0,152,44,0,0,24,25,28,422,210,212,103,11,109,45,38,26,410,6,0,0,0,0,0,0,0,0,0,0,0,0,0,0,5,5,1,0,1,24,1,4,4,4,4,3,0,2,25,6,0,832
orjson_3_10_2,b6c0e0cdffbf7c855ceaa7e41949aea65a175824,0,9673458.666666666,4428.0,152,44,0,0,24,25,28,422,210,212,103,11,109,45,38,26,410,6,0,0,0,0,0,0,0,0,0,0,0,0,0,0,5,5,1,0,1,24,1,4,4,4,4,3,0,2,25,6,0,832
orjson_3_10_3,b6c0e0cdffbf7c855ceaa7e41949aea65a175824,0,9656514.0,4428.0,152,44,0,0,24,25,28,422,210,212,103,11,109,45,38,26,410,6,0,0,0,0,0,0,0,0,0,0,0,0,0,0,5,5,1,0,1,24,1,4,4,4,4,3,0,2,25,6,0,832
orjson_3_10_4,b6c0e0cdffbf7c855ceaa7e41949aea65a175824,0,9397000.0,4428.0,152,44,0,0,24,25,28,422,210,212,103,11,109,45,38,26,410,6,0,0,0,0,0,0,0,0,0,0,0,0,0,0,5,5,1,0,1,24,1,4,4,4,4,3,0,2,25,6,0,832
orjson_3_10_5,b6c0e0cdffbf7c855ceaa7e41949aea65a175824,0,9490805.333333334,4428.0,152,44,0,0,24,25,28,422,210,212,103,11,109,45,38,26,410,6,0,0,0,0,0,0,0,0,0,0,0,0,0,0,5,5,1,0,1,24,1,4,4,4,4,3,0,2,25,6,0,832
orjson_3_10_6,b6c0e0cdffbf7c855ceaa7e41949aea65a175824,0,9522902.333333334,4428.0,152,44,0,0,24,25,28,422,210,212,103,11,109,45,38,26,410,6,0,0,0,0,0,0,0,0,0,0,0,0,0,0,5,5,1,0,1,24,1,4,4,4,4,3,0,2,25,6,0,832
orjson_3_10_1,98662322537de0004e5897a9a0ce6b39acc2e88b,0,9817625.0,4428.0,152,44,0,0,24,25,28,422,210,212,103,11,109,45,38,26,410,6,0,0,0,0,0,0,0,0,0,0,0,0,0,0,5,5,1,0,1,24,1,4,4,4,4,3,0,2,25,6,0,832
orjson_3_10_2,98662322537de0004e5897a9a0ce6b39acc2e88b,0,9727694.666666666,4428.0,152,44,0,0,24,25,28,422,210,212,103,11,109,45,38,26,410,6,0,0,0,0,0,0,0,0,0,0,0,0,0,0,5,5,1,0,1,24,1,4,4,4,4,3,0,2,25,6,0,832
orjson_3_10_3,98662322537de0004e5897a9a0ce6b39acc2e88b,0,9660527.666666666,4428.0,152,44,0,0,24,25,28,422,210,212,103,11,109,45,38,26,410,6,0,0,0,0,0,0,0,0,0,0,0,0,0,0,5,5,1,0,1,24,1,4,4,4,4,3,0,2,25,6,0,832
orjson_3_10_4,98662322537de0004e5897a9a0ce6b39acc2e88b,0,9470097.333333334,4428.0,152,44,0,0,24,25,28,422,210,212,103,11,109,45,38,26,410,6,0,0,0,0,0,0,0,0,0,0,0,0,0,0,5,5,1,0,1,24,1,4,4,4,4,3,0,2,25,6,0,832
orjson_3_10_5,98662322537de0004e5897a9a0ce6b39acc2e88b,0,9465375.0,4428.0,152,44,0,0,24,25,28,422,210,212,103,11,109,45,38,26,410,6,0,0,0,0,0,0,0,0,0,0,0,0,0,0,5,5,1,0,1,24,1,4,4,4,4,3,0,2,25,6,0,832
orjson_3_10_6,98662322537de0004e5897a9a0ce6b39acc2e88b,0,9592931.0,4428.0,152,44,0,0,24,25,28,422,210,212,103,11,109,45,38,26,410,6,0,0,0,0,0,0,0,0,0,0,0,0,0,0,5,5,1,0,1,24,1,4,4,4,4,3,0,2,25,6,0,832
orjson_3_10_1,8434ab967905843f6151a02e8ed5bf8f9e07ac72,0,9837458.666666666,4428.0,152,44,0,0,24,25,28,422,210,212,103,11,109,45,38,26,410,6,0,0,0,0,0,0,0,0,0,0,0,0,0,0,5,5,1,0,1,24,1,4,4,4,4,3,0,2,25,6,0,832
orjson_3_10_2,8434ab967905843f6151a02e8ed5bf8f9e07ac72,0,9686791.666666666,4428.0,152,44,0,0,24,25,28,422,210,212,103,11,109,45,38,26,410,6,0,0,0,0,0,0,0,0,0,0,0,0,0,0,5,5,1,0,1,24,1,4,4,4,4,3,0,2,25,6,0,832
orjson_3_10_3,8434ab967905843f6151a02e8ed5bf8f9e07ac72,0,9865819.333333334,4428.0,152,44,0,0,24,25,28,422,210,212,103,11,109,45,38,26,410,6,0,0,0,0,0,0,0,0,0,0,0,0,0,0,5,5,1,0,1,24,1,4,4,4,4,3,0,2,25,6,0,832
orjson_3_10_4,8434ab967905843f6151a02e8ed5bf8f9e07ac72,0,9481361.333333334,4428.0,152,44,0,0,24,25,28,422,210,212,103,11,109,45,38,26,410,6,0,0,0,0,0,0,0,0,0,0,0,0,0,0,5,5,1,0,1,24,1,4,4,4,4,3,0,2,25,6,0,832
orjson_3_10_5,8434ab967905843f6151a02e8ed5bf8f9e07ac72,0,9528958.333333334,4428.0,152,44,0,0,24,25,28,422,210,212,103,11,109,45,38,26,410,6,0,0,0,0,0,0,0,0,0,0,0,0,0,0,5,5,1,0,1,24,1,4,4,4,4,3,0,2,25,6,0,832
orjson_3_10_6,8434ab967905843f6151a02e8ed5bf8f9e07ac72,0,9586444.333333334,4428.0,152,44,0,0,24,25,28,422,210,212,103,11,109,45,38,26,410,6,0,0,0,0,0,0,0,0,0,0,0,0,0,0,5,5,1,0,1,24,1,4,4,4,4,3,0,2,25,6,0,832
orjson_3_10_1,1ab1445b7a95b291b8fd4bab461036bc13d65344,0,9873611.333333334,4428.0,152,44,0,0,24,25,28,422,210,212,103,11,109,44,39,26,410,6,0,0,0,0,0,0,0,0,0,0,0,0,0,0,5,5,1,0,1,24,1,4,4,4,4,3,0,2,25,6,0,832
orjson_3_10_2,1ab1445b7a95b291b8fd4bab461036bc13d65344,0,9670639.0,4428.0,152,44,0,0,24,25,28,422,210,212,103,11,109,44,39,26,410,6,0,0,0,0,0,0,0,0,0,0,0,0,0,0,5,5,1,0,1,24,1,4,4,4,4,3,0,2,25,6,0,832
orjson_3_10_3,1ab1445b7a95b291b8fd4bab461036bc13d65344,0,9684791.333333334,4428.0,152,44,0,0,24,25,28,422,210,212,103,11,109,44,39,26,410,6,0,0,0,0,0,0,0,0,0,0,0,0,0,0,5,5,1,0,1,24,1,4,4,4,4,3,0,2,25,6,0,832
orjson_3_10_4,1ab1445b7a95b291b8fd4bab461036bc13d65344,0,9464458.333333334,4428.0,152,44,0,0,24,25,28,422,210,212,103,11,109,44,39,26,410,6,0,0,0,0,0,0,0,0,0,0,0,0,0,0,5,5,1,0,1,24,1,4,4,4,4,3,0,2,25,6,0,832
orjson_3_10_5,1ab1445b7a95b291b8fd4bab461036bc13d65344,0,9503472.333333334,4428.0,152,44,0,0,24,25,28,422,210,212,103,11,109,44,39,26,410,6,0,0,0,0,0,0,0,0,0,0,0,0,0,0,5,5,1,0,1,24,1,4,4,4,4,3,0,2,25,6,0,832
orjson_3_10_6,1ab1445b7a95b291b8fd4bab461036bc13d65344,0,9557833.666666666,4428.0,152,44,0,0,24,25,28,422,210,212,103,11,109,44,39,26,410,6,0,0,0,0,0,0,0,0,0,0,0,0,0,0,5,5,1,0,1,24,1,4,4,4,4,3,0,2,25,6,0,832
orjson_3_10_1,c20271b17773d09f2e32d54d4b5092f7762e9adf,0,9802916.333333334,4428.0,152,44,0,0,24,25,28,422,210,212,103,11,109,46,37,26,410,6,0,0,0,0,0,0,0,0,0,0,0,0,0,0,5,5,1,0,1,24,1,4,4,4,4,3,0,2,25,6,0,832
orjson_3_10_2,c20271b17773d09f2e32d54d4b5092f7762e9adf,0,9749180.333333334,4428.0,152,44,0,0,24,25,28,422,210,212,103,11,109,46,37,26,410,6,0,0,0,0,0,0,0,0,0,0,0,0,0,0,5,5,1,0,1,24,1,4,4,4,4,3,0,2,25,6,0,832
orjson_3_10_3,c20271b17773d09f2e32d54d4b5092f7762e9adf,0,9644472.0,4428.0,152,44,0,0,24,25,28,422,210,212,103,11,109,46,37,26,410,6,0,0,0,0,0,0,0,0,0,0,0,0,0,0,5,5,1,0,1,24,1,4,4,4,4,3,0,2,25,6,0,832
orjson_3_10_4,c20271b17773d09f2e32d54d4b5092f7762e9adf,0,9490819.666666666,4428.0,152,44,0,0,24,25,28,422,210,212,103,11,109,46,37,26,410,6,0,0,0,0,0,0,0,0,0,0,0,0,0,0,5,5,1,0,1,24,1,4,4,4,4,3,0,2,25,6,0,832
orjson_3_10_5,c20271b17773d09f2e32d54d4b5092f7762e9adf,0,9519236.0,4428.0,152,44,0,0,24,25,28,422,210,212,103,11,109,46,37,26,410,6,0,0,0,0,0,0,0,0,0,0,0,0,0,0,5,5,1,0,1,24,1,4,4,4,4,3,0,2,25,6,0,832
orjson_3_10_6,c20271b17773d09f2e32d54d4b5092f7762e9adf,0,9572888.666666666,4428.0,152,44,0,0,24,25,28,422,210,212,103,11,109,46,37,26,410,6,0,0,0,0,0,0,0,0,0,0,0,0,0,0,5,5,1,0,1,24,1,4,4,4,4,3,0,2,25,6,0,832
orjson_3_10_1,07b22d511025a3e2d097f8d74fa7663245361981,0,9824277.666666666,4428.0,152,44,0,0,24,25,28,422,210,212,103,11,109,45,38,26,410,6,0,0,0,0,0,0,0,0,0,0,0,0,0,0,5,5,1,0,1,24,1,4,4,4,4,3,0,2,25,6,0,832
orjson_3_10_2,07b22d511025a3e2d097f8d74fa7663245361981,0,9689708.666666666,4428.0,152,44,0,0,24,25,28,422,210,212,103,11,109,45,38,26,410,6,0,0,0,0,0,0,0,0,0,0,0,0,0,0,5,5,1,0,1,24,1,4,4,4,4,3,0,2,25,6,0,832
orjson_3_10_3,07b22d511025a3e2d097f8d74fa7663245361981,0,9688986.0,4428.0,152,44,0,0,24,25,28,422,210,212,103,11,109,45,38,26,410,6,0,0,0,0,0,0,0,0,0,0,0,0,0,0,5,5,1,0,1,24,1,4,4,4,4,3,0,2,25,6,0,832
orjson_3_10_4,07b22d511025a3e2d097f8d74fa7663245361981,0,9519305.666666666,4428.0,152,44,0,0,24,25,28,422,210,212,103,11,109,45,38,26,410,6,0,0,0,0,0,0,0,0,0,0,0,0,0,0,5,5,1,0,1,24,1,4,4,4,4,3,0,2,25,6,0,832
orjson_3_10_5,07b22d511025a3e2d097f8d74fa7663245361981,0,9534250.0,4428.0,152,44,0,0,24,25,28,422,210,212,103,11,109,45,38,26,410,6,0,0,0,0,0,0,0,0,0,0,0,0,0,0,5,5,1,0,1,24,1,4,4,4,4,3,0,2,25,6,0,832
orjson_3_10_6,07b22d511025a3e2d097f8d74fa7663245361981,0,9525569.666666666,4428.0,152,44,0,0,24,25,28,422,210,212,103,11,109,45,38,26,410,6,0,0,0,0,0,0,0,0,0,0,0,0,0,0,5,5,1,0,1,24,1,4,4,4,4,3,0,2,25,6,0,832
orjson_3_10_1,d4b1022feca552923b633791393036283367c49e,0,9832319.666666666,4428.0,152,44,0,0,24,25,28,422,210,212,103,11,109,45,38,26,410,6,0,0,0,0,0,0,0,0,0,0,0,0,0,0,5,5,1,0,1,24,1,4,4,4,4,3,0,2,25,6,0,832
orjson_3_10_2,d4b1022feca552923b633791393036283367c49e,0,9673680.666666666,4428.0,152,44,0,0,24,25,28,422,210,212,103,11,109,45,38,26,410,6,0,0,0,0,0,0,0,0,0,0,0,0,0,0,5,5,1,0,1,24,1,4,4,4,4,3,0,2,25,6,0,832
orjson_3_10_3,d4b1022feca552923b633791393036283367c49e,0,9677139.333333334,4428.0,152,44,0,0,24,25,28,422,210,212,103,11,109,45,38,26,410,6,0,0,0,0,0,0,0,0,0,0,0,0,0,0,5,5,1,0,1,24,1,4,4,4,4,3,0,2,25,6,0,832
orjson_3_10_4,d4b1022feca552923b633791393036283367c49e,0,9453819.666666666,4428.0,152,44,0,0,24,25,28,422,210,212,103,11,109,45,38,26,410,6,0,0,0,0,0,0,0,0,0,0,0,0,0,0,5,5,1,0,1,24,1,4,4,4,4,3,0,2,25,6,0,832
orjson_3_10_5,d4b1022feca552923b633791393036283367c49e,0,9497569.666666666,4428.0,152,44,0,0,24,25,28,422,210,212,103,11,109,45,38,26,410,6,0,0,0,0,0,0,0,0,0,0,0,0,0,0,5,5,1,0,1,24,1,4,4,4,4,3,0,2,25,6,0,832
orjson_3_10_6,d4b1022feca552923b633791393036283367c49e,0,9605194.333333334,4428.0,152,44,0,0,24,25,28,422,210,212,103,11,109,45,38,26,410,6,0,0,0,0,0,0,0,0,0,0,0,0,0,0,5,5,1,0,1,24,1,4,4,4,4,3,0,2,25,6,0,832
orjson_3_10_1,be2b161640d4cbf15e993b0fe66b04d6a496be99,0,9828416.333333334,4428.0,152,44,0,0,24,25,28,422,210,212,103,11,109,45,38,26,410,6,0,0,0,0,0,0,0,0,0,0,0,0,0,0,5,5,1,0,1,24,1,4,4,4,4,3,0,2,25,6,0,832
orjson_3_10_2,be2b161640d4cbf15e993b0fe66b04d6a496be99,0,9640069.666666666,4428.0,152,44,0,0,24,25,28,422,210,212,103,11,109,45,38,26,410,6,0,0,0,0,0,0,0,0,0,0,0,0,0,0,5,5,1,0,1,24,1,4,4,4,4,3,0,2,25,6,0,832
orjson_3_10_3,be2b161640d4cbf15e993b0fe66b04d6a496be99,0,9666444.333333334,4428.0,152,44,0,0,24,25,28,422,210,212,103,11,109,45,38,26,410,6,0,0,0,0,0,0,0,0,0,0,0,0,0,0,5,5,1,0,1,24,1,4,4,4,4,3,0,2,25,6,0,832
orjson_3_10_4,be2b161640d4cbf15e993b0fe66b04d6a496be99,0,9480763.666666666,4428.0,152,44,0,0,24,25,28,422,210,212,103,11,109,45,38,26,410,6,0,0,0,0,0,0,0,0,0,0,0,0,0,0,5,5,1,0,1,24,1,4,4,4,4,3,0,2,25,6,0,832
orjson_3_10_5,be2b161640d4cbf15e993b0fe66b04d6a496be99,0,9481083.666666666,4428.0,152,44,0,0,24,25,28,422,210,212,103,11,109,45,38,26,410,6,0,0,0,0,0,0,0,0,0,0,0,0,0,0,5,5,1,0,1,24,1,4,4,4,4,3,0,2,25,6,0,832
orjson_3_10_6,be2b161640d4cbf15e993b0fe66b04d6a496be99,0,9560819.333333334,4428.0,152,44,0,0,24,25,28,422,210,212,103,11,109,45,38,26,410,6,0,0,0,0,0,0,0,0,0,0,0,0,0,0,5,5,1,0,1,24,1,4,4,4,4,3,0,2,25,6,0,832
orjson_3_10_1,085cff990275cb6049a626ccbbee901fca289cfa,0,9824986.0,4428.0,152,44,0,0,24,25,29,421,209,212,102,11,110,46,38,26,411,6,0,0,0,0,0,0,0,0,0,0,0,0,0,0,4,5,1,0,1,24,1,4,4,4,4,3,0,2,25,6,0,832
orjson_3_10_2,085cff990275cb6049a626ccbbee901fca289cfa,0,9663986.0,4428.0,152,44,0,0,24,25,29,421,209,212,102,11,110,46,38,26,411,6,0,0,0,0,0,0,0,0,0,0,0,0,0,0,4,5,1,0,1,24,1,4,4,4,4,3,0,2,25,6,0,832
orjson_3_10_3,085cff990275cb6049a626ccbbee901fca289cfa,0,9650194.333333334,4428.0,152,44,0,0,24,25,29,421,209,212,102,11,110,46,38,26,411,6,0,0,0,0,0,0,0,0,0,0,0,0,0,0,4,5,1,0,1,24,1,4,4,4,4,3,0,2,25,6,0,832
orjson_3_10_4,085cff990275cb6049a626ccbbee901fca289cfa,0,9562236.333333334,4428.0,152,44,0,0,24,25,29,421,209,212,102,11,110,46,38,26,411,6,0,0,0,0,0,0,0,0,0,0,0,0,0,0,4,5,1,0,1,24,1,4,4,4,4,3,0,2,25,6,0,832
orjson_3_10_5,085cff990275cb6049a626ccbbee901fca289cfa,0,9467403.0,4428.0,152,44,0,0,24,25,29,421,209,212,102,11,110,46,38,26,411,6,0,0,0,0,0,0,0,0,0,0,0,0,0,0,4,5,1,0,1,24,1,4,4,4,4,3,0,2,25,6,0,832
orjson_3_10_6,085cff990275cb6049a626ccbbee901fca289cfa,0,9661916.6,4428.0,152,44,0,0,24,25,29,421,209,212,102,11,110,46,38,26,411,6,0,0,0,0,0,0,0,0,0,0,0,0,0,0,4,5,1,0,1,24,1,4,4,4,4,3,0,2,25,6,0,832
orjson_3_10_1,c4dbd6bff4bd79d7c597d30d5a663c4dd0cb6e81,0,9806402.666666666,4428.0,152,44,0,0,24,25,28,422,210,212,104,11,108,45,37,26,410,6,0,0,0,0,0,0,0,0,0,0,0,0,0,0,5,5,1,0,1,24,1,4,4,4,4,3,0,2,25,6,0,832
orjson_3_10_2,c4dbd6bff4bd79d7c597d30d5a663c4dd0cb6e81,0,9651208.333333334,4428.0,152,44,0,0,24,25,28,422,210,212,104,11,108,45,37,26,410,6,0,0,0,0,0,0,0,0,0,0,0,0,0,0,5,5,1,0,1,24,1,4,4,4,4,3,0,2,25,6,0,832
orjson_3_10_3,c4dbd6bff4bd79d7c597d30d5a663c4dd0cb6e81,0,9657152.666666666,4428.0,152,44,0,0,24,25,28,422,210,212,104,11,108,45,37,26,410,6,0,0,0,0,0,0,0,0,0,0,0,0,0,0,5,5,1,0,1,24,1,4,4,4,4,3,0,2,25,6,0,832
orjson_3_10_4,c4dbd6bff4bd79d7c597d30d5a663c4dd0cb6e81,0,9453291.666666666,4428.0,152,44,0,0,24,25,28,422,210,212,104,11,108,45,37,26,410,6,0,0,0,0,0,0,0,0,0,0,0,0,0,0,5,5,1,0,1,24,1,4,4,4,4,3,0,2,25,6,0,832
orjson_3_10_5,c4dbd6bff4bd79d7c597d30d5a663c4dd0cb6e81,0,9504541.666666666,4428.0,152,44,0,0,24,25,28,422,210,212,104,11,108,45,37,26,410,6,0,0,0,0,0,0,0,0,0,0,0,0,0,0,5,5,1,0,1,24,1,4,4,4,4,3,0,2,25,6,0,832
orjson_3_10_6,c4dbd6bff4bd79d7c597d30d5a663c4dd0cb6e81,0,9504180.666666666,4428.0,152,44,0,0,24,25,28,422,210,212,104,11,108,45,37,26,410,6,0,0,0,0,0,0,0,0,0,0,0,0,0,0,5,5,1,0,1,24,1,4,4,4,4,3,0,2,25,6,0,832
orjson_3_10_1,c46877145b8cc5e8c2b6ace236fca8fa2b65c3aa,0,9795597.333333334,4428.0,152,44,0,0,24,25,28,422,211,211,103,11,108,44,37,27,410,5,0,0,0,0,0,0,0,0,0,0,0,0,0,0,6,5,1,0,1,24,1,4,4,4,4,3,0,2,25,6,0,832
orjson_3_10_2,c46877145b8cc5e8c2b6ace236fca8fa2b65c3aa,0,9684986.0,4428.0,152,44,0,0,24,25,28,422,211,211,103,11,108,44,37,27,410,5,0,0,0,0,0,0,0,0,0,0,0,0,0,0,6,5,1,0,1,24,1,4,4,4,4,3,0,2,25,6,0,832
orjson_3_10_3,c46877145b8cc5e8c2b6ace236fca8fa2b65c3aa,0,9653569.666666666,4428.0,152,44,0,0,24,25,28,422,211,211,103,11,108,44,37,27,410,5,0,0,0,0,0,0,0,0,0,0,0,0,0,0,6,5,1,0,1,24,1,4,4,4,4,3,0,2,25,6,0,832
orjson_3_10_4,c46877145b8cc5e8c2b6ace236fca8fa2b65c3aa,0,9527416.666666666,4428.0,152,44,0,0,24,25,28,422,211,211,103,11,108,44,37,27,410,5,0,0,0,0,0,0,0,0,0,0,0,0,0,0,6,5,1,0,1,24,1,4,4,4,4,3,0,2,25,6,0,832
orjson_3_10_5,c46877145b8cc5e8c2b6ace236fca8fa2b65c3aa,0,9598389.0,4428.0,152,44,0,0,24,25,28,422,211,211,103,11,108,44,37,27,410,5,0,0,0,0,0,0,0,0,0,0,0,0,0,0,6,5,1,0,1,24,1,4,4,4,4,3,0,2,25,6,0,832
orjson_3_10_6,c46877145b8cc5e8c2b6ace236fca8fa2b65c3aa,0,9507472.333333334,4428.0,152,44,0,0,24,25,28,422,211,211,103,11,108,44,37,27,410,5,0,0,0,0,0,0,0,0,0,0,0,0,0,0,6,5,1,0,1,24,1,4,4,4,4,3,0,2,25,6,0,832
orjson_3_10_1,f3216c0c05f86f5bd2bf9541e7ecfbf732d55b9b,0,9840319.333333334,4428.0,152,44,0,0,24,25,28,422,210,212,103,11,109,45,38,26,410,6,0,0,0,0,0,0,0,0,0,0,0,0,0,0,5,5,1,0,1,24,1,4,4,4,4,3,0,2,25,6,0,832
orjson_3_10_2,f3216c0c05f86f5bd2bf9541e7ecfbf732d55b9b,0,9711528.0,4428.0,152,44,0,0,24,25,28,422,210,212,103,11,109,45,38,26,410,6,0,0,0,0,0,0,0,0,0,0,0,0,0,0,5,5,1,0,1,24,1,4,4,4,4,3,0,2,25,6,0,832
orjson_3_10_3,f3216c0c05f86f5bd2bf9541e7ecfbf732d55b9b,0,9758500.333333334,4428.0,152,44,0,0,24,25,28,422,210,212,103,11,109,45,38,26,410,6,0,0,0,0,0,0,0,0,0,0,0,0,0,0,5,5,1,0,1,24,1,4,4,4,4,3,0,2,25,6,0,832
orjson_3_10_4,f3216c0c05f86f5bd2bf9541e7ecfbf732d55b9b,0,9500791.666666666,4428.0,152,44,0,0,24,25,28,422,210,212,103,11,109,45,38,26,410,6,0,0,0,0,0,0,0,0,0,0,0,0,0,0,5,5,1,0,1,24,1,4,4,4,4,3,0,2,25,6,0,832
orjson_3_10_5,f3216c0c05f86f5bd2bf9541e7ecfbf732d55b9b,0,9526347.333333334,4428.0,152,44,0,0,24,25,28,422,210,212,103,11,109,45,38,26,410,6,0,0,0,0,0,0,0,0,0,0,0,0,0,0,5,5,1,0,1,24,1,4,4,4,4,3,0,2,25,6,0,832
orjson_3_10_6,f3216c0c05f86f5bd2bf9541e7ecfbf732d55b9b,0,9601722.333333334,4428.0,152,44,0,0,24,25,28,422,210,212,103,11,109,45,38,26,410,6,0,0,0,0,0,0,0,0,0,0,0,0,0,0,5,5,1,0,1,24,1,4,4,4,4,3,0,2,25,6,0,832
orjson_3_10_1,55b32ebf2429b337d516d988f4e53187807afea1,0,9844055.333333334,4428.0,152,44,0,0,24,25,28,422,210,212,103,11,109,45,38,26,410,6,0,0,0,0,0,0,0,0,0,0,0,0,0,0,5,5,1,0,1,24,1,4,4,4,4,3,0,2,25,6,0,832
orjson_3_10_2,55b32ebf2429b337d516d988f4e53187807afea1,0,9674958.333333334,4428.0,152,44,0,0,24,25,28,422,210,212,103,11,109,45,38,26,410,6,0,0,0,0,0,0,0,0,0,0,0,0,0,0,5,5,1,0,1,24,1,4,4,4,4,3,0,2,25,6,0,832
orjson_3_10_3,55b32ebf2429b337d516d988f4e53187807afea1,0,9660930.666666666,4428.0,152,44,0,0,24,25,28,422,210,212,103,11,109,45,38,26,410,6,0,0,0,0,0,0,0,0,0,0,0,0,0,0,5,5,1,0,1,24,1,4,4,4,4,3,0,2,25,6,0,832
orjson_3_10_4,55b32ebf2429b337d516d988f4e53187807afea1,0,9452291.666666666,4428.0,152,44,0,0,24,25,28,422,210,212,103,11,109,45,38,26,410,6,0,0,0,0,0,0,0,0,0,0,0,0,0,0,5,5,1,0,1,24,1,4,4,4,4,3,0,2,25,6,0,832
orjson_3_10_5,55b32ebf2429b337d516d988f4e53187807afea1,0,9412541.666666666,4428.0,152,44,0,0,24,25,28,422,210,212,103,11,109,45,38,26,410,6,0,0,0,0,0,0,0,0,0,0,0,0,0,0,5,5,1,0,1,24,1,4,4,4,4,3,0,2,25,6,0,832
orjson_3_10_6,55b32ebf2429b337d516d988f4e53187807afea1,0,9533014.0,4428.0,152,44,0,0,24,25,28,422,210,212,103,11,109,45,38,26,410,6,0,0,0,0,0,0,0,0,0,0,0,0,0,0,5,5,1,0,1,24,1,4,4,4,4,3,0,2,25,6,0,832
orjson_3_10_1,fc485fad363b972c1e59860614437afd86318154,0,9821417.0,4428.0,152,44,0,0,24,25,28,422,210,212,103,11,109,45,38,26,410,6,0,0,0,0,0,0,0,0,0,0,0,0,0,0,5,5,1,0,1,24,1,4,4,4,4,3,0,2,25,6,0,832
orjson_3_10_2,fc485fad363b972c1e59860614437afd86318154,0,9683861.0,4428.0,152,44,0,0,24,25,28,422,210,212,103,11,109,45,38,26,410,6,0,0,0,0,0,0,0,0,0,0,0,0,0,0,5,5,1,0,1,24,1,4,4,4,4,3,0,2,25,6,0,832
orjson_3_10_3,fc485fad363b972c1e59860614437afd86318154,0,9676291.666666666,4428.0,152,44,0,0,24,25,28,422,210,212,103,11,109,45,38,26,410,6,0,0,0,0,0,0,0,0,0,0,0,0,0,0,5,5,1,0,1,24,1,4,4,4,4,3,0,2,25,6,0,832
orjson_3_10_4,fc485fad363b972c1e59860614437afd86318154,0,9512028.0,4428.0,152,44,0,0,24,25,28,422,210,212,103,11,109,45,38,26,410,6,0,0,0,0,0,0,0,0,0,0,0,0,0,0,5,5,1,0,1,24,1,4,4,4,4,3,0,2,25,6,0,832
orjson_3_10_5,fc485fad363b972c1e59860614437afd86318154,0,9512444.666666666,4428.0,152,44,0,0,24,25,28,422,210,212,103,11,109,45,38,26,410,6,0,0,0,0,0,0,0,0,0,0,0,0,0,0,5,5,1,0,1,24,1,4,4,4,4,3,0,2,25,6,0,832
orjson_3_10_6,fc485fad363b972c1e59860614437afd86318154,0,9545278.0,4428.0,152,44,0,0,24,25,28,422,210,212,103,11,109,45,38,26,410,6,0,0,0,0,0,0,0,0,0,0,0,0,0,0,5,5,1,0,1,24,1,4,4,4,4,3,0,2,25,6,0,832
