function_name,input_id,memory_after,runtime_ns,rss,count_select_stmt,count_with_query,count_with_query_name,count_col_id,count_col_id_rare,count_quoted_identifier,count_qchar,count_identifier,count_ident_char,count_ws,count_ws_1,count_ws_2,count_ws_unit,count_ows,count_select_with_parens,count_ws_nc,count_more_recursive_with_query,count_more_with_query,count_recursive_with_query,count_simple_select,count_set_operation,count_order_by_clause,count_offset_rows_clause,count_offset_clause,count_fetch_clause,count_limit_clause,count_lock_strength,count_ws_nc_1,count_ws_nc_unit,count_name_list,count_more_name,count_set_operand,count_select_list,count_select_list_opt,count_all_opt,count_distinct_clause,count_sortby,count_more_sortby,count_int32_const,count_row_or_rows,count_a_expr,count_target_el,count_output_name,count_more_target_el,count_grouping_element,count_expr_list,count_more_grouping_element,count_more_from_item,count_from_item,count_table_primary,count_joined_table,count_or_expr,count_more_expr,count_digit,count_nonzero_digit,count_and_expr,count_lateral_opt,count_table_name,count_func_application,count_alias_clause,count_alias_clause_opt,count_with_ordinality_opt,count_join_qual,count_join_type,count_not_expr,count_agg_order_by_opt,count_outer_opt,count_is_expr,count_not_expr_rare,count_is_test,count_sub_operand,count_pred_expr,count_comp_op,count_sub_type,count_not_opt,count_op_expr,count_in_expr,count_like_op,count_b_op_expr,count_add_expr,count_op_tail_more,count_op_tail,count_qual_op,count_b_add_expr,count_add_tail,count_mul_expr,count_add_tail_more,count_any_operator,count_b_mul_expr,count_exp_expr,count_mul_tail,count_mul_tail_more,count_b_exp_expr,count_exp_expr_rare,count_at_expr,count_unary_expr,count_exp_tail,count_exp_tail_more,count_at_expr_rare,count_cast_expr,count_unary_expr_rare,count_at_tail,count_at_tail_more,count_c_expr,count_cast_expr_rare,count_aexpr_const,count_columnref,count_c_expr_compound,count_typecast,count_typecast_more,count_fconst,count_xconst,count_const_typename,count_sconst,count_bconst,count_iconst,count_subscripts_opt,count_func_expr,count_array_expr,count_case_expr,count_conditional_function,count_row_expr,count_cast_function,count_typename,count_exponent_opt,count_exponent,count_digits_opt,count_digits,count_hexdigit,count_uchar,count_schar,count_echar,count_e_prefix,count_bit,count_digit_group,count_subscripts_rare,count_when_clause,count_array_bounds,count_subscript,count_window_definition,count_partition_clause,sql_bytes,paren_depth
pgsql,7ddf6816d7573bcc874669b41938dd1040bb5d5d,0,nan,nan,12,1,3,43,20,7,30,38,145,312,134,58,7,131,11,14,0,0,2,14,5,0,1,0,0,0,5,4,2,2,2,7,9,8,8,6,0,0,6,1,18,16,1,7,1,9,0,0,0,0,0,22,0,120,4,25,0,0,1,0,0,0,0,0,29,1,0,25,9,14,6,33,10,6,12,35,4,1,2,35,3,3,3,3,3,38,3,0,6,48,10,10,9,23,55,90,7,7,24,72,39,8,8,72,30,42,15,25,14,14,2,3,2,6,5,5,17,1,5,1,1,4,0,14,2,1,0,19,6,17,9,9,2,6,11,9,1,11,1,0,0,1935,15
cst,7ddf6816d7573bcc874669b41938dd1040bb5d5d,0,nan,nan,12,1,3,43,20,7,30,38,145,312,134,58,7,131,11,14,0,0,2,14,5,0,1,0,0,0,5,4,2,2,2,7,9,8,8,6,0,0,6,1,18,16,1,7,1,9,0,0,0,0,0,22,0,120,4,25,0,0,1,0,0,0,0,0,29,1,0,25,9,14,6,33,10,6,12,35,4,1,2,35,3,3,3,3,3,38,3,0,6,48,10,10,9,23,55,90,7,7,24,72,39,8,8,72,30,42,15,25,14,14,2,3,2,6,5,5,17,1,5,1,1,4,0,14,2,1,0,19,6,17,9,9,2,6,11,9,1,11,1,0,0,1935,15
formatter,7ddf6816d7573bcc874669b41938dd1040bb5d5d,0,3249743.0,113437354.66666667,12,1,3,43,20,7,30,38,145,312,134,58,7,131,11,14,0,0,2,14,5,0,1,0,0,0,5,4,2,2,2,7,9,8,8,6,0,0,6,1,18,16,1,7,1,9,0,0,0,0,0,22,0,120,4,25,0,0,1,0,0,0,0,0,29,1,0,25,9,14,6,33,10,6,12,35,4,1,2,35,3,3,3,3,3,38,3,0,6,48,10,10,9,23,55,90,7,7,24,72,39,8,8,72,30,42,15,25,14,14,2,3,2,6,5,5,17,1,5,1,1,4,0,14,2,1,0,19,6,17,9,9,2,6,11,9,1,11,1,0,0,1935,15
pgsql,9957b570955da2994aafcb50e737f599b622c8aa,0,nan,nan,20,8,15,76,43,21,129,55,242,298,136,57,9,170,19,26,0,0,7,30,12,0,2,0,3,0,7,14,4,7,26,19,15,20,20,10,0,0,3,5,3,21,1,6,0,2,0,0,2,2,0,6,0,50,0,9,1,1,2,0,2,1,0,0,12,0,0,9,4,4,0,10,1,0,5,13,0,2,1,14,1,1,1,1,4,18,4,0,1,23,5,5,1,11,27,32,4,4,15,31,15,3,3,31,10,18,8,10,3,3,1,4,1,2,1,3,8,1,0,0,0,1,0,3,1,1,0,8,13,0,0,12,2,4,3,5,0,0,0,1,0,2010,27
cst,9957b570955da2994aafcb50e737f599b622c8aa,0,1483614.5833333333,129488213.33333333,20,8,15,76,43,21,129,55,242,298,136,57,9,170,19,26,0,0,7,30,12,0,2,0,3,0,7,14,4,7,26,19,15,20,20,10,0,0,3,5,3,21,1,6,0,2,0,0,2,2,0,6,0,50,0,9,1,1,2,0,2,1,0,0,12,0,0,9,4,4,0,10,1,0,5,13,0,2,1,14,1,1,1,1,4,18,4,0,1,23,5,5,1,11,27,32,4,4,15,31,15,3,3,31,10,18,8,10,3,3,1,4,1,2,1,3,8,1,0,0,0,1,0,3,1,1,0,8,13,0,0,12,2,4,3,5,0,0,0,1,0,2010,27
formatter,9957b570955da2994aafcb50e737f599b622c8aa,0,3190173.5,96097621.33333333,20,8,15,76,43,21,129,55,242,298,136,57,9,170,19,26,0,0,7,30,12,0,2,0,3,0,7,14,4,7,26,19,15,20,20,10,0,0,3,5,3,21,1,6,0,2,0,0,2,2,0,6,0,50,0,9,1,1,2,0,2,1,0,0,12,0,0,9,4,4,0,10,1,0,5,13,0,2,1,14,1,1,1,1,4,18,4,0,1,23,5,5,1,11,27,32,4,4,15,31,15,3,3,31,10,18,8,10,3,3,1,4,1,2,1,3,8,1,0,0,0,1,0,3,1,1,0,8,13,0,0,12,2,4,3,5,0,0,0,1,0,2010,27
pgsql,401b9d003b6fb6a962cb32a80f69648f01bd100b,0,nan,nan,7,1,2,59,28,15,72,46,170,290,133,56,10,87,6,21,0,0,1,9,2,0,0,0,0,0,3,10,5,1,8,3,7,5,5,4,0,0,2,0,15,11,3,4,0,0,0,0,0,0,0,20,0,117,1,25,0,0,0,0,0,0,0,0,33,0,0,25,17,15,7,33,10,7,16,38,0,3,3,40,6,6,6,4,8,48,8,0,4,56,8,8,4,18,61,84,5,5,22,76,38,11,11,76,36,42,22,22,15,15,2,6,1,8,1,5,26,0,7,1,0,2,0,15,1,1,1,25,21,12,11,3,2,3,17,14,1,4,3,0,0,1888,6
cst,401b9d003b6fb6a962cb32a80f69648f01bd100b,0,nan,nan,7,1,2,59,28,15,72,46,170,290,133,56,10,87,6,21,0,0,1,9,2,0,0,0,0,0,3,10,5,1,8,3,7,5,5,4,0,0,2,0,15,11,3,4,0,0,0,0,0,0,0,20,0,117,1,25,0,0,0,0,0,0,0,0,33,0,0,25,17,15,7,33,10,7,16,38,0,3,3,40,6,6,6,4,8,48,8,0,4,56,8,8,4,18,61,84,5,5,22,76,38,11,11,76,36,42,22,22,15,15,2,6,1,8,1,5,26,0,7,1,0,2,0,15,1,1,1,25,21,12,11,3,2,3,17,14,1,4,3,0,0,1888,6
formatter,401b9d003b6fb6a962cb32a80f69648f01bd100b,0,2911604.3333333335,95704405.33333333,7,1,2,59,28,15,72,46,170,290,133,56,10,87,6,21,0,0,1,9,2,0,0,0,0,0,3,10,5,1,8,3,7,5,5,4,0,0,2,0,15,11,3,4,0,0,0,0,0,0,0,20,0,117,1,25,0,0,0,0,0,0,0,0,33,0,0,25,17,15,7,33,10,7,16,38,0,3,3,40,6,6,6,4,8,48,8,0,4,56,8,8,4,18,61,84,5,5,22,76,38,11,11,76,36,42,22,22,15,15,2,6,1,8,1,5,26,0,7,1,0,2,0,15,1,1,1,25,21,12,11,3,2,3,17,14,1,4,3,0,0,1888,6
pgsql,d2ed1723d581d3fbf5ab7baa0f80b52b334c7c94,0,nan,nan,16,6,9,66,35,19,89,51,244,286,144,77,9,173,15,27,0,3,3,21,4,0,0,0,0,0,8,14,4,3,23,7,16,13,13,8,0,0,2,0,14,24,1,8,0,2,0,1,3,5,2,18,0,9,0,20,4,1,3,3,4,3,1,1,28,0,0,20,11,10,9,23,6,9,10,27,0,6,0,28,5,5,5,0,3,31,3,0,0,38,7,7,0,21,41,59,3,3,16,43,26,2,2,43,18,25,12,12,10,10,1,1,0,4,2,1,14,0,2,0,1,0,1,11,1,0,1,2,4,8,2,2,2,3,0,8,0,5,1,0,0,1912,16
cst,d2ed1723d581d3fbf5ab7baa0f80b52b334c7c94,0,1930637.5,130102067.2,16,6,9,66,35,19,89,51,244,286,144,77,9,173,15,27,0,3,3,21,4,0,0,0,0,0,8,14,4,3,23,7,16,13,13,8,0,0,2,0,14,24,1,8,0,2,0,1,3,5,2,18,0,9,0,20,4,1,3,3,4,3,1,1,28,0,0,20,11,10,9,23,6,9,10,27,0,6,0,28,5,5,5,0,3,31,3,0,0,38,7,7,0,21,41,59,3,3,16,43,26,2,2,43,18,25,12,12,10,10,1,1,0,4,2,1,14,0,2,0,1,0,1,11,1,0,1,2,4,8,2,2,2,3,0,8,0,5,1,0,0,1912,16
formatter,d2ed1723d581d3fbf5ab7baa0f80b52b334c7c94,0,3288891.8,98451456.0,16,6,9,66,35,19,89,51,244,286,144,77,9,173,15,27,0,3,3,21,4,0,0,0,0,0,8,14,4,3,23,7,16,13,13,8,0,0,2,0,14,24,1,8,0,2,0,1,3,5,2,18,0,9,0,20,4,1,3,3,4,3,1,1,28,0,0,20,11,10,9,23,6,9,10,27,0,6,0,28,5,5,5,0,3,31,3,0,0,38,7,7,0,21,41,59,3,3,16,43,26,2,2,43,18,25,12,12,10,10,1,1,0,4,2,1,14,0,2,0,1,0,1,11,1,0,1,2,4,8,2,2,2,3,0,8,0,5,1,0,0,1912,16
pgsql,7141e62217055aa2c7bba8c6c69f7924cd56d586,0,nan,nan,20,8,14,62,33,15,72,48,208,321,146,73,13,170,19,24,0,4,6,29,9,0,3,0,0,0,7,11,6,6,13,15,17,21,21,8,0,0,4,3,14,25,1,8,0,2,0,0,0,0,0,17,0,9,3,20,0,0,0,0,0,0,0,0,24,0,0,20,11,11,7,26,9,7,12,29,2,5,1,29,1,1,1,1,3,32,3,0,1,35,3,3,1,11,39,54,4,4,17,43,25,3,3,43,13,26,9,14,7,7,0,3,2,4,1,0,12,0,5,1,0,1,0,7,0,0,0,0,6,0,1,8,3,1,0,7,1,2,2,0,0,1968,21
cst,7141e62217055aa2c7bba8c6c69f7924cd56d586,0,nan,nan,20,8,14,62,33,15,72,48,208,321,146,73,13,170,19,24,0,4,6,29,9,0,3,0,0,0,7,11,6,6,13,15,17,21,21,8,0,0,4,3,14,25,1,8,0,2,0,0,0,0,0,17,0,9,3,20,0,0,0,0,0,0,0,0,24,0,0,20,11,11,7,26,9,7,12,29,2,5,1,29,1,1,1,1,3,32,3,0,1,35,3,3,1,11,39,54,4,4,17,43,25,3,3,43,13,26,9,14,7,7,0,3,2,4,1,0,12,0,5,1,0,1,0,7,0,0,0,0,6,0,1,8,3,1,0,7,1,2,2,0,0,1968,21
formatter,7141e62217055aa2c7bba8c6c69f7924cd56d586,0,3454340.3333333335,110313472.0,20,8,14,62,33,15,72,48,208,321,146,73,13,170,19,24,0,4,6,29,9,0,3,0,0,0,7,11,6,6,13,15,17,21,21,8,0,0,4,3,14,25,1,8,0,2,0,0,0,0,0,17,0,9,3,20,0,0,0,0,0,0,0,0,24,0,0,20,11,11,7,26,9,7,12,29,2,5,1,29,1,1,1,1,3,32,3,0,1,35,3,3,1,11,39,54,4,4,17,43,25,3,3,43,13,26,9,14,7,7,0,3,2,4,1,0,12,0,5,1,0,1,0,7,0,0,0,0,6,0,1,8,3,1,0,7,1,2,2,0,0,1968,21
pgsql,833cecb77271afc42f13f9cfc55f62fa6ba6e37b,0,nan,nan,27,18,21,65,34,10,46,55,198,332,154,68,21,169,26,25,0,9,3,32,6,0,2,0,0,0,11,10,4,3,11,9,27,15,15,17,0,0,3,2,7,37,1,10,0,1,0,0,0,0,0,12,0,30,1,15,0,0,1,0,0,0,0,0,22,0,0,15,13,8,4,17,4,4,9,21,0,4,1,22,2,2,2,1,6,28,6,0,1,31,3,3,1,14,34,52,3,3,14,37,24,2,2,37,21,23,10,12,4,4,1,0,0,2,0,5,14,1,0,0,0,0,0,4,1,1,1,8,0,0,1,0,1,0,0,8,0,2,1,0,0,1918,21
cst,833cecb77271afc42f13f9cfc55f62fa6ba6e37b,0,1581612.5,130855731.2,27,18,21,65,34,10,46,55,198,332,154,68,21,169,26,25,0,9,3,32,6,0,2,0,0,0,11,10,4,3,11,9,27,15,15,17,0,0,3,2,7,37,1,10,0,1,0,0,0,0,0,12,0,30,1,15,0,0,1,0,0,0,0,0,22,0,0,15,13,8,4,17,4,4,9,21,0,4,1,22,2,2,2,1,6,28,6,0,1,31,3,3,1,14,34,52,3,3,14,37,24,2,2,37,21,23,10,12,4,4,1,0,0,2,0,5,14,1,0,0,0,0,0,4,1,1,1,8,0,0,1,0,1,0,0,8,0,2,1,0,0,1918,21
formatter,833cecb77271afc42f13f9cfc55f62fa6ba6e37b,0,3302229.1666666665,100930901.33333333,27,18,21,65,34,10,46,55,198,332,154,68,21,169,26,25,0,9,3,32,6,0,2,0,0,0,11,10,4,3,11,9,27,15,15,17,0,0,3,2,7,37,1,10,0,1,0,0,0,0,0,12,0,30,1,15,0,0,1,0,0,0,0,0,22,0,0,15,13,8,4,17,4,4,9,21,0,4,1,22,2,2,2,1,6,28,6,0,1,31,3,3,1,14,34,52,3,3,14,37,24,2,2,37,21,23,10,12,4,4,1,0,0,2,0,5,14,1,0,0,0,0,0,4,1,1,1,8,0,0,1,0,1,0,0,8,0,2,1,0,0,1918,21
pgsql,48c5cd75665bf704b9cac4cccbc579cb8952c2b1,0,nan,nan,2,0,1,58,20,8,24,54,210,296,140,64,14,107,1,23,0,0,1,4,1,0,0,0,0,0,2,11,6,1,4,2,2,2,2,2,0,0,9,0,20,5,0,3,0,4,0,0,0,0,0,23,0,36,6,32,0,0,0,0,0,0,0,0,41,0,0,32,26,17,6,40,10,6,18,44,1,7,0,48,5,5,5,0,9,57,9,0,0,66,9,9,0,29,78,100,12,12,35,87,47,9,9,87,35,42,30,29,23,23,2,7,1,2,3,0,35,0,3,2,1,5,1,24,2,0,0,2,25,0,5,0,0,14,0,23,2,10,3,0,0,1827,9
cst,48c5cd75665bf704b9cac4cccbc579cb8952c2b1,0,nan,nan,2,0,1,58,20,8,24,54,210,296,140,64,14,107,1,23,0,0,1,4,1,0,0,0,0,0,2,11,6,1,4,2,2,2,2,2,0,0,9,0,20,5,0,3,0,4,0,0,0,0,0,23,0,36,6,32,0,0,0,0,0,0,0,0,41,0,0,32,26,17,6,40,10,6,18,44,1,7,0,48,5,5,5,0,9,57,9,0,0,66,9,9,0,29,78,100,12,12,35,87,47,9,9,87,35,42,30,29,23,23,2,7,1,2,3,0,35,0,3,2,1,5,1,24,2,0,0,2,25,0,5,0,0,14,0,23,2,10,3,0,0,1827,9
formatter,48c5cd75665bf704b9cac4cccbc579cb8952c2b1,0,3071298.8333333335,98309461.33333333,2,0,1,58,20,8,24,54,210,296,140,64,14,107,1,23,0,0,1,4,1,0,0,0,0,0,2,11,6,1,4,2,2,2,2,2,0,0,9,0,20,5,0,3,0,4,0,0,0,0,0,23,0,36,6,32,0,0,0,0,0,0,0,0,41,0,0,32,26,17,6,40,10,6,18,44,1,7,0,48,5,5,5,0,9,57,9,0,0,66,9,9,0,29,78,100,12,12,35,87,47,9,9,87,35,42,30,29,23,23,2,7,1,2,3,0,35,0,3,2,1,5,1,24,2,0,0,2,25,0,5,0,0,14,0,23,2,10,3,0,0,1827,9
pgsql,cd475dad3129d5e6c0b5fa1dcd992c581cca4abf,0,nan,nan,20,9,10,45,25,12,64,36,159,315,152,79,14,126,19,19,0,6,1,21,4,0,1,0,1,0,9,9,4,1,4,5,15,13,13,8,0,0,3,2,11,19,2,4,0,2,0,0,0,0,0,18,0,70,3,22,0,0,1,0,0,0,0,0,26,0,0,22,10,12,5,25,7,5,14,27,4,3,0,31,4,4,4,0,5,36,5,0,0,40,4,4,0,20,45,67,5,5,19,53,31,8,8,53,23,34,13,16,10,10,1,6,4,8,2,3,17,1,2,0,0,1,0,10,0,1,0,11,23,9,13,14,3,9,6,11,0,4,3,1,0,1947,12
cst,cd475dad3129d5e6c0b5fa1dcd992c581cca4abf,0,27326729.0,205455360.0,20,9,10,45,25,12,64,36,159,315,152,79,14,126,19,19,0,6,1,21,4,0,1,0,1,0,9,9,4,1,4,5,15,13,13,8,0,0,3,2,11,19,2,4,0,2,0,0,0,0,0,18,0,70,3,22,0,0,1,0,0,0,0,0,26,0,0,22,10,12,5,25,7,5,14,27,4,3,0,31,4,4,4,0,5,36,5,0,0,40,4,4,0,20,45,67,5,5,19,53,31,8,8,53,23,34,13,16,10,10,1,6,4,8,2,3,17,1,2,0,0,1,0,10,0,1,0,11,23,9,13,14,3,9,6,11,0,4,3,1,0,1947,12
formatter,cd475dad3129d5e6c0b5fa1dcd992c581cca4abf,0,3078194.5,95136426.66666667,20,9,10,45,25,12,64,36,159,315,152,79,14,126,19,19,0,6,1,21,4,0,1,0,1,0,9,9,4,1,4,5,15,13,13,8,0,0,3,2,11,19,2,4,0,2,0,0,0,0,0,18,0,70,3,22,0,0,1,0,0,0,0,0,26,0,0,22,10,12,5,25,7,5,14,27,4,3,0,31,4,4,4,0,5,36,5,0,0,40,4,4,0,20,45,67,5,5,19,53,31,8,8,53,23,34,13,16,10,10,1,6,4,8,2,3,17,1,2,0,0,1,0,10,0,1,0,11,23,9,13,14,3,9,6,11,0,4,3,1,0,1947,12
pgsql,0039710d77696df7c1862cc8d4e92e016a5771b1,0,nan,nan,12,3,5,50,22,13,76,38,129,324,153,78,21,118,11,29,0,2,2,16,5,0,3,0,0,0,3,13,6,2,9,7,11,7,7,9,0,0,5,3,16,14,0,3,1,2,0,0,0,0,0,22,0,54,2,28,0,0,0,0,0,0,0,0,39,0,0,28,24,14,7,31,7,7,12,35,2,4,1,38,5,5,5,2,6,44,6,0,2,54,10,10,2,21,61,89,7,7,20,70,42,7,7,70,30,42,16,23,9,9,6,4,2,8,1,2,21,0,4,1,0,2,0,9,5,1,0,9,14,14,2,4,3,2,0,9,1,4,3,0,0,1930,11
cst,0039710d77696df7c1862cc8d4e92e016a5771b1,0,nan,nan,12,3,5,50,22,13,76,38,129,324,153,78,21,118,11,29,0,2,2,16,5,0,3,0,0,0,3,13,6,2,9,7,11,7,7,9,0,0,5,3,16,14,0,3,1,2,0,0,0,0,0,22,0,54,2,28,0,0,0,0,0,0,0,0,39,0,0,28,24,14,7,31,7,7,12,35,2,4,1,38,5,5,5,2,6,44,6,0,2,54,10,10,2,21,61,89,7,7,20,70,42,7,7,70,30,42,16,23,9,9,6,4,2,8,1,2,21,0,4,1,0,2,0,9,5,1,0,9,14,14,2,4,3,2,0,9,1,4,3,0,0,1930,11
formatter,0039710d77696df7c1862cc8d4e92e016a5771b1,0,3194911.375,96342016.0,12,3,5,50,22,13,76,38,129,324,153,78,21,118,11,29,0,2,2,16,5,0,3,0,0,0,3,13,6,2,9,7,11,7,7,9,0,0,5,3,16,14,0,3,1,2,0,0,0,0,0,22,0,54,2,28,0,0,0,0,0,0,0,0,39,0,0,28,24,14,7,31,7,7,12,35,2,4,1,38,5,5,5,2,6,44,6,0,2,54,10,10,2,21,61,89,7,7,20,70,42,7,7,70,30,42,16,23,9,9,6,4,2,8,1,2,21,0,4,1,0,2,0,9,5,1,0,9,14,14,2,4,3,2,0,9,1,4,3,0,0,1930,11
pgsql,6472625625015292833947c19f82221a7ea1ac23,0,nan,nan,20,12,13,53,21,9,38,44,165,308,151,71,15,157,19,24,0,10,1,22,3,0,1,0,0,0,5,11,8,1,4,4,15,15,15,7,0,0,3,1,16,25,1,10,0,3,0,0,2,4,1,18,0,14,2,20,3,0,3,1,2,2,0,0,27,1,0,20,14,11,4,24,7,4,11,29,2,3,2,33,5,5,5,2,9,42,9,0,3,50,8,8,3,20,54,76,4,4,15,60,31,3,3,60,26,34,16,21,13,13,1,1,5,8,3,0,20,1,4,1,0,0,0,13,1,0,0,1,1,6,4,14,3,7,0,11,1,6,2,1,0,1881,12
cst,6472625625015292833947c19f82221a7ea1ac23,0,3945604.1666666665,148657493.33333334,20,12,13,53,21,9,38,44,165,308,151,71,15,157,19,24,0,10,1,22,3,0,1,0,0,0,5,11,8,1,4,4,15,15,15,7,0,0,3,1,16,25,1,10,0,3,0,0,2,4,1,18,0,14,2,20,3,0,3,1,2,2,0,0,27,1,0,20,14,11,4,24,7,4,11,29,2,3,2,33,5,5,5,2,9,42,9,0,3,50,8,8,3,20,54,76,4,4,15,60,31,3,3,60,26,34,16,21,13,13,1,1,5,8,3,0,20,1,4,1,0,0,0,13,1,0,0,1,1,6,4,14,3,7,0,11,1,6,2,1,0,1881,12
formatter,6472625625015292833947c19f82221a7ea1ac23,0,3175444.5,97228117.33333333,20,12,13,53,21,9,38,44,165,308,151,71,15,157,19,24,0,10,1,22,3,0,1,0,0,0,5,11,8,1,4,4,15,15,15,7,0,0,3,1,16,25,1,10,0,3,0,0,2,4,1,18,0,14,2,20,3,0,3,1,2,2,0,0,27,1,0,20,14,11,4,24,7,4,11,29,2,3,2,33,5,5,5,2,9,42,9,0,3,50,8,8,3,20,54,76,4,4,15,60,31,3,3,60,26,34,16,21,13,13,1,1,5,8,3,0,20,1,4,1,0,0,0,13,1,0,0,1,1,6,4,14,3,7,0,11,1,6,2,1,0,1881,12
pgsql,9b92e49cd977074aa033d52951b68021e0da8528,0,nan,nan,24,12,17,64,28,17,82,47,157,302,132,56,11,182,23,18,0,10,5,31,8,0,1,0,0,0,10,9,5,5,16,13,20,21,21,10,0,0,3,1,6,28,1,8,0,2,0,0,1,1,0,11,0,36,3,15,0,1,0,0,1,0,0,0,18,0,0,15,10,7,3,20,5,3,5,21,1,2,0,21,2,2,2,0,6,27,6,0,0,31,4,4,0,12,36,46,5,5,11,41,16,5,5,41,18,29,8,12,12,12,0,0,3,7,3,3,9,0,1,1,0,2,0,12,0,0,0,6,0,13,8,2,2,8,3,5,1,6,1,0,0,1951,15
cst,9b92e49cd977074aa033d52951b68021e0da8528,0,nan,nan,24,12,17,64,28,17,82,47,157,302,132,56,11,182,23,18,0,10,5,31,8,0,1,0,0,0,10,9,5,5,16,13,20,21,21,10,0,0,3,1,6,28,1,8,0,2,0,0,1,1,0,11,0,36,3,15,0,1,0,0,1,0,0,0,18,0,0,15,10,7,3,20,5,3,5,21,1,2,0,21,2,2,2,0,6,27,6,0,0,31,4,4,0,12,36,46,5,5,11,41,16,5,5,41,18,29,8,12,12,12,0,0,3,7,3,3,9,0,1,1,0,2,0,12,0,0,0,6,0,13,8,2,2,8,3,5,1,6,1,0,0,1951,15
formatter,9b92e49cd977074aa033d52951b68021e0da8528,0,3219277.6666666665,95873706.66666667,24,12,17,64,28,17,82,47,157,302,132,56,11,182,23,18,0,10,5,31,8,0,1,0,0,0,10,9,5,5,16,13,20,21,21,10,0,0,3,1,6,28,1,8,0,2,0,0,1,1,0,11,0,36,3,15,0,1,0,0,1,0,0,0,18,0,0,15,10,7,3,20,5,3,5,21,1,2,0,21,2,2,2,0,6,27,6,0,0,31,4,4,0,12,36,46,5,5,11,41,16,5,5,41,18,29,8,12,12,12,0,0,3,7,3,3,9,0,1,1,0,2,0,12,0,0,0,6,0,13,8,2,2,8,3,5,1,6,1,0,0,1951,15
pgsql,f3a8d4a16bf02da0b6c07b7be9c862e982d9c0a1,0,nan,nan,23,12,15,59,26,13,66,47,184,304,141,67,15,190,22,18,0,10,3,28,5,0,4,0,1,0,8,7,4,3,11,8,18,14,14,14,0,0,7,5,12,29,1,11,0,3,0,0,0,0,0,15,0,16,1,17,0,0,0,0,0,0,0,0,24,0,0,17,12,5,7,19,7,7,8,20,3,3,0,24,4,4,4,0,6,30,6,0,0,39,9,9,0,24,43,56,4,4,14,45,27,2,2,45,17,25,11,17,8,8,1,2,0,2,7,1,13,0,2,0,2,3,0,8,0,1,0,3,5,0,1,0,1,26,0,9,0,4,2,0,0,1883,14
cst,f3a8d4a16bf02da0b6c07b7be9c862e982d9c0a1,0,2626396.0,141382997.33333334,23,12,15,59,26,13,66,47,184,304,141,67,15,190,22,18,0,10,3,28,5,0,4,0,1,0,8,7,4,3,11,8,18,14,14,14,0,0,7,5,12,29,1,11,0,3,0,0,0,0,0,15,0,16,1,17,0,0,0,0,0,0,0,0,24,0,0,17,12,5,7,19,7,7,8,20,3,3,0,24,4,4,4,0,6,30,6,0,0,39,9,9,0,24,43,56,4,4,14,45,27,2,2,45,17,25,11,17,8,8,1,2,0,2,7,1,13,0,2,0,2,3,0,8,0,1,0,3,5,0,1,0,1,26,0,9,0,4,2,0,0,1883,14
formatter,f3a8d4a16bf02da0b6c07b7be9c862e982d9c0a1,0,3241750.0,96037546.66666667,23,12,15,59,26,13,66,47,184,304,141,67,15,190,22,18,0,10,3,28,5,0,4,0,1,0,8,7,4,3,11,8,18,14,14,14,0,0,7,5,12,29,1,11,0,3,0,0,0,0,0,15,0,16,1,17,0,0,0,0,0,0,0,0,24,0,0,17,12,5,7,19,7,7,8,20,3,3,0,24,4,4,4,0,6,30,6,0,0,39,9,9,0,24,43,56,4,4,14,45,27,2,2,45,17,25,11,17,8,8,1,2,0,2,7,1,13,0,2,0,2,3,0,8,0,1,0,3,5,0,1,0,1,26,0,9,0,4,2,0,0,1883,14
pgsql,3b6b1a887882197e3f051368b2d8f7f5815a32ff,0,nan,nan,9,0,2,45,19,10,54,38,157,310,152,73,12,150,8,20,0,0,2,12,2,1,1,0,2,0,3,6,3,2,8,4,4,11,11,1,1,0,14,3,14,9,0,5,0,5,0,0,0,0,0,20,0,57,4,23,0,0,2,0,0,0,0,0,32,0,0,23,13,15,11,25,8,11,13,29,0,6,1,30,3,3,3,2,6,36,6,0,4,52,16,16,9,19,56,87,4,4,21,68,38,3,3,68,38,37,17,22,24,24,2,4,2,5,1,4,18,2,3,0,1,6,1,25,2,1,0,7,8,21,17,0,0,8,0,4,0,17,0,1,1,2014,11
cst,3b6b1a887882197e3f051368b2d8f7f5815a32ff,0,nan,nan,9,0,2,45,19,10,54,38,157,310,152,73,12,150,8,20,0,0,2,12,2,1,1,0,2,0,3,6,3,2,8,4,4,11,11,1,1,0,14,3,14,9,0,5,0,5,0,0,0,0,0,20,0,57,4,23,0,0,2,0,0,0,0,0,32,0,0,23,13,15,11,25,8,11,13,29,0,6,1,30,3,3,3,2,6,36,6,0,4,52,16,16,9,19,56,87,4,4,21,68,38,3,3,68,38,37,17,22,24,24,2,4,2,5,1,4,18,2,3,0,1,6,1,25,2,1,0,7,8,21,17,0,0,8,0,4,0,17,0,1,1,2014,11
formatter,3b6b1a887882197e3f051368b2d8f7f5815a32ff,0,3470308.9166666665,108609536.0,9,0,2,45,19,10,54,38,157,310,152,73,12,150,8,20,0,0,2,12,2,1,1,0,2,0,3,6,3,2,8,4,4,11,11,1,1,0,14,3,14,9,0,5,0,5,0,0,0,0,0,20,0,57,4,23,0,0,2,0,0,0,0,0,32,0,0,23,13,15,11,25,8,11,13,29,0,6,1,30,3,3,3,2,6,36,6,0,4,52,16,16,9,19,56,87,4,4,21,68,38,3,3,68,38,37,17,22,24,24,2,4,2,5,1,4,18,2,3,0,1,6,1,25,2,1,0,7,8,21,17,0,0,8,0,4,0,17,0,1,1,2014,11
pgsql,05e98186e0167ddd29d66e4cdb8f655d43c357ec,0,nan,nan,19,12,13,50,24,11,63,39,149,314,134,76,17,138,18,18,0,11,1,21,1,0,4,0,1,0,9,7,3,1,1,2,10,16,16,5,0,0,7,5,10,12,0,2,0,5,0,0,1,1,0,15,0,42,4,21,1,0,2,0,1,1,0,0,27,1,0,21,18,10,4,28,8,4,16,35,2,6,2,37,4,4,4,2,8,45,8,0,2,54,9,9,2,23,58,74,4,4,29,64,34,4,4,64,30,35,16,19,15,15,0,3,1,5,1,5,19,1,6,0,1,1,1,16,0,0,0,5,8,12,0,4,1,2,0,11,0,8,2,0,0,1921,10
cst,05e98186e0167ddd29d66e4cdb8f655d43c357ec,0,nan,nan,19,12,13,50,24,11,63,39,149,314,134,76,17,138,18,18,0,11,1,21,1,0,4,0,1,0,9,7,3,1,1,2,10,16,16,5,0,0,7,5,10,12,0,2,0,5,0,0,1,1,0,15,0,42,4,21,1,0,2,0,1,1,0,0,27,1,0,21,18,10,4,28,8,4,16,35,2,6,2,37,4,4,4,2,8,45,8,0,2,54,9,9,2,23,58,74,4,4,29,64,34,4,4,64,30,35,16,19,15,15,0,3,1,5,1,5,19,1,6,0,1,1,1,16,0,0,0,5,8,12,0,4,1,2,0,11,0,8,2,0,0,1921,10
formatter,05e98186e0167ddd29d66e4cdb8f655d43c357ec,0,3118208.3333333335,95917397.33333333,19,12,13,50,24,11,63,39,149,314,134,76,17,138,18,18,0,11,1,21,1,0,4,0,1,0,9,7,3,1,1,2,10,16,16,5,0,0,7,5,10,12,0,2,0,5,0,0,1,1,0,15,0,42,4,21,1,0,2,0,1,1,0,0,27,1,0,21,18,10,4,28,8,4,16,35,2,6,2,37,4,4,4,2,8,45,8,0,2,54,9,9,2,23,58,74,4,4,29,64,34,4,4,64,30,35,16,19,15,15,0,3,1,5,1,5,19,1,6,0,1,1,1,16,0,0,0,5,8,12,0,4,1,2,0,11,0,8,2,0,0,1921,10
pgsql,b9e055468033e9cc024b5858cc86bd5ef03b6235,0,nan,nan,45,36,39,76,38,19,98,57,227,312,141,68,16,271,44,7,0,33,3,46,6,0,5,0,1,0,17,2,1,3,20,9,29,27,27,19,0,0,6,6,1,40,0,11,0,0,0,0,0,0,0,1,0,10,2,1,0,0,0,0,0,0,0,0,1,0,0,1,0,1,0,1,0,0,0,1,0,0,0,1,0,0,0,0,0,1,0,0,0,1,0,0,0,0,1,1,0,0,0,1,1,0,0,1,0,0,1,0,0,0,0,0,0,0,0,0,1,0,0,0,0,0,0,0,0,0,0,0,0,0,0,0,0,0,0,0,0,0,0,0,0,1919,12
cst,b9e055468033e9cc024b5858cc86bd5ef03b6235,0,1118338.5625,126138368.0,45,36,39,76,38,19,98,57,227,312,141,68,16,271,44,7,0,33,3,46,6,0,5,0,1,0,17,2,1,3,20,9,29,27,27,19,0,0,6,6,1,40,0,11,0,0,0,0,0,0,0,1,0,10,2,1,0,0,0,0,0,0,0,0,1,0,0,1,0,1,0,1,0,0,0,1,0,0,0,1,0,0,0,0,0,1,0,0,0,1,0,0,0,0,1,1,0,0,0,1,1,0,0,1,0,0,1,0,0,0,0,0,0,0,0,0,1,0,0,0,0,0,0,0,0,0,0,0,0,0,0,0,0,0,0,0,0,0,0,0,0,1919,12
formatter,b9e055468033e9cc024b5858cc86bd5ef03b6235,0,3195625.3333333335,95688021.33333333,45,36,39,76,38,19,98,57,227,312,141,68,16,271,44,7,0,33,3,46,6,0,5,0,1,0,17,2,1,3,20,9,29,27,27,19,0,0,6,6,1,40,0,11,0,0,0,0,0,0,0,1,0,10,2,1,0,0,0,0,0,0,0,0,1,0,0,1,0,1,0,1,0,0,0,1,0,0,0,1,0,0,0,0,0,1,0,0,0,1,0,0,0,0,1,1,0,0,0,1,1,0,0,1,0,0,1,0,0,0,0,0,0,0,0,0,1,0,0,0,0,0,0,0,0,0,0,0,0,0,0,0,0,0,0,0,0,0,0,0,0,1919,12
pgsql,4d6cc493b2abcba797822fe4ec0fc8e21c7b11e2,0,nan,nan,9,2,5,54,21,10,44,47,208,305,147,66,12,136,8,33,0,0,3,14,4,0,1,0,1,0,4,19,12,3,11,7,8,11,11,3,0,0,4,2,16,13,1,5,1,7,0,0,1,1,0,24,0,19,1,30,1,0,1,0,1,1,0,0,40,0,0,30,22,8,3,37,8,3,13,41,5,4,1,42,2,2,2,1,6,48,6,0,1,57,9,9,2,17,59,92,2,2,25,67,49,6,6,67,29,36,17,20,18,18,1,6,0,5,2,0,20,0,4,0,2,4,1,19,1,1,1,3,14,1,2,11,3,5,0,6,0,13,0,0,0,1876,20
cst,4d6cc493b2abcba797822fe4ec0fc8e21c7b11e2,0,1711076.3333333333,130028885.33333333,9,2,5,54,21,10,44,47,208,305,147,66,12,136,8,33,0,0,3,14,4,0,1,0,1,0,4,19,12,3,11,7,8,11,11,3,0,0,4,2,16,13,1,5,1,7,0,0,1,1,0,24,0,19,1,30,1,0,1,0,1,1,0,0,40,0,0,30,22,8,3,37,8,3,13,41,5,4,1,42,2,2,2,1,6,48,6,0,1,57,9,9,2,17,59,92,2,2,25,67,49,6,6,67,29,36,17,20,18,18,1,6,0,5,2,0,20,0,4,0,2,4,1,19,1,1,1,3,14,1,2,11,3,5,0,6,0,13,0,0,0,1876,20
formatter,4d6cc493b2abcba797822fe4ec0fc8e21c7b11e2,0,3379833.1666666665,114338474.66666667,9,2,5,54,21,10,44,47,208,305,147,66,12,136,8,33,0,0,3,14,4,0,1,0,1,0,4,19,12,3,11,7,8,11,11,3,0,0,4,2,16,13,1,5,1,7,0,0,1,1,0,24,0,19,1,30,1,0,1,0,1,1,0,0,40,0,0,30,22,8,3,37,8,3,13,41,5,4,1,42,2,2,2,1,6,48,6,0,1,57,9,9,2,17,59,92,2,2,25,67,49,6,6,67,29,36,17,20,18,18,1,6,0,5,2,0,20,0,4,0,2,4,1,19,1,1,1,3,14,1,2,11,3,5,0,6,0,13,0,0,0,1876,20
pgsql,56b96c9b4f6c094dc105662573d8b248c5709e53,0,nan,nan,16,2,7,60,25,14,73,47,179,304,144,82,13,148,15,26,0,0,5,20,6,0,2,0,1,0,3,13,6,6,16,11,14,11,11,9,0,0,3,3,15,19,1,5,0,4,0,0,1,2,1,21,0,29,2,25,1,1,2,0,2,1,1,1,35,1,0,25,22,9,6,28,6,6,7,31,1,3,1,33,4,4,4,1,6,39,6,0,1,47,8,8,1,20,51,67,4,4,24,56,26,4,4,56,27,33,15,21,9,9,1,1,2,8,1,3,18,1,1,1,1,0,1,10,0,1,0,6,4,7,9,4,2,3,1,14,1,3,1,0,0,1883,21
cst,56b96c9b4f6c094dc105662573d8b248c5709e53,0,nan,nan,16,2,7,60,25,14,73,47,179,304,144,82,13,148,15,26,0,0,5,20,6,0,2,0,1,0,3,13,6,6,16,11,14,11,11,9,0,0,3,3,15,19,1,5,0,4,0,0,1,2,1,21,0,29,2,25,1,1,2,0,2,1,1,1,35,1,0,25,22,9,6,28,6,6,7,31,1,3,1,33,4,4,4,1,6,39,6,0,1,47,8,8,1,20,51,67,4,4,24,56,26,4,4,56,27,33,15,21,9,9,1,1,2,8,1,3,18,1,1,1,1,0,1,10,0,1,0,6,4,7,9,4,2,3,1,14,1,3,1,0,0,1883,21
formatter,56b96c9b4f6c094dc105662573d8b248c5709e53,0,3182749.8333333335,95868245.33333333,16,2,7,60,25,14,73,47,179,304,144,82,13,148,15,26,0,0,5,20,6,0,2,0,1,0,3,13,6,6,16,11,14,11,11,9,0,0,3,3,15,19,1,5,0,4,0,0,1,2,1,21,0,29,2,25,1,1,2,0,2,1,1,1,35,1,0,25,22,9,6,28,6,6,7,31,1,3,1,33,4,4,4,1,6,39,6,0,1,47,8,8,1,20,51,67,4,4,24,56,26,4,4,56,27,33,15,21,9,9,1,1,2,8,1,3,18,1,1,1,1,0,1,10,0,1,0,6,4,7,9,4,2,3,1,14,1,3,1,0,0,1883,21
pgsql,9e45fd9031b6a0cde569b2225b579fcd6cc4f840,0,nan,nan,12,1,4,69,30,16,57,57,276,292,131,64,16,148,11,19,0,0,3,18,4,0,1,0,0,0,4,10,3,3,22,7,12,11,11,7,0,0,7,1,12,16,0,4,0,4,0,0,0,0,0,15,0,36,4,17,0,0,0,0,0,0,0,0,23,0,0,17,16,8,10,17,6,10,8,20,1,5,2,23,4,4,5,2,6,29,6,0,3,37,8,8,3,18,43,62,6,6,22,53,33,7,7,53,23,28,19,17,19,19,0,3,3,6,3,2,21,0,1,0,1,2,0,19,0,0,0,3,5,5,12,8,1,7,1,14,0,12,2,0,0,1979,11
cst,9e45fd9031b6a0cde569b2225b579fcd6cc4f840,0,2225277.8333333335,131399680.0,12,1,4,69,30,16,57,57,276,292,131,64,16,148,11,19,0,0,3,18,4,0,1,0,0,0,4,10,3,3,22,7,12,11,11,7,0,0,7,1,12,16,0,4,0,4,0,0,0,0,0,15,0,36,4,17,0,0,0,0,0,0,0,0,23,0,0,17,16,8,10,17,6,10,8,20,1,5,2,23,4,4,5,2,6,29,6,0,3,37,8,8,3,18,43,62,6,6,22,53,33,7,7,53,23,28,19,17,19,19,0,3,3,6,3,2,21,0,1,0,1,2,0,19,0,0,0,3,5,5,12,8,1,7,1,14,0,12,2,0,0,1979,11
formatter,9e45fd9031b6a0cde569b2225b579fcd6cc4f840,0,3110849.9,95751372.8,12,1,4,69,30,16,57,57,276,292,131,64,16,148,11,19,0,0,3,18,4,0,1,0,0,0,4,10,3,3,22,7,12,11,11,7,0,0,7,1,12,16,0,4,0,4,0,0,0,0,0,15,0,36,4,17,0,0,0,0,0,0,0,0,23,0,0,17,16,8,10,17,6,10,8,20,1,5,2,23,4,4,5,2,6,29,6,0,3,37,8,8,3,18,43,62,6,6,22,53,33,7,7,53,23,28,19,17,19,19,0,3,3,6,3,2,21,0,1,0,1,2,0,19,0,0,0,3,5,5,12,8,1,7,1,14,0,12,2,0,0,1979,11
pgsql,8d4a339dec4e53b2bcc551d4600bc57ce8dfa21f,0,nan,nan,5,0,10,53,24,11,49,45,190,301,139,69,12,158,4,25,5,0,10,23,10,0,0,0,0,0,3,14,6,10,12,20,16,10,10,13,0,0,4,0,11,22,0,6,0,5,0,0,0,0,0,15,0,88,2,21,0,0,3,0,0,0,0,0,30,2,0,21,18,10,3,28,8,3,10,34,0,5,2,36,3,3,3,2,5,41,5,0,2,48,7,7,2,14,50,76,2,2,14,54,37,2,2,54,23,34,9,15,11,11,1,2,2,4,3,4,11,3,3,1,1,1,0,11,1,0,0,15,18,18,3,0,0,4,10,6,1,5,1,0,0,2021,10
cst,8d4a339dec4e53b2bcc551d4600bc57ce8dfa21f,0,1605170.9,129214054.4,5,0,10,53,24,11,49,45,190,301,139,69,12,158,4,25,5,0,10,23,10,0,0,0,0,0,3,14,6,10,12,20,16,10,10,13,0,0,4,0,11,22,0,6,0,5,0,0,0,0,0,15,0,88,2,21,0,0,3,0,0,0,0,0,30,2,0,21,18,10,3,28,8,3,10,34,0,5,2,36,3,3,3,2,5,41,5,0,2,48,7,7,2,14,50,76,2,2,14,54,37,2,2,54,23,34,9,15,11,11,1,2,2,4,3,4,11,3,3,1,1,1,0,11,1,0,0,15,18,18,3,0,0,4,10,6,1,5,1,0,0,2021,10
formatter,8d4a339dec4e53b2bcc551d4600bc57ce8dfa21f,0,3161882.0,96239616.0,5,0,10,53,24,11,49,45,190,301,139,69,12,158,4,25,5,0,10,23,10,0,0,0,0,0,3,14,6,10,12,20,16,10,10,13,0,0,4,0,11,22,0,6,0,5,0,0,0,0,0,15,0,88,2,21,0,0,3,0,0,0,0,0,30,2,0,21,18,10,3,28,8,3,10,34,0,5,2,36,3,3,3,2,5,41,5,0,2,48,7,7,2,14,50,76,2,2,14,54,37,2,2,54,23,34,9,15,11,11,1,2,2,4,3,4,11,3,3,1,1,1,0,11,1,0,0,15,18,18,3,0,0,4,10,6,1,5,1,0,0,2021,10
pgsql,a0b9c3eacceb1f6a152bd6ffd5af2faebd2fc0fd,0,nan,nan,3,0,6,51,18,8,27,44,177,303,159,71,20,121,2,20,3,0,6,15,6,0,0,0,0,0,3,12,3,6,4,12,11,7,7,8,0,0,5,0,16,14,0,3,0,4,0,0,0,0,0,23,0,86,1,26,0,0,1,0,0,0,0,0,35,0,0,26,19,12,4,27,3,4,8,30,1,1,2,32,4,4,4,2,5,37,5,1,2,48,11,11,2,23,57,80,9,9,29,67,33,8,8,67,26,34,18,21,19,19,5,7,2,4,4,1,21,1,2,2,2,5,2,21,5,1,2,17,46,4,0,13,2,7,10,12,2,9,2,0,0,2042,4
cst,a0b9c3eacceb1f6a152bd6ffd5af2faebd2fc0fd,0,nan,nan,3,0,6,51,18,8,27,44,177,303,159,71,20,121,2,20,3,0,6,15,6,0,0,0,0,0,3,12,3,6,4,12,11,7,7,8,0,0,5,0,16,14,0,3,0,4,0,0,0,0,0,23,0,86,1,26,0,0,1,0,0,0,0,0,35,0,0,26,19,12,4,27,3,4,8,30,1,1,2,32,4,4,4,2,5,37,5,1,2,48,11,11,2,23,57,80,9,9,29,67,33,8,8,67,26,34,18,21,19,19,5,7,2,4,4,1,21,1,2,2,2,5,2,21,5,1,2,17,46,4,0,13,2,7,10,12,2,9,2,0,0,2042,4
formatter,a0b9c3eacceb1f6a152bd6ffd5af2faebd2fc0fd,0,3023125.1666666665,95442261.33333333,3,0,6,51,18,8,27,44,177,303,159,71,20,121,2,20,3,0,6,15,6,0,0,0,0,0,3,12,3,6,4,12,11,7,7,8,0,0,5,0,16,14,0,3,0,4,0,0,0,0,0,23,0,86,1,26,0,0,1,0,0,0,0,0,35,0,0,26,19,12,4,27,3,4,8,30,1,1,2,32,4,4,4,2,5,37,5,1,2,48,11,11,2,23,57,80,9,9,29,67,33,8,8,67,26,34,18,21,19,19,5,7,2,4,4,1,21,1,2,2,2,5,2,21,5,1,2,17,46,4,0,13,2,7,10,12,2,9,2,0,0,2042,4
pgsql,7ec78c0be062e26565ce9f6fbe12d66a3d3a8a5d,0,nan,nan,8,0,16,96,44,24,102,72,316,309,146,68,16,224,7,9,8,0,16,39,17,0,0,0,1,0,4,3,1,16,35,33,25,24,24,15,0,0,0,1,3,33,1,8,0,0,0,0,1,1,0,3,0,1,0,5,1,0,1,1,0,0,0,0,5,0,0,5,2,2,3,8,4,3,3,8,0,2,0,8,0,0,0,0,3,11,3,0,0,13,2,2,0,7,15,19,2,2,6,21,9,6,6,21,4,12,5,6,2,2,0,1,1,1,2,1,6,1,2,0,0,0,0,2,0,0,0,1,1,0,0,0,1,17,0,4,0,0,1,0,0,2054,9
cst,7ec78c0be062e26565ce9f6fbe12d66a3d3a8a5d,0,1475278.5625,130699264.0,8,0,16,96,44,24,102,72,316,309,146,68,16,224,7,9,8,0,16,39,17,0,0,0,1,0,4,3,1,16,35,33,25,24,24,15,0,0,0,1,3,33,1,8,0,0,0,0,1,1,0,3,0,1,0,5,1,0,1,1,0,0,0,0,5,0,0,5,2,2,3,8,4,3,3,8,0,2,0,8,0,0,0,0,3,11,3,0,0,13,2,2,0,7,15,19,2,2,6,21,9,6,6,21,4,12,5,6,2,2,0,1,1,1,2,1,6,1,2,0,0,0,0,2,0,0,0,1,1,0,0,0,1,17,0,4,0,0,1,0,0,2054,9
formatter,7ec78c0be062e26565ce9f6fbe12d66a3d3a8a5d,0,3325201.1666666665,102187008.0,8,0,16,96,44,24,102,72,316,309,146,68,16,224,7,9,8,0,16,39,17,0,0,0,1,0,4,3,1,16,35,33,25,24,24,15,0,0,0,1,3,33,1,8,0,0,0,0,1,1,0,3,0,1,0,5,1,0,1,1,0,0,0,0,5,0,0,5,2,2,3,8,4,3,3,8,0,2,0,8,0,0,0,0,3,11,3,0,0,13,2,2,0,7,15,19,2,2,6,21,9,6,6,21,4,12,5,6,2,2,0,1,1,1,2,1,6,1,2,0,0,0,0,2,0,0,0,1,1,0,0,0,1,17,0,4,0,0,1,0,0,2054,9
pgsql,b5d6e69861ceeb17e9f39cf7dcb4d3ae44afd7d0,0,nan,nan,6,0,18,79,36,20,97,59,198,310,132,67,17,207,5,21,12,0,18,42,18,0,1,0,1,0,0,10,5,18,15,36,21,28,28,14,0,0,2,2,7,26,0,5,1,3,0,0,2,4,2,11,0,14,0,15,1,3,1,0,4,1,1,1,20,0,1,15,6,10,4,16,4,4,7,18,1,0,2,18,1,1,1,2,3,21,3,0,2,23,2,2,2,9,26,38,3,3,11,29,19,1,1,29,10,13,8,11,2,2,1,2,1,3,2,0,8,0,4,0,0,3,0,2,0,1,0,2,6,5,2,0,0,18,0,4,0,0,0,0,0,2028,7
cst,b5d6e69861ceeb17e9f39cf7dcb4d3ae44afd7d0,0,nan,nan,6,0,18,79,36,20,97,59,198,310,132,67,17,207,5,21,12,0,18,42,18,0,1,0,1,0,0,10,5,18,15,36,21,28,28,14,0,0,2,2,7,26,0,5,1,3,0,0,2,4,2,11,0,14,0,15,1,3,1,0,4,1,1,1,20,0,1,15,6,10,4,16,4,4,7,18,1,0,2,18,1,1,1,2,3,21,3,0,2,23,2,2,2,9,26,38,3,3,11,29,19,1,1,29,10,13,8,11,2,2,1,2,1,3,2,0,8,0,4,0,0,3,0,2,0,1,0,2,6,5,2,0,0,18,0,4,0,0,0,0,0,2028,7
formatter,b5d6e69861ceeb17e9f39cf7dcb4d3ae44afd7d0,0,3333645.6666666665,95633408.0,6,0,18,79,36,20,97,59,198,310,132,67,17,207,5,21,12,0,18,42,18,0,1,0,1,0,0,10,5,18,15,36,21,28,28,14,0,0,2,2,7,26,0,5,1,3,0,0,2,4,2,11,0,14,0,15,1,3,1,0,4,1,1,1,20,0,1,15,6,10,4,16,4,4,7,18,1,0,2,18,1,1,1,2,3,21,3,0,2,23,2,2,2,9,26,38,3,3,11,29,19,1,1,29,10,13,8,11,2,2,1,2,1,3,2,0,8,0,4,0,0,3,0,2,0,1,0,2,6,5,2,0,0,18,0,4,0,0,0,0,0,2028,7
pgsql,501d26637a03b34348e31bf8e4bee8cb578d7e25,0,nan,nan,4,0,12,83,40,18,77,66,268,299,139,74,13,169,3,19,8,0,12,28,12,0,0,0,0,0,2,9,4,13,17,24,20,15,15,13,0,0,1,0,7,25,0,5,0,1,0,0,1,1,0,8,0,16,0,12,1,0,1,1,1,1,0,0,18,0,0,12,8,7,1,15,4,1,8,20,0,2,3,23,3,3,3,5,3,26,3,0,8,32,6,6,10,10,35,65,3,3,14,49,31,4,4,49,16,24,16,16,5,5,1,0,2,3,6,1,19,0,4,0,1,0,0,5,1,1,0,3,0,5,11,0,0,21,0,10,0,4,2,0,0,1989,6
cst,501d26637a03b34348e31bf8e4bee8cb578d7e25,0,2337517.4166666665,131126613.33333333,4,0,12,83,40,18,77,66,268,299,139,74,13,169,3,19,8,0,12,28,12,0,0,0,0,0,2,9,4,13,17,24,20,15,15,13,0,0,1,0,7,25,0,5,0,1,0,0,1,1,0,8,0,16,0,12,1,0,1,1,1,1,0,0,18,0,0,12,8,7,1,15,4,1,8,20,0,2,3,23,3,3,3,5,3,26,3,0,8,32,6,6,10,10,35,65,3,3,14,49,31,4,4,49,16,24,16,16,5,5,1,0,2,3,6,1,19,0,4,0,1,0,0,5,1,1,0,3,0,5,11,0,0,21,0,10,0,4,2,0,0,1989,6
formatter,501d26637a03b34348e31bf8e4bee8cb578d7e25,0,3218430.5,97812480.0,4,0,12,83,40,18,77,66,268,299,139,74,13,169,3,19,8,0,12,28,12,0,0,0,0,0,2,9,4,13,17,24,20,15,15,13,0,0,1,0,7,25,0,5,0,1,0,0,1,1,0,8,0,16,0,12,1,0,1,1,1,1,0,0,18,0,0,12,8,7,1,15,4,1,8,20,0,2,3,23,3,3,3,5,3,26,3,0,8,32,6,6,10,10,35,65,3,3,14,49,31,4,4,49,16,24,16,16,5,5,1,0,2,3,6,1,19,0,4,0,1,0,0,5,1,1,0,3,0,5,11,0,0,21,0,10,0,4,2,0,0,1989,6
pgsql,9f4dd5ce1bee15694f614233d4b1d590c07cc584,0,nan,nan,4,0,12,68,33,13,59,55,218,309,143,75,16,180,3,17,8,0,12,29,13,0,1,0,0,0,1,11,6,12,14,25,19,16,16,13,0,0,1,1,12,25,0,6,1,6,0,0,0,0,0,17,0,14,0,19,0,0,1,0,0,0,0,0,23,1,0,19,10,8,6,22,4,6,10,26,1,4,2,26,3,3,3,2,7,33,7,0,2,39,6,6,2,13,42,71,3,3,14,49,39,5,5,49,20,28,12,17,8,8,2,2,1,2,3,1,12,1,3,0,1,3,1,9,2,0,2,4,10,5,0,9,1,9,0,8,0,6,0,0,0,1987,9
cst,9f4dd5ce1bee15694f614233d4b1d590c07cc584,0,nan,nan,4,0,12,68,33,13,59,55,218,309,143,75,16,180,3,17,8,0,12,29,13,0,1,0,0,0,1,11,6,12,14,25,19,16,16,13,0,0,1,1,12,25,0,6,1,6,0,0,0,0,0,17,0,14,0,19,0,0,1,0,0,0,0,0,23,1,0,19,10,8,6,22,4,6,10,26,1,4,2,26,3,3,3,2,7,33,7,0,2,39,6,6,2,13,42,71,3,3,14,49,39,5,5,49,20,28,12,17,8,8,2,2,1,2,3,1,12,1,3,0,1,3,1,9,2,0,2,4,10,5,0,9,1,9,0,8,0,6,0,0,0,1987,9
formatter,9f4dd5ce1bee15694f614233d4b1d590c07cc584,0,3261770.6666666665,96452608.0,4,0,12,68,33,13,59,55,218,309,143,75,16,180,3,17,8,0,12,29,13,0,1,0,0,0,1,11,6,12,14,25,19,16,16,13,0,0,1,1,12,25,0,6,1,6,0,0,0,0,0,17,0,14,0,19,0,0,1,0,0,0,0,0,23,1,0,19,10,8,6,22,4,6,10,26,1,4,2,26,3,3,3,2,7,33,7,0,2,39,6,6,2,13,42,71,3,3,14,49,39,5,5,49,20,28,12,17,8,8,2,2,1,2,3,1,12,1,3,0,1,3,1,9,2,0,2,4,10,5,0,9,1,9,0,8,0,6,0,0,0,1987,9
pgsql,85e1ff765fa88362d836b5eceec9e753cec5368d,0,nan,nan,2,0,12,57,26,17,54,42,105,298,140,69,15,176,1,19,10,0,12,27,13,0,0,0,0,0,0,12,4,12,7,25,11,21,21,6,0,0,5,0,12,15,0,4,0,5,0,0,1,1,0,19,0,32,2,24,1,0,1,0,1,1,0,0,33,0,0,24,17,8,1,34,11,1,14,40,2,4,2,40,0,0,0,2,9,49,9,0,2,55,6,6,3,18,59,83,4,4,27,66,38,4,4,66,27,45,12,20,17,17,1,5,1,5,5,1,15,0,2,0,2,2,0,17,0,1,0,3,14,0,4,12,2,18,0,10,0,13,2,0,0,1874,6
cst,85e1ff765fa88362d836b5eceec9e753cec5368d,0,1962021.0,131432448.0,2,0,12,57,26,17,54,42,105,298,140,69,15,176,1,19,10,0,12,27,13,0,0,0,0,0,0,12,4,12,7,25,11,21,21,6,0,0,5,0,12,15,0,4,0,5,0,0,1,1,0,19,0,32,2,24,1,0,1,0,1,1,0,0,33,0,0,24,17,8,1,34,11,1,14,40,2,4,2,40,0,0,0,2,9,49,9,0,2,55,6,6,3,18,59,83,4,4,27,66,38,4,4,66,27,45,12,20,17,17,1,5,1,5,5,1,15,0,2,0,2,2,0,17,0,1,0,3,14,0,4,12,2,18,0,10,0,13,2,0,0,1874,6
formatter,85e1ff765fa88362d836b5eceec9e753cec5368d,0,3389041.3333333335,103437653.33333333,2,0,12,57,26,17,54,42,105,298,140,69,15,176,1,19,10,0,12,27,13,0,0,0,0,0,0,12,4,12,7,25,11,21,21,6,0,0,5,0,12,15,0,4,0,5,0,0,1,1,0,19,0,32,2,24,1,0,1,0,1,1,0,0,33,0,0,24,17,8,1,34,11,1,14,40,2,4,2,40,0,0,0,2,9,49,9,0,2,55,6,6,3,18,59,83,4,4,27,66,38,4,4,66,27,45,12,20,17,17,1,5,1,5,5,1,15,0,2,0,2,2,0,17,0,1,0,3,14,0,4,12,2,18,0,10,0,13,2,0,0,1874,6
pgsql,67bb509bb5c4caf5d2745da21e399d71be06033e,0,nan,nan,2,0,12,74,39,21,91,53,183,301,131,63,15,200,1,22,10,0,12,25,12,0,0,0,0,0,1,13,8,12,14,24,18,11,11,14,0,0,7,0,8,26,1,8,0,3,0,0,0,0,0,10,0,30,2,14,0,0,4,0,0,0,0,0,22,0,0,14,11,8,2,19,6,2,11,25,0,4,3,26,1,1,1,3,4,30,4,0,4,37,7,7,4,17,42,54,5,5,19,51,22,5,5,51,22,27,12,20,18,18,3,4,1,2,0,2,14,4,3,0,0,5,0,18,3,1,1,6,15,2,6,0,0,0,0,8,0,7,2,1,1,2030,8
cst,67bb509bb5c4caf5d2745da21e399d71be06033e,0,nan,nan,2,0,12,74,39,21,91,53,183,301,131,63,15,200,1,22,10,0,12,25,12,0,0,0,0,0,1,13,8,12,14,24,18,11,11,14,0,0,7,0,8,26,1,8,0,3,0,0,0,0,0,10,0,30,2,14,0,0,4,0,0,0,0,0,22,0,0,14,11,8,2,19,6,2,11,25,0,4,3,26,1,1,1,3,4,30,4,0,4,37,7,7,4,17,42,54,5,5,19,51,22,5,5,51,22,27,12,20,18,18,3,4,1,2,0,2,14,4,3,0,0,5,0,18,3,1,1,6,15,2,6,0,0,0,0,8,0,7,2,1,1,2030,8
formatter,67bb509bb5c4caf5d2745da21e399d71be06033e,0,3478765.5,115314688.0,2,0,12,74,39,21,91,53,183,301,131,63,15,200,1,22,10,0,12,25,12,0,0,0,0,0,1,13,8,12,14,24,18,11,11,14,0,0,7,0,8,26,1,8,0,3,0,0,0,0,0,10,0,30,2,14,0,0,4,0,0,0,0,0,22,0,0,14,11,8,2,19,6,2,11,25,0,4,3,26,1,1,1,3,4,30,4,0,4,37,7,7,4,17,42,54,5,5,19,51,22,5,5,51,22,27,12,20,18,18,3,4,1,2,0,2,14,4,3,0,0,5,0,18,3,1,1,6,15,2,6,0,0,0,0,8,0,7,2,1,1,2030,8
pgsql,5597056b36eab09ae7aa470dec6c027a22c53c6d,0,nan,nan,4,0,24,86,52,30,123,56,239,302,133,75,19,269,3,8,20,0,24,49,24,0,0,0,0,0,2,3,1,24,18,48,31,33,33,16,0,0,0,0,2,41,0,10,0,2,0,0,2,9,4,3,0,0,0,3,5,1,5,1,6,5,0,0,3,1,0,3,1,1,0,4,1,0,2,6,0,1,2,6,0,0,1,2,2,8,2,0,3,8,0,0,3,1,8,15,0,0,1,11,6,0,0,11,4,9,1,2,1,1,0,1,0,0,2,0,1,0,0,0,0,0,0,1,0,0,0,0,2,0,0,0,0,3,0,1,0,0,0,0,0,2082,12
cst,5597056b36eab09ae7aa470dec6c027a22c53c6d,0,1463923.6666666667,129919658.66666667,4,0,24,86,52,30,123,56,239,302,133,75,19,269,3,8,20,0,24,49,24,0,0,0,0,0,2,3,1,24,18,48,31,33,33,16,0,0,0,0,2,41,0,10,0,2,0,0,2,9,4,3,0,0,0,3,5,1,5,1,6,5,0,0,3,1,0,3,1,1,0,4,1,0,2,6,0,1,2,6,0,0,1,2,2,8,2,0,3,8,0,0,3,1,8,15,0,0,1,11,6,0,0,11,4,9,1,2,1,1,0,1,0,0,2,0,1,0,0,0,0,0,0,1,0,0,0,0,2,0,0,0,0,3,0,1,0,0,0,0,0,2082,12
formatter,5597056b36eab09ae7aa470dec6c027a22c53c6d,0,3429124.875,96915456.0,4,0,24,86,52,30,123,56,239,302,133,75,19,269,3,8,20,0,24,49,24,0,0,0,0,0,2,3,1,24,18,48,31,33,33,16,0,0,0,0,2,41,0,10,0,2,0,0,2,9,4,3,0,0,0,3,5,1,5,1,6,5,0,0,3,1,0,3,1,1,0,4,1,0,2,6,0,1,2,6,0,0,1,2,2,8,2,0,3,8,0,0,3,1,8,15,0,0,1,11,6,0,0,11,4,9,1,2,1,1,0,1,0,0,2,0,1,0,0,0,0,0,0,1,0,0,0,0,2,0,0,0,0,3,0,1,0,0,0,0,0,2082,12
pgsql,d9e77ff2c96d9a7756b9ab1e42927a10c3c124c4,0,nan,nan,2,0,24,79,36,18,76,61,236,310,154,77,14,247,1,4,22,0,24,49,24,0,0,0,0,0,1,2,0,24,11,48,31,26,26,23,0,0,0,0,4,42,0,11,1,3,0,0,0,0,0,6,0,20,0,10,0,0,1,0,0,0,0,0,10,0,0,10,4,5,0,11,1,0,5,14,0,2,1,14,0,0,0,1,2,16,2,0,1,18,2,2,1,5,19,30,1,1,7,23,14,3,3,23,7,15,4,9,1,1,1,0,1,2,1,1,4,1,1,0,0,0,0,1,0,1,0,3,0,0,4,0,0,0,0,2,0,0,0,0,0,2030,7
cst,d9e77ff2c96d9a7756b9ab1e42927a10c3c124c4,0,1308187.2,135659520.0,2,0,24,79,36,18,76,61,236,310,154,77,14,247,1,4,22,0,24,49,24,0,0,0,0,0,1,2,0,24,11,48,31,26,26,23,0,0,0,0,4,42,0,11,1,3,0,0,0,0,0,6,0,20,0,10,0,0,1,0,0,0,0,0,10,0,0,10,4,5,0,11,1,0,5,14,0,2,1,14,0,0,0,1,2,16,2,0,1,18,2,2,1,5,19,30,1,1,7,23,14,3,3,23,7,15,4,9,1,1,1,0,1,2,1,1,4,1,1,0,0,0,0,1,0,1,0,3,0,0,4,0,0,0,0,2,0,0,0,0,0,2030,7
formatter,d9e77ff2c96d9a7756b9ab1e42927a10c3c124c4,0,3260965.3333333335,96414378.66666667,2,0,24,79,36,18,76,61,236,310,154,77,14,247,1,4,22,0,24,49,24,0,0,0,0,0,1,2,0,24,11,48,31,26,26,23,0,0,0,0,4,42,0,11,1,3,0,0,0,0,0,6,0,20,0,10,0,0,1,0,0,0,0,0,10,0,0,10,4,5,0,11,1,0,5,14,0,2,1,14,0,0,0,1,2,16,2,0,1,18,2,2,1,5,19,30,1,1,7,23,14,3,3,23,7,15,4,9,1,1,1,0,1,2,1,1,4,1,1,0,0,0,0,1,0,1,0,3,0,0,4,0,0,0,0,2,0,0,0,0,0,2030,7
pgsql,533d0425a0a4bd83b5ad4d448eb29b35b23f285a,0,nan,nan,1,0,12,73,32,15,72,58,227,309,151,84,15,165,0,13,11,0,12,25,12,0,0,0,0,0,1,7,2,12,8,24,18,13,13,12,0,0,7,0,9,22,0,4,0,2,0,0,0,0,0,14,0,12,2,17,0,0,1,0,0,0,0,0,21,1,0,17,11,8,1,20,3,1,8,24,0,2,3,24,0,0,0,4,5,29,5,0,4,38,9,9,4,14,43,61,5,5,17,58,28,11,11,58,31,29,21,13,17,17,0,3,1,3,3,0,23,1,3,1,1,1,1,18,0,0,0,0,10,0,0,7,3,11,0,7,1,10,2,1,0,2029,5
cst,533d0425a0a4bd83b5ad4d448eb29b35b23f285a,0,2353117.8333333335,131885738.66666667,1,0,12,73,32,15,72,58,227,309,151,84,15,165,0,13,11,0,12,25,12,0,0,0,0,0,1,7,2,12,8,24,18,13,13,12,0,0,7,0,9,22,0,4,0,2,0,0,0,0,0,14,0,12,2,17,0,0,1,0,0,0,0,0,21,1,0,17,11,8,1,20,3,1,8,24,0,2,3,24,0,0,0,4,5,29,5,0,4,38,9,9,4,14,43,61,5,5,17,58,28,11,11,58,31,29,21,13,17,17,0,3,1,3,3,0,23,1,3,1,1,1,1,18,0,0,0,0,10,0,0,7,3,11,0,7,1,10,2,1,0,2029,5
formatter,533d0425a0a4bd83b5ad4d448eb29b35b23f285a,0,3355463.5,106614784.0,1,0,12,73,32,15,72,58,227,309,151,84,15,165,0,13,11,0,12,25,12,0,0,0,0,0,1,7,2,12,8,24,18,13,13,12,0,0,7,0,9,22,0,4,0,2,0,0,0,0,0,14,0,12,2,17,0,0,1,0,0,0,0,0,21,1,0,17,11,8,1,20,3,1,8,24,0,2,3,24,0,0,0,4,5,29,5,0,4,38,9,9,4,14,43,61,5,5,17,58,28,11,11,58,31,29,21,13,17,17,0,3,1,3,3,0,23,1,3,1,1,1,1,18,0,0,0,0,10,0,0,7,3,11,0,7,1,10,2,1,0,2029,5
pgsql,3153bb0bf999c6ab0e2eb5d4ae5ac09626ef61b8,0,nan,nan,1,0,12,67,36,18,101,49,160,300,153,78,10,165,0,17,11,0,12,25,12,0,0,0,0,0,0,9,4,12,9,24,18,11,11,14,0,0,1,0,10,23,0,5,0,2,0,0,0,0,0,15,0,36,0,21,0,0,1,0,0,0,0,0,25,0,0,21,9,12,1,26,5,1,11,34,0,5,3,34,1,1,1,4,6,40,6,0,5,44,4,4,6,15,51,81,7,7,23,60,34,3,3,60,33,38,12,20,12,12,4,6,1,3,1,0,17,1,4,0,0,3,1,13,2,2,1,6,16,0,2,0,1,0,0,14,0,7,4,0,0,1936,6
cst,3153bb0bf999c6ab0e2eb5d4ae5ac09626ef61b8,0,nan,nan,1,0,12,67,36,18,101,49,160,300,153,78,10,165,0,17,11,0,12,25,12,0,0,0,0,0,0,9,4,12,9,24,18,11,11,14,0,0,1,0,10,23,0,5,0,2,0,0,0,0,0,15,0,36,0,21,0,0,1,0,0,0,0,0,25,0,0,21,9,12,1,26,5,1,11,34,0,5,3,34,1,1,1,4,6,40,6,0,5,44,4,4,6,15,51,81,7,7,23,60,34,3,3,60,33,38,12,20,12,12,4,6,1,3,1,0,17,1,4,0,0,3,1,13,2,2,1,6,16,0,2,0,1,0,0,14,0,7,4,0,0,1936,6
formatter,3153bb0bf999c6ab0e2eb5d4ae5ac09626ef61b8,0,3233567.625,95694848.0,1,0,12,67,36,18,101,49,160,300,153,78,10,165,0,17,11,0,12,25,12,0,0,0,0,0,0,9,4,12,9,24,18,11,11,14,0,0,1,0,10,23,0,5,0,2,0,0,0,0,0,15,0,36,0,21,0,0,1,0,0,0,0,0,25,0,0,21,9,12,1,26,5,1,11,34,0,5,3,34,1,1,1,4,6,40,6,0,5,44,4,4,6,15,51,81,7,7,23,60,34,3,3,60,33,38,12,20,12,12,4,6,1,3,1,0,17,1,4,0,0,3,1,13,2,2,1,6,16,0,2,0,1,0,0,14,0,7,4,0,0,1936,6
pgsql,16c1dfa041acab7fbbc9b136594dcc5da2db2a54,0,nan,nan,12,6,8,51,20,11,50,42,178,332,150,76,13,125,11,25,0,0,2,26,14,0,0,0,0,0,4,11,4,3,10,16,22,14,14,12,0,0,0,0,12,29,1,7,0,2,0,0,1,5,2,15,0,68,0,17,1,2,2,1,2,0,0,0,24,1,0,17,11,9,3,22,6,3,13,28,1,5,2,32,5,5,5,2,6,38,6,0,4,46,8,8,4,16,50,67,4,4,19,60,24,6,6,60,18,39,9,19,7,7,5,3,0,3,4,1,9,2,3,1,1,3,1,8,4,3,2,11,9,8,4,0,0,6,0,4,1,3,0,2,0,2010,18
cst,16c1dfa041acab7fbbc9b136594dcc5da2db2a54,0,nan,nan,12,6,8,51,20,11,50,42,178,332,150,76,13,125,11,25,0,0,2,26,14,0,0,0,0,0,4,11,4,3,10,16,22,14,14,12,0,0,0,0,12,29,1,7,0,2,0,0,1,5,2,15,0,68,0,17,1,2,2,1,2,0,0,0,24,1,0,17,11,9,3,22,6,3,13,28,1,5,2,32,5,5,5,2,6,38,6,0,4,46,8,8,4,16,50,67,4,4,19,60,24,6,6,60,18,39,9,19,7,7,5,3,0,3,4,1,9,2,3,1,1,3,1,8,4,3,2,11,9,8,4,0,0,6,0,4,1,3,0,2,0,2010,18
formatter,16c1dfa041acab7fbbc9b136594dcc5da2db2a54,0,3190250.0,110957909.33333333,12,6,8,51,20,11,50,42,178,332,150,76,13,125,11,25,0,0,2,26,14,0,0,0,0,0,4,11,4,3,10,16,22,14,14,12,0,0,0,0,12,29,1,7,0,2,0,0,1,5,2,15,0,68,0,17,1,2,2,1,2,0,0,0,24,1,0,17,11,9,3,22,6,3,13,28,1,5,2,32,5,5,5,2,6,38,6,0,4,46,8,8,4,16,50,67,4,4,19,60,24,6,6,60,18,39,9,19,7,7,5,3,0,3,4,1,9,2,3,1,1,3,1,8,4,3,2,11,9,8,4,0,0,6,0,4,1,3,0,2,0,2010,18
pgsql,201842c60aef470e081cb34e1a7cd0d9e1069759,0,nan,nan,8,3,6,53,21,14,74,39,123,320,159,75,18,146,7,25,0,0,3,21,11,0,0,0,0,0,4,15,3,3,16,14,13,13,13,8,0,0,0,0,13,22,0,9,0,7,0,0,2,4,1,18,1,80,0,22,3,0,4,0,3,3,0,0,34,2,0,22,23,9,3,29,9,3,10,32,3,2,1,34,3,3,3,1,7,41,7,0,1,50,9,9,1,16,51,75,1,1,27,60,35,8,8,60,28,31,14,22,9,9,2,4,1,3,1,4,18,1,8,0,0,3,0,9,2,0,1,14,7,8,6,2,1,1,8,7,0,3,2,0,0,1922,15
cst,201842c60aef470e081cb34e1a7cd0d9e1069759,0,nan,nan,8,3,6,53,21,14,74,39,123,320,159,75,18,146,7,25,0,0,3,21,11,0,0,0,0,0,4,15,3,3,16,14,13,13,13,8,0,0,0,0,13,22,0,9,0,7,0,0,2,4,1,18,1,80,0,22,3,0,4,0,3,3,0,0,34,2,0,22,23,9,3,29,9,3,10,32,3,2,1,34,3,3,3,1,7,41,7,0,1,50,9,9,1,16,51,75,1,1,27,60,35,8,8,60,28,31,14,22,9,9,2,4,1,3,1,4,18,1,8,0,0,3,0,9,2,0,1,14,7,8,6,2,1,1,8,7,0,3,2,0,0,1922,15
formatter,201842c60aef470e081cb34e1a7cd0d9e1069759,0,3119992.8333333335,96452608.0,8,3,6,53,21,14,74,39,123,320,159,75,18,146,7,25,0,0,3,21,11,0,0,0,0,0,4,15,3,3,16,14,13,13,13,8,0,0,0,0,13,22,0,9,0,7,0,0,2,4,1,18,1,80,0,22,3,0,4,0,3,3,0,0,34,2,0,22,23,9,3,29,9,3,10,32,3,2,1,34,3,3,3,1,7,41,7,0,1,50,9,9,1,16,51,75,1,1,27,60,35,8,8,60,28,31,14,22,9,9,2,4,1,3,1,4,18,1,8,0,0,3,0,9,2,0,1,14,7,8,6,2,1,1,8,7,0,3,2,0,0,1922,15
pgsql,efa8d6d4b6f9dec6f82105c92d8d8b1370dfa82e,0,nan,nan,7,1,2,43,23,9,32,37,165,315,150,66,10,112,6,18,0,0,1,15,8,0,0,0,0,0,2,10,3,1,3,9,12,9,9,6,0,0,3,0,14,19,0,7,0,5,0,0,1,1,0,23,0,57,3,31,1,0,3,0,1,1,0,0,37,1,0,31,20,16,8,37,10,8,13,40,1,5,0,43,5,5,5,0,8,51,8,0,0,58,7,7,0,25,69,87,11,11,30,77,36,8,8,77,33,38,21,27,13,13,3,6,1,4,3,3,25,2,12,0,0,2,0,13,1,2,1,10,17,6,0,9,3,13,2,12,0,6,2,0,0,1844,14
cst,efa8d6d4b6f9dec6f82105c92d8d8b1370dfa82e,0,nan,nan,7,1,2,43,23,9,32,37,165,315,150,66,10,112,6,18,0,0,1,15,8,0,0,0,0,0,2,10,3,1,3,9,12,9,9,6,0,0,3,0,14,19,0,7,0,5,0,0,1,1,0,23,0,57,3,31,1,0,3,0,1,1,0,0,37,1,0,31,20,16,8,37,10,8,13,40,1,5,0,43,5,5,5,0,8,51,8,0,0,58,7,7,0,25,69,87,11,11,30,77,36,8,8,77,33,38,21,27,13,13,3,6,1,4,3,3,25,2,12,0,0,2,0,13,1,2,1,10,17,6,0,9,3,13,2,12,0,6,2,0,0,1844,14
formatter,efa8d6d4b6f9dec6f82105c92d8d8b1370dfa82e,0,3027416.5,95092736.0,7,1,2,43,23,9,32,37,165,315,150,66,10,112,6,18,0,0,1,15,8,0,0,0,0,0,2,10,3,1,3,9,12,9,9,6,0,0,3,0,14,19,0,7,0,5,0,0,1,1,0,23,0,57,3,31,1,0,3,0,1,1,0,0,37,1,0,31,20,16,8,37,10,8,13,40,1,5,0,43,5,5,5,0,8,51,8,0,0,58,7,7,0,25,69,87,11,11,30,77,36,8,8,77,33,38,21,27,13,13,3,6,1,4,3,3,25,2,12,0,0,2,0,13,1,2,1,10,17,6,0,9,3,13,2,12,0,6,2,0,0,1844,14
pgsql,7854bf71ed0f657dd34a60e0c01d77a7dc6cd4ac,0,nan,nan,12,4,7,55,24,10,57,48,201,348,158,71,13,117,11,10,0,0,3,43,30,0,1,0,1,0,5,6,1,3,6,33,31,25,25,18,0,0,5,2,6,43,0,12,1,1,0,0,0,0,0,9,0,31,2,12,0,0,0,0,0,0,0,0,12,0,0,12,4,8,4,14,4,4,9,17,1,2,1,19,4,4,4,2,3,22,3,0,2,27,5,5,3,10,30,51,3,3,15,36,25,3,3,36,15,19,13,14,14,14,3,4,0,2,1,0,15,0,2,0,0,0,1,15,2,1,2,5,11,5,4,0,0,1,0,6,0,10,2,0,0,2156,13
cst,7854bf71ed0f657dd34a60e0c01d77a7dc6cd4ac,0,nan,nan,12,4,7,55,24,10,57,48,201,348,158,71,13,117,11,10,0,0,3,43,30,0,1,0,1,0,5,6,1,3,6,33,31,25,25,18,0,0,5,2,6,43,0,12,1,1,0,0,0,0,0,9,0,31,2,12,0,0,0,0,0,0,0,0,12,0,0,12,4,8,4,14,4,4,9,17,1,2,1,19,4,4,4,2,3,22,3,0,2,27,5,5,3,10,30,51,3,3,15,36,25,3,3,36,15,19,13,14,14,14,3,4,0,2,1,0,15,0,2,0,0,0,1,15,2,1,2,5,11,5,4,0,0,1,0,6,0,10,2,0,0,2156,13
formatter,7854bf71ed0f657dd34a60e0c01d77a7dc6cd4ac,0,3087375.0,95152810.66666667,12,4,7,55,24,10,57,48,201,348,158,71,13,117,11,10,0,0,3,43,30,0,1,0,1,0,5,6,1,3,6,33,31,25,25,18,0,0,5,2,6,43,0,12,1,1,0,0,0,0,0,9,0,31,2,12,0,0,0,0,0,0,0,0,12,0,0,12,4,8,4,14,4,4,9,17,1,2,1,19,4,4,4,2,3,22,3,0,2,27,5,5,3,10,30,51,3,3,15,36,25,3,3,36,15,19,13,14,14,14,3,4,0,2,1,0,15,0,2,0,0,0,1,15,2,1,2,5,11,5,4,0,0,1,0,6,0,10,2,0,0,2156,13
pgsql,40fe18bd142ee8c9b51ecddfb7d5464ada11b5e6,0,nan,nan,8,2,6,61,22,17,78,45,125,353,154,86,29,131,7,21,0,0,4,32,24,0,2,0,0,0,4,11,4,4,12,28,23,18,18,14,0,0,5,2,8,34,1,11,0,2,0,0,0,0,0,13,1,33,3,16,0,0,0,0,0,0,0,0,22,0,0,16,10,5,2,19,5,2,6,23,1,2,2,27,4,4,4,2,7,34,7,0,2,38,4,4,2,17,47,65,9,9,13,52,32,3,3,52,23,26,16,16,13,13,2,4,1,4,2,0,19,0,4,0,0,5,0,13,1,1,0,3,14,10,0,6,2,6,0,11,0,7,2,0,0,2103,13
cst,40fe18bd142ee8c9b51ecddfb7d5464ada11b5e6,0,1854291.75,129699840.0,8,2,6,61,22,17,78,45,125,353,154,86,29,131,7,21,0,0,4,32,24,0,2,0,0,0,4,11,4,4,12,28,23,18,18,14,0,0,5,2,8,34,1,11,0,2,0,0,0,0,0,13,1,33,3,16,0,0,0,0,0,0,0,0,22,0,0,16,10,5,2,19,5,2,6,23,1,2,2,27,4,4,4,2,7,34,7,0,2,38,4,4,2,17,47,65,9,9,13,52,32,3,3,52,23,26,16,16,13,13,2,4,1,4,2,0,19,0,4,0,0,5,0,13,1,1,0,3,14,10,0,6,2,6,0,11,0,7,2,0,0,2103,13
formatter,40fe18bd142ee8c9b51ecddfb7d5464ada11b5e6,0,3291862.4,102508134.4,8,2,6,61,22,17,78,45,125,353,154,86,29,131,7,21,0,0,4,32,24,0,2,0,0,0,4,11,4,4,12,28,23,18,18,14,0,0,5,2,8,34,1,11,0,2,0,0,0,0,0,13,1,33,3,16,0,0,0,0,0,0,0,0,22,0,0,16,10,5,2,19,5,2,6,23,1,2,2,27,4,4,4,2,7,34,7,0,2,38,4,4,2,17,47,65,9,9,13,52,32,3,3,52,23,26,16,16,13,13,2,4,1,4,2,0,19,0,4,0,0,5,0,13,1,1,0,3,14,10,0,6,2,6,0,11,0,7,2,0,0,2103,13
pgsql,612c5a0f7ba09146558ab9344e4f9d203bfa4444,0,nan,nan,15,6,8,50,23,11,63,39,120,354,176,88,18,120,14,19,0,0,2,46,34,0,2,0,1,0,6,7,3,2,8,36,25,27,27,19,0,0,2,3,13,38,1,13,0,1,0,0,3,4,1,16,0,10,1,21,3,1,2,2,2,1,0,0,25,0,0,21,11,7,2,25,4,2,6,28,1,2,1,29,3,3,3,1,4,33,4,0,1,37,4,4,1,15,38,52,1,1,13,42,28,3,3,42,15,24,10,15,1,1,1,0,1,4,2,1,13,1,3,0,1,1,1,2,1,0,1,2,0,3,3,9,2,4,0,7,0,0,2,0,0,2112,18
cst,612c5a0f7ba09146558ab9344e4f9d203bfa4444,0,nan,nan,15,6,8,50,23,11,63,39,120,354,176,88,18,120,14,19,0,0,2,46,34,0,2,0,1,0,6,7,3,2,8,36,25,27,27,19,0,0,2,3,13,38,1,13,0,1,0,0,3,4,1,16,0,10,1,21,3,1,2,2,2,1,0,0,25,0,0,21,11,7,2,25,4,2,6,28,1,2,1,29,3,3,3,1,4,33,4,0,1,37,4,4,1,15,38,52,1,1,13,42,28,3,3,42,15,24,10,15,1,1,1,0,1,4,2,1,13,1,3,0,1,1,1,2,1,0,1,2,0,3,3,9,2,4,0,7,0,0,2,0,0,2112,18
formatter,612c5a0f7ba09146558ab9344e4f9d203bfa4444,0,3075819.5,95688021.33333333,15,6,8,50,23,11,63,39,120,354,176,88,18,120,14,19,0,0,2,46,34,0,2,0,1,0,6,7,3,2,8,36,25,27,27,19,0,0,2,3,13,38,1,13,0,1,0,0,3,4,1,16,0,10,1,21,3,1,2,2,2,1,0,0,25,0,0,21,11,7,2,25,4,2,6,28,1,2,1,29,3,3,3,1,4,33,4,0,1,37,4,4,1,15,38,52,1,1,13,42,28,3,3,42,15,24,10,15,1,1,1,0,1,4,2,1,13,1,3,0,1,1,1,2,1,0,1,2,0,3,3,9,2,4,0,7,0,0,2,0,0,2112,18
pgsql,e65fdecf4c53f5d6a5bccee620bac3503921868b,0,nan,nan,12,4,5,52,25,13,44,41,144,370,160,73,21,116,11,16,0,0,1,62,52,0,1,0,2,0,3,8,4,1,10,53,37,41,41,21,0,0,6,3,7,53,0,16,0,2,0,1,3,3,0,9,0,9,2,10,2,1,2,1,3,2,0,0,15,1,0,10,9,3,4,13,3,4,4,14,1,2,0,14,3,3,3,0,2,16,2,0,0,21,5,5,0,9,23,29,2,2,13,26,16,3,3,26,13,17,6,8,8,8,0,2,1,4,1,1,7,0,1,0,1,0,0,8,0,0,0,1,1,2,0,0,1,0,0,3,0,3,0,0,0,2174,12
cst,e65fdecf4c53f5d6a5bccee620bac3503921868b,0,nan,nan,12,4,5,52,25,13,44,41,144,370,160,73,21,116,11,16,0,0,1,62,52,0,1,0,2,0,3,8,4,1,10,53,37,41,41,21,0,0,6,3,7,53,0,16,0,2,0,1,3,3,0,9,0,9,2,10,2,1,2,1,3,2,0,0,15,1,0,10,9,3,4,13,3,4,4,14,1,2,0,14,3,3,3,0,2,16,2,0,0,21,5,5,0,9,23,29,2,2,13,26,16,3,3,26,13,17,6,8,8,8,0,2,1,4,1,1,7,0,1,0,1,0,0,8,0,0,0,1,1,2,0,0,1,0,0,3,0,3,0,0,0,2174,12
formatter,e65fdecf4c53f5d6a5bccee620bac3503921868b,0,3057140.625,95551488.0,12,4,5,52,25,13,44,41,144,370,160,73,21,116,11,16,0,0,1,62,52,0,1,0,2,0,3,8,4,1,10,53,37,41,41,21,0,0,6,3,7,53,0,16,0,2,0,1,3,3,0,9,0,9,2,10,2,1,2,1,3,2,0,0,15,1,0,10,9,3,4,13,3,4,4,14,1,2,0,14,3,3,3,0,2,16,2,0,0,21,5,5,0,9,23,29,2,2,13,26,16,3,3,26,13,17,6,8,8,8,0,2,1,4,1,1,7,0,1,0,1,0,0,8,0,0,0,1,1,2,0,0,1,0,0,3,0,3,0,0,0,2174,12
pgsql,221687cfa9d758944bd6c3852191c0fdcca300ea,0,nan,nan,7,2,5,60,32,12,44,48,180,359,160,87,19,147,6,18,0,0,3,47,40,0,2,0,0,0,2,8,4,3,28,43,33,26,26,21,0,0,2,2,9,49,0,16,0,5,0,0,0,0,0,13,0,14,0,16,0,0,1,0,0,0,0,0,19,1,0,16,9,9,1,20,4,1,10,24,1,3,1,24,1,1,1,1,3,27,3,1,1,32,5,5,1,15,33,41,1,1,12,36,19,2,2,36,14,21,8,16,1,1,0,1,1,4,4,3,9,1,2,0,0,2,0,1,0,0,0,4,2,0,7,0,2,16,1,6,0,0,0,0,0,2104,13
cst,221687cfa9d758944bd6c3852191c0fdcca300ea,0,nan,nan,7,2,5,60,32,12,44,48,180,359,160,87,19,147,6,18,0,0,3,47,40,0,2,0,0,0,2,8,4,3,28,43,33,26,26,21,0,0,2,2,9,49,0,16,0,5,0,0,0,0,0,13,0,14,0,16,0,0,1,0,0,0,0,0,19,1,0,16,9,9,1,20,4,1,10,24,1,3,1,24,1,1,1,1,3,27,3,1,1,32,5,5,1,15,33,41,1,1,12,36,19,2,2,36,14,21,8,16,1,1,0,1,1,4,4,3,9,1,2,0,0,2,0,1,0,0,0,4,2,0,7,0,2,16,1,6,0,0,0,0,0,2104,13
formatter,221687cfa9d758944bd6c3852191c0fdcca300ea,0,3007778.0,95016277.33333333,7,2,5,60,32,12,44,48,180,359,160,87,19,147,6,18,0,0,3,47,40,0,2,0,0,0,2,8,4,3,28,43,33,26,26,21,0,0,2,2,9,49,0,16,0,5,0,0,0,0,0,13,0,14,0,16,0,0,1,0,0,0,0,0,19,1,0,16,9,9,1,20,4,1,10,24,1,3,1,24,1,1,1,1,3,27,3,1,1,32,5,5,1,15,33,41,1,1,12,36,19,2,2,36,14,21,8,16,1,1,0,1,1,4,4,3,9,1,2,0,0,2,0,1,0,0,0,4,2,0,7,0,2,16,1,6,0,0,0,0,0,2104,13
pgsql,723e14302dd3e14d4d31a30d84a3eb47836c2216,0,nan,nan,8,0,1,51,28,15,68,37,85,364,153,69,13,94,7,17,0,0,1,46,37,1,2,0,0,0,0,10,4,1,7,38,24,30,30,16,1,0,4,2,13,37,2,13,0,2,0,0,0,0,0,16,0,15,2,22,0,0,0,0,0,0,0,0,29,0,0,22,17,8,4,24,5,4,9,28,2,2,2,29,2,2,2,2,5,34,5,0,2,41,7,7,2,21,49,66,8,8,22,58,28,7,7,58,25,27,19,20,7,7,2,2,1,4,1,1,22,0,3,1,0,4,0,7,2,0,1,3,6,8,0,1,1,3,0,14,1,2,1,0,0,2045,5
cst,723e14302dd3e14d4d31a30d84a3eb47836c2216,0,nan,nan,8,0,1,51,28,15,68,37,85,364,153,69,13,94,7,17,0,0,1,46,37,1,2,0,0,0,0,10,4,1,7,38,24,30,30,16,1,0,4,2,13,37,2,13,0,2,0,0,0,0,0,16,0,15,2,22,0,0,0,0,0,0,0,0,29,0,0,22,17,8,4,24,5,4,9,28,2,2,2,29,2,2,2,2,5,34,5,0,2,41,7,7,2,21,49,66,8,8,22,58,28,7,7,58,25,27,19,20,7,7,2,2,1,4,1,1,22,0,3,1,0,4,0,7,2,0,1,3,6,8,0,1,1,3,0,14,1,2,1,0,0,2045,5
formatter,723e14302dd3e14d4d31a30d84a3eb47836c2216,0,2971062.5,95688021.33333333,8,0,1,51,28,15,68,37,85,364,153,69,13,94,7,17,0,0,1,46,37,1,2,0,0,0,0,10,4,1,7,38,24,30,30,16,1,0,4,2,13,37,2,13,0,2,0,0,0,0,0,16,0,15,2,22,0,0,0,0,0,0,0,0,29,0,0,22,17,8,4,24,5,4,9,28,2,2,2,29,2,2,2,2,5,34,5,0,2,41,7,7,2,21,49,66,8,8,22,58,28,7,7,58,25,27,19,20,7,7,2,2,1,4,1,1,22,0,3,1,0,4,0,7,2,0,1,3,6,8,0,1,1,3,0,14,1,2,1,0,0,2045,5
pgsql,031764eff62f808d23fb4afe8c8606ca3762ec6c,0,nan,nan,7,1,2,38,15,5,21,33,101,348,134,66,9,86,6,13,0,0,1,63,56,1,0,1,0,0,2,6,3,1,3,57,38,44,44,19,1,0,0,0,9,56,0,18,0,3,0,0,1,1,0,13,0,103,0,15,1,0,1,0,1,1,0,0,20,0,0,15,13,5,4,19,6,4,5,23,1,2,2,23,2,2,2,2,3,26,3,0,3,27,1,1,3,9,30,43,3,3,11,36,17,3,3,36,14,25,7,9,6,6,1,0,2,6,1,3,7,0,2,0,0,1,0,6,1,0,1,18,0,20,0,1,2,1,13,2,0,3,0,0,0,2227,7
cst,031764eff62f808d23fb4afe8c8606ca3762ec6c,0,nan,nan,7,1,2,38,15,5,21,33,101,348,134,66,9,86,6,13,0,0,1,63,56,1,0,1,0,0,2,6,3,1,3,57,38,44,44,19,1,0,0,0,9,56,0,18,0,3,0,0,1,1,0,13,0,103,0,15,1,0,1,0,1,1,0,0,20,0,0,15,13,5,4,19,6,4,5,23,1,2,2,23,2,2,2,2,3,26,3,0,3,27,1,1,3,9,30,43,3,3,11,36,17,3,3,36,14,25,7,9,6,6,1,0,2,6,1,3,7,0,2,0,0,1,0,6,1,0,1,18,0,20,0,1,2,1,13,2,0,3,0,0,0,2227,7
formatter,031764eff62f808d23fb4afe8c8606ca3762ec6c,0,2948583.3333333335,94628522.66666667,7,1,2,38,15,5,21,33,101,348,134,66,9,86,6,13,0,0,1,63,56,1,0,1,0,0,2,6,3,1,3,57,38,44,44,19,1,0,0,0,9,56,0,18,0,3,0,0,1,1,0,13,0,103,0,15,1,0,1,0,1,1,0,0,20,0,0,15,13,5,4,19,6,4,5,23,1,2,2,23,2,2,2,2,3,26,3,0,3,27,1,1,3,9,30,43,3,3,11,36,17,3,3,36,14,25,7,9,6,6,1,0,2,6,1,3,7,0,2,0,0,1,0,6,1,0,1,18,0,20,0,1,2,1,13,2,0,3,0,0,0,2227,7
pgsql,be0aa2c17f384eeba1d43a078d8e82abdfd8da9c,0,nan,nan,5,1,1,46,26,15,94,36,139,336,152,74,16,94,4,9,0,0,0,40,35,1,1,0,1,0,2,4,1,1,10,35,19,26,26,14,1,0,4,2,15,25,0,6,0,3,0,1,2,2,0,19,0,31,3,22,1,1,3,1,2,1,0,0,26,1,0,22,11,10,4,27,7,4,5,29,1,2,0,30,3,3,3,0,5,35,5,0,0,43,8,8,0,17,50,67,7,7,23,52,26,2,2,52,27,27,15,21,15,15,2,2,2,2,2,2,17,2,3,1,0,2,1,16,2,0,0,5,7,0,0,6,2,2,1,10,1,4,1,1,0,2109,6
cst,be0aa2c17f384eeba1d43a078d8e82abdfd8da9c,0,4319402.833333333,159012181.33333334,5,1,1,46,26,15,94,36,139,336,152,74,16,94,4,9,0,0,0,40,35,1,1,0,1,0,2,4,1,1,10,35,19,26,26,14,1,0,4,2,15,25,0,6,0,3,0,1,2,2,0,19,0,31,3,22,1,1,3,1,2,1,0,0,26,1,0,22,11,10,4,27,7,4,5,29,1,2,0,30,3,3,3,0,5,35,5,0,0,43,8,8,0,17,50,67,7,7,23,52,26,2,2,52,27,27,15,21,15,15,2,2,2,2,2,2,17,2,3,1,0,2,1,16,2,0,0,5,7,0,0,6,2,2,1,10,1,4,1,1,0,2109,6
formatter,be0aa2c17f384eeba1d43a078d8e82abdfd8da9c,0,2837187.5,95727616.0,5,1,1,46,26,15,94,36,139,336,152,74,16,94,4,9,0,0,0,40,35,1,1,0,1,0,2,4,1,1,10,35,19,26,26,14,1,0,4,2,15,25,0,6,0,3,0,1,2,2,0,19,0,31,3,22,1,1,3,1,2,1,0,0,26,1,0,22,11,10,4,27,7,4,5,29,1,2,0,30,3,3,3,0,5,35,5,0,0,43,8,8,0,17,50,67,7,7,23,52,26,2,2,52,27,27,15,21,15,15,2,2,2,2,2,2,17,2,3,1,0,2,1,16,2,0,0,5,7,0,0,6,2,2,1,10,1,4,1,1,0,2109,6
pgsql,d014afdb02c858bd2bed01f0b11184982c8eaaf5,0,nan,nan,5,0,0,36,15,7,38,33,121,353,167,77,17,78,4,16,0,0,0,39,35,0,2,0,0,0,2,8,4,0,0,35,29,20,20,19,0,0,2,2,11,40,0,11,0,4,0,0,0,0,0,14,0,92,1,20,0,0,1,0,0,0,0,0,28,0,0,20,18,7,4,24,6,4,10,28,3,2,2,29,3,3,3,2,5,34,5,0,2,44,10,10,2,21,51,69,7,7,15,59,31,6,6,59,22,33,14,22,9,9,0,3,0,1,5,7,18,1,8,0,0,2,0,9,0,0,0,17,6,0,10,0,0,13,10,6,0,3,4,0,0,2088,5
cst,d014afdb02c858bd2bed01f0b11184982c8eaaf5,0,nan,nan,5,0,0,36,15,7,38,33,121,353,167,77,17,78,4,16,0,0,0,39,35,0,2,0,0,0,2,8,4,0,0,35,29,20,20,19,0,0,2,2,11,40,0,11,0,4,0,0,0,0,0,14,0,92,1,20,0,0,1,0,0,0,0,0,28,0,0,20,18,7,4,24,6,4,10,28,3,2,2,29,3,3,3,2,5,34,5,0,2,44,10,10,2,21,51,69,7,7,15,59,31,6,6,59,22,33,14,22,9,9,0,3,0,1,5,7,18,1,8,0,0,2,0,9,0,0,0,17,6,0,10,0,0,13,10,6,0,3,4,0,0,2088,5
formatter,d014afdb02c858bd2bed01f0b11184982c8eaaf5,0,2933090.3333333335,95158272.0,5,0,0,36,15,7,38,33,121,353,167,77,17,78,4,16,0,0,0,39,35,0,2,0,0,0,2,8,4,0,0,35,29,20,20,19,0,0,2,2,11,40,0,11,0,4,0,0,0,0,0,14,0,92,1,20,0,0,1,0,0,0,0,0,28,0,0,20,18,7,4,24,6,4,10,28,3,2,2,29,3,3,3,2,5,34,5,0,2,44,10,10,2,21,51,69,7,7,15,59,31,6,6,59,22,33,14,22,9,9,0,3,0,1,5,7,18,1,8,0,0,2,0,9,0,0,0,17,6,0,10,0,0,13,10,6,0,3,4,0,0,2088,5
pgsql,f1162addc7d3e4b757671b7e9ed380e03cc9e227,0,nan,nan,4,0,0,38,14,4,23,34,117,368,165,83,12,51,3,14,0,0,0,56,52,1,0,0,0,0,2,8,5,0,0,52,30,34,34,22,1,0,0,0,9,41,0,11,1,3,0,0,0,0,0,13,0,63,0,16,0,0,0,0,0,0,0,0,19,0,0,16,6,7,2,23,9,2,11,30,0,5,2,31,1,1,1,3,7,38,7,1,4,44,6,6,6,13,46,68,2,2,9,56,24,4,4,56,18,35,14,12,6,6,0,2,2,4,4,6,17,0,4,0,0,0,0,6,0,0,0,12,2,10,1,10,2,5,6,9,0,2,2,0,0,2209,4
cst,f1162addc7d3e4b757671b7e9ed380e03cc9e227,0,2162510.5,139444224.0,4,0,0,38,14,4,23,34,117,368,165,83,12,51,3,14,0,0,0,56,52,1,0,0,0,0,2,8,5,0,0,52,30,34,34,22,1,0,0,0,9,41,0,11,1,3,0,0,0,0,0,13,0,63,0,16,0,0,0,0,0,0,0,0,19,0,0,16,6,7,2,23,9,2,11,30,0,5,2,31,1,1,1,3,7,38,7,1,4,44,6,6,6,13,46,68,2,2,9,56,24,4,4,56,18,35,14,12,6,6,0,2,2,4,4,6,17,0,4,0,0,0,0,6,0,0,0,12,2,10,1,10,2,5,6,9,0,2,2,0,0,2209,4
formatter,f1162addc7d3e4b757671b7e9ed380e03cc9e227,0,2739750.0,95092736.0,4,0,0,38,14,4,23,34,117,368,165,83,12,51,3,14,0,0,0,56,52,1,0,0,0,0,2,8,5,0,0,52,30,34,34,22,1,0,0,0,9,41,0,11,1,3,0,0,0,0,0,13,0,63,0,16,0,0,0,0,0,0,0,0,19,0,0,16,6,7,2,23,9,2,11,30,0,5,2,31,1,1,1,3,7,38,7,1,4,44,6,6,6,13,46,68,2,2,9,56,24,4,4,56,18,35,14,12,6,6,0,2,2,4,4,6,17,0,4,0,0,0,0,6,0,0,0,12,2,10,1,10,2,5,6,9,0,2,2,0,0,2209,4
pgsql,32191d0ab9c54d8335efcebc64003e4d7c8cfff8,0,nan,nan,5,2,3,42,19,10,45,32,90,411,168,78,14,90,4,6,0,0,1,84,79,0,0,0,0,0,1,2,1,1,4,80,56,47,47,37,0,0,1,0,6,84,1,28,0,1,0,0,0,0,0,6,0,4,0,8,0,0,0,0,0,0,0,0,9,0,0,8,3,4,0,12,4,0,5,13,1,0,1,13,0,0,0,1,0,13,0,0,1,15,2,2,1,5,16,25,1,1,5,18,14,1,1,18,5,13,2,6,2,2,0,2,0,2,1,1,3,0,3,0,0,0,0,2,0,0,0,1,2,0,2,1,1,2,0,2,0,1,1,0,0,2462,5
cst,32191d0ab9c54d8335efcebc64003e4d7c8cfff8,0,1571812.5,129380352.0,5,2,3,42,19,10,45,32,90,411,168,78,14,90,4,6,0,0,1,84,79,0,0,0,0,0,1,2,1,1,4,80,56,47,47,37,0,0,1,0,6,84,1,28,0,1,0,0,0,0,0,6,0,4,0,8,0,0,0,0,0,0,0,0,9,0,0,8,3,4,0,12,4,0,5,13,1,0,1,13,0,0,0,1,0,13,0,0,1,15,2,2,1,5,16,25,1,1,5,18,14,1,1,18,5,13,2,6,2,2,0,2,0,2,1,1,3,0,3,0,0,0,0,2,0,0,0,1,2,0,2,1,1,2,0,2,0,1,1,0,0,2462,5
formatter,32191d0ab9c54d8335efcebc64003e4d7c8cfff8,0,3009349.7,95151718.4,5,2,3,42,19,10,45,32,90,411,168,78,14,90,4,6,0,0,1,84,79,0,0,0,0,0,1,2,1,1,4,80,56,47,47,37,0,0,1,0,6,84,1,28,0,1,0,0,0,0,0,6,0,4,0,8,0,0,0,0,0,0,0,0,9,0,0,8,3,4,0,12,4,0,5,13,1,0,1,13,0,0,0,1,0,13,0,0,1,15,2,2,1,5,16,25,1,1,5,18,14,1,1,18,5,13,2,6,2,2,0,2,0,2,1,1,3,0,3,0,0,0,0,2,0,0,0,1,2,0,2,1,1,2,0,2,0,1,1,0,0,2462,5
pgsql,8fa1c83fb607668eecfbbdc97b955a4132d3d61c,0,nan,nan,4,0,0,38,15,9,27,31,105,401,193,96,22,63,3,8,0,0,0,56,52,0,1,0,1,0,1,1,0,0,0,52,39,35,35,21,0,0,3,2,8,49,0,10,0,3,0,0,0,0,0,11,0,43,1,14,0,0,0,0,0,0,0,0,17,0,0,14,9,8,2,16,4,2,10,20,2,2,2,21,1,1,1,2,4,25,4,0,3,31,6,6,3,12,35,52,4,4,19,47,23,9,9,47,21,25,12,15,10,10,1,1,1,5,3,3,14,0,2,0,0,4,1,11,1,0,1,8,4,0,8,5,2,4,4,3,0,6,1,0,0,2276,3
cst,8fa1c83fb607668eecfbbdc97b955a4132d3d61c,0,nan,nan,4,0,0,38,15,9,27,31,105,401,193,96,22,63,3,8,0,0,0,56,52,0,1,0,1,0,1,1,0,0,0,52,39,35,35,21,0,0,3,2,8,49,0,10,0,3,0,0,0,0,0,11,0,43,1,14,0,0,0,0,0,0,0,0,17,0,0,14,9,8,2,16,4,2,10,20,2,2,2,21,1,1,1,2,4,25,4,0,3,31,6,6,3,12,35,52,4,4,19,47,23,9,9,47,21,25,12,15,10,10,1,1,1,5,3,3,14,0,2,0,0,4,1,11,1,0,1,8,4,0,8,5,2,4,4,3,0,6,1,0,0,2276,3
formatter,8fa1c83fb607668eecfbbdc97b955a4132d3d61c,0,3035903.0,95862784.0,4,0,0,38,15,9,27,31,105,401,193,96,22,63,3,8,0,0,0,56,52,0,1,0,1,0,1,1,0,0,0,52,39,35,35,21,0,0,3,2,8,49,0,10,0,3,0,0,0,0,0,11,0,43,1,14,0,0,0,0,0,0,0,0,17,0,0,14,9,8,2,16,4,2,10,20,2,2,2,21,1,1,1,2,4,25,4,0,3,31,6,6,3,12,35,52,4,4,19,47,23,9,9,47,21,25,12,15,10,10,1,1,1,5,3,3,14,0,2,0,0,4,1,11,1,0,1,8,4,0,8,5,2,4,4,3,0,6,1,0,0,2276,3
pgsql,cb84fa5516be6a4a3afd77f5f01e136797c74d31,0,nan,nan,12,4,7,58,27,13,64,50,222,285,147,67,16,133,11,23,0,0,3,17,6,0,3,0,0,0,1,8,4,4,16,9,10,9,9,8,0,0,8,3,10,10,0,0,0,2,0,0,2,6,2,14,0,107,4,18,2,2,1,3,2,0,1,1,25,0,1,18,11,8,5,20,5,5,7,23,0,2,2,25,3,3,3,2,7,32,7,0,2,37,5,5,2,20,45,62,8,8,17,54,31,7,7,54,20,32,14,19,12,12,1,2,2,6,4,4,17,1,4,0,1,2,0,12,0,1,0,16,3,9,10,7,1,7,10,11,0,8,3,0,0,1931,17
cst,cb84fa5516be6a4a3afd77f5f01e136797c74d31,0,nan,nan,12,4,7,58,27,13,64,50,222,285,147,67,16,133,11,23,0,0,3,17,6,0,3,0,0,0,1,8,4,4,16,9,10,9,9,8,0,0,8,3,10,10,0,0,0,2,0,0,2,6,2,14,0,107,4,18,2,2,1,3,2,0,1,1,25,0,1,18,11,8,5,20,5,5,7,23,0,2,2,25,3,3,3,2,7,32,7,0,2,37,5,5,2,20,45,62,8,8,17,54,31,7,7,54,20,32,14,19,12,12,1,2,2,6,4,4,17,1,4,0,1,2,0,12,0,1,0,16,3,9,10,7,1,7,10,11,0,8,3,0,0,1931,17
formatter,cb84fa5516be6a4a3afd77f5f01e136797c74d31,0,2977733.3,95197593.6,12,4,7,58,27,13,64,50,222,285,147,67,16,133,11,23,0,0,3,17,6,0,3,0,0,0,1,8,4,4,16,9,10,9,9,8,0,0,8,3,10,10,0,0,0,2,0,0,2,6,2,14,0,107,4,18,2,2,1,3,2,0,1,1,25,0,1,18,11,8,5,20,5,5,7,23,0,2,2,25,3,3,3,2,7,32,7,0,2,37,5,5,2,20,45,62,8,8,17,54,31,7,7,54,20,32,14,19,12,12,1,2,2,6,4,4,17,1,4,0,1,2,0,12,0,1,0,16,3,9,10,7,1,7,10,11,0,8,3,0,0,1931,17
pgsql,781a3fcb6755ffbff71187cfb13c2707e264513c,0,nan,nan,14,2,5,58,26,11,54,48,235,303,128,48,11,126,13,27,0,0,3,18,6,1,2,0,1,0,7,14,6,3,20,9,11,9,9,9,1,0,4,3,14,11,2,0,0,2,0,0,0,0,0,20,0,62,1,25,0,0,0,0,0,0,0,0,36,0,0,25,17,11,6,27,4,6,13,31,2,3,2,33,5,5,5,2,7,40,7,0,3,47,7,7,3,17,49,69,2,2,24,60,26,8,8,60,19,30,17,18,8,8,0,2,1,6,4,3,22,0,4,1,0,2,0,8,0,0,0,14,3,0,2,4,3,14,11,11,1,2,1,0,0,1920,15
cst,781a3fcb6755ffbff71187cfb13c2707e264513c,0,nan,nan,14,2,5,58,26,11,54,48,235,303,128,48,11,126,13,27,0,0,3,18,6,1,2,0,1,0,7,14,6,3,20,9,11,9,9,9,1,0,4,3,14,11,2,0,0,2,0,0,0,0,0,20,0,62,1,25,0,0,0,0,0,0,0,0,36,0,0,25,17,11,6,27,4,6,13,31,2,3,2,33,5,5,5,2,7,40,7,0,3,47,7,7,3,17,49,69,2,2,24,60,26,8,8,60,19,30,17,18,8,8,0,2,1,6,4,3,22,0,4,1,0,2,0,8,0,0,0,14,3,0,2,4,3,14,11,11,1,2,1,0,0,1920,15
formatter,781a3fcb6755ffbff71187cfb13c2707e264513c,0,2961359.75,95948800.0,14,2,5,58,26,11,54,48,235,303,128,48,11,126,13,27,0,0,3,18,6,1,2,0,1,0,7,14,6,3,20,9,11,9,9,9,1,0,4,3,14,11,2,0,0,2,0,0,0,0,0,20,0,62,1,25,0,0,0,0,0,0,0,0,36,0,0,25,17,11,6,27,4,6,13,31,2,3,2,33,5,5,5,2,7,40,7,0,3,47,7,7,3,17,49,69,2,2,24,60,26,8,8,60,19,30,17,18,8,8,0,2,1,6,4,3,22,0,4,1,0,2,0,8,0,0,0,14,3,0,2,4,3,14,11,11,1,2,1,0,0,1920,15
pgsql,14379a147393a755a61654d772dfe0b1b77dc66d,0,nan,nan,5,2,4,57,27,13,49,46,183,300,148,66,14,119,4,22,0,0,2,9,2,0,2,0,0,0,1,9,5,2,15,4,6,6,6,3,0,0,8,2,12,6,0,0,2,3,0,0,1,1,0,19,0,65,3,25,0,1,3,0,1,0,0,0,32,1,0,25,15,10,5,28,5,5,10,33,0,5,3,37,4,4,4,3,7,44,7,0,3,59,15,15,4,27,65,97,6,6,28,75,45,6,6,75,38,44,22,24,15,15,1,5,5,11,1,8,26,3,3,0,1,2,0,15,0,1,0,14,14,11,18,18,5,0,4,12,0,7,4,1,0,1868,10
cst,14379a147393a755a61654d772dfe0b1b77dc66d,0,13233145.9,182399795.2,5,2,4,57,27,13,49,46,183,300,148,66,14,119,4,22,0,0,2,9,2,0,2,0,0,0,1,9,5,2,15,4,6,6,6,3,0,0,8,2,12,6,0,0,2,3,0,0,1,1,0,19,0,65,3,25,0,1,3,0,1,0,0,0,32,1,0,25,15,10,5,28,5,5,10,33,0,5,3,37,4,4,4,3,7,44,7,0,3,59,15,15,4,27,65,97,6,6,28,75,45,6,6,75,38,44,22,24,15,15,1,5,5,11,1,8,26,3,3,0,1,2,0,15,0,1,0,14,14,11,18,18,5,0,4,12,0,7,4,1,0,1868,10
formatter,14379a147393a755a61654d772dfe0b1b77dc66d,0,2935604.1666666665,95114581.33333333,5,2,4,57,27,13,49,46,183,300,148,66,14,119,4,22,0,0,2,9,2,0,2,0,0,0,1,9,5,2,15,4,6,6,6,3,0,0,8,2,12,6,0,0,2,3,0,0,1,1,0,19,0,65,3,25,0,1,3,0,1,0,0,0,32,1,0,25,15,10,5,28,5,5,10,33,0,5,3,37,4,4,4,3,7,44,7,0,3,59,15,15,4,27,65,97,6,6,28,75,45,6,6,75,38,44,22,24,15,15,1,5,5,11,1,8,26,3,3,0,1,2,0,15,0,1,0,14,14,11,18,18,5,0,4,12,0,7,4,1,0,1868,10
pgsql,3643aa3a80b3b9c6fbe9e8cb39c6b4878d5e097d,0,nan,nan,11,1,2,47,17,8,50,45,145,304,133,67,13,122,10,16,0,0,1,11,1,0,0,0,1,0,4,7,3,1,0,2,11,0,0,11,0,0,4,1,20,22,1,11,0,6,0,0,0,0,0,26,0,59,3,32,0,0,3,0,0,0,0,0,36,1,0,32,18,12,8,36,8,8,15,40,2,1,4,42,5,5,5,5,8,50,8,0,5,59,9,9,5,25,66,88,7,7,27,78,28,7,7,78,32,43,18,22,18,18,4,1,2,6,4,2,24,3,9,1,0,2,0,18,3,1,1,11,6,7,9,2,4,16,4,10,1,8,4,0,0,1897,12
cst,3643aa3a80b3b9c6fbe9e8cb39c6b4878d5e097d,0,nan,nan,11,1,2,47,17,8,50,45,145,304,133,67,13,122,10,16,0,0,1,11,1,0,0,0,1,0,4,7,3,1,0,2,11,0,0,11,0,0,4,1,20,22,1,11,0,6,0,0,0,0,0,26,0,59,3,32,0,0,3,0,0,0,0,0,36,1,0,32,18,12,8,36,8,8,15,40,2,1,4,42,5,5,5,5,8,50,8,0,5,59,9,9,5,25,66,88,7,7,27,78,28,7,7,78,32,43,18,22,18,18,4,1,2,6,4,2,24,3,9,1,0,2,0,18,3,1,1,11,6,7,9,2,4,16,4,10,1,8,4,0,0,1897,12
formatter,3643aa3a80b3b9c6fbe9e8cb39c6b4878d5e097d,0,3128638.8333333335,101651797.33333333,11,1,2,47,17,8,50,45,145,304,133,67,13,122,10,16,0,0,1,11,1,0,0,0,1,0,4,7,3,1,0,2,11,0,0,11,0,0,4,1,20,22,1,11,0,6,0,0,0,0,0,26,0,59,3,32,0,0,3,0,0,0,0,0,36,1,0,32,18,12,8,36,8,8,15,40,2,1,4,42,5,5,5,5,8,50,8,0,5,59,9,9,5,25,66,88,7,7,27,78,28,7,7,78,32,43,18,22,18,18,4,1,2,6,4,2,24,3,9,1,0,2,0,18,3,1,1,11,6,7,9,2,4,16,4,10,1,8,4,0,0,1897,12
pgsql,cd6288ab431e47b9f6a41d07e62c90696bcf3a5a,0,nan,nan,5,0,2,59,29,13,70,50,227,274,128,57,8,119,4,15,0,0,2,7,2,0,1,0,0,0,2,7,3,2,12,4,7,0,0,7,0,0,9,1,16,14,0,7,0,5,0,0,0,0,0,19,0,119,4,23,0,0,1,0,0,0,0,0,26,0,0,23,12,5,3,30,8,3,10,36,1,5,2,40,5,5,5,2,6,46,6,2,2,58,12,12,2,17,64,85,6,6,26,76,33,10,10,76,31,40,21,21,27,27,4,0,0,0,3,3,23,1,7,2,0,2,0,27,1,4,0,17,0,0,0,0,0,7,6,11,2,11,1,0,0,1973,8
cst,cd6288ab431e47b9f6a41d07e62c90696bcf3a5a,0,1550288.25,133365760.0,5,0,2,59,29,13,70,50,227,274,128,57,8,119,4,15,0,0,2,7,2,0,1,0,0,0,2,7,3,2,12,4,7,0,0,7,0,0,9,1,16,14,0,7,0,5,0,0,0,0,0,19,0,119,4,23,0,0,1,0,0,0,0,0,26,0,0,23,12,5,3,30,8,3,10,36,1,5,2,40,5,5,5,2,6,46,6,2,2,58,12,12,2,17,64,85,6,6,26,76,33,10,10,76,31,40,21,21,27,27,4,0,0,0,3,3,23,1,7,2,0,2,0,27,1,4,0,17,0,0,0,0,0,7,6,11,2,11,1,0,0,1973,8
formatter,cd6288ab431e47b9f6a41d07e62c90696bcf3a5a,0,2946687.5,95584256.0,5,0,2,59,29,13,70,50,227,274,128,57,8,119,4,15,0,0,2,7,2,0,1,0,0,0,2,7,3,2,12,4,7,0,0,7,0,0,9,1,16,14,0,7,0,5,0,0,0,0,0,19,0,119,4,23,0,0,1,0,0,0,0,0,26,0,0,23,12,5,3,30,8,3,10,36,1,5,2,40,5,5,5,2,6,46,6,2,2,58,12,12,2,17,64,85,6,6,26,76,33,10,10,76,31,40,21,21,27,27,4,0,0,0,3,3,23,1,7,2,0,2,0,27,1,4,0,17,0,0,0,0,0,7,6,11,2,11,1,0,0,1973,8
pgsql,ed8543ed53958e00105ff9ec64ef089b3a7eb308,0,nan,nan,9,0,0,39,16,8,36,31,126,320,157,73,17,123,8,16,0,0,0,9,0,1,2,0,0,0,2,8,4,0,0,0,9,0,0,9,1,0,10,2,19,18,1,9,0,8,0,0,1,1,0,28,0,24,2,33,1,0,2,1,0,0,0,0,39,0,0,33,19,14,9,38,10,9,13,45,3,4,5,46,4,4,5,7,10,56,10,0,7,65,9,9,9,29,70,112,5,5,26,83,54,4,4,83,33,51,20,26,18,18,0,6,3,13,5,1,22,2,4,0,0,2,0,18,0,0,0,2,14,24,15,2,1,20,1,12,0,9,1,1,0,1930,13
cst,ed8543ed53958e00105ff9ec64ef089b3a7eb308,0,nan,nan,9,0,0,39,16,8,36,31,126,320,157,73,17,123,8,16,0,0,0,9,0,1,2,0,0,0,2,8,4,0,0,0,9,0,0,9,1,0,10,2,19,18,1,9,0,8,0,0,1,1,0,28,0,24,2,33,1,0,2,1,0,0,0,0,39,0,0,33,19,14,9,38,10,9,13,45,3,4,5,46,4,4,5,7,10,56,10,0,7,65,9,9,9,29,70,112,5,5,26,83,54,4,4,83,33,51,20,26,18,18,0,6,3,13,5,1,22,2,4,0,0,2,0,18,0,0,0,2,14,24,15,2,1,20,1,12,0,9,1,1,0,1930,13
formatter,ed8543ed53958e00105ff9ec64ef089b3a7eb308,0,3332416.5,114638848.0,9,0,0,39,16,8,36,31,126,320,157,73,17,123,8,16,0,0,0,9,0,1,2,0,0,0,2,8,4,0,0,0,9,0,0,9,1,0,10,2,19,18,1,9,0,8,0,0,1,1,0,28,0,24,2,33,1,0,2,1,0,0,0,0,39,0,0,33,19,14,9,38,10,9,13,45,3,4,5,46,4,4,5,7,10,56,10,0,7,65,9,9,9,29,70,112,5,5,26,83,54,4,4,83,33,51,20,26,18,18,0,6,3,13,5,1,22,2,4,0,0,2,0,18,0,0,0,2,14,24,15,2,1,20,1,12,0,9,1,1,0,1930,13
pgsql,48f2774a17acc89d2cd8c6b85c384051c78b33ce,0,nan,nan,6,1,2,49,22,15,86,35,100,314,158,81,15,130,5,25,0,0,1,7,1,1,1,0,0,0,3,12,4,1,7,2,7,0,0,7,1,0,1,1,19,22,1,15,0,9,0,0,0,0,0,29,0,30,1,36,0,0,2,0,0,0,0,0,49,1,0,36,23,12,4,40,5,4,14,42,4,4,0,45,4,4,4,0,10,55,10,0,0,65,10,10,0,26,72,104,7,7,35,80,56,8,8,80,32,45,19,37,12,12,4,1,1,8,11,3,21,2,6,0,2,3,1,13,4,1,1,8,2,0,11,6,4,22,0,9,0,5,2,1,1,1783,12
cst,48f2774a17acc89d2cd8c6b85c384051c78b33ce,0,nan,nan,6,1,2,49,22,15,86,35,100,314,158,81,15,130,5,25,0,0,1,7,1,1,1,0,0,0,3,12,4,1,7,2,7,0,0,7,1,0,1,1,19,22,1,15,0,9,0,0,0,0,0,29,0,30,1,36,0,0,2,0,0,0,0,0,49,1,0,36,23,12,4,40,5,4,14,42,4,4,0,45,4,4,4,0,10,55,10,0,0,65,10,10,0,26,72,104,7,7,35,80,56,8,8,80,32,45,19,37,12,12,4,1,1,8,11,3,21,2,6,0,2,3,1,13,4,1,1,8,2,0,11,6,4,22,0,9,0,5,2,1,1,1783,12
formatter,48f2774a17acc89d2cd8c6b85c384051c78b33ce,0,3539177.0625,96550912.0,6,1,2,49,22,15,86,35,100,314,158,81,15,130,5,25,0,0,1,7,1,1,1,0,0,0,3,12,4,1,7,2,7,0,0,7,1,0,1,1,19,22,1,15,0,9,0,0,0,0,0,29,0,30,1,36,0,0,2,0,0,0,0,0,49,1,0,36,23,12,4,40,5,4,14,42,4,4,0,45,4,4,4,0,10,55,10,0,0,65,10,10,0,26,72,104,7,7,35,80,56,8,8,80,32,45,19,37,12,12,4,1,1,8,11,3,21,2,6,0,2,3,1,13,4,1,1,8,2,0,11,6,4,22,0,9,0,5,2,1,1,1783,12
pgsql,ca1bf825e9bb9692b55a26c7df2e0b2bbe5ee090,0,nan,nan,11,6,7,63,29,14,78,50,198,319,160,76,16,159,10,23,0,0,1,13,1,0,1,0,0,0,3,11,5,4,7,2,13,0,0,13,0,0,4,1,10,39,0,26,0,7,0,0,1,4,3,15,0,33,3,19,2,2,3,3,3,1,2,2,21,1,1,19,6,9,4,22,5,4,12,27,1,4,3,29,3,3,4,3,3,32,3,0,4,39,7,7,7,18,44,74,5,5,19,59,34,8,8,59,24,36,15,12,12,12,3,3,1,3,3,1,16,2,4,0,0,1,0,12,3,1,0,6,10,7,10,5,1,7,1,5,0,7,1,0,0,1977,16
cst,ca1bf825e9bb9692b55a26c7df2e0b2bbe5ee090,0,2438359.375,130899968.0,11,6,7,63,29,14,78,50,198,319,160,76,16,159,10,23,0,0,1,13,1,0,1,0,0,0,3,11,5,4,7,2,13,0,0,13,0,0,4,1,10,39,0,26,0,7,0,0,1,4,3,15,0,33,3,19,2,2,3,3,3,1,2,2,21,1,1,19,6,9,4,22,5,4,12,27,1,4,3,29,3,3,4,3,3,32,3,0,4,39,7,7,7,18,44,74,5,5,19,59,34,8,8,59,24,36,15,12,12,12,3,3,1,3,3,1,16,2,4,0,0,1,0,12,3,1,0,6,10,7,10,5,1,7,1,5,0,7,1,0,0,1977,16
formatter,ca1bf825e9bb9692b55a26c7df2e0b2bbe5ee090,0,3535500.0,114118656.0,11,6,7,63,29,14,78,50,198,319,160,76,16,159,10,23,0,0,1,13,1,0,1,0,0,0,3,11,5,4,7,2,13,0,0,13,0,0,4,1,10,39,0,26,0,7,0,0,1,4,3,15,0,33,3,19,2,2,3,3,3,1,2,2,21,1,1,19,6,9,4,22,5,4,12,27,1,4,3,29,3,3,4,3,3,32,3,0,4,39,7,7,7,18,44,74,5,5,19,59,34,8,8,59,24,36,15,12,12,12,3,3,1,3,3,1,16,2,4,0,0,1,0,12,3,1,0,6,10,7,10,5,1,7,1,5,0,7,1,0,0,1977,16
pgsql,c9ba6d0ca97fc492a9ff1d9460080c5fe8c7f1bb,0,nan,nan,9,2,7,80,36,18,81,63,298,286,142,64,12,227,8,19,0,0,5,15,5,0,0,0,0,0,5,8,5,5,36,10,15,0,0,15,0,0,1,0,10,49,0,34,0,3,0,0,0,0,0,15,0,26,1,19,0,0,1,0,0,0,0,0,24,0,0,19,12,9,4,19,1,4,8,20,1,2,1,22,3,3,3,1,9,31,9,0,1,37,6,6,1,22,41,48,4,4,18,43,18,1,1,43,19,22,13,16,4,4,1,2,1,5,1,4,14,1,3,0,0,2,1,5,1,0,1,6,8,0,4,6,4,0,0,8,0,3,0,0,0,1815,18
cst,c9ba6d0ca97fc492a9ff1d9460080c5fe8c7f1bb,0,1338359.625,128212992.0,9,2,7,80,36,18,81,63,298,286,142,64,12,227,8,19,0,0,5,15,5,0,0,0,0,0,5,8,5,5,36,10,15,0,0,15,0,0,1,0,10,49,0,34,0,3,0,0,0,0,0,15,0,26,1,19,0,0,1,0,0,0,0,0,24,0,0,19,12,9,4,19,1,4,8,20,1,2,1,22,3,3,3,1,9,31,9,0,1,37,6,6,1,22,41,48,4,4,18,43,18,1,1,43,19,22,13,16,4,4,1,2,1,5,1,4,14,1,3,0,0,2,1,5,1,0,1,6,8,0,4,6,4,0,0,8,0,3,0,0,0,1815,18
formatter,c9ba6d0ca97fc492a9ff1d9460080c5fe8c7f1bb,0,3223889.0,95977472.0,9,2,7,80,36,18,81,63,298,286,142,64,12,227,8,19,0,0,5,15,5,0,0,0,0,0,5,8,5,5,36,10,15,0,0,15,0,0,1,0,10,49,0,34,0,3,0,0,0,0,0,15,0,26,1,19,0,0,1,0,0,0,0,0,24,0,0,19,12,9,4,19,1,4,8,20,1,2,1,22,3,3,3,1,9,31,9,0,1,37,6,6,1,22,41,48,4,4,18,43,18,1,1,43,19,22,13,16,4,4,1,2,1,5,1,4,14,1,3,0,0,2,1,5,1,0,1,6,8,0,4,6,4,0,0,8,0,3,0,0,0,1815,18
pgsql,15683a0ed2647f7344372ec5ccb3145e3ad8f4da,0,nan,nan,7,0,2,68,32,13,68,58,191,297,116,62,14,206,6,17,0,0,2,9,2,0,0,0,0,0,2,7,3,2,12,4,9,0,0,9,0,0,5,0,13,58,1,49,0,2,0,0,0,0,0,19,0,48,3,27,0,0,0,0,0,0,0,0,33,0,0,27,16,13,7,28,4,7,13,33,2,4,3,34,3,3,3,3,2,36,2,0,4,42,6,6,4,20,50,75,8,8,23,59,37,5,5,59,19,30,19,24,13,13,3,2,1,4,4,2,22,0,6,1,0,3,0,13,3,2,2,8,2,2,2,0,2,13,0,11,1,11,3,0,0,1799,5
cst,15683a0ed2647f7344372ec5ccb3145e3ad8f4da,0,nan,nan,7,0,2,68,32,13,68,58,191,297,116,62,14,206,6,17,0,0,2,9,2,0,0,0,0,0,2,7,3,2,12,4,9,0,0,9,0,0,5,0,13,58,1,49,0,2,0,0,0,0,0,19,0,48,3,27,0,0,0,0,0,0,0,0,33,0,0,27,16,13,7,28,4,7,13,33,2,4,3,34,3,3,3,3,2,36,2,0,4,42,6,6,4,20,50,75,8,8,23,59,37,5,5,59,19,30,19,24,13,13,3,2,1,4,4,2,22,0,6,1,0,3,0,13,3,2,2,8,2,2,2,0,2,13,0,11,1,11,3,0,0,1799,5
formatter,15683a0ed2647f7344372ec5ccb3145e3ad8f4da,0,3389562.6666666665,110586538.66666667,7,0,2,68,32,13,68,58,191,297,116,62,14,206,6,17,0,0,2,9,2,0,0,0,0,0,2,7,3,2,12,4,9,0,0,9,0,0,5,0,13,58,1,49,0,2,0,0,0,0,0,19,0,48,3,27,0,0,0,0,0,0,0,0,33,0,0,27,16,13,7,28,4,7,13,33,2,4,3,34,3,3,3,3,2,36,2,0,4,42,6,6,4,20,50,75,8,8,23,59,37,5,5,59,19,30,19,24,13,13,3,2,1,4,4,2,22,0,6,1,0,3,0,13,3,2,2,8,2,2,2,0,2,13,0,11,1,11,3,0,0,1799,5
pgsql,5e2a3d885bc472a4e8c408b3d5ff4126b77ea0fd,0,nan,nan,6,0,0,49,21,12,64,40,139,318,150,70,14,165,5,14,0,0,0,6,0,0,0,0,0,0,3,3,2,0,0,0,6,0,0,6,0,0,5,0,16,37,0,31,0,6,0,0,0,0,0,22,0,30,2,31,0,0,1,0,0,0,0,0,37,1,0,31,16,16,6,38,9,6,11,40,2,3,1,43,5,5,5,1,9,52,9,1,1,63,11,11,1,26,72,96,9,9,37,80,43,7,7,80,32,38,20,33,15,15,2,4,3,8,1,4,24,1,7,0,0,8,3,18,2,0,0,6,9,2,6,7,3,1,0,13,0,17,2,1,0,1879,8
cst,5e2a3d885bc472a4e8c408b3d5ff4126b77ea0fd,0,nan,nan,6,0,0,49,21,12,64,40,139,318,150,70,14,165,5,14,0,0,0,6,0,0,0,0,0,0,3,3,2,0,0,0,6,0,0,6,0,0,5,0,16,37,0,31,0,6,0,0,0,0,0,22,0,30,2,31,0,0,1,0,0,0,0,0,37,1,0,31,16,16,6,38,9,6,11,40,2,3,1,43,5,5,5,1,9,52,9,1,1,63,11,11,1,26,72,96,9,9,37,80,43,7,7,80,32,38,20,33,15,15,2,4,3,8,1,4,24,1,7,0,0,8,3,18,2,0,0,6,9,2,6,7,3,1,0,13,0,17,2,1,0,1879,8
formatter,5e2a3d885bc472a4e8c408b3d5ff4126b77ea0fd,0,3395833.1666666665,115922261.33333333,6,0,0,49,21,12,64,40,139,318,150,70,14,165,5,14,0,0,0,6,0,0,0,0,0,0,3,3,2,0,0,0,6,0,0,6,0,0,5,0,16,37,0,31,0,6,0,0,0,0,0,22,0,30,2,31,0,0,1,0,0,0,0,0,37,1,0,31,16,16,6,38,9,6,11,40,2,3,1,43,5,5,5,1,9,52,9,1,1,63,11,11,1,26,72,96,9,9,37,80,43,7,7,80,32,38,20,33,15,15,2,4,3,8,1,4,24,1,7,0,0,8,3,18,2,0,0,6,9,2,6,7,3,1,0,13,0,17,2,1,0,1879,8
pgsql,93a7c83eeb72279fbe3652f09ff704bc9544c512,0,nan,nan,8,0,3,71,31,19,75,58,243,292,149,81,23,249,7,14,0,0,3,12,3,0,0,0,0,0,3,7,3,3,24,6,12,0,0,12,0,0,5,0,6,75,0,63,0,2,0,0,0,0,0,9,0,58,4,15,0,0,0,0,0,0,0,0,18,0,0,15,9,7,4,16,4,4,8,20,0,3,1,21,2,2,2,1,3,24,3,0,1,31,7,7,1,11,32,45,1,1,13,42,19,9,9,42,19,24,12,10,14,14,0,3,0,2,3,6,15,0,4,0,0,0,0,14,0,0,0,9,3,0,0,0,0,11,3,10,0,9,2,0,0,1898,10
cst,93a7c83eeb72279fbe3652f09ff704bc9544c512,0,2102425.3571428573,129117622.85714285,8,0,3,71,31,19,75,58,243,292,149,81,23,249,7,14,0,0,3,12,3,0,0,0,0,0,3,7,3,3,24,6,12,0,0,12,0,0,5,0,6,75,0,63,0,2,0,0,0,0,0,9,0,58,4,15,0,0,0,0,0,0,0,0,18,0,0,15,9,7,4,16,4,4,8,20,0,3,1,21,2,2,2,1,3,24,3,0,1,31,7,7,1,11,32,45,1,1,13,42,19,9,9,42,19,24,12,10,14,14,0,3,0,2,3,6,15,0,4,0,0,0,0,14,0,0,0,9,3,0,0,0,0,11,3,10,0,9,2,0,0,1898,10
formatter,93a7c83eeb72279fbe3652f09ff704bc9544c512,0,3594958.5,115806208.0,8,0,3,71,31,19,75,58,243,292,149,81,23,249,7,14,0,0,3,12,3,0,0,0,0,0,3,7,3,3,24,6,12,0,0,12,0,0,5,0,6,75,0,63,0,2,0,0,0,0,0,9,0,58,4,15,0,0,0,0,0,0,0,0,18,0,0,15,9,7,4,16,4,4,8,20,0,3,1,21,2,2,2,1,3,24,3,0,1,31,7,7,1,11,32,45,1,1,13,42,19,9,9,42,19,24,12,10,14,14,0,3,0,2,3,6,15,0,4,0,0,0,0,14,0,0,0,9,3,0,0,0,0,11,3,10,0,9,2,0,0,1898,10
pgsql,6b63a24b4235eccce6f259cba73ed8fdac9f757d,0,nan,nan,7,1,1,60,20,10,38,54,140,302,149,72,9,225,6,19,0,0,0,7,0,0,0,0,0,0,3,8,2,0,0,0,7,0,0,7,0,0,2,0,11,85,1,78,0,3,0,0,0,0,0,17,0,22,0,21,0,0,0,0,0,0,0,0,29,0,0,21,14,8,6,24,5,6,13,29,1,6,1,33,6,6,6,1,10,43,10,0,1,52,9,9,1,25,57,83,5,5,27,64,43,6,6,64,31,33,17,25,16,16,1,7,1,5,3,2,19,0,4,1,0,6,0,16,1,0,1,6,22,15,0,0,0,4,3,12,1,13,1,0,0,1757,7
cst,6b63a24b4235eccce6f259cba73ed8fdac9f757d,0,nan,nan,7,1,1,60,20,10,38,54,140,302,149,72,9,225,6,19,0,0,0,7,0,0,0,0,0,0,3,8,2,0,0,0,7,0,0,7,0,0,2,0,11,85,1,78,0,3,0,0,0,0,0,17,0,22,0,21,0,0,0,0,0,0,0,0,29,0,0,21,14,8,6,24,5,6,13,29,1,6,1,33,6,6,6,1,10,43,10,0,1,52,9,9,1,25,57,83,5,5,27,64,43,6,6,64,31,33,17,25,16,16,1,7,1,5,3,2,19,0,4,1,0,6,0,16,1,0,1,6,22,15,0,0,0,4,3,12,1,13,1,0,0,1757,7
formatter,6b63a24b4235eccce6f259cba73ed8fdac9f757d,0,3701708.3333333335,116987221.33333333,7,1,1,60,20,10,38,54,140,302,149,72,9,225,6,19,0,0,0,7,0,0,0,0,0,0,3,8,2,0,0,0,7,0,0,7,0,0,2,0,11,85,1,78,0,3,0,0,0,0,0,17,0,22,0,21,0,0,0,0,0,0,0,0,29,0,0,21,14,8,6,24,5,6,13,29,1,6,1,33,6,6,6,1,10,43,10,0,1,52,9,9,1,25,57,83,5,5,27,64,43,6,6,64,31,33,17,25,16,16,1,7,1,5,3,2,19,0,4,1,0,6,0,16,1,0,1,6,22,15,0,0,0,4,3,12,1,13,1,0,0,1757,7
pgsql,e5296dab46a1103f3b9e53eafb8a9af2eded7d5b,0,nan,nan,7,0,1,68,25,11,37,57,182,305,145,74,12,269,6,13,0,0,1,9,1,0,0,0,0,0,3,4,2,1,4,2,9,0,0,9,0,0,5,0,9,110,2,101,0,1,0,0,0,0,0,13,0,61,5,15,0,0,1,0,0,0,0,0,21,1,0,15,12,5,4,18,5,4,8,21,1,4,1,24,3,3,3,2,5,29,5,0,3,36,7,7,4,15,40,54,4,4,18,52,21,8,8,52,25,29,14,21,10,10,1,4,2,4,4,4,17,1,2,0,0,3,1,11,1,1,1,9,12,0,9,7,1,5,3,6,0,4,2,0,0,1765,6
cst,e5296dab46a1103f3b9e53eafb8a9af2eded7d5b,0,1564197.75,128917504.0,7,0,1,68,25,11,37,57,182,305,145,74,12,269,6,13,0,0,1,9,1,0,0,0,0,0,3,4,2,1,4,2,9,0,0,9,0,0,5,0,9,110,2,101,0,1,0,0,0,0,0,13,0,61,5,15,0,0,1,0,0,0,0,0,21,1,0,15,12,5,4,18,5,4,8,21,1,4,1,24,3,3,3,2,5,29,5,0,3,36,7,7,4,15,40,54,4,4,18,52,21,8,8,52,25,29,14,21,10,10,1,4,2,4,4,4,17,1,2,0,0,3,1,11,1,1,1,9,12,0,9,7,1,5,3,6,0,4,2,0,0,1765,6
formatter,e5296dab46a1103f3b9e53eafb8a9af2eded7d5b,0,3767305.6666666665,115381589.33333333,7,0,1,68,25,11,37,57,182,305,145,74,12,269,6,13,0,0,1,9,1,0,0,0,0,0,3,4,2,1,4,2,9,0,0,9,0,0,5,0,9,110,2,101,0,1,0,0,0,0,0,13,0,61,5,15,0,0,1,0,0,0,0,0,21,1,0,15,12,5,4,18,5,4,8,21,1,4,1,24,3,3,3,2,5,29,5,0,3,36,7,7,4,15,40,54,4,4,18,52,21,8,8,52,25,29,14,21,10,10,1,4,2,4,4,4,17,1,2,0,0,3,1,11,1,1,1,9,12,0,9,7,1,5,3,6,0,4,2,0,0,1765,6
pgsql,abda6bd41a121f41281e6683a1b587cb65ceffef,0,nan,nan,6,1,4,76,33,14,72,63,218,294,134,58,12,320,5,19,0,0,3,11,3,0,0,0,0,0,2,8,3,3,11,6,11,0,0,11,0,0,0,0,7,134,2,123,0,3,0,0,0,0,0,9,0,6,0,12,0,0,1,0,0,0,0,0,21,1,0,12,15,5,1,15,4,1,6,18,2,1,2,20,2,2,2,2,3,23,3,0,2,28,5,5,2,10,31,36,3,3,6,40,15,7,7,40,22,24,8,15,11,11,1,2,1,5,2,0,9,1,4,0,1,0,1,12,0,1,0,2,4,4,5,2,2,11,0,3,0,1,1,0,0,1837,9
cst,abda6bd41a121f41281e6683a1b587cb65ceffef,0,1372854.125,128303104.0,6,1,4,76,33,14,72,63,218,294,134,58,12,320,5,19,0,0,3,11,3,0,0,0,0,0,2,8,3,3,11,6,11,0,0,11,0,0,0,0,7,134,2,123,0,3,0,0,0,0,0,9,0,6,0,12,0,0,1,0,0,0,0,0,21,1,0,12,15,5,1,15,4,1,6,18,2,1,2,20,2,2,2,2,3,23,3,0,2,28,5,5,2,10,31,36,3,3,6,40,15,7,7,40,22,24,8,15,11,11,1,2,1,5,2,0,9,1,4,0,1,0,1,12,0,1,0,2,4,4,5,2,2,11,0,3,0,1,1,0,0,1837,9
formatter,abda6bd41a121f41281e6683a1b587cb65ceffef,0,3883638.8333333335,114529621.33333333,6,1,4,76,33,14,72,63,218,294,134,58,12,320,5,19,0,0,3,11,3,0,0,0,0,0,2,8,3,3,11,6,11,0,0,11,0,0,0,0,7,134,2,123,0,3,0,0,0,0,0,9,0,6,0,12,0,0,1,0,0,0,0,0,21,1,0,12,15,5,1,15,4,1,6,18,2,1,2,20,2,2,2,2,3,23,3,0,2,28,5,5,2,10,31,36,3,3,6,40,15,7,7,40,22,24,8,15,11,11,1,2,1,5,2,0,9,1,4,0,1,0,1,12,0,1,0,2,4,4,5,2,2,11,0,3,0,1,1,0,0,1837,9
pgsql,ca9d996999328c78bde57cf9781661f4c3092f0b,0,nan,nan,10,2,5,67,31,12,82,55,226,281,123,50,14,154,9,26,0,0,3,14,3,0,0,0,0,0,5,11,5,3,23,6,14,6,6,8,0,0,3,0,11,20,1,6,0,2,0,0,0,0,0,15,0,100,1,20,0,0,1,0,0,0,0,0,29,0,0,20,15,10,6,23,7,6,10,28,1,4,1,33,7,7,7,1,10,43,10,0,1,51,8,8,1,20,55,70,4,4,21,57,22,1,1,57,25,29,17,20,10,10,3,1,2,6,1,4,20,1,4,0,0,4,1,11,3,1,1,17,3,3,8,7,2,1,9,13,0,8,3,0,0,1871,13
cst,ca9d996999328c78bde57cf9781661f4c3092f0b,0,nan,nan,10,2,5,67,31,12,82,55,226,281,123,50,14,154,9,26,0,0,3,14,3,0,0,0,0,0,5,11,5,3,23,6,14,6,6,8,0,0,3,0,11,20,1,6,0,2,0,0,0,0,0,15,0,100,1,20,0,0,1,0,0,0,0,0,29,0,0,20,15,10,6,23,7,6,10,28,1,4,1,33,7,7,7,1,10,43,10,0,1,51,8,8,1,20,55,70,4,4,21,57,22,1,1,57,25,29,17,20,10,10,3,1,2,6,1,4,20,1,4,0,0,4,1,11,3,1,1,17,3,3,8,7,2,1,9,13,0,8,3,0,0,1871,13
formatter,ca9d996999328c78bde57cf9781661f4c3092f0b,0,3047854.1666666665,95365802.66666667,10,2,5,67,31,12,82,55,226,281,123,50,14,154,9,26,0,0,3,14,3,0,0,0,0,0,5,11,5,3,23,6,14,6,6,8,0,0,3,0,11,20,1,6,0,2,0,0,0,0,0,15,0,100,1,20,0,0,1,0,0,0,0,0,29,0,0,20,15,10,6,23,7,6,10,28,1,4,1,33,7,7,7,1,10,43,10,0,1,51,8,8,1,20,55,70,4,4,21,57,22,1,1,57,25,29,17,20,10,10,3,1,2,6,1,4,20,1,4,0,0,4,1,11,3,1,1,17,3,3,8,7,2,1,9,13,0,8,3,0,0,1871,13
pgsql,aeef0aec84dd7788074d1c7e4ecdd44e38bbd877,0,nan,nan,9,0,4,61,33,22,122,42,162,310,144,71,20,164,8,20,0,0,4,15,5,0,0,0,0,0,5,12,4,4,24,9,11,6,6,9,0,0,9,0,12,17,2,6,0,2,0,0,0,0,0,18,0,92,3,22,0,0,0,0,0,0,0,0,29,0,0,22,16,10,5,26,5,5,10,29,1,4,1,30,3,3,3,1,5,35,5,0,1,40,5,5,1,17,43,59,3,3,17,50,27,6,6,50,20,31,10,20,19,19,4,4,2,4,2,4,13,0,3,0,0,1,2,21,3,2,1,17,11,3,7,6,1,3,6,7,0,13,2,0,0,2043,12
cst,aeef0aec84dd7788074d1c7e4ecdd44e38bbd877,0,nan,nan,9,0,4,61,33,22,122,42,162,310,144,71,20,164,8,20,0,0,4,15,5,0,0,0,0,0,5,12,4,4,24,9,11,6,6,9,0,0,9,0,12,17,2,6,0,2,0,0,0,0,0,18,0,92,3,22,0,0,0,0,0,0,0,0,29,0,0,22,16,10,5,26,5,5,10,29,1,4,1,30,3,3,3,1,5,35,5,0,1,40,5,5,1,17,43,59,3,3,17,50,27,6,6,50,20,31,10,20,19,19,4,4,2,4,2,4,13,0,3,0,0,1,2,21,3,2,1,17,11,3,7,6,1,3,6,7,0,13,2,0,0,2043,12
formatter,aeef0aec84dd7788074d1c7e4ecdd44e38bbd877,0,3143486.1666666665,96523605.33333333,9,0,4,61,33,22,122,42,162,310,144,71,20,164,8,20,0,0,4,15,5,0,0,0,0,0,5,12,4,4,24,9,11,6,6,9,0,0,9,0,12,17,2,6,0,2,0,0,0,0,0,18,0,92,3,22,0,0,0,0,0,0,0,0,29,0,0,22,16,10,5,26,5,5,10,29,1,4,1,30,3,3,3,1,5,35,5,0,1,40,5,5,1,17,43,59,3,3,17,50,27,6,6,50,20,31,10,20,19,19,4,4,2,4,2,4,13,0,3,0,0,1,2,21,3,2,1,17,11,3,7,6,1,3,6,7,0,13,2,0,0,2043,12
pgsql,993bf64c25ca2102a0aae2a7b8c0ec51f0d5863a,0,nan,nan,10,2,3,48,20,9,45,39,157,308,136,73,20,137,9,28,0,0,1,12,2,0,0,0,0,0,4,14,5,1,6,3,8,7,7,5,0,0,5,0,17,18,2,10,0,3,0,0,0,0,0,24,0,17,2,31,0,0,1,0,0,0,0,0,41,0,0,31,25,10,8,37,9,8,14,41,4,3,3,42,5,5,6,3,7,49,7,0,6,59,10,10,7,22,65,95,6,6,31,76,41,4,4,76,34,42,19,29,24,24,1,5,1,4,7,1,23,1,6,0,1,3,1,25,1,0,0,2,9,2,4,3,1,20,0,12,0,10,3,0,0,1860,11
cst,993bf64c25ca2102a0aae2a7b8c0ec51f0d5863a,0,nan,nan,10,2,3,48,20,9,45,39,157,308,136,73,20,137,9,28,0,0,1,12,2,0,0,0,0,0,4,14,5,1,6,3,8,7,7,5,0,0,5,0,17,18,2,10,0,3,0,0,0,0,0,24,0,17,2,31,0,0,1,0,0,0,0,0,41,0,0,31,25,10,8,37,9,8,14,41,4,3,3,42,5,5,6,3,7,49,7,0,6,59,10,10,7,22,65,95,6,6,31,76,41,4,4,76,34,42,19,29,24,24,1,5,1,4,7,1,23,1,6,0,1,3,1,25,1,0,0,2,9,2,4,3,1,20,0,12,0,10,3,0,0,1860,11
formatter,993bf64c25ca2102a0aae2a7b8c0ec51f0d5863a,0,3363151.25,110866432.0,10,2,3,48,20,9,45,39,157,308,136,73,20,137,9,28,0,0,1,12,2,0,0,0,0,0,4,14,5,1,6,3,8,7,7,5,0,0,5,0,17,18,2,10,0,3,0,0,0,0,0,24,0,17,2,31,0,0,1,0,0,0,0,0,41,0,0,31,25,10,8,37,9,8,14,41,4,3,3,42,5,5,6,3,7,49,7,0,6,59,10,10,7,22,65,95,6,6,31,76,41,4,4,76,34,42,19,29,24,24,1,5,1,4,7,1,23,1,6,0,1,3,1,25,1,0,0,2,9,2,4,3,1,20,0,12,0,10,3,0,0,1860,11
pgsql,512f264de590ec043695e98c257e447b3bdc6edc,0,nan,nan,7,3,6,87,43,21,106,66,311,285,128,64,14,195,6,23,0,0,3,11,3,0,1,0,0,0,4,9,3,6,26,6,8,7,7,4,0,0,7,1,6,13,0,5,0,2,0,11,22,27,3,8,0,67,2,12,12,13,13,5,24,11,1,1,19,0,1,12,13,8,1,14,2,1,5,16,0,2,1,18,2,2,2,2,1,19,1,0,2,22,3,3,2,11,28,40,6,6,9,35,21,5,5,35,12,16,10,12,4,4,0,3,0,3,1,3,11,2,4,0,1,1,0,4,0,0,0,9,6,0,9,0,1,1,6,5,0,3,1,0,0,1972,13
cst,512f264de590ec043695e98c257e447b3bdc6edc,0,1797374.8333333333,130629632.0,7,3,6,87,43,21,106,66,311,285,128,64,14,195,6,23,0,0,3,11,3,0,1,0,0,0,4,9,3,6,26,6,8,7,7,4,0,0,7,1,6,13,0,5,0,2,0,11,22,27,3,8,0,67,2,12,12,13,13,5,24,11,1,1,19,0,1,12,13,8,1,14,2,1,5,16,0,2,1,18,2,2,2,2,1,19,1,0,2,22,3,3,2,11,28,40,6,6,9,35,21,5,5,35,12,16,10,12,4,4,0,3,0,3,1,3,11,2,4,0,1,1,0,4,0,0,0,9,6,0,9,0,1,1,6,5,0,3,1,0,0,1972,13
formatter,512f264de590ec043695e98c257e447b3bdc6edc,0,2974027.8333333335,95382186.66666667,7,3,6,87,43,21,106,66,311,285,128,64,14,195,6,23,0,0,3,11,3,0,1,0,0,0,4,9,3,6,26,6,8,7,7,4,0,0,7,1,6,13,0,5,0,2,0,11,22,27,3,8,0,67,2,12,12,13,13,5,24,11,1,1,19,0,1,12,13,8,1,14,2,1,5,16,0,2,1,18,2,2,2,2,1,19,1,0,2,22,3,3,2,11,28,40,6,6,9,35,21,5,5,35,12,16,10,12,4,4,0,3,0,3,1,3,11,2,4,0,1,1,0,4,0,0,0,9,6,0,9,0,1,1,6,5,0,3,1,0,0,1972,13
pgsql,c39b5fb74fb5d4c1726b4ffcebc8ca8c758a44f7,0,nan,nan,5,2,4,78,31,19,97,59,182,307,132,62,5,145,4,13,0,0,2,8,2,0,1,0,1,0,3,3,0,4,17,4,4,5,5,3,0,0,5,2,10,7,0,3,0,2,0,8,16,23,5,13,0,53,2,21,9,12,9,6,21,9,0,0,23,1,0,21,7,12,4,24,6,4,11,29,1,2,3,34,6,6,6,3,4,38,4,1,3,44,6,6,3,16,48,76,4,4,22,56,36,5,5,56,27,39,13,17,17,17,2,4,3,9,1,4,16,0,2,0,0,1,0,17,2,0,0,10,23,8,7,11,4,0,4,8,0,4,2,0,0,2008,11
cst,c39b5fb74fb5d4c1726b4ffcebc8ca8c758a44f7,0,nan,nan,5,2,4,78,31,19,97,59,182,307,132,62,5,145,4,13,0,0,2,8,2,0,1,0,1,0,3,3,0,4,17,4,4,5,5,3,0,0,5,2,10,7,0,3,0,2,0,8,16,23,5,13,0,53,2,21,9,12,9,6,21,9,0,0,23,1,0,21,7,12,4,24,6,4,11,29,1,2,3,34,6,6,6,3,4,38,4,1,3,44,6,6,3,16,48,76,4,4,22,56,36,5,5,56,27,39,13,17,17,17,2,4,3,9,1,4,16,0,2,0,0,1,0,17,2,0,0,10,23,8,7,11,4,0,4,8,0,4,2,0,0,2008,11
formatter,c39b5fb74fb5d4c1726b4ffcebc8ca8c758a44f7,0,3165286.5,104599552.0,5,2,4,78,31,19,97,59,182,307,132,62,5,145,4,13,0,0,2,8,2,0,1,0,1,0,3,3,0,4,17,4,4,5,5,3,0,0,5,2,10,7,0,3,0,2,0,8,16,23,5,13,0,53,2,21,9,12,9,6,21,9,0,0,23,1,0,21,7,12,4,24,6,4,11,29,1,2,3,34,6,6,6,3,4,38,4,1,3,44,6,6,3,16,48,76,4,4,22,56,36,5,5,56,27,39,13,17,17,17,2,4,3,9,1,4,16,0,2,0,0,1,0,17,2,0,0,10,23,8,7,11,4,0,4,8,0,4,2,0,0,2008,11
pgsql,9b9872ed7ccb5fbaf65ce34a6d1ea4678276d046,0,nan,nan,7,2,3,62,28,13,51,50,193,315,147,72,12,134,6,32,0,0,1,8,1,0,2,0,1,0,4,12,9,1,6,2,6,4,4,4,0,0,10,3,11,12,1,6,0,3,0,8,16,16,0,17,0,40,6,23,7,9,10,0,16,7,0,0,33,1,0,23,19,6,5,28,7,5,10,32,0,6,1,34,2,2,2,1,5,39,5,0,1,49,10,10,1,25,59,85,10,10,35,65,38,5,5,65,28,36,16,19,14,14,2,6,2,3,4,2,17,3,6,1,0,1,0,14,2,0,2,5,13,0,5,3,1,9,1,8,1,10,0,0,0,1967,10
cst,9b9872ed7ccb5fbaf65ce34a6d1ea4678276d046,0,nan,nan,7,2,3,62,28,13,51,50,193,315,147,72,12,134,6,32,0,0,1,8,1,0,2,0,1,0,4,12,9,1,6,2,6,4,4,4,0,0,10,3,11,12,1,6,0,3,0,8,16,16,0,17,0,40,6,23,7,9,10,0,16,7,0,0,33,1,0,23,19,6,5,28,7,5,10,32,0,6,1,34,2,2,2,1,5,39,5,0,1,49,10,10,1,25,59,85,10,10,35,65,38,5,5,65,28,36,16,19,14,14,2,6,2,3,4,2,17,3,6,1,0,1,0,14,2,0,2,5,13,0,5,3,1,9,1,8,1,10,0,0,0,1967,10
formatter,9b9872ed7ccb5fbaf65ce34a6d1ea4678276d046,0,3233562.5,109193898.66666667,7,2,3,62,28,13,51,50,193,315,147,72,12,134,6,32,0,0,1,8,1,0,2,0,1,0,4,12,9,1,6,2,6,4,4,4,0,0,10,3,11,12,1,6,0,3,0,8,16,16,0,17,0,40,6,23,7,9,10,0,16,7,0,0,33,1,0,23,19,6,5,28,7,5,10,32,0,6,1,34,2,2,2,1,5,39,5,0,1,49,10,10,1,25,59,85,10,10,35,65,38,5,5,65,28,36,16,19,14,14,2,6,2,3,4,2,17,3,6,1,0,1,0,14,2,0,2,5,13,0,5,3,1,9,1,8,1,10,0,0,0,1967,10
pgsql,4335b13078191c82fb9937af4e268ad5da862863,0,nan,nan,5,0,0,43,19,9,40,36,96,307,143,67,18,120,4,29,0,0,0,5,0,1,2,0,0,0,2,16,5,0,0,0,5,3,3,2,1,0,13,2,13,11,1,6,0,4,0,10,15,15,0,19,0,112,10,27,9,6,9,0,15,9,0,0,40,0,0,27,21,14,4,32,7,4,12,37,1,4,2,40,4,4,4,2,8,48,8,0,3,55,7,7,8,23,60,93,5,5,22,73,40,5,5,73,34,46,18,16,31,31,2,6,1,6,5,3,19,0,3,1,0,1,1,32,2,1,1,14,24,20,8,0,0,5,7,11,1,13,0,0,0,2066,8
cst,4335b13078191c82fb9937af4e268ad5da862863,0,1999218.75,129916928.0,5,0,0,43,19,9,40,36,96,307,143,67,18,120,4,29,0,0,0,5,0,1,2,0,0,0,2,16,5,0,0,0,5,3,3,2,1,0,13,2,13,11,1,6,0,4,0,10,15,15,0,19,0,112,10,27,9,6,9,0,15,9,0,0,40,0,0,27,21,14,4,32,7,4,12,37,1,4,2,40,4,4,4,2,8,48,8,0,3,55,7,7,8,23,60,93,5,5,22,73,40,5,5,73,34,46,18,16,31,31,2,6,1,6,5,3,19,0,3,1,0,1,1,32,2,1,1,14,24,20,8,0,0,5,7,11,1,13,0,0,0,2066,8
formatter,4335b13078191c82fb9937af4e268ad5da862863,0,3386895.9,116247756.8,5,0,0,43,19,9,40,36,96,307,143,67,18,120,4,29,0,0,0,5,0,1,2,0,0,0,2,16,5,0,0,0,5,3,3,2,1,0,13,2,13,11,1,6,0,4,0,10,15,15,0,19,0,112,10,27,9,6,9,0,15,9,0,0,40,0,0,27,21,14,4,32,7,4,12,37,1,4,2,40,4,4,4,2,8,48,8,0,3,55,7,7,8,23,60,93,5,5,22,73,40,5,5,73,34,46,18,16,31,31,2,6,1,6,5,3,19,0,3,1,0,1,1,32,2,1,1,14,24,20,8,0,0,5,7,11,1,13,0,0,0,2066,8
pgsql,eb04d7a81b48050e8478f16ee755cbbbbd2360fc,0,nan,nan,8,1,2,66,26,15,79,52,196,310,139,79,15,149,7,17,0,0,1,9,1,0,2,0,0,0,2,10,5,1,6,2,7,3,3,6,0,0,3,2,11,11,2,4,0,1,0,18,27,27,0,13,0,31,2,20,13,14,14,2,27,13,0,0,25,1,0,20,13,6,3,23,5,3,8,28,0,4,2,33,5,5,5,3,6,39,6,0,4,50,11,11,6,17,54,81,4,4,21,63,41,3,3,63,28,34,13,22,10,10,2,4,3,4,3,2,17,1,8,1,0,3,1,11,2,0,1,5,10,7,5,0,0,12,0,12,1,4,3,0,0,1905,7
cst,eb04d7a81b48050e8478f16ee755cbbbbd2360fc,0,5104847.166666667,161393322.66666666,8,1,2,66,26,15,79,52,196,310,139,79,15,149,7,17,0,0,1,9,1,0,2,0,0,0,2,10,5,1,6,2,7,3,3,6,0,0,3,2,11,11,2,4,0,1,0,18,27,27,0,13,0,31,2,20,13,14,14,2,27,13,0,0,25,1,0,20,13,6,3,23,5,3,8,28,0,4,2,33,5,5,5,3,6,39,6,0,4,50,11,11,6,17,54,81,4,4,21,63,41,3,3,63,28,34,13,22,10,10,2,4,3,4,3,2,17,1,8,1,0,3,1,11,2,0,1,5,10,7,5,0,0,12,0,12,1,4,3,0,0,1905,7
formatter,eb04d7a81b48050e8478f16ee755cbbbbd2360fc,0,3099321.0,95384371.2,8,1,2,66,26,15,79,52,196,310,139,79,15,149,7,17,0,0,1,9,1,0,2,0,0,0,2,10,5,1,6,2,7,3,3,6,0,0,3,2,11,11,2,4,0,1,0,18,27,27,0,13,0,31,2,20,13,14,14,2,27,13,0,0,25,1,0,20,13,6,3,23,5,3,8,28,0,4,2,33,5,5,5,3,6,39,6,0,4,50,11,11,6,17,54,81,4,4,21,63,41,3,3,63,28,34,13,22,10,10,2,4,3,4,3,2,17,1,8,1,0,3,1,11,2,0,1,5,10,7,5,0,0,12,0,12,1,4,3,0,0,1905,7
pgsql,4b81d1205a08b6543b7131236b0e264190d6373d,0,nan,nan,7,1,3,73,38,16,65,58,174,318,135,68,14,164,6,22,0,0,2,11,2,0,1,0,1,0,5,14,6,2,4,4,10,4,4,7,0,0,1,2,11,17,1,7,0,2,0,22,33,33,0,17,0,6,1,21,15,18,16,3,33,15,0,0,28,0,0,21,13,9,5,22,4,5,10,28,2,2,5,31,5,5,6,6,3,34,3,0,7,40,6,6,8,18,45,76,5,5,23,56,39,3,3,56,24,36,12,19,7,7,0,4,4,7,4,2,14,1,3,0,1,2,1,8,0,0,0,2,7,12,8,1,1,15,0,5,0,2,2,0,0,1926,9
cst,4b81d1205a08b6543b7131236b0e264190d6373d,0,nan,nan,7,1,3,73,38,16,65,58,174,318,135,68,14,164,6,22,0,0,2,11,2,0,1,0,1,0,5,14,6,2,4,4,10,4,4,7,0,0,1,2,11,17,1,7,0,2,0,22,33,33,0,17,0,6,1,21,15,18,16,3,33,15,0,0,28,0,0,21,13,9,5,22,4,5,10,28,2,2,5,31,5,5,6,6,3,34,3,0,7,40,6,6,8,18,45,76,5,5,23,56,39,3,3,56,24,36,12,19,7,7,0,4,4,7,4,2,14,1,3,0,1,2,1,8,0,0,0,2,7,12,8,1,1,15,0,5,0,2,2,0,0,1926,9
formatter,4b81d1205a08b6543b7131236b0e264190d6373d,0,3301559.0,99333461.33333333,7,1,3,73,38,16,65,58,174,318,135,68,14,164,6,22,0,0,2,11,2,0,1,0,1,0,5,14,6,2,4,4,10,4,4,7,0,0,1,2,11,17,1,7,0,2,0,22,33,33,0,17,0,6,1,21,15,18,16,3,33,15,0,0,28,0,0,21,13,9,5,22,4,5,10,28,2,2,5,31,5,5,6,6,3,34,3,0,7,40,6,6,8,18,45,76,5,5,23,56,39,3,3,56,24,36,12,19,7,7,0,4,4,7,4,2,14,1,3,0,1,2,1,8,0,0,0,2,7,12,8,1,1,15,0,5,0,2,2,0,0,1926,9
pgsql,458be2fa43fa264c4185b5439d1f60fedf7c643f,0,nan,nan,5,0,0,65,29,14,67,52,159,310,149,74,11,144,4,32,0,0,0,5,0,0,1,0,0,0,2,21,9,1,1,0,4,3,3,2,0,0,1,1,14,7,2,3,0,5,0,25,30,31,1,20,0,3,0,24,11,20,13,3,31,11,1,1,34,0,0,24,16,15,4,28,7,4,16,32,2,2,2,39,8,8,8,2,10,49,10,0,3,59,10,10,4,22,63,88,4,4,22,73,40,6,6,73,29,37,15,33,8,8,1,2,2,7,5,1,19,2,9,1,1,4,0,8,1,0,1,2,1,3,12,7,1,13,0,11,1,1,1,0,0,1845,6
cst,458be2fa43fa264c4185b5439d1f60fedf7c643f,0,nan,nan,5,0,0,65,29,14,67,52,159,310,149,74,11,144,4,32,0,0,0,5,0,0,1,0,0,0,2,21,9,1,1,0,4,3,3,2,0,0,1,1,14,7,2,3,0,5,0,25,30,31,1,20,0,3,0,24,11,20,13,3,31,11,1,1,34,0,0,24,16,15,4,28,7,4,16,32,2,2,2,39,8,8,8,2,10,49,10,0,3,59,10,10,4,22,63,88,4,4,22,73,40,6,6,73,29,37,15,33,8,8,1,2,2,7,5,1,19,2,9,1,1,4,0,8,1,0,1,2,1,3,12,7,1,13,0,11,1,1,1,0,0,1845,6
formatter,458be2fa43fa264c4185b5439d1f60fedf7c643f,0,3223266.7,99916185.6,5,0,0,65,29,14,67,52,159,310,149,74,11,144,4,32,0,0,0,5,0,0,1,0,0,0,2,21,9,1,1,0,4,3,3,2,0,0,1,1,14,7,2,3,0,5,0,25,30,31,1,20,0,3,0,24,11,20,13,3,31,11,1,1,34,0,0,24,16,15,4,28,7,4,16,32,2,2,2,39,8,8,8,2,10,49,10,0,3,59,10,10,4,22,63,88,4,4,22,73,40,6,6,73,29,37,15,33,8,8,1,2,2,7,5,1,19,2,9,1,1,4,0,8,1,0,1,2,1,3,12,7,1,13,0,11,1,1,1,0,0,1845,6
pgsql,a429d45d4b9d392582a497c3fc2da097fbf28fa4,0,nan,nan,6,1,2,89,27,17,77,72,268,266,114,59,13,182,5,24,0,0,1,7,1,0,0,0,2,0,3,13,3,1,6,2,3,5,5,2,0,0,1,2,10,7,1,4,0,4,0,35,42,42,0,17,0,9,0,22,19,23,20,6,42,19,0,0,28,1,0,22,12,11,1,23,2,1,7,25,2,1,1,29,4,4,4,1,2,31,2,0,1,34,3,3,1,19,38,53,4,4,19,45,26,6,6,45,23,19,20,14,8,8,0,3,1,3,3,2,22,1,2,0,0,2,0,8,0,0,0,2,7,8,2,0,0,8,0,14,0,3,2,0,0,1878,7
cst,a429d45d4b9d392582a497c3fc2da097fbf28fa4,0,4069513.8333333335,151131477.33333334,6,1,2,89,27,17,77,72,268,266,114,59,13,182,5,24,0,0,1,7,1,0,0,0,2,0,3,13,3,1,6,2,3,5,5,2,0,0,1,2,10,7,1,4,0,4,0,35,42,42,0,17,0,9,0,22,19,23,20,6,42,19,0,0,28,1,0,22,12,11,1,23,2,1,7,25,2,1,1,29,4,4,4,1,2,31,2,0,1,34,3,3,1,19,38,53,4,4,19,45,26,6,6,45,23,19,20,14,8,8,0,3,1,3,3,2,22,1,2,0,0,2,0,8,0,0,0,2,7,8,2,0,0,8,0,14,0,3,2,0,0,1878,7
formatter,a429d45d4b9d392582a497c3fc2da097fbf28fa4,0,2992076.8333333335,95584256.0,6,1,2,89,27,17,77,72,268,266,114,59,13,182,5,24,0,0,1,7,1,0,0,0,2,0,3,13,3,1,6,2,3,5,5,2,0,0,1,2,10,7,1,4,0,4,0,35,42,42,0,17,0,9,0,22,19,23,20,6,42,19,0,0,28,1,0,22,12,11,1,23,2,1,7,25,2,1,1,29,4,4,4,1,2,31,2,0,1,34,3,3,1,19,38,53,4,4,19,45,26,6,6,45,23,19,20,14,8,8,0,3,1,3,3,2,22,1,2,0,0,2,0,8,0,0,0,2,7,8,2,0,0,8,0,14,0,3,2,0,0,1878,7
pgsql,34477960b520dd86e8b2da1c7defdb4f156d3bf6,0,nan,nan,7,4,6,97,38,20,91,77,269,295,139,77,12,275,6,20,0,0,2,10,2,0,0,0,1,0,3,10,2,3,16,4,9,6,6,4,0,0,3,1,3,16,1,7,0,0,0,50,60,60,0,4,0,9,2,6,31,29,31,7,60,31,0,0,8,0,0,6,4,3,0,9,3,0,5,12,0,3,0,12,0,0,0,0,2,14,2,0,0,16,2,2,0,10,16,20,0,0,6,18,9,2,2,18,7,11,3,5,8,8,1,1,0,1,0,1,4,0,1,0,0,2,0,8,1,0,0,2,1,0,0,2,1,0,0,3,0,4,0,0,0,1952,9
cst,34477960b520dd86e8b2da1c7defdb4f156d3bf6,0,2265890.375,131129344.0,7,4,6,97,38,20,91,77,269,295,139,77,12,275,6,20,0,0,2,10,2,0,0,0,1,0,3,10,2,3,16,4,9,6,6,4,0,0,3,1,3,16,1,7,0,0,0,50,60,60,0,4,0,9,2,6,31,29,31,7,60,31,0,0,8,0,0,6,4,3,0,9,3,0,5,12,0,3,0,12,0,0,0,0,2,14,2,0,0,16,2,2,0,10,16,20,0,0,6,18,9,2,2,18,7,11,3,5,8,8,1,1,0,1,0,1,4,0,1,0,0,2,0,8,1,0,0,2,1,0,0,2,1,0,0,3,0,4,0,0,0,1952,9
formatter,34477960b520dd86e8b2da1c7defdb4f156d3bf6,0,3398778.1666666665,115681962.66666667,7,4,6,97,38,20,91,77,269,295,139,77,12,275,6,20,0,0,2,10,2,0,0,0,1,0,3,10,2,3,16,4,9,6,6,4,0,0,3,1,3,16,1,7,0,0,0,50,60,60,0,4,0,9,2,6,31,29,31,7,60,31,0,0,8,0,0,6,4,3,0,9,3,0,5,12,0,3,0,12,0,0,0,0,2,14,2,0,0,16,2,2,0,10,16,20,0,0,6,18,9,2,2,18,7,11,3,5,8,8,1,1,0,1,0,1,4,0,1,0,0,2,0,8,1,0,0,2,1,0,0,2,1,0,0,3,0,4,0,0,0,1952,9
pgsql,4d2f9ac7cef41ed3b386918666825663c55815b4,0,nan,nan,2,1,2,94,45,24,93,70,240,286,154,72,17,193,1,24,0,0,1,4,1,0,1,0,0,0,0,8,5,2,8,2,3,2,2,2,0,0,2,1,9,4,0,1,0,3,0,44,48,49,1,14,0,11,1,18,18,31,18,9,49,18,0,0,24,0,0,18,12,8,2,21,4,2,7,25,0,2,2,27,3,3,3,3,3,30,3,0,3,35,5,5,3,13,35,52,0,0,18,43,24,5,5,43,18,24,11,10,6,6,0,3,3,9,2,1,12,0,4,1,0,1,0,6,0,0,0,1,6,10,0,14,6,6,0,7,1,2,1,0,0,1907,6
cst,4d2f9ac7cef41ed3b386918666825663c55815b4,0,nan,nan,2,1,2,94,45,24,93,70,240,286,154,72,17,193,1,24,0,0,1,4,1,0,1,0,0,0,0,8,5,2,8,2,3,2,2,2,0,0,2,1,9,4,0,1,0,3,0,44,48,49,1,14,0,11,1,18,18,31,18,9,49,18,0,0,24,0,0,18,12,8,2,21,4,2,7,25,0,2,2,27,3,3,3,3,3,30,3,0,3,35,5,5,3,13,35,52,0,0,18,43,24,5,5,43,18,24,11,10,6,6,0,3,3,9,2,1,12,0,4,1,0,1,0,6,0,0,0,1,6,10,0,14,6,6,0,7,1,2,1,0,0,1907,6
formatter,4d2f9ac7cef41ed3b386918666825663c55815b4,0,3069250.0,95801344.0,2,1,2,94,45,24,93,70,240,286,154,72,17,193,1,24,0,0,1,4,1,0,1,0,0,0,0,8,5,2,8,2,3,2,2,2,0,0,2,1,9,4,0,1,0,3,0,44,48,49,1,14,0,11,1,18,18,31,18,9,49,18,0,0,24,0,0,18,12,8,2,21,4,2,7,25,0,2,2,27,3,3,3,3,3,30,3,0,3,35,5,5,3,13,35,52,0,0,18,43,24,5,5,43,18,24,11,10,6,6,0,3,3,9,2,1,12,0,4,1,0,1,0,6,0,0,0,1,6,10,0,14,6,6,0,7,1,2,1,0,0,1907,6
pgsql,cb90a86d26582fc1ae725553cbf9b4f65be16bed,0,4403847.333333333,91952469.33333333,5,2,3,109,44,19,89,90,235,271,122,63,14,289,4,18,0,0,1,7,1,0,2,0,0,0,3,7,0,2,5,2,4,3,3,4,0,0,2,2,2,6,0,2,0,2,0,77,84,86,2,3,0,9,1,3,38,48,37,17,85,37,1,1,4,1,1,3,1,0,1,4,1,1,2,5,0,2,0,5,0,0,0,0,0,5,0,0,0,5,0,0,0,1,5,5,0,0,3,6,0,1,1,6,1,3,1,3,1,1,0,0,0,1,0,0,1,0,0,0,0,2,0,1,0,0,0,0,0,0,0,2,1,0,0,0,0,1,0,0,0,1882,8
cst,cb90a86d26582fc1ae725553cbf9b4f65be16bed,0,2612798.75,135432874.66666666,5,2,3,109,44,19,89,90,235,271,122,63,14,289,4,18,0,0,1,7,1,0,2,0,0,0,3,7,0,2,5,2,4,3,3,4,0,0,2,2,2,6,0,2,0,2,0,77,84,86,2,3,0,9,1,3,38,48,37,17,85,37,1,1,4,1,1,3,1,0,1,4,1,1,2,5,0,2,0,5,0,0,0,0,0,5,0,0,0,5,0,0,0,1,5,5,0,0,3,6,0,1,1,6,1,3,1,3,1,1,0,0,0,1,0,0,1,0,0,0,0,2,0,1,0,0,0,0,0,0,0,2,1,0,0,0,0,1,0,0,0,1882,8
formatter,cb90a86d26582fc1ae725553cbf9b4f65be16bed,0,3046590.1666666665,95201962.66666667,5,2,3,109,44,19,89,90,235,271,122,63,14,289,4,18,0,0,1,7,1,0,2,0,0,0,3,7,0,2,5,2,4,3,3,4,0,0,2,2,2,6,0,2,0,2,0,77,84,86,2,3,0,9,1,3,38,48,37,17,85,37,1,1,4,1,1,3,1,0,1,4,1,1,2,5,0,2,0,5,0,0,0,0,0,5,0,0,0,5,0,0,0,1,5,5,0,0,3,6,0,1,1,6,1,3,1,3,1,1,0,0,0,1,0,0,1,0,0,0,0,2,0,1,0,0,0,0,0,0,0,2,1,0,0,0,0,1,0,0,0,1882,8
pgsql,a54934d5cfdb0b840cc404efbe46f3551da1c9b6,0,3672406.375,91779072.0,4,0,3,107,52,26,122,81,280,258,129,63,13,300,3,23,0,0,3,7,3,0,1,0,0,0,2,16,4,3,9,6,4,6,6,1,0,0,1,1,3,6,1,2,0,2,0,77,84,84,0,3,0,1,0,4,36,48,36,9,84,36,0,0,4,1,0,4,2,2,0,4,0,0,2,5,0,1,0,6,1,1,1,0,0,6,0,0,0,8,2,2,0,5,9,14,1,1,4,9,6,0,0,9,4,5,1,5,0,0,0,2,0,0,1,0,1,0,1,0,1,1,0,0,0,0,0,0,7,0,0,0,0,2,0,1,0,0,0,0,0,1977,7
cst,a54934d5cfdb0b840cc404efbe46f3551da1c9b6,0,2437697.75,131358720.0,4,0,3,107,52,26,122,81,280,258,129,63,13,300,3,23,0,0,3,7,3,0,1,0,0,0,2,16,4,3,9,6,4,6,6,1,0,0,1,1,3,6,1,2,0,2,0,77,84,84,0,3,0,1,0,4,36,48,36,9,84,36,0,0,4,1,0,4,2,2,0,4,0,0,2,5,0,1,0,6,1,1,1,0,0,6,0,0,0,8,2,2,0,5,9,14,1,1,4,9,6,0,0,9,4,5,1,5,0,0,0,2,0,0,1,0,1,0,1,0,1,1,0,0,0,0,0,0,7,0,0,0,0,2,0,1,0,0,0,0,0,1977,7
formatter,a54934d5cfdb0b840cc404efbe46f3551da1c9b6,0,3123395.875,95072256.0,4,0,3,107,52,26,122,81,280,258,129,63,13,300,3,23,0,0,3,7,3,0,1,0,0,0,2,16,4,3,9,6,4,6,6,1,0,0,1,1,3,6,1,2,0,2,0,77,84,84,0,3,0,1,0,4,36,48,36,9,84,36,0,0,4,1,0,4,2,2,0,4,0,0,2,5,0,1,0,6,1,1,1,0,0,6,0,0,0,8,2,2,0,5,9,14,1,1,4,9,6,0,0,9,4,5,1,5,0,0,0,2,0,0,1,0,1,0,1,0,1,1,0,0,0,0,0,0,7,0,0,0,0,2,0,1,0,0,0,0,0,1977,7
pgsql,0a63341b1da040f115c765c791046d54f045e928,0,nan,nan,11,1,3,57,28,13,46,46,204,288,134,69,10,146,10,26,0,0,2,14,3,0,1,0,0,0,7,17,7,2,14,5,11,6,6,8,0,0,6,1,18,14,1,3,0,7,0,0,0,0,0,20,0,57,3,25,0,0,0,0,0,0,0,0,36,0,0,25,19,10,9,26,6,9,14,30,4,4,2,32,4,4,4,2,7,39,7,0,3,50,11,11,3,25,55,76,5,5,28,63,34,5,5,63,32,29,17,28,21,21,1,2,1,6,1,4,20,0,7,0,0,6,0,21,0,1,0,10,5,3,10,9,2,4,4,7,0,7,1,0,0,1946,13
cst,0a63341b1da040f115c765c791046d54f045e928,0,nan,nan,11,1,3,57,28,13,46,46,204,288,134,69,10,146,10,26,0,0,2,14,3,0,1,0,0,0,7,17,7,2,14,5,11,6,6,8,0,0,6,1,18,14,1,3,0,7,0,0,0,0,0,20,0,57,3,25,0,0,0,0,0,0,0,0,36,0,0,25,19,10,9,26,6,9,14,30,4,4,2,32,4,4,4,2,7,39,7,0,3,50,11,11,3,25,55,76,5,5,28,63,34,5,5,63,32,29,17,28,21,21,1,2,1,6,1,4,20,0,7,0,0,6,0,21,0,1,0,10,5,3,10,9,2,4,4,7,0,7,1,0,0,1946,13
formatter,0a63341b1da040f115c765c791046d54f045e928,0,3177756.8333333335,97441109.33333333,11,1,3,57,28,13,46,46,204,288,134,69,10,146,10,26,0,0,2,14,3,0,1,0,0,0,7,17,7,2,14,5,11,6,6,8,0,0,6,1,18,14,1,3,0,7,0,0,0,0,0,20,0,57,3,25,0,0,0,0,0,0,0,0,36,0,0,25,19,10,9,26,6,9,14,30,4,4,2,32,4,4,4,2,7,39,7,0,3,50,11,11,3,25,55,76,5,5,28,63,34,5,5,63,32,29,17,28,21,21,1,2,1,6,1,4,20,0,7,0,0,6,0,21,0,1,0,10,5,3,10,9,2,4,4,7,0,7,1,0,0,1946,13
pgsql,f3293dbe81684472852abdd9565e5d45ac7c357b,0,nan,nan,10,0,3,50,24,12,56,41,189,290,128,60,10,139,9,23,0,0,3,15,5,0,0,0,1,0,2,12,9,3,16,8,8,9,9,6,0,0,5,1,11,14,1,6,1,2,0,1,2,5,0,14,0,106,4,18,2,0,2,0,2,2,0,0,21,0,0,18,10,10,5,21,5,5,9,24,2,4,1,28,5,5,5,1,8,36,8,2,1,48,12,12,1,27,55,81,7,7,24,62,36,6,6,62,24,41,13,22,12,12,7,2,4,7,6,3,19,0,2,0,1,2,0,12,6,1,2,18,10,14,4,9,2,15,7,12,0,6,3,0,0,1878,15
cst,f3293dbe81684472852abdd9565e5d45ac7c357b,0,nan,nan,10,0,3,50,24,12,56,41,189,290,128,60,10,139,9,23,0,0,3,15,5,0,0,0,1,0,2,12,9,3,16,8,8,9,9,6,0,0,5,1,11,14,1,6,1,2,0,1,2,5,0,14,0,106,4,18,2,0,2,0,2,2,0,0,21,0,0,18,10,10,5,21,5,5,9,24,2,4,1,28,5,5,5,1,8,36,8,2,1,48,12,12,1,27,55,81,7,7,24,62,36,6,6,62,24,41,13,22,12,12,7,2,4,7,6,3,19,0,2,0,1,2,0,12,6,1,2,18,10,14,4,9,2,15,7,12,0,6,3,0,0,1878,15
formatter,f3293dbe81684472852abdd9565e5d45ac7c357b,0,2951516.6,95692390.4,10,0,3,50,24,12,56,41,189,290,128,60,10,139,9,23,0,0,3,15,5,0,0,0,1,0,2,12,9,3,16,8,8,9,9,6,0,0,5,1,11,14,1,6,1,2,0,1,2,5,0,14,0,106,4,18,2,0,2,0,2,2,0,0,21,0,0,18,10,10,5,21,5,5,9,24,2,4,1,28,5,5,5,1,8,36,8,2,1,48,12,12,1,27,55,81,7,7,24,62,36,6,6,62,24,41,13,22,12,12,7,2,4,7,6,3,19,0,2,0,1,2,0,12,6,1,2,18,10,14,4,9,2,15,7,12,0,6,3,0,0,1878,15
pgsql,ce820c74c0fa5a3f6f425d5a95c6dc376421d650,0,nan,nan,10,1,4,64,30,12,84,52,203,287,145,75,15,127,9,19,0,0,3,15,6,0,0,0,0,0,1,10,3,3,13,9,11,9,9,6,0,0,4,0,14,18,2,7,1,3,0,0,0,0,0,17,0,59,1,23,0,0,1,0,0,0,0,0,33,0,0,23,17,8,6,25,7,6,11,29,1,3,1,33,5,5,5,1,7,40,7,1,1,46,6,6,1,21,57,78,11,11,29,63,36,5,5,63,25,36,20,20,16,16,4,7,1,3,1,3,22,1,1,0,0,2,1,17,4,1,2,12,31,0,6,8,2,2,3,8,0,5,1,0,0,1854,13
cst,ce820c74c0fa5a3f6f425d5a95c6dc376421d650,0,nan,nan,10,1,4,64,30,12,84,52,203,287,145,75,15,127,9,19,0,0,3,15,6,0,0,0,0,0,1,10,3,3,13,9,11,9,9,6,0,0,4,0,14,18,2,7,1,3,0,0,0,0,0,17,0,59,1,23,0,0,1,0,0,0,0,0,33,0,0,23,17,8,6,25,7,6,11,29,1,3,1,33,5,5,5,1,7,40,7,1,1,46,6,6,1,21,57,78,11,11,29,63,36,5,5,63,25,36,20,20,16,16,4,7,1,3,1,3,22,1,1,0,0,2,1,17,4,1,2,12,31,0,6,8,2,2,3,8,0,5,1,0,0,1854,13
formatter,ce820c74c0fa5a3f6f425d5a95c6dc376421d650,0,nan,nan,10,1,4,64,30,12,84,52,203,287,145,75,15,127,9,19,0,0,3,15,6,0,0,0,0,0,1,10,3,3,13,9,11,9,9,6,0,0,4,0,14,18,2,7,1,3,0,0,0,0,0,17,0,59,1,23,0,0,1,0,0,0,0,0,33,0,0,23,17,8,6,25,7,6,11,29,1,3,1,33,5,5,5,1,7,40,7,1,1,46,6,6,1,21,57,78,11,11,29,63,36,5,5,63,25,36,20,20,16,16,4,7,1,3,1,3,22,1,1,0,0,2,1,17,4,1,2,12,31,0,6,8,2,2,3,8,0,5,1,0,0,1854,13
pgsql,339650de14c836e7e2e7c1df774aa8709f6f77b5,0,nan,nan,14,10,11,74,38,19,94,55,169,364,160,78,17,108,13,31,0,0,1,16,1,0,6,0,0,0,8,15,6,1,2,2,13,7,7,9,0,0,7,6,10,19,1,6,0,0,0,0,16,32,16,13,0,23,3,16,13,19,13,5,32,13,0,0,21,0,0,16,9,9,3,18,3,3,9,19,1,3,0,22,3,3,3,0,4,26,4,0,0,33,7,7,0,15,37,58,4,4,16,37,29,0,0,37,13,27,6,8,9,9,1,5,2,6,3,1,8,0,1,1,0,1,0,9,0,1,0,3,10,4,6,11,2,11,0,4,1,3,1,0,0,2273,13
cst,339650de14c836e7e2e7c1df774aa8709f6f77b5,0,2999036.5,132243456.0,14,10,11,74,38,19,94,55,169,364,160,78,17,108,13,31,0,0,1,16,1,0,6,0,0,0,8,15,6,1,2,2,13,7,7,9,0,0,7,6,10,19,1,6,0,0,0,0,16,32,16,13,0,23,3,16,13,19,13,5,32,13,0,0,21,0,0,16,9,9,3,18,3,3,9,19,1,3,0,22,3,3,3,0,4,26,4,0,0,33,7,7,0,15,37,58,4,4,16,37,29,0,0,37,13,27,6,8,9,9,1,5,2,6,3,1,8,0,1,1,0,1,0,9,0,1,0,3,10,4,6,11,2,11,0,4,1,3,1,0,0,2273,13
formatter,339650de14c836e7e2e7c1df774aa8709f6f77b5,0,3344902.8333333335,116375552.0,14,10,11,74,38,19,94,55,169,364,160,78,17,108,13,31,0,0,1,16,1,0,6,0,0,0,8,15,6,1,2,2,13,7,7,9,0,0,7,6,10,19,1,6,0,0,0,0,16,32,16,13,0,23,3,16,13,19,13,5,32,13,0,0,21,0,0,16,9,9,3,18,3,3,9,19,1,3,0,22,3,3,3,0,4,26,4,0,0,33,7,7,0,15,37,58,4,4,16,37,29,0,0,37,13,27,6,8,9,9,1,5,2,6,3,1,8,0,1,1,0,1,0,9,0,1,0,3,10,4,6,11,2,11,0,4,1,3,1,0,0,2273,13
pgsql,c7dac434728f15550fa7654e97f71db750a26aff,0,nan,nan,9,3,4,63,28,18,96,47,158,342,149,80,17,123,8,20,0,0,1,11,1,0,2,0,0,0,3,8,3,2,8,2,9,4,4,7,0,0,5,2,13,12,2,3,0,3,0,0,11,22,11,14,0,47,3,20,12,10,12,2,22,12,1,1,25,0,1,20,13,8,4,25,8,4,11,31,1,3,4,35,4,4,4,4,3,38,3,1,4,43,5,5,4,19,50,70,7,7,23,61,27,7,7,61,23,37,11,20,9,9,5,2,2,2,3,0,14,0,8,1,0,0,1,10,4,2,1,7,7,6,0,9,1,11,0,7,1,4,1,0,0,2125,12
cst,c7dac434728f15550fa7654e97f71db750a26aff,0,nan,nan,9,3,4,63,28,18,96,47,158,342,149,80,17,123,8,20,0,0,1,11,1,0,2,0,0,0,3,8,3,2,8,2,9,4,4,7,0,0,5,2,13,12,2,3,0,3,0,0,11,22,11,14,0,47,3,20,12,10,12,2,22,12,1,1,25,0,1,20,13,8,4,25,8,4,11,31,1,3,4,35,4,4,4,4,3,38,3,1,4,43,5,5,4,19,50,70,7,7,23,61,27,7,7,61,23,37,11,20,9,9,5,2,2,2,3,0,14,0,8,1,0,0,1,10,4,2,1,7,7,6,0,9,1,11,0,7,1,4,1,0,0,2125,12
formatter,c7dac434728f15550fa7654e97f71db750a26aff,0,3131338.625,97550336.0,9,3,4,63,28,18,96,47,158,342,149,80,17,123,8,20,0,0,1,11,1,0,2,0,0,0,3,8,3,2,8,2,9,4,4,7,0,0,5,2,13,12,2,3,0,3,0,0,11,22,11,14,0,47,3,20,12,10,12,2,22,12,1,1,25,0,1,20,13,8,4,25,8,4,11,31,1,3,4,35,4,4,4,4,3,38,3,1,4,43,5,5,4,19,50,70,7,7,23,61,27,7,7,61,23,37,11,20,9,9,5,2,2,2,3,0,14,0,8,1,0,0,1,10,4,2,1,7,7,6,0,9,1,11,0,7,1,4,1,0,0,2125,12
pgsql,7a0e5ff1a9d11a5f7e184cab9971726cb5c11658,0,nan,nan,11,1,3,77,40,21,85,56,229,332,164,75,14,120,10,23,0,0,2,12,2,0,4,0,0,1,2,16,8,4,8,4,7,7,7,5,0,0,5,4,8,9,0,2,0,4,0,0,12,26,13,13,0,18,2,15,14,11,12,5,23,12,1,1,15,0,1,15,7,9,2,18,4,2,11,20,2,2,1,25,5,5,5,1,6,31,6,0,1,35,4,4,2,18,40,58,5,5,22,48,27,6,6,48,18,28,15,13,8,8,2,2,1,4,2,1,18,0,2,0,0,2,0,8,2,0,0,3,9,13,0,12,2,2,0,11,0,2,3,0,0,2134,12
cst,7a0e5ff1a9d11a5f7e184cab9971726cb5c11658,0,7576264.0,188983978.66666666,11,1,3,77,40,21,85,56,229,332,164,75,14,120,10,23,0,0,2,12,2,0,4,0,0,1,2,16,8,4,8,4,7,7,7,5,0,0,5,4,8,9,0,2,0,4,0,0,12,26,13,13,0,18,2,15,14,11,12,5,23,12,1,1,15,0,1,15,7,9,2,18,4,2,11,20,2,2,1,25,5,5,5,1,6,31,6,0,1,35,4,4,2,18,40,58,5,5,22,48,27,6,6,48,18,28,15,13,8,8,2,2,1,4,2,1,18,0,2,0,0,2,0,8,2,0,0,3,9,13,0,12,2,2,0,11,0,2,3,0,0,2134,12
formatter,7a0e5ff1a9d11a5f7e184cab9971726cb5c11658,0,3076215.3333333335,95840938.66666667,11,1,3,77,40,21,85,56,229,332,164,75,14,120,10,23,0,0,2,12,2,0,4,0,0,1,2,16,8,4,8,4,7,7,7,5,0,0,5,4,8,9,0,2,0,4,0,0,12,26,13,13,0,18,2,15,14,11,12,5,23,12,1,1,15,0,1,15,7,9,2,18,4,2,11,20,2,2,1,25,5,5,5,1,6,31,6,0,1,35,4,4,2,18,40,58,5,5,22,48,27,6,6,48,18,28,15,13,8,8,2,2,1,4,2,1,18,0,2,0,0,2,0,8,2,0,0,3,9,13,0,12,2,2,0,11,0,2,3,0,0,2134,12
pgsql,f0d3a39218a77911964099f215337bb0a404ce23,0,nan,nan,7,1,3,74,37,22,110,58,227,326,147,74,17,136,6,14,0,0,2,11,2,0,1,0,0,0,2,5,1,3,11,4,6,8,8,3,0,0,3,1,5,12,2,6,0,1,0,0,11,33,22,7,0,48,1,9,17,16,16,5,32,16,1,1,13,0,1,9,5,6,1,10,2,1,6,13,1,2,1,14,1,1,1,1,2,16,2,0,1,23,7,7,1,7,33,42,10,10,20,42,12,8,8,42,20,27,9,11,14,14,0,3,2,6,4,1,10,0,2,0,1,0,0,14,0,0,0,7,13,10,11,4,2,18,6,5,0,20,0,0,0,2240,9
cst,f0d3a39218a77911964099f215337bb0a404ce23,0,1956837.4,130737766.4,7,1,3,74,37,22,110,58,227,326,147,74,17,136,6,14,0,0,2,11,2,0,1,0,0,0,2,5,1,3,11,4,6,8,8,3,0,0,3,1,5,12,2,6,0,1,0,0,11,33,22,7,0,48,1,9,17,16,16,5,32,16,1,1,13,0,1,9,5,6,1,10,2,1,6,13,1,2,1,14,1,1,1,1,2,16,2,0,1,23,7,7,1,7,33,42,10,10,20,42,12,8,8,42,20,27,9,11,14,14,0,3,2,6,4,1,10,0,2,0,1,0,0,14,0,0,0,7,13,10,11,4,2,18,6,5,0,20,0,0,0,2240,9
formatter,f0d3a39218a77911964099f215337bb0a404ce23,0,3323125.3333333335,115550890.66666667,7,1,3,74,37,22,110,58,227,326,147,74,17,136,6,14,0,0,2,11,2,0,1,0,0,0,2,5,1,3,11,4,6,8,8,3,0,0,3,1,5,12,2,6,0,1,0,0,11,33,22,7,0,48,1,9,17,16,16,5,32,16,1,1,13,0,1,9,5,6,1,10,2,1,6,13,1,2,1,14,1,1,1,1,2,16,2,0,1,23,7,7,1,7,33,42,10,10,20,42,12,8,8,42,20,27,9,11,14,14,0,3,2,6,4,1,10,0,2,0,1,0,0,14,0,0,0,7,13,10,11,4,2,18,6,5,0,20,0,0,0,2240,9
pgsql,a196d2334887833647cca4ba1b7c102be57d0169,0,nan,nan,10,7,7,67,34,11,57,57,178,352,165,89,14,117,9,25,0,0,0,10,0,0,4,0,0,0,5,12,3,3,4,0,7,6,6,4,0,0,7,4,10,10,1,3,0,1,0,0,10,33,22,14,0,29,4,22,16,16,16,9,32,16,2,2,29,1,2,22,16,8,2,27,6,2,9,32,0,2,3,35,4,4,4,4,4,39,4,0,5,42,3,3,5,15,46,65,4,4,22,52,31,1,1,52,17,35,7,19,6,6,3,2,2,7,2,1,10,0,4,1,0,4,0,6,2,1,1,6,4,11,9,3,2,4,1,6,1,3,2,0,0,2100,12
cst,a196d2334887833647cca4ba1b7c102be57d0169,0,nan,nan,10,7,7,67,34,11,57,57,178,352,165,89,14,117,9,25,0,0,0,10,0,0,4,0,0,0,5,12,3,3,4,0,7,6,6,4,0,0,7,4,10,10,1,3,0,1,0,0,10,33,22,14,0,29,4,22,16,16,16,9,32,16,2,2,29,1,2,22,16,8,2,27,6,2,9,32,0,2,3,35,4,4,4,4,4,39,4,0,5,42,3,3,5,15,46,65,4,4,22,52,31,1,1,52,17,35,7,19,6,6,3,2,2,7,2,1,10,0,4,1,0,4,0,6,2,1,1,6,4,11,9,3,2,4,1,6,1,3,2,0,0,2100,12
formatter,a196d2334887833647cca4ba1b7c102be57d0169,0,3089840.3333333335,95939242.66666667,10,7,7,67,34,11,57,57,178,352,165,89,14,117,9,25,0,0,0,10,0,0,4,0,0,0,5,12,3,3,4,0,7,6,6,4,0,0,7,4,10,10,1,3,0,1,0,0,10,33,22,14,0,29,4,22,16,16,16,9,32,16,2,2,29,1,2,22,16,8,2,27,6,2,9,32,0,2,3,35,4,4,4,4,4,39,4,0,5,42,3,3,5,15,46,65,4,4,22,52,31,1,1,52,17,35,7,19,6,6,3,2,2,7,2,1,10,0,4,1,0,4,0,6,2,1,1,6,4,11,9,3,2,4,1,6,1,3,2,0,0,2100,12
pgsql,45d8e1958fa923e9c1544b4cf0cb35988d4540ce,0,nan,nan,6,0,2,58,23,12,60,48,199,332,157,72,13,111,5,17,0,0,2,7,2,0,2,0,0,0,3,8,1,2,4,4,3,4,4,3,0,0,8,2,11,4,0,1,0,3,0,0,7,21,14,19,0,34,5,23,11,10,14,5,21,11,0,0,27,1,0,23,15,10,5,31,9,5,10,35,0,5,2,38,4,4,4,2,5,43,5,0,3,50,7,7,3,20,55,75,5,5,24,64,25,6,6,64,27,40,14,22,14,14,1,2,4,6,5,2,15,3,2,2,0,2,0,14,1,1,0,4,10,0,13,14,2,18,0,7,2,9,1,0,0,2070,10
cst,45d8e1958fa923e9c1544b4cf0cb35988d4540ce,0,2549514.0,130558634.66666667,6,0,2,58,23,12,60,48,199,332,157,72,13,111,5,17,0,0,2,7,2,0,2,0,0,0,3,8,1,2,4,4,3,4,4,3,0,0,8,2,11,4,0,1,0,3,0,0,7,21,14,19,0,34,5,23,11,10,14,5,21,11,0,0,27,1,0,23,15,10,5,31,9,5,10,35,0,5,2,38,4,4,4,2,5,43,5,0,3,50,7,7,3,20,55,75,5,5,24,64,25,6,6,64,27,40,14,22,14,14,1,2,4,6,5,2,15,3,2,2,0,2,0,14,1,1,0,4,10,0,13,14,2,18,0,7,2,9,1,0,0,2070,10
formatter,45d8e1958fa923e9c1544b4cf0cb35988d4540ce,0,3104479.1666666665,96256000.0,6,0,2,58,23,12,60,48,199,332,157,72,13,111,5,17,0,0,2,7,2,0,2,0,0,0,3,8,1,2,4,4,3,4,4,3,0,0,8,2,11,4,0,1,0,3,0,0,7,21,14,19,0,34,5,23,11,10,14,5,21,11,0,0,27,1,0,23,15,10,5,31,9,5,10,35,0,5,2,38,4,4,4,2,5,43,5,0,3,50,7,7,3,20,55,75,5,5,24,64,25,6,6,64,27,40,14,22,14,14,1,2,4,6,5,2,15,3,2,2,0,2,0,14,1,1,0,4,10,0,13,14,2,18,0,7,2,9,1,0,0,2070,10
pgsql,5c914e8033e6ef112867d0875b5f85e28cd61533,0,nan,nan,4,0,0,62,26,10,59,54,183,322,153,72,12,114,3,13,0,0,0,4,0,0,0,0,2,0,1,5,1,3,0,0,2,3,3,1,0,0,6,2,12,6,1,4,0,5,0,0,4,24,20,20,0,24,4,26,10,14,12,6,24,10,3,3,29,2,1,26,14,9,4,33,9,4,12,37,1,4,2,44,7,7,7,2,8,52,8,0,2,62,10,10,2,20,66,85,4,4,24,71,37,3,3,71,25,41,16,24,16,16,0,3,3,7,4,1,19,2,5,0,1,4,1,17,0,0,0,1,15,8,4,0,1,21,0,7,0,14,3,0,0,1999,3
cst,5c914e8033e6ef112867d0875b5f85e28cd61533,0,6514465.333333333,181305344.0,4,0,0,62,26,10,59,54,183,322,153,72,12,114,3,13,0,0,0,4,0,0,0,0,2,0,1,5,1,3,0,0,2,3,3,1,0,0,6,2,12,6,1,4,0,5,0,0,4,24,20,20,0,24,4,26,10,14,12,6,24,10,3,3,29,2,1,26,14,9,4,33,9,4,12,37,1,4,2,44,7,7,7,2,8,52,8,0,2,62,10,10,2,20,66,85,4,4,24,71,37,3,3,71,25,41,16,24,16,16,0,3,3,7,4,1,19,2,5,0,1,4,1,17,0,0,0,1,15,8,4,0,1,21,0,7,0,14,3,0,0,1999,3
formatter,5c914e8033e6ef112867d0875b5f85e28cd61533,0,3060819.5,97151658.66666667,4,0,0,62,26,10,59,54,183,322,153,72,12,114,3,13,0,0,0,4,0,0,0,0,2,0,1,5,1,3,0,0,2,3,3,1,0,0,6,2,12,6,1,4,0,5,0,0,4,24,20,20,0,24,4,26,10,14,12,6,24,10,3,3,29,2,1,26,14,9,4,33,9,4,12,37,1,4,2,44,7,7,7,2,8,52,8,0,2,62,10,10,2,20,66,85,4,4,24,71,37,3,3,71,25,41,16,24,16,16,0,3,3,7,4,1,19,2,5,0,1,4,1,17,0,0,0,1,15,8,4,0,1,21,0,7,0,14,3,0,0,1999,3
pgsql,c3d846c8958f6d0d9472f4189a6710de7beee8be,0,nan,nan,5,2,2,63,29,12,57,52,181,342,148,75,13,97,4,28,0,0,0,5,0,0,1,1,1,0,2,11,5,0,0,0,5,3,3,2,0,0,5,2,11,9,1,4,0,1,0,0,5,30,25,16,0,74,2,21,11,19,12,3,30,11,1,1,30,0,1,21,15,9,3,24,4,3,12,30,0,4,4,35,5,5,5,4,7,42,7,0,4,47,5,5,4,22,54,82,7,7,24,62,37,4,4,62,23,36,14,23,12,12,3,1,3,7,5,1,15,1,6,0,1,1,2,14,3,1,2,12,0,4,11,1,2,8,6,5,0,7,0,1,0,2172,8
cst,c3d846c8958f6d0d9472f4189a6710de7beee8be,0,2078465.1666666667,131847509.33333333,5,2,2,63,29,12,57,52,181,342,148,75,13,97,4,28,0,0,0,5,0,0,1,1,1,0,2,11,5,0,0,0,5,3,3,2,0,0,5,2,11,9,1,4,0,1,0,0,5,30,25,16,0,74,2,21,11,19,12,3,30,11,1,1,30,0,1,21,15,9,3,24,4,3,12,30,0,4,4,35,5,5,5,4,7,42,7,0,4,47,5,5,4,22,54,82,7,7,24,62,37,4,4,62,23,36,14,23,12,12,3,1,3,7,5,1,15,1,6,0,1,1,2,14,3,1,2,12,0,4,11,1,2,8,6,5,0,7,0,1,0,2172,8
formatter,c3d846c8958f6d0d9472f4189a6710de7beee8be,0,3195494.625,103071744.0,5,2,2,63,29,12,57,52,181,342,148,75,13,97,4,28,0,0,0,5,0,0,1,1,1,0,2,11,5,0,0,0,5,3,3,2,0,0,5,2,11,9,1,4,0,1,0,0,5,30,25,16,0,74,2,21,11,19,12,3,30,11,1,1,30,0,1,21,15,9,3,24,4,3,12,30,0,4,4,35,5,5,5,4,7,42,7,0,4,47,5,5,4,22,54,82,7,7,24,62,37,4,4,62,23,36,14,23,12,12,3,1,3,7,5,1,15,1,6,0,1,1,2,14,3,1,2,12,0,4,11,1,2,8,6,5,0,7,0,1,0,2172,8
pgsql,4659b2ed94f28c046f0f4a0cbd5ae8e82dce5ab3,0,nan,nan,8,2,2,80,30,16,63,66,206,373,148,81,18,118,7,19,0,0,0,8,0,0,2,0,1,0,2,10,4,1,0,0,6,2,2,6,0,0,3,3,8,8,1,2,0,4,0,0,8,48,40,10,0,5,1,14,25,23,27,11,47,24,2,2,17,2,1,14,7,6,3,16,4,3,9,21,1,4,2,26,5,5,5,2,2,28,2,0,3,29,1,1,3,9,33,49,4,4,13,41,20,5,5,41,24,21,10,15,7,7,1,0,1,3,8,0,10,3,4,0,0,1,1,8,1,0,0,1,0,6,0,0,0,24,0,4,0,5,0,1,0,2308,10
cst,4659b2ed94f28c046f0f4a0cbd5ae8e82dce5ab3,0,2484232.8333333335,133373952.0,8,2,2,80,30,16,63,66,206,373,148,81,18,118,7,19,0,0,0,8,0,0,2,0,1,0,2,10,4,1,0,0,6,2,2,6,0,0,3,3,8,8,1,2,0,4,0,0,8,48,40,10,0,5,1,14,25,23,27,11,47,24,2,2,17,2,1,14,7,6,3,16,4,3,9,21,1,4,2,26,5,5,5,2,2,28,2,0,3,29,1,1,3,9,33,49,4,4,13,41,20,5,5,41,24,21,10,15,7,7,1,0,1,3,8,0,10,3,4,0,0,1,1,8,1,0,0,1,0,6,0,0,0,24,0,4,0,5,0,1,0,2308,10
formatter,4659b2ed94f28c046f0f4a0cbd5ae8e82dce5ab3,0,3271152.6666666665,102361770.66666667,8,2,2,80,30,16,63,66,206,373,148,81,18,118,7,19,0,0,0,8,0,0,2,0,1,0,2,10,4,1,0,0,6,2,2,6,0,0,3,3,8,8,1,2,0,4,0,0,8,48,40,10,0,5,1,14,25,23,27,11,47,24,2,2,17,2,1,14,7,6,3,16,4,3,9,21,1,4,2,26,5,5,5,2,2,28,2,0,3,29,1,1,3,9,33,49,4,4,13,41,20,5,5,41,24,21,10,15,7,7,1,0,1,3,8,0,10,3,4,0,0,1,1,8,1,0,0,1,0,6,0,0,0,24,0,4,0,5,0,1,0,2308,10
pgsql,d4a456d4217c1e76a8f7d8f7c1e9cce53230d568,0,nan,nan,4,1,2,105,53,34,136,71,315,387,187,87,20,118,3,23,0,0,1,5,1,0,1,0,0,0,2,10,7,6,8,2,1,5,5,0,0,0,2,1,2,1,0,0,1,0,0,0,5,72,66,2,0,5,0,3,29,42,28,18,70,28,4,4,4,0,3,3,1,0,0,4,1,0,1,5,0,1,0,7,2,2,2,0,0,7,0,0,0,8,1,1,0,3,9,13,1,1,5,10,8,1,1,10,6,7,3,1,4,4,0,0,0,2,0,1,3,0,0,0,0,0,0,4,0,0,0,1,0,0,0,4,2,0,0,3,0,1,0,0,0,2561,5
cst,d4a456d4217c1e76a8f7d8f7c1e9cce53230d568,0,2225659.5,131792896.0,4,1,2,105,53,34,136,71,315,387,187,87,20,118,3,23,0,0,1,5,1,0,1,0,0,0,2,10,7,6,8,2,1,5,5,0,0,0,2,1,2,1,0,0,1,0,0,0,5,72,66,2,0,5,0,3,29,42,28,18,70,28,4,4,4,0,3,3,1,0,0,4,1,0,1,5,0,1,0,7,2,2,2,0,0,7,0,0,0,8,1,1,0,3,9,13,1,1,5,10,8,1,1,10,6,7,3,1,4,4,0,0,0,2,0,1,3,0,0,0,0,0,0,4,0,0,0,1,0,0,0,4,2,0,0,3,0,1,0,0,0,2561,5
formatter,d4a456d4217c1e76a8f7d8f7c1e9cce53230d568,0,2894958.1666666665,95611562.66666667,4,1,2,105,53,34,136,71,315,387,187,87,20,118,3,23,0,0,1,5,1,0,1,0,0,0,2,10,7,6,8,2,1,5,5,0,0,0,2,1,2,1,0,0,1,0,0,0,5,72,66,2,0,5,0,3,29,42,28,18,70,28,4,4,4,0,3,3,1,0,0,4,1,0,1,5,0,1,0,7,2,2,2,0,0,7,0,0,0,8,1,1,0,3,9,13,1,1,5,10,8,1,1,10,6,7,3,1,4,4,0,0,0,2,0,1,3,0,0,0,0,0,0,4,0,0,0,1,0,0,0,4,2,0,0,3,0,1,0,0,0,2561,5
pgsql,ecf8f78d328fa648c209de648442055abc9c0ced,0,nan,nan,2,0,1,79,35,11,48,68,236,377,156,76,15,115,1,20,0,0,1,4,1,0,1,0,0,0,0,6,2,3,1,2,2,3,3,1,0,0,3,1,7,4,0,2,0,4,0,0,4,60,55,11,1,94,1,12,28,31,29,8,59,28,2,2,14,2,0,12,5,4,1,15,4,1,6,18,1,2,1,20,2,2,2,2,3,23,3,0,2,25,2,2,2,9,26,40,1,1,11,33,19,5,5,33,9,24,4,14,5,5,0,1,1,3,3,4,4,1,0,1,0,2,0,5,0,0,0,14,0,0,0,14,3,13,10,3,1,0,0,0,0,2450,6
cst,ecf8f78d328fa648c209de648442055abc9c0ced,0,5313666.5,174931968.0,2,0,1,79,35,11,48,68,236,377,156,76,15,115,1,20,0,0,1,4,1,0,1,0,0,0,0,6,2,3,1,2,2,3,3,1,0,0,3,1,7,4,0,2,0,4,0,0,4,60,55,11,1,94,1,12,28,31,29,8,59,28,2,2,14,2,0,12,5,4,1,15,4,1,6,18,1,2,1,20,2,2,2,2,3,23,3,0,2,25,2,2,2,9,26,40,1,1,11,33,19,5,5,33,9,24,4,14,5,5,0,1,1,3,3,4,4,1,0,1,0,2,0,5,0,0,0,14,0,0,0,14,3,13,10,3,1,0,0,0,0,2450,6
formatter,ecf8f78d328fa648c209de648442055abc9c0ced,0,3011114.625,95764480.0,2,0,1,79,35,11,48,68,236,377,156,76,15,115,1,20,0,0,1,4,1,0,1,0,0,0,0,6,2,3,1,2,2,3,3,1,0,0,3,1,7,4,0,2,0,4,0,0,4,60,55,11,1,94,1,12,28,31,29,8,59,28,2,2,14,2,0,12,5,4,1,15,4,1,6,18,1,2,1,20,2,2,2,2,3,23,3,0,2,25,2,2,2,9,26,40,1,1,11,33,19,5,5,33,9,24,4,14,5,5,0,1,1,3,3,4,4,1,0,1,0,2,0,5,0,0,0,14,0,0,0,14,3,13,10,3,1,0,0,0,0,2450,6
pgsql,820c25d8c9cb13108c55a5448b32fb451e14d0de,0,nan,nan,3,1,1,76,27,12,51,65,235,348,157,74,12,112,2,12,0,0,0,3,0,0,0,0,0,0,3,7,1,2,0,0,2,1,1,2,0,0,4,0,11,3,0,1,0,2,0,0,3,49,45,16,0,58,3,19,24,24,24,6,48,24,4,4,22,1,0,19,10,6,3,23,6,3,10,29,0,3,4,33,5,5,6,5,3,36,3,0,6,37,1,1,7,13,41,61,4,4,13,48,28,0,0,48,15,34,8,14,9,9,4,4,2,4,1,3,9,0,2,0,1,1,1,10,3,2,1,11,9,0,3,16,3,2,1,1,0,7,1,0,0,2242,7
cst,820c25d8c9cb13108c55a5448b32fb451e14d0de,0,8495930.666666666,180895744.0,3,1,1,76,27,12,51,65,235,348,157,74,12,112,2,12,0,0,0,3,0,0,0,0,0,0,3,7,1,2,0,0,2,1,1,2,0,0,4,0,11,3,0,1,0,2,0,0,3,49,45,16,0,58,3,19,24,24,24,6,48,24,4,4,22,1,0,19,10,6,3,23,6,3,10,29,0,3,4,33,5,5,6,5,3,36,3,0,6,37,1,1,7,13,41,61,4,4,13,48,28,0,0,48,15,34,8,14,9,9,4,4,2,4,1,3,9,0,2,0,1,1,1,10,3,2,1,11,9,0,3,16,3,2,1,1,0,7,1,0,0,2242,7
formatter,820c25d8c9cb13108c55a5448b32fb451e14d0de,0,3024610.8333333335,96081237.33333333,3,1,1,76,27,12,51,65,235,348,157,74,12,112,2,12,0,0,0,3,0,0,0,0,0,0,3,7,1,2,0,0,2,1,1,2,0,0,4,0,11,3,0,1,0,2,0,0,3,49,45,16,0,58,3,19,24,24,24,6,48,24,4,4,22,1,0,19,10,6,3,23,6,3,10,29,0,3,4,33,5,5,6,5,3,36,3,0,6,37,1,1,7,13,41,61,4,4,13,48,28,0,0,48,15,34,8,14,9,9,4,4,2,4,1,3,9,0,2,0,1,1,1,10,3,2,1,11,9,0,3,16,3,2,1,1,0,7,1,0,0,2242,7
pgsql,05ed91186c4b374835e5d0ea2b693fad0ca2f7f0,0,nan,nan,17,8,11,55,26,13,52,44,181,310,145,65,8,135,16,35,0,0,3,20,4,0,4,0,1,0,6,17,6,3,11,7,12,13,13,7,0,0,5,5,13,17,1,5,0,4,0,0,1,1,0,18,0,45,2,25,0,1,0,0,1,0,0,0,35,0,0,25,26,7,3,30,6,3,12,33,4,2,2,35,3,3,3,2,8,43,8,0,2,48,5,5,3,21,55,80,7,7,25,60,34,2,2,60,30,37,15,21,4,4,0,3,3,8,2,6,21,0,1,0,0,3,2,6,0,0,0,11,4,5,4,14,3,0,5,14,0,2,4,0,0,1835,21
cst,05ed91186c4b374835e5d0ea2b693fad0ca2f7f0,0,nan,nan,17,8,11,55,26,13,52,44,181,310,145,65,8,135,16,35,0,0,3,20,4,0,4,0,1,0,6,17,6,3,11,7,12,13,13,7,0,0,5,5,13,17,1,5,0,4,0,0,1,1,0,18,0,45,2,25,0,1,0,0,1,0,0,0,35,0,0,25,26,7,3,30,6,3,12,33,4,2,2,35,3,3,3,2,8,43,8,0,2,48,5,5,3,21,55,80,7,7,25,60,34,2,2,60,30,37,15,21,4,4,0,3,3,8,2,6,21,0,1,0,0,3,2,6,0,0,0,11,4,5,4,14,3,0,5,14,0,2,4,0,0,1835,21
formatter,05ed91186c4b374835e5d0ea2b693fad0ca2f7f0,0,3064937.5,95169194.66666667,17,8,11,55,26,13,52,44,181,310,145,65,8,135,16,35,0,0,3,20,4,0,4,0,1,0,6,17,6,3,11,7,12,13,13,7,0,0,5,5,13,17,1,5,0,4,0,0,1,1,0,18,0,45,2,25,0,1,0,0,1,0,0,0,35,0,0,25,26,7,3,30,6,3,12,33,4,2,2,35,3,3,3,2,8,43,8,0,2,48,5,5,3,21,55,80,7,7,25,60,34,2,2,60,30,37,15,21,4,4,0,3,3,8,2,6,21,0,1,0,0,3,2,6,0,0,0,11,4,5,4,14,3,0,5,14,0,2,4,0,0,1835,21
pgsql,6bb7f2bab180db288db75807d51b4076b3f469d7,0,nan,nan,10,2,5,65,23,10,56,57,202,311,140,62,19,157,9,26,0,0,3,15,3,0,0,0,0,0,6,11,5,3,28,6,13,7,7,8,0,0,2,0,15,19,1,6,0,1,0,0,0,0,0,20,0,64,1,25,0,0,1,0,0,0,0,0,37,0,0,25,19,13,8,29,7,8,13,33,2,3,2,33,4,4,4,2,4,37,4,0,4,47,10,10,4,19,53,71,6,6,17,61,32,4,4,61,23,39,13,22,11,11,1,4,0,2,3,4,16,1,1,1,0,3,0,11,0,1,0,11,16,6,2,0,0,6,5,9,1,7,1,0,0,1929,12
cst,6bb7f2bab180db288db75807d51b4076b3f469d7,0,nan,nan,10,2,5,65,23,10,56,57,202,311,140,62,19,157,9,26,0,0,3,15,3,0,0,0,0,0,6,11,5,3,28,6,13,7,7,8,0,0,2,0,15,19,1,6,0,1,0,0,0,0,0,20,0,64,1,25,0,0,1,0,0,0,0,0,37,0,0,25,19,13,8,29,7,8,13,33,2,3,2,33,4,4,4,2,4,37,4,0,4,47,10,10,4,19,53,71,6,6,17,61,32,4,4,61,23,39,13,22,11,11,1,4,0,2,3,4,16,1,1,1,0,3,0,11,0,1,0,11,16,6,2,0,0,6,5,9,1,7,1,0,0,1929,12
formatter,6bb7f2bab180db288db75807d51b4076b3f469d7,0,3218078.0,97656832.0,10,2,5,65,23,10,56,57,202,311,140,62,19,157,9,26,0,0,3,15,3,0,0,0,0,0,6,11,5,3,28,6,13,7,7,8,0,0,2,0,15,19,1,6,0,1,0,0,0,0,0,20,0,64,1,25,0,0,1,0,0,0,0,0,37,0,0,25,19,13,8,29,7,8,13,33,2,3,2,33,4,4,4,2,4,37,4,0,4,47,10,10,4,19,53,71,6,6,17,61,32,4,4,61,23,39,13,22,11,11,1,4,0,2,3,4,16,1,1,1,0,3,0,11,0,1,0,11,16,6,2,0,0,6,5,9,1,7,1,0,0,1929,12
pgsql,544d83f3537f74945adb3baee1b0beaa74a64e40,0,nan,nan,12,3,6,56,33,14,67,43,195,303,148,76,21,136,11,17,0,0,3,17,6,0,2,0,0,0,7,10,5,3,17,9,13,10,10,7,0,0,5,2,14,16,2,3,0,2,0,0,0,0,0,19,0,129,1,21,0,0,2,0,0,0,0,0,25,1,0,21,8,12,9,25,7,9,10,26,1,3,0,26,4,4,4,0,5,31,5,0,0,40,9,9,0,17,44,54,4,4,23,52,28,8,8,52,15,32,11,25,6,6,1,5,1,5,3,3,13,2,4,0,1,0,0,6,1,0,0,26,26,6,8,0,1,4,22,5,0,4,1,0,0,1946,14
cst,544d83f3537f74945adb3baee1b0beaa74a64e40,0,nan,nan,12,3,6,56,33,14,67,43,195,303,148,76,21,136,11,17,0,0,3,17,6,0,2,0,0,0,7,10,5,3,17,9,13,10,10,7,0,0,5,2,14,16,2,3,0,2,0,0,0,0,0,19,0,129,1,21,0,0,2,0,0,0,0,0,25,1,0,21,8,12,9,25,7,9,10,26,1,3,0,26,4,4,4,0,5,31,5,0,0,40,9,9,0,17,44,54,4,4,23,52,28,8,8,52,15,32,11,25,6,6,1,5,1,5,3,3,13,2,4,0,1,0,0,6,1,0,0,26,26,6,8,0,1,4,22,5,0,4,1,0,0,1946,14
formatter,544d83f3537f74945adb3baee1b0beaa74a64e40,0,2887264.0,94896128.0,12,3,6,56,33,14,67,43,195,303,148,76,21,136,11,17,0,0,3,17,6,0,2,0,0,0,7,10,5,3,17,9,13,10,10,7,0,0,5,2,14,16,2,3,0,2,0,0,0,0,0,19,0,129,1,21,0,0,2,0,0,0,0,0,25,1,0,21,8,12,9,25,7,9,10,26,1,3,0,26,4,4,4,0,5,31,5,0,0,40,9,9,0,17,44,54,4,4,23,52,28,8,8,52,15,32,11,25,6,6,1,5,1,5,3,3,13,2,4,0,1,0,0,6,1,0,0,26,26,6,8,0,1,4,22,5,0,4,1,0,0,1946,14
pgsql,757b547a4827a6f626232ed58f63f81d89a68725,0,nan,nan,2,0,1,36,16,8,41,30,139,315,158,81,18,121,1,28,0,0,1,4,1,0,1,0,0,0,2,17,6,1,4,2,2,3,3,1,0,0,4,1,28,3,0,1,8,9,4,0,1,1,0,34,0,46,3,39,1,0,3,1,0,0,0,0,54,0,0,39,30,21,5,45,8,5,18,48,3,6,0,54,6,6,6,0,7,61,7,0,0,75,14,14,0,29,78,106,3,3,39,84,46,6,6,84,42,50,16,26,15,15,1,3,0,6,8,3,21,3,6,0,1,4,1,16,1,0,0,9,17,18,2,0,0,21,5,9,0,12,3,0,0,1862,10
cst,757b547a4827a6f626232ed58f63f81d89a68725,0,3243506.6666666665,150470656.0,2,0,1,36,16,8,41,30,139,315,158,81,18,121,1,28,0,0,1,4,1,0,1,0,0,0,2,17,6,1,4,2,2,3,3,1,0,0,4,1,28,3,0,1,8,9,4,0,1,1,0,34,0,46,3,39,1,0,3,1,0,0,0,0,54,0,0,39,30,21,5,45,8,5,18,48,3,6,0,54,6,6,6,0,7,61,7,0,0,75,14,14,0,29,78,106,3,3,39,84,46,6,6,84,42,50,16,26,15,15,1,3,0,6,8,3,21,3,6,0,1,4,1,16,1,0,0,9,17,18,2,0,0,21,5,9,0,12,3,0,0,1862,10
formatter,757b547a4827a6f626232ed58f63f81d89a68725,0,3056557.375,95719424.0,2,0,1,36,16,8,41,30,139,315,158,81,18,121,1,28,0,0,1,4,1,0,1,0,0,0,2,17,6,1,4,2,2,3,3,1,0,0,4,1,28,3,0,1,8,9,4,0,1,1,0,34,0,46,3,39,1,0,3,1,0,0,0,0,54,0,0,39,30,21,5,45,8,5,18,48,3,6,0,54,6,6,6,0,7,61,7,0,0,75,14,14,0,29,78,106,3,3,39,84,46,6,6,84,42,50,16,26,15,15,1,3,0,6,8,3,21,3,6,0,1,4,1,16,1,0,0,9,17,18,2,0,0,21,5,9,0,12,3,0,0,1862,10
pgsql,2a0d000e8ff2f04d23eda3ceadde077ac2460916,0,nan,nan,5,1,4,59,26,12,51,47,176,285,137,70,12,155,4,24,0,0,3,10,3,0,0,0,0,0,4,16,6,3,17,6,8,6,6,4,0,0,0,0,37,14,1,6,20,7,10,0,0,0,0,40,0,11,0,43,0,0,1,0,0,0,0,0,55,0,0,43,32,17,7,45,7,7,11,48,2,5,0,51,3,3,3,0,9,60,9,0,0,64,4,4,0,35,69,94,5,5,35,70,44,1,1,70,36,38,21,32,11,11,0,5,1,5,7,3,24,1,5,0,0,2,0,11,0,0,0,3,14,15,0,3,1,14,0,13,0,2,1,0,0,1758,10
cst,2a0d000e8ff2f04d23eda3ceadde077ac2460916,0,1810715.5,136074581.33333334,5,1,4,59,26,12,51,47,176,285,137,70,12,155,4,24,0,0,3,10,3,0,0,0,0,0,4,16,6,3,17,6,8,6,6,4,0,0,0,0,37,14,1,6,20,7,10,0,0,0,0,40,0,11,0,43,0,0,1,0,0,0,0,0,55,0,0,43,32,17,7,45,7,7,11,48,2,5,0,51,3,3,3,0,9,60,9,0,0,64,4,4,0,35,69,94,5,5,35,70,44,1,1,70,36,38,21,32,11,11,0,5,1,5,7,3,24,1,5,0,0,2,0,11,0,0,0,3,14,15,0,3,1,14,0,13,0,2,1,0,0,1758,10
formatter,2a0d000e8ff2f04d23eda3ceadde077ac2460916,0,2932624.8333333335,94721365.33333333,5,1,4,59,26,12,51,47,176,285,137,70,12,155,4,24,0,0,3,10,3,0,0,0,0,0,4,16,6,3,17,6,8,6,6,4,0,0,0,0,37,14,1,6,20,7,10,0,0,0,0,40,0,11,0,43,0,0,1,0,0,0,0,0,55,0,0,43,32,17,7,45,7,7,11,48,2,5,0,51,3,3,3,0,9,60,9,0,0,64,4,4,0,35,69,94,5,5,35,70,44,1,1,70,36,38,21,32,11,11,0,5,1,5,7,3,24,1,5,0,0,2,0,11,0,0,0,3,14,15,0,3,1,14,0,13,0,2,1,0,0,1758,10
pgsql,13da56b97e2e891ceeda8c5a36104b51b3502195,0,nan,nan,7,4,5,36,18,10,57,28,110,320,140,68,18,127,6,27,0,0,1,9,1,0,1,0,0,0,3,13,6,1,0,2,6,3,3,6,0,0,13,1,31,13,1,7,18,4,9,0,0,0,0,35,0,81,8,38,0,0,0,0,0,0,0,0,48,0,0,38,25,16,5,40,4,5,14,42,1,4,1,44,2,2,2,1,5,49,5,0,1,58,9,9,2,23,64,92,6,6,31,75,38,9,9,75,31,50,18,19,21,21,2,4,2,5,10,6,21,0,2,0,0,0,2,23,1,1,0,9,8,0,21,1,1,33,0,7,0,11,2,0,0,1974,12
cst,13da56b97e2e891ceeda8c5a36104b51b3502195,0,3068999.9,131982950.4,7,4,5,36,18,10,57,28,110,320,140,68,18,127,6,27,0,0,1,9,1,0,1,0,0,0,3,13,6,1,0,2,6,3,3,6,0,0,13,1,31,13,1,7,18,4,9,0,0,0,0,35,0,81,8,38,0,0,0,0,0,0,0,0,48,0,0,38,25,16,5,40,4,5,14,42,1,4,1,44,2,2,2,1,5,49,5,0,1,58,9,9,2,23,64,92,6,6,31,75,38,9,9,75,31,50,18,19,21,21,2,4,2,5,10,6,21,0,2,0,0,0,2,23,1,1,0,9,8,0,21,1,1,33,0,7,0,11,2,0,0,1974,12
formatter,13da56b97e2e891ceeda8c5a36104b51b3502195,0,3192929.1,101561139.2,7,4,5,36,18,10,57,28,110,320,140,68,18,127,6,27,0,0,1,9,1,0,1,0,0,0,3,13,6,1,0,2,6,3,3,6,0,0,13,1,31,13,1,7,18,4,9,0,0,0,0,35,0,81,8,38,0,0,0,0,0,0,0,0,48,0,0,38,25,16,5,40,4,5,14,42,1,4,1,44,2,2,2,1,5,49,5,0,1,58,9,9,2,23,64,92,6,6,31,75,38,9,9,75,31,50,18,19,21,21,2,4,2,5,10,6,21,0,2,0,0,0,2,23,1,1,0,9,8,0,21,1,1,33,0,7,0,11,2,0,0,1974,12
pgsql,b8b78cbac33299177b25d4d1588295fbfab5b2c4,0,nan,nan,6,2,2,41,11,5,32,37,136,303,136,74,21,134,5,21,0,0,0,6,0,0,1,0,0,0,4,12,4,0,0,0,2,4,4,2,0,0,9,1,34,4,0,2,18,10,12,0,2,3,1,40,0,42,4,46,2,1,5,0,3,2,0,0,55,2,0,46,26,16,5,47,5,5,13,50,3,1,3,55,6,6,7,4,7,62,7,1,5,68,6,6,6,28,72,100,4,4,37,83,43,5,5,83,32,46,20,26,12,12,3,7,3,6,6,2,24,3,5,0,0,3,1,13,3,1,0,6,19,13,10,1,2,20,0,9,0,10,0,0,0,1841,14
cst,b8b78cbac33299177b25d4d1588295fbfab5b2c4,0,3063416.75,141307904.0,6,2,2,41,11,5,32,37,136,303,136,74,21,134,5,21,0,0,0,6,0,0,1,0,0,0,4,12,4,0,0,0,2,4,4,2,0,0,9,1,34,4,0,2,18,10,12,0,2,3,1,40,0,42,4,46,2,1,5,0,3,2,0,0,55,2,0,46,26,16,5,47,5,5,13,50,3,1,3,55,6,6,7,4,7,62,7,1,5,68,6,6,6,28,72,100,4,4,37,83,43,5,5,83,32,46,20,26,12,12,3,7,3,6,6,2,24,3,5,0,0,3,1,13,3,1,0,6,19,13,10,1,2,20,0,9,0,10,0,0,0,1841,14
formatter,b8b78cbac33299177b25d4d1588295fbfab5b2c4,0,3100927.125,96006144.0,6,2,2,41,11,5,32,37,136,303,136,74,21,134,5,21,0,0,0,6,0,0,1,0,0,0,4,12,4,0,0,0,2,4,4,2,0,0,9,1,34,4,0,2,18,10,12,0,2,3,1,40,0,42,4,46,2,1,5,0,3,2,0,0,55,2,0,46,26,16,5,47,5,5,13,50,3,1,3,55,6,6,7,4,7,62,7,1,5,68,6,6,6,28,72,100,4,4,37,83,43,5,5,83,32,46,20,26,12,12,3,7,3,6,6,2,24,3,5,0,0,3,1,13,3,1,0,6,19,13,10,1,2,20,0,9,0,10,0,0,0,1841,14
pgsql,e408f47db8557a48a1aa397830425bfcb8a6f70e,0,nan,nan,3,1,2,49,20,9,48,44,154,313,150,73,20,121,2,23,0,0,1,4,1,0,0,0,0,0,3,14,3,1,8,2,4,1,1,3,0,0,7,0,33,5,0,1,12,9,8,0,0,0,0,37,0,23,4,42,0,0,2,0,0,0,0,0,54,1,0,42,28,19,6,45,6,6,17,47,2,5,0,53,6,6,6,0,5,58,5,0,0,65,7,7,0,27,71,99,6,6,35,79,44,8,8,79,36,45,20,23,22,22,0,3,5,9,6,2,20,2,5,3,2,2,0,22,0,0,0,2,14,4,5,6,4,22,0,8,3,6,0,0,0,1928,10
cst,e408f47db8557a48a1aa397830425bfcb8a6f70e,0,1691005.0,135749632.0,3,1,2,49,20,9,48,44,154,313,150,73,20,121,2,23,0,0,1,4,1,0,0,0,0,0,3,14,3,1,8,2,4,1,1,3,0,0,7,0,33,5,0,1,12,9,8,0,0,0,0,37,0,23,4,42,0,0,2,0,0,0,0,0,54,1,0,42,28,19,6,45,6,6,17,47,2,5,0,53,6,6,6,0,5,58,5,0,0,65,7,7,0,27,71,99,6,6,35,79,44,8,8,79,36,45,20,23,22,22,0,3,5,9,6,2,20,2,5,3,2,2,0,22,0,0,0,2,14,4,5,6,4,22,0,8,3,6,0,0,0,1928,10
formatter,e408f47db8557a48a1aa397830425bfcb8a6f70e,0,3117847.3333333335,96539989.33333333,3,1,2,49,20,9,48,44,154,313,150,73,20,121,2,23,0,0,1,4,1,0,0,0,0,0,3,14,3,1,8,2,4,1,1,3,0,0,7,0,33,5,0,1,12,9,8,0,0,0,0,37,0,23,4,42,0,0,2,0,0,0,0,0,54,1,0,42,28,19,6,45,6,6,17,47,2,5,0,53,6,6,6,0,5,58,5,0,0,65,7,7,0,27,71,99,6,6,35,79,44,8,8,79,36,45,20,23,22,22,0,3,5,9,6,2,20,2,5,3,2,2,0,22,0,0,0,2,14,4,5,6,4,22,0,8,3,6,0,0,0,1928,10
pgsql,e73336b5f2cb18f39317e52bdb11565ebe0d64e6,0,nan,nan,7,5,6,49,25,18,62,32,131,297,125,73,16,135,6,23,0,0,1,9,1,0,2,0,0,0,2,14,4,1,10,2,8,4,4,5,0,0,6,2,37,10,0,2,27,5,18,0,0,0,0,39,0,83,3,43,0,0,1,0,0,0,0,0,52,0,0,43,26,22,2,45,3,2,11,48,0,3,1,52,4,4,4,2,3,55,3,0,5,58,3,3,10,27,61,96,3,3,31,76,44,5,5,76,40,42,20,27,10,10,0,4,3,6,6,5,22,1,6,1,1,4,0,10,0,0,0,12,11,2,12,2,2,10,7,12,1,3,1,0,0,1826,11
cst,e73336b5f2cb18f39317e52bdb11565ebe0d64e6,0,3029409.75,135946240.0,7,5,6,49,25,18,62,32,131,297,125,73,16,135,6,23,0,0,1,9,1,0,2,0,0,0,2,14,4,1,10,2,8,4,4,5,0,0,6,2,37,10,0,2,27,5,18,0,0,0,0,39,0,83,3,43,0,0,1,0,0,0,0,0,52,0,0,43,26,22,2,45,3,2,11,48,0,3,1,52,4,4,4,2,3,55,3,0,5,58,3,3,10,27,61,96,3,3,31,76,44,5,5,76,40,42,20,27,10,10,0,4,3,6,6,5,22,1,6,1,1,4,0,10,0,0,0,12,11,2,12,2,2,10,7,12,1,3,1,0,0,1826,11
formatter,e73336b5f2cb18f39317e52bdb11565ebe0d64e6,0,2861500.1666666665,95513258.66666667,7,5,6,49,25,18,62,32,131,297,125,73,16,135,6,23,0,0,1,9,1,0,2,0,0,0,2,14,4,1,10,2,8,4,4,5,0,0,6,2,37,10,0,2,27,5,18,0,0,0,0,39,0,83,3,43,0,0,1,0,0,0,0,0,52,0,0,43,26,22,2,45,3,2,11,48,0,3,1,52,4,4,4,2,3,55,3,0,5,58,3,3,10,27,61,96,3,3,31,76,44,5,5,76,40,42,20,27,10,10,0,4,3,6,6,5,22,1,6,1,1,4,0,10,0,0,0,12,11,2,12,2,2,10,7,12,1,3,1,0,0,1826,11
pgsql,ee2ce9ecd3afa019175d4f526209daaf4154a293,0,nan,nan,2,1,2,75,35,15,70,62,283,245,106,55,3,115,1,12,0,0,1,4,1,0,0,0,0,0,1,3,2,1,9,2,3,2,2,2,0,0,5,0,31,6,1,3,24,2,20,1,2,2,0,34,0,42,2,39,0,2,1,0,2,0,0,0,41,0,0,39,7,15,0,48,9,0,12,53,0,5,0,58,5,5,5,0,5,63,5,0,0,71,8,8,0,31,74,91,3,3,28,83,37,9,9,83,34,49,27,22,16,16,4,1,1,5,4,4,32,1,4,0,0,1,0,16,4,0,2,8,2,0,0,4,3,10,0,20,0,2,5,0,0,1714,3
cst,ee2ce9ecd3afa019175d4f526209daaf4154a293,0,nan,nan,2,1,2,75,35,15,70,62,283,245,106,55,3,115,1,12,0,0,1,4,1,0,0,0,0,0,1,3,2,1,9,2,3,2,2,2,0,0,5,0,31,6,1,3,24,2,20,1,2,2,0,34,0,42,2,39,0,2,1,0,2,0,0,0,41,0,0,39,7,15,0,48,9,0,12,53,0,5,0,58,5,5,5,0,5,63,5,0,0,71,8,8,0,31,74,91,3,3,28,83,37,9,9,83,34,49,27,22,16,16,4,1,1,5,4,4,32,1,4,0,0,1,0,16,4,0,2,8,2,0,0,4,3,10,0,20,0,2,5,0,0,1714,3
formatter,ee2ce9ecd3afa019175d4f526209daaf4154a293,0,2647833.3,95004262.4,2,1,2,75,35,15,70,62,283,245,106,55,3,115,1,12,0,0,1,4,1,0,0,0,0,0,1,3,2,1,9,2,3,2,2,2,0,0,5,0,31,6,1,3,24,2,20,1,2,2,0,34,0,42,2,39,0,2,1,0,2,0,0,0,41,0,0,39,7,15,0,48,9,0,12,53,0,5,0,58,5,5,5,0,5,63,5,0,0,71,8,8,0,31,74,91,3,3,28,83,37,9,9,83,34,49,27,22,16,16,4,1,1,5,4,4,32,1,4,0,0,1,0,16,4,0,2,8,2,0,0,4,3,10,0,20,0,2,5,0,0,1714,3
pgsql,1bb84932b7b636db45dc4cd55037c575d0a4cb28,0,nan,nan,5,1,3,56,39,22,90,35,146,257,122,62,12,183,4,24,0,0,2,8,2,1,1,0,0,0,2,15,3,3,18,4,6,5,5,3,1,0,2,1,55,7,0,1,48,5,40,0,1,4,2,57,0,19,1,60,1,2,0,2,2,0,1,1,73,0,1,60,31,30,2,60,2,2,9,61,1,1,0,62,1,1,1,0,1,63,1,0,0,65,2,2,0,26,66,86,1,1,38,67,41,1,1,67,27,37,20,27,11,11,0,4,0,2,4,5,20,0,6,0,0,4,0,11,0,0,0,5,6,8,0,0,0,11,0,11,0,3,0,0,0,1735,10
cst,1bb84932b7b636db45dc4cd55037c575d0a4cb28,0,1854569.3333333333,132104192.0,5,1,3,56,39,22,90,35,146,257,122,62,12,183,4,24,0,0,2,8,2,1,1,0,0,0,2,15,3,3,18,4,6,5,5,3,1,0,2,1,55,7,0,1,48,5,40,0,1,4,2,57,0,19,1,60,1,2,0,2,2,0,1,1,73,0,1,60,31,30,2,60,2,2,9,61,1,1,0,62,1,1,1,0,1,63,1,0,0,65,2,2,0,26,66,86,1,1,38,67,41,1,1,67,27,37,20,27,11,11,0,4,0,2,4,5,20,0,6,0,0,4,0,11,0,0,0,5,6,8,0,0,0,11,0,11,0,3,0,0,0,1735,10
formatter,1bb84932b7b636db45dc4cd55037c575d0a4cb28,0,2839333.1666666665,95043584.0,5,1,3,56,39,22,90,35,146,257,122,62,12,183,4,24,0,0,2,8,2,1,1,0,0,0,2,15,3,3,18,4,6,5,5,3,1,0,2,1,55,7,0,1,48,5,40,0,1,4,2,57,0,19,1,60,1,2,0,2,2,0,1,1,73,0,1,60,31,30,2,60,2,2,9,61,1,1,0,62,1,1,1,0,1,63,1,0,0,65,2,2,0,26,66,86,1,1,38,67,41,1,1,67,27,37,20,27,11,11,0,4,0,2,4,5,20,0,6,0,0,4,0,11,0,0,0,5,6,8,0,0,0,11,0,11,0,3,0,0,0,1735,10
pgsql,ab6524d2294e3abc4eb8ebc35a2708cc1cb75a39,0,nan,nan,6,3,3,41,18,8,33,33,108,266,122,60,14,139,5,20,0,0,0,6,0,0,0,1,0,1,3,5,1,0,0,0,3,3,3,3,0,0,3,0,48,4,1,1,36,9,30,0,0,0,0,49,1,69,1,52,0,0,2,0,0,0,0,0,65,2,0,52,30,18,1,55,4,1,12,59,1,1,3,61,2,2,2,3,6,67,6,0,3,78,11,11,4,27,81,114,3,3,29,91,51,6,6,91,36,50,25,33,15,15,1,3,3,7,8,5,27,2,8,0,0,4,1,16,0,1,0,11,13,4,1,2,3,20,4,13,0,9,1,0,0,1724,9
cst,ab6524d2294e3abc4eb8ebc35a2708cc1cb75a39,0,3513006.6666666665,157330090.66666666,6,3,3,41,18,8,33,33,108,266,122,60,14,139,5,20,0,0,0,6,0,0,0,1,0,1,3,5,1,0,0,0,3,3,3,3,0,0,3,0,48,4,1,1,36,9,30,0,0,0,0,49,1,69,1,52,0,0,2,0,0,0,0,0,65,2,0,52,30,18,1,55,4,1,12,59,1,1,3,61,2,2,2,3,6,67,6,0,3,78,11,11,4,27,81,114,3,3,29,91,51,6,6,91,36,50,25,33,15,15,1,3,3,7,8,5,27,2,8,0,0,4,1,16,0,1,0,11,13,4,1,2,3,20,4,13,0,9,1,0,0,1724,9
formatter,ab6524d2294e3abc4eb8ebc35a2708cc1cb75a39,0,2921354.1666666665,94688597.33333333,6,3,3,41,18,8,33,33,108,266,122,60,14,139,5,20,0,0,0,6,0,0,0,1,0,1,3,5,1,0,0,0,3,3,3,3,0,0,3,0,48,4,1,1,36,9,30,0,0,0,0,49,1,69,1,52,0,0,2,0,0,0,0,0,65,2,0,52,30,18,1,55,4,1,12,59,1,1,3,61,2,2,2,3,6,67,6,0,3,78,11,11,4,27,81,114,3,3,29,91,51,6,6,91,36,50,25,33,15,15,1,3,3,7,8,5,27,2,8,0,0,4,1,16,0,1,0,11,13,4,1,2,3,20,4,13,0,9,1,0,0,1724,9
pgsql,d4933bb255b84cda0d51baac282e4ac969d58d70,0,nan,nan,3,2,3,37,13,9,41,30,85,240,121,65,6,199,2,33,0,0,1,5,1,0,0,0,0,0,1,16,7,1,10,2,4,3,3,2,0,0,0,0,66,6,1,2,60,8,55,0,0,0,0,68,0,53,0,70,0,0,1,0,0,0,0,0,89,0,0,70,44,32,1,72,3,1,9,72,1,0,0,73,1,1,1,0,3,76,3,0,0,79,3,3,0,35,79,108,0,0,29,80,58,1,1,80,35,48,16,28,10,10,4,3,1,6,5,8,18,1,10,0,0,2,1,11,2,2,1,15,10,3,1,14,4,13,1,11,0,2,0,0,0,1515,6
cst,d4933bb255b84cda0d51baac282e4ac969d58d70,0,nan,nan,3,2,3,37,13,9,41,30,85,240,121,65,6,199,2,33,0,0,1,5,1,0,0,0,0,0,1,16,7,1,10,2,4,3,3,2,0,0,0,0,66,6,1,2,60,8,55,0,0,0,0,68,0,53,0,70,0,0,1,0,0,0,0,0,89,0,0,70,44,32,1,72,3,1,9,72,1,0,0,73,1,1,1,0,3,76,3,0,0,79,3,3,0,35,79,108,0,0,29,80,58,1,1,80,35,48,16,28,10,10,4,3,1,6,5,8,18,1,10,0,0,2,1,11,2,2,1,15,10,3,1,14,4,13,1,11,0,2,0,0,0,1515,6
formatter,d4933bb255b84cda0d51baac282e4ac969d58d70,0,2744552.0,94900224.0,3,2,3,37,13,9,41,30,85,240,121,65,6,199,2,33,0,0,1,5,1,0,0,0,0,0,1,16,7,1,10,2,4,3,3,2,0,0,0,0,66,6,1,2,60,8,55,0,0,0,0,68,0,53,0,70,0,0,1,0,0,0,0,0,89,0,0,70,44,32,1,72,3,1,9,72,1,0,0,73,1,1,1,0,3,76,3,0,0,79,3,3,0,35,79,108,0,0,29,80,58,1,1,80,35,48,16,28,10,10,4,3,1,6,5,8,18,1,10,0,0,2,1,11,2,2,1,15,10,3,1,14,4,13,1,11,0,2,0,0,0,1515,6
pgsql,e5453fb52665b0517a25827af583a6e1c3f9216c,0,nan,nan,2,0,1,37,21,14,69,26,111,242,112,50,6,178,1,17,0,0,1,4,1,0,0,0,0,0,0,13,2,1,9,2,3,1,1,3,0,0,1,0,57,3,0,0,48,9,44,0,0,0,0,59,0,39,0,63,0,0,0,0,0,0,0,0,77,0,0,63,38,19,4,65,3,4,9,65,1,2,0,66,2,2,2,0,1,67,1,0,0,74,7,7,0,34,80,106,6,6,44,84,55,4,4,84,41,49,20,32,14,14,1,15,2,6,5,4,20,0,11,0,1,3,0,14,1,0,0,7,56,5,2,5,2,4,2,9,0,5,0,0,0,1561,7
cst,e5453fb52665b0517a25827af583a6e1c3f9216c,0,1513809.642857143,144616886.85714287,2,0,1,37,21,14,69,26,111,242,112,50,6,178,1,17,0,0,1,4,1,0,0,0,0,0,0,13,2,1,9,2,3,1,1,3,0,0,1,0,57,3,0,0,48,9,44,0,0,0,0,59,0,39,0,63,0,0,0,0,0,0,0,0,77,0,0,63,38,19,4,65,3,4,9,65,1,2,0,66,2,2,2,0,1,67,1,0,0,74,7,7,0,34,80,106,6,6,44,84,55,4,4,84,41,49,20,32,14,14,1,15,2,6,5,4,20,0,11,0,1,3,0,14,1,0,0,7,56,5,2,5,2,4,2,9,0,5,0,0,0,1561,7
formatter,e5453fb52665b0517a25827af583a6e1c3f9216c,0,2622097.3333333335,93427029.33333333,2,0,1,37,21,14,69,26,111,242,112,50,6,178,1,17,0,0,1,4,1,0,0,0,0,0,0,13,2,1,9,2,3,1,1,3,0,0,1,0,57,3,0,0,48,9,44,0,0,0,0,59,0,39,0,63,0,0,0,0,0,0,0,0,77,0,0,63,38,19,4,65,3,4,9,65,1,2,0,66,2,2,2,0,1,67,1,0,0,74,7,7,0,34,80,106,6,6,44,84,55,4,4,84,41,49,20,32,14,14,1,15,2,6,5,4,20,0,11,0,1,3,0,14,1,0,0,7,56,5,2,5,2,4,2,9,0,5,0,0,0,1561,7
pgsql,b8ae0e9ee825b6a435c9717df1bb60aaa7086462,0,6834785.0,110471850.66666667,5,3,3,33,13,8,22,28,83,236,120,50,7,184,4,26,0,0,0,5,0,0,0,0,0,0,3,13,2,0,0,0,2,5,5,0,0,0,3,0,65,2,0,0,60,10,55,0,0,0,0,66,0,32,1,68,0,0,0,0,0,0,0,0,84,0,0,68,43,30,3,71,4,3,12,72,0,2,1,72,0,0,0,4,1,73,1,0,7,75,2,2,11,35,77,113,2,2,35,89,53,1,1,89,45,60,21,29,16,16,3,10,3,5,3,8,21,0,3,0,1,3,0,16,3,0,0,11,40,7,0,8,3,17,0,8,0,2,0,0,0,1552,8
cst,b8ae0e9ee825b6a435c9717df1bb60aaa7086462,0,1598057.25,137912320.0,5,3,3,33,13,8,22,28,83,236,120,50,7,184,4,26,0,0,0,5,0,0,0,0,0,0,3,13,2,0,0,0,2,5,5,0,0,0,3,0,65,2,0,0,60,10,55,0,0,0,0,66,0,32,1,68,0,0,0,0,0,0,0,0,84,0,0,68,43,30,3,71,4,3,12,72,0,2,1,72,0,0,0,4,1,73,1,0,7,75,2,2,11,35,77,113,2,2,35,89,53,1,1,89,45,60,21,29,16,16,3,10,3,5,3,8,21,0,3,0,1,3,0,16,3,0,0,11,40,7,0,8,3,17,0,8,0,2,0,0,0,1552,8
formatter,b8ae0e9ee825b6a435c9717df1bb60aaa7086462,0,2767972.1666666665,94825130.66666667,5,3,3,33,13,8,22,28,83,236,120,50,7,184,4,26,0,0,0,5,0,0,0,0,0,0,3,13,2,0,0,0,2,5,5,0,0,0,3,0,65,2,0,0,60,10,55,0,0,0,0,66,0,32,1,68,0,0,0,0,0,0,0,0,84,0,0,68,43,30,3,71,4,3,12,72,0,2,1,72,0,0,0,4,1,73,1,0,7,75,2,2,11,35,77,113,2,2,35,89,53,1,1,89,45,60,21,29,16,16,3,10,3,5,3,8,21,0,3,0,1,3,0,16,3,0,0,11,40,7,0,8,3,17,0,8,0,2,0,0,0,1552,8
pgsql,5315f1548643a60ba7c25521f1ac9f4b3f0a2845,0,nan,nan,6,0,2,61,30,17,90,49,239,282,121,63,16,131,5,10,0,0,2,11,3,0,0,0,0,0,0,3,3,2,15,5,7,5,5,6,0,0,7,0,14,8,0,1,1,5,0,0,0,0,0,18,0,67,4,21,0,0,1,0,0,0,0,0,23,1,0,21,11,10,7,23,5,7,11,29,1,5,3,32,5,5,5,4,10,42,10,0,4,50,8,8,4,19,58,78,8,8,27,71,31,9,9,71,31,43,16,28,20,20,2,5,0,4,3,4,20,1,6,0,1,1,0,20,1,1,1,11,9,6,0,6,2,6,3,10,0,17,3,1,0,1931,9
cst,5315f1548643a60ba7c25521f1ac9f4b3f0a2845,0,nan,nan,6,0,2,61,30,17,90,49,239,282,121,63,16,131,5,10,0,0,2,11,3,0,0,0,0,0,0,3,3,2,15,5,7,5,5,6,0,0,7,0,14,8,0,1,1,5,0,0,0,0,0,18,0,67,4,21,0,0,1,0,0,0,0,0,23,1,0,21,11,10,7,23,5,7,11,29,1,5,3,32,5,5,5,4,10,42,10,0,4,50,8,8,4,19,58,78,8,8,27,71,31,9,9,71,31,43,16,28,20,20,2,5,0,4,3,4,20,1,6,0,1,1,0,20,1,1,1,11,9,6,0,6,2,6,3,10,0,17,3,1,0,1931,9
formatter,5315f1548643a60ba7c25521f1ac9f4b3f0a2845,0,2997796.0,94807654.4,6,0,2,61,30,17,90,49,239,282,121,63,16,131,5,10,0,0,2,11,3,0,0,0,0,0,0,3,3,2,15,5,7,5,5,6,0,0,7,0,14,8,0,1,1,5,0,0,0,0,0,18,0,67,4,21,0,0,1,0,0,0,0,0,23,1,0,21,11,10,7,23,5,7,11,29,1,5,3,32,5,5,5,4,10,42,10,0,4,50,8,8,4,19,58,78,8,8,27,71,31,9,9,71,31,43,16,28,20,20,2,5,0,4,3,4,20,1,6,0,1,1,0,20,1,1,1,11,9,6,0,6,2,6,3,10,0,17,3,1,0,1931,9
pgsql,2ea90fe1748af741e02113f442b383d556633d50,0,nan,nan,9,1,3,60,25,13,84,48,185,296,134,61,16,140,8,22,0,0,2,12,2,0,0,0,0,0,3,14,2,2,20,4,10,6,6,6,0,0,4,0,14,13,0,3,0,3,0,0,0,0,0,22,0,17,4,30,0,0,2,0,0,0,0,0,41,1,0,30,21,11,9,37,10,9,10,39,1,4,1,40,4,4,4,1,9,49,9,1,1,55,6,6,1,23,60,85,5,5,24,66,36,5,5,66,36,37,18,18,13,13,2,4,3,7,3,1,24,2,3,0,0,3,1,14,2,0,0,3,19,0,4,13,4,20,0,14,0,3,4,1,0,1853,9
cst,2ea90fe1748af741e02113f442b383d556633d50,0,nan,nan,9,1,3,60,25,13,84,48,185,296,134,61,16,140,8,22,0,0,2,12,2,0,0,0,0,0,3,14,2,2,20,4,10,6,6,6,0,0,4,0,14,13,0,3,0,3,0,0,0,0,0,22,0,17,4,30,0,0,2,0,0,0,0,0,41,1,0,30,21,11,9,37,10,9,10,39,1,4,1,40,4,4,4,1,9,49,9,1,1,55,6,6,1,23,60,85,5,5,24,66,36,5,5,66,36,37,18,18,13,13,2,4,3,7,3,1,24,2,3,0,0,3,1,14,2,0,0,3,19,0,4,13,4,20,0,14,0,3,4,1,0,1853,9
formatter,2ea90fe1748af741e02113f442b383d556633d50,0,3072208.375,95850496.0,9,1,3,60,25,13,84,48,185,296,134,61,16,140,8,22,0,0,2,12,2,0,0,0,0,0,3,14,2,2,20,4,10,6,6,6,0,0,4,0,14,13,0,3,0,3,0,0,0,0,0,22,0,17,4,30,0,0,2,0,0,0,0,0,41,1,0,30,21,11,9,37,10,9,10,39,1,4,1,40,4,4,4,1,9,49,9,1,1,55,6,6,1,23,60,85,5,5,24,66,36,5,5,66,36,37,18,18,13,13,2,4,3,7,3,1,24,2,3,0,0,3,1,14,2,0,0,3,19,0,4,13,4,20,0,14,0,3,4,1,0,1853,9
pgsql,282d55bbbdc8efbf41bc60781d2a3f8c232107c1,0,nan,nan,16,4,7,63,31,13,76,50,227,321,152,72,16,155,15,15,0,0,3,23,6,0,0,0,1,0,11,8,1,3,24,9,17,11,11,12,0,0,3,1,9,23,1,6,1,2,0,0,1,1,0,13,0,49,1,19,1,0,0,1,0,0,0,0,22,0,0,19,13,4,8,20,7,8,7,24,0,4,2,26,2,2,2,3,6,32,6,0,3,38,6,6,3,17,43,61,5,5,22,49,22,3,3,49,14,28,11,20,4,4,1,4,2,5,3,2,13,0,1,0,0,4,1,5,1,0,0,11,12,1,17,0,0,8,8,8,0,2,1,0,0,1967,18
cst,282d55bbbdc8efbf41bc60781d2a3f8c232107c1,0,1605757.0,129013077.33333333,16,4,7,63,31,13,76,50,227,321,152,72,16,155,15,15,0,0,3,23,6,0,0,0,1,0,11,8,1,3,24,9,17,11,11,12,0,0,3,1,9,23,1,6,1,2,0,0,1,1,0,13,0,49,1,19,1,0,0,1,0,0,0,0,22,0,0,19,13,4,8,20,7,8,7,24,0,4,2,26,2,2,2,3,6,32,6,0,3,38,6,6,3,17,43,61,5,5,22,49,22,3,3,49,14,28,11,20,4,4,1,4,2,5,3,2,13,0,1,0,0,4,1,5,1,0,0,11,12,1,17,0,0,8,8,8,0,2,1,0,0,1967,18
formatter,282d55bbbdc8efbf41bc60781d2a3f8c232107c1,0,3079567.75,94994432.0,16,4,7,63,31,13,76,50,227,321,152,72,16,155,15,15,0,0,3,23,6,0,0,0,1,0,11,8,1,3,24,9,17,11,11,12,0,0,3,1,9,23,1,6,1,2,0,0,1,1,0,13,0,49,1,19,1,0,0,1,0,0,0,0,22,0,0,19,13,4,8,20,7,8,7,24,0,4,2,26,2,2,2,3,6,32,6,0,3,38,6,6,3,17,43,61,5,5,22,49,22,3,3,49,14,28,11,20,4,4,1,4,2,5,3,2,13,0,1,0,0,4,1,5,1,0,0,11,12,1,17,0,0,8,8,8,0,2,1,0,0,1967,18
pgsql,61af543b0ec999512493f70e0625a86d16754e15,0,nan,nan,10,2,4,60,34,14,73,49,159,276,139,78,11,119,9,35,0,0,2,13,6,10,0,0,0,0,3,15,5,2,16,8,11,9,9,4,20,10,1,0,28,14,1,3,0,2,0,0,0,0,0,31,0,85,1,33,0,0,0,0,0,0,0,0,47,0,0,33,23,9,2,35,4,2,6,38,1,2,1,39,1,1,1,1,3,42,3,0,1,49,7,7,1,26,56,68,7,7,26,62,25,5,5,62,28,35,20,19,11,11,1,1,5,12,4,4,23,0,3,0,0,1,0,11,0,1,0,15,1,8,14,4,3,8,9,10,0,5,1,0,0,1866,14
cst,61af543b0ec999512493f70e0625a86d16754e15,0,1908838.5,131092480.0,10,2,4,60,34,14,73,49,159,276,139,78,11,119,9,35,0,0,2,13,6,10,0,0,0,0,3,15,5,2,16,8,11,9,9,4,20,10,1,0,28,14,1,3,0,2,0,0,0,0,0,31,0,85,1,33,0,0,0,0,0,0,0,0,47,0,0,33,23,9,2,35,4,2,6,38,1,2,1,39,1,1,1,1,3,42,3,0,1,49,7,7,1,26,56,68,7,7,26,62,25,5,5,62,28,35,20,19,11,11,1,1,5,12,4,4,23,0,3,0,0,1,0,11,0,1,0,15,1,8,14,4,3,8,9,10,0,5,1,0,0,1866,14
formatter,61af543b0ec999512493f70e0625a86d16754e15,0,2861458.1666666665,94066005.33333333,10,2,4,60,34,14,73,49,159,276,139,78,11,119,9,35,0,0,2,13,6,10,0,0,0,0,3,15,5,2,16,8,11,9,9,4,20,10,1,0,28,14,1,3,0,2,0,0,0,0,0,31,0,85,1,33,0,0,0,0,0,0,0,0,47,0,0,33,23,9,2,35,4,2,6,38,1,2,1,39,1,1,1,1,3,42,3,0,1,49,7,7,1,26,56,68,7,7,26,62,25,5,5,62,28,35,20,19,11,11,1,1,5,12,4,4,23,0,3,0,0,1,0,11,0,1,0,15,1,8,14,4,3,8,9,10,0,5,1,0,0,1866,14
pgsql,7d4aa886f86350b180ffaa22e752eb31d299e3bf,0,nan,nan,14,6,10,62,35,12,41,53,199,311,139,73,15,148,13,32,0,0,4,20,8,14,3,0,0,0,4,11,4,4,21,12,16,9,9,11,28,14,3,3,31,22,1,6,0,1,0,0,0,0,0,33,0,18,2,34,0,0,0,0,0,0,0,0,45,0,0,34,27,16,0,36,2,0,4,37,0,0,2,37,0,0,1,3,1,38,1,0,3,41,3,3,6,25,42,61,1,1,16,49,28,1,1,49,21,29,15,20,9,9,1,4,1,1,5,2,16,0,3,0,0,1,0,9,1,0,1,4,19,0,0,2,1,5,1,10,0,1,0,0,0,1914,18
cst,7d4aa886f86350b180ffaa22e752eb31d299e3bf,0,nan,nan,14,6,10,62,35,12,41,53,199,311,139,73,15,148,13,32,0,0,4,20,8,14,3,0,0,0,4,11,4,4,21,12,16,9,9,11,28,14,3,3,31,22,1,6,0,1,0,0,0,0,0,33,0,18,2,34,0,0,0,0,0,0,0,0,45,0,0,34,27,16,0,36,2,0,4,37,0,0,2,37,0,0,1,3,1,38,1,0,3,41,3,3,6,25,42,61,1,1,16,49,28,1,1,49,21,29,15,20,9,9,1,4,1,1,5,2,16,0,3,0,0,1,0,9,1,0,1,4,19,0,0,2,1,5,1,10,0,1,0,0,0,1914,18
formatter,7d4aa886f86350b180ffaa22e752eb31d299e3bf,0,3017049.0,94934357.33333333,14,6,10,62,35,12,41,53,199,311,139,73,15,148,13,32,0,0,4,20,8,14,3,0,0,0,4,11,4,4,21,12,16,9,9,11,28,14,3,3,31,22,1,6,0,1,0,0,0,0,0,33,0,18,2,34,0,0,0,0,0,0,0,0,45,0,0,34,27,16,0,36,2,0,4,37,0,0,2,37,0,0,1,3,1,38,1,0,3,41,3,3,6,25,42,61,1,1,16,49,28,1,1,49,21,29,15,20,9,9,1,4,1,1,5,2,16,0,3,0,0,1,0,9,1,0,1,4,19,0,0,2,1,5,1,10,0,1,0,0,0,1914,18
pgsql,6b285dfdcd0adde9fd25e974c3767c8f85bc92ed,0,nan,nan,4,0,2,41,21,11,39,34,109,309,136,68,19,100,3,26,0,0,2,7,3,4,0,0,0,0,2,14,2,2,7,5,6,4,4,3,8,4,7,0,27,7,1,1,0,4,0,0,0,0,0,31,0,94,4,35,0,0,0,0,0,0,0,0,45,0,0,35,25,12,2,41,8,2,13,46,3,1,4,52,6,6,6,7,5,57,5,0,8,65,8,8,10,21,71,105,6,6,26,86,48,5,5,86,41,51,21,26,18,18,5,7,2,6,6,1,24,0,4,3,0,4,0,18,3,2,0,17,19,10,1,12,3,17,9,12,3,9,2,0,0,1883,8
cst,6b285dfdcd0adde9fd25e974c3767c8f85bc92ed,0,2427027.6666666665,135686826.66666666,4,0,2,41,21,11,39,34,109,309,136,68,19,100,3,26,0,0,2,7,3,4,0,0,0,0,2,14,2,2,7,5,6,4,4,3,8,4,7,0,27,7,1,1,0,4,0,0,0,0,0,31,0,94,4,35,0,0,0,0,0,0,0,0,45,0,0,35,25,12,2,41,8,2,13,46,3,1,4,52,6,6,6,7,5,57,5,0,8,65,8,8,10,21,71,105,6,6,26,86,48,5,5,86,41,51,21,26,18,18,5,7,2,6,6,1,24,0,4,3,0,4,0,18,3,2,0,17,19,10,1,12,3,17,9,12,3,9,2,0,0,1883,8
formatter,6b285dfdcd0adde9fd25e974c3767c8f85bc92ed,0,2884847.3333333335,95491413.33333333,4,0,2,41,21,11,39,34,109,309,136,68,19,100,3,26,0,0,2,7,3,4,0,0,0,0,2,14,2,2,7,5,6,4,4,3,8,4,7,0,27,7,1,1,0,4,0,0,0,0,0,31,0,94,4,35,0,0,0,0,0,0,0,0,45,0,0,35,25,12,2,41,8,2,13,46,3,1,4,52,6,6,6,7,5,57,5,0,8,65,8,8,10,21,71,105,6,6,26,86,48,5,5,86,41,51,21,26,18,18,5,7,2,6,6,1,24,0,4,3,0,4,0,18,3,2,0,17,19,10,1,12,3,17,9,12,3,9,2,0,0,1883,8
pgsql,7a129ca0064643cbc51c7678527900ffedce53f7,0,nan,nan,1,0,1,47,21,11,49,39,134,303,137,65,10,109,0,24,0,0,1,3,1,1,0,0,0,0,1,9,3,1,3,2,2,1,1,2,3,2,7,0,27,3,0,1,0,5,0,0,0,0,0,37,0,37,2,41,0,0,1,0,0,0,0,0,50,0,0,41,20,20,7,47,11,7,16,52,1,6,1,58,6,6,6,1,7,65,7,0,1,72,7,7,1,29,82,108,10,10,32,92,51,9,9,92,51,43,27,33,20,20,5,3,3,7,3,0,31,1,7,2,0,7,1,21,5,2,3,7,8,15,13,2,1,11,0,17,2,9,3,0,0,1900,8
cst,7a129ca0064643cbc51c7678527900ffedce53f7,0,nan,nan,1,0,1,47,21,11,49,39,134,303,137,65,10,109,0,24,0,0,1,3,1,1,0,0,0,0,1,9,3,1,3,2,2,1,1,2,3,2,7,0,27,3,0,1,0,5,0,0,0,0,0,37,0,37,2,41,0,0,1,0,0,0,0,0,50,0,0,41,20,20,7,47,11,7,16,52,1,6,1,58,6,6,6,1,7,65,7,0,1,72,7,7,1,29,82,108,10,10,32,92,51,9,9,92,51,43,27,33,20,20,5,3,3,7,3,0,31,1,7,2,0,7,1,21,5,2,3,7,8,15,13,2,1,11,0,17,2,9,3,0,0,1900,8
formatter,7a129ca0064643cbc51c7678527900ffedce53f7,0,3059847.0,96146773.33333333,1,0,1,47,21,11,49,39,134,303,137,65,10,109,0,24,0,0,1,3,1,1,0,0,0,0,1,9,3,1,3,2,2,1,1,2,3,2,7,0,27,3,0,1,0,5,0,0,0,0,0,37,0,37,2,41,0,0,1,0,0,0,0,0,50,0,0,41,20,20,7,47,11,7,16,52,1,6,1,58,6,6,6,1,7,65,7,0,1,72,7,7,1,29,82,108,10,10,32,92,51,9,9,92,51,43,27,33,20,20,5,3,3,7,3,0,31,1,7,2,0,7,1,21,5,2,3,7,8,15,13,2,1,11,0,17,2,9,3,0,0,1900,8
pgsql,945e9f0e45d74f0313b2e6af595bb14c35fa2187,0,nan,nan,4,1,3,68,31,14,80,57,202,289,136,62,9,110,3,16,0,0,2,7,2,4,0,0,0,1,2,5,1,2,14,4,7,2,2,5,12,8,3,0,25,11,1,4,0,1,0,0,0,0,0,30,1,36,0,31,0,0,1,0,0,0,0,0,35,0,0,31,17,10,3,34,5,3,10,41,0,2,6,45,5,5,6,7,3,48,3,0,10,57,9,9,11,18,63,96,6,6,27,81,44,7,7,81,34,50,24,26,16,16,2,2,2,7,4,3,27,1,3,1,0,0,1,17,1,2,1,7,6,6,2,12,3,21,0,6,1,5,2,0,0,1870,9
cst,945e9f0e45d74f0313b2e6af595bb14c35fa2187,0,nan,nan,4,1,3,68,31,14,80,57,202,289,136,62,9,110,3,16,0,0,2,7,2,4,0,0,0,1,2,5,1,2,14,4,7,2,2,5,12,8,3,0,25,11,1,4,0,1,0,0,0,0,0,30,1,36,0,31,0,0,1,0,0,0,0,0,35,0,0,31,17,10,3,34,5,3,10,41,0,2,6,45,5,5,6,7,3,48,3,0,10,57,9,9,11,18,63,96,6,6,27,81,44,7,7,81,34,50,24,26,16,16,2,2,2,7,4,3,27,1,3,1,0,0,1,17,1,2,1,7,6,6,2,12,3,21,0,6,1,5,2,0,0,1870,9
formatter,945e9f0e45d74f0313b2e6af595bb14c35fa2187,0,2919444.3333333335,95447722.66666667,4,1,3,68,31,14,80,57,202,289,136,62,9,110,3,16,0,0,2,7,2,4,0,0,0,1,2,5,1,2,14,4,7,2,2,5,12,8,3,0,25,11,1,4,0,1,0,0,0,0,0,30,1,36,0,31,0,0,1,0,0,0,0,0,35,0,0,31,17,10,3,34,5,3,10,41,0,2,6,45,5,5,6,7,3,48,3,0,10,57,9,9,11,18,63,96,6,6,27,81,44,7,7,81,34,50,24,26,16,16,2,2,2,7,4,3,27,1,3,1,0,0,1,17,1,2,1,7,6,6,2,12,3,21,0,6,1,5,2,0,0,1870,9
pgsql,e51f5c778252b3a858bc91ff22a7d76bc7fe03f8,0,nan,nan,6,3,5,45,22,8,50,40,166,304,141,79,9,125,5,23,0,0,2,10,2,6,0,0,0,0,5,14,3,2,13,4,7,7,7,3,18,12,0,0,31,9,1,2,0,3,0,0,1,3,1,38,0,23,0,43,1,1,1,1,2,1,0,0,49,1,0,43,22,13,3,47,6,3,8,50,1,4,0,54,4,4,4,0,6,60,6,0,0,66,6,6,0,26,67,102,1,1,34,70,52,3,3,70,27,48,12,24,11,11,1,8,2,8,7,4,15,0,3,1,1,2,0,11,1,0,0,6,12,8,12,2,1,29,1,10,1,8,1,0,0,1825,13
cst,e51f5c778252b3a858bc91ff22a7d76bc7fe03f8,0,3492762.4,150021734.4,6,3,5,45,22,8,50,40,166,304,141,79,9,125,5,23,0,0,2,10,2,6,0,0,0,0,5,14,3,2,13,4,7,7,7,3,18,12,0,0,31,9,1,2,0,3,0,0,1,3,1,38,0,23,0,43,1,1,1,1,2,1,0,0,49,1,0,43,22,13,3,47,6,3,8,50,1,4,0,54,4,4,4,0,6,60,6,0,0,66,6,6,0,26,67,102,1,1,34,70,52,3,3,70,27,48,12,24,11,11,1,8,2,8,7,4,15,0,3,1,1,2,0,11,1,0,0,6,12,8,12,2,1,29,1,10,1,8,1,0,0,1825,13
formatter,e51f5c778252b3a858bc91ff22a7d76bc7fe03f8,0,3014395.8333333335,95360341.33333333,6,3,5,45,22,8,50,40,166,304,141,79,9,125,5,23,0,0,2,10,2,6,0,0,0,0,5,14,3,2,13,4,7,7,7,3,18,12,0,0,31,9,1,2,0,3,0,0,1,3,1,38,0,23,0,43,1,1,1,1,2,1,0,0,49,1,0,43,22,13,3,47,6,3,8,50,1,4,0,54,4,4,4,0,6,60,6,0,0,66,6,6,0,26,67,102,1,1,34,70,52,3,3,70,27,48,12,24,11,11,1,8,2,8,7,4,15,0,3,1,1,2,0,11,1,0,0,6,12,8,12,2,1,29,1,10,1,8,1,0,0,1825,13
pgsql,8cd887597fe66c074f4d6c39a450450b720046c5,0,nan,nan,9,2,4,34,12,5,23,29,67,273,125,61,9,169,8,34,0,0,2,12,6,9,0,0,1,0,4,17,6,2,2,8,7,8,8,4,54,45,0,1,59,15,0,8,0,1,0,0,1,3,1,60,0,21,0,60,2,0,2,2,2,2,0,0,72,0,0,60,34,21,1,60,1,1,6,61,1,1,0,61,0,0,0,0,2,63,2,0,0,65,2,2,0,28,68,87,3,3,31,68,44,0,0,68,24,42,16,23,10,10,1,3,0,3,10,5,17,0,5,0,0,3,0,10,1,0,0,6,4,4,0,3,1,31,0,12,0,0,0,0,0,1720,11
cst,8cd887597fe66c074f4d6c39a450450b720046c5,0,1688737.6,132192665.6,9,2,4,34,12,5,23,29,67,273,125,61,9,169,8,34,0,0,2,12,6,9,0,0,1,0,4,17,6,2,2,8,7,8,8,4,54,45,0,1,59,15,0,8,0,1,0,0,1,3,1,60,0,21,0,60,2,0,2,2,2,2,0,0,72,0,0,60,34,21,1,60,1,1,6,61,1,1,0,61,0,0,0,0,2,63,2,0,0,65,2,2,0,28,68,87,3,3,31,68,44,0,0,68,24,42,16,23,10,10,1,3,0,3,10,5,17,0,5,0,0,3,0,10,1,0,0,6,4,4,0,3,1,31,0,12,0,0,0,0,0,1720,11
formatter,8cd887597fe66c074f4d6c39a450450b720046c5,0,2896521.1666666665,95120042.66666667,9,2,4,34,12,5,23,29,67,273,125,61,9,169,8,34,0,0,2,12,6,9,0,0,1,0,4,17,6,2,2,8,7,8,8,4,54,45,0,1,59,15,0,8,0,1,0,0,1,3,1,60,0,21,0,60,2,0,2,2,2,2,0,0,72,0,0,60,34,21,1,60,1,1,6,61,1,1,0,61,0,0,0,0,2,63,2,0,0,65,2,2,0,28,68,87,3,3,31,68,44,0,0,68,24,42,16,23,10,10,1,3,0,3,10,5,17,0,5,0,0,3,0,10,1,0,0,6,4,4,0,3,1,31,0,12,0,0,0,0,0,1720,11
pgsql,fb5f043cdd594520869479aace44ffe715a0fd15,0,5757673.5,100750677.33333333,6,3,6,56,26,15,74,41,136,258,135,64,10,181,5,45,0,0,3,11,3,6,0,0,0,0,3,27,8,3,16,6,9,4,4,7,36,30,5,0,44,12,0,3,0,4,0,0,1,3,1,46,0,15,3,47,1,1,1,1,1,0,0,0,62,0,0,47,30,19,1,48,2,1,8,48,3,0,0,48,0,0,0,0,0,48,0,0,0,50,2,2,0,28,52,69,2,2,24,52,32,0,0,52,29,30,16,13,19,19,1,3,1,3,7,1,16,1,4,0,0,1,0,19,1,0,1,2,14,0,10,1,1,28,0,6,0,9,0,0,0,1867,12
cst,fb5f043cdd594520869479aace44ffe715a0fd15,0,nan,nan,6,3,6,56,26,15,74,41,136,258,135,64,10,181,5,45,0,0,3,11,3,6,0,0,0,0,3,27,8,3,16,6,9,4,4,7,36,30,5,0,44,12,0,3,0,4,0,0,1,3,1,46,0,15,3,47,1,1,1,1,1,0,0,0,62,0,0,47,30,19,1,48,2,1,8,48,3,0,0,48,0,0,0,0,0,48,0,0,0,50,2,2,0,28,52,69,2,2,24,52,32,0,0,52,29,30,16,13,19,19,1,3,1,3,7,1,16,1,4,0,0,1,0,19,1,0,1,2,14,0,10,1,1,28,0,6,0,9,0,0,0,1867,12
formatter,fb5f043cdd594520869479aace44ffe715a0fd15,0,2906640.5,95768576.0,6,3,6,56,26,15,74,41,136,258,135,64,10,181,5,45,0,0,3,11,3,6,0,0,0,0,3,27,8,3,16,6,9,4,4,7,36,30,5,0,44,12,0,3,0,4,0,0,1,3,1,46,0,15,3,47,1,1,1,1,1,0,0,0,62,0,0,47,30,19,1,48,2,1,8,48,3,0,0,48,0,0,0,0,0,48,0,0,0,50,2,2,0,28,52,69,2,2,24,52,32,0,0,52,29,30,16,13,19,19,1,3,1,3,7,1,16,1,4,0,0,1,0,19,1,0,1,2,14,0,10,1,1,28,0,6,0,9,0,0,0,1867,12
pgsql,a69d0bc5fefd939e9ea1663ee5a20e996f7cfa72,0,nan,nan,6,3,5,38,22,8,40,30,103,297,140,63,9,150,5,28,0,0,2,9,2,6,0,0,0,0,1,13,4,2,10,4,8,7,7,2,36,30,0,0,51,12,2,4,0,1,0,0,0,0,0,51,0,25,0,52,0,0,1,0,0,0,0,0,59,0,0,52,24,22,4,55,5,4,8,56,1,3,0,60,4,4,4,0,3,63,3,0,0,67,4,4,0,37,70,96,3,3,35,76,54,6,6,76,32,49,12,33,9,9,2,5,0,1,11,4,14,1,6,2,0,4,0,9,2,0,1,7,13,0,0,4,1,22,1,4,2,2,0,0,0,1771,9
cst,a69d0bc5fefd939e9ea1663ee5a20e996f7cfa72,0,1675458.3333333333,132519253.33333333,6,3,5,38,22,8,40,30,103,297,140,63,9,150,5,28,0,0,2,9,2,6,0,0,0,0,1,13,4,2,10,4,8,7,7,2,36,30,0,0,51,12,2,4,0,1,0,0,0,0,0,51,0,25,0,52,0,0,1,0,0,0,0,0,59,0,0,52,24,22,4,55,5,4,8,56,1,3,0,60,4,4,4,0,3,63,3,0,0,67,4,4,0,37,70,96,3,3,35,76,54,6,6,76,32,49,12,33,9,9,2,5,0,1,11,4,14,1,6,2,0,4,0,9,2,0,1,7,13,0,0,4,1,22,1,4,2,2,0,0,0,1771,9
formatter,a69d0bc5fefd939e9ea1663ee5a20e996f7cfa72,0,2916130.125,95608832.0,6,3,5,38,22,8,40,30,103,297,140,63,9,150,5,28,0,0,2,9,2,6,0,0,0,0,1,13,4,2,10,4,8,7,7,2,36,30,0,0,51,12,2,4,0,1,0,0,0,0,0,51,0,25,0,52,0,0,1,0,0,0,0,0,59,0,0,52,24,22,4,55,5,4,8,56,1,3,0,60,4,4,4,0,3,63,3,0,0,67,4,4,0,37,70,96,3,3,35,76,54,6,6,76,32,49,12,33,9,9,2,5,0,1,11,4,14,1,6,2,0,4,0,9,2,0,1,7,13,0,0,4,1,22,1,4,2,2,0,0,0,1771,9
pgsql,cfc4a0936be1545ca33be693ddf600e67af49f7a,0,nan,nan,5,3,4,35,12,6,28,29,70,252,120,52,11,149,4,32,0,0,1,7,2,5,0,0,0,0,2,18,3,1,1,3,4,4,4,3,60,55,0,0,63,5,0,1,0,1,0,0,0,0,0,63,0,36,0,66,0,0,0,0,0,0,0,0,80,0,0,66,34,23,0,67,1,0,8,67,1,0,0,68,1,1,1,0,2,70,2,0,0,71,1,1,0,38,75,102,4,4,43,75,57,0,0,75,43,47,21,27,10,10,4,8,2,8,5,5,22,0,3,0,0,4,0,10,3,1,2,12,17,0,14,7,2,7,2,13,0,1,1,0,0,1601,6
cst,cfc4a0936be1545ca33be693ddf600e67af49f7a,0,nan,nan,5,3,4,35,12,6,28,29,70,252,120,52,11,149,4,32,0,0,1,7,2,5,0,0,0,0,2,18,3,1,1,3,4,4,4,3,60,55,0,0,63,5,0,1,0,1,0,0,0,0,0,63,0,36,0,66,0,0,0,0,0,0,0,0,80,0,0,66,34,23,0,67,1,0,8,67,1,0,0,68,1,1,1,0,2,70,2,0,0,71,1,1,0,38,75,102,4,4,43,75,57,0,0,75,43,47,21,27,10,10,4,8,2,8,5,5,22,0,3,0,0,4,0,10,3,1,2,12,17,0,14,7,2,7,2,13,0,1,1,0,0,1601,6
formatter,cfc4a0936be1545ca33be693ddf600e67af49f7a,0,2587187.5,94355456.0,5,3,4,35,12,6,28,29,70,252,120,52,11,149,4,32,0,0,1,7,2,5,0,0,0,0,2,18,3,1,1,3,4,4,4,3,60,55,0,0,63,5,0,1,0,1,0,0,0,0,0,63,0,36,0,66,0,0,0,0,0,0,0,0,80,0,0,66,34,23,0,67,1,0,8,67,1,0,0,68,1,1,1,0,2,70,2,0,0,71,1,1,0,38,75,102,4,4,43,75,57,0,0,75,43,47,21,27,10,10,4,8,2,8,5,5,22,0,3,0,0,4,0,10,3,1,2,12,17,0,14,7,2,7,2,13,0,1,1,0,0,1601,6
pgsql,b3923bc9029ea54f2badb7999cff0cfb71d7672f,0,nan,nan,5,3,4,35,20,13,57,23,64,257,124,66,10,167,4,43,0,0,1,7,2,5,0,0,0,0,2,28,4,1,6,3,6,6,6,1,60,55,0,0,62,11,1,5,0,1,0,0,0,0,0,62,0,36,0,63,0,0,0,0,0,0,0,0,79,0,0,63,39,24,0,64,1,0,6,65,0,1,0,65,0,0,0,0,1,66,1,0,0,67,1,1,0,35,69,93,2,2,36,69,39,0,0,69,30,40,16,25,7,7,4,4,1,7,6,4,16,0,10,0,0,2,0,7,2,2,2,11,8,0,6,10,4,16,0,8,0,0,0,0,0,1692,6
cst,b3923bc9029ea54f2badb7999cff0cfb71d7672f,0,1595976.5625,140380160.0,5,3,4,35,20,13,57,23,64,257,124,66,10,167,4,43,0,0,1,7,2,5,0,0,0,0,2,28,4,1,6,3,6,6,6,1,60,55,0,0,62,11,1,5,0,1,0,0,0,0,0,62,0,36,0,63,0,0,0,0,0,0,0,0,79,0,0,63,39,24,0,64,1,0,6,65,0,1,0,65,0,0,0,0,1,66,1,0,0,67,1,1,0,35,69,93,2,2,36,69,39,0,0,69,30,40,16,25,7,7,4,4,1,7,6,4,16,0,10,0,0,2,0,7,2,2,2,11,8,0,6,10,4,16,0,8,0,0,0,0,0,1692,6
formatter,b3923bc9029ea54f2badb7999cff0cfb71d7672f,0,2673014.1666666665,94710442.66666667,5,3,4,35,20,13,57,23,64,257,124,66,10,167,4,43,0,0,1,7,2,5,0,0,0,0,2,28,4,1,6,3,6,6,6,1,60,55,0,0,62,11,1,5,0,1,0,0,0,0,0,62,0,36,0,63,0,0,0,0,0,0,0,0,79,0,0,63,39,24,0,64,1,0,6,65,0,1,0,65,0,0,0,0,1,66,1,0,0,67,1,1,0,35,69,93,2,2,36,69,39,0,0,69,30,40,16,25,7,7,4,4,1,7,6,4,16,0,10,0,0,2,0,7,2,2,2,11,8,0,6,10,4,16,0,8,0,0,0,0,0,1692,6
pgsql,3c2d3389dd35deeb289d5cc083c33f99f29f1dcd,0,nan,nan,2,1,2,33,15,3,11,33,122,299,137,59,13,137,1,43,0,0,1,4,1,2,0,0,0,0,0,16,6,1,9,2,4,0,0,4,24,22,6,0,41,5,0,1,0,7,0,0,0,0,0,45,0,52,3,50,0,0,2,0,0,0,0,0,68,1,0,50,40,22,1,55,6,1,12,57,4,2,0,60,3,3,3,0,4,64,4,0,0,70,6,6,0,32,77,112,7,7,40,83,59,6,6,83,33,57,12,26,11,11,3,8,2,6,3,3,13,2,4,3,0,4,0,11,2,2,1,8,22,2,9,1,2,11,0,6,3,6,1,1,0,1811,7
cst,3c2d3389dd35deeb289d5cc083c33f99f29f1dcd,0,1903323.0,130998272.0,2,1,2,33,15,3,11,33,122,299,137,59,13,137,1,43,0,0,1,4,1,2,0,0,0,0,0,16,6,1,9,2,4,0,0,4,24,22,6,0,41,5,0,1,0,7,0,0,0,0,0,45,0,52,3,50,0,0,2,0,0,0,0,0,68,1,0,50,40,22,1,55,6,1,12,57,4,2,0,60,3,3,3,0,4,64,4,0,0,70,6,6,0,32,77,112,7,7,40,83,59,6,6,83,33,57,12,26,11,11,3,8,2,6,3,3,13,2,4,3,0,4,0,11,2,2,1,8,22,2,9,1,2,11,0,6,3,6,1,1,0,1811,7
formatter,3c2d3389dd35deeb289d5cc083c33f99f29f1dcd,0,2872781.375,95694848.0,2,1,2,33,15,3,11,33,122,299,137,59,13,137,1,43,0,0,1,4,1,2,0,0,0,0,0,16,6,1,9,2,4,0,0,4,24,22,6,0,41,5,0,1,0,7,0,0,0,0,0,45,0,52,3,50,0,0,2,0,0,0,0,0,68,1,0,50,40,22,1,55,6,1,12,57,4,2,0,60,3,3,3,0,4,64,4,0,0,70,6,6,0,32,77,112,7,7,40,83,59,6,6,83,33,57,12,26,11,11,3,8,2,6,3,3,13,2,4,3,0,4,0,11,2,2,1,8,22,2,9,1,2,11,0,6,3,6,1,1,0,1811,7
pgsql,b1d86ccdba70ae9d483c17af3fabfc16620f4803,0,nan,nan,19,4,10,76,33,15,60,61,301,305,117,60,17,212,18,22,0,0,6,26,10,0,4,0,0,0,4,6,3,6,37,16,18,14,14,12,0,0,6,4,10,28,0,10,2,4,1,0,1,1,0,10,0,12,3,12,1,0,1,1,0,0,0,0,17,0,0,12,10,8,5,14,5,5,9,17,0,4,1,18,1,1,1,1,3,21,3,0,1,24,3,3,2,7,28,43,4,4,9,32,22,2,2,32,16,17,8,13,7,7,1,1,0,2,4,0,9,1,2,1,0,1,0,7,1,0,0,1,6,0,1,0,0,11,0,4,1,7,0,0,0,1968,25
cst,b1d86ccdba70ae9d483c17af3fabfc16620f4803,0,1494520.8333333333,130165418.66666667,19,4,10,76,33,15,60,61,301,305,117,60,17,212,18,22,0,0,6,26,10,0,4,0,0,0,4,6,3,6,37,16,18,14,14,12,0,0,6,4,10,28,0,10,2,4,1,0,1,1,0,10,0,12,3,12,1,0,1,1,0,0,0,0,17,0,0,12,10,8,5,14,5,5,9,17,0,4,1,18,1,1,1,1,3,21,3,0,1,24,3,3,2,7,28,43,4,4,9,32,22,2,2,32,16,17,8,13,7,7,1,1,0,2,4,0,9,1,2,1,0,1,0,7,1,0,0,1,6,0,1,0,0,11,0,4,1,7,0,0,0,1968,25
formatter,b1d86ccdba70ae9d483c17af3fabfc16620f4803,0,3536257.0,112831146.66666667,19,4,10,76,33,15,60,61,301,305,117,60,17,212,18,22,0,0,6,26,10,0,4,0,0,0,4,6,3,6,37,16,18,14,14,12,0,0,6,4,10,28,0,10,2,4,1,0,1,1,0,10,0,12,3,12,1,0,1,1,0,0,0,0,17,0,0,12,10,8,5,14,5,5,9,17,0,4,1,18,1,1,1,1,3,21,3,0,1,24,3,3,2,7,28,43,4,4,9,32,22,2,2,32,16,17,8,13,7,7,1,1,0,2,4,0,9,1,2,1,0,1,0,7,1,0,0,1,6,0,1,0,0,11,0,4,1,7,0,0,0,1968,25
pgsql,32241571382df8872a78d5a57937a32a323e5c79,0,nan,nan,20,6,13,67,26,11,72,56,187,320,132,68,17,178,19,36,0,0,7,29,8,0,2,0,1,0,6,21,12,7,15,15,20,18,18,11,0,0,4,3,11,33,2,13,0,2,0,0,1,4,2,15,0,13,2,18,2,1,1,1,2,1,0,0,22,0,0,18,10,7,7,20,6,7,12,26,0,4,3,26,2,2,2,3,6,32,6,0,3,33,1,1,3,12,34,49,1,1,15,40,26,3,3,40,13,23,10,14,5,5,1,2,1,3,0,1,12,0,2,1,0,2,0,5,1,0,0,2,5,2,6,5,1,0,0,9,1,2,2,0,0,1981,24
cst,32241571382df8872a78d5a57937a32a323e5c79,0,nan,nan,20,6,13,67,26,11,72,56,187,320,132,68,17,178,19,36,0,0,7,29,8,0,2,0,1,0,6,21,12,7,15,15,20,18,18,11,0,0,4,3,11,33,2,13,0,2,0,0,1,4,2,15,0,13,2,18,2,1,1,1,2,1,0,0,22,0,0,18,10,7,7,20,6,7,12,26,0,4,3,26,2,2,2,3,6,32,6,0,3,33,1,1,3,12,34,49,1,1,15,40,26,3,3,40,13,23,10,14,5,5,1,2,1,3,0,1,12,0,2,1,0,2,0,5,1,0,0,2,5,2,6,5,1,0,0,9,1,2,2,0,0,1981,24
formatter,32241571382df8872a78d5a57937a32a323e5c79,0,3481687.6666666665,115518122.66666667,20,6,13,67,26,11,72,56,187,320,132,68,17,178,19,36,0,0,7,29,8,0,2,0,1,0,6,21,12,7,15,15,20,18,18,11,0,0,4,3,11,33,2,13,0,2,0,0,1,4,2,15,0,13,2,18,2,1,1,1,2,1,0,0,22,0,0,18,10,7,7,20,6,7,12,26,0,4,3,26,2,2,2,3,6,32,6,0,3,33,1,1,3,12,34,49,1,1,15,40,26,3,3,40,13,23,10,14,5,5,1,2,1,3,0,1,12,0,2,1,0,2,0,5,1,0,0,2,5,2,6,5,1,0,0,9,1,2,2,0,0,1981,24
pgsql,ce9f54c3d20d0d967fa0d54977b0ed9099492cb3,0,nan,nan,8,0,4,62,31,16,72,46,183,312,158,78,19,129,7,16,0,0,4,16,8,0,0,0,0,0,2,7,4,4,12,12,12,11,11,5,0,0,9,0,12,19,2,7,0,2,0,0,0,0,0,16,0,44,4,20,0,0,0,0,0,0,0,0,25,0,0,20,12,10,4,22,4,4,12,26,2,1,3,28,4,4,4,3,7,35,7,0,3,43,8,8,5,18,49,80,6,6,26,61,38,7,7,61,31,39,15,24,19,19,3,5,2,7,2,5,18,0,4,0,0,0,1,20,3,1,2,10,11,10,10,16,3,2,1,6,0,12,2,0,0,1992,13
cst,ce9f54c3d20d0d967fa0d54977b0ed9099492cb3,0,nan,nan,8,0,4,62,31,16,72,46,183,312,158,78,19,129,7,16,0,0,4,16,8,0,0,0,0,0,2,7,4,4,12,12,12,11,11,5,0,0,9,0,12,19,2,7,0,2,0,0,0,0,0,16,0,44,4,20,0,0,0,0,0,0,0,0,25,0,0,20,12,10,4,22,4,4,12,26,2,1,3,28,4,4,4,3,7,35,7,0,3,43,8,8,5,18,49,80,6,6,26,61,38,7,7,61,31,39,15,24,19,19,3,5,2,7,2,5,18,0,4,0,0,0,1,20,3,1,2,10,11,10,10,16,3,2,1,6,0,12,2,0,0,1992,13
formatter,ce9f54c3d20d0d967fa0d54977b0ed9099492cb3,0,3566632.875,99960832.0,8,0,4,62,31,16,72,46,183,312,158,78,19,129,7,16,0,0,4,16,8,0,0,0,0,0,2,7,4,4,12,12,12,11,11,5,0,0,9,0,12,19,2,7,0,2,0,0,0,0,0,16,0,44,4,20,0,0,0,0,0,0,0,0,25,0,0,20,12,10,4,22,4,4,12,26,2,1,3,28,4,4,4,3,7,35,7,0,3,43,8,8,5,18,49,80,6,6,26,61,38,7,7,61,31,39,15,24,19,19,3,5,2,7,2,5,18,0,4,0,0,0,1,20,3,1,2,10,11,10,10,16,3,2,1,6,0,12,2,0,0,1992,13
pgsql,759b5795a304358c1009afee740f338e20299a16,0,nan,nan,6,1,2,46,21,8,44,38,119,285,120,55,14,150,5,27,0,0,1,7,1,0,0,0,0,0,2,16,7,1,8,2,7,0,0,7,0,0,10,0,28,9,0,2,0,10,0,0,0,0,0,33,10,69,4,38,0,0,0,0,0,0,0,0,51,0,0,38,26,21,5,41,7,5,19,48,1,8,0,54,6,6,6,0,7,61,7,0,0,74,13,13,0,32,78,107,4,4,30,80,59,2,2,80,35,50,15,27,16,16,2,8,1,5,3,3,19,0,8,0,0,3,1,17,0,2,0,11,37,5,6,0,0,5,4,8,0,9,2,0,0,1776,13
cst,759b5795a304358c1009afee740f338e20299a16,0,2413229.125,135843840.0,6,1,2,46,21,8,44,38,119,285,120,55,14,150,5,27,0,0,1,7,1,0,0,0,0,0,2,16,7,1,8,2,7,0,0,7,0,0,10,0,28,9,0,2,0,10,0,0,0,0,0,33,10,69,4,38,0,0,0,0,0,0,0,0,51,0,0,38,26,21,5,41,7,5,19,48,1,8,0,54,6,6,6,0,7,61,7,0,0,74,13,13,0,32,78,107,4,4,30,80,59,2,2,80,35,50,15,27,16,16,2,8,1,5,3,3,19,0,8,0,0,3,1,17,0,2,0,11,37,5,6,0,0,5,4,8,0,9,2,0,0,1776,13
formatter,759b5795a304358c1009afee740f338e20299a16,0,3193548.5,105589418.66666667,6,1,2,46,21,8,44,38,119,285,120,55,14,150,5,27,0,0,1,7,1,0,0,0,0,0,2,16,7,1,8,2,7,0,0,7,0,0,10,0,28,9,0,2,0,10,0,0,0,0,0,33,10,69,4,38,0,0,0,0,0,0,0,0,51,0,0,38,26,21,5,41,7,5,19,48,1,8,0,54,6,6,6,0,7,61,7,0,0,74,13,13,0,32,78,107,4,4,30,80,59,2,2,80,35,50,15,27,16,16,2,8,1,5,3,3,19,0,8,0,0,3,1,17,0,2,0,11,37,5,6,0,0,5,4,8,0,9,2,0,0,1776,13
pgsql,892561def1de569c2563874ea9e6830f2b9856d4,0,nan,nan,12,5,10,54,26,16,36,40,108,296,135,62,17,213,11,33,0,0,5,18,5,0,0,0,0,0,5,17,5,5,9,10,18,0,0,18,0,0,0,0,38,33,0,15,0,18,0,0,0,0,0,41,18,8,0,42,0,0,0,0,0,0,0,0,58,0,0,42,29,15,2,44,4,2,11,47,0,3,0,48,1,1,1,0,3,51,3,0,0,55,4,4,0,22,60,77,5,5,34,62,28,2,2,62,30,38,15,26,11,11,1,4,1,8,2,2,16,0,4,0,0,3,0,11,1,0,0,3,15,7,5,3,2,5,0,10,0,0,0,0,0,1821,19
cst,892561def1de569c2563874ea9e6830f2b9856d4,0,1573958.3,131058892.8,12,5,10,54,26,16,36,40,108,296,135,62,17,213,11,33,0,0,5,18,5,0,0,0,0,0,5,17,5,5,9,10,18,0,0,18,0,0,0,0,38,33,0,15,0,18,0,0,0,0,0,41,18,8,0,42,0,0,0,0,0,0,0,0,58,0,0,42,29,15,2,44,4,2,11,47,0,3,0,48,1,1,1,0,3,51,3,0,0,55,4,4,0,22,60,77,5,5,34,62,28,2,2,62,30,38,15,26,11,11,1,4,1,8,2,2,16,0,4,0,0,3,0,11,1,0,0,3,15,7,5,3,2,5,0,10,0,0,0,0,0,1821,19
formatter,892561def1de569c2563874ea9e6830f2b9856d4,0,3420496.5,105095168.0,12,5,10,54,26,16,36,40,108,296,135,62,17,213,11,33,0,0,5,18,5,0,0,0,0,0,5,17,5,5,9,10,18,0,0,18,0,0,0,0,38,33,0,15,0,18,0,0,0,0,0,41,18,8,0,42,0,0,0,0,0,0,0,0,58,0,0,42,29,15,2,44,4,2,11,47,0,3,0,48,1,1,1,0,3,51,3,0,0,55,4,4,0,22,60,77,5,5,34,62,28,2,2,62,30,38,15,26,11,11,1,4,1,8,2,2,16,0,4,0,0,3,0,11,1,0,0,3,15,7,5,3,2,5,0,10,0,0,0,0,0,1821,19
pgsql,79d26a995386e3d6beb32cd46152a04525b59cb2,0,nan,nan,11,6,9,53,31,12,68,43,173,264,127,62,10,184,10,22,0,0,3,15,3,0,0,0,0,0,4,11,5,3,13,6,15,0,0,15,0,0,2,0,34,21,0,6,0,15,0,0,0,0,0,35,15,107,1,39,0,0,1,0,0,0,0,0,45,0,0,39,19,22,2,40,3,2,7,42,1,1,1,43,1,1,1,1,4,47,4,0,1,51,4,4,1,24,55,66,4,4,28,57,24,1,1,57,26,37,12,20,4,4,3,5,5,10,2,6,12,1,5,0,0,1,0,4,2,1,1,22,6,9,13,5,4,3,12,4,0,3,0,0,0,1842,18
cst,79d26a995386e3d6beb32cd46152a04525b59cb2,0,nan,nan,11,6,9,53,31,12,68,43,173,264,127,62,10,184,10,22,0,0,3,15,3,0,0,0,0,0,4,11,5,3,13,6,15,0,0,15,0,0,2,0,34,21,0,6,0,15,0,0,0,0,0,35,15,107,1,39,0,0,1,0,0,0,0,0,45,0,0,39,19,22,2,40,3,2,7,42,1,1,1,43,1,1,1,1,4,47,4,0,1,51,4,4,1,24,55,66,4,4,28,57,24,1,1,57,26,37,12,20,4,4,3,5,5,10,2,6,12,1,5,0,0,1,0,4,2,1,1,22,6,9,13,5,4,3,12,4,0,3,0,0,0,1842,18
formatter,79d26a995386e3d6beb32cd46152a04525b59cb2,0,3024322.875,94908416.0,11,6,9,53,31,12,68,43,173,264,127,62,10,184,10,22,0,0,3,15,3,0,0,0,0,0,4,11,5,3,13,6,15,0,0,15,0,0,2,0,34,21,0,6,0,15,0,0,0,0,0,35,15,107,1,39,0,0,1,0,0,0,0,0,45,0,0,39,19,22,2,40,3,2,7,42,1,1,1,43,1,1,1,1,4,47,4,0,1,51,4,4,1,24,55,66,4,4,28,57,24,1,1,57,26,37,12,20,4,4,3,5,5,10,2,6,12,1,5,0,0,1,0,4,2,1,1,22,6,9,13,5,4,3,12,4,0,3,0,0,0,1842,18
pgsql,2cab1aa0262ad39efc3f5312998c592747d2de5e,0,nan,nan,6,1,5,49,23,9,36,42,145,262,127,61,15,211,5,28,0,0,4,11,4,0,0,0,0,0,2,10,5,4,11,8,11,0,0,11,0,0,5,0,44,21,0,10,0,13,0,0,0,0,0,47,26,36,3,49,0,0,2,0,0,0,0,0,62,0,0,49,30,16,3,52,5,3,9,54,1,3,0,57,3,3,3,0,4,61,4,0,0,66,5,5,0,36,67,85,1,1,28,69,46,2,2,69,32,44,16,26,11,11,1,6,0,8,4,2,17,2,2,0,0,3,1,12,1,1,0,4,9,5,0,23,5,8,0,13,0,7,1,0,0,1756,14
cst,2cab1aa0262ad39efc3f5312998c592747d2de5e,0,1853104.375,135491584.0,6,1,5,49,23,9,36,42,145,262,127,61,15,211,5,28,0,0,4,11,4,0,0,0,0,0,2,10,5,4,11,8,11,0,0,11,0,0,5,0,44,21,0,10,0,13,0,0,0,0,0,47,26,36,3,49,0,0,2,0,0,0,0,0,62,0,0,49,30,16,3,52,5,3,9,54,1,3,0,57,3,3,3,0,4,61,4,0,0,66,5,5,0,36,67,85,1,1,28,69,46,2,2,69,32,44,16,26,11,11,1,6,0,8,4,2,17,2,2,0,0,3,1,12,1,1,0,4,9,5,0,23,5,8,0,13,0,7,1,0,0,1756,14
formatter,2cab1aa0262ad39efc3f5312998c592747d2de5e,0,3149888.6666666665,98942976.0,6,1,5,49,23,9,36,42,145,262,127,61,15,211,5,28,0,0,4,11,4,0,0,0,0,0,2,10,5,4,11,8,11,0,0,11,0,0,5,0,44,21,0,10,0,13,0,0,0,0,0,47,26,36,3,49,0,0,2,0,0,0,0,0,62,0,0,49,30,16,3,52,5,3,9,54,1,3,0,57,3,3,3,0,4,61,4,0,0,66,5,5,0,36,67,85,1,1,28,69,46,2,2,69,32,44,16,26,11,11,1,6,0,8,4,2,17,2,2,0,0,3,1,12,1,1,0,4,9,5,0,23,5,8,0,13,0,7,1,0,0,1756,14
pgsql,c42a4dffdd6ab6bb2a018ef0b8ea66f23fb48202,0,nan,nan,9,6,8,58,27,10,53,48,175,246,112,58,11,193,8,35,0,0,2,12,2,0,0,0,0,0,1,18,10,2,17,4,12,0,0,12,0,0,0,0,39,20,0,8,0,12,0,0,0,0,0,39,24,90,0,41,0,0,0,0,0,0,0,0,56,0,0,41,38,15,3,43,3,3,8,45,0,2,1,46,2,2,2,1,3,49,3,0,1,54,5,5,1,25,56,72,2,2,29,61,30,4,4,61,27,39,13,20,6,6,3,5,1,4,8,4,14,0,5,0,0,4,0,6,2,1,0,17,10,14,2,1,1,19,9,5,0,2,1,0,0,1725,13
cst,c42a4dffdd6ab6bb2a018ef0b8ea66f23fb48202,0,2011333.1666666667,131705514.66666667,9,6,8,58,27,10,53,48,175,246,112,58,11,193,8,35,0,0,2,12,2,0,0,0,0,0,1,18,10,2,17,4,12,0,0,12,0,0,0,0,39,20,0,8,0,12,0,0,0,0,0,39,24,90,0,41,0,0,0,0,0,0,0,0,56,0,0,41,38,15,3,43,3,3,8,45,0,2,1,46,2,2,2,1,3,49,3,0,1,54,5,5,1,25,56,72,2,2,29,61,30,4,4,61,27,39,13,20,6,6,3,5,1,4,8,4,14,0,5,0,0,4,0,6,2,1,0,17,10,14,2,1,1,19,9,5,0,2,1,0,0,1725,13
formatter,c42a4dffdd6ab6bb2a018ef0b8ea66f23fb48202,0,2872328.25,95064064.0,9,6,8,58,27,10,53,48,175,246,112,58,11,193,8,35,0,0,2,12,2,0,0,0,0,0,1,18,10,2,17,4,12,0,0,12,0,0,0,0,39,20,0,8,0,12,0,0,0,0,0,39,24,90,0,41,0,0,0,0,0,0,0,0,56,0,0,41,38,15,3,43,3,3,8,45,0,2,1,46,2,2,2,1,3,49,3,0,1,54,5,5,1,25,56,72,2,2,29,61,30,4,4,61,27,39,13,20,6,6,3,5,1,4,8,4,14,0,5,0,0,4,0,6,2,1,0,17,10,14,2,1,1,19,9,5,0,2,1,0,0,1725,13
pgsql,e89bf80074d9dc4490f2c542efefd1ab74e8e076,0,nan,nan,5,2,3,45,21,10,70,37,145,275,135,63,8,135,4,24,0,0,1,6,1,0,1,0,0,0,2,14,8,1,2,2,6,0,0,6,0,0,8,1,31,12,0,6,0,7,0,0,0,0,0,33,14,81,4,35,0,0,1,0,0,0,0,0,43,0,0,35,21,17,4,42,9,4,11,45,1,3,2,50,5,5,5,3,5,55,5,0,3,60,5,5,3,24,69,101,9,9,32,80,53,8,8,80,30,52,19,23,21,21,4,3,1,4,9,4,23,1,4,1,0,2,0,21,3,2,1,16,4,0,1,8,3,18,6,9,1,8,3,0,0,1812,9
cst,e89bf80074d9dc4490f2c542efefd1ab74e8e076,0,2929713.75,133038080.0,5,2,3,45,21,10,70,37,145,275,135,63,8,135,4,24,0,0,1,6,1,0,1,0,0,0,2,14,8,1,2,2,6,0,0,6,0,0,8,1,31,12,0,6,0,7,0,0,0,0,0,33,14,81,4,35,0,0,1,0,0,0,0,0,43,0,0,35,21,17,4,42,9,4,11,45,1,3,2,50,5,5,5,3,5,55,5,0,3,60,5,5,3,24,69,101,9,9,32,80,53,8,8,80,30,52,19,23,21,21,4,3,1,4,9,4,23,1,4,1,0,2,0,21,3,2,1,16,4,0,1,8,3,18,6,9,1,8,3,0,0,1812,9
formatter,e89bf80074d9dc4490f2c542efefd1ab74e8e076,0,2967802.125,95756288.0,5,2,3,45,21,10,70,37,145,275,135,63,8,135,4,24,0,0,1,6,1,0,1,0,0,0,2,14,8,1,2,2,6,0,0,6,0,0,8,1,31,12,0,6,0,7,0,0,0,0,0,33,14,81,4,35,0,0,1,0,0,0,0,0,43,0,0,35,21,17,4,42,9,4,11,45,1,3,2,50,5,5,5,3,5,55,5,0,3,60,5,5,3,24,69,101,9,9,32,80,53,8,8,80,30,52,19,23,21,21,4,3,1,4,9,4,23,1,4,1,0,2,0,21,3,2,1,16,4,0,1,8,3,18,6,9,1,8,3,0,0,1812,9
pgsql,d7b91123809b5938d1a560a20d2e6d40908eb9dd,0,nan,nan,2,0,1,56,26,13,49,48,141,239,123,59,10,159,1,26,0,0,1,4,1,0,0,0,0,0,1,15,5,1,4,2,4,0,0,4,0,0,5,0,49,5,0,1,0,7,0,0,0,0,0,52,35,30,3,53,0,0,0,0,0,0,0,0,69,0,0,53,35,24,4,55,4,4,13,56,2,3,0,60,4,4,4,0,5,65,5,0,0,71,6,6,0,31,77,108,6,6,44,82,56,5,5,82,39,37,32,25,15,15,2,2,3,6,5,3,36,0,10,0,1,0,0,15,2,0,0,6,6,1,4,12,3,19,1,20,0,11,2,0,0,1609,7
cst,d7b91123809b5938d1a560a20d2e6d40908eb9dd,0,2664097.1666666665,148084053.33333334,2,0,1,56,26,13,49,48,141,239,123,59,10,159,1,26,0,0,1,4,1,0,0,0,0,0,1,15,5,1,4,2,4,0,0,4,0,0,5,0,49,5,0,1,0,7,0,0,0,0,0,52,35,30,3,53,0,0,0,0,0,0,0,0,69,0,0,53,35,24,4,55,4,4,13,56,2,3,0,60,4,4,4,0,5,65,5,0,0,71,6,6,0,31,77,108,6,6,44,82,56,5,5,82,39,37,32,25,15,15,2,2,3,6,5,3,36,0,10,0,1,0,0,15,2,0,0,6,6,1,4,12,3,19,1,20,0,11,2,0,0,1609,7
formatter,d7b91123809b5938d1a560a20d2e6d40908eb9dd,0,2790323.0,94498816.0,2,0,1,56,26,13,49,48,141,239,123,59,10,159,1,26,0,0,1,4,1,0,0,0,0,0,1,15,5,1,4,2,4,0,0,4,0,0,5,0,49,5,0,1,0,7,0,0,0,0,0,52,35,30,3,53,0,0,0,0,0,0,0,0,69,0,0,53,35,24,4,55,4,4,13,56,2,3,0,60,4,4,4,0,5,65,5,0,0,71,6,6,0,31,77,108,6,6,44,82,56,5,5,82,39,37,32,25,15,15,2,2,3,6,5,3,36,0,10,0,1,0,0,15,2,0,0,6,6,1,4,12,3,19,1,20,0,11,2,0,0,1609,7
pgsql,1abfc49de0ee4cfa17fbad396195dfd98f1e8394,0,nan,nan,3,1,3,44,24,12,45,33,97,264,125,63,12,197,2,28,0,0,2,7,2,0,0,0,0,0,0,14,4,2,12,4,7,0,0,7,0,0,2,0,58,12,0,5,0,9,0,0,0,0,0,59,45,14,0,62,0,0,0,0,0,0,0,0,80,0,0,62,42,26,1,65,4,1,11,66,1,1,0,68,2,2,2,0,5,73,5,0,0,76,3,3,0,24,80,110,4,4,32,82,51,2,2,82,39,49,17,34,13,13,1,6,3,5,8,2,17,0,8,1,1,5,0,13,1,1,0,4,12,6,3,8,2,23,0,13,1,1,0,0,0,1669,8
cst,1abfc49de0ee4cfa17fbad396195dfd98f1e8394,0,1613930.6666666667,142475264.0,3,1,3,44,24,12,45,33,97,264,125,63,12,197,2,28,0,0,2,7,2,0,0,0,0,0,0,14,4,2,12,4,7,0,0,7,0,0,2,0,58,12,0,5,0,9,0,0,0,0,0,59,45,14,0,62,0,0,0,0,0,0,0,0,80,0,0,62,42,26,1,65,4,1,11,66,1,1,0,68,2,2,2,0,5,73,5,0,0,76,3,3,0,24,80,110,4,4,32,82,51,2,2,82,39,49,17,34,13,13,1,6,3,5,8,2,17,0,8,1,1,5,0,13,1,1,0,4,12,6,3,8,2,23,0,13,1,1,0,0,0,1669,8
formatter,1abfc49de0ee4cfa17fbad396195dfd98f1e8394,0,2966236.5,95480490.66666667,3,1,3,44,24,12,45,33,97,264,125,63,12,197,2,28,0,0,2,7,2,0,0,0,0,0,0,14,4,2,12,4,7,0,0,7,0,0,2,0,58,12,0,5,0,9,0,0,0,0,0,59,45,14,0,62,0,0,0,0,0,0,0,0,80,0,0,62,42,26,1,65,4,1,11,66,1,1,0,68,2,2,2,0,5,73,5,0,0,76,3,3,0,24,80,110,4,4,32,82,51,2,2,82,39,49,17,34,13,13,1,6,3,5,8,2,17,0,8,1,1,5,0,13,1,1,0,4,12,6,3,8,2,23,0,13,1,1,0,0,0,1669,8
pgsql,0b169332da465a8bd56dbe9673645a5445420fd9,0,nan,nan,6,3,4,45,20,6,26,42,175,248,106,50,13,177,5,24,0,0,1,8,1,0,0,0,0,0,1,12,3,1,9,2,8,0,0,8,0,0,1,0,52,14,0,6,0,8,0,0,0,0,0,56,40,22,1,58,0,0,2,0,0,0,0,0,71,0,0,58,38,21,1,61,3,1,10,63,0,3,0,65,2,2,2,0,5,70,5,0,0,74,4,4,0,36,79,101,5,5,38,81,45,2,2,81,42,54,16,31,12,12,2,7,0,7,4,6,17,2,5,1,0,1,0,12,2,0,0,9,14,10,1,9,4,13,1,8,1,0,1,0,0,1594,9
cst,0b169332da465a8bd56dbe9673645a5445420fd9,0,1881203.25,133814272.0,6,3,4,45,20,6,26,42,175,248,106,50,13,177,5,24,0,0,1,8,1,0,0,0,0,0,1,12,3,1,9,2,8,0,0,8,0,0,1,0,52,14,0,6,0,8,0,0,0,0,0,56,40,22,1,58,0,0,2,0,0,0,0,0,71,0,0,58,38,21,1,61,3,1,10,63,0,3,0,65,2,2,2,0,5,70,5,0,0,74,4,4,0,36,79,101,5,5,38,81,45,2,2,81,42,54,16,31,12,12,2,7,0,7,4,6,17,2,5,1,0,1,0,12,2,0,0,9,14,10,1,9,4,13,1,8,1,0,1,0,0,1594,9
formatter,0b169332da465a8bd56dbe9673645a5445420fd9,0,2937347.1666666665,95005354.66666667,6,3,4,45,20,6,26,42,175,248,106,50,13,177,5,24,0,0,1,8,1,0,0,0,0,0,1,12,3,1,9,2,8,0,0,8,0,0,1,0,52,14,0,6,0,8,0,0,0,0,0,56,40,22,1,58,0,0,2,0,0,0,0,0,71,0,0,58,38,21,1,61,3,1,10,63,0,3,0,65,2,2,2,0,5,70,5,0,0,74,4,4,0,36,79,101,5,5,38,81,45,2,2,81,42,54,16,31,12,12,2,7,0,7,4,6,17,2,5,1,0,1,0,12,2,0,0,9,14,10,1,9,4,13,1,8,1,0,1,0,0,1594,9
pgsql,39a5c3b5addbf46e86b14e3d8440e71e0b097d57,0,nan,nan,2,0,2,45,20,9,47,37,116,236,108,52,10,218,1,27,0,0,2,5,2,0,0,0,0,0,1,14,3,2,15,4,5,0,0,5,0,0,0,0,73,8,0,3,0,6,0,0,0,0,0,73,66,36,0,74,0,0,0,0,0,0,0,0,92,0,0,74,47,28,0,74,0,0,7,75,0,1,0,76,1,1,1,0,1,77,1,0,0,80,3,3,0,35,80,106,0,0,38,80,51,0,0,80,37,49,16,26,12,12,2,3,7,11,5,6,16,0,12,0,1,2,0,12,2,1,1,11,5,6,5,4,4,17,2,8,0,1,0,0,0,1538,6
cst,39a5c3b5addbf46e86b14e3d8440e71e0b097d57,0,1687430.8333333333,139460608.0,2,0,2,45,20,9,47,37,116,236,108,52,10,218,1,27,0,0,2,5,2,0,0,0,0,0,1,14,3,2,15,4,5,0,0,5,0,0,0,0,73,8,0,3,0,6,0,0,0,0,0,73,66,36,0,74,0,0,0,0,0,0,0,0,92,0,0,74,47,28,0,74,0,0,7,75,0,1,0,76,1,1,1,0,1,77,1,0,0,80,3,3,0,35,80,106,0,0,38,80,51,0,0,80,37,49,16,26,12,12,2,3,7,11,5,6,16,0,12,0,1,2,0,12,2,1,1,11,5,6,5,4,4,17,2,8,0,1,0,0,0,1538,6
formatter,39a5c3b5addbf46e86b14e3d8440e71e0b097d57,0,2774201.5,95103658.66666667,2,0,2,45,20,9,47,37,116,236,108,52,10,218,1,27,0,0,2,5,2,0,0,0,0,0,1,14,3,2,15,4,5,0,0,5,0,0,0,0,73,8,0,3,0,6,0,0,0,0,0,73,66,36,0,74,0,0,0,0,0,0,0,0,92,0,0,74,47,28,0,74,0,0,7,75,0,1,0,76,1,1,1,0,1,77,1,0,0,80,3,3,0,35,80,106,0,0,38,80,51,0,0,80,37,49,16,26,12,12,2,3,7,11,5,6,16,0,12,0,1,2,0,12,2,1,1,11,5,6,5,4,4,17,2,8,0,1,0,0,0,1538,6
pgsql,dd2341bfb0a571fcaaab72d0a7866323d7825870,0,nan,nan,1,0,0,20,8,6,28,17,67,255,119,56,11,161,0,27,0,0,0,1,0,0,0,0,0,0,1,15,4,0,0,0,1,0,0,1,0,0,1,0,64,1,0,0,0,5,0,0,0,0,0,65,55,34,0,68,0,0,1,0,0,0,0,0,86,1,0,68,46,30,2,70,3,2,14,72,2,1,2,73,1,1,1,4,4,77,4,0,9,83,6,6,12,38,85,137,2,2,36,99,75,2,2,99,46,69,13,40,19,19,3,13,4,10,6,3,14,1,8,0,0,5,1,20,3,0,2,8,29,12,14,3,2,25,2,8,0,3,0,0,0,1664,6
cst,dd2341bfb0a571fcaaab72d0a7866323d7825870,0,nan,nan,1,0,0,20,8,6,28,17,67,255,119,56,11,161,0,27,0,0,0,1,0,0,0,0,0,0,1,15,4,0,0,0,1,0,0,1,0,0,1,0,64,1,0,0,0,5,0,0,0,0,0,65,55,34,0,68,0,0,1,0,0,0,0,0,86,1,0,68,46,30,2,70,3,2,14,72,2,1,2,73,1,1,1,4,4,77,4,0,9,83,6,6,12,38,85,137,2,2,36,99,75,2,2,99,46,69,13,40,19,19,3,13,4,10,6,3,14,1,8,0,0,5,1,20,3,0,2,8,29,12,14,3,2,25,2,8,0,3,0,0,0,1664,6
formatter,dd2341bfb0a571fcaaab72d0a7866323d7825870,0,2850570.8,94561894.4,1,0,0,20,8,6,28,17,67,255,119,56,11,161,0,27,0,0,0,1,0,0,0,0,0,0,1,15,4,0,0,0,1,0,0,1,0,0,1,0,64,1,0,0,0,5,0,0,0,0,0,65,55,34,0,68,0,0,1,0,0,0,0,0,86,1,0,68,46,30,2,70,3,2,14,72,2,1,2,73,1,1,1,4,4,77,4,0,9,83,6,6,12,38,85,137,2,2,36,99,75,2,2,99,46,69,13,40,19,19,3,13,4,10,6,3,14,1,8,0,0,5,1,20,3,0,2,8,29,12,14,3,2,25,2,8,0,3,0,0,0,1664,6
pgsql,6df3fe52d8e33a9f6978890bcfcd6ad247456ad2,0,nan,nan,3,0,0,33,11,5,22,32,79,265,121,56,16,160,2,29,0,0,0,3,0,0,0,0,0,0,1,18,4,0,0,0,3,0,0,3,0,0,2,0,59,6,0,3,0,4,0,0,0,0,0,63,44,35,1,67,0,0,0,0,0,0,0,0,85,0,0,67,42,24,6,70,6,6,11,73,1,3,2,76,4,4,4,2,3,79,3,0,2,85,6,6,2,37,92,122,7,7,45,97,53,3,3,97,40,53,28,36,15,15,2,1,3,7,9,3,31,0,7,1,0,6,0,15,1,1,1,8,2,1,14,11,3,23,2,15,1,5,2,0,0,1560,8
cst,6df3fe52d8e33a9f6978890bcfcd6ad247456ad2,0,2545923.5,138974549.33333334,3,0,0,33,11,5,22,32,79,265,121,56,16,160,2,29,0,0,0,3,0,0,0,0,0,0,1,18,4,0,0,0,3,0,0,3,0,0,2,0,59,6,0,3,0,4,0,0,0,0,0,63,44,35,1,67,0,0,0,0,0,0,0,0,85,0,0,67,42,24,6,70,6,6,11,73,1,3,2,76,4,4,4,2,3,79,3,0,2,85,6,6,2,37,92,122,7,7,45,97,53,3,3,97,40,53,28,36,15,15,2,1,3,7,9,3,31,0,7,1,0,6,0,15,1,1,1,8,2,1,14,11,3,23,2,15,1,5,2,0,0,1560,8
formatter,6df3fe52d8e33a9f6978890bcfcd6ad247456ad2,0,2837250.1666666665,94393685.33333333,3,0,0,33,11,5,22,32,79,265,121,56,16,160,2,29,0,0,0,3,0,0,0,0,0,0,1,18,4,0,0,0,3,0,0,3,0,0,2,0,59,6,0,3,0,4,0,0,0,0,0,63,44,35,1,67,0,0,0,0,0,0,0,0,85,0,0,67,42,24,6,70,6,6,11,73,1,3,2,76,4,4,4,2,3,79,3,0,2,85,6,6,2,37,92,122,7,7,45,97,53,3,3,97,40,53,28,36,15,15,2,1,3,7,9,3,31,0,7,1,0,6,0,15,1,1,1,8,2,1,14,11,3,23,2,15,1,5,2,0,0,1560,8
pgsql,b62327f638fb5a688de3b1bf147ba462b19c5b50,0,nan,nan,17,4,8,62,30,12,72,51,213,302,159,81,19,169,16,20,0,0,4,23,6,0,1,0,0,0,5,6,2,4,22,10,18,12,12,11,0,0,1,1,10,30,1,12,0,3,0,0,0,0,0,13,0,15,1,20,0,0,1,0,0,0,0,0,24,0,0,20,12,7,8,24,6,8,8,27,0,4,3,29,5,5,6,3,5,34,5,0,3,41,7,7,4,16,43,57,2,2,21,54,24,7,7,54,22,33,11,17,6,6,1,3,2,4,3,3,13,1,1,0,1,3,2,8,1,0,0,4,4,7,2,6,1,14,0,7,0,2,1,0,0,1902,19
cst,b62327f638fb5a688de3b1bf147ba462b19c5b50,0,nan,nan,17,4,8,62,30,12,72,51,213,302,159,81,19,169,16,20,0,0,4,23,6,0,1,0,0,0,5,6,2,4,22,10,18,12,12,11,0,0,1,1,10,30,1,12,0,3,0,0,0,0,0,13,0,15,1,20,0,0,1,0,0,0,0,0,24,0,0,20,12,7,8,24,6,8,8,27,0,4,3,29,5,5,6,3,5,34,5,0,3,41,7,7,4,16,43,57,2,2,21,54,24,7,7,54,22,33,11,17,6,6,1,3,2,4,3,3,13,1,1,0,1,3,2,8,1,0,0,4,4,7,2,6,1,14,0,7,0,2,1,0,0,1902,19
formatter,b62327f638fb5a688de3b1bf147ba462b19c5b50,0,3286124.8333333335,105917098.66666667,17,4,8,62,30,12,72,51,213,302,159,81,19,169,16,20,0,0,4,23,6,0,1,0,0,0,5,6,2,4,22,10,18,12,12,11,0,0,1,1,10,30,1,12,0,3,0,0,0,0,0,13,0,15,1,20,0,0,1,0,0,0,0,0,24,0,0,20,12,7,8,24,6,8,8,27,0,4,3,29,5,5,6,3,5,34,5,0,3,41,7,7,4,16,43,57,2,2,21,54,24,7,7,54,22,33,11,17,6,6,1,3,2,4,3,3,13,1,1,0,1,3,2,8,1,0,0,4,4,7,2,6,1,14,0,7,0,2,1,0,0,1902,19
pgsql,52f621fb8b3467d28efdc477e34b17f729a370d4,0,nan,nan,7,2,4,53,29,12,76,43,159,306,149,70,16,116,6,19,0,0,2,9,3,0,0,0,0,0,3,9,4,2,12,5,5,6,6,3,0,0,4,0,16,9,1,4,0,5,0,0,0,0,0,22,0,38,2,29,0,0,0,0,0,0,0,0,34,0,0,29,15,16,5,35,8,5,21,43,3,6,3,46,6,6,7,3,6,52,6,0,3,62,10,10,3,20,69,95,7,7,22,77,38,5,5,77,37,55,17,19,21,21,2,4,4,10,4,4,19,0,1,1,1,2,0,21,0,2,0,8,11,9,13,9,2,13,0,7,1,15,2,0,0,1961,10
cst,52f621fb8b3467d28efdc477e34b17f729a370d4,0,nan,nan,7,2,4,53,29,12,76,43,159,306,149,70,16,116,6,19,0,0,2,9,3,0,0,0,0,0,3,9,4,2,12,5,5,6,6,3,0,0,4,0,16,9,1,4,0,5,0,0,0,0,0,22,0,38,2,29,0,0,0,0,0,0,0,0,34,0,0,29,15,16,5,35,8,5,21,43,3,6,3,46,6,6,7,3,6,52,6,0,3,62,10,10,3,20,69,95,7,7,22,77,38,5,5,77,37,55,17,19,21,21,2,4,4,10,4,4,19,0,1,1,1,2,0,21,0,2,0,8,11,9,13,9,2,13,0,7,1,15,2,0,0,1961,10
formatter,52f621fb8b3467d28efdc477e34b17f729a370d4,0,3187479.5,102274389.33333333,7,2,4,53,29,12,76,43,159,306,149,70,16,116,6,19,0,0,2,9,3,0,0,0,0,0,3,9,4,2,12,5,5,6,6,3,0,0,4,0,16,9,1,4,0,5,0,0,0,0,0,22,0,38,2,29,0,0,0,0,0,0,0,0,34,0,0,29,15,16,5,35,8,5,21,43,3,6,3,46,6,6,7,3,6,52,6,0,3,62,10,10,3,20,69,95,7,7,22,77,38,5,5,77,37,55,17,19,21,21,2,4,4,10,4,4,19,0,1,1,1,2,0,21,0,2,0,8,11,9,13,9,2,13,0,7,1,15,2,0,0,1961,10
pgsql,7fe29cf8aacb5c8ffbab057c7af2c0d74de20daf,0,nan,nan,10,4,8,56,25,17,60,41,185,306,152,84,24,127,9,34,0,0,4,16,4,0,0,0,1,0,3,19,7,4,12,8,12,9,9,7,0,0,0,1,12,19,1,7,0,4,0,0,0,0,0,17,0,83,0,22,0,0,0,0,0,0,0,0,34,0,0,22,19,7,6,27,6,6,11,30,1,5,1,32,4,4,4,1,5,37,5,0,1,44,7,7,1,18,51,73,7,7,21,59,38,7,7,59,29,36,14,19,13,13,0,3,3,8,3,3,15,0,3,0,1,3,1,14,0,0,0,14,15,2,13,5,1,4,11,8,0,4,0,0,0,1986,19
cst,7fe29cf8aacb5c8ffbab057c7af2c0d74de20daf,0,nan,nan,10,4,8,56,25,17,60,41,185,306,152,84,24,127,9,34,0,0,4,16,4,0,0,0,1,0,3,19,7,4,12,8,12,9,9,7,0,0,0,1,12,19,1,7,0,4,0,0,0,0,0,17,0,83,0,22,0,0,0,0,0,0,0,0,34,0,0,22,19,7,6,27,6,6,11,30,1,5,1,32,4,4,4,1,5,37,5,0,1,44,7,7,1,18,51,73,7,7,21,59,38,7,7,59,29,36,14,19,13,13,0,3,3,8,3,3,15,0,3,0,1,3,1,14,0,0,0,14,15,2,13,5,1,4,11,8,0,4,0,0,0,1986,19
formatter,7fe29cf8aacb5c8ffbab057c7af2c0d74de20daf,0,3253776.0,109178880.0,10,4,8,56,25,17,60,41,185,306,152,84,24,127,9,34,0,0,4,16,4,0,0,0,1,0,3,19,7,4,12,8,12,9,9,7,0,0,0,1,12,19,1,7,0,4,0,0,0,0,0,17,0,83,0,22,0,0,0,0,0,0,0,0,34,0,0,22,19,7,6,27,6,6,11,30,1,5,1,32,4,4,4,1,5,37,5,0,1,44,7,7,1,18,51,73,7,7,21,59,38,7,7,59,29,36,14,19,13,13,0,3,3,8,3,3,15,0,3,0,1,3,1,14,0,0,0,14,15,2,13,5,1,4,11,8,0,4,0,0,0,1986,19
pgsql,f7f011461baa183de7400d91817b7a60e51a0348,0,nan,nan,11,2,4,43,24,11,39,33,126,321,136,59,12,106,10,18,0,0,2,14,4,0,1,0,0,0,5,8,2,2,7,6,11,7,7,7,0,0,2,1,18,16,1,5,0,3,0,0,0,0,0,19,0,115,2,26,0,0,1,0,0,0,0,0,30,1,0,26,14,9,6,29,6,6,15,37,1,6,3,39,4,4,4,3,10,49,10,0,4,59,10,10,4,24,67,95,8,8,29,79,40,8,8,79,37,49,16,22,14,14,2,5,1,6,1,3,20,1,5,1,1,2,2,16,0,2,0,17,30,6,2,5,2,4,10,11,2,3,3,0,0,1943,13
cst,f7f011461baa183de7400d91817b7a60e51a0348,0,nan,nan,11,2,4,43,24,11,39,33,126,321,136,59,12,106,10,18,0,0,2,14,4,0,1,0,0,0,5,8,2,2,7,6,11,7,7,7,0,0,2,1,18,16,1,5,0,3,0,0,0,0,0,19,0,115,2,26,0,0,1,0,0,0,0,0,30,1,0,26,14,9,6,29,6,6,15,37,1,6,3,39,4,4,4,3,10,49,10,0,4,59,10,10,4,24,67,95,8,8,29,79,40,8,8,79,37,49,16,22,14,14,2,5,1,6,1,3,20,1,5,1,1,2,2,16,0,2,0,17,30,6,2,5,2,4,10,11,2,3,3,0,0,1943,13
formatter,f7f011461baa183de7400d91817b7a60e51a0348,0,3012923.5,94765056.0,11,2,4,43,24,11,39,33,126,321,136,59,12,106,10,18,0,0,2,14,4,0,1,0,0,0,5,8,2,2,7,6,11,7,7,7,0,0,2,1,18,16,1,5,0,3,0,0,0,0,0,19,0,115,2,26,0,0,1,0,0,0,0,0,30,1,0,26,14,9,6,29,6,6,15,37,1,6,3,39,4,4,4,3,10,49,10,0,4,59,10,10,4,24,67,95,8,8,29,79,40,8,8,79,37,49,16,22,14,14,2,5,1,6,1,3,20,1,5,1,1,2,2,16,0,2,0,17,30,6,2,5,2,4,10,11,2,3,3,0,0,1943,13
pgsql,751bf6ec15c72a281e93cd39aaab7e049f0b9dba,0,nan,nan,11,3,5,60,24,10,44,51,170,304,147,64,12,129,10,18,0,0,2,13,4,0,1,0,0,0,3,11,5,2,11,6,9,8,8,5,0,0,7,1,16,12,0,3,0,6,0,0,1,2,1,24,0,67,4,29,1,1,0,2,1,0,0,0,32,0,0,29,10,16,6,31,4,6,13,37,1,5,2,38,4,4,4,3,6,44,6,0,4,50,6,6,7,17,56,81,6,6,21,70,30,7,7,70,34,36,22,22,19,19,2,5,1,4,1,2,23,0,4,1,1,5,0,19,0,2,0,11,21,4,7,2,1,2,5,10,2,13,1,0,0,1907,18
cst,751bf6ec15c72a281e93cd39aaab7e049f0b9dba,0,nan,nan,11,3,5,60,24,10,44,51,170,304,147,64,12,129,10,18,0,0,2,13,4,0,1,0,0,0,3,11,5,2,11,6,9,8,8,5,0,0,7,1,16,12,0,3,0,6,0,0,1,2,1,24,0,67,4,29,1,1,0,2,1,0,0,0,32,0,0,29,10,16,6,31,4,6,13,37,1,5,2,38,4,4,4,3,6,44,6,0,4,50,6,6,7,17,56,81,6,6,21,70,30,7,7,70,34,36,22,22,19,19,2,5,1,4,1,2,23,0,4,1,1,5,0,19,0,2,0,11,21,4,7,2,1,2,5,10,2,13,1,0,0,1907,18
formatter,751bf6ec15c72a281e93cd39aaab7e049f0b9dba,0,3318555.6666666665,114851840.0,11,3,5,60,24,10,44,51,170,304,147,64,12,129,10,18,0,0,2,13,4,0,1,0,0,0,3,11,5,2,11,6,9,8,8,5,0,0,7,1,16,12,0,3,0,6,0,0,1,2,1,24,0,67,4,29,1,1,0,2,1,0,0,0,32,0,0,29,10,16,6,31,4,6,13,37,1,5,2,38,4,4,4,3,6,44,6,0,4,50,6,6,7,17,56,81,6,6,21,70,30,7,7,70,34,36,22,22,19,19,2,5,1,4,1,2,23,0,4,1,1,5,0,19,0,2,0,11,21,4,7,2,1,2,5,10,2,13,1,0,0,1907,18
pgsql,59e2c336a00f33690bc533dfa019299e4f144454,0,nan,nan,10,3,5,49,20,7,39,42,155,318,173,86,17,115,9,28,0,0,2,14,4,0,0,0,2,0,4,15,9,2,8,6,8,7,7,7,0,0,0,2,21,13,0,5,0,2,0,0,0,0,0,26,0,12,0,32,0,0,0,0,0,0,0,0,41,0,0,32,20,15,9,35,8,9,16,42,1,6,3,45,5,5,5,5,4,49,4,0,8,61,12,12,8,23,65,105,4,4,21,76,47,3,3,76,38,42,18,25,11,11,1,3,2,5,2,2,22,0,10,1,0,1,2,13,0,1,0,4,12,0,25,4,1,9,0,10,2,4,2,0,0,1896,12
cst,59e2c336a00f33690bc533dfa019299e4f144454,0,nan,nan,10,3,5,49,20,7,39,42,155,318,173,86,17,115,9,28,0,0,2,14,4,0,0,0,2,0,4,15,9,2,8,6,8,7,7,7,0,0,0,2,21,13,0,5,0,2,0,0,0,0,0,26,0,12,0,32,0,0,0,0,0,0,0,0,41,0,0,32,20,15,9,35,8,9,16,42,1,6,3,45,5,5,5,5,4,49,4,0,8,61,12,12,8,23,65,105,4,4,21,76,47,3,3,76,38,42,18,25,11,11,1,3,2,5,2,2,22,0,10,1,0,1,2,13,0,1,0,4,12,0,25,4,1,9,0,10,2,4,2,0,0,1896,12
formatter,59e2c336a00f33690bc533dfa019299e4f144454,0,3141875.25,98848768.0,10,3,5,49,20,7,39,42,155,318,173,86,17,115,9,28,0,0,2,14,4,0,0,0,2,0,4,15,9,2,8,6,8,7,7,7,0,0,0,2,21,13,0,5,0,2,0,0,0,0,0,26,0,12,0,32,0,0,0,0,0,0,0,0,41,0,0,32,20,15,9,35,8,9,16,42,1,6,3,45,5,5,5,5,4,49,4,0,8,61,12,12,8,23,65,105,4,4,21,76,47,3,3,76,38,42,18,25,11,11,1,3,2,5,2,2,22,0,10,1,0,1,2,13,0,1,0,4,12,0,25,4,1,9,0,10,2,4,2,0,0,1896,12
pgsql,4e5ddd59348e7f54ad154766bde11dd2638f2192,0,nan,nan,19,3,5,56,24,11,57,45,193,310,152,76,14,155,18,17,0,0,2,22,6,0,1,0,0,0,5,10,3,2,17,8,17,10,10,12,0,0,1,1,12,26,1,9,0,3,0,0,0,0,0,16,0,11,0,21,0,0,2,0,0,0,0,0,23,1,0,21,12,11,10,25,7,10,12,28,1,6,1,29,4,4,4,1,6,35,6,0,1,40,5,5,2,19,45,68,5,5,23,56,35,9,9,56,30,34,11,25,9,9,1,5,2,7,3,1,13,2,2,0,1,5,0,9,0,1,0,3,11,1,11,9,3,7,0,8,0,4,2,0,0,1906,15
cst,4e5ddd59348e7f54ad154766bde11dd2638f2192,0,nan,nan,19,3,5,56,24,11,57,45,193,310,152,76,14,155,18,17,0,0,2,22,6,0,1,0,0,0,5,10,3,2,17,8,17,10,10,12,0,0,1,1,12,26,1,9,0,3,0,0,0,0,0,16,0,11,0,21,0,0,2,0,0,0,0,0,23,1,0,21,12,11,10,25,7,10,12,28,1,6,1,29,4,4,4,1,6,35,6,0,1,40,5,5,2,19,45,68,5,5,23,56,35,9,9,56,30,34,11,25,9,9,1,5,2,7,3,1,13,2,2,0,1,5,0,9,0,1,0,3,11,1,11,9,3,7,0,8,0,4,2,0,0,1906,15
formatter,4e5ddd59348e7f54ad154766bde11dd2638f2192,0,3236218.75,96366592.0,19,3,5,56,24,11,57,45,193,310,152,76,14,155,18,17,0,0,2,22,6,0,1,0,0,0,5,10,3,2,17,8,17,10,10,12,0,0,1,1,12,26,1,9,0,3,0,0,0,0,0,16,0,11,0,21,0,0,2,0,0,0,0,0,23,1,0,21,12,11,10,25,7,10,12,28,1,6,1,29,4,4,4,1,6,35,6,0,1,40,5,5,2,19,45,68,5,5,23,56,35,9,9,56,30,34,11,25,9,9,1,5,2,7,3,1,13,2,2,0,1,5,0,9,0,1,0,3,11,1,11,9,3,7,0,8,0,4,2,0,0,1906,15
pgsql,e2bccdc1879eef4bbff5775960032e7ac377fbce,0,nan,nan,13,1,5,70,36,16,74,56,202,293,141,75,12,175,12,19,0,0,4,20,5,0,0,0,0,0,3,8,2,4,25,9,16,8,8,12,0,0,3,0,9,26,2,10,0,3,0,0,1,1,0,15,0,26,1,19,1,0,2,1,0,0,0,0,23,1,0,19,13,8,6,21,6,6,15,28,1,4,3,30,4,4,4,4,5,35,5,0,4,40,5,5,5,15,46,64,6,6,19,52,26,1,1,52,23,29,12,18,15,15,3,3,1,4,2,3,15,2,4,0,1,2,0,15,2,1,1,7,5,4,1,7,1,9,0,9,0,15,2,0,0,1947,16
cst,e2bccdc1879eef4bbff5775960032e7ac377fbce,0,nan,nan,13,1,5,70,36,16,74,56,202,293,141,75,12,175,12,19,0,0,4,20,5,0,0,0,0,0,3,8,2,4,25,9,16,8,8,12,0,0,3,0,9,26,2,10,0,3,0,0,1,1,0,15,0,26,1,19,1,0,2,1,0,0,0,0,23,1,0,19,13,8,6,21,6,6,15,28,1,4,3,30,4,4,4,4,5,35,5,0,4,40,5,5,5,15,46,64,6,6,19,52,26,1,1,52,23,29,12,18,15,15,3,3,1,4,2,3,15,2,4,0,1,2,0,15,2,1,1,7,5,4,1,7,1,9,0,9,0,15,2,0,0,1947,16
formatter,e2bccdc1879eef4bbff5775960032e7ac377fbce,0,3409715.3333333335,114890069.33333333,13,1,5,70,36,16,74,56,202,293,141,75,12,175,12,19,0,0,4,20,5,0,0,0,0,0,3,8,2,4,25,9,16,8,8,12,0,0,3,0,9,26,2,10,0,3,0,0,1,1,0,15,0,26,1,19,1,0,2,1,0,0,0,0,23,1,0,19,13,8,6,21,6,6,15,28,1,4,3,30,4,4,4,4,5,35,5,0,4,40,5,5,5,15,46,64,6,6,19,52,26,1,1,52,23,29,12,18,15,15,3,3,1,4,2,3,15,2,4,0,1,2,0,15,2,1,1,7,5,4,1,7,1,9,0,9,0,15,2,0,0,1947,16
pgsql,b35a86a34ec28115d447b54459c29c8f9ef9c2df,0,nan,nan,10,2,6,67,34,17,94,50,199,287,147,73,14,137,9,15,0,0,4,17,5,0,0,0,0,0,4,7,1,4,18,9,13,6,6,11,0,0,1,0,12,20,3,7,0,2,0,0,1,2,1,18,0,92,1,20,1,1,2,1,1,0,0,0,25,0,0,20,15,9,4,24,5,4,9,27,1,4,2,31,5,5,6,2,5,36,5,0,3,47,11,11,5,17,50,69,3,3,22,60,28,5,5,60,30,32,17,19,7,7,0,0,3,6,4,4,22,2,3,0,0,3,0,7,0,0,0,15,0,16,8,0,1,10,11,13,0,3,3,0,0,1880,15
cst,b35a86a34ec28115d447b54459c29c8f9ef9c2df,0,17337187.5,196608000.0,10,2,6,67,34,17,94,50,199,287,147,73,14,137,9,15,0,0,4,17,5,0,0,0,0,0,4,7,1,4,18,9,13,6,6,11,0,0,1,0,12,20,3,7,0,2,0,0,1,2,1,18,0,92,1,20,1,1,2,1,1,0,0,0,25,0,0,20,15,9,4,24,5,4,9,27,1,4,2,31,5,5,6,2,5,36,5,0,3,47,11,11,5,17,50,69,3,3,22,60,28,5,5,60,30,32,17,19,7,7,0,0,3,6,4,4,22,2,3,0,0,3,0,7,0,0,0,15,0,16,8,0,1,10,11,13,0,3,3,0,0,1880,15
formatter,b35a86a34ec28115d447b54459c29c8f9ef9c2df,0,2872507.1666666665,95065429.33333333,10,2,6,67,34,17,94,50,199,287,147,73,14,137,9,15,0,0,4,17,5,0,0,0,0,0,4,7,1,4,18,9,13,6,6,11,0,0,1,0,12,20,3,7,0,2,0,0,1,2,1,18,0,92,1,20,1,1,2,1,1,0,0,0,25,0,0,20,15,9,4,24,5,4,9,27,1,4,2,31,5,5,6,2,5,36,5,0,3,47,11,11,5,17,50,69,3,3,22,60,28,5,5,60,30,32,17,19,7,7,0,0,3,6,4,4,22,2,3,0,0,3,0,7,0,0,0,15,0,16,8,0,1,10,11,13,0,3,3,0,0,1880,15
pgsql,26302d56b6d627e724b13e6b9e097ed231137744,0,nan,nan,13,1,5,65,36,15,91,52,248,286,129,57,13,158,12,19,0,0,4,19,7,0,1,0,1,0,2,12,2,5,25,11,9,15,15,4,0,0,2,2,12,13,1,4,0,4,0,0,1,4,2,18,0,35,1,21,2,1,3,1,3,2,1,1,26,1,0,21,7,11,3,23,4,3,9,24,3,1,0,28,5,5,5,0,8,36,8,0,0,42,6,6,0,18,53,69,11,11,26,55,29,2,2,55,20,28,14,20,11,11,2,3,0,1,2,3,19,1,3,0,0,5,0,11,1,1,0,7,10,0,3,0,0,1,1,9,0,2,2,0,0,1824,18
cst,26302d56b6d627e724b13e6b9e097ed231137744,0,nan,nan,13,1,5,65,36,15,91,52,248,286,129,57,13,158,12,19,0,0,4,19,7,0,1,0,1,0,2,12,2,5,25,11,9,15,15,4,0,0,2,2,12,13,1,4,0,4,0,0,1,4,2,18,0,35,1,21,2,1,3,1,3,2,1,1,26,1,0,21,7,11,3,23,4,3,9,24,3,1,0,28,5,5,5,0,8,36,8,0,0,42,6,6,0,18,53,69,11,11,26,55,29,2,2,55,20,28,14,20,11,11,2,3,0,1,2,3,19,1,3,0,0,5,0,11,1,1,0,7,10,0,3,0,0,1,1,9,0,2,2,0,0,1824,18
formatter,26302d56b6d627e724b13e6b9e097ed231137744,0,3118625.1666666665,95813632.0,13,1,5,65,36,15,91,52,248,286,129,57,13,158,12,19,0,0,4,19,7,0,1,0,1,0,2,12,2,5,25,11,9,15,15,4,0,0,2,2,12,13,1,4,0,4,0,0,1,4,2,18,0,35,1,21,2,1,3,1,3,2,1,1,26,1,0,21,7,11,3,23,4,3,9,24,3,1,0,28,5,5,5,0,8,36,8,0,0,42,6,6,0,18,53,69,11,11,26,55,29,2,2,55,20,28,14,20,11,11,2,3,0,1,2,3,19,1,3,0,0,5,0,11,1,1,0,7,10,0,3,0,0,1,1,9,0,2,2,0,0,1824,18
pgsql,acb64c27d45afa06e85f621b1fd965a1e7f1a6ea,0,nan,nan,5,0,1,38,21,9,56,30,133,293,115,51,7,75,4,17,0,0,1,7,2,0,1,0,0,0,0,6,4,1,5,3,5,5,5,2,0,0,4,1,37,6,1,1,0,2,0,0,0,0,0,42,1,86,2,48,0,0,0,0,0,0,0,0,53,0,0,48,17,9,5,54,7,5,10,58,0,4,3,60,4,4,5,4,7,67,7,0,7,77,10,10,10,26,81,121,4,4,31,94,57,3,3,94,35,65,15,22,15,15,5,6,4,8,5,2,17,0,4,1,1,4,1,16,4,3,0,18,18,6,13,15,3,17,8,7,13,4,0,0,0,1812,9
cst,acb64c27d45afa06e85f621b1fd965a1e7f1a6ea,0,nan,nan,5,0,1,38,21,9,56,30,133,293,115,51,7,75,4,17,0,0,1,7,2,0,1,0,0,0,0,6,4,1,5,3,5,5,5,2,0,0,4,1,37,6,1,1,0,2,0,0,0,0,0,42,1,86,2,48,0,0,0,0,0,0,0,0,53,0,0,48,17,9,5,54,7,5,10,58,0,4,3,60,4,4,5,4,7,67,7,0,7,77,10,10,10,26,81,121,4,4,31,94,57,3,3,94,35,65,15,22,15,15,5,6,4,8,5,2,17,0,4,1,1,4,1,16,4,3,0,18,18,6,13,15,3,17,8,7,13,4,0,0,0,1812,9
formatter,acb64c27d45afa06e85f621b1fd965a1e7f1a6ea,0,2637777.6666666665,94907050.66666667,5,0,1,38,21,9,56,30,133,293,115,51,7,75,4,17,0,0,1,7,2,0,1,0,0,0,0,6,4,1,5,3,5,5,5,2,0,0,4,1,37,6,1,1,0,2,0,0,0,0,0,42,1,86,2,48,0,0,0,0,0,0,0,0,53,0,0,48,17,9,5,54,7,5,10,58,0,4,3,60,4,4,5,4,7,67,7,0,7,77,10,10,10,26,81,121,4,4,31,94,57,3,3,94,35,65,15,22,15,15,5,6,4,8,5,2,17,0,4,1,1,4,1,16,4,3,0,18,18,6,13,15,3,17,8,7,13,4,0,0,0,1812,9
pgsql,258d1f19cccf4234764d7479cc0fd92bf07048dd,0,nan,nan,12,1,3,57,25,13,43,48,180,306,134,67,8,115,11,26,0,0,2,14,4,0,0,0,0,0,5,11,8,2,0,6,13,7,7,7,0,0,2,0,17,20,1,7,0,8,0,0,0,0,0,24,0,30,1,30,0,0,2,0,0,0,0,0,41,1,0,30,16,14,9,32,8,9,12,36,3,2,2,39,6,6,6,2,7,46,7,0,2,51,5,5,2,23,62,92,11,11,28,72,42,8,8,72,34,35,27,20,12,12,1,5,3,5,3,2,29,2,4,0,0,2,0,12,0,1,0,5,18,4,9,0,0,9,1,18,0,5,1,0,0,1822,16
cst,258d1f19cccf4234764d7479cc0fd92bf07048dd,0,nan,nan,12,1,3,57,25,13,43,48,180,306,134,67,8,115,11,26,0,0,2,14,4,0,0,0,0,0,5,11,8,2,0,6,13,7,7,7,0,0,2,0,17,20,1,7,0,8,0,0,0,0,0,24,0,30,1,30,0,0,2,0,0,0,0,0,41,1,0,30,16,14,9,32,8,9,12,36,3,2,2,39,6,6,6,2,7,46,7,0,2,51,5,5,2,23,62,92,11,11,28,72,42,8,8,72,34,35,27,20,12,12,1,5,3,5,3,2,29,2,4,0,0,2,0,12,0,1,0,5,18,4,9,0,0,9,1,18,0,5,1,0,0,1822,16
formatter,258d1f19cccf4234764d7479cc0fd92bf07048dd,0,3342062.3333333335,109794645.33333333,12,1,3,57,25,13,43,48,180,306,134,67,8,115,11,26,0,0,2,14,4,0,0,0,0,0,5,11,8,2,0,6,13,7,7,7,0,0,2,0,17,20,1,7,0,8,0,0,0,0,0,24,0,30,1,30,0,0,2,0,0,0,0,0,41,1,0,30,16,14,9,32,8,9,12,36,3,2,2,39,6,6,6,2,7,46,7,0,2,51,5,5,2,23,62,92,11,11,28,72,42,8,8,72,34,35,27,20,12,12,1,5,3,5,3,2,29,2,4,0,0,2,0,12,0,1,0,5,18,4,9,0,0,9,1,18,0,5,1,0,0,1822,16
pgsql,37ea85992bb89ad73830f3dffe400b8b7e15913c,0,nan,nan,5,0,1,48,22,12,62,37,137,325,139,74,19,121,4,25,0,0,1,7,1,1,0,0,0,0,1,16,11,3,0,2,4,3,3,4,1,0,2,0,26,4,0,0,0,8,0,1,2,11,6,29,1,14,2,35,3,5,7,2,8,3,2,2,41,1,1,35,16,15,8,40,10,8,17,46,3,4,4,49,5,5,6,5,5,54,5,0,7,63,9,9,8,23,73,107,10,10,25,85,42,4,4,85,31,49,15,27,10,10,0,4,2,7,6,3,18,4,7,2,2,4,0,10,0,0,0,3,16,0,7,12,3,24,0,8,2,5,1,1,1,1925,14
cst,37ea85992bb89ad73830f3dffe400b8b7e15913c,0,nan,nan,5,0,1,48,22,12,62,37,137,325,139,74,19,121,4,25,0,0,1,7,1,1,0,0,0,0,1,16,11,3,0,2,4,3,3,4,1,0,2,0,26,4,0,0,0,8,0,1,2,11,6,29,1,14,2,35,3,5,7,2,8,3,2,2,41,1,1,35,16,15,8,40,10,8,17,46,3,4,4,49,5,5,6,5,5,54,5,0,7,63,9,9,8,23,73,107,10,10,25,85,42,4,4,85,31,49,15,27,10,10,0,4,2,7,6,3,18,4,7,2,2,4,0,10,0,0,0,3,16,0,7,12,3,24,0,8,2,5,1,1,1,1925,14
formatter,37ea85992bb89ad73830f3dffe400b8b7e15913c,0,3282770.875,107499520.0,5,0,1,48,22,12,62,37,137,325,139,74,19,121,4,25,0,0,1,7,1,1,0,0,0,0,1,16,11,3,0,2,4,3,3,4,1,0,2,0,26,4,0,0,0,8,0,1,2,11,6,29,1,14,2,35,3,5,7,2,8,3,2,2,41,1,1,35,16,15,8,40,10,8,17,46,3,4,4,49,5,5,6,5,5,54,5,0,7,63,9,9,8,23,73,107,10,10,25,85,42,4,4,85,31,49,15,27,10,10,0,4,2,7,6,3,18,4,7,2,2,4,0,10,0,0,0,3,16,0,7,12,3,24,0,8,2,5,1,1,1,1925,14
pgsql,258d24e5fa2d695b894a439dcef8804861035170,0,nan,nan,16,6,8,55,22,10,50,46,154,309,143,78,10,121,15,28,0,0,2,20,4,0,0,0,2,0,5,16,9,2,0,6,14,11,11,9,0,0,5,2,14,22,1,8,0,4,0,0,0,0,0,17,0,46,1,20,0,0,0,0,0,0,0,0,27,0,0,20,10,8,7,21,4,7,13,25,2,4,4,28,4,4,5,6,7,35,7,0,8,45,10,10,8,21,48,81,3,3,20,62,42,6,6,62,32,33,18,22,18,18,0,6,4,8,1,3,22,0,4,0,0,4,0,18,0,0,0,9,15,9,8,12,3,2,6,9,0,7,3,0,0,1986,16
cst,258d24e5fa2d695b894a439dcef8804861035170,0,nan,nan,16,6,8,55,22,10,50,46,154,309,143,78,10,121,15,28,0,0,2,20,4,0,0,0,2,0,5,16,9,2,0,6,14,11,11,9,0,0,5,2,14,22,1,8,0,4,0,0,0,0,0,17,0,46,1,20,0,0,0,0,0,0,0,0,27,0,0,20,10,8,7,21,4,7,13,25,2,4,4,28,4,4,5,6,7,35,7,0,8,45,10,10,8,21,48,81,3,3,20,62,42,6,6,62,32,33,18,22,18,18,0,6,4,8,1,3,22,0,4,0,0,4,0,18,0,0,0,9,15,9,8,12,3,2,6,9,0,7,3,0,0,1986,16
formatter,258d24e5fa2d695b894a439dcef8804861035170,0,3344048.6666666665,113978026.66666667,16,6,8,55,22,10,50,46,154,309,143,78,10,121,15,28,0,0,2,20,4,0,0,0,2,0,5,16,9,2,0,6,14,11,11,9,0,0,5,2,14,22,1,8,0,4,0,0,0,0,0,17,0,46,1,20,0,0,0,0,0,0,0,0,27,0,0,20,10,8,7,21,4,7,13,25,2,4,4,28,4,4,5,6,7,35,7,0,8,45,10,10,8,21,48,81,3,3,20,62,42,6,6,62,32,33,18,22,18,18,0,6,4,8,1,3,22,0,4,0,0,4,0,18,0,0,0,9,15,9,8,12,3,2,6,9,0,7,3,0,0,1986,16
pgsql,5165de20a00ccea88a2502b3bf6ba004ecc1fa93,0,nan,nan,11,0,4,46,22,9,50,40,149,324,139,66,15,131,10,33,0,0,4,16,5,0,0,0,1,0,1,16,8,4,0,9,14,5,5,11,0,0,3,1,16,23,1,9,0,6,0,0,0,0,0,24,0,32,1,30,0,0,1,0,0,0,0,0,43,0,0,30,25,13,7,34,9,7,15,41,3,5,3,44,4,4,4,3,7,51,7,0,3,61,10,10,3,19,64,99,3,3,24,72,54,5,5,72,21,36,21,21,11,11,2,6,0,4,3,3,26,1,6,0,0,3,0,11,1,1,0,7,10,1,4,6,2,10,1,11,0,3,2,1,0,1874,19
cst,5165de20a00ccea88a2502b3bf6ba004ecc1fa93,0,3420822.8125,145661952.0,11,0,4,46,22,9,50,40,149,324,139,66,15,131,10,33,0,0,4,16,5,0,0,0,1,0,1,16,8,4,0,9,14,5,5,11,0,0,3,1,16,23,1,9,0,6,0,0,0,0,0,24,0,32,1,30,0,0,1,0,0,0,0,0,43,0,0,30,25,13,7,34,9,7,15,41,3,5,3,44,4,4,4,3,7,51,7,0,3,61,10,10,3,19,64,99,3,3,24,72,54,5,5,72,21,36,21,21,11,11,2,6,0,4,3,3,26,1,6,0,0,3,0,11,1,1,0,7,10,1,4,6,2,10,1,11,0,3,2,1,0,1874,19
formatter,5165de20a00ccea88a2502b3bf6ba004ecc1fa93,0,4225533.75,103481344.0,11,0,4,46,22,9,50,40,149,324,139,66,15,131,10,33,0,0,4,16,5,0,0,0,1,0,1,16,8,4,0,9,14,5,5,11,0,0,3,1,16,23,1,9,0,6,0,0,0,0,0,24,0,32,1,30,0,0,1,0,0,0,0,0,43,0,0,30,25,13,7,34,9,7,15,41,3,5,3,44,4,4,4,3,7,51,7,0,3,61,10,10,3,19,64,99,3,3,24,72,54,5,5,72,21,36,21,21,11,11,2,6,0,4,3,3,26,1,6,0,0,3,0,11,1,1,0,7,10,1,4,6,2,10,1,11,0,3,2,1,0,1874,19
pgsql,c36d8221147832505e5c43eec7a67274562621de,0,nan,nan,5,0,5,54,20,11,49,45,155,299,131,69,7,106,4,25,0,0,5,15,5,0,0,0,0,0,3,10,8,5,5,10,12,7,7,8,0,0,4,0,14,15,1,3,0,4,0,0,0,0,0,18,0,107,3,25,0,0,1,0,0,0,0,0,27,0,0,25,11,10,4,29,6,4,10,35,1,3,5,37,4,4,6,7,10,47,10,0,13,55,8,8,14,22,57,98,2,2,21,76,48,5,5,76,29,41,23,25,15,15,2,5,2,6,3,7,25,1,2,1,2,4,1,16,1,1,0,20,17,19,0,3,1,9,10,11,1,8,1,0,0,1918,6
cst,c36d8221147832505e5c43eec7a67274562621de,0,nan,nan,5,0,5,54,20,11,49,45,155,299,131,69,7,106,4,25,0,0,5,15,5,0,0,0,0,0,3,10,8,5,5,10,12,7,7,8,0,0,4,0,14,15,1,3,0,4,0,0,0,0,0,18,0,107,3,25,0,0,1,0,0,0,0,0,27,0,0,25,11,10,4,29,6,4,10,35,1,3,5,37,4,4,6,7,10,47,10,0,13,55,8,8,14,22,57,98,2,2,21,76,48,5,5,76,29,41,23,25,15,15,2,5,2,6,3,7,25,1,2,1,2,4,1,16,1,1,0,20,17,19,0,3,1,9,10,11,1,8,1,0,0,1918,6
formatter,c36d8221147832505e5c43eec7a67274562621de,0,3242677.0625,96016384.0,5,0,5,54,20,11,49,45,155,299,131,69,7,106,4,25,0,0,5,15,5,0,0,0,0,0,3,10,8,5,5,10,12,7,7,8,0,0,4,0,14,15,1,3,0,4,0,0,0,0,0,18,0,107,3,25,0,0,1,0,0,0,0,0,27,0,0,25,11,10,4,29,6,4,10,35,1,3,5,37,4,4,6,7,10,47,10,0,13,55,8,8,14,22,57,98,2,2,21,76,48,5,5,76,29,41,23,25,15,15,2,5,2,6,3,7,25,1,2,1,2,4,1,16,1,1,0,20,17,19,0,3,1,9,10,11,1,8,1,0,0,1918,6
pgsql,dc2beed53a3f0b13e31f5bf70dee2d0f81f317b7,0,nan,nan,12,0,12,70,25,11,55,59,215,320,160,75,13,169,11,30,0,0,12,32,12,0,0,0,2,0,5,15,9,12,12,24,21,19,19,13,0,0,1,2,9,29,0,8,0,3,0,0,1,1,0,14,0,12,0,18,1,0,1,0,1,1,0,0,22,0,0,18,12,10,7,21,5,7,10,23,0,5,0,23,2,2,2,0,3,26,3,0,0,31,5,5,0,10,33,47,2,2,14,37,21,4,4,37,15,23,11,10,14,14,1,2,0,2,2,1,14,0,0,0,0,0,1,15,1,0,0,2,2,0,15,0,0,10,0,5,0,2,2,0,0,2104,20
cst,dc2beed53a3f0b13e31f5bf70dee2d0f81f317b7,0,nan,nan,12,0,12,70,25,11,55,59,215,320,160,75,13,169,11,30,0,0,12,32,12,0,0,0,2,0,5,15,9,12,12,24,21,19,19,13,0,0,1,2,9,29,0,8,0,3,0,0,1,1,0,14,0,12,0,18,1,0,1,0,1,1,0,0,22,0,0,18,12,10,7,21,5,7,10,23,0,5,0,23,2,2,2,0,3,26,3,0,0,31,5,5,0,10,33,47,2,2,14,37,21,4,4,37,15,23,11,10,14,14,1,2,0,2,2,1,14,0,0,0,0,0,1,15,1,0,0,2,2,0,15,0,0,10,0,5,0,2,2,0,0,2104,20
formatter,dc2beed53a3f0b13e31f5bf70dee2d0f81f317b7,0,3649317.625,116211712.0,12,0,12,70,25,11,55,59,215,320,160,75,13,169,11,30,0,0,12,32,12,0,0,0,2,0,5,15,9,12,12,24,21,19,19,13,0,0,1,2,9,29,0,8,0,3,0,0,1,1,0,14,0,12,0,18,1,0,1,0,1,1,0,0,22,0,0,18,12,10,7,21,5,7,10,23,0,5,0,23,2,2,2,0,3,26,3,0,0,31,5,5,0,10,33,47,2,2,14,37,21,4,4,37,15,23,11,10,14,14,1,2,0,2,2,1,14,0,0,0,0,0,1,15,1,0,0,2,2,0,15,0,0,10,0,5,0,2,2,0,0,2104,20
pgsql,ac89ab4bee1571e38ae1c3ea43524fef0e12cbcd,0,nan,nan,10,0,10,66,31,19,92,48,186,315,131,59,12,166,9,40,0,0,10,27,10,0,1,0,1,0,3,19,9,12,12,20,17,12,12,15,0,0,3,2,10,23,1,6,0,1,0,0,2,6,3,13,0,12,1,15,4,1,3,4,4,3,2,2,21,1,1,15,10,9,5,19,4,5,14,25,0,6,3,26,4,4,5,3,7,33,7,0,3,39,6,6,3,14,43,53,4,4,11,50,13,4,4,50,17,31,12,10,5,5,1,2,1,3,2,1,15,0,3,0,1,1,1,6,1,0,1,2,6,4,0,10,1,3,0,11,0,4,3,0,0,2197,16
cst,ac89ab4bee1571e38ae1c3ea43524fef0e12cbcd,0,nan,nan,10,0,10,66,31,19,92,48,186,315,131,59,12,166,9,40,0,0,10,27,10,0,1,0,1,0,3,19,9,12,12,20,17,12,12,15,0,0,3,2,10,23,1,6,0,1,0,0,2,6,3,13,0,12,1,15,4,1,3,4,4,3,2,2,21,1,1,15,10,9,5,19,4,5,14,25,0,6,3,26,4,4,5,3,7,33,7,0,3,39,6,6,3,14,43,53,4,4,11,50,13,4,4,50,17,31,12,10,5,5,1,2,1,3,2,1,15,0,3,0,1,1,1,6,1,0,1,2,6,4,0,10,1,3,0,11,0,4,3,0,0,2197,16
formatter,ac89ab4bee1571e38ae1c3ea43524fef0e12cbcd,0,3577979.0833333335,116806997.33333333,10,0,10,66,31,19,92,48,186,315,131,59,12,166,9,40,0,0,10,27,10,0,1,0,1,0,3,19,9,12,12,20,17,12,12,15,0,0,3,2,10,23,1,6,0,1,0,0,2,6,3,13,0,12,1,15,4,1,3,4,4,3,2,2,21,1,1,15,10,9,5,19,4,5,14,25,0,6,3,26,4,4,5,3,7,33,7,0,3,39,6,6,3,14,43,53,4,4,11,50,13,4,4,50,17,31,12,10,5,5,1,2,1,3,2,1,15,0,3,0,1,1,1,6,1,0,1,2,6,4,0,10,1,3,0,11,0,4,3,0,0,2197,16
pgsql,d47196e213fa8d69cf678ae244961d2c18ed26cc,0,nan,nan,5,0,5,53,28,17,85,36,117,315,139,71,20,122,4,17,0,0,5,15,5,0,0,0,0,0,2,11,4,5,10,10,10,6,6,9,0,0,0,0,16,16,0,6,0,3,0,0,0,0,0,22,0,67,0,27,0,0,1,0,0,0,0,0,31,0,0,27,11,9,8,31,9,8,8,36,1,1,4,37,4,4,4,5,7,44,7,0,5,53,9,9,5,25,62,88,9,9,31,75,42,8,8,75,38,46,16,24,16,16,2,6,1,6,5,2,19,1,7,1,0,3,0,16,2,1,1,14,19,1,1,10,3,15,9,9,1,5,2,0,0,1917,7
cst,d47196e213fa8d69cf678ae244961d2c18ed26cc,0,nan,nan,5,0,5,53,28,17,85,36,117,315,139,71,20,122,4,17,0,0,5,15,5,0,0,0,0,0,2,11,4,5,10,10,10,6,6,9,0,0,0,0,16,16,0,6,0,3,0,0,0,0,0,22,0,67,0,27,0,0,1,0,0,0,0,0,31,0,0,27,11,9,8,31,9,8,8,36,1,1,4,37,4,4,4,5,7,44,7,0,5,53,9,9,5,25,62,88,9,9,31,75,42,8,8,75,38,46,16,24,16,16,2,6,1,6,5,2,19,1,7,1,0,3,0,16,2,1,1,14,19,1,1,10,3,15,9,9,1,5,2,0,0,1917,7
formatter,d47196e213fa8d69cf678ae244961d2c18ed26cc,0,3177847.3333333335,102673066.66666667,5,0,5,53,28,17,85,36,117,315,139,71,20,122,4,17,0,0,5,15,5,0,0,0,0,0,2,11,4,5,10,10,10,6,6,9,0,0,0,0,16,16,0,6,0,3,0,0,0,0,0,22,0,67,0,27,0,0,1,0,0,0,0,0,31,0,0,27,11,9,8,31,9,8,8,36,1,1,4,37,4,4,4,5,7,44,7,0,5,53,9,9,5,25,62,88,9,9,31,75,42,8,8,75,38,46,16,24,16,16,2,6,1,6,5,2,19,1,7,1,0,3,0,16,2,1,1,14,19,1,1,10,3,15,9,9,1,5,2,0,0,1917,7
pgsql,dfa6fb3c073b3243cd95ffdee041534c7627616c,0,nan,nan,10,0,10,75,35,15,67,61,281,291,136,68,12,178,9,22,0,0,10,23,10,0,1,0,0,0,4,6,2,10,30,20,14,14,14,9,0,0,3,1,7,21,1,7,0,2,0,0,2,2,0,12,0,59,1,17,1,1,2,0,2,1,0,0,20,1,0,17,10,10,1,21,5,1,8,24,1,3,0,24,0,0,0,0,3,27,3,0,0,31,4,4,0,13,33,43,2,2,15,37,17,4,4,37,17,21,8,15,15,15,0,1,1,3,2,2,8,1,3,1,1,1,1,16,0,0,0,10,7,10,1,6,1,4,8,5,1,5,0,0,0,2107,21
cst,dfa6fb3c073b3243cd95ffdee041534c7627616c,0,2610416.785714286,133300224.0,10,0,10,75,35,15,67,61,281,291,136,68,12,178,9,22,0,0,10,23,10,0,1,0,0,0,4,6,2,10,30,20,14,14,14,9,0,0,3,1,7,21,1,7,0,2,0,0,2,2,0,12,0,59,1,17,1,1,2,0,2,1,0,0,20,1,0,17,10,10,1,21,5,1,8,24,1,3,0,24,0,0,0,0,3,27,3,0,0,31,4,4,0,13,33,43,2,2,15,37,17,4,4,37,17,21,8,15,15,15,0,1,1,3,2,2,8,1,3,1,1,1,1,16,0,0,0,10,7,10,1,6,1,4,8,5,1,5,0,0,0,2107,21
formatter,dfa6fb3c073b3243cd95ffdee041534c7627616c,0,3330500.125,106811392.0,10,0,10,75,35,15,67,61,281,291,136,68,12,178,9,22,0,0,10,23,10,0,1,0,0,0,4,6,2,10,30,20,14,14,14,9,0,0,3,1,7,21,1,7,0,2,0,0,2,2,0,12,0,59,1,17,1,1,2,0,2,1,0,0,20,1,0,17,10,10,1,21,5,1,8,24,1,3,0,24,0,0,0,0,3,27,3,0,0,31,4,4,0,13,33,43,2,2,15,37,17,4,4,37,17,21,8,15,15,15,0,1,1,3,2,2,8,1,3,1,1,1,1,16,0,0,0,10,7,10,1,6,1,4,8,5,1,5,0,0,0,2107,21
pgsql,2af5d87ed773c3f634f2578d4c0d9e418796b94f,0,nan,nan,7,0,7,56,26,8,45,50,206,315,151,76,17,145,6,24,0,0,7,20,7,0,1,0,0,0,4,11,5,7,17,14,13,8,8,12,0,0,3,1,10,18,1,5,0,4,0,0,1,2,1,15,1,71,2,18,2,0,3,0,2,2,1,1,23,1,1,18,8,7,3,27,10,3,9,31,2,4,1,35,5,5,5,1,8,43,8,0,1,48,5,5,1,19,53,71,5,5,19,59,33,5,5,59,19,37,11,17,13,13,1,3,4,6,3,2,13,1,5,0,0,2,1,14,1,1,1,13,6,0,3,15,5,2,8,9,0,6,1,0,0,2078,12
cst,2af5d87ed773c3f634f2578d4c0d9e418796b94f,0,4960923.5,167564629.33333334,7,0,7,56,26,8,45,50,206,315,151,76,17,145,6,24,0,0,7,20,7,0,1,0,0,0,4,11,5,7,17,14,13,8,8,12,0,0,3,1,10,18,1,5,0,4,0,0,1,2,1,15,1,71,2,18,2,0,3,0,2,2,1,1,23,1,1,18,8,7,3,27,10,3,9,31,2,4,1,35,5,5,5,1,8,43,8,0,1,48,5,5,1,19,53,71,5,5,19,59,33,5,5,59,19,37,11,17,13,13,1,3,4,6,3,2,13,1,5,0,0,2,1,14,1,1,1,13,6,0,3,15,5,2,8,9,0,6,1,0,0,2078,12
formatter,2af5d87ed773c3f634f2578d4c0d9e418796b94f,0,3342914.25,98271232.0,7,0,7,56,26,8,45,50,206,315,151,76,17,145,6,24,0,0,7,20,7,0,1,0,0,0,4,11,5,7,17,14,13,8,8,12,0,0,3,1,10,18,1,5,0,4,0,0,1,2,1,15,1,71,2,18,2,0,3,0,2,2,1,1,23,1,1,18,8,7,3,27,10,3,9,31,2,4,1,35,5,5,5,1,8,43,8,0,1,48,5,5,1,19,53,71,5,5,19,59,33,5,5,59,19,37,11,17,13,13,1,3,4,6,3,2,13,1,5,0,0,2,1,14,1,1,1,13,6,0,3,15,5,2,8,9,0,6,1,0,0,2078,12
pgsql,405853678aaf618cb9f9eecb7bb2990a7f8a0a91,0,nan,nan,7,0,7,95,41,20,88,75,329,284,128,64,10,194,6,19,0,0,7,18,8,0,3,0,0,0,4,9,4,7,51,15,10,13,13,5,0,0,3,3,9,12,1,2,0,2,0,0,0,0,0,14,0,17,1,19,0,0,1,0,0,0,0,0,22,0,0,19,11,5,3,23,6,3,9,26,2,3,1,27,1,1,1,1,5,32,5,1,1,36,4,4,1,17,37,46,1,1,17,44,16,6,6,44,15,19,17,16,8,8,0,0,0,0,3,2,18,1,3,0,1,1,1,9,0,0,0,4,0,0,0,0,0,18,2,11,0,1,1,0,0,1882,11
cst,405853678aaf618cb9f9eecb7bb2990a7f8a0a91,0,1765562.6,130088960.0,7,0,7,95,41,20,88,75,329,284,128,64,10,194,6,19,0,0,7,18,8,0,3,0,0,0,4,9,4,7,51,15,10,13,13,5,0,0,3,3,9,12,1,2,0,2,0,0,0,0,0,14,0,17,1,19,0,0,1,0,0,0,0,0,22,0,0,19,11,5,3,23,6,3,9,26,2,3,1,27,1,1,1,1,5,32,5,1,1,36,4,4,1,17,37,46,1,1,17,44,16,6,6,44,15,19,17,16,8,8,0,0,0,0,3,2,18,1,3,0,1,1,1,9,0,0,0,4,0,0,0,0,0,18,2,11,0,1,1,0,0,1882,11
formatter,405853678aaf618cb9f9eecb7bb2990a7f8a0a91,0,3138454.9166666665,95576064.0,7,0,7,95,41,20,88,75,329,284,128,64,10,194,6,19,0,0,7,18,8,0,3,0,0,0,4,9,4,7,51,15,10,13,13,5,0,0,3,3,9,12,1,2,0,2,0,0,0,0,0,14,0,17,1,19,0,0,1,0,0,0,0,0,22,0,0,19,11,5,3,23,6,3,9,26,2,3,1,27,1,1,1,1,5,32,5,1,1,36,4,4,1,17,37,46,1,1,17,44,16,6,6,44,15,19,17,16,8,8,0,0,0,0,3,2,18,1,3,0,1,1,1,9,0,0,0,4,0,0,0,0,0,18,2,11,0,1,1,0,0,1882,11
pgsql,131676f7f6cb73e7b3aae304d87d7485cae4979f,0,nan,nan,4,0,4,75,37,20,109,59,189,302,146,64,13,138,3,23,0,0,4,12,4,0,0,0,0,0,2,12,5,4,28,8,8,8,8,4,0,0,1,0,11,12,0,4,0,3,0,0,1,6,4,17,0,30,1,24,2,3,2,3,5,2,2,2,32,1,2,24,20,15,4,26,4,4,12,33,0,3,5,34,2,2,2,6,4,38,4,0,6,46,8,8,6,14,49,85,3,3,15,61,41,6,6,61,31,37,15,22,13,13,3,2,3,5,6,1,18,0,1,0,1,4,1,14,3,1,3,6,10,4,4,9,2,13,0,11,0,4,2,0,0,1945,7
cst,131676f7f6cb73e7b3aae304d87d7485cae4979f,0,nan,nan,4,0,4,75,37,20,109,59,189,302,146,64,13,138,3,23,0,0,4,12,4,0,0,0,0,0,2,12,5,4,28,8,8,8,8,4,0,0,1,0,11,12,0,4,0,3,0,0,1,6,4,17,0,30,1,24,2,3,2,3,5,2,2,2,32,1,2,24,20,15,4,26,4,4,12,33,0,3,5,34,2,2,2,6,4,38,4,0,6,46,8,8,6,14,49,85,3,3,15,61,41,6,6,61,31,37,15,22,13,13,3,2,3,5,6,1,18,0,1,0,1,4,1,14,3,1,3,6,10,4,4,9,2,13,0,11,0,4,2,0,0,1945,7
formatter,131676f7f6cb73e7b3aae304d87d7485cae4979f,0,4173911.5,100235264.0,4,0,4,75,37,20,109,59,189,302,146,64,13,138,3,23,0,0,4,12,4,0,0,0,0,0,2,12,5,4,28,8,8,8,8,4,0,0,1,0,11,12,0,4,0,3,0,0,1,6,4,17,0,30,1,24,2,3,2,3,5,2,2,2,32,1,2,24,20,15,4,26,4,4,12,33,0,3,5,34,2,2,2,6,4,38,4,0,6,46,8,8,6,14,49,85,3,3,15,61,41,6,6,61,31,37,15,22,13,13,3,2,3,5,6,1,18,0,1,0,1,4,1,14,3,1,3,6,10,4,4,9,2,13,0,11,0,4,2,0,0,1945,7
pgsql,385aca6378bae2180c3e538328fe97d7b1db5b24,0,nan,nan,6,0,6,86,52,26,122,63,260,280,123,53,7,188,5,21,0,0,6,17,6,0,0,0,1,0,1,9,3,6,39,12,11,10,10,7,0,0,2,1,9,18,1,7,0,2,0,0,0,0,0,13,0,27,1,16,0,0,3,0,0,0,0,0,22,0,0,16,14,9,2,21,6,2,11,26,2,1,4,26,1,1,1,5,3,29,3,0,9,34,5,5,9,13,37,61,3,3,12,51,30,5,5,51,16,26,12,19,10,10,0,1,1,2,4,1,14,3,6,1,0,1,2,12,0,0,0,3,5,5,0,0,0,8,2,6,1,12,2,0,0,1961,9
cst,385aca6378bae2180c3e538328fe97d7b1db5b24,0,nan,nan,6,0,6,86,52,26,122,63,260,280,123,53,7,188,5,21,0,0,6,17,6,0,0,0,1,0,1,9,3,6,39,12,11,10,10,7,0,0,2,1,9,18,1,7,0,2,0,0,0,0,0,13,0,27,1,16,0,0,3,0,0,0,0,0,22,0,0,16,14,9,2,21,6,2,11,26,2,1,4,26,1,1,1,5,3,29,3,0,9,34,5,5,9,13,37,61,3,3,12,51,30,5,5,51,16,26,12,19,10,10,0,1,1,2,4,1,14,3,6,1,0,1,2,12,0,0,0,3,5,5,0,0,0,8,2,6,1,12,2,0,0,1961,9
formatter,385aca6378bae2180c3e538328fe97d7b1db5b24,0,3471850.1,104837939.2,6,0,6,86,52,26,122,63,260,280,123,53,7,188,5,21,0,0,6,17,6,0,0,0,1,0,1,9,3,6,39,12,11,10,10,7,0,0,2,1,9,18,1,7,0,2,0,0,0,0,0,13,0,27,1,16,0,0,3,0,0,0,0,0,22,0,0,16,14,9,2,21,6,2,11,26,2,1,4,26,1,1,1,5,3,29,3,0,9,34,5,5,9,13,37,61,3,3,12,51,30,5,5,51,16,26,12,19,10,10,0,1,1,2,4,1,14,3,6,1,0,1,2,12,0,0,0,3,5,5,0,0,0,8,2,6,1,12,2,0,0,1961,9
pgsql,51066f71f1e258889ed48cac33531127bafa58ca,0,nan,nan,5,0,5,103,58,31,115,72,298,281,137,59,13,210,4,13,0,0,5,16,6,0,0,0,1,0,2,5,1,5,67,11,10,9,9,7,0,0,4,1,9,13,0,3,0,1,0,0,1,5,2,10,0,75,2,15,2,1,1,1,2,1,0,0,20,0,0,15,13,8,3,18,4,3,5,19,0,2,0,20,2,2,2,0,1,21,1,0,0,25,4,4,0,8,29,40,4,4,11,33,14,4,4,33,14,18,9,11,9,9,0,1,0,3,2,3,10,0,1,2,0,0,2,11,0,0,0,10,2,0,9,10,1,1,7,7,2,6,0,0,0,1940,10
cst,51066f71f1e258889ed48cac33531127bafa58ca,0,1418734.375,128708608.0,5,0,5,103,58,31,115,72,298,281,137,59,13,210,4,13,0,0,5,16,6,0,0,0,1,0,2,5,1,5,67,11,10,9,9,7,0,0,4,1,9,13,0,3,0,1,0,0,1,5,2,10,0,75,2,15,2,1,1,1,2,1,0,0,20,0,0,15,13,8,3,18,4,3,5,19,0,2,0,20,2,2,2,0,1,21,1,0,0,25,4,4,0,8,29,40,4,4,11,33,14,4,4,33,14,18,9,11,9,9,0,1,0,3,2,3,10,0,1,2,0,0,2,11,0,0,0,10,2,0,9,10,1,1,7,7,2,6,0,0,0,1940,10
formatter,51066f71f1e258889ed48cac33531127bafa58ca,0,3657174.5625,96731136.0,5,0,5,103,58,31,115,72,298,281,137,59,13,210,4,13,0,0,5,16,6,0,0,0,1,0,2,5,1,5,67,11,10,9,9,7,0,0,4,1,9,13,0,3,0,1,0,0,1,5,2,10,0,75,2,15,2,1,1,1,2,1,0,0,20,0,0,15,13,8,3,18,4,3,5,19,0,2,0,20,2,2,2,0,1,21,1,0,0,25,4,4,0,8,29,40,4,4,11,33,14,4,4,33,14,18,9,11,9,9,0,1,0,3,2,3,10,0,1,2,0,0,2,11,0,0,0,10,2,0,9,10,1,1,7,7,2,6,0,0,0,1940,10
pgsql,52a5c68d80465e7562a3bcd6f308d9c8609fbbed,0,nan,nan,7,0,7,119,57,36,178,83,368,266,122,63,8,269,6,16,0,0,7,17,7,0,1,0,0,0,4,9,5,7,94,14,10,9,9,8,0,0,1,1,4,17,0,7,0,2,0,0,0,0,0,7,0,20,1,7,0,0,0,0,0,0,0,0,9,0,0,7,5,5,2,8,2,2,6,11,0,1,2,11,1,1,1,2,2,13,2,0,2,17,4,4,2,9,17,26,0,0,10,21,12,2,2,21,7,14,3,5,1,1,2,1,1,2,1,0,3,0,3,0,0,0,0,1,1,2,0,4,8,5,0,0,0,1,0,2,0,0,0,0,0,1871,13
cst,52a5c68d80465e7562a3bcd6f308d9c8609fbbed,0,nan,nan,7,0,7,119,57,36,178,83,368,266,122,63,8,269,6,16,0,0,7,17,7,0,1,0,0,0,4,9,5,7,94,14,10,9,9,8,0,0,1,1,4,17,0,7,0,2,0,0,0,0,0,7,0,20,1,7,0,0,0,0,0,0,0,0,9,0,0,7,5,5,2,8,2,2,6,11,0,1,2,11,1,1,1,2,2,13,2,0,2,17,4,4,2,9,17,26,0,0,10,21,12,2,2,21,7,14,3,5,1,1,2,1,1,2,1,0,3,0,3,0,0,0,0,1,1,2,0,4,8,5,0,0,0,1,0,2,0,0,0,0,0,1871,13
formatter,52a5c68d80465e7562a3bcd6f308d9c8609fbbed,0,3194901.125,95571968.0,7,0,7,119,57,36,178,83,368,266,122,63,8,269,6,16,0,0,7,17,7,0,1,0,0,0,4,9,5,7,94,14,10,9,9,8,0,0,1,1,4,17,0,7,0,2,0,0,0,0,0,7,0,20,1,7,0,0,0,0,0,0,0,0,9,0,0,7,5,5,2,8,2,2,6,11,0,1,2,11,1,1,1,2,2,13,2,0,2,17,4,4,2,9,17,26,0,0,10,21,12,2,2,21,7,14,3,5,1,1,2,1,1,2,1,0,3,0,3,0,0,0,0,1,1,2,0,4,8,5,0,0,0,1,0,2,0,0,0,0,0,1871,13
pgsql,5d30ed715e54de15a2df41e23d57572633c8d8ba,0,nan,nan,4,0,4,96,45,24,129,73,297,244,101,55,12,201,3,27,0,0,4,11,4,0,0,0,0,0,1,16,8,4,65,8,9,7,7,4,0,0,3,0,9,12,0,3,0,1,0,0,0,0,0,14,0,100,1,21,0,0,0,0,0,0,0,0,32,0,0,21,17,4,4,24,3,4,7,28,0,3,2,28,3,3,3,2,2,30,2,0,2,36,6,6,2,19,37,56,1,1,15,44,27,5,5,44,19,24,12,16,6,6,3,2,0,3,2,3,16,0,5,0,0,1,0,6,3,1,2,16,0,10,1,0,0,0,8,10,0,4,2,0,0,1752,7
cst,5d30ed715e54de15a2df41e23d57572633c8d8ba,0,nan,nan,4,0,4,96,45,24,129,73,297,244,101,55,12,201,3,27,0,0,4,11,4,0,0,0,0,0,1,16,8,4,65,8,9,7,7,4,0,0,3,0,9,12,0,3,0,1,0,0,0,0,0,14,0,100,1,21,0,0,0,0,0,0,0,0,32,0,0,21,17,4,4,24,3,4,7,28,0,3,2,28,3,3,3,2,2,30,2,0,2,36,6,6,2,19,37,56,1,1,15,44,27,5,5,44,19,24,12,16,6,6,3,2,0,3,2,3,16,0,5,0,0,1,0,6,3,1,2,16,0,10,1,0,0,0,8,10,0,4,2,0,0,1752,7
formatter,5d30ed715e54de15a2df41e23d57572633c8d8ba,0,2858041.7,94653644.8,4,0,4,96,45,24,129,73,297,244,101,55,12,201,3,27,0,0,4,11,4,0,0,0,0,0,1,16,8,4,65,8,9,7,7,4,0,0,3,0,9,12,0,3,0,1,0,0,0,0,0,14,0,100,1,21,0,0,0,0,0,0,0,0,32,0,0,21,17,4,4,24,3,4,7,28,0,3,2,28,3,3,3,2,2,30,2,0,2,36,6,6,2,19,37,56,1,1,15,44,27,5,5,44,19,24,12,16,6,6,3,2,0,3,2,3,16,0,5,0,0,1,0,6,3,1,2,16,0,10,1,0,0,0,8,10,0,4,2,0,0,1752,7
pgsql,413bdc790360210d682feae9ddbd60eba2de02c2,0,nan,nan,22,11,14,54,21,10,62,44,186,316,146,69,17,150,21,28,0,0,3,27,6,0,2,0,2,0,6,14,6,3,9,9,14,18,18,9,0,0,3,4,12,25,0,11,0,2,0,0,0,0,0,14,0,36,0,17,0,0,2,0,0,0,0,0,20,0,0,17,5,3,6,21,7,6,7,24,1,3,2,28,5,5,5,2,9,37,9,0,2,41,4,4,2,13,44,62,3,3,17,49,27,3,3,49,16,32,10,15,9,9,3,4,2,2,4,1,13,2,0,1,1,1,0,9,3,1,3,6,18,10,0,6,1,6,0,8,1,3,2,0,0,1981,22
cst,413bdc790360210d682feae9ddbd60eba2de02c2,0,nan,nan,22,11,14,54,21,10,62,44,186,316,146,69,17,150,21,28,0,0,3,27,6,0,2,0,2,0,6,14,6,3,9,9,14,18,18,9,0,0,3,4,12,25,0,11,0,2,0,0,0,0,0,14,0,36,0,17,0,0,2,0,0,0,0,0,20,0,0,17,5,3,6,21,7,6,7,24,1,3,2,28,5,5,5,2,9,37,9,0,2,41,4,4,2,13,44,62,3,3,17,49,27,3,3,49,16,32,10,15,9,9,3,4,2,2,4,1,13,2,0,1,1,1,0,9,3,1,3,6,18,10,0,6,1,6,0,8,1,3,2,0,0,1981,22
formatter,413bdc790360210d682feae9ddbd60eba2de02c2,0,3288604.0,106889216.0,22,11,14,54,21,10,62,44,186,316,146,69,17,150,21,28,0,0,3,27,6,0,2,0,2,0,6,14,6,3,9,9,14,18,18,9,0,0,3,4,12,25,0,11,0,2,0,0,0,0,0,14,0,36,0,17,0,0,2,0,0,0,0,0,20,0,0,17,5,3,6,21,7,6,7,24,1,3,2,28,5,5,5,2,9,37,9,0,2,41,4,4,2,13,44,62,3,3,17,49,27,3,3,49,16,32,10,15,9,9,3,4,2,2,4,1,13,2,0,1,1,1,0,9,3,1,3,6,18,10,0,6,1,6,0,8,1,3,2,0,0,1981,22
pgsql,c16908ac91dc95391085b31606d6d9863989390f,0,nan,nan,23,9,12,63,31,17,71,47,193,310,142,72,16,164,22,28,0,0,3,26,7,0,4,0,1,0,10,19,8,3,19,10,16,18,18,8,0,0,8,5,12,21,2,5,0,5,0,0,1,1,0,16,0,38,2,19,1,0,0,1,0,0,0,0,23,0,0,19,9,9,4,22,6,4,10,24,3,2,1,26,2,2,2,1,5,31,5,0,1,36,5,5,1,18,38,45,2,2,20,43,15,4,4,43,18,28,8,16,7,7,3,4,1,2,5,2,11,0,1,0,0,1,0,7,3,0,2,6,6,0,7,0,1,13,0,3,0,5,1,0,0,1912,27
cst,c16908ac91dc95391085b31606d6d9863989390f,0,nan,nan,23,9,12,63,31,17,71,47,193,310,142,72,16,164,22,28,0,0,3,26,7,0,4,0,1,0,10,19,8,3,19,10,16,18,18,8,0,0,8,5,12,21,2,5,0,5,0,0,1,1,0,16,0,38,2,19,1,0,0,1,0,0,0,0,23,0,0,19,9,9,4,22,6,4,10,24,3,2,1,26,2,2,2,1,5,31,5,0,1,36,5,5,1,18,38,45,2,2,20,43,15,4,4,43,18,28,8,16,7,7,3,4,1,2,5,2,11,0,1,0,0,1,0,7,3,0,2,6,6,0,7,0,1,13,0,3,0,5,1,0,0,1912,27
formatter,c16908ac91dc95391085b31606d6d9863989390f,0,3256208.3333333335,100362922.66666667,23,9,12,63,31,17,71,47,193,310,142,72,16,164,22,28,0,0,3,26,7,0,4,0,1,0,10,19,8,3,19,10,16,18,18,8,0,0,8,5,12,21,2,5,0,5,0,0,1,1,0,16,0,38,2,19,1,0,0,1,0,0,0,0,23,0,0,19,9,9,4,22,6,4,10,24,3,2,1,26,2,2,2,1,5,31,5,0,1,36,5,5,1,18,38,45,2,2,20,43,15,4,4,43,18,28,8,16,7,7,3,4,1,2,5,2,11,0,1,0,0,1,0,7,3,0,2,6,6,0,7,0,1,13,0,3,0,5,1,0,0,1912,27
pgsql,13dff1eee8cab8f4e5008f7886b11355737c42dd,0,nan,nan,16,2,5,58,22,12,66,46,187,326,138,70,14,126,15,31,0,0,3,22,7,0,2,0,0,0,7,17,8,3,17,10,15,12,12,10,0,0,2,2,15,18,3,3,0,2,0,0,1,1,0,19,0,4,2,25,1,0,1,1,0,0,0,0,37,1,0,25,19,12,6,31,10,6,10,34,2,1,3,35,2,2,2,3,4,39,4,0,3,49,10,10,3,20,52,77,3,3,17,61,35,6,6,61,24,35,15,20,8,8,0,5,1,4,2,1,19,1,4,1,0,2,0,8,0,0,0,1,29,5,0,2,2,1,0,10,1,2,2,1,0,1993,14
cst,13dff1eee8cab8f4e5008f7886b11355737c42dd,0,nan,nan,16,2,5,58,22,12,66,46,187,326,138,70,14,126,15,31,0,0,3,22,7,0,2,0,0,0,7,17,8,3,17,10,15,12,12,10,0,0,2,2,15,18,3,3,0,2,0,0,1,1,0,19,0,4,2,25,1,0,1,1,0,0,0,0,37,1,0,25,19,12,6,31,10,6,10,34,2,1,3,35,2,2,2,3,4,39,4,0,3,49,10,10,3,20,52,77,3,3,17,61,35,6,6,61,24,35,15,20,8,8,0,5,1,4,2,1,19,1,4,1,0,2,0,8,0,0,0,1,29,5,0,2,2,1,0,10,1,2,2,1,0,1993,14
formatter,13dff1eee8cab8f4e5008f7886b11355737c42dd,0,3191722.3333333335,101750101.33333333,16,2,5,58,22,12,66,46,187,326,138,70,14,126,15,31,0,0,3,22,7,0,2,0,0,0,7,17,8,3,17,10,15,12,12,10,0,0,2,2,15,18,3,3,0,2,0,0,1,1,0,19,0,4,2,25,1,0,1,1,0,0,0,0,37,1,0,25,19,12,6,31,10,6,10,34,2,1,3,35,2,2,2,3,4,39,4,0,3,49,10,10,3,20,52,77,3,3,17,61,35,6,6,61,24,35,15,20,8,8,0,5,1,4,2,1,19,1,4,1,0,2,0,8,0,0,0,1,29,5,0,2,2,1,0,10,1,2,2,1,0,1993,14
pgsql,8d1b3729d5df82acc56194fe580c0f81a27a86d2,0,nan,nan,4,2,3,15,6,4,23,11,61,252,129,72,22,46,3,13,0,0,1,6,1,0,0,0,0,4,1,3,1,1,7,2,6,5,5,1,0,0,0,0,8,11,1,5,0,0,0,0,0,0,0,8,0,699,0,11,0,0,0,0,0,0,0,0,11,0,0,11,0,5,3,11,2,3,14,22,0,0,12,23,2,2,3,14,2,25,2,0,22,32,7,7,35,9,43,78,11,11,16,85,0,7,7,85,0,85,0,0,0,0,0,0,0,0,0,85,0,0,0,0,0,0,0,0,0,0,0,170,0,0,0,0,0,0,85,0,0,0,0,0,0,1723,6
cst,8d1b3729d5df82acc56194fe580c0f81a27a86d2,0,nan,nan,4,2,3,15,6,4,23,11,61,252,129,72,22,46,3,13,0,0,1,6,1,0,0,0,0,4,1,3,1,1,7,2,6,5,5,1,0,0,0,0,8,11,1,5,0,0,0,0,0,0,0,8,0,699,0,11,0,0,0,0,0,0,0,0,11,0,0,11,0,5,3,11,2,3,14,22,0,0,12,23,2,2,3,14,2,25,2,0,22,32,7,7,35,9,43,78,11,11,16,85,0,7,7,85,0,85,0,0,0,0,0,0,0,0,0,85,0,0,0,0,0,0,0,0,0,0,0,170,0,0,0,0,0,0,85,0,0,0,0,0,0,1723,6
formatter,8d1b3729d5df82acc56194fe580c0f81a27a86d2,0,2022996.5833333333,94546602.66666667,4,2,3,15,6,4,23,11,61,252,129,72,22,46,3,13,0,0,1,6,1,0,0,0,0,4,1,3,1,1,7,2,6,5,5,1,0,0,0,0,8,11,1,5,0,0,0,0,0,0,0,8,0,699,0,11,0,0,0,0,0,0,0,0,11,0,0,11,0,5,3,11,2,3,14,22,0,0,12,23,2,2,3,14,2,25,2,0,22,32,7,7,35,9,43,78,11,11,16,85,0,7,7,85,0,85,0,0,0,0,0,0,0,0,0,85,0,0,0,0,0,0,0,0,0,0,0,170,0,0,0,0,0,0,85,0,0,0,0,0,0,1723,6
pgsql,bde8db013a1d51d498d714628a2fdafcbde7f2b3,0,nan,nan,11,6,7,25,9,4,24,21,78,243,103,50,13,68,10,14,0,0,1,12,4,0,0,0,0,11,6,6,3,1,9,5,11,3,3,9,0,0,0,0,12,18,0,7,0,1,0,0,0,0,0,12,0,644,0,13,0,0,0,0,0,0,0,0,13,0,0,13,0,3,0,14,1,0,15,28,0,0,15,29,1,1,2,18,2,31,2,0,25,34,3,3,32,8,38,70,4,4,5,70,0,0,0,70,0,70,0,0,0,0,0,0,0,0,0,70,0,0,0,0,0,0,0,0,0,0,0,140,0,0,0,0,0,0,70,0,0,0,0,0,0,1799,12
cst,bde8db013a1d51d498d714628a2fdafcbde7f2b3,0,1490194.4166666667,130203648.0,11,6,7,25,9,4,24,21,78,243,103,50,13,68,10,14,0,0,1,12,4,0,0,0,0,11,6,6,3,1,9,5,11,3,3,9,0,0,0,0,12,18,0,7,0,1,0,0,0,0,0,12,0,644,0,13,0,0,0,0,0,0,0,0,13,0,0,13,0,3,0,14,1,0,15,28,0,0,15,29,1,1,2,18,2,31,2,0,25,34,3,3,32,8,38,70,4,4,5,70,0,0,0,70,0,70,0,0,0,0,0,0,0,0,0,70,0,0,0,0,0,0,0,0,0,0,0,140,0,0,0,0,0,0,70,0,0,0,0,0,0,1799,12
formatter,bde8db013a1d51d498d714628a2fdafcbde7f2b3,0,2122073.125,93405184.0,11,6,7,25,9,4,24,21,78,243,103,50,13,68,10,14,0,0,1,12,4,0,0,0,0,11,6,6,3,1,9,5,11,3,3,9,0,0,0,0,12,18,0,7,0,1,0,0,0,0,0,12,0,644,0,13,0,0,0,0,0,0,0,0,13,0,0,13,0,3,0,14,1,0,15,28,0,0,15,29,1,1,2,18,2,31,2,0,25,34,3,3,32,8,38,70,4,4,5,70,0,0,0,70,0,70,0,0,0,0,0,0,0,0,0,70,0,0,0,0,0,0,0,0,0,0,0,140,0,0,0,0,0,0,70,0,0,0,0,0,0,1799,12
pgsql,a996193e6561bf8c99fdce82fc9b5469faad7d31,0,nan,nan,5,1,2,11,5,2,10,9,35,272,127,61,19,34,4,7,0,0,1,7,4,0,0,0,0,5,3,2,2,1,2,5,6,3,3,4,0,0,0,0,6,13,1,7,0,0,0,0,0,0,0,6,0,776,0,6,0,0,0,0,0,0,0,0,6,0,0,6,0,3,0,7,1,0,7,14,0,0,8,14,0,0,1,12,4,18,4,0,18,28,10,10,30,11,36,66,8,8,16,83,0,17,17,83,0,83,0,0,0,0,0,0,0,0,0,83,0,0,0,0,0,0,0,0,0,0,0,166,0,0,0,0,0,0,83,0,0,0,0,0,0,1829,5
cst,a996193e6561bf8c99fdce82fc9b5469faad7d31,0,1140791.5,128701781.33333333,5,1,2,11,5,2,10,9,35,272,127,61,19,34,4,7,0,0,1,7,4,0,0,0,0,5,3,2,2,1,2,5,6,3,3,4,0,0,0,0,6,13,1,7,0,0,0,0,0,0,0,6,0,776,0,6,0,0,0,0,0,0,0,0,6,0,0,6,0,3,0,7,1,0,7,14,0,0,8,14,0,0,1,12,4,18,4,0,18,28,10,10,30,11,36,66,8,8,16,83,0,17,17,83,0,83,0,0,0,0,0,0,0,0,0,83,0,0,0,0,0,0,0,0,0,0,0,166,0,0,0,0,0,0,83,0,0,0,0,0,0,1829,5
formatter,a996193e6561bf8c99fdce82fc9b5469faad7d31,0,2076883.3,94968217.6,5,1,2,11,5,2,10,9,35,272,127,61,19,34,4,7,0,0,1,7,4,0,0,0,0,5,3,2,2,1,2,5,6,3,3,4,0,0,0,0,6,13,1,7,0,0,0,0,0,0,0,6,0,776,0,6,0,0,0,0,0,0,0,0,6,0,0,6,0,3,0,7,1,0,7,14,0,0,8,14,0,0,1,12,4,18,4,0,18,28,10,10,30,11,36,66,8,8,16,83,0,17,17,83,0,83,0,0,0,0,0,0,0,0,0,83,0,0,0,0,0,0,0,0,0,0,0,166,0,0,0,0,0,0,83,0,0,0,0,0,0,1829,5
pgsql,3d70555de35aaf2ac55f1bbcd98881d3b2557745,0,nan,nan,3,1,3,26,11,4,20,22,119,212,96,48,12,62,2,7,0,0,2,7,2,0,0,0,0,3,2,4,1,2,16,4,4,3,3,4,0,0,0,0,5,5,1,1,0,0,0,1,2,2,0,6,0,824,0,6,2,0,2,0,2,2,0,0,6,0,0,6,0,3,2,6,1,2,8,12,0,0,6,12,1,1,1,6,4,16,4,0,6,17,1,1,7,5,25,32,8,8,12,49,0,17,17,49,0,49,0,0,0,0,0,0,0,0,0,49,0,0,0,0,0,0,0,0,0,0,0,174,0,0,0,0,0,0,125,0,0,0,0,0,0,1905,5
cst,3d70555de35aaf2ac55f1bbcd98881d3b2557745,0,nan,nan,3,1,3,26,11,4,20,22,119,212,96,48,12,62,2,7,0,0,2,7,2,0,0,0,0,3,2,4,1,2,16,4,4,3,3,4,0,0,0,0,5,5,1,1,0,0,0,1,2,2,0,6,0,824,0,6,2,0,2,0,2,2,0,0,6,0,0,6,0,3,2,6,1,2,8,12,0,0,6,12,1,1,1,6,4,16,4,0,6,17,1,1,7,5,25,32,8,8,12,49,0,17,17,49,0,49,0,0,0,0,0,0,0,0,0,49,0,0,0,0,0,0,0,0,0,0,0,174,0,0,0,0,0,0,125,0,0,0,0,0,0,1905,5
formatter,3d70555de35aaf2ac55f1bbcd98881d3b2557745,0,1901055.6666666667,93301418.66666667,3,1,3,26,11,4,20,22,119,212,96,48,12,62,2,7,0,0,2,7,2,0,0,0,0,3,2,4,1,2,16,4,4,3,3,4,0,0,0,0,5,5,1,1,0,0,0,1,2,2,0,6,0,824,0,6,2,0,2,0,2,2,0,0,6,0,0,6,0,3,2,6,1,2,8,12,0,0,6,12,1,1,1,6,4,16,4,0,6,17,1,1,7,5,25,32,8,8,12,49,0,17,17,49,0,49,0,0,0,0,0,0,0,0,0,49,0,0,0,0,0,0,0,0,0,0,0,174,0,0,0,0,0,0,125,0,0,0,0,0,0,1905,5
pgsql,0aa1d9e8cea99ffd2f63f4460772c8c5ae7f5b72,0,nan,nan,4,1,2,12,7,6,33,6,25,182,71,38,4,31,3,10,0,0,1,5,1,0,0,0,0,4,3,4,0,1,3,2,4,3,3,2,0,0,0,0,6,8,1,4,0,0,0,0,1,2,1,7,0,940,0,8,1,1,0,1,1,0,0,0,8,0,0,8,0,5,1,8,1,1,13,16,0,0,9,16,0,0,1,12,1,17,1,0,22,19,2,2,31,4,24,55,5,5,7,58,0,3,3,58,0,58,0,0,0,0,0,0,0,0,0,58,0,0,0,0,0,0,0,0,0,0,0,210,0,0,0,0,0,0,152,0,0,0,0,0,0,1769,5
cst,0aa1d9e8cea99ffd2f63f4460772c8c5ae7f5b72,0,1107612.5,127274188.8,4,1,2,12,7,6,33,6,25,182,71,38,4,31,3,10,0,0,1,5,1,0,0,0,0,4,3,4,0,1,3,2,4,3,3,2,0,0,0,0,6,8,1,4,0,0,0,0,1,2,1,7,0,940,0,8,1,1,0,1,1,0,0,0,8,0,0,8,0,5,1,8,1,1,13,16,0,0,9,16,0,0,1,12,1,17,1,0,22,19,2,2,31,4,24,55,5,5,7,58,0,3,3,58,0,58,0,0,0,0,0,0,0,0,0,58,0,0,0,0,0,0,0,0,0,0,0,210,0,0,0,0,0,0,152,0,0,0,0,0,0,1769,5
formatter,0aa1d9e8cea99ffd2f63f4460772c8c5ae7f5b72,0,1602444.3333333333,92733440.0,4,1,2,12,7,6,33,6,25,182,71,38,4,31,3,10,0,0,1,5,1,0,0,0,0,4,3,4,0,1,3,2,4,3,3,2,0,0,0,0,6,8,1,4,0,0,0,0,1,2,1,7,0,940,0,8,1,1,0,1,1,0,0,0,8,0,0,8,0,5,1,8,1,1,13,16,0,0,9,16,0,0,1,12,1,17,1,0,22,19,2,2,31,4,24,55,5,5,7,58,0,3,3,58,0,58,0,0,0,0,0,0,0,0,0,58,0,0,0,0,0,0,0,0,0,0,0,210,0,0,0,0,0,0,152,0,0,0,0,0,0,1769,5
pgsql,1b9508ab9accdd13439c39dff3b2725b0f5e7a43,0,nan,nan,1,0,0,3,2,1,8,2,4,157,71,43,9,6,0,4,0,0,0,1,0,0,0,0,0,1,0,0,0,0,0,0,0,1,1,0,0,0,0,0,3,0,0,0,0,0,0,0,1,3,1,4,0,1076,0,6,0,2,0,0,2,0,1,1,6,0,0,6,0,5,1,7,1,1,10,14,0,0,7,17,4,4,4,7,4,21,4,0,8,30,9,9,8,13,43,51,13,13,14,59,0,8,8,59,0,59,0,0,0,0,0,0,0,0,0,59,0,0,0,0,0,0,0,0,0,0,0,224,0,0,0,0,0,0,165,0,0,0,0,0,0,1719,2
cst,1b9508ab9accdd13439c39dff3b2725b0f5e7a43,0,nan,nan,1,0,0,3,2,1,8,2,4,157,71,43,9,6,0,4,0,0,0,1,0,0,0,0,0,1,0,0,0,0,0,0,0,1,1,0,0,0,0,0,3,0,0,0,0,0,0,0,1,3,1,4,0,1076,0,6,0,2,0,0,2,0,1,1,6,0,0,6,0,5,1,7,1,1,10,14,0,0,7,17,4,4,4,7,4,21,4,0,8,30,9,9,8,13,43,51,13,13,14,59,0,8,8,59,0,59,0,0,0,0,0,0,0,0,0,59,0,0,0,0,0,0,0,0,0,0,0,224,0,0,0,0,0,0,165,0,0,0,0,0,0,1719,2
formatter,1b9508ab9accdd13439c39dff3b2725b0f5e7a43,0,1253864.625,92372992.0,1,0,0,3,2,1,8,2,4,157,71,43,9,6,0,4,0,0,0,1,0,0,0,0,0,1,0,0,0,0,0,0,0,1,1,0,0,0,0,0,3,0,0,0,0,0,0,0,1,3,1,4,0,1076,0,6,0,2,0,0,2,0,1,1,6,0,0,6,0,5,1,7,1,1,10,14,0,0,7,17,4,4,4,7,4,21,4,0,8,30,9,9,8,13,43,51,13,13,14,59,0,8,8,59,0,59,0,0,0,0,0,0,0,0,0,59,0,0,0,0,0,0,0,0,0,0,0,224,0,0,0,0,0,0,165,0,0,0,0,0,0,1719,2
pgsql,29334d39b5756be9a280c141de29d2900f0a9eb4,0,nan,nan,2,1,1,5,1,1,4,4,19,104,49,21,5,18,1,4,0,0,0,2,0,0,0,0,0,2,1,1,1,0,0,0,2,1,1,1,0,0,0,0,4,9,0,7,0,0,0,0,0,0,0,4,0,1178,0,4,0,0,0,0,0,0,0,0,4,0,0,4,0,1,0,5,1,0,6,10,0,0,5,11,1,1,1,7,1,12,1,0,9,14,2,2,17,4,15,32,1,1,5,37,0,5,5,37,0,37,0,0,0,0,0,0,0,0,0,37,0,0,0,0,0,0,0,0,0,0,0,264,0,0,0,0,0,0,227,0,0,0,0,0,0,1787,1
cst,29334d39b5756be9a280c141de29d2900f0a9eb4,0,829239.5625,119971840.0,2,1,1,5,1,1,4,4,19,104,49,21,5,18,1,4,0,0,0,2,0,0,0,0,0,2,1,1,1,0,0,0,2,1,1,1,0,0,0,0,4,9,0,7,0,0,0,0,0,0,0,4,0,1178,0,4,0,0,0,0,0,0,0,0,4,0,0,4,0,1,0,5,1,0,6,10,0,0,5,11,1,1,1,7,1,12,1,0,9,14,2,2,17,4,15,32,1,1,5,37,0,5,5,37,0,37,0,0,0,0,0,0,0,0,0,37,0,0,0,0,0,0,0,0,0,0,0,264,0,0,0,0,0,0,227,0,0,0,0,0,0,1787,1
formatter,29334d39b5756be9a280c141de29d2900f0a9eb4,0,957135.5,83585706.66666667,2,1,1,5,1,1,4,4,19,104,49,21,5,18,1,4,0,0,0,2,0,0,0,0,0,2,1,1,1,0,0,0,2,1,1,1,0,0,0,0,4,9,0,7,0,0,0,0,0,0,0,4,0,1178,0,4,0,0,0,0,0,0,0,0,4,0,0,4,0,1,0,5,1,0,6,10,0,0,5,11,1,1,1,7,1,12,1,0,9,14,2,2,17,4,15,32,1,1,5,37,0,5,5,37,0,37,0,0,0,0,0,0,0,0,0,37,0,0,0,0,0,0,0,0,0,0,0,264,0,0,0,0,0,0,227,0,0,0,0,0,0,1787,1
pgsql,9dfe5e3b37a92aa7cbaddb233f73afc577f0d15d,0,nan,nan,3,1,2,8,3,1,4,7,40,100,41,27,2,25,2,4,0,0,1,5,1,0,0,0,0,3,0,3,1,1,2,2,3,3,3,2,0,0,0,0,4,7,0,4,0,0,0,0,0,0,0,5,0,1116,0,6,0,0,0,0,0,0,0,0,6,0,0,6,0,2,1,6,1,1,7,12,0,0,7,12,0,0,1,9,0,12,0,0,13,12,0,0,20,5,12,32,0,0,4,33,0,1,1,33,0,33,0,0,0,0,0,0,0,0,0,33,0,0,0,0,0,0,0,0,0,0,0,256,0,0,0,0,0,0,223,0,0,0,0,0,0,1747,3
cst,9dfe5e3b37a92aa7cbaddb233f73afc577f0d15d,0,866437.5625,122261504.0,3,1,2,8,3,1,4,7,40,100,41,27,2,25,2,4,0,0,1,5,1,0,0,0,0,3,0,3,1,1,2,2,3,3,3,2,0,0,0,0,4,7,0,4,0,0,0,0,0,0,0,5,0,1116,0,6,0,0,0,0,0,0,0,0,6,0,0,6,0,2,1,6,1,1,7,12,0,0,7,12,0,0,1,9,0,12,0,0,13,12,0,0,20,5,12,32,0,0,4,33,0,1,1,33,0,33,0,0,0,0,0,0,0,0,0,33,0,0,0,0,0,0,0,0,0,0,0,256,0,0,0,0,0,0,223,0,0,0,0,0,0,1747,3
formatter,9dfe5e3b37a92aa7cbaddb233f73afc577f0d15d,0,985868.0833333334,82987690.66666667,3,1,2,8,3,1,4,7,40,100,41,27,2,25,2,4,0,0,1,5,1,0,0,0,0,3,0,3,1,1,2,2,3,3,3,2,0,0,0,0,4,7,0,4,0,0,0,0,0,0,0,5,0,1116,0,6,0,0,0,0,0,0,0,0,6,0,0,6,0,2,1,6,1,1,7,12,0,0,7,12,0,0,1,9,0,12,0,0,13,12,0,0,20,5,12,32,0,0,4,33,0,1,1,33,0,33,0,0,0,0,0,0,0,0,0,33,0,0,0,0,0,0,0,0,0,0,0,256,0,0,0,0,0,0,223,0,0,0,0,0,0,1747,3
pgsql,7c7e1b375ddbc26323632d91810bdf7338ba310b,0,nan,nan,1,0,0,1,1,1,3,0,0,86,41,22,6,13,0,0,0,0,0,1,0,0,0,0,0,1,0,0,0,0,0,0,1,0,0,1,0,0,0,0,3,4,0,3,0,1,0,0,0,0,0,3,0,1271,0,4,0,0,0,0,0,0,0,0,4,0,0,4,0,0,1,4,1,1,4,8,0,0,6,8,0,0,2,9,0,8,0,0,15,9,1,1,25,2,9,34,0,0,4,36,0,2,2,36,0,36,0,0,0,0,0,0,0,0,0,36,0,0,0,0,0,0,0,0,0,0,0,267,0,0,0,0,0,0,231,0,0,0,0,0,0,1739,2
cst,7c7e1b375ddbc26323632d91810bdf7338ba310b,0,644930.5,116495701.33333333,1,0,0,1,1,1,3,0,0,86,41,22,6,13,0,0,0,0,0,1,0,0,0,0,0,1,0,0,0,0,0,0,1,0,0,1,0,0,0,0,3,4,0,3,0,1,0,0,0,0,0,3,0,1271,0,4,0,0,0,0,0,0,0,0,4,0,0,4,0,0,1,4,1,1,4,8,0,0,6,8,0,0,2,9,0,8,0,0,15,9,1,1,25,2,9,34,0,0,4,36,0,2,2,36,0,36,0,0,0,0,0,0,0,0,0,36,0,0,0,0,0,0,0,0,0,0,0,267,0,0,0,0,0,0,231,0,0,0,0,0,0,1739,2
formatter,7c7e1b375ddbc26323632d91810bdf7338ba310b,0,711791.8333333334,81466709.33333333,1,0,0,1,1,1,3,0,0,86,41,22,6,13,0,0,0,0,0,1,0,0,0,0,0,1,0,0,0,0,0,0,1,0,0,1,0,0,0,0,3,4,0,3,0,1,0,0,0,0,0,3,0,1271,0,4,0,0,0,0,0,0,0,0,4,0,0,4,0,0,1,4,1,1,4,8,0,0,6,8,0,0,2,9,0,8,0,0,15,9,1,1,25,2,9,34,0,0,4,36,0,2,2,36,0,36,0,0,0,0,0,0,0,0,0,36,0,0,0,0,0,0,0,0,0,0,0,267,0,0,0,0,0,0,231,0,0,0,0,0,0,1739,2
pgsql,a5de2274fdc10821bfa29dda9b3c3c0d0e4d9785,0,nan,nan,3,1,2,17,10,6,29,11,59,96,45,18,2,38,2,4,0,0,1,5,2,0,0,0,0,3,1,3,0,1,6,3,4,3,3,2,0,0,0,0,4,11,1,7,0,0,0,0,0,0,0,4,0,948,0,5,0,0,0,0,0,0,0,0,5,0,0,5,0,3,0,6,1,0,7,12,0,0,6,13,1,1,1,6,2,15,2,0,6,16,1,1,6,4,17,23,1,1,9,25,0,2,2,25,0,25,0,0,0,0,0,0,0,0,0,25,0,0,0,0,0,0,0,0,0,0,0,330,0,0,0,0,0,0,305,0,0,0,0,0,0,1746,3
cst,a5de2274fdc10821bfa29dda9b3c3c0d0e4d9785,0,932273.5625,125194240.0,3,1,2,17,10,6,29,11,59,96,45,18,2,38,2,4,0,0,1,5,2,0,0,0,0,3,1,3,0,1,6,3,4,3,3,2,0,0,0,0,4,11,1,7,0,0,0,0,0,0,0,4,0,948,0,5,0,0,0,0,0,0,0,0,5,0,0,5,0,3,0,6,1,0,7,12,0,0,6,13,1,1,1,6,2,15,2,0,6,16,1,1,6,4,17,23,1,1,9,25,0,2,2,25,0,25,0,0,0,0,0,0,0,0,0,25,0,0,0,0,0,0,0,0,0,0,0,330,0,0,0,0,0,0,305,0,0,0,0,0,0,1746,3
formatter,a5de2274fdc10821bfa29dda9b3c3c0d0e4d9785,0,1031249.8333333334,82553514.66666667,3,1,2,17,10,6,29,11,59,96,45,18,2,38,2,4,0,0,1,5,2,0,0,0,0,3,1,3,0,1,6,3,4,3,3,2,0,0,0,0,4,11,1,7,0,0,0,0,0,0,0,4,0,948,0,5,0,0,0,0,0,0,0,0,5,0,0,5,0,3,0,6,1,0,7,12,0,0,6,13,1,1,1,6,2,15,2,0,6,16,1,1,6,4,17,23,1,1,9,25,0,2,2,25,0,25,0,0,0,0,0,0,0,0,0,25,0,0,0,0,0,0,0,0,0,0,0,330,0,0,0,0,0,0,305,0,0,0,0,0,0,1746,3
pgsql,7186dfb4402a724af014a4001fa2bbc082cb4474,0,nan,nan,4,0,3,28,14,7,32,21,82,128,50,20,5,75,3,7,0,0,3,9,5,0,0,0,0,4,1,3,2,3,12,8,6,4,4,5,0,0,0,0,5,19,0,13,0,0,0,0,1,1,0,5,0,735,0,6,0,1,0,0,1,0,0,0,6,0,0,6,0,3,0,7,1,0,9,14,0,0,7,16,2,2,2,7,1,17,1,0,7,18,1,1,7,5,18,25,0,0,1,25,0,0,0,25,0,25,0,0,0,0,0,0,0,0,0,25,0,0,0,0,0,0,0,0,0,0,0,317,0,0,0,0,0,0,292,0,0,0,0,0,0,1732,6
cst,7186dfb4402a724af014a4001fa2bbc082cb4474,0,1048555.6666666666,128101034.66666667,4,0,3,28,14,7,32,21,82,128,50,20,5,75,3,7,0,0,3,9,5,0,0,0,0,4,1,3,2,3,12,8,6,4,4,5,0,0,0,0,5,19,0,13,0,0,0,0,1,1,0,5,0,735,0,6,0,1,0,0,1,0,0,0,6,0,0,6,0,3,0,7,1,0,9,14,0,0,7,16,2,2,2,7,1,17,1,0,7,18,1,1,7,5,18,25,0,0,1,25,0,0,0,25,0,25,0,0,0,0,0,0,0,0,0,25,0,0,0,0,0,0,0,0,0,0,0,317,0,0,0,0,0,0,292,0,0,0,0,0,0,1732,6
formatter,7186dfb4402a724af014a4001fa2bbc082cb4474,0,1477805.8333333333,92198229.33333333,4,0,3,28,14,7,32,21,82,128,50,20,5,75,3,7,0,0,3,9,5,0,0,0,0,4,1,3,2,3,12,8,6,4,4,5,0,0,0,0,5,19,0,13,0,0,0,0,1,1,0,5,0,735,0,6,0,1,0,0,1,0,0,0,6,0,0,6,0,3,0,7,1,0,9,14,0,0,7,16,2,2,2,7,1,17,1,0,7,18,1,1,7,5,18,25,0,0,1,25,0,0,0,25,0,25,0,0,0,0,0,0,0,0,0,25,0,0,0,0,0,0,0,0,0,0,0,317,0,0,0,0,0,0,292,0,0,0,0,0,0,1732,6
pgsql,6e7eb347e542544f9a894971be2fca6af8fa515d,0,nan,nan,1,0,1,10,6,3,14,7,44,86,34,21,5,25,0,3,0,0,1,3,1,0,0,0,0,1,1,1,1,1,5,2,2,1,1,2,0,0,0,0,2,6,1,4,0,0,0,0,0,0,0,3,0,1132,0,4,0,0,0,0,0,0,0,0,4,0,0,4,0,2,0,4,0,0,6,8,0,0,4,9,1,1,1,4,1,10,1,0,4,11,1,1,4,6,13,17,2,2,5,22,0,5,5,22,0,22,0,0,0,0,0,0,0,0,0,22,0,0,0,0,0,0,0,0,0,0,0,301,0,0,0,0,0,0,279,0,0,0,0,0,0,1811,1
cst,6e7eb347e542544f9a894971be2fca6af8fa515d,0,728090.3333333334,116615850.66666667,1,0,1,10,6,3,14,7,44,86,34,21,5,25,0,3,0,0,1,3,1,0,0,0,0,1,1,1,1,1,5,2,2,1,1,2,0,0,0,0,2,6,1,4,0,0,0,0,0,0,0,3,0,1132,0,4,0,0,0,0,0,0,0,0,4,0,0,4,0,2,0,4,0,0,6,8,0,0,4,9,1,1,1,4,1,10,1,0,4,11,1,1,4,6,13,17,2,2,5,22,0,5,5,22,0,22,0,0,0,0,0,0,0,0,0,22,0,0,0,0,0,0,0,0,0,0,0,301,0,0,0,0,0,0,279,0,0,0,0,0,0,1811,1
formatter,6e7eb347e542544f9a894971be2fca6af8fa515d,0,921117.8333333334,82952192.0,1,0,1,10,6,3,14,7,44,86,34,21,5,25,0,3,0,0,1,3,1,0,0,0,0,1,1,1,1,1,5,2,2,1,1,2,0,0,0,0,2,6,1,4,0,0,0,0,0,0,0,3,0,1132,0,4,0,0,0,0,0,0,0,0,4,0,0,4,0,2,0,4,0,0,6,8,0,0,4,9,1,1,1,4,1,10,1,0,4,11,1,1,4,6,13,17,2,2,5,22,0,5,5,22,0,22,0,0,0,0,0,0,0,0,0,22,0,0,0,0,0,0,0,0,0,0,0,301,0,0,0,0,0,0,279,0,0,0,0,0,0,1811,1
pgsql,23504241f5afe4df4d35aef9c8a0063bf45352dc,0,nan,nan,10,3,6,50,20,10,51,42,184,320,150,71,24,119,9,23,0,0,3,14,3,0,0,0,0,0,2,11,5,3,5,6,13,7,7,7,0,0,4,0,16,20,2,7,0,5,0,0,0,0,0,22,0,4,0,27,0,0,1,0,0,0,0,0,34,0,0,27,16,12,5,31,7,5,8,34,3,2,1,38,6,6,6,1,9,47,9,0,1,63,16,16,1,28,65,97,2,2,30,72,48,6,6,72,34,42,22,23,12,12,3,2,3,9,4,2,24,1,3,1,1,0,0,12,2,3,1,12,1,15,13,8,4,12,3,11,1,7,2,0,0,1881,14
cst,23504241f5afe4df4d35aef9c8a0063bf45352dc,0,nan,nan,10,3,6,50,20,10,51,42,184,320,150,71,24,119,9,23,0,0,3,14,3,0,0,0,0,0,2,11,5,3,5,6,13,7,7,7,0,0,4,0,16,20,2,7,0,5,0,0,0,0,0,22,0,4,0,27,0,0,1,0,0,0,0,0,34,0,0,27,16,12,5,31,7,5,8,34,3,2,1,38,6,6,6,1,9,47,9,0,1,63,16,16,1,28,65,97,2,2,30,72,48,6,6,72,34,42,22,23,12,12,3,2,3,9,4,2,24,1,3,1,1,0,0,12,2,3,1,12,1,15,13,8,4,12,3,11,1,7,2,0,0,1881,14
formatter,23504241f5afe4df4d35aef9c8a0063bf45352dc,0,nan,nan,10,3,6,50,20,10,51,42,184,320,150,71,24,119,9,23,0,0,3,14,3,0,0,0,0,0,2,11,5,3,5,6,13,7,7,7,0,0,4,0,16,20,2,7,0,5,0,0,0,0,0,22,0,4,0,27,0,0,1,0,0,0,0,0,34,0,0,27,16,12,5,31,7,5,8,34,3,2,1,38,6,6,6,1,9,47,9,0,1,63,16,16,1,28,65,97,2,2,30,72,48,6,6,72,34,42,22,23,12,12,3,2,3,9,4,2,24,1,3,1,1,0,0,12,2,3,1,12,1,15,13,8,4,12,3,11,1,7,2,0,0,1881,14
pgsql,9ae1b1693328c0898b6d4dd08c311ce323bc52a8,0,nan,nan,13,3,6,60,25,8,48,55,275,300,132,67,14,172,12,16,0,0,3,19,4,0,0,0,1,0,4,8,2,3,19,7,11,15,15,4,0,0,7,1,14,23,3,12,0,0,0,0,0,0,0,17,0,4,3,19,0,0,0,0,0,0,0,0,23,0,0,19,12,8,10,21,8,10,8,25,1,1,3,25,4,4,4,3,3,28,3,0,3,34,6,6,4,9,40,57,6,6,14,50,25,6,6,50,20,31,10,20,17,17,2,4,1,6,4,4,14,0,4,1,0,3,0,17,1,1,0,19,10,5,21,5,2,8,12,8,1,12,3,0,0,1874,12
cst,9ae1b1693328c0898b6d4dd08c311ce323bc52a8,0,nan,nan,13,3,6,60,25,8,48,55,275,300,132,67,14,172,12,16,0,0,3,19,4,0,0,0,1,0,4,8,2,3,19,7,11,15,15,4,0,0,7,1,14,23,3,12,0,0,0,0,0,0,0,17,0,4,3,19,0,0,0,0,0,0,0,0,23,0,0,19,12,8,10,21,8,10,8,25,1,1,3,25,4,4,4,3,3,28,3,0,3,34,6,6,4,9,40,57,6,6,14,50,25,6,6,50,20,31,10,20,17,17,2,4,1,6,4,4,14,0,4,1,0,3,0,17,1,1,0,19,10,5,21,5,2,8,12,8,1,12,3,0,0,1874,12
formatter,9ae1b1693328c0898b6d4dd08c311ce323bc52a8,0,3175699.8,100974592.0,13,3,6,60,25,8,48,55,275,300,132,67,14,172,12,16,0,0,3,19,4,0,0,0,1,0,4,8,2,3,19,7,11,15,15,4,0,0,7,1,14,23,3,12,0,0,0,0,0,0,0,17,0,4,3,19,0,0,0,0,0,0,0,0,23,0,0,19,12,8,10,21,8,10,8,25,1,1,3,25,4,4,4,3,3,28,3,0,3,34,6,6,4,9,40,57,6,6,14,50,25,6,6,50,20,31,10,20,17,17,2,4,1,6,4,4,14,0,4,1,0,3,0,17,1,1,0,19,10,5,21,5,2,8,12,8,1,12,3,0,0,1874,12
pgsql,fae289ea29feb1409c0bd96df79f1fb0e7610838,0,nan,nan,13,3,5,41,24,13,50,30,113,319,152,75,14,127,12,25,0,0,2,16,2,0,1,0,0,0,7,13,4,2,3,4,11,9,9,7,0,0,7,1,18,17,1,6,0,6,0,0,1,1,0,23,0,3,4,29,1,0,0,1,0,0,0,0,38,0,0,29,26,13,7,31,7,7,12,36,3,4,2,37,2,2,2,2,8,45,8,0,2,54,9,9,2,25,61,84,7,7,30,72,36,9,9,72,33,39,21,26,20,20,0,2,2,5,3,11,27,0,5,0,1,3,0,20,0,0,0,32,11,3,6,14,2,17,21,16,0,9,4,0,0,1933,14
cst,fae289ea29feb1409c0bd96df79f1fb0e7610838,0,nan,nan,13,3,5,41,24,13,50,30,113,319,152,75,14,127,12,25,0,0,2,16,2,0,1,0,0,0,7,13,4,2,3,4,11,9,9,7,0,0,7,1,18,17,1,6,0,6,0,0,1,1,0,23,0,3,4,29,1,0,0,1,0,0,0,0,38,0,0,29,26,13,7,31,7,7,12,36,3,4,2,37,2,2,2,2,8,45,8,0,2,54,9,9,2,25,61,84,7,7,30,72,36,9,9,72,33,39,21,26,20,20,0,2,2,5,3,11,27,0,5,0,1,3,0,20,0,0,0,32,11,3,6,14,2,17,21,16,0,9,4,0,0,1933,14
formatter,fae289ea29feb1409c0bd96df79f1fb0e7610838,0,3223319.3333333335,95234730.66666667,13,3,5,41,24,13,50,30,113,319,152,75,14,127,12,25,0,0,2,16,2,0,1,0,0,0,7,13,4,2,3,4,11,9,9,7,0,0,7,1,18,17,1,6,0,6,0,0,1,1,0,23,0,3,4,29,1,0,0,1,0,0,0,0,38,0,0,29,26,13,7,31,7,7,12,36,3,4,2,37,2,2,2,2,8,45,8,0,2,54,9,9,2,25,61,84,7,7,30,72,36,9,9,72,33,39,21,26,20,20,0,2,2,5,3,11,27,0,5,0,1,3,0,20,0,0,0,32,11,3,6,14,2,17,21,16,0,9,4,0,0,1933,14
pgsql,09304e30af20854ad11d2badbc02cc5114cf4667,0,nan,nan,6,1,2,45,21,8,45,38,128,335,157,82,15,105,5,21,0,0,1,9,3,0,6,0,0,0,4,11,3,1,6,4,6,4,4,5,0,0,8,6,12,11,0,5,0,5,0,0,1,1,0,18,0,38,8,25,1,0,3,0,1,1,0,0,33,1,0,25,21,10,3,30,8,3,13,34,3,2,2,36,2,2,2,2,8,44,8,1,2,57,13,13,3,25,68,102,11,11,24,78,53,7,7,78,33,47,17,24,22,22,1,2,3,10,4,5,20,2,4,0,0,5,1,23,0,1,0,30,10,14,4,11,4,14,23,9,0,13,2,0,0,2042,11
cst,09304e30af20854ad11d2badbc02cc5114cf4667,0,2098908.4,136577024.0,6,1,2,45,21,8,45,38,128,335,157,82,15,105,5,21,0,0,1,9,3,0,6,0,0,0,4,11,3,1,6,4,6,4,4,5,0,0,8,6,12,11,0,5,0,5,0,0,1,1,0,18,0,38,8,25,1,0,3,0,1,1,0,0,33,1,0,25,21,10,3,30,8,3,13,34,3,2,2,36,2,2,2,2,8,44,8,1,2,57,13,13,3,25,68,102,11,11,24,78,53,7,7,78,33,47,17,24,22,22,1,2,3,10,4,5,20,2,4,0,0,5,1,23,0,1,0,30,10,14,4,11,4,14,23,9,0,13,2,0,0,2042,11
formatter,09304e30af20854ad11d2badbc02cc5114cf4667,0,3324965.0,104502613.33333333,6,1,2,45,21,8,45,38,128,335,157,82,15,105,5,21,0,0,1,9,3,0,6,0,0,0,4,11,3,1,6,4,6,4,4,5,0,0,8,6,12,11,0,5,0,5,0,0,1,1,0,18,0,38,8,25,1,0,3,0,1,1,0,0,33,1,0,25,21,10,3,30,8,3,13,34,3,2,2,36,2,2,2,2,8,44,8,1,2,57,13,13,3,25,68,102,11,11,24,78,53,7,7,78,33,47,17,24,22,22,1,2,3,10,4,5,20,2,4,0,0,5,1,23,0,1,0,30,10,14,4,11,4,14,23,9,0,13,2,0,0,2042,11
pgsql,7fe466cf2a8e401ce3811ce0bf40268d0e13ec33,0,nan,nan,13,2,3,48,22,13,63,35,137,336,153,84,20,108,12,26,0,0,1,15,4,0,13,0,1,0,6,13,6,1,6,5,11,8,8,7,0,0,16,14,15,18,0,7,0,5,0,0,2,2,0,20,0,38,16,28,2,0,2,1,1,1,0,0,40,2,0,28,19,11,6,30,5,6,12,31,4,2,1,33,3,3,3,1,7,40,7,0,1,47,7,7,1,28,54,74,7,7,28,62,36,7,7,62,26,32,18,21,10,10,0,5,1,5,5,4,21,1,7,1,1,0,0,10,0,0,0,22,17,15,1,0,0,14,18,8,1,2,2,0,0,2010,14
cst,7fe466cf2a8e401ce3811ce0bf40268d0e13ec33,0,nan,nan,13,2,3,48,22,13,63,35,137,336,153,84,20,108,12,26,0,0,1,15,4,0,13,0,1,0,6,13,6,1,6,5,11,8,8,7,0,0,16,14,15,18,0,7,0,5,0,0,2,2,0,20,0,38,16,28,2,0,2,1,1,1,0,0,40,2,0,28,19,11,6,30,5,6,12,31,4,2,1,33,3,3,3,1,7,40,7,0,1,47,7,7,1,28,54,74,7,7,28,62,36,7,7,62,26,32,18,21,10,10,0,5,1,5,5,4,21,1,7,1,1,0,0,10,0,0,0,22,17,15,1,0,0,14,18,8,1,2,2,0,0,2010,14
formatter,7fe466cf2a8e401ce3811ce0bf40268d0e13ec33,0,3161645.5,96458069.33333333,13,2,3,48,22,13,63,35,137,336,153,84,20,108,12,26,0,0,1,15,4,0,13,0,1,0,6,13,6,1,6,5,11,8,8,7,0,0,16,14,15,18,0,7,0,5,0,0,2,2,0,20,0,38,16,28,2,0,2,1,1,1,0,0,40,2,0,28,19,11,6,30,5,6,12,31,4,2,1,33,3,3,3,1,7,40,7,0,1,47,7,7,1,28,54,74,7,7,28,62,36,7,7,62,26,32,18,21,10,10,0,5,1,5,5,4,21,1,7,1,1,0,0,10,0,0,0,22,17,15,1,0,0,14,18,8,1,2,2,0,0,2010,14
pgsql,f34b237e4f2012f662c86a65dedf8dd590eb0600,0,nan,nan,11,2,4,61,29,9,27,54,219,338,149,71,14,119,10,19,0,0,2,15,5,0,11,0,0,0,8,8,4,2,18,7,10,9,9,6,0,0,11,11,17,20,2,10,0,4,0,0,1,1,0,22,0,18,11,29,1,0,1,0,1,1,0,0,38,0,0,29,22,16,3,33,6,3,11,37,2,4,1,38,1,1,1,2,6,44,6,0,2,50,6,6,2,16,57,77,7,7,25,64,34,5,5,64,28,40,17,21,13,13,2,4,1,7,2,2,21,0,2,2,0,0,0,13,2,1,0,7,6,16,0,3,1,5,2,13,2,2,2,0,0,1995,13
cst,f34b237e4f2012f662c86a65dedf8dd590eb0600,0,2537451.3333333335,133529600.0,11,2,4,61,29,9,27,54,219,338,149,71,14,119,10,19,0,0,2,15,5,0,11,0,0,0,8,8,4,2,18,7,10,9,9,6,0,0,11,11,17,20,2,10,0,4,0,0,1,1,0,22,0,18,11,29,1,0,1,0,1,1,0,0,38,0,0,29,22,16,3,33,6,3,11,37,2,4,1,38,1,1,1,2,6,44,6,0,2,50,6,6,2,16,57,77,7,7,25,64,34,5,5,64,28,40,17,21,13,13,2,4,1,7,2,2,21,0,2,2,0,0,0,13,2,1,0,7,6,16,0,3,1,5,2,13,2,2,2,0,0,1995,13
formatter,f34b237e4f2012f662c86a65dedf8dd590eb0600,0,3257666.375,96522240.0,11,2,4,61,29,9,27,54,219,338,149,71,14,119,10,19,0,0,2,15,5,0,11,0,0,0,8,8,4,2,18,7,10,9,9,6,0,0,11,11,17,20,2,10,0,4,0,0,1,1,0,22,0,18,11,29,1,0,1,0,1,1,0,0,38,0,0,29,22,16,3,33,6,3,11,37,2,4,1,38,1,1,1,2,6,44,6,0,2,50,6,6,2,16,57,77,7,7,25,64,34,5,5,64,28,40,17,21,13,13,2,4,1,7,2,2,21,0,2,2,0,0,0,13,2,1,0,7,6,16,0,3,1,5,2,13,2,2,2,0,0,1995,13
pgsql,a170f29f72efdf3e190deaa16c94ed4a5b2c4bf4,0,nan,nan,8,2,4,51,19,10,60,43,206,315,149,76,9,131,7,25,0,0,2,11,2,0,8,0,0,0,1,13,6,5,15,4,6,9,9,2,0,0,12,8,15,8,1,2,0,4,0,0,2,5,3,18,0,30,12,24,2,3,1,3,3,0,2,2,31,0,2,24,17,14,2,29,6,2,11,31,2,1,2,34,3,3,3,3,7,41,7,0,5,51,10,10,6,24,56,89,5,5,28,67,42,5,5,67,30,39,13,27,15,15,2,3,4,9,4,0,15,1,4,1,1,4,0,15,1,1,1,3,20,15,3,3,2,13,0,4,1,7,1,0,0,1934,12
cst,a170f29f72efdf3e190deaa16c94ed4a5b2c4bf4,0,nan,nan,8,2,4,51,19,10,60,43,206,315,149,76,9,131,7,25,0,0,2,11,2,0,8,0,0,0,1,13,6,5,15,4,6,9,9,2,0,0,12,8,15,8,1,2,0,4,0,0,2,5,3,18,0,30,12,24,2,3,1,3,3,0,2,2,31,0,2,24,17,14,2,29,6,2,11,31,2,1,2,34,3,3,3,3,7,41,7,0,5,51,10,10,6,24,56,89,5,5,28,67,42,5,5,67,30,39,13,27,15,15,2,3,4,9,4,0,15,1,4,1,1,4,0,15,1,1,1,3,20,15,3,3,2,13,0,4,1,7,1,0,0,1934,12
formatter,a170f29f72efdf3e190deaa16c94ed4a5b2c4bf4,0,3083694.3333333335,96496298.66666667,8,2,4,51,19,10,60,43,206,315,149,76,9,131,7,25,0,0,2,11,2,0,8,0,0,0,1,13,6,5,15,4,6,9,9,2,0,0,12,8,15,8,1,2,0,4,0,0,2,5,3,18,0,30,12,24,2,3,1,3,3,0,2,2,31,0,2,24,17,14,2,29,6,2,11,31,2,1,2,34,3,3,3,3,7,41,7,0,5,51,10,10,6,24,56,89,5,5,28,67,42,5,5,67,30,39,13,27,15,15,2,3,4,9,4,0,15,1,4,1,1,4,0,15,1,1,1,3,20,15,3,3,2,13,0,4,1,7,1,0,0,1934,12
pgsql,3372d63a729a26e4059b35f1064aededebf89535,0,nan,nan,9,4,6,49,25,14,73,35,140,343,155,90,20,102,8,25,0,0,2,13,3,0,9,0,1,0,6,13,8,2,8,5,13,5,5,8,0,0,12,10,11,16,1,3,0,4,0,0,0,0,0,17,0,46,12,21,0,0,0,0,0,0,0,0,26,0,0,21,17,8,4,27,7,4,9,32,0,3,4,35,5,5,6,5,4,39,4,1,9,48,9,9,10,15,56,93,8,8,23,70,45,4,4,70,28,46,13,21,11,11,2,5,6,10,4,3,16,0,3,0,1,4,1,12,2,1,0,11,15,10,19,4,3,30,5,7,0,5,2,0,0,2082,14
cst,3372d63a729a26e4059b35f1064aededebf89535,0,nan,nan,9,4,6,49,25,14,73,35,140,343,155,90,20,102,8,25,0,0,2,13,3,0,9,0,1,0,6,13,8,2,8,5,13,5,5,8,0,0,12,10,11,16,1,3,0,4,0,0,0,0,0,17,0,46,12,21,0,0,0,0,0,0,0,0,26,0,0,21,17,8,4,27,7,4,9,32,0,3,4,35,5,5,6,5,4,39,4,1,9,48,9,9,10,15,56,93,8,8,23,70,45,4,4,70,28,46,13,21,11,11,2,5,6,10,4,3,16,0,3,0,1,4,1,12,2,1,0,11,15,10,19,4,3,30,5,7,0,5,2,0,0,2082,14
formatter,3372d63a729a26e4059b35f1064aededebf89535,0,3129866.5,95613747.2,9,4,6,49,25,14,73,35,140,343,155,90,20,102,8,25,0,0,2,13,3,0,9,0,1,0,6,13,8,2,8,5,13,5,5,8,0,0,12,10,11,16,1,3,0,4,0,0,0,0,0,17,0,46,12,21,0,0,0,0,0,0,0,0,26,0,0,21,17,8,4,27,7,4,9,32,0,3,4,35,5,5,6,5,4,39,4,1,9,48,9,9,10,15,56,93,8,8,23,70,45,4,4,70,28,46,13,21,11,11,2,5,6,10,4,3,16,0,3,0,1,4,1,12,2,1,0,11,15,10,19,4,3,30,5,7,0,5,2,0,0,2082,14
pgsql,eb0aad4d0377ba6ee8358458e5b877dc6c0e826f,0,nan,nan,14,1,8,88,46,23,108,65,293,329,146,72,19,207,13,13,0,0,7,22,7,0,14,0,0,0,10,2,0,8,44,14,16,13,13,9,0,0,14,14,6,29,3,13,0,2,0,0,1,1,0,10,0,28,14,14,1,0,1,1,0,0,0,0,19,0,0,14,9,5,2,17,3,2,3,18,2,1,0,19,3,3,3,0,3,22,3,0,0,23,1,1,0,7,25,34,2,2,8,25,17,0,0,25,11,12,6,12,4,4,0,1,0,3,0,0,7,1,2,0,0,1,0,4,0,0,0,0,1,0,0,7,2,0,0,4,0,0,0,0,0,2019,20
cst,eb0aad4d0377ba6ee8358458e5b877dc6c0e826f,0,1386151.25,132739072.0,14,1,8,88,46,23,108,65,293,329,146,72,19,207,13,13,0,0,7,22,7,0,14,0,0,0,10,2,0,8,44,14,16,13,13,9,0,0,14,14,6,29,3,13,0,2,0,0,1,1,0,10,0,28,14,14,1,0,1,1,0,0,0,0,19,0,0,14,9,5,2,17,3,2,3,18,2,1,0,19,3,3,3,0,3,22,3,0,0,23,1,1,0,7,25,34,2,2,8,25,17,0,0,25,11,12,6,12,4,4,0,1,0,3,0,0,7,1,2,0,0,1,0,4,0,0,0,0,1,0,0,7,2,0,0,4,0,0,0,0,0,2019,20
formatter,eb0aad4d0377ba6ee8358458e5b877dc6c0e826f,0,3247286.25,99282944.0,14,1,8,88,46,23,108,65,293,329,146,72,19,207,13,13,0,0,7,22,7,0,14,0,0,0,10,2,0,8,44,14,16,13,13,9,0,0,14,14,6,29,3,13,0,2,0,0,1,1,0,10,0,28,14,14,1,0,1,1,0,0,0,0,19,0,0,14,9,5,2,17,3,2,3,18,2,1,0,19,3,3,3,0,3,22,3,0,0,23,1,1,0,7,25,34,2,2,8,25,17,0,0,25,11,12,6,12,4,4,0,1,0,3,0,0,7,1,2,0,0,1,0,4,0,0,0,0,1,0,0,7,2,0,0,4,0,0,0,0,0,2019,20
pgsql,bd71f78069527e90fbdf1fa82d3acbaddd89a1fd,0,nan,nan,7,1,4,53,24,15,83,40,170,301,118,75,17,127,6,21,0,0,3,12,3,0,7,0,2,0,3,11,4,3,16,6,6,7,7,5,0,0,13,9,15,10,1,4,0,2,0,0,0,0,0,22,0,111,13,28,0,0,1,0,0,0,0,0,36,0,0,28,18,10,8,30,5,8,13,34,1,3,3,35,5,5,6,3,6,41,6,0,4,50,9,9,4,25,52,72,2,2,21,59,38,3,3,59,29,36,17,18,17,17,1,3,1,7,2,3,20,1,2,1,0,1,0,17,1,0,0,19,14,9,6,2,1,5,15,5,1,8,3,0,0,2009,10
cst,bd71f78069527e90fbdf1fa82d3acbaddd89a1fd,0,nan,nan,7,1,4,53,24,15,83,40,170,301,118,75,17,127,6,21,0,0,3,12,3,0,7,0,2,0,3,11,4,3,16,6,6,7,7,5,0,0,13,9,15,10,1,4,0,2,0,0,0,0,0,22,0,111,13,28,0,0,1,0,0,0,0,0,36,0,0,28,18,10,8,30,5,8,13,34,1,3,3,35,5,5,6,3,6,41,6,0,4,50,9,9,4,25,52,72,2,2,21,59,38,3,3,59,29,36,17,18,17,17,1,3,1,7,2,3,20,1,2,1,0,1,0,17,1,0,0,19,14,9,6,2,1,5,15,5,1,8,3,0,0,2009,10
formatter,bd71f78069527e90fbdf1fa82d3acbaddd89a1fd,0,3392468.625,95895552.0,7,1,4,53,24,15,83,40,170,301,118,75,17,127,6,21,0,0,3,12,3,0,7,0,2,0,3,11,4,3,16,6,6,7,7,5,0,0,13,9,15,10,1,4,0,2,0,0,0,0,0,22,0,111,13,28,0,0,1,0,0,0,0,0,36,0,0,28,18,10,8,30,5,8,13,34,1,3,3,35,5,5,6,3,6,41,6,0,4,50,9,9,4,25,52,72,2,2,21,59,38,3,3,59,29,36,17,18,17,17,1,3,1,7,2,3,20,1,2,1,0,1,0,17,1,0,0,19,14,9,6,2,1,5,15,5,1,8,3,0,0,2009,10
pgsql,b2210168b28ae37d1180c0c7bc4f31ac63cf9394,0,nan,nan,7,2,5,63,21,13,73,55,205,293,134,68,12,125,6,22,0,0,3,12,3,0,7,0,0,0,3,12,5,3,13,6,9,6,6,6,0,0,10,7,12,12,1,3,0,0,0,0,0,0,0,17,0,74,10,25,0,0,2,0,0,0,0,0,29,0,0,25,12,11,6,29,6,6,13,35,2,4,3,37,5,5,5,4,7,44,7,0,4,54,10,10,4,22,57,78,3,3,19,63,33,2,2,63,28,37,17,23,11,11,0,5,1,5,3,1,20,2,3,0,0,3,0,11,0,0,0,11,15,1,4,5,3,16,10,9,0,6,2,1,0,1902,13
cst,b2210168b28ae37d1180c0c7bc4f31ac63cf9394,0,nan,nan,7,2,5,63,21,13,73,55,205,293,134,68,12,125,6,22,0,0,3,12,3,0,7,0,0,0,3,12,5,3,13,6,9,6,6,6,0,0,10,7,12,12,1,3,0,0,0,0,0,0,0,17,0,74,10,25,0,0,2,0,0,0,0,0,29,0,0,25,12,11,6,29,6,6,13,35,2,4,3,37,5,5,5,4,7,44,7,0,4,54,10,10,4,22,57,78,3,3,19,63,33,2,2,63,28,37,17,23,11,11,0,5,1,5,3,1,20,2,3,0,0,3,0,11,0,0,0,11,15,1,4,5,3,16,10,9,0,6,2,1,0,1902,13
formatter,b2210168b28ae37d1180c0c7bc4f31ac63cf9394,0,3185101.214285714,95769161.14285715,7,2,5,63,21,13,73,55,205,293,134,68,12,125,6,22,0,0,3,12,3,0,7,0,0,0,3,12,5,3,13,6,9,6,6,6,0,0,10,7,12,12,1,3,0,0,0,0,0,0,0,17,0,74,10,25,0,0,2,0,0,0,0,0,29,0,0,25,12,11,6,29,6,6,13,35,2,4,3,37,5,5,5,4,7,44,7,0,4,54,10,10,4,22,57,78,3,3,19,63,33,2,2,63,28,37,17,23,11,11,0,5,1,5,3,1,20,2,3,0,0,3,0,11,0,0,0,11,15,1,4,5,3,16,10,9,0,6,2,1,0,1902,13
pgsql,e1bef5be0228a7a6b5937af0ce8f9e505ecb2bc7,0,nan,nan,11,4,6,52,21,11,52,50,222,297,138,68,18,137,10,25,0,0,2,15,2,0,11,0,1,0,3,12,5,2,11,4,12,9,9,6,0,0,15,12,12,20,1,8,0,4,0,0,0,0,0,17,0,56,15,25,0,0,1,0,0,0,0,0,33,0,0,25,20,11,5,28,5,5,9,33,1,3,3,33,2,2,2,4,7,40,7,0,8,48,8,8,8,16,51,76,3,3,16,60,35,1,1,60,28,32,14,22,14,14,0,6,1,4,3,1,17,1,6,0,1,1,0,14,0,0,0,1,25,8,0,10,2,5,0,5,0,9,0,1,0,1971,15
cst,e1bef5be0228a7a6b5937af0ce8f9e505ecb2bc7,0,nan,nan,11,4,6,52,21,11,52,50,222,297,138,68,18,137,10,25,0,0,2,15,2,0,11,0,1,0,3,12,5,2,11,4,12,9,9,6,0,0,15,12,12,20,1,8,0,4,0,0,0,0,0,17,0,56,15,25,0,0,1,0,0,0,0,0,33,0,0,25,20,11,5,28,5,5,9,33,1,3,3,33,2,2,2,4,7,40,7,0,8,48,8,8,8,16,51,76,3,3,16,60,35,1,1,60,28,32,14,22,14,14,0,6,1,4,3,1,17,1,6,0,1,1,0,14,0,0,0,1,25,8,0,10,2,5,0,5,0,9,0,1,0,1971,15
formatter,e1bef5be0228a7a6b5937af0ce8f9e505ecb2bc7,0,3266603.8333333335,104589994.66666667,11,4,6,52,21,11,52,50,222,297,138,68,18,137,10,25,0,0,2,15,2,0,11,0,1,0,3,12,5,2,11,4,12,9,9,6,0,0,15,12,12,20,1,8,0,4,0,0,0,0,0,17,0,56,15,25,0,0,1,0,0,0,0,0,33,0,0,25,20,11,5,28,5,5,9,33,1,3,3,33,2,2,2,4,7,40,7,0,8,48,8,8,8,16,51,76,3,3,16,60,35,1,1,60,28,32,14,22,14,14,0,6,1,4,3,1,17,1,6,0,1,1,0,14,0,0,0,1,25,8,0,10,2,5,0,5,0,9,0,1,0,1971,15
pgsql,fba55a8ab90ea2ab3784bfc2f697e7f8ad95f4c5,0,nan,nan,8,0,1,41,19,10,43,33,113,305,130,57,10,94,7,20,0,0,1,9,1,0,8,0,0,0,4,11,2,1,4,2,6,4,4,5,0,0,9,8,18,13,2,7,0,6,0,0,0,0,0,26,0,114,9,37,0,0,2,0,0,0,0,0,51,0,0,37,28,10,8,42,9,8,12,47,2,4,2,50,6,6,6,2,7,57,7,0,3,63,6,6,3,30,70,93,7,7,26,79,44,6,6,79,41,47,22,29,14,14,0,6,2,9,7,2,22,2,1,1,2,2,1,15,0,0,0,9,13,4,11,15,4,23,7,11,1,5,0,0,0,1905,10
cst,fba55a8ab90ea2ab3784bfc2f697e7f8ad95f4c5,0,nan,nan,8,0,1,41,19,10,43,33,113,305,130,57,10,94,7,20,0,0,1,9,1,0,8,0,0,0,4,11,2,1,4,2,6,4,4,5,0,0,9,8,18,13,2,7,0,6,0,0,0,0,0,26,0,114,9,37,0,0,2,0,0,0,0,0,51,0,0,37,28,10,8,42,9,8,12,47,2,4,2,50,6,6,6,2,7,57,7,0,3,63,6,6,3,30,70,93,7,7,26,79,44,6,6,79,41,47,22,29,14,14,0,6,2,9,7,2,22,2,1,1,2,2,1,15,0,0,0,9,13,4,11,15,4,23,7,11,1,5,0,0,0,1905,10
formatter,fba55a8ab90ea2ab3784bfc2f697e7f8ad95f4c5,0,2959000.125,95547392.0,8,0,1,41,19,10,43,33,113,305,130,57,10,94,7,20,0,0,1,9,1,0,8,0,0,0,4,11,2,1,4,2,6,4,4,5,0,0,9,8,18,13,2,7,0,6,0,0,0,0,0,26,0,114,9,37,0,0,2,0,0,0,0,0,51,0,0,37,28,10,8,42,9,8,12,47,2,4,2,50,6,6,6,2,7,57,7,0,3,63,6,6,3,30,70,93,7,7,26,79,44,6,6,79,41,47,22,29,14,14,0,6,2,9,7,2,22,2,1,1,2,2,1,15,0,0,0,9,13,4,11,15,4,23,7,11,1,5,0,0,0,1905,10
pgsql,e844cfff64ba0c182297d408a0ced0b1639c7cb6,0,nan,nan,7,1,2,48,19,9,39,41,168,318,117,58,6,95,6,27,0,0,1,9,3,0,7,0,0,0,2,17,8,1,4,4,7,3,3,6,0,0,7,7,18,11,0,4,0,5,0,0,1,1,0,24,0,60,7,34,0,1,1,0,1,0,0,0,43,0,0,34,22,14,7,45,12,7,16,52,1,7,3,54,5,5,5,5,8,62,8,1,5,67,5,5,5,26,73,98,6,6,35,86,48,8,8,86,34,51,21,24,8,8,1,4,4,8,6,0,24,1,2,0,2,4,1,9,0,1,0,2,14,5,17,2,2,14,0,10,0,5,1,0,0,1917,14
cst,e844cfff64ba0c182297d408a0ced0b1639c7cb6,0,nan,nan,7,1,2,48,19,9,39,41,168,318,117,58,6,95,6,27,0,0,1,9,3,0,7,0,0,0,2,17,8,1,4,4,7,3,3,6,0,0,7,7,18,11,0,4,0,5,0,0,1,1,0,24,0,60,7,34,0,1,1,0,1,0,0,0,43,0,0,34,22,14,7,45,12,7,16,52,1,7,3,54,5,5,5,5,8,62,8,1,5,67,5,5,5,26,73,98,6,6,35,86,48,8,8,86,34,51,21,24,8,8,1,4,4,8,6,0,24,1,2,0,2,4,1,9,0,1,0,2,14,5,17,2,2,14,0,10,0,5,1,0,0,1917,14
formatter,e844cfff64ba0c182297d408a0ced0b1639c7cb6,0,3115506.8333333335,95961088.0,7,1,2,48,19,9,39,41,168,318,117,58,6,95,6,27,0,0,1,9,3,0,7,0,0,0,2,17,8,1,4,4,7,3,3,6,0,0,7,7,18,11,0,4,0,5,0,0,1,1,0,24,0,60,7,34,0,1,1,0,1,0,0,0,43,0,0,34,22,14,7,45,12,7,16,52,1,7,3,54,5,5,5,5,8,62,8,1,5,67,5,5,5,26,73,98,6,6,35,86,48,8,8,86,34,51,21,24,8,8,1,4,4,8,6,0,24,1,2,0,2,4,1,9,0,1,0,2,14,5,17,2,2,14,0,10,0,5,1,0,0,1917,14
pgsql,21a700240fdfd08240a648102b7adf48a14d2df7,0,nan,nan,14,6,10,67,34,19,97,48,209,298,130,66,13,160,13,27,0,0,4,22,7,0,14,0,0,0,5,12,9,4,25,11,16,9,9,13,0,0,14,14,7,26,1,10,0,3,0,0,2,2,0,12,0,151,14,15,1,1,2,0,2,1,0,0,19,0,0,15,7,3,2,16,2,2,5,18,2,0,2,18,1,1,1,3,4,22,4,0,3,24,2,2,3,9,29,41,5,5,12,34,21,2,2,34,23,18,9,11,6,6,1,3,0,3,2,1,11,1,2,0,0,2,0,6,1,0,0,10,9,1,10,1,1,10,8,5,0,6,1,0,0,2026,18
cst,21a700240fdfd08240a648102b7adf48a14d2df7,0,nan,nan,14,6,10,67,34,19,97,48,209,298,130,66,13,160,13,27,0,0,4,22,7,0,14,0,0,0,5,12,9,4,25,11,16,9,9,13,0,0,14,14,7,26,1,10,0,3,0,0,2,2,0,12,0,151,14,15,1,1,2,0,2,1,0,0,19,0,0,15,7,3,2,16,2,2,5,18,2,0,2,18,1,1,1,3,4,22,4,0,3,24,2,2,3,9,29,41,5,5,12,34,21,2,2,34,23,18,9,11,6,6,1,3,0,3,2,1,11,1,2,0,0,2,0,6,1,0,0,10,9,1,10,1,1,10,8,5,0,6,1,0,0,2026,18
formatter,21a700240fdfd08240a648102b7adf48a14d2df7,0,3052167.1666666665,95027200.0,14,6,10,67,34,19,97,48,209,298,130,66,13,160,13,27,0,0,4,22,7,0,14,0,0,0,5,12,9,4,25,11,16,9,9,13,0,0,14,14,7,26,1,10,0,3,0,0,2,2,0,12,0,151,14,15,1,1,2,0,2,1,0,0,19,0,0,15,7,3,2,16,2,2,5,18,2,0,2,18,1,1,1,3,4,22,4,0,3,24,2,2,3,9,29,41,5,5,12,34,21,2,2,34,23,18,9,11,6,6,1,3,0,3,2,1,11,1,2,0,0,2,0,6,1,0,0,10,9,1,10,1,1,10,8,5,0,6,1,0,0,2026,18
pgsql,26f50954273ae84833ecc57b206a8309939810cf,0,nan,nan,9,1,3,39,18,8,45,33,115,317,147,80,14,138,8,29,0,0,2,11,2,0,0,0,1,0,2,17,8,2,9,4,8,5,5,6,0,0,7,1,23,11,0,3,1,3,0,0,0,0,0,29,0,48,4,34,0,0,1,0,0,0,0,0,44,0,0,34,27,13,10,39,9,10,15,45,0,7,3,47,4,4,4,4,5,52,5,0,5,59,7,7,5,19,68,99,9,9,28,79,47,6,6,79,37,49,12,29,16,16,3,3,1,7,4,1,16,1,9,2,1,1,1,17,3,1,0,10,17,2,0,0,1,13,5,9,2,15,2,0,0,1905,12
cst,26f50954273ae84833ecc57b206a8309939810cf,0,nan,nan,9,1,3,39,18,8,45,33,115,317,147,80,14,138,8,29,0,0,2,11,2,0,0,0,1,0,2,17,8,2,9,4,8,5,5,6,0,0,7,1,23,11,0,3,1,3,0,0,0,0,0,29,0,48,4,34,0,0,1,0,0,0,0,0,44,0,0,34,27,13,10,39,9,10,15,45,0,7,3,47,4,4,4,4,5,52,5,0,5,59,7,7,5,19,68,99,9,9,28,79,47,6,6,79,37,49,12,29,16,16,3,3,1,7,4,1,16,1,9,2,1,1,1,17,3,1,0,10,17,2,0,0,1,13,5,9,2,15,2,0,0,1905,12
formatter,26f50954273ae84833ecc57b206a8309939810cf,0,3324112.5,111486566.4,9,1,3,39,18,8,45,33,115,317,147,80,14,138,8,29,0,0,2,11,2,0,0,0,1,0,2,17,8,2,9,4,8,5,5,6,0,0,7,1,23,11,0,3,1,3,0,0,0,0,0,29,0,48,4,34,0,0,1,0,0,0,0,0,44,0,0,34,27,13,10,39,9,10,15,45,0,7,3,47,4,4,4,4,5,52,5,0,5,59,7,7,5,19,68,99,9,9,28,79,47,6,6,79,37,49,12,29,16,16,3,3,1,7,4,1,16,1,9,2,1,1,1,17,3,1,0,10,17,2,0,0,1,13,5,9,2,15,2,0,0,1905,12
pgsql,5b7b4fe6f5f3073331c602ce683828125d28e4cd,0,nan,nan,12,1,5,61,25,11,52,52,248,306,157,76,20,154,11,21,0,0,4,18,7,0,1,0,0,0,8,12,3,4,20,11,13,8,8,10,0,0,2,1,11,20,0,7,0,4,0,0,1,1,0,17,0,52,2,19,1,0,2,0,1,1,0,0,27,1,0,19,17,8,8,21,7,8,5,24,0,1,2,25,4,4,4,3,8,33,8,0,3,41,8,8,3,15,43,58,2,2,21,53,25,7,7,53,19,32,14,18,13,13,1,1,1,7,2,5,16,1,3,0,0,1,1,14,1,0,0,10,2,6,0,5,4,7,4,5,0,7,2,1,0,2033,18
cst,5b7b4fe6f5f3073331c602ce683828125d28e4cd,0,nan,nan,12,1,5,61,25,11,52,52,248,306,157,76,20,154,11,21,0,0,4,18,7,0,1,0,0,0,8,12,3,4,20,11,13,8,8,10,0,0,2,1,11,20,0,7,0,4,0,0,1,1,0,17,0,52,2,19,1,0,2,0,1,1,0,0,27,1,0,19,17,8,8,21,7,8,5,24,0,1,2,25,4,4,4,3,8,33,8,0,3,41,8,8,3,15,43,58,2,2,21,53,25,7,7,53,19,32,14,18,13,13,1,1,1,7,2,5,16,1,3,0,0,1,1,14,1,0,0,10,2,6,0,5,4,7,4,5,0,7,2,1,0,2033,18
formatter,5b7b4fe6f5f3073331c602ce683828125d28e4cd,0,3109603.8333333335,95141888.0,12,1,5,61,25,11,52,52,248,306,157,76,20,154,11,21,0,0,4,18,7,0,1,0,0,0,8,12,3,4,20,11,13,8,8,10,0,0,2,1,11,20,0,7,0,4,0,0,1,1,0,17,0,52,2,19,1,0,2,0,1,1,0,0,27,1,0,19,17,8,8,21,7,8,5,24,0,1,2,25,4,4,4,3,8,33,8,0,3,41,8,8,3,15,43,58,2,2,21,53,25,7,7,53,19,32,14,18,13,13,1,1,1,7,2,5,16,1,3,0,0,1,1,14,1,0,0,10,2,6,0,5,4,7,4,5,0,7,2,1,0,2033,18
pgsql,9707a8d70cd4faa3badf86978d2763774702094a,0,nan,nan,7,1,3,50,21,13,56,39,182,309,137,71,16,115,6,21,0,0,2,10,2,0,0,0,1,0,3,9,4,2,7,4,8,6,6,4,0,0,6,1,18,9,0,1,0,4,0,0,0,0,0,26,0,47,2,34,0,0,1,0,0,0,0,0,44,0,0,34,23,14,8,37,5,8,14,41,2,3,2,41,5,5,5,2,5,46,5,0,2,54,8,8,2,19,61,85,7,7,31,73,37,10,10,73,31,45,17,24,19,19,4,2,2,6,13,2,20,1,4,1,1,1,1,20,2,2,2,8,4,3,0,8,3,32,0,6,1,15,2,0,0,1946,10
cst,9707a8d70cd4faa3badf86978d2763774702094a,0,nan,nan,7,1,3,50,21,13,56,39,182,309,137,71,16,115,6,21,0,0,2,10,2,0,0,0,1,0,3,9,4,2,7,4,8,6,6,4,0,0,6,1,18,9,0,1,0,4,0,0,0,0,0,26,0,47,2,34,0,0,1,0,0,0,0,0,44,0,0,34,23,14,8,37,5,8,14,41,2,3,2,41,5,5,5,2,5,46,5,0,2,54,8,8,2,19,61,85,7,7,31,73,37,10,10,73,31,45,17,24,19,19,4,2,2,6,13,2,20,1,4,1,1,1,1,20,2,2,2,8,4,3,0,8,3,32,0,6,1,15,2,0,0,1946,10
formatter,9707a8d70cd4faa3badf86978d2763774702094a,0,3165305.5,98724522.66666667,7,1,3,50,21,13,56,39,182,309,137,71,16,115,6,21,0,0,2,10,2,0,0,0,1,0,3,9,4,2,7,4,8,6,6,4,0,0,6,1,18,9,0,1,0,4,0,0,0,0,0,26,0,47,2,34,0,0,1,0,0,0,0,0,44,0,0,34,23,14,8,37,5,8,14,41,2,3,2,41,5,5,5,2,5,46,5,0,2,54,8,8,2,19,61,85,7,7,31,73,37,10,10,73,31,45,17,24,19,19,4,2,2,6,13,2,20,1,4,1,1,1,1,20,2,2,2,8,4,3,0,8,3,32,0,6,1,15,2,0,0,1946,10
pgsql,ad46b823da1e6bce0893dedfc96c9d62a0658cdb,0,nan,nan,4,0,2,10,5,2,12,8,39,419,197,98,18,46,3,11,0,0,2,7,4,0,0,0,0,4,2,5,2,2,3,6,3,5,5,2,0,0,0,0,9,6,0,3,0,1,0,0,0,0,0,11,0,0,0,13,0,0,0,0,0,0,0,0,13,0,0,13,0,4,4,15,3,4,19,30,0,0,18,32,5,5,8,23,5,37,5,0,44,48,11,11,67,18,56,123,8,8,21,134,0,11,11,134,0,134,0,0,0,0,0,0,56,134,0,0,0,0,0,0,0,0,0,0,0,0,0,0,0,0,253,0,0,0,0,0,0,0,0,0,0,2101,8
cst,ad46b823da1e6bce0893dedfc96c9d62a0658cdb,0,nan,nan,4,0,2,10,5,2,12,8,39,419,197,98,18,46,3,11,0,0,2,7,4,0,0,0,0,4,2,5,2,2,3,6,3,5,5,2,0,0,0,0,9,6,0,3,0,1,0,0,0,0,0,11,0,0,0,13,0,0,0,0,0,0,0,0,13,0,0,13,0,4,4,15,3,4,19,30,0,0,18,32,5,5,8,23,5,37,5,0,44,48,11,11,67,18,56,123,8,8,21,134,0,11,11,134,0,134,0,0,0,0,0,0,56,134,0,0,0,0,0,0,0,0,0,0,0,0,0,0,0,0,253,0,0,0,0,0,0,0,0,0,0,2101,8
formatter,ad46b823da1e6bce0893dedfc96c9d62a0658cdb,0,2854319.6666666665,94759594.66666667,4,0,2,10,5,2,12,8,39,419,197,98,18,46,3,11,0,0,2,7,4,0,0,0,0,4,2,5,2,2,3,6,3,5,5,2,0,0,0,0,9,6,0,3,0,1,0,0,0,0,0,11,0,0,0,13,0,0,0,0,0,0,0,0,13,0,0,13,0,4,4,15,3,4,19,30,0,0,18,32,5,5,8,23,5,37,5,0,44,48,11,11,67,18,56,123,8,8,21,134,0,11,11,134,0,134,0,0,0,0,0,0,56,134,0,0,0,0,0,0,0,0,0,0,0,0,0,0,0,0,253,0,0,0,0,0,0,0,0,0,0,2101,8
pgsql,c2bb6cdab7adc4265b295d8389e7e7602ba3bd23,0,nan,nan,3,1,1,5,2,2,3,3,11,448,208,111,22,23,2,11,0,0,0,3,0,0,0,0,0,3,3,7,3,0,0,0,1,2,2,1,0,0,0,0,8,3,0,2,0,0,0,0,1,1,0,10,0,0,0,12,1,0,1,0,1,1,0,0,12,0,0,12,0,5,4,12,3,4,15,24,0,0,14,26,3,3,5,21,8,34,8,2,40,48,14,14,62,19,61,123,13,13,19,145,0,22,22,145,0,145,0,0,0,0,0,0,56,145,0,0,0,0,0,0,0,0,0,0,0,0,0,0,0,0,268,0,0,0,0,0,0,0,0,0,0,2199,5
cst,c2bb6cdab7adc4265b295d8389e7e7602ba3bd23,0,nan,nan,3,1,1,5,2,2,3,3,11,448,208,111,22,23,2,11,0,0,0,3,0,0,0,0,0,3,3,7,3,0,0,0,1,2,2,1,0,0,0,0,8,3,0,2,0,0,0,0,1,1,0,10,0,0,0,12,1,0,1,0,1,1,0,0,12,0,0,12,0,5,4,12,3,4,15,24,0,0,14,26,3,3,5,21,8,34,8,2,40,48,14,14,62,19,61,123,13,13,19,145,0,22,22,145,0,145,0,0,0,0,0,0,56,145,0,0,0,0,0,0,0,0,0,0,0,0,0,0,0,0,268,0,0,0,0,0,0,0,0,0,0,2199,5
formatter,c2bb6cdab7adc4265b295d8389e7e7602ba3bd23,0,3045728.8333333335,113246208.0,3,1,1,5,2,2,3,3,11,448,208,111,22,23,2,11,0,0,0,3,0,0,0,0,0,3,3,7,3,0,0,0,1,2,2,1,0,0,0,0,8,3,0,2,0,0,0,0,1,1,0,10,0,0,0,12,1,0,1,0,1,1,0,0,12,0,0,12,0,5,4,12,3,4,15,24,0,0,14,26,3,3,5,21,8,34,8,2,40,48,14,14,62,19,61,123,13,13,19,145,0,22,22,145,0,145,0,0,0,0,0,0,56,145,0,0,0,0,0,0,0,0,0,0,0,0,0,0,0,0,268,0,0,0,0,0,0,0,0,0,0,2199,5
pgsql,0ab97ff9e54566fd96e9df910e221fbfa7c6bf43,0,nan,nan,1,0,0,1,0,0,0,1,6,455,229,117,27,4,0,5,0,0,0,1,0,0,0,0,0,1,1,2,2,0,0,0,1,1,1,0,0,0,0,0,3,1,0,0,0,0,0,0,0,0,0,3,0,0,0,5,0,0,0,0,0,0,0,0,5,0,0,5,0,4,1,8,3,1,10,16,0,0,10,19,4,4,6,14,9,28,9,1,35,52,24,24,58,24,70,128,18,18,28,152,0,24,24,152,0,152,0,0,0,0,0,0,66,152,0,0,0,0,0,0,0,0,0,0,0,0,0,0,0,0,304,0,0,0,0,0,0,0,0,0,0,2161,2
cst,0ab97ff9e54566fd96e9df910e221fbfa7c6bf43,0,nan,nan,1,0,0,1,0,0,0,1,6,455,229,117,27,4,0,5,0,0,0,1,0,0,0,0,0,1,1,2,2,0,0,0,1,1,1,0,0,0,0,0,3,1,0,0,0,0,0,0,0,0,0,3,0,0,0,5,0,0,0,0,0,0,0,0,5,0,0,5,0,4,1,8,3,1,10,16,0,0,10,19,4,4,6,14,9,28,9,1,35,52,24,24,58,24,70,128,18,18,28,152,0,24,24,152,0,152,0,0,0,0,0,0,66,152,0,0,0,0,0,0,0,0,0,0,0,0,0,0,0,0,304,0,0,0,0,0,0,0,0,0,0,2161,2
formatter,0ab97ff9e54566fd96e9df910e221fbfa7c6bf43,0,2995423.5,113737728.0,1,0,0,1,0,0,0,1,6,455,229,117,27,4,0,5,0,0,0,1,0,0,0,0,0,1,1,2,2,0,0,0,1,1,1,0,0,0,0,0,3,1,0,0,0,0,0,0,0,0,0,3,0,0,0,5,0,0,0,0,0,0,0,0,5,0,0,5,0,4,1,8,3,1,10,16,0,0,10,19,4,4,6,14,9,28,9,1,35,52,24,24,58,24,70,128,18,18,28,152,0,24,24,152,0,152,0,0,0,0,0,0,66,152,0,0,0,0,0,0,0,0,0,0,0,0,0,0,0,0,304,0,0,0,0,0,0,0,0,0,0,2161,2
pgsql,96e41a893e9b664170b7865cc59f2257786a450f,0,nan,nan,2,1,1,5,4,0,0,5,23,297,137,62,16,13,1,8,0,0,0,2,0,0,0,0,0,2,1,6,0,1,0,0,1,2,2,0,0,0,0,0,4,1,0,0,0,1,0,0,1,1,0,4,0,0,0,6,1,0,1,1,1,1,0,0,6,1,0,6,0,5,1,7,1,1,10,14,0,0,9,16,3,3,5,14,1,17,1,1,48,22,5,5,74,10,23,97,1,1,6,103,0,6,6,103,0,103,0,0,0,0,0,0,40,103,0,0,0,0,0,0,0,0,0,0,0,0,0,0,0,0,830,0,0,0,0,0,0,0,0,0,0,2221,4
cst,96e41a893e9b664170b7865cc59f2257786a450f,0,2284940.75,133698901.33333333,2,1,1,5,4,0,0,5,23,297,137,62,16,13,1,8,0,0,0,2,0,0,0,0,0,2,1,6,0,1,0,0,1,2,2,0,0,0,0,0,4,1,0,0,0,1,0,0,1,1,0,4,0,0,0,6,1,0,1,1,1,1,0,0,6,1,0,6,0,5,1,7,1,1,10,14,0,0,9,16,3,3,5,14,1,17,1,1,48,22,5,5,74,10,23,97,1,1,6,103,0,6,6,103,0,103,0,0,0,0,0,0,40,103,0,0,0,0,0,0,0,0,0,0,0,0,0,0,0,0,830,0,0,0,0,0,0,0,0,0,0,2221,4
formatter,96e41a893e9b664170b7865cc59f2257786a450f,0,1964880.375,94572544.0,2,1,1,5,4,0,0,5,23,297,137,62,16,13,1,8,0,0,0,2,0,0,0,0,0,2,1,6,0,1,0,0,1,2,2,0,0,0,0,0,4,1,0,0,0,1,0,0,1,1,0,4,0,0,0,6,1,0,1,1,1,1,0,0,6,1,0,6,0,5,1,7,1,1,10,14,0,0,9,16,3,3,5,14,1,17,1,1,48,22,5,5,74,10,23,97,1,1,6,103,0,6,6,103,0,103,0,0,0,0,0,0,40,103,0,0,0,0,0,0,0,0,0,0,0,0,0,0,0,0,830,0,0,0,0,0,0,0,0,0,0,2221,4
pgsql,8a38f4c4f7053a6ac2affa805be4eb2e5565eaf5,0,4200444.333333333,91865088.0,8,3,4,19,9,3,4,16,84,288,146,68,9,55,7,14,0,0,1,10,5,0,0,0,0,8,6,8,5,1,5,6,8,7,7,3,0,0,0,0,10,17,1,9,0,0,0,0,0,0,0,10,0,0,0,11,0,0,0,0,0,0,0,0,11,0,0,11,0,6,1,11,1,1,14,22,0,0,12,22,0,0,1,15,2,24,2,1,25,30,6,6,43,11,34,77,4,4,11,80,0,3,3,80,0,80,0,0,0,0,0,0,26,80,0,0,0,0,0,0,0,0,0,0,0,0,0,0,0,0,657,0,0,0,0,0,0,0,0,0,0,2150,9
cst,8a38f4c4f7053a6ac2affa805be4eb2e5565eaf5,0,1576712.6,128820838.4,8,3,4,19,9,3,4,16,84,288,146,68,9,55,7,14,0,0,1,10,5,0,0,0,0,8,6,8,5,1,5,6,8,7,7,3,0,0,0,0,10,17,1,9,0,0,0,0,0,0,0,10,0,0,0,11,0,0,0,0,0,0,0,0,11,0,0,11,0,6,1,11,1,1,14,22,0,0,12,22,0,0,1,15,2,24,2,1,25,30,6,6,43,11,34,77,4,4,11,80,0,3,3,80,0,80,0,0,0,0,0,0,26,80,0,0,0,0,0,0,0,0,0,0,0,0,0,0,0,0,657,0,0,0,0,0,0,0,0,0,0,2150,9
formatter,8a38f4c4f7053a6ac2affa805be4eb2e5565eaf5,0,2223555.6666666665,93787477.33333333,8,3,4,19,9,3,4,16,84,288,146,68,9,55,7,14,0,0,1,10,5,0,0,0,0,8,6,8,5,1,5,6,8,7,7,3,0,0,0,0,10,17,1,9,0,0,0,0,0,0,0,10,0,0,0,11,0,0,0,0,0,0,0,0,11,0,0,11,0,6,1,11,1,1,14,22,0,0,12,22,0,0,1,15,2,24,2,1,25,30,6,6,43,11,34,77,4,4,11,80,0,3,3,80,0,80,0,0,0,0,0,0,26,80,0,0,0,0,0,0,0,0,0,0,0,0,0,0,0,0,657,0,0,0,0,0,0,0,0,0,0,2150,9
pgsql,8c04c01f5ecfebdc8d960583a3307cbd852128ad,0,4158020.8333333335,92083541.33333333,2,0,2,22,11,4,24,18,71,314,141,73,20,49,1,8,0,0,2,5,2,0,0,0,0,2,1,4,1,2,14,4,5,1,1,4,0,0,0,0,4,8,2,3,0,0,0,0,0,0,0,5,0,0,0,5,0,0,0,0,0,0,0,0,5,0,0,5,0,3,0,6,1,0,9,12,0,0,7,17,5,5,6,12,1,18,1,0,23,29,11,11,36,12,38,74,9,9,19,88,0,14,14,88,0,88,0,0,0,0,0,0,35,88,0,0,0,0,0,0,0,0,0,0,0,0,0,0,0,0,681,0,0,0,0,0,0,0,0,0,0,2175,3
cst,8c04c01f5ecfebdc8d960583a3307cbd852128ad,0,1230283.3,127945932.8,2,0,2,22,11,4,24,18,71,314,141,73,20,49,1,8,0,0,2,5,2,0,0,0,0,2,1,4,1,2,14,4,5,1,1,4,0,0,0,0,4,8,2,3,0,0,0,0,0,0,0,5,0,0,0,5,0,0,0,0,0,0,0,0,5,0,0,5,0,3,0,6,1,0,9,12,0,0,7,17,5,5,6,12,1,18,1,0,23,29,11,11,36,12,38,74,9,9,19,88,0,14,14,88,0,88,0,0,0,0,0,0,35,88,0,0,0,0,0,0,0,0,0,0,0,0,0,0,0,0,681,0,0,0,0,0,0,0,0,0,0,2175,3
formatter,8c04c01f5ecfebdc8d960583a3307cbd852128ad,0,2340141.6,94932172.8,2,0,2,22,11,4,24,18,71,314,141,73,20,49,1,8,0,0,2,5,2,0,0,0,0,2,1,4,1,2,14,4,5,1,1,4,0,0,0,0,4,8,2,3,0,0,0,0,0,0,0,5,0,0,0,5,0,0,0,0,0,0,0,0,5,0,0,5,0,3,0,6,1,0,9,12,0,0,7,17,5,5,6,12,1,18,1,0,23,29,11,11,36,12,38,74,9,9,19,88,0,14,14,88,0,88,0,0,0,0,0,0,35,88,0,0,0,0,0,0,0,0,0,0,0,0,0,0,0,0,681,0,0,0,0,0,0,0,0,0,0,2175,3
pgsql,a370f729239d292178e5dfa765b01482a201f818,0,2656145.8333333335,90456064.0,4,1,3,28,13,4,25,24,110,173,78,39,7,66,3,10,0,0,2,7,2,0,0,0,0,4,3,5,3,2,16,4,5,3,3,4,0,0,0,0,6,10,0,5,0,1,0,0,0,0,0,7,0,0,0,8,0,0,0,0,0,0,0,0,8,0,0,8,0,3,1,9,1,1,12,18,0,0,9,18,1,1,1,9,3,21,3,0,9,23,2,2,9,10,28,37,5,5,9,40,0,3,3,40,0,40,0,0,0,0,0,0,11,40,0,0,0,0,0,0,0,0,0,0,0,0,0,0,0,0,1034,0,0,0,0,0,0,0,0,0,0,2153,6
cst,a370f729239d292178e5dfa765b01482a201f818,0,nan,nan,4,1,3,28,13,4,25,24,110,173,78,39,7,66,3,10,0,0,2,7,2,0,0,0,0,4,3,5,3,2,16,4,5,3,3,4,0,0,0,0,6,10,0,5,0,1,0,0,0,0,0,7,0,0,0,8,0,0,0,0,0,0,0,0,8,0,0,8,0,3,1,9,1,1,12,18,0,0,9,18,1,1,1,9,3,21,3,0,9,23,2,2,9,10,28,37,5,5,9,40,0,3,3,40,0,40,0,0,0,0,0,0,11,40,0,0,0,0,0,0,0,0,0,0,0,0,0,0,0,0,1034,0,0,0,0,0,0,0,0,0,0,2153,6
formatter,a370f729239d292178e5dfa765b01482a201f818,0,1691368.1666666667,92607829.33333333,4,1,3,28,13,4,25,24,110,173,78,39,7,66,3,10,0,0,2,7,2,0,0,0,0,4,3,5,3,2,16,4,5,3,3,4,0,0,0,0,6,10,0,5,0,1,0,0,0,0,0,7,0,0,0,8,0,0,0,0,0,0,0,0,8,0,0,8,0,3,1,9,1,1,12,18,0,0,9,18,1,1,1,9,3,21,3,0,9,23,2,2,9,10,28,37,5,5,9,40,0,3,3,40,0,40,0,0,0,0,0,0,11,40,0,0,0,0,0,0,0,0,0,0,0,0,0,0,0,0,1034,0,0,0,0,0,0,0,0,0,0,2153,6
pgsql,efddf214ad4f95b3a4e49cdb9cb397ef98b1dca5,0,2934659.8333333335,90674517.33333333,4,2,2,11,4,2,12,9,21,178,78,42,12,25,3,10,0,0,0,6,3,0,0,0,0,4,2,8,5,0,0,3,5,2,2,4,0,0,0,0,5,13,1,8,0,0,0,0,0,0,0,6,0,0,0,7,0,0,0,0,0,0,0,0,7,0,0,7,0,2,0,7,0,0,8,14,0,0,8,14,0,0,1,11,0,14,0,0,20,15,1,1,28,5,17,45,2,2,4,48,0,3,3,48,0,48,0,0,0,0,0,0,21,48,0,0,0,0,0,0,0,0,0,0,0,0,0,0,0,0,1211,0,0,0,0,0,0,0,0,0,0,2261,3
cst,efddf214ad4f95b3a4e49cdb9cb397ef98b1dca5,0,1078299.5625,127397888.0,4,2,2,11,4,2,12,9,21,178,78,42,12,25,3,10,0,0,0,6,3,0,0,0,0,4,2,8,5,0,0,3,5,2,2,4,0,0,0,0,5,13,1,8,0,0,0,0,0,0,0,6,0,0,0,7,0,0,0,0,0,0,0,0,7,0,0,7,0,2,0,7,0,0,8,14,0,0,8,14,0,0,1,11,0,14,0,0,20,15,1,1,28,5,17,45,2,2,4,48,0,3,3,48,0,48,0,0,0,0,0,0,21,48,0,0,0,0,0,0,0,0,0,0,0,0,0,0,0,0,1211,0,0,0,0,0,0,0,0,0,0,2261,3
formatter,efddf214ad4f95b3a4e49cdb9cb397ef98b1dca5,0,1456671.625,94019584.0,4,2,2,11,4,2,12,9,21,178,78,42,12,25,3,10,0,0,0,6,3,0,0,0,0,4,2,8,5,0,0,3,5,2,2,4,0,0,0,0,5,13,1,8,0,0,0,0,0,0,0,6,0,0,0,7,0,0,0,0,0,0,0,0,7,0,0,7,0,2,0,7,0,0,8,14,0,0,8,14,0,0,1,11,0,14,0,0,20,15,1,1,28,5,17,45,2,2,4,48,0,3,3,48,0,48,0,0,0,0,0,0,21,48,0,0,0,0,0,0,0,0,0,0,0,0,0,0,0,0,1211,0,0,0,0,0,0,0,0,0,0,2261,3
pgsql,e7754690f3e364ebc2f073065d326e91bc5079ea,0,2241187.5,91051349.33333333,4,1,2,17,9,7,34,10,46,157,66,34,8,47,3,7,0,0,1,5,1,0,0,0,0,4,2,4,1,2,8,2,2,4,4,1,0,0,0,0,6,6,0,4,0,1,0,0,2,2,0,6,0,0,0,7,1,1,0,1,1,0,0,0,7,0,0,7,0,2,1,7,1,1,7,14,0,0,8,14,0,0,1,11,0,14,0,0,16,14,0,0,28,3,14,42,0,0,3,42,0,0,0,42,0,42,0,0,0,0,0,0,19,42,0,0,0,0,0,0,0,0,0,0,0,0,0,0,0,0,1210,0,0,0,0,0,0,0,0,0,0,2211,6
cst,e7754690f3e364ebc2f073065d326e91bc5079ea,0,1138565.4285714286,127746048.0,4,1,2,17,9,7,34,10,46,157,66,34,8,47,3,7,0,0,1,5,1,0,0,0,0,4,2,4,1,2,8,2,2,4,4,1,0,0,0,0,6,6,0,4,0,1,0,0,2,2,0,6,0,0,0,7,1,1,0,1,1,0,0,0,7,0,0,7,0,2,1,7,1,1,7,14,0,0,8,14,0,0,1,11,0,14,0,0,16,14,0,0,28,3,14,42,0,0,3,42,0,0,0,42,0,42,0,0,0,0,0,0,19,42,0,0,0,0,0,0,0,0,0,0,0,0,0,0,0,0,1210,0,0,0,0,0,0,0,0,0,0,2211,6
formatter,e7754690f3e364ebc2f073065d326e91bc5079ea,0,1498073.0,92785322.66666667,4,1,2,17,9,7,34,10,46,157,66,34,8,47,3,7,0,0,1,5,1,0,0,0,0,4,2,4,1,2,8,2,2,4,4,1,0,0,0,0,6,6,0,4,0,1,0,0,2,2,0,6,0,0,0,7,1,1,0,1,1,0,0,0,7,0,0,7,0,2,1,7,1,1,7,14,0,0,8,14,0,0,1,11,0,14,0,0,16,14,0,0,28,3,14,42,0,0,3,42,0,0,0,42,0,42,0,0,0,0,0,0,19,42,0,0,0,0,0,0,0,0,0,0,0,0,0,0,0,0,1210,0,0,0,0,0,0,0,0,0,0,2211,6
pgsql,e84c65a0f129eb03f54c897285636b20b464b683,0,1915111.0,90772821.33333333,2,1,2,13,7,4,20,9,67,95,35,18,4,37,1,6,0,0,1,6,3,0,0,0,0,2,1,2,1,1,3,4,4,4,4,2,0,0,0,0,4,13,0,9,0,0,0,0,0,0,0,4,0,0,0,5,0,0,0,0,0,0,0,0,5,0,0,5,0,3,1,5,0,1,8,10,0,0,5,11,2,2,2,5,0,11,0,1,5,11,0,0,5,1,11,16,0,0,5,18,0,2,2,18,0,18,0,0,0,0,0,0,6,18,0,0,0,0,0,0,0,0,0,0,0,0,0,0,0,0,1397,0,0,0,0,0,0,0,0,0,0,2203,3
cst,e84c65a0f129eb03f54c897285636b20b464b683,0,nan,nan,2,1,2,13,7,4,20,9,67,95,35,18,4,37,1,6,0,0,1,6,3,0,0,0,0,2,1,2,1,1,3,4,4,4,4,2,0,0,0,0,4,13,0,9,0,0,0,0,0,0,0,4,0,0,0,5,0,0,0,0,0,0,0,0,5,0,0,5,0,3,1,5,0,1,8,10,0,0,5,11,2,2,2,5,0,11,0,1,5,11,0,0,5,1,11,16,0,0,5,18,0,2,2,18,0,18,0,0,0,0,0,0,6,18,0,0,0,0,0,0,0,0,0,0,0,0,0,0,0,0,1397,0,0,0,0,0,0,0,0,0,0,2203,3
formatter,e84c65a0f129eb03f54c897285636b20b464b683,0,1014840.3333333334,83072341.33333333,2,1,2,13,7,4,20,9,67,95,35,18,4,37,1,6,0,0,1,6,3,0,0,0,0,2,1,2,1,1,3,4,4,4,4,2,0,0,0,0,4,13,0,9,0,0,0,0,0,0,0,4,0,0,0,5,0,0,0,0,0,0,0,0,5,0,0,5,0,3,1,5,0,1,8,10,0,0,5,11,2,2,2,5,0,11,0,1,5,11,0,0,5,1,11,16,0,0,5,18,0,2,2,18,0,18,0,0,0,0,0,0,6,18,0,0,0,0,0,0,0,0,0,0,0,0,0,0,0,0,1397,0,0,0,0,0,0,0,0,0,0,2203,3
pgsql,c43b88ae239060753379bd27c0a5c0d874c64954,0,nan,nan,1,0,1,16,6,3,15,13,85,75,30,12,1,41,0,3,0,0,1,3,1,0,0,0,0,1,1,3,1,2,11,2,2,2,2,1,0,0,0,0,2,5,0,3,0,1,0,0,1,1,0,3,0,0,0,3,1,0,1,1,1,1,0,0,3,1,0,3,0,2,0,4,1,0,5,8,0,0,5,9,1,1,2,5,2,11,2,0,5,12,1,1,5,1,12,17,0,0,1,17,0,0,0,17,0,17,0,0,0,0,0,0,4,17,0,0,0,0,0,0,0,0,0,0,0,0,0,0,0,0,1498,0,0,0,0,0,0,0,0,0,0,2206,2
cst,c43b88ae239060753379bd27c0a5c0d874c64954,0,1355548.6666666667,127358293.33333333,1,0,1,16,6,3,15,13,85,75,30,12,1,41,0,3,0,0,1,3,1,0,0,0,0,1,1,3,1,2,11,2,2,2,2,1,0,0,0,0,2,5,0,3,0,1,0,0,1,1,0,3,0,0,0,3,1,0,1,1,1,1,0,0,3,1,0,3,0,2,0,4,1,0,5,8,0,0,5,9,1,1,2,5,2,11,2,0,5,12,1,1,5,1,12,17,0,0,1,17,0,0,0,17,0,17,0,0,0,0,0,0,4,17,0,0,0,0,0,0,0,0,0,0,0,0,0,0,0,0,1498,0,0,0,0,0,0,0,0,0,0,2206,2
formatter,c43b88ae239060753379bd27c0a5c0d874c64954,0,852421.875,81649664.0,1,0,1,16,6,3,15,13,85,75,30,12,1,41,0,3,0,0,1,3,1,0,0,0,0,1,1,3,1,2,11,2,2,2,2,1,0,0,0,0,2,5,0,3,0,1,0,0,1,1,0,3,0,0,0,3,1,0,1,1,1,1,0,0,3,1,0,3,0,2,0,4,1,0,5,8,0,0,5,9,1,1,2,5,2,11,2,0,5,12,1,1,5,1,12,17,0,0,1,17,0,0,0,17,0,17,0,0,0,0,0,0,4,17,0,0,0,0,0,0,0,0,0,0,0,0,0,0,0,0,1498,0,0,0,0,0,0,0,0,0,0,2206,2
pgsql,c78a9e2585529ec9bddd81adf8f0fb2a1cb389d3,0,2230597.0,90095616.0,5,1,5,33,15,7,36,26,138,139,61,26,5,87,4,12,0,0,4,11,4,0,0,0,0,5,4,7,4,4,13,8,7,6,6,5,0,0,0,0,5,18,0,11,0,0,0,1,2,3,1,5,0,0,0,5,2,1,1,2,2,1,0,0,5,0,0,5,0,3,0,5,0,0,7,10,0,0,5,10,0,0,0,5,0,10,0,0,5,10,0,0,5,2,10,15,0,0,2,15,0,0,0,15,0,15,0,0,0,0,0,0,6,15,0,0,0,0,0,0,0,0,0,0,0,0,0,0,0,0,1110,0,0,0,0,0,0,0,0,0,0,2175,8
cst,c78a9e2585529ec9bddd81adf8f0fb2a1cb389d3,0,1298854.1666666667,127762432.0,5,1,5,33,15,7,36,26,138,139,61,26,5,87,4,12,0,0,4,11,4,0,0,0,0,5,4,7,4,4,13,8,7,6,6,5,0,0,0,0,5,18,0,11,0,0,0,1,2,3,1,5,0,0,0,5,2,1,1,2,2,1,0,0,5,0,0,5,0,3,0,5,0,0,7,10,0,0,5,10,0,0,0,5,0,10,0,0,5,10,0,0,5,2,10,15,0,0,2,15,0,0,0,15,0,15,0,0,0,0,0,0,6,15,0,0,0,0,0,0,0,0,0,0,0,0,0,0,0,0,1110,0,0,0,0,0,0,0,0,0,0,2175,8
formatter,c78a9e2585529ec9bddd81adf8f0fb2a1cb389d3,0,1675833.3333333333,92684288.0,5,1,5,33,15,7,36,26,138,139,61,26,5,87,4,12,0,0,4,11,4,0,0,0,0,5,4,7,4,4,13,8,7,6,6,5,0,0,0,0,5,18,0,11,0,0,0,1,2,3,1,5,0,0,0,5,2,1,1,2,2,1,0,0,5,0,0,5,0,3,0,5,0,0,7,10,0,0,5,10,0,0,0,5,0,10,0,0,5,10,0,0,5,2,10,15,0,0,2,15,0,0,0,15,0,15,0,0,0,0,0,0,6,15,0,0,0,0,0,0,0,0,0,0,0,0,0,0,0,0,1110,0,0,0,0,0,0,0,0,0,0,2175,8
pgsql,b0f710da2f9bcf6176f72e477d4a9bf73787494f,0,nan,nan,8,1,3,58,31,16,98,44,134,293,135,67,12,123,7,21,0,0,2,11,3,0,0,0,0,0,3,10,2,2,14,5,10,3,3,8,0,0,4,0,15,14,2,4,0,4,0,0,0,0,0,22,0,102,0,30,0,0,0,0,0,0,0,0,41,0,0,30,27,9,6,35,6,6,13,39,3,5,2,40,3,3,3,3,9,49,9,1,3,56,7,7,6,25,62,99,6,6,20,72,47,4,4,72,33,41,20,22,13,13,2,2,3,5,3,5,24,0,5,0,0,2,2,15,2,1,0,22,2,0,5,0,2,7,14,10,0,7,3,0,0,1838,11
cst,b0f710da2f9bcf6176f72e477d4a9bf73787494f,0,nan,nan,8,1,3,58,31,16,98,44,134,293,135,67,12,123,7,21,0,0,2,11,3,0,0,0,0,0,3,10,2,2,14,5,10,3,3,8,0,0,4,0,15,14,2,4,0,4,0,0,0,0,0,22,0,102,0,30,0,0,0,0,0,0,0,0,41,0,0,30,27,9,6,35,6,6,13,39,3,5,2,40,3,3,3,3,9,49,9,1,3,56,7,7,6,25,62,99,6,6,20,72,47,4,4,72,33,41,20,22,13,13,2,2,3,5,3,5,24,0,5,0,0,2,2,15,2,1,0,22,2,0,5,0,2,7,14,10,0,7,3,0,0,1838,11
formatter,b0f710da2f9bcf6176f72e477d4a9bf73787494f,0,2994849.0,95318016.0,8,1,3,58,31,16,98,44,134,293,135,67,12,123,7,21,0,0,2,11,3,0,0,0,0,0,3,10,2,2,14,5,10,3,3,8,0,0,4,0,15,14,2,4,0,4,0,0,0,0,0,22,0,102,0,30,0,0,0,0,0,0,0,0,41,0,0,30,27,9,6,35,6,6,13,39,3,5,2,40,3,3,3,3,9,49,9,1,3,56,7,7,6,25,62,99,6,6,20,72,47,4,4,72,33,41,20,22,13,13,2,2,3,5,3,5,24,0,5,0,0,2,2,15,2,1,0,22,2,0,5,0,2,7,14,10,0,7,3,0,0,1838,11
pgsql,c9cfb9ac36cbc860a25310531cd048a51d9b0c75,0,nan,nan,10,4,6,60,29,18,92,42,200,284,127,56,8,127,9,24,0,0,2,13,3,0,1,0,0,0,5,12,4,2,14,5,11,5,5,8,0,0,3,1,16,14,0,3,0,3,0,0,0,0,0,21,0,48,1,25,0,0,1,0,0,0,0,0,31,0,0,25,16,10,8,29,7,8,14,37,1,7,1,38,6,6,6,1,9,47,9,0,1,57,10,10,1,26,64,73,7,7,24,71,19,6,6,71,29,46,19,16,10,10,4,2,0,6,5,4,23,1,3,0,1,0,1,11,4,1,0,12,9,14,7,0,1,21,3,13,0,8,4,0,0,1898,12
cst,c9cfb9ac36cbc860a25310531cd048a51d9b0c75,0,nan,nan,10,4,6,60,29,18,92,42,200,284,127,56,8,127,9,24,0,0,2,13,3,0,1,0,0,0,5,12,4,2,14,5,11,5,5,8,0,0,3,1,16,14,0,3,0,3,0,0,0,0,0,21,0,48,1,25,0,0,1,0,0,0,0,0,31,0,0,25,16,10,8,29,7,8,14,37,1,7,1,38,6,6,6,1,9,47,9,0,1,57,10,10,1,26,64,73,7,7,24,71,19,6,6,71,29,46,19,16,10,10,4,2,0,6,5,4,23,1,3,0,1,0,1,11,4,1,0,12,9,14,7,0,1,21,3,13,0,8,4,0,0,1898,12
formatter,c9cfb9ac36cbc860a25310531cd048a51d9b0c75,0,2952736.0,95141888.0,10,4,6,60,29,18,92,42,200,284,127,56,8,127,9,24,0,0,2,13,3,0,1,0,0,0,5,12,4,2,14,5,11,5,5,8,0,0,3,1,16,14,0,3,0,3,0,0,0,0,0,21,0,48,1,25,0,0,1,0,0,0,0,0,31,0,0,25,16,10,8,29,7,8,14,37,1,7,1,38,6,6,6,1,9,47,9,0,1,57,10,10,1,26,64,73,7,7,24,71,19,6,6,71,29,46,19,16,10,10,4,2,0,6,5,4,23,1,3,0,1,0,1,11,4,1,0,12,9,14,7,0,1,21,3,13,0,8,4,0,0,1898,12
pgsql,ba812cb8f84b0d1445614133a6b8803887af8a90,0,nan,nan,15,2,8,74,38,20,98,56,237,298,130,57,12,178,14,26,0,0,6,23,8,0,0,0,0,0,5,14,6,6,27,14,22,9,9,14,0,0,2,0,9,32,1,10,0,1,0,0,1,3,1,10,0,69,2,12,2,0,1,2,1,1,0,0,20,0,0,12,10,8,6,12,2,6,7,16,0,4,2,17,3,3,3,2,4,21,4,0,3,26,5,5,3,14,32,42,6,6,14,40,19,5,5,40,17,22,12,12,8,8,2,3,0,3,4,1,16,0,1,0,0,1,0,8,1,2,0,12,6,0,8,0,1,8,7,8,0,1,1,0,0,1980,21
cst,ba812cb8f84b0d1445614133a6b8803887af8a90,0,2151135.3333333335,130711552.0,15,2,8,74,38,20,98,56,237,298,130,57,12,178,14,26,0,0,6,23,8,0,0,0,0,0,5,14,6,6,27,14,22,9,9,14,0,0,2,0,9,32,1,10,0,1,0,0,1,3,1,10,0,69,2,12,2,0,1,2,1,1,0,0,20,0,0,12,10,8,6,12,2,6,7,16,0,4,2,17,3,3,3,2,4,21,4,0,3,26,5,5,3,14,32,42,6,6,14,40,19,5,5,40,17,22,12,12,8,8,2,3,0,3,4,1,16,0,1,0,0,1,0,8,1,2,0,12,6,0,8,0,1,8,7,8,0,1,1,0,0,1980,21
formatter,ba812cb8f84b0d1445614133a6b8803887af8a90,0,3164944.3333333335,95507797.33333333,15,2,8,74,38,20,98,56,237,298,130,57,12,178,14,26,0,0,6,23,8,0,0,0,0,0,5,14,6,6,27,14,22,9,9,14,0,0,2,0,9,32,1,10,0,1,0,0,1,3,1,10,0,69,2,12,2,0,1,2,1,1,0,0,20,0,0,12,10,8,6,12,2,6,7,16,0,4,2,17,3,3,3,2,4,21,4,0,3,26,5,5,3,14,32,42,6,6,14,40,19,5,5,40,17,22,12,12,8,8,2,3,0,3,4,1,16,0,1,0,0,1,0,8,1,2,0,12,6,0,8,0,1,8,7,8,0,1,1,0,0,1980,21
pgsql,f4537f90bf2996c9336dee4138b0ea87e77a994d,0,nan,nan,5,3,4,21,10,5,22,16,114,363,169,73,17,52,4,17,0,0,1,7,1,0,0,0,0,5,1,11,3,1,8,2,5,4,4,3,0,0,0,0,9,12,2,7,0,0,0,0,0,0,0,10,0,0,0,11,0,0,0,0,0,0,0,0,11,0,0,11,0,4,2,13,2,2,14,26,0,0,14,27,3,3,4,18,8,35,8,0,26,42,7,7,32,15,68,100,26,26,20,112,0,12,12,112,0,112,0,0,0,0,0,0,51,112,0,0,0,0,0,0,0,0,0,0,0,0,0,0,0,0,0,202,112,0,0,0,0,0,0,0,0,2287,6
cst,f4537f90bf2996c9336dee4138b0ea87e77a994d,0,nan,nan,5,3,4,21,10,5,22,16,114,363,169,73,17,52,4,17,0,0,1,7,1,0,0,0,0,5,1,11,3,1,8,2,5,4,4,3,0,0,0,0,9,12,2,7,0,0,0,0,0,0,0,10,0,0,0,11,0,0,0,0,0,0,0,0,11,0,0,11,0,4,2,13,2,2,14,26,0,0,14,27,3,3,4,18,8,35,8,0,26,42,7,7,32,15,68,100,26,26,20,112,0,12,12,112,0,112,0,0,0,0,0,0,51,112,0,0,0,0,0,0,0,0,0,0,0,0,0,0,0,0,0,202,112,0,0,0,0,0,0,0,0,2287,6
formatter,f4537f90bf2996c9336dee4138b0ea87e77a994d,0,2824062.3333333335,105567573.33333333,5,3,4,21,10,5,22,16,114,363,169,73,17,52,4,17,0,0,1,7,1,0,0,0,0,5,1,11,3,1,8,2,5,4,4,3,0,0,0,0,9,12,2,7,0,0,0,0,0,0,0,10,0,0,0,11,0,0,0,0,0,0,0,0,11,0,0,11,0,4,2,13,2,2,14,26,0,0,14,27,3,3,4,18,8,35,8,0,26,42,7,7,32,15,68,100,26,26,20,112,0,12,12,112,0,112,0,0,0,0,0,0,51,112,0,0,0,0,0,0,0,0,0,0,0,0,0,0,0,0,0,202,112,0,0,0,0,0,0,0,0,2287,6
pgsql,2c0611eef68effc1b9c065437698308c406428be,0,nan,nan,4,1,1,7,6,4,25,3,15,392,186,89,17,25,3,11,0,0,0,4,1,0,0,0,0,4,4,7,1,0,0,1,4,0,0,4,0,0,0,0,7,8,1,4,0,1,0,0,1,1,0,7,0,0,0,10,1,0,1,1,1,1,0,0,10,0,0,10,0,3,2,12,2,2,15,24,0,0,13,29,7,7,8,21,5,34,5,0,43,39,5,5,68,17,53,121,14,14,19,131,0,10,10,131,0,131,0,0,0,0,0,0,56,131,0,0,0,0,0,0,0,0,0,0,0,0,0,0,0,0,0,258,131,0,0,0,0,0,0,0,0,2435,5
cst,2c0611eef68effc1b9c065437698308c406428be,0,1809104.1666666667,132623018.66666667,4,1,1,7,6,4,25,3,15,392,186,89,17,25,3,11,0,0,0,4,1,0,0,0,0,4,4,7,1,0,0,1,4,0,0,4,0,0,0,0,7,8,1,4,0,1,0,0,1,1,0,7,0,0,0,10,1,0,1,1,1,1,0,0,10,0,0,10,0,3,2,12,2,2,15,24,0,0,13,29,7,7,8,21,5,34,5,0,43,39,5,5,68,17,53,121,14,14,19,131,0,10,10,131,0,131,0,0,0,0,0,0,56,131,0,0,0,0,0,0,0,0,0,0,0,0,0,0,0,0,0,258,131,0,0,0,0,0,0,0,0,2435,5
formatter,2c0611eef68effc1b9c065437698308c406428be,0,2756012.6,95551488.0,4,1,1,7,6,4,25,3,15,392,186,89,17,25,3,11,0,0,0,4,1,0,0,0,0,4,4,7,1,0,0,1,4,0,0,4,0,0,0,0,7,8,1,4,0,1,0,0,1,1,0,7,0,0,0,10,1,0,1,1,1,1,0,0,10,0,0,10,0,3,2,12,2,2,15,24,0,0,13,29,7,7,8,21,5,34,5,0,43,39,5,5,68,17,53,121,14,14,19,131,0,10,10,131,0,131,0,0,0,0,0,0,56,131,0,0,0,0,0,0,0,0,0,0,0,0,0,0,0,0,0,258,131,0,0,0,0,0,0,0,0,2435,5
pgsql,8ab25e77fa781263fce7696861afc9ab9c02474b,0,nan,nan,8,0,3,35,17,9,37,26,118,364,161,69,18,100,7,19,0,0,3,14,7,0,0,0,0,8,3,12,6,3,19,10,8,9,9,5,0,0,0,0,12,18,1,10,0,0,0,0,2,4,1,13,0,0,0,14,2,1,1,1,2,1,0,0,14,0,0,14,0,6,3,14,1,3,18,28,0,0,15,30,4,4,5,16,7,37,7,0,16,47,10,10,16,12,58,74,11,11,26,87,0,13,13,87,0,87,0,0,0,0,0,0,30,87,0,0,0,0,0,0,0,0,0,0,0,0,0,0,0,0,0,146,87,0,0,0,0,0,0,0,0,2234,11
cst,8ab25e77fa781263fce7696861afc9ab9c02474b,0,nan,nan,8,0,3,35,17,9,37,26,118,364,161,69,18,100,7,19,0,0,3,14,7,0,0,0,0,8,3,12,6,3,19,10,8,9,9,5,0,0,0,0,12,18,1,10,0,0,0,0,2,4,1,13,0,0,0,14,2,1,1,1,2,1,0,0,14,0,0,14,0,6,3,14,1,3,18,28,0,0,15,30,4,4,5,16,7,37,7,0,16,47,10,10,16,12,58,74,11,11,26,87,0,13,13,87,0,87,0,0,0,0,0,0,30,87,0,0,0,0,0,0,0,0,0,0,0,0,0,0,0,0,0,146,87,0,0,0,0,0,0,0,0,2234,11
formatter,8ab25e77fa781263fce7696861afc9ab9c02474b,0,3290427.25,112863232.0,8,0,3,35,17,9,37,26,118,364,161,69,18,100,7,19,0,0,3,14,7,0,0,0,0,8,3,12,6,3,19,10,8,9,9,5,0,0,0,0,12,18,1,10,0,0,0,0,2,4,1,13,0,0,0,14,2,1,1,1,2,1,0,0,14,0,0,14,0,6,3,14,1,3,18,28,0,0,15,30,4,4,5,16,7,37,7,0,16,47,10,10,16,12,58,74,11,11,26,87,0,13,13,87,0,87,0,0,0,0,0,0,30,87,0,0,0,0,0,0,0,0,0,0,0,0,0,0,0,0,0,146,87,0,0,0,0,0,0,0,0,2234,11
pgsql,37f1d8ee86cf70c41d10f3e72597f00a32b031ea,0,nan,nan,1,0,0,2,2,2,10,0,0,306,135,61,14,9,0,9,0,0,0,1,0,0,0,0,0,1,1,5,3,0,0,0,1,0,0,1,0,0,0,0,4,2,1,1,0,0,0,0,0,0,0,5,0,0,0,8,0,0,0,0,0,0,0,0,8,0,0,8,0,5,2,10,3,2,13,20,0,0,12,21,2,2,4,16,6,27,6,1,24,34,7,7,41,10,39,80,5,5,17,97,0,17,17,97,0,97,0,0,0,0,0,0,48,97,0,0,0,0,0,0,0,0,0,0,0,0,0,0,0,0,0,753,97,0,0,0,0,0,0,0,0,2996,1
cst,37f1d8ee86cf70c41d10f3e72597f00a32b031ea,0,nan,nan,1,0,0,2,2,2,10,0,0,306,135,61,14,9,0,9,0,0,0,1,0,0,0,0,0,1,1,5,3,0,0,0,1,0,0,1,0,0,0,0,4,2,1,1,0,0,0,0,0,0,0,5,0,0,0,8,0,0,0,0,0,0,0,0,8,0,0,8,0,5,2,10,3,2,13,20,0,0,12,21,2,2,4,16,6,27,6,1,24,34,7,7,41,10,39,80,5,5,17,97,0,17,17,97,0,97,0,0,0,0,0,0,48,97,0,0,0,0,0,0,0,0,0,0,0,0,0,0,0,0,0,753,97,0,0,0,0,0,0,0,0,2996,1
formatter,37f1d8ee86cf70c41d10f3e72597f00a32b031ea,0,2204604.0,92771669.33333333,1,0,0,2,2,2,10,0,0,306,135,61,14,9,0,9,0,0,0,1,0,0,0,0,0,1,1,5,3,0,0,0,1,0,0,1,0,0,0,0,4,2,1,1,0,0,0,0,0,0,0,5,0,0,0,8,0,0,0,0,0,0,0,0,8,0,0,8,0,5,2,10,3,2,13,20,0,0,12,21,2,2,4,16,6,27,6,1,24,34,7,7,41,10,39,80,5,5,17,97,0,17,17,97,0,97,0,0,0,0,0,0,48,97,0,0,0,0,0,0,0,0,0,0,0,0,0,0,0,0,0,753,97,0,0,0,0,0,0,0,0,2996,1
pgsql,0e934e99ef8545d68bd466891a6782490f6a94fa,0,nan,nan,10,4,7,55,31,19,109,36,154,276,116,61,11,126,9,27,0,0,3,14,4,0,0,0,0,10,4,15,9,5,29,7,6,10,10,4,0,0,0,0,11,12,0,6,0,0,0,0,2,8,5,11,0,0,0,12,4,3,3,3,6,3,2,2,12,0,2,12,0,5,1,12,0,1,16,24,0,0,12,25,2,2,2,12,2,27,2,0,14,29,2,2,14,11,35,49,6,6,11,49,0,0,0,49,0,49,0,0,0,0,0,0,15,49,0,0,0,0,0,0,0,0,0,0,0,0,0,0,0,0,0,331,49,0,0,0,0,0,0,0,0,2381,14
cst,0e934e99ef8545d68bd466891a6782490f6a94fa,0,nan,nan,10,4,7,55,31,19,109,36,154,276,116,61,11,126,9,27,0,0,3,14,4,0,0,0,0,10,4,15,9,5,29,7,6,10,10,4,0,0,0,0,11,12,0,6,0,0,0,0,2,8,5,11,0,0,0,12,4,3,3,3,6,3,2,2,12,0,2,12,0,5,1,12,0,1,16,24,0,0,12,25,2,2,2,12,2,27,2,0,14,29,2,2,14,11,35,49,6,6,11,49,0,0,0,49,0,49,0,0,0,0,0,0,15,49,0,0,0,0,0,0,0,0,0,0,0,0,0,0,0,0,0,331,49,0,0,0,0,0,0,0,0,2381,14
formatter,0e934e99ef8545d68bd466891a6782490f6a94fa,0,2587364.5,93925376.0,10,4,7,55,31,19,109,36,154,276,116,61,11,126,9,27,0,0,3,14,4,0,0,0,0,10,4,15,9,5,29,7,6,10,10,4,0,0,0,0,11,12,0,6,0,0,0,0,2,8,5,11,0,0,0,12,4,3,3,3,6,3,2,2,12,0,2,12,0,5,1,12,0,1,16,24,0,0,12,25,2,2,2,12,2,27,2,0,14,29,2,2,14,11,35,49,6,6,11,49,0,0,0,49,0,49,0,0,0,0,0,0,15,49,0,0,0,0,0,0,0,0,0,0,0,0,0,0,0,0,0,331,49,0,0,0,0,0,0,0,0,2381,14
pgsql,3da1a5599e61b0cd221d5bc940fce42eb65bb943,0,nan,nan,9,1,6,59,29,15,78,44,201,272,123,57,19,141,8,20,0,0,5,18,11,0,0,0,0,9,5,15,8,5,35,16,9,10,10,8,0,0,0,0,10,19,0,10,1,1,0,0,1,1,0,10,0,0,0,10,0,1,0,0,1,0,0,0,10,0,0,10,0,2,0,11,1,0,13,22,0,0,11,23,1,1,1,12,4,27,4,0,13,30,3,3,13,8,31,44,1,1,10,46,0,2,2,46,0,46,0,0,0,0,0,0,16,46,0,0,0,0,0,0,0,0,0,0,0,0,0,0,0,0,0,336,46,0,0,0,0,0,0,0,0,2403,14
cst,3da1a5599e61b0cd221d5bc940fce42eb65bb943,0,1893062.6666666667,129155072.0,9,1,6,59,29,15,78,44,201,272,123,57,19,141,8,20,0,0,5,18,11,0,0,0,0,9,5,15,8,5,35,16,9,10,10,8,0,0,0,0,10,19,0,10,1,1,0,0,1,1,0,10,0,0,0,10,0,1,0,0,1,0,0,0,10,0,0,10,0,2,0,11,1,0,13,22,0,0,11,23,1,1,1,12,4,27,4,0,13,30,3,3,13,8,31,44,1,1,10,46,0,2,2,46,0,46,0,0,0,0,0,0,16,46,0,0,0,0,0,0,0,0,0,0,0,0,0,0,0,0,0,336,46,0,0,0,0,0,0,0,0,2403,14
formatter,3da1a5599e61b0cd221d5bc940fce42eb65bb943,0,2544736.3333333335,94655829.33333333,9,1,6,59,29,15,78,44,201,272,123,57,19,141,8,20,0,0,5,18,11,0,0,0,0,9,5,15,8,5,35,16,9,10,10,8,0,0,0,0,10,19,0,10,1,1,0,0,1,1,0,10,0,0,0,10,0,1,0,0,1,0,0,0,10,0,0,10,0,2,0,11,1,0,13,22,0,0,11,23,1,1,1,12,4,27,4,0,13,30,3,3,13,8,31,44,1,1,10,46,0,2,2,46,0,46,0,0,0,0,0,0,16,46,0,0,0,0,0,0,0,0,0,0,0,0,0,0,0,0,0,336,46,0,0,0,0,0,0,0,0,2403,14
pgsql,80e83207e6524172e755cf3e595f18ffe487dc42,0,nan,nan,4,1,4,29,22,13,78,16,81,183,69,36,10,76,3,5,0,0,3,10,4,0,0,0,0,4,2,3,0,3,12,7,5,5,5,5,0,0,0,0,6,15,0,10,0,1,0,0,1,1,0,6,0,0,0,7,1,0,0,1,0,0,0,0,7,0,0,7,0,2,1,7,1,1,7,14,0,0,7,15,1,1,1,7,3,18,3,0,7,21,3,3,7,8,26,33,5,5,9,37,0,4,4,37,0,37,0,0,0,0,0,0,12,37,0,0,0,0,0,0,0,0,0,0,0,0,0,0,0,0,0,963,37,0,0,0,0,0,0,0,0,3188,8
cst,80e83207e6524172e755cf3e595f18ffe487dc42,0,1380444.3333333333,131448832.0,4,1,4,29,22,13,78,16,81,183,69,36,10,76,3,5,0,0,3,10,4,0,0,0,0,4,2,3,0,3,12,7,5,5,5,5,0,0,0,0,6,15,0,10,0,1,0,0,1,1,0,6,0,0,0,7,1,0,0,1,0,0,0,0,7,0,0,7,0,2,1,7,1,1,7,14,0,0,7,15,1,1,1,7,3,18,3,0,7,21,3,3,7,8,26,33,5,5,9,37,0,4,4,37,0,37,0,0,0,0,0,0,12,37,0,0,0,0,0,0,0,0,0,0,0,0,0,0,0,0,0,963,37,0,0,0,0,0,0,0,0,3188,8
formatter,80e83207e6524172e755cf3e595f18ffe487dc42,0,1849098.625,92704768.0,4,1,4,29,22,13,78,16,81,183,69,36,10,76,3,5,0,0,3,10,4,0,0,0,0,4,2,3,0,3,12,7,5,5,5,5,0,0,0,0,6,15,0,10,0,1,0,0,1,1,0,6,0,0,0,7,1,0,0,1,0,0,0,0,7,0,0,7,0,2,1,7,1,1,7,14,0,0,7,15,1,1,1,7,3,18,3,0,7,21,3,3,7,8,26,33,5,5,9,37,0,4,4,37,0,37,0,0,0,0,0,0,12,37,0,0,0,0,0,0,0,0,0,0,0,0,0,0,0,0,0,963,37,0,0,0,0,0,0,0,0,3188,8
pgsql,d45adf16016b16a419bc9505b41d0394e59e7a12,0,nan,nan,2,0,2,22,13,6,15,16,73,169,88,43,13,62,1,9,0,0,2,6,2,0,0,0,0,2,1,4,2,2,12,4,4,3,3,3,0,0,0,0,3,12,0,8,0,1,0,0,1,1,0,3,0,0,0,4,1,0,1,0,1,1,0,0,4,0,0,4,0,1,1,4,1,1,5,8,0,0,4,8,0,0,0,4,1,9,1,0,13,9,0,0,19,3,10,29,1,1,3,36,0,7,7,36,0,36,0,0,0,0,0,0,10,36,0,0,0,0,0,0,0,0,0,0,0,0,0,0,0,0,0,1165,36,0,0,0,0,0,0,0,0,3310,5
cst,d45adf16016b16a419bc9505b41d0394e59e7a12,0,1244249.8333333333,129307989.33333333,2,0,2,22,13,6,15,16,73,169,88,43,13,62,1,9,0,0,2,6,2,0,0,0,0,2,1,4,2,2,12,4,4,3,3,3,0,0,0,0,3,12,0,8,0,1,0,0,1,1,0,3,0,0,0,4,1,0,1,0,1,1,0,0,4,0,0,4,0,1,1,4,1,1,5,8,0,0,4,8,0,0,0,4,1,9,1,0,13,9,0,0,19,3,10,29,1,1,3,36,0,7,7,36,0,36,0,0,0,0,0,0,10,36,0,0,0,0,0,0,0,0,0,0,0,0,0,0,0,0,0,1165,36,0,0,0,0,0,0,0,0,3310,5
formatter,d45adf16016b16a419bc9505b41d0394e59e7a12,0,1664041.5,92651520.0,2,0,2,22,13,6,15,16,73,169,88,43,13,62,1,9,0,0,2,6,2,0,0,0,0,2,1,4,2,2,12,4,4,3,3,3,0,0,0,0,3,12,0,8,0,1,0,0,1,1,0,3,0,0,0,4,1,0,1,0,1,1,0,0,4,0,0,4,0,1,1,4,1,1,5,8,0,0,4,8,0,0,0,4,1,9,1,0,13,9,0,0,19,3,10,29,1,1,3,36,0,7,7,36,0,36,0,0,0,0,0,0,10,36,0,0,0,0,0,0,0,0,0,0,0,0,0,0,0,0,0,1165,36,0,0,0,0,0,0,0,0,3310,5
pgsql,a4bee6175bab8656e93ef02bc930a621ae4cf9a0,0,nan,nan,1,0,1,11,5,4,26,7,21,138,69,37,13,30,0,4,0,0,1,3,1,0,0,0,0,1,1,3,1,1,6,2,3,2,2,1,0,0,0,0,2,7,0,4,0,1,0,0,0,0,0,3,0,0,0,4,0,0,0,0,0,0,0,0,4,0,0,4,0,1,0,4,0,0,5,8,0,0,4,10,2,2,2,4,4,14,4,0,5,22,8,8,8,10,26,34,4,4,11,39,0,5,5,39,0,39,0,0,0,0,0,0,13,39,0,0,0,0,0,0,0,0,0,0,0,0,0,0,0,0,0,1307,39,0,0,0,0,0,0,0,0,3399,2
cst,a4bee6175bab8656e93ef02bc930a621ae4cf9a0,0,1087021.1666666667,126599168.0,1,0,1,11,5,4,26,7,21,138,69,37,13,30,0,4,0,0,1,3,1,0,0,0,0,1,1,3,1,1,6,2,3,2,2,1,0,0,0,0,2,7,0,4,0,1,0,0,0,0,0,3,0,0,0,4,0,0,0,0,0,0,0,0,4,0,0,4,0,1,0,4,0,0,5,8,0,0,4,10,2,2,2,4,4,14,4,0,5,22,8,8,8,10,26,34,4,4,11,39,0,5,5,39,0,39,0,0,0,0,0,0,13,39,0,0,0,0,0,0,0,0,0,0,0,0,0,0,0,0,0,1307,39,0,0,0,0,0,0,0,0,3399,2
formatter,a4bee6175bab8656e93ef02bc930a621ae4cf9a0,0,1295403.0,92034389.33333333,1,0,1,11,5,4,26,7,21,138,69,37,13,30,0,4,0,0,1,3,1,0,0,0,0,1,1,3,1,1,6,2,3,2,2,1,0,0,0,0,2,7,0,4,0,1,0,0,0,0,0,3,0,0,0,4,0,0,0,0,0,0,0,0,4,0,0,4,0,1,0,4,0,0,5,8,0,0,4,10,2,2,2,4,4,14,4,0,5,22,8,8,8,10,26,34,4,4,11,39,0,5,5,39,0,39,0,0,0,0,0,0,13,39,0,0,0,0,0,0,0,0,0,0,0,0,0,0,0,0,0,1307,39,0,0,0,0,0,0,0,0,3399,2
pgsql,0d646f3c25a815551c191312d82eae41feecbaf3,0,nan,nan,2,0,1,8,4,2,3,6,15,71,28,17,5,22,1,5,0,0,1,4,1,0,0,0,0,2,0,2,1,1,2,2,2,2,2,2,0,0,0,0,3,5,0,3,1,0,0,0,1,1,0,3,0,0,0,3,1,0,1,0,1,1,0,0,3,0,0,3,0,1,1,3,1,1,4,6,0,0,3,6,0,0,0,4,0,6,0,0,6,8,2,2,8,2,8,16,0,0,2,16,0,0,0,16,0,16,0,0,0,0,0,0,9,16,0,0,0,0,0,0,0,0,0,0,0,0,0,0,0,0,0,1600,16,0,0,0,0,0,0,0,0,3792,2
cst,0d646f3c25a815551c191312d82eae41feecbaf3,0,1335828.125,123834368.0,2,0,1,8,4,2,3,6,15,71,28,17,5,22,1,5,0,0,1,4,1,0,0,0,0,2,0,2,1,1,2,2,2,2,2,2,0,0,0,0,3,5,0,3,1,0,0,0,1,1,0,3,0,0,0,3,1,0,1,0,1,1,0,0,3,0,0,3,0,1,1,3,1,1,4,6,0,0,3,6,0,0,0,4,0,6,0,0,6,8,2,2,8,2,8,16,0,0,2,16,0,0,0,16,0,16,0,0,0,0,0,0,9,16,0,0,0,0,0,0,0,0,0,0,0,0,0,0,0,0,0,1600,16,0,0,0,0,0,0,0,0,3792,2
formatter,0d646f3c25a815551c191312d82eae41feecbaf3,0,804005.25,81608704.0,2,0,1,8,4,2,3,6,15,71,28,17,5,22,1,5,0,0,1,4,1,0,0,0,0,2,0,2,1,1,2,2,2,2,2,2,0,0,0,0,3,5,0,3,1,0,0,0,1,1,0,3,0,0,0,3,1,0,1,0,1,1,0,0,3,0,0,3,0,1,1,3,1,1,4,6,0,0,3,6,0,0,0,4,0,6,0,0,6,8,2,2,8,2,8,16,0,0,2,16,0,0,0,16,0,16,0,0,0,0,0,0,9,16,0,0,0,0,0,0,0,0,0,0,0,0,0,0,0,0,0,1600,16,0,0,0,0,0,0,0,0,3792,2
pgsql,3891d9242acadbc0fcfdfa0c5240bdb2a0bb45af,0,nan,nan,2,0,0,16,8,1,3,15,63,99,41,27,7,43,1,6,0,0,0,2,1,0,0,0,0,2,1,3,1,4,1,1,2,1,1,1,0,0,0,0,3,6,1,4,0,0,0,1,3,9,4,3,0,0,0,3,5,2,5,2,7,5,3,3,3,0,1,3,0,1,0,4,1,0,5,8,0,0,5,8,0,0,1,6,1,9,1,0,7,9,0,0,8,1,9,17,0,0,0,17,0,0,0,17,0,17,0,0,0,0,0,0,3,17,0,0,0,0,0,0,0,0,0,0,0,0,0,0,0,0,0,1392,17,0,0,0,0,0,0,0,0,3537,4
cst,3891d9242acadbc0fcfdfa0c5240bdb2a0bb45af,0,1419864.75,130318336.0,2,0,0,16,8,1,3,15,63,99,41,27,7,43,1,6,0,0,0,2,1,0,0,0,0,2,1,3,1,4,1,1,2,1,1,1,0,0,0,0,3,6,1,4,0,0,0,1,3,9,4,3,0,0,0,3,5,2,5,2,7,5,3,3,3,0,1,3,0,1,0,4,1,0,5,8,0,0,5,8,0,0,1,6,1,9,1,0,7,9,0,0,8,1,9,17,0,0,0,17,0,0,0,17,0,17,0,0,0,0,0,0,3,17,0,0,0,0,0,0,0,0,0,0,0,0,0,0,0,0,0,1392,17,0,0,0,0,0,0,0,0,3537,4
formatter,3891d9242acadbc0fcfdfa0c5240bdb2a0bb45af,0,1145145.8333333333,82553514.66666667,2,0,0,16,8,1,3,15,63,99,41,27,7,43,1,6,0,0,0,2,1,0,0,0,0,2,1,3,1,4,1,1,2,1,1,1,0,0,0,0,3,6,1,4,0,0,0,1,3,9,4,3,0,0,0,3,5,2,5,2,7,5,3,3,3,0,1,3,0,1,0,4,1,0,5,8,0,0,5,8,0,0,1,6,1,9,1,0,7,9,0,0,8,1,9,17,0,0,0,17,0,0,0,17,0,17,0,0,0,0,0,0,3,17,0,0,0,0,0,0,0,0,0,0,0,0,0,0,0,0,0,1392,17,0,0,0,0,0,0,0,0,3537,4
pgsql,fbb1efbadb2f3919344ad2d11ddbbbca5f75bdaa,0,nan,nan,3,0,2,35,19,8,42,27,118,123,50,30,9,73,2,4,0,0,2,6,3,0,0,0,0,3,2,3,0,2,19,5,5,1,1,5,0,0,0,0,4,12,0,7,0,0,0,1,2,2,0,4,0,0,0,5,1,1,1,1,2,1,0,0,5,0,0,5,0,2,0,5,0,0,6,10,0,0,6,10,0,0,1,6,0,10,0,0,6,10,0,0,6,3,10,16,0,0,2,16,0,0,0,16,0,16,0,0,0,0,0,0,4,16,0,0,0,0,0,0,0,0,0,0,0,0,0,0,0,0,0,1166,16,0,0,0,0,0,0,0,0,3222,4
cst,fbb1efbadb2f3919344ad2d11ddbbbca5f75bdaa,0,1503414.125,131440640.0,3,0,2,35,19,8,42,27,118,123,50,30,9,73,2,4,0,0,2,6,3,0,0,0,0,3,2,3,0,2,19,5,5,1,1,5,0,0,0,0,4,12,0,7,0,0,0,1,2,2,0,4,0,0,0,5,1,1,1,1,2,1,0,0,5,0,0,5,0,2,0,5,0,0,6,10,0,0,6,10,0,0,1,6,0,10,0,0,6,10,0,0,6,3,10,16,0,0,2,16,0,0,0,16,0,16,0,0,0,0,0,0,4,16,0,0,0,0,0,0,0,0,0,0,0,0,0,0,0,0,0,1166,16,0,0,0,0,0,0,0,0,3222,4
formatter,fbb1efbadb2f3919344ad2d11ddbbbca5f75bdaa,0,1347216.5,83794329.6,3,0,2,35,19,8,42,27,118,123,50,30,9,73,2,4,0,0,2,6,3,0,0,0,0,3,2,3,0,2,19,5,5,1,1,5,0,0,0,0,4,12,0,7,0,0,0,1,2,2,0,4,0,0,0,5,1,1,1,1,2,1,0,0,5,0,0,5,0,2,0,5,0,0,6,10,0,0,6,10,0,0,1,6,0,10,0,0,6,10,0,0,6,3,10,16,0,0,2,16,0,0,0,16,0,16,0,0,0,0,0,0,4,16,0,0,0,0,0,0,0,0,0,0,0,0,0,0,0,0,0,1166,16,0,0,0,0,0,0,0,0,3222,4
pgsql,a7efad7d69836b78699dc1f4370d0c451b891309,0,nan,nan,18,8,14,74,39,20,107,54,258,305,150,76,16,205,17,26,0,0,6,27,8,0,3,0,0,0,9,11,6,6,33,14,18,13,13,14,0,0,9,3,9,24,2,6,0,1,0,0,1,3,1,10,0,27,3,14,2,0,2,1,1,1,0,0,18,0,0,14,8,4,4,17,3,4,6,17,2,3,0,18,2,2,2,0,5,23,5,1,0,23,0,0,0,10,25,33,2,2,15,26,15,1,1,26,12,19,4,7,7,7,2,4,1,3,0,1,7,1,1,0,0,0,0,7,2,0,1,3,10,0,1,6,2,0,0,5,0,9,2,0,0,1996,24
cst,a7efad7d69836b78699dc1f4370d0c451b891309,0,nan,nan,18,8,14,74,39,20,107,54,258,305,150,76,16,205,17,26,0,0,6,27,8,0,3,0,0,0,9,11,6,6,33,14,18,13,13,14,0,0,9,3,9,24,2,6,0,1,0,0,1,3,1,10,0,27,3,14,2,0,2,1,1,1,0,0,18,0,0,14,8,4,4,17,3,4,6,17,2,3,0,18,2,2,2,0,5,23,5,1,0,23,0,0,0,10,25,33,2,2,15,26,15,1,1,26,12,19,4,7,7,7,2,4,1,3,0,1,7,1,1,0,0,0,0,7,2,0,1,3,10,0,1,6,2,0,0,5,0,9,2,0,0,1996,24
formatter,a7efad7d69836b78699dc1f4370d0c451b891309,0,3299444.6666666665,98347690.66666667,18,8,14,74,39,20,107,54,258,305,150,76,16,205,17,26,0,0,6,27,8,0,3,0,0,0,9,11,6,6,33,14,18,13,13,14,0,0,9,3,9,24,2,6,0,1,0,0,1,3,1,10,0,27,3,14,2,0,2,1,1,1,0,0,18,0,0,14,8,4,4,17,3,4,6,17,2,3,0,18,2,2,2,0,5,23,5,1,0,23,0,0,0,10,25,33,2,2,15,26,15,1,1,26,12,19,4,7,7,7,2,4,1,3,0,1,7,1,1,0,0,0,0,7,2,0,1,3,10,0,1,6,2,0,0,5,0,9,2,0,0,1996,24
pgsql,2881b70f7812e1c08df8181152d4dedbb889f969,0,nan,nan,13,3,5,60,24,11,45,50,181,310,138,71,18,120,12,20,0,0,2,16,4,0,0,0,0,0,6,9,2,2,14,6,15,5,5,11,0,0,2,0,10,24,1,9,0,2,0,0,0,0,0,16,0,114,2,17,0,0,1,0,0,0,0,0,25,0,0,17,15,5,3,22,7,3,8,25,2,2,1,27,3,3,3,1,9,36,9,0,1,50,14,14,1,23,58,91,8,8,22,64,52,5,5,64,31,40,16,18,14,14,3,2,1,6,4,3,22,1,2,0,0,1,0,14,1,2,0,21,3,0,0,4,3,6,13,12,0,5,3,0,0,1867,14
cst,2881b70f7812e1c08df8181152d4dedbb889f969,0,3097777.6666666665,141945514.66666666,13,3,5,60,24,11,45,50,181,310,138,71,18,120,12,20,0,0,2,16,4,0,0,0,0,0,6,9,2,2,14,6,15,5,5,11,0,0,2,0,10,24,1,9,0,2,0,0,0,0,0,16,0,114,2,17,0,0,1,0,0,0,0,0,25,0,0,17,15,5,3,22,7,3,8,25,2,2,1,27,3,3,3,1,9,36,9,0,1,50,14,14,1,23,58,91,8,8,22,64,52,5,5,64,31,40,16,18,14,14,3,2,1,6,4,3,22,1,2,0,0,1,0,14,1,2,0,21,3,0,0,4,3,6,13,12,0,5,3,0,0,1867,14
formatter,2881b70f7812e1c08df8181152d4dedbb889f969,0,3051298.5,94830592.0,13,3,5,60,24,11,45,50,181,310,138,71,18,120,12,20,0,0,2,16,4,0,0,0,0,0,6,9,2,2,14,6,15,5,5,11,0,0,2,0,10,24,1,9,0,2,0,0,0,0,0,16,0,114,2,17,0,0,1,0,0,0,0,0,25,0,0,17,15,5,3,22,7,3,8,25,2,2,1,27,3,3,3,1,9,36,9,0,1,50,14,14,1,23,58,91,8,8,22,64,52,5,5,64,31,40,16,18,14,14,3,2,1,6,4,3,22,1,2,0,0,1,0,14,1,2,0,21,3,0,0,4,3,6,13,12,0,5,3,0,0,1867,14
pgsql,9b921835ad00daf6435894d0071d889ac7415524,0,nan,nan,8,0,2,48,27,13,66,35,118,332,158,86,30,102,7,24,0,0,2,12,2,0,1,0,0,0,2,11,8,2,4,4,9,6,6,6,0,0,3,1,16,14,0,5,0,6,0,0,0,0,0,25,0,76,1,28,0,0,0,0,0,0,0,0,35,0,0,28,19,9,8,31,8,8,13,37,1,5,2,40,5,5,5,3,6,46,6,0,5,61,15,15,5,28,66,104,5,5,25,80,49,9,9,80,34,48,19,28,6,6,1,6,2,7,4,5,23,0,8,0,2,0,1,7,1,0,1,16,11,0,5,12,3,11,9,12,0,2,4,0,0,1869,11
cst,9b921835ad00daf6435894d0071d889ac7415524,0,nan,nan,8,0,2,48,27,13,66,35,118,332,158,86,30,102,7,24,0,0,2,12,2,0,1,0,0,0,2,11,8,2,4,4,9,6,6,6,0,0,3,1,16,14,0,5,0,6,0,0,0,0,0,25,0,76,1,28,0,0,0,0,0,0,0,0,35,0,0,28,19,9,8,31,8,8,13,37,1,5,2,40,5,5,5,3,6,46,6,0,5,61,15,15,5,28,66,104,5,5,25,80,49,9,9,80,34,48,19,28,6,6,1,6,2,7,4,5,23,0,8,0,2,0,1,7,1,0,1,16,11,0,5,12,3,11,9,12,0,2,4,0,0,1869,11
formatter,9b921835ad00daf6435894d0071d889ac7415524,0,3061932.125,95535104.0,8,0,2,48,27,13,66,35,118,332,158,86,30,102,7,24,0,0,2,12,2,0,1,0,0,0,2,11,8,2,4,4,9,6,6,6,0,0,3,1,16,14,0,5,0,6,0,0,0,0,0,25,0,76,1,28,0,0,0,0,0,0,0,0,35,0,0,28,19,9,8,31,8,8,13,37,1,5,2,40,5,5,5,3,6,46,6,0,5,61,15,15,5,28,66,104,5,5,25,80,49,9,9,80,34,48,19,28,6,6,1,6,2,7,4,5,23,0,8,0,2,0,1,7,1,0,1,16,11,0,5,12,3,11,9,12,0,2,4,0,0,1869,11
pgsql,90dc08fa927737e17e1f8cbda7c76b05440fb437,0,nan,nan,10,7,8,27,10,4,30,23,102,403,178,77,18,75,9,15,0,0,1,12,3,0,0,0,0,10,5,7,1,1,8,4,11,7,7,5,0,0,0,0,12,23,0,12,0,0,0,0,0,0,0,13,0,0,0,14,0,0,0,0,0,0,0,0,14,0,0,14,0,5,1,14,0,1,15,28,0,0,14,31,4,4,4,18,3,34,3,0,34,39,5,5,50,13,41,91,2,2,15,109,0,18,18,109,0,109,0,0,0,0,0,0,40,109,0,0,0,0,0,0,0,0,0,0,0,0,0,0,0,191,0,0,0,0,0,0,0,0,0,0,0,2625,11
cst,90dc08fa927737e17e1f8cbda7c76b05440fb437,0,1959020.8333333333,129488213.33333333,10,7,8,27,10,4,30,23,102,403,178,77,18,75,9,15,0,0,1,12,3,0,0,0,0,10,5,7,1,1,8,4,11,7,7,5,0,0,0,0,12,23,0,12,0,0,0,0,0,0,0,13,0,0,0,14,0,0,0,0,0,0,0,0,14,0,0,14,0,5,1,14,0,1,15,28,0,0,14,31,4,4,4,18,3,34,3,0,34,39,5,5,50,13,41,91,2,2,15,109,0,18,18,109,0,109,0,0,0,0,0,0,40,109,0,0,0,0,0,0,0,0,0,0,0,0,0,0,0,191,0,0,0,0,0,0,0,0,0,0,0,2625,11
formatter,90dc08fa927737e17e1f8cbda7c76b05440fb437,0,3156973.875,113692672.0,10,7,8,27,10,4,30,23,102,403,178,77,18,75,9,15,0,0,1,12,3,0,0,0,0,10,5,7,1,1,8,4,11,7,7,5,0,0,0,0,12,23,0,12,0,0,0,0,0,0,0,13,0,0,0,14,0,0,0,0,0,0,0,0,14,0,0,14,0,5,1,14,0,1,15,28,0,0,14,31,4,4,4,18,3,34,3,0,34,39,5,5,50,13,41,91,2,2,15,109,0,18,18,109,0,109,0,0,0,0,0,0,40,109,0,0,0,0,0,0,0,0,0,0,0,0,0,0,0,191,0,0,0,0,0,0,0,0,0,0,0,2625,11
pgsql,7dbb8946c27aa3054e80814ddfc5dc6b6116eb71,0,nan,nan,9,3,6,36,14,9,49,27,123,394,177,83,23,96,8,17,0,0,3,15,7,0,0,0,0,9,3,7,3,3,19,10,9,7,7,8,0,0,0,0,12,17,0,8,1,0,0,0,0,0,0,12,0,0,0,13,0,0,0,0,0,0,0,0,13,0,0,13,0,8,2,13,1,2,19,26,0,0,14,26,1,1,2,15,7,33,7,0,21,39,6,6,28,13,51,79,12,12,19,90,0,11,11,90,0,90,0,0,0,0,0,0,45,90,0,0,0,0,0,0,0,0,0,0,0,0,0,0,0,171,0,0,0,0,0,0,0,0,0,0,0,2598,11
cst,7dbb8946c27aa3054e80814ddfc5dc6b6116eb71,0,nan,nan,9,3,6,36,14,9,49,27,123,394,177,83,23,96,8,17,0,0,3,15,7,0,0,0,0,9,3,7,3,3,19,10,9,7,7,8,0,0,0,0,12,17,0,8,1,0,0,0,0,0,0,12,0,0,0,13,0,0,0,0,0,0,0,0,13,0,0,13,0,8,2,13,1,2,19,26,0,0,14,26,1,1,2,15,7,33,7,0,21,39,6,6,28,13,51,79,12,12,19,90,0,11,11,90,0,90,0,0,0,0,0,0,45,90,0,0,0,0,0,0,0,0,0,0,0,0,0,0,0,171,0,0,0,0,0,0,0,0,0,0,0,2598,11
formatter,7dbb8946c27aa3054e80814ddfc5dc6b6116eb71,0,3208458.375,109252608.0,9,3,6,36,14,9,49,27,123,394,177,83,23,96,8,17,0,0,3,15,7,0,0,0,0,9,3,7,3,3,19,10,9,7,7,8,0,0,0,0,12,17,0,8,1,0,0,0,0,0,0,12,0,0,0,13,0,0,0,0,0,0,0,0,13,0,0,13,0,8,2,13,1,2,19,26,0,0,14,26,1,1,2,15,7,33,7,0,21,39,6,6,28,13,51,79,12,12,19,90,0,11,11,90,0,90,0,0,0,0,0,0,45,90,0,0,0,0,0,0,0,0,0,0,0,0,0,0,0,171,0,0,0,0,0,0,0,0,0,0,0,2598,11
pgsql,8bc49ab64497a206d772ffd5b6db73cfb066dd8d,0,nan,nan,2,1,2,12,4,4,14,8,30,449,214,111,24,24,1,12,0,0,1,4,1,0,0,0,0,2,1,7,6,1,6,2,3,2,2,2,0,0,0,0,3,4,1,1,0,0,0,0,0,0,0,4,0,0,0,5,0,0,0,0,0,0,0,0,5,0,0,5,0,4,0,6,1,0,9,12,0,0,8,14,2,2,4,21,3,17,3,0,64,25,8,8,112,8,32,144,7,7,9,150,0,6,6,150,0,150,0,0,0,0,0,0,76,150,0,0,0,0,0,0,0,0,0,0,0,0,0,0,0,291,0,0,0,0,0,0,0,0,0,0,0,2799,2
cst,8bc49ab64497a206d772ffd5b6db73cfb066dd8d,0,1629173.6666666667,127953578.66666667,2,1,2,12,4,4,14,8,30,449,214,111,24,24,1,12,0,0,1,4,1,0,0,0,0,2,1,7,6,1,6,2,3,2,2,2,0,0,0,0,3,4,1,1,0,0,0,0,0,0,0,4,0,0,0,5,0,0,0,0,0,0,0,0,5,0,0,5,0,4,0,6,1,0,9,12,0,0,8,14,2,2,4,21,3,17,3,0,64,25,8,8,112,8,32,144,7,7,9,150,0,6,6,150,0,150,0,0,0,0,0,0,76,150,0,0,0,0,0,0,0,0,0,0,0,0,0,0,0,291,0,0,0,0,0,0,0,0,0,0,0,2799,2
formatter,8bc49ab64497a206d772ffd5b6db73cfb066dd8d,0,2794172.0,104439808.0,2,1,2,12,4,4,14,8,30,449,214,111,24,24,1,12,0,0,1,4,1,0,0,0,0,2,1,7,6,1,6,2,3,2,2,2,0,0,0,0,3,4,1,1,0,0,0,0,0,0,0,4,0,0,0,5,0,0,0,0,0,0,0,0,5,0,0,5,0,4,0,6,1,0,9,12,0,0,8,14,2,2,4,21,3,17,3,0,64,25,8,8,112,8,32,144,7,7,9,150,0,6,6,150,0,150,0,0,0,0,0,0,76,150,0,0,0,0,0,0,0,0,0,0,0,0,0,0,0,291,0,0,0,0,0,0,0,0,0,0,0,2799,2
pgsql,f8b754002ce59ffdee0db187824a6ce920a7c0c0,0,nan,nan,7,2,4,26,17,11,61,15,44,283,113,41,12,81,6,11,0,0,2,11,5,0,0,0,0,7,2,4,2,2,12,7,9,5,5,6,0,0,0,0,11,19,0,10,0,0,0,0,1,1,0,13,0,0,0,14,1,0,1,0,1,1,0,0,14,0,0,14,0,4,3,15,2,3,17,30,0,0,16,31,3,3,4,18,1,32,1,0,24,33,1,1,38,8,41,79,8,8,13,80,0,1,1,80,0,80,0,0,0,0,0,0,26,80,0,0,0,0,0,0,0,0,0,0,0,0,0,0,0,595,0,0,0,0,0,0,0,0,0,0,0,2901,9
cst,f8b754002ce59ffdee0db187824a6ce920a7c0c0,0,nan,nan,7,2,4,26,17,11,61,15,44,283,113,41,12,81,6,11,0,0,2,11,5,0,0,0,0,7,2,4,2,2,12,7,9,5,5,6,0,0,0,0,11,19,0,10,0,0,0,0,1,1,0,13,0,0,0,14,1,0,1,0,1,1,0,0,14,0,0,14,0,4,3,15,2,3,17,30,0,0,16,31,3,3,4,18,1,32,1,0,24,33,1,1,38,8,41,79,8,8,13,80,0,1,1,80,0,80,0,0,0,0,0,0,26,80,0,0,0,0,0,0,0,0,0,0,0,0,0,0,0,595,0,0,0,0,0,0,0,0,0,0,0,2901,9
formatter,f8b754002ce59ffdee0db187824a6ce920a7c0c0,0,2444104.1666666665,93454336.0,7,2,4,26,17,11,61,15,44,283,113,41,12,81,6,11,0,0,2,11,5,0,0,0,0,7,2,4,2,2,12,7,9,5,5,6,0,0,0,0,11,19,0,10,0,0,0,0,1,1,0,13,0,0,0,14,1,0,1,0,1,1,0,0,14,0,0,14,0,4,3,15,2,3,17,30,0,0,16,31,3,3,4,18,1,32,1,0,24,33,1,1,38,8,41,79,8,8,13,80,0,1,1,80,0,80,0,0,0,0,0,0,26,80,0,0,0,0,0,0,0,0,0,0,0,0,0,0,0,595,0,0,0,0,0,0,0,0,0,0,0,2901,9
pgsql,33e7c83bce9dcf9492fb9ff532b6445f92e2b8f4,0,nan,nan,1,0,0,2,2,1,5,1,3,309,146,66,20,8,0,1,0,0,0,1,0,0,0,0,0,1,0,1,0,0,0,0,1,0,0,1,0,0,0,0,3,3,1,2,0,0,0,0,0,0,0,4,0,0,0,4,0,0,0,0,0,0,0,0,4,0,0,4,0,2,1,5,2,1,5,10,0,0,5,14,4,4,4,7,11,25,11,0,14,40,15,15,21,20,54,75,14,14,25,98,0,23,23,98,0,98,0,0,0,0,0,0,40,98,0,0,0,0,0,0,0,0,0,0,0,0,0,0,0,839,0,0,0,0,0,0,0,0,0,0,0,3382,1
cst,33e7c83bce9dcf9492fb9ff532b6445f92e2b8f4,0,1150116.6,127533056.0,1,0,0,2,2,1,5,1,3,309,146,66,20,8,0,1,0,0,0,1,0,0,0,0,0,1,0,1,0,0,0,0,1,0,0,1,0,0,0,0,3,3,1,2,0,0,0,0,0,0,0,4,0,0,0,4,0,0,0,0,0,0,0,0,4,0,0,4,0,2,1,5,2,1,5,10,0,0,5,14,4,4,4,7,11,25,11,0,14,40,15,15,21,20,54,75,14,14,25,98,0,23,23,98,0,98,0,0,0,0,0,0,40,98,0,0,0,0,0,0,0,0,0,0,0,0,0,0,0,839,0,0,0,0,0,0,0,0,0,0,0,3382,1
formatter,33e7c83bce9dcf9492fb9ff532b6445f92e2b8f4,0,2267326.5,101209429.33333333,1,0,0,2,2,1,5,1,3,309,146,66,20,8,0,1,0,0,0,1,0,0,0,0,0,1,0,1,0,0,0,0,1,0,0,1,0,0,0,0,3,3,1,2,0,0,0,0,0,0,0,4,0,0,0,4,0,0,0,0,0,0,0,0,4,0,0,4,0,2,1,5,2,1,5,10,0,0,5,14,4,4,4,7,11,25,11,0,14,40,15,15,21,20,54,75,14,14,25,98,0,23,23,98,0,98,0,0,0,0,0,0,40,98,0,0,0,0,0,0,0,0,0,0,0,0,0,0,0,839,0,0,0,0,0,0,0,0,0,0,0,3382,1
pgsql,3095c1beb81c76ef1799f5c6e859dbe453b59378,0,nan,nan,4,1,4,24,9,1,5,23,110,305,126,61,16,66,3,19,0,0,3,11,5,0,0,0,0,4,3,9,7,3,9,8,5,7,7,4,0,0,0,0,6,10,0,5,0,1,0,0,2,4,1,7,0,0,0,8,2,1,2,1,3,2,0,0,8,1,0,8,0,5,2,9,2,2,14,18,0,0,9,21,4,4,4,12,6,27,6,0,18,37,10,10,29,11,41,70,4,4,12,77,0,7,7,77,0,77,0,0,0,0,0,0,31,77,0,0,0,0,0,0,0,0,0,0,0,0,0,0,0,590,0,0,0,0,0,0,0,0,0,0,0,3008,8
cst,3095c1beb81c76ef1799f5c6e859dbe453b59378,0,3020744.875,140308480.0,4,1,4,24,9,1,5,23,110,305,126,61,16,66,3,19,0,0,3,11,5,0,0,0,0,4,3,9,7,3,9,8,5,7,7,4,0,0,0,0,6,10,0,5,0,1,0,0,2,4,1,7,0,0,0,8,2,1,2,1,3,2,0,0,8,1,0,8,0,5,2,9,2,2,14,18,0,0,9,21,4,4,4,12,6,27,6,0,18,37,10,10,29,11,41,70,4,4,12,77,0,7,7,77,0,77,0,0,0,0,0,0,31,77,0,0,0,0,0,0,0,0,0,0,0,0,0,0,0,590,0,0,0,0,0,0,0,0,0,0,0,3008,8
formatter,3095c1beb81c76ef1799f5c6e859dbe453b59378,0,2418463.5,94150656.0,4,1,4,24,9,1,5,23,110,305,126,61,16,66,3,19,0,0,3,11,5,0,0,0,0,4,3,9,7,3,9,8,5,7,7,4,0,0,0,0,6,10,0,5,0,1,0,0,2,4,1,7,0,0,0,8,2,1,2,1,3,2,0,0,8,1,0,8,0,5,2,9,2,2,14,18,0,0,9,21,4,4,4,12,6,27,6,0,18,37,10,10,29,11,41,70,4,4,12,77,0,7,7,77,0,77,0,0,0,0,0,0,31,77,0,0,0,0,0,0,0,0,0,0,0,0,0,0,0,590,0,0,0,0,0,0,0,0,0,0,0,3008,8
pgsql,b2bf80747ccdc6e16fdcff23d8ae7b9af6564c9d,0,nan,nan,3,0,0,8,5,1,2,7,38,147,75,39,5,20,2,7,0,0,0,5,3,0,0,0,0,3,2,4,2,0,0,3,3,3,3,2,0,0,0,0,4,8,1,5,0,0,0,1,2,2,0,5,0,0,0,5,1,1,1,0,2,1,0,0,5,0,0,5,0,2,1,5,1,1,6,10,0,0,5,10,0,0,0,8,0,10,0,0,19,11,1,1,35,2,11,46,0,0,4,46,0,0,0,46,0,46,0,0,0,0,0,0,16,46,0,0,0,0,0,0,0,0,0,0,0,0,0,0,0,1313,0,0,0,0,0,0,0,0,0,0,0,3696,3
cst,b2bf80747ccdc6e16fdcff23d8ae7b9af6564c9d,0,1132770.75,126963712.0,3,0,0,8,5,1,2,7,38,147,75,39,5,20,2,7,0,0,0,5,3,0,0,0,0,3,2,4,2,0,0,3,3,3,3,2,0,0,0,0,4,8,1,5,0,0,0,1,2,2,0,5,0,0,0,5,1,1,1,0,2,1,0,0,5,0,0,5,0,2,1,5,1,1,6,10,0,0,5,10,0,0,0,8,0,10,0,0,19,11,1,1,35,2,11,46,0,0,4,46,0,0,0,46,0,46,0,0,0,0,0,0,16,46,0,0,0,0,0,0,0,0,0,0,0,0,0,0,0,1313,0,0,0,0,0,0,0,0,0,0,0,3696,3
formatter,b2bf80747ccdc6e16fdcff23d8ae7b9af6564c9d,0,1222347.3333333333,90237610.66666667,3,0,0,8,5,1,2,7,38,147,75,39,5,20,2,7,0,0,0,5,3,0,0,0,0,3,2,4,2,0,0,3,3,3,3,2,0,0,0,0,4,8,1,5,0,0,0,1,2,2,0,5,0,0,0,5,1,1,1,0,2,1,0,0,5,0,0,5,0,2,1,5,1,1,6,10,0,0,5,10,0,0,0,8,0,10,0,0,19,11,1,1,35,2,11,46,0,0,4,46,0,0,0,46,0,46,0,0,0,0,0,0,16,46,0,0,0,0,0,0,0,0,0,0,0,0,0,0,0,1313,0,0,0,0,0,0,0,0,0,0,0,3696,3
pgsql,a82f984d9122f46420cdf2d2fd1ae9ea7b40ea1a,0,nan,nan,4,2,4,25,17,7,42,18,75,179,84,43,11,59,3,12,0,0,2,8,3,0,0,0,0,4,2,9,5,2,13,5,4,6,6,2,0,0,0,0,6,7,0,3,0,1,0,0,1,1,0,7,0,0,0,8,0,1,0,0,1,0,0,0,8,0,0,8,0,1,1,8,1,1,9,16,0,0,9,16,0,0,1,11,1,17,1,0,14,18,1,1,21,3,18,39,0,0,4,41,0,2,2,41,0,41,0,0,0,0,0,0,14,41,0,0,0,0,0,0,0,0,0,0,0,0,0,0,0,1043,0,0,0,0,0,0,0,0,0,0,0,3302,7
cst,a82f984d9122f46420cdf2d2fd1ae9ea7b40ea1a,0,1203427.25,127614976.0,4,2,4,25,17,7,42,18,75,179,84,43,11,59,3,12,0,0,2,8,3,0,0,0,0,4,2,9,5,2,13,5,4,6,6,2,0,0,0,0,6,7,0,3,0,1,0,0,1,1,0,7,0,0,0,8,0,1,0,0,1,0,0,0,8,0,0,8,0,1,1,8,1,1,9,16,0,0,9,16,0,0,1,11,1,17,1,0,14,18,1,1,21,3,18,39,0,0,4,41,0,2,2,41,0,41,0,0,0,0,0,0,14,41,0,0,0,0,0,0,0,0,0,0,0,0,0,0,0,1043,0,0,0,0,0,0,0,0,0,0,0,3302,7
formatter,a82f984d9122f46420cdf2d2fd1ae9ea7b40ea1a,0,1710546.875,92606464.0,4,2,4,25,17,7,42,18,75,179,84,43,11,59,3,12,0,0,2,8,3,0,0,0,0,4,2,9,5,2,13,5,4,6,6,2,0,0,0,0,6,7,0,3,0,1,0,0,1,1,0,7,0,0,0,8,0,1,0,0,1,0,0,0,8,0,0,8,0,1,1,8,1,1,9,16,0,0,9,16,0,0,1,11,1,17,1,0,14,18,1,1,21,3,18,39,0,0,4,41,0,2,2,41,0,41,0,0,0,0,0,0,14,41,0,0,0,0,0,0,0,0,0,0,0,0,0,0,0,1043,0,0,0,0,0,0,0,0,0,0,0,3302,7
pgsql,a65b7a6ad68645c8c51990f87a0aae74e3c010c8,0,nan,nan,2,0,0,5,4,2,9,3,0,132,63,32,4,11,1,4,0,0,0,2,1,0,0,0,0,2,0,2,1,0,0,1,2,0,0,2,0,0,0,0,3,6,1,4,0,0,0,0,0,0,0,4,0,0,0,4,0,0,0,0,0,0,0,0,4,0,0,4,0,1,0,5,1,0,6,10,0,0,6,11,1,1,2,11,2,13,2,0,17,18,5,5,27,5,19,46,1,1,8,47,0,1,1,47,0,47,0,0,0,0,0,0,18,47,0,0,0,0,0,0,0,0,0,0,0,0,0,0,0,1413,0,0,0,0,0,0,0,0,0,0,0,3744,1
cst,a65b7a6ad68645c8c51990f87a0aae74e3c010c8,0,1041682.125,127090688.0,2,0,0,5,4,2,9,3,0,132,63,32,4,11,1,4,0,0,0,2,1,0,0,0,0,2,0,2,1,0,0,1,2,0,0,2,0,0,0,0,3,6,1,4,0,0,0,0,0,0,0,4,0,0,0,4,0,0,0,0,0,0,0,0,4,0,0,4,0,1,0,5,1,0,6,10,0,0,6,11,1,1,2,11,2,13,2,0,17,18,5,5,27,5,19,46,1,1,8,47,0,1,1,47,0,47,0,0,0,0,0,0,18,47,0,0,0,0,0,0,0,0,0,0,0,0,0,0,0,1413,0,0,0,0,0,0,0,0,0,0,0,3744,1
formatter,a65b7a6ad68645c8c51990f87a0aae74e3c010c8,0,1058041.5,84514133.33333333,2,0,0,5,4,2,9,3,0,132,63,32,4,11,1,4,0,0,0,2,1,0,0,0,0,2,0,2,1,0,0,1,2,0,0,2,0,0,0,0,3,6,1,4,0,0,0,0,0,0,0,4,0,0,0,4,0,0,0,0,0,0,0,0,4,0,0,4,0,1,0,5,1,0,6,10,0,0,6,11,1,1,2,11,2,13,2,0,17,18,5,5,27,5,19,46,1,1,8,47,0,1,1,47,0,47,0,0,0,0,0,0,18,47,0,0,0,0,0,0,0,0,0,0,0,0,0,0,0,1413,0,0,0,0,0,0,0,0,0,0,0,3744,1
pgsql,3ea7e3b65d437d3afe80e1467cb5aedeb59cd668,0,nan,nan,5,1,3,39,18,10,67,29,174,133,55,33,11,101,4,6,0,0,2,10,5,0,0,0,0,5,0,3,0,3,13,7,7,7,7,3,0,0,0,0,5,32,0,25,0,0,0,0,1,1,0,5,0,0,0,5,1,0,0,1,0,0,0,0,5,0,0,5,0,3,0,5,0,0,7,10,0,0,5,10,0,0,0,5,0,10,0,0,5,10,0,0,5,3,10,15,0,0,2,15,0,0,0,15,0,15,0,0,0,0,0,0,2,15,0,0,0,0,0,0,0,0,0,0,0,0,0,0,0,1030,0,0,0,0,0,0,0,0,0,0,0,3235,6
cst,3ea7e3b65d437d3afe80e1467cb5aedeb59cd668,0,1287541.6666666667,128603477.33333333,5,1,3,39,18,10,67,29,174,133,55,33,11,101,4,6,0,0,2,10,5,0,0,0,0,5,0,3,0,3,13,7,7,7,7,3,0,0,0,0,5,32,0,25,0,0,0,0,1,1,0,5,0,0,0,5,1,0,0,1,0,0,0,0,5,0,0,5,0,3,0,5,0,0,7,10,0,0,5,10,0,0,0,5,0,10,0,0,5,10,0,0,5,3,10,15,0,0,2,15,0,0,0,15,0,15,0,0,0,0,0,0,2,15,0,0,0,0,0,0,0,0,0,0,0,0,0,0,0,1030,0,0,0,0,0,0,0,0,0,0,0,3235,6
formatter,3ea7e3b65d437d3afe80e1467cb5aedeb59cd668,0,1731558.4,92569600.0,5,1,3,39,18,10,67,29,174,133,55,33,11,101,4,6,0,0,2,10,5,0,0,0,0,5,0,3,0,3,13,7,7,7,7,3,0,0,0,0,5,32,0,25,0,0,0,0,1,1,0,5,0,0,0,5,1,0,0,1,0,0,0,0,5,0,0,5,0,3,0,5,0,0,7,10,0,0,5,10,0,0,0,5,0,10,0,0,5,10,0,0,5,3,10,15,0,0,2,15,0,0,0,15,0,15,0,0,0,0,0,0,2,15,0,0,0,0,0,0,0,0,0,0,0,0,0,0,0,1030,0,0,0,0,0,0,0,0,0,0,0,3235,6
pgsql,f4734d7e0ccadee66c5686ed529139dc7038aee7,0,nan,nan,5,1,4,40,22,11,59,29,129,124,54,20,2,99,4,5,0,0,3,10,4,0,0,0,0,5,1,3,0,4,16,7,6,5,5,5,0,0,0,0,5,24,0,18,0,0,0,0,1,1,0,5,0,0,0,5,1,0,0,1,0,0,0,0,5,0,0,5,0,2,0,5,0,0,7,10,0,0,5,10,0,0,0,5,0,10,0,0,5,10,0,0,5,5,10,15,0,0,2,15,0,0,0,15,0,15,0,0,0,0,0,0,6,15,0,0,0,0,0,0,0,0,0,0,0,0,0,0,0,1106,0,0,0,0,0,0,0,0,0,0,0,3340,7
cst,f4734d7e0ccadee66c5686ed529139dc7038aee7,0,1881218.75,128018432.0,5,1,4,40,22,11,59,29,129,124,54,20,2,99,4,5,0,0,3,10,4,0,0,0,0,5,1,3,0,4,16,7,6,5,5,5,0,0,0,0,5,24,0,18,0,0,0,0,1,1,0,5,0,0,0,5,1,0,0,1,0,0,0,0,5,0,0,5,0,2,0,5,0,0,7,10,0,0,5,10,0,0,0,5,0,10,0,0,5,10,0,0,5,5,10,15,0,0,2,15,0,0,0,15,0,15,0,0,0,0,0,0,6,15,0,0,0,0,0,0,0,0,0,0,0,0,0,0,0,1106,0,0,0,0,0,0,0,0,0,0,0,3340,7
formatter,f4734d7e0ccadee66c5686ed529139dc7038aee7,0,1652260.5,92491776.0,5,1,4,40,22,11,59,29,129,124,54,20,2,99,4,5,0,0,3,10,4,0,0,0,0,5,1,3,0,4,16,7,6,5,5,5,0,0,0,0,5,24,0,18,0,0,0,0,1,1,0,5,0,0,0,5,1,0,0,1,0,0,0,0,5,0,0,5,0,2,0,5,0,0,7,10,0,0,5,10,0,0,0,5,0,10,0,0,5,10,0,0,5,5,10,15,0,0,2,15,0,0,0,15,0,15,0,0,0,0,0,0,6,15,0,0,0,0,0,0,0,0,0,0,0,0,0,0,0,1106,0,0,0,0,0,0,0,0,0,0,0,3340,7
pgsql,f07f8927e5f2fc6c4156ff43337e92e16f7e413b,0,nan,nan,2,1,2,15,10,8,47,7,29,90,41,21,6,32,1,4,0,0,1,4,1,0,0,0,0,2,2,1,0,1,6,2,3,3,3,1,0,0,0,0,3,8,1,5,0,0,0,0,0,0,0,4,0,0,0,5,0,0,0,0,0,0,0,0,5,0,0,5,0,3,0,5,0,0,6,10,0,0,5,10,0,0,0,5,0,10,0,0,5,10,0,0,5,5,11,16,1,1,4,18,0,2,2,18,0,18,0,0,0,0,0,0,5,18,0,0,0,0,0,0,0,0,0,0,0,0,0,0,0,1485,0,0,0,0,0,0,0,0,0,0,0,3846,2
cst,f07f8927e5f2fc6c4156ff43337e92e16f7e413b,0,937222.1666666666,118794922.66666667,2,1,2,15,10,8,47,7,29,90,41,21,6,32,1,4,0,0,1,4,1,0,0,0,0,2,2,1,0,1,6,2,3,3,3,1,0,0,0,0,3,8,1,5,0,0,0,0,0,0,0,4,0,0,0,5,0,0,0,0,0,0,0,0,5,0,0,5,0,3,0,5,0,0,6,10,0,0,5,10,0,0,0,5,0,10,0,0,5,10,0,0,5,5,11,16,1,1,4,18,0,2,2,18,0,18,0,0,0,0,0,0,5,18,0,0,0,0,0,0,0,0,0,0,0,0,0,0,0,1485,0,0,0,0,0,0,0,0,0,0,0,3846,2
formatter,f07f8927e5f2fc6c4156ff43337e92e16f7e413b,0,948145.6666666666,82761045.33333333,2,1,2,15,10,8,47,7,29,90,41,21,6,32,1,4,0,0,1,4,1,0,0,0,0,2,2,1,0,1,6,2,3,3,3,1,0,0,0,0,3,8,1,5,0,0,0,0,0,0,0,4,0,0,0,5,0,0,0,0,0,0,0,0,5,0,0,5,0,3,0,5,0,0,6,10,0,0,5,10,0,0,0,5,0,10,0,0,5,10,0,0,5,5,11,16,1,1,4,18,0,2,2,18,0,18,0,0,0,0,0,0,5,18,0,0,0,0,0,0,0,0,0,0,0,0,0,0,0,1485,0,0,0,0,0,0,0,0,0,0,0,3846,2
pgsql,658d97de12950e32e25286100509851aa3b1e2ca,0,nan,nan,13,5,6,43,25,13,98,32,107,295,133,64,14,135,12,17,0,0,1,16,5,0,1,0,0,0,4,7,2,1,6,6,11,11,11,5,0,0,6,1,19,16,1,5,0,4,0,0,1,1,0,23,0,60,3,26,1,0,2,0,1,1,0,0,28,0,0,26,10,9,6,29,7,6,14,36,2,2,8,37,2,2,4,10,7,44,7,1,12,51,7,7,13,21,56,91,5,5,25,73,43,4,4,73,28,41,16,25,19,19,3,4,2,4,6,5,22,1,6,1,1,3,0,19,1,2,1,13,15,6,7,3,1,0,3,13,1,15,3,0,0,1855,16
cst,658d97de12950e32e25286100509851aa3b1e2ca,0,nan,nan,13,5,6,43,25,13,98,32,107,295,133,64,14,135,12,17,0,0,1,16,5,0,1,0,0,0,4,7,2,1,6,6,11,11,11,5,0,0,6,1,19,16,1,5,0,4,0,0,1,1,0,23,0,60,3,26,1,0,2,0,1,1,0,0,28,0,0,26,10,9,6,29,7,6,14,36,2,2,8,37,2,2,4,10,7,44,7,1,12,51,7,7,13,21,56,91,5,5,25,73,43,4,4,73,28,41,16,25,19,19,3,4,2,4,6,5,22,1,6,1,1,3,0,19,1,2,1,13,15,6,7,3,1,0,3,13,1,15,3,0,0,1855,16
formatter,658d97de12950e32e25286100509851aa3b1e2ca,0,3157500.0,97157120.0,13,5,6,43,25,13,98,32,107,295,133,64,14,135,12,17,0,0,1,16,5,0,1,0,0,0,4,7,2,1,6,6,11,11,11,5,0,0,6,1,19,16,1,5,0,4,0,0,1,1,0,23,0,60,3,26,1,0,2,0,1,1,0,0,28,0,0,26,10,9,6,29,7,6,14,36,2,2,8,37,2,2,4,10,7,44,7,1,12,51,7,7,13,21,56,91,5,5,25,73,43,4,4,73,28,41,16,25,19,19,3,4,2,4,6,5,22,1,6,1,1,3,0,19,1,2,1,13,15,6,7,3,1,0,3,13,1,15,3,0,0,1855,16
pgsql,706a760bacae56f24d26c9d7bbea6e528eba093a,0,nan,nan,8,1,3,47,15,5,21,43,199,299,138,65,10,109,7,27,0,0,2,12,3,0,2,0,1,0,2,16,9,2,8,5,8,9,9,3,0,0,5,3,25,11,0,3,0,2,0,0,0,0,0,31,0,51,1,35,0,0,0,0,0,0,0,0,42,0,0,35,19,15,11,40,10,11,17,42,1,4,2,45,5,5,5,2,5,50,5,0,2,57,7,7,2,18,67,90,10,10,31,76,41,7,7,76,35,48,18,22,18,18,0,7,2,3,8,3,20,0,2,4,1,3,0,18,0,0,0,9,19,4,1,0,0,0,6,11,4,8,2,0,0,1901,8
cst,706a760bacae56f24d26c9d7bbea6e528eba093a,0,nan,nan,8,1,3,47,15,5,21,43,199,299,138,65,10,109,7,27,0,0,2,12,3,0,2,0,1,0,2,16,9,2,8,5,8,9,9,3,0,0,5,3,25,11,0,3,0,2,0,0,0,0,0,31,0,51,1,35,0,0,0,0,0,0,0,0,42,0,0,35,19,15,11,40,10,11,17,42,1,4,2,45,5,5,5,2,5,50,5,0,2,57,7,7,2,18,67,90,10,10,31,76,41,7,7,76,35,48,18,22,18,18,0,7,2,3,8,3,20,0,2,4,1,3,0,18,0,0,0,9,19,4,1,0,0,0,6,11,4,8,2,0,0,1901,8
formatter,706a760bacae56f24d26c9d7bbea6e528eba093a,0,3031366.6,95954534.4,8,1,3,47,15,5,21,43,199,299,138,65,10,109,7,27,0,0,2,12,3,0,2,0,1,0,2,16,9,2,8,5,8,9,9,3,0,0,5,3,25,11,0,3,0,2,0,0,0,0,0,31,0,51,1,35,0,0,0,0,0,0,0,0,42,0,0,35,19,15,11,40,10,11,17,42,1,4,2,45,5,5,5,2,5,50,5,0,2,57,7,7,2,18,67,90,10,10,31,76,41,7,7,76,35,48,18,22,18,18,0,7,2,3,8,3,20,0,2,4,1,3,0,18,0,0,0,9,19,4,1,0,0,0,6,11,4,8,2,0,0,1901,8
pgsql,8d42d9681779c0fb7066ed929bbc2d83a816f477,0,nan,nan,12,2,5,54,26,12,56,44,157,290,120,61,9,144,11,32,0,0,3,17,3,0,0,0,0,0,6,18,8,3,7,6,15,6,6,11,0,0,4,0,17,24,2,9,0,4,0,0,0,0,0,24,0,134,0,27,0,0,0,0,0,0,0,0,34,0,0,27,18,14,11,29,7,11,19,34,3,6,2,35,4,4,4,3,4,39,4,0,3,45,6,6,4,16,47,58,2,2,20,58,17,7,7,58,22,32,16,16,12,12,4,1,3,8,2,3,21,0,3,0,0,3,1,13,3,2,2,19,3,15,4,7,2,0,8,11,0,6,4,0,0,2008,14
cst,8d42d9681779c0fb7066ed929bbc2d83a816f477,0,nan,nan,12,2,5,54,26,12,56,44,157,290,120,61,9,144,11,32,0,0,3,17,3,0,0,0,0,0,6,18,8,3,7,6,15,6,6,11,0,0,4,0,17,24,2,9,0,4,0,0,0,0,0,24,0,134,0,27,0,0,0,0,0,0,0,0,34,0,0,27,18,14,11,29,7,11,19,34,3,6,2,35,4,4,4,3,4,39,4,0,3,45,6,6,4,16,47,58,2,2,20,58,17,7,7,58,22,32,16,16,12,12,4,1,3,8,2,3,21,0,3,0,0,3,1,13,3,2,2,19,3,15,4,7,2,0,8,11,0,6,4,0,0,2008,14
formatter,8d42d9681779c0fb7066ed929bbc2d83a816f477,0,3195989.5,95297536.0,12,2,5,54,26,12,56,44,157,290,120,61,9,144,11,32,0,0,3,17,3,0,0,0,0,0,6,18,8,3,7,6,15,6,6,11,0,0,4,0,17,24,2,9,0,4,0,0,0,0,0,24,0,134,0,27,0,0,0,0,0,0,0,0,34,0,0,27,18,14,11,29,7,11,19,34,3,6,2,35,4,4,4,3,4,39,4,0,3,45,6,6,4,16,47,58,2,2,20,58,17,7,7,58,22,32,16,16,12,12,4,1,3,8,2,3,21,0,3,0,0,3,1,13,3,2,2,19,3,15,4,7,2,0,8,11,0,6,4,0,0,2008,14
pgsql,c2410a7065ea457c6590b99df55a95db7c7a6d23,0,nan,nan,2,0,0,2,2,1,2,1,6,426,190,85,20,16,1,1,0,0,0,2,1,0,0,0,0,2,1,0,0,0,0,1,2,0,0,2,0,0,0,0,5,7,1,5,0,0,0,0,0,0,0,5,0,0,0,6,0,0,0,0,0,0,0,0,6,0,0,6,0,2,1,8,2,1,10,16,0,0,10,18,3,3,5,16,7,25,7,0,54,47,22,22,94,19,56,150,9,9,19,171,0,21,21,171,0,171,0,0,0,0,0,0,0,0,171,0,0,0,0,0,0,0,0,0,0,0,0,0,0,0,0,0,0,357,0,0,0,0,0,0,0,1942,2
cst,c2410a7065ea457c6590b99df55a95db7c7a6d23,0,1307812.5,129209685.33333333,2,0,0,2,2,1,2,1,6,426,190,85,20,16,1,1,0,0,0,2,1,0,0,0,0,2,1,0,0,0,0,1,2,0,0,2,0,0,0,0,5,7,1,5,0,0,0,0,0,0,0,5,0,0,0,6,0,0,0,0,0,0,0,0,6,0,0,6,0,2,1,8,2,1,10,16,0,0,10,18,3,3,5,16,7,25,7,0,54,47,22,22,94,19,56,150,9,9,19,171,0,21,21,171,0,171,0,0,0,0,0,0,0,0,171,0,0,0,0,0,0,0,0,0,0,0,0,0,0,0,0,0,0,357,0,0,0,0,0,0,0,1942,2
formatter,c2410a7065ea457c6590b99df55a95db7c7a6d23,0,2795260.625,112988160.0,2,0,0,2,2,1,2,1,6,426,190,85,20,16,1,1,0,0,0,2,1,0,0,0,0,2,1,0,0,0,0,1,2,0,0,2,0,0,0,0,5,7,1,5,0,0,0,0,0,0,0,5,0,0,0,6,0,0,0,0,0,0,0,0,6,0,0,6,0,2,1,8,2,1,10,16,0,0,10,18,3,3,5,16,7,25,7,0,54,47,22,22,94,19,56,150,9,9,19,171,0,21,21,171,0,171,0,0,0,0,0,0,0,0,171,0,0,0,0,0,0,0,0,0,0,0,0,0,0,0,0,0,0,357,0,0,0,0,0,0,0,1942,2
pgsql,9ad66f4a04dc4168395dc29b5dca16683713b086,0,nan,nan,4,1,3,15,8,3,14,12,57,402,197,101,26,42,3,10,0,0,2,9,4,0,0,0,0,4,2,9,2,2,3,6,7,5,5,4,0,0,0,0,7,13,2,6,0,1,0,0,0,0,0,7,0,0,0,9,0,0,0,0,0,0,0,0,9,0,0,9,0,1,1,10,1,1,11,20,0,0,11,21,2,2,3,14,11,32,11,0,32,51,19,19,49,26,68,117,17,17,26,138,0,21,21,138,0,138,0,0,0,0,0,0,0,0,138,0,0,0,0,0,0,0,0,0,0,0,0,0,0,0,0,0,0,261,0,0,0,0,0,0,0,1941,5
cst,9ad66f4a04dc4168395dc29b5dca16683713b086,0,nan,nan,4,1,3,15,8,3,14,12,57,402,197,101,26,42,3,10,0,0,2,9,4,0,0,0,0,4,2,9,2,2,3,6,7,5,5,4,0,0,0,0,7,13,2,6,0,1,0,0,0,0,0,7,0,0,0,9,0,0,0,0,0,0,0,0,9,0,0,9,0,1,1,10,1,1,11,20,0,0,11,21,2,2,3,14,11,32,11,0,32,51,19,19,49,26,68,117,17,17,26,138,0,21,21,138,0,138,0,0,0,0,0,0,0,0,138,0,0,0,0,0,0,0,0,0,0,0,0,0,0,0,0,0,0,261,0,0,0,0,0,0,0,1941,5
formatter,9ad66f4a04dc4168395dc29b5dca16683713b086,0,2800937.5,95158272.0,4,1,3,15,8,3,14,12,57,402,197,101,26,42,3,10,0,0,2,9,4,0,0,0,0,4,2,9,2,2,3,6,7,5,5,4,0,0,0,0,7,13,2,6,0,1,0,0,0,0,0,7,0,0,0,9,0,0,0,0,0,0,0,0,9,0,0,9,0,1,1,10,1,1,11,20,0,0,11,21,2,2,3,14,11,32,11,0,32,51,19,19,49,26,68,117,17,17,26,138,0,21,21,138,0,138,0,0,0,0,0,0,0,0,138,0,0,0,0,0,0,0,0,0,0,0,0,0,0,0,0,0,0,261,0,0,0,0,0,0,0,1941,5
pgsql,5d3ddbcb0ca11929c4056089c3de187b19a33436,0,nan,nan,5,2,3,15,8,5,28,10,60,385,177,92,23,46,4,19,0,0,1,7,2,0,0,0,0,5,1,10,5,1,3,3,7,3,3,4,0,0,0,0,10,12,1,5,0,1,0,0,0,0,0,12,0,0,0,14,0,0,0,0,0,0,0,0,14,0,0,14,0,10,4,14,2,4,22,28,0,0,19,33,7,7,12,23,3,36,3,1,52,41,5,5,81,20,46,127,5,5,13,139,0,12,12,139,0,139,0,0,0,0,0,0,0,0,139,0,0,0,0,0,0,0,0,0,0,0,0,0,0,0,0,0,0,249,0,0,0,0,0,0,0,2000,7
cst,5d3ddbcb0ca11929c4056089c3de187b19a33436,0,nan,nan,5,2,3,15,8,5,28,10,60,385,177,92,23,46,4,19,0,0,1,7,2,0,0,0,0,5,1,10,5,1,3,3,7,3,3,4,0,0,0,0,10,12,1,5,0,1,0,0,0,0,0,12,0,0,0,14,0,0,0,0,0,0,0,0,14,0,0,14,0,10,4,14,2,4,22,28,0,0,19,33,7,7,12,23,3,36,3,1,52,41,5,5,81,20,46,127,5,5,13,139,0,12,12,139,0,139,0,0,0,0,0,0,0,0,139,0,0,0,0,0,0,0,0,0,0,0,0,0,0,0,0,0,0,249,0,0,0,0,0,0,0,2000,7
formatter,5d3ddbcb0ca11929c4056089c3de187b19a33436,0,2806618.1666666665,95731712.0,5,2,3,15,8,5,28,10,60,385,177,92,23,46,4,19,0,0,1,7,2,0,0,0,0,5,1,10,5,1,3,3,7,3,3,4,0,0,0,0,10,12,1,5,0,1,0,0,0,0,0,12,0,0,0,14,0,0,0,0,0,0,0,0,14,0,0,14,0,10,4,14,2,4,22,28,0,0,19,33,7,7,12,23,3,36,3,1,52,41,5,5,81,20,46,127,5,5,13,139,0,12,12,139,0,139,0,0,0,0,0,0,0,0,139,0,0,0,0,0,0,0,0,0,0,0,0,0,0,0,0,0,0,249,0,0,0,0,0,0,0,2000,7
pgsql,74efc0541ece21388375fab1ed28911ee1fe0d56,0,nan,nan,3,1,2,11,7,5,27,6,31,287,135,64,20,28,2,6,0,0,1,4,1,0,0,0,0,3,1,3,2,1,3,2,4,3,3,1,0,0,0,0,4,9,1,5,0,0,0,0,0,0,0,5,0,0,0,5,0,0,0,0,0,0,0,0,5,0,0,5,0,4,0,5,0,0,7,10,0,0,11,10,0,0,6,16,3,13,3,0,41,15,2,2,72,4,16,88,1,1,6,101,0,13,13,101,0,101,0,0,0,0,0,0,0,0,101,0,0,0,0,0,0,0,0,0,0,0,0,0,0,0,0,0,0,831,0,0,0,0,0,0,0,2023,3
cst,74efc0541ece21388375fab1ed28911ee1fe0d56,0,1153531.25,129064960.0,3,1,2,11,7,5,27,6,31,287,135,64,20,28,2,6,0,0,1,4,1,0,0,0,0,3,1,3,2,1,3,2,4,3,3,1,0,0,0,0,4,9,1,5,0,0,0,0,0,0,0,5,0,0,0,5,0,0,0,0,0,0,0,0,5,0,0,5,0,4,0,5,0,0,7,10,0,0,11,10,0,0,6,16,3,13,3,0,41,15,2,2,72,4,16,88,1,1,6,101,0,13,13,101,0,101,0,0,0,0,0,0,0,0,101,0,0,0,0,0,0,0,0,0,0,0,0,0,0,0,0,0,0,831,0,0,0,0,0,0,0,2023,3
formatter,74efc0541ece21388375fab1ed28911ee1fe0d56,0,1998472.3333333333,94841514.66666667,3,1,2,11,7,5,27,6,31,287,135,64,20,28,2,6,0,0,1,4,1,0,0,0,0,3,1,3,2,1,3,2,4,3,3,1,0,0,0,0,4,9,1,5,0,0,0,0,0,0,0,5,0,0,0,5,0,0,0,0,0,0,0,0,5,0,0,5,0,4,0,5,0,0,7,10,0,0,11,10,0,0,6,16,3,13,3,0,41,15,2,2,72,4,16,88,1,1,6,101,0,13,13,101,0,101,0,0,0,0,0,0,0,0,101,0,0,0,0,0,0,0,0,0,0,0,0,0,0,0,0,0,0,831,0,0,0,0,0,0,0,2023,3
pgsql,e5e95630dd7694f4338166cd6f1338c0cb8b43f1,0,nan,nan,1,0,0,1,1,0,0,1,3,283,145,69,24,8,0,1,0,0,0,1,0,0,0,0,0,1,1,0,0,0,0,0,1,0,0,1,0,0,0,0,2,3,0,2,0,1,0,0,0,0,0,3,0,0,0,3,0,0,0,0,0,0,0,0,3,0,0,3,0,2,0,4,1,0,5,8,0,0,6,9,1,1,3,13,8,17,8,0,27,30,13,13,54,11,40,94,10,10,19,109,0,15,15,109,0,109,0,0,0,0,0,0,0,0,109,0,0,0,0,0,0,0,0,0,0,0,0,0,0,0,0,0,0,910,0,0,0,0,0,0,0,1984,1
cst,e5e95630dd7694f4338166cd6f1338c0cb8b43f1,0,958983.3,128968294.4,1,0,0,1,1,0,0,1,3,283,145,69,24,8,0,1,0,0,0,1,0,0,0,0,0,1,1,0,0,0,0,0,1,0,0,1,0,0,0,0,2,3,0,2,0,1,0,0,0,0,0,3,0,0,0,3,0,0,0,0,0,0,0,0,3,0,0,3,0,2,0,4,1,0,5,8,0,0,6,9,1,1,3,13,8,17,8,0,27,30,13,13,54,11,40,94,10,10,19,109,0,15,15,109,0,109,0,0,0,0,0,0,0,0,109,0,0,0,0,0,0,0,0,0,0,0,0,0,0,0,0,0,0,910,0,0,0,0,0,0,0,1984,1
formatter,e5e95630dd7694f4338166cd6f1338c0cb8b43f1,0,1963951.3333333333,93820245.33333333,1,0,0,1,1,0,0,1,3,283,145,69,24,8,0,1,0,0,0,1,0,0,0,0,0,1,1,0,0,0,0,0,1,0,0,1,0,0,0,0,2,3,0,2,0,1,0,0,0,0,0,3,0,0,0,3,0,0,0,0,0,0,0,0,3,0,0,3,0,2,0,4,1,0,5,8,0,0,6,9,1,1,3,13,8,17,8,0,27,30,13,13,54,11,40,94,10,10,19,109,0,15,15,109,0,109,0,0,0,0,0,0,0,0,109,0,0,0,0,0,0,0,0,0,0,0,0,0,0,0,0,0,0,910,0,0,0,0,0,0,0,1984,1
pgsql,abd350e0f48e8e706b60c2449ee1c549079432aa,0,nan,nan,2,1,2,12,6,0,0,12,68,265,119,73,25,29,1,7,0,0,1,4,1,0,0,0,0,2,0,3,1,1,6,2,3,2,2,2,0,0,0,0,3,5,0,2,0,1,0,0,1,1,0,3,0,0,0,4,1,0,1,1,1,1,0,0,4,1,0,4,0,2,0,5,1,0,6,10,0,0,7,11,1,1,3,10,2,13,2,0,38,15,2,2,85,2,16,101,1,1,3,102,0,1,1,102,0,102,0,0,0,0,0,0,0,0,102,0,0,0,0,0,0,0,0,0,0,0,0,0,0,0,0,0,0,851,0,0,0,0,0,0,0,1925,3
cst,abd350e0f48e8e706b60c2449ee1c549079432aa,0,1847005.25,134037504.0,2,1,2,12,6,0,0,12,68,265,119,73,25,29,1,7,0,0,1,4,1,0,0,0,0,2,0,3,1,1,6,2,3,2,2,2,0,0,0,0,3,5,0,2,0,1,0,0,1,1,0,3,0,0,0,4,1,0,1,1,1,1,0,0,4,1,0,4,0,2,0,5,1,0,6,10,0,0,7,11,1,1,3,10,2,13,2,0,38,15,2,2,85,2,16,101,1,1,3,102,0,1,1,102,0,102,0,0,0,0,0,0,0,0,102,0,0,0,0,0,0,0,0,0,0,0,0,0,0,0,0,0,0,851,0,0,0,0,0,0,0,1925,3
formatter,abd350e0f48e8e706b60c2449ee1c549079432aa,0,1783388.8333333333,94197077.33333333,2,1,2,12,6,0,0,12,68,265,119,73,25,29,1,7,0,0,1,4,1,0,0,0,0,2,0,3,1,1,6,2,3,2,2,2,0,0,0,0,3,5,0,2,0,1,0,0,1,1,0,3,0,0,0,4,1,0,1,1,1,1,0,0,4,1,0,4,0,2,0,5,1,0,6,10,0,0,7,11,1,1,3,10,2,13,2,0,38,15,2,2,85,2,16,101,1,1,3,102,0,1,1,102,0,102,0,0,0,0,0,0,0,0,102,0,0,0,0,0,0,0,0,0,0,0,0,0,0,0,0,0,0,851,0,0,0,0,0,0,0,1925,3
pgsql,cf46a477c44624ec7b8dd617b27738fd9187eb50,0,3060296.875,91258880.0,2,1,2,10,5,2,5,8,29,149,82,42,10,26,1,3,0,0,1,5,2,0,0,0,0,2,2,2,0,1,5,3,3,4,4,1,0,0,0,0,3,6,0,3,0,0,0,0,0,0,0,4,0,0,0,4,0,0,0,0,0,0,0,0,4,0,0,4,0,2,0,5,1,0,7,10,0,0,6,11,1,1,2,9,3,14,3,0,17,15,1,1,24,3,16,40,1,1,6,44,0,4,4,44,0,44,0,0,0,0,0,0,0,0,44,0,0,0,0,0,0,0,0,0,0,0,0,0,0,0,0,0,0,1321,0,0,0,0,0,0,0,1977,2
cst,cf46a477c44624ec7b8dd617b27738fd9187eb50,0,871452.5,124291364.57142857,2,1,2,10,5,2,5,8,29,149,82,42,10,26,1,3,0,0,1,5,2,0,0,0,0,2,2,2,0,1,5,3,3,4,4,1,0,0,0,0,3,6,0,3,0,0,0,0,0,0,0,4,0,0,0,4,0,0,0,0,0,0,0,0,4,0,0,4,0,2,0,5,1,0,7,10,0,0,6,11,1,1,2,9,3,14,3,0,17,15,1,1,24,3,16,40,1,1,6,44,0,4,4,44,0,44,0,0,0,0,0,0,0,0,44,0,0,0,0,0,0,0,0,0,0,0,0,0,0,0,0,0,0,1321,0,0,0,0,0,0,0,1977,2
formatter,cf46a477c44624ec7b8dd617b27738fd9187eb50,0,1212382.0,89544021.33333333,2,1,2,10,5,2,5,8,29,149,82,42,10,26,1,3,0,0,1,5,2,0,0,0,0,2,2,2,0,1,5,3,3,4,4,1,0,0,0,0,3,6,0,3,0,0,0,0,0,0,0,4,0,0,0,4,0,0,0,0,0,0,0,0,4,0,0,4,0,2,0,5,1,0,7,10,0,0,6,11,1,1,2,9,3,14,3,0,17,15,1,1,24,3,16,40,1,1,6,44,0,4,4,44,0,44,0,0,0,0,0,0,0,0,44,0,0,0,0,0,0,0,0,0,0,0,0,0,0,0,0,0,0,1321,0,0,0,0,0,0,0,1977,2
pgsql,cc2d0518fc1c1d63d4528fb901893b3211174c0c,0,3994468.625,93036544.0,4,2,2,8,5,2,13,6,22,160,59,30,6,44,3,11,0,0,0,6,2,0,0,0,0,4,2,5,4,0,0,2,5,5,5,1,0,0,0,0,6,22,2,17,0,0,0,0,0,0,0,7,0,0,0,8,0,0,0,0,0,0,0,0,8,0,0,8,0,4,1,9,1,1,12,18,0,0,9,18,1,1,1,9,1,19,1,0,9,22,3,3,9,5,30,39,8,8,10,46,0,7,7,46,0,46,0,0,0,0,0,0,0,0,46,0,0,0,0,0,0,0,0,0,0,0,0,0,0,0,0,0,0,1198,0,0,0,0,0,0,0,1974,3
cst,cc2d0518fc1c1d63d4528fb901893b3211174c0c,0,nan,nan,4,2,2,8,5,2,13,6,22,160,59,30,6,44,3,11,0,0,0,6,2,0,0,0,0,4,2,5,4,0,0,2,5,5,5,1,0,0,0,0,6,22,2,17,0,0,0,0,0,0,0,7,0,0,0,8,0,0,0,0,0,0,0,0,8,0,0,8,0,4,1,9,1,1,12,18,0,0,9,18,1,1,1,9,1,19,1,0,9,22,3,3,9,5,30,39,8,8,10,46,0,7,7,46,0,46,0,0,0,0,0,0,0,0,46,0,0,0,0,0,0,0,0,0,0,0,0,0,0,0,0,0,0,1198,0,0,0,0,0,0,0,1974,3
formatter,cc2d0518fc1c1d63d4528fb901893b3211174c0c,0,1491743.0,92635136.0,4,2,2,8,5,2,13,6,22,160,59,30,6,44,3,11,0,0,0,6,2,0,0,0,0,4,2,5,4,0,0,2,5,5,5,1,0,0,0,0,6,22,2,17,0,0,0,0,0,0,0,7,0,0,0,8,0,0,0,0,0,0,0,0,8,0,0,8,0,4,1,9,1,1,12,18,0,0,9,18,1,1,1,9,1,19,1,0,9,22,3,3,9,5,30,39,8,8,10,46,0,7,7,46,0,46,0,0,0,0,0,0,0,0,46,0,0,0,0,0,0,0,0,0,0,0,0,0,0,0,0,0,0,1198,0,0,0,0,0,0,0,1974,3
pgsql,2653a18de0094996a47227b6e40840797ec0b51c,0,3441625.0,92471296.0,4,2,2,12,4,1,7,11,38,151,53,31,12,33,3,5,0,0,0,4,0,0,0,0,0,4,2,1,0,1,0,0,3,2,2,2,0,0,0,0,5,12,0,9,0,1,0,0,2,2,0,5,0,0,0,5,1,1,0,1,1,0,0,0,5,0,0,5,0,2,0,6,1,0,8,12,0,0,6,13,1,1,1,6,7,20,7,0,6,27,7,7,6,9,33,39,6,6,11,45,0,6,6,45,0,45,0,0,0,0,0,0,0,0,45,0,0,0,0,0,0,0,0,0,0,0,0,0,0,0,0,0,0,1265,0,0,0,0,0,0,0,1972,4
cst,2653a18de0094996a47227b6e40840797ec0b51c,0,996329.8333333334,130364757.33333333,4,2,2,12,4,1,7,11,38,151,53,31,12,33,3,5,0,0,0,4,0,0,0,0,0,4,2,1,0,1,0,0,3,2,2,2,0,0,0,0,5,12,0,9,0,1,0,0,2,2,0,5,0,0,0,5,1,1,0,1,1,0,0,0,5,0,0,5,0,2,0,6,1,0,8,12,0,0,6,13,1,1,1,6,7,20,7,0,6,27,7,7,6,9,33,39,6,6,11,45,0,6,6,45,0,45,0,0,0,0,0,0,0,0,45,0,0,0,0,0,0,0,0,0,0,0,0,0,0,0,0,0,0,1265,0,0,0,0,0,0,0,1972,4
formatter,2653a18de0094996a47227b6e40840797ec0b51c,0,1435611.0,93339648.0,4,2,2,12,4,1,7,11,38,151,53,31,12,33,3,5,0,0,0,4,0,0,0,0,0,4,2,1,0,1,0,0,3,2,2,2,0,0,0,0,5,12,0,9,0,1,0,0,2,2,0,5,0,0,0,5,1,1,0,1,1,0,0,0,5,0,0,5,0,2,0,6,1,0,8,12,0,0,6,13,1,1,1,6,7,20,7,0,6,27,7,7,6,9,33,39,6,6,11,45,0,6,6,45,0,45,0,0,0,0,0,0,0,0,45,0,0,0,0,0,0,0,0,0,0,0,0,0,0,0,0,0,0,1265,0,0,0,0,0,0,0,1972,4
pgsql,2f0011629ed5017caf5d6410fbc5c1970ddc5b04,0,1699026.125,90533888.0,2,0,1,12,3,2,5,10,56,68,30,14,2,37,1,1,0,0,1,5,2,0,0,0,0,2,1,0,0,1,7,3,4,2,2,3,0,0,0,0,3,9,0,5,0,1,0,0,0,0,0,3,0,0,0,3,0,0,0,0,0,0,0,0,3,0,0,3,0,1,1,3,1,1,4,6,0,0,3,6,0,0,0,4,0,6,0,0,7,6,0,0,11,2,6,17,0,0,0,17,0,0,0,17,0,17,0,0,0,0,0,0,0,0,17,0,0,0,0,0,0,0,0,0,0,0,0,0,0,0,0,0,0,1560,0,0,0,0,0,0,0,1956,3
cst,2f0011629ed5017caf5d6410fbc5c1970ddc5b04,0,711059.0833333334,117514240.0,2,0,1,12,3,2,5,10,56,68,30,14,2,37,1,1,0,0,1,5,2,0,0,0,0,2,1,0,0,1,7,3,4,2,2,3,0,0,0,0,3,9,0,5,0,1,0,0,0,0,0,3,0,0,0,3,0,0,0,0,0,0,0,0,3,0,0,3,0,1,1,3,1,1,4,6,0,0,3,6,0,0,0,4,0,6,0,0,7,6,0,0,11,2,6,17,0,0,0,17,0,0,0,17,0,17,0,0,0,0,0,0,0,0,17,0,0,0,0,0,0,0,0,0,0,0,0,0,0,0,0,0,0,1560,0,0,0,0,0,0,0,1956,3
formatter,2f0011629ed5017caf5d6410fbc5c1970ddc5b04,0,813645.75,81588224.0,2,0,1,12,3,2,5,10,56,68,30,14,2,37,1,1,0,0,1,5,2,0,0,0,0,2,1,0,0,1,7,3,4,2,2,3,0,0,0,0,3,9,0,5,0,1,0,0,0,0,0,3,0,0,0,3,0,0,0,0,0,0,0,0,3,0,0,3,0,1,1,3,1,1,4,6,0,0,3,6,0,0,0,4,0,6,0,0,7,6,0,0,11,2,6,17,0,0,0,17,0,0,0,17,0,17,0,0,0,0,0,0,0,0,17,0,0,0,0,0,0,0,0,0,0,0,0,0,0,0,0,0,0,1560,0,0,0,0,0,0,0,1956,3
pgsql,f1a0c91099085ee0398ce4c326cda4ac7b7e53a2,0,3262534.8333333335,91176960.0,5,2,4,40,21,7,34,33,151,141,61,25,5,102,4,6,0,0,2,11,6,0,0,0,0,5,3,2,1,2,9,8,7,8,8,3,0,0,0,0,5,30,0,23,0,0,0,0,4,8,2,5,0,0,0,5,4,2,4,0,6,4,0,0,5,0,0,5,0,2,0,5,0,0,5,10,0,0,5,10,0,0,0,5,0,10,0,0,5,10,0,0,5,1,10,15,0,0,2,15,0,0,0,15,0,15,0,0,0,0,0,0,0,0,15,0,0,0,0,0,0,0,0,0,0,0,0,0,0,0,0,0,0,985,0,0,0,0,0,0,0,1943,8
cst,f1a0c91099085ee0398ce4c326cda4ac7b7e53a2,0,1282635.375,125157376.0,5,2,4,40,21,7,34,33,151,141,61,25,5,102,4,6,0,0,2,11,6,0,0,0,0,5,3,2,1,2,9,8,7,8,8,3,0,0,0,0,5,30,0,23,0,0,0,0,4,8,2,5,0,0,0,5,4,2,4,0,6,4,0,0,5,0,0,5,0,2,0,5,0,0,5,10,0,0,5,10,0,0,0,5,0,10,0,0,5,10,0,0,5,1,10,15,0,0,2,15,0,0,0,15,0,15,0,0,0,0,0,0,0,0,15,0,0,0,0,0,0,0,0,0,0,0,0,0,0,0,0,0,0,985,0,0,0,0,0,0,0,1943,8
formatter,f1a0c91099085ee0398ce4c326cda4ac7b7e53a2,0,1838494.875,92983296.0,5,2,4,40,21,7,34,33,151,141,61,25,5,102,4,6,0,0,2,11,6,0,0,0,0,5,3,2,1,2,9,8,7,8,8,3,0,0,0,0,5,30,0,23,0,0,0,0,4,8,2,5,0,0,0,5,4,2,4,0,6,4,0,0,5,0,0,5,0,2,0,5,0,0,5,10,0,0,5,10,0,0,0,5,0,10,0,0,5,10,0,0,5,1,10,15,0,0,2,15,0,0,0,15,0,15,0,0,0,0,0,0,0,0,15,0,0,0,0,0,0,0,0,0,0,0,0,0,0,0,0,0,0,985,0,0,0,0,0,0,0,1943,8
pgsql,c5703b4965db3c2a6ed2f43e2ccf944df2f2a013,0,1799973.75,90877952.0,2,1,1,6,3,2,13,4,14,68,28,17,3,14,1,7,0,0,0,2,0,0,0,0,0,2,1,5,2,0,0,0,1,2,2,0,0,0,0,0,3,5,1,4,0,0,0,0,1,1,0,3,0,0,0,4,1,0,1,0,1,1,0,0,4,0,0,4,0,2,0,5,1,0,6,10,0,0,5,12,2,2,2,5,0,12,0,0,6,12,0,0,6,1,12,18,0,0,4,19,0,1,1,19,0,19,0,0,0,0,0,0,0,0,19,0,0,0,0,0,0,0,0,0,0,0,0,0,0,0,0,0,0,1626,0,0,0,0,0,0,0,1987,1
cst,c5703b4965db3c2a6ed2f43e2ccf944df2f2a013,0,770140.5,126853120.0,2,1,1,6,3,2,13,4,14,68,28,17,3,14,1,7,0,0,0,2,0,0,0,0,0,2,1,5,2,0,0,0,1,2,2,0,0,0,0,0,3,5,1,4,0,0,0,0,1,1,0,3,0,0,0,4,1,0,1,0,1,1,0,0,4,0,0,4,0,2,0,5,1,0,6,10,0,0,5,12,2,2,2,5,0,12,0,0,6,12,0,0,6,1,12,18,0,0,4,19,0,1,1,19,0,19,0,0,0,0,0,0,0,0,19,0,0,0,0,0,0,0,0,0,0,0,0,0,0,0,0,0,0,1626,0,0,0,0,0,0,0,1987,1
formatter,c5703b4965db3c2a6ed2f43e2ccf944df2f2a013,0,697090.5,81832618.66666667,2,1,1,6,3,2,13,4,14,68,28,17,3,14,1,7,0,0,0,2,0,0,0,0,0,2,1,5,2,0,0,0,1,2,2,0,0,0,0,0,3,5,1,4,0,0,0,0,1,1,0,3,0,0,0,4,1,0,1,0,1,1,0,0,4,0,0,4,0,2,0,5,1,0,6,10,0,0,5,12,2,2,2,5,0,12,0,0,6,12,0,0,6,1,12,18,0,0,4,19,0,1,1,19,0,19,0,0,0,0,0,0,0,0,19,0,0,0,0,0,0,0,0,0,0,0,0,0,0,0,0,0,0,1626,0,0,0,0,0,0,0,1987,1
pgsql,5aab136befe52f625e1321b17079b461f3c498c4,0,nan,nan,10,2,3,57,30,14,72,45,211,283,117,57,16,110,9,26,0,0,1,11,2,0,1,0,0,0,4,11,8,3,6,3,7,8,8,3,0,0,5,1,18,11,0,4,0,4,0,0,1,3,2,25,0,80,2,29,2,1,2,2,3,2,1,1,39,1,1,29,23,12,6,35,8,6,10,37,2,2,2,41,6,6,6,2,10,51,10,0,2,57,6,6,2,24,64,82,7,7,24,71,31,5,5,71,32,40,20,22,10,10,4,4,2,6,1,4,23,0,5,2,1,2,0,10,3,1,0,18,0,9,0,1,1,2,9,10,2,7,3,0,0,1825,11
cst,5aab136befe52f625e1321b17079b461f3c498c4,0,nan,nan,10,2,3,57,30,14,72,45,211,283,117,57,16,110,9,26,0,0,1,11,2,0,1,0,0,0,4,11,8,3,6,3,7,8,8,3,0,0,5,1,18,11,0,4,0,4,0,0,1,3,2,25,0,80,2,29,2,1,2,2,3,2,1,1,39,1,1,29,23,12,6,35,8,6,10,37,2,2,2,41,6,6,6,2,10,51,10,0,2,57,6,6,2,24,64,82,7,7,24,71,31,5,5,71,32,40,20,22,10,10,4,4,2,6,1,4,23,0,5,2,1,2,0,10,3,1,0,18,0,9,0,1,1,2,9,10,2,7,3,0,0,1825,11
formatter,5aab136befe52f625e1321b17079b461f3c498c4,0,2963799.0,95933781.33333333,10,2,3,57,30,14,72,45,211,283,117,57,16,110,9,26,0,0,1,11,2,0,1,0,0,0,4,11,8,3,6,3,7,8,8,3,0,0,5,1,18,11,0,4,0,4,0,0,1,3,2,25,0,80,2,29,2,1,2,2,3,2,1,1,39,1,1,29,23,12,6,35,8,6,10,37,2,2,2,41,6,6,6,2,10,51,10,0,2,57,6,6,2,24,64,82,7,7,24,71,31,5,5,71,32,40,20,22,10,10,4,4,2,6,1,4,23,0,5,2,1,2,0,10,3,1,0,18,0,9,0,1,1,2,9,10,2,7,3,0,0,1825,11
pgsql,04c72a5123777397a8eea079e496caa7a7e8e4d1,0,nan,nan,7,0,3,61,31,12,61,51,179,305,145,62,9,133,6,23,0,0,3,12,3,0,1,0,0,0,4,10,4,3,14,6,9,5,5,7,0,0,4,1,17,12,1,3,0,8,0,0,0,0,0,25,0,46,4,31,0,0,1,0,0,0,0,0,39,0,0,31,17,16,8,35,9,8,14,39,2,4,2,41,3,3,3,2,8,49,8,0,2,56,7,7,2,21,60,84,4,4,28,72,35,10,10,72,35,42,18,24,19,19,3,4,2,3,4,3,20,1,4,0,0,3,1,20,2,1,0,9,0,0,0,4,2,11,2,8,0,8,1,0,0,1950,14
cst,04c72a5123777397a8eea079e496caa7a7e8e4d1,0,2045088.75,133435392.0,7,0,3,61,31,12,61,51,179,305,145,62,9,133,6,23,0,0,3,12,3,0,1,0,0,0,4,10,4,3,14,6,9,5,5,7,0,0,4,1,17,12,1,3,0,8,0,0,0,0,0,25,0,46,4,31,0,0,1,0,0,0,0,0,39,0,0,31,17,16,8,35,9,8,14,39,2,4,2,41,3,3,3,2,8,49,8,0,2,56,7,7,2,21,60,84,4,4,28,72,35,10,10,72,35,42,18,24,19,19,3,4,2,3,4,3,20,1,4,0,0,3,1,20,2,1,0,9,0,0,0,4,2,11,2,8,0,8,1,0,0,1950,14
formatter,04c72a5123777397a8eea079e496caa7a7e8e4d1,0,3408444.1666666665,115468970.66666667,7,0,3,61,31,12,61,51,179,305,145,62,9,133,6,23,0,0,3,12,3,0,1,0,0,0,4,10,4,3,14,6,9,5,5,7,0,0,4,1,17,12,1,3,0,8,0,0,0,0,0,25,0,46,4,31,0,0,1,0,0,0,0,0,39,0,0,31,17,16,8,35,9,8,14,39,2,4,2,41,3,3,3,2,8,49,8,0,2,56,7,7,2,21,60,84,4,4,28,72,35,10,10,72,35,42,18,24,19,19,3,4,2,3,4,3,20,1,4,0,0,3,1,20,2,1,0,9,0,0,0,4,2,11,2,8,0,8,1,0,0,1950,14
pgsql,57031a38006fe1b41ea89b06b74d469ef4597f80,0,nan,nan,25,10,15,62,30,13,60,51,235,323,139,63,17,185,24,36,0,0,5,32,8,0,1,0,0,0,9,14,8,5,16,13,20,17,17,15,0,0,2,1,8,30,0,10,0,4,0,0,3,12,5,11,0,7,1,15,6,2,5,4,6,4,0,0,20,1,0,15,9,5,4,18,4,4,8,19,0,3,0,19,1,1,1,0,4,23,4,0,0,27,4,4,0,12,28,33,1,1,8,29,11,1,1,29,13,13,7,10,5,5,0,1,0,2,3,1,8,1,2,0,1,2,0,5,0,0,0,1,0,10,0,0,0,13,0,4,0,1,0,0,0,2053,34
cst,57031a38006fe1b41ea89b06b74d469ef4597f80,0,2003656.1666666667,133152768.0,25,10,15,62,30,13,60,51,235,323,139,63,17,185,24,36,0,0,5,32,8,0,1,0,0,0,9,14,8,5,16,13,20,17,17,15,0,0,2,1,8,30,0,10,0,4,0,0,3,12,5,11,0,7,1,15,6,2,5,4,6,4,0,0,20,1,0,15,9,5,4,18,4,4,8,19,0,3,0,19,1,1,1,0,4,23,4,0,0,27,4,4,0,12,28,33,1,1,8,29,11,1,1,29,13,13,7,10,5,5,0,1,0,2,3,1,8,1,2,0,1,2,0,5,0,0,0,1,0,10,0,0,0,13,0,4,0,1,0,0,0,2053,34
formatter,57031a38006fe1b41ea89b06b74d469ef4597f80,0,3479305.8333333335,113410048.0,25,10,15,62,30,13,60,51,235,323,139,63,17,185,24,36,0,0,5,32,8,0,1,0,0,0,9,14,8,5,16,13,20,17,17,15,0,0,2,1,8,30,0,10,0,4,0,0,3,12,5,11,0,7,1,15,6,2,5,4,6,4,0,0,20,1,0,15,9,5,4,18,4,4,8,19,0,3,0,19,1,1,1,0,4,23,4,0,0,27,4,4,0,12,28,33,1,1,8,29,11,1,1,29,13,13,7,10,5,5,0,1,0,2,3,1,8,1,2,0,1,2,0,5,0,0,0,1,0,10,0,0,0,13,0,4,0,1,0,0,0,2053,34
pgsql,ce13f74412cff0221ac23eeb8181cade75f0c7b5,0,nan,nan,12,6,7,19,6,4,20,15,52,374,160,77,27,65,11,15,0,0,1,14,5,0,0,0,0,12,3,4,0,1,1,6,10,8,8,6,0,0,0,0,15,19,1,9,0,0,0,0,2,2,0,16,0,0,0,18,2,0,2,0,2,2,0,0,18,0,0,18,0,10,2,18,1,2,25,36,0,0,22,38,3,3,7,30,3,41,3,0,58,44,3,3,74,12,47,121,3,3,14,122,0,1,1,122,0,122,0,0,0,0,0,122,0,0,0,0,0,0,0,0,0,0,0,0,0,0,0,0,220,0,0,0,0,0,0,0,0,0,0,0,0,1949,13
cst,ce13f74412cff0221ac23eeb8181cade75f0c7b5,0,nan,nan,12,6,7,19,6,4,20,15,52,374,160,77,27,65,11,15,0,0,1,14,5,0,0,0,0,12,3,4,0,1,1,6,10,8,8,6,0,0,0,0,15,19,1,9,0,0,0,0,2,2,0,16,0,0,0,18,2,0,2,0,2,2,0,0,18,0,0,18,0,10,2,18,1,2,25,36,0,0,22,38,3,3,7,30,3,41,3,0,58,44,3,3,74,12,47,121,3,3,14,122,0,1,1,122,0,122,0,0,0,0,0,122,0,0,0,0,0,0,0,0,0,0,0,0,0,0,0,0,220,0,0,0,0,0,0,0,0,0,0,0,0,1949,13
formatter,ce13f74412cff0221ac23eeb8181cade75f0c7b5,0,2769187.625,94121984.0,12,6,7,19,6,4,20,15,52,374,160,77,27,65,11,15,0,0,1,14,5,0,0,0,0,12,3,4,0,1,1,6,10,8,8,6,0,0,0,0,15,19,1,9,0,0,0,0,2,2,0,16,0,0,0,18,2,0,2,0,2,2,0,0,18,0,0,18,0,10,2,18,1,2,25,36,0,0,22,38,3,3,7,30,3,41,3,0,58,44,3,3,74,12,47,121,3,3,14,122,0,1,1,122,0,122,0,0,0,0,0,122,0,0,0,0,0,0,0,0,0,0,0,0,0,0,0,0,220,0,0,0,0,0,0,0,0,0,0,0,0,1949,13
pgsql,a4c301ad45e21d49f95de7fd83c250f819c01d83,0,nan,nan,4,0,1,17,6,0,0,17,87,388,177,89,26,42,3,10,0,0,1,7,3,0,0,0,0,4,3,7,5,1,6,4,4,3,3,4,0,0,0,0,7,8,1,4,0,0,0,0,2,4,1,9,0,0,0,10,1,2,1,3,3,1,1,1,10,0,0,10,0,4,3,10,1,3,11,20,0,0,11,23,5,5,6,19,9,32,9,1,49,45,13,13,90,14,50,140,5,5,18,144,0,4,4,144,0,144,0,0,0,0,0,144,0,0,0,0,0,0,0,0,0,0,0,0,0,0,0,0,285,0,0,0,0,0,0,0,0,0,0,0,0,1879,5
cst,a4c301ad45e21d49f95de7fd83c250f819c01d83,0,nan,nan,4,0,1,17,6,0,0,17,87,388,177,89,26,42,3,10,0,0,1,7,3,0,0,0,0,4,3,7,5,1,6,4,4,3,3,4,0,0,0,0,7,8,1,4,0,0,0,0,2,4,1,9,0,0,0,10,1,2,1,3,3,1,1,1,10,0,0,10,0,4,3,10,1,3,11,20,0,0,11,23,5,5,6,19,9,32,9,1,49,45,13,13,90,14,50,140,5,5,18,144,0,4,4,144,0,144,0,0,0,0,0,144,0,0,0,0,0,0,0,0,0,0,0,0,0,0,0,0,285,0,0,0,0,0,0,0,0,0,0,0,0,1879,5
formatter,a4c301ad45e21d49f95de7fd83c250f819c01d83,0,2548493.3333333335,95283882.66666667,4,0,1,17,6,0,0,17,87,388,177,89,26,42,3,10,0,0,1,7,3,0,0,0,0,4,3,7,5,1,6,4,4,3,3,4,0,0,0,0,7,8,1,4,0,0,0,0,2,4,1,9,0,0,0,10,1,2,1,3,3,1,1,1,10,0,0,10,0,4,3,10,1,3,11,20,0,0,11,23,5,5,6,19,9,32,9,1,49,45,13,13,90,14,50,140,5,5,18,144,0,4,4,144,0,144,0,0,0,0,0,144,0,0,0,0,0,0,0,0,0,0,0,0,0,0,0,0,285,0,0,0,0,0,0,0,0,0,0,0,0,1879,5
pgsql,90974519d5dc1823c6121b300d29127e4d1bba9f,0,nan,nan,7,3,6,22,8,4,24,18,74,396,185,94,19,64,6,15,0,0,3,12,3,0,0,0,0,7,4,6,1,3,8,6,9,9,9,3,0,0,0,0,9,15,1,6,0,0,0,0,0,0,0,11,0,0,0,12,0,0,0,0,0,0,0,0,12,0,0,12,0,8,2,13,1,2,18,26,0,0,16,29,5,5,8,20,10,39,10,0,27,46,7,7,37,24,59,96,13,13,28,119,0,23,23,119,0,119,0,0,0,0,0,119,0,0,0,0,0,0,0,0,0,0,0,0,0,0,0,0,225,0,0,0,0,0,0,0,0,0,0,0,0,2048,9
cst,90974519d5dc1823c6121b300d29127e4d1bba9f,0,nan,nan,7,3,6,22,8,4,24,18,74,396,185,94,19,64,6,15,0,0,3,12,3,0,0,0,0,7,4,6,1,3,8,6,9,9,9,3,0,0,0,0,9,15,1,6,0,0,0,0,0,0,0,11,0,0,0,12,0,0,0,0,0,0,0,0,12,0,0,12,0,8,2,13,1,2,18,26,0,0,16,29,5,5,8,20,10,39,10,0,27,46,7,7,37,24,59,96,13,13,28,119,0,23,23,119,0,119,0,0,0,0,0,119,0,0,0,0,0,0,0,0,0,0,0,0,0,0,0,0,225,0,0,0,0,0,0,0,0,0,0,0,0,2048,9
formatter,90974519d5dc1823c6121b300d29127e4d1bba9f,0,3300533.875,109662208.0,7,3,6,22,8,4,24,18,74,396,185,94,19,64,6,15,0,0,3,12,3,0,0,0,0,7,4,6,1,3,8,6,9,9,9,3,0,0,0,0,9,15,1,6,0,0,0,0,0,0,0,11,0,0,0,12,0,0,0,0,0,0,0,0,12,0,0,12,0,8,2,13,1,2,18,26,0,0,16,29,5,5,8,20,10,39,10,0,27,46,7,7,37,24,59,96,13,13,28,119,0,23,23,119,0,119,0,0,0,0,0,119,0,0,0,0,0,0,0,0,0,0,0,0,0,0,0,0,225,0,0,0,0,0,0,0,0,0,0,0,0,2048,9
pgsql,73a47937f6bbef3bf21712c9b0a9ee494fd109c1,0,6754045.25,111050752.0,5,3,3,9,3,1,1,8,49,278,127,59,18,45,4,17,0,0,0,5,0,0,0,0,0,5,1,10,5,0,0,0,4,1,1,4,0,0,0,0,9,14,0,10,0,2,0,0,0,0,0,11,0,0,0,13,0,0,0,0,0,0,0,0,13,0,0,13,0,7,3,14,2,3,16,28,0,0,14,30,4,4,4,14,8,38,8,0,15,50,12,12,16,20,60,76,10,10,20,92,0,16,16,92,0,92,0,0,0,0,0,92,0,0,0,0,0,0,0,0,0,0,0,0,0,0,0,0,708,0,0,0,0,0,0,0,0,0,0,0,0,2016,7
cst,73a47937f6bbef3bf21712c9b0a9ee494fd109c1,0,nan,nan,5,3,3,9,3,1,1,8,49,278,127,59,18,45,4,17,0,0,0,5,0,0,0,0,0,5,1,10,5,0,0,0,4,1,1,4,0,0,0,0,9,14,0,10,0,2,0,0,0,0,0,11,0,0,0,13,0,0,0,0,0,0,0,0,13,0,0,13,0,7,3,14,2,3,16,28,0,0,14,30,4,4,4,14,8,38,8,0,15,50,12,12,16,20,60,76,10,10,20,92,0,16,16,92,0,92,0,0,0,0,0,92,0,0,0,0,0,0,0,0,0,0,0,0,0,0,0,0,708,0,0,0,0,0,0,0,0,0,0,0,0,2016,7
formatter,73a47937f6bbef3bf21712c9b0a9ee494fd109c1,0,2392683.3,94516019.2,5,3,3,9,3,1,1,8,49,278,127,59,18,45,4,17,0,0,0,5,0,0,0,0,0,5,1,10,5,0,0,0,4,1,1,4,0,0,0,0,9,14,0,10,0,2,0,0,0,0,0,11,0,0,0,13,0,0,0,0,0,0,0,0,13,0,0,13,0,7,3,14,2,3,16,28,0,0,14,30,4,4,4,14,8,38,8,0,15,50,12,12,16,20,60,76,10,10,20,92,0,16,16,92,0,92,0,0,0,0,0,92,0,0,0,0,0,0,0,0,0,0,0,0,0,0,0,0,708,0,0,0,0,0,0,0,0,0,0,0,0,2016,7
pgsql,c8ceb2514cf972fc21a227f14a01c3b7a625093f,0,5792895.875,111894528.0,5,2,4,23,7,2,8,21,137,258,124,65,19,59,4,12,0,0,2,8,3,0,0,0,0,5,3,6,2,2,10,5,6,5,5,3,0,0,0,0,6,14,0,8,0,0,0,0,0,0,0,6,0,0,0,7,0,0,0,0,0,0,0,0,7,0,0,7,0,2,0,9,2,0,10,18,0,0,10,20,2,2,3,11,5,25,5,0,25,38,13,13,38,11,42,80,4,4,12,84,0,4,4,84,0,84,0,0,0,0,0,84,0,0,0,0,0,0,0,0,0,0,0,0,0,0,0,0,677,0,0,0,0,0,0,0,0,0,0,0,0,1934,6
cst,c8ceb2514cf972fc21a227f14a01c3b7a625093f,0,1315079.3,128843776.0,5,2,4,23,7,2,8,21,137,258,124,65,19,59,4,12,0,0,2,8,3,0,0,0,0,5,3,6,2,2,10,5,6,5,5,3,0,0,0,0,6,14,0,8,0,0,0,0,0,0,0,6,0,0,0,7,0,0,0,0,0,0,0,0,7,0,0,7,0,2,0,9,2,0,10,18,0,0,10,20,2,2,3,11,5,25,5,0,25,38,13,13,38,11,42,80,4,4,12,84,0,4,4,84,0,84,0,0,0,0,0,84,0,0,0,0,0,0,0,0,0,0,0,0,0,0,0,0,677,0,0,0,0,0,0,0,0,0,0,0,0,1934,6
formatter,c8ceb2514cf972fc21a227f14a01c3b7a625093f,0,2225895.9375,94083072.0,5,2,4,23,7,2,8,21,137,258,124,65,19,59,4,12,0,0,2,8,3,0,0,0,0,5,3,6,2,2,10,5,6,5,5,3,0,0,0,0,6,14,0,8,0,0,0,0,0,0,0,6,0,0,0,7,0,0,0,0,0,0,0,0,7,0,0,7,0,2,0,9,2,0,10,18,0,0,10,20,2,2,3,11,5,25,5,0,25,38,13,13,38,11,42,80,4,4,12,84,0,4,4,84,0,84,0,0,0,0,0,84,0,0,0,0,0,0,0,0,0,0,0,0,0,0,0,0,677,0,0,0,0,0,0,0,0,0,0,0,0,1934,6
pgsql,8b43bc0df17b23333bd5abd5aa7e855a1ee7ce86,0,6176635.25,94199808.0,1,0,0,1,1,0,0,1,0,280,123,67,18,8,0,1,0,0,0,1,0,0,0,0,0,1,1,1,0,0,0,0,1,0,0,1,0,0,0,0,3,3,0,2,0,0,0,0,0,0,0,3,0,0,0,4,0,0,0,0,0,0,0,0,4,0,0,4,0,2,1,4,1,1,6,8,0,0,5,10,2,2,3,8,2,12,2,0,34,16,4,4,69,8,29,98,13,13,18,111,0,13,13,111,0,111,0,0,0,0,0,111,0,0,0,0,0,0,0,0,0,0,0,0,0,0,0,0,953,0,0,0,0,0,0,0,0,0,0,0,0,1948,1
cst,8b43bc0df17b23333bd5abd5aa7e855a1ee7ce86,0,1050247.4375,129339392.0,1,0,0,1,1,0,0,1,0,280,123,67,18,8,0,1,0,0,0,1,0,0,0,0,0,1,1,1,0,0,0,0,1,0,0,1,0,0,0,0,3,3,0,2,0,0,0,0,0,0,0,3,0,0,0,4,0,0,0,0,0,0,0,0,4,0,0,4,0,2,1,4,1,1,6,8,0,0,5,10,2,2,3,8,2,12,2,0,34,16,4,4,69,8,29,98,13,13,18,111,0,13,13,111,0,111,0,0,0,0,0,111,0,0,0,0,0,0,0,0,0,0,0,0,0,0,0,0,953,0,0,0,0,0,0,0,0,0,0,0,0,1948,1
formatter,8b43bc0df17b23333bd5abd5aa7e855a1ee7ce86,0,1813109.375,93782016.0,1,0,0,1,1,0,0,1,0,280,123,67,18,8,0,1,0,0,0,1,0,0,0,0,0,1,1,1,0,0,0,0,1,0,0,1,0,0,0,0,3,3,0,2,0,0,0,0,0,0,0,3,0,0,0,4,0,0,0,0,0,0,0,0,4,0,0,4,0,2,1,4,1,1,6,8,0,0,5,10,2,2,3,8,2,12,2,0,34,16,4,4,69,8,29,98,13,13,18,111,0,13,13,111,0,111,0,0,0,0,0,111,0,0,0,0,0,0,0,0,0,0,0,0,0,0,0,0,953,0,0,0,0,0,0,0,0,0,0,0,0,1948,1
pgsql,40ac1952df14d28eaca5413587ec8fd5a1329aaa,0,3266868.1666666665,91455488.0,1,0,1,5,1,0,0,5,14,137,67,31,6,15,0,3,0,0,1,3,1,0,0,0,0,1,0,1,1,1,0,2,3,2,2,1,0,0,0,0,2,7,1,4,0,0,0,0,0,0,0,3,0,0,0,3,0,0,0,0,0,0,0,0,3,0,0,3,0,2,0,3,0,0,3,6,0,0,3,8,2,2,2,3,3,11,3,0,3,17,6,6,3,10,30,33,13,13,13,44,0,11,11,44,0,44,0,0,0,0,0,44,0,0,0,0,0,0,0,0,0,0,0,0,0,0,0,0,1407,0,0,0,0,0,0,0,0,0,0,0,0,1990,1
cst,40ac1952df14d28eaca5413587ec8fd5a1329aaa,0,712447.75,117471232.0,1,0,1,5,1,0,0,5,14,137,67,31,6,15,0,3,0,0,1,3,1,0,0,0,0,1,0,1,1,1,0,2,3,2,2,1,0,0,0,0,2,7,1,4,0,0,0,0,0,0,0,3,0,0,0,3,0,0,0,0,0,0,0,0,3,0,0,3,0,2,0,3,0,0,3,6,0,0,3,8,2,2,2,3,3,11,3,0,3,17,6,6,3,10,30,33,13,13,13,44,0,11,11,44,0,44,0,0,0,0,0,44,0,0,0,0,0,0,0,0,0,0,0,0,0,0,0,0,1407,0,0,0,0,0,0,0,0,0,0,0,0,1990,1
formatter,40ac1952df14d28eaca5413587ec8fd5a1329aaa,0,1324555.3333333333,93129386.66666667,1,0,1,5,1,0,0,5,14,137,67,31,6,15,0,3,0,0,1,3,1,0,0,0,0,1,0,1,1,1,0,2,3,2,2,1,0,0,0,0,2,7,1,4,0,0,0,0,0,0,0,3,0,0,0,3,0,0,0,0,0,0,0,0,3,0,0,3,0,2,0,3,0,0,3,6,0,0,3,8,2,2,2,3,3,11,3,0,3,17,6,6,3,10,30,33,13,13,13,44,0,11,11,44,0,44,0,0,0,0,0,44,0,0,0,0,0,0,0,0,0,0,0,0,0,0,0,0,1407,0,0,0,0,0,0,0,0,0,0,0,0,1990,1
pgsql,2b57439fbea4fbc37df5f4860b119a69a133fc71,0,2934485.8333333335,91171498.66666667,3,1,2,8,6,3,14,5,26,127,56,29,9,21,2,3,0,0,1,4,1,0,0,0,0,3,1,3,0,1,0,2,3,2,2,2,0,0,0,0,4,6,0,3,0,1,0,0,0,0,0,4,0,0,0,5,0,0,0,0,0,0,0,0,5,0,0,5,0,3,0,5,0,0,5,10,0,0,5,10,0,0,0,6,2,12,2,0,15,12,0,0,28,4,13,41,1,1,6,44,0,3,3,44,0,44,0,0,0,0,0,44,0,0,0,0,0,0,0,0,0,0,0,0,0,0,0,0,1386,0,0,0,0,0,0,0,0,0,0,0,0,1991,4
cst,2b57439fbea4fbc37df5f4860b119a69a133fc71,0,1014419.0625,124559360.0,3,1,2,8,6,3,14,5,26,127,56,29,9,21,2,3,0,0,1,4,1,0,0,0,0,3,1,3,0,1,0,2,3,2,2,2,0,0,0,0,4,6,0,3,0,1,0,0,0,0,0,4,0,0,0,5,0,0,0,0,0,0,0,0,5,0,0,5,0,3,0,5,0,0,5,10,0,0,5,10,0,0,0,6,2,12,2,0,15,12,0,0,28,4,13,41,1,1,6,44,0,3,3,44,0,44,0,0,0,0,0,44,0,0,0,0,0,0,0,0,0,0,0,0,0,0,0,0,1386,0,0,0,0,0,0,0,0,0,0,0,0,1991,4
formatter,2b57439fbea4fbc37df5f4860b119a69a133fc71,0,1253291.7,83859865.6,3,1,2,8,6,3,14,5,26,127,56,29,9,21,2,3,0,0,1,4,1,0,0,0,0,3,1,3,0,1,0,2,3,2,2,2,0,0,0,0,4,6,0,3,0,1,0,0,0,0,0,4,0,0,0,5,0,0,0,0,0,0,0,0,5,0,0,5,0,3,0,5,0,0,5,10,0,0,5,10,0,0,0,6,2,12,2,0,15,12,0,0,28,4,13,41,1,1,6,44,0,3,3,44,0,44,0,0,0,0,0,44,0,0,0,0,0,0,0,0,0,0,0,0,0,0,0,0,1386,0,0,0,0,0,0,0,0,0,0,0,0,1991,4
pgsql,60b54addeacf35b5414c20fd5ea3821d387e522e,0,3098833.3333333335,91613866.66666667,1,0,1,8,4,1,3,7,46,137,53,26,10,13,0,2,0,0,1,3,1,0,0,0,0,1,0,2,0,1,2,2,2,1,1,2,0,0,0,0,2,3,0,1,0,0,0,0,1,1,0,3,0,0,0,4,0,1,0,1,1,0,0,0,4,0,0,4,0,2,0,5,1,0,6,10,0,0,5,11,1,1,1,5,4,15,4,0,5,18,3,3,5,9,32,37,14,14,13,45,0,8,8,45,0,45,0,0,0,0,0,45,0,0,0,0,0,0,0,0,0,0,0,0,0,0,0,0,1369,0,0,0,0,0,0,0,0,0,0,0,0,1997,1
cst,60b54addeacf35b5414c20fd5ea3821d387e522e,0,807416.8333333334,122945536.0,1,0,1,8,4,1,3,7,46,137,53,26,10,13,0,2,0,0,1,3,1,0,0,0,0,1,0,2,0,1,2,2,2,1,1,2,0,0,0,0,2,3,0,1,0,0,0,0,1,1,0,3,0,0,0,4,0,1,0,1,1,0,0,0,4,0,0,4,0,2,0,5,1,0,6,10,0,0,5,11,1,1,1,5,4,15,4,0,5,18,3,3,5,9,32,37,14,14,13,45,0,8,8,45,0,45,0,0,0,0,0,45,0,0,0,0,0,0,0,0,0,0,0,0,0,0,0,0,1369,0,0,0,0,0,0,0,0,0,0,0,0,1997,1
formatter,60b54addeacf35b5414c20fd5ea3821d387e522e,0,1178302.0,89432064.0,1,0,1,8,4,1,3,7,46,137,53,26,10,13,0,2,0,0,1,3,1,0,0,0,0,1,0,2,0,1,2,2,2,1,1,2,0,0,0,0,2,3,0,1,0,0,0,0,1,1,0,3,0,0,0,4,0,1,0,1,1,0,0,0,4,0,0,4,0,2,0,5,1,0,6,10,0,0,5,11,1,1,1,5,4,15,4,0,5,18,3,3,5,9,32,37,14,14,13,45,0,8,8,45,0,45,0,0,0,0,0,45,0,0,0,0,0,0,0,0,0,0,0,0,0,0,0,0,1369,0,0,0,0,0,0,0,0,0,0,0,0,1997,1
pgsql,0687603ac3b3cf9b73bf786c4926d841815430c3,0,2833660.0,90816512.0,6,5,5,21,13,5,14,16,91,125,49,22,5,69,5,7,0,0,0,6,0,0,0,0,0,6,4,4,2,1,1,0,5,2,2,4,0,0,0,0,6,27,0,22,0,0,0,0,2,3,1,6,0,0,0,6,2,1,2,1,3,2,1,1,6,0,1,6,0,1,0,6,0,0,7,12,0,0,6,12,0,0,0,6,0,12,0,0,6,12,0,0,6,1,12,18,0,0,2,18,0,0,0,18,0,18,0,0,0,0,0,18,0,0,0,0,0,0,0,0,0,0,0,0,0,0,0,0,1285,0,0,0,0,0,0,0,0,0,0,0,0,1991,6
cst,0687603ac3b3cf9b73bf786c4926d841815430c3,0,1383093.8333333333,126945962.66666667,6,5,5,21,13,5,14,16,91,125,49,22,5,69,5,7,0,0,0,6,0,0,0,0,0,6,4,4,2,1,1,0,5,2,2,4,0,0,0,0,6,27,0,22,0,0,0,0,2,3,1,6,0,0,0,6,2,1,2,1,3,2,1,1,6,0,1,6,0,1,0,6,0,0,7,12,0,0,6,12,0,0,0,6,0,12,0,0,6,12,0,0,6,1,12,18,0,0,2,18,0,0,0,18,0,18,0,0,0,0,0,18,0,0,0,0,0,0,0,0,0,0,0,0,0,0,0,0,1285,0,0,0,0,0,0,0,0,0,0,0,0,1991,6
formatter,0687603ac3b3cf9b73bf786c4926d841815430c3,0,1391541.5,88550058.66666667,6,5,5,21,13,5,14,16,91,125,49,22,5,69,5,7,0,0,0,6,0,0,0,0,0,6,4,4,2,1,1,0,5,2,2,4,0,0,0,0,6,27,0,22,0,0,0,0,2,3,1,6,0,0,0,6,2,1,2,1,3,2,1,1,6,0,1,6,0,1,0,6,0,0,7,12,0,0,6,12,0,0,0,6,0,12,0,0,6,12,0,0,6,1,12,18,0,0,2,18,0,0,0,18,0,18,0,0,0,0,0,18,0,0,0,0,0,0,0,0,0,0,0,0,0,0,0,0,1285,0,0,0,0,0,0,0,0,0,0,0,0,1991,6
pgsql,5034387576e284365f9edeac5aeff4f25275f9b2,0,1992951.6666666667,91007658.66666667,3,1,1,11,5,3,11,8,44,84,26,15,4,22,2,6,0,0,0,5,3,0,0,0,0,3,0,3,3,1,0,3,3,3,3,2,0,0,0,0,4,6,0,3,0,0,0,0,2,6,2,5,0,0,0,6,1,3,1,1,4,1,0,0,6,0,0,6,0,2,0,6,0,0,6,12,0,0,6,12,0,0,0,6,1,13,1,0,6,14,1,1,6,3,14,20,0,0,2,20,0,0,0,20,0,20,0,0,0,0,0,20,0,0,0,0,0,0,0,0,0,0,0,0,0,0,0,0,1442,0,0,0,0,0,0,0,0,0,0,0,0,1934,3
cst,5034387576e284365f9edeac5aeff4f25275f9b2,0,991611.1666666666,117407744.0,3,1,1,11,5,3,11,8,44,84,26,15,4,22,2,6,0,0,0,5,3,0,0,0,0,3,0,3,3,1,0,3,3,3,3,2,0,0,0,0,4,6,0,3,0,0,0,0,2,6,2,5,0,0,0,6,1,3,1,1,4,1,0,0,6,0,0,6,0,2,0,6,0,0,6,12,0,0,6,12,0,0,0,6,1,13,1,0,6,14,1,1,6,3,14,20,0,0,2,20,0,0,0,20,0,20,0,0,0,0,0,20,0,0,0,0,0,0,0,0,0,0,0,0,0,0,0,0,1442,0,0,0,0,0,0,0,0,0,0,0,0,1934,3
formatter,5034387576e284365f9edeac5aeff4f25275f9b2,0,860715.3333333334,81548629.33333333,3,1,1,11,5,3,11,8,44,84,26,15,4,22,2,6,0,0,0,5,3,0,0,0,0,3,0,3,3,1,0,3,3,3,3,2,0,0,0,0,4,6,0,3,0,0,0,0,2,6,2,5,0,0,0,6,1,3,1,1,4,1,0,0,6,0,0,6,0,2,0,6,0,0,6,12,0,0,6,12,0,0,0,6,1,13,1,0,6,14,1,1,6,3,14,20,0,0,2,20,0,0,0,20,0,20,0,0,0,0,0,20,0,0,0,0,0,0,0,0,0,0,0,0,0,0,0,0,1442,0,0,0,0,0,0,0,0,0,0,0,0,1934,3
pgsql,afcde9a64416d2f4b3ceab86a6bd65396ea2f592,0,1987087.0,90843818.66666667,2,0,1,16,8,1,1,15,56,77,38,17,1,44,1,5,0,0,1,4,2,0,0,0,0,2,2,3,1,1,5,3,2,2,2,2,0,0,0,0,3,13,0,11,0,1,0,0,1,2,1,3,0,0,0,3,0,2,0,0,2,0,0,0,3,0,0,3,0,2,0,3,0,0,4,6,0,0,3,6,0,0,0,3,1,7,1,0,3,8,1,1,3,2,10,13,2,2,4,16,0,3,3,16,0,16,0,0,0,0,0,16,0,0,0,0,0,0,0,0,0,0,0,0,0,0,0,0,1489,0,0,0,0,0,0,0,0,0,0,0,0,1951,3
cst,afcde9a64416d2f4b3ceab86a6bd65396ea2f592,0,960354.0625,117778432.0,2,0,1,16,8,1,1,15,56,77,38,17,1,44,1,5,0,0,1,4,2,0,0,0,0,2,2,3,1,1,5,3,2,2,2,2,0,0,0,0,3,13,0,11,0,1,0,0,1,2,1,3,0,0,0,3,0,2,0,0,2,0,0,0,3,0,0,3,0,2,0,3,0,0,4,6,0,0,3,6,0,0,0,3,1,7,1,0,3,8,1,1,3,2,10,13,2,2,4,16,0,3,3,16,0,16,0,0,0,0,0,16,0,0,0,0,0,0,0,0,0,0,0,0,0,0,0,0,1489,0,0,0,0,0,0,0,0,0,0,0,0,1951,3
formatter,afcde9a64416d2f4b3ceab86a6bd65396ea2f592,0,978114.75,82386944.0,2,0,1,16,8,1,1,15,56,77,38,17,1,44,1,5,0,0,1,4,2,0,0,0,0,2,2,3,1,1,5,3,2,2,2,2,0,0,0,0,3,13,0,11,0,1,0,0,1,2,1,3,0,0,0,3,0,2,0,0,2,0,0,0,3,0,0,3,0,2,0,3,0,0,4,6,0,0,3,6,0,0,0,3,1,7,1,0,3,8,1,1,3,2,10,13,2,2,4,16,0,3,3,16,0,16,0,0,0,0,0,16,0,0,0,0,0,0,0,0,0,0,0,0,0,0,0,0,1489,0,0,0,0,0,0,0,0,0,0,0,0,1951,3
pgsql,cf31ceca853eddbf1863c5dff15cafc2d73442d5,0,nan,nan,8,1,1,49,22,11,46,40,0,335,174,69,14,100,7,28,0,0,0,8,0,0,1,0,0,0,5,18,7,0,0,0,6,4,4,4,0,0,5,1,14,11,0,5,0,4,0,0,1,1,0,18,0,48,3,24,1,0,1,0,1,1,0,0,32,0,0,24,15,13,6,30,9,6,19,39,2,8,2,42,5,5,5,2,10,52,10,0,3,67,15,15,3,30,79,116,12,12,37,90,59,8,8,90,41,54,26,20,20,20,4,4,3,13,5,4,33,0,2,0,1,2,1,21,4,1,1,10,9,10,8,17,6,23,1,18,0,24,4,0,0,1880,8
cst,cf31ceca853eddbf1863c5dff15cafc2d73442d5,0,nan,nan,8,1,1,49,22,11,46,40,0,335,174,69,14,100,7,28,0,0,0,8,0,0,1,0,0,0,5,18,7,0,0,0,6,4,4,4,0,0,5,1,14,11,0,5,0,4,0,0,1,1,0,18,0,48,3,24,1,0,1,0,1,1,0,0,32,0,0,24,15,13,6,30,9,6,19,39,2,8,2,42,5,5,5,2,10,52,10,0,3,67,15,15,3,30,79,116,12,12,37,90,59,8,8,90,41,54,26,20,20,20,4,4,3,13,5,4,33,0,2,0,1,2,1,21,4,1,1,10,9,10,8,17,6,23,1,18,0,24,4,0,0,1880,8
formatter,cf31ceca853eddbf1863c5dff15cafc2d73442d5,0,3341108.3,113036492.8,8,1,1,49,22,11,46,40,0,335,174,69,14,100,7,28,0,0,0,8,0,0,1,0,0,0,5,18,7,0,0,0,6,4,4,4,0,0,5,1,14,11,0,5,0,4,0,0,1,1,0,18,0,48,3,24,1,0,1,0,1,1,0,0,32,0,0,24,15,13,6,30,9,6,19,39,2,8,2,42,5,5,5,2,10,52,10,0,3,67,15,15,3,30,79,116,12,12,37,90,59,8,8,90,41,54,26,20,20,20,4,4,3,13,5,4,33,0,2,0,1,2,1,21,4,1,1,10,9,10,8,17,6,23,1,18,0,24,4,0,0,1880,8
pgsql,a3e3b0089b5a171f37de6b91c440e0c5db2fbddd,0,nan,nan,7,0,1,43,25,12,55,32,0,340,155,70,17,121,6,21,0,0,1,9,3,0,0,0,0,0,3,10,2,1,6,4,8,4,4,5,0,0,8,0,19,11,0,3,0,7,0,0,0,0,0,26,0,80,7,34,0,0,1,0,0,0,0,0,46,1,0,34,21,14,11,39,9,11,16,47,1,8,2,47,5,5,5,2,8,55,8,0,3,65,10,10,3,20,72,107,7,7,22,83,49,8,8,83,40,58,15,21,21,21,2,5,2,5,8,5,16,1,2,1,0,3,1,22,1,1,1,13,18,6,0,10,2,29,4,8,1,12,1,1,0,1936,11
cst,a3e3b0089b5a171f37de6b91c440e0c5db2fbddd,0,nan,nan,7,0,1,43,25,12,55,32,0,340,155,70,17,121,6,21,0,0,1,9,3,0,0,0,0,0,3,10,2,1,6,4,8,4,4,5,0,0,8,0,19,11,0,3,0,7,0,0,0,0,0,26,0,80,7,34,0,0,1,0,0,0,0,0,46,1,0,34,21,14,11,39,9,11,16,47,1,8,2,47,5,5,5,2,8,55,8,0,3,65,10,10,3,20,72,107,7,7,22,83,49,8,8,83,40,58,15,21,21,21,2,5,2,5,8,5,16,1,2,1,0,3,1,22,1,1,1,13,18,6,0,10,2,29,4,8,1,12,1,1,0,1936,11
formatter,a3e3b0089b5a171f37de6b91c440e0c5db2fbddd,0,3303951.3333333335,103639722.66666667,7,0,1,43,25,12,55,32,0,340,155,70,17,121,6,21,0,0,1,9,3,0,0,0,0,0,3,10,2,1,6,4,8,4,4,5,0,0,8,0,19,11,0,3,0,7,0,0,0,0,0,26,0,80,7,34,0,0,1,0,0,0,0,0,46,1,0,34,21,14,11,39,9,11,16,47,1,8,2,47,5,5,5,2,8,55,8,0,3,65,10,10,3,20,72,107,7,7,22,83,49,8,8,83,40,58,15,21,21,21,2,5,2,5,8,5,16,1,2,1,0,3,1,22,1,1,1,13,18,6,0,10,2,29,4,8,1,12,1,1,0,1936,11
pgsql,c7f8c4f091ef0b4258554be7d739459156116054,0,nan,nan,15,2,4,72,32,11,66,65,0,310,147,73,15,148,14,16,0,0,2,18,4,0,0,0,1,0,4,3,2,2,19,6,12,8,8,10,0,0,2,1,12,18,0,6,0,5,0,0,0,0,0,16,1,139,2,20,0,0,1,0,0,0,0,0,25,0,0,20,11,11,6,26,8,6,11,29,3,3,2,32,5,5,5,3,4,36,4,1,3,48,12,12,3,19,55,87,7,7,29,65,44,7,7,65,27,33,21,23,14,14,4,1,0,2,2,6,24,1,4,0,0,2,0,14,3,3,2,27,0,0,0,4,2,5,14,10,0,4,2,0,0,1779,17
cst,c7f8c4f091ef0b4258554be7d739459156116054,0,nan,nan,15,2,4,72,32,11,66,65,0,310,147,73,15,148,14,16,0,0,2,18,4,0,0,0,1,0,4,3,2,2,19,6,12,8,8,10,0,0,2,1,12,18,0,6,0,5,0,0,0,0,0,16,1,139,2,20,0,0,1,0,0,0,0,0,25,0,0,20,11,11,6,26,8,6,11,29,3,3,2,32,5,5,5,3,4,36,4,1,3,48,12,12,3,19,55,87,7,7,29,65,44,7,7,65,27,33,21,23,14,14,4,1,0,2,2,6,24,1,4,0,0,2,0,14,3,3,2,27,0,0,0,4,2,5,14,10,0,4,2,0,0,1779,17
formatter,c7f8c4f091ef0b4258554be7d739459156116054,0,3395673.6666666665,109073749.33333333,15,2,4,72,32,11,66,65,0,310,147,73,15,148,14,16,0,0,2,18,4,0,0,0,1,0,4,3,2,2,19,6,12,8,8,10,0,0,2,1,12,18,0,6,0,5,0,0,0,0,0,16,1,139,2,20,0,0,1,0,0,0,0,0,25,0,0,20,11,11,6,26,8,6,11,29,3,3,2,32,5,5,5,3,4,36,4,1,3,48,12,12,3,19,55,87,7,7,29,65,44,7,7,65,27,33,21,23,14,14,4,1,0,2,2,6,24,1,4,0,0,2,0,14,3,3,2,27,0,0,0,4,2,5,14,10,0,4,2,0,0,1779,17
pgsql,dcbe55e1e64da685245416e7d39104aef705e438,0,nan,nan,12,2,5,41,0,0,0,41,91,312,152,76,15,149,11,29,0,0,3,16,6,0,2,0,1,0,3,14,7,3,17,9,8,11,11,5,0,0,6,3,16,11,0,3,0,4,0,0,0,0,0,21,0,98,3,28,0,0,1,0,0,0,0,0,40,0,0,28,24,10,9,34,10,9,11,36,2,4,1,37,3,3,3,1,6,43,6,0,2,49,6,6,2,20,55,81,6,6,18,63,46,6,6,63,36,48,8,19,19,19,1,7,3,9,8,3,12,1,3,0,1,2,0,19,0,1,0,15,18,7,5,32,5,25,10,8,0,11,4,0,0,1990,15
cst,dcbe55e1e64da685245416e7d39104aef705e438,0,nan,nan,12,2,5,41,0,0,0,41,91,312,152,76,15,149,11,29,0,0,3,16,6,0,2,0,1,0,3,14,7,3,17,9,8,11,11,5,0,0,6,3,16,11,0,3,0,4,0,0,0,0,0,21,0,98,3,28,0,0,1,0,0,0,0,0,40,0,0,28,24,10,9,34,10,9,11,36,2,4,1,37,3,3,3,1,6,43,6,0,2,49,6,6,2,20,55,81,6,6,18,63,46,6,6,63,36,48,8,19,19,19,1,7,3,9,8,3,12,1,3,0,1,2,0,19,0,1,0,15,18,7,5,32,5,25,10,8,0,11,4,0,0,1990,15
formatter,dcbe55e1e64da685245416e7d39104aef705e438,0,3420083.3333333335,113404586.66666667,12,2,5,41,0,0,0,41,91,312,152,76,15,149,11,29,0,0,3,16,6,0,2,0,1,0,3,14,7,3,17,9,8,11,11,5,0,0,6,3,16,11,0,3,0,4,0,0,0,0,0,21,0,98,3,28,0,0,1,0,0,0,0,0,40,0,0,28,24,10,9,34,10,9,11,36,2,4,1,37,3,3,3,1,6,43,6,0,2,49,6,6,2,20,55,81,6,6,18,63,46,6,6,63,36,48,8,19,19,19,1,7,3,9,8,3,12,1,3,0,1,2,0,19,0,1,0,15,18,7,5,32,5,25,10,8,0,11,4,0,0,1990,15
pgsql,e0fbc3cf927a281d0ff3c930e26c40107b1057d1,0,nan,nan,9,2,2,51,0,0,0,51,102,326,159,72,17,113,8,18,0,0,0,9,0,0,0,0,1,0,4,10,4,0,0,0,6,4,4,5,0,0,11,1,15,10,0,4,0,3,0,0,1,1,0,19,0,87,5,25,0,1,2,0,1,0,0,0,31,2,0,25,17,11,9,31,8,9,15,36,0,8,3,40,6,6,7,3,11,51,11,0,3,58,7,7,4,19,64,86,6,6,24,84,34,16,16,84,34,47,24,24,22,22,1,5,4,9,1,4,30,2,6,0,0,2,1,23,1,1,1,13,19,19,14,20,3,2,7,15,0,13,4,1,0,2021,8
cst,e0fbc3cf927a281d0ff3c930e26c40107b1057d1,0,nan,nan,9,2,2,51,0,0,0,51,102,326,159,72,17,113,8,18,0,0,0,9,0,0,0,0,1,0,4,10,4,0,0,0,6,4,4,5,0,0,11,1,15,10,0,4,0,3,0,0,1,1,0,19,0,87,5,25,0,1,2,0,1,0,0,0,31,2,0,25,17,11,9,31,8,9,15,36,0,8,3,40,6,6,7,3,11,51,11,0,3,58,7,7,4,19,64,86,6,6,24,84,34,16,16,84,34,47,24,24,22,22,1,5,4,9,1,4,30,2,6,0,0,2,1,23,1,1,1,13,19,19,14,20,3,2,7,15,0,13,4,1,0,2021,8
formatter,e0fbc3cf927a281d0ff3c930e26c40107b1057d1,0,nan,nan,9,2,2,51,0,0,0,51,102,326,159,72,17,113,8,18,0,0,0,9,0,0,0,0,1,0,4,10,4,0,0,0,6,4,4,5,0,0,11,1,15,10,0,4,0,3,0,0,1,1,0,19,0,87,5,25,0,1,2,0,1,0,0,0,31,2,0,25,17,11,9,31,8,9,15,36,0,8,3,40,6,6,7,3,11,51,11,0,3,58,7,7,4,19,64,86,6,6,24,84,34,16,16,84,34,47,24,24,22,22,1,5,4,9,1,4,30,2,6,0,0,2,1,23,1,1,1,13,19,19,14,20,3,2,7,15,0,13,4,1,0,2021,8
pgsql,238a6bd6399761388996316ec858630e3c2fffbd,0,nan,nan,18,5,8,66,0,0,0,67,121,343,155,77,16,158,17,27,0,0,3,21,8,0,2,0,0,0,11,10,6,3,20,11,15,13,13,8,0,0,5,2,12,19,0,4,0,3,0,0,0,0,0,17,0,79,2,20,0,0,3,0,0,0,0,0,29,1,0,20,17,14,5,21,5,5,10,24,0,2,2,28,4,4,4,2,6,34,6,0,2,43,9,9,3,20,47,60,4,4,22,56,32,6,6,56,23,32,13,19,9,9,2,6,3,6,1,3,15,3,3,1,0,1,1,10,2,0,0,11,8,3,11,8,3,1,6,8,1,10,1,1,0,1987,22
cst,238a6bd6399761388996316ec858630e3c2fffbd,0,2418003.5833333335,129843200.0,18,5,8,66,0,0,0,67,121,343,155,77,16,158,17,27,0,0,3,21,8,0,2,0,0,0,11,10,6,3,20,11,15,13,13,8,0,0,5,2,12,19,0,4,0,3,0,0,0,0,0,17,0,79,2,20,0,0,3,0,0,0,0,0,29,1,0,20,17,14,5,21,5,5,10,24,0,2,2,28,4,4,4,2,6,34,6,0,2,43,9,9,3,20,47,60,4,4,22,56,32,6,6,56,23,32,13,19,9,9,2,6,3,6,1,3,15,3,3,1,0,1,1,10,2,0,0,11,8,3,11,8,3,1,6,8,1,10,1,1,0,1987,22
formatter,238a6bd6399761388996316ec858630e3c2fffbd,0,3503833.5,113917952.0,18,5,8,66,0,0,0,67,121,343,155,77,16,158,17,27,0,0,3,21,8,0,2,0,0,0,11,10,6,3,20,11,15,13,13,8,0,0,5,2,12,19,0,4,0,3,0,0,0,0,0,17,0,79,2,20,0,0,3,0,0,0,0,0,29,1,0,20,17,14,5,21,5,5,10,24,0,2,2,28,4,4,4,2,6,34,6,0,2,43,9,9,3,20,47,60,4,4,22,56,32,6,6,56,23,32,13,19,9,9,2,6,3,6,1,3,15,3,3,1,0,1,1,10,2,0,0,11,8,3,11,8,3,1,6,8,1,10,1,1,0,1987,22
pgsql,7cd542eb4a8ee05f1e0b0e3d0a89bbecd54b63f3,0,nan,nan,12,1,5,59,0,0,0,59,470,289,136,68,12,183,11,19,0,0,4,19,8,0,1,0,2,0,5,11,6,4,27,12,13,12,12,7,0,0,12,3,11,19,1,6,1,5,0,0,1,1,0,12,0,25,7,12,0,1,3,1,1,0,0,0,16,1,0,12,5,5,5,16,6,5,8,19,1,4,0,20,3,3,3,0,6,26,6,0,0,33,7,7,0,14,37,54,4,4,14,40,22,3,3,40,16,18,8,19,9,9,0,3,0,1,1,1,10,3,5,0,0,2,0,9,0,0,0,1,10,3,0,0,0,1,0,5,0,9,0,0,0,1925,18
cst,7cd542eb4a8ee05f1e0b0e3d0a89bbecd54b63f3,0,nan,nan,12,1,5,59,0,0,0,59,470,289,136,68,12,183,11,19,0,0,4,19,8,0,1,0,2,0,5,11,6,4,27,12,13,12,12,7,0,0,12,3,11,19,1,6,1,5,0,0,1,1,0,12,0,25,7,12,0,1,3,1,1,0,0,0,16,1,0,12,5,5,5,16,6,5,8,19,1,4,0,20,3,3,3,0,6,26,6,0,0,33,7,7,0,14,37,54,4,4,14,40,22,3,3,40,16,18,8,19,9,9,0,3,0,1,1,1,10,3,5,0,0,2,0,9,0,0,0,1,10,3,0,0,0,1,0,5,0,9,0,0,0,1925,18
formatter,7cd542eb4a8ee05f1e0b0e3d0a89bbecd54b63f3,0,3048361.3333333335,94633984.0,12,1,5,59,0,0,0,59,470,289,136,68,12,183,11,19,0,0,4,19,8,0,1,0,2,0,5,11,6,4,27,12,13,12,12,7,0,0,12,3,11,19,1,6,1,5,0,0,1,1,0,12,0,25,7,12,0,1,3,1,1,0,0,0,16,1,0,12,5,5,5,16,6,5,8,19,1,4,0,20,3,3,3,0,6,26,6,0,0,33,7,7,0,14,37,54,4,4,14,40,22,3,3,40,16,18,8,19,9,9,0,3,0,1,1,1,10,3,5,0,0,2,0,9,0,0,0,1,10,3,0,0,0,1,0,5,0,9,0,0,0,1925,18
pgsql,d7d538e76f8b4acb548733cf902e7965020bab41,0,nan,nan,16,3,9,65,0,0,0,65,484,285,138,67,17,199,15,21,0,0,6,23,8,0,2,0,1,0,6,10,5,6,38,14,17,11,11,12,0,0,3,3,9,26,0,9,0,1,0,0,1,1,0,12,0,9,1,16,1,0,1,1,0,0,0,0,21,0,0,16,12,9,4,18,4,4,4,19,1,2,0,20,2,2,2,0,8,28,8,0,0,30,2,2,0,13,33,41,3,3,14,34,14,1,1,34,15,20,4,18,4,4,0,3,0,1,1,0,6,1,4,0,1,1,1,5,0,0,0,0,7,0,3,0,0,5,0,4,0,1,1,0,0,1965,21
cst,d7d538e76f8b4acb548733cf902e7965020bab41,0,nan,nan,16,3,9,65,0,0,0,65,484,285,138,67,17,199,15,21,0,0,6,23,8,0,2,0,1,0,6,10,5,6,38,14,17,11,11,12,0,0,3,3,9,26,0,9,0,1,0,0,1,1,0,12,0,9,1,16,1,0,1,1,0,0,0,0,21,0,0,16,12,9,4,18,4,4,4,19,1,2,0,20,2,2,2,0,8,28,8,0,0,30,2,2,0,13,33,41,3,3,14,34,14,1,1,34,15,20,4,18,4,4,0,3,0,1,1,0,6,1,4,0,1,1,1,5,0,0,0,0,7,0,3,0,0,5,0,4,0,1,1,0,0,1965,21
formatter,d7d538e76f8b4acb548733cf902e7965020bab41,0,3117555.8333333335,94579370.66666667,16,3,9,65,0,0,0,65,484,285,138,67,17,199,15,21,0,0,6,23,8,0,2,0,1,0,6,10,5,6,38,14,17,11,11,12,0,0,3,3,9,26,0,9,0,1,0,0,1,1,0,12,0,9,1,16,1,0,1,1,0,0,0,0,21,0,0,16,12,9,4,18,4,4,4,19,1,2,0,20,2,2,2,0,8,28,8,0,0,30,2,2,0,13,33,41,3,3,14,34,14,1,1,34,15,20,4,18,4,4,0,3,0,1,1,0,6,1,4,0,1,1,1,5,0,0,0,0,7,0,3,0,0,5,0,4,0,1,1,0,0,1965,21
pgsql,872f6ecc40acd5621969bd4e35c6072565d2666b,0,nan,nan,10,2,4,48,0,0,0,50,427,287,141,65,13,140,9,19,0,0,2,13,3,0,3,0,0,0,4,12,5,4,16,5,7,8,8,5,0,0,3,3,18,13,1,6,1,2,0,0,1,4,2,23,0,32,3,26,0,3,3,1,3,0,2,2,31,0,2,26,13,13,9,29,8,9,11,31,4,2,1,32,4,4,4,1,5,37,5,0,1,40,3,3,1,15,48,76,8,8,18,51,41,2,2,51,31,33,7,22,12,12,1,3,0,4,3,2,9,3,6,1,0,0,0,12,1,0,0,6,2,11,0,0,0,12,3,5,1,3,1,0,0,1919,13
cst,872f6ecc40acd5621969bd4e35c6072565d2666b,0,nan,nan,10,2,4,48,0,0,0,50,427,287,141,65,13,140,9,19,0,0,2,13,3,0,3,0,0,0,4,12,5,4,16,5,7,8,8,5,0,0,3,3,18,13,1,6,1,2,0,0,1,4,2,23,0,32,3,26,0,3,3,1,3,0,2,2,31,0,2,26,13,13,9,29,8,9,11,31,4,2,1,32,4,4,4,1,5,37,5,0,1,40,3,3,1,15,48,76,8,8,18,51,41,2,2,51,31,33,7,22,12,12,1,3,0,4,3,2,9,3,6,1,0,0,0,12,1,0,0,6,2,11,0,0,0,12,3,5,1,3,1,0,0,1919,13
formatter,872f6ecc40acd5621969bd4e35c6072565d2666b,0,2985093.75,95526912.0,10,2,4,48,0,0,0,50,427,287,141,65,13,140,9,19,0,0,2,13,3,0,3,0,0,0,4,12,5,4,16,5,7,8,8,5,0,0,3,3,18,13,1,6,1,2,0,0,1,4,2,23,0,32,3,26,0,3,3,1,3,0,2,2,31,0,2,26,13,13,9,29,8,9,11,31,4,2,1,32,4,4,4,1,5,37,5,0,1,40,3,3,1,15,48,76,8,8,18,51,41,2,2,51,31,33,7,22,12,12,1,3,0,4,3,2,9,3,6,1,0,0,0,12,1,0,0,6,2,11,0,0,0,12,3,5,1,3,1,0,0,1919,13
pgsql,ccd02a37d4eac68996d0ae3d74dd388daddd1bd6,0,nan,nan,14,5,6,19,0,0,0,19,592,249,105,51,12,113,13,21,0,0,1,15,3,0,2,0,1,0,3,8,6,1,6,4,7,11,11,4,0,0,2,3,13,14,0,7,1,1,0,0,0,0,0,17,0,66,1,21,0,0,3,0,0,0,0,0,29,0,0,21,14,5,7,24,7,7,9,29,1,2,3,30,4,4,4,4,3,33,3,0,4,40,7,7,4,14,42,58,2,2,23,51,22,5,5,51,16,33,5,23,6,6,2,6,0,2,3,2,8,3,4,1,0,3,0,6,2,2,2,14,18,0,3,0,1,14,7,7,1,2,1,1,0,1902,14
cst,ccd02a37d4eac68996d0ae3d74dd388daddd1bd6,0,nan,nan,14,5,6,19,0,0,0,19,592,249,105,51,12,113,13,21,0,0,1,15,3,0,2,0,1,0,3,8,6,1,6,4,7,11,11,4,0,0,2,3,13,14,0,7,1,1,0,0,0,0,0,17,0,66,1,21,0,0,3,0,0,0,0,0,29,0,0,21,14,5,7,24,7,7,9,29,1,2,3,30,4,4,4,4,3,33,3,0,4,40,7,7,4,14,42,58,2,2,23,51,22,5,5,51,16,33,5,23,6,6,2,6,0,2,3,2,8,3,4,1,0,3,0,6,2,2,2,14,18,0,3,0,1,14,7,7,1,2,1,1,0,1902,14
formatter,ccd02a37d4eac68996d0ae3d74dd388daddd1bd6,0,2460265.375,94511104.0,14,5,6,19,0,0,0,19,592,249,105,51,12,113,13,21,0,0,1,15,3,0,2,0,1,0,3,8,6,1,6,4,7,11,11,4,0,0,2,3,13,14,0,7,1,1,0,0,0,0,0,17,0,66,1,21,0,0,3,0,0,0,0,0,29,0,0,21,14,5,7,24,7,7,9,29,1,2,3,30,4,4,4,4,3,33,3,0,4,40,7,7,4,14,42,58,2,2,23,51,22,5,5,51,16,33,5,23,6,6,2,6,0,2,3,2,8,3,4,1,0,3,0,6,2,2,2,14,18,0,3,0,1,14,7,7,1,2,1,1,0,1902,14
pgsql,3407bb5a53913c77605f0a49d2242831afd3a48d,0,nan,nan,9,0,4,34,0,0,0,36,1134,155,58,34,7,124,8,8,0,0,4,15,7,0,2,0,0,0,3,2,1,4,23,11,13,6,6,9,0,0,2,2,4,26,1,13,0,1,0,0,0,0,0,7,0,48,1,8,0,0,0,0,0,0,0,0,8,0,0,8,3,3,3,8,2,3,4,10,0,1,1,10,1,1,1,1,0,10,0,0,1,10,0,0,2,1,10,13,0,0,5,13,4,1,1,13,8,8,1,5,4,4,2,0,0,0,0,2,2,0,3,0,0,0,0,4,1,1,0,9,0,0,0,0,0,0,4,2,0,0,0,0,0,1985,12
cst,3407bb5a53913c77605f0a49d2242831afd3a48d,0,1448828.1875,140083200.0,9,0,4,34,0,0,0,36,1134,155,58,34,7,124,8,8,0,0,4,15,7,0,2,0,0,0,3,2,1,4,23,11,13,6,6,9,0,0,2,2,4,26,1,13,0,1,0,0,0,0,0,7,0,48,1,8,0,0,0,0,0,0,0,0,8,0,0,8,3,3,3,8,2,3,4,10,0,1,1,10,1,1,1,1,0,10,0,0,1,10,0,0,2,1,10,13,0,0,5,13,4,1,1,13,8,8,1,5,4,4,2,0,0,0,0,2,2,0,3,0,0,0,0,4,1,1,0,9,0,0,0,0,0,0,4,2,0,0,0,0,0,1985,12
formatter,3407bb5a53913c77605f0a49d2242831afd3a48d,0,2050382.9375,94044160.0,9,0,4,34,0,0,0,36,1134,155,58,34,7,124,8,8,0,0,4,15,7,0,2,0,0,0,3,2,1,4,23,11,13,6,6,9,0,0,2,2,4,26,1,13,0,1,0,0,0,0,0,7,0,48,1,8,0,0,0,0,0,0,0,0,8,0,0,8,3,3,3,8,2,3,4,10,0,1,1,10,1,1,1,1,0,10,0,0,1,10,0,0,2,1,10,13,0,0,5,13,4,1,1,13,8,8,1,5,4,4,2,0,0,0,0,2,2,0,3,0,0,0,0,4,1,1,0,9,0,0,0,0,0,0,4,2,0,0,0,0,0,1985,12
pgsql,f53ce9a5b9ed542873577e41466af3a2b57f02c2,0,nan,nan,5,1,1,19,0,0,0,24,655,212,99,49,11,83,4,18,0,0,0,5,1,0,0,0,0,0,1,10,3,0,0,1,5,2,2,3,0,0,6,0,13,8,1,3,0,5,0,0,0,0,0,16,0,97,3,20,0,0,3,0,0,0,0,0,28,2,0,20,15,11,5,24,8,5,11,29,0,4,2,32,3,3,3,2,5,37,5,1,3,44,7,7,3,15,51,82,7,7,16,57,42,3,3,57,21,36,6,20,21,21,2,3,1,6,2,4,7,3,3,0,3,6,0,21,2,1,0,18,10,8,10,0,1,7,11,2,0,11,1,0,0,1992,8
cst,f53ce9a5b9ed542873577e41466af3a2b57f02c2,0,2146070.4375,133902336.0,5,1,1,19,0,0,0,24,655,212,99,49,11,83,4,18,0,0,0,5,1,0,0,0,0,0,1,10,3,0,0,1,5,2,2,3,0,0,6,0,13,8,1,3,0,5,0,0,0,0,0,16,0,97,3,20,0,0,3,0,0,0,0,0,28,2,0,20,15,11,5,24,8,5,11,29,0,4,2,32,3,3,3,2,5,37,5,1,3,44,7,7,3,15,51,82,7,7,16,57,42,3,3,57,21,36,6,20,21,21,2,3,1,6,2,4,7,3,3,0,3,6,0,21,2,1,0,18,10,8,10,0,1,7,11,2,0,11,1,0,0,1992,8
formatter,f53ce9a5b9ed542873577e41466af3a2b57f02c2,0,2456768.1875,94029824.0,5,1,1,19,0,0,0,24,655,212,99,49,11,83,4,18,0,0,0,5,1,0,0,0,0,0,1,10,3,0,0,1,5,2,2,3,0,0,6,0,13,8,1,3,0,5,0,0,0,0,0,16,0,97,3,20,0,0,3,0,0,0,0,0,28,2,0,20,15,11,5,24,8,5,11,29,0,4,2,32,3,3,3,2,5,37,5,1,3,44,7,7,3,15,51,82,7,7,16,57,42,3,3,57,21,36,6,20,21,21,2,3,1,6,2,4,7,3,3,0,3,6,0,21,2,1,0,18,10,8,10,0,1,7,11,2,0,11,1,0,0,1992,8
pgsql,2e3fc2f33645c6ac0baf38fc36277a5bbf0cd089,0,825974.0,80498688.0,1,0,1,15,0,0,0,15,1716,48,20,12,3,35,0,7,0,0,1,3,1,0,0,0,0,0,0,4,1,1,9,2,2,2,2,1,0,0,0,0,1,5,0,3,0,0,0,0,1,3,1,2,0,0,0,3,0,2,0,0,2,0,1,1,6,0,1,3,5,3,0,4,1,0,3,5,0,0,1,5,0,0,0,1,1,6,1,0,1,6,0,0,1,1,6,7,0,0,2,7,1,0,0,7,1,5,0,2,0,0,0,0,0,1,1,0,0,0,2,0,0,0,0,0,0,0,0,0,0,4,0,0,0,5,0,0,0,0,0,0,0,1984,2
cst,2e3fc2f33645c6ac0baf38fc36277a5bbf0cd089,0,601968.75,114229248.0,1,0,1,15,0,0,0,15,1716,48,20,12,3,35,0,7,0,0,1,3,1,0,0,0,0,0,0,4,1,1,9,2,2,2,2,1,0,0,0,0,1,5,0,3,0,0,0,0,1,3,1,2,0,0,0,3,0,2,0,0,2,0,1,1,6,0,1,3,5,3,0,4,1,0,3,5,0,0,1,5,0,0,0,1,1,6,1,0,1,6,0,0,1,1,6,7,0,0,2,7,1,0,0,7,1,5,0,2,0,0,0,0,0,1,1,0,0,0,2,0,0,0,0,0,0,0,0,0,0,4,0,0,0,5,0,0,0,0,0,0,0,1984,2
formatter,2e3fc2f33645c6ac0baf38fc36277a5bbf0cd089,0,707708.3333333334,81029802.66666667,1,0,1,15,0,0,0,15,1716,48,20,12,3,35,0,7,0,0,1,3,1,0,0,0,0,0,0,4,1,1,9,2,2,2,2,1,0,0,0,0,1,5,0,3,0,0,0,0,1,3,1,2,0,0,0,3,0,2,0,0,2,0,1,1,6,0,1,3,5,3,0,4,1,0,3,5,0,0,1,5,0,0,0,1,1,6,1,0,1,6,0,0,1,1,6,7,0,0,2,7,1,0,0,7,1,5,0,2,0,0,0,0,0,1,1,0,0,0,2,0,0,0,0,0,0,0,0,0,0,4,0,0,0,5,0,0,0,0,0,0,0,1984,2
pgsql,560da9401cabbaf9ed128d03c6f05ed818deac1d,0,nan,nan,6,1,2,13,0,0,0,13,1517,86,50,31,4,44,5,6,0,0,1,7,2,0,0,0,0,0,2,4,1,1,5,3,7,4,4,3,0,0,0,0,4,11,1,4,0,0,0,0,0,0,0,5,0,6,0,7,0,0,0,0,0,0,0,0,8,0,0,7,3,6,3,7,2,3,2,8,0,1,0,8,1,1,1,0,1,9,1,0,0,10,1,1,0,2,10,14,0,0,5,11,6,1,1,11,3,8,2,4,3,3,0,0,1,2,2,2,3,0,0,0,0,0,0,3,0,0,0,2,0,0,0,10,2,2,0,2,0,1,0,0,0,1968,6
cst,560da9401cabbaf9ed128d03c6f05ed818deac1d,0,742999.9285714285,114446921.14285715,6,1,2,13,0,0,0,13,1517,86,50,31,4,44,5,6,0,0,1,7,2,0,0,0,0,0,2,4,1,1,5,3,7,4,4,3,0,0,0,0,4,11,1,4,0,0,0,0,0,0,0,5,0,6,0,7,0,0,0,0,0,0,0,0,8,0,0,7,3,6,3,7,2,3,2,8,0,1,0,8,1,1,1,0,1,9,1,0,0,10,1,1,0,2,10,14,0,0,5,11,6,1,1,11,3,8,2,4,3,3,0,0,1,2,2,2,3,0,0,0,0,0,0,3,0,0,0,2,0,0,0,10,2,2,0,2,0,1,0,0,0,1968,6
formatter,560da9401cabbaf9ed128d03c6f05ed818deac1d,0,1013489.625,82030592.0,6,1,2,13,0,0,0,13,1517,86,50,31,4,44,5,6,0,0,1,7,2,0,0,0,0,0,2,4,1,1,5,3,7,4,4,3,0,0,0,0,4,11,1,4,0,0,0,0,0,0,0,5,0,6,0,7,0,0,0,0,0,0,0,0,8,0,0,7,3,6,3,7,2,3,2,8,0,1,0,8,1,1,1,0,1,9,1,0,0,10,1,1,0,2,10,14,0,0,5,11,6,1,1,11,3,8,2,4,3,3,0,0,1,2,2,2,3,0,0,0,0,0,0,3,0,0,0,2,0,0,0,10,2,2,0,2,0,1,0,0,0,1968,6
pgsql,f950ff0fba01b9dc8152c1c6c3c2c52f8d20b602,0,861005.375,80084992.0,5,1,2,13,0,0,0,13,1678,58,29,12,3,51,4,5,0,0,1,6,3,0,0,0,0,0,1,2,2,1,10,4,3,5,5,1,0,0,0,0,2,9,0,6,0,0,0,0,0,0,0,2,0,6,0,3,0,0,0,0,0,0,0,0,4,0,0,3,2,1,0,3,0,0,0,3,0,0,0,3,0,0,0,0,0,3,0,0,0,4,1,1,0,1,4,5,0,0,2,4,1,0,0,4,3,2,0,2,1,1,0,0,1,1,0,1,0,0,1,0,0,1,0,1,0,0,0,1,0,0,1,0,0,0,0,0,0,0,0,0,0,1954,5
cst,f950ff0fba01b9dc8152c1c6c3c2c52f8d20b602,0,505833.4375,114085888.0,5,1,2,13,0,0,0,13,1678,58,29,12,3,51,4,5,0,0,1,6,3,0,0,0,0,0,1,2,2,1,10,4,3,5,5,1,0,0,0,0,2,9,0,6,0,0,0,0,0,0,0,2,0,6,0,3,0,0,0,0,0,0,0,0,4,0,0,3,2,1,0,3,0,0,0,3,0,0,0,3,0,0,0,0,0,3,0,0,0,4,1,1,0,1,4,5,0,0,2,4,1,0,0,4,3,2,0,2,1,1,0,0,1,1,0,1,0,0,1,0,0,1,0,1,0,0,0,1,0,0,1,0,0,0,0,0,0,0,0,0,0,1954,5
formatter,f950ff0fba01b9dc8152c1c6c3c2c52f8d20b602,0,797559.25,81308330.66666667,5,1,2,13,0,0,0,13,1678,58,29,12,3,51,4,5,0,0,1,6,3,0,0,0,0,0,1,2,2,1,10,4,3,5,5,1,0,0,0,0,2,9,0,6,0,0,0,0,0,0,0,2,0,6,0,3,0,0,0,0,0,0,0,0,4,0,0,3,2,1,0,3,0,0,0,3,0,0,0,3,0,0,0,0,0,3,0,0,0,4,1,1,0,1,4,5,0,0,2,4,1,0,0,4,3,2,0,2,1,1,0,0,1,1,0,1,0,0,1,0,0,1,0,1,0,0,0,1,0,0,1,0,0,0,0,0,0,0,0,0,0,1954,5
pgsql,f53211c9ead16fd02675f951fb13d7c9483a8125,0,nan,nan,15,2,2,37,37,37,57,2,17,318,154,71,10,140,14,19,0,0,0,15,1,0,1,0,1,0,1,9,4,0,0,1,12,7,7,8,0,0,4,2,23,21,0,9,0,6,0,0,0,0,0,27,0,71,2,32,0,0,0,0,0,0,0,0,41,0,0,32,21,14,17,35,11,17,16,38,2,5,2,39,6,6,6,3,11,50,11,0,3,60,10,10,3,23,68,103,8,8,29,77,44,6,6,77,35,38,19,33,16,16,1,3,0,5,5,4,22,0,8,1,2,4,1,17,0,1,0,14,5,5,0,2,2,26,8,9,1,5,2,0,0,1800,12
cst,f53211c9ead16fd02675f951fb13d7c9483a8125,0,nan,nan,15,2,2,37,37,37,57,2,17,318,154,71,10,140,14,19,0,0,0,15,1,0,1,0,1,0,1,9,4,0,0,1,12,7,7,8,0,0,4,2,23,21,0,9,0,6,0,0,0,0,0,27,0,71,2,32,0,0,0,0,0,0,0,0,41,0,0,32,21,14,17,35,11,17,16,38,2,5,2,39,6,6,6,3,11,50,11,0,3,60,10,10,3,23,68,103,8,8,29,77,44,6,6,77,35,38,19,33,16,16,1,3,0,5,5,4,22,0,8,1,2,4,1,17,0,1,0,14,5,5,0,2,2,26,8,9,1,5,2,0,0,1800,12
formatter,f53211c9ead16fd02675f951fb13d7c9483a8125,0,3615505.1875,111243264.0,15,2,2,37,37,37,57,2,17,318,154,71,10,140,14,19,0,0,0,15,1,0,1,0,1,0,1,9,4,0,0,1,12,7,7,8,0,0,4,2,23,21,0,9,0,6,0,0,0,0,0,27,0,71,2,32,0,0,0,0,0,0,0,0,41,0,0,32,21,14,17,35,11,17,16,38,2,5,2,39,6,6,6,3,11,50,11,0,3,60,10,10,3,23,68,103,8,8,29,77,44,6,6,77,35,38,19,33,16,16,1,3,0,5,5,4,22,0,8,1,2,4,1,17,0,1,0,14,5,5,0,2,2,26,8,9,1,5,2,0,0,1800,12
pgsql,94d2953d693df610b307dd6c19ea4440bdc5541c,0,nan,nan,15,3,10,77,77,77,105,3,3,318,143,70,14,187,14,31,0,0,7,22,8,0,0,0,0,0,3,19,8,7,25,15,18,12,12,10,0,0,1,0,14,31,2,13,1,3,0,0,0,0,0,19,0,18,1,24,0,0,0,0,0,0,0,0,32,0,0,24,20,5,4,26,5,4,6,29,2,1,3,30,2,2,3,3,5,35,5,0,6,44,9,9,9,22,47,73,3,3,19,59,36,3,3,59,25,36,11,22,7,7,1,8,0,3,6,2,15,0,7,1,0,1,0,7,0,1,0,4,26,9,9,5,1,14,0,9,1,4,2,0,0,1865,23
cst,94d2953d693df610b307dd6c19ea4440bdc5541c,0,2406943.4285714286,131249883.42857143,15,3,10,77,77,77,105,3,3,318,143,70,14,187,14,31,0,0,7,22,8,0,0,0,0,0,3,19,8,7,25,15,18,12,12,10,0,0,1,0,14,31,2,13,1,3,0,0,0,0,0,19,0,18,1,24,0,0,0,0,0,0,0,0,32,0,0,24,20,5,4,26,5,4,6,29,2,1,3,30,2,2,3,3,5,35,5,0,6,44,9,9,9,22,47,73,3,3,19,59,36,3,3,59,25,36,11,22,7,7,1,8,0,3,6,2,15,0,7,1,0,1,0,7,0,1,0,4,26,9,9,5,1,14,0,9,1,4,2,0,0,1865,23
formatter,94d2953d693df610b307dd6c19ea4440bdc5541c,0,3536255.125,115294208.0,15,3,10,77,77,77,105,3,3,318,143,70,14,187,14,31,0,0,7,22,8,0,0,0,0,0,3,19,8,7,25,15,18,12,12,10,0,0,1,0,14,31,2,13,1,3,0,0,0,0,0,19,0,18,1,24,0,0,0,0,0,0,0,0,32,0,0,24,20,5,4,26,5,4,6,29,2,1,3,30,2,2,3,3,5,35,5,0,6,44,9,9,9,22,47,73,3,3,19,59,36,3,3,59,25,36,11,22,7,7,1,8,0,3,6,2,15,0,7,1,0,1,0,7,0,1,0,4,26,9,9,5,1,14,0,9,1,4,2,0,0,1865,23
pgsql,9af888127ea1bb222626f866073fe074990133ea,0,nan,nan,16,7,11,79,79,79,117,0,0,334,156,78,18,199,15,33,0,0,4,23,4,0,1,0,0,0,3,13,7,4,29,8,21,8,8,15,0,0,2,1,13,35,1,14,0,4,0,0,1,1,0,17,0,51,1,20,1,0,1,1,0,0,0,0,29,0,0,20,18,14,7,25,6,7,14,29,1,3,3,29,4,4,4,3,3,32,3,0,3,38,6,6,3,9,39,63,1,1,20,46,28,4,4,46,19,20,13,19,5,5,0,1,2,5,2,1,14,1,5,0,1,2,1,6,0,0,0,11,4,11,2,3,1,9,10,6,0,5,0,0,0,2018,21
cst,9af888127ea1bb222626f866073fe074990133ea,0,nan,nan,16,7,11,79,79,79,117,0,0,334,156,78,18,199,15,33,0,0,4,23,4,0,1,0,0,0,3,13,7,4,29,8,21,8,8,15,0,0,2,1,13,35,1,14,0,4,0,0,1,1,0,17,0,51,1,20,1,0,1,1,0,0,0,0,29,0,0,20,18,14,7,25,6,7,14,29,1,3,3,29,4,4,4,3,3,32,3,0,3,38,6,6,3,9,39,63,1,1,20,46,28,4,4,46,19,20,13,19,5,5,0,1,2,5,2,1,14,1,5,0,1,2,1,6,0,0,0,11,4,11,2,3,1,9,10,6,0,5,0,0,0,2018,21
formatter,9af888127ea1bb222626f866073fe074990133ea,0,3574215.1666666665,115616426.66666667,16,7,11,79,79,79,117,0,0,334,156,78,18,199,15,33,0,0,4,23,4,0,1,0,0,0,3,13,7,4,29,8,21,8,8,15,0,0,2,1,13,35,1,14,0,4,0,0,1,1,0,17,0,51,1,20,1,0,1,1,0,0,0,0,29,0,0,20,18,14,7,25,6,7,14,29,1,3,3,29,4,4,4,3,3,32,3,0,3,38,6,6,3,9,39,63,1,1,20,46,28,4,4,46,19,20,13,19,5,5,0,1,2,5,2,1,14,1,5,0,1,2,1,6,0,0,0,11,4,11,2,3,1,9,10,6,0,5,0,0,0,2018,21
pgsql,b2caca73e89907efce759608165d9b27671413ea,0,nan,nan,13,3,8,55,55,55,247,0,0,318,148,78,21,182,12,22,0,0,5,20,7,0,2,0,2,0,3,7,3,5,27,12,11,14,14,6,0,0,8,4,10,19,0,8,0,4,0,0,1,1,0,12,0,62,4,18,1,0,2,1,0,0,0,0,22,0,0,18,8,6,4,20,4,4,7,24,2,5,0,26,3,3,3,0,4,30,4,0,0,35,5,5,0,13,41,53,6,6,17,48,25,7,7,48,21,29,8,19,16,16,0,3,3,6,3,2,10,2,3,1,2,2,0,16,0,0,0,9,12,0,18,0,1,10,7,6,1,11,1,0,0,2110,18
cst,b2caca73e89907efce759608165d9b27671413ea,0,1548261.9285714286,128272676.57142857,13,3,8,55,55,55,247,0,0,318,148,78,21,182,12,22,0,0,5,20,7,0,2,0,2,0,3,7,3,5,27,12,11,14,14,6,0,0,8,4,10,19,0,8,0,4,0,0,1,1,0,12,0,62,4,18,1,0,2,1,0,0,0,0,22,0,0,18,8,6,4,20,4,4,7,24,2,5,0,26,3,3,3,0,4,30,4,0,0,35,5,5,0,13,41,53,6,6,17,48,25,7,7,48,21,29,8,19,16,16,0,3,3,6,3,2,10,2,3,1,2,2,0,16,0,0,0,9,12,0,18,0,1,10,7,6,1,11,1,0,0,2110,18
formatter,b2caca73e89907efce759608165d9b27671413ea,0,3312416.6666666665,114900992.0,13,3,8,55,55,55,247,0,0,318,148,78,21,182,12,22,0,0,5,20,7,0,2,0,2,0,3,7,3,5,27,12,11,14,14,6,0,0,8,4,10,19,0,8,0,4,0,0,1,1,0,12,0,62,4,18,1,0,2,1,0,0,0,0,22,0,0,18,8,6,4,20,4,4,7,24,2,5,0,26,3,3,3,0,4,30,4,0,0,35,5,5,0,13,41,53,6,6,17,48,25,7,7,48,21,29,8,19,16,16,0,3,3,6,3,2,10,2,3,1,2,2,0,16,0,0,0,9,12,0,18,0,1,10,7,6,1,11,1,0,0,2110,18
pgsql,6cc183a4d28c5fb2402989d8c84c5fb5fec051f7,0,nan,nan,18,5,8,50,50,50,238,0,0,324,144,77,16,181,17,31,0,0,3,22,7,0,1,0,0,0,3,17,10,3,23,10,15,14,14,8,0,0,7,1,14,22,1,7,0,7,0,0,2,4,2,16,0,45,3,18,3,1,2,2,2,1,0,0,24,1,0,18,11,8,6,23,6,6,10,25,2,4,0,25,3,3,3,0,7,32,7,0,0,34,2,2,0,17,39,56,5,5,19,46,27,7,7,46,17,33,5,11,6,6,2,3,3,6,4,2,6,1,1,0,1,2,0,6,2,1,1,7,17,19,4,2,1,17,2,2,0,7,0,0,0,1994,23
cst,6cc183a4d28c5fb2402989d8c84c5fb5fec051f7,0,1713286.4375,129601536.0,18,5,8,50,50,50,238,0,0,324,144,77,16,181,17,31,0,0,3,22,7,0,1,0,0,0,3,17,10,3,23,10,15,14,14,8,0,0,7,1,14,22,1,7,0,7,0,0,2,4,2,16,0,45,3,18,3,1,2,2,2,1,0,0,24,1,0,18,11,8,6,23,6,6,10,25,2,4,0,25,3,3,3,0,7,32,7,0,0,34,2,2,0,17,39,56,5,5,19,46,27,7,7,46,17,33,5,11,6,6,2,3,3,6,4,2,6,1,1,0,1,2,0,6,2,1,1,7,17,19,4,2,1,17,2,2,0,7,0,0,0,1994,23
formatter,6cc183a4d28c5fb2402989d8c84c5fb5fec051f7,0,3298843.75,104263680.0,18,5,8,50,50,50,238,0,0,324,144,77,16,181,17,31,0,0,3,22,7,0,1,0,0,0,3,17,10,3,23,10,15,14,14,8,0,0,7,1,14,22,1,7,0,7,0,0,2,4,2,16,0,45,3,18,3,1,2,2,2,1,0,0,24,1,0,18,11,8,6,23,6,6,10,25,2,4,0,25,3,3,3,0,7,32,7,0,0,34,2,2,0,17,39,56,5,5,19,46,27,7,7,46,17,33,5,11,6,6,2,3,3,6,4,2,6,1,1,0,1,2,0,6,2,1,1,7,17,19,4,2,1,17,2,2,0,7,0,0,0,1994,23
pgsql,cbb1ee0faf56cbda594dea7c9cd9d5b1327e1ec3,0,nan,nan,15,3,8,65,65,65,326,0,0,308,128,66,17,171,14,29,0,0,5,23,6,0,1,0,1,0,9,13,7,5,26,11,16,10,10,13,0,0,1,2,13,23,0,7,0,5,0,0,1,1,0,17,0,9,0,20,0,1,2,0,1,0,0,0,27,1,0,20,14,8,7,24,6,7,12,26,3,4,0,28,5,5,5,0,3,31,3,0,0,39,8,8,0,10,41,48,2,2,16,46,18,5,5,46,17,29,10,13,5,5,0,4,0,0,4,1,14,2,1,0,1,2,0,5,0,0,0,2,17,0,0,0,0,15,1,8,0,0,3,1,0,2095,17
cst,cbb1ee0faf56cbda594dea7c9cd9d5b1327e1ec3,0,nan,nan,15,3,8,65,65,65,326,0,0,308,128,66,17,171,14,29,0,0,5,23,6,0,1,0,1,0,9,13,7,5,26,11,16,10,10,13,0,0,1,2,13,23,0,7,0,5,0,0,1,1,0,17,0,9,0,20,0,1,2,0,1,0,0,0,27,1,0,20,14,8,7,24,6,7,12,26,3,4,0,28,5,5,5,0,3,31,3,0,0,39,8,8,0,10,41,48,2,2,16,46,18,5,5,46,17,29,10,13,5,5,0,4,0,0,4,1,14,2,1,0,1,2,0,5,0,0,0,2,17,0,0,0,0,15,1,8,0,0,3,1,0,2095,17
formatter,cbb1ee0faf56cbda594dea7c9cd9d5b1327e1ec3,0,3147944.3333333335,94912512.0,15,3,8,65,65,65,326,0,0,308,128,66,17,171,14,29,0,0,5,23,6,0,1,0,1,0,9,13,7,5,26,11,16,10,10,13,0,0,1,2,13,23,0,7,0,5,0,0,1,1,0,17,0,9,0,20,0,1,2,0,1,0,0,0,27,1,0,20,14,8,7,24,6,7,12,26,3,4,0,28,5,5,5,0,3,31,3,0,0,39,8,8,0,10,41,48,2,2,16,46,18,5,5,46,17,29,10,13,5,5,0,4,0,0,4,1,14,2,1,0,1,2,0,5,0,0,0,2,17,0,0,0,0,15,1,8,0,0,3,1,0,2095,17
pgsql,f185e482668cbf15cf037f7ade78d01c41c41d02,0,nan,nan,6,0,2,30,30,30,482,2,10,239,109,46,10,122,5,20,0,0,2,10,2,0,1,0,0,0,1,11,7,2,12,4,6,8,8,2,0,0,2,1,12,11,1,5,0,3,0,0,1,1,0,13,0,85,1,20,1,0,2,0,1,1,0,0,27,0,0,20,13,6,5,24,4,5,6,26,2,1,2,28,6,6,6,3,5,33,5,0,3,43,10,10,3,19,51,65,8,8,21,60,28,6,6,60,25,37,8,22,25,25,2,1,1,7,4,3,11,1,6,0,1,6,0,25,2,1,1,17,6,15,2,2,3,16,11,5,0,13,2,1,1,2103,8
cst,f185e482668cbf15cf037f7ade78d01c41c41d02,0,nan,nan,6,0,2,30,30,30,482,2,10,239,109,46,10,122,5,20,0,0,2,10,2,0,1,0,0,0,1,11,7,2,12,4,6,8,8,2,0,0,2,1,12,11,1,5,0,3,0,0,1,1,0,13,0,85,1,20,1,0,2,0,1,1,0,0,27,0,0,20,13,6,5,24,4,5,6,26,2,1,2,28,6,6,6,3,5,33,5,0,3,43,10,10,3,19,51,65,8,8,21,60,28,6,6,60,25,37,8,22,25,25,2,1,1,7,4,3,11,1,6,0,1,6,0,25,2,1,1,17,6,15,2,2,3,16,11,5,0,13,2,1,1,2103,8
formatter,f185e482668cbf15cf037f7ade78d01c41c41d02,0,2600004.4,94073651.2,6,0,2,30,30,30,482,2,10,239,109,46,10,122,5,20,0,0,2,10,2,0,1,0,0,0,1,11,7,2,12,4,6,8,8,2,0,0,2,1,12,11,1,5,0,3,0,0,1,1,0,13,0,85,1,20,1,0,2,0,1,1,0,0,27,0,0,20,13,6,5,24,4,5,6,26,2,1,2,28,6,6,6,3,5,33,5,0,3,43,10,10,3,19,51,65,8,8,21,60,28,6,6,60,25,37,8,22,25,25,2,1,1,7,4,3,11,1,6,0,1,6,0,25,2,1,1,17,6,15,2,2,3,16,11,5,0,13,2,1,1,2103,8
pgsql,bd67f5ca8b0c19b216a8b54579487e3a5b3577c5,0,nan,nan,15,3,4,27,27,27,378,2,8,269,116,62,13,150,14,16,0,0,1,17,3,0,2,0,0,0,3,9,2,1,10,4,13,6,6,11,0,0,9,2,10,27,1,14,0,2,0,0,0,0,0,13,0,130,7,18,0,0,2,0,0,0,0,0,23,0,0,18,9,7,5,20,6,5,9,23,4,1,2,26,4,4,4,2,5,31,5,0,2,40,9,9,2,20,46,65,6,6,19,50,29,2,2,50,26,30,5,21,14,14,3,2,1,5,1,4,8,2,7,0,1,3,0,14,1,2,0,21,5,2,5,5,3,1,12,4,0,10,2,1,0,2010,12
cst,bd67f5ca8b0c19b216a8b54579487e3a5b3577c5,0,nan,nan,15,3,4,27,27,27,378,2,8,269,116,62,13,150,14,16,0,0,1,17,3,0,2,0,0,0,3,9,2,1,10,4,13,6,6,11,0,0,9,2,10,27,1,14,0,2,0,0,0,0,0,13,0,130,7,18,0,0,2,0,0,0,0,0,23,0,0,18,9,7,5,20,6,5,9,23,4,1,2,26,4,4,4,2,5,31,5,0,2,40,9,9,2,20,46,65,6,6,19,50,29,2,2,50,26,30,5,21,14,14,3,2,1,5,1,4,8,2,7,0,1,3,0,14,1,2,0,21,5,2,5,5,3,1,12,4,0,10,2,1,0,2010,12
formatter,bd67f5ca8b0c19b216a8b54579487e3a5b3577c5,0,2851046.875,94932992.0,15,3,4,27,27,27,378,2,8,269,116,62,13,150,14,16,0,0,1,17,3,0,2,0,0,0,3,9,2,1,10,4,13,6,6,11,0,0,9,2,10,27,1,14,0,2,0,0,0,0,0,13,0,130,7,18,0,0,2,0,0,0,0,0,23,0,0,18,9,7,5,20,6,5,9,23,4,1,2,26,4,4,4,2,5,31,5,0,2,40,9,9,2,20,46,65,6,6,19,50,29,2,2,50,26,30,5,21,14,14,3,2,1,5,1,4,8,2,7,0,1,3,0,14,1,2,0,21,5,2,5,5,3,1,12,4,0,10,2,1,0,2010,12
pgsql,a87629f0f7dc3d75b98e32e1fee3446897adb2bc,0,nan,nan,21,6,9,26,26,26,360,2,4,302,153,68,15,148,20,23,0,0,3,25,11,0,2,0,0,0,6,12,8,3,11,14,18,11,11,14,0,0,4,2,10,29,1,11,0,5,0,0,0,0,0,13,0,47,2,19,0,0,0,0,0,0,0,0,21,0,0,19,10,9,4,23,5,4,7,25,1,4,0,26,2,2,2,0,7,33,7,0,0,40,7,7,0,16,42,52,2,2,23,46,20,4,4,46,24,37,0,22,10,10,3,0,2,5,3,5,1,0,3,0,2,2,0,10,2,1,0,11,0,6,0,13,3,10,2,0,0,1,0,0,0,2119,25
cst,a87629f0f7dc3d75b98e32e1fee3446897adb2bc,0,1414906.25,129398101.33333333,21,6,9,26,26,26,360,2,4,302,153,68,15,148,20,23,0,0,3,25,11,0,2,0,0,0,6,12,8,3,11,14,18,11,11,14,0,0,4,2,10,29,1,11,0,5,0,0,0,0,0,13,0,47,2,19,0,0,0,0,0,0,0,0,21,0,0,19,10,9,4,23,5,4,7,25,1,4,0,26,2,2,2,0,7,33,7,0,0,40,7,7,0,16,42,52,2,2,23,46,20,4,4,46,24,37,0,22,10,10,3,0,2,5,3,5,1,0,3,0,2,2,0,10,2,1,0,11,0,6,0,13,3,10,2,0,0,1,0,0,0,2119,25
formatter,a87629f0f7dc3d75b98e32e1fee3446897adb2bc,0,2956125.0,96523605.33333333,21,6,9,26,26,26,360,2,4,302,153,68,15,148,20,23,0,0,3,25,11,0,2,0,0,0,6,12,8,3,11,14,18,11,11,14,0,0,4,2,10,29,1,11,0,5,0,0,0,0,0,13,0,47,2,19,0,0,0,0,0,0,0,0,21,0,0,19,10,9,4,23,5,4,7,25,1,4,0,26,2,2,2,0,7,33,7,0,0,40,7,7,0,16,42,52,2,2,23,46,20,4,4,46,24,37,0,22,10,10,3,0,2,5,3,5,1,0,3,0,2,2,0,10,2,1,0,11,0,6,0,13,3,10,2,0,0,1,0,0,0,2119,25
pgsql,f451d66ce3c82d598e38cb3bec98c849dbf2368e,0,nan,nan,8,3,4,34,34,34,1473,0,0,99,48,27,7,85,7,5,0,0,1,9,3,0,0,0,0,0,3,2,1,3,22,4,2,7,7,2,0,0,0,0,1,3,0,1,0,1,0,0,2,7,4,1,0,0,0,1,4,2,3,2,5,3,1,1,1,1,1,1,0,1,0,1,0,0,1,2,0,1,0,2,0,0,0,0,0,2,0,0,0,2,0,0,0,1,2,2,0,0,1,2,0,0,0,2,0,2,0,0,0,0,0,0,0,0,1,0,0,0,0,0,0,0,0,0,0,0,0,0,0,0,0,0,0,2,0,0,0,0,0,0,0,2274,10
cst,f451d66ce3c82d598e38cb3bec98c849dbf2368e,0,960812.625,120438784.0,8,3,4,34,34,34,1473,0,0,99,48,27,7,85,7,5,0,0,1,9,3,0,0,0,0,0,3,2,1,3,22,4,2,7,7,2,0,0,0,0,1,3,0,1,0,1,0,0,2,7,4,1,0,0,0,1,4,2,3,2,5,3,1,1,1,1,1,1,0,1,0,1,0,0,1,2,0,1,0,2,0,0,0,0,0,2,0,0,0,2,0,0,0,1,2,2,0,0,1,2,0,0,0,2,0,2,0,0,0,0,0,0,0,0,1,0,0,0,0,0,0,0,0,0,0,0,0,0,0,0,0,0,0,2,0,0,0,0,0,0,0,2274,10
formatter,f451d66ce3c82d598e38cb3bec98c849dbf2368e,0,1118718.75,83391829.33333333,8,3,4,34,34,34,1473,0,0,99,48,27,7,85,7,5,0,0,1,9,3,0,0,0,0,0,3,2,1,3,22,4,2,7,7,2,0,0,0,0,1,3,0,1,0,1,0,0,2,7,4,1,0,0,0,1,4,2,3,2,5,3,1,1,1,1,1,1,0,1,0,1,0,0,1,2,0,1,0,2,0,0,0,0,0,2,0,0,0,2,0,0,0,1,2,2,0,0,1,2,0,0,0,2,0,2,0,0,0,0,0,0,0,0,1,0,0,0,0,0,0,0,0,0,0,0,0,0,0,0,0,0,0,2,0,0,0,0,0,0,0,2274,10
pgsql,255d5fd6a3f4b94e35ad30dec1e76a1afa671e84,0,nan,nan,10,3,5,24,24,24,1092,0,0,179,87,36,4,93,9,10,0,0,2,13,2,0,1,0,2,0,4,6,1,2,14,4,8,8,8,5,0,0,1,3,4,17,2,9,1,2,0,0,0,0,0,6,0,12,1,9,0,0,0,0,0,0,0,0,12,0,0,9,5,5,2,12,4,2,5,15,0,2,1,15,1,1,1,1,3,18,3,0,1,19,1,1,1,8,21,25,2,2,10,25,7,3,3,25,11,18,1,10,3,3,1,1,1,3,1,1,4,0,3,0,0,0,0,3,1,0,0,4,7,3,11,0,0,1,2,2,0,2,0,0,0,2220,11
cst,255d5fd6a3f4b94e35ad30dec1e76a1afa671e84,0,nan,nan,10,3,5,24,24,24,1092,0,0,179,87,36,4,93,9,10,0,0,2,13,2,0,1,0,2,0,4,6,1,2,14,4,8,8,8,5,0,0,1,3,4,17,2,9,1,2,0,0,0,0,0,6,0,12,1,9,0,0,0,0,0,0,0,0,12,0,0,9,5,5,2,12,4,2,5,15,0,2,1,15,1,1,1,1,3,18,3,0,1,19,1,1,1,8,21,25,2,2,10,25,7,3,3,25,11,18,1,10,3,3,1,1,1,3,1,1,4,0,3,0,0,0,0,3,1,0,0,4,7,3,11,0,0,1,2,2,0,2,0,0,0,2220,11
formatter,255d5fd6a3f4b94e35ad30dec1e76a1afa671e84,0,1787656.125,93753344.0,10,3,5,24,24,24,1092,0,0,179,87,36,4,93,9,10,0,0,2,13,2,0,1,0,2,0,4,6,1,2,14,4,8,8,8,5,0,0,1,3,4,17,2,9,1,2,0,0,0,0,0,6,0,12,1,9,0,0,0,0,0,0,0,0,12,0,0,9,5,5,2,12,4,2,5,15,0,2,1,15,1,1,1,1,3,18,3,0,1,19,1,1,1,8,21,25,2,2,10,25,7,3,3,25,11,18,1,10,3,3,1,1,1,3,1,1,4,0,3,0,0,0,0,3,1,0,0,4,7,3,11,0,0,1,2,2,0,2,0,0,0,2220,11
pgsql,3cbfcdd8f7781409a7968fc401e62906326fce13,0,1073909.75,80647509.33333333,11,4,6,30,30,30,1412,0,0,108,53,28,6,90,10,10,0,0,2,13,4,0,1,0,0,0,4,5,2,3,16,6,4,9,9,4,0,0,1,1,0,8,0,4,0,0,0,0,3,8,3,0,0,1,0,0,5,1,3,3,4,3,1,1,0,0,1,0,0,0,0,0,0,0,0,0,0,0,0,0,0,0,0,0,0,0,0,0,0,0,0,0,0,0,0,0,0,0,0,0,0,0,0,0,0,0,0,0,0,0,0,0,0,0,0,0,0,0,0,0,0,0,0,0,0,0,0,0,0,0,0,0,0,0,0,0,0,0,0,0,0,2326,13
cst,3cbfcdd8f7781409a7968fc401e62906326fce13,0,886687.3333333334,119095296.0,11,4,6,30,30,30,1412,0,0,108,53,28,6,90,10,10,0,0,2,13,4,0,1,0,0,0,4,5,2,3,16,6,4,9,9,4,0,0,1,1,0,8,0,4,0,0,0,0,3,8,3,0,0,1,0,0,5,1,3,3,4,3,1,1,0,0,1,0,0,0,0,0,0,0,0,0,0,0,0,0,0,0,0,0,0,0,0,0,0,0,0,0,0,0,0,0,0,0,0,0,0,0,0,0,0,0,0,0,0,0,0,0,0,0,0,0,0,0,0,0,0,0,0,0,0,0,0,0,0,0,0,0,0,0,0,0,0,0,0,0,0,2326,13
formatter,3cbfcdd8f7781409a7968fc401e62906326fce13,0,1378819.6666666667,92454912.0,11,4,6,30,30,30,1412,0,0,108,53,28,6,90,10,10,0,0,2,13,4,0,1,0,0,0,4,5,2,3,16,6,4,9,9,4,0,0,1,1,0,8,0,4,0,0,0,0,3,8,3,0,0,1,0,0,5,1,3,3,4,3,1,1,0,0,1,0,0,0,0,0,0,0,0,0,0,0,0,0,0,0,0,0,0,0,0,0,0,0,0,0,0,0,0,0,0,0,0,0,0,0,0,0,0,0,0,0,0,0,0,0,0,0,0,0,0,0,0,0,0,0,0,0,0,0,0,0,0,0,0,0,0,0,0,0,0,0,0,0,0,2326,13
pgsql,12098da731d50bb4c30347ae09051522b76c3796,0,226739.41666666666,79388672.0,3,2,3,13,13,13,1834,0,0,21,7,3,0,31,2,4,0,0,1,5,1,0,0,0,0,0,0,2,1,1,9,2,0,5,5,0,0,0,0,0,0,0,0,0,0,0,0,0,0,0,0,0,0,0,0,0,0,0,0,0,0,0,0,0,0,0,0,0,0,0,0,0,0,0,0,0,0,0,0,0,0,0,0,0,0,0,0,0,0,0,0,0,0,0,0,0,0,0,0,0,0,0,0,0,0,0,0,0,0,0,0,0,0,0,0,0,0,0,0,0,0,0,0,0,0,0,0,0,0,0,0,0,0,0,0,0,0,0,0,0,0,2365,3
cst,12098da731d50bb4c30347ae09051522b76c3796,0,380659.8333333333,112667306.66666667,3,2,3,13,13,13,1834,0,0,21,7,3,0,31,2,4,0,0,1,5,1,0,0,0,0,0,0,2,1,1,9,2,0,5,5,0,0,0,0,0,0,0,0,0,0,0,0,0,0,0,0,0,0,0,0,0,0,0,0,0,0,0,0,0,0,0,0,0,0,0,0,0,0,0,0,0,0,0,0,0,0,0,0,0,0,0,0,0,0,0,0,0,0,0,0,0,0,0,0,0,0,0,0,0,0,0,0,0,0,0,0,0,0,0,0,0,0,0,0,0,0,0,0,0,0,0,0,0,0,0,0,0,0,0,0,0,0,0,0,0,0,2365,3
formatter,12098da731d50bb4c30347ae09051522b76c3796,0,454323.0,80826368.0,3,2,3,13,13,13,1834,0,0,21,7,3,0,31,2,4,0,0,1,5,1,0,0,0,0,0,0,2,1,1,9,2,0,5,5,0,0,0,0,0,0,0,0,0,0,0,0,0,0,0,0,0,0,0,0,0,0,0,0,0,0,0,0,0,0,0,0,0,0,0,0,0,0,0,0,0,0,0,0,0,0,0,0,0,0,0,0,0,0,0,0,0,0,0,0,0,0,0,0,0,0,0,0,0,0,0,0,0,0,0,0,0,0,0,0,0,0,0,0,0,0,0,0,0,0,0,0,0,0,0,0,0,0,0,0,0,0,0,0,0,0,2365,3
pgsql,1298fe3217148e6f3632d079456e37a0308c50d6,0,nan,nan,8,3,4,11,11,11,1557,2,0,81,38,20,1,52,7,8,0,0,1,9,2,0,0,0,0,0,3,3,3,1,2,3,7,3,3,6,0,0,0,0,2,16,1,9,0,0,0,0,1,1,0,3,0,0,0,4,0,1,0,1,1,0,0,0,5,0,0,4,3,1,2,4,1,2,1,5,0,1,0,5,1,1,1,0,1,6,1,0,0,7,1,1,0,1,7,10,0,0,3,7,5,0,0,7,4,5,0,5,1,1,0,0,0,0,1,0,1,0,0,0,0,1,0,1,0,0,0,0,0,0,0,0,0,0,0,1,0,0,0,0,0,2292,6
cst,1298fe3217148e6f3632d079456e37a0308c50d6,0,726234.5,115253248.0,8,3,4,11,11,11,1557,2,0,81,38,20,1,52,7,8,0,0,1,9,2,0,0,0,0,0,3,3,3,1,2,3,7,3,3,6,0,0,0,0,2,16,1,9,0,0,0,0,1,1,0,3,0,0,0,4,0,1,0,1,1,0,0,0,5,0,0,4,3,1,2,4,1,2,1,5,0,1,0,5,1,1,1,0,1,6,1,0,0,7,1,1,0,1,7,10,0,0,3,7,5,0,0,7,4,5,0,5,1,1,0,0,0,0,1,0,1,0,0,0,0,1,0,1,0,0,0,0,0,0,0,0,0,0,0,1,0,0,0,0,0,2292,6
formatter,1298fe3217148e6f3632d079456e37a0308c50d6,0,991548.6666666666,82247680.0,8,3,4,11,11,11,1557,2,0,81,38,20,1,52,7,8,0,0,1,9,2,0,0,0,0,0,3,3,3,1,2,3,7,3,3,6,0,0,0,0,2,16,1,9,0,0,0,0,1,1,0,3,0,0,0,4,0,1,0,1,1,0,0,0,5,0,0,4,3,1,2,4,1,2,1,5,0,1,0,5,1,1,1,0,1,6,1,0,0,7,1,1,0,1,7,10,0,0,3,7,5,0,0,7,4,5,0,5,1,1,0,0,0,0,1,0,1,0,0,0,0,1,0,1,0,0,0,0,0,0,0,0,0,0,0,1,0,0,0,0,0,2292,6
pgsql,96b56ba2bd0241281c51235e86fa3450a94b3ef2,0,804703.9,80910745.6,4,3,4,13,13,13,1720,0,0,53,20,9,0,42,3,4,0,0,1,6,1,0,1,0,0,0,4,1,0,1,8,2,4,3,3,3,0,0,1,1,1,7,0,3,1,1,0,0,0,0,0,1,0,4,0,2,0,0,0,0,0,0,0,0,2,0,0,2,0,2,0,2,0,0,1,2,0,0,0,2,0,0,0,0,0,2,0,0,0,2,0,0,0,1,2,2,0,0,1,2,0,0,0,2,1,1,0,1,0,0,1,0,0,0,0,0,0,0,1,0,0,0,0,0,1,0,1,1,0,0,0,0,0,0,0,0,0,0,0,0,0,2361,5
cst,96b56ba2bd0241281c51235e86fa3450a94b3ef2,0,491639.9285714286,113396004.57142857,4,3,4,13,13,13,1720,0,0,53,20,9,0,42,3,4,0,0,1,6,1,0,1,0,0,0,4,1,0,1,8,2,4,3,3,3,0,0,1,1,1,7,0,3,1,1,0,0,0,0,0,1,0,4,0,2,0,0,0,0,0,0,0,0,2,0,0,2,0,2,0,2,0,0,1,2,0,0,0,2,0,0,0,0,0,2,0,0,0,2,0,0,0,1,2,2,0,0,1,2,0,0,0,2,1,1,0,1,0,0,1,0,0,0,0,0,0,0,1,0,0,0,0,0,1,0,1,1,0,0,0,0,0,0,0,0,0,0,0,0,0,2361,5
formatter,96b56ba2bd0241281c51235e86fa3450a94b3ef2,0,708796.1,81081139.2,4,3,4,13,13,13,1720,0,0,53,20,9,0,42,3,4,0,0,1,6,1,0,1,0,0,0,4,1,0,1,8,2,4,3,3,3,0,0,1,1,1,7,0,3,1,1,0,0,0,0,0,1,0,4,0,2,0,0,0,0,0,0,0,0,2,0,0,2,0,2,0,2,0,0,1,2,0,0,0,2,0,0,0,0,0,2,0,0,0,2,0,0,0,1,2,2,0,0,1,2,0,0,0,2,1,1,0,1,0,0,1,0,0,0,0,0,0,0,1,0,0,0,0,0,1,0,1,1,0,0,0,0,0,0,0,0,0,0,0,0,0,2361,5
pgsql,c9c982c206535e2e64a60405fe56b56515adaf99,0,nan,nan,17,6,7,51,25,15,77,36,152,306,133,61,15,123,16,19,0,4,1,19,4,0,3,0,0,0,3,7,1,1,8,5,13,7,7,12,0,0,4,3,17,18,3,5,0,2,0,0,0,0,0,21,0,72,2,27,0,0,0,0,0,0,0,0,35,0,0,27,19,10,8,32,8,8,13,35,1,4,3,38,4,4,4,3,5,43,5,0,4,54,11,11,4,24,62,86,8,8,24,68,30,2,2,68,21,38,18,21,5,5,2,8,0,2,4,2,23,0,4,1,0,3,0,5,2,0,1,11,21,0,0,7,1,13,6,11,1,1,4,0,0,1853,12
cst,c9c982c206535e2e64a60405fe56b56515adaf99,0,3472368.0,155467776.0,17,6,7,51,25,15,77,36,152,306,133,61,15,123,16,19,0,4,1,19,4,0,3,0,0,0,3,7,1,1,8,5,13,7,7,12,0,0,4,3,17,18,3,5,0,2,0,0,0,0,0,21,0,72,2,27,0,0,0,0,0,0,0,0,35,0,0,27,19,10,8,32,8,8,13,35,1,4,3,38,4,4,4,3,5,43,5,0,4,54,11,11,4,24,62,86,8,8,24,68,30,2,2,68,21,38,18,21,5,5,2,8,0,2,4,2,23,0,4,1,0,3,0,5,2,0,1,11,21,0,0,7,1,13,6,11,1,1,4,0,0,1853,12
formatter,c9c982c206535e2e64a60405fe56b56515adaf99,0,2971462.4,96101990.4,17,6,7,51,25,15,77,36,152,306,133,61,15,123,16,19,0,4,1,19,4,0,3,0,0,0,3,7,1,1,8,5,13,7,7,12,0,0,4,3,17,18,3,5,0,2,0,0,0,0,0,21,0,72,2,27,0,0,0,0,0,0,0,0,35,0,0,27,19,10,8,32,8,8,13,35,1,4,3,38,4,4,4,3,5,43,5,0,4,54,11,11,4,24,62,86,8,8,24,68,30,2,2,68,21,38,18,21,5,5,2,8,0,2,4,2,23,0,4,1,0,3,0,5,2,0,1,11,21,0,0,7,1,13,6,11,1,1,4,0,0,1853,12
pgsql,b347435ee3f33343daf4f31bcf4ca8a9a91c45c3,0,nan,nan,17,6,9,51,24,16,74,36,144,338,147,64,13,161,16,15,0,4,3,21,4,0,3,0,0,0,10,4,1,3,13,7,16,11,11,10,0,0,8,3,11,19,0,3,0,5,0,0,0,0,0,14,0,34,5,21,0,0,2,0,0,0,0,0,23,0,0,21,7,10,7,25,7,7,11,30,1,5,1,32,5,5,5,1,6,38,6,0,1,46,8,8,1,24,52,71,6,6,25,58,31,5,5,58,28,33,9,23,18,18,2,4,2,5,1,2,10,2,8,0,1,2,0,18,1,1,0,5,10,1,3,6,3,9,0,2,0,7,1,0,0,2100,15
cst,b347435ee3f33343daf4f31bcf4ca8a9a91c45c3,0,nan,nan,17,6,9,51,24,16,74,36,144,338,147,64,13,161,16,15,0,4,3,21,4,0,3,0,0,0,10,4,1,3,13,7,16,11,11,10,0,0,8,3,11,19,0,3,0,5,0,0,0,0,0,14,0,34,5,21,0,0,2,0,0,0,0,0,23,0,0,21,7,10,7,25,7,7,11,30,1,5,1,32,5,5,5,1,6,38,6,0,1,46,8,8,1,24,52,71,6,6,25,58,31,5,5,58,28,33,9,23,18,18,2,4,2,5,1,2,10,2,8,0,1,2,0,18,1,1,0,5,10,1,3,6,3,9,0,2,0,7,1,0,0,2100,15
formatter,b347435ee3f33343daf4f31bcf4ca8a9a91c45c3,0,3561798.6666666665,112148480.0,17,6,9,51,24,16,74,36,144,338,147,64,13,161,16,15,0,4,3,21,4,0,3,0,0,0,10,4,1,3,13,7,16,11,11,10,0,0,8,3,11,19,0,3,0,5,0,0,0,0,0,14,0,34,5,21,0,0,2,0,0,0,0,0,23,0,0,21,7,10,7,25,7,7,11,30,1,5,1,32,5,5,5,1,6,38,6,0,1,46,8,8,1,24,52,71,6,6,25,58,31,5,5,58,28,33,9,23,18,18,2,4,2,5,1,2,10,2,8,0,1,2,0,18,1,1,0,5,10,1,3,6,3,9,0,2,0,7,1,0,0,2100,15
pgsql,487874ac180dac9c0eacbafaa75ea601a1080204,0,nan,nan,10,3,4,69,32,16,77,56,202,287,137,67,14,143,9,27,0,2,1,12,3,0,1,0,0,0,3,12,5,3,23,4,7,9,9,3,0,0,2,1,15,11,0,4,0,5,0,0,2,4,2,20,0,26,0,27,1,3,1,1,4,1,1,1,43,1,0,27,24,10,6,34,10,6,11,39,1,3,5,40,2,2,3,5,6,46,6,1,7,52,6,6,7,23,58,90,6,6,14,68,43,3,3,68,26,36,20,20,8,8,1,3,1,5,5,3,24,0,5,0,1,2,0,8,0,1,0,8,9,2,8,1,1,15,3,13,0,6,2,0,0,1752,13
cst,487874ac180dac9c0eacbafaa75ea601a1080204,0,5811999.75,179785728.0,10,3,4,69,32,16,77,56,202,287,137,67,14,143,9,27,0,2,1,12,3,0,1,0,0,0,3,12,5,3,23,4,7,9,9,3,0,0,2,1,15,11,0,4,0,5,0,0,2,4,2,20,0,26,0,27,1,3,1,1,4,1,1,1,43,1,0,27,24,10,6,34,10,6,11,39,1,3,5,40,2,2,3,5,6,46,6,1,7,52,6,6,7,23,58,90,6,6,14,68,43,3,3,68,26,36,20,20,8,8,1,3,1,5,5,3,24,0,5,0,1,2,0,8,0,1,0,8,9,2,8,1,1,15,3,13,0,6,2,0,0,1752,13
formatter,487874ac180dac9c0eacbafaa75ea601a1080204,0,3037527.6666666665,95507797.33333333,10,3,4,69,32,16,77,56,202,287,137,67,14,143,9,27,0,2,1,12,3,0,1,0,0,0,3,12,5,3,23,4,7,9,9,3,0,0,2,1,15,11,0,4,0,5,0,0,2,4,2,20,0,26,0,27,1,3,1,1,4,1,1,1,43,1,0,27,24,10,6,34,10,6,11,39,1,3,5,40,2,2,3,5,6,46,6,1,7,52,6,6,7,23,58,90,6,6,14,68,43,3,3,68,26,36,20,20,8,8,1,3,1,5,5,3,24,0,5,0,1,2,0,8,0,1,0,8,9,2,8,1,1,15,3,13,0,6,2,0,0,1752,13
pgsql,07a154dfe7455d3545e0c29f9c9bcd69d9d41610,0,nan,nan,13,6,8,57,32,17,88,40,185,294,135,71,14,125,12,16,0,4,2,17,5,0,0,0,0,0,8,6,3,2,9,7,11,10,10,7,0,0,4,0,12,13,0,2,0,2,0,0,0,0,0,17,0,90,0,24,0,0,1,0,0,0,0,0,27,0,0,24,9,13,3,31,8,3,13,37,1,5,1,39,4,4,4,1,2,41,2,1,1,50,9,9,1,18,52,69,2,2,22,59,27,6,6,59,28,33,17,16,15,15,2,4,0,2,4,2,23,1,3,0,0,3,0,15,1,1,1,14,12,0,12,0,0,13,9,9,0,8,4,0,0,1970,14
cst,07a154dfe7455d3545e0c29f9c9bcd69d9d41610,0,nan,nan,13,6,8,57,32,17,88,40,185,294,135,71,14,125,12,16,0,4,2,17,5,0,0,0,0,0,8,6,3,2,9,7,11,10,10,7,0,0,4,0,12,13,0,2,0,2,0,0,0,0,0,17,0,90,0,24,0,0,1,0,0,0,0,0,27,0,0,24,9,13,3,31,8,3,13,37,1,5,1,39,4,4,4,1,2,41,2,1,1,50,9,9,1,18,52,69,2,2,22,59,27,6,6,59,28,33,17,16,15,15,2,4,0,2,4,2,23,1,3,0,0,3,0,15,1,1,1,14,12,0,12,0,0,13,9,9,0,8,4,0,0,1970,14
formatter,07a154dfe7455d3545e0c29f9c9bcd69d9d41610,0,2919409.8333333335,94278997.33333333,13,6,8,57,32,17,88,40,185,294,135,71,14,125,12,16,0,4,2,17,5,0,0,0,0,0,8,6,3,2,9,7,11,10,10,7,0,0,4,0,12,13,0,2,0,2,0,0,0,0,0,17,0,90,0,24,0,0,1,0,0,0,0,0,27,0,0,24,9,13,3,31,8,3,13,37,1,5,1,39,4,4,4,1,2,41,2,1,1,50,9,9,1,18,52,69,2,2,22,59,27,6,6,59,28,33,17,16,15,15,2,4,0,2,4,2,23,1,3,0,0,3,0,15,1,1,1,14,12,0,12,0,0,13,9,9,0,8,4,0,0,1970,14
pgsql,3941f94dd39abe9c7abdbb8c497c6e0684d10788,0,nan,nan,7,0,2,48,21,14,58,36,130,270,125,60,12,123,6,24,0,0,2,10,3,0,0,0,0,0,3,17,7,2,7,5,8,4,4,6,0,0,6,0,15,14,2,6,0,3,0,0,0,0,0,19,0,185,3,25,0,0,1,0,0,0,0,0,37,1,0,25,22,10,7,30,8,7,11,34,1,3,2,36,5,5,5,2,8,44,8,0,2,51,7,7,2,19,59,88,8,8,30,65,42,4,4,65,30,37,21,12,17,17,2,4,4,6,3,8,25,1,1,0,1,2,0,17,2,0,2,26,9,7,0,15,3,20,15,11,0,21,2,0,0,1844,12
cst,3941f94dd39abe9c7abdbb8c497c6e0684d10788,0,nan,nan,7,0,2,48,21,14,58,36,130,270,125,60,12,123,6,24,0,0,2,10,3,0,0,0,0,0,3,17,7,2,7,5,8,4,4,6,0,0,6,0,15,14,2,6,0,3,0,0,0,0,0,19,0,185,3,25,0,0,1,0,0,0,0,0,37,1,0,25,22,10,7,30,8,7,11,34,1,3,2,36,5,5,5,2,8,44,8,0,2,51,7,7,2,19,59,88,8,8,30,65,42,4,4,65,30,37,21,12,17,17,2,4,4,6,3,8,25,1,1,0,1,2,0,17,2,0,2,26,9,7,0,15,3,20,15,11,0,21,2,0,0,1844,12
formatter,3941f94dd39abe9c7abdbb8c497c6e0684d10788,0,2972593.625,95334400.0,7,0,2,48,21,14,58,36,130,270,125,60,12,123,6,24,0,0,2,10,3,0,0,0,0,0,3,17,7,2,7,5,8,4,4,6,0,0,6,0,15,14,2,6,0,3,0,0,0,0,0,19,0,185,3,25,0,0,1,0,0,0,0,0,37,1,0,25,22,10,7,30,8,7,11,34,1,3,2,36,5,5,5,2,8,44,8,0,2,51,7,7,2,19,59,88,8,8,30,65,42,4,4,65,30,37,21,12,17,17,2,4,4,6,3,8,25,1,1,0,1,2,0,17,2,0,2,26,9,7,0,15,3,20,15,11,0,21,2,0,0,1844,12
pgsql,c5b4097f8ac33d5243d2fbced44b843c9624485e,0,nan,nan,28,18,19,42,17,10,42,32,161,318,136,73,11,162,27,14,0,12,1,29,4,0,5,0,1,0,12,6,0,1,2,5,21,20,20,9,0,0,8,6,13,28,1,7,0,2,0,0,2,2,0,18,0,55,2,21,2,0,0,2,0,0,0,0,25,0,0,21,8,8,5,27,7,5,7,29,0,2,1,31,5,5,5,1,3,34,3,0,1,38,4,4,1,12,43,56,5,5,15,44,25,0,0,44,18,29,6,15,11,11,0,2,0,5,6,5,7,0,3,2,0,2,0,11,0,0,0,10,7,8,6,13,2,8,5,5,2,6,1,0,0,1946,16
cst,c5b4097f8ac33d5243d2fbced44b843c9624485e,0,nan,nan,28,18,19,42,17,10,42,32,161,318,136,73,11,162,27,14,0,12,1,29,4,0,5,0,1,0,12,6,0,1,2,5,21,20,20,9,0,0,8,6,13,28,1,7,0,2,0,0,2,2,0,18,0,55,2,21,2,0,0,2,0,0,0,0,25,0,0,21,8,8,5,27,7,5,7,29,0,2,1,31,5,5,5,1,3,34,3,0,1,38,4,4,1,12,43,56,5,5,15,44,25,0,0,44,18,29,6,15,11,11,0,2,0,5,6,5,7,0,3,2,0,2,0,11,0,0,0,10,7,8,6,13,2,8,5,5,2,6,1,0,0,1946,16
formatter,c5b4097f8ac33d5243d2fbced44b843c9624485e,0,3246569.3333333335,95769941.33333333,28,18,19,42,17,10,42,32,161,318,136,73,11,162,27,14,0,12,1,29,4,0,5,0,1,0,12,6,0,1,2,5,21,20,20,9,0,0,8,6,13,28,1,7,0,2,0,0,2,2,0,18,0,55,2,21,2,0,0,2,0,0,0,0,25,0,0,21,8,8,5,27,7,5,7,29,0,2,1,31,5,5,5,1,3,34,3,0,1,38,4,4,1,12,43,56,5,5,15,44,25,0,0,44,18,29,6,15,11,11,0,2,0,5,6,5,7,0,3,2,0,2,0,11,0,0,0,10,7,8,6,13,2,8,5,5,2,6,1,0,0,1946,16
pgsql,520a83a0dd2e0039c794851f1dcb893825d3e6e1,0,nan,nan,13,0,5,75,39,23,110,54,244,305,120,68,20,162,12,24,0,0,5,22,9,0,1,0,0,0,5,11,4,5,25,14,17,11,11,11,0,0,6,1,10,20,0,3,0,5,0,0,1,1,0,11,0,20,2,14,1,0,0,1,0,0,0,0,25,0,0,14,16,8,7,15,4,7,12,18,0,6,1,20,2,2,2,1,6,26,6,0,2,32,6,6,2,14,37,54,5,5,17,47,26,8,8,47,23,28,14,16,8,8,2,2,1,2,3,1,15,0,1,0,2,0,0,8,1,1,1,4,13,0,5,0,0,3,0,10,0,11,0,0,0,2051,20
cst,520a83a0dd2e0039c794851f1dcb893825d3e6e1,0,nan,nan,13,0,5,75,39,23,110,54,244,305,120,68,20,162,12,24,0,0,5,22,9,0,1,0,0,0,5,11,4,5,25,14,17,11,11,11,0,0,6,1,10,20,0,3,0,5,0,0,1,1,0,11,0,20,2,14,1,0,0,1,0,0,0,0,25,0,0,14,16,8,7,15,4,7,12,18,0,6,1,20,2,2,2,1,6,26,6,0,2,32,6,6,2,14,37,54,5,5,17,47,26,8,8,47,23,28,14,16,8,8,2,2,1,2,3,1,15,0,1,0,2,0,0,8,1,1,1,4,13,0,5,0,0,3,0,10,0,11,0,0,0,2051,20
formatter,520a83a0dd2e0039c794851f1dcb893825d3e6e1,0,3373401.25,113336320.0,13,0,5,75,39,23,110,54,244,305,120,68,20,162,12,24,0,0,5,22,9,0,1,0,0,0,5,11,4,5,25,14,17,11,11,11,0,0,6,1,10,20,0,3,0,5,0,0,1,1,0,11,0,20,2,14,1,0,0,1,0,0,0,0,25,0,0,14,16,8,7,15,4,7,12,18,0,6,1,20,2,2,2,1,6,26,6,0,2,32,6,6,2,14,37,54,5,5,17,47,26,8,8,47,23,28,14,16,8,8,2,2,1,2,3,1,15,0,1,0,2,0,0,8,1,1,1,4,13,0,5,0,0,3,0,10,0,11,0,0,0,2051,20
pgsql,8263eaea14cfbc80155d1c4ed560aef62625e4b1,0,nan,nan,8,3,5,53,21,11,44,45,167,325,148,66,14,121,7,22,0,2,2,10,2,0,0,0,1,0,3,11,3,2,6,4,9,3,3,7,0,0,2,1,12,16,0,7,0,0,0,0,0,0,0,17,0,113,1,23,0,0,1,0,0,0,0,0,30,0,0,23,10,13,4,29,7,4,14,34,1,5,2,39,7,7,8,2,6,45,6,0,2,55,10,10,2,21,61,94,6,6,27,72,46,9,9,72,27,38,20,22,9,9,3,4,1,3,4,4,24,1,4,0,0,5,4,13,2,1,1,19,6,0,3,6,2,21,10,13,0,9,4,0,0,1890,8
cst,8263eaea14cfbc80155d1c4ed560aef62625e4b1,0,nan,nan,8,3,5,53,21,11,44,45,167,325,148,66,14,121,7,22,0,2,2,10,2,0,0,0,1,0,3,11,3,2,6,4,9,3,3,7,0,0,2,1,12,16,0,7,0,0,0,0,0,0,0,17,0,113,1,23,0,0,1,0,0,0,0,0,30,0,0,23,10,13,4,29,7,4,14,34,1,5,2,39,7,7,8,2,6,45,6,0,2,55,10,10,2,21,61,94,6,6,27,72,46,9,9,72,27,38,20,22,9,9,3,4,1,3,4,4,24,1,4,0,0,5,4,13,2,1,1,19,6,0,3,6,2,21,10,13,0,9,4,0,0,1890,8
formatter,8263eaea14cfbc80155d1c4ed560aef62625e4b1,0,3058902.8333333335,95431338.66666667,8,3,5,53,21,11,44,45,167,325,148,66,14,121,7,22,0,2,2,10,2,0,0,0,1,0,3,11,3,2,6,4,9,3,3,7,0,0,2,1,12,16,0,7,0,0,0,0,0,0,0,17,0,113,1,23,0,0,1,0,0,0,0,0,30,0,0,23,10,13,4,29,7,4,14,34,1,5,2,39,7,7,8,2,6,45,6,0,2,55,10,10,2,21,61,94,6,6,27,72,46,9,9,72,27,38,20,22,9,9,3,4,1,3,4,4,24,1,4,0,0,5,4,13,2,1,1,19,6,0,3,6,2,21,10,13,0,9,4,0,0,1890,8
pgsql,111f10c2ff270e9732fde38586e09d26e63fe6a9,0,nan,nan,18,9,11,51,20,7,37,44,188,299,129,61,20,150,17,24,0,6,2,21,2,0,2,0,0,0,8,8,5,2,9,4,14,13,13,8,0,0,2,2,16,22,1,8,0,4,0,0,0,0,0,18,0,82,1,20,0,0,1,0,0,0,0,0,26,0,0,20,9,7,8,23,7,8,12,27,2,2,4,28,4,4,5,5,3,31,3,0,7,40,9,9,7,18,43,69,3,3,19,54,37,4,4,54,25,34,10,21,15,15,2,2,0,7,2,5,12,1,6,1,1,0,0,15,2,1,0,19,4,17,0,6,3,13,11,6,1,3,2,1,1,1986,12
cst,111f10c2ff270e9732fde38586e09d26e63fe6a9,0,nan,nan,18,9,11,51,20,7,37,44,188,299,129,61,20,150,17,24,0,6,2,21,2,0,2,0,0,0,8,8,5,2,9,4,14,13,13,8,0,0,2,2,16,22,1,8,0,4,0,0,0,0,0,18,0,82,1,20,0,0,1,0,0,0,0,0,26,0,0,20,9,7,8,23,7,8,12,27,2,2,4,28,4,4,5,5,3,31,3,0,7,40,9,9,7,18,43,69,3,3,19,54,37,4,4,54,25,34,10,21,15,15,2,2,0,7,2,5,12,1,6,1,1,0,0,15,2,1,0,19,4,17,0,6,3,13,11,6,1,3,2,1,1,1986,12
formatter,111f10c2ff270e9732fde38586e09d26e63fe6a9,0,3204942.625,98529280.0,18,9,11,51,20,7,37,44,188,299,129,61,20,150,17,24,0,6,2,21,2,0,2,0,0,0,8,8,5,2,9,4,14,13,13,8,0,0,2,2,16,22,1,8,0,4,0,0,0,0,0,18,0,82,1,20,0,0,1,0,0,0,0,0,26,0,0,20,9,7,8,23,7,8,12,27,2,2,4,28,4,4,5,5,3,31,3,0,7,40,9,9,7,18,43,69,3,3,19,54,37,4,4,54,25,34,10,21,15,15,2,2,0,7,2,5,12,1,6,1,1,0,0,15,2,1,0,19,4,17,0,6,3,13,11,6,1,3,2,1,1,1986,12
pgsql,6afdea51d8401c2d1c17957260d51e514d1bd08b,0,nan,nan,15,9,13,76,28,14,58,63,229,295,149,74,14,169,14,20,0,6,4,21,4,0,1,0,0,0,3,10,5,4,19,8,11,14,14,7,0,0,5,1,12,18,0,7,0,3,0,0,1,1,0,16,0,16,1,20,1,0,2,1,0,0,0,0,26,1,0,20,10,11,2,24,5,2,9,24,2,1,0,28,4,4,4,0,2,30,2,0,0,37,7,7,0,15,39,54,2,2,23,48,24,9,9,48,22,26,15,10,12,12,1,2,1,5,2,2,17,2,1,1,0,3,0,12,1,0,0,3,1,9,5,8,2,10,0,12,1,8,2,0,0,1954,14
cst,6afdea51d8401c2d1c17957260d51e514d1bd08b,0,1997005.25,129015808.0,15,9,13,76,28,14,58,63,229,295,149,74,14,169,14,20,0,6,4,21,4,0,1,0,0,0,3,10,5,4,19,8,11,14,14,7,0,0,5,1,12,18,0,7,0,3,0,0,1,1,0,16,0,16,1,20,1,0,2,1,0,0,0,0,26,1,0,20,10,11,2,24,5,2,9,24,2,1,0,28,4,4,4,0,2,30,2,0,0,37,7,7,0,15,39,54,2,2,23,48,24,9,9,48,22,26,15,10,12,12,1,2,1,5,2,2,17,2,1,1,0,3,0,12,1,0,0,3,1,9,5,8,2,10,0,12,1,8,2,0,0,1954,14
formatter,6afdea51d8401c2d1c17957260d51e514d1bd08b,0,3280847.1666666665,109040981.33333333,15,9,13,76,28,14,58,63,229,295,149,74,14,169,14,20,0,6,4,21,4,0,1,0,0,0,3,10,5,4,19,8,11,14,14,7,0,0,5,1,12,18,0,7,0,3,0,0,1,1,0,16,0,16,1,20,1,0,2,1,0,0,0,0,26,1,0,20,10,11,2,24,5,2,9,24,2,1,0,28,4,4,4,0,2,30,2,0,0,37,7,7,0,15,39,54,2,2,23,48,24,9,9,48,22,26,15,10,12,12,1,2,1,5,2,2,17,2,1,1,0,3,0,12,1,0,0,3,1,9,5,8,2,10,0,12,1,8,2,0,0,1954,14
pgsql,0ab8ef78a7a2eb8b1fd1eab23f8246658b9c29d3,0,nan,nan,8,3,6,51,19,10,55,43,131,320,145,71,11,144,7,25,0,2,3,14,4,1,2,0,0,0,2,12,6,3,10,7,11,7,7,7,1,0,4,2,19,18,2,7,0,8,0,0,0,0,0,23,0,27,3,30,0,0,3,0,0,0,0,0,36,1,0,30,20,12,4,37,7,4,14,42,4,5,1,44,5,5,5,2,9,53,9,0,3,60,7,7,6,25,64,106,4,4,23,75,57,5,5,75,38,45,14,25,13,13,1,5,1,5,2,3,16,3,4,1,1,3,0,13,1,0,1,7,11,4,3,8,1,4,3,6,1,9,1,1,0,1851,14
cst,0ab8ef78a7a2eb8b1fd1eab23f8246658b9c29d3,0,nan,nan,8,3,6,51,19,10,55,43,131,320,145,71,11,144,7,25,0,2,3,14,4,1,2,0,0,0,2,12,6,3,10,7,11,7,7,7,1,0,4,2,19,18,2,7,0,8,0,0,0,0,0,23,0,27,3,30,0,0,3,0,0,0,0,0,36,1,0,30,20,12,4,37,7,4,14,42,4,5,1,44,5,5,5,2,9,53,9,0,3,60,7,7,6,25,64,106,4,4,23,75,57,5,5,75,38,45,14,25,13,13,1,5,1,5,2,3,16,3,4,1,1,3,0,13,1,0,1,7,11,4,3,8,1,4,3,6,1,9,1,1,0,1851,14
formatter,0ab8ef78a7a2eb8b1fd1eab23f8246658b9c29d3,0,3318263.8333333335,106348544.0,8,3,6,51,19,10,55,43,131,320,145,71,11,144,7,25,0,2,3,14,4,1,2,0,0,0,2,12,6,3,10,7,11,7,7,7,1,0,4,2,19,18,2,7,0,8,0,0,0,0,0,23,0,27,3,30,0,0,3,0,0,0,0,0,36,1,0,30,20,12,4,37,7,4,14,42,4,5,1,44,5,5,5,2,9,53,9,0,3,60,7,7,6,25,64,106,4,4,23,75,57,5,5,75,38,45,14,25,13,13,1,5,1,5,2,3,16,3,4,1,1,3,0,13,1,0,1,7,11,4,3,8,1,4,3,6,1,9,1,1,0,1851,14
pgsql,101068765e88e08a8a41fbb73b0c052e124321a2,0,nan,nan,13,3,4,50,19,11,57,44,161,271,125,63,13,118,12,13,0,2,1,14,2,0,0,0,0,0,3,7,1,1,6,3,11,8,8,6,0,0,3,0,10,20,0,9,0,4,0,0,0,0,0,14,0,162,3,17,0,0,1,0,0,0,0,0,22,0,0,17,7,9,6,20,7,6,9,27,0,5,2,31,6,6,6,2,5,36,5,0,2,48,12,12,2,20,55,74,7,7,17,65,25,8,8,65,30,38,19,19,25,25,4,6,1,8,3,2,24,1,1,0,1,2,0,25,2,2,2,27,10,2,10,14,3,9,18,15,0,8,3,0,0,1870,11
cst,101068765e88e08a8a41fbb73b0c052e124321a2,0,nan,nan,13,3,4,50,19,11,57,44,161,271,125,63,13,118,12,13,0,2,1,14,2,0,0,0,0,0,3,7,1,1,6,3,11,8,8,6,0,0,3,0,10,20,0,9,0,4,0,0,0,0,0,14,0,162,3,17,0,0,1,0,0,0,0,0,22,0,0,17,7,9,6,20,7,6,9,27,0,5,2,31,6,6,6,2,5,36,5,0,2,48,12,12,2,20,55,74,7,7,17,65,25,8,8,65,30,38,19,19,25,25,4,6,1,8,3,2,24,1,1,0,1,2,0,25,2,2,2,27,10,2,10,14,3,9,18,15,0,8,3,0,0,1870,11
formatter,101068765e88e08a8a41fbb73b0c052e124321a2,0,2957743.3333333335,94988970.66666667,13,3,4,50,19,11,57,44,161,271,125,63,13,118,12,13,0,2,1,14,2,0,0,0,0,0,3,7,1,1,6,3,11,8,8,6,0,0,3,0,10,20,0,9,0,4,0,0,0,0,0,14,0,162,3,17,0,0,1,0,0,0,0,0,22,0,0,17,7,9,6,20,7,6,9,27,0,5,2,31,6,6,6,2,5,36,5,0,2,48,12,12,2,20,55,74,7,7,17,65,25,8,8,65,30,38,19,19,25,25,4,6,1,8,3,2,24,1,1,0,1,2,0,25,2,2,2,27,10,2,10,14,3,9,18,15,0,8,3,0,0,1870,11
pgsql,30a197049190139932df14b388358d9408332b02,0,nan,nan,24,18,20,54,26,15,71,44,161,297,138,69,13,181,23,23,0,12,2,27,4,0,1,0,0,0,8,13,6,2,9,6,17,18,18,9,0,0,8,1,8,23,1,6,0,4,0,0,0,0,0,10,0,54,3,12,0,0,1,0,0,0,0,0,19,0,0,12,12,5,2,17,6,2,5,20,1,3,0,21,2,2,2,0,4,25,4,0,0,32,7,7,0,14,39,51,7,7,19,42,24,3,3,42,22,29,5,13,16,16,1,3,1,4,6,4,6,1,1,0,1,3,0,16,1,0,0,12,24,9,2,0,0,22,7,4,0,10,0,0,0,1924,15
cst,30a197049190139932df14b388358d9408332b02,0,nan,nan,24,18,20,54,26,15,71,44,161,297,138,69,13,181,23,23,0,12,2,27,4,0,1,0,0,0,8,13,6,2,9,6,17,18,18,9,0,0,8,1,8,23,1,6,0,4,0,0,0,0,0,10,0,54,3,12,0,0,1,0,0,0,0,0,19,0,0,12,12,5,2,17,6,2,5,20,1,3,0,21,2,2,2,0,4,25,4,0,0,32,7,7,0,14,39,51,7,7,19,42,24,3,3,42,22,29,5,13,16,16,1,3,1,4,6,4,6,1,1,0,1,3,0,16,1,0,0,12,24,9,2,0,0,22,7,4,0,10,0,0,0,1924,15
formatter,30a197049190139932df14b388358d9408332b02,0,3373781.25,111697920.0,24,18,20,54,26,15,71,44,161,297,138,69,13,181,23,23,0,12,2,27,4,0,1,0,0,0,8,13,6,2,9,6,17,18,18,9,0,0,8,1,8,23,1,6,0,4,0,0,0,0,0,10,0,54,3,12,0,0,1,0,0,0,0,0,19,0,0,12,12,5,2,17,6,2,5,20,1,3,0,21,2,2,2,0,4,25,4,0,0,32,7,7,0,14,39,51,7,7,19,42,24,3,3,42,22,29,5,13,16,16,1,3,1,4,6,4,6,1,1,0,1,3,0,16,1,0,0,12,24,9,2,0,0,22,7,4,0,10,0,0,0,1924,15
pgsql,6bf3ab26b8509d662adf82c767b91096c271badf,0,nan,nan,17,9,12,70,37,16,80,60,268,302,143,67,13,161,16,12,0,6,3,22,5,0,1,0,0,0,7,5,2,3,16,8,16,16,16,6,0,0,8,1,6,22,1,6,0,2,0,0,0,0,0,9,0,48,5,12,0,0,1,0,0,0,0,0,13,0,0,12,2,4,2,13,3,2,6,17,1,2,2,20,3,3,3,2,5,25,5,0,3,33,8,8,3,10,37,50,4,4,16,48,15,8,8,48,19,26,16,11,14,14,3,2,2,2,5,0,20,1,1,0,0,1,0,14,1,2,0,5,3,10,0,0,0,12,0,11,0,14,2,0,0,1937,14
cst,6bf3ab26b8509d662adf82c767b91096c271badf,0,1837908.3,129689190.4,17,9,12,70,37,16,80,60,268,302,143,67,13,161,16,12,0,6,3,22,5,0,1,0,0,0,7,5,2,3,16,8,16,16,16,6,0,0,8,1,6,22,1,6,0,2,0,0,0,0,0,9,0,48,5,12,0,0,1,0,0,0,0,0,13,0,0,12,2,4,2,13,3,2,6,17,1,2,2,20,3,3,3,2,5,25,5,0,3,33,8,8,3,10,37,50,4,4,16,48,15,8,8,48,19,26,16,11,14,14,3,2,2,2,5,0,20,1,1,0,0,1,0,14,1,2,0,5,3,10,0,0,0,12,0,11,0,14,2,0,0,1937,14
formatter,6bf3ab26b8509d662adf82c767b91096c271badf,0,3091013.8333333335,95059968.0,17,9,12,70,37,16,80,60,268,302,143,67,13,161,16,12,0,6,3,22,5,0,1,0,0,0,7,5,2,3,16,8,16,16,16,6,0,0,8,1,6,22,1,6,0,2,0,0,0,0,0,9,0,48,5,12,0,0,1,0,0,0,0,0,13,0,0,12,2,4,2,13,3,2,6,17,1,2,2,20,3,3,3,2,5,25,5,0,3,33,8,8,3,10,37,50,4,4,16,48,15,8,8,48,19,26,16,11,14,14,3,2,2,2,5,0,20,1,1,0,0,1,0,14,1,2,0,5,3,10,0,0,0,12,0,11,0,14,2,0,0,1937,14
pgsql,324d33376098f9dc02469ffc76f599e38d997b13,0,nan,nan,8,0,2,41,20,6,17,35,125,331,163,82,11,119,7,21,0,0,2,12,4,0,1,0,0,0,1,10,3,2,6,6,10,3,3,9,0,0,1,1,21,16,0,6,0,7,0,0,0,0,0,30,0,36,1,38,0,0,0,0,0,0,0,0,48,0,0,38,23,16,8,43,7,8,17,46,1,8,1,50,4,4,4,1,8,58,8,0,1,71,13,13,1,32,79,111,8,8,29,85,53,5,5,85,35,44,18,31,15,15,4,1,3,3,5,3,20,0,8,2,1,6,1,16,4,1,3,9,0,7,10,2,1,13,0,7,2,3,1,0,0,1869,14
cst,324d33376098f9dc02469ffc76f599e38d997b13,0,4700645.75,156954624.0,8,0,2,41,20,6,17,35,125,331,163,82,11,119,7,21,0,0,2,12,4,0,1,0,0,0,1,10,3,2,6,6,10,3,3,9,0,0,1,1,21,16,0,6,0,7,0,0,0,0,0,30,0,36,1,38,0,0,0,0,0,0,0,0,48,0,0,38,23,16,8,43,7,8,17,46,1,8,1,50,4,4,4,1,8,58,8,0,1,71,13,13,1,32,79,111,8,8,29,85,53,5,5,85,35,44,18,31,15,15,4,1,3,3,5,3,20,0,8,2,1,6,1,16,4,1,3,9,0,7,10,2,1,13,0,7,2,3,1,0,0,1869,14
formatter,324d33376098f9dc02469ffc76f599e38d997b13,0,3338871.0,103818854.4,8,0,2,41,20,6,17,35,125,331,163,82,11,119,7,21,0,0,2,12,4,0,1,0,0,0,1,10,3,2,6,6,10,3,3,9,0,0,1,1,21,16,0,6,0,7,0,0,0,0,0,30,0,36,1,38,0,0,0,0,0,0,0,0,48,0,0,38,23,16,8,43,7,8,17,46,1,8,1,50,4,4,4,1,8,58,8,0,1,71,13,13,1,32,79,111,8,8,29,85,53,5,5,85,35,44,18,31,15,15,4,1,3,3,5,3,20,0,8,2,1,6,1,16,4,1,3,9,0,7,10,2,1,13,0,7,2,3,1,0,0,1869,14
pgsql,21419b197ac599d40beb6af12c6e6cef9dd7f1c0,0,nan,nan,10,0,3,47,25,13,50,34,145,313,130,62,13,144,9,15,0,0,3,17,5,0,0,0,0,0,2,8,3,3,5,8,11,9,9,8,0,0,7,0,16,23,1,12,0,4,0,0,0,0,0,20,0,45,1,27,0,0,1,0,0,0,0,0,33,0,0,27,18,12,8,29,5,8,14,36,1,7,4,38,4,4,5,5,3,41,3,0,6,52,11,11,6,19,59,83,7,7,27,74,39,9,9,74,39,38,18,30,20,20,2,4,1,4,4,1,23,1,8,0,1,2,1,21,1,2,0,8,12,16,0,0,0,7,3,7,0,15,0,0,0,1974,14
cst,21419b197ac599d40beb6af12c6e6cef9dd7f1c0,0,nan,nan,10,0,3,47,25,13,50,34,145,313,130,62,13,144,9,15,0,0,3,17,5,0,0,0,0,0,2,8,3,3,5,8,11,9,9,8,0,0,7,0,16,23,1,12,0,4,0,0,0,0,0,20,0,45,1,27,0,0,1,0,0,0,0,0,33,0,0,27,18,12,8,29,5,8,14,36,1,7,4,38,4,4,5,5,3,41,3,0,6,52,11,11,6,19,59,83,7,7,27,74,39,9,9,74,39,38,18,30,20,20,2,4,1,4,4,1,23,1,8,0,1,2,1,21,1,2,0,8,12,16,0,0,0,7,3,7,0,15,0,0,0,1974,14
formatter,21419b197ac599d40beb6af12c6e6cef9dd7f1c0,0,3350694.3333333335,116086101.33333333,10,0,3,47,25,13,50,34,145,313,130,62,13,144,9,15,0,0,3,17,5,0,0,0,0,0,2,8,3,3,5,8,11,9,9,8,0,0,7,0,16,23,1,12,0,4,0,0,0,0,0,20,0,45,1,27,0,0,1,0,0,0,0,0,33,0,0,27,18,12,8,29,5,8,14,36,1,7,4,38,4,4,5,5,3,41,3,0,6,52,11,11,6,19,59,83,7,7,27,74,39,9,9,74,39,38,18,30,20,20,2,4,1,4,4,1,23,1,8,0,1,2,1,21,1,2,0,8,12,16,0,0,0,7,3,7,0,15,0,0,0,1974,14
pgsql,7905023514e2110964359180939504786f11188a,0,nan,nan,8,0,1,26,13,5,22,25,116,318,135,62,22,106,7,21,0,0,1,9,1,0,0,0,0,0,3,11,7,1,0,2,8,3,3,6,0,0,3,0,19,14,0,6,0,2,0,0,0,0,0,26,0,169,2,30,0,0,3,0,0,0,0,0,36,0,0,30,16,13,8,33,5,8,12,37,4,1,3,39,8,8,8,3,6,45,6,0,4,51,6,6,4,27,66,94,15,15,27,81,40,11,11,81,38,50,13,24,15,15,1,3,4,11,4,7,15,3,6,2,1,4,0,15,1,0,1,30,10,16,18,5,3,6,22,6,2,5,1,1,0,1964,8
cst,7905023514e2110964359180939504786f11188a,0,nan,nan,8,0,1,26,13,5,22,25,116,318,135,62,22,106,7,21,0,0,1,9,1,0,0,0,0,0,3,11,7,1,0,2,8,3,3,6,0,0,3,0,19,14,0,6,0,2,0,0,0,0,0,26,0,169,2,30,0,0,3,0,0,0,0,0,36,0,0,30,16,13,8,33,5,8,12,37,4,1,3,39,8,8,8,3,6,45,6,0,4,51,6,6,4,27,66,94,15,15,27,81,40,11,11,81,38,50,13,24,15,15,1,3,4,11,4,7,15,3,6,2,1,4,0,15,1,0,1,30,10,16,18,5,3,6,22,6,2,5,1,1,0,1964,8
formatter,7905023514e2110964359180939504786f11188a,0,3046218.875,96174080.0,8,0,1,26,13,5,22,25,116,318,135,62,22,106,7,21,0,0,1,9,1,0,0,0,0,0,3,11,7,1,0,2,8,3,3,6,0,0,3,0,19,14,0,6,0,2,0,0,0,0,0,26,0,169,2,30,0,0,3,0,0,0,0,0,36,0,0,30,16,13,8,33,5,8,12,37,4,1,3,39,8,8,8,3,6,45,6,0,4,51,6,6,4,27,66,94,15,15,27,81,40,11,11,81,38,50,13,24,15,15,1,3,4,11,4,7,15,3,6,2,1,4,0,15,1,0,1,30,10,16,18,5,3,6,22,6,2,5,1,1,0,1964,8
pgsql,3558cfc9605cf911e7bc129a18684ac7d3f44e9e,0,nan,nan,13,3,6,65,32,15,69,53,208,311,150,83,16,162,12,18,0,0,3,17,4,1,2,0,1,0,5,10,2,3,21,7,14,7,7,10,1,0,3,3,15,19,0,5,0,3,0,0,0,0,0,18,0,27,2,25,0,0,2,0,0,0,0,0,31,0,0,25,15,17,8,29,6,8,17,30,4,3,0,31,5,5,5,0,4,35,4,0,0,42,7,7,0,22,49,59,7,7,16,52,24,3,3,52,19,23,18,18,7,7,2,3,2,6,2,2,21,2,5,0,0,2,1,8,1,1,1,5,14,14,5,11,2,3,0,13,0,5,2,1,0,1896,17
cst,3558cfc9605cf911e7bc129a18684ac7d3f44e9e,0,nan,nan,13,3,6,65,32,15,69,53,208,311,150,83,16,162,12,18,0,0,3,17,4,1,2,0,1,0,5,10,2,3,21,7,14,7,7,10,1,0,3,3,15,19,0,5,0,3,0,0,0,0,0,18,0,27,2,25,0,0,2,0,0,0,0,0,31,0,0,25,15,17,8,29,6,8,17,30,4,3,0,31,5,5,5,0,4,35,4,0,0,42,7,7,0,22,49,59,7,7,16,52,24,3,3,52,19,23,18,18,7,7,2,3,2,6,2,2,21,2,5,0,0,2,1,8,1,1,1,5,14,14,5,11,2,3,0,13,0,5,2,1,0,1896,17
formatter,3558cfc9605cf911e7bc129a18684ac7d3f44e9e,0,3108583.3333333335,95644330.66666667,13,3,6,65,32,15,69,53,208,311,150,83,16,162,12,18,0,0,3,17,4,1,2,0,1,0,5,10,2,3,21,7,14,7,7,10,1,0,3,3,15,19,0,5,0,3,0,0,0,0,0,18,0,27,2,25,0,0,2,0,0,0,0,0,31,0,0,25,15,17,8,29,6,8,17,30,4,3,0,31,5,5,5,0,4,35,4,0,0,42,7,7,0,22,49,59,7,7,16,52,24,3,3,52,19,23,18,18,7,7,2,3,2,6,2,2,21,2,5,0,0,2,1,8,1,1,1,5,14,14,5,11,2,3,0,13,0,5,2,1,0,1896,17
pgsql,ffb85d5082135b32ea08acf018375d4cfec86cb2,0,nan,nan,9,0,0,39,25,14,78,27,114,323,145,74,21,95,8,15,0,0,0,9,1,0,1,0,0,0,3,8,5,0,0,1,7,5,5,4,0,0,5,1,18,11,1,4,0,3,0,0,0,0,0,26,0,33,3,32,0,0,2,0,0,0,0,0,35,0,0,32,15,14,8,39,10,8,11,43,2,2,3,46,7,7,7,4,11,57,11,0,5,70,13,13,7,29,76,126,6,6,30,86,59,3,3,86,30,50,20,29,20,20,0,3,2,7,7,3,25,2,6,1,0,5,1,21,0,0,0,5,8,5,5,7,2,20,2,11,1,7,4,0,0,1865,6
cst,ffb85d5082135b32ea08acf018375d4cfec86cb2,0,nan,nan,9,0,0,39,25,14,78,27,114,323,145,74,21,95,8,15,0,0,0,9,1,0,1,0,0,0,3,8,5,0,0,1,7,5,5,4,0,0,5,1,18,11,1,4,0,3,0,0,0,0,0,26,0,33,3,32,0,0,2,0,0,0,0,0,35,0,0,32,15,14,8,39,10,8,11,43,2,2,3,46,7,7,7,4,11,57,11,0,5,70,13,13,7,29,76,126,6,6,30,86,59,3,3,86,30,50,20,29,20,20,0,3,2,7,7,3,25,2,6,1,0,5,1,21,0,0,0,5,8,5,5,7,2,20,2,11,1,7,4,0,0,1865,6
formatter,ffb85d5082135b32ea08acf018375d4cfec86cb2,0,3044194.5,95507797.33333333,9,0,0,39,25,14,78,27,114,323,145,74,21,95,8,15,0,0,0,9,1,0,1,0,0,0,3,8,5,0,0,1,7,5,5,4,0,0,5,1,18,11,1,4,0,3,0,0,0,0,0,26,0,33,3,32,0,0,2,0,0,0,0,0,35,0,0,32,15,14,8,39,10,8,11,43,2,2,3,46,7,7,7,4,11,57,11,0,5,70,13,13,7,29,76,126,6,6,30,86,59,3,3,86,30,50,20,29,20,20,0,3,2,7,7,3,25,2,6,1,0,5,1,21,0,0,0,5,8,5,5,7,2,20,2,11,1,7,4,0,0,1865,6
pgsql,5253a350d940f7b30c09ca52de7d6e49e0a83662,0,nan,nan,8,2,4,51,24,12,44,39,172,305,153,80,15,132,7,15,0,0,2,12,2,0,0,0,0,0,6,6,0,2,9,4,10,8,8,4,0,0,5,0,15,16,1,6,0,2,0,0,0,0,0,22,0,102,1,27,0,0,3,0,0,0,0,0,35,0,0,27,15,10,10,32,9,10,12,36,1,5,3,36,2,2,2,4,7,43,7,0,5,50,7,7,6,19,56,98,6,6,24,66,51,4,4,66,32,39,18,16,18,18,3,1,1,5,2,6,22,3,1,0,0,1,1,19,2,2,1,24,1,8,1,9,2,5,13,7,0,11,2,1,1,1871,12
cst,5253a350d940f7b30c09ca52de7d6e49e0a83662,0,nan,nan,8,2,4,51,24,12,44,39,172,305,153,80,15,132,7,15,0,0,2,12,2,0,0,0,0,0,6,6,0,2,9,4,10,8,8,4,0,0,5,0,15,16,1,6,0,2,0,0,0,0,0,22,0,102,1,27,0,0,3,0,0,0,0,0,35,0,0,27,15,10,10,32,9,10,12,36,1,5,3,36,2,2,2,4,7,43,7,0,5,50,7,7,6,19,56,98,6,6,24,66,51,4,4,66,32,39,18,16,18,18,3,1,1,5,2,6,22,3,1,0,0,1,1,19,2,2,1,24,1,8,1,9,2,5,13,7,0,11,2,1,1,1871,12
formatter,5253a350d940f7b30c09ca52de7d6e49e0a83662,0,3158276.0,99565568.0,8,2,4,51,24,12,44,39,172,305,153,80,15,132,7,15,0,0,2,12,2,0,0,0,0,0,6,6,0,2,9,4,10,8,8,4,0,0,5,0,15,16,1,6,0,2,0,0,0,0,0,22,0,102,1,27,0,0,3,0,0,0,0,0,35,0,0,27,15,10,10,32,9,10,12,36,1,5,3,36,2,2,2,4,7,43,7,0,5,50,7,7,6,19,56,98,6,6,24,66,51,4,4,66,32,39,18,16,18,18,3,1,1,5,2,6,22,3,1,0,0,1,1,19,2,2,1,24,1,8,1,9,2,5,13,7,0,11,2,1,1,1871,12
pgsql,9534306f9e9905ba7517c306abcd035e1d435d42,0,nan,nan,30,10,18,83,39,24,131,60,292,309,151,72,19,202,29,26,0,0,8,38,17,0,0,0,1,0,12,13,6,8,29,25,27,19,19,19,0,0,1,1,3,37,1,10,0,0,0,0,1,4,2,3,0,1,0,3,1,2,0,2,2,0,0,0,4,0,0,3,2,2,1,4,1,1,1,5,0,1,0,5,1,1,1,0,0,5,0,0,0,6,1,1,0,2,6,9,0,0,3,7,3,1,1,7,4,3,3,1,2,2,0,1,0,1,0,0,3,0,0,0,0,1,0,2,0,0,0,0,2,0,3,0,0,0,0,3,0,1,0,0,0,2109,37
cst,9534306f9e9905ba7517c306abcd035e1d435d42,0,1198191.8,126025728.0,30,10,18,83,39,24,131,60,292,309,151,72,19,202,29,26,0,0,8,38,17,0,0,0,1,0,12,13,6,8,29,25,27,19,19,19,0,0,1,1,3,37,1,10,0,0,0,0,1,4,2,3,0,1,0,3,1,2,0,2,2,0,0,0,4,0,0,3,2,2,1,4,1,1,1,5,0,1,0,5,1,1,1,0,0,5,0,0,0,6,1,1,0,2,6,9,0,0,3,7,3,1,1,7,4,3,3,1,2,2,0,1,0,1,0,0,3,0,0,0,0,1,0,2,0,0,0,0,2,0,3,0,0,0,0,3,0,1,0,0,0,2109,37
formatter,9534306f9e9905ba7517c306abcd035e1d435d42,0,3373093.75,112517120.0,30,10,18,83,39,24,131,60,292,309,151,72,19,202,29,26,0,0,8,38,17,0,0,0,1,0,12,13,6,8,29,25,27,19,19,19,0,0,1,1,3,37,1,10,0,0,0,0,1,4,2,3,0,1,0,3,1,2,0,2,2,0,0,0,4,0,0,3,2,2,1,4,1,1,1,5,0,1,0,5,1,1,1,0,0,5,0,0,0,6,1,1,0,2,6,9,0,0,3,7,3,1,1,7,4,3,3,1,2,2,0,1,0,1,0,0,3,0,0,0,0,1,0,2,0,0,0,0,2,0,3,0,0,0,0,3,0,1,0,0,0,2109,37
pgsql,d77356199e11087030ddd4d3eabb8dd563de0700,0,nan,nan,10,2,2,45,25,8,37,37,108,313,157,80,19,80,9,21,0,0,0,10,0,0,1,0,0,0,5,8,3,0,0,0,7,4,4,6,0,0,3,1,21,10,1,3,0,4,0,0,0,0,0,28,0,81,1,34,0,0,3,0,0,0,0,0,40,1,0,34,18,11,7,40,7,7,18,43,4,3,2,47,8,8,8,2,9,56,9,0,2,68,12,12,2,34,82,109,14,14,36,89,52,5,5,89,32,53,22,31,12,12,2,3,2,8,0,7,27,3,7,3,0,1,0,12,1,1,0,17,9,11,9,0,0,0,7,13,3,4,5,0,0,1786,6
cst,d77356199e11087030ddd4d3eabb8dd563de0700,0,nan,nan,10,2,2,45,25,8,37,37,108,313,157,80,19,80,9,21,0,0,0,10,0,0,1,0,0,0,5,8,3,0,0,0,7,4,4,6,0,0,3,1,21,10,1,3,0,4,0,0,0,0,0,28,0,81,1,34,0,0,3,0,0,0,0,0,40,1,0,34,18,11,7,40,7,7,18,43,4,3,2,47,8,8,8,2,9,56,9,0,2,68,12,12,2,34,82,109,14,14,36,89,52,5,5,89,32,53,22,31,12,12,2,3,2,8,0,7,27,3,7,3,0,1,0,12,1,1,0,17,9,11,9,0,0,0,7,13,3,4,5,0,0,1786,6
formatter,d77356199e11087030ddd4d3eabb8dd563de0700,0,2781826.1666666665,95780864.0,10,2,2,45,25,8,37,37,108,313,157,80,19,80,9,21,0,0,0,10,0,0,1,0,0,0,5,8,3,0,0,0,7,4,4,6,0,0,3,1,21,10,1,3,0,4,0,0,0,0,0,28,0,81,1,34,0,0,3,0,0,0,0,0,40,1,0,34,18,11,7,40,7,7,18,43,4,3,2,47,8,8,8,2,9,56,9,0,2,68,12,12,2,34,82,109,14,14,36,89,52,5,5,89,32,53,22,31,12,12,2,3,2,8,0,7,27,3,7,3,0,1,0,12,1,1,0,17,9,11,9,0,0,0,7,13,3,4,5,0,0,1786,6
pgsql,9031703a678f0a801f4b0c94635f10d783256f3d,0,nan,nan,16,1,5,51,16,6,19,46,207,295,146,69,8,179,15,20,0,0,4,20,6,0,0,0,0,0,5,7,5,4,18,10,11,15,15,5,0,0,3,0,15,18,2,7,0,3,0,0,0,0,0,18,0,35,1,25,0,0,1,0,0,0,0,0,31,0,0,25,18,11,9,27,5,9,11,29,2,2,3,32,7,7,8,3,5,37,5,1,4,45,8,8,4,18,50,73,5,5,21,56,35,2,2,56,29,29,9,29,19,19,1,3,0,3,3,3,12,1,8,0,1,5,1,20,0,1,0,8,3,2,0,1,2,15,3,8,0,10,1,0,0,1851,19
cst,9031703a678f0a801f4b0c94635f10d783256f3d,0,nan,nan,16,1,5,51,16,6,19,46,207,295,146,69,8,179,15,20,0,0,4,20,6,0,0,0,0,0,5,7,5,4,18,10,11,15,15,5,0,0,3,0,15,18,2,7,0,3,0,0,0,0,0,18,0,35,1,25,0,0,1,0,0,0,0,0,31,0,0,25,18,11,9,27,5,9,11,29,2,2,3,32,7,7,8,3,5,37,5,1,4,45,8,8,4,18,50,73,5,5,21,56,35,2,2,56,29,29,9,29,19,19,1,3,0,3,3,3,12,1,8,0,1,5,1,20,0,1,0,8,3,2,0,1,2,15,3,8,0,10,1,0,0,1851,19
formatter,9031703a678f0a801f4b0c94635f10d783256f3d,0,3377555.5,106425002.66666667,16,1,5,51,16,6,19,46,207,295,146,69,8,179,15,20,0,0,4,20,6,0,0,0,0,0,5,7,5,4,18,10,11,15,15,5,0,0,3,0,15,18,2,7,0,3,0,0,0,0,0,18,0,35,1,25,0,0,1,0,0,0,0,0,31,0,0,25,18,11,9,27,5,9,11,29,2,2,3,32,7,7,8,3,5,37,5,1,4,45,8,8,4,18,50,73,5,5,21,56,35,2,2,56,29,29,9,29,19,19,1,3,0,3,3,3,12,1,8,0,1,5,1,20,0,1,0,8,3,2,0,1,2,15,3,8,0,10,1,0,0,1851,19
pgsql,e60d3f11f5d048479c8d1893c3d3bec996f941e0,0,nan,nan,13,3,5,77,41,23,86,55,227,282,143,58,11,143,12,23,0,0,2,16,4,0,0,0,0,0,6,12,6,2,17,6,8,11,11,5,0,0,5,0,11,18,2,10,0,1,0,0,0,0,0,14,0,10,1,19,0,0,1,0,0,0,0,0,24,0,0,19,13,9,6,22,6,6,10,26,1,4,2,28,3,3,3,2,8,36,8,0,2,44,8,8,3,22,51,69,7,7,31,60,23,6,6,60,20,33,20,16,15,15,1,8,1,2,6,0,22,1,3,0,0,2,0,15,1,0,0,1,28,3,0,0,1,18,0,13,0,4,2,1,0,1869,13
cst,e60d3f11f5d048479c8d1893c3d3bec996f941e0,0,2615112.5,131304652.8,13,3,5,77,41,23,86,55,227,282,143,58,11,143,12,23,0,0,2,16,4,0,0,0,0,0,6,12,6,2,17,6,8,11,11,5,0,0,5,0,11,18,2,10,0,1,0,0,0,0,0,14,0,10,1,19,0,0,1,0,0,0,0,0,24,0,0,19,13,9,6,22,6,6,10,26,1,4,2,28,3,3,3,2,8,36,8,0,2,44,8,8,3,22,51,69,7,7,31,60,23,6,6,60,20,33,20,16,15,15,1,8,1,2,6,0,22,1,3,0,0,2,0,15,1,0,0,1,28,3,0,0,1,18,0,13,0,4,2,1,0,1869,13
formatter,e60d3f11f5d048479c8d1893c3d3bec996f941e0,0,3079736.1666666665,96332458.66666667,13,3,5,77,41,23,86,55,227,282,143,58,11,143,12,23,0,0,2,16,4,0,0,0,0,0,6,12,6,2,17,6,8,11,11,5,0,0,5,0,11,18,2,10,0,1,0,0,0,0,0,14,0,10,1,19,0,0,1,0,0,0,0,0,24,0,0,19,13,9,6,22,6,6,10,26,1,4,2,28,3,3,3,2,8,36,8,0,2,44,8,8,3,22,51,69,7,7,31,60,23,6,6,60,20,33,20,16,15,15,1,8,1,2,6,0,22,1,3,0,0,2,0,15,1,0,0,1,28,3,0,0,1,18,0,13,0,4,2,1,0,1869,13
pgsql,7859a84899ee49aa79bbc43fb1eadca8e268ddfc,0,nan,nan,9,1,1,53,21,7,42,48,147,278,112,65,16,68,8,15,0,0,0,9,1,0,1,0,0,0,3,7,2,0,0,1,6,4,4,5,0,0,2,1,14,11,0,5,0,2,0,0,0,0,0,18,0,218,2,24,0,0,3,0,0,0,0,0,30,1,0,24,14,7,5,27,6,5,12,34,1,2,7,36,4,4,6,10,9,45,9,0,15,52,7,7,15,22,58,96,6,6,28,80,38,7,7,80,29,43,26,22,9,9,2,5,4,7,4,5,32,3,1,1,0,2,1,10,2,0,1,41,10,0,21,1,2,16,34,17,1,3,3,0,0,1768,9
cst,7859a84899ee49aa79bbc43fb1eadca8e268ddfc,0,nan,nan,9,1,1,53,21,7,42,48,147,278,112,65,16,68,8,15,0,0,0,9,1,0,1,0,0,0,3,7,2,0,0,1,6,4,4,5,0,0,2,1,14,11,0,5,0,2,0,0,0,0,0,18,0,218,2,24,0,0,3,0,0,0,0,0,30,1,0,24,14,7,5,27,6,5,12,34,1,2,7,36,4,4,6,10,9,45,9,0,15,52,7,7,15,22,58,96,6,6,28,80,38,7,7,80,29,43,26,22,9,9,2,5,4,7,4,5,32,3,1,1,0,2,1,10,2,0,1,41,10,0,21,1,2,16,34,17,1,3,3,0,0,1768,9
formatter,7859a84899ee49aa79bbc43fb1eadca8e268ddfc,0,2629464.8333333335,93274112.0,9,1,1,53,21,7,42,48,147,278,112,65,16,68,8,15,0,0,0,9,1,0,1,0,0,0,3,7,2,0,0,1,6,4,4,5,0,0,2,1,14,11,0,5,0,2,0,0,0,0,0,18,0,218,2,24,0,0,3,0,0,0,0,0,30,1,0,24,14,7,5,27,6,5,12,34,1,2,7,36,4,4,6,10,9,45,9,0,15,52,7,7,15,22,58,96,6,6,28,80,38,7,7,80,29,43,26,22,9,9,2,5,4,7,4,5,32,3,1,1,0,2,1,10,2,0,1,41,10,0,21,1,2,16,34,17,1,3,3,0,0,1768,9
pgsql,15ab65a81d731812b50e68097f528ad5bbb9745c,0,nan,nan,10,0,2,56,25,7,23,51,182,295,138,63,10,125,9,33,0,0,2,13,2,0,0,0,1,0,5,15,7,2,9,4,11,4,4,9,0,0,5,1,15,16,0,5,0,5,0,0,0,0,0,19,0,75,3,22,0,0,2,0,0,0,0,0,35,0,0,22,24,12,10,27,9,10,15,32,2,6,3,34,5,5,6,3,8,42,8,1,3,50,8,8,3,24,59,82,9,9,28,69,36,7,7,69,31,41,17,19,15,15,1,3,2,4,4,5,21,2,4,0,1,1,2,17,0,1,0,15,10,0,2,10,2,21,8,14,0,7,4,0,0,1967,10
cst,15ab65a81d731812b50e68097f528ad5bbb9745c,0,nan,nan,10,0,2,56,25,7,23,51,182,295,138,63,10,125,9,33,0,0,2,13,2,0,0,0,1,0,5,15,7,2,9,4,11,4,4,9,0,0,5,1,15,16,0,5,0,5,0,0,0,0,0,19,0,75,3,22,0,0,2,0,0,0,0,0,35,0,0,22,24,12,10,27,9,10,15,32,2,6,3,34,5,5,6,3,8,42,8,1,3,50,8,8,3,24,59,82,9,9,28,69,36,7,7,69,31,41,17,19,15,15,1,3,2,4,4,5,21,2,4,0,1,1,2,17,0,1,0,15,10,0,2,10,2,21,8,14,0,7,4,0,0,1967,10
formatter,15ab65a81d731812b50e68097f528ad5bbb9745c,0,3224090.3333333335,95447722.66666667,10,0,2,56,25,7,23,51,182,295,138,63,10,125,9,33,0,0,2,13,2,0,0,0,1,0,5,15,7,2,9,4,11,4,4,9,0,0,5,1,15,16,0,5,0,5,0,0,0,0,0,19,0,75,3,22,0,0,2,0,0,0,0,0,35,0,0,22,24,12,10,27,9,10,15,32,2,6,3,34,5,5,6,3,8,42,8,1,3,50,8,8,3,24,59,82,9,9,28,69,36,7,7,69,31,41,17,19,15,15,1,3,2,4,4,5,21,2,4,0,1,1,2,17,0,1,0,15,10,0,2,10,2,21,8,14,0,7,4,0,0,1967,10
pgsql,8d2c6667dce620df04d5658a67010fb5e023ee52,0,nan,nan,10,0,3,59,28,14,89,46,199,291,138,57,15,165,9,21,0,0,3,14,4,0,0,0,0,0,3,15,7,5,27,7,8,12,12,2,0,0,5,0,14,13,1,5,0,5,0,0,1,3,2,15,0,59,1,21,2,1,3,1,3,2,2,2,27,0,1,21,13,10,6,24,7,6,11,27,3,3,1,28,2,2,2,1,7,35,7,0,1,39,4,4,1,14,47,68,8,8,16,53,38,5,5,53,24,34,11,15,16,16,2,1,3,8,6,2,12,1,1,1,0,1,0,16,2,1,0,11,3,10,21,11,3,24,6,6,1,4,1,0,0,1968,11
cst,8d2c6667dce620df04d5658a67010fb5e023ee52,0,nan,nan,10,0,3,59,28,14,89,46,199,291,138,57,15,165,9,21,0,0,3,14,4,0,0,0,0,0,3,15,7,5,27,7,8,12,12,2,0,0,5,0,14,13,1,5,0,5,0,0,1,3,2,15,0,59,1,21,2,1,3,1,3,2,2,2,27,0,1,21,13,10,6,24,7,6,11,27,3,3,1,28,2,2,2,1,7,35,7,0,1,39,4,4,1,14,47,68,8,8,16,53,38,5,5,53,24,34,11,15,16,16,2,1,3,8,6,2,12,1,1,1,0,1,0,16,2,1,0,11,3,10,21,11,3,24,6,6,1,4,1,0,0,1968,11
formatter,8d2c6667dce620df04d5658a67010fb5e023ee52,0,3083347.3333333335,95125504.0,10,0,3,59,28,14,89,46,199,291,138,57,15,165,9,21,0,0,3,14,4,0,0,0,0,0,3,15,7,5,27,7,8,12,12,2,0,0,5,0,14,13,1,5,0,5,0,0,1,3,2,15,0,59,1,21,2,1,3,1,3,2,2,2,27,0,1,21,13,10,6,24,7,6,11,27,3,3,1,28,2,2,2,1,7,35,7,0,1,39,4,4,1,14,47,68,8,8,16,53,38,5,5,53,24,34,11,15,16,16,2,1,3,8,6,2,12,1,1,1,0,1,0,16,2,1,0,11,3,10,21,11,3,24,6,6,1,4,1,0,0,1968,11
pgsql,5c981ad25ad37a6501c70a1bdeae2531bf7455dd,0,nan,nan,17,6,8,43,21,12,69,33,169,297,151,78,19,137,16,29,0,0,2,21,4,0,2,0,0,0,5,16,6,2,9,6,16,10,10,11,0,0,2,2,15,22,0,6,0,6,0,0,0,0,0,21,0,50,2,26,0,0,1,0,0,0,0,0,36,0,0,26,24,11,9,29,7,9,10,32,2,4,1,34,5,5,5,1,6,40,6,0,1,51,11,11,1,27,58,71,7,7,25,61,27,2,2,61,21,39,10,23,8,8,0,3,0,9,2,5,11,1,3,0,1,1,0,8,0,0,0,8,8,21,1,8,2,5,3,6,0,1,0,0,0,1963,23
cst,5c981ad25ad37a6501c70a1bdeae2531bf7455dd,0,nan,nan,17,6,8,43,21,12,69,33,169,297,151,78,19,137,16,29,0,0,2,21,4,0,2,0,0,0,5,16,6,2,9,6,16,10,10,11,0,0,2,2,15,22,0,6,0,6,0,0,0,0,0,21,0,50,2,26,0,0,1,0,0,0,0,0,36,0,0,26,24,11,9,29,7,9,10,32,2,4,1,34,5,5,5,1,6,40,6,0,1,51,11,11,1,27,58,71,7,7,25,61,27,2,2,61,21,39,10,23,8,8,0,3,0,9,2,5,11,1,3,0,1,1,0,8,0,0,0,8,8,21,1,8,2,5,3,6,0,1,0,0,0,1963,23
formatter,5c981ad25ad37a6501c70a1bdeae2531bf7455dd,0,3130510.5,96362496.0,17,6,8,43,21,12,69,33,169,297,151,78,19,137,16,29,0,0,2,21,4,0,2,0,0,0,5,16,6,2,9,6,16,10,10,11,0,0,2,2,15,22,0,6,0,6,0,0,0,0,0,21,0,50,2,26,0,0,1,0,0,0,0,0,36,0,0,26,24,11,9,29,7,9,10,32,2,4,1,34,5,5,5,1,6,40,6,0,1,51,11,11,1,27,58,71,7,7,25,61,27,2,2,61,21,39,10,23,8,8,0,3,0,9,2,5,11,1,3,0,1,1,0,8,0,0,0,8,8,21,1,8,2,5,3,6,0,1,0,0,0,1963,23
pgsql,0e3ddc150f2efb52d32f70a9301e7f6d7b323e68,0,nan,nan,11,3,7,64,33,11,65,54,235,315,149,75,14,156,10,18,0,0,4,19,6,0,1,0,0,0,6,8,5,5,21,10,11,11,11,8,0,0,2,1,10,16,0,5,1,4,0,0,2,6,3,13,0,88,1,15,4,1,3,2,3,2,1,1,16,0,1,15,6,5,4,20,7,4,8,22,2,1,2,23,2,2,2,2,4,27,4,0,2,35,8,8,2,15,37,52,2,2,17,51,24,12,12,51,24,31,10,18,10,10,2,3,1,1,4,6,13,1,3,0,0,2,1,11,2,1,1,15,10,0,10,0,0,19,5,7,0,7,1,0,0,2052,18
cst,0e3ddc150f2efb52d32f70a9301e7f6d7b323e68,0,nan,nan,11,3,7,64,33,11,65,54,235,315,149,75,14,156,10,18,0,0,4,19,6,0,1,0,0,0,6,8,5,5,21,10,11,11,11,8,0,0,2,1,10,16,0,5,1,4,0,0,2,6,3,13,0,88,1,15,4,1,3,2,3,2,1,1,16,0,1,15,6,5,4,20,7,4,8,22,2,1,2,23,2,2,2,2,4,27,4,0,2,35,8,8,2,15,37,52,2,2,17,51,24,12,12,51,24,31,10,18,10,10,2,3,1,1,4,6,13,1,3,0,0,2,1,11,2,1,1,15,10,0,10,0,0,19,5,7,0,7,1,0,0,2052,18
formatter,0e3ddc150f2efb52d32f70a9301e7f6d7b323e68,0,3247031.375,110399488.0,11,3,7,64,33,11,65,54,235,315,149,75,14,156,10,18,0,0,4,19,6,0,1,0,0,0,6,8,5,5,21,10,11,11,11,8,0,0,2,1,10,16,0,5,1,4,0,0,2,6,3,13,0,88,1,15,4,1,3,2,3,2,1,1,16,0,1,15,6,5,4,20,7,4,8,22,2,1,2,23,2,2,2,2,4,27,4,0,2,35,8,8,2,15,37,52,2,2,17,51,24,12,12,51,24,31,10,18,10,10,2,3,1,1,4,6,13,1,3,0,0,2,1,11,2,1,1,15,10,0,10,0,0,19,5,7,0,7,1,0,0,2052,18
pgsql,d515195f2e4bdeb804b8c4db152b0b51bc73dfd0,0,nan,nan,6,1,1,55,30,12,66,43,207,295,135,71,9,70,5,20,0,0,0,6,0,0,1,0,0,0,3,9,6,0,0,0,5,4,4,2,0,0,1,1,21,7,1,2,0,5,0,0,0,0,0,28,0,41,0,32,0,0,1,0,0,0,0,0,39,1,0,32,22,21,8,37,9,8,15,42,2,2,4,46,7,7,7,4,13,59,13,0,4,72,13,13,4,30,78,106,6,6,31,89,43,7,7,89,48,50,28,25,13,13,4,3,4,5,4,4,32,1,4,1,0,2,2,15,3,1,0,11,8,5,2,1,2,11,2,17,1,2,3,0,0,1861,7
cst,d515195f2e4bdeb804b8c4db152b0b51bc73dfd0,0,nan,nan,6,1,1,55,30,12,66,43,207,295,135,71,9,70,5,20,0,0,0,6,0,0,1,0,0,0,3,9,6,0,0,0,5,4,4,2,0,0,1,1,21,7,1,2,0,5,0,0,0,0,0,28,0,41,0,32,0,0,1,0,0,0,0,0,39,1,0,32,22,21,8,37,9,8,15,42,2,2,4,46,7,7,7,4,13,59,13,0,4,72,13,13,4,30,78,106,6,6,31,89,43,7,7,89,48,50,28,25,13,13,4,3,4,5,4,4,32,1,4,1,0,2,2,15,3,1,0,11,8,5,2,1,2,11,2,17,1,2,3,0,0,1861,7
formatter,d515195f2e4bdeb804b8c4db152b0b51bc73dfd0,0,2710173.5,94262613.33333333,6,1,1,55,30,12,66,43,207,295,135,71,9,70,5,20,0,0,0,6,0,0,1,0,0,0,3,9,6,0,0,0,5,4,4,2,0,0,1,1,21,7,1,2,0,5,0,0,0,0,0,28,0,41,0,32,0,0,1,0,0,0,0,0,39,1,0,32,22,21,8,37,9,8,15,42,2,2,4,46,7,7,7,4,13,59,13,0,4,72,13,13,4,30,78,106,6,6,31,89,43,7,7,89,48,50,28,25,13,13,4,3,4,5,4,4,32,1,4,1,0,2,2,15,3,1,0,11,8,5,2,1,2,11,2,17,1,2,3,0,0,1861,7
pgsql,5952d02a57993c62b221e8d785c52559173f62fc,0,nan,nan,31,25,27,60,27,15,59,45,236,313,133,64,7,208,30,11,0,24,2,35,4,0,3,0,1,0,15,5,2,3,11,6,22,26,26,9,0,0,6,4,5,27,0,5,0,2,0,1,2,4,2,5,1,52,3,6,2,2,2,1,4,2,0,0,7,1,0,6,1,2,1,7,2,1,4,10,0,1,2,11,1,1,1,2,2,13,2,0,3,15,2,2,3,6,20,31,5,5,10,29,10,6,6,29,10,21,4,7,4,4,2,3,0,0,4,1,4,0,1,0,0,1,0,4,2,1,1,7,13,0,0,0,0,11,2,2,0,3,0,0,0,1983,9
cst,5952d02a57993c62b221e8d785c52559173f62fc,0,1947583.6666666667,129586517.33333333,31,25,27,60,27,15,59,45,236,313,133,64,7,208,30,11,0,24,2,35,4,0,3,0,1,0,15,5,2,3,11,6,22,26,26,9,0,0,6,4,5,27,0,5,0,2,0,1,2,4,2,5,1,52,3,6,2,2,2,1,4,2,0,0,7,1,0,6,1,2,1,7,2,1,4,10,0,1,2,11,1,1,1,2,2,13,2,0,3,15,2,2,3,6,20,31,5,5,10,29,10,6,6,29,10,21,4,7,4,4,2,3,0,0,4,1,4,0,1,0,0,1,0,4,2,1,1,7,13,0,0,0,0,11,2,2,0,3,0,0,0,1983,9
formatter,5952d02a57993c62b221e8d785c52559173f62fc,0,3157958.5,95741542.4,31,25,27,60,27,15,59,45,236,313,133,64,7,208,30,11,0,24,2,35,4,0,3,0,1,0,15,5,2,3,11,6,22,26,26,9,0,0,6,4,5,27,0,5,0,2,0,1,2,4,2,5,1,52,3,6,2,2,2,1,4,2,0,0,7,1,0,6,1,2,1,7,2,1,4,10,0,1,2,11,1,1,1,2,2,13,2,0,3,15,2,2,3,6,20,31,5,5,10,29,10,6,6,29,10,21,4,7,4,4,2,3,0,0,4,1,4,0,1,0,0,1,0,4,2,1,1,7,13,0,0,0,0,11,2,2,0,3,0,0,0,1983,9
pgsql,f7ce4f8eb7e16864818a936980cce8268a11ac05,0,nan,nan,13,0,2,53,30,12,69,41,162,301,151,75,10,131,12,16,0,0,2,15,2,0,1,0,0,0,5,9,3,2,4,4,13,6,6,9,0,0,5,1,15,20,1,7,0,4,0,0,0,0,0,17,0,72,1,24,0,0,3,0,0,0,0,0,29,1,0,24,9,11,10,32,11,10,13,37,3,6,1,40,8,8,8,1,8,48,8,2,1,56,8,8,1,25,62,87,6,6,24,68,37,5,5,68,24,32,19,28,10,10,2,3,2,4,3,2,22,3,3,0,1,6,1,11,2,1,1,15,13,2,3,5,1,8,9,10,0,3,1,1,0,1875,13
cst,f7ce4f8eb7e16864818a936980cce8268a11ac05,0,nan,nan,13,0,2,53,30,12,69,41,162,301,151,75,10,131,12,16,0,0,2,15,2,0,1,0,0,0,5,9,3,2,4,4,13,6,6,9,0,0,5,1,15,20,1,7,0,4,0,0,0,0,0,17,0,72,1,24,0,0,3,0,0,0,0,0,29,1,0,24,9,11,10,32,11,10,13,37,3,6,1,40,8,8,8,1,8,48,8,2,1,56,8,8,1,25,62,87,6,6,24,68,37,5,5,68,24,32,19,28,10,10,2,3,2,4,3,2,22,3,3,0,1,6,1,11,2,1,1,15,13,2,3,5,1,8,9,10,0,3,1,1,0,1875,13
formatter,f7ce4f8eb7e16864818a936980cce8268a11ac05,0,3024902.8333333335,95775402.66666667,13,0,2,53,30,12,69,41,162,301,151,75,10,131,12,16,0,0,2,15,2,0,1,0,0,0,5,9,3,2,4,4,13,6,6,9,0,0,5,1,15,20,1,7,0,4,0,0,0,0,0,17,0,72,1,24,0,0,3,0,0,0,0,0,29,1,0,24,9,11,10,32,11,10,13,37,3,6,1,40,8,8,8,1,8,48,8,2,1,56,8,8,1,25,62,87,6,6,24,68,37,5,5,68,24,32,19,28,10,10,2,3,2,4,3,2,22,3,3,0,1,6,1,11,2,1,1,15,13,2,3,5,1,8,9,10,0,3,1,1,0,1875,13
pgsql,1065e6ad9cb33452012a8232befacc751b5ef47a,0,nan,nan,33,25,27,50,22,15,84,35,165,329,156,74,11,205,32,8,0,24,2,37,4,0,3,0,3,0,17,4,1,2,4,6,22,20,20,17,0,0,7,6,5,29,0,7,0,1,0,0,1,3,1,7,0,47,3,8,2,0,2,1,1,1,0,0,9,0,0,8,4,2,3,10,3,3,3,11,1,1,2,14,4,4,5,2,4,18,4,0,2,22,4,4,2,11,25,41,3,3,8,28,21,1,1,28,13,19,5,7,8,8,2,0,0,3,1,1,6,1,0,0,0,2,1,9,1,1,0,7,0,0,1,4,1,0,3,4,0,6,1,0,0,2005,11
cst,1065e6ad9cb33452012a8232befacc751b5ef47a,0,nan,nan,33,25,27,50,22,15,84,35,165,329,156,74,11,205,32,8,0,24,2,37,4,0,3,0,3,0,17,4,1,2,4,6,22,20,20,17,0,0,7,6,5,29,0,7,0,1,0,0,1,3,1,7,0,47,3,8,2,0,2,1,1,1,0,0,9,0,0,8,4,2,3,10,3,3,3,11,1,1,2,14,4,4,5,2,4,18,4,0,2,22,4,4,2,11,25,41,3,3,8,28,21,1,1,28,13,19,5,7,8,8,2,0,0,3,1,1,6,1,0,0,0,2,1,9,1,1,0,7,0,0,1,4,1,0,3,4,0,6,1,0,0,2005,11
formatter,1065e6ad9cb33452012a8232befacc751b5ef47a,0,3194950.1,95643238.4,33,25,27,50,22,15,84,35,165,329,156,74,11,205,32,8,0,24,2,37,4,0,3,0,3,0,17,4,1,2,4,6,22,20,20,17,0,0,7,6,5,29,0,7,0,1,0,0,1,3,1,7,0,47,3,8,2,0,2,1,1,1,0,0,9,0,0,8,4,2,3,10,3,3,3,11,1,1,2,14,4,4,5,2,4,18,4,0,2,22,4,4,2,11,25,41,3,3,8,28,21,1,1,28,13,19,5,7,8,8,2,0,0,3,1,1,6,1,0,0,0,2,1,9,1,1,0,7,0,0,1,4,1,0,3,4,0,6,1,0,0,2005,11
pgsql,2da21254c14dd43c546a0ea4ec88cd73a41f33af,0,nan,nan,4,0,1,44,14,8,28,44,171,299,166,80,20,113,3,17,0,0,1,6,1,0,0,0,0,0,3,9,3,1,5,2,5,3,3,3,0,0,10,0,17,8,2,3,0,1,0,0,0,0,0,20,0,63,3,30,0,0,1,0,0,0,0,0,36,0,0,30,16,13,3,35,7,3,16,41,3,5,2,46,5,5,5,2,8,54,8,0,2,60,6,6,4,24,70,97,10,10,30,79,42,5,5,79,35,48,15,25,35,35,3,7,0,5,2,2,17,1,2,2,1,6,2,37,1,2,0,8,40,5,6,8,2,11,1,10,2,19,1,1,0,1963,9
cst,2da21254c14dd43c546a0ea4ec88cd73a41f33af,0,2087673.6666666667,131601749.33333333,4,0,1,44,14,8,28,44,171,299,166,80,20,113,3,17,0,0,1,6,1,0,0,0,0,0,3,9,3,1,5,2,5,3,3,3,0,0,10,0,17,8,2,3,0,1,0,0,0,0,0,20,0,63,3,30,0,0,1,0,0,0,0,0,36,0,0,30,16,13,3,35,7,3,16,41,3,5,2,46,5,5,5,2,8,54,8,0,2,60,6,6,4,24,70,97,10,10,30,79,42,5,5,79,35,48,15,25,35,35,3,7,0,5,2,2,17,1,2,2,1,6,2,37,1,2,0,8,40,5,6,8,2,11,1,10,2,19,1,1,0,1963,9
formatter,2da21254c14dd43c546a0ea4ec88cd73a41f33af,0,3271784.8333333335,103295658.66666667,4,0,1,44,14,8,28,44,171,299,166,80,20,113,3,17,0,0,1,6,1,0,0,0,0,0,3,9,3,1,5,2,5,3,3,3,0,0,10,0,17,8,2,3,0,1,0,0,0,0,0,20,0,63,3,30,0,0,1,0,0,0,0,0,36,0,0,30,16,13,3,35,7,3,16,41,3,5,2,46,5,5,5,2,8,54,8,0,2,60,6,6,4,24,70,97,10,10,30,79,42,5,5,79,35,48,15,25,35,35,3,7,0,5,2,2,17,1,2,2,1,6,2,37,1,2,0,8,40,5,6,8,2,11,1,10,2,19,1,1,0,1963,9
pgsql,01a2094775443eb51c68a1cba0b4ae2f02e6c27e,0,nan,nan,30,25,26,52,20,10,55,44,209,301,132,60,9,207,29,16,0,24,1,32,2,0,1,0,2,0,13,8,4,1,7,3,22,23,23,9,0,0,4,3,10,28,0,6,0,3,0,0,0,0,0,11,0,53,3,15,0,0,0,0,0,0,0,0,21,0,0,15,11,6,6,17,3,6,6,17,1,2,0,18,4,4,4,0,3,21,3,0,0,25,4,4,0,11,28,42,3,3,11,30,22,2,2,30,14,16,7,9,8,8,1,1,1,5,1,1,10,0,2,0,1,2,1,9,0,1,0,8,0,14,7,0,1,2,5,8,0,2,2,0,0,1854,6
cst,01a2094775443eb51c68a1cba0b4ae2f02e6c27e,0,nan,nan,30,25,26,52,20,10,55,44,209,301,132,60,9,207,29,16,0,24,1,32,2,0,1,0,2,0,13,8,4,1,7,3,22,23,23,9,0,0,4,3,10,28,0,6,0,3,0,0,0,0,0,11,0,53,3,15,0,0,0,0,0,0,0,0,21,0,0,15,11,6,6,17,3,6,6,17,1,2,0,18,4,4,4,0,3,21,3,0,0,25,4,4,0,11,28,42,3,3,11,30,22,2,2,30,14,16,7,9,8,8,1,1,1,5,1,1,10,0,2,0,1,2,1,9,0,1,0,8,0,14,7,0,1,2,5,8,0,2,2,0,0,1854,6
formatter,01a2094775443eb51c68a1cba0b4ae2f02e6c27e,0,3018631.8333333335,95453184.0,30,25,26,52,20,10,55,44,209,301,132,60,9,207,29,16,0,24,1,32,2,0,1,0,2,0,13,8,4,1,7,3,22,23,23,9,0,0,4,3,10,28,0,6,0,3,0,0,0,0,0,11,0,53,3,15,0,0,0,0,0,0,0,0,21,0,0,15,11,6,6,17,3,6,6,17,1,2,0,18,4,4,4,0,3,21,3,0,0,25,4,4,0,11,28,42,3,3,11,30,22,2,2,30,14,16,7,9,8,8,1,1,1,5,1,1,10,0,2,0,1,2,1,9,0,1,0,8,0,14,7,0,1,2,5,8,0,2,2,0,0,1854,6
pgsql,6a074ec49afbeeb023385ab9a45fca4a85eaf074,0,nan,nan,28,25,25,56,29,13,66,45,208,312,137,65,12,178,27,5,0,24,0,28,0,0,3,0,1,0,10,0,0,0,0,0,19,17,17,11,0,0,7,4,14,22,0,3,1,4,0,0,0,0,0,16,0,13,1,18,0,0,1,0,0,0,0,0,20,1,0,18,8,5,6,20,6,6,8,21,1,3,0,22,1,1,1,0,4,26,4,0,0,34,8,8,0,11,37,53,3,3,19,42,22,5,5,42,18,21,14,14,12,12,2,3,2,5,2,0,14,1,3,2,1,0,0,12,1,1,0,3,5,0,6,17,2,0,0,5,2,10,0,0,0,1875,5
cst,6a074ec49afbeeb023385ab9a45fca4a85eaf074,0,1817992.8333333333,130504021.33333333,28,25,25,56,29,13,66,45,208,312,137,65,12,178,27,5,0,24,0,28,0,0,3,0,1,0,10,0,0,0,0,0,19,17,17,11,0,0,7,4,14,22,0,3,1,4,0,0,0,0,0,16,0,13,1,18,0,0,1,0,0,0,0,0,20,1,0,18,8,5,6,20,6,6,8,21,1,3,0,22,1,1,1,0,4,26,4,0,0,34,8,8,0,11,37,53,3,3,19,42,22,5,5,42,18,21,14,14,12,12,2,3,2,5,2,0,14,1,3,2,1,0,0,12,1,1,0,3,5,0,6,17,2,0,0,5,2,10,0,0,0,1875,5
formatter,6a074ec49afbeeb023385ab9a45fca4a85eaf074,0,3087298.5,95950165.33333333,28,25,25,56,29,13,66,45,208,312,137,65,12,178,27,5,0,24,0,28,0,0,3,0,1,0,10,0,0,0,0,0,19,17,17,11,0,0,7,4,14,22,0,3,1,4,0,0,0,0,0,16,0,13,1,18,0,0,1,0,0,0,0,0,20,1,0,18,8,5,6,20,6,6,8,21,1,3,0,22,1,1,1,0,4,26,4,0,0,34,8,8,0,11,37,53,3,3,19,42,22,5,5,42,18,21,14,14,12,12,2,3,2,5,2,0,14,1,3,2,1,0,0,12,1,1,0,3,5,0,6,17,2,0,0,5,2,10,0,0,0,1875,5
pgsql,112a05a184a963ecb613f6a06461bd2c22478658,0,nan,nan,39,25,28,71,27,10,43,62,187,233,94,46,9,240,38,15,0,24,3,44,12,0,3,1,2,0,2,8,3,4,24,15,8,39,39,5,0,0,5,5,5,11,0,3,0,2,0,0,1,2,1,6,0,68,2,10,0,2,1,1,2,0,1,1,12,1,0,10,4,5,4,10,2,4,6,12,0,2,1,13,2,2,2,1,2,15,2,0,1,17,2,2,1,5,18,23,1,1,11,21,8,2,2,21,10,15,4,7,5,5,3,2,0,1,1,1,5,1,0,0,0,0,0,5,1,3,1,11,7,0,0,0,0,6,4,2,0,1,0,0,0,1722,14
cst,112a05a184a963ecb613f6a06461bd2c22478658,0,nan,nan,39,25,28,71,27,10,43,62,187,233,94,46,9,240,38,15,0,24,3,44,12,0,3,1,2,0,2,8,3,4,24,15,8,39,39,5,0,0,5,5,5,11,0,3,0,2,0,0,1,2,1,6,0,68,2,10,0,2,1,1,2,0,1,1,12,1,0,10,4,5,4,10,2,4,6,12,0,2,1,13,2,2,2,1,2,15,2,0,1,17,2,2,1,5,18,23,1,1,11,21,8,2,2,21,10,15,4,7,5,5,3,2,0,1,1,1,5,1,0,0,0,0,0,5,1,3,1,11,7,0,0,0,0,6,4,2,0,1,0,0,0,1722,14
formatter,112a05a184a963ecb613f6a06461bd2c22478658,0,3293698.0,94773248.0,39,25,28,71,27,10,43,62,187,233,94,46,9,240,38,15,0,24,3,44,12,0,3,1,2,0,2,8,3,4,24,15,8,39,39,5,0,0,5,5,5,11,0,3,0,2,0,0,1,2,1,6,0,68,2,10,0,2,1,1,2,0,1,1,12,1,0,10,4,5,4,10,2,4,6,12,0,2,1,13,2,2,2,1,2,15,2,0,1,17,2,2,1,5,18,23,1,1,11,21,8,2,2,21,10,15,4,7,5,5,3,2,0,1,1,1,5,1,0,0,0,0,0,5,1,3,1,11,7,0,0,0,0,6,4,2,0,1,0,0,0,1722,14
pgsql,565f8117b0d33e21bd172b4107510a1bd18cef6b,0,nan,nan,7,0,1,58,33,19,88,39,154,302,146,78,13,104,6,13,0,0,1,9,1,0,0,0,0,0,2,5,0,1,9,2,7,4,4,5,0,0,3,0,15,11,0,4,0,2,0,0,0,0,0,22,0,67,2,27,0,0,0,0,0,0,0,0,33,0,0,27,15,13,8,32,8,8,15,35,2,5,1,39,6,6,6,2,7,46,7,0,2,58,12,12,2,24,62,82,4,4,25,79,29,15,15,79,40,43,24,20,13,13,2,4,3,10,4,4,30,0,5,0,0,2,1,14,0,2,0,13,21,17,10,10,2,17,5,18,0,4,3,0,0,1938,9
cst,565f8117b0d33e21bd172b4107510a1bd18cef6b,0,nan,nan,7,0,1,58,33,19,88,39,154,302,146,78,13,104,6,13,0,0,1,9,1,0,0,0,0,0,2,5,0,1,9,2,7,4,4,5,0,0,3,0,15,11,0,4,0,2,0,0,0,0,0,22,0,67,2,27,0,0,0,0,0,0,0,0,33,0,0,27,15,13,8,32,8,8,15,35,2,5,1,39,6,6,6,2,7,46,7,0,2,58,12,12,2,24,62,82,4,4,25,79,29,15,15,79,40,43,24,20,13,13,2,4,3,10,4,4,30,0,5,0,0,2,1,14,0,2,0,13,21,17,10,10,2,17,5,18,0,4,3,0,0,1938,9
formatter,565f8117b0d33e21bd172b4107510a1bd18cef6b,0,2990603.8333333335,95540565.33333333,7,0,1,58,33,19,88,39,154,302,146,78,13,104,6,13,0,0,1,9,1,0,0,0,0,0,2,5,0,1,9,2,7,4,4,5,0,0,3,0,15,11,0,4,0,2,0,0,0,0,0,22,0,67,2,27,0,0,0,0,0,0,0,0,33,0,0,27,15,13,8,32,8,8,15,35,2,5,1,39,6,6,6,2,7,46,7,0,2,58,12,12,2,24,62,82,4,4,25,79,29,15,15,79,40,43,24,20,13,13,2,4,3,10,4,4,30,0,5,0,0,2,1,14,0,2,0,13,21,17,10,10,2,17,5,18,0,4,3,0,0,1938,9
pgsql,40ec5e54a8d96abfe56a75ea5bde32227b29e7ef,0,nan,nan,13,0,6,74,36,16,69,61,240,315,142,64,16,172,12,26,0,0,6,20,6,0,1,0,1,0,6,16,11,6,31,12,16,12,12,8,0,0,2,2,9,23,0,7,1,4,0,0,0,0,0,12,0,46,0,15,0,0,1,0,0,0,0,0,20,1,0,15,11,9,6,17,4,6,15,22,1,6,1,23,3,3,3,1,10,33,10,0,1,38,5,5,1,15,40,58,2,2,16,46,30,5,5,46,18,29,10,14,4,4,0,2,1,2,1,5,14,1,3,0,1,0,1,5,0,0,0,10,8,0,10,8,1,2,5,10,0,1,3,0,0,1953,18
cst,40ec5e54a8d96abfe56a75ea5bde32227b29e7ef,0,2580234.5,137777152.0,13,0,6,74,36,16,69,61,240,315,142,64,16,172,12,26,0,0,6,20,6,0,1,0,1,0,6,16,11,6,31,12,16,12,12,8,0,0,2,2,9,23,0,7,1,4,0,0,0,0,0,12,0,46,0,15,0,0,1,0,0,0,0,0,20,1,0,15,11,9,6,17,4,6,15,22,1,6,1,23,3,3,3,1,10,33,10,0,1,38,5,5,1,15,40,58,2,2,16,46,30,5,5,46,18,29,10,14,4,4,0,2,1,2,1,5,14,1,3,0,1,0,1,5,0,0,0,10,8,0,10,8,1,2,5,10,0,1,3,0,0,1953,18
formatter,40ec5e54a8d96abfe56a75ea5bde32227b29e7ef,0,3126562.6666666665,95742634.66666667,13,0,6,74,36,16,69,61,240,315,142,64,16,172,12,26,0,0,6,20,6,0,1,0,1,0,6,16,11,6,31,12,16,12,12,8,0,0,2,2,9,23,0,7,1,4,0,0,0,0,0,12,0,46,0,15,0,0,1,0,0,0,0,0,20,1,0,15,11,9,6,17,4,6,15,22,1,6,1,23,3,3,3,1,10,33,10,0,1,38,5,5,1,15,40,58,2,2,16,46,30,5,5,46,18,29,10,14,4,4,0,2,1,2,1,5,14,1,3,0,1,0,1,5,0,0,0,10,8,0,10,8,1,2,5,10,0,1,3,0,0,1953,18
pgsql,5510abeb16c0747ba556f6a064349e5e8e862858,0,4761048.333333333,96780288.0,36,25,29,75,39,20,82,55,213,337,132,67,12,241,35,9,0,24,4,41,9,0,5,0,3,0,15,3,0,4,23,13,25,27,27,14,0,0,7,8,3,36,1,11,0,1,0,0,0,0,0,4,0,12,1,4,0,0,0,0,0,0,0,0,5,0,0,4,2,2,1,4,0,1,5,7,0,0,3,7,1,1,1,3,1,8,1,0,4,9,1,1,4,3,10,22,1,1,3,14,13,0,0,14,5,10,2,6,1,1,0,0,0,2,1,2,2,0,1,0,0,0,0,1,0,0,0,2,0,1,1,0,0,4,0,0,0,0,0,0,0,1971,16
cst,5510abeb16c0747ba556f6a064349e5e8e862858,0,nan,nan,36,25,29,75,39,20,82,55,213,337,132,67,12,241,35,9,0,24,4,41,9,0,5,0,3,0,15,3,0,4,23,13,25,27,27,14,0,0,7,8,3,36,1,11,0,1,0,0,0,0,0,4,0,12,1,4,0,0,0,0,0,0,0,0,5,0,0,4,2,2,1,4,0,1,5,7,0,0,3,7,1,1,1,3,1,8,1,0,4,9,1,1,4,3,10,22,1,1,3,14,13,0,0,14,5,10,2,6,1,1,0,0,0,2,1,2,2,0,1,0,0,0,0,1,0,0,0,2,0,1,1,0,0,4,0,0,0,0,0,0,0,1971,16
formatter,5510abeb16c0747ba556f6a064349e5e8e862858,0,3351890.625,113004544.0,36,25,29,75,39,20,82,55,213,337,132,67,12,241,35,9,0,24,4,41,9,0,5,0,3,0,15,3,0,4,23,13,25,27,27,14,0,0,7,8,3,36,1,11,0,1,0,0,0,0,0,4,0,12,1,4,0,0,0,0,0,0,0,0,5,0,0,4,2,2,1,4,0,1,5,7,0,0,3,7,1,1,1,3,1,8,1,0,4,9,1,1,4,3,10,22,1,1,3,14,13,0,0,14,5,10,2,6,1,1,0,0,0,2,1,2,2,0,1,0,0,0,0,1,0,0,0,2,0,1,1,0,0,4,0,0,0,0,0,0,0,1971,16
pgsql,32af1353955aa3731e99f537543fe134e73fecc2,0,nan,nan,30,25,26,63,32,13,51,52,198,299,130,57,13,196,29,8,0,24,1,32,2,0,1,0,0,0,15,3,1,1,4,3,24,16,16,16,0,0,4,1,10,31,0,7,0,4,0,0,0,0,0,13,0,34,2,16,0,0,0,0,0,0,0,0,18,0,0,16,8,6,4,18,4,4,5,20,1,2,2,20,1,1,2,2,3,23,3,0,2,30,7,7,2,9,34,47,4,4,14,39,20,3,3,39,19,23,12,14,13,13,0,3,0,1,2,6,16,0,1,0,1,0,0,13,0,0,0,9,2,0,4,0,0,3,3,8,0,3,3,0,0,1870,8
cst,32af1353955aa3731e99f537543fe134e73fecc2,0,nan,nan,30,25,26,63,32,13,51,52,198,299,130,57,13,196,29,8,0,24,1,32,2,0,1,0,0,0,15,3,1,1,4,3,24,16,16,16,0,0,4,1,10,31,0,7,0,4,0,0,0,0,0,13,0,34,2,16,0,0,0,0,0,0,0,0,18,0,0,16,8,6,4,18,4,4,5,20,1,2,2,20,1,1,2,2,3,23,3,0,2,30,7,7,2,9,34,47,4,4,14,39,20,3,3,39,19,23,12,14,13,13,0,3,0,1,2,6,16,0,1,0,1,0,0,13,0,0,0,9,2,0,4,0,0,3,3,8,0,3,3,0,0,1870,8
formatter,32af1353955aa3731e99f537543fe134e73fecc2,0,3276187.5,104054784.0,30,25,26,63,32,13,51,52,198,299,130,57,13,196,29,8,0,24,1,32,2,0,1,0,0,0,15,3,1,1,4,3,24,16,16,16,0,0,4,1,10,31,0,7,0,4,0,0,0,0,0,13,0,34,2,16,0,0,0,0,0,0,0,0,18,0,0,16,8,6,4,18,4,4,5,20,1,2,2,20,1,1,2,2,3,23,3,0,2,30,7,7,2,9,34,47,4,4,14,39,20,3,3,39,19,23,12,14,13,13,0,3,0,1,2,6,16,0,1,0,1,0,0,13,0,0,0,9,2,0,4,0,0,3,3,8,0,3,3,0,0,1870,8
pgsql,8c2ad9c2a8e76490fd608fbc918d7399b16fd48e,0,nan,nan,32,25,25,57,34,13,49,44,200,304,138,64,15,167,31,10,0,24,0,32,0,0,1,0,0,0,14,4,1,0,0,0,25,22,22,10,0,0,2,1,10,29,0,4,0,0,0,0,1,1,0,12,0,36,1,16,1,0,1,0,1,1,0,0,18,0,0,16,11,5,5,16,4,5,7,19,0,3,1,20,1,1,1,1,6,26,6,0,1,31,5,5,1,14,37,51,6,6,15,40,24,2,2,40,19,22,12,14,7,7,1,2,3,4,3,4,14,0,3,1,0,0,1,8,1,1,0,7,8,2,0,20,3,5,1,8,1,3,2,0,0,1829,5
cst,8c2ad9c2a8e76490fd608fbc918d7399b16fd48e,0,2401704.75,132071424.0,32,25,25,57,34,13,49,44,200,304,138,64,15,167,31,10,0,24,0,32,0,0,1,0,0,0,14,4,1,0,0,0,25,22,22,10,0,0,2,1,10,29,0,4,0,0,0,0,1,1,0,12,0,36,1,16,1,0,1,0,1,1,0,0,18,0,0,16,11,5,5,16,4,5,7,19,0,3,1,20,1,1,1,1,6,26,6,0,1,31,5,5,1,14,37,51,6,6,15,40,24,2,2,40,19,22,12,14,7,7,1,2,3,4,3,4,14,0,3,1,0,0,1,8,1,1,0,7,8,2,0,20,3,5,1,8,1,3,2,0,0,1829,5
formatter,8c2ad9c2a8e76490fd608fbc918d7399b16fd48e,0,2972237.5,95390924.8,32,25,25,57,34,13,49,44,200,304,138,64,15,167,31,10,0,24,0,32,0,0,1,0,0,0,14,4,1,0,0,0,25,22,22,10,0,0,2,1,10,29,0,4,0,0,0,0,1,1,0,12,0,36,1,16,1,0,1,0,1,1,0,0,18,0,0,16,11,5,5,16,4,5,7,19,0,3,1,20,1,1,1,1,6,26,6,0,1,31,5,5,1,14,37,51,6,6,15,40,24,2,2,40,19,22,12,14,7,7,1,2,3,4,3,4,14,0,3,1,0,0,1,8,1,1,0,7,8,2,0,20,3,5,1,8,1,3,2,0,0,1829,5
pgsql,3f15fbd1f285e477af431dcf4a64000472f743b4,0,nan,nan,34,25,28,71,36,18,87,53,220,305,133,54,12,222,33,11,0,24,3,40,6,0,4,0,0,0,10,7,3,3,8,9,24,22,22,18,0,0,5,4,3,36,0,12,0,1,0,0,1,9,4,5,0,30,3,8,2,3,1,2,4,1,0,0,9,0,0,8,5,2,4,8,1,4,2,8,0,1,0,9,3,3,3,0,1,10,1,2,0,11,1,1,0,2,13,23,2,2,4,14,14,1,1,14,10,11,1,2,4,4,0,0,1,2,0,2,2,0,0,0,0,0,0,4,0,0,0,4,0,0,4,8,1,0,2,1,0,4,0,0,0,1983,15
cst,3f15fbd1f285e477af431dcf4a64000472f743b4,0,nan,nan,34,25,28,71,36,18,87,53,220,305,133,54,12,222,33,11,0,24,3,40,6,0,4,0,0,0,10,7,3,3,8,9,24,22,22,18,0,0,5,4,3,36,0,12,0,1,0,0,1,9,4,5,0,30,3,8,2,3,1,2,4,1,0,0,9,0,0,8,5,2,4,8,1,4,2,8,0,1,0,9,3,3,3,0,1,10,1,2,0,11,1,1,0,2,13,23,2,2,4,14,14,1,1,14,10,11,1,2,4,4,0,0,1,2,0,2,2,0,0,0,0,0,0,4,0,0,0,4,0,0,4,8,1,0,2,1,0,4,0,0,0,1983,15
formatter,3f15fbd1f285e477af431dcf4a64000472f743b4,0,3311312.375,95236096.0,34,25,28,71,36,18,87,53,220,305,133,54,12,222,33,11,0,24,3,40,6,0,4,0,0,0,10,7,3,3,8,9,24,22,22,18,0,0,5,4,3,36,0,12,0,1,0,0,1,9,4,5,0,30,3,8,2,3,1,2,4,1,0,0,9,0,0,8,5,2,4,8,1,4,2,8,0,1,0,9,3,3,3,0,1,10,1,2,0,11,1,1,0,2,13,23,2,2,4,14,14,1,1,14,10,11,1,2,4,4,0,0,1,2,0,2,2,0,0,0,0,0,0,4,0,0,0,4,0,0,4,8,1,0,2,1,0,4,0,0,0,1983,15
pgsql,b6bb1043c0e19a0f3a417ba0c51ab18c6495d9d9,0,nan,nan,33,25,25,47,29,14,50,34,154,297,129,64,16,179,32,12,0,24,0,33,3,0,0,0,1,0,13,3,1,0,0,3,18,19,19,14,0,0,1,1,10,21,2,3,0,5,0,0,2,2,0,14,0,25,1,20,2,0,3,0,2,2,0,0,26,2,0,20,17,4,2,23,4,2,7,24,4,1,0,29,6,6,6,0,9,38,9,0,0,43,5,5,0,18,44,55,1,1,18,45,20,1,1,45,19,28,12,15,9,9,2,1,1,3,4,3,14,1,2,0,0,1,0,9,2,0,2,6,8,10,4,0,0,7,1,9,0,1,2,1,0,1782,6
cst,b6bb1043c0e19a0f3a417ba0c51ab18c6495d9d9,0,nan,nan,33,25,25,47,29,14,50,34,154,297,129,64,16,179,32,12,0,24,0,33,3,0,0,0,1,0,13,3,1,0,0,3,18,19,19,14,0,0,1,1,10,21,2,3,0,5,0,0,2,2,0,14,0,25,1,20,2,0,3,0,2,2,0,0,26,2,0,20,17,4,2,23,4,2,7,24,4,1,0,29,6,6,6,0,9,38,9,0,0,43,5,5,0,18,44,55,1,1,18,45,20,1,1,45,19,28,12,15,9,9,2,1,1,3,4,3,14,1,2,0,0,1,0,9,2,0,2,6,8,10,4,0,0,7,1,9,0,1,2,1,0,1782,6
formatter,b6bb1043c0e19a0f3a417ba0c51ab18c6495d9d9,0,2973489.375,94769152.0,33,25,25,47,29,14,50,34,154,297,129,64,16,179,32,12,0,24,0,33,3,0,0,0,1,0,13,3,1,0,0,3,18,19,19,14,0,0,1,1,10,21,2,3,0,5,0,0,2,2,0,14,0,25,1,20,2,0,3,0,2,2,0,0,26,2,0,20,17,4,2,23,4,2,7,24,4,1,0,29,6,6,6,0,9,38,9,0,0,43,5,5,0,18,44,55,1,1,18,45,20,1,1,45,19,28,12,15,9,9,2,1,1,3,4,3,14,1,2,0,0,1,0,9,2,0,2,6,8,10,4,0,0,7,1,9,0,1,2,1,0,1782,6
pgsql,29cc305c8817ba01ee405be80b513f31d530fdfb,0,nan,nan,32,25,28,62,31,14,64,48,244,303,135,55,10,214,31,13,0,24,3,38,7,1,5,0,2,0,11,6,2,3,11,10,23,28,28,10,1,0,6,7,6,28,1,5,0,0,0,0,0,0,0,9,0,18,3,11,0,0,2,0,0,0,0,0,15,0,0,11,11,3,4,12,2,4,6,13,0,2,1,13,1,1,1,1,2,15,2,0,1,19,4,4,1,14,23,32,4,4,13,24,12,0,0,24,13,13,5,11,4,4,0,1,0,4,0,2,5,2,1,0,0,2,0,4,0,0,0,2,2,4,3,0,1,0,0,1,0,2,0,1,0,1860,12
cst,29cc305c8817ba01ee405be80b513f31d530fdfb,0,1377239.5625,136148992.0,32,25,28,62,31,14,64,48,244,303,135,55,10,214,31,13,0,24,3,38,7,1,5,0,2,0,11,6,2,3,11,10,23,28,28,10,1,0,6,7,6,28,1,5,0,0,0,0,0,0,0,9,0,18,3,11,0,0,2,0,0,0,0,0,15,0,0,11,11,3,4,12,2,4,6,13,0,2,1,13,1,1,1,1,2,15,2,0,1,19,4,4,1,14,23,32,4,4,13,24,12,0,0,24,13,13,5,11,4,4,0,1,0,4,0,2,5,2,1,0,0,2,0,4,0,0,0,2,2,4,3,0,1,0,0,1,0,2,0,1,0,1860,12
formatter,29cc305c8817ba01ee405be80b513f31d530fdfb,0,3139305.6666666665,95376725.33333333,32,25,28,62,31,14,64,48,244,303,135,55,10,214,31,13,0,24,3,38,7,1,5,0,2,0,11,6,2,3,11,10,23,28,28,10,1,0,6,7,6,28,1,5,0,0,0,0,0,0,0,9,0,18,3,11,0,0,2,0,0,0,0,0,15,0,0,11,11,3,4,12,2,4,6,13,0,2,1,13,1,1,1,1,2,15,2,0,1,19,4,4,1,14,23,32,4,4,13,24,12,0,0,24,13,13,5,11,4,4,0,1,0,4,0,2,5,2,1,0,0,2,0,4,0,0,0,2,2,4,3,0,1,0,0,1,0,2,0,1,0,1860,12
