$ ./.venv/bin/python -u run.py cssselect_tailored --seed=20260922 --output-dir=./results/rq1/20261002-2248-tailored-cssselect_tailored/run1/cssselect_tailored --max-wall-seconds=3420

[props] max_repetition=20 (bounds * and + during generation)
[props]   count_a                            0..inf  governed by <more_node>* in <doc>, capped at 20 by max_repetition
[props]   count_an_a                         0..inf  no governing repetition (recursion or alternative)
[props]   count_an_b_sign                    0..inf  no governing repetition (recursion or alternative)
[props]   count_attr_ident                   0..inf  no governing repetition (recursion or alternative)
[props]   count_attr_matcher_ws              0..inf  no governing repetition (recursion or alternative)
[props]   count_attr_modifier                0..inf  no governing repetition (recursion or alternative)
[props]   count_attr_value                   0..inf  no governing repetition (recursion or alternative)
[props]   count_attr_value_words             0..inf  governed by <more_node>* in <doc>, capped at 20 by max_repetition
[props]   count_attribute_selector           0..inf  no governing repetition (recursion or alternative)
[props]   count_attrs                        0..inf  governed by <more_node>* in <doc>, capped at 20 by max_repetition
[props]   count_b                            0..inf  governed by <more_node>* in <doc>, capped at 20 by max_repetition
[props]   count_class_attr                   0..inf  governed by <more_node>* in <doc>, capped at 20 by max_repetition
[props]   count_class_list                   0..inf  governed by <more_node>* in <doc>, capped at 20 by max_repetition
[props]   count_class_selector               0..inf  no governing repetition (recursion or alternative)
[props]   count_combinator                   0..inf  no governing repetition (recursion or alternative)
[props]   count_comma                        0..inf  no governing repetition (recursion or alternative)
[props]   count_complex_selector             1..inf  no governing repetition (recursion or alternative)
[props]   count_complex_selector_in_has       0..inf  no governing repetition (recursion or alternative)
[props]   count_complex_selector_list        1..inf  no governing repetition (recursion or alternative)
[props]   count_complex_selector_list_in_has       0..inf  no governing repetition (recursion or alternative)
[props]   count_compound                     0..inf  no governing repetition (recursion or alternative)
[props]   count_data_attr                    0..inf  governed by <more_node>* in <doc>, capped at 20 by max_repetition
[props]   count_digits                       0..inf  no governing repetition (recursion or alternative)
[props]   count_div                          0..inf  governed by <more_node>* in <doc>, capped at 20 by max_repetition
[props]   count_em                           0..inf  governed by <more_node>* in <doc>, capped at 20 by max_repetition
[props]   count_flow_content                 0..inf  governed by <more_node>* in <doc>, capped at 20 by max_repetition
[props]   count_flow_item                    0..inf  governed by <more_node>* in <doc>, capped at 20 by max_repetition
[props]   count_has_compound                 0..inf  no governing repetition (recursion or alternative)
[props]   count_href_attr                    0..inf  governed by <more_node>* in <doc>, capped at 20 by max_repetition
[props]   count_id_attr                      0..inf  governed by <more_node>* in <doc>, capped at 20 by max_repetition
[props]   count_id_selector                  0..inf  no governing repetition (recursion or alternative)
[props]   count_input                        0..inf  governed by <more_node>* in <doc>, capped at 20 by max_repetition
[props]   count_lang_attr                    0..inf  governed by <more_node>* in <doc>, capped at 20 by max_repetition
[props]   count_lang_tag                     0..inf  governed by <more_node>* in <doc>, capped at 20 by max_repetition
[props]   count_leaf_item                    0..inf  governed by <more_node>* in <doc>, capped at 20 by max_repetition
[props]   count_leaf_items                   0..inf  governed by <more_node>* in <doc>, capped at 20 by max_repetition
[props]   count_lparen                       0..inf  no governing repetition (recursion or alternative)
[props]   count_more_complex_selector        0..inf  no governing repetition (recursion or alternative)
[props]   count_more_complex_selector_in_has       0..inf  no governing repetition (recursion or alternative)
[props]   count_more_node                    0..inf  governed by <more_node>* in <doc>, capped at 20 by max_repetition
[props]   count_more_relative_selector       0..inf  no governing repetition (recursion or alternative)
[props]   count_more_value_word              0..inf  governed by <more_node>* in <doc>, capped at 20 by max_repetition
[props]   count_name                         0..inf  governed by <more_node>* in <doc>, capped at 20 by max_repetition
[props]   count_namechar                     0..inf  governed by <more_node>* in <doc>, capped at 20 by max_repetition
[props]   count_node                         1..inf  governed by <more_node>* in <doc>, capped at 20 by max_repetition
[props]   count_nth_function                 0..inf  no governing repetition (recursion or alternative)
[props]   count_p                            0..inf  governed by <more_node>* in <doc>, capped at 20 by max_repetition
[props]   count_phrasing_content             0..inf  governed by <more_node>* in <doc>, capped at 20 by max_repetition
[props]   count_phrasing_element             0..inf  governed by <more_node>* in <doc>, capped at 20 by max_repetition
[props]   count_phrasing_item                0..inf  governed by <more_node>* in <doc>, capped at 20 by max_repetition
[props]   count_pseudo_class_function        0..inf  no governing repetition (recursion or alternative)
[props]   count_pseudo_class_function_in_has       0..inf  no governing repetition (recursion or alternative)
[props]   count_pseudo_class_ident           0..inf  no governing repetition (recursion or alternative)
[props]   count_pseudo_class_selector        0..inf  no governing repetition (recursion or alternative)
[props]   count_pseudo_class_selector_in_has       0..inf  no governing repetition (recursion or alternative)
[props]   count_relative_combinator          0..inf  no governing repetition (recursion or alternative)
[props]   count_relative_selector_list       0..inf  no governing repetition (recursion or alternative)
[props]   count_rparen                       0..inf  no governing repetition (recursion or alternative)
[props]   count_section                      0..inf  governed by <more_node>* in <doc>, capped at 20 by max_repetition
[props]   count_sign                         0..inf  no governing repetition (recursion or alternative)
[props]   count_signed_integer               0..inf  no governing repetition (recursion or alternative)
[props]   count_span                         0..inf  governed by <more_node>* in <doc>, capped at 20 by max_repetition
[props]   count_subclass_selectors           0..inf  no governing repetition (recursion or alternative)
[props]   count_subclass_selectors_in_has       0..inf  no governing repetition (recursion or alternative)
[props]   count_tchar                        0..inf  governed by <more_node>* in <doc>, capped at 20 by max_repetition
[props]   count_text_run                     0..inf  governed by <more_node>* in <doc>, capped at 20 by max_repetition
[props]   count_title_attr                   0..inf  governed by <more_node>* in <doc>, capped at 20 by max_repetition
[props]   count_type_attr                    0..inf  governed by <more_node>* in <doc>, capped at 20 by max_repetition
[props]   count_type_selector                0..inf  no governing repetition (recursion or alternative)
[props]   count_wq_name                      0..inf  no governing repetition (recursion or alternative)
[props] identical to count_attr_matcher_ws, not derived: count_attr_matcher
[props] identical to count_attribute_selector, not derived: count_attr_name, count_lbracket, count_rbracket
[props] identical to count_attrs, not derived: count_attrs_data, count_attrs_id, count_attrs_lang, count_attrs_title
[props] identical to count_complex_selector_in_has, not derived: count_compound_in_has
[props] identical to count_digits, not derived: count_digit
[props] identical to count_div, not derived: count_div_content
[props] identical to count_flow_item, not derived: count_flow_element
[props] identical to count_has_compound, not derived: count_has_pseudo
[props] identical to count_input, not derived: count_input_attrs, count_input_checked, count_input_disabled, count_input_readonly, count_input_required
[props] identical to count_lang_tag, not derived: count_lang_subtag
[props] identical to count_leaf_item, not derived: count_leaf_element
[props] identical to count_nth_function, not derived: count_an_plus_b
[props] identical to count_phrasing_item, not derived: count_phrasing_leaf
[props] identical to count_relative_selector_list, not derived: count_relative_selector
[props] identical to count_subclass_selectors, not derived: count_subclass_selector
[props] identical to count_subclass_selectors_in_has, not derived: count_subclass_selector_in_has
[props] identical to count_wq_name, not derived: count_tag
[props] WARNING <complex_selector> is a separated list written as recursion; write it as `<complex_selector> ::= <compound> <more_compound>*` with `<more_compound> ::= <separator> <compound>` so the length can be banded
[props] WARNING <subclass_selectors> is a list written as recursion; write it as `<subclass_selectors> ::= <subclass_selector>+` so the length can be banded
[props] WARNING <attr_ident> is a separated list written as recursion; write it as `<attr_ident> ::= <name> <more_name>*` with `<more_name> ::= <separator> <name>` so the length can be banded
[props] WARNING <complex_selector_in_has> is a separated list written as recursion; write it as `<complex_selector_in_has> ::= <compound_in_has> <more_compound_in_has>*` with `<more_compound_in_has> ::= <separator> <compound_in_has>` so the length can be banded
[props] WARNING <subclass_selectors_in_has> is a list written as recursion; write it as `<subclass_selectors_in_has> ::= <subclass_selector_in_has>+` so the length can be banded
[props] WARNING <digits> is a list written as recursion; write it as `<digits> ::= <digit>+` so the length can be banded
[props] WARNING <class_list> is a separated list written as recursion; write it as `<class_list> ::= <name> <more_name>*` with `<more_name> ::= <separator> <name>` so the length can be banded
[props] WARNING <lang_tag> is a separated list written as recursion; write it as `<lang_tag> ::= <lang_subtag> <more_lang_subtag>*` with `<more_lang_subtag> ::= <separator> <lang_subtag>` so the length can be banded
[props] fixed count, not derived: <doc>, <selector_list>
[cssselect_tailored] properties: ['count_complex_selector_list', 'count_more_complex_selector', 'count_comma', 'count_complex_selector', 'count_combinator', 'count_has_compound', 'count_compound', 'count_type_selector', 'count_subclass_selectors', 'count_wq_name', 'count_lparen', 'count_relative_selector_list', 'count_rparen', 'count_pseudo_class_selector', 'count_class_selector', 'count_attribute_selector', 'count_id_selector', 'count_more_relative_selector', 'count_pseudo_class_ident', 'count_pseudo_class_function', 'count_name', 'count_attr_matcher_ws', 'count_attr_modifier', 'count_attr_value', 'count_relative_combinator', 'count_complex_selector_in_has', 'count_nth_function', 'count_namechar', 'count_attr_ident', 'count_attr_value_words', 'count_more_value_word', 'count_subclass_selectors_in_has', 'count_signed_integer', 'count_digits', 'count_an_b_sign', 'count_an_a', 'count_sign', 'count_pseudo_class_selector_in_has', 'count_pseudo_class_function_in_has', 'count_complex_selector_list_in_has', 'count_more_complex_selector_in_has', 'count_node', 'count_section', 'count_flow_content', 'count_text_run', 'count_tchar', 'count_flow_item', 'count_input', 'count_type_attr', 'count_a', 'count_href_attr', 'count_attrs', 'count_class_attr', 'count_class_list', 'count_title_attr', 'count_lang_attr', 'count_id_attr', 'count_phrasing_element', 'count_b', 'count_em', 'count_span', 'count_p', 'count_phrasing_content', 'count_div', 'count_phrasing_item', 'count_leaf_items', 'count_leaf_item', 'count_lang_tag', 'count_data_attr', 'count_more_node', 'doc_depth', 'doc_bytes', 'selector_len', 'selector_nesting']
[cssselect_tailored] auto-stratified exploration: <more_node>[(0, 0), (1, 1), (2, 4), (5, 10), (11, 24)] x <leaf_item>[(1, 1), (2, 3), (4, 6), (7, 12), (13, 24)] x <flow_item>[(1, 1), (2, 3), (4, 6), (7, 12), (13, 24)] ...
fandango:WARNING: Symbol <more_node> defined, but not used
  [explore] 6 axes, 30 strata, 3/stratum -> 90 inputs
[cssselect_tailored] iter 0 (explore): corpus=180 (+180 new this run)
[select] relevance (max |rho| vs any metric on any system): count_comma=0.74, selector_nesting=0.56, count_complex_selector_in_has=0.74, count_pseudo_class_function_in_has=0.58, count_relative_selector_list=0.73, count_complex_selector_list_in_has=0.60, count_pseudo_class_ident=0.73, count_attr_modifier=0.55, count_type_selector=0.72, count_combinator=0.71, count_subclass_selectors_in_has=0.72, count_class_selector=0.66, count_wq_name=0.71, count_id_selector=0.71, count_pseudo_class_selector_in_has=0.70, count_more_complex_selector_in_has=0.53, count_lparen=0.70, count_rparen=0.70, count_attr_matcher_ws=0.59, count_attr_value=0.59, count_complex_selector_list=0.70, count_attribute_selector=0.63, count_has_compound=0.70, count_more_relative_selector=0.68, count_more_complex_selector=0.68, count_nth_function=0.48, count_namechar=0.26, count_relative_combinator=0.62, doc_bytes=0.23, count_class_attr=0.13, selector_len=0.57, count_attr_ident=0.57, count_class_list=0.05, count_complex_selector=0.57, count_id_attr=0.15, count_digits=0.40, count_sign=0.40, count_pseudo_class_selector=0.51, count_title_attr=0.07, count_an_a=0.47, count_type_attr=0.09, count_subclass_selectors=0.46, count_input=0.07, count_pseudo_class_function=0.44, count_signed_integer=0.23, count_compound=0.40, count_text_run=0.06, count_an_b_sign=0.33, count_a=0.06, count_href_attr=0.05, count_lang_attr=0.14, count_attrs=0.07, count_name=0.20, count_node=0.15, count_tchar=0.15, count_data_attr=0.13, count_b=0.15, count_lang_tag=0.14, count_phrasing_element=0.14, doc_depth=0.09, count_em=0.13, count_more_value_word=0.12, count_phrasing_item=0.10, count_attr_value_words=0.08, count_div=0.09, count_phrasing_content=0.09, count_section=0.09, count_flow_item=0.08, count_more_node=0.06, count_leaf_item=0.06, count_flow_content=0.03, count_span=0.05, count_leaf_items=0.05, count_p=0.04
[select] comparative relevance (max |rho| vs a between-system ratio): count_comma=0.31, selector_nesting=0.45, count_complex_selector_in_has=0.38, count_pseudo_class_function_in_has=0.43, count_relative_selector_list=0.24, count_complex_selector_list_in_has=0.42, count_pseudo_class_ident=0.32, count_attr_modifier=0.41, count_type_selector=0.37, count_combinator=0.40, count_subclass_selectors_in_has=0.40, count_class_selector=0.40, count_wq_name=0.36, count_id_selector=0.36, count_pseudo_class_selector_in_has=0.39, count_more_complex_selector_in_has=0.39, count_lparen=0.34, count_rparen=0.34, count_attr_matcher_ws=0.38, count_attr_value=0.38, count_complex_selector_list=0.14, count_attribute_selector=0.37, count_has_compound=0.14, count_more_relative_selector=0.27, count_more_complex_selector=0.08, count_nth_function=0.36, count_namechar=0.35, count_relative_combinator=0.26, doc_bytes=0.34, count_class_attr=0.34, selector_len=0.33, count_attr_ident=0.32, count_class_list=0.32, count_complex_selector=0.21, count_id_attr=0.32, count_digits=0.31, count_sign=0.31, count_pseudo_class_selector=0.19, count_title_attr=0.31, count_an_a=0.29, count_type_attr=0.30, count_subclass_selectors=0.29, count_input=0.30, count_pseudo_class_function=0.26, count_signed_integer=0.30, count_compound=0.20, count_text_run=0.30, count_an_b_sign=0.15, count_a=0.28, count_href_attr=0.28, count_lang_attr=0.28, count_attrs=0.27, count_name=0.17, count_node=0.19, count_tchar=0.15, count_data_attr=0.25, count_b=0.17, count_lang_tag=0.25, count_phrasing_element=0.16, doc_depth=0.21, count_em=0.17, count_more_value_word=0.16, count_phrasing_item=0.19, count_attr_value_words=0.18, count_div=0.12, count_phrasing_content=0.17, count_section=0.10, count_flow_item=0.07, count_more_node=0.14, count_leaf_item=0.09, count_flow_content=0.12, count_span=0.10, count_leaf_items=0.08, count_p=0.09
[select] scored on the comparison rather than on the metric: count_namechar (0.26 -> 0.35), doc_bytes (0.23 -> 0.34), count_class_attr (0.13 -> 0.34), count_class_list (0.05 -> 0.32), count_id_attr (0.15 -> 0.32), count_title_attr (0.07 -> 0.31), count_type_attr (0.09 -> 0.30), count_input (0.07 -> 0.30), count_signed_integer (0.23 -> 0.30), count_text_run (0.06 -> 0.30), count_a (0.06 -> 0.28), count_href_attr (0.05 -> 0.28), count_lang_attr (0.14 -> 0.28), count_attrs (0.07 -> 0.27), count_data_attr (0.13 -> 0.25), count_lang_tag (0.14 -> 0.25), doc_depth (0.09 -> 0.21), count_phrasing_item (0.10 -> 0.19), count_attr_value_words (0.08 -> 0.18), count_phrasing_content (0.09 -> 0.17), count_more_node (0.06 -> 0.14), count_flow_content (0.03 -> 0.12)
[select] dropped selector_nesting: |rho|=0.83 with count_comma, which is already kept
[select] dropped count_complex_selector_in_has: |rho|=0.94 with count_comma, which is already kept
[select] dropped count_pseudo_class_function_in_has: |rho|=0.84 with count_comma, which is already kept
[select] dropped count_relative_selector_list: |rho|=0.91 with count_comma, which is already kept
[select] dropped count_complex_selector_list_in_has: |rho|=0.83 with count_comma, which is already kept
[select] dropped count_pseudo_class_ident: |rho|=0.84 with count_comma, which is already kept
[select] dropped count_type_selector: |rho|=0.93 with count_comma, which is already kept
[select] dropped count_combinator: |rho|=0.88 with count_comma, which is already kept
[select] dropped count_subclass_selectors_in_has: |rho|=0.92 with count_comma, which is already kept
[select] dropped count_class_selector: |rho|=0.89 with count_comma, which is already kept
[select] dropped count_wq_name: |rho|=0.90 with count_comma, which is already kept
[select] dropped count_id_selector: |rho|=0.86 with count_comma, which is already kept
[select] dropped count_pseudo_class_selector_in_has: |rho|=0.87 with count_comma, which is already kept
[select] dropped count_lparen: |rho|=0.92 with count_comma, which is already kept
[select] dropped count_rparen: |rho|=0.92 with count_comma, which is already kept
[select] dropped count_attr_matcher_ws: |rho|=0.83 with count_comma, which is already kept
[select] dropped count_attr_value: |rho|=0.83 with count_comma, which is already kept
[select] dropped count_attribute_selector: over the 4-property cap
[select] dropped count_has_compound: over the 4-property cap
[select] dropped count_more_relative_selector: over the 4-property cap
[select] dropped count_more_complex_selector: over the 4-property cap
[select] dropped count_nth_function: over the 4-property cap
[select] dropped count_namechar: over the 4-property cap
[select] dropped count_relative_combinator: over the 4-property cap
[select] dropped doc_bytes: over the 4-property cap
[select] dropped count_class_attr: over the 4-property cap
[select] dropped selector_len: over the 4-property cap
[select] dropped count_attr_ident: over the 4-property cap
[select] dropped count_class_list: over the 4-property cap
[select] dropped count_complex_selector: over the 4-property cap
[select] dropped count_id_attr: over the 4-property cap
[select] dropped count_digits: over the 4-property cap
[select] dropped count_sign: over the 4-property cap
[select] dropped count_pseudo_class_selector: over the 4-property cap
[select] dropped count_title_attr: over the 4-property cap
[select] dropped count_an_a: over the 4-property cap
[select] dropped count_type_attr: over the 4-property cap
[select] dropped count_subclass_selectors: over the 4-property cap
[select] dropped count_input: over the 4-property cap
[select] dropped count_pseudo_class_function: over the 4-property cap
[select] dropped count_signed_integer: over the 4-property cap
[select] dropped count_compound: over the 4-property cap
[select] dropped count_text_run: over the 4-property cap
[select] dropped count_an_b_sign: over the 4-property cap
[select] dropped count_a: over the 4-property cap
[select] dropped count_href_attr: over the 4-property cap
[select] dropped count_lang_attr: over the 4-property cap
[select] dropped count_attrs: over the 4-property cap
[select] dropped count_name: over the 4-property cap
[select] dropped count_node: over the 4-property cap
[select] dropped count_tchar: over the 4-property cap
[select] dropped count_data_attr: over the 4-property cap
[select] dropped count_b: over the 4-property cap
[select] dropped count_lang_tag: over the 4-property cap
[select] dropped count_phrasing_element: over the 4-property cap
[select] dropped doc_depth: over the 4-property cap
[select] dropped count_em: over the 4-property cap
[select] dropped count_more_value_word: over the 4-property cap
[select] dropped count_phrasing_item: over the 4-property cap
[select] dropped count_attr_value_words: over the 4-property cap
[select] dropped count_div: over the 4-property cap
[select] dropped count_phrasing_content: over the 4-property cap
[select] dropped count_section: over the 4-property cap
[select] dropped count_flow_item: over the 4-property cap
[select] dropped count_more_node: over the 4-property cap
[select] dropped count_leaf_item: over the 4-property cap
[select] dropped count_flow_content: over the 4-property cap
[select] dropped count_span: over the 4-property cap
[select] dropped count_leaf_items: over the 4-property cap
[select] dropped count_p: over the 4-property cap
[select] count_comma stands for selector_nesting, count_complex_selector_in_has, count_pseudo_class_function_in_has, count_relative_selector_list, count_complex_selector_list_in_has, count_pseudo_class_ident, count_type_selector, count_combinator, count_subclass_selectors_in_has, count_class_selector, count_wq_name, count_id_selector, count_pseudo_class_selector_in_has, count_lparen, count_rparen, count_attr_matcher_ws, count_attr_value (indistinguishable here)
[select] joint fit uses 4 of 74 properties: count_complex_selector_list, count_comma, count_attr_modifier, count_more_complex_selector_in_has (1,296 model fits)
[cssselect_tailored] loop targets 4 of 74 properties: count_complex_selector_list, count_comma, count_attr_modifier, count_more_complex_selector_in_has
[cssselect_tailored] targeting 8 regions: runtime_ns_divergence, count_comma_dominance, count_attr_modifier_undecided, count_more_complex_selector_in_has_beyond, runtime_ns_high, count_comma_edge, runtime_ns_sparse0, count_more_complex_selector_in_has_sparse7
  [runtime_ns_divergence] 21s: no new inputs
  [count_comma_dominance] settling count_comma =0 would decide 1 dominance verdict(s): css_select_5_1_0 vs css_select_5_2_0 (runtime_ns undecided)
  [count_comma_dominance] 24s: +7 new input(s), 2 distinct shape(s), 7 measured
  [count_attr_modifier_undecided] 2 comparison(s) undecided in count_attr_modifier [2.668,4.359): css_select_5_1_0 vs css_select_5_2_0 on runtime_ns and 1 more
  [count_attr_modifier_undecided] 21s: +7 new input(s), 4 distinct shape(s), 7 measured
  [count_more_complex_selector_in_has_beyond] rung 1
  [count_more_complex_selector_in_has_beyond] 193s: +10 new input(s), 3 distinct shape(s), 10 measured
  [runtime_ns_high] 26s: no new inputs
  [count_comma_edge] 22s: no new inputs
  [runtime_ns_sparse0] 18s: +6 new input(s), 6 distinct shape(s), 6 measured
[WARNING] Fandango did not generate any valid inputs.
  [count_more_complex_selector_in_has_sparse7] 32s: no new inputs
[cssselect_tailored] iter 1: corpus=240 (+60 new)
[select] relevance (max |rho| vs any metric on any system): count_complex_selector_in_has=0.81, count_pseudo_class_function_in_has=0.70, count_comma=0.81, selector_nesting=0.70, count_pseudo_class_ident=0.80, count_attr_modifier=0.68, count_type_selector=0.80, count_complex_selector_list_in_has=0.72, count_wq_name=0.79, count_pseudo_class_selector_in_has=0.78, count_combinator=0.79, count_subclass_selectors_in_has=0.78, count_lparen=0.78, count_class_selector=0.74, count_rparen=0.78, count_attr_matcher_ws=0.70, count_attr_value=0.70, count_id_selector=0.77, count_attribute_selector=0.73, count_relative_selector_list=0.77, count_more_relative_selector=0.75, count_nth_function=0.61, count_more_complex_selector_in_has=0.63, count_complex_selector_list=0.72, count_has_compound=0.72, count_attr_ident=0.70, selector_len=0.70, count_digits=0.55, count_more_complex_selector=0.70, count_an_a=0.56, count_sign=0.54, count_relative_combinator=0.68, count_pseudo_class_function=0.58, count_complex_selector=0.64, count_pseudo_class_selector=0.62, count_subclass_selectors=0.58, doc_bytes=0.05, count_an_b_sign=0.48, count_signed_integer=0.34, count_compound=0.53, count_attrs=0.15, count_name=0.37, count_id_attr=0.10, count_title_attr=0.17, count_b=0.32, count_href_attr=0.15, count_phrasing_element=0.26, count_input=0.10, count_em=0.24, count_phrasing_content=0.23, count_class_list=0.15, count_attr_value_words=0.23, doc_depth=0.07, count_phrasing_item=0.22, count_a=0.18, count_more_value_word=0.22, count_lang_attr=0.04, count_text_run=0.16, count_class_attr=0.16, count_type_attr=0.11, count_namechar=0.08, count_more_node=0.05, count_span=0.13, count_lang_tag=0.06, count_p=0.10, count_data_attr=0.09, count_tchar=0.08, count_flow_content=0.03, count_node=0.08, count_leaf_items=0.08, count_div=0.07, count_leaf_item=0.07, count_section=0.04, count_flow_item=0.06
[select] comparative relevance (max |rho| vs a between-system ratio): count_complex_selector_in_has=0.35, count_pseudo_class_function_in_has=0.41, count_comma=0.31, selector_nesting=0.41, count_pseudo_class_ident=0.34, count_attr_modifier=0.40, count_type_selector=0.35, count_complex_selector_list_in_has=0.40, count_wq_name=0.36, count_pseudo_class_selector_in_has=0.39, count_combinator=0.36, count_subclass_selectors_in_has=0.38, count_lparen=0.34, count_class_selector=0.38, count_rparen=0.34, count_attr_matcher_ws=0.37, count_attr_value=0.37, count_id_selector=0.34, count_attribute_selector=0.36, count_relative_selector_list=0.26, count_more_relative_selector=0.29, count_nth_function=0.35, count_more_complex_selector_in_has=0.34, count_complex_selector_list=0.19, count_has_compound=0.19, count_attr_ident=0.34, selector_len=0.32, count_digits=0.32, count_more_complex_selector=0.15, count_an_a=0.32, count_sign=0.30, count_relative_combinator=0.28, count_pseudo_class_function=0.29, count_complex_selector=0.23, count_pseudo_class_selector=0.22, count_subclass_selectors=0.26, doc_bytes=0.24, count_an_b_sign=0.24, count_signed_integer=0.24, count_compound=0.23, count_attrs=0.22, count_name=0.11, count_id_attr=0.22, count_title_attr=0.22, count_b=0.20, count_href_attr=0.21, count_phrasing_element=0.11, count_input=0.21, count_em=0.12, count_phrasing_content=0.15, count_class_list=0.20, count_attr_value_words=0.16, doc_depth=0.20, count_phrasing_item=0.15, count_a=0.20, count_more_value_word=0.17, count_lang_attr=0.19, count_text_run=0.19, count_class_attr=0.17, count_type_attr=0.19, count_namechar=0.19, count_more_node=0.18, count_span=0.07, count_lang_tag=0.16, count_p=0.08, count_data_attr=0.12, count_tchar=0.09, count_flow_content=0.14, count_node=0.13, count_leaf_items=0.03, count_div=0.07, count_leaf_item=0.03, count_section=0.08, count_flow_item=0.07
[select] scored on the comparison rather than on the metric: doc_bytes (0.05 -> 0.24), count_attrs (0.15 -> 0.22), count_id_attr (0.10 -> 0.22), count_href_attr (0.15 -> 0.21), count_input (0.10 -> 0.21), count_class_list (0.15 -> 0.20), doc_depth (0.07 -> 0.20), count_lang_attr (0.04 -> 0.19), count_type_attr (0.11 -> 0.19), count_namechar (0.08 -> 0.19), count_more_node (0.05 -> 0.18), count_lang_tag (0.06 -> 0.16), count_flow_content (0.03 -> 0.14)
[select] dropped count_pseudo_class_function_in_has: |rho|=0.92 with count_complex_selector_in_has, which is already kept
[select] dropped count_comma: |rho|=0.96 with count_complex_selector_in_has, which is already kept
[select] dropped selector_nesting: |rho|=0.90 with count_complex_selector_in_has, which is already kept
[select] dropped count_pseudo_class_ident: |rho|=0.89 with count_complex_selector_in_has, which is already kept
[select] dropped count_attr_modifier: |rho|=0.82 with count_complex_selector_in_has, which is already kept
[select] dropped count_type_selector: |rho|=0.98 with count_complex_selector_in_has, which is already kept
[select] dropped count_complex_selector_list_in_has: |rho|=0.91 with count_complex_selector_in_has, which is already kept
[select] dropped count_wq_name: |rho|=0.95 with count_complex_selector_in_has, which is already kept
[select] dropped count_pseudo_class_selector_in_has: |rho|=0.92 with count_complex_selector_in_has, which is already kept
[select] dropped count_combinator: |rho|=0.98 with count_complex_selector_in_has, which is already kept
[select] dropped count_subclass_selectors_in_has: |rho|=0.96 with count_complex_selector_in_has, which is already kept
[select] dropped count_lparen: |rho|=0.93 with count_complex_selector_in_has, which is already kept
[select] dropped count_class_selector: |rho|=0.91 with count_complex_selector_in_has, which is already kept
[select] dropped count_rparen: |rho|=0.93 with count_complex_selector_in_has, which is already kept
[select] dropped count_attr_matcher_ws: |rho|=0.88 with count_complex_selector_in_has, which is already kept
[select] dropped count_attr_value: |rho|=0.88 with count_complex_selector_in_has, which is already kept
[select] dropped count_id_selector: |rho|=0.94 with count_complex_selector_in_has, which is already kept
[select] dropped count_attribute_selector: |rho|=0.90 with count_complex_selector_in_has, which is already kept
[select] dropped count_relative_selector_list: |rho|=0.87 with count_complex_selector_in_has, which is already kept
[select] dropped count_more_relative_selector: |rho|=0.85 with count_complex_selector_in_has, which is already kept
[select] dropped count_nth_function: |rho|=0.82 with count_complex_selector_in_has, which is already kept
[select] dropped count_has_compound: |rho|=1.00 with count_complex_selector_list, which is already kept
[select] dropped selector_len: over the 4-property cap
[select] dropped count_digits: over the 4-property cap
[select] dropped count_more_complex_selector: over the 4-property cap
[select] dropped count_an_a: over the 4-property cap
[select] dropped count_sign: over the 4-property cap
[select] dropped count_relative_combinator: over the 4-property cap
[select] dropped count_pseudo_class_function: over the 4-property cap
[select] dropped count_complex_selector: over the 4-property cap
[select] dropped count_pseudo_class_selector: over the 4-property cap
[select] dropped count_subclass_selectors: over the 4-property cap
[select] dropped doc_bytes: over the 4-property cap
[select] dropped count_an_b_sign: over the 4-property cap
[select] dropped count_signed_integer: over the 4-property cap
[select] dropped count_compound: over the 4-property cap
[select] dropped count_attrs: over the 4-property cap
[select] dropped count_name: over the 4-property cap
[select] dropped count_id_attr: over the 4-property cap
[select] dropped count_title_attr: over the 4-property cap
[select] dropped count_b: over the 4-property cap
[select] dropped count_href_attr: over the 4-property cap
[select] dropped count_phrasing_element: over the 4-property cap
[select] dropped count_input: over the 4-property cap
[select] dropped count_em: over the 4-property cap
[select] dropped count_phrasing_content: over the 4-property cap
[select] dropped count_class_list: over the 4-property cap
[select] dropped count_attr_value_words: over the 4-property cap
[select] dropped doc_depth: over the 4-property cap
[select] dropped count_phrasing_item: over the 4-property cap
[select] dropped count_a: over the 4-property cap
[select] dropped count_more_value_word: over the 4-property cap
[select] dropped count_lang_attr: over the 4-property cap
[select] dropped count_text_run: over the 4-property cap
[select] dropped count_class_attr: over the 4-property cap
[select] dropped count_type_attr: over the 4-property cap
[select] dropped count_namechar: over the 4-property cap
[select] dropped count_more_node: over the 4-property cap
[select] dropped count_span: over the 4-property cap
[select] dropped count_lang_tag: over the 4-property cap
[select] dropped count_p: over the 4-property cap
[select] dropped count_data_attr: over the 4-property cap
[select] dropped count_tchar: over the 4-property cap
[select] dropped count_flow_content: over the 4-property cap
[select] dropped count_node: over the 4-property cap
[select] dropped count_leaf_items: over the 4-property cap
[select] dropped count_div: over the 4-property cap
[select] dropped count_leaf_item: over the 4-property cap
[select] dropped count_section: over the 4-property cap
[select] dropped count_flow_item: over the 4-property cap
[select] count_complex_selector_list stands for count_has_compound (indistinguishable here)
[select] count_complex_selector_in_has stands for count_pseudo_class_function_in_has, count_comma, selector_nesting, count_pseudo_class_ident, count_attr_modifier, count_type_selector, count_complex_selector_list_in_has, count_wq_name, count_pseudo_class_selector_in_has, count_combinator, count_subclass_selectors_in_has, count_lparen, count_class_selector, count_rparen, count_attr_matcher_ws, count_attr_value, count_id_selector, count_attribute_selector, count_relative_selector_list, count_more_relative_selector, count_nth_function (indistinguishable here)
[select] joint fit uses 4 of 74 properties: count_complex_selector_list, count_complex_selector_in_has, count_attr_ident, count_more_complex_selector_in_has (1,296 model fits)
[cssselect_tailored] loop targets 4 of 74 properties: count_complex_selector_list, count_complex_selector_in_has, count_attr_ident, count_more_complex_selector_in_has
[cssselect_tailored] targeting 8 regions: runtime_ns_divergence, count_complex_selector_in_has_dominance, count_more_complex_selector_in_has_undecided, count_more_complex_selector_in_has_beyond, runtime_ns_high, count_complex_selector_in_has_edge, runtime_ns_sparse0, count_more_complex_selector_in_has_sparse5
  [seeds] skipped 2 seed(s) over 4096B; parsing one costs more than the request it would seed
  [runtime_ns_divergence] 20s: +2 new input(s), 2 distinct shape(s), 2 measured
  [count_complex_selector_in_has_dominance] settling count_complex_selector_in_has [1,2.344) would decide 1 dominance verdict(s): css_select_5_1_0 vs css_select_5_2_0 (runtime_ns undecided)
  [count_complex_selector_in_has_dominance] 21s: +7 new input(s), 3 distinct shape(s), 7 measured
  [count_more_complex_selector_in_has_undecided] 2 comparison(s) undecided in count_more_complex_selector_in_has [1,1.817): css_select_5_1_0 vs css_select_5_2_0 on runtime_ns and 1 more
  [count_more_complex_selector_in_has_undecided] 28s: +7 new input(s), 2 distinct shape(s), 7 measured
  [count_more_complex_selector_in_has_beyond] rung 1
  [seeds] skipped 9 seed(s) over 4096B; parsing one costs more than the request it would seed
[WARNING] Fandango did not generate any valid inputs.
  [count_more_complex_selector_in_has_beyond] 144s: no new inputs
  [seeds] skipped 2 seed(s) over 4096B; parsing one costs more than the request it would seed
  [runtime_ns_high] 24s: +2 new input(s), 2 distinct shape(s), 2 measured
  [seeds] skipped 5 seed(s) over 4096B; parsing one costs more than the request it would seed
  [count_complex_selector_in_has_edge] 28s: +5 new input(s), 4 distinct shape(s), 5 measured
  [seeds] skipped 1 seed(s) over 4096B; parsing one costs more than the request it would seed
[WARNING] Fandango did not generate any valid inputs.
  [runtime_ns_sparse0] 38s: no new inputs
  [count_more_complex_selector_in_has_sparse5] 90s: +10 new input(s), 5 distinct shape(s), 10 measured
[cssselect_tailored] iter 2: corpus=306 (+66 new)
[select] relevance (max |rho| vs any metric on any system): count_complex_selector_in_has=0.86, selector_nesting=0.76, count_type_selector=0.85, count_pseudo_class_function_in_has=0.77, count_comma=0.84, count_attr_modifier=0.73, count_combinator=0.84, count_complex_selector_list_in_has=0.77, count_pseudo_class_ident=0.84, count_pseudo_class_selector_in_has=0.82, count_wq_name=0.83, count_attr_matcher_ws=0.76, count_subclass_selectors_in_has=0.82, count_attr_value=0.76, count_relative_selector_list=0.82, count_nth_function=0.70, count_lparen=0.82, count_class_selector=0.80, count_rparen=0.82, count_digits=0.65, count_id_selector=0.81, count_more_relative_selector=0.81, count_attribute_selector=0.78, selector_len=0.78, count_an_a=0.62, count_more_complex_selector_in_has=0.70, count_attr_ident=0.76, count_complex_selector_list=0.76, count_has_compound=0.76, count_pseudo_class_function=0.67, count_relative_combinator=0.75, count_sign=0.60, count_more_complex_selector=0.73, count_an_b_sign=0.59, count_complex_selector=0.70, count_pseudo_class_selector=0.69, count_subclass_selectors=0.66, count_compound=0.60, doc_bytes=0.17, count_name=0.35, count_attrs=0.09, count_signed_integer=0.28, count_input=0.09, count_node=0.21, count_title_attr=0.07, count_attr_value_words=0.21, doc_depth=0.14, count_more_value_word=0.19, count_href_attr=0.09, count_more_node=0.18, count_id_attr=0.10, count_lang_attr=0.16, count_lang_tag=0.16, count_class_list=0.08, count_text_run=0.05, count_namechar=0.13, count_b=0.13, count_a=0.05, count_div=0.11, count_class_attr=0.08, count_section=0.11, count_type_attr=0.04, count_tchar=0.11, count_data_attr=0.10, count_flow_content=0.11, count_phrasing_item=0.03, count_em=0.07, count_span=0.09, count_phrasing_element=0.05, count_phrasing_content=0.04, count_flow_item=0.08, count_p=0.04, count_leaf_items=0.03, count_leaf_item=0.03
[select] comparative relevance (max |rho| vs a between-system ratio): count_complex_selector_in_has=0.46, selector_nesting=0.52, count_type_selector=0.46, count_pseudo_class_function_in_has=0.51, count_comma=0.43, count_attr_modifier=0.50, count_combinator=0.48, count_complex_selector_list_in_has=0.49, count_pseudo_class_ident=0.46, count_pseudo_class_selector_in_has=0.49, count_wq_name=0.46, count_attr_matcher_ws=0.48, count_subclass_selectors_in_has=0.47, count_attr_value=0.48, count_relative_selector_list=0.40, count_nth_function=0.48, count_lparen=0.45, count_class_selector=0.47, count_rparen=0.45, count_digits=0.47, count_id_selector=0.44, count_more_relative_selector=0.40, count_attribute_selector=0.46, selector_len=0.43, count_an_a=0.46, count_more_complex_selector_in_has=0.46, count_attr_ident=0.45, count_complex_selector_list=0.35, count_has_compound=0.35, count_pseudo_class_function=0.44, count_relative_combinator=0.41, count_sign=0.44, count_more_complex_selector=0.30, count_an_b_sign=0.41, count_complex_selector=0.36, count_pseudo_class_selector=0.39, count_subclass_selectors=0.40, count_compound=0.35, doc_bytes=0.35, count_name=0.13, count_attrs=0.33, count_signed_integer=0.18, count_input=0.33, count_node=0.23, count_title_attr=0.32, count_attr_value_words=0.20, doc_depth=0.31, count_more_value_word=0.22, count_href_attr=0.31, count_more_node=0.17, count_id_attr=0.31, count_lang_attr=0.31, count_lang_tag=0.30, count_class_list=0.30, count_text_run=0.30, count_namechar=0.15, count_b=0.22, count_a=0.30, count_div=0.11, count_class_attr=0.29, count_section=0.18, count_type_attr=0.29, count_tchar=0.24, count_data_attr=0.25, count_flow_content=0.21, count_phrasing_item=0.24, count_em=0.22, count_span=0.18, count_phrasing_element=0.22, count_phrasing_content=0.21, count_flow_item=0.13, count_p=0.15, count_leaf_items=0.11, count_leaf_item=0.11
[select] scored on the comparison rather than on the metric: doc_bytes (0.17 -> 0.35), count_attrs (0.09 -> 0.33), count_input (0.09 -> 0.33), count_title_attr (0.07 -> 0.32), doc_depth (0.14 -> 0.31), count_href_attr (0.09 -> 0.31), count_id_attr (0.10 -> 0.31), count_lang_attr (0.16 -> 0.31), count_lang_tag (0.16 -> 0.30), count_class_list (0.08 -> 0.30), count_text_run (0.05 -> 0.30), count_b (0.13 -> 0.22), count_a (0.05 -> 0.30), count_class_attr (0.08 -> 0.29), count_section (0.11 -> 0.18), count_type_attr (0.04 -> 0.29), count_tchar (0.11 -> 0.24), count_data_attr (0.10 -> 0.25), count_flow_content (0.11 -> 0.21), count_phrasing_item (0.03 -> 0.24), count_em (0.07 -> 0.22), count_span (0.09 -> 0.18), count_phrasing_element (0.05 -> 0.22), count_phrasing_content (0.04 -> 0.21), count_p (0.04 -> 0.15), count_leaf_items (0.03 -> 0.11), count_leaf_item (0.03 -> 0.11)
[select] dropped selector_nesting: |rho|=0.92 with count_complex_selector_in_has, which is already kept
[select] dropped count_type_selector: |rho|=0.98 with count_complex_selector_in_has, which is already kept
[select] dropped count_pseudo_class_function_in_has: |rho|=0.93 with count_complex_selector_in_has, which is already kept
[select] dropped count_comma: |rho|=0.97 with count_complex_selector_in_has, which is already kept
[select] dropped count_attr_modifier: |rho|=0.84 with count_complex_selector_in_has, which is already kept
[select] dropped count_combinator: |rho|=0.98 with count_complex_selector_in_has, which is already kept
[select] dropped count_complex_selector_list_in_has: |rho|=0.92 with count_complex_selector_in_has, which is already kept
[select] dropped count_pseudo_class_ident: |rho|=0.92 with count_complex_selector_in_has, which is already kept
[select] dropped count_pseudo_class_selector_in_has: |rho|=0.94 with count_complex_selector_in_has, which is already kept
[select] dropped count_wq_name: |rho|=0.96 with count_complex_selector_in_has, which is already kept
[select] dropped count_attr_matcher_ws: |rho|=0.88 with count_complex_selector_in_has, which is already kept
[select] dropped count_subclass_selectors_in_has: |rho|=0.97 with count_complex_selector_in_has, which is already kept
[select] dropped count_attr_value: |rho|=0.88 with count_complex_selector_in_has, which is already kept
[select] dropped count_relative_selector_list: |rho|=0.90 with count_complex_selector_in_has, which is already kept
[select] dropped count_nth_function: |rho|=0.85 with count_complex_selector_in_has, which is already kept
[select] dropped count_lparen: |rho|=0.95 with count_complex_selector_in_has, which is already kept
[select] dropped count_class_selector: |rho|=0.93 with count_complex_selector_in_has, which is already kept
[select] dropped count_rparen: |rho|=0.95 with count_complex_selector_in_has, which is already kept
[select] dropped count_id_selector: |rho|=0.95 with count_complex_selector_in_has, which is already kept
[select] dropped count_more_relative_selector: |rho|=0.87 with count_complex_selector_in_has, which is already kept
[select] dropped count_attribute_selector: |rho|=0.92 with count_complex_selector_in_has, which is already kept
[select] dropped selector_len: |rho|=0.93 with count_complex_selector_in_has, which is already kept
[select] dropped count_more_complex_selector_in_has: |rho|=0.83 with count_complex_selector_in_has, which is already kept
[select] dropped count_attr_ident: |rho|=0.84 with count_complex_selector_in_has, which is already kept
[select] dropped count_complex_selector_list: |rho|=0.83 with count_complex_selector_in_has, which is already kept
[select] dropped count_has_compound: |rho|=0.83 with count_complex_selector_in_has, which is already kept
[select] dropped count_relative_combinator: over the 4-property cap
[select] dropped count_sign: over the 4-property cap
[select] dropped count_more_complex_selector: over the 4-property cap
[select] dropped count_an_b_sign: over the 4-property cap
[select] dropped count_complex_selector: over the 4-property cap
[select] dropped count_pseudo_class_selector: over the 4-property cap
[select] dropped count_subclass_selectors: over the 4-property cap
[select] dropped count_compound: over the 4-property cap
[select] dropped doc_bytes: over the 4-property cap
[select] dropped count_name: over the 4-property cap
[select] dropped count_attrs: over the 4-property cap
[select] dropped count_signed_integer: over the 4-property cap
[select] dropped count_input: over the 4-property cap
[select] dropped count_node: over the 4-property cap
[select] dropped count_title_attr: over the 4-property cap
[select] dropped count_attr_value_words: over the 4-property cap
[select] dropped doc_depth: over the 4-property cap
[select] dropped count_more_value_word: over the 4-property cap
[select] dropped count_href_attr: over the 4-property cap
[select] dropped count_more_node: over the 4-property cap
[select] dropped count_id_attr: over the 4-property cap
[select] dropped count_lang_attr: over the 4-property cap
[select] dropped count_lang_tag: over the 4-property cap
[select] dropped count_class_list: over the 4-property cap
[select] dropped count_text_run: over the 4-property cap
[select] dropped count_namechar: over the 4-property cap
[select] dropped count_b: over the 4-property cap
[select] dropped count_a: over the 4-property cap
[select] dropped count_div: over the 4-property cap
[select] dropped count_class_attr: over the 4-property cap
[select] dropped count_section: over the 4-property cap
[select] dropped count_type_attr: over the 4-property cap
[select] dropped count_tchar: over the 4-property cap
[select] dropped count_data_attr: over the 4-property cap
[select] dropped count_flow_content: over the 4-property cap
[select] dropped count_phrasing_item: over the 4-property cap
[select] dropped count_em: over the 4-property cap
[select] dropped count_span: over the 4-property cap
[select] dropped count_phrasing_element: over the 4-property cap
[select] dropped count_phrasing_content: over the 4-property cap
[select] dropped count_flow_item: over the 4-property cap
[select] dropped count_p: over the 4-property cap
[select] dropped count_leaf_items: over the 4-property cap
[select] dropped count_leaf_item: over the 4-property cap
[select] count_complex_selector_in_has stands for selector_nesting, count_type_selector, count_pseudo_class_function_in_has, count_comma, count_attr_modifier, count_combinator, count_complex_selector_list_in_has, count_pseudo_class_ident, count_pseudo_class_selector_in_has, count_wq_name, count_attr_matcher_ws, count_subclass_selectors_in_has, count_attr_value, count_relative_selector_list, count_nth_function, count_lparen, count_class_selector, count_rparen, count_id_selector, count_more_relative_selector, count_attribute_selector, selector_len, count_more_complex_selector_in_has, count_attr_ident, count_complex_selector_list, count_has_compound (indistinguishable here)
[select] joint fit uses 4 of 74 properties: count_pseudo_class_function, count_complex_selector_in_has, count_digits, count_an_a (1,296 model fits)
[cssselect_tailored] loop targets 4 of 74 properties: count_pseudo_class_function, count_complex_selector_in_has, count_digits, count_an_a
[cssselect_tailored] targeting 8 regions: runtime_ns_divergence, count_complex_selector_in_has_dominance, count_an_a_undecided, count_an_a_beyond, runtime_ns_high, count_complex_selector_in_has_edge, runtime_ns_sparse0, count_an_a_sparse2
  [seeds] skipped 2 seed(s) over 4096B; parsing one costs more than the request it would seed
  [runtime_ns_divergence] 25s: +2 new input(s), 2 distinct shape(s), 2 measured
  [count_complex_selector_in_has_dominance] settling count_complex_selector_in_has [1,2.344) would decide 1 dominance verdict(s): css_select_5_1_0 vs css_select_5_2_0 (runtime_ns undecided)
  [count_complex_selector_in_has_dominance] 19s: +7 new input(s), 2 distinct shape(s), 7 measured
  [count_an_a_undecided] 2 comparison(s) undecided in count_an_a [2.667,3.5): css_select_5_1_0 vs css_select_5_2_0 on runtime_ns and 1 more
  [count_an_a_undecided] 23s: +7 new input(s), 5 distinct shape(s), 7 measured
  [count_an_a_beyond] rung 1
  [count_an_a_beyond] 96s: +10 new input(s), 5 distinct shape(s), 10 measured
  [seeds] skipped 1 seed(s) over 4096B; parsing one costs more than the request it would seed
  [runtime_ns_high] 25s: +1 new input(s), 1 distinct shape(s), 1 measured
  [seeds] skipped 4 seed(s) over 4096B; parsing one costs more than the request it would seed
  [count_complex_selector_in_has_edge] 26s: +4 new input(s), 4 distinct shape(s), 4 measured
  [seeds] skipped 1 seed(s) over 4096B; parsing one costs more than the request it would seed
[WARNING] Fandango did not generate any valid inputs.
  [runtime_ns_sparse0] 30s: no new inputs
[WARNING] Fandango did not generate any valid inputs.
  [count_an_a_sparse2] 39s: no new inputs
[cssselect_tailored] iter 3: corpus=368 (+62 new)
[select] relevance (max |rho| vs any metric on any system): count_complex_selector_in_has=0.88, selector_nesting=0.82, count_comma=0.88, count_pseudo_class_function_in_has=0.82, count_type_selector=0.87, count_combinator=0.87, count_complex_selector_list_in_has=0.82, count_pseudo_class_selector_in_has=0.86, count_lparen=0.85, count_attr_modifier=0.78, count_rparen=0.85, count_pseudo_class_ident=0.85, count_nth_function=0.77, count_subclass_selectors_in_has=0.85, count_wq_name=0.85, count_attr_matcher_ws=0.81, count_id_selector=0.84, count_attr_value=0.81, count_relative_selector_list=0.84, count_class_selector=0.83, selector_len=0.82, count_an_a=0.69, count_attribute_selector=0.82, count_more_complex_selector_in_has=0.75, count_more_relative_selector=0.81, count_attr_ident=0.80, count_digits=0.70, count_complex_selector_list=0.80, count_has_compound=0.80, count_sign=0.67, count_relative_combinator=0.78, count_more_complex_selector=0.78, count_pseudo_class_function=0.72, count_subclass_selectors=0.71, count_an_b_sign=0.64, count_complex_selector=0.74, count_pseudo_class_selector=0.70, count_compound=0.66, count_name=0.43, doc_bytes=0.30, count_signed_integer=0.40, count_input=0.23, count_lang_attr=0.30, count_title_attr=0.22, count_attrs=0.23, count_lang_tag=0.29, count_class_list=0.23, count_node=0.29, count_class_attr=0.24, count_more_node=0.26, doc_depth=0.24, count_href_attr=0.22, count_data_attr=0.24, count_a=0.20, count_id_attr=0.23, count_type_attr=0.17, count_text_run=0.17, count_tchar=0.22, count_attr_value_words=0.22, count_phrasing_item=0.18, count_span=0.21, count_phrasing_element=0.15, count_namechar=0.21, count_em=0.12, count_phrasing_content=0.19, count_section=0.20, count_more_value_word=0.19, count_b=0.07, count_flow_content=0.15, count_p=0.14, count_flow_item=0.13, count_div=0.12, count_leaf_items=0.05, count_leaf_item=0.04
[select] comparative relevance (max |rho| vs a between-system ratio): count_complex_selector_in_has=0.55, selector_nesting=0.59, count_comma=0.52, count_pseudo_class_function_in_has=0.58, count_type_selector=0.56, count_combinator=0.58, count_complex_selector_list_in_has=0.57, count_pseudo_class_selector_in_has=0.57, count_lparen=0.54, count_attr_modifier=0.57, count_rparen=0.54, count_pseudo_class_ident=0.56, count_nth_function=0.56, count_subclass_selectors_in_has=0.55, count_wq_name=0.56, count_attr_matcher_ws=0.56, count_id_selector=0.53, count_attr_value=0.56, count_relative_selector_list=0.48, count_class_selector=0.56, selector_len=0.53, count_an_a=0.55, count_attribute_selector=0.54, count_more_complex_selector_in_has=0.54, count_more_relative_selector=0.45, count_attr_ident=0.52, count_digits=0.53, count_complex_selector_list=0.46, count_has_compound=0.46, count_sign=0.53, count_relative_combinator=0.47, count_more_complex_selector=0.43, count_pseudo_class_function=0.52, count_subclass_selectors=0.51, count_an_b_sign=0.49, count_complex_selector=0.49, count_pseudo_class_selector=0.49, count_compound=0.49, count_name=0.25, doc_bytes=0.41, count_signed_integer=0.29, count_input=0.41, count_lang_attr=0.39, count_title_attr=0.41, count_attrs=0.40, count_lang_tag=0.38, count_class_list=0.40, count_node=0.33, count_class_attr=0.39, count_more_node=0.26, doc_depth=0.37, count_href_attr=0.39, count_data_attr=0.35, count_a=0.37, count_id_attr=0.37, count_type_attr=0.36, count_text_run=0.35, count_tchar=0.32, count_attr_value_words=0.27, count_phrasing_item=0.32, count_span=0.25, count_phrasing_element=0.31, count_namechar=0.26, count_em=0.30, count_phrasing_content=0.30, count_section=0.26, count_more_value_word=0.27, count_b=0.28, count_flow_content=0.26, count_p=0.21, count_flow_item=0.21, count_div=0.17, count_leaf_items=0.14, count_leaf_item=0.13
[select] scored on the comparison rather than on the metric: doc_bytes (0.30 -> 0.41), count_input (0.23 -> 0.41), count_lang_attr (0.30 -> 0.39), count_title_attr (0.22 -> 0.41), count_attrs (0.23 -> 0.40), count_lang_tag (0.29 -> 0.38), count_class_list (0.23 -> 0.40), count_class_attr (0.24 -> 0.39), doc_depth (0.24 -> 0.37), count_href_attr (0.22 -> 0.39), count_data_attr (0.24 -> 0.35), count_a (0.20 -> 0.37), count_id_attr (0.23 -> 0.37), count_type_attr (0.17 -> 0.36), count_text_run (0.17 -> 0.35), count_tchar (0.22 -> 0.32), count_phrasing_item (0.18 -> 0.32), count_phrasing_element (0.15 -> 0.31), count_em (0.12 -> 0.30), count_phrasing_content (0.19 -> 0.30), count_section (0.20 -> 0.26), count_more_value_word (0.19 -> 0.27), count_b (0.07 -> 0.28), count_flow_content (0.15 -> 0.26), count_p (0.14 -> 0.21), count_flow_item (0.13 -> 0.21), count_div (0.12 -> 0.17), count_leaf_items (0.05 -> 0.14), count_leaf_item (0.04 -> 0.13)
[select] dropped selector_nesting: |rho|=0.93 with count_complex_selector_in_has, which is already kept
[select] dropped count_comma: |rho|=0.98 with count_complex_selector_in_has, which is already kept
[select] dropped count_pseudo_class_function_in_has: |rho|=0.95 with count_complex_selector_in_has, which is already kept
[select] dropped count_type_selector: |rho|=0.98 with count_complex_selector_in_has, which is already kept
[select] dropped count_combinator: |rho|=0.98 with count_complex_selector_in_has, which is already kept
[select] dropped count_complex_selector_list_in_has: |rho|=0.94 with count_complex_selector_in_has, which is already kept
[select] dropped count_pseudo_class_selector_in_has: |rho|=0.96 with count_complex_selector_in_has, which is already kept
[select] dropped count_lparen: |rho|=0.96 with count_complex_selector_in_has, which is already kept
[select] dropped count_attr_modifier: |rho|=0.88 with count_complex_selector_in_has, which is already kept
[select] dropped count_rparen: |rho|=0.96 with count_complex_selector_in_has, which is already kept
[select] dropped count_pseudo_class_ident: |rho|=0.92 with count_complex_selector_in_has, which is already kept
[select] dropped count_nth_function: |rho|=0.89 with count_complex_selector_in_has, which is already kept
[select] dropped count_subclass_selectors_in_has: |rho|=0.98 with count_complex_selector_in_has, which is already kept
[select] dropped count_wq_name: |rho|=0.96 with count_complex_selector_in_has, which is already kept
[select] dropped count_attr_matcher_ws: |rho|=0.92 with count_complex_selector_in_has, which is already kept
[select] dropped count_id_selector: |rho|=0.96 with count_complex_selector_in_has, which is already kept
[select] dropped count_attr_value: |rho|=0.92 with count_complex_selector_in_has, which is already kept
[select] dropped count_relative_selector_list: |rho|=0.90 with count_complex_selector_in_has, which is already kept
[select] dropped count_class_selector: |rho|=0.95 with count_complex_selector_in_has, which is already kept
[select] dropped selector_len: |rho|=0.95 with count_complex_selector_in_has, which is already kept
[select] dropped count_attribute_selector: |rho|=0.94 with count_complex_selector_in_has, which is already kept
[select] dropped count_more_complex_selector_in_has: |rho|=0.84 with count_complex_selector_in_has, which is already kept
[select] dropped count_more_relative_selector: |rho|=0.86 with count_complex_selector_in_has, which is already kept
[select] dropped count_attr_ident: |rho|=0.88 with count_complex_selector_in_has, which is already kept
[select] dropped count_digits: |rho|=0.86 with count_an_a, which is already kept
[select] dropped count_complex_selector_list: |rho|=0.86 with count_complex_selector_in_has, which is already kept
[select] dropped count_has_compound: |rho|=0.86 with count_complex_selector_in_has, which is already kept
[select] dropped count_sign: |rho|=0.90 with count_an_a, which is already kept
[select] dropped count_relative_combinator: |rho|=0.85 with count_complex_selector_in_has, which is already kept
[select] dropped count_more_complex_selector: |rho|=0.84 with count_complex_selector_in_has, which is already kept
[select] dropped count_subclass_selectors: |rho|=0.87 with count_pseudo_class_function, which is already kept
[select] dropped count_an_b_sign: |rho|=0.87 with count_an_a, which is already kept
[select] dropped count_complex_selector: |rho|=0.80 with count_complex_selector_in_has, which is already kept
[select] dropped count_pseudo_class_selector: |rho|=0.91 with count_pseudo_class_function, which is already kept
[select] dropped count_compound: |rho|=0.82 with count_pseudo_class_function, which is already kept
[select] dropped doc_bytes: over the 4-property cap
[select] dropped count_signed_integer: over the 4-property cap
[select] dropped count_input: over the 4-property cap
[select] dropped count_lang_attr: over the 4-property cap
[select] dropped count_title_attr: over the 4-property cap
[select] dropped count_attrs: over the 4-property cap
[select] dropped count_lang_tag: over the 4-property cap
[select] dropped count_class_list: over the 4-property cap
[select] dropped count_node: over the 4-property cap
[select] dropped count_class_attr: over the 4-property cap
[select] dropped count_more_node: over the 4-property cap
[select] dropped doc_depth: over the 4-property cap
[select] dropped count_href_attr: over the 4-property cap
[select] dropped count_data_attr: over the 4-property cap
[select] dropped count_a: over the 4-property cap
[select] dropped count_id_attr: over the 4-property cap
[select] dropped count_type_attr: over the 4-property cap
[select] dropped count_text_run: over the 4-property cap
[select] dropped count_tchar: over the 4-property cap
[select] dropped count_attr_value_words: over the 4-property cap
[select] dropped count_phrasing_item: over the 4-property cap
[select] dropped count_span: over the 4-property cap
[select] dropped count_phrasing_element: over the 4-property cap
[select] dropped count_namechar: over the 4-property cap
[select] dropped count_em: over the 4-property cap
[select] dropped count_phrasing_content: over the 4-property cap
[select] dropped count_section: over the 4-property cap
[select] dropped count_more_value_word: over the 4-property cap
[select] dropped count_b: over the 4-property cap
[select] dropped count_flow_content: over the 4-property cap
[select] dropped count_p: over the 4-property cap
[select] dropped count_flow_item: over the 4-property cap
[select] dropped count_div: over the 4-property cap
[select] dropped count_leaf_items: over the 4-property cap
[select] dropped count_leaf_item: over the 4-property cap
[select] count_pseudo_class_function stands for count_subclass_selectors, count_pseudo_class_selector, count_compound (indistinguishable here)
[select] count_complex_selector_in_has stands for selector_nesting, count_comma, count_pseudo_class_function_in_has, count_type_selector, count_combinator, count_complex_selector_list_in_has, count_pseudo_class_selector_in_has, count_lparen, count_attr_modifier, count_rparen, count_pseudo_class_ident, count_nth_function, count_subclass_selectors_in_has, count_wq_name, count_attr_matcher_ws, count_id_selector, count_attr_value, count_relative_selector_list, count_class_selector, selector_len, count_attribute_selector, count_more_complex_selector_in_has, count_more_relative_selector, count_attr_ident, count_complex_selector_list, count_has_compound, count_relative_combinator, count_more_complex_selector, count_complex_selector (indistinguishable here)
[select] count_an_a stands for count_digits, count_sign, count_an_b_sign (indistinguishable here)
[select] joint fit uses 4 of 74 properties: count_pseudo_class_function, count_name, count_complex_selector_in_has, count_an_a (1,296 model fits)
[cssselect_tailored] loop targets 4 of 74 properties: count_pseudo_class_function, count_name, count_complex_selector_in_has, count_an_a
[cssselect_tailored] targeting 8 regions: runtime_ns_divergence, count_name_dominance0, count_an_a_undecided, count_name_x_count_pseudo_class_function_joint, count_pseudo_class_function_beyond, runtime_ns_high, count_complex_selector_in_has_edge, runtime_ns_sparse0
  [seeds] skipped 4 seed(s) over 4096B; parsing one costs more than the request it would seed
  [runtime_ns_divergence] 22s: +4 new input(s), 4 distinct shape(s), 4 measured
  [count_name_dominance0] settling count_name [8.715,25.73) would decide 1 dominance verdict(s): css_select_5_1_0 vs css_select_5_2_0 (runtime_ns undecided) -> <more_node>{1,3}
  [count_name_dominance0] 12s: +10 new input(s), 10 distinct shape(s), 10 measured
  [count_an_a_undecided] 2 comparison(s) undecided in count_an_a [3.333,4.5): css_select_5_1_0 vs css_select_5_2_0 on runtime_ns and 1 more
  [count_an_a_undecided] 31s: +8 new input(s), 4 distinct shape(s), 8 measured
  [count_name_x_count_pseudo_class_function_joint] count_pseudo_class_function spans 0..8 overall, 0..1 at count_name in [176,211.2]; maximizing it at <more_node>{3,5}
  [count_name_x_count_pseudo_class_function_joint] 7 of 7 seeds do not parse; seeding with 0.
[budget] generation cut at 300s after 40 generations (524 solutions); this request is not reproducible
  [soft] maximizing count_pseudo_class_function: 524 candidates, best=9, keeping 10 spanning 9..7
  [count_name_x_count_pseudo_class_function_joint] 340s: +10 new input(s), 10 distinct shape(s), 10 measured [CUT: generation budget, not reproducible]
  [count_pseudo_class_function_beyond] rung 2
  [count_pseudo_class_function_beyond] 382s: +10 new input(s), 5 distinct shape(s), 10 measured
  [seeds] skipped 3 seed(s) over 4096B; parsing one costs more than the request it would seed
  [runtime_ns_high] 26s: +3 new input(s), 3 distinct shape(s), 3 measured
  [seeds] skipped 7 seed(s) over 4096B; parsing one costs more than the request it would seed
  [count_complex_selector_in_has_edge] 30s: +7 new input(s), 7 distinct shape(s), 7 measured
  [seeds] skipped 1 seed(s) over 4096B; parsing one costs more than the request it would seed
[WARNING] Fandango did not generate any valid inputs.
  [runtime_ns_sparse0] 30s: no new inputs
[cssselect_tailored] iter 4: corpus=472 (+104 new)
[select] relevance (max |rho| vs any metric on any system): count_comma=0.88, selector_nesting=0.82, count_complex_selector_in_has=0.88, count_combinator=0.87, count_pseudo_class_function_in_has=0.84, count_type_selector=0.87, count_pseudo_class_selector_in_has=0.86, count_complex_selector_list_in_has=0.83, count_subclass_selectors_in_has=0.86, count_pseudo_class_ident=0.86, count_lparen=0.85, count_wq_name=0.84, count_rparen=0.85, count_id_selector=0.85, count_attr_matcher_ws=0.83, count_attr_value=0.83, count_class_selector=0.84, count_attribute_selector=0.84, count_attr_modifier=0.81, count_more_complex_selector_in_has=0.78, count_nth_function=0.79, count_relative_selector_list=0.83, count_attr_ident=0.82, count_complex_selector_list=0.80, count_an_a=0.71, count_has_compound=0.80, count_more_complex_selector=0.80, count_sign=0.69, selector_len=0.79, count_digits=0.72, count_subclass_selectors=0.71, count_complex_selector=0.74, count_relative_combinator=0.77, count_more_relative_selector=0.75, count_pseudo_class_selector=0.71, count_compound=0.66, count_pseudo_class_function=0.68, count_an_b_sign=0.63, doc_bytes=0.41, count_lang_attr=0.42, count_class_list=0.36, count_lang_tag=0.41, count_input=0.36, count_title_attr=0.34, count_class_attr=0.37, count_href_attr=0.36, count_attrs=0.35, count_name=0.36, doc_depth=0.35, count_a=0.33, count_id_attr=0.35, count_data_attr=0.35, count_type_attr=0.30, count_signed_integer=0.34, count_text_run=0.30, count_tchar=0.32, count_phrasing_item=0.30, count_phrasing_element=0.23, count_phrasing_content=0.27, count_span=0.29, count_node=0.28, count_em=0.20, count_section=0.28, count_b=0.16, count_flow_item=0.23, count_flow_content=0.22, count_more_node=0.20, count_attr_value_words=0.15, count_namechar=0.10, count_p=0.19, count_more_value_word=0.12, count_leaf_items=0.16, count_leaf_item=0.15, count_div=0.07
[select] comparative relevance (max |rho| vs a between-system ratio): count_comma=0.59, selector_nesting=0.64, count_complex_selector_in_has=0.62, count_combinator=0.64, count_pseudo_class_function_in_has=0.64, count_type_selector=0.62, count_pseudo_class_selector_in_has=0.64, count_complex_selector_list_in_has=0.63, count_subclass_selectors_in_has=0.61, count_pseudo_class_ident=0.62, count_lparen=0.60, count_wq_name=0.62, count_rparen=0.60, count_id_selector=0.59, count_attr_matcher_ws=0.61, count_attr_value=0.61, count_class_selector=0.61, count_attribute_selector=0.61, count_attr_modifier=0.61, count_more_complex_selector_in_has=0.61, count_nth_function=0.61, count_relative_selector_list=0.54, count_attr_ident=0.58, count_complex_selector_list=0.53, count_an_a=0.59, count_has_compound=0.53, count_more_complex_selector=0.51, count_sign=0.57, selector_len=0.52, count_digits=0.56, count_subclass_selectors=0.55, count_complex_selector=0.54, count_relative_combinator=0.51, count_more_relative_selector=0.46, count_pseudo_class_selector=0.53, count_compound=0.52, count_pseudo_class_function=0.51, count_an_b_sign=0.51, doc_bytes=0.50, count_lang_attr=0.47, count_class_list=0.48, count_lang_tag=0.46, count_input=0.48, count_title_attr=0.48, count_class_attr=0.48, count_href_attr=0.47, count_attrs=0.47, count_name=0.16, doc_depth=0.45, count_a=0.46, count_id_attr=0.45, count_data_attr=0.42, count_type_attr=0.44, count_signed_integer=0.22, count_text_run=0.43, count_tchar=0.42, count_phrasing_item=0.41, count_phrasing_element=0.37, count_phrasing_content=0.36, count_span=0.34, count_node=0.30, count_em=0.34, count_section=0.30, count_b=0.33, count_flow_item=0.26, count_flow_content=0.27, count_more_node=0.17, count_attr_value_words=0.23, count_namechar=0.22, count_p=0.21, count_more_value_word=0.22, count_leaf_items=0.22, count_leaf_item=0.20, count_div=0.16
[select] scored on the comparison rather than on the metric: doc_bytes (0.41 -> 0.50), count_class_list (0.36 -> 0.48), count_input (0.36 -> 0.48), count_title_attr (0.34 -> 0.48), count_class_attr (0.37 -> 0.48), count_href_attr (0.36 -> 0.47), count_attrs (0.35 -> 0.47), doc_depth (0.35 -> 0.45), count_a (0.33 -> 0.46), count_id_attr (0.35 -> 0.45), count_data_attr (0.35 -> 0.42), count_type_attr (0.30 -> 0.44), count_text_run (0.30 -> 0.43), count_tchar (0.32 -> 0.42), count_phrasing_item (0.30 -> 0.41), count_phrasing_element (0.23 -> 0.37), count_phrasing_content (0.27 -> 0.36), count_em (0.20 -> 0.34), count_b (0.16 -> 0.33), count_flow_content (0.22 -> 0.27), count_attr_value_words (0.15 -> 0.23), count_namechar (0.10 -> 0.22), count_more_value_word (0.12 -> 0.22), count_leaf_items (0.16 -> 0.22), count_leaf_item (0.15 -> 0.20), count_div (0.07 -> 0.16)
[select] dropped selector_nesting: |rho|=0.93 with count_comma, which is already kept
[select] dropped count_complex_selector_in_has: |rho|=0.98 with count_comma, which is already kept
[select] dropped count_combinator: |rho|=0.95 with count_comma, which is already kept
[select] dropped count_pseudo_class_function_in_has: |rho|=0.95 with count_comma, which is already kept
[select] dropped count_type_selector: |rho|=0.97 with count_comma, which is already kept
[select] dropped count_pseudo_class_selector_in_has: |rho|=0.96 with count_comma, which is already kept
[select] dropped count_complex_selector_list_in_has: |rho|=0.95 with count_comma, which is already kept
[select] dropped count_subclass_selectors_in_has: |rho|=0.97 with count_comma, which is already kept
[select] dropped count_pseudo_class_ident: |rho|=0.92 with count_comma, which is already kept
[select] dropped count_lparen: |rho|=0.96 with count_comma, which is already kept
[select] dropped count_wq_name: |rho|=0.96 with count_comma, which is already kept
[select] dropped count_rparen: |rho|=0.96 with count_comma, which is already kept
[select] dropped count_id_selector: |rho|=0.96 with count_comma, which is already kept
[select] dropped count_attr_matcher_ws: |rho|=0.93 with count_comma, which is already kept
[select] dropped count_attr_value: |rho|=0.93 with count_comma, which is already kept
[select] dropped count_class_selector: |rho|=0.95 with count_comma, which is already kept
[select] dropped count_attribute_selector: |rho|=0.94 with count_comma, which is already kept
[select] dropped count_attr_modifier: |rho|=0.90 with count_comma, which is already kept
[select] dropped count_more_complex_selector_in_has: |rho|=0.88 with count_comma, which is already kept
[select] dropped count_nth_function: |rho|=0.90 with count_comma, which is already kept
[select] dropped count_relative_selector_list: |rho|=0.91 with count_comma, which is already kept
[select] dropped count_attr_ident: |rho|=0.90 with count_comma, which is already kept
[select] dropped count_complex_selector_list: |rho|=0.89 with count_comma, which is already kept
[select] dropped count_has_compound: |rho|=0.89 with count_comma, which is already kept
[select] dropped count_more_complex_selector: |rho|=0.87 with count_comma, which is already kept
[select] dropped count_sign: |rho|=0.90 with count_an_a, which is already kept
[select] dropped selector_len: |rho|=0.92 with count_comma, which is already kept
[select] dropped count_digits: |rho|=0.87 with count_an_a, which is already kept
[select] dropped count_subclass_selectors: |rho|=0.81 with count_comma, which is already kept
[select] dropped count_complex_selector: |rho|=0.85 with count_comma, which is already kept
[select] dropped count_relative_combinator: |rho|=0.85 with count_comma, which is already kept
[select] dropped count_more_relative_selector: |rho|=0.85 with count_comma, which is already kept
[select] dropped count_compound: |rho|=0.85 with count_pseudo_class_selector, which is already kept
[select] dropped count_pseudo_class_function: |rho|=0.92 with count_pseudo_class_selector, which is already kept
[select] dropped count_an_b_sign: |rho|=0.82 with count_an_a, which is already kept
[select] dropped count_lang_attr: over the 4-property cap
[select] dropped count_class_list: over the 4-property cap
[select] dropped count_lang_tag: over the 4-property cap
[select] dropped count_input: over the 4-property cap
[select] dropped count_title_attr: over the 4-property cap
[select] dropped count_class_attr: over the 4-property cap
[select] dropped count_href_attr: over the 4-property cap
[select] dropped count_attrs: over the 4-property cap
[select] dropped count_name: over the 4-property cap
[select] dropped doc_depth: over the 4-property cap
[select] dropped count_a: over the 4-property cap
[select] dropped count_id_attr: over the 4-property cap
[select] dropped count_data_attr: over the 4-property cap
[select] dropped count_type_attr: over the 4-property cap
[select] dropped count_signed_integer: over the 4-property cap
[select] dropped count_text_run: over the 4-property cap
[select] dropped count_tchar: over the 4-property cap
[select] dropped count_phrasing_item: over the 4-property cap
[select] dropped count_phrasing_element: over the 4-property cap
[select] dropped count_phrasing_content: over the 4-property cap
[select] dropped count_span: over the 4-property cap
[select] dropped count_node: over the 4-property cap
[select] dropped count_em: over the 4-property cap
[select] dropped count_section: over the 4-property cap
[select] dropped count_b: over the 4-property cap
[select] dropped count_flow_item: over the 4-property cap
[select] dropped count_flow_content: over the 4-property cap
[select] dropped count_more_node: over the 4-property cap
[select] dropped count_attr_value_words: over the 4-property cap
[select] dropped count_namechar: over the 4-property cap
[select] dropped count_p: over the 4-property cap
[select] dropped count_more_value_word: over the 4-property cap
[select] dropped count_leaf_items: over the 4-property cap
[select] dropped count_leaf_item: over the 4-property cap
[select] dropped count_div: over the 4-property cap
[select] count_comma stands for selector_nesting, count_complex_selector_in_has, count_combinator, count_pseudo_class_function_in_has, count_type_selector, count_pseudo_class_selector_in_has, count_complex_selector_list_in_has, count_subclass_selectors_in_has, count_pseudo_class_ident, count_lparen, count_wq_name, count_rparen, count_id_selector, count_attr_matcher_ws, count_attr_value, count_class_selector, count_attribute_selector, count_attr_modifier, count_more_complex_selector_in_has, count_nth_function, count_relative_selector_list, count_attr_ident, count_complex_selector_list, count_has_compound, count_more_complex_selector, selector_len, count_subclass_selectors, count_complex_selector, count_relative_combinator, count_more_relative_selector (indistinguishable here)
[select] count_pseudo_class_selector stands for count_compound, count_pseudo_class_function (indistinguishable here)
[select] count_an_a stands for count_sign, count_digits, count_an_b_sign (indistinguishable here)
[select] joint fit uses 4 of 74 properties: count_comma, count_pseudo_class_selector, count_an_a, doc_bytes (1,296 model fits)
[cssselect_tailored] loop targets 4 of 74 properties: count_comma, count_pseudo_class_selector, count_an_a, doc_bytes
[cssselect_tailored] targeting 8 regions: runtime_ns_divergence, count_pseudo_class_selector_dominance, count_an_a_undecided, css_select_5_2_0_rss_count_comma_discriminate, count_comma_beyond, runtime_ns_high, count_an_a_edge, runtime_ns_sparse0
  [seeds] skipped 4 seed(s) over 4096B; parsing one costs more than the request it would seed
  [runtime_ns_divergence] 23s: +4 new input(s), 4 distinct shape(s), 4 measured
  [count_pseudo_class_selector_dominance] settling count_pseudo_class_selector =0 would decide 1 dominance verdict(s): css_select_5_1_0 vs css_select_5_2_0 (runtime_ns undecided)
  [count_pseudo_class_selector_dominance] 15s: +7 new input(s), 7 distinct shape(s), 7 measured
  [count_an_a_undecided] 2 comparison(s) undecided in count_an_a [5.667,6.833): css_select_5_1_0 vs css_select_5_2_0 on runtime_ns and 1 more
  [count_an_a_undecided] 33s: +7 new input(s), 3 distinct shape(s), 7 measured
  [css_select_5_2_0_rss_count_comma_discriminate] Logarithmic vs Linear tied; 5 inputs here decide it (power 1.00)
  [seeds] skipped 6 seed(s) over 4096B; parsing one costs more than the request it would seed
[WARNING] Fandango did not generate any valid inputs.
  [css_select_5_2_0_rss_count_comma_discriminate] 35s: no new inputs
  [count_comma_beyond] rung 1
  [seeds] skipped 10 seed(s) over 4096B; parsing one costs more than the request it would seed
[WARNING] Fandango did not generate any valid inputs.
  [count_comma_beyond] 134s: no new inputs
  [seeds] skipped 1 seed(s) over 4096B; parsing one costs more than the request it would seed
  [runtime_ns_high] 27s: +1 new input(s), 1 distinct shape(s), 1 measured
  [seeds] skipped 2 seed(s) over 4096B; parsing one costs more than the request it would seed
  [count_an_a_edge] 27s: +2 new input(s), 2 distinct shape(s), 2 measured
  [seeds] skipped 1 seed(s) over 4096B; parsing one costs more than the request it would seed
[WARNING] Fandango did not generate any valid inputs.
  [runtime_ns_sparse0] 36s: no new inputs
[cssselect_tailored] iter 5: corpus=514 (+42 new)
[cssselect_tailored] targeting 8 regions: runtime_ns_divergence, count_pseudo_class_selector_dominance, css_select_5_2_0_rss_count_comma_discriminate, count_comma_beyond, runtime_ns_high, count_pseudo_class_selector_edge, runtime_ns_sparse0, doc_bytes_sparse4
  [seeds] skipped 4 seed(s) over 4096B; parsing one costs more than the request it would seed
  [runtime_ns_divergence] 22s: +4 new input(s), 4 distinct shape(s), 4 measured
  [count_pseudo_class_selector_dominance] settling count_pseudo_class_selector =0 would decide 1 dominance verdict(s): css_select_5_1_0 vs css_select_5_2_0 (runtime_ns undecided)
  [count_pseudo_class_selector_dominance] 12s: +7 new input(s), 7 distinct shape(s), 7 measured
  [css_select_5_2_0_rss_count_comma_discriminate] Logarithmic vs Linear tied; 5 inputs here decide it (power 0.97)
  [seeds] skipped 6 seed(s) over 4096B; parsing one costs more than the request it would seed
[WARNING] Fandango did not generate any valid inputs.
  [css_select_5_2_0_rss_count_comma_discriminate] 41s: no new inputs
  [count_comma_beyond] rung 2
  [count_comma_beyond] 305s: +10 new input(s), 4 distinct shape(s), 10 measured
  [seeds] skipped 1 seed(s) over 4096B; parsing one costs more than the request it would seed
  [runtime_ns_high] 27s: +1 new input(s), 1 distinct shape(s), 1 measured
  [count_pseudo_class_selector_edge] 25s: no new inputs
  [seeds] skipped 1 seed(s) over 4096B; parsing one costs more than the request it would seed
[WARNING] Fandango did not generate any valid inputs.
  [runtime_ns_sparse0] 35s: no new inputs
  [seeds] skipped 3 seed(s) over 4096B; parsing one costs more than the request it would seed
[WARNING] Fandango did not generate any valid inputs.
  [doc_bytes_sparse4] 30s: no new inputs
[cssselect_tailored] iter 6: corpus=558 (+44 new)
[cssselect_tailored] grammar frontier (targeting stopped asking here):
  count_an_a: pinned at 8 by the SEARCH; 2 escalating request(s) returned nothing further.
[compare] runtime_ns: 279 inputs, 2 systems (paired; ratios, 1.10x equivalence band)
[compare] overall verdicts are weighted by what the corpus contains, which the loop itself shapes; the per-region lines are the portable claim.
[compare] count_comma bins move with count_pseudo_class_selector (1..7 across bins); count_an_a (1..5 across bins); doc_bytes (90..3090 across bins) -- those regions are joint, not count_comma findings
[compare] count_pseudo_class_selector bins move with count_comma (2..50 across bins); count_an_a (1..5 across bins); doc_bytes (76..2962 across bins) -- those regions are joint, not count_pseudo_class_selector findings
[compare] count_an_a bins move with count_comma (2..67 across bins); doc_bytes (76..2929 across bins) -- those regions are joint, not count_an_a findings
[compare] doc_bytes bins move with count_comma (2..31 across bins); count_pseudo_class_selector (0.5..7 across bins); count_an_a (1..4.5 across bins) -- those regions are joint, not doc_bytes findings
  css_select_5_1_0 better than css_select_5_2_0 on runtime_ns: 1.18x (95% CI 1.15-1.21, n=279, p=5.6e-33)
      undecided on count_comma (confounded) in =0, [1,2.025), [2.025,4.102), [4.102,8.307), [8.307,16.82) -- needs more inputs
      undecided on count_pseudo_class_selector (confounded) in =0, [1,1.661), [1.661,2.759) -- needs more inputs
      undecided on count_an_a (confounded) in =0 -- needs more inputs
      undecided on doc_bytes (confounded) in [415.7,1020), [1020,2505), [2505,6148), [6148,1.509e+04] -- needs more inputs
[compare] rss: 279 inputs, 2 systems (paired; ratios, 1.10x equivalence band)
[compare] overall verdicts are weighted by what the corpus contains, which the loop itself shapes; the per-region lines are the portable claim.
[compare] count_comma bins move with count_pseudo_class_selector (1..7 across bins); count_an_a (1..5 across bins); doc_bytes (90..3090 across bins) -- those regions are joint, not count_comma findings
[compare] count_pseudo_class_selector bins move with count_comma (2..50 across bins); count_an_a (1..5 across bins); doc_bytes (76..2962 across bins) -- those regions are joint, not count_pseudo_class_selector findings
[compare] count_an_a bins move with count_comma (2..67 across bins); doc_bytes (76..2929 across bins) -- those regions are joint, not count_an_a findings
[compare] doc_bytes bins move with count_comma (2..31 across bins); count_pseudo_class_selector (0.5..7 across bins); count_an_a (1..4.5 across bins) -- those regions are joint, not doc_bytes findings
  css_select_5_1_0 and css_select_5_2_0 equivalent: ratio 1.00x within the equivalence band (95% CI 1.00-1.00, n=279)
[compare] dominance across runtime_ns, rss:
  css_select_5_1_0 DOMINATES css_select_5_2_0: better on runtime_ns 1.18x; equivalent on rss
      count_comma =0 (n=48): css_select_5_1_0, css_select_5_2_0 not dominated
      count_comma [1,2.025) (n=42): css_select_5_1_0, css_select_5_2_0 not dominated
      count_comma [2.025,4.102) (n=29): css_select_5_1_0, css_select_5_2_0 not dominated
      count_comma [4.102,8.307) (n=24): css_select_5_1_0, css_select_5_2_0 not dominated
      count_comma [8.307,16.82) (n=31): css_select_5_1_0, css_select_5_2_0 not dominated
      count_comma [16.82,34.07) (n=72): css_select_5_1_0 not dominated
      count_comma [34.07,69] (n=33): css_select_5_1_0 not dominated
      WARNING css_select_5_2_0 is dominated by css_select_5_1_0 over the whole corpus but survives in =0, [1,2.025), [2.025,4.102), [4.102,8.307), [8.307,16.82) on count_comma -- the global verdict is a statement about this corpus's mix, not about the systems
      count_pseudo_class_selector =0 (n=108): css_select_5_1_0, css_select_5_2_0 not dominated
      count_pseudo_class_selector [1,1.661) (n=26): css_select_5_1_0, css_select_5_2_0 not dominated
      count_pseudo_class_selector [1.661,2.759) (n=19): css_select_5_1_0, css_select_5_2_0 not dominated
      count_pseudo_class_selector [2.759,4.583) (n=31): css_select_5_1_0 not dominated
      count_pseudo_class_selector [4.583,7.612) (n=66): css_select_5_1_0 not dominated
      count_pseudo_class_selector [7.612,12.64) (n=18): css_select_5_1_0 not dominated
      count_pseudo_class_selector [12.64,21] (n=11): css_select_5_1_0 not dominated
      WARNING css_select_5_2_0 is dominated by css_select_5_1_0 over the whole corpus but survives in =0, [1,1.661), [1.661,2.759) on count_pseudo_class_selector -- the global verdict is a statement about this corpus's mix, not about the systems
      count_an_a =0 (n=140): css_select_5_1_0, css_select_5_2_0 not dominated
      count_an_a [1,2.167) (n=62): css_select_5_1_0 not dominated
      count_an_a [2.167,3.333) (n=20): css_select_5_1_0 not dominated
      count_an_a [3.333,4.5) (n=10): css_select_5_1_0 not dominated
      count_an_a [4.5,5.667) (n=25): css_select_5_1_0 not dominated
      count_an_a [5.667,6.833) (n=12): css_select_5_1_0 not dominated
      count_an_a [6.833,8] (n=10): css_select_5_1_0 not dominated
      WARNING css_select_5_2_0 is dominated by css_select_5_1_0 over the whole corpus but survives in =0 on count_an_a -- the global verdict is a statement about this corpus's mix, not about the systems
      doc_bytes [69,169.4) (n=86): css_select_5_1_0 not dominated
      doc_bytes [169.4,415.7) (n=8): css_select_5_1_0 not dominated
      doc_bytes [415.7,1020) (n=22): css_select_5_1_0, css_select_5_2_0 not dominated
      doc_bytes [1020,2505) (n=40): css_select_5_1_0, css_select_5_2_0 not dominated
      doc_bytes [2505,6148) (n=110): css_select_5_1_0, css_select_5_2_0 not dominated
      doc_bytes [6148,1.509e+04] (n=13): css_select_5_1_0, css_select_5_2_0 not dominated
      WARNING css_select_5_2_0 is dominated by css_select_5_1_0 over the whole corpus but survives in [415.7,1020), [1020,2505), [2505,6148), [6148,1.509e+04] on doc_bytes -- the global verdict is a statement about this corpus's mix, not about the systems
[interference] 6 property pair(s) tested over 558 rows; 5 show a dependence
  doc_bytes vs runtime_ns changes with count_comma: rho by count_comma stratum = [+0.63, +0.34, -0.41, -0.15], spread 1.04, p=0.003
  count_an_a vs runtime_ns changes with count_comma: rho by count_comma stratum = [+0.08, -0.17, +0.33, +0.18], spread 0.50, p=0.003
  count_an_a vs runtime_ns changes with doc_bytes: rho by doc_bytes stratum = [+0.37, +0.82, +0.55, +0.42], spread 0.45, p=0.003
  count_pseudo_class_selector vs runtime_ns changes with doc_bytes: rho by doc_bytes stratum = [+0.58, +0.79, +0.38, +0.44], spread 0.41, p=0.003
  count_comma vs runtime_ns changes with doc_bytes: rho by doc_bytes stratum = [+0.78, +0.95, +0.75, +0.69], spread 0.26, p=0.003
  -> a one-dimensional region on these properties states less than it appears to; they are candidates for a joint request.
self.storage <analyzer_library.InfoStorage object at 0x17124e150>
function name in read csvs func:  {'./results/rq1/20261002-2248-tailored-cssselect_tailored/run1/cssselect_tailored/summary.csv-function_name/css_select_5_1_0': {'css_select_5_1_0'}, './results/rq1/20261002-2248-tailored-cssselect_tailored/run1/cssselect_tailored/summary.csv-function_name/css_select_5_2_0': {'css_select_5_2_0'}}
[select] relevance (max |rho| vs any metric on any system): count_comma=0.89, count_combinator=0.88, count_complex_selector_in_has=0.89, selector_nesting=0.84, count_type_selector=0.88, count_pseudo_class_selector_in_has=0.87, count_pseudo_class_function_in_has=0.84, count_subclass_selectors_in_has=0.87, count_complex_selector_list_in_has=0.83, count_pseudo_class_ident=0.87, count_attr_matcher_ws=0.85, count_lparen=0.86, count_attr_value=0.85, count_rparen=0.86, count_wq_name=0.85, count_id_selector=0.86, count_attribute_selector=0.85, count_class_selector=0.85, count_relative_selector_list=0.85, count_attr_modifier=0.83, count_more_complex_selector_in_has=0.78, count_nth_function=0.80, count_attr_ident=0.83, count_complex_selector_list=0.81, count_an_a=0.72, count_has_compound=0.81, count_subclass_selectors=0.73, count_more_complex_selector=0.81, selector_len=0.80, count_digits=0.74, count_complex_selector=0.76, count_relative_combinator=0.80, count_more_relative_selector=0.79, count_pseudo_class_selector=0.74, count_compound=0.68, count_an_b_sign=0.67, count_pseudo_class_function=0.72, doc_bytes=0.46, count_sign=0.63, count_lang_attr=0.48, count_lang_tag=0.47, count_attrs=0.41, count_input=0.41, count_title_attr=0.38, count_class_attr=0.41, count_class_list=0.40, count_data_attr=0.40, count_href_attr=0.40, count_a=0.38, doc_depth=0.40, count_id_attr=0.40, count_type_attr=0.35, count_signed_integer=0.37, count_tchar=0.36, count_text_run=0.34, count_span=0.35, count_phrasing_item=0.35, count_phrasing_element=0.31, count_name=0.34, count_phrasing_content=0.33, count_em=0.27, count_section=0.33, count_b=0.24, count_node=0.33, count_flow_content=0.26, count_flow_item=0.25, count_leaf_items=0.19, count_more_node=0.25, count_p=0.24, count_attr_value_words=0.09, count_leaf_item=0.19, count_more_value_word=0.06, count_namechar=0.12, count_div=0.06
[select] comparative relevance (max |rho| vs a between-system ratio): count_comma=0.61, count_combinator=0.65, count_complex_selector_in_has=0.63, selector_nesting=0.65, count_type_selector=0.63, count_pseudo_class_selector_in_has=0.64, count_pseudo_class_function_in_has=0.64, count_subclass_selectors_in_has=0.62, count_complex_selector_list_in_has=0.64, count_pseudo_class_ident=0.63, count_attr_matcher_ws=0.63, count_lparen=0.62, count_attr_value=0.63, count_rparen=0.62, count_wq_name=0.63, count_id_selector=0.61, count_attribute_selector=0.62, count_class_selector=0.63, count_relative_selector_list=0.56, count_attr_modifier=0.62, count_more_complex_selector_in_has=0.62, count_nth_function=0.62, count_attr_ident=0.59, count_complex_selector_list=0.56, count_an_a=0.60, count_has_compound=0.56, count_subclass_selectors=0.59, count_more_complex_selector=0.55, selector_len=0.55, count_digits=0.58, count_complex_selector=0.57, count_relative_combinator=0.54, count_more_relative_selector=0.49, count_pseudo_class_selector=0.55, count_compound=0.55, count_an_b_sign=0.54, count_pseudo_class_function=0.54, doc_bytes=0.53, count_sign=0.52, count_lang_attr=0.51, count_lang_tag=0.51, count_attrs=0.51, count_input=0.51, count_title_attr=0.50, count_class_attr=0.49, count_class_list=0.50, count_data_attr=0.47, count_href_attr=0.50, count_a=0.49, doc_depth=0.49, count_id_attr=0.47, count_type_attr=0.47, count_signed_integer=0.24, count_tchar=0.44, count_text_run=0.47, count_span=0.39, count_phrasing_item=0.44, count_phrasing_element=0.41, count_name=0.16, count_phrasing_content=0.41, count_em=0.39, count_section=0.33, count_b=0.37, count_node=0.33, count_flow_content=0.31, count_flow_item=0.28, count_leaf_items=0.26, count_more_node=0.19, count_p=0.26, count_attr_value_words=0.26, count_leaf_item=0.25, count_more_value_word=0.24, count_namechar=0.19, count_div=0.17
[select] scored on the comparison rather than on the metric: doc_bytes (0.46 -> 0.53), count_attrs (0.41 -> 0.51), count_input (0.41 -> 0.51), count_title_attr (0.38 -> 0.50), count_class_attr (0.41 -> 0.49), count_class_list (0.40 -> 0.50), count_data_attr (0.40 -> 0.47), count_href_attr (0.40 -> 0.50), count_a (0.38 -> 0.49), doc_depth (0.40 -> 0.49), count_id_attr (0.40 -> 0.47), count_type_attr (0.35 -> 0.47), count_tchar (0.36 -> 0.44), count_text_run (0.34 -> 0.47), count_phrasing_item (0.35 -> 0.44), count_phrasing_element (0.31 -> 0.41), count_phrasing_content (0.33 -> 0.41), count_em (0.27 -> 0.39), count_b (0.24 -> 0.37), count_flow_content (0.26 -> 0.31), count_leaf_items (0.19 -> 0.26), count_attr_value_words (0.09 -> 0.26), count_leaf_item (0.19 -> 0.25), count_more_value_word (0.06 -> 0.24), count_namechar (0.12 -> 0.19), count_div (0.06 -> 0.17)
[select] dropped count_combinator: |rho|=0.95 with count_comma, which is already kept
[select] dropped count_complex_selector_in_has: |rho|=0.98 with count_comma, which is already kept
[select] dropped selector_nesting: |rho|=0.93 with count_comma, which is already kept
[select] dropped count_type_selector: |rho|=0.98 with count_comma, which is already kept
[select] dropped count_pseudo_class_selector_in_has: |rho|=0.95 with count_comma, which is already kept
[select] dropped count_pseudo_class_function_in_has: |rho|=0.93 with count_comma, which is already kept
[select] dropped count_subclass_selectors_in_has: |rho|=0.97 with count_comma, which is already kept
[select] dropped count_complex_selector_list_in_has: |rho|=0.93 with count_comma, which is already kept
[select] dropped count_pseudo_class_ident: |rho|=0.92 with count_comma, which is already kept
[select] dropped count_attr_matcher_ws: |rho|=0.94 with count_comma, which is already kept
[select] dropped count_lparen: |rho|=0.96 with count_comma, which is already kept
[select] dropped count_attr_value: |rho|=0.94 with count_comma, which is already kept
[select] dropped count_rparen: |rho|=0.96 with count_comma, which is already kept
[select] dropped count_wq_name: |rho|=0.96 with count_comma, which is already kept
[select] dropped count_id_selector: |rho|=0.96 with count_comma, which is already kept
[select] dropped count_attribute_selector: |rho|=0.94 with count_comma, which is already kept
[select] dropped count_class_selector: |rho|=0.95 with count_comma, which is already kept
[select] dropped count_relative_selector_list: |rho|=0.92 with count_comma, which is already kept
[select] dropped count_attr_modifier: |rho|=0.90 with count_comma, which is already kept
[select] dropped count_more_complex_selector_in_has: |rho|=0.87 with count_comma, which is already kept
[select] dropped count_nth_function: |rho|=0.89 with count_comma, which is already kept
[select] dropped count_attr_ident: |rho|=0.89 with count_comma, which is already kept
[select] dropped count_complex_selector_list: |rho|=0.89 with count_comma, which is already kept
[select] dropped count_has_compound: |rho|=0.89 with count_comma, which is already kept
[select] dropped count_subclass_selectors: |rho|=0.82 with count_comma, which is already kept
[select] dropped count_more_complex_selector: |rho|=0.88 with count_comma, which is already kept
[select] dropped selector_len: |rho|=0.92 with count_comma, which is already kept
[select] dropped count_digits: |rho|=0.81 with count_comma, which is already kept
[select] dropped count_complex_selector: |rho|=0.85 with count_comma, which is already kept
[select] dropped count_relative_combinator: |rho|=0.87 with count_comma, which is already kept
[select] dropped count_more_relative_selector: |rho|=0.87 with count_comma, which is already kept
[select] dropped count_compound: |rho|=0.84 with count_pseudo_class_selector, which is already kept
[select] dropped count_an_b_sign: |rho|=0.85 with count_an_a, which is already kept
[select] dropped count_pseudo_class_function: |rho|=0.80 with count_comma, which is already kept
[select] dropped count_sign: over the 4-property cap
[select] dropped count_lang_attr: over the 4-property cap
[select] dropped count_lang_tag: over the 4-property cap
[select] dropped count_attrs: over the 4-property cap
[select] dropped count_input: over the 4-property cap
[select] dropped count_title_attr: over the 4-property cap
[select] dropped count_class_attr: over the 4-property cap
[select] dropped count_class_list: over the 4-property cap
[select] dropped count_data_attr: over the 4-property cap
[select] dropped count_href_attr: over the 4-property cap
[select] dropped count_a: over the 4-property cap
[select] dropped doc_depth: over the 4-property cap
[select] dropped count_id_attr: over the 4-property cap
[select] dropped count_type_attr: over the 4-property cap
[select] dropped count_signed_integer: over the 4-property cap
[select] dropped count_tchar: over the 4-property cap
[select] dropped count_text_run: over the 4-property cap
[select] dropped count_span: over the 4-property cap
[select] dropped count_phrasing_item: over the 4-property cap
[select] dropped count_phrasing_element: over the 4-property cap
[select] dropped count_name: over the 4-property cap
[select] dropped count_phrasing_content: over the 4-property cap
[select] dropped count_em: over the 4-property cap
[select] dropped count_section: over the 4-property cap
[select] dropped count_b: over the 4-property cap
[select] dropped count_node: over the 4-property cap
[select] dropped count_flow_content: over the 4-property cap
[select] dropped count_flow_item: over the 4-property cap
[select] dropped count_leaf_items: over the 4-property cap
[select] dropped count_more_node: over the 4-property cap
[select] dropped count_p: over the 4-property cap
[select] dropped count_attr_value_words: over the 4-property cap
[select] dropped count_leaf_item: over the 4-property cap
[select] dropped count_more_value_word: over the 4-property cap
[select] dropped count_namechar: over the 4-property cap
[select] dropped count_div: over the 4-property cap
[select] count_comma stands for count_combinator, count_complex_selector_in_has, selector_nesting, count_type_selector, count_pseudo_class_selector_in_has, count_pseudo_class_function_in_has, count_subclass_selectors_in_has, count_complex_selector_list_in_has, count_pseudo_class_ident, count_attr_matcher_ws, count_lparen, count_attr_value, count_rparen, count_wq_name, count_id_selector, count_attribute_selector, count_class_selector, count_relative_selector_list, count_attr_modifier, count_more_complex_selector_in_has, count_nth_function, count_attr_ident, count_complex_selector_list, count_has_compound, count_subclass_selectors, count_more_complex_selector, selector_len, count_digits, count_complex_selector, count_relative_combinator, count_more_relative_selector, count_pseudo_class_function (indistinguishable here)
[select] count_pseudo_class_selector stands for count_compound (indistinguishable here)
[select] count_an_a stands for count_an_b_sign (indistinguishable here)
[select] joint fit uses 4 of 74 properties: count_comma, count_pseudo_class_selector, count_an_a, doc_bytes (1,296 model fits)
Plotting 'runtime_ns' vs 'count_complex_selector_list' for './results/rq1/20261002-2248-tailored-cssselect_tailored/run1/cssselect_tailored/summary.csv-function_name/css_select_5_1_0':
Saved plot to ./results/rq1/20261002-2248-tailored-cssselect_tailored/run1/cssselect_tailored/plots/runtime_ns_vs_count_complex_selector_list_css_select_5_1_0.png
Plotting 'runtime_ns' vs 'count_complex_selector_list' for './results/rq1/20261002-2248-tailored-cssselect_tailored/run1/cssselect_tailored/summary.csv-function_name/css_select_5_2_0':
Saved plot to ./results/rq1/20261002-2248-tailored-cssselect_tailored/run1/cssselect_tailored/plots/runtime_ns_vs_count_complex_selector_list_css_select_5_2_0.png
For './results/rq1/20261002-2248-tailored-cssselect_tailored/run1/cssselect_tailored/summary.csv-function_name/css_select_5_1_0', feature 'count_complex_selector_list' and metric 'runtime_ns' the best fit is:
Best : Linear: time = -2E+03 + 2.3E+04*n (sec)                      
Constant: time = 2.8E+04 (sec)                                  (res: 1.7E+02)
Linear: time = -2E+03 + 2.3E+04*n (sec)                         (res: 74)
Quadratic: time = 2.4E+04 + 1.5E+03*n^2 (sec)                   (res: 99)
Cubic: time = 2.7E+04 + 75*n^3 (sec)                            (res: 1.2E+02)
Logarithmic: time = 1.9E+04 + 6.1E+04*log(n) (sec)              (res: 93)
Linearithmic: time = 2.3E+04 + 8.8E+03*n*log(n) (sec)           (res: 80)
Exponential: time = 6.1E+04 * 1.1^n (sec)                       (res: 3.9E+02)

   [near-tie] within 10%: Linear, Linearithmic -- chosen by the simplicity bias, not the data.
   [exponent] free-exponent fit: runtime_ns ~ count_complex_selector_list ** 0.78
Saved fit model plot to ./results/rq1/20261002-2248-tailored-cssselect_tailored/run1/cssselect_tailored/plots/fitmodel_runtime_ns_vs_count_complex_selector_list_css_select_5_1_0.png
For './results/rq1/20261002-2248-tailored-cssselect_tailored/run1/cssselect_tailored/summary.csv-function_name/css_select_5_2_0', feature 'count_complex_selector_list' and metric 'runtime_ns' the best fit is:
Best : Linear: time = -4.2E+03 + 2.7E+04*n (sec)                    
Constant: time = 3.1E+04 (sec)                                  (res: 1.7E+02)
Linear: time = -4.2E+03 + 2.7E+04*n (sec)                       (res: 78)
Quadratic: time = 2.6E+04 + 1.9E+03*n^2 (sec)                   (res: 99)
Cubic: time = 2.9E+04 + 99*n^3 (sec)                            (res: 1.2E+02)
Logarithmic: time = 2.2E+04 + 6.7E+04*log(n) (sec)              (res: 1E+02)
Linearithmic: time = 2.5E+04 + 1.1E+04*n*log(n) (sec)           (res: 82)
Exponential: time = 6.5E+04 * 1.2^n (sec)                       (res: 3.8E+02)

   [near-tie] within 10%: Linear, Linearithmic -- chosen by the simplicity bias, not the data.
   [exponent] free-exponent fit: runtime_ns ~ count_complex_selector_list ** 0.85
Saved fit model plot to ./results/rq1/20261002-2248-tailored-cssselect_tailored/run1/cssselect_tailored/plots/fitmodel_runtime_ns_vs_count_complex_selector_list_css_select_5_2_0.png
Plotting 'runtime_ns' vs 'count_more_complex_selector' for './results/rq1/20261002-2248-tailored-cssselect_tailored/run1/cssselect_tailored/summary.csv-function_name/css_select_5_1_0':
Saved plot to ./results/rq1/20261002-2248-tailored-cssselect_tailored/run1/cssselect_tailored/plots/runtime_ns_vs_count_more_complex_selector_css_select_5_1_0.png
Plotting 'runtime_ns' vs 'count_more_complex_selector' for './results/rq1/20261002-2248-tailored-cssselect_tailored/run1/cssselect_tailored/summary.csv-function_name/css_select_5_2_0':
Saved plot to ./results/rq1/20261002-2248-tailored-cssselect_tailored/run1/cssselect_tailored/plots/runtime_ns_vs_count_more_complex_selector_css_select_5_2_0.png
For './results/rq1/20261002-2248-tailored-cssselect_tailored/run1/cssselect_tailored/summary.csv-function_name/css_select_5_1_0', feature 'count_more_complex_selector' and metric 'runtime_ns': dropped 89 of 279 rows (censored, non-positive metric, or zero feature).
For './results/rq1/20261002-2248-tailored-cssselect_tailored/run1/cssselect_tailored/summary.csv-function_name/css_select_5_1_0', feature 'count_more_complex_selector' and metric 'runtime_ns' the best fit is:
Best : Linear: time = 1.4E+04 + 3.4E+04*n (sec)                     
Constant: time = 7.3E+04 (sec)                                  (res: 96)
Linear: time = 1.4E+04 + 3.4E+04*n (sec)                        (res: 47)
Quadratic: time = 5.4E+04 + 3.4E+03*n^2 (sec)                   (res: 53)
Cubic: time = 6.3E+04 + 3E+02*n^3 (sec)                         (res: 64)
Logarithmic: time = 4.2E+04 + 8.7E+04*log(n) (sec)              (res: 56)
Linearithmic: time = 5.2E+04 + 1.4E+04*n*log(n) (sec)           (res: 48)
Exponential: time = 1.1E+05 * 1.1^n (sec)                       (res: 1.4E+02)

   [near-tie] within 10%: Linear, Linearithmic -- chosen by the simplicity bias, not the data.
   [exponent] free-exponent fit: runtime_ns ~ count_more_complex_selector ** 0.53
Saved fit model plot to ./results/rq1/20261002-2248-tailored-cssselect_tailored/run1/cssselect_tailored/plots/fitmodel_runtime_ns_vs_count_more_complex_selector_css_select_5_1_0.png
For './results/rq1/20261002-2248-tailored-cssselect_tailored/run1/cssselect_tailored/summary.csv-function_name/css_select_5_2_0', feature 'count_more_complex_selector' and metric 'runtime_ns': dropped 89 of 279 rows (censored, non-positive metric, or zero feature).
For './results/rq1/20261002-2248-tailored-cssselect_tailored/run1/cssselect_tailored/summary.csv-function_name/css_select_5_2_0', feature 'count_more_complex_selector' and metric 'runtime_ns' the best fit is:
Best : Linear: time = 1E+04 + 4.1E+04*n (sec)                       
Constant: time = 7.8E+04 (sec)                                  (res: 1E+02)
Linear: time = 1E+04 + 4.1E+04*n (sec)                          (res: 53)
Quadratic: time = 5.7E+04 + 4.3E+03*n^2 (sec)                   (res: 57)
Cubic: time = 6.9E+04 + 3.9E+02*n^3 (sec)                       (res: 68)
Logarithmic: time = 4.5E+04 + 9.8E+04*log(n) (sec)              (res: 64)
Linearithmic: time = 5.6E+04 + 1.8E+04*n*log(n) (sec)           (res: 53)
Exponential: time = 1.2E+05 * 1.2^n (sec)                       (res: 1.5E+02)

   [near-tie] within 10%: Linearithmic, Linear, Quadratic -- chosen by the simplicity bias, not the data.
   [exponent] free-exponent fit: runtime_ns ~ count_more_complex_selector ** 0.63
Saved fit model plot to ./results/rq1/20261002-2248-tailored-cssselect_tailored/run1/cssselect_tailored/plots/fitmodel_runtime_ns_vs_count_more_complex_selector_css_select_5_2_0.png
Plotting 'runtime_ns' vs 'count_comma' for './results/rq1/20261002-2248-tailored-cssselect_tailored/run1/cssselect_tailored/summary.csv-function_name/css_select_5_1_0':
Saved plot to ./results/rq1/20261002-2248-tailored-cssselect_tailored/run1/cssselect_tailored/plots/runtime_ns_vs_count_comma_css_select_5_1_0.png
Plotting 'runtime_ns' vs 'count_comma' for './results/rq1/20261002-2248-tailored-cssselect_tailored/run1/cssselect_tailored/summary.csv-function_name/css_select_5_2_0':
Saved plot to ./results/rq1/20261002-2248-tailored-cssselect_tailored/run1/cssselect_tailored/plots/runtime_ns_vs_count_comma_css_select_5_2_0.png
For './results/rq1/20261002-2248-tailored-cssselect_tailored/run1/cssselect_tailored/summary.csv-function_name/css_select_5_1_0', feature 'count_comma' and metric 'runtime_ns': dropped 48 of 279 rows (censored, non-positive metric, or zero feature).
For './results/rq1/20261002-2248-tailored-cssselect_tailored/run1/cssselect_tailored/summary.csv-function_name/css_select_5_1_0', feature 'count_comma' and metric 'runtime_ns' the best fit is:
Best : Linear: time = 3E+04 + 6.8E+03*n (sec)                       
Constant: time = 6.1E+04 (sec)                                  (res: 1.1E+02)
Linear: time = 3E+04 + 6.8E+03*n (sec)                          (res: 46)
Quadratic: time = 5.2E+04 + 1.4E+02*n^2 (sec)                   (res: 62)
Cubic: time = 5.6E+04 + 2.1*n^3 (sec)                           (res: 79)
Logarithmic: time = 1.9E+04 + 4.1E+04*log(n) (sec)              (res: 72)
Linearithmic: time = 4.4E+04 + 1.8E+03*n*log(n) (sec)           (res: 48)
Exponential: time = 9E+04 * 1^n (sec)                           (res: 1.3E+02)

   [near-tie] within 10%: Linear, Linearithmic -- chosen by the simplicity bias, not the data.
   [exponent] free-exponent fit: runtime_ns ~ count_comma ** 0.50
Saved fit model plot to ./results/rq1/20261002-2248-tailored-cssselect_tailored/run1/cssselect_tailored/plots/fitmodel_runtime_ns_vs_count_comma_css_select_5_1_0.png
For './results/rq1/20261002-2248-tailored-cssselect_tailored/run1/cssselect_tailored/summary.csv-function_name/css_select_5_2_0', feature 'count_comma' and metric 'runtime_ns': dropped 48 of 279 rows (censored, non-positive metric, or zero feature).
For './results/rq1/20261002-2248-tailored-cssselect_tailored/run1/cssselect_tailored/summary.csv-function_name/css_select_5_2_0', feature 'count_comma' and metric 'runtime_ns' the best fit is:
Best : Linear: time = 3.2E+04 + 8.3E+03*n (sec)                     
Constant: time = 6.7E+04 (sec)                                  (res: 1.2E+02)
Linear: time = 3.2E+04 + 8.3E+03*n (sec)                        (res: 51)
Quadratic: time = 5.8E+04 + 1.7E+02*n^2 (sec)                   (res: 65)
Cubic: time = 6.3E+04 + 2.7*n^3 (sec)                           (res: 81)
Logarithmic: time = 2.2E+04 + 4.5E+04*log(n) (sec)              (res: 81)
Linearithmic: time = 4.9E+04 + 2.2E+03*n*log(n) (sec)           (res: 52)
Exponential: time = 9.7E+04 * 1^n (sec)                         (res: 1.3E+02)

   [near-tie] within 10%: Linear, Linearithmic -- chosen by the simplicity bias, not the data.
   [exponent] free-exponent fit: runtime_ns ~ count_comma ** 0.57
Saved fit model plot to ./results/rq1/20261002-2248-tailored-cssselect_tailored/run1/cssselect_tailored/plots/fitmodel_runtime_ns_vs_count_comma_css_select_5_2_0.png
Plotting 'runtime_ns' vs 'count_complex_selector' for './results/rq1/20261002-2248-tailored-cssselect_tailored/run1/cssselect_tailored/summary.csv-function_name/css_select_5_1_0':
Saved plot to ./results/rq1/20261002-2248-tailored-cssselect_tailored/run1/cssselect_tailored/plots/runtime_ns_vs_count_complex_selector_css_select_5_1_0.png
Plotting 'runtime_ns' vs 'count_complex_selector' for './results/rq1/20261002-2248-tailored-cssselect_tailored/run1/cssselect_tailored/summary.csv-function_name/css_select_5_2_0':
Saved plot to ./results/rq1/20261002-2248-tailored-cssselect_tailored/run1/cssselect_tailored/plots/runtime_ns_vs_count_complex_selector_css_select_5_2_0.png
For './results/rq1/20261002-2248-tailored-cssselect_tailored/run1/cssselect_tailored/summary.csv-function_name/css_select_5_1_0', feature 'count_complex_selector' and metric 'runtime_ns' the best fit is:
Best : Linear: time = 6.3E+03 + 9.5E+03*n (sec)                     
Constant: time = 2.8E+04 (sec)                                  (res: 1.7E+02)
Linear: time = 6.3E+03 + 9.5E+03*n (sec)                        (res: 79)
Quadratic: time = 2.4E+04 + 3.3E+02*n^2 (sec)                   (res: 95)
Cubic: time = 2.7E+04 + 7.8*n^3 (sec)                           (res: 1.2E+02)
Logarithmic: time = 1.2E+04 + 2.9E+04*log(n) (sec)              (res: 1.2E+02)
Linearithmic: time = 2E+04 + 3E+03*n*log(n) (sec)               (res: 79)
Exponential: time = 6.4E+04 * 1.1^n (sec)                       (res: 4E+02)

   [near-tie] within 10%: Linearithmic, Linear -- chosen by the simplicity bias, not the data.
   [exponent] free-exponent fit: runtime_ns ~ count_complex_selector ** 0.60
Saved fit model plot to ./results/rq1/20261002-2248-tailored-cssselect_tailored/run1/cssselect_tailored/plots/fitmodel_runtime_ns_vs_count_complex_selector_css_select_5_1_0.png
For './results/rq1/20261002-2248-tailored-cssselect_tailored/run1/cssselect_tailored/summary.csv-function_name/css_select_5_2_0', feature 'count_complex_selector' and metric 'runtime_ns' the best fit is:
Best : Linear: time = 6E+03 + 1.1E+04*n (sec)                       
Constant: time = 3.1E+04 (sec)                                  (res: 1.7E+02)
Linear: time = 6E+03 + 1.1E+04*n (sec)                          (res: 82)
Quadratic: time = 2.6E+04 + 4.3E+02*n^2 (sec)                   (res: 94)
Cubic: time = 2.9E+04 + 11*n^3 (sec)                            (res: 1.2E+02)
Logarithmic: time = 1.4E+04 + 3.2E+04*log(n) (sec)              (res: 1.2E+02)
Linearithmic: time = 2.2E+04 + 3.7E+03*n*log(n) (sec)           (res: 80)
Exponential: time = 6.9E+04 * 1.1^n (sec)                       (res: 3.8E+02)

   [near-tie] within 10%: Linearithmic, Linear -- chosen by the simplicity bias, not the data.
   [exponent] free-exponent fit: runtime_ns ~ count_complex_selector ** 0.66
Saved fit model plot to ./results/rq1/20261002-2248-tailored-cssselect_tailored/run1/cssselect_tailored/plots/fitmodel_runtime_ns_vs_count_complex_selector_css_select_5_2_0.png
Plotting 'runtime_ns' vs 'count_combinator' for './results/rq1/20261002-2248-tailored-cssselect_tailored/run1/cssselect_tailored/summary.csv-function_name/css_select_5_1_0':
Saved plot to ./results/rq1/20261002-2248-tailored-cssselect_tailored/run1/cssselect_tailored/plots/runtime_ns_vs_count_combinator_css_select_5_1_0.png
Plotting 'runtime_ns' vs 'count_combinator' for './results/rq1/20261002-2248-tailored-cssselect_tailored/run1/cssselect_tailored/summary.csv-function_name/css_select_5_2_0':
Saved plot to ./results/rq1/20261002-2248-tailored-cssselect_tailored/run1/cssselect_tailored/plots/runtime_ns_vs_count_combinator_css_select_5_2_0.png
For './results/rq1/20261002-2248-tailored-cssselect_tailored/run1/cssselect_tailored/summary.csv-function_name/css_select_5_1_0', feature 'count_combinator' and metric 'runtime_ns': dropped 14 of 279 rows (censored, non-positive metric, or zero feature).
For './results/rq1/20261002-2248-tailored-cssselect_tailored/run1/cssselect_tailored/summary.csv-function_name/css_select_5_1_0', feature 'count_combinator' and metric 'runtime_ns' the best fit is:
Best : Linear: time = 1.6E+04 + 3.8E+03*n (sec)                     
Constant: time = 3.3E+04 (sec)                                  (res: 1.6E+02)
Linear: time = 1.6E+04 + 3.8E+03*n (sec)                        (res: 52)
Quadratic: time = 3E+04 + 34*n^2 (sec)                          (res: 92)
Cubic: time = 3.2E+04 + 0.19*n^3 (sec)                          (res: 1.2E+02)
Logarithmic: time = 5.6E+03 + 2.9E+04*log(n) (sec)              (res: 92)
Linearithmic: time = 2.4E+04 + 8.7E+02*n*log(n) (sec)           (res: 59)
Exponential: time = 7E+04 * 1^n (sec)                           (res: 3.1E+02)

   [exponent] free-exponent fit: runtime_ns ~ count_combinator ** 0.53
Saved fit model plot to ./results/rq1/20261002-2248-tailored-cssselect_tailored/run1/cssselect_tailored/plots/fitmodel_runtime_ns_vs_count_combinator_css_select_5_1_0.png
For './results/rq1/20261002-2248-tailored-cssselect_tailored/run1/cssselect_tailored/summary.csv-function_name/css_select_5_2_0', feature 'count_combinator' and metric 'runtime_ns': dropped 14 of 279 rows (censored, non-positive metric, or zero feature).
For './results/rq1/20261002-2248-tailored-cssselect_tailored/run1/cssselect_tailored/summary.csv-function_name/css_select_5_2_0', feature 'count_combinator' and metric 'runtime_ns' the best fit is:
Best : Linear: time = 1.7E+04 + 4.8E+03*n (sec)                     
Constant: time = 3.7E+04 (sec)                                  (res: 1.6E+02)
Linear: time = 1.7E+04 + 4.8E+03*n (sec)                        (res: 51)
Quadratic: time = 3.4E+04 + 47*n^2 (sec)                        (res: 88)
Cubic: time = 3.6E+04 + 0.26*n^3 (sec)                          (res: 1.2E+02)
Logarithmic: time = 7.4E+03 + 3.2E+04*log(n) (sec)              (res: 97)
Linearithmic: time = 2.7E+04 + 1.1E+03*n*log(n) (sec)           (res: 56)
Exponential: time = 7.6E+04 * 1^n (sec)                         (res: 2.9E+02)

   [near-tie] within 10%: Linear, Linearithmic -- chosen by the simplicity bias, not the data.
   [exponent] free-exponent fit: runtime_ns ~ count_combinator ** 0.59
Saved fit model plot to ./results/rq1/20261002-2248-tailored-cssselect_tailored/run1/cssselect_tailored/plots/fitmodel_runtime_ns_vs_count_combinator_css_select_5_2_0.png
Plotting 'runtime_ns' vs 'count_has_compound' for './results/rq1/20261002-2248-tailored-cssselect_tailored/run1/cssselect_tailored/summary.csv-function_name/css_select_5_1_0':
Saved plot to ./results/rq1/20261002-2248-tailored-cssselect_tailored/run1/cssselect_tailored/plots/runtime_ns_vs_count_has_compound_css_select_5_1_0.png
Plotting 'runtime_ns' vs 'count_has_compound' for './results/rq1/20261002-2248-tailored-cssselect_tailored/run1/cssselect_tailored/summary.csv-function_name/css_select_5_2_0':
Saved plot to ./results/rq1/20261002-2248-tailored-cssselect_tailored/run1/cssselect_tailored/plots/runtime_ns_vs_count_has_compound_css_select_5_2_0.png
For './results/rq1/20261002-2248-tailored-cssselect_tailored/run1/cssselect_tailored/summary.csv-function_name/css_select_5_1_0', feature 'count_has_compound' and metric 'runtime_ns' the best fit is:
Best : Linear: time = -2E+03 + 2.3E+04*n (sec)                      
Constant: time = 2.8E+04 (sec)                                  (res: 1.7E+02)
Linear: time = -2E+03 + 2.3E+04*n (sec)                         (res: 74)
Quadratic: time = 2.4E+04 + 1.5E+03*n^2 (sec)                   (res: 99)
Cubic: time = 2.7E+04 + 75*n^3 (sec)                            (res: 1.2E+02)
Logarithmic: time = 1.9E+04 + 6.1E+04*log(n) (sec)              (res: 93)
Linearithmic: time = 2.3E+04 + 8.8E+03*n*log(n) (sec)           (res: 80)
Exponential: time = 6.1E+04 * 1.1^n (sec)                       (res: 3.9E+02)

   [near-tie] within 10%: Linear, Linearithmic -- chosen by the simplicity bias, not the data.
   [exponent] free-exponent fit: runtime_ns ~ count_has_compound ** 0.78
Saved fit model plot to ./results/rq1/20261002-2248-tailored-cssselect_tailored/run1/cssselect_tailored/plots/fitmodel_runtime_ns_vs_count_has_compound_css_select_5_1_0.png
For './results/rq1/20261002-2248-tailored-cssselect_tailored/run1/cssselect_tailored/summary.csv-function_name/css_select_5_2_0', feature 'count_has_compound' and metric 'runtime_ns' the best fit is:
Best : Linear: time = -4.2E+03 + 2.7E+04*n (sec)                    
Constant: time = 3.1E+04 (sec)                                  (res: 1.7E+02)
Linear: time = -4.2E+03 + 2.7E+04*n (sec)                       (res: 78)
Quadratic: time = 2.6E+04 + 1.9E+03*n^2 (sec)                   (res: 99)
Cubic: time = 2.9E+04 + 99*n^3 (sec)                            (res: 1.2E+02)
Logarithmic: time = 2.2E+04 + 6.7E+04*log(n) (sec)              (res: 1E+02)
Linearithmic: time = 2.5E+04 + 1.1E+04*n*log(n) (sec)           (res: 82)
Exponential: time = 6.5E+04 * 1.2^n (sec)                       (res: 3.8E+02)

   [near-tie] within 10%: Linear, Linearithmic -- chosen by the simplicity bias, not the data.
   [exponent] free-exponent fit: runtime_ns ~ count_has_compound ** 0.85
Saved fit model plot to ./results/rq1/20261002-2248-tailored-cssselect_tailored/run1/cssselect_tailored/plots/fitmodel_runtime_ns_vs_count_has_compound_css_select_5_2_0.png
Plotting 'runtime_ns' vs 'count_compound' for './results/rq1/20261002-2248-tailored-cssselect_tailored/run1/cssselect_tailored/summary.csv-function_name/css_select_5_1_0':
Saved plot to ./results/rq1/20261002-2248-tailored-cssselect_tailored/run1/cssselect_tailored/plots/runtime_ns_vs_count_compound_css_select_5_1_0.png
Plotting 'runtime_ns' vs 'count_compound' for './results/rq1/20261002-2248-tailored-cssselect_tailored/run1/cssselect_tailored/summary.csv-function_name/css_select_5_2_0':
Saved plot to ./results/rq1/20261002-2248-tailored-cssselect_tailored/run1/cssselect_tailored/plots/runtime_ns_vs_count_compound_css_select_5_2_0.png
For './results/rq1/20261002-2248-tailored-cssselect_tailored/run1/cssselect_tailored/summary.csv-function_name/css_select_5_1_0', feature 'count_compound' and metric 'runtime_ns': dropped 59 of 279 rows (censored, non-positive metric, or zero feature).
For './results/rq1/20261002-2248-tailored-cssselect_tailored/run1/cssselect_tailored/summary.csv-function_name/css_select_5_1_0', feature 'count_compound' and metric 'runtime_ns' the best fit is:
Best : Linear: time = 4.4E+03 + 1.6E+04*n (sec)                     
Constant: time = 3.5E+04 (sec)                                  (res: 1.3E+02)
Linear: time = 4.4E+03 + 1.6E+04*n (sec)                        (res: 60)
Quadratic: time = 2.7E+04 + 1E+03*n^2 (sec)                     (res: 64)
Cubic: time = 3.1E+04 + 48*n^3 (sec)                            (res: 81)
Logarithmic: time = 1.8E+04 + 4.1E+04*log(n) (sec)              (res: 88)
Linearithmic: time = 2.4E+04 + 6.1E+03*n*log(n) (sec)           (res: 57)
Exponential: time = 6.9E+04 * 1.1^n (sec)                       (res: 2.5E+02)

   [near-tie] within 10%: Linearithmic, Linear -- chosen by the simplicity bias, not the data.
   [exponent] free-exponent fit: runtime_ns ~ count_compound ** 0.63
Saved fit model plot to ./results/rq1/20261002-2248-tailored-cssselect_tailored/run1/cssselect_tailored/plots/fitmodel_runtime_ns_vs_count_compound_css_select_5_1_0.png
For './results/rq1/20261002-2248-tailored-cssselect_tailored/run1/cssselect_tailored/summary.csv-function_name/css_select_5_2_0', feature 'count_compound' and metric 'runtime_ns': dropped 59 of 279 rows (censored, non-positive metric, or zero feature).
For './results/rq1/20261002-2248-tailored-cssselect_tailored/run1/cssselect_tailored/summary.csv-function_name/css_select_5_2_0', feature 'count_compound' and metric 'runtime_ns' the best fit is:
Best : Linear: time = 3.6E+03 + 1.9E+04*n (sec)                     
Constant: time = 3.9E+04 (sec)                                  (res: 1.3E+02)
Linear: time = 3.6E+03 + 1.9E+04*n (sec)                        (res: 63)
Quadratic: time = 3E+04 + 1.3E+03*n^2 (sec)                     (res: 62)
Cubic: time = 3.5E+04 + 65*n^3 (sec)                            (res: 79)
Logarithmic: time = 2.1E+04 + 4.6E+04*log(n) (sec)              (res: 92)
Linearithmic: time = 2.7E+04 + 7.6E+03*n*log(n) (sec)           (res: 58)
Exponential: time = 7.5E+04 * 1.1^n (sec)                       (res: 2.4E+02)

   [near-tie] within 10%: Linearithmic, Quadratic, Linear -- chosen by the simplicity bias, not the data.
   [exponent] free-exponent fit: runtime_ns ~ count_compound ** 0.69
Saved fit model plot to ./results/rq1/20261002-2248-tailored-cssselect_tailored/run1/cssselect_tailored/plots/fitmodel_runtime_ns_vs_count_compound_css_select_5_2_0.png
Plotting 'runtime_ns' vs 'count_type_selector' for './results/rq1/20261002-2248-tailored-cssselect_tailored/run1/cssselect_tailored/summary.csv-function_name/css_select_5_1_0':
Saved plot to ./results/rq1/20261002-2248-tailored-cssselect_tailored/run1/cssselect_tailored/plots/runtime_ns_vs_count_type_selector_css_select_5_1_0.png
Plotting 'runtime_ns' vs 'count_type_selector' for './results/rq1/20261002-2248-tailored-cssselect_tailored/run1/cssselect_tailored/summary.csv-function_name/css_select_5_2_0':
Saved plot to ./results/rq1/20261002-2248-tailored-cssselect_tailored/run1/cssselect_tailored/plots/runtime_ns_vs_count_type_selector_css_select_5_2_0.png
For './results/rq1/20261002-2248-tailored-cssselect_tailored/run1/cssselect_tailored/summary.csv-function_name/css_select_5_1_0', feature 'count_type_selector' and metric 'runtime_ns': dropped 2 of 279 rows (censored, non-positive metric, or zero feature).
For './results/rq1/20261002-2248-tailored-cssselect_tailored/run1/cssselect_tailored/summary.csv-function_name/css_select_5_1_0', feature 'count_type_selector' and metric 'runtime_ns' the best fit is:
Best : Linear: time = 1.4E+04 + 3E+03*n (sec)                       
Constant: time = 2.9E+04 (sec)                                  (res: 1.7E+02)
Linear: time = 1.4E+04 + 3E+03*n (sec)                          (res: 56)
Quadratic: time = 2.6E+04 + 23*n^2 (sec)                        (res: 94)
Cubic: time = 2.8E+04 + 0.12*n^3 (sec)                          (res: 1.3E+02)
Logarithmic: time = 1.1E+03 + 2.6E+04*log(n) (sec)              (res: 1E+02)
Linearithmic: time = 2.2E+04 + 6.6E+02*n*log(n) (sec)           (res: 63)
Exponential: time = 6.4E+04 * 1^n (sec)                         (res: 3.3E+02)

   [exponent] free-exponent fit: runtime_ns ~ count_type_selector ** 0.56
Saved fit model plot to ./results/rq1/20261002-2248-tailored-cssselect_tailored/run1/cssselect_tailored/plots/fitmodel_runtime_ns_vs_count_type_selector_css_select_5_1_0.png
For './results/rq1/20261002-2248-tailored-cssselect_tailored/run1/cssselect_tailored/summary.csv-function_name/css_select_5_2_0', feature 'count_type_selector' and metric 'runtime_ns': dropped 2 of 279 rows (censored, non-positive metric, or zero feature).
For './results/rq1/20261002-2248-tailored-cssselect_tailored/run1/cssselect_tailored/summary.csv-function_name/css_select_5_2_0', feature 'count_type_selector' and metric 'runtime_ns' the best fit is:
Best : Linear: time = 1.4E+04 + 3.8E+03*n (sec)                     
Constant: time = 3.2E+04 (sec)                                  (res: 1.7E+02)
Linear: time = 1.4E+04 + 3.8E+03*n (sec)                        (res: 56)
Quadratic: time = 2.9E+04 + 31*n^2 (sec)                        (res: 92)
Cubic: time = 3E+04 + 0.16*n^3 (sec)                            (res: 1.3E+02)
Logarithmic: time = 1.4E+03 + 2.9E+04*log(n) (sec)              (res: 1.1E+02)
Linearithmic: time = 2.3E+04 + 8.4E+02*n*log(n) (sec)           (res: 61)
Exponential: time = 6.8E+04 * 1^n (sec)                         (res: 3.2E+02)

   [near-tie] within 10%: Linear, Linearithmic -- chosen by the simplicity bias, not the data.
   [exponent] free-exponent fit: runtime_ns ~ count_type_selector ** 0.63
Saved fit model plot to ./results/rq1/20261002-2248-tailored-cssselect_tailored/run1/cssselect_tailored/plots/fitmodel_runtime_ns_vs_count_type_selector_css_select_5_2_0.png
Plotting 'runtime_ns' vs 'count_subclass_selectors' for './results/rq1/20261002-2248-tailored-cssselect_tailored/run1/cssselect_tailored/summary.csv-function_name/css_select_5_1_0':
Saved plot to ./results/rq1/20261002-2248-tailored-cssselect_tailored/run1/cssselect_tailored/plots/runtime_ns_vs_count_subclass_selectors_css_select_5_1_0.png
Plotting 'runtime_ns' vs 'count_subclass_selectors' for './results/rq1/20261002-2248-tailored-cssselect_tailored/run1/cssselect_tailored/summary.csv-function_name/css_select_5_2_0':
Saved plot to ./results/rq1/20261002-2248-tailored-cssselect_tailored/run1/cssselect_tailored/plots/runtime_ns_vs_count_subclass_selectors_css_select_5_2_0.png
For './results/rq1/20261002-2248-tailored-cssselect_tailored/run1/cssselect_tailored/summary.csv-function_name/css_select_5_1_0', feature 'count_subclass_selectors' and metric 'runtime_ns': dropped 32 of 279 rows (censored, non-positive metric, or zero feature).
For './results/rq1/20261002-2248-tailored-cssselect_tailored/run1/cssselect_tailored/summary.csv-function_name/css_select_5_1_0', feature 'count_subclass_selectors' and metric 'runtime_ns' the best fit is:
Best : Linear: time = 1.1E+04 + 6.8E+03*n (sec)                     
Constant: time = 2.9E+04 (sec)                                  (res: 1.5E+02)
Linear: time = 1.1E+04 + 6.8E+03*n (sec)                        (res: 75)
Quadratic: time = 2.6E+04 + 1.6E+02*n^2 (sec)                   (res: 90)
Cubic: time = 2.8E+04 + 2.6*n^3 (sec)                           (res: 1.1E+02)
Logarithmic: time = 1.1E+04 + 2.7E+04*log(n) (sec)              (res: 1.1E+02)
Linearithmic: time = 2.2E+04 + 1.9E+03*n*log(n) (sec)           (res: 75)
Exponential: time = 7.2E+04 * 1^n (sec)                         (res: 3.8E+02)

   [near-tie] within 10%: Linear, Linearithmic -- chosen by the simplicity bias, not the data.
   [exponent] free-exponent fit: runtime_ns ~ count_subclass_selectors ** 0.56
Saved fit model plot to ./results/rq1/20261002-2248-tailored-cssselect_tailored/run1/cssselect_tailored/plots/fitmodel_runtime_ns_vs_count_subclass_selectors_css_select_5_1_0.png
For './results/rq1/20261002-2248-tailored-cssselect_tailored/run1/cssselect_tailored/summary.csv-function_name/css_select_5_2_0', feature 'count_subclass_selectors' and metric 'runtime_ns': dropped 32 of 279 rows (censored, non-positive metric, or zero feature).
For './results/rq1/20261002-2248-tailored-cssselect_tailored/run1/cssselect_tailored/summary.csv-function_name/css_select_5_2_0', feature 'count_subclass_selectors' and metric 'runtime_ns' the best fit is:
Best : Linear: time = 1.1E+04 + 8.2E+03*n (sec)                     
Constant: time = 3.2E+04 (sec)                                  (res: 1.5E+02)
Linear: time = 1.1E+04 + 8.2E+03*n (sec)                        (res: 79)
Quadratic: time = 2.8E+04 + 2.1E+02*n^2 (sec)                   (res: 90)
Cubic: time = 3.1E+04 + 3.6*n^3 (sec)                           (res: 1.1E+02)
Logarithmic: time = 1.3E+04 + 2.9E+04*log(n) (sec)              (res: 1.2E+02)
Linearithmic: time = 2.3E+04 + 2.4E+03*n*log(n) (sec)           (res: 78)
Exponential: time = 8E+04 * 1^n (sec)                           (res: 3.9E+02)

   [near-tie] within 10%: Linearithmic, Linear -- chosen by the simplicity bias, not the data.
   [exponent] free-exponent fit: runtime_ns ~ count_subclass_selectors ** 0.61
Saved fit model plot to ./results/rq1/20261002-2248-tailored-cssselect_tailored/run1/cssselect_tailored/plots/fitmodel_runtime_ns_vs_count_subclass_selectors_css_select_5_2_0.png
Plotting 'runtime_ns' vs 'count_wq_name' for './results/rq1/20261002-2248-tailored-cssselect_tailored/run1/cssselect_tailored/summary.csv-function_name/css_select_5_1_0':
Saved plot to ./results/rq1/20261002-2248-tailored-cssselect_tailored/run1/cssselect_tailored/plots/runtime_ns_vs_count_wq_name_css_select_5_1_0.png
Plotting 'runtime_ns' vs 'count_wq_name' for './results/rq1/20261002-2248-tailored-cssselect_tailored/run1/cssselect_tailored/summary.csv-function_name/css_select_5_2_0':
Saved plot to ./results/rq1/20261002-2248-tailored-cssselect_tailored/run1/cssselect_tailored/plots/runtime_ns_vs_count_wq_name_css_select_5_2_0.png
For './results/rq1/20261002-2248-tailored-cssselect_tailored/run1/cssselect_tailored/summary.csv-function_name/css_select_5_1_0', feature 'count_wq_name' and metric 'runtime_ns': dropped 16 of 279 rows (censored, non-positive metric, or zero feature).
For './results/rq1/20261002-2248-tailored-cssselect_tailored/run1/cssselect_tailored/summary.csv-function_name/css_select_5_1_0', feature 'count_wq_name' and metric 'runtime_ns' the best fit is:
Best : Linear: time = 1.6E+04 + 5.5E+03*n (sec)                     
Constant: time = 3.4E+04 (sec)                                  (res: 1.5E+02)
Linear: time = 1.6E+04 + 5.5E+03*n (sec)                        (res: 57)
Quadratic: time = 3.1E+04 + 79*n^2 (sec)                        (res: 89)
Cubic: time = 3.3E+04 + 0.86*n^3 (sec)                          (res: 1.1E+02)
Logarithmic: time = 6.1E+03 + 3.4E+04*log(n) (sec)              (res: 94)
Linearithmic: time = 2.6E+04 + 1.3E+03*n*log(n) (sec)           (res: 64)
Exponential: time = 7E+04 * 1^n (sec)                           (res: 2.7E+02)

   [exponent] free-exponent fit: runtime_ns ~ count_wq_name ** 0.55
Saved fit model plot to ./results/rq1/20261002-2248-tailored-cssselect_tailored/run1/cssselect_tailored/plots/fitmodel_runtime_ns_vs_count_wq_name_css_select_5_1_0.png
For './results/rq1/20261002-2248-tailored-cssselect_tailored/run1/cssselect_tailored/summary.csv-function_name/css_select_5_2_0', feature 'count_wq_name' and metric 'runtime_ns': dropped 16 of 279 rows (censored, non-positive metric, or zero feature).
For './results/rq1/20261002-2248-tailored-cssselect_tailored/run1/cssselect_tailored/summary.csv-function_name/css_select_5_2_0', feature 'count_wq_name' and metric 'runtime_ns' the best fit is:
Best : Linear: time = 1.7E+04 + 6.7E+03*n (sec)                     
Constant: time = 3.9E+04 (sec)                                  (res: 1.5E+02)
Linear: time = 1.7E+04 + 6.7E+03*n (sec)                        (res: 59)
Quadratic: time = 3.5E+04 + 1E+02*n^2 (sec)                     (res: 89)
Cubic: time = 3.7E+04 + 1.1*n^3 (sec)                           (res: 1.1E+02)
Logarithmic: time = 8E+03 + 3.8E+04*log(n) (sec)                (res: 98)
Linearithmic: time = 3E+04 + 1.7E+03*n*log(n) (sec)             (res: 65)
Exponential: time = 7.6E+04 * 1^n (sec)                         (res: 2.6E+02)

   [exponent] free-exponent fit: runtime_ns ~ count_wq_name ** 0.62
Saved fit model plot to ./results/rq1/20261002-2248-tailored-cssselect_tailored/run1/cssselect_tailored/plots/fitmodel_runtime_ns_vs_count_wq_name_css_select_5_2_0.png
Plotting 'runtime_ns' vs 'count_lparen' for './results/rq1/20261002-2248-tailored-cssselect_tailored/run1/cssselect_tailored/summary.csv-function_name/css_select_5_1_0':
Saved plot to ./results/rq1/20261002-2248-tailored-cssselect_tailored/run1/cssselect_tailored/plots/runtime_ns_vs_count_lparen_css_select_5_1_0.png
Plotting 'runtime_ns' vs 'count_lparen' for './results/rq1/20261002-2248-tailored-cssselect_tailored/run1/cssselect_tailored/summary.csv-function_name/css_select_5_2_0':
Saved plot to ./results/rq1/20261002-2248-tailored-cssselect_tailored/run1/cssselect_tailored/plots/runtime_ns_vs_count_lparen_css_select_5_2_0.png
For './results/rq1/20261002-2248-tailored-cssselect_tailored/run1/cssselect_tailored/summary.csv-function_name/css_select_5_1_0', feature 'count_lparen' and metric 'runtime_ns' the best fit is:
Best : Linear: time = 1.3E+04 + 7.7E+03*n (sec)                     
Constant: time = 2.8E+04 (sec)                                  (res: 1.7E+02)
Linear: time = 1.3E+04 + 7.7E+03*n (sec)                        (res: 57)
Quadratic: time = 2.5E+04 + 1.6E+02*n^2 (sec)                   (res: 88)
Cubic: time = 2.7E+04 + 2.6*n^3 (sec)                           (res: 1.1E+02)
Logarithmic: time = 1.6E+04 + 3.9E+04*log(n) (sec)              (res: 85)
Linearithmic: time = 2.3E+04 + 2.1E+03*n*log(n) (sec)           (res: 65)
Exponential: time = 6.2E+04 * 1^n (sec)                         (res: 3.1E+02)

   [exponent] free-exponent fit: runtime_ns ~ count_lparen ** 0.58
Saved fit model plot to ./results/rq1/20261002-2248-tailored-cssselect_tailored/run1/cssselect_tailored/plots/fitmodel_runtime_ns_vs_count_lparen_css_select_5_1_0.png
For './results/rq1/20261002-2248-tailored-cssselect_tailored/run1/cssselect_tailored/summary.csv-function_name/css_select_5_2_0', feature 'count_lparen' and metric 'runtime_ns' the best fit is:
Best : Linear: time = 1.3E+04 + 9.5E+03*n (sec)                     
Constant: time = 3.1E+04 (sec)                                  (res: 1.7E+02)
Linear: time = 1.3E+04 + 9.5E+03*n (sec)                        (res: 58)
Quadratic: time = 2.8E+04 + 2.2E+02*n^2 (sec)                   (res: 86)
Cubic: time = 3E+04 + 3.6*n^3 (sec)                             (res: 1.1E+02)
Logarithmic: time = 1.8E+04 + 4.3E+04*log(n) (sec)              (res: 92)
Linearithmic: time = 2.5E+04 + 2.6E+03*n*log(n) (sec)           (res: 64)
Exponential: time = 6.6E+04 * 1^n (sec)                         (res: 2.9E+02)

   [exponent] free-exponent fit: runtime_ns ~ count_lparen ** 0.65
Saved fit model plot to ./results/rq1/20261002-2248-tailored-cssselect_tailored/run1/cssselect_tailored/plots/fitmodel_runtime_ns_vs_count_lparen_css_select_5_2_0.png
Plotting 'runtime_ns' vs 'count_relative_selector_list' for './results/rq1/20261002-2248-tailored-cssselect_tailored/run1/cssselect_tailored/summary.csv-function_name/css_select_5_1_0':
Saved plot to ./results/rq1/20261002-2248-tailored-cssselect_tailored/run1/cssselect_tailored/plots/runtime_ns_vs_count_relative_selector_list_css_select_5_1_0.png
Plotting 'runtime_ns' vs 'count_relative_selector_list' for './results/rq1/20261002-2248-tailored-cssselect_tailored/run1/cssselect_tailored/summary.csv-function_name/css_select_5_2_0':
Saved plot to ./results/rq1/20261002-2248-tailored-cssselect_tailored/run1/cssselect_tailored/plots/runtime_ns_vs_count_relative_selector_list_css_select_5_2_0.png
For './results/rq1/20261002-2248-tailored-cssselect_tailored/run1/cssselect_tailored/summary.csv-function_name/css_select_5_1_0', feature 'count_relative_selector_list' and metric 'runtime_ns' the best fit is:
Best : Linear: time = 8E+03 + 1.1E+04*n (sec)                       
Constant: time = 2.8E+04 (sec)                                  (res: 1.7E+02)
Linear: time = 8E+03 + 1.1E+04*n (sec)                          (res: 69)
Quadratic: time = 2.5E+04 + 3.9E+02*n^2 (sec)                   (res: 1E+02)
Cubic: time = 2.7E+04 + 6.7*n^3 (sec)                           (res: 1.4E+02)
Logarithmic: time = 1.7E+04 + 3.8E+04*log(n) (sec)              (res: 94)
Linearithmic: time = 2.2E+04 + 3.7E+03*n*log(n) (sec)           (res: 74)
Exponential: time = 6.1E+04 * 1.1^n (sec)                       (res: 4E+02)

   [near-tie] within 10%: Linear, Linearithmic -- chosen by the simplicity bias, not the data.
   [exponent] free-exponent fit: runtime_ns ~ count_relative_selector_list ** 0.73
Saved fit model plot to ./results/rq1/20261002-2248-tailored-cssselect_tailored/run1/cssselect_tailored/plots/fitmodel_runtime_ns_vs_count_relative_selector_list_css_select_5_1_0.png
For './results/rq1/20261002-2248-tailored-cssselect_tailored/run1/cssselect_tailored/summary.csv-function_name/css_select_5_2_0', feature 'count_relative_selector_list' and metric 'runtime_ns' the best fit is:
Best : Linear: time = 8.2E+03 + 1.3E+04*n (sec)                     
Constant: time = 3.1E+04 (sec)                                  (res: 1.7E+02)
Linear: time = 8.2E+03 + 1.3E+04*n (sec)                        (res: 75)
Quadratic: time = 2.7E+04 + 5E+02*n^2 (sec)                     (res: 1E+02)
Cubic: time = 3E+04 + 9.3*n^3 (sec)                             (res: 1.4E+02)
Logarithmic: time = 1.9E+04 + 4.2E+04*log(n) (sec)              (res: 1E+02)
Linearithmic: time = 2.4E+04 + 4.4E+03*n*log(n) (sec)           (res: 77)
Exponential: time = 6.6E+04 * 1.1^n (sec)                       (res: 4.1E+02)

   [near-tie] within 10%: Linear, Linearithmic -- chosen by the simplicity bias, not the data.
   [exponent] free-exponent fit: runtime_ns ~ count_relative_selector_list ** 0.80
Saved fit model plot to ./results/rq1/20261002-2248-tailored-cssselect_tailored/run1/cssselect_tailored/plots/fitmodel_runtime_ns_vs_count_relative_selector_list_css_select_5_2_0.png
Plotting 'runtime_ns' vs 'count_rparen' for './results/rq1/20261002-2248-tailored-cssselect_tailored/run1/cssselect_tailored/summary.csv-function_name/css_select_5_1_0':
Saved plot to ./results/rq1/20261002-2248-tailored-cssselect_tailored/run1/cssselect_tailored/plots/runtime_ns_vs_count_rparen_css_select_5_1_0.png
Plotting 'runtime_ns' vs 'count_rparen' for './results/rq1/20261002-2248-tailored-cssselect_tailored/run1/cssselect_tailored/summary.csv-function_name/css_select_5_2_0':
Saved plot to ./results/rq1/20261002-2248-tailored-cssselect_tailored/run1/cssselect_tailored/plots/runtime_ns_vs_count_rparen_css_select_5_2_0.png
For './results/rq1/20261002-2248-tailored-cssselect_tailored/run1/cssselect_tailored/summary.csv-function_name/css_select_5_1_0', feature 'count_rparen' and metric 'runtime_ns' the best fit is:
Best : Linear: time = 1.3E+04 + 7.7E+03*n (sec)                     
Constant: time = 2.8E+04 (sec)                                  (res: 1.7E+02)
Linear: time = 1.3E+04 + 7.7E+03*n (sec)                        (res: 57)
Quadratic: time = 2.5E+04 + 1.6E+02*n^2 (sec)                   (res: 88)
Cubic: time = 2.7E+04 + 2.6*n^3 (sec)                           (res: 1.1E+02)
Logarithmic: time = 1.6E+04 + 3.9E+04*log(n) (sec)              (res: 85)
Linearithmic: time = 2.3E+04 + 2.1E+03*n*log(n) (sec)           (res: 65)
Exponential: time = 6.2E+04 * 1^n (sec)                         (res: 3.1E+02)

   [exponent] free-exponent fit: runtime_ns ~ count_rparen ** 0.58
Saved fit model plot to ./results/rq1/20261002-2248-tailored-cssselect_tailored/run1/cssselect_tailored/plots/fitmodel_runtime_ns_vs_count_rparen_css_select_5_1_0.png
For './results/rq1/20261002-2248-tailored-cssselect_tailored/run1/cssselect_tailored/summary.csv-function_name/css_select_5_2_0', feature 'count_rparen' and metric 'runtime_ns' the best fit is:
Best : Linear: time = 1.3E+04 + 9.5E+03*n (sec)                     
Constant: time = 3.1E+04 (sec)                                  (res: 1.7E+02)
Linear: time = 1.3E+04 + 9.5E+03*n (sec)                        (res: 58)
Quadratic: time = 2.8E+04 + 2.2E+02*n^2 (sec)                   (res: 86)
Cubic: time = 3E+04 + 3.6*n^3 (sec)                             (res: 1.1E+02)
Logarithmic: time = 1.8E+04 + 4.3E+04*log(n) (sec)              (res: 92)
Linearithmic: time = 2.5E+04 + 2.6E+03*n*log(n) (sec)           (res: 64)
Exponential: time = 6.6E+04 * 1^n (sec)                         (res: 2.9E+02)

   [exponent] free-exponent fit: runtime_ns ~ count_rparen ** 0.65
Saved fit model plot to ./results/rq1/20261002-2248-tailored-cssselect_tailored/run1/cssselect_tailored/plots/fitmodel_runtime_ns_vs_count_rparen_css_select_5_2_0.png
Plotting 'runtime_ns' vs 'count_pseudo_class_selector' for './results/rq1/20261002-2248-tailored-cssselect_tailored/run1/cssselect_tailored/summary.csv-function_name/css_select_5_1_0':
Saved plot to ./results/rq1/20261002-2248-tailored-cssselect_tailored/run1/cssselect_tailored/plots/runtime_ns_vs_count_pseudo_class_selector_css_select_5_1_0.png
Plotting 'runtime_ns' vs 'count_pseudo_class_selector' for './results/rq1/20261002-2248-tailored-cssselect_tailored/run1/cssselect_tailored/summary.csv-function_name/css_select_5_2_0':
Saved plot to ./results/rq1/20261002-2248-tailored-cssselect_tailored/run1/cssselect_tailored/plots/runtime_ns_vs_count_pseudo_class_selector_css_select_5_2_0.png
For './results/rq1/20261002-2248-tailored-cssselect_tailored/run1/cssselect_tailored/summary.csv-function_name/css_select_5_1_0', feature 'count_pseudo_class_selector' and metric 'runtime_ns': dropped 108 of 279 rows (censored, non-positive metric, or zero feature).
For './results/rq1/20261002-2248-tailored-cssselect_tailored/run1/cssselect_tailored/summary.csv-function_name/css_select_5_1_0', feature 'count_pseudo_class_selector' and metric 'runtime_ns' the best fit is:
Best : Linear: time = -8E+03 + 2.6E+04*n (sec)                      
Constant: time = 3.9E+04 (sec)                                  (res: 1.2E+02)
Linear: time = -8E+03 + 2.6E+04*n (sec)                         (res: 64)
Quadratic: time = 2.8E+04 + 1.9E+03*n^2 (sec)                   (res: 79)
Cubic: time = 3.6E+04 + 81*n^3 (sec)                            (res: 99)
Logarithmic: time = 1.5E+04 + 6.1E+04*log(n) (sec)              (res: 79)
Linearithmic: time = 2.3E+04 + 1.1E+04*n*log(n) (sec)           (res: 65)
Exponential: time = 1.3E+05 * 1.1^n (sec)                       (res: 4.7E+02)

   [near-tie] within 10%: Linear, Linearithmic -- chosen by the simplicity bias, not the data.
   [exponent] free-exponent fit: runtime_ns ~ count_pseudo_class_selector ** 0.53
Saved fit model plot to ./results/rq1/20261002-2248-tailored-cssselect_tailored/run1/cssselect_tailored/plots/fitmodel_runtime_ns_vs_count_pseudo_class_selector_css_select_5_1_0.png
For './results/rq1/20261002-2248-tailored-cssselect_tailored/run1/cssselect_tailored/summary.csv-function_name/css_select_5_2_0', feature 'count_pseudo_class_selector' and metric 'runtime_ns': dropped 108 of 279 rows (censored, non-positive metric, or zero feature).
For './results/rq1/20261002-2248-tailored-cssselect_tailored/run1/cssselect_tailored/summary.csv-function_name/css_select_5_2_0', feature 'count_pseudo_class_selector' and metric 'runtime_ns' the best fit is:
Best : Linear: time = -1.2E+04 + 3E+04*n (sec)                      
Constant: time = 4E+04 (sec)                                    (res: 1.3E+02)
Linear: time = -1.2E+04 + 3E+04*n (sec)                         (res: 70)
Quadratic: time = 2.7E+04 + 2.5E+03*n^2 (sec)                   (res: 81)
Cubic: time = 3.7E+04 + 1.1E+02*n^3 (sec)                       (res: 1E+02)
Logarithmic: time = 1.6E+04 + 6.8E+04*log(n) (sec)              (res: 85)
Linearithmic: time = 2.2E+04 + 1.3E+04*n*log(n) (sec)           (res: 70)
Exponential: time = 1.4E+05 * 1.1^n (sec)                       (res: 5.5E+02)

   [near-tie] within 10%: Linearithmic, Linear -- chosen by the simplicity bias, not the data.
   [exponent] free-exponent fit: runtime_ns ~ count_pseudo_class_selector ** 0.61
Saved fit model plot to ./results/rq1/20261002-2248-tailored-cssselect_tailored/run1/cssselect_tailored/plots/fitmodel_runtime_ns_vs_count_pseudo_class_selector_css_select_5_2_0.png
Plotting 'runtime_ns' vs 'count_class_selector' for './results/rq1/20261002-2248-tailored-cssselect_tailored/run1/cssselect_tailored/summary.csv-function_name/css_select_5_1_0':
Saved plot to ./results/rq1/20261002-2248-tailored-cssselect_tailored/run1/cssselect_tailored/plots/runtime_ns_vs_count_class_selector_css_select_5_1_0.png
Plotting 'runtime_ns' vs 'count_class_selector' for './results/rq1/20261002-2248-tailored-cssselect_tailored/run1/cssselect_tailored/summary.csv-function_name/css_select_5_2_0':
Saved plot to ./results/rq1/20261002-2248-tailored-cssselect_tailored/run1/cssselect_tailored/plots/runtime_ns_vs_count_class_selector_css_select_5_2_0.png
For './results/rq1/20261002-2248-tailored-cssselect_tailored/run1/cssselect_tailored/summary.csv-function_name/css_select_5_1_0', feature 'count_class_selector' and metric 'runtime_ns': dropped 23 of 279 rows (censored, non-positive metric, or zero feature).
For './results/rq1/20261002-2248-tailored-cssselect_tailored/run1/cssselect_tailored/summary.csv-function_name/css_select_5_1_0', feature 'count_class_selector' and metric 'runtime_ns' the best fit is:
Best : Linear: time = 1.2E+04 + 5.9E+03*n (sec)                     
Constant: time = 3E+04 (sec)                                    (res: 1.6E+02)
Linear: time = 1.2E+04 + 5.9E+03*n (sec)                        (res: 66)
Quadratic: time = 2.6E+04 + 1E+02*n^2 (sec)                     (res: 94)
Cubic: time = 2.8E+04 + 1.4*n^3 (sec)                           (res: 1.1E+02)
Logarithmic: time = 1.1E+04 + 2.8E+04*log(n) (sec)              (res: 1.1E+02)
Linearithmic: time = 2.2E+04 + 1.5E+03*n*log(n) (sec)           (res: 72)
Exponential: time = 6.9E+04 * 1^n (sec)                         (res: 3.4E+02)

   [near-tie] within 10%: Linear, Linearithmic -- chosen by the simplicity bias, not the data.
   [exponent] free-exponent fit: runtime_ns ~ count_class_selector ** 0.58
Saved fit model plot to ./results/rq1/20261002-2248-tailored-cssselect_tailored/run1/cssselect_tailored/plots/fitmodel_runtime_ns_vs_count_class_selector_css_select_5_1_0.png
For './results/rq1/20261002-2248-tailored-cssselect_tailored/run1/cssselect_tailored/summary.csv-function_name/css_select_5_2_0', feature 'count_class_selector' and metric 'runtime_ns': dropped 23 of 279 rows (censored, non-positive metric, or zero feature).
For './results/rq1/20261002-2248-tailored-cssselect_tailored/run1/cssselect_tailored/summary.csv-function_name/css_select_5_2_0', feature 'count_class_selector' and metric 'runtime_ns' the best fit is:
Best : Linear: time = 1.3E+04 + 7.2E+03*n (sec)                     
Constant: time = 3.2E+04 (sec)                                  (res: 1.6E+02)
Linear: time = 1.3E+04 + 7.2E+03*n (sec)                        (res: 69)
Quadratic: time = 2.9E+04 + 1.3E+02*n^2 (sec)                   (res: 97)
Cubic: time = 3.1E+04 + 1.8*n^3 (sec)                           (res: 1.2E+02)
Logarithmic: time = 1.3E+04 + 3.2E+04*log(n) (sec)              (res: 1.1E+02)
Linearithmic: time = 2.4E+04 + 1.9E+03*n*log(n) (sec)           (res: 75)
Exponential: time = 7.4E+04 * 1^n (sec)                         (res: 3.3E+02)

   [near-tie] within 10%: Linear, Linearithmic -- chosen by the simplicity bias, not the data.
   [exponent] free-exponent fit: runtime_ns ~ count_class_selector ** 0.65
Saved fit model plot to ./results/rq1/20261002-2248-tailored-cssselect_tailored/run1/cssselect_tailored/plots/fitmodel_runtime_ns_vs_count_class_selector_css_select_5_2_0.png
Plotting 'runtime_ns' vs 'count_attribute_selector' for './results/rq1/20261002-2248-tailored-cssselect_tailored/run1/cssselect_tailored/summary.csv-function_name/css_select_5_1_0':
Saved plot to ./results/rq1/20261002-2248-tailored-cssselect_tailored/run1/cssselect_tailored/plots/runtime_ns_vs_count_attribute_selector_css_select_5_1_0.png
Plotting 'runtime_ns' vs 'count_attribute_selector' for './results/rq1/20261002-2248-tailored-cssselect_tailored/run1/cssselect_tailored/summary.csv-function_name/css_select_5_2_0':
Saved plot to ./results/rq1/20261002-2248-tailored-cssselect_tailored/run1/cssselect_tailored/plots/runtime_ns_vs_count_attribute_selector_css_select_5_2_0.png
For './results/rq1/20261002-2248-tailored-cssselect_tailored/run1/cssselect_tailored/summary.csv-function_name/css_select_5_1_0', feature 'count_attribute_selector' and metric 'runtime_ns': dropped 24 of 279 rows (censored, non-positive metric, or zero feature).
For './results/rq1/20261002-2248-tailored-cssselect_tailored/run1/cssselect_tailored/summary.csv-function_name/css_select_5_1_0', feature 'count_attribute_selector' and metric 'runtime_ns' the best fit is:
Best : Linear: time = 1.4E+04 + 6.5E+03*n (sec)                     
Constant: time = 3.2E+04 (sec)                                  (res: 1.6E+02)
Linear: time = 1.4E+04 + 6.5E+03*n (sec)                        (res: 51)
Quadratic: time = 2.8E+04 + 1.1E+02*n^2 (sec)                   (res: 85)
Cubic: time = 3E+04 + 1.2*n^3 (sec)                             (res: 1.2E+02)
Logarithmic: time = 1.2E+04 + 3.5E+04*log(n) (sec)              (res: 88)
Linearithmic: time = 2.4E+04 + 1.7E+03*n*log(n) (sec)           (res: 58)
Exponential: time = 6.8E+04 * 1^n (sec)                         (res: 2.8E+02)

   [exponent] free-exponent fit: runtime_ns ~ count_attribute_selector ** 0.57
Saved fit model plot to ./results/rq1/20261002-2248-tailored-cssselect_tailored/run1/cssselect_tailored/plots/fitmodel_runtime_ns_vs_count_attribute_selector_css_select_5_1_0.png
For './results/rq1/20261002-2248-tailored-cssselect_tailored/run1/cssselect_tailored/summary.csv-function_name/css_select_5_2_0', feature 'count_attribute_selector' and metric 'runtime_ns': dropped 24 of 279 rows (censored, non-positive metric, or zero feature).
For './results/rq1/20261002-2248-tailored-cssselect_tailored/run1/cssselect_tailored/summary.csv-function_name/css_select_5_2_0', feature 'count_attribute_selector' and metric 'runtime_ns' the best fit is:
Best : Linear: time = 1.5E+04 + 8E+03*n (sec)                       
Constant: time = 3.6E+04 (sec)                                  (res: 1.5E+02)
Linear: time = 1.5E+04 + 8E+03*n (sec)                          (res: 52)
Quadratic: time = 3.2E+04 + 1.4E+02*n^2 (sec)                   (res: 82)
Cubic: time = 3.5E+04 + 1.7*n^3 (sec)                           (res: 1.1E+02)
Logarithmic: time = 1.4E+04 + 3.9E+04*log(n) (sec)              (res: 94)
Linearithmic: time = 2.7E+04 + 2.1E+03*n*log(n) (sec)           (res: 57)
Exponential: time = 7.3E+04 * 1^n (sec)                         (res: 2.7E+02)

   [near-tie] within 10%: Linear, Linearithmic -- chosen by the simplicity bias, not the data.
   [exponent] free-exponent fit: runtime_ns ~ count_attribute_selector ** 0.63
Saved fit model plot to ./results/rq1/20261002-2248-tailored-cssselect_tailored/run1/cssselect_tailored/plots/fitmodel_runtime_ns_vs_count_attribute_selector_css_select_5_2_0.png
Plotting 'runtime_ns' vs 'count_id_selector' for './results/rq1/20261002-2248-tailored-cssselect_tailored/run1/cssselect_tailored/summary.csv-function_name/css_select_5_1_0':
Saved plot to ./results/rq1/20261002-2248-tailored-cssselect_tailored/run1/cssselect_tailored/plots/runtime_ns_vs_count_id_selector_css_select_5_1_0.png
Plotting 'runtime_ns' vs 'count_id_selector' for './results/rq1/20261002-2248-tailored-cssselect_tailored/run1/cssselect_tailored/summary.csv-function_name/css_select_5_2_0':
Saved plot to ./results/rq1/20261002-2248-tailored-cssselect_tailored/run1/cssselect_tailored/plots/runtime_ns_vs_count_id_selector_css_select_5_2_0.png
For './results/rq1/20261002-2248-tailored-cssselect_tailored/run1/cssselect_tailored/summary.csv-function_name/css_select_5_1_0', feature 'count_id_selector' and metric 'runtime_ns': dropped 21 of 279 rows (censored, non-positive metric, or zero feature).
For './results/rq1/20261002-2248-tailored-cssselect_tailored/run1/cssselect_tailored/summary.csv-function_name/css_select_5_1_0', feature 'count_id_selector' and metric 'runtime_ns' the best fit is:
Best : Linear: time = 1.3E+04 + 6.3E+03*n (sec)                     
Constant: time = 3.2E+04 (sec)                                  (res: 1.6E+02)
Linear: time = 1.3E+04 + 6.3E+03*n (sec)                        (res: 54)
Quadratic: time = 2.9E+04 + 94*n^2 (sec)                        (res: 92)
Cubic: time = 3.1E+04 + 0.9*n^3 (sec)                           (res: 1.2E+02)
Logarithmic: time = 3.8E+03 + 3.7E+04*log(n) (sec)              (res: 95)
Linearithmic: time = 2.4E+04 + 1.6E+03*n*log(n) (sec)           (res: 61)
Exponential: time = 6.9E+04 * 1^n (sec)                         (res: 3.1E+02)

   [exponent] free-exponent fit: runtime_ns ~ count_id_selector ** 0.59
Saved fit model plot to ./results/rq1/20261002-2248-tailored-cssselect_tailored/run1/cssselect_tailored/plots/fitmodel_runtime_ns_vs_count_id_selector_css_select_5_1_0.png
For './results/rq1/20261002-2248-tailored-cssselect_tailored/run1/cssselect_tailored/summary.csv-function_name/css_select_5_2_0', feature 'count_id_selector' and metric 'runtime_ns': dropped 21 of 279 rows (censored, non-positive metric, or zero feature).
For './results/rq1/20261002-2248-tailored-cssselect_tailored/run1/cssselect_tailored/summary.csv-function_name/css_select_5_2_0', feature 'count_id_selector' and metric 'runtime_ns' the best fit is:
Best : Linear: time = 1.4E+04 + 7.7E+03*n (sec)                     
Constant: time = 3.6E+04 (sec)                                  (res: 1.6E+02)
Linear: time = 1.4E+04 + 7.7E+03*n (sec)                        (res: 55)
Quadratic: time = 3.3E+04 + 1.2E+02*n^2 (sec)                   (res: 90)
Cubic: time = 3.5E+04 + 1.2*n^3 (sec)                           (res: 1.2E+02)
Logarithmic: time = 5.5E+03 + 4.1E+04*log(n) (sec)              (res: 98)
Linearithmic: time = 2.7E+04 + 2E+03*n*log(n) (sec)             (res: 61)
Exponential: time = 7.4E+04 * 1^n (sec)                         (res: 3E+02)

   [exponent] free-exponent fit: runtime_ns ~ count_id_selector ** 0.65
Saved fit model plot to ./results/rq1/20261002-2248-tailored-cssselect_tailored/run1/cssselect_tailored/plots/fitmodel_runtime_ns_vs_count_id_selector_css_select_5_2_0.png
Plotting 'runtime_ns' vs 'count_more_relative_selector' for './results/rq1/20261002-2248-tailored-cssselect_tailored/run1/cssselect_tailored/summary.csv-function_name/css_select_5_1_0':
Saved plot to ./results/rq1/20261002-2248-tailored-cssselect_tailored/run1/cssselect_tailored/plots/runtime_ns_vs_count_more_relative_selector_css_select_5_1_0.png
Plotting 'runtime_ns' vs 'count_more_relative_selector' for './results/rq1/20261002-2248-tailored-cssselect_tailored/run1/cssselect_tailored/summary.csv-function_name/css_select_5_2_0':
Saved plot to ./results/rq1/20261002-2248-tailored-cssselect_tailored/run1/cssselect_tailored/plots/runtime_ns_vs_count_more_relative_selector_css_select_5_2_0.png
For './results/rq1/20261002-2248-tailored-cssselect_tailored/run1/cssselect_tailored/summary.csv-function_name/css_select_5_1_0', feature 'count_more_relative_selector' and metric 'runtime_ns': dropped 65 of 279 rows (censored, non-positive metric, or zero feature).
For './results/rq1/20261002-2248-tailored-cssselect_tailored/run1/cssselect_tailored/summary.csv-function_name/css_select_5_1_0', feature 'count_more_relative_selector' and metric 'runtime_ns' the best fit is:
Best : Linear: time = 1.9E+04 + 1.7E+04*n (sec)                     
Constant: time = 6.2E+04 (sec)                                  (res: 1.1E+02)
Linear: time = 1.9E+04 + 1.7E+04*n (sec)                        (res: 70)
Quadratic: time = 5E+04 + 1.1E+03*n^2 (sec)                     (res: 76)
Cubic: time = 5.9E+04 + 40*n^3 (sec)                            (res: 92)
Logarithmic: time = 3.4E+04 + 4.4E+04*log(n) (sec)              (res: 85)
Linearithmic: time = 4.2E+04 + 6.9E+03*n*log(n) (sec)           (res: 68)
Exponential: time = 1.1E+05 * 1.1^n (sec)                       (res: 2.2E+02)

   [near-tie] within 10%: Linearithmic, Linear -- chosen by the simplicity bias, not the data.
   [exponent] free-exponent fit: runtime_ns ~ count_more_relative_selector ** 0.59
Saved fit model plot to ./results/rq1/20261002-2248-tailored-cssselect_tailored/run1/cssselect_tailored/plots/fitmodel_runtime_ns_vs_count_more_relative_selector_css_select_5_1_0.png
For './results/rq1/20261002-2248-tailored-cssselect_tailored/run1/cssselect_tailored/summary.csv-function_name/css_select_5_2_0', feature 'count_more_relative_selector' and metric 'runtime_ns': dropped 65 of 279 rows (censored, non-positive metric, or zero feature).
For './results/rq1/20261002-2248-tailored-cssselect_tailored/run1/cssselect_tailored/summary.csv-function_name/css_select_5_2_0', feature 'count_more_relative_selector' and metric 'runtime_ns' the best fit is:
Best : Linear: time = 2.1E+04 + 2E+04*n (sec)                       
Constant: time = 6.9E+04 (sec)                                  (res: 1.1E+02)
Linear: time = 2.1E+04 + 2E+04*n (sec)                          (res: 77)
Quadratic: time = 5.4E+04 + 1.5E+03*n^2 (sec)                   (res: 79)
Cubic: time = 6.5E+04 + 57*n^3 (sec)                            (res: 93)
Logarithmic: time = 4E+04 + 4.5E+04*log(n) (sec)                (res: 93)
Linearithmic: time = 4.6E+04 + 8.1E+03*n*log(n) (sec)           (res: 74)
Exponential: time = 1.2E+05 * 1.1^n (sec)                       (res: 2.5E+02)

   [near-tie] within 10%: Linearithmic, Linear, Quadratic -- chosen by the simplicity bias, not the data.
   [exponent] free-exponent fit: runtime_ns ~ count_more_relative_selector ** 0.66
Saved fit model plot to ./results/rq1/20261002-2248-tailored-cssselect_tailored/run1/cssselect_tailored/plots/fitmodel_runtime_ns_vs_count_more_relative_selector_css_select_5_2_0.png
Plotting 'runtime_ns' vs 'count_pseudo_class_ident' for './results/rq1/20261002-2248-tailored-cssselect_tailored/run1/cssselect_tailored/summary.csv-function_name/css_select_5_1_0':
Saved plot to ./results/rq1/20261002-2248-tailored-cssselect_tailored/run1/cssselect_tailored/plots/runtime_ns_vs_count_pseudo_class_ident_css_select_5_1_0.png
Plotting 'runtime_ns' vs 'count_pseudo_class_ident' for './results/rq1/20261002-2248-tailored-cssselect_tailored/run1/cssselect_tailored/summary.csv-function_name/css_select_5_2_0':
Saved plot to ./results/rq1/20261002-2248-tailored-cssselect_tailored/run1/cssselect_tailored/plots/runtime_ns_vs_count_pseudo_class_ident_css_select_5_2_0.png
For './results/rq1/20261002-2248-tailored-cssselect_tailored/run1/cssselect_tailored/summary.csv-function_name/css_select_5_1_0', feature 'count_pseudo_class_ident' and metric 'runtime_ns': dropped 53 of 279 rows (censored, non-positive metric, or zero feature).
For './results/rq1/20261002-2248-tailored-cssselect_tailored/run1/cssselect_tailored/summary.csv-function_name/css_select_5_1_0', feature 'count_pseudo_class_ident' and metric 'runtime_ns' the best fit is:
Best : Linear: time = 8.9E+03 + 1.2E+04*n (sec)                     
Constant: time = 3.3E+04 (sec)                                  (res: 1.5E+02)
Linear: time = 8.9E+03 + 1.2E+04*n (sec)                        (res: 55)
Quadratic: time = 2.8E+04 + 4.2E+02*n^2 (sec)                   (res: 78)
Cubic: time = 3E+04 + 11*n^3 (sec)                              (res: 1E+02)
Logarithmic: time = 1.3E+04 + 5.6E+04*log(n) (sec)              (res: 72)
Linearithmic: time = 2.5E+04 + 3.7E+03*n*log(n) (sec)           (res: 62)
Exponential: time = 8.2E+04 * 1.1^n (sec)                       (res: 3.2E+02)

   [exponent] free-exponent fit: runtime_ns ~ count_pseudo_class_ident ** 0.53
Saved fit model plot to ./results/rq1/20261002-2248-tailored-cssselect_tailored/run1/cssselect_tailored/plots/fitmodel_runtime_ns_vs_count_pseudo_class_ident_css_select_5_1_0.png
For './results/rq1/20261002-2248-tailored-cssselect_tailored/run1/cssselect_tailored/summary.csv-function_name/css_select_5_2_0', feature 'count_pseudo_class_ident' and metric 'runtime_ns': dropped 53 of 279 rows (censored, non-positive metric, or zero feature).
For './results/rq1/20261002-2248-tailored-cssselect_tailored/run1/cssselect_tailored/summary.csv-function_name/css_select_5_2_0', feature 'count_pseudo_class_ident' and metric 'runtime_ns' the best fit is:
Best : Linear: time = 7.6E+03 + 1.5E+04*n (sec)                     
Constant: time = 3.6E+04 (sec)                                  (res: 1.5E+02)
Linear: time = 7.6E+03 + 1.5E+04*n (sec)                        (res: 59)
Quadratic: time = 3E+04 + 5.4E+02*n^2 (sec)                     (res: 80)
Cubic: time = 3.3E+04 + 15*n^3 (sec)                            (res: 1E+02)
Logarithmic: time = 1.4E+04 + 6.4E+04*log(n) (sec)              (res: 79)
Linearithmic: time = 2.7E+04 + 4.6E+03*n*log(n) (sec)           (res: 65)
Exponential: time = 8.9E+04 * 1.1^n (sec)                       (res: 3.2E+02)

   [near-tie] within 10%: Linear, Linearithmic -- chosen by the simplicity bias, not the data.
   [exponent] free-exponent fit: runtime_ns ~ count_pseudo_class_ident ** 0.60
Saved fit model plot to ./results/rq1/20261002-2248-tailored-cssselect_tailored/run1/cssselect_tailored/plots/fitmodel_runtime_ns_vs_count_pseudo_class_ident_css_select_5_2_0.png
Plotting 'runtime_ns' vs 'count_pseudo_class_function' for './results/rq1/20261002-2248-tailored-cssselect_tailored/run1/cssselect_tailored/summary.csv-function_name/css_select_5_1_0':
Saved plot to ./results/rq1/20261002-2248-tailored-cssselect_tailored/run1/cssselect_tailored/plots/runtime_ns_vs_count_pseudo_class_function_css_select_5_1_0.png
Plotting 'runtime_ns' vs 'count_pseudo_class_function' for './results/rq1/20261002-2248-tailored-cssselect_tailored/run1/cssselect_tailored/summary.csv-function_name/css_select_5_2_0':
Saved plot to ./results/rq1/20261002-2248-tailored-cssselect_tailored/run1/cssselect_tailored/plots/runtime_ns_vs_count_pseudo_class_function_css_select_5_2_0.png
For './results/rq1/20261002-2248-tailored-cssselect_tailored/run1/cssselect_tailored/summary.csv-function_name/css_select_5_1_0', feature 'count_pseudo_class_function' and metric 'runtime_ns': dropped 138 of 279 rows (censored, non-positive metric, or zero feature).
For './results/rq1/20261002-2248-tailored-cssselect_tailored/run1/cssselect_tailored/summary.csv-function_name/css_select_5_1_0', feature 'count_pseudo_class_function' and metric 'runtime_ns' the best fit is:
Best : Logarithmic: time = 4.7E+04 + 9.9E+04*log(n) (sec)           
Constant: time = 9.5E+04 (sec)                                  (res: 72)
Linear: time = 2.2E+04 + 3.5E+04*n (sec)                        (res: 43)
Quadratic: time = 7.3E+04 + 2.9E+03*n^2 (sec)                   (res: 53)
Cubic: time = 8.8E+04 + 1.8E+02*n^3 (sec)                       (res: 61)
Logarithmic: time = 4.7E+04 + 9.9E+04*log(n) (sec)              (res: 41)
Linearithmic: time = 6.5E+04 + 1.4E+04*n*log(n) (sec)           (res: 47)
Exponential: time = 1.9E+05 * 1.1^n (sec)                       (res: 1.6E+02)

   [near-tie] within 10%: Logarithmic, Linear -- chosen by the simplicity bias, not the data.
   [exponent] free-exponent fit: runtime_ns ~ count_pseudo_class_function ** 0.29
Saved fit model plot to ./results/rq1/20261002-2248-tailored-cssselect_tailored/run1/cssselect_tailored/plots/fitmodel_runtime_ns_vs_count_pseudo_class_function_css_select_5_1_0.png
For './results/rq1/20261002-2248-tailored-cssselect_tailored/run1/cssselect_tailored/summary.csv-function_name/css_select_5_2_0', feature 'count_pseudo_class_function' and metric 'runtime_ns': dropped 138 of 279 rows (censored, non-positive metric, or zero feature).
For './results/rq1/20261002-2248-tailored-cssselect_tailored/run1/cssselect_tailored/summary.csv-function_name/css_select_5_2_0', feature 'count_pseudo_class_function' and metric 'runtime_ns' the best fit is:
Best : Logarithmic: time = 5E+04 + 1.1E+05*log(n) (sec)             
Constant: time = 1E+05 (sec)                                    (res: 79)
Linear: time = 1.9E+04 + 4.1E+04*n (sec)                        (res: 50)
Quadratic: time = 7.4E+04 + 4E+03*n^2 (sec)                     (res: 58)
Cubic: time = 9.2E+04 + 2.6E+02*n^3 (sec)                       (res: 67)
Logarithmic: time = 5E+04 + 1.1E+05*log(n) (sec)                (res: 49)
Linearithmic: time = 6.7E+04 + 1.8E+04*n*log(n) (sec)           (res: 53)
Exponential: time = 2.2E+05 * 1.1^n (sec)                       (res: 2.1E+02)

   [near-tie] within 10%: Logarithmic, Linear, Linearithmic -- chosen by the simplicity bias, not the data.
   [exponent] free-exponent fit: runtime_ns ~ count_pseudo_class_function ** 0.35
Saved fit model plot to ./results/rq1/20261002-2248-tailored-cssselect_tailored/run1/cssselect_tailored/plots/fitmodel_runtime_ns_vs_count_pseudo_class_function_css_select_5_2_0.png
Plotting 'runtime_ns' vs 'count_name' for './results/rq1/20261002-2248-tailored-cssselect_tailored/run1/cssselect_tailored/summary.csv-function_name/css_select_5_1_0':
Saved plot to ./results/rq1/20261002-2248-tailored-cssselect_tailored/run1/cssselect_tailored/plots/runtime_ns_vs_count_name_css_select_5_1_0.png
Plotting 'runtime_ns' vs 'count_name' for './results/rq1/20261002-2248-tailored-cssselect_tailored/run1/cssselect_tailored/summary.csv-function_name/css_select_5_2_0':
Saved plot to ./results/rq1/20261002-2248-tailored-cssselect_tailored/run1/cssselect_tailored/plots/runtime_ns_vs_count_name_css_select_5_2_0.png
For './results/rq1/20261002-2248-tailored-cssselect_tailored/run1/cssselect_tailored/summary.csv-function_name/css_select_5_1_0', feature 'count_name' and metric 'runtime_ns' the best fit is:
Best : Constant: time = 2.8E+04 (sec)                               
Constant: time = 2.8E+04 (sec)                                  (res: 1.7E+02)
Linear: time = 2.1E+04 + 79*n (sec)                             (res: 1.7E+02)
Quadratic: time = 2.1E+04 + 0.52*n^2 (sec)                      (res: 1.6E+02)
Cubic: time = 2.1E+04 + 0.0035*n^3 (sec)                        (res: 1.6E+02)
Logarithmic: time = 1.3E+04 + 3.8E+03*log(n) (sec)              (res: 1.7E+02)
Linearithmic: time = 2.1E+04 + 15*n*log(n) (sec)                (res: 1.7E+02)
Exponential: time = 5.9E+04 * 1^n (sec)                         (res: 1.1E+03)

   [near-tie] within 10%: Cubic, Quadratic, Logarithmic, Linearithmic, Linear, Constant -- chosen by the simplicity bias, not the data.
   [exponent] free-exponent fit: runtime_ns ~ count_name ** 0.64
Saved fit model plot to ./results/rq1/20261002-2248-tailored-cssselect_tailored/run1/cssselect_tailored/plots/fitmodel_runtime_ns_vs_count_name_css_select_5_1_0.png
For './results/rq1/20261002-2248-tailored-cssselect_tailored/run1/cssselect_tailored/summary.csv-function_name/css_select_5_2_0', feature 'count_name' and metric 'runtime_ns' the best fit is:
Best : Constant: time = 3.1E+04 (sec)                               
Constant: time = 3.1E+04 (sec)                                  (res: 1.7E+02)
Linear: time = 2.2E+04 + 94*n (sec)                             (res: 1.7E+02)
Quadratic: time = 2.3E+04 + 0.63*n^2 (sec)                      (res: 1.6E+02)
Cubic: time = 2.3E+04 + 0.0042*n^3 (sec)                        (res: 1.6E+02)
Logarithmic: time = 1.4E+04 + 4.3E+03*log(n) (sec)              (res: 1.7E+02)
Linearithmic: time = 2.3E+04 + 18*n*log(n) (sec)                (res: 1.7E+02)
Exponential: time = 6.7E+04 * 1^n (sec)                         (res: 1.2E+03)

   [near-tie] within 10%: Cubic, Quadratic, Logarithmic, Linearithmic, Linear, Constant -- chosen by the simplicity bias, not the data.
   [exponent] free-exponent fit: runtime_ns ~ count_name ** 0.66
Saved fit model plot to ./results/rq1/20261002-2248-tailored-cssselect_tailored/run1/cssselect_tailored/plots/fitmodel_runtime_ns_vs_count_name_css_select_5_2_0.png
Plotting 'runtime_ns' vs 'count_attr_matcher_ws' for './results/rq1/20261002-2248-tailored-cssselect_tailored/run1/cssselect_tailored/summary.csv-function_name/css_select_5_1_0':
Saved plot to ./results/rq1/20261002-2248-tailored-cssselect_tailored/run1/cssselect_tailored/plots/runtime_ns_vs_count_attr_matcher_ws_css_select_5_1_0.png
Plotting 'runtime_ns' vs 'count_attr_matcher_ws' for './results/rq1/20261002-2248-tailored-cssselect_tailored/run1/cssselect_tailored/summary.csv-function_name/css_select_5_2_0':
Saved plot to ./results/rq1/20261002-2248-tailored-cssselect_tailored/run1/cssselect_tailored/plots/runtime_ns_vs_count_attr_matcher_ws_css_select_5_2_0.png
For './results/rq1/20261002-2248-tailored-cssselect_tailored/run1/cssselect_tailored/summary.csv-function_name/css_select_5_1_0', feature 'count_attr_matcher_ws' and metric 'runtime_ns': dropped 40 of 279 rows (censored, non-positive metric, or zero feature).
For './results/rq1/20261002-2248-tailored-cssselect_tailored/run1/cssselect_tailored/summary.csv-function_name/css_select_5_1_0', feature 'count_attr_matcher_ws' and metric 'runtime_ns' the best fit is:
Best : Linear: time = 1.1E+04 + 9.5E+03*n (sec)                     
Constant: time = 3.4E+04 (sec)                                  (res: 1.5E+02)
Linear: time = 1.1E+04 + 9.5E+03*n (sec)                        (res: 49)
Quadratic: time = 3E+04 + 2.1E+02*n^2 (sec)                     (res: 83)
Cubic: time = 3.2E+04 + 3*n^3 (sec)                             (res: 1.1E+02)
Logarithmic: time = 8.6E+03 + 4.5E+04*log(n) (sec)              (res: 82)
Linearithmic: time = 2.5E+04 + 2.6E+03*n*log(n) (sec)           (res: 56)
Exponential: time = 7.5E+04 * 1^n (sec)                         (res: 3E+02)

   [exponent] free-exponent fit: runtime_ns ~ count_attr_matcher_ws ** 0.58
Saved fit model plot to ./results/rq1/20261002-2248-tailored-cssselect_tailored/run1/cssselect_tailored/plots/fitmodel_runtime_ns_vs_count_attr_matcher_ws_css_select_5_1_0.png
For './results/rq1/20261002-2248-tailored-cssselect_tailored/run1/cssselect_tailored/summary.csv-function_name/css_select_5_2_0', feature 'count_attr_matcher_ws' and metric 'runtime_ns': dropped 40 of 279 rows (censored, non-positive metric, or zero feature).
For './results/rq1/20261002-2248-tailored-cssselect_tailored/run1/cssselect_tailored/summary.csv-function_name/css_select_5_2_0', feature 'count_attr_matcher_ws' and metric 'runtime_ns' the best fit is:
Best : Linear: time = 1.1E+04 + 1.2E+04*n (sec)                     
Constant: time = 3.8E+04 (sec)                                  (res: 1.5E+02)
Linear: time = 1.1E+04 + 1.2E+04*n (sec)                        (res: 50)
Quadratic: time = 3.4E+04 + 2.8E+02*n^2 (sec)                   (res: 81)
Cubic: time = 3.7E+04 + 4*n^3 (sec)                             (res: 1.1E+02)
Logarithmic: time = 1.1E+04 + 4.9E+04*log(n) (sec)              (res: 89)
Linearithmic: time = 2.8E+04 + 3.4E+03*n*log(n) (sec)           (res: 55)
Exponential: time = 8.1E+04 * 1^n (sec)                         (res: 2.8E+02)

   [exponent] free-exponent fit: runtime_ns ~ count_attr_matcher_ws ** 0.65
Saved fit model plot to ./results/rq1/20261002-2248-tailored-cssselect_tailored/run1/cssselect_tailored/plots/fitmodel_runtime_ns_vs_count_attr_matcher_ws_css_select_5_2_0.png
Plotting 'runtime_ns' vs 'count_attr_modifier' for './results/rq1/20261002-2248-tailored-cssselect_tailored/run1/cssselect_tailored/summary.csv-function_name/css_select_5_1_0':
Saved plot to ./results/rq1/20261002-2248-tailored-cssselect_tailored/run1/cssselect_tailored/plots/runtime_ns_vs_count_attr_modifier_css_select_5_1_0.png
Plotting 'runtime_ns' vs 'count_attr_modifier' for './results/rq1/20261002-2248-tailored-cssselect_tailored/run1/cssselect_tailored/summary.csv-function_name/css_select_5_2_0':
Saved plot to ./results/rq1/20261002-2248-tailored-cssselect_tailored/run1/cssselect_tailored/plots/runtime_ns_vs_count_attr_modifier_css_select_5_2_0.png
For './results/rq1/20261002-2248-tailored-cssselect_tailored/run1/cssselect_tailored/summary.csv-function_name/css_select_5_1_0', feature 'count_attr_modifier' and metric 'runtime_ns': dropped 61 of 279 rows (censored, non-positive metric, or zero feature).
For './results/rq1/20261002-2248-tailored-cssselect_tailored/run1/cssselect_tailored/summary.csv-function_name/css_select_5_1_0', feature 'count_attr_modifier' and metric 'runtime_ns' the best fit is:
Best : Linear: time = 4.4E+03 + 1.8E+04*n (sec)                     
Constant: time = 3.4E+04 (sec)                                  (res: 1.4E+02)
Linear: time = 4.4E+03 + 1.8E+04*n (sec)                        (res: 60)
Quadratic: time = 2.9E+04 + 7.7E+02*n^2 (sec)                   (res: 82)
Cubic: time = 3.2E+04 + 26*n^3 (sec)                            (res: 1E+02)
Logarithmic: time = 1.6E+04 + 5.9E+04*log(n) (sec)              (res: 82)
Linearithmic: time = 2.6E+04 + 5.8E+03*n*log(n) (sec)           (res: 66)
Exponential: time = 8.7E+04 * 1.1^n (sec)                       (res: 3.6E+02)

   [near-tie] within 10%: Linear, Linearithmic -- chosen by the simplicity bias, not the data.
   [exponent] free-exponent fit: runtime_ns ~ count_attr_modifier ** 0.60
Saved fit model plot to ./results/rq1/20261002-2248-tailored-cssselect_tailored/run1/cssselect_tailored/plots/fitmodel_runtime_ns_vs_count_attr_modifier_css_select_5_1_0.png
For './results/rq1/20261002-2248-tailored-cssselect_tailored/run1/cssselect_tailored/summary.csv-function_name/css_select_5_2_0', feature 'count_attr_modifier' and metric 'runtime_ns': dropped 61 of 279 rows (censored, non-positive metric, or zero feature).
For './results/rq1/20261002-2248-tailored-cssselect_tailored/run1/cssselect_tailored/summary.csv-function_name/css_select_5_2_0', feature 'count_attr_modifier' and metric 'runtime_ns' the best fit is:
Best : Linear: time = 2.8E+03 + 2.2E+04*n (sec)                     
Constant: time = 3.9E+04 (sec)                                  (res: 1.4E+02)
Linear: time = 2.8E+03 + 2.2E+04*n (sec)                        (res: 62)
Quadratic: time = 3.3E+04 + 1E+03*n^2 (sec)                     (res: 81)
Cubic: time = 3.7E+04 + 35*n^3 (sec)                            (res: 1E+02)
Logarithmic: time = 1.9E+04 + 6.6E+04*log(n) (sec)              (res: 88)
Linearithmic: time = 3E+04 + 7.4E+03*n*log(n) (sec)             (res: 66)
Exponential: time = 9.6E+04 * 1.1^n (sec)                       (res: 3.5E+02)

   [near-tie] within 10%: Linear, Linearithmic -- chosen by the simplicity bias, not the data.
   [exponent] free-exponent fit: runtime_ns ~ count_attr_modifier ** 0.68
Saved fit model plot to ./results/rq1/20261002-2248-tailored-cssselect_tailored/run1/cssselect_tailored/plots/fitmodel_runtime_ns_vs_count_attr_modifier_css_select_5_2_0.png
Plotting 'runtime_ns' vs 'count_attr_value' for './results/rq1/20261002-2248-tailored-cssselect_tailored/run1/cssselect_tailored/summary.csv-function_name/css_select_5_1_0':
Saved plot to ./results/rq1/20261002-2248-tailored-cssselect_tailored/run1/cssselect_tailored/plots/runtime_ns_vs_count_attr_value_css_select_5_1_0.png
Plotting 'runtime_ns' vs 'count_attr_value' for './results/rq1/20261002-2248-tailored-cssselect_tailored/run1/cssselect_tailored/summary.csv-function_name/css_select_5_2_0':
Saved plot to ./results/rq1/20261002-2248-tailored-cssselect_tailored/run1/cssselect_tailored/plots/runtime_ns_vs_count_attr_value_css_select_5_2_0.png
For './results/rq1/20261002-2248-tailored-cssselect_tailored/run1/cssselect_tailored/summary.csv-function_name/css_select_5_1_0', feature 'count_attr_value' and metric 'runtime_ns': dropped 40 of 279 rows (censored, non-positive metric, or zero feature).
For './results/rq1/20261002-2248-tailored-cssselect_tailored/run1/cssselect_tailored/summary.csv-function_name/css_select_5_1_0', feature 'count_attr_value' and metric 'runtime_ns' the best fit is:
Best : Linear: time = 1.1E+04 + 9.5E+03*n (sec)                     
Constant: time = 3.4E+04 (sec)                                  (res: 1.5E+02)
Linear: time = 1.1E+04 + 9.5E+03*n (sec)                        (res: 49)
Quadratic: time = 3E+04 + 2.1E+02*n^2 (sec)                     (res: 83)
Cubic: time = 3.2E+04 + 3*n^3 (sec)                             (res: 1.1E+02)
Logarithmic: time = 8.6E+03 + 4.5E+04*log(n) (sec)              (res: 82)
Linearithmic: time = 2.5E+04 + 2.6E+03*n*log(n) (sec)           (res: 56)
Exponential: time = 7.5E+04 * 1^n (sec)                         (res: 3E+02)

   [exponent] free-exponent fit: runtime_ns ~ count_attr_value ** 0.58
Saved fit model plot to ./results/rq1/20261002-2248-tailored-cssselect_tailored/run1/cssselect_tailored/plots/fitmodel_runtime_ns_vs_count_attr_value_css_select_5_1_0.png
For './results/rq1/20261002-2248-tailored-cssselect_tailored/run1/cssselect_tailored/summary.csv-function_name/css_select_5_2_0', feature 'count_attr_value' and metric 'runtime_ns': dropped 40 of 279 rows (censored, non-positive metric, or zero feature).
For './results/rq1/20261002-2248-tailored-cssselect_tailored/run1/cssselect_tailored/summary.csv-function_name/css_select_5_2_0', feature 'count_attr_value' and metric 'runtime_ns' the best fit is:
Best : Linear: time = 1.1E+04 + 1.2E+04*n (sec)                     
Constant: time = 3.8E+04 (sec)                                  (res: 1.5E+02)
Linear: time = 1.1E+04 + 1.2E+04*n (sec)                        (res: 50)
Quadratic: time = 3.4E+04 + 2.8E+02*n^2 (sec)                   (res: 81)
Cubic: time = 3.7E+04 + 4*n^3 (sec)                             (res: 1.1E+02)
Logarithmic: time = 1.1E+04 + 4.9E+04*log(n) (sec)              (res: 89)
Linearithmic: time = 2.8E+04 + 3.4E+03*n*log(n) (sec)           (res: 55)
Exponential: time = 8.1E+04 * 1^n (sec)                         (res: 2.8E+02)

   [exponent] free-exponent fit: runtime_ns ~ count_attr_value ** 0.65
Saved fit model plot to ./results/rq1/20261002-2248-tailored-cssselect_tailored/run1/cssselect_tailored/plots/fitmodel_runtime_ns_vs_count_attr_value_css_select_5_2_0.png
Plotting 'runtime_ns' vs 'count_relative_combinator' for './results/rq1/20261002-2248-tailored-cssselect_tailored/run1/cssselect_tailored/summary.csv-function_name/css_select_5_1_0':
Saved plot to ./results/rq1/20261002-2248-tailored-cssselect_tailored/run1/cssselect_tailored/plots/runtime_ns_vs_count_relative_combinator_css_select_5_1_0.png
Plotting 'runtime_ns' vs 'count_relative_combinator' for './results/rq1/20261002-2248-tailored-cssselect_tailored/run1/cssselect_tailored/summary.csv-function_name/css_select_5_2_0':
Saved plot to ./results/rq1/20261002-2248-tailored-cssselect_tailored/run1/cssselect_tailored/plots/runtime_ns_vs_count_relative_combinator_css_select_5_2_0.png
For './results/rq1/20261002-2248-tailored-cssselect_tailored/run1/cssselect_tailored/summary.csv-function_name/css_select_5_1_0', feature 'count_relative_combinator' and metric 'runtime_ns': dropped 37 of 279 rows (censored, non-positive metric, or zero feature).
For './results/rq1/20261002-2248-tailored-cssselect_tailored/run1/cssselect_tailored/summary.csv-function_name/css_select_5_1_0', feature 'count_relative_combinator' and metric 'runtime_ns' the best fit is:
Best : Linear: time = 3.5E+03 + 2.1E+04*n (sec)                     
Constant: time = 3.5E+04 (sec)                                  (res: 1.4E+02)
Linear: time = 3.5E+03 + 2.1E+04*n (sec)                        (res: 76)
Quadratic: time = 3E+04 + 1.2E+03*n^2 (sec)                     (res: 1E+02)
Cubic: time = 3.5E+04 + 33*n^3 (sec)                            (res: 1.3E+02)
Logarithmic: time = 2.3E+04 + 5.2E+04*log(n) (sec)              (res: 91)
Linearithmic: time = 2.7E+04 + 8.3E+03*n*log(n) (sec)           (res: 80)
Exponential: time = 8.2E+04 * 1.1^n (sec)                       (res: 4.2E+02)

   [near-tie] within 10%: Linear, Linearithmic -- chosen by the simplicity bias, not the data.
   [exponent] free-exponent fit: runtime_ns ~ count_relative_combinator ** 0.78
Saved fit model plot to ./results/rq1/20261002-2248-tailored-cssselect_tailored/run1/cssselect_tailored/plots/fitmodel_runtime_ns_vs_count_relative_combinator_css_select_5_1_0.png
For './results/rq1/20261002-2248-tailored-cssselect_tailored/run1/cssselect_tailored/summary.csv-function_name/css_select_5_2_0', feature 'count_relative_combinator' and metric 'runtime_ns': dropped 37 of 279 rows (censored, non-positive metric, or zero feature).
For './results/rq1/20261002-2248-tailored-cssselect_tailored/run1/cssselect_tailored/summary.csv-function_name/css_select_5_2_0', feature 'count_relative_combinator' and metric 'runtime_ns' the best fit is:
Best : Linear: time = 3.7E+03 + 2.4E+04*n (sec)                     
Constant: time = 4E+04 (sec)                                    (res: 1.5E+02)
Linear: time = 3.7E+03 + 2.4E+04*n (sec)                        (res: 83)
Quadratic: time = 3.3E+04 + 1.6E+03*n^2 (sec)                   (res: 1E+02)
Cubic: time = 3.8E+04 + 46*n^3 (sec)                            (res: 1.3E+02)
Logarithmic: time = 2.7E+04 + 5.6E+04*log(n) (sec)              (res: 99)
Linearithmic: time = 3E+04 + 9.9E+03*n*log(n) (sec)             (res: 84)
Exponential: time = 9.1E+04 * 1.1^n (sec)                       (res: 4.5E+02)

   [near-tie] within 10%: Linear, Linearithmic -- chosen by the simplicity bias, not the data.
   [exponent] free-exponent fit: runtime_ns ~ count_relative_combinator ** 0.85
Saved fit model plot to ./results/rq1/20261002-2248-tailored-cssselect_tailored/run1/cssselect_tailored/plots/fitmodel_runtime_ns_vs_count_relative_combinator_css_select_5_2_0.png
Plotting 'runtime_ns' vs 'count_complex_selector_in_has' for './results/rq1/20261002-2248-tailored-cssselect_tailored/run1/cssselect_tailored/summary.csv-function_name/css_select_5_1_0':
Saved plot to ./results/rq1/20261002-2248-tailored-cssselect_tailored/run1/cssselect_tailored/plots/runtime_ns_vs_count_complex_selector_in_has_css_select_5_1_0.png
Plotting 'runtime_ns' vs 'count_complex_selector_in_has' for './results/rq1/20261002-2248-tailored-cssselect_tailored/run1/cssselect_tailored/summary.csv-function_name/css_select_5_2_0':
Saved plot to ./results/rq1/20261002-2248-tailored-cssselect_tailored/run1/cssselect_tailored/plots/runtime_ns_vs_count_complex_selector_in_has_css_select_5_2_0.png
For './results/rq1/20261002-2248-tailored-cssselect_tailored/run1/cssselect_tailored/summary.csv-function_name/css_select_5_1_0', feature 'count_complex_selector_in_has' and metric 'runtime_ns' the best fit is:
Best : Linear: time = 1.7E+04 + 2.4E+03*n (sec)                     
Constant: time = 2.8E+04 (sec)                                  (res: 1.7E+02)
Linear: time = 1.7E+04 + 2.4E+03*n (sec)                        (res: 57)
Quadratic: time = 2.6E+04 + 13*n^2 (sec)                        (res: 1.1E+02)
Cubic: time = 2.7E+04 + 0.043*n^3 (sec)                         (res: 1.4E+02)
Logarithmic: time = 1.1E+04 + 2.2E+04*log(n) (sec)              (res: 1E+02)
Linearithmic: time = 2.2E+04 + 4.9E+02*n*log(n) (sec)           (res: 67)
Exponential: time = 6.5E+04 * 1^n (sec)                         (res: 3.8E+02)

   [exponent] free-exponent fit: runtime_ns ~ count_complex_selector_in_has ** 0.53
Saved fit model plot to ./results/rq1/20261002-2248-tailored-cssselect_tailored/run1/cssselect_tailored/plots/fitmodel_runtime_ns_vs_count_complex_selector_in_has_css_select_5_1_0.png
For './results/rq1/20261002-2248-tailored-cssselect_tailored/run1/cssselect_tailored/summary.csv-function_name/css_select_5_2_0', feature 'count_complex_selector_in_has' and metric 'runtime_ns' the best fit is:
Best : Linear: time = 1.8E+04 + 3E+03*n (sec)                       
Constant: time = 3.1E+04 (sec)                                  (res: 1.7E+02)
Linear: time = 1.8E+04 + 3E+03*n (sec)                          (res: 58)
Quadratic: time = 2.9E+04 + 17*n^2 (sec)                        (res: 1E+02)
Cubic: time = 3E+04 + 0.059*n^3 (sec)                           (res: 1.4E+02)
Logarithmic: time = 1.2E+04 + 2.5E+04*log(n) (sec)              (res: 1E+02)
Linearithmic: time = 2.5E+04 + 6.3E+02*n*log(n) (sec)           (res: 65)
Exponential: time = 7E+04 * 1^n (sec)                           (res: 3.8E+02)

   [exponent] free-exponent fit: runtime_ns ~ count_complex_selector_in_has ** 0.58
Saved fit model plot to ./results/rq1/20261002-2248-tailored-cssselect_tailored/run1/cssselect_tailored/plots/fitmodel_runtime_ns_vs_count_complex_selector_in_has_css_select_5_2_0.png
Plotting 'runtime_ns' vs 'count_nth_function' for './results/rq1/20261002-2248-tailored-cssselect_tailored/run1/cssselect_tailored/summary.csv-function_name/css_select_5_1_0':
Saved plot to ./results/rq1/20261002-2248-tailored-cssselect_tailored/run1/cssselect_tailored/plots/runtime_ns_vs_count_nth_function_css_select_5_1_0.png
Plotting 'runtime_ns' vs 'count_nth_function' for './results/rq1/20261002-2248-tailored-cssselect_tailored/run1/cssselect_tailored/summary.csv-function_name/css_select_5_2_0':
Saved plot to ./results/rq1/20261002-2248-tailored-cssselect_tailored/run1/cssselect_tailored/plots/runtime_ns_vs_count_nth_function_css_select_5_2_0.png
For './results/rq1/20261002-2248-tailored-cssselect_tailored/run1/cssselect_tailored/summary.csv-function_name/css_select_5_1_0', feature 'count_nth_function' and metric 'runtime_ns': dropped 105 of 279 rows (censored, non-positive metric, or zero feature).
For './results/rq1/20261002-2248-tailored-cssselect_tailored/run1/cssselect_tailored/summary.csv-function_name/css_select_5_1_0', feature 'count_nth_function' and metric 'runtime_ns' the best fit is:
Best : Linear: time = -1.2E+03 + 4E+04*n (sec)                      
Constant: time = 6E+04 (sec)                                    (res: 1E+02)
Linear: time = -1.2E+03 + 4E+04*n (sec)                         (res: 33)
Quadratic: time = 4.3E+04 + 3.7E+03*n^2 (sec)                   (res: 47)
Cubic: time = 5.2E+04 + 3E+02*n^3 (sec)                         (res: 63)
Logarithmic: time = 3.4E+04 + 1.1E+05*log(n) (sec)              (res: 37)
Linearithmic: time = 4.3E+04 + 1.6E+04*n*log(n) (sec)           (res: 38)
Exponential: time = 1E+05 * 1.1^n (sec)                         (res: 1.5E+02)

   [exponent] free-exponent fit: runtime_ns ~ count_nth_function ** 0.61
Saved fit model plot to ./results/rq1/20261002-2248-tailored-cssselect_tailored/run1/cssselect_tailored/plots/fitmodel_runtime_ns_vs_count_nth_function_css_select_5_1_0.png
For './results/rq1/20261002-2248-tailored-cssselect_tailored/run1/cssselect_tailored/summary.csv-function_name/css_select_5_2_0', feature 'count_nth_function' and metric 'runtime_ns': dropped 105 of 279 rows (censored, non-positive metric, or zero feature).
For './results/rq1/20261002-2248-tailored-cssselect_tailored/run1/cssselect_tailored/summary.csv-function_name/css_select_5_2_0', feature 'count_nth_function' and metric 'runtime_ns' the best fit is:
Best : Linear: time = -8.7E+03 + 5E+04*n (sec)                      
Constant: time = 6.7E+04 (sec)                                  (res: 1E+02)
Linear: time = -8.7E+03 + 5E+04*n (sec)                         (res: 36)
Quadratic: time = 4.7E+04 + 5E+03*n^2 (sec)                     (res: 47)
Cubic: time = 5.8E+04 + 4.2E+02*n^3 (sec)                       (res: 63)
Logarithmic: time = 3.8E+04 + 1.3E+05*log(n) (sec)              (res: 45)
Linearithmic: time = 4.6E+04 + 2.2E+04*n*log(n) (sec)           (res: 38)
Exponential: time = 1.1E+05 * 1.2^n (sec)                       (res: 1.5E+02)

   [near-tie] within 10%: Linear, Linearithmic -- chosen by the simplicity bias, not the data.
   [exponent] free-exponent fit: runtime_ns ~ count_nth_function ** 0.70
Saved fit model plot to ./results/rq1/20261002-2248-tailored-cssselect_tailored/run1/cssselect_tailored/plots/fitmodel_runtime_ns_vs_count_nth_function_css_select_5_2_0.png
Plotting 'runtime_ns' vs 'count_namechar' for './results/rq1/20261002-2248-tailored-cssselect_tailored/run1/cssselect_tailored/summary.csv-function_name/css_select_5_1_0':
Saved plot to ./results/rq1/20261002-2248-tailored-cssselect_tailored/run1/cssselect_tailored/plots/runtime_ns_vs_count_namechar_css_select_5_1_0.png
Plotting 'runtime_ns' vs 'count_namechar' for './results/rq1/20261002-2248-tailored-cssselect_tailored/run1/cssselect_tailored/summary.csv-function_name/css_select_5_2_0':
Saved plot to ./results/rq1/20261002-2248-tailored-cssselect_tailored/run1/cssselect_tailored/plots/runtime_ns_vs_count_namechar_css_select_5_2_0.png
For './results/rq1/20261002-2248-tailored-cssselect_tailored/run1/cssselect_tailored/summary.csv-function_name/css_select_5_1_0', feature 'count_namechar' and metric 'runtime_ns' the best fit is:
Best : Constant: time = 2.8E+04 (sec)                               
Constant: time = 2.8E+04 (sec)                                  (res: 1.7E+02)
Linear: time = 2.2E+04 + 7.6*n (sec)                            (res: 1.6E+02)
Quadratic: time = 2.7E+04 + 0.00063*n^2 (sec)                   (res: 1.6E+02)
Cubic: time = 2.7E+04 + 5.4E-08*n^3 (sec)                       (res: 1.6E+02)
Logarithmic: time = -6.3E+02 + 4.8E+03*log(n) (sec)             (res: 1.6E+02)
Linearithmic: time = 2.4E+04 + 0.82*n*log(n) (sec)              (res: 1.6E+02)
Exponential: time = 1.1E+05 * 1^n (sec)                         (res: 1.3E+03)

   [near-tie] within 10%: Linear, Linearithmic, Quadratic, Cubic, Logarithmic, Constant -- chosen by the simplicity bias, not the data.
   [exponent] free-exponent fit: runtime_ns ~ count_namechar ** 0.29
Saved fit model plot to ./results/rq1/20261002-2248-tailored-cssselect_tailored/run1/cssselect_tailored/plots/fitmodel_runtime_ns_vs_count_namechar_css_select_5_1_0.png
For './results/rq1/20261002-2248-tailored-cssselect_tailored/run1/cssselect_tailored/summary.csv-function_name/css_select_5_2_0', feature 'count_namechar' and metric 'runtime_ns' the best fit is:
Best : Constant: time = 3.1E+04 (sec)                               
Constant: time = 3.1E+04 (sec)                                  (res: 1.7E+02)
Linear: time = 2.5E+04 + 8.7*n (sec)                            (res: 1.6E+02)
Quadratic: time = 3E+04 + 0.00071*n^2 (sec)                     (res: 1.6E+02)
Cubic: time = 3E+04 + 6E-08*n^3 (sec)                           (res: 1.6E+02)
Logarithmic: time = -1.6E+03 + 5.5E+03*log(n) (sec)             (res: 1.6E+02)
Linearithmic: time = 2.6E+04 + 0.94*n*log(n) (sec)              (res: 1.6E+02)
Exponential: time = 1.3E+05 * 1^n (sec)                         (res: 1.4E+03)

   [near-tie] within 10%: Linear, Linearithmic, Quadratic, Cubic, Logarithmic, Constant -- chosen by the simplicity bias, not the data.
   [exponent] free-exponent fit: runtime_ns ~ count_namechar ** 0.29
Saved fit model plot to ./results/rq1/20261002-2248-tailored-cssselect_tailored/run1/cssselect_tailored/plots/fitmodel_runtime_ns_vs_count_namechar_css_select_5_2_0.png
Plotting 'runtime_ns' vs 'count_attr_ident' for './results/rq1/20261002-2248-tailored-cssselect_tailored/run1/cssselect_tailored/summary.csv-function_name/css_select_5_1_0':
Saved plot to ./results/rq1/20261002-2248-tailored-cssselect_tailored/run1/cssselect_tailored/plots/runtime_ns_vs_count_attr_ident_css_select_5_1_0.png
Plotting 'runtime_ns' vs 'count_attr_ident' for './results/rq1/20261002-2248-tailored-cssselect_tailored/run1/cssselect_tailored/summary.csv-function_name/css_select_5_2_0':
Saved plot to ./results/rq1/20261002-2248-tailored-cssselect_tailored/run1/cssselect_tailored/plots/runtime_ns_vs_count_attr_ident_css_select_5_2_0.png
For './results/rq1/20261002-2248-tailored-cssselect_tailored/run1/cssselect_tailored/summary.csv-function_name/css_select_5_1_0', feature 'count_attr_ident' and metric 'runtime_ns': dropped 80 of 279 rows (censored, non-positive metric, or zero feature).
For './results/rq1/20261002-2248-tailored-cssselect_tailored/run1/cssselect_tailored/summary.csv-function_name/css_select_5_1_0', feature 'count_attr_ident' and metric 'runtime_ns' the best fit is:
Best : Linear: time = 1.3E+04 + 1E+04*n (sec)                       
Constant: time = 4.5E+04 (sec)                                  (res: 1.2E+02)
Linear: time = 1.3E+04 + 1E+04*n (sec)                          (res: 62)
Quadratic: time = 3.7E+04 + 3.3E+02*n^2 (sec)                   (res: 75)
Cubic: time = 4.2E+04 + 6.5*n^3 (sec)                           (res: 96)
Logarithmic: time = 2.2E+04 + 3.5E+04*log(n) (sec)              (res: 90)
Linearithmic: time = 2.9E+04 + 3.3E+03*n*log(n) (sec)           (res: 61)
Exponential: time = 9.7E+04 * 1^n (sec)                         (res: 2.6E+02)

   [near-tie] within 10%: Linearithmic, Linear -- chosen by the simplicity bias, not the data.
   [exponent] free-exponent fit: runtime_ns ~ count_attr_ident ** 0.58
Saved fit model plot to ./results/rq1/20261002-2248-tailored-cssselect_tailored/run1/cssselect_tailored/plots/fitmodel_runtime_ns_vs_count_attr_ident_css_select_5_1_0.png
For './results/rq1/20261002-2248-tailored-cssselect_tailored/run1/cssselect_tailored/summary.csv-function_name/css_select_5_2_0', feature 'count_attr_ident' and metric 'runtime_ns': dropped 80 of 279 rows (censored, non-positive metric, or zero feature).
For './results/rq1/20261002-2248-tailored-cssselect_tailored/run1/cssselect_tailored/summary.csv-function_name/css_select_5_2_0', feature 'count_attr_ident' and metric 'runtime_ns' the best fit is:
Best : Linear: time = 1.4E+04 + 1.3E+04*n (sec)                     
Constant: time = 5E+04 (sec)                                    (res: 1.3E+02)
Linear: time = 1.4E+04 + 1.3E+04*n (sec)                        (res: 65)
Quadratic: time = 4E+04 + 4.4E+02*n^2 (sec)                     (res: 76)
Cubic: time = 4.6E+04 + 8.8*n^3 (sec)                           (res: 97)
Logarithmic: time = 2.5E+04 + 4.1E+04*log(n) (sec)              (res: 92)
Linearithmic: time = 3.2E+04 + 4.1E+03*n*log(n) (sec)           (res: 63)
Exponential: time = 1.1E+05 * 1.1^n (sec)                       (res: 2.6E+02)

   [near-tie] within 10%: Linearithmic, Linear -- chosen by the simplicity bias, not the data.
   [exponent] free-exponent fit: runtime_ns ~ count_attr_ident ** 0.65
Saved fit model plot to ./results/rq1/20261002-2248-tailored-cssselect_tailored/run1/cssselect_tailored/plots/fitmodel_runtime_ns_vs_count_attr_ident_css_select_5_2_0.png
Plotting 'runtime_ns' vs 'count_attr_value_words' for './results/rq1/20261002-2248-tailored-cssselect_tailored/run1/cssselect_tailored/summary.csv-function_name/css_select_5_1_0':
Saved plot to ./results/rq1/20261002-2248-tailored-cssselect_tailored/run1/cssselect_tailored/plots/runtime_ns_vs_count_attr_value_words_css_select_5_1_0.png
Plotting 'runtime_ns' vs 'count_attr_value_words' for './results/rq1/20261002-2248-tailored-cssselect_tailored/run1/cssselect_tailored/summary.csv-function_name/css_select_5_2_0':
Saved plot to ./results/rq1/20261002-2248-tailored-cssselect_tailored/run1/cssselect_tailored/plots/runtime_ns_vs_count_attr_value_words_css_select_5_2_0.png
For './results/rq1/20261002-2248-tailored-cssselect_tailored/run1/cssselect_tailored/summary.csv-function_name/css_select_5_1_0', feature 'count_attr_value_words' and metric 'runtime_ns': dropped 4 of 279 rows (censored, non-positive metric, or zero feature).
For './results/rq1/20261002-2248-tailored-cssselect_tailored/run1/cssselect_tailored/summary.csv-function_name/css_select_5_1_0', feature 'count_attr_value_words' and metric 'runtime_ns' the best fit is:
Best : Constant: time = 2.9E+04 (sec)                               
Constant: time = 2.9E+04 (sec)                                  (res: 1.7E+02)
Linear: time = 2.9E+04 + -23*n (sec)                            (res: 1.7E+02)
Quadratic: time = 3E+04 + -0.99*n^2 (sec)                       (res: 1.7E+02)
Cubic: time = 2.9E+04 + -0.0073*n^3 (sec)                       (res: 1.7E+02)
Logarithmic: time = 2.3E+04 + 1.8E+03*log(n) (sec)              (res: 1.7E+02)
Linearithmic: time = 3E+04 + -10*n*log(n) (sec)                 (res: 1.7E+02)
Exponential: time = 1.1E+05 * 1^n (sec)                         (res: 1.5E+03)

   [near-tie] within 10%: Logarithmic, Quadratic, Linearithmic, Cubic, Linear, Constant -- chosen by the simplicity bias, not the data.
   [exponent] free-exponent fit: runtime_ns ~ count_attr_value_words ** 0.24
Saved fit model plot to ./results/rq1/20261002-2248-tailored-cssselect_tailored/run1/cssselect_tailored/plots/fitmodel_runtime_ns_vs_count_attr_value_words_css_select_5_1_0.png
For './results/rq1/20261002-2248-tailored-cssselect_tailored/run1/cssselect_tailored/summary.csv-function_name/css_select_5_2_0', feature 'count_attr_value_words' and metric 'runtime_ns': dropped 4 of 279 rows (censored, non-positive metric, or zero feature).
For './results/rq1/20261002-2248-tailored-cssselect_tailored/run1/cssselect_tailored/summary.csv-function_name/css_select_5_2_0', feature 'count_attr_value_words' and metric 'runtime_ns' the best fit is:
Best : Constant: time = 3.2E+04 (sec)                               
Constant: time = 3.2E+04 (sec)                                  (res: 1.7E+02)
Linear: time = 3.3E+04 + -28*n (sec)                            (res: 1.7E+02)
Quadratic: time = 3.4E+04 + -1.1*n^2 (sec)                      (res: 1.7E+02)
Cubic: time = 3.3E+04 + -0.0085*n^3 (sec)                       (res: 1.7E+02)
Logarithmic: time = 2.6E+04 + 1.9E+03*log(n) (sec)              (res: 1.7E+02)
Linearithmic: time = 3.3E+04 + -12*n*log(n) (sec)               (res: 1.7E+02)
Exponential: time = 1.3E+05 * 1^n (sec)                         (res: 1.6E+03)

   [near-tie] within 10%: Logarithmic, Quadratic, Linearithmic, Cubic, Linear, Constant -- chosen by the simplicity bias, not the data.
   [exponent] free-exponent fit: runtime_ns ~ count_attr_value_words ** 0.22
Saved fit model plot to ./results/rq1/20261002-2248-tailored-cssselect_tailored/run1/cssselect_tailored/plots/fitmodel_runtime_ns_vs_count_attr_value_words_css_select_5_2_0.png
Plotting 'runtime_ns' vs 'count_more_value_word' for './results/rq1/20261002-2248-tailored-cssselect_tailored/run1/cssselect_tailored/summary.csv-function_name/css_select_5_1_0':
Saved plot to ./results/rq1/20261002-2248-tailored-cssselect_tailored/run1/cssselect_tailored/plots/runtime_ns_vs_count_more_value_word_css_select_5_1_0.png
Plotting 'runtime_ns' vs 'count_more_value_word' for './results/rq1/20261002-2248-tailored-cssselect_tailored/run1/cssselect_tailored/summary.csv-function_name/css_select_5_2_0':
Saved plot to ./results/rq1/20261002-2248-tailored-cssselect_tailored/run1/cssselect_tailored/plots/runtime_ns_vs_count_more_value_word_css_select_5_2_0.png
For './results/rq1/20261002-2248-tailored-cssselect_tailored/run1/cssselect_tailored/summary.csv-function_name/css_select_5_1_0', feature 'count_more_value_word' and metric 'runtime_ns': dropped 10 of 279 rows (censored, non-positive metric, or zero feature).
For './results/rq1/20261002-2248-tailored-cssselect_tailored/run1/cssselect_tailored/summary.csv-function_name/css_select_5_1_0', feature 'count_more_value_word' and metric 'runtime_ns' the best fit is:
Best : Constant: time = 3.1E+04 (sec)                               
Constant: time = 3.1E+04 (sec)                                  (res: 1.6E+02)
Linear: time = 3.8E+04 + -3.7E+02*n (sec)                       (res: 1.6E+02)
Quadratic: time = 3.5E+04 + -8.6*n^2 (sec)                      (res: 1.6E+02)
Cubic: time = 3.2E+04 + -0.13*n^3 (sec)                         (res: 1.6E+02)
Logarithmic: time = 3.9E+04 + -3.1E+03*log(n) (sec)             (res: 1.6E+02)
Linearithmic: time = 3.7E+04 + -1E+02*n*log(n) (sec)            (res: 1.6E+02)
Exponential: time = 1.3E+05 * 1^n (sec)                         (res: 1.4E+03)

   [near-tie] within 10%: Linearithmic, Linear, Quadratic, Logarithmic, Cubic, Constant -- chosen by the simplicity bias, not the data.
   [exponent] free-exponent fit: runtime_ns ~ count_more_value_word ** -0.00
Saved fit model plot to ./results/rq1/20261002-2248-tailored-cssselect_tailored/run1/cssselect_tailored/plots/fitmodel_runtime_ns_vs_count_more_value_word_css_select_5_1_0.png
For './results/rq1/20261002-2248-tailored-cssselect_tailored/run1/cssselect_tailored/summary.csv-function_name/css_select_5_2_0', feature 'count_more_value_word' and metric 'runtime_ns': dropped 10 of 279 rows (censored, non-positive metric, or zero feature).
For './results/rq1/20261002-2248-tailored-cssselect_tailored/run1/cssselect_tailored/summary.csv-function_name/css_select_5_2_0', feature 'count_more_value_word' and metric 'runtime_ns' the best fit is:
Best : Constant: time = 3.4E+04 (sec)                               
Constant: time = 3.4E+04 (sec)                                  (res: 1.7E+02)
Linear: time = 4.2E+04 + -4.2E+02*n (sec)                       (res: 1.6E+02)
Quadratic: time = 3.9E+04 + -9.5*n^2 (sec)                      (res: 1.6E+02)
Cubic: time = 3.6E+04 + -0.14*n^3 (sec)                         (res: 1.7E+02)
Logarithmic: time = 4.4E+04 + -3.7E+03*log(n) (sec)             (res: 1.6E+02)
Linearithmic: time = 4.1E+04 + -1.1E+02*n*log(n) (sec)          (res: 1.6E+02)
Exponential: time = 1.6E+05 * 1^n (sec)                         (res: 1.5E+03)

   [near-tie] within 10%: Linearithmic, Linear, Quadratic, Logarithmic, Cubic, Constant -- chosen by the simplicity bias, not the data.
   [exponent] free-exponent fit: runtime_ns ~ count_more_value_word ** -0.04
Saved fit model plot to ./results/rq1/20261002-2248-tailored-cssselect_tailored/run1/cssselect_tailored/plots/fitmodel_runtime_ns_vs_count_more_value_word_css_select_5_2_0.png
Plotting 'runtime_ns' vs 'count_subclass_selectors_in_has' for './results/rq1/20261002-2248-tailored-cssselect_tailored/run1/cssselect_tailored/summary.csv-function_name/css_select_5_1_0':
Saved plot to ./results/rq1/20261002-2248-tailored-cssselect_tailored/run1/cssselect_tailored/plots/runtime_ns_vs_count_subclass_selectors_in_has_css_select_5_1_0.png
Plotting 'runtime_ns' vs 'count_subclass_selectors_in_has' for './results/rq1/20261002-2248-tailored-cssselect_tailored/run1/cssselect_tailored/summary.csv-function_name/css_select_5_2_0':
Saved plot to ./results/rq1/20261002-2248-tailored-cssselect_tailored/run1/cssselect_tailored/plots/runtime_ns_vs_count_subclass_selectors_in_has_css_select_5_2_0.png
For './results/rq1/20261002-2248-tailored-cssselect_tailored/run1/cssselect_tailored/summary.csv-function_name/css_select_5_1_0', feature 'count_subclass_selectors_in_has' and metric 'runtime_ns': dropped 9 of 279 rows (censored, non-positive metric, or zero feature).
For './results/rq1/20261002-2248-tailored-cssselect_tailored/run1/cssselect_tailored/summary.csv-function_name/css_select_5_1_0', feature 'count_subclass_selectors_in_has' and metric 'runtime_ns' the best fit is:
Best : Linear: time = 1.7E+04 + 1.9E+03*n (sec)                     
Constant: time = 2.8E+04 (sec)                                  (res: 1.7E+02)
Linear: time = 1.7E+04 + 1.9E+03*n (sec)                        (res: 60)
Quadratic: time = 2.6E+04 + 7.8*n^2 (sec)                       (res: 1.1E+02)
Cubic: time = 2.7E+04 + 0.022*n^3 (sec)                         (res: 1.3E+02)
Logarithmic: time = 2.6E+03 + 2.2E+04*log(n) (sec)              (res: 1.1E+02)
Linearithmic: time = 2.2E+04 + 3.6E+02*n*log(n) (sec)           (res: 69)
Exponential: time = 6.8E+04 * 1^n (sec)                         (res: 3.8E+02)

   [exponent] free-exponent fit: runtime_ns ~ count_subclass_selectors_in_has ** 0.51
Saved fit model plot to ./results/rq1/20261002-2248-tailored-cssselect_tailored/run1/cssselect_tailored/plots/fitmodel_runtime_ns_vs_count_subclass_selectors_in_has_css_select_5_1_0.png
For './results/rq1/20261002-2248-tailored-cssselect_tailored/run1/cssselect_tailored/summary.csv-function_name/css_select_5_2_0', feature 'count_subclass_selectors_in_has' and metric 'runtime_ns': dropped 9 of 279 rows (censored, non-positive metric, or zero feature).
For './results/rq1/20261002-2248-tailored-cssselect_tailored/run1/cssselect_tailored/summary.csv-function_name/css_select_5_2_0', feature 'count_subclass_selectors_in_has' and metric 'runtime_ns' the best fit is:
Best : Linear: time = 1.8E+04 + 2.3E+03*n (sec)                     
Constant: time = 3.1E+04 (sec)                                  (res: 1.7E+02)
Linear: time = 1.8E+04 + 2.3E+03*n (sec)                        (res: 61)
Quadratic: time = 2.9E+04 + 10*n^2 (sec)                        (res: 1.1E+02)
Cubic: time = 3E+04 + 0.03*n^3 (sec)                            (res: 1.3E+02)
Logarithmic: time = 4.1E+03 + 2.4E+04*log(n) (sec)              (res: 1.1E+02)
Linearithmic: time = 2.4E+04 + 4.5E+02*n*log(n) (sec)           (res: 69)
Exponential: time = 7.3E+04 * 1^n (sec)                         (res: 3.9E+02)

   [exponent] free-exponent fit: runtime_ns ~ count_subclass_selectors_in_has ** 0.56
Saved fit model plot to ./results/rq1/20261002-2248-tailored-cssselect_tailored/run1/cssselect_tailored/plots/fitmodel_runtime_ns_vs_count_subclass_selectors_in_has_css_select_5_2_0.png
Plotting 'runtime_ns' vs 'count_signed_integer' for './results/rq1/20261002-2248-tailored-cssselect_tailored/run1/cssselect_tailored/summary.csv-function_name/css_select_5_1_0':
Saved plot to ./results/rq1/20261002-2248-tailored-cssselect_tailored/run1/cssselect_tailored/plots/runtime_ns_vs_count_signed_integer_css_select_5_1_0.png
Plotting 'runtime_ns' vs 'count_signed_integer' for './results/rq1/20261002-2248-tailored-cssselect_tailored/run1/cssselect_tailored/summary.csv-function_name/css_select_5_2_0':
Saved plot to ./results/rq1/20261002-2248-tailored-cssselect_tailored/run1/cssselect_tailored/plots/runtime_ns_vs_count_signed_integer_css_select_5_2_0.png
For './results/rq1/20261002-2248-tailored-cssselect_tailored/run1/cssselect_tailored/summary.csv-function_name/css_select_5_1_0', feature 'count_signed_integer' and metric 'runtime_ns': dropped 211 of 279 rows (censored, non-positive metric, or zero feature).
For './results/rq1/20261002-2248-tailored-cssselect_tailored/run1/cssselect_tailored/summary.csv-function_name/css_select_5_1_0', feature 'count_signed_integer' and metric 'runtime_ns' the best fit is:
Best : Logarithmic: time = 4.5E+04 + 2.4E+05*log(n) (sec)           
Constant: time = 5.3E+04 (sec)                                  (res: 46)
Linear: time = -7.2E+04 + 1.2E+05*n (sec)                       (res: 32)
Quadratic: time = 2.3E+04 + 2.4E+04*n^2 (sec)                   (res: 35)
Cubic: time = 4.2E+04 + 5.6E+03*n^3 (sec)                       (res: 37)
Logarithmic: time = 4.5E+04 + 2.4E+05*log(n) (sec)              (res: 31)
Linearithmic: time = 4.6E+04 + 6.5E+04*n*log(n) (sec)           (res: 34)
Exponential: time = 1.2E+05 * 1.5^n (sec)                       (res: 1.6E+02)

   [near-tie] within 10%: Logarithmic, Linear, Linearithmic -- chosen by the simplicity bias, not the data.
   [exponent] free-exponent fit: runtime_ns ~ count_signed_integer ** 0.82
Saved fit model plot to ./results/rq1/20261002-2248-tailored-cssselect_tailored/run1/cssselect_tailored/plots/fitmodel_runtime_ns_vs_count_signed_integer_css_select_5_1_0.png
For './results/rq1/20261002-2248-tailored-cssselect_tailored/run1/cssselect_tailored/summary.csv-function_name/css_select_5_2_0', feature 'count_signed_integer' and metric 'runtime_ns': dropped 211 of 279 rows (censored, non-positive metric, or zero feature).
For './results/rq1/20261002-2248-tailored-cssselect_tailored/run1/cssselect_tailored/summary.csv-function_name/css_select_5_2_0', feature 'count_signed_integer' and metric 'runtime_ns' the best fit is:
Best : Logarithmic: time = 5.2E+04 + 2.9E+05*log(n) (sec)           
Constant: time = 6E+04 (sec)                                    (res: 47)
Linear: time = -9.1E+04 + 1.4E+05*n (sec)                       (res: 34)
Quadratic: time = 2.4E+04 + 3E+04*n^2 (sec)                     (res: 36)
Cubic: time = 4.8E+04 + 7.1E+03*n^3 (sec)                       (res: 38)
Logarithmic: time = 5.2E+04 + 2.9E+05*log(n) (sec)              (res: 32)
Linearithmic: time = 5.3E+04 + 8E+04*n*log(n) (sec)             (res: 35)
Exponential: time = 1.3E+05 * 1.5^n (sec)                       (res: 1.7E+02)

   [near-tie] within 10%: Logarithmic, Linear, Linearithmic -- chosen by the simplicity bias, not the data.
   [exponent] free-exponent fit: runtime_ns ~ count_signed_integer ** 0.93
Saved fit model plot to ./results/rq1/20261002-2248-tailored-cssselect_tailored/run1/cssselect_tailored/plots/fitmodel_runtime_ns_vs_count_signed_integer_css_select_5_2_0.png
Plotting 'runtime_ns' vs 'count_digits' for './results/rq1/20261002-2248-tailored-cssselect_tailored/run1/cssselect_tailored/summary.csv-function_name/css_select_5_1_0':
Saved plot to ./results/rq1/20261002-2248-tailored-cssselect_tailored/run1/cssselect_tailored/plots/runtime_ns_vs_count_digits_css_select_5_1_0.png
Plotting 'runtime_ns' vs 'count_digits' for './results/rq1/20261002-2248-tailored-cssselect_tailored/run1/cssselect_tailored/summary.csv-function_name/css_select_5_2_0':
Saved plot to ./results/rq1/20261002-2248-tailored-cssselect_tailored/run1/cssselect_tailored/plots/runtime_ns_vs_count_digits_css_select_5_2_0.png
For './results/rq1/20261002-2248-tailored-cssselect_tailored/run1/cssselect_tailored/summary.csv-function_name/css_select_5_1_0', feature 'count_digits' and metric 'runtime_ns': dropped 138 of 279 rows (censored, non-positive metric, or zero feature).
For './results/rq1/20261002-2248-tailored-cssselect_tailored/run1/cssselect_tailored/summary.csv-function_name/css_select_5_1_0', feature 'count_digits' and metric 'runtime_ns' the best fit is:
Best : Linearithmic: time = 2.6E+04 + 7.2E+03*n*log(n) (sec)        
Constant: time = 6.7E+04 (sec)                                  (res: 89)
Linear: time = 5.8E+03 + 1.6E+04*n (sec)                        (res: 78)
Quadratic: time = 4.1E+04 + 1.4E+03*n^2 (sec)                   (res: 69)
Cubic: time = 5.9E+04 + 65*n^3 (sec)                            (res: 74)
Logarithmic: time = 5.2E+04 + 1.3E+04*log(n) (sec)              (res: 89)
Linearithmic: time = 2.6E+04 + 7.2E+03*n*log(n) (sec)           (res: 72)
Exponential: time = 1.6E+05 * 1.1^n (sec)                       (res: 3E+02)

   [near-tie] within 10%: Quadratic, Linearithmic, Cubic -- chosen by the simplicity bias, not the data.
   [exponent] free-exponent fit: runtime_ns ~ count_digits ** 0.37
Saved fit model plot to ./results/rq1/20261002-2248-tailored-cssselect_tailored/run1/cssselect_tailored/plots/fitmodel_runtime_ns_vs_count_digits_css_select_5_1_0.png
For './results/rq1/20261002-2248-tailored-cssselect_tailored/run1/cssselect_tailored/summary.csv-function_name/css_select_5_2_0', feature 'count_digits' and metric 'runtime_ns': dropped 138 of 279 rows (censored, non-positive metric, or zero feature).
For './results/rq1/20261002-2248-tailored-cssselect_tailored/run1/cssselect_tailored/summary.csv-function_name/css_select_5_2_0', feature 'count_digits' and metric 'runtime_ns' the best fit is:
Best : Linearithmic: time = 2.6E+04 + 8.7E+03*n*log(n) (sec)        
Constant: time = 7.4E+04 (sec)                                  (res: 93)
Linear: time = 6.2E+03 + 1.8E+04*n (sec)                        (res: 83)
Quadratic: time = 4E+04 + 1.9E+03*n^2 (sec)                     (res: 72)
Cubic: time = 6.3E+04 + 93*n^3 (sec)                            (res: 77)
Logarithmic: time = 6.3E+04 + 8.5E+03*log(n) (sec)              (res: 93)
Linearithmic: time = 2.6E+04 + 8.7E+03*n*log(n) (sec)           (res: 77)
Exponential: time = 1.9E+05 * 1.1^n (sec)                       (res: 3.6E+02)

   [near-tie] within 10%: Quadratic, Linearithmic, Cubic -- chosen by the simplicity bias, not the data.
   [exponent] free-exponent fit: runtime_ns ~ count_digits ** 0.44
Saved fit model plot to ./results/rq1/20261002-2248-tailored-cssselect_tailored/run1/cssselect_tailored/plots/fitmodel_runtime_ns_vs_count_digits_css_select_5_2_0.png
Plotting 'runtime_ns' vs 'count_an_b_sign' for './results/rq1/20261002-2248-tailored-cssselect_tailored/run1/cssselect_tailored/summary.csv-function_name/css_select_5_1_0':
Saved plot to ./results/rq1/20261002-2248-tailored-cssselect_tailored/run1/cssselect_tailored/plots/runtime_ns_vs_count_an_b_sign_css_select_5_1_0.png
Plotting 'runtime_ns' vs 'count_an_b_sign' for './results/rq1/20261002-2248-tailored-cssselect_tailored/run1/cssselect_tailored/summary.csv-function_name/css_select_5_2_0':
Saved plot to ./results/rq1/20261002-2248-tailored-cssselect_tailored/run1/cssselect_tailored/plots/runtime_ns_vs_count_an_b_sign_css_select_5_2_0.png
For './results/rq1/20261002-2248-tailored-cssselect_tailored/run1/cssselect_tailored/summary.csv-function_name/css_select_5_1_0', feature 'count_an_b_sign' and metric 'runtime_ns': dropped 182 of 279 rows (censored, non-positive metric, or zero feature).
For './results/rq1/20261002-2248-tailored-cssselect_tailored/run1/cssselect_tailored/summary.csv-function_name/css_select_5_1_0', feature 'count_an_b_sign' and metric 'runtime_ns' the best fit is:
Best : Logarithmic: time = 6.6E+04 + 1.9E+05*log(n) (sec)           
Constant: time = 1.1E+05 (sec)                                  (res: 50)
Linear: time = -3.3E+04 + 1E+05*n (sec)                         (res: 26)
Quadratic: time = 5E+04 + 2.3E+04*n^2 (sec)                     (res: 27)
Cubic: time = 7.2E+04 + 6.3E+03*n^3 (sec)                       (res: 30)
Logarithmic: time = 6.6E+04 + 1.9E+05*log(n) (sec)              (res: 24)
Linearithmic: time = 7.1E+04 + 5.9E+04*n*log(n) (sec)           (res: 27)
Exponential: time = 2E+05 * 1.2^n (sec)                         (res: 1E+02)

   [near-tie] within 10%: Logarithmic, Linear -- chosen by the simplicity bias, not the data.
   [exponent] free-exponent fit: runtime_ns ~ count_an_b_sign ** 0.33
Saved fit model plot to ./results/rq1/20261002-2248-tailored-cssselect_tailored/run1/cssselect_tailored/plots/fitmodel_runtime_ns_vs_count_an_b_sign_css_select_5_1_0.png
For './results/rq1/20261002-2248-tailored-cssselect_tailored/run1/cssselect_tailored/summary.csv-function_name/css_select_5_2_0', feature 'count_an_b_sign' and metric 'runtime_ns': dropped 182 of 279 rows (censored, non-positive metric, or zero feature).
For './results/rq1/20261002-2248-tailored-cssselect_tailored/run1/cssselect_tailored/summary.csv-function_name/css_select_5_2_0', feature 'count_an_b_sign' and metric 'runtime_ns' the best fit is:
Best : Logarithmic: time = 6.7E+04 + 2.4E+05*log(n) (sec)           
Constant: time = 1.1E+05 (sec)                                  (res: 58)
Linear: time = -6.1E+04 + 1.3E+05*n (sec)                       (res: 30)
Quadratic: time = 4.2E+04 + 3.1E+04*n^2 (sec)                   (res: 32)
Cubic: time = 6.9E+04 + 8.4E+03*n^3 (sec)                       (res: 34)
Logarithmic: time = 6.7E+04 + 2.4E+05*log(n) (sec)              (res: 29)
Linearithmic: time = 7.1E+04 + 7.7E+04*n*log(n) (sec)           (res: 31)
Exponential: time = 2.4E+05 * 1.2^n (sec)                       (res: 1.5E+02)

   [near-tie] within 10%: Logarithmic, Linear, Linearithmic -- chosen by the simplicity bias, not the data.
   [exponent] free-exponent fit: runtime_ns ~ count_an_b_sign ** 0.41
Saved fit model plot to ./results/rq1/20261002-2248-tailored-cssselect_tailored/run1/cssselect_tailored/plots/fitmodel_runtime_ns_vs_count_an_b_sign_css_select_5_2_0.png
Plotting 'runtime_ns' vs 'count_an_a' for './results/rq1/20261002-2248-tailored-cssselect_tailored/run1/cssselect_tailored/summary.csv-function_name/css_select_5_1_0':
Saved plot to ./results/rq1/20261002-2248-tailored-cssselect_tailored/run1/cssselect_tailored/plots/runtime_ns_vs_count_an_a_css_select_5_1_0.png
Plotting 'runtime_ns' vs 'count_an_a' for './results/rq1/20261002-2248-tailored-cssselect_tailored/run1/cssselect_tailored/summary.csv-function_name/css_select_5_2_0':
Saved plot to ./results/rq1/20261002-2248-tailored-cssselect_tailored/run1/cssselect_tailored/plots/runtime_ns_vs_count_an_a_css_select_5_2_0.png
For './results/rq1/20261002-2248-tailored-cssselect_tailored/run1/cssselect_tailored/summary.csv-function_name/css_select_5_1_0', feature 'count_an_a' and metric 'runtime_ns': dropped 140 of 279 rows (censored, non-positive metric, or zero feature).
For './results/rq1/20261002-2248-tailored-cssselect_tailored/run1/cssselect_tailored/summary.csv-function_name/css_select_5_1_0', feature 'count_an_a' and metric 'runtime_ns' the best fit is:
Best : Logarithmic: time = 6.3E+04 + 1.4E+05*log(n) (sec)           
Constant: time = 9.8E+04 (sec)                                  (res: 64)
Linear: time = 8.6E+03 + 5.9E+04*n (sec)                        (res: 25)
Quadratic: time = 6.8E+04 + 8.2E+03*n^2 (sec)                   (res: 31)
Cubic: time = 8.2E+04 + 1.1E+03*n^3 (sec)                       (res: 38)
Logarithmic: time = 6.3E+04 + 1.4E+05*log(n) (sec)              (res: 25)
Linearithmic: time = 7.2E+04 + 2.8E+04*n*log(n) (sec)           (res: 28)
Exponential: time = 1.4E+05 * 1.2^n (sec)                       (res: 80)

   [near-tie] within 10%: Logarithmic, Linear -- chosen by the simplicity bias, not the data.
   [exponent] free-exponent fit: runtime_ns ~ count_an_a ** 0.51
Saved fit model plot to ./results/rq1/20261002-2248-tailored-cssselect_tailored/run1/cssselect_tailored/plots/fitmodel_runtime_ns_vs_count_an_a_css_select_5_1_0.png
For './results/rq1/20261002-2248-tailored-cssselect_tailored/run1/cssselect_tailored/summary.csv-function_name/css_select_5_2_0', feature 'count_an_a' and metric 'runtime_ns': dropped 140 of 279 rows (censored, non-positive metric, or zero feature).
For './results/rq1/20261002-2248-tailored-cssselect_tailored/run1/cssselect_tailored/summary.csv-function_name/css_select_5_2_0', feature 'count_an_a' and metric 'runtime_ns' the best fit is:
Best : Logarithmic: time = 6.5E+04 + 1.9E+05*log(n) (sec)           
Constant: time = 1E+05 (sec)                                    (res: 73)
Linear: time = -1.2E+04 + 8.2E+04*n (sec)                       (res: 28)
Quadratic: time = 6.7E+04 + 1.2E+04*n^2 (sec)                   (res: 33)
Cubic: time = 8.5E+04 + 1.6E+03*n^3 (sec)                       (res: 42)
Logarithmic: time = 6.5E+04 + 1.9E+05*log(n) (sec)              (res: 29)
Linearithmic: time = 7.4E+04 + 3.9E+04*n*log(n) (sec)           (res: 30)
Exponential: time = 1.5E+05 * 1.2^n (sec)                       (res: 1E+02)

   [near-tie] within 10%: Linear, Logarithmic, Linearithmic -- chosen by the simplicity bias, not the data.
   [exponent] free-exponent fit: runtime_ns ~ count_an_a ** 0.60
Saved fit model plot to ./results/rq1/20261002-2248-tailored-cssselect_tailored/run1/cssselect_tailored/plots/fitmodel_runtime_ns_vs_count_an_a_css_select_5_2_0.png
Plotting 'runtime_ns' vs 'count_sign' for './results/rq1/20261002-2248-tailored-cssselect_tailored/run1/cssselect_tailored/summary.csv-function_name/css_select_5_1_0':
Saved plot to ./results/rq1/20261002-2248-tailored-cssselect_tailored/run1/cssselect_tailored/plots/runtime_ns_vs_count_sign_css_select_5_1_0.png
Plotting 'runtime_ns' vs 'count_sign' for './results/rq1/20261002-2248-tailored-cssselect_tailored/run1/cssselect_tailored/summary.csv-function_name/css_select_5_2_0':
Saved plot to ./results/rq1/20261002-2248-tailored-cssselect_tailored/run1/cssselect_tailored/plots/runtime_ns_vs_count_sign_css_select_5_2_0.png
For './results/rq1/20261002-2248-tailored-cssselect_tailored/run1/cssselect_tailored/summary.csv-function_name/css_select_5_1_0', feature 'count_sign' and metric 'runtime_ns': dropped 152 of 279 rows (censored, non-positive metric, or zero feature).
For './results/rq1/20261002-2248-tailored-cssselect_tailored/run1/cssselect_tailored/summary.csv-function_name/css_select_5_1_0', feature 'count_sign' and metric 'runtime_ns' the best fit is:
Best : Logarithmic: time = 4.5E+04 + 1.9E+05*log(n) (sec)           
Constant: time = 6.6E+04 (sec)                                  (res: 78)
Linear: time = -4.3E+04 + 9E+04*n (sec)                         (res: 37)
Quadratic: time = 3.7E+04 + 1.5E+04*n^2 (sec)                   (res: 44)
Cubic: time = 5.4E+04 + 2.6E+03*n^3 (sec)                       (res: 52)
Logarithmic: time = 4.5E+04 + 1.9E+05*log(n) (sec)              (res: 36)
Linearithmic: time = 5E+04 + 4.6E+04*n*log(n) (sec)             (res: 40)
Exponential: time = 1.3E+05 * 1.2^n (sec)                       (res: 1.9E+02)

   [near-tie] within 10%: Logarithmic, Linear -- chosen by the simplicity bias, not the data.
   [exponent] free-exponent fit: runtime_ns ~ count_sign ** 0.55
Saved fit model plot to ./results/rq1/20261002-2248-tailored-cssselect_tailored/run1/cssselect_tailored/plots/fitmodel_runtime_ns_vs_count_sign_css_select_5_1_0.png
For './results/rq1/20261002-2248-tailored-cssselect_tailored/run1/cssselect_tailored/summary.csv-function_name/css_select_5_2_0', feature 'count_sign' and metric 'runtime_ns': dropped 152 of 279 rows (censored, non-positive metric, or zero feature).
For './results/rq1/20261002-2248-tailored-cssselect_tailored/run1/cssselect_tailored/summary.csv-function_name/css_select_5_2_0', feature 'count_sign' and metric 'runtime_ns' the best fit is:
Best : Logarithmic: time = 4.9E+04 + 2.3E+05*log(n) (sec)           
Constant: time = 7.2E+04 (sec)                                  (res: 81)
Linear: time = -6.6E+04 + 1.2E+05*n (sec)                       (res: 39)
Quadratic: time = 3.6E+04 + 2.1E+04*n^2 (sec)                   (res: 45)
Cubic: time = 5.9E+04 + 3.6E+03*n^3 (sec)                       (res: 53)
Logarithmic: time = 4.9E+04 + 2.3E+05*log(n) (sec)              (res: 39)
Linearithmic: time = 5.5E+04 + 6.2E+04*n*log(n) (sec)           (res: 41)
Exponential: time = 1.5E+05 * 1.3^n (sec)                       (res: 2.1E+02)

   [near-tie] within 10%: Linear, Logarithmic, Linearithmic -- chosen by the simplicity bias, not the data.
   [exponent] free-exponent fit: runtime_ns ~ count_sign ** 0.65
Saved fit model plot to ./results/rq1/20261002-2248-tailored-cssselect_tailored/run1/cssselect_tailored/plots/fitmodel_runtime_ns_vs_count_sign_css_select_5_2_0.png
Plotting 'runtime_ns' vs 'count_pseudo_class_selector_in_has' for './results/rq1/20261002-2248-tailored-cssselect_tailored/run1/cssselect_tailored/summary.csv-function_name/css_select_5_1_0':
Saved plot to ./results/rq1/20261002-2248-tailored-cssselect_tailored/run1/cssselect_tailored/plots/runtime_ns_vs_count_pseudo_class_selector_in_has_css_select_5_1_0.png
Plotting 'runtime_ns' vs 'count_pseudo_class_selector_in_has' for './results/rq1/20261002-2248-tailored-cssselect_tailored/run1/cssselect_tailored/summary.csv-function_name/css_select_5_2_0':
Saved plot to ./results/rq1/20261002-2248-tailored-cssselect_tailored/run1/cssselect_tailored/plots/runtime_ns_vs_count_pseudo_class_selector_in_has_css_select_5_2_0.png
For './results/rq1/20261002-2248-tailored-cssselect_tailored/run1/cssselect_tailored/summary.csv-function_name/css_select_5_1_0', feature 'count_pseudo_class_selector_in_has' and metric 'runtime_ns': dropped 57 of 279 rows (censored, non-positive metric, or zero feature).
For './results/rq1/20261002-2248-tailored-cssselect_tailored/run1/cssselect_tailored/summary.csv-function_name/css_select_5_1_0', feature 'count_pseudo_class_selector_in_has' and metric 'runtime_ns' the best fit is:
Best : Linear: time = 2E+04 + 6.2E+03*n (sec)                       
Constant: time = 3.9E+04 (sec)                                  (res: 1.4E+02)
Linear: time = 2E+04 + 6.2E+03*n (sec)                          (res: 52)
Quadratic: time = 3.4E+04 + 91*n^2 (sec)                        (res: 86)
Cubic: time = 3.7E+04 + 0.87*n^3 (sec)                          (res: 1.1E+02)
Logarithmic: time = 1.5E+04 + 4.5E+04*log(n) (sec)              (res: 63)
Linearithmic: time = 3E+04 + 1.6E+03*n*log(n) (sec)             (res: 60)
Exponential: time = 9.4E+04 * 1^n (sec)                         (res: 2.9E+02)

   [exponent] free-exponent fit: runtime_ns ~ count_pseudo_class_selector_in_has ** 0.47
Saved fit model plot to ./results/rq1/20261002-2248-tailored-cssselect_tailored/run1/cssselect_tailored/plots/fitmodel_runtime_ns_vs_count_pseudo_class_selector_in_has_css_select_5_1_0.png
For './results/rq1/20261002-2248-tailored-cssselect_tailored/run1/cssselect_tailored/summary.csv-function_name/css_select_5_2_0', feature 'count_pseudo_class_selector_in_has' and metric 'runtime_ns': dropped 57 of 279 rows (censored, non-positive metric, or zero feature).
For './results/rq1/20261002-2248-tailored-cssselect_tailored/run1/cssselect_tailored/summary.csv-function_name/css_select_5_2_0', feature 'count_pseudo_class_selector_in_has' and metric 'runtime_ns' the best fit is:
Best : Linear: time = 2.2E+04 + 7.7E+03*n (sec)                     
Constant: time = 4.5E+04 (sec)                                  (res: 1.4E+02)
Linear: time = 2.2E+04 + 7.7E+03*n (sec)                        (res: 55)
Quadratic: time = 4E+04 + 1.2E+02*n^2 (sec)                     (res: 85)
Cubic: time = 4.3E+04 + 1.2*n^3 (sec)                           (res: 1.1E+02)
Logarithmic: time = 1.8E+04 + 5E+04*log(n) (sec)                (res: 71)
Linearithmic: time = 3.4E+04 + 2E+03*n*log(n) (sec)             (res: 61)
Exponential: time = 1E+05 * 1^n (sec)                           (res: 2.8E+02)

   [exponent] free-exponent fit: runtime_ns ~ count_pseudo_class_selector_in_has ** 0.53
Saved fit model plot to ./results/rq1/20261002-2248-tailored-cssselect_tailored/run1/cssselect_tailored/plots/fitmodel_runtime_ns_vs_count_pseudo_class_selector_in_has_css_select_5_2_0.png
Plotting 'runtime_ns' vs 'count_pseudo_class_function_in_has' for './results/rq1/20261002-2248-tailored-cssselect_tailored/run1/cssselect_tailored/summary.csv-function_name/css_select_5_1_0':
Saved plot to ./results/rq1/20261002-2248-tailored-cssselect_tailored/run1/cssselect_tailored/plots/runtime_ns_vs_count_pseudo_class_function_in_has_css_select_5_1_0.png
Plotting 'runtime_ns' vs 'count_pseudo_class_function_in_has' for './results/rq1/20261002-2248-tailored-cssselect_tailored/run1/cssselect_tailored/summary.csv-function_name/css_select_5_2_0':
Saved plot to ./results/rq1/20261002-2248-tailored-cssselect_tailored/run1/cssselect_tailored/plots/runtime_ns_vs_count_pseudo_class_function_in_has_css_select_5_2_0.png
For './results/rq1/20261002-2248-tailored-cssselect_tailored/run1/cssselect_tailored/summary.csv-function_name/css_select_5_1_0', feature 'count_pseudo_class_function_in_has' and metric 'runtime_ns': dropped 80 of 279 rows (censored, non-positive metric, or zero feature).
For './results/rq1/20261002-2248-tailored-cssselect_tailored/run1/cssselect_tailored/summary.csv-function_name/css_select_5_1_0', feature 'count_pseudo_class_function_in_has' and metric 'runtime_ns' the best fit is:
Best : Linear: time = 3E+04 + 1E+04*n (sec)                         
Constant: time = 6.2E+04 (sec)                                  (res: 1.1E+02)
Linear: time = 3E+04 + 1E+04*n (sec)                            (res: 44)
Quadratic: time = 5.4E+04 + 2.5E+02*n^2 (sec)                   (res: 68)
Cubic: time = 5.9E+04 + 3.8*n^3 (sec)                           (res: 86)
Logarithmic: time = 2.5E+04 + 5.8E+04*log(n) (sec)              (res: 51)
Linearithmic: time = 4.6E+04 + 2.9E+03*n*log(n) (sec)           (res: 49)
Exponential: time = 1.1E+05 * 1^n (sec)                         (res: 1.6E+02)

   [exponent] free-exponent fit: runtime_ns ~ count_pseudo_class_function_in_has ** 0.48
Saved fit model plot to ./results/rq1/20261002-2248-tailored-cssselect_tailored/run1/cssselect_tailored/plots/fitmodel_runtime_ns_vs_count_pseudo_class_function_in_has_css_select_5_1_0.png
For './results/rq1/20261002-2248-tailored-cssselect_tailored/run1/cssselect_tailored/summary.csv-function_name/css_select_5_2_0', feature 'count_pseudo_class_function_in_has' and metric 'runtime_ns': dropped 80 of 279 rows (censored, non-positive metric, or zero feature).
For './results/rq1/20261002-2248-tailored-cssselect_tailored/run1/cssselect_tailored/summary.csv-function_name/css_select_5_2_0', feature 'count_pseudo_class_function_in_has' and metric 'runtime_ns' the best fit is:
Best : Linear: time = 3.1E+04 + 1.3E+04*n (sec)                     
Constant: time = 6.9E+04 (sec)                                  (res: 1.1E+02)
Linear: time = 3.1E+04 + 1.3E+04*n (sec)                        (res: 47)
Quadratic: time = 6E+04 + 3.3E+02*n^2 (sec)                     (res: 69)
Cubic: time = 6.6E+04 + 5.3*n^3 (sec)                           (res: 88)
Logarithmic: time = 2.9E+04 + 6.6E+04*log(n) (sec)              (res: 58)
Linearithmic: time = 5.1E+04 + 3.8E+03*n*log(n) (sec)           (res: 51)
Exponential: time = 1.2E+05 * 1^n (sec)                         (res: 1.7E+02)

   [near-tie] within 10%: Linear, Linearithmic -- chosen by the simplicity bias, not the data.
   [exponent] free-exponent fit: runtime_ns ~ count_pseudo_class_function_in_has ** 0.55
Saved fit model plot to ./results/rq1/20261002-2248-tailored-cssselect_tailored/run1/cssselect_tailored/plots/fitmodel_runtime_ns_vs_count_pseudo_class_function_in_has_css_select_5_2_0.png
Plotting 'runtime_ns' vs 'count_complex_selector_list_in_has' for './results/rq1/20261002-2248-tailored-cssselect_tailored/run1/cssselect_tailored/summary.csv-function_name/css_select_5_1_0':
Saved plot to ./results/rq1/20261002-2248-tailored-cssselect_tailored/run1/cssselect_tailored/plots/runtime_ns_vs_count_complex_selector_list_in_has_css_select_5_1_0.png
Plotting 'runtime_ns' vs 'count_complex_selector_list_in_has' for './results/rq1/20261002-2248-tailored-cssselect_tailored/run1/cssselect_tailored/summary.csv-function_name/css_select_5_2_0':
Saved plot to ./results/rq1/20261002-2248-tailored-cssselect_tailored/run1/cssselect_tailored/plots/runtime_ns_vs_count_complex_selector_list_in_has_css_select_5_2_0.png
For './results/rq1/20261002-2248-tailored-cssselect_tailored/run1/cssselect_tailored/summary.csv-function_name/css_select_5_1_0', feature 'count_complex_selector_list_in_has' and metric 'runtime_ns': dropped 92 of 279 rows (censored, non-positive metric, or zero feature).
For './results/rq1/20261002-2248-tailored-cssselect_tailored/run1/cssselect_tailored/summary.csv-function_name/css_select_5_1_0', feature 'count_complex_selector_list_in_has' and metric 'runtime_ns' the best fit is:
Best : Linear: time = 6E+04 + 4.6E+03*n (sec)                       
Constant: time = 9.2E+04 (sec)                                  (res: 76)
Linear: time = 6E+04 + 4.6E+03*n (sec)                          (res: 41)
Quadratic: time = 8.2E+04 + 58*n^2 (sec)                        (res: 53)
Cubic: time = 8.7E+04 + 0.56*n^3 (sec)                          (res: 62)
Logarithmic: time = 3.5E+04 + 4.4E+04*log(n) (sec)              (res: 50)
Linearithmic: time = 7.2E+04 + 1.1E+03*n*log(n) (sec)           (res: 44)
Exponential: time = 1.3E+05 * 1^n (sec)                         (res: 99)

   [near-tie] within 10%: Linear, Linearithmic -- chosen by the simplicity bias, not the data.
   [exponent] free-exponent fit: runtime_ns ~ count_complex_selector_list_in_has ** 0.39
Saved fit model plot to ./results/rq1/20261002-2248-tailored-cssselect_tailored/run1/cssselect_tailored/plots/fitmodel_runtime_ns_vs_count_complex_selector_list_in_has_css_select_5_1_0.png
For './results/rq1/20261002-2248-tailored-cssselect_tailored/run1/cssselect_tailored/summary.csv-function_name/css_select_5_2_0', feature 'count_complex_selector_list_in_has' and metric 'runtime_ns': dropped 92 of 279 rows (censored, non-positive metric, or zero feature).
For './results/rq1/20261002-2248-tailored-cssselect_tailored/run1/cssselect_tailored/summary.csv-function_name/css_select_5_2_0', feature 'count_complex_selector_list_in_has' and metric 'runtime_ns' the best fit is:
Best : Linear: time = 6.7E+04 + 5.7E+03*n (sec)                     
Constant: time = 1E+05 (sec)                                    (res: 81)
Linear: time = 6.7E+04 + 5.7E+03*n (sec)                        (res: 47)
Quadratic: time = 9.2E+04 + 76*n^2 (sec)                        (res: 57)
Cubic: time = 9.8E+04 + 0.77*n^3 (sec)                          (res: 66)
Logarithmic: time = 4.1E+04 + 4.9E+04*log(n) (sec)              (res: 57)
Linearithmic: time = 8.1E+04 + 1.4E+03*n*log(n) (sec)           (res: 49)
Exponential: time = 1.5E+05 * 1^n (sec)                         (res: 1.2E+02)

   [near-tie] within 10%: Linear, Linearithmic -- chosen by the simplicity bias, not the data.
   [exponent] free-exponent fit: runtime_ns ~ count_complex_selector_list_in_has ** 0.45
Saved fit model plot to ./results/rq1/20261002-2248-tailored-cssselect_tailored/run1/cssselect_tailored/plots/fitmodel_runtime_ns_vs_count_complex_selector_list_in_has_css_select_5_2_0.png
Plotting 'runtime_ns' vs 'count_more_complex_selector_in_has' for './results/rq1/20261002-2248-tailored-cssselect_tailored/run1/cssselect_tailored/summary.csv-function_name/css_select_5_1_0':
Saved plot to ./results/rq1/20261002-2248-tailored-cssselect_tailored/run1/cssselect_tailored/plots/runtime_ns_vs_count_more_complex_selector_in_has_css_select_5_1_0.png
Plotting 'runtime_ns' vs 'count_more_complex_selector_in_has' for './results/rq1/20261002-2248-tailored-cssselect_tailored/run1/cssselect_tailored/summary.csv-function_name/css_select_5_2_0':
Saved plot to ./results/rq1/20261002-2248-tailored-cssselect_tailored/run1/cssselect_tailored/plots/runtime_ns_vs_count_more_complex_selector_in_has_css_select_5_2_0.png
For './results/rq1/20261002-2248-tailored-cssselect_tailored/run1/cssselect_tailored/summary.csv-function_name/css_select_5_1_0', feature 'count_more_complex_selector_in_has' and metric 'runtime_ns': dropped 127 of 279 rows (censored, non-positive metric, or zero feature).
For './results/rq1/20261002-2248-tailored-cssselect_tailored/run1/cssselect_tailored/summary.csv-function_name/css_select_5_1_0', feature 'count_more_complex_selector_in_has' and metric 'runtime_ns' the best fit is:
Best : Linear: time = 6.3E+04 + 7.5E+03*n (sec)                     
Constant: time = 1E+05 (sec)                                    (res: 64)
Linear: time = 6.3E+04 + 7.5E+03*n (sec)                        (res: 36)
Quadratic: time = 8.9E+04 + 1.6E+02*n^2 (sec)                   (res: 46)
Cubic: time = 9.6E+04 + 2.8*n^3 (sec)                           (res: 52)
Logarithmic: time = 5E+04 + 5.1E+04*log(n) (sec)                (res: 40)
Linearithmic: time = 7.9E+04 + 2E+03*n*log(n) (sec)             (res: 39)
Exponential: time = 1.5E+05 * 1^n (sec)                         (res: 88)

   [near-tie] within 10%: Linear, Linearithmic -- chosen by the simplicity bias, not the data.
   [exponent] free-exponent fit: runtime_ns ~ count_more_complex_selector_in_has ** 0.41
Saved fit model plot to ./results/rq1/20261002-2248-tailored-cssselect_tailored/run1/cssselect_tailored/plots/fitmodel_runtime_ns_vs_count_more_complex_selector_in_has_css_select_5_1_0.png
For './results/rq1/20261002-2248-tailored-cssselect_tailored/run1/cssselect_tailored/summary.csv-function_name/css_select_5_2_0', feature 'count_more_complex_selector_in_has' and metric 'runtime_ns': dropped 127 of 279 rows (censored, non-positive metric, or zero feature).
For './results/rq1/20261002-2248-tailored-cssselect_tailored/run1/cssselect_tailored/summary.csv-function_name/css_select_5_2_0', feature 'count_more_complex_selector_in_has' and metric 'runtime_ns' the best fit is:
Best : Linear: time = 6.8E+04 + 9.1E+03*n (sec)                     
Constant: time = 1.1E+05 (sec)                                  (res: 71)
Linear: time = 6.8E+04 + 9.1E+03*n (sec)                        (res: 43)
Quadratic: time = 9.7E+04 + 2E+02*n^2 (sec)                     (res: 51)
Cubic: time = 1E+05 + 3.8*n^3 (sec)                             (res: 57)
Logarithmic: time = 5.5E+04 + 5.9E+04*log(n) (sec)              (res: 48)
Linearithmic: time = 8.6E+04 + 2.4E+03*n*log(n) (sec)           (res: 45)
Exponential: time = 1.7E+05 * 1^n (sec)                         (res: 1.1E+02)

   [near-tie] within 10%: Linear, Linearithmic -- chosen by the simplicity bias, not the data.
   [exponent] free-exponent fit: runtime_ns ~ count_more_complex_selector_in_has ** 0.47
Saved fit model plot to ./results/rq1/20261002-2248-tailored-cssselect_tailored/run1/cssselect_tailored/plots/fitmodel_runtime_ns_vs_count_more_complex_selector_in_has_css_select_5_2_0.png
Plotting 'runtime_ns' vs 'count_node' for './results/rq1/20261002-2248-tailored-cssselect_tailored/run1/cssselect_tailored/summary.csv-function_name/css_select_5_1_0':
Saved plot to ./results/rq1/20261002-2248-tailored-cssselect_tailored/run1/cssselect_tailored/plots/runtime_ns_vs_count_node_css_select_5_1_0.png
Plotting 'runtime_ns' vs 'count_node' for './results/rq1/20261002-2248-tailored-cssselect_tailored/run1/cssselect_tailored/summary.csv-function_name/css_select_5_2_0':
Saved plot to ./results/rq1/20261002-2248-tailored-cssselect_tailored/run1/cssselect_tailored/plots/runtime_ns_vs_count_node_css_select_5_2_0.png
For './results/rq1/20261002-2248-tailored-cssselect_tailored/run1/cssselect_tailored/summary.csv-function_name/css_select_5_1_0', feature 'count_node' and metric 'runtime_ns' the best fit is:
Best : Constant: time = 2.8E+04 (sec)                               
Constant: time = 2.8E+04 (sec)                                  (res: 1.7E+02)
Linear: time = 3.4E+04 + -1.2E+03*n (sec)                       (res: 1.7E+02)
Quadratic: time = 3.1E+04 + -65*n^2 (sec)                       (res: 1.7E+02)
Cubic: time = 2.9E+04 + -2.9*n^3 (sec)                          (res: 1.7E+02)
Logarithmic: time = 3.6E+04 + -6.5E+03*log(n) (sec)             (res: 1.6E+02)
Linearithmic: time = 3.2E+04 + -3.9E+02*n*log(n) (sec)          (res: 1.7E+02)
Exponential: time = 1.5E+05 * 0.95^n (sec)                      (res: 1.4E+03)

   [near-tie] within 10%: Logarithmic, Linear, Linearithmic, Quadratic, Cubic, Constant -- chosen by the simplicity bias, not the data.
   [exponent] free-exponent fit: runtime_ns ~ count_node ** -0.30
Saved fit model plot to ./results/rq1/20261002-2248-tailored-cssselect_tailored/run1/cssselect_tailored/plots/fitmodel_runtime_ns_vs_count_node_css_select_5_1_0.png
For './results/rq1/20261002-2248-tailored-cssselect_tailored/run1/cssselect_tailored/summary.csv-function_name/css_select_5_2_0', feature 'count_node' and metric 'runtime_ns' the best fit is:
Best : Constant: time = 3.1E+04 (sec)                               
Constant: time = 3.1E+04 (sec)                                  (res: 1.7E+02)
Linear: time = 3.7E+04 + -1.3E+03*n (sec)                       (res: 1.7E+02)
Quadratic: time = 3.4E+04 + -72*n^2 (sec)                       (res: 1.7E+02)
Cubic: time = 3.2E+04 + -3.2*n^3 (sec)                          (res: 1.7E+02)
Logarithmic: time = 3.9E+04 + -6.5E+03*log(n) (sec)             (res: 1.7E+02)
Linearithmic: time = 3.5E+04 + -4.4E+02*n*log(n) (sec)          (res: 1.7E+02)
Exponential: time = 1.8E+05 * 0.93^n (sec)                      (res: 1.5E+03)

   [near-tie] within 10%: Logarithmic, Linear, Linearithmic, Quadratic, Cubic, Constant -- chosen by the simplicity bias, not the data.
   [exponent] free-exponent fit: runtime_ns ~ count_node ** -0.37
Saved fit model plot to ./results/rq1/20261002-2248-tailored-cssselect_tailored/run1/cssselect_tailored/plots/fitmodel_runtime_ns_vs_count_node_css_select_5_2_0.png
Plotting 'runtime_ns' vs 'count_section' for './results/rq1/20261002-2248-tailored-cssselect_tailored/run1/cssselect_tailored/summary.csv-function_name/css_select_5_1_0':
Saved plot to ./results/rq1/20261002-2248-tailored-cssselect_tailored/run1/cssselect_tailored/plots/runtime_ns_vs_count_section_css_select_5_1_0.png
Plotting 'runtime_ns' vs 'count_section' for './results/rq1/20261002-2248-tailored-cssselect_tailored/run1/cssselect_tailored/summary.csv-function_name/css_select_5_2_0':
Saved plot to ./results/rq1/20261002-2248-tailored-cssselect_tailored/run1/cssselect_tailored/plots/runtime_ns_vs_count_section_css_select_5_2_0.png
For './results/rq1/20261002-2248-tailored-cssselect_tailored/run1/cssselect_tailored/summary.csv-function_name/css_select_5_1_0', feature 'count_section' and metric 'runtime_ns': dropped 123 of 279 rows (censored, non-positive metric, or zero feature).
For './results/rq1/20261002-2248-tailored-cssselect_tailored/run1/cssselect_tailored/summary.csv-function_name/css_select_5_1_0', feature 'count_section' and metric 'runtime_ns' the best fit is:
Best : Constant: time = 2.5E+04 (sec)                               
Constant: time = 2.5E+04 (sec)                                  (res: 87)
Linear: time = 2.8E+04 + -5.9E+02*n (sec)                       (res: 86)
Quadratic: time = 2.6E+04 + -34*n^2 (sec)                       (res: 86)
Cubic: time = 2.5E+04 + -1*n^3 (sec)                            (res: 87)
Logarithmic: time = 2.7E+04 + -2.2E+03*log(n) (sec)             (res: 86)
Linearithmic: time = 2.7E+04 + -2.1E+02*n*log(n) (sec)          (res: 86)
Exponential: time = 8.9E+04 * 1^n (sec)                         (res: 6.5E+02)

   [near-tie] within 10%: Linear, Linearithmic, Logarithmic, Quadratic, Cubic, Constant -- chosen by the simplicity bias, not the data.
   [exponent] free-exponent fit: runtime_ns ~ count_section ** 0.07
Saved fit model plot to ./results/rq1/20261002-2248-tailored-cssselect_tailored/run1/cssselect_tailored/plots/fitmodel_runtime_ns_vs_count_section_css_select_5_1_0.png
For './results/rq1/20261002-2248-tailored-cssselect_tailored/run1/cssselect_tailored/summary.csv-function_name/css_select_5_2_0', feature 'count_section' and metric 'runtime_ns': dropped 123 of 279 rows (censored, non-positive metric, or zero feature).
For './results/rq1/20261002-2248-tailored-cssselect_tailored/run1/cssselect_tailored/summary.csv-function_name/css_select_5_2_0', feature 'count_section' and metric 'runtime_ns' the best fit is:
Best : Constant: time = 2.7E+04 (sec)                               
Constant: time = 2.7E+04 (sec)                                  (res: 87)
Linear: time = 3.1E+04 + -6.9E+02*n (sec)                       (res: 86)
Quadratic: time = 2.9E+04 + -42*n^2 (sec)                       (res: 86)
Cubic: time = 2.8E+04 + -1.5*n^3 (sec)                          (res: 86)
Logarithmic: time = 3E+04 + -2.3E+03*log(n) (sec)               (res: 86)
Linearithmic: time = 3E+04 + -2.5E+02*n*log(n) (sec)            (res: 86)
Exponential: time = 1E+05 * 1^n (sec)                           (res: 6.4E+02)

   [near-tie] within 10%: Linearithmic, Linear, Quadratic, Logarithmic, Cubic, Constant -- chosen by the simplicity bias, not the data.
   [exponent] free-exponent fit: runtime_ns ~ count_section ** 0.05
Saved fit model plot to ./results/rq1/20261002-2248-tailored-cssselect_tailored/run1/cssselect_tailored/plots/fitmodel_runtime_ns_vs_count_section_css_select_5_2_0.png
Plotting 'runtime_ns' vs 'count_flow_content' for './results/rq1/20261002-2248-tailored-cssselect_tailored/run1/cssselect_tailored/summary.csv-function_name/css_select_5_1_0':
Saved plot to ./results/rq1/20261002-2248-tailored-cssselect_tailored/run1/cssselect_tailored/plots/runtime_ns_vs_count_flow_content_css_select_5_1_0.png
Plotting 'runtime_ns' vs 'count_flow_content' for './results/rq1/20261002-2248-tailored-cssselect_tailored/run1/cssselect_tailored/summary.csv-function_name/css_select_5_2_0':
Saved plot to ./results/rq1/20261002-2248-tailored-cssselect_tailored/run1/cssselect_tailored/plots/runtime_ns_vs_count_flow_content_css_select_5_2_0.png
For './results/rq1/20261002-2248-tailored-cssselect_tailored/run1/cssselect_tailored/summary.csv-function_name/css_select_5_1_0', feature 'count_flow_content' and metric 'runtime_ns': dropped 156 of 279 rows (censored, non-positive metric, or zero feature).
For './results/rq1/20261002-2248-tailored-cssselect_tailored/run1/cssselect_tailored/summary.csv-function_name/css_select_5_1_0', feature 'count_flow_content' and metric 'runtime_ns' the best fit is:
Best : Constant: time = 2.5E+04 (sec)                               
Constant: time = 2.5E+04 (sec)                                  (res: 71)
Linear: time = 3E+04 + -1E+03*n (sec)                           (res: 69)
Quadratic: time = 2.8E+04 + -62*n^2 (sec)                       (res: 70)
Cubic: time = 2.6E+04 + -2.5*n^3 (sec)                          (res: 71)
Logarithmic: time = 2.9E+04 + -4.1E+03*log(n) (sec)             (res: 70)
Linearithmic: time = 2.8E+04 + -3.7E+02*n*log(n) (sec)          (res: 69)
Exponential: time = 9.8E+04 * 1^n (sec)                         (res: 5.1E+02)

   [near-tie] within 10%: Linear, Linearithmic, Logarithmic, Quadratic, Cubic, Constant -- chosen by the simplicity bias, not the data.
   [exponent] free-exponent fit: runtime_ns ~ count_flow_content ** 0.03
Saved fit model plot to ./results/rq1/20261002-2248-tailored-cssselect_tailored/run1/cssselect_tailored/plots/fitmodel_runtime_ns_vs_count_flow_content_css_select_5_1_0.png
For './results/rq1/20261002-2248-tailored-cssselect_tailored/run1/cssselect_tailored/summary.csv-function_name/css_select_5_2_0', feature 'count_flow_content' and metric 'runtime_ns': dropped 156 of 279 rows (censored, non-positive metric, or zero feature).
For './results/rq1/20261002-2248-tailored-cssselect_tailored/run1/cssselect_tailored/summary.csv-function_name/css_select_5_2_0', feature 'count_flow_content' and metric 'runtime_ns' the best fit is:
Best : Constant: time = 2.8E+04 (sec)                               
Constant: time = 2.8E+04 (sec)                                  (res: 71)
Linear: time = 3.3E+04 + -1.2E+03*n (sec)                       (res: 69)
Quadratic: time = 3.1E+04 + -72*n^2 (sec)                       (res: 69)
Cubic: time = 2.9E+04 + -3*n^3 (sec)                            (res: 71)
Logarithmic: time = 3.2E+04 + -4.9E+03*log(n) (sec)             (res: 69)
Linearithmic: time = 3.2E+04 + -4.3E+02*n*log(n) (sec)          (res: 69)
Exponential: time = 1.1E+05 * 0.99^n (sec)                      (res: 4.9E+02)

   [near-tie] within 10%: Linear, Linearithmic, Logarithmic, Quadratic, Cubic, Constant -- chosen by the simplicity bias, not the data.
   [exponent] free-exponent fit: runtime_ns ~ count_flow_content ** -0.01
Saved fit model plot to ./results/rq1/20261002-2248-tailored-cssselect_tailored/run1/cssselect_tailored/plots/fitmodel_runtime_ns_vs_count_flow_content_css_select_5_2_0.png
Plotting 'runtime_ns' vs 'count_text_run' for './results/rq1/20261002-2248-tailored-cssselect_tailored/run1/cssselect_tailored/summary.csv-function_name/css_select_5_1_0':
Saved plot to ./results/rq1/20261002-2248-tailored-cssselect_tailored/run1/cssselect_tailored/plots/runtime_ns_vs_count_text_run_css_select_5_1_0.png
Plotting 'runtime_ns' vs 'count_text_run' for './results/rq1/20261002-2248-tailored-cssselect_tailored/run1/cssselect_tailored/summary.csv-function_name/css_select_5_2_0':
Saved plot to ./results/rq1/20261002-2248-tailored-cssselect_tailored/run1/cssselect_tailored/plots/runtime_ns_vs_count_text_run_css_select_5_2_0.png
For './results/rq1/20261002-2248-tailored-cssselect_tailored/run1/cssselect_tailored/summary.csv-function_name/css_select_5_1_0', feature 'count_text_run' and metric 'runtime_ns': dropped 25 of 279 rows (censored, non-positive metric, or zero feature).
For './results/rq1/20261002-2248-tailored-cssselect_tailored/run1/cssselect_tailored/summary.csv-function_name/css_select_5_1_0', feature 'count_text_run' and metric 'runtime_ns' the best fit is:
Best : Constant: time = 2.9E+04 (sec)                               
Constant: time = 2.9E+04 (sec)                                  (res: 1.5E+02)
Linear: time = 3.1E+04 + -54*n (sec)                            (res: 1.5E+02)
Quadratic: time = 2.7E+04 + 2.4*n^2 (sec)                       (res: 1.5E+02)
Cubic: time = 2.7E+04 + 0.073*n^3 (sec)                         (res: 1.5E+02)
Logarithmic: time = 3.9E+04 + -3.1E+03*log(n) (sec)             (res: 1.5E+02)
Linearithmic: time = 3E+04 + -1.2*n*log(n) (sec)                (res: 1.5E+02)
Exponential: time = 1.5E+05 * 0.99^n (sec)                      (res: 1.2E+03)

   [near-tie] within 10%: Cubic, Logarithmic, Quadratic, Linear, Linearithmic, Constant -- chosen by the simplicity bias, not the data.
   [exponent] free-exponent fit: runtime_ns ~ count_text_run ** -0.27
Saved fit model plot to ./results/rq1/20261002-2248-tailored-cssselect_tailored/run1/cssselect_tailored/plots/fitmodel_runtime_ns_vs_count_text_run_css_select_5_1_0.png
For './results/rq1/20261002-2248-tailored-cssselect_tailored/run1/cssselect_tailored/summary.csv-function_name/css_select_5_2_0', feature 'count_text_run' and metric 'runtime_ns': dropped 25 of 279 rows (censored, non-positive metric, or zero feature).
For './results/rq1/20261002-2248-tailored-cssselect_tailored/run1/cssselect_tailored/summary.csv-function_name/css_select_5_2_0', feature 'count_text_run' and metric 'runtime_ns' the best fit is:
Best : Constant: time = 3.2E+04 (sec)                               
Constant: time = 3.2E+04 (sec)                                  (res: 1.6E+02)
Linear: time = 3E+04 + 72*n (sec)                               (res: 1.6E+02)
Quadratic: time = 2.8E+04 + 4.5*n^2 (sec)                       (res: 1.5E+02)
Cubic: time = 2.9E+04 + 0.099*n^3 (sec)                         (res: 1.5E+02)
Logarithmic: time = 3.6E+04 + -1.2E+03*log(n) (sec)             (res: 1.5E+02)
Linearithmic: time = 3E+04 + 29*n*log(n) (sec)                  (res: 1.5E+02)
Exponential: time = 1.9E+05 * 0.99^n (sec)                      (res: 1.4E+03)

   [near-tie] within 10%: Cubic, Quadratic, Linearithmic, Logarithmic, Linear, Constant -- chosen by the simplicity bias, not the data.
   [exponent] free-exponent fit: runtime_ns ~ count_text_run ** -0.33
Saved fit model plot to ./results/rq1/20261002-2248-tailored-cssselect_tailored/run1/cssselect_tailored/plots/fitmodel_runtime_ns_vs_count_text_run_css_select_5_2_0.png
Plotting 'runtime_ns' vs 'count_tchar' for './results/rq1/20261002-2248-tailored-cssselect_tailored/run1/cssselect_tailored/summary.csv-function_name/css_select_5_1_0':
Saved plot to ./results/rq1/20261002-2248-tailored-cssselect_tailored/run1/cssselect_tailored/plots/runtime_ns_vs_count_tchar_css_select_5_1_0.png
Plotting 'runtime_ns' vs 'count_tchar' for './results/rq1/20261002-2248-tailored-cssselect_tailored/run1/cssselect_tailored/summary.csv-function_name/css_select_5_2_0':
Saved plot to ./results/rq1/20261002-2248-tailored-cssselect_tailored/run1/cssselect_tailored/plots/runtime_ns_vs_count_tchar_css_select_5_2_0.png
For './results/rq1/20261002-2248-tailored-cssselect_tailored/run1/cssselect_tailored/summary.csv-function_name/css_select_5_1_0', feature 'count_tchar' and metric 'runtime_ns': dropped 25 of 279 rows (censored, non-positive metric, or zero feature).
For './results/rq1/20261002-2248-tailored-cssselect_tailored/run1/cssselect_tailored/summary.csv-function_name/css_select_5_1_0', feature 'count_tchar' and metric 'runtime_ns' the best fit is:
Best : Constant: time = 2.9E+04 (sec)                               
Constant: time = 2.9E+04 (sec)                                  (res: 1.5E+02)
Linear: time = 2.6E+04 + 15*n (sec)                             (res: 1.5E+02)
Quadratic: time = 2.8E+04 + 0.0051*n^2 (sec)                    (res: 1.5E+02)
Cubic: time = 2.9E+04 + 1.3E-06*n^3 (sec)                       (res: 1.5E+02)
Logarithmic: time = 3.3E+04 + -7.7E+02*log(n) (sec)             (res: 1.5E+02)
Linearithmic: time = 2.7E+04 + 2*n*log(n) (sec)                 (res: 1.5E+02)
Exponential: time = 1.4E+05 * 1^n (sec)                         (res: 1.3E+03)

   [near-tie] within 10%: Linearithmic, Quadratic, Linear, Cubic, Logarithmic, Constant -- chosen by the simplicity bias, not the data.
   [exponent] free-exponent fit: runtime_ns ~ count_tchar ** -0.24
Saved fit model plot to ./results/rq1/20261002-2248-tailored-cssselect_tailored/run1/cssselect_tailored/plots/fitmodel_runtime_ns_vs_count_tchar_css_select_5_1_0.png
For './results/rq1/20261002-2248-tailored-cssselect_tailored/run1/cssselect_tailored/summary.csv-function_name/css_select_5_2_0', feature 'count_tchar' and metric 'runtime_ns': dropped 25 of 279 rows (censored, non-positive metric, or zero feature).
For './results/rq1/20261002-2248-tailored-cssselect_tailored/run1/cssselect_tailored/summary.csv-function_name/css_select_5_2_0', feature 'count_tchar' and metric 'runtime_ns' the best fit is:
Best : Constant: time = 3.2E+04 (sec)                               
Constant: time = 3.2E+04 (sec)                                  (res: 1.6E+02)
Linear: time = 2.8E+04 + 20*n (sec)                             (res: 1.5E+02)
Quadratic: time = 3.1E+04 + 0.0069*n^2 (sec)                    (res: 1.5E+02)
Cubic: time = 3.2E+04 + 1.8E-06*n^3 (sec)                       (res: 1.5E+02)
Logarithmic: time = 2.8E+04 + 9.7E+02*log(n) (sec)              (res: 1.6E+02)
Linearithmic: time = 2.9E+04 + 2.6*n*log(n) (sec)               (res: 1.5E+02)
Exponential: time = 1.6E+05 * 1^n (sec)                         (res: 1.5E+03)

   [near-tie] within 10%: Linearithmic, Linear, Quadratic, Cubic, Logarithmic, Constant -- chosen by the simplicity bias, not the data.
   [exponent] free-exponent fit: runtime_ns ~ count_tchar ** -0.28
Saved fit model plot to ./results/rq1/20261002-2248-tailored-cssselect_tailored/run1/cssselect_tailored/plots/fitmodel_runtime_ns_vs_count_tchar_css_select_5_2_0.png
Plotting 'runtime_ns' vs 'count_flow_item' for './results/rq1/20261002-2248-tailored-cssselect_tailored/run1/cssselect_tailored/summary.csv-function_name/css_select_5_1_0':
Saved plot to ./results/rq1/20261002-2248-tailored-cssselect_tailored/run1/cssselect_tailored/plots/runtime_ns_vs_count_flow_item_css_select_5_1_0.png
Plotting 'runtime_ns' vs 'count_flow_item' for './results/rq1/20261002-2248-tailored-cssselect_tailored/run1/cssselect_tailored/summary.csv-function_name/css_select_5_2_0':
Saved plot to ./results/rq1/20261002-2248-tailored-cssselect_tailored/run1/cssselect_tailored/plots/runtime_ns_vs_count_flow_item_css_select_5_2_0.png
For './results/rq1/20261002-2248-tailored-cssselect_tailored/run1/cssselect_tailored/summary.csv-function_name/css_select_5_1_0', feature 'count_flow_item' and metric 'runtime_ns': dropped 181 of 279 rows (censored, non-positive metric, or zero feature).
For './results/rq1/20261002-2248-tailored-cssselect_tailored/run1/cssselect_tailored/summary.csv-function_name/css_select_5_1_0', feature 'count_flow_item' and metric 'runtime_ns' the best fit is:
Best : Constant: time = 2.5E+04 (sec)                               
Constant: time = 2.5E+04 (sec)                                  (res: 57)
Linear: time = 2.7E+04 + -1E+02*n (sec)                         (res: 57)
Quadratic: time = 2.4E+04 + 1.2*n^2 (sec)                       (res: 57)
Cubic: time = 2.4E+04 + 0.019*n^3 (sec)                         (res: 56)
Logarithmic: time = 4E+04 + -6.6E+03*log(n) (sec)               (res: 54)
Linearithmic: time = 2.6E+04 + -10*n*log(n) (sec)               (res: 57)
Exponential: time = 9.3E+04 * 1^n (sec)                         (res: 3.9E+02)

   [near-tie] within 10%: Logarithmic, Cubic, Quadratic, Linear, Linearithmic, Constant -- chosen by the simplicity bias, not the data.
   [exponent] free-exponent fit: runtime_ns ~ count_flow_item ** -0.01
Saved fit model plot to ./results/rq1/20261002-2248-tailored-cssselect_tailored/run1/cssselect_tailored/plots/fitmodel_runtime_ns_vs_count_flow_item_css_select_5_1_0.png
For './results/rq1/20261002-2248-tailored-cssselect_tailored/run1/cssselect_tailored/summary.csv-function_name/css_select_5_2_0', feature 'count_flow_item' and metric 'runtime_ns': dropped 181 of 279 rows (censored, non-positive metric, or zero feature).
For './results/rq1/20261002-2248-tailored-cssselect_tailored/run1/cssselect_tailored/summary.csv-function_name/css_select_5_2_0', feature 'count_flow_item' and metric 'runtime_ns' the best fit is:
Best : Constant: time = 2.8E+04 (sec)                               
Constant: time = 2.8E+04 (sec)                                  (res: 56)
Linear: time = 3E+04 + -1.2E+02*n (sec)                         (res: 56)
Quadratic: time = 2.7E+04 + 1.7*n^2 (sec)                       (res: 56)
Cubic: time = 2.7E+04 + 0.025*n^3 (sec)                         (res: 55)
Logarithmic: time = 4.8E+04 + -8.2E+03*log(n) (sec)             (res: 53)
Linearithmic: time = 2.9E+04 + -10*n*log(n) (sec)               (res: 56)
Exponential: time = 1E+05 * 1^n (sec)                           (res: 3.6E+02)

   [near-tie] within 10%: Logarithmic, Cubic, Quadratic, Linear, Linearithmic, Constant -- chosen by the simplicity bias, not the data.
   [exponent] free-exponent fit: runtime_ns ~ count_flow_item ** -0.04
Saved fit model plot to ./results/rq1/20261002-2248-tailored-cssselect_tailored/run1/cssselect_tailored/plots/fitmodel_runtime_ns_vs_count_flow_item_css_select_5_2_0.png
Plotting 'runtime_ns' vs 'count_input' for './results/rq1/20261002-2248-tailored-cssselect_tailored/run1/cssselect_tailored/summary.csv-function_name/css_select_5_1_0':
Saved plot to ./results/rq1/20261002-2248-tailored-cssselect_tailored/run1/cssselect_tailored/plots/runtime_ns_vs_count_input_css_select_5_1_0.png
Plotting 'runtime_ns' vs 'count_input' for './results/rq1/20261002-2248-tailored-cssselect_tailored/run1/cssselect_tailored/summary.csv-function_name/css_select_5_2_0':
Saved plot to ./results/rq1/20261002-2248-tailored-cssselect_tailored/run1/cssselect_tailored/plots/runtime_ns_vs_count_input_css_select_5_2_0.png
For './results/rq1/20261002-2248-tailored-cssselect_tailored/run1/cssselect_tailored/summary.csv-function_name/css_select_5_1_0', feature 'count_input' and metric 'runtime_ns': dropped 96 of 279 rows (censored, non-positive metric, or zero feature).
For './results/rq1/20261002-2248-tailored-cssselect_tailored/run1/cssselect_tailored/summary.csv-function_name/css_select_5_1_0', feature 'count_input' and metric 'runtime_ns' the best fit is:
Best : Constant: time = 2.9E+04 (sec)                               
Constant: time = 2.9E+04 (sec)                                  (res: 99)
Linear: time = 3.3E+04 + -4.4E+02*n (sec)                       (res: 98)
Quadratic: time = 2.9E+04 + 0.092*n^2 (sec)                     (res: 99)
Cubic: time = 2.7E+04 + 0.9*n^3 (sec)                           (res: 98)
Logarithmic: time = 3.9E+04 + -4.9E+03*log(n) (sec)             (res: 97)
Linearithmic: time = 3.1E+04 + -99*n*log(n) (sec)               (res: 98)
Exponential: time = 8E+04 * 1^n (sec)                           (res: 5.9E+02)

   [near-tie] within 10%: Logarithmic, Cubic, Linear, Linearithmic, Quadratic, Constant -- chosen by the simplicity bias, not the data.
   [exponent] free-exponent fit: runtime_ns ~ count_input ** -0.02
Saved fit model plot to ./results/rq1/20261002-2248-tailored-cssselect_tailored/run1/cssselect_tailored/plots/fitmodel_runtime_ns_vs_count_input_css_select_5_1_0.png
For './results/rq1/20261002-2248-tailored-cssselect_tailored/run1/cssselect_tailored/summary.csv-function_name/css_select_5_2_0', feature 'count_input' and metric 'runtime_ns': dropped 96 of 279 rows (censored, non-positive metric, or zero feature).
For './results/rq1/20261002-2248-tailored-cssselect_tailored/run1/cssselect_tailored/summary.csv-function_name/css_select_5_2_0', feature 'count_input' and metric 'runtime_ns' the best fit is:
Best : Constant: time = 3.2E+04 (sec)                               
Constant: time = 3.2E+04 (sec)                                  (res: 98)
Linear: time = 3.7E+04 + -4.4E+02*n (sec)                       (res: 97)
Quadratic: time = 3.2E+04 + 2.1*n^2 (sec)                       (res: 98)
Cubic: time = 3E+04 + 1.1*n^3 (sec)                             (res: 97)
Logarithmic: time = 4.3E+04 + -5E+03*log(n) (sec)               (res: 97)
Linearithmic: time = 3.5E+04 + -97*n*log(n) (sec)               (res: 98)
Exponential: time = 9.2E+04 * 1^n (sec)                         (res: 5.7E+02)

   [near-tie] within 10%: Logarithmic, Cubic, Linear, Linearithmic, Quadratic, Constant -- chosen by the simplicity bias, not the data.
   [exponent] free-exponent fit: runtime_ns ~ count_input ** -0.07
Saved fit model plot to ./results/rq1/20261002-2248-tailored-cssselect_tailored/run1/cssselect_tailored/plots/fitmodel_runtime_ns_vs_count_input_css_select_5_2_0.png
Plotting 'runtime_ns' vs 'count_type_attr' for './results/rq1/20261002-2248-tailored-cssselect_tailored/run1/cssselect_tailored/summary.csv-function_name/css_select_5_1_0':
Saved plot to ./results/rq1/20261002-2248-tailored-cssselect_tailored/run1/cssselect_tailored/plots/runtime_ns_vs_count_type_attr_css_select_5_1_0.png
Plotting 'runtime_ns' vs 'count_type_attr' for './results/rq1/20261002-2248-tailored-cssselect_tailored/run1/cssselect_tailored/summary.csv-function_name/css_select_5_2_0':
Saved plot to ./results/rq1/20261002-2248-tailored-cssselect_tailored/run1/cssselect_tailored/plots/runtime_ns_vs_count_type_attr_css_select_5_2_0.png
For './results/rq1/20261002-2248-tailored-cssselect_tailored/run1/cssselect_tailored/summary.csv-function_name/css_select_5_1_0', feature 'count_type_attr' and metric 'runtime_ns': dropped 113 of 279 rows (censored, non-positive metric, or zero feature).
For './results/rq1/20261002-2248-tailored-cssselect_tailored/run1/cssselect_tailored/summary.csv-function_name/css_select_5_1_0', feature 'count_type_attr' and metric 'runtime_ns' the best fit is:
Best : Constant: time = 2.9E+04 (sec)                               
Constant: time = 2.9E+04 (sec)                                  (res: 91)
Linear: time = 2.8E+04 + 47*n (sec)                             (res: 91)
Quadratic: time = 2.7E+04 + 55*n^2 (sec)                        (res: 91)
Cubic: time = 2.7E+04 + 7.1*n^3 (sec)                           (res: 90)
Logarithmic: time = 3.5E+04 + -3.7E+03*log(n) (sec)             (res: 91)
Linearithmic: time = 2.8E+04 + 1.2E+02*n*log(n) (sec)           (res: 91)
Exponential: time = 8.7E+04 * 1^n (sec)                         (res: 5.4E+02)

   [near-tie] within 10%: Cubic, Logarithmic, Quadratic, Linearithmic, Linear, Constant -- chosen by the simplicity bias, not the data.
   [exponent] free-exponent fit: runtime_ns ~ count_type_attr ** -0.03
Saved fit model plot to ./results/rq1/20261002-2248-tailored-cssselect_tailored/run1/cssselect_tailored/plots/fitmodel_runtime_ns_vs_count_type_attr_css_select_5_1_0.png
For './results/rq1/20261002-2248-tailored-cssselect_tailored/run1/cssselect_tailored/summary.csv-function_name/css_select_5_2_0', feature 'count_type_attr' and metric 'runtime_ns': dropped 113 of 279 rows (censored, non-positive metric, or zero feature).
For './results/rq1/20261002-2248-tailored-cssselect_tailored/run1/cssselect_tailored/summary.csv-function_name/css_select_5_2_0', feature 'count_type_attr' and metric 'runtime_ns' the best fit is:
Best : Constant: time = 3.2E+04 (sec)                               
Constant: time = 3.2E+04 (sec)                                  (res: 90)
Linear: time = 3.2E+04 + -36*n (sec)                            (res: 90)
Quadratic: time = 3E+04 + 53*n^2 (sec)                          (res: 90)
Cubic: time = 3E+04 + 6.9*n^3 (sec)                             (res: 89)
Logarithmic: time = 3.9E+04 + -4.1E+03*log(n) (sec)             (res: 90)
Linearithmic: time = 3.1E+04 + 94*n*log(n) (sec)                (res: 90)
Exponential: time = 1E+05 * 1^n (sec)                           (res: 5.2E+02)

   [near-tie] within 10%: Cubic, Logarithmic, Quadratic, Linearithmic, Linear, Constant -- chosen by the simplicity bias, not the data.
   [exponent] free-exponent fit: runtime_ns ~ count_type_attr ** -0.08
Saved fit model plot to ./results/rq1/20261002-2248-tailored-cssselect_tailored/run1/cssselect_tailored/plots/fitmodel_runtime_ns_vs_count_type_attr_css_select_5_2_0.png
Plotting 'runtime_ns' vs 'count_a' for './results/rq1/20261002-2248-tailored-cssselect_tailored/run1/cssselect_tailored/summary.csv-function_name/css_select_5_1_0':
Saved plot to ./results/rq1/20261002-2248-tailored-cssselect_tailored/run1/cssselect_tailored/plots/runtime_ns_vs_count_a_css_select_5_1_0.png
Plotting 'runtime_ns' vs 'count_a' for './results/rq1/20261002-2248-tailored-cssselect_tailored/run1/cssselect_tailored/summary.csv-function_name/css_select_5_2_0':
Saved plot to ./results/rq1/20261002-2248-tailored-cssselect_tailored/run1/cssselect_tailored/plots/runtime_ns_vs_count_a_css_select_5_2_0.png
For './results/rq1/20261002-2248-tailored-cssselect_tailored/run1/cssselect_tailored/summary.csv-function_name/css_select_5_1_0', feature 'count_a' and metric 'runtime_ns': dropped 94 of 279 rows (censored, non-positive metric, or zero feature).
For './results/rq1/20261002-2248-tailored-cssselect_tailored/run1/cssselect_tailored/summary.csv-function_name/css_select_5_1_0', feature 'count_a' and metric 'runtime_ns' the best fit is:
Best : Constant: time = 2.9E+04 (sec)                               
Constant: time = 2.9E+04 (sec)                                  (res: 99)
Linear: time = 2.6E+04 + 2.2E+02*n (sec)                        (res: 99)
Quadratic: time = 2.7E+04 + 5.5*n^2 (sec)                       (res: 98)
Cubic: time = 2.8E+04 + 0.065*n^3 (sec)                         (res: 98)
Logarithmic: time = 3E+04 + -8E+02*log(n) (sec)                 (res: 99)
Linearithmic: time = 2.6E+04 + 71*n*log(n) (sec)                (res: 98)
Exponential: time = 8.4E+04 * 1^n (sec)                         (res: 5.6E+02)

   [near-tie] within 10%: Cubic, Quadratic, Linearithmic, Linear, Logarithmic, Constant -- chosen by the simplicity bias, not the data.
   [exponent] free-exponent fit: runtime_ns ~ count_a ** 0.10
Saved fit model plot to ./results/rq1/20261002-2248-tailored-cssselect_tailored/run1/cssselect_tailored/plots/fitmodel_runtime_ns_vs_count_a_css_select_5_1_0.png
For './results/rq1/20261002-2248-tailored-cssselect_tailored/run1/cssselect_tailored/summary.csv-function_name/css_select_5_2_0', feature 'count_a' and metric 'runtime_ns': dropped 94 of 279 rows (censored, non-positive metric, or zero feature).
For './results/rq1/20261002-2248-tailored-cssselect_tailored/run1/cssselect_tailored/summary.csv-function_name/css_select_5_2_0', feature 'count_a' and metric 'runtime_ns' the best fit is:
Best : Constant: time = 3.2E+04 (sec)                               
Constant: time = 3.2E+04 (sec)                                  (res: 98)
Linear: time = 2.8E+04 + 3.5E+02*n (sec)                        (res: 97)
Quadratic: time = 3E+04 + 7.2*n^2 (sec)                         (res: 96)
Cubic: time = 3.1E+04 + 0.082*n^3 (sec)                         (res: 97)
Logarithmic: time = 3.2E+04 + 7.9*log(n) (sec)                  (res: 98)
Linearithmic: time = 2.9E+04 + 1E+02*n*log(n) (sec)             (res: 97)
Exponential: time = 9.6E+04 * 1^n (sec)                         (res: 5.4E+02)

   [near-tie] within 10%: Quadratic, Cubic, Linearithmic, Linear, Logarithmic, Constant -- chosen by the simplicity bias, not the data.
   [exponent] free-exponent fit: runtime_ns ~ count_a ** 0.06
Saved fit model plot to ./results/rq1/20261002-2248-tailored-cssselect_tailored/run1/cssselect_tailored/plots/fitmodel_runtime_ns_vs_count_a_css_select_5_2_0.png
Plotting 'runtime_ns' vs 'count_href_attr' for './results/rq1/20261002-2248-tailored-cssselect_tailored/run1/cssselect_tailored/summary.csv-function_name/css_select_5_1_0':
Saved plot to ./results/rq1/20261002-2248-tailored-cssselect_tailored/run1/cssselect_tailored/plots/runtime_ns_vs_count_href_attr_css_select_5_1_0.png
Plotting 'runtime_ns' vs 'count_href_attr' for './results/rq1/20261002-2248-tailored-cssselect_tailored/run1/cssselect_tailored/summary.csv-function_name/css_select_5_2_0':
Saved plot to ./results/rq1/20261002-2248-tailored-cssselect_tailored/run1/cssselect_tailored/plots/runtime_ns_vs_count_href_attr_css_select_5_2_0.png
For './results/rq1/20261002-2248-tailored-cssselect_tailored/run1/cssselect_tailored/summary.csv-function_name/css_select_5_1_0', feature 'count_href_attr' and metric 'runtime_ns': dropped 105 of 279 rows (censored, non-positive metric, or zero feature).
For './results/rq1/20261002-2248-tailored-cssselect_tailored/run1/cssselect_tailored/summary.csv-function_name/css_select_5_1_0', feature 'count_href_attr' and metric 'runtime_ns' the best fit is:
Best : Constant: time = 2.8E+04 (sec)                               
Constant: time = 2.8E+04 (sec)                                  (res: 92)
Linear: time = 2.5E+04 + 7.1E+02*n (sec)                        (res: 91)
Quadratic: time = 2.6E+04 + 74*n^2 (sec)                        (res: 91)
Cubic: time = 2.6E+04 + 8.3*n^3 (sec)                           (res: 91)
Logarithmic: time = 2.6E+04 + 1.7E+03*log(n) (sec)              (res: 92)
Linearithmic: time = 2.6E+04 + 3E+02*n*log(n) (sec)             (res: 91)
Exponential: time = 6.9E+04 * 1.1^n (sec)                       (res: 5.1E+02)

   [near-tie] within 10%: Cubic, Quadratic, Linearithmic, Linear, Logarithmic, Constant -- chosen by the simplicity bias, not the data.
   [exponent] free-exponent fit: runtime_ns ~ count_href_attr ** 0.15
Saved fit model plot to ./results/rq1/20261002-2248-tailored-cssselect_tailored/run1/cssselect_tailored/plots/fitmodel_runtime_ns_vs_count_href_attr_css_select_5_1_0.png
For './results/rq1/20261002-2248-tailored-cssselect_tailored/run1/cssselect_tailored/summary.csv-function_name/css_select_5_2_0', feature 'count_href_attr' and metric 'runtime_ns': dropped 105 of 279 rows (censored, non-positive metric, or zero feature).
For './results/rq1/20261002-2248-tailored-cssselect_tailored/run1/cssselect_tailored/summary.csv-function_name/css_select_5_2_0', feature 'count_href_attr' and metric 'runtime_ns' the best fit is:
Best : Constant: time = 3.2E+04 (sec)                               
Constant: time = 3.2E+04 (sec)                                  (res: 91)
Linear: time = 2.6E+04 + 1.2E+03*n (sec)                        (res: 90)
Quadratic: time = 2.9E+04 + 1.1E+02*n^2 (sec)                   (res: 89)
Cubic: time = 2.9E+04 + 11*n^3 (sec)                            (res: 89)
Logarithmic: time = 2.7E+04 + 3.5E+03*log(n) (sec)              (res: 90)
Linearithmic: time = 2.8E+04 + 4.9E+02*n*log(n) (sec)           (res: 89)
Exponential: time = 7.9E+04 * 1.1^n (sec)                       (res: 4.7E+02)

   [near-tie] within 10%: Cubic, Quadratic, Linearithmic, Linear, Logarithmic, Constant -- chosen by the simplicity bias, not the data.
   [exponent] free-exponent fit: runtime_ns ~ count_href_attr ** 0.12
Saved fit model plot to ./results/rq1/20261002-2248-tailored-cssselect_tailored/run1/cssselect_tailored/plots/fitmodel_runtime_ns_vs_count_href_attr_css_select_5_2_0.png
Plotting 'runtime_ns' vs 'count_attrs' for './results/rq1/20261002-2248-tailored-cssselect_tailored/run1/cssselect_tailored/summary.csv-function_name/css_select_5_1_0':
Saved plot to ./results/rq1/20261002-2248-tailored-cssselect_tailored/run1/cssselect_tailored/plots/runtime_ns_vs_count_attrs_css_select_5_1_0.png
Plotting 'runtime_ns' vs 'count_attrs' for './results/rq1/20261002-2248-tailored-cssselect_tailored/run1/cssselect_tailored/summary.csv-function_name/css_select_5_2_0':
Saved plot to ./results/rq1/20261002-2248-tailored-cssselect_tailored/run1/cssselect_tailored/plots/runtime_ns_vs_count_attrs_css_select_5_2_0.png
For './results/rq1/20261002-2248-tailored-cssselect_tailored/run1/cssselect_tailored/summary.csv-function_name/css_select_5_1_0', feature 'count_attrs' and metric 'runtime_ns' the best fit is:
Best : Constant: time = 2.8E+04 (sec)                               
Constant: time = 2.8E+04 (sec)                                  (res: 1.7E+02)
Linear: time = 2.6E+04 + 55*n (sec)                             (res: 1.7E+02)
Quadratic: time = 2.6E+04 + 1.7*n^2 (sec)                       (res: 1.7E+02)
Cubic: time = 2.6E+04 + 0.024*n^3 (sec)                         (res: 1.7E+02)
Logarithmic: time = 2.7E+04 + 2.7E+02*log(n) (sec)              (res: 1.7E+02)
Linearithmic: time = 2.6E+04 + 16*n*log(n) (sec)                (res: 1.7E+02)
Exponential: time = 1.4E+05 * 1^n (sec)                         (res: 1.5E+03)

   [near-tie] within 10%: Cubic, Quadratic, Linearithmic, Linear, Logarithmic, Constant -- chosen by the simplicity bias, not the data.
   [exponent] free-exponent fit: runtime_ns ~ count_attrs ** -0.20
Saved fit model plot to ./results/rq1/20261002-2248-tailored-cssselect_tailored/run1/cssselect_tailored/plots/fitmodel_runtime_ns_vs_count_attrs_css_select_5_1_0.png
For './results/rq1/20261002-2248-tailored-cssselect_tailored/run1/cssselect_tailored/summary.csv-function_name/css_select_5_2_0', feature 'count_attrs' and metric 'runtime_ns' the best fit is:
Best : Constant: time = 3.1E+04 (sec)                               
Constant: time = 3.1E+04 (sec)                                  (res: 1.7E+02)
Linear: time = 2.8E+04 + 1.1E+02*n (sec)                        (res: 1.7E+02)
Quadratic: time = 2.7E+04 + 2.6*n^2 (sec)                       (res: 1.7E+02)
Cubic: time = 2.8E+04 + 0.034*n^3 (sec)                         (res: 1.7E+02)
Logarithmic: time = 2.8E+04 + 1E+03*log(n) (sec)                (res: 1.7E+02)
Linearithmic: time = 2.8E+04 + 31*n*log(n) (sec)                (res: 1.7E+02)
Exponential: time = 1.7E+05 * 0.99^n (sec)                      (res: 1.7E+03)

   [near-tie] within 10%: Cubic, Quadratic, Linearithmic, Linear, Logarithmic, Constant -- chosen by the simplicity bias, not the data.
   [exponent] free-exponent fit: runtime_ns ~ count_attrs ** -0.25
Saved fit model plot to ./results/rq1/20261002-2248-tailored-cssselect_tailored/run1/cssselect_tailored/plots/fitmodel_runtime_ns_vs_count_attrs_css_select_5_2_0.png
Plotting 'runtime_ns' vs 'count_class_attr' for './results/rq1/20261002-2248-tailored-cssselect_tailored/run1/cssselect_tailored/summary.csv-function_name/css_select_5_1_0':
Saved plot to ./results/rq1/20261002-2248-tailored-cssselect_tailored/run1/cssselect_tailored/plots/runtime_ns_vs_count_class_attr_css_select_5_1_0.png
Plotting 'runtime_ns' vs 'count_class_attr' for './results/rq1/20261002-2248-tailored-cssselect_tailored/run1/cssselect_tailored/summary.csv-function_name/css_select_5_2_0':
Saved plot to ./results/rq1/20261002-2248-tailored-cssselect_tailored/run1/cssselect_tailored/plots/runtime_ns_vs_count_class_attr_css_select_5_2_0.png
For './results/rq1/20261002-2248-tailored-cssselect_tailored/run1/cssselect_tailored/summary.csv-function_name/css_select_5_1_0', feature 'count_class_attr' and metric 'runtime_ns': dropped 63 of 279 rows (censored, non-positive metric, or zero feature).
For './results/rq1/20261002-2248-tailored-cssselect_tailored/run1/cssselect_tailored/summary.csv-function_name/css_select_5_1_0', feature 'count_class_attr' and metric 'runtime_ns' the best fit is:
Best : Constant: time = 2.9E+04 (sec)                               
Constant: time = 2.9E+04 (sec)                                  (res: 1.2E+02)
Linear: time = 3.1E+04 + -97*n (sec)                            (res: 1.2E+02)
Quadratic: time = 2.7E+04 + 4.3*n^2 (sec)                       (res: 1.2E+02)
Cubic: time = 2.6E+04 + 0.45*n^3 (sec)                          (res: 1.2E+02)
Logarithmic: time = 3.5E+04 + -2.5E+03*log(n) (sec)             (res: 1.2E+02)
Linearithmic: time = 2.9E+04 + -10*n*log(n) (sec)               (res: 1.2E+02)
Exponential: time = 1.1E+05 * 1^n (sec)                         (res: 8.1E+02)

   [near-tie] within 10%: Cubic, Logarithmic, Quadratic, Linear, Linearithmic, Constant -- chosen by the simplicity bias, not the data.
   [exponent] free-exponent fit: runtime_ns ~ count_class_attr ** -0.18
Saved fit model plot to ./results/rq1/20261002-2248-tailored-cssselect_tailored/run1/cssselect_tailored/plots/fitmodel_runtime_ns_vs_count_class_attr_css_select_5_1_0.png
For './results/rq1/20261002-2248-tailored-cssselect_tailored/run1/cssselect_tailored/summary.csv-function_name/css_select_5_2_0', feature 'count_class_attr' and metric 'runtime_ns': dropped 63 of 279 rows (censored, non-positive metric, or zero feature).
For './results/rq1/20261002-2248-tailored-cssselect_tailored/run1/cssselect_tailored/summary.csv-function_name/css_select_5_2_0', feature 'count_class_attr' and metric 'runtime_ns' the best fit is:
Best : Constant: time = 3.2E+04 (sec)                               
Constant: time = 3.2E+04 (sec)                                  (res: 1.2E+02)
Linear: time = 3.3E+04 + -47*n (sec)                            (res: 1.2E+02)
Quadratic: time = 3E+04 + 6.5*n^2 (sec)                         (res: 1.2E+02)
Cubic: time = 2.8E+04 + 0.54*n^3 (sec)                          (res: 1.2E+02)
Logarithmic: time = 3.7E+04 + -2.1E+03*log(n) (sec)             (res: 1.2E+02)
Linearithmic: time = 3.2E+04 + 5.1*n*log(n) (sec)               (res: 1.2E+02)
Exponential: time = 1.3E+05 * 0.99^n (sec)                      (res: 8.2E+02)

   [near-tie] within 10%: Cubic, Logarithmic, Quadratic, Linear, Linearithmic, Constant -- chosen by the simplicity bias, not the data.
   [exponent] free-exponent fit: runtime_ns ~ count_class_attr ** -0.22
Saved fit model plot to ./results/rq1/20261002-2248-tailored-cssselect_tailored/run1/cssselect_tailored/plots/fitmodel_runtime_ns_vs_count_class_attr_css_select_5_2_0.png
Plotting 'runtime_ns' vs 'count_class_list' for './results/rq1/20261002-2248-tailored-cssselect_tailored/run1/cssselect_tailored/summary.csv-function_name/css_select_5_1_0':
Saved plot to ./results/rq1/20261002-2248-tailored-cssselect_tailored/run1/cssselect_tailored/plots/runtime_ns_vs_count_class_list_css_select_5_1_0.png
Plotting 'runtime_ns' vs 'count_class_list' for './results/rq1/20261002-2248-tailored-cssselect_tailored/run1/cssselect_tailored/summary.csv-function_name/css_select_5_2_0':
Saved plot to ./results/rq1/20261002-2248-tailored-cssselect_tailored/run1/cssselect_tailored/plots/runtime_ns_vs_count_class_list_css_select_5_2_0.png
For './results/rq1/20261002-2248-tailored-cssselect_tailored/run1/cssselect_tailored/summary.csv-function_name/css_select_5_1_0', feature 'count_class_list' and metric 'runtime_ns': dropped 63 of 279 rows (censored, non-positive metric, or zero feature).
For './results/rq1/20261002-2248-tailored-cssselect_tailored/run1/cssselect_tailored/summary.csv-function_name/css_select_5_1_0', feature 'count_class_list' and metric 'runtime_ns' the best fit is:
Best : Constant: time = 2.9E+04 (sec)                               
Constant: time = 2.9E+04 (sec)                                  (res: 1.2E+02)
Linear: time = 3E+04 + -43*n (sec)                              (res: 1.2E+02)
Quadratic: time = 2.8E+04 + 1*n^2 (sec)                         (res: 1.2E+02)
Cubic: time = 2.6E+04 + 0.044*n^3 (sec)                         (res: 1.2E+02)
Logarithmic: time = 3.5E+04 + -2E+03*log(n) (sec)               (res: 1.2E+02)
Linearithmic: time = 2.9E+04 + -4.1*n*log(n) (sec)              (res: 1.2E+02)
Exponential: time = 1.1E+05 * 1^n (sec)                         (res: 8.1E+02)

   [near-tie] within 10%: Cubic, Logarithmic, Quadratic, Linear, Linearithmic, Constant -- chosen by the simplicity bias, not the data.
   [exponent] free-exponent fit: runtime_ns ~ count_class_list ** -0.15
Saved fit model plot to ./results/rq1/20261002-2248-tailored-cssselect_tailored/run1/cssselect_tailored/plots/fitmodel_runtime_ns_vs_count_class_list_css_select_5_1_0.png
For './results/rq1/20261002-2248-tailored-cssselect_tailored/run1/cssselect_tailored/summary.csv-function_name/css_select_5_2_0', feature 'count_class_list' and metric 'runtime_ns': dropped 63 of 279 rows (censored, non-positive metric, or zero feature).
For './results/rq1/20261002-2248-tailored-cssselect_tailored/run1/cssselect_tailored/summary.csv-function_name/css_select_5_2_0', feature 'count_class_list' and metric 'runtime_ns' the best fit is:
Best : Constant: time = 3.2E+04 (sec)                               
Constant: time = 3.2E+04 (sec)                                  (res: 1.2E+02)
Linear: time = 3.2E+04 + 6.1*n (sec)                            (res: 1.2E+02)
Quadratic: time = 3E+04 + 2.1*n^2 (sec)                         (res: 1.2E+02)
Cubic: time = 2.9E+04 + 0.062*n^3 (sec)                         (res: 1.2E+02)
Logarithmic: time = 3.7E+04 + -1.4E+03*log(n) (sec)             (res: 1.2E+02)
Linearithmic: time = 3.1E+04 + 8.5*n*log(n) (sec)               (res: 1.2E+02)
Exponential: time = 1.3E+05 * 1^n (sec)                         (res: 8.3E+02)

   [near-tie] within 10%: Cubic, Quadratic, Logarithmic, Linearithmic, Linear, Constant -- chosen by the simplicity bias, not the data.
   [exponent] free-exponent fit: runtime_ns ~ count_class_list ** -0.19
Saved fit model plot to ./results/rq1/20261002-2248-tailored-cssselect_tailored/run1/cssselect_tailored/plots/fitmodel_runtime_ns_vs_count_class_list_css_select_5_2_0.png
Plotting 'runtime_ns' vs 'count_title_attr' for './results/rq1/20261002-2248-tailored-cssselect_tailored/run1/cssselect_tailored/summary.csv-function_name/css_select_5_1_0':
Saved plot to ./results/rq1/20261002-2248-tailored-cssselect_tailored/run1/cssselect_tailored/plots/runtime_ns_vs_count_title_attr_css_select_5_1_0.png
Plotting 'runtime_ns' vs 'count_title_attr' for './results/rq1/20261002-2248-tailored-cssselect_tailored/run1/cssselect_tailored/summary.csv-function_name/css_select_5_2_0':
Saved plot to ./results/rq1/20261002-2248-tailored-cssselect_tailored/run1/cssselect_tailored/plots/runtime_ns_vs_count_title_attr_css_select_5_2_0.png
For './results/rq1/20261002-2248-tailored-cssselect_tailored/run1/cssselect_tailored/summary.csv-function_name/css_select_5_1_0', feature 'count_title_attr' and metric 'runtime_ns': dropped 12 of 279 rows (censored, non-positive metric, or zero feature).
For './results/rq1/20261002-2248-tailored-cssselect_tailored/run1/cssselect_tailored/summary.csv-function_name/css_select_5_1_0', feature 'count_title_attr' and metric 'runtime_ns' the best fit is:
Best : Constant: time = 2.8E+04 (sec)                               
Constant: time = 2.8E+04 (sec)                                  (res: 1.6E+02)
Linear: time = 2.8E+04 + 46*n (sec)                             (res: 1.6E+02)
Quadratic: time = 2.6E+04 + 5.2*n^2 (sec)                       (res: 1.6E+02)
Cubic: time = 2.6E+04 + 0.22*n^3 (sec)                          (res: 1.6E+02)
Logarithmic: time = 2.9E+04 + -1.6E+02*log(n) (sec)             (res: 1.6E+02)
Linearithmic: time = 2.7E+04 + 21*n*log(n) (sec)                (res: 1.6E+02)
Exponential: time = 1.4E+05 * 0.99^n (sec)                      (res: 1.3E+03)

   [near-tie] within 10%: Cubic, Quadratic, Linearithmic, Linear, Logarithmic, Constant -- chosen by the simplicity bias, not the data.
   [exponent] free-exponent fit: runtime_ns ~ count_title_attr ** -0.22
Saved fit model plot to ./results/rq1/20261002-2248-tailored-cssselect_tailored/run1/cssselect_tailored/plots/fitmodel_runtime_ns_vs_count_title_attr_css_select_5_1_0.png
For './results/rq1/20261002-2248-tailored-cssselect_tailored/run1/cssselect_tailored/summary.csv-function_name/css_select_5_2_0', feature 'count_title_attr' and metric 'runtime_ns': dropped 12 of 279 rows (censored, non-positive metric, or zero feature).
For './results/rq1/20261002-2248-tailored-cssselect_tailored/run1/cssselect_tailored/summary.csv-function_name/css_select_5_2_0', feature 'count_title_attr' and metric 'runtime_ns' the best fit is:
Best : Constant: time = 3.2E+04 (sec)                               
Constant: time = 3.2E+04 (sec)                                  (res: 1.6E+02)
Linear: time = 3E+04 + 93*n (sec)                               (res: 1.6E+02)
Quadratic: time = 2.9E+04 + 7.7*n^2 (sec)                       (res: 1.6E+02)
Cubic: time = 2.9E+04 + 0.32*n^3 (sec)                          (res: 1.6E+02)
Logarithmic: time = 3.2E+04 + -4.1*log(n) (sec)                 (res: 1.6E+02)
Linearithmic: time = 3E+04 + 37*n*log(n) (sec)                  (res: 1.6E+02)
Exponential: time = 1.7E+05 * 0.99^n (sec)                      (res: 1.4E+03)

   [near-tie] within 10%: Cubic, Quadratic, Linearithmic, Linear, Logarithmic, Constant -- chosen by the simplicity bias, not the data.
   [exponent] free-exponent fit: runtime_ns ~ count_title_attr ** -0.27
Saved fit model plot to ./results/rq1/20261002-2248-tailored-cssselect_tailored/run1/cssselect_tailored/plots/fitmodel_runtime_ns_vs_count_title_attr_css_select_5_2_0.png
Plotting 'runtime_ns' vs 'count_lang_attr' for './results/rq1/20261002-2248-tailored-cssselect_tailored/run1/cssselect_tailored/summary.csv-function_name/css_select_5_1_0':
Saved plot to ./results/rq1/20261002-2248-tailored-cssselect_tailored/run1/cssselect_tailored/plots/runtime_ns_vs_count_lang_attr_css_select_5_1_0.png
Plotting 'runtime_ns' vs 'count_lang_attr' for './results/rq1/20261002-2248-tailored-cssselect_tailored/run1/cssselect_tailored/summary.csv-function_name/css_select_5_2_0':
Saved plot to ./results/rq1/20261002-2248-tailored-cssselect_tailored/run1/cssselect_tailored/plots/runtime_ns_vs_count_lang_attr_css_select_5_2_0.png
For './results/rq1/20261002-2248-tailored-cssselect_tailored/run1/cssselect_tailored/summary.csv-function_name/css_select_5_1_0', feature 'count_lang_attr' and metric 'runtime_ns': dropped 73 of 279 rows (censored, non-positive metric, or zero feature).
For './results/rq1/20261002-2248-tailored-cssselect_tailored/run1/cssselect_tailored/summary.csv-function_name/css_select_5_1_0', feature 'count_lang_attr' and metric 'runtime_ns' the best fit is:
Best : Constant: time = 2.7E+04 (sec)                               
Constant: time = 2.7E+04 (sec)                                  (res: 1.1E+02)
Linear: time = 2.5E+04 + 1.3E+02*n (sec)                        (res: 1.1E+02)
Quadratic: time = 2.6E+04 + 1.6*n^2 (sec)                       (res: 1.1E+02)
Cubic: time = 2.7E+04 + 0.023*n^3 (sec)                         (res: 1.1E+02)
Logarithmic: time = 2.2E+04 + 2.2E+03*log(n) (sec)              (res: 1.1E+02)
Linearithmic: time = 2.6E+04 + 28*n*log(n) (sec)                (res: 1.1E+02)
Exponential: time = 7.5E+04 * 1^n (sec)                         (res: 6.8E+02)

   [near-tie] within 10%: Logarithmic, Linear, Linearithmic, Quadratic, Cubic, Constant -- chosen by the simplicity bias, not the data.
   [exponent] free-exponent fit: runtime_ns ~ count_lang_attr ** 0.09
Saved fit model plot to ./results/rq1/20261002-2248-tailored-cssselect_tailored/run1/cssselect_tailored/plots/fitmodel_runtime_ns_vs_count_lang_attr_css_select_5_1_0.png
For './results/rq1/20261002-2248-tailored-cssselect_tailored/run1/cssselect_tailored/summary.csv-function_name/css_select_5_2_0', feature 'count_lang_attr' and metric 'runtime_ns': dropped 73 of 279 rows (censored, non-positive metric, or zero feature).
For './results/rq1/20261002-2248-tailored-cssselect_tailored/run1/cssselect_tailored/summary.csv-function_name/css_select_5_2_0', feature 'count_lang_attr' and metric 'runtime_ns' the best fit is:
Best : Constant: time = 3E+04 (sec)                                 
Constant: time = 3E+04 (sec)                                    (res: 1.1E+02)
Linear: time = 2.6E+04 + 2.5E+02*n (sec)                        (res: 1.1E+02)
Quadratic: time = 2.8E+04 + 5.9*n^2 (sec)                       (res: 1.1E+02)
Cubic: time = 2.9E+04 + 0.17*n^3 (sec)                          (res: 1.1E+02)
Logarithmic: time = 2.4E+04 + 3E+03*log(n) (sec)                (res: 1.1E+02)
Linearithmic: time = 2.7E+04 + 63*n*log(n) (sec)                (res: 1.1E+02)
Exponential: time = 8.7E+04 * 1^n (sec)                         (res: 6.7E+02)

   [near-tie] within 10%: Logarithmic, Linear, Linearithmic, Quadratic, Cubic, Constant -- chosen by the simplicity bias, not the data.
   [exponent] free-exponent fit: runtime_ns ~ count_lang_attr ** 0.06
Saved fit model plot to ./results/rq1/20261002-2248-tailored-cssselect_tailored/run1/cssselect_tailored/plots/fitmodel_runtime_ns_vs_count_lang_attr_css_select_5_2_0.png
Plotting 'runtime_ns' vs 'count_id_attr' for './results/rq1/20261002-2248-tailored-cssselect_tailored/run1/cssselect_tailored/summary.csv-function_name/css_select_5_1_0':
Saved plot to ./results/rq1/20261002-2248-tailored-cssselect_tailored/run1/cssselect_tailored/plots/runtime_ns_vs_count_id_attr_css_select_5_1_0.png
Plotting 'runtime_ns' vs 'count_id_attr' for './results/rq1/20261002-2248-tailored-cssselect_tailored/run1/cssselect_tailored/summary.csv-function_name/css_select_5_2_0':
Saved plot to ./results/rq1/20261002-2248-tailored-cssselect_tailored/run1/cssselect_tailored/plots/runtime_ns_vs_count_id_attr_css_select_5_2_0.png
For './results/rq1/20261002-2248-tailored-cssselect_tailored/run1/cssselect_tailored/summary.csv-function_name/css_select_5_1_0', feature 'count_id_attr' and metric 'runtime_ns': dropped 45 of 279 rows (censored, non-positive metric, or zero feature).
For './results/rq1/20261002-2248-tailored-cssselect_tailored/run1/cssselect_tailored/summary.csv-function_name/css_select_5_1_0', feature 'count_id_attr' and metric 'runtime_ns' the best fit is:
Best : Constant: time = 3E+04 (sec)                                 
Constant: time = 3E+04 (sec)                                    (res: 1.4E+02)
Linear: time = 3.7E+04 + -4E+02*n (sec)                         (res: 1.3E+02)
Quadratic: time = 3.1E+04 + -2.9*n^2 (sec)                      (res: 1.4E+02)
Cubic: time = 2.9E+04 + 0.03*n^3 (sec)                          (res: 1.4E+02)
Logarithmic: time = 5.4E+04 + -9.1E+03*log(n) (sec)             (res: 1.3E+02)
Linearithmic: time = 3.4E+04 + -83*n*log(n) (sec)               (res: 1.3E+02)
Exponential: time = 1.3E+05 * 0.99^n (sec)                      (res: 9.4E+02)

   [near-tie] within 10%: Logarithmic, Linear, Linearithmic, Quadratic, Cubic, Constant -- chosen by the simplicity bias, not the data.
   [exponent] free-exponent fit: runtime_ns ~ count_id_attr ** -0.28
Saved fit model plot to ./results/rq1/20261002-2248-tailored-cssselect_tailored/run1/cssselect_tailored/plots/fitmodel_runtime_ns_vs_count_id_attr_css_select_5_1_0.png
For './results/rq1/20261002-2248-tailored-cssselect_tailored/run1/cssselect_tailored/summary.csv-function_name/css_select_5_2_0', feature 'count_id_attr' and metric 'runtime_ns': dropped 45 of 279 rows (censored, non-positive metric, or zero feature).
For './results/rq1/20261002-2248-tailored-cssselect_tailored/run1/cssselect_tailored/summary.csv-function_name/css_select_5_2_0', feature 'count_id_attr' and metric 'runtime_ns' the best fit is:
Best : Constant: time = 3.3E+04 (sec)                               
Constant: time = 3.3E+04 (sec)                                  (res: 1.4E+02)
Linear: time = 3.9E+04 + -3.2E+02*n (sec)                       (res: 1.4E+02)
Quadratic: time = 3.3E+04 + -0.71*n^2 (sec)                     (res: 1.4E+02)
Cubic: time = 3.2E+04 + 0.078*n^3 (sec)                         (res: 1.4E+02)
Logarithmic: time = 5.7E+04 + -8.9E+03*log(n) (sec)             (res: 1.3E+02)
Linearithmic: time = 3.6E+04 + -61*n*log(n) (sec)               (res: 1.4E+02)
Exponential: time = 1.6E+05 * 0.99^n (sec)                      (res: 1E+03)

   [near-tie] within 10%: Logarithmic, Linear, Linearithmic, Cubic, Quadratic, Constant -- chosen by the simplicity bias, not the data.
   [exponent] free-exponent fit: runtime_ns ~ count_id_attr ** -0.35
Saved fit model plot to ./results/rq1/20261002-2248-tailored-cssselect_tailored/run1/cssselect_tailored/plots/fitmodel_runtime_ns_vs_count_id_attr_css_select_5_2_0.png
Plotting 'runtime_ns' vs 'count_phrasing_element' for './results/rq1/20261002-2248-tailored-cssselect_tailored/run1/cssselect_tailored/summary.csv-function_name/css_select_5_1_0':
Saved plot to ./results/rq1/20261002-2248-tailored-cssselect_tailored/run1/cssselect_tailored/plots/runtime_ns_vs_count_phrasing_element_css_select_5_1_0.png
Plotting 'runtime_ns' vs 'count_phrasing_element' for './results/rq1/20261002-2248-tailored-cssselect_tailored/run1/cssselect_tailored/summary.csv-function_name/css_select_5_2_0':
Saved plot to ./results/rq1/20261002-2248-tailored-cssselect_tailored/run1/cssselect_tailored/plots/runtime_ns_vs_count_phrasing_element_css_select_5_2_0.png
For './results/rq1/20261002-2248-tailored-cssselect_tailored/run1/cssselect_tailored/summary.csv-function_name/css_select_5_1_0', feature 'count_phrasing_element' and metric 'runtime_ns': dropped 87 of 279 rows (censored, non-positive metric, or zero feature).
For './results/rq1/20261002-2248-tailored-cssselect_tailored/run1/cssselect_tailored/summary.csv-function_name/css_select_5_1_0', feature 'count_phrasing_element' and metric 'runtime_ns' the best fit is:
Best : Constant: time = 3.3E+04 (sec)                               
Constant: time = 3.3E+04 (sec)                                  (res: 1E+02)
Linear: time = 3E+04 + 4.4E+02*n (sec)                          (res: 99)
Quadratic: time = 3E+04 + 33*n^2 (sec)                          (res: 99)
Cubic: time = 3.1E+04 + 2*n^3 (sec)                             (res: 98)
Logarithmic: time = 3.1E+04 + 1.4E+03*log(n) (sec)              (res: 99)
Linearithmic: time = 3E+04 + 1.7E+02*n*log(n) (sec)             (res: 99)
Exponential: time = 9.8E+04 * 1^n (sec)                         (res: 5.5E+02)

   [near-tie] within 10%: Cubic, Quadratic, Linearithmic, Linear, Logarithmic, Constant -- chosen by the simplicity bias, not the data.
   [exponent] free-exponent fit: runtime_ns ~ count_phrasing_element ** -0.08
Saved fit model plot to ./results/rq1/20261002-2248-tailored-cssselect_tailored/run1/cssselect_tailored/plots/fitmodel_runtime_ns_vs_count_phrasing_element_css_select_5_1_0.png
For './results/rq1/20261002-2248-tailored-cssselect_tailored/run1/cssselect_tailored/summary.csv-function_name/css_select_5_2_0', feature 'count_phrasing_element' and metric 'runtime_ns': dropped 87 of 279 rows (censored, non-positive metric, or zero feature).
For './results/rq1/20261002-2248-tailored-cssselect_tailored/run1/cssselect_tailored/summary.csv-function_name/css_select_5_2_0', feature 'count_phrasing_element' and metric 'runtime_ns' the best fit is:
Best : Constant: time = 3.8E+04 (sec)                               
Constant: time = 3.8E+04 (sec)                                  (res: 98)
Linear: time = 3.2E+04 + 6.5E+02*n (sec)                        (res: 97)
Quadratic: time = 3.3E+04 + 48*n^2 (sec)                        (res: 96)
Cubic: time = 3.4E+04 + 2.8*n^3 (sec)                           (res: 95)
Logarithmic: time = 3.4E+04 + 2.1E+03*log(n) (sec)              (res: 98)
Linearithmic: time = 3.3E+04 + 2.4E+02*n*log(n) (sec)           (res: 97)
Exponential: time = 1.1E+05 * 1^n (sec)                         (res: 5.4E+02)

   [near-tie] within 10%: Cubic, Quadratic, Linearithmic, Linear, Logarithmic, Constant -- chosen by the simplicity bias, not the data.
   [exponent] free-exponent fit: runtime_ns ~ count_phrasing_element ** -0.12
Saved fit model plot to ./results/rq1/20261002-2248-tailored-cssselect_tailored/run1/cssselect_tailored/plots/fitmodel_runtime_ns_vs_count_phrasing_element_css_select_5_2_0.png
Plotting 'runtime_ns' vs 'count_b' for './results/rq1/20261002-2248-tailored-cssselect_tailored/run1/cssselect_tailored/summary.csv-function_name/css_select_5_1_0':
Saved plot to ./results/rq1/20261002-2248-tailored-cssselect_tailored/run1/cssselect_tailored/plots/runtime_ns_vs_count_b_css_select_5_1_0.png
Plotting 'runtime_ns' vs 'count_b' for './results/rq1/20261002-2248-tailored-cssselect_tailored/run1/cssselect_tailored/summary.csv-function_name/css_select_5_2_0':
Saved plot to ./results/rq1/20261002-2248-tailored-cssselect_tailored/run1/cssselect_tailored/plots/runtime_ns_vs_count_b_css_select_5_2_0.png
For './results/rq1/20261002-2248-tailored-cssselect_tailored/run1/cssselect_tailored/summary.csv-function_name/css_select_5_1_0', feature 'count_b' and metric 'runtime_ns': dropped 115 of 279 rows (censored, non-positive metric, or zero feature).
For './results/rq1/20261002-2248-tailored-cssselect_tailored/run1/cssselect_tailored/summary.csv-function_name/css_select_5_1_0', feature 'count_b' and metric 'runtime_ns' the best fit is:
Best : Constant: time = 3.4E+04 (sec)                               
Constant: time = 3.4E+04 (sec)                                  (res: 85)
Linear: time = 3.8E+04 + -1.1E+03*n (sec)                       (res: 84)
Quadratic: time = 3.5E+04 + -76*n^2 (sec)                       (res: 85)
Cubic: time = 3.4E+04 + 0.47*n^3 (sec)                          (res: 85)
Logarithmic: time = 3.8E+04 + -3.7E+03*log(n) (sec)             (res: 84)
Linearithmic: time = 3.6E+04 + -4.2E+02*n*log(n) (sec)          (res: 85)
Exponential: time = 9.5E+04 * 1^n (sec)                         (res: 4.7E+02)

   [near-tie] within 10%: Logarithmic, Linear, Linearithmic, Quadratic, Cubic, Constant -- chosen by the simplicity bias, not the data.
   [exponent] free-exponent fit: runtime_ns ~ count_b ** 0.01
Saved fit model plot to ./results/rq1/20261002-2248-tailored-cssselect_tailored/run1/cssselect_tailored/plots/fitmodel_runtime_ns_vs_count_b_css_select_5_1_0.png
For './results/rq1/20261002-2248-tailored-cssselect_tailored/run1/cssselect_tailored/summary.csv-function_name/css_select_5_2_0', feature 'count_b' and metric 'runtime_ns': dropped 115 of 279 rows (censored, non-positive metric, or zero feature).
For './results/rq1/20261002-2248-tailored-cssselect_tailored/run1/cssselect_tailored/summary.csv-function_name/css_select_5_2_0', feature 'count_b' and metric 'runtime_ns' the best fit is:
Best : Constant: time = 3.9E+04 (sec)                               
Constant: time = 3.9E+04 (sec)                                  (res: 83)
Linear: time = 4.2E+04 + -9.1E+02*n (sec)                       (res: 82)
Quadratic: time = 4E+04 + -45*n^2 (sec)                         (res: 83)
Cubic: time = 3.9E+04 + 5.3*n^3 (sec)                           (res: 83)
Logarithmic: time = 4.2E+04 + -3.4E+03*log(n) (sec)             (res: 82)
Linearithmic: time = 4.1E+04 + -3.2E+02*n*log(n) (sec)          (res: 82)
Exponential: time = 1.1E+05 * 1^n (sec)                         (res: 4.4E+02)

   [near-tie] within 10%: Logarithmic, Linear, Linearithmic, Cubic, Quadratic, Constant -- chosen by the simplicity bias, not the data.
   [exponent] free-exponent fit: runtime_ns ~ count_b ** -0.02
Saved fit model plot to ./results/rq1/20261002-2248-tailored-cssselect_tailored/run1/cssselect_tailored/plots/fitmodel_runtime_ns_vs_count_b_css_select_5_2_0.png
Plotting 'runtime_ns' vs 'count_em' for './results/rq1/20261002-2248-tailored-cssselect_tailored/run1/cssselect_tailored/summary.csv-function_name/css_select_5_1_0':
Saved plot to ./results/rq1/20261002-2248-tailored-cssselect_tailored/run1/cssselect_tailored/plots/runtime_ns_vs_count_em_css_select_5_1_0.png
Plotting 'runtime_ns' vs 'count_em' for './results/rq1/20261002-2248-tailored-cssselect_tailored/run1/cssselect_tailored/summary.csv-function_name/css_select_5_2_0':
Saved plot to ./results/rq1/20261002-2248-tailored-cssselect_tailored/run1/cssselect_tailored/plots/runtime_ns_vs_count_em_css_select_5_2_0.png
For './results/rq1/20261002-2248-tailored-cssselect_tailored/run1/cssselect_tailored/summary.csv-function_name/css_select_5_1_0', feature 'count_em' and metric 'runtime_ns': dropped 113 of 279 rows (censored, non-positive metric, or zero feature).
For './results/rq1/20261002-2248-tailored-cssselect_tailored/run1/cssselect_tailored/summary.csv-function_name/css_select_5_1_0', feature 'count_em' and metric 'runtime_ns' the best fit is:
Best : Constant: time = 3.4E+04 (sec)                               
Constant: time = 3.4E+04 (sec)                                  (res: 85)
Linear: time = 3.2E+04 + 4.1E+02*n (sec)                        (res: 85)
Quadratic: time = 3.2E+04 + 1.4E+02*n^2 (sec)                   (res: 85)
Cubic: time = 3.2E+04 + 26*n^3 (sec)                            (res: 84)
Logarithmic: time = 3.4E+04 + -4.4E+02*log(n) (sec)             (res: 85)
Linearithmic: time = 3.2E+04 + 3.1E+02*n*log(n) (sec)           (res: 85)
Exponential: time = 9.7E+04 * 1^n (sec)                         (res: 4.6E+02)

   [near-tie] within 10%: Cubic, Quadratic, Linearithmic, Linear, Logarithmic, Constant -- chosen by the simplicity bias, not the data.
   [exponent] free-exponent fit: runtime_ns ~ count_em ** -0.07
Saved fit model plot to ./results/rq1/20261002-2248-tailored-cssselect_tailored/run1/cssselect_tailored/plots/fitmodel_runtime_ns_vs_count_em_css_select_5_1_0.png
For './results/rq1/20261002-2248-tailored-cssselect_tailored/run1/cssselect_tailored/summary.csv-function_name/css_select_5_2_0', feature 'count_em' and metric 'runtime_ns': dropped 113 of 279 rows (censored, non-positive metric, or zero feature).
For './results/rq1/20261002-2248-tailored-cssselect_tailored/run1/cssselect_tailored/summary.csv-function_name/css_select_5_2_0', feature 'count_em' and metric 'runtime_ns' the best fit is:
Best : Constant: time = 3.9E+04 (sec)                               
Constant: time = 3.9E+04 (sec)                                  (res: 83)
Linear: time = 3.6E+04 + 8.2E+02*n (sec)                        (res: 83)
Quadratic: time = 3.5E+04 + 2.2E+02*n^2 (sec)                   (res: 82)
Cubic: time = 3.5E+04 + 39*n^3 (sec)                            (res: 82)
Logarithmic: time = 3.9E+04 + 2.4E+02*log(n) (sec)              (res: 83)
Linearithmic: time = 3.6E+04 + 5.3E+02*n*log(n) (sec)           (res: 83)
Exponential: time = 1.1E+05 * 1^n (sec)                         (res: 4.4E+02)

   [near-tie] within 10%: Cubic, Quadratic, Linearithmic, Linear, Logarithmic, Constant -- chosen by the simplicity bias, not the data.
   [exponent] free-exponent fit: runtime_ns ~ count_em ** -0.13
Saved fit model plot to ./results/rq1/20261002-2248-tailored-cssselect_tailored/run1/cssselect_tailored/plots/fitmodel_runtime_ns_vs_count_em_css_select_5_2_0.png
Plotting 'runtime_ns' vs 'count_span' for './results/rq1/20261002-2248-tailored-cssselect_tailored/run1/cssselect_tailored/summary.csv-function_name/css_select_5_1_0':
Saved plot to ./results/rq1/20261002-2248-tailored-cssselect_tailored/run1/cssselect_tailored/plots/runtime_ns_vs_count_span_css_select_5_1_0.png
Plotting 'runtime_ns' vs 'count_span' for './results/rq1/20261002-2248-tailored-cssselect_tailored/run1/cssselect_tailored/summary.csv-function_name/css_select_5_2_0':
Saved plot to ./results/rq1/20261002-2248-tailored-cssselect_tailored/run1/cssselect_tailored/plots/runtime_ns_vs_count_span_css_select_5_2_0.png
For './results/rq1/20261002-2248-tailored-cssselect_tailored/run1/cssselect_tailored/summary.csv-function_name/css_select_5_1_0', feature 'count_span' and metric 'runtime_ns': dropped 125 of 279 rows (censored, non-positive metric, or zero feature).
For './results/rq1/20261002-2248-tailored-cssselect_tailored/run1/cssselect_tailored/summary.csv-function_name/css_select_5_1_0', feature 'count_span' and metric 'runtime_ns' the best fit is:
Best : Constant: time = 3.1E+04 (sec)                               
Constant: time = 3.1E+04 (sec)                                  (res: 74)
Linear: time = 1.9E+04 + 4.6E+03*n (sec)                        (res: 69)
Quadratic: time = 2.6E+04 + 5.6E+02*n^2 (sec)                   (res: 69)
Cubic: time = 2.8E+04 + 65*n^3 (sec)                            (res: 70)
Logarithmic: time = 2.3E+04 + 1.2E+04*log(n) (sec)              (res: 69)
Linearithmic: time = 2.5E+04 + 2.1E+03*n*log(n) (sec)           (res: 69)
Exponential: time = 6.7E+04 * 1.1^n (sec)                       (res: 3.2E+02)

   [near-tie] within 10%: Linear, Linearithmic, Logarithmic, Quadratic, Cubic, Constant -- chosen by the simplicity bias, not the data.
   [exponent] free-exponent fit: runtime_ns ~ count_span ** 0.18
Saved fit model plot to ./results/rq1/20261002-2248-tailored-cssselect_tailored/run1/cssselect_tailored/plots/fitmodel_runtime_ns_vs_count_span_css_select_5_1_0.png
For './results/rq1/20261002-2248-tailored-cssselect_tailored/run1/cssselect_tailored/summary.csv-function_name/css_select_5_2_0', feature 'count_span' and metric 'runtime_ns': dropped 125 of 279 rows (censored, non-positive metric, or zero feature).
For './results/rq1/20261002-2248-tailored-cssselect_tailored/run1/cssselect_tailored/summary.csv-function_name/css_select_5_2_0', feature 'count_span' and metric 'runtime_ns' the best fit is:
Best : Constant: time = 3.6E+04 (sec)                               
Constant: time = 3.6E+04 (sec)                                  (res: 72)
Linear: time = 2.2E+04 + 5.3E+03*n (sec)                        (res: 67)
Quadratic: time = 2.9E+04 + 6.7E+02*n^2 (sec)                   (res: 67)
Cubic: time = 3.2E+04 + 80*n^3 (sec)                            (res: 68)
Logarithmic: time = 2.6E+04 + 1.3E+04*log(n) (sec)              (res: 67)
Linearithmic: time = 2.9E+04 + 2.4E+03*n*log(n) (sec)           (res: 67)
Exponential: time = 7.5E+04 * 1.1^n (sec)                       (res: 3E+02)

   [near-tie] within 10%: Linear, Linearithmic, Quadratic, Logarithmic, Cubic, Constant -- chosen by the simplicity bias, not the data.
   [exponent] free-exponent fit: runtime_ns ~ count_span ** 0.17
Saved fit model plot to ./results/rq1/20261002-2248-tailored-cssselect_tailored/run1/cssselect_tailored/plots/fitmodel_runtime_ns_vs_count_span_css_select_5_2_0.png
Plotting 'runtime_ns' vs 'count_p' for './results/rq1/20261002-2248-tailored-cssselect_tailored/run1/cssselect_tailored/summary.csv-function_name/css_select_5_1_0':
Saved plot to ./results/rq1/20261002-2248-tailored-cssselect_tailored/run1/cssselect_tailored/plots/runtime_ns_vs_count_p_css_select_5_1_0.png
Plotting 'runtime_ns' vs 'count_p' for './results/rq1/20261002-2248-tailored-cssselect_tailored/run1/cssselect_tailored/summary.csv-function_name/css_select_5_2_0':
Saved plot to ./results/rq1/20261002-2248-tailored-cssselect_tailored/run1/cssselect_tailored/plots/runtime_ns_vs_count_p_css_select_5_2_0.png
For './results/rq1/20261002-2248-tailored-cssselect_tailored/run1/cssselect_tailored/summary.csv-function_name/css_select_5_1_0', feature 'count_p' and metric 'runtime_ns': dropped 123 of 279 rows (censored, non-positive metric, or zero feature).
For './results/rq1/20261002-2248-tailored-cssselect_tailored/run1/cssselect_tailored/summary.csv-function_name/css_select_5_1_0', feature 'count_p' and metric 'runtime_ns' the best fit is:
Best : Constant: time = 3.1E+04 (sec)                               
Constant: time = 3.1E+04 (sec)                                  (res: 84)
Linear: time = 3.5E+04 + -9.8E+02*n (sec)                       (res: 83)
Quadratic: time = 3.1E+04 + -24*n^2 (sec)                       (res: 84)
Cubic: time = 3.1E+04 + 1.4*n^3 (sec)                           (res: 84)
Logarithmic: time = 3.9E+04 + -6.7E+03*log(n) (sec)             (res: 82)
Linearithmic: time = 3.3E+04 + -2.6E+02*n*log(n) (sec)          (res: 84)
Exponential: time = 1.1E+05 * 0.99^n (sec)                      (res: 5.4E+02)

   [near-tie] within 10%: Logarithmic, Linear, Linearithmic, Quadratic, Cubic, Constant -- chosen by the simplicity bias, not the data.
   [exponent] free-exponent fit: runtime_ns ~ count_p ** -0.15
Saved fit model plot to ./results/rq1/20261002-2248-tailored-cssselect_tailored/run1/cssselect_tailored/plots/fitmodel_runtime_ns_vs_count_p_css_select_5_1_0.png
For './results/rq1/20261002-2248-tailored-cssselect_tailored/run1/cssselect_tailored/summary.csv-function_name/css_select_5_2_0', feature 'count_p' and metric 'runtime_ns': dropped 123 of 279 rows (censored, non-positive metric, or zero feature).
For './results/rq1/20261002-2248-tailored-cssselect_tailored/run1/cssselect_tailored/summary.csv-function_name/css_select_5_2_0', feature 'count_p' and metric 'runtime_ns' the best fit is:
Best : Constant: time = 3.5E+04 (sec)                               
Constant: time = 3.5E+04 (sec)                                  (res: 83)
Linear: time = 3.9E+04 + -9.5E+02*n (sec)                       (res: 82)
Quadratic: time = 3.6E+04 + -23*n^2 (sec)                       (res: 82)
Cubic: time = 3.5E+04 + 1.5*n^3 (sec)                           (res: 82)
Logarithmic: time = 4.2E+04 + -6.4E+03*log(n) (sec)             (res: 81)
Linearithmic: time = 3.7E+04 + -2.5E+02*n*log(n) (sec)          (res: 82)
Exponential: time = 1.3E+05 * 0.98^n (sec)                      (res: 5.3E+02)

   [near-tie] within 10%: Logarithmic, Linear, Linearithmic, Quadratic, Cubic, Constant -- chosen by the simplicity bias, not the data.
   [exponent] free-exponent fit: runtime_ns ~ count_p ** -0.18
Saved fit model plot to ./results/rq1/20261002-2248-tailored-cssselect_tailored/run1/cssselect_tailored/plots/fitmodel_runtime_ns_vs_count_p_css_select_5_2_0.png
Plotting 'runtime_ns' vs 'count_phrasing_content' for './results/rq1/20261002-2248-tailored-cssselect_tailored/run1/cssselect_tailored/summary.csv-function_name/css_select_5_1_0':
Saved plot to ./results/rq1/20261002-2248-tailored-cssselect_tailored/run1/cssselect_tailored/plots/runtime_ns_vs_count_phrasing_content_css_select_5_1_0.png
Plotting 'runtime_ns' vs 'count_phrasing_content' for './results/rq1/20261002-2248-tailored-cssselect_tailored/run1/cssselect_tailored/summary.csv-function_name/css_select_5_2_0':
Saved plot to ./results/rq1/20261002-2248-tailored-cssselect_tailored/run1/cssselect_tailored/plots/runtime_ns_vs_count_phrasing_content_css_select_5_2_0.png
For './results/rq1/20261002-2248-tailored-cssselect_tailored/run1/cssselect_tailored/summary.csv-function_name/css_select_5_1_0', feature 'count_phrasing_content' and metric 'runtime_ns': dropped 103 of 279 rows (censored, non-positive metric, or zero feature).
For './results/rq1/20261002-2248-tailored-cssselect_tailored/run1/cssselect_tailored/summary.csv-function_name/css_select_5_1_0', feature 'count_phrasing_content' and metric 'runtime_ns' the best fit is:
Best : Constant: time = 3.2E+04 (sec)                               
Constant: time = 3.2E+04 (sec)                                  (res: 89)
Linear: time = 3E+04 + 4.9E+02*n (sec)                          (res: 88)
Quadratic: time = 3E+04 + 52*n^2 (sec)                          (res: 88)
Cubic: time = 3.1E+04 + 4.5*n^3 (sec)                           (res: 88)
Logarithmic: time = 3.3E+04 + -4E+02*log(n) (sec)               (res: 89)
Linearithmic: time = 3E+04 + 2.2E+02*n*log(n) (sec)             (res: 88)
Exponential: time = 8.8E+04 * 1^n (sec)                         (res: 4.8E+02)

   [near-tie] within 10%: Cubic, Quadratic, Linearithmic, Linear, Logarithmic, Constant -- chosen by the simplicity bias, not the data.
   [exponent] free-exponent fit: runtime_ns ~ count_phrasing_content ** -0.08
Saved fit model plot to ./results/rq1/20261002-2248-tailored-cssselect_tailored/run1/cssselect_tailored/plots/fitmodel_runtime_ns_vs_count_phrasing_content_css_select_5_1_0.png
For './results/rq1/20261002-2248-tailored-cssselect_tailored/run1/cssselect_tailored/summary.csv-function_name/css_select_5_2_0', feature 'count_phrasing_content' and metric 'runtime_ns': dropped 103 of 279 rows (censored, non-positive metric, or zero feature).
For './results/rq1/20261002-2248-tailored-cssselect_tailored/run1/cssselect_tailored/summary.csv-function_name/css_select_5_2_0', feature 'count_phrasing_content' and metric 'runtime_ns' the best fit is:
Best : Constant: time = 3.7E+04 (sec)                               
Constant: time = 3.7E+04 (sec)                                  (res: 87)
Linear: time = 3.3E+04 + 7.3E+02*n (sec)                        (res: 86)
Quadratic: time = 3.4E+04 + 69*n^2 (sec)                        (res: 86)
Cubic: time = 3.5E+04 + 5.5*n^3 (sec)                           (res: 86)
Logarithmic: time = 3.6E+04 + 4.9E+02*log(n) (sec)              (res: 87)
Linearithmic: time = 3.4E+04 + 3.1E+02*n*log(n) (sec)           (res: 86)
Exponential: time = 1E+05 * 1^n (sec)                           (res: 4.6E+02)

   [near-tie] within 10%: Cubic, Quadratic, Linearithmic, Linear, Logarithmic, Constant -- chosen by the simplicity bias, not the data.
   [exponent] free-exponent fit: runtime_ns ~ count_phrasing_content ** -0.14
Saved fit model plot to ./results/rq1/20261002-2248-tailored-cssselect_tailored/run1/cssselect_tailored/plots/fitmodel_runtime_ns_vs_count_phrasing_content_css_select_5_2_0.png
Plotting 'runtime_ns' vs 'count_div' for './results/rq1/20261002-2248-tailored-cssselect_tailored/run1/cssselect_tailored/summary.csv-function_name/css_select_5_1_0':
Saved plot to ./results/rq1/20261002-2248-tailored-cssselect_tailored/run1/cssselect_tailored/plots/runtime_ns_vs_count_div_css_select_5_1_0.png
Plotting 'runtime_ns' vs 'count_div' for './results/rq1/20261002-2248-tailored-cssselect_tailored/run1/cssselect_tailored/summary.csv-function_name/css_select_5_2_0':
Saved plot to ./results/rq1/20261002-2248-tailored-cssselect_tailored/run1/cssselect_tailored/plots/runtime_ns_vs_count_div_css_select_5_2_0.png
For './results/rq1/20261002-2248-tailored-cssselect_tailored/run1/cssselect_tailored/summary.csv-function_name/css_select_5_1_0', feature 'count_div' and metric 'runtime_ns': dropped 93 of 279 rows (censored, non-positive metric, or zero feature).
For './results/rq1/20261002-2248-tailored-cssselect_tailored/run1/cssselect_tailored/summary.csv-function_name/css_select_5_1_0', feature 'count_div' and metric 'runtime_ns' the best fit is:
Best : Constant: time = 3.3E+04 (sec)                               
Constant: time = 3.3E+04 (sec)                                  (res: 1.1E+02)
Linear: time = 3.9E+04 + -9.7E+02*n (sec)                       (res: 1.1E+02)
Quadratic: time = 3.5E+04 + -35*n^2 (sec)                       (res: 1.1E+02)
Cubic: time = 3.4E+04 + -1.1*n^3 (sec)                          (res: 1.1E+02)
Logarithmic: time = 4.2E+04 + -5.9E+03*log(n) (sec)             (res: 1.1E+02)
Linearithmic: time = 3.7E+04 + -2.8E+02*n*log(n) (sec)          (res: 1.1E+02)
Exponential: time = 1.9E+05 * 0.93^n (sec)                      (res: 8.6E+02)

   [near-tie] within 10%: Logarithmic, Linear, Linearithmic, Quadratic, Cubic, Constant -- chosen by the simplicity bias, not the data.
   [exponent] free-exponent fit: runtime_ns ~ count_div ** -0.42
Saved fit model plot to ./results/rq1/20261002-2248-tailored-cssselect_tailored/run1/cssselect_tailored/plots/fitmodel_runtime_ns_vs_count_div_css_select_5_1_0.png
For './results/rq1/20261002-2248-tailored-cssselect_tailored/run1/cssselect_tailored/summary.csv-function_name/css_select_5_2_0', feature 'count_div' and metric 'runtime_ns': dropped 93 of 279 rows (censored, non-positive metric, or zero feature).
For './results/rq1/20261002-2248-tailored-cssselect_tailored/run1/cssselect_tailored/summary.csv-function_name/css_select_5_2_0', feature 'count_div' and metric 'runtime_ns' the best fit is:
Best : Constant: time = 3.7E+04 (sec)                               
Constant: time = 3.7E+04 (sec)                                  (res: 1.1E+02)
Linear: time = 4.2E+04 + -8.4E+02*n (sec)                       (res: 1.1E+02)
Quadratic: time = 3.9E+04 + -31*n^2 (sec)                       (res: 1.1E+02)
Cubic: time = 3.8E+04 + -1*n^3 (sec)                            (res: 1.1E+02)
Logarithmic: time = 4.4E+04 + -4.8E+03*log(n) (sec)             (res: 1.1E+02)
Linearithmic: time = 4E+04 + -2.5E+02*n*log(n) (sec)            (res: 1.1E+02)
Exponential: time = 2.4E+05 * 0.92^n (sec)                      (res: 1E+03)

   [near-tie] within 10%: Logarithmic, Linear, Linearithmic, Quadratic, Cubic, Constant -- chosen by the simplicity bias, not the data.
   [exponent] free-exponent fit: runtime_ns ~ count_div ** -0.50
Saved fit model plot to ./results/rq1/20261002-2248-tailored-cssselect_tailored/run1/cssselect_tailored/plots/fitmodel_runtime_ns_vs_count_div_css_select_5_2_0.png
Plotting 'runtime_ns' vs 'count_phrasing_item' for './results/rq1/20261002-2248-tailored-cssselect_tailored/run1/cssselect_tailored/summary.csv-function_name/css_select_5_1_0':
Saved plot to ./results/rq1/20261002-2248-tailored-cssselect_tailored/run1/cssselect_tailored/plots/runtime_ns_vs_count_phrasing_item_css_select_5_1_0.png
Plotting 'runtime_ns' vs 'count_phrasing_item' for './results/rq1/20261002-2248-tailored-cssselect_tailored/run1/cssselect_tailored/summary.csv-function_name/css_select_5_2_0':
Saved plot to ./results/rq1/20261002-2248-tailored-cssselect_tailored/run1/cssselect_tailored/plots/runtime_ns_vs_count_phrasing_item_css_select_5_2_0.png
For './results/rq1/20261002-2248-tailored-cssselect_tailored/run1/cssselect_tailored/summary.csv-function_name/css_select_5_1_0', feature 'count_phrasing_item' and metric 'runtime_ns': dropped 128 of 279 rows (censored, non-positive metric, or zero feature).
For './results/rq1/20261002-2248-tailored-cssselect_tailored/run1/cssselect_tailored/summary.csv-function_name/css_select_5_1_0', feature 'count_phrasing_item' and metric 'runtime_ns' the best fit is:
Best : Constant: time = 3.2E+04 (sec)                               
Constant: time = 3.2E+04 (sec)                                  (res: 72)
Linear: time = 2.5E+04 + 3.1E+02*n (sec)                        (res: 71)
Quadratic: time = 2.6E+04 + 8.9*n^2 (sec)                       (res: 69)
Cubic: time = 2.8E+04 + 0.19*n^3 (sec)                          (res: 68)
Logarithmic: time = 2.5E+04 + 2.4E+03*log(n) (sec)              (res: 72)
Linearithmic: time = 2.6E+04 + 87*n*log(n) (sec)                (res: 71)
Exponential: time = 6.4E+04 * 1^n (sec)                         (res: 3.2E+02)

   [near-tie] within 10%: Cubic, Quadratic, Linearithmic, Linear, Logarithmic, Constant -- chosen by the simplicity bias, not the data.
   [exponent] free-exponent fit: runtime_ns ~ count_phrasing_item ** 0.17
Saved fit model plot to ./results/rq1/20261002-2248-tailored-cssselect_tailored/run1/cssselect_tailored/plots/fitmodel_runtime_ns_vs_count_phrasing_item_css_select_5_1_0.png
For './results/rq1/20261002-2248-tailored-cssselect_tailored/run1/cssselect_tailored/summary.csv-function_name/css_select_5_2_0', feature 'count_phrasing_item' and metric 'runtime_ns': dropped 128 of 279 rows (censored, non-positive metric, or zero feature).
For './results/rq1/20261002-2248-tailored-cssselect_tailored/run1/cssselect_tailored/summary.csv-function_name/css_select_5_2_0', feature 'count_phrasing_item' and metric 'runtime_ns' the best fit is:
Best : Constant: time = 3.6E+04 (sec)                               
Constant: time = 3.6E+04 (sec)                                  (res: 70)
Linear: time = 2.9E+04 + 3.6E+02*n (sec)                        (res: 69)
Quadratic: time = 3E+04 + 9.7*n^2 (sec)                         (res: 67)
Cubic: time = 3.2E+04 + 0.2*n^3 (sec)                           (res: 66)
Logarithmic: time = 2.7E+04 + 3.2E+03*log(n) (sec)              (res: 70)
Linearithmic: time = 3E+04 + 98*n*log(n) (sec)                  (res: 68)
Exponential: time = 7.2E+04 * 1^n (sec)                         (res: 2.9E+02)

   [near-tie] within 10%: Cubic, Quadratic, Linearithmic, Linear, Logarithmic, Constant -- chosen by the simplicity bias, not the data.
   [exponent] free-exponent fit: runtime_ns ~ count_phrasing_item ** 0.15
Saved fit model plot to ./results/rq1/20261002-2248-tailored-cssselect_tailored/run1/cssselect_tailored/plots/fitmodel_runtime_ns_vs_count_phrasing_item_css_select_5_2_0.png
Plotting 'runtime_ns' vs 'count_leaf_items' for './results/rq1/20261002-2248-tailored-cssselect_tailored/run1/cssselect_tailored/summary.csv-function_name/css_select_5_1_0':
Saved plot to ./results/rq1/20261002-2248-tailored-cssselect_tailored/run1/cssselect_tailored/plots/runtime_ns_vs_count_leaf_items_css_select_5_1_0.png
Plotting 'runtime_ns' vs 'count_leaf_items' for './results/rq1/20261002-2248-tailored-cssselect_tailored/run1/cssselect_tailored/summary.csv-function_name/css_select_5_2_0':
Saved plot to ./results/rq1/20261002-2248-tailored-cssselect_tailored/run1/cssselect_tailored/plots/runtime_ns_vs_count_leaf_items_css_select_5_2_0.png
For './results/rq1/20261002-2248-tailored-cssselect_tailored/run1/cssselect_tailored/summary.csv-function_name/css_select_5_1_0', feature 'count_leaf_items' and metric 'runtime_ns': dropped 156 of 279 rows (censored, non-positive metric, or zero feature).
For './results/rq1/20261002-2248-tailored-cssselect_tailored/run1/cssselect_tailored/summary.csv-function_name/css_select_5_1_0', feature 'count_leaf_items' and metric 'runtime_ns' the best fit is:
Best : Constant: time = 3.3E+04 (sec)                               
Constant: time = 3.3E+04 (sec)                                  (res: 65)
Linear: time = 3.5E+04 + -5.5E+02*n (sec)                       (res: 64)
Quadratic: time = 3.3E+04 + -1.2*n^2 (sec)                      (res: 65)
Cubic: time = 3.3E+04 + 0.1*n^3 (sec)                           (res: 65)
Logarithmic: time = 4.1E+04 + -6.8E+03*log(n) (sec)             (res: 64)
Linearithmic: time = 3.3E+04 + -87*n*log(n) (sec)               (res: 65)
Exponential: time = 1.1E+05 * 1^n (sec)                         (res: 3.7E+02)

   [near-tie] within 10%: Logarithmic, Linear, Linearithmic, Cubic, Quadratic, Constant -- chosen by the simplicity bias, not the data.
   [exponent] free-exponent fit: runtime_ns ~ count_leaf_items ** -0.00
Saved fit model plot to ./results/rq1/20261002-2248-tailored-cssselect_tailored/run1/cssselect_tailored/plots/fitmodel_runtime_ns_vs_count_leaf_items_css_select_5_1_0.png
For './results/rq1/20261002-2248-tailored-cssselect_tailored/run1/cssselect_tailored/summary.csv-function_name/css_select_5_2_0', feature 'count_leaf_items' and metric 'runtime_ns': dropped 156 of 279 rows (censored, non-positive metric, or zero feature).
For './results/rq1/20261002-2248-tailored-cssselect_tailored/run1/cssselect_tailored/summary.csv-function_name/css_select_5_2_0', feature 'count_leaf_items' and metric 'runtime_ns' the best fit is:
Best : Constant: time = 3.7E+04 (sec)                               
Constant: time = 3.7E+04 (sec)                                  (res: 63)
Linear: time = 4E+04 + -5.2E+02*n (sec)                         (res: 63)
Quadratic: time = 3.8E+04 + -2.3*n^2 (sec)                      (res: 63)
Cubic: time = 3.7E+04 + 0.0095*n^3 (sec)                        (res: 63)
Logarithmic: time = 4.5E+04 + -6.7E+03*log(n) (sec)             (res: 62)
Linearithmic: time = 3.8E+04 + -85*n*log(n) (sec)               (res: 63)
Exponential: time = 1.2E+05 * 1^n (sec)                         (res: 3.5E+02)

   [near-tie] within 10%: Logarithmic, Linear, Linearithmic, Quadratic, Cubic, Constant -- chosen by the simplicity bias, not the data.
   [exponent] free-exponent fit: runtime_ns ~ count_leaf_items ** -0.01
Saved fit model plot to ./results/rq1/20261002-2248-tailored-cssselect_tailored/run1/cssselect_tailored/plots/fitmodel_runtime_ns_vs_count_leaf_items_css_select_5_2_0.png
Plotting 'runtime_ns' vs 'count_leaf_item' for './results/rq1/20261002-2248-tailored-cssselect_tailored/run1/cssselect_tailored/summary.csv-function_name/css_select_5_1_0':
Saved plot to ./results/rq1/20261002-2248-tailored-cssselect_tailored/run1/cssselect_tailored/plots/runtime_ns_vs_count_leaf_item_css_select_5_1_0.png
Plotting 'runtime_ns' vs 'count_leaf_item' for './results/rq1/20261002-2248-tailored-cssselect_tailored/run1/cssselect_tailored/summary.csv-function_name/css_select_5_2_0':
Saved plot to ./results/rq1/20261002-2248-tailored-cssselect_tailored/run1/cssselect_tailored/plots/runtime_ns_vs_count_leaf_item_css_select_5_2_0.png
For './results/rq1/20261002-2248-tailored-cssselect_tailored/run1/cssselect_tailored/summary.csv-function_name/css_select_5_1_0', feature 'count_leaf_item' and metric 'runtime_ns': dropped 156 of 279 rows (censored, non-positive metric, or zero feature).
For './results/rq1/20261002-2248-tailored-cssselect_tailored/run1/cssselect_tailored/summary.csv-function_name/css_select_5_1_0', feature 'count_leaf_item' and metric 'runtime_ns' the best fit is:
Best : Constant: time = 3.3E+04 (sec)                               
Constant: time = 3.3E+04 (sec)                                  (res: 65)
Linear: time = 4E+04 + -4.9E+02*n (sec)                         (res: 63)
Quadratic: time = 3.4E+04 + -2.7*n^2 (sec)                      (res: 65)
Cubic: time = 3.2E+04 + 0.044*n^3 (sec)                         (res: 65)
Logarithmic: time = 5.5E+04 + -8.9E+03*log(n) (sec)             (res: 62)
Linearithmic: time = 3.7E+04 + -1E+02*n*log(n) (sec)            (res: 64)
Exponential: time = 1E+05 * 1^n (sec)                           (res: 3.8E+02)

   [near-tie] within 10%: Logarithmic, Linear, Linearithmic, Quadratic, Cubic, Constant -- chosen by the simplicity bias, not the data.
   [exponent] free-exponent fit: runtime_ns ~ count_leaf_item ** -0.01
Saved fit model plot to ./results/rq1/20261002-2248-tailored-cssselect_tailored/run1/cssselect_tailored/plots/fitmodel_runtime_ns_vs_count_leaf_item_css_select_5_1_0.png
For './results/rq1/20261002-2248-tailored-cssselect_tailored/run1/cssselect_tailored/summary.csv-function_name/css_select_5_2_0', feature 'count_leaf_item' and metric 'runtime_ns': dropped 156 of 279 rows (censored, non-positive metric, or zero feature).
For './results/rq1/20261002-2248-tailored-cssselect_tailored/run1/cssselect_tailored/summary.csv-function_name/css_select_5_2_0', feature 'count_leaf_item' and metric 'runtime_ns' the best fit is:
Best : Constant: time = 3.7E+04 (sec)                               
Constant: time = 3.7E+04 (sec)                                  (res: 63)
Linear: time = 4.4E+04 + -4.5E+02*n (sec)                       (res: 62)
Quadratic: time = 3.8E+04 + -1.6*n^2 (sec)                      (res: 63)
Cubic: time = 3.7E+04 + 0.064*n^3 (sec)                         (res: 63)
Logarithmic: time = 5.7E+04 + -8.2E+03*log(n) (sec)             (res: 61)
Linearithmic: time = 4.1E+04 + -92*n*log(n) (sec)               (res: 62)
Exponential: time = 1.1E+05 * 1^n (sec)                         (res: 3.7E+02)

   [near-tie] within 10%: Logarithmic, Linear, Linearithmic, Cubic, Quadratic, Constant -- chosen by the simplicity bias, not the data.
   [exponent] free-exponent fit: runtime_ns ~ count_leaf_item ** 0.00
Saved fit model plot to ./results/rq1/20261002-2248-tailored-cssselect_tailored/run1/cssselect_tailored/plots/fitmodel_runtime_ns_vs_count_leaf_item_css_select_5_2_0.png
Plotting 'runtime_ns' vs 'count_lang_tag' for './results/rq1/20261002-2248-tailored-cssselect_tailored/run1/cssselect_tailored/summary.csv-function_name/css_select_5_1_0':
Saved plot to ./results/rq1/20261002-2248-tailored-cssselect_tailored/run1/cssselect_tailored/plots/runtime_ns_vs_count_lang_tag_css_select_5_1_0.png
Plotting 'runtime_ns' vs 'count_lang_tag' for './results/rq1/20261002-2248-tailored-cssselect_tailored/run1/cssselect_tailored/summary.csv-function_name/css_select_5_2_0':
Saved plot to ./results/rq1/20261002-2248-tailored-cssselect_tailored/run1/cssselect_tailored/plots/runtime_ns_vs_count_lang_tag_css_select_5_2_0.png
For './results/rq1/20261002-2248-tailored-cssselect_tailored/run1/cssselect_tailored/summary.csv-function_name/css_select_5_1_0', feature 'count_lang_tag' and metric 'runtime_ns': dropped 73 of 279 rows (censored, non-positive metric, or zero feature).
For './results/rq1/20261002-2248-tailored-cssselect_tailored/run1/cssselect_tailored/summary.csv-function_name/css_select_5_1_0', feature 'count_lang_tag' and metric 'runtime_ns' the best fit is:
Best : Constant: time = 2.7E+04 (sec)                               
Constant: time = 2.7E+04 (sec)                                  (res: 1.1E+02)
Linear: time = 2.5E+04 + 72*n (sec)                             (res: 1.1E+02)
Quadratic: time = 2.6E+04 + 0.95*n^2 (sec)                      (res: 1.1E+02)
Cubic: time = 2.6E+04 + 0.019*n^3 (sec)                         (res: 1.1E+02)
Logarithmic: time = 2.2E+04 + 1.8E+03*log(n) (sec)              (res: 1.1E+02)
Linearithmic: time = 2.5E+04 + 16*n*log(n) (sec)                (res: 1.1E+02)
Exponential: time = 7.7E+04 * 1^n (sec)                         (res: 6.8E+02)

   [near-tie] within 10%: Logarithmic, Linear, Linearithmic, Cubic, Quadratic, Constant -- chosen by the simplicity bias, not the data.
   [exponent] free-exponent fit: runtime_ns ~ count_lang_tag ** 0.08
Saved fit model plot to ./results/rq1/20261002-2248-tailored-cssselect_tailored/run1/cssselect_tailored/plots/fitmodel_runtime_ns_vs_count_lang_tag_css_select_5_1_0.png
For './results/rq1/20261002-2248-tailored-cssselect_tailored/run1/cssselect_tailored/summary.csv-function_name/css_select_5_2_0', feature 'count_lang_tag' and metric 'runtime_ns': dropped 73 of 279 rows (censored, non-positive metric, or zero feature).
For './results/rq1/20261002-2248-tailored-cssselect_tailored/run1/cssselect_tailored/summary.csv-function_name/css_select_5_2_0', feature 'count_lang_tag' and metric 'runtime_ns' the best fit is:
Best : Constant: time = 3E+04 (sec)                                 
Constant: time = 3E+04 (sec)                                    (res: 1.1E+02)
Linear: time = 2.6E+04 + 1.3E+02*n (sec)                        (res: 1.1E+02)
Quadratic: time = 2.7E+04 + 2*n^2 (sec)                         (res: 1.1E+02)
Cubic: time = 2.8E+04 + 0.036*n^3 (sec)                         (res: 1.1E+02)
Logarithmic: time = 2.3E+04 + 2.6E+03*log(n) (sec)              (res: 1.1E+02)
Linearithmic: time = 2.7E+04 + 29*n*log(n) (sec)                (res: 1.1E+02)
Exponential: time = 8.9E+04 * 1^n (sec)                         (res: 6.7E+02)

   [near-tie] within 10%: Logarithmic, Linear, Linearithmic, Cubic, Quadratic, Constant -- chosen by the simplicity bias, not the data.
   [exponent] free-exponent fit: runtime_ns ~ count_lang_tag ** 0.04
Saved fit model plot to ./results/rq1/20261002-2248-tailored-cssselect_tailored/run1/cssselect_tailored/plots/fitmodel_runtime_ns_vs_count_lang_tag_css_select_5_2_0.png
Plotting 'runtime_ns' vs 'count_data_attr' for './results/rq1/20261002-2248-tailored-cssselect_tailored/run1/cssselect_tailored/summary.csv-function_name/css_select_5_1_0':
Saved plot to ./results/rq1/20261002-2248-tailored-cssselect_tailored/run1/cssselect_tailored/plots/runtime_ns_vs_count_data_attr_css_select_5_1_0.png
Plotting 'runtime_ns' vs 'count_data_attr' for './results/rq1/20261002-2248-tailored-cssselect_tailored/run1/cssselect_tailored/summary.csv-function_name/css_select_5_2_0':
Saved plot to ./results/rq1/20261002-2248-tailored-cssselect_tailored/run1/cssselect_tailored/plots/runtime_ns_vs_count_data_attr_css_select_5_2_0.png
For './results/rq1/20261002-2248-tailored-cssselect_tailored/run1/cssselect_tailored/summary.csv-function_name/css_select_5_1_0', feature 'count_data_attr' and metric 'runtime_ns': dropped 69 of 279 rows (censored, non-positive metric, or zero feature).
For './results/rq1/20261002-2248-tailored-cssselect_tailored/run1/cssselect_tailored/summary.csv-function_name/css_select_5_1_0', feature 'count_data_attr' and metric 'runtime_ns' the best fit is:
Best : Constant: time = 2.8E+04 (sec)                               
Constant: time = 2.8E+04 (sec)                                  (res: 1.2E+02)
Linear: time = 2.9E+04 + -28*n (sec)                            (res: 1.2E+02)
Quadratic: time = 2.8E+04 + 0.0025*n^2 (sec)                    (res: 1.2E+02)
Cubic: time = 2.7E+04 + 0.089*n^3 (sec)                         (res: 1.2E+02)
Logarithmic: time = 2.8E+04 + -56*log(n) (sec)                  (res: 1.2E+02)
Linearithmic: time = 2.8E+04 + -7.6*n*log(n) (sec)              (res: 1.2E+02)
Exponential: time = 9.7E+04 * 1^n (sec)                         (res: 7.9E+02)

   [near-tie] within 10%: Cubic, Linear, Linearithmic, Logarithmic, Quadratic, Constant -- chosen by the simplicity bias, not the data.
   [exponent] free-exponent fit: runtime_ns ~ count_data_attr ** -0.10
Saved fit model plot to ./results/rq1/20261002-2248-tailored-cssselect_tailored/run1/cssselect_tailored/plots/fitmodel_runtime_ns_vs_count_data_attr_css_select_5_1_0.png
For './results/rq1/20261002-2248-tailored-cssselect_tailored/run1/cssselect_tailored/summary.csv-function_name/css_select_5_2_0', feature 'count_data_attr' and metric 'runtime_ns': dropped 69 of 279 rows (censored, non-positive metric, or zero feature).
For './results/rq1/20261002-2248-tailored-cssselect_tailored/run1/cssselect_tailored/summary.csv-function_name/css_select_5_2_0', feature 'count_data_attr' and metric 'runtime_ns' the best fit is:
Best : Constant: time = 3.2E+04 (sec)                               
Constant: time = 3.2E+04 (sec)                                  (res: 1.2E+02)
Linear: time = 3.1E+04 + 10*n (sec)                             (res: 1.2E+02)
Quadratic: time = 3.1E+04 + 2*n^2 (sec)                         (res: 1.2E+02)
Cubic: time = 3E+04 + 0.17*n^3 (sec)                            (res: 1.2E+02)
Logarithmic: time = 3.1E+04 + 74*log(n) (sec)                   (res: 1.2E+02)
Linearithmic: time = 3.1E+04 + 5.1*n*log(n) (sec)               (res: 1.2E+02)
Exponential: time = 1.1E+05 * 1^n (sec)                         (res: 7.8E+02)

   [near-tie] within 10%: Cubic, Quadratic, Linearithmic, Linear, Logarithmic, Constant -- chosen by the simplicity bias, not the data.
   [exponent] free-exponent fit: runtime_ns ~ count_data_attr ** -0.15
Saved fit model plot to ./results/rq1/20261002-2248-tailored-cssselect_tailored/run1/cssselect_tailored/plots/fitmodel_runtime_ns_vs_count_data_attr_css_select_5_2_0.png
Plotting 'runtime_ns' vs 'count_more_node' for './results/rq1/20261002-2248-tailored-cssselect_tailored/run1/cssselect_tailored/summary.csv-function_name/css_select_5_1_0':
Saved plot to ./results/rq1/20261002-2248-tailored-cssselect_tailored/run1/cssselect_tailored/plots/runtime_ns_vs_count_more_node_css_select_5_1_0.png
Plotting 'runtime_ns' vs 'count_more_node' for './results/rq1/20261002-2248-tailored-cssselect_tailored/run1/cssselect_tailored/summary.csv-function_name/css_select_5_2_0':
Saved plot to ./results/rq1/20261002-2248-tailored-cssselect_tailored/run1/cssselect_tailored/plots/runtime_ns_vs_count_more_node_css_select_5_2_0.png
For './results/rq1/20261002-2248-tailored-cssselect_tailored/run1/cssselect_tailored/summary.csv-function_name/css_select_5_1_0', feature 'count_more_node' and metric 'runtime_ns': dropped 153 of 279 rows (censored, non-positive metric, or zero feature).
For './results/rq1/20261002-2248-tailored-cssselect_tailored/run1/cssselect_tailored/summary.csv-function_name/css_select_5_1_0', feature 'count_more_node' and metric 'runtime_ns' the best fit is:
Best : Constant: time = 2.5E+04 (sec)                               
Constant: time = 2.5E+04 (sec)                                  (res: 71)
Linear: time = 2.7E+04 + -6.9E+02*n (sec)                       (res: 71)
Quadratic: time = 2.5E+04 + -27*n^2 (sec)                       (res: 71)
Cubic: time = 2.4E+04 + 1.3*n^3 (sec)                           (res: 71)
Logarithmic: time = 2.7E+04 + -2.7E+03*log(n) (sec)             (res: 71)
Linearithmic: time = 2.6E+04 + -2.3E+02*n*log(n) (sec)          (res: 71)
Exponential: time = 9.8E+04 * 0.99^n (sec)                      (res: 5.2E+02)

   [near-tie] within 10%: Logarithmic, Linear, Linearithmic, Quadratic, Cubic, Constant -- chosen by the simplicity bias, not the data.
   [exponent] free-exponent fit: runtime_ns ~ count_more_node ** 0.00
Saved fit model plot to ./results/rq1/20261002-2248-tailored-cssselect_tailored/run1/cssselect_tailored/plots/fitmodel_runtime_ns_vs_count_more_node_css_select_5_1_0.png
For './results/rq1/20261002-2248-tailored-cssselect_tailored/run1/cssselect_tailored/summary.csv-function_name/css_select_5_2_0', feature 'count_more_node' and metric 'runtime_ns': dropped 153 of 279 rows (censored, non-positive metric, or zero feature).
For './results/rq1/20261002-2248-tailored-cssselect_tailored/run1/cssselect_tailored/summary.csv-function_name/css_select_5_2_0', feature 'count_more_node' and metric 'runtime_ns' the best fit is:
Best : Constant: time = 2.7E+04 (sec)                               
Constant: time = 2.7E+04 (sec)                                  (res: 72)
Linear: time = 3.1E+04 + -1.1E+03*n (sec)                       (res: 71)
Quadratic: time = 2.8E+04 + -53*n^2 (sec)                       (res: 71)
Cubic: time = 2.7E+04 + 0.038*n^3 (sec)                         (res: 72)
Logarithmic: time = 3.2E+04 + -4.4E+03*log(n) (sec)             (res: 71)
Linearithmic: time = 2.9E+04 + -3.8E+02*n*log(n) (sec)          (res: 71)
Exponential: time = 1.1E+05 * 0.98^n (sec)                      (res: 5.3E+02)

   [near-tie] within 10%: Logarithmic, Linear, Linearithmic, Quadratic, Cubic, Constant -- chosen by the simplicity bias, not the data.
   [exponent] free-exponent fit: runtime_ns ~ count_more_node ** -0.00
Saved fit model plot to ./results/rq1/20261002-2248-tailored-cssselect_tailored/run1/cssselect_tailored/plots/fitmodel_runtime_ns_vs_count_more_node_css_select_5_2_0.png
Plotting 'runtime_ns' vs 'doc_depth' for './results/rq1/20261002-2248-tailored-cssselect_tailored/run1/cssselect_tailored/summary.csv-function_name/css_select_5_1_0':
Saved plot to ./results/rq1/20261002-2248-tailored-cssselect_tailored/run1/cssselect_tailored/plots/runtime_ns_vs_doc_depth_css_select_5_1_0.png
Plotting 'runtime_ns' vs 'doc_depth' for './results/rq1/20261002-2248-tailored-cssselect_tailored/run1/cssselect_tailored/summary.csv-function_name/css_select_5_2_0':
Saved plot to ./results/rq1/20261002-2248-tailored-cssselect_tailored/run1/cssselect_tailored/plots/runtime_ns_vs_doc_depth_css_select_5_2_0.png
For './results/rq1/20261002-2248-tailored-cssselect_tailored/run1/cssselect_tailored/summary.csv-function_name/css_select_5_1_0', feature 'doc_depth' and metric 'runtime_ns' the best fit is:
Best : Constant: time = 2.8E+04 (sec)                               
Constant: time = 2.8E+04 (sec)                                  (res: 1.7E+02)
Linear: time = 2.7E+04 + 2E+02*n (sec)                          (res: 1.7E+02)
Quadratic: time = 2.7E+04 + 13*n^2 (sec)                        (res: 1.7E+02)
Cubic: time = 2.7E+04 + 0.83*n^3 (sec)                          (res: 1.7E+02)
Logarithmic: time = 2.6E+04 + 1.2E+03*log(n) (sec)              (res: 1.7E+02)
Linearithmic: time = 2.7E+04 + 70*n*log(n) (sec)                (res: 1.7E+02)
Exponential: time = 1.8E+05 * 0.95^n (sec)                      (res: 1.5E+03)

   [near-tie] within 10%: Cubic, Quadratic, Linearithmic, Linear, Logarithmic, Constant -- chosen by the simplicity bias, not the data.
   [exponent] free-exponent fit: runtime_ns ~ doc_depth ** -0.51
Saved fit model plot to ./results/rq1/20261002-2248-tailored-cssselect_tailored/run1/cssselect_tailored/plots/fitmodel_runtime_ns_vs_doc_depth_css_select_5_1_0.png
For './results/rq1/20261002-2248-tailored-cssselect_tailored/run1/cssselect_tailored/summary.csv-function_name/css_select_5_2_0', feature 'doc_depth' and metric 'runtime_ns' the best fit is:
Best : Constant: time = 3.1E+04 (sec)                               
Constant: time = 3.1E+04 (sec)                                  (res: 1.7E+02)
Linear: time = 2.7E+04 + 5.6E+02*n (sec)                        (res: 1.7E+02)
Quadratic: time = 2.9E+04 + 31*n^2 (sec)                        (res: 1.7E+02)
Cubic: time = 3E+04 + 1.7*n^3 (sec)                             (res: 1.7E+02)
Logarithmic: time = 2.5E+04 + 3.5E+03*log(n) (sec)              (res: 1.7E+02)
Linearithmic: time = 2.8E+04 + 1.8E+02*n*log(n) (sec)           (res: 1.7E+02)
Exponential: time = 2.4E+05 * 0.93^n (sec)                      (res: 1.8E+03)

   [near-tie] within 10%: Cubic, Quadratic, Linearithmic, Linear, Logarithmic, Constant -- chosen by the simplicity bias, not the data.
   [exponent] free-exponent fit: runtime_ns ~ doc_depth ** -0.65
Saved fit model plot to ./results/rq1/20261002-2248-tailored-cssselect_tailored/run1/cssselect_tailored/plots/fitmodel_runtime_ns_vs_doc_depth_css_select_5_2_0.png
Plotting 'runtime_ns' vs 'doc_bytes' for './results/rq1/20261002-2248-tailored-cssselect_tailored/run1/cssselect_tailored/summary.csv-function_name/css_select_5_1_0':
Saved plot to ./results/rq1/20261002-2248-tailored-cssselect_tailored/run1/cssselect_tailored/plots/runtime_ns_vs_doc_bytes_css_select_5_1_0.png
Plotting 'runtime_ns' vs 'doc_bytes' for './results/rq1/20261002-2248-tailored-cssselect_tailored/run1/cssselect_tailored/summary.csv-function_name/css_select_5_2_0':
Saved plot to ./results/rq1/20261002-2248-tailored-cssselect_tailored/run1/cssselect_tailored/plots/runtime_ns_vs_doc_bytes_css_select_5_2_0.png
For './results/rq1/20261002-2248-tailored-cssselect_tailored/run1/cssselect_tailored/summary.csv-function_name/css_select_5_1_0', feature 'doc_bytes' and metric 'runtime_ns' the best fit is:
Best : Constant: time = 2.8E+04 (sec)                               
Constant: time = 2.8E+04 (sec)                                  (res: 1.7E+02)
Linear: time = 2.3E+04 + 2.6*n (sec)                            (res: 1.7E+02)
Quadratic: time = 2.6E+04 + 0.00036*n^2 (sec)                   (res: 1.6E+02)
Cubic: time = 2.7E+04 + 2.5E-08*n^3 (sec)                       (res: 1.7E+02)
Logarithmic: time = 2.2E+04 + 7.9E+02*log(n) (sec)              (res: 1.7E+02)
Linearithmic: time = 2.3E+04 + 0.32*n*log(n) (sec)              (res: 1.7E+02)
Exponential: time = 1.4E+05 * 1^n (sec)                         (res: 1.5E+03)

   [near-tie] within 10%: Quadratic, Cubic, Linearithmic, Linear, Logarithmic, Constant -- chosen by the simplicity bias, not the data.
   [exponent] free-exponent fit: runtime_ns ~ doc_bytes ** -0.23
Saved fit model plot to ./results/rq1/20261002-2248-tailored-cssselect_tailored/run1/cssselect_tailored/plots/fitmodel_runtime_ns_vs_doc_bytes_css_select_5_1_0.png
For './results/rq1/20261002-2248-tailored-cssselect_tailored/run1/cssselect_tailored/summary.csv-function_name/css_select_5_2_0', feature 'doc_bytes' and metric 'runtime_ns' the best fit is:
Best : Constant: time = 3.1E+04 (sec)                               
Constant: time = 3.1E+04 (sec)                                  (res: 1.7E+02)
Linear: time = 2.4E+04 + 3.5*n (sec)                            (res: 1.7E+02)
Quadratic: time = 2.8E+04 + 0.00045*n^2 (sec)                   (res: 1.7E+02)
Cubic: time = 3E+04 + 3.2E-08*n^3 (sec)                         (res: 1.7E+02)
Logarithmic: time = 2E+04 + 1.6E+03*log(n) (sec)                (res: 1.7E+02)
Linearithmic: time = 2.4E+04 + 0.42*n*log(n) (sec)              (res: 1.7E+02)
Exponential: time = 1.7E+05 * 1^n (sec)                         (res: 1.7E+03)

   [near-tie] within 10%: Quadratic, Cubic, Linearithmic, Linear, Logarithmic, Constant -- chosen by the simplicity bias, not the data.
   [exponent] free-exponent fit: runtime_ns ~ doc_bytes ** -0.28
Saved fit model plot to ./results/rq1/20261002-2248-tailored-cssselect_tailored/run1/cssselect_tailored/plots/fitmodel_runtime_ns_vs_doc_bytes_css_select_5_2_0.png
Plotting 'runtime_ns' vs 'selector_len' for './results/rq1/20261002-2248-tailored-cssselect_tailored/run1/cssselect_tailored/summary.csv-function_name/css_select_5_1_0':
Saved plot to ./results/rq1/20261002-2248-tailored-cssselect_tailored/run1/cssselect_tailored/plots/runtime_ns_vs_selector_len_css_select_5_1_0.png
Plotting 'runtime_ns' vs 'selector_len' for './results/rq1/20261002-2248-tailored-cssselect_tailored/run1/cssselect_tailored/summary.csv-function_name/css_select_5_2_0':
Saved plot to ./results/rq1/20261002-2248-tailored-cssselect_tailored/run1/cssselect_tailored/plots/runtime_ns_vs_selector_len_css_select_5_2_0.png
For './results/rq1/20261002-2248-tailored-cssselect_tailored/run1/cssselect_tailored/summary.csv-function_name/css_select_5_1_0', feature 'selector_len' and metric 'runtime_ns' the best fit is:
Best : Logarithmic: time = -5.8E+04 + 2.1E+04*log(n) (sec)          
Constant: time = 2.8E+04 (sec)                                  (res: 1.7E+02)
Linear: time = 2.1E+04 + 50*n (sec)                             (res: 1E+02)
Quadratic: time = 2.7E+04 + 0.0033*n^2 (sec)                    (res: 1.5E+02)
Cubic: time = 2.8E+04 + 1.5E-07*n^3 (sec)                       (res: 1.6E+02)
Logarithmic: time = -5.8E+04 + 2.1E+04*log(n) (sec)             (res: 1.1E+02)
Linearithmic: time = 2.3E+04 + 5.6*n*log(n) (sec)               (res: 1.1E+02)
Exponential: time = 9.3E+04 * 1^n (sec)                         (res: 8.2E+02)

   [near-tie] within 10%: Linear, Linearithmic, Logarithmic -- chosen by the simplicity bias, not the data.
   [exponent] free-exponent fit: runtime_ns ~ selector_len ** 0.47
Saved fit model plot to ./results/rq1/20261002-2248-tailored-cssselect_tailored/run1/cssselect_tailored/plots/fitmodel_runtime_ns_vs_selector_len_css_select_5_1_0.png
For './results/rq1/20261002-2248-tailored-cssselect_tailored/run1/cssselect_tailored/summary.csv-function_name/css_select_5_2_0', feature 'selector_len' and metric 'runtime_ns' the best fit is:
Best : Logarithmic: time = -5.9E+04 + 2.2E+04*log(n) (sec)          
Constant: time = 3.1E+04 (sec)                                  (res: 1.7E+02)
Linear: time = 2.3E+04 + 58*n (sec)                             (res: 1.1E+02)
Quadratic: time = 3E+04 + 0.0046*n^2 (sec)                      (res: 1.5E+02)
Cubic: time = 3.1E+04 + 2.2E-07*n^3 (sec)                       (res: 1.6E+02)
Logarithmic: time = -5.9E+04 + 2.2E+04*log(n) (sec)             (res: 1.2E+02)
Linearithmic: time = 2.6E+04 + 6.6*n*log(n) (sec)               (res: 1.2E+02)
Exponential: time = 1E+05 * 1^n (sec)                           (res: 8.7E+02)

   [near-tie] within 10%: Linear, Linearithmic, Logarithmic -- chosen by the simplicity bias, not the data.
   [exponent] free-exponent fit: runtime_ns ~ selector_len ** 0.53
Saved fit model plot to ./results/rq1/20261002-2248-tailored-cssselect_tailored/run1/cssselect_tailored/plots/fitmodel_runtime_ns_vs_selector_len_css_select_5_2_0.png
Plotting 'runtime_ns' vs 'selector_nesting' for './results/rq1/20261002-2248-tailored-cssselect_tailored/run1/cssselect_tailored/summary.csv-function_name/css_select_5_1_0':
Saved plot to ./results/rq1/20261002-2248-tailored-cssselect_tailored/run1/cssselect_tailored/plots/runtime_ns_vs_selector_nesting_css_select_5_1_0.png
Plotting 'runtime_ns' vs 'selector_nesting' for './results/rq1/20261002-2248-tailored-cssselect_tailored/run1/cssselect_tailored/summary.csv-function_name/css_select_5_2_0':
Saved plot to ./results/rq1/20261002-2248-tailored-cssselect_tailored/run1/cssselect_tailored/plots/runtime_ns_vs_selector_nesting_css_select_5_2_0.png
For './results/rq1/20261002-2248-tailored-cssselect_tailored/run1/cssselect_tailored/summary.csv-function_name/css_select_5_1_0', feature 'selector_nesting' and metric 'runtime_ns' the best fit is:
Best : Linearithmic: time = 1.9E+04 + 1.6E+04*n*log(n) (sec)        
Constant: time = 2.8E+04 (sec)                                  (res: 1.7E+02)
Linear: time = -1.1E+04 + 3E+04*n (sec)                         (res: 84)
Quadratic: time = 1.6E+04 + 4.9E+03*n^2 (sec)                   (res: 74)
Cubic: time = 2.3E+04 + 6.3E+02*n^3 (sec)                       (res: 87)
Logarithmic: time = 1.8E+04 + 5.4E+04*log(n) (sec)              (res: 1.1E+02)
Linearithmic: time = 1.9E+04 + 1.6E+04*n*log(n) (sec)           (res: 75)
Exponential: time = 4.1E+04 * 1.3^n (sec)                       (res: 2.4E+02)

   [near-tie] within 10%: Quadratic, Linearithmic -- chosen by the simplicity bias, not the data.
   [exponent] free-exponent fit: runtime_ns ~ selector_nesting ** 1.00
Saved fit model plot to ./results/rq1/20261002-2248-tailored-cssselect_tailored/run1/cssselect_tailored/plots/fitmodel_runtime_ns_vs_selector_nesting_css_select_5_1_0.png
For './results/rq1/20261002-2248-tailored-cssselect_tailored/run1/cssselect_tailored/summary.csv-function_name/css_select_5_2_0', feature 'selector_nesting' and metric 'runtime_ns' the best fit is:
Best : Linearithmic: time = 2.2E+04 + 1.8E+04*n*log(n) (sec)        
Constant: time = 3.1E+04 (sec)                                  (res: 1.7E+02)
Linear: time = -1.3E+04 + 3.4E+04*n (sec)                       (res: 90)
Quadratic: time = 1.7E+04 + 6E+03*n^2 (sec)                     (res: 76)
Cubic: time = 2.6E+04 + 8.2E+02*n^3 (sec)                       (res: 86)
Logarithmic: time = 2.1E+04 + 5.9E+04*log(n) (sec)              (res: 1.1E+02)
Linearithmic: time = 2.2E+04 + 1.8E+04*n*log(n) (sec)           (res: 81)
Exponential: time = 4.2E+04 * 1.4^n (sec)                       (res: 2.2E+02)

   [near-tie] within 10%: Quadratic, Linearithmic -- chosen by the simplicity bias, not the data.
   [exponent] free-exponent fit: runtime_ns ~ selector_nesting ** 1.11
Saved fit model plot to ./results/rq1/20261002-2248-tailored-cssselect_tailored/run1/cssselect_tailored/plots/fitmodel_runtime_ns_vs_selector_nesting_css_select_5_2_0.png
Overflow error for './results/rq1/20261002-2248-tailored-cssselect_tailored/run1/cssselect_tailored/summary.csv-function_name/css_select_5_1_0' and combo '('Linear', 'Linear', 'Linear', 'Exponential')'.
Overflow error for './results/rq1/20261002-2248-tailored-cssselect_tailored/run1/cssselect_tailored/summary.csv-function_name/css_select_5_1_0' and combo '('Quadratic', 'Linear', 'Linear', 'Exponential')'.
Overflow error for './results/rq1/20261002-2248-tailored-cssselect_tailored/run1/cssselect_tailored/summary.csv-function_name/css_select_5_1_0' and combo '('Cubic', 'Linear', 'Linear', 'Exponential')'.
Overflow error for './results/rq1/20261002-2248-tailored-cssselect_tailored/run1/cssselect_tailored/summary.csv-function_name/css_select_5_1_0' and combo '('Logarithmic', 'Linear', 'Linear', 'Exponential')'.
Overflow error for './results/rq1/20261002-2248-tailored-cssselect_tailored/run1/cssselect_tailored/summary.csv-function_name/css_select_5_1_0' and combo '('Exponential', 'Linear', 'Linear', 'Exponential')'.
Overflow error for './results/rq1/20261002-2248-tailored-cssselect_tailored/run1/cssselect_tailored/summary.csv-function_name/css_select_5_1_0' and combo '('LogLinear', 'Linear', 'Linear', 'Exponential')'.
Overflow error for './results/rq1/20261002-2248-tailored-cssselect_tailored/run1/cssselect_tailored/summary.csv-function_name/css_select_5_1_0' and combo '('Linear', 'Quadratic', 'Linear', 'Exponential')'.
Overflow error for './results/rq1/20261002-2248-tailored-cssselect_tailored/run1/cssselect_tailored/summary.csv-function_name/css_select_5_1_0' and combo '('Quadratic', 'Quadratic', 'Linear', 'Exponential')'.
Overflow error for './results/rq1/20261002-2248-tailored-cssselect_tailored/run1/cssselect_tailored/summary.csv-function_name/css_select_5_1_0' and combo '('Cubic', 'Quadratic', 'Linear', 'Exponential')'.
Overflow error for './results/rq1/20261002-2248-tailored-cssselect_tailored/run1/cssselect_tailored/summary.csv-function_name/css_select_5_1_0' and combo '('Logarithmic', 'Quadratic', 'Linear', 'Exponential')'.
Overflow error for './results/rq1/20261002-2248-tailored-cssselect_tailored/run1/cssselect_tailored/summary.csv-function_name/css_select_5_1_0' and combo '('Exponential', 'Quadratic', 'Linear', 'Exponential')'.
Overflow error for './results/rq1/20261002-2248-tailored-cssselect_tailored/run1/cssselect_tailored/summary.csv-function_name/css_select_5_1_0' and combo '('LogLinear', 'Quadratic', 'Linear', 'Exponential')'.
Overflow error for './results/rq1/20261002-2248-tailored-cssselect_tailored/run1/cssselect_tailored/summary.csv-function_name/css_select_5_1_0' and combo '('Linear', 'Cubic', 'Linear', 'Exponential')'.
Overflow error for './results/rq1/20261002-2248-tailored-cssselect_tailored/run1/cssselect_tailored/summary.csv-function_name/css_select_5_1_0' and combo '('Quadratic', 'Cubic', 'Linear', 'Exponential')'.
Overflow error for './results/rq1/20261002-2248-tailored-cssselect_tailored/run1/cssselect_tailored/summary.csv-function_name/css_select_5_1_0' and combo '('Cubic', 'Cubic', 'Linear', 'Exponential')'.
Overflow error for './results/rq1/20261002-2248-tailored-cssselect_tailored/run1/cssselect_tailored/summary.csv-function_name/css_select_5_1_0' and combo '('Logarithmic', 'Cubic', 'Linear', 'Exponential')'.
Overflow error for './results/rq1/20261002-2248-tailored-cssselect_tailored/run1/cssselect_tailored/summary.csv-function_name/css_select_5_1_0' and combo '('Exponential', 'Cubic', 'Linear', 'Exponential')'.
Overflow error for './results/rq1/20261002-2248-tailored-cssselect_tailored/run1/cssselect_tailored/summary.csv-function_name/css_select_5_1_0' and combo '('LogLinear', 'Cubic', 'Linear', 'Exponential')'.
Overflow error for './results/rq1/20261002-2248-tailored-cssselect_tailored/run1/cssselect_tailored/summary.csv-function_name/css_select_5_1_0' and combo '('Linear', 'Logarithmic', 'Linear', 'Exponential')'.
Overflow error for './results/rq1/20261002-2248-tailored-cssselect_tailored/run1/cssselect_tailored/summary.csv-function_name/css_select_5_1_0' and combo '('Quadratic', 'Logarithmic', 'Linear', 'Exponential')'.
Overflow error for './results/rq1/20261002-2248-tailored-cssselect_tailored/run1/cssselect_tailored/summary.csv-function_name/css_select_5_1_0' and combo '('Cubic', 'Logarithmic', 'Linear', 'Exponential')'.
Overflow error for './results/rq1/20261002-2248-tailored-cssselect_tailored/run1/cssselect_tailored/summary.csv-function_name/css_select_5_1_0' and combo '('Logarithmic', 'Logarithmic', 'Linear', 'Exponential')'.
Overflow error for './results/rq1/20261002-2248-tailored-cssselect_tailored/run1/cssselect_tailored/summary.csv-function_name/css_select_5_1_0' and combo '('Exponential', 'Logarithmic', 'Linear', 'Exponential')'.
Overflow error for './results/rq1/20261002-2248-tailored-cssselect_tailored/run1/cssselect_tailored/summary.csv-function_name/css_select_5_1_0' and combo '('LogLinear', 'Logarithmic', 'Linear', 'Exponential')'.
Overflow error for './results/rq1/20261002-2248-tailored-cssselect_tailored/run1/cssselect_tailored/summary.csv-function_name/css_select_5_1_0' and combo '('Linear', 'Exponential', 'Linear', 'Exponential')'.
Overflow error for './results/rq1/20261002-2248-tailored-cssselect_tailored/run1/cssselect_tailored/summary.csv-function_name/css_select_5_1_0' and combo '('Quadratic', 'Exponential', 'Linear', 'Exponential')'.
Overflow error for './results/rq1/20261002-2248-tailored-cssselect_tailored/run1/cssselect_tailored/summary.csv-function_name/css_select_5_1_0' and combo '('Cubic', 'Exponential', 'Linear', 'Exponential')'.
Overflow error for './results/rq1/20261002-2248-tailored-cssselect_tailored/run1/cssselect_tailored/summary.csv-function_name/css_select_5_1_0' and combo '('Logarithmic', 'Exponential', 'Linear', 'Exponential')'.
Overflow error for './results/rq1/20261002-2248-tailored-cssselect_tailored/run1/cssselect_tailored/summary.csv-function_name/css_select_5_1_0' and combo '('Exponential', 'Exponential', 'Linear', 'Exponential')'.
Overflow error for './results/rq1/20261002-2248-tailored-cssselect_tailored/run1/cssselect_tailored/summary.csv-function_name/css_select_5_1_0' and combo '('LogLinear', 'Exponential', 'Linear', 'Exponential')'.
Overflow error for './results/rq1/20261002-2248-tailored-cssselect_tailored/run1/cssselect_tailored/summary.csv-function_name/css_select_5_1_0' and combo '('Linear', 'LogLinear', 'Linear', 'Exponential')'.
Overflow error for './results/rq1/20261002-2248-tailored-cssselect_tailored/run1/cssselect_tailored/summary.csv-function_name/css_select_5_1_0' and combo '('Quadratic', 'LogLinear', 'Linear', 'Exponential')'.
Overflow error for './results/rq1/20261002-2248-tailored-cssselect_tailored/run1/cssselect_tailored/summary.csv-function_name/css_select_5_1_0' and combo '('Cubic', 'LogLinear', 'Linear', 'Exponential')'.
Overflow error for './results/rq1/20261002-2248-tailored-cssselect_tailored/run1/cssselect_tailored/summary.csv-function_name/css_select_5_1_0' and combo '('Logarithmic', 'LogLinear', 'Linear', 'Exponential')'.
Overflow error for './results/rq1/20261002-2248-tailored-cssselect_tailored/run1/cssselect_tailored/summary.csv-function_name/css_select_5_1_0' and combo '('Exponential', 'LogLinear', 'Linear', 'Exponential')'.
Overflow error for './results/rq1/20261002-2248-tailored-cssselect_tailored/run1/cssselect_tailored/summary.csv-function_name/css_select_5_1_0' and combo '('LogLinear', 'LogLinear', 'Linear', 'Exponential')'.
Overflow error for './results/rq1/20261002-2248-tailored-cssselect_tailored/run1/cssselect_tailored/summary.csv-function_name/css_select_5_1_0' and combo '('Linear', 'Linear', 'Quadratic', 'Exponential')'.
Overflow error for './results/rq1/20261002-2248-tailored-cssselect_tailored/run1/cssselect_tailored/summary.csv-function_name/css_select_5_1_0' and combo '('Quadratic', 'Linear', 'Quadratic', 'Exponential')'.
Overflow error for './results/rq1/20261002-2248-tailored-cssselect_tailored/run1/cssselect_tailored/summary.csv-function_name/css_select_5_1_0' and combo '('Cubic', 'Linear', 'Quadratic', 'Exponential')'.
Overflow error for './results/rq1/20261002-2248-tailored-cssselect_tailored/run1/cssselect_tailored/summary.csv-function_name/css_select_5_1_0' and combo '('Logarithmic', 'Linear', 'Quadratic', 'Exponential')'.
Overflow error for './results/rq1/20261002-2248-tailored-cssselect_tailored/run1/cssselect_tailored/summary.csv-function_name/css_select_5_1_0' and combo '('Exponential', 'Linear', 'Quadratic', 'Exponential')'.
Overflow error for './results/rq1/20261002-2248-tailored-cssselect_tailored/run1/cssselect_tailored/summary.csv-function_name/css_select_5_1_0' and combo '('LogLinear', 'Linear', 'Quadratic', 'Exponential')'.
Overflow error for './results/rq1/20261002-2248-tailored-cssselect_tailored/run1/cssselect_tailored/summary.csv-function_name/css_select_5_1_0' and combo '('Linear', 'Quadratic', 'Quadratic', 'Exponential')'.
Overflow error for './results/rq1/20261002-2248-tailored-cssselect_tailored/run1/cssselect_tailored/summary.csv-function_name/css_select_5_1_0' and combo '('Quadratic', 'Quadratic', 'Quadratic', 'Exponential')'.
Overflow error for './results/rq1/20261002-2248-tailored-cssselect_tailored/run1/cssselect_tailored/summary.csv-function_name/css_select_5_1_0' and combo '('Cubic', 'Quadratic', 'Quadratic', 'Exponential')'.
Overflow error for './results/rq1/20261002-2248-tailored-cssselect_tailored/run1/cssselect_tailored/summary.csv-function_name/css_select_5_1_0' and combo '('Logarithmic', 'Quadratic', 'Quadratic', 'Exponential')'.
Overflow error for './results/rq1/20261002-2248-tailored-cssselect_tailored/run1/cssselect_tailored/summary.csv-function_name/css_select_5_1_0' and combo '('Exponential', 'Quadratic', 'Quadratic', 'Exponential')'.
Overflow error for './results/rq1/20261002-2248-tailored-cssselect_tailored/run1/cssselect_tailored/summary.csv-function_name/css_select_5_1_0' and combo '('LogLinear', 'Quadratic', 'Quadratic', 'Exponential')'.
Overflow error for './results/rq1/20261002-2248-tailored-cssselect_tailored/run1/cssselect_tailored/summary.csv-function_name/css_select_5_1_0' and combo '('Linear', 'Cubic', 'Quadratic', 'Exponential')'.
Overflow error for './results/rq1/20261002-2248-tailored-cssselect_tailored/run1/cssselect_tailored/summary.csv-function_name/css_select_5_1_0' and combo '('Quadratic', 'Cubic', 'Quadratic', 'Exponential')'.
Overflow error for './results/rq1/20261002-2248-tailored-cssselect_tailored/run1/cssselect_tailored/summary.csv-function_name/css_select_5_1_0' and combo '('Cubic', 'Cubic', 'Quadratic', 'Exponential')'.
Overflow error for './results/rq1/20261002-2248-tailored-cssselect_tailored/run1/cssselect_tailored/summary.csv-function_name/css_select_5_1_0' and combo '('Logarithmic', 'Cubic', 'Quadratic', 'Exponential')'.
Overflow error for './results/rq1/20261002-2248-tailored-cssselect_tailored/run1/cssselect_tailored/summary.csv-function_name/css_select_5_1_0' and combo '('Exponential', 'Cubic', 'Quadratic', 'Exponential')'.
Overflow error for './results/rq1/20261002-2248-tailored-cssselect_tailored/run1/cssselect_tailored/summary.csv-function_name/css_select_5_1_0' and combo '('LogLinear', 'Cubic', 'Quadratic', 'Exponential')'.
Overflow error for './results/rq1/20261002-2248-tailored-cssselect_tailored/run1/cssselect_tailored/summary.csv-function_name/css_select_5_1_0' and combo '('Linear', 'Logarithmic', 'Quadratic', 'Exponential')'.
Overflow error for './results/rq1/20261002-2248-tailored-cssselect_tailored/run1/cssselect_tailored/summary.csv-function_name/css_select_5_1_0' and combo '('Quadratic', 'Logarithmic', 'Quadratic', 'Exponential')'.
Overflow error for './results/rq1/20261002-2248-tailored-cssselect_tailored/run1/cssselect_tailored/summary.csv-function_name/css_select_5_1_0' and combo '('Cubic', 'Logarithmic', 'Quadratic', 'Exponential')'.
Overflow error for './results/rq1/20261002-2248-tailored-cssselect_tailored/run1/cssselect_tailored/summary.csv-function_name/css_select_5_1_0' and combo '('Logarithmic', 'Logarithmic', 'Quadratic', 'Exponential')'.
Overflow error for './results/rq1/20261002-2248-tailored-cssselect_tailored/run1/cssselect_tailored/summary.csv-function_name/css_select_5_1_0' and combo '('Exponential', 'Logarithmic', 'Quadratic', 'Exponential')'.
Overflow error for './results/rq1/20261002-2248-tailored-cssselect_tailored/run1/cssselect_tailored/summary.csv-function_name/css_select_5_1_0' and combo '('LogLinear', 'Logarithmic', 'Quadratic', 'Exponential')'.
Overflow error for './results/rq1/20261002-2248-tailored-cssselect_tailored/run1/cssselect_tailored/summary.csv-function_name/css_select_5_1_0' and combo '('Linear', 'Exponential', 'Quadratic', 'Exponential')'.
Overflow error for './results/rq1/20261002-2248-tailored-cssselect_tailored/run1/cssselect_tailored/summary.csv-function_name/css_select_5_1_0' and combo '('Quadratic', 'Exponential', 'Quadratic', 'Exponential')'.
Overflow error for './results/rq1/20261002-2248-tailored-cssselect_tailored/run1/cssselect_tailored/summary.csv-function_name/css_select_5_1_0' and combo '('Cubic', 'Exponential', 'Quadratic', 'Exponential')'.
Overflow error for './results/rq1/20261002-2248-tailored-cssselect_tailored/run1/cssselect_tailored/summary.csv-function_name/css_select_5_1_0' and combo '('Logarithmic', 'Exponential', 'Quadratic', 'Exponential')'.
Overflow error for './results/rq1/20261002-2248-tailored-cssselect_tailored/run1/cssselect_tailored/summary.csv-function_name/css_select_5_1_0' and combo '('Exponential', 'Exponential', 'Quadratic', 'Exponential')'.
Overflow error for './results/rq1/20261002-2248-tailored-cssselect_tailored/run1/cssselect_tailored/summary.csv-function_name/css_select_5_1_0' and combo '('LogLinear', 'Exponential', 'Quadratic', 'Exponential')'.
Overflow error for './results/rq1/20261002-2248-tailored-cssselect_tailored/run1/cssselect_tailored/summary.csv-function_name/css_select_5_1_0' and combo '('Linear', 'LogLinear', 'Quadratic', 'Exponential')'.
Overflow error for './results/rq1/20261002-2248-tailored-cssselect_tailored/run1/cssselect_tailored/summary.csv-function_name/css_select_5_1_0' and combo '('Quadratic', 'LogLinear', 'Quadratic', 'Exponential')'.
Overflow error for './results/rq1/20261002-2248-tailored-cssselect_tailored/run1/cssselect_tailored/summary.csv-function_name/css_select_5_1_0' and combo '('Cubic', 'LogLinear', 'Quadratic', 'Exponential')'.
Overflow error for './results/rq1/20261002-2248-tailored-cssselect_tailored/run1/cssselect_tailored/summary.csv-function_name/css_select_5_1_0' and combo '('Logarithmic', 'LogLinear', 'Quadratic', 'Exponential')'.
Overflow error for './results/rq1/20261002-2248-tailored-cssselect_tailored/run1/cssselect_tailored/summary.csv-function_name/css_select_5_1_0' and combo '('Exponential', 'LogLinear', 'Quadratic', 'Exponential')'.
Overflow error for './results/rq1/20261002-2248-tailored-cssselect_tailored/run1/cssselect_tailored/summary.csv-function_name/css_select_5_1_0' and combo '('LogLinear', 'LogLinear', 'Quadratic', 'Exponential')'.
Overflow error for './results/rq1/20261002-2248-tailored-cssselect_tailored/run1/cssselect_tailored/summary.csv-function_name/css_select_5_1_0' and combo '('Linear', 'Linear', 'Cubic', 'Exponential')'.
Overflow error for './results/rq1/20261002-2248-tailored-cssselect_tailored/run1/cssselect_tailored/summary.csv-function_name/css_select_5_1_0' and combo '('Quadratic', 'Linear', 'Cubic', 'Exponential')'.
Overflow error for './results/rq1/20261002-2248-tailored-cssselect_tailored/run1/cssselect_tailored/summary.csv-function_name/css_select_5_1_0' and combo '('Cubic', 'Linear', 'Cubic', 'Exponential')'.
Overflow error for './results/rq1/20261002-2248-tailored-cssselect_tailored/run1/cssselect_tailored/summary.csv-function_name/css_select_5_1_0' and combo '('Logarithmic', 'Linear', 'Cubic', 'Exponential')'.
Overflow error for './results/rq1/20261002-2248-tailored-cssselect_tailored/run1/cssselect_tailored/summary.csv-function_name/css_select_5_1_0' and combo '('Exponential', 'Linear', 'Cubic', 'Exponential')'.
Overflow error for './results/rq1/20261002-2248-tailored-cssselect_tailored/run1/cssselect_tailored/summary.csv-function_name/css_select_5_1_0' and combo '('LogLinear', 'Linear', 'Cubic', 'Exponential')'.
Overflow error for './results/rq1/20261002-2248-tailored-cssselect_tailored/run1/cssselect_tailored/summary.csv-function_name/css_select_5_1_0' and combo '('Linear', 'Quadratic', 'Cubic', 'Exponential')'.
Overflow error for './results/rq1/20261002-2248-tailored-cssselect_tailored/run1/cssselect_tailored/summary.csv-function_name/css_select_5_1_0' and combo '('Quadratic', 'Quadratic', 'Cubic', 'Exponential')'.
Overflow error for './results/rq1/20261002-2248-tailored-cssselect_tailored/run1/cssselect_tailored/summary.csv-function_name/css_select_5_1_0' and combo '('Cubic', 'Quadratic', 'Cubic', 'Exponential')'.
Overflow error for './results/rq1/20261002-2248-tailored-cssselect_tailored/run1/cssselect_tailored/summary.csv-function_name/css_select_5_1_0' and combo '('Logarithmic', 'Quadratic', 'Cubic', 'Exponential')'.
Overflow error for './results/rq1/20261002-2248-tailored-cssselect_tailored/run1/cssselect_tailored/summary.csv-function_name/css_select_5_1_0' and combo '('Exponential', 'Quadratic', 'Cubic', 'Exponential')'.
Overflow error for './results/rq1/20261002-2248-tailored-cssselect_tailored/run1/cssselect_tailored/summary.csv-function_name/css_select_5_1_0' and combo '('LogLinear', 'Quadratic', 'Cubic', 'Exponential')'.
Overflow error for './results/rq1/20261002-2248-tailored-cssselect_tailored/run1/cssselect_tailored/summary.csv-function_name/css_select_5_1_0' and combo '('Linear', 'Cubic', 'Cubic', 'Exponential')'.
Overflow error for './results/rq1/20261002-2248-tailored-cssselect_tailored/run1/cssselect_tailored/summary.csv-function_name/css_select_5_1_0' and combo '('Quadratic', 'Cubic', 'Cubic', 'Exponential')'.
Overflow error for './results/rq1/20261002-2248-tailored-cssselect_tailored/run1/cssselect_tailored/summary.csv-function_name/css_select_5_1_0' and combo '('Cubic', 'Cubic', 'Cubic', 'Exponential')'.
Overflow error for './results/rq1/20261002-2248-tailored-cssselect_tailored/run1/cssselect_tailored/summary.csv-function_name/css_select_5_1_0' and combo '('Logarithmic', 'Cubic', 'Cubic', 'Exponential')'.
Overflow error for './results/rq1/20261002-2248-tailored-cssselect_tailored/run1/cssselect_tailored/summary.csv-function_name/css_select_5_1_0' and combo '('Exponential', 'Cubic', 'Cubic', 'Exponential')'.
Overflow error for './results/rq1/20261002-2248-tailored-cssselect_tailored/run1/cssselect_tailored/summary.csv-function_name/css_select_5_1_0' and combo '('LogLinear', 'Cubic', 'Cubic', 'Exponential')'.
Overflow error for './results/rq1/20261002-2248-tailored-cssselect_tailored/run1/cssselect_tailored/summary.csv-function_name/css_select_5_1_0' and combo '('Linear', 'Logarithmic', 'Cubic', 'Exponential')'.
Overflow error for './results/rq1/20261002-2248-tailored-cssselect_tailored/run1/cssselect_tailored/summary.csv-function_name/css_select_5_1_0' and combo '('Quadratic', 'Logarithmic', 'Cubic', 'Exponential')'.
Overflow error for './results/rq1/20261002-2248-tailored-cssselect_tailored/run1/cssselect_tailored/summary.csv-function_name/css_select_5_1_0' and combo '('Cubic', 'Logarithmic', 'Cubic', 'Exponential')'.
Overflow error for './results/rq1/20261002-2248-tailored-cssselect_tailored/run1/cssselect_tailored/summary.csv-function_name/css_select_5_1_0' and combo '('Logarithmic', 'Logarithmic', 'Cubic', 'Exponential')'.
Overflow error for './results/rq1/20261002-2248-tailored-cssselect_tailored/run1/cssselect_tailored/summary.csv-function_name/css_select_5_1_0' and combo '('Exponential', 'Logarithmic', 'Cubic', 'Exponential')'.
Overflow error for './results/rq1/20261002-2248-tailored-cssselect_tailored/run1/cssselect_tailored/summary.csv-function_name/css_select_5_1_0' and combo '('LogLinear', 'Logarithmic', 'Cubic', 'Exponential')'.
Overflow error for './results/rq1/20261002-2248-tailored-cssselect_tailored/run1/cssselect_tailored/summary.csv-function_name/css_select_5_1_0' and combo '('Linear', 'Exponential', 'Cubic', 'Exponential')'.
Overflow error for './results/rq1/20261002-2248-tailored-cssselect_tailored/run1/cssselect_tailored/summary.csv-function_name/css_select_5_1_0' and combo '('Quadratic', 'Exponential', 'Cubic', 'Exponential')'.
Overflow error for './results/rq1/20261002-2248-tailored-cssselect_tailored/run1/cssselect_tailored/summary.csv-function_name/css_select_5_1_0' and combo '('Cubic', 'Exponential', 'Cubic', 'Exponential')'.
Overflow error for './results/rq1/20261002-2248-tailored-cssselect_tailored/run1/cssselect_tailored/summary.csv-function_name/css_select_5_1_0' and combo '('Logarithmic', 'Exponential', 'Cubic', 'Exponential')'.
Overflow error for './results/rq1/20261002-2248-tailored-cssselect_tailored/run1/cssselect_tailored/summary.csv-function_name/css_select_5_1_0' and combo '('Exponential', 'Exponential', 'Cubic', 'Exponential')'.
Overflow error for './results/rq1/20261002-2248-tailored-cssselect_tailored/run1/cssselect_tailored/summary.csv-function_name/css_select_5_1_0' and combo '('LogLinear', 'Exponential', 'Cubic', 'Exponential')'.
Overflow error for './results/rq1/20261002-2248-tailored-cssselect_tailored/run1/cssselect_tailored/summary.csv-function_name/css_select_5_1_0' and combo '('Linear', 'LogLinear', 'Cubic', 'Exponential')'.
Overflow error for './results/rq1/20261002-2248-tailored-cssselect_tailored/run1/cssselect_tailored/summary.csv-function_name/css_select_5_1_0' and combo '('Quadratic', 'LogLinear', 'Cubic', 'Exponential')'.
Overflow error for './results/rq1/20261002-2248-tailored-cssselect_tailored/run1/cssselect_tailored/summary.csv-function_name/css_select_5_1_0' and combo '('Cubic', 'LogLinear', 'Cubic', 'Exponential')'.
Overflow error for './results/rq1/20261002-2248-tailored-cssselect_tailored/run1/cssselect_tailored/summary.csv-function_name/css_select_5_1_0' and combo '('Logarithmic', 'LogLinear', 'Cubic', 'Exponential')'.
Overflow error for './results/rq1/20261002-2248-tailored-cssselect_tailored/run1/cssselect_tailored/summary.csv-function_name/css_select_5_1_0' and combo '('Exponential', 'LogLinear', 'Cubic', 'Exponential')'.
Overflow error for './results/rq1/20261002-2248-tailored-cssselect_tailored/run1/cssselect_tailored/summary.csv-function_name/css_select_5_1_0' and combo '('LogLinear', 'LogLinear', 'Cubic', 'Exponential')'.
Overflow error for './results/rq1/20261002-2248-tailored-cssselect_tailored/run1/cssselect_tailored/summary.csv-function_name/css_select_5_1_0' and combo '('Linear', 'Linear', 'Logarithmic', 'Exponential')'.
Overflow error for './results/rq1/20261002-2248-tailored-cssselect_tailored/run1/cssselect_tailored/summary.csv-function_name/css_select_5_1_0' and combo '('Quadratic', 'Linear', 'Logarithmic', 'Exponential')'.
Overflow error for './results/rq1/20261002-2248-tailored-cssselect_tailored/run1/cssselect_tailored/summary.csv-function_name/css_select_5_1_0' and combo '('Cubic', 'Linear', 'Logarithmic', 'Exponential')'.
Overflow error for './results/rq1/20261002-2248-tailored-cssselect_tailored/run1/cssselect_tailored/summary.csv-function_name/css_select_5_1_0' and combo '('Logarithmic', 'Linear', 'Logarithmic', 'Exponential')'.
Overflow error for './results/rq1/20261002-2248-tailored-cssselect_tailored/run1/cssselect_tailored/summary.csv-function_name/css_select_5_1_0' and combo '('Exponential', 'Linear', 'Logarithmic', 'Exponential')'.
Overflow error for './results/rq1/20261002-2248-tailored-cssselect_tailored/run1/cssselect_tailored/summary.csv-function_name/css_select_5_1_0' and combo '('LogLinear', 'Linear', 'Logarithmic', 'Exponential')'.
Overflow error for './results/rq1/20261002-2248-tailored-cssselect_tailored/run1/cssselect_tailored/summary.csv-function_name/css_select_5_1_0' and combo '('Linear', 'Quadratic', 'Logarithmic', 'Exponential')'.
Overflow error for './results/rq1/20261002-2248-tailored-cssselect_tailored/run1/cssselect_tailored/summary.csv-function_name/css_select_5_1_0' and combo '('Quadratic', 'Quadratic', 'Logarithmic', 'Exponential')'.
Overflow error for './results/rq1/20261002-2248-tailored-cssselect_tailored/run1/cssselect_tailored/summary.csv-function_name/css_select_5_1_0' and combo '('Cubic', 'Quadratic', 'Logarithmic', 'Exponential')'.
Overflow error for './results/rq1/20261002-2248-tailored-cssselect_tailored/run1/cssselect_tailored/summary.csv-function_name/css_select_5_1_0' and combo '('Logarithmic', 'Quadratic', 'Logarithmic', 'Exponential')'.
Overflow error for './results/rq1/20261002-2248-tailored-cssselect_tailored/run1/cssselect_tailored/summary.csv-function_name/css_select_5_1_0' and combo '('Exponential', 'Quadratic', 'Logarithmic', 'Exponential')'.
Overflow error for './results/rq1/20261002-2248-tailored-cssselect_tailored/run1/cssselect_tailored/summary.csv-function_name/css_select_5_1_0' and combo '('LogLinear', 'Quadratic', 'Logarithmic', 'Exponential')'.
Overflow error for './results/rq1/20261002-2248-tailored-cssselect_tailored/run1/cssselect_tailored/summary.csv-function_name/css_select_5_1_0' and combo '('Linear', 'Cubic', 'Logarithmic', 'Exponential')'.
Overflow error for './results/rq1/20261002-2248-tailored-cssselect_tailored/run1/cssselect_tailored/summary.csv-function_name/css_select_5_1_0' and combo '('Quadratic', 'Cubic', 'Logarithmic', 'Exponential')'.
Overflow error for './results/rq1/20261002-2248-tailored-cssselect_tailored/run1/cssselect_tailored/summary.csv-function_name/css_select_5_1_0' and combo '('Cubic', 'Cubic', 'Logarithmic', 'Exponential')'.
Overflow error for './results/rq1/20261002-2248-tailored-cssselect_tailored/run1/cssselect_tailored/summary.csv-function_name/css_select_5_1_0' and combo '('Logarithmic', 'Cubic', 'Logarithmic', 'Exponential')'.
Overflow error for './results/rq1/20261002-2248-tailored-cssselect_tailored/run1/cssselect_tailored/summary.csv-function_name/css_select_5_1_0' and combo '('Exponential', 'Cubic', 'Logarithmic', 'Exponential')'.
Overflow error for './results/rq1/20261002-2248-tailored-cssselect_tailored/run1/cssselect_tailored/summary.csv-function_name/css_select_5_1_0' and combo '('LogLinear', 'Cubic', 'Logarithmic', 'Exponential')'.
Overflow error for './results/rq1/20261002-2248-tailored-cssselect_tailored/run1/cssselect_tailored/summary.csv-function_name/css_select_5_1_0' and combo '('Linear', 'Logarithmic', 'Logarithmic', 'Exponential')'.
Overflow error for './results/rq1/20261002-2248-tailored-cssselect_tailored/run1/cssselect_tailored/summary.csv-function_name/css_select_5_1_0' and combo '('Quadratic', 'Logarithmic', 'Logarithmic', 'Exponential')'.
Overflow error for './results/rq1/20261002-2248-tailored-cssselect_tailored/run1/cssselect_tailored/summary.csv-function_name/css_select_5_1_0' and combo '('Cubic', 'Logarithmic', 'Logarithmic', 'Exponential')'.
Overflow error for './results/rq1/20261002-2248-tailored-cssselect_tailored/run1/cssselect_tailored/summary.csv-function_name/css_select_5_1_0' and combo '('Logarithmic', 'Logarithmic', 'Logarithmic', 'Exponential')'.
Overflow error for './results/rq1/20261002-2248-tailored-cssselect_tailored/run1/cssselect_tailored/summary.csv-function_name/css_select_5_1_0' and combo '('Exponential', 'Logarithmic', 'Logarithmic', 'Exponential')'.
Overflow error for './results/rq1/20261002-2248-tailored-cssselect_tailored/run1/cssselect_tailored/summary.csv-function_name/css_select_5_1_0' and combo '('LogLinear', 'Logarithmic', 'Logarithmic', 'Exponential')'.
Overflow error for './results/rq1/20261002-2248-tailored-cssselect_tailored/run1/cssselect_tailored/summary.csv-function_name/css_select_5_1_0' and combo '('Linear', 'Exponential', 'Logarithmic', 'Exponential')'.
Overflow error for './results/rq1/20261002-2248-tailored-cssselect_tailored/run1/cssselect_tailored/summary.csv-function_name/css_select_5_1_0' and combo '('Quadratic', 'Exponential', 'Logarithmic', 'Exponential')'.
Overflow error for './results/rq1/20261002-2248-tailored-cssselect_tailored/run1/cssselect_tailored/summary.csv-function_name/css_select_5_1_0' and combo '('Cubic', 'Exponential', 'Logarithmic', 'Exponential')'.
Overflow error for './results/rq1/20261002-2248-tailored-cssselect_tailored/run1/cssselect_tailored/summary.csv-function_name/css_select_5_1_0' and combo '('Logarithmic', 'Exponential', 'Logarithmic', 'Exponential')'.
Overflow error for './results/rq1/20261002-2248-tailored-cssselect_tailored/run1/cssselect_tailored/summary.csv-function_name/css_select_5_1_0' and combo '('Exponential', 'Exponential', 'Logarithmic', 'Exponential')'.
Overflow error for './results/rq1/20261002-2248-tailored-cssselect_tailored/run1/cssselect_tailored/summary.csv-function_name/css_select_5_1_0' and combo '('LogLinear', 'Exponential', 'Logarithmic', 'Exponential')'.
Overflow error for './results/rq1/20261002-2248-tailored-cssselect_tailored/run1/cssselect_tailored/summary.csv-function_name/css_select_5_1_0' and combo '('Linear', 'LogLinear', 'Logarithmic', 'Exponential')'.
Overflow error for './results/rq1/20261002-2248-tailored-cssselect_tailored/run1/cssselect_tailored/summary.csv-function_name/css_select_5_1_0' and combo '('Quadratic', 'LogLinear', 'Logarithmic', 'Exponential')'.
Overflow error for './results/rq1/20261002-2248-tailored-cssselect_tailored/run1/cssselect_tailored/summary.csv-function_name/css_select_5_1_0' and combo '('Cubic', 'LogLinear', 'Logarithmic', 'Exponential')'.
Overflow error for './results/rq1/20261002-2248-tailored-cssselect_tailored/run1/cssselect_tailored/summary.csv-function_name/css_select_5_1_0' and combo '('Logarithmic', 'LogLinear', 'Logarithmic', 'Exponential')'.
Overflow error for './results/rq1/20261002-2248-tailored-cssselect_tailored/run1/cssselect_tailored/summary.csv-function_name/css_select_5_1_0' and combo '('Exponential', 'LogLinear', 'Logarithmic', 'Exponential')'.
Overflow error for './results/rq1/20261002-2248-tailored-cssselect_tailored/run1/cssselect_tailored/summary.csv-function_name/css_select_5_1_0' and combo '('LogLinear', 'LogLinear', 'Logarithmic', 'Exponential')'.
Overflow error for './results/rq1/20261002-2248-tailored-cssselect_tailored/run1/cssselect_tailored/summary.csv-function_name/css_select_5_1_0' and combo '('Linear', 'Linear', 'Exponential', 'Exponential')'.
Overflow error for './results/rq1/20261002-2248-tailored-cssselect_tailored/run1/cssselect_tailored/summary.csv-function_name/css_select_5_1_0' and combo '('Quadratic', 'Linear', 'Exponential', 'Exponential')'.
Overflow error for './results/rq1/20261002-2248-tailored-cssselect_tailored/run1/cssselect_tailored/summary.csv-function_name/css_select_5_1_0' and combo '('Cubic', 'Linear', 'Exponential', 'Exponential')'.
Overflow error for './results/rq1/20261002-2248-tailored-cssselect_tailored/run1/cssselect_tailored/summary.csv-function_name/css_select_5_1_0' and combo '('Logarithmic', 'Linear', 'Exponential', 'Exponential')'.
Overflow error for './results/rq1/20261002-2248-tailored-cssselect_tailored/run1/cssselect_tailored/summary.csv-function_name/css_select_5_1_0' and combo '('Exponential', 'Linear', 'Exponential', 'Exponential')'.
Overflow error for './results/rq1/20261002-2248-tailored-cssselect_tailored/run1/cssselect_tailored/summary.csv-function_name/css_select_5_1_0' and combo '('LogLinear', 'Linear', 'Exponential', 'Exponential')'.
Overflow error for './results/rq1/20261002-2248-tailored-cssselect_tailored/run1/cssselect_tailored/summary.csv-function_name/css_select_5_1_0' and combo '('Linear', 'Quadratic', 'Exponential', 'Exponential')'.
Overflow error for './results/rq1/20261002-2248-tailored-cssselect_tailored/run1/cssselect_tailored/summary.csv-function_name/css_select_5_1_0' and combo '('Quadratic', 'Quadratic', 'Exponential', 'Exponential')'.
Overflow error for './results/rq1/20261002-2248-tailored-cssselect_tailored/run1/cssselect_tailored/summary.csv-function_name/css_select_5_1_0' and combo '('Cubic', 'Quadratic', 'Exponential', 'Exponential')'.
Overflow error for './results/rq1/20261002-2248-tailored-cssselect_tailored/run1/cssselect_tailored/summary.csv-function_name/css_select_5_1_0' and combo '('Logarithmic', 'Quadratic', 'Exponential', 'Exponential')'.
Overflow error for './results/rq1/20261002-2248-tailored-cssselect_tailored/run1/cssselect_tailored/summary.csv-function_name/css_select_5_1_0' and combo '('Exponential', 'Quadratic', 'Exponential', 'Exponential')'.
Overflow error for './results/rq1/20261002-2248-tailored-cssselect_tailored/run1/cssselect_tailored/summary.csv-function_name/css_select_5_1_0' and combo '('LogLinear', 'Quadratic', 'Exponential', 'Exponential')'.
Overflow error for './results/rq1/20261002-2248-tailored-cssselect_tailored/run1/cssselect_tailored/summary.csv-function_name/css_select_5_1_0' and combo '('Linear', 'Cubic', 'Exponential', 'Exponential')'.
Overflow error for './results/rq1/20261002-2248-tailored-cssselect_tailored/run1/cssselect_tailored/summary.csv-function_name/css_select_5_1_0' and combo '('Quadratic', 'Cubic', 'Exponential', 'Exponential')'.
Overflow error for './results/rq1/20261002-2248-tailored-cssselect_tailored/run1/cssselect_tailored/summary.csv-function_name/css_select_5_1_0' and combo '('Cubic', 'Cubic', 'Exponential', 'Exponential')'.
Overflow error for './results/rq1/20261002-2248-tailored-cssselect_tailored/run1/cssselect_tailored/summary.csv-function_name/css_select_5_1_0' and combo '('Logarithmic', 'Cubic', 'Exponential', 'Exponential')'.
Overflow error for './results/rq1/20261002-2248-tailored-cssselect_tailored/run1/cssselect_tailored/summary.csv-function_name/css_select_5_1_0' and combo '('Exponential', 'Cubic', 'Exponential', 'Exponential')'.
Overflow error for './results/rq1/20261002-2248-tailored-cssselect_tailored/run1/cssselect_tailored/summary.csv-function_name/css_select_5_1_0' and combo '('LogLinear', 'Cubic', 'Exponential', 'Exponential')'.
Overflow error for './results/rq1/20261002-2248-tailored-cssselect_tailored/run1/cssselect_tailored/summary.csv-function_name/css_select_5_1_0' and combo '('Linear', 'Logarithmic', 'Exponential', 'Exponential')'.
Overflow error for './results/rq1/20261002-2248-tailored-cssselect_tailored/run1/cssselect_tailored/summary.csv-function_name/css_select_5_1_0' and combo '('Quadratic', 'Logarithmic', 'Exponential', 'Exponential')'.
Overflow error for './results/rq1/20261002-2248-tailored-cssselect_tailored/run1/cssselect_tailored/summary.csv-function_name/css_select_5_1_0' and combo '('Cubic', 'Logarithmic', 'Exponential', 'Exponential')'.
Overflow error for './results/rq1/20261002-2248-tailored-cssselect_tailored/run1/cssselect_tailored/summary.csv-function_name/css_select_5_1_0' and combo '('Logarithmic', 'Logarithmic', 'Exponential', 'Exponential')'.
Overflow error for './results/rq1/20261002-2248-tailored-cssselect_tailored/run1/cssselect_tailored/summary.csv-function_name/css_select_5_1_0' and combo '('Exponential', 'Logarithmic', 'Exponential', 'Exponential')'.
Overflow error for './results/rq1/20261002-2248-tailored-cssselect_tailored/run1/cssselect_tailored/summary.csv-function_name/css_select_5_1_0' and combo '('LogLinear', 'Logarithmic', 'Exponential', 'Exponential')'.
Overflow error for './results/rq1/20261002-2248-tailored-cssselect_tailored/run1/cssselect_tailored/summary.csv-function_name/css_select_5_1_0' and combo '('Linear', 'Exponential', 'Exponential', 'Exponential')'.
Overflow error for './results/rq1/20261002-2248-tailored-cssselect_tailored/run1/cssselect_tailored/summary.csv-function_name/css_select_5_1_0' and combo '('Quadratic', 'Exponential', 'Exponential', 'Exponential')'.
Overflow error for './results/rq1/20261002-2248-tailored-cssselect_tailored/run1/cssselect_tailored/summary.csv-function_name/css_select_5_1_0' and combo '('Cubic', 'Exponential', 'Exponential', 'Exponential')'.
Overflow error for './results/rq1/20261002-2248-tailored-cssselect_tailored/run1/cssselect_tailored/summary.csv-function_name/css_select_5_1_0' and combo '('Logarithmic', 'Exponential', 'Exponential', 'Exponential')'.
Overflow error for './results/rq1/20261002-2248-tailored-cssselect_tailored/run1/cssselect_tailored/summary.csv-function_name/css_select_5_1_0' and combo '('Exponential', 'Exponential', 'Exponential', 'Exponential')'.
Overflow error for './results/rq1/20261002-2248-tailored-cssselect_tailored/run1/cssselect_tailored/summary.csv-function_name/css_select_5_1_0' and combo '('LogLinear', 'Exponential', 'Exponential', 'Exponential')'.
Overflow error for './results/rq1/20261002-2248-tailored-cssselect_tailored/run1/cssselect_tailored/summary.csv-function_name/css_select_5_1_0' and combo '('Linear', 'LogLinear', 'Exponential', 'Exponential')'.
Overflow error for './results/rq1/20261002-2248-tailored-cssselect_tailored/run1/cssselect_tailored/summary.csv-function_name/css_select_5_1_0' and combo '('Quadratic', 'LogLinear', 'Exponential', 'Exponential')'.
Overflow error for './results/rq1/20261002-2248-tailored-cssselect_tailored/run1/cssselect_tailored/summary.csv-function_name/css_select_5_1_0' and combo '('Cubic', 'LogLinear', 'Exponential', 'Exponential')'.
Overflow error for './results/rq1/20261002-2248-tailored-cssselect_tailored/run1/cssselect_tailored/summary.csv-function_name/css_select_5_1_0' and combo '('Logarithmic', 'LogLinear', 'Exponential', 'Exponential')'.
Overflow error for './results/rq1/20261002-2248-tailored-cssselect_tailored/run1/cssselect_tailored/summary.csv-function_name/css_select_5_1_0' and combo '('Exponential', 'LogLinear', 'Exponential', 'Exponential')'.
Overflow error for './results/rq1/20261002-2248-tailored-cssselect_tailored/run1/cssselect_tailored/summary.csv-function_name/css_select_5_1_0' and combo '('LogLinear', 'LogLinear', 'Exponential', 'Exponential')'.
Overflow error for './results/rq1/20261002-2248-tailored-cssselect_tailored/run1/cssselect_tailored/summary.csv-function_name/css_select_5_1_0' and combo '('Linear', 'Linear', 'LogLinear', 'Exponential')'.
Overflow error for './results/rq1/20261002-2248-tailored-cssselect_tailored/run1/cssselect_tailored/summary.csv-function_name/css_select_5_1_0' and combo '('Quadratic', 'Linear', 'LogLinear', 'Exponential')'.
Overflow error for './results/rq1/20261002-2248-tailored-cssselect_tailored/run1/cssselect_tailored/summary.csv-function_name/css_select_5_1_0' and combo '('Cubic', 'Linear', 'LogLinear', 'Exponential')'.
Overflow error for './results/rq1/20261002-2248-tailored-cssselect_tailored/run1/cssselect_tailored/summary.csv-function_name/css_select_5_1_0' and combo '('Logarithmic', 'Linear', 'LogLinear', 'Exponential')'.
Overflow error for './results/rq1/20261002-2248-tailored-cssselect_tailored/run1/cssselect_tailored/summary.csv-function_name/css_select_5_1_0' and combo '('Exponential', 'Linear', 'LogLinear', 'Exponential')'.
Overflow error for './results/rq1/20261002-2248-tailored-cssselect_tailored/run1/cssselect_tailored/summary.csv-function_name/css_select_5_1_0' and combo '('LogLinear', 'Linear', 'LogLinear', 'Exponential')'.
Overflow error for './results/rq1/20261002-2248-tailored-cssselect_tailored/run1/cssselect_tailored/summary.csv-function_name/css_select_5_1_0' and combo '('Linear', 'Quadratic', 'LogLinear', 'Exponential')'.
Overflow error for './results/rq1/20261002-2248-tailored-cssselect_tailored/run1/cssselect_tailored/summary.csv-function_name/css_select_5_1_0' and combo '('Quadratic', 'Quadratic', 'LogLinear', 'Exponential')'.
Overflow error for './results/rq1/20261002-2248-tailored-cssselect_tailored/run1/cssselect_tailored/summary.csv-function_name/css_select_5_1_0' and combo '('Cubic', 'Quadratic', 'LogLinear', 'Exponential')'.
Overflow error for './results/rq1/20261002-2248-tailored-cssselect_tailored/run1/cssselect_tailored/summary.csv-function_name/css_select_5_1_0' and combo '('Logarithmic', 'Quadratic', 'LogLinear', 'Exponential')'.
Overflow error for './results/rq1/20261002-2248-tailored-cssselect_tailored/run1/cssselect_tailored/summary.csv-function_name/css_select_5_1_0' and combo '('Exponential', 'Quadratic', 'LogLinear', 'Exponential')'.
Overflow error for './results/rq1/20261002-2248-tailored-cssselect_tailored/run1/cssselect_tailored/summary.csv-function_name/css_select_5_1_0' and combo '('LogLinear', 'Quadratic', 'LogLinear', 'Exponential')'.
Overflow error for './results/rq1/20261002-2248-tailored-cssselect_tailored/run1/cssselect_tailored/summary.csv-function_name/css_select_5_1_0' and combo '('Linear', 'Cubic', 'LogLinear', 'Exponential')'.
Overflow error for './results/rq1/20261002-2248-tailored-cssselect_tailored/run1/cssselect_tailored/summary.csv-function_name/css_select_5_1_0' and combo '('Quadratic', 'Cubic', 'LogLinear', 'Exponential')'.
Overflow error for './results/rq1/20261002-2248-tailored-cssselect_tailored/run1/cssselect_tailored/summary.csv-function_name/css_select_5_1_0' and combo '('Cubic', 'Cubic', 'LogLinear', 'Exponential')'.
Overflow error for './results/rq1/20261002-2248-tailored-cssselect_tailored/run1/cssselect_tailored/summary.csv-function_name/css_select_5_1_0' and combo '('Logarithmic', 'Cubic', 'LogLinear', 'Exponential')'.
Overflow error for './results/rq1/20261002-2248-tailored-cssselect_tailored/run1/cssselect_tailored/summary.csv-function_name/css_select_5_1_0' and combo '('Exponential', 'Cubic', 'LogLinear', 'Exponential')'.
Overflow error for './results/rq1/20261002-2248-tailored-cssselect_tailored/run1/cssselect_tailored/summary.csv-function_name/css_select_5_1_0' and combo '('LogLinear', 'Cubic', 'LogLinear', 'Exponential')'.
Overflow error for './results/rq1/20261002-2248-tailored-cssselect_tailored/run1/cssselect_tailored/summary.csv-function_name/css_select_5_1_0' and combo '('Linear', 'Logarithmic', 'LogLinear', 'Exponential')'.
Overflow error for './results/rq1/20261002-2248-tailored-cssselect_tailored/run1/cssselect_tailored/summary.csv-function_name/css_select_5_1_0' and combo '('Quadratic', 'Logarithmic', 'LogLinear', 'Exponential')'.
Overflow error for './results/rq1/20261002-2248-tailored-cssselect_tailored/run1/cssselect_tailored/summary.csv-function_name/css_select_5_1_0' and combo '('Cubic', 'Logarithmic', 'LogLinear', 'Exponential')'.
Overflow error for './results/rq1/20261002-2248-tailored-cssselect_tailored/run1/cssselect_tailored/summary.csv-function_name/css_select_5_1_0' and combo '('Logarithmic', 'Logarithmic', 'LogLinear', 'Exponential')'.
Overflow error for './results/rq1/20261002-2248-tailored-cssselect_tailored/run1/cssselect_tailored/summary.csv-function_name/css_select_5_1_0' and combo '('Exponential', 'Logarithmic', 'LogLinear', 'Exponential')'.
Overflow error for './results/rq1/20261002-2248-tailored-cssselect_tailored/run1/cssselect_tailored/summary.csv-function_name/css_select_5_1_0' and combo '('LogLinear', 'Logarithmic', 'LogLinear', 'Exponential')'.
Overflow error for './results/rq1/20261002-2248-tailored-cssselect_tailored/run1/cssselect_tailored/summary.csv-function_name/css_select_5_1_0' and combo '('Linear', 'Exponential', 'LogLinear', 'Exponential')'.
Overflow error for './results/rq1/20261002-2248-tailored-cssselect_tailored/run1/cssselect_tailored/summary.csv-function_name/css_select_5_1_0' and combo '('Quadratic', 'Exponential', 'LogLinear', 'Exponential')'.
Overflow error for './results/rq1/20261002-2248-tailored-cssselect_tailored/run1/cssselect_tailored/summary.csv-function_name/css_select_5_1_0' and combo '('Cubic', 'Exponential', 'LogLinear', 'Exponential')'.
Overflow error for './results/rq1/20261002-2248-tailored-cssselect_tailored/run1/cssselect_tailored/summary.csv-function_name/css_select_5_1_0' and combo '('Logarithmic', 'Exponential', 'LogLinear', 'Exponential')'.
Overflow error for './results/rq1/20261002-2248-tailored-cssselect_tailored/run1/cssselect_tailored/summary.csv-function_name/css_select_5_1_0' and combo '('Exponential', 'Exponential', 'LogLinear', 'Exponential')'.
Overflow error for './results/rq1/20261002-2248-tailored-cssselect_tailored/run1/cssselect_tailored/summary.csv-function_name/css_select_5_1_0' and combo '('LogLinear', 'Exponential', 'LogLinear', 'Exponential')'.
Overflow error for './results/rq1/20261002-2248-tailored-cssselect_tailored/run1/cssselect_tailored/summary.csv-function_name/css_select_5_1_0' and combo '('Linear', 'LogLinear', 'LogLinear', 'Exponential')'.
Overflow error for './results/rq1/20261002-2248-tailored-cssselect_tailored/run1/cssselect_tailored/summary.csv-function_name/css_select_5_1_0' and combo '('Quadratic', 'LogLinear', 'LogLinear', 'Exponential')'.
Overflow error for './results/rq1/20261002-2248-tailored-cssselect_tailored/run1/cssselect_tailored/summary.csv-function_name/css_select_5_1_0' and combo '('Cubic', 'LogLinear', 'LogLinear', 'Exponential')'.
Overflow error for './results/rq1/20261002-2248-tailored-cssselect_tailored/run1/cssselect_tailored/summary.csv-function_name/css_select_5_1_0' and combo '('Logarithmic', 'LogLinear', 'LogLinear', 'Exponential')'.
Overflow error for './results/rq1/20261002-2248-tailored-cssselect_tailored/run1/cssselect_tailored/summary.csv-function_name/css_select_5_1_0' and combo '('Exponential', 'LogLinear', 'LogLinear', 'Exponential')'.
Overflow error for './results/rq1/20261002-2248-tailored-cssselect_tailored/run1/cssselect_tailored/summary.csv-function_name/css_select_5_1_0' and combo '('LogLinear', 'LogLinear', 'LogLinear', 'Exponential')'.
Model fit results for './results/rq1/20261002-2248-tailored-cssselect_tailored/run1/cssselect_tailored/summary.csv-function_name/css_select_5_1_0':
Best fit for './results/rq1/20261002-2248-tailored-cssselect_tailored/run1/cssselect_tailored/summary.csv-function_name/css_select_5_1_0':
R^2: 0.7953621635831477
Intercept: 94000.06271188433
Feature 'count_comma' has complexity class 'Linear'.
The coefficient for this feature is 3512.8551017643817.
Feature 'count_pseudo_class_selector' has complexity class 'Exponential'.
The coefficient for this feature is 0.00013798288613590246.
Feature 'count_an_a' has complexity class 'Linear'.
The coefficient for this feature is 18131.58965048901.
Feature 'doc_bytes' has complexity class 'Linear'.
The coefficient for this feature is -3.8480154238639557.
Saved 3d fit model plot to ./results/rq1/20261002-2248-tailored-cssselect_tailored/run1/cssselect_tailored/plots/3dmodel_runtime_ns_vs_count_comma_and_count_pseudo_class_selector_and_count_an_a_and_doc_bytes_css_select_5_1_0.png
Overflow error for './results/rq1/20261002-2248-tailored-cssselect_tailored/run1/cssselect_tailored/summary.csv-function_name/css_select_5_2_0' and combo '('Linear', 'Linear', 'Linear', 'Exponential')'.
Overflow error for './results/rq1/20261002-2248-tailored-cssselect_tailored/run1/cssselect_tailored/summary.csv-function_name/css_select_5_2_0' and combo '('Quadratic', 'Linear', 'Linear', 'Exponential')'.
Overflow error for './results/rq1/20261002-2248-tailored-cssselect_tailored/run1/cssselect_tailored/summary.csv-function_name/css_select_5_2_0' and combo '('Cubic', 'Linear', 'Linear', 'Exponential')'.
Overflow error for './results/rq1/20261002-2248-tailored-cssselect_tailored/run1/cssselect_tailored/summary.csv-function_name/css_select_5_2_0' and combo '('Logarithmic', 'Linear', 'Linear', 'Exponential')'.
Overflow error for './results/rq1/20261002-2248-tailored-cssselect_tailored/run1/cssselect_tailored/summary.csv-function_name/css_select_5_2_0' and combo '('Exponential', 'Linear', 'Linear', 'Exponential')'.
Overflow error for './results/rq1/20261002-2248-tailored-cssselect_tailored/run1/cssselect_tailored/summary.csv-function_name/css_select_5_2_0' and combo '('LogLinear', 'Linear', 'Linear', 'Exponential')'.
Overflow error for './results/rq1/20261002-2248-tailored-cssselect_tailored/run1/cssselect_tailored/summary.csv-function_name/css_select_5_2_0' and combo '('Linear', 'Quadratic', 'Linear', 'Exponential')'.
Overflow error for './results/rq1/20261002-2248-tailored-cssselect_tailored/run1/cssselect_tailored/summary.csv-function_name/css_select_5_2_0' and combo '('Quadratic', 'Quadratic', 'Linear', 'Exponential')'.
Overflow error for './results/rq1/20261002-2248-tailored-cssselect_tailored/run1/cssselect_tailored/summary.csv-function_name/css_select_5_2_0' and combo '('Cubic', 'Quadratic', 'Linear', 'Exponential')'.
Overflow error for './results/rq1/20261002-2248-tailored-cssselect_tailored/run1/cssselect_tailored/summary.csv-function_name/css_select_5_2_0' and combo '('Logarithmic', 'Quadratic', 'Linear', 'Exponential')'.
Overflow error for './results/rq1/20261002-2248-tailored-cssselect_tailored/run1/cssselect_tailored/summary.csv-function_name/css_select_5_2_0' and combo '('Exponential', 'Quadratic', 'Linear', 'Exponential')'.
Overflow error for './results/rq1/20261002-2248-tailored-cssselect_tailored/run1/cssselect_tailored/summary.csv-function_name/css_select_5_2_0' and combo '('LogLinear', 'Quadratic', 'Linear', 'Exponential')'.
Overflow error for './results/rq1/20261002-2248-tailored-cssselect_tailored/run1/cssselect_tailored/summary.csv-function_name/css_select_5_2_0' and combo '('Linear', 'Cubic', 'Linear', 'Exponential')'.
Overflow error for './results/rq1/20261002-2248-tailored-cssselect_tailored/run1/cssselect_tailored/summary.csv-function_name/css_select_5_2_0' and combo '('Quadratic', 'Cubic', 'Linear', 'Exponential')'.
Overflow error for './results/rq1/20261002-2248-tailored-cssselect_tailored/run1/cssselect_tailored/summary.csv-function_name/css_select_5_2_0' and combo '('Cubic', 'Cubic', 'Linear', 'Exponential')'.
Overflow error for './results/rq1/20261002-2248-tailored-cssselect_tailored/run1/cssselect_tailored/summary.csv-function_name/css_select_5_2_0' and combo '('Logarithmic', 'Cubic', 'Linear', 'Exponential')'.
Overflow error for './results/rq1/20261002-2248-tailored-cssselect_tailored/run1/cssselect_tailored/summary.csv-function_name/css_select_5_2_0' and combo '('Exponential', 'Cubic', 'Linear', 'Exponential')'.
Overflow error for './results/rq1/20261002-2248-tailored-cssselect_tailored/run1/cssselect_tailored/summary.csv-function_name/css_select_5_2_0' and combo '('LogLinear', 'Cubic', 'Linear', 'Exponential')'.
Overflow error for './results/rq1/20261002-2248-tailored-cssselect_tailored/run1/cssselect_tailored/summary.csv-function_name/css_select_5_2_0' and combo '('Linear', 'Logarithmic', 'Linear', 'Exponential')'.
Overflow error for './results/rq1/20261002-2248-tailored-cssselect_tailored/run1/cssselect_tailored/summary.csv-function_name/css_select_5_2_0' and combo '('Quadratic', 'Logarithmic', 'Linear', 'Exponential')'.
Overflow error for './results/rq1/20261002-2248-tailored-cssselect_tailored/run1/cssselect_tailored/summary.csv-function_name/css_select_5_2_0' and combo '('Cubic', 'Logarithmic', 'Linear', 'Exponential')'.
Overflow error for './results/rq1/20261002-2248-tailored-cssselect_tailored/run1/cssselect_tailored/summary.csv-function_name/css_select_5_2_0' and combo '('Logarithmic', 'Logarithmic', 'Linear', 'Exponential')'.
Overflow error for './results/rq1/20261002-2248-tailored-cssselect_tailored/run1/cssselect_tailored/summary.csv-function_name/css_select_5_2_0' and combo '('Exponential', 'Logarithmic', 'Linear', 'Exponential')'.
Overflow error for './results/rq1/20261002-2248-tailored-cssselect_tailored/run1/cssselect_tailored/summary.csv-function_name/css_select_5_2_0' and combo '('LogLinear', 'Logarithmic', 'Linear', 'Exponential')'.
Overflow error for './results/rq1/20261002-2248-tailored-cssselect_tailored/run1/cssselect_tailored/summary.csv-function_name/css_select_5_2_0' and combo '('Linear', 'Exponential', 'Linear', 'Exponential')'.
Overflow error for './results/rq1/20261002-2248-tailored-cssselect_tailored/run1/cssselect_tailored/summary.csv-function_name/css_select_5_2_0' and combo '('Quadratic', 'Exponential', 'Linear', 'Exponential')'.
Overflow error for './results/rq1/20261002-2248-tailored-cssselect_tailored/run1/cssselect_tailored/summary.csv-function_name/css_select_5_2_0' and combo '('Cubic', 'Exponential', 'Linear', 'Exponential')'.
Overflow error for './results/rq1/20261002-2248-tailored-cssselect_tailored/run1/cssselect_tailored/summary.csv-function_name/css_select_5_2_0' and combo '('Logarithmic', 'Exponential', 'Linear', 'Exponential')'.
Overflow error for './results/rq1/20261002-2248-tailored-cssselect_tailored/run1/cssselect_tailored/summary.csv-function_name/css_select_5_2_0' and combo '('Exponential', 'Exponential', 'Linear', 'Exponential')'.
Overflow error for './results/rq1/20261002-2248-tailored-cssselect_tailored/run1/cssselect_tailored/summary.csv-function_name/css_select_5_2_0' and combo '('LogLinear', 'Exponential', 'Linear', 'Exponential')'.
Overflow error for './results/rq1/20261002-2248-tailored-cssselect_tailored/run1/cssselect_tailored/summary.csv-function_name/css_select_5_2_0' and combo '('Linear', 'LogLinear', 'Linear', 'Exponential')'.
Overflow error for './results/rq1/20261002-2248-tailored-cssselect_tailored/run1/cssselect_tailored/summary.csv-function_name/css_select_5_2_0' and combo '('Quadratic', 'LogLinear', 'Linear', 'Exponential')'.
Overflow error for './results/rq1/20261002-2248-tailored-cssselect_tailored/run1/cssselect_tailored/summary.csv-function_name/css_select_5_2_0' and combo '('Cubic', 'LogLinear', 'Linear', 'Exponential')'.
Overflow error for './results/rq1/20261002-2248-tailored-cssselect_tailored/run1/cssselect_tailored/summary.csv-function_name/css_select_5_2_0' and combo '('Logarithmic', 'LogLinear', 'Linear', 'Exponential')'.
Overflow error for './results/rq1/20261002-2248-tailored-cssselect_tailored/run1/cssselect_tailored/summary.csv-function_name/css_select_5_2_0' and combo '('Exponential', 'LogLinear', 'Linear', 'Exponential')'.
Overflow error for './results/rq1/20261002-2248-tailored-cssselect_tailored/run1/cssselect_tailored/summary.csv-function_name/css_select_5_2_0' and combo '('LogLinear', 'LogLinear', 'Linear', 'Exponential')'.
Overflow error for './results/rq1/20261002-2248-tailored-cssselect_tailored/run1/cssselect_tailored/summary.csv-function_name/css_select_5_2_0' and combo '('Linear', 'Linear', 'Quadratic', 'Exponential')'.
Overflow error for './results/rq1/20261002-2248-tailored-cssselect_tailored/run1/cssselect_tailored/summary.csv-function_name/css_select_5_2_0' and combo '('Quadratic', 'Linear', 'Quadratic', 'Exponential')'.
Overflow error for './results/rq1/20261002-2248-tailored-cssselect_tailored/run1/cssselect_tailored/summary.csv-function_name/css_select_5_2_0' and combo '('Cubic', 'Linear', 'Quadratic', 'Exponential')'.
Overflow error for './results/rq1/20261002-2248-tailored-cssselect_tailored/run1/cssselect_tailored/summary.csv-function_name/css_select_5_2_0' and combo '('Logarithmic', 'Linear', 'Quadratic', 'Exponential')'.
Overflow error for './results/rq1/20261002-2248-tailored-cssselect_tailored/run1/cssselect_tailored/summary.csv-function_name/css_select_5_2_0' and combo '('Exponential', 'Linear', 'Quadratic', 'Exponential')'.
Overflow error for './results/rq1/20261002-2248-tailored-cssselect_tailored/run1/cssselect_tailored/summary.csv-function_name/css_select_5_2_0' and combo '('LogLinear', 'Linear', 'Quadratic', 'Exponential')'.
Overflow error for './results/rq1/20261002-2248-tailored-cssselect_tailored/run1/cssselect_tailored/summary.csv-function_name/css_select_5_2_0' and combo '('Linear', 'Quadratic', 'Quadratic', 'Exponential')'.
Overflow error for './results/rq1/20261002-2248-tailored-cssselect_tailored/run1/cssselect_tailored/summary.csv-function_name/css_select_5_2_0' and combo '('Quadratic', 'Quadratic', 'Quadratic', 'Exponential')'.
Overflow error for './results/rq1/20261002-2248-tailored-cssselect_tailored/run1/cssselect_tailored/summary.csv-function_name/css_select_5_2_0' and combo '('Cubic', 'Quadratic', 'Quadratic', 'Exponential')'.
Overflow error for './results/rq1/20261002-2248-tailored-cssselect_tailored/run1/cssselect_tailored/summary.csv-function_name/css_select_5_2_0' and combo '('Logarithmic', 'Quadratic', 'Quadratic', 'Exponential')'.
Overflow error for './results/rq1/20261002-2248-tailored-cssselect_tailored/run1/cssselect_tailored/summary.csv-function_name/css_select_5_2_0' and combo '('Exponential', 'Quadratic', 'Quadratic', 'Exponential')'.
Overflow error for './results/rq1/20261002-2248-tailored-cssselect_tailored/run1/cssselect_tailored/summary.csv-function_name/css_select_5_2_0' and combo '('LogLinear', 'Quadratic', 'Quadratic', 'Exponential')'.
Overflow error for './results/rq1/20261002-2248-tailored-cssselect_tailored/run1/cssselect_tailored/summary.csv-function_name/css_select_5_2_0' and combo '('Linear', 'Cubic', 'Quadratic', 'Exponential')'.
Overflow error for './results/rq1/20261002-2248-tailored-cssselect_tailored/run1/cssselect_tailored/summary.csv-function_name/css_select_5_2_0' and combo '('Quadratic', 'Cubic', 'Quadratic', 'Exponential')'.
Overflow error for './results/rq1/20261002-2248-tailored-cssselect_tailored/run1/cssselect_tailored/summary.csv-function_name/css_select_5_2_0' and combo '('Cubic', 'Cubic', 'Quadratic', 'Exponential')'.
Overflow error for './results/rq1/20261002-2248-tailored-cssselect_tailored/run1/cssselect_tailored/summary.csv-function_name/css_select_5_2_0' and combo '('Logarithmic', 'Cubic', 'Quadratic', 'Exponential')'.
Overflow error for './results/rq1/20261002-2248-tailored-cssselect_tailored/run1/cssselect_tailored/summary.csv-function_name/css_select_5_2_0' and combo '('Exponential', 'Cubic', 'Quadratic', 'Exponential')'.
Overflow error for './results/rq1/20261002-2248-tailored-cssselect_tailored/run1/cssselect_tailored/summary.csv-function_name/css_select_5_2_0' and combo '('LogLinear', 'Cubic', 'Quadratic', 'Exponential')'.
Overflow error for './results/rq1/20261002-2248-tailored-cssselect_tailored/run1/cssselect_tailored/summary.csv-function_name/css_select_5_2_0' and combo '('Linear', 'Logarithmic', 'Quadratic', 'Exponential')'.
Overflow error for './results/rq1/20261002-2248-tailored-cssselect_tailored/run1/cssselect_tailored/summary.csv-function_name/css_select_5_2_0' and combo '('Quadratic', 'Logarithmic', 'Quadratic', 'Exponential')'.
Overflow error for './results/rq1/20261002-2248-tailored-cssselect_tailored/run1/cssselect_tailored/summary.csv-function_name/css_select_5_2_0' and combo '('Cubic', 'Logarithmic', 'Quadratic', 'Exponential')'.
Overflow error for './results/rq1/20261002-2248-tailored-cssselect_tailored/run1/cssselect_tailored/summary.csv-function_name/css_select_5_2_0' and combo '('Logarithmic', 'Logarithmic', 'Quadratic', 'Exponential')'.
Overflow error for './results/rq1/20261002-2248-tailored-cssselect_tailored/run1/cssselect_tailored/summary.csv-function_name/css_select_5_2_0' and combo '('Exponential', 'Logarithmic', 'Quadratic', 'Exponential')'.
Overflow error for './results/rq1/20261002-2248-tailored-cssselect_tailored/run1/cssselect_tailored/summary.csv-function_name/css_select_5_2_0' and combo '('LogLinear', 'Logarithmic', 'Quadratic', 'Exponential')'.
Overflow error for './results/rq1/20261002-2248-tailored-cssselect_tailored/run1/cssselect_tailored/summary.csv-function_name/css_select_5_2_0' and combo '('Linear', 'Exponential', 'Quadratic', 'Exponential')'.
Overflow error for './results/rq1/20261002-2248-tailored-cssselect_tailored/run1/cssselect_tailored/summary.csv-function_name/css_select_5_2_0' and combo '('Quadratic', 'Exponential', 'Quadratic', 'Exponential')'.
Overflow error for './results/rq1/20261002-2248-tailored-cssselect_tailored/run1/cssselect_tailored/summary.csv-function_name/css_select_5_2_0' and combo '('Cubic', 'Exponential', 'Quadratic', 'Exponential')'.
Overflow error for './results/rq1/20261002-2248-tailored-cssselect_tailored/run1/cssselect_tailored/summary.csv-function_name/css_select_5_2_0' and combo '('Logarithmic', 'Exponential', 'Quadratic', 'Exponential')'.
Overflow error for './results/rq1/20261002-2248-tailored-cssselect_tailored/run1/cssselect_tailored/summary.csv-function_name/css_select_5_2_0' and combo '('Exponential', 'Exponential', 'Quadratic', 'Exponential')'.
Overflow error for './results/rq1/20261002-2248-tailored-cssselect_tailored/run1/cssselect_tailored/summary.csv-function_name/css_select_5_2_0' and combo '('LogLinear', 'Exponential', 'Quadratic', 'Exponential')'.
Overflow error for './results/rq1/20261002-2248-tailored-cssselect_tailored/run1/cssselect_tailored/summary.csv-function_name/css_select_5_2_0' and combo '('Linear', 'LogLinear', 'Quadratic', 'Exponential')'.
Overflow error for './results/rq1/20261002-2248-tailored-cssselect_tailored/run1/cssselect_tailored/summary.csv-function_name/css_select_5_2_0' and combo '('Quadratic', 'LogLinear', 'Quadratic', 'Exponential')'.
Overflow error for './results/rq1/20261002-2248-tailored-cssselect_tailored/run1/cssselect_tailored/summary.csv-function_name/css_select_5_2_0' and combo '('Cubic', 'LogLinear', 'Quadratic', 'Exponential')'.
Overflow error for './results/rq1/20261002-2248-tailored-cssselect_tailored/run1/cssselect_tailored/summary.csv-function_name/css_select_5_2_0' and combo '('Logarithmic', 'LogLinear', 'Quadratic', 'Exponential')'.
Overflow error for './results/rq1/20261002-2248-tailored-cssselect_tailored/run1/cssselect_tailored/summary.csv-function_name/css_select_5_2_0' and combo '('Exponential', 'LogLinear', 'Quadratic', 'Exponential')'.
Overflow error for './results/rq1/20261002-2248-tailored-cssselect_tailored/run1/cssselect_tailored/summary.csv-function_name/css_select_5_2_0' and combo '('LogLinear', 'LogLinear', 'Quadratic', 'Exponential')'.
Overflow error for './results/rq1/20261002-2248-tailored-cssselect_tailored/run1/cssselect_tailored/summary.csv-function_name/css_select_5_2_0' and combo '('Linear', 'Linear', 'Cubic', 'Exponential')'.
Overflow error for './results/rq1/20261002-2248-tailored-cssselect_tailored/run1/cssselect_tailored/summary.csv-function_name/css_select_5_2_0' and combo '('Quadratic', 'Linear', 'Cubic', 'Exponential')'.
Overflow error for './results/rq1/20261002-2248-tailored-cssselect_tailored/run1/cssselect_tailored/summary.csv-function_name/css_select_5_2_0' and combo '('Cubic', 'Linear', 'Cubic', 'Exponential')'.
Overflow error for './results/rq1/20261002-2248-tailored-cssselect_tailored/run1/cssselect_tailored/summary.csv-function_name/css_select_5_2_0' and combo '('Logarithmic', 'Linear', 'Cubic', 'Exponential')'.
Overflow error for './results/rq1/20261002-2248-tailored-cssselect_tailored/run1/cssselect_tailored/summary.csv-function_name/css_select_5_2_0' and combo '('Exponential', 'Linear', 'Cubic', 'Exponential')'.
Overflow error for './results/rq1/20261002-2248-tailored-cssselect_tailored/run1/cssselect_tailored/summary.csv-function_name/css_select_5_2_0' and combo '('LogLinear', 'Linear', 'Cubic', 'Exponential')'.
Overflow error for './results/rq1/20261002-2248-tailored-cssselect_tailored/run1/cssselect_tailored/summary.csv-function_name/css_select_5_2_0' and combo '('Linear', 'Quadratic', 'Cubic', 'Exponential')'.
Overflow error for './results/rq1/20261002-2248-tailored-cssselect_tailored/run1/cssselect_tailored/summary.csv-function_name/css_select_5_2_0' and combo '('Quadratic', 'Quadratic', 'Cubic', 'Exponential')'.
Overflow error for './results/rq1/20261002-2248-tailored-cssselect_tailored/run1/cssselect_tailored/summary.csv-function_name/css_select_5_2_0' and combo '('Cubic', 'Quadratic', 'Cubic', 'Exponential')'.
Overflow error for './results/rq1/20261002-2248-tailored-cssselect_tailored/run1/cssselect_tailored/summary.csv-function_name/css_select_5_2_0' and combo '('Logarithmic', 'Quadratic', 'Cubic', 'Exponential')'.
Overflow error for './results/rq1/20261002-2248-tailored-cssselect_tailored/run1/cssselect_tailored/summary.csv-function_name/css_select_5_2_0' and combo '('Exponential', 'Quadratic', 'Cubic', 'Exponential')'.
Overflow error for './results/rq1/20261002-2248-tailored-cssselect_tailored/run1/cssselect_tailored/summary.csv-function_name/css_select_5_2_0' and combo '('LogLinear', 'Quadratic', 'Cubic', 'Exponential')'.
Overflow error for './results/rq1/20261002-2248-tailored-cssselect_tailored/run1/cssselect_tailored/summary.csv-function_name/css_select_5_2_0' and combo '('Linear', 'Cubic', 'Cubic', 'Exponential')'.
Overflow error for './results/rq1/20261002-2248-tailored-cssselect_tailored/run1/cssselect_tailored/summary.csv-function_name/css_select_5_2_0' and combo '('Quadratic', 'Cubic', 'Cubic', 'Exponential')'.
Overflow error for './results/rq1/20261002-2248-tailored-cssselect_tailored/run1/cssselect_tailored/summary.csv-function_name/css_select_5_2_0' and combo '('Cubic', 'Cubic', 'Cubic', 'Exponential')'.
Overflow error for './results/rq1/20261002-2248-tailored-cssselect_tailored/run1/cssselect_tailored/summary.csv-function_name/css_select_5_2_0' and combo '('Logarithmic', 'Cubic', 'Cubic', 'Exponential')'.
Overflow error for './results/rq1/20261002-2248-tailored-cssselect_tailored/run1/cssselect_tailored/summary.csv-function_name/css_select_5_2_0' and combo '('Exponential', 'Cubic', 'Cubic', 'Exponential')'.
Overflow error for './results/rq1/20261002-2248-tailored-cssselect_tailored/run1/cssselect_tailored/summary.csv-function_name/css_select_5_2_0' and combo '('LogLinear', 'Cubic', 'Cubic', 'Exponential')'.
Overflow error for './results/rq1/20261002-2248-tailored-cssselect_tailored/run1/cssselect_tailored/summary.csv-function_name/css_select_5_2_0' and combo '('Linear', 'Logarithmic', 'Cubic', 'Exponential')'.
Overflow error for './results/rq1/20261002-2248-tailored-cssselect_tailored/run1/cssselect_tailored/summary.csv-function_name/css_select_5_2_0' and combo '('Quadratic', 'Logarithmic', 'Cubic', 'Exponential')'.
Overflow error for './results/rq1/20261002-2248-tailored-cssselect_tailored/run1/cssselect_tailored/summary.csv-function_name/css_select_5_2_0' and combo '('Cubic', 'Logarithmic', 'Cubic', 'Exponential')'.
Overflow error for './results/rq1/20261002-2248-tailored-cssselect_tailored/run1/cssselect_tailored/summary.csv-function_name/css_select_5_2_0' and combo '('Logarithmic', 'Logarithmic', 'Cubic', 'Exponential')'.
Overflow error for './results/rq1/20261002-2248-tailored-cssselect_tailored/run1/cssselect_tailored/summary.csv-function_name/css_select_5_2_0' and combo '('Exponential', 'Logarithmic', 'Cubic', 'Exponential')'.
Overflow error for './results/rq1/20261002-2248-tailored-cssselect_tailored/run1/cssselect_tailored/summary.csv-function_name/css_select_5_2_0' and combo '('LogLinear', 'Logarithmic', 'Cubic', 'Exponential')'.
Overflow error for './results/rq1/20261002-2248-tailored-cssselect_tailored/run1/cssselect_tailored/summary.csv-function_name/css_select_5_2_0' and combo '('Linear', 'Exponential', 'Cubic', 'Exponential')'.
Overflow error for './results/rq1/20261002-2248-tailored-cssselect_tailored/run1/cssselect_tailored/summary.csv-function_name/css_select_5_2_0' and combo '('Quadratic', 'Exponential', 'Cubic', 'Exponential')'.
Overflow error for './results/rq1/20261002-2248-tailored-cssselect_tailored/run1/cssselect_tailored/summary.csv-function_name/css_select_5_2_0' and combo '('Cubic', 'Exponential', 'Cubic', 'Exponential')'.
Overflow error for './results/rq1/20261002-2248-tailored-cssselect_tailored/run1/cssselect_tailored/summary.csv-function_name/css_select_5_2_0' and combo '('Logarithmic', 'Exponential', 'Cubic', 'Exponential')'.
Overflow error for './results/rq1/20261002-2248-tailored-cssselect_tailored/run1/cssselect_tailored/summary.csv-function_name/css_select_5_2_0' and combo '('Exponential', 'Exponential', 'Cubic', 'Exponential')'.
Overflow error for './results/rq1/20261002-2248-tailored-cssselect_tailored/run1/cssselect_tailored/summary.csv-function_name/css_select_5_2_0' and combo '('LogLinear', 'Exponential', 'Cubic', 'Exponential')'.
Overflow error for './results/rq1/20261002-2248-tailored-cssselect_tailored/run1/cssselect_tailored/summary.csv-function_name/css_select_5_2_0' and combo '('Linear', 'LogLinear', 'Cubic', 'Exponential')'.
Overflow error for './results/rq1/20261002-2248-tailored-cssselect_tailored/run1/cssselect_tailored/summary.csv-function_name/css_select_5_2_0' and combo '('Quadratic', 'LogLinear', 'Cubic', 'Exponential')'.
Overflow error for './results/rq1/20261002-2248-tailored-cssselect_tailored/run1/cssselect_tailored/summary.csv-function_name/css_select_5_2_0' and combo '('Cubic', 'LogLinear', 'Cubic', 'Exponential')'.
Overflow error for './results/rq1/20261002-2248-tailored-cssselect_tailored/run1/cssselect_tailored/summary.csv-function_name/css_select_5_2_0' and combo '('Logarithmic', 'LogLinear', 'Cubic', 'Exponential')'.
Overflow error for './results/rq1/20261002-2248-tailored-cssselect_tailored/run1/cssselect_tailored/summary.csv-function_name/css_select_5_2_0' and combo '('Exponential', 'LogLinear', 'Cubic', 'Exponential')'.
Overflow error for './results/rq1/20261002-2248-tailored-cssselect_tailored/run1/cssselect_tailored/summary.csv-function_name/css_select_5_2_0' and combo '('LogLinear', 'LogLinear', 'Cubic', 'Exponential')'.
Overflow error for './results/rq1/20261002-2248-tailored-cssselect_tailored/run1/cssselect_tailored/summary.csv-function_name/css_select_5_2_0' and combo '('Linear', 'Linear', 'Logarithmic', 'Exponential')'.
Overflow error for './results/rq1/20261002-2248-tailored-cssselect_tailored/run1/cssselect_tailored/summary.csv-function_name/css_select_5_2_0' and combo '('Quadratic', 'Linear', 'Logarithmic', 'Exponential')'.
Overflow error for './results/rq1/20261002-2248-tailored-cssselect_tailored/run1/cssselect_tailored/summary.csv-function_name/css_select_5_2_0' and combo '('Cubic', 'Linear', 'Logarithmic', 'Exponential')'.
Overflow error for './results/rq1/20261002-2248-tailored-cssselect_tailored/run1/cssselect_tailored/summary.csv-function_name/css_select_5_2_0' and combo '('Logarithmic', 'Linear', 'Logarithmic', 'Exponential')'.
Overflow error for './results/rq1/20261002-2248-tailored-cssselect_tailored/run1/cssselect_tailored/summary.csv-function_name/css_select_5_2_0' and combo '('Exponential', 'Linear', 'Logarithmic', 'Exponential')'.
Overflow error for './results/rq1/20261002-2248-tailored-cssselect_tailored/run1/cssselect_tailored/summary.csv-function_name/css_select_5_2_0' and combo '('LogLinear', 'Linear', 'Logarithmic', 'Exponential')'.
Overflow error for './results/rq1/20261002-2248-tailored-cssselect_tailored/run1/cssselect_tailored/summary.csv-function_name/css_select_5_2_0' and combo '('Linear', 'Quadratic', 'Logarithmic', 'Exponential')'.
Overflow error for './results/rq1/20261002-2248-tailored-cssselect_tailored/run1/cssselect_tailored/summary.csv-function_name/css_select_5_2_0' and combo '('Quadratic', 'Quadratic', 'Logarithmic', 'Exponential')'.
Overflow error for './results/rq1/20261002-2248-tailored-cssselect_tailored/run1/cssselect_tailored/summary.csv-function_name/css_select_5_2_0' and combo '('Cubic', 'Quadratic', 'Logarithmic', 'Exponential')'.
Overflow error for './results/rq1/20261002-2248-tailored-cssselect_tailored/run1/cssselect_tailored/summary.csv-function_name/css_select_5_2_0' and combo '('Logarithmic', 'Quadratic', 'Logarithmic', 'Exponential')'.
Overflow error for './results/rq1/20261002-2248-tailored-cssselect_tailored/run1/cssselect_tailored/summary.csv-function_name/css_select_5_2_0' and combo '('Exponential', 'Quadratic', 'Logarithmic', 'Exponential')'.
Overflow error for './results/rq1/20261002-2248-tailored-cssselect_tailored/run1/cssselect_tailored/summary.csv-function_name/css_select_5_2_0' and combo '('LogLinear', 'Quadratic', 'Logarithmic', 'Exponential')'.
Overflow error for './results/rq1/20261002-2248-tailored-cssselect_tailored/run1/cssselect_tailored/summary.csv-function_name/css_select_5_2_0' and combo '('Linear', 'Cubic', 'Logarithmic', 'Exponential')'.
Overflow error for './results/rq1/20261002-2248-tailored-cssselect_tailored/run1/cssselect_tailored/summary.csv-function_name/css_select_5_2_0' and combo '('Quadratic', 'Cubic', 'Logarithmic', 'Exponential')'.
Overflow error for './results/rq1/20261002-2248-tailored-cssselect_tailored/run1/cssselect_tailored/summary.csv-function_name/css_select_5_2_0' and combo '('Cubic', 'Cubic', 'Logarithmic', 'Exponential')'.
Overflow error for './results/rq1/20261002-2248-tailored-cssselect_tailored/run1/cssselect_tailored/summary.csv-function_name/css_select_5_2_0' and combo '('Logarithmic', 'Cubic', 'Logarithmic', 'Exponential')'.
Overflow error for './results/rq1/20261002-2248-tailored-cssselect_tailored/run1/cssselect_tailored/summary.csv-function_name/css_select_5_2_0' and combo '('Exponential', 'Cubic', 'Logarithmic', 'Exponential')'.
Overflow error for './results/rq1/20261002-2248-tailored-cssselect_tailored/run1/cssselect_tailored/summary.csv-function_name/css_select_5_2_0' and combo '('LogLinear', 'Cubic', 'Logarithmic', 'Exponential')'.
Overflow error for './results/rq1/20261002-2248-tailored-cssselect_tailored/run1/cssselect_tailored/summary.csv-function_name/css_select_5_2_0' and combo '('Linear', 'Logarithmic', 'Logarithmic', 'Exponential')'.
Overflow error for './results/rq1/20261002-2248-tailored-cssselect_tailored/run1/cssselect_tailored/summary.csv-function_name/css_select_5_2_0' and combo '('Quadratic', 'Logarithmic', 'Logarithmic', 'Exponential')'.
Overflow error for './results/rq1/20261002-2248-tailored-cssselect_tailored/run1/cssselect_tailored/summary.csv-function_name/css_select_5_2_0' and combo '('Cubic', 'Logarithmic', 'Logarithmic', 'Exponential')'.
Overflow error for './results/rq1/20261002-2248-tailored-cssselect_tailored/run1/cssselect_tailored/summary.csv-function_name/css_select_5_2_0' and combo '('Logarithmic', 'Logarithmic', 'Logarithmic', 'Exponential')'.
Overflow error for './results/rq1/20261002-2248-tailored-cssselect_tailored/run1/cssselect_tailored/summary.csv-function_name/css_select_5_2_0' and combo '('Exponential', 'Logarithmic', 'Logarithmic', 'Exponential')'.
Overflow error for './results/rq1/20261002-2248-tailored-cssselect_tailored/run1/cssselect_tailored/summary.csv-function_name/css_select_5_2_0' and combo '('LogLinear', 'Logarithmic', 'Logarithmic', 'Exponential')'.
Overflow error for './results/rq1/20261002-2248-tailored-cssselect_tailored/run1/cssselect_tailored/summary.csv-function_name/css_select_5_2_0' and combo '('Linear', 'Exponential', 'Logarithmic', 'Exponential')'.
Overflow error for './results/rq1/20261002-2248-tailored-cssselect_tailored/run1/cssselect_tailored/summary.csv-function_name/css_select_5_2_0' and combo '('Quadratic', 'Exponential', 'Logarithmic', 'Exponential')'.
Overflow error for './results/rq1/20261002-2248-tailored-cssselect_tailored/run1/cssselect_tailored/summary.csv-function_name/css_select_5_2_0' and combo '('Cubic', 'Exponential', 'Logarithmic', 'Exponential')'.
Overflow error for './results/rq1/20261002-2248-tailored-cssselect_tailored/run1/cssselect_tailored/summary.csv-function_name/css_select_5_2_0' and combo '('Logarithmic', 'Exponential', 'Logarithmic', 'Exponential')'.
Overflow error for './results/rq1/20261002-2248-tailored-cssselect_tailored/run1/cssselect_tailored/summary.csv-function_name/css_select_5_2_0' and combo '('Exponential', 'Exponential', 'Logarithmic', 'Exponential')'.
Overflow error for './results/rq1/20261002-2248-tailored-cssselect_tailored/run1/cssselect_tailored/summary.csv-function_name/css_select_5_2_0' and combo '('LogLinear', 'Exponential', 'Logarithmic', 'Exponential')'.
Overflow error for './results/rq1/20261002-2248-tailored-cssselect_tailored/run1/cssselect_tailored/summary.csv-function_name/css_select_5_2_0' and combo '('Linear', 'LogLinear', 'Logarithmic', 'Exponential')'.
Overflow error for './results/rq1/20261002-2248-tailored-cssselect_tailored/run1/cssselect_tailored/summary.csv-function_name/css_select_5_2_0' and combo '('Quadratic', 'LogLinear', 'Logarithmic', 'Exponential')'.
Overflow error for './results/rq1/20261002-2248-tailored-cssselect_tailored/run1/cssselect_tailored/summary.csv-function_name/css_select_5_2_0' and combo '('Cubic', 'LogLinear', 'Logarithmic', 'Exponential')'.
Overflow error for './results/rq1/20261002-2248-tailored-cssselect_tailored/run1/cssselect_tailored/summary.csv-function_name/css_select_5_2_0' and combo '('Logarithmic', 'LogLinear', 'Logarithmic', 'Exponential')'.
Overflow error for './results/rq1/20261002-2248-tailored-cssselect_tailored/run1/cssselect_tailored/summary.csv-function_name/css_select_5_2_0' and combo '('Exponential', 'LogLinear', 'Logarithmic', 'Exponential')'.
Overflow error for './results/rq1/20261002-2248-tailored-cssselect_tailored/run1/cssselect_tailored/summary.csv-function_name/css_select_5_2_0' and combo '('LogLinear', 'LogLinear', 'Logarithmic', 'Exponential')'.
Overflow error for './results/rq1/20261002-2248-tailored-cssselect_tailored/run1/cssselect_tailored/summary.csv-function_name/css_select_5_2_0' and combo '('Linear', 'Linear', 'Exponential', 'Exponential')'.
Overflow error for './results/rq1/20261002-2248-tailored-cssselect_tailored/run1/cssselect_tailored/summary.csv-function_name/css_select_5_2_0' and combo '('Quadratic', 'Linear', 'Exponential', 'Exponential')'.
Overflow error for './results/rq1/20261002-2248-tailored-cssselect_tailored/run1/cssselect_tailored/summary.csv-function_name/css_select_5_2_0' and combo '('Cubic', 'Linear', 'Exponential', 'Exponential')'.
Overflow error for './results/rq1/20261002-2248-tailored-cssselect_tailored/run1/cssselect_tailored/summary.csv-function_name/css_select_5_2_0' and combo '('Logarithmic', 'Linear', 'Exponential', 'Exponential')'.
Overflow error for './results/rq1/20261002-2248-tailored-cssselect_tailored/run1/cssselect_tailored/summary.csv-function_name/css_select_5_2_0' and combo '('Exponential', 'Linear', 'Exponential', 'Exponential')'.
Overflow error for './results/rq1/20261002-2248-tailored-cssselect_tailored/run1/cssselect_tailored/summary.csv-function_name/css_select_5_2_0' and combo '('LogLinear', 'Linear', 'Exponential', 'Exponential')'.
Overflow error for './results/rq1/20261002-2248-tailored-cssselect_tailored/run1/cssselect_tailored/summary.csv-function_name/css_select_5_2_0' and combo '('Linear', 'Quadratic', 'Exponential', 'Exponential')'.
Overflow error for './results/rq1/20261002-2248-tailored-cssselect_tailored/run1/cssselect_tailored/summary.csv-function_name/css_select_5_2_0' and combo '('Quadratic', 'Quadratic', 'Exponential', 'Exponential')'.
Overflow error for './results/rq1/20261002-2248-tailored-cssselect_tailored/run1/cssselect_tailored/summary.csv-function_name/css_select_5_2_0' and combo '('Cubic', 'Quadratic', 'Exponential', 'Exponential')'.
Overflow error for './results/rq1/20261002-2248-tailored-cssselect_tailored/run1/cssselect_tailored/summary.csv-function_name/css_select_5_2_0' and combo '('Logarithmic', 'Quadratic', 'Exponential', 'Exponential')'.
Overflow error for './results/rq1/20261002-2248-tailored-cssselect_tailored/run1/cssselect_tailored/summary.csv-function_name/css_select_5_2_0' and combo '('Exponential', 'Quadratic', 'Exponential', 'Exponential')'.
Overflow error for './results/rq1/20261002-2248-tailored-cssselect_tailored/run1/cssselect_tailored/summary.csv-function_name/css_select_5_2_0' and combo '('LogLinear', 'Quadratic', 'Exponential', 'Exponential')'.
Overflow error for './results/rq1/20261002-2248-tailored-cssselect_tailored/run1/cssselect_tailored/summary.csv-function_name/css_select_5_2_0' and combo '('Linear', 'Cubic', 'Exponential', 'Exponential')'.
Overflow error for './results/rq1/20261002-2248-tailored-cssselect_tailored/run1/cssselect_tailored/summary.csv-function_name/css_select_5_2_0' and combo '('Quadratic', 'Cubic', 'Exponential', 'Exponential')'.
Overflow error for './results/rq1/20261002-2248-tailored-cssselect_tailored/run1/cssselect_tailored/summary.csv-function_name/css_select_5_2_0' and combo '('Cubic', 'Cubic', 'Exponential', 'Exponential')'.
Overflow error for './results/rq1/20261002-2248-tailored-cssselect_tailored/run1/cssselect_tailored/summary.csv-function_name/css_select_5_2_0' and combo '('Logarithmic', 'Cubic', 'Exponential', 'Exponential')'.
Overflow error for './results/rq1/20261002-2248-tailored-cssselect_tailored/run1/cssselect_tailored/summary.csv-function_name/css_select_5_2_0' and combo '('Exponential', 'Cubic', 'Exponential', 'Exponential')'.
Overflow error for './results/rq1/20261002-2248-tailored-cssselect_tailored/run1/cssselect_tailored/summary.csv-function_name/css_select_5_2_0' and combo '('LogLinear', 'Cubic', 'Exponential', 'Exponential')'.
Overflow error for './results/rq1/20261002-2248-tailored-cssselect_tailored/run1/cssselect_tailored/summary.csv-function_name/css_select_5_2_0' and combo '('Linear', 'Logarithmic', 'Exponential', 'Exponential')'.
Overflow error for './results/rq1/20261002-2248-tailored-cssselect_tailored/run1/cssselect_tailored/summary.csv-function_name/css_select_5_2_0' and combo '('Quadratic', 'Logarithmic', 'Exponential', 'Exponential')'.
Overflow error for './results/rq1/20261002-2248-tailored-cssselect_tailored/run1/cssselect_tailored/summary.csv-function_name/css_select_5_2_0' and combo '('Cubic', 'Logarithmic', 'Exponential', 'Exponential')'.
Overflow error for './results/rq1/20261002-2248-tailored-cssselect_tailored/run1/cssselect_tailored/summary.csv-function_name/css_select_5_2_0' and combo '('Logarithmic', 'Logarithmic', 'Exponential', 'Exponential')'.
Overflow error for './results/rq1/20261002-2248-tailored-cssselect_tailored/run1/cssselect_tailored/summary.csv-function_name/css_select_5_2_0' and combo '('Exponential', 'Logarithmic', 'Exponential', 'Exponential')'.
Overflow error for './results/rq1/20261002-2248-tailored-cssselect_tailored/run1/cssselect_tailored/summary.csv-function_name/css_select_5_2_0' and combo '('LogLinear', 'Logarithmic', 'Exponential', 'Exponential')'.
Overflow error for './results/rq1/20261002-2248-tailored-cssselect_tailored/run1/cssselect_tailored/summary.csv-function_name/css_select_5_2_0' and combo '('Linear', 'Exponential', 'Exponential', 'Exponential')'.
Overflow error for './results/rq1/20261002-2248-tailored-cssselect_tailored/run1/cssselect_tailored/summary.csv-function_name/css_select_5_2_0' and combo '('Quadratic', 'Exponential', 'Exponential', 'Exponential')'.
Overflow error for './results/rq1/20261002-2248-tailored-cssselect_tailored/run1/cssselect_tailored/summary.csv-function_name/css_select_5_2_0' and combo '('Cubic', 'Exponential', 'Exponential', 'Exponential')'.
Overflow error for './results/rq1/20261002-2248-tailored-cssselect_tailored/run1/cssselect_tailored/summary.csv-function_name/css_select_5_2_0' and combo '('Logarithmic', 'Exponential', 'Exponential', 'Exponential')'.
Overflow error for './results/rq1/20261002-2248-tailored-cssselect_tailored/run1/cssselect_tailored/summary.csv-function_name/css_select_5_2_0' and combo '('Exponential', 'Exponential', 'Exponential', 'Exponential')'.
Overflow error for './results/rq1/20261002-2248-tailored-cssselect_tailored/run1/cssselect_tailored/summary.csv-function_name/css_select_5_2_0' and combo '('LogLinear', 'Exponential', 'Exponential', 'Exponential')'.
Overflow error for './results/rq1/20261002-2248-tailored-cssselect_tailored/run1/cssselect_tailored/summary.csv-function_name/css_select_5_2_0' and combo '('Linear', 'LogLinear', 'Exponential', 'Exponential')'.
Overflow error for './results/rq1/20261002-2248-tailored-cssselect_tailored/run1/cssselect_tailored/summary.csv-function_name/css_select_5_2_0' and combo '('Quadratic', 'LogLinear', 'Exponential', 'Exponential')'.
Overflow error for './results/rq1/20261002-2248-tailored-cssselect_tailored/run1/cssselect_tailored/summary.csv-function_name/css_select_5_2_0' and combo '('Cubic', 'LogLinear', 'Exponential', 'Exponential')'.
Overflow error for './results/rq1/20261002-2248-tailored-cssselect_tailored/run1/cssselect_tailored/summary.csv-function_name/css_select_5_2_0' and combo '('Logarithmic', 'LogLinear', 'Exponential', 'Exponential')'.
Overflow error for './results/rq1/20261002-2248-tailored-cssselect_tailored/run1/cssselect_tailored/summary.csv-function_name/css_select_5_2_0' and combo '('Exponential', 'LogLinear', 'Exponential', 'Exponential')'.
Overflow error for './results/rq1/20261002-2248-tailored-cssselect_tailored/run1/cssselect_tailored/summary.csv-function_name/css_select_5_2_0' and combo '('LogLinear', 'LogLinear', 'Exponential', 'Exponential')'.
Overflow error for './results/rq1/20261002-2248-tailored-cssselect_tailored/run1/cssselect_tailored/summary.csv-function_name/css_select_5_2_0' and combo '('Linear', 'Linear', 'LogLinear', 'Exponential')'.
Overflow error for './results/rq1/20261002-2248-tailored-cssselect_tailored/run1/cssselect_tailored/summary.csv-function_name/css_select_5_2_0' and combo '('Quadratic', 'Linear', 'LogLinear', 'Exponential')'.
Overflow error for './results/rq1/20261002-2248-tailored-cssselect_tailored/run1/cssselect_tailored/summary.csv-function_name/css_select_5_2_0' and combo '('Cubic', 'Linear', 'LogLinear', 'Exponential')'.
Overflow error for './results/rq1/20261002-2248-tailored-cssselect_tailored/run1/cssselect_tailored/summary.csv-function_name/css_select_5_2_0' and combo '('Logarithmic', 'Linear', 'LogLinear', 'Exponential')'.
Overflow error for './results/rq1/20261002-2248-tailored-cssselect_tailored/run1/cssselect_tailored/summary.csv-function_name/css_select_5_2_0' and combo '('Exponential', 'Linear', 'LogLinear', 'Exponential')'.
Overflow error for './results/rq1/20261002-2248-tailored-cssselect_tailored/run1/cssselect_tailored/summary.csv-function_name/css_select_5_2_0' and combo '('LogLinear', 'Linear', 'LogLinear', 'Exponential')'.
Overflow error for './results/rq1/20261002-2248-tailored-cssselect_tailored/run1/cssselect_tailored/summary.csv-function_name/css_select_5_2_0' and combo '('Linear', 'Quadratic', 'LogLinear', 'Exponential')'.
Overflow error for './results/rq1/20261002-2248-tailored-cssselect_tailored/run1/cssselect_tailored/summary.csv-function_name/css_select_5_2_0' and combo '('Quadratic', 'Quadratic', 'LogLinear', 'Exponential')'.
Overflow error for './results/rq1/20261002-2248-tailored-cssselect_tailored/run1/cssselect_tailored/summary.csv-function_name/css_select_5_2_0' and combo '('Cubic', 'Quadratic', 'LogLinear', 'Exponential')'.
Overflow error for './results/rq1/20261002-2248-tailored-cssselect_tailored/run1/cssselect_tailored/summary.csv-function_name/css_select_5_2_0' and combo '('Logarithmic', 'Quadratic', 'LogLinear', 'Exponential')'.
Overflow error for './results/rq1/20261002-2248-tailored-cssselect_tailored/run1/cssselect_tailored/summary.csv-function_name/css_select_5_2_0' and combo '('Exponential', 'Quadratic', 'LogLinear', 'Exponential')'.
Overflow error for './results/rq1/20261002-2248-tailored-cssselect_tailored/run1/cssselect_tailored/summary.csv-function_name/css_select_5_2_0' and combo '('LogLinear', 'Quadratic', 'LogLinear', 'Exponential')'.
Overflow error for './results/rq1/20261002-2248-tailored-cssselect_tailored/run1/cssselect_tailored/summary.csv-function_name/css_select_5_2_0' and combo '('Linear', 'Cubic', 'LogLinear', 'Exponential')'.
Overflow error for './results/rq1/20261002-2248-tailored-cssselect_tailored/run1/cssselect_tailored/summary.csv-function_name/css_select_5_2_0' and combo '('Quadratic', 'Cubic', 'LogLinear', 'Exponential')'.
Overflow error for './results/rq1/20261002-2248-tailored-cssselect_tailored/run1/cssselect_tailored/summary.csv-function_name/css_select_5_2_0' and combo '('Cubic', 'Cubic', 'LogLinear', 'Exponential')'.
Overflow error for './results/rq1/20261002-2248-tailored-cssselect_tailored/run1/cssselect_tailored/summary.csv-function_name/css_select_5_2_0' and combo '('Logarithmic', 'Cubic', 'LogLinear', 'Exponential')'.
Overflow error for './results/rq1/20261002-2248-tailored-cssselect_tailored/run1/cssselect_tailored/summary.csv-function_name/css_select_5_2_0' and combo '('Exponential', 'Cubic', 'LogLinear', 'Exponential')'.
Overflow error for './results/rq1/20261002-2248-tailored-cssselect_tailored/run1/cssselect_tailored/summary.csv-function_name/css_select_5_2_0' and combo '('LogLinear', 'Cubic', 'LogLinear', 'Exponential')'.
Overflow error for './results/rq1/20261002-2248-tailored-cssselect_tailored/run1/cssselect_tailored/summary.csv-function_name/css_select_5_2_0' and combo '('Linear', 'Logarithmic', 'LogLinear', 'Exponential')'.
Overflow error for './results/rq1/20261002-2248-tailored-cssselect_tailored/run1/cssselect_tailored/summary.csv-function_name/css_select_5_2_0' and combo '('Quadratic', 'Logarithmic', 'LogLinear', 'Exponential')'.
Overflow error for './results/rq1/20261002-2248-tailored-cssselect_tailored/run1/cssselect_tailored/summary.csv-function_name/css_select_5_2_0' and combo '('Cubic', 'Logarithmic', 'LogLinear', 'Exponential')'.
Overflow error for './results/rq1/20261002-2248-tailored-cssselect_tailored/run1/cssselect_tailored/summary.csv-function_name/css_select_5_2_0' and combo '('Logarithmic', 'Logarithmic', 'LogLinear', 'Exponential')'.
Overflow error for './results/rq1/20261002-2248-tailored-cssselect_tailored/run1/cssselect_tailored/summary.csv-function_name/css_select_5_2_0' and combo '('Exponential', 'Logarithmic', 'LogLinear', 'Exponential')'.
Overflow error for './results/rq1/20261002-2248-tailored-cssselect_tailored/run1/cssselect_tailored/summary.csv-function_name/css_select_5_2_0' and combo '('LogLinear', 'Logarithmic', 'LogLinear', 'Exponential')'.
Overflow error for './results/rq1/20261002-2248-tailored-cssselect_tailored/run1/cssselect_tailored/summary.csv-function_name/css_select_5_2_0' and combo '('Linear', 'Exponential', 'LogLinear', 'Exponential')'.
Overflow error for './results/rq1/20261002-2248-tailored-cssselect_tailored/run1/cssselect_tailored/summary.csv-function_name/css_select_5_2_0' and combo '('Quadratic', 'Exponential', 'LogLinear', 'Exponential')'.
Overflow error for './results/rq1/20261002-2248-tailored-cssselect_tailored/run1/cssselect_tailored/summary.csv-function_name/css_select_5_2_0' and combo '('Cubic', 'Exponential', 'LogLinear', 'Exponential')'.
Overflow error for './results/rq1/20261002-2248-tailored-cssselect_tailored/run1/cssselect_tailored/summary.csv-function_name/css_select_5_2_0' and combo '('Logarithmic', 'Exponential', 'LogLinear', 'Exponential')'.
Overflow error for './results/rq1/20261002-2248-tailored-cssselect_tailored/run1/cssselect_tailored/summary.csv-function_name/css_select_5_2_0' and combo '('Exponential', 'Exponential', 'LogLinear', 'Exponential')'.
Overflow error for './results/rq1/20261002-2248-tailored-cssselect_tailored/run1/cssselect_tailored/summary.csv-function_name/css_select_5_2_0' and combo '('LogLinear', 'Exponential', 'LogLinear', 'Exponential')'.
Overflow error for './results/rq1/20261002-2248-tailored-cssselect_tailored/run1/cssselect_tailored/summary.csv-function_name/css_select_5_2_0' and combo '('Linear', 'LogLinear', 'LogLinear', 'Exponential')'.
Overflow error for './results/rq1/20261002-2248-tailored-cssselect_tailored/run1/cssselect_tailored/summary.csv-function_name/css_select_5_2_0' and combo '('Quadratic', 'LogLinear', 'LogLinear', 'Exponential')'.
Overflow error for './results/rq1/20261002-2248-tailored-cssselect_tailored/run1/cssselect_tailored/summary.csv-function_name/css_select_5_2_0' and combo '('Cubic', 'LogLinear', 'LogLinear', 'Exponential')'.
Overflow error for './results/rq1/20261002-2248-tailored-cssselect_tailored/run1/cssselect_tailored/summary.csv-function_name/css_select_5_2_0' and combo '('Logarithmic', 'LogLinear', 'LogLinear', 'Exponential')'.
Overflow error for './results/rq1/20261002-2248-tailored-cssselect_tailored/run1/cssselect_tailored/summary.csv-function_name/css_select_5_2_0' and combo '('Exponential', 'LogLinear', 'LogLinear', 'Exponential')'.
Overflow error for './results/rq1/20261002-2248-tailored-cssselect_tailored/run1/cssselect_tailored/summary.csv-function_name/css_select_5_2_0' and combo '('LogLinear', 'LogLinear', 'LogLinear', 'Exponential')'.
Model fit results for './results/rq1/20261002-2248-tailored-cssselect_tailored/run1/cssselect_tailored/summary.csv-function_name/css_select_5_2_0':
Best fit for './results/rq1/20261002-2248-tailored-cssselect_tailored/run1/cssselect_tailored/summary.csv-function_name/css_select_5_2_0':
R^2: 0.8095307472492599
Intercept: 120788.57804339271
Feature 'count_comma' has complexity class 'Linear'.
The coefficient for this feature is 4744.666881060098.
Feature 'count_pseudo_class_selector' has complexity class 'Exponential'.
The coefficient for this feature is 0.00022333698375655688.
Feature 'count_an_a' has complexity class 'LogLinear'.
The coefficient for this feature is 13853.25831680419.
Feature 'doc_bytes' has complexity class 'Linear'.
The coefficient for this feature is -5.090680841364514.
Saved 3d fit model plot to ./results/rq1/20261002-2248-tailored-cssselect_tailored/run1/cssselect_tailored/plots/3dmodel_runtime_ns_vs_count_comma_and_count_pseudo_class_selector_and_count_an_a_and_doc_bytes_css_select_5_2_0.png
Best complexity classes for './results/rq1/20261002-2248-tailored-cssselect_tailored/run1/cssselect_tailored/summary.csv-function_name/css_select_5_1_0': ('Linear', 'Exponential', 'Linear', 'Linear')
Best complexity classes for './results/rq1/20261002-2248-tailored-cssselect_tailored/run1/cssselect_tailored/summary.csv-function_name/css_select_5_2_0': ('Linear', 'Exponential', 'LogLinear', 'Linear')
======================================================================
Plotting 'rss' vs 'count_complex_selector_list' for './results/rq1/20261002-2248-tailored-cssselect_tailored/run1/cssselect_tailored/summary.csv-function_name/css_select_5_1_0':
Saved plot to ./results/rq1/20261002-2248-tailored-cssselect_tailored/run1/cssselect_tailored/plots/rss_vs_count_complex_selector_list_css_select_5_1_0.png
Plotting 'rss' vs 'count_complex_selector_list' for './results/rq1/20261002-2248-tailored-cssselect_tailored/run1/cssselect_tailored/summary.csv-function_name/css_select_5_2_0':
Saved plot to ./results/rq1/20261002-2248-tailored-cssselect_tailored/run1/cssselect_tailored/plots/rss_vs_count_complex_selector_list_css_select_5_2_0.png
For './results/rq1/20261002-2248-tailored-cssselect_tailored/run1/cssselect_tailored/summary.csv-function_name/css_select_5_1_0', feature 'count_complex_selector_list' and metric 'rss' the best fit is:
Best : Logarithmic: time = 7.1E+07 + 2.4E+06*log(n) (sec)           
Constant: time = 7.4E+07 (sec)                                  (res: 0.51)
Linear: time = 7.2E+07 + 4.2E+05*n (sec)                        (res: 0.27)
Quadratic: time = 7.3E+07 + 1.8E+04*n^2 (sec)                   (res: 0.36)
Cubic: time = 7.3E+07 + 7.4E+02*n^3 (sec)                       (res: 0.42)
Logarithmic: time = 7.1E+07 + 2.4E+06*log(n) (sec)              (res: 0.22)
Linearithmic: time = 7.2E+07 + 1.3E+05*n*log(n) (sec)           (res: 0.31)
Exponential: time = 7.2E+07 * 1^n (sec)                         (res: 0.28)

   [exponent] free-exponent fit: rss ~ count_complex_selector_list ** 0.03
Saved fit model plot to ./results/rq1/20261002-2248-tailored-cssselect_tailored/run1/cssselect_tailored/plots/fitmodel_rss_vs_count_complex_selector_list_css_select_5_1_0.png
For './results/rq1/20261002-2248-tailored-cssselect_tailored/run1/cssselect_tailored/summary.csv-function_name/css_select_5_2_0', feature 'count_complex_selector_list' and metric 'rss' the best fit is:
Best : Logarithmic: time = 7.1E+07 + 2.4E+06*log(n) (sec)           
Constant: time = 7.4E+07 (sec)                                  (res: 0.47)
Linear: time = 7.2E+07 + 4.1E+05*n (sec)                        (res: 0.25)
Quadratic: time = 7.3E+07 + 1.7E+04*n^2 (sec)                   (res: 0.34)
Cubic: time = 7.3E+07 + 6.8E+02*n^3 (sec)                       (res: 0.39)
Logarithmic: time = 7.1E+07 + 2.4E+06*log(n) (sec)              (res: 0.18)
Linearithmic: time = 7.3E+07 + 1.3E+05*n*log(n) (sec)           (res: 0.28)
Exponential: time = 7.2E+07 * 1^n (sec)                         (res: 0.25)

   [exponent] free-exponent fit: rss ~ count_complex_selector_list ** 0.03
Saved fit model plot to ./results/rq1/20261002-2248-tailored-cssselect_tailored/run1/cssselect_tailored/plots/fitmodel_rss_vs_count_complex_selector_list_css_select_5_2_0.png
Plotting 'rss' vs 'count_more_complex_selector' for './results/rq1/20261002-2248-tailored-cssselect_tailored/run1/cssselect_tailored/summary.csv-function_name/css_select_5_1_0':
Saved plot to ./results/rq1/20261002-2248-tailored-cssselect_tailored/run1/cssselect_tailored/plots/rss_vs_count_more_complex_selector_css_select_5_1_0.png
Plotting 'rss' vs 'count_more_complex_selector' for './results/rq1/20261002-2248-tailored-cssselect_tailored/run1/cssselect_tailored/summary.csv-function_name/css_select_5_2_0':
Saved plot to ./results/rq1/20261002-2248-tailored-cssselect_tailored/run1/cssselect_tailored/plots/rss_vs_count_more_complex_selector_css_select_5_2_0.png
For './results/rq1/20261002-2248-tailored-cssselect_tailored/run1/cssselect_tailored/summary.csv-function_name/css_select_5_1_0', feature 'count_more_complex_selector' and metric 'rss': dropped 89 of 279 rows (censored, non-positive metric, or zero feature).
For './results/rq1/20261002-2248-tailored-cssselect_tailored/run1/cssselect_tailored/summary.csv-function_name/css_select_5_1_0', feature 'count_more_complex_selector' and metric 'rss' the best fit is:
Best : Logarithmic: time = 7.3E+07 + 1.8E+06*log(n) (sec)           
Constant: time = 7.5E+07 (sec)                                  (res: 0.24)
Linear: time = 7.3E+07 + 4.8E+05*n (sec)                        (res: 0.16)
Quadratic: time = 7.4E+07 + 3.7E+04*n^2 (sec)                   (res: 0.18)
Cubic: time = 7.5E+07 + 2.7E+03*n^3 (sec)                       (res: 0.2)
Logarithmic: time = 7.3E+07 + 1.8E+06*log(n) (sec)              (res: 0.15)
Linearithmic: time = 7.4E+07 + 1.8E+05*n*log(n) (sec)           (res: 0.16)
Exponential: time = 7.3E+07 * 1^n (sec)                         (res: 0.16)

   [near-tie] within 10%: Logarithmic, Linear, Exponential, Linearithmic -- chosen by the simplicity bias, not the data.
   [exponent] free-exponent fit: rss ~ count_more_complex_selector ** 0.02
Saved fit model plot to ./results/rq1/20261002-2248-tailored-cssselect_tailored/run1/cssselect_tailored/plots/fitmodel_rss_vs_count_more_complex_selector_css_select_5_1_0.png
For './results/rq1/20261002-2248-tailored-cssselect_tailored/run1/cssselect_tailored/summary.csv-function_name/css_select_5_2_0', feature 'count_more_complex_selector' and metric 'rss': dropped 89 of 279 rows (censored, non-positive metric, or zero feature).
For './results/rq1/20261002-2248-tailored-cssselect_tailored/run1/cssselect_tailored/summary.csv-function_name/css_select_5_2_0', feature 'count_more_complex_selector' and metric 'rss' the best fit is:
Best : Logarithmic: time = 7.3E+07 + 1.9E+06*log(n) (sec)           
Constant: time = 7.5E+07 (sec)                                  (res: 0.21)
Linear: time = 7.3E+07 + 4.7E+05*n (sec)                        (res: 0.14)
Quadratic: time = 7.4E+07 + 3.5E+04*n^2 (sec)                   (res: 0.16)
Cubic: time = 7.5E+07 + 2.4E+03*n^3 (sec)                       (res: 0.18)
Logarithmic: time = 7.3E+07 + 1.9E+06*log(n) (sec)              (res: 0.13)
Linearithmic: time = 7.4E+07 + 1.7E+05*n*log(n) (sec)           (res: 0.15)
Exponential: time = 7.4E+07 * 1^n (sec)                         (res: 0.14)

   [near-tie] within 10%: Logarithmic, Linear, Exponential -- chosen by the simplicity bias, not the data.
   [exponent] free-exponent fit: rss ~ count_more_complex_selector ** 0.02
Saved fit model plot to ./results/rq1/20261002-2248-tailored-cssselect_tailored/run1/cssselect_tailored/plots/fitmodel_rss_vs_count_more_complex_selector_css_select_5_2_0.png
Plotting 'rss' vs 'count_comma' for './results/rq1/20261002-2248-tailored-cssselect_tailored/run1/cssselect_tailored/summary.csv-function_name/css_select_5_1_0':
Saved plot to ./results/rq1/20261002-2248-tailored-cssselect_tailored/run1/cssselect_tailored/plots/rss_vs_count_comma_css_select_5_1_0.png
Plotting 'rss' vs 'count_comma' for './results/rq1/20261002-2248-tailored-cssselect_tailored/run1/cssselect_tailored/summary.csv-function_name/css_select_5_2_0':
Saved plot to ./results/rq1/20261002-2248-tailored-cssselect_tailored/run1/cssselect_tailored/plots/rss_vs_count_comma_css_select_5_2_0.png
For './results/rq1/20261002-2248-tailored-cssselect_tailored/run1/cssselect_tailored/summary.csv-function_name/css_select_5_1_0', feature 'count_comma' and metric 'rss': dropped 48 of 279 rows (censored, non-positive metric, or zero feature).
For './results/rq1/20261002-2248-tailored-cssselect_tailored/run1/cssselect_tailored/summary.csv-function_name/css_select_5_1_0', feature 'count_comma' and metric 'rss' the best fit is:
Best : Logarithmic: time = 7.1E+07 + 1.6E+06*log(n) (sec)           
Constant: time = 7.5E+07 (sec)                                  (res: 0.34)
Linear: time = 7.3E+07 + 1.1E+05*n (sec)                        (res: 0.19)
Quadratic: time = 7.4E+07 + 1.5E+03*n^2 (sec)                   (res: 0.24)
Cubic: time = 7.4E+07 + 18*n^3 (sec)                            (res: 0.28)
Logarithmic: time = 7.1E+07 + 1.6E+06*log(n) (sec)              (res: 0.17)
Linearithmic: time = 7.3E+07 + 2.5E+04*n*log(n) (sec)           (res: 0.2)
Exponential: time = 7.3E+07 * 1^n (sec)                         (res: 0.19)

   [exponent] free-exponent fit: rss ~ count_comma ** 0.02
Saved fit model plot to ./results/rq1/20261002-2248-tailored-cssselect_tailored/run1/cssselect_tailored/plots/fitmodel_rss_vs_count_comma_css_select_5_1_0.png
For './results/rq1/20261002-2248-tailored-cssselect_tailored/run1/cssselect_tailored/summary.csv-function_name/css_select_5_2_0', feature 'count_comma' and metric 'rss': dropped 48 of 279 rows (censored, non-positive metric, or zero feature).
For './results/rq1/20261002-2248-tailored-cssselect_tailored/run1/cssselect_tailored/summary.csv-function_name/css_select_5_2_0', feature 'count_comma' and metric 'rss' the best fit is:
Best : Logarithmic: time = 7.1E+07 + 1.7E+06*log(n) (sec)           
Constant: time = 7.5E+07 (sec)                                  (res: 0.29)
Linear: time = 7.3E+07 + 1.1E+05*n (sec)                        (res: 0.13)
Quadratic: time = 7.4E+07 + 1.6E+03*n^2 (sec)                   (res: 0.18)
Cubic: time = 7.4E+07 + 22*n^3 (sec)                            (res: 0.21)
Logarithmic: time = 7.1E+07 + 1.7E+06*log(n) (sec)              (res: 0.11)
Linearithmic: time = 7.3E+07 + 2.7E+04*n*log(n) (sec)           (res: 0.14)
Exponential: time = 7.3E+07 * 1^n (sec)                         (res: 0.13)

   [exponent] free-exponent fit: rss ~ count_comma ** 0.02
Saved fit model plot to ./results/rq1/20261002-2248-tailored-cssselect_tailored/run1/cssselect_tailored/plots/fitmodel_rss_vs_count_comma_css_select_5_2_0.png
Plotting 'rss' vs 'count_complex_selector' for './results/rq1/20261002-2248-tailored-cssselect_tailored/run1/cssselect_tailored/summary.csv-function_name/css_select_5_1_0':
Saved plot to ./results/rq1/20261002-2248-tailored-cssselect_tailored/run1/cssselect_tailored/plots/rss_vs_count_complex_selector_css_select_5_1_0.png
Plotting 'rss' vs 'count_complex_selector' for './results/rq1/20261002-2248-tailored-cssselect_tailored/run1/cssselect_tailored/summary.csv-function_name/css_select_5_2_0':
Saved plot to ./results/rq1/20261002-2248-tailored-cssselect_tailored/run1/cssselect_tailored/plots/rss_vs_count_complex_selector_css_select_5_2_0.png
For './results/rq1/20261002-2248-tailored-cssselect_tailored/run1/cssselect_tailored/summary.csv-function_name/css_select_5_1_0', feature 'count_complex_selector' and metric 'rss' the best fit is:
Best : Logarithmic: time = 7.1E+07 + 1.8E+06*log(n) (sec)           
Constant: time = 7.4E+07 (sec)                                  (res: 0.51)
Linear: time = 7.2E+07 + 1.8E+05*n (sec)                        (res: 0.28)
Quadratic: time = 7.3E+07 + 4E+03*n^2 (sec)                     (res: 0.35)
Cubic: time = 7.3E+07 + 76*n^3 (sec)                            (res: 0.4)
Logarithmic: time = 7.1E+07 + 1.8E+06*log(n) (sec)              (res: 0.26)
Linearithmic: time = 7.2E+07 + 4.7E+04*n*log(n) (sec)           (res: 0.29)
Exponential: time = 7.2E+07 * 1^n (sec)                         (res: 0.28)

   [near-tie] within 10%: Logarithmic, Linear, Exponential -- chosen by the simplicity bias, not the data.
   [exponent] free-exponent fit: rss ~ count_complex_selector ** 0.02
Saved fit model plot to ./results/rq1/20261002-2248-tailored-cssselect_tailored/run1/cssselect_tailored/plots/fitmodel_rss_vs_count_complex_selector_css_select_5_1_0.png
For './results/rq1/20261002-2248-tailored-cssselect_tailored/run1/cssselect_tailored/summary.csv-function_name/css_select_5_2_0', feature 'count_complex_selector' and metric 'rss' the best fit is:
Best : Logarithmic: time = 7.1E+07 + 1.9E+06*log(n) (sec)           
Constant: time = 7.4E+07 (sec)                                  (res: 0.47)
Linear: time = 7.2E+07 + 1.8E+05*n (sec)                        (res: 0.24)
Quadratic: time = 7.3E+07 + 3.8E+03*n^2 (sec)                   (res: 0.32)
Cubic: time = 7.3E+07 + 72*n^3 (sec)                            (res: 0.38)
Logarithmic: time = 7.1E+07 + 1.9E+06*log(n) (sec)              (res: 0.22)
Linearithmic: time = 7.3E+07 + 4.7E+04*n*log(n) (sec)           (res: 0.26)
Exponential: time = 7.2E+07 * 1^n (sec)                         (res: 0.25)

   [exponent] free-exponent fit: rss ~ count_complex_selector ** 0.03
Saved fit model plot to ./results/rq1/20261002-2248-tailored-cssselect_tailored/run1/cssselect_tailored/plots/fitmodel_rss_vs_count_complex_selector_css_select_5_2_0.png
Plotting 'rss' vs 'count_combinator' for './results/rq1/20261002-2248-tailored-cssselect_tailored/run1/cssselect_tailored/summary.csv-function_name/css_select_5_1_0':
Saved plot to ./results/rq1/20261002-2248-tailored-cssselect_tailored/run1/cssselect_tailored/plots/rss_vs_count_combinator_css_select_5_1_0.png
Plotting 'rss' vs 'count_combinator' for './results/rq1/20261002-2248-tailored-cssselect_tailored/run1/cssselect_tailored/summary.csv-function_name/css_select_5_2_0':
Saved plot to ./results/rq1/20261002-2248-tailored-cssselect_tailored/run1/cssselect_tailored/plots/rss_vs_count_combinator_css_select_5_2_0.png
For './results/rq1/20261002-2248-tailored-cssselect_tailored/run1/cssselect_tailored/summary.csv-function_name/css_select_5_1_0', feature 'count_combinator' and metric 'rss': dropped 14 of 279 rows (censored, non-positive metric, or zero feature).
For './results/rq1/20261002-2248-tailored-cssselect_tailored/run1/cssselect_tailored/summary.csv-function_name/css_select_5_1_0', feature 'count_combinator' and metric 'rss' the best fit is:
Best : Logarithmic: time = 7E+07 + 1.6E+06*log(n) (sec)             
Constant: time = 7.4E+07 (sec)                                  (res: 0.46)
Linear: time = 7.2E+07 + 5.8E+04*n (sec)                        (res: 0.24)
Quadratic: time = 7.3E+07 + 3.3E+02*n^2 (sec)                   (res: 0.34)
Cubic: time = 7.4E+07 + 1.6*n^3 (sec)                           (res: 0.4)
Logarithmic: time = 7E+07 + 1.6E+06*log(n) (sec)                (res: 0.2)
Linearithmic: time = 7.2E+07 + 1.1E+04*n*log(n) (sec)           (res: 0.26)
Exponential: time = 7.2E+07 * 1^n (sec)                         (res: 0.24)

   [exponent] free-exponent fit: rss ~ count_combinator ** 0.02
Saved fit model plot to ./results/rq1/20261002-2248-tailored-cssselect_tailored/run1/cssselect_tailored/plots/fitmodel_rss_vs_count_combinator_css_select_5_1_0.png
For './results/rq1/20261002-2248-tailored-cssselect_tailored/run1/cssselect_tailored/summary.csv-function_name/css_select_5_2_0', feature 'count_combinator' and metric 'rss': dropped 14 of 279 rows (censored, non-positive metric, or zero feature).
For './results/rq1/20261002-2248-tailored-cssselect_tailored/run1/cssselect_tailored/summary.csv-function_name/css_select_5_2_0', feature 'count_combinator' and metric 'rss' the best fit is:
Best : Logarithmic: time = 7E+07 + 1.7E+06*log(n) (sec)             
Constant: time = 7.4E+07 (sec)                                  (res: 0.42)
Linear: time = 7.2E+07 + 6.1E+04*n (sec)                        (res: 0.17)
Quadratic: time = 7.3E+07 + 3.7E+02*n^2 (sec)                   (res: 0.27)
Cubic: time = 7.4E+07 + 1.9*n^3 (sec)                           (res: 0.33)
Logarithmic: time = 7E+07 + 1.7E+06*log(n) (sec)                (res: 0.14)
Linearithmic: time = 7.3E+07 + 1.2E+04*n*log(n) (sec)           (res: 0.2)
Exponential: time = 7.2E+07 * 1^n (sec)                         (res: 0.18)

   [exponent] free-exponent fit: rss ~ count_combinator ** 0.02
Saved fit model plot to ./results/rq1/20261002-2248-tailored-cssselect_tailored/run1/cssselect_tailored/plots/fitmodel_rss_vs_count_combinator_css_select_5_2_0.png
Plotting 'rss' vs 'count_has_compound' for './results/rq1/20261002-2248-tailored-cssselect_tailored/run1/cssselect_tailored/summary.csv-function_name/css_select_5_1_0':
Saved plot to ./results/rq1/20261002-2248-tailored-cssselect_tailored/run1/cssselect_tailored/plots/rss_vs_count_has_compound_css_select_5_1_0.png
Plotting 'rss' vs 'count_has_compound' for './results/rq1/20261002-2248-tailored-cssselect_tailored/run1/cssselect_tailored/summary.csv-function_name/css_select_5_2_0':
Saved plot to ./results/rq1/20261002-2248-tailored-cssselect_tailored/run1/cssselect_tailored/plots/rss_vs_count_has_compound_css_select_5_2_0.png
For './results/rq1/20261002-2248-tailored-cssselect_tailored/run1/cssselect_tailored/summary.csv-function_name/css_select_5_1_0', feature 'count_has_compound' and metric 'rss' the best fit is:
Best : Logarithmic: time = 7.1E+07 + 2.4E+06*log(n) (sec)           
Constant: time = 7.4E+07 (sec)                                  (res: 0.51)
Linear: time = 7.2E+07 + 4.2E+05*n (sec)                        (res: 0.27)
Quadratic: time = 7.3E+07 + 1.8E+04*n^2 (sec)                   (res: 0.36)
Cubic: time = 7.3E+07 + 7.4E+02*n^3 (sec)                       (res: 0.42)
Logarithmic: time = 7.1E+07 + 2.4E+06*log(n) (sec)              (res: 0.22)
Linearithmic: time = 7.2E+07 + 1.3E+05*n*log(n) (sec)           (res: 0.31)
Exponential: time = 7.2E+07 * 1^n (sec)                         (res: 0.28)

   [exponent] free-exponent fit: rss ~ count_has_compound ** 0.03
Saved fit model plot to ./results/rq1/20261002-2248-tailored-cssselect_tailored/run1/cssselect_tailored/plots/fitmodel_rss_vs_count_has_compound_css_select_5_1_0.png
For './results/rq1/20261002-2248-tailored-cssselect_tailored/run1/cssselect_tailored/summary.csv-function_name/css_select_5_2_0', feature 'count_has_compound' and metric 'rss' the best fit is:
Best : Logarithmic: time = 7.1E+07 + 2.4E+06*log(n) (sec)           
Constant: time = 7.4E+07 (sec)                                  (res: 0.47)
Linear: time = 7.2E+07 + 4.1E+05*n (sec)                        (res: 0.25)
Quadratic: time = 7.3E+07 + 1.7E+04*n^2 (sec)                   (res: 0.34)
Cubic: time = 7.3E+07 + 6.8E+02*n^3 (sec)                       (res: 0.39)
Logarithmic: time = 7.1E+07 + 2.4E+06*log(n) (sec)              (res: 0.18)
Linearithmic: time = 7.3E+07 + 1.3E+05*n*log(n) (sec)           (res: 0.28)
Exponential: time = 7.2E+07 * 1^n (sec)                         (res: 0.25)

   [exponent] free-exponent fit: rss ~ count_has_compound ** 0.03
Saved fit model plot to ./results/rq1/20261002-2248-tailored-cssselect_tailored/run1/cssselect_tailored/plots/fitmodel_rss_vs_count_has_compound_css_select_5_2_0.png
Plotting 'rss' vs 'count_compound' for './results/rq1/20261002-2248-tailored-cssselect_tailored/run1/cssselect_tailored/summary.csv-function_name/css_select_5_1_0':
Saved plot to ./results/rq1/20261002-2248-tailored-cssselect_tailored/run1/cssselect_tailored/plots/rss_vs_count_compound_css_select_5_1_0.png
Plotting 'rss' vs 'count_compound' for './results/rq1/20261002-2248-tailored-cssselect_tailored/run1/cssselect_tailored/summary.csv-function_name/css_select_5_2_0':
Saved plot to ./results/rq1/20261002-2248-tailored-cssselect_tailored/run1/cssselect_tailored/plots/rss_vs_count_compound_css_select_5_2_0.png
For './results/rq1/20261002-2248-tailored-cssselect_tailored/run1/cssselect_tailored/summary.csv-function_name/css_select_5_1_0', feature 'count_compound' and metric 'rss': dropped 59 of 279 rows (censored, non-positive metric, or zero feature).
For './results/rq1/20261002-2248-tailored-cssselect_tailored/run1/cssselect_tailored/summary.csv-function_name/css_select_5_1_0', feature 'count_compound' and metric 'rss' the best fit is:
Best : Logarithmic: time = 7.1E+07 + 2E+06*log(n) (sec)             
Constant: time = 7.4E+07 (sec)                                  (res: 0.38)
Linear: time = 7.2E+07 + 3.1E+05*n (sec)                        (res: 0.2)
Quadratic: time = 7.3E+07 + 1.2E+04*n^2 (sec)                   (res: 0.24)
Cubic: time = 7.3E+07 + 4.5E+02*n^3 (sec)                       (res: 0.28)
Logarithmic: time = 7.1E+07 + 2E+06*log(n) (sec)                (res: 0.2)
Linearithmic: time = 7.3E+07 + 9.6E+04*n*log(n) (sec)           (res: 0.21)
Exponential: time = 7.2E+07 * 1^n (sec)                         (res: 0.2)

   [near-tie] within 10%: Logarithmic, Linear, Exponential, Linearithmic -- chosen by the simplicity bias, not the data.
   [exponent] free-exponent fit: rss ~ count_compound ** 0.03
Saved fit model plot to ./results/rq1/20261002-2248-tailored-cssselect_tailored/run1/cssselect_tailored/plots/fitmodel_rss_vs_count_compound_css_select_5_1_0.png
For './results/rq1/20261002-2248-tailored-cssselect_tailored/run1/cssselect_tailored/summary.csv-function_name/css_select_5_2_0', feature 'count_compound' and metric 'rss': dropped 59 of 279 rows (censored, non-positive metric, or zero feature).
For './results/rq1/20261002-2248-tailored-cssselect_tailored/run1/cssselect_tailored/summary.csv-function_name/css_select_5_2_0', feature 'count_compound' and metric 'rss' the best fit is:
Best : Logarithmic: time = 7.2E+07 + 2E+06*log(n) (sec)             
Constant: time = 7.5E+07 (sec)                                  (res: 0.37)
Linear: time = 7.2E+07 + 3.1E+05*n (sec)                        (res: 0.19)
Quadratic: time = 7.3E+07 + 1.2E+04*n^2 (sec)                   (res: 0.24)
Cubic: time = 7.4E+07 + 4.2E+02*n^3 (sec)                       (res: 0.29)
Logarithmic: time = 7.2E+07 + 2E+06*log(n) (sec)                (res: 0.18)
Linearithmic: time = 7.3E+07 + 9.3E+04*n*log(n) (sec)           (res: 0.21)
Exponential: time = 7.2E+07 * 1^n (sec)                         (res: 0.2)

   [near-tie] within 10%: Logarithmic, Linear, Exponential -- chosen by the simplicity bias, not the data.
   [exponent] free-exponent fit: rss ~ count_compound ** 0.03
Saved fit model plot to ./results/rq1/20261002-2248-tailored-cssselect_tailored/run1/cssselect_tailored/plots/fitmodel_rss_vs_count_compound_css_select_5_2_0.png
Plotting 'rss' vs 'count_type_selector' for './results/rq1/20261002-2248-tailored-cssselect_tailored/run1/cssselect_tailored/summary.csv-function_name/css_select_5_1_0':
Saved plot to ./results/rq1/20261002-2248-tailored-cssselect_tailored/run1/cssselect_tailored/plots/rss_vs_count_type_selector_css_select_5_1_0.png
Plotting 'rss' vs 'count_type_selector' for './results/rq1/20261002-2248-tailored-cssselect_tailored/run1/cssselect_tailored/summary.csv-function_name/css_select_5_2_0':
Saved plot to ./results/rq1/20261002-2248-tailored-cssselect_tailored/run1/cssselect_tailored/plots/rss_vs_count_type_selector_css_select_5_2_0.png
For './results/rq1/20261002-2248-tailored-cssselect_tailored/run1/cssselect_tailored/summary.csv-function_name/css_select_5_1_0', feature 'count_type_selector' and metric 'rss': dropped 2 of 279 rows (censored, non-positive metric, or zero feature).
For './results/rq1/20261002-2248-tailored-cssselect_tailored/run1/cssselect_tailored/summary.csv-function_name/css_select_5_1_0', feature 'count_type_selector' and metric 'rss' the best fit is:
Best : Logarithmic: time = 6.9E+07 + 1.7E+06*log(n) (sec)           
Constant: time = 7.4E+07 (sec)                                  (res: 0.51)
Linear: time = 7.2E+07 + 4.9E+04*n (sec)                        (res: 0.24)
Quadratic: time = 7.3E+07 + 2.4E+02*n^2 (sec)                   (res: 0.34)
Cubic: time = 7.3E+07 + 1*n^3 (sec)                             (res: 0.41)
Logarithmic: time = 6.9E+07 + 1.7E+06*log(n) (sec)              (res: 0.19)
Linearithmic: time = 7.2E+07 + 9.2E+03*n*log(n) (sec)           (res: 0.26)
Exponential: time = 7.2E+07 * 1^n (sec)                         (res: 0.24)

   [exponent] free-exponent fit: rss ~ count_type_selector ** 0.02
Saved fit model plot to ./results/rq1/20261002-2248-tailored-cssselect_tailored/run1/cssselect_tailored/plots/fitmodel_rss_vs_count_type_selector_css_select_5_1_0.png
For './results/rq1/20261002-2248-tailored-cssselect_tailored/run1/cssselect_tailored/summary.csv-function_name/css_select_5_2_0', feature 'count_type_selector' and metric 'rss': dropped 2 of 279 rows (censored, non-positive metric, or zero feature).
For './results/rq1/20261002-2248-tailored-cssselect_tailored/run1/cssselect_tailored/summary.csv-function_name/css_select_5_2_0', feature 'count_type_selector' and metric 'rss' the best fit is:
Best : Logarithmic: time = 6.9E+07 + 1.7E+06*log(n) (sec)           
Constant: time = 7.4E+07 (sec)                                  (res: 0.47)
Linear: time = 7.2E+07 + 5.1E+04*n (sec)                        (res: 0.18)
Quadratic: time = 7.3E+07 + 2.7E+02*n^2 (sec)                   (res: 0.28)
Cubic: time = 7.3E+07 + 1.2*n^3 (sec)                           (res: 0.35)
Logarithmic: time = 6.9E+07 + 1.7E+06*log(n) (sec)              (res: 0.13)
Linearithmic: time = 7.2E+07 + 9.7E+03*n*log(n) (sec)           (res: 0.2)
Exponential: time = 7.2E+07 * 1^n (sec)                         (res: 0.18)

   [exponent] free-exponent fit: rss ~ count_type_selector ** 0.02
Saved fit model plot to ./results/rq1/20261002-2248-tailored-cssselect_tailored/run1/cssselect_tailored/plots/fitmodel_rss_vs_count_type_selector_css_select_5_2_0.png
Plotting 'rss' vs 'count_subclass_selectors' for './results/rq1/20261002-2248-tailored-cssselect_tailored/run1/cssselect_tailored/summary.csv-function_name/css_select_5_1_0':
Saved plot to ./results/rq1/20261002-2248-tailored-cssselect_tailored/run1/cssselect_tailored/plots/rss_vs_count_subclass_selectors_css_select_5_1_0.png
Plotting 'rss' vs 'count_subclass_selectors' for './results/rq1/20261002-2248-tailored-cssselect_tailored/run1/cssselect_tailored/summary.csv-function_name/css_select_5_2_0':
Saved plot to ./results/rq1/20261002-2248-tailored-cssselect_tailored/run1/cssselect_tailored/plots/rss_vs_count_subclass_selectors_css_select_5_2_0.png
For './results/rq1/20261002-2248-tailored-cssselect_tailored/run1/cssselect_tailored/summary.csv-function_name/css_select_5_1_0', feature 'count_subclass_selectors' and metric 'rss': dropped 32 of 279 rows (censored, non-positive metric, or zero feature).
For './results/rq1/20261002-2248-tailored-cssselect_tailored/run1/cssselect_tailored/summary.csv-function_name/css_select_5_1_0', feature 'count_subclass_selectors' and metric 'rss' the best fit is:
Best : Logarithmic: time = 7.1E+07 + 1.7E+06*log(n) (sec)           
Constant: time = 7.4E+07 (sec)                                  (res: 0.43)
Linear: time = 7.2E+07 + 1.2E+05*n (sec)                        (res: 0.23)
Quadratic: time = 7.3E+07 + 1.8E+03*n^2 (sec)                   (res: 0.29)
Cubic: time = 7.3E+07 + 25*n^3 (sec)                            (res: 0.34)
Logarithmic: time = 7.1E+07 + 1.7E+06*log(n) (sec)              (res: 0.2)
Linearithmic: time = 7.3E+07 + 2.9E+04*n*log(n) (sec)           (res: 0.25)
Exponential: time = 7.2E+07 * 1^n (sec)                         (res: 0.23)

   [exponent] free-exponent fit: rss ~ count_subclass_selectors ** 0.02
Saved fit model plot to ./results/rq1/20261002-2248-tailored-cssselect_tailored/run1/cssselect_tailored/plots/fitmodel_rss_vs_count_subclass_selectors_css_select_5_1_0.png
For './results/rq1/20261002-2248-tailored-cssselect_tailored/run1/cssselect_tailored/summary.csv-function_name/css_select_5_2_0', feature 'count_subclass_selectors' and metric 'rss': dropped 32 of 279 rows (censored, non-positive metric, or zero feature).
For './results/rq1/20261002-2248-tailored-cssselect_tailored/run1/cssselect_tailored/summary.csv-function_name/css_select_5_2_0', feature 'count_subclass_selectors' and metric 'rss' the best fit is:
Best : Logarithmic: time = 7.1E+07 + 1.7E+06*log(n) (sec)           
Constant: time = 7.4E+07 (sec)                                  (res: 0.41)
Linear: time = 7.2E+07 + 1.2E+05*n (sec)                        (res: 0.22)
Quadratic: time = 7.3E+07 + 1.7E+03*n^2 (sec)                   (res: 0.29)
Cubic: time = 7.4E+07 + 23*n^3 (sec)                            (res: 0.33)
Logarithmic: time = 7.1E+07 + 1.7E+06*log(n) (sec)              (res: 0.18)
Linearithmic: time = 7.3E+07 + 2.8E+04*n*log(n) (sec)           (res: 0.24)
Exponential: time = 7.3E+07 * 1^n (sec)                         (res: 0.22)

   [exponent] free-exponent fit: rss ~ count_subclass_selectors ** 0.02
Saved fit model plot to ./results/rq1/20261002-2248-tailored-cssselect_tailored/run1/cssselect_tailored/plots/fitmodel_rss_vs_count_subclass_selectors_css_select_5_2_0.png
Plotting 'rss' vs 'count_wq_name' for './results/rq1/20261002-2248-tailored-cssselect_tailored/run1/cssselect_tailored/summary.csv-function_name/css_select_5_1_0':
Saved plot to ./results/rq1/20261002-2248-tailored-cssselect_tailored/run1/cssselect_tailored/plots/rss_vs_count_wq_name_css_select_5_1_0.png
Plotting 'rss' vs 'count_wq_name' for './results/rq1/20261002-2248-tailored-cssselect_tailored/run1/cssselect_tailored/summary.csv-function_name/css_select_5_2_0':
Saved plot to ./results/rq1/20261002-2248-tailored-cssselect_tailored/run1/cssselect_tailored/plots/rss_vs_count_wq_name_css_select_5_2_0.png
For './results/rq1/20261002-2248-tailored-cssselect_tailored/run1/cssselect_tailored/summary.csv-function_name/css_select_5_1_0', feature 'count_wq_name' and metric 'rss': dropped 16 of 279 rows (censored, non-positive metric, or zero feature).
For './results/rq1/20261002-2248-tailored-cssselect_tailored/run1/cssselect_tailored/summary.csv-function_name/css_select_5_1_0', feature 'count_wq_name' and metric 'rss' the best fit is:
Best : Logarithmic: time = 7E+07 + 1.7E+06*log(n) (sec)             
Constant: time = 7.4E+07 (sec)                                  (res: 0.46)
Linear: time = 7.2E+07 + 9E+04*n (sec)                          (res: 0.24)
Quadratic: time = 7.3E+07 + 9.1E+02*n^2 (sec)                   (res: 0.32)
Cubic: time = 7.3E+07 + 8.1*n^3 (sec)                           (res: 0.38)
Logarithmic: time = 7E+07 + 1.7E+06*log(n) (sec)                (res: 0.2)
Linearithmic: time = 7.2E+07 + 2E+04*n*log(n) (sec)             (res: 0.26)
Exponential: time = 7.2E+07 * 1^n (sec)                         (res: 0.24)

   [exponent] free-exponent fit: rss ~ count_wq_name ** 0.02
Saved fit model plot to ./results/rq1/20261002-2248-tailored-cssselect_tailored/run1/cssselect_tailored/plots/fitmodel_rss_vs_count_wq_name_css_select_5_1_0.png
For './results/rq1/20261002-2248-tailored-cssselect_tailored/run1/cssselect_tailored/summary.csv-function_name/css_select_5_2_0', feature 'count_wq_name' and metric 'rss': dropped 16 of 279 rows (censored, non-positive metric, or zero feature).
For './results/rq1/20261002-2248-tailored-cssselect_tailored/run1/cssselect_tailored/summary.csv-function_name/css_select_5_2_0', feature 'count_wq_name' and metric 'rss' the best fit is:
Best : Logarithmic: time = 7E+07 + 1.8E+06*log(n) (sec)             
Constant: time = 7.4E+07 (sec)                                  (res: 0.42)
Linear: time = 7.2E+07 + 9.6E+04*n (sec)                        (res: 0.17)
Quadratic: time = 7.3E+07 + 1E+03*n^2 (sec)                     (res: 0.25)
Cubic: time = 7.4E+07 + 9.7*n^3 (sec)                           (res: 0.31)
Logarithmic: time = 7E+07 + 1.8E+06*log(n) (sec)                (res: 0.14)
Linearithmic: time = 7.3E+07 + 2.1E+04*n*log(n) (sec)           (res: 0.19)
Exponential: time = 7.2E+07 * 1^n (sec)                         (res: 0.18)

   [exponent] free-exponent fit: rss ~ count_wq_name ** 0.02
Saved fit model plot to ./results/rq1/20261002-2248-tailored-cssselect_tailored/run1/cssselect_tailored/plots/fitmodel_rss_vs_count_wq_name_css_select_5_2_0.png
Plotting 'rss' vs 'count_lparen' for './results/rq1/20261002-2248-tailored-cssselect_tailored/run1/cssselect_tailored/summary.csv-function_name/css_select_5_1_0':
Saved plot to ./results/rq1/20261002-2248-tailored-cssselect_tailored/run1/cssselect_tailored/plots/rss_vs_count_lparen_css_select_5_1_0.png
Plotting 'rss' vs 'count_lparen' for './results/rq1/20261002-2248-tailored-cssselect_tailored/run1/cssselect_tailored/summary.csv-function_name/css_select_5_2_0':
Saved plot to ./results/rq1/20261002-2248-tailored-cssselect_tailored/run1/cssselect_tailored/plots/rss_vs_count_lparen_css_select_5_2_0.png
For './results/rq1/20261002-2248-tailored-cssselect_tailored/run1/cssselect_tailored/summary.csv-function_name/css_select_5_1_0', feature 'count_lparen' and metric 'rss' the best fit is:
Best : Logarithmic: time = 7E+07 + 1.7E+06*log(n) (sec)             
Constant: time = 7.4E+07 (sec)                                  (res: 0.51)
Linear: time = 7.2E+07 + 1.3E+05*n (sec)                        (res: 0.24)
Quadratic: time = 7.3E+07 + 1.9E+03*n^2 (sec)                   (res: 0.33)
Cubic: time = 7.3E+07 + 25*n^3 (sec)                            (res: 0.39)
Logarithmic: time = 7E+07 + 1.7E+06*log(n) (sec)                (res: 0.19)
Linearithmic: time = 7.2E+07 + 3E+04*n*log(n) (sec)             (res: 0.27)
Exponential: time = 7.2E+07 * 1^n (sec)                         (res: 0.25)

   [exponent] free-exponent fit: rss ~ count_lparen ** 0.02
Saved fit model plot to ./results/rq1/20261002-2248-tailored-cssselect_tailored/run1/cssselect_tailored/plots/fitmodel_rss_vs_count_lparen_css_select_5_1_0.png
For './results/rq1/20261002-2248-tailored-cssselect_tailored/run1/cssselect_tailored/summary.csv-function_name/css_select_5_2_0', feature 'count_lparen' and metric 'rss' the best fit is:
Best : Logarithmic: time = 7.1E+07 + 1.8E+06*log(n) (sec)           
Constant: time = 7.4E+07 (sec)                                  (res: 0.47)
Linear: time = 7.2E+07 + 1.3E+05*n (sec)                        (res: 0.19)
Quadratic: time = 7.3E+07 + 2E+03*n^2 (sec)                     (res: 0.27)
Cubic: time = 7.3E+07 + 28*n^3 (sec)                            (res: 0.33)
Logarithmic: time = 7.1E+07 + 1.8E+06*log(n) (sec)              (res: 0.14)
Linearithmic: time = 7.2E+07 + 3.1E+04*n*log(n) (sec)           (res: 0.21)
Exponential: time = 7.2E+07 * 1^n (sec)                         (res: 0.19)

   [exponent] free-exponent fit: rss ~ count_lparen ** 0.02
Saved fit model plot to ./results/rq1/20261002-2248-tailored-cssselect_tailored/run1/cssselect_tailored/plots/fitmodel_rss_vs_count_lparen_css_select_5_2_0.png
Plotting 'rss' vs 'count_relative_selector_list' for './results/rq1/20261002-2248-tailored-cssselect_tailored/run1/cssselect_tailored/summary.csv-function_name/css_select_5_1_0':
Saved plot to ./results/rq1/20261002-2248-tailored-cssselect_tailored/run1/cssselect_tailored/plots/rss_vs_count_relative_selector_list_css_select_5_1_0.png
Plotting 'rss' vs 'count_relative_selector_list' for './results/rq1/20261002-2248-tailored-cssselect_tailored/run1/cssselect_tailored/summary.csv-function_name/css_select_5_2_0':
Saved plot to ./results/rq1/20261002-2248-tailored-cssselect_tailored/run1/cssselect_tailored/plots/rss_vs_count_relative_selector_list_css_select_5_2_0.png
For './results/rq1/20261002-2248-tailored-cssselect_tailored/run1/cssselect_tailored/summary.csv-function_name/css_select_5_1_0', feature 'count_relative_selector_list' and metric 'rss' the best fit is:
Best : Logarithmic: time = 7E+07 + 2.1E+06*log(n) (sec)             
Constant: time = 7.4E+07 (sec)                                  (res: 0.51)
Linear: time = 7.2E+07 + 2.1E+05*n (sec)                        (res: 0.28)
Quadratic: time = 7.3E+07 + 3.4E+03*n^2 (sec)                   (res: 0.4)
Cubic: time = 7.3E+07 + 50*n^3 (sec)                            (res: 0.46)
Logarithmic: time = 7E+07 + 2.1E+06*log(n) (sec)                (res: 0.19)
Linearithmic: time = 7.2E+07 + 5.2E+04*n*log(n) (sec)           (res: 0.32)
Exponential: time = 7.2E+07 * 1^n (sec)                         (res: 0.28)

   [exponent] free-exponent fit: rss ~ count_relative_selector_list ** 0.03
Saved fit model plot to ./results/rq1/20261002-2248-tailored-cssselect_tailored/run1/cssselect_tailored/plots/fitmodel_rss_vs_count_relative_selector_list_css_select_5_1_0.png
For './results/rq1/20261002-2248-tailored-cssselect_tailored/run1/cssselect_tailored/summary.csv-function_name/css_select_5_2_0', feature 'count_relative_selector_list' and metric 'rss' the best fit is:
Best : Logarithmic: time = 7E+07 + 2.1E+06*log(n) (sec)             
Constant: time = 7.4E+07 (sec)                                  (res: 0.47)
Linear: time = 7.2E+07 + 2E+05*n (sec)                          (res: 0.25)
Quadratic: time = 7.3E+07 + 3.2E+03*n^2 (sec)                   (res: 0.38)
Cubic: time = 7.4E+07 + 46*n^3 (sec)                            (res: 0.43)
Logarithmic: time = 7E+07 + 2.1E+06*log(n) (sec)                (res: 0.16)
Linearithmic: time = 7.3E+07 + 4.9E+04*n*log(n) (sec)           (res: 0.3)
Exponential: time = 7.2E+07 * 1^n (sec)                         (res: 0.26)

   [exponent] free-exponent fit: rss ~ count_relative_selector_list ** 0.03
Saved fit model plot to ./results/rq1/20261002-2248-tailored-cssselect_tailored/run1/cssselect_tailored/plots/fitmodel_rss_vs_count_relative_selector_list_css_select_5_2_0.png
Plotting 'rss' vs 'count_rparen' for './results/rq1/20261002-2248-tailored-cssselect_tailored/run1/cssselect_tailored/summary.csv-function_name/css_select_5_1_0':
Saved plot to ./results/rq1/20261002-2248-tailored-cssselect_tailored/run1/cssselect_tailored/plots/rss_vs_count_rparen_css_select_5_1_0.png
Plotting 'rss' vs 'count_rparen' for './results/rq1/20261002-2248-tailored-cssselect_tailored/run1/cssselect_tailored/summary.csv-function_name/css_select_5_2_0':
Saved plot to ./results/rq1/20261002-2248-tailored-cssselect_tailored/run1/cssselect_tailored/plots/rss_vs_count_rparen_css_select_5_2_0.png
For './results/rq1/20261002-2248-tailored-cssselect_tailored/run1/cssselect_tailored/summary.csv-function_name/css_select_5_1_0', feature 'count_rparen' and metric 'rss' the best fit is:
Best : Logarithmic: time = 7E+07 + 1.7E+06*log(n) (sec)             
Constant: time = 7.4E+07 (sec)                                  (res: 0.51)
Linear: time = 7.2E+07 + 1.3E+05*n (sec)                        (res: 0.24)
Quadratic: time = 7.3E+07 + 1.9E+03*n^2 (sec)                   (res: 0.33)
Cubic: time = 7.3E+07 + 25*n^3 (sec)                            (res: 0.39)
Logarithmic: time = 7E+07 + 1.7E+06*log(n) (sec)                (res: 0.19)
Linearithmic: time = 7.2E+07 + 3E+04*n*log(n) (sec)             (res: 0.27)
Exponential: time = 7.2E+07 * 1^n (sec)                         (res: 0.25)

   [exponent] free-exponent fit: rss ~ count_rparen ** 0.02
Saved fit model plot to ./results/rq1/20261002-2248-tailored-cssselect_tailored/run1/cssselect_tailored/plots/fitmodel_rss_vs_count_rparen_css_select_5_1_0.png
For './results/rq1/20261002-2248-tailored-cssselect_tailored/run1/cssselect_tailored/summary.csv-function_name/css_select_5_2_0', feature 'count_rparen' and metric 'rss' the best fit is:
Best : Logarithmic: time = 7.1E+07 + 1.8E+06*log(n) (sec)           
Constant: time = 7.4E+07 (sec)                                  (res: 0.47)
Linear: time = 7.2E+07 + 1.3E+05*n (sec)                        (res: 0.19)
Quadratic: time = 7.3E+07 + 2E+03*n^2 (sec)                     (res: 0.27)
Cubic: time = 7.3E+07 + 28*n^3 (sec)                            (res: 0.33)
Logarithmic: time = 7.1E+07 + 1.8E+06*log(n) (sec)              (res: 0.14)
Linearithmic: time = 7.2E+07 + 3.1E+04*n*log(n) (sec)           (res: 0.21)
Exponential: time = 7.2E+07 * 1^n (sec)                         (res: 0.19)

   [exponent] free-exponent fit: rss ~ count_rparen ** 0.02
Saved fit model plot to ./results/rq1/20261002-2248-tailored-cssselect_tailored/run1/cssselect_tailored/plots/fitmodel_rss_vs_count_rparen_css_select_5_2_0.png
Plotting 'rss' vs 'count_pseudo_class_selector' for './results/rq1/20261002-2248-tailored-cssselect_tailored/run1/cssselect_tailored/summary.csv-function_name/css_select_5_1_0':
Saved plot to ./results/rq1/20261002-2248-tailored-cssselect_tailored/run1/cssselect_tailored/plots/rss_vs_count_pseudo_class_selector_css_select_5_1_0.png
Plotting 'rss' vs 'count_pseudo_class_selector' for './results/rq1/20261002-2248-tailored-cssselect_tailored/run1/cssselect_tailored/summary.csv-function_name/css_select_5_2_0':
Saved plot to ./results/rq1/20261002-2248-tailored-cssselect_tailored/run1/cssselect_tailored/plots/rss_vs_count_pseudo_class_selector_css_select_5_2_0.png
For './results/rq1/20261002-2248-tailored-cssselect_tailored/run1/cssselect_tailored/summary.csv-function_name/css_select_5_1_0', feature 'count_pseudo_class_selector' and metric 'rss': dropped 108 of 279 rows (censored, non-positive metric, or zero feature).
For './results/rq1/20261002-2248-tailored-cssselect_tailored/run1/cssselect_tailored/summary.csv-function_name/css_select_5_1_0', feature 'count_pseudo_class_selector' and metric 'rss' the best fit is:
Best : Logarithmic: time = 7.3E+07 + 1.7E+06*log(n) (sec)           
Constant: time = 7.5E+07 (sec)                                  (res: 0.22)
Linear: time = 7.4E+07 + 2.8E+05*n (sec)                        (res: 0.18)
Quadratic: time = 7.5E+07 + 1E+04*n^2 (sec)                     (res: 0.2)
Cubic: time = 7.5E+07 + 4E+02*n^3 (sec)                         (res: 0.2)
Logarithmic: time = 7.3E+07 + 1.7E+06*log(n) (sec)              (res: 0.16)
Linearithmic: time = 7.4E+07 + 8.1E+04*n*log(n) (sec)           (res: 0.18)
Exponential: time = 7.4E+07 * 1^n (sec)                         (res: 0.18)

   [near-tie] within 10%: Logarithmic, Linear -- chosen by the simplicity bias, not the data.
   [exponent] free-exponent fit: rss ~ count_pseudo_class_selector ** 0.02
Saved fit model plot to ./results/rq1/20261002-2248-tailored-cssselect_tailored/run1/cssselect_tailored/plots/fitmodel_rss_vs_count_pseudo_class_selector_css_select_5_1_0.png
For './results/rq1/20261002-2248-tailored-cssselect_tailored/run1/cssselect_tailored/summary.csv-function_name/css_select_5_2_0', feature 'count_pseudo_class_selector' and metric 'rss': dropped 108 of 279 rows (censored, non-positive metric, or zero feature).
For './results/rq1/20261002-2248-tailored-cssselect_tailored/run1/cssselect_tailored/summary.csv-function_name/css_select_5_2_0', feature 'count_pseudo_class_selector' and metric 'rss' the best fit is:
Best : Logarithmic: time = 7.3E+07 + 1.5E+06*log(n) (sec)           
Constant: time = 7.6E+07 (sec)                                  (res: 0.2)
Linear: time = 7.4E+07 + 2.4E+05*n (sec)                        (res: 0.17)
Quadratic: time = 7.5E+07 + 8.3E+03*n^2 (sec)                   (res: 0.18)
Cubic: time = 7.5E+07 + 3.2E+02*n^3 (sec)                       (res: 0.19)
Logarithmic: time = 7.3E+07 + 1.5E+06*log(n) (sec)              (res: 0.15)
Linearithmic: time = 7.5E+07 + 6.8E+04*n*log(n) (sec)           (res: 0.17)
Exponential: time = 7.5E+07 * 1^n (sec)                         (res: 0.17)

   [exponent] free-exponent fit: rss ~ count_pseudo_class_selector ** 0.02
Saved fit model plot to ./results/rq1/20261002-2248-tailored-cssselect_tailored/run1/cssselect_tailored/plots/fitmodel_rss_vs_count_pseudo_class_selector_css_select_5_2_0.png
Plotting 'rss' vs 'count_class_selector' for './results/rq1/20261002-2248-tailored-cssselect_tailored/run1/cssselect_tailored/summary.csv-function_name/css_select_5_1_0':
Saved plot to ./results/rq1/20261002-2248-tailored-cssselect_tailored/run1/cssselect_tailored/plots/rss_vs_count_class_selector_css_select_5_1_0.png
Plotting 'rss' vs 'count_class_selector' for './results/rq1/20261002-2248-tailored-cssselect_tailored/run1/cssselect_tailored/summary.csv-function_name/css_select_5_2_0':
Saved plot to ./results/rq1/20261002-2248-tailored-cssselect_tailored/run1/cssselect_tailored/plots/rss_vs_count_class_selector_css_select_5_2_0.png
For './results/rq1/20261002-2248-tailored-cssselect_tailored/run1/cssselect_tailored/summary.csv-function_name/css_select_5_1_0', feature 'count_class_selector' and metric 'rss': dropped 23 of 279 rows (censored, non-positive metric, or zero feature).
For './results/rq1/20261002-2248-tailored-cssselect_tailored/run1/cssselect_tailored/summary.csv-function_name/css_select_5_1_0', feature 'count_class_selector' and metric 'rss' the best fit is:
Best : Logarithmic: time = 7E+07 + 1.7E+06*log(n) (sec)             
Constant: time = 7.4E+07 (sec)                                  (res: 0.45)
Linear: time = 7.2E+07 + 9.8E+04*n (sec)                        (res: 0.26)
Quadratic: time = 7.3E+07 + 1.1E+03*n^2 (sec)                   (res: 0.33)
Cubic: time = 7.3E+07 + 14*n^3 (sec)                            (res: 0.37)
Logarithmic: time = 7E+07 + 1.7E+06*log(n) (sec)                (res: 0.2)
Linearithmic: time = 7.3E+07 + 2.2E+04*n*log(n) (sec)           (res: 0.28)
Exponential: time = 7.2E+07 * 1^n (sec)                         (res: 0.26)

   [exponent] free-exponent fit: rss ~ count_class_selector ** 0.02
Saved fit model plot to ./results/rq1/20261002-2248-tailored-cssselect_tailored/run1/cssselect_tailored/plots/fitmodel_rss_vs_count_class_selector_css_select_5_1_0.png
For './results/rq1/20261002-2248-tailored-cssselect_tailored/run1/cssselect_tailored/summary.csv-function_name/css_select_5_2_0', feature 'count_class_selector' and metric 'rss': dropped 23 of 279 rows (censored, non-positive metric, or zero feature).
For './results/rq1/20261002-2248-tailored-cssselect_tailored/run1/cssselect_tailored/summary.csv-function_name/css_select_5_2_0', feature 'count_class_selector' and metric 'rss' the best fit is:
Best : Logarithmic: time = 7E+07 + 1.8E+06*log(n) (sec)             
Constant: time = 7.4E+07 (sec)                                  (res: 0.42)
Linear: time = 7.2E+07 + 1E+05*n (sec)                          (res: 0.2)
Quadratic: time = 7.3E+07 + 1.3E+03*n^2 (sec)                   (res: 0.27)
Cubic: time = 7.4E+07 + 16*n^3 (sec)                            (res: 0.3)
Logarithmic: time = 7E+07 + 1.8E+06*log(n) (sec)                (res: 0.14)
Linearithmic: time = 7.3E+07 + 2.3E+04*n*log(n) (sec)           (res: 0.22)
Exponential: time = 7.2E+07 * 1^n (sec)                         (res: 0.2)

   [exponent] free-exponent fit: rss ~ count_class_selector ** 0.02
Saved fit model plot to ./results/rq1/20261002-2248-tailored-cssselect_tailored/run1/cssselect_tailored/plots/fitmodel_rss_vs_count_class_selector_css_select_5_2_0.png
Plotting 'rss' vs 'count_attribute_selector' for './results/rq1/20261002-2248-tailored-cssselect_tailored/run1/cssselect_tailored/summary.csv-function_name/css_select_5_1_0':
Saved plot to ./results/rq1/20261002-2248-tailored-cssselect_tailored/run1/cssselect_tailored/plots/rss_vs_count_attribute_selector_css_select_5_1_0.png
Plotting 'rss' vs 'count_attribute_selector' for './results/rq1/20261002-2248-tailored-cssselect_tailored/run1/cssselect_tailored/summary.csv-function_name/css_select_5_2_0':
Saved plot to ./results/rq1/20261002-2248-tailored-cssselect_tailored/run1/cssselect_tailored/plots/rss_vs_count_attribute_selector_css_select_5_2_0.png
For './results/rq1/20261002-2248-tailored-cssselect_tailored/run1/cssselect_tailored/summary.csv-function_name/css_select_5_1_0', feature 'count_attribute_selector' and metric 'rss': dropped 24 of 279 rows (censored, non-positive metric, or zero feature).
For './results/rq1/20261002-2248-tailored-cssselect_tailored/run1/cssselect_tailored/summary.csv-function_name/css_select_5_1_0', feature 'count_attribute_selector' and metric 'rss' the best fit is:
Best : Logarithmic: time = 7E+07 + 1.7E+06*log(n) (sec)             
Constant: time = 7.4E+07 (sec)                                  (res: 0.45)
Linear: time = 7.2E+07 + 1E+05*n (sec)                          (res: 0.22)
Quadratic: time = 7.3E+07 + 1.1E+03*n^2 (sec)                   (res: 0.31)
Cubic: time = 7.4E+07 + 10*n^3 (sec)                            (res: 0.37)
Logarithmic: time = 7E+07 + 1.7E+06*log(n) (sec)                (res: 0.18)
Linearithmic: time = 7.2E+07 + 2.3E+04*n*log(n) (sec)           (res: 0.25)
Exponential: time = 7.2E+07 * 1^n (sec)                         (res: 0.23)

   [exponent] free-exponent fit: rss ~ count_attribute_selector ** 0.02
Saved fit model plot to ./results/rq1/20261002-2248-tailored-cssselect_tailored/run1/cssselect_tailored/plots/fitmodel_rss_vs_count_attribute_selector_css_select_5_1_0.png
For './results/rq1/20261002-2248-tailored-cssselect_tailored/run1/cssselect_tailored/summary.csv-function_name/css_select_5_2_0', feature 'count_attribute_selector' and metric 'rss': dropped 24 of 279 rows (censored, non-positive metric, or zero feature).
For './results/rq1/20261002-2248-tailored-cssselect_tailored/run1/cssselect_tailored/summary.csv-function_name/css_select_5_2_0', feature 'count_attribute_selector' and metric 'rss' the best fit is:
Best : Logarithmic: time = 7E+07 + 1.7E+06*log(n) (sec)             
Constant: time = 7.4E+07 (sec)                                  (res: 0.41)
Linear: time = 7.2E+07 + 1.1E+05*n (sec)                        (res: 0.17)
Quadratic: time = 7.3E+07 + 1.2E+03*n^2 (sec)                   (res: 0.25)
Cubic: time = 7.4E+07 + 12*n^3 (sec)                            (res: 0.31)
Logarithmic: time = 7E+07 + 1.7E+06*log(n) (sec)                (res: 0.13)
Linearithmic: time = 7.3E+07 + 2.4E+04*n*log(n) (sec)           (res: 0.19)
Exponential: time = 7.2E+07 * 1^n (sec)                         (res: 0.17)

   [exponent] free-exponent fit: rss ~ count_attribute_selector ** 0.02
Saved fit model plot to ./results/rq1/20261002-2248-tailored-cssselect_tailored/run1/cssselect_tailored/plots/fitmodel_rss_vs_count_attribute_selector_css_select_5_2_0.png
Plotting 'rss' vs 'count_id_selector' for './results/rq1/20261002-2248-tailored-cssselect_tailored/run1/cssselect_tailored/summary.csv-function_name/css_select_5_1_0':
Saved plot to ./results/rq1/20261002-2248-tailored-cssselect_tailored/run1/cssselect_tailored/plots/rss_vs_count_id_selector_css_select_5_1_0.png
Plotting 'rss' vs 'count_id_selector' for './results/rq1/20261002-2248-tailored-cssselect_tailored/run1/cssselect_tailored/summary.csv-function_name/css_select_5_2_0':
Saved plot to ./results/rq1/20261002-2248-tailored-cssselect_tailored/run1/cssselect_tailored/plots/rss_vs_count_id_selector_css_select_5_2_0.png
For './results/rq1/20261002-2248-tailored-cssselect_tailored/run1/cssselect_tailored/summary.csv-function_name/css_select_5_1_0', feature 'count_id_selector' and metric 'rss': dropped 21 of 279 rows (censored, non-positive metric, or zero feature).
For './results/rq1/20261002-2248-tailored-cssselect_tailored/run1/cssselect_tailored/summary.csv-function_name/css_select_5_1_0', feature 'count_id_selector' and metric 'rss' the best fit is:
Best : Logarithmic: time = 7E+07 + 1.8E+06*log(n) (sec)             
Constant: time = 7.4E+07 (sec)                                  (res: 0.45)
Linear: time = 7.2E+07 + 9.8E+04*n (sec)                        (res: 0.24)
Quadratic: time = 7.3E+07 + 9E+02*n^2 (sec)                     (res: 0.34)
Cubic: time = 7.4E+07 + 7.4*n^3 (sec)                           (res: 0.39)
Logarithmic: time = 7E+07 + 1.8E+06*log(n) (sec)                (res: 0.18)
Linearithmic: time = 7.3E+07 + 2.1E+04*n*log(n) (sec)           (res: 0.26)
Exponential: time = 7.2E+07 * 1^n (sec)                         (res: 0.24)

   [exponent] free-exponent fit: rss ~ count_id_selector ** 0.02
Saved fit model plot to ./results/rq1/20261002-2248-tailored-cssselect_tailored/run1/cssselect_tailored/plots/fitmodel_rss_vs_count_id_selector_css_select_5_1_0.png
For './results/rq1/20261002-2248-tailored-cssselect_tailored/run1/cssselect_tailored/summary.csv-function_name/css_select_5_2_0', feature 'count_id_selector' and metric 'rss': dropped 21 of 279 rows (censored, non-positive metric, or zero feature).
For './results/rq1/20261002-2248-tailored-cssselect_tailored/run1/cssselect_tailored/summary.csv-function_name/css_select_5_2_0', feature 'count_id_selector' and metric 'rss' the best fit is:
Best : Logarithmic: time = 7E+07 + 1.8E+06*log(n) (sec)             
Constant: time = 7.4E+07 (sec)                                  (res: 0.41)
Linear: time = 7.2E+07 + 1E+05*n (sec)                          (res: 0.17)
Quadratic: time = 7.3E+07 + 1E+03*n^2 (sec)                     (res: 0.27)
Cubic: time = 7.4E+07 + 9*n^3 (sec)                             (res: 0.33)
Logarithmic: time = 7E+07 + 1.8E+06*log(n) (sec)                (res: 0.13)
Linearithmic: time = 7.3E+07 + 2.3E+04*n*log(n) (sec)           (res: 0.2)
Exponential: time = 7.2E+07 * 1^n (sec)                         (res: 0.18)

   [exponent] free-exponent fit: rss ~ count_id_selector ** 0.02
Saved fit model plot to ./results/rq1/20261002-2248-tailored-cssselect_tailored/run1/cssselect_tailored/plots/fitmodel_rss_vs_count_id_selector_css_select_5_2_0.png
Plotting 'rss' vs 'count_more_relative_selector' for './results/rq1/20261002-2248-tailored-cssselect_tailored/run1/cssselect_tailored/summary.csv-function_name/css_select_5_1_0':
Saved plot to ./results/rq1/20261002-2248-tailored-cssselect_tailored/run1/cssselect_tailored/plots/rss_vs_count_more_relative_selector_css_select_5_1_0.png
Plotting 'rss' vs 'count_more_relative_selector' for './results/rq1/20261002-2248-tailored-cssselect_tailored/run1/cssselect_tailored/summary.csv-function_name/css_select_5_2_0':
Saved plot to ./results/rq1/20261002-2248-tailored-cssselect_tailored/run1/cssselect_tailored/plots/rss_vs_count_more_relative_selector_css_select_5_2_0.png
For './results/rq1/20261002-2248-tailored-cssselect_tailored/run1/cssselect_tailored/summary.csv-function_name/css_select_5_1_0', feature 'count_more_relative_selector' and metric 'rss': dropped 65 of 279 rows (censored, non-positive metric, or zero feature).
For './results/rq1/20261002-2248-tailored-cssselect_tailored/run1/cssselect_tailored/summary.csv-function_name/css_select_5_1_0', feature 'count_more_relative_selector' and metric 'rss' the best fit is:
Best : Logarithmic: time = 7.2E+07 + 1.9E+06*log(n) (sec)           
Constant: time = 7.5E+07 (sec)                                  (res: 0.31)
Linear: time = 7.3E+07 + 2.7E+05*n (sec)                        (res: 0.23)
Quadratic: time = 7.4E+07 + 7.7E+03*n^2 (sec)                   (res: 0.27)
Cubic: time = 7.5E+07 + 2.4E+02*n^3 (sec)                       (res: 0.28)
Logarithmic: time = 7.2E+07 + 1.9E+06*log(n) (sec)              (res: 0.2)
Linearithmic: time = 7.4E+07 + 7.4E+04*n*log(n) (sec)           (res: 0.25)
Exponential: time = 7.3E+07 * 1^n (sec)                         (res: 0.24)

   [exponent] free-exponent fit: rss ~ count_more_relative_selector ** 0.03
Saved fit model plot to ./results/rq1/20261002-2248-tailored-cssselect_tailored/run1/cssselect_tailored/plots/fitmodel_rss_vs_count_more_relative_selector_css_select_5_1_0.png
For './results/rq1/20261002-2248-tailored-cssselect_tailored/run1/cssselect_tailored/summary.csv-function_name/css_select_5_2_0', feature 'count_more_relative_selector' and metric 'rss': dropped 65 of 279 rows (censored, non-positive metric, or zero feature).
For './results/rq1/20261002-2248-tailored-cssselect_tailored/run1/cssselect_tailored/summary.csv-function_name/css_select_5_2_0', feature 'count_more_relative_selector' and metric 'rss' the best fit is:
Best : Logarithmic: time = 7.3E+07 + 1.7E+06*log(n) (sec)           
Constant: time = 7.5E+07 (sec)                                  (res: 0.26)
Linear: time = 7.4E+07 + 2.4E+05*n (sec)                        (res: 0.21)
Quadratic: time = 7.5E+07 + 6.4E+03*n^2 (sec)                   (res: 0.23)
Cubic: time = 7.5E+07 + 2E+02*n^3 (sec)                         (res: 0.24)
Logarithmic: time = 7.3E+07 + 1.7E+06*log(n) (sec)              (res: 0.17)
Linearithmic: time = 7.4E+07 + 6.3E+04*n*log(n) (sec)           (res: 0.22)
Exponential: time = 7.4E+07 * 1^n (sec)                         (res: 0.21)

   [exponent] free-exponent fit: rss ~ count_more_relative_selector ** 0.02
Saved fit model plot to ./results/rq1/20261002-2248-tailored-cssselect_tailored/run1/cssselect_tailored/plots/fitmodel_rss_vs_count_more_relative_selector_css_select_5_2_0.png
Plotting 'rss' vs 'count_pseudo_class_ident' for './results/rq1/20261002-2248-tailored-cssselect_tailored/run1/cssselect_tailored/summary.csv-function_name/css_select_5_1_0':
Saved plot to ./results/rq1/20261002-2248-tailored-cssselect_tailored/run1/cssselect_tailored/plots/rss_vs_count_pseudo_class_ident_css_select_5_1_0.png
Plotting 'rss' vs 'count_pseudo_class_ident' for './results/rq1/20261002-2248-tailored-cssselect_tailored/run1/cssselect_tailored/summary.csv-function_name/css_select_5_2_0':
Saved plot to ./results/rq1/20261002-2248-tailored-cssselect_tailored/run1/cssselect_tailored/plots/rss_vs_count_pseudo_class_ident_css_select_5_2_0.png
For './results/rq1/20261002-2248-tailored-cssselect_tailored/run1/cssselect_tailored/summary.csv-function_name/css_select_5_1_0', feature 'count_pseudo_class_ident' and metric 'rss': dropped 53 of 279 rows (censored, non-positive metric, or zero feature).
For './results/rq1/20261002-2248-tailored-cssselect_tailored/run1/cssselect_tailored/summary.csv-function_name/css_select_5_1_0', feature 'count_pseudo_class_ident' and metric 'rss' the best fit is:
Best : Logarithmic: time = 7.2E+07 + 1.6E+06*log(n) (sec)           
Constant: time = 7.5E+07 (sec)                                  (res: 0.34)
Linear: time = 7.3E+07 + 1.7E+05*n (sec)                        (res: 0.19)
Quadratic: time = 7.4E+07 + 4E+03*n^2 (sec)                     (res: 0.24)
Cubic: time = 7.4E+07 + 82*n^3 (sec)                            (res: 0.28)
Logarithmic: time = 7.2E+07 + 1.6E+06*log(n) (sec)              (res: 0.17)
Linearithmic: time = 7.3E+07 + 4.6E+04*n*log(n) (sec)           (res: 0.2)
Exponential: time = 7.3E+07 * 1^n (sec)                         (res: 0.19)

   [near-tie] within 10%: Logarithmic, Linear -- chosen by the simplicity bias, not the data.
   [exponent] free-exponent fit: rss ~ count_pseudo_class_ident ** 0.02
Saved fit model plot to ./results/rq1/20261002-2248-tailored-cssselect_tailored/run1/cssselect_tailored/plots/fitmodel_rss_vs_count_pseudo_class_ident_css_select_5_1_0.png
For './results/rq1/20261002-2248-tailored-cssselect_tailored/run1/cssselect_tailored/summary.csv-function_name/css_select_5_2_0', feature 'count_pseudo_class_ident' and metric 'rss': dropped 53 of 279 rows (censored, non-positive metric, or zero feature).
For './results/rq1/20261002-2248-tailored-cssselect_tailored/run1/cssselect_tailored/summary.csv-function_name/css_select_5_2_0', feature 'count_pseudo_class_ident' and metric 'rss' the best fit is:
Best : Logarithmic: time = 7.2E+07 + 1.7E+06*log(n) (sec)           
Constant: time = 7.5E+07 (sec)                                  (res: 0.3)
Linear: time = 7.3E+07 + 1.8E+05*n (sec)                        (res: 0.13)
Quadratic: time = 7.4E+07 + 4.4E+03*n^2 (sec)                   (res: 0.18)
Cubic: time = 7.4E+07 + 96*n^3 (sec)                            (res: 0.22)
Logarithmic: time = 7.2E+07 + 1.7E+06*log(n) (sec)              (res: 0.12)
Linearithmic: time = 7.3E+07 + 4.8E+04*n*log(n) (sec)           (res: 0.15)
Exponential: time = 7.3E+07 * 1^n (sec)                         (res: 0.14)

   [exponent] free-exponent fit: rss ~ count_pseudo_class_ident ** 0.02
Saved fit model plot to ./results/rq1/20261002-2248-tailored-cssselect_tailored/run1/cssselect_tailored/plots/fitmodel_rss_vs_count_pseudo_class_ident_css_select_5_2_0.png
Plotting 'rss' vs 'count_pseudo_class_function' for './results/rq1/20261002-2248-tailored-cssselect_tailored/run1/cssselect_tailored/summary.csv-function_name/css_select_5_1_0':
Saved plot to ./results/rq1/20261002-2248-tailored-cssselect_tailored/run1/cssselect_tailored/plots/rss_vs_count_pseudo_class_function_css_select_5_1_0.png
Plotting 'rss' vs 'count_pseudo_class_function' for './results/rq1/20261002-2248-tailored-cssselect_tailored/run1/cssselect_tailored/summary.csv-function_name/css_select_5_2_0':
Saved plot to ./results/rq1/20261002-2248-tailored-cssselect_tailored/run1/cssselect_tailored/plots/rss_vs_count_pseudo_class_function_css_select_5_2_0.png
For './results/rq1/20261002-2248-tailored-cssselect_tailored/run1/cssselect_tailored/summary.csv-function_name/css_select_5_1_0', feature 'count_pseudo_class_function' and metric 'rss': dropped 138 of 279 rows (censored, non-positive metric, or zero feature).
For './results/rq1/20261002-2248-tailored-cssselect_tailored/run1/cssselect_tailored/summary.csv-function_name/css_select_5_1_0', feature 'count_pseudo_class_function' and metric 'rss' the best fit is:
Best : Constant: time = 7.6E+07 (sec)                               
Constant: time = 7.6E+07 (sec)                                  (res: 0.13)
Linear: time = 7.5E+07 + 1.9E+05*n (sec)                        (res: 0.13)
Quadratic: time = 7.6E+07 + 1.1E+04*n^2 (sec)                   (res: 0.13)
Cubic: time = 7.6E+07 + 6.9E+02*n^3 (sec)                       (res: 0.13)
Logarithmic: time = 7.5E+07 + 8.5E+05*log(n) (sec)              (res: 0.13)
Linearithmic: time = 7.6E+07 + 6.4E+04*n*log(n) (sec)           (res: 0.13)
Exponential: time = 7.5E+07 * 1^n (sec)                         (res: 0.13)

   [near-tie] within 10%: Logarithmic, Linear, Exponential, Linearithmic, Quadratic, Cubic, Constant -- chosen by the simplicity bias, not the data.
   [exponent] free-exponent fit: rss ~ count_pseudo_class_function ** 0.01
Saved fit model plot to ./results/rq1/20261002-2248-tailored-cssselect_tailored/run1/cssselect_tailored/plots/fitmodel_rss_vs_count_pseudo_class_function_css_select_5_1_0.png
For './results/rq1/20261002-2248-tailored-cssselect_tailored/run1/cssselect_tailored/summary.csv-function_name/css_select_5_2_0', feature 'count_pseudo_class_function' and metric 'rss': dropped 138 of 279 rows (censored, non-positive metric, or zero feature).
For './results/rq1/20261002-2248-tailored-cssselect_tailored/run1/cssselect_tailored/summary.csv-function_name/css_select_5_2_0', feature 'count_pseudo_class_function' and metric 'rss' the best fit is:
Best : Constant: time = 7.6E+07 (sec)                               
Constant: time = 7.6E+07 (sec)                                  (res: 0.12)
Linear: time = 7.6E+07 + 1.4E+05*n (sec)                        (res: 0.12)
Quadratic: time = 7.6E+07 + 8.1E+03*n^2 (sec)                   (res: 0.12)
Cubic: time = 7.6E+07 + 5.1E+02*n^3 (sec)                       (res: 0.12)
Logarithmic: time = 7.5E+07 + 7.5E+05*log(n) (sec)              (res: 0.11)
Linearithmic: time = 7.6E+07 + 4.7E+04*n*log(n) (sec)           (res: 0.12)
Exponential: time = 7.6E+07 * 1^n (sec)                         (res: 0.12)

   [near-tie] within 10%: Logarithmic, Linear, Exponential, Linearithmic, Quadratic, Cubic, Constant -- chosen by the simplicity bias, not the data.
   [exponent] free-exponent fit: rss ~ count_pseudo_class_function ** 0.01
Saved fit model plot to ./results/rq1/20261002-2248-tailored-cssselect_tailored/run1/cssselect_tailored/plots/fitmodel_rss_vs_count_pseudo_class_function_css_select_5_2_0.png
Plotting 'rss' vs 'count_name' for './results/rq1/20261002-2248-tailored-cssselect_tailored/run1/cssselect_tailored/summary.csv-function_name/css_select_5_1_0':
Saved plot to ./results/rq1/20261002-2248-tailored-cssselect_tailored/run1/cssselect_tailored/plots/rss_vs_count_name_css_select_5_1_0.png
Plotting 'rss' vs 'count_name' for './results/rq1/20261002-2248-tailored-cssselect_tailored/run1/cssselect_tailored/summary.csv-function_name/css_select_5_2_0':
Saved plot to ./results/rq1/20261002-2248-tailored-cssselect_tailored/run1/cssselect_tailored/plots/rss_vs_count_name_css_select_5_2_0.png
For './results/rq1/20261002-2248-tailored-cssselect_tailored/run1/cssselect_tailored/summary.csv-function_name/css_select_5_1_0', feature 'count_name' and metric 'rss' the best fit is:
Best : Logarithmic: time = 6.6E+07 + 1.7E+06*log(n) (sec)           
Constant: time = 7.4E+07 (sec)                                  (res: 0.51)
Linear: time = 7.2E+07 + 1.7E+04*n (sec)                        (res: 0.42)
Quadratic: time = 7.3E+07 + 27*n^2 (sec)                        (res: 0.45)
Cubic: time = 7.4E+07 + 0.037*n^3 (sec)                         (res: 0.47)
Logarithmic: time = 6.6E+07 + 1.7E+06*log(n) (sec)              (res: 0.41)
Linearithmic: time = 7.2E+07 + 2.6E+03*n*log(n) (sec)           (res: 0.43)
Exponential: time = 7.2E+07 * 1^n (sec)                         (res: 0.42)

   [near-tie] within 10%: Logarithmic, Linear, Exponential, Linearithmic, Quadratic -- chosen by the simplicity bias, not the data.
   [exponent] free-exponent fit: rss ~ count_name ** 0.02
Saved fit model plot to ./results/rq1/20261002-2248-tailored-cssselect_tailored/run1/cssselect_tailored/plots/fitmodel_rss_vs_count_name_css_select_5_1_0.png
For './results/rq1/20261002-2248-tailored-cssselect_tailored/run1/cssselect_tailored/summary.csv-function_name/css_select_5_2_0', feature 'count_name' and metric 'rss' the best fit is:
Best : Logarithmic: time = 6.6E+07 + 1.7E+06*log(n) (sec)           
Constant: time = 7.4E+07 (sec)                                  (res: 0.47)
Linear: time = 7.2E+07 + 1.7E+04*n (sec)                        (res: 0.38)
Quadratic: time = 7.3E+07 + 23*n^2 (sec)                        (res: 0.43)
Cubic: time = 7.4E+07 + 0.028*n^3 (sec)                         (res: 0.45)
Logarithmic: time = 6.6E+07 + 1.7E+06*log(n) (sec)              (res: 0.37)
Linearithmic: time = 7.2E+07 + 2.6E+03*n*log(n) (sec)           (res: 0.39)
Exponential: time = 7.2E+07 * 1^n (sec)                         (res: 0.39)

   [near-tie] within 10%: Logarithmic, Linear, Exponential, Linearithmic -- chosen by the simplicity bias, not the data.
   [exponent] free-exponent fit: rss ~ count_name ** 0.02
Saved fit model plot to ./results/rq1/20261002-2248-tailored-cssselect_tailored/run1/cssselect_tailored/plots/fitmodel_rss_vs_count_name_css_select_5_2_0.png
Plotting 'rss' vs 'count_attr_matcher_ws' for './results/rq1/20261002-2248-tailored-cssselect_tailored/run1/cssselect_tailored/summary.csv-function_name/css_select_5_1_0':
Saved plot to ./results/rq1/20261002-2248-tailored-cssselect_tailored/run1/cssselect_tailored/plots/rss_vs_count_attr_matcher_ws_css_select_5_1_0.png
Plotting 'rss' vs 'count_attr_matcher_ws' for './results/rq1/20261002-2248-tailored-cssselect_tailored/run1/cssselect_tailored/summary.csv-function_name/css_select_5_2_0':
Saved plot to ./results/rq1/20261002-2248-tailored-cssselect_tailored/run1/cssselect_tailored/plots/rss_vs_count_attr_matcher_ws_css_select_5_2_0.png
For './results/rq1/20261002-2248-tailored-cssselect_tailored/run1/cssselect_tailored/summary.csv-function_name/css_select_5_1_0', feature 'count_attr_matcher_ws' and metric 'rss': dropped 40 of 279 rows (censored, non-positive metric, or zero feature).
For './results/rq1/20261002-2248-tailored-cssselect_tailored/run1/cssselect_tailored/summary.csv-function_name/css_select_5_1_0', feature 'count_attr_matcher_ws' and metric 'rss' the best fit is:
Best : Logarithmic: time = 7.1E+07 + 1.8E+06*log(n) (sec)           
Constant: time = 7.4E+07 (sec)                                  (res: 0.41)
Linear: time = 7.2E+07 + 1.3E+05*n (sec)                        (res: 0.22)
Quadratic: time = 7.3E+07 + 1.9E+03*n^2 (sec)                   (res: 0.3)
Cubic: time = 7.4E+07 + 24*n^3 (sec)                            (res: 0.35)
Logarithmic: time = 7.1E+07 + 1.8E+06*log(n) (sec)              (res: 0.18)
Linearithmic: time = 7.3E+07 + 3.2E+04*n*log(n) (sec)           (res: 0.24)
Exponential: time = 7.2E+07 * 1^n (sec)                         (res: 0.22)

   [exponent] free-exponent fit: rss ~ count_attr_matcher_ws ** 0.02
Saved fit model plot to ./results/rq1/20261002-2248-tailored-cssselect_tailored/run1/cssselect_tailored/plots/fitmodel_rss_vs_count_attr_matcher_ws_css_select_5_1_0.png
For './results/rq1/20261002-2248-tailored-cssselect_tailored/run1/cssselect_tailored/summary.csv-function_name/css_select_5_2_0', feature 'count_attr_matcher_ws' and metric 'rss': dropped 40 of 279 rows (censored, non-positive metric, or zero feature).
For './results/rq1/20261002-2248-tailored-cssselect_tailored/run1/cssselect_tailored/summary.csv-function_name/css_select_5_2_0', feature 'count_attr_matcher_ws' and metric 'rss' the best fit is:
Best : Logarithmic: time = 7.1E+07 + 1.9E+06*log(n) (sec)           
Constant: time = 7.5E+07 (sec)                                  (res: 0.37)
Linear: time = 7.2E+07 + 1.4E+05*n (sec)                        (res: 0.16)
Quadratic: time = 7.4E+07 + 2.1E+03*n^2 (sec)                   (res: 0.24)
Cubic: time = 7.4E+07 + 28*n^3 (sec)                            (res: 0.29)
Logarithmic: time = 7.1E+07 + 1.9E+06*log(n) (sec)              (res: 0.13)
Linearithmic: time = 7.3E+07 + 3.4E+04*n*log(n) (sec)           (res: 0.18)
Exponential: time = 7.3E+07 * 1^n (sec)                         (res: 0.17)

   [exponent] free-exponent fit: rss ~ count_attr_matcher_ws ** 0.02
Saved fit model plot to ./results/rq1/20261002-2248-tailored-cssselect_tailored/run1/cssselect_tailored/plots/fitmodel_rss_vs_count_attr_matcher_ws_css_select_5_2_0.png
Plotting 'rss' vs 'count_attr_modifier' for './results/rq1/20261002-2248-tailored-cssselect_tailored/run1/cssselect_tailored/summary.csv-function_name/css_select_5_1_0':
Saved plot to ./results/rq1/20261002-2248-tailored-cssselect_tailored/run1/cssselect_tailored/plots/rss_vs_count_attr_modifier_css_select_5_1_0.png
Plotting 'rss' vs 'count_attr_modifier' for './results/rq1/20261002-2248-tailored-cssselect_tailored/run1/cssselect_tailored/summary.csv-function_name/css_select_5_2_0':
Saved plot to ./results/rq1/20261002-2248-tailored-cssselect_tailored/run1/cssselect_tailored/plots/rss_vs_count_attr_modifier_css_select_5_2_0.png
For './results/rq1/20261002-2248-tailored-cssselect_tailored/run1/cssselect_tailored/summary.csv-function_name/css_select_5_1_0', feature 'count_attr_modifier' and metric 'rss': dropped 61 of 279 rows (censored, non-positive metric, or zero feature).
For './results/rq1/20261002-2248-tailored-cssselect_tailored/run1/cssselect_tailored/summary.csv-function_name/css_select_5_1_0', feature 'count_attr_modifier' and metric 'rss' the best fit is:
Best : Logarithmic: time = 7.2E+07 + 1.9E+06*log(n) (sec)           
Constant: time = 7.5E+07 (sec)                                  (res: 0.35)
Linear: time = 7.3E+07 + 2.4E+05*n (sec)                        (res: 0.21)
Quadratic: time = 7.4E+07 + 7.1E+03*n^2 (sec)                   (res: 0.26)
Cubic: time = 7.4E+07 + 2.1E+02*n^3 (sec)                       (res: 0.29)
Logarithmic: time = 7.2E+07 + 1.9E+06*log(n) (sec)              (res: 0.18)
Linearithmic: time = 7.3E+07 + 6.6E+04*n*log(n) (sec)           (res: 0.23)
Exponential: time = 7.3E+07 * 1^n (sec)                         (res: 0.21)

   [exponent] free-exponent fit: rss ~ count_attr_modifier ** 0.02
Saved fit model plot to ./results/rq1/20261002-2248-tailored-cssselect_tailored/run1/cssselect_tailored/plots/fitmodel_rss_vs_count_attr_modifier_css_select_5_1_0.png
For './results/rq1/20261002-2248-tailored-cssselect_tailored/run1/cssselect_tailored/summary.csv-function_name/css_select_5_2_0', feature 'count_attr_modifier' and metric 'rss': dropped 61 of 279 rows (censored, non-positive metric, or zero feature).
For './results/rq1/20261002-2248-tailored-cssselect_tailored/run1/cssselect_tailored/summary.csv-function_name/css_select_5_2_0', feature 'count_attr_modifier' and metric 'rss' the best fit is:
Best : Logarithmic: time = 7.2E+07 + 2E+06*log(n) (sec)             
Constant: time = 7.5E+07 (sec)                                  (res: 0.32)
Linear: time = 7.3E+07 + 2.6E+05*n (sec)                        (res: 0.16)
Quadratic: time = 7.4E+07 + 8E+03*n^2 (sec)                     (res: 0.2)
Cubic: time = 7.4E+07 + 2.4E+02*n^3 (sec)                       (res: 0.24)
Logarithmic: time = 7.2E+07 + 2E+06*log(n) (sec)                (res: 0.13)
Linearithmic: time = 7.3E+07 + 7.2E+04*n*log(n) (sec)           (res: 0.17)
Exponential: time = 7.3E+07 * 1^n (sec)                         (res: 0.16)

   [exponent] free-exponent fit: rss ~ count_attr_modifier ** 0.03
Saved fit model plot to ./results/rq1/20261002-2248-tailored-cssselect_tailored/run1/cssselect_tailored/plots/fitmodel_rss_vs_count_attr_modifier_css_select_5_2_0.png
Plotting 'rss' vs 'count_attr_value' for './results/rq1/20261002-2248-tailored-cssselect_tailored/run1/cssselect_tailored/summary.csv-function_name/css_select_5_1_0':
Saved plot to ./results/rq1/20261002-2248-tailored-cssselect_tailored/run1/cssselect_tailored/plots/rss_vs_count_attr_value_css_select_5_1_0.png
Plotting 'rss' vs 'count_attr_value' for './results/rq1/20261002-2248-tailored-cssselect_tailored/run1/cssselect_tailored/summary.csv-function_name/css_select_5_2_0':
Saved plot to ./results/rq1/20261002-2248-tailored-cssselect_tailored/run1/cssselect_tailored/plots/rss_vs_count_attr_value_css_select_5_2_0.png
For './results/rq1/20261002-2248-tailored-cssselect_tailored/run1/cssselect_tailored/summary.csv-function_name/css_select_5_1_0', feature 'count_attr_value' and metric 'rss': dropped 40 of 279 rows (censored, non-positive metric, or zero feature).
For './results/rq1/20261002-2248-tailored-cssselect_tailored/run1/cssselect_tailored/summary.csv-function_name/css_select_5_1_0', feature 'count_attr_value' and metric 'rss' the best fit is:
Best : Logarithmic: time = 7.1E+07 + 1.8E+06*log(n) (sec)           
Constant: time = 7.4E+07 (sec)                                  (res: 0.41)
Linear: time = 7.2E+07 + 1.3E+05*n (sec)                        (res: 0.22)
Quadratic: time = 7.3E+07 + 1.9E+03*n^2 (sec)                   (res: 0.3)
Cubic: time = 7.4E+07 + 24*n^3 (sec)                            (res: 0.35)
Logarithmic: time = 7.1E+07 + 1.8E+06*log(n) (sec)              (res: 0.18)
Linearithmic: time = 7.3E+07 + 3.2E+04*n*log(n) (sec)           (res: 0.24)
Exponential: time = 7.2E+07 * 1^n (sec)                         (res: 0.22)

   [exponent] free-exponent fit: rss ~ count_attr_value ** 0.02
Saved fit model plot to ./results/rq1/20261002-2248-tailored-cssselect_tailored/run1/cssselect_tailored/plots/fitmodel_rss_vs_count_attr_value_css_select_5_1_0.png
For './results/rq1/20261002-2248-tailored-cssselect_tailored/run1/cssselect_tailored/summary.csv-function_name/css_select_5_2_0', feature 'count_attr_value' and metric 'rss': dropped 40 of 279 rows (censored, non-positive metric, or zero feature).
For './results/rq1/20261002-2248-tailored-cssselect_tailored/run1/cssselect_tailored/summary.csv-function_name/css_select_5_2_0', feature 'count_attr_value' and metric 'rss' the best fit is:
Best : Logarithmic: time = 7.1E+07 + 1.9E+06*log(n) (sec)           
Constant: time = 7.5E+07 (sec)                                  (res: 0.37)
Linear: time = 7.2E+07 + 1.4E+05*n (sec)                        (res: 0.16)
Quadratic: time = 7.4E+07 + 2.1E+03*n^2 (sec)                   (res: 0.24)
Cubic: time = 7.4E+07 + 28*n^3 (sec)                            (res: 0.29)
Logarithmic: time = 7.1E+07 + 1.9E+06*log(n) (sec)              (res: 0.13)
Linearithmic: time = 7.3E+07 + 3.4E+04*n*log(n) (sec)           (res: 0.18)
Exponential: time = 7.3E+07 * 1^n (sec)                         (res: 0.17)

   [exponent] free-exponent fit: rss ~ count_attr_value ** 0.02
Saved fit model plot to ./results/rq1/20261002-2248-tailored-cssselect_tailored/run1/cssselect_tailored/plots/fitmodel_rss_vs_count_attr_value_css_select_5_2_0.png
Plotting 'rss' vs 'count_relative_combinator' for './results/rq1/20261002-2248-tailored-cssselect_tailored/run1/cssselect_tailored/summary.csv-function_name/css_select_5_1_0':
Saved plot to ./results/rq1/20261002-2248-tailored-cssselect_tailored/run1/cssselect_tailored/plots/rss_vs_count_relative_combinator_css_select_5_1_0.png
Plotting 'rss' vs 'count_relative_combinator' for './results/rq1/20261002-2248-tailored-cssselect_tailored/run1/cssselect_tailored/summary.csv-function_name/css_select_5_2_0':
Saved plot to ./results/rq1/20261002-2248-tailored-cssselect_tailored/run1/cssselect_tailored/plots/rss_vs_count_relative_combinator_css_select_5_2_0.png
For './results/rq1/20261002-2248-tailored-cssselect_tailored/run1/cssselect_tailored/summary.csv-function_name/css_select_5_1_0', feature 'count_relative_combinator' and metric 'rss': dropped 37 of 279 rows (censored, non-positive metric, or zero feature).
For './results/rq1/20261002-2248-tailored-cssselect_tailored/run1/cssselect_tailored/summary.csv-function_name/css_select_5_1_0', feature 'count_relative_combinator' and metric 'rss' the best fit is:
Best : Logarithmic: time = 7.1E+07 + 2.3E+06*log(n) (sec)           
Constant: time = 7.4E+07 (sec)                                  (res: 0.42)
Linear: time = 7.3E+07 + 3.3E+05*n (sec)                        (res: 0.29)
Quadratic: time = 7.4E+07 + 8.3E+03*n^2 (sec)                   (res: 0.37)
Cubic: time = 7.4E+07 + 2.2E+02*n^3 (sec)                       (res: 0.39)
Logarithmic: time = 7.1E+07 + 2.3E+06*log(n) (sec)              (res: 0.22)
Linearithmic: time = 7.3E+07 + 8.8E+04*n*log(n) (sec)           (res: 0.32)
Exponential: time = 7.3E+07 * 1^n (sec)                         (res: 0.3)

   [exponent] free-exponent fit: rss ~ count_relative_combinator ** 0.03
Saved fit model plot to ./results/rq1/20261002-2248-tailored-cssselect_tailored/run1/cssselect_tailored/plots/fitmodel_rss_vs_count_relative_combinator_css_select_5_1_0.png
For './results/rq1/20261002-2248-tailored-cssselect_tailored/run1/cssselect_tailored/summary.csv-function_name/css_select_5_2_0', feature 'count_relative_combinator' and metric 'rss': dropped 37 of 279 rows (censored, non-positive metric, or zero feature).
For './results/rq1/20261002-2248-tailored-cssselect_tailored/run1/cssselect_tailored/summary.csv-function_name/css_select_5_2_0', feature 'count_relative_combinator' and metric 'rss' the best fit is:
Best : Logarithmic: time = 7.2E+07 + 2.3E+06*log(n) (sec)           
Constant: time = 7.4E+07 (sec)                                  (res: 0.39)
Linear: time = 7.3E+07 + 3.2E+05*n (sec)                        (res: 0.27)
Quadratic: time = 7.4E+07 + 7.6E+03*n^2 (sec)                   (res: 0.34)
Cubic: time = 7.4E+07 + 2E+02*n^3 (sec)                         (res: 0.37)
Logarithmic: time = 7.2E+07 + 2.3E+06*log(n) (sec)              (res: 0.19)
Linearithmic: time = 7.4E+07 + 8.3E+04*n*log(n) (sec)           (res: 0.31)
Exponential: time = 7.3E+07 * 1^n (sec)                         (res: 0.28)

   [exponent] free-exponent fit: rss ~ count_relative_combinator ** 0.03
Saved fit model plot to ./results/rq1/20261002-2248-tailored-cssselect_tailored/run1/cssselect_tailored/plots/fitmodel_rss_vs_count_relative_combinator_css_select_5_2_0.png
Plotting 'rss' vs 'count_complex_selector_in_has' for './results/rq1/20261002-2248-tailored-cssselect_tailored/run1/cssselect_tailored/summary.csv-function_name/css_select_5_1_0':
Saved plot to ./results/rq1/20261002-2248-tailored-cssselect_tailored/run1/cssselect_tailored/plots/rss_vs_count_complex_selector_in_has_css_select_5_1_0.png
Plotting 'rss' vs 'count_complex_selector_in_has' for './results/rq1/20261002-2248-tailored-cssselect_tailored/run1/cssselect_tailored/summary.csv-function_name/css_select_5_2_0':
Saved plot to ./results/rq1/20261002-2248-tailored-cssselect_tailored/run1/cssselect_tailored/plots/rss_vs_count_complex_selector_in_has_css_select_5_2_0.png
For './results/rq1/20261002-2248-tailored-cssselect_tailored/run1/cssselect_tailored/summary.csv-function_name/css_select_5_1_0', feature 'count_complex_selector_in_has' and metric 'rss' the best fit is:
Best : Logarithmic: time = 6.9E+07 + 1.5E+06*log(n) (sec)           
Constant: time = 7.4E+07 (sec)                                  (res: 0.51)
Linear: time = 7.2E+07 + 3.8E+04*n (sec)                        (res: 0.26)
Quadratic: time = 7.3E+07 + 1.3E+02*n^2 (sec)                   (res: 0.38)
Cubic: time = 7.3E+07 + 0.38*n^3 (sec)                          (res: 0.44)
Logarithmic: time = 6.9E+07 + 1.5E+06*log(n) (sec)              (res: 0.18)
Linearithmic: time = 7.2E+07 + 6.7E+03*n*log(n) (sec)           (res: 0.28)
Exponential: time = 7.2E+07 * 1^n (sec)                         (res: 0.26)

   [exponent] free-exponent fit: rss ~ count_complex_selector_in_has ** 0.02
Saved fit model plot to ./results/rq1/20261002-2248-tailored-cssselect_tailored/run1/cssselect_tailored/plots/fitmodel_rss_vs_count_complex_selector_in_has_css_select_5_1_0.png
For './results/rq1/20261002-2248-tailored-cssselect_tailored/run1/cssselect_tailored/summary.csv-function_name/css_select_5_2_0', feature 'count_complex_selector_in_has' and metric 'rss' the best fit is:
Best : Logarithmic: time = 6.9E+07 + 1.6E+06*log(n) (sec)           
Constant: time = 7.4E+07 (sec)                                  (res: 0.47)
Linear: time = 7.2E+07 + 4E+04*n (sec)                          (res: 0.19)
Quadratic: time = 7.3E+07 + 1.4E+02*n^2 (sec)                   (res: 0.31)
Cubic: time = 7.4E+07 + 0.46*n^3 (sec)                          (res: 0.38)
Logarithmic: time = 6.9E+07 + 1.6E+06*log(n) (sec)              (res: 0.12)
Linearithmic: time = 7.2E+07 + 7.1E+03*n*log(n) (sec)           (res: 0.22)
Exponential: time = 7.2E+07 * 1^n (sec)                         (res: 0.2)

   [exponent] free-exponent fit: rss ~ count_complex_selector_in_has ** 0.02
Saved fit model plot to ./results/rq1/20261002-2248-tailored-cssselect_tailored/run1/cssselect_tailored/plots/fitmodel_rss_vs_count_complex_selector_in_has_css_select_5_2_0.png
Plotting 'rss' vs 'count_nth_function' for './results/rq1/20261002-2248-tailored-cssselect_tailored/run1/cssselect_tailored/summary.csv-function_name/css_select_5_1_0':
Saved plot to ./results/rq1/20261002-2248-tailored-cssselect_tailored/run1/cssselect_tailored/plots/rss_vs_count_nth_function_css_select_5_1_0.png
Plotting 'rss' vs 'count_nth_function' for './results/rq1/20261002-2248-tailored-cssselect_tailored/run1/cssselect_tailored/summary.csv-function_name/css_select_5_2_0':
Saved plot to ./results/rq1/20261002-2248-tailored-cssselect_tailored/run1/cssselect_tailored/plots/rss_vs_count_nth_function_css_select_5_2_0.png
For './results/rq1/20261002-2248-tailored-cssselect_tailored/run1/cssselect_tailored/summary.csv-function_name/css_select_5_1_0', feature 'count_nth_function' and metric 'rss': dropped 105 of 279 rows (censored, non-positive metric, or zero feature).
For './results/rq1/20261002-2248-tailored-cssselect_tailored/run1/cssselect_tailored/summary.csv-function_name/css_select_5_1_0', feature 'count_nth_function' and metric 'rss' the best fit is:
Best : Logarithmic: time = 7.3E+07 + 2E+06*log(n) (sec)             
Constant: time = 7.5E+07 (sec)                                  (res: 0.23)
Linear: time = 7.3E+07 + 4.8E+05*n (sec)                        (res: 0.14)
Quadratic: time = 7.4E+07 + 3.2E+04*n^2 (sec)                   (res: 0.16)
Cubic: time = 7.5E+07 + 2.2E+03*n^3 (sec)                       (res: 0.18)
Logarithmic: time = 7.3E+07 + 2E+06*log(n) (sec)                (res: 0.14)
Linearithmic: time = 7.4E+07 + 1.7E+05*n*log(n) (sec)           (res: 0.15)
Exponential: time = 7.3E+07 * 1^n (sec)                         (res: 0.14)

   [near-tie] within 10%: Logarithmic, Linear, Exponential -- chosen by the simplicity bias, not the data.
   [exponent] free-exponent fit: rss ~ count_nth_function ** 0.03
Saved fit model plot to ./results/rq1/20261002-2248-tailored-cssselect_tailored/run1/cssselect_tailored/plots/fitmodel_rss_vs_count_nth_function_css_select_5_1_0.png
For './results/rq1/20261002-2248-tailored-cssselect_tailored/run1/cssselect_tailored/summary.csv-function_name/css_select_5_2_0', feature 'count_nth_function' and metric 'rss': dropped 105 of 279 rows (censored, non-positive metric, or zero feature).
For './results/rq1/20261002-2248-tailored-cssselect_tailored/run1/cssselect_tailored/summary.csv-function_name/css_select_5_2_0', feature 'count_nth_function' and metric 'rss' the best fit is:
Best : Logarithmic: time = 7.3E+07 + 2.2E+06*log(n) (sec)           
Constant: time = 7.5E+07 (sec)                                  (res: 0.21)
Linear: time = 7.3E+07 + 5.4E+05*n (sec)                        (res: 0.11)
Quadratic: time = 7.4E+07 + 3.8E+04*n^2 (sec)                   (res: 0.13)
Cubic: time = 7.5E+07 + 2.7E+03*n^3 (sec)                       (res: 0.15)
Logarithmic: time = 7.3E+07 + 2.2E+06*log(n) (sec)              (res: 0.1)
Linearithmic: time = 7.4E+07 + 1.9E+05*n*log(n) (sec)           (res: 0.11)
Exponential: time = 7.3E+07 * 1^n (sec)                         (res: 0.11)

   [near-tie] within 10%: Logarithmic, Linear, Exponential -- chosen by the simplicity bias, not the data.
   [exponent] free-exponent fit: rss ~ count_nth_function ** 0.03
Saved fit model plot to ./results/rq1/20261002-2248-tailored-cssselect_tailored/run1/cssselect_tailored/plots/fitmodel_rss_vs_count_nth_function_css_select_5_2_0.png
Plotting 'rss' vs 'count_namechar' for './results/rq1/20261002-2248-tailored-cssselect_tailored/run1/cssselect_tailored/summary.csv-function_name/css_select_5_1_0':
Saved plot to ./results/rq1/20261002-2248-tailored-cssselect_tailored/run1/cssselect_tailored/plots/rss_vs_count_namechar_css_select_5_1_0.png
Plotting 'rss' vs 'count_namechar' for './results/rq1/20261002-2248-tailored-cssselect_tailored/run1/cssselect_tailored/summary.csv-function_name/css_select_5_2_0':
Saved plot to ./results/rq1/20261002-2248-tailored-cssselect_tailored/run1/cssselect_tailored/plots/rss_vs_count_namechar_css_select_5_2_0.png
For './results/rq1/20261002-2248-tailored-cssselect_tailored/run1/cssselect_tailored/summary.csv-function_name/css_select_5_1_0', feature 'count_namechar' and metric 'rss' the best fit is:
Best : Constant: time = 7.4E+07 (sec)                               
Constant: time = 7.4E+07 (sec)                                  (res: 0.51)
Linear: time = 7.4E+07 + 1.5E+02*n (sec)                        (res: 0.5)
Quadratic: time = 7.4E+07 + 0.011*n^2 (sec)                     (res: 0.5)
Cubic: time = 7.4E+07 + 9.7E-07*n^3 (sec)                       (res: 0.5)
Logarithmic: time = 6.9E+07 + 7E+05*log(n) (sec)                (res: 0.48)
Linearithmic: time = 7.4E+07 + 15*n*log(n) (sec)                (res: 0.5)
Exponential: time = 7.4E+07 * 1^n (sec)                         (res: 0.51)

   [near-tie] within 10%: Logarithmic, Cubic, Linear, Linearithmic, Quadratic, Exponential, Constant -- chosen by the simplicity bias, not the data.
   [exponent] free-exponent fit: rss ~ count_namechar ** 0.01
Saved fit model plot to ./results/rq1/20261002-2248-tailored-cssselect_tailored/run1/cssselect_tailored/plots/fitmodel_rss_vs_count_namechar_css_select_5_1_0.png
For './results/rq1/20261002-2248-tailored-cssselect_tailored/run1/cssselect_tailored/summary.csv-function_name/css_select_5_2_0', feature 'count_namechar' and metric 'rss' the best fit is:
Best : Constant: time = 7.4E+07 (sec)                               
Constant: time = 7.4E+07 (sec)                                  (res: 0.47)
Linear: time = 7.4E+07 + 1.4E+02*n (sec)                        (res: 0.47)
Quadratic: time = 7.4E+07 + 0.01*n^2 (sec)                      (res: 0.47)
Cubic: time = 7.4E+07 + 9.1E-07*n^3 (sec)                       (res: 0.47)
Logarithmic: time = 6.9E+07 + 7.4E+05*log(n) (sec)              (res: 0.44)
Linearithmic: time = 7.4E+07 + 14*n*log(n) (sec)                (res: 0.47)
Exponential: time = 7.4E+07 * 1^n (sec)                         (res: 0.47)

   [near-tie] within 10%: Logarithmic, Cubic, Linear, Linearithmic, Quadratic, Exponential, Constant -- chosen by the simplicity bias, not the data.
   [exponent] free-exponent fit: rss ~ count_namechar ** 0.01
Saved fit model plot to ./results/rq1/20261002-2248-tailored-cssselect_tailored/run1/cssselect_tailored/plots/fitmodel_rss_vs_count_namechar_css_select_5_2_0.png
Plotting 'rss' vs 'count_attr_ident' for './results/rq1/20261002-2248-tailored-cssselect_tailored/run1/cssselect_tailored/summary.csv-function_name/css_select_5_1_0':
Saved plot to ./results/rq1/20261002-2248-tailored-cssselect_tailored/run1/cssselect_tailored/plots/rss_vs_count_attr_ident_css_select_5_1_0.png
Plotting 'rss' vs 'count_attr_ident' for './results/rq1/20261002-2248-tailored-cssselect_tailored/run1/cssselect_tailored/summary.csv-function_name/css_select_5_2_0':
Saved plot to ./results/rq1/20261002-2248-tailored-cssselect_tailored/run1/cssselect_tailored/plots/rss_vs_count_attr_ident_css_select_5_2_0.png
For './results/rq1/20261002-2248-tailored-cssselect_tailored/run1/cssselect_tailored/summary.csv-function_name/css_select_5_1_0', feature 'count_attr_ident' and metric 'rss': dropped 80 of 279 rows (censored, non-positive metric, or zero feature).
For './results/rq1/20261002-2248-tailored-cssselect_tailored/run1/cssselect_tailored/summary.csv-function_name/css_select_5_1_0', feature 'count_attr_ident' and metric 'rss' the best fit is:
Best : Logarithmic: time = 7.1E+07 + 1.8E+06*log(n) (sec)           
Constant: time = 7.5E+07 (sec)                                  (res: 0.29)
Linear: time = 7.3E+07 + 1.6E+05*n (sec)                        (res: 0.17)
Quadratic: time = 7.4E+07 + 2.8E+03*n^2 (sec)                   (res: 0.22)
Cubic: time = 7.4E+07 + 47*n^3 (sec)                            (res: 0.25)
Logarithmic: time = 7.1E+07 + 1.8E+06*log(n) (sec)              (res: 0.14)
Linearithmic: time = 7.3E+07 + 3.9E+04*n*log(n) (sec)           (res: 0.19)
Exponential: time = 7.3E+07 * 1^n (sec)                         (res: 0.17)

   [exponent] free-exponent fit: rss ~ count_attr_ident ** 0.02
Saved fit model plot to ./results/rq1/20261002-2248-tailored-cssselect_tailored/run1/cssselect_tailored/plots/fitmodel_rss_vs_count_attr_ident_css_select_5_1_0.png
For './results/rq1/20261002-2248-tailored-cssselect_tailored/run1/cssselect_tailored/summary.csv-function_name/css_select_5_2_0', feature 'count_attr_ident' and metric 'rss': dropped 80 of 279 rows (censored, non-positive metric, or zero feature).
For './results/rq1/20261002-2248-tailored-cssselect_tailored/run1/cssselect_tailored/summary.csv-function_name/css_select_5_2_0', feature 'count_attr_ident' and metric 'rss' the best fit is:
Best : Logarithmic: time = 7.1E+07 + 1.8E+06*log(n) (sec)           
Constant: time = 7.5E+07 (sec)                                  (res: 0.26)
Linear: time = 7.3E+07 + 1.7E+05*n (sec)                        (res: 0.13)
Quadratic: time = 7.4E+07 + 3.1E+03*n^2 (sec)                   (res: 0.18)
Cubic: time = 7.5E+07 + 56*n^3 (sec)                            (res: 0.21)
Logarithmic: time = 7.1E+07 + 1.8E+06*log(n) (sec)              (res: 0.11)
Linearithmic: time = 7.4E+07 + 4.1E+04*n*log(n) (sec)           (res: 0.15)
Exponential: time = 7.3E+07 * 1^n (sec)                         (res: 0.13)

   [exponent] free-exponent fit: rss ~ count_attr_ident ** 0.02
Saved fit model plot to ./results/rq1/20261002-2248-tailored-cssselect_tailored/run1/cssselect_tailored/plots/fitmodel_rss_vs_count_attr_ident_css_select_5_2_0.png
Plotting 'rss' vs 'count_attr_value_words' for './results/rq1/20261002-2248-tailored-cssselect_tailored/run1/cssselect_tailored/summary.csv-function_name/css_select_5_1_0':
Saved plot to ./results/rq1/20261002-2248-tailored-cssselect_tailored/run1/cssselect_tailored/plots/rss_vs_count_attr_value_words_css_select_5_1_0.png
Plotting 'rss' vs 'count_attr_value_words' for './results/rq1/20261002-2248-tailored-cssselect_tailored/run1/cssselect_tailored/summary.csv-function_name/css_select_5_2_0':
Saved plot to ./results/rq1/20261002-2248-tailored-cssselect_tailored/run1/cssselect_tailored/plots/rss_vs_count_attr_value_words_css_select_5_2_0.png
For './results/rq1/20261002-2248-tailored-cssselect_tailored/run1/cssselect_tailored/summary.csv-function_name/css_select_5_1_0', feature 'count_attr_value_words' and metric 'rss': dropped 4 of 279 rows (censored, non-positive metric, or zero feature).
For './results/rq1/20261002-2248-tailored-cssselect_tailored/run1/cssselect_tailored/summary.csv-function_name/css_select_5_1_0', feature 'count_attr_value_words' and metric 'rss' the best fit is:
Best : Constant: time = 7.4E+07 (sec)                               
Constant: time = 7.4E+07 (sec)                                  (res: 0.5)
Linear: time = 7.3E+07 + 1.3E+04*n (sec)                        (res: 0.49)
Quadratic: time = 7.4E+07 + 1.7E+02*n^2 (sec)                   (res: 0.48)
Cubic: time = 7.4E+07 + 1.3*n^3 (sec)                           (res: 0.47)
Logarithmic: time = 7.2E+07 + 6.1E+05*log(n) (sec)              (res: 0.49)
Linearithmic: time = 7.3E+07 + 2.9E+03*n*log(n) (sec)           (res: 0.49)
Exponential: time = 7.4E+07 * 1^n (sec)                         (res: 0.5)

   [near-tie] within 10%: Cubic, Quadratic, Logarithmic, Linearithmic, Linear, Exponential, Constant -- chosen by the simplicity bias, not the data.
   [exponent] free-exponent fit: rss ~ count_attr_value_words ** 0.01
Saved fit model plot to ./results/rq1/20261002-2248-tailored-cssselect_tailored/run1/cssselect_tailored/plots/fitmodel_rss_vs_count_attr_value_words_css_select_5_1_0.png
For './results/rq1/20261002-2248-tailored-cssselect_tailored/run1/cssselect_tailored/summary.csv-function_name/css_select_5_2_0', feature 'count_attr_value_words' and metric 'rss': dropped 4 of 279 rows (censored, non-positive metric, or zero feature).
For './results/rq1/20261002-2248-tailored-cssselect_tailored/run1/cssselect_tailored/summary.csv-function_name/css_select_5_2_0', feature 'count_attr_value_words' and metric 'rss' the best fit is:
Best : Constant: time = 7.4E+07 (sec)                               
Constant: time = 7.4E+07 (sec)                                  (res: 0.46)
Linear: time = 7.4E+07 + 1.2E+04*n (sec)                        (res: 0.45)
Quadratic: time = 7.4E+07 + 1.1E+02*n^2 (sec)                   (res: 0.45)
Cubic: time = 7.4E+07 + 0.8*n^3 (sec)                           (res: 0.45)
Logarithmic: time = 7.2E+07 + 6.9E+05*log(n) (sec)              (res: 0.44)
Linearithmic: time = 7.4E+07 + 2.5E+03*n*log(n) (sec)           (res: 0.45)
Exponential: time = 7.4E+07 * 1^n (sec)                         (res: 0.46)

   [near-tie] within 10%: Logarithmic, Cubic, Quadratic, Linear, Linearithmic, Exponential, Constant -- chosen by the simplicity bias, not the data.
   [exponent] free-exponent fit: rss ~ count_attr_value_words ** 0.01
Saved fit model plot to ./results/rq1/20261002-2248-tailored-cssselect_tailored/run1/cssselect_tailored/plots/fitmodel_rss_vs_count_attr_value_words_css_select_5_2_0.png
Plotting 'rss' vs 'count_more_value_word' for './results/rq1/20261002-2248-tailored-cssselect_tailored/run1/cssselect_tailored/summary.csv-function_name/css_select_5_1_0':
Saved plot to ./results/rq1/20261002-2248-tailored-cssselect_tailored/run1/cssselect_tailored/plots/rss_vs_count_more_value_word_css_select_5_1_0.png
Plotting 'rss' vs 'count_more_value_word' for './results/rq1/20261002-2248-tailored-cssselect_tailored/run1/cssselect_tailored/summary.csv-function_name/css_select_5_2_0':
Saved plot to ./results/rq1/20261002-2248-tailored-cssselect_tailored/run1/cssselect_tailored/plots/rss_vs_count_more_value_word_css_select_5_2_0.png
For './results/rq1/20261002-2248-tailored-cssselect_tailored/run1/cssselect_tailored/summary.csv-function_name/css_select_5_1_0', feature 'count_more_value_word' and metric 'rss': dropped 10 of 279 rows (censored, non-positive metric, or zero feature).
For './results/rq1/20261002-2248-tailored-cssselect_tailored/run1/cssselect_tailored/summary.csv-function_name/css_select_5_1_0', feature 'count_more_value_word' and metric 'rss' the best fit is:
Best : Constant: time = 7.4E+07 (sec)                               
Constant: time = 7.4E+07 (sec)                                  (res: 0.47)
Linear: time = 7.4E+07 + 4E+03*n (sec)                          (res: 0.47)
Quadratic: time = 7.4E+07 + 5.1E+02*n^2 (sec)                   (res: 0.46)
Cubic: time = 7.4E+07 + 8.8*n^3 (sec)                           (res: 0.45)
Logarithmic: time = 7.4E+07 + -2.7E+04*log(n) (sec)             (res: 0.47)
Linearithmic: time = 7.4E+07 + 2.4E+03*n*log(n) (sec)           (res: 0.47)
Exponential: time = 7.4E+07 * 1^n (sec)                         (res: 0.48)

   [near-tie] within 10%: Cubic, Quadratic, Linearithmic, Linear, Logarithmic, Constant, Exponential -- chosen by the simplicity bias, not the data.
   [exponent] free-exponent fit: rss ~ count_more_value_word ** 0.00
Saved fit model plot to ./results/rq1/20261002-2248-tailored-cssselect_tailored/run1/cssselect_tailored/plots/fitmodel_rss_vs_count_more_value_word_css_select_5_1_0.png
For './results/rq1/20261002-2248-tailored-cssselect_tailored/run1/cssselect_tailored/summary.csv-function_name/css_select_5_2_0', feature 'count_more_value_word' and metric 'rss': dropped 10 of 279 rows (censored, non-positive metric, or zero feature).
For './results/rq1/20261002-2248-tailored-cssselect_tailored/run1/cssselect_tailored/summary.csv-function_name/css_select_5_2_0', feature 'count_more_value_word' and metric 'rss' the best fit is:
Best : Constant: time = 7.4E+07 (sec)                               
Constant: time = 7.4E+07 (sec)                                  (res: 0.43)
Linear: time = 7.4E+07 + 2.1E+03*n (sec)                        (res: 0.43)
Quadratic: time = 7.4E+07 + 3E+02*n^2 (sec)                     (res: 0.43)
Cubic: time = 7.4E+07 + 5.3*n^3 (sec)                           (res: 0.42)
Logarithmic: time = 7.4E+07 + 3E+04*log(n) (sec)                (res: 0.43)
Linearithmic: time = 7.4E+07 + 1.3E+03*n*log(n) (sec)           (res: 0.43)
Exponential: time = 7.4E+07 * 1^n (sec)                         (res: 0.43)

   [near-tie] within 10%: Cubic, Quadratic, Linearithmic, Linear, Logarithmic, Constant, Exponential -- chosen by the simplicity bias, not the data.
   [exponent] free-exponent fit: rss ~ count_more_value_word ** 0.00
Saved fit model plot to ./results/rq1/20261002-2248-tailored-cssselect_tailored/run1/cssselect_tailored/plots/fitmodel_rss_vs_count_more_value_word_css_select_5_2_0.png
Plotting 'rss' vs 'count_subclass_selectors_in_has' for './results/rq1/20261002-2248-tailored-cssselect_tailored/run1/cssselect_tailored/summary.csv-function_name/css_select_5_1_0':
Saved plot to ./results/rq1/20261002-2248-tailored-cssselect_tailored/run1/cssselect_tailored/plots/rss_vs_count_subclass_selectors_in_has_css_select_5_1_0.png
Plotting 'rss' vs 'count_subclass_selectors_in_has' for './results/rq1/20261002-2248-tailored-cssselect_tailored/run1/cssselect_tailored/summary.csv-function_name/css_select_5_2_0':
Saved plot to ./results/rq1/20261002-2248-tailored-cssselect_tailored/run1/cssselect_tailored/plots/rss_vs_count_subclass_selectors_in_has_css_select_5_2_0.png
For './results/rq1/20261002-2248-tailored-cssselect_tailored/run1/cssselect_tailored/summary.csv-function_name/css_select_5_1_0', feature 'count_subclass_selectors_in_has' and metric 'rss': dropped 9 of 279 rows (censored, non-positive metric, or zero feature).
For './results/rq1/20261002-2248-tailored-cssselect_tailored/run1/cssselect_tailored/summary.csv-function_name/css_select_5_1_0', feature 'count_subclass_selectors_in_has' and metric 'rss' the best fit is:
Best : Logarithmic: time = 6.9E+07 + 1.5E+06*log(n) (sec)           
Constant: time = 7.4E+07 (sec)                                  (res: 0.49)
Linear: time = 7.2E+07 + 2.8E+04*n (sec)                        (res: 0.26)
Quadratic: time = 7.3E+07 + 77*n^2 (sec)                        (res: 0.37)
Cubic: time = 7.3E+07 + 0.19*n^3 (sec)                          (res: 0.43)
Logarithmic: time = 6.9E+07 + 1.5E+06*log(n) (sec)              (res: 0.19)
Linearithmic: time = 7.2E+07 + 4.8E+03*n*log(n) (sec)           (res: 0.28)
Exponential: time = 7.2E+07 * 1^n (sec)                         (res: 0.26)

   [exponent] free-exponent fit: rss ~ count_subclass_selectors_in_has ** 0.02
Saved fit model plot to ./results/rq1/20261002-2248-tailored-cssselect_tailored/run1/cssselect_tailored/plots/fitmodel_rss_vs_count_subclass_selectors_in_has_css_select_5_1_0.png
For './results/rq1/20261002-2248-tailored-cssselect_tailored/run1/cssselect_tailored/summary.csv-function_name/css_select_5_2_0', feature 'count_subclass_selectors_in_has' and metric 'rss': dropped 9 of 279 rows (censored, non-positive metric, or zero feature).
For './results/rq1/20261002-2248-tailored-cssselect_tailored/run1/cssselect_tailored/summary.csv-function_name/css_select_5_2_0', feature 'count_subclass_selectors_in_has' and metric 'rss' the best fit is:
Best : Logarithmic: time = 6.9E+07 + 1.5E+06*log(n) (sec)           
Constant: time = 7.4E+07 (sec)                                  (res: 0.45)
Linear: time = 7.2E+07 + 3E+04*n (sec)                          (res: 0.2)
Quadratic: time = 7.3E+07 + 87*n^2 (sec)                        (res: 0.3)
Cubic: time = 7.4E+07 + 0.23*n^3 (sec)                          (res: 0.36)
Logarithmic: time = 6.9E+07 + 1.5E+06*log(n) (sec)              (res: 0.13)
Linearithmic: time = 7.3E+07 + 5.2E+03*n*log(n) (sec)           (res: 0.22)
Exponential: time = 7.2E+07 * 1^n (sec)                         (res: 0.2)

   [exponent] free-exponent fit: rss ~ count_subclass_selectors_in_has ** 0.02
Saved fit model plot to ./results/rq1/20261002-2248-tailored-cssselect_tailored/run1/cssselect_tailored/plots/fitmodel_rss_vs_count_subclass_selectors_in_has_css_select_5_2_0.png
Plotting 'rss' vs 'count_signed_integer' for './results/rq1/20261002-2248-tailored-cssselect_tailored/run1/cssselect_tailored/summary.csv-function_name/css_select_5_1_0':
Saved plot to ./results/rq1/20261002-2248-tailored-cssselect_tailored/run1/cssselect_tailored/plots/rss_vs_count_signed_integer_css_select_5_1_0.png
Plotting 'rss' vs 'count_signed_integer' for './results/rq1/20261002-2248-tailored-cssselect_tailored/run1/cssselect_tailored/summary.csv-function_name/css_select_5_2_0':
Saved plot to ./results/rq1/20261002-2248-tailored-cssselect_tailored/run1/cssselect_tailored/plots/rss_vs_count_signed_integer_css_select_5_2_0.png
For './results/rq1/20261002-2248-tailored-cssselect_tailored/run1/cssselect_tailored/summary.csv-function_name/css_select_5_1_0', feature 'count_signed_integer' and metric 'rss': dropped 211 of 279 rows (censored, non-positive metric, or zero feature).
For './results/rq1/20261002-2248-tailored-cssselect_tailored/run1/cssselect_tailored/summary.csv-function_name/css_select_5_1_0', feature 'count_signed_integer' and metric 'rss' the best fit is:
Best : Logarithmic: time = 7.4E+07 + 2.9E+06*log(n) (sec)           
Constant: time = 7.5E+07 (sec)                                  (res: 0.058)
Linear: time = 7.3E+07 + 1.4E+06*n (sec)                        (res: 0.038)
Quadratic: time = 7.4E+07 + 2.6E+05*n^2 (sec)                   (res: 0.042)
Cubic: time = 7.5E+07 + 5.6E+04*n^3 (sec)                       (res: 0.047)
Logarithmic: time = 7.4E+07 + 2.9E+06*log(n) (sec)              (res: 0.034)
Linearithmic: time = 7.4E+07 + 7.3E+05*n*log(n) (sec)           (res: 0.04)
Exponential: time = 7.3E+07 * 1^n (sec)                         (res: 0.038)

   [exponent] free-exponent fit: rss ~ count_signed_integer ** 0.04
Saved fit model plot to ./results/rq1/20261002-2248-tailored-cssselect_tailored/run1/cssselect_tailored/plots/fitmodel_rss_vs_count_signed_integer_css_select_5_1_0.png
For './results/rq1/20261002-2248-tailored-cssselect_tailored/run1/cssselect_tailored/summary.csv-function_name/css_select_5_2_0', feature 'count_signed_integer' and metric 'rss': dropped 211 of 279 rows (censored, non-positive metric, or zero feature).
For './results/rq1/20261002-2248-tailored-cssselect_tailored/run1/cssselect_tailored/summary.csv-function_name/css_select_5_2_0', feature 'count_signed_integer' and metric 'rss' the best fit is:
Best : Logarithmic: time = 7.5E+07 + 2.5E+06*log(n) (sec)           
Constant: time = 7.6E+07 (sec)                                  (res: 0.066)
Linear: time = 7.4E+07 + 1.1E+06*n (sec)                        (res: 0.052)
Quadratic: time = 7.5E+07 + 2.1E+05*n^2 (sec)                   (res: 0.057)
Cubic: time = 7.5E+07 + 4.2E+04*n^3 (sec)                       (res: 0.06)
Logarithmic: time = 7.5E+07 + 2.5E+06*log(n) (sec)              (res: 0.048)
Linearithmic: time = 7.5E+07 + 5.9E+05*n*log(n) (sec)           (res: 0.055)
Exponential: time = 7.4E+07 * 1^n (sec)                         (res: 0.053)

   [near-tie] within 10%: Logarithmic, Linear, Exponential -- chosen by the simplicity bias, not the data.
   [exponent] free-exponent fit: rss ~ count_signed_integer ** 0.03
Saved fit model plot to ./results/rq1/20261002-2248-tailored-cssselect_tailored/run1/cssselect_tailored/plots/fitmodel_rss_vs_count_signed_integer_css_select_5_2_0.png
Plotting 'rss' vs 'count_digits' for './results/rq1/20261002-2248-tailored-cssselect_tailored/run1/cssselect_tailored/summary.csv-function_name/css_select_5_1_0':
Saved plot to ./results/rq1/20261002-2248-tailored-cssselect_tailored/run1/cssselect_tailored/plots/rss_vs_count_digits_css_select_5_1_0.png
Plotting 'rss' vs 'count_digits' for './results/rq1/20261002-2248-tailored-cssselect_tailored/run1/cssselect_tailored/summary.csv-function_name/css_select_5_2_0':
Saved plot to ./results/rq1/20261002-2248-tailored-cssselect_tailored/run1/cssselect_tailored/plots/rss_vs_count_digits_css_select_5_2_0.png
For './results/rq1/20261002-2248-tailored-cssselect_tailored/run1/cssselect_tailored/summary.csv-function_name/css_select_5_1_0', feature 'count_digits' and metric 'rss': dropped 138 of 279 rows (censored, non-positive metric, or zero feature).
For './results/rq1/20261002-2248-tailored-cssselect_tailored/run1/cssselect_tailored/summary.csv-function_name/css_select_5_1_0', feature 'count_digits' and metric 'rss' the best fit is:
Best : Logarithmic: time = 7.4E+07 + 1.4E+06*log(n) (sec)           
Constant: time = 7.6E+07 (sec)                                  (res: 0.15)
Linear: time = 7.5E+07 + 1.9E+05*n (sec)                        (res: 0.13)
Quadratic: time = 7.5E+07 + 6.8E+03*n^2 (sec)                   (res: 0.13)
Cubic: time = 7.6E+07 + 2.7E+02*n^3 (sec)                       (res: 0.14)
Logarithmic: time = 7.4E+07 + 1.4E+06*log(n) (sec)              (res: 0.12)
Linearithmic: time = 7.5E+07 + 5.4E+04*n*log(n) (sec)           (res: 0.13)
Exponential: time = 7.5E+07 * 1^n (sec)                         (res: 0.13)

   [near-tie] within 10%: Logarithmic, Linear -- chosen by the simplicity bias, not the data.
   [exponent] free-exponent fit: rss ~ count_digits ** 0.02
Saved fit model plot to ./results/rq1/20261002-2248-tailored-cssselect_tailored/run1/cssselect_tailored/plots/fitmodel_rss_vs_count_digits_css_select_5_1_0.png
For './results/rq1/20261002-2248-tailored-cssselect_tailored/run1/cssselect_tailored/summary.csv-function_name/css_select_5_2_0', feature 'count_digits' and metric 'rss': dropped 138 of 279 rows (censored, non-positive metric, or zero feature).
For './results/rq1/20261002-2248-tailored-cssselect_tailored/run1/cssselect_tailored/summary.csv-function_name/css_select_5_2_0', feature 'count_digits' and metric 'rss' the best fit is:
Best : Logarithmic: time = 7.4E+07 + 1.3E+06*log(n) (sec)           
Constant: time = 7.6E+07 (sec)                                  (res: 0.14)
Linear: time = 7.5E+07 + 1.9E+05*n (sec)                        (res: 0.12)
Quadratic: time = 7.6E+07 + 6.7E+03*n^2 (sec)                   (res: 0.13)
Cubic: time = 7.6E+07 + 2.5E+02*n^3 (sec)                       (res: 0.13)
Logarithmic: time = 7.4E+07 + 1.3E+06*log(n) (sec)              (res: 0.11)
Linearithmic: time = 7.5E+07 + 5.4E+04*n*log(n) (sec)           (res: 0.12)
Exponential: time = 7.5E+07 * 1^n (sec)                         (res: 0.12)

   [near-tie] within 10%: Logarithmic, Linear, Exponential -- chosen by the simplicity bias, not the data.
   [exponent] free-exponent fit: rss ~ count_digits ** 0.02
Saved fit model plot to ./results/rq1/20261002-2248-tailored-cssselect_tailored/run1/cssselect_tailored/plots/fitmodel_rss_vs_count_digits_css_select_5_2_0.png
Plotting 'rss' vs 'count_an_b_sign' for './results/rq1/20261002-2248-tailored-cssselect_tailored/run1/cssselect_tailored/summary.csv-function_name/css_select_5_1_0':
Saved plot to ./results/rq1/20261002-2248-tailored-cssselect_tailored/run1/cssselect_tailored/plots/rss_vs_count_an_b_sign_css_select_5_1_0.png
Plotting 'rss' vs 'count_an_b_sign' for './results/rq1/20261002-2248-tailored-cssselect_tailored/run1/cssselect_tailored/summary.csv-function_name/css_select_5_2_0':
Saved plot to ./results/rq1/20261002-2248-tailored-cssselect_tailored/run1/cssselect_tailored/plots/rss_vs_count_an_b_sign_css_select_5_2_0.png
For './results/rq1/20261002-2248-tailored-cssselect_tailored/run1/cssselect_tailored/summary.csv-function_name/css_select_5_1_0', feature 'count_an_b_sign' and metric 'rss': dropped 182 of 279 rows (censored, non-positive metric, or zero feature).
For './results/rq1/20261002-2248-tailored-cssselect_tailored/run1/cssselect_tailored/summary.csv-function_name/css_select_5_1_0', feature 'count_an_b_sign' and metric 'rss' the best fit is:
Best : Constant: time = 7.7E+07 (sec)                               
Constant: time = 7.7E+07 (sec)                                  (res: 0.086)
Linear: time = 7.6E+07 + 3E+05*n (sec)                          (res: 0.084)
Quadratic: time = 7.6E+07 + 4.5E+04*n^2 (sec)                   (res: 0.085)
Cubic: time = 7.6E+07 + 9.1E+03*n^3 (sec)                       (res: 0.085)
Logarithmic: time = 7.6E+07 + 8.4E+05*log(n) (sec)              (res: 0.083)
Linearithmic: time = 7.6E+07 + 1.3E+05*n*log(n) (sec)           (res: 0.085)
Exponential: time = 7.6E+07 * 1^n (sec)                         (res: 0.084)

   [near-tie] within 10%: Logarithmic, Linear, Exponential, Linearithmic, Quadratic, Cubic, Constant -- chosen by the simplicity bias, not the data.
   [exponent] free-exponent fit: rss ~ count_an_b_sign ** 0.01
Saved fit model plot to ./results/rq1/20261002-2248-tailored-cssselect_tailored/run1/cssselect_tailored/plots/fitmodel_rss_vs_count_an_b_sign_css_select_5_1_0.png
For './results/rq1/20261002-2248-tailored-cssselect_tailored/run1/cssselect_tailored/summary.csv-function_name/css_select_5_2_0', feature 'count_an_b_sign' and metric 'rss': dropped 182 of 279 rows (censored, non-positive metric, or zero feature).
For './results/rq1/20261002-2248-tailored-cssselect_tailored/run1/cssselect_tailored/summary.csv-function_name/css_select_5_2_0', feature 'count_an_b_sign' and metric 'rss' the best fit is:
Best : Constant: time = 7.7E+07 (sec)                               
Constant: time = 7.7E+07 (sec)                                  (res: 0.083)
Linear: time = 7.6E+07 + 4E+05*n (sec)                          (res: 0.08)
Quadratic: time = 7.6E+07 + 8.2E+04*n^2 (sec)                   (res: 0.08)
Cubic: time = 7.6E+07 + 2.1E+04*n^3 (sec)                       (res: 0.08)
Logarithmic: time = 7.6E+07 + 9.2E+05*log(n) (sec)              (res: 0.08)
Linearithmic: time = 7.6E+07 + 2.1E+05*n*log(n) (sec)           (res: 0.081)
Exponential: time = 7.6E+07 * 1^n (sec)                         (res: 0.08)

   [near-tie] within 10%: Logarithmic, Cubic, Linear, Quadratic, Exponential, Linearithmic, Constant -- chosen by the simplicity bias, not the data.
   [exponent] free-exponent fit: rss ~ count_an_b_sign ** 0.01
Saved fit model plot to ./results/rq1/20261002-2248-tailored-cssselect_tailored/run1/cssselect_tailored/plots/fitmodel_rss_vs_count_an_b_sign_css_select_5_2_0.png
Plotting 'rss' vs 'count_an_a' for './results/rq1/20261002-2248-tailored-cssselect_tailored/run1/cssselect_tailored/summary.csv-function_name/css_select_5_1_0':
Saved plot to ./results/rq1/20261002-2248-tailored-cssselect_tailored/run1/cssselect_tailored/plots/rss_vs_count_an_a_css_select_5_1_0.png
Plotting 'rss' vs 'count_an_a' for './results/rq1/20261002-2248-tailored-cssselect_tailored/run1/cssselect_tailored/summary.csv-function_name/css_select_5_2_0':
Saved plot to ./results/rq1/20261002-2248-tailored-cssselect_tailored/run1/cssselect_tailored/plots/rss_vs_count_an_a_css_select_5_2_0.png
For './results/rq1/20261002-2248-tailored-cssselect_tailored/run1/cssselect_tailored/summary.csv-function_name/css_select_5_1_0', feature 'count_an_a' and metric 'rss': dropped 140 of 279 rows (censored, non-positive metric, or zero feature).
For './results/rq1/20261002-2248-tailored-cssselect_tailored/run1/cssselect_tailored/summary.csv-function_name/css_select_5_1_0', feature 'count_an_a' and metric 'rss' the best fit is:
Best : Logarithmic: time = 7.4E+07 + 1.9E+06*log(n) (sec)           
Constant: time = 7.6E+07 (sec)                                  (res: 0.16)
Linear: time = 7.4E+07 + 6.4E+05*n (sec)                        (res: 0.11)
Quadratic: time = 7.5E+07 + 6.9E+04*n^2 (sec)                   (res: 0.12)
Cubic: time = 7.5E+07 + 7.6E+03*n^3 (sec)                       (res: 0.13)
Logarithmic: time = 7.4E+07 + 1.9E+06*log(n) (sec)              (res: 0.11)
Linearithmic: time = 7.4E+07 + 2.7E+05*n*log(n) (sec)           (res: 0.12)
Exponential: time = 7.4E+07 * 1^n (sec)                         (res: 0.11)

   [near-tie] within 10%: Logarithmic, Linear, Exponential, Linearithmic -- chosen by the simplicity bias, not the data.
   [exponent] free-exponent fit: rss ~ count_an_a ** 0.03
Saved fit model plot to ./results/rq1/20261002-2248-tailored-cssselect_tailored/run1/cssselect_tailored/plots/fitmodel_rss_vs_count_an_a_css_select_5_1_0.png
For './results/rq1/20261002-2248-tailored-cssselect_tailored/run1/cssselect_tailored/summary.csv-function_name/css_select_5_2_0', feature 'count_an_a' and metric 'rss': dropped 140 of 279 rows (censored, non-positive metric, or zero feature).
For './results/rq1/20261002-2248-tailored-cssselect_tailored/run1/cssselect_tailored/summary.csv-function_name/css_select_5_2_0', feature 'count_an_a' and metric 'rss' the best fit is:
Best : Logarithmic: time = 7.4E+07 + 1.9E+06*log(n) (sec)           
Constant: time = 7.6E+07 (sec)                                  (res: 0.15)
Linear: time = 7.4E+07 + 6.9E+05*n (sec)                        (res: 0.1)
Quadratic: time = 7.5E+07 + 8.1E+04*n^2 (sec)                   (res: 0.11)
Cubic: time = 7.5E+07 + 9.7E+03*n^3 (sec)                       (res: 0.12)
Logarithmic: time = 7.4E+07 + 1.9E+06*log(n) (sec)              (res: 0.11)
Linearithmic: time = 7.5E+07 + 3E+05*n*log(n) (sec)             (res: 0.1)
Exponential: time = 7.4E+07 * 1^n (sec)                         (res: 0.1)

   [near-tie] within 10%: Linear, Exponential, Linearithmic, Logarithmic, Quadratic -- chosen by the simplicity bias, not the data.
   [exponent] free-exponent fit: rss ~ count_an_a ** 0.02
Saved fit model plot to ./results/rq1/20261002-2248-tailored-cssselect_tailored/run1/cssselect_tailored/plots/fitmodel_rss_vs_count_an_a_css_select_5_2_0.png
Plotting 'rss' vs 'count_sign' for './results/rq1/20261002-2248-tailored-cssselect_tailored/run1/cssselect_tailored/summary.csv-function_name/css_select_5_1_0':
Saved plot to ./results/rq1/20261002-2248-tailored-cssselect_tailored/run1/cssselect_tailored/plots/rss_vs_count_sign_css_select_5_1_0.png
Plotting 'rss' vs 'count_sign' for './results/rq1/20261002-2248-tailored-cssselect_tailored/run1/cssselect_tailored/summary.csv-function_name/css_select_5_2_0':
Saved plot to ./results/rq1/20261002-2248-tailored-cssselect_tailored/run1/cssselect_tailored/plots/rss_vs_count_sign_css_select_5_2_0.png
For './results/rq1/20261002-2248-tailored-cssselect_tailored/run1/cssselect_tailored/summary.csv-function_name/css_select_5_1_0', feature 'count_sign' and metric 'rss': dropped 152 of 279 rows (censored, non-positive metric, or zero feature).
For './results/rq1/20261002-2248-tailored-cssselect_tailored/run1/cssselect_tailored/summary.csv-function_name/css_select_5_1_0', feature 'count_sign' and metric 'rss' the best fit is:
Best : Logarithmic: time = 7.4E+07 + 2E+06*log(n) (sec)             
Constant: time = 7.6E+07 (sec)                                  (res: 0.15)
Linear: time = 7.4E+07 + 7.5E+05*n (sec)                        (res: 0.12)
Quadratic: time = 7.5E+07 + 1E+05*n^2 (sec)                     (res: 0.13)
Cubic: time = 7.5E+07 + 1.4E+04*n^3 (sec)                       (res: 0.14)
Logarithmic: time = 7.4E+07 + 2E+06*log(n) (sec)                (res: 0.12)
Linearithmic: time = 7.5E+07 + 3.4E+05*n*log(n) (sec)           (res: 0.13)
Exponential: time = 7.4E+07 * 1^n (sec)                         (res: 0.12)

   [near-tie] within 10%: Logarithmic, Linear, Exponential, Linearithmic, Quadratic -- chosen by the simplicity bias, not the data.
   [exponent] free-exponent fit: rss ~ count_sign ** 0.03
Saved fit model plot to ./results/rq1/20261002-2248-tailored-cssselect_tailored/run1/cssselect_tailored/plots/fitmodel_rss_vs_count_sign_css_select_5_1_0.png
For './results/rq1/20261002-2248-tailored-cssselect_tailored/run1/cssselect_tailored/summary.csv-function_name/css_select_5_2_0', feature 'count_sign' and metric 'rss': dropped 152 of 279 rows (censored, non-positive metric, or zero feature).
For './results/rq1/20261002-2248-tailored-cssselect_tailored/run1/cssselect_tailored/summary.csv-function_name/css_select_5_2_0', feature 'count_sign' and metric 'rss' the best fit is:
Best : Logarithmic: time = 7.4E+07 + 2.1E+06*log(n) (sec)           
Constant: time = 7.6E+07 (sec)                                  (res: 0.14)
Linear: time = 7.4E+07 + 8.7E+05*n (sec)                        (res: 0.1)
Quadratic: time = 7.5E+07 + 1.3E+05*n^2 (sec)                   (res: 0.11)
Cubic: time = 7.5E+07 + 2E+04*n^3 (sec)                         (res: 0.12)
Logarithmic: time = 7.4E+07 + 2.1E+06*log(n) (sec)              (res: 0.1)
Linearithmic: time = 7.5E+07 + 4.1E+05*n*log(n) (sec)           (res: 0.11)
Exponential: time = 7.4E+07 * 1^n (sec)                         (res: 0.1)

   [near-tie] within 10%: Linear, Logarithmic, Exponential, Linearithmic, Quadratic -- chosen by the simplicity bias, not the data.
   [exponent] free-exponent fit: rss ~ count_sign ** 0.03
Saved fit model plot to ./results/rq1/20261002-2248-tailored-cssselect_tailored/run1/cssselect_tailored/plots/fitmodel_rss_vs_count_sign_css_select_5_2_0.png
Plotting 'rss' vs 'count_pseudo_class_selector_in_has' for './results/rq1/20261002-2248-tailored-cssselect_tailored/run1/cssselect_tailored/summary.csv-function_name/css_select_5_1_0':
Saved plot to ./results/rq1/20261002-2248-tailored-cssselect_tailored/run1/cssselect_tailored/plots/rss_vs_count_pseudo_class_selector_in_has_css_select_5_1_0.png
Plotting 'rss' vs 'count_pseudo_class_selector_in_has' for './results/rq1/20261002-2248-tailored-cssselect_tailored/run1/cssselect_tailored/summary.csv-function_name/css_select_5_2_0':
Saved plot to ./results/rq1/20261002-2248-tailored-cssselect_tailored/run1/cssselect_tailored/plots/rss_vs_count_pseudo_class_selector_in_has_css_select_5_2_0.png
For './results/rq1/20261002-2248-tailored-cssselect_tailored/run1/cssselect_tailored/summary.csv-function_name/css_select_5_1_0', feature 'count_pseudo_class_selector_in_has' and metric 'rss': dropped 57 of 279 rows (censored, non-positive metric, or zero feature).
For './results/rq1/20261002-2248-tailored-cssselect_tailored/run1/cssselect_tailored/summary.csv-function_name/css_select_5_1_0', feature 'count_pseudo_class_selector_in_has' and metric 'rss' the best fit is:
Best : Logarithmic: time = 7.1E+07 + 1.5E+06*log(n) (sec)           
Constant: time = 7.5E+07 (sec)                                  (res: 0.33)
Linear: time = 7.3E+07 + 8E+04*n (sec)                          (res: 0.2)
Quadratic: time = 7.4E+07 + 7.2E+02*n^2 (sec)                   (res: 0.26)
Cubic: time = 7.4E+07 + 5.9*n^3 (sec)                           (res: 0.29)
Logarithmic: time = 7.1E+07 + 1.5E+06*log(n) (sec)              (res: 0.17)
Linearithmic: time = 7.3E+07 + 1.7E+04*n*log(n) (sec)           (res: 0.21)
Exponential: time = 7.3E+07 * 1^n (sec)                         (res: 0.2)

   [exponent] free-exponent fit: rss ~ count_pseudo_class_selector_in_has ** 0.02
Saved fit model plot to ./results/rq1/20261002-2248-tailored-cssselect_tailored/run1/cssselect_tailored/plots/fitmodel_rss_vs_count_pseudo_class_selector_in_has_css_select_5_1_0.png
For './results/rq1/20261002-2248-tailored-cssselect_tailored/run1/cssselect_tailored/summary.csv-function_name/css_select_5_2_0', feature 'count_pseudo_class_selector_in_has' and metric 'rss': dropped 57 of 279 rows (censored, non-positive metric, or zero feature).
For './results/rq1/20261002-2248-tailored-cssselect_tailored/run1/cssselect_tailored/summary.csv-function_name/css_select_5_2_0', feature 'count_pseudo_class_selector_in_has' and metric 'rss' the best fit is:
Best : Logarithmic: time = 7.1E+07 + 1.5E+06*log(n) (sec)           
Constant: time = 7.5E+07 (sec)                                  (res: 0.29)
Linear: time = 7.3E+07 + 8.7E+04*n (sec)                        (res: 0.14)
Quadratic: time = 7.4E+07 + 8.6E+02*n^2 (sec)                   (res: 0.19)
Cubic: time = 7.5E+07 + 7.6*n^3 (sec)                           (res: 0.23)
Logarithmic: time = 7.1E+07 + 1.5E+06*log(n) (sec)              (res: 0.11)
Linearithmic: time = 7.3E+07 + 1.9E+04*n*log(n) (sec)           (res: 0.15)
Exponential: time = 7.3E+07 * 1^n (sec)                         (res: 0.14)

   [exponent] free-exponent fit: rss ~ count_pseudo_class_selector_in_has ** 0.02
Saved fit model plot to ./results/rq1/20261002-2248-tailored-cssselect_tailored/run1/cssselect_tailored/plots/fitmodel_rss_vs_count_pseudo_class_selector_in_has_css_select_5_2_0.png
Plotting 'rss' vs 'count_pseudo_class_function_in_has' for './results/rq1/20261002-2248-tailored-cssselect_tailored/run1/cssselect_tailored/summary.csv-function_name/css_select_5_1_0':
Saved plot to ./results/rq1/20261002-2248-tailored-cssselect_tailored/run1/cssselect_tailored/plots/rss_vs_count_pseudo_class_function_in_has_css_select_5_1_0.png
Plotting 'rss' vs 'count_pseudo_class_function_in_has' for './results/rq1/20261002-2248-tailored-cssselect_tailored/run1/cssselect_tailored/summary.csv-function_name/css_select_5_2_0':
Saved plot to ./results/rq1/20261002-2248-tailored-cssselect_tailored/run1/cssselect_tailored/plots/rss_vs_count_pseudo_class_function_in_has_css_select_5_2_0.png
For './results/rq1/20261002-2248-tailored-cssselect_tailored/run1/cssselect_tailored/summary.csv-function_name/css_select_5_1_0', feature 'count_pseudo_class_function_in_has' and metric 'rss': dropped 80 of 279 rows (censored, non-positive metric, or zero feature).
For './results/rq1/20261002-2248-tailored-cssselect_tailored/run1/cssselect_tailored/summary.csv-function_name/css_select_5_1_0', feature 'count_pseudo_class_function_in_has' and metric 'rss' the best fit is:
Best : Logarithmic: time = 7.2E+07 + 1.5E+06*log(n) (sec)           
Constant: time = 7.5E+07 (sec)                                  (res: 0.26)
Linear: time = 7.3E+07 + 1.3E+05*n (sec)                        (res: 0.17)
Quadratic: time = 7.4E+07 + 1.8E+03*n^2 (sec)                   (res: 0.22)
Cubic: time = 7.5E+07 + 24*n^3 (sec)                            (res: 0.24)
Logarithmic: time = 7.2E+07 + 1.5E+06*log(n) (sec)              (res: 0.14)
Linearithmic: time = 7.4E+07 + 3E+04*n*log(n) (sec)             (res: 0.18)
Exponential: time = 7.4E+07 * 1^n (sec)                         (res: 0.17)

   [exponent] free-exponent fit: rss ~ count_pseudo_class_function_in_has ** 0.02
Saved fit model plot to ./results/rq1/20261002-2248-tailored-cssselect_tailored/run1/cssselect_tailored/plots/fitmodel_rss_vs_count_pseudo_class_function_in_has_css_select_5_1_0.png
For './results/rq1/20261002-2248-tailored-cssselect_tailored/run1/cssselect_tailored/summary.csv-function_name/css_select_5_2_0', feature 'count_pseudo_class_function_in_has' and metric 'rss': dropped 80 of 279 rows (censored, non-positive metric, or zero feature).
For './results/rq1/20261002-2248-tailored-cssselect_tailored/run1/cssselect_tailored/summary.csv-function_name/css_select_5_2_0', feature 'count_pseudo_class_function_in_has' and metric 'rss' the best fit is:
Best : Logarithmic: time = 7.2E+07 + 1.6E+06*log(n) (sec)           
Constant: time = 7.5E+07 (sec)                                  (res: 0.23)
Linear: time = 7.3E+07 + 1.4E+05*n (sec)                        (res: 0.12)
Quadratic: time = 7.5E+07 + 2.2E+03*n^2 (sec)                   (res: 0.17)
Cubic: time = 7.5E+07 + 33*n^3 (sec)                            (res: 0.19)
Logarithmic: time = 7.2E+07 + 1.6E+06*log(n) (sec)              (res: 0.1)
Linearithmic: time = 7.4E+07 + 3.4E+04*n*log(n) (sec)           (res: 0.14)
Exponential: time = 7.4E+07 * 1^n (sec)                         (res: 0.12)

   [exponent] free-exponent fit: rss ~ count_pseudo_class_function_in_has ** 0.02
Saved fit model plot to ./results/rq1/20261002-2248-tailored-cssselect_tailored/run1/cssselect_tailored/plots/fitmodel_rss_vs_count_pseudo_class_function_in_has_css_select_5_2_0.png
Plotting 'rss' vs 'count_complex_selector_list_in_has' for './results/rq1/20261002-2248-tailored-cssselect_tailored/run1/cssselect_tailored/summary.csv-function_name/css_select_5_1_0':
Saved plot to ./results/rq1/20261002-2248-tailored-cssselect_tailored/run1/cssselect_tailored/plots/rss_vs_count_complex_selector_list_in_has_css_select_5_1_0.png
Plotting 'rss' vs 'count_complex_selector_list_in_has' for './results/rq1/20261002-2248-tailored-cssselect_tailored/run1/cssselect_tailored/summary.csv-function_name/css_select_5_2_0':
Saved plot to ./results/rq1/20261002-2248-tailored-cssselect_tailored/run1/cssselect_tailored/plots/rss_vs_count_complex_selector_list_in_has_css_select_5_2_0.png
For './results/rq1/20261002-2248-tailored-cssselect_tailored/run1/cssselect_tailored/summary.csv-function_name/css_select_5_1_0', feature 'count_complex_selector_list_in_has' and metric 'rss': dropped 92 of 279 rows (censored, non-positive metric, or zero feature).
For './results/rq1/20261002-2248-tailored-cssselect_tailored/run1/cssselect_tailored/summary.csv-function_name/css_select_5_1_0', feature 'count_complex_selector_list_in_has' and metric 'rss' the best fit is:
Best : Logarithmic: time = 7.2E+07 + 1.3E+06*log(n) (sec)           
Constant: time = 7.5E+07 (sec)                                  (res: 0.22)
Linear: time = 7.4E+07 + 6E+04*n (sec)                          (res: 0.15)
Quadratic: time = 7.5E+07 + 4.5E+02*n^2 (sec)                   (res: 0.19)
Cubic: time = 7.5E+07 + 3.7*n^3 (sec)                           (res: 0.2)
Logarithmic: time = 7.2E+07 + 1.3E+06*log(n) (sec)              (res: 0.13)
Linearithmic: time = 7.4E+07 + 1.2E+04*n*log(n) (sec)           (res: 0.16)
Exponential: time = 7.4E+07 * 1^n (sec)                         (res: 0.15)

   [exponent] free-exponent fit: rss ~ count_complex_selector_list_in_has ** 0.02
Saved fit model plot to ./results/rq1/20261002-2248-tailored-cssselect_tailored/run1/cssselect_tailored/plots/fitmodel_rss_vs_count_complex_selector_list_in_has_css_select_5_1_0.png
For './results/rq1/20261002-2248-tailored-cssselect_tailored/run1/cssselect_tailored/summary.csv-function_name/css_select_5_2_0', feature 'count_complex_selector_list_in_has' and metric 'rss': dropped 92 of 279 rows (censored, non-positive metric, or zero feature).
For './results/rq1/20261002-2248-tailored-cssselect_tailored/run1/cssselect_tailored/summary.csv-function_name/css_select_5_2_0', feature 'count_complex_selector_list_in_has' and metric 'rss' the best fit is:
Best : Logarithmic: time = 7.2E+07 + 1.3E+06*log(n) (sec)           
Constant: time = 7.6E+07 (sec)                                  (res: 0.19)
Linear: time = 7.4E+07 + 6.8E+04*n (sec)                        (res: 0.11)
Quadratic: time = 7.5E+07 + 5.9E+02*n^2 (sec)                   (res: 0.14)
Cubic: time = 7.5E+07 + 5.3*n^3 (sec)                           (res: 0.16)
Logarithmic: time = 7.2E+07 + 1.3E+06*log(n) (sec)              (res: 0.095)
Linearithmic: time = 7.4E+07 + 1.4E+04*n*log(n) (sec)           (res: 0.12)
Exponential: time = 7.4E+07 * 1^n (sec)                         (res: 0.11)

   [exponent] free-exponent fit: rss ~ count_complex_selector_list_in_has ** 0.02
Saved fit model plot to ./results/rq1/20261002-2248-tailored-cssselect_tailored/run1/cssselect_tailored/plots/fitmodel_rss_vs_count_complex_selector_list_in_has_css_select_5_2_0.png
Plotting 'rss' vs 'count_more_complex_selector_in_has' for './results/rq1/20261002-2248-tailored-cssselect_tailored/run1/cssselect_tailored/summary.csv-function_name/css_select_5_1_0':
Saved plot to ./results/rq1/20261002-2248-tailored-cssselect_tailored/run1/cssselect_tailored/plots/rss_vs_count_more_complex_selector_in_has_css_select_5_1_0.png
Plotting 'rss' vs 'count_more_complex_selector_in_has' for './results/rq1/20261002-2248-tailored-cssselect_tailored/run1/cssselect_tailored/summary.csv-function_name/css_select_5_2_0':
Saved plot to ./results/rq1/20261002-2248-tailored-cssselect_tailored/run1/cssselect_tailored/plots/rss_vs_count_more_complex_selector_in_has_css_select_5_2_0.png
For './results/rq1/20261002-2248-tailored-cssselect_tailored/run1/cssselect_tailored/summary.csv-function_name/css_select_5_1_0', feature 'count_more_complex_selector_in_has' and metric 'rss': dropped 127 of 279 rows (censored, non-positive metric, or zero feature).
For './results/rq1/20261002-2248-tailored-cssselect_tailored/run1/cssselect_tailored/summary.csv-function_name/css_select_5_1_0', feature 'count_more_complex_selector_in_has' and metric 'rss' the best fit is:
Best : Logarithmic: time = 7.3E+07 + 1.4E+06*log(n) (sec)           
Constant: time = 7.6E+07 (sec)                                  (res: 0.17)
Linear: time = 7.4E+07 + 9.3E+04*n (sec)                        (res: 0.13)
Quadratic: time = 7.5E+07 + 1.2E+03*n^2 (sec)                   (res: 0.15)
Cubic: time = 7.5E+07 + 16*n^3 (sec)                            (res: 0.16)
Logarithmic: time = 7.3E+07 + 1.4E+06*log(n) (sec)              (res: 0.099)
Linearithmic: time = 7.5E+07 + 2E+04*n*log(n) (sec)             (res: 0.14)
Exponential: time = 7.4E+07 * 1^n (sec)                         (res: 0.13)

   [exponent] free-exponent fit: rss ~ count_more_complex_selector_in_has ** 0.02
Saved fit model plot to ./results/rq1/20261002-2248-tailored-cssselect_tailored/run1/cssselect_tailored/plots/fitmodel_rss_vs_count_more_complex_selector_in_has_css_select_5_1_0.png
For './results/rq1/20261002-2248-tailored-cssselect_tailored/run1/cssselect_tailored/summary.csv-function_name/css_select_5_2_0', feature 'count_more_complex_selector_in_has' and metric 'rss': dropped 127 of 279 rows (censored, non-positive metric, or zero feature).
For './results/rq1/20261002-2248-tailored-cssselect_tailored/run1/cssselect_tailored/summary.csv-function_name/css_select_5_2_0', feature 'count_more_complex_selector_in_has' and metric 'rss' the best fit is:
Best : Logarithmic: time = 7.3E+07 + 1.5E+06*log(n) (sec)           
Constant: time = 7.6E+07 (sec)                                  (res: 0.15)
Linear: time = 7.4E+07 + 1.1E+05*n (sec)                        (res: 0.091)
Quadratic: time = 7.5E+07 + 1.6E+03*n^2 (sec)                   (res: 0.12)
Cubic: time = 7.6E+07 + 25*n^3 (sec)                            (res: 0.13)
Logarithmic: time = 7.3E+07 + 1.5E+06*log(n) (sec)              (res: 0.069)
Linearithmic: time = 7.5E+07 + 2.5E+04*n*log(n) (sec)           (res: 0.1)
Exponential: time = 7.4E+07 * 1^n (sec)                         (res: 0.092)

   [exponent] free-exponent fit: rss ~ count_more_complex_selector_in_has ** 0.02
Saved fit model plot to ./results/rq1/20261002-2248-tailored-cssselect_tailored/run1/cssselect_tailored/plots/fitmodel_rss_vs_count_more_complex_selector_in_has_css_select_5_2_0.png
Plotting 'rss' vs 'count_node' for './results/rq1/20261002-2248-tailored-cssselect_tailored/run1/cssselect_tailored/summary.csv-function_name/css_select_5_1_0':
Saved plot to ./results/rq1/20261002-2248-tailored-cssselect_tailored/run1/cssselect_tailored/plots/rss_vs_count_node_css_select_5_1_0.png
Plotting 'rss' vs 'count_node' for './results/rq1/20261002-2248-tailored-cssselect_tailored/run1/cssselect_tailored/summary.csv-function_name/css_select_5_2_0':
Saved plot to ./results/rq1/20261002-2248-tailored-cssselect_tailored/run1/cssselect_tailored/plots/rss_vs_count_node_css_select_5_2_0.png
For './results/rq1/20261002-2248-tailored-cssselect_tailored/run1/cssselect_tailored/summary.csv-function_name/css_select_5_1_0', feature 'count_node' and metric 'rss' the best fit is:
Best : Constant: time = 7.4E+07 (sec)                               
Constant: time = 7.4E+07 (sec)                                  (res: 0.51)
Linear: time = 7.4E+07 + -1.8E+05*n (sec)                       (res: 0.49)
Quadratic: time = 7.4E+07 + -8.1E+03*n^2 (sec)                  (res: 0.5)
Cubic: time = 7.4E+07 + -3.4E+02*n^3 (sec)                      (res: 0.51)
Logarithmic: time = 7.5E+07 + -1E+06*log(n) (sec)               (res: 0.47)
Linearithmic: time = 7.4E+07 + -5.6E+04*n*log(n) (sec)          (res: 0.49)
Exponential: time = 7.5E+07 * 1^n (sec)                         (res: 0.49)

   [near-tie] within 10%: Logarithmic, Linear, Exponential, Linearithmic, Quadratic, Cubic, Constant -- chosen by the simplicity bias, not the data.
   [exponent] free-exponent fit: rss ~ count_node ** -0.01
Saved fit model plot to ./results/rq1/20261002-2248-tailored-cssselect_tailored/run1/cssselect_tailored/plots/fitmodel_rss_vs_count_node_css_select_5_1_0.png
For './results/rq1/20261002-2248-tailored-cssselect_tailored/run1/cssselect_tailored/summary.csv-function_name/css_select_5_2_0', feature 'count_node' and metric 'rss' the best fit is:
Best : Constant: time = 7.4E+07 (sec)                               
Constant: time = 7.4E+07 (sec)                                  (res: 0.47)
Linear: time = 7.5E+07 + -1.6E+05*n (sec)                       (res: 0.46)
Quadratic: time = 7.4E+07 + -6.8E+03*n^2 (sec)                  (res: 0.47)
Cubic: time = 7.4E+07 + -2.9E+02*n^3 (sec)                      (res: 0.47)
Logarithmic: time = 7.5E+07 + -9.3E+05*log(n) (sec)             (res: 0.44)
Linearithmic: time = 7.4E+07 + -4.8E+04*n*log(n) (sec)          (res: 0.46)
Exponential: time = 7.5E+07 * 1^n (sec)                         (res: 0.46)

   [near-tie] within 10%: Logarithmic, Linear, Exponential, Linearithmic, Quadratic, Cubic, Constant -- chosen by the simplicity bias, not the data.
   [exponent] free-exponent fit: rss ~ count_node ** -0.01
Saved fit model plot to ./results/rq1/20261002-2248-tailored-cssselect_tailored/run1/cssselect_tailored/plots/fitmodel_rss_vs_count_node_css_select_5_2_0.png
Plotting 'rss' vs 'count_section' for './results/rq1/20261002-2248-tailored-cssselect_tailored/run1/cssselect_tailored/summary.csv-function_name/css_select_5_1_0':
Saved plot to ./results/rq1/20261002-2248-tailored-cssselect_tailored/run1/cssselect_tailored/plots/rss_vs_count_section_css_select_5_1_0.png
Plotting 'rss' vs 'count_section' for './results/rq1/20261002-2248-tailored-cssselect_tailored/run1/cssselect_tailored/summary.csv-function_name/css_select_5_2_0':
Saved plot to ./results/rq1/20261002-2248-tailored-cssselect_tailored/run1/cssselect_tailored/plots/rss_vs_count_section_css_select_5_2_0.png
For './results/rq1/20261002-2248-tailored-cssselect_tailored/run1/cssselect_tailored/summary.csv-function_name/css_select_5_1_0', feature 'count_section' and metric 'rss': dropped 123 of 279 rows (censored, non-positive metric, or zero feature).
For './results/rq1/20261002-2248-tailored-cssselect_tailored/run1/cssselect_tailored/summary.csv-function_name/css_select_5_1_0', feature 'count_section' and metric 'rss' the best fit is:
Best : Constant: time = 7.3E+07 (sec)                               
Constant: time = 7.3E+07 (sec)                                  (res: 0.25)
Linear: time = 7.3E+07 + 4E+04*n (sec)                          (res: 0.25)
Quadratic: time = 7.3E+07 + 1.6E+03*n^2 (sec)                   (res: 0.25)
Cubic: time = 7.3E+07 + 54*n^3 (sec)                            (res: 0.25)
Logarithmic: time = 7.3E+07 + 2.6E+05*log(n) (sec)              (res: 0.25)
Linearithmic: time = 7.3E+07 + 1.2E+04*n*log(n) (sec)           (res: 0.25)
Exponential: time = 7.3E+07 * 1^n (sec)                         (res: 0.25)

   [near-tie] within 10%: Logarithmic, Linear, Linearithmic, Quadratic, Cubic, Constant, Exponential -- chosen by the simplicity bias, not the data.
   [exponent] free-exponent fit: rss ~ count_section ** 0.00
Saved fit model plot to ./results/rq1/20261002-2248-tailored-cssselect_tailored/run1/cssselect_tailored/plots/fitmodel_rss_vs_count_section_css_select_5_1_0.png
For './results/rq1/20261002-2248-tailored-cssselect_tailored/run1/cssselect_tailored/summary.csv-function_name/css_select_5_2_0', feature 'count_section' and metric 'rss': dropped 123 of 279 rows (censored, non-positive metric, or zero feature).
For './results/rq1/20261002-2248-tailored-cssselect_tailored/run1/cssselect_tailored/summary.csv-function_name/css_select_5_2_0', feature 'count_section' and metric 'rss' the best fit is:
Best : Constant: time = 7.3E+07 (sec)                               
Constant: time = 7.3E+07 (sec)                                  (res: 0.22)
Linear: time = 7.3E+07 + 5.9E+02*n (sec)                        (res: 0.22)
Quadratic: time = 7.3E+07 + -4E+02*n^2 (sec)                    (res: 0.22)
Cubic: time = 7.3E+07 + -29*n^3 (sec)                           (res: 0.22)
Logarithmic: time = 7.3E+07 + 9.9E+04*log(n) (sec)              (res: 0.22)
Linearithmic: time = 7.3E+07 + -1.3E+03*n*log(n) (sec)          (res: 0.22)
Exponential: time = 7.3E+07 * 1^n (sec)                         (res: 0.22)

   [near-tie] within 10%: Logarithmic, Cubic, Quadratic, Linearithmic, Linear, Constant, Exponential -- chosen by the simplicity bias, not the data.
   [exponent] free-exponent fit: rss ~ count_section ** 0.00
Saved fit model plot to ./results/rq1/20261002-2248-tailored-cssselect_tailored/run1/cssselect_tailored/plots/fitmodel_rss_vs_count_section_css_select_5_2_0.png
Plotting 'rss' vs 'count_flow_content' for './results/rq1/20261002-2248-tailored-cssselect_tailored/run1/cssselect_tailored/summary.csv-function_name/css_select_5_1_0':
Saved plot to ./results/rq1/20261002-2248-tailored-cssselect_tailored/run1/cssselect_tailored/plots/rss_vs_count_flow_content_css_select_5_1_0.png
Plotting 'rss' vs 'count_flow_content' for './results/rq1/20261002-2248-tailored-cssselect_tailored/run1/cssselect_tailored/summary.csv-function_name/css_select_5_2_0':
Saved plot to ./results/rq1/20261002-2248-tailored-cssselect_tailored/run1/cssselect_tailored/plots/rss_vs_count_flow_content_css_select_5_2_0.png
For './results/rq1/20261002-2248-tailored-cssselect_tailored/run1/cssselect_tailored/summary.csv-function_name/css_select_5_1_0', feature 'count_flow_content' and metric 'rss': dropped 156 of 279 rows (censored, non-positive metric, or zero feature).
For './results/rq1/20261002-2248-tailored-cssselect_tailored/run1/cssselect_tailored/summary.csv-function_name/css_select_5_1_0', feature 'count_flow_content' and metric 'rss' the best fit is:
Best : Constant: time = 7.3E+07 (sec)                               
Constant: time = 7.3E+07 (sec)                                  (res: 0.19)
Linear: time = 7.3E+07 + -2.5E+03*n (sec)                       (res: 0.19)
Quadratic: time = 7.3E+07 + -1.1E+03*n^2 (sec)                  (res: 0.19)
Cubic: time = 7.3E+07 + -73*n^3 (sec)                           (res: 0.19)
Logarithmic: time = 7.3E+07 + 1.3E+05*log(n) (sec)              (res: 0.19)
Linearithmic: time = 7.3E+07 + -3.9E+03*n*log(n) (sec)          (res: 0.19)
Exponential: time = 7.3E+07 * 1^n (sec)                         (res: 0.19)

   [near-tie] within 10%: Logarithmic, Cubic, Quadratic, Linearithmic, Linear, Constant, Exponential -- chosen by the simplicity bias, not the data.
   [exponent] free-exponent fit: rss ~ count_flow_content ** 0.00
Saved fit model plot to ./results/rq1/20261002-2248-tailored-cssselect_tailored/run1/cssselect_tailored/plots/fitmodel_rss_vs_count_flow_content_css_select_5_1_0.png
For './results/rq1/20261002-2248-tailored-cssselect_tailored/run1/cssselect_tailored/summary.csv-function_name/css_select_5_2_0', feature 'count_flow_content' and metric 'rss': dropped 156 of 279 rows (censored, non-positive metric, or zero feature).
For './results/rq1/20261002-2248-tailored-cssselect_tailored/run1/cssselect_tailored/summary.csv-function_name/css_select_5_2_0', feature 'count_flow_content' and metric 'rss' the best fit is:
Best : Constant: time = 7.3E+07 (sec)                               
Constant: time = 7.3E+07 (sec)                                  (res: 0.15)
Linear: time = 7.3E+07 + -1.5E+04*n (sec)                       (res: 0.15)
Quadratic: time = 7.3E+07 + -1.4E+03*n^2 (sec)                  (res: 0.15)
Cubic: time = 7.3E+07 + -78*n^3 (sec)                           (res: 0.15)
Logarithmic: time = 7.3E+07 + 1.6E+04*log(n) (sec)              (res: 0.15)
Linearithmic: time = 7.3E+07 + -6.8E+03*n*log(n) (sec)          (res: 0.15)
Exponential: time = 7.3E+07 * 1^n (sec)                         (res: 0.15)

   [near-tie] within 10%: Cubic, Quadratic, Linearithmic, Linear, Logarithmic, Constant, Exponential -- chosen by the simplicity bias, not the data.
   [exponent] free-exponent fit: rss ~ count_flow_content ** 0.00
Saved fit model plot to ./results/rq1/20261002-2248-tailored-cssselect_tailored/run1/cssselect_tailored/plots/fitmodel_rss_vs_count_flow_content_css_select_5_2_0.png
Plotting 'rss' vs 'count_text_run' for './results/rq1/20261002-2248-tailored-cssselect_tailored/run1/cssselect_tailored/summary.csv-function_name/css_select_5_1_0':
Saved plot to ./results/rq1/20261002-2248-tailored-cssselect_tailored/run1/cssselect_tailored/plots/rss_vs_count_text_run_css_select_5_1_0.png
Plotting 'rss' vs 'count_text_run' for './results/rq1/20261002-2248-tailored-cssselect_tailored/run1/cssselect_tailored/summary.csv-function_name/css_select_5_2_0':
Saved plot to ./results/rq1/20261002-2248-tailored-cssselect_tailored/run1/cssselect_tailored/plots/rss_vs_count_text_run_css_select_5_2_0.png
For './results/rq1/20261002-2248-tailored-cssselect_tailored/run1/cssselect_tailored/summary.csv-function_name/css_select_5_1_0', feature 'count_text_run' and metric 'rss': dropped 25 of 279 rows (censored, non-positive metric, or zero feature).
For './results/rq1/20261002-2248-tailored-cssselect_tailored/run1/cssselect_tailored/summary.csv-function_name/css_select_5_1_0', feature 'count_text_run' and metric 'rss' the best fit is:
Best : Logarithmic: time = 7.6E+07 + -9.2E+05*log(n) (sec)          
Constant: time = 7.4E+07 (sec)                                  (res: 0.47)
Linear: time = 7.4E+07 + -2.7E+04*n (sec)                       (res: 0.46)
Quadratic: time = 7.4E+07 + 1.1E+02*n^2 (sec)                   (res: 0.47)
Cubic: time = 7.4E+07 + 3.1*n^3 (sec)                           (res: 0.46)
Logarithmic: time = 7.6E+07 + -9.2E+05*log(n) (sec)             (res: 0.39)
Linearithmic: time = 7.4E+07 + -3.8E+03*n*log(n) (sec)          (res: 0.47)
Exponential: time = 7.5E+07 * 1^n (sec)                         (res: 0.46)

   [exponent] free-exponent fit: rss ~ count_text_run ** -0.01
Saved fit model plot to ./results/rq1/20261002-2248-tailored-cssselect_tailored/run1/cssselect_tailored/plots/fitmodel_rss_vs_count_text_run_css_select_5_1_0.png
For './results/rq1/20261002-2248-tailored-cssselect_tailored/run1/cssselect_tailored/summary.csv-function_name/css_select_5_2_0', feature 'count_text_run' and metric 'rss': dropped 25 of 279 rows (censored, non-positive metric, or zero feature).
For './results/rq1/20261002-2248-tailored-cssselect_tailored/run1/cssselect_tailored/summary.csv-function_name/css_select_5_2_0', feature 'count_text_run' and metric 'rss' the best fit is:
Best : Logarithmic: time = 7.6E+07 + -9.4E+05*log(n) (sec)          
Constant: time = 7.4E+07 (sec)                                  (res: 0.43)
Linear: time = 7.5E+07 + -3.5E+04*n (sec)                       (res: 0.41)
Quadratic: time = 7.4E+07 + -51*n^2 (sec)                       (res: 0.43)
Cubic: time = 7.4E+07 + 1.3*n^3 (sec)                           (res: 0.43)
Logarithmic: time = 7.6E+07 + -9.4E+05*log(n) (sec)             (res: 0.34)
Linearithmic: time = 7.5E+07 + -6.1E+03*n*log(n) (sec)          (res: 0.42)
Exponential: time = 7.5E+07 * 1^n (sec)                         (res: 0.41)

   [exponent] free-exponent fit: rss ~ count_text_run ** -0.01
Saved fit model plot to ./results/rq1/20261002-2248-tailored-cssselect_tailored/run1/cssselect_tailored/plots/fitmodel_rss_vs_count_text_run_css_select_5_2_0.png
Plotting 'rss' vs 'count_tchar' for './results/rq1/20261002-2248-tailored-cssselect_tailored/run1/cssselect_tailored/summary.csv-function_name/css_select_5_1_0':
Saved plot to ./results/rq1/20261002-2248-tailored-cssselect_tailored/run1/cssselect_tailored/plots/rss_vs_count_tchar_css_select_5_1_0.png
Plotting 'rss' vs 'count_tchar' for './results/rq1/20261002-2248-tailored-cssselect_tailored/run1/cssselect_tailored/summary.csv-function_name/css_select_5_2_0':
Saved plot to ./results/rq1/20261002-2248-tailored-cssselect_tailored/run1/cssselect_tailored/plots/rss_vs_count_tchar_css_select_5_2_0.png
For './results/rq1/20261002-2248-tailored-cssselect_tailored/run1/cssselect_tailored/summary.csv-function_name/css_select_5_1_0', feature 'count_tchar' and metric 'rss': dropped 25 of 279 rows (censored, non-positive metric, or zero feature).
For './results/rq1/20261002-2248-tailored-cssselect_tailored/run1/cssselect_tailored/summary.csv-function_name/css_select_5_1_0', feature 'count_tchar' and metric 'rss' the best fit is:
Best : Logarithmic: time = 7.7E+07 + -7.9E+05*log(n) (sec)          
Constant: time = 7.4E+07 (sec)                                  (res: 0.47)
Linear: time = 7.4E+07 + -7E+02*n (sec)                         (res: 0.47)
Quadratic: time = 7.4E+07 + -0.1*n^2 (sec)                      (res: 0.47)
Cubic: time = 7.4E+07 + -2.1E-05*n^3 (sec)                      (res: 0.47)
Logarithmic: time = 7.7E+07 + -7.9E+05*log(n) (sec)             (res: 0.39)
Linearithmic: time = 7.4E+07 + -73*n*log(n) (sec)               (res: 0.47)
Exponential: time = 7.4E+07 * 1^n (sec)                         (res: 0.47)

   [exponent] free-exponent fit: rss ~ count_tchar ** -0.01
Saved fit model plot to ./results/rq1/20261002-2248-tailored-cssselect_tailored/run1/cssselect_tailored/plots/fitmodel_rss_vs_count_tchar_css_select_5_1_0.png
For './results/rq1/20261002-2248-tailored-cssselect_tailored/run1/cssselect_tailored/summary.csv-function_name/css_select_5_2_0', feature 'count_tchar' and metric 'rss': dropped 25 of 279 rows (censored, non-positive metric, or zero feature).
For './results/rq1/20261002-2248-tailored-cssselect_tailored/run1/cssselect_tailored/summary.csv-function_name/css_select_5_2_0', feature 'count_tchar' and metric 'rss' the best fit is:
Best : Logarithmic: time = 7.8E+07 + -7.9E+05*log(n) (sec)          
Constant: time = 7.4E+07 (sec)                                  (res: 0.43)
Linear: time = 7.4E+07 + -6.7E+02*n (sec)                       (res: 0.43)
Quadratic: time = 7.4E+07 + -0.089*n^2 (sec)                    (res: 0.43)
Cubic: time = 7.4E+07 + -1.6E-05*n^3 (sec)                      (res: 0.43)
Logarithmic: time = 7.8E+07 + -7.9E+05*log(n) (sec)             (res: 0.35)
Linearithmic: time = 7.4E+07 + -70*n*log(n) (sec)               (res: 0.43)
Exponential: time = 7.5E+07 * 1^n (sec)                         (res: 0.43)

   [exponent] free-exponent fit: rss ~ count_tchar ** -0.01
Saved fit model plot to ./results/rq1/20261002-2248-tailored-cssselect_tailored/run1/cssselect_tailored/plots/fitmodel_rss_vs_count_tchar_css_select_5_2_0.png
Plotting 'rss' vs 'count_flow_item' for './results/rq1/20261002-2248-tailored-cssselect_tailored/run1/cssselect_tailored/summary.csv-function_name/css_select_5_1_0':
Saved plot to ./results/rq1/20261002-2248-tailored-cssselect_tailored/run1/cssselect_tailored/plots/rss_vs_count_flow_item_css_select_5_1_0.png
Plotting 'rss' vs 'count_flow_item' for './results/rq1/20261002-2248-tailored-cssselect_tailored/run1/cssselect_tailored/summary.csv-function_name/css_select_5_2_0':
Saved plot to ./results/rq1/20261002-2248-tailored-cssselect_tailored/run1/cssselect_tailored/plots/rss_vs_count_flow_item_css_select_5_2_0.png
For './results/rq1/20261002-2248-tailored-cssselect_tailored/run1/cssselect_tailored/summary.csv-function_name/css_select_5_1_0', feature 'count_flow_item' and metric 'rss': dropped 181 of 279 rows (censored, non-positive metric, or zero feature).
For './results/rq1/20261002-2248-tailored-cssselect_tailored/run1/cssselect_tailored/summary.csv-function_name/css_select_5_1_0', feature 'count_flow_item' and metric 'rss' the best fit is:
Best : Constant: time = 7.3E+07 (sec)                               
Constant: time = 7.3E+07 (sec)                                  (res: 0.15)
Linear: time = 7.3E+07 + 4.5E+03*n (sec)                        (res: 0.15)
Quadratic: time = 7.3E+07 + 49*n^2 (sec)                        (res: 0.15)
Cubic: time = 7.3E+07 + 0.45*n^3 (sec)                          (res: 0.15)
Logarithmic: time = 7.3E+07 + 5.2E+03*log(n) (sec)              (res: 0.15)
Linearithmic: time = 7.3E+07 + 1E+03*n*log(n) (sec)             (res: 0.15)
Exponential: time = 7.3E+07 * 1^n (sec)                         (res: 0.15)

   [near-tie] within 10%: Cubic, Quadratic, Linearithmic, Linear, Logarithmic, Constant, Exponential -- chosen by the simplicity bias, not the data.
   [exponent] free-exponent fit: rss ~ count_flow_item ** 0.00
Saved fit model plot to ./results/rq1/20261002-2248-tailored-cssselect_tailored/run1/cssselect_tailored/plots/fitmodel_rss_vs_count_flow_item_css_select_5_1_0.png
For './results/rq1/20261002-2248-tailored-cssselect_tailored/run1/cssselect_tailored/summary.csv-function_name/css_select_5_2_0', feature 'count_flow_item' and metric 'rss': dropped 181 of 279 rows (censored, non-positive metric, or zero feature).
For './results/rq1/20261002-2248-tailored-cssselect_tailored/run1/cssselect_tailored/summary.csv-function_name/css_select_5_2_0', feature 'count_flow_item' and metric 'rss' the best fit is:
Best : Constant: time = 7.3E+07 (sec)                               
Constant: time = 7.3E+07 (sec)                                  (res: 0.11)
Linear: time = 7.3E+07 + -2.7E+03*n (sec)                       (res: 0.11)
Quadratic: time = 7.3E+07 + -3.6*n^2 (sec)                      (res: 0.11)
Cubic: time = 7.3E+07 + 0.083*n^3 (sec)                         (res: 0.11)
Logarithmic: time = 7.3E+07 + -1.9E+05*log(n) (sec)             (res: 0.11)
Linearithmic: time = 7.3E+07 + -4.4E+02*n*log(n) (sec)          (res: 0.11)
Exponential: time = 7.3E+07 * 1^n (sec)                         (res: 0.12)

   [near-tie] within 10%: Logarithmic, Linear, Linearithmic, Cubic, Quadratic, Constant, Exponential -- chosen by the simplicity bias, not the data.
   [exponent] free-exponent fit: rss ~ count_flow_item ** -0.00
Saved fit model plot to ./results/rq1/20261002-2248-tailored-cssselect_tailored/run1/cssselect_tailored/plots/fitmodel_rss_vs_count_flow_item_css_select_5_2_0.png
Plotting 'rss' vs 'count_input' for './results/rq1/20261002-2248-tailored-cssselect_tailored/run1/cssselect_tailored/summary.csv-function_name/css_select_5_1_0':
Saved plot to ./results/rq1/20261002-2248-tailored-cssselect_tailored/run1/cssselect_tailored/plots/rss_vs_count_input_css_select_5_1_0.png
Plotting 'rss' vs 'count_input' for './results/rq1/20261002-2248-tailored-cssselect_tailored/run1/cssselect_tailored/summary.csv-function_name/css_select_5_2_0':
Saved plot to ./results/rq1/20261002-2248-tailored-cssselect_tailored/run1/cssselect_tailored/plots/rss_vs_count_input_css_select_5_2_0.png
For './results/rq1/20261002-2248-tailored-cssselect_tailored/run1/cssselect_tailored/summary.csv-function_name/css_select_5_1_0', feature 'count_input' and metric 'rss': dropped 96 of 279 rows (censored, non-positive metric, or zero feature).
For './results/rq1/20261002-2248-tailored-cssselect_tailored/run1/cssselect_tailored/summary.csv-function_name/css_select_5_1_0', feature 'count_input' and metric 'rss' the best fit is:
Best : Linearithmic: time = 7.2E+07 + 2.2E+04*n*log(n) (sec)        
Constant: time = 7.3E+07 (sec)                                  (res: 0.26)
Linear: time = 7.2E+07 + 5.8E+04*n (sec)                        (res: 0.26)
Quadratic: time = 7.2E+07 + 3.2E+03*n^2 (sec)                   (res: 0.24)
Cubic: time = 7.3E+07 + 97*n^3 (sec)                            (res: 0.23)
Logarithmic: time = 7.3E+07 + -7.3E+03*log(n) (sec)             (res: 0.26)
Linearithmic: time = 7.2E+07 + 2.2E+04*n*log(n) (sec)           (res: 0.25)
Exponential: time = 7.2E+07 * 1^n (sec)                         (res: 0.26)

   [near-tie] within 10%: Cubic, Quadratic, Linearithmic -- chosen by the simplicity bias, not the data.
   [exponent] free-exponent fit: rss ~ count_input ** 0.00
Saved fit model plot to ./results/rq1/20261002-2248-tailored-cssselect_tailored/run1/cssselect_tailored/plots/fitmodel_rss_vs_count_input_css_select_5_1_0.png
For './results/rq1/20261002-2248-tailored-cssselect_tailored/run1/cssselect_tailored/summary.csv-function_name/css_select_5_2_0', feature 'count_input' and metric 'rss': dropped 96 of 279 rows (censored, non-positive metric, or zero feature).
For './results/rq1/20261002-2248-tailored-cssselect_tailored/run1/cssselect_tailored/summary.csv-function_name/css_select_5_2_0', feature 'count_input' and metric 'rss' the best fit is:
Best : Constant: time = 7.3E+07 (sec)                               
Constant: time = 7.3E+07 (sec)                                  (res: 0.22)
Linear: time = 7.3E+07 + 2.3E+04*n (sec)                        (res: 0.22)
Quadratic: time = 7.3E+07 + 1.8E+03*n^2 (sec)                   (res: 0.22)
Cubic: time = 7.3E+07 + 58*n^3 (sec)                            (res: 0.21)
Logarithmic: time = 7.4E+07 + -1.5E+05*log(n) (sec)             (res: 0.22)
Linearithmic: time = 7.3E+07 + 1E+04*n*log(n) (sec)             (res: 0.22)
Exponential: time = 7.3E+07 * 1^n (sec)                         (res: 0.22)

   [near-tie] within 10%: Cubic, Quadratic, Linearithmic, Linear, Logarithmic, Exponential, Constant -- chosen by the simplicity bias, not the data.
   [exponent] free-exponent fit: rss ~ count_input ** -0.00
Saved fit model plot to ./results/rq1/20261002-2248-tailored-cssselect_tailored/run1/cssselect_tailored/plots/fitmodel_rss_vs_count_input_css_select_5_2_0.png
Plotting 'rss' vs 'count_type_attr' for './results/rq1/20261002-2248-tailored-cssselect_tailored/run1/cssselect_tailored/summary.csv-function_name/css_select_5_1_0':
Saved plot to ./results/rq1/20261002-2248-tailored-cssselect_tailored/run1/cssselect_tailored/plots/rss_vs_count_type_attr_css_select_5_1_0.png
Plotting 'rss' vs 'count_type_attr' for './results/rq1/20261002-2248-tailored-cssselect_tailored/run1/cssselect_tailored/summary.csv-function_name/css_select_5_2_0':
Saved plot to ./results/rq1/20261002-2248-tailored-cssselect_tailored/run1/cssselect_tailored/plots/rss_vs_count_type_attr_css_select_5_2_0.png
For './results/rq1/20261002-2248-tailored-cssselect_tailored/run1/cssselect_tailored/summary.csv-function_name/css_select_5_1_0', feature 'count_type_attr' and metric 'rss': dropped 113 of 279 rows (censored, non-positive metric, or zero feature).
For './results/rq1/20261002-2248-tailored-cssselect_tailored/run1/cssselect_tailored/summary.csv-function_name/css_select_5_1_0', feature 'count_type_attr' and metric 'rss' the best fit is:
Best : Constant: time = 7.3E+07 (sec)                               
Constant: time = 7.3E+07 (sec)                                  (res: 0.25)
Linear: time = 7.3E+07 + 3.5E+04*n (sec)                        (res: 0.25)
Quadratic: time = 7.3E+07 + 7.2E+03*n^2 (sec)                   (res: 0.24)
Cubic: time = 7.3E+07 + 6.3E+02*n^3 (sec)                       (res: 0.23)
Logarithmic: time = 7.3E+07 + -2.1E+05*log(n) (sec)             (res: 0.25)
Linearithmic: time = 7.3E+07 + 2.2E+04*n*log(n) (sec)           (res: 0.24)
Exponential: time = 7.3E+07 * 1^n (sec)                         (res: 0.25)

   [near-tie] within 10%: Cubic, Quadratic, Linearithmic, Logarithmic, Linear, Constant, Exponential -- chosen by the simplicity bias, not the data.
   [exponent] free-exponent fit: rss ~ count_type_attr ** -0.00
Saved fit model plot to ./results/rq1/20261002-2248-tailored-cssselect_tailored/run1/cssselect_tailored/plots/fitmodel_rss_vs_count_type_attr_css_select_5_1_0.png
For './results/rq1/20261002-2248-tailored-cssselect_tailored/run1/cssselect_tailored/summary.csv-function_name/css_select_5_2_0', feature 'count_type_attr' and metric 'rss': dropped 113 of 279 rows (censored, non-positive metric, or zero feature).
For './results/rq1/20261002-2248-tailored-cssselect_tailored/run1/cssselect_tailored/summary.csv-function_name/css_select_5_2_0', feature 'count_type_attr' and metric 'rss' the best fit is:
Best : Constant: time = 7.3E+07 (sec)                               
Constant: time = 7.3E+07 (sec)                                  (res: 0.2)
Linear: time = 7.3E+07 + -3E+04*n (sec)                         (res: 0.2)
Quadratic: time = 7.3E+07 + 2E+03*n^2 (sec)                     (res: 0.2)
Cubic: time = 7.3E+07 + 3E+02*n^3 (sec)                         (res: 0.2)
Logarithmic: time = 7.4E+07 + -4.1E+05*log(n) (sec)             (res: 0.2)
Linearithmic: time = 7.3E+07 + -3.2E+03*n*log(n) (sec)          (res: 0.2)
Exponential: time = 7.4E+07 * 1^n (sec)                         (res: 0.2)

   [near-tie] within 10%: Cubic, Logarithmic, Quadratic, Linear, Linearithmic, Constant, Exponential -- chosen by the simplicity bias, not the data.
   [exponent] free-exponent fit: rss ~ count_type_attr ** -0.01
Saved fit model plot to ./results/rq1/20261002-2248-tailored-cssselect_tailored/run1/cssselect_tailored/plots/fitmodel_rss_vs_count_type_attr_css_select_5_2_0.png
Plotting 'rss' vs 'count_a' for './results/rq1/20261002-2248-tailored-cssselect_tailored/run1/cssselect_tailored/summary.csv-function_name/css_select_5_1_0':
Saved plot to ./results/rq1/20261002-2248-tailored-cssselect_tailored/run1/cssselect_tailored/plots/rss_vs_count_a_css_select_5_1_0.png
Plotting 'rss' vs 'count_a' for './results/rq1/20261002-2248-tailored-cssselect_tailored/run1/cssselect_tailored/summary.csv-function_name/css_select_5_2_0':
Saved plot to ./results/rq1/20261002-2248-tailored-cssselect_tailored/run1/cssselect_tailored/plots/rss_vs_count_a_css_select_5_2_0.png
For './results/rq1/20261002-2248-tailored-cssselect_tailored/run1/cssselect_tailored/summary.csv-function_name/css_select_5_1_0', feature 'count_a' and metric 'rss': dropped 94 of 279 rows (censored, non-positive metric, or zero feature).
For './results/rq1/20261002-2248-tailored-cssselect_tailored/run1/cssselect_tailored/summary.csv-function_name/css_select_5_1_0', feature 'count_a' and metric 'rss' the best fit is:
Best : Constant: time = 7.3E+07 (sec)                               
Constant: time = 7.3E+07 (sec)                                  (res: 0.27)
Linear: time = 7.3E+07 + 2.7E+04*n (sec)                        (res: 0.26)
Quadratic: time = 7.3E+07 + 2.5E+02*n^2 (sec)                   (res: 0.27)
Cubic: time = 7.3E+07 + 1.9*n^3 (sec)                           (res: 0.27)
Logarithmic: time = 7.2E+07 + 3.1E+05*log(n) (sec)              (res: 0.27)
Linearithmic: time = 7.3E+07 + 6E+03*n*log(n) (sec)             (res: 0.26)
Exponential: time = 7.3E+07 * 1^n (sec)                         (res: 0.26)

   [near-tie] within 10%: Linear, Linearithmic, Exponential, Quadratic, Logarithmic, Cubic, Constant -- chosen by the simplicity bias, not the data.
   [exponent] free-exponent fit: rss ~ count_a ** 0.00
Saved fit model plot to ./results/rq1/20261002-2248-tailored-cssselect_tailored/run1/cssselect_tailored/plots/fitmodel_rss_vs_count_a_css_select_5_1_0.png
For './results/rq1/20261002-2248-tailored-cssselect_tailored/run1/cssselect_tailored/summary.csv-function_name/css_select_5_2_0', feature 'count_a' and metric 'rss': dropped 94 of 279 rows (censored, non-positive metric, or zero feature).
For './results/rq1/20261002-2248-tailored-cssselect_tailored/run1/cssselect_tailored/summary.csv-function_name/css_select_5_2_0', feature 'count_a' and metric 'rss' the best fit is:
Best : Constant: time = 7.3E+07 (sec)                               
Constant: time = 7.3E+07 (sec)                                  (res: 0.23)
Linear: time = 7.3E+07 + 1.3E+04*n (sec)                        (res: 0.23)
Quadratic: time = 7.3E+07 + 1.2E+02*n^2 (sec)                   (res: 0.23)
Cubic: time = 7.3E+07 + 0.9*n^3 (sec)                           (res: 0.23)
Logarithmic: time = 7.3E+07 + 1.6E+05*log(n) (sec)              (res: 0.23)
Linearithmic: time = 7.3E+07 + 2.8E+03*n*log(n) (sec)           (res: 0.23)
Exponential: time = 7.3E+07 * 1^n (sec)                         (res: 0.23)

   [near-tie] within 10%: Linear, Linearithmic, Logarithmic, Quadratic, Exponential, Cubic, Constant -- chosen by the simplicity bias, not the data.
   [exponent] free-exponent fit: rss ~ count_a ** 0.00
Saved fit model plot to ./results/rq1/20261002-2248-tailored-cssselect_tailored/run1/cssselect_tailored/plots/fitmodel_rss_vs_count_a_css_select_5_2_0.png
Plotting 'rss' vs 'count_href_attr' for './results/rq1/20261002-2248-tailored-cssselect_tailored/run1/cssselect_tailored/summary.csv-function_name/css_select_5_1_0':
Saved plot to ./results/rq1/20261002-2248-tailored-cssselect_tailored/run1/cssselect_tailored/plots/rss_vs_count_href_attr_css_select_5_1_0.png
Plotting 'rss' vs 'count_href_attr' for './results/rq1/20261002-2248-tailored-cssselect_tailored/run1/cssselect_tailored/summary.csv-function_name/css_select_5_2_0':
Saved plot to ./results/rq1/20261002-2248-tailored-cssselect_tailored/run1/cssselect_tailored/plots/rss_vs_count_href_attr_css_select_5_2_0.png
For './results/rq1/20261002-2248-tailored-cssselect_tailored/run1/cssselect_tailored/summary.csv-function_name/css_select_5_1_0', feature 'count_href_attr' and metric 'rss': dropped 105 of 279 rows (censored, non-positive metric, or zero feature).
For './results/rq1/20261002-2248-tailored-cssselect_tailored/run1/cssselect_tailored/summary.csv-function_name/css_select_5_1_0', feature 'count_href_attr' and metric 'rss' the best fit is:
Best : Constant: time = 7.3E+07 (sec)                               
Constant: time = 7.3E+07 (sec)                                  (res: 0.25)
Linear: time = 7.2E+07 + 1.7E+05*n (sec)                        (res: 0.24)
Quadratic: time = 7.2E+07 + 1.1E+04*n^2 (sec)                   (res: 0.23)
Cubic: time = 7.3E+07 + 4.2E+02*n^3 (sec)                       (res: 0.23)
Logarithmic: time = 7.2E+07 + 5.1E+05*log(n) (sec)              (res: 0.24)
Linearithmic: time = 7.2E+07 + 6.4E+04*n*log(n) (sec)           (res: 0.23)
Exponential: time = 7.2E+07 * 1^n (sec)                         (res: 0.24)

   [near-tie] within 10%: Quadratic, Cubic, Linearithmic, Linear, Exponential, Logarithmic, Constant -- chosen by the simplicity bias, not the data.
   [exponent] free-exponent fit: rss ~ count_href_attr ** 0.01
Saved fit model plot to ./results/rq1/20261002-2248-tailored-cssselect_tailored/run1/cssselect_tailored/plots/fitmodel_rss_vs_count_href_attr_css_select_5_1_0.png
For './results/rq1/20261002-2248-tailored-cssselect_tailored/run1/cssselect_tailored/summary.csv-function_name/css_select_5_2_0', feature 'count_href_attr' and metric 'rss': dropped 105 of 279 rows (censored, non-positive metric, or zero feature).
For './results/rq1/20261002-2248-tailored-cssselect_tailored/run1/cssselect_tailored/summary.csv-function_name/css_select_5_2_0', feature 'count_href_attr' and metric 'rss' the best fit is:
Best : Constant: time = 7.3E+07 (sec)                               
Constant: time = 7.3E+07 (sec)                                  (res: 0.21)
Linear: time = 7.3E+07 + 1.1E+05*n (sec)                        (res: 0.2)
Quadratic: time = 7.3E+07 + 6.7E+03*n^2 (sec)                   (res: 0.2)
Cubic: time = 7.3E+07 + 2.6E+02*n^3 (sec)                       (res: 0.2)
Logarithmic: time = 7.3E+07 + 4.1E+05*log(n) (sec)              (res: 0.2)
Linearithmic: time = 7.3E+07 + 4.1E+04*n*log(n) (sec)           (res: 0.2)
Exponential: time = 7.3E+07 * 1^n (sec)                         (res: 0.2)

   [near-tie] within 10%: Quadratic, Cubic, Linearithmic, Linear, Exponential, Logarithmic, Constant -- chosen by the simplicity bias, not the data.
   [exponent] free-exponent fit: rss ~ count_href_attr ** 0.01
Saved fit model plot to ./results/rq1/20261002-2248-tailored-cssselect_tailored/run1/cssselect_tailored/plots/fitmodel_rss_vs_count_href_attr_css_select_5_2_0.png
Plotting 'rss' vs 'count_attrs' for './results/rq1/20261002-2248-tailored-cssselect_tailored/run1/cssselect_tailored/summary.csv-function_name/css_select_5_1_0':
Saved plot to ./results/rq1/20261002-2248-tailored-cssselect_tailored/run1/cssselect_tailored/plots/rss_vs_count_attrs_css_select_5_1_0.png
Plotting 'rss' vs 'count_attrs' for './results/rq1/20261002-2248-tailored-cssselect_tailored/run1/cssselect_tailored/summary.csv-function_name/css_select_5_2_0':
Saved plot to ./results/rq1/20261002-2248-tailored-cssselect_tailored/run1/cssselect_tailored/plots/rss_vs_count_attrs_css_select_5_2_0.png
For './results/rq1/20261002-2248-tailored-cssselect_tailored/run1/cssselect_tailored/summary.csv-function_name/css_select_5_1_0', feature 'count_attrs' and metric 'rss' the best fit is:
Best : Logarithmic: time = 7.5E+07 + -6.7E+05*log(n) (sec)          
Constant: time = 7.4E+07 (sec)                                  (res: 0.51)
Linear: time = 7.4E+07 + -1.5E+04*n (sec)                       (res: 0.5)
Quadratic: time = 7.4E+07 + 64*n^2 (sec)                        (res: 0.51)
Cubic: time = 7.4E+07 + 1.2*n^3 (sec)                           (res: 0.5)
Logarithmic: time = 7.5E+07 + -6.7E+05*log(n) (sec)             (res: 0.45)
Linearithmic: time = 7.4E+07 + -2E+03*n*log(n) (sec)            (res: 0.51)
Exponential: time = 7.4E+07 * 1^n (sec)                         (res: 0.5)

   [exponent] free-exponent fit: rss ~ count_attrs ** -0.01
Saved fit model plot to ./results/rq1/20261002-2248-tailored-cssselect_tailored/run1/cssselect_tailored/plots/fitmodel_rss_vs_count_attrs_css_select_5_1_0.png
For './results/rq1/20261002-2248-tailored-cssselect_tailored/run1/cssselect_tailored/summary.csv-function_name/css_select_5_2_0', feature 'count_attrs' and metric 'rss' the best fit is:
Best : Logarithmic: time = 7.6E+07 + -6.7E+05*log(n) (sec)          
Constant: time = 7.4E+07 (sec)                                  (res: 0.47)
Linear: time = 7.5E+07 + -2E+04*n (sec)                         (res: 0.46)
Quadratic: time = 7.4E+07 + -16*n^2 (sec)                       (res: 0.47)
Cubic: time = 7.4E+07 + 0.52*n^3 (sec)                          (res: 0.47)
Logarithmic: time = 7.6E+07 + -6.7E+05*log(n) (sec)             (res: 0.41)
Linearithmic: time = 7.4E+07 + -3.3E+03*n*log(n) (sec)          (res: 0.46)
Exponential: time = 7.5E+07 * 1^n (sec)                         (res: 0.46)

   [exponent] free-exponent fit: rss ~ count_attrs ** -0.01
Saved fit model plot to ./results/rq1/20261002-2248-tailored-cssselect_tailored/run1/cssselect_tailored/plots/fitmodel_rss_vs_count_attrs_css_select_5_2_0.png
Plotting 'rss' vs 'count_class_attr' for './results/rq1/20261002-2248-tailored-cssselect_tailored/run1/cssselect_tailored/summary.csv-function_name/css_select_5_1_0':
Saved plot to ./results/rq1/20261002-2248-tailored-cssselect_tailored/run1/cssselect_tailored/plots/rss_vs_count_class_attr_css_select_5_1_0.png
Plotting 'rss' vs 'count_class_attr' for './results/rq1/20261002-2248-tailored-cssselect_tailored/run1/cssselect_tailored/summary.csv-function_name/css_select_5_2_0':
Saved plot to ./results/rq1/20261002-2248-tailored-cssselect_tailored/run1/cssselect_tailored/plots/rss_vs_count_class_attr_css_select_5_2_0.png
For './results/rq1/20261002-2248-tailored-cssselect_tailored/run1/cssselect_tailored/summary.csv-function_name/css_select_5_1_0', feature 'count_class_attr' and metric 'rss': dropped 63 of 279 rows (censored, non-positive metric, or zero feature).
For './results/rq1/20261002-2248-tailored-cssselect_tailored/run1/cssselect_tailored/summary.csv-function_name/css_select_5_1_0', feature 'count_class_attr' and metric 'rss' the best fit is:
Best : Constant: time = 7.3E+07 (sec)                               
Constant: time = 7.3E+07 (sec)                                  (res: 0.33)
Linear: time = 7.3E+07 + -5.3E+03*n (sec)                       (res: 0.33)
Quadratic: time = 7.3E+07 + 9.4E+02*n^2 (sec)                   (res: 0.32)
Cubic: time = 7.3E+07 + 23*n^3 (sec)                            (res: 0.3)
Logarithmic: time = 7.4E+07 + -4.4E+05*log(n) (sec)             (res: 0.32)
Linearithmic: time = 7.3E+07 + 2.3E+03*n*log(n) (sec)           (res: 0.33)
Exponential: time = 7.3E+07 * 1^n (sec)                         (res: 0.33)

   [near-tie] within 10%: Cubic, Quadratic, Logarithmic, Linearithmic, Linear, Constant, Exponential -- chosen by the simplicity bias, not the data.
   [exponent] free-exponent fit: rss ~ count_class_attr ** -0.01
Saved fit model plot to ./results/rq1/20261002-2248-tailored-cssselect_tailored/run1/cssselect_tailored/plots/fitmodel_rss_vs_count_class_attr_css_select_5_1_0.png
For './results/rq1/20261002-2248-tailored-cssselect_tailored/run1/cssselect_tailored/summary.csv-function_name/css_select_5_2_0', feature 'count_class_attr' and metric 'rss': dropped 63 of 279 rows (censored, non-positive metric, or zero feature).
For './results/rq1/20261002-2248-tailored-cssselect_tailored/run1/cssselect_tailored/summary.csv-function_name/css_select_5_2_0', feature 'count_class_attr' and metric 'rss' the best fit is:
Best : Constant: time = 7.3E+07 (sec)                               
Constant: time = 7.3E+07 (sec)                                  (res: 0.29)
Linear: time = 7.4E+07 + -1.4E+04*n (sec)                       (res: 0.29)
Quadratic: time = 7.3E+07 + 5.1E+02*n^2 (sec)                   (res: 0.29)
Cubic: time = 7.3E+07 + 14*n^3 (sec)                            (res: 0.28)
Logarithmic: time = 7.4E+07 + -4.4E+05*log(n) (sec)             (res: 0.28)
Linearithmic: time = 7.3E+07 + -8.6E+02*n*log(n) (sec)          (res: 0.29)
Exponential: time = 7.4E+07 * 1^n (sec)                         (res: 0.29)

   [near-tie] within 10%: Cubic, Logarithmic, Quadratic, Linear, Exponential, Linearithmic, Constant -- chosen by the simplicity bias, not the data.
   [exponent] free-exponent fit: rss ~ count_class_attr ** -0.01
Saved fit model plot to ./results/rq1/20261002-2248-tailored-cssselect_tailored/run1/cssselect_tailored/plots/fitmodel_rss_vs_count_class_attr_css_select_5_2_0.png
Plotting 'rss' vs 'count_class_list' for './results/rq1/20261002-2248-tailored-cssselect_tailored/run1/cssselect_tailored/summary.csv-function_name/css_select_5_1_0':
Saved plot to ./results/rq1/20261002-2248-tailored-cssselect_tailored/run1/cssselect_tailored/plots/rss_vs_count_class_list_css_select_5_1_0.png
Plotting 'rss' vs 'count_class_list' for './results/rq1/20261002-2248-tailored-cssselect_tailored/run1/cssselect_tailored/summary.csv-function_name/css_select_5_2_0':
Saved plot to ./results/rq1/20261002-2248-tailored-cssselect_tailored/run1/cssselect_tailored/plots/rss_vs_count_class_list_css_select_5_2_0.png
For './results/rq1/20261002-2248-tailored-cssselect_tailored/run1/cssselect_tailored/summary.csv-function_name/css_select_5_1_0', feature 'count_class_list' and metric 'rss': dropped 63 of 279 rows (censored, non-positive metric, or zero feature).
For './results/rq1/20261002-2248-tailored-cssselect_tailored/run1/cssselect_tailored/summary.csv-function_name/css_select_5_1_0', feature 'count_class_list' and metric 'rss' the best fit is:
Best : Constant: time = 7.3E+07 (sec)                               
Constant: time = 7.3E+07 (sec)                                  (res: 0.33)
Linear: time = 7.3E+07 + -1.1E+03*n (sec)                       (res: 0.33)
Quadratic: time = 7.3E+07 + 2.2E+02*n^2 (sec)                   (res: 0.32)
Cubic: time = 7.3E+07 + 2.6*n^3 (sec)                           (res: 0.31)
Logarithmic: time = 7.4E+07 + -3.6E+05*log(n) (sec)             (res: 0.32)
Linearithmic: time = 7.3E+07 + 9.2E+02*n*log(n) (sec)           (res: 0.33)
Exponential: time = 7.3E+07 * 1^n (sec)                         (res: 0.33)

   [near-tie] within 10%: Cubic, Quadratic, Logarithmic, Linearithmic, Linear, Constant, Exponential -- chosen by the simplicity bias, not the data.
   [exponent] free-exponent fit: rss ~ count_class_list ** -0.00
Saved fit model plot to ./results/rq1/20261002-2248-tailored-cssselect_tailored/run1/cssselect_tailored/plots/fitmodel_rss_vs_count_class_list_css_select_5_1_0.png
For './results/rq1/20261002-2248-tailored-cssselect_tailored/run1/cssselect_tailored/summary.csv-function_name/css_select_5_2_0', feature 'count_class_list' and metric 'rss': dropped 63 of 279 rows (censored, non-positive metric, or zero feature).
For './results/rq1/20261002-2248-tailored-cssselect_tailored/run1/cssselect_tailored/summary.csv-function_name/css_select_5_2_0', feature 'count_class_list' and metric 'rss' the best fit is:
Best : Constant: time = 7.3E+07 (sec)                               
Constant: time = 7.3E+07 (sec)                                  (res: 0.29)
Linear: time = 7.4E+07 + -5.9E+03*n (sec)                       (res: 0.29)
Quadratic: time = 7.3E+07 + 1.1E+02*n^2 (sec)                   (res: 0.29)
Cubic: time = 7.3E+07 + 1.5*n^3 (sec)                           (res: 0.28)
Logarithmic: time = 7.4E+07 + -3.6E+05*log(n) (sec)             (res: 0.28)
Linearithmic: time = 7.3E+07 + -4.4E+02*n*log(n) (sec)          (res: 0.29)
Exponential: time = 7.4E+07 * 1^n (sec)                         (res: 0.29)

   [near-tie] within 10%: Logarithmic, Cubic, Quadratic, Linear, Linearithmic, Constant, Exponential -- chosen by the simplicity bias, not the data.
   [exponent] free-exponent fit: rss ~ count_class_list ** -0.00
Saved fit model plot to ./results/rq1/20261002-2248-tailored-cssselect_tailored/run1/cssselect_tailored/plots/fitmodel_rss_vs_count_class_list_css_select_5_2_0.png
Plotting 'rss' vs 'count_title_attr' for './results/rq1/20261002-2248-tailored-cssselect_tailored/run1/cssselect_tailored/summary.csv-function_name/css_select_5_1_0':
Saved plot to ./results/rq1/20261002-2248-tailored-cssselect_tailored/run1/cssselect_tailored/plots/rss_vs_count_title_attr_css_select_5_1_0.png
Plotting 'rss' vs 'count_title_attr' for './results/rq1/20261002-2248-tailored-cssselect_tailored/run1/cssselect_tailored/summary.csv-function_name/css_select_5_2_0':
Saved plot to ./results/rq1/20261002-2248-tailored-cssselect_tailored/run1/cssselect_tailored/plots/rss_vs_count_title_attr_css_select_5_2_0.png
For './results/rq1/20261002-2248-tailored-cssselect_tailored/run1/cssselect_tailored/summary.csv-function_name/css_select_5_1_0', feature 'count_title_attr' and metric 'rss': dropped 12 of 279 rows (censored, non-positive metric, or zero feature).
For './results/rq1/20261002-2248-tailored-cssselect_tailored/run1/cssselect_tailored/summary.csv-function_name/css_select_5_1_0', feature 'count_title_attr' and metric 'rss' the best fit is:
Best : Logarithmic: time = 7.5E+07 + -7.3E+05*log(n) (sec)          
Constant: time = 7.4E+07 (sec)                                  (res: 0.49)
Linear: time = 7.4E+07 + -3.1E+04*n (sec)                       (res: 0.48)
Quadratic: time = 7.4E+07 + 3.3E+02*n^2 (sec)                   (res: 0.49)
Cubic: time = 7.4E+07 + 13*n^3 (sec)                            (res: 0.47)
Logarithmic: time = 7.5E+07 + -7.3E+05*log(n) (sec)             (res: 0.44)
Linearithmic: time = 7.4E+07 + -4.4E+03*n*log(n) (sec)          (res: 0.49)
Exponential: time = 7.4E+07 * 1^n (sec)                         (res: 0.48)

   [near-tie] within 10%: Logarithmic, Cubic, Linear, Exponential -- chosen by the simplicity bias, not the data.
   [exponent] free-exponent fit: rss ~ count_title_attr ** -0.01
Saved fit model plot to ./results/rq1/20261002-2248-tailored-cssselect_tailored/run1/cssselect_tailored/plots/fitmodel_rss_vs_count_title_attr_css_select_5_1_0.png
For './results/rq1/20261002-2248-tailored-cssselect_tailored/run1/cssselect_tailored/summary.csv-function_name/css_select_5_2_0', feature 'count_title_attr' and metric 'rss': dropped 12 of 279 rows (censored, non-positive metric, or zero feature).
For './results/rq1/20261002-2248-tailored-cssselect_tailored/run1/cssselect_tailored/summary.csv-function_name/css_select_5_2_0', feature 'count_title_attr' and metric 'rss' the best fit is:
Best : Logarithmic: time = 7.5E+07 + -7.3E+05*log(n) (sec)          
Constant: time = 7.4E+07 (sec)                                  (res: 0.45)
Linear: time = 7.5E+07 + -4.1E+04*n (sec)                       (res: 0.43)
Quadratic: time = 7.4E+07 + -54*n^2 (sec)                       (res: 0.45)
Cubic: time = 7.4E+07 + 6.1*n^3 (sec)                           (res: 0.44)
Logarithmic: time = 7.5E+07 + -7.3E+05*log(n) (sec)             (res: 0.4)
Linearithmic: time = 7.4E+07 + -7.8E+03*n*log(n) (sec)          (res: 0.44)
Exponential: time = 7.5E+07 * 1^n (sec)                         (res: 0.43)

   [near-tie] within 10%: Logarithmic, Linear, Exponential -- chosen by the simplicity bias, not the data.
   [exponent] free-exponent fit: rss ~ count_title_attr ** -0.01
Saved fit model plot to ./results/rq1/20261002-2248-tailored-cssselect_tailored/run1/cssselect_tailored/plots/fitmodel_rss_vs_count_title_attr_css_select_5_2_0.png
Plotting 'rss' vs 'count_lang_attr' for './results/rq1/20261002-2248-tailored-cssselect_tailored/run1/cssselect_tailored/summary.csv-function_name/css_select_5_1_0':
Saved plot to ./results/rq1/20261002-2248-tailored-cssselect_tailored/run1/cssselect_tailored/plots/rss_vs_count_lang_attr_css_select_5_1_0.png
Plotting 'rss' vs 'count_lang_attr' for './results/rq1/20261002-2248-tailored-cssselect_tailored/run1/cssselect_tailored/summary.csv-function_name/css_select_5_2_0':
Saved plot to ./results/rq1/20261002-2248-tailored-cssselect_tailored/run1/cssselect_tailored/plots/rss_vs_count_lang_attr_css_select_5_2_0.png
For './results/rq1/20261002-2248-tailored-cssselect_tailored/run1/cssselect_tailored/summary.csv-function_name/css_select_5_1_0', feature 'count_lang_attr' and metric 'rss': dropped 73 of 279 rows (censored, non-positive metric, or zero feature).
For './results/rq1/20261002-2248-tailored-cssselect_tailored/run1/cssselect_tailored/summary.csv-function_name/css_select_5_1_0', feature 'count_lang_attr' and metric 'rss' the best fit is:
Best : Logarithmic: time = 7.2E+07 + 2.7E+05*log(n) (sec)           
Constant: time = 7.3E+07 (sec)                                  (res: 0.3)
Linear: time = 7.2E+07 + 4.1E+04*n (sec)                        (res: 0.3)
Quadratic: time = 7.2E+07 + 1.4E+03*n^2 (sec)                   (res: 0.28)
Cubic: time = 7.3E+07 + 27*n^3 (sec)                            (res: 0.27)
Logarithmic: time = 7.2E+07 + 2.7E+05*log(n) (sec)              (res: 0.3)
Linearithmic: time = 7.2E+07 + 1.2E+04*n*log(n) (sec)           (res: 0.29)
Exponential: time = 7.2E+07 * 1^n (sec)                         (res: 0.3)

   [near-tie] within 10%: Cubic, Quadratic, Linearithmic, Linear, Exponential, Logarithmic -- chosen by the simplicity bias, not the data.
   [exponent] free-exponent fit: rss ~ count_lang_attr ** 0.00
Saved fit model plot to ./results/rq1/20261002-2248-tailored-cssselect_tailored/run1/cssselect_tailored/plots/fitmodel_rss_vs_count_lang_attr_css_select_5_1_0.png
For './results/rq1/20261002-2248-tailored-cssselect_tailored/run1/cssselect_tailored/summary.csv-function_name/css_select_5_2_0', feature 'count_lang_attr' and metric 'rss': dropped 73 of 279 rows (censored, non-positive metric, or zero feature).
For './results/rq1/20261002-2248-tailored-cssselect_tailored/run1/cssselect_tailored/summary.csv-function_name/css_select_5_2_0', feature 'count_lang_attr' and metric 'rss' the best fit is:
Best : Constant: time = 7.3E+07 (sec)                               
Constant: time = 7.3E+07 (sec)                                  (res: 0.27)
Linear: time = 7.3E+07 + 2.4E+04*n (sec)                        (res: 0.27)
Quadratic: time = 7.3E+07 + 8.3E+02*n^2 (sec)                   (res: 0.27)
Cubic: time = 7.3E+07 + 17*n^3 (sec)                            (res: 0.26)
Logarithmic: time = 7.3E+07 + 2.2E+05*log(n) (sec)              (res: 0.27)
Linearithmic: time = 7.3E+07 + 7E+03*n*log(n) (sec)             (res: 0.27)
Exponential: time = 7.3E+07 * 1^n (sec)                         (res: 0.27)

   [near-tie] within 10%: Cubic, Quadratic, Linearithmic, Linear, Logarithmic, Exponential, Constant -- chosen by the simplicity bias, not the data.
   [exponent] free-exponent fit: rss ~ count_lang_attr ** 0.00
Saved fit model plot to ./results/rq1/20261002-2248-tailored-cssselect_tailored/run1/cssselect_tailored/plots/fitmodel_rss_vs_count_lang_attr_css_select_5_2_0.png
Plotting 'rss' vs 'count_id_attr' for './results/rq1/20261002-2248-tailored-cssselect_tailored/run1/cssselect_tailored/summary.csv-function_name/css_select_5_1_0':
Saved plot to ./results/rq1/20261002-2248-tailored-cssselect_tailored/run1/cssselect_tailored/plots/rss_vs_count_id_attr_css_select_5_1_0.png
Plotting 'rss' vs 'count_id_attr' for './results/rq1/20261002-2248-tailored-cssselect_tailored/run1/cssselect_tailored/summary.csv-function_name/css_select_5_2_0':
Saved plot to ./results/rq1/20261002-2248-tailored-cssselect_tailored/run1/cssselect_tailored/plots/rss_vs_count_id_attr_css_select_5_2_0.png
For './results/rq1/20261002-2248-tailored-cssselect_tailored/run1/cssselect_tailored/summary.csv-function_name/css_select_5_1_0', feature 'count_id_attr' and metric 'rss': dropped 45 of 279 rows (censored, non-positive metric, or zero feature).
For './results/rq1/20261002-2248-tailored-cssselect_tailored/run1/cssselect_tailored/summary.csv-function_name/css_select_5_1_0', feature 'count_id_attr' and metric 'rss' the best fit is:
Best : Logarithmic: time = 7.6E+07 + -9.7E+05*log(n) (sec)          
Constant: time = 7.4E+07 (sec)                                  (res: 0.43)
Linear: time = 7.4E+07 + -2.5E+04*n (sec)                       (res: 0.42)
Quadratic: time = 7.3E+07 + 5E+02*n^2 (sec)                     (res: 0.42)
Cubic: time = 7.3E+07 + 9.5*n^3 (sec)                           (res: 0.4)
Logarithmic: time = 7.6E+07 + -9.7E+05*log(n) (sec)             (res: 0.36)
Linearithmic: time = 7.4E+07 + -1.4E+03*n*log(n) (sec)          (res: 0.43)
Exponential: time = 7.4E+07 * 1^n (sec)                         (res: 0.42)

   [exponent] free-exponent fit: rss ~ count_id_attr ** -0.01
Saved fit model plot to ./results/rq1/20261002-2248-tailored-cssselect_tailored/run1/cssselect_tailored/plots/fitmodel_rss_vs_count_id_attr_css_select_5_1_0.png
For './results/rq1/20261002-2248-tailored-cssselect_tailored/run1/cssselect_tailored/summary.csv-function_name/css_select_5_2_0', feature 'count_id_attr' and metric 'rss': dropped 45 of 279 rows (censored, non-positive metric, or zero feature).
For './results/rq1/20261002-2248-tailored-cssselect_tailored/run1/cssselect_tailored/summary.csv-function_name/css_select_5_2_0', feature 'count_id_attr' and metric 'rss' the best fit is:
Best : Logarithmic: time = 7.6E+07 + -1E+06*log(n) (sec)            
Constant: time = 7.4E+07 (sec)                                  (res: 0.4)
Linear: time = 7.5E+07 + -4E+04*n (sec)                         (res: 0.38)
Quadratic: time = 7.4E+07 + 1.8E+02*n^2 (sec)                   (res: 0.4)
Cubic: time = 7.4E+07 + 5.5*n^3 (sec)                           (res: 0.39)
Logarithmic: time = 7.6E+07 + -1E+06*log(n) (sec)               (res: 0.33)
Linearithmic: time = 7.4E+07 + -5.7E+03*n*log(n) (sec)          (res: 0.39)
Exponential: time = 7.5E+07 * 1^n (sec)                         (res: 0.39)

   [exponent] free-exponent fit: rss ~ count_id_attr ** -0.01
Saved fit model plot to ./results/rq1/20261002-2248-tailored-cssselect_tailored/run1/cssselect_tailored/plots/fitmodel_rss_vs_count_id_attr_css_select_5_2_0.png
Plotting 'rss' vs 'count_phrasing_element' for './results/rq1/20261002-2248-tailored-cssselect_tailored/run1/cssselect_tailored/summary.csv-function_name/css_select_5_1_0':
Saved plot to ./results/rq1/20261002-2248-tailored-cssselect_tailored/run1/cssselect_tailored/plots/rss_vs_count_phrasing_element_css_select_5_1_0.png
Plotting 'rss' vs 'count_phrasing_element' for './results/rq1/20261002-2248-tailored-cssselect_tailored/run1/cssselect_tailored/summary.csv-function_name/css_select_5_2_0':
Saved plot to ./results/rq1/20261002-2248-tailored-cssselect_tailored/run1/cssselect_tailored/plots/rss_vs_count_phrasing_element_css_select_5_2_0.png
For './results/rq1/20261002-2248-tailored-cssselect_tailored/run1/cssselect_tailored/summary.csv-function_name/css_select_5_1_0', feature 'count_phrasing_element' and metric 'rss': dropped 87 of 279 rows (censored, non-positive metric, or zero feature).
For './results/rq1/20261002-2248-tailored-cssselect_tailored/run1/cssselect_tailored/summary.csv-function_name/css_select_5_1_0', feature 'count_phrasing_element' and metric 'rss' the best fit is:
Best : Quadratic: time = 7.3E+07 + 4E+03*n^2 (sec)                  
Constant: time = 7.3E+07 (sec)                                  (res: 0.27)
Linear: time = 7.3E+07 + 4.9E+04*n (sec)                        (res: 0.27)
Quadratic: time = 7.3E+07 + 4E+03*n^2 (sec)                     (res: 0.25)
Cubic: time = 7.3E+07 + 1.6E+02*n^3 (sec)                       (res: 0.24)
Logarithmic: time = 7.3E+07 + -1.3E+05*log(n) (sec)             (res: 0.27)
Linearithmic: time = 7.3E+07 + 2.1E+04*n*log(n) (sec)           (res: 0.26)
Exponential: time = 7.3E+07 * 1^n (sec)                         (res: 0.27)

   [near-tie] within 10%: Cubic, Quadratic -- chosen by the simplicity bias, not the data.
   [exponent] free-exponent fit: rss ~ count_phrasing_element ** -0.00
Saved fit model plot to ./results/rq1/20261002-2248-tailored-cssselect_tailored/run1/cssselect_tailored/plots/fitmodel_rss_vs_count_phrasing_element_css_select_5_1_0.png
For './results/rq1/20261002-2248-tailored-cssselect_tailored/run1/cssselect_tailored/summary.csv-function_name/css_select_5_2_0', feature 'count_phrasing_element' and metric 'rss': dropped 87 of 279 rows (censored, non-positive metric, or zero feature).
For './results/rq1/20261002-2248-tailored-cssselect_tailored/run1/cssselect_tailored/summary.csv-function_name/css_select_5_2_0', feature 'count_phrasing_element' and metric 'rss' the best fit is:
Best : Constant: time = 7.3E+07 (sec)                               
Constant: time = 7.3E+07 (sec)                                  (res: 0.24)
Linear: time = 7.3E+07 + 1.7E+04*n (sec)                        (res: 0.24)
Quadratic: time = 7.3E+07 + 2E+03*n^2 (sec)                     (res: 0.23)
Cubic: time = 7.3E+07 + 78*n^3 (sec)                            (res: 0.23)
Logarithmic: time = 7.4E+07 + -1.7E+05*log(n) (sec)             (res: 0.23)
Linearithmic: time = 7.3E+07 + 9.4E+03*n*log(n) (sec)           (res: 0.23)
Exponential: time = 7.3E+07 * 1^n (sec)                         (res: 0.24)

   [near-tie] within 10%: Cubic, Quadratic, Linearithmic, Logarithmic, Linear, Constant, Exponential -- chosen by the simplicity bias, not the data.
   [exponent] free-exponent fit: rss ~ count_phrasing_element ** -0.00
Saved fit model plot to ./results/rq1/20261002-2248-tailored-cssselect_tailored/run1/cssselect_tailored/plots/fitmodel_rss_vs_count_phrasing_element_css_select_5_2_0.png
Plotting 'rss' vs 'count_b' for './results/rq1/20261002-2248-tailored-cssselect_tailored/run1/cssselect_tailored/summary.csv-function_name/css_select_5_1_0':
Saved plot to ./results/rq1/20261002-2248-tailored-cssselect_tailored/run1/cssselect_tailored/plots/rss_vs_count_b_css_select_5_1_0.png
Plotting 'rss' vs 'count_b' for './results/rq1/20261002-2248-tailored-cssselect_tailored/run1/cssselect_tailored/summary.csv-function_name/css_select_5_2_0':
Saved plot to ./results/rq1/20261002-2248-tailored-cssselect_tailored/run1/cssselect_tailored/plots/rss_vs_count_b_css_select_5_2_0.png
For './results/rq1/20261002-2248-tailored-cssselect_tailored/run1/cssselect_tailored/summary.csv-function_name/css_select_5_1_0', feature 'count_b' and metric 'rss': dropped 115 of 279 rows (censored, non-positive metric, or zero feature).
For './results/rq1/20261002-2248-tailored-cssselect_tailored/run1/cssselect_tailored/summary.csv-function_name/css_select_5_1_0', feature 'count_b' and metric 'rss' the best fit is:
Best : Constant: time = 7.3E+07 (sec)                               
Constant: time = 7.3E+07 (sec)                                  (res: 0.23)
Linear: time = 7.3E+07 + 1.6E+05*n (sec)                        (res: 0.23)
Quadratic: time = 7.3E+07 + 2.4E+04*n^2 (sec)                   (res: 0.22)
Cubic: time = 7.3E+07 + 2.4E+03*n^3 (sec)                       (res: 0.21)
Logarithmic: time = 7.3E+07 + 1.5E+05*log(n) (sec)              (res: 0.23)
Linearithmic: time = 7.3E+07 + 8.4E+04*n*log(n) (sec)           (res: 0.22)
Exponential: time = 7.3E+07 * 1^n (sec)                         (res: 0.23)

   [near-tie] within 10%: Cubic, Quadratic, Linearithmic, Linear, Exponential, Logarithmic, Constant -- chosen by the simplicity bias, not the data.
   [exponent] free-exponent fit: rss ~ count_b ** 0.00
Saved fit model plot to ./results/rq1/20261002-2248-tailored-cssselect_tailored/run1/cssselect_tailored/plots/fitmodel_rss_vs_count_b_css_select_5_1_0.png
For './results/rq1/20261002-2248-tailored-cssselect_tailored/run1/cssselect_tailored/summary.csv-function_name/css_select_5_2_0', feature 'count_b' and metric 'rss': dropped 115 of 279 rows (censored, non-positive metric, or zero feature).
For './results/rq1/20261002-2248-tailored-cssselect_tailored/run1/cssselect_tailored/summary.csv-function_name/css_select_5_2_0', feature 'count_b' and metric 'rss' the best fit is:
Best : Constant: time = 7.3E+07 (sec)                               
Constant: time = 7.3E+07 (sec)                                  (res: 0.19)
Linear: time = 7.3E+07 + 1.1E+05*n (sec)                        (res: 0.19)
Quadratic: time = 7.3E+07 + 1.4E+04*n^2 (sec)                   (res: 0.19)
Cubic: time = 7.3E+07 + 1.2E+03*n^3 (sec)                       (res: 0.19)
Logarithmic: time = 7.3E+07 + 1.3E+05*log(n) (sec)              (res: 0.19)
Linearithmic: time = 7.3E+07 + 5.4E+04*n*log(n) (sec)           (res: 0.19)
Exponential: time = 7.3E+07 * 1^n (sec)                         (res: 0.19)

   [near-tie] within 10%: Cubic, Quadratic, Linearithmic, Linear, Exponential, Logarithmic, Constant -- chosen by the simplicity bias, not the data.
   [exponent] free-exponent fit: rss ~ count_b ** 0.00
Saved fit model plot to ./results/rq1/20261002-2248-tailored-cssselect_tailored/run1/cssselect_tailored/plots/fitmodel_rss_vs_count_b_css_select_5_2_0.png
Plotting 'rss' vs 'count_em' for './results/rq1/20261002-2248-tailored-cssselect_tailored/run1/cssselect_tailored/summary.csv-function_name/css_select_5_1_0':
Saved plot to ./results/rq1/20261002-2248-tailored-cssselect_tailored/run1/cssselect_tailored/plots/rss_vs_count_em_css_select_5_1_0.png
Plotting 'rss' vs 'count_em' for './results/rq1/20261002-2248-tailored-cssselect_tailored/run1/cssselect_tailored/summary.csv-function_name/css_select_5_2_0':
Saved plot to ./results/rq1/20261002-2248-tailored-cssselect_tailored/run1/cssselect_tailored/plots/rss_vs_count_em_css_select_5_2_0.png
For './results/rq1/20261002-2248-tailored-cssselect_tailored/run1/cssselect_tailored/summary.csv-function_name/css_select_5_1_0', feature 'count_em' and metric 'rss': dropped 113 of 279 rows (censored, non-positive metric, or zero feature).
For './results/rq1/20261002-2248-tailored-cssselect_tailored/run1/cssselect_tailored/summary.csv-function_name/css_select_5_1_0', feature 'count_em' and metric 'rss' the best fit is:
Best : Constant: time = 7.3E+07 (sec)                               
Constant: time = 7.3E+07 (sec)                                  (res: 0.25)
Linear: time = 7.3E+07 + 1.2E+05*n (sec)                        (res: 0.24)
Quadratic: time = 7.3E+07 + 2.5E+04*n^2 (sec)                   (res: 0.23)
Cubic: time = 7.3E+07 + 3.1E+03*n^3 (sec)                       (res: 0.22)
Logarithmic: time = 7.3E+07 + -9.7E+04*log(n) (sec)             (res: 0.25)
Linearithmic: time = 7.3E+07 + 7.4E+04*n*log(n) (sec)           (res: 0.24)
Exponential: time = 7.3E+07 * 1^n (sec)                         (res: 0.24)

   [near-tie] within 10%: Cubic, Quadratic, Linearithmic, Linear, Exponential, Logarithmic, Constant -- chosen by the simplicity bias, not the data.
   [exponent] free-exponent fit: rss ~ count_em ** -0.00
Saved fit model plot to ./results/rq1/20261002-2248-tailored-cssselect_tailored/run1/cssselect_tailored/plots/fitmodel_rss_vs_count_em_css_select_5_1_0.png
For './results/rq1/20261002-2248-tailored-cssselect_tailored/run1/cssselect_tailored/summary.csv-function_name/css_select_5_2_0', feature 'count_em' and metric 'rss': dropped 113 of 279 rows (censored, non-positive metric, or zero feature).
For './results/rq1/20261002-2248-tailored-cssselect_tailored/run1/cssselect_tailored/summary.csv-function_name/css_select_5_2_0', feature 'count_em' and metric 'rss' the best fit is:
Best : Constant: time = 7.3E+07 (sec)                               
Constant: time = 7.3E+07 (sec)                                  (res: 0.21)
Linear: time = 7.3E+07 + 1.6E+04*n (sec)                        (res: 0.21)
Quadratic: time = 7.3E+07 + 8.2E+03*n^2 (sec)                   (res: 0.21)
Cubic: time = 7.3E+07 + 1E+03*n^3 (sec)                         (res: 0.2)
Logarithmic: time = 7.4E+07 + -2.7E+05*log(n) (sec)             (res: 0.21)
Linearithmic: time = 7.3E+07 + 2.1E+04*n*log(n) (sec)           (res: 0.21)
Exponential: time = 7.4E+07 * 1^n (sec)                         (res: 0.21)

   [near-tie] within 10%: Cubic, Quadratic, Logarithmic, Linearithmic, Linear, Constant, Exponential -- chosen by the simplicity bias, not the data.
   [exponent] free-exponent fit: rss ~ count_em ** -0.00
Saved fit model plot to ./results/rq1/20261002-2248-tailored-cssselect_tailored/run1/cssselect_tailored/plots/fitmodel_rss_vs_count_em_css_select_5_2_0.png
Plotting 'rss' vs 'count_span' for './results/rq1/20261002-2248-tailored-cssselect_tailored/run1/cssselect_tailored/summary.csv-function_name/css_select_5_1_0':
Saved plot to ./results/rq1/20261002-2248-tailored-cssselect_tailored/run1/cssselect_tailored/plots/rss_vs_count_span_css_select_5_1_0.png
Plotting 'rss' vs 'count_span' for './results/rq1/20261002-2248-tailored-cssselect_tailored/run1/cssselect_tailored/summary.csv-function_name/css_select_5_2_0':
Saved plot to ./results/rq1/20261002-2248-tailored-cssselect_tailored/run1/cssselect_tailored/plots/rss_vs_count_span_css_select_5_2_0.png
For './results/rq1/20261002-2248-tailored-cssselect_tailored/run1/cssselect_tailored/summary.csv-function_name/css_select_5_1_0', feature 'count_span' and metric 'rss': dropped 125 of 279 rows (censored, non-positive metric, or zero feature).
For './results/rq1/20261002-2248-tailored-cssselect_tailored/run1/cssselect_tailored/summary.csv-function_name/css_select_5_1_0', feature 'count_span' and metric 'rss' the best fit is:
Best : Linearithmic: time = 7.2E+07 + 1.6E+05*n*log(n) (sec)        
Constant: time = 7.3E+07 (sec)                                  (res: 0.22)
Linear: time = 7.2E+07 + 3.5E+05*n (sec)                        (res: 0.2)
Quadratic: time = 7.2E+07 + 3.9E+04*n^2 (sec)                   (res: 0.19)
Cubic: time = 7.2E+07 + 3.2E+03*n^3 (sec)                       (res: 0.18)
Logarithmic: time = 7.2E+07 + 6.6E+05*log(n) (sec)              (res: 0.22)
Linearithmic: time = 7.2E+07 + 1.6E+05*n*log(n) (sec)           (res: 0.2)
Exponential: time = 7.2E+07 * 1^n (sec)                         (res: 0.2)

   [near-tie] within 10%: Cubic, Quadratic, Linearithmic -- chosen by the simplicity bias, not the data.
   [exponent] free-exponent fit: rss ~ count_span ** 0.01
Saved fit model plot to ./results/rq1/20261002-2248-tailored-cssselect_tailored/run1/cssselect_tailored/plots/fitmodel_rss_vs_count_span_css_select_5_1_0.png
For './results/rq1/20261002-2248-tailored-cssselect_tailored/run1/cssselect_tailored/summary.csv-function_name/css_select_5_2_0', feature 'count_span' and metric 'rss': dropped 125 of 279 rows (censored, non-positive metric, or zero feature).
For './results/rq1/20261002-2248-tailored-cssselect_tailored/run1/cssselect_tailored/summary.csv-function_name/css_select_5_2_0', feature 'count_span' and metric 'rss' the best fit is:
Best : Constant: time = 7.3E+07 (sec)                               
Constant: time = 7.3E+07 (sec)                                  (res: 0.2)
Linear: time = 7.2E+07 + 1.9E+05*n (sec)                        (res: 0.19)
Quadratic: time = 7.3E+07 + 2.2E+04*n^2 (sec)                   (res: 0.19)
Cubic: time = 7.3E+07 + 1.9E+03*n^3 (sec)                       (res: 0.18)
Logarithmic: time = 7.3E+07 + 3.6E+05*log(n) (sec)              (res: 0.2)
Linearithmic: time = 7.3E+07 + 8.9E+04*n*log(n) (sec)           (res: 0.19)
Exponential: time = 7.3E+07 * 1^n (sec)                         (res: 0.19)

   [near-tie] within 10%: Cubic, Quadratic, Linearithmic, Linear, Exponential, Logarithmic, Constant -- chosen by the simplicity bias, not the data.
   [exponent] free-exponent fit: rss ~ count_span ** 0.00
Saved fit model plot to ./results/rq1/20261002-2248-tailored-cssselect_tailored/run1/cssselect_tailored/plots/fitmodel_rss_vs_count_span_css_select_5_2_0.png
Plotting 'rss' vs 'count_p' for './results/rq1/20261002-2248-tailored-cssselect_tailored/run1/cssselect_tailored/summary.csv-function_name/css_select_5_1_0':
Saved plot to ./results/rq1/20261002-2248-tailored-cssselect_tailored/run1/cssselect_tailored/plots/rss_vs_count_p_css_select_5_1_0.png
Plotting 'rss' vs 'count_p' for './results/rq1/20261002-2248-tailored-cssselect_tailored/run1/cssselect_tailored/summary.csv-function_name/css_select_5_2_0':
Saved plot to ./results/rq1/20261002-2248-tailored-cssselect_tailored/run1/cssselect_tailored/plots/rss_vs_count_p_css_select_5_2_0.png
For './results/rq1/20261002-2248-tailored-cssselect_tailored/run1/cssselect_tailored/summary.csv-function_name/css_select_5_1_0', feature 'count_p' and metric 'rss': dropped 123 of 279 rows (censored, non-positive metric, or zero feature).
For './results/rq1/20261002-2248-tailored-cssselect_tailored/run1/cssselect_tailored/summary.csv-function_name/css_select_5_1_0', feature 'count_p' and metric 'rss' the best fit is:
Best : Constant: time = 7.3E+07 (sec)                               
Constant: time = 7.3E+07 (sec)                                  (res: 0.25)
Linear: time = 7.3E+07 + -2.8E+04*n (sec)                       (res: 0.25)
Quadratic: time = 7.3E+07 + 4.3E+03*n^2 (sec)                   (res: 0.25)
Cubic: time = 7.3E+07 + 5.1E+02*n^3 (sec)                       (res: 0.25)
Logarithmic: time = 7.4E+07 + -4.7E+05*log(n) (sec)             (res: 0.25)
Linearithmic: time = 7.3E+07 + 4.4E+03*n*log(n) (sec)           (res: 0.25)
Exponential: time = 7.4E+07 * 1^n (sec)                         (res: 0.26)

   [near-tie] within 10%: Logarithmic, Cubic, Quadratic, Linear, Linearithmic, Constant, Exponential -- chosen by the simplicity bias, not the data.
   [exponent] free-exponent fit: rss ~ count_p ** -0.01
Saved fit model plot to ./results/rq1/20261002-2248-tailored-cssselect_tailored/run1/cssselect_tailored/plots/fitmodel_rss_vs_count_p_css_select_5_1_0.png
For './results/rq1/20261002-2248-tailored-cssselect_tailored/run1/cssselect_tailored/summary.csv-function_name/css_select_5_2_0', feature 'count_p' and metric 'rss': dropped 123 of 279 rows (censored, non-positive metric, or zero feature).
For './results/rq1/20261002-2248-tailored-cssselect_tailored/run1/cssselect_tailored/summary.csv-function_name/css_select_5_2_0', feature 'count_p' and metric 'rss' the best fit is:
Best : Constant: time = 7.4E+07 (sec)                               
Constant: time = 7.4E+07 (sec)                                  (res: 0.22)
Linear: time = 7.4E+07 + -7.8E+04*n (sec)                       (res: 0.22)
Quadratic: time = 7.4E+07 + -1.8E+02*n^2 (sec)                  (res: 0.22)
Cubic: time = 7.4E+07 + 2.2E+02*n^3 (sec)                       (res: 0.22)
Logarithmic: time = 7.4E+07 + -5.5E+05*log(n) (sec)             (res: 0.22)
Linearithmic: time = 7.4E+07 + -1.7E+04*n*log(n) (sec)          (res: 0.22)
Exponential: time = 7.4E+07 * 1^n (sec)                         (res: 0.22)

   [near-tie] within 10%: Logarithmic, Linear, Exponential, Linearithmic, Cubic, Quadratic, Constant -- chosen by the simplicity bias, not the data.
   [exponent] free-exponent fit: rss ~ count_p ** -0.01
Saved fit model plot to ./results/rq1/20261002-2248-tailored-cssselect_tailored/run1/cssselect_tailored/plots/fitmodel_rss_vs_count_p_css_select_5_2_0.png
Plotting 'rss' vs 'count_phrasing_content' for './results/rq1/20261002-2248-tailored-cssselect_tailored/run1/cssselect_tailored/summary.csv-function_name/css_select_5_1_0':
Saved plot to ./results/rq1/20261002-2248-tailored-cssselect_tailored/run1/cssselect_tailored/plots/rss_vs_count_phrasing_content_css_select_5_1_0.png
Plotting 'rss' vs 'count_phrasing_content' for './results/rq1/20261002-2248-tailored-cssselect_tailored/run1/cssselect_tailored/summary.csv-function_name/css_select_5_2_0':
Saved plot to ./results/rq1/20261002-2248-tailored-cssselect_tailored/run1/cssselect_tailored/plots/rss_vs_count_phrasing_content_css_select_5_2_0.png
For './results/rq1/20261002-2248-tailored-cssselect_tailored/run1/cssselect_tailored/summary.csv-function_name/css_select_5_1_0', feature 'count_phrasing_content' and metric 'rss': dropped 103 of 279 rows (censored, non-positive metric, or zero feature).
For './results/rq1/20261002-2248-tailored-cssselect_tailored/run1/cssselect_tailored/summary.csv-function_name/css_select_5_1_0', feature 'count_phrasing_content' and metric 'rss' the best fit is:
Best : Logarithmic: time = 7.3E+07 + -2.5E+05*log(n) (sec)          
Constant: time = 7.3E+07 (sec)                                  (res: 0.26)
Linear: time = 7.3E+07 + 6.6E+04*n (sec)                        (res: 0.26)
Quadratic: time = 7.3E+07 + 1E+04*n^2 (sec)                     (res: 0.25)
Cubic: time = 7.3E+07 + 7.3E+02*n^3 (sec)                       (res: 0.24)
Logarithmic: time = 7.3E+07 + -2.5E+05*log(n) (sec)             (res: 0.26)
Linearithmic: time = 7.3E+07 + 3.7E+04*n*log(n) (sec)           (res: 0.26)
Exponential: time = 7.3E+07 * 1^n (sec)                         (res: 0.26)

   [near-tie] within 10%: Cubic, Quadratic, Linearithmic, Linear, Logarithmic, Exponential -- chosen by the simplicity bias, not the data.
   [exponent] free-exponent fit: rss ~ count_phrasing_content ** -0.00
Saved fit model plot to ./results/rq1/20261002-2248-tailored-cssselect_tailored/run1/cssselect_tailored/plots/fitmodel_rss_vs_count_phrasing_content_css_select_5_1_0.png
For './results/rq1/20261002-2248-tailored-cssselect_tailored/run1/cssselect_tailored/summary.csv-function_name/css_select_5_2_0', feature 'count_phrasing_content' and metric 'rss': dropped 103 of 279 rows (censored, non-positive metric, or zero feature).
For './results/rq1/20261002-2248-tailored-cssselect_tailored/run1/cssselect_tailored/summary.csv-function_name/css_select_5_2_0', feature 'count_phrasing_content' and metric 'rss' the best fit is:
Best : Constant: time = 7.3E+07 (sec)                               
Constant: time = 7.3E+07 (sec)                                  (res: 0.23)
Linear: time = 7.3E+07 + 2.6E+04*n (sec)                        (res: 0.23)
Quadratic: time = 7.3E+07 + 6.4E+03*n^2 (sec)                   (res: 0.22)
Cubic: time = 7.3E+07 + 4.7E+02*n^3 (sec)                       (res: 0.21)
Logarithmic: time = 7.4E+07 + -3.6E+05*log(n) (sec)             (res: 0.22)
Linearithmic: time = 7.3E+07 + 2.1E+04*n*log(n) (sec)           (res: 0.22)
Exponential: time = 7.3E+07 * 1^n (sec)                         (res: 0.23)

   [near-tie] within 10%: Cubic, Quadratic, Logarithmic, Linearithmic, Linear, Constant, Exponential -- chosen by the simplicity bias, not the data.
   [exponent] free-exponent fit: rss ~ count_phrasing_content ** -0.00
Saved fit model plot to ./results/rq1/20261002-2248-tailored-cssselect_tailored/run1/cssselect_tailored/plots/fitmodel_rss_vs_count_phrasing_content_css_select_5_2_0.png
Plotting 'rss' vs 'count_div' for './results/rq1/20261002-2248-tailored-cssselect_tailored/run1/cssselect_tailored/summary.csv-function_name/css_select_5_1_0':
Saved plot to ./results/rq1/20261002-2248-tailored-cssselect_tailored/run1/cssselect_tailored/plots/rss_vs_count_div_css_select_5_1_0.png
Plotting 'rss' vs 'count_div' for './results/rq1/20261002-2248-tailored-cssselect_tailored/run1/cssselect_tailored/summary.csv-function_name/css_select_5_2_0':
Saved plot to ./results/rq1/20261002-2248-tailored-cssselect_tailored/run1/cssselect_tailored/plots/rss_vs_count_div_css_select_5_2_0.png
For './results/rq1/20261002-2248-tailored-cssselect_tailored/run1/cssselect_tailored/summary.csv-function_name/css_select_5_1_0', feature 'count_div' and metric 'rss': dropped 93 of 279 rows (censored, non-positive metric, or zero feature).
For './results/rq1/20261002-2248-tailored-cssselect_tailored/run1/cssselect_tailored/summary.csv-function_name/css_select_5_1_0', feature 'count_div' and metric 'rss' the best fit is:
Best : Logarithmic: time = 7.6E+07 + -1.4E+06*log(n) (sec)          
Constant: time = 7.4E+07 (sec)                                  (res: 0.35)
Linear: time = 7.5E+07 + -2.1E+05*n (sec)                       (res: 0.33)
Quadratic: time = 7.4E+07 + -7.7E+03*n^2 (sec)                  (res: 0.34)
Cubic: time = 7.4E+07 + -3.2E+02*n^3 (sec)                      (res: 0.34)
Logarithmic: time = 7.6E+07 + -1.4E+06*log(n) (sec)             (res: 0.3)
Linearithmic: time = 7.5E+07 + -5.9E+04*n*log(n) (sec)          (res: 0.34)
Exponential: time = 7.5E+07 * 1^n (sec)                         (res: 0.33)

   [near-tie] within 10%: Logarithmic, Linear, Exponential -- chosen by the simplicity bias, not the data.
   [exponent] free-exponent fit: rss ~ count_div ** -0.02
Saved fit model plot to ./results/rq1/20261002-2248-tailored-cssselect_tailored/run1/cssselect_tailored/plots/fitmodel_rss_vs_count_div_css_select_5_1_0.png
For './results/rq1/20261002-2248-tailored-cssselect_tailored/run1/cssselect_tailored/summary.csv-function_name/css_select_5_2_0', feature 'count_div' and metric 'rss': dropped 93 of 279 rows (censored, non-positive metric, or zero feature).
For './results/rq1/20261002-2248-tailored-cssselect_tailored/run1/cssselect_tailored/summary.csv-function_name/css_select_5_2_0', feature 'count_div' and metric 'rss' the best fit is:
Best : Logarithmic: time = 7.6E+07 + -1.4E+06*log(n) (sec)          
Constant: time = 7.5E+07 (sec)                                  (res: 0.33)
Linear: time = 7.6E+07 + -2.5E+05*n (sec)                       (res: 0.3)
Quadratic: time = 7.5E+07 + -1E+04*n^2 (sec)                    (res: 0.31)
Cubic: time = 7.5E+07 + -4.3E+02*n^3 (sec)                      (res: 0.32)
Logarithmic: time = 7.6E+07 + -1.4E+06*log(n) (sec)             (res: 0.28)
Linearithmic: time = 7.5E+07 + -7.4E+04*n*log(n) (sec)          (res: 0.31)
Exponential: time = 7.6E+07 * 1^n (sec)                         (res: 0.3)

   [near-tie] within 10%: Logarithmic, Linear, Exponential -- chosen by the simplicity bias, not the data.
   [exponent] free-exponent fit: rss ~ count_div ** -0.02
Saved fit model plot to ./results/rq1/20261002-2248-tailored-cssselect_tailored/run1/cssselect_tailored/plots/fitmodel_rss_vs_count_div_css_select_5_2_0.png
Plotting 'rss' vs 'count_phrasing_item' for './results/rq1/20261002-2248-tailored-cssselect_tailored/run1/cssselect_tailored/summary.csv-function_name/css_select_5_1_0':
Saved plot to ./results/rq1/20261002-2248-tailored-cssselect_tailored/run1/cssselect_tailored/plots/rss_vs_count_phrasing_item_css_select_5_1_0.png
Plotting 'rss' vs 'count_phrasing_item' for './results/rq1/20261002-2248-tailored-cssselect_tailored/run1/cssselect_tailored/summary.csv-function_name/css_select_5_2_0':
Saved plot to ./results/rq1/20261002-2248-tailored-cssselect_tailored/run1/cssselect_tailored/plots/rss_vs_count_phrasing_item_css_select_5_2_0.png
For './results/rq1/20261002-2248-tailored-cssselect_tailored/run1/cssselect_tailored/summary.csv-function_name/css_select_5_1_0', feature 'count_phrasing_item' and metric 'rss': dropped 128 of 279 rows (censored, non-positive metric, or zero feature).
For './results/rq1/20261002-2248-tailored-cssselect_tailored/run1/cssselect_tailored/summary.csv-function_name/css_select_5_1_0', feature 'count_phrasing_item' and metric 'rss' the best fit is:
Best : Linear: time = 7.2E+07 + 4.2E+04*n (sec)                     
Constant: time = 7.3E+07 (sec)                                  (res: 0.21)
Linear: time = 7.2E+07 + 4.2E+04*n (sec)                        (res: 0.19)
Quadratic: time = 7.2E+07 + 6.9E+02*n^2 (sec)                   (res: 0.18)
Cubic: time = 7.2E+07 + 9*n^3 (sec)                             (res: 0.18)
Logarithmic: time = 7.1E+07 + 4.6E+05*log(n) (sec)              (res: 0.21)
Linearithmic: time = 7.2E+07 + 1E+04*n*log(n) (sec)             (res: 0.19)
Exponential: time = 7.2E+07 * 1^n (sec)                         (res: 0.19)

   [near-tie] within 10%: Cubic, Quadratic, Linearithmic, Linear, Exponential -- chosen by the simplicity bias, not the data.
   [exponent] free-exponent fit: rss ~ count_phrasing_item ** 0.01
Saved fit model plot to ./results/rq1/20261002-2248-tailored-cssselect_tailored/run1/cssselect_tailored/plots/fitmodel_rss_vs_count_phrasing_item_css_select_5_1_0.png
For './results/rq1/20261002-2248-tailored-cssselect_tailored/run1/cssselect_tailored/summary.csv-function_name/css_select_5_2_0', feature 'count_phrasing_item' and metric 'rss': dropped 128 of 279 rows (censored, non-positive metric, or zero feature).
For './results/rq1/20261002-2248-tailored-cssselect_tailored/run1/cssselect_tailored/summary.csv-function_name/css_select_5_2_0', feature 'count_phrasing_item' and metric 'rss' the best fit is:
Best : Constant: time = 7.3E+07 (sec)                               
Constant: time = 7.3E+07 (sec)                                  (res: 0.18)
Linear: time = 7.2E+07 + 3E+04*n (sec)                          (res: 0.18)
Quadratic: time = 7.3E+07 + 4.5E+02*n^2 (sec)                   (res: 0.17)
Cubic: time = 7.3E+07 + 5.6*n^3 (sec)                           (res: 0.17)
Logarithmic: time = 7.2E+07 + 3.4E+05*log(n) (sec)              (res: 0.18)
Linearithmic: time = 7.2E+07 + 7.1E+03*n*log(n) (sec)           (res: 0.18)
Exponential: time = 7.2E+07 * 1^n (sec)                         (res: 0.18)

   [near-tie] within 10%: Cubic, Quadratic, Linearithmic, Linear, Exponential, Logarithmic, Constant -- chosen by the simplicity bias, not the data.
   [exponent] free-exponent fit: rss ~ count_phrasing_item ** 0.00
Saved fit model plot to ./results/rq1/20261002-2248-tailored-cssselect_tailored/run1/cssselect_tailored/plots/fitmodel_rss_vs_count_phrasing_item_css_select_5_2_0.png
Plotting 'rss' vs 'count_leaf_items' for './results/rq1/20261002-2248-tailored-cssselect_tailored/run1/cssselect_tailored/summary.csv-function_name/css_select_5_1_0':
Saved plot to ./results/rq1/20261002-2248-tailored-cssselect_tailored/run1/cssselect_tailored/plots/rss_vs_count_leaf_items_css_select_5_1_0.png
Plotting 'rss' vs 'count_leaf_items' for './results/rq1/20261002-2248-tailored-cssselect_tailored/run1/cssselect_tailored/summary.csv-function_name/css_select_5_2_0':
Saved plot to ./results/rq1/20261002-2248-tailored-cssselect_tailored/run1/cssselect_tailored/plots/rss_vs_count_leaf_items_css_select_5_2_0.png
For './results/rq1/20261002-2248-tailored-cssselect_tailored/run1/cssselect_tailored/summary.csv-function_name/css_select_5_1_0', feature 'count_leaf_items' and metric 'rss': dropped 156 of 279 rows (censored, non-positive metric, or zero feature).
For './results/rq1/20261002-2248-tailored-cssselect_tailored/run1/cssselect_tailored/summary.csv-function_name/css_select_5_1_0', feature 'count_leaf_items' and metric 'rss' the best fit is:
Best : Constant: time = 7.3E+07 (sec)                               
Constant: time = 7.3E+07 (sec)                                  (res: 0.18)
Linear: time = 7.3E+07 + 4.6E+04*n (sec)                        (res: 0.18)
Quadratic: time = 7.3E+07 + 2.5E+02*n^2 (sec)                   (res: 0.18)
Cubic: time = 7.3E+07 + -60*n^3 (sec)                           (res: 0.18)
Logarithmic: time = 7.3E+07 + 2.5E+05*log(n) (sec)              (res: 0.18)
Linearithmic: time = 7.3E+07 + 1.1E+04*n*log(n) (sec)           (res: 0.18)
Exponential: time = 7.3E+07 * 1^n (sec)                         (res: 0.18)

   [near-tie] within 10%: Logarithmic, Linear, Linearithmic, Cubic, Quadratic, Constant, Exponential -- chosen by the simplicity bias, not the data.
   [exponent] free-exponent fit: rss ~ count_leaf_items ** 0.00
Saved fit model plot to ./results/rq1/20261002-2248-tailored-cssselect_tailored/run1/cssselect_tailored/plots/fitmodel_rss_vs_count_leaf_items_css_select_5_1_0.png
For './results/rq1/20261002-2248-tailored-cssselect_tailored/run1/cssselect_tailored/summary.csv-function_name/css_select_5_2_0', feature 'count_leaf_items' and metric 'rss': dropped 156 of 279 rows (censored, non-positive metric, or zero feature).
For './results/rq1/20261002-2248-tailored-cssselect_tailored/run1/cssselect_tailored/summary.csv-function_name/css_select_5_2_0', feature 'count_leaf_items' and metric 'rss' the best fit is:
Best : Constant: time = 7.4E+07 (sec)                               
Constant: time = 7.4E+07 (sec)                                  (res: 0.17)
Linear: time = 7.4E+07 + -8.5E+04*n (sec)                       (res: 0.17)
Quadratic: time = 7.4E+07 + -4.6E+03*n^2 (sec)                  (res: 0.17)
Cubic: time = 7.4E+07 + -2.1E+02*n^3 (sec)                      (res: 0.17)
Logarithmic: time = 7.4E+07 + -3.2E+05*log(n) (sec)             (res: 0.17)
Linearithmic: time = 7.4E+07 + -2.9E+04*n*log(n) (sec)          (res: 0.17)
Exponential: time = 7.4E+07 * 1^n (sec)                         (res: 0.17)

   [near-tie] within 10%: Cubic, Quadratic, Linearithmic, Linear, Exponential, Logarithmic, Constant -- chosen by the simplicity bias, not the data.
   [exponent] free-exponent fit: rss ~ count_leaf_items ** -0.00
Saved fit model plot to ./results/rq1/20261002-2248-tailored-cssselect_tailored/run1/cssselect_tailored/plots/fitmodel_rss_vs_count_leaf_items_css_select_5_2_0.png
Plotting 'rss' vs 'count_leaf_item' for './results/rq1/20261002-2248-tailored-cssselect_tailored/run1/cssselect_tailored/summary.csv-function_name/css_select_5_1_0':
Saved plot to ./results/rq1/20261002-2248-tailored-cssselect_tailored/run1/cssselect_tailored/plots/rss_vs_count_leaf_item_css_select_5_1_0.png
Plotting 'rss' vs 'count_leaf_item' for './results/rq1/20261002-2248-tailored-cssselect_tailored/run1/cssselect_tailored/summary.csv-function_name/css_select_5_2_0':
Saved plot to ./results/rq1/20261002-2248-tailored-cssselect_tailored/run1/cssselect_tailored/plots/rss_vs_count_leaf_item_css_select_5_2_0.png
For './results/rq1/20261002-2248-tailored-cssselect_tailored/run1/cssselect_tailored/summary.csv-function_name/css_select_5_1_0', feature 'count_leaf_item' and metric 'rss': dropped 156 of 279 rows (censored, non-positive metric, or zero feature).
For './results/rq1/20261002-2248-tailored-cssselect_tailored/run1/cssselect_tailored/summary.csv-function_name/css_select_5_1_0', feature 'count_leaf_item' and metric 'rss' the best fit is:
Best : Constant: time = 7.3E+07 (sec)                               
Constant: time = 7.3E+07 (sec)                                  (res: 0.18)
Linear: time = 7.3E+07 + 3.7E+04*n (sec)                        (res: 0.18)
Quadratic: time = 7.3E+07 + 7.7E+02*n^2 (sec)                   (res: 0.17)
Cubic: time = 7.3E+07 + 13*n^3 (sec)                            (res: 0.17)
Logarithmic: time = 7.3E+07 + 2.6E+05*log(n) (sec)              (res: 0.18)
Linearithmic: time = 7.3E+07 + 9.6E+03*n*log(n) (sec)           (res: 0.17)
Exponential: time = 7.3E+07 * 1^n (sec)                         (res: 0.18)

   [near-tie] within 10%: Quadratic, Cubic, Linearithmic, Linear, Exponential, Logarithmic, Constant -- chosen by the simplicity bias, not the data.
   [exponent] free-exponent fit: rss ~ count_leaf_item ** 0.00
Saved fit model plot to ./results/rq1/20261002-2248-tailored-cssselect_tailored/run1/cssselect_tailored/plots/fitmodel_rss_vs_count_leaf_item_css_select_5_1_0.png
For './results/rq1/20261002-2248-tailored-cssselect_tailored/run1/cssselect_tailored/summary.csv-function_name/css_select_5_2_0', feature 'count_leaf_item' and metric 'rss': dropped 156 of 279 rows (censored, non-positive metric, or zero feature).
For './results/rq1/20261002-2248-tailored-cssselect_tailored/run1/cssselect_tailored/summary.csv-function_name/css_select_5_2_0', feature 'count_leaf_item' and metric 'rss' the best fit is:
Best : Constant: time = 7.4E+07 (sec)                               
Constant: time = 7.4E+07 (sec)                                  (res: 0.17)
Linear: time = 7.4E+07 + 9.2E+02*n (sec)                        (res: 0.17)
Quadratic: time = 7.3E+07 + 1.8E+02*n^2 (sec)                   (res: 0.17)
Cubic: time = 7.3E+07 + 4.3*n^3 (sec)                           (res: 0.17)
Logarithmic: time = 7.4E+07 + -1.4E+05*log(n) (sec)             (res: 0.17)
Linearithmic: time = 7.3E+07 + 8.6E+02*n*log(n) (sec)           (res: 0.17)
Exponential: time = 7.4E+07 * 1^n (sec)                         (res: 0.17)

   [near-tie] within 10%: Cubic, Logarithmic, Quadratic, Linearithmic, Linear, Constant, Exponential -- chosen by the simplicity bias, not the data.
   [exponent] free-exponent fit: rss ~ count_leaf_item ** -0.00
Saved fit model plot to ./results/rq1/20261002-2248-tailored-cssselect_tailored/run1/cssselect_tailored/plots/fitmodel_rss_vs_count_leaf_item_css_select_5_2_0.png
Plotting 'rss' vs 'count_lang_tag' for './results/rq1/20261002-2248-tailored-cssselect_tailored/run1/cssselect_tailored/summary.csv-function_name/css_select_5_1_0':
Saved plot to ./results/rq1/20261002-2248-tailored-cssselect_tailored/run1/cssselect_tailored/plots/rss_vs_count_lang_tag_css_select_5_1_0.png
Plotting 'rss' vs 'count_lang_tag' for './results/rq1/20261002-2248-tailored-cssselect_tailored/run1/cssselect_tailored/summary.csv-function_name/css_select_5_2_0':
Saved plot to ./results/rq1/20261002-2248-tailored-cssselect_tailored/run1/cssselect_tailored/plots/rss_vs_count_lang_tag_css_select_5_2_0.png
For './results/rq1/20261002-2248-tailored-cssselect_tailored/run1/cssselect_tailored/summary.csv-function_name/css_select_5_1_0', feature 'count_lang_tag' and metric 'rss': dropped 73 of 279 rows (censored, non-positive metric, or zero feature).
For './results/rq1/20261002-2248-tailored-cssselect_tailored/run1/cssselect_tailored/summary.csv-function_name/css_select_5_1_0', feature 'count_lang_tag' and metric 'rss' the best fit is:
Best : Linear: time = 7.2E+07 + 2E+04*n (sec)                       
Constant: time = 7.3E+07 (sec)                                  (res: 0.3)
Linear: time = 7.2E+07 + 2E+04*n (sec)                          (res: 0.3)
Quadratic: time = 7.2E+07 + 3.4E+02*n^2 (sec)                   (res: 0.28)
Cubic: time = 7.3E+07 + 3.3*n^3 (sec)                           (res: 0.27)
Logarithmic: time = 7.2E+07 + 2.6E+05*log(n) (sec)              (res: 0.3)
Linearithmic: time = 7.2E+07 + 4.9E+03*n*log(n) (sec)           (res: 0.29)
Exponential: time = 7.2E+07 * 1^n (sec)                         (res: 0.3)

   [near-tie] within 10%: Cubic, Quadratic, Linearithmic, Linear, Exponential -- chosen by the simplicity bias, not the data.
   [exponent] free-exponent fit: rss ~ count_lang_tag ** 0.00
Saved fit model plot to ./results/rq1/20261002-2248-tailored-cssselect_tailored/run1/cssselect_tailored/plots/fitmodel_rss_vs_count_lang_tag_css_select_5_1_0.png
For './results/rq1/20261002-2248-tailored-cssselect_tailored/run1/cssselect_tailored/summary.csv-function_name/css_select_5_2_0', feature 'count_lang_tag' and metric 'rss': dropped 73 of 279 rows (censored, non-positive metric, or zero feature).
For './results/rq1/20261002-2248-tailored-cssselect_tailored/run1/cssselect_tailored/summary.csv-function_name/css_select_5_2_0', feature 'count_lang_tag' and metric 'rss' the best fit is:
Best : Constant: time = 7.3E+07 (sec)                               
Constant: time = 7.3E+07 (sec)                                  (res: 0.27)
Linear: time = 7.3E+07 + 1.1E+04*n (sec)                        (res: 0.27)
Quadratic: time = 7.3E+07 + 1.9E+02*n^2 (sec)                   (res: 0.27)
Cubic: time = 7.3E+07 + 2*n^3 (sec)                             (res: 0.26)
Logarithmic: time = 7.2E+07 + 2E+05*log(n) (sec)                (res: 0.27)
Linearithmic: time = 7.3E+07 + 2.6E+03*n*log(n) (sec)           (res: 0.27)
Exponential: time = 7.3E+07 * 1^n (sec)                         (res: 0.27)

   [near-tie] within 10%: Cubic, Quadratic, Linearithmic, Linear, Logarithmic, Exponential, Constant -- chosen by the simplicity bias, not the data.
   [exponent] free-exponent fit: rss ~ count_lang_tag ** 0.00
Saved fit model plot to ./results/rq1/20261002-2248-tailored-cssselect_tailored/run1/cssselect_tailored/plots/fitmodel_rss_vs_count_lang_tag_css_select_5_2_0.png
Plotting 'rss' vs 'count_data_attr' for './results/rq1/20261002-2248-tailored-cssselect_tailored/run1/cssselect_tailored/summary.csv-function_name/css_select_5_1_0':
Saved plot to ./results/rq1/20261002-2248-tailored-cssselect_tailored/run1/cssselect_tailored/plots/rss_vs_count_data_attr_css_select_5_1_0.png
Plotting 'rss' vs 'count_data_attr' for './results/rq1/20261002-2248-tailored-cssselect_tailored/run1/cssselect_tailored/summary.csv-function_name/css_select_5_2_0':
Saved plot to ./results/rq1/20261002-2248-tailored-cssselect_tailored/run1/cssselect_tailored/plots/rss_vs_count_data_attr_css_select_5_2_0.png
For './results/rq1/20261002-2248-tailored-cssselect_tailored/run1/cssselect_tailored/summary.csv-function_name/css_select_5_1_0', feature 'count_data_attr' and metric 'rss': dropped 69 of 279 rows (censored, non-positive metric, or zero feature).
For './results/rq1/20261002-2248-tailored-cssselect_tailored/run1/cssselect_tailored/summary.csv-function_name/css_select_5_1_0', feature 'count_data_attr' and metric 'rss' the best fit is:
Best : Logarithmic: time = 7.4E+07 + -2.6E+05*log(n) (sec)          
Constant: time = 7.3E+07 (sec)                                  (res: 0.32)
Linear: time = 7.3E+07 + 1.4E+04*n (sec)                        (res: 0.32)
Quadratic: time = 7.3E+07 + 9.5E+02*n^2 (sec)                   (res: 0.3)
Cubic: time = 7.3E+07 + 16*n^3 (sec)                            (res: 0.29)
Logarithmic: time = 7.4E+07 + -2.6E+05*log(n) (sec)             (res: 0.32)
Linearithmic: time = 7.3E+07 + 6.7E+03*n*log(n) (sec)           (res: 0.32)
Exponential: time = 7.3E+07 * 1^n (sec)                         (res: 0.32)

   [near-tie] within 10%: Cubic, Quadratic, Linearithmic, Logarithmic -- chosen by the simplicity bias, not the data.
   [exponent] free-exponent fit: rss ~ count_data_attr ** -0.00
Saved fit model plot to ./results/rq1/20261002-2248-tailored-cssselect_tailored/run1/cssselect_tailored/plots/fitmodel_rss_vs_count_data_attr_css_select_5_1_0.png
For './results/rq1/20261002-2248-tailored-cssselect_tailored/run1/cssselect_tailored/summary.csv-function_name/css_select_5_2_0', feature 'count_data_attr' and metric 'rss': dropped 69 of 279 rows (censored, non-positive metric, or zero feature).
For './results/rq1/20261002-2248-tailored-cssselect_tailored/run1/cssselect_tailored/summary.csv-function_name/css_select_5_2_0', feature 'count_data_attr' and metric 'rss' the best fit is:
Best : Constant: time = 7.3E+07 (sec)                               
Constant: time = 7.3E+07 (sec)                                  (res: 0.28)
Linear: time = 7.3E+07 + 9.3E+02*n (sec)                        (res: 0.28)
Quadratic: time = 7.3E+07 + 5.6E+02*n^2 (sec)                   (res: 0.28)
Cubic: time = 7.3E+07 + 9.8*n^3 (sec)                           (res: 0.27)
Logarithmic: time = 7.4E+07 + -3.1E+05*log(n) (sec)             (res: 0.28)
Linearithmic: time = 7.3E+07 + 2.6E+03*n*log(n) (sec)           (res: 0.28)
Exponential: time = 7.3E+07 * 1^n (sec)                         (res: 0.28)

   [near-tie] within 10%: Cubic, Quadratic, Logarithmic, Linearithmic, Linear, Constant, Exponential -- chosen by the simplicity bias, not the data.
   [exponent] free-exponent fit: rss ~ count_data_attr ** -0.00
Saved fit model plot to ./results/rq1/20261002-2248-tailored-cssselect_tailored/run1/cssselect_tailored/plots/fitmodel_rss_vs_count_data_attr_css_select_5_2_0.png
Plotting 'rss' vs 'count_more_node' for './results/rq1/20261002-2248-tailored-cssselect_tailored/run1/cssselect_tailored/summary.csv-function_name/css_select_5_1_0':
Saved plot to ./results/rq1/20261002-2248-tailored-cssselect_tailored/run1/cssselect_tailored/plots/rss_vs_count_more_node_css_select_5_1_0.png
Plotting 'rss' vs 'count_more_node' for './results/rq1/20261002-2248-tailored-cssselect_tailored/run1/cssselect_tailored/summary.csv-function_name/css_select_5_2_0':
Saved plot to ./results/rq1/20261002-2248-tailored-cssselect_tailored/run1/cssselect_tailored/plots/rss_vs_count_more_node_css_select_5_2_0.png
For './results/rq1/20261002-2248-tailored-cssselect_tailored/run1/cssselect_tailored/summary.csv-function_name/css_select_5_1_0', feature 'count_more_node' and metric 'rss': dropped 153 of 279 rows (censored, non-positive metric, or zero feature).
For './results/rq1/20261002-2248-tailored-cssselect_tailored/run1/cssselect_tailored/summary.csv-function_name/css_select_5_1_0', feature 'count_more_node' and metric 'rss' the best fit is:
Best : Constant: time = 7.3E+07 (sec)                               
Constant: time = 7.3E+07 (sec)                                  (res: 0.19)
Linear: time = 7.3E+07 + -8.4E+04*n (sec)                       (res: 0.19)
Quadratic: time = 7.3E+07 + -1E+04*n^2 (sec)                    (res: 0.19)
Cubic: time = 7.3E+07 + -1.1E+03*n^3 (sec)                      (res: 0.19)
Logarithmic: time = 7.3E+07 + -1E+05*log(n) (sec)               (res: 0.19)
Linearithmic: time = 7.3E+07 + -4E+04*n*log(n) (sec)            (res: 0.19)
Exponential: time = 7.3E+07 * 1^n (sec)                         (res: 0.19)

   [near-tie] within 10%: Cubic, Quadratic, Linearithmic, Linear, Exponential, Logarithmic, Constant -- chosen by the simplicity bias, not the data.
   [exponent] free-exponent fit: rss ~ count_more_node ** -0.00
Saved fit model plot to ./results/rq1/20261002-2248-tailored-cssselect_tailored/run1/cssselect_tailored/plots/fitmodel_rss_vs_count_more_node_css_select_5_1_0.png
For './results/rq1/20261002-2248-tailored-cssselect_tailored/run1/cssselect_tailored/summary.csv-function_name/css_select_5_2_0', feature 'count_more_node' and metric 'rss': dropped 153 of 279 rows (censored, non-positive metric, or zero feature).
For './results/rq1/20261002-2248-tailored-cssselect_tailored/run1/cssselect_tailored/summary.csv-function_name/css_select_5_2_0', feature 'count_more_node' and metric 'rss' the best fit is:
Best : Constant: time = 7.3E+07 (sec)                               
Constant: time = 7.3E+07 (sec)                                  (res: 0.18)
Linear: time = 7.3E+07 + 7.3E+03*n (sec)                        (res: 0.18)
Quadratic: time = 7.3E+07 + -2.2E+03*n^2 (sec)                  (res: 0.18)
Cubic: time = 7.3E+07 + -3.8E+02*n^3 (sec)                      (res: 0.18)
Logarithmic: time = 7.3E+07 + 1.4E+05*log(n) (sec)              (res: 0.18)
Linearithmic: time = 7.3E+07 + -2.5E+03*n*log(n) (sec)          (res: 0.18)
Exponential: time = 7.3E+07 * 1^n (sec)                         (res: 0.18)

   [near-tie] within 10%: Cubic, Logarithmic, Quadratic, Linear, Linearithmic, Constant, Exponential -- chosen by the simplicity bias, not the data.
   [exponent] free-exponent fit: rss ~ count_more_node ** 0.00
Saved fit model plot to ./results/rq1/20261002-2248-tailored-cssselect_tailored/run1/cssselect_tailored/plots/fitmodel_rss_vs_count_more_node_css_select_5_2_0.png
Plotting 'rss' vs 'doc_depth' for './results/rq1/20261002-2248-tailored-cssselect_tailored/run1/cssselect_tailored/summary.csv-function_name/css_select_5_1_0':
Saved plot to ./results/rq1/20261002-2248-tailored-cssselect_tailored/run1/cssselect_tailored/plots/rss_vs_doc_depth_css_select_5_1_0.png
Plotting 'rss' vs 'doc_depth' for './results/rq1/20261002-2248-tailored-cssselect_tailored/run1/cssselect_tailored/summary.csv-function_name/css_select_5_2_0':
Saved plot to ./results/rq1/20261002-2248-tailored-cssselect_tailored/run1/cssselect_tailored/plots/rss_vs_doc_depth_css_select_5_2_0.png
For './results/rq1/20261002-2248-tailored-cssselect_tailored/run1/cssselect_tailored/summary.csv-function_name/css_select_5_1_0', feature 'doc_depth' and metric 'rss' the best fit is:
Best : Constant: time = 7.4E+07 (sec)                               
Constant: time = 7.4E+07 (sec)                                  (res: 0.51)
Linear: time = 7.5E+07 + -1.8E+05*n (sec)                       (res: 0.48)
Quadratic: time = 7.4E+07 + -6.5E+03*n^2 (sec)                  (res: 0.5)
Cubic: time = 7.4E+07 + -2.3E+02*n^3 (sec)                      (res: 0.51)
Logarithmic: time = 7.7E+07 + -1.7E+06*log(n) (sec)             (res: 0.47)
Linearithmic: time = 7.4E+07 + -5.1E+04*n*log(n) (sec)          (res: 0.49)
Exponential: time = 7.5E+07 * 1^n (sec)                         (res: 0.49)

   [near-tie] within 10%: Logarithmic, Linear, Exponential, Linearithmic, Quadratic, Cubic, Constant -- chosen by the simplicity bias, not the data.
   [exponent] free-exponent fit: rss ~ doc_depth ** -0.02
Saved fit model plot to ./results/rq1/20261002-2248-tailored-cssselect_tailored/run1/cssselect_tailored/plots/fitmodel_rss_vs_doc_depth_css_select_5_1_0.png
For './results/rq1/20261002-2248-tailored-cssselect_tailored/run1/cssselect_tailored/summary.csv-function_name/css_select_5_2_0', feature 'doc_depth' and metric 'rss' the best fit is:
Best : Logarithmic: time = 7.7E+07 + -1.7E+06*log(n) (sec)          
Constant: time = 7.4E+07 (sec)                                  (res: 0.47)
Linear: time = 7.5E+07 + -2E+05*n (sec)                         (res: 0.44)
Quadratic: time = 7.4E+07 + -7.4E+03*n^2 (sec)                  (res: 0.46)
Cubic: time = 7.4E+07 + -2.8E+02*n^3 (sec)                      (res: 0.46)
Logarithmic: time = 7.7E+07 + -1.7E+06*log(n) (sec)             (res: 0.43)
Linearithmic: time = 7.5E+07 + -5.7E+04*n*log(n) (sec)          (res: 0.45)
Exponential: time = 7.6E+07 * 1^n (sec)                         (res: 0.44)

   [near-tie] within 10%: Logarithmic, Linear, Exponential, Linearithmic, Quadratic, Cubic -- chosen by the simplicity bias, not the data.
   [exponent] free-exponent fit: rss ~ doc_depth ** -0.02
Saved fit model plot to ./results/rq1/20261002-2248-tailored-cssselect_tailored/run1/cssselect_tailored/plots/fitmodel_rss_vs_doc_depth_css_select_5_2_0.png
Plotting 'rss' vs 'doc_bytes' for './results/rq1/20261002-2248-tailored-cssselect_tailored/run1/cssselect_tailored/summary.csv-function_name/css_select_5_1_0':
Saved plot to ./results/rq1/20261002-2248-tailored-cssselect_tailored/run1/cssselect_tailored/plots/rss_vs_doc_bytes_css_select_5_1_0.png
Plotting 'rss' vs 'doc_bytes' for './results/rq1/20261002-2248-tailored-cssselect_tailored/run1/cssselect_tailored/summary.csv-function_name/css_select_5_2_0':
Saved plot to ./results/rq1/20261002-2248-tailored-cssselect_tailored/run1/cssselect_tailored/plots/rss_vs_doc_bytes_css_select_5_2_0.png
For './results/rq1/20261002-2248-tailored-cssselect_tailored/run1/cssselect_tailored/summary.csv-function_name/css_select_5_1_0', feature 'doc_bytes' and metric 'rss' the best fit is:
Best : Logarithmic: time = 7.9E+07 + -7.8E+05*log(n) (sec)          
Constant: time = 7.4E+07 (sec)                                  (res: 0.51)
Linear: time = 7.4E+07 + -2.2E+02*n (sec)                       (res: 0.5)
Quadratic: time = 7.4E+07 + -0.0037*n^2 (sec)                   (res: 0.51)
Cubic: time = 7.4E+07 + -6.3E-08*n^3 (sec)                      (res: 0.51)
Logarithmic: time = 7.9E+07 + -7.8E+05*log(n) (sec)             (res: 0.43)
Linearithmic: time = 7.4E+07 + -20*n*log(n) (sec)               (res: 0.5)
Exponential: time = 7.4E+07 * 1^n (sec)                         (res: 0.5)

   [exponent] free-exponent fit: rss ~ doc_bytes ** -0.01
Saved fit model plot to ./results/rq1/20261002-2248-tailored-cssselect_tailored/run1/cssselect_tailored/plots/fitmodel_rss_vs_doc_bytes_css_select_5_1_0.png
For './results/rq1/20261002-2248-tailored-cssselect_tailored/run1/cssselect_tailored/summary.csv-function_name/css_select_5_2_0', feature 'doc_bytes' and metric 'rss' the best fit is:
Best : Logarithmic: time = 7.9E+07 + -7.6E+05*log(n) (sec)          
Constant: time = 7.4E+07 (sec)                                  (res: 0.47)
Linear: time = 7.4E+07 + -2.3E+02*n (sec)                       (res: 0.46)
Quadratic: time = 7.4E+07 + -0.005*n^2 (sec)                    (res: 0.47)
Cubic: time = 7.4E+07 + -1.2E-07*n^3 (sec)                      (res: 0.47)
Logarithmic: time = 7.9E+07 + -7.6E+05*log(n) (sec)             (res: 0.4)
Linearithmic: time = 7.4E+07 + -21*n*log(n) (sec)               (res: 0.46)
Exponential: time = 7.5E+07 * 1^n (sec)                         (res: 0.46)

   [exponent] free-exponent fit: rss ~ doc_bytes ** -0.01
Saved fit model plot to ./results/rq1/20261002-2248-tailored-cssselect_tailored/run1/cssselect_tailored/plots/fitmodel_rss_vs_doc_bytes_css_select_5_2_0.png
Plotting 'rss' vs 'selector_len' for './results/rq1/20261002-2248-tailored-cssselect_tailored/run1/cssselect_tailored/summary.csv-function_name/css_select_5_1_0':
Saved plot to ./results/rq1/20261002-2248-tailored-cssselect_tailored/run1/cssselect_tailored/plots/rss_vs_selector_len_css_select_5_1_0.png
Plotting 'rss' vs 'selector_len' for './results/rq1/20261002-2248-tailored-cssselect_tailored/run1/cssselect_tailored/summary.csv-function_name/css_select_5_2_0':
Saved plot to ./results/rq1/20261002-2248-tailored-cssselect_tailored/run1/cssselect_tailored/plots/rss_vs_selector_len_css_select_5_2_0.png
For './results/rq1/20261002-2248-tailored-cssselect_tailored/run1/cssselect_tailored/summary.csv-function_name/css_select_5_1_0', feature 'selector_len' and metric 'rss' the best fit is:
Best : Logarithmic: time = 6.5E+07 + 1.4E+06*log(n) (sec)           
Constant: time = 7.4E+07 (sec)                                  (res: 0.51)
Linear: time = 7.3E+07 + 5.9E+02*n (sec)                        (res: 0.4)
Quadratic: time = 7.4E+07 + 0.023*n^2 (sec)                     (res: 0.48)
Cubic: time = 7.4E+07 + 1.3E-06*n^3 (sec)                       (res: 0.49)
Logarithmic: time = 6.5E+07 + 1.4E+06*log(n) (sec)              (res: 0.24)
Linearithmic: time = 7.3E+07 + 57*n*log(n) (sec)                (res: 0.42)
Exponential: time = 7.3E+07 * 1^n (sec)                         (res: 0.41)

   [exponent] free-exponent fit: rss ~ selector_len ** 0.02
Saved fit model plot to ./results/rq1/20261002-2248-tailored-cssselect_tailored/run1/cssselect_tailored/plots/fitmodel_rss_vs_selector_len_css_select_5_1_0.png
For './results/rq1/20261002-2248-tailored-cssselect_tailored/run1/cssselect_tailored/summary.csv-function_name/css_select_5_2_0', feature 'selector_len' and metric 'rss' the best fit is:
Best : Logarithmic: time = 6.5E+07 + 1.4E+06*log(n) (sec)           
Constant: time = 7.4E+07 (sec)                                  (res: 0.47)
Linear: time = 7.3E+07 + 5.9E+02*n (sec)                        (res: 0.36)
Quadratic: time = 7.4E+07 + 0.022*n^2 (sec)                     (res: 0.44)
Cubic: time = 7.4E+07 + 1.2E-06*n^3 (sec)                       (res: 0.45)
Logarithmic: time = 6.5E+07 + 1.4E+06*log(n) (sec)              (res: 0.19)
Linearithmic: time = 7.3E+07 + 57*n*log(n) (sec)                (res: 0.38)
Exponential: time = 7.3E+07 * 1^n (sec)                         (res: 0.37)

   [exponent] free-exponent fit: rss ~ selector_len ** 0.02
Saved fit model plot to ./results/rq1/20261002-2248-tailored-cssselect_tailored/run1/cssselect_tailored/plots/fitmodel_rss_vs_selector_len_css_select_5_2_0.png
Plotting 'rss' vs 'selector_nesting' for './results/rq1/20261002-2248-tailored-cssselect_tailored/run1/cssselect_tailored/summary.csv-function_name/css_select_5_1_0':
Saved plot to ./results/rq1/20261002-2248-tailored-cssselect_tailored/run1/cssselect_tailored/plots/rss_vs_selector_nesting_css_select_5_1_0.png
Plotting 'rss' vs 'selector_nesting' for './results/rq1/20261002-2248-tailored-cssselect_tailored/run1/cssselect_tailored/summary.csv-function_name/css_select_5_2_0':
Saved plot to ./results/rq1/20261002-2248-tailored-cssselect_tailored/run1/cssselect_tailored/plots/rss_vs_selector_nesting_css_select_5_2_0.png
For './results/rq1/20261002-2248-tailored-cssselect_tailored/run1/cssselect_tailored/summary.csv-function_name/css_select_5_1_0', feature 'selector_nesting' and metric 'rss' the best fit is:
Best : Logarithmic: time = 7.1E+07 + 3E+06*log(n) (sec)             
Constant: time = 7.4E+07 (sec)                                  (res: 0.51)
Linear: time = 7E+07 + 8.9E+05*n (sec)                          (res: 0.22)
Quadratic: time = 7.2E+07 + 8.2E+04*n^2 (sec)                   (res: 0.26)
Cubic: time = 7.3E+07 + 7.5E+03*n^3 (sec)                       (res: 0.31)
Logarithmic: time = 7.1E+07 + 3E+06*log(n) (sec)                (res: 0.22)
Linearithmic: time = 7.2E+07 + 3.5E+05*n*log(n) (sec)           (res: 0.23)
Exponential: time = 7.1E+07 * 1^n (sec)                         (res: 0.22)

   [near-tie] within 10%: Linear, Exponential, Logarithmic, Linearithmic -- chosen by the simplicity bias, not the data.
   [exponent] free-exponent fit: rss ~ selector_nesting ** 0.04
Saved fit model plot to ./results/rq1/20261002-2248-tailored-cssselect_tailored/run1/cssselect_tailored/plots/fitmodel_rss_vs_selector_nesting_css_select_5_1_0.png
For './results/rq1/20261002-2248-tailored-cssselect_tailored/run1/cssselect_tailored/summary.csv-function_name/css_select_5_2_0', feature 'selector_nesting' and metric 'rss' the best fit is:
Best : Logarithmic: time = 7.1E+07 + 3.1E+06*log(n) (sec)           
Constant: time = 7.4E+07 (sec)                                  (res: 0.47)
Linear: time = 7.1E+07 + 9E+05*n (sec)                          (res: 0.17)
Quadratic: time = 7.2E+07 + 8.1E+04*n^2 (sec)                   (res: 0.22)
Cubic: time = 7.3E+07 + 7.3E+03*n^3 (sec)                       (res: 0.28)
Logarithmic: time = 7.1E+07 + 3.1E+06*log(n) (sec)              (res: 0.17)
Linearithmic: time = 7.2E+07 + 3.5E+05*n*log(n) (sec)           (res: 0.19)
Exponential: time = 7.1E+07 * 1^n (sec)                         (res: 0.17)

   [near-tie] within 10%: Logarithmic, Linear, Exponential -- chosen by the simplicity bias, not the data.
   [exponent] free-exponent fit: rss ~ selector_nesting ** 0.04
Saved fit model plot to ./results/rq1/20261002-2248-tailored-cssselect_tailored/run1/cssselect_tailored/plots/fitmodel_rss_vs_selector_nesting_css_select_5_2_0.png
Overflow error for './results/rq1/20261002-2248-tailored-cssselect_tailored/run1/cssselect_tailored/summary.csv-function_name/css_select_5_1_0' and combo '('Linear', 'Linear', 'Linear', 'Exponential')'.
Overflow error for './results/rq1/20261002-2248-tailored-cssselect_tailored/run1/cssselect_tailored/summary.csv-function_name/css_select_5_1_0' and combo '('Quadratic', 'Linear', 'Linear', 'Exponential')'.
Overflow error for './results/rq1/20261002-2248-tailored-cssselect_tailored/run1/cssselect_tailored/summary.csv-function_name/css_select_5_1_0' and combo '('Cubic', 'Linear', 'Linear', 'Exponential')'.
Overflow error for './results/rq1/20261002-2248-tailored-cssselect_tailored/run1/cssselect_tailored/summary.csv-function_name/css_select_5_1_0' and combo '('Logarithmic', 'Linear', 'Linear', 'Exponential')'.
Overflow error for './results/rq1/20261002-2248-tailored-cssselect_tailored/run1/cssselect_tailored/summary.csv-function_name/css_select_5_1_0' and combo '('Exponential', 'Linear', 'Linear', 'Exponential')'.
Overflow error for './results/rq1/20261002-2248-tailored-cssselect_tailored/run1/cssselect_tailored/summary.csv-function_name/css_select_5_1_0' and combo '('LogLinear', 'Linear', 'Linear', 'Exponential')'.
Overflow error for './results/rq1/20261002-2248-tailored-cssselect_tailored/run1/cssselect_tailored/summary.csv-function_name/css_select_5_1_0' and combo '('Linear', 'Quadratic', 'Linear', 'Exponential')'.
Overflow error for './results/rq1/20261002-2248-tailored-cssselect_tailored/run1/cssselect_tailored/summary.csv-function_name/css_select_5_1_0' and combo '('Quadratic', 'Quadratic', 'Linear', 'Exponential')'.
Overflow error for './results/rq1/20261002-2248-tailored-cssselect_tailored/run1/cssselect_tailored/summary.csv-function_name/css_select_5_1_0' and combo '('Cubic', 'Quadratic', 'Linear', 'Exponential')'.
Overflow error for './results/rq1/20261002-2248-tailored-cssselect_tailored/run1/cssselect_tailored/summary.csv-function_name/css_select_5_1_0' and combo '('Logarithmic', 'Quadratic', 'Linear', 'Exponential')'.
Overflow error for './results/rq1/20261002-2248-tailored-cssselect_tailored/run1/cssselect_tailored/summary.csv-function_name/css_select_5_1_0' and combo '('Exponential', 'Quadratic', 'Linear', 'Exponential')'.
Overflow error for './results/rq1/20261002-2248-tailored-cssselect_tailored/run1/cssselect_tailored/summary.csv-function_name/css_select_5_1_0' and combo '('LogLinear', 'Quadratic', 'Linear', 'Exponential')'.
Overflow error for './results/rq1/20261002-2248-tailored-cssselect_tailored/run1/cssselect_tailored/summary.csv-function_name/css_select_5_1_0' and combo '('Linear', 'Cubic', 'Linear', 'Exponential')'.
Overflow error for './results/rq1/20261002-2248-tailored-cssselect_tailored/run1/cssselect_tailored/summary.csv-function_name/css_select_5_1_0' and combo '('Quadratic', 'Cubic', 'Linear', 'Exponential')'.
Overflow error for './results/rq1/20261002-2248-tailored-cssselect_tailored/run1/cssselect_tailored/summary.csv-function_name/css_select_5_1_0' and combo '('Cubic', 'Cubic', 'Linear', 'Exponential')'.
Overflow error for './results/rq1/20261002-2248-tailored-cssselect_tailored/run1/cssselect_tailored/summary.csv-function_name/css_select_5_1_0' and combo '('Logarithmic', 'Cubic', 'Linear', 'Exponential')'.
Overflow error for './results/rq1/20261002-2248-tailored-cssselect_tailored/run1/cssselect_tailored/summary.csv-function_name/css_select_5_1_0' and combo '('Exponential', 'Cubic', 'Linear', 'Exponential')'.
Overflow error for './results/rq1/20261002-2248-tailored-cssselect_tailored/run1/cssselect_tailored/summary.csv-function_name/css_select_5_1_0' and combo '('LogLinear', 'Cubic', 'Linear', 'Exponential')'.
Overflow error for './results/rq1/20261002-2248-tailored-cssselect_tailored/run1/cssselect_tailored/summary.csv-function_name/css_select_5_1_0' and combo '('Linear', 'Logarithmic', 'Linear', 'Exponential')'.
Overflow error for './results/rq1/20261002-2248-tailored-cssselect_tailored/run1/cssselect_tailored/summary.csv-function_name/css_select_5_1_0' and combo '('Quadratic', 'Logarithmic', 'Linear', 'Exponential')'.
Overflow error for './results/rq1/20261002-2248-tailored-cssselect_tailored/run1/cssselect_tailored/summary.csv-function_name/css_select_5_1_0' and combo '('Cubic', 'Logarithmic', 'Linear', 'Exponential')'.
Overflow error for './results/rq1/20261002-2248-tailored-cssselect_tailored/run1/cssselect_tailored/summary.csv-function_name/css_select_5_1_0' and combo '('Logarithmic', 'Logarithmic', 'Linear', 'Exponential')'.
Overflow error for './results/rq1/20261002-2248-tailored-cssselect_tailored/run1/cssselect_tailored/summary.csv-function_name/css_select_5_1_0' and combo '('Exponential', 'Logarithmic', 'Linear', 'Exponential')'.
Overflow error for './results/rq1/20261002-2248-tailored-cssselect_tailored/run1/cssselect_tailored/summary.csv-function_name/css_select_5_1_0' and combo '('LogLinear', 'Logarithmic', 'Linear', 'Exponential')'.
Overflow error for './results/rq1/20261002-2248-tailored-cssselect_tailored/run1/cssselect_tailored/summary.csv-function_name/css_select_5_1_0' and combo '('Linear', 'Exponential', 'Linear', 'Exponential')'.
Overflow error for './results/rq1/20261002-2248-tailored-cssselect_tailored/run1/cssselect_tailored/summary.csv-function_name/css_select_5_1_0' and combo '('Quadratic', 'Exponential', 'Linear', 'Exponential')'.
Overflow error for './results/rq1/20261002-2248-tailored-cssselect_tailored/run1/cssselect_tailored/summary.csv-function_name/css_select_5_1_0' and combo '('Cubic', 'Exponential', 'Linear', 'Exponential')'.
Overflow error for './results/rq1/20261002-2248-tailored-cssselect_tailored/run1/cssselect_tailored/summary.csv-function_name/css_select_5_1_0' and combo '('Logarithmic', 'Exponential', 'Linear', 'Exponential')'.
Overflow error for './results/rq1/20261002-2248-tailored-cssselect_tailored/run1/cssselect_tailored/summary.csv-function_name/css_select_5_1_0' and combo '('Exponential', 'Exponential', 'Linear', 'Exponential')'.
Overflow error for './results/rq1/20261002-2248-tailored-cssselect_tailored/run1/cssselect_tailored/summary.csv-function_name/css_select_5_1_0' and combo '('LogLinear', 'Exponential', 'Linear', 'Exponential')'.
Overflow error for './results/rq1/20261002-2248-tailored-cssselect_tailored/run1/cssselect_tailored/summary.csv-function_name/css_select_5_1_0' and combo '('Linear', 'LogLinear', 'Linear', 'Exponential')'.
Overflow error for './results/rq1/20261002-2248-tailored-cssselect_tailored/run1/cssselect_tailored/summary.csv-function_name/css_select_5_1_0' and combo '('Quadratic', 'LogLinear', 'Linear', 'Exponential')'.
Overflow error for './results/rq1/20261002-2248-tailored-cssselect_tailored/run1/cssselect_tailored/summary.csv-function_name/css_select_5_1_0' and combo '('Cubic', 'LogLinear', 'Linear', 'Exponential')'.
Overflow error for './results/rq1/20261002-2248-tailored-cssselect_tailored/run1/cssselect_tailored/summary.csv-function_name/css_select_5_1_0' and combo '('Logarithmic', 'LogLinear', 'Linear', 'Exponential')'.
Overflow error for './results/rq1/20261002-2248-tailored-cssselect_tailored/run1/cssselect_tailored/summary.csv-function_name/css_select_5_1_0' and combo '('Exponential', 'LogLinear', 'Linear', 'Exponential')'.
Overflow error for './results/rq1/20261002-2248-tailored-cssselect_tailored/run1/cssselect_tailored/summary.csv-function_name/css_select_5_1_0' and combo '('LogLinear', 'LogLinear', 'Linear', 'Exponential')'.
Overflow error for './results/rq1/20261002-2248-tailored-cssselect_tailored/run1/cssselect_tailored/summary.csv-function_name/css_select_5_1_0' and combo '('Linear', 'Linear', 'Quadratic', 'Exponential')'.
Overflow error for './results/rq1/20261002-2248-tailored-cssselect_tailored/run1/cssselect_tailored/summary.csv-function_name/css_select_5_1_0' and combo '('Quadratic', 'Linear', 'Quadratic', 'Exponential')'.
Overflow error for './results/rq1/20261002-2248-tailored-cssselect_tailored/run1/cssselect_tailored/summary.csv-function_name/css_select_5_1_0' and combo '('Cubic', 'Linear', 'Quadratic', 'Exponential')'.
Overflow error for './results/rq1/20261002-2248-tailored-cssselect_tailored/run1/cssselect_tailored/summary.csv-function_name/css_select_5_1_0' and combo '('Logarithmic', 'Linear', 'Quadratic', 'Exponential')'.
Overflow error for './results/rq1/20261002-2248-tailored-cssselect_tailored/run1/cssselect_tailored/summary.csv-function_name/css_select_5_1_0' and combo '('Exponential', 'Linear', 'Quadratic', 'Exponential')'.
Overflow error for './results/rq1/20261002-2248-tailored-cssselect_tailored/run1/cssselect_tailored/summary.csv-function_name/css_select_5_1_0' and combo '('LogLinear', 'Linear', 'Quadratic', 'Exponential')'.
Overflow error for './results/rq1/20261002-2248-tailored-cssselect_tailored/run1/cssselect_tailored/summary.csv-function_name/css_select_5_1_0' and combo '('Linear', 'Quadratic', 'Quadratic', 'Exponential')'.
Overflow error for './results/rq1/20261002-2248-tailored-cssselect_tailored/run1/cssselect_tailored/summary.csv-function_name/css_select_5_1_0' and combo '('Quadratic', 'Quadratic', 'Quadratic', 'Exponential')'.
Overflow error for './results/rq1/20261002-2248-tailored-cssselect_tailored/run1/cssselect_tailored/summary.csv-function_name/css_select_5_1_0' and combo '('Cubic', 'Quadratic', 'Quadratic', 'Exponential')'.
Overflow error for './results/rq1/20261002-2248-tailored-cssselect_tailored/run1/cssselect_tailored/summary.csv-function_name/css_select_5_1_0' and combo '('Logarithmic', 'Quadratic', 'Quadratic', 'Exponential')'.
Overflow error for './results/rq1/20261002-2248-tailored-cssselect_tailored/run1/cssselect_tailored/summary.csv-function_name/css_select_5_1_0' and combo '('Exponential', 'Quadratic', 'Quadratic', 'Exponential')'.
Overflow error for './results/rq1/20261002-2248-tailored-cssselect_tailored/run1/cssselect_tailored/summary.csv-function_name/css_select_5_1_0' and combo '('LogLinear', 'Quadratic', 'Quadratic', 'Exponential')'.
Overflow error for './results/rq1/20261002-2248-tailored-cssselect_tailored/run1/cssselect_tailored/summary.csv-function_name/css_select_5_1_0' and combo '('Linear', 'Cubic', 'Quadratic', 'Exponential')'.
Overflow error for './results/rq1/20261002-2248-tailored-cssselect_tailored/run1/cssselect_tailored/summary.csv-function_name/css_select_5_1_0' and combo '('Quadratic', 'Cubic', 'Quadratic', 'Exponential')'.
Overflow error for './results/rq1/20261002-2248-tailored-cssselect_tailored/run1/cssselect_tailored/summary.csv-function_name/css_select_5_1_0' and combo '('Cubic', 'Cubic', 'Quadratic', 'Exponential')'.
Overflow error for './results/rq1/20261002-2248-tailored-cssselect_tailored/run1/cssselect_tailored/summary.csv-function_name/css_select_5_1_0' and combo '('Logarithmic', 'Cubic', 'Quadratic', 'Exponential')'.
Overflow error for './results/rq1/20261002-2248-tailored-cssselect_tailored/run1/cssselect_tailored/summary.csv-function_name/css_select_5_1_0' and combo '('Exponential', 'Cubic', 'Quadratic', 'Exponential')'.
Overflow error for './results/rq1/20261002-2248-tailored-cssselect_tailored/run1/cssselect_tailored/summary.csv-function_name/css_select_5_1_0' and combo '('LogLinear', 'Cubic', 'Quadratic', 'Exponential')'.
Overflow error for './results/rq1/20261002-2248-tailored-cssselect_tailored/run1/cssselect_tailored/summary.csv-function_name/css_select_5_1_0' and combo '('Linear', 'Logarithmic', 'Quadratic', 'Exponential')'.
Overflow error for './results/rq1/20261002-2248-tailored-cssselect_tailored/run1/cssselect_tailored/summary.csv-function_name/css_select_5_1_0' and combo '('Quadratic', 'Logarithmic', 'Quadratic', 'Exponential')'.
Overflow error for './results/rq1/20261002-2248-tailored-cssselect_tailored/run1/cssselect_tailored/summary.csv-function_name/css_select_5_1_0' and combo '('Cubic', 'Logarithmic', 'Quadratic', 'Exponential')'.
Overflow error for './results/rq1/20261002-2248-tailored-cssselect_tailored/run1/cssselect_tailored/summary.csv-function_name/css_select_5_1_0' and combo '('Logarithmic', 'Logarithmic', 'Quadratic', 'Exponential')'.
Overflow error for './results/rq1/20261002-2248-tailored-cssselect_tailored/run1/cssselect_tailored/summary.csv-function_name/css_select_5_1_0' and combo '('Exponential', 'Logarithmic', 'Quadratic', 'Exponential')'.
Overflow error for './results/rq1/20261002-2248-tailored-cssselect_tailored/run1/cssselect_tailored/summary.csv-function_name/css_select_5_1_0' and combo '('LogLinear', 'Logarithmic', 'Quadratic', 'Exponential')'.
Overflow error for './results/rq1/20261002-2248-tailored-cssselect_tailored/run1/cssselect_tailored/summary.csv-function_name/css_select_5_1_0' and combo '('Linear', 'Exponential', 'Quadratic', 'Exponential')'.
Overflow error for './results/rq1/20261002-2248-tailored-cssselect_tailored/run1/cssselect_tailored/summary.csv-function_name/css_select_5_1_0' and combo '('Quadratic', 'Exponential', 'Quadratic', 'Exponential')'.
Overflow error for './results/rq1/20261002-2248-tailored-cssselect_tailored/run1/cssselect_tailored/summary.csv-function_name/css_select_5_1_0' and combo '('Cubic', 'Exponential', 'Quadratic', 'Exponential')'.
Overflow error for './results/rq1/20261002-2248-tailored-cssselect_tailored/run1/cssselect_tailored/summary.csv-function_name/css_select_5_1_0' and combo '('Logarithmic', 'Exponential', 'Quadratic', 'Exponential')'.
Overflow error for './results/rq1/20261002-2248-tailored-cssselect_tailored/run1/cssselect_tailored/summary.csv-function_name/css_select_5_1_0' and combo '('Exponential', 'Exponential', 'Quadratic', 'Exponential')'.
Overflow error for './results/rq1/20261002-2248-tailored-cssselect_tailored/run1/cssselect_tailored/summary.csv-function_name/css_select_5_1_0' and combo '('LogLinear', 'Exponential', 'Quadratic', 'Exponential')'.
Overflow error for './results/rq1/20261002-2248-tailored-cssselect_tailored/run1/cssselect_tailored/summary.csv-function_name/css_select_5_1_0' and combo '('Linear', 'LogLinear', 'Quadratic', 'Exponential')'.
Overflow error for './results/rq1/20261002-2248-tailored-cssselect_tailored/run1/cssselect_tailored/summary.csv-function_name/css_select_5_1_0' and combo '('Quadratic', 'LogLinear', 'Quadratic', 'Exponential')'.
Overflow error for './results/rq1/20261002-2248-tailored-cssselect_tailored/run1/cssselect_tailored/summary.csv-function_name/css_select_5_1_0' and combo '('Cubic', 'LogLinear', 'Quadratic', 'Exponential')'.
Overflow error for './results/rq1/20261002-2248-tailored-cssselect_tailored/run1/cssselect_tailored/summary.csv-function_name/css_select_5_1_0' and combo '('Logarithmic', 'LogLinear', 'Quadratic', 'Exponential')'.
Overflow error for './results/rq1/20261002-2248-tailored-cssselect_tailored/run1/cssselect_tailored/summary.csv-function_name/css_select_5_1_0' and combo '('Exponential', 'LogLinear', 'Quadratic', 'Exponential')'.
Overflow error for './results/rq1/20261002-2248-tailored-cssselect_tailored/run1/cssselect_tailored/summary.csv-function_name/css_select_5_1_0' and combo '('LogLinear', 'LogLinear', 'Quadratic', 'Exponential')'.
Overflow error for './results/rq1/20261002-2248-tailored-cssselect_tailored/run1/cssselect_tailored/summary.csv-function_name/css_select_5_1_0' and combo '('Linear', 'Linear', 'Cubic', 'Exponential')'.
Overflow error for './results/rq1/20261002-2248-tailored-cssselect_tailored/run1/cssselect_tailored/summary.csv-function_name/css_select_5_1_0' and combo '('Quadratic', 'Linear', 'Cubic', 'Exponential')'.
Overflow error for './results/rq1/20261002-2248-tailored-cssselect_tailored/run1/cssselect_tailored/summary.csv-function_name/css_select_5_1_0' and combo '('Cubic', 'Linear', 'Cubic', 'Exponential')'.
Overflow error for './results/rq1/20261002-2248-tailored-cssselect_tailored/run1/cssselect_tailored/summary.csv-function_name/css_select_5_1_0' and combo '('Logarithmic', 'Linear', 'Cubic', 'Exponential')'.
Overflow error for './results/rq1/20261002-2248-tailored-cssselect_tailored/run1/cssselect_tailored/summary.csv-function_name/css_select_5_1_0' and combo '('Exponential', 'Linear', 'Cubic', 'Exponential')'.
Overflow error for './results/rq1/20261002-2248-tailored-cssselect_tailored/run1/cssselect_tailored/summary.csv-function_name/css_select_5_1_0' and combo '('LogLinear', 'Linear', 'Cubic', 'Exponential')'.
Overflow error for './results/rq1/20261002-2248-tailored-cssselect_tailored/run1/cssselect_tailored/summary.csv-function_name/css_select_5_1_0' and combo '('Linear', 'Quadratic', 'Cubic', 'Exponential')'.
Overflow error for './results/rq1/20261002-2248-tailored-cssselect_tailored/run1/cssselect_tailored/summary.csv-function_name/css_select_5_1_0' and combo '('Quadratic', 'Quadratic', 'Cubic', 'Exponential')'.
Overflow error for './results/rq1/20261002-2248-tailored-cssselect_tailored/run1/cssselect_tailored/summary.csv-function_name/css_select_5_1_0' and combo '('Cubic', 'Quadratic', 'Cubic', 'Exponential')'.
Overflow error for './results/rq1/20261002-2248-tailored-cssselect_tailored/run1/cssselect_tailored/summary.csv-function_name/css_select_5_1_0' and combo '('Logarithmic', 'Quadratic', 'Cubic', 'Exponential')'.
Overflow error for './results/rq1/20261002-2248-tailored-cssselect_tailored/run1/cssselect_tailored/summary.csv-function_name/css_select_5_1_0' and combo '('Exponential', 'Quadratic', 'Cubic', 'Exponential')'.
Overflow error for './results/rq1/20261002-2248-tailored-cssselect_tailored/run1/cssselect_tailored/summary.csv-function_name/css_select_5_1_0' and combo '('LogLinear', 'Quadratic', 'Cubic', 'Exponential')'.
Overflow error for './results/rq1/20261002-2248-tailored-cssselect_tailored/run1/cssselect_tailored/summary.csv-function_name/css_select_5_1_0' and combo '('Linear', 'Cubic', 'Cubic', 'Exponential')'.
Overflow error for './results/rq1/20261002-2248-tailored-cssselect_tailored/run1/cssselect_tailored/summary.csv-function_name/css_select_5_1_0' and combo '('Quadratic', 'Cubic', 'Cubic', 'Exponential')'.
Overflow error for './results/rq1/20261002-2248-tailored-cssselect_tailored/run1/cssselect_tailored/summary.csv-function_name/css_select_5_1_0' and combo '('Cubic', 'Cubic', 'Cubic', 'Exponential')'.
Overflow error for './results/rq1/20261002-2248-tailored-cssselect_tailored/run1/cssselect_tailored/summary.csv-function_name/css_select_5_1_0' and combo '('Logarithmic', 'Cubic', 'Cubic', 'Exponential')'.
Overflow error for './results/rq1/20261002-2248-tailored-cssselect_tailored/run1/cssselect_tailored/summary.csv-function_name/css_select_5_1_0' and combo '('Exponential', 'Cubic', 'Cubic', 'Exponential')'.
Overflow error for './results/rq1/20261002-2248-tailored-cssselect_tailored/run1/cssselect_tailored/summary.csv-function_name/css_select_5_1_0' and combo '('LogLinear', 'Cubic', 'Cubic', 'Exponential')'.
Overflow error for './results/rq1/20261002-2248-tailored-cssselect_tailored/run1/cssselect_tailored/summary.csv-function_name/css_select_5_1_0' and combo '('Linear', 'Logarithmic', 'Cubic', 'Exponential')'.
Overflow error for './results/rq1/20261002-2248-tailored-cssselect_tailored/run1/cssselect_tailored/summary.csv-function_name/css_select_5_1_0' and combo '('Quadratic', 'Logarithmic', 'Cubic', 'Exponential')'.
Overflow error for './results/rq1/20261002-2248-tailored-cssselect_tailored/run1/cssselect_tailored/summary.csv-function_name/css_select_5_1_0' and combo '('Cubic', 'Logarithmic', 'Cubic', 'Exponential')'.
Overflow error for './results/rq1/20261002-2248-tailored-cssselect_tailored/run1/cssselect_tailored/summary.csv-function_name/css_select_5_1_0' and combo '('Logarithmic', 'Logarithmic', 'Cubic', 'Exponential')'.
Overflow error for './results/rq1/20261002-2248-tailored-cssselect_tailored/run1/cssselect_tailored/summary.csv-function_name/css_select_5_1_0' and combo '('Exponential', 'Logarithmic', 'Cubic', 'Exponential')'.
Overflow error for './results/rq1/20261002-2248-tailored-cssselect_tailored/run1/cssselect_tailored/summary.csv-function_name/css_select_5_1_0' and combo '('LogLinear', 'Logarithmic', 'Cubic', 'Exponential')'.
Overflow error for './results/rq1/20261002-2248-tailored-cssselect_tailored/run1/cssselect_tailored/summary.csv-function_name/css_select_5_1_0' and combo '('Linear', 'Exponential', 'Cubic', 'Exponential')'.
Overflow error for './results/rq1/20261002-2248-tailored-cssselect_tailored/run1/cssselect_tailored/summary.csv-function_name/css_select_5_1_0' and combo '('Quadratic', 'Exponential', 'Cubic', 'Exponential')'.
Overflow error for './results/rq1/20261002-2248-tailored-cssselect_tailored/run1/cssselect_tailored/summary.csv-function_name/css_select_5_1_0' and combo '('Cubic', 'Exponential', 'Cubic', 'Exponential')'.
Overflow error for './results/rq1/20261002-2248-tailored-cssselect_tailored/run1/cssselect_tailored/summary.csv-function_name/css_select_5_1_0' and combo '('Logarithmic', 'Exponential', 'Cubic', 'Exponential')'.
Overflow error for './results/rq1/20261002-2248-tailored-cssselect_tailored/run1/cssselect_tailored/summary.csv-function_name/css_select_5_1_0' and combo '('Exponential', 'Exponential', 'Cubic', 'Exponential')'.
Overflow error for './results/rq1/20261002-2248-tailored-cssselect_tailored/run1/cssselect_tailored/summary.csv-function_name/css_select_5_1_0' and combo '('LogLinear', 'Exponential', 'Cubic', 'Exponential')'.
Overflow error for './results/rq1/20261002-2248-tailored-cssselect_tailored/run1/cssselect_tailored/summary.csv-function_name/css_select_5_1_0' and combo '('Linear', 'LogLinear', 'Cubic', 'Exponential')'.
Overflow error for './results/rq1/20261002-2248-tailored-cssselect_tailored/run1/cssselect_tailored/summary.csv-function_name/css_select_5_1_0' and combo '('Quadratic', 'LogLinear', 'Cubic', 'Exponential')'.
Overflow error for './results/rq1/20261002-2248-tailored-cssselect_tailored/run1/cssselect_tailored/summary.csv-function_name/css_select_5_1_0' and combo '('Cubic', 'LogLinear', 'Cubic', 'Exponential')'.
Overflow error for './results/rq1/20261002-2248-tailored-cssselect_tailored/run1/cssselect_tailored/summary.csv-function_name/css_select_5_1_0' and combo '('Logarithmic', 'LogLinear', 'Cubic', 'Exponential')'.
Overflow error for './results/rq1/20261002-2248-tailored-cssselect_tailored/run1/cssselect_tailored/summary.csv-function_name/css_select_5_1_0' and combo '('Exponential', 'LogLinear', 'Cubic', 'Exponential')'.
Overflow error for './results/rq1/20261002-2248-tailored-cssselect_tailored/run1/cssselect_tailored/summary.csv-function_name/css_select_5_1_0' and combo '('LogLinear', 'LogLinear', 'Cubic', 'Exponential')'.
Overflow error for './results/rq1/20261002-2248-tailored-cssselect_tailored/run1/cssselect_tailored/summary.csv-function_name/css_select_5_1_0' and combo '('Linear', 'Linear', 'Logarithmic', 'Exponential')'.
Overflow error for './results/rq1/20261002-2248-tailored-cssselect_tailored/run1/cssselect_tailored/summary.csv-function_name/css_select_5_1_0' and combo '('Quadratic', 'Linear', 'Logarithmic', 'Exponential')'.
Overflow error for './results/rq1/20261002-2248-tailored-cssselect_tailored/run1/cssselect_tailored/summary.csv-function_name/css_select_5_1_0' and combo '('Cubic', 'Linear', 'Logarithmic', 'Exponential')'.
Overflow error for './results/rq1/20261002-2248-tailored-cssselect_tailored/run1/cssselect_tailored/summary.csv-function_name/css_select_5_1_0' and combo '('Logarithmic', 'Linear', 'Logarithmic', 'Exponential')'.
Overflow error for './results/rq1/20261002-2248-tailored-cssselect_tailored/run1/cssselect_tailored/summary.csv-function_name/css_select_5_1_0' and combo '('Exponential', 'Linear', 'Logarithmic', 'Exponential')'.
Overflow error for './results/rq1/20261002-2248-tailored-cssselect_tailored/run1/cssselect_tailored/summary.csv-function_name/css_select_5_1_0' and combo '('LogLinear', 'Linear', 'Logarithmic', 'Exponential')'.
Overflow error for './results/rq1/20261002-2248-tailored-cssselect_tailored/run1/cssselect_tailored/summary.csv-function_name/css_select_5_1_0' and combo '('Linear', 'Quadratic', 'Logarithmic', 'Exponential')'.
Overflow error for './results/rq1/20261002-2248-tailored-cssselect_tailored/run1/cssselect_tailored/summary.csv-function_name/css_select_5_1_0' and combo '('Quadratic', 'Quadratic', 'Logarithmic', 'Exponential')'.
Overflow error for './results/rq1/20261002-2248-tailored-cssselect_tailored/run1/cssselect_tailored/summary.csv-function_name/css_select_5_1_0' and combo '('Cubic', 'Quadratic', 'Logarithmic', 'Exponential')'.
Overflow error for './results/rq1/20261002-2248-tailored-cssselect_tailored/run1/cssselect_tailored/summary.csv-function_name/css_select_5_1_0' and combo '('Logarithmic', 'Quadratic', 'Logarithmic', 'Exponential')'.
Overflow error for './results/rq1/20261002-2248-tailored-cssselect_tailored/run1/cssselect_tailored/summary.csv-function_name/css_select_5_1_0' and combo '('Exponential', 'Quadratic', 'Logarithmic', 'Exponential')'.
Overflow error for './results/rq1/20261002-2248-tailored-cssselect_tailored/run1/cssselect_tailored/summary.csv-function_name/css_select_5_1_0' and combo '('LogLinear', 'Quadratic', 'Logarithmic', 'Exponential')'.
Overflow error for './results/rq1/20261002-2248-tailored-cssselect_tailored/run1/cssselect_tailored/summary.csv-function_name/css_select_5_1_0' and combo '('Linear', 'Cubic', 'Logarithmic', 'Exponential')'.
Overflow error for './results/rq1/20261002-2248-tailored-cssselect_tailored/run1/cssselect_tailored/summary.csv-function_name/css_select_5_1_0' and combo '('Quadratic', 'Cubic', 'Logarithmic', 'Exponential')'.
Overflow error for './results/rq1/20261002-2248-tailored-cssselect_tailored/run1/cssselect_tailored/summary.csv-function_name/css_select_5_1_0' and combo '('Cubic', 'Cubic', 'Logarithmic', 'Exponential')'.
Overflow error for './results/rq1/20261002-2248-tailored-cssselect_tailored/run1/cssselect_tailored/summary.csv-function_name/css_select_5_1_0' and combo '('Logarithmic', 'Cubic', 'Logarithmic', 'Exponential')'.
Overflow error for './results/rq1/20261002-2248-tailored-cssselect_tailored/run1/cssselect_tailored/summary.csv-function_name/css_select_5_1_0' and combo '('Exponential', 'Cubic', 'Logarithmic', 'Exponential')'.
Overflow error for './results/rq1/20261002-2248-tailored-cssselect_tailored/run1/cssselect_tailored/summary.csv-function_name/css_select_5_1_0' and combo '('LogLinear', 'Cubic', 'Logarithmic', 'Exponential')'.
Overflow error for './results/rq1/20261002-2248-tailored-cssselect_tailored/run1/cssselect_tailored/summary.csv-function_name/css_select_5_1_0' and combo '('Linear', 'Logarithmic', 'Logarithmic', 'Exponential')'.
Overflow error for './results/rq1/20261002-2248-tailored-cssselect_tailored/run1/cssselect_tailored/summary.csv-function_name/css_select_5_1_0' and combo '('Quadratic', 'Logarithmic', 'Logarithmic', 'Exponential')'.
Overflow error for './results/rq1/20261002-2248-tailored-cssselect_tailored/run1/cssselect_tailored/summary.csv-function_name/css_select_5_1_0' and combo '('Cubic', 'Logarithmic', 'Logarithmic', 'Exponential')'.
Overflow error for './results/rq1/20261002-2248-tailored-cssselect_tailored/run1/cssselect_tailored/summary.csv-function_name/css_select_5_1_0' and combo '('Logarithmic', 'Logarithmic', 'Logarithmic', 'Exponential')'.
Overflow error for './results/rq1/20261002-2248-tailored-cssselect_tailored/run1/cssselect_tailored/summary.csv-function_name/css_select_5_1_0' and combo '('Exponential', 'Logarithmic', 'Logarithmic', 'Exponential')'.
Overflow error for './results/rq1/20261002-2248-tailored-cssselect_tailored/run1/cssselect_tailored/summary.csv-function_name/css_select_5_1_0' and combo '('LogLinear', 'Logarithmic', 'Logarithmic', 'Exponential')'.
Overflow error for './results/rq1/20261002-2248-tailored-cssselect_tailored/run1/cssselect_tailored/summary.csv-function_name/css_select_5_1_0' and combo '('Linear', 'Exponential', 'Logarithmic', 'Exponential')'.
Overflow error for './results/rq1/20261002-2248-tailored-cssselect_tailored/run1/cssselect_tailored/summary.csv-function_name/css_select_5_1_0' and combo '('Quadratic', 'Exponential', 'Logarithmic', 'Exponential')'.
Overflow error for './results/rq1/20261002-2248-tailored-cssselect_tailored/run1/cssselect_tailored/summary.csv-function_name/css_select_5_1_0' and combo '('Cubic', 'Exponential', 'Logarithmic', 'Exponential')'.
Overflow error for './results/rq1/20261002-2248-tailored-cssselect_tailored/run1/cssselect_tailored/summary.csv-function_name/css_select_5_1_0' and combo '('Logarithmic', 'Exponential', 'Logarithmic', 'Exponential')'.
Overflow error for './results/rq1/20261002-2248-tailored-cssselect_tailored/run1/cssselect_tailored/summary.csv-function_name/css_select_5_1_0' and combo '('Exponential', 'Exponential', 'Logarithmic', 'Exponential')'.
Overflow error for './results/rq1/20261002-2248-tailored-cssselect_tailored/run1/cssselect_tailored/summary.csv-function_name/css_select_5_1_0' and combo '('LogLinear', 'Exponential', 'Logarithmic', 'Exponential')'.
Overflow error for './results/rq1/20261002-2248-tailored-cssselect_tailored/run1/cssselect_tailored/summary.csv-function_name/css_select_5_1_0' and combo '('Linear', 'LogLinear', 'Logarithmic', 'Exponential')'.
Overflow error for './results/rq1/20261002-2248-tailored-cssselect_tailored/run1/cssselect_tailored/summary.csv-function_name/css_select_5_1_0' and combo '('Quadratic', 'LogLinear', 'Logarithmic', 'Exponential')'.
Overflow error for './results/rq1/20261002-2248-tailored-cssselect_tailored/run1/cssselect_tailored/summary.csv-function_name/css_select_5_1_0' and combo '('Cubic', 'LogLinear', 'Logarithmic', 'Exponential')'.
Overflow error for './results/rq1/20261002-2248-tailored-cssselect_tailored/run1/cssselect_tailored/summary.csv-function_name/css_select_5_1_0' and combo '('Logarithmic', 'LogLinear', 'Logarithmic', 'Exponential')'.
Overflow error for './results/rq1/20261002-2248-tailored-cssselect_tailored/run1/cssselect_tailored/summary.csv-function_name/css_select_5_1_0' and combo '('Exponential', 'LogLinear', 'Logarithmic', 'Exponential')'.
Overflow error for './results/rq1/20261002-2248-tailored-cssselect_tailored/run1/cssselect_tailored/summary.csv-function_name/css_select_5_1_0' and combo '('LogLinear', 'LogLinear', 'Logarithmic', 'Exponential')'.
Overflow error for './results/rq1/20261002-2248-tailored-cssselect_tailored/run1/cssselect_tailored/summary.csv-function_name/css_select_5_1_0' and combo '('Linear', 'Linear', 'Exponential', 'Exponential')'.
Overflow error for './results/rq1/20261002-2248-tailored-cssselect_tailored/run1/cssselect_tailored/summary.csv-function_name/css_select_5_1_0' and combo '('Quadratic', 'Linear', 'Exponential', 'Exponential')'.
Overflow error for './results/rq1/20261002-2248-tailored-cssselect_tailored/run1/cssselect_tailored/summary.csv-function_name/css_select_5_1_0' and combo '('Cubic', 'Linear', 'Exponential', 'Exponential')'.
Overflow error for './results/rq1/20261002-2248-tailored-cssselect_tailored/run1/cssselect_tailored/summary.csv-function_name/css_select_5_1_0' and combo '('Logarithmic', 'Linear', 'Exponential', 'Exponential')'.
Overflow error for './results/rq1/20261002-2248-tailored-cssselect_tailored/run1/cssselect_tailored/summary.csv-function_name/css_select_5_1_0' and combo '('Exponential', 'Linear', 'Exponential', 'Exponential')'.
Overflow error for './results/rq1/20261002-2248-tailored-cssselect_tailored/run1/cssselect_tailored/summary.csv-function_name/css_select_5_1_0' and combo '('LogLinear', 'Linear', 'Exponential', 'Exponential')'.
Overflow error for './results/rq1/20261002-2248-tailored-cssselect_tailored/run1/cssselect_tailored/summary.csv-function_name/css_select_5_1_0' and combo '('Linear', 'Quadratic', 'Exponential', 'Exponential')'.
Overflow error for './results/rq1/20261002-2248-tailored-cssselect_tailored/run1/cssselect_tailored/summary.csv-function_name/css_select_5_1_0' and combo '('Quadratic', 'Quadratic', 'Exponential', 'Exponential')'.
Overflow error for './results/rq1/20261002-2248-tailored-cssselect_tailored/run1/cssselect_tailored/summary.csv-function_name/css_select_5_1_0' and combo '('Cubic', 'Quadratic', 'Exponential', 'Exponential')'.
Overflow error for './results/rq1/20261002-2248-tailored-cssselect_tailored/run1/cssselect_tailored/summary.csv-function_name/css_select_5_1_0' and combo '('Logarithmic', 'Quadratic', 'Exponential', 'Exponential')'.
Overflow error for './results/rq1/20261002-2248-tailored-cssselect_tailored/run1/cssselect_tailored/summary.csv-function_name/css_select_5_1_0' and combo '('Exponential', 'Quadratic', 'Exponential', 'Exponential')'.
Overflow error for './results/rq1/20261002-2248-tailored-cssselect_tailored/run1/cssselect_tailored/summary.csv-function_name/css_select_5_1_0' and combo '('LogLinear', 'Quadratic', 'Exponential', 'Exponential')'.
Overflow error for './results/rq1/20261002-2248-tailored-cssselect_tailored/run1/cssselect_tailored/summary.csv-function_name/css_select_5_1_0' and combo '('Linear', 'Cubic', 'Exponential', 'Exponential')'.
Overflow error for './results/rq1/20261002-2248-tailored-cssselect_tailored/run1/cssselect_tailored/summary.csv-function_name/css_select_5_1_0' and combo '('Quadratic', 'Cubic', 'Exponential', 'Exponential')'.
Overflow error for './results/rq1/20261002-2248-tailored-cssselect_tailored/run1/cssselect_tailored/summary.csv-function_name/css_select_5_1_0' and combo '('Cubic', 'Cubic', 'Exponential', 'Exponential')'.
Overflow error for './results/rq1/20261002-2248-tailored-cssselect_tailored/run1/cssselect_tailored/summary.csv-function_name/css_select_5_1_0' and combo '('Logarithmic', 'Cubic', 'Exponential', 'Exponential')'.
Overflow error for './results/rq1/20261002-2248-tailored-cssselect_tailored/run1/cssselect_tailored/summary.csv-function_name/css_select_5_1_0' and combo '('Exponential', 'Cubic', 'Exponential', 'Exponential')'.
Overflow error for './results/rq1/20261002-2248-tailored-cssselect_tailored/run1/cssselect_tailored/summary.csv-function_name/css_select_5_1_0' and combo '('LogLinear', 'Cubic', 'Exponential', 'Exponential')'.
Overflow error for './results/rq1/20261002-2248-tailored-cssselect_tailored/run1/cssselect_tailored/summary.csv-function_name/css_select_5_1_0' and combo '('Linear', 'Logarithmic', 'Exponential', 'Exponential')'.
Overflow error for './results/rq1/20261002-2248-tailored-cssselect_tailored/run1/cssselect_tailored/summary.csv-function_name/css_select_5_1_0' and combo '('Quadratic', 'Logarithmic', 'Exponential', 'Exponential')'.
Overflow error for './results/rq1/20261002-2248-tailored-cssselect_tailored/run1/cssselect_tailored/summary.csv-function_name/css_select_5_1_0' and combo '('Cubic', 'Logarithmic', 'Exponential', 'Exponential')'.
Overflow error for './results/rq1/20261002-2248-tailored-cssselect_tailored/run1/cssselect_tailored/summary.csv-function_name/css_select_5_1_0' and combo '('Logarithmic', 'Logarithmic', 'Exponential', 'Exponential')'.
Overflow error for './results/rq1/20261002-2248-tailored-cssselect_tailored/run1/cssselect_tailored/summary.csv-function_name/css_select_5_1_0' and combo '('Exponential', 'Logarithmic', 'Exponential', 'Exponential')'.
Overflow error for './results/rq1/20261002-2248-tailored-cssselect_tailored/run1/cssselect_tailored/summary.csv-function_name/css_select_5_1_0' and combo '('LogLinear', 'Logarithmic', 'Exponential', 'Exponential')'.
Overflow error for './results/rq1/20261002-2248-tailored-cssselect_tailored/run1/cssselect_tailored/summary.csv-function_name/css_select_5_1_0' and combo '('Linear', 'Exponential', 'Exponential', 'Exponential')'.
Overflow error for './results/rq1/20261002-2248-tailored-cssselect_tailored/run1/cssselect_tailored/summary.csv-function_name/css_select_5_1_0' and combo '('Quadratic', 'Exponential', 'Exponential', 'Exponential')'.
Overflow error for './results/rq1/20261002-2248-tailored-cssselect_tailored/run1/cssselect_tailored/summary.csv-function_name/css_select_5_1_0' and combo '('Cubic', 'Exponential', 'Exponential', 'Exponential')'.
Overflow error for './results/rq1/20261002-2248-tailored-cssselect_tailored/run1/cssselect_tailored/summary.csv-function_name/css_select_5_1_0' and combo '('Logarithmic', 'Exponential', 'Exponential', 'Exponential')'.
Overflow error for './results/rq1/20261002-2248-tailored-cssselect_tailored/run1/cssselect_tailored/summary.csv-function_name/css_select_5_1_0' and combo '('Exponential', 'Exponential', 'Exponential', 'Exponential')'.
Overflow error for './results/rq1/20261002-2248-tailored-cssselect_tailored/run1/cssselect_tailored/summary.csv-function_name/css_select_5_1_0' and combo '('LogLinear', 'Exponential', 'Exponential', 'Exponential')'.
Overflow error for './results/rq1/20261002-2248-tailored-cssselect_tailored/run1/cssselect_tailored/summary.csv-function_name/css_select_5_1_0' and combo '('Linear', 'LogLinear', 'Exponential', 'Exponential')'.
Overflow error for './results/rq1/20261002-2248-tailored-cssselect_tailored/run1/cssselect_tailored/summary.csv-function_name/css_select_5_1_0' and combo '('Quadratic', 'LogLinear', 'Exponential', 'Exponential')'.
Overflow error for './results/rq1/20261002-2248-tailored-cssselect_tailored/run1/cssselect_tailored/summary.csv-function_name/css_select_5_1_0' and combo '('Cubic', 'LogLinear', 'Exponential', 'Exponential')'.
Overflow error for './results/rq1/20261002-2248-tailored-cssselect_tailored/run1/cssselect_tailored/summary.csv-function_name/css_select_5_1_0' and combo '('Logarithmic', 'LogLinear', 'Exponential', 'Exponential')'.
Overflow error for './results/rq1/20261002-2248-tailored-cssselect_tailored/run1/cssselect_tailored/summary.csv-function_name/css_select_5_1_0' and combo '('Exponential', 'LogLinear', 'Exponential', 'Exponential')'.
Overflow error for './results/rq1/20261002-2248-tailored-cssselect_tailored/run1/cssselect_tailored/summary.csv-function_name/css_select_5_1_0' and combo '('LogLinear', 'LogLinear', 'Exponential', 'Exponential')'.
Overflow error for './results/rq1/20261002-2248-tailored-cssselect_tailored/run1/cssselect_tailored/summary.csv-function_name/css_select_5_1_0' and combo '('Linear', 'Linear', 'LogLinear', 'Exponential')'.
Overflow error for './results/rq1/20261002-2248-tailored-cssselect_tailored/run1/cssselect_tailored/summary.csv-function_name/css_select_5_1_0' and combo '('Quadratic', 'Linear', 'LogLinear', 'Exponential')'.
Overflow error for './results/rq1/20261002-2248-tailored-cssselect_tailored/run1/cssselect_tailored/summary.csv-function_name/css_select_5_1_0' and combo '('Cubic', 'Linear', 'LogLinear', 'Exponential')'.
Overflow error for './results/rq1/20261002-2248-tailored-cssselect_tailored/run1/cssselect_tailored/summary.csv-function_name/css_select_5_1_0' and combo '('Logarithmic', 'Linear', 'LogLinear', 'Exponential')'.
Overflow error for './results/rq1/20261002-2248-tailored-cssselect_tailored/run1/cssselect_tailored/summary.csv-function_name/css_select_5_1_0' and combo '('Exponential', 'Linear', 'LogLinear', 'Exponential')'.
Overflow error for './results/rq1/20261002-2248-tailored-cssselect_tailored/run1/cssselect_tailored/summary.csv-function_name/css_select_5_1_0' and combo '('LogLinear', 'Linear', 'LogLinear', 'Exponential')'.
Overflow error for './results/rq1/20261002-2248-tailored-cssselect_tailored/run1/cssselect_tailored/summary.csv-function_name/css_select_5_1_0' and combo '('Linear', 'Quadratic', 'LogLinear', 'Exponential')'.
Overflow error for './results/rq1/20261002-2248-tailored-cssselect_tailored/run1/cssselect_tailored/summary.csv-function_name/css_select_5_1_0' and combo '('Quadratic', 'Quadratic', 'LogLinear', 'Exponential')'.
Overflow error for './results/rq1/20261002-2248-tailored-cssselect_tailored/run1/cssselect_tailored/summary.csv-function_name/css_select_5_1_0' and combo '('Cubic', 'Quadratic', 'LogLinear', 'Exponential')'.
Overflow error for './results/rq1/20261002-2248-tailored-cssselect_tailored/run1/cssselect_tailored/summary.csv-function_name/css_select_5_1_0' and combo '('Logarithmic', 'Quadratic', 'LogLinear', 'Exponential')'.
Overflow error for './results/rq1/20261002-2248-tailored-cssselect_tailored/run1/cssselect_tailored/summary.csv-function_name/css_select_5_1_0' and combo '('Exponential', 'Quadratic', 'LogLinear', 'Exponential')'.
Overflow error for './results/rq1/20261002-2248-tailored-cssselect_tailored/run1/cssselect_tailored/summary.csv-function_name/css_select_5_1_0' and combo '('LogLinear', 'Quadratic', 'LogLinear', 'Exponential')'.
Overflow error for './results/rq1/20261002-2248-tailored-cssselect_tailored/run1/cssselect_tailored/summary.csv-function_name/css_select_5_1_0' and combo '('Linear', 'Cubic', 'LogLinear', 'Exponential')'.
Overflow error for './results/rq1/20261002-2248-tailored-cssselect_tailored/run1/cssselect_tailored/summary.csv-function_name/css_select_5_1_0' and combo '('Quadratic', 'Cubic', 'LogLinear', 'Exponential')'.
Overflow error for './results/rq1/20261002-2248-tailored-cssselect_tailored/run1/cssselect_tailored/summary.csv-function_name/css_select_5_1_0' and combo '('Cubic', 'Cubic', 'LogLinear', 'Exponential')'.
Overflow error for './results/rq1/20261002-2248-tailored-cssselect_tailored/run1/cssselect_tailored/summary.csv-function_name/css_select_5_1_0' and combo '('Logarithmic', 'Cubic', 'LogLinear', 'Exponential')'.
Overflow error for './results/rq1/20261002-2248-tailored-cssselect_tailored/run1/cssselect_tailored/summary.csv-function_name/css_select_5_1_0' and combo '('Exponential', 'Cubic', 'LogLinear', 'Exponential')'.
Overflow error for './results/rq1/20261002-2248-tailored-cssselect_tailored/run1/cssselect_tailored/summary.csv-function_name/css_select_5_1_0' and combo '('LogLinear', 'Cubic', 'LogLinear', 'Exponential')'.
Overflow error for './results/rq1/20261002-2248-tailored-cssselect_tailored/run1/cssselect_tailored/summary.csv-function_name/css_select_5_1_0' and combo '('Linear', 'Logarithmic', 'LogLinear', 'Exponential')'.
Overflow error for './results/rq1/20261002-2248-tailored-cssselect_tailored/run1/cssselect_tailored/summary.csv-function_name/css_select_5_1_0' and combo '('Quadratic', 'Logarithmic', 'LogLinear', 'Exponential')'.
Overflow error for './results/rq1/20261002-2248-tailored-cssselect_tailored/run1/cssselect_tailored/summary.csv-function_name/css_select_5_1_0' and combo '('Cubic', 'Logarithmic', 'LogLinear', 'Exponential')'.
Overflow error for './results/rq1/20261002-2248-tailored-cssselect_tailored/run1/cssselect_tailored/summary.csv-function_name/css_select_5_1_0' and combo '('Logarithmic', 'Logarithmic', 'LogLinear', 'Exponential')'.
Overflow error for './results/rq1/20261002-2248-tailored-cssselect_tailored/run1/cssselect_tailored/summary.csv-function_name/css_select_5_1_0' and combo '('Exponential', 'Logarithmic', 'LogLinear', 'Exponential')'.
Overflow error for './results/rq1/20261002-2248-tailored-cssselect_tailored/run1/cssselect_tailored/summary.csv-function_name/css_select_5_1_0' and combo '('LogLinear', 'Logarithmic', 'LogLinear', 'Exponential')'.
Overflow error for './results/rq1/20261002-2248-tailored-cssselect_tailored/run1/cssselect_tailored/summary.csv-function_name/css_select_5_1_0' and combo '('Linear', 'Exponential', 'LogLinear', 'Exponential')'.
Overflow error for './results/rq1/20261002-2248-tailored-cssselect_tailored/run1/cssselect_tailored/summary.csv-function_name/css_select_5_1_0' and combo '('Quadratic', 'Exponential', 'LogLinear', 'Exponential')'.
Overflow error for './results/rq1/20261002-2248-tailored-cssselect_tailored/run1/cssselect_tailored/summary.csv-function_name/css_select_5_1_0' and combo '('Cubic', 'Exponential', 'LogLinear', 'Exponential')'.
Overflow error for './results/rq1/20261002-2248-tailored-cssselect_tailored/run1/cssselect_tailored/summary.csv-function_name/css_select_5_1_0' and combo '('Logarithmic', 'Exponential', 'LogLinear', 'Exponential')'.
Overflow error for './results/rq1/20261002-2248-tailored-cssselect_tailored/run1/cssselect_tailored/summary.csv-function_name/css_select_5_1_0' and combo '('Exponential', 'Exponential', 'LogLinear', 'Exponential')'.
Overflow error for './results/rq1/20261002-2248-tailored-cssselect_tailored/run1/cssselect_tailored/summary.csv-function_name/css_select_5_1_0' and combo '('LogLinear', 'Exponential', 'LogLinear', 'Exponential')'.
Overflow error for './results/rq1/20261002-2248-tailored-cssselect_tailored/run1/cssselect_tailored/summary.csv-function_name/css_select_5_1_0' and combo '('Linear', 'LogLinear', 'LogLinear', 'Exponential')'.
Overflow error for './results/rq1/20261002-2248-tailored-cssselect_tailored/run1/cssselect_tailored/summary.csv-function_name/css_select_5_1_0' and combo '('Quadratic', 'LogLinear', 'LogLinear', 'Exponential')'.
Overflow error for './results/rq1/20261002-2248-tailored-cssselect_tailored/run1/cssselect_tailored/summary.csv-function_name/css_select_5_1_0' and combo '('Cubic', 'LogLinear', 'LogLinear', 'Exponential')'.
Overflow error for './results/rq1/20261002-2248-tailored-cssselect_tailored/run1/cssselect_tailored/summary.csv-function_name/css_select_5_1_0' and combo '('Logarithmic', 'LogLinear', 'LogLinear', 'Exponential')'.
Overflow error for './results/rq1/20261002-2248-tailored-cssselect_tailored/run1/cssselect_tailored/summary.csv-function_name/css_select_5_1_0' and combo '('Exponential', 'LogLinear', 'LogLinear', 'Exponential')'.
Overflow error for './results/rq1/20261002-2248-tailored-cssselect_tailored/run1/cssselect_tailored/summary.csv-function_name/css_select_5_1_0' and combo '('LogLinear', 'LogLinear', 'LogLinear', 'Exponential')'.
Model fit results for './results/rq1/20261002-2248-tailored-cssselect_tailored/run1/cssselect_tailored/summary.csv-function_name/css_select_5_1_0':
Best fit for './results/rq1/20261002-2248-tailored-cssselect_tailored/run1/cssselect_tailored/summary.csv-function_name/css_select_5_1_0':
R^2: 0.4040534916565499
Intercept: 75431586.22280025
Feature 'count_comma' has complexity class 'Linear'.
The coefficient for this feature is 96916.35014295227.
Feature 'count_pseudo_class_selector' has complexity class 'Exponential'.
The coefficient for this feature is -0.0007272402737225729.
Feature 'count_an_a' has complexity class 'Exponential'.
The coefficient for this feature is -997.4211817658481.
Feature 'doc_bytes' has complexity class 'Logarithmic'.
The coefficient for this feature is -299349.45582205174.
Saved 3d fit model plot to ./results/rq1/20261002-2248-tailored-cssselect_tailored/run1/cssselect_tailored/plots/3dmodel_rss_vs_count_comma_and_count_pseudo_class_selector_and_count_an_a_and_doc_bytes_css_select_5_1_0.png
Overflow error for './results/rq1/20261002-2248-tailored-cssselect_tailored/run1/cssselect_tailored/summary.csv-function_name/css_select_5_2_0' and combo '('Linear', 'Linear', 'Linear', 'Exponential')'.
Overflow error for './results/rq1/20261002-2248-tailored-cssselect_tailored/run1/cssselect_tailored/summary.csv-function_name/css_select_5_2_0' and combo '('Quadratic', 'Linear', 'Linear', 'Exponential')'.
Overflow error for './results/rq1/20261002-2248-tailored-cssselect_tailored/run1/cssselect_tailored/summary.csv-function_name/css_select_5_2_0' and combo '('Cubic', 'Linear', 'Linear', 'Exponential')'.
Overflow error for './results/rq1/20261002-2248-tailored-cssselect_tailored/run1/cssselect_tailored/summary.csv-function_name/css_select_5_2_0' and combo '('Logarithmic', 'Linear', 'Linear', 'Exponential')'.
Overflow error for './results/rq1/20261002-2248-tailored-cssselect_tailored/run1/cssselect_tailored/summary.csv-function_name/css_select_5_2_0' and combo '('Exponential', 'Linear', 'Linear', 'Exponential')'.
Overflow error for './results/rq1/20261002-2248-tailored-cssselect_tailored/run1/cssselect_tailored/summary.csv-function_name/css_select_5_2_0' and combo '('LogLinear', 'Linear', 'Linear', 'Exponential')'.
Overflow error for './results/rq1/20261002-2248-tailored-cssselect_tailored/run1/cssselect_tailored/summary.csv-function_name/css_select_5_2_0' and combo '('Linear', 'Quadratic', 'Linear', 'Exponential')'.
Overflow error for './results/rq1/20261002-2248-tailored-cssselect_tailored/run1/cssselect_tailored/summary.csv-function_name/css_select_5_2_0' and combo '('Quadratic', 'Quadratic', 'Linear', 'Exponential')'.
Overflow error for './results/rq1/20261002-2248-tailored-cssselect_tailored/run1/cssselect_tailored/summary.csv-function_name/css_select_5_2_0' and combo '('Cubic', 'Quadratic', 'Linear', 'Exponential')'.
Overflow error for './results/rq1/20261002-2248-tailored-cssselect_tailored/run1/cssselect_tailored/summary.csv-function_name/css_select_5_2_0' and combo '('Logarithmic', 'Quadratic', 'Linear', 'Exponential')'.
Overflow error for './results/rq1/20261002-2248-tailored-cssselect_tailored/run1/cssselect_tailored/summary.csv-function_name/css_select_5_2_0' and combo '('Exponential', 'Quadratic', 'Linear', 'Exponential')'.
Overflow error for './results/rq1/20261002-2248-tailored-cssselect_tailored/run1/cssselect_tailored/summary.csv-function_name/css_select_5_2_0' and combo '('LogLinear', 'Quadratic', 'Linear', 'Exponential')'.
Overflow error for './results/rq1/20261002-2248-tailored-cssselect_tailored/run1/cssselect_tailored/summary.csv-function_name/css_select_5_2_0' and combo '('Linear', 'Cubic', 'Linear', 'Exponential')'.
Overflow error for './results/rq1/20261002-2248-tailored-cssselect_tailored/run1/cssselect_tailored/summary.csv-function_name/css_select_5_2_0' and combo '('Quadratic', 'Cubic', 'Linear', 'Exponential')'.
Overflow error for './results/rq1/20261002-2248-tailored-cssselect_tailored/run1/cssselect_tailored/summary.csv-function_name/css_select_5_2_0' and combo '('Cubic', 'Cubic', 'Linear', 'Exponential')'.
Overflow error for './results/rq1/20261002-2248-tailored-cssselect_tailored/run1/cssselect_tailored/summary.csv-function_name/css_select_5_2_0' and combo '('Logarithmic', 'Cubic', 'Linear', 'Exponential')'.
Overflow error for './results/rq1/20261002-2248-tailored-cssselect_tailored/run1/cssselect_tailored/summary.csv-function_name/css_select_5_2_0' and combo '('Exponential', 'Cubic', 'Linear', 'Exponential')'.
Overflow error for './results/rq1/20261002-2248-tailored-cssselect_tailored/run1/cssselect_tailored/summary.csv-function_name/css_select_5_2_0' and combo '('LogLinear', 'Cubic', 'Linear', 'Exponential')'.
Overflow error for './results/rq1/20261002-2248-tailored-cssselect_tailored/run1/cssselect_tailored/summary.csv-function_name/css_select_5_2_0' and combo '('Linear', 'Logarithmic', 'Linear', 'Exponential')'.
Overflow error for './results/rq1/20261002-2248-tailored-cssselect_tailored/run1/cssselect_tailored/summary.csv-function_name/css_select_5_2_0' and combo '('Quadratic', 'Logarithmic', 'Linear', 'Exponential')'.
Overflow error for './results/rq1/20261002-2248-tailored-cssselect_tailored/run1/cssselect_tailored/summary.csv-function_name/css_select_5_2_0' and combo '('Cubic', 'Logarithmic', 'Linear', 'Exponential')'.
Overflow error for './results/rq1/20261002-2248-tailored-cssselect_tailored/run1/cssselect_tailored/summary.csv-function_name/css_select_5_2_0' and combo '('Logarithmic', 'Logarithmic', 'Linear', 'Exponential')'.
Overflow error for './results/rq1/20261002-2248-tailored-cssselect_tailored/run1/cssselect_tailored/summary.csv-function_name/css_select_5_2_0' and combo '('Exponential', 'Logarithmic', 'Linear', 'Exponential')'.
Overflow error for './results/rq1/20261002-2248-tailored-cssselect_tailored/run1/cssselect_tailored/summary.csv-function_name/css_select_5_2_0' and combo '('LogLinear', 'Logarithmic', 'Linear', 'Exponential')'.
Overflow error for './results/rq1/20261002-2248-tailored-cssselect_tailored/run1/cssselect_tailored/summary.csv-function_name/css_select_5_2_0' and combo '('Linear', 'Exponential', 'Linear', 'Exponential')'.
Overflow error for './results/rq1/20261002-2248-tailored-cssselect_tailored/run1/cssselect_tailored/summary.csv-function_name/css_select_5_2_0' and combo '('Quadratic', 'Exponential', 'Linear', 'Exponential')'.
Overflow error for './results/rq1/20261002-2248-tailored-cssselect_tailored/run1/cssselect_tailored/summary.csv-function_name/css_select_5_2_0' and combo '('Cubic', 'Exponential', 'Linear', 'Exponential')'.
Overflow error for './results/rq1/20261002-2248-tailored-cssselect_tailored/run1/cssselect_tailored/summary.csv-function_name/css_select_5_2_0' and combo '('Logarithmic', 'Exponential', 'Linear', 'Exponential')'.
Overflow error for './results/rq1/20261002-2248-tailored-cssselect_tailored/run1/cssselect_tailored/summary.csv-function_name/css_select_5_2_0' and combo '('Exponential', 'Exponential', 'Linear', 'Exponential')'.
Overflow error for './results/rq1/20261002-2248-tailored-cssselect_tailored/run1/cssselect_tailored/summary.csv-function_name/css_select_5_2_0' and combo '('LogLinear', 'Exponential', 'Linear', 'Exponential')'.
Overflow error for './results/rq1/20261002-2248-tailored-cssselect_tailored/run1/cssselect_tailored/summary.csv-function_name/css_select_5_2_0' and combo '('Linear', 'LogLinear', 'Linear', 'Exponential')'.
Overflow error for './results/rq1/20261002-2248-tailored-cssselect_tailored/run1/cssselect_tailored/summary.csv-function_name/css_select_5_2_0' and combo '('Quadratic', 'LogLinear', 'Linear', 'Exponential')'.
Overflow error for './results/rq1/20261002-2248-tailored-cssselect_tailored/run1/cssselect_tailored/summary.csv-function_name/css_select_5_2_0' and combo '('Cubic', 'LogLinear', 'Linear', 'Exponential')'.
Overflow error for './results/rq1/20261002-2248-tailored-cssselect_tailored/run1/cssselect_tailored/summary.csv-function_name/css_select_5_2_0' and combo '('Logarithmic', 'LogLinear', 'Linear', 'Exponential')'.
Overflow error for './results/rq1/20261002-2248-tailored-cssselect_tailored/run1/cssselect_tailored/summary.csv-function_name/css_select_5_2_0' and combo '('Exponential', 'LogLinear', 'Linear', 'Exponential')'.
Overflow error for './results/rq1/20261002-2248-tailored-cssselect_tailored/run1/cssselect_tailored/summary.csv-function_name/css_select_5_2_0' and combo '('LogLinear', 'LogLinear', 'Linear', 'Exponential')'.
Overflow error for './results/rq1/20261002-2248-tailored-cssselect_tailored/run1/cssselect_tailored/summary.csv-function_name/css_select_5_2_0' and combo '('Linear', 'Linear', 'Quadratic', 'Exponential')'.
Overflow error for './results/rq1/20261002-2248-tailored-cssselect_tailored/run1/cssselect_tailored/summary.csv-function_name/css_select_5_2_0' and combo '('Quadratic', 'Linear', 'Quadratic', 'Exponential')'.
Overflow error for './results/rq1/20261002-2248-tailored-cssselect_tailored/run1/cssselect_tailored/summary.csv-function_name/css_select_5_2_0' and combo '('Cubic', 'Linear', 'Quadratic', 'Exponential')'.
Overflow error for './results/rq1/20261002-2248-tailored-cssselect_tailored/run1/cssselect_tailored/summary.csv-function_name/css_select_5_2_0' and combo '('Logarithmic', 'Linear', 'Quadratic', 'Exponential')'.
Overflow error for './results/rq1/20261002-2248-tailored-cssselect_tailored/run1/cssselect_tailored/summary.csv-function_name/css_select_5_2_0' and combo '('Exponential', 'Linear', 'Quadratic', 'Exponential')'.
Overflow error for './results/rq1/20261002-2248-tailored-cssselect_tailored/run1/cssselect_tailored/summary.csv-function_name/css_select_5_2_0' and combo '('LogLinear', 'Linear', 'Quadratic', 'Exponential')'.
Overflow error for './results/rq1/20261002-2248-tailored-cssselect_tailored/run1/cssselect_tailored/summary.csv-function_name/css_select_5_2_0' and combo '('Linear', 'Quadratic', 'Quadratic', 'Exponential')'.
Overflow error for './results/rq1/20261002-2248-tailored-cssselect_tailored/run1/cssselect_tailored/summary.csv-function_name/css_select_5_2_0' and combo '('Quadratic', 'Quadratic', 'Quadratic', 'Exponential')'.
Overflow error for './results/rq1/20261002-2248-tailored-cssselect_tailored/run1/cssselect_tailored/summary.csv-function_name/css_select_5_2_0' and combo '('Cubic', 'Quadratic', 'Quadratic', 'Exponential')'.
Overflow error for './results/rq1/20261002-2248-tailored-cssselect_tailored/run1/cssselect_tailored/summary.csv-function_name/css_select_5_2_0' and combo '('Logarithmic', 'Quadratic', 'Quadratic', 'Exponential')'.
Overflow error for './results/rq1/20261002-2248-tailored-cssselect_tailored/run1/cssselect_tailored/summary.csv-function_name/css_select_5_2_0' and combo '('Exponential', 'Quadratic', 'Quadratic', 'Exponential')'.
Overflow error for './results/rq1/20261002-2248-tailored-cssselect_tailored/run1/cssselect_tailored/summary.csv-function_name/css_select_5_2_0' and combo '('LogLinear', 'Quadratic', 'Quadratic', 'Exponential')'.
Overflow error for './results/rq1/20261002-2248-tailored-cssselect_tailored/run1/cssselect_tailored/summary.csv-function_name/css_select_5_2_0' and combo '('Linear', 'Cubic', 'Quadratic', 'Exponential')'.
Overflow error for './results/rq1/20261002-2248-tailored-cssselect_tailored/run1/cssselect_tailored/summary.csv-function_name/css_select_5_2_0' and combo '('Quadratic', 'Cubic', 'Quadratic', 'Exponential')'.
Overflow error for './results/rq1/20261002-2248-tailored-cssselect_tailored/run1/cssselect_tailored/summary.csv-function_name/css_select_5_2_0' and combo '('Cubic', 'Cubic', 'Quadratic', 'Exponential')'.
Overflow error for './results/rq1/20261002-2248-tailored-cssselect_tailored/run1/cssselect_tailored/summary.csv-function_name/css_select_5_2_0' and combo '('Logarithmic', 'Cubic', 'Quadratic', 'Exponential')'.
Overflow error for './results/rq1/20261002-2248-tailored-cssselect_tailored/run1/cssselect_tailored/summary.csv-function_name/css_select_5_2_0' and combo '('Exponential', 'Cubic', 'Quadratic', 'Exponential')'.
Overflow error for './results/rq1/20261002-2248-tailored-cssselect_tailored/run1/cssselect_tailored/summary.csv-function_name/css_select_5_2_0' and combo '('LogLinear', 'Cubic', 'Quadratic', 'Exponential')'.
Overflow error for './results/rq1/20261002-2248-tailored-cssselect_tailored/run1/cssselect_tailored/summary.csv-function_name/css_select_5_2_0' and combo '('Linear', 'Logarithmic', 'Quadratic', 'Exponential')'.
Overflow error for './results/rq1/20261002-2248-tailored-cssselect_tailored/run1/cssselect_tailored/summary.csv-function_name/css_select_5_2_0' and combo '('Quadratic', 'Logarithmic', 'Quadratic', 'Exponential')'.
Overflow error for './results/rq1/20261002-2248-tailored-cssselect_tailored/run1/cssselect_tailored/summary.csv-function_name/css_select_5_2_0' and combo '('Cubic', 'Logarithmic', 'Quadratic', 'Exponential')'.
Overflow error for './results/rq1/20261002-2248-tailored-cssselect_tailored/run1/cssselect_tailored/summary.csv-function_name/css_select_5_2_0' and combo '('Logarithmic', 'Logarithmic', 'Quadratic', 'Exponential')'.
Overflow error for './results/rq1/20261002-2248-tailored-cssselect_tailored/run1/cssselect_tailored/summary.csv-function_name/css_select_5_2_0' and combo '('Exponential', 'Logarithmic', 'Quadratic', 'Exponential')'.
Overflow error for './results/rq1/20261002-2248-tailored-cssselect_tailored/run1/cssselect_tailored/summary.csv-function_name/css_select_5_2_0' and combo '('LogLinear', 'Logarithmic', 'Quadratic', 'Exponential')'.
Overflow error for './results/rq1/20261002-2248-tailored-cssselect_tailored/run1/cssselect_tailored/summary.csv-function_name/css_select_5_2_0' and combo '('Linear', 'Exponential', 'Quadratic', 'Exponential')'.
Overflow error for './results/rq1/20261002-2248-tailored-cssselect_tailored/run1/cssselect_tailored/summary.csv-function_name/css_select_5_2_0' and combo '('Quadratic', 'Exponential', 'Quadratic', 'Exponential')'.
Overflow error for './results/rq1/20261002-2248-tailored-cssselect_tailored/run1/cssselect_tailored/summary.csv-function_name/css_select_5_2_0' and combo '('Cubic', 'Exponential', 'Quadratic', 'Exponential')'.
Overflow error for './results/rq1/20261002-2248-tailored-cssselect_tailored/run1/cssselect_tailored/summary.csv-function_name/css_select_5_2_0' and combo '('Logarithmic', 'Exponential', 'Quadratic', 'Exponential')'.
Overflow error for './results/rq1/20261002-2248-tailored-cssselect_tailored/run1/cssselect_tailored/summary.csv-function_name/css_select_5_2_0' and combo '('Exponential', 'Exponential', 'Quadratic', 'Exponential')'.
Overflow error for './results/rq1/20261002-2248-tailored-cssselect_tailored/run1/cssselect_tailored/summary.csv-function_name/css_select_5_2_0' and combo '('LogLinear', 'Exponential', 'Quadratic', 'Exponential')'.
Overflow error for './results/rq1/20261002-2248-tailored-cssselect_tailored/run1/cssselect_tailored/summary.csv-function_name/css_select_5_2_0' and combo '('Linear', 'LogLinear', 'Quadratic', 'Exponential')'.
Overflow error for './results/rq1/20261002-2248-tailored-cssselect_tailored/run1/cssselect_tailored/summary.csv-function_name/css_select_5_2_0' and combo '('Quadratic', 'LogLinear', 'Quadratic', 'Exponential')'.
Overflow error for './results/rq1/20261002-2248-tailored-cssselect_tailored/run1/cssselect_tailored/summary.csv-function_name/css_select_5_2_0' and combo '('Cubic', 'LogLinear', 'Quadratic', 'Exponential')'.
Overflow error for './results/rq1/20261002-2248-tailored-cssselect_tailored/run1/cssselect_tailored/summary.csv-function_name/css_select_5_2_0' and combo '('Logarithmic', 'LogLinear', 'Quadratic', 'Exponential')'.
Overflow error for './results/rq1/20261002-2248-tailored-cssselect_tailored/run1/cssselect_tailored/summary.csv-function_name/css_select_5_2_0' and combo '('Exponential', 'LogLinear', 'Quadratic', 'Exponential')'.
Overflow error for './results/rq1/20261002-2248-tailored-cssselect_tailored/run1/cssselect_tailored/summary.csv-function_name/css_select_5_2_0' and combo '('LogLinear', 'LogLinear', 'Quadratic', 'Exponential')'.
Overflow error for './results/rq1/20261002-2248-tailored-cssselect_tailored/run1/cssselect_tailored/summary.csv-function_name/css_select_5_2_0' and combo '('Linear', 'Linear', 'Cubic', 'Exponential')'.
Overflow error for './results/rq1/20261002-2248-tailored-cssselect_tailored/run1/cssselect_tailored/summary.csv-function_name/css_select_5_2_0' and combo '('Quadratic', 'Linear', 'Cubic', 'Exponential')'.
Overflow error for './results/rq1/20261002-2248-tailored-cssselect_tailored/run1/cssselect_tailored/summary.csv-function_name/css_select_5_2_0' and combo '('Cubic', 'Linear', 'Cubic', 'Exponential')'.
Overflow error for './results/rq1/20261002-2248-tailored-cssselect_tailored/run1/cssselect_tailored/summary.csv-function_name/css_select_5_2_0' and combo '('Logarithmic', 'Linear', 'Cubic', 'Exponential')'.
Overflow error for './results/rq1/20261002-2248-tailored-cssselect_tailored/run1/cssselect_tailored/summary.csv-function_name/css_select_5_2_0' and combo '('Exponential', 'Linear', 'Cubic', 'Exponential')'.
Overflow error for './results/rq1/20261002-2248-tailored-cssselect_tailored/run1/cssselect_tailored/summary.csv-function_name/css_select_5_2_0' and combo '('LogLinear', 'Linear', 'Cubic', 'Exponential')'.
Overflow error for './results/rq1/20261002-2248-tailored-cssselect_tailored/run1/cssselect_tailored/summary.csv-function_name/css_select_5_2_0' and combo '('Linear', 'Quadratic', 'Cubic', 'Exponential')'.
Overflow error for './results/rq1/20261002-2248-tailored-cssselect_tailored/run1/cssselect_tailored/summary.csv-function_name/css_select_5_2_0' and combo '('Quadratic', 'Quadratic', 'Cubic', 'Exponential')'.
Overflow error for './results/rq1/20261002-2248-tailored-cssselect_tailored/run1/cssselect_tailored/summary.csv-function_name/css_select_5_2_0' and combo '('Cubic', 'Quadratic', 'Cubic', 'Exponential')'.
Overflow error for './results/rq1/20261002-2248-tailored-cssselect_tailored/run1/cssselect_tailored/summary.csv-function_name/css_select_5_2_0' and combo '('Logarithmic', 'Quadratic', 'Cubic', 'Exponential')'.
Overflow error for './results/rq1/20261002-2248-tailored-cssselect_tailored/run1/cssselect_tailored/summary.csv-function_name/css_select_5_2_0' and combo '('Exponential', 'Quadratic', 'Cubic', 'Exponential')'.
Overflow error for './results/rq1/20261002-2248-tailored-cssselect_tailored/run1/cssselect_tailored/summary.csv-function_name/css_select_5_2_0' and combo '('LogLinear', 'Quadratic', 'Cubic', 'Exponential')'.
Overflow error for './results/rq1/20261002-2248-tailored-cssselect_tailored/run1/cssselect_tailored/summary.csv-function_name/css_select_5_2_0' and combo '('Linear', 'Cubic', 'Cubic', 'Exponential')'.
Overflow error for './results/rq1/20261002-2248-tailored-cssselect_tailored/run1/cssselect_tailored/summary.csv-function_name/css_select_5_2_0' and combo '('Quadratic', 'Cubic', 'Cubic', 'Exponential')'.
Overflow error for './results/rq1/20261002-2248-tailored-cssselect_tailored/run1/cssselect_tailored/summary.csv-function_name/css_select_5_2_0' and combo '('Cubic', 'Cubic', 'Cubic', 'Exponential')'.
Overflow error for './results/rq1/20261002-2248-tailored-cssselect_tailored/run1/cssselect_tailored/summary.csv-function_name/css_select_5_2_0' and combo '('Logarithmic', 'Cubic', 'Cubic', 'Exponential')'.
Overflow error for './results/rq1/20261002-2248-tailored-cssselect_tailored/run1/cssselect_tailored/summary.csv-function_name/css_select_5_2_0' and combo '('Exponential', 'Cubic', 'Cubic', 'Exponential')'.
Overflow error for './results/rq1/20261002-2248-tailored-cssselect_tailored/run1/cssselect_tailored/summary.csv-function_name/css_select_5_2_0' and combo '('LogLinear', 'Cubic', 'Cubic', 'Exponential')'.
Overflow error for './results/rq1/20261002-2248-tailored-cssselect_tailored/run1/cssselect_tailored/summary.csv-function_name/css_select_5_2_0' and combo '('Linear', 'Logarithmic', 'Cubic', 'Exponential')'.
Overflow error for './results/rq1/20261002-2248-tailored-cssselect_tailored/run1/cssselect_tailored/summary.csv-function_name/css_select_5_2_0' and combo '('Quadratic', 'Logarithmic', 'Cubic', 'Exponential')'.
Overflow error for './results/rq1/20261002-2248-tailored-cssselect_tailored/run1/cssselect_tailored/summary.csv-function_name/css_select_5_2_0' and combo '('Cubic', 'Logarithmic', 'Cubic', 'Exponential')'.
Overflow error for './results/rq1/20261002-2248-tailored-cssselect_tailored/run1/cssselect_tailored/summary.csv-function_name/css_select_5_2_0' and combo '('Logarithmic', 'Logarithmic', 'Cubic', 'Exponential')'.
Overflow error for './results/rq1/20261002-2248-tailored-cssselect_tailored/run1/cssselect_tailored/summary.csv-function_name/css_select_5_2_0' and combo '('Exponential', 'Logarithmic', 'Cubic', 'Exponential')'.
Overflow error for './results/rq1/20261002-2248-tailored-cssselect_tailored/run1/cssselect_tailored/summary.csv-function_name/css_select_5_2_0' and combo '('LogLinear', 'Logarithmic', 'Cubic', 'Exponential')'.
Overflow error for './results/rq1/20261002-2248-tailored-cssselect_tailored/run1/cssselect_tailored/summary.csv-function_name/css_select_5_2_0' and combo '('Linear', 'Exponential', 'Cubic', 'Exponential')'.
Overflow error for './results/rq1/20261002-2248-tailored-cssselect_tailored/run1/cssselect_tailored/summary.csv-function_name/css_select_5_2_0' and combo '('Quadratic', 'Exponential', 'Cubic', 'Exponential')'.
Overflow error for './results/rq1/20261002-2248-tailored-cssselect_tailored/run1/cssselect_tailored/summary.csv-function_name/css_select_5_2_0' and combo '('Cubic', 'Exponential', 'Cubic', 'Exponential')'.
Overflow error for './results/rq1/20261002-2248-tailored-cssselect_tailored/run1/cssselect_tailored/summary.csv-function_name/css_select_5_2_0' and combo '('Logarithmic', 'Exponential', 'Cubic', 'Exponential')'.
Overflow error for './results/rq1/20261002-2248-tailored-cssselect_tailored/run1/cssselect_tailored/summary.csv-function_name/css_select_5_2_0' and combo '('Exponential', 'Exponential', 'Cubic', 'Exponential')'.
Overflow error for './results/rq1/20261002-2248-tailored-cssselect_tailored/run1/cssselect_tailored/summary.csv-function_name/css_select_5_2_0' and combo '('LogLinear', 'Exponential', 'Cubic', 'Exponential')'.
Overflow error for './results/rq1/20261002-2248-tailored-cssselect_tailored/run1/cssselect_tailored/summary.csv-function_name/css_select_5_2_0' and combo '('Linear', 'LogLinear', 'Cubic', 'Exponential')'.
Overflow error for './results/rq1/20261002-2248-tailored-cssselect_tailored/run1/cssselect_tailored/summary.csv-function_name/css_select_5_2_0' and combo '('Quadratic', 'LogLinear', 'Cubic', 'Exponential')'.
Overflow error for './results/rq1/20261002-2248-tailored-cssselect_tailored/run1/cssselect_tailored/summary.csv-function_name/css_select_5_2_0' and combo '('Cubic', 'LogLinear', 'Cubic', 'Exponential')'.
Overflow error for './results/rq1/20261002-2248-tailored-cssselect_tailored/run1/cssselect_tailored/summary.csv-function_name/css_select_5_2_0' and combo '('Logarithmic', 'LogLinear', 'Cubic', 'Exponential')'.
Overflow error for './results/rq1/20261002-2248-tailored-cssselect_tailored/run1/cssselect_tailored/summary.csv-function_name/css_select_5_2_0' and combo '('Exponential', 'LogLinear', 'Cubic', 'Exponential')'.
Overflow error for './results/rq1/20261002-2248-tailored-cssselect_tailored/run1/cssselect_tailored/summary.csv-function_name/css_select_5_2_0' and combo '('LogLinear', 'LogLinear', 'Cubic', 'Exponential')'.
Overflow error for './results/rq1/20261002-2248-tailored-cssselect_tailored/run1/cssselect_tailored/summary.csv-function_name/css_select_5_2_0' and combo '('Linear', 'Linear', 'Logarithmic', 'Exponential')'.
Overflow error for './results/rq1/20261002-2248-tailored-cssselect_tailored/run1/cssselect_tailored/summary.csv-function_name/css_select_5_2_0' and combo '('Quadratic', 'Linear', 'Logarithmic', 'Exponential')'.
Overflow error for './results/rq1/20261002-2248-tailored-cssselect_tailored/run1/cssselect_tailored/summary.csv-function_name/css_select_5_2_0' and combo '('Cubic', 'Linear', 'Logarithmic', 'Exponential')'.
Overflow error for './results/rq1/20261002-2248-tailored-cssselect_tailored/run1/cssselect_tailored/summary.csv-function_name/css_select_5_2_0' and combo '('Logarithmic', 'Linear', 'Logarithmic', 'Exponential')'.
Overflow error for './results/rq1/20261002-2248-tailored-cssselect_tailored/run1/cssselect_tailored/summary.csv-function_name/css_select_5_2_0' and combo '('Exponential', 'Linear', 'Logarithmic', 'Exponential')'.
Overflow error for './results/rq1/20261002-2248-tailored-cssselect_tailored/run1/cssselect_tailored/summary.csv-function_name/css_select_5_2_0' and combo '('LogLinear', 'Linear', 'Logarithmic', 'Exponential')'.
Overflow error for './results/rq1/20261002-2248-tailored-cssselect_tailored/run1/cssselect_tailored/summary.csv-function_name/css_select_5_2_0' and combo '('Linear', 'Quadratic', 'Logarithmic', 'Exponential')'.
Overflow error for './results/rq1/20261002-2248-tailored-cssselect_tailored/run1/cssselect_tailored/summary.csv-function_name/css_select_5_2_0' and combo '('Quadratic', 'Quadratic', 'Logarithmic', 'Exponential')'.
Overflow error for './results/rq1/20261002-2248-tailored-cssselect_tailored/run1/cssselect_tailored/summary.csv-function_name/css_select_5_2_0' and combo '('Cubic', 'Quadratic', 'Logarithmic', 'Exponential')'.
Overflow error for './results/rq1/20261002-2248-tailored-cssselect_tailored/run1/cssselect_tailored/summary.csv-function_name/css_select_5_2_0' and combo '('Logarithmic', 'Quadratic', 'Logarithmic', 'Exponential')'.
Overflow error for './results/rq1/20261002-2248-tailored-cssselect_tailored/run1/cssselect_tailored/summary.csv-function_name/css_select_5_2_0' and combo '('Exponential', 'Quadratic', 'Logarithmic', 'Exponential')'.
Overflow error for './results/rq1/20261002-2248-tailored-cssselect_tailored/run1/cssselect_tailored/summary.csv-function_name/css_select_5_2_0' and combo '('LogLinear', 'Quadratic', 'Logarithmic', 'Exponential')'.
Overflow error for './results/rq1/20261002-2248-tailored-cssselect_tailored/run1/cssselect_tailored/summary.csv-function_name/css_select_5_2_0' and combo '('Linear', 'Cubic', 'Logarithmic', 'Exponential')'.
Overflow error for './results/rq1/20261002-2248-tailored-cssselect_tailored/run1/cssselect_tailored/summary.csv-function_name/css_select_5_2_0' and combo '('Quadratic', 'Cubic', 'Logarithmic', 'Exponential')'.
Overflow error for './results/rq1/20261002-2248-tailored-cssselect_tailored/run1/cssselect_tailored/summary.csv-function_name/css_select_5_2_0' and combo '('Cubic', 'Cubic', 'Logarithmic', 'Exponential')'.
Overflow error for './results/rq1/20261002-2248-tailored-cssselect_tailored/run1/cssselect_tailored/summary.csv-function_name/css_select_5_2_0' and combo '('Logarithmic', 'Cubic', 'Logarithmic', 'Exponential')'.
Overflow error for './results/rq1/20261002-2248-tailored-cssselect_tailored/run1/cssselect_tailored/summary.csv-function_name/css_select_5_2_0' and combo '('Exponential', 'Cubic', 'Logarithmic', 'Exponential')'.
Overflow error for './results/rq1/20261002-2248-tailored-cssselect_tailored/run1/cssselect_tailored/summary.csv-function_name/css_select_5_2_0' and combo '('LogLinear', 'Cubic', 'Logarithmic', 'Exponential')'.
Overflow error for './results/rq1/20261002-2248-tailored-cssselect_tailored/run1/cssselect_tailored/summary.csv-function_name/css_select_5_2_0' and combo '('Linear', 'Logarithmic', 'Logarithmic', 'Exponential')'.
Overflow error for './results/rq1/20261002-2248-tailored-cssselect_tailored/run1/cssselect_tailored/summary.csv-function_name/css_select_5_2_0' and combo '('Quadratic', 'Logarithmic', 'Logarithmic', 'Exponential')'.
Overflow error for './results/rq1/20261002-2248-tailored-cssselect_tailored/run1/cssselect_tailored/summary.csv-function_name/css_select_5_2_0' and combo '('Cubic', 'Logarithmic', 'Logarithmic', 'Exponential')'.
Overflow error for './results/rq1/20261002-2248-tailored-cssselect_tailored/run1/cssselect_tailored/summary.csv-function_name/css_select_5_2_0' and combo '('Logarithmic', 'Logarithmic', 'Logarithmic', 'Exponential')'.
Overflow error for './results/rq1/20261002-2248-tailored-cssselect_tailored/run1/cssselect_tailored/summary.csv-function_name/css_select_5_2_0' and combo '('Exponential', 'Logarithmic', 'Logarithmic', 'Exponential')'.
Overflow error for './results/rq1/20261002-2248-tailored-cssselect_tailored/run1/cssselect_tailored/summary.csv-function_name/css_select_5_2_0' and combo '('LogLinear', 'Logarithmic', 'Logarithmic', 'Exponential')'.
Overflow error for './results/rq1/20261002-2248-tailored-cssselect_tailored/run1/cssselect_tailored/summary.csv-function_name/css_select_5_2_0' and combo '('Linear', 'Exponential', 'Logarithmic', 'Exponential')'.
Overflow error for './results/rq1/20261002-2248-tailored-cssselect_tailored/run1/cssselect_tailored/summary.csv-function_name/css_select_5_2_0' and combo '('Quadratic', 'Exponential', 'Logarithmic', 'Exponential')'.
Overflow error for './results/rq1/20261002-2248-tailored-cssselect_tailored/run1/cssselect_tailored/summary.csv-function_name/css_select_5_2_0' and combo '('Cubic', 'Exponential', 'Logarithmic', 'Exponential')'.
Overflow error for './results/rq1/20261002-2248-tailored-cssselect_tailored/run1/cssselect_tailored/summary.csv-function_name/css_select_5_2_0' and combo '('Logarithmic', 'Exponential', 'Logarithmic', 'Exponential')'.
Overflow error for './results/rq1/20261002-2248-tailored-cssselect_tailored/run1/cssselect_tailored/summary.csv-function_name/css_select_5_2_0' and combo '('Exponential', 'Exponential', 'Logarithmic', 'Exponential')'.
Overflow error for './results/rq1/20261002-2248-tailored-cssselect_tailored/run1/cssselect_tailored/summary.csv-function_name/css_select_5_2_0' and combo '('LogLinear', 'Exponential', 'Logarithmic', 'Exponential')'.
Overflow error for './results/rq1/20261002-2248-tailored-cssselect_tailored/run1/cssselect_tailored/summary.csv-function_name/css_select_5_2_0' and combo '('Linear', 'LogLinear', 'Logarithmic', 'Exponential')'.
Overflow error for './results/rq1/20261002-2248-tailored-cssselect_tailored/run1/cssselect_tailored/summary.csv-function_name/css_select_5_2_0' and combo '('Quadratic', 'LogLinear', 'Logarithmic', 'Exponential')'.
Overflow error for './results/rq1/20261002-2248-tailored-cssselect_tailored/run1/cssselect_tailored/summary.csv-function_name/css_select_5_2_0' and combo '('Cubic', 'LogLinear', 'Logarithmic', 'Exponential')'.
Overflow error for './results/rq1/20261002-2248-tailored-cssselect_tailored/run1/cssselect_tailored/summary.csv-function_name/css_select_5_2_0' and combo '('Logarithmic', 'LogLinear', 'Logarithmic', 'Exponential')'.
Overflow error for './results/rq1/20261002-2248-tailored-cssselect_tailored/run1/cssselect_tailored/summary.csv-function_name/css_select_5_2_0' and combo '('Exponential', 'LogLinear', 'Logarithmic', 'Exponential')'.
Overflow error for './results/rq1/20261002-2248-tailored-cssselect_tailored/run1/cssselect_tailored/summary.csv-function_name/css_select_5_2_0' and combo '('LogLinear', 'LogLinear', 'Logarithmic', 'Exponential')'.
Overflow error for './results/rq1/20261002-2248-tailored-cssselect_tailored/run1/cssselect_tailored/summary.csv-function_name/css_select_5_2_0' and combo '('Linear', 'Linear', 'Exponential', 'Exponential')'.
Overflow error for './results/rq1/20261002-2248-tailored-cssselect_tailored/run1/cssselect_tailored/summary.csv-function_name/css_select_5_2_0' and combo '('Quadratic', 'Linear', 'Exponential', 'Exponential')'.
Overflow error for './results/rq1/20261002-2248-tailored-cssselect_tailored/run1/cssselect_tailored/summary.csv-function_name/css_select_5_2_0' and combo '('Cubic', 'Linear', 'Exponential', 'Exponential')'.
Overflow error for './results/rq1/20261002-2248-tailored-cssselect_tailored/run1/cssselect_tailored/summary.csv-function_name/css_select_5_2_0' and combo '('Logarithmic', 'Linear', 'Exponential', 'Exponential')'.
Overflow error for './results/rq1/20261002-2248-tailored-cssselect_tailored/run1/cssselect_tailored/summary.csv-function_name/css_select_5_2_0' and combo '('Exponential', 'Linear', 'Exponential', 'Exponential')'.
Overflow error for './results/rq1/20261002-2248-tailored-cssselect_tailored/run1/cssselect_tailored/summary.csv-function_name/css_select_5_2_0' and combo '('LogLinear', 'Linear', 'Exponential', 'Exponential')'.
Overflow error for './results/rq1/20261002-2248-tailored-cssselect_tailored/run1/cssselect_tailored/summary.csv-function_name/css_select_5_2_0' and combo '('Linear', 'Quadratic', 'Exponential', 'Exponential')'.
Overflow error for './results/rq1/20261002-2248-tailored-cssselect_tailored/run1/cssselect_tailored/summary.csv-function_name/css_select_5_2_0' and combo '('Quadratic', 'Quadratic', 'Exponential', 'Exponential')'.
Overflow error for './results/rq1/20261002-2248-tailored-cssselect_tailored/run1/cssselect_tailored/summary.csv-function_name/css_select_5_2_0' and combo '('Cubic', 'Quadratic', 'Exponential', 'Exponential')'.
Overflow error for './results/rq1/20261002-2248-tailored-cssselect_tailored/run1/cssselect_tailored/summary.csv-function_name/css_select_5_2_0' and combo '('Logarithmic', 'Quadratic', 'Exponential', 'Exponential')'.
Overflow error for './results/rq1/20261002-2248-tailored-cssselect_tailored/run1/cssselect_tailored/summary.csv-function_name/css_select_5_2_0' and combo '('Exponential', 'Quadratic', 'Exponential', 'Exponential')'.
Overflow error for './results/rq1/20261002-2248-tailored-cssselect_tailored/run1/cssselect_tailored/summary.csv-function_name/css_select_5_2_0' and combo '('LogLinear', 'Quadratic', 'Exponential', 'Exponential')'.
Overflow error for './results/rq1/20261002-2248-tailored-cssselect_tailored/run1/cssselect_tailored/summary.csv-function_name/css_select_5_2_0' and combo '('Linear', 'Cubic', 'Exponential', 'Exponential')'.
Overflow error for './results/rq1/20261002-2248-tailored-cssselect_tailored/run1/cssselect_tailored/summary.csv-function_name/css_select_5_2_0' and combo '('Quadratic', 'Cubic', 'Exponential', 'Exponential')'.
Overflow error for './results/rq1/20261002-2248-tailored-cssselect_tailored/run1/cssselect_tailored/summary.csv-function_name/css_select_5_2_0' and combo '('Cubic', 'Cubic', 'Exponential', 'Exponential')'.
Overflow error for './results/rq1/20261002-2248-tailored-cssselect_tailored/run1/cssselect_tailored/summary.csv-function_name/css_select_5_2_0' and combo '('Logarithmic', 'Cubic', 'Exponential', 'Exponential')'.
Overflow error for './results/rq1/20261002-2248-tailored-cssselect_tailored/run1/cssselect_tailored/summary.csv-function_name/css_select_5_2_0' and combo '('Exponential', 'Cubic', 'Exponential', 'Exponential')'.
Overflow error for './results/rq1/20261002-2248-tailored-cssselect_tailored/run1/cssselect_tailored/summary.csv-function_name/css_select_5_2_0' and combo '('LogLinear', 'Cubic', 'Exponential', 'Exponential')'.
Overflow error for './results/rq1/20261002-2248-tailored-cssselect_tailored/run1/cssselect_tailored/summary.csv-function_name/css_select_5_2_0' and combo '('Linear', 'Logarithmic', 'Exponential', 'Exponential')'.
Overflow error for './results/rq1/20261002-2248-tailored-cssselect_tailored/run1/cssselect_tailored/summary.csv-function_name/css_select_5_2_0' and combo '('Quadratic', 'Logarithmic', 'Exponential', 'Exponential')'.
Overflow error for './results/rq1/20261002-2248-tailored-cssselect_tailored/run1/cssselect_tailored/summary.csv-function_name/css_select_5_2_0' and combo '('Cubic', 'Logarithmic', 'Exponential', 'Exponential')'.
Overflow error for './results/rq1/20261002-2248-tailored-cssselect_tailored/run1/cssselect_tailored/summary.csv-function_name/css_select_5_2_0' and combo '('Logarithmic', 'Logarithmic', 'Exponential', 'Exponential')'.
Overflow error for './results/rq1/20261002-2248-tailored-cssselect_tailored/run1/cssselect_tailored/summary.csv-function_name/css_select_5_2_0' and combo '('Exponential', 'Logarithmic', 'Exponential', 'Exponential')'.
Overflow error for './results/rq1/20261002-2248-tailored-cssselect_tailored/run1/cssselect_tailored/summary.csv-function_name/css_select_5_2_0' and combo '('LogLinear', 'Logarithmic', 'Exponential', 'Exponential')'.
Overflow error for './results/rq1/20261002-2248-tailored-cssselect_tailored/run1/cssselect_tailored/summary.csv-function_name/css_select_5_2_0' and combo '('Linear', 'Exponential', 'Exponential', 'Exponential')'.
Overflow error for './results/rq1/20261002-2248-tailored-cssselect_tailored/run1/cssselect_tailored/summary.csv-function_name/css_select_5_2_0' and combo '('Quadratic', 'Exponential', 'Exponential', 'Exponential')'.
Overflow error for './results/rq1/20261002-2248-tailored-cssselect_tailored/run1/cssselect_tailored/summary.csv-function_name/css_select_5_2_0' and combo '('Cubic', 'Exponential', 'Exponential', 'Exponential')'.
Overflow error for './results/rq1/20261002-2248-tailored-cssselect_tailored/run1/cssselect_tailored/summary.csv-function_name/css_select_5_2_0' and combo '('Logarithmic', 'Exponential', 'Exponential', 'Exponential')'.
Overflow error for './results/rq1/20261002-2248-tailored-cssselect_tailored/run1/cssselect_tailored/summary.csv-function_name/css_select_5_2_0' and combo '('Exponential', 'Exponential', 'Exponential', 'Exponential')'.
Overflow error for './results/rq1/20261002-2248-tailored-cssselect_tailored/run1/cssselect_tailored/summary.csv-function_name/css_select_5_2_0' and combo '('LogLinear', 'Exponential', 'Exponential', 'Exponential')'.
Overflow error for './results/rq1/20261002-2248-tailored-cssselect_tailored/run1/cssselect_tailored/summary.csv-function_name/css_select_5_2_0' and combo '('Linear', 'LogLinear', 'Exponential', 'Exponential')'.
Overflow error for './results/rq1/20261002-2248-tailored-cssselect_tailored/run1/cssselect_tailored/summary.csv-function_name/css_select_5_2_0' and combo '('Quadratic', 'LogLinear', 'Exponential', 'Exponential')'.
Overflow error for './results/rq1/20261002-2248-tailored-cssselect_tailored/run1/cssselect_tailored/summary.csv-function_name/css_select_5_2_0' and combo '('Cubic', 'LogLinear', 'Exponential', 'Exponential')'.
Overflow error for './results/rq1/20261002-2248-tailored-cssselect_tailored/run1/cssselect_tailored/summary.csv-function_name/css_select_5_2_0' and combo '('Logarithmic', 'LogLinear', 'Exponential', 'Exponential')'.
Overflow error for './results/rq1/20261002-2248-tailored-cssselect_tailored/run1/cssselect_tailored/summary.csv-function_name/css_select_5_2_0' and combo '('Exponential', 'LogLinear', 'Exponential', 'Exponential')'.
Overflow error for './results/rq1/20261002-2248-tailored-cssselect_tailored/run1/cssselect_tailored/summary.csv-function_name/css_select_5_2_0' and combo '('LogLinear', 'LogLinear', 'Exponential', 'Exponential')'.
Overflow error for './results/rq1/20261002-2248-tailored-cssselect_tailored/run1/cssselect_tailored/summary.csv-function_name/css_select_5_2_0' and combo '('Linear', 'Linear', 'LogLinear', 'Exponential')'.
Overflow error for './results/rq1/20261002-2248-tailored-cssselect_tailored/run1/cssselect_tailored/summary.csv-function_name/css_select_5_2_0' and combo '('Quadratic', 'Linear', 'LogLinear', 'Exponential')'.
Overflow error for './results/rq1/20261002-2248-tailored-cssselect_tailored/run1/cssselect_tailored/summary.csv-function_name/css_select_5_2_0' and combo '('Cubic', 'Linear', 'LogLinear', 'Exponential')'.
Overflow error for './results/rq1/20261002-2248-tailored-cssselect_tailored/run1/cssselect_tailored/summary.csv-function_name/css_select_5_2_0' and combo '('Logarithmic', 'Linear', 'LogLinear', 'Exponential')'.
Overflow error for './results/rq1/20261002-2248-tailored-cssselect_tailored/run1/cssselect_tailored/summary.csv-function_name/css_select_5_2_0' and combo '('Exponential', 'Linear', 'LogLinear', 'Exponential')'.
Overflow error for './results/rq1/20261002-2248-tailored-cssselect_tailored/run1/cssselect_tailored/summary.csv-function_name/css_select_5_2_0' and combo '('LogLinear', 'Linear', 'LogLinear', 'Exponential')'.
Overflow error for './results/rq1/20261002-2248-tailored-cssselect_tailored/run1/cssselect_tailored/summary.csv-function_name/css_select_5_2_0' and combo '('Linear', 'Quadratic', 'LogLinear', 'Exponential')'.
Overflow error for './results/rq1/20261002-2248-tailored-cssselect_tailored/run1/cssselect_tailored/summary.csv-function_name/css_select_5_2_0' and combo '('Quadratic', 'Quadratic', 'LogLinear', 'Exponential')'.
Overflow error for './results/rq1/20261002-2248-tailored-cssselect_tailored/run1/cssselect_tailored/summary.csv-function_name/css_select_5_2_0' and combo '('Cubic', 'Quadratic', 'LogLinear', 'Exponential')'.
Overflow error for './results/rq1/20261002-2248-tailored-cssselect_tailored/run1/cssselect_tailored/summary.csv-function_name/css_select_5_2_0' and combo '('Logarithmic', 'Quadratic', 'LogLinear', 'Exponential')'.
Overflow error for './results/rq1/20261002-2248-tailored-cssselect_tailored/run1/cssselect_tailored/summary.csv-function_name/css_select_5_2_0' and combo '('Exponential', 'Quadratic', 'LogLinear', 'Exponential')'.
Overflow error for './results/rq1/20261002-2248-tailored-cssselect_tailored/run1/cssselect_tailored/summary.csv-function_name/css_select_5_2_0' and combo '('LogLinear', 'Quadratic', 'LogLinear', 'Exponential')'.
Overflow error for './results/rq1/20261002-2248-tailored-cssselect_tailored/run1/cssselect_tailored/summary.csv-function_name/css_select_5_2_0' and combo '('Linear', 'Cubic', 'LogLinear', 'Exponential')'.
Overflow error for './results/rq1/20261002-2248-tailored-cssselect_tailored/run1/cssselect_tailored/summary.csv-function_name/css_select_5_2_0' and combo '('Quadratic', 'Cubic', 'LogLinear', 'Exponential')'.
Overflow error for './results/rq1/20261002-2248-tailored-cssselect_tailored/run1/cssselect_tailored/summary.csv-function_name/css_select_5_2_0' and combo '('Cubic', 'Cubic', 'LogLinear', 'Exponential')'.
Overflow error for './results/rq1/20261002-2248-tailored-cssselect_tailored/run1/cssselect_tailored/summary.csv-function_name/css_select_5_2_0' and combo '('Logarithmic', 'Cubic', 'LogLinear', 'Exponential')'.
Overflow error for './results/rq1/20261002-2248-tailored-cssselect_tailored/run1/cssselect_tailored/summary.csv-function_name/css_select_5_2_0' and combo '('Exponential', 'Cubic', 'LogLinear', 'Exponential')'.
Overflow error for './results/rq1/20261002-2248-tailored-cssselect_tailored/run1/cssselect_tailored/summary.csv-function_name/css_select_5_2_0' and combo '('LogLinear', 'Cubic', 'LogLinear', 'Exponential')'.
Overflow error for './results/rq1/20261002-2248-tailored-cssselect_tailored/run1/cssselect_tailored/summary.csv-function_name/css_select_5_2_0' and combo '('Linear', 'Logarithmic', 'LogLinear', 'Exponential')'.
Overflow error for './results/rq1/20261002-2248-tailored-cssselect_tailored/run1/cssselect_tailored/summary.csv-function_name/css_select_5_2_0' and combo '('Quadratic', 'Logarithmic', 'LogLinear', 'Exponential')'.
Overflow error for './results/rq1/20261002-2248-tailored-cssselect_tailored/run1/cssselect_tailored/summary.csv-function_name/css_select_5_2_0' and combo '('Cubic', 'Logarithmic', 'LogLinear', 'Exponential')'.
Overflow error for './results/rq1/20261002-2248-tailored-cssselect_tailored/run1/cssselect_tailored/summary.csv-function_name/css_select_5_2_0' and combo '('Logarithmic', 'Logarithmic', 'LogLinear', 'Exponential')'.
Overflow error for './results/rq1/20261002-2248-tailored-cssselect_tailored/run1/cssselect_tailored/summary.csv-function_name/css_select_5_2_0' and combo '('Exponential', 'Logarithmic', 'LogLinear', 'Exponential')'.
Overflow error for './results/rq1/20261002-2248-tailored-cssselect_tailored/run1/cssselect_tailored/summary.csv-function_name/css_select_5_2_0' and combo '('LogLinear', 'Logarithmic', 'LogLinear', 'Exponential')'.
Overflow error for './results/rq1/20261002-2248-tailored-cssselect_tailored/run1/cssselect_tailored/summary.csv-function_name/css_select_5_2_0' and combo '('Linear', 'Exponential', 'LogLinear', 'Exponential')'.
Overflow error for './results/rq1/20261002-2248-tailored-cssselect_tailored/run1/cssselect_tailored/summary.csv-function_name/css_select_5_2_0' and combo '('Quadratic', 'Exponential', 'LogLinear', 'Exponential')'.
Overflow error for './results/rq1/20261002-2248-tailored-cssselect_tailored/run1/cssselect_tailored/summary.csv-function_name/css_select_5_2_0' and combo '('Cubic', 'Exponential', 'LogLinear', 'Exponential')'.
Overflow error for './results/rq1/20261002-2248-tailored-cssselect_tailored/run1/cssselect_tailored/summary.csv-function_name/css_select_5_2_0' and combo '('Logarithmic', 'Exponential', 'LogLinear', 'Exponential')'.
Overflow error for './results/rq1/20261002-2248-tailored-cssselect_tailored/run1/cssselect_tailored/summary.csv-function_name/css_select_5_2_0' and combo '('Exponential', 'Exponential', 'LogLinear', 'Exponential')'.
Overflow error for './results/rq1/20261002-2248-tailored-cssselect_tailored/run1/cssselect_tailored/summary.csv-function_name/css_select_5_2_0' and combo '('LogLinear', 'Exponential', 'LogLinear', 'Exponential')'.
Overflow error for './results/rq1/20261002-2248-tailored-cssselect_tailored/run1/cssselect_tailored/summary.csv-function_name/css_select_5_2_0' and combo '('Linear', 'LogLinear', 'LogLinear', 'Exponential')'.
Overflow error for './results/rq1/20261002-2248-tailored-cssselect_tailored/run1/cssselect_tailored/summary.csv-function_name/css_select_5_2_0' and combo '('Quadratic', 'LogLinear', 'LogLinear', 'Exponential')'.
Overflow error for './results/rq1/20261002-2248-tailored-cssselect_tailored/run1/cssselect_tailored/summary.csv-function_name/css_select_5_2_0' and combo '('Cubic', 'LogLinear', 'LogLinear', 'Exponential')'.
Overflow error for './results/rq1/20261002-2248-tailored-cssselect_tailored/run1/cssselect_tailored/summary.csv-function_name/css_select_5_2_0' and combo '('Logarithmic', 'LogLinear', 'LogLinear', 'Exponential')'.
Overflow error for './results/rq1/20261002-2248-tailored-cssselect_tailored/run1/cssselect_tailored/summary.csv-function_name/css_select_5_2_0' and combo '('Exponential', 'LogLinear', 'LogLinear', 'Exponential')'.
Overflow error for './results/rq1/20261002-2248-tailored-cssselect_tailored/run1/cssselect_tailored/summary.csv-function_name/css_select_5_2_0' and combo '('LogLinear', 'LogLinear', 'LogLinear', 'Exponential')'.
Model fit results for './results/rq1/20261002-2248-tailored-cssselect_tailored/run1/cssselect_tailored/summary.csv-function_name/css_select_5_2_0':
Best fit for './results/rq1/20261002-2248-tailored-cssselect_tailored/run1/cssselect_tailored/summary.csv-function_name/css_select_5_2_0':
R^2: 0.5172056042860553
Intercept: 70763018.00598401
Feature 'count_comma' has complexity class 'Logarithmic'.
The coefficient for this feature is 1851072.3664993017.
Feature 'count_pseudo_class_selector' has complexity class 'Logarithmic'.
The coefficient for this feature is -288362.70857919473.
Feature 'count_an_a' has complexity class 'LogLinear'.
The coefficient for this feature is 74304.00921682874.
Feature 'doc_bytes' has complexity class 'Cubic'.
The coefficient for this feature is -8.507144809312604e-07.
Saved 3d fit model plot to ./results/rq1/20261002-2248-tailored-cssselect_tailored/run1/cssselect_tailored/plots/3dmodel_rss_vs_count_comma_and_count_pseudo_class_selector_and_count_an_a_and_doc_bytes_css_select_5_2_0.png
Best complexity classes for './results/rq1/20261002-2248-tailored-cssselect_tailored/run1/cssselect_tailored/summary.csv-function_name/css_select_5_1_0': ('Linear', 'Exponential', 'Exponential', 'Logarithmic')
Best complexity classes for './results/rq1/20261002-2248-tailored-cssselect_tailored/run1/cssselect_tailored/summary.csv-function_name/css_select_5_2_0': ('Logarithmic', 'Logarithmic', 'LogLinear', 'Cubic')
======================================================================
[cssselect_tailored] metric cache: 558 entries, 3551 SUT executions this run
[cssselect_tailored] wall clock: 2956s of 3420s budget
[cssselect_tailored] report -> ./results/rq1/20261002-2248-tailored-cssselect_tailored/run1/cssselect_tailored/report.md
[cssselect_tailored] done. corpus=558 rows (279 inputs x 2 systems). Artifacts in ./results/rq1/20261002-2248-tailored-cssselect_tailored/run1/cssselect_tailored
