function_name,input_id,metric,n,mean,std,ci_lo,ci_hi
simplejson_3_20_2,b6589fc6ab0dc82cf12099d1c2d40ab994e8410c,runtime_ns,3,2240014.3333333335,9978.854961033021,2215225.4834045446,2264803.1832621223
simplejson_3_20_2,b6589fc6ab0dc82cf12099d1c2d40ab994e8410c,memory_peak,3,1286.0,0.0,1286.0,1286.0
simplejson_4_0_0,b6589fc6ab0dc82cf12099d1c2d40ab994e8410c,runtime_ns,3,2308694.0,12298.423191612817,2278143.02315465,2339244.97684535
simplejson_4_0_0,b6589fc6ab0dc82cf12099d1c2d40ab994e8410c,memory_peak,3,1286.0,0.0,1286.0,1286.0
simplejson_3_20_2,bf21a9e8fbc5a3846fb05b4fa0859e0917b2202f,runtime_ns,3,2089597.3333333333,12575.708701036827,2058357.5410971008,2120837.1255695657
simplejson_3_20_2,bf21a9e8fbc5a3846fb05b4fa0859e0917b2202f,memory_peak,3,1286.0,0.0,1286.0,1286.0
simplejson_4_0_0,bf21a9e8fbc5a3846fb05b4fa0859e0917b2202f,runtime_ns,3,2154680.6666666665,5560.964334837379,2140866.4654487986,2168494.8678845344
simplejson_4_0_0,bf21a9e8fbc5a3846fb05b4fa0859e0917b2202f,memory_peak,3,1286.0,0.0,1286.0,1286.0
simplejson_3_20_2,9e9e7b647d38b9d254fea233562c1b4b6ad7a349,runtime_ns,3,2945986.0,12773.722675868614,2914254.3137814347,2977717.6862185653
simplejson_3_20_2,9e9e7b647d38b9d254fea233562c1b4b6ad7a349,memory_peak,3,1356.0,0.0,1356.0,1356.0
simplejson_4_0_0,9e9e7b647d38b9d254fea233562c1b4b6ad7a349,runtime_ns,3,2984472.3333333335,19041.23024736935,2937171.295197722,3031773.371468945
simplejson_4_0_0,9e9e7b647d38b9d254fea233562c1b4b6ad7a349,memory_peak,3,1356.0,0.0,1356.0,1356.0
simplejson_3_20_2,a2d86080428e502f633a76397f260b5e00622302,runtime_ns,3,11531208.333333334,5728.6742212603895,11516977.517661968,11545439.1490047
simplejson_3_20_2,a2d86080428e502f633a76397f260b5e00622302,memory_peak,3,2885.0,0.0,2885.0,2885.0
simplejson_4_0_0,a2d86080428e502f633a76397f260b5e00622302,runtime_ns,4,11573042.0,232029.0026972203,11203832.078823784,11942251.921176216
simplejson_4_0_0,a2d86080428e502f633a76397f260b5e00622302,memory_peak,4,2885.0,0.0,2885.0,2885.0
simplejson_3_20_2,b150a0318411cdec741be9c11fd3238b39103f5b,runtime_ns,3,3061055.6666666665,6364.26149158984,3045245.9646879677,3076865.3686453653
simplejson_3_20_2,b150a0318411cdec741be9c11fd3238b39103f5b,memory_peak,3,1461.0,0.0,1461.0,1461.0
simplejson_4_0_0,b150a0318411cdec741be9c11fd3238b39103f5b,runtime_ns,3,3101180.6666666665,15679.295147848112,3062231.138296233,3140130.1950371
simplejson_4_0_0,b150a0318411cdec741be9c11fd3238b39103f5b,memory_peak,3,1461.0,0.0,1461.0,1461.0
simplejson_3_20_2,9d91f6757a18361e4576ef9ceaacaa4045e3b5f9,runtime_ns,3,4877208.0,50981.523751257184,4750562.874247007,5003853.125752993
simplejson_3_20_2,9d91f6757a18361e4576ef9ceaacaa4045e3b5f9,memory_peak,3,1546.0,0.0,1546.0,1546.0
simplejson_4_0_0,9d91f6757a18361e4576ef9ceaacaa4045e3b5f9,runtime_ns,3,4910236.0,74950.4134544967,4724048.851426406,5096423.148573594
simplejson_4_0_0,9d91f6757a18361e4576ef9ceaacaa4045e3b5f9,memory_peak,3,1546.0,0.0,1546.0,1546.0
simplejson_3_20_2,0595868e0409c97fba3e9a89dd00350d11e36e81,runtime_ns,3,29578319.0,77341.05541043515,29386193.167588364,29770444.832411636
simplejson_3_20_2,0595868e0409c97fba3e9a89dd00350d11e36e81,memory_peak,3,6074.0,0.0,6074.0,6074.0
simplejson_4_0_0,0595868e0409c97fba3e9a89dd00350d11e36e81,runtime_ns,3,29531778.0,165917.90960291176,29119615.063700624,29943940.936299376
simplejson_4_0_0,0595868e0409c97fba3e9a89dd00350d11e36e81,memory_peak,3,6074.0,0.0,6074.0,6074.0
simplejson_3_20_2,5ce2dd0159417b08054dbbeeb58b82576cd04cfd,runtime_ns,3,3503569.3333333335,42186.891285485035,3398771.2857495486,3608367.3809171184
simplejson_3_20_2,5ce2dd0159417b08054dbbeeb58b82576cd04cfd,memory_peak,3,1525.0,0.0,1525.0,1525.0
simplejson_4_0_0,5ce2dd0159417b08054dbbeeb58b82576cd04cfd,runtime_ns,3,3505388.6666666665,20051.422900466026,3455578.170865365,3555199.162467968
simplejson_4_0_0,5ce2dd0159417b08054dbbeeb58b82576cd04cfd,memory_peak,3,1525.0,0.0,1525.0,1525.0
simplejson_3_20_2,a1e67e08ac365e1653e2b4f9a070136167dd3e91,runtime_ns,3,7784167.0,17092.121723179953,7741707.815853622,7826626.184146378
simplejson_3_20_2,a1e67e08ac365e1653e2b4f9a070136167dd3e91,memory_peak,3,2190.0,0.0,2190.0,2190.0
simplejson_4_0_0,a1e67e08ac365e1653e2b4f9a070136167dd3e91,runtime_ns,3,7784930.666666667,29145.435686112727,7712529.3907534005,7857331.942579933
simplejson_4_0_0,a1e67e08ac365e1653e2b4f9a070136167dd3e91,memory_peak,3,2194.0,0.0,2194.0,2194.0
simplejson_3_20_2,9556137c9c2f6b0eb877687ffec77d3274ec0374,runtime_ns,5,31043800.2,1019615.1671553341,29777780.754920706,32309819.645079292
simplejson_3_20_2,9556137c9c2f6b0eb877687ffec77d3274ec0374,memory_peak,5,6209.0,0.0,6209.0,6209.0
simplejson_4_0_0,9556137c9c2f6b0eb877687ffec77d3274ec0374,runtime_ns,3,30072181.0,192689.46964740963,29593513.8217917,30550848.1782083
simplejson_4_0_0,9556137c9c2f6b0eb877687ffec77d3274ec0374,memory_peak,3,6209.0,0.0,6209.0,6209.0
simplejson_3_20_2,e57dbf7859da0fe204b911ab323e77f4b454eabd,runtime_ns,3,30532764.333333332,266121.6174915772,29871681.58741051,31193847.079256155
simplejson_3_20_2,e57dbf7859da0fe204b911ab323e77f4b454eabd,memory_peak,3,6699.0,0.0,6699.0,6699.0
simplejson_4_0_0,e57dbf7859da0fe204b911ab323e77f4b454eabd,runtime_ns,3,29535375.333333332,264818.21353965317,28877530.42232113,30193220.244345535
simplejson_4_0_0,e57dbf7859da0fe204b911ab323e77f4b454eabd,memory_peak,3,6703.0,0.0,6703.0,6703.0
simplejson_3_20_2,382551e3ffd1d4a0da3430f7f301f75fe73c56de,runtime_ns,3,30958611.0,64843.57891881046,30797530.620242923,31119691.379757077
simplejson_3_20_2,382551e3ffd1d4a0da3430f7f301f75fe73c56de,memory_peak,3,6940.0,0.0,6940.0,6940.0
simplejson_4_0_0,382551e3ffd1d4a0da3430f7f301f75fe73c56de,runtime_ns,3,30616194.333333332,288389.63755019585,29899794.759016883,31332593.90764978
simplejson_4_0_0,382551e3ffd1d4a0da3430f7f301f75fe73c56de,memory_peak,3,6940.0,0.0,6940.0,6940.0
simplejson_3_20_2,9763f57dbd013905966075adf24855e0387c47f5,runtime_ns,3,35353000.0,444919.44740705594,34247758.82200501,36458241.17799499
simplejson_3_20_2,9763f57dbd013905966075adf24855e0387c47f5,memory_peak,3,7039.0,0.0,7039.0,7039.0
simplejson_4_0_0,9763f57dbd013905966075adf24855e0387c47f5,runtime_ns,3,34332388.666666664,283849.0722379295,33627268.48187508,35037508.85145825
simplejson_4_0_0,9763f57dbd013905966075adf24855e0387c47f5,memory_peak,3,7043.0,0.0,7043.0,7043.0
simplejson_3_20_2,e7b41ccc3c5f29964baa144203fc864ddee9ed2a,runtime_ns,3,31634055.666666668,77908.5348105927,31440520.13727646,31827591.196056876
simplejson_3_20_2,e7b41ccc3c5f29964baa144203fc864ddee9ed2a,memory_peak,3,6424.0,0.0,6424.0,6424.0
simplejson_4_0_0,e7b41ccc3c5f29964baa144203fc864ddee9ed2a,runtime_ns,3,30596444.666666668,214292.55830834009,30064112.441225465,31128776.89210787
simplejson_4_0_0,e7b41ccc3c5f29964baa144203fc864ddee9ed2a,memory_peak,3,6428.0,0.0,6428.0,6428.0
simplejson_3_20_2,ee1b676d97409224ee40d4c0277b3515fd9243b8,runtime_ns,3,30832986.0,76627.45893607591,30642632.839501295,31023339.160498705
simplejson_3_20_2,ee1b676d97409224ee40d4c0277b3515fd9243b8,memory_peak,3,6531.0,0.0,6531.0,6531.0
simplejson_4_0_0,ee1b676d97409224ee40d4c0277b3515fd9243b8,runtime_ns,3,30012069.666666668,377297.8535723909,29074809.84004504,30949329.493288297
simplejson_4_0_0,ee1b676d97409224ee40d4c0277b3515fd9243b8,memory_peak,3,6535.0,0.0,6535.0,6535.0
simplejson_3_20_2,483f9b71a8e1076e37e43daca0c21b0a8d5fded1,runtime_ns,3,2114708.0,11082.864656757296,2087176.6379519242,2142239.3620480755
simplejson_3_20_2,483f9b71a8e1076e37e43daca0c21b0a8d5fded1,memory_peak,3,1286.0,0.0,1286.0,1286.0
simplejson_4_0_0,483f9b71a8e1076e37e43daca0c21b0a8d5fded1,runtime_ns,4,2176375.25,44103.61757932486,2106196.552592516,2246553.947407484
simplejson_4_0_0,483f9b71a8e1076e37e43daca0c21b0a8d5fded1,memory_peak,4,1286.0,0.0,1286.0,1286.0
simplejson_3_20_2,637ebbb53f79c6a478091e2cfed645e4a59b1415,runtime_ns,3,5379638.666666667,48825.23472891178,5258350.059791516,5500927.273541818
simplejson_3_20_2,637ebbb53f79c6a478091e2cfed645e4a59b1415,memory_peak,3,2461.0,0.0,2461.0,2461.0
simplejson_4_0_0,637ebbb53f79c6a478091e2cfed645e4a59b1415,runtime_ns,3,5406902.666666667,79367.352244694,5209743.233873851,5604062.099459483
simplejson_4_0_0,637ebbb53f79c6a478091e2cfed645e4a59b1415,memory_peak,3,2461.0,0.0,2461.0,2461.0
simplejson_3_20_2,900e76465ff0730df8c5aeed16b0fc21dcda8b1b,runtime_ns,3,2104680.6666666665,4853.3684522538915,2092624.2310654032,2116737.10226793
simplejson_3_20_2,900e76465ff0730df8c5aeed16b0fc21dcda8b1b,memory_peak,3,1318.0,0.0,1318.0,1318.0
simplejson_4_0_0,900e76465ff0730df8c5aeed16b0fc21dcda8b1b,runtime_ns,3,2211597.0,14749.731794171716,2174956.635011895,2248237.364988105
simplejson_4_0_0,900e76465ff0730df8c5aeed16b0fc21dcda8b1b,memory_peak,3,1318.0,0.0,1318.0,1318.0
simplejson_3_20_2,fbc292c372b7866478b4f1c90bc95cd572306481,runtime_ns,4,2384749.75,41275.6757374526,2319070.9391256277,2450428.5608743723
simplejson_3_20_2,fbc292c372b7866478b4f1c90bc95cd572306481,memory_peak,4,1318.0,0.0,1318.0,1318.0
simplejson_4_0_0,fbc292c372b7866478b4f1c90bc95cd572306481,runtime_ns,3,2464402.6666666665,7785.56743810837,2445062.244986286,2483743.088347047
simplejson_4_0_0,fbc292c372b7866478b4f1c90bc95cd572306481,memory_peak,3,1318.0,0.0,1318.0,1318.0
simplejson_3_20_2,466b3b4584d317ff2c7e8494b8518438bcc31dc1,runtime_ns,3,2313639.0,8228.181026205002,2293199.0652136956,2334078.9347863044
simplejson_3_20_2,466b3b4584d317ff2c7e8494b8518438bcc31dc1,memory_peak,3,1380.0,0.0,1380.0,1380.0
simplejson_4_0_0,466b3b4584d317ff2c7e8494b8518438bcc31dc1,runtime_ns,3,2389069.6666666665,13334.318367780685,2355945.3835487776,2422193.9497845555
simplejson_4_0_0,466b3b4584d317ff2c7e8494b8518438bcc31dc1,memory_peak,3,1380.0,0.0,1380.0,1380.0
simplejson_3_20_2,4dea6f32237cb59afdc270ff05be44d4fde59ef1,runtime_ns,3,30704653.0,198661.76774356962,30211149.810865212,31198156.189134788
simplejson_3_20_2,4dea6f32237cb59afdc270ff05be44d4fde59ef1,memory_peak,3,6416.0,0.0,6416.0,6416.0
simplejson_4_0_0,4dea6f32237cb59afdc270ff05be44d4fde59ef1,runtime_ns,3,30362152.333333332,125219.99858781876,30051088.612576008,30673216.054090656
simplejson_4_0_0,4dea6f32237cb59afdc270ff05be44d4fde59ef1,memory_peak,3,6416.0,0.0,6416.0,6416.0
simplejson_3_20_2,0bd91b24b73abfee0c15177919f3b4ddbf6eaabe,runtime_ns,3,2604639.0,14138.98833014583,2569515.8058830868,2639762.1941169132
simplejson_3_20_2,0bd91b24b73abfee0c15177919f3b4ddbf6eaabe,memory_peak,3,1346.0,0.0,1346.0,1346.0
simplejson_4_0_0,0bd91b24b73abfee0c15177919f3b4ddbf6eaabe,runtime_ns,3,2668625.3333333335,7582.784800674046,2649788.651649892,2687462.015016775
simplejson_4_0_0,0bd91b24b73abfee0c15177919f3b4ddbf6eaabe,memory_peak,3,1346.0,0.0,1346.0,1346.0
simplejson_3_20_2,db8dac2550f24d3123b7c9ea258d09a1238f37d6,runtime_ns,3,5590305.333333333,44043.87070107864,5480894.293153328,5699716.373513338
simplejson_3_20_2,db8dac2550f24d3123b7c9ea258d09a1238f37d6,memory_peak,3,2606.0,0.0,2606.0,2606.0
simplejson_4_0_0,db8dac2550f24d3123b7c9ea258d09a1238f37d6,runtime_ns,3,5613889.0,24501.963451935848,5553022.748577118,5674755.251422882
simplejson_4_0_0,db8dac2550f24d3123b7c9ea258d09a1238f37d6,memory_peak,3,2606.0,0.0,2606.0,2606.0
simplejson_3_20_2,6247f760ae5c43e9dde73f1398eddafb71546909,runtime_ns,3,3025570.0,15742.909927964398,2986462.443755255,3064677.556244745
simplejson_3_20_2,6247f760ae5c43e9dde73f1398eddafb71546909,memory_peak,3,1388.0,0.0,1388.0,1388.0
simplejson_4_0_0,6247f760ae5c43e9dde73f1398eddafb71546909,runtime_ns,3,3112583.3333333335,4524.610185787647,3101343.578539849,3123823.088126818
simplejson_4_0_0,6247f760ae5c43e9dde73f1398eddafb71546909,memory_peak,3,1388.0,0.0,1388.0,1388.0
simplejson_3_20_2,2b2dee93742898f89ce6a2eaa8e50cb9cb7a678b,runtime_ns,3,30448388.666666668,209754.82670092085,29927328.791437257,30969448.54189608
simplejson_3_20_2,2b2dee93742898f89ce6a2eaa8e50cb9cb7a678b,memory_peak,3,5468.0,0.0,5468.0,5468.0
simplejson_4_0_0,2b2dee93742898f89ce6a2eaa8e50cb9cb7a678b,runtime_ns,3,30719889.0,116975.06407777686,30429306.831989985,31010471.168010015
simplejson_4_0_0,2b2dee93742898f89ce6a2eaa8e50cb9cb7a678b,memory_peak,3,5472.0,0.0,5472.0,5472.0
simplejson_3_20_2,0d251aff9ee88ff31f491c2a2b18f3e51086efca,runtime_ns,3,35622278.0,338967.53858297406,34780235.95434685,36464320.04565315
simplejson_3_20_2,0d251aff9ee88ff31f491c2a2b18f3e51086efca,memory_peak,3,6481.0,0.0,6481.0,6481.0
simplejson_4_0_0,0d251aff9ee88ff31f491c2a2b18f3e51086efca,runtime_ns,3,35179555.666666664,281043.1978296812,34481405.66030704,35877705.673026286
simplejson_4_0_0,0d251aff9ee88ff31f491c2a2b18f3e51086efca,memory_peak,3,6481.0,0.0,6481.0,6481.0
simplejson_3_20_2,6fb17e03b301059c3624a31fbd4b576f94b039a1,runtime_ns,3,27230527.666666668,380619.41696967237,26285016.619147882,28176038.714185454
simplejson_3_20_2,6fb17e03b301059c3624a31fbd4b576f94b039a1,memory_peak,3,6117.0,0.0,6117.0,6117.0
simplejson_4_0_0,6fb17e03b301059c3624a31fbd4b576f94b039a1,runtime_ns,3,27104694.333333332,298253.3540219344,26363791.928951424,27845596.73771524
simplejson_4_0_0,6fb17e03b301059c3624a31fbd4b576f94b039a1,memory_peak,3,6121.0,0.0,6121.0,6121.0
simplejson_3_20_2,8a38947d593f07db4cad7ffecb04ec21373faa85,runtime_ns,3,30648958.333333332,216237.5686538612,30111794.434343074,31186122.23232359
simplejson_3_20_2,8a38947d593f07db4cad7ffecb04ec21373faa85,memory_peak,3,5154.0,0.0,5154.0,5154.0
simplejson_4_0_0,8a38947d593f07db4cad7ffecb04ec21373faa85,runtime_ns,3,30350638.666666668,184828.02364450402,29891500.402943075,30809776.93039026
simplejson_4_0_0,8a38947d593f07db4cad7ffecb04ec21373faa85,memory_peak,3,5158.0,0.0,5158.0,5158.0
simplejson_3_20_2,cc45f211f2168591d2604c475580c008018e3d23,runtime_ns,3,27022653.0,269094.33399460494,26354185.616905663,27691120.383094337
simplejson_3_20_2,cc45f211f2168591d2604c475580c008018e3d23,memory_peak,3,6247.0,0.0,6247.0,6247.0
simplejson_4_0_0,cc45f211f2168591d2604c475580c008018e3d23,runtime_ns,3,26612583.333333332,245616.7089355554,26002437.604030516,27222729.06263615
simplejson_4_0_0,cc45f211f2168591d2604c475580c008018e3d23,memory_peak,3,6247.0,0.0,6247.0,6247.0
simplejson_3_20_2,24560d2750beb4612149fb7bc790ae3b979a057a,runtime_ns,3,26497930.666666668,137023.42157577781,26157545.617737215,26838315.71559612
simplejson_3_20_2,24560d2750beb4612149fb7bc790ae3b979a057a,memory_peak,3,5518.0,0.0,5518.0,5518.0
simplejson_4_0_0,24560d2750beb4612149fb7bc790ae3b979a057a,runtime_ns,3,26613124.666666668,361199.2026186289,25715856.105987582,27510393.227345753
simplejson_4_0_0,24560d2750beb4612149fb7bc790ae3b979a057a,memory_peak,3,5522.0,0.0,5522.0,5522.0
simplejson_3_20_2,5ffe533b830f08a0326348a9160afafc8ada44db,runtime_ns,3,2018138.6666666667,24465.54361409804,1957362.8871364133,2078914.4461969202
simplejson_3_20_2,5ffe533b830f08a0326348a9160afafc8ada44db,memory_peak,3,1286.0,0.0,1286.0,1286.0
simplejson_4_0_0,5ffe533b830f08a0326348a9160afafc8ada44db,runtime_ns,3,2070111.3333333333,11470.465305877235,2041617.1178956798,2098605.5487709865
simplejson_4_0_0,5ffe533b830f08a0326348a9160afafc8ada44db,memory_peak,3,1286.0,0.0,1286.0,1286.0
simplejson_3_20_2,dd29ecf524b030a65261e3059c48ab9e1ecb2585,runtime_ns,3,2066708.0,22967.18613587655,2009654.3467870797,2123761.6532129203
simplejson_3_20_2,dd29ecf524b030a65261e3059c48ab9e1ecb2585,memory_peak,3,1286.0,0.0,1286.0,1286.0
simplejson_4_0_0,dd29ecf524b030a65261e3059c48ab9e1ecb2585,runtime_ns,3,2123541.3333333335,13292.63319787819,2090520.6019180198,2156562.064748647
simplejson_4_0_0,dd29ecf524b030a65261e3059c48ab9e1ecb2585,memory_peak,3,1286.0,0.0,1286.0,1286.0
simplejson_3_20_2,2be88ca4242c76e8253ac62474851065032d6833,runtime_ns,3,1984305.0,2601.002306804052,1977843.7520813185,1990766.2479186815
simplejson_3_20_2,2be88ca4242c76e8253ac62474851065032d6833,memory_peak,3,1286.0,0.0,1286.0,1286.0
simplejson_4_0_0,2be88ca4242c76e8253ac62474851065032d6833,runtime_ns,3,2086820.0,30874.49939675136,2010123.4917171171,2163516.508282883
simplejson_4_0_0,2be88ca4242c76e8253ac62474851065032d6833,memory_peak,3,1286.0,0.0,1286.0,1286.0
simplejson_3_20_2,58c0c85dec5a900205e1e9cb4dd08f2304df4346,runtime_ns,3,2141569.0,4139.756997699261,2131285.273524533,2151852.726475467
simplejson_3_20_2,58c0c85dec5a900205e1e9cb4dd08f2304df4346,memory_peak,3,1354.0,0.0,1354.0,1354.0
simplejson_4_0_0,58c0c85dec5a900205e1e9cb4dd08f2304df4346,runtime_ns,3,2133597.3333333335,37262.925305635,2041031.09533147,2226163.571335197
simplejson_4_0_0,58c0c85dec5a900205e1e9cb4dd08f2304df4346,memory_peak,3,1354.0,0.0,1354.0,1354.0
simplejson_3_20_2,fe06c4c5c72fdd5e9f562cfec421cb44d832f8cf,runtime_ns,3,2308167.0,6923.394326484661,2290968.335060261,2325365.664939739
simplejson_3_20_2,fe06c4c5c72fdd5e9f562cfec421cb44d832f8cf,memory_peak,3,1348.0,0.0,1348.0,1348.0
simplejson_4_0_0,fe06c4c5c72fdd5e9f562cfec421cb44d832f8cf,runtime_ns,3,2390125.0,6170.747523598741,2374796.0133669386,2405453.9866330614
simplejson_4_0_0,fe06c4c5c72fdd5e9f562cfec421cb44d832f8cf,memory_peak,3,1348.0,0.0,1348.0,1348.0
simplejson_3_20_2,9601b6e962d8d12bc12ad22cefc62763044c7ae7,runtime_ns,3,2075833.3333333333,17435.13376298941,2032522.0600432798,2119144.6066233865
simplejson_3_20_2,9601b6e962d8d12bc12ad22cefc62763044c7ae7,memory_peak,3,1350.0,0.0,1350.0,1350.0
simplejson_4_0_0,9601b6e962d8d12bc12ad22cefc62763044c7ae7,runtime_ns,3,2133152.6666666665,26787.82018629611,2066608.0323263016,2199697.3010070315
simplejson_4_0_0,9601b6e962d8d12bc12ad22cefc62763044c7ae7,memory_peak,3,1350.0,0.0,1350.0,1350.0
simplejson_3_20_2,3369e749fbd650095f02cc0a00ff3984f5ddec0b,runtime_ns,3,2079458.0,12410.273526397394,2048629.1715199396,2110286.8284800607
simplejson_3_20_2,3369e749fbd650095f02cc0a00ff3984f5ddec0b,memory_peak,3,1329.0,0.0,1329.0,1329.0
simplejson_4_0_0,3369e749fbd650095f02cc0a00ff3984f5ddec0b,runtime_ns,3,2139042.0,5839.7916914903735,2124535.1532304026,2153548.8467695974
simplejson_4_0_0,3369e749fbd650095f02cc0a00ff3984f5ddec0b,memory_peak,3,1329.0,0.0,1329.0,1329.0
simplejson_3_20_2,3dfa0479595c074b9364baa954a36c618a0378a3,runtime_ns,3,2077319.3333333333,11354.985043289724,2049111.9867709363,2105526.67989573
simplejson_3_20_2,3dfa0479595c074b9364baa954a36c618a0378a3,memory_peak,3,1331.0,0.0,1331.0,1331.0
simplejson_4_0_0,3dfa0479595c074b9364baa954a36c618a0378a3,runtime_ns,3,2164153.0,2179.6703879256606,2158738.3985901685,2169567.6014098315
simplejson_4_0_0,3dfa0479595c074b9364baa954a36c618a0378a3,memory_peak,3,1331.0,0.0,1331.0,1331.0
simplejson_3_20_2,a126f265528d30adbb74be43cd6f0014008457ad,runtime_ns,3,2293430.3333333335,25918.161090890175,2229046.051948233,2357814.614718434
simplejson_3_20_2,a126f265528d30adbb74be43cd6f0014008457ad,memory_peak,3,1354.0,0.0,1354.0,1354.0
simplejson_4_0_0,a126f265528d30adbb74be43cd6f0014008457ad,runtime_ns,3,2440125.0,11229.34276794506,2412229.766151977,2468020.233848023
simplejson_4_0_0,a126f265528d30adbb74be43cd6f0014008457ad,memory_peak,3,1354.0,0.0,1354.0,1354.0
simplejson_3_20_2,cf96a8aade8179c6b8df9f9d553bef0beb0492d7,runtime_ns,3,2418777.6666666665,7658.739865887425,2399752.3021413297,2437803.0311920033
simplejson_3_20_2,cf96a8aade8179c6b8df9f9d553bef0beb0492d7,memory_peak,3,1378.0,0.0,1378.0,1378.0
simplejson_4_0_0,cf96a8aade8179c6b8df9f9d553bef0beb0492d7,runtime_ns,3,2503250.0,16632.43109109429,2461932.750688524,2544567.249311476
simplejson_4_0_0,cf96a8aade8179c6b8df9f9d553bef0beb0492d7,memory_peak,3,1378.0,0.0,1378.0,1378.0
simplejson_3_20_2,9419efb8563451a2c5403ffd89d72e736e6ccc0e,runtime_ns,3,2248680.6666666665,9282.662567029642,2225621.254518455,2271740.078814878
simplejson_3_20_2,9419efb8563451a2c5403ffd89d72e736e6ccc0e,memory_peak,3,1330.0,0.0,1330.0,1330.0
simplejson_4_0_0,9419efb8563451a2c5403ffd89d72e736e6ccc0e,runtime_ns,3,2350125.0,9998.831881774991,2325286.5246490315,2374963.4753509685
simplejson_4_0_0,9419efb8563451a2c5403ffd89d72e736e6ccc0e,memory_peak,3,1330.0,0.0,1330.0,1330.0
simplejson_3_20_2,f7c4654f99c4ea1645cb2587f92b99c1bcfe1845,runtime_ns,3,2410152.6666666665,33651.178230982245,2326558.5057782517,2493746.8275550813
simplejson_3_20_2,f7c4654f99c4ea1645cb2587f92b99c1bcfe1845,memory_peak,3,1334.0,0.0,1334.0,1334.0
simplejson_4_0_0,f7c4654f99c4ea1645cb2587f92b99c1bcfe1845,runtime_ns,3,2476999.6666666665,41805.48674914973,2373149.080475025,2580850.252858308
simplejson_4_0_0,f7c4654f99c4ea1645cb2587f92b99c1bcfe1845,memory_peak,3,1334.0,0.0,1334.0,1334.0
simplejson_3_20_2,1681e004e7740af3247de912b559377d9d5f58da,runtime_ns,3,2532777.6666666665,32453.0360110319,2452159.856050871,2613395.477282462
simplejson_3_20_2,1681e004e7740af3247de912b559377d9d5f58da,memory_peak,3,1374.0,0.0,1374.0,1374.0
simplejson_4_0_0,1681e004e7740af3247de912b559377d9d5f58da,runtime_ns,3,2592763.6666666665,5128.455940469152,2580023.875861897,2605503.457471436
simplejson_4_0_0,1681e004e7740af3247de912b559377d9d5f58da,memory_peak,3,1374.0,0.0,1374.0,1374.0
simplejson_3_20_2,c2f27f1a8d160fd6f992c3a895a8f97782bff16c,runtime_ns,3,2583083.0,15372.459139643208,2544895.694528871,2621270.305471129
simplejson_3_20_2,c2f27f1a8d160fd6f992c3a895a8f97782bff16c,memory_peak,3,1360.0,0.0,1360.0,1360.0
simplejson_4_0_0,c2f27f1a8d160fd6f992c3a895a8f97782bff16c,runtime_ns,3,2674125.3333333335,3332.5811818068787,2665846.7427421375,2682403.9239245295
simplejson_4_0_0,c2f27f1a8d160fd6f992c3a895a8f97782bff16c,memory_peak,3,1360.0,0.0,1360.0,1360.0
simplejson_3_20_2,33fe3707c6352b33b68c1e53c3963f4b9afdde3e,runtime_ns,3,2400903.0,8718.808175433154,2379244.2798098894,2422561.7201901106
simplejson_3_20_2,33fe3707c6352b33b68c1e53c3963f4b9afdde3e,memory_peak,3,1360.0,0.0,1360.0,1360.0
simplejson_4_0_0,33fe3707c6352b33b68c1e53c3963f4b9afdde3e,runtime_ns,3,2490167.3333333335,4195.111242068955,2479746.099291922,2500588.567374745
simplejson_4_0_0,33fe3707c6352b33b68c1e53c3963f4b9afdde3e,memory_peak,3,1360.0,0.0,1360.0,1360.0
simplejson_3_20_2,d90d5eceab57b2788b603c083d83af3967f510c2,runtime_ns,3,4768542.0,23610.154955018825,4709891.123695969,4827192.876304031
simplejson_3_20_2,d90d5eceab57b2788b603c083d83af3967f510c2,memory_peak,3,1766.0,0.0,1766.0,1766.0
simplejson_4_0_0,d90d5eceab57b2788b603c083d83af3967f510c2,runtime_ns,3,4845958.333333333,15467.549816739991,4807534.809525193,4884381.857141473
simplejson_4_0_0,d90d5eceab57b2788b603c083d83af3967f510c2,memory_peak,3,1766.0,0.0,1766.0,1766.0
simplejson_3_20_2,413eb32104d697d2d75b5dfde422a9c299130f44,runtime_ns,3,2316027.6666666665,10788.255157036903,2289228.155187086,2342827.178146247
simplejson_3_20_2,413eb32104d697d2d75b5dfde422a9c299130f44,memory_peak,3,1314.0,0.0,1314.0,1314.0
simplejson_4_0_0,413eb32104d697d2d75b5dfde422a9c299130f44,runtime_ns,3,2358569.3333333335,30393.980429245086,2283066.5003388445,2434072.1663278225
simplejson_4_0_0,413eb32104d697d2d75b5dfde422a9c299130f44,memory_peak,3,1314.0,0.0,1314.0,1314.0
simplejson_3_20_2,b152e0c5089fd69cca4e2defaa6642e716a90f47,runtime_ns,3,2895958.3333333335,42477.65262268306,2790437.994546696,3001478.672119971
simplejson_3_20_2,b152e0c5089fd69cca4e2defaa6642e716a90f47,memory_peak,3,1286.0,0.0,1286.0,1286.0
simplejson_4_0_0,b152e0c5089fd69cca4e2defaa6642e716a90f47,runtime_ns,3,2954000.3333333335,17363.90533069486,2910866.0012780917,2997134.6653885753
simplejson_4_0_0,b152e0c5089fd69cca4e2defaa6642e716a90f47,memory_peak,3,1286.0,0.0,1286.0,1286.0
simplejson_3_20_2,f07617ee53143be6e21968cd7a075fd58730c96f,runtime_ns,3,2588541.6666666665,11505.356245389941,2559960.777330371,2617122.556002962
simplejson_3_20_2,f07617ee53143be6e21968cd7a075fd58730c96f,memory_peak,3,1286.0,0.0,1286.0,1286.0
simplejson_4_0_0,f07617ee53143be6e21968cd7a075fd58730c96f,runtime_ns,3,2660153.0,8804.087857353537,2638282.433335985,2682023.566664015
simplejson_4_0_0,f07617ee53143be6e21968cd7a075fd58730c96f,memory_peak,3,1286.0,0.0,1286.0,1286.0
simplejson_3_20_2,3d8a71df6b165725de4444bce3d3cd1e30d68a1b,runtime_ns,3,2670875.0,20787.446476178837,2619236.120277533,2722513.879722467
simplejson_3_20_2,3d8a71df6b165725de4444bce3d3cd1e30d68a1b,memory_peak,3,1286.0,0.0,1286.0,1286.0
simplejson_4_0_0,3d8a71df6b165725de4444bce3d3cd1e30d68a1b,runtime_ns,3,2781014.0,26438.89163713184,2715336.1522273202,2846691.8477726798
simplejson_4_0_0,3d8a71df6b165725de4444bce3d3cd1e30d68a1b,memory_peak,3,1286.0,0.0,1286.0,1286.0
simplejson_3_20_2,74cf044bba06ad169d145fde3c6d65fc7de29ee6,runtime_ns,3,2685861.0,19951.59710399145,2636298.485224326,2735423.514775674
simplejson_3_20_2,74cf044bba06ad169d145fde3c6d65fc7de29ee6,memory_peak,3,1286.0,0.0,1286.0,1286.0
simplejson_4_0_0,74cf044bba06ad169d145fde3c6d65fc7de29ee6,runtime_ns,3,2827138.6666666665,52735.72849912413,2696135.8547453657,2958141.4785879673
simplejson_4_0_0,74cf044bba06ad169d145fde3c6d65fc7de29ee6,memory_peak,3,1286.0,0.0,1286.0,1286.0
simplejson_3_20_2,52470a409c327df916c36014df1a58f625bb8db4,runtime_ns,3,2717513.6666666665,9292.500219711234,2694429.8164344337,2740597.5168988993
simplejson_3_20_2,52470a409c327df916c36014df1a58f625bb8db4,memory_peak,3,1286.0,0.0,1286.0,1286.0
simplejson_4_0_0,52470a409c327df916c36014df1a58f625bb8db4,runtime_ns,3,2793639.3333333335,35477.907510637284,2705507.325352169,2881771.341314498
simplejson_4_0_0,52470a409c327df916c36014df1a58f625bb8db4,memory_peak,3,1286.0,0.0,1286.0,1286.0
simplejson_3_20_2,d75370fbe557f105cc374e9733a31b22edd23a5f,runtime_ns,3,2206750.0,18025.881088035614,2161971.2290016836,2251528.7709983164
simplejson_3_20_2,d75370fbe557f105cc374e9733a31b22edd23a5f,memory_peak,3,1286.0,0.0,1286.0,1286.0
simplejson_4_0_0,d75370fbe557f105cc374e9733a31b22edd23a5f,runtime_ns,3,2282597.3333333335,16327.613951013582,2242037.29177472,2323157.374891947
simplejson_4_0_0,d75370fbe557f105cc374e9733a31b22edd23a5f,memory_peak,3,1286.0,0.0,1286.0,1286.0
simplejson_3_20_2,e29a5efe1cc12f4132589beda46f57073d938e90,runtime_ns,3,2746986.0,34144.29640510989,2662166.8656588853,2831805.1343411147
simplejson_3_20_2,e29a5efe1cc12f4132589beda46f57073d938e90,memory_peak,3,1286.0,0.0,1286.0,1286.0
simplejson_4_0_0,e29a5efe1cc12f4132589beda46f57073d938e90,runtime_ns,3,2808472.3333333335,18500.068819691816,2762515.6147083608,2854429.051958306
simplejson_4_0_0,e29a5efe1cc12f4132589beda46f57073d938e90,memory_peak,3,1286.0,0.0,1286.0,1286.0
simplejson_3_20_2,5f4d93386ddc641e7e2bb8ffe25c8273494e9701,runtime_ns,3,2262333.3333333335,20657.51914759692,2211017.2109875833,2313649.4556790837
simplejson_3_20_2,5f4d93386ddc641e7e2bb8ffe25c8273494e9701,memory_peak,3,1286.0,0.0,1286.0,1286.0
simplejson_4_0_0,5f4d93386ddc641e7e2bb8ffe25c8273494e9701,runtime_ns,3,2327986.0,6132.084718919007,2312753.0570980855,2343218.9429019145
simplejson_4_0_0,5f4d93386ddc641e7e2bb8ffe25c8273494e9701,memory_peak,3,1286.0,0.0,1286.0,1286.0
simplejson_3_20_2,8fcb6bcef0c8acfd2ab4c20284117113ccd11b29,runtime_ns,3,2775805.6666666665,7099.563108623892,2758169.3742115824,2793441.9591217507
simplejson_3_20_2,8fcb6bcef0c8acfd2ab4c20284117113ccd11b29,memory_peak,3,1286.0,0.0,1286.0,1286.0
simplejson_4_0_0,8fcb6bcef0c8acfd2ab4c20284117113ccd11b29,runtime_ns,3,2852291.3333333335,6241.912554124203,2836785.5629641856,2867797.1037024814
simplejson_4_0_0,8fcb6bcef0c8acfd2ab4c20284117113ccd11b29,memory_peak,3,1286.0,0.0,1286.0,1286.0
simplejson_3_20_2,b2e816a6d6f36b9b2f82264782cd8060569ed199,runtime_ns,3,2782305.3333333335,30997.186329299846,2705304.053814568,2859306.612852099
simplejson_3_20_2,b2e816a6d6f36b9b2f82264782cd8060569ed199,memory_peak,3,1286.0,0.0,1286.0,1286.0
simplejson_4_0_0,b2e816a6d6f36b9b2f82264782cd8060569ed199,runtime_ns,3,2842694.3333333335,10239.325970655165,2817258.4375467245,2868130.2291199425
simplejson_4_0_0,b2e816a6d6f36b9b2f82264782cd8060569ed199,memory_peak,3,1286.0,0.0,1286.0,1286.0
simplejson_3_20_2,54c0c73f303a2006d5b8b06f71d90a88cc2787d1,runtime_ns,3,2929833.3333333335,13107.697064447795,2897272.0087413397,2962394.6579253273
simplejson_3_20_2,54c0c73f303a2006d5b8b06f71d90a88cc2787d1,memory_peak,3,1286.0,0.0,1286.0,1286.0
simplejson_4_0_0,54c0c73f303a2006d5b8b06f71d90a88cc2787d1,runtime_ns,3,3015750.3333333335,10645.079066560911,2989306.4909795257,3042194.1756871413
simplejson_4_0_0,54c0c73f303a2006d5b8b06f71d90a88cc2787d1,memory_peak,3,1286.0,0.0,1286.0,1286.0
simplejson_3_20_2,80447ffc730a70f9814d238923240f5e1f914139,runtime_ns,3,2853902.6666666665,12153.346219594558,2823712.0809986135,2884093.2523347195
simplejson_3_20_2,80447ffc730a70f9814d238923240f5e1f914139,memory_peak,3,1286.0,0.0,1286.0,1286.0
simplejson_4_0_0,80447ffc730a70f9814d238923240f5e1f914139,runtime_ns,3,2934708.3333333335,25787.29526982877,2870649.1406695107,2998767.5259971563
simplejson_4_0_0,80447ffc730a70f9814d238923240f5e1f914139,memory_peak,3,1286.0,0.0,1286.0,1286.0
simplejson_3_20_2,0496b61aa2e9f74b83ba03f848a9985af1928c32,runtime_ns,3,30683333.333333332,398103.99799842923,29694388.178706855,31672278.48795981
simplejson_3_20_2,0496b61aa2e9f74b83ba03f848a9985af1928c32,memory_peak,3,6209.0,0.0,6209.0,6209.0
simplejson_4_0_0,0496b61aa2e9f74b83ba03f848a9985af1928c32,runtime_ns,3,29819291.333333332,50209.47343214558,29694564.086893413,29944018.57977325
simplejson_4_0_0,0496b61aa2e9f74b83ba03f848a9985af1928c32,memory_peak,3,6209.0,0.0,6209.0,6209.0
simplejson_3_20_2,875a4e661e568dfd82654752d14608833b78a1ea,runtime_ns,3,35726500.0,175907.14931747373,35289522.416613966,36163477.583386034
simplejson_3_20_2,875a4e661e568dfd82654752d14608833b78a1ea,memory_peak,3,6481.0,0.0,6481.0,6481.0
simplejson_4_0_0,875a4e661e568dfd82654752d14608833b78a1ea,runtime_ns,3,35039333.333333336,484834.6421289771,33834937.314857766,36243729.351808906
simplejson_4_0_0,875a4e661e568dfd82654752d14608833b78a1ea,memory_peak,3,6481.0,0.0,6481.0,6481.0
simplejson_3_20_2,8995ed358ba9cc49eedb8bdd97caa3bb14539788,runtime_ns,3,26879097.0,146224.6267322984,26515854.890347682,27242339.109652318
simplejson_3_20_2,8995ed358ba9cc49eedb8bdd97caa3bb14539788,memory_peak,3,6247.0,0.0,6247.0,6247.0
simplejson_4_0_0,8995ed358ba9cc49eedb8bdd97caa3bb14539788,runtime_ns,3,26585069.333333332,47386.15910087389,26467355.58849585,26702783.078170814
simplejson_4_0_0,8995ed358ba9cc49eedb8bdd97caa3bb14539788,memory_peak,3,6247.0,0.0,6247.0,6247.0
simplejson_3_20_2,5bd55323c098086ff9ce0a1ead1521325658a09f,runtime_ns,3,31719167.0,171814.88261789197,31292355.17064894,32145978.82935106
simplejson_3_20_2,5bd55323c098086ff9ce0a1ead1521325658a09f,memory_peak,3,6424.0,0.0,6424.0,6424.0
simplejson_4_0_0,5bd55323c098086ff9ce0a1ead1521325658a09f,runtime_ns,3,30858902.333333332,375648.60847117926,29925739.45866354,31792065.208003122
simplejson_4_0_0,5bd55323c098086ff9ce0a1ead1521325658a09f,memory_peak,3,6428.0,0.0,6428.0,6428.0
simplejson_3_20_2,5ad92d46e2e9af90780f3a07ca9c4a80f3d3ad52,runtime_ns,3,31121486.0,282338.5502601442,30420118.15981786,31822853.84018214
simplejson_3_20_2,5ad92d46e2e9af90780f3a07ca9c4a80f3d3ad52,memory_peak,3,6699.0,0.0,6699.0,6699.0
simplejson_4_0_0,5ad92d46e2e9af90780f3a07ca9c4a80f3d3ad52,runtime_ns,3,29899361.333333332,157420.13624798236,29508308.036290843,30290414.63037582
simplejson_4_0_0,5ad92d46e2e9af90780f3a07ca9c4a80f3d3ad52,memory_peak,3,6703.0,0.0,6703.0,6703.0
simplejson_3_20_2,eea8ca4aeb6f6fe05e5fd7be9223831008c7a6d7,runtime_ns,3,30923583.333333332,307373.8814088362,30160024.28291857,31687142.383748095
simplejson_3_20_2,eea8ca4aeb6f6fe05e5fd7be9223831008c7a6d7,memory_peak,3,6531.0,0.0,6531.0,6531.0
simplejson_4_0_0,eea8ca4aeb6f6fe05e5fd7be9223831008c7a6d7,runtime_ns,3,30090527.666666668,243749.51958174878,29485020.29285262,30696035.040480714
simplejson_4_0_0,eea8ca4aeb6f6fe05e5fd7be9223831008c7a6d7,memory_peak,3,6535.0,0.0,6535.0,6535.0
simplejson_3_20_2,640b165aa1c0b6c8c6fb5356b6b1ab7647081573,runtime_ns,3,34967208.333333336,426824.355707747,33906917.855026186,36027498.811640486
simplejson_3_20_2,640b165aa1c0b6c8c6fb5356b6b1ab7647081573,memory_peak,3,7039.0,0.0,7039.0,7039.0
simplejson_4_0_0,640b165aa1c0b6c8c6fb5356b6b1ab7647081573,runtime_ns,3,34393278.0,93747.31843098234,34160396.75091013,34626159.24908987
simplejson_4_0_0,640b165aa1c0b6c8c6fb5356b6b1ab7647081573,memory_peak,3,7043.0,0.0,7043.0,7043.0
simplejson_3_20_2,f13b30651932fa4e01da8224a111a4535e2e744c,runtime_ns,3,30810111.0,132285.8798927535,30481494.657026336,31138727.342973664
simplejson_3_20_2,f13b30651932fa4e01da8224a111a4535e2e744c,memory_peak,3,6416.0,0.0,6416.0,6416.0
simplejson_4_0_0,f13b30651932fa4e01da8224a111a4535e2e744c,runtime_ns,3,30430875.0,130530.78617322429,30106618.551522676,30755131.448477324
simplejson_4_0_0,f13b30651932fa4e01da8224a111a4535e2e744c,memory_peak,3,6416.0,0.0,6416.0,6416.0
simplejson_3_20_2,383b19b70dba5f0796485b8f578aeaa6cc2c80ba,runtime_ns,3,27707514.0,276413.6818086254,27020864.34897544,28394163.65102456
simplejson_3_20_2,383b19b70dba5f0796485b8f578aeaa6cc2c80ba,memory_peak,3,5525.0,0.0,5525.0,5525.0
simplejson_4_0_0,383b19b70dba5f0796485b8f578aeaa6cc2c80ba,runtime_ns,3,27404153.0,44695.32388292986,27293123.66040352,27515182.33959648
simplejson_4_0_0,383b19b70dba5f0796485b8f578aeaa6cc2c80ba,memory_peak,3,5525.0,0.0,5525.0,5525.0
simplejson_3_20_2,4ec2b32fae34052ef2acc1e3d6a14099a18d314a,runtime_ns,3,28930278.0,45770.47877180225,28816577.8275981,29043978.1724019
simplejson_3_20_2,4ec2b32fae34052ef2acc1e3d6a14099a18d314a,memory_peak,3,5932.0,0.0,5932.0,5932.0
simplejson_4_0_0,4ec2b32fae34052ef2acc1e3d6a14099a18d314a,runtime_ns,3,28026791.666666668,244776.2477413471,27418733.758711647,28634849.57462169
simplejson_4_0_0,4ec2b32fae34052ef2acc1e3d6a14099a18d314a,memory_peak,3,5932.0,0.0,5932.0,5932.0
simplejson_3_20_2,ad46b07fbb61a67f611fde8ea05aa6d3e6a67492,runtime_ns,3,5823860.666666667,70920.03990645615,5647685.521016201,6000035.812317133
simplejson_3_20_2,ad46b07fbb61a67f611fde8ea05aa6d3e6a67492,memory_peak,3,1918.0,0.0,1918.0,1918.0
simplejson_4_0_0,ad46b07fbb61a67f611fde8ea05aa6d3e6a67492,runtime_ns,3,5877902.666666667,45910.49237737854,5763854.681186995,5991950.652146339
simplejson_4_0_0,ad46b07fbb61a67f611fde8ea05aa6d3e6a67492,memory_peak,3,1918.0,0.0,1918.0,1918.0
simplejson_3_20_2,d73008dfadb584c77b5288ab65d371b17d3eabb3,runtime_ns,3,3060444.3333333335,19113.067580410356,3012964.8413696033,3107923.8252970637
simplejson_3_20_2,d73008dfadb584c77b5288ab65d371b17d3eabb3,memory_peak,3,1494.0,0.0,1494.0,1494.0
simplejson_4_0_0,d73008dfadb584c77b5288ab65d371b17d3eabb3,runtime_ns,4,3062500.25,64064.47989005556,2960559.366336985,3164441.133663015
simplejson_4_0_0,d73008dfadb584c77b5288ab65d371b17d3eabb3,memory_peak,4,1494.0,0.0,1494.0,1494.0
simplejson_3_20_2,adb08a6ccfcc5a046faf7f4c263189374911473c,runtime_ns,3,6319611.333333333,45567.42719677438,6206415.569006388,6432807.097660278
simplejson_3_20_2,adb08a6ccfcc5a046faf7f4c263189374911473c,memory_peak,3,2166.0,0.0,2166.0,2166.0
simplejson_4_0_0,adb08a6ccfcc5a046faf7f4c263189374911473c,runtime_ns,3,6339028.0,47482.867573473275,6221074.017998688,6456981.982001312
simplejson_4_0_0,adb08a6ccfcc5a046faf7f4c263189374911473c,memory_peak,3,2166.0,0.0,2166.0,2166.0
simplejson_3_20_2,76eadce4224d569075336318f0095b6cd4d199a3,runtime_ns,3,17008264.0,293329.8671513012,16279592.215026738,17736935.78497326
simplejson_3_20_2,76eadce4224d569075336318f0095b6cd4d199a3,memory_peak,3,5117.0,0.0,5117.0,5117.0
simplejson_4_0_0,76eadce4224d569075336318f0095b6cd4d199a3,runtime_ns,3,16922125.0,172016.68794335044,16494811.858429534,17349438.141570464
simplejson_4_0_0,76eadce4224d569075336318f0095b6cd4d199a3,memory_peak,3,5117.0,0.0,5117.0,5117.0
simplejson_3_20_2,a32f9923890cda0146795f84a61872fd0b572824,runtime_ns,3,29626500.0,10833.271158795944,29599588.662572816,29653411.337427184
simplejson_3_20_2,a32f9923890cda0146795f84a61872fd0b572824,memory_peak,3,5705.0,0.0,5705.0,5705.0
simplejson_4_0_0,a32f9923890cda0146795f84a61872fd0b572824,runtime_ns,3,29203056.0,505032.3818459565,27948486.01460137,30457625.98539863
simplejson_4_0_0,a32f9923890cda0146795f84a61872fd0b572824,memory_peak,3,5709.0,0.0,5709.0,5709.0
simplejson_3_20_2,b9c978dbc2e03d731128e6c2d5faf7ef8b20bca7,runtime_ns,3,7086291.333333333,7923.444474048729,7066608.406108389,7105974.260558277
simplejson_3_20_2,b9c978dbc2e03d731128e6c2d5faf7ef8b20bca7,memory_peak,3,2163.0,0.0,2163.0,2163.0
simplejson_4_0_0,b9c978dbc2e03d731128e6c2d5faf7ef8b20bca7,runtime_ns,3,7055305.333333333,71598.04246858522,6877445.935949619,7233164.730717047
simplejson_4_0_0,b9c978dbc2e03d731128e6c2d5faf7ef8b20bca7,memory_peak,3,2163.0,0.0,2163.0,2163.0
simplejson_3_20_2,a2dd88bb32fe4a39898f07ccbc2fe5d5e958c03a,runtime_ns,3,3801375.0,11369.488291035794,3773131.625372934,3829618.374627066
simplejson_3_20_2,a2dd88bb32fe4a39898f07ccbc2fe5d5e958c03a,memory_peak,3,1457.0,0.0,1457.0,1457.0
simplejson_4_0_0,a2dd88bb32fe4a39898f07ccbc2fe5d5e958c03a,runtime_ns,3,3774874.6666666665,30513.646083897173,3699074.567706655,3850674.7656266782
simplejson_4_0_0,a2dd88bb32fe4a39898f07ccbc2fe5d5e958c03a,memory_peak,3,1457.0,0.0,1457.0,1457.0
simplejson_3_20_2,4ad0e34e21eae3082d393698ed4f1a501dd48e85,runtime_ns,3,13556264.0,105600.91437104132,13293936.78621558,13818591.21378442
simplejson_3_20_2,4ad0e34e21eae3082d393698ed4f1a501dd48e85,memory_peak,3,3600.0,0.0,3600.0,3600.0
simplejson_4_0_0,4ad0e34e21eae3082d393698ed4f1a501dd48e85,runtime_ns,3,13489180.666666666,88501.80179710091,13269330.003264634,13709031.330068698
simplejson_4_0_0,4ad0e34e21eae3082d393698ed4f1a501dd48e85,memory_peak,3,3600.0,0.0,3600.0,3600.0
simplejson_3_20_2,26077930a051cae98c10bb2c4dece7eaf3ee646c,runtime_ns,3,27859972.0,303620.7479537589,27105736.249938227,28614207.750061773
simplejson_3_20_2,26077930a051cae98c10bb2c4dece7eaf3ee646c,memory_peak,3,6146.0,0.0,6146.0,6146.0
simplejson_4_0_0,26077930a051cae98c10bb2c4dece7eaf3ee646c,runtime_ns,3,28233277.666666668,300427.5637725895,27486974.2258499,28979581.107483435
simplejson_4_0_0,26077930a051cae98c10bb2c4dece7eaf3ee646c,memory_peak,3,6146.0,0.0,6146.0,6146.0
simplejson_3_20_2,def96fb6c38e098cf4a3466a7fba3bd5257380c1,runtime_ns,4,7952125.25,164961.61523290805,7689634.508544199,8214615.991455801
simplejson_3_20_2,def96fb6c38e098cf4a3466a7fba3bd5257380c1,memory_peak,4,2778.0,0.0,2778.0,2778.0
simplejson_4_0_0,def96fb6c38e098cf4a3466a7fba3bd5257380c1,runtime_ns,3,7962055.666666667,13815.608793438432,7927735.791852097,7996375.541481237
simplejson_4_0_0,def96fb6c38e098cf4a3466a7fba3bd5257380c1,memory_peak,3,2778.0,0.0,2778.0,2778.0
simplejson_3_20_2,c410ee3ec95916075d87bb96bd8fceee90e277b6,runtime_ns,3,25970236.333333332,162274.01535776863,25567125.332145948,26373347.334520716
simplejson_3_20_2,c410ee3ec95916075d87bb96bd8fceee90e277b6,memory_peak,3,5878.0,0.0,5878.0,5878.0
simplejson_4_0_0,c410ee3ec95916075d87bb96bd8fceee90e277b6,runtime_ns,3,25903764.0,519097.1722799114,24614255.138276514,27193272.861723486
simplejson_4_0_0,c410ee3ec95916075d87bb96bd8fceee90e277b6,memory_peak,3,5878.0,0.0,5878.0,5878.0
simplejson_3_20_2,6ce918aec36da7d78146767b3ad6ec5db4ebdfe3,runtime_ns,3,8091375.0,104357.46865462002,7832136.676612255,8350613.323387745
simplejson_3_20_2,6ce918aec36da7d78146767b3ad6ec5db4ebdfe3,memory_peak,3,2083.0,0.0,2083.0,2083.0
simplejson_4_0_0,6ce918aec36da7d78146767b3ad6ec5db4ebdfe3,runtime_ns,3,7955694.666666667,94208.39166620633,7721668.048165298,8189721.285168036
simplejson_4_0_0,6ce918aec36da7d78146767b3ad6ec5db4ebdfe3,memory_peak,3,2083.0,0.0,2083.0,2083.0
simplejson_3_20_2,01e84ba898baa944b3519ff0d0968d3453f34a02,runtime_ns,3,6522291.666666667,29284.76946013633,6449544.266470828,6595039.066862506
simplejson_3_20_2,01e84ba898baa944b3519ff0d0968d3453f34a02,memory_peak,3,2310.0,0.0,2310.0,2310.0
simplejson_4_0_0,01e84ba898baa944b3519ff0d0968d3453f34a02,runtime_ns,3,6530666.666666667,7551.391549465127,6511907.970142448,6549425.363190886
simplejson_4_0_0,01e84ba898baa944b3519ff0d0968d3453f34a02,memory_peak,3,2310.0,0.0,2310.0,2310.0
simplejson_3_20_2,63ca99a8596f1e49e0fa152296b7eb8392753bdb,runtime_ns,3,30904889.333333332,76752.30817593262,30714226.030129615,31095552.63653705
simplejson_3_20_2,63ca99a8596f1e49e0fa152296b7eb8392753bdb,memory_peak,3,6940.0,0.0,6940.0,6940.0
simplejson_4_0_0,63ca99a8596f1e49e0fa152296b7eb8392753bdb,runtime_ns,3,30471750.0,105326.35294644926,30210104.8346046,30733395.1653954
simplejson_4_0_0,63ca99a8596f1e49e0fa152296b7eb8392753bdb,memory_peak,3,6940.0,0.0,6940.0,6940.0
simplejson_3_20_2,bf8c2b2c35faf49264a055050a9d4d64384d2d1d,runtime_ns,3,2941694.3333333335,12286.111929057675,2911173.9393595755,2972214.7273070915
simplejson_3_20_2,bf8c2b2c35faf49264a055050a9d4d64384d2d1d,memory_peak,3,1356.0,0.0,1356.0,1356.0
simplejson_4_0_0,bf8c2b2c35faf49264a055050a9d4d64384d2d1d,runtime_ns,3,2971306.0,14853.954456642177,2934406.7315656333,3008205.2684343667
simplejson_4_0_0,bf8c2b2c35faf49264a055050a9d4d64384d2d1d,memory_peak,3,1356.0,0.0,1356.0,1356.0
simplejson_3_20_2,4cc38c98b2c3d6d31736a2fbbf96926d704030ba,runtime_ns,3,11529763.666666666,114237.84778405681,11245981.120877096,11813546.212456236
simplejson_3_20_2,4cc38c98b2c3d6d31736a2fbbf96926d704030ba,memory_peak,3,2885.0,0.0,2885.0,2885.0
simplejson_4_0_0,4cc38c98b2c3d6d31736a2fbbf96926d704030ba,runtime_ns,3,11408889.0,65311.986028599684,11246645.032477045,11571132.967522955
simplejson_4_0_0,4cc38c98b2c3d6d31736a2fbbf96926d704030ba,memory_peak,3,2885.0,0.0,2885.0,2885.0
simplejson_3_20_2,083b2f20bf8b5ae1c05179a886aeb74dc7b9b7b9,runtime_ns,3,9767319.666666666,47330.73442630415,9649743.604353445,9884895.728979887
simplejson_3_20_2,083b2f20bf8b5ae1c05179a886aeb74dc7b9b7b9,memory_peak,3,2492.0,0.0,2492.0,2492.0
simplejson_4_0_0,083b2f20bf8b5ae1c05179a886aeb74dc7b9b7b9,runtime_ns,3,9868486.0,52360.01898395378,9738416.502253998,9998555.497746002
simplejson_4_0_0,083b2f20bf8b5ae1c05179a886aeb74dc7b9b7b9,memory_peak,3,2496.0,0.0,2496.0,2496.0
simplejson_3_20_2,a88ebdb8280994a52a389945303f4781041bc259,runtime_ns,3,9307431.0,46458.01021352507,9192022.9048157,9422839.0951843
simplejson_3_20_2,a88ebdb8280994a52a389945303f4781041bc259,memory_peak,3,2247.0,0.0,2247.0,2247.0
simplejson_4_0_0,a88ebdb8280994a52a389945303f4781041bc259,runtime_ns,3,9344375.0,169562.50547806846,8923158.385643058,9765591.614356942
simplejson_4_0_0,a88ebdb8280994a52a389945303f4781041bc259,memory_peak,3,2251.0,0.0,2251.0,2251.0
simplejson_3_20_2,374278a04c45e7d62ed92931844c1096f1ffc969,runtime_ns,3,2087375.0,12756.896840532967,2055685.1114735233,2119064.8885264765
simplejson_3_20_2,374278a04c45e7d62ed92931844c1096f1ffc969,memory_peak,3,1286.0,0.0,1286.0,1286.0
simplejson_4_0_0,374278a04c45e7d62ed92931844c1096f1ffc969,runtime_ns,3,2190041.6666666665,11707.715290923901,2160958.0895940466,2219125.2437392864
simplejson_4_0_0,374278a04c45e7d62ed92931844c1096f1ffc969,memory_peak,3,1286.0,0.0,1286.0,1286.0
simplejson_3_20_2,8f01da73be50bc798d9222b9e2905fe2e7b909d9,runtime_ns,3,8251500.0,102133.11602511695,7997787.274863435,8505212.725136565
simplejson_3_20_2,8f01da73be50bc798d9222b9e2905fe2e7b909d9,memory_peak,3,2291.0,0.0,2291.0,2291.0
simplejson_4_0_0,8f01da73be50bc798d9222b9e2905fe2e7b909d9,runtime_ns,3,8117486.0,73394.8379724351,7935163.115144869,8299808.884855131
simplejson_4_0_0,8f01da73be50bc798d9222b9e2905fe2e7b909d9,memory_peak,3,2295.0,0.0,2295.0,2295.0
simplejson_3_20_2,2ee32acdae0cc9448bdab222bcf7335ced06cd5d,runtime_ns,3,7028069.666666667,64512.001289165826,6867812.971403765,7188326.361929569
simplejson_3_20_2,2ee32acdae0cc9448bdab222bcf7335ced06cd5d,memory_peak,3,2450.0,0.0,2450.0,2450.0
simplejson_4_0_0,2ee32acdae0cc9448bdab222bcf7335ced06cd5d,runtime_ns,3,7045652.666666667,64655.83149518173,6885038.677364911,7206266.655968423
simplejson_4_0_0,2ee32acdae0cc9448bdab222bcf7335ced06cd5d,memory_peak,3,2450.0,0.0,2450.0,2450.0
simplejson_3_20_2,c4204fcbf0236bc4f37d901c70f6ecb58b590f25,runtime_ns,3,4069249.6666666665,36664.42720585354,3978170.180364881,4160329.152968452
simplejson_3_20_2,c4204fcbf0236bc4f37d901c70f6ecb58b590f25,memory_peak,3,1538.0,0.0,1538.0,1538.0
simplejson_4_0_0,c4204fcbf0236bc4f37d901c70f6ecb58b590f25,runtime_ns,3,4122652.3333333335,77550.02608854063,3930007.3889795677,4315297.277687099
simplejson_4_0_0,c4204fcbf0236bc4f37d901c70f6ecb58b590f25,memory_peak,3,1538.0,0.0,1538.0,1538.0
simplejson_3_20_2,e8069883489dea4879bab03a533c490783485bab,runtime_ns,3,6895347.333333333,126363.05374726164,6581444.106147827,7209250.560518839
simplejson_3_20_2,e8069883489dea4879bab03a533c490783485bab,memory_peak,3,2706.0,0.0,2706.0,2706.0
simplejson_4_0_0,e8069883489dea4879bab03a533c490783485bab,runtime_ns,3,6822889.0,35633.15819570306,6734371.327937289,6911406.672062711
simplejson_4_0_0,e8069883489dea4879bab03a533c490783485bab,memory_peak,3,2706.0,0.0,2706.0,2706.0
simplejson_3_20_2,cc235e0ba60340a5a46328b61b86d12ad373a07e,runtime_ns,4,8488593.5,181947.21570371263,8199074.877813531,8778112.122186469
simplejson_3_20_2,cc235e0ba60340a5a46328b61b86d12ad373a07e,memory_peak,4,2220.0,0.0,2220.0,2220.0
simplejson_4_0_0,cc235e0ba60340a5a46328b61b86d12ad373a07e,runtime_ns,3,8720625.0,84266.77833523719,8511294.718089731,8929955.281910269
simplejson_4_0_0,cc235e0ba60340a5a46328b61b86d12ad373a07e,memory_peak,3,2220.0,0.0,2220.0,2220.0
simplejson_3_20_2,48ab80e0e044c5f24bef2ed5dd86b7860483d6fb,runtime_ns,3,6434555.666666667,86459.16693059987,6219779.189567847,6649332.143765487
simplejson_3_20_2,48ab80e0e044c5f24bef2ed5dd86b7860483d6fb,memory_peak,3,2590.0,0.0,2590.0,2590.0
simplejson_4_0_0,48ab80e0e044c5f24bef2ed5dd86b7860483d6fb,runtime_ns,3,6699319.333333333,6559.46235093497,6683024.725538569,6715613.9411280975
simplejson_4_0_0,48ab80e0e044c5f24bef2ed5dd86b7860483d6fb,memory_peak,3,2590.0,0.0,2590.0,2590.0
simplejson_3_20_2,8e585a96a078595cd5eb0b9afc234dcb3dd99480,runtime_ns,3,37029763.666666664,278403.7693895924,36338170.36403254,37721356.96930079
simplejson_3_20_2,8e585a96a078595cd5eb0b9afc234dcb3dd99480,memory_peak,3,7925.0,0.0,7925.0,7925.0
simplejson_4_0_0,8e585a96a078595cd5eb0b9afc234dcb3dd99480,runtime_ns,3,35150444.333333336,77240.9434971721,34958567.19270083,35342321.47396584
simplejson_4_0_0,8e585a96a078595cd5eb0b9afc234dcb3dd99480,memory_peak,3,7925.0,0.0,7925.0,7925.0
simplejson_3_20_2,6a97da848cd3ac0f3dc4df7a8c3dbf8b72ae4a29,runtime_ns,3,35493527.666666664,250056.6287910267,34872352.56501372,36114702.76831961
simplejson_3_20_2,6a97da848cd3ac0f3dc4df7a8c3dbf8b72ae4a29,memory_peak,3,8127.0,0.0,8127.0,8127.0
simplejson_4_0_0,6a97da848cd3ac0f3dc4df7a8c3dbf8b72ae4a29,runtime_ns,3,33653944.333333336,501543.1622107247,32408042.050015163,34899846.61665151
simplejson_4_0_0,6a97da848cd3ac0f3dc4df7a8c3dbf8b72ae4a29,memory_peak,3,8127.0,0.0,8127.0,8127.0
simplejson_3_20_2,4b98b3b4633c75875389bb4cd9473e068969487b,runtime_ns,3,33098125.333333332,183873.78200367047,32641357.537255853,33554893.12941081
simplejson_3_20_2,4b98b3b4633c75875389bb4cd9473e068969487b,memory_peak,3,6422.0,0.0,6422.0,6422.0
simplejson_4_0_0,4b98b3b4633c75875389bb4cd9473e068969487b,runtime_ns,3,32572333.333333332,310544.60564842104,31800897.767261453,33343768.89940521
simplejson_4_0_0,4b98b3b4633c75875389bb4cd9473e068969487b,memory_peak,3,6426.0,0.0,6426.0,6426.0
simplejson_3_20_2,30b94b409d8b09e2ac4a3cc76234d3e59199f0e3,runtime_ns,3,32853528.0,122468.14882654183,32549300.253011737,33157755.746988263
simplejson_3_20_2,30b94b409d8b09e2ac4a3cc76234d3e59199f0e3,memory_peak,3,6434.0,0.0,6434.0,6434.0
simplejson_4_0_0,30b94b409d8b09e2ac4a3cc76234d3e59199f0e3,runtime_ns,3,31734903.0,214720.72728779586,31201507.143849928,32268298.856150072
simplejson_4_0_0,30b94b409d8b09e2ac4a3cc76234d3e59199f0e3,memory_peak,3,6438.0,0.0,6438.0,6438.0
simplejson_3_20_2,44f6579a6a1441bd94001218327a43bf8c9607ca,runtime_ns,3,37338777.666666664,432246.85125670186,36265016.96267456,38412538.37065877
simplejson_3_20_2,44f6579a6a1441bd94001218327a43bf8c9607ca,memory_peak,3,7925.0,0.0,7925.0,7925.0
simplejson_4_0_0,44f6579a6a1441bd94001218327a43bf8c9607ca,runtime_ns,3,35423583.333333336,501423.6103060299,34177978.033410124,36669188.63325655
simplejson_4_0_0,44f6579a6a1441bd94001218327a43bf8c9607ca,memory_peak,3,7925.0,0.0,7925.0,7925.0
simplejson_3_20_2,6bd4d10746d8fa3946e76cd637a0deec7988c351,runtime_ns,3,32275819.333333332,20867.26082487429,32223982.183777332,32327656.482889332
simplejson_3_20_2,6bd4d10746d8fa3946e76cd637a0deec7988c351,memory_peak,3,6434.0,0.0,6434.0,6434.0
simplejson_4_0_0,6bd4d10746d8fa3946e76cd637a0deec7988c351,runtime_ns,3,31824277.666666668,81678.3128886324,31621377.489387874,32027177.843945462
simplejson_4_0_0,6bd4d10746d8fa3946e76cd637a0deec7988c351,memory_peak,3,6438.0,0.0,6438.0,6438.0
simplejson_3_20_2,78929365c0c1d6e6f44859641ad830daadcf59aa,runtime_ns,3,37115944.333333336,172013.53670665962,36688639.019868776,37543249.646797895
simplejson_3_20_2,78929365c0c1d6e6f44859641ad830daadcf59aa,memory_peak,3,7897.0,0.0,7897.0,7897.0
simplejson_4_0_0,78929365c0c1d6e6f44859641ad830daadcf59aa,runtime_ns,3,35391597.333333336,145302.69594654234,35030645.42671354,35752549.23995313
simplejson_4_0_0,78929365c0c1d6e6f44859641ad830daadcf59aa,memory_peak,3,7897.0,0.0,7897.0,7897.0
simplejson_3_20_2,61eb300135fbd83cf300a55277527635d0d50a3f,runtime_ns,3,32049986.0,232579.5254187264,31472226.429926347,32627745.570073653
simplejson_3_20_2,61eb300135fbd83cf300a55277527635d0d50a3f,memory_peak,3,6462.0,0.0,6462.0,6462.0
simplejson_4_0_0,61eb300135fbd83cf300a55277527635d0d50a3f,runtime_ns,3,31807013.666666668,336301.7540785854,30971593.796832267,32642433.53650107
simplejson_4_0_0,61eb300135fbd83cf300a55277527635d0d50a3f,memory_peak,3,6466.0,0.0,6466.0,6466.0
simplejson_3_20_2,049b22ea73a146df9ac0749395e983366382c6dd,runtime_ns,3,33570347.333333336,202885.28297127254,33066352.35074526,34074342.31592141
simplejson_3_20_2,049b22ea73a146df9ac0749395e983366382c6dd,memory_peak,3,6422.0,0.0,6422.0,6422.0
simplejson_4_0_0,049b22ea73a146df9ac0749395e983366382c6dd,runtime_ns,3,32722139.0,341399.47785109456,31874055.682298224,33570222.31770177
simplejson_4_0_0,049b22ea73a146df9ac0749395e983366382c6dd,memory_peak,3,6426.0,0.0,6426.0,6426.0
simplejson_3_20_2,ad5be6a64795509148721ba48114fd371b7bb1ec,runtime_ns,3,33288208.666666668,164497.13704904815,32879575.125048164,33696842.20828517
simplejson_3_20_2,ad5be6a64795509148721ba48114fd371b7bb1ec,memory_peak,3,6422.0,0.0,6422.0,6422.0
simplejson_4_0_0,ad5be6a64795509148721ba48114fd371b7bb1ec,runtime_ns,3,32558139.0,171568.0170573758,32131940.418697547,32984337.581302453
simplejson_4_0_0,ad5be6a64795509148721ba48114fd371b7bb1ec,memory_peak,3,6426.0,0.0,6426.0,6426.0
simplejson_3_20_2,22302bea2260468f1f2db17effdec82f473befc3,runtime_ns,3,36995791.666666664,400191.1939939875,36001661.62975581,37989921.70357752
simplejson_3_20_2,22302bea2260468f1f2db17effdec82f473befc3,memory_peak,3,7897.0,0.0,7897.0,7897.0
simplejson_4_0_0,22302bea2260468f1f2db17effdec82f473befc3,runtime_ns,3,35212596.666666664,259775.26113225895,34567279.14390823,35857914.189425096
simplejson_4_0_0,22302bea2260468f1f2db17effdec82f473befc3,memory_peak,3,7897.0,0.0,7897.0,7897.0
simplejson_3_20_2,b21955bb093ad4ea3b069c3190311676ebe87d2a,runtime_ns,3,33399625.333333332,334730.28877341433,32568109.199726216,34231141.46694045
simplejson_3_20_2,b21955bb093ad4ea3b069c3190311676ebe87d2a,memory_peak,3,6422.0,0.0,6422.0,6422.0
simplejson_4_0_0,b21955bb093ad4ea3b069c3190311676ebe87d2a,runtime_ns,3,32432611.333333332,384271.4419734224,31478028.152778476,33387194.513888188
simplejson_4_0_0,b21955bb093ad4ea3b069c3190311676ebe87d2a,memory_peak,3,6426.0,0.0,6426.0,6426.0
simplejson_3_20_2,8239ce24b88eccc8b5cfb2bc74383cf0af1ef835,runtime_ns,3,36975152.666666664,68485.06805379792,36805026.32642244,37145279.00691089
simplejson_3_20_2,8239ce24b88eccc8b5cfb2bc74383cf0af1ef835,memory_peak,3,7925.0,0.0,7925.0,7925.0
simplejson_4_0_0,8239ce24b88eccc8b5cfb2bc74383cf0af1ef835,runtime_ns,3,35151152.666666664,64819.05909015753,34990133.19754063,35312172.135792695
simplejson_4_0_0,8239ce24b88eccc8b5cfb2bc74383cf0af1ef835,memory_peak,3,7925.0,0.0,7925.0,7925.0
simplejson_3_20_2,a31cac3c97750e67c7d5562a8d7184a0db3adce9,runtime_ns,3,36868319.333333336,441961.1998641208,35770426.84962045,37966211.817046225
simplejson_3_20_2,a31cac3c97750e67c7d5562a8d7184a0db3adce9,memory_peak,3,7925.0,0.0,7925.0,7925.0
simplejson_4_0_0,a31cac3c97750e67c7d5562a8d7184a0db3adce9,runtime_ns,3,34620361.0,152275.2084746562,34242088.412063465,34998633.587936535
simplejson_4_0_0,a31cac3c97750e67c7d5562a8d7184a0db3adce9,memory_peak,3,7925.0,0.0,7925.0,7925.0
simplejson_3_20_2,606a1301c07539ec3c898464e2138a7bbeb4f12a,runtime_ns,3,30753277.666666668,200375.95183637514,30255516.20818206,31251039.125151277
simplejson_3_20_2,606a1301c07539ec3c898464e2138a7bbeb4f12a,memory_peak,3,5468.0,0.0,5468.0,5468.0
simplejson_4_0_0,606a1301c07539ec3c898464e2138a7bbeb4f12a,runtime_ns,3,30797208.666666668,195505.80419090716,30311545.32560996,31282872.007723376
simplejson_4_0_0,606a1301c07539ec3c898464e2138a7bbeb4f12a,memory_peak,3,5472.0,0.0,5472.0,5472.0
simplejson_3_20_2,8e0301818815722f216c3e85e775980fe18bfc06,runtime_ns,3,30530930.666666668,32343.95687502278,30450583.8236462,30611277.509687137
simplejson_3_20_2,8e0301818815722f216c3e85e775980fe18bfc06,memory_peak,3,5154.0,0.0,5154.0,5154.0
simplejson_4_0_0,8e0301818815722f216c3e85e775980fe18bfc06,runtime_ns,3,30670472.333333332,142024.76560914767,30317663.257081147,31023281.409585517
simplejson_4_0_0,8e0301818815722f216c3e85e775980fe18bfc06,memory_peak,3,5158.0,0.0,5158.0,5158.0
simplejson_3_20_2,e3566df8573da2e7ba23fb19e74a41cf1e688a2d,runtime_ns,3,34597764.0,170026.58980583007,34175394.536263034,35020133.463736966
simplejson_3_20_2,e3566df8573da2e7ba23fb19e74a41cf1e688a2d,memory_peak,3,7207.0,0.0,7207.0,7207.0
simplejson_4_0_0,e3566df8573da2e7ba23fb19e74a41cf1e688a2d,runtime_ns,3,33109416.666666668,289291.8548185091,32390775.860409807,33828057.472923525
simplejson_4_0_0,e3566df8573da2e7ba23fb19e74a41cf1e688a2d,memory_peak,3,7211.0,0.0,7211.0,7211.0
simplejson_3_20_2,005468fd7919dc038462686ee0e6241e942d8533,runtime_ns,3,29895569.333333332,435484.097208306,28813766.864590634,30977371.80207603
simplejson_3_20_2,005468fd7919dc038462686ee0e6241e942d8533,memory_peak,3,6177.0,0.0,6177.0,6177.0
simplejson_4_0_0,005468fd7919dc038462686ee0e6241e942d8533,runtime_ns,3,29829749.666666668,87132.38905443448,29613300.813101646,30046198.52023169
simplejson_4_0_0,005468fd7919dc038462686ee0e6241e942d8533,memory_peak,3,6181.0,0.0,6181.0,6181.0
simplejson_3_20_2,e63d71b51d80cf9bde5130cf188571d471044266,runtime_ns,3,31767819.666666668,42104.207584674165,31663227.016782213,31872412.316551123
simplejson_3_20_2,e63d71b51d80cf9bde5130cf188571d471044266,memory_peak,3,7051.0,0.0,7051.0,7051.0
simplejson_4_0_0,e63d71b51d80cf9bde5130cf188571d471044266,runtime_ns,3,30427430.666666668,125140.09917421886,30116565.427055813,30738295.906277522
simplejson_4_0_0,e63d71b51d80cf9bde5130cf188571d471044266,memory_peak,3,7055.0,0.0,7055.0,7055.0
simplejson_3_20_2,8ac9b5c694ebd8f929b5232afab9efa44cf63930,runtime_ns,3,26550930.333333332,160819.14394851544,26151433.43307942,26950427.233587243
simplejson_3_20_2,8ac9b5c694ebd8f929b5232afab9efa44cf63930,memory_peak,3,5967.0,0.0,5967.0,5967.0
simplejson_4_0_0,8ac9b5c694ebd8f929b5232afab9efa44cf63930,runtime_ns,3,26188195.0,77110.36222843204,25996642.241221625,26379747.758778375
simplejson_4_0_0,8ac9b5c694ebd8f929b5232afab9efa44cf63930,memory_peak,3,5967.0,0.0,5967.0,5967.0
simplejson_3_20_2,b489a07a57c4eba860d251539ded3dddcee73146,runtime_ns,3,30657583.333333332,175814.68254196897,30220835.450151414,31094331.21651525
simplejson_3_20_2,b489a07a57c4eba860d251539ded3dddcee73146,memory_peak,3,6182.0,0.0,6182.0,6182.0
simplejson_4_0_0,b489a07a57c4eba860d251539ded3dddcee73146,runtime_ns,3,30524417.0,375099.4243197395,29592618.374391496,31456215.625608504
simplejson_4_0_0,b489a07a57c4eba860d251539ded3dddcee73146,memory_peak,3,6182.0,0.0,6182.0,6182.0
simplejson_3_20_2,bb5398c76e8b60d4ef8636715e943662c4a821b8,runtime_ns,3,27530792.0,125807.18933749375,27218269.61655742,27843314.38344258
simplejson_3_20_2,bb5398c76e8b60d4ef8636715e943662c4a821b8,memory_peak,3,6324.0,0.0,6324.0,6324.0
simplejson_4_0_0,bb5398c76e8b60d4ef8636715e943662c4a821b8,runtime_ns,3,27377694.666666668,41290.376425183305,27275123.685456503,27480265.647876833
simplejson_4_0_0,bb5398c76e8b60d4ef8636715e943662c4a821b8,memory_peak,3,6324.0,0.0,6324.0,6324.0
simplejson_3_20_2,1001a2355829c38fb15e7f2010e209e121356a02,runtime_ns,3,27937027.666666668,223712.0547698164,27381296.11483981,28492759.218493525
simplejson_3_20_2,1001a2355829c38fb15e7f2010e209e121356a02,memory_peak,3,5908.0,0.0,5908.0,5908.0
simplejson_4_0_0,1001a2355829c38fb15e7f2010e209e121356a02,runtime_ns,3,27701819.333333332,95383.11792625219,27464874.5330284,27938764.133638263
simplejson_4_0_0,1001a2355829c38fb15e7f2010e209e121356a02,memory_peak,3,5912.0,0.0,5912.0,5912.0
simplejson_3_20_2,8a6f21d8fb04abcc05e759e8e62c6ac2bb83331d,runtime_ns,9,31414222.222222224,2035741.490371922,29849412.79055411,32979031.653890338
simplejson_3_20_2,8a6f21d8fb04abcc05e759e8e62c6ac2bb83331d,memory_peak,9,6182.0,0.0,6182.0,6182.0
simplejson_4_0_0,8a6f21d8fb04abcc05e759e8e62c6ac2bb83331d,runtime_ns,3,30474833.333333332,404455.03470390046,29470111.328918085,31479555.33774858
simplejson_4_0_0,8a6f21d8fb04abcc05e759e8e62c6ac2bb83331d,memory_peak,3,6182.0,0.0,6182.0,6182.0
simplejson_3_20_2,9040f067deccefb9033e68a488a0e40a86f2520c,runtime_ns,3,31853722.333333332,496608.33619093965,30620078.837431833,33087365.82923483
simplejson_3_20_2,9040f067deccefb9033e68a488a0e40a86f2520c,memory_peak,3,7051.0,0.0,7051.0,7051.0
simplejson_4_0_0,9040f067deccefb9033e68a488a0e40a86f2520c,runtime_ns,3,30543791.666666668,107479.79681006722,30276797.050159518,30810786.28317382
simplejson_4_0_0,9040f067deccefb9033e68a488a0e40a86f2520c,memory_peak,3,7055.0,0.0,7055.0,7055.0
simplejson_3_20_2,2ddd9a4a4681fadbcaa4f2ab90800c04ba8c7e5d,runtime_ns,3,30160138.666666668,78869.38766297944,29964216.246470403,30356061.086862933
simplejson_3_20_2,2ddd9a4a4681fadbcaa4f2ab90800c04ba8c7e5d,memory_peak,3,6177.0,0.0,6177.0,6177.0
simplejson_4_0_0,2ddd9a4a4681fadbcaa4f2ab90800c04ba8c7e5d,runtime_ns,3,30000639.0,356326.5166430924,29115474.862310264,30885803.137689736
simplejson_4_0_0,2ddd9a4a4681fadbcaa4f2ab90800c04ba8c7e5d,memory_peak,3,6181.0,0.0,6181.0,6181.0
simplejson_3_20_2,8ca1912e6ea118a33b073934b775ff2bba34edcc,runtime_ns,3,26622652.666666668,98678.85512779996,26377520.801291354,26867784.53204198
simplejson_3_20_2,8ca1912e6ea118a33b073934b775ff2bba34edcc,memory_peak,3,5967.0,0.0,5967.0,5967.0
simplejson_4_0_0,8ca1912e6ea118a33b073934b775ff2bba34edcc,runtime_ns,3,26227985.666666668,88342.13630161619,26008531.634343237,26447439.6989901
simplejson_4_0_0,8ca1912e6ea118a33b073934b775ff2bba34edcc,memory_peak,3,5967.0,0.0,5967.0,5967.0
simplejson_3_20_2,445618ef1ccd5bcd739d13f35d15e1c5a5373944,runtime_ns,3,28596111.0,119601.40556448323,28299004.638058923,28893217.361941077
simplejson_3_20_2,445618ef1ccd5bcd739d13f35d15e1c5a5373944,memory_peak,3,5908.0,0.0,5908.0,5908.0
simplejson_4_0_0,445618ef1ccd5bcd739d13f35d15e1c5a5373944,runtime_ns,3,27920180.666666668,403045.0378807973,26918961.28853314,28921400.044800196
simplejson_4_0_0,445618ef1ccd5bcd739d13f35d15e1c5a5373944,memory_peak,3,5912.0,0.0,5912.0,5912.0
simplejson_3_20_2,b0ab902fea342daf7ec304c40a4891efe932e716,runtime_ns,3,29952597.333333332,110323.18183107907,29678539.35686646,30226655.309800204
simplejson_3_20_2,b0ab902fea342daf7ec304c40a4891efe932e716,memory_peak,3,6209.0,0.0,6209.0,6209.0
simplejson_4_0_0,b0ab902fea342daf7ec304c40a4891efe932e716,runtime_ns,3,29647139.0,119942.59757483994,29349185.070119046,29945092.929880954
simplejson_4_0_0,b0ab902fea342daf7ec304c40a4891efe932e716,memory_peak,3,6213.0,0.0,6213.0,6213.0
simplejson_3_20_2,b1d7a5a5a1d058acbca276b4c9182cd20b4b3f1f,runtime_ns,3,34369833.666666664,220999.80084229336,33820839.727105014,34918827.606228314
simplejson_3_20_2,b1d7a5a5a1d058acbca276b4c9182cd20b4b3f1f,memory_peak,3,7207.0,0.0,7207.0,7207.0
simplejson_4_0_0,b1d7a5a5a1d058acbca276b4c9182cd20b4b3f1f,runtime_ns,3,33181263.666666668,204000.31237557784,32674498.797485646,33688028.535847686
simplejson_4_0_0,b1d7a5a5a1d058acbca276b4c9182cd20b4b3f1f,memory_peak,3,7211.0,0.0,7211.0,7211.0
simplejson_3_20_2,50776eb335b4b4eb4d8349644ca1deb07778c967,runtime_ns,3,26568639.0,255435.93441017653,25934100.962395497,27203177.037604503
simplejson_3_20_2,50776eb335b4b4eb4d8349644ca1deb07778c967,memory_peak,3,5967.0,0.0,5967.0,5967.0
simplejson_4_0_0,50776eb335b4b4eb4d8349644ca1deb07778c967,runtime_ns,3,26003041.666666668,280432.42407455907,25306408.906425495,26699674.42690784
simplejson_4_0_0,50776eb335b4b4eb4d8349644ca1deb07778c967,memory_peak,3,5967.0,0.0,5967.0,5967.0
simplejson_3_20_2,53fc1d988199dd03d9f17788f468183558ad82ef,runtime_ns,3,30826319.333333332,136872.18694947974,30486309.97204239,31166328.694624275
simplejson_3_20_2,53fc1d988199dd03d9f17788f468183558ad82ef,memory_peak,3,6490.0,0.0,6490.0,6490.0
simplejson_4_0_0,53fc1d988199dd03d9f17788f468183558ad82ef,runtime_ns,3,29734375.0,213332.87929665225,29204426.749382906,30264323.250617094
simplejson_4_0_0,53fc1d988199dd03d9f17788f468183558ad82ef,memory_peak,3,6494.0,0.0,6494.0,6494.0
simplejson_3_20_2,d297dbfb766307be7cbaf0ac775cf99750459c1a,runtime_ns,3,30200597.333333332,110210.5030264055,29926819.266534463,30474375.4001322
simplejson_3_20_2,d297dbfb766307be7cbaf0ac775cf99750459c1a,memory_peak,3,6490.0,0.0,6490.0,6490.0
simplejson_4_0_0,d297dbfb766307be7cbaf0ac775cf99750459c1a,runtime_ns,3,29460097.333333332,387715.67262148863,28496958.209537648,30423236.457129017
simplejson_4_0_0,d297dbfb766307be7cbaf0ac775cf99750459c1a,memory_peak,3,6494.0,0.0,6494.0,6494.0
simplejson_3_20_2,538f45f52a29c717c553aa926bedaf5d11c62ec3,runtime_ns,3,37009430.666666664,255417.3280130644,36374938.84991491,37643922.48341842
simplejson_3_20_2,538f45f52a29c717c553aa926bedaf5d11c62ec3,memory_peak,3,7865.0,0.0,7865.0,7865.0
simplejson_4_0_0,538f45f52a29c717c553aa926bedaf5d11c62ec3,runtime_ns,3,35177972.333333336,266941.08774097206,34514853.91046033,35841090.75620634
simplejson_4_0_0,538f45f52a29c717c553aa926bedaf5d11c62ec3,memory_peak,3,7865.0,0.0,7865.0,7865.0
simplejson_3_20_2,c342afcc6545bffac9d3a69d2b6400507e03f870,runtime_ns,3,36829083.0,519636.73815368366,35538233.7823415,38119932.2176585
simplejson_3_20_2,c342afcc6545bffac9d3a69d2b6400507e03f870,memory_peak,3,7865.0,0.0,7865.0,7865.0
simplejson_4_0_0,c342afcc6545bffac9d3a69d2b6400507e03f870,runtime_ns,3,35126486.333333336,379334.9033787075,34184166.19446712,36068806.47219955
simplejson_4_0_0,c342afcc6545bffac9d3a69d2b6400507e03f870,memory_peak,3,7865.0,0.0,7865.0,7865.0
simplejson_3_20_2,6dd636d22d5cf259b807c81bc23d25864f87e9a1,runtime_ns,10,31698766.5,4656887.495495994,28367429.869768508,35030103.13023149
simplejson_3_20_2,6dd636d22d5cf259b807c81bc23d25864f87e9a1,memory_peak,10,6490.0,0.0,6490.0,6490.0
simplejson_4_0_0,6dd636d22d5cf259b807c81bc23d25864f87e9a1,runtime_ns,3,29330319.333333332,53158.98368416512,29198265.097245175,29462373.56942149
simplejson_4_0_0,6dd636d22d5cf259b807c81bc23d25864f87e9a1,memory_peak,3,6494.0,0.0,6494.0,6494.0
simplejson_3_20_2,ca28306ad0d967264321b5707353fc4aec48c3ea,runtime_ns,3,30402139.0,333777.02207162196,29572990.91215616,31231287.08784384
simplejson_3_20_2,ca28306ad0d967264321b5707353fc4aec48c3ea,memory_peak,3,6490.0,0.0,6490.0,6490.0
simplejson_4_0_0,ca28306ad0d967264321b5707353fc4aec48c3ea,runtime_ns,3,29245680.666666668,97075.43353667462,29004531.9213337,29486829.411999635
simplejson_4_0_0,ca28306ad0d967264321b5707353fc4aec48c3ea,memory_peak,3,6494.0,0.0,6494.0,6494.0
simplejson_3_20_2,bf4bd45c125eaa2f0f72e5a2fba77bfaaceab3e2,runtime_ns,3,30362555.666666668,105214.32447311218,30101188.795426674,30623922.53790666
simplejson_3_20_2,bf4bd45c125eaa2f0f72e5a2fba77bfaaceab3e2,memory_peak,3,6490.0,0.0,6490.0,6490.0
simplejson_4_0_0,bf4bd45c125eaa2f0f72e5a2fba77bfaaceab3e2,runtime_ns,3,29153152.666666668,140964.924929336,28802976.38061565,29503328.952717684
simplejson_4_0_0,bf4bd45c125eaa2f0f72e5a2fba77bfaaceab3e2,memory_peak,3,6494.0,0.0,6494.0,6494.0
simplejson_3_20_2,d9e96912680b1c1c4e0e7577737936a84fb225b6,runtime_ns,3,29959250.333333332,205925.13560110464,29447703.938189328,30470796.728477336
simplejson_3_20_2,d9e96912680b1c1c4e0e7577737936a84fb225b6,memory_peak,3,6505.0,0.0,6505.0,6505.0
simplejson_4_0_0,d9e96912680b1c1c4e0e7577737936a84fb225b6,runtime_ns,3,29541680.333333332,256518.62468509638,28904452.743986756,30178907.92267991
simplejson_4_0_0,d9e96912680b1c1c4e0e7577737936a84fb225b6,memory_peak,3,6509.0,0.0,6509.0,6509.0
simplejson_3_20_2,b7d993dc241b29b4fd1894cc69bca771937c470e,runtime_ns,3,30346777.666666668,171773.14858362856,29920069.510403983,30773485.822929353
simplejson_3_20_2,b7d993dc241b29b4fd1894cc69bca771937c470e,memory_peak,3,6490.0,0.0,6490.0,6490.0
simplejson_4_0_0,b7d993dc241b29b4fd1894cc69bca771937c470e,runtime_ns,3,29383430.333333332,216585.30495934698,28845402.60947287,29921458.057193793
simplejson_4_0_0,b7d993dc241b29b4fd1894cc69bca771937c470e,memory_peak,3,6494.0,0.0,6494.0,6494.0
simplejson_3_20_2,e1d3b4db7083da20be1a21205629ada0005ddbe9,runtime_ns,3,30118472.333333332,78187.88796439851,29924242.85223886,30312701.814427804
simplejson_3_20_2,e1d3b4db7083da20be1a21205629ada0005ddbe9,memory_peak,3,6490.0,0.0,6490.0,6490.0
simplejson_4_0_0,e1d3b4db7083da20be1a21205629ada0005ddbe9,runtime_ns,3,29340513.666666668,323089.265450484,28537915.438099407,30143111.89523393
simplejson_4_0_0,e1d3b4db7083da20be1a21205629ada0005ddbe9,memory_peak,3,6494.0,0.0,6494.0,6494.0
simplejson_3_20_2,8f93290c5b8f0255df418a99a7ef000c5dec3be0,runtime_ns,3,30130694.666666668,186599.31989515218,29667156.259128157,30594233.07420518
simplejson_3_20_2,8f93290c5b8f0255df418a99a7ef000c5dec3be0,memory_peak,3,6490.0,0.0,6490.0,6490.0
simplejson_4_0_0,8f93290c5b8f0255df418a99a7ef000c5dec3be0,runtime_ns,3,29412541.333333332,445201.0374227955,28306600.646960996,30518482.019705668
simplejson_4_0_0,8f93290c5b8f0255df418a99a7ef000c5dec3be0,memory_peak,3,6494.0,0.0,6494.0,6494.0
simplejson_3_20_2,82e3fbde44d0c156c2642df668567d8b740a8751,runtime_ns,3,37144847.0,385858.89190609567,36186320.37520187,38103373.62479813
simplejson_3_20_2,82e3fbde44d0c156c2642df668567d8b740a8751,memory_peak,3,7865.0,0.0,7865.0,7865.0
simplejson_4_0_0,82e3fbde44d0c156c2642df668567d8b740a8751,runtime_ns,3,35330097.333333336,188155.54415518383,34862693.05042254,35797501.61624413
simplejson_4_0_0,82e3fbde44d0c156c2642df668567d8b740a8751,memory_peak,3,7865.0,0.0,7865.0,7865.0
simplejson_3_20_2,8e60250dcef07cc390f67e5c88a82ddb991a690b,runtime_ns,3,30367847.333333332,120978.37865640841,30067320.380606536,30668374.28606013
simplejson_3_20_2,8e60250dcef07cc390f67e5c88a82ddb991a690b,memory_peak,3,6505.0,0.0,6505.0,6505.0
simplejson_4_0_0,8e60250dcef07cc390f67e5c88a82ddb991a690b,runtime_ns,3,29306528.0,91212.10844509625,29079944.561643276,29533111.438356724
simplejson_4_0_0,8e60250dcef07cc390f67e5c88a82ddb991a690b,memory_peak,3,6509.0,0.0,6509.0,6509.0
simplejson_3_20_2,4eda818b4012d593b9c01693e285858785e5aedc,runtime_ns,3,29924750.0,58563.400473333175,29779270.448355857,30070229.551644143
simplejson_3_20_2,4eda818b4012d593b9c01693e285858785e5aedc,memory_peak,3,6490.0,0.0,6490.0,6490.0
simplejson_4_0_0,4eda818b4012d593b9c01693e285858785e5aedc,runtime_ns,3,29491319.666666668,314542.1663645962,28709953.609264728,30272685.724068608
simplejson_4_0_0,4eda818b4012d593b9c01693e285858785e5aedc,memory_peak,3,6494.0,0.0,6494.0,6494.0
simplejson_3_20_2,31c7c97dcd9f9df23f078ac60e207e7394afd4ac,runtime_ns,3,7810263.666666667,86344.85833176943,7595771.147868979,8024756.185464355
simplejson_3_20_2,31c7c97dcd9f9df23f078ac60e207e7394afd4ac,memory_peak,3,2190.0,0.0,2190.0,2190.0
simplejson_4_0_0,31c7c97dcd9f9df23f078ac60e207e7394afd4ac,runtime_ns,3,7792694.333333333,41915.6274476875,7688570.142478855,7896818.524187811
simplejson_4_0_0,31c7c97dcd9f9df23f078ac60e207e7394afd4ac,memory_peak,3,2194.0,0.0,2194.0,2194.0
simplejson_3_20_2,6fd8e3716b646f7281549a8f9fbdccf3e7109f6c,runtime_ns,3,27216403.0,26223.30238547388,27151260.70561761,27281545.29438239
simplejson_3_20_2,6fd8e3716b646f7281549a8f9fbdccf3e7109f6c,memory_peak,3,6117.0,0.0,6117.0,6117.0
simplejson_4_0_0,6fd8e3716b646f7281549a8f9fbdccf3e7109f6c,runtime_ns,3,27043263.666666668,84221.33977997105,26834046.260385104,27252481.072948232
simplejson_4_0_0,6fd8e3716b646f7281549a8f9fbdccf3e7109f6c,memory_peak,3,6121.0,0.0,6121.0,6121.0
simplejson_3_20_2,3ffa90476bb3782b523d23a88b42cb1f3da02db5,runtime_ns,3,9919625.0,105200.30246629522,9658292.961355934,10180957.038644066
simplejson_3_20_2,3ffa90476bb3782b523d23a88b42cb1f3da02db5,memory_peak,3,2380.0,0.0,2380.0,2380.0
simplejson_4_0_0,3ffa90476bb3782b523d23a88b42cb1f3da02db5,runtime_ns,4,9780468.5,189473.61566631557,9478973.695936995,10081963.304063005
simplejson_4_0_0,3ffa90476bb3782b523d23a88b42cb1f3da02db5,memory_peak,4,2384.0,0.0,2384.0,2384.0
simplejson_3_20_2,58da9b95fc24bc34d0bf3e83749d6c1226698230,runtime_ns,3,7491707.666666667,20698.857657690518,7440288.853769046,7543126.479564288
simplejson_3_20_2,58da9b95fc24bc34d0bf3e83749d6c1226698230,memory_peak,3,2243.0,0.0,2243.0,2243.0
simplejson_4_0_0,58da9b95fc24bc34d0bf3e83749d6c1226698230,runtime_ns,3,7316653.333333333,107851.8163793885,7048734.5689845225,7584572.097682144
simplejson_4_0_0,58da9b95fc24bc34d0bf3e83749d6c1226698230,memory_peak,3,2247.0,0.0,2247.0,2247.0
simplejson_3_20_2,e0b47c3ebeda866bc43c84a095e62cfea2299c3b,runtime_ns,3,7274875.0,61821.69421004248,7121301.398008537,7428448.601991463
simplejson_3_20_2,e0b47c3ebeda866bc43c84a095e62cfea2299c3b,memory_peak,3,3156.0,0.0,3156.0,3156.0
simplejson_4_0_0,e0b47c3ebeda866bc43c84a095e62cfea2299c3b,runtime_ns,3,7263444.666666667,229.83544838282307,7262873.723761843,7264015.609571491
simplejson_4_0_0,e0b47c3ebeda866bc43c84a095e62cfea2299c3b,memory_peak,3,3156.0,0.0,3156.0,3156.0
simplejson_3_20_2,5c214212ab898ff2858599500609ec4d08d2eb79,runtime_ns,3,6975125.333333333,51576.86227692931,6847001.30469746,7103249.3619692065
simplejson_3_20_2,5c214212ab898ff2858599500609ec4d08d2eb79,memory_peak,3,2244.0,0.0,2244.0,2244.0
simplejson_4_0_0,5c214212ab898ff2858599500609ec4d08d2eb79,runtime_ns,3,7015013.666666667,94533.82032549691,6780178.63856027,7249848.694773064
simplejson_4_0_0,5c214212ab898ff2858599500609ec4d08d2eb79,memory_peak,3,2248.0,0.0,2248.0,2248.0
simplejson_3_20_2,77f827621125c613dfb03c7979d4bd4d4ad0a1a9,runtime_ns,3,7546777.666666667,43885.13500415982,7437760.947817579,7655794.385515755
simplejson_3_20_2,77f827621125c613dfb03c7979d4bd4d4ad0a1a9,memory_peak,3,2765.0,0.0,2765.0,2765.0
simplejson_4_0_0,77f827621125c613dfb03c7979d4bd4d4ad0a1a9,runtime_ns,3,7493583.333333333,38031.71647892497,7399107.312185439,7588059.354481227
simplejson_4_0_0,77f827621125c613dfb03c7979d4bd4d4ad0a1a9,memory_peak,3,2765.0,0.0,2765.0,2765.0
simplejson_3_20_2,72c62e9737a53c82c35e72637f3547b43752978e,runtime_ns,3,7629097.0,9543.478977815166,7605389.683969913,7652804.316030087
simplejson_3_20_2,72c62e9737a53c82c35e72637f3547b43752978e,memory_peak,3,2505.0,0.0,2505.0,2505.0
simplejson_4_0_0,72c62e9737a53c82c35e72637f3547b43752978e,runtime_ns,3,7602319.666666667,78367.04375139676,7407645.137925434,7796994.1954079
simplejson_4_0_0,72c62e9737a53c82c35e72637f3547b43752978e,memory_peak,3,2505.0,0.0,2505.0,2505.0
simplejson_3_20_2,9d2b5c4dc4f69876521f87e2dca2dd9dc441e2e1,runtime_ns,3,7365014.0,19829.40974915794,7315755.015440367,7414272.984559633
simplejson_3_20_2,9d2b5c4dc4f69876521f87e2dca2dd9dc441e2e1,memory_peak,3,3156.0,0.0,3156.0,3156.0
simplejson_4_0_0,9d2b5c4dc4f69876521f87e2dca2dd9dc441e2e1,runtime_ns,3,7388611.0,66261.72321182117,7224007.7545239525,7553214.2454760475
simplejson_4_0_0,9d2b5c4dc4f69876521f87e2dca2dd9dc441e2e1,memory_peak,3,3156.0,0.0,3156.0,3156.0
simplejson_3_20_2,8f4533f298fd18e241ee29dced2602a91962bc09,runtime_ns,3,30248194.333333332,201596.1255885969,29747401.795215942,30748986.871450722
simplejson_3_20_2,8f4533f298fd18e241ee29dced2602a91962bc09,memory_peak,3,6046.0,0.0,6046.0,6046.0
simplejson_4_0_0,8f4533f298fd18e241ee29dced2602a91962bc09,runtime_ns,3,29853514.0,169307.3166670596,29432931.3097921,30274096.6902079
simplejson_4_0_0,8f4533f298fd18e241ee29dced2602a91962bc09,memory_peak,3,6050.0,0.0,6050.0,6050.0
simplejson_3_20_2,0df871a558ce4b4e5ba6e53e9412b202499b6543,runtime_ns,3,27466958.333333332,212206.46258852092,26939808.256940052,27994108.409726612
simplejson_3_20_2,0df871a558ce4b4e5ba6e53e9412b202499b6543,memory_peak,3,5745.0,0.0,5745.0,5745.0
simplejson_4_0_0,0df871a558ce4b4e5ba6e53e9412b202499b6543,runtime_ns,3,27030930.333333332,209045.7624787772,26511631.8712782,27550228.795388464
simplejson_4_0_0,0df871a558ce4b4e5ba6e53e9412b202499b6543,memory_peak,3,5749.0,0.0,5749.0,5749.0
simplejson_3_20_2,fdbf3eed1a4e25c2d0c00fcb3909a121d856eac5,runtime_ns,3,29733402.666666668,29783.86829028985,29659415.436244953,29807389.897088382
simplejson_3_20_2,fdbf3eed1a4e25c2d0c00fcb3909a121d856eac5,memory_peak,3,6067.0,0.0,6067.0,6067.0
simplejson_4_0_0,fdbf3eed1a4e25c2d0c00fcb3909a121d856eac5,runtime_ns,3,29265375.0,376678.5765078763,28329653.54288835,30201096.45711165
simplejson_4_0_0,fdbf3eed1a4e25c2d0c00fcb3909a121d856eac5,memory_peak,3,6071.0,0.0,6071.0,6071.0
simplejson_3_20_2,921a631f590370c462108e064de9228d80582448,runtime_ns,3,30810208.666666668,296382.67783784756,30073953.27954012,31546464.053793214
simplejson_3_20_2,921a631f590370c462108e064de9228d80582448,memory_peak,3,6389.0,0.0,6389.0,6389.0
simplejson_4_0_0,921a631f590370c462108e064de9228d80582448,runtime_ns,3,30329125.0,107660.14428283105,30061682.37553454,30596567.62446546
simplejson_4_0_0,921a631f590370c462108e064de9228d80582448,memory_peak,3,6393.0,0.0,6393.0,6393.0
simplejson_3_20_2,c8e7e7224071d4d5129380cab6d6bfdcd1cc6bb3,runtime_ns,3,32764666.666666668,121704.1965518582,32462336.682333924,33066996.650999412
simplejson_3_20_2,c8e7e7224071d4d5129380cab6d6bfdcd1cc6bb3,memory_peak,3,6273.0,0.0,6273.0,6273.0
simplejson_4_0_0,c8e7e7224071d4d5129380cab6d6bfdcd1cc6bb3,runtime_ns,3,32018917.0,317095.4223715631,31231208.3030634,32806625.6969366
simplejson_4_0_0,c8e7e7224071d4d5129380cab6d6bfdcd1cc6bb3,memory_peak,3,6277.0,0.0,6277.0,6277.0
simplejson_3_20_2,7b765a179ff62cc2932185c5bc0f174195c942dd,runtime_ns,3,27179236.0,80307.27917194056,26979741.659280922,27378730.340719078
simplejson_3_20_2,7b765a179ff62cc2932185c5bc0f174195c942dd,memory_peak,3,5861.0,0.0,5861.0,5861.0
simplejson_4_0_0,7b765a179ff62cc2932185c5bc0f174195c942dd,runtime_ns,3,26729278.0,272941.1465188054,26051254.604844265,27407301.395155735
simplejson_4_0_0,7b765a179ff62cc2932185c5bc0f174195c942dd,memory_peak,3,5865.0,0.0,5865.0,5865.0
simplejson_3_20_2,b58df81bbac2df0f674c4064140239ece610e499,runtime_ns,3,31920152.666666668,155347.53593582788,31534247.994220987,32306057.33911235
simplejson_3_20_2,b58df81bbac2df0f674c4064140239ece610e499,memory_peak,3,6633.0,0.0,6633.0,6633.0
simplejson_4_0_0,b58df81bbac2df0f674c4064140239ece610e499,runtime_ns,3,30422125.0,138191.47555837155,30078838.344123024,30765411.655876976
simplejson_4_0_0,b58df81bbac2df0f674c4064140239ece610e499,memory_peak,3,6637.0,0.0,6637.0,6637.0
simplejson_3_20_2,2370917c63097dfa940d7137f7880e29df76ca0f,runtime_ns,3,33353680.666666668,82401.76755588033,33148983.32836622,33558378.004967116
simplejson_3_20_2,2370917c63097dfa940d7137f7880e29df76ca0f,memory_peak,3,6675.0,0.0,6675.0,6675.0
simplejson_4_0_0,2370917c63097dfa940d7137f7880e29df76ca0f,runtime_ns,3,32431722.0,215037.15019270507,31897540.10577898,32965903.89422102
simplejson_4_0_0,2370917c63097dfa940d7137f7880e29df76ca0f,memory_peak,3,6679.0,0.0,6679.0,6679.0
simplejson_3_20_2,b85fe4fc504ef12267803b6c3296120af3596412,runtime_ns,3,31312958.333333332,124467.44403792235,31003764.061713554,31622152.60495311
simplejson_3_20_2,b85fe4fc504ef12267803b6c3296120af3596412,memory_peak,3,6538.0,0.0,6538.0,6538.0
simplejson_4_0_0,b85fe4fc504ef12267803b6c3296120af3596412,runtime_ns,3,29870958.666666668,190343.9744917956,29398118.021427155,30343799.31190618
simplejson_4_0_0,b85fe4fc504ef12267803b6c3296120af3596412,memory_peak,3,6542.0,0.0,6542.0,6542.0
simplejson_3_20_2,3b4d490b4becbe6375d89dbbcccb46c139827626,runtime_ns,4,7493229.25,140417.1771837406,7269794.186636618,7716664.313363382
simplejson_3_20_2,3b4d490b4becbe6375d89dbbcccb46c139827626,memory_peak,4,2001.0,0.0,2001.0,2001.0
simplejson_4_0_0,3b4d490b4becbe6375d89dbbcccb46c139827626,runtime_ns,3,7316194.333333333,10543.19905594755,7290003.5749559635,7342385.0917107025
simplejson_4_0_0,3b4d490b4becbe6375d89dbbcccb46c139827626,memory_peak,3,2001.0,0.0,2001.0,2001.0
simplejson_3_20_2,5ce0c1b024504e86f9b71667cbe306a5a03ac16a,runtime_ns,3,29766166.666666668,201752.13498829035,29264986.579716112,30267346.753617223
simplejson_3_20_2,5ce0c1b024504e86f9b71667cbe306a5a03ac16a,memory_peak,3,6067.0,0.0,6067.0,6067.0
simplejson_4_0_0,5ce0c1b024504e86f9b71667cbe306a5a03ac16a,runtime_ns,3,29017611.0,151520.69914371436,28641212.717146322,29394009.282853678
simplejson_4_0_0,5ce0c1b024504e86f9b71667cbe306a5a03ac16a,memory_peak,3,6071.0,0.0,6071.0,6071.0
simplejson_3_20_2,42976d62ae387d40317d9aeef38a0a8ac4d1bf7e,runtime_ns,3,31686986.0,394611.72050890734,30706716.14358514,32667255.85641486
simplejson_3_20_2,42976d62ae387d40317d9aeef38a0a8ac4d1bf7e,memory_peak,3,6633.0,0.0,6633.0,6633.0
simplejson_4_0_0,42976d62ae387d40317d9aeef38a0a8ac4d1bf7e,runtime_ns,3,30378944.333333332,184567.46584740587,29920453.3310596,30837435.335607063
simplejson_4_0_0,42976d62ae387d40317d9aeef38a0a8ac4d1bf7e,memory_peak,3,6637.0,0.0,6637.0,6637.0
simplejson_3_20_2,d16089e56181f10a908d1cb89f6afc2c39339f94,runtime_ns,3,27400541.0,224411.87022971845,26843071.010197934,27958010.989802066
simplejson_3_20_2,d16089e56181f10a908d1cb89f6afc2c39339f94,memory_peak,3,5745.0,0.0,5745.0,5745.0
simplejson_4_0_0,d16089e56181f10a908d1cb89f6afc2c39339f94,runtime_ns,3,26943000.0,196430.7935100808,26455038.858092565,27430961.141907435
simplejson_4_0_0,d16089e56181f10a908d1cb89f6afc2c39339f94,memory_peak,3,5749.0,0.0,5749.0,5749.0
simplejson_3_20_2,01bacb176fc474800b8d2edae42bfee8b463e017,runtime_ns,3,32545902.666666668,193964.69937164683,32064067.642209243,33027737.691124093
simplejson_3_20_2,01bacb176fc474800b8d2edae42bfee8b463e017,memory_peak,3,6273.0,0.0,6273.0,6273.0
simplejson_4_0_0,01bacb176fc474800b8d2edae42bfee8b463e017,runtime_ns,3,31962097.333333332,149119.52697193393,31591663.89282398,32332530.773842685
simplejson_4_0_0,01bacb176fc474800b8d2edae42bfee8b463e017,memory_peak,3,6277.0,0.0,6277.0,6277.0
simplejson_3_20_2,9d4d2a0d208ffd9f405c78c45fffb6f482de2c05,runtime_ns,3,29907944.666666668,150065.6367205142,29535160.959251415,30280728.37408192
simplejson_3_20_2,9d4d2a0d208ffd9f405c78c45fffb6f482de2c05,memory_peak,3,6087.0,0.0,6087.0,6087.0
simplejson_4_0_0,9d4d2a0d208ffd9f405c78c45fffb6f482de2c05,runtime_ns,3,29334708.333333332,234042.30274105008,28753315.0229494,29916101.643717263
simplejson_4_0_0,9d4d2a0d208ffd9f405c78c45fffb6f482de2c05,memory_peak,3,6091.0,0.0,6091.0,6091.0
simplejson_3_20_2,8adfe163056637d23b17d28b354ffc6d841451ec,runtime_ns,3,36681152.666666664,295415.6670021638,35947299.46762471,37415005.86570862
simplejson_3_20_2,8adfe163056637d23b17d28b354ffc6d841451ec,memory_peak,3,7925.0,0.0,7925.0,7925.0
simplejson_4_0_0,8adfe163056637d23b17d28b354ffc6d841451ec,runtime_ns,3,35206639.0,152792.07555367524,34827082.44306051,35586195.55693949
simplejson_4_0_0,8adfe163056637d23b17d28b354ffc6d841451ec,memory_peak,3,7925.0,0.0,7925.0,7925.0
simplejson_3_20_2,82447e796d0333959946cddf4b9b414a58863a83,runtime_ns,3,36737722.333333336,231248.3544791905,36163269.57519137,37312175.0914753
simplejson_3_20_2,82447e796d0333959946cddf4b9b414a58863a83,memory_peak,3,7865.0,0.0,7865.0,7865.0
simplejson_4_0_0,82447e796d0333959946cddf4b9b414a58863a83,runtime_ns,3,35129958.333333336,293124.87562186416,34401795.775548935,35858120.89111774
simplejson_4_0_0,82447e796d0333959946cddf4b9b414a58863a83,memory_peak,3,7865.0,0.0,7865.0,7865.0
simplejson_3_20_2,7e7e9aea5668b15d9457e66d14342a0c801bc0bc,runtime_ns,3,36909514.0,163406.75846794096,36503589.10893491,37315438.89106509
simplejson_3_20_2,7e7e9aea5668b15d9457e66d14342a0c801bc0bc,memory_peak,3,7897.0,0.0,7897.0,7897.0
simplejson_4_0_0,7e7e9aea5668b15d9457e66d14342a0c801bc0bc,runtime_ns,3,35199652.666666664,317641.57598830375,34410587.24893431,35988718.084399015
simplejson_4_0_0,7e7e9aea5668b15d9457e66d14342a0c801bc0bc,memory_peak,3,7897.0,0.0,7897.0,7897.0
simplejson_3_20_2,3c74248650c89445a60cdf19dec4a840e6e93f10,runtime_ns,3,36917944.666666664,278935.75928936276,36225029.82786024,37610859.505473085
simplejson_3_20_2,3c74248650c89445a60cdf19dec4a840e6e93f10,memory_peak,3,7925.0,0.0,7925.0,7925.0
simplejson_4_0_0,3c74248650c89445a60cdf19dec4a840e6e93f10,runtime_ns,3,35433402.666666664,260319.51337987196,34786733.14637523,36080072.1869581
simplejson_4_0_0,3c74248650c89445a60cdf19dec4a840e6e93f10,memory_peak,3,7925.0,0.0,7925.0,7925.0
simplejson_3_20_2,5b13349b9d72df58ac4409250c68a66d460ff9a0,runtime_ns,3,30880902.666666668,166573.64643104063,30467110.789783552,31294694.543549784
simplejson_3_20_2,5b13349b9d72df58ac4409250c68a66d460ff9a0,memory_peak,3,6490.0,0.0,6490.0,6490.0
simplejson_4_0_0,5b13349b9d72df58ac4409250c68a66d460ff9a0,runtime_ns,3,30279583.666666668,295711.67686334834,29544995.138365496,31014172.19496784
simplejson_4_0_0,5b13349b9d72df58ac4409250c68a66d460ff9a0,memory_peak,3,6494.0,0.0,6494.0,6494.0
simplejson_3_20_2,d81fd9cff6bf8d5d8f098c0634988656aa58271a,runtime_ns,3,32842333.333333332,451955.8081431561,31719612.86628032,33965053.80038634
simplejson_3_20_2,d81fd9cff6bf8d5d8f098c0634988656aa58271a,memory_peak,3,6434.0,0.0,6434.0,6434.0
simplejson_4_0_0,d81fd9cff6bf8d5d8f098c0634988656aa58271a,runtime_ns,3,31893486.0,226235.0561783032,31331486.965227522,32455485.034772478
simplejson_4_0_0,d81fd9cff6bf8d5d8f098c0634988656aa58271a,memory_peak,3,6438.0,0.0,6438.0,6438.0
simplejson_3_20_2,5e8e0c5a27f1cd424957961a4318e983ad7b6b09,runtime_ns,3,37144486.0,154460.0873623992,36760785.872022815,37528186.127977185
simplejson_3_20_2,5e8e0c5a27f1cd424957961a4318e983ad7b6b09,memory_peak,3,7925.0,0.0,7925.0,7925.0
simplejson_4_0_0,5e8e0c5a27f1cd424957961a4318e983ad7b6b09,runtime_ns,3,35222055.666666664,183496.88505348895,34766224.134516574,35677887.198816754
simplejson_4_0_0,5e8e0c5a27f1cd424957961a4318e983ad7b6b09,memory_peak,3,7925.0,0.0,7925.0,7925.0
simplejson_3_20_2,a0e796d7b92be3e6fdb478b8212af1e0869f8ee2,runtime_ns,3,37004319.0,493971.8344470664,35777224.937507555,38231413.062492445
simplejson_3_20_2,a0e796d7b92be3e6fdb478b8212af1e0869f8ee2,memory_peak,3,7897.0,0.0,7897.0,7897.0
simplejson_4_0_0,a0e796d7b92be3e6fdb478b8212af1e0869f8ee2,runtime_ns,3,35433555.666666664,132417.45664501088,35104612.46892073,35762498.8644126
simplejson_4_0_0,a0e796d7b92be3e6fdb478b8212af1e0869f8ee2,memory_peak,3,7897.0,0.0,7897.0,7897.0
simplejson_3_20_2,a2bfa96ee9ce301d9e23a11410be3a13de8cddb2,runtime_ns,3,30475986.0,254886.61614137373,29842812.544622783,31109159.455377217
simplejson_3_20_2,a2bfa96ee9ce301d9e23a11410be3a13de8cddb2,memory_peak,3,6490.0,0.0,6490.0,6490.0
simplejson_4_0_0,a2bfa96ee9ce301d9e23a11410be3a13de8cddb2,runtime_ns,3,29367736.0,109535.27845858612,29095635.284013953,29639836.715986047
simplejson_4_0_0,a2bfa96ee9ce301d9e23a11410be3a13de8cddb2,memory_peak,3,6494.0,0.0,6494.0,6494.0
simplejson_3_20_2,2de92573ef158240e43f89d47fde1ae372ad5ca3,runtime_ns,3,36917930.333333336,301454.66356540803,36169075.435187496,37666785.231479175
simplejson_3_20_2,2de92573ef158240e43f89d47fde1ae372ad5ca3,memory_peak,3,7865.0,0.0,7865.0,7865.0
simplejson_4_0_0,2de92573ef158240e43f89d47fde1ae372ad5ca3,runtime_ns,10,36687591.5,4468756.4822158115,33490835.689345747,39884347.31065425
simplejson_4_0_0,2de92573ef158240e43f89d47fde1ae372ad5ca3,memory_peak,10,7865.0,0.0,7865.0,7865.0
simplejson_3_20_2,6566989136488ab9a70514775a849dc2fc2eb989,runtime_ns,3,34547000.0,245114.32522600552,33938102.26101585,35155897.73898415
simplejson_3_20_2,6566989136488ab9a70514775a849dc2fc2eb989,memory_peak,3,7207.0,0.0,7207.0,7207.0
simplejson_4_0_0,6566989136488ab9a70514775a849dc2fc2eb989,runtime_ns,3,33051653.0,41708.64674141323,32948042.977723584,33155263.022276416
simplejson_4_0_0,6566989136488ab9a70514775a849dc2fc2eb989,memory_peak,3,7211.0,0.0,7211.0,7211.0
simplejson_3_20_2,dde17a4e83342ce768fa786be32dee11c6bf9ab0,runtime_ns,3,31807972.0,230433.73554451615,31235542.867474366,32380401.132525634
simplejson_3_20_2,dde17a4e83342ce768fa786be32dee11c6bf9ab0,memory_peak,3,6633.0,0.0,6633.0,6633.0
simplejson_4_0_0,dde17a4e83342ce768fa786be32dee11c6bf9ab0,runtime_ns,3,30522944.333333332,180109.92046340293,30075526.48764984,30970362.179016825
simplejson_4_0_0,dde17a4e83342ce768fa786be32dee11c6bf9ab0,memory_peak,3,6637.0,0.0,6637.0,6637.0
simplejson_3_20_2,5c45fa06542e89837751d617e42dc35fc38d0e56,runtime_ns,3,31212055.666666668,207907.49703734432,30695584.812720582,31728526.520612754
simplejson_3_20_2,5c45fa06542e89837751d617e42dc35fc38d0e56,memory_peak,3,6538.0,0.0,6538.0,6538.0
simplejson_4_0_0,5c45fa06542e89837751d617e42dc35fc38d0e56,runtime_ns,3,29647014.0,295280.79003382527,28913495.853921544,30380532.146078456
simplejson_4_0_0,5c45fa06542e89837751d617e42dc35fc38d0e56,memory_peak,3,6542.0,0.0,6542.0,6542.0
simplejson_3_20_2,8041ff10afff6924720c9f7d7c27f278632d49ae,runtime_ns,3,31757833.333333332,260406.869575926,31110946.808220923,32404719.85844574
simplejson_3_20_2,8041ff10afff6924720c9f7d7c27f278632d49ae,memory_peak,3,7051.0,0.0,7051.0,7051.0
simplejson_4_0_0,8041ff10afff6924720c9f7d7c27f278632d49ae,runtime_ns,3,30293625.0,199840.9544012438,29797192.54881969,30790057.45118031
simplejson_4_0_0,8041ff10afff6924720c9f7d7c27f278632d49ae,memory_peak,3,7055.0,0.0,7055.0,7055.0
simplejson_3_20_2,7dcbc611a1f9864e59da7876197b50e89e79bc82,runtime_ns,3,8639069.333333334,27027.050326170138,8571930.41838072,8706208.248285947
simplejson_3_20_2,7dcbc611a1f9864e59da7876197b50e89e79bc82,memory_peak,3,2253.0,0.0,2253.0,2253.0
simplejson_4_0_0,7dcbc611a1f9864e59da7876197b50e89e79bc82,runtime_ns,3,8649333.333333334,40254.827006625346,8549334.79948619,8749331.867180478
simplejson_4_0_0,7dcbc611a1f9864e59da7876197b50e89e79bc82,memory_peak,3,2253.0,0.0,2253.0,2253.0
simplejson_3_20_2,af0f70fe37786230d68c4d1932a50ae12a3ed6a7,runtime_ns,3,16895430.333333332,30760.26146399496,16819017.607807323,16971843.05885934
simplejson_3_20_2,af0f70fe37786230d68c4d1932a50ae12a3ed6a7,memory_peak,3,3701.0,0.0,3701.0,3701.0
simplejson_4_0_0,af0f70fe37786230d68c4d1932a50ae12a3ed6a7,runtime_ns,3,16658014.0,62961.82764977522,16501608.14953447,16814419.850465532
simplejson_4_0_0,af0f70fe37786230d68c4d1932a50ae12a3ed6a7,memory_peak,3,3705.0,0.0,3705.0,3705.0
simplejson_3_20_2,c35554908bc0c6d7d8da7c418b520c34acff4ed4,runtime_ns,3,30750639.0,129966.30809944552,30427784.792793207,31073493.207206793
simplejson_3_20_2,c35554908bc0c6d7d8da7c418b520c34acff4ed4,memory_peak,3,6482.0,0.0,6482.0,6482.0
simplejson_4_0_0,c35554908bc0c6d7d8da7c418b520c34acff4ed4,runtime_ns,3,30485902.666666668,295282.6375869962,29752379.931011707,31219425.40232163
simplejson_4_0_0,c35554908bc0c6d7d8da7c418b520c34acff4ed4,memory_peak,3,6482.0,0.0,6482.0,6482.0
simplejson_3_20_2,c794e9bfbc21721e68f7e4a38b7a99153a2e6fdc,runtime_ns,3,10297597.333333334,182704.62931828885,9843733.873532407,10751460.79313426
simplejson_3_20_2,c794e9bfbc21721e68f7e4a38b7a99153a2e6fdc,memory_peak,3,3315.0,0.0,3315.0,3315.0
simplejson_4_0_0,c794e9bfbc21721e68f7e4a38b7a99153a2e6fdc,runtime_ns,3,10235486.333333334,55591.89955679994,10097388.39917645,10373584.267490217
simplejson_4_0_0,c794e9bfbc21721e68f7e4a38b7a99153a2e6fdc,memory_peak,3,3315.0,0.0,3315.0,3315.0
simplejson_3_20_2,5048954a0348f7815b05100df7ee73a76185d930,runtime_ns,3,20254653.0,58072.66752096032,20110392.496589243,20398913.503410757
simplejson_3_20_2,5048954a0348f7815b05100df7ee73a76185d930,memory_peak,3,4812.0,0.0,4812.0,4812.0
simplejson_4_0_0,5048954a0348f7815b05100df7ee73a76185d930,runtime_ns,3,20097805.333333332,48688.67729085822,19976855.95393987,20218754.712726794
simplejson_4_0_0,5048954a0348f7815b05100df7ee73a76185d930,memory_peak,3,4812.0,0.0,4812.0,4812.0
simplejson_3_20_2,7effadfdcdd6eb19905db53aa4b5eaacc37a65af,runtime_ns,3,8358722.333333333,55326.169633667334,8221284.508899644,8496160.157767022
simplejson_3_20_2,7effadfdcdd6eb19905db53aa4b5eaacc37a65af,memory_peak,3,2622.0,0.0,2622.0,2622.0
simplejson_4_0_0,7effadfdcdd6eb19905db53aa4b5eaacc37a65af,runtime_ns,3,8252791.666666667,82386.84951091002,8048131.3868443165,8457451.946489017
simplejson_4_0_0,7effadfdcdd6eb19905db53aa4b5eaacc37a65af,memory_peak,3,2622.0,0.0,2622.0,2622.0
simplejson_3_20_2,59e3f54b5fcbc3e90542262ccb372a22c9d9ac4b,runtime_ns,3,29620860.666666668,198249.8236073196,29128380.803495873,30113340.529837463
simplejson_3_20_2,59e3f54b5fcbc3e90542262ccb372a22c9d9ac4b,memory_peak,3,6597.0,0.0,6597.0,6597.0
simplejson_4_0_0,59e3f54b5fcbc3e90542262ccb372a22c9d9ac4b,runtime_ns,3,29452125.0,159752.5438420309,29055277.681293964,29848972.318706036
simplejson_4_0_0,59e3f54b5fcbc3e90542262ccb372a22c9d9ac4b,memory_peak,3,6597.0,0.0,6597.0,6597.0
simplejson_3_20_2,5fbfc82b2eee130045e358f7fdc9ef906a8919e5,runtime_ns,3,12860111.0,37437.395582492114,12767111.353803815,12953110.646196185
simplejson_3_20_2,5fbfc82b2eee130045e358f7fdc9ef906a8919e5,memory_peak,3,3265.0,0.0,3265.0,3265.0
simplejson_4_0_0,5fbfc82b2eee130045e358f7fdc9ef906a8919e5,runtime_ns,3,12932833.333333334,103707.112689214,12675210.583725316,13190456.082941351
simplejson_4_0_0,5fbfc82b2eee130045e358f7fdc9ef906a8919e5,memory_peak,3,3265.0,0.0,3265.0,3265.0
simplejson_3_20_2,950f72ad66cd4fab7835ef97b14a08dee4573247,runtime_ns,3,23837736.333333332,208131.65556044888,23320708.63874659,24354764.027920075
simplejson_3_20_2,950f72ad66cd4fab7835ef97b14a08dee4573247,memory_peak,3,5882.0,0.0,5882.0,5882.0
simplejson_4_0_0,950f72ad66cd4fab7835ef97b14a08dee4573247,runtime_ns,3,23668347.0,224835.04058976215,23109825.796748057,24226868.203251943
simplejson_4_0_0,950f72ad66cd4fab7835ef97b14a08dee4573247,memory_peak,3,5882.0,0.0,5882.0,5882.0
simplejson_3_20_2,7599095812b7f9ff32599f446a03c01c2ceee393,runtime_ns,3,4905583.333333333,11243.753836389933,4877652.30040672,4933514.3662599465
simplejson_3_20_2,7599095812b7f9ff32599f446a03c01c2ceee393,memory_peak,3,1745.0,0.0,1745.0,1745.0
simplejson_4_0_0,7599095812b7f9ff32599f446a03c01c2ceee393,runtime_ns,3,4992264.0,26620.172576450364,4926135.825409538,5058392.174590462
simplejson_4_0_0,7599095812b7f9ff32599f446a03c01c2ceee393,memory_peak,3,1745.0,0.0,1745.0,1745.0
simplejson_3_20_2,d29e9bc0bfe897fbe8e3151af36ac4b9c1d0b4cd,runtime_ns,3,28471139.0,271279.0737451011,27797244.422501095,29145033.577498905
simplejson_3_20_2,d29e9bc0bfe897fbe8e3151af36ac4b9c1d0b4cd,memory_peak,3,5711.0,0.0,5711.0,5711.0
simplejson_4_0_0,d29e9bc0bfe897fbe8e3151af36ac4b9c1d0b4cd,runtime_ns,3,28397583.333333332,201362.69763869705,27897370.662389267,28897796.004277397
simplejson_4_0_0,d29e9bc0bfe897fbe8e3151af36ac4b9c1d0b4cd,memory_peak,3,5715.0,0.0,5715.0,5715.0
simplejson_3_20_2,eccbbc89080a6755db8fd1680c85559756666ef9,runtime_ns,3,27897694.666666668,191265.15645651022,27422565.678569224,28372823.654764112
simplejson_3_20_2,eccbbc89080a6755db8fd1680c85559756666ef9,memory_peak,3,5854.0,0.0,5854.0,5854.0
simplejson_4_0_0,eccbbc89080a6755db8fd1680c85559756666ef9,runtime_ns,3,27761666.666666668,107251.76170736467,27495238.520757742,28028094.812575594
simplejson_4_0_0,eccbbc89080a6755db8fd1680c85559756666ef9,memory_peak,3,5854.0,0.0,5854.0,5854.0
simplejson_3_20_2,598d4ec0833a106dd7c23adde51707cb2f68fe4e,runtime_ns,3,10541305.333333334,46536.357402931026,10425702.612941222,10656908.053725446
simplejson_3_20_2,598d4ec0833a106dd7c23adde51707cb2f68fe4e,memory_peak,3,3653.0,0.0,3653.0,3653.0
simplejson_4_0_0,598d4ec0833a106dd7c23adde51707cb2f68fe4e,runtime_ns,3,10392527.666666666,17995.914795678862,10347823.336065274,10437231.997268058
simplejson_4_0_0,598d4ec0833a106dd7c23adde51707cb2f68fe4e,memory_peak,3,3653.0,0.0,3653.0,3653.0
simplejson_3_20_2,c759a87115067d66540dc2a967b4375f2c03c861,runtime_ns,3,29860972.333333332,186655.7240599209,29397293.81008202,30324650.856584646
simplejson_3_20_2,c759a87115067d66540dc2a967b4375f2c03c861,memory_peak,3,5690.0,0.0,5690.0,5690.0
simplejson_4_0_0,c759a87115067d66540dc2a967b4375f2c03c861,runtime_ns,3,29258499.666666668,312748.8696579627,28481588.405242033,30035410.928091303
simplejson_4_0_0,c759a87115067d66540dc2a967b4375f2c03c861,memory_peak,3,5694.0,0.0,5694.0,5694.0
simplejson_3_20_2,66a47b3d2952b9d93de1658111853fb033254d9d,runtime_ns,3,31072944.333333332,182811.15268586142,30618816.254817836,31527072.41184883
simplejson_3_20_2,66a47b3d2952b9d93de1658111853fb033254d9d,memory_peak,3,5692.0,0.0,5692.0,5692.0
simplejson_4_0_0,66a47b3d2952b9d93de1658111853fb033254d9d,runtime_ns,10,31969574.9,4483615.721152676,28762189.43015479,35176960.369845204
simplejson_4_0_0,66a47b3d2952b9d93de1658111853fb033254d9d,memory_peak,10,5692.0,0.0,5692.0,5692.0
simplejson_3_20_2,41bec0346a9c55ce207ee6886820c83da77fde34,runtime_ns,3,30011291.666666668,475446.35025661235,28830217.45808016,31192365.875253174
simplejson_3_20_2,41bec0346a9c55ce207ee6886820c83da77fde34,memory_peak,3,6020.0,0.0,6020.0,6020.0
simplejson_4_0_0,41bec0346a9c55ce207ee6886820c83da77fde34,runtime_ns,3,29999375.0,334843.5384832743,29167577.538517777,30831172.461482223
simplejson_4_0_0,41bec0346a9c55ce207ee6886820c83da77fde34,memory_peak,3,6024.0,0.0,6024.0,6024.0
simplejson_3_20_2,e28185271644d2eb768f6cc8590d44179ccab61f,runtime_ns,3,29984986.333333332,534667.0780124145,28656799.681611337,31313172.985055327
simplejson_3_20_2,e28185271644d2eb768f6cc8590d44179ccab61f,memory_peak,3,6020.0,0.0,6020.0,6020.0
simplejson_4_0_0,e28185271644d2eb768f6cc8590d44179ccab61f,runtime_ns,3,29595055.666666668,76479.20008952325,29405070.801559784,29785040.531773552
simplejson_4_0_0,e28185271644d2eb768f6cc8590d44179ccab61f,memory_peak,3,6024.0,0.0,6024.0,6024.0
simplejson_3_20_2,37862a07ef8709db866835a6b51539659eb0741a,runtime_ns,3,35685999.666666664,53964.15669991826,35551945.269925594,35820054.063407734
simplejson_3_20_2,37862a07ef8709db866835a6b51539659eb0741a,memory_peak,3,6274.0,0.0,6274.0,6274.0
simplejson_4_0_0,37862a07ef8709db866835a6b51539659eb0741a,runtime_ns,3,34353999.666666664,223320.9943116261,33799239.562871575,34908759.77046175
simplejson_4_0_0,37862a07ef8709db866835a6b51539659eb0741a,memory_peak,3,6278.0,0.0,6278.0,6278.0
simplejson_3_20_2,9d2d1bbd3600aae27d20e89e0bc5f121e505d4a6,runtime_ns,4,35837593.75,1042194.6454917063,34179229.50053423,37495957.99946577
simplejson_3_20_2,9d2d1bbd3600aae27d20e89e0bc5f121e505d4a6,memory_peak,4,6206.0,0.0,6206.0,6206.0
simplejson_4_0_0,9d2d1bbd3600aae27d20e89e0bc5f121e505d4a6,runtime_ns,3,34077278.0,404788.4110408795,33071727.84285386,35082828.15714614
simplejson_4_0_0,9d2d1bbd3600aae27d20e89e0bc5f121e505d4a6,memory_peak,3,6210.0,0.0,6210.0,6210.0
simplejson_3_20_2,4d5feb3206f1b53c84761d8beed849691fa069ac,runtime_ns,3,35279958.0,243062.8218979612,34676156.47779882,35883759.52220118
simplejson_3_20_2,4d5feb3206f1b53c84761d8beed849691fa069ac,memory_peak,3,6274.0,0.0,6274.0,6274.0
simplejson_4_0_0,4d5feb3206f1b53c84761d8beed849691fa069ac,runtime_ns,3,34253833.333333336,360451.85354265186,33358421.290677726,35149245.375988945
simplejson_4_0_0,4d5feb3206f1b53c84761d8beed849691fa069ac,memory_peak,3,6278.0,0.0,6278.0,6278.0
simplejson_3_20_2,7429322b543bf1eb0ce964716f75e3ce7e80fd38,runtime_ns,3,35699444.333333336,30608.272155306862,35623409.17018082,35775479.49648585
simplejson_3_20_2,7429322b543bf1eb0ce964716f75e3ce7e80fd38,memory_peak,3,6274.0,0.0,6274.0,6274.0
simplejson_4_0_0,7429322b543bf1eb0ce964716f75e3ce7e80fd38,runtime_ns,3,34259986.333333336,397312.991130838,33273006.148696896,35246966.51796977
simplejson_4_0_0,7429322b543bf1eb0ce964716f75e3ce7e80fd38,memory_peak,3,6278.0,0.0,6278.0,6278.0
simplejson_3_20_2,7aa44d9ab7f595f7c94d4bb1ea2cc9460a538a29,runtime_ns,3,35546014.0,199661.2342519198,35050027.99842019,36042000.00157981
simplejson_3_20_2,7aa44d9ab7f595f7c94d4bb1ea2cc9460a538a29,memory_peak,3,6278.0,0.0,6278.0,6278.0
simplejson_4_0_0,7aa44d9ab7f595f7c94d4bb1ea2cc9460a538a29,runtime_ns,3,34629250.0,180008.63694556436,34182083.75652275,35076416.24347725
simplejson_4_0_0,7aa44d9ab7f595f7c94d4bb1ea2cc9460a538a29,memory_peak,3,6282.0,0.0,6282.0,6282.0
simplejson_3_20_2,e052167faecbfd6595b41009c0399ad422cf229a,runtime_ns,3,35461389.0,329136.70035260427,34643768.110333025,36279009.889666975
simplejson_3_20_2,e052167faecbfd6595b41009c0399ad422cf229a,memory_peak,3,6235.0,0.0,6235.0,6235.0
simplejson_4_0_0,e052167faecbfd6595b41009c0399ad422cf229a,runtime_ns,3,34107305.333333336,203882.43130866703,33600833.29695613,34613777.36971054
simplejson_4_0_0,e052167faecbfd6595b41009c0399ad422cf229a,memory_peak,3,6239.0,0.0,6239.0,6239.0
simplejson_3_20_2,fef8bc05b99c056777e8b4838eb796da8bb858c8,runtime_ns,3,30334041.666666668,356405.71439068334,29448680.790865455,31219402.54246788
simplejson_3_20_2,fef8bc05b99c056777e8b4838eb796da8bb858c8,memory_peak,3,6020.0,0.0,6020.0,6020.0
simplejson_4_0_0,fef8bc05b99c056777e8b4838eb796da8bb858c8,runtime_ns,3,29556222.0,400259.2802959102,28561922.82733888,30550521.17266112
simplejson_4_0_0,fef8bc05b99c056777e8b4838eb796da8bb858c8,memory_peak,3,6024.0,0.0,6024.0,6024.0
simplejson_3_20_2,c0f1d7160c13e7a1f9de07912734997cc86f9e82,runtime_ns,3,35579638.666666664,216093.33844737866,35042833.0553715,36116444.27796183
simplejson_3_20_2,c0f1d7160c13e7a1f9de07912734997cc86f9e82,memory_peak,3,6278.0,0.0,6278.0,6278.0
simplejson_4_0_0,c0f1d7160c13e7a1f9de07912734997cc86f9e82,runtime_ns,3,34661930.666666664,133463.03963769643,34330390.096777834,34993471.236555494
simplejson_4_0_0,c0f1d7160c13e7a1f9de07912734997cc86f9e82,memory_peak,3,6282.0,0.0,6282.0,6282.0
simplejson_3_20_2,e028deee8286cc8d8de4dd2710afaff7291d71b0,runtime_ns,3,35638847.333333336,363903.02972953295,34734862.093762,36542832.57290467
simplejson_3_20_2,e028deee8286cc8d8de4dd2710afaff7291d71b0,memory_peak,3,6278.0,0.0,6278.0,6278.0
simplejson_4_0_0,e028deee8286cc8d8de4dd2710afaff7291d71b0,runtime_ns,3,34441986.333333336,44471.76013307022,34331512.35687886,34552460.30978781
simplejson_4_0_0,e028deee8286cc8d8de4dd2710afaff7291d71b0,memory_peak,3,6282.0,0.0,6282.0,6282.0
simplejson_3_20_2,5d66680c0fc504b15c8edc01a62cf7e2df8193a4,runtime_ns,3,30777805.333333332,526252.229044527,29470522.325271152,32085088.341395512
simplejson_3_20_2,5d66680c0fc504b15c8edc01a62cf7e2df8193a4,memory_peak,3,6016.0,0.0,6016.0,6016.0
simplejson_4_0_0,5d66680c0fc504b15c8edc01a62cf7e2df8193a4,runtime_ns,3,29796180.666666668,230020.84049132012,29224777.222313672,30367584.111019664
simplejson_4_0_0,5d66680c0fc504b15c8edc01a62cf7e2df8193a4,memory_peak,3,6020.0,0.0,6020.0,6020.0
simplejson_3_20_2,0d1e99b154ee6194fb138018ef29380aab8c9135,runtime_ns,3,36231486.333333336,192107.73877263075,35754264.25472916,36708708.41193751
simplejson_3_20_2,0d1e99b154ee6194fb138018ef29380aab8c9135,memory_peak,3,6230.0,0.0,6230.0,6230.0
simplejson_4_0_0,0d1e99b154ee6194fb138018ef29380aab8c9135,runtime_ns,3,34938222.333333336,51906.489819032584,34809279.464489296,35067165.202177376
simplejson_4_0_0,0d1e99b154ee6194fb138018ef29380aab8c9135,memory_peak,3,6234.0,0.0,6234.0,6234.0
simplejson_3_20_2,811ea4ab92c35b5453ac47a1717d2c723c252bdd,runtime_ns,3,31558416.333333332,378120.8698582152,30619112.0209187,32497720.645747963
simplejson_3_20_2,811ea4ab92c35b5453ac47a1717d2c723c252bdd,memory_peak,3,5466.0,0.0,5466.0,5466.0
simplejson_4_0_0,811ea4ab92c35b5453ac47a1717d2c723c252bdd,runtime_ns,3,30381221.666666668,135985.0655268193,30043416.037156656,30719027.29617668
simplejson_4_0_0,811ea4ab92c35b5453ac47a1717d2c723c252bdd,memory_peak,3,5470.0,0.0,5470.0,5470.0
simplejson_3_20_2,ab4d36bc06fc75aa3937073f305001523d3b0b76,runtime_ns,3,36187611.333333336,324854.18778943474,35380628.79462558,36994593.87204109
simplejson_3_20_2,ab4d36bc06fc75aa3937073f305001523d3b0b76,memory_peak,3,6234.0,0.0,6234.0,6234.0
simplejson_4_0_0,ab4d36bc06fc75aa3937073f305001523d3b0b76,runtime_ns,3,34695180.666666664,134288.7012981112,34361589.03951005,35028772.29382328
simplejson_4_0_0,ab4d36bc06fc75aa3937073f305001523d3b0b76,memory_peak,3,6238.0,0.0,6238.0,6238.0
simplejson_3_20_2,8ceb152a4c53e081d777e16d086dd1a6f5e04473,runtime_ns,4,12166677.25,365409.1227828291,11585229.793641413,12748124.706358587
simplejson_3_20_2,8ceb152a4c53e081d777e16d086dd1a6f5e04473,memory_peak,4,3221.0,0.0,3221.0,3221.0
simplejson_4_0_0,8ceb152a4c53e081d777e16d086dd1a6f5e04473,runtime_ns,4,11220926.75,211031.2976809759,10885128.863197977,11556724.636802023
simplejson_4_0_0,8ceb152a4c53e081d777e16d086dd1a6f5e04473,memory_peak,4,3225.0,0.0,3225.0,3225.0
simplejson_3_20_2,459b3012fb8e486f77cdf88e21468106012173ed,runtime_ns,3,11920791.333333334,211775.86140146694,11394710.92958754,12446871.737079129
simplejson_3_20_2,459b3012fb8e486f77cdf88e21468106012173ed,memory_peak,3,3202.0,0.0,3202.0,3202.0
simplejson_4_0_0,459b3012fb8e486f77cdf88e21468106012173ed,runtime_ns,4,11203364.75,204947.0610822463,10877248.241340026,11529481.258659974
simplejson_4_0_0,459b3012fb8e486f77cdf88e21468106012173ed,memory_peak,4,3206.0,0.0,3206.0,3206.0
simplejson_3_20_2,60133e13c16e008ece569bc6bf8659a8cdef4b3e,runtime_ns,3,24223000.333333332,136588.13165254635,23883696.604517724,24562304.06214894
simplejson_3_20_2,60133e13c16e008ece569bc6bf8659a8cdef4b3e,memory_peak,3,5419.0,0.0,5419.0,5419.0
simplejson_4_0_0,60133e13c16e008ece569bc6bf8659a8cdef4b3e,runtime_ns,3,23133986.0,81683.86922152991,22931072.020025115,23336899.979974885
simplejson_4_0_0,60133e13c16e008ece569bc6bf8659a8cdef4b3e,memory_peak,3,5423.0,0.0,5423.0,5423.0
simplejson_3_20_2,1b45dd30c5fce52f94468704be9e2cbcfdc2e771,runtime_ns,3,11949902.666666666,219669.51222764922,11404213.347220162,12495591.98611317
simplejson_3_20_2,1b45dd30c5fce52f94468704be9e2cbcfdc2e771,memory_peak,3,3221.0,0.0,3221.0,3221.0
simplejson_4_0_0,1b45dd30c5fce52f94468704be9e2cbcfdc2e771,runtime_ns,3,11271777.666666666,132243.3753514078,10943266.91082708,11600288.422506252
simplejson_4_0_0,1b45dd30c5fce52f94468704be9e2cbcfdc2e771,memory_peak,3,3225.0,0.0,3225.0,3225.0
simplejson_3_20_2,05d011b847cad068404fa36fa4539f3f828e0e5f,runtime_ns,3,24044750.0,253232.8782464868,23415684.65729282,24673815.34270718
simplejson_3_20_2,05d011b847cad068404fa36fa4539f3f828e0e5f,memory_peak,3,5419.0,0.0,5419.0,5419.0
simplejson_4_0_0,05d011b847cad068404fa36fa4539f3f828e0e5f,runtime_ns,3,23204986.0,167843.34351710227,22788040.020702902,23621931.979297098
simplejson_4_0_0,05d011b847cad068404fa36fa4539f3f828e0e5f,memory_peak,3,5423.0,0.0,5423.0,5423.0
simplejson_3_20_2,b860f1b235e9a17de42609921666cdaa8762aaae,runtime_ns,3,12039055.333333334,76246.83184456475,11849647.702946765,12228462.963719903
simplejson_3_20_2,b860f1b235e9a17de42609921666cdaa8762aaae,memory_peak,3,3202.0,0.0,3202.0,3202.0
simplejson_4_0_0,b860f1b235e9a17de42609921666cdaa8762aaae,runtime_ns,3,11222042.0,185693.1589046834,10760754.621150829,11683329.378849171
simplejson_4_0_0,b860f1b235e9a17de42609921666cdaa8762aaae,memory_peak,3,3206.0,0.0,3206.0,3206.0
simplejson_3_20_2,db538feccd9cf336d1db9a443cb77a03864b567c,runtime_ns,3,11941236.0,134124.47381816639,11608052.336519623,12274419.663480377
simplejson_3_20_2,db538feccd9cf336d1db9a443cb77a03864b567c,memory_peak,3,3221.0,0.0,3221.0,3221.0
simplejson_4_0_0,db538feccd9cf336d1db9a443cb77a03864b567c,runtime_ns,3,11243291.333333334,60568.09987388851,11092831.832307547,11393750.83435912
simplejson_4_0_0,db538feccd9cf336d1db9a443cb77a03864b567c,memory_peak,3,3225.0,0.0,3225.0,3225.0
simplejson_3_20_2,aca376da7d12111e48b625c6e6088d6257ff9eeb,runtime_ns,3,11904430.666666666,123899.2788935163,11596647.79550861,12212213.537824722
simplejson_3_20_2,aca376da7d12111e48b625c6e6088d6257ff9eeb,memory_peak,3,3221.0,0.0,3221.0,3221.0
simplejson_4_0_0,aca376da7d12111e48b625c6e6088d6257ff9eeb,runtime_ns,3,11151888.666666666,155685.9761999562,10765143.26199769,11538634.071335642
simplejson_4_0_0,aca376da7d12111e48b625c6e6088d6257ff9eeb,memory_peak,3,3225.0,0.0,3225.0,3225.0
simplejson_3_20_2,24dc417dfdfef2f84bdaaaf089755c8e2c193a36,runtime_ns,3,11932472.333333334,117858.06531728465,11639696.668644734,12225247.998021934
simplejson_3_20_2,24dc417dfdfef2f84bdaaaf089755c8e2c193a36,memory_peak,3,3202.0,0.0,3202.0,3202.0
simplejson_4_0_0,24dc417dfdfef2f84bdaaaf089755c8e2c193a36,runtime_ns,3,11216916.666666666,109154.00690003704,10945763.081737628,11488070.251595704
simplejson_4_0_0,24dc417dfdfef2f84bdaaaf089755c8e2c193a36,memory_peak,3,3206.0,0.0,3206.0,3206.0
simplejson_3_20_2,ae2a5677a7562aa1873c6683777c74182a3ac5b0,runtime_ns,3,23938472.333333332,349768.8379163206,23069598.37267031,24807346.293996353
simplejson_3_20_2,ae2a5677a7562aa1873c6683777c74182a3ac5b0,memory_peak,3,5419.0,0.0,5419.0,5419.0
simplejson_4_0_0,ae2a5677a7562aa1873c6683777c74182a3ac5b0,runtime_ns,3,22878124.666666668,90234.90301614633,22653968.741168126,23102280.59216521
simplejson_4_0_0,ae2a5677a7562aa1873c6683777c74182a3ac5b0,memory_peak,3,5423.0,0.0,5423.0,5423.0
simplejson_3_20_2,7c1e94581c3aa79269550fe26a294aaa5f2d98ba,runtime_ns,3,24002305.666666668,311472.06061914016,23228566.174726076,24776045.15860726
simplejson_3_20_2,7c1e94581c3aa79269550fe26a294aaa5f2d98ba,memory_peak,3,5419.0,0.0,5419.0,5419.0
simplejson_4_0_0,7c1e94581c3aa79269550fe26a294aaa5f2d98ba,runtime_ns,3,23023403.0,59503.86195869979,22875587.212513607,23171218.787486393
simplejson_4_0_0,7c1e94581c3aa79269550fe26a294aaa5f2d98ba,memory_peak,3,5423.0,0.0,5423.0,5423.0
simplejson_3_20_2,55a0d7e196f7be2bba693000a005c9d0886dbbb6,runtime_ns,3,11958347.333333334,169784.8883037985,11536578.28941255,12380116.377254117
simplejson_3_20_2,55a0d7e196f7be2bba693000a005c9d0886dbbb6,memory_peak,3,3157.0,0.0,3157.0,3157.0
simplejson_4_0_0,55a0d7e196f7be2bba693000a005c9d0886dbbb6,runtime_ns,3,11122000.333333334,135562.343950425,10785244.802432815,11458755.864233853
simplejson_4_0_0,55a0d7e196f7be2bba693000a005c9d0886dbbb6,memory_peak,3,3161.0,0.0,3161.0,3161.0
simplejson_3_20_2,65fe4b81f3843ec61ac485e69aafe462ff665302,runtime_ns,3,23862236.333333332,92145.72730372979,23633333.657161474,24091139.00950519
simplejson_3_20_2,65fe4b81f3843ec61ac485e69aafe462ff665302,memory_peak,3,5419.0,0.0,5419.0,5419.0
simplejson_4_0_0,65fe4b81f3843ec61ac485e69aafe462ff665302,runtime_ns,3,22898014.0,44791.12175420482,22786746.685298778,23009281.314701222
simplejson_4_0_0,65fe4b81f3843ec61ac485e69aafe462ff665302,memory_peak,3,5423.0,0.0,5423.0,5423.0
simplejson_3_20_2,429590e36135e3767a28e51e762a005be351139c,runtime_ns,3,12098388.666666666,54061.41689165512,11964092.662215449,12232684.671117883
simplejson_3_20_2,429590e36135e3767a28e51e762a005be351139c,memory_peak,3,3202.0,0.0,3202.0,3202.0
simplejson_4_0_0,429590e36135e3767a28e51e762a005be351139c,runtime_ns,3,10946708.333333334,166098.46703185834,10534096.867515575,11359319.799151093
simplejson_4_0_0,429590e36135e3767a28e51e762a005be351139c,memory_peak,3,3206.0,0.0,3206.0,3206.0
simplejson_3_20_2,f9bf3395104c9783625f8c7c6bc00a62fee5cd6f,runtime_ns,3,36640513.666666664,367586.5620725727,35727378.02548953,37553649.3078438
simplejson_3_20_2,f9bf3395104c9783625f8c7c6bc00a62fee5cd6f,memory_peak,3,7865.0,0.0,7865.0,7865.0
simplejson_4_0_0,f9bf3395104c9783625f8c7c6bc00a62fee5cd6f,runtime_ns,3,35179514.0,115516.33093636588,34892555.525997944,35466472.474002056
simplejson_4_0_0,f9bf3395104c9783625f8c7c6bc00a62fee5cd6f,memory_peak,3,7865.0,0.0,7865.0,7865.0
simplejson_3_20_2,f6d915c7f7f81940c88e46143a94a0de8bd4c9f6,runtime_ns,3,33509277.666666668,341010.30599724303,32662161.105443396,34356394.22788994
simplejson_3_20_2,f6d915c7f7f81940c88e46143a94a0de8bd4c9f6,memory_peak,3,6422.0,0.0,6422.0,6422.0
simplejson_4_0_0,f6d915c7f7f81940c88e46143a94a0de8bd4c9f6,runtime_ns,3,32656319.666666668,253575.79428907117,32026402.47328614,33286236.860047195
simplejson_4_0_0,f6d915c7f7f81940c88e46143a94a0de8bd4c9f6,memory_peak,3,6426.0,0.0,6426.0,6426.0
simplejson_3_20_2,f9a7eb75703c641a802117d9b6b5ef8ae133464e,runtime_ns,3,32522041.333333332,373225.89419456595,31594896.814562872,33449185.852103792
simplejson_3_20_2,f9a7eb75703c641a802117d9b6b5ef8ae133464e,memory_peak,3,6462.0,0.0,6462.0,6462.0
simplejson_4_0_0,f9a7eb75703c641a802117d9b6b5ef8ae133464e,runtime_ns,3,31538472.333333332,625434.5218121025,29984806.851469353,33092137.81519731
simplejson_4_0_0,f9a7eb75703c641a802117d9b6b5ef8ae133464e,memory_peak,3,6466.0,0.0,6466.0,6466.0
simplejson_3_20_2,f81527117d9adceabc84ac17d95f559d505556c8,runtime_ns,3,32622431.0,162681.4059811385,32218307.984401688,33026554.015598312
simplejson_3_20_2,f81527117d9adceabc84ac17d95f559d505556c8,memory_peak,3,6273.0,0.0,6273.0,6273.0
simplejson_4_0_0,f81527117d9adceabc84ac17d95f559d505556c8,runtime_ns,3,31734264.0,421513.4400182277,30687166.56764111,32781361.43235889
simplejson_4_0_0,f81527117d9adceabc84ac17d95f559d505556c8,memory_peak,3,6277.0,0.0,6277.0,6277.0
simplejson_3_20_2,ade56e9547357de31964f7a244527784cc49407f,runtime_ns,3,31890430.333333332,277364.0979116319,31201419.717825435,32579440.94884123
simplejson_3_20_2,ade56e9547357de31964f7a244527784cc49407f,memory_peak,3,6346.0,0.0,6346.0,6346.0
simplejson_4_0_0,ade56e9547357de31964f7a244527784cc49407f,runtime_ns,3,30703431.0,362659.4442131626,29802534.998107668,31604327.001892332
simplejson_4_0_0,ade56e9547357de31964f7a244527784cc49407f,memory_peak,3,6350.0,0.0,6350.0,6350.0
simplejson_3_20_2,099415be94acc17f2b51911dd76a9fc7b6253bbe,runtime_ns,3,31613222.0,149242.5935884257,31242482.845067564,31983961.154932436
simplejson_3_20_2,099415be94acc17f2b51911dd76a9fc7b6253bbe,memory_peak,3,6346.0,0.0,6346.0,6346.0
simplejson_4_0_0,099415be94acc17f2b51911dd76a9fc7b6253bbe,runtime_ns,3,30829638.666666668,105095.89221436456,30568565.997466918,31090711.335866418
simplejson_4_0_0,099415be94acc17f2b51911dd76a9fc7b6253bbe,memory_peak,3,6350.0,0.0,6350.0,6350.0
simplejson_3_20_2,2b7408362d170711b3e790407d4ac33f38dc6374,runtime_ns,3,31775917.0,28344.613932809174,31705505.075604506,31846328.924395494
simplejson_3_20_2,2b7408362d170711b3e790407d4ac33f38dc6374,memory_peak,3,6346.0,0.0,6346.0,6346.0
simplejson_4_0_0,2b7408362d170711b3e790407d4ac33f38dc6374,runtime_ns,3,30963819.666666668,105513.02679922197,30701710.777713798,31225928.555619538
simplejson_4_0_0,2b7408362d170711b3e790407d4ac33f38dc6374,memory_peak,3,6350.0,0.0,6350.0,6350.0
simplejson_3_20_2,185f91af57c83bb056235a6f17aada1d2d0a0f05,runtime_ns,3,32172000.0,337150.04395520996,31334472.861292582,33009527.138707418
simplejson_3_20_2,185f91af57c83bb056235a6f17aada1d2d0a0f05,memory_peak,3,6346.0,0.0,6346.0,6346.0
simplejson_4_0_0,185f91af57c83bb056235a6f17aada1d2d0a0f05,runtime_ns,3,30883486.666666668,295520.1465997426,30149373.925916262,31617599.407417074
simplejson_4_0_0,185f91af57c83bb056235a6f17aada1d2d0a0f05,memory_peak,3,6350.0,0.0,6350.0,6350.0
simplejson_3_20_2,9011daed61964ef517ae203c4d491527af952642,runtime_ns,3,31818889.0,307562.6522970564,31054861.016702928,32582916.983297072
simplejson_3_20_2,9011daed61964ef517ae203c4d491527af952642,memory_peak,3,6346.0,0.0,6346.0,6346.0
simplejson_4_0_0,9011daed61964ef517ae203c4d491527af952642,runtime_ns,3,30784291.666666668,162402.47766069745,30380861.547428038,31187721.785905298
simplejson_4_0_0,9011daed61964ef517ae203c4d491527af952642,memory_peak,3,6350.0,0.0,6350.0,6350.0
simplejson_3_20_2,7a570675562f9409d71e2069cb6037c6fa9fc979,runtime_ns,3,31736264.0,236877.3109924207,31147828.138705716,32324699.861294284
simplejson_3_20_2,7a570675562f9409d71e2069cb6037c6fa9fc979,memory_peak,3,6346.0,0.0,6346.0,6346.0
simplejson_4_0_0,7a570675562f9409d71e2069cb6037c6fa9fc979,runtime_ns,3,31269291.333333332,245344.53784491174,30659821.71450083,31878760.952165835
simplejson_4_0_0,7a570675562f9409d71e2069cb6037c6fa9fc979,memory_peak,3,6350.0,0.0,6350.0,6350.0
simplejson_3_20_2,9e6e16ebfe591acb8783ab7f1a40f2f3408da1b6,runtime_ns,3,31786097.0,77329.09842355593,31594000.870390393,31978193.129609607
simplejson_3_20_2,9e6e16ebfe591acb8783ab7f1a40f2f3408da1b6,memory_peak,3,6346.0,0.0,6346.0,6346.0
simplejson_4_0_0,9e6e16ebfe591acb8783ab7f1a40f2f3408da1b6,runtime_ns,3,31045444.666666668,438774.29325489583,29955468.89784558,32135420.435487755
simplejson_4_0_0,9e6e16ebfe591acb8783ab7f1a40f2f3408da1b6,memory_peak,3,6350.0,0.0,6350.0,6350.0
simplejson_3_20_2,49a2517f5b1080e751fe067c70c004bc6c3292a7,runtime_ns,3,32034291.666666668,427701.05126166495,30971823.355872303,33096759.977461033
simplejson_3_20_2,49a2517f5b1080e751fe067c70c004bc6c3292a7,memory_peak,3,6378.0,0.0,6378.0,6378.0
simplejson_4_0_0,49a2517f5b1080e751fe067c70c004bc6c3292a7,runtime_ns,3,31024569.333333332,191662.21307637385,30548454.001912784,31500684.66475388
simplejson_4_0_0,49a2517f5b1080e751fe067c70c004bc6c3292a7,memory_peak,3,6382.0,0.0,6382.0,6382.0
simplejson_3_20_2,f33578bfd6e58b8e6d7adf1432756aab2f87d200,runtime_ns,3,31955250.0,469929.7736545323,30787879.72739048,33122620.27260952
simplejson_3_20_2,f33578bfd6e58b8e6d7adf1432756aab2f87d200,memory_peak,3,6346.0,0.0,6346.0,6346.0
simplejson_4_0_0,f33578bfd6e58b8e6d7adf1432756aab2f87d200,runtime_ns,3,30976597.333333332,294573.6805899898,30244835.744490642,31708358.922176022
simplejson_4_0_0,f33578bfd6e58b8e6d7adf1432756aab2f87d200,memory_peak,3,6350.0,0.0,6350.0,6350.0
simplejson_3_20_2,4462c45ccab49944c3d40e6810779dae8f3f857e,runtime_ns,3,31916513.666666668,322052.271838491,31116491.4730378,32716535.860295534
simplejson_3_20_2,4462c45ccab49944c3d40e6810779dae8f3f857e,memory_peak,3,6346.0,0.0,6346.0,6346.0
simplejson_4_0_0,4462c45ccab49944c3d40e6810779dae8f3f857e,runtime_ns,3,31061000.0,318614.5486932447,30269517.5840788,31852482.4159212
simplejson_4_0_0,4462c45ccab49944c3d40e6810779dae8f3f857e,memory_peak,3,6350.0,0.0,6350.0,6350.0
simplejson_3_20_2,262fb105a91242e3f2b624d286dee2e6baa04c47,runtime_ns,3,31565638.666666668,274661.5679729025,30883341.507696703,32247935.825636633
simplejson_3_20_2,262fb105a91242e3f2b624d286dee2e6baa04c47,memory_peak,3,6346.0,0.0,6346.0,6346.0
simplejson_4_0_0,262fb105a91242e3f2b624d286dee2e6baa04c47,runtime_ns,3,31203777.666666668,146342.02941852805,30840243.912574027,31567311.42075931
simplejson_4_0_0,262fb105a91242e3f2b624d286dee2e6baa04c47,memory_peak,3,6350.0,0.0,6350.0,6350.0
simplejson_3_20_2,e3507f71f59efa9126700f3135fbccacdf213eac,runtime_ns,3,31508680.333333332,286050.28133063135,30798092.04202312,32219268.624643546
simplejson_3_20_2,e3507f71f59efa9126700f3135fbccacdf213eac,memory_peak,3,6346.0,0.0,6346.0,6346.0
simplejson_4_0_0,e3507f71f59efa9126700f3135fbccacdf213eac,runtime_ns,9,32114629.666666668,1860240.576290806,30684722.17953294,33544537.153800394
simplejson_4_0_0,e3507f71f59efa9126700f3135fbccacdf213eac,memory_peak,9,6350.0,0.0,6350.0,6350.0
simplejson_3_20_2,63d088b95dcff44d9c38d9890576e9d02f298b30,runtime_ns,3,31494805.0,336241.50169632543,30659534.805380594,32330075.194619406
simplejson_3_20_2,63d088b95dcff44d9c38d9890576e9d02f298b30,memory_peak,3,6346.0,0.0,6346.0,6346.0
simplejson_4_0_0,63d088b95dcff44d9c38d9890576e9d02f298b30,runtime_ns,3,31083416.666666668,320188.08023149974,30288025.38171066,31878807.951622676
simplejson_4_0_0,63d088b95dcff44d9c38d9890576e9d02f298b30,memory_peak,3,6350.0,0.0,6350.0,6350.0
simplejson_3_20_2,334d25e86adebfce3bd1f500d9da8ef0bde55208,runtime_ns,3,31662486.0,243918.329551102,31056559.27897496,32268412.72102504
simplejson_3_20_2,334d25e86adebfce3bd1f500d9da8ef0bde55208,memory_peak,3,6346.0,0.0,6346.0,6346.0
simplejson_4_0_0,334d25e86adebfce3bd1f500d9da8ef0bde55208,runtime_ns,3,30890166.333333332,221940.76793670273,30338834.901926942,31441497.764739722
simplejson_4_0_0,334d25e86adebfce3bd1f500d9da8ef0bde55208,memory_peak,3,6350.0,0.0,6350.0,6350.0
simplejson_3_20_2,0d86b1a72320e06bae2222d8bf57c484f5091c7d,runtime_ns,3,31756055.333333332,295620.6924596675,31021692.822820526,32490417.84384614
simplejson_3_20_2,0d86b1a72320e06bae2222d8bf57c484f5091c7d,memory_peak,3,6346.0,0.0,6346.0,6346.0
simplejson_4_0_0,0d86b1a72320e06bae2222d8bf57c484f5091c7d,runtime_ns,3,31034000.333333332,187673.0173955045,30567794.713343184,31500205.95332348
simplejson_4_0_0,0d86b1a72320e06bae2222d8bf57c484f5091c7d,memory_peak,3,6350.0,0.0,6350.0,6350.0
simplejson_3_20_2,af28b3dbac9d4d3d053834bdf7a370ef1d94bfd4,runtime_ns,3,17059847.0,291262.4378683252,16336310.994074956,17783383.005925044
simplejson_3_20_2,af28b3dbac9d4d3d053834bdf7a370ef1d94bfd4,memory_peak,3,5117.0,0.0,5117.0,5117.0
simplejson_4_0_0,af28b3dbac9d4d3d053834bdf7a370ef1d94bfd4,runtime_ns,3,16955389.0,135650.7858915679,16618413.767138187,17292364.232861813
simplejson_4_0_0,af28b3dbac9d4d3d053834bdf7a370ef1d94bfd4,memory_peak,3,5117.0,0.0,5117.0,5117.0
simplejson_3_20_2,5fb5d88ed9b42dc842a54d49558d700752fbffa0,runtime_ns,3,30768666.666666668,418014.83059496025,29730260.2619148,31807073.071418535
simplejson_3_20_2,5fb5d88ed9b42dc842a54d49558d700752fbffa0,memory_peak,3,6589.0,0.0,6589.0,6589.0
simplejson_4_0_0,5fb5d88ed9b42dc842a54d49558d700752fbffa0,runtime_ns,3,30776541.333333332,545716.2273108006,29420907.073156457,32132175.593510207
simplejson_4_0_0,5fb5d88ed9b42dc842a54d49558d700752fbffa0,memory_peak,3,6593.0,0.0,6593.0,6593.0
simplejson_3_20_2,78f3ceedbba24a350f9601f77e2e8d458c5d6963,runtime_ns,3,29686916.666666668,250983.85572250126,29063438.2056259,30310395.127707437
simplejson_3_20_2,78f3ceedbba24a350f9601f77e2e8d458c5d6963,memory_peak,3,5979.0,0.0,5979.0,5979.0
simplejson_4_0_0,78f3ceedbba24a350f9601f77e2e8d458c5d6963,runtime_ns,3,29662000.0,242334.8748240748,29060006.79857722,30263993.20142278
simplejson_4_0_0,78f3ceedbba24a350f9601f77e2e8d458c5d6963,memory_peak,3,5983.0,0.0,5983.0,5983.0
simplejson_3_20_2,499f2dfcba671a822f5eadb7571eb7db6d2dce18,runtime_ns,3,33351986.0,335949.99882869475,32517439.93864716,34186532.06135284
simplejson_3_20_2,499f2dfcba671a822f5eadb7571eb7db6d2dce18,memory_peak,3,6820.0,0.0,6820.0,6820.0
simplejson_4_0_0,499f2dfcba671a822f5eadb7571eb7db6d2dce18,runtime_ns,3,32515291.666666668,366704.38771895453,31604347.4680697,33426235.865263637
simplejson_4_0_0,499f2dfcba671a822f5eadb7571eb7db6d2dce18,memory_peak,3,6824.0,0.0,6824.0,6824.0
simplejson_3_20_2,1a065a6e59507ccedee1ca7a7235819208c218f0,runtime_ns,3,31426458.333333332,457477.8562644681,30290020.33829607,32562896.328370593
simplejson_3_20_2,1a065a6e59507ccedee1ca7a7235819208c218f0,memory_peak,3,6318.0,0.0,6318.0,6318.0
simplejson_4_0_0,1a065a6e59507ccedee1ca7a7235819208c218f0,runtime_ns,3,30615624.666666668,327166.45858848875,29802898.1288672,31428351.204466134
simplejson_4_0_0,1a065a6e59507ccedee1ca7a7235819208c218f0,memory_peak,3,6322.0,0.0,6322.0,6322.0
simplejson_3_20_2,036ee09089101ad660f711f780f082be5689420f,runtime_ns,3,29325944.333333332,100250.8181828624,29076907.49525146,29574981.171415206
simplejson_3_20_2,036ee09089101ad660f711f780f082be5689420f,memory_peak,3,6334.0,0.0,6334.0,6334.0
simplejson_4_0_0,036ee09089101ad660f711f780f082be5689420f,runtime_ns,3,28060222.333333332,349953.93046704493,27190888.57728489,28929556.089381773
simplejson_4_0_0,036ee09089101ad660f711f780f082be5689420f,memory_peak,3,6338.0,0.0,6338.0,6338.0
simplejson_3_20_2,4e7feecfc0d266f8a5a88ce0bdfe070560a0771c,runtime_ns,3,29800389.0,558396.6838108909,28413254.73962904,31187523.26037096
simplejson_3_20_2,4e7feecfc0d266f8a5a88ce0bdfe070560a0771c,memory_peak,3,6400.0,0.0,6400.0,6400.0
simplejson_4_0_0,4e7feecfc0d266f8a5a88ce0bdfe070560a0771c,runtime_ns,4,29087843.75,576702.29908297,28170181.69951739,30005505.80048261
simplejson_4_0_0,4e7feecfc0d266f8a5a88ce0bdfe070560a0771c,memory_peak,4,6404.0,0.0,6404.0,6404.0
simplejson_3_20_2,b23ad06b79a271f4924b17b585be1bf2a5546218,runtime_ns,4,35989427.25,997714.2344360183,34401841.260445066,37577013.239554934
simplejson_3_20_2,b23ad06b79a271f4924b17b585be1bf2a5546218,memory_peak,4,8036.0,0.0,8036.0,8036.0
simplejson_4_0_0,b23ad06b79a271f4924b17b585be1bf2a5546218,runtime_ns,3,34044195.0,255870.90780899653,33408576.42857188,34679813.57142812
simplejson_4_0_0,b23ad06b79a271f4924b17b585be1bf2a5546218,memory_peak,3,8036.0,0.0,8036.0,8036.0
simplejson_3_20_2,0efacc00cfa188bc3f7598e55db80d35b7321ab1,runtime_ns,3,28109472.666666668,85188.38196217448,27897852.99443144,28321092.338901896
simplejson_3_20_2,0efacc00cfa188bc3f7598e55db80d35b7321ab1,memory_peak,3,6443.0,0.0,6443.0,6443.0
simplejson_4_0_0,0efacc00cfa188bc3f7598e55db80d35b7321ab1,runtime_ns,3,27294805.666666668,47939.13767824087,27175718.246891357,27413893.08644198
simplejson_4_0_0,0efacc00cfa188bc3f7598e55db80d35b7321ab1,memory_peak,3,6447.0,0.0,6447.0,6447.0
simplejson_3_20_2,4a85f4f54d5bbd60e6243b7db934851c2e985b9e,runtime_ns,3,31819028.0,115208.30478311883,31532834.705381427,32105221.294618573
simplejson_3_20_2,4a85f4f54d5bbd60e6243b7db934851c2e985b9e,memory_peak,3,6448.0,0.0,6448.0,6448.0
simplejson_4_0_0,4a85f4f54d5bbd60e6243b7db934851c2e985b9e,runtime_ns,3,30673486.0,128132.05332000264,30355188.33426378,30991783.66573622
simplejson_4_0_0,4a85f4f54d5bbd60e6243b7db934851c2e985b9e,memory_peak,3,6452.0,0.0,6452.0,6452.0
simplejson_3_20_2,c6f96a21e87386b670cbaafed247c9a78c836f8c,runtime_ns,4,29734146.0,551657.1246532276,28856336.410931952,30611955.589068048
simplejson_3_20_2,c6f96a21e87386b670cbaafed247c9a78c836f8c,memory_peak,4,6400.0,0.0,6400.0,6400.0
simplejson_4_0_0,c6f96a21e87386b670cbaafed247c9a78c836f8c,runtime_ns,3,29086236.333333332,480159.3644784337,27893454.348382384,30279018.31828428
simplejson_4_0_0,c6f96a21e87386b670cbaafed247c9a78c836f8c,memory_peak,3,6404.0,0.0,6404.0,6404.0
simplejson_3_20_2,c47bdec33b43595febe1e754c15e0dca6ac4355a,runtime_ns,4,28175687.25,660641.4593521336,27124459.264283784,29226915.235716216
simplejson_3_20_2,c47bdec33b43595febe1e754c15e0dca6ac4355a,memory_peak,4,6443.0,0.0,6443.0,6443.0
simplejson_4_0_0,c47bdec33b43595febe1e754c15e0dca6ac4355a,runtime_ns,3,27116902.666666668,167660.1259224546,26700411.82510589,27533393.508227445
simplejson_4_0_0,c47bdec33b43595febe1e754c15e0dca6ac4355a,memory_peak,3,6447.0,0.0,6447.0,6447.0
simplejson_3_20_2,12164573ce7574a22c9d3d5d2f5d90222c5e5e9f,runtime_ns,3,35545527.666666664,275267.95231979573,34861724.16547277,36229331.16786056
simplejson_3_20_2,12164573ce7574a22c9d3d5d2f5d90222c5e5e9f,memory_peak,3,8036.0,0.0,8036.0,8036.0
simplejson_4_0_0,12164573ce7574a22c9d3d5d2f5d90222c5e5e9f,runtime_ns,3,33824472.333333336,218092.81240869296,33282699.75336721,34366244.91329946
simplejson_4_0_0,12164573ce7574a22c9d3d5d2f5d90222c5e5e9f,memory_peak,3,8036.0,0.0,8036.0,8036.0
simplejson_3_20_2,4f418e60432c7cad485496e6721ebe067ed9ece8,runtime_ns,3,28207666.666666668,194008.51756903183,27725722.79177266,28689610.541560676
simplejson_3_20_2,4f418e60432c7cad485496e6721ebe067ed9ece8,memory_peak,3,6443.0,0.0,6443.0,6443.0
simplejson_4_0_0,4f418e60432c7cad485496e6721ebe067ed9ece8,runtime_ns,3,27181750.0,259445.14042278763,26537252.542545393,27826247.457454607
simplejson_4_0_0,4f418e60432c7cad485496e6721ebe067ed9ece8,memory_peak,3,6447.0,0.0,6447.0,6447.0
simplejson_3_20_2,e96f8dbbde691a525d7454fe9ccb8e3b78a66c4d,runtime_ns,3,31270958.333333332,541815.6727359715,29925013.58787253,32616903.078794133
simplejson_3_20_2,e96f8dbbde691a525d7454fe9ccb8e3b78a66c4d,memory_peak,3,6318.0,0.0,6318.0,6318.0
simplejson_4_0_0,e96f8dbbde691a525d7454fe9ccb8e3b78a66c4d,runtime_ns,3,30205736.666666668,579174.4581050975,28766987.553605232,31644485.779728103
simplejson_4_0_0,e96f8dbbde691a525d7454fe9ccb8e3b78a66c4d,memory_peak,3,6322.0,0.0,6322.0,6322.0
simplejson_3_20_2,7f858a79bfb12fb13688c7d40a35e0b61dc9e211,runtime_ns,3,29850847.666666668,285445.57591655425,29141761.546880063,30559933.786453273
simplejson_3_20_2,7f858a79bfb12fb13688c7d40a35e0b61dc9e211,memory_peak,3,5979.0,0.0,5979.0,5979.0
simplejson_4_0_0,7f858a79bfb12fb13688c7d40a35e0b61dc9e211,runtime_ns,3,29352597.0,266683.6149653743,28690118.17495861,30015075.82504139
simplejson_4_0_0,7f858a79bfb12fb13688c7d40a35e0b61dc9e211,memory_peak,3,5983.0,0.0,5983.0,5983.0
simplejson_3_20_2,27a66cdda82236153552864625a8f3be62b373b4,runtime_ns,3,9302180.666666666,29496.759556489138,9228906.653877959,9375454.679455373
simplejson_3_20_2,27a66cdda82236153552864625a8f3be62b373b4,memory_peak,3,2247.0,0.0,2247.0,2247.0
simplejson_4_0_0,27a66cdda82236153552864625a8f3be62b373b4,runtime_ns,3,9280555.333333334,50174.921986320354,9155913.917442985,9405196.749223683
simplejson_4_0_0,27a66cdda82236153552864625a8f3be62b373b4,memory_peak,3,2251.0,0.0,2251.0,2251.0
simplejson_3_20_2,e2349e2f221092ad021edc20007aed2cfa2d91e9,runtime_ns,3,9773083.333333334,47308.426546793264,9655562.686864875,9890603.979801793
simplejson_3_20_2,e2349e2f221092ad021edc20007aed2cfa2d91e9,memory_peak,3,2492.0,0.0,2492.0,2492.0
simplejson_4_0_0,e2349e2f221092ad021edc20007aed2cfa2d91e9,runtime_ns,3,9819639.333333334,104082.10610058453,9561085.048450474,10078193.618216194
simplejson_4_0_0,e2349e2f221092ad021edc20007aed2cfa2d91e9,memory_peak,3,2496.0,0.0,2496.0,2496.0
simplejson_3_20_2,265ec09a5ed21e7bf75c4dbd33b103fb5d8bd324,runtime_ns,3,7995361.333333333,68844.49559938205,7824342.125568478,8166380.541098188
simplejson_3_20_2,265ec09a5ed21e7bf75c4dbd33b103fb5d8bd324,memory_peak,3,2326.0,0.0,2326.0,2326.0
simplejson_4_0_0,265ec09a5ed21e7bf75c4dbd33b103fb5d8bd324,runtime_ns,3,7957930.333333333,158921.94250742512,7563146.34272602,8352714.323940646
simplejson_4_0_0,265ec09a5ed21e7bf75c4dbd33b103fb5d8bd324,memory_peak,3,2330.0,0.0,2330.0,2330.0
simplejson_3_20_2,71162ac54bf151eb401ad1eeeb1ea12fd82ce349,runtime_ns,3,8539610.666666666,49537.28819115287,8416553.220933178,8662668.112400154
simplejson_3_20_2,71162ac54bf151eb401ad1eeeb1ea12fd82ce349,memory_peak,3,2158.0,0.0,2158.0,2158.0
simplejson_4_0_0,71162ac54bf151eb401ad1eeeb1ea12fd82ce349,runtime_ns,3,8539847.666666666,103958.30082457741,8281600.931138848,8798094.402194485
simplejson_4_0_0,71162ac54bf151eb401ad1eeeb1ea12fd82ce349,memory_peak,3,2162.0,0.0,2162.0,2162.0
simplejson_3_20_2,bdf5d6c8787575f7339b4a2ad05eb5f5af40c644,runtime_ns,3,35556278.0,317824.2570226508,34766758.777421005,36345797.222578995
simplejson_3_20_2,bdf5d6c8787575f7339b4a2ad05eb5f5af40c644,memory_peak,3,6235.0,0.0,6235.0,6235.0
simplejson_4_0_0,bdf5d6c8787575f7339b4a2ad05eb5f5af40c644,runtime_ns,3,34542181.0,478793.3786895972,33352792.311860815,35731569.688139185
simplejson_4_0_0,bdf5d6c8787575f7339b4a2ad05eb5f5af40c644,memory_peak,3,6239.0,0.0,6239.0,6239.0
simplejson_3_20_2,4af52982673621c2e094e9ee66083bfeab86a321,runtime_ns,3,31823638.666666668,209873.63947464517,31302283.64414541,32344993.689187925
simplejson_3_20_2,4af52982673621c2e094e9ee66083bfeab86a321,memory_peak,3,6346.0,0.0,6346.0,6346.0
simplejson_4_0_0,4af52982673621c2e094e9ee66083bfeab86a321,runtime_ns,3,30794570.0,451547.9947779638,29672862.597506817,31916277.402493183
simplejson_4_0_0,4af52982673621c2e094e9ee66083bfeab86a321,memory_peak,3,6350.0,0.0,6350.0,6350.0
simplejson_3_20_2,80981246a523046b24f69c9602af775d551a7b04,runtime_ns,4,35998656.25,717912.1943169072,34856297.74483902,37141014.75516098
simplejson_3_20_2,80981246a523046b24f69c9602af775d551a7b04,memory_peak,4,6230.0,0.0,6230.0,6230.0
simplejson_4_0_0,80981246a523046b24f69c9602af775d551a7b04,runtime_ns,3,35083403.0,126711.18967163081,34768634.95523595,35398171.04476405
simplejson_4_0_0,80981246a523046b24f69c9602af775d551a7b04,memory_peak,3,6234.0,0.0,6234.0,6234.0
simplejson_3_20_2,2c81f4c5bbdf3890da7815457295f6fa3f91deb3,runtime_ns,3,28017125.333333332,34420.066419653136,27931621.14829932,28102629.518367343
simplejson_3_20_2,2c81f4c5bbdf3890da7815457295f6fa3f91deb3,memory_peak,3,5660.0,0.0,5660.0,5660.0
simplejson_4_0_0,2c81f4c5bbdf3890da7815457295f6fa3f91deb3,runtime_ns,3,27786736.333333332,309035.54722609714,27019049.476197585,28554423.19046908
simplejson_4_0_0,2c81f4c5bbdf3890da7815457295f6fa3f91deb3,memory_peak,3,5664.0,0.0,5664.0,5664.0
simplejson_3_20_2,f97117cd9498b1735bc19443d49620354cc5b888,runtime_ns,3,16629611.333333334,70175.8190143395,16455284.934866847,16803937.731799822
simplejson_3_20_2,f97117cd9498b1735bc19443d49620354cc5b888,memory_peak,3,4396.0,0.0,4396.0,4396.0
simplejson_4_0_0,f97117cd9498b1735bc19443d49620354cc5b888,runtime_ns,3,16343125.0,114772.28184975674,16058014.846393382,16628235.153606618
simplejson_4_0_0,f97117cd9498b1735bc19443d49620354cc5b888,memory_peak,3,4396.0,0.0,4396.0,4396.0
simplejson_3_20_2,9d8421184ba36b4871ddedf9a080f5f9455b0519,runtime_ns,3,27758652.666666668,264246.6989790664,27102227.476527233,28415077.856806103
simplejson_3_20_2,9d8421184ba36b4871ddedf9a080f5f9455b0519,memory_peak,3,6237.0,0.0,6237.0,6237.0
simplejson_4_0_0,9d8421184ba36b4871ddedf9a080f5f9455b0519,runtime_ns,3,27312111.333333332,231231.0394742309,26737701.588048168,27886521.078618497
simplejson_4_0_0,9d8421184ba36b4871ddedf9a080f5f9455b0519,memory_peak,3,6237.0,0.0,6237.0,6237.0
simplejson_3_20_2,1e7e955269b17aadbfe8aa89369f67626e622401,runtime_ns,3,15859486.0,49422.04683134846,15736714.829674356,15982257.170325644
simplejson_3_20_2,1e7e955269b17aadbfe8aa89369f67626e622401,memory_peak,3,3974.0,0.0,3974.0,3974.0
simplejson_4_0_0,1e7e955269b17aadbfe8aa89369f67626e622401,runtime_ns,3,15826874.666666666,130022.21241900683,15503881.585431399,16149867.747901933
simplejson_4_0_0,1e7e955269b17aadbfe8aa89369f67626e622401,memory_peak,3,3974.0,0.0,3974.0,3974.0
simplejson_3_20_2,fcf601838e97b03fe69c0decf6b96958a59e836b,runtime_ns,3,28009653.0,192471.49552076537,27531527.299539883,28487778.700460117
simplejson_3_20_2,fcf601838e97b03fe69c0decf6b96958a59e836b,memory_peak,3,6313.0,0.0,6313.0,6313.0
simplejson_4_0_0,fcf601838e97b03fe69c0decf6b96958a59e836b,runtime_ns,3,27710583.333333332,161661.6998807489,27308993.4081139,28112173.258552764
simplejson_4_0_0,fcf601838e97b03fe69c0decf6b96958a59e836b,memory_peak,3,6313.0,0.0,6313.0,6313.0
simplejson_3_20_2,b3580348c974e4e44f590dd8c6d23a9ffb18a0b9,runtime_ns,3,7962611.0,23521.3993418759,7904180.6048617065,8021041.3951382935
simplejson_3_20_2,b3580348c974e4e44f590dd8c6d23a9ffb18a0b9,memory_peak,3,2395.0,0.0,2395.0,2395.0
simplejson_4_0_0,b3580348c974e4e44f590dd8c6d23a9ffb18a0b9,runtime_ns,3,7911694.333333333,159171.97915881217,7516289.21725099,8307099.449415676
simplejson_4_0_0,b3580348c974e4e44f590dd8c6d23a9ffb18a0b9,memory_peak,3,2395.0,0.0,2395.0,2395.0
simplejson_3_20_2,6d30e4c2b102353a3fe8f6c8e2c9a58ae2766a3b,runtime_ns,3,13812166.666666666,262790.65617394645,13159358.487369351,14464974.845963981
simplejson_3_20_2,6d30e4c2b102353a3fe8f6c8e2c9a58ae2766a3b,memory_peak,3,3529.0,0.0,3529.0,3529.0
simplejson_4_0_0,6d30e4c2b102353a3fe8f6c8e2c9a58ae2766a3b,runtime_ns,3,13571527.666666666,164073.57514338905,13163946.311151272,13979109.02218206
simplejson_4_0_0,6d30e4c2b102353a3fe8f6c8e2c9a58ae2766a3b,memory_peak,3,3529.0,0.0,3529.0,3529.0
simplejson_3_20_2,15f5fa2383112d593af4955d72f6a3c53ed1cde7,runtime_ns,3,28962833.333333332,256192.1987655622,28326416.63092356,29599250.035743102
simplejson_3_20_2,15f5fa2383112d593af4955d72f6a3c53ed1cde7,memory_peak,3,5756.0,0.0,5756.0,5756.0
simplejson_4_0_0,15f5fa2383112d593af4955d72f6a3c53ed1cde7,runtime_ns,3,28651013.666666668,293623.1080149063,27921613.4310055,29380413.902327836
simplejson_4_0_0,15f5fa2383112d593af4955d72f6a3c53ed1cde7,memory_peak,3,5756.0,0.0,5756.0,5756.0
simplejson_3_20_2,487c460e4a98fd593ed1cb68a81b9ea46c24ecfb,runtime_ns,3,29645680.666666668,99317.7371939843,29398961.730257384,29892399.60307595
simplejson_3_20_2,487c460e4a98fd593ed1cb68a81b9ea46c24ecfb,memory_peak,3,6030.0,0.0,6030.0,6030.0
simplejson_4_0_0,487c460e4a98fd593ed1cb68a81b9ea46c24ecfb,runtime_ns,3,29139597.0,312640.3072430041,28362955.422564443,29916238.577435557
simplejson_4_0_0,487c460e4a98fd593ed1cb68a81b9ea46c24ecfb,memory_peak,3,6030.0,0.0,6030.0,6030.0
simplejson_3_20_2,ca1670c248ff0458b64349f70a02267d33ef056a,runtime_ns,3,28134542.0,446402.2789357151,27025617.2642845,29243466.7357155
simplejson_3_20_2,ca1670c248ff0458b64349f70a02267d33ef056a,memory_peak,3,5906.0,0.0,5906.0,5906.0
simplejson_4_0_0,ca1670c248ff0458b64349f70a02267d33ef056a,runtime_ns,3,27807735.666666668,172578.87485533487,27379025.97538709,28236445.357946247
simplejson_4_0_0,ca1670c248ff0458b64349f70a02267d33ef056a,memory_peak,3,5906.0,0.0,5906.0,5906.0
simplejson_3_20_2,b2432616afdd014089f289f3c6ab0cb394a3f9d5,runtime_ns,3,28047847.333333332,369666.6646444244,27129544.430913154,28966150.23575351
simplejson_3_20_2,b2432616afdd014089f289f3c6ab0cb394a3f9d5,memory_peak,3,6006.0,0.0,6006.0,6006.0
simplejson_4_0_0,b2432616afdd014089f289f3c6ab0cb394a3f9d5,runtime_ns,3,27346750.333333332,201423.05751162983,26846387.720152635,27847112.94651403
simplejson_4_0_0,b2432616afdd014089f289f3c6ab0cb394a3f9d5,memory_peak,3,6006.0,0.0,6006.0,6006.0
simplejson_3_20_2,275bfccaf03c10385061be6c9aaeccfe1afa31e7,runtime_ns,3,29329680.666666668,114575.9985744542,29045058.107746415,29614303.22558692
simplejson_3_20_2,275bfccaf03c10385061be6c9aaeccfe1afa31e7,memory_peak,3,6081.0,0.0,6081.0,6081.0
simplejson_4_0_0,275bfccaf03c10385061be6c9aaeccfe1afa31e7,runtime_ns,3,29051680.333333332,467250.8254902642,27890964.936886493,30212395.72978017
simplejson_4_0_0,275bfccaf03c10385061be6c9aaeccfe1afa31e7,memory_peak,3,6081.0,0.0,6081.0,6081.0
simplejson_3_20_2,4d22527d5c712ae5ad5461c67a317c528ec88a01,runtime_ns,3,17959458.333333332,60083.11719887154,17810203.5960601,18108713.070606563
simplejson_3_20_2,4d22527d5c712ae5ad5461c67a317c528ec88a01,memory_peak,3,4125.0,0.0,4125.0,4125.0
simplejson_4_0_0,4d22527d5c712ae5ad5461c67a317c528ec88a01,runtime_ns,3,17844777.333333332,20240.245708324128,17794497.77567419,17895056.890992474
simplejson_4_0_0,4d22527d5c712ae5ad5461c67a317c528ec88a01,memory_peak,3,4125.0,0.0,4125.0,4125.0
simplejson_3_20_2,34fd412019e95acbecafd0f55f39ef120b872fe4,runtime_ns,3,29444694.666666668,174386.87181188076,29011493.661964603,29877895.671368733
simplejson_3_20_2,34fd412019e95acbecafd0f55f39ef120b872fe4,memory_peak,3,7226.0,0.0,7226.0,7226.0
simplejson_4_0_0,34fd412019e95acbecafd0f55f39ef120b872fe4,runtime_ns,3,29083375.0,526709.3630637298,27774956.408081394,30391793.591918606
simplejson_4_0_0,34fd412019e95acbecafd0f55f39ef120b872fe4,memory_peak,3,7226.0,0.0,7226.0,7226.0
simplejson_3_20_2,95e55adda77b2804ea4bd502f2e39e50f2369ac6,runtime_ns,3,30010444.666666668,387306.6466771947,29048321.619644288,30972567.713689048
simplejson_3_20_2,95e55adda77b2804ea4bd502f2e39e50f2369ac6,memory_peak,3,6380.0,0.0,6380.0,6380.0
simplejson_4_0_0,95e55adda77b2804ea4bd502f2e39e50f2369ac6,runtime_ns,3,29410347.0,138047.03537925036,29067419.153419074,29753274.846580926
simplejson_4_0_0,95e55adda77b2804ea4bd502f2e39e50f2369ac6,memory_peak,3,6380.0,0.0,6380.0,6380.0
simplejson_3_20_2,bae93395a4236b440ccb14e1ecdd662160976dd4,runtime_ns,3,33056847.333333332,177656.53818628046,32615524.02708578,33498170.639580883
simplejson_3_20_2,bae93395a4236b440ccb14e1ecdd662160976dd4,memory_peak,3,6384.0,0.0,6384.0,6384.0
simplejson_4_0_0,bae93395a4236b440ccb14e1ecdd662160976dd4,runtime_ns,3,31957194.666666668,197122.07150477424,31467516.295023315,32446873.03831002
simplejson_4_0_0,bae93395a4236b440ccb14e1ecdd662160976dd4,memory_peak,3,6388.0,0.0,6388.0,6388.0
simplejson_3_20_2,8703c5ee77418b70b6c25fe75b2bbb9d0f8609ca,runtime_ns,3,33615666.666666664,357117.7568006572,32728536.979462467,34502796.35387086
simplejson_3_20_2,8703c5ee77418b70b6c25fe75b2bbb9d0f8609ca,memory_peak,3,6784.0,0.0,6784.0,6784.0
simplejson_4_0_0,8703c5ee77418b70b6c25fe75b2bbb9d0f8609ca,runtime_ns,3,32820514.0,477776.81005569955,31633650.608340863,34007377.39165914
simplejson_4_0_0,8703c5ee77418b70b6c25fe75b2bbb9d0f8609ca,memory_peak,3,6788.0,0.0,6788.0,6788.0
simplejson_3_20_2,47e418fb39ff6fffa7a00b5a45cb4220a83096f2,runtime_ns,3,15828916.666666666,106429.60219005488,15564530.878219765,16093302.455113567
simplejson_3_20_2,47e418fb39ff6fffa7a00b5a45cb4220a83096f2,memory_peak,3,3628.0,0.0,3628.0,3628.0
simplejson_4_0_0,47e418fb39ff6fffa7a00b5a45cb4220a83096f2,runtime_ns,3,15274138.333333334,26360.767180287705,15208654.557470111,15339622.109196557
simplejson_4_0_0,47e418fb39ff6fffa7a00b5a45cb4220a83096f2,memory_peak,3,3632.0,0.0,3632.0,3632.0
simplejson_3_20_2,0c1880fe394b142e86d8d4f6afef17006472514f,runtime_ns,3,34218958.333333336,159308.09053005857,33823215.09786068,34614701.56880599
simplejson_3_20_2,0c1880fe394b142e86d8d4f6afef17006472514f,memory_peak,3,6562.0,0.0,6562.0,6562.0
simplejson_4_0_0,0c1880fe394b142e86d8d4f6afef17006472514f,runtime_ns,3,32873375.0,431345.8840269604,31801852.422680344,33944897.57731966
simplejson_4_0_0,0c1880fe394b142e86d8d4f6afef17006472514f,memory_peak,3,6566.0,0.0,6566.0,6566.0
simplejson_3_20_2,ab41a2e1a8e6359d4a68fbd9d134d8ea06060c4d,runtime_ns,3,34054042.0,180527.13477203363,33605587.736518554,34502496.263481446
simplejson_3_20_2,ab41a2e1a8e6359d4a68fbd9d134d8ea06060c4d,memory_peak,3,6562.0,0.0,6562.0,6562.0
simplejson_4_0_0,ab41a2e1a8e6359d4a68fbd9d134d8ea06060c4d,runtime_ns,4,32640489.75,550014.9083618098,31765293.2935165,33515686.2064835
simplejson_4_0_0,ab41a2e1a8e6359d4a68fbd9d134d8ea06060c4d,memory_peak,4,6566.0,0.0,6566.0,6566.0
simplejson_3_20_2,524f93b354b3685fe20d59c7f0dba26b06062046,runtime_ns,3,34021277.666666664,373294.09390764986,33093963.730417002,34948591.60291633
simplejson_3_20_2,524f93b354b3685fe20d59c7f0dba26b06062046,memory_peak,3,6606.0,0.0,6606.0,6606.0
simplejson_4_0_0,524f93b354b3685fe20d59c7f0dba26b06062046,runtime_ns,3,32845208.0,425910.24510922487,31787188.298303347,33903227.70169665
simplejson_4_0_0,524f93b354b3685fe20d59c7f0dba26b06062046,memory_peak,3,6610.0,0.0,6610.0,6610.0
simplejson_3_20_2,e8b7bbf3de94eb737dcecde72eba55d4fbe0608b,runtime_ns,3,33264347.666666668,317409.3515026508,32475859.126536716,34052836.20679662
simplejson_3_20_2,e8b7bbf3de94eb737dcecde72eba55d4fbe0608b,memory_peak,3,6384.0,0.0,6384.0,6384.0
simplejson_4_0_0,e8b7bbf3de94eb737dcecde72eba55d4fbe0608b,runtime_ns,3,31782375.333333332,202946.45784130684,31278228.383943595,32286522.28272307
simplejson_4_0_0,e8b7bbf3de94eb737dcecde72eba55d4fbe0608b,memory_peak,3,6388.0,0.0,6388.0,6388.0
simplejson_3_20_2,34324db0dd024869000e687667b0a74edfd8e9da,runtime_ns,3,33676194.333333336,264001.81145085604,33020377.477537863,34332011.18912881
simplejson_3_20_2,34324db0dd024869000e687667b0a74edfd8e9da,memory_peak,3,6594.0,0.0,6594.0,6594.0
simplejson_4_0_0,34324db0dd024869000e687667b0a74edfd8e9da,runtime_ns,3,32518083.333333332,246003.5579017778,31906976.61792477,33129190.048741896
simplejson_4_0_0,34324db0dd024869000e687667b0a74edfd8e9da,memory_peak,3,6598.0,0.0,6598.0,6598.0
simplejson_3_20_2,3c48ee653bc9853462115f67b76009e87775c0b5,runtime_ns,3,33510070.0,255320.85346285367,32875817.839316644,34144322.160683356
simplejson_3_20_2,3c48ee653bc9853462115f67b76009e87775c0b5,memory_peak,3,6784.0,0.0,6784.0,6784.0
simplejson_4_0_0,3c48ee653bc9853462115f67b76009e87775c0b5,runtime_ns,3,32197833.333333332,253168.1856164659,31568928.69602806,32826737.970638603
simplejson_4_0_0,3c48ee653bc9853462115f67b76009e87775c0b5,memory_peak,3,6788.0,0.0,6788.0,6788.0
simplejson_3_20_2,3e291c51d2645e71a93c458fbfeb5b6b44ff8471,runtime_ns,3,33133444.333333332,64493.5029389266,32973233.590519864,33293655.0761468
simplejson_3_20_2,3e291c51d2645e71a93c458fbfeb5b6b44ff8471,memory_peak,3,6384.0,0.0,6384.0,6384.0
simplejson_4_0_0,3e291c51d2645e71a93c458fbfeb5b6b44ff8471,runtime_ns,3,31639000.0,323511.8871679988,30835351.920886457,32442648.079113543
simplejson_4_0_0,3e291c51d2645e71a93c458fbfeb5b6b44ff8471,memory_peak,3,6388.0,0.0,6388.0,6388.0
simplejson_3_20_2,2a5f13ffc6cba7f93eee318db0eb6f19a7baf136,runtime_ns,3,33479889.333333332,348985.38353537576,32612961.58124345,34346817.08542321
simplejson_3_20_2,2a5f13ffc6cba7f93eee318db0eb6f19a7baf136,memory_peak,3,6413.0,0.0,6413.0,6413.0
simplejson_4_0_0,2a5f13ffc6cba7f93eee318db0eb6f19a7baf136,runtime_ns,3,31739778.0,330678.1297440156,30918327.98745182,32561228.01254818
simplejson_4_0_0,2a5f13ffc6cba7f93eee318db0eb6f19a7baf136,memory_peak,3,6417.0,0.0,6417.0,6417.0
simplejson_3_20_2,5aa635e483b00ee760abd96dfe3eb77c19d124ae,runtime_ns,3,34180611.0,317351.29070637166,33392266.69088366,34968955.30911634
simplejson_3_20_2,5aa635e483b00ee760abd96dfe3eb77c19d124ae,memory_peak,3,6562.0,0.0,6562.0,6562.0
simplejson_4_0_0,5aa635e483b00ee760abd96dfe3eb77c19d124ae,runtime_ns,9,33422657.222222224,2116380.529330133,31795863.138121933,35049451.306322515
simplejson_4_0_0,5aa635e483b00ee760abd96dfe3eb77c19d124ae,memory_peak,9,6566.0,0.0,6566.0,6566.0
simplejson_3_20_2,218868f5820e3abc5f8b2cb7d8f069d76fed346b,runtime_ns,3,34191389.333333336,284825.69568304985,33483843.081411548,34898935.58525512
simplejson_3_20_2,218868f5820e3abc5f8b2cb7d8f069d76fed346b,memory_peak,3,6562.0,0.0,6562.0,6562.0
simplejson_4_0_0,218868f5820e3abc5f8b2cb7d8f069d76fed346b,runtime_ns,3,32598250.0,73642.0560345785,32415312.991433673,32781187.008566327
simplejson_4_0_0,218868f5820e3abc5f8b2cb7d8f069d76fed346b,memory_peak,3,6566.0,0.0,6566.0,6566.0
simplejson_3_20_2,302c83d212fee824ec843cd0de1ce79d67886774,runtime_ns,3,22150166.666666668,213147.0678060886,21620679.99738056,22679653.335952777
simplejson_3_20_2,302c83d212fee824ec843cd0de1ce79d67886774,memory_peak,3,4681.0,0.0,4681.0,4681.0
simplejson_4_0_0,302c83d212fee824ec843cd0de1ce79d67886774,runtime_ns,4,21909708.5,425158.20835268684,21233186.915333476,22586230.084666524
simplejson_4_0_0,302c83d212fee824ec843cd0de1ce79d67886774,memory_peak,4,4685.0,0.0,4685.0,4685.0
simplejson_3_20_2,8e198756b01a70794bfdf1c68a3813ef92964a2e,runtime_ns,3,33610778.0,102924.69194998837,33355098.89125675,33866457.10874325
simplejson_3_20_2,8e198756b01a70794bfdf1c68a3813ef92964a2e,memory_peak,3,6384.0,0.0,6384.0,6384.0
simplejson_4_0_0,8e198756b01a70794bfdf1c68a3813ef92964a2e,runtime_ns,3,32348180.666666668,358515.10332248674,31457579.778271213,33238781.555062123
simplejson_4_0_0,8e198756b01a70794bfdf1c68a3813ef92964a2e,memory_peak,3,6388.0,0.0,6388.0,6388.0
simplejson_3_20_2,7cb6efb98ba5972a9b5090dc2e517fe14d12cb04,runtime_ns,4,1980156.25,61244.32641137735,1882702.8598462613,2077609.6401537387
simplejson_3_20_2,7cb6efb98ba5972a9b5090dc2e517fe14d12cb04,memory_peak,4,1286.0,0.0,1286.0,1286.0
simplejson_4_0_0,7cb6efb98ba5972a9b5090dc2e517fe14d12cb04,runtime_ns,3,2054569.3333333333,29000.200039539955,1982528.8427668086,2126609.8238998577
simplejson_4_0_0,7cb6efb98ba5972a9b5090dc2e517fe14d12cb04,memory_peak,3,1286.0,0.0,1286.0,1286.0
simplejson_3_20_2,a2a351644166d1f7cd712fb5613eede508c27882,runtime_ns,3,2340541.6666666665,39152.90503057638,2243280.4587556324,2437802.8745777006
simplejson_3_20_2,a2a351644166d1f7cd712fb5613eede508c27882,memory_peak,3,1318.0,0.0,1318.0,1318.0
simplejson_4_0_0,a2a351644166d1f7cd712fb5613eede508c27882,runtime_ns,3,2402500.0,25013.249269137348,2340363.6441971245,2464636.3558028755
simplejson_4_0_0,a2a351644166d1f7cd712fb5613eede508c27882,memory_peak,3,1318.0,0.0,1318.0,1318.0
simplejson_3_20_2,d51850fb4391a0e69957ea5635a6a27ffa826d61,runtime_ns,3,2305916.6666666665,13519.301547540588,2272332.8598558963,2339500.4734774367
simplejson_3_20_2,d51850fb4391a0e69957ea5635a6a27ffa826d61,memory_peak,3,1333.0,0.0,1333.0,1333.0
simplejson_4_0_0,d51850fb4391a0e69957ea5635a6a27ffa826d61,runtime_ns,4,2351406.25,57792.14855194432,2259446.045183229,2443366.454816771
simplejson_4_0_0,d51850fb4391a0e69957ea5635a6a27ffa826d61,memory_peak,4,1333.0,0.0,1333.0,1333.0
simplejson_3_20_2,35e773847b3ab9d37401bb181990ebc5bfca7be9,runtime_ns,3,3323041.3333333335,53471.58331612533,3190210.5567107466,3455872.1099559204
simplejson_3_20_2,35e773847b3ab9d37401bb181990ebc5bfca7be9,memory_peak,3,1678.0,0.0,1678.0,1678.0
simplejson_4_0_0,35e773847b3ab9d37401bb181990ebc5bfca7be9,runtime_ns,3,3403361.3333333335,35163.604199986854,3316010.098059084,3490712.568607583
simplejson_4_0_0,35e773847b3ab9d37401bb181990ebc5bfca7be9,memory_peak,3,1678.0,0.0,1678.0,1678.0
simplejson_3_20_2,11272c7994af268b1324acf58de3bc55d8331204,runtime_ns,4,6300698.25,142797.51485553474,6073475.538222154,6527920.961777846
simplejson_3_20_2,11272c7994af268b1324acf58de3bc55d8331204,memory_peak,4,3408.0,0.0,3408.0,3408.0
simplejson_4_0_0,11272c7994af268b1324acf58de3bc55d8331204,runtime_ns,3,6384694.666666667,52926.237107254594,6253218.605127496,6516170.728205838
simplejson_4_0_0,11272c7994af268b1324acf58de3bc55d8331204,memory_peak,3,3408.0,0.0,3408.0,3408.0
simplejson_3_20_2,bf5549dd7d845715d9d5f69b71e2d0bf00cb676e,runtime_ns,3,35678944.333333336,627959.9115758373,34119005.435520396,37238883.231146276
simplejson_3_20_2,bf5549dd7d845715d9d5f69b71e2d0bf00cb676e,memory_peak,3,6274.0,0.0,6274.0,6274.0
simplejson_4_0_0,bf5549dd7d845715d9d5f69b71e2d0bf00cb676e,runtime_ns,3,33991708.666666664,110613.25292356849,33716930.11365985,34266487.21967348
simplejson_4_0_0,bf5549dd7d845715d9d5f69b71e2d0bf00cb676e,memory_peak,3,6278.0,0.0,6278.0,6278.0
simplejson_3_20_2,f01966e34bc9e037c05a7176a8ba97eb8abdabe2,runtime_ns,3,31476666.333333332,143209.32920844693,31120914.63797216,31832418.028694503
simplejson_3_20_2,f01966e34bc9e037c05a7176a8ba97eb8abdabe2,memory_peak,3,6752.0,0.0,6752.0,6752.0
simplejson_4_0_0,f01966e34bc9e037c05a7176a8ba97eb8abdabe2,runtime_ns,3,30892458.0,332235.25644488726,30067139.870292213,31717776.129707787
simplejson_4_0_0,f01966e34bc9e037c05a7176a8ba97eb8abdabe2,memory_peak,3,6756.0,0.0,6756.0,6756.0
simplejson_3_20_2,d70b76451265aafb62d7f4445c88a9760ae39d02,runtime_ns,3,32284291.666666668,371062.2491015939,31362521.940266505,33206061.39306683
simplejson_3_20_2,d70b76451265aafb62d7f4445c88a9760ae39d02,memory_peak,3,6692.0,0.0,6692.0,6692.0
simplejson_4_0_0,d70b76451265aafb62d7f4445c88a9760ae39d02,runtime_ns,3,31753000.333333332,450666.0406646293,30633483.82631312,32872516.840353545
simplejson_4_0_0,d70b76451265aafb62d7f4445c88a9760ae39d02,memory_peak,3,6696.0,0.0,6696.0,6696.0
simplejson_3_20_2,69269b1fcf2d3c7ee55ba2aeec199feb21c7cd8a,runtime_ns,3,33062902.666666668,429771.6986044257,31995290.582720418,34130514.75061292
simplejson_3_20_2,69269b1fcf2d3c7ee55ba2aeec199feb21c7cd8a,memory_peak,3,6692.0,0.0,6692.0,6692.0
simplejson_4_0_0,69269b1fcf2d3c7ee55ba2aeec199feb21c7cd8a,runtime_ns,3,31867666.666666668,168269.98085913403,31449660.861458987,32285672.47187435
simplejson_4_0_0,69269b1fcf2d3c7ee55ba2aeec199feb21c7cd8a,memory_peak,3,6696.0,0.0,6696.0,6696.0
simplejson_3_20_2,2abc8d5b1ff579e37091a975ac51a7ebea818bcc,runtime_ns,3,32498791.333333332,349114.0676374032,31631543.912212703,33366038.75445396
simplejson_3_20_2,2abc8d5b1ff579e37091a975ac51a7ebea818bcc,memory_peak,3,6692.0,0.0,6692.0,6692.0
simplejson_4_0_0,2abc8d5b1ff579e37091a975ac51a7ebea818bcc,runtime_ns,3,31779278.0,220206.07839703246,31232255.776297282,32326300.223702718
simplejson_4_0_0,2abc8d5b1ff579e37091a975ac51a7ebea818bcc,memory_peak,3,6696.0,0.0,6696.0,6696.0
simplejson_3_20_2,68d45bf46e81063fe4f42285b6440e453f7585bd,runtime_ns,3,31392653.0,220448.08457094835,30845029.59963418,31940276.40036582
simplejson_3_20_2,68d45bf46e81063fe4f42285b6440e453f7585bd,memory_peak,3,6708.0,0.0,6708.0,6708.0
simplejson_4_0_0,68d45bf46e81063fe4f42285b6440e453f7585bd,runtime_ns,3,30364847.333333332,161692.70603627528,29963180.38455366,30766514.282113004
simplejson_4_0_0,68d45bf46e81063fe4f42285b6440e453f7585bd,memory_peak,3,6712.0,0.0,6712.0,6712.0
simplejson_3_20_2,0b02639ad4c256aade7e1e755c4cbf1e71bb04f5,runtime_ns,10,32684691.7,3641755.0576731255,30079537.069639932,35289846.33036006
simplejson_3_20_2,0b02639ad4c256aade7e1e755c4cbf1e71bb04f5,memory_peak,10,6752.0,0.0,6752.0,6752.0
simplejson_4_0_0,0b02639ad4c256aade7e1e755c4cbf1e71bb04f5,runtime_ns,3,30617847.0,190919.87609465915,30143575.735870555,31092118.264129445
simplejson_4_0_0,0b02639ad4c256aade7e1e755c4cbf1e71bb04f5,memory_peak,3,6756.0,0.0,6756.0,6756.0
simplejson_3_20_2,1b42bfdc6ed8ed4e4b9a43b01f1e1baa56d5007d,runtime_ns,3,31184638.666666668,165881.96461741504,30772565.022661313,31596712.310672022
simplejson_3_20_2,1b42bfdc6ed8ed4e4b9a43b01f1e1baa56d5007d,memory_peak,3,6708.0,0.0,6708.0,6708.0
simplejson_4_0_0,1b42bfdc6ed8ed4e4b9a43b01f1e1baa56d5007d,runtime_ns,3,30159306.0,147845.80135059636,29792036.669341035,30526575.330658965
simplejson_4_0_0,1b42bfdc6ed8ed4e4b9a43b01f1e1baa56d5007d,memory_peak,3,6712.0,0.0,6712.0,6712.0
simplejson_3_20_2,2ca6daaaba94e6d1f86281cba0d1754a444129da,runtime_ns,3,29875250.0,326207.3043158292,29064906.133500632,30685593.866499368
simplejson_3_20_2,2ca6daaaba94e6d1f86281cba0d1754a444129da,memory_peak,3,6396.0,0.0,6396.0,6396.0
simplejson_4_0_0,2ca6daaaba94e6d1f86281cba0d1754a444129da,runtime_ns,3,29054722.333333332,123932.79004901541,28746856.215850137,29362588.450816527
simplejson_4_0_0,2ca6daaaba94e6d1f86281cba0d1754a444129da,memory_peak,3,6400.0,0.0,6400.0,6400.0
simplejson_3_20_2,0e78d3c65ede13b1054b7373dab46201f5148e70,runtime_ns,3,32657875.0,633887.7715581836,31083210.48165494,34232539.518345065
simplejson_3_20_2,0e78d3c65ede13b1054b7373dab46201f5148e70,memory_peak,3,6692.0,0.0,6692.0,6692.0
simplejson_4_0_0,0e78d3c65ede13b1054b7373dab46201f5148e70,runtime_ns,3,31661778.0,162302.88114201793,31258595.29222938,32064960.70777062
simplejson_4_0_0,0e78d3c65ede13b1054b7373dab46201f5148e70,memory_peak,3,6696.0,0.0,6696.0,6696.0
simplejson_3_20_2,0fa20eaa0dedf6d3b19f5893d6e807d005595d7c,runtime_ns,3,31474500.0,192484.55103981722,30996341.86783266,31952658.13216734
simplejson_3_20_2,0fa20eaa0dedf6d3b19f5893d6e807d005595d7c,memory_peak,3,6752.0,0.0,6752.0,6752.0
simplejson_4_0_0,0fa20eaa0dedf6d3b19f5893d6e807d005595d7c,runtime_ns,3,30376541.333333332,216870.18806727065,29837805.92060104,30915276.746065624
simplejson_4_0_0,0fa20eaa0dedf6d3b19f5893d6e807d005595d7c,memory_peak,3,6756.0,0.0,6756.0,6756.0
simplejson_3_20_2,d020e19b85c6e227fc33613c8de9cab70e501175,runtime_ns,3,32589486.0,181177.41915867993,32139416.340550326,33039555.659449674
simplejson_3_20_2,d020e19b85c6e227fc33613c8de9cab70e501175,memory_peak,3,6692.0,0.0,6692.0,6692.0
simplejson_4_0_0,d020e19b85c6e227fc33613c8de9cab70e501175,runtime_ns,3,31631847.333333332,197435.1705607016,31141391.180517636,32122303.486149028
simplejson_4_0_0,d020e19b85c6e227fc33613c8de9cab70e501175,memory_peak,3,6696.0,0.0,6696.0,6696.0
simplejson_3_20_2,abc6a8ae31984a400bfda6d4d7207746ca871d05,runtime_ns,3,32526124.666666668,77067.61623622035,32334678.09481957,32717571.238513764
simplejson_3_20_2,abc6a8ae31984a400bfda6d4d7207746ca871d05,memory_peak,3,6692.0,0.0,6692.0,6692.0
simplejson_4_0_0,abc6a8ae31984a400bfda6d4d7207746ca871d05,runtime_ns,3,31749139.0,273823.2262628574,31068924.397287294,32429353.602712706
simplejson_4_0_0,abc6a8ae31984a400bfda6d4d7207746ca871d05,memory_peak,3,6696.0,0.0,6696.0,6696.0
simplejson_3_20_2,88fbb84cb09b1dd22c5a41415d354935a7e6a7cb,runtime_ns,3,29941055.666666668,125828.77576426361,29628479.659567285,30253631.67376605
simplejson_3_20_2,88fbb84cb09b1dd22c5a41415d354935a7e6a7cb,memory_peak,3,6396.0,0.0,6396.0,6396.0
simplejson_4_0_0,88fbb84cb09b1dd22c5a41415d354935a7e6a7cb,runtime_ns,10,30460983.6,4426059.14804102,27294771.62221422,33627195.57778578
simplejson_4_0_0,88fbb84cb09b1dd22c5a41415d354935a7e6a7cb,memory_peak,10,6400.0,0.0,6400.0,6400.0
simplejson_3_20_2,63eeecc4be74e7d91c0538daa6d5a68294298102,runtime_ns,3,13714097.333333334,50466.40292643546,13588731.838647388,13839462.82801928
simplejson_3_20_2,63eeecc4be74e7d91c0538daa6d5a68294298102,memory_peak,3,3600.0,0.0,3600.0,3600.0
simplejson_4_0_0,63eeecc4be74e7d91c0538daa6d5a68294298102,runtime_ns,3,13443722.666666666,63786.22830465314,13285268.891444761,13602176.44188857
simplejson_4_0_0,63eeecc4be74e7d91c0538daa6d5a68294298102,memory_peak,3,3600.0,0.0,3600.0,3600.0
simplejson_3_20_2,c4f944b9bb2f5dd68dae43ed46531c0c3e950402,runtime_ns,3,30428000.333333332,55968.14359377425,30288967.75717538,30567032.909491286
simplejson_3_20_2,c4f944b9bb2f5dd68dae43ed46531c0c3e950402,memory_peak,3,6177.0,0.0,6177.0,6177.0
simplejson_4_0_0,c4f944b9bb2f5dd68dae43ed46531c0c3e950402,runtime_ns,3,29607222.333333332,327994.45848418435,28792438.929767642,30422005.736899022
simplejson_4_0_0,c4f944b9bb2f5dd68dae43ed46531c0c3e950402,memory_peak,3,6181.0,0.0,6181.0,6181.0
simplejson_3_20_2,e6c2cbaaabdf3eb46c5ac1d8f29dbdc21f550cf1,runtime_ns,3,27991819.333333332,273219.41010904283,27313104.69309928,28670533.973567385
simplejson_3_20_2,e6c2cbaaabdf3eb46c5ac1d8f29dbdc21f550cf1,memory_peak,3,5908.0,0.0,5908.0,5908.0
simplejson_4_0_0,e6c2cbaaabdf3eb46c5ac1d8f29dbdc21f550cf1,runtime_ns,3,27548597.333333332,322526.8179490402,26747396.301815286,28349798.364851378
simplejson_4_0_0,e6c2cbaaabdf3eb46c5ac1d8f29dbdc21f550cf1,memory_peak,3,5912.0,0.0,5912.0,5912.0
simplejson_3_20_2,fb120c830829a566dce23fbb6f453f863e32806a,runtime_ns,10,31686400.0,5876903.339712525,27482316.610214584,35890483.38978542
simplejson_3_20_2,fb120c830829a566dce23fbb6f453f863e32806a,memory_peak,10,6209.0,0.0,6209.0,6209.0
simplejson_4_0_0,fb120c830829a566dce23fbb6f453f863e32806a,runtime_ns,3,29498861.0,292666.53844776994,28771837.014874466,30225884.985125534
simplejson_4_0_0,fb120c830829a566dce23fbb6f453f863e32806a,memory_peak,3,6213.0,0.0,6213.0,6213.0
simplejson_3_20_2,bcb0e5905e03f5591e7a8b456fe1eac376763a33,runtime_ns,4,8387354.0,155280.37653869853,8140268.269700678,8634439.730299322
simplejson_3_20_2,bcb0e5905e03f5591e7a8b456fe1eac376763a33,memory_peak,4,2385.0,0.0,2385.0,2385.0
simplejson_4_0_0,bcb0e5905e03f5591e7a8b456fe1eac376763a33,runtime_ns,3,8343500.0,93200.12681858325,8111978.050230044,8575021.949769955
simplejson_4_0_0,bcb0e5905e03f5591e7a8b456fe1eac376763a33,memory_peak,3,2389.0,0.0,2389.0,2389.0
simplejson_3_20_2,9b669946223bdb58c1865c6e2414d7277ad000d6,runtime_ns,3,30903763.666666668,230047.241475166,30332294.638634074,31475232.69469926
simplejson_3_20_2,9b669946223bdb58c1865c6e2414d7277ad000d6,memory_peak,3,6580.0,0.0,6580.0,6580.0
simplejson_4_0_0,9b669946223bdb58c1865c6e2414d7277ad000d6,runtime_ns,3,30337097.666666668,107645.58651581277,30069691.205699254,30604504.127634082
simplejson_4_0_0,9b669946223bdb58c1865c6e2414d7277ad000d6,memory_peak,3,6584.0,0.0,6584.0,6584.0
simplejson_3_20_2,a26180c3fa1e5072f78407048737452d3ecc6ead,runtime_ns,3,37441861.0,589818.2690261467,35976671.19483285,38907050.80516715
simplejson_3_20_2,a26180c3fa1e5072f78407048737452d3ecc6ead,memory_peak,3,7709.0,0.0,7709.0,7709.0
simplejson_4_0_0,a26180c3fa1e5072f78407048737452d3ecc6ead,runtime_ns,3,35830833.666666664,121453.71632162324,35529125.90971989,36132541.42361344
simplejson_4_0_0,a26180c3fa1e5072f78407048737452d3ecc6ead,memory_peak,3,7709.0,0.0,7709.0,7709.0
simplejson_3_20_2,d31966ad8488477af8a915a7b343bab50f797788,runtime_ns,3,31087277.666666668,327950.56418053823,30272603.302595995,31901952.03073734
simplejson_3_20_2,d31966ad8488477af8a915a7b343bab50f797788,memory_peak,3,6580.0,0.0,6580.0,6580.0
simplejson_4_0_0,d31966ad8488477af8a915a7b343bab50f797788,runtime_ns,3,30355958.333333332,570941.7520398498,28937660.395878337,31774256.270788327
simplejson_4_0_0,d31966ad8488477af8a915a7b343bab50f797788,memory_peak,3,6584.0,0.0,6584.0,6584.0
simplejson_3_20_2,64af977577ecff3802ecc44e08f65c37377a3e47,runtime_ns,4,31483166.5,586257.935956805,30550299.298885506,32416033.701114494
simplejson_3_20_2,64af977577ecff3802ecc44e08f65c37377a3e47,memory_peak,4,6580.0,0.0,6580.0,6580.0
simplejson_4_0_0,64af977577ecff3802ecc44e08f65c37377a3e47,runtime_ns,3,30145152.666666668,186665.22117505802,29681450.55127349,30608854.782059845
simplejson_4_0_0,64af977577ecff3802ecc44e08f65c37377a3e47,memory_peak,3,6584.0,0.0,6584.0,6584.0
simplejson_3_20_2,e6610c0ec77af01821a1d0c70926ee2846e0e5b4,runtime_ns,3,30996555.333333332,547100.6224400895,29637482.04500783,32355628.621658836
simplejson_3_20_2,e6610c0ec77af01821a1d0c70926ee2846e0e5b4,memory_peak,3,6580.0,0.0,6580.0,6580.0
simplejson_4_0_0,e6610c0ec77af01821a1d0c70926ee2846e0e5b4,runtime_ns,3,30123083.333333332,365780.7338041922,29214433.61825863,31031733.048408035
simplejson_4_0_0,e6610c0ec77af01821a1d0c70926ee2846e0e5b4,memory_peak,3,6584.0,0.0,6584.0,6584.0
simplejson_3_20_2,c75092d1a62f2906e71e76d6565642974e83d2b9,runtime_ns,3,31538610.666666668,550110.686177185,30172059.965497073,32905161.367836263
simplejson_3_20_2,c75092d1a62f2906e71e76d6565642974e83d2b9,memory_peak,3,6580.0,0.0,6580.0,6580.0
simplejson_4_0_0,c75092d1a62f2906e71e76d6565642974e83d2b9,runtime_ns,3,30388028.0,263146.99882575136,29734334.616483033,31041721.383516967
simplejson_4_0_0,c75092d1a62f2906e71e76d6565642974e83d2b9,memory_peak,3,6584.0,0.0,6584.0,6584.0
simplejson_3_20_2,af3901db849f2eeb5d01739f9d9f1401585211b0,runtime_ns,3,23399764.0,217888.38138138526,22858499.254858263,23941028.745141737
simplejson_3_20_2,af3901db849f2eeb5d01739f9d9f1401585211b0,memory_peak,3,5128.0,0.0,5128.0,5128.0
simplejson_4_0_0,af3901db849f2eeb5d01739f9d9f1401585211b0,runtime_ns,3,22730611.0,117364.70345039858,22439060.91413047,23022161.08586953
simplejson_4_0_0,af3901db849f2eeb5d01739f9d9f1401585211b0,memory_peak,3,5132.0,0.0,5132.0,5132.0
simplejson_3_20_2,8aa09395bad7c3387b6a99b817c6696a4364c303,runtime_ns,3,31304597.333333332,171389.9350963566,30878841.13214603,31730353.534520634
simplejson_3_20_2,8aa09395bad7c3387b6a99b817c6696a4364c303,memory_peak,3,6580.0,0.0,6580.0,6580.0
simplejson_4_0_0,8aa09395bad7c3387b6a99b817c6696a4364c303,runtime_ns,3,30306125.0,387393.2142294183,29343786.90725653,31268463.09274347
simplejson_4_0_0,8aa09395bad7c3387b6a99b817c6696a4364c303,memory_peak,3,6584.0,0.0,6584.0,6584.0
simplejson_3_20_2,edb8ee77c3234efaaa9ca18768ec36e7b887c771,runtime_ns,3,23620583.666666668,222408.20150644926,23068091.06590193,24173076.267431404
simplejson_3_20_2,edb8ee77c3234efaaa9ca18768ec36e7b887c771,memory_peak,3,5128.0,0.0,5128.0,5128.0
simplejson_4_0_0,edb8ee77c3234efaaa9ca18768ec36e7b887c771,runtime_ns,3,22473166.666666668,148465.20879429407,22104358.642617874,22841974.690715462
simplejson_4_0_0,edb8ee77c3234efaaa9ca18768ec36e7b887c771,memory_peak,3,5132.0,0.0,5132.0,5132.0
simplejson_3_20_2,bc5ca602d8c82e084d52bee99c4eb849248ccfe1,runtime_ns,3,31541361.666666668,238051.365877899,30950009.291355703,32132714.041977633
simplejson_3_20_2,bc5ca602d8c82e084d52bee99c4eb849248ccfe1,memory_peak,3,6580.0,0.0,6580.0,6580.0
simplejson_4_0_0,bc5ca602d8c82e084d52bee99c4eb849248ccfe1,runtime_ns,3,30383124.666666668,148015.3116144858,30015434.249168646,30750815.08416469
simplejson_4_0_0,bc5ca602d8c82e084d52bee99c4eb849248ccfe1,memory_peak,3,6584.0,0.0,6584.0,6584.0
simplejson_3_20_2,db2ef86aebad9d9fba20cc1f3dc6d322f7d24df6,runtime_ns,3,28371111.0,554190.0809758327,26994426.520369966,29747795.479630034
simplejson_3_20_2,db2ef86aebad9d9fba20cc1f3dc6d322f7d24df6,memory_peak,3,6092.0,0.0,6092.0,6092.0
simplejson_4_0_0,db2ef86aebad9d9fba20cc1f3dc6d322f7d24df6,runtime_ns,3,27494514.0,274415.7828041237,26812827.405236788,28176200.594763212
simplejson_4_0_0,db2ef86aebad9d9fba20cc1f3dc6d322f7d24df6,memory_peak,3,6096.0,0.0,6096.0,6096.0
simplejson_3_20_2,733b3a20c516590009c3ac0368ab69d361fa0941,runtime_ns,3,30685652.333333332,352523.1333491936,29809936.32351621,31561368.343150456
simplejson_3_20_2,733b3a20c516590009c3ac0368ab69d361fa0941,memory_peak,3,6580.0,0.0,6580.0,6580.0
simplejson_4_0_0,733b3a20c516590009c3ac0368ab69d361fa0941,runtime_ns,3,30219264.0,427062.7942270317,29158381.20757516,31280146.79242484
simplejson_4_0_0,733b3a20c516590009c3ac0368ab69d361fa0941,memory_peak,3,6584.0,0.0,6584.0,6584.0
simplejson_3_20_2,82ca94363ea61220bab573d428a64a0b193f87fc,runtime_ns,3,31569777.666666668,96415.6928323047,31330267.808097403,31809287.525235932
simplejson_3_20_2,82ca94363ea61220bab573d428a64a0b193f87fc,memory_peak,3,6580.0,0.0,6580.0,6580.0
simplejson_4_0_0,82ca94363ea61220bab573d428a64a0b193f87fc,runtime_ns,3,30872361.0,378082.9835856144,29933150.802303895,31811571.197696105
simplejson_4_0_0,82ca94363ea61220bab573d428a64a0b193f87fc,memory_peak,3,6584.0,0.0,6584.0,6584.0
simplejson_3_20_2,f69eeddb6cd118204adc12c9cf298c8c0cda5a0d,runtime_ns,3,31046319.0,35289.10190129525,30958656.01115319,31133981.98884681
simplejson_3_20_2,f69eeddb6cd118204adc12c9cf298c8c0cda5a0d,memory_peak,3,6580.0,0.0,6580.0,6580.0
simplejson_4_0_0,f69eeddb6cd118204adc12c9cf298c8c0cda5a0d,runtime_ns,3,30832222.0,328071.31385874015,30017247.677100025,31647196.322899975
simplejson_4_0_0,f69eeddb6cd118204adc12c9cf298c8c0cda5a0d,memory_peak,3,6584.0,0.0,6584.0,6584.0
simplejson_3_20_2,278b26f715b74c2959fc6b02e595773a8d5295af,runtime_ns,3,34202403.0,343254.92525672517,33349710.495425727,35055095.50457427
simplejson_3_20_2,278b26f715b74c2959fc6b02e595773a8d5295af,memory_peak,3,6562.0,0.0,6562.0,6562.0
simplejson_4_0_0,278b26f715b74c2959fc6b02e595773a8d5295af,runtime_ns,3,32721055.666666668,161393.7911579418,32320131.26360887,33121980.069724467
simplejson_4_0_0,278b26f715b74c2959fc6b02e595773a8d5295af,memory_peak,3,6566.0,0.0,6566.0,6566.0
simplejson_3_20_2,c588fc17ed96e4c2c5522f35776861e3d4ac402f,runtime_ns,3,33639916.666666664,212783.90910107215,33111332.133615036,34168501.19971829
simplejson_3_20_2,c588fc17ed96e4c2c5522f35776861e3d4ac402f,memory_peak,3,6784.0,0.0,6784.0,6784.0
simplejson_4_0_0,c588fc17ed96e4c2c5522f35776861e3d4ac402f,runtime_ns,3,32387333.333333332,233890.67264500595,31806316.692989223,32968349.97367744
simplejson_4_0_0,c588fc17ed96e4c2c5522f35776861e3d4ac402f,memory_peak,3,6788.0,0.0,6788.0,6788.0
simplejson_3_20_2,71d9489e4f0ec4f749a9b1e68585b1a2fcb89417,runtime_ns,3,37134388.666666664,81698.6157185869,36931438.05436233,37337339.278971
simplejson_3_20_2,71d9489e4f0ec4f749a9b1e68585b1a2fcb89417,memory_peak,3,7709.0,0.0,7709.0,7709.0
simplejson_4_0_0,71d9489e4f0ec4f749a9b1e68585b1a2fcb89417,runtime_ns,3,36091805.666666664,348558.17564695474,35225939.15780317,36957672.17553016
simplejson_4_0_0,71d9489e4f0ec4f749a9b1e68585b1a2fcb89417,memory_peak,3,7709.0,0.0,7709.0,7709.0
simplejson_3_20_2,32ee1c9a2031a95831797bf1d26478e75028b0b1,runtime_ns,3,34363847.333333336,152196.0612510499,33985771.35799974,34741923.30866693
simplejson_3_20_2,32ee1c9a2031a95831797bf1d26478e75028b0b1,memory_peak,3,6562.0,0.0,6562.0,6562.0
simplejson_4_0_0,32ee1c9a2031a95831797bf1d26478e75028b0b1,runtime_ns,3,32677847.333333332,66558.664322035,32512506.445247233,32843188.22141943
simplejson_4_0_0,32ee1c9a2031a95831797bf1d26478e75028b0b1,memory_peak,3,6566.0,0.0,6566.0,6566.0
simplejson_3_20_2,c344a95247d23f3fbccb42edd83a65b176b83ca7,runtime_ns,3,22589569.333333332,101628.11901404716,22337111.09031629,22842027.576350376
simplejson_3_20_2,c344a95247d23f3fbccb42edd83a65b176b83ca7,memory_peak,3,5174.0,0.0,5174.0,5174.0
simplejson_4_0_0,c344a95247d23f3fbccb42edd83a65b176b83ca7,runtime_ns,3,22441597.333333332,247128.57200723136,21827695.927959163,23055498.7387075
simplejson_4_0_0,c344a95247d23f3fbccb42edd83a65b176b83ca7,memory_peak,3,5174.0,0.0,5174.0,5174.0
simplejson_3_20_2,f20222d8f99ed73f4059342bbf9b85c8b0f3d114,runtime_ns,3,12349041.666666666,184435.443237826,11890878.626736196,12807204.706597136
simplejson_3_20_2,f20222d8f99ed73f4059342bbf9b85c8b0f3d114,memory_peak,3,3886.0,0.0,3886.0,3886.0
simplejson_4_0_0,f20222d8f99ed73f4059342bbf9b85c8b0f3d114,runtime_ns,3,12147555.333333334,58625.69655307588,12001921.029648207,12293189.63701846
simplejson_4_0_0,f20222d8f99ed73f4059342bbf9b85c8b0f3d114,memory_peak,3,3886.0,0.0,3886.0,3886.0
simplejson_3_20_2,4c620874dbb4f05f8fe5419825662d18f32a865d,runtime_ns,3,13806763.666666666,33369.86546771403,13723868.325422283,13889659.007911049
simplejson_3_20_2,4c620874dbb4f05f8fe5419825662d18f32a865d,memory_peak,3,3886.0,0.0,3886.0,3886.0
simplejson_4_0_0,4c620874dbb4f05f8fe5419825662d18f32a865d,runtime_ns,3,13636139.0,25618.659469222817,13572498.721888013,13699779.278111987
simplejson_4_0_0,4c620874dbb4f05f8fe5419825662d18f32a865d,memory_peak,3,3886.0,0.0,3886.0,3886.0
simplejson_3_20_2,81dbc463eb9bd034d68c648989ef9a2f4df5a8a7,runtime_ns,3,8692361.333333334,51210.379039149215,8565147.699529154,8819574.967137514
simplejson_3_20_2,81dbc463eb9bd034d68c648989ef9a2f4df5a8a7,memory_peak,3,2813.0,0.0,2813.0,2813.0
simplejson_4_0_0,81dbc463eb9bd034d68c648989ef9a2f4df5a8a7,runtime_ns,3,8621514.0,21458.89622044899,8568207.146646246,8674820.853353754
simplejson_4_0_0,81dbc463eb9bd034d68c648989ef9a2f4df5a8a7,memory_peak,3,2813.0,0.0,2813.0,2813.0
simplejson_3_20_2,d1d3b1e785ea16fd96882a145c7d92e48a0f2d56,runtime_ns,3,8404805.666666666,146761.37280065668,8040230.205864306,8769381.127469026
simplejson_3_20_2,d1d3b1e785ea16fd96882a145c7d92e48a0f2d56,memory_peak,3,2394.0,0.0,2394.0,2394.0
simplejson_4_0_0,d1d3b1e785ea16fd96882a145c7d92e48a0f2d56,runtime_ns,3,8555805.666666666,27292.449694619452,8488007.463134212,8623603.87019912
simplejson_4_0_0,d1d3b1e785ea16fd96882a145c7d92e48a0f2d56,memory_peak,3,2398.0,0.0,2398.0,2398.0
simplejson_3_20_2,b4b2250aa56b250daa14e73b87bde5262167ca82,runtime_ns,3,24235277.333333332,181495.83792840358,23784416.67780966,24686137.988857005
simplejson_3_20_2,b4b2250aa56b250daa14e73b87bde5262167ca82,memory_peak,3,5234.0,0.0,5234.0,5234.0
simplejson_4_0_0,b4b2250aa56b250daa14e73b87bde5262167ca82,runtime_ns,3,23989028.333333332,205477.96213057335,23478592.778671168,24499463.887995496
simplejson_4_0_0,b4b2250aa56b250daa14e73b87bde5262167ca82,memory_peak,3,5238.0,0.0,5238.0,5238.0
simplejson_3_20_2,039b507eb33de70016e3db6e8b5e77f006e7e641,runtime_ns,3,26207819.333333332,119004.91197565474,25912194.74361108,26503443.923055585
simplejson_3_20_2,039b507eb33de70016e3db6e8b5e77f006e7e641,memory_peak,3,5653.0,0.0,5653.0,5653.0
simplejson_4_0_0,039b507eb33de70016e3db6e8b5e77f006e7e641,runtime_ns,3,25825430.666666668,151829.15052562644,25448266.148102943,26202595.185230393
simplejson_4_0_0,039b507eb33de70016e3db6e8b5e77f006e7e641,memory_peak,3,5653.0,0.0,5653.0,5653.0
simplejson_3_20_2,bca55d5381426f6e404c912f5a7be861756e8510,runtime_ns,3,7825833.333333333,66388.27268677302,7660915.721534155,7990750.945132511
simplejson_3_20_2,bca55d5381426f6e404c912f5a7be861756e8510,memory_peak,3,2289.0,0.0,2289.0,2289.0
simplejson_4_0_0,bca55d5381426f6e404c912f5a7be861756e8510,runtime_ns,3,7722027.666666667,110143.97429879374,7448414.866388975,7995640.466944359
simplejson_4_0_0,bca55d5381426f6e404c912f5a7be861756e8510,memory_peak,3,2289.0,0.0,2289.0,2289.0
simplejson_3_20_2,6e018801aeaeb3a9d3ec768407c33711a2d39942,runtime_ns,3,9666569.333333334,142299.99972358867,9313076.537637906,10020062.129028762
simplejson_3_20_2,6e018801aeaeb3a9d3ec768407c33711a2d39942,memory_peak,3,3193.0,0.0,3193.0,3193.0
simplejson_4_0_0,6e018801aeaeb3a9d3ec768407c33711a2d39942,runtime_ns,3,9512166.666666666,48875.852507484036,9390752.318258878,9633581.015074454
simplejson_4_0_0,6e018801aeaeb3a9d3ec768407c33711a2d39942,memory_peak,3,3193.0,0.0,3193.0,3193.0
simplejson_3_20_2,48a5c8cadf97cc7a34b9ffe882bda1bd375bdab4,runtime_ns,3,30597500.0,93057.67439604324,30366331.921665005,30828668.078334995
simplejson_3_20_2,48a5c8cadf97cc7a34b9ffe882bda1bd375bdab4,memory_peak,3,5965.0,0.0,5965.0,5965.0
simplejson_4_0_0,48a5c8cadf97cc7a34b9ffe882bda1bd375bdab4,runtime_ns,3,30479236.333333332,278614.9451937805,29787118.44092021,31171354.225746453
simplejson_4_0_0,48a5c8cadf97cc7a34b9ffe882bda1bd375bdab4,memory_peak,3,5965.0,0.0,5965.0,5965.0
simplejson_3_20_2,fca73f78dfa6e3c0ac952cd2eff7e98385be3f49,runtime_ns,3,3877347.3333333335,16740.163509755013,3835762.461857884,3918932.204808783
simplejson_3_20_2,fca73f78dfa6e3c0ac952cd2eff7e98385be3f49,memory_peak,3,1561.0,0.0,1561.0,1561.0
simplejson_4_0_0,fca73f78dfa6e3c0ac952cd2eff7e98385be3f49,runtime_ns,3,3903903.0,20095.77634728253,3853982.324128815,3953823.675871185
simplejson_4_0_0,fca73f78dfa6e3c0ac952cd2eff7e98385be3f49,memory_peak,3,1561.0,0.0,1561.0,1561.0
simplejson_3_20_2,ce9673c68acfa81d4f413c192b39f1d7e3b96173,runtime_ns,3,22748569.333333332,99603.32472529887,22501140.958167505,22995997.70849916
simplejson_3_20_2,ce9673c68acfa81d4f413c192b39f1d7e3b96173,memory_peak,3,5290.0,0.0,5290.0,5290.0
simplejson_4_0_0,ce9673c68acfa81d4f413c192b39f1d7e3b96173,runtime_ns,3,22536333.333333332,259981.8649393325,21890502.578266356,23182164.088400308
simplejson_4_0_0,ce9673c68acfa81d4f413c192b39f1d7e3b96173,memory_peak,3,5290.0,0.0,5290.0,5290.0
simplejson_3_20_2,a35c31b098502fe94418830b219346e2b89b087c,runtime_ns,3,33525500.0,167729.91612708807,33108835.789959982,33942164.21004002
simplejson_3_20_2,a35c31b098502fe94418830b219346e2b89b087c,memory_peak,3,5884.0,0.0,5884.0,5884.0
simplejson_4_0_0,a35c31b098502fe94418830b219346e2b89b087c,runtime_ns,4,33364843.75,632432.8176580629,32358502.008051965,34371185.49194803
simplejson_4_0_0,a35c31b098502fe94418830b219346e2b89b087c,memory_peak,4,5888.0,0.0,5888.0,5888.0
simplejson_3_20_2,f4887096fed037bd432046ab8d3936ade7d02b4f,runtime_ns,3,20088847.333333332,82725.4559391082,19883345.90851325,20294348.758153412
simplejson_3_20_2,f4887096fed037bd432046ab8d3936ade7d02b4f,memory_peak,3,4638.0,0.0,4638.0,4638.0
simplejson_4_0_0,f4887096fed037bd432046ab8d3936ade7d02b4f,runtime_ns,3,19881652.666666668,96967.0352301922,19640773.197654724,20122532.13567861
simplejson_4_0_0,f4887096fed037bd432046ab8d3936ade7d02b4f,memory_peak,3,4638.0,0.0,4638.0,4638.0
simplejson_3_20_2,217c8c8da244c644ab73db45f4025685357d8321,runtime_ns,3,29185847.333333332,503433.6630325125,27935248.78562966,30436445.881037004
simplejson_3_20_2,217c8c8da244c644ab73db45f4025685357d8321,memory_peak,3,5704.0,0.0,5704.0,5704.0
simplejson_4_0_0,217c8c8da244c644ab73db45f4025685357d8321,runtime_ns,3,28151180.0,431202.49241278745,27080013.62719666,29222346.37280334
simplejson_4_0_0,217c8c8da244c644ab73db45f4025685357d8321,memory_peak,3,5704.0,0.0,5704.0,5704.0
simplejson_3_20_2,01f338c65bc516a0623a8e9f7ebf518ebef030ba,runtime_ns,3,37481402.666666664,672511.9151913469,35810790.4565384,39152014.87679493
simplejson_3_20_2,01f338c65bc516a0623a8e9f7ebf518ebef030ba,memory_peak,3,7865.0,0.0,7865.0,7865.0
simplejson_4_0_0,01f338c65bc516a0623a8e9f7ebf518ebef030ba,runtime_ns,3,35277500.0,399830.4800337263,34284266.02624098,36270733.97375902
simplejson_4_0_0,01f338c65bc516a0623a8e9f7ebf518ebef030ba,memory_peak,3,7865.0,0.0,7865.0,7865.0
simplejson_3_20_2,9591e82673001ac6bb46face1d4ce31b718c40d5,runtime_ns,3,31159861.333333332,21321.633622528396,31106895.459175486,31212827.207491178
simplejson_3_20_2,9591e82673001ac6bb46face1d4ce31b718c40d5,memory_peak,3,6704.0,0.0,6704.0,6704.0
simplejson_4_0_0,9591e82673001ac6bb46face1d4ce31b718c40d5,runtime_ns,10,31750470.9,4260003.993829882,28703047.62355118,34797894.176448815
simplejson_4_0_0,9591e82673001ac6bb46face1d4ce31b718c40d5,memory_peak,10,6708.0,0.0,6708.0,6708.0
simplejson_3_20_2,3499dafc87816c24f15172433b50293c0e3c4ce8,runtime_ns,3,31026680.333333332,239780.14001650206,30431033.444989566,31622327.2216771
simplejson_3_20_2,3499dafc87816c24f15172433b50293c0e3c4ce8,memory_peak,3,6764.0,0.0,6764.0,6764.0
simplejson_4_0_0,3499dafc87816c24f15172433b50293c0e3c4ce8,runtime_ns,4,30358937.5,580267.3074118514,29435602.725725114,31282272.274274886
simplejson_4_0_0,3499dafc87816c24f15172433b50293c0e3c4ce8,memory_peak,4,6768.0,0.0,6768.0,6768.0
simplejson_3_20_2,d0ab67a7695e0749b61be3756f86ea0906f4c1de,runtime_ns,10,38179745.9,4836712.874062173,34719769.9433424,41639721.856657594
simplejson_3_20_2,d0ab67a7695e0749b61be3756f86ea0906f4c1de,memory_peak,10,7966.0,0.0,7966.0,7966.0
simplejson_4_0_0,d0ab67a7695e0749b61be3756f86ea0906f4c1de,runtime_ns,4,35721187.75,808146.6117845924,34435246.150599286,37007129.349400714
simplejson_4_0_0,d0ab67a7695e0749b61be3756f86ea0906f4c1de,memory_peak,4,7966.0,0.0,7966.0,7966.0
simplejson_3_20_2,5977c5d3a71247c13afff3a5f932e3c4f357ca58,runtime_ns,3,36822180.666666664,310676.8142641696,36050416.676186584,37593944.657146744
simplejson_3_20_2,5977c5d3a71247c13afff3a5f932e3c4f357ca58,memory_peak,3,7865.0,0.0,7865.0,7865.0
simplejson_4_0_0,5977c5d3a71247c13afff3a5f932e3c4f357ca58,runtime_ns,10,36754954.0,4541811.996182361,33505937.422910538,40003970.57708946
simplejson_4_0_0,5977c5d3a71247c13afff3a5f932e3c4f357ca58,memory_peak,10,7865.0,0.0,7865.0,7865.0
simplejson_3_20_2,3c42a3f619eb7053de1969c18cdcda39c6ac1585,runtime_ns,3,36167833.666666664,268326.2877959097,35501274.216098875,36834393.11723445
simplejson_3_20_2,3c42a3f619eb7053de1969c18cdcda39c6ac1585,memory_peak,3,7998.0,0.0,7998.0,7998.0
simplejson_4_0_0,3c42a3f619eb7053de1969c18cdcda39c6ac1585,runtime_ns,3,34755583.0,150749.86281585798,34381099.58073794,35130066.41926206
simplejson_4_0_0,3c42a3f619eb7053de1969c18cdcda39c6ac1585,memory_peak,3,7998.0,0.0,7998.0,7998.0
simplejson_3_20_2,6476e8a397d1c97f929044e949822b59df5152f2,runtime_ns,3,37055264.0,202122.01689326178,36553165.07546041,37557362.92453959
simplejson_3_20_2,6476e8a397d1c97f929044e949822b59df5152f2,memory_peak,3,7865.0,0.0,7865.0,7865.0
simplejson_4_0_0,6476e8a397d1c97f929044e949822b59df5152f2,runtime_ns,3,35531166.666666664,329167.0063923985,34713470.492623344,36348862.840709984
simplejson_4_0_0,6476e8a397d1c97f929044e949822b59df5152f2,memory_peak,3,7865.0,0.0,7865.0,7865.0
simplejson_3_20_2,e5703877b3c7934c3d010e390d82bb884a6ccd45,runtime_ns,3,36366375.0,175670.6227033991,35929984.981295824,36802765.018704176
simplejson_3_20_2,e5703877b3c7934c3d010e390d82bb884a6ccd45,memory_peak,3,7998.0,0.0,7998.0,7998.0
simplejson_4_0_0,e5703877b3c7934c3d010e390d82bb884a6ccd45,runtime_ns,3,34982819.666666664,263961.5659718917,34327102.786183216,35638536.54715011
simplejson_4_0_0,e5703877b3c7934c3d010e390d82bb884a6ccd45,memory_peak,3,7998.0,0.0,7998.0,7998.0
simplejson_3_20_2,d44221adf50a41a81e9edb0fd43ef1ad24e627dc,runtime_ns,3,36522305.666666664,192457.59512509068,36044214.49670365,37000396.83662968
simplejson_3_20_2,d44221adf50a41a81e9edb0fd43ef1ad24e627dc,memory_peak,3,8060.0,0.0,8060.0,8060.0
simplejson_4_0_0,d44221adf50a41a81e9edb0fd43ef1ad24e627dc,runtime_ns,3,34734042.0,257027.1588548572,34095551.141744606,35372532.858255394
simplejson_4_0_0,d44221adf50a41a81e9edb0fd43ef1ad24e627dc,memory_peak,3,8060.0,0.0,8060.0,8060.0
simplejson_3_20_2,893c8fd85d510613dc7ef39b59f47b91428dce08,runtime_ns,3,36299625.333333336,217261.26316564888,35759918.436201036,36839332.230465636
simplejson_3_20_2,893c8fd85d510613dc7ef39b59f47b91428dce08,memory_peak,3,8030.0,0.0,8030.0,8030.0
simplejson_4_0_0,893c8fd85d510613dc7ef39b59f47b91428dce08,runtime_ns,3,34904597.0,331625.8173197618,34080792.80100595,35728401.19899405
simplejson_4_0_0,893c8fd85d510613dc7ef39b59f47b91428dce08,memory_peak,3,8030.0,0.0,8030.0,8030.0
simplejson_3_20_2,06b11f647d6c3216928714f53fc90f7f910cb96b,runtime_ns,3,30963833.333333332,207708.98575731704,30447855.608744167,31479811.057922497
simplejson_3_20_2,06b11f647d6c3216928714f53fc90f7f910cb96b,memory_peak,3,6651.0,0.0,6651.0,6651.0
simplejson_4_0_0,06b11f647d6c3216928714f53fc90f7f910cb96b,runtime_ns,3,29961680.666666668,96263.2020781219,29722549.616130564,30200811.71720277
simplejson_4_0_0,06b11f647d6c3216928714f53fc90f7f910cb96b,memory_peak,3,6655.0,0.0,6655.0,6655.0
simplejson_3_20_2,e7dd0f6c897cc19d3d533845a5e2bdc2b07f4d3f,runtime_ns,3,36761361.0,413010.13877022435,35735386.93894565,37787335.06105435
simplejson_3_20_2,e7dd0f6c897cc19d3d533845a5e2bdc2b07f4d3f,memory_peak,3,7865.0,0.0,7865.0,7865.0
simplejson_4_0_0,e7dd0f6c897cc19d3d533845a5e2bdc2b07f4d3f,runtime_ns,3,35173902.666666664,187872.06500790195,34707202.58499613,35640602.7483372
simplejson_4_0_0,e7dd0f6c897cc19d3d533845a5e2bdc2b07f4d3f,memory_peak,3,7865.0,0.0,7865.0,7865.0
simplejson_3_20_2,c2b3aeb5d4225e82135af77a23a42e731d049c8a,runtime_ns,3,36204514.0,258291.261933113,35562882.935616374,36846145.064383626
simplejson_3_20_2,c2b3aeb5d4225e82135af77a23a42e731d049c8a,memory_peak,3,7955.0,0.0,7955.0,7955.0
simplejson_4_0_0,c2b3aeb5d4225e82135af77a23a42e731d049c8a,runtime_ns,3,34791152.333333336,97126.78986939357,34549876.011797525,35032428.65486915
simplejson_4_0_0,c2b3aeb5d4225e82135af77a23a42e731d049c8a,memory_peak,3,7955.0,0.0,7955.0,7955.0
simplejson_3_20_2,a63102ebf417adffb4204f4a775489a1c5865c07,runtime_ns,3,35946333.333333336,500765.43982420885,34702363.019524775,37190303.647141896
simplejson_3_20_2,a63102ebf417adffb4204f4a775489a1c5865c07,memory_peak,3,7864.0,0.0,7864.0,7864.0
simplejson_4_0_0,a63102ebf417adffb4204f4a775489a1c5865c07,runtime_ns,3,33938277.666666664,269637.35747543094,33268461.33846524,34608093.994868085
simplejson_4_0_0,a63102ebf417adffb4204f4a775489a1c5865c07,memory_peak,3,7864.0,0.0,7864.0,7864.0
simplejson_3_20_2,feeb3c83a6ac7700d334e010d92dcb31ae570ab5,runtime_ns,3,35788639.0,326989.34399762936,34976352.43923499,36600925.56076501
simplejson_3_20_2,feeb3c83a6ac7700d334e010d92dcb31ae570ab5,memory_peak,3,8127.0,0.0,8127.0,8127.0
simplejson_4_0_0,feeb3c83a6ac7700d334e010d92dcb31ae570ab5,runtime_ns,3,34002930.666666664,37014.84300025239,33910980.69927522,34094880.63405811
simplejson_4_0_0,feeb3c83a6ac7700d334e010d92dcb31ae570ab5,memory_peak,3,8127.0,0.0,8127.0,8127.0
simplejson_3_20_2,ac670b7403731b0db40c6be303d9e8a204cc4c9f,runtime_ns,3,31410764.0,130071.72633205111,31087647.919386085,31733880.080613915
simplejson_3_20_2,ac670b7403731b0db40c6be303d9e8a204cc4c9f,memory_peak,3,6496.0,0.0,6496.0,6496.0
simplejson_4_0_0,ac670b7403731b0db40c6be303d9e8a204cc4c9f,runtime_ns,3,30211250.0,291868.76783753344,29486207.78693268,30936292.21306732
simplejson_4_0_0,ac670b7403731b0db40c6be303d9e8a204cc4c9f,memory_peak,3,6500.0,0.0,6500.0,6500.0
simplejson_3_20_2,d30942b05638b4adb2028717d5d9b19ac7fab280,runtime_ns,3,32005986.0,79568.40272997819,31808327.130114723,32203644.869885277
simplejson_3_20_2,d30942b05638b4adb2028717d5d9b19ac7fab280,memory_peak,3,6390.0,0.0,6390.0,6390.0
simplejson_4_0_0,d30942b05638b4adb2028717d5d9b19ac7fab280,runtime_ns,3,31147569.666666668,172419.54340889936,30719255.77664185,31575883.556691486
simplejson_4_0_0,d30942b05638b4adb2028717d5d9b19ac7fab280,memory_peak,3,6394.0,0.0,6394.0,6394.0
simplejson_3_20_2,edf8c61f1c1162192dbf2c4820d308669f4242e0,runtime_ns,3,36994597.666666664,304057.7651472386,36239276.305713885,37749919.027619444
simplejson_3_20_2,edf8c61f1c1162192dbf2c4820d308669f4242e0,memory_peak,3,8018.0,0.0,8018.0,8018.0
simplejson_4_0_0,edf8c61f1c1162192dbf2c4820d308669f4242e0,runtime_ns,3,35365611.0,553438.5670686495,33990793.38440771,36740428.61559229
simplejson_4_0_0,edf8c61f1c1162192dbf2c4820d308669f4242e0,memory_peak,3,8018.0,0.0,8018.0,8018.0
simplejson_3_20_2,f67aa1173a426b56468e722697b0bbc3d9de399f,runtime_ns,3,31177805.666666668,231160.3343684494,30603571.562601186,31752039.77073215
simplejson_3_20_2,f67aa1173a426b56468e722697b0bbc3d9de399f,memory_peak,3,6496.0,0.0,6496.0,6496.0
simplejson_4_0_0,f67aa1173a426b56468e722697b0bbc3d9de399f,runtime_ns,3,30179291.333333332,112375.35749590892,29900135.46990632,30458447.196760345
simplejson_4_0_0,f67aa1173a426b56468e722697b0bbc3d9de399f,memory_peak,3,6500.0,0.0,6500.0,6500.0
simplejson_3_20_2,7bdde21dae8849f31345bcaf1bd340122cb7cd84,runtime_ns,3,29736389.0,117651.44916659548,29444126.598283183,30028651.401716817
simplejson_3_20_2,7bdde21dae8849f31345bcaf1bd340122cb7cd84,memory_peak,3,6496.0,0.0,6496.0,6496.0
simplejson_4_0_0,7bdde21dae8849f31345bcaf1bd340122cb7cd84,runtime_ns,3,29922708.333333332,192673.7760369411,29444080.14021463,30401336.526452035
simplejson_4_0_0,7bdde21dae8849f31345bcaf1bd340122cb7cd84,memory_peak,3,6500.0,0.0,6500.0,6500.0
simplejson_3_20_2,c14e2a7822283043ec3b033f3cee90bd0e2046f8,runtime_ns,3,31585569.0,495828.7642694804,30353862.06810762,32817275.93189238
simplejson_3_20_2,c14e2a7822283043ec3b033f3cee90bd0e2046f8,memory_peak,3,6496.0,0.0,6496.0,6496.0
simplejson_4_0_0,c14e2a7822283043ec3b033f3cee90bd0e2046f8,runtime_ns,3,30568736.333333332,19657.506818855065,30519904.379325625,30617568.28734104
simplejson_4_0_0,c14e2a7822283043ec3b033f3cee90bd0e2046f8,memory_peak,3,6500.0,0.0,6500.0,6500.0
simplejson_3_20_2,35a4dfc42e4908a25076d19f12822a66580c6576,runtime_ns,3,31801986.666666668,201611.89925531016,31301154.944588944,32302818.38874439
simplejson_3_20_2,35a4dfc42e4908a25076d19f12822a66580c6576,memory_peak,3,6390.0,0.0,6390.0,6390.0
simplejson_4_0_0,35a4dfc42e4908a25076d19f12822a66580c6576,runtime_ns,3,31305208.333333332,454322.9011554814,30176607.68126118,32433808.985405482
simplejson_4_0_0,35a4dfc42e4908a25076d19f12822a66580c6576,memory_peak,3,6394.0,0.0,6394.0,6394.0
simplejson_3_20_2,a84dc133f2879c054e737a4d6eec02c3efefdcbd,runtime_ns,3,30112110.666666668,114608.06989620466,29827408.43816659,30396812.895166747
simplejson_3_20_2,a84dc133f2879c054e737a4d6eec02c3efefdcbd,memory_peak,3,6496.0,0.0,6496.0,6496.0
simplejson_4_0_0,a84dc133f2879c054e737a4d6eec02c3efefdcbd,runtime_ns,3,29601055.666666668,72334.4943601138,29421366.821366318,29780744.51196702
simplejson_4_0_0,a84dc133f2879c054e737a4d6eec02c3efefdcbd,memory_peak,3,6500.0,0.0,6500.0,6500.0
simplejson_3_20_2,b6f7109159b6f5a370f2371df548078ee201a53f,runtime_ns,3,31387361.0,200077.90164583395,30890339.93923371,31884382.06076629
simplejson_3_20_2,b6f7109159b6f5a370f2371df548078ee201a53f,memory_peak,3,6496.0,0.0,6496.0,6496.0
simplejson_4_0_0,b6f7109159b6f5a370f2371df548078ee201a53f,runtime_ns,3,30438486.333333332,386175.3150077479,29479173.669975523,31397798.99669114
simplejson_4_0_0,b6f7109159b6f5a370f2371df548078ee201a53f,memory_peak,3,6500.0,0.0,6500.0,6500.0
simplejson_3_20_2,9eb11f2769a02c11349c70b3e95ee9f8547aac51,runtime_ns,3,30973291.666666668,128779.72898454683,30653385.085387167,31293198.24794617
simplejson_3_20_2,9eb11f2769a02c11349c70b3e95ee9f8547aac51,memory_peak,3,6496.0,0.0,6496.0,6496.0
simplejson_4_0_0,9eb11f2769a02c11349c70b3e95ee9f8547aac51,runtime_ns,3,30386624.666666668,205552.55890485365,29876003.80334434,30897245.529988997
simplejson_4_0_0,9eb11f2769a02c11349c70b3e95ee9f8547aac51,memory_peak,3,6500.0,0.0,6500.0,6500.0
simplejson_3_20_2,af7349a024f6c56db90a9aa5cce88d3f187f8167,runtime_ns,3,31416388.666666668,172609.4527693467,30987603.015637748,31845174.317695588
simplejson_3_20_2,af7349a024f6c56db90a9aa5cce88d3f187f8167,memory_peak,3,6496.0,0.0,6496.0,6496.0
simplejson_4_0_0,af7349a024f6c56db90a9aa5cce88d3f187f8167,runtime_ns,3,30464000.0,271896.8899491129,29788570.68196978,31139429.31803022
simplejson_4_0_0,af7349a024f6c56db90a9aa5cce88d3f187f8167,memory_peak,3,6500.0,0.0,6500.0,6500.0
simplejson_3_20_2,07822c90f8c139b71635b059b6de07f4bdba6ed9,runtime_ns,3,31550833.333333332,523864.25265361764,30249482.38747858,32852184.279188085
simplejson_3_20_2,07822c90f8c139b71635b059b6de07f4bdba6ed9,memory_peak,3,6496.0,0.0,6496.0,6496.0
simplejson_4_0_0,07822c90f8c139b71635b059b6de07f4bdba6ed9,runtime_ns,3,30522139.0,107854.23015811665,30254214.239492424,30790063.760507576
simplejson_4_0_0,07822c90f8c139b71635b059b6de07f4bdba6ed9,memory_peak,3,6500.0,0.0,6500.0,6500.0
simplejson_3_20_2,2080431b3d51f593c61e2ea7a7b3e9f11a9bb5d2,runtime_ns,3,30870152.666666668,195839.12418189918,30383661.312850256,31356644.02048308
simplejson_3_20_2,2080431b3d51f593c61e2ea7a7b3e9f11a9bb5d2,memory_peak,3,6496.0,0.0,6496.0,6496.0
simplejson_4_0_0,2080431b3d51f593c61e2ea7a7b3e9f11a9bb5d2,runtime_ns,3,29735972.333333332,521350.6586706622,28440865.501083665,31031079.165583
simplejson_4_0_0,2080431b3d51f593c61e2ea7a7b3e9f11a9bb5d2,memory_peak,3,6500.0,0.0,6500.0,6500.0
simplejson_3_20_2,9de620c192b470e64f6597657b6da9daa77db9bf,runtime_ns,3,30216361.333333332,273793.76064171613,29536219.9272813,30896502.739385363
simplejson_3_20_2,9de620c192b470e64f6597657b6da9daa77db9bf,memory_peak,3,6496.0,0.0,6496.0,6496.0
simplejson_4_0_0,9de620c192b470e64f6597657b6da9daa77db9bf,runtime_ns,3,29623861.0,169833.68111478948,29201970.74801737,30045751.25198263
simplejson_4_0_0,9de620c192b470e64f6597657b6da9daa77db9bf,memory_peak,3,6500.0,0.0,6500.0,6500.0
simplejson_3_20_2,a26ed190dff94ba5bc217ad943c82efed3e0fb71,runtime_ns,3,31281666.666666668,511167.97554456926,30011855.021577332,32551478.311756004
simplejson_3_20_2,a26ed190dff94ba5bc217ad943c82efed3e0fb71,memory_peak,3,6496.0,0.0,6496.0,6496.0
simplejson_4_0_0,a26ed190dff94ba5bc217ad943c82efed3e0fb71,runtime_ns,3,30383805.666666668,276107.849030652,29697915.746379357,31069695.58695398
simplejson_4_0_0,a26ed190dff94ba5bc217ad943c82efed3e0fb71,memory_peak,3,6500.0,0.0,6500.0,6500.0
simplejson_3_20_2,6191f9f2d61f0a1ee3a3d6891d039605b284cf28,runtime_ns,3,33678333.0,48984.665120831436,33556648.346075885,33800017.653924115
simplejson_3_20_2,6191f9f2d61f0a1ee3a3d6891d039605b284cf28,memory_peak,3,6594.0,0.0,6594.0,6594.0
simplejson_4_0_0,6191f9f2d61f0a1ee3a3d6891d039605b284cf28,runtime_ns,3,32516417.0,220404.79268609383,31968901.14263796,33063932.85736204
simplejson_4_0_0,6191f9f2d61f0a1ee3a3d6891d039605b284cf28,memory_peak,3,6598.0,0.0,6598.0,6598.0
simplejson_3_20_2,9c09cbfc5794bbea559a5bb96fd5f205f8884812,runtime_ns,3,34374736.333333336,280567.1743528336,33677768.83484423,35071703.83182244
simplejson_3_20_2,9c09cbfc5794bbea559a5bb96fd5f205f8884812,memory_peak,3,6606.0,0.0,6606.0,6606.0
simplejson_4_0_0,9c09cbfc5794bbea559a5bb96fd5f205f8884812,runtime_ns,3,32730069.333333332,24730.634774168928,32668635.030855294,32791503.63581137
simplejson_4_0_0,9c09cbfc5794bbea559a5bb96fd5f205f8884812,memory_peak,3,6610.0,0.0,6610.0,6610.0
