function_name,input_id,memory_after,runtime_ns,memory_peak,count_ws,count_wschar,count_root_scalar,count_float_number,count_int_sig,count_DIGIT,count_digit1_9,count_zero,count_int_frac,count_exp_opt,count_exp,count_minus,count_exp_zeros,count_minus_opt,count_integer_number,count_int_upto15,count_int_16,count_false,count_null,count_true,count_string,count_char_2,count_char_3,count_unescaped_nonascii,count_unescaped_utf8_3,count_unescaped_utf8_2,count_unescaped_utf8_4,count_escaped,count_u_escape,count_hex_low_surrogate_fffe,count_hex_bmp,count_hex_high_surrogate,count_hex_high_surrogate_not3f,count_hex_low_surrogate,count_unescaped_ascii_other,count_unescaped_alnum,count_object,count_end_object,count_more_member,count_value_separator,count_value,count_begin_object,count_end_array,count_more_value,count_begin_array,depth,num_pairs,num_arrays,num_numbers,total_string_len
orjson_3_11_5,b6589fc6ab0dc82cf12099d1c2d40ab994e8410c,0,175777.66666666666,4168.0,6,4,1,0,0,0,0,1,0,0,0,0,0,1,1,0,0,0,0,0,0,0,0,0,0,0,0,0,0,0,0,0,0,0,0,0,0,0,0,0,0,0,0,0,0,0,0,0,1,0
orjson_3_11_6,b6589fc6ab0dc82cf12099d1c2d40ab994e8410c,0,178305.33333333334,4168.0,6,4,1,0,0,0,0,1,0,0,0,0,0,1,1,0,0,0,0,0,0,0,0,0,0,0,0,0,0,0,0,0,0,0,0,0,0,0,0,0,0,0,0,0,0,0,0,0,1,0
orjson_3_11_7,b6589fc6ab0dc82cf12099d1c2d40ab994e8410c,0,177236.0,4168.0,6,4,1,0,0,0,0,1,0,0,0,0,0,1,1,0,0,0,0,0,0,0,0,0,0,0,0,0,0,0,0,0,0,0,0,0,0,0,0,0,0,0,0,0,0,0,0,0,1,0
orjson_3_11_8,b6589fc6ab0dc82cf12099d1c2d40ab994e8410c,0,174472.0,4168.0,6,4,1,0,0,0,0,1,0,0,0,0,0,1,1,0,0,0,0,0,0,0,0,0,0,0,0,0,0,0,0,0,0,0,0,0,0,0,0,0,0,0,0,0,0,0,0,0,1,0
orjson_3_11_9,b6589fc6ab0dc82cf12099d1c2d40ab994e8410c,0,180343.5,4168.0,6,4,1,0,0,0,0,1,0,0,0,0,0,1,1,0,0,0,0,0,0,0,0,0,0,0,0,0,0,0,0,0,0,0,0,0,0,0,0,0,0,0,0,0,0,0,0,0,1,0
orjson_3_12_0,b6589fc6ab0dc82cf12099d1c2d40ab994e8410c,0,173333.33333333334,4168.0,6,4,1,0,0,0,0,1,0,0,0,0,0,1,1,0,0,0,0,0,0,0,0,0,0,0,0,0,0,0,0,0,0,0,0,0,0,0,0,0,0,0,0,0,0,0,0,0,1,0
orjson_3_11_5,bf21a9e8fbc5a3846fb05b4fa0859e0917b2202f,0,221750.0,4168.0,4,1,0,0,0,0,0,0,0,0,0,0,0,0,0,0,0,0,0,0,0,0,0,0,0,0,0,0,0,0,0,0,0,0,0,0,1,0,0,0,0,0,0,0,0,1,0,0,0,0
orjson_3_11_6,bf21a9e8fbc5a3846fb05b4fa0859e0917b2202f,0,214791.66666666666,4168.0,4,1,0,0,0,0,0,0,0,0,0,0,0,0,0,0,0,0,0,0,0,0,0,0,0,0,0,0,0,0,0,0,0,0,0,0,1,0,0,0,0,0,0,0,0,1,0,0,0,0
orjson_3_11_7,bf21a9e8fbc5a3846fb05b4fa0859e0917b2202f,0,211653.0,4168.0,4,1,0,0,0,0,0,0,0,0,0,0,0,0,0,0,0,0,0,0,0,0,0,0,0,0,0,0,0,0,0,0,0,0,0,0,1,0,0,0,0,0,0,0,0,1,0,0,0,0
orjson_3_11_8,bf21a9e8fbc5a3846fb05b4fa0859e0917b2202f,0,219083.25,4168.0,4,1,0,0,0,0,0,0,0,0,0,0,0,0,0,0,0,0,0,0,0,0,0,0,0,0,0,0,0,0,0,0,0,0,0,0,1,0,0,0,0,0,0,0,0,1,0,0,0,0
orjson_3_11_9,bf21a9e8fbc5a3846fb05b4fa0859e0917b2202f,0,213805.66666666666,4168.0,4,1,0,0,0,0,0,0,0,0,0,0,0,0,0,0,0,0,0,0,0,0,0,0,0,0,0,0,0,0,0,0,0,0,0,0,1,0,0,0,0,0,0,0,0,1,0,0,0,0
orjson_3_12_0,bf21a9e8fbc5a3846fb05b4fa0859e0917b2202f,0,226124.66666666666,4168.0,4,1,0,0,0,0,0,0,0,0,0,0,0,0,0,0,0,0,0,0,0,0,0,0,0,0,0,0,0,0,0,0,0,0,0,0,1,0,0,0,0,0,0,0,0,1,0,0,0,0
orjson_3_11_5,9e9e7b647d38b9d254fea233562c1b4b6ad7a349,0,376111.3333333333,4168.0,17,10,0,0,0,0,0,0,0,0,0,0,0,0,0,0,0,0,0,0,1,4,3,1,0,1,0,2,0,0,0,0,0,0,1,2,2,1,0,0,1,1,0,0,0,2,1,0,0,6
orjson_3_11_6,9e9e7b647d38b9d254fea233562c1b4b6ad7a349,0,371722.3333333333,4168.0,17,10,0,0,0,0,0,0,0,0,0,0,0,0,0,0,0,0,0,0,1,4,3,1,0,1,0,2,0,0,0,0,0,0,1,2,2,1,0,0,1,1,0,0,0,2,1,0,0,6
orjson_3_11_7,9e9e7b647d38b9d254fea233562c1b4b6ad7a349,0,380014.0,4168.0,17,10,0,0,0,0,0,0,0,0,0,0,0,0,0,0,0,0,0,0,1,4,3,1,0,1,0,2,0,0,0,0,0,0,1,2,2,1,0,0,1,1,0,0,0,2,1,0,0,6
orjson_3_11_8,9e9e7b647d38b9d254fea233562c1b4b6ad7a349,0,374250.0,4168.0,17,10,0,0,0,0,0,0,0,0,0,0,0,0,0,0,0,0,0,0,1,4,3,1,0,1,0,2,0,0,0,0,0,0,1,2,2,1,0,0,1,1,0,0,0,2,1,0,0,6
orjson_3_11_9,9e9e7b647d38b9d254fea233562c1b4b6ad7a349,0,371903.0,4168.0,17,10,0,0,0,0,0,0,0,0,0,0,0,0,0,0,0,0,0,0,1,4,3,1,0,1,0,2,0,0,0,0,0,0,1,2,2,1,0,0,1,1,0,0,0,2,1,0,0,6
orjson_3_12_0,9e9e7b647d38b9d254fea233562c1b4b6ad7a349,0,380222.0,4168.0,17,10,0,0,0,0,0,0,0,0,0,0,0,0,0,0,0,0,0,0,1,4,3,1,0,1,0,2,0,0,0,0,0,0,1,2,2,1,0,0,1,1,0,0,0,2,1,0,0,6
orjson_3_11_5,a2d86080428e502f633a76397f260b5e00622302,0,3244708.6666666665,9536.0,43,24,0,0,0,0,0,0,0,0,0,0,0,0,0,0,0,0,0,2,4,151,67,23,5,9,9,44,5,2,1,2,2,2,84,143,2,2,2,2,4,2,0,0,0,3,4,1,0,294
orjson_3_11_6,a2d86080428e502f633a76397f260b5e00622302,0,3251750.3333333335,9536.0,43,24,0,0,0,0,0,0,0,0,0,0,0,0,0,0,0,0,0,2,4,151,67,23,5,9,9,44,5,2,1,2,2,2,84,143,2,2,2,2,4,2,0,0,0,3,4,1,0,294
orjson_3_11_7,a2d86080428e502f633a76397f260b5e00622302,0,3253708.6666666665,9536.0,43,24,0,0,0,0,0,0,0,0,0,0,0,0,0,0,0,0,0,2,4,151,67,23,5,9,9,44,5,2,1,2,2,2,84,143,2,2,2,2,4,2,0,0,0,3,4,1,0,294
orjson_3_11_8,a2d86080428e502f633a76397f260b5e00622302,0,3259333.3333333335,9536.0,43,24,0,0,0,0,0,0,0,0,0,0,0,0,0,0,0,0,0,2,4,151,67,23,5,9,9,44,5,2,1,2,2,2,84,143,2,2,2,2,4,2,0,0,0,3,4,1,0,294
orjson_3_11_9,a2d86080428e502f633a76397f260b5e00622302,0,3140472.0,9536.0,43,24,0,0,0,0,0,0,0,0,0,0,0,0,0,0,0,0,0,2,4,151,67,23,5,9,9,44,5,2,1,2,2,2,84,143,2,2,2,2,4,2,0,0,0,3,4,1,0,294
orjson_3_12_0,a2d86080428e502f633a76397f260b5e00622302,0,3130805.3333333335,9536.0,43,24,0,0,0,0,0,0,0,0,0,0,0,0,0,0,0,0,0,2,4,151,67,23,5,9,9,44,5,2,1,2,2,2,84,143,2,2,2,2,4,2,0,0,0,3,4,1,0,294
orjson_3_11_5,b150a0318411cdec741be9c11fd3238b39103f5b,0,475972.3333333333,4215.0,25,15,0,0,0,0,0,0,0,0,0,0,0,0,0,0,0,0,1,0,3,9,2,1,0,0,1,1,0,0,0,0,0,0,7,6,1,1,1,1,2,1,0,0,0,1,2,0,0,15
orjson_3_11_6,b150a0318411cdec741be9c11fd3238b39103f5b,0,479916.6666666667,4215.0,25,15,0,0,0,0,0,0,0,0,0,0,0,0,0,0,0,0,1,0,3,9,2,1,0,0,1,1,0,0,0,0,0,0,7,6,1,1,1,1,2,1,0,0,0,1,2,0,0,15
orjson_3_11_7,b150a0318411cdec741be9c11fd3238b39103f5b,0,477430.6666666667,4215.0,25,15,0,0,0,0,0,0,0,0,0,0,0,0,0,0,0,0,1,0,3,9,2,1,0,0,1,1,0,0,0,0,0,0,7,6,1,1,1,1,2,1,0,0,0,1,2,0,0,15
orjson_3_11_8,b150a0318411cdec741be9c11fd3238b39103f5b,0,479847.3333333333,4215.0,25,15,0,0,0,0,0,0,0,0,0,0,0,0,0,0,0,0,1,0,3,9,2,1,0,0,1,1,0,0,0,0,0,0,7,6,1,1,1,1,2,1,0,0,0,1,2,0,0,15
orjson_3_11_9,b150a0318411cdec741be9c11fd3238b39103f5b,0,469180.6666666667,4215.0,25,15,0,0,0,0,0,0,0,0,0,0,0,0,0,0,0,0,1,0,3,9,2,1,0,0,1,1,0,0,0,0,0,0,7,6,1,1,1,1,2,1,0,0,0,1,2,0,0,15
orjson_3_12_0,b150a0318411cdec741be9c11fd3238b39103f5b,0,481041.6666666667,4215.0,25,15,0,0,0,0,0,0,0,0,0,0,0,0,0,0,0,0,1,0,3,9,2,1,0,0,1,1,0,0,0,0,0,0,7,6,1,1,1,1,2,1,0,0,0,1,2,0,0,15
orjson_3_11_5,9d91f6757a18361e4576ef9ceaacaa4045e3b5f9,0,602486.3333333334,4168.0,25,15,0,2,2,14,1,1,0,0,2,2,2,2,0,0,0,0,0,0,2,27,12,5,2,1,2,7,1,0,0,1,0,1,15,23,1,1,1,1,2,1,0,0,0,1,2,0,2,50
orjson_3_11_6,9d91f6757a18361e4576ef9ceaacaa4045e3b5f9,0,596833.3333333334,4168.0,25,15,0,2,2,14,1,1,0,0,2,2,2,2,0,0,0,0,0,0,2,27,12,5,2,1,2,7,1,0,0,1,0,1,15,23,1,1,1,1,2,1,0,0,0,1,2,0,2,50
orjson_3_11_7,9d91f6757a18361e4576ef9ceaacaa4045e3b5f9,0,600555.6666666666,4168.0,25,15,0,2,2,14,1,1,0,0,2,2,2,2,0,0,0,0,0,0,2,27,12,5,2,1,2,7,1,0,0,1,0,1,15,23,1,1,1,1,2,1,0,0,0,1,2,0,2,50
orjson_3_11_8,9d91f6757a18361e4576ef9ceaacaa4045e3b5f9,0,608236.0,4168.0,25,15,0,2,2,14,1,1,0,0,2,2,2,2,0,0,0,0,0,0,2,27,12,5,2,1,2,7,1,0,0,1,0,1,15,23,1,1,1,1,2,1,0,0,0,1,2,0,2,50
orjson_3_11_9,9d91f6757a18361e4576ef9ceaacaa4045e3b5f9,0,601611.0,4168.0,25,15,0,2,2,14,1,1,0,0,2,2,2,2,0,0,0,0,0,0,2,27,12,5,2,1,2,7,1,0,0,1,0,1,15,23,1,1,1,1,2,1,0,0,0,1,2,0,2,50
orjson_3_12_0,9d91f6757a18361e4576ef9ceaacaa4045e3b5f9,0,612229.0,4168.0,25,15,0,2,2,14,1,1,0,0,2,2,2,2,0,0,0,0,0,0,2,27,12,5,2,1,2,7,1,0,0,1,0,1,15,23,1,1,1,1,2,1,0,0,0,1,2,0,2,50
orjson_3_11_5,0595868e0409c97fba3e9a89dd00350d11e36e81,0,8210666.666666667,23972.0,100,47,0,2,0,0,0,0,2,2,2,3,8,3,1,0,1,1,2,2,13,447,234,118,45,34,39,116,15,4,6,5,4,5,213,458,3,3,8,10,14,3,1,2,1,4,11,2,3,905
orjson_3_11_6,0595868e0409c97fba3e9a89dd00350d11e36e81,0,8209694.666666667,23972.0,100,47,0,2,0,0,0,0,2,2,2,3,8,3,1,0,1,1,2,2,13,447,234,118,45,34,39,116,15,4,6,5,4,5,213,458,3,3,8,10,14,3,1,2,1,4,11,2,3,905
orjson_3_11_7,0595868e0409c97fba3e9a89dd00350d11e36e81,0,8153777.666666667,23972.0,100,47,0,2,0,0,0,0,2,2,2,3,8,3,1,0,1,1,2,2,13,447,234,118,45,34,39,116,15,4,6,5,4,5,213,458,3,3,8,10,14,3,1,2,1,4,11,2,3,905
orjson_3_11_8,0595868e0409c97fba3e9a89dd00350d11e36e81,0,8192153.0,23972.0,100,47,0,2,0,0,0,0,2,2,2,3,8,3,1,0,1,1,2,2,13,447,234,118,45,34,39,116,15,4,6,5,4,5,213,458,3,3,8,10,14,3,1,2,1,4,11,2,3,905
orjson_3_11_9,0595868e0409c97fba3e9a89dd00350d11e36e81,0,7827889.0,23972.0,100,47,0,2,0,0,0,0,2,2,2,3,8,3,1,0,1,1,2,2,13,447,234,118,45,34,39,116,15,4,6,5,4,5,213,458,3,3,8,10,14,3,1,2,1,4,11,2,3,905
orjson_3_12_0,0595868e0409c97fba3e9a89dd00350d11e36e81,0,7792722.0,23972.0,100,47,0,2,0,0,0,0,2,2,2,3,8,3,1,0,1,1,2,2,13,447,234,118,45,34,39,116,15,4,6,5,4,5,213,458,3,3,8,10,14,3,1,2,1,4,11,2,3,905
orjson_3_11_5,5ce2dd0159417b08054dbbeeb58b82576cd04cfd,0,616680.6666666666,4242.0,30,16,0,0,0,0,0,0,0,0,0,0,0,0,0,0,0,2,0,0,4,16,5,4,2,2,0,1,0,0,0,0,0,0,11,11,1,1,2,2,3,1,0,0,0,1,3,0,0,27
orjson_3_11_6,5ce2dd0159417b08054dbbeeb58b82576cd04cfd,0,604000.0,4242.0,30,16,0,0,0,0,0,0,0,0,0,0,0,0,0,0,0,2,0,0,4,16,5,4,2,2,0,1,0,0,0,0,0,0,11,11,1,1,2,2,3,1,0,0,0,1,3,0,0,27
orjson_3_11_7,5ce2dd0159417b08054dbbeeb58b82576cd04cfd,0,597860.6666666666,4242.0,30,16,0,0,0,0,0,0,0,0,0,0,0,0,0,0,0,2,0,0,4,16,5,4,2,2,0,1,0,0,0,0,0,0,11,11,1,1,2,2,3,1,0,0,0,1,3,0,0,27
orjson_3_11_8,5ce2dd0159417b08054dbbeeb58b82576cd04cfd,0,611680.3333333334,4242.0,30,16,0,0,0,0,0,0,0,0,0,0,0,0,0,0,0,2,0,0,4,16,5,4,2,2,0,1,0,0,0,0,0,0,11,11,1,1,2,2,3,1,0,0,0,1,3,0,0,27
orjson_3_11_9,5ce2dd0159417b08054dbbeeb58b82576cd04cfd,0,606958.3333333334,4242.0,30,16,0,0,0,0,0,0,0,0,0,0,0,0,0,0,0,2,0,0,4,16,5,4,2,2,0,1,0,0,0,0,0,0,11,11,1,1,2,2,3,1,0,0,0,1,3,0,0,27
orjson_3_12_0,5ce2dd0159417b08054dbbeeb58b82576cd04cfd,0,602021.0,4242.0,30,16,0,0,0,0,0,0,0,0,0,0,0,0,0,0,0,2,0,0,4,16,5,4,2,2,0,1,0,0,0,0,0,0,11,11,1,1,2,2,3,1,0,0,0,1,3,0,0,27
orjson_3_11_5,a1e67e08ac365e1653e2b4f9a070136167dd3e91,0,2052166.6666666667,4996.0,27,13,0,0,0,0,0,1,0,0,0,0,0,1,1,0,0,0,1,1,3,90,46,25,7,12,6,21,3,3,0,0,3,0,44,94,1,1,2,2,3,1,0,0,0,1,3,0,1,184
orjson_3_11_6,a1e67e08ac365e1653e2b4f9a070136167dd3e91,0,2061583.6666666667,4996.0,27,13,0,0,0,0,0,1,0,0,0,0,0,1,1,0,0,0,1,1,3,90,46,25,7,12,6,21,3,3,0,0,3,0,44,94,1,1,2,2,3,1,0,0,0,1,3,0,1,184
orjson_3_11_7,a1e67e08ac365e1653e2b4f9a070136167dd3e91,0,2076194.3333333333,4996.0,27,13,0,0,0,0,0,1,0,0,0,0,0,1,1,0,0,0,1,1,3,90,46,25,7,12,6,21,3,3,0,0,3,0,44,94,1,1,2,2,3,1,0,0,0,1,3,0,1,184
orjson_3_11_8,a1e67e08ac365e1653e2b4f9a070136167dd3e91,0,2084763.6666666667,4996.0,27,13,0,0,0,0,0,1,0,0,0,0,0,1,1,0,0,0,1,1,3,90,46,25,7,12,6,21,3,3,0,0,3,0,44,94,1,1,2,2,3,1,0,0,0,1,3,0,1,184
orjson_3_11_9,a1e67e08ac365e1653e2b4f9a070136167dd3e91,0,1936639.0,4996.0,27,13,0,0,0,0,0,1,0,0,0,0,0,1,1,0,0,0,1,1,3,90,46,25,7,12,6,21,3,3,0,0,3,0,44,94,1,1,2,2,3,1,0,0,0,1,3,0,1,184
orjson_3_12_0,a1e67e08ac365e1653e2b4f9a070136167dd3e91,0,1948694.6666666667,4996.0,27,13,0,0,0,0,0,1,0,0,0,0,0,1,1,0,0,0,1,1,3,90,46,25,7,12,6,21,3,3,0,0,3,0,44,94,1,1,2,2,3,1,0,0,0,1,3,0,1,184
orjson_3_11_5,9556137c9c2f6b0eb877687ffec77d3274ec0374,0,10327472.0,24912.0,141,54,0,3,2,10,1,2,1,1,2,3,5,4,1,1,0,1,5,1,18,425,206,103,34,37,32,103,14,4,5,5,4,5,219,419,3,3,15,17,21,3,1,2,1,5,18,8,4,844
orjson_3_11_6,9556137c9c2f6b0eb877687ffec77d3274ec0374,0,10295541.666666666,24912.0,141,54,0,3,2,10,1,2,1,1,2,3,5,4,1,1,0,1,5,1,18,425,206,103,34,37,32,103,14,4,5,5,4,5,219,419,3,3,15,17,21,3,1,2,1,5,18,8,4,844
orjson_3_11_7,9556137c9c2f6b0eb877687ffec77d3274ec0374,0,10532719.0,24912.0,141,54,0,3,2,10,1,2,1,1,2,3,5,4,1,1,0,1,5,1,18,425,206,103,34,37,32,103,14,4,5,5,4,5,219,419,3,3,15,17,21,3,1,2,1,5,18,8,4,844
orjson_3_11_8,9556137c9c2f6b0eb877687ffec77d3274ec0374,0,10477833.666666666,24912.0,141,54,0,3,2,10,1,2,1,1,2,3,5,4,1,1,0,1,5,1,18,425,206,103,34,37,32,103,14,4,5,5,4,5,219,419,3,3,15,17,21,3,1,2,1,5,18,8,4,844
orjson_3_11_9,9556137c9c2f6b0eb877687ffec77d3274ec0374,0,9953222.0,24912.0,141,54,0,3,2,10,1,2,1,1,2,3,5,4,1,1,0,1,5,1,18,425,206,103,34,37,32,103,14,4,5,5,4,5,219,419,3,3,15,17,21,3,1,2,1,5,18,8,4,844
orjson_3_12_0,9556137c9c2f6b0eb877687ffec77d3274ec0374,0,10050104.25,24912.0,141,54,0,3,2,10,1,2,1,1,2,3,5,4,1,1,0,1,5,1,18,425,206,103,34,37,32,103,14,4,5,5,4,5,219,419,3,3,15,17,21,3,1,2,1,5,18,8,4,844
orjson_3_11_5,e57dbf7859da0fe204b911ab323e77f4b454eabd,0,11066194.666666666,25081.0,204,75,0,0,0,0,0,1,0,0,0,1,0,2,2,0,1,4,7,4,40,393,186,96,26,32,38,90,9,3,3,3,3,3,207,388,5,5,25,27,33,5,1,2,1,6,30,2,2,781
orjson_3_11_6,e57dbf7859da0fe204b911ab323e77f4b454eabd,0,11120278.0,25081.0,204,75,0,0,0,0,0,1,0,0,0,1,0,2,2,0,1,4,7,4,40,393,186,96,26,32,38,90,9,3,3,3,3,3,207,388,5,5,25,27,33,5,1,2,1,6,30,2,2,781
orjson_3_11_7,e57dbf7859da0fe204b911ab323e77f4b454eabd,0,11049152.666666666,25081.0,204,75,0,0,0,0,0,1,0,0,0,1,0,2,2,0,1,4,7,4,40,393,186,96,26,32,38,90,9,3,3,3,3,3,207,388,5,5,25,27,33,5,1,2,1,6,30,2,2,781
orjson_3_11_8,e57dbf7859da0fe204b911ab323e77f4b454eabd,0,11005749.666666666,25081.0,204,75,0,0,0,0,0,1,0,0,0,1,0,2,2,0,1,4,7,4,40,393,186,96,26,32,38,90,9,3,3,3,3,3,207,388,5,5,25,27,33,5,1,2,1,6,30,2,2,781
orjson_3_11_9,e57dbf7859da0fe204b911ab323e77f4b454eabd,0,10752097.333333334,25081.0,204,75,0,0,0,0,0,1,0,0,0,1,0,2,2,0,1,4,7,4,40,393,186,96,26,32,38,90,9,3,3,3,3,3,207,388,5,5,25,27,33,5,1,2,1,6,30,2,2,781
orjson_3_12_0,e57dbf7859da0fe204b911ab323e77f4b454eabd,0,10703722.0,25081.0,204,75,0,0,0,0,0,1,0,0,0,1,0,2,2,0,1,4,7,4,40,393,186,96,26,32,38,90,9,3,3,3,3,3,207,388,5,5,25,27,33,5,1,2,1,6,30,2,2,781
orjson_3_11_5,382551e3ffd1d4a0da3430f7f301f75fe73c56de,0,9737305.0,24727.0,112,46,0,3,1,2,1,1,2,2,1,3,1,4,1,1,0,0,4,1,16,437,225,109,32,40,37,116,8,2,3,3,2,3,212,459,2,2,13,13,15,2,0,0,0,3,15,4,4,896
orjson_3_11_6,382551e3ffd1d4a0da3430f7f301f75fe73c56de,0,9791694.333333334,24727.0,112,46,0,3,1,2,1,1,2,2,1,3,1,4,1,1,0,0,4,1,16,437,225,109,32,40,37,116,8,2,3,3,2,3,212,459,2,2,13,13,15,2,0,0,0,3,15,4,4,896
orjson_3_11_7,382551e3ffd1d4a0da3430f7f301f75fe73c56de,0,9820041.333333334,24727.0,112,46,0,3,1,2,1,1,2,2,1,3,1,4,1,1,0,0,4,1,16,437,225,109,32,40,37,116,8,2,3,3,2,3,212,459,2,2,13,13,15,2,0,0,0,3,15,4,4,896
orjson_3_11_8,382551e3ffd1d4a0da3430f7f301f75fe73c56de,0,9819111.333333334,24727.0,112,46,0,3,1,2,1,1,2,2,1,3,1,4,1,1,0,0,4,1,16,437,225,109,32,40,37,116,8,2,3,3,2,3,212,459,2,2,13,13,15,2,0,0,0,3,15,4,4,896
orjson_3_11_9,382551e3ffd1d4a0da3430f7f301f75fe73c56de,0,9407722.333333334,24727.0,112,46,0,3,1,2,1,1,2,2,1,3,1,4,1,1,0,0,4,1,16,437,225,109,32,40,37,116,8,2,3,3,2,3,212,459,2,2,13,13,15,2,0,0,0,3,15,4,4,896
orjson_3_12_0,382551e3ffd1d4a0da3430f7f301f75fe73c56de,0,9463292.0,24727.0,112,46,0,3,1,2,1,1,2,2,1,3,1,4,1,1,0,0,4,1,16,437,225,109,32,40,37,116,8,2,3,3,2,3,212,459,2,2,13,13,15,2,0,0,0,3,15,4,4,896
orjson_3_11_5,9763f57dbd013905966075adf24855e0387c47f5,0,10207236.0,25257.0,203,50,0,2,1,6,1,0,1,1,1,1,1,4,2,0,2,3,10,6,40,372,182,81,20,25,36,101,7,3,2,2,3,2,190,406,3,3,33,33,36,3,0,0,0,4,36,7,4,778
orjson_3_11_6,9763f57dbd013905966075adf24855e0387c47f5,0,10142917.0,25257.0,203,50,0,2,1,6,1,0,1,1,1,1,1,4,2,0,2,3,10,6,40,372,182,81,20,25,36,101,7,3,2,2,3,2,190,406,3,3,33,33,36,3,0,0,0,4,36,7,4,778
orjson_3_11_7,9763f57dbd013905966075adf24855e0387c47f5,0,10223625.0,25257.0,203,50,0,2,1,6,1,0,1,1,1,1,1,4,2,0,2,3,10,6,40,372,182,81,20,25,36,101,7,3,2,2,3,2,190,406,3,3,33,33,36,3,0,0,0,4,36,7,4,778
orjson_3_11_8,9763f57dbd013905966075adf24855e0387c47f5,0,10321653.0,25257.0,203,50,0,2,1,6,1,0,1,1,1,1,1,4,2,0,2,3,10,6,40,372,182,81,20,25,36,101,7,3,2,2,3,2,190,406,3,3,33,33,36,3,0,0,0,4,36,7,4,778
orjson_3_11_9,9763f57dbd013905966075adf24855e0387c47f5,0,9919667.0,25257.0,203,50,0,2,1,6,1,0,1,1,1,1,1,4,2,0,2,3,10,6,40,372,182,81,20,25,36,101,7,3,2,2,3,2,190,406,3,3,33,33,36,3,0,0,0,4,36,7,4,778
orjson_3_12_0,9763f57dbd013905966075adf24855e0387c47f5,0,9951000.666666666,25257.0,203,50,0,2,1,6,1,0,1,1,1,1,1,4,2,0,2,3,10,6,40,372,182,81,20,25,36,101,7,3,2,2,3,2,190,406,3,3,33,33,36,3,0,0,0,4,36,7,4,778
orjson_3_11_5,e7b41ccc3c5f29964baa144203fc864ddee9ed2a,0,10474652.666666666,25319.0,147,47,0,1,1,1,1,2,0,0,1,3,2,4,3,1,1,4,7,2,28,436,212,111,40,39,32,101,11,3,5,3,3,3,224,389,2,2,22,22,24,2,0,0,0,3,24,2,4,825
orjson_3_11_6,e7b41ccc3c5f29964baa144203fc864ddee9ed2a,0,10423305.666666666,25319.0,147,47,0,1,1,1,1,2,0,0,1,3,2,4,3,1,1,4,7,2,28,436,212,111,40,39,32,101,11,3,5,3,3,3,224,389,2,2,22,22,24,2,0,0,0,3,24,2,4,825
orjson_3_11_7,e7b41ccc3c5f29964baa144203fc864ddee9ed2a,0,10415847.0,25319.0,147,47,0,1,1,1,1,2,0,0,1,3,2,4,3,1,1,4,7,2,28,436,212,111,40,39,32,101,11,3,5,3,3,3,224,389,2,2,22,22,24,2,0,0,0,3,24,2,4,825
orjson_3_11_8,e7b41ccc3c5f29964baa144203fc864ddee9ed2a,0,10391291.333333334,25319.0,147,47,0,1,1,1,1,2,0,0,1,3,2,4,3,1,1,4,7,2,28,436,212,111,40,39,32,101,11,3,5,3,3,3,224,389,2,2,22,22,24,2,0,0,0,3,24,2,4,825
orjson_3_11_9,e7b41ccc3c5f29964baa144203fc864ddee9ed2a,0,10017764.0,25319.0,147,47,0,1,1,1,1,2,0,0,1,3,2,4,3,1,1,4,7,2,28,436,212,111,40,39,32,101,11,3,5,3,3,3,224,389,2,2,22,22,24,2,0,0,0,3,24,2,4,825
orjson_3_12_0,e7b41ccc3c5f29964baa144203fc864ddee9ed2a,0,10026041.666666666,25319.0,147,47,0,1,1,1,1,2,0,0,1,3,2,4,3,1,1,4,7,2,28,436,212,111,40,39,32,101,11,3,5,3,3,3,224,389,2,2,22,22,24,2,0,0,0,3,24,2,4,825
orjson_3_11_5,ee1b676d97409224ee40d4c0277b3515fd9243b8,0,9292152.333333334,25012.0,146,42,0,1,0,0,0,0,1,1,0,1,0,1,0,0,0,3,5,3,29,406,214,102,30,43,29,112,8,3,3,2,3,2,192,445,2,2,22,22,24,2,0,0,0,3,24,6,1,851
orjson_3_11_6,ee1b676d97409224ee40d4c0277b3515fd9243b8,0,9255235.666666666,25012.0,146,42,0,1,0,0,0,0,1,1,0,1,0,1,0,0,0,3,5,3,29,406,214,102,30,43,29,112,8,3,3,2,3,2,192,445,2,2,22,22,24,2,0,0,0,3,24,6,1,851
orjson_3_11_7,ee1b676d97409224ee40d4c0277b3515fd9243b8,0,9351820.0,25012.0,146,42,0,1,0,0,0,0,1,1,0,1,0,1,0,0,0,3,5,3,29,406,214,102,30,43,29,112,8,3,3,2,3,2,192,445,2,2,22,22,24,2,0,0,0,3,24,6,1,851
orjson_3_11_8,ee1b676d97409224ee40d4c0277b3515fd9243b8,0,9339749.666666666,25012.0,146,42,0,1,0,0,0,0,1,1,0,1,0,1,0,0,0,3,5,3,29,406,214,102,30,43,29,112,8,3,3,2,3,2,192,445,2,2,22,22,24,2,0,0,0,3,24,6,1,851
orjson_3_11_9,ee1b676d97409224ee40d4c0277b3515fd9243b8,0,8979250.333333334,25012.0,146,42,0,1,0,0,0,0,1,1,0,1,0,1,0,0,0,3,5,3,29,406,214,102,30,43,29,112,8,3,3,2,3,2,192,445,2,2,22,22,24,2,0,0,0,3,24,6,1,851
orjson_3_12_0,ee1b676d97409224ee40d4c0277b3515fd9243b8,0,8984903.0,25012.0,146,42,0,1,0,0,0,0,1,1,0,1,0,1,0,0,0,3,5,3,29,406,214,102,30,43,29,112,8,3,3,2,3,2,192,445,2,2,22,22,24,2,0,0,0,3,24,6,1,851
orjson_3_11_5,483f9b71a8e1076e37e43daca0c21b0a8d5fded1,0,222944.66666666666,4168.0,11,8,0,0,0,0,0,0,0,0,0,0,0,0,0,0,0,0,0,0,0,0,0,0,0,0,0,0,0,0,0,0,0,0,0,0,1,0,0,0,0,0,0,0,0,1,0,0,0,0
orjson_3_11_6,483f9b71a8e1076e37e43daca0c21b0a8d5fded1,0,223014.0,4168.0,11,8,0,0,0,0,0,0,0,0,0,0,0,0,0,0,0,0,0,0,0,0,0,0,0,0,0,0,0,0,0,0,0,0,0,0,1,0,0,0,0,0,0,0,0,1,0,0,0,0
orjson_3_11_7,483f9b71a8e1076e37e43daca0c21b0a8d5fded1,0,222680.33333333334,4168.0,11,8,0,0,0,0,0,0,0,0,0,0,0,0,0,0,0,0,0,0,0,0,0,0,0,0,0,0,0,0,0,0,0,0,0,0,1,0,0,0,0,0,0,0,0,1,0,0,0,0
orjson_3_11_8,483f9b71a8e1076e37e43daca0c21b0a8d5fded1,0,223718.5,4168.0,11,8,0,0,0,0,0,0,0,0,0,0,0,0,0,0,0,0,0,0,0,0,0,0,0,0,0,0,0,0,0,0,0,0,0,0,1,0,0,0,0,0,0,0,0,1,0,0,0,0
orjson_3_11_9,483f9b71a8e1076e37e43daca0c21b0a8d5fded1,0,225986.33333333334,4168.0,11,8,0,0,0,0,0,0,0,0,0,0,0,0,0,0,0,0,0,0,0,0,0,0,0,0,0,0,0,0,0,0,0,0,0,0,1,0,0,0,0,0,0,0,0,1,0,0,0,0
orjson_3_12_0,483f9b71a8e1076e37e43daca0c21b0a8d5fded1,0,232104.25,4168.0,11,8,0,0,0,0,0,0,0,0,0,0,0,0,0,0,0,0,0,0,0,0,0,0,0,0,0,0,0,0,0,0,0,0,0,0,1,0,0,0,0,0,0,0,0,1,0,0,0,0
orjson_3_11_5,637ebbb53f79c6a478091e2cfed645e4a59b1415,0,1294930.0,4936.0,10,6,0,0,0,0,0,0,0,0,0,0,0,0,0,0,0,0,0,0,1,93,43,21,6,5,10,22,0,0,0,0,0,0,50,82,0,0,0,0,1,0,1,0,1,1,0,1,0,175
orjson_3_11_6,637ebbb53f79c6a478091e2cfed645e4a59b1415,0,1293166.6666666667,4936.0,10,6,0,0,0,0,0,0,0,0,0,0,0,0,0,0,0,0,0,0,1,93,43,21,6,5,10,22,0,0,0,0,0,0,50,82,0,0,0,0,1,0,1,0,1,1,0,1,0,175
orjson_3_11_7,637ebbb53f79c6a478091e2cfed645e4a59b1415,0,1285222.3333333333,4936.0,10,6,0,0,0,0,0,0,0,0,0,0,0,0,0,0,0,0,0,0,1,93,43,21,6,5,10,22,0,0,0,0,0,0,50,82,0,0,0,0,1,0,1,0,1,1,0,1,0,175
orjson_3_11_8,637ebbb53f79c6a478091e2cfed645e4a59b1415,0,1311346.6666666667,4936.0,10,6,0,0,0,0,0,0,0,0,0,0,0,0,0,0,0,0,0,0,1,93,43,21,6,5,10,22,0,0,0,0,0,0,50,82,0,0,0,0,1,0,1,0,1,1,0,1,0,175
orjson_3_11_9,637ebbb53f79c6a478091e2cfed645e4a59b1415,0,1254666.5,4936.0,10,6,0,0,0,0,0,0,0,0,0,0,0,0,0,0,0,0,0,0,1,93,43,21,6,5,10,22,0,0,0,0,0,0,50,82,0,0,0,0,1,0,1,0,1,1,0,1,0,175
orjson_3_12_0,637ebbb53f79c6a478091e2cfed645e4a59b1415,0,1228805.6666666667,4936.0,10,6,0,0,0,0,0,0,0,0,0,0,0,0,0,0,0,0,0,0,1,93,43,21,6,5,10,22,0,0,0,0,0,0,50,82,0,0,0,0,1,0,1,0,1,1,0,1,0,175
orjson_3_11_5,900e76465ff0730df8c5aeed16b0fc21dcda8b1b,0,256513.33333333334,4176.0,4,0,0,0,0,0,0,0,0,0,0,0,0,0,0,0,0,1,0,0,0,0,0,0,0,0,0,0,0,0,0,0,0,0,0,0,0,0,0,0,1,0,1,0,1,1,0,1,0,0
orjson_3_11_6,900e76465ff0730df8c5aeed16b0fc21dcda8b1b,0,252500.0,4176.0,4,0,0,0,0,0,0,0,0,0,0,0,0,0,0,0,0,1,0,0,0,0,0,0,0,0,0,0,0,0,0,0,0,0,0,0,0,0,0,0,1,0,1,0,1,1,0,1,0,0
orjson_3_11_7,900e76465ff0730df8c5aeed16b0fc21dcda8b1b,0,247889.0,4176.0,4,0,0,0,0,0,0,0,0,0,0,0,0,0,0,0,0,1,0,0,0,0,0,0,0,0,0,0,0,0,0,0,0,0,0,0,0,0,0,0,1,0,1,0,1,1,0,1,0,0
orjson_3_11_8,900e76465ff0730df8c5aeed16b0fc21dcda8b1b,0,255347.0,4176.0,4,0,0,0,0,0,0,0,0,0,0,0,0,0,0,0,0,1,0,0,0,0,0,0,0,0,0,0,0,0,0,0,0,0,0,0,0,0,0,0,1,0,1,0,1,1,0,1,0,0
orjson_3_11_9,900e76465ff0730df8c5aeed16b0fc21dcda8b1b,0,248500.0,4176.0,4,0,0,0,0,0,0,0,0,0,0,0,0,0,0,0,0,1,0,0,0,0,0,0,0,0,0,0,0,0,0,0,0,0,0,0,0,0,0,0,1,0,1,0,1,1,0,1,0,0
orjson_3_12_0,900e76465ff0730df8c5aeed16b0fc21dcda8b1b,0,253624.75,4176.0,4,0,0,0,0,0,0,0,0,0,0,0,0,0,0,0,0,1,0,0,0,0,0,0,0,0,0,0,0,0,0,0,0,0,0,0,0,0,0,0,1,0,1,0,1,1,0,1,0,0
orjson_3_11_5,fbc292c372b7866478b4f1c90bc95cd572306481,0,303833.6666666667,4184.0,11,5,0,1,0,0,0,0,1,1,0,0,0,1,0,0,0,0,0,1,0,0,0,0,0,0,0,0,0,0,0,0,0,0,0,0,0,0,0,1,2,0,1,1,1,1,0,1,1,0
orjson_3_11_6,fbc292c372b7866478b4f1c90bc95cd572306481,0,298486.0,4184.0,11,5,0,1,0,0,0,0,1,1,0,0,0,1,0,0,0,0,0,1,0,0,0,0,0,0,0,0,0,0,0,0,0,0,0,0,0,0,0,1,2,0,1,1,1,1,0,1,1,0
orjson_3_11_7,fbc292c372b7866478b4f1c90bc95cd572306481,0,301208.3333333333,4184.0,11,5,0,1,0,0,0,0,1,1,0,0,0,1,0,0,0,0,0,1,0,0,0,0,0,0,0,0,0,0,0,0,0,0,0,0,0,0,0,1,2,0,1,1,1,1,0,1,1,0
orjson_3_11_8,fbc292c372b7866478b4f1c90bc95cd572306481,0,308388.6666666667,4184.0,11,5,0,1,0,0,0,0,1,1,0,0,0,1,0,0,0,0,0,1,0,0,0,0,0,0,0,0,0,0,0,0,0,0,0,0,0,0,0,1,2,0,1,1,1,1,0,1,1,0
orjson_3_11_9,fbc292c372b7866478b4f1c90bc95cd572306481,0,300986.3333333333,4184.0,11,5,0,1,0,0,0,0,1,1,0,0,0,1,0,0,0,0,0,1,0,0,0,0,0,0,0,0,0,0,0,0,0,0,0,0,0,0,0,1,2,0,1,1,1,1,0,1,1,0
orjson_3_12_0,fbc292c372b7866478b4f1c90bc95cd572306481,0,307541.3333333333,4184.0,11,5,0,1,0,0,0,0,1,1,0,0,0,1,0,0,0,0,0,1,0,0,0,0,0,0,0,0,0,0,0,0,0,0,0,0,0,0,0,1,2,0,1,1,1,1,0,1,1,0
orjson_3_11_5,466b3b4584d317ff2c7e8494b8518438bcc31dc1,0,339875.0,4246.0,9,3,0,0,0,0,0,0,0,0,0,0,0,0,0,0,0,0,1,0,1,1,1,1,1,0,0,0,0,0,0,0,0,0,0,1,0,0,0,1,2,0,1,1,1,1,0,1,0,2
orjson_3_11_6,466b3b4584d317ff2c7e8494b8518438bcc31dc1,0,345444.6666666667,4246.0,9,3,0,0,0,0,0,0,0,0,0,0,0,0,0,0,0,0,1,0,1,1,1,1,1,0,0,0,0,0,0,0,0,0,0,1,0,0,0,1,2,0,1,1,1,1,0,1,0,2
orjson_3_11_7,466b3b4584d317ff2c7e8494b8518438bcc31dc1,0,341472.6666666667,4246.0,9,3,0,0,0,0,0,0,0,0,0,0,0,0,0,0,0,0,1,0,1,1,1,1,1,0,0,0,0,0,0,0,0,0,0,1,0,0,0,1,2,0,1,1,1,1,0,1,0,2
orjson_3_11_8,466b3b4584d317ff2c7e8494b8518438bcc31dc1,0,341208.3333333333,4246.0,9,3,0,0,0,0,0,0,0,0,0,0,0,0,0,0,0,0,1,0,1,1,1,1,1,0,0,0,0,0,0,0,0,0,0,1,0,0,0,1,2,0,1,1,1,1,0,1,0,2
orjson_3_11_9,466b3b4584d317ff2c7e8494b8518438bcc31dc1,0,344653.0,4246.0,9,3,0,0,0,0,0,0,0,0,0,0,0,0,0,0,0,0,1,0,1,1,1,1,1,0,0,0,0,0,0,0,0,0,0,1,0,0,0,1,2,0,1,1,1,1,0,1,0,2
orjson_3_12_0,466b3b4584d317ff2c7e8494b8518438bcc31dc1,0,353569.6666666667,4246.0,9,3,0,0,0,0,0,0,0,0,0,0,0,0,0,0,0,0,1,0,1,1,1,1,1,0,0,0,0,0,0,0,0,0,0,1,0,0,0,1,2,0,1,1,1,1,0,1,0,2
orjson_3_11_5,4dea6f32237cb59afdc270ff05be44d4fde59ef1,0,8765805.333333334,24292.0,174,93,0,2,1,0,0,2,1,1,2,3,2,3,1,0,0,4,6,1,18,418,212,101,41,28,32,111,16,3,8,5,3,5,206,400,4,1,15,18,22,1,3,3,3,3,16,3,3,818
orjson_3_11_6,4dea6f32237cb59afdc270ff05be44d4fde59ef1,0,8766861.0,24292.0,174,93,0,2,1,0,0,2,1,1,2,3,2,3,1,0,0,4,6,1,18,418,212,101,41,28,32,111,16,3,8,5,3,5,206,400,4,1,15,18,22,1,3,3,3,3,16,3,3,818
orjson_3_11_7,4dea6f32237cb59afdc270ff05be44d4fde59ef1,0,8758486.0,24292.0,174,93,0,2,1,0,0,2,1,1,2,3,2,3,1,0,0,4,6,1,18,418,212,101,41,28,32,111,16,3,8,5,3,5,206,400,4,1,15,18,22,1,3,3,3,3,16,3,3,818
orjson_3_11_8,4dea6f32237cb59afdc270ff05be44d4fde59ef1,0,8675402.666666666,24292.0,174,93,0,2,1,0,0,2,1,1,2,3,2,3,1,0,0,4,6,1,18,418,212,101,41,28,32,111,16,3,8,5,3,5,206,400,4,1,15,18,22,1,3,3,3,3,16,3,3,818
orjson_3_11_9,4dea6f32237cb59afdc270ff05be44d4fde59ef1,0,8429778.333333334,24292.0,174,93,0,2,1,0,0,2,1,1,2,3,2,3,1,0,0,4,6,1,18,418,212,101,41,28,32,111,16,3,8,5,3,5,206,400,4,1,15,18,22,1,3,3,3,3,16,3,3,818
orjson_3_12_0,4dea6f32237cb59afdc270ff05be44d4fde59ef1,0,8413375.0,24292.0,174,93,0,2,1,0,0,2,1,1,2,3,2,3,1,0,0,4,6,1,18,418,212,101,41,28,32,111,16,3,8,5,3,5,206,400,4,1,15,18,22,1,3,3,3,3,16,3,3,818
orjson_3_11_5,0bd91b24b73abfee0c15177919f3b4ddbf6eaabe,0,351014.0,4232.0,23,13,0,0,0,2,1,0,0,0,0,1,0,1,1,1,0,2,0,1,0,0,0,0,0,0,0,0,0,0,0,0,0,0,0,0,0,0,0,3,4,0,1,3,1,1,0,1,1,0
orjson_3_11_6,0bd91b24b73abfee0c15177919f3b4ddbf6eaabe,0,348500.25,4232.0,23,13,0,0,0,2,1,0,0,0,0,1,0,1,1,1,0,2,0,1,0,0,0,0,0,0,0,0,0,0,0,0,0,0,0,0,0,0,0,3,4,0,1,3,1,1,0,1,1,0
orjson_3_11_7,0bd91b24b73abfee0c15177919f3b4ddbf6eaabe,0,350666.3333333333,4232.0,23,13,0,0,0,2,1,0,0,0,0,1,0,1,1,1,0,2,0,1,0,0,0,0,0,0,0,0,0,0,0,0,0,0,0,0,0,0,0,3,4,0,1,3,1,1,0,1,1,0
orjson_3_11_8,0bd91b24b73abfee0c15177919f3b4ddbf6eaabe,0,349861.0,4232.0,23,13,0,0,0,2,1,0,0,0,0,1,0,1,1,1,0,2,0,1,0,0,0,0,0,0,0,0,0,0,0,0,0,0,0,0,0,0,0,3,4,0,1,3,1,1,0,1,1,0
orjson_3_11_9,0bd91b24b73abfee0c15177919f3b4ddbf6eaabe,0,346270.5,4232.0,23,13,0,0,0,2,1,0,0,0,0,1,0,1,1,1,0,2,0,1,0,0,0,0,0,0,0,0,0,0,0,0,0,0,0,0,0,0,0,3,4,0,1,3,1,1,0,1,1,0
orjson_3_12_0,0bd91b24b73abfee0c15177919f3b4ddbf6eaabe,0,358903.0,4232.0,23,13,0,0,0,2,1,0,0,0,0,1,0,1,1,1,0,2,0,1,0,0,0,0,0,0,0,0,0,0,0,0,0,0,0,0,0,0,0,3,4,0,1,3,1,1,0,1,1,0
orjson_3_11_5,db8dac2550f24d3123b7c9ea258d09a1238f37d6,0,1587638.6666666667,5060.0,24,15,0,0,0,0,0,0,0,0,0,0,0,0,0,0,0,1,0,0,1,106,53,33,8,16,9,20,0,0,0,0,0,0,53,96,1,0,0,2,3,0,1,2,1,2,0,1,0,202
orjson_3_11_6,db8dac2550f24d3123b7c9ea258d09a1238f37d6,0,1600944.0,5060.0,24,15,0,0,0,0,0,0,0,0,0,0,0,0,0,0,0,1,0,0,1,106,53,33,8,16,9,20,0,0,0,0,0,0,53,96,1,0,0,2,3,0,1,2,1,2,0,1,0,202
orjson_3_11_7,db8dac2550f24d3123b7c9ea258d09a1238f37d6,0,1580570.0,5060.0,24,15,0,0,0,0,0,0,0,0,0,0,0,0,0,0,0,1,0,0,1,106,53,33,8,16,9,20,0,0,0,0,0,0,53,96,1,0,0,2,3,0,1,2,1,2,0,1,0,202
orjson_3_11_8,db8dac2550f24d3123b7c9ea258d09a1238f37d6,0,1586374.6666666667,5060.0,24,15,0,0,0,0,0,0,0,0,0,0,0,0,0,0,0,1,0,0,1,106,53,33,8,16,9,20,0,0,0,0,0,0,53,96,1,0,0,2,3,0,1,2,1,2,0,1,0,202
orjson_3_11_9,db8dac2550f24d3123b7c9ea258d09a1238f37d6,0,1473948.0,5060.0,24,15,0,0,0,0,0,0,0,0,0,0,0,0,0,0,0,1,0,0,1,106,53,33,8,16,9,20,0,0,0,0,0,0,53,96,1,0,0,2,3,0,1,2,1,2,0,1,0,202
orjson_3_12_0,db8dac2550f24d3123b7c9ea258d09a1238f37d6,0,1464847.3333333333,5060.0,24,15,0,0,0,0,0,0,0,0,0,0,0,0,0,0,0,1,0,0,1,106,53,33,8,16,9,20,0,0,0,0,0,0,53,96,1,0,0,2,3,0,1,2,1,2,0,1,0,202
orjson_3_11_5,6247f760ae5c43e9dde73f1398eddafb71546909,0,423676.75,4270.0,23,13,0,0,0,0,0,1,0,0,0,1,0,1,1,0,0,1,1,0,1,5,3,1,0,1,0,2,0,0,0,0,0,0,2,1,0,0,0,3,4,0,1,3,1,1,0,1,1,6
orjson_3_11_6,6247f760ae5c43e9dde73f1398eddafb71546909,0,426930.0,4270.0,23,13,0,0,0,0,0,1,0,0,0,1,0,1,1,0,0,1,1,0,1,5,3,1,0,1,0,2,0,0,0,0,0,0,2,1,0,0,0,3,4,0,1,3,1,1,0,1,1,6
orjson_3_11_7,6247f760ae5c43e9dde73f1398eddafb71546909,0,423583.5,4270.0,23,13,0,0,0,0,0,1,0,0,0,1,0,1,1,0,0,1,1,0,1,5,3,1,0,1,0,2,0,0,0,0,0,0,2,1,0,0,0,3,4,0,1,3,1,1,0,1,1,6
orjson_3_11_8,6247f760ae5c43e9dde73f1398eddafb71546909,0,436805.6666666667,4270.0,23,13,0,0,0,0,0,1,0,0,0,1,0,1,1,0,0,1,1,0,1,5,3,1,0,1,0,2,0,0,0,0,0,0,2,1,0,0,0,3,4,0,1,3,1,1,0,1,1,6
orjson_3_11_9,6247f760ae5c43e9dde73f1398eddafb71546909,0,426736.0,4270.0,23,13,0,0,0,0,0,1,0,0,0,1,0,1,1,0,0,1,1,0,1,5,3,1,0,1,0,2,0,0,0,0,0,0,2,1,0,0,0,3,4,0,1,3,1,1,0,1,1,6
orjson_3_12_0,6247f760ae5c43e9dde73f1398eddafb71546909,0,438222.3333333333,4270.0,23,13,0,0,0,0,0,1,0,0,0,1,0,1,1,0,0,1,1,0,1,5,3,1,0,1,0,2,0,0,0,0,0,0,2,1,0,0,0,3,4,0,1,3,1,1,0,1,1,6
orjson_3_11_5,2b2dee93742898f89ce6a2eaa8e50cb9cb7a678b,0,9510680.333333334,23861.0,312,124,0,2,1,0,0,3,1,1,2,3,5,5,3,0,1,11,19,22,14,357,166,83,39,22,22,83,14,7,2,5,7,5,191,326,9,3,9,64,78,3,11,55,11,15,12,11,5,683
orjson_3_11_6,2b2dee93742898f89ce6a2eaa8e50cb9cb7a678b,0,9520208.0,23861.0,312,124,0,2,1,0,0,3,1,1,2,3,5,5,3,0,1,11,19,22,14,357,166,83,39,22,22,83,14,7,2,5,7,5,191,326,9,3,9,64,78,3,11,55,11,15,12,11,5,683
orjson_3_11_7,2b2dee93742898f89ce6a2eaa8e50cb9cb7a678b,0,9516819.333333334,23861.0,312,124,0,2,1,0,0,3,1,1,2,3,5,5,3,0,1,11,19,22,14,357,166,83,39,22,22,83,14,7,2,5,7,5,191,326,9,3,9,64,78,3,11,55,11,15,12,11,5,683
orjson_3_11_8,2b2dee93742898f89ce6a2eaa8e50cb9cb7a678b,0,9452166.333333334,23861.0,312,124,0,2,1,0,0,3,1,1,2,3,5,5,3,0,1,11,19,22,14,357,166,83,39,22,22,83,14,7,2,5,7,5,191,326,9,3,9,64,78,3,11,55,11,15,12,11,5,683
orjson_3_11_9,2b2dee93742898f89ce6a2eaa8e50cb9cb7a678b,0,9155083.333333334,23861.0,312,124,0,2,1,0,0,3,1,1,2,3,5,5,3,0,1,11,19,22,14,357,166,83,39,22,22,83,14,7,2,5,7,5,191,326,9,3,9,64,78,3,11,55,11,15,12,11,5,683
orjson_3_12_0,2b2dee93742898f89ce6a2eaa8e50cb9cb7a678b,0,9241750.333333334,23861.0,312,124,0,2,1,0,0,3,1,1,2,3,5,5,3,0,1,11,19,22,14,357,166,83,39,22,22,83,14,7,2,5,7,5,191,326,9,3,9,64,78,3,11,55,11,15,12,11,5,683
orjson_3_11_5,0d251aff9ee88ff31f491c2a2b18f3e51086efca,0,10466486.333333334,24954.0,207,91,0,2,0,10,2,0,2,2,1,1,1,4,2,2,0,8,7,5,24,453,237,112,35,30,47,125,14,5,7,2,5,2,216,420,6,4,15,30,37,4,3,15,3,7,19,3,4,873
orjson_3_11_6,0d251aff9ee88ff31f491c2a2b18f3e51086efca,0,10440528.0,24954.0,207,91,0,2,0,10,2,0,2,2,1,1,1,4,2,2,0,8,7,5,24,453,237,112,35,30,47,125,14,5,7,2,5,2,216,420,6,4,15,30,37,4,3,15,3,7,19,3,4,873
orjson_3_11_7,0d251aff9ee88ff31f491c2a2b18f3e51086efca,0,10530097.0,24954.0,207,91,0,2,0,10,2,0,2,2,1,1,1,4,2,2,0,8,7,5,24,453,237,112,35,30,47,125,14,5,7,2,5,2,216,420,6,4,15,30,37,4,3,15,3,7,19,3,4,873
orjson_3_11_8,0d251aff9ee88ff31f491c2a2b18f3e51086efca,0,10539000.333333334,24954.0,207,91,0,2,0,10,2,0,2,2,1,1,1,4,2,2,0,8,7,5,24,453,237,112,35,30,47,125,14,5,7,2,5,2,216,420,6,4,15,30,37,4,3,15,3,7,19,3,4,873
orjson_3_11_9,0d251aff9ee88ff31f491c2a2b18f3e51086efca,0,10538087.5,24954.0,207,91,0,2,0,10,2,0,2,2,1,1,1,4,2,2,0,8,7,5,24,453,237,112,35,30,47,125,14,5,7,2,5,2,216,420,6,4,15,30,37,4,3,15,3,7,19,3,4,873
orjson_3_12_0,0d251aff9ee88ff31f491c2a2b18f3e51086efca,0,10191569.666666666,24954.0,207,91,0,2,0,10,2,0,2,2,1,1,1,4,2,2,0,8,7,5,24,453,237,112,35,30,47,125,14,5,7,2,5,2,216,420,6,4,15,30,37,4,3,15,3,7,19,3,4,873
orjson_3_11_5,6fb17e03b301059c3624a31fbd4b576f94b039a1,0,10231875.0,25048.0,151,72,0,1,1,0,0,1,0,0,1,1,1,2,1,0,1,2,2,6,14,429,192,101,33,35,33,91,5,1,1,3,1,3,237,519,9,4,7,19,25,4,2,12,2,7,11,2,2,948
orjson_3_11_6,6fb17e03b301059c3624a31fbd4b576f94b039a1,0,10201319.666666666,25048.0,151,72,0,1,1,0,0,1,0,0,1,1,1,2,1,0,1,2,2,6,14,429,192,101,33,35,33,91,5,1,1,3,1,3,237,519,9,4,7,19,25,4,2,12,2,7,11,2,2,948
orjson_3_11_7,6fb17e03b301059c3624a31fbd4b576f94b039a1,0,10190194.333333334,25048.0,151,72,0,1,1,0,0,1,0,0,1,1,1,2,1,0,1,2,2,6,14,429,192,101,33,35,33,91,5,1,1,3,1,3,237,519,9,4,7,19,25,4,2,12,2,7,11,2,2,948
orjson_3_11_8,6fb17e03b301059c3624a31fbd4b576f94b039a1,0,10169458.333333334,25048.0,151,72,0,1,1,0,0,1,0,0,1,1,1,2,1,0,1,2,2,6,14,429,192,101,33,35,33,91,5,1,1,3,1,3,237,519,9,4,7,19,25,4,2,12,2,7,11,2,2,948
orjson_3_11_9,6fb17e03b301059c3624a31fbd4b576f94b039a1,0,9948874.666666666,25048.0,151,72,0,1,1,0,0,1,0,0,1,1,1,2,1,0,1,2,2,6,14,429,192,101,33,35,33,91,5,1,1,3,1,3,237,519,9,4,7,19,25,4,2,12,2,7,11,2,2,948
orjson_3_12_0,6fb17e03b301059c3624a31fbd4b576f94b039a1,0,9891291.666666666,25048.0,151,72,0,1,1,0,0,1,0,0,1,1,1,2,1,0,1,2,2,6,14,429,192,101,33,35,33,91,5,1,1,3,1,3,237,519,9,4,7,19,25,4,2,12,2,7,11,2,2,948
orjson_3_11_5,8a38947d593f07db4cad7ffecb04ec21373faa85,0,8364972.333333333,24278.0,347,135,0,10,4,35,6,3,6,6,7,7,11,16,6,5,1,20,21,15,16,271,138,63,18,17,28,75,8,2,2,4,2,4,133,315,7,1,1,91,100,1,8,90,8,9,2,8,16,586
orjson_3_11_6,8a38947d593f07db4cad7ffecb04ec21373faa85,0,8566389.0,24278.0,347,135,0,10,4,35,6,3,6,6,7,7,11,16,6,5,1,20,21,15,16,271,138,63,18,17,28,75,8,2,2,4,2,4,133,315,7,1,1,91,100,1,8,90,8,9,2,8,16,586
orjson_3_11_7,8a38947d593f07db4cad7ffecb04ec21373faa85,0,8597861.333333334,24278.0,347,135,0,10,4,35,6,3,6,6,7,7,11,16,6,5,1,20,21,15,16,271,138,63,18,17,28,75,8,2,2,4,2,4,133,315,7,1,1,91,100,1,8,90,8,9,2,8,16,586
orjson_3_11_8,8a38947d593f07db4cad7ffecb04ec21373faa85,0,8444375.0,24278.0,347,135,0,10,4,35,6,3,6,6,7,7,11,16,6,5,1,20,21,15,16,271,138,63,18,17,28,75,8,2,2,4,2,4,133,315,7,1,1,91,100,1,8,90,8,9,2,8,16,586
orjson_3_11_9,8a38947d593f07db4cad7ffecb04ec21373faa85,0,8261666.666666667,24278.0,347,135,0,10,4,35,6,3,6,6,7,7,11,16,6,5,1,20,21,15,16,271,138,63,18,17,28,75,8,2,2,4,2,4,133,315,7,1,1,91,100,1,8,90,8,9,2,8,16,586
orjson_3_12_0,8a38947d593f07db4cad7ffecb04ec21373faa85,0,8247500.0,24278.0,347,135,0,10,4,35,6,3,6,6,7,7,11,16,6,5,1,20,21,15,16,271,138,63,18,17,28,75,8,2,2,4,2,4,133,315,7,1,1,91,100,1,8,90,8,9,2,8,16,586
orjson_3_11_5,cc45f211f2168591d2604c475580c008018e3d23,0,8553805.333333334,24676.0,188,49,0,1,0,3,2,0,1,1,1,3,1,3,2,2,0,15,15,18,11,407,178,91,27,27,37,87,14,7,2,5,7,5,229,389,3,2,8,52,58,2,4,44,4,7,10,4,3,796
orjson_3_11_6,cc45f211f2168591d2604c475580c008018e3d23,0,8714777.333333334,24676.0,188,49,0,1,0,3,2,0,1,1,1,3,1,3,2,2,0,15,15,18,11,407,178,91,27,27,37,87,14,7,2,5,7,5,229,389,3,2,8,52,58,2,4,44,4,7,10,4,3,796
orjson_3_11_7,cc45f211f2168591d2604c475580c008018e3d23,0,8689166.333333334,24676.0,188,49,0,1,0,3,2,0,1,1,1,3,1,3,2,2,0,15,15,18,11,407,178,91,27,27,37,87,14,7,2,5,7,5,229,389,3,2,8,52,58,2,4,44,4,7,10,4,3,796
orjson_3_11_8,cc45f211f2168591d2604c475580c008018e3d23,0,8779722.333333334,24676.0,188,49,0,1,0,3,2,0,1,1,1,3,1,3,2,2,0,15,15,18,11,407,178,91,27,27,37,87,14,7,2,5,7,5,229,389,3,2,8,52,58,2,4,44,4,7,10,4,3,796
orjson_3_11_9,cc45f211f2168591d2604c475580c008018e3d23,0,8347750.0,24676.0,188,49,0,1,0,3,2,0,1,1,1,3,1,3,2,2,0,15,15,18,11,407,178,91,27,27,37,87,14,7,2,5,7,5,229,389,3,2,8,52,58,2,4,44,4,7,10,4,3,796
orjson_3_12_0,cc45f211f2168591d2604c475580c008018e3d23,0,8304694.666666667,24676.0,188,49,0,1,0,3,2,0,1,1,1,3,1,3,2,2,0,15,15,18,11,407,178,91,27,27,37,87,14,7,2,5,7,5,229,389,3,2,8,52,58,2,4,44,4,7,10,4,3,796
orjson_3_11_5,24560d2750beb4612149fb7bc790ae3b979a057a,0,8733236.0,24574.0,230,85,0,3,2,16,2,2,1,1,2,3,2,8,5,2,3,10,15,17,12,371,181,91,28,30,33,90,9,5,3,1,5,1,190,365,4,1,4,59,65,1,5,55,5,7,5,5,8,736
orjson_3_11_6,24560d2750beb4612149fb7bc790ae3b979a057a,0,8741763.666666666,24574.0,230,85,0,3,2,16,2,2,1,1,2,3,2,8,5,2,3,10,15,17,12,371,181,91,28,30,33,90,9,5,3,1,5,1,190,365,4,1,4,59,65,1,5,55,5,7,5,5,8,736
orjson_3_11_7,24560d2750beb4612149fb7bc790ae3b979a057a,0,8747125.0,24574.0,230,85,0,3,2,16,2,2,1,1,2,3,2,8,5,2,3,10,15,17,12,371,181,91,28,30,33,90,9,5,3,1,5,1,190,365,4,1,4,59,65,1,5,55,5,7,5,5,8,736
orjson_3_11_8,24560d2750beb4612149fb7bc790ae3b979a057a,0,8810680.666666666,24574.0,230,85,0,3,2,16,2,2,1,1,2,3,2,8,5,2,3,10,15,17,12,371,181,91,28,30,33,90,9,5,3,1,5,1,190,365,4,1,4,59,65,1,5,55,5,7,5,5,8,736
orjson_3_11_9,24560d2750beb4612149fb7bc790ae3b979a057a,0,8388597.0,24574.0,230,85,0,3,2,16,2,2,1,1,2,3,2,8,5,2,3,10,15,17,12,371,181,91,28,30,33,90,9,5,3,1,5,1,190,365,4,1,4,59,65,1,5,55,5,7,5,5,8,736
orjson_3_12_0,24560d2750beb4612149fb7bc790ae3b979a057a,0,8478305.666666666,24574.0,230,85,0,3,2,16,2,2,1,1,2,3,2,8,5,2,3,10,15,17,12,371,181,91,28,30,33,90,9,5,3,1,5,1,190,365,4,1,4,59,65,1,5,55,5,7,5,5,8,736
orjson_3_11_5,5ffe533b830f08a0326348a9160afafc8ada44db,0,172708.33333333334,4168.0,4,2,1,0,0,0,0,0,0,0,0,0,0,0,0,0,0,0,0,1,0,0,0,0,0,0,0,0,0,0,0,0,0,0,0,0,0,0,0,0,0,0,0,0,0,0,0,0,0,0
orjson_3_11_6,5ffe533b830f08a0326348a9160afafc8ada44db,0,166777.66666666666,4168.0,4,2,1,0,0,0,0,0,0,0,0,0,0,0,0,0,0,0,0,1,0,0,0,0,0,0,0,0,0,0,0,0,0,0,0,0,0,0,0,0,0,0,0,0,0,0,0,0,0,0
orjson_3_11_7,5ffe533b830f08a0326348a9160afafc8ada44db,0,168083.66666666666,4168.0,4,2,1,0,0,0,0,0,0,0,0,0,0,0,0,0,0,0,0,1,0,0,0,0,0,0,0,0,0,0,0,0,0,0,0,0,0,0,0,0,0,0,0,0,0,0,0,0,0,0
orjson_3_11_8,5ffe533b830f08a0326348a9160afafc8ada44db,0,174629.0,4168.0,4,2,1,0,0,0,0,0,0,0,0,0,0,0,0,0,0,0,0,1,0,0,0,0,0,0,0,0,0,0,0,0,0,0,0,0,0,0,0,0,0,0,0,0,0,0,0,0,0,0
orjson_3_11_9,5ffe533b830f08a0326348a9160afafc8ada44db,0,165652.33333333334,4168.0,4,2,1,0,0,0,0,0,0,0,0,0,0,0,0,0,0,0,0,1,0,0,0,0,0,0,0,0,0,0,0,0,0,0,0,0,0,0,0,0,0,0,0,0,0,0,0,0,0,0
orjson_3_12_0,5ffe533b830f08a0326348a9160afafc8ada44db,0,169027.66666666666,4168.0,4,2,1,0,0,0,0,0,0,0,0,0,0,0,0,0,0,0,0,1,0,0,0,0,0,0,0,0,0,0,0,0,0,0,0,0,0,0,0,0,0,0,0,0,0,0,0,0,0,0
orjson_3_11_5,dd29ecf524b030a65261e3059c48ab9e1ecb2585,0,168103.75,4168.0,6,4,1,0,0,0,0,0,0,0,0,0,0,0,0,0,0,0,0,0,1,0,0,0,0,0,0,0,0,0,0,0,0,0,0,0,0,0,0,0,0,0,0,0,0,0,0,0,0,0
orjson_3_11_6,dd29ecf524b030a65261e3059c48ab9e1ecb2585,0,172729.5,4168.0,6,4,1,0,0,0,0,0,0,0,0,0,0,0,0,0,0,0,0,0,1,0,0,0,0,0,0,0,0,0,0,0,0,0,0,0,0,0,0,0,0,0,0,0,0,0,0,0,0,0
orjson_3_11_7,dd29ecf524b030a65261e3059c48ab9e1ecb2585,0,168361.0,4168.0,6,4,1,0,0,0,0,0,0,0,0,0,0,0,0,0,0,0,0,0,1,0,0,0,0,0,0,0,0,0,0,0,0,0,0,0,0,0,0,0,0,0,0,0,0,0,0,0,0,0
orjson_3_11_8,dd29ecf524b030a65261e3059c48ab9e1ecb2585,0,173114.5,4168.0,6,4,1,0,0,0,0,0,0,0,0,0,0,0,0,0,0,0,0,0,1,0,0,0,0,0,0,0,0,0,0,0,0,0,0,0,0,0,0,0,0,0,0,0,0,0,0,0,0,0
orjson_3_11_9,dd29ecf524b030a65261e3059c48ab9e1ecb2585,0,172569.66666666666,4168.0,6,4,1,0,0,0,0,0,0,0,0,0,0,0,0,0,0,0,0,0,1,0,0,0,0,0,0,0,0,0,0,0,0,0,0,0,0,0,0,0,0,0,0,0,0,0,0,0,0,0
orjson_3_12_0,dd29ecf524b030a65261e3059c48ab9e1ecb2585,0,175541.66666666666,4168.0,6,4,1,0,0,0,0,0,0,0,0,0,0,0,0,0,0,0,0,0,1,0,0,0,0,0,0,0,0,0,0,0,0,0,0,0,0,0,0,0,0,0,0,0,0,0,0,0,0,0
orjson_3_11_5,2be88ca4242c76e8253ac62474851065032d6833,0,167187.75,4168.0,4,2,1,0,0,0,0,0,0,0,0,0,0,0,0,0,0,0,1,0,0,0,0,0,0,0,0,0,0,0,0,0,0,0,0,0,0,0,0,0,0,0,0,0,0,0,0,0,0,0
orjson_3_11_6,2be88ca4242c76e8253ac62474851065032d6833,0,160222.0,4168.0,4,2,1,0,0,0,0,0,0,0,0,0,0,0,0,0,0,0,1,0,0,0,0,0,0,0,0,0,0,0,0,0,0,0,0,0,0,0,0,0,0,0,0,0,0,0,0,0,0,0
orjson_3_11_7,2be88ca4242c76e8253ac62474851065032d6833,0,162688.0,4168.0,4,2,1,0,0,0,0,0,0,0,0,0,0,0,0,0,0,0,1,0,0,0,0,0,0,0,0,0,0,0,0,0,0,0,0,0,0,0,0,0,0,0,0,0,0,0,0,0,0,0
orjson_3_11_8,2be88ca4242c76e8253ac62474851065032d6833,0,162020.75,4168.0,4,2,1,0,0,0,0,0,0,0,0,0,0,0,0,0,0,0,1,0,0,0,0,0,0,0,0,0,0,0,0,0,0,0,0,0,0,0,0,0,0,0,0,0,0,0,0,0,0,0
orjson_3_11_9,2be88ca4242c76e8253ac62474851065032d6833,0,161500.0,4168.0,4,2,1,0,0,0,0,0,0,0,0,0,0,0,0,0,0,0,1,0,0,0,0,0,0,0,0,0,0,0,0,0,0,0,0,0,0,0,0,0,0,0,0,0,0,0,0,0,0,0
orjson_3_12_0,2be88ca4242c76e8253ac62474851065032d6833,0,164847.0,4168.0,4,2,1,0,0,0,0,0,0,0,0,0,0,0,0,0,0,0,1,0,0,0,0,0,0,0,0,0,0,0,0,0,0,0,0,0,0,0,0,0,0,0,0,0,0,0,0,0,0,0
orjson_3_11_5,58c0c85dec5a900205e1e9cb4dd08f2304df4346,0,268537.5,4236.0,3,1,1,0,0,0,0,0,0,0,0,0,0,0,0,0,0,0,0,0,1,1,1,1,0,0,1,0,0,0,0,0,0,0,0,1,0,0,0,0,0,0,0,0,0,0,0,0,0,2
orjson_3_11_6,58c0c85dec5a900205e1e9cb4dd08f2304df4346,0,233573.0,4236.0,3,1,1,0,0,0,0,0,0,0,0,0,0,0,0,0,0,0,0,0,1,1,1,1,0,0,1,0,0,0,0,0,0,0,0,1,0,0,0,0,0,0,0,0,0,0,0,0,0,2
orjson_3_11_7,58c0c85dec5a900205e1e9cb4dd08f2304df4346,0,236500.0,4236.0,3,1,1,0,0,0,0,0,0,0,0,0,0,0,0,0,0,0,0,0,1,1,1,1,0,0,1,0,0,0,0,0,0,0,0,1,0,0,0,0,0,0,0,0,0,0,0,0,0,2
orjson_3_11_8,58c0c85dec5a900205e1e9cb4dd08f2304df4346,0,234299.7,4236.0,3,1,1,0,0,0,0,0,0,0,0,0,0,0,0,0,0,0,0,0,1,1,1,1,0,0,1,0,0,0,0,0,0,0,0,1,0,0,0,0,0,0,0,0,0,0,0,0,0,2
orjson_3_11_9,58c0c85dec5a900205e1e9cb4dd08f2304df4346,0,230291.66666666666,4236.0,3,1,1,0,0,0,0,0,0,0,0,0,0,0,0,0,0,0,0,0,1,1,1,1,0,0,1,0,0,0,0,0,0,0,0,1,0,0,0,0,0,0,0,0,0,0,0,0,0,2
orjson_3_12_0,58c0c85dec5a900205e1e9cb4dd08f2304df4346,0,225691.8,4236.0,3,1,1,0,0,0,0,0,0,0,0,0,0,0,0,0,0,0,0,0,1,1,1,1,0,0,1,0,0,0,0,0,0,0,0,1,0,0,0,0,0,0,0,0,0,0,0,0,0,2
orjson_3_11_5,fe06c4c5c72fdd5e9f562cfec421cb44d832f8cf,0,234531.25,4230.0,3,1,1,0,0,0,0,0,0,0,0,0,0,0,0,0,0,0,0,0,1,1,1,0,0,0,0,1,1,0,1,0,0,0,0,1,0,0,0,0,0,0,0,0,0,0,0,0,0,2
orjson_3_11_6,fe06c4c5c72fdd5e9f562cfec421cb44d832f8cf,0,227833.33333333334,4230.0,3,1,1,0,0,0,0,0,0,0,0,0,0,0,0,0,0,0,0,0,1,1,1,0,0,0,0,1,1,0,1,0,0,0,0,1,0,0,0,0,0,0,0,0,0,0,0,0,0,2
orjson_3_11_7,fe06c4c5c72fdd5e9f562cfec421cb44d832f8cf,0,228500.0,4230.0,3,1,1,0,0,0,0,0,0,0,0,0,0,0,0,0,0,0,0,0,1,1,1,0,0,0,0,1,1,0,1,0,0,0,0,1,0,0,0,0,0,0,0,0,0,0,0,0,0,2
orjson_3_11_8,fe06c4c5c72fdd5e9f562cfec421cb44d832f8cf,0,229558.2,4230.0,3,1,1,0,0,0,0,0,0,0,0,0,0,0,0,0,0,0,0,0,1,1,1,0,0,0,0,1,1,0,1,0,0,0,0,1,0,0,0,0,0,0,0,0,0,0,0,0,0,2
orjson_3_11_9,fe06c4c5c72fdd5e9f562cfec421cb44d832f8cf,0,227281.0,4230.0,3,1,1,0,0,0,0,0,0,0,0,0,0,0,0,0,0,0,0,0,1,1,1,0,0,0,0,1,1,0,1,0,0,0,0,1,0,0,0,0,0,0,0,0,0,0,0,0,0,2
orjson_3_12_0,fe06c4c5c72fdd5e9f562cfec421cb44d832f8cf,0,235541.66666666666,4230.0,3,1,1,0,0,0,0,0,0,0,0,0,0,0,0,0,0,0,0,0,1,1,1,0,0,0,0,1,1,0,1,0,0,0,0,1,0,0,0,0,0,0,0,0,0,0,0,0,0,2
orjson_3_11_5,9601b6e962d8d12bc12ad22cefc62763044c7ae7,0,236525.4,4232.0,2,0,1,0,0,0,0,0,0,0,0,0,0,0,0,0,0,0,0,0,1,1,1,1,0,0,1,0,0,0,0,0,0,0,0,0,0,0,0,0,0,0,0,0,0,0,0,0,0,1
orjson_3_11_6,9601b6e962d8d12bc12ad22cefc62763044c7ae7,0,224694.33333333334,4232.0,2,0,1,0,0,0,0,0,0,0,0,0,0,0,0,0,0,0,0,0,1,1,1,1,0,0,1,0,0,0,0,0,0,0,0,0,0,0,0,0,0,0,0,0,0,0,0,0,0,1
orjson_3_11_7,9601b6e962d8d12bc12ad22cefc62763044c7ae7,0,230514.0,4232.0,2,0,1,0,0,0,0,0,0,0,0,0,0,0,0,0,0,0,0,0,1,1,1,1,0,0,1,0,0,0,0,0,0,0,0,0,0,0,0,0,0,0,0,0,0,0,0,0,0,1
orjson_3_11_8,9601b6e962d8d12bc12ad22cefc62763044c7ae7,0,225847.33333333334,4232.0,2,0,1,0,0,0,0,0,0,0,0,0,0,0,0,0,0,0,0,0,1,1,1,1,0,0,1,0,0,0,0,0,0,0,0,0,0,0,0,0,0,0,0,0,0,0,0,0,0,1
orjson_3_11_9,9601b6e962d8d12bc12ad22cefc62763044c7ae7,0,228319.0,4232.0,2,0,1,0,0,0,0,0,0,0,0,0,0,0,0,0,0,0,0,0,1,1,1,1,0,0,1,0,0,0,0,0,0,0,0,0,0,0,0,0,0,0,0,0,0,0,0,0,0,1
orjson_3_12_0,9601b6e962d8d12bc12ad22cefc62763044c7ae7,0,233343.75,4232.0,2,0,1,0,0,0,0,0,0,0,0,0,0,0,0,0,0,0,0,0,1,1,1,1,0,0,1,0,0,0,0,0,0,0,0,0,0,0,0,0,0,0,0,0,0,0,0,0,0,1
orjson_3_11_5,3369e749fbd650095f02cc0a00ff3984f5ddec0b,0,224527.33333333334,4211.0,3,1,1,0,0,0,0,0,0,0,0,0,0,0,0,0,0,0,0,0,1,1,0,0,0,0,0,0,0,0,0,0,0,0,1,1,0,0,0,0,0,0,0,0,0,0,0,0,0,2
orjson_3_11_6,3369e749fbd650095f02cc0a00ff3984f5ddec0b,0,220694.33333333334,4211.0,3,1,1,0,0,0,0,0,0,0,0,0,0,0,0,0,0,0,0,0,1,1,0,0,0,0,0,0,0,0,0,0,0,0,1,1,0,0,0,0,0,0,0,0,0,0,0,0,0,2
orjson_3_11_7,3369e749fbd650095f02cc0a00ff3984f5ddec0b,0,222680.66666666666,4211.0,3,1,1,0,0,0,0,0,0,0,0,0,0,0,0,0,0,0,0,0,1,1,0,0,0,0,0,0,0,0,0,0,0,0,1,1,0,0,0,0,0,0,0,0,0,0,0,0,0,2
orjson_3_11_8,3369e749fbd650095f02cc0a00ff3984f5ddec0b,0,221819.66666666666,4211.0,3,1,1,0,0,0,0,0,0,0,0,0,0,0,0,0,0,0,0,0,1,1,0,0,0,0,0,0,0,0,0,0,0,0,1,1,0,0,0,0,0,0,0,0,0,0,0,0,0,2
orjson_3_11_9,3369e749fbd650095f02cc0a00ff3984f5ddec0b,0,224180.66666666666,4211.0,3,1,1,0,0,0,0,0,0,0,0,0,0,0,0,0,0,0,0,0,1,1,0,0,0,0,0,0,0,0,0,0,0,0,1,1,0,0,0,0,0,0,0,0,0,0,0,0,0,2
orjson_3_12_0,3369e749fbd650095f02cc0a00ff3984f5ddec0b,0,219458.33333333334,4211.0,3,1,1,0,0,0,0,0,0,0,0,0,0,0,0,0,0,0,0,0,1,1,0,0,0,0,0,0,0,0,0,0,0,0,1,1,0,0,0,0,0,0,0,0,0,0,0,0,0,2
orjson_3_11_5,3dfa0479595c074b9364baa954a36c618a0378a3,0,240916.66666666666,4213.0,3,1,1,0,0,0,0,0,0,0,0,0,0,0,0,0,0,0,0,0,1,2,0,0,0,0,0,0,0,0,0,0,0,0,2,2,0,0,0,0,0,0,0,0,0,0,0,0,0,4
orjson_3_11_6,3dfa0479595c074b9364baa954a36c618a0378a3,0,229583.66666666666,4213.0,3,1,1,0,0,0,0,0,0,0,0,0,0,0,0,0,0,0,0,0,1,2,0,0,0,0,0,0,0,0,0,0,0,0,2,2,0,0,0,0,0,0,0,0,0,0,0,0,0,4
orjson_3_11_7,3dfa0479595c074b9364baa954a36c618a0378a3,0,233666.33333333334,4213.0,3,1,1,0,0,0,0,0,0,0,0,0,0,0,0,0,0,0,0,0,1,2,0,0,0,0,0,0,0,0,0,0,0,0,2,2,0,0,0,0,0,0,0,0,0,0,0,0,0,4
orjson_3_11_8,3dfa0479595c074b9364baa954a36c618a0378a3,0,231986.0,4213.0,3,1,1,0,0,0,0,0,0,0,0,0,0,0,0,0,0,0,0,0,1,2,0,0,0,0,0,0,0,0,0,0,0,0,2,2,0,0,0,0,0,0,0,0,0,0,0,0,0,4
orjson_3_11_9,3dfa0479595c074b9364baa954a36c618a0378a3,0,234819.33333333334,4213.0,3,1,1,0,0,0,0,0,0,0,0,0,0,0,0,0,0,0,0,0,1,2,0,0,0,0,0,0,0,0,0,0,0,0,2,2,0,0,0,0,0,0,0,0,0,0,0,0,0,4
orjson_3_12_0,3dfa0479595c074b9364baa954a36c618a0378a3,0,231937.25,4213.0,3,1,1,0,0,0,0,0,0,0,0,0,0,0,0,0,0,0,0,0,1,2,0,0,0,0,0,0,0,0,0,0,0,0,2,2,0,0,0,0,0,0,0,0,0,0,0,0,0,4
orjson_3_11_5,a126f265528d30adbb74be43cd6f0014008457ad,0,241014.0,4236.0,4,2,1,0,0,0,0,0,0,0,0,0,0,0,0,0,0,0,0,0,1,1,1,0,0,0,0,1,1,1,0,0,1,0,0,1,0,0,0,0,0,0,0,0,0,0,0,0,0,2
orjson_3_11_6,a126f265528d30adbb74be43cd6f0014008457ad,0,236041.33333333334,4236.0,4,2,1,0,0,0,0,0,0,0,0,0,0,0,0,0,0,0,0,0,1,1,1,0,0,0,0,1,1,1,0,0,1,0,0,1,0,0,0,0,0,0,0,0,0,0,0,0,0,2
orjson_3_11_7,a126f265528d30adbb74be43cd6f0014008457ad,0,238263.66666666666,4236.0,4,2,1,0,0,0,0,0,0,0,0,0,0,0,0,0,0,0,0,0,1,1,1,0,0,0,0,1,1,1,0,0,1,0,0,1,0,0,0,0,0,0,0,0,0,0,0,0,0,2
orjson_3_11_8,a126f265528d30adbb74be43cd6f0014008457ad,0,233291.5,4236.0,4,2,1,0,0,0,0,0,0,0,0,0,0,0,0,0,0,0,0,0,1,1,1,0,0,0,0,1,1,1,0,0,1,0,0,1,0,0,0,0,0,0,0,0,0,0,0,0,0,2
orjson_3_11_9,a126f265528d30adbb74be43cd6f0014008457ad,0,228416.66666666666,4236.0,4,2,1,0,0,0,0,0,0,0,0,0,0,0,0,0,0,0,0,0,1,1,1,0,0,0,0,1,1,1,0,0,1,0,0,1,0,0,0,0,0,0,0,0,0,0,0,0,0,2
orjson_3_12_0,a126f265528d30adbb74be43cd6f0014008457ad,0,233500.0,4236.0,4,2,1,0,0,0,0,0,0,0,0,0,0,0,0,0,0,0,0,0,1,1,1,0,0,0,0,1,1,1,0,0,1,0,0,1,0,0,0,0,0,0,0,0,0,0,0,0,0,2
orjson_3_11_5,cf96a8aade8179c6b8df9f9d553bef0beb0492d7,0,282125.0,4260.0,4,2,1,0,0,0,0,0,0,0,0,0,0,0,0,0,0,0,0,0,1,5,4,3,1,1,1,1,0,0,0,0,0,0,1,3,0,0,0,0,0,0,0,0,0,0,0,0,0,8
orjson_3_11_6,cf96a8aade8179c6b8df9f9d553bef0beb0492d7,0,283444.6666666667,4260.0,4,2,1,0,0,0,0,0,0,0,0,0,0,0,0,0,0,0,0,0,1,5,4,3,1,1,1,1,0,0,0,0,0,0,1,3,0,0,0,0,0,0,0,0,0,0,0,0,0,8
orjson_3_11_7,cf96a8aade8179c6b8df9f9d553bef0beb0492d7,0,287153.0,4260.0,4,2,1,0,0,0,0,0,0,0,0,0,0,0,0,0,0,0,0,0,1,5,4,3,1,1,1,1,0,0,0,0,0,0,1,3,0,0,0,0,0,0,0,0,0,0,0,0,0,8
orjson_3_11_8,cf96a8aade8179c6b8df9f9d553bef0beb0492d7,0,285514.0,4260.0,4,2,1,0,0,0,0,0,0,0,0,0,0,0,0,0,0,0,0,0,1,5,4,3,1,1,1,1,0,0,0,0,0,0,1,3,0,0,0,0,0,0,0,0,0,0,0,0,0,8
orjson_3_11_9,cf96a8aade8179c6b8df9f9d553bef0beb0492d7,0,269347.0,4260.0,4,2,1,0,0,0,0,0,0,0,0,0,0,0,0,0,0,0,0,0,1,5,4,3,1,1,1,1,0,0,0,0,0,0,1,3,0,0,0,0,0,0,0,0,0,0,0,0,0,8
orjson_3_12_0,cf96a8aade8179c6b8df9f9d553bef0beb0492d7,0,275347.0,4260.0,4,2,1,0,0,0,0,0,0,0,0,0,0,0,0,0,0,0,0,0,1,5,4,3,1,1,1,1,0,0,0,0,0,0,1,3,0,0,0,0,0,0,0,0,0,0,0,0,0,8
orjson_3_11_5,9419efb8563451a2c5403ffd89d72e736e6ccc0e,0,232513.66666666666,4212.0,2,0,1,0,0,0,0,0,0,0,0,0,0,0,0,0,0,0,0,0,1,2,1,0,0,0,0,1,0,0,0,0,0,0,1,1,0,0,0,0,0,0,0,0,0,0,0,0,0,3
orjson_3_11_6,9419efb8563451a2c5403ffd89d72e736e6ccc0e,0,232542.0,4212.0,2,0,1,0,0,0,0,0,0,0,0,0,0,0,0,0,0,0,0,0,1,2,1,0,0,0,0,1,0,0,0,0,0,0,1,1,0,0,0,0,0,0,0,0,0,0,0,0,0,3
orjson_3_11_7,9419efb8563451a2c5403ffd89d72e736e6ccc0e,0,234472.33333333334,4212.0,2,0,1,0,0,0,0,0,0,0,0,0,0,0,0,0,0,0,0,0,1,2,1,0,0,0,0,1,0,0,0,0,0,0,1,1,0,0,0,0,0,0,0,0,0,0,0,0,0,3
orjson_3_11_8,9419efb8563451a2c5403ffd89d72e736e6ccc0e,0,235125.0,4212.0,2,0,1,0,0,0,0,0,0,0,0,0,0,0,0,0,0,0,0,0,1,2,1,0,0,0,0,1,0,0,0,0,0,0,1,1,0,0,0,0,0,0,0,0,0,0,0,0,0,3
orjson_3_11_9,9419efb8563451a2c5403ffd89d72e736e6ccc0e,0,230457.66666666666,4212.0,2,0,1,0,0,0,0,0,0,0,0,0,0,0,0,0,0,0,0,0,1,2,1,0,0,0,0,1,0,0,0,0,0,0,1,1,0,0,0,0,0,0,0,0,0,0,0,0,0,3
orjson_3_12_0,9419efb8563451a2c5403ffd89d72e736e6ccc0e,0,231375.33333333334,4212.0,2,0,1,0,0,0,0,0,0,0,0,0,0,0,0,0,0,0,0,0,1,2,1,0,0,0,0,1,0,0,0,0,0,0,1,1,0,0,0,0,0,0,0,0,0,0,0,0,0,3
orjson_3_11_5,f7c4654f99c4ea1645cb2587f92b99c1bcfe1845,0,250944.33333333334,4216.0,6,4,1,0,0,0,0,0,0,0,0,0,0,0,0,0,0,0,0,0,1,3,1,0,0,0,0,1,0,0,0,0,0,0,2,4,0,0,0,0,0,0,0,0,0,0,0,0,0,7
orjson_3_11_6,f7c4654f99c4ea1645cb2587f92b99c1bcfe1845,0,251156.25,4216.0,6,4,1,0,0,0,0,0,0,0,0,0,0,0,0,0,0,0,0,0,1,3,1,0,0,0,0,1,0,0,0,0,0,0,2,4,0,0,0,0,0,0,0,0,0,0,0,0,0,7
orjson_3_11_7,f7c4654f99c4ea1645cb2587f92b99c1bcfe1845,0,252333.33333333334,4216.0,6,4,1,0,0,0,0,0,0,0,0,0,0,0,0,0,0,0,0,0,1,3,1,0,0,0,0,1,0,0,0,0,0,0,2,4,0,0,0,0,0,0,0,0,0,0,0,0,0,7
orjson_3_11_8,f7c4654f99c4ea1645cb2587f92b99c1bcfe1845,0,251041.66666666666,4216.0,6,4,1,0,0,0,0,0,0,0,0,0,0,0,0,0,0,0,0,0,1,3,1,0,0,0,0,1,0,0,0,0,0,0,2,4,0,0,0,0,0,0,0,0,0,0,0,0,0,7
orjson_3_11_9,f7c4654f99c4ea1645cb2587f92b99c1bcfe1845,0,255375.0,4216.0,6,4,1,0,0,0,0,0,0,0,0,0,0,0,0,0,0,0,0,0,1,3,1,0,0,0,0,1,0,0,0,0,0,0,2,4,0,0,0,0,0,0,0,0,0,0,0,0,0,7
orjson_3_12_0,f7c4654f99c4ea1645cb2587f92b99c1bcfe1845,0,250750.0,4216.0,6,4,1,0,0,0,0,0,0,0,0,0,0,0,0,0,0,0,0,0,1,3,1,0,0,0,0,1,0,0,0,0,0,0,2,4,0,0,0,0,0,0,0,0,0,0,0,0,0,7
orjson_3_11_5,1681e004e7740af3247de912b559377d9d5f58da,0,274229.0,4256.0,5,3,1,0,0,0,0,0,0,0,0,0,0,0,0,0,0,0,0,0,1,3,2,1,0,1,0,1,1,0,0,1,0,1,1,4,0,0,0,0,0,0,0,0,0,0,0,0,0,7
orjson_3_11_6,1681e004e7740af3247de912b559377d9d5f58da,0,264680.3333333333,4256.0,5,3,1,0,0,0,0,0,0,0,0,0,0,0,0,0,0,0,0,0,1,3,2,1,0,1,0,1,1,0,0,1,0,1,1,4,0,0,0,0,0,0,0,0,0,0,0,0,0,7
orjson_3_11_7,1681e004e7740af3247de912b559377d9d5f58da,0,269944.3333333333,4256.0,5,3,1,0,0,0,0,0,0,0,0,0,0,0,0,0,0,0,0,0,1,3,2,1,0,1,0,1,1,0,0,1,0,1,1,4,0,0,0,0,0,0,0,0,0,0,0,0,0,7
orjson_3_11_8,1681e004e7740af3247de912b559377d9d5f58da,0,270572.75,4256.0,5,3,1,0,0,0,0,0,0,0,0,0,0,0,0,0,0,0,0,0,1,3,2,1,0,1,0,1,1,0,0,1,0,1,1,4,0,0,0,0,0,0,0,0,0,0,0,0,0,7
orjson_3_11_9,1681e004e7740af3247de912b559377d9d5f58da,0,255916.75,4256.0,5,3,1,0,0,0,0,0,0,0,0,0,0,0,0,0,0,0,0,0,1,3,2,1,0,1,0,1,1,0,0,1,0,1,1,4,0,0,0,0,0,0,0,0,0,0,0,0,0,7
orjson_3_12_0,1681e004e7740af3247de912b559377d9d5f58da,0,259014.0,4256.0,5,3,1,0,0,0,0,0,0,0,0,0,0,0,0,0,0,0,0,0,1,3,2,1,0,1,0,1,1,0,0,1,0,1,1,4,0,0,0,0,0,0,0,0,0,0,0,0,0,7
orjson_3_11_5,c2f27f1a8d160fd6f992c3a895a8f97782bff16c,0,277027.6666666667,4242.0,8,6,1,0,0,0,0,0,0,0,0,0,0,0,0,0,0,0,0,0,1,6,4,2,0,2,0,2,0,0,0,0,0,0,2,2,0,0,0,0,0,0,0,0,0,0,0,0,0,8
orjson_3_11_6,c2f27f1a8d160fd6f992c3a895a8f97782bff16c,0,278680.6666666667,4242.0,8,6,1,0,0,0,0,0,0,0,0,0,0,0,0,0,0,0,0,0,1,6,4,2,0,2,0,2,0,0,0,0,0,0,2,2,0,0,0,0,0,0,0,0,0,0,0,0,0,8
orjson_3_11_7,c2f27f1a8d160fd6f992c3a895a8f97782bff16c,0,282555.6666666667,4242.0,8,6,1,0,0,0,0,0,0,0,0,0,0,0,0,0,0,0,0,0,1,6,4,2,0,2,0,2,0,0,0,0,0,0,2,2,0,0,0,0,0,0,0,0,0,0,0,0,0,8
orjson_3_11_8,c2f27f1a8d160fd6f992c3a895a8f97782bff16c,0,274194.3333333333,4242.0,8,6,1,0,0,0,0,0,0,0,0,0,0,0,0,0,0,0,0,0,1,6,4,2,0,2,0,2,0,0,0,0,0,0,2,2,0,0,0,0,0,0,0,0,0,0,0,0,0,8
orjson_3_11_9,c2f27f1a8d160fd6f992c3a895a8f97782bff16c,0,263722.3333333333,4242.0,8,6,1,0,0,0,0,0,0,0,0,0,0,0,0,0,0,0,0,0,1,6,4,2,0,2,0,2,0,0,0,0,0,0,2,2,0,0,0,0,0,0,0,0,0,0,0,0,0,8
orjson_3_12_0,c2f27f1a8d160fd6f992c3a895a8f97782bff16c,0,269861.0,4242.0,8,6,1,0,0,0,0,0,0,0,0,0,0,0,0,0,0,0,0,0,1,6,4,2,0,2,0,2,0,0,0,0,0,0,2,2,0,0,0,0,0,0,0,0,0,0,0,0,0,8
orjson_3_11_5,33fe3707c6352b33b68c1e53c3963f4b9afdde3e,0,270749.6666666667,4242.0,3,1,1,0,0,0,0,0,0,0,0,0,0,0,0,0,0,0,0,0,1,6,3,1,1,0,0,2,0,0,0,0,0,0,3,2,0,0,0,0,0,0,0,0,0,0,0,0,0,8
orjson_3_11_6,33fe3707c6352b33b68c1e53c3963f4b9afdde3e,0,262833.3333333333,4242.0,3,1,1,0,0,0,0,0,0,0,0,0,0,0,0,0,0,0,0,0,1,6,3,1,1,0,0,2,0,0,0,0,0,0,3,2,0,0,0,0,0,0,0,0,0,0,0,0,0,8
orjson_3_11_7,33fe3707c6352b33b68c1e53c3963f4b9afdde3e,0,270639.0,4242.0,3,1,1,0,0,0,0,0,0,0,0,0,0,0,0,0,0,0,0,0,1,6,3,1,1,0,0,2,0,0,0,0,0,0,3,2,0,0,0,0,0,0,0,0,0,0,0,0,0,8
orjson_3_11_8,33fe3707c6352b33b68c1e53c3963f4b9afdde3e,0,260236.0,4242.0,3,1,1,0,0,0,0,0,0,0,0,0,0,0,0,0,0,0,0,0,1,6,3,1,1,0,0,2,0,0,0,0,0,0,3,2,0,0,0,0,0,0,0,0,0,0,0,0,0,8
orjson_3_11_9,33fe3707c6352b33b68c1e53c3963f4b9afdde3e,0,254625.0,4242.0,3,1,1,0,0,0,0,0,0,0,0,0,0,0,0,0,0,0,0,0,1,6,3,1,1,0,0,2,0,0,0,0,0,0,3,2,0,0,0,0,0,0,0,0,0,0,0,0,0,8
orjson_3_12_0,33fe3707c6352b33b68c1e53c3963f4b9afdde3e,0,263468.75,4242.0,3,1,1,0,0,0,0,0,0,0,0,0,0,0,0,0,0,0,0,0,1,6,3,1,1,0,0,2,0,0,0,0,0,0,3,2,0,0,0,0,0,0,0,0,0,0,0,0,0,8
orjson_3_11_5,d90d5eceab57b2788b603c083d83af3967f510c2,0,740937.0,4648.0,5,3,1,0,0,0,0,0,0,0,0,0,0,0,0,0,0,0,0,0,1,55,25,9,6,3,0,16,2,0,1,1,0,1,30,50,0,0,0,0,0,0,0,0,0,0,0,0,0,105
orjson_3_11_6,d90d5eceab57b2788b603c083d83af3967f510c2,0,725305.3333333334,4648.0,5,3,1,0,0,0,0,0,0,0,0,0,0,0,0,0,0,0,0,0,1,55,25,9,6,3,0,16,2,0,1,1,0,1,30,50,0,0,0,0,0,0,0,0,0,0,0,0,0,105
orjson_3_11_7,d90d5eceab57b2788b603c083d83af3967f510c2,0,717861.0,4648.0,5,3,1,0,0,0,0,0,0,0,0,0,0,0,0,0,0,0,0,0,1,55,25,9,6,3,0,16,2,0,1,1,0,1,30,50,0,0,0,0,0,0,0,0,0,0,0,0,0,105
orjson_3_11_8,d90d5eceab57b2788b603c083d83af3967f510c2,0,716194.3333333334,4648.0,5,3,1,0,0,0,0,0,0,0,0,0,0,0,0,0,0,0,0,0,1,55,25,9,6,3,0,16,2,0,1,1,0,1,30,50,0,0,0,0,0,0,0,0,0,0,0,0,0,105
orjson_3_11_9,d90d5eceab57b2788b603c083d83af3967f510c2,0,663750.0,4648.0,5,3,1,0,0,0,0,0,0,0,0,0,0,0,0,0,0,0,0,0,1,55,25,9,6,3,0,16,2,0,1,1,0,1,30,50,0,0,0,0,0,0,0,0,0,0,0,0,0,105
orjson_3_12_0,d90d5eceab57b2788b603c083d83af3967f510c2,0,674069.6666666666,4648.0,5,3,1,0,0,0,0,0,0,0,0,0,0,0,0,0,0,0,0,0,1,55,25,9,6,3,0,16,2,0,1,1,0,1,30,50,0,0,0,0,0,0,0,0,0,0,0,0,0,105
orjson_3_11_5,413eb32104d697d2d75b5dfde422a9c299130f44,0,208541.5,4200.0,6,4,1,0,0,0,1,0,0,0,0,1,0,1,1,1,0,0,0,0,0,0,0,0,0,0,0,0,0,0,0,0,0,0,0,0,0,0,0,0,0,0,0,0,0,0,0,0,1,0
orjson_3_11_6,413eb32104d697d2d75b5dfde422a9c299130f44,0,201541.66666666666,4200.0,6,4,1,0,0,0,1,0,0,0,0,1,0,1,1,1,0,0,0,0,0,0,0,0,0,0,0,0,0,0,0,0,0,0,0,0,0,0,0,0,0,0,0,0,0,0,0,0,1,0
orjson_3_11_7,413eb32104d697d2d75b5dfde422a9c299130f44,0,204416.5,4200.0,6,4,1,0,0,0,1,0,0,0,0,1,0,1,1,1,0,0,0,0,0,0,0,0,0,0,0,0,0,0,0,0,0,0,0,0,0,0,0,0,0,0,0,0,0,0,0,0,1,0
orjson_3_11_8,413eb32104d697d2d75b5dfde422a9c299130f44,0,206375.0,4200.0,6,4,1,0,0,0,1,0,0,0,0,1,0,1,1,1,0,0,0,0,0,0,0,0,0,0,0,0,0,0,0,0,0,0,0,0,0,0,0,0,0,0,0,0,0,0,0,0,1,0
orjson_3_11_9,413eb32104d697d2d75b5dfde422a9c299130f44,0,201791.33333333334,4200.0,6,4,1,0,0,0,1,0,0,0,0,1,0,1,1,1,0,0,0,0,0,0,0,0,0,0,0,0,0,0,0,0,0,0,0,0,0,0,0,0,0,0,0,0,0,0,0,0,1,0
orjson_3_12_0,413eb32104d697d2d75b5dfde422a9c299130f44,0,201604.0,4200.0,6,4,1,0,0,0,1,0,0,0,0,1,0,1,1,1,0,0,0,0,0,0,0,0,0,0,0,0,0,0,0,0,0,0,0,0,0,0,0,0,0,0,0,0,0,0,0,0,1,0
orjson_3_11_5,b152e0c5089fd69cca4e2defaa6642e716a90f47,0,199180.66666666666,4168.0,2,0,1,1,1,1,1,0,0,0,1,2,1,1,0,0,0,0,0,0,0,0,0,0,0,0,0,0,0,0,0,0,0,0,0,0,0,0,0,0,0,0,0,0,0,0,0,0,1,0
orjson_3_11_6,b152e0c5089fd69cca4e2defaa6642e716a90f47,0,197562.5,4168.0,2,0,1,1,1,1,1,0,0,0,1,2,1,1,0,0,0,0,0,0,0,0,0,0,0,0,0,0,0,0,0,0,0,0,0,0,0,0,0,0,0,0,0,0,0,0,0,0,1,0
orjson_3_11_7,b152e0c5089fd69cca4e2defaa6642e716a90f47,0,192527.33333333334,4168.0,2,0,1,1,1,1,1,0,0,0,1,2,1,1,0,0,0,0,0,0,0,0,0,0,0,0,0,0,0,0,0,0,0,0,0,0,0,0,0,0,0,0,0,0,0,0,0,0,1,0
orjson_3_11_8,b152e0c5089fd69cca4e2defaa6642e716a90f47,0,192833.33333333334,4168.0,2,0,1,1,1,1,1,0,0,0,1,2,1,1,0,0,0,0,0,0,0,0,0,0,0,0,0,0,0,0,0,0,0,0,0,0,0,0,0,0,0,0,0,0,0,0,0,0,1,0
orjson_3_11_9,b152e0c5089fd69cca4e2defaa6642e716a90f47,0,195233.4,4168.0,2,0,1,1,1,1,1,0,0,0,1,2,1,1,0,0,0,0,0,0,0,0,0,0,0,0,0,0,0,0,0,0,0,0,0,0,0,0,0,0,0,0,0,0,0,0,0,0,1,0
orjson_3_12_0,b152e0c5089fd69cca4e2defaa6642e716a90f47,0,195874.66666666666,4168.0,2,0,1,1,1,1,1,0,0,0,1,2,1,1,0,0,0,0,0,0,0,0,0,0,0,0,0,0,0,0,0,0,0,0,0,0,0,0,0,0,0,0,0,0,0,0,0,0,1,0
orjson_3_11_5,f07617ee53143be6e21968cd7a075fd58730c96f,0,200124.75,4168.0,4,2,1,1,1,1,1,0,0,0,1,0,1,1,0,0,0,0,0,0,0,0,0,0,0,0,0,0,0,0,0,0,0,0,0,0,0,0,0,0,0,0,0,0,0,0,0,0,1,0
orjson_3_11_6,f07617ee53143be6e21968cd7a075fd58730c96f,0,198114.75,4168.0,4,2,1,1,1,1,1,0,0,0,1,0,1,1,0,0,0,0,0,0,0,0,0,0,0,0,0,0,0,0,0,0,0,0,0,0,0,0,0,0,0,0,0,0,0,0,0,0,1,0
orjson_3_11_7,f07617ee53143be6e21968cd7a075fd58730c96f,0,199854.0,4168.0,4,2,1,1,1,1,1,0,0,0,1,0,1,1,0,0,0,0,0,0,0,0,0,0,0,0,0,0,0,0,0,0,0,0,0,0,0,0,0,0,0,0,0,0,0,0,0,0,1,0
orjson_3_11_8,f07617ee53143be6e21968cd7a075fd58730c96f,0,197833.25,4168.0,4,2,1,1,1,1,1,0,0,0,1,0,1,1,0,0,0,0,0,0,0,0,0,0,0,0,0,0,0,0,0,0,0,0,0,0,0,0,0,0,0,0,0,0,0,0,0,0,1,0
orjson_3_11_9,f07617ee53143be6e21968cd7a075fd58730c96f,0,195792.0,4168.0,4,2,1,1,1,1,1,0,0,0,1,0,1,1,0,0,0,0,0,0,0,0,0,0,0,0,0,0,0,0,0,0,0,0,0,0,0,0,0,0,0,0,0,0,0,0,0,0,1,0
orjson_3_12_0,f07617ee53143be6e21968cd7a075fd58730c96f,0,198180.33333333334,4168.0,4,2,1,1,1,1,1,0,0,0,1,0,1,1,0,0,0,0,0,0,0,0,0,0,0,0,0,0,0,0,0,0,0,0,0,0,0,0,0,0,0,0,0,0,0,0,0,0,1,0
orjson_3_11_5,3d8a71df6b165725de4444bce3d3cd1e30d68a1b,0,209729.0,4168.0,5,3,1,1,1,1,1,0,0,0,1,1,2,1,0,0,0,0,0,0,0,0,0,0,0,0,0,0,0,0,0,0,0,0,0,0,0,0,0,0,0,0,0,0,0,0,0,0,1,0
orjson_3_11_6,3d8a71df6b165725de4444bce3d3cd1e30d68a1b,0,206333.33333333334,4168.0,5,3,1,1,1,1,1,0,0,0,1,1,2,1,0,0,0,0,0,0,0,0,0,0,0,0,0,0,0,0,0,0,0,0,0,0,0,0,0,0,0,0,0,0,0,0,0,0,1,0
orjson_3_11_7,3d8a71df6b165725de4444bce3d3cd1e30d68a1b,0,210930.66666666666,4168.0,5,3,1,1,1,1,1,0,0,0,1,1,2,1,0,0,0,0,0,0,0,0,0,0,0,0,0,0,0,0,0,0,0,0,0,0,0,0,0,0,0,0,0,0,0,0,0,0,1,0
orjson_3_11_8,3d8a71df6b165725de4444bce3d3cd1e30d68a1b,0,205027.66666666666,4168.0,5,3,1,1,1,1,1,0,0,0,1,1,2,1,0,0,0,0,0,0,0,0,0,0,0,0,0,0,0,0,0,0,0,0,0,0,0,0,0,0,0,0,0,0,0,0,0,0,1,0
orjson_3_11_9,3d8a71df6b165725de4444bce3d3cd1e30d68a1b,0,206260.5,4168.0,5,3,1,1,1,1,1,0,0,0,1,1,2,1,0,0,0,0,0,0,0,0,0,0,0,0,0,0,0,0,0,0,0,0,0,0,0,0,0,0,0,0,0,0,0,0,0,0,1,0
orjson_3_12_0,3d8a71df6b165725de4444bce3d3cd1e30d68a1b,0,212472.33333333334,4168.0,5,3,1,1,1,1,1,0,0,0,1,1,2,1,0,0,0,0,0,0,0,0,0,0,0,0,0,0,0,0,0,0,0,0,0,0,0,0,0,0,0,0,0,0,0,0,0,0,1,0
orjson_3_11_5,74cf044bba06ad169d145fde3c6d65fc7de29ee6,0,213652.66666666666,4168.0,5,3,1,1,1,2,1,0,0,0,1,1,2,1,0,0,0,0,0,0,0,0,0,0,0,0,0,0,0,0,0,0,0,0,0,0,0,0,0,0,0,0,0,0,0,0,0,0,1,0
orjson_3_11_6,74cf044bba06ad169d145fde3c6d65fc7de29ee6,0,213152.66666666666,4168.0,5,3,1,1,1,2,1,0,0,0,1,1,2,1,0,0,0,0,0,0,0,0,0,0,0,0,0,0,0,0,0,0,0,0,0,0,0,0,0,0,0,0,0,0,0,0,0,0,1,0
orjson_3_11_7,74cf044bba06ad169d145fde3c6d65fc7de29ee6,0,211416.66666666666,4168.0,5,3,1,1,1,2,1,0,0,0,1,1,2,1,0,0,0,0,0,0,0,0,0,0,0,0,0,0,0,0,0,0,0,0,0,0,0,0,0,0,0,0,0,0,0,0,0,0,1,0
orjson_3_11_8,74cf044bba06ad169d145fde3c6d65fc7de29ee6,0,207208.25,4168.0,5,3,1,1,1,2,1,0,0,0,1,1,2,1,0,0,0,0,0,0,0,0,0,0,0,0,0,0,0,0,0,0,0,0,0,0,0,0,0,0,0,0,0,0,0,0,0,0,1,0
orjson_3_11_9,74cf044bba06ad169d145fde3c6d65fc7de29ee6,0,207354.5,4168.0,5,3,1,1,1,2,1,0,0,0,1,1,2,1,0,0,0,0,0,0,0,0,0,0,0,0,0,0,0,0,0,0,0,0,0,0,0,0,0,0,0,0,0,0,0,0,0,0,1,0
orjson_3_12_0,74cf044bba06ad169d145fde3c6d65fc7de29ee6,0,210111.0,4168.0,5,3,1,1,1,2,1,0,0,0,1,1,2,1,0,0,0,0,0,0,0,0,0,0,0,0,0,0,0,0,0,0,0,0,0,0,0,0,0,0,0,0,0,0,0,0,0,0,1,0
orjson_3_11_5,52470a409c327df916c36014df1a58f625bb8db4,0,218600.0,4168.0,6,4,1,1,1,3,1,0,0,0,1,1,1,1,0,0,0,0,0,0,0,0,0,0,0,0,0,0,0,0,0,0,0,0,0,0,0,0,0,0,0,0,0,0,0,0,0,0,1,0
orjson_3_11_6,52470a409c327df916c36014df1a58f625bb8db4,0,214013.66666666666,4168.0,6,4,1,1,1,3,1,0,0,0,1,1,1,1,0,0,0,0,0,0,0,0,0,0,0,0,0,0,0,0,0,0,0,0,0,0,0,0,0,0,0,0,0,0,0,0,0,0,1,0
orjson_3_11_7,52470a409c327df916c36014df1a58f625bb8db4,0,215343.75,4168.0,6,4,1,1,1,3,1,0,0,0,1,1,1,1,0,0,0,0,0,0,0,0,0,0,0,0,0,0,0,0,0,0,0,0,0,0,0,0,0,0,0,0,0,0,0,0,0,0,1,0
orjson_3_11_8,52470a409c327df916c36014df1a58f625bb8db4,0,209208.0,4168.0,6,4,1,1,1,3,1,0,0,0,1,1,1,1,0,0,0,0,0,0,0,0,0,0,0,0,0,0,0,0,0,0,0,0,0,0,0,0,0,0,0,0,0,0,0,0,0,0,1,0
orjson_3_11_9,52470a409c327df916c36014df1a58f625bb8db4,0,208500.0,4168.0,6,4,1,1,1,3,1,0,0,0,1,1,1,1,0,0,0,0,0,0,0,0,0,0,0,0,0,0,0,0,0,0,0,0,0,0,0,0,0,0,0,0,0,0,0,0,0,0,1,0
orjson_3_12_0,52470a409c327df916c36014df1a58f625bb8db4,0,215354.25,4168.0,6,4,1,1,1,3,1,0,0,0,1,1,1,1,0,0,0,0,0,0,0,0,0,0,0,0,0,0,0,0,0,0,0,0,0,0,0,0,0,0,0,0,0,0,0,0,0,0,1,0
orjson_3_11_5,d75370fbe557f105cc374e9733a31b22edd23a5f,0,197625.0,4168.0,5,3,1,1,1,3,1,0,0,0,1,0,1,1,0,0,0,0,0,0,0,0,0,0,0,0,0,0,0,0,0,0,0,0,0,0,0,0,0,0,0,0,0,0,0,0,0,0,1,0
orjson_3_11_6,d75370fbe557f105cc374e9733a31b22edd23a5f,0,200611.0,4168.0,5,3,1,1,1,3,1,0,0,0,1,0,1,1,0,0,0,0,0,0,0,0,0,0,0,0,0,0,0,0,0,0,0,0,0,0,0,0,0,0,0,0,0,0,0,0,0,0,1,0
orjson_3_11_7,d75370fbe557f105cc374e9733a31b22edd23a5f,0,196687.25,4168.0,5,3,1,1,1,3,1,0,0,0,1,0,1,1,0,0,0,0,0,0,0,0,0,0,0,0,0,0,0,0,0,0,0,0,0,0,0,0,0,0,0,0,0,0,0,0,0,0,1,0
orjson_3_11_8,d75370fbe557f105cc374e9733a31b22edd23a5f,0,198676.75,4168.0,5,3,1,1,1,3,1,0,0,0,1,0,1,1,0,0,0,0,0,0,0,0,0,0,0,0,0,0,0,0,0,0,0,0,0,0,0,0,0,0,0,0,0,0,0,0,0,0,1,0
orjson_3_11_9,d75370fbe557f105cc374e9733a31b22edd23a5f,0,195652.66666666666,4168.0,5,3,1,1,1,3,1,0,0,0,1,0,1,1,0,0,0,0,0,0,0,0,0,0,0,0,0,0,0,0,0,0,0,0,0,0,0,0,0,0,0,0,0,0,0,0,0,0,1,0
orjson_3_12_0,d75370fbe557f105cc374e9733a31b22edd23a5f,0,197489.5,4168.0,5,3,1,1,1,3,1,0,0,0,1,0,1,1,0,0,0,0,0,0,0,0,0,0,0,0,0,0,0,0,0,0,0,0,0,0,0,0,0,0,0,0,0,0,0,0,0,0,1,0
orjson_3_11_5,e29a5efe1cc12f4132589beda46f57073d938e90,0,209861.0,4168.0,3,1,1,1,1,4,1,0,0,0,1,1,5,1,0,0,0,0,0,0,0,0,0,0,0,0,0,0,0,0,0,0,0,0,0,0,0,0,0,0,0,0,0,0,0,0,0,0,1,0
orjson_3_11_6,e29a5efe1cc12f4132589beda46f57073d938e90,0,211777.66666666666,4168.0,3,1,1,1,1,4,1,0,0,0,1,1,5,1,0,0,0,0,0,0,0,0,0,0,0,0,0,0,0,0,0,0,0,0,0,0,0,0,0,0,0,0,0,0,0,0,0,0,1,0
orjson_3_11_7,e29a5efe1cc12f4132589beda46f57073d938e90,0,214406.5,4168.0,3,1,1,1,1,4,1,0,0,0,1,1,5,1,0,0,0,0,0,0,0,0,0,0,0,0,0,0,0,0,0,0,0,0,0,0,0,0,0,0,0,0,0,0,0,0,0,0,1,0
orjson_3_11_8,e29a5efe1cc12f4132589beda46f57073d938e90,0,215100.0,4168.0,3,1,1,1,1,4,1,0,0,0,1,1,5,1,0,0,0,0,0,0,0,0,0,0,0,0,0,0,0,0,0,0,0,0,0,0,0,0,0,0,0,0,0,0,0,0,0,0,1,0
orjson_3_11_9,e29a5efe1cc12f4132589beda46f57073d938e90,0,208513.66666666666,4168.0,3,1,1,1,1,4,1,0,0,0,1,1,5,1,0,0,0,0,0,0,0,0,0,0,0,0,0,0,0,0,0,0,0,0,0,0,0,0,0,0,0,0,0,0,0,0,0,0,1,0
orjson_3_12_0,e29a5efe1cc12f4132589beda46f57073d938e90,0,213041.75,4168.0,3,1,1,1,1,4,1,0,0,0,1,1,5,1,0,0,0,0,0,0,0,0,0,0,0,0,0,0,0,0,0,0,0,0,0,0,0,0,0,0,0,0,0,0,0,0,0,0,1,0
orjson_3_11_5,5f4d93386ddc641e7e2bb8ffe25c8273494e9701,0,212264.33333333334,4168.0,9,7,1,1,1,4,1,0,0,0,1,1,1,1,0,0,0,0,0,0,0,0,0,0,0,0,0,0,0,0,0,0,0,0,0,0,0,0,0,0,0,0,0,0,0,0,0,0,1,0
orjson_3_11_6,5f4d93386ddc641e7e2bb8ffe25c8273494e9701,0,206444.0,4168.0,9,7,1,1,1,4,1,0,0,0,1,1,1,1,0,0,0,0,0,0,0,0,0,0,0,0,0,0,0,0,0,0,0,0,0,0,0,0,0,0,0,0,0,0,0,0,0,0,1,0
orjson_3_11_7,5f4d93386ddc641e7e2bb8ffe25c8273494e9701,0,210958.0,4168.0,9,7,1,1,1,4,1,0,0,0,1,1,1,1,0,0,0,0,0,0,0,0,0,0,0,0,0,0,0,0,0,0,0,0,0,0,0,0,0,0,0,0,0,0,0,0,0,0,1,0
orjson_3_11_8,5f4d93386ddc641e7e2bb8ffe25c8273494e9701,0,211680.66666666666,4168.0,9,7,1,1,1,4,1,0,0,0,1,1,1,1,0,0,0,0,0,0,0,0,0,0,0,0,0,0,0,0,0,0,0,0,0,0,0,0,0,0,0,0,0,0,0,0,0,0,1,0
orjson_3_11_9,5f4d93386ddc641e7e2bb8ffe25c8273494e9701,0,211124.66666666666,4168.0,9,7,1,1,1,4,1,0,0,0,1,1,1,1,0,0,0,0,0,0,0,0,0,0,0,0,0,0,0,0,0,0,0,0,0,0,0,0,0,0,0,0,0,0,0,0,0,0,1,0
orjson_3_12_0,5f4d93386ddc641e7e2bb8ffe25c8273494e9701,0,209635.5,4168.0,9,7,1,1,1,4,1,0,0,0,1,1,1,1,0,0,0,0,0,0,0,0,0,0,0,0,0,0,0,0,0,0,0,0,0,0,0,0,0,0,0,0,0,0,0,0,0,0,1,0
orjson_3_11_5,8fcb6bcef0c8acfd2ab4c20284117113ccd11b29,0,211458.0,4168.0,4,2,1,1,1,5,1,0,0,0,1,1,1,1,0,0,0,0,0,0,0,0,0,0,0,0,0,0,0,0,0,0,0,0,0,0,0,0,0,0,0,0,0,0,0,0,0,0,1,0
orjson_3_11_6,8fcb6bcef0c8acfd2ab4c20284117113ccd11b29,0,207718.5,4168.0,4,2,1,1,1,5,1,0,0,0,1,1,1,1,0,0,0,0,0,0,0,0,0,0,0,0,0,0,0,0,0,0,0,0,0,0,0,0,0,0,0,0,0,0,0,0,0,0,1,0
orjson_3_11_7,8fcb6bcef0c8acfd2ab4c20284117113ccd11b29,0,213694.66666666666,4168.0,4,2,1,1,1,5,1,0,0,0,1,1,1,1,0,0,0,0,0,0,0,0,0,0,0,0,0,0,0,0,0,0,0,0,0,0,0,0,0,0,0,0,0,0,0,0,0,0,1,0
orjson_3_11_8,8fcb6bcef0c8acfd2ab4c20284117113ccd11b29,0,210729.25,4168.0,4,2,1,1,1,5,1,0,0,0,1,1,1,1,0,0,0,0,0,0,0,0,0,0,0,0,0,0,0,0,0,0,0,0,0,0,0,0,0,0,0,0,0,0,0,0,0,0,1,0
orjson_3_11_9,8fcb6bcef0c8acfd2ab4c20284117113ccd11b29,0,208028.0,4168.0,4,2,1,1,1,5,1,0,0,0,1,1,1,1,0,0,0,0,0,0,0,0,0,0,0,0,0,0,0,0,0,0,0,0,0,0,0,0,0,0,0,0,0,0,0,0,0,0,1,0
orjson_3_12_0,8fcb6bcef0c8acfd2ab4c20284117113ccd11b29,0,216437.75,4168.0,4,2,1,1,1,5,1,0,0,0,1,1,1,1,0,0,0,0,0,0,0,0,0,0,0,0,0,0,0,0,0,0,0,0,0,0,0,0,0,0,0,0,0,0,0,0,0,0,1,0
orjson_3_11_5,b2e816a6d6f36b9b2f82264782cd8060569ed199,0,213437.75,4168.0,4,2,1,1,1,10,1,0,0,0,1,0,1,1,0,0,0,0,0,0,0,0,0,0,0,0,0,0,0,0,0,0,0,0,0,0,0,0,0,0,0,0,0,0,0,0,0,0,1,0
orjson_3_11_6,b2e816a6d6f36b9b2f82264782cd8060569ed199,0,213430.66666666666,4168.0,4,2,1,1,1,10,1,0,0,0,1,0,1,1,0,0,0,0,0,0,0,0,0,0,0,0,0,0,0,0,0,0,0,0,0,0,0,0,0,0,0,0,0,0,0,0,0,0,1,0
orjson_3_11_7,b2e816a6d6f36b9b2f82264782cd8060569ed199,0,214986.0,4168.0,4,2,1,1,1,10,1,0,0,0,1,0,1,1,0,0,0,0,0,0,0,0,0,0,0,0,0,0,0,0,0,0,0,0,0,0,0,0,0,0,0,0,0,0,0,0,0,0,1,0
orjson_3_11_8,b2e816a6d6f36b9b2f82264782cd8060569ed199,0,215708.33333333334,4168.0,4,2,1,1,1,10,1,0,0,0,1,0,1,1,0,0,0,0,0,0,0,0,0,0,0,0,0,0,0,0,0,0,0,0,0,0,0,0,0,0,0,0,0,0,0,0,0,0,1,0
orjson_3_11_9,b2e816a6d6f36b9b2f82264782cd8060569ed199,0,212948.0,4168.0,4,2,1,1,1,10,1,0,0,0,1,0,1,1,0,0,0,0,0,0,0,0,0,0,0,0,0,0,0,0,0,0,0,0,0,0,0,0,0,0,0,0,0,0,0,0,0,0,1,0
orjson_3_12_0,b2e816a6d6f36b9b2f82264782cd8060569ed199,0,215527.66666666666,4168.0,4,2,1,1,1,10,1,0,0,0,1,0,1,1,0,0,0,0,0,0,0,0,0,0,0,0,0,0,0,0,0,0,0,0,0,0,0,0,0,0,0,0,0,0,0,0,0,0,1,0
orjson_3_11_5,54c0c73f303a2006d5b8b06f71d90a88cc2787d1,0,219736.33333333334,4168.0,9,7,1,1,1,9,1,0,0,0,1,1,3,1,0,0,0,0,0,0,0,0,0,0,0,0,0,0,0,0,0,0,0,0,0,0,0,0,0,0,0,0,0,0,0,0,0,0,1,0
orjson_3_11_6,54c0c73f303a2006d5b8b06f71d90a88cc2787d1,0,214625.0,4168.0,9,7,1,1,1,9,1,0,0,0,1,1,3,1,0,0,0,0,0,0,0,0,0,0,0,0,0,0,0,0,0,0,0,0,0,0,0,0,0,0,0,0,0,0,0,0,0,0,1,0
orjson_3_11_7,54c0c73f303a2006d5b8b06f71d90a88cc2787d1,0,214722.0,4168.0,9,7,1,1,1,9,1,0,0,0,1,1,3,1,0,0,0,0,0,0,0,0,0,0,0,0,0,0,0,0,0,0,0,0,0,0,0,0,0,0,0,0,0,0,0,0,0,0,1,0
orjson_3_11_8,54c0c73f303a2006d5b8b06f71d90a88cc2787d1,0,215694.66666666666,4168.0,9,7,1,1,1,9,1,0,0,0,1,1,3,1,0,0,0,0,0,0,0,0,0,0,0,0,0,0,0,0,0,0,0,0,0,0,0,0,0,0,0,0,0,0,0,0,0,0,1,0
orjson_3_11_9,54c0c73f303a2006d5b8b06f71d90a88cc2787d1,0,248283.3,4168.0,9,7,1,1,1,9,1,0,0,0,1,1,3,1,0,0,0,0,0,0,0,0,0,0,0,0,0,0,0,0,0,0,0,0,0,0,0,0,0,0,0,0,0,0,0,0,0,0,1,0
orjson_3_12_0,54c0c73f303a2006d5b8b06f71d90a88cc2787d1,0,219361.33333333334,4168.0,9,7,1,1,1,9,1,0,0,0,1,1,3,1,0,0,0,0,0,0,0,0,0,0,0,0,0,0,0,0,0,0,0,0,0,0,0,0,0,0,0,0,0,0,0,0,0,0,1,0
orjson_3_11_5,80447ffc730a70f9814d238923240f5e1f914139,0,226270.75,4168.0,9,7,1,1,1,13,1,0,0,0,1,1,3,1,0,0,0,0,0,0,0,0,0,0,0,0,0,0,0,0,0,0,0,0,0,0,0,0,0,0,0,0,0,0,0,0,0,0,1,0
orjson_3_11_6,80447ffc730a70f9814d238923240f5e1f914139,0,227347.33333333334,4168.0,9,7,1,1,1,13,1,0,0,0,1,1,3,1,0,0,0,0,0,0,0,0,0,0,0,0,0,0,0,0,0,0,0,0,0,0,0,0,0,0,0,0,0,0,0,0,0,0,1,0
orjson_3_11_7,80447ffc730a70f9814d238923240f5e1f914139,0,224027.66666666666,4168.0,9,7,1,1,1,13,1,0,0,0,1,1,3,1,0,0,0,0,0,0,0,0,0,0,0,0,0,0,0,0,0,0,0,0,0,0,0,0,0,0,0,0,0,0,0,0,0,0,1,0
orjson_3_11_8,80447ffc730a70f9814d238923240f5e1f914139,0,224111.0,4168.0,9,7,1,1,1,13,1,0,0,0,1,1,3,1,0,0,0,0,0,0,0,0,0,0,0,0,0,0,0,0,0,0,0,0,0,0,0,0,0,0,0,0,0,0,0,0,0,0,1,0
orjson_3_11_9,80447ffc730a70f9814d238923240f5e1f914139,0,225777.66666666666,4168.0,9,7,1,1,1,13,1,0,0,0,1,1,3,1,0,0,0,0,0,0,0,0,0,0,0,0,0,0,0,0,0,0,0,0,0,0,0,0,0,0,0,0,0,0,0,0,0,0,1,0
orjson_3_12_0,80447ffc730a70f9814d238923240f5e1f914139,0,225486.0,4168.0,9,7,1,1,1,13,1,0,0,0,1,1,3,1,0,0,0,0,0,0,0,0,0,0,0,0,0,0,0,0,0,0,0,0,0,0,0,0,0,0,0,0,0,0,0,0,0,0,1,0
orjson_3_11_5,8995ed358ba9cc49eedb8bdd97caa3bb14539788,0,8649249.666666666,24676.0,185,46,0,1,0,3,2,0,1,1,1,3,1,3,2,2,0,15,15,18,11,407,178,91,27,27,37,87,14,7,2,5,7,5,229,389,3,2,8,52,58,2,4,44,4,7,10,4,3,796
orjson_3_11_6,8995ed358ba9cc49eedb8bdd97caa3bb14539788,0,8713597.0,24676.0,185,46,0,1,0,3,2,0,1,1,1,3,1,3,2,2,0,15,15,18,11,407,178,91,27,27,37,87,14,7,2,5,7,5,229,389,3,2,8,52,58,2,4,44,4,7,10,4,3,796
orjson_3_11_7,8995ed358ba9cc49eedb8bdd97caa3bb14539788,0,8699000.0,24676.0,185,46,0,1,0,3,2,0,1,1,1,3,1,3,2,2,0,15,15,18,11,407,178,91,27,27,37,87,14,7,2,5,7,5,229,389,3,2,8,52,58,2,4,44,4,7,10,4,3,796
orjson_3_11_8,8995ed358ba9cc49eedb8bdd97caa3bb14539788,0,8756458.333333334,24676.0,185,46,0,1,0,3,2,0,1,1,1,3,1,3,2,2,0,15,15,18,11,407,178,91,27,27,37,87,14,7,2,5,7,5,229,389,3,2,8,52,58,2,4,44,4,7,10,4,3,796
orjson_3_11_9,8995ed358ba9cc49eedb8bdd97caa3bb14539788,0,8350861.333333333,24676.0,185,46,0,1,0,3,2,0,1,1,1,3,1,3,2,2,0,15,15,18,11,407,178,91,27,27,37,87,14,7,2,5,7,5,229,389,3,2,8,52,58,2,4,44,4,7,10,4,3,796
orjson_3_12_0,8995ed358ba9cc49eedb8bdd97caa3bb14539788,0,8302194.333333333,24676.0,185,46,0,1,0,3,2,0,1,1,1,3,1,3,2,2,0,15,15,18,11,407,178,91,27,27,37,87,14,7,2,5,7,5,229,389,3,2,8,52,58,2,4,44,4,7,10,4,3,796
orjson_3_11_5,0496b61aa2e9f74b83ba03f848a9985af1928c32,0,10361611.0,24912.0,139,52,0,3,2,10,1,2,1,1,2,3,5,4,1,1,0,1,5,1,18,425,206,103,34,37,32,103,14,4,5,5,4,5,219,419,3,3,15,17,21,3,1,2,1,5,18,8,4,844
orjson_3_11_6,0496b61aa2e9f74b83ba03f848a9985af1928c32,0,10413986.0,24912.0,139,52,0,3,2,10,1,2,1,1,2,3,5,4,1,1,0,1,5,1,18,425,206,103,34,37,32,103,14,4,5,5,4,5,219,419,3,3,15,17,21,3,1,2,1,5,18,8,4,844
orjson_3_11_7,0496b61aa2e9f74b83ba03f848a9985af1928c32,0,10366736.0,24912.0,139,52,0,3,2,10,1,2,1,1,2,3,5,4,1,1,0,1,5,1,18,425,206,103,34,37,32,103,14,4,5,5,4,5,219,419,3,3,15,17,21,3,1,2,1,5,18,8,4,844
orjson_3_11_8,0496b61aa2e9f74b83ba03f848a9985af1928c32,0,10515097.0,24912.0,139,52,0,3,2,10,1,2,1,1,2,3,5,4,1,1,0,1,5,1,18,425,206,103,34,37,32,103,14,4,5,5,4,5,219,419,3,3,15,17,21,3,1,2,1,5,18,8,4,844
orjson_3_11_9,0496b61aa2e9f74b83ba03f848a9985af1928c32,0,9926472.333333334,24912.0,139,52,0,3,2,10,1,2,1,1,2,3,5,4,1,1,0,1,5,1,18,425,206,103,34,37,32,103,14,4,5,5,4,5,219,419,3,3,15,17,21,3,1,2,1,5,18,8,4,844
orjson_3_12_0,0496b61aa2e9f74b83ba03f848a9985af1928c32,0,10013402.333333334,24912.0,139,52,0,3,2,10,1,2,1,1,2,3,5,4,1,1,0,1,5,1,18,425,206,103,34,37,32,103,14,4,5,5,4,5,219,419,3,3,15,17,21,3,1,2,1,5,18,8,4,844
orjson_3_11_5,6ce81eea888329f893c9dd91202b4332b56edd99,0,8702430.333333334,24574.0,228,83,0,3,2,16,2,2,1,1,2,3,2,8,5,2,3,10,15,17,12,371,181,91,28,30,33,90,9,5,3,1,5,1,190,365,4,1,4,59,65,1,5,55,5,7,5,5,8,736
orjson_3_11_6,6ce81eea888329f893c9dd91202b4332b56edd99,0,8741666.666666666,24574.0,228,83,0,3,2,16,2,2,1,1,2,3,2,8,5,2,3,10,15,17,12,371,181,91,28,30,33,90,9,5,3,1,5,1,190,365,4,1,4,59,65,1,5,55,5,7,5,5,8,736
orjson_3_11_7,6ce81eea888329f893c9dd91202b4332b56edd99,0,8752125.0,24574.0,228,83,0,3,2,16,2,2,1,1,2,3,2,8,5,2,3,10,15,17,12,371,181,91,28,30,33,90,9,5,3,1,5,1,190,365,4,1,4,59,65,1,5,55,5,7,5,5,8,736
orjson_3_11_8,6ce81eea888329f893c9dd91202b4332b56edd99,0,8778056.0,24574.0,228,83,0,3,2,16,2,2,1,1,2,3,2,8,5,2,3,10,15,17,12,371,181,91,28,30,33,90,9,5,3,1,5,1,190,365,4,1,4,59,65,1,5,55,5,7,5,5,8,736
orjson_3_11_9,6ce81eea888329f893c9dd91202b4332b56edd99,0,8474000.0,24574.0,228,83,0,3,2,16,2,2,1,1,2,3,2,8,5,2,3,10,15,17,12,371,181,91,28,30,33,90,9,5,3,1,5,1,190,365,4,1,4,59,65,1,5,55,5,7,5,5,8,736
orjson_3_12_0,6ce81eea888329f893c9dd91202b4332b56edd99,0,8466639.0,24574.0,228,83,0,3,2,16,2,2,1,1,2,3,2,8,5,2,3,10,15,17,12,371,181,91,28,30,33,90,9,5,3,1,5,1,190,365,4,1,4,59,65,1,5,55,5,7,5,5,8,736
orjson_3_11_5,640b165aa1c0b6c8c6fb5356b6b1ab7647081573,0,10181902.666666666,25257.0,203,50,0,2,1,6,1,0,1,1,1,1,1,4,2,0,2,3,10,6,40,372,182,81,20,25,36,101,7,3,2,2,3,2,190,406,3,3,33,33,36,3,0,0,0,4,36,7,4,778
orjson_3_11_6,640b165aa1c0b6c8c6fb5356b6b1ab7647081573,0,10226097.0,25257.0,203,50,0,2,1,6,1,0,1,1,1,1,1,4,2,0,2,3,10,6,40,372,182,81,20,25,36,101,7,3,2,2,3,2,190,406,3,3,33,33,36,3,0,0,0,4,36,7,4,778
orjson_3_11_7,640b165aa1c0b6c8c6fb5356b6b1ab7647081573,0,10232583.333333334,25257.0,203,50,0,2,1,6,1,0,1,1,1,1,1,4,2,0,2,3,10,6,40,372,182,81,20,25,36,101,7,3,2,2,3,2,190,406,3,3,33,33,36,3,0,0,0,4,36,7,4,778
orjson_3_11_8,640b165aa1c0b6c8c6fb5356b6b1ab7647081573,0,10197111.0,25257.0,203,50,0,2,1,6,1,0,1,1,1,1,1,4,2,0,2,3,10,6,40,372,182,81,20,25,36,101,7,3,2,2,3,2,190,406,3,3,33,33,36,3,0,0,0,4,36,7,4,778
orjson_3_11_9,640b165aa1c0b6c8c6fb5356b6b1ab7647081573,0,9940431.0,25257.0,203,50,0,2,1,6,1,0,1,1,1,1,1,4,2,0,2,3,10,6,40,372,182,81,20,25,36,101,7,3,2,2,3,2,190,406,3,3,33,33,36,3,0,0,0,4,36,7,4,778
orjson_3_12_0,640b165aa1c0b6c8c6fb5356b6b1ab7647081573,0,9968180.666666666,25257.0,203,50,0,2,1,6,1,0,1,1,1,1,1,4,2,0,2,3,10,6,40,372,182,81,20,25,36,101,7,3,2,2,3,2,190,406,3,3,33,33,36,3,0,0,0,4,36,7,4,778
orjson_3_11_5,5bd55323c098086ff9ce0a1ead1521325658a09f,0,10467319.666666666,25319.0,146,46,0,1,1,1,1,2,0,0,1,3,2,4,3,1,1,4,7,2,28,436,212,111,40,39,32,101,11,3,5,3,3,3,224,389,2,2,22,22,24,2,0,0,0,3,24,2,4,825
orjson_3_11_6,5bd55323c098086ff9ce0a1ead1521325658a09f,0,10435166.666666666,25319.0,146,46,0,1,1,1,1,2,0,0,1,3,2,4,3,1,1,4,7,2,28,436,212,111,40,39,32,101,11,3,5,3,3,3,224,389,2,2,22,22,24,2,0,0,0,3,24,2,4,825
orjson_3_11_7,5bd55323c098086ff9ce0a1ead1521325658a09f,0,10373222.0,25319.0,146,46,0,1,1,1,1,2,0,0,1,3,2,4,3,1,1,4,7,2,28,436,212,111,40,39,32,101,11,3,5,3,3,3,224,389,2,2,22,22,24,2,0,0,0,3,24,2,4,825
orjson_3_11_8,5bd55323c098086ff9ce0a1ead1521325658a09f,0,10410139.333333334,25319.0,146,46,0,1,1,1,1,2,0,0,1,3,2,4,3,1,1,4,7,2,28,436,212,111,40,39,32,101,11,3,5,3,3,3,224,389,2,2,22,22,24,2,0,0,0,3,24,2,4,825
orjson_3_11_9,5bd55323c098086ff9ce0a1ead1521325658a09f,0,10010583.0,25319.0,146,46,0,1,1,1,1,2,0,0,1,3,2,4,3,1,1,4,7,2,28,436,212,111,40,39,32,101,11,3,5,3,3,3,224,389,2,2,22,22,24,2,0,0,0,3,24,2,4,825
orjson_3_12_0,5bd55323c098086ff9ce0a1ead1521325658a09f,0,10304837.7,25319.0,146,46,0,1,1,1,1,2,0,0,1,3,2,4,3,1,1,4,7,2,28,436,212,111,40,39,32,101,11,3,5,3,3,3,224,389,2,2,22,22,24,2,0,0,0,3,24,2,4,825
orjson_3_11_5,00376efa3d7f25bd6d7e12fd73b017e0a2e3a116,0,8240944.333333333,23972.0,100,47,0,2,0,0,0,0,2,2,2,3,8,3,1,0,1,1,2,2,13,447,234,118,45,34,39,116,15,4,6,5,4,5,213,458,3,3,8,10,14,3,1,2,1,4,11,2,3,905
orjson_3_11_6,00376efa3d7f25bd6d7e12fd73b017e0a2e3a116,0,8295639.0,23972.0,100,47,0,2,0,0,0,0,2,2,2,3,8,3,1,0,1,1,2,2,13,447,234,118,45,34,39,116,15,4,6,5,4,5,213,458,3,3,8,10,14,3,1,2,1,4,11,2,3,905
orjson_3_11_7,00376efa3d7f25bd6d7e12fd73b017e0a2e3a116,0,8162916.666666667,23972.0,100,47,0,2,0,0,0,0,2,2,2,3,8,3,1,0,1,1,2,2,13,447,234,118,45,34,39,116,15,4,6,5,4,5,213,458,3,3,8,10,14,3,1,2,1,4,11,2,3,905
orjson_3_11_8,00376efa3d7f25bd6d7e12fd73b017e0a2e3a116,0,8142736.333333333,23972.0,100,47,0,2,0,0,0,0,2,2,2,3,8,3,1,0,1,1,2,2,13,447,234,118,45,34,39,116,15,4,6,5,4,5,213,458,3,3,8,10,14,3,1,2,1,4,11,2,3,905
orjson_3_11_9,00376efa3d7f25bd6d7e12fd73b017e0a2e3a116,0,7758763.666666667,23972.0,100,47,0,2,0,0,0,0,2,2,2,3,8,3,1,0,1,1,2,2,13,447,234,118,45,34,39,116,15,4,6,5,4,5,213,458,3,3,8,10,14,3,1,2,1,4,11,2,3,905
orjson_3_12_0,00376efa3d7f25bd6d7e12fd73b017e0a2e3a116,0,7740694.333333333,23972.0,100,47,0,2,0,0,0,0,2,2,2,3,8,3,1,0,1,1,2,2,13,447,234,118,45,34,39,116,15,4,6,5,4,5,213,458,3,3,8,10,14,3,1,2,1,4,11,2,3,905
orjson_3_11_5,63ca99a8596f1e49e0fa152296b7eb8392753bdb,0,9731385.5,24727.0,111,45,0,3,1,2,1,1,2,2,1,3,1,4,1,1,0,0,4,1,16,437,225,109,32,40,37,116,8,2,3,3,2,3,212,459,2,2,13,13,15,2,0,0,0,3,15,4,4,896
orjson_3_11_6,63ca99a8596f1e49e0fa152296b7eb8392753bdb,0,9768458.0,24727.0,111,45,0,3,1,2,1,1,2,2,1,3,1,4,1,1,0,0,4,1,16,437,225,109,32,40,37,116,8,2,3,3,2,3,212,459,2,2,13,13,15,2,0,0,0,3,15,4,4,896
orjson_3_11_7,63ca99a8596f1e49e0fa152296b7eb8392753bdb,0,9703916.333333334,24727.0,111,45,0,3,1,2,1,1,2,2,1,3,1,4,1,1,0,0,4,1,16,437,225,109,32,40,37,116,8,2,3,3,2,3,212,459,2,2,13,13,15,2,0,0,0,3,15,4,4,896
orjson_3_11_8,63ca99a8596f1e49e0fa152296b7eb8392753bdb,0,9852569.666666666,24727.0,111,45,0,3,1,2,1,1,2,2,1,3,1,4,1,1,0,0,4,1,16,437,225,109,32,40,37,116,8,2,3,3,2,3,212,459,2,2,13,13,15,2,0,0,0,3,15,4,4,896
orjson_3_11_9,63ca99a8596f1e49e0fa152296b7eb8392753bdb,0,9389375.333333334,24727.0,111,45,0,3,1,2,1,1,2,2,1,3,1,4,1,1,0,0,4,1,16,437,225,109,32,40,37,116,8,2,3,3,2,3,212,459,2,2,13,13,15,2,0,0,0,3,15,4,4,896
orjson_3_12_0,63ca99a8596f1e49e0fa152296b7eb8392753bdb,0,9398458.0,24727.0,111,45,0,3,1,2,1,1,2,2,1,3,1,4,1,1,0,0,4,1,16,437,225,109,32,40,37,116,8,2,3,3,2,3,212,459,2,2,13,13,15,2,0,0,0,3,15,4,4,896
orjson_3_11_5,5ad92d46e2e9af90780f3a07ca9c4a80f3d3ad52,0,11334486.333333334,25081.0,203,74,0,0,0,0,0,1,0,0,0,1,0,2,2,0,1,4,7,4,40,393,186,96,26,32,38,90,9,3,3,3,3,3,207,388,5,5,25,27,33,5,1,2,1,6,30,2,2,781
orjson_3_11_6,5ad92d46e2e9af90780f3a07ca9c4a80f3d3ad52,0,11033278.0,25081.0,203,74,0,0,0,0,0,1,0,0,0,1,0,2,2,0,1,4,7,4,40,393,186,96,26,32,38,90,9,3,3,3,3,3,207,388,5,5,25,27,33,5,1,2,1,6,30,2,2,781
orjson_3_11_7,5ad92d46e2e9af90780f3a07ca9c4a80f3d3ad52,0,11015666.333333334,25081.0,203,74,0,0,0,0,0,1,0,0,0,1,0,2,2,0,1,4,7,4,40,393,186,96,26,32,38,90,9,3,3,3,3,3,207,388,5,5,25,27,33,5,1,2,1,6,30,2,2,781
orjson_3_11_8,5ad92d46e2e9af90780f3a07ca9c4a80f3d3ad52,0,11101180.666666666,25081.0,203,74,0,0,0,0,0,1,0,0,0,1,0,2,2,0,1,4,7,4,40,393,186,96,26,32,38,90,9,3,3,3,3,3,207,388,5,5,25,27,33,5,1,2,1,6,30,2,2,781
orjson_3_11_9,5ad92d46e2e9af90780f3a07ca9c4a80f3d3ad52,0,11023083.5,25081.0,203,74,0,0,0,0,0,1,0,0,0,1,0,2,2,0,1,4,7,4,40,393,186,96,26,32,38,90,9,3,3,3,3,3,207,388,5,5,25,27,33,5,1,2,1,6,30,2,2,781
orjson_3_12_0,5ad92d46e2e9af90780f3a07ca9c4a80f3d3ad52,0,10914970.9,25081.0,203,74,0,0,0,0,0,1,0,0,0,1,0,2,2,0,1,4,7,4,40,393,186,96,26,32,38,90,9,3,3,3,3,3,207,388,5,5,25,27,33,5,1,2,1,6,30,2,2,781
orjson_3_11_5,383b19b70dba5f0796485b8f578aeaa6cc2c80ba,0,8433417.0,23811.0,220,103,0,2,2,21,2,3,0,0,2,6,3,6,4,0,1,8,5,6,22,376,170,92,33,27,32,78,10,4,4,2,4,2,206,386,6,6,10,33,40,6,1,23,1,4,16,4,6,762
orjson_3_11_6,383b19b70dba5f0796485b8f578aeaa6cc2c80ba,0,8519152.333333334,23811.0,220,103,0,2,2,21,2,3,0,0,2,6,3,6,4,0,1,8,5,6,22,376,170,92,33,27,32,78,10,4,4,2,4,2,206,386,6,6,10,33,40,6,1,23,1,4,16,4,6,762
orjson_3_11_7,383b19b70dba5f0796485b8f578aeaa6cc2c80ba,0,8508152.333333334,23811.0,220,103,0,2,2,21,2,3,0,0,2,6,3,6,4,0,1,8,5,6,22,376,170,92,33,27,32,78,10,4,4,2,4,2,206,386,6,6,10,33,40,6,1,23,1,4,16,4,6,762
orjson_3_11_8,383b19b70dba5f0796485b8f578aeaa6cc2c80ba,0,8569208.333333334,23811.0,220,103,0,2,2,21,2,3,0,0,2,6,3,6,4,0,1,8,5,6,22,376,170,92,33,27,32,78,10,4,4,2,4,2,206,386,6,6,10,33,40,6,1,23,1,4,16,4,6,762
orjson_3_11_9,383b19b70dba5f0796485b8f578aeaa6cc2c80ba,0,8072514.0,23811.0,220,103,0,2,2,21,2,3,0,0,2,6,3,6,4,0,1,8,5,6,22,376,170,92,33,27,32,78,10,4,4,2,4,2,206,386,6,6,10,33,40,6,1,23,1,4,16,4,6,762
orjson_3_12_0,383b19b70dba5f0796485b8f578aeaa6cc2c80ba,0,8089722.0,23811.0,220,103,0,2,2,21,2,3,0,0,2,6,3,6,4,0,1,8,5,6,22,376,170,92,33,27,32,78,10,4,4,2,4,2,206,386,6,6,10,33,40,6,1,23,1,4,16,4,6,762
orjson_3_11_5,4ec2b32fae34052ef2acc1e3d6a14099a18d314a,0,9341722.333333334,24688.0,206,107,0,1,0,0,1,1,1,1,1,2,1,3,2,1,0,6,5,3,20,427,210,113,42,36,35,97,11,3,6,2,3,2,217,437,5,5,6,28,36,5,3,22,3,6,11,6,3,864
orjson_3_11_6,4ec2b32fae34052ef2acc1e3d6a14099a18d314a,0,9441236.333333334,24688.0,206,107,0,1,0,0,1,1,1,1,1,2,1,3,2,1,0,6,5,3,20,427,210,113,42,36,35,97,11,3,6,2,3,2,217,437,5,5,6,28,36,5,3,22,3,6,11,6,3,864
orjson_3_11_7,4ec2b32fae34052ef2acc1e3d6a14099a18d314a,0,9397264.0,24688.0,206,107,0,1,0,0,1,1,1,1,1,2,1,3,2,1,0,6,5,3,20,427,210,113,42,36,35,97,11,3,6,2,3,2,217,437,5,5,6,28,36,5,3,22,3,6,11,6,3,864
orjson_3_11_8,4ec2b32fae34052ef2acc1e3d6a14099a18d314a,0,9401417.0,24688.0,206,107,0,1,0,0,1,1,1,1,1,2,1,3,2,1,0,6,5,3,20,427,210,113,42,36,35,97,11,3,6,2,3,2,217,437,5,5,6,28,36,5,3,22,3,6,11,6,3,864
orjson_3_11_9,4ec2b32fae34052ef2acc1e3d6a14099a18d314a,0,8830319.666666666,24688.0,206,107,0,1,0,0,1,1,1,1,1,2,1,3,2,1,0,6,5,3,20,427,210,113,42,36,35,97,11,3,6,2,3,2,217,437,5,5,6,28,36,5,3,22,3,6,11,6,3,864
orjson_3_12_0,4ec2b32fae34052ef2acc1e3d6a14099a18d314a,0,8942958.666666666,24688.0,206,107,0,1,0,0,1,1,1,1,1,2,1,3,2,1,0,6,5,3,20,427,210,113,42,36,35,97,11,3,6,2,3,2,217,437,5,5,6,28,36,5,3,22,3,6,11,6,3,864
orjson_3_11_5,ad46b07fbb61a67f611fde8ea05aa6d3e6a67492,0,1537319.6666666667,4712.0,28,14,0,1,1,0,0,1,0,0,1,0,2,1,0,0,0,0,1,0,4,54,30,16,7,4,5,14,1,1,0,0,1,0,24,60,1,1,2,2,3,1,0,0,0,1,3,0,1,114
orjson_3_11_6,ad46b07fbb61a67f611fde8ea05aa6d3e6a67492,0,1543791.6666666667,4712.0,28,14,0,1,1,0,0,1,0,0,1,0,2,1,0,0,0,0,1,0,4,54,30,16,7,4,5,14,1,1,0,0,1,0,24,60,1,1,2,2,3,1,0,0,0,1,3,0,1,114
orjson_3_11_7,ad46b07fbb61a67f611fde8ea05aa6d3e6a67492,0,1530902.6666666667,4712.0,28,14,0,1,1,0,0,1,0,0,1,0,2,1,0,0,0,0,1,0,4,54,30,16,7,4,5,14,1,1,0,0,1,0,24,60,1,1,2,2,3,1,0,0,0,1,3,0,1,114
orjson_3_11_8,ad46b07fbb61a67f611fde8ea05aa6d3e6a67492,0,1519479.25,4712.0,28,14,0,1,1,0,0,1,0,0,1,0,2,1,0,0,0,0,1,0,4,54,30,16,7,4,5,14,1,1,0,0,1,0,24,60,1,1,2,2,3,1,0,0,0,1,3,0,1,114
orjson_3_11_9,ad46b07fbb61a67f611fde8ea05aa6d3e6a67492,0,1481083.3333333333,4712.0,28,14,0,1,1,0,0,1,0,0,1,0,2,1,0,0,0,0,1,0,4,54,30,16,7,4,5,14,1,1,0,0,1,0,24,60,1,1,2,2,3,1,0,0,0,1,3,0,1,114
orjson_3_12_0,ad46b07fbb61a67f611fde8ea05aa6d3e6a67492,0,1475916.3333333333,4712.0,28,14,0,1,1,0,0,1,0,0,1,0,2,1,0,0,0,0,1,0,4,54,30,16,7,4,5,14,1,1,0,0,1,0,24,60,1,1,2,2,3,1,0,0,0,1,3,0,1,114
orjson_3_11_5,d73008dfadb584c77b5288ab65d371b17d3eabb3,0,486444.6666666667,4168.0,22,8,0,0,0,0,0,0,0,0,0,0,0,0,0,0,0,0,1,2,3,10,3,3,1,1,1,0,0,0,0,0,0,0,7,9,1,1,2,2,3,1,0,0,0,1,3,0,0,19
orjson_3_11_6,d73008dfadb584c77b5288ab65d371b17d3eabb3,0,483972.6666666667,4168.0,22,8,0,0,0,0,0,0,0,0,0,0,0,0,0,0,0,0,1,2,3,10,3,3,1,1,1,0,0,0,0,0,0,0,7,9,1,1,2,2,3,1,0,0,0,1,3,0,0,19
orjson_3_11_7,d73008dfadb584c77b5288ab65d371b17d3eabb3,0,496680.3333333333,4168.0,22,8,0,0,0,0,0,0,0,0,0,0,0,0,0,0,0,0,1,2,3,10,3,3,1,1,1,0,0,0,0,0,0,0,7,9,1,1,2,2,3,1,0,0,0,1,3,0,0,19
orjson_3_11_8,d73008dfadb584c77b5288ab65d371b17d3eabb3,0,496403.3333333333,4168.0,22,8,0,0,0,0,0,0,0,0,0,0,0,0,0,0,0,0,1,2,3,10,3,3,1,1,1,0,0,0,0,0,0,0,7,9,1,1,2,2,3,1,0,0,0,1,3,0,0,19
orjson_3_11_9,d73008dfadb584c77b5288ab65d371b17d3eabb3,0,492291.6666666667,4168.0,22,8,0,0,0,0,0,0,0,0,0,0,0,0,0,0,0,0,1,2,3,10,3,3,1,1,1,0,0,0,0,0,0,0,7,9,1,1,2,2,3,1,0,0,0,1,3,0,0,19
orjson_3_12_0,d73008dfadb584c77b5288ab65d371b17d3eabb3,0,487374.6666666667,4168.0,22,8,0,0,0,0,0,0,0,0,0,0,0,0,0,0,0,0,1,2,3,10,3,3,1,1,1,0,0,0,0,0,0,0,7,9,1,1,2,2,3,1,0,0,0,1,3,0,0,19
orjson_3_11_5,adb08a6ccfcc5a046faf7f4c263189374911473c,0,1494388.6666666667,4699.0,19,8,0,0,0,0,0,0,0,0,0,0,0,0,0,0,0,0,0,0,3,72,32,15,6,2,7,17,3,0,1,2,0,2,40,74,1,1,1,1,2,1,0,0,0,2,2,1,0,146
orjson_3_11_6,adb08a6ccfcc5a046faf7f4c263189374911473c,0,1493264.3333333333,4699.0,19,8,0,0,0,0,0,0,0,0,0,0,0,0,0,0,0,0,0,0,3,72,32,15,6,2,7,17,3,0,1,2,0,2,40,74,1,1,1,1,2,1,0,0,0,2,2,1,0,146
orjson_3_11_7,adb08a6ccfcc5a046faf7f4c263189374911473c,0,1506778.0,4699.0,19,8,0,0,0,0,0,0,0,0,0,0,0,0,0,0,0,0,0,0,3,72,32,15,6,2,7,17,3,0,1,2,0,2,40,74,1,1,1,1,2,1,0,0,0,2,2,1,0,146
orjson_3_11_8,adb08a6ccfcc5a046faf7f4c263189374911473c,0,1503930.3333333333,4699.0,19,8,0,0,0,0,0,0,0,0,0,0,0,0,0,0,0,0,0,0,3,72,32,15,6,2,7,17,3,0,1,2,0,2,40,74,1,1,1,1,2,1,0,0,0,2,2,1,0,146
orjson_3_11_9,adb08a6ccfcc5a046faf7f4c263189374911473c,0,1440444.3333333333,4699.0,19,8,0,0,0,0,0,0,0,0,0,0,0,0,0,0,0,0,0,0,3,72,32,15,6,2,7,17,3,0,1,2,0,2,40,74,1,1,1,1,2,1,0,0,0,2,2,1,0,146
orjson_3_12_0,adb08a6ccfcc5a046faf7f4c263189374911473c,0,1447388.6666666667,4699.0,19,8,0,0,0,0,0,0,0,0,0,0,0,0,0,0,0,0,0,0,3,72,32,15,6,2,7,17,3,0,1,2,0,2,40,74,1,1,1,1,2,1,0,0,0,2,2,1,0,146
orjson_3_11_5,76eadce4224d569075336318f0095b6cd4d199a3,0,4715083.0,14632.0,25,15,0,0,0,0,0,0,0,0,0,0,0,0,0,0,0,0,0,1,3,266,143,58,22,15,21,85,14,7,6,1,7,1,123,257,1,1,1,1,2,1,0,0,0,1,2,0,0,523
orjson_3_11_6,76eadce4224d569075336318f0095b6cd4d199a3,0,4690041.666666667,14632.0,25,15,0,0,0,0,0,0,0,0,0,0,0,0,0,0,0,0,0,1,3,266,143,58,22,15,21,85,14,7,6,1,7,1,123,257,1,1,1,1,2,1,0,0,0,1,2,0,0,523
orjson_3_11_7,76eadce4224d569075336318f0095b6cd4d199a3,0,4621221.666666667,14632.0,25,15,0,0,0,0,0,0,0,0,0,0,0,0,0,0,0,0,0,1,3,266,143,58,22,15,21,85,14,7,6,1,7,1,123,257,1,1,1,1,2,1,0,0,0,1,2,0,0,523
orjson_3_11_8,76eadce4224d569075336318f0095b6cd4d199a3,0,4653347.333333333,14632.0,25,15,0,0,0,0,0,0,0,0,0,0,0,0,0,0,0,0,0,1,3,266,143,58,22,15,21,85,14,7,6,1,7,1,123,257,1,1,1,1,2,1,0,0,0,1,2,0,0,523
orjson_3_11_9,76eadce4224d569075336318f0095b6cd4d199a3,0,4427472.0,14632.0,25,15,0,0,0,0,0,0,0,0,0,0,0,0,0,0,0,0,0,1,3,266,143,58,22,15,21,85,14,7,6,1,7,1,123,257,1,1,1,1,2,1,0,0,0,1,2,0,0,523
orjson_3_12_0,76eadce4224d569075336318f0095b6cd4d199a3,0,4469000.0,14632.0,25,15,0,0,0,0,0,0,0,0,0,0,0,0,0,0,0,0,0,1,3,266,143,58,22,15,21,85,14,7,6,1,7,1,123,257,1,1,1,1,2,1,0,0,0,1,2,0,0,523
orjson_3_11_5,a32f9923890cda0146795f84a61872fd0b572824,0,9666305.666666666,24536.0,69,22,0,0,0,12,1,0,0,0,0,1,0,1,1,1,0,1,2,2,12,470,257,135,40,54,41,122,10,1,4,5,1,5,213,471,4,4,7,7,11,4,0,0,0,4,11,1,1,941
orjson_3_11_6,a32f9923890cda0146795f84a61872fd0b572824,0,9771750.333333334,24536.0,69,22,0,0,0,12,1,0,0,0,0,1,0,1,1,1,0,1,2,2,12,470,257,135,40,54,41,122,10,1,4,5,1,5,213,471,4,4,7,7,11,4,0,0,0,4,11,1,1,941
orjson_3_11_7,a32f9923890cda0146795f84a61872fd0b572824,0,9789875.0,24536.0,69,22,0,0,0,12,1,0,0,0,0,1,0,1,1,1,0,1,2,2,12,470,257,135,40,54,41,122,10,1,4,5,1,5,213,471,4,4,7,7,11,4,0,0,0,4,11,1,1,941
orjson_3_11_8,a32f9923890cda0146795f84a61872fd0b572824,0,9748041.666666666,24536.0,69,22,0,0,0,12,1,0,0,0,0,1,0,1,1,1,0,1,2,2,12,470,257,135,40,54,41,122,10,1,4,5,1,5,213,471,4,4,7,7,11,4,0,0,0,4,11,1,1,941
orjson_3_11_9,a32f9923890cda0146795f84a61872fd0b572824,0,9177361.0,24536.0,69,22,0,0,0,12,1,0,0,0,0,1,0,1,1,1,0,1,2,2,12,470,257,135,40,54,41,122,10,1,4,5,1,5,213,471,4,4,7,7,11,4,0,0,0,4,11,1,1,941
orjson_3_12_0,a32f9923890cda0146795f84a61872fd0b572824,0,9354666.666666666,24536.0,69,22,0,0,0,12,1,0,0,0,0,1,0,1,1,1,0,1,2,2,12,470,257,135,40,54,41,122,10,1,4,5,1,5,213,471,4,4,7,7,11,4,0,0,0,4,11,1,1,941
orjson_3_11_5,b9c978dbc2e03d731128e6c2d5faf7ef8b20bca7,0,1931444.3333333333,4837.0,32,18,0,0,0,0,0,0,0,0,0,0,0,0,0,0,0,0,2,0,4,98,40,25,6,14,5,15,2,0,1,1,0,1,58,93,1,1,2,2,3,1,0,0,0,1,3,0,0,191
orjson_3_11_6,b9c978dbc2e03d731128e6c2d5faf7ef8b20bca7,0,1944763.6666666667,4837.0,32,18,0,0,0,0,0,0,0,0,0,0,0,0,0,0,0,0,2,0,4,98,40,25,6,14,5,15,2,0,1,1,0,1,58,93,1,1,2,2,3,1,0,0,0,1,3,0,0,191
orjson_3_11_7,b9c978dbc2e03d731128e6c2d5faf7ef8b20bca7,0,1943736.0,4837.0,32,18,0,0,0,0,0,0,0,0,0,0,0,0,0,0,0,0,2,0,4,98,40,25,6,14,5,15,2,0,1,1,0,1,58,93,1,1,2,2,3,1,0,0,0,1,3,0,0,191
orjson_3_11_8,b9c978dbc2e03d731128e6c2d5faf7ef8b20bca7,0,1920986.3333333333,4837.0,32,18,0,0,0,0,0,0,0,0,0,0,0,0,0,0,0,0,2,0,4,98,40,25,6,14,5,15,2,0,1,1,0,1,58,93,1,1,2,2,3,1,0,0,0,1,3,0,0,191
orjson_3_11_9,b9c978dbc2e03d731128e6c2d5faf7ef8b20bca7,0,1863680.0,4837.0,32,18,0,0,0,0,0,0,0,0,0,0,0,0,0,0,0,0,2,0,4,98,40,25,6,14,5,15,2,0,1,1,0,1,58,93,1,1,2,2,3,1,0,0,0,1,3,0,0,191
orjson_3_12_0,b9c978dbc2e03d731128e6c2d5faf7ef8b20bca7,0,1838083.6666666667,4837.0,32,18,0,0,0,0,0,0,0,0,0,0,0,0,0,0,0,0,2,0,4,98,40,25,6,14,5,15,2,0,1,1,0,1,58,93,1,1,2,2,3,1,0,0,0,1,3,0,0,191
orjson_3_11_5,a2dd88bb32fe4a39898f07ccbc2fe5d5e958c03a,0,550025.0,4217.0,19,5,0,0,0,0,0,0,0,0,0,0,0,0,0,0,0,2,0,0,4,11,3,1,0,1,0,2,1,0,1,0,0,0,8,11,1,1,2,2,3,1,0,0,0,1,3,0,0,22
orjson_3_11_6,a2dd88bb32fe4a39898f07ccbc2fe5d5e958c03a,0,538319.6666666666,4217.0,19,5,0,0,0,0,0,0,0,0,0,0,0,0,0,0,0,2,0,0,4,11,3,1,0,1,0,2,1,0,1,0,0,0,8,11,1,1,2,2,3,1,0,0,0,1,3,0,0,22
orjson_3_11_7,a2dd88bb32fe4a39898f07ccbc2fe5d5e958c03a,0,539097.0,4217.0,19,5,0,0,0,0,0,0,0,0,0,0,0,0,0,0,0,2,0,0,4,11,3,1,0,1,0,2,1,0,1,0,0,0,8,11,1,1,2,2,3,1,0,0,0,1,3,0,0,22
orjson_3_11_8,a2dd88bb32fe4a39898f07ccbc2fe5d5e958c03a,0,549041.6666666666,4217.0,19,5,0,0,0,0,0,0,0,0,0,0,0,0,0,0,0,2,0,0,4,11,3,1,0,1,0,2,1,0,1,0,0,0,8,11,1,1,2,2,3,1,0,0,0,1,3,0,0,22
orjson_3_11_9,a2dd88bb32fe4a39898f07ccbc2fe5d5e958c03a,0,541041.3333333334,4217.0,19,5,0,0,0,0,0,0,0,0,0,0,0,0,0,0,0,2,0,0,4,11,3,1,0,1,0,2,1,0,1,0,0,0,8,11,1,1,2,2,3,1,0,0,0,1,3,0,0,22
orjson_3_12_0,a2dd88bb32fe4a39898f07ccbc2fe5d5e958c03a,0,547569.6666666666,4217.0,19,5,0,0,0,0,0,0,0,0,0,0,0,0,0,0,0,2,0,0,4,11,3,1,0,1,0,2,1,0,1,0,0,0,8,11,1,1,2,2,3,1,0,0,0,1,3,0,0,22
orjson_3_11_5,4ad0e34e21eae3082d393698ed4f1a501dd48e85,0,4569249.666666667,14404.0,30,16,0,0,0,0,0,0,0,0,0,1,0,1,1,0,1,0,0,1,4,219,105,58,20,18,20,47,4,2,0,2,2,2,114,224,1,1,2,2,3,1,0,0,0,1,3,0,1,443
orjson_3_11_6,4ad0e34e21eae3082d393698ed4f1a501dd48e85,0,4578069.666666667,14404.0,30,16,0,0,0,0,0,0,0,0,0,1,0,1,1,0,1,0,0,1,4,219,105,58,20,18,20,47,4,2,0,2,2,2,114,224,1,1,2,2,3,1,0,0,0,1,3,0,1,443
orjson_3_11_7,4ad0e34e21eae3082d393698ed4f1a501dd48e85,0,4583944.666666667,14404.0,30,16,0,0,0,0,0,0,0,0,0,1,0,1,1,0,1,0,0,1,4,219,105,58,20,18,20,47,4,2,0,2,2,2,114,224,1,1,2,2,3,1,0,0,0,1,3,0,1,443
orjson_3_11_8,4ad0e34e21eae3082d393698ed4f1a501dd48e85,0,4598819.333333333,14404.0,30,16,0,0,0,0,0,0,0,0,0,1,0,1,1,0,1,0,0,1,4,219,105,58,20,18,20,47,4,2,0,2,2,2,114,224,1,1,2,2,3,1,0,0,0,1,3,0,1,443
orjson_3_11_9,4ad0e34e21eae3082d393698ed4f1a501dd48e85,0,4374416.666666667,14404.0,30,16,0,0,0,0,0,0,0,0,0,1,0,1,1,0,1,0,0,1,4,219,105,58,20,18,20,47,4,2,0,2,2,2,114,224,1,1,2,2,3,1,0,0,0,1,3,0,1,443
orjson_3_12_0,4ad0e34e21eae3082d393698ed4f1a501dd48e85,0,4379527.666666667,14404.0,30,16,0,0,0,0,0,0,0,0,0,1,0,1,1,0,1,0,0,1,4,219,105,58,20,18,20,47,4,2,0,2,2,2,114,224,1,1,2,2,3,1,0,0,0,1,3,0,1,443
orjson_3_11_5,26077930a051cae98c10bb2c4dece7eaf3ee646c,0,9717458.666666666,24688.0,74,31,0,0,0,0,0,0,0,0,0,0,0,0,0,0,0,2,1,2,11,478,242,126,42,51,33,116,19,7,3,9,7,9,236,457,3,3,6,7,11,3,1,1,1,4,9,2,0,935
orjson_3_11_6,26077930a051cae98c10bb2c4dece7eaf3ee646c,0,9802750.0,24688.0,74,31,0,0,0,0,0,0,0,0,0,0,0,0,0,0,0,2,1,2,11,478,242,126,42,51,33,116,19,7,3,9,7,9,236,457,3,3,6,7,11,3,1,1,1,4,9,2,0,935
orjson_3_11_7,26077930a051cae98c10bb2c4dece7eaf3ee646c,0,9824902.666666666,24688.0,74,31,0,0,0,0,0,0,0,0,0,0,0,0,0,0,0,2,1,2,11,478,242,126,42,51,33,116,19,7,3,9,7,9,236,457,3,3,6,7,11,3,1,1,1,4,9,2,0,935
orjson_3_11_8,26077930a051cae98c10bb2c4dece7eaf3ee646c,0,9790166.666666666,24688.0,74,31,0,0,0,0,0,0,0,0,0,0,0,0,0,0,0,2,1,2,11,478,242,126,42,51,33,116,19,7,3,9,7,9,236,457,3,3,6,7,11,3,1,1,1,4,9,2,0,935
orjson_3_11_9,26077930a051cae98c10bb2c4dece7eaf3ee646c,0,9319041.666666666,24688.0,74,31,0,0,0,0,0,0,0,0,0,0,0,0,0,0,0,2,1,2,11,478,242,126,42,51,33,116,19,7,3,9,7,9,236,457,3,3,6,7,11,3,1,1,1,4,9,2,0,935
orjson_3_12_0,26077930a051cae98c10bb2c4dece7eaf3ee646c,0,9286194.666666666,24688.0,74,31,0,0,0,0,0,0,0,0,0,0,0,0,0,0,0,2,1,2,11,478,242,126,42,51,33,116,19,7,3,9,7,9,236,457,3,3,6,7,11,3,1,1,1,4,9,2,0,935
orjson_3_11_5,def96fb6c38e098cf4a3466a7fba3bd5257380c1,0,1840062.25,4836.0,23,13,0,1,0,0,0,0,1,1,1,1,3,1,0,0,0,0,0,1,2,75,38,15,6,2,7,23,3,0,1,2,0,2,37,83,1,1,1,1,2,1,0,0,0,1,2,0,1,158
orjson_3_11_6,def96fb6c38e098cf4a3466a7fba3bd5257380c1,0,1818000.0,4836.0,23,13,0,1,0,0,0,0,1,1,1,1,3,1,0,0,0,0,0,1,2,75,38,15,6,2,7,23,3,0,1,2,0,2,37,83,1,1,1,1,2,1,0,0,0,1,2,0,1,158
orjson_3_11_7,def96fb6c38e098cf4a3466a7fba3bd5257380c1,0,1826666.6666666667,4836.0,23,13,0,1,0,0,0,0,1,1,1,1,3,1,0,0,0,0,0,1,2,75,38,15,6,2,7,23,3,0,1,2,0,2,37,83,1,1,1,1,2,1,0,0,0,1,2,0,1,158
orjson_3_11_8,def96fb6c38e098cf4a3466a7fba3bd5257380c1,0,1828666.3333333333,4836.0,23,13,0,1,0,0,0,0,1,1,1,1,3,1,0,0,0,0,0,1,2,75,38,15,6,2,7,23,3,0,1,2,0,2,37,83,1,1,1,1,2,1,0,0,0,1,2,0,1,158
orjson_3_11_9,def96fb6c38e098cf4a3466a7fba3bd5257380c1,0,1780819.3333333333,4836.0,23,13,0,1,0,0,0,0,1,1,1,1,3,1,0,0,0,0,0,1,2,75,38,15,6,2,7,23,3,0,1,2,0,2,37,83,1,1,1,1,2,1,0,0,0,1,2,0,1,158
orjson_3_12_0,def96fb6c38e098cf4a3466a7fba3bd5257380c1,0,1783555.3333333333,4836.0,23,13,0,1,0,0,0,0,1,1,1,1,3,1,0,0,0,0,0,1,2,75,38,15,6,2,7,23,3,0,1,2,0,2,37,83,1,1,1,1,2,1,0,0,0,1,2,0,1,158
orjson_3_11_5,c410ee3ec95916075d87bb96bd8fceee90e277b6,0,8892958.333333334,24596.0,86,27,0,0,0,13,1,0,0,0,0,0,0,1,1,1,0,4,3,1,12,470,238,129,41,49,39,109,7,4,2,1,4,1,232,450,5,5,5,11,18,5,2,6,2,7,10,3,1,920
orjson_3_11_6,c410ee3ec95916075d87bb96bd8fceee90e277b6,0,8912479.25,24596.0,86,27,0,0,0,13,1,0,0,0,0,0,0,1,1,1,0,4,3,1,12,470,238,129,41,49,39,109,7,4,2,1,4,1,232,450,5,5,5,11,18,5,2,6,2,7,10,3,1,920
orjson_3_11_7,c410ee3ec95916075d87bb96bd8fceee90e277b6,0,8986305.333333334,24596.0,86,27,0,0,0,13,1,0,0,0,0,0,0,1,1,1,0,4,3,1,12,470,238,129,41,49,39,109,7,4,2,1,4,1,232,450,5,5,5,11,18,5,2,6,2,7,10,3,1,920
orjson_3_11_8,c410ee3ec95916075d87bb96bd8fceee90e277b6,0,8940791.666666666,24596.0,86,27,0,0,0,13,1,0,0,0,0,0,0,1,1,1,0,4,3,1,12,470,238,129,41,49,39,109,7,4,2,1,4,1,232,450,5,5,5,11,18,5,2,6,2,7,10,3,1,920
orjson_3_11_9,c410ee3ec95916075d87bb96bd8fceee90e277b6,0,8431541.333333334,24596.0,86,27,0,0,0,13,1,0,0,0,0,0,0,1,1,1,0,4,3,1,12,470,238,129,41,49,39,109,7,4,2,1,4,1,232,450,5,5,5,11,18,5,2,6,2,7,10,3,1,920
orjson_3_12_0,c410ee3ec95916075d87bb96bd8fceee90e277b6,0,8492416.333333334,24596.0,86,27,0,0,0,13,1,0,0,0,0,0,0,1,1,1,0,4,3,1,12,470,238,129,41,49,39,109,7,4,2,1,4,1,232,450,5,5,5,11,18,5,2,6,2,7,10,3,1,920
orjson_3_11_5,6ce918aec36da7d78146767b3ad6ec5db4ebdfe3,0,2181430.6666666665,4720.0,68,41,0,1,1,0,0,1,0,0,1,0,1,1,0,0,0,1,1,0,7,69,38,21,3,8,10,17,2,1,1,0,1,0,31,76,2,2,4,4,6,2,0,0,0,2,6,1,1,145
orjson_3_11_6,6ce918aec36da7d78146767b3ad6ec5db4ebdfe3,0,2195889.0,4720.0,68,41,0,1,1,0,0,1,0,0,1,0,1,1,0,0,0,1,1,0,7,69,38,21,3,8,10,17,2,1,1,0,1,0,31,76,2,2,4,4,6,2,0,0,0,2,6,1,1,145
orjson_3_11_7,6ce918aec36da7d78146767b3ad6ec5db4ebdfe3,0,2179583.6666666665,4720.0,68,41,0,1,1,0,0,1,0,0,1,0,1,1,0,0,0,1,1,0,7,69,38,21,3,8,10,17,2,1,1,0,1,0,31,76,2,2,4,4,6,2,0,0,0,2,6,1,1,145
orjson_3_11_8,6ce918aec36da7d78146767b3ad6ec5db4ebdfe3,0,2199597.0,4720.0,68,41,0,1,1,0,0,1,0,0,1,0,1,1,0,0,0,1,1,0,7,69,38,21,3,8,10,17,2,1,1,0,1,0,31,76,2,2,4,4,6,2,0,0,0,2,6,1,1,145
orjson_3_11_9,6ce918aec36da7d78146767b3ad6ec5db4ebdfe3,0,2132180.6666666665,4720.0,68,41,0,1,1,0,0,1,0,0,1,0,1,1,0,0,0,1,1,0,7,69,38,21,3,8,10,17,2,1,1,0,1,0,31,76,2,2,4,4,6,2,0,0,0,2,6,1,1,145
orjson_3_12_0,6ce918aec36da7d78146767b3ad6ec5db4ebdfe3,0,2115417.0,4720.0,68,41,0,1,1,0,0,1,0,0,1,0,1,1,0,0,0,1,1,0,7,69,38,21,3,8,10,17,2,1,1,0,1,0,31,76,2,2,4,4,6,2,0,0,0,2,6,1,1,145
orjson_3_11_5,01e84ba898baa944b3519ff0d0968d3453f34a02,0,2018763.6666666667,4912.0,41,27,0,0,0,0,0,0,0,0,0,0,0,0,0,0,0,1,1,1,3,83,39,22,5,11,6,17,0,0,0,0,0,0,44,95,1,1,2,2,3,1,0,0,0,1,3,0,0,178
orjson_3_11_6,01e84ba898baa944b3519ff0d0968d3453f34a02,0,2002222.3333333333,4912.0,41,27,0,0,0,0,0,0,0,0,0,0,0,0,0,0,0,1,1,1,3,83,39,22,5,11,6,17,0,0,0,0,0,0,44,95,1,1,2,2,3,1,0,0,0,1,3,0,0,178
orjson_3_11_7,01e84ba898baa944b3519ff0d0968d3453f34a02,0,2014791.6666666667,4912.0,41,27,0,0,0,0,0,0,0,0,0,0,0,0,0,0,0,1,1,1,3,83,39,22,5,11,6,17,0,0,0,0,0,0,44,95,1,1,2,2,3,1,0,0,0,1,3,0,0,178
orjson_3_11_8,01e84ba898baa944b3519ff0d0968d3453f34a02,0,2022041.6666666667,4912.0,41,27,0,0,0,0,0,0,0,0,0,0,0,0,0,0,0,1,1,1,3,83,39,22,5,11,6,17,0,0,0,0,0,0,44,95,1,1,2,2,3,1,0,0,0,1,3,0,0,178
orjson_3_11_9,01e84ba898baa944b3519ff0d0968d3453f34a02,0,1940597.6666666667,4912.0,41,27,0,0,0,0,0,0,0,0,0,0,0,0,0,0,0,1,1,1,3,83,39,22,5,11,6,17,0,0,0,0,0,0,44,95,1,1,2,2,3,1,0,0,0,1,3,0,0,178
orjson_3_12_0,01e84ba898baa944b3519ff0d0968d3453f34a02,0,1929396.0,4912.0,41,27,0,0,0,0,0,0,0,0,0,0,0,0,0,0,0,1,1,1,3,83,39,22,5,11,6,17,0,0,0,0,0,0,44,95,1,1,2,2,3,1,0,0,0,1,3,0,0,178
orjson_3_11_5,8e0301818815722f216c3e85e775980fe18bfc06,0,8453902.666666666,24278.0,344,132,0,10,4,35,6,3,6,6,7,7,11,16,6,5,1,20,21,15,16,271,138,63,18,17,28,75,8,2,2,4,2,4,133,315,7,1,1,91,100,1,8,90,8,9,2,8,16,586
orjson_3_11_6,8e0301818815722f216c3e85e775980fe18bfc06,0,8544722.0,24278.0,344,132,0,10,4,35,6,3,6,6,7,7,11,16,6,5,1,20,21,15,16,271,138,63,18,17,28,75,8,2,2,4,2,4,133,315,7,1,1,91,100,1,8,90,8,9,2,8,16,586
orjson_3_11_7,8e0301818815722f216c3e85e775980fe18bfc06,0,8507458.0,24278.0,344,132,0,10,4,35,6,3,6,6,7,7,11,16,6,5,1,20,21,15,16,271,138,63,18,17,28,75,8,2,2,4,2,4,133,315,7,1,1,91,100,1,8,90,8,9,2,8,16,586
orjson_3_11_8,8e0301818815722f216c3e85e775980fe18bfc06,0,8473819.666666666,24278.0,344,132,0,10,4,35,6,3,6,6,7,7,11,16,6,5,1,20,21,15,16,271,138,63,18,17,28,75,8,2,2,4,2,4,133,315,7,1,1,91,100,1,8,90,8,9,2,8,16,586
orjson_3_11_9,8e0301818815722f216c3e85e775980fe18bfc06,0,8261777.666666667,24278.0,344,132,0,10,4,35,6,3,6,6,7,7,11,16,6,5,1,20,21,15,16,271,138,63,18,17,28,75,8,2,2,4,2,4,133,315,7,1,1,91,100,1,8,90,8,9,2,8,16,586
orjson_3_12_0,8e0301818815722f216c3e85e775980fe18bfc06,0,8260569.666666667,24278.0,344,132,0,10,4,35,6,3,6,6,7,7,11,16,6,5,1,20,21,15,16,271,138,63,18,17,28,75,8,2,2,4,2,4,133,315,7,1,1,91,100,1,8,90,8,9,2,8,16,586
orjson_3_11_5,6fd8e3716b646f7281549a8f9fbdccf3e7109f6c,0,10191319.333333334,25048.0,148,69,0,1,1,0,0,1,0,0,1,1,1,2,1,0,1,2,2,6,14,429,192,101,33,35,33,91,5,1,1,3,1,3,237,519,9,4,7,19,25,4,2,12,2,7,11,2,2,948
orjson_3_11_6,6fd8e3716b646f7281549a8f9fbdccf3e7109f6c,0,10192389.0,25048.0,148,69,0,1,1,0,0,1,0,0,1,1,1,2,1,0,1,2,2,6,14,429,192,101,33,35,33,91,5,1,1,3,1,3,237,519,9,4,7,19,25,4,2,12,2,7,11,2,2,948
orjson_3_11_7,6fd8e3716b646f7281549a8f9fbdccf3e7109f6c,0,10227513.666666666,25048.0,148,69,0,1,1,0,0,1,0,0,1,1,1,2,1,0,1,2,2,6,14,429,192,101,33,35,33,91,5,1,1,3,1,3,237,519,9,4,7,19,25,4,2,12,2,7,11,2,2,948
orjson_3_11_8,6fd8e3716b646f7281549a8f9fbdccf3e7109f6c,0,10119236.333333334,25048.0,148,69,0,1,1,0,0,1,0,0,1,1,1,2,1,0,1,2,2,6,14,429,192,101,33,35,33,91,5,1,1,3,1,3,237,519,9,4,7,19,25,4,2,12,2,7,11,2,2,948
orjson_3_11_9,6fd8e3716b646f7281549a8f9fbdccf3e7109f6c,0,9839735.666666666,25048.0,148,69,0,1,1,0,0,1,0,0,1,1,1,2,1,0,1,2,2,6,14,429,192,101,33,35,33,91,5,1,1,3,1,3,237,519,9,4,7,19,25,4,2,12,2,7,11,2,2,948
orjson_3_12_0,6fd8e3716b646f7281549a8f9fbdccf3e7109f6c,0,9891166.666666666,25048.0,148,69,0,1,1,0,0,1,0,0,1,1,1,2,1,0,1,2,2,6,14,429,192,101,33,35,33,91,5,1,1,3,1,3,237,519,9,4,7,19,25,4,2,12,2,7,11,2,2,948
orjson_3_11_5,4cc38c98b2c3d6d31736a2fbbf96926d704030ba,0,3288624.6666666665,9536.0,42,23,0,0,0,0,0,0,0,0,0,0,0,0,0,0,0,0,0,2,4,151,67,23,5,9,9,44,5,2,1,2,2,2,84,143,2,2,2,2,4,2,0,0,0,3,4,1,0,294
orjson_3_11_6,4cc38c98b2c3d6d31736a2fbbf96926d704030ba,0,3235166.6666666665,9536.0,42,23,0,0,0,0,0,0,0,0,0,0,0,0,0,0,0,0,0,2,4,151,67,23,5,9,9,44,5,2,1,2,2,2,84,143,2,2,2,2,4,2,0,0,0,3,4,1,0,294
orjson_3_11_7,4cc38c98b2c3d6d31736a2fbbf96926d704030ba,0,3253972.3333333335,9536.0,42,23,0,0,0,0,0,0,0,0,0,0,0,0,0,0,0,0,0,2,4,151,67,23,5,9,9,44,5,2,1,2,2,2,84,143,2,2,2,2,4,2,0,0,0,3,4,1,0,294
orjson_3_11_8,4cc38c98b2c3d6d31736a2fbbf96926d704030ba,0,3301194.6666666665,9536.0,42,23,0,0,0,0,0,0,0,0,0,0,0,0,0,0,0,0,0,2,4,151,67,23,5,9,9,44,5,2,1,2,2,2,84,143,2,2,2,2,4,2,0,0,0,3,4,1,0,294
orjson_3_11_9,4cc38c98b2c3d6d31736a2fbbf96926d704030ba,0,3137652.6666666665,9536.0,42,23,0,0,0,0,0,0,0,0,0,0,0,0,0,0,0,0,0,2,4,151,67,23,5,9,9,44,5,2,1,2,2,2,84,143,2,2,2,2,4,2,0,0,0,3,4,1,0,294
orjson_3_12_0,4cc38c98b2c3d6d31736a2fbbf96926d704030ba,0,3124416.3333333335,9536.0,42,23,0,0,0,0,0,0,0,0,0,0,0,0,0,0,0,0,0,2,4,151,67,23,5,9,9,44,5,2,1,2,2,2,84,143,2,2,2,2,4,2,0,0,0,3,4,1,0,294
orjson_3_11_5,9fc5fa624ea4958cba53346f4d793beb3609d709,0,1833222.0,9260.0,71,29,0,2,0,0,0,0,2,2,1,2,4,2,0,0,0,4,7,4,2,100,46,25,12,8,5,21,4,1,1,2,1,2,54,79,0,0,0,18,20,0,2,18,2,2,0,2,2,179
orjson_3_11_6,9fc5fa624ea4958cba53346f4d793beb3609d709,0,1833520.75,9260.0,71,29,0,2,0,0,0,0,2,2,1,2,4,2,0,0,0,4,7,4,2,100,46,25,12,8,5,21,4,1,1,2,1,2,54,79,0,0,0,18,20,0,2,18,2,2,0,2,2,179
orjson_3_11_7,9fc5fa624ea4958cba53346f4d793beb3609d709,0,1847930.3333333333,9260.0,71,29,0,2,0,0,0,0,2,2,1,2,4,2,0,0,0,4,7,4,2,100,46,25,12,8,5,21,4,1,1,2,1,2,54,79,0,0,0,18,20,0,2,18,2,2,0,2,2,179
orjson_3_11_8,9fc5fa624ea4958cba53346f4d793beb3609d709,0,1840999.6666666667,9260.0,71,29,0,2,0,0,0,0,2,2,1,2,4,2,0,0,0,4,7,4,2,100,46,25,12,8,5,21,4,1,1,2,1,2,54,79,0,0,0,18,20,0,2,18,2,2,0,2,2,179
orjson_3_11_9,9fc5fa624ea4958cba53346f4d793beb3609d709,0,1690250.0,9260.0,71,29,0,2,0,0,0,0,2,2,1,2,4,2,0,0,0,4,7,4,2,100,46,25,12,8,5,21,4,1,1,2,1,2,54,79,0,0,0,18,20,0,2,18,2,2,0,2,2,179
orjson_3_12_0,9fc5fa624ea4958cba53346f4d793beb3609d709,0,1669180.3333333333,9260.0,71,29,0,2,0,0,0,0,2,2,1,2,4,2,0,0,0,4,7,4,2,100,46,25,12,8,5,21,4,1,1,2,1,2,54,79,0,0,0,18,20,0,2,18,2,2,0,2,2,179
orjson_3_11_5,5f40d2d051b11b3c6d5a1444e17b4db9689d2b73,0,2348125.0,9088.0,73,36,0,0,0,0,0,1,0,0,0,1,0,2,2,0,1,1,2,0,9,76,38,13,5,2,6,25,4,2,0,2,2,2,38,95,2,2,5,7,10,2,1,2,1,3,7,2,2,171
orjson_3_11_6,5f40d2d051b11b3c6d5a1444e17b4db9689d2b73,0,2360346.6666666665,9088.0,73,36,0,0,0,0,0,1,0,0,0,1,0,2,2,0,1,1,2,0,9,76,38,13,5,2,6,25,4,2,0,2,2,2,38,95,2,2,5,7,10,2,1,2,1,3,7,2,2,171
orjson_3_11_7,5f40d2d051b11b3c6d5a1444e17b4db9689d2b73,0,2379020.75,9088.0,73,36,0,0,0,0,0,1,0,0,0,1,0,2,2,0,1,1,2,0,9,76,38,13,5,2,6,25,4,2,0,2,2,2,38,95,2,2,5,7,10,2,1,2,1,3,7,2,2,171
orjson_3_11_8,5f40d2d051b11b3c6d5a1444e17b4db9689d2b73,0,2364291.3333333335,9088.0,73,36,0,0,0,0,0,1,0,0,0,1,0,2,2,0,1,1,2,0,9,76,38,13,5,2,6,25,4,2,0,2,2,2,38,95,2,2,5,7,10,2,1,2,1,3,7,2,2,171
orjson_3_11_9,5f40d2d051b11b3c6d5a1444e17b4db9689d2b73,0,2282764.0,9088.0,73,36,0,0,0,0,0,1,0,0,0,1,0,2,2,0,1,1,2,0,9,76,38,13,5,2,6,25,4,2,0,2,2,2,38,95,2,2,5,7,10,2,1,2,1,3,7,2,2,171
orjson_3_12_0,5f40d2d051b11b3c6d5a1444e17b4db9689d2b73,0,2265847.3333333335,9088.0,73,36,0,0,0,0,0,1,0,0,0,1,0,2,2,0,1,1,2,0,9,76,38,13,5,2,6,25,4,2,0,2,2,2,38,95,2,2,5,7,10,2,1,2,1,3,7,2,2,171
orjson_3_11_5,1479d4da077a6d9208ebff44907f786438348c98,0,1610263.6666666667,9116.0,41,21,0,0,0,6,1,1,0,0,0,0,0,2,2,1,0,0,2,1,1,93,45,24,9,5,10,21,5,2,2,1,2,1,48,82,2,0,0,7,8,0,1,7,1,2,0,1,2,175
orjson_3_11_6,1479d4da077a6d9208ebff44907f786438348c98,0,1613888.6666666667,9116.0,41,21,0,0,0,6,1,1,0,0,0,0,0,2,2,1,0,0,2,1,1,93,45,24,9,5,10,21,5,2,2,1,2,1,48,82,2,0,0,7,8,0,1,7,1,2,0,1,2,175
orjson_3_11_7,1479d4da077a6d9208ebff44907f786438348c98,0,1623986.0,9116.0,41,21,0,0,0,6,1,1,0,0,0,0,0,2,2,1,0,0,2,1,1,93,45,24,9,5,10,21,5,2,2,1,2,1,48,82,2,0,0,7,8,0,1,7,1,2,0,1,2,175
orjson_3_11_8,1479d4da077a6d9208ebff44907f786438348c98,0,1629486.3333333333,9116.0,41,21,0,0,0,6,1,1,0,0,0,0,0,2,2,1,0,0,2,1,1,93,45,24,9,5,10,21,5,2,2,1,2,1,48,82,2,0,0,7,8,0,1,7,1,2,0,1,2,175
orjson_3_11_9,1479d4da077a6d9208ebff44907f786438348c98,0,1512833.6666666667,9116.0,41,21,0,0,0,6,1,1,0,0,0,0,0,2,2,1,0,0,2,1,1,93,45,24,9,5,10,21,5,2,2,1,2,1,48,82,2,0,0,7,8,0,1,7,1,2,0,1,2,175
orjson_3_12_0,1479d4da077a6d9208ebff44907f786438348c98,0,1500847.3333333333,9116.0,41,21,0,0,0,6,1,1,0,0,0,0,0,2,2,1,0,0,2,1,1,93,45,24,9,5,10,21,5,2,2,1,2,1,48,82,2,0,0,7,8,0,1,7,1,2,0,1,2,175
orjson_3_11_5,33f7e1ef2280e7f0e460e7f0a2e8b14f7b262cbb,0,1293458.0,4972.0,2,0,1,0,0,0,0,0,0,0,0,0,0,0,0,0,0,0,0,0,1,85,45,24,7,6,11,21,3,1,1,1,1,1,40,101,0,0,0,0,0,0,0,0,0,0,0,0,0,186
orjson_3_11_6,33f7e1ef2280e7f0e460e7f0a2e8b14f7b262cbb,0,1291222.0,4972.0,2,0,1,0,0,0,0,0,0,0,0,0,0,0,0,0,0,0,0,0,1,85,45,24,7,6,11,21,3,1,1,1,1,1,40,101,0,0,0,0,0,0,0,0,0,0,0,0,0,186
orjson_3_11_7,33f7e1ef2280e7f0e460e7f0a2e8b14f7b262cbb,0,1291750.0,4972.0,2,0,1,0,0,0,0,0,0,0,0,0,0,0,0,0,0,0,0,0,1,85,45,24,7,6,11,21,3,1,1,1,1,1,40,101,0,0,0,0,0,0,0,0,0,0,0,0,0,186
orjson_3_11_8,33f7e1ef2280e7f0e460e7f0a2e8b14f7b262cbb,0,1277236.3333333333,4972.0,2,0,1,0,0,0,0,0,0,0,0,0,0,0,0,0,0,0,0,0,1,85,45,24,7,6,11,21,3,1,1,1,1,1,40,101,0,0,0,0,0,0,0,0,0,0,0,0,0,186
orjson_3_11_9,33f7e1ef2280e7f0e460e7f0a2e8b14f7b262cbb,0,1188888.3333333333,4972.0,2,0,1,0,0,0,0,0,0,0,0,0,0,0,0,0,0,0,0,0,1,85,45,24,7,6,11,21,3,1,1,1,1,1,40,101,0,0,0,0,0,0,0,0,0,0,0,0,0,186
orjson_3_12_0,33f7e1ef2280e7f0e460e7f0a2e8b14f7b262cbb,0,1193417.0,4972.0,2,0,1,0,0,0,0,0,0,0,0,0,0,0,0,0,0,0,0,0,1,85,45,24,7,6,11,21,3,1,1,1,1,1,40,101,0,0,0,0,0,0,0,0,0,0,0,0,0,186
orjson_3_11_5,885b64b3c01d6ed587cfec2bd643269ba656b45e,0,1595194.3333333333,5036.0,19,5,0,1,0,0,0,1,1,1,0,0,0,2,1,0,0,0,2,0,2,89,44,28,10,16,2,16,3,1,1,1,1,1,45,108,0,0,0,5,6,0,1,5,1,1,0,1,2,197
orjson_3_11_6,885b64b3c01d6ed587cfec2bd643269ba656b45e,0,1605403.0,5036.0,19,5,0,1,0,0,0,1,1,1,0,0,0,2,1,0,0,0,2,0,2,89,44,28,10,16,2,16,3,1,1,1,1,1,45,108,0,0,0,5,6,0,1,5,1,1,0,1,2,197
orjson_3_11_7,885b64b3c01d6ed587cfec2bd643269ba656b45e,0,1604430.3333333333,5036.0,19,5,0,1,0,0,0,1,1,1,0,0,0,2,1,0,0,0,2,0,2,89,44,28,10,16,2,16,3,1,1,1,1,1,45,108,0,0,0,5,6,0,1,5,1,1,0,1,2,197
orjson_3_11_8,885b64b3c01d6ed587cfec2bd643269ba656b45e,0,1606458.0,5036.0,19,5,0,1,0,0,0,1,1,1,0,0,0,2,1,0,0,0,2,0,2,89,44,28,10,16,2,16,3,1,1,1,1,1,45,108,0,0,0,5,6,0,1,5,1,1,0,1,2,197
orjson_3_11_9,885b64b3c01d6ed587cfec2bd643269ba656b45e,0,1453416.6666666667,5036.0,19,5,0,1,0,0,0,1,1,1,0,0,0,2,1,0,0,0,2,0,2,89,44,28,10,16,2,16,3,1,1,1,1,1,45,108,0,0,0,5,6,0,1,5,1,1,0,1,2,197
orjson_3_12_0,885b64b3c01d6ed587cfec2bd643269ba656b45e,0,1430180.3333333333,5036.0,19,5,0,1,0,0,0,1,1,1,0,0,0,2,1,0,0,0,2,0,2,89,44,28,10,16,2,16,3,1,1,1,1,1,45,108,0,0,0,5,6,0,1,5,1,1,0,1,2,197
orjson_3_11_5,626402ad20e859d08684d562dccee4df0b93a438,0,2265347.0,4984.0,49,24,0,0,0,0,0,0,0,0,0,1,0,1,1,0,1,1,3,0,2,76,36,18,8,5,5,18,3,1,2,0,1,0,40,95,2,2,0,5,9,2,2,5,2,5,2,3,1,171
orjson_3_11_6,626402ad20e859d08684d562dccee4df0b93a438,0,2272972.3333333335,4984.0,49,24,0,0,0,0,0,0,0,0,0,1,0,1,1,0,1,1,3,0,2,76,36,18,8,5,5,18,3,1,2,0,1,0,40,95,2,2,0,5,9,2,2,5,2,5,2,3,1,171
orjson_3_11_7,626402ad20e859d08684d562dccee4df0b93a438,0,2260917.0,4984.0,49,24,0,0,0,0,0,0,0,0,0,1,0,1,1,0,1,1,3,0,2,76,36,18,8,5,5,18,3,1,2,0,1,0,40,95,2,2,0,5,9,2,2,5,2,5,2,3,1,171
orjson_3_11_8,626402ad20e859d08684d562dccee4df0b93a438,0,2280583.6666666665,4984.0,49,24,0,0,0,0,0,0,0,0,0,1,0,1,1,0,1,1,3,0,2,76,36,18,8,5,5,18,3,1,2,0,1,0,40,95,2,2,0,5,9,2,2,5,2,5,2,3,1,171
orjson_3_11_9,626402ad20e859d08684d562dccee4df0b93a438,0,2235069.6666666665,4984.0,49,24,0,0,0,0,0,0,0,0,0,1,0,1,1,0,1,1,3,0,2,76,36,18,8,5,5,18,3,1,2,0,1,0,40,95,2,2,0,5,9,2,2,5,2,5,2,3,1,171
orjson_3_12_0,626402ad20e859d08684d562dccee4df0b93a438,0,2216138.6666666665,4984.0,49,24,0,0,0,0,0,0,0,0,0,1,0,1,1,0,1,1,3,0,2,76,36,18,8,5,5,18,3,1,2,0,1,0,40,95,2,2,0,5,9,2,2,5,2,5,2,3,1,171
orjson_3_11_5,b4e7d47b4973712f916a9c044ef8c4aa08ee073e,0,263222.3333333333,4244.0,7,5,1,0,0,0,0,0,0,0,0,0,0,0,0,0,0,0,0,0,1,2,2,1,0,0,1,1,1,1,0,0,1,0,0,2,0,0,0,0,0,0,0,0,0,0,0,0,0,4
orjson_3_11_6,b4e7d47b4973712f916a9c044ef8c4aa08ee073e,0,252624.75,4244.0,7,5,1,0,0,0,0,0,0,0,0,0,0,0,0,0,0,0,0,0,1,2,2,1,0,0,1,1,1,1,0,0,1,0,0,2,0,0,0,0,0,0,0,0,0,0,0,0,0,4
orjson_3_11_7,b4e7d47b4973712f916a9c044ef8c4aa08ee073e,0,257652.66666666666,4244.0,7,5,1,0,0,0,0,0,0,0,0,0,0,0,0,0,0,0,0,0,1,2,2,1,0,0,1,1,1,1,0,0,1,0,0,2,0,0,0,0,0,0,0,0,0,0,0,0,0,4
orjson_3_11_8,b4e7d47b4973712f916a9c044ef8c4aa08ee073e,0,251639.0,4244.0,7,5,1,0,0,0,0,0,0,0,0,0,0,0,0,0,0,0,0,0,1,2,2,1,0,0,1,1,1,1,0,0,1,0,0,2,0,0,0,0,0,0,0,0,0,0,0,0,0,4
orjson_3_11_9,b4e7d47b4973712f916a9c044ef8c4aa08ee073e,0,249889.0,4244.0,7,5,1,0,0,0,0,0,0,0,0,0,0,0,0,0,0,0,0,0,1,2,2,1,0,0,1,1,1,1,0,0,1,0,0,2,0,0,0,0,0,0,0,0,0,0,0,0,0,4
orjson_3_12_0,b4e7d47b4973712f916a9c044ef8c4aa08ee073e,0,251555.33333333334,4244.0,7,5,1,0,0,0,0,0,0,0,0,0,0,0,0,0,0,0,0,0,1,2,2,1,0,0,1,1,1,1,0,0,1,0,0,2,0,0,0,0,0,0,0,0,0,0,0,0,0,4
orjson_3_11_5,87da99002787da158a71e26c109b4a82458bac89,0,1292041.6666666667,4972.0,2,0,1,0,0,0,0,0,0,0,0,0,0,0,0,0,0,0,0,0,1,85,45,25,8,6,11,20,3,1,1,1,1,1,40,101,0,0,0,0,0,0,0,0,0,0,0,0,0,186
orjson_3_11_6,87da99002787da158a71e26c109b4a82458bac89,0,1286486.0,4972.0,2,0,1,0,0,0,0,0,0,0,0,0,0,0,0,0,0,0,0,0,1,85,45,25,8,6,11,20,3,1,1,1,1,1,40,101,0,0,0,0,0,0,0,0,0,0,0,0,0,186
orjson_3_11_7,87da99002787da158a71e26c109b4a82458bac89,0,1278333.25,4972.0,2,0,1,0,0,0,0,0,0,0,0,0,0,0,0,0,0,0,0,0,1,85,45,25,8,6,11,20,3,1,1,1,1,1,40,101,0,0,0,0,0,0,0,0,0,0,0,0,0,186
orjson_3_11_8,87da99002787da158a71e26c109b4a82458bac89,0,1285833.3333333333,4972.0,2,0,1,0,0,0,0,0,0,0,0,0,0,0,0,0,0,0,0,0,1,85,45,25,8,6,11,20,3,1,1,1,1,1,40,101,0,0,0,0,0,0,0,0,0,0,0,0,0,186
orjson_3_11_9,87da99002787da158a71e26c109b4a82458bac89,0,1174375.0,4972.0,2,0,1,0,0,0,0,0,0,0,0,0,0,0,0,0,0,0,0,0,1,85,45,25,8,6,11,20,3,1,1,1,1,1,40,101,0,0,0,0,0,0,0,0,0,0,0,0,0,186
orjson_3_12_0,87da99002787da158a71e26c109b4a82458bac89,0,1174750.0,4972.0,2,0,1,0,0,0,0,0,0,0,0,0,0,0,0,0,0,0,0,0,1,85,45,25,8,6,11,20,3,1,1,1,1,1,40,101,0,0,0,0,0,0,0,0,0,0,0,0,0,186
orjson_3_11_5,a2dc412aaab4111db0af067000430bcb202184e4,0,2165180.3333333335,9285.0,97,54,0,0,0,0,0,0,0,0,0,0,0,1,1,0,1,3,2,1,7,83,34,17,6,8,3,17,2,1,1,0,1,0,49,77,2,1,1,14,17,1,2,13,2,3,2,4,1,160
orjson_3_11_6,a2dc412aaab4111db0af067000430bcb202184e4,0,2192389.0,9285.0,97,54,0,0,0,0,0,0,0,0,0,0,0,1,1,0,1,3,2,1,7,83,34,17,6,8,3,17,2,1,1,0,1,0,49,77,2,1,1,14,17,1,2,13,2,3,2,4,1,160
orjson_3_11_7,a2dc412aaab4111db0af067000430bcb202184e4,0,2183194.0,9285.0,97,54,0,0,0,0,0,0,0,0,0,0,0,1,1,0,1,3,2,1,7,83,34,17,6,8,3,17,2,1,1,0,1,0,49,77,2,1,1,14,17,1,2,13,2,3,2,4,1,160
orjson_3_11_8,a2dc412aaab4111db0af067000430bcb202184e4,0,2191646.0,9285.0,97,54,0,0,0,0,0,0,0,0,0,0,0,1,1,0,1,3,2,1,7,83,34,17,6,8,3,17,2,1,1,0,1,0,49,77,2,1,1,14,17,1,2,13,2,3,2,4,1,160
orjson_3_11_9,a2dc412aaab4111db0af067000430bcb202184e4,0,2178575.1,9285.0,97,54,0,0,0,0,0,0,0,0,0,0,0,1,1,0,1,3,2,1,7,83,34,17,6,8,3,17,2,1,1,0,1,0,49,77,2,1,1,14,17,1,2,13,2,3,2,4,1,160
orjson_3_12_0,a2dc412aaab4111db0af067000430bcb202184e4,0,2091222.3333333333,9285.0,97,54,0,0,0,0,0,0,0,0,0,0,0,1,1,0,1,3,2,1,7,83,34,17,6,8,3,17,2,1,1,0,1,0,49,77,2,1,1,14,17,1,2,13,2,3,2,4,1,160
orjson_3_11_5,8e585a96a078595cd5eb0b9afc234dcb3dd99480,0,10383875.0,25268.0,277,65,0,0,0,1,1,0,0,0,0,0,0,1,1,1,0,12,9,10,57,338,169,85,31,24,30,84,12,4,4,4,4,4,169,340,2,2,48,48,50,2,0,0,0,3,50,10,1,678
orjson_3_11_6,8e585a96a078595cd5eb0b9afc234dcb3dd99480,0,10377944.333333334,25268.0,277,65,0,0,0,1,1,0,0,0,0,0,0,1,1,1,0,12,9,10,57,338,169,85,31,24,30,84,12,4,4,4,4,4,169,340,2,2,48,48,50,2,0,0,0,3,50,10,1,678
orjson_3_11_7,8e585a96a078595cd5eb0b9afc234dcb3dd99480,0,10327819.666666666,25268.0,277,65,0,0,0,1,1,0,0,0,0,0,0,1,1,1,0,12,9,10,57,338,169,85,31,24,30,84,12,4,4,4,4,4,169,340,2,2,48,48,50,2,0,0,0,3,50,10,1,678
orjson_3_11_8,8e585a96a078595cd5eb0b9afc234dcb3dd99480,0,10365416.333333334,25268.0,277,65,0,0,0,1,1,0,0,0,0,0,0,1,1,1,0,12,9,10,57,338,169,85,31,24,30,84,12,4,4,4,4,4,169,340,2,2,48,48,50,2,0,0,0,3,50,10,1,678
orjson_3_11_9,8e585a96a078595cd5eb0b9afc234dcb3dd99480,0,10183486.333333334,25268.0,277,65,0,0,0,1,1,0,0,0,0,0,0,1,1,1,0,12,9,10,57,338,169,85,31,24,30,84,12,4,4,4,4,4,169,340,2,2,48,48,50,2,0,0,0,3,50,10,1,678
orjson_3_12_0,8e585a96a078595cd5eb0b9afc234dcb3dd99480,0,10104264.0,25268.0,277,65,0,0,0,1,1,0,0,0,0,0,0,1,1,1,0,12,9,10,57,338,169,85,31,24,30,84,12,4,4,4,4,4,169,340,2,2,48,48,50,2,0,0,0,3,50,10,1,678
orjson_3_11_5,6a97da848cd3ac0f3dc4df7a8c3dbf8b72ae4a29,0,9496902.666666666,25598.0,282,74,0,0,0,0,1,0,0,0,0,2,0,2,2,1,1,9,9,10,63,331,173,84,28,22,34,89,10,2,1,7,2,7,158,338,2,2,48,48,50,2,0,0,0,3,50,6,2,669
orjson_3_11_6,6a97da848cd3ac0f3dc4df7a8c3dbf8b72ae4a29,0,9562111.0,25598.0,282,74,0,0,0,0,1,0,0,0,0,2,0,2,2,1,1,9,9,10,63,331,173,84,28,22,34,89,10,2,1,7,2,7,158,338,2,2,48,48,50,2,0,0,0,3,50,6,2,669
orjson_3_11_7,6a97da848cd3ac0f3dc4df7a8c3dbf8b72ae4a29,0,9351847.0,25598.0,282,74,0,0,0,0,1,0,0,0,0,2,0,2,2,1,1,9,9,10,63,331,173,84,28,22,34,89,10,2,1,7,2,7,158,338,2,2,48,48,50,2,0,0,0,3,50,6,2,669
orjson_3_11_8,6a97da848cd3ac0f3dc4df7a8c3dbf8b72ae4a29,0,9462847.333333334,25598.0,282,74,0,0,0,0,1,0,0,0,0,2,0,2,2,1,1,9,9,10,63,331,173,84,28,22,34,89,10,2,1,7,2,7,158,338,2,2,48,48,50,2,0,0,0,3,50,6,2,669
orjson_3_11_9,6a97da848cd3ac0f3dc4df7a8c3dbf8b72ae4a29,0,9097833.0,25598.0,282,74,0,0,0,0,1,0,0,0,0,2,0,2,2,1,1,9,9,10,63,331,173,84,28,22,34,89,10,2,1,7,2,7,158,338,2,2,48,48,50,2,0,0,0,3,50,6,2,669
orjson_3_12_0,6a97da848cd3ac0f3dc4df7a8c3dbf8b72ae4a29,0,9054069.0,25598.0,282,74,0,0,0,0,1,0,0,0,0,2,0,2,2,1,1,9,9,10,63,331,173,84,28,22,34,89,10,2,1,7,2,7,158,338,2,2,48,48,50,2,0,0,0,3,50,6,2,669
orjson_3_11_5,4b98b3b4633c75875389bb4cd9473e068969487b,0,8552833.333333334,24418.0,178,72,0,2,0,0,0,1,2,2,1,1,1,3,1,0,0,6,5,4,28,386,189,86,32,26,28,103,12,4,2,6,4,6,197,435,1,1,24,24,25,1,0,0,0,2,25,4,3,821
orjson_3_11_6,4b98b3b4633c75875389bb4cd9473e068969487b,0,8681375.0,24418.0,178,72,0,2,0,0,0,1,2,2,1,1,1,3,1,0,0,6,5,4,28,386,189,86,32,26,28,103,12,4,2,6,4,6,197,435,1,1,24,24,25,1,0,0,0,2,25,4,3,821
orjson_3_11_7,4b98b3b4633c75875389bb4cd9473e068969487b,0,8614666.666666666,24418.0,178,72,0,2,0,0,0,1,2,2,1,1,1,3,1,0,0,6,5,4,28,386,189,86,32,26,28,103,12,4,2,6,4,6,197,435,1,1,24,24,25,1,0,0,0,2,25,4,3,821
orjson_3_11_8,4b98b3b4633c75875389bb4cd9473e068969487b,0,8661833.333333334,24418.0,178,72,0,2,0,0,0,1,2,2,1,1,1,3,1,0,0,6,5,4,28,386,189,86,32,26,28,103,12,4,2,6,4,6,197,435,1,1,24,24,25,1,0,0,0,2,25,4,3,821
orjson_3_11_9,4b98b3b4633c75875389bb4cd9473e068969487b,0,8379041.666666667,24418.0,178,72,0,2,0,0,0,1,2,2,1,1,1,3,1,0,0,6,5,4,28,386,189,86,32,26,28,103,12,4,2,6,4,6,197,435,1,1,24,24,25,1,0,0,0,2,25,4,3,821
orjson_3_12_0,4b98b3b4633c75875389bb4cd9473e068969487b,0,8358777.666666667,24418.0,178,72,0,2,0,0,0,1,2,2,1,1,1,3,1,0,0,6,5,4,28,386,189,86,32,26,28,103,12,4,2,6,4,6,197,435,1,1,24,24,25,1,0,0,0,2,25,4,3,821
orjson_3_11_5,30b94b409d8b09e2ac4a3cc76234d3e59199f0e3,0,10177916.666666666,25129.0,154,47,0,1,0,0,0,0,1,1,0,0,0,1,0,0,0,5,5,6,28,413,217,106,34,37,35,111,17,6,4,7,6,7,196,407,1,1,24,24,25,1,0,0,0,2,25,5,1,820
orjson_3_11_6,30b94b409d8b09e2ac4a3cc76234d3e59199f0e3,0,10155569.333333334,25129.0,154,47,0,1,0,0,0,0,1,1,0,0,0,1,0,0,0,5,5,6,28,413,217,106,34,37,35,111,17,6,4,7,6,7,196,407,1,1,24,24,25,1,0,0,0,2,25,5,1,820
orjson_3_11_7,30b94b409d8b09e2ac4a3cc76234d3e59199f0e3,0,10130194.666666666,25129.0,154,47,0,1,0,0,0,0,1,1,0,0,0,1,0,0,0,5,5,6,28,413,217,106,34,37,35,111,17,6,4,7,6,7,196,407,1,1,24,24,25,1,0,0,0,2,25,5,1,820
orjson_3_11_8,30b94b409d8b09e2ac4a3cc76234d3e59199f0e3,0,10213375.0,25129.0,154,47,0,1,0,0,0,0,1,1,0,0,0,1,0,0,0,5,5,6,28,413,217,106,34,37,35,111,17,6,4,7,6,7,196,407,1,1,24,24,25,1,0,0,0,2,25,5,1,820
orjson_3_11_9,30b94b409d8b09e2ac4a3cc76234d3e59199f0e3,0,9690597.0,25129.0,154,47,0,1,0,0,0,0,1,1,0,0,0,1,0,0,0,5,5,6,28,413,217,106,34,37,35,111,17,6,4,7,6,7,196,407,1,1,24,24,25,1,0,0,0,2,25,5,1,820
orjson_3_12_0,30b94b409d8b09e2ac4a3cc76234d3e59199f0e3,0,9767902.666666666,25129.0,154,47,0,1,0,0,0,0,1,1,0,0,0,1,0,0,0,5,5,6,28,413,217,106,34,37,35,111,17,6,4,7,6,7,196,407,1,1,24,24,25,1,0,0,0,2,25,5,1,820
orjson_3_11_5,ec051a20aef0a8e88d815c471087e2868a08f676,0,8570111.0,24418.0,178,72,0,2,0,0,0,1,2,2,1,1,1,3,1,0,0,6,5,4,28,386,189,86,32,26,28,103,12,4,2,6,4,6,197,435,1,1,24,24,25,1,0,0,0,2,25,4,3,821
orjson_3_11_6,ec051a20aef0a8e88d815c471087e2868a08f676,0,8584694.666666666,24418.0,178,72,0,2,0,0,0,1,2,2,1,1,1,3,1,0,0,6,5,4,28,386,189,86,32,26,28,103,12,4,2,6,4,6,197,435,1,1,24,24,25,1,0,0,0,2,25,4,3,821
orjson_3_11_7,ec051a20aef0a8e88d815c471087e2868a08f676,0,8689708.333333334,24418.0,178,72,0,2,0,0,0,1,2,2,1,1,1,3,1,0,0,6,5,4,28,386,189,86,32,26,28,103,12,4,2,6,4,6,197,435,1,1,24,24,25,1,0,0,0,2,25,4,3,821
orjson_3_11_8,ec051a20aef0a8e88d815c471087e2868a08f676,0,8647486.0,24418.0,178,72,0,2,0,0,0,1,2,2,1,1,1,3,1,0,0,6,5,4,28,386,189,86,32,26,28,103,12,4,2,6,4,6,197,435,1,1,24,24,25,1,0,0,0,2,25,4,3,821
orjson_3_11_9,ec051a20aef0a8e88d815c471087e2868a08f676,0,8387888.333333333,24418.0,178,72,0,2,0,0,0,1,2,2,1,1,1,3,1,0,0,6,5,4,28,386,189,86,32,26,28,103,12,4,2,6,4,6,197,435,1,1,24,24,25,1,0,0,0,2,25,4,3,821
orjson_3_12_0,ec051a20aef0a8e88d815c471087e2868a08f676,0,8381555.0,24418.0,178,72,0,2,0,0,0,1,2,2,1,1,1,3,1,0,0,6,5,4,28,386,189,86,32,26,28,103,12,4,2,6,4,6,197,435,1,1,24,24,25,1,0,0,0,2,25,4,3,821
orjson_3_11_5,df63a416044091e98d1485faca350ffd2fbdbc48,0,10177097.0,25129.0,154,47,0,1,0,0,0,0,1,1,0,0,0,1,0,0,0,5,5,6,28,414,218,106,34,37,35,112,17,6,4,7,6,7,196,406,1,1,24,24,25,1,0,0,0,2,25,5,1,820
orjson_3_11_6,df63a416044091e98d1485faca350ffd2fbdbc48,0,10205208.333333334,25129.0,154,47,0,1,0,0,0,0,1,1,0,0,0,1,0,0,0,5,5,6,28,414,218,106,34,37,35,112,17,6,4,7,6,7,196,406,1,1,24,24,25,1,0,0,0,2,25,5,1,820
orjson_3_11_7,df63a416044091e98d1485faca350ffd2fbdbc48,0,10145778.0,25129.0,154,47,0,1,0,0,0,0,1,1,0,0,0,1,0,0,0,5,5,6,28,414,218,106,34,37,35,112,17,6,4,7,6,7,196,406,1,1,24,24,25,1,0,0,0,2,25,5,1,820
orjson_3_11_8,df63a416044091e98d1485faca350ffd2fbdbc48,0,10111152.666666666,25129.0,154,47,0,1,0,0,0,0,1,1,0,0,0,1,0,0,0,5,5,6,28,414,218,106,34,37,35,112,17,6,4,7,6,7,196,406,1,1,24,24,25,1,0,0,0,2,25,5,1,820
orjson_3_11_9,df63a416044091e98d1485faca350ffd2fbdbc48,0,9897986.0,25129.0,154,47,0,1,0,0,0,0,1,1,0,0,0,1,0,0,0,5,5,6,28,414,218,106,34,37,35,112,17,6,4,7,6,7,196,406,1,1,24,24,25,1,0,0,0,2,25,5,1,820
orjson_3_12_0,df63a416044091e98d1485faca350ffd2fbdbc48,0,9689944.333333334,25129.0,154,47,0,1,0,0,0,0,1,1,0,0,0,1,0,0,0,5,5,6,28,414,218,106,34,37,35,112,17,6,4,7,6,7,196,406,1,1,24,24,25,1,0,0,0,2,25,5,1,820
orjson_3_11_5,162f6a1a1ff3c80f04bbfb6156ed2263089cb1ae,0,7503861.333333333,19890.0,303,95,0,2,1,0,1,2,1,1,1,5,2,8,6,1,4,12,11,5,57,209,96,50,17,14,19,46,2,1,1,0,1,0,113,198,2,2,48,48,50,2,0,0,0,3,50,6,8,407
orjson_3_11_6,162f6a1a1ff3c80f04bbfb6156ed2263089cb1ae,0,7410739.5,19890.0,303,95,0,2,1,0,1,2,1,1,1,5,2,8,6,1,4,12,11,5,57,209,96,50,17,14,19,46,2,1,1,0,1,0,113,198,2,2,48,48,50,2,0,0,0,3,50,6,8,407
orjson_3_11_7,162f6a1a1ff3c80f04bbfb6156ed2263089cb1ae,0,7318902.666666667,19890.0,303,95,0,2,1,0,1,2,1,1,1,5,2,8,6,1,4,12,11,5,57,209,96,50,17,14,19,46,2,1,1,0,1,0,113,198,2,2,48,48,50,2,0,0,0,3,50,6,8,407
orjson_3_11_8,162f6a1a1ff3c80f04bbfb6156ed2263089cb1ae,0,7473014.0,19890.0,303,95,0,2,1,0,1,2,1,1,1,5,2,8,6,1,4,12,11,5,57,209,96,50,17,14,19,46,2,1,1,0,1,0,113,198,2,2,48,48,50,2,0,0,0,3,50,6,8,407
orjson_3_11_9,162f6a1a1ff3c80f04bbfb6156ed2263089cb1ae,0,7766704.3,19890.0,303,95,0,2,1,0,1,2,1,1,1,5,2,8,6,1,4,12,11,5,57,209,96,50,17,14,19,46,2,1,1,0,1,0,113,198,2,2,48,48,50,2,0,0,0,3,50,6,8,407
orjson_3_12_0,162f6a1a1ff3c80f04bbfb6156ed2263089cb1ae,0,7371569.333333333,19890.0,303,95,0,2,1,0,1,2,1,1,1,5,2,8,6,1,4,12,11,5,57,209,96,50,17,14,19,46,2,1,1,0,1,0,113,198,2,2,48,48,50,2,0,0,0,3,50,6,8,407
orjson_3_11_5,a2104c19ef6e4b4c35b5e57fce3c1096a2cfb589,0,9511180.333333334,25598.0,282,74,0,0,0,0,1,0,0,0,0,2,0,2,2,1,1,9,9,10,63,331,173,84,28,22,34,89,10,2,1,7,2,7,158,338,2,2,48,48,50,2,0,0,0,3,50,6,2,669
orjson_3_11_6,a2104c19ef6e4b4c35b5e57fce3c1096a2cfb589,0,9554597.666666666,25598.0,282,74,0,0,0,0,1,0,0,0,0,2,0,2,2,1,1,9,9,10,63,331,173,84,28,22,34,89,10,2,1,7,2,7,158,338,2,2,48,48,50,2,0,0,0,3,50,6,2,669
orjson_3_11_7,a2104c19ef6e4b4c35b5e57fce3c1096a2cfb589,0,9375166.666666666,25598.0,282,74,0,0,0,0,1,0,0,0,0,2,0,2,2,1,1,9,9,10,63,331,173,84,28,22,34,89,10,2,1,7,2,7,158,338,2,2,48,48,50,2,0,0,0,3,50,6,2,669
orjson_3_11_8,a2104c19ef6e4b4c35b5e57fce3c1096a2cfb589,0,9480319.333333334,25598.0,282,74,0,0,0,0,1,0,0,0,0,2,0,2,2,1,1,9,9,10,63,331,173,84,28,22,34,89,10,2,1,7,2,7,158,338,2,2,48,48,50,2,0,0,0,3,50,6,2,669
orjson_3_11_9,a2104c19ef6e4b4c35b5e57fce3c1096a2cfb589,0,9158972.333333334,25598.0,282,74,0,0,0,0,1,0,0,0,0,2,0,2,2,1,1,9,9,10,63,331,173,84,28,22,34,89,10,2,1,7,2,7,158,338,2,2,48,48,50,2,0,0,0,3,50,6,2,669
orjson_3_12_0,a2104c19ef6e4b4c35b5e57fce3c1096a2cfb589,0,9075903.0,25598.0,282,74,0,0,0,0,1,0,0,0,0,2,0,2,2,1,1,9,9,10,63,331,173,84,28,22,34,89,10,2,1,7,2,7,158,338,2,2,48,48,50,2,0,0,0,3,50,6,2,669
orjson_3_11_5,b675ade8b123d647a2b3042679e5cd6d7c2e8432,0,7404000.0,19890.0,303,95,0,2,1,0,1,2,1,1,1,5,2,8,6,1,4,13,11,4,57,209,96,50,17,14,19,46,2,1,1,0,1,0,113,198,2,2,48,48,50,2,0,0,0,3,50,6,8,407
orjson_3_11_6,b675ade8b123d647a2b3042679e5cd6d7c2e8432,0,7415444.333333333,19890.0,303,95,0,2,1,0,1,2,1,1,1,5,2,8,6,1,4,13,11,4,57,209,96,50,17,14,19,46,2,1,1,0,1,0,113,198,2,2,48,48,50,2,0,0,0,3,50,6,8,407
orjson_3_11_7,b675ade8b123d647a2b3042679e5cd6d7c2e8432,0,7484291.666666667,19890.0,303,95,0,2,1,0,1,2,1,1,1,5,2,8,6,1,4,13,11,4,57,209,96,50,17,14,19,46,2,1,1,0,1,0,113,198,2,2,48,48,50,2,0,0,0,3,50,6,8,407
orjson_3_11_8,b675ade8b123d647a2b3042679e5cd6d7c2e8432,0,7444514.0,19890.0,303,95,0,2,1,0,1,2,1,1,1,5,2,8,6,1,4,13,11,4,57,209,96,50,17,14,19,46,2,1,1,0,1,0,113,198,2,2,48,48,50,2,0,0,0,3,50,6,8,407
orjson_3_11_9,b675ade8b123d647a2b3042679e5cd6d7c2e8432,0,7415458.666666667,19890.0,303,95,0,2,1,0,1,2,1,1,1,5,2,8,6,1,4,13,11,4,57,209,96,50,17,14,19,46,2,1,1,0,1,0,113,198,2,2,48,48,50,2,0,0,0,3,50,6,8,407
orjson_3_12_0,b675ade8b123d647a2b3042679e5cd6d7c2e8432,0,7361847.333333333,19890.0,303,95,0,2,1,0,1,2,1,1,1,5,2,8,6,1,4,13,11,4,57,209,96,50,17,14,19,46,2,1,1,0,1,0,113,198,2,2,48,48,50,2,0,0,0,3,50,6,8,407
orjson_3_11_5,cdd493dddb0fa6b9befefd99d7011a566d84629c,0,9566013.666666666,25598.0,282,74,0,0,0,0,1,0,0,0,0,2,0,2,2,1,1,8,9,11,63,331,173,84,28,22,34,89,10,2,1,7,2,7,158,338,2,2,48,48,50,2,0,0,0,3,50,6,2,669
orjson_3_11_6,cdd493dddb0fa6b9befefd99d7011a566d84629c,0,9503403.0,25598.0,282,74,0,0,0,0,1,0,0,0,0,2,0,2,2,1,1,8,9,11,63,331,173,84,28,22,34,89,10,2,1,7,2,7,158,338,2,2,48,48,50,2,0,0,0,3,50,6,2,669
orjson_3_11_7,cdd493dddb0fa6b9befefd99d7011a566d84629c,0,9313514.0,25598.0,282,74,0,0,0,0,1,0,0,0,0,2,0,2,2,1,1,8,9,11,63,331,173,84,28,22,34,89,10,2,1,7,2,7,158,338,2,2,48,48,50,2,0,0,0,3,50,6,2,669
orjson_3_11_8,cdd493dddb0fa6b9befefd99d7011a566d84629c,0,9406944.666666666,25598.0,282,74,0,0,0,0,1,0,0,0,0,2,0,2,2,1,1,8,9,11,63,331,173,84,28,22,34,89,10,2,1,7,2,7,158,338,2,2,48,48,50,2,0,0,0,3,50,6,2,669
orjson_3_11_9,cdd493dddb0fa6b9befefd99d7011a566d84629c,0,9124347.0,25598.0,282,74,0,0,0,0,1,0,0,0,0,2,0,2,2,1,1,8,9,11,63,331,173,84,28,22,34,89,10,2,1,7,2,7,158,338,2,2,48,48,50,2,0,0,0,3,50,6,2,669
orjson_3_12_0,cdd493dddb0fa6b9befefd99d7011a566d84629c,0,9069319.666666666,25598.0,282,74,0,0,0,0,1,0,0,0,0,2,0,2,2,1,1,8,9,11,63,331,173,84,28,22,34,89,10,2,1,7,2,7,158,338,2,2,48,48,50,2,0,0,0,3,50,6,2,669
orjson_3_11_5,5d01a3f5665ce19214092b0a9b63f32519beb85a,0,10303166.25,25268.0,277,65,0,0,0,1,1,0,0,0,0,0,0,1,1,1,0,12,9,10,57,338,169,85,31,24,30,84,12,4,4,4,4,4,169,340,2,2,48,48,50,2,0,0,0,3,50,10,1,678
orjson_3_11_6,5d01a3f5665ce19214092b0a9b63f32519beb85a,0,10422541.666666666,25268.0,277,65,0,0,0,1,1,0,0,0,0,0,0,1,1,1,0,12,9,10,57,338,169,85,31,24,30,84,12,4,4,4,4,4,169,340,2,2,48,48,50,2,0,0,0,3,50,10,1,678
orjson_3_11_7,5d01a3f5665ce19214092b0a9b63f32519beb85a,0,10291864.5,25268.0,277,65,0,0,0,1,1,0,0,0,0,0,0,1,1,1,0,12,9,10,57,338,169,85,31,24,30,84,12,4,4,4,4,4,169,340,2,2,48,48,50,2,0,0,0,3,50,10,1,678
orjson_3_11_8,5d01a3f5665ce19214092b0a9b63f32519beb85a,0,10425430.666666666,25268.0,277,65,0,0,0,1,1,0,0,0,0,0,0,1,1,1,0,12,9,10,57,338,169,85,31,24,30,84,12,4,4,4,4,4,169,340,2,2,48,48,50,2,0,0,0,3,50,10,1,678
orjson_3_11_9,5d01a3f5665ce19214092b0a9b63f32519beb85a,0,10186139.333333334,25268.0,277,65,0,0,0,1,1,0,0,0,0,0,0,1,1,1,0,12,9,10,57,338,169,85,31,24,30,84,12,4,4,4,4,4,169,340,2,2,48,48,50,2,0,0,0,3,50,10,1,678
orjson_3_12_0,5d01a3f5665ce19214092b0a9b63f32519beb85a,0,10158499.666666666,25268.0,277,65,0,0,0,1,1,0,0,0,0,0,0,1,1,1,0,12,9,10,57,338,169,85,31,24,30,84,12,4,4,4,4,4,169,340,2,2,48,48,50,2,0,0,0,3,50,10,1,678
orjson_3_11_5,a554f55a0f950e63e97b135e5e1684aba86443a8,0,10217028.0,25129.0,154,47,0,1,0,0,0,0,1,1,1,0,1,1,0,0,0,5,5,6,28,414,218,106,34,37,35,112,17,6,4,7,6,7,196,406,1,1,24,24,25,1,0,0,0,2,25,5,1,820
orjson_3_11_6,a554f55a0f950e63e97b135e5e1684aba86443a8,0,10125514.0,25129.0,154,47,0,1,0,0,0,0,1,1,1,0,1,1,0,0,0,5,5,6,28,414,218,106,34,37,35,112,17,6,4,7,6,7,196,406,1,1,24,24,25,1,0,0,0,2,25,5,1,820
orjson_3_11_7,a554f55a0f950e63e97b135e5e1684aba86443a8,0,10080527.666666666,25129.0,154,47,0,1,0,0,0,0,1,1,1,0,1,1,0,0,0,5,5,6,28,414,218,106,34,37,35,112,17,6,4,7,6,7,196,406,1,1,24,24,25,1,0,0,0,2,25,5,1,820
orjson_3_11_8,a554f55a0f950e63e97b135e5e1684aba86443a8,0,10152236.0,25129.0,154,47,0,1,0,0,0,0,1,1,1,0,1,1,0,0,0,5,5,6,28,414,218,106,34,37,35,112,17,6,4,7,6,7,196,406,1,1,24,24,25,1,0,0,0,2,25,5,1,820
orjson_3_11_9,a554f55a0f950e63e97b135e5e1684aba86443a8,0,9839138.666666666,25129.0,154,47,0,1,0,0,0,0,1,1,1,0,1,1,0,0,0,5,5,6,28,414,218,106,34,37,35,112,17,6,4,7,6,7,196,406,1,1,24,24,25,1,0,0,0,2,25,5,1,820
orjson_3_12_0,a554f55a0f950e63e97b135e5e1684aba86443a8,0,9824042.0,25129.0,154,47,0,1,0,0,0,0,1,1,1,0,1,1,0,0,0,5,5,6,28,414,218,106,34,37,35,112,17,6,4,7,6,7,196,406,1,1,24,24,25,1,0,0,0,2,25,5,1,820
orjson_3_11_5,35d4c85dfa2c0334df5eee2903545db16f4926ca,0,7523375.0,19890.0,303,95,0,2,1,0,1,2,1,1,2,6,3,8,6,1,4,12,11,5,57,209,96,50,17,14,19,46,2,1,1,0,1,0,113,198,2,2,48,48,50,2,0,0,0,3,50,6,8,407
orjson_3_11_6,35d4c85dfa2c0334df5eee2903545db16f4926ca,0,7521278.0,19890.0,303,95,0,2,1,0,1,2,1,1,2,6,3,8,6,1,4,12,11,5,57,209,96,50,17,14,19,46,2,1,1,0,1,0,113,198,2,2,48,48,50,2,0,0,0,3,50,6,8,407
orjson_3_11_7,35d4c85dfa2c0334df5eee2903545db16f4926ca,0,7368479.25,19890.0,303,95,0,2,1,0,1,2,1,1,2,6,3,8,6,1,4,12,11,5,57,209,96,50,17,14,19,46,2,1,1,0,1,0,113,198,2,2,48,48,50,2,0,0,0,3,50,6,8,407
orjson_3_11_8,35d4c85dfa2c0334df5eee2903545db16f4926ca,0,7423527.333333333,19890.0,303,95,0,2,1,0,1,2,1,1,2,6,3,8,6,1,4,12,11,5,57,209,96,50,17,14,19,46,2,1,1,0,1,0,113,198,2,2,48,48,50,2,0,0,0,3,50,6,8,407
orjson_3_11_9,35d4c85dfa2c0334df5eee2903545db16f4926ca,0,7944949.7,19890.0,303,95,0,2,1,0,1,2,1,1,2,6,3,8,6,1,4,12,11,5,57,209,96,50,17,14,19,46,2,1,1,0,1,0,113,198,2,2,48,48,50,2,0,0,0,3,50,6,8,407
orjson_3_12_0,35d4c85dfa2c0334df5eee2903545db16f4926ca,0,7363264.0,19890.0,303,95,0,2,1,0,1,2,1,1,2,6,3,8,6,1,4,12,11,5,57,209,96,50,17,14,19,46,2,1,1,0,1,0,113,198,2,2,48,48,50,2,0,0,0,3,50,6,8,407
orjson_3_11_5,5e1be316481fa38b162f384d717e2072a889b94b,0,8661444.666666666,24418.0,178,72,0,2,0,0,0,1,2,2,0,0,0,3,1,0,0,6,5,4,28,386,189,86,32,26,28,103,12,4,2,6,4,6,197,435,1,1,24,24,25,1,0,0,0,2,25,4,3,821
orjson_3_11_6,5e1be316481fa38b162f384d717e2072a889b94b,0,8527542.0,24418.0,178,72,0,2,0,0,0,1,2,2,0,0,0,3,1,0,0,6,5,4,28,386,189,86,32,26,28,103,12,4,2,6,4,6,197,435,1,1,24,24,25,1,0,0,0,2,25,4,3,821
orjson_3_11_7,5e1be316481fa38b162f384d717e2072a889b94b,0,8655389.0,24418.0,178,72,0,2,0,0,0,1,2,2,0,0,0,3,1,0,0,6,5,4,28,386,189,86,32,26,28,103,12,4,2,6,4,6,197,435,1,1,24,24,25,1,0,0,0,2,25,4,3,821
orjson_3_11_8,5e1be316481fa38b162f384d717e2072a889b94b,0,8682402.666666666,24418.0,178,72,0,2,0,0,0,1,2,2,0,0,0,3,1,0,0,6,5,4,28,386,189,86,32,26,28,103,12,4,2,6,4,6,197,435,1,1,24,24,25,1,0,0,0,2,25,4,3,821
orjson_3_11_9,5e1be316481fa38b162f384d717e2072a889b94b,0,8405013.666666666,24418.0,178,72,0,2,0,0,0,1,2,2,0,0,0,3,1,0,0,6,5,4,28,386,189,86,32,26,28,103,12,4,2,6,4,6,197,435,1,1,24,24,25,1,0,0,0,2,25,4,3,821
orjson_3_12_0,5e1be316481fa38b162f384d717e2072a889b94b,0,8381389.0,24418.0,178,72,0,2,0,0,0,1,2,2,0,0,0,3,1,0,0,6,5,4,28,386,189,86,32,26,28,103,12,4,2,6,4,6,197,435,1,1,24,24,25,1,0,0,0,2,25,4,3,821
orjson_3_11_5,19dfb0d5a9c979dd77ba4b19774b7f2f6d92f321,0,8631111.0,24418.0,178,72,0,2,0,0,0,1,2,2,1,1,1,3,1,0,0,6,5,4,28,386,189,86,32,26,28,103,12,4,2,6,4,6,197,435,1,1,24,24,25,1,0,0,0,2,25,4,3,821
orjson_3_11_6,19dfb0d5a9c979dd77ba4b19774b7f2f6d92f321,0,8585041.666666666,24418.0,178,72,0,2,0,0,0,1,2,2,1,1,1,3,1,0,0,6,5,4,28,386,189,86,32,26,28,103,12,4,2,6,4,6,197,435,1,1,24,24,25,1,0,0,0,2,25,4,3,821
orjson_3_11_7,19dfb0d5a9c979dd77ba4b19774b7f2f6d92f321,0,8613222.0,24418.0,178,72,0,2,0,0,0,1,2,2,1,1,1,3,1,0,0,6,5,4,28,386,189,86,32,26,28,103,12,4,2,6,4,6,197,435,1,1,24,24,25,1,0,0,0,2,25,4,3,821
orjson_3_11_8,19dfb0d5a9c979dd77ba4b19774b7f2f6d92f321,0,8683027.666666666,24418.0,178,72,0,2,0,0,0,1,2,2,1,1,1,3,1,0,0,6,5,4,28,386,189,86,32,26,28,103,12,4,2,6,4,6,197,435,1,1,24,24,25,1,0,0,0,2,25,4,3,821
orjson_3_11_9,19dfb0d5a9c979dd77ba4b19774b7f2f6d92f321,0,8378056.0,24418.0,178,72,0,2,0,0,0,1,2,2,1,1,1,3,1,0,0,6,5,4,28,386,189,86,32,26,28,103,12,4,2,6,4,6,197,435,1,1,24,24,25,1,0,0,0,2,25,4,3,821
orjson_3_12_0,19dfb0d5a9c979dd77ba4b19774b7f2f6d92f321,0,8330680.333333333,24418.0,178,72,0,2,0,0,0,1,2,2,1,1,1,3,1,0,0,6,5,4,28,386,189,86,32,26,28,103,12,4,2,6,4,6,197,435,1,1,24,24,25,1,0,0,0,2,25,4,3,821
orjson_3_11_5,eea8ca4aeb6f6fe05e5fd7be9223831008c7a6d7,0,9386917.0,25012.0,146,42,0,1,0,0,0,0,1,1,0,1,0,1,0,0,0,3,5,3,29,406,214,102,30,43,29,112,8,3,3,2,3,2,192,445,2,2,22,22,24,2,0,0,0,3,24,6,1,851
orjson_3_11_6,eea8ca4aeb6f6fe05e5fd7be9223831008c7a6d7,0,9277722.333333334,25012.0,146,42,0,1,0,0,0,0,1,1,0,1,0,1,0,0,0,3,5,3,29,406,214,102,30,43,29,112,8,3,3,2,3,2,192,445,2,2,22,22,24,2,0,0,0,3,24,6,1,851
orjson_3_11_7,eea8ca4aeb6f6fe05e5fd7be9223831008c7a6d7,0,9342819.0,25012.0,146,42,0,1,0,0,0,0,1,1,0,1,0,1,0,0,0,3,5,3,29,406,214,102,30,43,29,112,8,3,3,2,3,2,192,445,2,2,22,22,24,2,0,0,0,3,24,6,1,851
orjson_3_11_8,eea8ca4aeb6f6fe05e5fd7be9223831008c7a6d7,0,9319972.0,25012.0,146,42,0,1,0,0,0,0,1,1,0,1,0,1,0,0,0,3,5,3,29,406,214,102,30,43,29,112,8,3,3,2,3,2,192,445,2,2,22,22,24,2,0,0,0,3,24,6,1,851
orjson_3_11_9,eea8ca4aeb6f6fe05e5fd7be9223831008c7a6d7,0,8910069.333333334,25012.0,146,42,0,1,0,0,0,0,1,1,0,1,0,1,0,0,0,3,5,3,29,406,214,102,30,43,29,112,8,3,3,2,3,2,192,445,2,2,22,22,24,2,0,0,0,3,24,6,1,851
orjson_3_12_0,eea8ca4aeb6f6fe05e5fd7be9223831008c7a6d7,0,8997430.666666666,25012.0,146,42,0,1,0,0,0,0,1,1,0,1,0,1,0,0,0,3,5,3,29,406,214,102,30,43,29,112,8,3,3,2,3,2,192,445,2,2,22,22,24,2,0,0,0,3,24,6,1,851
orjson_3_11_5,875a4e661e568dfd82654752d14608833b78a1ea,0,10493499.666666666,24954.0,207,91,0,2,0,10,2,0,2,2,1,1,1,4,2,2,0,8,7,5,24,453,237,112,35,30,47,125,14,5,7,2,5,2,216,420,6,4,15,30,37,4,3,15,3,7,19,3,4,873
orjson_3_11_6,875a4e661e568dfd82654752d14608833b78a1ea,0,10513902.333333334,24954.0,207,91,0,2,0,10,2,0,2,2,1,1,1,4,2,2,0,8,7,5,24,453,237,112,35,30,47,125,14,5,7,2,5,2,216,420,6,4,15,30,37,4,3,15,3,7,19,3,4,873
orjson_3_11_7,875a4e661e568dfd82654752d14608833b78a1ea,0,10644611.0,24954.0,207,91,0,2,0,10,2,0,2,2,1,1,1,4,2,2,0,8,7,5,24,453,237,112,35,30,47,125,14,5,7,2,5,2,216,420,6,4,15,30,37,4,3,15,3,7,19,3,4,873
orjson_3_11_8,875a4e661e568dfd82654752d14608833b78a1ea,0,10581250.0,24954.0,207,91,0,2,0,10,2,0,2,2,1,1,1,4,2,2,0,8,7,5,24,453,237,112,35,30,47,125,14,5,7,2,5,2,216,420,6,4,15,30,37,4,3,15,3,7,19,3,4,873
orjson_3_11_9,875a4e661e568dfd82654752d14608833b78a1ea,0,10143152.666666666,24954.0,207,91,0,2,0,10,2,0,2,2,1,1,1,4,2,2,0,8,7,5,24,453,237,112,35,30,47,125,14,5,7,2,5,2,216,420,6,4,15,30,37,4,3,15,3,7,19,3,4,873
orjson_3_12_0,875a4e661e568dfd82654752d14608833b78a1ea,0,10141666.666666666,24954.0,207,91,0,2,0,10,2,0,2,2,1,1,1,4,2,2,0,8,7,5,24,453,237,112,35,30,47,125,14,5,7,2,5,2,216,420,6,4,15,30,37,4,3,15,3,7,19,3,4,873
orjson_3_11_5,606a1301c07539ec3c898464e2138a7bbeb4f12a,0,9417805.666666666,23861.0,308,120,0,2,1,0,0,3,1,1,2,3,5,5,3,0,1,11,19,22,14,357,166,83,39,22,22,83,14,7,2,5,7,5,191,326,9,3,9,64,78,3,11,55,11,15,12,11,5,683
orjson_3_11_6,606a1301c07539ec3c898464e2138a7bbeb4f12a,0,9554222.333333334,23861.0,308,120,0,2,1,0,0,3,1,1,2,3,5,5,3,0,1,11,19,22,14,357,166,83,39,22,22,83,14,7,2,5,7,5,191,326,9,3,9,64,78,3,11,55,11,15,12,11,5,683
orjson_3_11_7,606a1301c07539ec3c898464e2138a7bbeb4f12a,0,9526499.666666666,23861.0,308,120,0,2,1,0,0,3,1,1,2,3,5,5,3,0,1,11,19,22,14,357,166,83,39,22,22,83,14,7,2,5,7,5,191,326,9,3,9,64,78,3,11,55,11,15,12,11,5,683
orjson_3_11_8,606a1301c07539ec3c898464e2138a7bbeb4f12a,0,9463778.0,23861.0,308,120,0,2,1,0,0,3,1,1,2,3,5,5,3,0,1,11,19,22,14,357,166,83,39,22,22,83,14,7,2,5,7,5,191,326,9,3,9,64,78,3,11,55,11,15,12,11,5,683
orjson_3_11_9,606a1301c07539ec3c898464e2138a7bbeb4f12a,0,9191097.333333334,23861.0,308,120,0,2,1,0,0,3,1,1,2,3,5,5,3,0,1,11,19,22,14,357,166,83,39,22,22,83,14,7,2,5,7,5,191,326,9,3,9,64,78,3,11,55,11,15,12,11,5,683
orjson_3_12_0,606a1301c07539ec3c898464e2138a7bbeb4f12a,0,9203555.333333334,23861.0,308,120,0,2,1,0,0,3,1,1,2,3,5,5,3,0,1,11,19,22,14,357,166,83,39,22,22,83,14,7,2,5,7,5,191,326,9,3,9,64,78,3,11,55,11,15,12,11,5,683
orjson_3_11_5,e3566df8573da2e7ba23fb19e74a41cf1e688a2d,0,9381444.333333334,24668.0,250,76,0,0,0,2,2,0,0,0,0,1,0,2,2,2,0,8,13,10,45,345,173,82,29,27,26,91,13,9,2,2,9,2,172,376,3,3,39,39,42,3,0,0,0,3,42,4,2,721
orjson_3_11_6,e3566df8573da2e7ba23fb19e74a41cf1e688a2d,0,9277110.666666666,24668.0,250,76,0,0,0,2,2,0,0,0,0,1,0,2,2,2,0,8,13,10,45,345,173,82,29,27,26,91,13,9,2,2,9,2,172,376,3,3,39,39,42,3,0,0,0,3,42,4,2,721
orjson_3_11_7,e3566df8573da2e7ba23fb19e74a41cf1e688a2d,0,9353111.0,24668.0,250,76,0,0,0,2,2,0,0,0,0,1,0,2,2,2,0,8,13,10,45,345,173,82,29,27,26,91,13,9,2,2,9,2,172,376,3,3,39,39,42,3,0,0,0,3,42,4,2,721
orjson_3_11_8,e3566df8573da2e7ba23fb19e74a41cf1e688a2d,0,9287889.0,24668.0,250,76,0,0,0,2,2,0,0,0,0,1,0,2,2,2,0,8,13,10,45,345,173,82,29,27,26,91,13,9,2,2,9,2,172,376,3,3,39,39,42,3,0,0,0,3,42,4,2,721
orjson_3_11_9,e3566df8573da2e7ba23fb19e74a41cf1e688a2d,0,9114944.666666666,24668.0,250,76,0,0,0,2,2,0,0,0,0,1,0,2,2,2,0,8,13,10,45,345,173,82,29,27,26,91,13,9,2,2,9,2,172,376,3,3,39,39,42,3,0,0,0,3,42,4,2,721
orjson_3_12_0,e3566df8573da2e7ba23fb19e74a41cf1e688a2d,0,9094597.0,24668.0,250,76,0,0,0,2,2,0,0,0,0,1,0,2,2,2,0,8,13,10,45,345,173,82,29,27,26,91,13,9,2,2,9,2,172,376,3,3,39,39,42,3,0,0,0,3,42,4,2,721
orjson_3_11_5,005468fd7919dc038462686ee0e6241e942d8533,0,8390847.0,25093.0,88,28,0,1,0,0,0,0,1,1,0,1,0,1,0,0,0,1,0,3,21,454,234,112,41,38,33,122,13,4,5,4,4,4,220,450,1,1,13,13,14,1,0,0,0,2,14,2,1,904
orjson_3_11_6,005468fd7919dc038462686ee0e6241e942d8533,0,8411680.666666666,25093.0,88,28,0,1,0,0,0,0,1,1,0,1,0,1,0,0,0,1,0,3,21,454,234,112,41,38,33,122,13,4,5,4,4,4,220,450,1,1,13,13,14,1,0,0,0,2,14,2,1,904
orjson_3_11_7,005468fd7919dc038462686ee0e6241e942d8533,0,8430666.666666666,25093.0,88,28,0,1,0,0,0,0,1,1,0,1,0,1,0,0,0,1,0,3,21,454,234,112,41,38,33,122,13,4,5,4,4,4,220,450,1,1,13,13,14,1,0,0,0,2,14,2,1,904
orjson_3_11_8,005468fd7919dc038462686ee0e6241e942d8533,0,8461250.333333334,25093.0,88,28,0,1,0,0,0,0,1,1,0,1,0,1,0,0,0,1,0,3,21,454,234,112,41,38,33,122,13,4,5,4,4,4,220,450,1,1,13,13,14,1,0,0,0,2,14,2,1,904
orjson_3_11_9,005468fd7919dc038462686ee0e6241e942d8533,0,7894486.0,25093.0,88,28,0,1,0,0,0,0,1,1,0,1,0,1,0,0,0,1,0,3,21,454,234,112,41,38,33,122,13,4,5,4,4,4,220,450,1,1,13,13,14,1,0,0,0,2,14,2,1,904
orjson_3_12_0,005468fd7919dc038462686ee0e6241e942d8533,0,7931354.25,25093.0,88,28,0,1,0,0,0,0,1,1,0,1,0,1,0,0,0,1,0,3,21,454,234,112,41,38,33,122,13,4,5,4,4,4,220,450,1,1,13,13,14,1,0,0,0,2,14,2,1,904
orjson_3_11_5,e63d71b51d80cf9bde5130cf188571d471044266,0,11051166.6,25375.0,259,83,0,0,0,0,0,0,0,0,0,2,0,2,2,0,2,9,9,7,49,352,166,91,31,26,34,75,7,2,3,2,2,2,186,368,3,3,39,39,42,3,0,0,0,4,42,6,2,720
orjson_3_11_6,e63d71b51d80cf9bde5130cf188571d471044266,0,10279139.0,25375.0,259,83,0,0,0,0,0,0,0,0,0,2,0,2,2,0,2,9,9,7,49,352,166,91,31,26,34,75,7,2,3,2,2,2,186,368,3,3,39,39,42,3,0,0,0,4,42,6,2,720
orjson_3_11_7,e63d71b51d80cf9bde5130cf188571d471044266,0,10103638.666666666,25375.0,259,83,0,0,0,0,0,0,0,0,0,2,0,2,2,0,2,9,9,7,49,352,166,91,31,26,34,75,7,2,3,2,2,2,186,368,3,3,39,39,42,3,0,0,0,4,42,6,2,720
orjson_3_11_8,e63d71b51d80cf9bde5130cf188571d471044266,0,10210500.0,25375.0,259,83,0,0,0,0,0,0,0,0,0,2,0,2,2,0,2,9,9,7,49,352,166,91,31,26,34,75,7,2,3,2,2,2,186,368,3,3,39,39,42,3,0,0,0,4,42,6,2,720
orjson_3_11_9,e63d71b51d80cf9bde5130cf188571d471044266,0,9981652.666666666,25375.0,259,83,0,0,0,0,0,0,0,0,0,2,0,2,2,0,2,9,9,7,49,352,166,91,31,26,34,75,7,2,3,2,2,2,186,368,3,3,39,39,42,3,0,0,0,4,42,6,2,720
orjson_3_12_0,e63d71b51d80cf9bde5130cf188571d471044266,0,9952569.666666666,25375.0,259,83,0,0,0,0,0,0,0,0,0,2,0,2,2,0,2,9,9,7,49,352,166,91,31,26,34,75,7,2,3,2,2,2,186,368,3,3,39,39,42,3,0,0,0,4,42,6,2,720
orjson_3_11_5,8ac9b5c694ebd8f929b5232afab9efa44cf63930,0,8249472.333333333,24504.0,155,96,0,2,0,0,0,0,2,2,1,0,2,2,0,0,0,1,8,1,15,409,191,103,36,32,35,88,16,6,4,6,6,6,218,386,1,1,13,13,14,1,0,0,0,2,14,1,2,795
orjson_3_11_6,8ac9b5c694ebd8f929b5232afab9efa44cf63930,0,8298944.333333333,24504.0,155,96,0,2,0,0,0,0,2,2,1,0,2,2,0,0,0,1,8,1,15,409,191,103,36,32,35,88,16,6,4,6,6,6,218,386,1,1,13,13,14,1,0,0,0,2,14,1,2,795
orjson_3_11_7,8ac9b5c694ebd8f929b5232afab9efa44cf63930,0,8337889.0,24504.0,155,96,0,2,0,0,0,0,2,2,1,0,2,2,0,0,0,1,8,1,15,409,191,103,36,32,35,88,16,6,4,6,6,6,218,386,1,1,13,13,14,1,0,0,0,2,14,1,2,795
orjson_3_11_8,8ac9b5c694ebd8f929b5232afab9efa44cf63930,0,8322153.0,24504.0,155,96,0,2,0,0,0,0,2,2,1,0,2,2,0,0,0,1,8,1,15,409,191,103,36,32,35,88,16,6,4,6,6,6,218,386,1,1,13,13,14,1,0,0,0,2,14,1,2,795
orjson_3_11_9,8ac9b5c694ebd8f929b5232afab9efa44cf63930,0,7909277.666666667,24504.0,155,96,0,2,0,0,0,0,2,2,1,0,2,2,0,0,0,1,8,1,15,409,191,103,36,32,35,88,16,6,4,6,6,6,218,386,1,1,13,13,14,1,0,0,0,2,14,1,2,795
orjson_3_12_0,8ac9b5c694ebd8f929b5232afab9efa44cf63930,0,7870222.333333333,24504.0,155,96,0,2,0,0,0,0,2,2,1,0,2,2,0,0,0,1,8,1,15,409,191,103,36,32,35,88,16,6,4,6,6,6,218,386,1,1,13,13,14,1,0,0,0,2,14,1,2,795
orjson_3_11_5,b489a07a57c4eba860d251539ded3dddcee73146,0,9809236.0,24848.0,131,66,0,1,1,0,0,1,0,0,1,1,3,1,0,0,0,5,3,1,16,407,224,99,35,24,40,125,18,5,5,8,5,8,183,463,1,1,13,14,16,1,1,1,1,3,14,4,1,870
orjson_3_11_6,b489a07a57c4eba860d251539ded3dddcee73146,0,9721805.333333334,24848.0,131,66,0,1,1,0,0,1,0,0,1,1,3,1,0,0,0,5,3,1,16,407,224,99,35,24,40,125,18,5,5,8,5,8,183,463,1,1,13,14,16,1,1,1,1,3,14,4,1,870
orjson_3_11_7,b489a07a57c4eba860d251539ded3dddcee73146,0,9804388.666666666,24848.0,131,66,0,1,1,0,0,1,0,0,1,1,3,1,0,0,0,5,3,1,16,407,224,99,35,24,40,125,18,5,5,8,5,8,183,463,1,1,13,14,16,1,1,1,1,3,14,4,1,870
orjson_3_11_8,b489a07a57c4eba860d251539ded3dddcee73146,0,9789902.666666666,24848.0,131,66,0,1,1,0,0,1,0,0,1,1,3,1,0,0,0,5,3,1,16,407,224,99,35,24,40,125,18,5,5,8,5,8,183,463,1,1,13,14,16,1,1,1,1,3,14,4,1,870
orjson_3_11_9,b489a07a57c4eba860d251539ded3dddcee73146,0,9457903.0,24848.0,131,66,0,1,1,0,0,1,0,0,1,1,3,1,0,0,0,5,3,1,16,407,224,99,35,24,40,125,18,5,5,8,5,8,183,463,1,1,13,14,16,1,1,1,1,3,14,4,1,870
orjson_3_12_0,b489a07a57c4eba860d251539ded3dddcee73146,0,9517291.333333334,24848.0,131,66,0,1,1,0,0,1,0,0,1,1,3,1,0,0,0,5,3,1,16,407,224,99,35,24,40,125,18,5,5,8,5,8,183,463,1,1,13,14,16,1,1,1,1,3,14,4,1,870
orjson_3_11_5,bb5398c76e8b60d4ef8636715e943662c4a821b8,0,8731375.0,24814.0,116,56,0,0,0,0,0,0,0,0,0,1,0,2,2,0,2,1,3,3,17,447,221,124,39,42,43,97,13,5,4,4,5,4,226,432,1,1,13,13,14,1,0,0,0,2,14,2,2,879
orjson_3_11_6,bb5398c76e8b60d4ef8636715e943662c4a821b8,0,8743041.666666666,24814.0,116,56,0,0,0,0,0,0,0,0,0,1,0,2,2,0,2,1,3,3,17,447,221,124,39,42,43,97,13,5,4,4,5,4,226,432,1,1,13,13,14,1,0,0,0,2,14,2,2,879
orjson_3_11_7,bb5398c76e8b60d4ef8636715e943662c4a821b8,0,8759291.333333334,24814.0,116,56,0,0,0,0,0,0,0,0,0,1,0,2,2,0,2,1,3,3,17,447,221,124,39,42,43,97,13,5,4,4,5,4,226,432,1,1,13,13,14,1,0,0,0,2,14,2,2,879
orjson_3_11_8,bb5398c76e8b60d4ef8636715e943662c4a821b8,0,8680097.333333334,24814.0,116,56,0,0,0,0,0,0,0,0,0,1,0,2,2,0,2,1,3,3,17,447,221,124,39,42,43,97,13,5,4,4,5,4,226,432,1,1,13,13,14,1,0,0,0,2,14,2,2,879
orjson_3_11_9,bb5398c76e8b60d4ef8636715e943662c4a821b8,0,8291014.0,24814.0,116,56,0,0,0,0,0,0,0,0,0,1,0,2,2,0,2,1,3,3,17,447,221,124,39,42,43,97,13,5,4,4,5,4,226,432,1,1,13,13,14,1,0,0,0,2,14,2,2,879
orjson_3_12_0,bb5398c76e8b60d4ef8636715e943662c4a821b8,0,8318166.333333333,24814.0,116,56,0,0,0,0,0,0,0,0,0,1,0,2,2,0,2,1,3,3,17,447,221,124,39,42,43,97,13,5,4,4,5,4,226,432,1,1,13,13,14,1,0,0,0,2,14,2,2,879
orjson_3_11_5,1001a2355829c38fb15e7f2010e209e121356a02,0,8429958.0,24912.0,97,36,0,0,0,0,0,0,0,0,0,0,0,0,0,0,0,4,1,3,17,440,231,111,28,45,38,120,20,7,7,6,7,6,209,453,1,1,13,13,14,1,0,0,0,2,14,3,0,893
orjson_3_11_6,1001a2355829c38fb15e7f2010e209e121356a02,0,8487208.333333334,24912.0,97,36,0,0,0,0,0,0,0,0,0,0,0,0,0,0,0,4,1,3,17,440,231,111,28,45,38,120,20,7,7,6,7,6,209,453,1,1,13,13,14,1,0,0,0,2,14,3,0,893
orjson_3_11_7,1001a2355829c38fb15e7f2010e209e121356a02,0,8443430.666666666,24912.0,97,36,0,0,0,0,0,0,0,0,0,0,0,0,0,0,0,4,1,3,17,440,231,111,28,45,38,120,20,7,7,6,7,6,209,453,1,1,13,13,14,1,0,0,0,2,14,3,0,893
orjson_3_11_8,1001a2355829c38fb15e7f2010e209e121356a02,0,8465235.666666666,24912.0,97,36,0,0,0,0,0,0,0,0,0,0,0,0,0,0,0,4,1,3,17,440,231,111,28,45,38,120,20,7,7,6,7,6,209,453,1,1,13,13,14,1,0,0,0,2,14,3,0,893
orjson_3_11_9,1001a2355829c38fb15e7f2010e209e121356a02,0,7859417.0,24912.0,97,36,0,0,0,0,0,0,0,0,0,0,0,0,0,0,0,4,1,3,17,440,231,111,28,45,38,120,20,7,7,6,7,6,209,453,1,1,13,13,14,1,0,0,0,2,14,3,0,893
orjson_3_12_0,1001a2355829c38fb15e7f2010e209e121356a02,0,8273550.0,24912.0,97,36,0,0,0,0,0,0,0,0,0,0,0,0,0,0,0,4,1,3,17,440,231,111,28,45,38,120,20,7,7,6,7,6,209,453,1,1,13,13,14,1,0,0,0,2,14,3,0,893
orjson_3_11_5,012aa18fc5192f7eef9c45b09c1ffbbe946db4a4,0,9750930.333333334,24880.0,131,66,0,0,0,0,0,0,0,0,0,1,0,1,1,0,1,5,3,1,16,407,224,99,35,24,40,125,18,5,5,8,5,8,183,463,1,1,13,14,16,1,1,1,1,3,14,4,1,870
orjson_3_11_6,012aa18fc5192f7eef9c45b09c1ffbbe946db4a4,0,9756625.0,24880.0,131,66,0,0,0,0,0,0,0,0,0,1,0,1,1,0,1,5,3,1,16,407,224,99,35,24,40,125,18,5,5,8,5,8,183,463,1,1,13,14,16,1,1,1,1,3,14,4,1,870
orjson_3_11_7,012aa18fc5192f7eef9c45b09c1ffbbe946db4a4,0,9795972.0,24880.0,131,66,0,0,0,0,0,0,0,0,0,1,0,1,1,0,1,5,3,1,16,407,224,99,35,24,40,125,18,5,5,8,5,8,183,463,1,1,13,14,16,1,1,1,1,3,14,4,1,870
orjson_3_11_8,012aa18fc5192f7eef9c45b09c1ffbbe946db4a4,0,9950749.6,24880.0,131,66,0,0,0,0,0,0,0,0,0,1,0,1,1,0,1,5,3,1,16,407,224,99,35,24,40,125,18,5,5,8,5,8,183,463,1,1,13,14,16,1,1,1,1,3,14,4,1,870
orjson_3_11_9,012aa18fc5192f7eef9c45b09c1ffbbe946db4a4,0,9459416.666666666,24880.0,131,66,0,0,0,0,0,0,0,0,0,1,0,1,1,0,1,5,3,1,16,407,224,99,35,24,40,125,18,5,5,8,5,8,183,463,1,1,13,14,16,1,1,1,1,3,14,4,1,870
orjson_3_12_0,012aa18fc5192f7eef9c45b09c1ffbbe946db4a4,0,9535472.666666666,24880.0,131,66,0,0,0,0,0,0,0,0,0,1,0,1,1,0,1,5,3,1,16,407,224,99,35,24,40,125,18,5,5,8,5,8,183,463,1,1,13,14,16,1,1,1,1,3,14,4,1,870
orjson_3_11_5,5ecfbc6d3948312a6d4bfbe7a5e74682db4d04e3,0,10312444.666666666,25343.0,259,83,0,1,1,0,0,1,0,0,1,2,3,2,1,0,1,9,9,7,49,352,166,91,31,26,34,75,7,2,3,2,2,2,186,368,3,3,39,39,42,3,0,0,0,4,42,6,2,720
orjson_3_11_6,5ecfbc6d3948312a6d4bfbe7a5e74682db4d04e3,0,10309416.666666666,25343.0,259,83,0,1,1,0,0,1,0,0,1,2,3,2,1,0,1,9,9,7,49,352,166,91,31,26,34,75,7,2,3,2,2,2,186,368,3,3,39,39,42,3,0,0,0,4,42,6,2,720
orjson_3_11_7,5ecfbc6d3948312a6d4bfbe7a5e74682db4d04e3,0,10195444.666666666,25343.0,259,83,0,1,1,0,0,1,0,0,1,2,3,2,1,0,1,9,9,7,49,352,166,91,31,26,34,75,7,2,3,2,2,2,186,368,3,3,39,39,42,3,0,0,0,4,42,6,2,720
orjson_3_11_8,5ecfbc6d3948312a6d4bfbe7a5e74682db4d04e3,0,10191985.666666666,25343.0,259,83,0,1,1,0,0,1,0,0,1,2,3,2,1,0,1,9,9,7,49,352,166,91,31,26,34,75,7,2,3,2,2,2,186,368,3,3,39,39,42,3,0,0,0,4,42,6,2,720
orjson_3_11_9,5ecfbc6d3948312a6d4bfbe7a5e74682db4d04e3,0,9966402.666666666,25343.0,259,83,0,1,1,0,0,1,0,0,1,2,3,2,1,0,1,9,9,7,49,352,166,91,31,26,34,75,7,2,3,2,2,2,186,368,3,3,39,39,42,3,0,0,0,4,42,6,2,720
orjson_3_12_0,5ecfbc6d3948312a6d4bfbe7a5e74682db4d04e3,0,9915138.666666666,25343.0,259,83,0,1,1,0,0,1,0,0,1,2,3,2,1,0,1,9,9,7,49,352,166,91,31,26,34,75,7,2,3,2,2,2,186,368,3,3,39,39,42,3,0,0,0,4,42,6,2,720
orjson_3_11_5,84b9fa11d9318647042156d178fdaf0bfb88a4e5,0,9627062.5,24848.0,132,67,0,1,1,0,0,1,0,0,1,1,3,1,0,0,0,5,3,1,16,407,224,99,35,24,40,125,18,5,5,8,5,8,183,463,1,1,13,14,16,1,1,1,1,3,14,4,1,870
orjson_3_11_6,84b9fa11d9318647042156d178fdaf0bfb88a4e5,0,9769819.333333334,24848.0,132,67,0,1,1,0,0,1,0,0,1,1,3,1,0,0,0,5,3,1,16,407,224,99,35,24,40,125,18,5,5,8,5,8,183,463,1,1,13,14,16,1,1,1,1,3,14,4,1,870
orjson_3_11_7,84b9fa11d9318647042156d178fdaf0bfb88a4e5,0,9774819.333333334,24848.0,132,67,0,1,1,0,0,1,0,0,1,1,3,1,0,0,0,5,3,1,16,407,224,99,35,24,40,125,18,5,5,8,5,8,183,463,1,1,13,14,16,1,1,1,1,3,14,4,1,870
orjson_3_11_8,84b9fa11d9318647042156d178fdaf0bfb88a4e5,0,9802208.333333334,24848.0,132,67,0,1,1,0,0,1,0,0,1,1,3,1,0,0,0,5,3,1,16,407,224,99,35,24,40,125,18,5,5,8,5,8,183,463,1,1,13,14,16,1,1,1,1,3,14,4,1,870
orjson_3_11_9,84b9fa11d9318647042156d178fdaf0bfb88a4e5,0,9503375.666666666,24848.0,132,67,0,1,1,0,0,1,0,0,1,1,3,1,0,0,0,5,3,1,16,407,224,99,35,24,40,125,18,5,5,8,5,8,183,463,1,1,13,14,16,1,1,1,1,3,14,4,1,870
orjson_3_12_0,84b9fa11d9318647042156d178fdaf0bfb88a4e5,0,9506708.0,24848.0,132,67,0,1,1,0,0,1,0,0,1,1,3,1,0,0,0,5,3,1,16,407,224,99,35,24,40,125,18,5,5,8,5,8,183,463,1,1,13,14,16,1,1,1,1,3,14,4,1,870
orjson_3_11_5,ced13e70d2075444ffc3647e76c1b15f1bd9b767,0,8706570.0,24814.0,115,55,0,0,0,0,0,0,0,0,0,1,0,2,2,0,2,1,3,3,17,447,221,124,39,42,43,97,13,5,4,4,5,4,226,432,1,1,13,13,14,1,0,0,0,2,14,2,2,879
orjson_3_11_6,ced13e70d2075444ffc3647e76c1b15f1bd9b767,0,8715375.0,24814.0,115,55,0,0,0,0,0,0,0,0,0,1,0,2,2,0,2,1,3,3,17,447,221,124,39,42,43,97,13,5,4,4,5,4,226,432,1,1,13,13,14,1,0,0,0,2,14,2,2,879
orjson_3_11_7,ced13e70d2075444ffc3647e76c1b15f1bd9b767,0,8702500.0,24814.0,115,55,0,0,0,0,0,0,0,0,0,1,0,2,2,0,2,1,3,3,17,447,221,124,39,42,43,97,13,5,4,4,5,4,226,432,1,1,13,13,14,1,0,0,0,2,14,2,2,879
orjson_3_11_8,ced13e70d2075444ffc3647e76c1b15f1bd9b767,0,8708111.0,24814.0,115,55,0,0,0,0,0,0,0,0,0,1,0,2,2,0,2,1,3,3,17,447,221,124,39,42,43,97,13,5,4,4,5,4,226,432,1,1,13,13,14,1,0,0,0,2,14,2,2,879
orjson_3_11_9,ced13e70d2075444ffc3647e76c1b15f1bd9b767,0,8263736.333333333,24814.0,115,55,0,0,0,0,0,0,0,0,0,1,0,2,2,0,2,1,3,3,17,447,221,124,39,42,43,97,13,5,4,4,5,4,226,432,1,1,13,13,14,1,0,0,0,2,14,2,2,879
orjson_3_12_0,ced13e70d2075444ffc3647e76c1b15f1bd9b767,0,8255486.333333333,24814.0,115,55,0,0,0,0,0,0,0,0,0,1,0,2,2,0,2,1,3,3,17,447,221,124,39,42,43,97,13,5,4,4,5,4,226,432,1,1,13,13,14,1,0,0,0,2,14,2,2,879
orjson_3_11_5,81ed0ac4e56f80505a4854b80bc53a9a8a38b124,0,8238680.666666667,24504.0,155,96,0,2,0,0,0,0,2,2,1,0,2,2,0,0,0,1,8,1,15,409,191,103,36,32,35,88,16,6,4,6,6,6,218,386,1,1,13,13,14,1,0,0,0,2,14,1,2,795
orjson_3_11_6,81ed0ac4e56f80505a4854b80bc53a9a8a38b124,0,8215375.0,24504.0,155,96,0,2,0,0,0,0,2,2,1,0,2,2,0,0,0,1,8,1,15,409,191,103,36,32,35,88,16,6,4,6,6,6,218,386,1,1,13,13,14,1,0,0,0,2,14,1,2,795
orjson_3_11_7,81ed0ac4e56f80505a4854b80bc53a9a8a38b124,0,8245735.666666667,24504.0,155,96,0,2,0,0,0,0,2,2,1,0,2,2,0,0,0,1,8,1,15,409,191,103,36,32,35,88,16,6,4,6,6,6,218,386,1,1,13,13,14,1,0,0,0,2,14,1,2,795
orjson_3_11_8,81ed0ac4e56f80505a4854b80bc53a9a8a38b124,0,8339874.75,24504.0,155,96,0,2,0,0,0,0,2,2,1,0,2,2,0,0,0,1,8,1,15,409,191,103,36,32,35,88,16,6,4,6,6,6,218,386,1,1,13,13,14,1,0,0,0,2,14,1,2,795
orjson_3_11_9,81ed0ac4e56f80505a4854b80bc53a9a8a38b124,0,7868278.0,24504.0,155,96,0,2,0,0,0,0,2,2,1,0,2,2,0,0,0,1,8,1,15,409,191,103,36,32,35,88,16,6,4,6,6,6,218,386,1,1,13,13,14,1,0,0,0,2,14,1,2,795
orjson_3_12_0,81ed0ac4e56f80505a4854b80bc53a9a8a38b124,0,7821389.0,24504.0,155,96,0,2,0,0,0,0,2,2,1,0,2,2,0,0,0,1,8,1,15,409,191,103,36,32,35,88,16,6,4,6,6,6,218,386,1,1,13,13,14,1,0,0,0,2,14,1,2,795
orjson_3_11_5,52e1eeff24d94136f8549e783363bca90fbff020,0,9462499.666666666,24668.0,250,76,0,0,0,2,2,0,0,0,0,1,0,2,2,2,0,8,13,10,45,344,173,82,29,27,26,91,13,9,2,2,9,2,171,377,3,3,39,39,42,3,0,0,0,3,42,4,2,721
orjson_3_11_6,52e1eeff24d94136f8549e783363bca90fbff020,0,9350194.333333334,24668.0,250,76,0,0,0,2,2,0,0,0,0,1,0,2,2,2,0,8,13,10,45,344,173,82,29,27,26,91,13,9,2,2,9,2,171,377,3,3,39,39,42,3,0,0,0,3,42,4,2,721
orjson_3_11_7,52e1eeff24d94136f8549e783363bca90fbff020,0,9261927.0,24668.0,250,76,0,0,0,2,2,0,0,0,0,1,0,2,2,2,0,8,13,10,45,344,173,82,29,27,26,91,13,9,2,2,9,2,171,377,3,3,39,39,42,3,0,0,0,3,42,4,2,721
orjson_3_11_8,52e1eeff24d94136f8549e783363bca90fbff020,0,9306833.0,24668.0,250,76,0,0,0,2,2,0,0,0,0,1,0,2,2,2,0,8,13,10,45,344,173,82,29,27,26,91,13,9,2,2,9,2,171,377,3,3,39,39,42,3,0,0,0,3,42,4,2,721
orjson_3_11_9,52e1eeff24d94136f8549e783363bca90fbff020,0,9165528.0,24668.0,250,76,0,0,0,2,2,0,0,0,0,1,0,2,2,2,0,8,13,10,45,344,173,82,29,27,26,91,13,9,2,2,9,2,171,377,3,3,39,39,42,3,0,0,0,3,42,4,2,721
orjson_3_12_0,52e1eeff24d94136f8549e783363bca90fbff020,0,9087986.333333334,24668.0,250,76,0,0,0,2,2,0,0,0,0,1,0,2,2,2,0,8,13,10,45,344,173,82,29,27,26,91,13,9,2,2,9,2,171,377,3,3,39,39,42,3,0,0,0,3,42,4,2,721
orjson_3_11_5,dd635da07b623162e02ee4b88b8c757d8174a207,0,8331875.0,24504.0,155,96,0,2,0,0,0,0,2,2,1,0,2,2,0,0,0,1,8,1,15,409,191,103,36,32,35,88,16,6,4,6,6,6,218,386,1,1,13,13,14,1,0,0,0,2,14,1,2,795
orjson_3_11_6,dd635da07b623162e02ee4b88b8c757d8174a207,0,8302250.0,24504.0,155,96,0,2,0,0,0,0,2,2,1,0,2,2,0,0,0,1,8,1,15,409,191,103,36,32,35,88,16,6,4,6,6,6,218,386,1,1,13,13,14,1,0,0,0,2,14,1,2,795
orjson_3_11_7,dd635da07b623162e02ee4b88b8c757d8174a207,0,8311573.0,24504.0,155,96,0,2,0,0,0,0,2,2,1,0,2,2,0,0,0,1,8,1,15,409,191,103,36,32,35,88,16,6,4,6,6,6,218,386,1,1,13,13,14,1,0,0,0,2,14,1,2,795
orjson_3_11_8,dd635da07b623162e02ee4b88b8c757d8174a207,0,8337569.333333333,24504.0,155,96,0,2,0,0,0,0,2,2,1,0,2,2,0,0,0,1,8,1,15,409,191,103,36,32,35,88,16,6,4,6,6,6,218,386,1,1,13,13,14,1,0,0,0,2,14,1,2,795
orjson_3_11_9,dd635da07b623162e02ee4b88b8c757d8174a207,0,7859111.0,24504.0,155,96,0,2,0,0,0,0,2,2,1,0,2,2,0,0,0,1,8,1,15,409,191,103,36,32,35,88,16,6,4,6,6,6,218,386,1,1,13,13,14,1,0,0,0,2,14,1,2,795
orjson_3_12_0,dd635da07b623162e02ee4b88b8c757d8174a207,0,7938139.0,24504.0,155,96,0,2,0,0,0,0,2,2,1,0,2,2,0,0,0,1,8,1,15,409,191,103,36,32,35,88,16,6,4,6,6,6,218,386,1,1,13,13,14,1,0,0,0,2,14,1,2,795
orjson_3_11_5,174f2d2484920ba71606e1ed01eac0da1106bb62,0,8409222.333333334,24912.0,97,36,0,0,0,0,0,0,0,0,0,0,0,0,0,0,0,4,1,3,17,440,231,111,28,45,38,120,20,7,7,6,7,6,209,453,1,1,13,13,14,1,0,0,0,2,14,3,0,893
orjson_3_11_6,174f2d2484920ba71606e1ed01eac0da1106bb62,0,8400152.666666666,24912.0,97,36,0,0,0,0,0,0,0,0,0,0,0,0,0,0,0,4,1,3,17,440,231,111,28,45,38,120,20,7,7,6,7,6,209,453,1,1,13,13,14,1,0,0,0,2,14,3,0,893
orjson_3_11_7,174f2d2484920ba71606e1ed01eac0da1106bb62,0,8410264.0,24912.0,97,36,0,0,0,0,0,0,0,0,0,0,0,0,0,0,0,4,1,3,17,440,231,111,28,45,38,120,20,7,7,6,7,6,209,453,1,1,13,13,14,1,0,0,0,2,14,3,0,893
orjson_3_11_8,174f2d2484920ba71606e1ed01eac0da1106bb62,0,8468264.0,24912.0,97,36,0,0,0,0,0,0,0,0,0,0,0,0,0,0,0,4,1,3,17,440,231,111,28,45,38,120,20,7,7,6,7,6,209,453,1,1,13,13,14,1,0,0,0,2,14,3,0,893
orjson_3_11_9,174f2d2484920ba71606e1ed01eac0da1106bb62,0,7918625.0,24912.0,97,36,0,0,0,0,0,0,0,0,0,0,0,0,0,0,0,4,1,3,17,440,231,111,28,45,38,120,20,7,7,6,7,6,209,453,1,1,13,13,14,1,0,0,0,2,14,3,0,893
orjson_3_12_0,174f2d2484920ba71606e1ed01eac0da1106bb62,0,7962180.333333333,24912.0,97,36,0,0,0,0,0,0,0,0,0,0,0,0,0,0,0,4,1,3,17,440,231,111,28,45,38,120,20,7,7,6,7,6,209,453,1,1,13,13,14,1,0,0,0,2,14,3,0,893
orjson_3_11_5,481c412ca9ffe22ce5fc7872f06e4d171d2f9b07,0,10150000.0,25588.0,266,68,0,2,1,14,1,2,1,1,1,3,1,5,3,0,1,11,7,4,52,351,161,85,28,29,28,76,7,1,4,2,1,2,190,339,2,2,44,44,46,2,0,0,0,3,46,12,5,690
orjson_3_11_6,481c412ca9ffe22ce5fc7872f06e4d171d2f9b07,0,10336514.0,25588.0,266,68,0,2,1,14,1,2,1,1,1,3,1,5,3,0,1,11,7,4,52,351,161,85,28,29,28,76,7,1,4,2,1,2,190,339,2,2,44,44,46,2,0,0,0,3,46,12,5,690
orjson_3_11_7,481c412ca9ffe22ce5fc7872f06e4d171d2f9b07,0,10254042.0,25588.0,266,68,0,2,1,14,1,2,1,1,1,3,1,5,3,0,1,11,7,4,52,351,161,85,28,29,28,76,7,1,4,2,1,2,190,339,2,2,44,44,46,2,0,0,0,3,46,12,5,690
orjson_3_11_8,481c412ca9ffe22ce5fc7872f06e4d171d2f9b07,0,10276444.666666666,25588.0,266,68,0,2,1,14,1,2,1,1,1,3,1,5,3,0,1,11,7,4,52,351,161,85,28,29,28,76,7,1,4,2,1,2,190,339,2,2,44,44,46,2,0,0,0,3,46,12,5,690
orjson_3_11_9,481c412ca9ffe22ce5fc7872f06e4d171d2f9b07,0,10071694.333333334,25588.0,266,68,0,2,1,14,1,2,1,1,1,3,1,5,3,0,1,11,7,4,52,351,161,85,28,29,28,76,7,1,4,2,1,2,190,339,2,2,44,44,46,2,0,0,0,3,46,12,5,690
orjson_3_12_0,481c412ca9ffe22ce5fc7872f06e4d171d2f9b07,0,9955181.0,25588.0,266,68,0,2,1,14,1,2,1,1,1,3,1,5,3,0,1,11,7,4,52,351,161,85,28,29,28,76,7,1,4,2,1,2,190,339,2,2,44,44,46,2,0,0,0,3,46,12,5,690
orjson_3_11_5,feb2dea6436b9a857954d4a252ba362c0d72318c,0,9624187.0,25218.0,144,47,0,1,0,8,1,0,1,1,0,0,0,2,1,1,0,3,6,6,26,437,212,95,37,25,33,117,12,4,5,3,4,3,225,401,1,1,22,22,23,1,0,0,0,2,23,3,2,838
orjson_3_11_6,feb2dea6436b9a857954d4a252ba362c0d72318c,0,9805333.0,25218.0,144,47,0,1,0,8,1,0,1,1,0,0,0,2,1,1,0,3,6,6,26,437,212,95,37,25,33,117,12,4,5,3,4,3,225,401,1,1,22,22,23,1,0,0,0,2,23,3,2,838
orjson_3_11_7,feb2dea6436b9a857954d4a252ba362c0d72318c,0,9776666.666666666,25218.0,144,47,0,1,0,8,1,0,1,1,0,0,0,2,1,1,0,3,6,6,26,437,212,95,37,25,33,117,12,4,5,3,4,3,225,401,1,1,22,22,23,1,0,0,0,2,23,3,2,838
orjson_3_11_8,feb2dea6436b9a857954d4a252ba362c0d72318c,0,9820277.666666666,25218.0,144,47,0,1,0,8,1,0,1,1,0,0,0,2,1,1,0,3,6,6,26,437,212,95,37,25,33,117,12,4,5,3,4,3,225,401,1,1,22,22,23,1,0,0,0,2,23,3,2,838
orjson_3_11_9,feb2dea6436b9a857954d4a252ba362c0d72318c,0,9325208.333333334,25218.0,144,47,0,1,0,8,1,0,1,1,0,0,0,2,1,1,0,3,6,6,26,437,212,95,37,25,33,117,12,4,5,3,4,3,225,401,1,1,22,22,23,1,0,0,0,2,23,3,2,838
orjson_3_12_0,feb2dea6436b9a857954d4a252ba362c0d72318c,0,9448347.666666666,25218.0,144,47,0,1,0,8,1,0,1,1,0,0,0,2,1,1,0,3,6,6,26,437,212,95,37,25,33,117,12,4,5,3,4,3,225,401,1,1,22,22,23,1,0,0,0,2,23,3,2,838
orjson_3_11_5,6cfaf9a67a7dd9ae3229afec8e5f409478157d2b,0,10244875.0,25588.0,264,66,0,2,1,14,1,2,1,1,1,3,1,5,3,0,1,11,7,4,52,351,161,85,28,29,28,76,7,1,4,2,1,2,190,339,2,2,44,44,46,2,0,0,0,3,46,12,5,690
orjson_3_11_6,6cfaf9a67a7dd9ae3229afec8e5f409478157d2b,0,10218666.666666666,25588.0,264,66,0,2,1,14,1,2,1,1,1,3,1,5,3,0,1,11,7,4,52,351,161,85,28,29,28,76,7,1,4,2,1,2,190,339,2,2,44,44,46,2,0,0,0,3,46,12,5,690
orjson_3_11_7,6cfaf9a67a7dd9ae3229afec8e5f409478157d2b,0,10208527.666666666,25588.0,264,66,0,2,1,14,1,2,1,1,1,3,1,5,3,0,1,11,7,4,52,351,161,85,28,29,28,76,7,1,4,2,1,2,190,339,2,2,44,44,46,2,0,0,0,3,46,12,5,690
orjson_3_11_8,6cfaf9a67a7dd9ae3229afec8e5f409478157d2b,0,10275722.333333334,25588.0,264,66,0,2,1,14,1,2,1,1,1,3,1,5,3,0,1,11,7,4,52,351,161,85,28,29,28,76,7,1,4,2,1,2,190,339,2,2,44,44,46,2,0,0,0,3,46,12,5,690
orjson_3_11_9,6cfaf9a67a7dd9ae3229afec8e5f409478157d2b,0,10801391.6,25588.0,264,66,0,2,1,14,1,2,1,1,1,3,1,5,3,0,1,11,7,4,52,351,161,85,28,29,28,76,7,1,4,2,1,2,190,339,2,2,44,44,46,2,0,0,0,3,46,12,5,690
orjson_3_12_0,6cfaf9a67a7dd9ae3229afec8e5f409478157d2b,0,9992986.0,25588.0,264,66,0,2,1,14,1,2,1,1,1,3,1,5,3,0,1,11,7,4,52,351,161,85,28,29,28,76,7,1,4,2,1,2,190,339,2,2,44,44,46,2,0,0,0,3,46,12,5,690
orjson_3_11_5,c58660691766e1cdb2e5ba1dbef7c3156cfb2895,0,9630250.333333334,25218.0,144,47,0,1,0,8,1,0,1,1,0,0,0,2,1,1,0,3,6,6,26,436,211,95,37,25,33,116,12,4,5,3,4,3,225,402,1,1,22,22,23,1,0,0,0,2,23,3,2,838
orjson_3_11_6,c58660691766e1cdb2e5ba1dbef7c3156cfb2895,0,9630427.25,25218.0,144,47,0,1,0,8,1,0,1,1,0,0,0,2,1,1,0,3,6,6,26,436,211,95,37,25,33,116,12,4,5,3,4,3,225,402,1,1,22,22,23,1,0,0,0,2,23,3,2,838
orjson_3_11_7,c58660691766e1cdb2e5ba1dbef7c3156cfb2895,0,9796902.666666666,25218.0,144,47,0,1,0,8,1,0,1,1,0,0,0,2,1,1,0,3,6,6,26,436,211,95,37,25,33,116,12,4,5,3,4,3,225,402,1,1,22,22,23,1,0,0,0,2,23,3,2,838
orjson_3_11_8,c58660691766e1cdb2e5ba1dbef7c3156cfb2895,0,9753708.333333334,25218.0,144,47,0,1,0,8,1,0,1,1,0,0,0,2,1,1,0,3,6,6,26,436,211,95,37,25,33,116,12,4,5,3,4,3,225,402,1,1,22,22,23,1,0,0,0,2,23,3,2,838
orjson_3_11_9,c58660691766e1cdb2e5ba1dbef7c3156cfb2895,0,9395403.0,25218.0,144,47,0,1,0,8,1,0,1,1,0,0,0,2,1,1,0,3,6,6,26,436,211,95,37,25,33,116,12,4,5,3,4,3,225,402,1,1,22,22,23,1,0,0,0,2,23,3,2,838
orjson_3_12_0,c58660691766e1cdb2e5ba1dbef7c3156cfb2895,0,9557989.5,25218.0,144,47,0,1,0,8,1,0,1,1,0,0,0,2,1,1,0,3,6,6,26,436,211,95,37,25,33,116,12,4,5,3,4,3,225,402,1,1,22,22,23,1,0,0,0,2,23,3,2,838
orjson_3_11_5,9353382e23c636d834078b8fbe637e44c61ade3b,0,9666291.666666666,25218.0,143,46,0,1,0,8,1,0,1,1,0,0,0,2,1,1,0,3,6,6,26,437,212,95,37,25,33,117,12,4,5,3,4,3,225,401,1,1,22,22,23,1,0,0,0,2,23,3,2,838
orjson_3_11_6,9353382e23c636d834078b8fbe637e44c61ade3b,0,9861175.0,25218.0,143,46,0,1,0,8,1,0,1,1,0,0,0,2,1,1,0,3,6,6,26,437,212,95,37,25,33,117,12,4,5,3,4,3,225,401,1,1,22,22,23,1,0,0,0,2,23,3,2,838
orjson_3_11_7,9353382e23c636d834078b8fbe637e44c61ade3b,0,9785194.666666666,25218.0,143,46,0,1,0,8,1,0,1,1,0,0,0,2,1,1,0,3,6,6,26,437,212,95,37,25,33,117,12,4,5,3,4,3,225,401,1,1,22,22,23,1,0,0,0,2,23,3,2,838
orjson_3_11_8,9353382e23c636d834078b8fbe637e44c61ade3b,0,9820208.333333334,25218.0,143,46,0,1,0,8,1,0,1,1,0,0,0,2,1,1,0,3,6,6,26,437,212,95,37,25,33,117,12,4,5,3,4,3,225,401,1,1,22,22,23,1,0,0,0,2,23,3,2,838
orjson_3_11_9,9353382e23c636d834078b8fbe637e44c61ade3b,0,9342764.0,25218.0,143,46,0,1,0,8,1,0,1,1,0,0,0,2,1,1,0,3,6,6,26,437,212,95,37,25,33,117,12,4,5,3,4,3,225,401,1,1,22,22,23,1,0,0,0,2,23,3,2,838
orjson_3_12_0,9353382e23c636d834078b8fbe637e44c61ade3b,0,9407944.333333334,25218.0,143,46,0,1,0,8,1,0,1,1,0,0,0,2,1,1,0,3,6,6,26,437,212,95,37,25,33,117,12,4,5,3,4,3,225,401,1,1,22,22,23,1,0,0,0,2,23,3,2,838
orjson_3_11_5,c2e186a4d0c083d097c91a8b42afb07f8470c45e,0,9658041.666666666,25218.0,142,45,0,1,0,8,1,0,1,1,0,0,0,2,1,1,0,3,6,6,26,437,212,95,37,25,33,117,12,4,5,3,4,3,225,401,1,1,22,22,23,1,0,0,0,2,23,3,2,838
orjson_3_11_6,c2e186a4d0c083d097c91a8b42afb07f8470c45e,0,9839208.666666666,25218.0,142,45,0,1,0,8,1,0,1,1,0,0,0,2,1,1,0,3,6,6,26,437,212,95,37,25,33,117,12,4,5,3,4,3,225,401,1,1,22,22,23,1,0,0,0,2,23,3,2,838
orjson_3_11_7,c2e186a4d0c083d097c91a8b42afb07f8470c45e,0,9772527.666666666,25218.0,142,45,0,1,0,8,1,0,1,1,0,0,0,2,1,1,0,3,6,6,26,437,212,95,37,25,33,117,12,4,5,3,4,3,225,401,1,1,22,22,23,1,0,0,0,2,23,3,2,838
orjson_3_11_8,c2e186a4d0c083d097c91a8b42afb07f8470c45e,0,9766027.666666666,25218.0,142,45,0,1,0,8,1,0,1,1,0,0,0,2,1,1,0,3,6,6,26,437,212,95,37,25,33,117,12,4,5,3,4,3,225,401,1,1,22,22,23,1,0,0,0,2,23,3,2,838
orjson_3_11_9,c2e186a4d0c083d097c91a8b42afb07f8470c45e,0,9372722.333333334,25218.0,142,45,0,1,0,8,1,0,1,1,0,0,0,2,1,1,0,3,6,6,26,437,212,95,37,25,33,117,12,4,5,3,4,3,225,401,1,1,22,22,23,1,0,0,0,2,23,3,2,838
orjson_3_12_0,c2e186a4d0c083d097c91a8b42afb07f8470c45e,0,9457402.666666666,25218.0,142,45,0,1,0,8,1,0,1,1,0,0,0,2,1,1,0,3,6,6,26,437,212,95,37,25,33,117,12,4,5,3,4,3,225,401,1,1,22,22,23,1,0,0,0,2,23,3,2,838
orjson_3_11_5,8090b0228e4d27fa0ad76e61617855ca6d294c90,0,10266652.666666666,25588.0,264,66,0,2,1,14,1,2,1,1,1,3,1,5,3,0,1,11,7,4,52,351,161,85,28,29,28,76,7,1,4,2,1,2,190,339,2,2,44,44,46,2,0,0,0,3,46,12,5,690
orjson_3_11_6,8090b0228e4d27fa0ad76e61617855ca6d294c90,0,10220681.0,25588.0,264,66,0,2,1,14,1,2,1,1,1,3,1,5,3,0,1,11,7,4,52,351,161,85,28,29,28,76,7,1,4,2,1,2,190,339,2,2,44,44,46,2,0,0,0,3,46,12,5,690
orjson_3_11_7,8090b0228e4d27fa0ad76e61617855ca6d294c90,0,10197569.333333334,25588.0,264,66,0,2,1,14,1,2,1,1,1,3,1,5,3,0,1,11,7,4,52,351,161,85,28,29,28,76,7,1,4,2,1,2,190,339,2,2,44,44,46,2,0,0,0,3,46,12,5,690
orjson_3_11_8,8090b0228e4d27fa0ad76e61617855ca6d294c90,0,10281541.666666666,25588.0,264,66,0,2,1,14,1,2,1,1,1,3,1,5,3,0,1,11,7,4,52,351,161,85,28,29,28,76,7,1,4,2,1,2,190,339,2,2,44,44,46,2,0,0,0,3,46,12,5,690
orjson_3_11_9,8090b0228e4d27fa0ad76e61617855ca6d294c90,0,9880889.0,25588.0,264,66,0,2,1,14,1,2,1,1,1,3,1,5,3,0,1,11,7,4,52,351,161,85,28,29,28,76,7,1,4,2,1,2,190,339,2,2,44,44,46,2,0,0,0,3,46,12,5,690
orjson_3_12_0,8090b0228e4d27fa0ad76e61617855ca6d294c90,0,9955208.333333334,25588.0,264,66,0,2,1,14,1,2,1,1,1,3,1,5,3,0,1,11,7,4,52,351,161,85,28,29,28,76,7,1,4,2,1,2,190,339,2,2,44,44,46,2,0,0,0,3,46,12,5,690
orjson_3_11_5,844016141079faa6238f63148bbfc029fff38f6b,0,9619736.333333334,25222.0,144,47,0,1,0,5,1,0,1,1,0,1,0,2,1,1,0,3,6,6,26,436,211,95,37,25,33,116,12,4,5,3,4,3,225,402,1,1,22,22,23,1,0,0,0,2,23,3,2,838
orjson_3_11_6,844016141079faa6238f63148bbfc029fff38f6b,0,9642958.333333334,25222.0,144,47,0,1,0,5,1,0,1,1,0,1,0,2,1,1,0,3,6,6,26,436,211,95,37,25,33,116,12,4,5,3,4,3,225,402,1,1,22,22,23,1,0,0,0,2,23,3,2,838
orjson_3_11_7,844016141079faa6238f63148bbfc029fff38f6b,0,9733333.333333334,25222.0,144,47,0,1,0,5,1,0,1,1,0,1,0,2,1,1,0,3,6,6,26,436,211,95,37,25,33,116,12,4,5,3,4,3,225,402,1,1,22,22,23,1,0,0,0,2,23,3,2,838
orjson_3_11_8,844016141079faa6238f63148bbfc029fff38f6b,0,9749458.333333334,25222.0,144,47,0,1,0,5,1,0,1,1,0,1,0,2,1,1,0,3,6,6,26,436,211,95,37,25,33,116,12,4,5,3,4,3,225,402,1,1,22,22,23,1,0,0,0,2,23,3,2,838
orjson_3_11_9,844016141079faa6238f63148bbfc029fff38f6b,0,9371625.0,25222.0,144,47,0,1,0,5,1,0,1,1,0,1,0,2,1,1,0,3,6,6,26,436,211,95,37,25,33,116,12,4,5,3,4,3,225,402,1,1,22,22,23,1,0,0,0,2,23,3,2,838
orjson_3_12_0,844016141079faa6238f63148bbfc029fff38f6b,0,9408999.666666666,25222.0,144,47,0,1,0,5,1,0,1,1,0,1,0,2,1,1,0,3,6,6,26,436,211,95,37,25,33,116,12,4,5,3,4,3,225,402,1,1,22,22,23,1,0,0,0,2,23,3,2,838
orjson_3_11_5,39f9a57442891817c5d22de079d1eb8c751ba3db,0,10243666.666666666,25588.0,266,68,0,2,1,14,1,2,1,1,1,3,1,5,3,0,1,11,7,4,52,351,161,85,28,29,28,76,7,1,4,2,1,2,190,339,2,2,44,44,46,2,0,0,0,3,46,12,5,690
orjson_3_11_6,39f9a57442891817c5d22de079d1eb8c751ba3db,0,10233680.333333334,25588.0,266,68,0,2,1,14,1,2,1,1,1,3,1,5,3,0,1,11,7,4,52,351,161,85,28,29,28,76,7,1,4,2,1,2,190,339,2,2,44,44,46,2,0,0,0,3,46,12,5,690
orjson_3_11_7,39f9a57442891817c5d22de079d1eb8c751ba3db,0,10269236.333333334,25588.0,266,68,0,2,1,14,1,2,1,1,1,3,1,5,3,0,1,11,7,4,52,351,161,85,28,29,28,76,7,1,4,2,1,2,190,339,2,2,44,44,46,2,0,0,0,3,46,12,5,690
orjson_3_11_8,39f9a57442891817c5d22de079d1eb8c751ba3db,0,10298333.333333334,25588.0,266,68,0,2,1,14,1,2,1,1,1,3,1,5,3,0,1,11,7,4,52,351,161,85,28,29,28,76,7,1,4,2,1,2,190,339,2,2,44,44,46,2,0,0,0,3,46,12,5,690
orjson_3_11_9,39f9a57442891817c5d22de079d1eb8c751ba3db,0,10113354.0,25588.0,266,68,0,2,1,14,1,2,1,1,1,3,1,5,3,0,1,11,7,4,52,351,161,85,28,29,28,76,7,1,4,2,1,2,190,339,2,2,44,44,46,2,0,0,0,3,46,12,5,690
orjson_3_12_0,39f9a57442891817c5d22de079d1eb8c751ba3db,0,9923263.666666666,25588.0,266,68,0,2,1,14,1,2,1,1,1,3,1,5,3,0,1,11,7,4,52,351,161,85,28,29,28,76,7,1,4,2,1,2,190,339,2,2,44,44,46,2,0,0,0,3,46,12,5,690
orjson_3_11_5,4ac1d6a7eb84e1d1464895bfeb4e0e5c3e1c1c5d,0,9665069.666666666,25218.0,144,47,0,1,0,8,1,0,1,1,0,0,0,2,1,1,0,3,6,6,26,437,212,95,37,25,33,117,12,4,5,3,4,3,225,401,1,1,22,22,23,1,0,0,0,2,23,3,2,838
orjson_3_11_6,4ac1d6a7eb84e1d1464895bfeb4e0e5c3e1c1c5d,0,9642763.666666666,25218.0,144,47,0,1,0,8,1,0,1,1,0,0,0,2,1,1,0,3,6,6,26,437,212,95,37,25,33,117,12,4,5,3,4,3,225,401,1,1,22,22,23,1,0,0,0,2,23,3,2,838
orjson_3_11_7,4ac1d6a7eb84e1d1464895bfeb4e0e5c3e1c1c5d,0,9741541.333333334,25218.0,144,47,0,1,0,8,1,0,1,1,0,0,0,2,1,1,0,3,6,6,26,437,212,95,37,25,33,117,12,4,5,3,4,3,225,401,1,1,22,22,23,1,0,0,0,2,23,3,2,838
orjson_3_11_8,4ac1d6a7eb84e1d1464895bfeb4e0e5c3e1c1c5d,0,9735805.666666666,25218.0,144,47,0,1,0,8,1,0,1,1,0,0,0,2,1,1,0,3,6,6,26,437,212,95,37,25,33,117,12,4,5,3,4,3,225,401,1,1,22,22,23,1,0,0,0,2,23,3,2,838
orjson_3_11_9,4ac1d6a7eb84e1d1464895bfeb4e0e5c3e1c1c5d,0,9437319.333333334,25218.0,144,47,0,1,0,8,1,0,1,1,0,0,0,2,1,1,0,3,6,6,26,437,212,95,37,25,33,117,12,4,5,3,4,3,225,401,1,1,22,22,23,1,0,0,0,2,23,3,2,838
orjson_3_12_0,4ac1d6a7eb84e1d1464895bfeb4e0e5c3e1c1c5d,0,9428305.333333334,25218.0,144,47,0,1,0,8,1,0,1,1,0,0,0,2,1,1,0,3,6,6,26,437,212,95,37,25,33,117,12,4,5,3,4,3,225,401,1,1,22,22,23,1,0,0,0,2,23,3,2,838
orjson_3_11_5,53f31c5a322874ed44262eadcb64dbca3fd97967,0,9668736.0,25218.0,144,47,0,1,0,8,1,0,1,1,0,0,0,2,1,1,0,3,6,6,26,437,212,95,37,25,33,117,12,4,5,3,4,3,225,401,1,1,22,22,23,1,0,0,0,2,23,3,2,838
orjson_3_11_6,53f31c5a322874ed44262eadcb64dbca3fd97967,0,9686431.0,25218.0,144,47,0,1,0,8,1,0,1,1,0,0,0,2,1,1,0,3,6,6,26,437,212,95,37,25,33,117,12,4,5,3,4,3,225,401,1,1,22,22,23,1,0,0,0,2,23,3,2,838
orjson_3_11_7,53f31c5a322874ed44262eadcb64dbca3fd97967,0,9718486.0,25218.0,144,47,0,1,0,8,1,0,1,1,0,0,0,2,1,1,0,3,6,6,26,437,212,95,37,25,33,117,12,4,5,3,4,3,225,401,1,1,22,22,23,1,0,0,0,2,23,3,2,838
orjson_3_11_8,53f31c5a322874ed44262eadcb64dbca3fd97967,0,9745500.333333334,25218.0,144,47,0,1,0,8,1,0,1,1,0,0,0,2,1,1,0,3,6,6,26,437,212,95,37,25,33,117,12,4,5,3,4,3,225,401,1,1,22,22,23,1,0,0,0,2,23,3,2,838
orjson_3_11_9,53f31c5a322874ed44262eadcb64dbca3fd97967,0,9367472.0,25218.0,144,47,0,1,0,8,1,0,1,1,0,0,0,2,1,1,0,3,6,6,26,437,212,95,37,25,33,117,12,4,5,3,4,3,225,401,1,1,22,22,23,1,0,0,0,2,23,3,2,838
orjson_3_12_0,53f31c5a322874ed44262eadcb64dbca3fd97967,0,9494861.0,25218.0,144,47,0,1,0,8,1,0,1,1,0,0,0,2,1,1,0,3,6,6,26,437,212,95,37,25,33,117,12,4,5,3,4,3,225,401,1,1,22,22,23,1,0,0,0,2,23,3,2,838
orjson_3_11_5,c211c235670779f19b0890ed88feeca67d360b5d,0,9696056.0,25218.0,143,46,0,1,0,8,1,0,1,1,0,0,0,2,1,1,0,3,6,6,26,437,212,95,37,25,33,117,12,4,5,3,4,3,225,401,1,1,22,22,23,1,0,0,0,2,23,3,2,838
orjson_3_11_6,c211c235670779f19b0890ed88feeca67d360b5d,0,9653292.0,25218.0,143,46,0,1,0,8,1,0,1,1,0,0,0,2,1,1,0,3,6,6,26,437,212,95,37,25,33,117,12,4,5,3,4,3,225,401,1,1,22,22,23,1,0,0,0,2,23,3,2,838
orjson_3_11_7,c211c235670779f19b0890ed88feeca67d360b5d,0,9746153.0,25218.0,143,46,0,1,0,8,1,0,1,1,0,0,0,2,1,1,0,3,6,6,26,437,212,95,37,25,33,117,12,4,5,3,4,3,225,401,1,1,22,22,23,1,0,0,0,2,23,3,2,838
orjson_3_11_8,c211c235670779f19b0890ed88feeca67d360b5d,0,9777138.666666666,25218.0,143,46,0,1,0,8,1,0,1,1,0,0,0,2,1,1,0,3,6,6,26,437,212,95,37,25,33,117,12,4,5,3,4,3,225,401,1,1,22,22,23,1,0,0,0,2,23,3,2,838
orjson_3_11_9,c211c235670779f19b0890ed88feeca67d360b5d,0,9351552.25,25218.0,143,46,0,1,0,8,1,0,1,1,0,0,0,2,1,1,0,3,6,6,26,437,212,95,37,25,33,117,12,4,5,3,4,3,225,401,1,1,22,22,23,1,0,0,0,2,23,3,2,838
orjson_3_12_0,c211c235670779f19b0890ed88feeca67d360b5d,0,9305277.666666666,25218.0,143,46,0,1,0,8,1,0,1,1,0,0,0,2,1,1,0,3,6,6,26,437,212,95,37,25,33,117,12,4,5,3,4,3,225,401,1,1,22,22,23,1,0,0,0,2,23,3,2,838
orjson_3_11_5,8248de607bfc12e915ebefa0f69fd07dad8d430c,0,10337652.666666666,25616.0,264,66,0,2,1,22,2,1,1,1,1,3,1,5,3,1,1,11,7,4,52,351,161,85,28,29,28,76,7,1,4,2,1,2,190,339,2,2,44,44,46,2,0,0,0,3,46,12,5,690
orjson_3_11_6,8248de607bfc12e915ebefa0f69fd07dad8d430c,0,10186027.666666666,25616.0,264,66,0,2,1,22,2,1,1,1,1,3,1,5,3,1,1,11,7,4,52,351,161,85,28,29,28,76,7,1,4,2,1,2,190,339,2,2,44,44,46,2,0,0,0,3,46,12,5,690
orjson_3_11_7,8248de607bfc12e915ebefa0f69fd07dad8d430c,0,10285972.0,25616.0,264,66,0,2,1,22,2,1,1,1,1,3,1,5,3,1,1,11,7,4,52,351,161,85,28,29,28,76,7,1,4,2,1,2,190,339,2,2,44,44,46,2,0,0,0,3,46,12,5,690
orjson_3_11_8,8248de607bfc12e915ebefa0f69fd07dad8d430c,0,10348389.0,25616.0,264,66,0,2,1,22,2,1,1,1,1,3,1,5,3,1,1,11,7,4,52,351,161,85,28,29,28,76,7,1,4,2,1,2,190,339,2,2,44,44,46,2,0,0,0,3,46,12,5,690
orjson_3_11_9,8248de607bfc12e915ebefa0f69fd07dad8d430c,0,10139097.0,25616.0,264,66,0,2,1,22,2,1,1,1,1,3,1,5,3,1,1,11,7,4,52,351,161,85,28,29,28,76,7,1,4,2,1,2,190,339,2,2,44,44,46,2,0,0,0,3,46,12,5,690
orjson_3_12_0,8248de607bfc12e915ebefa0f69fd07dad8d430c,0,9964874.666666666,25616.0,264,66,0,2,1,22,2,1,1,1,1,3,1,5,3,1,1,11,7,4,52,351,161,85,28,29,28,76,7,1,4,2,1,2,190,339,2,2,44,44,46,2,0,0,0,3,46,12,5,690
orjson_3_11_5,a9d8abeaf35a2cd24035e7cd77db5e11ce7b7a43,0,9543861.333333334,25190.0,144,47,0,1,0,0,0,1,1,1,0,0,0,2,1,0,0,3,6,6,26,437,212,95,37,25,33,117,12,4,5,3,4,3,225,401,1,1,22,22,23,1,0,0,0,2,23,3,2,838
orjson_3_11_6,a9d8abeaf35a2cd24035e7cd77db5e11ce7b7a43,0,9664611.333333334,25190.0,144,47,0,1,0,0,0,1,1,1,0,0,0,2,1,0,0,3,6,6,26,437,212,95,37,25,33,117,12,4,5,3,4,3,225,401,1,1,22,22,23,1,0,0,0,2,23,3,2,838
orjson_3_11_7,a9d8abeaf35a2cd24035e7cd77db5e11ce7b7a43,0,9778791.666666666,25190.0,144,47,0,1,0,0,0,1,1,1,0,0,0,2,1,0,0,3,6,6,26,437,212,95,37,25,33,117,12,4,5,3,4,3,225,401,1,1,22,22,23,1,0,0,0,2,23,3,2,838
orjson_3_11_8,a9d8abeaf35a2cd24035e7cd77db5e11ce7b7a43,0,9711236.0,25190.0,144,47,0,1,0,0,0,1,1,1,0,0,0,2,1,0,0,3,6,6,26,437,212,95,37,25,33,117,12,4,5,3,4,3,225,401,1,1,22,22,23,1,0,0,0,2,23,3,2,838
orjson_3_11_9,a9d8abeaf35a2cd24035e7cd77db5e11ce7b7a43,0,9354041.666666666,25190.0,144,47,0,1,0,0,0,1,1,1,0,0,0,2,1,0,0,3,6,6,26,437,212,95,37,25,33,117,12,4,5,3,4,3,225,401,1,1,22,22,23,1,0,0,0,2,23,3,2,838
orjson_3_12_0,a9d8abeaf35a2cd24035e7cd77db5e11ce7b7a43,0,9508388.666666666,25190.0,144,47,0,1,0,0,0,1,1,1,0,0,0,2,1,0,0,3,6,6,26,437,212,95,37,25,33,117,12,4,5,3,4,3,225,401,1,1,22,22,23,1,0,0,0,2,23,3,2,838
orjson_3_11_5,26ff71c15c3bd989ab978e24b65b69999a9f90be,0,10302708.666666666,25588.0,266,68,0,2,1,14,1,2,1,1,1,3,1,5,3,0,1,11,7,4,52,351,161,85,28,29,28,76,7,1,4,2,1,2,190,339,2,2,44,44,46,2,0,0,0,3,46,12,5,690
orjson_3_11_6,26ff71c15c3bd989ab978e24b65b69999a9f90be,0,10279041.333333334,25588.0,266,68,0,2,1,14,1,2,1,1,1,3,1,5,3,0,1,11,7,4,52,351,161,85,28,29,28,76,7,1,4,2,1,2,190,339,2,2,44,44,46,2,0,0,0,3,46,12,5,690
orjson_3_11_7,26ff71c15c3bd989ab978e24b65b69999a9f90be,0,10331805.666666666,25588.0,266,68,0,2,1,14,1,2,1,1,1,3,1,5,3,0,1,11,7,4,52,351,161,85,28,29,28,76,7,1,4,2,1,2,190,339,2,2,44,44,46,2,0,0,0,3,46,12,5,690
orjson_3_11_8,26ff71c15c3bd989ab978e24b65b69999a9f90be,0,10205042.0,25588.0,266,68,0,2,1,14,1,2,1,1,1,3,1,5,3,0,1,11,7,4,52,351,161,85,28,29,28,76,7,1,4,2,1,2,190,339,2,2,44,44,46,2,0,0,0,3,46,12,5,690
orjson_3_11_9,26ff71c15c3bd989ab978e24b65b69999a9f90be,0,10010041.666666666,25588.0,266,68,0,2,1,14,1,2,1,1,1,3,1,5,3,0,1,11,7,4,52,351,161,85,28,29,28,76,7,1,4,2,1,2,190,339,2,2,44,44,46,2,0,0,0,3,46,12,5,690
orjson_3_12_0,26ff71c15c3bd989ab978e24b65b69999a9f90be,0,9986986.333333334,25588.0,266,68,0,2,1,14,1,2,1,1,1,3,1,5,3,0,1,11,7,4,52,351,161,85,28,29,28,76,7,1,4,2,1,2,190,339,2,2,44,44,46,2,0,0,0,3,46,12,5,690
orjson_3_11_5,0fdbd620c37b06f486768722cf050c2690e126a7,0,596125.0,4168.0,25,15,0,2,2,14,1,1,0,0,2,2,2,2,0,0,0,0,0,0,2,27,12,5,2,1,2,7,1,0,0,1,0,1,15,23,1,1,1,1,2,1,0,0,0,1,2,0,2,50
orjson_3_11_6,0fdbd620c37b06f486768722cf050c2690e126a7,0,595187.75,4168.0,25,15,0,2,2,14,1,1,0,0,2,2,2,2,0,0,0,0,0,0,2,27,12,5,2,1,2,7,1,0,0,1,0,1,15,23,1,1,1,1,2,1,0,0,0,1,2,0,2,50
orjson_3_11_7,0fdbd620c37b06f486768722cf050c2690e126a7,0,593542.0,4168.0,25,15,0,2,2,14,1,1,0,0,2,2,2,2,0,0,0,0,0,0,2,27,12,5,2,1,2,7,1,0,0,1,0,1,15,23,1,1,1,1,2,1,0,0,0,1,2,0,2,50
orjson_3_11_8,0fdbd620c37b06f486768722cf050c2690e126a7,0,599791.6666666666,4168.0,25,15,0,2,2,14,1,1,0,0,2,2,2,2,0,0,0,0,0,0,2,27,12,5,2,1,2,7,1,0,0,1,0,1,15,23,1,1,1,1,2,1,0,0,0,1,2,0,2,50
orjson_3_11_9,0fdbd620c37b06f486768722cf050c2690e126a7,0,603017.0,4168.0,25,15,0,2,2,14,1,1,0,0,2,2,2,2,0,0,0,0,0,0,2,27,12,5,2,1,2,7,1,0,0,1,0,1,15,23,1,1,1,1,2,1,0,0,0,1,2,0,2,50
orjson_3_12_0,0fdbd620c37b06f486768722cf050c2690e126a7,0,606278.0,4168.0,25,15,0,2,2,14,1,1,0,0,2,2,2,2,0,0,0,0,0,0,2,27,12,5,2,1,2,7,1,0,0,1,0,1,15,23,1,1,1,1,2,1,0,0,0,1,2,0,2,50
orjson_3_11_5,bf8c2b2c35faf49264a055050a9d4d64384d2d1d,0,371819.6666666667,4168.0,16,9,0,0,0,0,0,0,0,0,0,0,0,0,0,0,0,0,0,0,1,4,3,1,0,1,0,2,0,0,0,0,0,0,1,2,2,1,0,0,1,1,0,0,0,2,1,0,0,6
orjson_3_11_6,bf8c2b2c35faf49264a055050a9d4d64384d2d1d,0,372861.0,4168.0,16,9,0,0,0,0,0,0,0,0,0,0,0,0,0,0,0,0,0,0,1,4,3,1,0,1,0,2,0,0,0,0,0,0,1,2,2,1,0,0,1,1,0,0,0,2,1,0,0,6
orjson_3_11_7,bf8c2b2c35faf49264a055050a9d4d64384d2d1d,0,378479.25,4168.0,16,9,0,0,0,0,0,0,0,0,0,0,0,0,0,0,0,0,0,0,1,4,3,1,0,1,0,2,0,0,0,0,0,0,1,2,2,1,0,0,1,1,0,0,0,2,1,0,0,6
orjson_3_11_8,bf8c2b2c35faf49264a055050a9d4d64384d2d1d,0,373027.6666666667,4168.0,16,9,0,0,0,0,0,0,0,0,0,0,0,0,0,0,0,0,0,0,1,4,3,1,0,1,0,2,0,0,0,0,0,0,1,2,2,1,0,0,1,1,0,0,0,2,1,0,0,6
orjson_3_11_9,bf8c2b2c35faf49264a055050a9d4d64384d2d1d,0,370236.3333333333,4168.0,16,9,0,0,0,0,0,0,0,0,0,0,0,0,0,0,0,0,0,0,1,4,3,1,0,1,0,2,0,0,0,0,0,0,1,2,2,1,0,0,1,1,0,0,0,2,1,0,0,6
orjson_3_12_0,bf8c2b2c35faf49264a055050a9d4d64384d2d1d,0,375764.0,4168.0,16,9,0,0,0,0,0,0,0,0,0,0,0,0,0,0,0,0,0,0,1,4,3,1,0,1,0,2,0,0,0,0,0,0,1,2,2,1,0,0,1,1,0,0,0,2,1,0,0,6
orjson_3_11_5,c6d3bf83759f8bfd20b199d8a5f225c09169f1f3,0,615861.3333333334,4242.0,30,16,0,0,0,0,0,0,0,0,0,0,0,0,0,0,0,2,0,0,4,16,5,4,2,2,0,1,0,0,0,0,0,0,11,11,1,1,2,2,3,1,0,0,0,1,3,0,0,27
orjson_3_11_6,c6d3bf83759f8bfd20b199d8a5f225c09169f1f3,0,604736.0,4242.0,30,16,0,0,0,0,0,0,0,0,0,0,0,0,0,0,0,2,0,0,4,16,5,4,2,2,0,1,0,0,0,0,0,0,11,11,1,1,2,2,3,1,0,0,0,1,3,0,0,27
orjson_3_11_7,c6d3bf83759f8bfd20b199d8a5f225c09169f1f3,0,603986.6666666666,4242.0,30,16,0,0,0,0,0,0,0,0,0,0,0,0,0,0,0,2,0,0,4,16,5,4,2,2,0,1,0,0,0,0,0,0,11,11,1,1,2,2,3,1,0,0,0,1,3,0,0,27
orjson_3_11_8,c6d3bf83759f8bfd20b199d8a5f225c09169f1f3,0,623521.0,4242.0,30,16,0,0,0,0,0,0,0,0,0,0,0,0,0,0,0,2,0,0,4,16,5,4,2,2,0,1,0,0,0,0,0,0,11,11,1,1,2,2,3,1,0,0,0,1,3,0,0,27
orjson_3_11_9,c6d3bf83759f8bfd20b199d8a5f225c09169f1f3,0,584014.0,4242.0,30,16,0,0,0,0,0,0,0,0,0,0,0,0,0,0,0,2,0,0,4,16,5,4,2,2,0,1,0,0,0,0,0,0,11,11,1,1,2,2,3,1,0,0,0,1,3,0,0,27
orjson_3_12_0,c6d3bf83759f8bfd20b199d8a5f225c09169f1f3,0,591041.6666666666,4242.0,30,16,0,0,0,0,0,0,0,0,0,0,0,0,0,0,0,2,0,0,4,16,5,4,2,2,0,1,0,0,0,0,0,0,11,11,1,1,2,2,3,1,0,0,0,1,3,0,0,27
orjson_3_11_5,034aa9bb617fc3b48316e6e3ceafaf8676392271,0,481513.6666666667,4215.0,24,14,0,0,0,0,0,0,0,0,0,0,0,0,0,0,0,0,1,0,3,9,2,1,0,0,1,1,0,0,0,0,0,0,7,6,1,1,1,1,2,1,0,0,0,1,2,0,0,15
orjson_3_11_6,034aa9bb617fc3b48316e6e3ceafaf8676392271,0,475500.3333333333,4215.0,24,14,0,0,0,0,0,0,0,0,0,0,0,0,0,0,0,0,1,0,3,9,2,1,0,0,1,1,0,0,0,0,0,0,7,6,1,1,1,1,2,1,0,0,0,1,2,0,0,15
orjson_3_11_7,034aa9bb617fc3b48316e6e3ceafaf8676392271,0,480680.3333333333,4215.0,24,14,0,0,0,0,0,0,0,0,0,0,0,0,0,0,0,0,1,0,3,9,2,1,0,0,1,1,0,0,0,0,0,0,7,6,1,1,1,1,2,1,0,0,0,1,2,0,0,15
orjson_3_11_8,034aa9bb617fc3b48316e6e3ceafaf8676392271,0,474486.0,4215.0,24,14,0,0,0,0,0,0,0,0,0,0,0,0,0,0,0,0,1,0,3,9,2,1,0,0,1,1,0,0,0,0,0,0,7,6,1,1,1,1,2,1,0,0,0,1,2,0,0,15
orjson_3_11_9,034aa9bb617fc3b48316e6e3ceafaf8676392271,0,477583.6666666667,4215.0,24,14,0,0,0,0,0,0,0,0,0,0,0,0,0,0,0,0,1,0,3,9,2,1,0,0,1,1,0,0,0,0,0,0,7,6,1,1,1,1,2,1,0,0,0,1,2,0,0,15
orjson_3_12_0,034aa9bb617fc3b48316e6e3ceafaf8676392271,0,479416.6666666667,4215.0,24,14,0,0,0,0,0,0,0,0,0,0,0,0,0,0,0,0,1,0,3,9,2,1,0,0,1,1,0,0,0,0,0,0,7,6,1,1,1,1,2,1,0,0,0,1,2,0,0,15
orjson_3_11_5,00a9dd2c47cfc6950c367ce6ca27f94a8a1d6d6f,0,211097.33333333334,4168.0,10,7,0,0,0,0,0,0,0,0,0,0,0,0,0,0,0,0,0,0,0,0,0,0,0,0,0,0,0,0,0,0,0,0,0,0,0,0,0,0,0,0,0,0,0,1,0,1,0,0
orjson_3_11_6,00a9dd2c47cfc6950c367ce6ca27f94a8a1d6d6f,0,214277.66666666666,4168.0,10,7,0,0,0,0,0,0,0,0,0,0,0,0,0,0,0,0,0,0,0,0,0,0,0,0,0,0,0,0,0,0,0,0,0,0,0,0,0,0,0,0,0,0,0,1,0,1,0,0
orjson_3_11_7,00a9dd2c47cfc6950c367ce6ca27f94a8a1d6d6f,0,212083.33333333334,4168.0,10,7,0,0,0,0,0,0,0,0,0,0,0,0,0,0,0,0,0,0,0,0,0,0,0,0,0,0,0,0,0,0,0,0,0,0,0,0,0,0,0,0,0,0,0,1,0,1,0,0
orjson_3_11_8,00a9dd2c47cfc6950c367ce6ca27f94a8a1d6d6f,0,214208.33333333334,4168.0,10,7,0,0,0,0,0,0,0,0,0,0,0,0,0,0,0,0,0,0,0,0,0,0,0,0,0,0,0,0,0,0,0,0,0,0,0,0,0,0,0,0,0,0,0,1,0,1,0,0
orjson_3_11_9,00a9dd2c47cfc6950c367ce6ca27f94a8a1d6d6f,0,213139.0,4168.0,10,7,0,0,0,0,0,0,0,0,0,0,0,0,0,0,0,0,0,0,0,0,0,0,0,0,0,0,0,0,0,0,0,0,0,0,0,0,0,0,0,0,0,0,0,1,0,1,0,0
orjson_3_12_0,00a9dd2c47cfc6950c367ce6ca27f94a8a1d6d6f,0,217916.33333333334,4168.0,10,7,0,0,0,0,0,0,0,0,0,0,0,0,0,0,0,0,0,0,0,0,0,0,0,0,0,0,0,0,0,0,0,0,0,0,0,0,0,0,0,0,0,0,0,1,0,1,0,0
orjson_3_11_5,7cb6efb98ba5972a9b5090dc2e517fe14d12cb04,0,163389.0,4168.0,3,1,1,0,0,0,0,0,0,0,0,0,0,0,0,0,0,1,0,0,0,0,0,0,0,0,0,0,0,0,0,0,0,0,0,0,0,0,0,0,0,0,0,0,0,0,0,0,0,0
orjson_3_11_6,7cb6efb98ba5972a9b5090dc2e517fe14d12cb04,0,162055.66666666666,4168.0,3,1,1,0,0,0,0,0,0,0,0,0,0,0,0,0,0,1,0,0,0,0,0,0,0,0,0,0,0,0,0,0,0,0,0,0,0,0,0,0,0,0,0,0,0,0,0,0,0,0
orjson_3_11_7,7cb6efb98ba5972a9b5090dc2e517fe14d12cb04,0,162722.0,4168.0,3,1,1,0,0,0,0,0,0,0,0,0,0,0,0,0,0,1,0,0,0,0,0,0,0,0,0,0,0,0,0,0,0,0,0,0,0,0,0,0,0,0,0,0,0,0,0,0,0,0
orjson_3_11_8,7cb6efb98ba5972a9b5090dc2e517fe14d12cb04,0,166555.33333333334,4168.0,3,1,1,0,0,0,0,0,0,0,0,0,0,0,0,0,0,1,0,0,0,0,0,0,0,0,0,0,0,0,0,0,0,0,0,0,0,0,0,0,0,0,0,0,0,0,0,0,0,0
orjson_3_11_9,7cb6efb98ba5972a9b5090dc2e517fe14d12cb04,0,163885.5,4168.0,3,1,1,0,0,0,0,0,0,0,0,0,0,0,0,0,0,1,0,0,0,0,0,0,0,0,0,0,0,0,0,0,0,0,0,0,0,0,0,0,0,0,0,0,0,0,0,0,0,0
orjson_3_12_0,7cb6efb98ba5972a9b5090dc2e517fe14d12cb04,0,168875.0,4168.0,3,1,1,0,0,0,0,0,0,0,0,0,0,0,0,0,0,1,0,0,0,0,0,0,0,0,0,0,0,0,0,0,0,0,0,0,0,0,0,0,0,0,0,0,0,0,0,0,0,0
orjson_3_11_5,33759d80f2242c5038e0c09bc80d154c8b339df2,0,2300153.0,9088.0,39,13,0,0,0,0,0,0,0,0,0,0,0,0,0,0,0,3,1,0,7,84,39,19,6,9,4,20,6,1,2,3,1,3,45,88,2,2,4,4,6,2,0,0,0,2,6,0,0,172
orjson_3_11_6,33759d80f2242c5038e0c09bc80d154c8b339df2,0,2302208.6666666665,9088.0,39,13,0,0,0,0,0,0,0,0,0,0,0,0,0,0,0,3,1,0,7,84,39,19,6,9,4,20,6,1,2,3,1,3,45,88,2,2,4,4,6,2,0,0,0,2,6,0,0,172
orjson_3_11_7,33759d80f2242c5038e0c09bc80d154c8b339df2,0,2305416.6666666665,9088.0,39,13,0,0,0,0,0,0,0,0,0,0,0,0,0,0,0,3,1,0,7,84,39,19,6,9,4,20,6,1,2,3,1,3,45,88,2,2,4,4,6,2,0,0,0,2,6,0,0,172
orjson_3_11_8,33759d80f2242c5038e0c09bc80d154c8b339df2,0,2326764.0,9088.0,39,13,0,0,0,0,0,0,0,0,0,0,0,0,0,0,0,3,1,0,7,84,39,19,6,9,4,20,6,1,2,3,1,3,45,88,2,2,4,4,6,2,0,0,0,2,6,0,0,172
orjson_3_11_9,33759d80f2242c5038e0c09bc80d154c8b339df2,0,2199389.0,9088.0,39,13,0,0,0,0,0,0,0,0,0,0,0,0,0,0,0,3,1,0,7,84,39,19,6,9,4,20,6,1,2,3,1,3,45,88,2,2,4,4,6,2,0,0,0,2,6,0,0,172
orjson_3_12_0,33759d80f2242c5038e0c09bc80d154c8b339df2,0,2237236.3333333335,9088.0,39,13,0,0,0,0,0,0,0,0,0,0,0,0,0,0,0,3,1,0,7,84,39,19,6,9,4,20,6,1,2,3,1,3,45,88,2,2,4,4,6,2,0,0,0,2,6,0,0,172
orjson_3_11_5,cad4223567dd91319739beb7f056a320a9239fdb,0,2350235.6666666665,9192.0,47,21,0,2,1,9,2,0,1,1,2,4,2,3,1,1,0,0,2,1,6,91,46,23,8,7,8,23,3,1,0,2,1,2,45,82,1,1,5,5,6,1,0,0,0,1,6,0,3,173
orjson_3_11_6,cad4223567dd91319739beb7f056a320a9239fdb,0,2340014.0,9192.0,47,21,0,2,1,9,2,0,1,1,2,4,2,3,1,1,0,0,2,1,6,91,46,23,8,7,8,23,3,1,0,2,1,2,45,82,1,1,5,5,6,1,0,0,0,1,6,0,3,173
orjson_3_11_7,cad4223567dd91319739beb7f056a320a9239fdb,0,2349597.3333333335,9192.0,47,21,0,2,1,9,2,0,1,1,2,4,2,3,1,1,0,0,2,1,6,91,46,23,8,7,8,23,3,1,0,2,1,2,45,82,1,1,5,5,6,1,0,0,0,1,6,0,3,173
orjson_3_11_8,cad4223567dd91319739beb7f056a320a9239fdb,0,2382010.5,9192.0,47,21,0,2,1,9,2,0,1,1,2,4,2,3,1,1,0,0,2,1,6,91,46,23,8,7,8,23,3,1,0,2,1,2,45,82,1,1,5,5,6,1,0,0,0,1,6,0,3,173
orjson_3_11_9,cad4223567dd91319739beb7f056a320a9239fdb,0,2281097.3333333335,9192.0,47,21,0,2,1,9,2,0,1,1,2,4,2,3,1,1,0,0,2,1,6,91,46,23,8,7,8,23,3,1,0,2,1,2,45,82,1,1,5,5,6,1,0,0,0,1,6,0,3,173
orjson_3_12_0,cad4223567dd91319739beb7f056a320a9239fdb,0,2272875.3333333335,9192.0,47,21,0,2,1,9,2,0,1,1,2,4,2,3,1,1,0,0,2,1,6,91,46,23,8,7,8,23,3,1,0,2,1,2,45,82,1,1,5,5,6,1,0,0,0,1,6,0,3,173
orjson_3_11_5,4e340054bd133ddedfd4678b68816074aa4d3e33,0,7454916.333333333,19723.0,119,61,0,0,0,7,1,0,0,0,0,1,0,1,1,1,0,3,2,2,18,340,156,88,18,35,35,68,6,3,3,0,3,0,184,366,3,3,11,11,14,3,0,0,0,3,14,0,1,706
orjson_3_11_6,4e340054bd133ddedfd4678b68816074aa4d3e33,0,7472069.333333333,19723.0,119,61,0,0,0,7,1,0,0,0,0,1,0,1,1,1,0,3,2,2,18,340,156,88,18,35,35,68,6,3,3,0,3,0,184,366,3,3,11,11,14,3,0,0,0,3,14,0,1,706
orjson_3_11_7,4e340054bd133ddedfd4678b68816074aa4d3e33,0,7572111.0,19723.0,119,61,0,0,0,7,1,0,0,0,0,1,0,1,1,1,0,3,2,2,18,340,156,88,18,35,35,68,6,3,3,0,3,0,184,366,3,3,11,11,14,3,0,0,0,3,14,0,1,706
orjson_3_11_8,4e340054bd133ddedfd4678b68816074aa4d3e33,0,7443513.666666667,19723.0,119,61,0,0,0,7,1,0,0,0,0,1,0,1,1,1,0,3,2,2,18,340,156,88,18,35,35,68,6,3,3,0,3,0,184,366,3,3,11,11,14,3,0,0,0,3,14,0,1,706
orjson_3_11_9,4e340054bd133ddedfd4678b68816074aa4d3e33,0,7159472.333333333,19723.0,119,61,0,0,0,7,1,0,0,0,0,1,0,1,1,1,0,3,2,2,18,340,156,88,18,35,35,68,6,3,3,0,3,0,184,366,3,3,11,11,14,3,0,0,0,3,14,0,1,706
orjson_3_12_0,4e340054bd133ddedfd4678b68816074aa4d3e33,0,7116402.666666667,19723.0,119,61,0,0,0,7,1,0,0,0,0,1,0,1,1,1,0,3,2,2,18,340,156,88,18,35,35,68,6,3,3,0,3,0,184,366,3,3,11,11,14,3,0,0,0,3,14,0,1,706
orjson_3_11_5,1f75d06656c0d154a8ac06dd05fbf5cced0c94c1,0,4179375.3333333335,9997.0,43,21,0,0,0,0,0,0,0,0,0,0,0,0,0,0,0,0,2,1,7,198,93,51,16,11,24,42,5,1,2,2,1,2,105,178,1,1,4,4,5,1,0,0,0,1,5,0,0,376
orjson_3_11_6,1f75d06656c0d154a8ac06dd05fbf5cced0c94c1,0,4177167.0,9997.0,43,21,0,0,0,0,0,0,0,0,0,0,0,0,0,0,0,0,2,1,7,198,93,51,16,11,24,42,5,1,2,2,1,2,105,178,1,1,4,4,5,1,0,0,0,1,5,0,0,376
orjson_3_11_7,1f75d06656c0d154a8ac06dd05fbf5cced0c94c1,0,4174819.3333333335,9997.0,43,21,0,0,0,0,0,0,0,0,0,0,0,0,0,0,0,0,2,1,7,198,93,51,16,11,24,42,5,1,2,2,1,2,105,178,1,1,4,4,5,1,0,0,0,1,5,0,0,376
orjson_3_11_8,1f75d06656c0d154a8ac06dd05fbf5cced0c94c1,0,4192583.3333333335,9997.0,43,21,0,0,0,0,0,0,0,0,0,0,0,0,0,0,0,0,2,1,7,198,93,51,16,11,24,42,5,1,2,2,1,2,105,178,1,1,4,4,5,1,0,0,0,1,5,0,0,376
orjson_3_11_9,1f75d06656c0d154a8ac06dd05fbf5cced0c94c1,0,4067860.6666666665,9997.0,43,21,0,0,0,0,0,0,0,0,0,0,0,0,0,0,0,0,2,1,7,198,93,51,16,11,24,42,5,1,2,2,1,2,105,178,1,1,4,4,5,1,0,0,0,1,5,0,0,376
orjson_3_12_0,1f75d06656c0d154a8ac06dd05fbf5cced0c94c1,0,4010666.6666666665,9997.0,43,21,0,0,0,0,0,0,0,0,0,0,0,0,0,0,0,0,2,1,7,198,93,51,16,11,24,42,5,1,2,2,1,2,105,178,1,1,4,4,5,1,0,0,0,1,5,0,0,376
orjson_3_11_5,0465d4631f96cb90da9d78cdf63ed3bc79ec0b9d,0,2875944.3333333335,9196.0,44,22,0,0,0,13,2,0,0,0,0,1,0,2,2,2,0,1,2,0,5,131,75,37,12,14,11,38,8,2,4,2,2,2,56,131,1,1,4,4,5,1,0,0,0,1,5,0,2,262
orjson_3_11_6,0465d4631f96cb90da9d78cdf63ed3bc79ec0b9d,0,2877777.3333333335,9196.0,44,22,0,0,0,13,2,0,0,0,0,1,0,2,2,2,0,1,2,0,5,131,75,37,12,14,11,38,8,2,4,2,2,2,56,131,1,1,4,4,5,1,0,0,0,1,5,0,2,262
orjson_3_11_7,0465d4631f96cb90da9d78cdf63ed3bc79ec0b9d,0,2889180.6666666665,9196.0,44,22,0,0,0,13,2,0,0,0,0,1,0,2,2,2,0,1,2,0,5,131,75,37,12,14,11,38,8,2,4,2,2,2,56,131,1,1,4,4,5,1,0,0,0,1,5,0,2,262
orjson_3_11_8,0465d4631f96cb90da9d78cdf63ed3bc79ec0b9d,0,2888389.0,9196.0,44,22,0,0,0,13,2,0,0,0,0,1,0,2,2,2,0,1,2,0,5,131,75,37,12,14,11,38,8,2,4,2,2,2,56,131,1,1,4,4,5,1,0,0,0,1,5,0,2,262
orjson_3_11_9,0465d4631f96cb90da9d78cdf63ed3bc79ec0b9d,0,2805917.0,9196.0,44,22,0,0,0,13,2,0,0,0,0,1,0,2,2,2,0,1,2,0,5,131,75,37,12,14,11,38,8,2,4,2,2,2,56,131,1,1,4,4,5,1,0,0,0,1,5,0,2,262
orjson_3_12_0,0465d4631f96cb90da9d78cdf63ed3bc79ec0b9d,0,2788569.6666666665,9196.0,44,22,0,0,0,13,2,0,0,0,0,1,0,2,2,2,0,1,2,0,5,131,75,37,12,14,11,38,8,2,4,2,2,2,56,131,1,1,4,4,5,1,0,0,0,1,5,0,2,262
orjson_3_11_5,18e5a1f56241054ca86159c8c9a5d0e1782e6875,0,10258750.0,24384.0,178,74,0,3,1,0,0,1,2,2,2,1,5,3,0,0,0,6,5,5,26,400,215,113,33,36,44,102,11,3,4,4,3,4,185,434,5,5,16,23,30,5,2,7,2,7,21,2,3,834
orjson_3_11_6,18e5a1f56241054ca86159c8c9a5d0e1782e6875,0,10236347.333333334,24384.0,178,74,0,3,1,0,0,1,2,2,2,1,5,3,0,0,0,6,5,5,26,400,215,113,33,36,44,102,11,3,4,4,3,4,185,434,5,5,16,23,30,5,2,7,2,7,21,2,3,834
orjson_3_11_7,18e5a1f56241054ca86159c8c9a5d0e1782e6875,0,10242347.0,24384.0,178,74,0,3,1,0,0,1,2,2,2,1,5,3,0,0,0,6,5,5,26,400,215,113,33,36,44,102,11,3,4,4,3,4,185,434,5,5,16,23,30,5,2,7,2,7,21,2,3,834
orjson_3_11_8,18e5a1f56241054ca86159c8c9a5d0e1782e6875,0,10345583.333333334,24384.0,178,74,0,3,1,0,0,1,2,2,2,1,5,3,0,0,0,6,5,5,26,400,215,113,33,36,44,102,11,3,4,4,3,4,185,434,5,5,16,23,30,5,2,7,2,7,21,2,3,834
orjson_3_11_9,18e5a1f56241054ca86159c8c9a5d0e1782e6875,0,9850389.0,24384.0,178,74,0,3,1,0,0,1,2,2,2,1,5,3,0,0,0,6,5,5,26,400,215,113,33,36,44,102,11,3,4,4,3,4,185,434,5,5,16,23,30,5,2,7,2,7,21,2,3,834
orjson_3_12_0,18e5a1f56241054ca86159c8c9a5d0e1782e6875,0,9805069.666666666,24384.0,178,74,0,3,1,0,0,1,2,2,2,1,5,3,0,0,0,6,5,5,26,400,215,113,33,36,44,102,11,3,4,4,3,4,185,434,5,5,16,23,30,5,2,7,2,7,21,2,3,834
orjson_3_11_5,9c55ce5881b24448d1b72b943f718a0664ae9ed1,0,1821333.0,8724.0,41,19,0,0,0,0,0,0,0,0,0,0,0,0,0,0,0,0,4,1,5,101,46,25,8,6,11,21,3,0,3,0,0,0,55,92,1,1,4,4,5,1,0,0,0,1,5,0,0,193
orjson_3_11_6,9c55ce5881b24448d1b72b943f718a0664ae9ed1,0,1819861.0,8724.0,41,19,0,0,0,0,0,0,0,0,0,0,0,0,0,0,0,0,4,1,5,101,46,25,8,6,11,21,3,0,3,0,0,0,55,92,1,1,4,4,5,1,0,0,0,1,5,0,0,193
orjson_3_11_7,9c55ce5881b24448d1b72b943f718a0664ae9ed1,0,1780944.6666666667,8724.0,41,19,0,0,0,0,0,0,0,0,0,0,0,0,0,0,0,0,4,1,5,101,46,25,8,6,11,21,3,0,3,0,0,0,55,92,1,1,4,4,5,1,0,0,0,1,5,0,0,193
orjson_3_11_8,9c55ce5881b24448d1b72b943f718a0664ae9ed1,0,1776430.6666666667,8724.0,41,19,0,0,0,0,0,0,0,0,0,0,0,0,0,0,0,0,4,1,5,101,46,25,8,6,11,21,3,0,3,0,0,0,55,92,1,1,4,4,5,1,0,0,0,1,5,0,0,193
orjson_3_11_9,9c55ce5881b24448d1b72b943f718a0664ae9ed1,0,1738930.6666666667,8724.0,41,19,0,0,0,0,0,0,0,0,0,0,0,0,0,0,0,0,4,1,5,101,46,25,8,6,11,21,3,0,3,0,0,0,55,92,1,1,4,4,5,1,0,0,0,1,5,0,0,193
orjson_3_12_0,9c55ce5881b24448d1b72b943f718a0664ae9ed1,0,1721680.6666666667,8724.0,41,19,0,0,0,0,0,0,0,0,0,0,0,0,0,0,0,0,4,1,5,101,46,25,8,6,11,21,3,0,3,0,0,0,55,92,1,1,4,4,5,1,0,0,0,1,5,0,0,193
orjson_3_11_5,9601e5ad6a99b31076338f15d0e06a079959c1a8,0,3642680.6666666665,9704.0,38,15,0,1,0,0,0,0,1,1,1,0,1,1,0,0,0,0,1,1,6,168,80,41,14,13,14,39,4,1,1,2,1,2,88,157,1,1,4,4,5,1,0,0,0,2,5,1,1,325
orjson_3_11_6,9601e5ad6a99b31076338f15d0e06a079959c1a8,0,3667749.6666666665,9704.0,38,15,0,1,0,0,0,0,1,1,1,0,1,1,0,0,0,0,1,1,6,168,80,41,14,13,14,39,4,1,1,2,1,2,88,157,1,1,4,4,5,1,0,0,0,2,5,1,1,325
orjson_3_11_7,9601e5ad6a99b31076338f15d0e06a079959c1a8,0,3651958.3333333335,9704.0,38,15,0,1,0,0,0,0,1,1,1,0,1,1,0,0,0,0,1,1,6,168,80,41,14,13,14,39,4,1,1,2,1,2,88,157,1,1,4,4,5,1,0,0,0,2,5,1,1,325
orjson_3_11_8,9601e5ad6a99b31076338f15d0e06a079959c1a8,0,3676028.0,9704.0,38,15,0,1,0,0,0,0,1,1,1,0,1,1,0,0,0,0,1,1,6,168,80,41,14,13,14,39,4,1,1,2,1,2,88,157,1,1,4,4,5,1,0,0,0,2,5,1,1,325
orjson_3_11_9,9601e5ad6a99b31076338f15d0e06a079959c1a8,0,3507263.6666666665,9704.0,38,15,0,1,0,0,0,0,1,1,1,0,1,1,0,0,0,0,1,1,6,168,80,41,14,13,14,39,4,1,1,2,1,2,88,157,1,1,4,4,5,1,0,0,0,2,5,1,1,325
orjson_3_12_0,9601e5ad6a99b31076338f15d0e06a079959c1a8,0,3569781.25,9704.0,38,15,0,1,0,0,0,0,1,1,1,0,1,1,0,0,0,0,1,1,6,168,80,41,14,13,14,39,4,1,1,2,1,2,88,157,1,1,4,4,5,1,0,0,0,2,5,1,1,325
orjson_3_11_5,a82d0fbe962097dc9ad82d5943f72873f7aa9307,0,4013736.0,9500.0,105,61,0,0,0,0,0,0,0,0,0,0,0,0,0,0,0,3,1,2,11,163,81,40,16,11,13,41,6,1,3,2,1,2,82,141,2,2,8,8,10,2,0,0,0,3,10,2,0,304
orjson_3_11_6,a82d0fbe962097dc9ad82d5943f72873f7aa9307,0,4039305.6666666665,9500.0,105,61,0,0,0,0,0,0,0,0,0,0,0,0,0,0,0,3,1,2,11,163,81,40,16,11,13,41,6,1,3,2,1,2,82,141,2,2,8,8,10,2,0,0,0,3,10,2,0,304
orjson_3_11_7,a82d0fbe962097dc9ad82d5943f72873f7aa9307,0,4054930.3333333335,9500.0,105,61,0,0,0,0,0,0,0,0,0,0,0,0,0,0,0,3,1,2,11,163,81,40,16,11,13,41,6,1,3,2,1,2,82,141,2,2,8,8,10,2,0,0,0,3,10,2,0,304
orjson_3_11_8,a82d0fbe962097dc9ad82d5943f72873f7aa9307,0,3999500.0,9500.0,105,61,0,0,0,0,0,0,0,0,0,0,0,0,0,0,0,3,1,2,11,163,81,40,16,11,13,41,6,1,3,2,1,2,82,141,2,2,8,8,10,2,0,0,0,3,10,2,0,304
orjson_3_11_9,a82d0fbe962097dc9ad82d5943f72873f7aa9307,0,3897750.3333333335,9500.0,105,61,0,0,0,0,0,0,0,0,0,0,0,0,0,0,0,3,1,2,11,163,81,40,16,11,13,41,6,1,3,2,1,2,82,141,2,2,8,8,10,2,0,0,0,3,10,2,0,304
orjson_3_12_0,a82d0fbe962097dc9ad82d5943f72873f7aa9307,0,3956229.5,9500.0,105,61,0,0,0,0,0,0,0,0,0,0,0,0,0,0,0,3,1,2,11,163,81,40,16,11,13,41,6,1,3,2,1,2,82,141,2,2,8,8,10,2,0,0,0,3,10,2,0,304
orjson_3_11_5,898523011874e914e5e22a232398df44a1bf2d5c,0,11100129.1,24407.0,287,142,0,5,3,35,4,3,2,2,3,8,10,12,7,3,3,9,7,8,24,390,198,97,31,28,38,101,8,3,3,2,3,2,192,381,4,4,12,44,55,4,7,32,7,11,16,8,12,771
orjson_3_11_6,898523011874e914e5e22a232398df44a1bf2d5c,0,10789096.666666666,24407.0,287,142,0,5,3,35,4,3,2,2,3,8,10,12,7,3,3,9,7,8,24,390,198,97,31,28,38,101,8,3,3,2,3,2,192,381,4,4,12,44,55,4,7,32,7,11,16,8,12,771
orjson_3_11_7,898523011874e914e5e22a232398df44a1bf2d5c,0,10712264.0,24407.0,287,142,0,5,3,35,4,3,2,2,3,8,10,12,7,3,3,9,7,8,24,390,198,97,31,28,38,101,8,3,3,2,3,2,192,381,4,4,12,44,55,4,7,32,7,11,16,8,12,771
orjson_3_11_8,898523011874e914e5e22a232398df44a1bf2d5c,0,10800999.666666666,24407.0,287,142,0,5,3,35,4,3,2,2,3,8,10,12,7,3,3,9,7,8,24,390,198,97,31,28,38,101,8,3,3,2,3,2,192,381,4,4,12,44,55,4,7,32,7,11,16,8,12,771
orjson_3_11_9,898523011874e914e5e22a232398df44a1bf2d5c,0,10471097.333333334,24407.0,287,142,0,5,3,35,4,3,2,2,3,8,10,12,7,3,3,9,7,8,24,390,198,97,31,28,38,101,8,3,3,2,3,2,192,381,4,4,12,44,55,4,7,32,7,11,16,8,12,771
orjson_3_12_0,898523011874e914e5e22a232398df44a1bf2d5c,0,10468250.0,24407.0,287,142,0,5,3,35,4,3,2,2,3,8,10,12,7,3,3,9,7,8,24,390,198,97,31,28,38,101,8,3,3,2,3,2,192,381,4,4,12,44,55,4,7,32,7,11,16,8,12,771
orjson_3_11_5,d12b517cc8296a1f69ecec2c163809a230416d41,0,10449652.666666666,24831.0,206,81,0,1,0,13,2,0,1,1,0,3,0,3,2,2,0,7,8,7,24,428,234,110,34,35,41,124,9,3,2,4,3,4,194,436,4,4,14,35,41,4,2,21,2,7,18,7,3,864
orjson_3_11_6,d12b517cc8296a1f69ecec2c163809a230416d41,0,10529417.0,24831.0,206,81,0,1,0,13,2,0,1,1,0,3,0,3,2,2,0,7,8,7,24,428,234,110,34,35,41,124,9,3,2,4,3,4,194,436,4,4,14,35,41,4,2,21,2,7,18,7,3,864
orjson_3_11_7,d12b517cc8296a1f69ecec2c163809a230416d41,0,10470277.666666666,24831.0,206,81,0,1,0,13,2,0,1,1,0,3,0,3,2,2,0,7,8,7,24,428,234,110,34,35,41,124,9,3,2,4,3,4,194,436,4,4,14,35,41,4,2,21,2,7,18,7,3,864
orjson_3_11_8,d12b517cc8296a1f69ecec2c163809a230416d41,0,10445194.666666666,24831.0,206,81,0,1,0,13,2,0,1,1,0,3,0,3,2,2,0,7,8,7,24,428,234,110,34,35,41,124,9,3,2,4,3,4,194,436,4,4,14,35,41,4,2,21,2,7,18,7,3,864
orjson_3_11_9,d12b517cc8296a1f69ecec2c163809a230416d41,0,10076167.0,24831.0,206,81,0,1,0,13,2,0,1,1,0,3,0,3,2,2,0,7,8,7,24,428,234,110,34,35,41,124,9,3,2,4,3,4,194,436,4,4,14,35,41,4,2,21,2,7,18,7,3,864
orjson_3_12_0,d12b517cc8296a1f69ecec2c163809a230416d41,0,10076653.0,24831.0,206,81,0,1,0,13,2,0,1,1,0,3,0,3,2,2,0,7,8,7,24,428,234,110,34,35,41,124,9,3,2,4,3,4,194,436,4,4,14,35,41,4,2,21,2,7,18,7,3,864
orjson_3_11_5,7d21e41ff1e341cad3905523110ecbf5bf296bab,0,7569180.333333333,24169.0,104,49,0,0,0,0,0,1,0,0,0,1,0,1,1,0,0,2,0,1,19,467,221,118,37,39,42,103,8,3,3,2,3,2,246,442,3,3,10,10,13,3,0,0,0,3,13,1,1,909
orjson_3_11_6,7d21e41ff1e341cad3905523110ecbf5bf296bab,0,7643389.0,24169.0,104,49,0,0,0,0,0,1,0,0,0,1,0,1,1,0,0,2,0,1,19,467,221,118,37,39,42,103,8,3,3,2,3,2,246,442,3,3,10,10,13,3,0,0,0,3,13,1,1,909
orjson_3_11_7,7d21e41ff1e341cad3905523110ecbf5bf296bab,0,7667555.333333333,24169.0,104,49,0,0,0,0,0,1,0,0,0,1,0,1,1,0,0,2,0,1,19,467,221,118,37,39,42,103,8,3,3,2,3,2,246,442,3,3,10,10,13,3,0,0,0,3,13,1,1,909
orjson_3_11_8,7d21e41ff1e341cad3905523110ecbf5bf296bab,0,7690000.0,24169.0,104,49,0,0,0,0,0,1,0,0,0,1,0,1,1,0,0,2,0,1,19,467,221,118,37,39,42,103,8,3,3,2,3,2,246,442,3,3,10,10,13,3,0,0,0,3,13,1,1,909
orjson_3_11_9,7d21e41ff1e341cad3905523110ecbf5bf296bab,0,7593572.75,24169.0,104,49,0,0,0,0,0,1,0,0,0,1,0,1,1,0,0,2,0,1,19,467,221,118,37,39,42,103,8,3,3,2,3,2,246,442,3,3,10,10,13,3,0,0,0,3,13,1,1,909
orjson_3_12_0,7d21e41ff1e341cad3905523110ecbf5bf296bab,0,7287069.666666667,24169.0,104,49,0,0,0,0,0,1,0,0,0,1,0,1,1,0,0,2,0,1,19,467,221,118,37,39,42,103,8,3,3,2,3,2,246,442,3,3,10,10,13,3,0,0,0,3,13,1,1,909
orjson_3_11_5,2b508ef0e7587971987a660b16fc119a4c046759,0,9883930.666666666,24597.0,92,40,0,0,0,0,0,0,0,0,0,0,0,0,0,0,0,1,1,3,15,454,217,111,41,35,35,106,17,8,4,5,8,5,237,454,3,3,9,9,12,3,0,0,0,3,12,2,0,908
orjson_3_11_6,2b508ef0e7587971987a660b16fc119a4c046759,0,9925777.666666666,24597.0,92,40,0,0,0,0,0,0,0,0,0,0,0,0,0,0,0,1,1,3,15,454,217,111,41,35,35,106,17,8,4,5,8,5,237,454,3,3,9,9,12,3,0,0,0,3,12,2,0,908
orjson_3_11_7,2b508ef0e7587971987a660b16fc119a4c046759,0,9906930.333333334,24597.0,92,40,0,0,0,0,0,0,0,0,0,0,0,0,0,0,0,1,1,3,15,454,217,111,41,35,35,106,17,8,4,5,8,5,237,454,3,3,9,9,12,3,0,0,0,3,12,2,0,908
orjson_3_11_8,2b508ef0e7587971987a660b16fc119a4c046759,0,9943347.333333334,24597.0,92,40,0,0,0,0,0,0,0,0,0,0,0,0,0,0,0,1,1,3,15,454,217,111,41,35,35,106,17,8,4,5,8,5,237,454,3,3,9,9,12,3,0,0,0,3,12,2,0,908
orjson_3_11_9,2b508ef0e7587971987a660b16fc119a4c046759,0,9430403.0,24597.0,92,40,0,0,0,0,0,0,0,0,0,0,0,0,0,0,0,1,1,3,15,454,217,111,41,35,35,106,17,8,4,5,8,5,237,454,3,3,9,9,12,3,0,0,0,3,12,2,0,908
orjson_3_12_0,2b508ef0e7587971987a660b16fc119a4c046759,0,9443805.666666666,24597.0,92,40,0,0,0,0,0,0,0,0,0,0,0,0,0,0,0,1,1,3,15,454,217,111,41,35,35,106,17,8,4,5,8,5,237,454,3,3,9,9,12,3,0,0,0,3,12,2,0,908
orjson_3_11_5,27d6399df41490520179dcc637c24ed47fdf8d07,0,9913347.333333334,24512.0,127,50,0,1,0,0,0,1,1,1,1,2,1,3,2,0,1,3,6,3,17,418,207,95,32,31,32,112,14,7,3,4,7,4,211,463,4,4,13,15,20,4,1,2,1,6,17,2,3,881
orjson_3_11_6,27d6399df41490520179dcc637c24ed47fdf8d07,0,9896278.0,24512.0,127,50,0,1,0,0,0,1,1,1,1,2,1,3,2,0,1,3,6,3,17,418,207,95,32,31,32,112,14,7,3,4,7,4,211,463,4,4,13,15,20,4,1,2,1,6,17,2,3,881
orjson_3_11_7,27d6399df41490520179dcc637c24ed47fdf8d07,0,10015375.0,24512.0,127,50,0,1,0,0,0,1,1,1,1,2,1,3,2,0,1,3,6,3,17,418,207,95,32,31,32,112,14,7,3,4,7,4,211,463,4,4,13,15,20,4,1,2,1,6,17,2,3,881
orjson_3_11_8,27d6399df41490520179dcc637c24ed47fdf8d07,0,10042125.0,24512.0,127,50,0,1,0,0,0,1,1,1,1,2,1,3,2,0,1,3,6,3,17,418,207,95,32,31,32,112,14,7,3,4,7,4,211,463,4,4,13,15,20,4,1,2,1,6,17,2,3,881
orjson_3_11_9,27d6399df41490520179dcc637c24ed47fdf8d07,0,9549611.333333334,24512.0,127,50,0,1,0,0,0,1,1,1,1,2,1,3,2,0,1,3,6,3,17,418,207,95,32,31,32,112,14,7,3,4,7,4,211,463,4,4,13,15,20,4,1,2,1,6,17,2,3,881
orjson_3_12_0,27d6399df41490520179dcc637c24ed47fdf8d07,0,9751069.666666666,24512.0,127,50,0,1,0,0,0,1,1,1,1,2,1,3,2,0,1,3,6,3,17,418,207,95,32,31,32,112,14,7,3,4,7,4,211,463,4,4,13,15,20,4,1,2,1,6,17,2,3,881
orjson_3_11_5,ccdf7eed761dd53a5b3fa350f6171675c146948d,0,2544167.0,9104.0,40,18,0,1,0,0,0,0,1,1,0,2,0,2,1,0,1,0,2,1,5,130,66,32,7,14,11,34,1,1,0,0,1,0,64,130,1,1,4,4,5,1,0,0,0,1,5,0,2,260
orjson_3_11_6,ccdf7eed761dd53a5b3fa350f6171675c146948d,0,2549014.3333333335,9104.0,40,18,0,1,0,0,0,0,1,1,0,2,0,2,1,0,1,0,2,1,5,130,66,32,7,14,11,34,1,1,0,0,1,0,64,130,1,1,4,4,5,1,0,0,0,1,5,0,2,260
orjson_3_11_7,ccdf7eed761dd53a5b3fa350f6171675c146948d,0,2558653.0,9104.0,40,18,0,1,0,0,0,0,1,1,0,2,0,2,1,0,1,0,2,1,5,130,66,32,7,14,11,34,1,1,0,0,1,0,64,130,1,1,4,4,5,1,0,0,0,1,5,0,2,260
orjson_3_11_8,ccdf7eed761dd53a5b3fa350f6171675c146948d,0,2534153.0,9104.0,40,18,0,1,0,0,0,0,1,1,0,2,0,2,1,0,1,0,2,1,5,130,66,32,7,14,11,34,1,1,0,0,1,0,64,130,1,1,4,4,5,1,0,0,0,1,5,0,2,260
orjson_3_11_9,ccdf7eed761dd53a5b3fa350f6171675c146948d,0,2436708.6666666665,9104.0,40,18,0,1,0,0,0,0,1,1,0,2,0,2,1,0,1,0,2,1,5,130,66,32,7,14,11,34,1,1,0,0,1,0,64,130,1,1,4,4,5,1,0,0,0,1,5,0,2,260
orjson_3_12_0,ccdf7eed761dd53a5b3fa350f6171675c146948d,0,2462277.6666666665,9104.0,40,18,0,1,0,0,0,0,1,1,0,2,0,2,1,0,1,0,2,1,5,130,66,32,7,14,11,34,1,1,0,0,1,0,64,130,1,1,4,4,5,1,0,0,0,1,5,0,2,260
orjson_3_11_5,d4505f1ee85ecb285e1e2d474e49ef8735440344,0,2750250.3333333335,9212.0,35,13,0,0,0,0,0,0,0,0,0,0,0,0,0,0,0,2,3,0,5,125,70,44,9,14,21,26,1,1,0,0,1,0,55,125,1,1,4,4,5,1,0,0,0,1,5,0,0,250
orjson_3_11_6,d4505f1ee85ecb285e1e2d474e49ef8735440344,0,2770152.6666666665,9212.0,35,13,0,0,0,0,0,0,0,0,0,0,0,0,0,0,0,2,3,0,5,125,70,44,9,14,21,26,1,1,0,0,1,0,55,125,1,1,4,4,5,1,0,0,0,1,5,0,0,250
orjson_3_11_7,d4505f1ee85ecb285e1e2d474e49ef8735440344,0,2708041.0,9212.0,35,13,0,0,0,0,0,0,0,0,0,0,0,0,0,0,0,2,3,0,5,125,70,44,9,14,21,26,1,1,0,0,1,0,55,125,1,1,4,4,5,1,0,0,0,1,5,0,0,250
orjson_3_11_8,d4505f1ee85ecb285e1e2d474e49ef8735440344,0,2746361.0,9212.0,35,13,0,0,0,0,0,0,0,0,0,0,0,0,0,0,0,2,3,0,5,125,70,44,9,14,21,26,1,1,0,0,1,0,55,125,1,1,4,4,5,1,0,0,0,1,5,0,0,250
orjson_3_11_9,d4505f1ee85ecb285e1e2d474e49ef8735440344,0,2620652.6666666665,9212.0,35,13,0,0,0,0,0,0,0,0,0,0,0,0,0,0,0,2,3,0,5,125,70,44,9,14,21,26,1,1,0,0,1,0,55,125,1,1,4,4,5,1,0,0,0,1,5,0,0,250
orjson_3_12_0,d4505f1ee85ecb285e1e2d474e49ef8735440344,0,2637958.25,9212.0,35,13,0,0,0,0,0,0,0,0,0,0,0,0,0,0,0,2,3,0,5,125,70,44,9,14,21,26,1,1,0,0,1,0,55,125,1,1,4,4,5,1,0,0,0,1,5,0,0,250
orjson_3_11_5,46735e34cc002c6e63507099198f4d3a88afd442,0,692055.6666666666,4168.0,41,22,0,0,0,0,0,0,0,0,0,0,0,0,0,0,0,1,0,2,4,14,5,3,1,0,2,2,1,0,0,1,0,1,9,20,1,1,3,3,4,1,0,0,0,2,4,1,0,34
orjson_3_11_6,46735e34cc002c6e63507099198f4d3a88afd442,0,711722.3333333334,4168.0,41,22,0,0,0,0,0,0,0,0,0,0,0,0,0,0,0,1,0,2,4,14,5,3,1,0,2,2,1,0,0,1,0,1,9,20,1,1,3,3,4,1,0,0,0,2,4,1,0,34
orjson_3_11_7,46735e34cc002c6e63507099198f4d3a88afd442,0,686055.3333333334,4168.0,41,22,0,0,0,0,0,0,0,0,0,0,0,0,0,0,0,1,0,2,4,14,5,3,1,0,2,2,1,0,0,1,0,1,9,20,1,1,3,3,4,1,0,0,0,2,4,1,0,34
orjson_3_11_8,46735e34cc002c6e63507099198f4d3a88afd442,0,698930.6666666666,4168.0,41,22,0,0,0,0,0,0,0,0,0,0,0,0,0,0,0,1,0,2,4,14,5,3,1,0,2,2,1,0,0,1,0,1,9,20,1,1,3,3,4,1,0,0,0,2,4,1,0,34
orjson_3_11_9,46735e34cc002c6e63507099198f4d3a88afd442,0,690611.0,4168.0,41,22,0,0,0,0,0,0,0,0,0,0,0,0,0,0,0,1,0,2,4,14,5,3,1,0,2,2,1,0,0,1,0,1,9,20,1,1,3,3,4,1,0,0,0,2,4,1,0,34
orjson_3_12_0,46735e34cc002c6e63507099198f4d3a88afd442,0,684291.6666666666,4168.0,41,22,0,0,0,0,0,0,0,0,0,0,0,0,0,0,0,1,0,2,4,14,5,3,1,0,2,2,1,0,0,1,0,1,9,20,1,1,3,3,4,1,0,0,0,2,4,1,0,34
orjson_3_11_5,78dc1c390cb2acf6edb2daa956175b274700892f,0,10864180.666666666,24407.0,279,134,0,5,3,35,4,3,2,2,3,8,10,12,7,3,3,9,7,8,24,390,198,97,31,28,38,101,8,3,3,2,3,2,192,381,4,4,12,44,55,4,7,32,7,11,16,8,12,771
orjson_3_11_6,78dc1c390cb2acf6edb2daa956175b274700892f,0,10758138.666666666,24407.0,279,134,0,5,3,35,4,3,2,2,3,8,10,12,7,3,3,9,7,8,24,390,198,97,31,28,38,101,8,3,3,2,3,2,192,381,4,4,12,44,55,4,7,32,7,11,16,8,12,771
orjson_3_11_7,78dc1c390cb2acf6edb2daa956175b274700892f,0,10678083.666666666,24407.0,279,134,0,5,3,35,4,3,2,2,3,8,10,12,7,3,3,9,7,8,24,390,198,97,31,28,38,101,8,3,3,2,3,2,192,381,4,4,12,44,55,4,7,32,7,11,16,8,12,771
orjson_3_11_8,78dc1c390cb2acf6edb2daa956175b274700892f,0,10786694.666666666,24407.0,279,134,0,5,3,35,4,3,2,2,3,8,10,12,7,3,3,9,7,8,24,390,198,97,31,28,38,101,8,3,3,2,3,2,192,381,4,4,12,44,55,4,7,32,7,11,16,8,12,771
orjson_3_11_9,78dc1c390cb2acf6edb2daa956175b274700892f,0,10428555.333333334,24407.0,279,134,0,5,3,35,4,3,2,2,3,8,10,12,7,3,3,9,7,8,24,390,198,97,31,28,38,101,8,3,3,2,3,2,192,381,4,4,12,44,55,4,7,32,7,11,16,8,12,771
orjson_3_12_0,78dc1c390cb2acf6edb2daa956175b274700892f,0,10516319.666666666,24407.0,279,134,0,5,3,35,4,3,2,2,3,8,10,12,7,3,3,9,7,8,24,390,198,97,31,28,38,101,8,3,3,2,3,2,192,381,4,4,12,44,55,4,7,32,7,11,16,8,12,771
orjson_3_11_5,00c987b9bacce3f030a9dd6d76eb5a82609a1e8e,0,10275347.0,25375.0,258,82,0,0,0,0,0,0,0,0,0,2,0,2,2,0,2,9,9,7,49,352,166,91,31,26,34,75,7,2,3,2,2,2,186,368,3,3,39,39,42,3,0,0,0,4,42,6,2,720
orjson_3_11_6,00c987b9bacce3f030a9dd6d76eb5a82609a1e8e,0,10244569.666666666,25375.0,258,82,0,0,0,0,0,0,0,0,0,2,0,2,2,0,2,9,9,7,49,352,166,91,31,26,34,75,7,2,3,2,2,2,186,368,3,3,39,39,42,3,0,0,0,4,42,6,2,720
orjson_3_11_7,00c987b9bacce3f030a9dd6d76eb5a82609a1e8e,0,10245499.666666666,25375.0,258,82,0,0,0,0,0,0,0,0,0,2,0,2,2,0,2,9,9,7,49,352,166,91,31,26,34,75,7,2,3,2,2,2,186,368,3,3,39,39,42,3,0,0,0,4,42,6,2,720
orjson_3_11_8,00c987b9bacce3f030a9dd6d76eb5a82609a1e8e,0,10071416.666666666,25375.0,258,82,0,0,0,0,0,0,0,0,0,2,0,2,2,0,2,9,9,7,49,352,166,91,31,26,34,75,7,2,3,2,2,2,186,368,3,3,39,39,42,3,0,0,0,4,42,6,2,720
orjson_3_11_9,00c987b9bacce3f030a9dd6d76eb5a82609a1e8e,0,9900874.666666666,25375.0,258,82,0,0,0,0,0,0,0,0,0,2,0,2,2,0,2,9,9,7,49,352,166,91,31,26,34,75,7,2,3,2,2,2,186,368,3,3,39,39,42,3,0,0,0,4,42,6,2,720
orjson_3_12_0,00c987b9bacce3f030a9dd6d76eb5a82609a1e8e,0,9944777.666666666,25375.0,258,82,0,0,0,0,0,0,0,0,0,2,0,2,2,0,2,9,9,7,49,352,166,91,31,26,34,75,7,2,3,2,2,2,186,368,3,3,39,39,42,3,0,0,0,4,42,6,2,720
orjson_3_11_5,f6ebb72785f0c090c075df927811665a51bd4ffc,0,9651844.0,24536.0,69,22,0,0,0,12,1,0,0,0,0,1,0,1,1,1,0,1,2,2,12,470,257,135,40,54,41,122,10,1,4,5,1,5,213,471,4,4,7,7,11,4,0,0,0,4,11,1,1,941
orjson_3_11_6,f6ebb72785f0c090c075df927811665a51bd4ffc,0,9769430.666666666,24536.0,69,22,0,0,0,12,1,0,0,0,0,1,0,1,1,1,0,1,2,2,12,470,257,135,40,54,41,122,10,1,4,5,1,5,213,471,4,4,7,7,11,4,0,0,0,4,11,1,1,941
orjson_3_11_7,f6ebb72785f0c090c075df927811665a51bd4ffc,0,9621694.666666666,24536.0,69,22,0,0,0,12,1,0,0,0,0,1,0,1,1,1,0,1,2,2,12,470,257,135,40,54,41,122,10,1,4,5,1,5,213,471,4,4,7,7,11,4,0,0,0,4,11,1,1,941
orjson_3_11_8,f6ebb72785f0c090c075df927811665a51bd4ffc,0,9873055.666666666,24536.0,69,22,0,0,0,12,1,0,0,0,0,1,0,1,1,1,0,1,2,2,12,470,257,135,40,54,41,122,10,1,4,5,1,5,213,471,4,4,7,7,11,4,0,0,0,4,11,1,1,941
orjson_3_11_9,f6ebb72785f0c090c075df927811665a51bd4ffc,0,9202806.0,24536.0,69,22,0,0,0,12,1,0,0,0,0,1,0,1,1,1,0,1,2,2,12,470,257,135,40,54,41,122,10,1,4,5,1,5,213,471,4,4,7,7,11,4,0,0,0,4,11,1,1,941
orjson_3_12_0,f6ebb72785f0c090c075df927811665a51bd4ffc,0,9363014.0,24536.0,69,22,0,0,0,12,1,0,0,0,0,1,0,1,1,1,0,1,2,2,12,470,257,135,40,54,41,122,10,1,4,5,1,5,213,471,4,4,7,7,11,4,0,0,0,4,11,1,1,941
orjson_3_11_5,c0ee46b5172fba27ef6158352db79795b1df805e,0,8523083.333333334,23811.0,213,96,0,2,2,21,2,3,0,0,2,6,3,6,4,0,1,8,5,6,22,376,170,92,33,27,32,78,10,4,4,2,4,2,206,386,6,6,10,33,40,6,1,23,1,4,16,4,6,762
orjson_3_11_6,c0ee46b5172fba27ef6158352db79795b1df805e,0,8543013.666666666,23811.0,213,96,0,2,2,21,2,3,0,0,2,6,3,6,4,0,1,8,5,6,22,376,170,92,33,27,32,78,10,4,4,2,4,2,206,386,6,6,10,33,40,6,1,23,1,4,16,4,6,762
orjson_3_11_7,c0ee46b5172fba27ef6158352db79795b1df805e,0,8412416.333333334,23811.0,213,96,0,2,2,21,2,3,0,0,2,6,3,6,4,0,1,8,5,6,22,376,170,92,33,27,32,78,10,4,4,2,4,2,206,386,6,6,10,33,40,6,1,23,1,4,16,4,6,762
orjson_3_11_8,c0ee46b5172fba27ef6158352db79795b1df805e,0,8565458.333333334,23811.0,213,96,0,2,2,21,2,3,0,0,2,6,3,6,4,0,1,8,5,6,22,376,170,92,33,27,32,78,10,4,4,2,4,2,206,386,6,6,10,33,40,6,1,23,1,4,16,4,6,762
orjson_3_11_9,c0ee46b5172fba27ef6158352db79795b1df805e,0,8037208.25,23811.0,213,96,0,2,2,21,2,3,0,0,2,6,3,6,4,0,1,8,5,6,22,376,170,92,33,27,32,78,10,4,4,2,4,2,206,386,6,6,10,33,40,6,1,23,1,4,16,4,6,762
orjson_3_12_0,c0ee46b5172fba27ef6158352db79795b1df805e,0,8129694.666666667,23811.0,213,96,0,2,2,21,2,3,0,0,2,6,3,6,4,0,1,8,5,6,22,376,170,92,33,27,32,78,10,4,4,2,4,2,206,386,6,6,10,33,40,6,1,23,1,4,16,4,6,762
orjson_3_11_5,da2aca7042772708d4c0e04d30931dd5fb3028b6,0,8340472.333333333,24912.0,97,36,0,0,0,0,0,0,0,0,0,0,0,0,0,0,0,4,1,3,17,440,231,111,28,45,38,120,20,7,7,6,7,6,209,453,1,1,13,13,14,1,0,0,0,2,14,3,0,893
orjson_3_11_6,da2aca7042772708d4c0e04d30931dd5fb3028b6,0,8423416.333333334,24912.0,97,36,0,0,0,0,0,0,0,0,0,0,0,0,0,0,0,4,1,3,17,440,231,111,28,45,38,120,20,7,7,6,7,6,209,453,1,1,13,13,14,1,0,0,0,2,14,3,0,893
orjson_3_11_7,da2aca7042772708d4c0e04d30931dd5fb3028b6,0,8450027.666666666,24912.0,97,36,0,0,0,0,0,0,0,0,0,0,0,0,0,0,0,4,1,3,17,440,231,111,28,45,38,120,20,7,7,6,7,6,209,453,1,1,13,13,14,1,0,0,0,2,14,3,0,893
orjson_3_11_8,da2aca7042772708d4c0e04d30931dd5fb3028b6,0,8560125.0,24912.0,97,36,0,0,0,0,0,0,0,0,0,0,0,0,0,0,0,4,1,3,17,440,231,111,28,45,38,120,20,7,7,6,7,6,209,453,1,1,13,13,14,1,0,0,0,2,14,3,0,893
orjson_3_11_9,da2aca7042772708d4c0e04d30931dd5fb3028b6,0,7911583.333333333,24912.0,97,36,0,0,0,0,0,0,0,0,0,0,0,0,0,0,0,4,1,3,17,440,231,111,28,45,38,120,20,7,7,6,7,6,209,453,1,1,13,13,14,1,0,0,0,2,14,3,0,893
orjson_3_12_0,da2aca7042772708d4c0e04d30931dd5fb3028b6,0,7985944.666666667,24912.0,97,36,0,0,0,0,0,0,0,0,0,0,0,0,0,0,0,4,1,3,17,440,231,111,28,45,38,120,20,7,7,6,7,6,209,453,1,1,13,13,14,1,0,0,0,2,14,3,0,893
orjson_3_11_5,c4f944b9bb2f5dd68dae43ed46531c0c3e950402,0,8462805.666666666,25093.0,88,28,0,1,0,0,0,0,1,1,0,1,0,1,0,0,0,1,0,3,21,454,234,112,41,38,33,122,13,4,5,4,4,4,220,450,1,1,13,13,14,1,0,0,0,2,14,2,1,904
orjson_3_11_6,c4f944b9bb2f5dd68dae43ed46531c0c3e950402,0,8417569.666666666,25093.0,88,28,0,1,0,0,0,0,1,1,0,1,0,1,0,0,0,1,0,3,21,454,234,112,41,38,33,122,13,4,5,4,4,4,220,450,1,1,13,13,14,1,0,0,0,2,14,2,1,904
orjson_3_11_7,c4f944b9bb2f5dd68dae43ed46531c0c3e950402,0,8425347.0,25093.0,88,28,0,1,0,0,0,0,1,1,0,1,0,1,0,0,0,1,0,3,21,454,234,112,41,38,33,122,13,4,5,4,4,4,220,450,1,1,13,13,14,1,0,0,0,2,14,2,1,904
orjson_3_11_8,c4f944b9bb2f5dd68dae43ed46531c0c3e950402,0,8471430.666666666,25093.0,88,28,0,1,0,0,0,0,1,1,0,1,0,1,0,0,0,1,0,3,21,454,234,112,41,38,33,122,13,4,5,4,4,4,220,450,1,1,13,13,14,1,0,0,0,2,14,2,1,904
orjson_3_11_9,c4f944b9bb2f5dd68dae43ed46531c0c3e950402,0,8050875.0,25093.0,88,28,0,1,0,0,0,0,1,1,0,1,0,1,0,0,0,1,0,3,21,454,234,112,41,38,33,122,13,4,5,4,4,4,220,450,1,1,13,13,14,1,0,0,0,2,14,2,1,904
orjson_3_12_0,c4f944b9bb2f5dd68dae43ed46531c0c3e950402,0,7998041.333333333,25093.0,88,28,0,1,0,0,0,0,1,1,0,1,0,1,0,0,0,1,0,3,21,454,234,112,41,38,33,122,13,4,5,4,4,4,220,450,1,1,13,13,14,1,0,0,0,2,14,2,1,904
orjson_3_11_5,edb675c14e19d55240cd6a9bf480f9b36766ba23,0,7518597.0,19890.0,303,95,0,2,1,0,1,2,1,1,2,6,3,8,6,1,4,12,11,5,57,209,96,50,17,14,19,46,2,1,1,0,1,0,113,198,2,2,48,48,50,2,0,0,0,3,50,6,8,407
orjson_3_11_6,edb675c14e19d55240cd6a9bf480f9b36766ba23,0,7485972.0,19890.0,303,95,0,2,1,0,1,2,1,1,2,6,3,8,6,1,4,12,11,5,57,209,96,50,17,14,19,46,2,1,1,0,1,0,113,198,2,2,48,48,50,2,0,0,0,3,50,6,8,407
orjson_3_11_7,edb675c14e19d55240cd6a9bf480f9b36766ba23,0,7410930.333333333,19890.0,303,95,0,2,1,0,1,2,1,1,2,6,3,8,6,1,4,12,11,5,57,209,96,50,17,14,19,46,2,1,1,0,1,0,113,198,2,2,48,48,50,2,0,0,0,3,50,6,8,407
orjson_3_11_8,edb675c14e19d55240cd6a9bf480f9b36766ba23,0,7526847.333333333,19890.0,303,95,0,2,1,0,1,2,1,1,2,6,3,8,6,1,4,12,11,5,57,209,96,50,17,14,19,46,2,1,1,0,1,0,113,198,2,2,48,48,50,2,0,0,0,3,50,6,8,407
orjson_3_11_9,edb675c14e19d55240cd6a9bf480f9b36766ba23,0,7369083.0,19890.0,303,95,0,2,1,0,1,2,1,1,2,6,3,8,6,1,4,12,11,5,57,209,96,50,17,14,19,46,2,1,1,0,1,0,113,198,2,2,48,48,50,2,0,0,0,3,50,6,8,407
orjson_3_12_0,edb675c14e19d55240cd6a9bf480f9b36766ba23,0,7328416.333333333,19890.0,303,95,0,2,1,0,1,2,1,1,2,6,3,8,6,1,4,12,11,5,57,209,96,50,17,14,19,46,2,1,1,0,1,0,113,198,2,2,48,48,50,2,0,0,0,3,50,6,8,407
orjson_3_11_5,bd4233d3f4dd62a2d21a539fbd88fd49fbe7c409,0,10154444.333333334,25129.0,154,47,0,1,0,0,0,0,1,1,0,0,0,1,0,0,0,5,5,6,28,414,218,106,34,37,35,112,17,6,4,7,6,7,196,406,1,1,24,24,25,1,0,0,0,2,25,5,1,820
orjson_3_11_6,bd4233d3f4dd62a2d21a539fbd88fd49fbe7c409,0,10166236.0,25129.0,154,47,0,1,0,0,0,0,1,1,0,0,0,1,0,0,0,5,5,6,28,414,218,106,34,37,35,112,17,6,4,7,6,7,196,406,1,1,24,24,25,1,0,0,0,2,25,5,1,820
orjson_3_11_7,bd4233d3f4dd62a2d21a539fbd88fd49fbe7c409,0,10164319.333333334,25129.0,154,47,0,1,0,0,0,0,1,1,0,0,0,1,0,0,0,5,5,6,28,414,218,106,34,37,35,112,17,6,4,7,6,7,196,406,1,1,24,24,25,1,0,0,0,2,25,5,1,820
orjson_3_11_8,bd4233d3f4dd62a2d21a539fbd88fd49fbe7c409,0,10119180.666666666,25129.0,154,47,0,1,0,0,0,0,1,1,0,0,0,1,0,0,0,5,5,6,28,414,218,106,34,37,35,112,17,6,4,7,6,7,196,406,1,1,24,24,25,1,0,0,0,2,25,5,1,820
orjson_3_11_9,bd4233d3f4dd62a2d21a539fbd88fd49fbe7c409,0,9806389.0,25129.0,154,47,0,1,0,0,0,0,1,1,0,0,0,1,0,0,0,5,5,6,28,414,218,106,34,37,35,112,17,6,4,7,6,7,196,406,1,1,24,24,25,1,0,0,0,2,25,5,1,820
orjson_3_12_0,bd4233d3f4dd62a2d21a539fbd88fd49fbe7c409,0,9804736.0,25129.0,154,47,0,1,0,0,0,0,1,1,0,0,0,1,0,0,0,5,5,6,28,414,218,106,34,37,35,112,17,6,4,7,6,7,196,406,1,1,24,24,25,1,0,0,0,2,25,5,1,820
orjson_3_11_5,1bb8a2e052beaca318219385eb27df7d6fe57f81,0,10279013.666666666,24384.0,175,71,0,3,1,0,0,1,2,2,2,1,5,3,0,0,0,6,5,5,26,400,215,113,33,36,44,102,11,3,4,4,3,4,185,434,5,5,16,23,30,5,2,7,2,7,21,2,3,834
orjson_3_11_6,1bb8a2e052beaca318219385eb27df7d6fe57f81,0,10272624.666666666,24384.0,175,71,0,3,1,0,0,1,2,2,2,1,5,3,0,0,0,6,5,5,26,400,215,113,33,36,44,102,11,3,4,4,3,4,185,434,5,5,16,23,30,5,2,7,2,7,21,2,3,834
orjson_3_11_7,1bb8a2e052beaca318219385eb27df7d6fe57f81,0,10262778.0,24384.0,175,71,0,3,1,0,0,1,2,2,2,1,5,3,0,0,0,6,5,5,26,400,215,113,33,36,44,102,11,3,4,4,3,4,185,434,5,5,16,23,30,5,2,7,2,7,21,2,3,834
orjson_3_11_8,1bb8a2e052beaca318219385eb27df7d6fe57f81,0,10286694.666666666,24384.0,175,71,0,3,1,0,0,1,2,2,2,1,5,3,0,0,0,6,5,5,26,400,215,113,33,36,44,102,11,3,4,4,3,4,185,434,5,5,16,23,30,5,2,7,2,7,21,2,3,834
orjson_3_11_9,1bb8a2e052beaca318219385eb27df7d6fe57f81,0,9871763.666666666,24384.0,175,71,0,3,1,0,0,1,2,2,2,1,5,3,0,0,0,6,5,5,26,400,215,113,33,36,44,102,11,3,4,4,3,4,185,434,5,5,16,23,30,5,2,7,2,7,21,2,3,834
orjson_3_12_0,1bb8a2e052beaca318219385eb27df7d6fe57f81,0,9824139.0,24384.0,175,71,0,3,1,0,0,1,2,2,2,1,5,3,0,0,0,6,5,5,26,400,215,113,33,36,44,102,11,3,4,4,3,4,185,434,5,5,16,23,30,5,2,7,2,7,21,2,3,834
orjson_3_11_5,f674f0c7af79433ada5f063cf4ac8b8fcf07c970,0,8865847.0,24596.0,85,26,0,0,0,13,1,0,0,0,0,0,0,1,1,1,0,4,3,1,12,470,238,129,41,49,39,109,7,4,2,1,4,1,232,450,5,5,5,11,18,5,2,6,2,7,10,3,1,920
orjson_3_11_6,f674f0c7af79433ada5f063cf4ac8b8fcf07c970,0,8934889.0,24596.0,85,26,0,0,0,13,1,0,0,0,0,0,0,1,1,1,0,4,3,1,12,470,238,129,41,49,39,109,7,4,2,1,4,1,232,450,5,5,5,11,18,5,2,6,2,7,10,3,1,920
orjson_3_11_7,f674f0c7af79433ada5f063cf4ac8b8fcf07c970,0,8908500.0,24596.0,85,26,0,0,0,13,1,0,0,0,0,0,0,1,1,1,0,4,3,1,12,470,238,129,41,49,39,109,7,4,2,1,4,1,232,450,5,5,5,11,18,5,2,6,2,7,10,3,1,920
orjson_3_11_8,f674f0c7af79433ada5f063cf4ac8b8fcf07c970,0,8940639.0,24596.0,85,26,0,0,0,13,1,0,0,0,0,0,0,1,1,1,0,4,3,1,12,470,238,129,41,49,39,109,7,4,2,1,4,1,232,450,5,5,5,11,18,5,2,6,2,7,10,3,1,920
orjson_3_11_9,f674f0c7af79433ada5f063cf4ac8b8fcf07c970,0,8595760.5,24596.0,85,26,0,0,0,13,1,0,0,0,0,0,0,1,1,1,0,4,3,1,12,470,238,129,41,49,39,109,7,4,2,1,4,1,232,450,5,5,5,11,18,5,2,6,2,7,10,3,1,920
orjson_3_12_0,f674f0c7af79433ada5f063cf4ac8b8fcf07c970,0,8484125.0,24596.0,85,26,0,0,0,13,1,0,0,0,0,0,0,1,1,1,0,4,3,1,12,470,238,129,41,49,39,109,7,4,2,1,4,1,232,450,5,5,5,11,18,5,2,6,2,7,10,3,1,920
orjson_3_11_5,f9af09c6e18787dea22d2434b44b2d4c03245d4f,0,9684430.333333334,25218.0,142,45,0,1,0,8,1,0,1,1,0,0,0,2,1,1,0,3,6,6,26,437,212,95,37,25,33,117,12,4,5,3,4,3,225,401,1,1,22,22,23,1,0,0,0,2,23,3,2,838
orjson_3_11_6,f9af09c6e18787dea22d2434b44b2d4c03245d4f,0,9905472.0,25218.0,142,45,0,1,0,8,1,0,1,1,0,0,0,2,1,1,0,3,6,6,26,437,212,95,37,25,33,117,12,4,5,3,4,3,225,401,1,1,22,22,23,1,0,0,0,2,23,3,2,838
orjson_3_11_7,f9af09c6e18787dea22d2434b44b2d4c03245d4f,0,9713889.0,25218.0,142,45,0,1,0,8,1,0,1,1,0,0,0,2,1,1,0,3,6,6,26,437,212,95,37,25,33,117,12,4,5,3,4,3,225,401,1,1,22,22,23,1,0,0,0,2,23,3,2,838
orjson_3_11_8,f9af09c6e18787dea22d2434b44b2d4c03245d4f,0,9715861.0,25218.0,142,45,0,1,0,8,1,0,1,1,0,0,0,2,1,1,0,3,6,6,26,437,212,95,37,25,33,117,12,4,5,3,4,3,225,401,1,1,22,22,23,1,0,0,0,2,23,3,2,838
orjson_3_11_9,f9af09c6e18787dea22d2434b44b2d4c03245d4f,0,9354597.0,25218.0,142,45,0,1,0,8,1,0,1,1,0,0,0,2,1,1,0,3,6,6,26,437,212,95,37,25,33,117,12,4,5,3,4,3,225,401,1,1,22,22,23,1,0,0,0,2,23,3,2,838
orjson_3_12_0,f9af09c6e18787dea22d2434b44b2d4c03245d4f,0,9413569.666666666,25218.0,142,45,0,1,0,8,1,0,1,1,0,0,0,2,1,1,0,3,6,6,26,437,212,95,37,25,33,117,12,4,5,3,4,3,225,401,1,1,22,22,23,1,0,0,0,2,23,3,2,838
orjson_3_11_5,6d5326bf34d5ee905d03de5e041bb5e9391f71a6,0,9534527.666666666,25598.0,281,73,0,0,0,0,1,0,0,0,0,2,0,2,2,1,1,8,9,11,63,331,173,84,28,22,34,89,10,2,1,7,2,7,158,338,2,2,48,48,50,2,0,0,0,3,50,6,2,669
orjson_3_11_6,6d5326bf34d5ee905d03de5e041bb5e9391f71a6,0,9516333.333333334,25598.0,281,73,0,0,0,0,1,0,0,0,0,2,0,2,2,1,1,8,9,11,63,331,173,84,28,22,34,89,10,2,1,7,2,7,158,338,2,2,48,48,50,2,0,0,0,3,50,6,2,669
orjson_3_11_7,6d5326bf34d5ee905d03de5e041bb5e9391f71a6,0,9402166.666666666,25598.0,281,73,0,0,0,0,1,0,0,0,0,2,0,2,2,1,1,8,9,11,63,331,173,84,28,22,34,89,10,2,1,7,2,7,158,338,2,2,48,48,50,2,0,0,0,3,50,6,2,669
orjson_3_11_8,6d5326bf34d5ee905d03de5e041bb5e9391f71a6,0,9426125.0,25598.0,281,73,0,0,0,0,1,0,0,0,0,2,0,2,2,1,1,8,9,11,63,331,173,84,28,22,34,89,10,2,1,7,2,7,158,338,2,2,48,48,50,2,0,0,0,3,50,6,2,669
orjson_3_11_9,6d5326bf34d5ee905d03de5e041bb5e9391f71a6,0,9124166.75,25598.0,281,73,0,0,0,0,1,0,0,0,0,2,0,2,2,1,1,8,9,11,63,331,173,84,28,22,34,89,10,2,1,7,2,7,158,338,2,2,48,48,50,2,0,0,0,3,50,6,2,669
orjson_3_12_0,6d5326bf34d5ee905d03de5e041bb5e9391f71a6,0,9064471.666666666,25598.0,281,73,0,0,0,0,1,0,0,0,0,2,0,2,2,1,1,8,9,11,63,331,173,84,28,22,34,89,10,2,1,7,2,7,158,338,2,2,48,48,50,2,0,0,0,3,50,6,2,669
orjson_3_11_5,ee8e68bdc80928140d2862fdb4500fc5b146f730,0,9742569.333333334,24688.0,73,30,0,0,0,0,0,0,0,0,0,0,0,0,0,0,0,2,1,2,11,478,242,126,42,51,33,116,19,7,3,9,7,9,236,457,3,3,6,7,11,3,1,1,1,4,9,2,0,935
orjson_3_11_6,ee8e68bdc80928140d2862fdb4500fc5b146f730,0,9776597.0,24688.0,73,30,0,0,0,0,0,0,0,0,0,0,0,0,0,0,0,2,1,2,11,478,242,126,42,51,33,116,19,7,3,9,7,9,236,457,3,3,6,7,11,3,1,1,1,4,9,2,0,935
orjson_3_11_7,ee8e68bdc80928140d2862fdb4500fc5b146f730,0,9760027.666666666,24688.0,73,30,0,0,0,0,0,0,0,0,0,0,0,0,0,0,0,2,1,2,11,478,242,126,42,51,33,116,19,7,3,9,7,9,236,457,3,3,6,7,11,3,1,1,1,4,9,2,0,935
orjson_3_11_8,ee8e68bdc80928140d2862fdb4500fc5b146f730,0,9814153.0,24688.0,73,30,0,0,0,0,0,0,0,0,0,0,0,0,0,0,0,2,1,2,11,478,242,126,42,51,33,116,19,7,3,9,7,9,236,457,3,3,6,7,11,3,1,1,1,4,9,2,0,935
orjson_3_11_9,ee8e68bdc80928140d2862fdb4500fc5b146f730,0,9255819.333333334,24688.0,73,30,0,0,0,0,0,0,0,0,0,0,0,0,0,0,0,2,1,2,11,478,242,126,42,51,33,116,19,7,3,9,7,9,236,457,3,3,6,7,11,3,1,1,1,4,9,2,0,935
orjson_3_12_0,ee8e68bdc80928140d2862fdb4500fc5b146f730,0,9282541.666666666,24688.0,73,30,0,0,0,0,0,0,0,0,0,0,0,0,0,0,0,2,1,2,11,478,242,126,42,51,33,116,19,7,3,9,7,9,236,457,3,3,6,7,11,3,1,1,1,4,9,2,0,935
orjson_3_11_5,c73ac6fa01ac1497076eb5957e2584fffd6ceeb9,0,10109264.0,25832.0,271,82,0,0,0,6,2,0,0,0,0,2,0,3,3,2,1,7,9,9,50,329,165,91,23,37,31,74,5,3,1,1,3,1,164,375,2,2,42,42,45,2,1,0,1,3,44,10,3,704
orjson_3_11_6,c73ac6fa01ac1497076eb5957e2584fffd6ceeb9,0,10061930.666666666,25832.0,271,82,0,0,0,6,2,0,0,0,0,2,0,3,3,2,1,7,9,9,50,329,165,91,23,37,31,74,5,3,1,1,3,1,164,375,2,2,42,42,45,2,1,0,1,3,44,10,3,704
orjson_3_11_7,c73ac6fa01ac1497076eb5957e2584fffd6ceeb9,0,10166166.333333334,25832.0,271,82,0,0,0,6,2,0,0,0,0,2,0,3,3,2,1,7,9,9,50,329,165,91,23,37,31,74,5,3,1,1,3,1,164,375,2,2,42,42,45,2,1,0,1,3,44,10,3,704
orjson_3_11_8,c73ac6fa01ac1497076eb5957e2584fffd6ceeb9,0,10283847.0,25832.0,271,82,0,0,0,6,2,0,0,0,0,2,0,3,3,2,1,7,9,9,50,329,165,91,23,37,31,74,5,3,1,1,3,1,164,375,2,2,42,42,45,2,1,0,1,3,44,10,3,704
orjson_3_11_9,c73ac6fa01ac1497076eb5957e2584fffd6ceeb9,0,9801680.666666666,25832.0,271,82,0,0,0,6,2,0,0,0,0,2,0,3,3,2,1,7,9,9,50,329,165,91,23,37,31,74,5,3,1,1,3,1,164,375,2,2,42,42,45,2,1,0,1,3,44,10,3,704
orjson_3_12_0,c73ac6fa01ac1497076eb5957e2584fffd6ceeb9,0,9840056.0,25832.0,271,82,0,0,0,6,2,0,0,0,0,2,0,3,3,2,1,7,9,9,50,329,165,91,23,37,31,74,5,3,1,1,3,1,164,375,2,2,42,42,45,2,1,0,1,3,44,10,3,704
orjson_3_11_5,f9ae85d726a8e838614e2db2398f75e70d07bc7e,0,9920319.333333334,25595.0,263,78,0,0,0,5,1,1,0,0,0,0,0,2,2,1,0,14,6,6,54,347,164,81,23,25,33,83,10,0,6,4,0,4,183,359,2,2,42,42,45,2,1,0,1,4,44,6,2,706
orjson_3_11_6,f9ae85d726a8e838614e2db2398f75e70d07bc7e,0,9852014.0,25595.0,263,78,0,0,0,5,1,1,0,0,0,0,0,2,2,1,0,14,6,6,54,347,164,81,23,25,33,83,10,0,6,4,0,4,183,359,2,2,42,42,45,2,1,0,1,4,44,6,2,706
orjson_3_11_7,f9ae85d726a8e838614e2db2398f75e70d07bc7e,0,9851250.0,25595.0,263,78,0,0,0,5,1,1,0,0,0,0,0,2,2,1,0,14,6,6,54,347,164,81,23,25,33,83,10,0,6,4,0,4,183,359,2,2,42,42,45,2,1,0,1,4,44,6,2,706
orjson_3_11_8,f9ae85d726a8e838614e2db2398f75e70d07bc7e,0,9847111.333333334,25595.0,263,78,0,0,0,5,1,1,0,0,0,0,0,2,2,1,0,14,6,6,54,347,164,81,23,25,33,83,10,0,6,4,0,4,183,359,2,2,42,42,45,2,1,0,1,4,44,6,2,706
orjson_3_11_9,f9ae85d726a8e838614e2db2398f75e70d07bc7e,0,9516364.75,25595.0,263,78,0,0,0,5,1,1,0,0,0,0,0,2,2,1,0,14,6,6,54,347,164,81,23,25,33,83,10,0,6,4,0,4,183,359,2,2,42,42,45,2,1,0,1,4,44,6,2,706
orjson_3_12_0,f9ae85d726a8e838614e2db2398f75e70d07bc7e,0,9498292.0,25595.0,263,78,0,0,0,5,1,1,0,0,0,0,0,2,2,1,0,14,6,6,54,347,164,81,23,25,33,83,10,0,6,4,0,4,183,359,2,2,42,42,45,2,1,0,1,4,44,6,2,706
orjson_3_11_5,f92f0a40a41827f144cdb4900964a851694c9f76,0,8741250.0,24622.0,165,70,0,1,0,0,0,0,1,1,1,3,1,2,1,0,1,6,4,2,25,412,221,120,35,42,43,101,11,5,2,4,5,4,191,405,1,1,21,21,22,1,0,0,0,2,22,5,2,817
orjson_3_11_6,f92f0a40a41827f144cdb4900964a851694c9f76,0,8730527.666666666,24622.0,165,70,0,1,0,0,0,0,1,1,1,3,1,2,1,0,1,6,4,2,25,412,221,120,35,42,43,101,11,5,2,4,5,4,191,405,1,1,21,21,22,1,0,0,0,2,22,5,2,817
orjson_3_11_7,f92f0a40a41827f144cdb4900964a851694c9f76,0,8747917.0,24622.0,165,70,0,1,0,0,0,0,1,1,1,3,1,2,1,0,1,6,4,2,25,412,221,120,35,42,43,101,11,5,2,4,5,4,191,405,1,1,21,21,22,1,0,0,0,2,22,5,2,817
orjson_3_11_8,f92f0a40a41827f144cdb4900964a851694c9f76,0,8780014.0,24622.0,165,70,0,1,0,0,0,0,1,1,1,3,1,2,1,0,1,6,4,2,25,412,221,120,35,42,43,101,11,5,2,4,5,4,191,405,1,1,21,21,22,1,0,0,0,2,22,5,2,817
orjson_3_11_9,f92f0a40a41827f144cdb4900964a851694c9f76,0,8269444.333333333,24622.0,165,70,0,1,0,0,0,0,1,1,1,3,1,2,1,0,1,6,4,2,25,412,221,120,35,42,43,101,11,5,2,4,5,4,191,405,1,1,21,21,22,1,0,0,0,2,22,5,2,817
orjson_3_12_0,f92f0a40a41827f144cdb4900964a851694c9f76,0,8318875.0,24622.0,165,70,0,1,0,0,0,0,1,1,1,3,1,2,1,0,1,6,4,2,25,412,221,120,35,42,43,101,11,5,2,4,5,4,191,405,1,1,21,21,22,1,0,0,0,2,22,5,2,817
orjson_3_11_5,cb15ce0feeee33ed1e99c4d45f6cd3ee36a8efb5,0,9860125.0,25595.0,263,78,0,0,0,5,1,1,0,0,0,0,0,2,2,1,0,14,6,6,54,346,164,82,24,25,33,82,10,0,6,4,0,4,182,360,2,2,42,42,45,2,1,0,1,4,44,6,2,706
orjson_3_11_6,cb15ce0feeee33ed1e99c4d45f6cd3ee36a8efb5,0,9830902.666666666,25595.0,263,78,0,0,0,5,1,1,0,0,0,0,0,2,2,1,0,14,6,6,54,346,164,82,24,25,33,82,10,0,6,4,0,4,182,360,2,2,42,42,45,2,1,0,1,4,44,6,2,706
orjson_3_11_7,cb15ce0feeee33ed1e99c4d45f6cd3ee36a8efb5,0,9843763.666666666,25595.0,263,78,0,0,0,5,1,1,0,0,0,0,0,2,2,1,0,14,6,6,54,346,164,82,24,25,33,82,10,0,6,4,0,4,182,360,2,2,42,42,45,2,1,0,1,4,44,6,2,706
orjson_3_11_8,cb15ce0feeee33ed1e99c4d45f6cd3ee36a8efb5,0,9820916.333333334,25595.0,263,78,0,0,0,5,1,1,0,0,0,0,0,2,2,1,0,14,6,6,54,346,164,82,24,25,33,82,10,0,6,4,0,4,182,360,2,2,42,42,45,2,1,0,1,4,44,6,2,706
orjson_3_11_9,cb15ce0feeee33ed1e99c4d45f6cd3ee36a8efb5,0,9563513.666666666,25595.0,263,78,0,0,0,5,1,1,0,0,0,0,0,2,2,1,0,14,6,6,54,346,164,82,24,25,33,82,10,0,6,4,0,4,182,360,2,2,42,42,45,2,1,0,1,4,44,6,2,706
orjson_3_12_0,cb15ce0feeee33ed1e99c4d45f6cd3ee36a8efb5,0,9437847.0,25595.0,263,78,0,0,0,5,1,1,0,0,0,0,0,2,2,1,0,14,6,6,54,346,164,82,24,25,33,82,10,0,6,4,0,4,182,360,2,2,42,42,45,2,1,0,1,4,44,6,2,706
orjson_3_11_5,5a88d7396714ab9a4575b85faeca3087765274aa,0,7958153.0,20516.0,155,59,0,0,0,6,2,0,0,0,0,2,0,2,2,2,0,2,5,6,25,305,156,87,21,37,29,69,5,3,1,1,3,1,149,353,1,1,21,21,23,1,1,0,1,2,22,5,2,658
orjson_3_11_6,5a88d7396714ab9a4575b85faeca3087765274aa,0,7922833.333333333,20516.0,155,59,0,0,0,6,2,0,0,0,0,2,0,2,2,2,0,2,5,6,25,305,156,87,21,37,29,69,5,3,1,1,3,1,149,353,1,1,21,21,23,1,1,0,1,2,22,5,2,658
orjson_3_11_7,5a88d7396714ab9a4575b85faeca3087765274aa,0,7936166.666666667,20516.0,155,59,0,0,0,6,2,0,0,0,0,2,0,2,2,2,0,2,5,6,25,305,156,87,21,37,29,69,5,3,1,1,3,1,149,353,1,1,21,21,23,1,1,0,1,2,22,5,2,658
orjson_3_11_8,5a88d7396714ab9a4575b85faeca3087765274aa,0,7984111.333333333,20516.0,155,59,0,0,0,6,2,0,0,0,0,2,0,2,2,2,0,2,5,6,25,305,156,87,21,37,29,69,5,3,1,1,3,1,149,353,1,1,21,21,23,1,1,0,1,2,22,5,2,658
orjson_3_11_9,5a88d7396714ab9a4575b85faeca3087765274aa,0,7622125.0,20516.0,155,59,0,0,0,6,2,0,0,0,0,2,0,2,2,2,0,2,5,6,25,305,156,87,21,37,29,69,5,3,1,1,3,1,149,353,1,1,21,21,23,1,1,0,1,2,22,5,2,658
orjson_3_12_0,5a88d7396714ab9a4575b85faeca3087765274aa,0,7576979.0,20516.0,155,59,0,0,0,6,2,0,0,0,0,2,0,2,2,2,0,2,5,6,25,305,156,87,21,37,29,69,5,3,1,1,3,1,149,353,1,1,21,21,23,1,1,0,1,2,22,5,2,658
orjson_3_11_5,34ac84e5ccff4318023db23c7598a677cf6d5dd7,0,9860749.666666666,25595.0,263,78,0,0,0,5,1,1,0,0,0,0,0,2,2,1,0,14,6,6,54,347,164,81,24,24,33,83,9,0,5,4,0,4,183,359,2,2,42,42,45,2,1,0,1,4,44,6,2,706
orjson_3_11_6,34ac84e5ccff4318023db23c7598a677cf6d5dd7,0,9826930.666666666,25595.0,263,78,0,0,0,5,1,1,0,0,0,0,0,2,2,1,0,14,6,6,54,347,164,81,24,24,33,83,9,0,5,4,0,4,183,359,2,2,42,42,45,2,1,0,1,4,44,6,2,706
orjson_3_11_7,34ac84e5ccff4318023db23c7598a677cf6d5dd7,0,9791805.666666666,25595.0,263,78,0,0,0,5,1,1,0,0,0,0,0,2,2,1,0,14,6,6,54,347,164,81,24,24,33,83,9,0,5,4,0,4,183,359,2,2,42,42,45,2,1,0,1,4,44,6,2,706
orjson_3_11_8,34ac84e5ccff4318023db23c7598a677cf6d5dd7,0,9737739.25,25595.0,263,78,0,0,0,5,1,1,0,0,0,0,0,2,2,1,0,14,6,6,54,347,164,81,24,24,33,83,9,0,5,4,0,4,183,359,2,2,42,42,45,2,1,0,1,4,44,6,2,706
orjson_3_11_9,34ac84e5ccff4318023db23c7598a677cf6d5dd7,0,9623541.666666666,25595.0,263,78,0,0,0,5,1,1,0,0,0,0,0,2,2,1,0,14,6,6,54,347,164,81,24,24,33,83,9,0,5,4,0,4,183,359,2,2,42,42,45,2,1,0,1,4,44,6,2,706
orjson_3_12_0,34ac84e5ccff4318023db23c7598a677cf6d5dd7,0,9357819.666666666,25595.0,263,78,0,0,0,5,1,1,0,0,0,0,0,2,2,1,0,14,6,6,54,347,164,81,24,24,33,83,9,0,5,4,0,4,183,359,2,2,42,42,45,2,1,0,1,4,44,6,2,706
orjson_3_11_5,ed0df10c601fc8900a72975a9de152d16c15cf75,0,8742027.666666666,24622.0,167,72,0,1,0,0,0,0,1,1,1,3,1,2,1,0,1,6,4,2,25,412,221,120,35,42,43,101,11,5,2,4,5,4,191,405,1,1,21,21,22,1,0,0,0,2,22,5,2,817
orjson_3_11_6,ed0df10c601fc8900a72975a9de152d16c15cf75,0,8712624.666666666,24622.0,167,72,0,1,0,0,0,0,1,1,1,3,1,2,1,0,1,6,4,2,25,412,221,120,35,42,43,101,11,5,2,4,5,4,191,405,1,1,21,21,22,1,0,0,0,2,22,5,2,817
orjson_3_11_7,ed0df10c601fc8900a72975a9de152d16c15cf75,0,8787930.666666666,24622.0,167,72,0,1,0,0,0,0,1,1,1,3,1,2,1,0,1,6,4,2,25,412,221,120,35,42,43,101,11,5,2,4,5,4,191,405,1,1,21,21,22,1,0,0,0,2,22,5,2,817
orjson_3_11_8,ed0df10c601fc8900a72975a9de152d16c15cf75,0,8709472.0,24622.0,167,72,0,1,0,0,0,0,1,1,1,3,1,2,1,0,1,6,4,2,25,412,221,120,35,42,43,101,11,5,2,4,5,4,191,405,1,1,21,21,22,1,0,0,0,2,22,5,2,817
orjson_3_11_9,ed0df10c601fc8900a72975a9de152d16c15cf75,0,8347333.333333333,24622.0,167,72,0,1,0,0,0,0,1,1,1,3,1,2,1,0,1,6,4,2,25,412,221,120,35,42,43,101,11,5,2,4,5,4,191,405,1,1,21,21,22,1,0,0,0,2,22,5,2,817
orjson_3_12_0,ed0df10c601fc8900a72975a9de152d16c15cf75,0,8389236.0,24622.0,167,72,0,1,0,0,0,0,1,1,1,3,1,2,1,0,1,6,4,2,25,412,221,120,35,42,43,101,11,5,2,4,5,4,191,405,1,1,21,21,22,1,0,0,0,2,22,5,2,817
orjson_3_11_5,93a53b38401f1ec4658b4e02a0cbdc6a002cfd8b,0,9859083.333333334,25595.0,265,80,0,0,0,5,1,1,0,0,0,0,0,2,2,1,0,14,6,6,54,346,163,82,24,25,33,81,9,0,5,4,0,4,183,360,2,2,42,42,45,2,1,0,1,4,44,6,2,706
orjson_3_11_6,93a53b38401f1ec4658b4e02a0cbdc6a002cfd8b,0,9749666.666666666,25595.0,265,80,0,0,0,5,1,1,0,0,0,0,0,2,2,1,0,14,6,6,54,346,163,82,24,25,33,81,9,0,5,4,0,4,183,360,2,2,42,42,45,2,1,0,1,4,44,6,2,706
orjson_3_11_7,93a53b38401f1ec4658b4e02a0cbdc6a002cfd8b,0,9744652.333333334,25595.0,265,80,0,0,0,5,1,1,0,0,0,0,0,2,2,1,0,14,6,6,54,346,163,82,24,25,33,81,9,0,5,4,0,4,183,360,2,2,42,42,45,2,1,0,1,4,44,6,2,706
orjson_3_11_8,93a53b38401f1ec4658b4e02a0cbdc6a002cfd8b,0,9807916.666666666,25595.0,265,80,0,0,0,5,1,1,0,0,0,0,0,2,2,1,0,14,6,6,54,346,163,82,24,25,33,81,9,0,5,4,0,4,183,360,2,2,42,42,45,2,1,0,1,4,44,6,2,706
orjson_3_11_9,93a53b38401f1ec4658b4e02a0cbdc6a002cfd8b,0,9595777.333333334,25595.0,265,80,0,0,0,5,1,1,0,0,0,0,0,2,2,1,0,14,6,6,54,346,163,82,24,25,33,81,9,0,5,4,0,4,183,360,2,2,42,42,45,2,1,0,1,4,44,6,2,706
orjson_3_12_0,93a53b38401f1ec4658b4e02a0cbdc6a002cfd8b,0,9410000.0,25595.0,265,80,0,0,0,5,1,1,0,0,0,0,0,2,2,1,0,14,6,6,54,346,163,82,24,25,33,81,9,0,5,4,0,4,183,360,2,2,42,42,45,2,1,0,1,4,44,6,2,706
orjson_3_11_5,fd7df82cb387aa4b7d8a342ddc4045023b1af330,0,10129930.333333334,25800.0,271,82,0,1,0,4,1,0,1,1,1,3,1,3,2,1,1,7,9,9,50,329,165,91,23,36,32,74,5,3,1,1,3,1,164,375,2,2,42,42,45,2,1,0,1,3,44,10,3,704
orjson_3_11_6,fd7df82cb387aa4b7d8a342ddc4045023b1af330,0,10115375.333333334,25800.0,271,82,0,1,0,4,1,0,1,1,1,3,1,3,2,1,1,7,9,9,50,329,165,91,23,36,32,74,5,3,1,1,3,1,164,375,2,2,42,42,45,2,1,0,1,3,44,10,3,704
orjson_3_11_7,fd7df82cb387aa4b7d8a342ddc4045023b1af330,0,10212777.333333334,25800.0,271,82,0,1,0,4,1,0,1,1,1,3,1,3,2,1,1,7,9,9,50,329,165,91,23,36,32,74,5,3,1,1,3,1,164,375,2,2,42,42,45,2,1,0,1,3,44,10,3,704
orjson_3_11_8,fd7df82cb387aa4b7d8a342ddc4045023b1af330,0,10270597.666666666,25800.0,271,82,0,1,0,4,1,0,1,1,1,3,1,3,2,1,1,7,9,9,50,329,165,91,23,36,32,74,5,3,1,1,3,1,164,375,2,2,42,42,45,2,1,0,1,3,44,10,3,704
orjson_3_11_9,fd7df82cb387aa4b7d8a342ddc4045023b1af330,0,9915097.333333334,25800.0,271,82,0,1,0,4,1,0,1,1,1,3,1,3,2,1,1,7,9,9,50,329,165,91,23,36,32,74,5,3,1,1,3,1,164,375,2,2,42,42,45,2,1,0,1,3,44,10,3,704
orjson_3_12_0,fd7df82cb387aa4b7d8a342ddc4045023b1af330,0,9819236.333333334,25800.0,271,82,0,1,0,4,1,0,1,1,1,3,1,3,2,1,1,7,9,9,50,329,165,91,23,36,32,74,5,3,1,1,3,1,164,375,2,2,42,42,45,2,1,0,1,3,44,10,3,704
orjson_3_11_5,e036ded700819dae74a3af736c2b6ef8542e58e9,0,9339402.666666666,21141.0,263,78,0,0,0,5,1,1,0,0,0,0,0,2,2,1,0,14,7,6,53,304,140,68,21,19,28,72,9,0,5,4,0,4,164,327,2,2,42,42,45,2,1,0,1,4,44,6,2,631
orjson_3_11_6,e036ded700819dae74a3af736c2b6ef8542e58e9,0,9319014.0,21141.0,263,78,0,0,0,5,1,1,0,0,0,0,0,2,2,1,0,14,7,6,53,304,140,68,21,19,28,72,9,0,5,4,0,4,164,327,2,2,42,42,45,2,1,0,1,4,44,6,2,631
orjson_3_11_7,e036ded700819dae74a3af736c2b6ef8542e58e9,0,9282277.666666666,21141.0,263,78,0,0,0,5,1,1,0,0,0,0,0,2,2,1,0,14,7,6,53,304,140,68,21,19,28,72,9,0,5,4,0,4,164,327,2,2,42,42,45,2,1,0,1,4,44,6,2,631
orjson_3_11_8,e036ded700819dae74a3af736c2b6ef8542e58e9,0,9244111.0,21141.0,263,78,0,0,0,5,1,1,0,0,0,0,0,2,2,1,0,14,7,6,53,304,140,68,21,19,28,72,9,0,5,4,0,4,164,327,2,2,42,42,45,2,1,0,1,4,44,6,2,631
orjson_3_11_9,e036ded700819dae74a3af736c2b6ef8542e58e9,0,9139861.666666666,21141.0,263,78,0,0,0,5,1,1,0,0,0,0,0,2,2,1,0,14,7,6,53,304,140,68,21,19,28,72,9,0,5,4,0,4,164,327,2,2,42,42,45,2,1,0,1,4,44,6,2,631
orjson_3_12_0,e036ded700819dae74a3af736c2b6ef8542e58e9,0,8914458.0,21141.0,263,78,0,0,0,5,1,1,0,0,0,0,0,2,2,1,0,14,7,6,53,304,140,68,21,19,28,72,9,0,5,4,0,4,164,327,2,2,42,42,45,2,1,0,1,4,44,6,2,631
orjson_3_11_5,5f3735521ae6d068f77609a4722d760a91b6656b,0,10181194.666666666,25832.0,272,83,0,0,0,6,2,0,0,0,0,2,0,3,3,2,1,7,9,9,50,329,165,91,23,37,31,74,5,3,1,1,3,1,164,375,2,2,42,42,45,2,1,0,1,3,44,10,3,704
orjson_3_11_6,5f3735521ae6d068f77609a4722d760a91b6656b,0,10127930.666666666,25832.0,272,83,0,0,0,6,2,0,0,0,0,2,0,3,3,2,1,7,9,9,50,329,165,91,23,37,31,74,5,3,1,1,3,1,164,375,2,2,42,42,45,2,1,0,1,3,44,10,3,704
orjson_3_11_7,5f3735521ae6d068f77609a4722d760a91b6656b,0,10193625.0,25832.0,272,83,0,0,0,6,2,0,0,0,0,2,0,3,3,2,1,7,9,9,50,329,165,91,23,37,31,74,5,3,1,1,3,1,164,375,2,2,42,42,45,2,1,0,1,3,44,10,3,704
orjson_3_11_8,5f3735521ae6d068f77609a4722d760a91b6656b,0,10104986.333333334,25832.0,272,83,0,0,0,6,2,0,0,0,0,2,0,3,3,2,1,7,9,9,50,329,165,91,23,37,31,74,5,3,1,1,3,1,164,375,2,2,42,42,45,2,1,0,1,3,44,10,3,704
orjson_3_11_9,5f3735521ae6d068f77609a4722d760a91b6656b,0,9757181.0,25832.0,272,83,0,0,0,6,2,0,0,0,0,2,0,3,3,2,1,7,9,9,50,329,165,91,23,37,31,74,5,3,1,1,3,1,164,375,2,2,42,42,45,2,1,0,1,3,44,10,3,704
orjson_3_12_0,5f3735521ae6d068f77609a4722d760a91b6656b,0,9866430.666666666,25832.0,272,83,0,0,0,6,2,0,0,0,0,2,0,3,3,2,1,7,9,9,50,329,165,91,23,37,31,74,5,3,1,1,3,1,164,375,2,2,42,42,45,2,1,0,1,3,44,10,3,704
orjson_3_11_5,506490ebbfaf3b11599f515ca715070a0a14da3e,0,9779486.0,25595.0,263,78,0,0,0,5,1,1,0,0,0,0,0,2,2,1,0,14,6,6,54,345,162,79,23,24,32,83,9,0,5,4,0,4,183,361,2,2,42,42,45,2,1,0,1,4,44,6,2,706
orjson_3_11_6,506490ebbfaf3b11599f515ca715070a0a14da3e,0,9814930.666666666,25595.0,263,78,0,0,0,5,1,1,0,0,0,0,0,2,2,1,0,14,6,6,54,345,162,79,23,24,32,83,9,0,5,4,0,4,183,361,2,2,42,42,45,2,1,0,1,4,44,6,2,706
orjson_3_11_7,506490ebbfaf3b11599f515ca715070a0a14da3e,0,9855958.0,25595.0,263,78,0,0,0,5,1,1,0,0,0,0,0,2,2,1,0,14,6,6,54,345,162,79,23,24,32,83,9,0,5,4,0,4,183,361,2,2,42,42,45,2,1,0,1,4,44,6,2,706
orjson_3_11_8,506490ebbfaf3b11599f515ca715070a0a14da3e,0,9763139.0,25595.0,263,78,0,0,0,5,1,1,0,0,0,0,0,2,2,1,0,14,6,6,54,345,162,79,23,24,32,83,9,0,5,4,0,4,183,361,2,2,42,42,45,2,1,0,1,4,44,6,2,706
orjson_3_11_9,506490ebbfaf3b11599f515ca715070a0a14da3e,0,9523986.333333334,25595.0,263,78,0,0,0,5,1,1,0,0,0,0,0,2,2,1,0,14,6,6,54,345,162,79,23,24,32,83,9,0,5,4,0,4,183,361,2,2,42,42,45,2,1,0,1,4,44,6,2,706
orjson_3_12_0,506490ebbfaf3b11599f515ca715070a0a14da3e,0,9390264.0,25595.0,263,78,0,0,0,5,1,1,0,0,0,0,0,2,2,1,0,14,6,6,54,345,162,79,23,24,32,83,9,0,5,4,0,4,183,361,2,2,42,42,45,2,1,0,1,4,44,6,2,706
orjson_3_11_5,8b25bb348c645bcc5d34d0a46e41af6467c337b5,0,9880472.0,25594.0,263,78,0,0,0,5,1,1,0,0,0,0,0,2,2,1,0,14,6,6,54,344,162,79,23,24,32,83,9,0,5,4,0,4,182,361,2,2,42,42,45,2,1,0,1,4,44,6,2,705
orjson_3_11_6,8b25bb348c645bcc5d34d0a46e41af6467c337b5,0,9854208.666666666,25594.0,263,78,0,0,0,5,1,1,0,0,0,0,0,2,2,1,0,14,6,6,54,344,162,79,23,24,32,83,9,0,5,4,0,4,182,361,2,2,42,42,45,2,1,0,1,4,44,6,2,705
orjson_3_11_7,8b25bb348c645bcc5d34d0a46e41af6467c337b5,0,9668875.333333334,25594.0,263,78,0,0,0,5,1,1,0,0,0,0,0,2,2,1,0,14,6,6,54,344,162,79,23,24,32,83,9,0,5,4,0,4,182,361,2,2,42,42,45,2,1,0,1,4,44,6,2,705
orjson_3_11_8,8b25bb348c645bcc5d34d0a46e41af6467c337b5,0,9818041.666666666,25594.0,263,78,0,0,0,5,1,1,0,0,0,0,0,2,2,1,0,14,6,6,54,344,162,79,23,24,32,83,9,0,5,4,0,4,182,361,2,2,42,42,45,2,1,0,1,4,44,6,2,705
orjson_3_11_9,8b25bb348c645bcc5d34d0a46e41af6467c337b5,0,9608611.0,25594.0,263,78,0,0,0,5,1,1,0,0,0,0,0,2,2,1,0,14,6,6,54,344,162,79,23,24,32,83,9,0,5,4,0,4,182,361,2,2,42,42,45,2,1,0,1,4,44,6,2,705
orjson_3_12_0,8b25bb348c645bcc5d34d0a46e41af6467c337b5,0,9426930.666666666,25594.0,263,78,0,0,0,5,1,1,0,0,0,0,0,2,2,1,0,14,6,6,54,344,162,79,23,24,32,83,9,0,5,4,0,4,182,361,2,2,42,42,45,2,1,0,1,4,44,6,2,705
orjson_3_11_5,91428a2b1149c00233d696e5aef70fd190a010f1,0,8563180.666666666,24622.0,163,68,0,1,0,4,1,0,1,1,1,3,1,2,1,1,0,5,5,2,25,394,211,113,32,39,42,98,11,6,2,3,6,3,183,390,1,1,21,21,22,1,0,0,0,2,22,5,2,784
orjson_3_11_6,91428a2b1149c00233d696e5aef70fd190a010f1,0,8433406.25,24622.0,163,68,0,1,0,4,1,0,1,1,1,3,1,2,1,1,0,5,5,2,25,394,211,113,32,39,42,98,11,6,2,3,6,3,183,390,1,1,21,21,22,1,0,0,0,2,22,5,2,784
orjson_3_11_7,91428a2b1149c00233d696e5aef70fd190a010f1,0,8534138.666666666,24622.0,163,68,0,1,0,4,1,0,1,1,1,3,1,2,1,1,0,5,5,2,25,394,211,113,32,39,42,98,11,6,2,3,6,3,183,390,1,1,21,21,22,1,0,0,0,2,22,5,2,784
orjson_3_11_8,91428a2b1149c00233d696e5aef70fd190a010f1,0,8631972.333333334,24622.0,163,68,0,1,0,4,1,0,1,1,1,3,1,2,1,1,0,5,5,2,25,394,211,113,32,39,42,98,11,6,2,3,6,3,183,390,1,1,21,21,22,1,0,0,0,2,22,5,2,784
orjson_3_11_9,91428a2b1149c00233d696e5aef70fd190a010f1,0,8157153.0,24622.0,163,68,0,1,0,4,1,0,1,1,1,3,1,2,1,1,0,5,5,2,25,394,211,113,32,39,42,98,11,6,2,3,6,3,183,390,1,1,21,21,22,1,0,0,0,2,22,5,2,784
orjson_3_12_0,91428a2b1149c00233d696e5aef70fd190a010f1,0,8215194.666666667,24622.0,163,68,0,1,0,4,1,0,1,1,1,3,1,2,1,1,0,5,5,2,25,394,211,113,32,39,42,98,11,6,2,3,6,3,183,390,1,1,21,21,22,1,0,0,0,2,22,5,2,784
orjson_3_11_5,3665eef0805879b3dc5dc1682e350c1173e768c4,0,8747194.333333334,24622.0,168,73,0,1,0,0,0,0,1,1,1,3,1,2,1,0,1,6,4,2,25,412,221,120,35,42,43,101,11,5,2,4,5,4,191,405,1,1,21,21,22,1,0,0,0,2,22,5,2,817
orjson_3_11_6,3665eef0805879b3dc5dc1682e350c1173e768c4,0,8740083.666666666,24622.0,168,73,0,1,0,0,0,0,1,1,1,3,1,2,1,0,1,6,4,2,25,412,221,120,35,42,43,101,11,5,2,4,5,4,191,405,1,1,21,21,22,1,0,0,0,2,22,5,2,817
orjson_3_11_7,3665eef0805879b3dc5dc1682e350c1173e768c4,0,8778278.0,24622.0,168,73,0,1,0,0,0,0,1,1,1,3,1,2,1,0,1,6,4,2,25,412,221,120,35,42,43,101,11,5,2,4,5,4,191,405,1,1,21,21,22,1,0,0,0,2,22,5,2,817
orjson_3_11_8,3665eef0805879b3dc5dc1682e350c1173e768c4,0,8768569.333333334,24622.0,168,73,0,1,0,0,0,0,1,1,1,3,1,2,1,0,1,6,4,2,25,412,221,120,35,42,43,101,11,5,2,4,5,4,191,405,1,1,21,21,22,1,0,0,0,2,22,5,2,817
orjson_3_11_9,3665eef0805879b3dc5dc1682e350c1173e768c4,0,8425861.0,24622.0,168,73,0,1,0,0,0,0,1,1,1,3,1,2,1,0,1,6,4,2,25,412,221,120,35,42,43,101,11,5,2,4,5,4,191,405,1,1,21,21,22,1,0,0,0,2,22,5,2,817
orjson_3_12_0,3665eef0805879b3dc5dc1682e350c1173e768c4,0,8323486.0,24622.0,168,73,0,1,0,0,0,0,1,1,1,3,1,2,1,0,1,6,4,2,25,412,221,120,35,42,43,101,11,5,2,4,5,4,191,405,1,1,21,21,22,1,0,0,0,2,22,5,2,817
orjson_3_11_5,73245c89036bc6b2b029dbd9a208e83249098a1c,0,2709013.6666666665,9074.0,109,45,0,1,0,0,0,0,1,1,1,2,1,2,1,0,1,3,3,5,9,69,35,10,2,2,6,25,6,1,3,2,1,2,34,71,3,1,6,18,22,1,3,12,3,5,7,5,2,140
orjson_3_11_6,73245c89036bc6b2b029dbd9a208e83249098a1c,0,2757375.3333333335,9074.0,109,45,0,1,0,0,0,0,1,1,1,2,1,2,1,0,1,3,3,5,9,69,35,10,2,2,6,25,6,1,3,2,1,2,34,71,3,1,6,18,22,1,3,12,3,5,7,5,2,140
orjson_3_11_7,73245c89036bc6b2b029dbd9a208e83249098a1c,0,2768027.8333333335,9074.0,109,45,0,1,0,0,0,0,1,1,1,2,1,2,1,0,1,3,3,5,9,69,35,10,2,2,6,25,6,1,3,2,1,2,34,71,3,1,6,18,22,1,3,12,3,5,7,5,2,140
orjson_3_11_8,73245c89036bc6b2b029dbd9a208e83249098a1c,0,2728402.6666666665,9074.0,109,45,0,1,0,0,0,0,1,1,1,2,1,2,1,0,1,3,3,5,9,69,35,10,2,2,6,25,6,1,3,2,1,2,34,71,3,1,6,18,22,1,3,12,3,5,7,5,2,140
orjson_3_11_9,73245c89036bc6b2b029dbd9a208e83249098a1c,0,2677472.3333333335,9074.0,109,45,0,1,0,0,0,0,1,1,1,2,1,2,1,0,1,3,3,5,9,69,35,10,2,2,6,25,6,1,3,2,1,2,34,71,3,1,6,18,22,1,3,12,3,5,7,5,2,140
orjson_3_12_0,73245c89036bc6b2b029dbd9a208e83249098a1c,0,2664916.75,9074.0,109,45,0,1,0,0,0,0,1,1,1,2,1,2,1,0,1,3,3,5,9,69,35,10,2,2,6,25,6,1,3,2,1,2,34,71,3,1,6,18,22,1,3,12,3,5,7,5,2,140
orjson_3_11_5,e98284f95c03eb46c5cc7b9875d0b31db67a9153,0,619055.3333333334,4213.0,25,15,0,1,1,0,0,1,0,0,1,1,1,1,0,0,0,0,0,0,3,28,12,5,2,1,2,7,1,0,0,1,0,1,16,26,1,1,1,1,2,1,0,0,0,1,2,0,1,54
orjson_3_11_6,e98284f95c03eb46c5cc7b9875d0b31db67a9153,0,615527.3333333334,4213.0,25,15,0,1,1,0,0,1,0,0,1,1,1,1,0,0,0,0,0,0,3,28,12,5,2,1,2,7,1,0,0,1,0,1,16,26,1,1,1,1,2,1,0,0,0,1,2,0,1,54
orjson_3_11_7,e98284f95c03eb46c5cc7b9875d0b31db67a9153,0,614013.6666666666,4213.0,25,15,0,1,1,0,0,1,0,0,1,1,1,1,0,0,0,0,0,0,3,28,12,5,2,1,2,7,1,0,0,1,0,1,16,26,1,1,1,1,2,1,0,0,0,1,2,0,1,54
orjson_3_11_8,e98284f95c03eb46c5cc7b9875d0b31db67a9153,0,624083.3333333334,4213.0,25,15,0,1,1,0,0,1,0,0,1,1,1,1,0,0,0,0,0,0,3,28,12,5,2,1,2,7,1,0,0,1,0,1,16,26,1,1,1,1,2,1,0,0,0,1,2,0,1,54
orjson_3_11_9,e98284f95c03eb46c5cc7b9875d0b31db67a9153,0,609639.0,4213.0,25,15,0,1,1,0,0,1,0,0,1,1,1,1,0,0,0,0,0,0,3,28,12,5,2,1,2,7,1,0,0,1,0,1,16,26,1,1,1,1,2,1,0,0,0,1,2,0,1,54
orjson_3_12_0,e98284f95c03eb46c5cc7b9875d0b31db67a9153,0,626875.0,4213.0,25,15,0,1,1,0,0,1,0,0,1,1,1,1,0,0,0,0,0,0,3,28,12,5,2,1,2,7,1,0,0,1,0,1,16,26,1,1,1,1,2,1,0,0,0,1,2,0,1,54
orjson_3_11_5,bce41b197424a29d4b649b67a23f8d315832c2f4,0,616916.3333333334,4168.0,25,15,0,2,2,14,1,1,0,0,2,2,2,2,0,0,0,0,0,0,2,27,12,5,2,1,2,7,1,0,0,1,0,1,15,23,1,1,1,1,2,1,0,0,0,1,2,0,2,50
orjson_3_11_6,bce41b197424a29d4b649b67a23f8d315832c2f4,0,593430.3333333334,4168.0,25,15,0,2,2,14,1,1,0,0,2,2,2,2,0,0,0,0,0,0,2,27,12,5,2,1,2,7,1,0,0,1,0,1,15,23,1,1,1,1,2,1,0,0,0,1,2,0,2,50
orjson_3_11_7,bce41b197424a29d4b649b67a23f8d315832c2f4,0,594292.0,4168.0,25,15,0,2,2,14,1,1,0,0,2,2,2,2,0,0,0,0,0,0,2,27,12,5,2,1,2,7,1,0,0,1,0,1,15,23,1,1,1,1,2,1,0,0,0,1,2,0,2,50
orjson_3_11_8,bce41b197424a29d4b649b67a23f8d315832c2f4,0,597680.3333333334,4168.0,25,15,0,2,2,14,1,1,0,0,2,2,2,2,0,0,0,0,0,0,2,27,12,5,2,1,2,7,1,0,0,1,0,1,15,23,1,1,1,1,2,1,0,0,0,1,2,0,2,50
orjson_3_11_9,bce41b197424a29d4b649b67a23f8d315832c2f4,0,609197.75,4168.0,25,15,0,2,2,14,1,1,0,0,2,2,2,2,0,0,0,0,0,0,2,27,12,5,2,1,2,7,1,0,0,1,0,1,15,23,1,1,1,1,2,1,0,0,0,1,2,0,2,50
orjson_3_12_0,bce41b197424a29d4b649b67a23f8d315832c2f4,0,609486.3333333334,4168.0,25,15,0,2,2,14,1,1,0,0,2,2,2,2,0,0,0,0,0,0,2,27,12,5,2,1,2,7,1,0,0,1,0,1,15,23,1,1,1,1,2,1,0,0,0,1,2,0,2,50
orjson_3_11_5,e60be121d22876ae56687f09f73ab1cc864f0a13,0,722583.3333333334,4648.0,8,6,1,0,0,0,0,0,0,0,0,0,0,0,0,0,0,0,0,0,1,55,25,9,6,3,0,16,2,0,1,1,0,1,30,50,0,0,0,0,0,0,0,0,0,0,0,0,0,105
orjson_3_11_6,e60be121d22876ae56687f09f73ab1cc864f0a13,0,723764.0,4648.0,8,6,1,0,0,0,0,0,0,0,0,0,0,0,0,0,0,0,0,0,1,55,25,9,6,3,0,16,2,0,1,1,0,1,30,50,0,0,0,0,0,0,0,0,0,0,0,0,0,105
orjson_3_11_7,e60be121d22876ae56687f09f73ab1cc864f0a13,0,728708.3333333334,4648.0,8,6,1,0,0,0,0,0,0,0,0,0,0,0,0,0,0,0,0,0,1,55,25,9,6,3,0,16,2,0,1,1,0,1,30,50,0,0,0,0,0,0,0,0,0,0,0,0,0,105
orjson_3_11_8,e60be121d22876ae56687f09f73ab1cc864f0a13,0,716180.3333333334,4648.0,8,6,1,0,0,0,0,0,0,0,0,0,0,0,0,0,0,0,0,0,1,55,25,9,6,3,0,16,2,0,1,1,0,1,30,50,0,0,0,0,0,0,0,0,0,0,0,0,0,105
orjson_3_11_9,e60be121d22876ae56687f09f73ab1cc864f0a13,0,665458.0,4648.0,8,6,1,0,0,0,0,0,0,0,0,0,0,0,0,0,0,0,0,0,1,55,25,9,6,3,0,16,2,0,1,1,0,1,30,50,0,0,0,0,0,0,0,0,0,0,0,0,0,105
orjson_3_12_0,e60be121d22876ae56687f09f73ab1cc864f0a13,0,671875.0,4648.0,8,6,1,0,0,0,0,0,0,0,0,0,0,0,0,0,0,0,0,0,1,55,25,9,6,3,0,16,2,0,1,1,0,1,30,50,0,0,0,0,0,0,0,0,0,0,0,0,0,105
orjson_3_11_5,745ef1c4b4e91c9d714576bec52bece979b8e00b,0,728031.25,4648.0,2,0,1,0,0,0,0,0,0,0,0,0,0,0,0,0,0,0,0,0,1,55,25,9,6,3,0,16,2,0,1,1,0,1,30,50,0,0,0,0,0,0,0,0,0,0,0,0,0,105
orjson_3_11_6,745ef1c4b4e91c9d714576bec52bece979b8e00b,0,717597.6666666666,4648.0,2,0,1,0,0,0,0,0,0,0,0,0,0,0,0,0,0,0,0,0,1,55,25,9,6,3,0,16,2,0,1,1,0,1,30,50,0,0,0,0,0,0,0,0,0,0,0,0,0,105
orjson_3_11_7,745ef1c4b4e91c9d714576bec52bece979b8e00b,0,706875.0,4648.0,2,0,1,0,0,0,0,0,0,0,0,0,0,0,0,0,0,0,0,0,1,55,25,9,6,3,0,16,2,0,1,1,0,1,30,50,0,0,0,0,0,0,0,0,0,0,0,0,0,105
orjson_3_11_8,745ef1c4b4e91c9d714576bec52bece979b8e00b,0,717416.6666666666,4648.0,2,0,1,0,0,0,0,0,0,0,0,0,0,0,0,0,0,0,0,0,1,55,25,9,6,3,0,16,2,0,1,1,0,1,30,50,0,0,0,0,0,0,0,0,0,0,0,0,0,105
orjson_3_11_9,745ef1c4b4e91c9d714576bec52bece979b8e00b,0,664805.6666666666,4648.0,2,0,1,0,0,0,0,0,0,0,0,0,0,0,0,0,0,0,0,0,1,55,25,9,6,3,0,16,2,0,1,1,0,1,30,50,0,0,0,0,0,0,0,0,0,0,0,0,0,105
orjson_3_12_0,745ef1c4b4e91c9d714576bec52bece979b8e00b,0,683642.7142857143,4648.0,2,0,1,0,0,0,0,0,0,0,0,0,0,0,0,0,0,0,0,0,1,55,25,9,6,3,0,16,2,0,1,1,0,1,30,50,0,0,0,0,0,0,0,0,0,0,0,0,0,105
orjson_3_11_5,c3ac70e965e28dbc2072a4d2f997bac2a9478bf9,0,603763.6666666666,4168.0,25,15,0,2,2,14,1,1,0,0,2,2,2,2,0,0,0,0,0,0,2,27,12,5,2,1,2,7,1,0,0,1,0,1,15,23,1,1,1,1,2,1,0,0,0,1,2,0,2,50
orjson_3_11_6,c3ac70e965e28dbc2072a4d2f997bac2a9478bf9,0,593944.3333333334,4168.0,25,15,0,2,2,14,1,1,0,0,2,2,2,2,0,0,0,0,0,0,2,27,12,5,2,1,2,7,1,0,0,1,0,1,15,23,1,1,1,1,2,1,0,0,0,1,2,0,2,50
orjson_3_11_7,c3ac70e965e28dbc2072a4d2f997bac2a9478bf9,0,598489.25,4168.0,25,15,0,2,2,14,1,1,0,0,2,2,2,2,0,0,0,0,0,0,2,27,12,5,2,1,2,7,1,0,0,1,0,1,15,23,1,1,1,1,2,1,0,0,0,1,2,0,2,50
orjson_3_11_8,c3ac70e965e28dbc2072a4d2f997bac2a9478bf9,0,604250.3333333334,4168.0,25,15,0,2,2,14,1,1,0,0,2,2,2,2,0,0,0,0,0,0,2,27,12,5,2,1,2,7,1,0,0,1,0,1,15,23,1,1,1,1,2,1,0,0,0,1,2,0,2,50
orjson_3_11_9,c3ac70e965e28dbc2072a4d2f997bac2a9478bf9,0,598569.3333333334,4168.0,25,15,0,2,2,14,1,1,0,0,2,2,2,2,0,0,0,0,0,0,2,27,12,5,2,1,2,7,1,0,0,1,0,1,15,23,1,1,1,1,2,1,0,0,0,1,2,0,2,50
orjson_3_12_0,c3ac70e965e28dbc2072a4d2f997bac2a9478bf9,0,610347.0,4168.0,25,15,0,2,2,14,1,1,0,0,2,2,2,2,0,0,0,0,0,0,2,27,12,5,2,1,2,7,1,0,0,1,0,1,15,23,1,1,1,1,2,1,0,0,0,1,2,0,2,50
orjson_3_11_5,27637d360a9bfa262ae55b8f259a7de4a9e592c7,0,605736.0,4168.0,29,19,0,2,2,14,1,1,0,0,2,2,2,2,0,0,0,0,0,0,2,27,12,5,2,1,2,7,1,0,0,1,0,1,15,23,1,1,1,1,2,1,0,0,0,1,2,0,2,50
orjson_3_11_6,27637d360a9bfa262ae55b8f259a7de4a9e592c7,0,600791.6666666666,4168.0,29,19,0,2,2,14,1,1,0,0,2,2,2,2,0,0,0,0,0,0,2,27,12,5,2,1,2,7,1,0,0,1,0,1,15,23,1,1,1,1,2,1,0,0,0,1,2,0,2,50
orjson_3_11_7,27637d360a9bfa262ae55b8f259a7de4a9e592c7,0,594666.6666666666,4168.0,29,19,0,2,2,14,1,1,0,0,2,2,2,2,0,0,0,0,0,0,2,27,12,5,2,1,2,7,1,0,0,1,0,1,15,23,1,1,1,1,2,1,0,0,0,1,2,0,2,50
orjson_3_11_8,27637d360a9bfa262ae55b8f259a7de4a9e592c7,0,598239.25,4168.0,29,19,0,2,2,14,1,1,0,0,2,2,2,2,0,0,0,0,0,0,2,27,12,5,2,1,2,7,1,0,0,1,0,1,15,23,1,1,1,1,2,1,0,0,0,1,2,0,2,50
orjson_3_11_9,27637d360a9bfa262ae55b8f259a7de4a9e592c7,0,604861.3333333334,4168.0,29,19,0,2,2,14,1,1,0,0,2,2,2,2,0,0,0,0,0,0,2,27,12,5,2,1,2,7,1,0,0,1,0,1,15,23,1,1,1,1,2,1,0,0,0,1,2,0,2,50
orjson_3_12_0,27637d360a9bfa262ae55b8f259a7de4a9e592c7,0,614930.6666666666,4168.0,29,19,0,2,2,14,1,1,0,0,2,2,2,2,0,0,0,0,0,0,2,27,12,5,2,1,2,7,1,0,0,1,0,1,15,23,1,1,1,1,2,1,0,0,0,1,2,0,2,50
orjson_3_11_5,ee6a1f5d04cbeb0d26ad05216d901d2365cf2214,0,9958347.333333334,24512.0,125,48,0,1,0,0,0,1,1,1,1,2,1,3,2,0,1,3,6,3,17,418,207,95,32,31,32,112,14,7,3,4,7,4,211,463,4,4,13,15,20,4,1,2,1,6,17,2,3,881
orjson_3_11_6,ee6a1f5d04cbeb0d26ad05216d901d2365cf2214,0,9921667.0,24512.0,125,48,0,1,0,0,0,1,1,1,1,2,1,3,2,0,1,3,6,3,17,418,207,95,32,31,32,112,14,7,3,4,7,4,211,463,4,4,13,15,20,4,1,2,1,6,17,2,3,881
orjson_3_11_7,ee6a1f5d04cbeb0d26ad05216d901d2365cf2214,0,10051277.666666666,24512.0,125,48,0,1,0,0,0,1,1,1,1,2,1,3,2,0,1,3,6,3,17,418,207,95,32,31,32,112,14,7,3,4,7,4,211,463,4,4,13,15,20,4,1,2,1,6,17,2,3,881
orjson_3_11_8,ee6a1f5d04cbeb0d26ad05216d901d2365cf2214,0,10021791.666666666,24512.0,125,48,0,1,0,0,0,1,1,1,1,2,1,3,2,0,1,3,6,3,17,418,207,95,32,31,32,112,14,7,3,4,7,4,211,463,4,4,13,15,20,4,1,2,1,6,17,2,3,881
orjson_3_11_9,ee6a1f5d04cbeb0d26ad05216d901d2365cf2214,0,9611569.333333334,24512.0,125,48,0,1,0,0,0,1,1,1,1,2,1,3,2,0,1,3,6,3,17,418,207,95,32,31,32,112,14,7,3,4,7,4,211,463,4,4,13,15,20,4,1,2,1,6,17,2,3,881
orjson_3_12_0,ee6a1f5d04cbeb0d26ad05216d901d2365cf2214,0,9550805.666666666,24512.0,125,48,0,1,0,0,0,1,1,1,1,2,1,3,2,0,1,3,6,3,17,418,207,95,32,31,32,112,14,7,3,4,7,4,211,463,4,4,13,15,20,4,1,2,1,6,17,2,3,881
orjson_3_11_5,8adfe163056637d23b17d28b354ffc6d841451ec,0,10396625.0,25268.0,275,63,0,0,0,1,1,0,0,0,0,0,0,1,1,1,0,12,9,10,57,338,169,85,31,24,30,84,12,4,4,4,4,4,169,340,2,2,48,48,50,2,0,0,0,3,50,10,1,678
orjson_3_11_6,8adfe163056637d23b17d28b354ffc6d841451ec,0,10407444.666666666,25268.0,275,63,0,0,0,1,1,0,0,0,0,0,0,1,1,1,0,12,9,10,57,338,169,85,31,24,30,84,12,4,4,4,4,4,169,340,2,2,48,48,50,2,0,0,0,3,50,10,1,678
orjson_3_11_7,8adfe163056637d23b17d28b354ffc6d841451ec,0,10258653.0,25268.0,275,63,0,0,0,1,1,0,0,0,0,0,0,1,1,1,0,12,9,10,57,338,169,85,31,24,30,84,12,4,4,4,4,4,169,340,2,2,48,48,50,2,0,0,0,3,50,10,1,678
orjson_3_11_8,8adfe163056637d23b17d28b354ffc6d841451ec,0,10385791.333333334,25268.0,275,63,0,0,0,1,1,0,0,0,0,0,0,1,1,1,0,12,9,10,57,338,169,85,31,24,30,84,12,4,4,4,4,4,169,340,2,2,48,48,50,2,0,0,0,3,50,10,1,678
orjson_3_11_9,8adfe163056637d23b17d28b354ffc6d841451ec,0,10323069.333333334,25268.0,275,63,0,0,0,1,1,0,0,0,0,0,0,1,1,1,0,12,9,10,57,338,169,85,31,24,30,84,12,4,4,4,4,4,169,340,2,2,48,48,50,2,0,0,0,3,50,10,1,678
orjson_3_12_0,8adfe163056637d23b17d28b354ffc6d841451ec,0,10111694.666666666,25268.0,275,63,0,0,0,1,1,0,0,0,0,0,0,1,1,1,0,12,9,10,57,338,169,85,31,24,30,84,12,4,4,4,4,4,169,340,2,2,48,48,50,2,0,0,0,3,50,10,1,678
orjson_3_11_5,ec8186dd03252ccd593277c32aa4ebc52191ecf8,0,10394569.333333334,25616.0,264,66,0,2,1,22,2,1,1,1,1,3,1,5,3,1,1,11,7,4,52,351,161,85,28,29,28,76,7,1,4,2,1,2,190,339,2,2,44,44,46,2,0,0,0,3,46,12,5,690
orjson_3_11_6,ec8186dd03252ccd593277c32aa4ebc52191ecf8,0,10287167.0,25616.0,264,66,0,2,1,22,2,1,1,1,1,3,1,5,3,1,1,11,7,4,52,351,161,85,28,29,28,76,7,1,4,2,1,2,190,339,2,2,44,44,46,2,0,0,0,3,46,12,5,690
orjson_3_11_7,ec8186dd03252ccd593277c32aa4ebc52191ecf8,0,10319111.0,25616.0,264,66,0,2,1,22,2,1,1,1,1,3,1,5,3,1,1,11,7,4,52,351,161,85,28,29,28,76,7,1,4,2,1,2,190,339,2,2,44,44,46,2,0,0,0,3,46,12,5,690
orjson_3_11_8,ec8186dd03252ccd593277c32aa4ebc52191ecf8,0,10324347.333333334,25616.0,264,66,0,2,1,22,2,1,1,1,1,3,1,5,3,1,1,11,7,4,52,351,161,85,28,29,28,76,7,1,4,2,1,2,190,339,2,2,44,44,46,2,0,0,0,3,46,12,5,690
orjson_3_11_9,ec8186dd03252ccd593277c32aa4ebc52191ecf8,0,10038944.333333334,25616.0,264,66,0,2,1,22,2,1,1,1,1,3,1,5,3,1,1,11,7,4,52,351,161,85,28,29,28,76,7,1,4,2,1,2,190,339,2,2,44,44,46,2,0,0,0,3,46,12,5,690
orjson_3_12_0,ec8186dd03252ccd593277c32aa4ebc52191ecf8,0,9966735.666666666,25616.0,264,66,0,2,1,22,2,1,1,1,1,3,1,5,3,1,1,11,7,4,52,351,161,85,28,29,28,76,7,1,4,2,1,2,190,339,2,2,44,44,46,2,0,0,0,3,46,12,5,690
orjson_3_11_5,70b7ca53d1e77d13e7e311d5b70503780b907ae5,0,9368683.0,25280.0,137,44,0,1,0,0,0,0,1,1,1,0,1,1,0,0,0,8,1,3,28,414,206,101,43,28,30,105,9,2,3,4,2,4,208,446,1,1,21,21,22,1,0,0,0,2,22,3,1,860
orjson_3_11_6,70b7ca53d1e77d13e7e311d5b70503780b907ae5,0,9315569.666666666,25280.0,137,44,0,1,0,0,0,0,1,1,1,0,1,1,0,0,0,8,1,3,28,414,206,101,43,28,30,105,9,2,3,4,2,4,208,446,1,1,21,21,22,1,0,0,0,2,22,3,1,860
orjson_3_11_7,70b7ca53d1e77d13e7e311d5b70503780b907ae5,0,9292527.666666666,25280.0,137,44,0,1,0,0,0,0,1,1,1,0,1,1,0,0,0,8,1,3,28,414,206,101,43,28,30,105,9,2,3,4,2,4,208,446,1,1,21,21,22,1,0,0,0,2,22,3,1,860
orjson_3_11_8,70b7ca53d1e77d13e7e311d5b70503780b907ae5,0,9399833.333333334,25280.0,137,44,0,1,0,0,0,0,1,1,1,0,1,1,0,0,0,8,1,3,28,414,206,101,43,28,30,105,9,2,3,4,2,4,208,446,1,1,21,21,22,1,0,0,0,2,22,3,1,860
orjson_3_11_9,70b7ca53d1e77d13e7e311d5b70503780b907ae5,0,9016611.333333334,25280.0,137,44,0,1,0,0,0,0,1,1,1,0,1,1,0,0,0,8,1,3,28,414,206,101,43,28,30,105,9,2,3,4,2,4,208,446,1,1,21,21,22,1,0,0,0,2,22,3,1,860
orjson_3_12_0,70b7ca53d1e77d13e7e311d5b70503780b907ae5,0,8965097.333333334,25280.0,137,44,0,1,0,0,0,0,1,1,1,0,1,1,0,0,0,8,1,3,28,414,206,101,43,28,30,105,9,2,3,4,2,4,208,446,1,1,21,21,22,1,0,0,0,2,22,3,1,860
orjson_3_11_5,1d3f7321b9f0a7cbadd225bebaa0349749e060e2,0,9224986.333333334,25280.0,137,44,0,1,0,0,0,0,1,1,1,0,1,1,0,0,0,8,1,3,28,414,206,101,43,28,30,105,9,2,3,4,2,4,208,446,1,1,21,21,22,1,0,0,0,2,22,3,1,860
orjson_3_11_6,1d3f7321b9f0a7cbadd225bebaa0349749e060e2,0,9255680.666666666,25280.0,137,44,0,1,0,0,0,0,1,1,1,0,1,1,0,0,0,8,1,3,28,414,206,101,43,28,30,105,9,2,3,4,2,4,208,446,1,1,21,21,22,1,0,0,0,2,22,3,1,860
orjson_3_11_7,1d3f7321b9f0a7cbadd225bebaa0349749e060e2,0,9342069.333333334,25280.0,137,44,0,1,0,0,0,0,1,1,1,0,1,1,0,0,0,8,1,3,28,414,206,101,43,28,30,105,9,2,3,4,2,4,208,446,1,1,21,21,22,1,0,0,0,2,22,3,1,860
orjson_3_11_8,1d3f7321b9f0a7cbadd225bebaa0349749e060e2,0,9334208.333333334,25280.0,137,44,0,1,0,0,0,0,1,1,1,0,1,1,0,0,0,8,1,3,28,414,206,101,43,28,30,105,9,2,3,4,2,4,208,446,1,1,21,21,22,1,0,0,0,2,22,3,1,860
orjson_3_11_9,1d3f7321b9f0a7cbadd225bebaa0349749e060e2,0,9068069.333333334,25280.0,137,44,0,1,0,0,0,0,1,1,1,0,1,1,0,0,0,8,1,3,28,414,206,101,43,28,30,105,9,2,3,4,2,4,208,446,1,1,21,21,22,1,0,0,0,2,22,3,1,860
orjson_3_12_0,1d3f7321b9f0a7cbadd225bebaa0349749e060e2,0,8987152.666666666,25280.0,137,44,0,1,0,0,0,0,1,1,1,0,1,1,0,0,0,8,1,3,28,414,206,101,43,28,30,105,9,2,3,4,2,4,208,446,1,1,21,21,22,1,0,0,0,2,22,3,1,860
orjson_3_11_5,f5b8f8f30762e307879f6d88b0808299a1c8154c,0,9288027.333333334,25312.0,137,44,0,0,0,0,0,0,0,0,0,0,0,1,1,0,1,8,1,3,28,414,206,101,43,28,30,105,9,2,3,4,2,4,208,446,1,1,21,21,22,1,0,0,0,2,22,3,1,860
orjson_3_11_6,f5b8f8f30762e307879f6d88b0808299a1c8154c,0,9246931.0,25312.0,137,44,0,0,0,0,0,0,0,0,0,0,0,1,1,0,1,8,1,3,28,414,206,101,43,28,30,105,9,2,3,4,2,4,208,446,1,1,21,21,22,1,0,0,0,2,22,3,1,860
orjson_3_11_7,f5b8f8f30762e307879f6d88b0808299a1c8154c,0,9394916.666666666,25312.0,137,44,0,0,0,0,0,0,0,0,0,0,0,1,1,0,1,8,1,3,28,414,206,101,43,28,30,105,9,2,3,4,2,4,208,446,1,1,21,21,22,1,0,0,0,2,22,3,1,860
orjson_3_11_8,f5b8f8f30762e307879f6d88b0808299a1c8154c,0,9369861.333333334,25312.0,137,44,0,0,0,0,0,0,0,0,0,0,0,1,1,0,1,8,1,3,28,414,206,101,43,28,30,105,9,2,3,4,2,4,208,446,1,1,21,21,22,1,0,0,0,2,22,3,1,860
orjson_3_11_9,f5b8f8f30762e307879f6d88b0808299a1c8154c,0,9006444.333333334,25312.0,137,44,0,0,0,0,0,0,0,0,0,0,0,1,1,0,1,8,1,3,28,414,206,101,43,28,30,105,9,2,3,4,2,4,208,446,1,1,21,21,22,1,0,0,0,2,22,3,1,860
orjson_3_12_0,f5b8f8f30762e307879f6d88b0808299a1c8154c,0,8907222.666666666,25312.0,137,44,0,0,0,0,0,0,0,0,0,0,0,1,1,0,1,8,1,3,28,414,206,101,43,28,30,105,9,2,3,4,2,4,208,446,1,1,21,21,22,1,0,0,0,2,22,3,1,860
orjson_3_11_5,8b84b35f7b7d9e7122864e61746c173c7d7efc02,0,9357569.333333334,25280.0,137,44,0,1,0,0,0,0,1,1,1,0,1,1,0,0,0,8,1,3,28,414,206,101,43,28,30,105,9,2,3,4,2,4,208,446,1,1,21,21,22,1,0,0,0,2,22,3,1,860
orjson_3_11_6,8b84b35f7b7d9e7122864e61746c173c7d7efc02,0,9237750.0,25280.0,137,44,0,1,0,0,0,0,1,1,1,0,1,1,0,0,0,8,1,3,28,414,206,101,43,28,30,105,9,2,3,4,2,4,208,446,1,1,21,21,22,1,0,0,0,2,22,3,1,860
orjson_3_11_7,8b84b35f7b7d9e7122864e61746c173c7d7efc02,0,9338042.0,25280.0,137,44,0,1,0,0,0,0,1,1,1,0,1,1,0,0,0,8,1,3,28,414,206,101,43,28,30,105,9,2,3,4,2,4,208,446,1,1,21,21,22,1,0,0,0,2,22,3,1,860
orjson_3_11_8,8b84b35f7b7d9e7122864e61746c173c7d7efc02,0,9397083.333333334,25280.0,137,44,0,1,0,0,0,0,1,1,1,0,1,1,0,0,0,8,1,3,28,414,206,101,43,28,30,105,9,2,3,4,2,4,208,446,1,1,21,21,22,1,0,0,0,2,22,3,1,860
orjson_3_11_9,8b84b35f7b7d9e7122864e61746c173c7d7efc02,0,8908778.0,25280.0,137,44,0,1,0,0,0,0,1,1,1,0,1,1,0,0,0,8,1,3,28,414,206,101,43,28,30,105,9,2,3,4,2,4,208,446,1,1,21,21,22,1,0,0,0,2,22,3,1,860
orjson_3_12_0,8b84b35f7b7d9e7122864e61746c173c7d7efc02,0,8946639.0,25280.0,137,44,0,1,0,0,0,0,1,1,1,0,1,1,0,0,0,8,1,3,28,414,206,101,43,28,30,105,9,2,3,4,2,4,208,446,1,1,21,21,22,1,0,0,0,2,22,3,1,860
orjson_3_11_5,67debf157dfd51435eebfeb0b91f41ca5b192e63,0,9333749.666666666,25280.0,137,44,0,1,0,0,0,0,1,1,1,0,1,1,0,0,0,8,1,3,28,414,206,101,43,28,30,105,9,2,3,4,2,4,208,446,1,1,21,21,22,1,0,0,0,2,22,3,1,860
orjson_3_11_6,67debf157dfd51435eebfeb0b91f41ca5b192e63,0,9357083.333333334,25280.0,137,44,0,1,0,0,0,0,1,1,1,0,1,1,0,0,0,8,1,3,28,414,206,101,43,28,30,105,9,2,3,4,2,4,208,446,1,1,21,21,22,1,0,0,0,2,22,3,1,860
orjson_3_11_7,67debf157dfd51435eebfeb0b91f41ca5b192e63,0,9396403.0,25280.0,137,44,0,1,0,0,0,0,1,1,1,0,1,1,0,0,0,8,1,3,28,414,206,101,43,28,30,105,9,2,3,4,2,4,208,446,1,1,21,21,22,1,0,0,0,2,22,3,1,860
orjson_3_11_8,67debf157dfd51435eebfeb0b91f41ca5b192e63,0,9354458.333333334,25280.0,137,44,0,1,0,0,0,0,1,1,1,0,1,1,0,0,0,8,1,3,28,414,206,101,43,28,30,105,9,2,3,4,2,4,208,446,1,1,21,21,22,1,0,0,0,2,22,3,1,860
orjson_3_11_9,67debf157dfd51435eebfeb0b91f41ca5b192e63,0,8946375.0,25280.0,137,44,0,1,0,0,0,0,1,1,1,0,1,1,0,0,0,8,1,3,28,414,206,101,43,28,30,105,9,2,3,4,2,4,208,446,1,1,21,21,22,1,0,0,0,2,22,3,1,860
orjson_3_12_0,67debf157dfd51435eebfeb0b91f41ca5b192e63,0,8967944.666666666,25280.0,137,44,0,1,0,0,0,0,1,1,1,0,1,1,0,0,0,8,1,3,28,414,206,101,43,28,30,105,9,2,3,4,2,4,208,446,1,1,21,21,22,1,0,0,0,2,22,3,1,860
orjson_3_11_5,24e84cefcf8c3e863c7afca91935d90d48ec5ebd,0,9278486.666666666,25280.0,137,44,0,1,0,0,0,0,1,1,1,0,1,1,0,0,0,8,1,3,28,414,206,101,43,28,30,105,9,2,3,4,2,4,208,446,1,1,21,21,22,1,0,0,0,2,22,3,1,860
orjson_3_11_6,24e84cefcf8c3e863c7afca91935d90d48ec5ebd,0,9336027.666666666,25280.0,137,44,0,1,0,0,0,0,1,1,1,0,1,1,0,0,0,8,1,3,28,414,206,101,43,28,30,105,9,2,3,4,2,4,208,446,1,1,21,21,22,1,0,0,0,2,22,3,1,860
orjson_3_11_7,24e84cefcf8c3e863c7afca91935d90d48ec5ebd,0,9368736.333333334,25280.0,137,44,0,1,0,0,0,0,1,1,1,0,1,1,0,0,0,8,1,3,28,414,206,101,43,28,30,105,9,2,3,4,2,4,208,446,1,1,21,21,22,1,0,0,0,2,22,3,1,860
orjson_3_11_8,24e84cefcf8c3e863c7afca91935d90d48ec5ebd,0,9417027.666666666,25280.0,137,44,0,1,0,0,0,0,1,1,1,0,1,1,0,0,0,8,1,3,28,414,206,101,43,28,30,105,9,2,3,4,2,4,208,446,1,1,21,21,22,1,0,0,0,2,22,3,1,860
orjson_3_11_9,24e84cefcf8c3e863c7afca91935d90d48ec5ebd,0,8980236.333333334,25280.0,137,44,0,1,0,0,0,0,1,1,1,0,1,1,0,0,0,8,1,3,28,414,206,101,43,28,30,105,9,2,3,4,2,4,208,446,1,1,21,21,22,1,0,0,0,2,22,3,1,860
orjson_3_12_0,24e84cefcf8c3e863c7afca91935d90d48ec5ebd,0,8921430.666666666,25280.0,137,44,0,1,0,0,0,0,1,1,1,0,1,1,0,0,0,8,1,3,28,414,206,101,43,28,30,105,9,2,3,4,2,4,208,446,1,1,21,21,22,1,0,0,0,2,22,3,1,860
orjson_3_11_5,d48383949f2a4356003cc0fcca56db6177deb936,0,9282152.333333334,25280.0,137,44,0,1,0,0,0,0,1,1,1,0,1,1,0,0,0,8,1,3,28,414,206,101,43,28,30,105,9,2,3,4,2,4,208,446,1,1,21,21,22,1,0,0,0,2,22,3,1,860
orjson_3_11_6,d48383949f2a4356003cc0fcca56db6177deb936,0,9250778.0,25280.0,137,44,0,1,0,0,0,0,1,1,1,0,1,1,0,0,0,8,1,3,28,414,206,101,43,28,30,105,9,2,3,4,2,4,208,446,1,1,21,21,22,1,0,0,0,2,22,3,1,860
orjson_3_11_7,d48383949f2a4356003cc0fcca56db6177deb936,0,9373944.333333334,25280.0,137,44,0,1,0,0,0,0,1,1,1,0,1,1,0,0,0,8,1,3,28,414,206,101,43,28,30,105,9,2,3,4,2,4,208,446,1,1,21,21,22,1,0,0,0,2,22,3,1,860
orjson_3_11_8,d48383949f2a4356003cc0fcca56db6177deb936,0,9261250.0,25280.0,137,44,0,1,0,0,0,0,1,1,1,0,1,1,0,0,0,8,1,3,28,414,206,101,43,28,30,105,9,2,3,4,2,4,208,446,1,1,21,21,22,1,0,0,0,2,22,3,1,860
orjson_3_11_9,d48383949f2a4356003cc0fcca56db6177deb936,0,8983472.0,25280.0,137,44,0,1,0,0,0,0,1,1,1,0,1,1,0,0,0,8,1,3,28,414,206,101,43,28,30,105,9,2,3,4,2,4,208,446,1,1,21,21,22,1,0,0,0,2,22,3,1,860
orjson_3_12_0,d48383949f2a4356003cc0fcca56db6177deb936,0,8941802.25,25280.0,137,44,0,1,0,0,0,0,1,1,1,0,1,1,0,0,0,8,1,3,28,414,206,101,43,28,30,105,9,2,3,4,2,4,208,446,1,1,21,21,22,1,0,0,0,2,22,3,1,860
orjson_3_11_5,b26325809457a6327743f6e87f9dfeea68565b84,0,9320319.666666666,25280.0,137,44,0,1,1,0,1,0,0,0,1,1,1,1,0,0,0,8,1,3,28,414,206,101,43,28,30,105,9,2,3,4,2,4,208,446,1,1,21,21,22,1,0,0,0,2,22,3,1,860
orjson_3_11_6,b26325809457a6327743f6e87f9dfeea68565b84,0,9180229.0,25280.0,137,44,0,1,1,0,1,0,0,0,1,1,1,1,0,0,0,8,1,3,28,414,206,101,43,28,30,105,9,2,3,4,2,4,208,446,1,1,21,21,22,1,0,0,0,2,22,3,1,860
orjson_3_11_7,b26325809457a6327743f6e87f9dfeea68565b84,0,9348236.333333334,25280.0,137,44,0,1,1,0,1,0,0,0,1,1,1,1,0,0,0,8,1,3,28,414,206,101,43,28,30,105,9,2,3,4,2,4,208,446,1,1,21,21,22,1,0,0,0,2,22,3,1,860
orjson_3_11_8,b26325809457a6327743f6e87f9dfeea68565b84,0,9286111.333333334,25280.0,137,44,0,1,1,0,1,0,0,0,1,1,1,1,0,0,0,8,1,3,28,414,206,101,43,28,30,105,9,2,3,4,2,4,208,446,1,1,21,21,22,1,0,0,0,2,22,3,1,860
orjson_3_11_9,b26325809457a6327743f6e87f9dfeea68565b84,0,8919667.0,25280.0,137,44,0,1,1,0,1,0,0,0,1,1,1,1,0,0,0,8,1,3,28,414,206,101,43,28,30,105,9,2,3,4,2,4,208,446,1,1,21,21,22,1,0,0,0,2,22,3,1,860
orjson_3_12_0,b26325809457a6327743f6e87f9dfeea68565b84,0,8966138.666666666,25280.0,137,44,0,1,1,0,1,0,0,0,1,1,1,1,0,0,0,8,1,3,28,414,206,101,43,28,30,105,9,2,3,4,2,4,208,446,1,1,21,21,22,1,0,0,0,2,22,3,1,860
orjson_3_11_5,88e45df328ec7fd3c748265c9caddec0cb103a8d,0,9349802.25,25312.0,137,44,0,0,0,0,0,0,0,0,0,0,0,1,1,0,1,8,1,3,28,414,206,101,43,28,30,105,9,2,3,4,2,4,208,446,1,1,21,21,22,1,0,0,0,2,22,3,1,860
orjson_3_11_6,88e45df328ec7fd3c748265c9caddec0cb103a8d,0,9236097.333333334,25312.0,137,44,0,0,0,0,0,0,0,0,0,0,0,1,1,0,1,8,1,3,28,414,206,101,43,28,30,105,9,2,3,4,2,4,208,446,1,1,21,21,22,1,0,0,0,2,22,3,1,860
orjson_3_11_7,88e45df328ec7fd3c748265c9caddec0cb103a8d,0,9380069.666666666,25312.0,137,44,0,0,0,0,0,0,0,0,0,0,0,1,1,0,1,8,1,3,28,414,206,101,43,28,30,105,9,2,3,4,2,4,208,446,1,1,21,21,22,1,0,0,0,2,22,3,1,860
orjson_3_11_8,88e45df328ec7fd3c748265c9caddec0cb103a8d,0,9391167.0,25312.0,137,44,0,0,0,0,0,0,0,0,0,0,0,1,1,0,1,8,1,3,28,414,206,101,43,28,30,105,9,2,3,4,2,4,208,446,1,1,21,21,22,1,0,0,0,2,22,3,1,860
orjson_3_11_9,88e45df328ec7fd3c748265c9caddec0cb103a8d,0,8984528.0,25312.0,137,44,0,0,0,0,0,0,0,0,0,0,0,1,1,0,1,8,1,3,28,414,206,101,43,28,30,105,9,2,3,4,2,4,208,446,1,1,21,21,22,1,0,0,0,2,22,3,1,860
orjson_3_12_0,88e45df328ec7fd3c748265c9caddec0cb103a8d,0,8942583.0,25312.0,137,44,0,0,0,0,0,0,0,0,0,0,0,1,1,0,1,8,1,3,28,414,206,101,43,28,30,105,9,2,3,4,2,4,208,446,1,1,21,21,22,1,0,0,0,2,22,3,1,860
orjson_3_11_5,3fa627d75b911f95be03c2a6626f1fe78cd30e53,0,9324694.333333334,25280.0,137,44,0,1,0,0,0,0,1,1,1,0,1,1,0,0,0,8,1,3,28,414,206,101,43,28,30,105,10,2,3,5,2,5,208,446,1,1,21,21,22,1,0,0,0,2,22,3,1,860
orjson_3_11_6,3fa627d75b911f95be03c2a6626f1fe78cd30e53,0,9368861.333333334,25280.0,137,44,0,1,0,0,0,0,1,1,1,0,1,1,0,0,0,8,1,3,28,414,206,101,43,28,30,105,10,2,3,5,2,5,208,446,1,1,21,21,22,1,0,0,0,2,22,3,1,860
orjson_3_11_7,3fa627d75b911f95be03c2a6626f1fe78cd30e53,0,9349916.333333334,25280.0,137,44,0,1,0,0,0,0,1,1,1,0,1,1,0,0,0,8,1,3,28,414,206,101,43,28,30,105,10,2,3,5,2,5,208,446,1,1,21,21,22,1,0,0,0,2,22,3,1,860
orjson_3_11_8,3fa627d75b911f95be03c2a6626f1fe78cd30e53,0,9317708.0,25280.0,137,44,0,1,0,0,0,0,1,1,1,0,1,1,0,0,0,8,1,3,28,414,206,101,43,28,30,105,10,2,3,5,2,5,208,446,1,1,21,21,22,1,0,0,0,2,22,3,1,860
orjson_3_11_9,3fa627d75b911f95be03c2a6626f1fe78cd30e53,0,8912722.333333334,25280.0,137,44,0,1,0,0,0,0,1,1,1,0,1,1,0,0,0,8,1,3,28,414,206,101,43,28,30,105,10,2,3,5,2,5,208,446,1,1,21,21,22,1,0,0,0,2,22,3,1,860
orjson_3_12_0,3fa627d75b911f95be03c2a6626f1fe78cd30e53,0,8997514.0,25280.0,137,44,0,1,0,0,0,0,1,1,1,0,1,1,0,0,0,8,1,3,28,414,206,101,43,28,30,105,10,2,3,5,2,5,208,446,1,1,21,21,22,1,0,0,0,2,22,3,1,860
orjson_3_11_5,17031a9fdd18d0f84c37103374bfdc6e320bd389,0,9313041.333333334,25312.0,135,42,0,0,0,0,0,0,0,0,0,0,0,1,1,0,1,8,1,3,28,414,206,101,43,28,30,105,9,2,3,4,2,4,208,446,1,1,21,21,22,1,0,0,0,2,22,3,1,860
orjson_3_11_6,17031a9fdd18d0f84c37103374bfdc6e320bd389,0,9229500.0,25312.0,135,42,0,0,0,0,0,0,0,0,0,0,0,1,1,0,1,8,1,3,28,414,206,101,43,28,30,105,9,2,3,4,2,4,208,446,1,1,21,21,22,1,0,0,0,2,22,3,1,860
orjson_3_11_7,17031a9fdd18d0f84c37103374bfdc6e320bd389,0,9312986.333333334,25312.0,135,42,0,0,0,0,0,0,0,0,0,0,0,1,1,0,1,8,1,3,28,414,206,101,43,28,30,105,9,2,3,4,2,4,208,446,1,1,21,21,22,1,0,0,0,2,22,3,1,860
orjson_3_11_8,17031a9fdd18d0f84c37103374bfdc6e320bd389,0,9387208.0,25312.0,135,42,0,0,0,0,0,0,0,0,0,0,0,1,1,0,1,8,1,3,28,414,206,101,43,28,30,105,9,2,3,4,2,4,208,446,1,1,21,21,22,1,0,0,0,2,22,3,1,860
orjson_3_11_9,17031a9fdd18d0f84c37103374bfdc6e320bd389,0,8919833.333333334,25312.0,135,42,0,0,0,0,0,0,0,0,0,0,0,1,1,0,1,8,1,3,28,414,206,101,43,28,30,105,9,2,3,4,2,4,208,446,1,1,21,21,22,1,0,0,0,2,22,3,1,860
orjson_3_12_0,17031a9fdd18d0f84c37103374bfdc6e320bd389,0,8924694.333333334,25312.0,135,42,0,0,0,0,0,0,0,0,0,0,0,1,1,0,1,8,1,3,28,414,206,101,43,28,30,105,9,2,3,4,2,4,208,446,1,1,21,21,22,1,0,0,0,2,22,3,1,860
orjson_3_11_5,6bba2fe7a14970ce55bc24b7a6a7d6e833f4b002,0,9314680.333333334,25312.0,135,42,0,0,0,0,0,0,0,0,0,0,0,1,1,0,1,8,1,3,28,414,206,101,43,28,30,105,9,2,3,4,2,4,208,446,1,1,21,21,22,1,0,0,0,2,22,3,1,860
orjson_3_11_6,6bba2fe7a14970ce55bc24b7a6a7d6e833f4b002,0,9310680.0,25312.0,135,42,0,0,0,0,0,0,0,0,0,0,0,1,1,0,1,8,1,3,28,414,206,101,43,28,30,105,9,2,3,4,2,4,208,446,1,1,21,21,22,1,0,0,0,2,22,3,1,860
orjson_3_11_7,6bba2fe7a14970ce55bc24b7a6a7d6e833f4b002,0,9310027.333333334,25312.0,135,42,0,0,0,0,0,0,0,0,0,0,0,1,1,0,1,8,1,3,28,414,206,101,43,28,30,105,9,2,3,4,2,4,208,446,1,1,21,21,22,1,0,0,0,2,22,3,1,860
orjson_3_11_8,6bba2fe7a14970ce55bc24b7a6a7d6e833f4b002,0,9350430.666666666,25312.0,135,42,0,0,0,0,0,0,0,0,0,0,0,1,1,0,1,8,1,3,28,414,206,101,43,28,30,105,9,2,3,4,2,4,208,446,1,1,21,21,22,1,0,0,0,2,22,3,1,860
orjson_3_11_9,6bba2fe7a14970ce55bc24b7a6a7d6e833f4b002,0,8908416.666666666,25312.0,135,42,0,0,0,0,0,0,0,0,0,0,0,1,1,0,1,8,1,3,28,414,206,101,43,28,30,105,9,2,3,4,2,4,208,446,1,1,21,21,22,1,0,0,0,2,22,3,1,860
orjson_3_12_0,6bba2fe7a14970ce55bc24b7a6a7d6e833f4b002,0,8909638.666666666,25312.0,135,42,0,0,0,0,0,0,0,0,0,0,0,1,1,0,1,8,1,3,28,414,206,101,43,28,30,105,9,2,3,4,2,4,208,446,1,1,21,21,22,1,0,0,0,2,22,3,1,860
orjson_3_11_5,462774be0ce2dd8ef23f2bfa763f30e99eec01d4,0,9276194.333333334,25312.0,136,43,0,0,0,0,0,0,0,0,0,0,0,1,1,0,1,8,1,3,28,414,206,101,43,28,30,105,9,2,3,4,2,4,208,446,1,1,21,21,22,1,0,0,0,2,22,3,1,860
orjson_3_11_6,462774be0ce2dd8ef23f2bfa763f30e99eec01d4,0,9324458.333333334,25312.0,136,43,0,0,0,0,0,0,0,0,0,0,0,1,1,0,1,8,1,3,28,414,206,101,43,28,30,105,9,2,3,4,2,4,208,446,1,1,21,21,22,1,0,0,0,2,22,3,1,860
orjson_3_11_7,462774be0ce2dd8ef23f2bfa763f30e99eec01d4,0,9326611.0,25312.0,136,43,0,0,0,0,0,0,0,0,0,0,0,1,1,0,1,8,1,3,28,414,206,101,43,28,30,105,9,2,3,4,2,4,208,446,1,1,21,21,22,1,0,0,0,2,22,3,1,860
orjson_3_11_8,462774be0ce2dd8ef23f2bfa763f30e99eec01d4,0,9375764.0,25312.0,136,43,0,0,0,0,0,0,0,0,0,0,0,1,1,0,1,8,1,3,28,414,206,101,43,28,30,105,9,2,3,4,2,4,208,446,1,1,21,21,22,1,0,0,0,2,22,3,1,860
orjson_3_11_9,462774be0ce2dd8ef23f2bfa763f30e99eec01d4,0,8967430.333333334,25312.0,136,43,0,0,0,0,0,0,0,0,0,0,0,1,1,0,1,8,1,3,28,414,206,101,43,28,30,105,9,2,3,4,2,4,208,446,1,1,21,21,22,1,0,0,0,2,22,3,1,860
orjson_3_12_0,462774be0ce2dd8ef23f2bfa763f30e99eec01d4,0,8848819.333333334,25312.0,136,43,0,0,0,0,0,0,0,0,0,0,0,1,1,0,1,8,1,3,28,414,206,101,43,28,30,105,9,2,3,4,2,4,208,446,1,1,21,21,22,1,0,0,0,2,22,3,1,860
orjson_3_11_5,067b5011a6e2a9abdcd4cd5aeae6adffcd998719,0,9344472.0,25280.0,137,44,0,1,0,0,0,0,1,1,1,0,1,1,0,0,0,8,1,3,28,414,206,101,43,28,30,105,9,2,3,4,2,4,208,446,1,1,21,21,22,1,0,0,0,2,22,3,1,860
orjson_3_11_6,067b5011a6e2a9abdcd4cd5aeae6adffcd998719,0,9378528.333333334,25280.0,137,44,0,1,0,0,0,0,1,1,1,0,1,1,0,0,0,8,1,3,28,414,206,101,43,28,30,105,9,2,3,4,2,4,208,446,1,1,21,21,22,1,0,0,0,2,22,3,1,860
orjson_3_11_7,067b5011a6e2a9abdcd4cd5aeae6adffcd998719,0,9419777.666666666,25280.0,137,44,0,1,0,0,0,0,1,1,1,0,1,1,0,0,0,8,1,3,28,414,206,101,43,28,30,105,9,2,3,4,2,4,208,446,1,1,21,21,22,1,0,0,0,2,22,3,1,860
orjson_3_11_8,067b5011a6e2a9abdcd4cd5aeae6adffcd998719,0,9427361.333333334,25280.0,137,44,0,1,0,0,0,0,1,1,1,0,1,1,0,0,0,8,1,3,28,414,206,101,43,28,30,105,9,2,3,4,2,4,208,446,1,1,21,21,22,1,0,0,0,2,22,3,1,860
orjson_3_11_9,067b5011a6e2a9abdcd4cd5aeae6adffcd998719,0,8902944.666666666,25280.0,137,44,0,1,0,0,0,0,1,1,1,0,1,1,0,0,0,8,1,3,28,414,206,101,43,28,30,105,9,2,3,4,2,4,208,446,1,1,21,21,22,1,0,0,0,2,22,3,1,860
orjson_3_12_0,067b5011a6e2a9abdcd4cd5aeae6adffcd998719,0,9109552.25,25280.0,137,44,0,1,0,0,0,0,1,1,1,0,1,1,0,0,0,8,1,3,28,414,206,101,43,28,30,105,9,2,3,4,2,4,208,446,1,1,21,21,22,1,0,0,0,2,22,3,1,860
orjson_3_11_5,550b7654b978b1214c3f043a51f2490c84eff70c,0,9857300.0,25280.0,137,44,0,1,0,0,0,0,1,1,1,0,1,1,0,0,0,8,1,3,28,414,206,101,43,28,30,105,9,2,3,4,2,4,208,446,1,1,21,21,22,1,0,0,0,2,22,3,1,860
orjson_3_11_6,550b7654b978b1214c3f043a51f2490c84eff70c,0,9258694.0,25280.0,137,44,0,1,0,0,0,0,1,1,1,0,1,1,0,0,0,8,1,3,28,414,206,101,43,28,30,105,9,2,3,4,2,4,208,446,1,1,21,21,22,1,0,0,0,2,22,3,1,860
orjson_3_11_7,550b7654b978b1214c3f043a51f2490c84eff70c,0,9359208.333333334,25280.0,137,44,0,1,0,0,0,0,1,1,1,0,1,1,0,0,0,8,1,3,28,414,206,101,43,28,30,105,9,2,3,4,2,4,208,446,1,1,21,21,22,1,0,0,0,2,22,3,1,860
orjson_3_11_8,550b7654b978b1214c3f043a51f2490c84eff70c,0,9365055.666666666,25280.0,137,44,0,1,0,0,0,0,1,1,1,0,1,1,0,0,0,8,1,3,28,414,206,101,43,28,30,105,9,2,3,4,2,4,208,446,1,1,21,21,22,1,0,0,0,2,22,3,1,860
orjson_3_11_9,550b7654b978b1214c3f043a51f2490c84eff70c,0,8947458.333333334,25280.0,137,44,0,1,0,0,0,0,1,1,1,0,1,1,0,0,0,8,1,3,28,414,206,101,43,28,30,105,9,2,3,4,2,4,208,446,1,1,21,21,22,1,0,0,0,2,22,3,1,860
orjson_3_12_0,550b7654b978b1214c3f043a51f2490c84eff70c,0,8877153.0,25280.0,137,44,0,1,0,0,0,0,1,1,1,0,1,1,0,0,0,8,1,3,28,414,206,101,43,28,30,105,9,2,3,4,2,4,208,446,1,1,21,21,22,1,0,0,0,2,22,3,1,860
orjson_3_11_5,af28b3dbac9d4d3d053834bdf7a370ef1d94bfd4,0,4649000.0,14632.0,25,15,0,0,0,0,0,0,0,0,0,0,0,0,0,0,0,0,0,1,3,266,143,58,22,15,21,85,14,7,6,1,7,1,123,257,1,1,1,1,2,1,0,0,0,1,2,0,0,523
orjson_3_11_6,af28b3dbac9d4d3d053834bdf7a370ef1d94bfd4,0,4653986.0,14632.0,25,15,0,0,0,0,0,0,0,0,0,0,0,0,0,0,0,0,0,1,3,266,143,58,22,15,21,85,14,7,6,1,7,1,123,257,1,1,1,1,2,1,0,0,0,1,2,0,0,523
orjson_3_11_7,af28b3dbac9d4d3d053834bdf7a370ef1d94bfd4,0,4539708.333333333,14632.0,25,15,0,0,0,0,0,0,0,0,0,0,0,0,0,0,0,0,0,1,3,266,143,58,22,15,21,85,14,7,6,1,7,1,123,257,1,1,1,1,2,1,0,0,0,1,2,0,0,523
orjson_3_11_8,af28b3dbac9d4d3d053834bdf7a370ef1d94bfd4,0,4670021.25,14632.0,25,15,0,0,0,0,0,0,0,0,0,0,0,0,0,0,0,0,0,1,3,266,143,58,22,15,21,85,14,7,6,1,7,1,123,257,1,1,1,1,2,1,0,0,0,1,2,0,0,523
orjson_3_11_9,af28b3dbac9d4d3d053834bdf7a370ef1d94bfd4,0,4485597.666666667,14632.0,25,15,0,0,0,0,0,0,0,0,0,0,0,0,0,0,0,0,0,1,3,266,143,58,22,15,21,85,14,7,6,1,7,1,123,257,1,1,1,1,2,1,0,0,0,1,2,0,0,523
orjson_3_12_0,af28b3dbac9d4d3d053834bdf7a370ef1d94bfd4,0,4445875.0,14632.0,25,15,0,0,0,0,0,0,0,0,0,0,0,0,0,0,0,0,0,1,3,266,143,58,22,15,21,85,14,7,6,1,7,1,123,257,1,1,1,1,2,1,0,0,0,1,2,0,0,523
orjson_3_11_5,9a8e1412c432e18cc487b9f106ccd6ccc0fd3733,0,422861.0,4270.0,22,12,0,0,0,0,0,1,0,0,0,1,0,1,1,0,0,1,1,0,1,5,3,1,0,1,0,2,0,0,0,0,0,0,2,1,0,0,0,3,4,0,1,3,1,1,0,1,1,6
orjson_3_11_6,9a8e1412c432e18cc487b9f106ccd6ccc0fd3733,0,432944.3333333333,4270.0,22,12,0,0,0,0,0,1,0,0,0,1,0,1,1,0,0,1,1,0,1,5,3,1,0,1,0,2,0,0,0,0,0,0,2,1,0,0,0,3,4,0,1,3,1,1,0,1,1,6
orjson_3_11_7,9a8e1412c432e18cc487b9f106ccd6ccc0fd3733,0,432458.3333333333,4270.0,22,12,0,0,0,0,0,1,0,0,0,1,0,1,1,0,0,1,1,0,1,5,3,1,0,1,0,2,0,0,0,0,0,0,2,1,0,0,0,3,4,0,1,3,1,1,0,1,1,6
orjson_3_11_8,9a8e1412c432e18cc487b9f106ccd6ccc0fd3733,0,433278.0,4270.0,22,12,0,0,0,0,0,1,0,0,0,1,0,1,1,0,0,1,1,0,1,5,3,1,0,1,0,2,0,0,0,0,0,0,2,1,0,0,0,3,4,0,1,3,1,1,0,1,1,6
orjson_3_11_9,9a8e1412c432e18cc487b9f106ccd6ccc0fd3733,0,415930.3333333333,4270.0,22,12,0,0,0,0,0,1,0,0,0,1,0,1,1,0,0,1,1,0,1,5,3,1,0,1,0,2,0,0,0,0,0,0,2,1,0,0,0,3,4,0,1,3,1,1,0,1,1,6
orjson_3_12_0,9a8e1412c432e18cc487b9f106ccd6ccc0fd3733,0,429958.25,4270.0,22,12,0,0,0,0,0,1,0,0,0,1,0,1,1,0,0,1,1,0,1,5,3,1,0,1,0,2,0,0,0,0,0,0,2,1,0,0,0,3,4,0,1,3,1,1,0,1,1,6
orjson_3_11_5,bd179f87b07f61d4ba0dea2641ef3adae257ca14,0,346896.0,4232.0,23,13,0,0,0,2,1,0,0,0,0,1,0,1,1,1,0,2,0,1,0,0,0,0,0,0,0,0,0,0,0,0,0,0,0,0,0,0,0,3,4,0,1,3,1,1,0,1,1,0
orjson_3_11_6,bd179f87b07f61d4ba0dea2641ef3adae257ca14,0,353333.0,4232.0,23,13,0,0,0,2,1,0,0,0,0,1,0,1,1,1,0,2,0,1,0,0,0,0,0,0,0,0,0,0,0,0,0,0,0,0,0,0,0,3,4,0,1,3,1,1,0,1,1,0
orjson_3_11_7,bd179f87b07f61d4ba0dea2641ef3adae257ca14,0,355764.0,4232.0,23,13,0,0,0,2,1,0,0,0,0,1,0,1,1,1,0,2,0,1,0,0,0,0,0,0,0,0,0,0,0,0,0,0,0,0,0,0,0,3,4,0,1,3,1,1,0,1,1,0
orjson_3_11_8,bd179f87b07f61d4ba0dea2641ef3adae257ca14,0,351864.5,4232.0,23,13,0,0,0,2,1,0,0,0,0,1,0,1,1,1,0,2,0,1,0,0,0,0,0,0,0,0,0,0,0,0,0,0,0,0,0,0,0,3,4,0,1,3,1,1,0,1,1,0
orjson_3_11_9,bd179f87b07f61d4ba0dea2641ef3adae257ca14,0,347389.3333333333,4232.0,23,13,0,0,0,2,1,0,0,0,0,1,0,1,1,1,0,2,0,1,0,0,0,0,0,0,0,0,0,0,0,0,0,0,0,0,0,0,0,3,4,0,1,3,1,1,0,1,1,0
orjson_3_12_0,bd179f87b07f61d4ba0dea2641ef3adae257ca14,0,353986.1666666667,4232.0,23,13,0,0,0,2,1,0,0,0,0,1,0,1,1,1,0,2,0,1,0,0,0,0,0,0,0,0,0,0,0,0,0,0,0,0,0,0,0,3,4,0,1,3,1,1,0,1,1,0
orjson_3_11_5,1569aab50ce51673ffce38d14ec17813a1d28156,0,1583319.3333333333,5060.0,22,13,0,0,0,0,0,0,0,0,0,0,0,0,0,0,0,1,0,0,1,106,53,33,8,16,9,20,0,0,0,0,0,0,53,96,1,0,0,2,3,0,1,2,1,2,0,1,0,202
orjson_3_11_6,1569aab50ce51673ffce38d14ec17813a1d28156,0,1597319.6666666667,5060.0,22,13,0,0,0,0,0,0,0,0,0,0,0,0,0,0,0,1,0,0,1,106,53,33,8,16,9,20,0,0,0,0,0,0,53,96,1,0,0,2,3,0,1,2,1,2,0,1,0,202
orjson_3_11_7,1569aab50ce51673ffce38d14ec17813a1d28156,0,1565444.3333333333,5060.0,22,13,0,0,0,0,0,0,0,0,0,0,0,0,0,0,0,1,0,0,1,106,53,33,8,16,9,20,0,0,0,0,0,0,53,96,1,0,0,2,3,0,1,2,1,2,0,1,0,202
orjson_3_11_8,1569aab50ce51673ffce38d14ec17813a1d28156,0,1581680.6666666667,5060.0,22,13,0,0,0,0,0,0,0,0,0,0,0,0,0,0,0,1,0,0,1,106,53,33,8,16,9,20,0,0,0,0,0,0,53,96,1,0,0,2,3,0,1,2,1,2,0,1,0,202
orjson_3_11_9,1569aab50ce51673ffce38d14ec17813a1d28156,0,1468958.3333333333,5060.0,22,13,0,0,0,0,0,0,0,0,0,0,0,0,0,0,0,1,0,0,1,106,53,33,8,16,9,20,0,0,0,0,0,0,53,96,1,0,0,2,3,0,1,2,1,2,0,1,0,202
orjson_3_12_0,1569aab50ce51673ffce38d14ec17813a1d28156,0,1450416.75,5060.0,22,13,0,0,0,0,0,0,0,0,0,0,0,0,0,0,0,1,0,0,1,106,53,33,8,16,9,20,0,0,0,0,0,0,53,96,1,0,0,2,3,0,1,2,1,2,0,1,0,202
orjson_3_11_5,ed6db45cac0a7aba5c60dcc54bc5d8ee3eb8518e,0,9271736.333333334,25312.0,134,41,0,0,0,0,0,0,0,0,0,0,0,1,1,0,1,8,1,3,28,414,206,101,43,28,30,105,9,2,3,4,2,4,208,446,1,1,21,21,22,1,0,0,0,2,22,3,1,860
orjson_3_11_6,ed6db45cac0a7aba5c60dcc54bc5d8ee3eb8518e,0,9218152.666666666,25312.0,134,41,0,0,0,0,0,0,0,0,0,0,0,1,1,0,1,8,1,3,28,414,206,101,43,28,30,105,9,2,3,4,2,4,208,446,1,1,21,21,22,1,0,0,0,2,22,3,1,860
orjson_3_11_7,ed6db45cac0a7aba5c60dcc54bc5d8ee3eb8518e,0,9354472.0,25312.0,134,41,0,0,0,0,0,0,0,0,0,0,0,1,1,0,1,8,1,3,28,414,206,101,43,28,30,105,9,2,3,4,2,4,208,446,1,1,21,21,22,1,0,0,0,2,22,3,1,860
orjson_3_11_8,ed6db45cac0a7aba5c60dcc54bc5d8ee3eb8518e,0,9404777.666666666,25312.0,134,41,0,0,0,0,0,0,0,0,0,0,0,1,1,0,1,8,1,3,28,414,206,101,43,28,30,105,9,2,3,4,2,4,208,446,1,1,21,21,22,1,0,0,0,2,22,3,1,860
orjson_3_11_9,ed6db45cac0a7aba5c60dcc54bc5d8ee3eb8518e,0,8973802.5,25312.0,134,41,0,0,0,0,0,0,0,0,0,0,0,1,1,0,1,8,1,3,28,414,206,101,43,28,30,105,9,2,3,4,2,4,208,446,1,1,21,21,22,1,0,0,0,2,22,3,1,860
orjson_3_12_0,ed6db45cac0a7aba5c60dcc54bc5d8ee3eb8518e,0,8941500.0,25312.0,134,41,0,0,0,0,0,0,0,0,0,0,0,1,1,0,1,8,1,3,28,414,206,101,43,28,30,105,9,2,3,4,2,4,208,446,1,1,21,21,22,1,0,0,0,2,22,3,1,860
orjson_3_11_5,69aaa30b171f9194ded5e8e9c3a7898b3ad71b2c,0,8564097.333333334,24622.0,164,69,0,1,0,0,0,0,1,1,1,3,1,2,1,0,1,6,4,2,25,412,221,120,35,42,43,101,11,5,2,4,5,4,191,405,1,1,21,21,22,1,0,0,0,2,22,5,2,817
orjson_3_11_6,69aaa30b171f9194ded5e8e9c3a7898b3ad71b2c,0,8711125.0,24622.0,164,69,0,1,0,0,0,0,1,1,1,3,1,2,1,0,1,6,4,2,25,412,221,120,35,42,43,101,11,5,2,4,5,4,191,405,1,1,21,21,22,1,0,0,0,2,22,5,2,817
orjson_3_11_7,69aaa30b171f9194ded5e8e9c3a7898b3ad71b2c,0,8783389.0,24622.0,164,69,0,1,0,0,0,0,1,1,1,3,1,2,1,0,1,6,4,2,25,412,221,120,35,42,43,101,11,5,2,4,5,4,191,405,1,1,21,21,22,1,0,0,0,2,22,5,2,817
orjson_3_11_8,69aaa30b171f9194ded5e8e9c3a7898b3ad71b2c,0,8757375.0,24622.0,164,69,0,1,0,0,0,0,1,1,1,3,1,2,1,0,1,6,4,2,25,412,221,120,35,42,43,101,11,5,2,4,5,4,191,405,1,1,21,21,22,1,0,0,0,2,22,5,2,817
orjson_3_11_9,69aaa30b171f9194ded5e8e9c3a7898b3ad71b2c,0,8539766.6,24622.0,164,69,0,1,0,0,0,0,1,1,1,3,1,2,1,0,1,6,4,2,25,412,221,120,35,42,43,101,11,5,2,4,5,4,191,405,1,1,21,21,22,1,0,0,0,2,22,5,2,817
orjson_3_12_0,69aaa30b171f9194ded5e8e9c3a7898b3ad71b2c,0,8369041.666666667,24622.0,164,69,0,1,0,0,0,0,1,1,1,3,1,2,1,0,1,6,4,2,25,412,221,120,35,42,43,101,11,5,2,4,5,4,191,405,1,1,21,21,22,1,0,0,0,2,22,5,2,817
orjson_3_11_5,13a61a05aae6f12a49a7be633d2e33910f59890a,0,9822541.666666666,25595.0,261,76,0,0,0,5,1,1,0,0,0,0,0,2,2,1,0,14,6,6,54,347,164,81,24,24,33,83,9,0,5,4,0,4,183,359,2,2,42,42,45,2,1,0,1,4,44,6,2,706
orjson_3_11_6,13a61a05aae6f12a49a7be633d2e33910f59890a,0,9834250.0,25595.0,261,76,0,0,0,5,1,1,0,0,0,0,0,2,2,1,0,14,6,6,54,347,164,81,24,24,33,83,9,0,5,4,0,4,183,359,2,2,42,42,45,2,1,0,1,4,44,6,2,706
orjson_3_11_7,13a61a05aae6f12a49a7be633d2e33910f59890a,0,9907847.333333334,25595.0,261,76,0,0,0,5,1,1,0,0,0,0,0,2,2,1,0,14,6,6,54,347,164,81,24,24,33,83,9,0,5,4,0,4,183,359,2,2,42,42,45,2,1,0,1,4,44,6,2,706
orjson_3_11_8,13a61a05aae6f12a49a7be633d2e33910f59890a,0,9805986.0,25595.0,261,76,0,0,0,5,1,1,0,0,0,0,0,2,2,1,0,14,6,6,54,347,164,81,24,24,33,83,9,0,5,4,0,4,183,359,2,2,42,42,45,2,1,0,1,4,44,6,2,706
orjson_3_11_9,13a61a05aae6f12a49a7be633d2e33910f59890a,0,9991616.8,25595.0,261,76,0,0,0,5,1,1,0,0,0,0,0,2,2,1,0,14,6,6,54,347,164,81,24,24,33,83,9,0,5,4,0,4,183,359,2,2,42,42,45,2,1,0,1,4,44,6,2,706
orjson_3_12_0,13a61a05aae6f12a49a7be633d2e33910f59890a,0,9380444.333333334,25595.0,261,76,0,0,0,5,1,1,0,0,0,0,0,2,2,1,0,14,6,6,54,347,164,81,24,24,33,83,9,0,5,4,0,4,183,359,2,2,42,42,45,2,1,0,1,4,44,6,2,706
orjson_3_11_5,27b5c6330981503a05dcd15ce5692f51eb6856fe,0,9276847.333333334,25280.0,135,42,0,1,0,0,0,0,1,1,1,0,1,1,0,0,0,8,1,3,28,414,206,101,43,28,30,105,9,2,3,4,2,4,208,446,1,1,21,21,22,1,0,0,0,2,22,3,1,860
orjson_3_11_6,27b5c6330981503a05dcd15ce5692f51eb6856fe,0,9310416.666666666,25280.0,135,42,0,1,0,0,0,0,1,1,1,0,1,1,0,0,0,8,1,3,28,414,206,101,43,28,30,105,9,2,3,4,2,4,208,446,1,1,21,21,22,1,0,0,0,2,22,3,1,860
orjson_3_11_7,27b5c6330981503a05dcd15ce5692f51eb6856fe,0,9434208.25,25280.0,135,42,0,1,0,0,0,0,1,1,1,0,1,1,0,0,0,8,1,3,28,414,206,101,43,28,30,105,9,2,3,4,2,4,208,446,1,1,21,21,22,1,0,0,0,2,22,3,1,860
orjson_3_11_8,27b5c6330981503a05dcd15ce5692f51eb6856fe,0,9381750.333333334,25280.0,135,42,0,1,0,0,0,0,1,1,1,0,1,1,0,0,0,8,1,3,28,414,206,101,43,28,30,105,9,2,3,4,2,4,208,446,1,1,21,21,22,1,0,0,0,2,22,3,1,860
orjson_3_11_9,27b5c6330981503a05dcd15ce5692f51eb6856fe,0,8969819.666666666,25280.0,135,42,0,1,0,0,0,0,1,1,1,0,1,1,0,0,0,8,1,3,28,414,206,101,43,28,30,105,9,2,3,4,2,4,208,446,1,1,21,21,22,1,0,0,0,2,22,3,1,860
orjson_3_12_0,27b5c6330981503a05dcd15ce5692f51eb6856fe,0,8917000.0,25280.0,135,42,0,1,0,0,0,0,1,1,1,0,1,1,0,0,0,8,1,3,28,414,206,101,43,28,30,105,9,2,3,4,2,4,208,446,1,1,21,21,22,1,0,0,0,2,22,3,1,860
orjson_3_11_5,0f8ad0309a22a9dfd3eb1e1f5c777ed7d54aedac,0,11143329.2,25456.0,312,103,0,3,0,12,1,0,3,3,0,3,0,7,4,1,3,10,7,10,58,309,160,89,33,28,28,71,6,3,3,0,3,0,149,333,2,2,48,48,50,2,0,0,0,3,50,7,7,642
orjson_3_11_6,0f8ad0309a22a9dfd3eb1e1f5c777ed7d54aedac,0,10369260.5,25456.0,312,103,0,3,0,12,1,0,3,3,0,3,0,7,4,1,3,10,7,10,58,309,160,89,33,28,28,71,6,3,3,0,3,0,149,333,2,2,48,48,50,2,0,0,0,3,50,7,7,642
orjson_3_11_7,0f8ad0309a22a9dfd3eb1e1f5c777ed7d54aedac,0,10321860.666666666,25456.0,312,103,0,3,0,12,1,0,3,3,0,3,0,7,4,1,3,10,7,10,58,309,160,89,33,28,28,71,6,3,3,0,3,0,149,333,2,2,48,48,50,2,0,0,0,3,50,7,7,642
orjson_3_11_8,0f8ad0309a22a9dfd3eb1e1f5c777ed7d54aedac,0,10135986.0,25456.0,312,103,0,3,0,12,1,0,3,3,0,3,0,7,4,1,3,10,7,10,58,309,160,89,33,28,28,71,6,3,3,0,3,0,149,333,2,2,48,48,50,2,0,0,0,3,50,7,7,642
orjson_3_11_9,0f8ad0309a22a9dfd3eb1e1f5c777ed7d54aedac,0,9979708.5,25456.0,312,103,0,3,0,12,1,0,3,3,0,3,0,7,4,1,3,10,7,10,58,309,160,89,33,28,28,71,6,3,3,0,3,0,149,333,2,2,48,48,50,2,0,0,0,3,50,7,7,642
orjson_3_12_0,0f8ad0309a22a9dfd3eb1e1f5c777ed7d54aedac,0,9878500.333333334,25456.0,312,103,0,3,0,12,1,0,3,3,0,3,0,7,4,1,3,10,7,10,58,309,160,89,33,28,28,71,6,3,3,0,3,0,149,333,2,2,48,48,50,2,0,0,0,3,50,7,7,642
orjson_3_11_5,a88ba810007b804471bff628e9957b5d0f7053e3,0,9701302.25,25088.0,148,43,0,0,0,0,0,0,0,0,0,0,0,0,0,0,0,7,4,7,29,412,203,102,32,31,39,101,7,1,1,5,1,5,209,438,1,1,24,24,25,1,0,0,0,2,25,3,0,850
orjson_3_11_6,a88ba810007b804471bff628e9957b5d0f7053e3,0,9751028.0,25088.0,148,43,0,0,0,0,0,0,0,0,0,0,0,0,0,0,0,7,4,7,29,412,203,102,32,31,39,101,7,1,1,5,1,5,209,438,1,1,24,24,25,1,0,0,0,2,25,3,0,850
orjson_3_11_7,a88ba810007b804471bff628e9957b5d0f7053e3,0,9784222.666666666,25088.0,148,43,0,0,0,0,0,0,0,0,0,0,0,0,0,0,0,7,4,7,29,412,203,102,32,31,39,101,7,1,1,5,1,5,209,438,1,1,24,24,25,1,0,0,0,2,25,3,0,850
orjson_3_11_8,a88ba810007b804471bff628e9957b5d0f7053e3,0,9852347.333333334,25088.0,148,43,0,0,0,0,0,0,0,0,0,0,0,0,0,0,0,7,4,7,29,412,203,102,32,31,39,101,7,1,1,5,1,5,209,438,1,1,24,24,25,1,0,0,0,2,25,3,0,850
orjson_3_11_9,a88ba810007b804471bff628e9957b5d0f7053e3,0,9482014.0,25088.0,148,43,0,0,0,0,0,0,0,0,0,0,0,0,0,0,0,7,4,7,29,412,203,102,32,31,39,101,7,1,1,5,1,5,209,438,1,1,24,24,25,1,0,0,0,2,25,3,0,850
orjson_3_12_0,a88ba810007b804471bff628e9957b5d0f7053e3,0,9519930.666666666,25088.0,148,43,0,0,0,0,0,0,0,0,0,0,0,0,0,0,0,7,4,7,29,412,203,102,32,31,39,101,7,1,1,5,1,5,209,438,1,1,24,24,25,1,0,0,0,2,25,3,0,850
orjson_3_11_5,4ef1e36d2294df9394132a0a1c75f13ea3828489,0,8328417.0,24532.0,178,75,0,1,1,18,2,1,0,0,1,1,2,3,2,1,0,4,6,8,28,403,193,98,24,38,36,95,10,2,7,1,2,1,210,405,1,1,24,24,25,1,0,0,0,2,25,1,3,808
orjson_3_11_6,4ef1e36d2294df9394132a0a1c75f13ea3828489,0,8328305.333333333,24532.0,178,75,0,1,1,18,2,1,0,0,1,1,2,3,2,1,0,4,6,8,28,403,193,98,24,38,36,95,10,2,7,1,2,1,210,405,1,1,24,24,25,1,0,0,0,2,25,1,3,808
orjson_3_11_7,4ef1e36d2294df9394132a0a1c75f13ea3828489,0,8184958.333333333,24532.0,178,75,0,1,1,18,2,1,0,0,1,1,2,3,2,1,0,4,6,8,28,403,193,98,24,38,36,95,10,2,7,1,2,1,210,405,1,1,24,24,25,1,0,0,0,2,25,1,3,808
orjson_3_11_8,4ef1e36d2294df9394132a0a1c75f13ea3828489,0,8274666.666666667,24532.0,178,75,0,1,1,18,2,1,0,0,1,1,2,3,2,1,0,4,6,8,28,403,193,98,24,38,36,95,10,2,7,1,2,1,210,405,1,1,24,24,25,1,0,0,0,2,25,1,3,808
orjson_3_11_9,4ef1e36d2294df9394132a0a1c75f13ea3828489,0,7914652.666666667,24532.0,178,75,0,1,1,18,2,1,0,0,1,1,2,3,2,1,0,4,6,8,28,403,193,98,24,38,36,95,10,2,7,1,2,1,210,405,1,1,24,24,25,1,0,0,0,2,25,1,3,808
orjson_3_12_0,4ef1e36d2294df9394132a0a1c75f13ea3828489,0,8028181.0,24532.0,178,75,0,1,1,18,2,1,0,0,1,1,2,3,2,1,0,4,6,8,28,403,193,98,24,38,36,95,10,2,7,1,2,1,210,405,1,1,24,24,25,1,0,0,0,2,25,1,3,808
orjson_3_11_5,aa12c5925e61a9d1a34cde1cb33c441ff742f598,0,8201264.0,24532.0,176,73,0,1,1,18,2,1,0,0,1,1,2,3,2,1,0,4,6,8,28,403,193,98,24,38,36,95,10,2,7,1,2,1,210,405,1,1,24,24,25,1,0,0,0,2,25,1,3,808
orjson_3_11_6,aa12c5925e61a9d1a34cde1cb33c441ff742f598,0,8107138.666666667,24532.0,176,73,0,1,1,18,2,1,0,0,1,1,2,3,2,1,0,4,6,8,28,403,193,98,24,38,36,95,10,2,7,1,2,1,210,405,1,1,24,24,25,1,0,0,0,2,25,1,3,808
orjson_3_11_7,aa12c5925e61a9d1a34cde1cb33c441ff742f598,0,8273986.0,24532.0,176,73,0,1,1,18,2,1,0,0,1,1,2,3,2,1,0,4,6,8,28,403,193,98,24,38,36,95,10,2,7,1,2,1,210,405,1,1,24,24,25,1,0,0,0,2,25,1,3,808
orjson_3_11_8,aa12c5925e61a9d1a34cde1cb33c441ff742f598,0,8268361.333333333,24532.0,176,73,0,1,1,18,2,1,0,0,1,1,2,3,2,1,0,4,6,8,28,403,193,98,24,38,36,95,10,2,7,1,2,1,210,405,1,1,24,24,25,1,0,0,0,2,25,1,3,808
orjson_3_11_9,aa12c5925e61a9d1a34cde1cb33c441ff742f598,0,7923222.0,24532.0,176,73,0,1,1,18,2,1,0,0,1,1,2,3,2,1,0,4,6,8,28,403,193,98,24,38,36,95,10,2,7,1,2,1,210,405,1,1,24,24,25,1,0,0,0,2,25,1,3,808
orjson_3_12_0,aa12c5925e61a9d1a34cde1cb33c441ff742f598,0,7904027.666666667,24532.0,176,73,0,1,1,18,2,1,0,0,1,1,2,3,2,1,0,4,6,8,28,403,193,98,24,38,36,95,10,2,7,1,2,1,210,405,1,1,24,24,25,1,0,0,0,2,25,1,3,808
orjson_3_11_5,d0e9ea64c6287abe7bc0d4757f7c522f8087e198,0,10238805.333333334,25456.0,314,105,0,3,0,12,1,0,3,3,0,3,0,7,4,1,3,10,7,10,58,309,160,89,33,28,28,71,6,3,3,0,3,0,149,333,2,2,48,48,50,2,0,0,0,3,50,7,7,642
orjson_3_11_6,d0e9ea64c6287abe7bc0d4757f7c522f8087e198,0,10309263.666666666,25456.0,314,105,0,3,0,12,1,0,3,3,0,3,0,7,4,1,3,10,7,10,58,309,160,89,33,28,28,71,6,3,3,0,3,0,149,333,2,2,48,48,50,2,0,0,0,3,50,7,7,642
orjson_3_11_7,d0e9ea64c6287abe7bc0d4757f7c522f8087e198,0,10242972.0,25456.0,314,105,0,3,0,12,1,0,3,3,0,3,0,7,4,1,3,10,7,10,58,309,160,89,33,28,28,71,6,3,3,0,3,0,149,333,2,2,48,48,50,2,0,0,0,3,50,7,7,642
orjson_3_11_8,d0e9ea64c6287abe7bc0d4757f7c522f8087e198,0,10259083.666666666,25456.0,314,105,0,3,0,12,1,0,3,3,0,3,0,7,4,1,3,10,7,10,58,309,160,89,33,28,28,71,6,3,3,0,3,0,149,333,2,2,48,48,50,2,0,0,0,3,50,7,7,642
orjson_3_11_9,d0e9ea64c6287abe7bc0d4757f7c522f8087e198,0,10119250.333333334,25456.0,314,105,0,3,0,12,1,0,3,3,0,3,0,7,4,1,3,10,7,10,58,309,160,89,33,28,28,71,6,3,3,0,3,0,149,333,2,2,48,48,50,2,0,0,0,3,50,7,7,642
orjson_3_12_0,d0e9ea64c6287abe7bc0d4757f7c522f8087e198,0,10003388.666666666,25456.0,314,105,0,3,0,12,1,0,3,3,0,3,0,7,4,1,3,10,7,10,58,309,160,89,33,28,28,71,6,3,3,0,3,0,149,333,2,2,48,48,50,2,0,0,0,3,50,7,7,642
orjson_3_11_5,b38d82dad6256ca02d012c62bbc673ef29d58730,0,10290083.333333334,25456.0,314,105,0,3,0,0,0,0,3,3,0,3,0,7,4,0,4,10,7,10,58,309,160,89,33,28,28,71,6,3,3,0,3,0,149,333,2,2,48,48,50,2,0,0,0,3,50,7,7,642
orjson_3_11_6,b38d82dad6256ca02d012c62bbc673ef29d58730,0,10367458.666666666,25456.0,314,105,0,3,0,0,0,0,3,3,0,3,0,7,4,0,4,10,7,10,58,309,160,89,33,28,28,71,6,3,3,0,3,0,149,333,2,2,48,48,50,2,0,0,0,3,50,7,7,642
orjson_3_11_7,b38d82dad6256ca02d012c62bbc673ef29d58730,0,10141104.0,25456.0,314,105,0,3,0,0,0,0,3,3,0,3,0,7,4,0,4,10,7,10,58,309,160,89,33,28,28,71,6,3,3,0,3,0,149,333,2,2,48,48,50,2,0,0,0,3,50,7,7,642
orjson_3_11_8,b38d82dad6256ca02d012c62bbc673ef29d58730,0,10260958.0,25456.0,314,105,0,3,0,0,0,0,3,3,0,3,0,7,4,0,4,10,7,10,58,309,160,89,33,28,28,71,6,3,3,0,3,0,149,333,2,2,48,48,50,2,0,0,0,3,50,7,7,642
orjson_3_11_9,b38d82dad6256ca02d012c62bbc673ef29d58730,0,10052014.0,25456.0,314,105,0,3,0,0,0,0,3,3,0,3,0,7,4,0,4,10,7,10,58,309,160,89,33,28,28,71,6,3,3,0,3,0,149,333,2,2,48,48,50,2,0,0,0,3,50,7,7,642
orjson_3_12_0,b38d82dad6256ca02d012c62bbc673ef29d58730,0,10519795.8,25456.0,314,105,0,3,0,0,0,0,3,3,0,3,0,7,4,0,4,10,7,10,58,309,160,89,33,28,28,71,6,3,3,0,3,0,149,333,2,2,48,48,50,2,0,0,0,3,50,7,7,642
orjson_3_11_5,78932398379bccf7f4bd729fd0b7fd493ed806f2,0,9644305.666666666,25088.0,148,44,0,0,0,0,0,0,0,0,0,0,0,0,0,0,0,8,4,7,29,412,203,103,32,31,40,100,7,1,1,5,1,5,209,436,1,1,24,24,25,1,0,0,0,2,25,2,0,848
orjson_3_11_6,78932398379bccf7f4bd729fd0b7fd493ed806f2,0,9721263.666666666,25088.0,148,44,0,0,0,0,0,0,0,0,0,0,0,0,0,0,0,8,4,7,29,412,203,103,32,31,40,100,7,1,1,5,1,5,209,436,1,1,24,24,25,1,0,0,0,2,25,2,0,848
orjson_3_11_7,78932398379bccf7f4bd729fd0b7fd493ed806f2,0,9815694.333333334,25088.0,148,44,0,0,0,0,0,0,0,0,0,0,0,0,0,0,0,8,4,7,29,412,203,103,32,31,40,100,7,1,1,5,1,5,209,436,1,1,24,24,25,1,0,0,0,2,25,2,0,848
orjson_3_11_8,78932398379bccf7f4bd729fd0b7fd493ed806f2,0,9902875.333333334,25088.0,148,44,0,0,0,0,0,0,0,0,0,0,0,0,0,0,0,8,4,7,29,412,203,103,32,31,40,100,7,1,1,5,1,5,209,436,1,1,24,24,25,1,0,0,0,2,25,2,0,848
orjson_3_11_9,78932398379bccf7f4bd729fd0b7fd493ed806f2,0,9387770.75,25088.0,148,44,0,0,0,0,0,0,0,0,0,0,0,0,0,0,0,8,4,7,29,412,203,103,32,31,40,100,7,1,1,5,1,5,209,436,1,1,24,24,25,1,0,0,0,2,25,2,0,848
orjson_3_12_0,78932398379bccf7f4bd729fd0b7fd493ed806f2,0,9485055.666666666,25088.0,148,44,0,0,0,0,0,0,0,0,0,0,0,0,0,0,0,8,4,7,29,412,203,103,32,31,40,100,7,1,1,5,1,5,209,436,1,1,24,24,25,1,0,0,0,2,25,2,0,848
orjson_3_11_5,dce70752ded0378fb595e3842f827a0d41da8b16,0,10285694.333333334,25456.0,314,105,0,3,0,12,1,0,3,3,0,3,0,7,4,1,3,10,7,10,58,309,160,89,33,28,28,71,6,3,3,0,3,0,149,333,2,2,48,48,50,2,0,0,0,3,50,7,7,642
orjson_3_11_6,dce70752ded0378fb595e3842f827a0d41da8b16,0,10277097.333333334,25456.0,314,105,0,3,0,12,1,0,3,3,0,3,0,7,4,1,3,10,7,10,58,309,160,89,33,28,28,71,6,3,3,0,3,0,149,333,2,2,48,48,50,2,0,0,0,3,50,7,7,642
orjson_3_11_7,dce70752ded0378fb595e3842f827a0d41da8b16,0,10301583.333333334,25456.0,314,105,0,3,0,12,1,0,3,3,0,3,0,7,4,1,3,10,7,10,58,309,160,89,33,28,28,71,6,3,3,0,3,0,149,333,2,2,48,48,50,2,0,0,0,3,50,7,7,642
orjson_3_11_8,dce70752ded0378fb595e3842f827a0d41da8b16,0,10201138.666666666,25456.0,314,105,0,3,0,12,1,0,3,3,0,3,0,7,4,1,3,10,7,10,58,309,160,89,33,28,28,71,6,3,3,0,3,0,149,333,2,2,48,48,50,2,0,0,0,3,50,7,7,642
orjson_3_11_9,dce70752ded0378fb595e3842f827a0d41da8b16,0,9985347.0,25456.0,314,105,0,3,0,12,1,0,3,3,0,3,0,7,4,1,3,10,7,10,58,309,160,89,33,28,28,71,6,3,3,0,3,0,149,333,2,2,48,48,50,2,0,0,0,3,50,7,7,642
orjson_3_12_0,dce70752ded0378fb595e3842f827a0d41da8b16,0,10045569.333333334,25456.0,314,105,0,3,0,12,1,0,3,3,0,3,0,7,4,1,3,10,7,10,58,309,160,89,33,28,28,71,6,3,3,0,3,0,149,333,2,2,48,48,50,2,0,0,0,3,50,7,7,642
orjson_3_11_5,c5134655c5969f1d7df384283f258fdcbc7c2c54,0,8242652.666666667,24504.0,178,75,0,1,1,15,2,1,0,0,1,1,2,3,2,1,0,4,6,8,28,403,193,98,24,38,36,95,10,2,7,1,2,1,210,405,1,1,24,24,25,1,0,0,0,2,25,1,3,808
orjson_3_11_6,c5134655c5969f1d7df384283f258fdcbc7c2c54,0,8297861.333333333,24504.0,178,75,0,1,1,15,2,1,0,0,1,1,2,3,2,1,0,4,6,8,28,403,193,98,24,38,36,95,10,2,7,1,2,1,210,405,1,1,24,24,25,1,0,0,0,2,25,1,3,808
orjson_3_11_7,c5134655c5969f1d7df384283f258fdcbc7c2c54,0,8144593.75,24504.0,178,75,0,1,1,15,2,1,0,0,1,1,2,3,2,1,0,4,6,8,28,403,193,98,24,38,36,95,10,2,7,1,2,1,210,405,1,1,24,24,25,1,0,0,0,2,25,1,3,808
orjson_3_11_8,c5134655c5969f1d7df384283f258fdcbc7c2c54,0,8201739.25,24504.0,178,75,0,1,1,15,2,1,0,0,1,1,2,3,2,1,0,4,6,8,28,403,193,98,24,38,36,95,10,2,7,1,2,1,210,405,1,1,24,24,25,1,0,0,0,2,25,1,3,808
orjson_3_11_9,c5134655c5969f1d7df384283f258fdcbc7c2c54,0,7847055.333333333,24504.0,178,75,0,1,1,15,2,1,0,0,1,1,2,3,2,1,0,4,6,8,28,403,193,98,24,38,36,95,10,2,7,1,2,1,210,405,1,1,24,24,25,1,0,0,0,2,25,1,3,808
orjson_3_12_0,c5134655c5969f1d7df384283f258fdcbc7c2c54,0,7968264.0,24504.0,178,75,0,1,1,15,2,1,0,0,1,1,2,3,2,1,0,4,6,8,28,403,193,98,24,38,36,95,10,2,7,1,2,1,210,405,1,1,24,24,25,1,0,0,0,2,25,1,3,808
orjson_3_11_5,9eaa12dcb5347a690de1d7aedd5ac947685e3e77,0,8231846.666666667,24504.0,178,75,0,1,1,15,2,1,0,0,1,1,2,3,2,1,0,4,6,8,28,403,193,98,24,38,36,95,10,2,7,1,2,1,210,405,1,1,24,24,25,1,0,0,0,2,25,1,3,808
orjson_3_11_6,9eaa12dcb5347a690de1d7aedd5ac947685e3e77,0,8216652.666666667,24504.0,178,75,0,1,1,15,2,1,0,0,1,1,2,3,2,1,0,4,6,8,28,403,193,98,24,38,36,95,10,2,7,1,2,1,210,405,1,1,24,24,25,1,0,0,0,2,25,1,3,808
orjson_3_11_7,9eaa12dcb5347a690de1d7aedd5ac947685e3e77,0,8208333.25,24504.0,178,75,0,1,1,15,2,1,0,0,1,1,2,3,2,1,0,4,6,8,28,403,193,98,24,38,36,95,10,2,7,1,2,1,210,405,1,1,24,24,25,1,0,0,0,2,25,1,3,808
orjson_3_11_8,9eaa12dcb5347a690de1d7aedd5ac947685e3e77,0,8206041.0,24504.0,178,75,0,1,1,15,2,1,0,0,1,1,2,3,2,1,0,4,6,8,28,403,193,98,24,38,36,95,10,2,7,1,2,1,210,405,1,1,24,24,25,1,0,0,0,2,25,1,3,808
orjson_3_11_9,9eaa12dcb5347a690de1d7aedd5ac947685e3e77,0,7886781.0,24504.0,178,75,0,1,1,15,2,1,0,0,1,1,2,3,2,1,0,4,6,8,28,403,193,98,24,38,36,95,10,2,7,1,2,1,210,405,1,1,24,24,25,1,0,0,0,2,25,1,3,808
orjson_3_12_0,9eaa12dcb5347a690de1d7aedd5ac947685e3e77,0,7842805.666666667,24504.0,178,75,0,1,1,15,2,1,0,0,1,1,2,3,2,1,0,4,6,8,28,403,193,98,24,38,36,95,10,2,7,1,2,1,210,405,1,1,24,24,25,1,0,0,0,2,25,1,3,808
orjson_3_11_5,8c7144633badb7ac2a53f1dd9667eb2f1a94e835,0,10308471.666666666,25456.0,314,105,0,3,0,12,1,0,3,3,0,3,0,7,4,1,3,10,7,10,58,309,160,89,33,28,28,71,6,3,3,0,3,0,149,333,2,2,48,48,50,2,0,0,0,3,50,7,7,642
orjson_3_11_6,8c7144633badb7ac2a53f1dd9667eb2f1a94e835,0,10276347.333333334,25456.0,314,105,0,3,0,12,1,0,3,3,0,3,0,7,4,1,3,10,7,10,58,309,160,89,33,28,28,71,6,3,3,0,3,0,149,333,2,2,48,48,50,2,0,0,0,3,50,7,7,642
orjson_3_11_7,8c7144633badb7ac2a53f1dd9667eb2f1a94e835,0,10272486.0,25456.0,314,105,0,3,0,12,1,0,3,3,0,3,0,7,4,1,3,10,7,10,58,309,160,89,33,28,28,71,6,3,3,0,3,0,149,333,2,2,48,48,50,2,0,0,0,3,50,7,7,642
orjson_3_11_8,8c7144633badb7ac2a53f1dd9667eb2f1a94e835,0,10187791.666666666,25456.0,314,105,0,3,0,12,1,0,3,3,0,3,0,7,4,1,3,10,7,10,58,309,160,89,33,28,28,71,6,3,3,0,3,0,149,333,2,2,48,48,50,2,0,0,0,3,50,7,7,642
orjson_3_11_9,8c7144633badb7ac2a53f1dd9667eb2f1a94e835,0,10074041.666666666,25456.0,314,105,0,3,0,12,1,0,3,3,0,3,0,7,4,1,3,10,7,10,58,309,160,89,33,28,28,71,6,3,3,0,3,0,149,333,2,2,48,48,50,2,0,0,0,3,50,7,7,642
orjson_3_12_0,8c7144633badb7ac2a53f1dd9667eb2f1a94e835,0,10050347.0,25456.0,314,105,0,3,0,12,1,0,3,3,0,3,0,7,4,1,3,10,7,10,58,309,160,89,33,28,28,71,6,3,3,0,3,0,149,333,2,2,48,48,50,2,0,0,0,3,50,7,7,642
orjson_3_11_5,ab835e22799c99292443d43453951983d1488b9c,0,10399236.0,25456.0,314,105,0,3,0,0,0,0,3,3,0,3,0,7,4,0,4,10,7,10,58,309,160,89,33,28,28,71,6,3,3,0,3,0,149,333,2,2,48,48,50,2,0,0,0,3,50,7,7,642
orjson_3_11_6,ab835e22799c99292443d43453951983d1488b9c,0,10292541.75,25456.0,314,105,0,3,0,0,0,0,3,3,0,3,0,7,4,0,4,10,7,10,58,309,160,89,33,28,28,71,6,3,3,0,3,0,149,333,2,2,48,48,50,2,0,0,0,3,50,7,7,642
orjson_3_11_7,ab835e22799c99292443d43453951983d1488b9c,0,10402055.666666666,25456.0,314,105,0,3,0,0,0,0,3,3,0,3,0,7,4,0,4,10,7,10,58,309,160,89,33,28,28,71,6,3,3,0,3,0,149,333,2,2,48,48,50,2,0,0,0,3,50,7,7,642
orjson_3_11_8,ab835e22799c99292443d43453951983d1488b9c,0,10245708.666666666,25456.0,314,105,0,3,0,0,0,0,3,3,0,3,0,7,4,0,4,10,7,10,58,309,160,89,33,28,28,71,6,3,3,0,3,0,149,333,2,2,48,48,50,2,0,0,0,3,50,7,7,642
orjson_3_11_9,ab835e22799c99292443d43453951983d1488b9c,0,9922194.666666666,25456.0,314,105,0,3,0,0,0,0,3,3,0,3,0,7,4,0,4,10,7,10,58,309,160,89,33,28,28,71,6,3,3,0,3,0,149,333,2,2,48,48,50,2,0,0,0,3,50,7,7,642
orjson_3_12_0,ab835e22799c99292443d43453951983d1488b9c,0,9909083.0,25456.0,314,105,0,3,0,0,0,0,3,3,0,3,0,7,4,0,4,10,7,10,58,309,160,89,33,28,28,71,6,3,3,0,3,0,149,333,2,2,48,48,50,2,0,0,0,3,50,7,7,642
orjson_3_11_5,18498831133fcdc6ac306b18a07441b00843239b,0,8179250.25,24504.0,178,75,0,1,1,15,2,1,0,0,1,2,2,3,2,1,0,4,6,8,28,403,193,98,24,38,36,95,10,2,7,1,2,1,210,405,1,1,24,24,25,1,0,0,0,2,25,1,3,808
orjson_3_11_6,18498831133fcdc6ac306b18a07441b00843239b,0,8176889.0,24504.0,178,75,0,1,1,15,2,1,0,0,1,2,2,3,2,1,0,4,6,8,28,403,193,98,24,38,36,95,10,2,7,1,2,1,210,405,1,1,24,24,25,1,0,0,0,2,25,1,3,808
orjson_3_11_7,18498831133fcdc6ac306b18a07441b00843239b,0,8256139.0,24504.0,178,75,0,1,1,15,2,1,0,0,1,2,2,3,2,1,0,4,6,8,28,403,193,98,24,38,36,95,10,2,7,1,2,1,210,405,1,1,24,24,25,1,0,0,0,2,25,1,3,808
orjson_3_11_8,18498831133fcdc6ac306b18a07441b00843239b,0,8357500.0,24504.0,178,75,0,1,1,15,2,1,0,0,1,2,2,3,2,1,0,4,6,8,28,403,193,98,24,38,36,95,10,2,7,1,2,1,210,405,1,1,24,24,25,1,0,0,0,2,25,1,3,808
orjson_3_11_9,18498831133fcdc6ac306b18a07441b00843239b,0,7871375.0,24504.0,178,75,0,1,1,15,2,1,0,0,1,2,2,3,2,1,0,4,6,8,28,403,193,98,24,38,36,95,10,2,7,1,2,1,210,405,1,1,24,24,25,1,0,0,0,2,25,1,3,808
orjson_3_12_0,18498831133fcdc6ac306b18a07441b00843239b,0,8014430.0,24504.0,178,75,0,1,1,15,2,1,0,0,1,2,2,3,2,1,0,4,6,8,28,403,193,98,24,38,36,95,10,2,7,1,2,1,210,405,1,1,24,24,25,1,0,0,0,2,25,1,3,808
orjson_3_11_5,8a67d02fcf052a8d194f952614b91af30a896710,0,8242194.333333333,24532.0,176,73,0,1,1,18,2,1,0,0,1,1,2,3,2,1,0,4,6,8,28,403,193,98,24,38,36,95,10,2,7,1,2,1,210,405,1,1,24,24,25,1,0,0,0,2,25,1,3,808
orjson_3_11_6,8a67d02fcf052a8d194f952614b91af30a896710,0,8382448.0,24532.0,176,73,0,1,1,18,2,1,0,0,1,1,2,3,2,1,0,4,6,8,28,403,193,98,24,38,36,95,10,2,7,1,2,1,210,405,1,1,24,24,25,1,0,0,0,2,25,1,3,808
orjson_3_11_7,8a67d02fcf052a8d194f952614b91af30a896710,0,8257930.666666667,24532.0,176,73,0,1,1,18,2,1,0,0,1,1,2,3,2,1,0,4,6,8,28,403,193,98,24,38,36,95,10,2,7,1,2,1,210,405,1,1,24,24,25,1,0,0,0,2,25,1,3,808
orjson_3_11_8,8a67d02fcf052a8d194f952614b91af30a896710,0,8186916.666666667,24532.0,176,73,0,1,1,18,2,1,0,0,1,1,2,3,2,1,0,4,6,8,28,403,193,98,24,38,36,95,10,2,7,1,2,1,210,405,1,1,24,24,25,1,0,0,0,2,25,1,3,808
orjson_3_11_9,8a67d02fcf052a8d194f952614b91af30a896710,0,7994895.75,24532.0,176,73,0,1,1,18,2,1,0,0,1,1,2,3,2,1,0,4,6,8,28,403,193,98,24,38,36,95,10,2,7,1,2,1,210,405,1,1,24,24,25,1,0,0,0,2,25,1,3,808
orjson_3_12_0,8a67d02fcf052a8d194f952614b91af30a896710,0,7953833.333333333,24532.0,176,73,0,1,1,18,2,1,0,0,1,1,2,3,2,1,0,4,6,8,28,403,193,98,24,38,36,95,10,2,7,1,2,1,210,405,1,1,24,24,25,1,0,0,0,2,25,1,3,808
orjson_3_11_5,64d93fc5e3ab42c37df0e686df94725b5c20745e,0,10198028.0,25452.0,278,70,0,1,1,7,2,0,0,0,1,1,2,2,1,1,0,11,8,11,61,344,168,83,30,27,26,85,11,3,4,4,3,4,176,321,2,2,48,48,50,2,0,0,0,3,50,6,2,665
orjson_3_11_6,64d93fc5e3ab42c37df0e686df94725b5c20745e,0,10119861.333333334,25452.0,278,70,0,1,1,7,2,0,0,0,1,1,2,2,1,1,0,11,8,11,61,344,168,83,30,27,26,85,11,3,4,4,3,4,176,321,2,2,48,48,50,2,0,0,0,3,50,6,2,665
orjson_3_11_7,64d93fc5e3ab42c37df0e686df94725b5c20745e,0,10222319.333333334,25452.0,278,70,0,1,1,7,2,0,0,0,1,1,2,2,1,1,0,11,8,11,61,344,168,83,30,27,26,85,11,3,4,4,3,4,176,321,2,2,48,48,50,2,0,0,0,3,50,6,2,665
orjson_3_11_8,64d93fc5e3ab42c37df0e686df94725b5c20745e,0,10238749.666666666,25452.0,278,70,0,1,1,7,2,0,0,0,1,1,2,2,1,1,0,11,8,11,61,344,168,83,30,27,26,85,11,3,4,4,3,4,176,321,2,2,48,48,50,2,0,0,0,3,50,6,2,665
orjson_3_11_9,64d93fc5e3ab42c37df0e686df94725b5c20745e,0,10018250.0,25452.0,278,70,0,1,1,7,2,0,0,0,1,1,2,2,1,1,0,11,8,11,61,344,168,83,30,27,26,85,11,3,4,4,3,4,176,321,2,2,48,48,50,2,0,0,0,3,50,6,2,665
orjson_3_12_0,64d93fc5e3ab42c37df0e686df94725b5c20745e,0,10000458.333333334,25452.0,278,70,0,1,1,7,2,0,0,0,1,1,2,2,1,1,0,11,8,11,61,344,168,83,30,27,26,85,11,3,4,4,3,4,176,321,2,2,48,48,50,2,0,0,0,3,50,6,2,665
orjson_3_11_5,d8ce2e09422b4ac03106bf89aee2328aa1cc1843,0,10082361.666666666,25459.0,286,81,0,1,0,7,1,1,1,1,0,1,0,4,3,1,1,18,6,11,57,366,180,77,26,25,26,103,11,6,3,2,6,2,186,277,2,2,48,48,50,2,0,0,0,3,50,3,4,643
orjson_3_11_6,d8ce2e09422b4ac03106bf89aee2328aa1cc1843,0,10018736.333333334,25459.0,286,81,0,1,0,7,1,1,1,1,0,1,0,4,3,1,1,18,6,11,57,366,180,77,26,25,26,103,11,6,3,2,6,2,186,277,2,2,48,48,50,2,0,0,0,3,50,3,4,643
orjson_3_11_7,d8ce2e09422b4ac03106bf89aee2328aa1cc1843,0,10197041.666666666,25459.0,286,81,0,1,0,7,1,1,1,1,0,1,0,4,3,1,1,18,6,11,57,366,180,77,26,25,26,103,11,6,3,2,6,2,186,277,2,2,48,48,50,2,0,0,0,3,50,3,4,643
orjson_3_11_8,d8ce2e09422b4ac03106bf89aee2328aa1cc1843,0,10150722.333333334,25459.0,286,81,0,1,0,7,1,1,1,1,0,1,0,4,3,1,1,18,6,11,57,366,180,77,26,25,26,103,11,6,3,2,6,2,186,277,2,2,48,48,50,2,0,0,0,3,50,3,4,643
orjson_3_11_9,d8ce2e09422b4ac03106bf89aee2328aa1cc1843,0,9905819.333333334,25459.0,286,81,0,1,0,7,1,1,1,1,0,1,0,4,3,1,1,18,6,11,57,366,180,77,26,25,26,103,11,6,3,2,6,2,186,277,2,2,48,48,50,2,0,0,0,3,50,3,4,643
orjson_3_12_0,d8ce2e09422b4ac03106bf89aee2328aa1cc1843,0,9885805.666666666,25459.0,286,81,0,1,0,7,1,1,1,1,0,1,0,4,3,1,1,18,6,11,57,366,180,77,26,25,26,103,11,6,3,2,6,2,186,277,2,2,48,48,50,2,0,0,0,3,50,3,4,643
orjson_3_11_5,78bae3466a6e62be71251dc1d3f57a9a7aebcc49,0,10189555.666666666,25459.0,289,84,0,1,0,7,1,1,1,1,0,1,0,4,3,1,1,18,6,11,57,365,181,77,26,25,26,104,12,6,3,3,6,3,184,278,2,2,48,48,50,2,0,0,0,3,50,3,4,643
orjson_3_11_6,78bae3466a6e62be71251dc1d3f57a9a7aebcc49,0,10067111.0,25459.0,289,84,0,1,0,7,1,1,1,1,0,1,0,4,3,1,1,18,6,11,57,365,181,77,26,25,26,104,12,6,3,3,6,3,184,278,2,2,48,48,50,2,0,0,0,3,50,3,4,643
orjson_3_11_7,78bae3466a6e62be71251dc1d3f57a9a7aebcc49,0,10246986.333333334,25459.0,289,84,0,1,0,7,1,1,1,1,0,1,0,4,3,1,1,18,6,11,57,365,181,77,26,25,26,104,12,6,3,3,6,3,184,278,2,2,48,48,50,2,0,0,0,3,50,3,4,643
orjson_3_11_8,78bae3466a6e62be71251dc1d3f57a9a7aebcc49,0,10144208.333333334,25459.0,289,84,0,1,0,7,1,1,1,1,0,1,0,4,3,1,1,18,6,11,57,365,181,77,26,25,26,104,12,6,3,3,6,3,184,278,2,2,48,48,50,2,0,0,0,3,50,3,4,643
orjson_3_11_9,78bae3466a6e62be71251dc1d3f57a9a7aebcc49,0,9898194.333333334,25459.0,289,84,0,1,0,7,1,1,1,1,0,1,0,4,3,1,1,18,6,11,57,365,181,77,26,25,26,104,12,6,3,3,6,3,184,278,2,2,48,48,50,2,0,0,0,3,50,3,4,643
orjson_3_12_0,78bae3466a6e62be71251dc1d3f57a9a7aebcc49,0,9935735.666666666,25459.0,289,84,0,1,0,7,1,1,1,1,0,1,0,4,3,1,1,18,6,11,57,365,181,77,26,25,26,104,12,6,3,3,6,3,184,278,2,2,48,48,50,2,0,0,0,3,50,3,4,643
orjson_3_11_5,7d83a6d83ab4228ed0705b418b3a20fb7d79e14b,0,10200944.666666666,25452.0,278,70,0,1,1,7,2,0,0,0,1,1,2,2,1,1,0,11,8,11,61,344,167,82,29,28,25,85,11,3,4,4,3,4,177,321,2,2,48,48,50,2,0,0,0,3,50,6,2,665
orjson_3_11_6,7d83a6d83ab4228ed0705b418b3a20fb7d79e14b,0,10111125.333333334,25452.0,278,70,0,1,1,7,2,0,0,0,1,1,2,2,1,1,0,11,8,11,61,344,167,82,29,28,25,85,11,3,4,4,3,4,177,321,2,2,48,48,50,2,0,0,0,3,50,6,2,665
orjson_3_11_7,7d83a6d83ab4228ed0705b418b3a20fb7d79e14b,0,10246027.333333334,25452.0,278,70,0,1,1,7,2,0,0,0,1,1,2,2,1,1,0,11,8,11,61,344,167,82,29,28,25,85,11,3,4,4,3,4,177,321,2,2,48,48,50,2,0,0,0,3,50,6,2,665
orjson_3_11_8,7d83a6d83ab4228ed0705b418b3a20fb7d79e14b,0,10165097.333333334,25452.0,278,70,0,1,1,7,2,0,0,0,1,1,2,2,1,1,0,11,8,11,61,344,167,82,29,28,25,85,11,3,4,4,3,4,177,321,2,2,48,48,50,2,0,0,0,3,50,6,2,665
orjson_3_11_9,7d83a6d83ab4228ed0705b418b3a20fb7d79e14b,0,9922486.0,25452.0,278,70,0,1,1,7,2,0,0,0,1,1,2,2,1,1,0,11,8,11,61,344,167,82,29,28,25,85,11,3,4,4,3,4,177,321,2,2,48,48,50,2,0,0,0,3,50,6,2,665
orjson_3_12_0,7d83a6d83ab4228ed0705b418b3a20fb7d79e14b,0,9946111.333333334,25452.0,278,70,0,1,1,7,2,0,0,0,1,1,2,2,1,1,0,11,8,11,61,344,167,82,29,28,25,85,11,3,4,4,3,4,177,321,2,2,48,48,50,2,0,0,0,3,50,6,2,665
orjson_3_11_5,ea875623601d160ff816e926cd6d63c3121b2f9c,0,10280666.333333334,25459.0,290,85,0,1,0,7,1,1,1,1,1,1,1,4,3,1,1,18,6,11,57,365,181,77,26,25,26,104,12,6,3,3,6,3,184,278,2,2,48,48,50,2,0,0,0,3,50,3,4,643
orjson_3_11_6,ea875623601d160ff816e926cd6d63c3121b2f9c,0,10200930.666666666,25459.0,290,85,0,1,0,7,1,1,1,1,1,1,1,4,3,1,1,18,6,11,57,365,181,77,26,25,26,104,12,6,3,3,6,3,184,278,2,2,48,48,50,2,0,0,0,3,50,3,4,643
orjson_3_11_7,ea875623601d160ff816e926cd6d63c3121b2f9c,0,10255805.333333334,25459.0,290,85,0,1,0,7,1,1,1,1,1,1,1,4,3,1,1,18,6,11,57,365,181,77,26,25,26,104,12,6,3,3,6,3,184,278,2,2,48,48,50,2,0,0,0,3,50,3,4,643
orjson_3_11_8,ea875623601d160ff816e926cd6d63c3121b2f9c,0,10275486.333333334,25459.0,290,85,0,1,0,7,1,1,1,1,1,1,1,4,3,1,1,18,6,11,57,365,181,77,26,25,26,104,12,6,3,3,6,3,184,278,2,2,48,48,50,2,0,0,0,3,50,3,4,643
orjson_3_11_9,ea875623601d160ff816e926cd6d63c3121b2f9c,0,9930458.666666666,25459.0,290,85,0,1,0,7,1,1,1,1,1,1,1,4,3,1,1,18,6,11,57,365,181,77,26,25,26,104,12,6,3,3,6,3,184,278,2,2,48,48,50,2,0,0,0,3,50,3,4,643
orjson_3_12_0,ea875623601d160ff816e926cd6d63c3121b2f9c,0,9935277.333333334,25459.0,290,85,0,1,0,7,1,1,1,1,1,1,1,4,3,1,1,18,6,11,57,365,181,77,26,25,26,104,12,6,3,3,6,3,184,278,2,2,48,48,50,2,0,0,0,3,50,3,4,643
orjson_3_11_5,73979e1807a706ab0bd89453221f24b0d5750a78,0,10190541.666666666,25452.0,278,70,0,1,1,7,2,0,0,0,1,1,2,2,1,1,0,11,8,11,61,344,167,82,29,28,25,85,11,3,4,4,3,4,177,321,2,2,48,48,50,2,0,0,0,3,50,6,2,665
orjson_3_11_6,73979e1807a706ab0bd89453221f24b0d5750a78,0,10183902.666666666,25452.0,278,70,0,1,1,7,2,0,0,0,1,1,2,2,1,1,0,11,8,11,61,344,167,82,29,28,25,85,11,3,4,4,3,4,177,321,2,2,48,48,50,2,0,0,0,3,50,6,2,665
orjson_3_11_7,73979e1807a706ab0bd89453221f24b0d5750a78,0,10241889.0,25452.0,278,70,0,1,1,7,2,0,0,0,1,1,2,2,1,1,0,11,8,11,61,344,167,82,29,28,25,85,11,3,4,4,3,4,177,321,2,2,48,48,50,2,0,0,0,3,50,6,2,665
orjson_3_11_8,73979e1807a706ab0bd89453221f24b0d5750a78,0,10225416.666666666,25452.0,278,70,0,1,1,7,2,0,0,0,1,1,2,2,1,1,0,11,8,11,61,344,167,82,29,28,25,85,11,3,4,4,3,4,177,321,2,2,48,48,50,2,0,0,0,3,50,6,2,665
orjson_3_11_9,73979e1807a706ab0bd89453221f24b0d5750a78,0,9905860.666666666,25452.0,278,70,0,1,1,7,2,0,0,0,1,1,2,2,1,1,0,11,8,11,61,344,167,82,29,28,25,85,11,3,4,4,3,4,177,321,2,2,48,48,50,2,0,0,0,3,50,6,2,665
orjson_3_12_0,73979e1807a706ab0bd89453221f24b0d5750a78,0,10009750.0,25452.0,278,70,0,1,1,7,2,0,0,0,1,1,2,2,1,1,0,11,8,11,61,344,167,82,29,28,25,85,11,3,4,4,3,4,177,321,2,2,48,48,50,2,0,0,0,3,50,6,2,665
orjson_3_11_5,7ba7f9f49f73f48c459e7646a2af5d88315bd136,0,10192972.333333334,25452.0,274,66,0,1,0,3,1,0,1,1,1,1,2,2,1,1,0,11,8,11,61,344,168,83,30,27,26,85,11,3,4,4,3,4,176,321,2,2,48,48,50,2,0,0,0,3,50,6,2,665
orjson_3_11_6,7ba7f9f49f73f48c459e7646a2af5d88315bd136,0,10092152.666666666,25452.0,274,66,0,1,0,3,1,0,1,1,1,1,2,2,1,1,0,11,8,11,61,344,168,83,30,27,26,85,11,3,4,4,3,4,176,321,2,2,48,48,50,2,0,0,0,3,50,6,2,665
orjson_3_11_7,7ba7f9f49f73f48c459e7646a2af5d88315bd136,0,10209444.666666666,25452.0,274,66,0,1,0,3,1,0,1,1,1,1,2,2,1,1,0,11,8,11,61,344,168,83,30,27,26,85,11,3,4,4,3,4,176,321,2,2,48,48,50,2,0,0,0,3,50,6,2,665
orjson_3_11_8,7ba7f9f49f73f48c459e7646a2af5d88315bd136,0,10219111.0,25452.0,274,66,0,1,0,3,1,0,1,1,1,1,2,2,1,1,0,11,8,11,61,344,168,83,30,27,26,85,11,3,4,4,3,4,176,321,2,2,48,48,50,2,0,0,0,3,50,6,2,665
orjson_3_11_9,7ba7f9f49f73f48c459e7646a2af5d88315bd136,0,9880708.666666666,25452.0,274,66,0,1,0,3,1,0,1,1,1,1,2,2,1,1,0,11,8,11,61,344,168,83,30,27,26,85,11,3,4,4,3,4,176,321,2,2,48,48,50,2,0,0,0,3,50,6,2,665
orjson_3_12_0,7ba7f9f49f73f48c459e7646a2af5d88315bd136,0,9978166.333333334,25452.0,274,66,0,1,0,3,1,0,1,1,1,1,2,2,1,1,0,11,8,11,61,344,168,83,30,27,26,85,11,3,4,4,3,4,176,321,2,2,48,48,50,2,0,0,0,3,50,6,2,665
orjson_3_11_5,3a0e1f8d5b53110319435c8e13064f7f34435ff8,0,8738486.0,20699.0,283,78,0,2,0,0,0,1,2,2,2,1,4,5,3,0,2,18,6,10,57,283,143,60,21,19,20,83,12,6,3,3,6,3,140,214,2,2,48,48,50,2,0,0,0,3,50,3,5,497
orjson_3_11_6,3a0e1f8d5b53110319435c8e13064f7f34435ff8,0,8750722.333333334,20699.0,283,78,0,2,0,0,0,1,2,2,2,1,4,5,3,0,2,18,6,10,57,283,143,60,21,19,20,83,12,6,3,3,6,3,140,214,2,2,48,48,50,2,0,0,0,3,50,3,5,497
orjson_3_11_7,3a0e1f8d5b53110319435c8e13064f7f34435ff8,0,8762972.333333334,20699.0,283,78,0,2,0,0,0,1,2,2,2,1,4,5,3,0,2,18,6,10,57,283,143,60,21,19,20,83,12,6,3,3,6,3,140,214,2,2,48,48,50,2,0,0,0,3,50,3,5,497
orjson_3_11_8,3a0e1f8d5b53110319435c8e13064f7f34435ff8,0,8784624.75,20699.0,283,78,0,2,0,0,0,1,2,2,2,1,4,5,3,0,2,18,6,10,57,283,143,60,21,19,20,83,12,6,3,3,6,3,140,214,2,2,48,48,50,2,0,0,0,3,50,3,5,497
orjson_3_11_9,3a0e1f8d5b53110319435c8e13064f7f34435ff8,0,8558305.666666666,20699.0,283,78,0,2,0,0,0,1,2,2,2,1,4,5,3,0,2,18,6,10,57,283,143,60,21,19,20,83,12,6,3,3,6,3,140,214,2,2,48,48,50,2,0,0,0,3,50,3,5,497
orjson_3_12_0,3a0e1f8d5b53110319435c8e13064f7f34435ff8,0,8569792.0,20699.0,283,78,0,2,0,0,0,1,2,2,2,1,4,5,3,0,2,18,6,10,57,283,143,60,21,19,20,83,12,6,3,3,6,3,140,214,2,2,48,48,50,2,0,0,0,3,50,3,5,497
orjson_3_11_5,799cc48e1eeacfdc642812b14946b4667ec96c58,0,10219097.0,25459.0,283,78,0,1,0,14,2,1,1,1,1,1,2,4,3,2,0,18,6,11,57,364,181,77,26,25,26,104,12,6,3,3,6,3,183,278,2,2,48,48,50,2,0,0,0,3,50,3,4,642
orjson_3_11_6,799cc48e1eeacfdc642812b14946b4667ec96c58,0,10129555.666666666,25459.0,283,78,0,1,0,14,2,1,1,1,1,1,2,4,3,2,0,18,6,11,57,364,181,77,26,25,26,104,12,6,3,3,6,3,183,278,2,2,48,48,50,2,0,0,0,3,50,3,4,642
orjson_3_11_7,799cc48e1eeacfdc642812b14946b4667ec96c58,0,10164666.666666666,25459.0,283,78,0,1,0,14,2,1,1,1,1,1,2,4,3,2,0,18,6,11,57,364,181,77,26,25,26,104,12,6,3,3,6,3,183,278,2,2,48,48,50,2,0,0,0,3,50,3,4,642
orjson_3_11_8,799cc48e1eeacfdc642812b14946b4667ec96c58,0,10312500.333333334,25459.0,283,78,0,1,0,14,2,1,1,1,1,1,2,4,3,2,0,18,6,11,57,364,181,77,26,25,26,104,12,6,3,3,6,3,183,278,2,2,48,48,50,2,0,0,0,3,50,3,4,642
orjson_3_11_9,799cc48e1eeacfdc642812b14946b4667ec96c58,0,10129403.0,25459.0,283,78,0,1,0,14,2,1,1,1,1,1,2,4,3,2,0,18,6,11,57,364,181,77,26,25,26,104,12,6,3,3,6,3,183,278,2,2,48,48,50,2,0,0,0,3,50,3,4,642
orjson_3_12_0,799cc48e1eeacfdc642812b14946b4667ec96c58,0,9939624.666666666,25459.0,283,78,0,1,0,14,2,1,1,1,1,1,2,4,3,2,0,18,6,11,57,364,181,77,26,25,26,104,12,6,3,3,6,3,183,278,2,2,48,48,50,2,0,0,0,3,50,3,4,642
orjson_3_11_5,858901716f578a78ab53950523904d184c172e8b,0,8478291.666666666,20571.0,279,74,0,2,0,7,1,1,2,2,2,1,4,5,3,1,1,17,6,11,57,282,143,60,21,20,19,83,12,6,4,2,6,2,139,214,2,2,48,48,50,2,0,0,0,3,50,3,5,496
orjson_3_11_6,858901716f578a78ab53950523904d184c172e8b,0,8420125.333333334,20571.0,279,74,0,2,0,7,1,1,2,2,2,1,4,5,3,1,1,17,6,11,57,282,143,60,21,20,19,83,12,6,4,2,6,2,139,214,2,2,48,48,50,2,0,0,0,3,50,3,5,496
orjson_3_11_7,858901716f578a78ab53950523904d184c172e8b,0,8561514.333333334,20571.0,279,74,0,2,0,7,1,1,2,2,2,1,4,5,3,1,1,17,6,11,57,282,143,60,21,20,19,83,12,6,4,2,6,2,139,214,2,2,48,48,50,2,0,0,0,3,50,3,5,496
orjson_3_11_8,858901716f578a78ab53950523904d184c172e8b,0,8491819.666666666,20571.0,279,74,0,2,0,7,1,1,2,2,2,1,4,5,3,1,1,17,6,11,57,282,143,60,21,20,19,83,12,6,4,2,6,2,139,214,2,2,48,48,50,2,0,0,0,3,50,3,5,496
orjson_3_11_9,858901716f578a78ab53950523904d184c172e8b,0,8295986.0,20571.0,279,74,0,2,0,7,1,1,2,2,2,1,4,5,3,1,1,17,6,11,57,282,143,60,21,20,19,83,12,6,4,2,6,2,139,214,2,2,48,48,50,2,0,0,0,3,50,3,5,496
orjson_3_12_0,858901716f578a78ab53950523904d184c172e8b,0,8361889.0,20571.0,279,74,0,2,0,7,1,1,2,2,2,1,4,5,3,1,1,17,6,11,57,282,143,60,21,20,19,83,12,6,4,2,6,2,139,214,2,2,48,48,50,2,0,0,0,3,50,3,5,496
orjson_3_11_5,025079a3e2224f2a6a9ac50b7a626b0a4363532d,0,10380847.333333334,25459.0,291,86,0,1,0,7,1,1,1,1,0,1,0,4,3,1,1,18,6,11,57,366,180,77,27,24,26,103,12,6,3,3,6,3,186,277,2,2,48,48,50,2,0,0,0,3,50,3,4,643
orjson_3_11_6,025079a3e2224f2a6a9ac50b7a626b0a4363532d,0,10345847.333333334,25459.0,291,86,0,1,0,7,1,1,1,1,0,1,0,4,3,1,1,18,6,11,57,366,180,77,27,24,26,103,12,6,3,3,6,3,186,277,2,2,48,48,50,2,0,0,0,3,50,3,4,643
orjson_3_11_7,025079a3e2224f2a6a9ac50b7a626b0a4363532d,0,10221861.333333334,25459.0,291,86,0,1,0,7,1,1,1,1,0,1,0,4,3,1,1,18,6,11,57,366,180,77,27,24,26,103,12,6,3,3,6,3,186,277,2,2,48,48,50,2,0,0,0,3,50,3,4,643
orjson_3_11_8,025079a3e2224f2a6a9ac50b7a626b0a4363532d,0,10228500.0,25459.0,291,86,0,1,0,7,1,1,1,1,0,1,0,4,3,1,1,18,6,11,57,366,180,77,27,24,26,103,12,6,3,3,6,3,186,277,2,2,48,48,50,2,0,0,0,3,50,3,4,643
orjson_3_11_9,025079a3e2224f2a6a9ac50b7a626b0a4363532d,0,10151569.333333334,25459.0,291,86,0,1,0,7,1,1,1,1,0,1,0,4,3,1,1,18,6,11,57,366,180,77,27,24,26,103,12,6,3,3,6,3,186,277,2,2,48,48,50,2,0,0,0,3,50,3,4,643
orjson_3_12_0,025079a3e2224f2a6a9ac50b7a626b0a4363532d,0,10039958.0,25459.0,291,86,0,1,0,7,1,1,1,1,0,1,0,4,3,1,1,18,6,11,57,366,180,77,27,24,26,103,12,6,3,3,6,3,186,277,2,2,48,48,50,2,0,0,0,3,50,3,4,643
orjson_3_11_5,46e57a4c36cc60cba500856d81acb41233342421,0,10376222.0,25459.0,287,82,0,1,0,7,1,1,1,1,0,1,0,4,3,1,1,17,6,12,57,365,178,76,26,24,26,102,12,6,3,3,6,3,187,280,2,2,48,48,50,2,0,0,0,3,50,3,4,645
orjson_3_11_6,46e57a4c36cc60cba500856d81acb41233342421,0,10376750.0,25459.0,287,82,0,1,0,7,1,1,1,1,0,1,0,4,3,1,1,17,6,12,57,365,178,76,26,24,26,102,12,6,3,3,6,3,187,280,2,2,48,48,50,2,0,0,0,3,50,3,4,645
orjson_3_11_7,46e57a4c36cc60cba500856d81acb41233342421,0,10240917.0,25459.0,287,82,0,1,0,7,1,1,1,1,0,1,0,4,3,1,1,17,6,12,57,365,178,76,26,24,26,102,12,6,3,3,6,3,187,280,2,2,48,48,50,2,0,0,0,3,50,3,4,645
orjson_3_11_8,46e57a4c36cc60cba500856d81acb41233342421,0,10231791.666666666,25459.0,287,82,0,1,0,7,1,1,1,1,0,1,0,4,3,1,1,17,6,12,57,365,178,76,26,24,26,102,12,6,3,3,6,3,187,280,2,2,48,48,50,2,0,0,0,3,50,3,4,645
orjson_3_11_9,46e57a4c36cc60cba500856d81acb41233342421,0,10093541.666666666,25459.0,287,82,0,1,0,7,1,1,1,1,0,1,0,4,3,1,1,17,6,12,57,365,178,76,26,24,26,102,12,6,3,3,6,3,187,280,2,2,48,48,50,2,0,0,0,3,50,3,4,645
orjson_3_12_0,46e57a4c36cc60cba500856d81acb41233342421,0,9996694.0,25459.0,287,82,0,1,0,7,1,1,1,1,0,1,0,4,3,1,1,17,6,12,57,365,178,76,26,24,26,102,12,6,3,3,6,3,187,280,2,2,48,48,50,2,0,0,0,3,50,3,4,645
orjson_3_11_5,58a1399eabe06025b265c58051723487f9243312,0,10187625.333333334,25459.0,289,84,0,1,0,7,1,1,1,1,0,1,0,4,3,1,1,18,6,11,57,364,181,77,26,25,26,104,12,6,3,3,6,3,183,279,2,2,48,48,50,2,0,0,0,3,50,3,4,643
orjson_3_11_6,58a1399eabe06025b265c58051723487f9243312,0,10339131.0,25459.0,289,84,0,1,0,7,1,1,1,1,0,1,0,4,3,1,1,18,6,11,57,364,181,77,26,25,26,104,12,6,3,3,6,3,183,279,2,2,48,48,50,2,0,0,0,3,50,3,4,643
orjson_3_11_7,58a1399eabe06025b265c58051723487f9243312,0,10312792.0,25459.0,289,84,0,1,0,7,1,1,1,1,0,1,0,4,3,1,1,18,6,11,57,364,181,77,26,25,26,104,12,6,3,3,6,3,183,279,2,2,48,48,50,2,0,0,0,3,50,3,4,643
orjson_3_11_8,58a1399eabe06025b265c58051723487f9243312,0,10114055.666666666,25459.0,289,84,0,1,0,7,1,1,1,1,0,1,0,4,3,1,1,18,6,11,57,364,181,77,26,25,26,104,12,6,3,3,6,3,183,279,2,2,48,48,50,2,0,0,0,3,50,3,4,643
orjson_3_11_9,58a1399eabe06025b265c58051723487f9243312,0,9731527.666666666,25459.0,289,84,0,1,0,7,1,1,1,1,0,1,0,4,3,1,1,18,6,11,57,364,181,77,26,25,26,104,12,6,3,3,6,3,183,279,2,2,48,48,50,2,0,0,0,3,50,3,4,643
orjson_3_12_0,58a1399eabe06025b265c58051723487f9243312,0,9870055.666666666,25459.0,289,84,0,1,0,7,1,1,1,1,0,1,0,4,3,1,1,18,6,11,57,364,181,77,26,25,26,104,12,6,3,3,6,3,183,279,2,2,48,48,50,2,0,0,0,3,50,3,4,643
orjson_3_11_5,0f731437940ba4e4fd83214dbd920b61f1e897b4,0,10128083.25,25452.0,278,70,0,1,1,4,1,0,0,0,1,1,2,2,1,0,1,11,8,11,61,343,167,83,29,28,26,84,10,3,3,4,3,4,176,322,2,2,48,48,50,2,0,0,0,3,50,6,2,665
orjson_3_11_6,0f731437940ba4e4fd83214dbd920b61f1e897b4,0,10260541.333333334,25452.0,278,70,0,1,1,4,1,0,0,0,1,1,2,2,1,0,1,11,8,11,61,343,167,83,29,28,26,84,10,3,3,4,3,4,176,322,2,2,48,48,50,2,0,0,0,3,50,6,2,665
orjson_3_11_7,0f731437940ba4e4fd83214dbd920b61f1e897b4,0,10192583.0,25452.0,278,70,0,1,1,4,1,0,0,0,1,1,2,2,1,0,1,11,8,11,61,343,167,83,29,28,26,84,10,3,3,4,3,4,176,322,2,2,48,48,50,2,0,0,0,3,50,6,2,665
orjson_3_11_8,0f731437940ba4e4fd83214dbd920b61f1e897b4,0,10263888.666666666,25452.0,278,70,0,1,1,4,1,0,0,0,1,1,2,2,1,0,1,11,8,11,61,343,167,83,29,28,26,84,10,3,3,4,3,4,176,322,2,2,48,48,50,2,0,0,0,3,50,6,2,665
orjson_3_11_9,0f731437940ba4e4fd83214dbd920b61f1e897b4,0,9871055.666666666,25452.0,278,70,0,1,1,4,1,0,0,0,1,1,2,2,1,0,1,11,8,11,61,343,167,83,29,28,26,84,10,3,3,4,3,4,176,322,2,2,48,48,50,2,0,0,0,3,50,6,2,665
orjson_3_12_0,0f731437940ba4e4fd83214dbd920b61f1e897b4,0,9907860.666666666,25452.0,278,70,0,1,1,4,1,0,0,0,1,1,2,2,1,0,1,11,8,11,61,343,167,83,29,28,26,84,10,3,3,4,3,4,176,322,2,2,48,48,50,2,0,0,0,3,50,6,2,665
orjson_3_11_5,f8a71676836a88ad0bf5deacd1b04addf7cf1f70,0,9279111.0,20894.0,276,68,0,1,0,3,1,0,1,1,1,1,2,2,1,1,0,12,7,11,61,300,152,74,25,25,24,78,11,2,5,4,2,4,148,277,2,2,48,48,50,2,0,0,0,3,50,6,2,577
orjson_3_11_6,f8a71676836a88ad0bf5deacd1b04addf7cf1f70,0,9346750.0,20894.0,276,68,0,1,0,3,1,0,1,1,1,1,2,2,1,1,0,12,7,11,61,300,152,74,25,25,24,78,11,2,5,4,2,4,148,277,2,2,48,48,50,2,0,0,0,3,50,6,2,577
orjson_3_11_7,f8a71676836a88ad0bf5deacd1b04addf7cf1f70,0,9407610.666666666,20894.0,276,68,0,1,0,3,1,0,1,1,1,1,2,2,1,1,0,12,7,11,61,300,152,74,25,25,24,78,11,2,5,4,2,4,148,277,2,2,48,48,50,2,0,0,0,3,50,6,2,577
orjson_3_11_8,f8a71676836a88ad0bf5deacd1b04addf7cf1f70,0,9430264.0,20894.0,276,68,0,1,0,3,1,0,1,1,1,1,2,2,1,1,0,12,7,11,61,300,152,74,25,25,24,78,11,2,5,4,2,4,148,277,2,2,48,48,50,2,0,0,0,3,50,6,2,577
orjson_3_11_9,f8a71676836a88ad0bf5deacd1b04addf7cf1f70,0,9147805.333333334,20894.0,276,68,0,1,0,3,1,0,1,1,1,1,2,2,1,1,0,12,7,11,61,300,152,74,25,25,24,78,11,2,5,4,2,4,148,277,2,2,48,48,50,2,0,0,0,3,50,6,2,577
orjson_3_12_0,f8a71676836a88ad0bf5deacd1b04addf7cf1f70,0,9226291.666666666,20894.0,276,68,0,1,0,3,1,0,1,1,1,1,2,2,1,1,0,12,7,11,61,300,152,74,25,25,24,78,11,2,5,4,2,4,148,277,2,2,48,48,50,2,0,0,0,3,50,6,2,577
orjson_3_11_5,dbe117449b7066a191e4c241a99ccecc5c4544a4,0,3989305.6666666665,9500.0,103,59,0,0,0,0,0,0,0,0,0,0,0,0,0,0,0,3,1,2,11,163,81,40,16,11,13,41,6,1,3,2,1,2,82,141,2,2,8,8,10,2,0,0,0,3,10,2,0,304
orjson_3_11_6,dbe117449b7066a191e4c241a99ccecc5c4544a4,0,3979260.0,9500.0,103,59,0,0,0,0,0,0,0,0,0,0,0,0,0,0,0,3,1,2,11,163,81,40,16,11,13,41,6,1,3,2,1,2,82,141,2,2,8,8,10,2,0,0,0,3,10,2,0,304
orjson_3_11_7,dbe117449b7066a191e4c241a99ccecc5c4544a4,0,4036055.3333333335,9500.0,103,59,0,0,0,0,0,0,0,0,0,0,0,0,0,0,0,3,1,2,11,163,81,40,16,11,13,41,6,1,3,2,1,2,82,141,2,2,8,8,10,2,0,0,0,3,10,2,0,304
orjson_3_11_8,dbe117449b7066a191e4c241a99ccecc5c4544a4,0,4004416.6666666665,9500.0,103,59,0,0,0,0,0,0,0,0,0,0,0,0,0,0,0,3,1,2,11,163,81,40,16,11,13,41,6,1,3,2,1,2,82,141,2,2,8,8,10,2,0,0,0,3,10,2,0,304
orjson_3_11_9,dbe117449b7066a191e4c241a99ccecc5c4544a4,0,3905514.0,9500.0,103,59,0,0,0,0,0,0,0,0,0,0,0,0,0,0,0,3,1,2,11,163,81,40,16,11,13,41,6,1,3,2,1,2,82,141,2,2,8,8,10,2,0,0,0,3,10,2,0,304
orjson_3_12_0,dbe117449b7066a191e4c241a99ccecc5c4544a4,0,3940694.6666666665,9500.0,103,59,0,0,0,0,0,0,0,0,0,0,0,0,0,0,0,3,1,2,11,163,81,40,16,11,13,41,6,1,3,2,1,2,82,141,2,2,8,8,10,2,0,0,0,3,10,2,0,304
orjson_3_11_5,40ebeef8cdc65aee93e77e3adefa00a9b0c09629,0,7484361.333333333,19890.0,303,95,0,2,1,0,1,2,1,1,1,5,2,8,6,1,4,13,11,4,57,209,96,50,17,14,19,46,2,1,1,0,1,0,113,198,2,2,48,48,50,2,0,0,0,3,50,6,8,407
orjson_3_11_6,40ebeef8cdc65aee93e77e3adefa00a9b0c09629,0,7412652.666666667,19890.0,303,95,0,2,1,0,1,2,1,1,1,5,2,8,6,1,4,13,11,4,57,209,96,50,17,14,19,46,2,1,1,0,1,0,113,198,2,2,48,48,50,2,0,0,0,3,50,6,8,407
orjson_3_11_7,40ebeef8cdc65aee93e77e3adefa00a9b0c09629,0,7475680.333333333,19890.0,303,95,0,2,1,0,1,2,1,1,1,5,2,8,6,1,4,13,11,4,57,209,96,50,17,14,19,46,2,1,1,0,1,0,113,198,2,2,48,48,50,2,0,0,0,3,50,6,8,407
orjson_3_11_8,40ebeef8cdc65aee93e77e3adefa00a9b0c09629,0,7412764.0,19890.0,303,95,0,2,1,0,1,2,1,1,1,5,2,8,6,1,4,13,11,4,57,209,96,50,17,14,19,46,2,1,1,0,1,0,113,198,2,2,48,48,50,2,0,0,0,3,50,6,8,407
orjson_3_11_9,40ebeef8cdc65aee93e77e3adefa00a9b0c09629,0,7380291.666666667,19890.0,303,95,0,2,1,0,1,2,1,1,1,5,2,8,6,1,4,13,11,4,57,209,96,50,17,14,19,46,2,1,1,0,1,0,113,198,2,2,48,48,50,2,0,0,0,3,50,6,8,407
orjson_3_12_0,40ebeef8cdc65aee93e77e3adefa00a9b0c09629,0,7352416.666666667,19890.0,303,95,0,2,1,0,1,2,1,1,1,5,2,8,6,1,4,13,11,4,57,209,96,50,17,14,19,46,2,1,1,0,1,0,113,198,2,2,48,48,50,2,0,0,0,3,50,6,8,407
orjson_3_11_5,1b2d9dc59929fa6dd40abad938ba646f4dc99123,0,2750249.6666666665,9212.0,35,13,0,0,0,0,0,0,0,0,0,0,0,0,0,0,0,2,3,0,5,125,70,44,9,14,21,26,1,1,0,0,1,0,55,125,1,1,4,4,5,1,0,0,0,1,5,0,0,250
orjson_3_11_6,1b2d9dc59929fa6dd40abad938ba646f4dc99123,0,2752180.3333333335,9212.0,35,13,0,0,0,0,0,0,0,0,0,0,0,0,0,0,0,2,3,0,5,125,70,44,9,14,21,26,1,1,0,0,1,0,55,125,1,1,4,4,5,1,0,0,0,1,5,0,0,250
orjson_3_11_7,1b2d9dc59929fa6dd40abad938ba646f4dc99123,0,2751527.6666666665,9212.0,35,13,0,0,0,0,0,0,0,0,0,0,0,0,0,0,0,2,3,0,5,125,70,44,9,14,21,26,1,1,0,0,1,0,55,125,1,1,4,4,5,1,0,0,0,1,5,0,0,250
orjson_3_11_8,1b2d9dc59929fa6dd40abad938ba646f4dc99123,0,2770778.0,9212.0,35,13,0,0,0,0,0,0,0,0,0,0,0,0,0,0,0,2,3,0,5,125,70,44,9,14,21,26,1,1,0,0,1,0,55,125,1,1,4,4,5,1,0,0,0,1,5,0,0,250
orjson_3_11_9,1b2d9dc59929fa6dd40abad938ba646f4dc99123,0,2628472.0,9212.0,35,13,0,0,0,0,0,0,0,0,0,0,0,0,0,0,0,2,3,0,5,125,70,44,9,14,21,26,1,1,0,0,1,0,55,125,1,1,4,4,5,1,0,0,0,1,5,0,0,250
orjson_3_12_0,1b2d9dc59929fa6dd40abad938ba646f4dc99123,0,2639875.0,9212.0,35,13,0,0,0,0,0,0,0,0,0,0,0,0,0,0,0,2,3,0,5,125,70,44,9,14,21,26,1,1,0,0,1,0,55,125,1,1,4,4,5,1,0,0,0,1,5,0,0,250
orjson_3_11_5,a992edc10774387779e429a0657fb68110a58c58,0,7523639.0,19890.0,303,95,0,2,1,0,1,2,1,1,1,5,2,8,6,1,4,12,11,5,57,209,96,50,17,14,19,46,2,1,1,0,1,0,113,198,2,2,48,48,50,2,0,0,0,3,50,6,8,407
orjson_3_11_6,a992edc10774387779e429a0657fb68110a58c58,0,7444889.0,19890.0,303,95,0,2,1,0,1,2,1,1,1,5,2,8,6,1,4,12,11,5,57,209,96,50,17,14,19,46,2,1,1,0,1,0,113,198,2,2,48,48,50,2,0,0,0,3,50,6,8,407
orjson_3_11_7,a992edc10774387779e429a0657fb68110a58c58,0,7467236.333333333,19890.0,303,95,0,2,1,0,1,2,1,1,1,5,2,8,6,1,4,12,11,5,57,209,96,50,17,14,19,46,2,1,1,0,1,0,113,198,2,2,48,48,50,2,0,0,0,3,50,6,8,407
orjson_3_11_8,a992edc10774387779e429a0657fb68110a58c58,0,7398903.0,19890.0,303,95,0,2,1,0,1,2,1,1,1,5,2,8,6,1,4,12,11,5,57,209,96,50,17,14,19,46,2,1,1,0,1,0,113,198,2,2,48,48,50,2,0,0,0,3,50,6,8,407
orjson_3_11_9,a992edc10774387779e429a0657fb68110a58c58,0,7317777.333333333,19890.0,303,95,0,2,1,0,1,2,1,1,1,5,2,8,6,1,4,12,11,5,57,209,96,50,17,14,19,46,2,1,1,0,1,0,113,198,2,2,48,48,50,2,0,0,0,3,50,6,8,407
orjson_3_12_0,a992edc10774387779e429a0657fb68110a58c58,0,7301000.0,19890.0,303,95,0,2,1,0,1,2,1,1,1,5,2,8,6,1,4,12,11,5,57,209,96,50,17,14,19,46,2,1,1,0,1,0,113,198,2,2,48,48,50,2,0,0,0,3,50,6,8,407
orjson_3_11_5,e298272bf5b00d7916e78ea12ce3aee1ed917a73,0,2882069.6666666665,9196.0,44,22,0,0,0,13,2,0,0,0,0,1,0,2,2,2,0,1,2,0,5,131,75,37,12,14,11,38,8,2,4,2,2,2,56,131,1,1,4,4,5,1,0,0,0,1,5,0,2,262
orjson_3_11_6,e298272bf5b00d7916e78ea12ce3aee1ed917a73,0,2860875.0,9196.0,44,22,0,0,0,13,2,0,0,0,0,1,0,2,2,2,0,1,2,0,5,131,75,37,12,14,11,38,8,2,4,2,2,2,56,131,1,1,4,4,5,1,0,0,0,1,5,0,2,262
orjson_3_11_7,e298272bf5b00d7916e78ea12ce3aee1ed917a73,0,2875249.75,9196.0,44,22,0,0,0,13,2,0,0,0,0,1,0,2,2,2,0,1,2,0,5,131,75,37,12,14,11,38,8,2,4,2,2,2,56,131,1,1,4,4,5,1,0,0,0,1,5,0,2,262
orjson_3_11_8,e298272bf5b00d7916e78ea12ce3aee1ed917a73,0,2914888.6666666665,9196.0,44,22,0,0,0,13,2,0,0,0,0,1,0,2,2,2,0,1,2,0,5,131,75,37,12,14,11,38,8,2,4,2,2,2,56,131,1,1,4,4,5,1,0,0,0,1,5,0,2,262
orjson_3_11_9,e298272bf5b00d7916e78ea12ce3aee1ed917a73,0,2781833.6666666665,9196.0,44,22,0,0,0,13,2,0,0,0,0,1,0,2,2,2,0,1,2,0,5,131,75,37,12,14,11,38,8,2,4,2,2,2,56,131,1,1,4,4,5,1,0,0,0,1,5,0,2,262
orjson_3_12_0,e298272bf5b00d7916e78ea12ce3aee1ed917a73,0,2806177.25,9196.0,44,22,0,0,0,13,2,0,0,0,0,1,0,2,2,2,0,1,2,0,5,131,75,37,12,14,11,38,8,2,4,2,2,2,56,131,1,1,4,4,5,1,0,0,0,1,5,0,2,262
orjson_3_11_5,3445dcab45b79adb07fba1fd97fc01057dac9ab3,0,3664277.6666666665,9704.0,38,15,0,1,0,0,0,0,1,1,1,0,1,1,0,0,0,0,1,1,6,168,80,41,14,13,14,39,4,1,1,2,1,2,88,157,1,1,4,4,5,1,0,0,0,2,5,1,1,325
orjson_3_11_6,3445dcab45b79adb07fba1fd97fc01057dac9ab3,0,3686319.3333333335,9704.0,38,15,0,1,0,0,0,0,1,1,1,0,1,1,0,0,0,0,1,1,6,168,80,41,14,13,14,39,4,1,1,2,1,2,88,157,1,1,4,4,5,1,0,0,0,2,5,1,1,325
orjson_3_11_7,3445dcab45b79adb07fba1fd97fc01057dac9ab3,0,3630236.3333333335,9704.0,38,15,0,1,0,0,0,0,1,1,1,0,1,1,0,0,0,0,1,1,6,168,80,41,14,13,14,39,4,1,1,2,1,2,88,157,1,1,4,4,5,1,0,0,0,2,5,1,1,325
orjson_3_11_8,3445dcab45b79adb07fba1fd97fc01057dac9ab3,0,3688948.0,9704.0,38,15,0,1,0,0,0,0,1,1,1,0,1,1,0,0,0,0,1,1,6,168,80,41,14,13,14,39,4,1,1,2,1,2,88,157,1,1,4,4,5,1,0,0,0,2,5,1,1,325
orjson_3_11_9,3445dcab45b79adb07fba1fd97fc01057dac9ab3,0,3532305.6666666665,9704.0,38,15,0,1,0,0,0,0,1,1,1,0,1,1,0,0,0,0,1,1,6,168,80,41,14,13,14,39,4,1,1,2,1,2,88,157,1,1,4,4,5,1,0,0,0,2,5,1,1,325
orjson_3_12_0,3445dcab45b79adb07fba1fd97fc01057dac9ab3,0,3538999.6666666665,9704.0,38,15,0,1,0,0,0,0,1,1,1,0,1,1,0,0,0,0,1,1,6,168,80,41,14,13,14,39,4,1,1,2,1,2,88,157,1,1,4,4,5,1,0,0,0,2,5,1,1,325
orjson_3_11_5,cee755b24c699aaaba2f7c10799913147c33f468,0,2122416.6666666665,8880.0,32,12,0,0,0,0,0,0,0,0,0,0,0,0,0,0,0,0,0,2,4,104,50,30,14,10,6,20,6,2,0,4,2,4,54,74,3,1,3,3,4,1,0,0,0,2,4,0,0,178
orjson_3_11_6,cee755b24c699aaaba2f7c10799913147c33f468,0,2132222.3333333335,8880.0,32,12,0,0,0,0,0,0,0,0,0,0,0,0,0,0,0,0,0,2,4,104,50,30,14,10,6,20,6,2,0,4,2,4,54,74,3,1,3,3,4,1,0,0,0,2,4,0,0,178
orjson_3_11_7,cee755b24c699aaaba2f7c10799913147c33f468,0,2147458.0,8880.0,32,12,0,0,0,0,0,0,0,0,0,0,0,0,0,0,0,0,0,2,4,104,50,30,14,10,6,20,6,2,0,4,2,4,54,74,3,1,3,3,4,1,0,0,0,2,4,0,0,178
orjson_3_11_8,cee755b24c699aaaba2f7c10799913147c33f468,0,2144111.6666666665,8880.0,32,12,0,0,0,0,0,0,0,0,0,0,0,0,0,0,0,0,0,2,4,104,50,30,14,10,6,20,6,2,0,4,2,4,54,74,3,1,3,3,4,1,0,0,0,2,4,0,0,178
orjson_3_11_9,cee755b24c699aaaba2f7c10799913147c33f468,0,2051658.0,8880.0,32,12,0,0,0,0,0,0,0,0,0,0,0,0,0,0,0,0,0,2,4,104,50,30,14,10,6,20,6,2,0,4,2,4,54,74,3,1,3,3,4,1,0,0,0,2,4,0,0,178
orjson_3_12_0,cee755b24c699aaaba2f7c10799913147c33f468,0,2044666.6666666667,8880.0,32,12,0,0,0,0,0,0,0,0,0,0,0,0,0,0,0,0,0,2,4,104,50,30,14,10,6,20,6,2,0,4,2,4,54,74,3,1,3,3,4,1,0,0,0,2,4,0,0,178
orjson_3_11_5,256fb2df915d2c9db94817f9bba95f0bf0f5eeb0,0,2118889.0,5022.0,12,6,0,0,0,0,0,0,0,0,0,0,0,0,0,0,0,0,0,0,2,96,47,26,8,9,9,21,1,1,0,0,1,0,49,93,1,1,0,0,1,1,0,0,0,1,1,0,0,189
orjson_3_11_6,256fb2df915d2c9db94817f9bba95f0bf0f5eeb0,0,2101069.3333333335,5022.0,12,6,0,0,0,0,0,0,0,0,0,0,0,0,0,0,0,0,0,0,2,96,47,26,8,9,9,21,1,1,0,0,1,0,49,93,1,1,0,0,1,1,0,0,0,1,1,0,0,189
orjson_3_11_7,256fb2df915d2c9db94817f9bba95f0bf0f5eeb0,0,2113347.3333333335,5022.0,12,6,0,0,0,0,0,0,0,0,0,0,0,0,0,0,0,0,0,0,2,96,47,26,8,9,9,21,1,1,0,0,1,0,49,93,1,1,0,0,1,1,0,0,0,1,1,0,0,189
orjson_3_11_8,256fb2df915d2c9db94817f9bba95f0bf0f5eeb0,0,2089305.3333333333,5022.0,12,6,0,0,0,0,0,0,0,0,0,0,0,0,0,0,0,0,0,0,2,96,47,26,8,9,9,21,1,1,0,0,1,0,49,93,1,1,0,0,1,1,0,0,0,1,1,0,0,189
orjson_3_11_9,256fb2df915d2c9db94817f9bba95f0bf0f5eeb0,0,2010375.0,5022.0,12,6,0,0,0,0,0,0,0,0,0,0,0,0,0,0,0,0,0,0,2,96,47,26,8,9,9,21,1,1,0,0,1,0,49,93,1,1,0,0,1,1,0,0,0,1,1,0,0,189
orjson_3_12_0,256fb2df915d2c9db94817f9bba95f0bf0f5eeb0,0,1987555.3333333333,5022.0,12,6,0,0,0,0,0,0,0,0,0,0,0,0,0,0,0,0,0,0,2,96,47,26,8,9,9,21,1,1,0,0,1,0,49,93,1,1,0,0,1,1,0,0,0,1,1,0,0,189
orjson_3_11_5,116a1db1370a87d9cfbdc3ed6e09dfa67376a539,0,2089083.3333333333,5022.0,15,9,0,0,0,0,0,0,0,0,0,0,0,0,0,0,0,0,0,0,2,96,47,26,8,9,9,21,1,1,0,0,1,0,49,93,1,1,0,0,1,1,0,0,0,1,1,0,0,189
orjson_3_11_6,116a1db1370a87d9cfbdc3ed6e09dfa67376a539,0,2117431.0,5022.0,15,9,0,0,0,0,0,0,0,0,0,0,0,0,0,0,0,0,0,0,2,96,47,26,8,9,9,21,1,1,0,0,1,0,49,93,1,1,0,0,1,1,0,0,0,1,1,0,0,189
orjson_3_11_7,116a1db1370a87d9cfbdc3ed6e09dfa67376a539,0,2100388.6666666665,5022.0,15,9,0,0,0,0,0,0,0,0,0,0,0,0,0,0,0,0,0,0,2,96,47,26,8,9,9,21,1,1,0,0,1,0,49,93,1,1,0,0,1,1,0,0,0,1,1,0,0,189
orjson_3_11_8,116a1db1370a87d9cfbdc3ed6e09dfa67376a539,0,2074479.25,5022.0,15,9,0,0,0,0,0,0,0,0,0,0,0,0,0,0,0,0,0,0,2,96,47,26,8,9,9,21,1,1,0,0,1,0,49,93,1,1,0,0,1,1,0,0,0,1,1,0,0,189
orjson_3_11_9,116a1db1370a87d9cfbdc3ed6e09dfa67376a539,0,2005573.0,5022.0,15,9,0,0,0,0,0,0,0,0,0,0,0,0,0,0,0,0,0,0,2,96,47,26,8,9,9,21,1,1,0,0,1,0,49,93,1,1,0,0,1,1,0,0,0,1,1,0,0,189
orjson_3_12_0,116a1db1370a87d9cfbdc3ed6e09dfa67376a539,0,2015805.3333333333,5022.0,15,9,0,0,0,0,0,0,0,0,0,0,0,0,0,0,0,0,0,0,2,96,47,26,8,9,9,21,1,1,0,0,1,0,49,93,1,1,0,0,1,1,0,0,0,1,1,0,0,189
orjson_3_11_5,753500f8a69445fe640930afc5adda0abc9e49ee,0,2100875.0,5022.0,12,6,0,0,0,0,0,0,0,0,0,0,0,0,0,0,0,0,0,0,2,97,48,27,9,9,9,21,1,1,0,0,1,0,49,92,1,1,0,0,1,1,0,0,0,1,1,0,0,189
orjson_3_11_6,753500f8a69445fe640930afc5adda0abc9e49ee,0,2085906.25,5022.0,12,6,0,0,0,0,0,0,0,0,0,0,0,0,0,0,0,0,0,0,2,97,48,27,9,9,9,21,1,1,0,0,1,0,49,92,1,1,0,0,1,1,0,0,0,1,1,0,0,189
orjson_3_11_7,753500f8a69445fe640930afc5adda0abc9e49ee,0,2122931.0,5022.0,12,6,0,0,0,0,0,0,0,0,0,0,0,0,0,0,0,0,0,0,2,97,48,27,9,9,9,21,1,1,0,0,1,0,49,92,1,1,0,0,1,1,0,0,0,1,1,0,0,189
orjson_3_11_8,753500f8a69445fe640930afc5adda0abc9e49ee,0,2110042.0,5022.0,12,6,0,0,0,0,0,0,0,0,0,0,0,0,0,0,0,0,0,0,2,97,48,27,9,9,9,21,1,1,0,0,1,0,49,92,1,1,0,0,1,1,0,0,0,1,1,0,0,189
orjson_3_11_9,753500f8a69445fe640930afc5adda0abc9e49ee,0,2063930.6666666667,5022.0,12,6,0,0,0,0,0,0,0,0,0,0,0,0,0,0,0,0,0,0,2,97,48,27,9,9,9,21,1,1,0,0,1,0,49,92,1,1,0,0,1,1,0,0,0,1,1,0,0,189
orjson_3_12_0,753500f8a69445fe640930afc5adda0abc9e49ee,0,2038125.0,5022.0,12,6,0,0,0,0,0,0,0,0,0,0,0,0,0,0,0,0,0,0,2,97,48,27,9,9,9,21,1,1,0,0,1,0,49,92,1,1,0,0,1,1,0,0,0,1,1,0,0,189
orjson_3_11_5,95c4633fc58a36e097016cf24bdcecdc9d5bbcae,0,2102208.3333333335,5022.0,8,2,0,0,0,0,0,0,0,0,0,0,0,0,0,0,0,0,0,0,2,96,47,26,7,9,10,21,1,1,0,0,1,0,49,93,1,1,0,0,1,1,0,0,0,1,1,0,0,189
orjson_3_11_6,95c4633fc58a36e097016cf24bdcecdc9d5bbcae,0,2096708.3333333333,5022.0,8,2,0,0,0,0,0,0,0,0,0,0,0,0,0,0,0,0,0,0,2,96,47,26,7,9,10,21,1,1,0,0,1,0,49,93,1,1,0,0,1,1,0,0,0,1,1,0,0,189
orjson_3_11_7,95c4633fc58a36e097016cf24bdcecdc9d5bbcae,0,2092819.3333333333,5022.0,8,2,0,0,0,0,0,0,0,0,0,0,0,0,0,0,0,0,0,0,2,96,47,26,7,9,10,21,1,1,0,0,1,0,49,93,1,1,0,0,1,1,0,0,0,1,1,0,0,189
orjson_3_11_8,95c4633fc58a36e097016cf24bdcecdc9d5bbcae,0,2084222.6666666667,5022.0,8,2,0,0,0,0,0,0,0,0,0,0,0,0,0,0,0,0,0,0,2,96,47,26,7,9,10,21,1,1,0,0,1,0,49,93,1,1,0,0,1,1,0,0,0,1,1,0,0,189
orjson_3_11_9,95c4633fc58a36e097016cf24bdcecdc9d5bbcae,0,2016513.6666666667,5022.0,8,2,0,0,0,0,0,0,0,0,0,0,0,0,0,0,0,0,0,0,2,96,47,26,7,9,10,21,1,1,0,0,1,0,49,93,1,1,0,0,1,1,0,0,0,1,1,0,0,189
orjson_3_12_0,95c4633fc58a36e097016cf24bdcecdc9d5bbcae,0,2043777.6666666667,5022.0,8,2,0,0,0,0,0,0,0,0,0,0,0,0,0,0,0,0,0,0,2,96,47,26,7,9,10,21,1,1,0,0,1,0,49,93,1,1,0,0,1,1,0,0,0,1,1,0,0,189
orjson_3_11_5,db1fcee76965ddca385388e5e509b625636628d9,0,2121777.6666666665,5022.0,15,9,0,0,0,0,0,0,0,0,0,0,0,0,0,0,0,0,0,0,2,96,47,26,8,9,9,21,1,1,0,0,1,0,49,93,1,1,0,0,1,1,0,0,0,1,1,0,0,189
orjson_3_11_6,db1fcee76965ddca385388e5e509b625636628d9,0,2112722.3333333335,5022.0,15,9,0,0,0,0,0,0,0,0,0,0,0,0,0,0,0,0,0,0,2,96,47,26,8,9,9,21,1,1,0,0,1,0,49,93,1,1,0,0,1,1,0,0,0,1,1,0,0,189
orjson_3_11_7,db1fcee76965ddca385388e5e509b625636628d9,0,2093458.3333333333,5022.0,15,9,0,0,0,0,0,0,0,0,0,0,0,0,0,0,0,0,0,0,2,96,47,26,8,9,9,21,1,1,0,0,1,0,49,93,1,1,0,0,1,1,0,0,0,1,1,0,0,189
orjson_3_11_8,db1fcee76965ddca385388e5e509b625636628d9,0,2082805.3333333333,5022.0,15,9,0,0,0,0,0,0,0,0,0,0,0,0,0,0,0,0,0,0,2,96,47,26,8,9,9,21,1,1,0,0,1,0,49,93,1,1,0,0,1,1,0,0,0,1,1,0,0,189
orjson_3_11_9,db1fcee76965ddca385388e5e509b625636628d9,0,2056903.0,5022.0,15,9,0,0,0,0,0,0,0,0,0,0,0,0,0,0,0,0,0,0,2,96,47,26,8,9,9,21,1,1,0,0,1,0,49,93,1,1,0,0,1,1,0,0,0,1,1,0,0,189
orjson_3_12_0,db1fcee76965ddca385388e5e509b625636628d9,0,2020110.6666666667,5022.0,15,9,0,0,0,0,0,0,0,0,0,0,0,0,0,0,0,0,0,0,2,96,47,26,8,9,9,21,1,1,0,0,1,0,49,93,1,1,0,0,1,1,0,0,0,1,1,0,0,189
orjson_3_11_5,945bc2559d5f6ab08578d009edea21aa37484cbe,0,2099708.3333333335,5022.0,10,4,0,0,0,0,0,0,0,0,0,0,0,0,0,0,0,0,0,0,2,97,48,27,9,9,9,21,1,1,0,0,1,0,49,92,1,1,0,0,1,1,0,0,0,1,1,0,0,189
orjson_3_11_6,945bc2559d5f6ab08578d009edea21aa37484cbe,0,2098458.3333333335,5022.0,10,4,0,0,0,0,0,0,0,0,0,0,0,0,0,0,0,0,0,0,2,97,48,27,9,9,9,21,1,1,0,0,1,0,49,92,1,1,0,0,1,1,0,0,0,1,1,0,0,189
orjson_3_11_7,945bc2559d5f6ab08578d009edea21aa37484cbe,0,2114916.3333333335,5022.0,10,4,0,0,0,0,0,0,0,0,0,0,0,0,0,0,0,0,0,0,2,97,48,27,9,9,9,21,1,1,0,0,1,0,49,92,1,1,0,0,1,1,0,0,0,1,1,0,0,189
orjson_3_11_8,945bc2559d5f6ab08578d009edea21aa37484cbe,0,2147361.0,5022.0,10,4,0,0,0,0,0,0,0,0,0,0,0,0,0,0,0,0,0,0,2,97,48,27,9,9,9,21,1,1,0,0,1,0,49,92,1,1,0,0,1,1,0,0,0,1,1,0,0,189
orjson_3_11_9,945bc2559d5f6ab08578d009edea21aa37484cbe,0,2010180.0,5022.0,10,4,0,0,0,0,0,0,0,0,0,0,0,0,0,0,0,0,0,0,2,97,48,27,9,9,9,21,1,1,0,0,1,0,49,92,1,1,0,0,1,1,0,0,0,1,1,0,0,189
orjson_3_12_0,945bc2559d5f6ab08578d009edea21aa37484cbe,0,2057374.6666666667,5022.0,10,4,0,0,0,0,0,0,0,0,0,0,0,0,0,0,0,0,0,0,2,97,48,27,9,9,9,21,1,1,0,0,1,0,49,92,1,1,0,0,1,1,0,0,0,1,1,0,0,189
orjson_3_11_5,71c94a82a98ecf29fddbf8252243d097c05dcc75,0,8323694.333333333,24730.0,159,53,0,1,0,0,0,0,1,1,1,1,2,1,0,0,0,4,4,7,30,417,198,91,27,28,36,107,14,5,4,5,5,5,219,407,1,1,24,24,25,1,0,0,0,2,25,4,1,824
orjson_3_11_6,71c94a82a98ecf29fddbf8252243d097c05dcc75,0,8406694.666666666,24730.0,159,53,0,1,0,0,0,0,1,1,1,1,2,1,0,0,0,4,4,7,30,417,198,91,27,28,36,107,14,5,4,5,5,5,219,407,1,1,24,24,25,1,0,0,0,2,25,4,1,824
orjson_3_11_7,71c94a82a98ecf29fddbf8252243d097c05dcc75,0,8386555.666666667,24730.0,159,53,0,1,0,0,0,0,1,1,1,1,2,1,0,0,0,4,4,7,30,417,198,91,27,28,36,107,14,5,4,5,5,5,219,407,1,1,24,24,25,1,0,0,0,2,25,4,1,824
orjson_3_11_8,71c94a82a98ecf29fddbf8252243d097c05dcc75,0,8372541.666666667,24730.0,159,53,0,1,0,0,0,0,1,1,1,1,2,1,0,0,0,4,4,7,30,417,198,91,27,28,36,107,14,5,4,5,5,5,219,407,1,1,24,24,25,1,0,0,0,2,25,4,1,824
orjson_3_11_9,71c94a82a98ecf29fddbf8252243d097c05dcc75,0,8105555.333333333,24730.0,159,53,0,1,0,0,0,0,1,1,1,1,2,1,0,0,0,4,4,7,30,417,198,91,27,28,36,107,14,5,4,5,5,5,219,407,1,1,24,24,25,1,0,0,0,2,25,4,1,824
orjson_3_12_0,71c94a82a98ecf29fddbf8252243d097c05dcc75,0,8015569.666666667,24730.0,159,53,0,1,0,0,0,0,1,1,1,1,2,1,0,0,0,4,4,7,30,417,198,91,27,28,36,107,14,5,4,5,5,5,219,407,1,1,24,24,25,1,0,0,0,2,25,4,1,824
orjson_3_11_5,fe8226ed0d56ab621e134d37c2c31bd3c2106ddb,0,8334736.333333333,24268.0,185,80,0,0,0,0,0,1,0,0,0,0,0,1,1,0,0,4,5,10,27,400,184,98,40,32,26,86,6,1,0,5,1,5,216,426,1,1,24,24,25,1,0,0,0,2,25,3,1,826
orjson_3_11_6,fe8226ed0d56ab621e134d37c2c31bd3c2106ddb,0,8334041.333333333,24268.0,185,80,0,0,0,0,0,1,0,0,0,0,0,1,1,0,0,4,5,10,27,400,184,98,40,32,26,86,6,1,0,5,1,5,216,426,1,1,24,24,25,1,0,0,0,2,25,3,1,826
orjson_3_11_7,fe8226ed0d56ab621e134d37c2c31bd3c2106ddb,0,8349541.666666667,24268.0,185,80,0,0,0,0,0,1,0,0,0,0,0,1,1,0,0,4,5,10,27,400,184,98,40,32,26,86,6,1,0,5,1,5,216,426,1,1,24,24,25,1,0,0,0,2,25,3,1,826
orjson_3_11_8,fe8226ed0d56ab621e134d37c2c31bd3c2106ddb,0,8441305.333333334,24268.0,185,80,0,0,0,0,0,1,0,0,0,0,0,1,1,0,0,4,5,10,27,400,184,98,40,32,26,86,6,1,0,5,1,5,216,426,1,1,24,24,25,1,0,0,0,2,25,3,1,826
orjson_3_11_9,fe8226ed0d56ab621e134d37c2c31bd3c2106ddb,0,8568174.9,24268.0,185,80,0,0,0,0,0,1,0,0,0,0,0,1,1,0,0,4,5,10,27,400,184,98,40,32,26,86,6,1,0,5,1,5,216,426,1,1,24,24,25,1,0,0,0,2,25,3,1,826
orjson_3_12_0,fe8226ed0d56ab621e134d37c2c31bd3c2106ddb,0,8143235.666666667,24268.0,185,80,0,0,0,0,0,1,0,0,0,0,0,1,1,0,0,4,5,10,27,400,184,98,40,32,26,86,6,1,0,5,1,5,216,426,1,1,24,24,25,1,0,0,0,2,25,3,1,826
orjson_3_11_5,1a0af78ef4b99be9644b660eebfe79a51ba60e13,0,8295430.666666667,24730.0,159,53,0,1,0,0,0,0,1,1,1,1,2,1,0,0,0,4,4,7,30,417,198,91,27,28,36,107,14,5,4,5,5,5,219,407,1,1,24,24,25,1,0,0,0,2,25,4,1,824
orjson_3_11_6,1a0af78ef4b99be9644b660eebfe79a51ba60e13,0,8284583.333333333,24730.0,159,53,0,1,0,0,0,0,1,1,1,1,2,1,0,0,0,4,4,7,30,417,198,91,27,28,36,107,14,5,4,5,5,5,219,407,1,1,24,24,25,1,0,0,0,2,25,4,1,824
orjson_3_11_7,1a0af78ef4b99be9644b660eebfe79a51ba60e13,0,8404416.666666666,24730.0,159,53,0,1,0,0,0,0,1,1,1,1,2,1,0,0,0,4,4,7,30,417,198,91,27,28,36,107,14,5,4,5,5,5,219,407,1,1,24,24,25,1,0,0,0,2,25,4,1,824
orjson_3_11_8,1a0af78ef4b99be9644b660eebfe79a51ba60e13,0,8432875.0,24730.0,159,53,0,1,0,0,0,0,1,1,1,1,2,1,0,0,0,4,4,7,30,417,198,91,27,28,36,107,14,5,4,5,5,5,219,407,1,1,24,24,25,1,0,0,0,2,25,4,1,824
orjson_3_11_9,1a0af78ef4b99be9644b660eebfe79a51ba60e13,0,8026277.333333333,24730.0,159,53,0,1,0,0,0,0,1,1,1,1,2,1,0,0,0,4,4,7,30,417,198,91,27,28,36,107,14,5,4,5,5,5,219,407,1,1,24,24,25,1,0,0,0,2,25,4,1,824
orjson_3_12_0,1a0af78ef4b99be9644b660eebfe79a51ba60e13,0,8068500.0,24730.0,159,53,0,1,0,0,0,0,1,1,1,1,2,1,0,0,0,4,4,7,30,417,198,91,27,28,36,107,14,5,4,5,5,5,219,407,1,1,24,24,25,1,0,0,0,2,25,4,1,824
orjson_3_11_5,936511c34961d56b7f6fe7d5ca32ff3e23759d6a,0,8328263.666666667,24268.0,185,80,0,0,0,0,0,1,0,0,0,0,0,1,1,0,0,4,5,10,27,400,184,98,40,32,26,86,6,1,0,5,1,5,216,426,1,1,24,24,25,1,0,0,0,2,25,3,1,826
orjson_3_11_6,936511c34961d56b7f6fe7d5ca32ff3e23759d6a,0,8441181.0,24268.0,185,80,0,0,0,0,0,1,0,0,0,0,0,1,1,0,0,4,5,10,27,400,184,98,40,32,26,86,6,1,0,5,1,5,216,426,1,1,24,24,25,1,0,0,0,2,25,3,1,826
orjson_3_11_7,936511c34961d56b7f6fe7d5ca32ff3e23759d6a,0,8455944.333333334,24268.0,185,80,0,0,0,0,0,1,0,0,0,0,0,1,1,0,0,4,5,10,27,400,184,98,40,32,26,86,6,1,0,5,1,5,216,426,1,1,24,24,25,1,0,0,0,2,25,3,1,826
orjson_3_11_8,936511c34961d56b7f6fe7d5ca32ff3e23759d6a,0,8589999.666666666,24268.0,185,80,0,0,0,0,0,1,0,0,0,0,0,1,1,0,0,4,5,10,27,400,184,98,40,32,26,86,6,1,0,5,1,5,216,426,1,1,24,24,25,1,0,0,0,2,25,3,1,826
orjson_3_11_9,936511c34961d56b7f6fe7d5ca32ff3e23759d6a,0,8189819.0,24268.0,185,80,0,0,0,0,0,1,0,0,0,0,0,1,1,0,0,4,5,10,27,400,184,98,40,32,26,86,6,1,0,5,1,5,216,426,1,1,24,24,25,1,0,0,0,2,25,3,1,826
orjson_3_12_0,936511c34961d56b7f6fe7d5ca32ff3e23759d6a,0,8070180.666666667,24268.0,185,80,0,0,0,0,0,1,0,0,0,0,0,1,1,0,0,4,5,10,27,400,184,98,40,32,26,86,6,1,0,5,1,5,216,426,1,1,24,24,25,1,0,0,0,2,25,3,1,826
orjson_3_11_5,d83f3d1594d2f7eb901d77f05467594a14b21356,0,8367138.333333333,24730.0,159,53,0,1,0,0,0,0,1,1,1,1,2,1,0,0,0,4,4,7,30,417,198,91,27,28,36,107,14,5,4,5,5,5,219,407,1,1,24,24,25,1,0,0,0,2,25,4,1,824
orjson_3_11_6,d83f3d1594d2f7eb901d77f05467594a14b21356,0,8276403.0,24730.0,159,53,0,1,0,0,0,0,1,1,1,1,2,1,0,0,0,4,4,7,30,417,198,91,27,28,36,107,14,5,4,5,5,5,219,407,1,1,24,24,25,1,0,0,0,2,25,4,1,824
orjson_3_11_7,d83f3d1594d2f7eb901d77f05467594a14b21356,0,8302292.0,24730.0,159,53,0,1,0,0,0,0,1,1,1,1,2,1,0,0,0,4,4,7,30,417,198,91,27,28,36,107,14,5,4,5,5,5,219,407,1,1,24,24,25,1,0,0,0,2,25,4,1,824
orjson_3_11_8,d83f3d1594d2f7eb901d77f05467594a14b21356,0,8308056.0,24730.0,159,53,0,1,0,0,0,0,1,1,1,1,2,1,0,0,0,4,4,7,30,417,198,91,27,28,36,107,14,5,4,5,5,5,219,407,1,1,24,24,25,1,0,0,0,2,25,4,1,824
orjson_3_11_9,d83f3d1594d2f7eb901d77f05467594a14b21356,0,7996375.0,24730.0,159,53,0,1,0,0,0,0,1,1,1,1,2,1,0,0,0,4,4,7,30,417,198,91,27,28,36,107,14,5,4,5,5,5,219,407,1,1,24,24,25,1,0,0,0,2,25,4,1,824
orjson_3_12_0,d83f3d1594d2f7eb901d77f05467594a14b21356,0,7996542.0,24730.0,159,53,0,1,0,0,0,0,1,1,1,1,2,1,0,0,0,4,4,7,30,417,198,91,27,28,36,107,14,5,4,5,5,5,219,407,1,1,24,24,25,1,0,0,0,2,25,4,1,824
orjson_3_11_5,d2361429f381c5bf49f647bdb45afa46452afe8a,0,6313333.333333333,15535.0,154,48,0,0,0,0,0,0,0,0,0,0,0,0,0,0,0,3,3,8,32,227,105,50,12,21,17,55,4,1,1,2,1,2,122,220,1,1,24,24,25,1,0,0,0,2,25,4,0,447
orjson_3_11_6,d2361429f381c5bf49f647bdb45afa46452afe8a,0,6324010.25,15535.0,154,48,0,0,0,0,0,0,0,0,0,0,0,0,0,0,0,3,3,8,32,227,105,50,12,21,17,55,4,1,1,2,1,2,122,220,1,1,24,24,25,1,0,0,0,2,25,4,0,447
orjson_3_11_7,d2361429f381c5bf49f647bdb45afa46452afe8a,0,6257361.0,15535.0,154,48,0,0,0,0,0,0,0,0,0,0,0,0,0,0,0,3,3,8,32,227,105,50,12,21,17,55,4,1,1,2,1,2,122,220,1,1,24,24,25,1,0,0,0,2,25,4,0,447
orjson_3_11_8,d2361429f381c5bf49f647bdb45afa46452afe8a,0,6385208.666666667,15535.0,154,48,0,0,0,0,0,0,0,0,0,0,0,0,0,0,0,3,3,8,32,227,105,50,12,21,17,55,4,1,1,2,1,2,122,220,1,1,24,24,25,1,0,0,0,2,25,4,0,447
orjson_3_11_9,d2361429f381c5bf49f647bdb45afa46452afe8a,0,6152763.666666667,15535.0,154,48,0,0,0,0,0,0,0,0,0,0,0,0,0,0,0,3,3,8,32,227,105,50,12,21,17,55,4,1,1,2,1,2,122,220,1,1,24,24,25,1,0,0,0,2,25,4,0,447
orjson_3_12_0,d2361429f381c5bf49f647bdb45afa46452afe8a,0,6168569.333333333,15535.0,154,48,0,0,0,0,0,0,0,0,0,0,0,0,0,0,0,3,3,8,32,227,105,50,12,21,17,55,4,1,1,2,1,2,122,220,1,1,24,24,25,1,0,0,0,2,25,4,0,447
orjson_3_11_5,8fd348e255e31cfe2a764874ad58bb30ee7aa901,0,8307069.666666667,24730.0,159,53,0,1,0,0,0,0,1,1,1,1,2,1,0,0,0,4,4,7,30,417,198,91,27,28,36,107,14,5,4,5,5,5,219,407,1,1,24,24,25,1,0,0,0,2,25,4,1,824
orjson_3_11_6,8fd348e255e31cfe2a764874ad58bb30ee7aa901,0,8224722.0,24730.0,159,53,0,1,0,0,0,0,1,1,1,1,2,1,0,0,0,4,4,7,30,417,198,91,27,28,36,107,14,5,4,5,5,5,219,407,1,1,24,24,25,1,0,0,0,2,25,4,1,824
orjson_3_11_7,8fd348e255e31cfe2a764874ad58bb30ee7aa901,0,8300489.25,24730.0,159,53,0,1,0,0,0,0,1,1,1,1,2,1,0,0,0,4,4,7,30,417,198,91,27,28,36,107,14,5,4,5,5,5,219,407,1,1,24,24,25,1,0,0,0,2,25,4,1,824
orjson_3_11_8,8fd348e255e31cfe2a764874ad58bb30ee7aa901,0,8381958.333333333,24730.0,159,53,0,1,0,0,0,0,1,1,1,1,2,1,0,0,0,4,4,7,30,417,198,91,27,28,36,107,14,5,4,5,5,5,219,407,1,1,24,24,25,1,0,0,0,2,25,4,1,824
orjson_3_11_9,8fd348e255e31cfe2a764874ad58bb30ee7aa901,0,7953125.333333333,24730.0,159,53,0,1,0,0,0,0,1,1,1,1,2,1,0,0,0,4,4,7,30,417,198,91,27,28,36,107,14,5,4,5,5,5,219,407,1,1,24,24,25,1,0,0,0,2,25,4,1,824
orjson_3_12_0,8fd348e255e31cfe2a764874ad58bb30ee7aa901,0,7978791.666666667,24730.0,159,53,0,1,0,0,0,0,1,1,1,1,2,1,0,0,0,4,4,7,30,417,198,91,27,28,36,107,14,5,4,5,5,5,219,407,1,1,24,24,25,1,0,0,0,2,25,4,1,824
orjson_3_11_5,7cd01301d8818a5eea20aef201d683dbcff200de,0,8297986.333333333,24730.0,159,53,0,1,0,0,0,0,1,1,1,1,2,1,0,0,0,4,4,7,30,417,198,91,27,28,36,107,14,5,4,5,5,5,219,407,1,1,24,24,25,1,0,0,0,2,25,4,1,824
orjson_3_11_6,7cd01301d8818a5eea20aef201d683dbcff200de,0,8286500.333333333,24730.0,159,53,0,1,0,0,0,0,1,1,1,1,2,1,0,0,0,4,4,7,30,417,198,91,27,28,36,107,14,5,4,5,5,5,219,407,1,1,24,24,25,1,0,0,0,2,25,4,1,824
orjson_3_11_7,7cd01301d8818a5eea20aef201d683dbcff200de,0,8376319.333333333,24730.0,159,53,0,1,0,0,0,0,1,1,1,1,2,1,0,0,0,4,4,7,30,417,198,91,27,28,36,107,14,5,4,5,5,5,219,407,1,1,24,24,25,1,0,0,0,2,25,4,1,824
orjson_3_11_8,7cd01301d8818a5eea20aef201d683dbcff200de,0,8307055.666666667,24730.0,159,53,0,1,0,0,0,0,1,1,1,1,2,1,0,0,0,4,4,7,30,417,198,91,27,28,36,107,14,5,4,5,5,5,219,407,1,1,24,24,25,1,0,0,0,2,25,4,1,824
orjson_3_11_9,7cd01301d8818a5eea20aef201d683dbcff200de,0,8014986.0,24730.0,159,53,0,1,0,0,0,0,1,1,1,1,2,1,0,0,0,4,4,7,30,417,198,91,27,28,36,107,14,5,4,5,5,5,219,407,1,1,24,24,25,1,0,0,0,2,25,4,1,824
orjson_3_12_0,7cd01301d8818a5eea20aef201d683dbcff200de,0,8040430.666666667,24730.0,159,53,0,1,0,0,0,0,1,1,1,1,2,1,0,0,0,4,4,7,30,417,198,91,27,28,36,107,14,5,4,5,5,5,219,407,1,1,24,24,25,1,0,0,0,2,25,4,1,824
orjson_3_11_5,4064c683c54300658cfa557f82e27e5edba9d624,0,8289180.666666667,24730.0,159,53,0,1,0,0,0,0,1,1,1,1,2,1,0,0,0,4,4,7,30,417,198,91,27,28,36,107,14,5,4,5,5,5,219,407,1,1,24,24,25,1,0,0,0,2,25,4,1,824
orjson_3_11_6,4064c683c54300658cfa557f82e27e5edba9d624,0,8244222.333333333,24730.0,159,53,0,1,0,0,0,0,1,1,1,1,2,1,0,0,0,4,4,7,30,417,198,91,27,28,36,107,14,5,4,5,5,5,219,407,1,1,24,24,25,1,0,0,0,2,25,4,1,824
orjson_3_11_7,4064c683c54300658cfa557f82e27e5edba9d624,0,8288750.333333333,24730.0,159,53,0,1,0,0,0,0,1,1,1,1,2,1,0,0,0,4,4,7,30,417,198,91,27,28,36,107,14,5,4,5,5,5,219,407,1,1,24,24,25,1,0,0,0,2,25,4,1,824
orjson_3_11_8,4064c683c54300658cfa557f82e27e5edba9d624,0,8336500.333333333,24730.0,159,53,0,1,0,0,0,0,1,1,1,1,2,1,0,0,0,4,4,7,30,417,198,91,27,28,36,107,14,5,4,5,5,5,219,407,1,1,24,24,25,1,0,0,0,2,25,4,1,824
orjson_3_11_9,4064c683c54300658cfa557f82e27e5edba9d624,0,7933944.333333333,24730.0,159,53,0,1,0,0,0,0,1,1,1,1,2,1,0,0,0,4,4,7,30,417,198,91,27,28,36,107,14,5,4,5,5,5,219,407,1,1,24,24,25,1,0,0,0,2,25,4,1,824
orjson_3_12_0,4064c683c54300658cfa557f82e27e5edba9d624,0,8041638.666666667,24730.0,159,53,0,1,0,0,0,0,1,1,1,1,2,1,0,0,0,4,4,7,30,417,198,91,27,28,36,107,14,5,4,5,5,5,219,407,1,1,24,24,25,1,0,0,0,2,25,4,1,824
orjson_3_11_5,f3e4d8d3af499dbfb0a300611f8a01a741a90c3f,0,8335764.0,24730.0,159,53,0,1,0,0,0,0,1,1,1,1,2,1,0,0,0,4,4,7,30,417,198,91,27,28,36,107,14,5,4,5,5,5,219,407,1,1,24,24,25,1,0,0,0,2,25,4,1,824
orjson_3_11_6,f3e4d8d3af499dbfb0a300611f8a01a741a90c3f,0,8325402.666666667,24730.0,159,53,0,1,0,0,0,0,1,1,1,1,2,1,0,0,0,4,4,7,30,417,198,91,27,28,36,107,14,5,4,5,5,5,219,407,1,1,24,24,25,1,0,0,0,2,25,4,1,824
orjson_3_11_7,f3e4d8d3af499dbfb0a300611f8a01a741a90c3f,0,8316597.0,24730.0,159,53,0,1,0,0,0,0,1,1,1,1,2,1,0,0,0,4,4,7,30,417,198,91,27,28,36,107,14,5,4,5,5,5,219,407,1,1,24,24,25,1,0,0,0,2,25,4,1,824
orjson_3_11_8,f3e4d8d3af499dbfb0a300611f8a01a741a90c3f,0,8355791.333333333,24730.0,159,53,0,1,0,0,0,0,1,1,1,1,2,1,0,0,0,4,4,7,30,417,198,91,27,28,36,107,14,5,4,5,5,5,219,407,1,1,24,24,25,1,0,0,0,2,25,4,1,824
orjson_3_11_9,f3e4d8d3af499dbfb0a300611f8a01a741a90c3f,0,8007250.333333333,24730.0,159,53,0,1,0,0,0,0,1,1,1,1,2,1,0,0,0,4,4,7,30,417,198,91,27,28,36,107,14,5,4,5,5,5,219,407,1,1,24,24,25,1,0,0,0,2,25,4,1,824
orjson_3_12_0,f3e4d8d3af499dbfb0a300611f8a01a741a90c3f,0,7988930.666666667,24730.0,159,53,0,1,0,0,0,0,1,1,1,1,2,1,0,0,0,4,4,7,30,417,198,91,27,28,36,107,14,5,4,5,5,5,219,407,1,1,24,24,25,1,0,0,0,2,25,4,1,824
orjson_3_11_5,837d6628cde4d36ec61db2a2a46316a23562cd86,0,8279903.0,24730.0,159,53,0,1,0,0,0,0,1,1,1,1,2,1,0,0,0,4,4,7,30,417,198,91,27,28,36,107,14,5,4,5,5,5,219,407,1,1,24,24,25,1,0,0,0,2,25,4,1,824
orjson_3_11_6,837d6628cde4d36ec61db2a2a46316a23562cd86,0,8338958.333333333,24730.0,159,53,0,1,0,0,0,0,1,1,1,1,2,1,0,0,0,4,4,7,30,417,198,91,27,28,36,107,14,5,4,5,5,5,219,407,1,1,24,24,25,1,0,0,0,2,25,4,1,824
orjson_3_11_7,837d6628cde4d36ec61db2a2a46316a23562cd86,0,8373236.333333333,24730.0,159,53,0,1,0,0,0,0,1,1,1,1,2,1,0,0,0,4,4,7,30,417,198,91,27,28,36,107,14,5,4,5,5,5,219,407,1,1,24,24,25,1,0,0,0,2,25,4,1,824
orjson_3_11_8,837d6628cde4d36ec61db2a2a46316a23562cd86,0,8339777.666666667,24730.0,159,53,0,1,0,0,0,0,1,1,1,1,2,1,0,0,0,4,4,7,30,417,198,91,27,28,36,107,14,5,4,5,5,5,219,407,1,1,24,24,25,1,0,0,0,2,25,4,1,824
orjson_3_11_9,837d6628cde4d36ec61db2a2a46316a23562cd86,0,7976208.333333333,24730.0,159,53,0,1,0,0,0,0,1,1,1,1,2,1,0,0,0,4,4,7,30,417,198,91,27,28,36,107,14,5,4,5,5,5,219,407,1,1,24,24,25,1,0,0,0,2,25,4,1,824
orjson_3_12_0,837d6628cde4d36ec61db2a2a46316a23562cd86,0,8079375.0,24730.0,159,53,0,1,0,0,0,0,1,1,1,1,2,1,0,0,0,4,4,7,30,417,198,91,27,28,36,107,14,5,4,5,5,5,219,407,1,1,24,24,25,1,0,0,0,2,25,4,1,824
orjson_3_11_5,3f038c4a30a93ed28548a5e732414c308a73236e,0,8291819.666666667,24730.0,159,53,0,1,0,0,0,0,1,1,1,1,2,1,0,0,0,4,4,7,30,417,198,91,27,28,36,107,14,5,4,5,5,5,219,407,1,1,24,24,25,1,0,0,0,2,25,4,1,824
orjson_3_11_6,3f038c4a30a93ed28548a5e732414c308a73236e,0,8242819.333333333,24730.0,159,53,0,1,0,0,0,0,1,1,1,1,2,1,0,0,0,4,4,7,30,417,198,91,27,28,36,107,14,5,4,5,5,5,219,407,1,1,24,24,25,1,0,0,0,2,25,4,1,824
orjson_3_11_7,3f038c4a30a93ed28548a5e732414c308a73236e,0,8360041.333333333,24730.0,159,53,0,1,0,0,0,0,1,1,1,1,2,1,0,0,0,4,4,7,30,417,198,91,27,28,36,107,14,5,4,5,5,5,219,407,1,1,24,24,25,1,0,0,0,2,25,4,1,824
orjson_3_11_8,3f038c4a30a93ed28548a5e732414c308a73236e,0,8378972.333333333,24730.0,159,53,0,1,0,0,0,0,1,1,1,1,2,1,0,0,0,4,4,7,30,417,198,91,27,28,36,107,14,5,4,5,5,5,219,407,1,1,24,24,25,1,0,0,0,2,25,4,1,824
orjson_3_11_9,3f038c4a30a93ed28548a5e732414c308a73236e,0,7971986.0,24730.0,159,53,0,1,0,0,0,0,1,1,1,1,2,1,0,0,0,4,4,7,30,417,198,91,27,28,36,107,14,5,4,5,5,5,219,407,1,1,24,24,25,1,0,0,0,2,25,4,1,824
orjson_3_12_0,3f038c4a30a93ed28548a5e732414c308a73236e,0,7999305.666666667,24730.0,159,53,0,1,0,0,0,0,1,1,1,1,2,1,0,0,0,4,4,7,30,417,198,91,27,28,36,107,14,5,4,5,5,5,219,407,1,1,24,24,25,1,0,0,0,2,25,4,1,824
orjson_3_11_5,61d5af850f17ea08247ea4d7eaa433cf55fb570e,0,6361736.333333333,15535.0,154,48,0,0,0,0,0,0,0,0,0,0,0,0,0,0,0,3,3,8,32,227,105,50,12,21,17,55,4,1,1,2,1,2,122,220,1,1,24,24,25,1,0,0,0,2,25,4,0,447
orjson_3_11_6,61d5af850f17ea08247ea4d7eaa433cf55fb570e,0,6340958.333333333,15535.0,154,48,0,0,0,0,0,0,0,0,0,0,0,0,0,0,0,3,3,8,32,227,105,50,12,21,17,55,4,1,1,2,1,2,122,220,1,1,24,24,25,1,0,0,0,2,25,4,0,447
orjson_3_11_7,61d5af850f17ea08247ea4d7eaa433cf55fb570e,0,6285458.333333333,15535.0,154,48,0,0,0,0,0,0,0,0,0,0,0,0,0,0,0,3,3,8,32,227,105,50,12,21,17,55,4,1,1,2,1,2,122,220,1,1,24,24,25,1,0,0,0,2,25,4,0,447
orjson_3_11_8,61d5af850f17ea08247ea4d7eaa433cf55fb570e,0,6384944.666666667,15535.0,154,48,0,0,0,0,0,0,0,0,0,0,0,0,0,0,0,3,3,8,32,227,105,50,12,21,17,55,4,1,1,2,1,2,122,220,1,1,24,24,25,1,0,0,0,2,25,4,0,447
orjson_3_11_9,61d5af850f17ea08247ea4d7eaa433cf55fb570e,0,6158583.333333333,15535.0,154,48,0,0,0,0,0,0,0,0,0,0,0,0,0,0,0,3,3,8,32,227,105,50,12,21,17,55,4,1,1,2,1,2,122,220,1,1,24,24,25,1,0,0,0,2,25,4,0,447
orjson_3_12_0,61d5af850f17ea08247ea4d7eaa433cf55fb570e,0,6146930.666666667,15535.0,154,48,0,0,0,0,0,0,0,0,0,0,0,0,0,0,0,3,3,8,32,227,105,50,12,21,17,55,4,1,1,2,1,2,122,220,1,1,24,24,25,1,0,0,0,2,25,4,0,447
orjson_3_11_5,fa5c16cc7db44bea1447a30835c141ffd4d2b6fd,0,6098275.1,15203.0,137,33,0,0,0,0,0,0,0,0,0,0,0,0,0,0,0,5,6,3,34,194,103,59,24,18,17,44,2,0,2,0,0,0,91,228,1,1,24,24,25,1,0,0,0,2,25,2,0,422
orjson_3_11_6,fa5c16cc7db44bea1447a30835c141ffd4d2b6fd,0,5481319.333333333,15203.0,137,33,0,0,0,0,0,0,0,0,0,0,0,0,0,0,0,5,6,3,34,194,103,59,24,18,17,44,2,0,2,0,0,0,91,228,1,1,24,24,25,1,0,0,0,2,25,2,0,422
orjson_3_11_7,fa5c16cc7db44bea1447a30835c141ffd4d2b6fd,0,5455986.0,15203.0,137,33,0,0,0,0,0,0,0,0,0,0,0,0,0,0,0,5,6,3,34,194,103,59,24,18,17,44,2,0,2,0,0,0,91,228,1,1,24,24,25,1,0,0,0,2,25,2,0,422
orjson_3_11_8,fa5c16cc7db44bea1447a30835c141ffd4d2b6fd,0,5417097.0,15203.0,137,33,0,0,0,0,0,0,0,0,0,0,0,0,0,0,0,5,6,3,34,194,103,59,24,18,17,44,2,0,2,0,0,0,91,228,1,1,24,24,25,1,0,0,0,2,25,2,0,422
orjson_3_11_9,fa5c16cc7db44bea1447a30835c141ffd4d2b6fd,0,5241458.333333333,15203.0,137,33,0,0,0,0,0,0,0,0,0,0,0,0,0,0,0,5,6,3,34,194,103,59,24,18,17,44,2,0,2,0,0,0,91,228,1,1,24,24,25,1,0,0,0,2,25,2,0,422
orjson_3_12_0,fa5c16cc7db44bea1447a30835c141ffd4d2b6fd,0,5215291.666666667,15203.0,137,33,0,0,0,0,0,0,0,0,0,0,0,0,0,0,0,5,6,3,34,194,103,59,24,18,17,44,2,0,2,0,0,0,91,228,1,1,24,24,25,1,0,0,0,2,25,2,0,422
orjson_3_11_5,82fb64db68865e0d20afdeca317117b08d7e2f45,0,8458889.0,24730.0,159,53,0,1,0,0,0,0,1,1,1,1,2,1,0,0,0,4,4,7,30,417,198,91,27,28,36,107,14,5,4,5,5,5,219,407,1,1,24,24,25,1,0,0,0,2,25,4,1,824
orjson_3_11_6,82fb64db68865e0d20afdeca317117b08d7e2f45,0,8431208.666666666,24730.0,159,53,0,1,0,0,0,0,1,1,1,1,2,1,0,0,0,4,4,7,30,417,198,91,27,28,36,107,14,5,4,5,5,5,219,407,1,1,24,24,25,1,0,0,0,2,25,4,1,824
orjson_3_11_7,82fb64db68865e0d20afdeca317117b08d7e2f45,0,8351375.0,24730.0,159,53,0,1,0,0,0,0,1,1,1,1,2,1,0,0,0,4,4,7,30,417,198,91,27,28,36,107,14,5,4,5,5,5,219,407,1,1,24,24,25,1,0,0,0,2,25,4,1,824
orjson_3_11_8,82fb64db68865e0d20afdeca317117b08d7e2f45,0,8395417.0,24730.0,159,53,0,1,0,0,0,0,1,1,1,1,2,1,0,0,0,4,4,7,30,417,198,91,27,28,36,107,14,5,4,5,5,5,219,407,1,1,24,24,25,1,0,0,0,2,25,4,1,824
orjson_3_11_9,82fb64db68865e0d20afdeca317117b08d7e2f45,0,8005736.333333333,24730.0,159,53,0,1,0,0,0,0,1,1,1,1,2,1,0,0,0,4,4,7,30,417,198,91,27,28,36,107,14,5,4,5,5,5,219,407,1,1,24,24,25,1,0,0,0,2,25,4,1,824
orjson_3_12_0,82fb64db68865e0d20afdeca317117b08d7e2f45,0,8021069.666666667,24730.0,159,53,0,1,0,0,0,0,1,1,1,1,2,1,0,0,0,4,4,7,30,417,198,91,27,28,36,107,14,5,4,5,5,5,219,407,1,1,24,24,25,1,0,0,0,2,25,4,1,824
orjson_3_11_5,e448ecf2d7bea6ca9fdc356e11c24f8349a6e813,0,10199402.666666666,25832.0,268,79,0,0,0,6,2,0,0,0,0,2,0,3,3,2,1,7,9,9,50,329,165,91,23,37,31,74,5,3,1,1,3,1,164,375,2,2,42,42,45,2,1,0,1,3,44,10,3,704
orjson_3_11_6,e448ecf2d7bea6ca9fdc356e11c24f8349a6e813,0,10279847.333333334,25832.0,268,79,0,0,0,6,2,0,0,0,0,2,0,3,3,2,1,7,9,9,50,329,165,91,23,37,31,74,5,3,1,1,3,1,164,375,2,2,42,42,45,2,1,0,1,3,44,10,3,704
orjson_3_11_7,e448ecf2d7bea6ca9fdc356e11c24f8349a6e813,0,10346583.0,25832.0,268,79,0,0,0,6,2,0,0,0,0,2,0,3,3,2,1,7,9,9,50,329,165,91,23,37,31,74,5,3,1,1,3,1,164,375,2,2,42,42,45,2,1,0,1,3,44,10,3,704
orjson_3_11_8,e448ecf2d7bea6ca9fdc356e11c24f8349a6e813,0,10071861.0,25832.0,268,79,0,0,0,6,2,0,0,0,0,2,0,3,3,2,1,7,9,9,50,329,165,91,23,37,31,74,5,3,1,1,3,1,164,375,2,2,42,42,45,2,1,0,1,3,44,10,3,704
orjson_3_11_9,e448ecf2d7bea6ca9fdc356e11c24f8349a6e813,0,9739322.75,25832.0,268,79,0,0,0,6,2,0,0,0,0,2,0,3,3,2,1,7,9,9,50,329,165,91,23,37,31,74,5,3,1,1,3,1,164,375,2,2,42,42,45,2,1,0,1,3,44,10,3,704
orjson_3_12_0,e448ecf2d7bea6ca9fdc356e11c24f8349a6e813,0,9904972.666666666,25832.0,268,79,0,0,0,6,2,0,0,0,0,2,0,3,3,2,1,7,9,9,50,329,165,91,23,37,31,74,5,3,1,1,3,1,164,375,2,2,42,42,45,2,1,0,1,3,44,10,3,704
orjson_3_11_5,0c97bc3da02d3ba444cb8b4a667c3c7119d29412,0,10032875.0,25800.0,267,78,0,1,0,4,1,0,1,1,1,3,1,3,2,1,1,7,9,9,50,329,165,91,23,36,32,74,5,3,1,1,3,1,164,375,2,2,42,42,45,2,1,0,1,3,44,10,3,704
orjson_3_11_6,0c97bc3da02d3ba444cb8b4a667c3c7119d29412,0,10177611.0,25800.0,267,78,0,1,0,4,1,0,1,1,1,3,1,3,2,1,1,7,9,9,50,329,165,91,23,36,32,74,5,3,1,1,3,1,164,375,2,2,42,42,45,2,1,0,1,3,44,10,3,704
orjson_3_11_7,0c97bc3da02d3ba444cb8b4a667c3c7119d29412,0,10233375.0,25800.0,267,78,0,1,0,4,1,0,1,1,1,3,1,3,2,1,1,7,9,9,50,329,165,91,23,36,32,74,5,3,1,1,3,1,164,375,2,2,42,42,45,2,1,0,1,3,44,10,3,704
orjson_3_11_8,0c97bc3da02d3ba444cb8b4a667c3c7119d29412,0,10205805.666666666,25800.0,267,78,0,1,0,4,1,0,1,1,1,3,1,3,2,1,1,7,9,9,50,329,165,91,23,36,32,74,5,3,1,1,3,1,164,375,2,2,42,42,45,2,1,0,1,3,44,10,3,704
orjson_3_11_9,0c97bc3da02d3ba444cb8b4a667c3c7119d29412,0,9871403.333333334,25800.0,267,78,0,1,0,4,1,0,1,1,1,3,1,3,2,1,1,7,9,9,50,329,165,91,23,36,32,74,5,3,1,1,3,1,164,375,2,2,42,42,45,2,1,0,1,3,44,10,3,704
orjson_3_12_0,0c97bc3da02d3ba444cb8b4a667c3c7119d29412,0,9829528.0,25800.0,267,78,0,1,0,4,1,0,1,1,1,3,1,3,2,1,1,7,9,9,50,329,165,91,23,36,32,74,5,3,1,1,3,1,164,375,2,2,42,42,45,2,1,0,1,3,44,10,3,704
orjson_3_11_5,e17e3218248e9063e6d89b63c2cc2f69312e6153,0,9389875.0,25072.0,159,55,0,1,1,10,1,3,0,0,1,5,1,5,4,1,1,4,5,6,28,415,186,97,29,37,31,89,9,3,3,3,3,3,229,409,1,1,24,24,25,1,0,0,0,2,25,2,5,824
orjson_3_11_6,e17e3218248e9063e6d89b63c2cc2f69312e6153,0,9347902.666666666,25072.0,159,55,0,1,1,10,1,3,0,0,1,5,1,5,4,1,1,4,5,6,28,415,186,97,29,37,31,89,9,3,3,3,3,3,229,409,1,1,24,24,25,1,0,0,0,2,25,2,5,824
orjson_3_11_7,e17e3218248e9063e6d89b63c2cc2f69312e6153,0,9330666.666666666,25072.0,159,55,0,1,1,10,1,3,0,0,1,5,1,5,4,1,1,4,5,6,28,415,186,97,29,37,31,89,9,3,3,3,3,3,229,409,1,1,24,24,25,1,0,0,0,2,25,2,5,824
orjson_3_11_8,e17e3218248e9063e6d89b63c2cc2f69312e6153,0,9429041.666666666,25072.0,159,55,0,1,1,10,1,3,0,0,1,5,1,5,4,1,1,4,5,6,28,415,186,97,29,37,31,89,9,3,3,3,3,3,229,409,1,1,24,24,25,1,0,0,0,2,25,2,5,824
orjson_3_11_9,e17e3218248e9063e6d89b63c2cc2f69312e6153,0,9429958.5,25072.0,159,55,0,1,1,10,1,3,0,0,1,5,1,5,4,1,1,4,5,6,28,415,186,97,29,37,31,89,9,3,3,3,3,3,229,409,1,1,24,24,25,1,0,0,0,2,25,2,5,824
orjson_3_12_0,e17e3218248e9063e6d89b63c2cc2f69312e6153,0,8989791.666666666,25072.0,159,55,0,1,1,10,1,3,0,0,1,5,1,5,4,1,1,4,5,6,28,415,186,97,29,37,31,89,9,3,3,3,3,3,229,409,1,1,24,24,25,1,0,0,0,2,25,2,5,824
orjson_3_11_5,3695aead2eb3f57a79762a86ddde15a300e97c21,0,9801833.333333334,25583.0,262,57,0,1,1,12,1,0,0,0,1,1,1,1,0,0,0,11,9,12,63,342,175,89,32,25,32,86,7,0,4,3,0,3,167,342,2,2,48,48,50,2,0,0,0,3,50,3,1,684
orjson_3_11_6,3695aead2eb3f57a79762a86ddde15a300e97c21,0,9771111.0,25583.0,262,57,0,1,1,12,1,0,0,0,1,1,1,1,0,0,0,11,9,12,63,342,175,89,32,25,32,86,7,0,4,3,0,3,167,342,2,2,48,48,50,2,0,0,0,3,50,3,1,684
orjson_3_11_7,3695aead2eb3f57a79762a86ddde15a300e97c21,0,9902847.0,25583.0,262,57,0,1,1,12,1,0,0,0,1,1,1,1,0,0,0,11,9,12,63,342,175,89,32,25,32,86,7,0,4,3,0,3,167,342,2,2,48,48,50,2,0,0,0,3,50,3,1,684
orjson_3_11_8,3695aead2eb3f57a79762a86ddde15a300e97c21,0,9762319.333333334,25583.0,262,57,0,1,1,12,1,0,0,0,1,1,1,1,0,0,0,11,9,12,63,342,175,89,32,25,32,86,7,0,4,3,0,3,167,342,2,2,48,48,50,2,0,0,0,3,50,3,1,684
orjson_3_11_9,3695aead2eb3f57a79762a86ddde15a300e97c21,0,9517597.666666666,25583.0,262,57,0,1,1,12,1,0,0,0,1,1,1,1,0,0,0,11,9,12,63,342,175,89,32,25,32,86,7,0,4,3,0,3,167,342,2,2,48,48,50,2,0,0,0,3,50,3,1,684
orjson_3_12_0,3695aead2eb3f57a79762a86ddde15a300e97c21,0,9451763.666666666,25583.0,262,57,0,1,1,12,1,0,0,0,1,1,1,1,0,0,0,11,9,12,63,342,175,89,32,25,32,86,7,0,4,3,0,3,167,342,2,2,48,48,50,2,0,0,0,3,50,3,1,684
orjson_3_11_5,0b31bd8ff1942a339ec0d57227a9fdbc963ae547,0,9418916.666666666,25072.0,159,55,0,1,1,10,1,3,0,0,1,5,1,5,4,1,1,4,5,6,28,415,186,97,29,37,31,89,9,3,3,3,3,3,229,409,1,1,24,24,25,1,0,0,0,2,25,2,5,824
orjson_3_11_6,0b31bd8ff1942a339ec0d57227a9fdbc963ae547,0,9304458.333333334,25072.0,159,55,0,1,1,10,1,3,0,0,1,5,1,5,4,1,1,4,5,6,28,415,186,97,29,37,31,89,9,3,3,3,3,3,229,409,1,1,24,24,25,1,0,0,0,2,25,2,5,824
orjson_3_11_7,0b31bd8ff1942a339ec0d57227a9fdbc963ae547,0,9493110.666666666,25072.0,159,55,0,1,1,10,1,3,0,0,1,5,1,5,4,1,1,4,5,6,28,415,186,97,29,37,31,89,9,3,3,3,3,3,229,409,1,1,24,24,25,1,0,0,0,2,25,2,5,824
orjson_3_11_8,0b31bd8ff1942a339ec0d57227a9fdbc963ae547,0,9328416.333333334,25072.0,159,55,0,1,1,10,1,3,0,0,1,5,1,5,4,1,1,4,5,6,28,415,186,97,29,37,31,89,9,3,3,3,3,3,229,409,1,1,24,24,25,1,0,0,0,2,25,2,5,824
orjson_3_11_9,0b31bd8ff1942a339ec0d57227a9fdbc963ae547,0,9163697.75,25072.0,159,55,0,1,1,10,1,3,0,0,1,5,1,5,4,1,1,4,5,6,28,415,186,97,29,37,31,89,9,3,3,3,3,3,229,409,1,1,24,24,25,1,0,0,0,2,25,2,5,824
orjson_3_12_0,0b31bd8ff1942a339ec0d57227a9fdbc963ae547,0,9035861.0,25072.0,159,55,0,1,1,10,1,3,0,0,1,5,1,5,4,1,1,4,5,6,28,415,186,97,29,37,31,89,9,3,3,3,3,3,229,409,1,1,24,24,25,1,0,0,0,2,25,2,5,824
orjson_3_11_5,e7039ff860a137d9eef68d14b506fc1ac5fd3909,0,9323708.333333334,25072.0,159,55,0,1,1,10,1,3,0,0,1,5,1,5,4,1,1,4,5,6,28,415,186,97,29,37,31,89,9,3,3,3,3,3,229,409,1,1,24,24,25,1,0,0,0,2,25,2,5,824
orjson_3_11_6,e7039ff860a137d9eef68d14b506fc1ac5fd3909,0,9332944.666666666,25072.0,159,55,0,1,1,10,1,3,0,0,1,5,1,5,4,1,1,4,5,6,28,415,186,97,29,37,31,89,9,3,3,3,3,3,229,409,1,1,24,24,25,1,0,0,0,2,25,2,5,824
orjson_3_11_7,e7039ff860a137d9eef68d14b506fc1ac5fd3909,0,9338125.0,25072.0,159,55,0,1,1,10,1,3,0,0,1,5,1,5,4,1,1,4,5,6,28,415,186,97,29,37,31,89,9,3,3,3,3,3,229,409,1,1,24,24,25,1,0,0,0,2,25,2,5,824
orjson_3_11_8,e7039ff860a137d9eef68d14b506fc1ac5fd3909,0,9313305.666666666,25072.0,159,55,0,1,1,10,1,3,0,0,1,5,1,5,4,1,1,4,5,6,28,415,186,97,29,37,31,89,9,3,3,3,3,3,229,409,1,1,24,24,25,1,0,0,0,2,25,2,5,824
orjson_3_11_9,e7039ff860a137d9eef68d14b506fc1ac5fd3909,0,9068805.666666666,25072.0,159,55,0,1,1,10,1,3,0,0,1,5,1,5,4,1,1,4,5,6,28,415,186,97,29,37,31,89,9,3,3,3,3,3,229,409,1,1,24,24,25,1,0,0,0,2,25,2,5,824
orjson_3_12_0,e7039ff860a137d9eef68d14b506fc1ac5fd3909,0,9056763.666666666,25072.0,159,55,0,1,1,10,1,3,0,0,1,5,1,5,4,1,1,4,5,6,28,415,186,97,29,37,31,89,9,3,3,3,3,3,229,409,1,1,24,24,25,1,0,0,0,2,25,2,5,824
orjson_3_11_5,fc0e32d06f6507b166ec4d580623cfff192ab284,0,9378860.666666666,25072.0,159,55,0,1,1,10,1,3,0,0,1,5,1,5,4,1,1,4,5,6,28,415,186,97,29,37,31,89,9,3,3,3,3,3,229,409,1,1,24,24,25,1,0,0,0,2,25,2,5,824
orjson_3_11_6,fc0e32d06f6507b166ec4d580623cfff192ab284,0,9346722.333333334,25072.0,159,55,0,1,1,10,1,3,0,0,1,5,1,5,4,1,1,4,5,6,28,415,186,97,29,37,31,89,9,3,3,3,3,3,229,409,1,1,24,24,25,1,0,0,0,2,25,2,5,824
orjson_3_11_7,fc0e32d06f6507b166ec4d580623cfff192ab284,0,9312902.666666666,25072.0,159,55,0,1,1,10,1,3,0,0,1,5,1,5,4,1,1,4,5,6,28,415,186,97,29,37,31,89,9,3,3,3,3,3,229,409,1,1,24,24,25,1,0,0,0,2,25,2,5,824
orjson_3_11_8,fc0e32d06f6507b166ec4d580623cfff192ab284,0,9301375.0,25072.0,159,55,0,1,1,10,1,3,0,0,1,5,1,5,4,1,1,4,5,6,28,415,186,97,29,37,31,89,9,3,3,3,3,3,229,409,1,1,24,24,25,1,0,0,0,2,25,2,5,824
orjson_3_11_9,fc0e32d06f6507b166ec4d580623cfff192ab284,0,9048638.666666666,25072.0,159,55,0,1,1,10,1,3,0,0,1,5,1,5,4,1,1,4,5,6,28,415,186,97,29,37,31,89,9,3,3,3,3,3,229,409,1,1,24,24,25,1,0,0,0,2,25,2,5,824
orjson_3_12_0,fc0e32d06f6507b166ec4d580623cfff192ab284,0,8984041.666666666,25072.0,159,55,0,1,1,10,1,3,0,0,1,5,1,5,4,1,1,4,5,6,28,415,186,97,29,37,31,89,9,3,3,3,3,3,229,409,1,1,24,24,25,1,0,0,0,2,25,2,5,824
orjson_3_11_5,a79a6c262147910b1776f6be656a111e5bf2a3d5,0,9424666.666666666,25072.0,159,55,0,1,1,10,1,3,0,0,1,5,1,5,4,1,1,4,5,6,28,415,186,97,29,37,31,89,9,3,3,3,3,3,229,409,1,1,24,24,25,1,0,0,0,2,25,2,5,824
orjson_3_11_6,a79a6c262147910b1776f6be656a111e5bf2a3d5,0,9357972.333333334,25072.0,159,55,0,1,1,10,1,3,0,0,1,5,1,5,4,1,1,4,5,6,28,415,186,97,29,37,31,89,9,3,3,3,3,3,229,409,1,1,24,24,25,1,0,0,0,2,25,2,5,824
orjson_3_11_7,a79a6c262147910b1776f6be656a111e5bf2a3d5,0,9346875.333333334,25072.0,159,55,0,1,1,10,1,3,0,0,1,5,1,5,4,1,1,4,5,6,28,415,186,97,29,37,31,89,9,3,3,3,3,3,229,409,1,1,24,24,25,1,0,0,0,2,25,2,5,824
orjson_3_11_8,a79a6c262147910b1776f6be656a111e5bf2a3d5,0,9292624.666666666,25072.0,159,55,0,1,1,10,1,3,0,0,1,5,1,5,4,1,1,4,5,6,28,415,186,97,29,37,31,89,9,3,3,3,3,3,229,409,1,1,24,24,25,1,0,0,0,2,25,2,5,824
orjson_3_11_9,a79a6c262147910b1776f6be656a111e5bf2a3d5,0,8993528.0,25072.0,159,55,0,1,1,10,1,3,0,0,1,5,1,5,4,1,1,4,5,6,28,415,186,97,29,37,31,89,9,3,3,3,3,3,229,409,1,1,24,24,25,1,0,0,0,2,25,2,5,824
orjson_3_12_0,a79a6c262147910b1776f6be656a111e5bf2a3d5,0,9026250.0,25072.0,159,55,0,1,1,10,1,3,0,0,1,5,1,5,4,1,1,4,5,6,28,415,186,97,29,37,31,89,9,3,3,3,3,3,229,409,1,1,24,24,25,1,0,0,0,2,25,2,5,824
orjson_3_11_5,0e836686f62867162ae8efa255a4e35c3a49a09c,0,9116722.0,21095.0,260,54,0,1,1,12,1,0,0,0,1,1,1,1,0,0,0,11,9,12,62,295,147,73,27,22,24,74,7,0,4,3,0,3,148,285,2,2,48,48,50,2,0,0,0,3,50,4,1,580
orjson_3_11_6,0e836686f62867162ae8efa255a4e35c3a49a09c,0,9142611.333333334,21095.0,260,54,0,1,1,12,1,0,0,0,1,1,1,1,0,0,0,11,9,12,62,295,147,73,27,22,24,74,7,0,4,3,0,3,148,285,2,2,48,48,50,2,0,0,0,3,50,4,1,580
orjson_3_11_7,0e836686f62867162ae8efa255a4e35c3a49a09c,0,9114152.666666666,21095.0,260,54,0,1,1,12,1,0,0,0,1,1,1,1,0,0,0,11,9,12,62,295,147,73,27,22,24,74,7,0,4,3,0,3,148,285,2,2,48,48,50,2,0,0,0,3,50,4,1,580
orjson_3_11_8,0e836686f62867162ae8efa255a4e35c3a49a09c,0,9131138.666666666,21095.0,260,54,0,1,1,12,1,0,0,0,1,1,1,1,0,0,0,11,9,12,62,295,147,73,27,22,24,74,7,0,4,3,0,3,148,285,2,2,48,48,50,2,0,0,0,3,50,4,1,580
orjson_3_11_9,0e836686f62867162ae8efa255a4e35c3a49a09c,0,8848778.0,21095.0,260,54,0,1,1,12,1,0,0,0,1,1,1,1,0,0,0,11,9,12,62,295,147,73,27,22,24,74,7,0,4,3,0,3,148,285,2,2,48,48,50,2,0,0,0,3,50,4,1,580
orjson_3_12_0,0e836686f62867162ae8efa255a4e35c3a49a09c,0,8856236.0,21095.0,260,54,0,1,1,12,1,0,0,0,1,1,1,1,0,0,0,11,9,12,62,295,147,73,27,22,24,74,7,0,4,3,0,3,148,285,2,2,48,48,50,2,0,0,0,3,50,4,1,580
orjson_3_11_5,5f3d8339d8ebac42592ecb46fc7a3461ff66bd01,0,9338833.333333334,25072.0,158,54,0,1,1,10,1,3,0,0,1,5,1,5,4,1,1,4,5,6,28,415,186,97,29,37,31,89,9,3,3,3,3,3,229,409,1,1,24,24,25,1,0,0,0,2,25,2,5,824
orjson_3_11_6,5f3d8339d8ebac42592ecb46fc7a3461ff66bd01,0,9410972.333333334,25072.0,158,54,0,1,1,10,1,3,0,0,1,5,1,5,4,1,1,4,5,6,28,415,186,97,29,37,31,89,9,3,3,3,3,3,229,409,1,1,24,24,25,1,0,0,0,2,25,2,5,824
orjson_3_11_7,5f3d8339d8ebac42592ecb46fc7a3461ff66bd01,0,9312861.0,25072.0,158,54,0,1,1,10,1,3,0,0,1,5,1,5,4,1,1,4,5,6,28,415,186,97,29,37,31,89,9,3,3,3,3,3,229,409,1,1,24,24,25,1,0,0,0,2,25,2,5,824
orjson_3_11_8,5f3d8339d8ebac42592ecb46fc7a3461ff66bd01,0,9302653.0,25072.0,158,54,0,1,1,10,1,3,0,0,1,5,1,5,4,1,1,4,5,6,28,415,186,97,29,37,31,89,9,3,3,3,3,3,229,409,1,1,24,24,25,1,0,0,0,2,25,2,5,824
orjson_3_11_9,5f3d8339d8ebac42592ecb46fc7a3461ff66bd01,0,9214472.333333334,25072.0,158,54,0,1,1,10,1,3,0,0,1,5,1,5,4,1,1,4,5,6,28,415,186,97,29,37,31,89,9,3,3,3,3,3,229,409,1,1,24,24,25,1,0,0,0,2,25,2,5,824
orjson_3_12_0,5f3d8339d8ebac42592ecb46fc7a3461ff66bd01,0,9079208.0,25072.0,158,54,0,1,1,10,1,3,0,0,1,5,1,5,4,1,1,4,5,6,28,415,186,97,29,37,31,89,9,3,3,3,3,3,229,409,1,1,24,24,25,1,0,0,0,2,25,2,5,824
orjson_3_11_5,5b5df2adf0239058e1c113f92ae0f3b218834c04,0,9822792.0,25583.0,263,58,0,1,1,12,1,0,0,0,1,1,1,1,0,0,0,11,9,12,63,342,175,89,32,25,32,86,7,0,4,3,0,3,167,342,2,2,48,48,50,2,0,0,0,3,50,3,1,684
orjson_3_11_6,5b5df2adf0239058e1c113f92ae0f3b218834c04,0,9707611.0,25583.0,263,58,0,1,1,12,1,0,0,0,1,1,1,1,0,0,0,11,9,12,63,342,175,89,32,25,32,86,7,0,4,3,0,3,167,342,2,2,48,48,50,2,0,0,0,3,50,3,1,684
orjson_3_11_7,5b5df2adf0239058e1c113f92ae0f3b218834c04,0,9746250.25,25583.0,263,58,0,1,1,12,1,0,0,0,1,1,1,1,0,0,0,11,9,12,63,342,175,89,32,25,32,86,7,0,4,3,0,3,167,342,2,2,48,48,50,2,0,0,0,3,50,3,1,684
orjson_3_11_8,5b5df2adf0239058e1c113f92ae0f3b218834c04,0,9932139.0,25583.0,263,58,0,1,1,12,1,0,0,0,1,1,1,1,0,0,0,11,9,12,63,342,175,89,32,25,32,86,7,0,4,3,0,3,167,342,2,2,48,48,50,2,0,0,0,3,50,3,1,684
orjson_3_11_9,5b5df2adf0239058e1c113f92ae0f3b218834c04,0,9623611.333333334,25583.0,263,58,0,1,1,12,1,0,0,0,1,1,1,1,0,0,0,11,9,12,63,342,175,89,32,25,32,86,7,0,4,3,0,3,167,342,2,2,48,48,50,2,0,0,0,3,50,3,1,684
orjson_3_12_0,5b5df2adf0239058e1c113f92ae0f3b218834c04,0,9491653.0,25583.0,263,58,0,1,1,12,1,0,0,0,1,1,1,1,0,0,0,11,9,12,63,342,175,89,32,25,32,86,7,0,4,3,0,3,167,342,2,2,48,48,50,2,0,0,0,3,50,3,1,684
orjson_3_11_5,2690e9448dac13c3c969041247f8e4fa16c213c5,0,9280096.666666666,25072.0,158,54,0,1,1,10,1,3,0,0,1,5,1,5,4,1,1,4,6,5,28,416,187,98,29,38,31,89,9,3,3,3,3,3,229,409,1,1,24,24,25,1,0,0,0,2,25,2,5,825
orjson_3_11_6,2690e9448dac13c3c969041247f8e4fa16c213c5,0,9360805.666666666,25072.0,158,54,0,1,1,10,1,3,0,0,1,5,1,5,4,1,1,4,6,5,28,416,187,98,29,38,31,89,9,3,3,3,3,3,229,409,1,1,24,24,25,1,0,0,0,2,25,2,5,825
orjson_3_11_7,2690e9448dac13c3c969041247f8e4fa16c213c5,0,9325153.0,25072.0,158,54,0,1,1,10,1,3,0,0,1,5,1,5,4,1,1,4,6,5,28,416,187,98,29,38,31,89,9,3,3,3,3,3,229,409,1,1,24,24,25,1,0,0,0,2,25,2,5,825
orjson_3_11_8,2690e9448dac13c3c969041247f8e4fa16c213c5,0,9611075.0,25072.0,158,54,0,1,1,10,1,3,0,0,1,5,1,5,4,1,1,4,6,5,28,416,187,98,29,38,31,89,9,3,3,3,3,3,229,409,1,1,24,24,25,1,0,0,0,2,25,2,5,825
orjson_3_11_9,2690e9448dac13c3c969041247f8e4fa16c213c5,0,9120944.333333334,25072.0,158,54,0,1,1,10,1,3,0,0,1,5,1,5,4,1,1,4,6,5,28,416,187,98,29,38,31,89,9,3,3,3,3,3,229,409,1,1,24,24,25,1,0,0,0,2,25,2,5,825
orjson_3_12_0,2690e9448dac13c3c969041247f8e4fa16c213c5,0,9033402.666666666,25072.0,158,54,0,1,1,10,1,3,0,0,1,5,1,5,4,1,1,4,6,5,28,416,187,98,29,38,31,89,9,3,3,3,3,3,229,409,1,1,24,24,25,1,0,0,0,2,25,2,5,825
orjson_3_11_5,3e1c8c36cb7124e1ddbb26c59adaa3370620ad02,0,9985971.666666666,25583.0,262,57,0,1,1,12,1,0,0,0,1,1,1,1,0,0,0,11,9,12,63,342,175,89,32,25,32,86,7,0,4,3,0,3,167,342,2,2,48,48,50,2,0,0,0,3,50,3,1,684
orjson_3_11_6,3e1c8c36cb7124e1ddbb26c59adaa3370620ad02,0,9573708.333333334,25583.0,262,57,0,1,1,12,1,0,0,0,1,1,1,1,0,0,0,11,9,12,63,342,175,89,32,25,32,86,7,0,4,3,0,3,167,342,2,2,48,48,50,2,0,0,0,3,50,3,1,684
orjson_3_11_7,3e1c8c36cb7124e1ddbb26c59adaa3370620ad02,0,9783431.0,25583.0,262,57,0,1,1,12,1,0,0,0,1,1,1,1,0,0,0,11,9,12,63,342,175,89,32,25,32,86,7,0,4,3,0,3,167,342,2,2,48,48,50,2,0,0,0,3,50,3,1,684
orjson_3_11_8,3e1c8c36cb7124e1ddbb26c59adaa3370620ad02,0,9734985.666666666,25583.0,262,57,0,1,1,12,1,0,0,0,1,1,1,1,0,0,0,11,9,12,63,342,175,89,32,25,32,86,7,0,4,3,0,3,167,342,2,2,48,48,50,2,0,0,0,3,50,3,1,684
orjson_3_11_9,3e1c8c36cb7124e1ddbb26c59adaa3370620ad02,0,9327139.0,25583.0,262,57,0,1,1,12,1,0,0,0,1,1,1,1,0,0,0,11,9,12,63,342,175,89,32,25,32,86,7,0,4,3,0,3,167,342,2,2,48,48,50,2,0,0,0,3,50,3,1,684
orjson_3_12_0,3e1c8c36cb7124e1ddbb26c59adaa3370620ad02,0,9411041.333333334,25583.0,262,57,0,1,1,12,1,0,0,0,1,1,1,1,0,0,0,11,9,12,63,342,175,89,32,25,32,86,7,0,4,3,0,3,167,342,2,2,48,48,50,2,0,0,0,3,50,3,1,684
orjson_3_11_5,05a820810e57bc18cab9d8b465389a83b1d9b0f4,0,9305097.0,25072.0,159,55,0,1,1,10,1,3,0,0,1,5,1,5,4,1,1,4,5,6,28,415,186,97,29,37,31,89,9,3,3,3,3,3,229,409,1,1,24,24,25,1,0,0,0,2,25,2,5,824
orjson_3_11_6,05a820810e57bc18cab9d8b465389a83b1d9b0f4,0,9401249.333333334,25072.0,159,55,0,1,1,10,1,3,0,0,1,5,1,5,4,1,1,4,5,6,28,415,186,97,29,37,31,89,9,3,3,3,3,3,229,409,1,1,24,24,25,1,0,0,0,2,25,2,5,824
orjson_3_11_7,05a820810e57bc18cab9d8b465389a83b1d9b0f4,0,9297402.666666666,25072.0,159,55,0,1,1,10,1,3,0,0,1,5,1,5,4,1,1,4,5,6,28,415,186,97,29,37,31,89,9,3,3,3,3,3,229,409,1,1,24,24,25,1,0,0,0,2,25,2,5,824
orjson_3_11_8,05a820810e57bc18cab9d8b465389a83b1d9b0f4,0,9341805.666666666,25072.0,159,55,0,1,1,10,1,3,0,0,1,5,1,5,4,1,1,4,5,6,28,415,186,97,29,37,31,89,9,3,3,3,3,3,229,409,1,1,24,24,25,1,0,0,0,2,25,2,5,824
orjson_3_11_9,05a820810e57bc18cab9d8b465389a83b1d9b0f4,0,9062208.333333334,25072.0,159,55,0,1,1,10,1,3,0,0,1,5,1,5,4,1,1,4,5,6,28,415,186,97,29,37,31,89,9,3,3,3,3,3,229,409,1,1,24,24,25,1,0,0,0,2,25,2,5,824
orjson_3_12_0,05a820810e57bc18cab9d8b465389a83b1d9b0f4,0,8980986.333333334,25072.0,159,55,0,1,1,10,1,3,0,0,1,5,1,5,4,1,1,4,5,6,28,415,186,97,29,37,31,89,9,3,3,3,3,3,229,409,1,1,24,24,25,1,0,0,0,2,25,2,5,824
orjson_3_11_5,61636a1c4b9f0a52afb991d90ca9ef50266e9250,0,9501305.333333334,25072.0,159,55,0,1,1,10,1,3,0,0,1,5,1,5,4,1,1,4,5,6,28,415,186,97,29,37,31,89,9,3,3,3,3,3,229,409,1,1,24,24,25,1,0,0,0,2,25,2,5,824
orjson_3_11_6,61636a1c4b9f0a52afb991d90ca9ef50266e9250,0,9317139.0,25072.0,159,55,0,1,1,10,1,3,0,0,1,5,1,5,4,1,1,4,5,6,28,415,186,97,29,37,31,89,9,3,3,3,3,3,229,409,1,1,24,24,25,1,0,0,0,2,25,2,5,824
orjson_3_11_7,61636a1c4b9f0a52afb991d90ca9ef50266e9250,0,9310347.0,25072.0,159,55,0,1,1,10,1,3,0,0,1,5,1,5,4,1,1,4,5,6,28,415,186,97,29,37,31,89,9,3,3,3,3,3,229,409,1,1,24,24,25,1,0,0,0,2,25,2,5,824
orjson_3_11_8,61636a1c4b9f0a52afb991d90ca9ef50266e9250,0,9388694.666666666,25072.0,159,55,0,1,1,10,1,3,0,0,1,5,1,5,4,1,1,4,5,6,28,415,186,97,29,37,31,89,9,3,3,3,3,3,229,409,1,1,24,24,25,1,0,0,0,2,25,2,5,824
orjson_3_11_9,61636a1c4b9f0a52afb991d90ca9ef50266e9250,0,8999000.0,25072.0,159,55,0,1,1,10,1,3,0,0,1,5,1,5,4,1,1,4,5,6,28,415,186,97,29,37,31,89,9,3,3,3,3,3,229,409,1,1,24,24,25,1,0,0,0,2,25,2,5,824
orjson_3_12_0,61636a1c4b9f0a52afb991d90ca9ef50266e9250,0,9083000.25,25072.0,159,55,0,1,1,10,1,3,0,0,1,5,1,5,4,1,1,4,5,6,28,415,186,97,29,37,31,89,9,3,3,3,3,3,229,409,1,1,24,24,25,1,0,0,0,2,25,2,5,824
orjson_3_11_5,b3df673ce01d2c6d29c2229744cd6fc3477a3009,0,9728903.0,25583.0,262,57,0,1,1,12,1,0,0,0,1,1,1,1,0,0,0,11,9,12,63,342,175,89,32,25,32,86,7,0,4,3,0,3,167,342,2,2,48,48,50,2,0,0,0,3,50,3,1,684
orjson_3_11_6,b3df673ce01d2c6d29c2229744cd6fc3477a3009,0,9629291.666666666,25583.0,262,57,0,1,1,12,1,0,0,0,1,1,1,1,0,0,0,11,9,12,63,342,175,89,32,25,32,86,7,0,4,3,0,3,167,342,2,2,48,48,50,2,0,0,0,3,50,3,1,684
orjson_3_11_7,b3df673ce01d2c6d29c2229744cd6fc3477a3009,0,9745264.333333334,25583.0,262,57,0,1,1,12,1,0,0,0,1,1,1,1,0,0,0,11,9,12,63,342,175,89,32,25,32,86,7,0,4,3,0,3,167,342,2,2,48,48,50,2,0,0,0,3,50,3,1,684
orjson_3_11_8,b3df673ce01d2c6d29c2229744cd6fc3477a3009,0,9836028.0,25583.0,262,57,0,1,1,12,1,0,0,0,1,1,1,1,0,0,0,11,9,12,63,342,175,89,32,25,32,86,7,0,4,3,0,3,167,342,2,2,48,48,50,2,0,0,0,3,50,3,1,684
orjson_3_11_9,b3df673ce01d2c6d29c2229744cd6fc3477a3009,0,9520889.333333334,25583.0,262,57,0,1,1,12,1,0,0,0,1,1,1,1,0,0,0,11,9,12,63,342,175,89,32,25,32,86,7,0,4,3,0,3,167,342,2,2,48,48,50,2,0,0,0,3,50,3,1,684
orjson_3_12_0,b3df673ce01d2c6d29c2229744cd6fc3477a3009,0,9425139.0,25583.0,262,57,0,1,1,12,1,0,0,0,1,1,1,1,0,0,0,11,9,12,63,342,175,89,32,25,32,86,7,0,4,3,0,3,167,342,2,2,48,48,50,2,0,0,0,3,50,3,1,684
orjson_3_11_5,0cf68cc7d2b95f77d2d6681fce4038161914bda0,0,9299305.666666666,25072.0,159,55,0,1,1,10,1,3,0,0,1,5,1,5,4,1,1,4,5,6,28,415,186,97,29,37,31,89,9,3,3,3,3,3,229,409,1,1,24,24,25,1,0,0,0,2,25,2,5,824
orjson_3_11_6,0cf68cc7d2b95f77d2d6681fce4038161914bda0,0,9456305.333333334,25072.0,159,55,0,1,1,10,1,3,0,0,1,5,1,5,4,1,1,4,5,6,28,415,186,97,29,37,31,89,9,3,3,3,3,3,229,409,1,1,24,24,25,1,0,0,0,2,25,2,5,824
orjson_3_11_7,0cf68cc7d2b95f77d2d6681fce4038161914bda0,0,9370416.666666666,25072.0,159,55,0,1,1,10,1,3,0,0,1,5,1,5,4,1,1,4,5,6,28,415,186,97,29,37,31,89,9,3,3,3,3,3,229,409,1,1,24,24,25,1,0,0,0,2,25,2,5,824
orjson_3_11_8,0cf68cc7d2b95f77d2d6681fce4038161914bda0,0,9330139.0,25072.0,159,55,0,1,1,10,1,3,0,0,1,5,1,5,4,1,1,4,5,6,28,415,186,97,29,37,31,89,9,3,3,3,3,3,229,409,1,1,24,24,25,1,0,0,0,2,25,2,5,824
orjson_3_11_9,0cf68cc7d2b95f77d2d6681fce4038161914bda0,0,9004361.333333334,25072.0,159,55,0,1,1,10,1,3,0,0,1,5,1,5,4,1,1,4,5,6,28,415,186,97,29,37,31,89,9,3,3,3,3,3,229,409,1,1,24,24,25,1,0,0,0,2,25,2,5,824
orjson_3_12_0,0cf68cc7d2b95f77d2d6681fce4038161914bda0,0,9057666.666666666,25072.0,159,55,0,1,1,10,1,3,0,0,1,5,1,5,4,1,1,4,5,6,28,415,186,97,29,37,31,89,9,3,3,3,3,3,229,409,1,1,24,24,25,1,0,0,0,2,25,2,5,824
orjson_3_11_5,0ade3c1f63cf61a535214a2bc558c1e06183c65c,0,9012083.0,24703.0,328,127,0,3,0,23,3,2,3,3,1,4,2,8,5,3,0,10,10,7,53,317,150,65,23,21,21,85,8,6,0,2,6,2,167,307,2,2,46,46,48,2,0,0,0,3,48,7,8,624
orjson_3_11_6,0ade3c1f63cf61a535214a2bc558c1e06183c65c,0,8880847.333333334,24703.0,328,127,0,3,0,23,3,2,3,3,1,4,2,8,5,3,0,10,10,7,53,317,150,65,23,21,21,85,8,6,0,2,6,2,167,307,2,2,46,46,48,2,0,0,0,3,48,7,8,624
orjson_3_11_7,0ade3c1f63cf61a535214a2bc558c1e06183c65c,0,8868986.333333334,24703.0,328,127,0,3,0,23,3,2,3,3,1,4,2,8,5,3,0,10,10,7,53,317,150,65,23,21,21,85,8,6,0,2,6,2,167,307,2,2,46,46,48,2,0,0,0,3,48,7,8,624
orjson_3_11_8,0ade3c1f63cf61a535214a2bc558c1e06183c65c,0,9009444.333333334,24703.0,328,127,0,3,0,23,3,2,3,3,1,4,2,8,5,3,0,10,10,7,53,317,150,65,23,21,21,85,8,6,0,2,6,2,167,307,2,2,46,46,48,2,0,0,0,3,48,7,8,624
orjson_3_11_9,0ade3c1f63cf61a535214a2bc558c1e06183c65c,0,8722652.666666666,24703.0,328,127,0,3,0,23,3,2,3,3,1,4,2,8,5,3,0,10,10,7,53,317,150,65,23,21,21,85,8,6,0,2,6,2,167,307,2,2,46,46,48,2,0,0,0,3,48,7,8,624
orjson_3_12_0,0ade3c1f63cf61a535214a2bc558c1e06183c65c,0,8821694.333333334,24703.0,328,127,0,3,0,23,3,2,3,3,1,4,2,8,5,3,0,10,10,7,53,317,150,65,23,21,21,85,8,6,0,2,6,2,167,307,2,2,46,46,48,2,0,0,0,3,48,7,8,624
orjson_3_11_5,fff15e11a108441255dc875de66e4e74863d82f5,0,10085583.333333334,25820.0,241,42,0,0,0,0,0,0,0,0,0,0,0,0,0,0,0,6,16,9,59,348,167,81,22,28,31,86,14,2,5,7,2,7,181,366,2,2,46,46,48,2,0,0,0,3,48,5,0,714
orjson_3_11_6,fff15e11a108441255dc875de66e4e74863d82f5,0,10163333.0,25820.0,241,42,0,0,0,0,0,0,0,0,0,0,0,0,0,0,0,6,16,9,59,348,167,81,22,28,31,86,14,2,5,7,2,7,181,366,2,2,46,46,48,2,0,0,0,3,48,5,0,714
orjson_3_11_7,fff15e11a108441255dc875de66e4e74863d82f5,0,10209270.75,25820.0,241,42,0,0,0,0,0,0,0,0,0,0,0,0,0,0,0,6,16,9,59,348,167,81,22,28,31,86,14,2,5,7,2,7,181,366,2,2,46,46,48,2,0,0,0,3,48,5,0,714
orjson_3_11_8,fff15e11a108441255dc875de66e4e74863d82f5,0,11574104.3,25820.0,241,42,0,0,0,0,0,0,0,0,0,0,0,0,0,0,0,6,16,9,59,348,167,81,22,28,31,86,14,2,5,7,2,7,181,366,2,2,46,46,48,2,0,0,0,3,48,5,0,714
orjson_3_11_9,fff15e11a108441255dc875de66e4e74863d82f5,0,9939166.333333334,25820.0,241,42,0,0,0,0,0,0,0,0,0,0,0,0,0,0,0,6,16,9,59,348,167,81,22,28,31,86,14,2,5,7,2,7,181,366,2,2,46,46,48,2,0,0,0,3,48,5,0,714
orjson_3_12_0,fff15e11a108441255dc875de66e4e74863d82f5,0,9851514.0,25820.0,241,42,0,0,0,0,0,0,0,0,0,0,0,0,0,0,0,6,16,9,59,348,167,81,22,28,31,86,14,2,5,7,2,7,181,366,2,2,46,46,48,2,0,0,0,3,48,5,0,714
orjson_3_11_5,1f3eb200e6c48dfe82e0929d4db8354f7e25de3d,0,8927527.666666666,24703.0,328,127,0,3,0,23,3,2,3,3,1,4,2,8,5,3,0,10,10,7,53,317,150,65,23,21,21,85,8,6,0,2,6,2,167,307,2,2,46,46,48,2,0,0,0,3,48,7,8,624
orjson_3_11_6,1f3eb200e6c48dfe82e0929d4db8354f7e25de3d,0,8976402.666666666,24703.0,328,127,0,3,0,23,3,2,3,3,1,4,2,8,5,3,0,10,10,7,53,317,150,65,23,21,21,85,8,6,0,2,6,2,167,307,2,2,46,46,48,2,0,0,0,3,48,7,8,624
orjson_3_11_7,1f3eb200e6c48dfe82e0929d4db8354f7e25de3d,0,8910263.666666666,24703.0,328,127,0,3,0,23,3,2,3,3,1,4,2,8,5,3,0,10,10,7,53,317,150,65,23,21,21,85,8,6,0,2,6,2,167,307,2,2,46,46,48,2,0,0,0,3,48,7,8,624
orjson_3_11_8,1f3eb200e6c48dfe82e0929d4db8354f7e25de3d,0,8888916.666666666,24703.0,328,127,0,3,0,23,3,2,3,3,1,4,2,8,5,3,0,10,10,7,53,317,150,65,23,21,21,85,8,6,0,2,6,2,167,307,2,2,46,46,48,2,0,0,0,3,48,7,8,624
orjson_3_11_9,1f3eb200e6c48dfe82e0929d4db8354f7e25de3d,0,8679972.0,24703.0,328,127,0,3,0,23,3,2,3,3,1,4,2,8,5,3,0,10,10,7,53,317,150,65,23,21,21,85,8,6,0,2,6,2,167,307,2,2,46,46,48,2,0,0,0,3,48,7,8,624
orjson_3_12_0,1f3eb200e6c48dfe82e0929d4db8354f7e25de3d,0,8717458.333333334,24703.0,328,127,0,3,0,23,3,2,3,3,1,4,2,8,5,3,0,10,10,7,53,317,150,65,23,21,21,85,8,6,0,2,6,2,167,307,2,2,46,46,48,2,0,0,0,3,48,7,8,624
orjson_3_11_5,5d27148e74eec819344250ac094143eb444f10c6,0,8955306.0,24703.0,328,127,0,3,0,23,3,2,3,3,1,4,2,8,5,3,0,10,10,7,53,317,150,65,23,21,21,85,8,6,0,2,6,2,167,307,2,2,46,46,48,2,0,0,0,3,48,7,8,624
orjson_3_11_6,5d27148e74eec819344250ac094143eb444f10c6,0,9031093.75,24703.0,328,127,0,3,0,23,3,2,3,3,1,4,2,8,5,3,0,10,10,7,53,317,150,65,23,21,21,85,8,6,0,2,6,2,167,307,2,2,46,46,48,2,0,0,0,3,48,7,8,624
orjson_3_11_7,5d27148e74eec819344250ac094143eb444f10c6,0,8947764.333333334,24703.0,328,127,0,3,0,23,3,2,3,3,1,4,2,8,5,3,0,10,10,7,53,317,150,65,23,21,21,85,8,6,0,2,6,2,167,307,2,2,46,46,48,2,0,0,0,3,48,7,8,624
orjson_3_11_8,5d27148e74eec819344250ac094143eb444f10c6,0,8917722.0,24703.0,328,127,0,3,0,23,3,2,3,3,1,4,2,8,5,3,0,10,10,7,53,317,150,65,23,21,21,85,8,6,0,2,6,2,167,307,2,2,46,46,48,2,0,0,0,3,48,7,8,624
orjson_3_11_9,5d27148e74eec819344250ac094143eb444f10c6,0,8754097.333333334,24703.0,328,127,0,3,0,23,3,2,3,3,1,4,2,8,5,3,0,10,10,7,53,317,150,65,23,21,21,85,8,6,0,2,6,2,167,307,2,2,46,46,48,2,0,0,0,3,48,7,8,624
orjson_3_12_0,5d27148e74eec819344250ac094143eb444f10c6,0,8641305.666666666,24703.0,328,127,0,3,0,23,3,2,3,3,1,4,2,8,5,3,0,10,10,7,53,317,150,65,23,21,21,85,8,6,0,2,6,2,167,307,2,2,46,46,48,2,0,0,0,3,48,7,8,624
orjson_3_11_5,4d956eeec7a6f9e6a35143b18a117670c2953996,0,10264444.333333334,25820.0,241,42,0,0,0,0,0,0,0,0,0,0,0,0,0,0,0,6,16,9,59,348,167,81,22,28,31,86,14,2,5,7,2,7,181,366,2,2,46,46,48,2,0,0,0,3,48,5,0,714
orjson_3_11_6,4d956eeec7a6f9e6a35143b18a117670c2953996,0,10239097.0,25820.0,241,42,0,0,0,0,0,0,0,0,0,0,0,0,0,0,0,6,16,9,59,348,167,81,22,28,31,86,14,2,5,7,2,7,181,366,2,2,46,46,48,2,0,0,0,3,48,5,0,714
orjson_3_11_7,4d956eeec7a6f9e6a35143b18a117670c2953996,0,10280541.666666666,25820.0,241,42,0,0,0,0,0,0,0,0,0,0,0,0,0,0,0,6,16,9,59,348,167,81,22,28,31,86,14,2,5,7,2,7,181,366,2,2,46,46,48,2,0,0,0,3,48,5,0,714
orjson_3_11_8,4d956eeec7a6f9e6a35143b18a117670c2953996,0,10248333.666666666,25820.0,241,42,0,0,0,0,0,0,0,0,0,0,0,0,0,0,0,6,16,9,59,348,167,81,22,28,31,86,14,2,5,7,2,7,181,366,2,2,46,46,48,2,0,0,0,3,48,5,0,714
orjson_3_11_9,4d956eeec7a6f9e6a35143b18a117670c2953996,0,9878458.333333334,25820.0,241,42,0,0,0,0,0,0,0,0,0,0,0,0,0,0,0,6,16,9,59,348,167,81,22,28,31,86,14,2,5,7,2,7,181,366,2,2,46,46,48,2,0,0,0,3,48,5,0,714
orjson_3_12_0,4d956eeec7a6f9e6a35143b18a117670c2953996,0,9883513.666666666,25820.0,241,42,0,0,0,0,0,0,0,0,0,0,0,0,0,0,0,6,16,9,59,348,167,81,22,28,31,86,14,2,5,7,2,7,181,366,2,2,46,46,48,2,0,0,0,3,48,5,0,714
orjson_3_11_5,c263473cd05145591c200e4ffaa82c8872920480,0,8999375.0,24703.0,328,127,0,3,0,23,3,2,3,3,1,4,1,8,5,3,0,10,10,7,53,317,150,65,23,21,21,85,8,6,0,2,6,2,167,307,2,2,46,46,48,2,0,0,0,3,48,7,8,624
orjson_3_11_6,c263473cd05145591c200e4ffaa82c8872920480,0,9047083.666666666,24703.0,328,127,0,3,0,23,3,2,3,3,1,4,1,8,5,3,0,10,10,7,53,317,150,65,23,21,21,85,8,6,0,2,6,2,167,307,2,2,46,46,48,2,0,0,0,3,48,7,8,624
orjson_3_11_7,c263473cd05145591c200e4ffaa82c8872920480,0,8966083.333333334,24703.0,328,127,0,3,0,23,3,2,3,3,1,4,1,8,5,3,0,10,10,7,53,317,150,65,23,21,21,85,8,6,0,2,6,2,167,307,2,2,46,46,48,2,0,0,0,3,48,7,8,624
orjson_3_11_8,c263473cd05145591c200e4ffaa82c8872920480,0,8967778.333333334,24703.0,328,127,0,3,0,23,3,2,3,3,1,4,1,8,5,3,0,10,10,7,53,317,150,65,23,21,21,85,8,6,0,2,6,2,167,307,2,2,46,46,48,2,0,0,0,3,48,7,8,624
orjson_3_11_9,c263473cd05145591c200e4ffaa82c8872920480,0,8780347.333333334,24703.0,328,127,0,3,0,23,3,2,3,3,1,4,1,8,5,3,0,10,10,7,53,317,150,65,23,21,21,85,8,6,0,2,6,2,167,307,2,2,46,46,48,2,0,0,0,3,48,7,8,624
orjson_3_12_0,c263473cd05145591c200e4ffaa82c8872920480,0,8758000.0,24703.0,328,127,0,3,0,23,3,2,3,3,1,4,1,8,5,3,0,10,10,7,53,317,150,65,23,21,21,85,8,6,0,2,6,2,167,307,2,2,46,46,48,2,0,0,0,3,48,7,8,624
orjson_3_11_5,c7d500b6b4bf88ea9329c77eda8207aca3a0b654,0,8951833.666666666,24703.0,328,127,0,3,0,23,3,2,3,3,1,4,2,8,5,3,0,10,10,7,53,317,150,65,23,21,21,85,8,6,0,2,6,2,167,307,2,2,46,46,48,2,0,0,0,3,48,7,8,624
orjson_3_11_6,c7d500b6b4bf88ea9329c77eda8207aca3a0b654,0,8907569.333333334,24703.0,328,127,0,3,0,23,3,2,3,3,1,4,2,8,5,3,0,10,10,7,53,317,150,65,23,21,21,85,8,6,0,2,6,2,167,307,2,2,46,46,48,2,0,0,0,3,48,7,8,624
orjson_3_11_7,c7d500b6b4bf88ea9329c77eda8207aca3a0b654,0,8883958.333333334,24703.0,328,127,0,3,0,23,3,2,3,3,1,4,2,8,5,3,0,10,10,7,53,317,150,65,23,21,21,85,8,6,0,2,6,2,167,307,2,2,46,46,48,2,0,0,0,3,48,7,8,624
orjson_3_11_8,c7d500b6b4bf88ea9329c77eda8207aca3a0b654,0,8965166.666666666,24703.0,328,127,0,3,0,23,3,2,3,3,1,4,2,8,5,3,0,10,10,7,53,317,150,65,23,21,21,85,8,6,0,2,6,2,167,307,2,2,46,46,48,2,0,0,0,3,48,7,8,624
orjson_3_11_9,c7d500b6b4bf88ea9329c77eda8207aca3a0b654,0,9935187.4,24703.0,328,127,0,3,0,23,3,2,3,3,1,4,2,8,5,3,0,10,10,7,53,317,150,65,23,21,21,85,8,6,0,2,6,2,167,307,2,2,46,46,48,2,0,0,0,3,48,7,8,624
orjson_3_12_0,c7d500b6b4bf88ea9329c77eda8207aca3a0b654,0,8786430.333333334,24703.0,328,127,0,3,0,23,3,2,3,3,1,4,2,8,5,3,0,10,10,7,53,317,150,65,23,21,21,85,8,6,0,2,6,2,167,307,2,2,46,46,48,2,0,0,0,3,48,7,8,624
orjson_3_11_5,a2752fc743ec8bc4b992d676fec4d78b7b648795,0,8987541.333333334,24703.0,328,127,0,3,0,23,3,2,3,3,1,4,2,8,5,3,0,10,10,7,53,317,150,65,23,21,21,85,8,6,0,2,6,2,167,307,2,2,46,46,48,2,0,0,0,3,48,7,8,624
orjson_3_11_6,a2752fc743ec8bc4b992d676fec4d78b7b648795,0,8937625.333333334,24703.0,328,127,0,3,0,23,3,2,3,3,1,4,2,8,5,3,0,10,10,7,53,317,150,65,23,21,21,85,8,6,0,2,6,2,167,307,2,2,46,46,48,2,0,0,0,3,48,7,8,624
orjson_3_11_7,a2752fc743ec8bc4b992d676fec4d78b7b648795,0,8976347.333333334,24703.0,328,127,0,3,0,23,3,2,3,3,1,4,2,8,5,3,0,10,10,7,53,317,150,65,23,21,21,85,8,6,0,2,6,2,167,307,2,2,46,46,48,2,0,0,0,3,48,7,8,624
orjson_3_11_8,a2752fc743ec8bc4b992d676fec4d78b7b648795,0,8977763.666666666,24703.0,328,127,0,3,0,23,3,2,3,3,1,4,2,8,5,3,0,10,10,7,53,317,150,65,23,21,21,85,8,6,0,2,6,2,167,307,2,2,46,46,48,2,0,0,0,3,48,7,8,624
orjson_3_11_9,a2752fc743ec8bc4b992d676fec4d78b7b648795,0,8776055.333333334,24703.0,328,127,0,3,0,23,3,2,3,3,1,4,2,8,5,3,0,10,10,7,53,317,150,65,23,21,21,85,8,6,0,2,6,2,167,307,2,2,46,46,48,2,0,0,0,3,48,7,8,624
orjson_3_12_0,a2752fc743ec8bc4b992d676fec4d78b7b648795,0,8733694.0,24703.0,328,127,0,3,0,23,3,2,3,3,1,4,2,8,5,3,0,10,10,7,53,317,150,65,23,21,21,85,8,6,0,2,6,2,167,307,2,2,46,46,48,2,0,0,0,3,48,7,8,624
orjson_3_11_5,c84067c506e9d5bfe7f31d76527a0eb520122e6e,0,10203028.0,25822.0,241,42,0,0,0,0,0,0,0,0,0,0,0,0,0,0,0,6,16,9,59,349,167,81,22,28,31,86,14,2,5,7,2,7,182,367,2,2,46,46,48,2,0,0,0,3,48,5,0,716
orjson_3_11_6,c84067c506e9d5bfe7f31d76527a0eb520122e6e,0,10299027.666666666,25822.0,241,42,0,0,0,0,0,0,0,0,0,0,0,0,0,0,0,6,16,9,59,349,167,81,22,28,31,86,14,2,5,7,2,7,182,367,2,2,46,46,48,2,0,0,0,3,48,5,0,716
orjson_3_11_7,c84067c506e9d5bfe7f31d76527a0eb520122e6e,0,10176458.666666666,25822.0,241,42,0,0,0,0,0,0,0,0,0,0,0,0,0,0,0,6,16,9,59,349,167,81,22,28,31,86,14,2,5,7,2,7,182,367,2,2,46,46,48,2,0,0,0,3,48,5,0,716
orjson_3_11_8,c84067c506e9d5bfe7f31d76527a0eb520122e6e,0,10261749.666666666,25822.0,241,42,0,0,0,0,0,0,0,0,0,0,0,0,0,0,0,6,16,9,59,349,167,81,22,28,31,86,14,2,5,7,2,7,182,367,2,2,46,46,48,2,0,0,0,3,48,5,0,716
orjson_3_11_9,c84067c506e9d5bfe7f31d76527a0eb520122e6e,0,9968083.333333334,25822.0,241,42,0,0,0,0,0,0,0,0,0,0,0,0,0,0,0,6,16,9,59,349,167,81,22,28,31,86,14,2,5,7,2,7,182,367,2,2,46,46,48,2,0,0,0,3,48,5,0,716
orjson_3_12_0,c84067c506e9d5bfe7f31d76527a0eb520122e6e,0,9863902.333333334,25822.0,241,42,0,0,0,0,0,0,0,0,0,0,0,0,0,0,0,6,16,9,59,349,167,81,22,28,31,86,14,2,5,7,2,7,182,367,2,2,46,46,48,2,0,0,0,3,48,5,0,716
orjson_3_11_5,073e8010b952bb605c7706c126a1598608c4aeaf,0,10052431.0,25820.0,241,42,0,0,0,0,0,0,0,0,0,0,0,0,0,0,0,6,16,9,59,348,167,81,22,28,31,86,14,2,5,7,2,7,181,366,2,2,46,46,48,2,0,0,0,3,48,5,0,714
orjson_3_11_6,073e8010b952bb605c7706c126a1598608c4aeaf,0,10212680.333333334,25820.0,241,42,0,0,0,0,0,0,0,0,0,0,0,0,0,0,0,6,16,9,59,348,167,81,22,28,31,86,14,2,5,7,2,7,181,366,2,2,46,46,48,2,0,0,0,3,48,5,0,714
orjson_3_11_7,073e8010b952bb605c7706c126a1598608c4aeaf,0,10208656.25,25820.0,241,42,0,0,0,0,0,0,0,0,0,0,0,0,0,0,0,6,16,9,59,348,167,81,22,28,31,86,14,2,5,7,2,7,181,366,2,2,46,46,48,2,0,0,0,3,48,5,0,714
orjson_3_11_8,073e8010b952bb605c7706c126a1598608c4aeaf,0,10274874.666666666,25820.0,241,42,0,0,0,0,0,0,0,0,0,0,0,0,0,0,0,6,16,9,59,348,167,81,22,28,31,86,14,2,5,7,2,7,181,366,2,2,46,46,48,2,0,0,0,3,48,5,0,714
orjson_3_11_9,073e8010b952bb605c7706c126a1598608c4aeaf,0,9937388.333333334,25820.0,241,42,0,0,0,0,0,0,0,0,0,0,0,0,0,0,0,6,16,9,59,348,167,81,22,28,31,86,14,2,5,7,2,7,181,366,2,2,46,46,48,2,0,0,0,3,48,5,0,714
orjson_3_12_0,073e8010b952bb605c7706c126a1598608c4aeaf,0,9928597.0,25820.0,241,42,0,0,0,0,0,0,0,0,0,0,0,0,0,0,0,6,16,9,59,348,167,81,22,28,31,86,14,2,5,7,2,7,181,366,2,2,46,46,48,2,0,0,0,3,48,5,0,714
orjson_3_11_5,be5af0943db59a26a738cc0a30326909dd193514,0,9016152.666666666,24703.0,328,127,0,3,0,23,3,2,3,3,1,4,2,8,5,3,0,10,10,7,53,317,151,65,23,21,21,86,8,6,0,2,6,2,166,307,2,2,46,46,48,2,0,0,0,3,48,7,8,624
orjson_3_11_6,be5af0943db59a26a738cc0a30326909dd193514,0,8915472.333333334,24703.0,328,127,0,3,0,23,3,2,3,3,1,4,2,8,5,3,0,10,10,7,53,317,151,65,23,21,21,86,8,6,0,2,6,2,166,307,2,2,46,46,48,2,0,0,0,3,48,7,8,624
orjson_3_11_7,be5af0943db59a26a738cc0a30326909dd193514,0,8907013.666666666,24703.0,328,127,0,3,0,23,3,2,3,3,1,4,2,8,5,3,0,10,10,7,53,317,151,65,23,21,21,86,8,6,0,2,6,2,166,307,2,2,46,46,48,2,0,0,0,3,48,7,8,624
orjson_3_11_8,be5af0943db59a26a738cc0a30326909dd193514,0,8966944.333333334,24703.0,328,127,0,3,0,23,3,2,3,3,1,4,2,8,5,3,0,10,10,7,53,317,151,65,23,21,21,86,8,6,0,2,6,2,166,307,2,2,46,46,48,2,0,0,0,3,48,7,8,624
orjson_3_11_9,be5af0943db59a26a738cc0a30326909dd193514,0,8767124.666666666,24703.0,328,127,0,3,0,23,3,2,3,3,1,4,2,8,5,3,0,10,10,7,53,317,151,65,23,21,21,86,8,6,0,2,6,2,166,307,2,2,46,46,48,2,0,0,0,3,48,7,8,624
orjson_3_12_0,be5af0943db59a26a738cc0a30326909dd193514,0,8724166.666666666,24703.0,328,127,0,3,0,23,3,2,3,3,1,4,2,8,5,3,0,10,10,7,53,317,151,65,23,21,21,86,8,6,0,2,6,2,166,307,2,2,46,46,48,2,0,0,0,3,48,7,8,624
orjson_3_11_5,f452be7433afb777c458a947c5d81024fddbdcb1,0,10174263.666666666,25820.0,241,42,0,0,0,0,0,0,0,0,0,0,0,0,0,0,0,6,16,9,59,348,166,81,22,28,31,85,14,2,5,7,2,7,182,366,2,2,46,46,48,2,0,0,0,3,48,5,0,714
orjson_3_11_6,f452be7433afb777c458a947c5d81024fddbdcb1,0,10172042.0,25820.0,241,42,0,0,0,0,0,0,0,0,0,0,0,0,0,0,0,6,16,9,59,348,166,81,22,28,31,85,14,2,5,7,2,7,182,366,2,2,46,46,48,2,0,0,0,3,48,5,0,714
orjson_3_11_7,f452be7433afb777c458a947c5d81024fddbdcb1,0,10156236.0,25820.0,241,42,0,0,0,0,0,0,0,0,0,0,0,0,0,0,0,6,16,9,59,348,166,81,22,28,31,85,14,2,5,7,2,7,182,366,2,2,46,46,48,2,0,0,0,3,48,5,0,714
orjson_3_11_8,f452be7433afb777c458a947c5d81024fddbdcb1,0,10235750.0,25820.0,241,42,0,0,0,0,0,0,0,0,0,0,0,0,0,0,0,6,16,9,59,348,166,81,22,28,31,85,14,2,5,7,2,7,182,366,2,2,46,46,48,2,0,0,0,3,48,5,0,714
orjson_3_11_9,f452be7433afb777c458a947c5d81024fddbdcb1,0,9929319.666666666,25820.0,241,42,0,0,0,0,0,0,0,0,0,0,0,0,0,0,0,6,16,9,59,348,166,81,22,28,31,85,14,2,5,7,2,7,182,366,2,2,46,46,48,2,0,0,0,3,48,5,0,714
orjson_3_12_0,f452be7433afb777c458a947c5d81024fddbdcb1,0,9770194.333333334,25820.0,241,42,0,0,0,0,0,0,0,0,0,0,0,0,0,0,0,6,16,9,59,348,166,81,22,28,31,85,14,2,5,7,2,7,182,366,2,2,46,46,48,2,0,0,0,3,48,5,0,714
orjson_3_11_5,2b640c84c3d09125a92cbb58b3902ba648c04012,0,8873677.25,24703.0,325,125,0,3,0,23,3,2,3,3,1,4,2,8,5,3,0,10,10,8,53,317,151,65,23,21,21,86,8,6,0,2,6,2,166,308,2,2,46,46,48,2,0,0,0,3,48,6,8,625
orjson_3_11_6,2b640c84c3d09125a92cbb58b3902ba648c04012,0,8920722.666666666,24703.0,325,125,0,3,0,23,3,2,3,3,1,4,2,8,5,3,0,10,10,8,53,317,151,65,23,21,21,86,8,6,0,2,6,2,166,308,2,2,46,46,48,2,0,0,0,3,48,6,8,625
orjson_3_11_7,2b640c84c3d09125a92cbb58b3902ba648c04012,0,8875833.333333334,24703.0,325,125,0,3,0,23,3,2,3,3,1,4,2,8,5,3,0,10,10,8,53,317,151,65,23,21,21,86,8,6,0,2,6,2,166,308,2,2,46,46,48,2,0,0,0,3,48,6,8,625
orjson_3_11_8,2b640c84c3d09125a92cbb58b3902ba648c04012,0,9007888.666666666,24703.0,325,125,0,3,0,23,3,2,3,3,1,4,2,8,5,3,0,10,10,8,53,317,151,65,23,21,21,86,8,6,0,2,6,2,166,308,2,2,46,46,48,2,0,0,0,3,48,6,8,625
orjson_3_11_9,2b640c84c3d09125a92cbb58b3902ba648c04012,0,8707292.0,24703.0,325,125,0,3,0,23,3,2,3,3,1,4,2,8,5,3,0,10,10,8,53,317,151,65,23,21,21,86,8,6,0,2,6,2,166,308,2,2,46,46,48,2,0,0,0,3,48,6,8,625
orjson_3_12_0,2b640c84c3d09125a92cbb58b3902ba648c04012,0,8699416.0,24703.0,325,125,0,3,0,23,3,2,3,3,1,4,2,8,5,3,0,10,10,8,53,317,151,65,23,21,21,86,8,6,0,2,6,2,166,308,2,2,46,46,48,2,0,0,0,3,48,6,8,625
orjson_3_11_5,beb1ad6e8605badeaccb18b3765ab8c874474b1c,0,10227542.0,25820.0,244,44,0,0,0,0,0,0,0,0,0,0,0,0,0,0,0,6,16,8,59,348,166,81,22,28,31,85,14,2,5,7,2,7,182,365,2,2,46,46,48,2,0,0,0,3,48,6,0,713
orjson_3_11_6,beb1ad6e8605badeaccb18b3765ab8c874474b1c,0,10213458.666666666,25820.0,244,44,0,0,0,0,0,0,0,0,0,0,0,0,0,0,0,6,16,8,59,348,166,81,22,28,31,85,14,2,5,7,2,7,182,365,2,2,46,46,48,2,0,0,0,3,48,6,0,713
orjson_3_11_7,beb1ad6e8605badeaccb18b3765ab8c874474b1c,0,10210819.333333334,25820.0,244,44,0,0,0,0,0,0,0,0,0,0,0,0,0,0,0,6,16,8,59,348,166,81,22,28,31,85,14,2,5,7,2,7,182,365,2,2,46,46,48,2,0,0,0,3,48,6,0,713
orjson_3_11_8,beb1ad6e8605badeaccb18b3765ab8c874474b1c,0,10159486.333333334,25820.0,244,44,0,0,0,0,0,0,0,0,0,0,0,0,0,0,0,6,16,8,59,348,166,81,22,28,31,85,14,2,5,7,2,7,182,365,2,2,46,46,48,2,0,0,0,3,48,6,0,713
orjson_3_11_9,beb1ad6e8605badeaccb18b3765ab8c874474b1c,0,9947486.0,25820.0,244,44,0,0,0,0,0,0,0,0,0,0,0,0,0,0,0,6,16,8,59,348,166,81,22,28,31,85,14,2,5,7,2,7,182,365,2,2,46,46,48,2,0,0,0,3,48,6,0,713
orjson_3_12_0,beb1ad6e8605badeaccb18b3765ab8c874474b1c,0,9937639.0,25820.0,244,44,0,0,0,0,0,0,0,0,0,0,0,0,0,0,0,6,16,8,59,348,166,81,22,28,31,85,14,2,5,7,2,7,182,365,2,2,46,46,48,2,0,0,0,3,48,6,0,713
orjson_3_11_5,69726502086057dde9f4c980bba4f7227ec225bf,0,10098861.666666666,25820.0,241,42,0,0,0,0,0,0,0,0,0,0,0,0,0,0,0,6,16,9,59,348,167,81,22,28,31,86,14,2,5,7,2,7,181,366,2,2,46,46,48,2,0,0,0,3,48,5,0,714
orjson_3_11_6,69726502086057dde9f4c980bba4f7227ec225bf,0,10158388.666666666,25820.0,241,42,0,0,0,0,0,0,0,0,0,0,0,0,0,0,0,6,16,9,59,348,167,81,22,28,31,86,14,2,5,7,2,7,181,366,2,2,46,46,48,2,0,0,0,3,48,5,0,714
orjson_3_11_7,69726502086057dde9f4c980bba4f7227ec225bf,0,10200486.333333334,25820.0,241,42,0,0,0,0,0,0,0,0,0,0,0,0,0,0,0,6,16,9,59,348,167,81,22,28,31,86,14,2,5,7,2,7,181,366,2,2,46,46,48,2,0,0,0,3,48,5,0,714
orjson_3_11_8,69726502086057dde9f4c980bba4f7227ec225bf,0,10347347.333333334,25820.0,241,42,0,0,0,0,0,0,0,0,0,0,0,0,0,0,0,6,16,9,59,348,167,81,22,28,31,86,14,2,5,7,2,7,181,366,2,2,46,46,48,2,0,0,0,3,48,5,0,714
orjson_3_11_9,69726502086057dde9f4c980bba4f7227ec225bf,0,9889403.0,25820.0,241,42,0,0,0,0,0,0,0,0,0,0,0,0,0,0,0,6,16,9,59,348,167,81,22,28,31,86,14,2,5,7,2,7,181,366,2,2,46,46,48,2,0,0,0,3,48,5,0,714
orjson_3_12_0,69726502086057dde9f4c980bba4f7227ec225bf,0,9929458.333333334,25820.0,241,42,0,0,0,0,0,0,0,0,0,0,0,0,0,0,0,6,16,9,59,348,167,81,22,28,31,86,14,2,5,7,2,7,181,366,2,2,46,46,48,2,0,0,0,3,48,5,0,714
orjson_3_11_5,12c9fac1a4d88de45e4d7fc5750db9358bb8b864,0,9333194.666666666,25072.0,158,54,0,1,1,10,1,3,0,0,1,5,1,5,4,1,1,4,6,5,28,416,187,98,29,38,31,89,9,3,3,3,3,3,229,409,1,1,24,24,25,1,0,0,0,2,25,2,5,825
orjson_3_11_6,12c9fac1a4d88de45e4d7fc5750db9358bb8b864,0,9405388.666666666,25072.0,158,54,0,1,1,10,1,3,0,0,1,5,1,5,4,1,1,4,6,5,28,416,187,98,29,38,31,89,9,3,3,3,3,3,229,409,1,1,24,24,25,1,0,0,0,2,25,2,5,825
orjson_3_11_7,12c9fac1a4d88de45e4d7fc5750db9358bb8b864,0,9312472.333333334,25072.0,158,54,0,1,1,10,1,3,0,0,1,5,1,5,4,1,1,4,6,5,28,416,187,98,29,38,31,89,9,3,3,3,3,3,229,409,1,1,24,24,25,1,0,0,0,2,25,2,5,825
orjson_3_11_8,12c9fac1a4d88de45e4d7fc5750db9358bb8b864,0,9226448.0,25072.0,158,54,0,1,1,10,1,3,0,0,1,5,1,5,4,1,1,4,6,5,28,416,187,98,29,38,31,89,9,3,3,3,3,3,229,409,1,1,24,24,25,1,0,0,0,2,25,2,5,825
orjson_3_11_9,12c9fac1a4d88de45e4d7fc5750db9358bb8b864,0,9073027.666666666,25072.0,158,54,0,1,1,10,1,3,0,0,1,5,1,5,4,1,1,4,6,5,28,416,187,98,29,38,31,89,9,3,3,3,3,3,229,409,1,1,24,24,25,1,0,0,0,2,25,2,5,825
orjson_3_12_0,12c9fac1a4d88de45e4d7fc5750db9358bb8b864,0,9014806.0,25072.0,158,54,0,1,1,10,1,3,0,0,1,5,1,5,4,1,1,4,6,5,28,416,187,98,29,38,31,89,9,3,3,3,3,3,229,409,1,1,24,24,25,1,0,0,0,2,25,2,5,825
orjson_3_11_5,691221140025fa2def1681a22f4770388ec01fc0,0,8966583.0,24703.0,323,122,0,3,0,23,3,2,3,3,1,4,2,8,5,3,0,10,10,7,53,317,150,65,23,21,21,85,8,6,0,2,6,2,167,307,2,2,46,46,48,2,0,0,0,3,48,7,8,624
orjson_3_11_6,691221140025fa2def1681a22f4770388ec01fc0,0,8886000.0,24703.0,323,122,0,3,0,23,3,2,3,3,1,4,2,8,5,3,0,10,10,7,53,317,150,65,23,21,21,85,8,6,0,2,6,2,167,307,2,2,46,46,48,2,0,0,0,3,48,7,8,624
orjson_3_11_7,691221140025fa2def1681a22f4770388ec01fc0,0,8911958.0,24703.0,323,122,0,3,0,23,3,2,3,3,1,4,2,8,5,3,0,10,10,7,53,317,150,65,23,21,21,85,8,6,0,2,6,2,167,307,2,2,46,46,48,2,0,0,0,3,48,7,8,624
orjson_3_11_8,691221140025fa2def1681a22f4770388ec01fc0,0,8935125.0,24703.0,323,122,0,3,0,23,3,2,3,3,1,4,2,8,5,3,0,10,10,7,53,317,150,65,23,21,21,85,8,6,0,2,6,2,167,307,2,2,46,46,48,2,0,0,0,3,48,7,8,624
orjson_3_11_9,691221140025fa2def1681a22f4770388ec01fc0,0,8721166.666666666,24703.0,323,122,0,3,0,23,3,2,3,3,1,4,2,8,5,3,0,10,10,7,53,317,150,65,23,21,21,85,8,6,0,2,6,2,167,307,2,2,46,46,48,2,0,0,0,3,48,7,8,624
orjson_3_12_0,691221140025fa2def1681a22f4770388ec01fc0,0,8723041.666666666,24703.0,323,122,0,3,0,23,3,2,3,3,1,4,2,8,5,3,0,10,10,7,53,317,150,65,23,21,21,85,8,6,0,2,6,2,167,307,2,2,46,46,48,2,0,0,0,3,48,7,8,624
orjson_3_11_5,4f0a6d14470c2eb40acde13dc4ccbe8e68930827,0,8247514.0,24268.0,184,79,0,0,0,0,0,1,0,0,0,0,0,1,1,0,0,4,5,10,27,400,184,98,40,32,26,86,6,1,0,5,1,5,216,426,1,1,24,24,25,1,0,0,0,2,25,3,1,826
orjson_3_11_6,4f0a6d14470c2eb40acde13dc4ccbe8e68930827,0,8333972.0,24268.0,184,79,0,0,0,0,0,1,0,0,0,0,0,1,1,0,0,4,5,10,27,400,184,98,40,32,26,86,6,1,0,5,1,5,216,426,1,1,24,24,25,1,0,0,0,2,25,3,1,826
orjson_3_11_7,4f0a6d14470c2eb40acde13dc4ccbe8e68930827,0,8347278.0,24268.0,184,79,0,0,0,0,0,1,0,0,0,0,0,1,1,0,0,4,5,10,27,400,184,98,40,32,26,86,6,1,0,5,1,5,216,426,1,1,24,24,25,1,0,0,0,2,25,3,1,826
orjson_3_11_8,4f0a6d14470c2eb40acde13dc4ccbe8e68930827,0,8387263.666666667,24268.0,184,79,0,0,0,0,0,1,0,0,0,0,0,1,1,0,0,4,5,10,27,400,184,98,40,32,26,86,6,1,0,5,1,5,216,426,1,1,24,24,25,1,0,0,0,2,25,3,1,826
orjson_3_11_9,4f0a6d14470c2eb40acde13dc4ccbe8e68930827,0,8093958.666666667,24268.0,184,79,0,0,0,0,0,1,0,0,0,0,0,1,1,0,0,4,5,10,27,400,184,98,40,32,26,86,6,1,0,5,1,5,216,426,1,1,24,24,25,1,0,0,0,2,25,3,1,826
orjson_3_12_0,4f0a6d14470c2eb40acde13dc4ccbe8e68930827,0,8144638.666666667,24268.0,184,79,0,0,0,0,0,1,0,0,0,0,0,1,1,0,0,4,5,10,27,400,184,98,40,32,26,86,6,1,0,5,1,5,216,426,1,1,24,24,25,1,0,0,0,2,25,3,1,826
orjson_3_11_5,5debf883d9b17a8409436db7860b86f43c88f0d8,0,5485278.0,15203.0,136,32,0,0,0,0,0,0,0,0,0,0,0,0,0,0,0,5,6,3,34,194,103,59,24,18,17,44,2,0,2,0,0,0,91,228,1,1,24,24,25,1,0,0,0,2,25,2,0,422
orjson_3_11_6,5debf883d9b17a8409436db7860b86f43c88f0d8,0,5402764.0,15203.0,136,32,0,0,0,0,0,0,0,0,0,0,0,0,0,0,0,5,6,3,34,194,103,59,24,18,17,44,2,0,2,0,0,0,91,228,1,1,24,24,25,1,0,0,0,2,25,2,0,422
orjson_3_11_7,5debf883d9b17a8409436db7860b86f43c88f0d8,0,5483458.0,15203.0,136,32,0,0,0,0,0,0,0,0,0,0,0,0,0,0,0,5,6,3,34,194,103,59,24,18,17,44,2,0,2,0,0,0,91,228,1,1,24,24,25,1,0,0,0,2,25,2,0,422
orjson_3_11_8,5debf883d9b17a8409436db7860b86f43c88f0d8,0,5387847.0,15203.0,136,32,0,0,0,0,0,0,0,0,0,0,0,0,0,0,0,5,6,3,34,194,103,59,24,18,17,44,2,0,2,0,0,0,91,228,1,1,24,24,25,1,0,0,0,2,25,2,0,422
orjson_3_11_9,5debf883d9b17a8409436db7860b86f43c88f0d8,0,5196208.333333333,15203.0,136,32,0,0,0,0,0,0,0,0,0,0,0,0,0,0,0,5,6,3,34,194,103,59,24,18,17,44,2,0,2,0,0,0,91,228,1,1,24,24,25,1,0,0,0,2,25,2,0,422
orjson_3_12_0,5debf883d9b17a8409436db7860b86f43c88f0d8,0,5285541.666666667,15203.0,136,32,0,0,0,0,0,0,0,0,0,0,0,0,0,0,0,5,6,3,34,194,103,59,24,18,17,44,2,0,2,0,0,0,91,228,1,1,24,24,25,1,0,0,0,2,25,2,0,422
orjson_3_11_5,f9d1d766195e373744459066cf57e24732df99e7,0,9878541.666666666,25383.0,276,63,0,1,0,0,1,1,1,1,0,1,0,3,2,1,0,14,5,8,63,334,172,90,26,32,32,82,15,6,6,3,6,3,162,329,2,2,48,49,52,2,1,1,1,4,50,8,3,663
orjson_3_11_6,f9d1d766195e373744459066cf57e24732df99e7,0,9958125.0,25383.0,276,63,0,1,0,0,1,1,1,1,0,1,0,3,2,1,0,14,5,8,63,334,172,90,26,32,32,82,15,6,6,3,6,3,162,329,2,2,48,49,52,2,1,1,1,4,50,8,3,663
orjson_3_11_7,f9d1d766195e373744459066cf57e24732df99e7,0,9961694.333333334,25383.0,276,63,0,1,0,0,1,1,1,1,0,1,0,3,2,1,0,14,5,8,63,334,172,90,26,32,32,82,15,6,6,3,6,3,162,329,2,2,48,49,52,2,1,1,1,4,50,8,3,663
orjson_3_11_8,f9d1d766195e373744459066cf57e24732df99e7,0,9963736.0,25383.0,276,63,0,1,0,0,1,1,1,1,0,1,0,3,2,1,0,14,5,8,63,334,172,90,26,32,32,82,15,6,6,3,6,3,162,329,2,2,48,49,52,2,1,1,1,4,50,8,3,663
orjson_3_11_9,f9d1d766195e373744459066cf57e24732df99e7,0,9733896.0,25383.0,276,63,0,1,0,0,1,1,1,1,0,1,0,3,2,1,0,14,5,8,63,334,172,90,26,32,32,82,15,6,6,3,6,3,162,329,2,2,48,49,52,2,1,1,1,4,50,8,3,663
orjson_3_12_0,f9d1d766195e373744459066cf57e24732df99e7,0,9671042.0,25383.0,276,63,0,1,0,0,1,1,1,1,0,1,0,3,2,1,0,14,5,8,63,334,172,90,26,32,32,82,15,6,6,3,6,3,162,329,2,2,48,49,52,2,1,1,1,4,50,8,3,663
orjson_3_11_5,5305c97737f716f17cf9a2b55f64a7f54d081db6,0,10007000.333333334,25383.0,276,63,0,1,0,0,1,1,1,1,0,1,0,3,2,1,0,14,5,8,63,334,172,90,26,32,32,82,15,6,6,3,6,3,162,329,2,2,48,49,52,2,1,1,1,4,50,8,3,663
orjson_3_11_6,5305c97737f716f17cf9a2b55f64a7f54d081db6,0,9955319.333333334,25383.0,276,63,0,1,0,0,1,1,1,1,0,1,0,3,2,1,0,14,5,8,63,334,172,90,26,32,32,82,15,6,6,3,6,3,162,329,2,2,48,49,52,2,1,1,1,4,50,8,3,663
orjson_3_11_7,5305c97737f716f17cf9a2b55f64a7f54d081db6,0,9937028.0,25383.0,276,63,0,1,0,0,1,1,1,1,0,1,0,3,2,1,0,14,5,8,63,334,172,90,26,32,32,82,15,6,6,3,6,3,162,329,2,2,48,49,52,2,1,1,1,4,50,8,3,663
orjson_3_11_8,5305c97737f716f17cf9a2b55f64a7f54d081db6,0,9998736.0,25383.0,276,63,0,1,0,0,1,1,1,1,0,1,0,3,2,1,0,14,5,8,63,334,172,90,26,32,32,82,15,6,6,3,6,3,162,329,2,2,48,49,52,2,1,1,1,4,50,8,3,663
orjson_3_11_9,5305c97737f716f17cf9a2b55f64a7f54d081db6,0,9676722.0,25383.0,276,63,0,1,0,0,1,1,1,1,0,1,0,3,2,1,0,14,5,8,63,334,172,90,26,32,32,82,15,6,6,3,6,3,162,329,2,2,48,49,52,2,1,1,1,4,50,8,3,663
orjson_3_12_0,5305c97737f716f17cf9a2b55f64a7f54d081db6,0,9610264.0,25383.0,276,63,0,1,0,0,1,1,1,1,0,1,0,3,2,1,0,14,5,8,63,334,172,90,26,32,32,82,15,6,6,3,6,3,162,329,2,2,48,49,52,2,1,1,1,4,50,8,3,663
orjson_3_11_5,e30d4a5595a5c3590de413148382dd062f85b859,0,10003361.333333334,25383.0,276,63,0,1,0,0,2,0,1,1,0,1,0,3,2,2,0,14,5,8,63,333,171,90,26,32,32,81,15,6,6,3,6,3,162,330,2,2,48,49,52,2,1,1,1,4,50,8,3,663
orjson_3_11_6,e30d4a5595a5c3590de413148382dd062f85b859,0,9972694.666666666,25383.0,276,63,0,1,0,0,2,0,1,1,0,1,0,3,2,2,0,14,5,8,63,333,171,90,26,32,32,81,15,6,6,3,6,3,162,330,2,2,48,49,52,2,1,1,1,4,50,8,3,663
orjson_3_11_7,e30d4a5595a5c3590de413148382dd062f85b859,0,9947444.666666666,25383.0,276,63,0,1,0,0,2,0,1,1,0,1,0,3,2,2,0,14,5,8,63,333,171,90,26,32,32,81,15,6,6,3,6,3,162,330,2,2,48,49,52,2,1,1,1,4,50,8,3,663
orjson_3_11_8,e30d4a5595a5c3590de413148382dd062f85b859,0,9950999.666666666,25383.0,276,63,0,1,0,0,2,0,1,1,0,1,0,3,2,2,0,14,5,8,63,333,171,90,26,32,32,81,15,6,6,3,6,3,162,330,2,2,48,49,52,2,1,1,1,4,50,8,3,663
orjson_3_11_9,e30d4a5595a5c3590de413148382dd062f85b859,0,9784389.0,25383.0,276,63,0,1,0,0,2,0,1,1,0,1,0,3,2,2,0,14,5,8,63,333,171,90,26,32,32,81,15,6,6,3,6,3,162,330,2,2,48,49,52,2,1,1,1,4,50,8,3,663
orjson_3_12_0,e30d4a5595a5c3590de413148382dd062f85b859,0,9664722.333333334,25383.0,276,63,0,1,0,0,2,0,1,1,0,1,0,3,2,2,0,14,5,8,63,333,171,90,26,32,32,81,15,6,6,3,6,3,162,330,2,2,48,49,52,2,1,1,1,4,50,8,3,663
orjson_3_11_5,2da0aa288625fa6adc3bb57274e9826f40908777,0,10026180.666666666,25383.0,277,64,0,1,0,0,1,1,1,1,0,1,0,3,2,1,0,14,5,8,63,333,171,89,26,31,32,82,15,6,6,3,6,3,162,330,2,2,48,49,52,2,1,1,1,4,50,8,3,663
orjson_3_11_6,2da0aa288625fa6adc3bb57274e9826f40908777,0,9908805.333333334,25383.0,277,64,0,1,0,0,1,1,1,1,0,1,0,3,2,1,0,14,5,8,63,333,171,89,26,31,32,82,15,6,6,3,6,3,162,330,2,2,48,49,52,2,1,1,1,4,50,8,3,663
orjson_3_11_7,2da0aa288625fa6adc3bb57274e9826f40908777,0,9961833.333333334,25383.0,277,64,0,1,0,0,1,1,1,1,0,1,0,3,2,1,0,14,5,8,63,333,171,89,26,31,32,82,15,6,6,3,6,3,162,330,2,2,48,49,52,2,1,1,1,4,50,8,3,663
orjson_3_11_8,2da0aa288625fa6adc3bb57274e9826f40908777,0,9944819.333333334,25383.0,277,64,0,1,0,0,1,1,1,1,0,1,0,3,2,1,0,14,5,8,63,333,171,89,26,31,32,82,15,6,6,3,6,3,162,330,2,2,48,49,52,2,1,1,1,4,50,8,3,663
orjson_3_11_9,2da0aa288625fa6adc3bb57274e9826f40908777,0,9665902.666666666,25383.0,277,64,0,1,0,0,1,1,1,1,0,1,0,3,2,1,0,14,5,8,63,333,171,89,26,31,32,82,15,6,6,3,6,3,162,330,2,2,48,49,52,2,1,1,1,4,50,8,3,663
orjson_3_12_0,2da0aa288625fa6adc3bb57274e9826f40908777,0,9663055.666666666,25383.0,277,64,0,1,0,0,1,1,1,1,0,1,0,3,2,1,0,14,5,8,63,333,171,89,26,31,32,82,15,6,6,3,6,3,162,330,2,2,48,49,52,2,1,1,1,4,50,8,3,663
orjson_3_11_5,137fbf92f53d2015e80236563539d24789d69bbf,0,9964888.666666666,25383.0,275,62,0,1,0,0,1,1,1,1,0,0,0,3,2,1,0,14,4,8,64,334,172,90,26,32,32,82,15,6,6,3,6,3,162,329,2,2,48,49,52,2,1,1,1,4,50,8,3,663
orjson_3_11_6,137fbf92f53d2015e80236563539d24789d69bbf,0,9914847.0,25383.0,275,62,0,1,0,0,1,1,1,1,0,0,0,3,2,1,0,14,4,8,64,334,172,90,26,32,32,82,15,6,6,3,6,3,162,329,2,2,48,49,52,2,1,1,1,4,50,8,3,663
orjson_3_11_7,137fbf92f53d2015e80236563539d24789d69bbf,0,9963319.333333334,25383.0,275,62,0,1,0,0,1,1,1,1,0,0,0,3,2,1,0,14,4,8,64,334,172,90,26,32,32,82,15,6,6,3,6,3,162,329,2,2,48,49,52,2,1,1,1,4,50,8,3,663
orjson_3_11_8,137fbf92f53d2015e80236563539d24789d69bbf,0,10003625.333333334,25383.0,275,62,0,1,0,0,1,1,1,1,0,0,0,3,2,1,0,14,4,8,64,334,172,90,26,32,32,82,15,6,6,3,6,3,162,329,2,2,48,49,52,2,1,1,1,4,50,8,3,663
orjson_3_11_9,137fbf92f53d2015e80236563539d24789d69bbf,0,9657694.333333334,25383.0,275,62,0,1,0,0,1,1,1,1,0,0,0,3,2,1,0,14,4,8,64,334,172,90,26,32,32,82,15,6,6,3,6,3,162,329,2,2,48,49,52,2,1,1,1,4,50,8,3,663
orjson_3_12_0,137fbf92f53d2015e80236563539d24789d69bbf,0,9619333.333333334,25383.0,275,62,0,1,0,0,1,1,1,1,0,0,0,3,2,1,0,14,4,8,64,334,172,90,26,32,32,82,15,6,6,3,6,3,162,329,2,2,48,49,52,2,1,1,1,4,50,8,3,663
orjson_3_11_5,0d9f6253ea9ba2f9f5c310d899a268c8315d98f6,0,9878833.333333334,25383.0,279,66,0,1,0,0,1,1,1,1,0,1,0,3,2,1,0,14,5,8,63,333,170,88,25,31,32,82,15,6,6,3,6,3,163,330,2,2,48,49,52,2,1,1,1,4,50,8,3,663
orjson_3_11_6,0d9f6253ea9ba2f9f5c310d899a268c8315d98f6,0,9968319.333333334,25383.0,279,66,0,1,0,0,1,1,1,1,0,1,0,3,2,1,0,14,5,8,63,333,170,88,25,31,32,82,15,6,6,3,6,3,163,330,2,2,48,49,52,2,1,1,1,4,50,8,3,663
orjson_3_11_7,0d9f6253ea9ba2f9f5c310d899a268c8315d98f6,0,9952777.333333334,25383.0,279,66,0,1,0,0,1,1,1,1,0,1,0,3,2,1,0,14,5,8,63,333,170,88,25,31,32,82,15,6,6,3,6,3,163,330,2,2,48,49,52,2,1,1,1,4,50,8,3,663
orjson_3_11_8,0d9f6253ea9ba2f9f5c310d899a268c8315d98f6,0,9888292.0,25383.0,279,66,0,1,0,0,1,1,1,1,0,1,0,3,2,1,0,14,5,8,63,333,170,88,25,31,32,82,15,6,6,3,6,3,163,330,2,2,48,49,52,2,1,1,1,4,50,8,3,663
orjson_3_11_9,0d9f6253ea9ba2f9f5c310d899a268c8315d98f6,0,9655444.666666666,25383.0,279,66,0,1,0,0,1,1,1,1,0,1,0,3,2,1,0,14,5,8,63,333,170,88,25,31,32,82,15,6,6,3,6,3,163,330,2,2,48,49,52,2,1,1,1,4,50,8,3,663
orjson_3_12_0,0d9f6253ea9ba2f9f5c310d899a268c8315d98f6,0,9704861.0,25383.0,279,66,0,1,0,0,1,1,1,1,0,1,0,3,2,1,0,14,5,8,63,333,170,88,25,31,32,82,15,6,6,3,6,3,163,330,2,2,48,49,52,2,1,1,1,4,50,8,3,663
orjson_3_11_5,79c4a8bc77d0440a04ae8100e869a5e101464885,0,9931347.333333334,25383.0,275,62,0,1,0,0,1,1,1,1,1,0,2,3,2,1,0,14,5,8,63,333,171,89,26,31,32,82,15,6,6,3,6,3,162,330,2,2,48,49,52,2,1,1,1,4,50,8,3,663
orjson_3_11_6,79c4a8bc77d0440a04ae8100e869a5e101464885,0,10031916.666666666,25383.0,275,62,0,1,0,0,1,1,1,1,1,0,2,3,2,1,0,14,5,8,63,333,171,89,26,31,32,82,15,6,6,3,6,3,162,330,2,2,48,49,52,2,1,1,1,4,50,8,3,663
orjson_3_11_7,79c4a8bc77d0440a04ae8100e869a5e101464885,0,9918291.666666666,25383.0,275,62,0,1,0,0,1,1,1,1,1,0,2,3,2,1,0,14,5,8,63,333,171,89,26,31,32,82,15,6,6,3,6,3,162,330,2,2,48,49,52,2,1,1,1,4,50,8,3,663
orjson_3_11_8,79c4a8bc77d0440a04ae8100e869a5e101464885,0,10089125.0,25383.0,275,62,0,1,0,0,1,1,1,1,1,0,2,3,2,1,0,14,5,8,63,333,171,89,26,31,32,82,15,6,6,3,6,3,162,330,2,2,48,49,52,2,1,1,1,4,50,8,3,663
orjson_3_11_9,79c4a8bc77d0440a04ae8100e869a5e101464885,0,9637333.333333334,25383.0,275,62,0,1,0,0,1,1,1,1,1,0,2,3,2,1,0,14,5,8,63,333,171,89,26,31,32,82,15,6,6,3,6,3,162,330,2,2,48,49,52,2,1,1,1,4,50,8,3,663
orjson_3_12_0,79c4a8bc77d0440a04ae8100e869a5e101464885,0,9661556.0,25383.0,275,62,0,1,0,0,1,1,1,1,1,0,2,3,2,1,0,14,5,8,63,333,171,89,26,31,32,82,15,6,6,3,6,3,162,330,2,2,48,49,52,2,1,1,1,4,50,8,3,663
orjson_3_11_5,d5147a8c34270140ac3b2e94c793692fd37b9fca,0,9967611.333333334,25383.0,276,63,0,1,0,0,1,1,1,1,1,0,2,3,2,1,0,14,5,7,64,334,172,90,26,32,32,82,15,6,6,3,6,3,162,329,2,2,48,49,52,2,1,1,1,4,50,8,3,663
orjson_3_11_6,d5147a8c34270140ac3b2e94c793692fd37b9fca,0,9968778.0,25383.0,276,63,0,1,0,0,1,1,1,1,1,0,2,3,2,1,0,14,5,7,64,334,172,90,26,32,32,82,15,6,6,3,6,3,162,329,2,2,48,49,52,2,1,1,1,4,50,8,3,663
orjson_3_11_7,d5147a8c34270140ac3b2e94c793692fd37b9fca,0,10104722.333333334,25383.0,276,63,0,1,0,0,1,1,1,1,1,0,2,3,2,1,0,14,5,7,64,334,172,90,26,32,32,82,15,6,6,3,6,3,162,329,2,2,48,49,52,2,1,1,1,4,50,8,3,663
orjson_3_11_8,d5147a8c34270140ac3b2e94c793692fd37b9fca,0,10035833.333333334,25383.0,276,63,0,1,0,0,1,1,1,1,1,0,2,3,2,1,0,14,5,7,64,334,172,90,26,32,32,82,15,6,6,3,6,3,162,329,2,2,48,49,52,2,1,1,1,4,50,8,3,663
orjson_3_11_9,d5147a8c34270140ac3b2e94c793692fd37b9fca,0,9671180.666666666,25383.0,276,63,0,1,0,0,1,1,1,1,1,0,2,3,2,1,0,14,5,7,64,334,172,90,26,32,32,82,15,6,6,3,6,3,162,329,2,2,48,49,52,2,1,1,1,4,50,8,3,663
orjson_3_12_0,d5147a8c34270140ac3b2e94c793692fd37b9fca,0,9730277.666666666,25383.0,276,63,0,1,0,0,1,1,1,1,1,0,2,3,2,1,0,14,5,7,64,334,172,90,26,32,32,82,15,6,6,3,6,3,162,329,2,2,48,49,52,2,1,1,1,4,50,8,3,663
orjson_3_11_5,87c0f36a202b2304dbe5929a824617779a7392db,0,9896972.0,25383.0,274,61,0,1,0,0,1,1,1,1,1,1,2,3,2,1,0,14,5,8,63,332,170,88,26,31,31,82,15,6,6,3,6,3,162,331,2,2,48,49,52,2,1,1,1,4,50,8,3,663
orjson_3_11_6,87c0f36a202b2304dbe5929a824617779a7392db,0,9960236.0,25383.0,274,61,0,1,0,0,1,1,1,1,1,1,2,3,2,1,0,14,5,8,63,332,170,88,26,31,31,82,15,6,6,3,6,3,162,331,2,2,48,49,52,2,1,1,1,4,50,8,3,663
orjson_3_11_7,87c0f36a202b2304dbe5929a824617779a7392db,0,9948729.25,25383.0,274,61,0,1,0,0,1,1,1,1,1,1,2,3,2,1,0,14,5,8,63,332,170,88,26,31,31,82,15,6,6,3,6,3,162,331,2,2,48,49,52,2,1,1,1,4,50,8,3,663
orjson_3_11_8,87c0f36a202b2304dbe5929a824617779a7392db,0,10006736.0,25383.0,274,61,0,1,0,0,1,1,1,1,1,1,2,3,2,1,0,14,5,8,63,332,170,88,26,31,31,82,15,6,6,3,6,3,162,331,2,2,48,49,52,2,1,1,1,4,50,8,3,663
orjson_3_11_9,87c0f36a202b2304dbe5929a824617779a7392db,0,9536166.5,25383.0,274,61,0,1,0,0,1,1,1,1,1,1,2,3,2,1,0,14,5,8,63,332,170,88,26,31,31,82,15,6,6,3,6,3,162,331,2,2,48,49,52,2,1,1,1,4,50,8,3,663
orjson_3_12_0,87c0f36a202b2304dbe5929a824617779a7392db,0,9667139.0,25383.0,274,61,0,1,0,0,1,1,1,1,1,1,2,3,2,1,0,14,5,8,63,332,170,88,26,31,31,82,15,6,6,3,6,3,162,331,2,2,48,49,52,2,1,1,1,4,50,8,3,663
orjson_3_11_5,e47022ceae5032257be2efa19777386d5a609ecd,0,9980902.333333334,25383.0,276,63,0,1,0,0,1,1,1,1,1,0,2,3,2,1,0,14,5,8,63,334,172,90,26,32,32,82,15,6,6,3,6,3,162,329,2,2,48,49,52,2,1,1,1,4,50,8,3,663
orjson_3_11_6,e47022ceae5032257be2efa19777386d5a609ecd,0,9980374.666666666,25383.0,276,63,0,1,0,0,1,1,1,1,1,0,2,3,2,1,0,14,5,8,63,334,172,90,26,32,32,82,15,6,6,3,6,3,162,329,2,2,48,49,52,2,1,1,1,4,50,8,3,663
orjson_3_11_7,e47022ceae5032257be2efa19777386d5a609ecd,0,9961347.333333334,25383.0,276,63,0,1,0,0,1,1,1,1,1,0,2,3,2,1,0,14,5,8,63,334,172,90,26,32,32,82,15,6,6,3,6,3,162,329,2,2,48,49,52,2,1,1,1,4,50,8,3,663
orjson_3_11_8,e47022ceae5032257be2efa19777386d5a609ecd,0,9931930.666666666,25383.0,276,63,0,1,0,0,1,1,1,1,1,0,2,3,2,1,0,14,5,8,63,334,172,90,26,32,32,82,15,6,6,3,6,3,162,329,2,2,48,49,52,2,1,1,1,4,50,8,3,663
orjson_3_11_9,e47022ceae5032257be2efa19777386d5a609ecd,0,9711402.666666666,25383.0,276,63,0,1,0,0,1,1,1,1,1,0,2,3,2,1,0,14,5,8,63,334,172,90,26,32,32,82,15,6,6,3,6,3,162,329,2,2,48,49,52,2,1,1,1,4,50,8,3,663
orjson_3_12_0,e47022ceae5032257be2efa19777386d5a609ecd,0,9763986.333333334,25383.0,276,63,0,1,0,0,1,1,1,1,1,0,2,3,2,1,0,14,5,8,63,334,172,90,26,32,32,82,15,6,6,3,6,3,162,329,2,2,48,49,52,2,1,1,1,4,50,8,3,663
orjson_3_11_5,40cd815b33eae40aa8fc1e6a9bc29fe28de5b177,0,9835444.333333334,25383.0,276,64,0,1,0,0,0,2,1,1,0,2,0,3,2,0,0,15,5,8,63,332,168,88,26,30,32,80,15,6,6,3,6,3,164,333,2,2,48,49,52,2,1,1,1,4,50,7,3,665
orjson_3_11_6,40cd815b33eae40aa8fc1e6a9bc29fe28de5b177,0,9964639.0,25383.0,276,64,0,1,0,0,0,2,1,1,0,2,0,3,2,0,0,15,5,8,63,332,168,88,26,30,32,80,15,6,6,3,6,3,164,333,2,2,48,49,52,2,1,1,1,4,50,7,3,665
orjson_3_11_7,40cd815b33eae40aa8fc1e6a9bc29fe28de5b177,0,9884653.0,25383.0,276,64,0,1,0,0,0,2,1,1,0,2,0,3,2,0,0,15,5,8,63,332,168,88,26,30,32,80,15,6,6,3,6,3,164,333,2,2,48,49,52,2,1,1,1,4,50,7,3,665
orjson_3_11_8,40cd815b33eae40aa8fc1e6a9bc29fe28de5b177,0,9929222.0,25383.0,276,64,0,1,0,0,0,2,1,1,0,2,0,3,2,0,0,15,5,8,63,332,168,88,26,30,32,80,15,6,6,3,6,3,164,333,2,2,48,49,52,2,1,1,1,4,50,7,3,665
orjson_3_11_9,40cd815b33eae40aa8fc1e6a9bc29fe28de5b177,0,9568041.666666666,25383.0,276,64,0,1,0,0,0,2,1,1,0,2,0,3,2,0,0,15,5,8,63,332,168,88,26,30,32,80,15,6,6,3,6,3,164,333,2,2,48,49,52,2,1,1,1,4,50,7,3,665
orjson_3_12_0,40cd815b33eae40aa8fc1e6a9bc29fe28de5b177,0,9544875.333333334,25383.0,276,64,0,1,0,0,0,2,1,1,0,2,0,3,2,0,0,15,5,8,63,332,168,88,26,30,32,80,15,6,6,3,6,3,164,333,2,2,48,49,52,2,1,1,1,4,50,7,3,665
orjson_3_11_5,74873428ded49515a909a52ce1719fe6897e0997,0,9886573.0,25383.0,274,61,0,1,0,0,1,1,1,1,1,1,2,3,2,1,0,14,5,8,63,331,170,88,26,31,31,82,15,6,6,3,6,3,161,332,2,2,48,49,52,2,1,1,1,4,50,8,3,663
orjson_3_11_6,74873428ded49515a909a52ce1719fe6897e0997,0,9931889.0,25383.0,274,61,0,1,0,0,1,1,1,1,1,1,2,3,2,1,0,14,5,8,63,331,170,88,26,31,31,82,15,6,6,3,6,3,161,332,2,2,48,49,52,2,1,1,1,4,50,8,3,663
orjson_3_11_7,74873428ded49515a909a52ce1719fe6897e0997,0,9919680.666666666,25383.0,274,61,0,1,0,0,1,1,1,1,1,1,2,3,2,1,0,14,5,8,63,331,170,88,26,31,31,82,15,6,6,3,6,3,161,332,2,2,48,49,52,2,1,1,1,4,50,8,3,663
orjson_3_11_8,74873428ded49515a909a52ce1719fe6897e0997,0,9984694.666666666,25383.0,274,61,0,1,0,0,1,1,1,1,1,1,2,3,2,1,0,14,5,8,63,331,170,88,26,31,31,82,15,6,6,3,6,3,161,332,2,2,48,49,52,2,1,1,1,4,50,8,3,663
orjson_3_11_9,74873428ded49515a909a52ce1719fe6897e0997,0,9678931.0,25383.0,274,61,0,1,0,0,1,1,1,1,1,1,2,3,2,1,0,14,5,8,63,331,170,88,26,31,31,82,15,6,6,3,6,3,161,332,2,2,48,49,52,2,1,1,1,4,50,8,3,663
orjson_3_12_0,74873428ded49515a909a52ce1719fe6897e0997,0,9655666.666666666,25383.0,274,61,0,1,0,0,1,1,1,1,1,1,2,3,2,1,0,14,5,8,63,331,170,88,26,31,31,82,15,6,6,3,6,3,161,332,2,2,48,49,52,2,1,1,1,4,50,8,3,663
orjson_3_11_5,07082bf7807abc6a540f5ba7ed448a64fcbecb2a,0,10271887.5,25383.0,276,63,0,1,0,0,1,1,1,1,1,1,2,3,2,1,0,14,5,8,63,333,171,89,26,31,32,82,15,6,6,3,6,3,162,330,2,2,48,49,52,2,1,1,1,4,50,8,3,663
orjson_3_11_6,07082bf7807abc6a540f5ba7ed448a64fcbecb2a,0,9978722.666666666,25383.0,276,63,0,1,0,0,1,1,1,1,1,1,2,3,2,1,0,14,5,8,63,333,171,89,26,31,32,82,15,6,6,3,6,3,162,330,2,2,48,49,52,2,1,1,1,4,50,8,3,663
orjson_3_11_7,07082bf7807abc6a540f5ba7ed448a64fcbecb2a,0,9889472.333333334,25383.0,276,63,0,1,0,0,1,1,1,1,1,1,2,3,2,1,0,14,5,8,63,333,171,89,26,31,32,82,15,6,6,3,6,3,162,330,2,2,48,49,52,2,1,1,1,4,50,8,3,663
orjson_3_11_8,07082bf7807abc6a540f5ba7ed448a64fcbecb2a,0,10043000.0,25383.0,276,63,0,1,0,0,1,1,1,1,1,1,2,3,2,1,0,14,5,8,63,333,171,89,26,31,32,82,15,6,6,3,6,3,162,330,2,2,48,49,52,2,1,1,1,4,50,8,3,663
orjson_3_11_9,07082bf7807abc6a540f5ba7ed448a64fcbecb2a,0,9684638.666666666,25383.0,276,63,0,1,0,0,1,1,1,1,1,1,2,3,2,1,0,14,5,8,63,333,171,89,26,31,32,82,15,6,6,3,6,3,162,330,2,2,48,49,52,2,1,1,1,4,50,8,3,663
orjson_3_12_0,07082bf7807abc6a540f5ba7ed448a64fcbecb2a,0,9719847.333333334,25383.0,276,63,0,1,0,0,1,1,1,1,1,1,2,3,2,1,0,14,5,8,63,333,171,89,26,31,32,82,15,6,6,3,6,3,162,330,2,2,48,49,52,2,1,1,1,4,50,8,3,663
orjson_3_11_5,d266377ec3f93c4815211dd2a43b49f19cfe2d92,0,9944180.333333334,25383.0,275,62,0,1,0,0,1,0,1,1,1,1,2,2,1,1,0,14,6,8,63,334,171,90,26,32,32,81,15,6,6,3,6,3,163,330,2,2,48,49,52,2,1,1,1,4,50,8,2,664
orjson_3_11_6,d266377ec3f93c4815211dd2a43b49f19cfe2d92,0,9960805.666666666,25383.0,275,62,0,1,0,0,1,0,1,1,1,1,2,2,1,1,0,14,6,8,63,334,171,90,26,32,32,81,15,6,6,3,6,3,163,330,2,2,48,49,52,2,1,1,1,4,50,8,2,664
orjson_3_11_7,d266377ec3f93c4815211dd2a43b49f19cfe2d92,0,9945569.666666666,25383.0,275,62,0,1,0,0,1,0,1,1,1,1,2,2,1,1,0,14,6,8,63,334,171,90,26,32,32,81,15,6,6,3,6,3,163,330,2,2,48,49,52,2,1,1,1,4,50,8,2,664
orjson_3_11_8,d266377ec3f93c4815211dd2a43b49f19cfe2d92,0,10007458.0,25383.0,275,62,0,1,0,0,1,0,1,1,1,1,2,2,1,1,0,14,6,8,63,334,171,90,26,32,32,81,15,6,6,3,6,3,163,330,2,2,48,49,52,2,1,1,1,4,50,8,2,664
orjson_3_11_9,d266377ec3f93c4815211dd2a43b49f19cfe2d92,0,9587500.0,25383.0,275,62,0,1,0,0,1,0,1,1,1,1,2,2,1,1,0,14,6,8,63,334,171,90,26,32,32,81,15,6,6,3,6,3,163,330,2,2,48,49,52,2,1,1,1,4,50,8,2,664
orjson_3_12_0,d266377ec3f93c4815211dd2a43b49f19cfe2d92,0,9685014.0,25383.0,275,62,0,1,0,0,1,0,1,1,1,1,2,2,1,1,0,14,6,8,63,334,171,90,26,32,32,81,15,6,6,3,6,3,163,330,2,2,48,49,52,2,1,1,1,4,50,8,2,664
orjson_3_11_5,4c1f3b9f440cc3db2ff437236236eb9e8abaaf31,0,10132180.333333334,25383.0,275,62,0,1,0,0,1,1,1,1,1,0,2,3,2,1,0,14,5,8,63,333,171,89,26,31,32,82,15,6,7,2,6,2,162,330,2,2,48,49,52,2,1,1,1,4,50,8,3,663
orjson_3_11_6,4c1f3b9f440cc3db2ff437236236eb9e8abaaf31,0,9992999.666666666,25383.0,275,62,0,1,0,0,1,1,1,1,1,0,2,3,2,1,0,14,5,8,63,333,171,89,26,31,32,82,15,6,7,2,6,2,162,330,2,2,48,49,52,2,1,1,1,4,50,8,3,663
orjson_3_11_7,4c1f3b9f440cc3db2ff437236236eb9e8abaaf31,0,9973930.0,25383.0,275,62,0,1,0,0,1,1,1,1,1,0,2,3,2,1,0,14,5,8,63,333,171,89,26,31,32,82,15,6,7,2,6,2,162,330,2,2,48,49,52,2,1,1,1,4,50,8,3,663
orjson_3_11_8,4c1f3b9f440cc3db2ff437236236eb9e8abaaf31,0,10035667.0,25383.0,275,62,0,1,0,0,1,1,1,1,1,0,2,3,2,1,0,14,5,8,63,333,171,89,26,31,32,82,15,6,7,2,6,2,162,330,2,2,48,49,52,2,1,1,1,4,50,8,3,663
orjson_3_11_9,4c1f3b9f440cc3db2ff437236236eb9e8abaaf31,0,9680833.333333334,25383.0,275,62,0,1,0,0,1,1,1,1,1,0,2,3,2,1,0,14,5,8,63,333,171,89,26,31,32,82,15,6,7,2,6,2,162,330,2,2,48,49,52,2,1,1,1,4,50,8,3,663
orjson_3_12_0,4c1f3b9f440cc3db2ff437236236eb9e8abaaf31,0,9721277.666666666,25383.0,275,62,0,1,0,0,1,1,1,1,1,0,2,3,2,1,0,14,5,8,63,333,171,89,26,31,32,82,15,6,7,2,6,2,162,330,2,2,48,49,52,2,1,1,1,4,50,8,3,663
orjson_3_11_5,cf73f79fc864bddd4ef2455612db41c923558424,0,9394805.0,24988.0,154,48,0,2,2,21,2,0,0,0,2,3,2,3,1,0,1,6,6,4,27,407,193,85,24,31,30,108,9,1,5,3,1,3,214,424,1,1,24,24,25,1,0,0,0,2,25,4,3,831
orjson_3_11_6,cf73f79fc864bddd4ef2455612db41c923558424,0,9389694.666666666,24988.0,154,48,0,2,2,21,2,0,0,0,2,3,2,3,1,0,1,6,6,4,27,407,193,85,24,31,30,108,9,1,5,3,1,3,214,424,1,1,24,24,25,1,0,0,0,2,25,4,3,831
orjson_3_11_7,cf73f79fc864bddd4ef2455612db41c923558424,0,9421486.333333334,24988.0,154,48,0,2,2,21,2,0,0,0,2,3,2,3,1,0,1,6,6,4,27,407,193,85,24,31,30,108,9,1,5,3,1,3,214,424,1,1,24,24,25,1,0,0,0,2,25,4,3,831
orjson_3_11_8,cf73f79fc864bddd4ef2455612db41c923558424,0,9482625.0,24988.0,154,48,0,2,2,21,2,0,0,0,2,3,2,3,1,0,1,6,6,4,27,407,193,85,24,31,30,108,9,1,5,3,1,3,214,424,1,1,24,24,25,1,0,0,0,2,25,4,3,831
orjson_3_11_9,cf73f79fc864bddd4ef2455612db41c923558424,0,9115124.666666666,24988.0,154,48,0,2,2,21,2,0,0,0,2,3,2,3,1,0,1,6,6,4,27,407,193,85,24,31,30,108,9,1,5,3,1,3,214,424,1,1,24,24,25,1,0,0,0,2,25,4,3,831
orjson_3_12_0,cf73f79fc864bddd4ef2455612db41c923558424,0,9166708.0,24988.0,154,48,0,2,2,21,2,0,0,0,2,3,2,3,1,0,1,6,6,4,27,407,193,85,24,31,30,108,9,1,5,3,1,3,214,424,1,1,24,24,25,1,0,0,0,2,25,4,3,831
orjson_3_11_5,1e2e653940465017294900026b797060826668d9,0,10128181.0,25460.0,288,80,0,0,0,2,3,0,0,0,0,1,0,3,3,3,0,14,8,9,59,313,155,69,24,26,19,86,12,4,2,6,4,6,158,362,2,2,48,48,50,2,0,0,0,3,50,6,3,675
orjson_3_11_6,1e2e653940465017294900026b797060826668d9,0,10176986.0,25460.0,288,80,0,0,0,2,3,0,0,0,0,1,0,3,3,3,0,14,8,9,59,313,155,69,24,26,19,86,12,4,2,6,4,6,158,362,2,2,48,48,50,2,0,0,0,3,50,6,3,675
orjson_3_11_7,1e2e653940465017294900026b797060826668d9,0,10071722.666666666,25460.0,288,80,0,0,0,2,3,0,0,0,0,1,0,3,3,3,0,14,8,9,59,313,155,69,24,26,19,86,12,4,2,6,4,6,158,362,2,2,48,48,50,2,0,0,0,3,50,6,3,675
orjson_3_11_8,1e2e653940465017294900026b797060826668d9,0,10142083.666666666,25460.0,288,80,0,0,0,2,3,0,0,0,0,1,0,3,3,3,0,14,8,9,59,313,155,69,24,26,19,86,12,4,2,6,4,6,158,362,2,2,48,48,50,2,0,0,0,3,50,6,3,675
orjson_3_11_9,1e2e653940465017294900026b797060826668d9,0,9814597.333333334,25460.0,288,80,0,0,0,2,3,0,0,0,0,1,0,3,3,3,0,14,8,9,59,313,155,69,24,26,19,86,12,4,2,6,4,6,158,362,2,2,48,48,50,2,0,0,0,3,50,6,3,675
orjson_3_12_0,1e2e653940465017294900026b797060826668d9,0,9703208.333333334,25460.0,288,80,0,0,0,2,3,0,0,0,0,1,0,3,3,3,0,14,8,9,59,313,155,69,24,26,19,86,12,4,2,6,4,6,158,362,2,2,48,48,50,2,0,0,0,3,50,6,3,675
orjson_3_11_5,76f6a5ae5622a59a48f1a4af952f89802706d913,0,10081666.666666666,25460.0,288,80,0,0,0,2,3,0,0,0,0,1,0,3,3,3,0,14,8,9,59,313,155,69,24,26,19,86,12,4,2,6,4,6,158,362,2,2,48,48,50,2,0,0,0,3,50,6,3,675
orjson_3_11_6,76f6a5ae5622a59a48f1a4af952f89802706d913,0,10061833.333333334,25460.0,288,80,0,0,0,2,3,0,0,0,0,1,0,3,3,3,0,14,8,9,59,313,155,69,24,26,19,86,12,4,2,6,4,6,158,362,2,2,48,48,50,2,0,0,0,3,50,6,3,675
orjson_3_11_7,76f6a5ae5622a59a48f1a4af952f89802706d913,0,10071708.333333334,25460.0,288,80,0,0,0,2,3,0,0,0,0,1,0,3,3,3,0,14,8,9,59,313,155,69,24,26,19,86,12,4,2,6,4,6,158,362,2,2,48,48,50,2,0,0,0,3,50,6,3,675
orjson_3_11_8,76f6a5ae5622a59a48f1a4af952f89802706d913,0,10151527.666666666,25460.0,288,80,0,0,0,2,3,0,0,0,0,1,0,3,3,3,0,14,8,9,59,313,155,69,24,26,19,86,12,4,2,6,4,6,158,362,2,2,48,48,50,2,0,0,0,3,50,6,3,675
orjson_3_11_9,76f6a5ae5622a59a48f1a4af952f89802706d913,0,9739194.0,25460.0,288,80,0,0,0,2,3,0,0,0,0,1,0,3,3,3,0,14,8,9,59,313,155,69,24,26,19,86,12,4,2,6,4,6,158,362,2,2,48,48,50,2,0,0,0,3,50,6,3,675
orjson_3_12_0,76f6a5ae5622a59a48f1a4af952f89802706d913,0,9751263.666666666,25460.0,288,80,0,0,0,2,3,0,0,0,0,1,0,3,3,3,0,14,8,9,59,313,155,69,24,26,19,86,12,4,2,6,4,6,158,362,2,2,48,48,50,2,0,0,0,3,50,6,3,675
orjson_3_11_5,14bc09d693a42f42c316325866b4b6b1de11e516,0,9356361.333333334,24988.0,154,48,0,2,2,21,2,0,0,0,2,3,2,3,1,0,1,6,6,4,27,407,193,84,24,31,29,109,9,1,5,3,1,3,214,425,1,1,24,24,25,1,0,0,0,2,25,4,3,832
orjson_3_11_6,14bc09d693a42f42c316325866b4b6b1de11e516,0,9394014.0,24988.0,154,48,0,2,2,21,2,0,0,0,2,3,2,3,1,0,1,6,6,4,27,407,193,84,24,31,29,109,9,1,5,3,1,3,214,425,1,1,24,24,25,1,0,0,0,2,25,4,3,832
orjson_3_11_7,14bc09d693a42f42c316325866b4b6b1de11e516,0,9460014.333333334,24988.0,154,48,0,2,2,21,2,0,0,0,2,3,2,3,1,0,1,6,6,4,27,407,193,84,24,31,29,109,9,1,5,3,1,3,214,425,1,1,24,24,25,1,0,0,0,2,25,4,3,832
orjson_3_11_8,14bc09d693a42f42c316325866b4b6b1de11e516,0,9570153.0,24988.0,154,48,0,2,2,21,2,0,0,0,2,3,2,3,1,0,1,6,6,4,27,407,193,84,24,31,29,109,9,1,5,3,1,3,214,425,1,1,24,24,25,1,0,0,0,2,25,4,3,832
orjson_3_11_9,14bc09d693a42f42c316325866b4b6b1de11e516,0,9111444.666666666,24988.0,154,48,0,2,2,21,2,0,0,0,2,3,2,3,1,0,1,6,6,4,27,407,193,84,24,31,29,109,9,1,5,3,1,3,214,425,1,1,24,24,25,1,0,0,0,2,25,4,3,832
orjson_3_12_0,14bc09d693a42f42c316325866b4b6b1de11e516,0,9106875.0,24988.0,154,48,0,2,2,21,2,0,0,0,2,3,2,3,1,0,1,6,6,4,27,407,193,84,24,31,29,109,9,1,5,3,1,3,214,425,1,1,24,24,25,1,0,0,0,2,25,4,3,832
orjson_3_11_5,c7921bb5d132fcfbe6c9ddc9f611827ca6a5cab2,0,10091972.333333334,25460.0,288,80,0,0,0,2,3,0,0,0,0,1,0,3,3,3,0,14,8,9,59,313,155,69,24,26,19,86,12,4,2,6,4,6,158,362,2,2,48,48,50,2,0,0,0,3,50,6,3,675
orjson_3_11_6,c7921bb5d132fcfbe6c9ddc9f611827ca6a5cab2,0,10037541.333333334,25460.0,288,80,0,0,0,2,3,0,0,0,0,1,0,3,3,3,0,14,8,9,59,313,155,69,24,26,19,86,12,4,2,6,4,6,158,362,2,2,48,48,50,2,0,0,0,3,50,6,3,675
orjson_3_11_7,c7921bb5d132fcfbe6c9ddc9f611827ca6a5cab2,0,10059361.0,25460.0,288,80,0,0,0,2,3,0,0,0,0,1,0,3,3,3,0,14,8,9,59,313,155,69,24,26,19,86,12,4,2,6,4,6,158,362,2,2,48,48,50,2,0,0,0,3,50,6,3,675
orjson_3_11_8,c7921bb5d132fcfbe6c9ddc9f611827ca6a5cab2,0,10116958.333333334,25460.0,288,80,0,0,0,2,3,0,0,0,0,1,0,3,3,3,0,14,8,9,59,313,155,69,24,26,19,86,12,4,2,6,4,6,158,362,2,2,48,48,50,2,0,0,0,3,50,6,3,675
orjson_3_11_9,c7921bb5d132fcfbe6c9ddc9f611827ca6a5cab2,0,9745861.0,25460.0,288,80,0,0,0,2,3,0,0,0,0,1,0,3,3,3,0,14,8,9,59,313,155,69,24,26,19,86,12,4,2,6,4,6,158,362,2,2,48,48,50,2,0,0,0,3,50,6,3,675
orjson_3_12_0,c7921bb5d132fcfbe6c9ddc9f611827ca6a5cab2,0,9738278.0,25460.0,288,80,0,0,0,2,3,0,0,0,0,1,0,3,3,3,0,14,8,9,59,313,155,69,24,26,19,86,12,4,2,6,4,6,158,362,2,2,48,48,50,2,0,0,0,3,50,6,3,675
orjson_3_11_5,34f95c94e31bf89edbd075baab9a50d2db038fad,0,9379416.333333334,24988.0,154,48,0,2,2,21,2,0,0,0,2,3,2,3,1,0,1,6,6,4,27,407,193,85,24,31,30,108,9,1,5,3,1,3,214,424,1,1,24,24,25,1,0,0,0,2,25,4,3,831
orjson_3_11_6,34f95c94e31bf89edbd075baab9a50d2db038fad,0,9375833.333333334,24988.0,154,48,0,2,2,21,2,0,0,0,2,3,2,3,1,0,1,6,6,4,27,407,193,85,24,31,30,108,9,1,5,3,1,3,214,424,1,1,24,24,25,1,0,0,0,2,25,4,3,831
orjson_3_11_7,34f95c94e31bf89edbd075baab9a50d2db038fad,0,9429124.666666666,24988.0,154,48,0,2,2,21,2,0,0,0,2,3,2,3,1,0,1,6,6,4,27,407,193,85,24,31,30,108,9,1,5,3,1,3,214,424,1,1,24,24,25,1,0,0,0,2,25,4,3,831
orjson_3_11_8,34f95c94e31bf89edbd075baab9a50d2db038fad,0,9454194.0,24988.0,154,48,0,2,2,21,2,0,0,0,2,3,2,3,1,0,1,6,6,4,27,407,193,85,24,31,30,108,9,1,5,3,1,3,214,424,1,1,24,24,25,1,0,0,0,2,25,4,3,831
orjson_3_11_9,34f95c94e31bf89edbd075baab9a50d2db038fad,0,9135013.666666666,24988.0,154,48,0,2,2,21,2,0,0,0,2,3,2,3,1,0,1,6,6,4,27,407,193,85,24,31,30,108,9,1,5,3,1,3,214,424,1,1,24,24,25,1,0,0,0,2,25,4,3,831
orjson_3_12_0,34f95c94e31bf89edbd075baab9a50d2db038fad,0,9121027.666666666,24988.0,154,48,0,2,2,21,2,0,0,0,2,3,2,3,1,0,1,6,6,4,27,407,193,85,24,31,30,108,9,1,5,3,1,3,214,424,1,1,24,24,25,1,0,0,0,2,25,4,3,831
orjson_3_11_5,ebffcbd4753d2bca185c36b5e6232e0ceb6e5a0c,0,9520180.666666666,24988.0,156,50,0,2,2,21,2,0,0,0,2,3,2,3,1,0,1,6,6,4,27,407,193,84,24,31,29,109,9,1,5,3,1,3,214,425,1,1,24,24,25,1,0,0,0,2,25,4,3,832
orjson_3_11_6,ebffcbd4753d2bca185c36b5e6232e0ceb6e5a0c,0,9401777.666666666,24988.0,156,50,0,2,2,21,2,0,0,0,2,3,2,3,1,0,1,6,6,4,27,407,193,84,24,31,29,109,9,1,5,3,1,3,214,425,1,1,24,24,25,1,0,0,0,2,25,4,3,832
orjson_3_11_7,ebffcbd4753d2bca185c36b5e6232e0ceb6e5a0c,0,9482764.0,24988.0,156,50,0,2,2,21,2,0,0,0,2,3,2,3,1,0,1,6,6,4,27,407,193,84,24,31,29,109,9,1,5,3,1,3,214,425,1,1,24,24,25,1,0,0,0,2,25,4,3,832
orjson_3_11_8,ebffcbd4753d2bca185c36b5e6232e0ceb6e5a0c,0,9454861.333333334,24988.0,156,50,0,2,2,21,2,0,0,0,2,3,2,3,1,0,1,6,6,4,27,407,193,84,24,31,29,109,9,1,5,3,1,3,214,425,1,1,24,24,25,1,0,0,0,2,25,4,3,832
orjson_3_11_9,ebffcbd4753d2bca185c36b5e6232e0ceb6e5a0c,0,9128471.666666666,24988.0,156,50,0,2,2,21,2,0,0,0,2,3,2,3,1,0,1,6,6,4,27,407,193,84,24,31,29,109,9,1,5,3,1,3,214,425,1,1,24,24,25,1,0,0,0,2,25,4,3,832
orjson_3_12_0,ebffcbd4753d2bca185c36b5e6232e0ceb6e5a0c,0,9311062.5,24988.0,156,50,0,2,2,21,2,0,0,0,2,3,2,3,1,0,1,6,6,4,27,407,193,84,24,31,29,109,9,1,5,3,1,3,214,425,1,1,24,24,25,1,0,0,0,2,25,4,3,832
orjson_3_11_5,62a8778527f0c035f88687b56932e6b4a83b9b9a,0,9414111.333333334,24988.0,154,48,0,2,2,18,2,0,0,0,2,2,5,3,1,0,1,6,6,4,27,407,193,85,24,31,30,108,9,1,5,3,1,3,214,424,1,1,24,24,25,1,0,0,0,2,25,4,3,831
orjson_3_11_6,62a8778527f0c035f88687b56932e6b4a83b9b9a,0,9385500.0,24988.0,154,48,0,2,2,18,2,0,0,0,2,2,5,3,1,0,1,6,6,4,27,407,193,85,24,31,30,108,9,1,5,3,1,3,214,424,1,1,24,24,25,1,0,0,0,2,25,4,3,831
orjson_3_11_7,62a8778527f0c035f88687b56932e6b4a83b9b9a,0,9396875.0,24988.0,154,48,0,2,2,18,2,0,0,0,2,2,5,3,1,0,1,6,6,4,27,407,193,85,24,31,30,108,9,1,5,3,1,3,214,424,1,1,24,24,25,1,0,0,0,2,25,4,3,831
orjson_3_11_8,62a8778527f0c035f88687b56932e6b4a83b9b9a,0,9420458.0,24988.0,154,48,0,2,2,18,2,0,0,0,2,2,5,3,1,0,1,6,6,4,27,407,193,85,24,31,30,108,9,1,5,3,1,3,214,424,1,1,24,24,25,1,0,0,0,2,25,4,3,831
orjson_3_11_9,62a8778527f0c035f88687b56932e6b4a83b9b9a,0,9107056.0,24988.0,154,48,0,2,2,18,2,0,0,0,2,2,5,3,1,0,1,6,6,4,27,407,193,85,24,31,30,108,9,1,5,3,1,3,214,424,1,1,24,24,25,1,0,0,0,2,25,4,3,831
orjson_3_12_0,62a8778527f0c035f88687b56932e6b4a83b9b9a,0,9134625.0,24988.0,154,48,0,2,2,18,2,0,0,0,2,2,5,3,1,0,1,6,6,4,27,407,193,85,24,31,30,108,9,1,5,3,1,3,214,424,1,1,24,24,25,1,0,0,0,2,25,4,3,831
orjson_3_11_5,a8832b512bf8aa414e0ef03251c2aeb2790a5a69,0,9491875.0,24988.0,154,48,0,2,2,21,2,0,0,0,2,2,2,3,1,0,1,6,6,4,27,407,193,85,24,31,30,108,9,1,5,3,1,3,214,424,1,1,24,24,25,1,0,0,0,2,25,4,3,831
orjson_3_11_6,a8832b512bf8aa414e0ef03251c2aeb2790a5a69,0,9331729.0,24988.0,154,48,0,2,2,21,2,0,0,0,2,2,2,3,1,0,1,6,6,4,27,407,193,85,24,31,30,108,9,1,5,3,1,3,214,424,1,1,24,24,25,1,0,0,0,2,25,4,3,831
orjson_3_11_7,a8832b512bf8aa414e0ef03251c2aeb2790a5a69,0,9441889.333333334,24988.0,154,48,0,2,2,21,2,0,0,0,2,2,2,3,1,0,1,6,6,4,27,407,193,85,24,31,30,108,9,1,5,3,1,3,214,424,1,1,24,24,25,1,0,0,0,2,25,4,3,831
orjson_3_11_8,a8832b512bf8aa414e0ef03251c2aeb2790a5a69,0,9554416.666666666,24988.0,154,48,0,2,2,21,2,0,0,0,2,2,2,3,1,0,1,6,6,4,27,407,193,85,24,31,30,108,9,1,5,3,1,3,214,424,1,1,24,24,25,1,0,0,0,2,25,4,3,831
orjson_3_11_9,a8832b512bf8aa414e0ef03251c2aeb2790a5a69,0,9152236.333333334,24988.0,154,48,0,2,2,21,2,0,0,0,2,2,2,3,1,0,1,6,6,4,27,407,193,85,24,31,30,108,9,1,5,3,1,3,214,424,1,1,24,24,25,1,0,0,0,2,25,4,3,831
orjson_3_12_0,a8832b512bf8aa414e0ef03251c2aeb2790a5a69,0,9201847.0,24988.0,154,48,0,2,2,21,2,0,0,0,2,2,2,3,1,0,1,6,6,4,27,407,193,85,24,31,30,108,9,1,5,3,1,3,214,424,1,1,24,24,25,1,0,0,0,2,25,4,3,831
orjson_3_11_5,fdbefab83dddd0f5a343830cc004ceaaefc81594,0,9384264.0,24988.0,154,48,0,2,2,18,2,0,0,0,2,2,5,3,1,0,1,6,6,4,27,407,193,85,24,31,30,108,9,1,5,3,1,3,214,424,1,1,24,24,25,1,0,0,0,2,25,4,3,831
orjson_3_11_6,fdbefab83dddd0f5a343830cc004ceaaefc81594,0,9465792.0,24988.0,154,48,0,2,2,18,2,0,0,0,2,2,5,3,1,0,1,6,6,4,27,407,193,85,24,31,30,108,9,1,5,3,1,3,214,424,1,1,24,24,25,1,0,0,0,2,25,4,3,831
orjson_3_11_7,fdbefab83dddd0f5a343830cc004ceaaefc81594,0,9373916.666666666,24988.0,154,48,0,2,2,18,2,0,0,0,2,2,5,3,1,0,1,6,6,4,27,407,193,85,24,31,30,108,9,1,5,3,1,3,214,424,1,1,24,24,25,1,0,0,0,2,25,4,3,831
orjson_3_11_8,fdbefab83dddd0f5a343830cc004ceaaefc81594,0,9463264.0,24988.0,154,48,0,2,2,18,2,0,0,0,2,2,5,3,1,0,1,6,6,4,27,407,193,85,24,31,30,108,9,1,5,3,1,3,214,424,1,1,24,24,25,1,0,0,0,2,25,4,3,831
orjson_3_11_9,fdbefab83dddd0f5a343830cc004ceaaefc81594,0,9159069.666666666,24988.0,154,48,0,2,2,18,2,0,0,0,2,2,5,3,1,0,1,6,6,4,27,407,193,85,24,31,30,108,9,1,5,3,1,3,214,424,1,1,24,24,25,1,0,0,0,2,25,4,3,831
orjson_3_12_0,fdbefab83dddd0f5a343830cc004ceaaefc81594,0,9150708.333333334,24988.0,154,48,0,2,2,18,2,0,0,0,2,2,5,3,1,0,1,6,6,4,27,407,193,85,24,31,30,108,9,1,5,3,1,3,214,424,1,1,24,24,25,1,0,0,0,2,25,4,3,831
orjson_3_11_5,6499e105f14361b1175beaeab2154796f04dad3b,0,9317416.666666666,24988.0,154,48,0,2,2,21,2,0,0,0,2,3,2,3,1,0,1,6,6,4,27,407,193,85,24,31,30,108,9,1,5,3,1,3,214,424,1,1,24,24,25,1,0,0,0,2,25,4,3,831
orjson_3_11_6,6499e105f14361b1175beaeab2154796f04dad3b,0,9393971.666666666,24988.0,154,48,0,2,2,21,2,0,0,0,2,3,2,3,1,0,1,6,6,4,27,407,193,85,24,31,30,108,9,1,5,3,1,3,214,424,1,1,24,24,25,1,0,0,0,2,25,4,3,831
orjson_3_11_7,6499e105f14361b1175beaeab2154796f04dad3b,0,9394375.0,24988.0,154,48,0,2,2,21,2,0,0,0,2,3,2,3,1,0,1,6,6,4,27,407,193,85,24,31,30,108,9,1,5,3,1,3,214,424,1,1,24,24,25,1,0,0,0,2,25,4,3,831
orjson_3_11_8,6499e105f14361b1175beaeab2154796f04dad3b,0,9423833.0,24988.0,154,48,0,2,2,21,2,0,0,0,2,3,2,3,1,0,1,6,6,4,27,407,193,85,24,31,30,108,9,1,5,3,1,3,214,424,1,1,24,24,25,1,0,0,0,2,25,4,3,831
orjson_3_11_9,6499e105f14361b1175beaeab2154796f04dad3b,0,9106375.0,24988.0,154,48,0,2,2,21,2,0,0,0,2,3,2,3,1,0,1,6,6,4,27,407,193,85,24,31,30,108,9,1,5,3,1,3,214,424,1,1,24,24,25,1,0,0,0,2,25,4,3,831
orjson_3_12_0,6499e105f14361b1175beaeab2154796f04dad3b,0,9159736.0,24988.0,154,48,0,2,2,21,2,0,0,0,2,3,2,3,1,0,1,6,6,4,27,407,193,85,24,31,30,108,9,1,5,3,1,3,214,424,1,1,24,24,25,1,0,0,0,2,25,4,3,831
orjson_3_11_5,8c6515cb3a0dbc2c57e346d4968e290d912553a9,0,9378653.0,24988.0,154,48,0,2,2,18,2,0,0,0,2,3,5,3,1,0,1,6,6,4,27,407,193,85,24,31,30,108,9,1,5,3,1,3,214,424,1,1,24,24,25,1,0,0,0,2,25,4,3,831
orjson_3_11_6,8c6515cb3a0dbc2c57e346d4968e290d912553a9,0,9419222.333333334,24988.0,154,48,0,2,2,18,2,0,0,0,2,3,5,3,1,0,1,6,6,4,27,407,193,85,24,31,30,108,9,1,5,3,1,3,214,424,1,1,24,24,25,1,0,0,0,2,25,4,3,831
orjson_3_11_7,8c6515cb3a0dbc2c57e346d4968e290d912553a9,0,9431375.0,24988.0,154,48,0,2,2,18,2,0,0,0,2,3,5,3,1,0,1,6,6,4,27,407,193,85,24,31,30,108,9,1,5,3,1,3,214,424,1,1,24,24,25,1,0,0,0,2,25,4,3,831
orjson_3_11_8,8c6515cb3a0dbc2c57e346d4968e290d912553a9,0,9440833.0,24988.0,154,48,0,2,2,18,2,0,0,0,2,3,5,3,1,0,1,6,6,4,27,407,193,85,24,31,30,108,9,1,5,3,1,3,214,424,1,1,24,24,25,1,0,0,0,2,25,4,3,831
orjson_3_11_9,8c6515cb3a0dbc2c57e346d4968e290d912553a9,0,9145402.666666666,24988.0,154,48,0,2,2,18,2,0,0,0,2,3,5,3,1,0,1,6,6,4,27,407,193,85,24,31,30,108,9,1,5,3,1,3,214,424,1,1,24,24,25,1,0,0,0,2,25,4,3,831
orjson_3_12_0,8c6515cb3a0dbc2c57e346d4968e290d912553a9,0,9155916.666666666,24988.0,154,48,0,2,2,18,2,0,0,0,2,3,5,3,1,0,1,6,6,4,27,407,193,85,24,31,30,108,9,1,5,3,1,3,214,424,1,1,24,24,25,1,0,0,0,2,25,4,3,831
orjson_3_11_5,86da5e5da2e81eeba3c5c7b3523cad7203516bb0,0,9386833.333333334,24988.0,156,50,0,2,2,21,2,0,0,0,2,2,2,3,1,0,1,6,6,4,27,407,193,84,24,31,29,109,9,1,5,3,1,3,214,425,1,1,24,24,25,1,0,0,0,2,25,4,3,832
orjson_3_11_6,86da5e5da2e81eeba3c5c7b3523cad7203516bb0,0,9457486.333333334,24988.0,156,50,0,2,2,21,2,0,0,0,2,2,2,3,1,0,1,6,6,4,27,407,193,84,24,31,29,109,9,1,5,3,1,3,214,425,1,1,24,24,25,1,0,0,0,2,25,4,3,832
orjson_3_11_7,86da5e5da2e81eeba3c5c7b3523cad7203516bb0,0,9455930.666666666,24988.0,156,50,0,2,2,21,2,0,0,0,2,2,2,3,1,0,1,6,6,4,27,407,193,84,24,31,29,109,9,1,5,3,1,3,214,425,1,1,24,24,25,1,0,0,0,2,25,4,3,832
orjson_3_11_8,86da5e5da2e81eeba3c5c7b3523cad7203516bb0,0,9471902.666666666,24988.0,156,50,0,2,2,21,2,0,0,0,2,2,2,3,1,0,1,6,6,4,27,407,193,84,24,31,29,109,9,1,5,3,1,3,214,425,1,1,24,24,25,1,0,0,0,2,25,4,3,832
orjson_3_11_9,86da5e5da2e81eeba3c5c7b3523cad7203516bb0,0,9153333.333333334,24988.0,156,50,0,2,2,21,2,0,0,0,2,2,2,3,1,0,1,6,6,4,27,407,193,84,24,31,29,109,9,1,5,3,1,3,214,425,1,1,24,24,25,1,0,0,0,2,25,4,3,832
orjson_3_12_0,86da5e5da2e81eeba3c5c7b3523cad7203516bb0,0,9176139.0,24988.0,156,50,0,2,2,21,2,0,0,0,2,2,2,3,1,0,1,6,6,4,27,407,193,84,24,31,29,109,9,1,5,3,1,3,214,425,1,1,24,24,25,1,0,0,0,2,25,4,3,832
orjson_3_11_5,901448ba453ffaabdd3863c467da8dcffb6cc09f,0,9417055.666666666,24988.0,154,48,0,2,2,21,2,0,0,0,2,3,2,3,1,0,1,6,6,4,27,407,193,85,24,31,30,108,9,1,5,3,1,3,214,424,1,1,24,24,25,1,0,0,0,2,25,4,3,831
orjson_3_11_6,901448ba453ffaabdd3863c467da8dcffb6cc09f,0,9377638.666666666,24988.0,154,48,0,2,2,21,2,0,0,0,2,3,2,3,1,0,1,6,6,4,27,407,193,85,24,31,30,108,9,1,5,3,1,3,214,424,1,1,24,24,25,1,0,0,0,2,25,4,3,831
orjson_3_11_7,901448ba453ffaabdd3863c467da8dcffb6cc09f,0,9474305.666666666,24988.0,154,48,0,2,2,21,2,0,0,0,2,3,2,3,1,0,1,6,6,4,27,407,193,85,24,31,30,108,9,1,5,3,1,3,214,424,1,1,24,24,25,1,0,0,0,2,25,4,3,831
orjson_3_11_8,901448ba453ffaabdd3863c467da8dcffb6cc09f,0,9449985.666666666,24988.0,154,48,0,2,2,21,2,0,0,0,2,3,2,3,1,0,1,6,6,4,27,407,193,85,24,31,30,108,9,1,5,3,1,3,214,424,1,1,24,24,25,1,0,0,0,2,25,4,3,831
orjson_3_11_9,901448ba453ffaabdd3863c467da8dcffb6cc09f,0,9156903.0,24988.0,154,48,0,2,2,21,2,0,0,0,2,3,2,3,1,0,1,6,6,4,27,407,193,85,24,31,30,108,9,1,5,3,1,3,214,424,1,1,24,24,25,1,0,0,0,2,25,4,3,831
orjson_3_12_0,901448ba453ffaabdd3863c467da8dcffb6cc09f,0,9135333.333333334,24988.0,154,48,0,2,2,21,2,0,0,0,2,3,2,3,1,0,1,6,6,4,27,407,193,85,24,31,30,108,9,1,5,3,1,3,214,424,1,1,24,24,25,1,0,0,0,2,25,4,3,831
orjson_3_11_5,1c5cae490d0a378fbdb46c967a01d962fae2ba8f,0,9397097.333333334,24988.0,154,48,0,2,2,18,2,0,0,0,2,2,5,3,1,0,1,6,6,4,27,407,193,85,24,31,30,108,9,1,5,3,1,3,214,424,1,1,24,24,25,1,0,0,0,2,25,4,3,831
orjson_3_11_6,1c5cae490d0a378fbdb46c967a01d962fae2ba8f,0,9401472.0,24988.0,154,48,0,2,2,18,2,0,0,0,2,2,5,3,1,0,1,6,6,4,27,407,193,85,24,31,30,108,9,1,5,3,1,3,214,424,1,1,24,24,25,1,0,0,0,2,25,4,3,831
orjson_3_11_7,1c5cae490d0a378fbdb46c967a01d962fae2ba8f,0,9610291.5,24988.0,154,48,0,2,2,18,2,0,0,0,2,2,5,3,1,0,1,6,6,4,27,407,193,85,24,31,30,108,9,1,5,3,1,3,214,424,1,1,24,24,25,1,0,0,0,2,25,4,3,831
orjson_3_11_8,1c5cae490d0a378fbdb46c967a01d962fae2ba8f,0,9419569.666666666,24988.0,154,48,0,2,2,18,2,0,0,0,2,2,5,3,1,0,1,6,6,4,27,407,193,85,24,31,30,108,9,1,5,3,1,3,214,424,1,1,24,24,25,1,0,0,0,2,25,4,3,831
orjson_3_11_9,1c5cae490d0a378fbdb46c967a01d962fae2ba8f,0,9103680.333333334,24988.0,154,48,0,2,2,18,2,0,0,0,2,2,5,3,1,0,1,6,6,4,27,407,193,85,24,31,30,108,9,1,5,3,1,3,214,424,1,1,24,24,25,1,0,0,0,2,25,4,3,831
orjson_3_12_0,1c5cae490d0a378fbdb46c967a01d962fae2ba8f,0,9194680.333333334,24988.0,154,48,0,2,2,18,2,0,0,0,2,2,5,3,1,0,1,6,6,4,27,407,193,85,24,31,30,108,9,1,5,3,1,3,214,424,1,1,24,24,25,1,0,0,0,2,25,4,3,831
orjson_3_11_5,39de5374ec3981a7fd96770c07343e2907c338c9,0,10271500.0,25456.0,311,102,0,3,0,12,1,0,3,3,0,3,0,7,4,1,3,10,7,10,58,309,160,89,33,28,28,71,6,3,3,0,3,0,149,333,2,2,48,48,50,2,0,0,0,3,50,7,7,642
orjson_3_11_6,39de5374ec3981a7fd96770c07343e2907c338c9,0,10257875.0,25456.0,311,102,0,3,0,12,1,0,3,3,0,3,0,7,4,1,3,10,7,10,58,309,160,89,33,28,28,71,6,3,3,0,3,0,149,333,2,2,48,48,50,2,0,0,0,3,50,7,7,642
orjson_3_11_7,39de5374ec3981a7fd96770c07343e2907c338c9,0,10264861.0,25456.0,311,102,0,3,0,12,1,0,3,3,0,3,0,7,4,1,3,10,7,10,58,309,160,89,33,28,28,71,6,3,3,0,3,0,149,333,2,2,48,48,50,2,0,0,0,3,50,7,7,642
orjson_3_11_8,39de5374ec3981a7fd96770c07343e2907c338c9,0,10218736.0,25456.0,311,102,0,3,0,12,1,0,3,3,0,3,0,7,4,1,3,10,7,10,58,309,160,89,33,28,28,71,6,3,3,0,3,0,149,333,2,2,48,48,50,2,0,0,0,3,50,7,7,642
orjson_3_11_9,39de5374ec3981a7fd96770c07343e2907c338c9,0,9970680.333333334,25456.0,311,102,0,3,0,12,1,0,3,3,0,3,0,7,4,1,3,10,7,10,58,309,160,89,33,28,28,71,6,3,3,0,3,0,149,333,2,2,48,48,50,2,0,0,0,3,50,7,7,642
orjson_3_12_0,39de5374ec3981a7fd96770c07343e2907c338c9,0,10046791.666666666,25456.0,311,102,0,3,0,12,1,0,3,3,0,3,0,7,4,1,3,10,7,10,58,309,160,89,33,28,28,71,6,3,3,0,3,0,149,333,2,2,48,48,50,2,0,0,0,3,50,7,7,642
orjson_3_11_5,70a04e6a14436eb4c862bf56c531d60e1c7fbd1f,0,10360958.333333334,25456.0,311,102,0,3,0,0,0,0,3,3,0,3,0,7,4,0,4,10,7,10,58,309,160,89,33,28,28,71,6,3,3,0,3,0,149,333,2,2,48,48,50,2,0,0,0,3,50,7,7,642
orjson_3_11_6,70a04e6a14436eb4c862bf56c531d60e1c7fbd1f,0,10225749.666666666,25456.0,311,102,0,3,0,0,0,0,3,3,0,3,0,7,4,0,4,10,7,10,58,309,160,89,33,28,28,71,6,3,3,0,3,0,149,333,2,2,48,48,50,2,0,0,0,3,50,7,7,642
orjson_3_11_7,70a04e6a14436eb4c862bf56c531d60e1c7fbd1f,0,10376639.0,25456.0,311,102,0,3,0,0,0,0,3,3,0,3,0,7,4,0,4,10,7,10,58,309,160,89,33,28,28,71,6,3,3,0,3,0,149,333,2,2,48,48,50,2,0,0,0,3,50,7,7,642
orjson_3_11_8,70a04e6a14436eb4c862bf56c531d60e1c7fbd1f,0,10208000.0,25456.0,311,102,0,3,0,0,0,0,3,3,0,3,0,7,4,0,4,10,7,10,58,309,160,89,33,28,28,71,6,3,3,0,3,0,149,333,2,2,48,48,50,2,0,0,0,3,50,7,7,642
orjson_3_11_9,70a04e6a14436eb4c862bf56c531d60e1c7fbd1f,0,9989458.333333334,25456.0,311,102,0,3,0,0,0,0,3,3,0,3,0,7,4,0,4,10,7,10,58,309,160,89,33,28,28,71,6,3,3,0,3,0,149,333,2,2,48,48,50,2,0,0,0,3,50,7,7,642
orjson_3_12_0,70a04e6a14436eb4c862bf56c531d60e1c7fbd1f,0,9867055.333333334,25456.0,311,102,0,3,0,0,0,0,3,3,0,3,0,7,4,0,4,10,7,10,58,309,160,89,33,28,28,71,6,3,3,0,3,0,149,333,2,2,48,48,50,2,0,0,0,3,50,7,7,642
orjson_3_11_5,e40106b8343bd18551338f7d7f1ff110f3a94835,0,10284527.666666666,25456.0,311,102,0,3,0,0,0,0,3,3,0,3,0,7,4,0,4,10,7,10,58,309,160,89,33,28,28,71,6,3,3,0,3,0,149,333,2,2,48,48,50,2,0,0,0,3,50,7,7,642
orjson_3_11_6,e40106b8343bd18551338f7d7f1ff110f3a94835,0,10230958.333333334,25456.0,311,102,0,3,0,0,0,0,3,3,0,3,0,7,4,0,4,10,7,10,58,309,160,89,33,28,28,71,6,3,3,0,3,0,149,333,2,2,48,48,50,2,0,0,0,3,50,7,7,642
orjson_3_11_7,e40106b8343bd18551338f7d7f1ff110f3a94835,0,10232597.666666666,25456.0,311,102,0,3,0,0,0,0,3,3,0,3,0,7,4,0,4,10,7,10,58,309,160,89,33,28,28,71,6,3,3,0,3,0,149,333,2,2,48,48,50,2,0,0,0,3,50,7,7,642
orjson_3_11_8,e40106b8343bd18551338f7d7f1ff110f3a94835,0,10191375.0,25456.0,311,102,0,3,0,0,0,0,3,3,0,3,0,7,4,0,4,10,7,10,58,309,160,89,33,28,28,71,6,3,3,0,3,0,149,333,2,2,48,48,50,2,0,0,0,3,50,7,7,642
orjson_3_11_9,e40106b8343bd18551338f7d7f1ff110f3a94835,0,9945014.0,25456.0,311,102,0,3,0,0,0,0,3,3,0,3,0,7,4,0,4,10,7,10,58,309,160,89,33,28,28,71,6,3,3,0,3,0,149,333,2,2,48,48,50,2,0,0,0,3,50,7,7,642
orjson_3_12_0,e40106b8343bd18551338f7d7f1ff110f3a94835,0,9944750.0,25456.0,311,102,0,3,0,0,0,0,3,3,0,3,0,7,4,0,4,10,7,10,58,309,160,89,33,28,28,71,6,3,3,0,3,0,149,333,2,2,48,48,50,2,0,0,0,3,50,7,7,642
orjson_3_11_5,5a42aa445b7421960ad77394ffe7dc5002c0bdd9,0,10083722.333333334,25459.0,288,83,0,1,0,7,1,1,1,1,0,1,0,4,3,1,1,18,6,11,57,365,181,77,26,25,26,104,12,6,3,3,6,3,184,278,2,2,48,48,50,2,0,0,0,3,50,3,4,643
orjson_3_11_6,5a42aa445b7421960ad77394ffe7dc5002c0bdd9,0,10092264.0,25459.0,288,83,0,1,0,7,1,1,1,1,0,1,0,4,3,1,1,18,6,11,57,365,181,77,26,25,26,104,12,6,3,3,6,3,184,278,2,2,48,48,50,2,0,0,0,3,50,3,4,643
orjson_3_11_7,5a42aa445b7421960ad77394ffe7dc5002c0bdd9,0,10269194.333333334,25459.0,288,83,0,1,0,7,1,1,1,1,0,1,0,4,3,1,1,18,6,11,57,365,181,77,26,25,26,104,12,6,3,3,6,3,184,278,2,2,48,48,50,2,0,0,0,3,50,3,4,643
orjson_3_11_8,5a42aa445b7421960ad77394ffe7dc5002c0bdd9,0,10199902.666666666,25459.0,288,83,0,1,0,7,1,1,1,1,0,1,0,4,3,1,1,18,6,11,57,365,181,77,26,25,26,104,12,6,3,3,6,3,184,278,2,2,48,48,50,2,0,0,0,3,50,3,4,643
orjson_3_11_9,5a42aa445b7421960ad77394ffe7dc5002c0bdd9,0,9792778.0,25459.0,288,83,0,1,0,7,1,1,1,1,0,1,0,4,3,1,1,18,6,11,57,365,181,77,26,25,26,104,12,6,3,3,6,3,184,278,2,2,48,48,50,2,0,0,0,3,50,3,4,643
orjson_3_12_0,5a42aa445b7421960ad77394ffe7dc5002c0bdd9,0,9890805.666666666,25459.0,288,83,0,1,0,7,1,1,1,1,0,1,0,4,3,1,1,18,6,11,57,365,181,77,26,25,26,104,12,6,3,3,6,3,184,278,2,2,48,48,50,2,0,0,0,3,50,3,4,643
orjson_3_11_5,7836d0159a72ed32545c56ac11cff6f6449c606a,0,10175028.0,25820.0,241,42,0,0,0,0,0,0,0,0,0,0,0,0,0,0,0,6,16,9,59,348,166,81,22,28,31,85,14,2,5,7,2,7,182,366,2,2,46,46,48,2,0,0,0,3,48,5,0,714
orjson_3_11_6,7836d0159a72ed32545c56ac11cff6f6449c606a,0,10178944.333333334,25820.0,241,42,0,0,0,0,0,0,0,0,0,0,0,0,0,0,0,6,16,9,59,348,166,81,22,28,31,85,14,2,5,7,2,7,182,366,2,2,46,46,48,2,0,0,0,3,48,5,0,714
orjson_3_11_7,7836d0159a72ed32545c56ac11cff6f6449c606a,0,10142166.333333334,25820.0,241,42,0,0,0,0,0,0,0,0,0,0,0,0,0,0,0,6,16,9,59,348,166,81,22,28,31,85,14,2,5,7,2,7,182,366,2,2,46,46,48,2,0,0,0,3,48,5,0,714
orjson_3_11_8,7836d0159a72ed32545c56ac11cff6f6449c606a,0,10182541.666666666,25820.0,241,42,0,0,0,0,0,0,0,0,0,0,0,0,0,0,0,6,16,9,59,348,166,81,22,28,31,85,14,2,5,7,2,7,182,366,2,2,46,46,48,2,0,0,0,3,48,5,0,714
orjson_3_11_9,7836d0159a72ed32545c56ac11cff6f6449c606a,0,9878250.0,25820.0,241,42,0,0,0,0,0,0,0,0,0,0,0,0,0,0,0,6,16,9,59,348,166,81,22,28,31,85,14,2,5,7,2,7,182,366,2,2,46,46,48,2,0,0,0,3,48,5,0,714
orjson_3_12_0,7836d0159a72ed32545c56ac11cff6f6449c606a,0,9873819.666666666,25820.0,241,42,0,0,0,0,0,0,0,0,0,0,0,0,0,0,0,6,16,9,59,348,166,81,22,28,31,85,14,2,5,7,2,7,182,366,2,2,46,46,48,2,0,0,0,3,48,5,0,714
orjson_3_11_5,1eb789e98546c5886bbb20790963a98691baf076,0,9667847.333333334,25302.0,284,73,0,3,1,4,1,0,2,2,1,1,1,5,2,0,2,11,8,10,56,333,167,77,36,18,23,90,9,2,2,5,2,5,166,334,2,2,48,48,50,2,0,0,0,3,50,9,5,667
orjson_3_11_6,1eb789e98546c5886bbb20790963a98691baf076,0,9807569.666666666,25302.0,284,73,0,3,1,4,1,0,2,2,1,1,1,5,2,0,2,11,8,10,56,333,167,77,36,18,23,90,9,2,2,5,2,5,166,334,2,2,48,48,50,2,0,0,0,3,50,9,5,667
orjson_3_11_7,1eb789e98546c5886bbb20790963a98691baf076,0,9817527.666666666,25302.0,284,73,0,3,1,4,1,0,2,2,1,1,1,5,2,0,2,11,8,10,56,333,167,77,36,18,23,90,9,2,2,5,2,5,166,334,2,2,48,48,50,2,0,0,0,3,50,9,5,667
orjson_3_11_8,1eb789e98546c5886bbb20790963a98691baf076,0,9970681.0,25302.0,284,73,0,3,1,4,1,0,2,2,1,1,1,5,2,0,2,11,8,10,56,333,167,77,36,18,23,90,9,2,2,5,2,5,166,334,2,2,48,48,50,2,0,0,0,3,50,9,5,667
orjson_3_11_9,1eb789e98546c5886bbb20790963a98691baf076,0,9476708.333333334,25302.0,284,73,0,3,1,4,1,0,2,2,1,1,1,5,2,0,2,11,8,10,56,333,167,77,36,18,23,90,9,2,2,5,2,5,166,334,2,2,48,48,50,2,0,0,0,3,50,9,5,667
orjson_3_12_0,1eb789e98546c5886bbb20790963a98691baf076,0,9655638.666666666,25302.0,284,73,0,3,1,4,1,0,2,2,1,1,1,5,2,0,2,11,8,10,56,333,167,77,36,18,23,90,9,2,2,5,2,5,166,334,2,2,48,48,50,2,0,0,0,3,50,9,5,667
orjson_3_11_5,4136a5d382bdd68b60a0d47e3aa36620d526c721,0,9884930.333333334,25302.0,284,73,0,3,1,4,1,0,2,2,1,1,1,5,2,0,2,11,8,10,56,333,167,77,36,18,23,90,9,2,2,5,2,5,166,334,2,2,48,48,50,2,0,0,0,3,50,9,5,667
orjson_3_11_6,4136a5d382bdd68b60a0d47e3aa36620d526c721,0,9807625.0,25302.0,284,73,0,3,1,4,1,0,2,2,1,1,1,5,2,0,2,11,8,10,56,333,167,77,36,18,23,90,9,2,2,5,2,5,166,334,2,2,48,48,50,2,0,0,0,3,50,9,5,667
orjson_3_11_7,4136a5d382bdd68b60a0d47e3aa36620d526c721,0,9874472.0,25302.0,284,73,0,3,1,4,1,0,2,2,1,1,1,5,2,0,2,11,8,10,56,333,167,77,36,18,23,90,9,2,2,5,2,5,166,334,2,2,48,48,50,2,0,0,0,3,50,9,5,667
orjson_3_11_8,4136a5d382bdd68b60a0d47e3aa36620d526c721,0,9919611.0,25302.0,284,73,0,3,1,4,1,0,2,2,1,1,1,5,2,0,2,11,8,10,56,333,167,77,36,18,23,90,9,2,2,5,2,5,166,334,2,2,48,48,50,2,0,0,0,3,50,9,5,667
orjson_3_11_9,4136a5d382bdd68b60a0d47e3aa36620d526c721,0,9480402.666666666,25302.0,284,73,0,3,1,4,1,0,2,2,1,1,1,5,2,0,2,11,8,10,56,333,167,77,36,18,23,90,9,2,2,5,2,5,166,334,2,2,48,48,50,2,0,0,0,3,50,9,5,667
orjson_3_12_0,4136a5d382bdd68b60a0d47e3aa36620d526c721,0,9464277.666666666,25302.0,284,73,0,3,1,4,1,0,2,2,1,1,1,5,2,0,2,11,8,10,56,333,167,77,36,18,23,90,9,2,2,5,2,5,166,334,2,2,48,48,50,2,0,0,0,3,50,9,5,667
orjson_3_11_5,45230dbaa9602544518f32ecb55117004a0a4f37,0,9766986.333333334,25302.0,284,73,0,3,1,4,1,0,2,2,1,1,1,5,2,0,2,11,8,10,56,333,167,77,36,18,23,90,9,2,2,5,2,5,166,334,2,2,48,48,50,2,0,0,0,3,50,9,5,667
orjson_3_11_6,45230dbaa9602544518f32ecb55117004a0a4f37,0,9687833.5,25302.0,284,73,0,3,1,4,1,0,2,2,1,1,1,5,2,0,2,11,8,10,56,333,167,77,36,18,23,90,9,2,2,5,2,5,166,334,2,2,48,48,50,2,0,0,0,3,50,9,5,667
orjson_3_11_7,45230dbaa9602544518f32ecb55117004a0a4f37,0,9790902.666666666,25302.0,284,73,0,3,1,4,1,0,2,2,1,1,1,5,2,0,2,11,8,10,56,333,167,77,36,18,23,90,9,2,2,5,2,5,166,334,2,2,48,48,50,2,0,0,0,3,50,9,5,667
orjson_3_11_8,45230dbaa9602544518f32ecb55117004a0a4f37,0,9731139.0,25302.0,284,73,0,3,1,4,1,0,2,2,1,1,1,5,2,0,2,11,8,10,56,333,167,77,36,18,23,90,9,2,2,5,2,5,166,334,2,2,48,48,50,2,0,0,0,3,50,9,5,667
orjson_3_11_9,45230dbaa9602544518f32ecb55117004a0a4f37,0,9506722.333333334,25302.0,284,73,0,3,1,4,1,0,2,2,1,1,1,5,2,0,2,11,8,10,56,333,167,77,36,18,23,90,9,2,2,5,2,5,166,334,2,2,48,48,50,2,0,0,0,3,50,9,5,667
orjson_3_12_0,45230dbaa9602544518f32ecb55117004a0a4f37,0,9536666.666666666,25302.0,284,73,0,3,1,4,1,0,2,2,1,1,1,5,2,0,2,11,8,10,56,333,167,77,36,18,23,90,9,2,2,5,2,5,166,334,2,2,48,48,50,2,0,0,0,3,50,9,5,667
orjson_3_11_5,d7467bcf4b058bf50885e23d88c52ded7300bfaa,0,9792180.666666666,25302.0,284,73,0,3,1,4,1,0,2,2,1,1,1,5,2,0,2,11,8,10,56,333,167,77,36,18,23,90,9,2,2,5,2,5,166,334,2,2,48,48,50,2,0,0,0,3,50,9,5,667
orjson_3_11_6,d7467bcf4b058bf50885e23d88c52ded7300bfaa,0,9792611.0,25302.0,284,73,0,3,1,4,1,0,2,2,1,1,1,5,2,0,2,11,8,10,56,333,167,77,36,18,23,90,9,2,2,5,2,5,166,334,2,2,48,48,50,2,0,0,0,3,50,9,5,667
orjson_3_11_7,d7467bcf4b058bf50885e23d88c52ded7300bfaa,0,9809014.0,25302.0,284,73,0,3,1,4,1,0,2,2,1,1,1,5,2,0,2,11,8,10,56,333,167,77,36,18,23,90,9,2,2,5,2,5,166,334,2,2,48,48,50,2,0,0,0,3,50,9,5,667
orjson_3_11_8,d7467bcf4b058bf50885e23d88c52ded7300bfaa,0,10062333.0,25302.0,284,73,0,3,1,4,1,0,2,2,1,1,1,5,2,0,2,11,8,10,56,333,167,77,36,18,23,90,9,2,2,5,2,5,166,334,2,2,48,48,50,2,0,0,0,3,50,9,5,667
orjson_3_11_9,d7467bcf4b058bf50885e23d88c52ded7300bfaa,0,9424514.0,25302.0,284,73,0,3,1,4,1,0,2,2,1,1,1,5,2,0,2,11,8,10,56,333,167,77,36,18,23,90,9,2,2,5,2,5,166,334,2,2,48,48,50,2,0,0,0,3,50,9,5,667
orjson_3_12_0,d7467bcf4b058bf50885e23d88c52ded7300bfaa,0,9538430.666666666,25302.0,284,73,0,3,1,4,1,0,2,2,1,1,1,5,2,0,2,11,8,10,56,333,167,77,36,18,23,90,9,2,2,5,2,5,166,334,2,2,48,48,50,2,0,0,0,3,50,9,5,667
orjson_3_11_5,e60e0582023d38ede1e2bd8d18b7030fe7be5c88,0,9809277.666666666,25302.0,284,73,0,3,1,4,1,0,2,2,1,1,1,5,2,0,2,11,8,10,56,333,167,77,36,18,23,90,9,2,2,5,2,5,166,334,2,2,48,48,50,2,0,0,0,3,50,9,5,667
orjson_3_11_6,e60e0582023d38ede1e2bd8d18b7030fe7be5c88,0,9859396.25,25302.0,284,73,0,3,1,4,1,0,2,2,1,1,1,5,2,0,2,11,8,10,56,333,167,77,36,18,23,90,9,2,2,5,2,5,166,334,2,2,48,48,50,2,0,0,0,3,50,9,5,667
orjson_3_11_7,e60e0582023d38ede1e2bd8d18b7030fe7be5c88,0,9827986.0,25302.0,284,73,0,3,1,4,1,0,2,2,1,1,1,5,2,0,2,11,8,10,56,333,167,77,36,18,23,90,9,2,2,5,2,5,166,334,2,2,48,48,50,2,0,0,0,3,50,9,5,667
orjson_3_11_8,e60e0582023d38ede1e2bd8d18b7030fe7be5c88,0,9873750.0,25302.0,284,73,0,3,1,4,1,0,2,2,1,1,1,5,2,0,2,11,8,10,56,333,167,77,36,18,23,90,9,2,2,5,2,5,166,334,2,2,48,48,50,2,0,0,0,3,50,9,5,667
orjson_3_11_9,e60e0582023d38ede1e2bd8d18b7030fe7be5c88,0,9448111.0,25302.0,284,73,0,3,1,4,1,0,2,2,1,1,1,5,2,0,2,11,8,10,56,333,167,77,36,18,23,90,9,2,2,5,2,5,166,334,2,2,48,48,50,2,0,0,0,3,50,9,5,667
orjson_3_12_0,e60e0582023d38ede1e2bd8d18b7030fe7be5c88,0,9519972.333333334,25302.0,284,73,0,3,1,4,1,0,2,2,1,1,1,5,2,0,2,11,8,10,56,333,167,77,36,18,23,90,9,2,2,5,2,5,166,334,2,2,48,48,50,2,0,0,0,3,50,9,5,667
orjson_3_11_5,2843600f28a253a44139e5a350c937e86e6abbbb,0,9810791.666666666,25302.0,284,73,0,3,1,4,1,0,2,2,1,1,1,5,2,0,2,11,8,10,56,334,168,78,36,19,23,90,9,2,2,5,2,5,166,334,2,2,48,48,50,2,0,0,0,3,50,9,5,668
orjson_3_11_6,2843600f28a253a44139e5a350c937e86e6abbbb,0,9775097.333333334,25302.0,284,73,0,3,1,4,1,0,2,2,1,1,1,5,2,0,2,11,8,10,56,334,168,78,36,19,23,90,9,2,2,5,2,5,166,334,2,2,48,48,50,2,0,0,0,3,50,9,5,668
orjson_3_11_7,2843600f28a253a44139e5a350c937e86e6abbbb,0,9805708.333333334,25302.0,284,73,0,3,1,4,1,0,2,2,1,1,1,5,2,0,2,11,8,10,56,334,168,78,36,19,23,90,9,2,2,5,2,5,166,334,2,2,48,48,50,2,0,0,0,3,50,9,5,668
orjson_3_11_8,2843600f28a253a44139e5a350c937e86e6abbbb,0,9881806.0,25302.0,284,73,0,3,1,4,1,0,2,2,1,1,1,5,2,0,2,11,8,10,56,334,168,78,36,19,23,90,9,2,2,5,2,5,166,334,2,2,48,48,50,2,0,0,0,3,50,9,5,668
orjson_3_11_9,2843600f28a253a44139e5a350c937e86e6abbbb,0,9476000.333333334,25302.0,284,73,0,3,1,4,1,0,2,2,1,1,1,5,2,0,2,11,8,10,56,334,168,78,36,19,23,90,9,2,2,5,2,5,166,334,2,2,48,48,50,2,0,0,0,3,50,9,5,668
orjson_3_12_0,2843600f28a253a44139e5a350c937e86e6abbbb,0,9514013.666666666,25302.0,284,73,0,3,1,4,1,0,2,2,1,1,1,5,2,0,2,11,8,10,56,334,168,78,36,19,23,90,9,2,2,5,2,5,166,334,2,2,48,48,50,2,0,0,0,3,50,9,5,668
orjson_3_11_5,2ba4d60ffec8706707d93514da0f5501437b96c8,0,9820736.333333334,25270.0,284,73,0,4,1,4,1,0,3,3,2,1,2,5,1,0,1,11,8,10,56,333,167,77,36,18,23,90,9,2,2,5,2,5,166,334,2,2,48,48,50,2,0,0,0,3,50,9,5,667
orjson_3_11_6,2ba4d60ffec8706707d93514da0f5501437b96c8,0,9866180.666666666,25270.0,284,73,0,4,1,4,1,0,3,3,2,1,2,5,1,0,1,11,8,10,56,333,167,77,36,18,23,90,9,2,2,5,2,5,166,334,2,2,48,48,50,2,0,0,0,3,50,9,5,667
orjson_3_11_7,2ba4d60ffec8706707d93514da0f5501437b96c8,0,9786375.0,25270.0,284,73,0,4,1,4,1,0,3,3,2,1,2,5,1,0,1,11,8,10,56,333,167,77,36,18,23,90,9,2,2,5,2,5,166,334,2,2,48,48,50,2,0,0,0,3,50,9,5,667
orjson_3_11_8,2ba4d60ffec8706707d93514da0f5501437b96c8,0,9828847.333333334,25270.0,284,73,0,4,1,4,1,0,3,3,2,1,2,5,1,0,1,11,8,10,56,333,167,77,36,18,23,90,9,2,2,5,2,5,166,334,2,2,48,48,50,2,0,0,0,3,50,9,5,667
orjson_3_11_9,2ba4d60ffec8706707d93514da0f5501437b96c8,0,9466138.666666666,25270.0,284,73,0,4,1,4,1,0,3,3,2,1,2,5,1,0,1,11,8,10,56,333,167,77,36,18,23,90,9,2,2,5,2,5,166,334,2,2,48,48,50,2,0,0,0,3,50,9,5,667
orjson_3_12_0,2ba4d60ffec8706707d93514da0f5501437b96c8,0,9469028.0,25270.0,284,73,0,4,1,4,1,0,3,3,2,1,2,5,1,0,1,11,8,10,56,333,167,77,36,18,23,90,9,2,2,5,2,5,166,334,2,2,48,48,50,2,0,0,0,3,50,9,5,667
orjson_3_11_5,906a244dfca094e3d323ea8cbcac9b5a2f84f2ea,0,9797861.333333334,25302.0,284,73,0,3,1,4,1,0,2,2,1,1,1,5,2,0,2,11,8,10,56,333,167,77,36,18,23,90,9,2,2,5,2,5,166,334,2,2,48,48,50,2,0,0,0,3,50,9,5,667
orjson_3_11_6,906a244dfca094e3d323ea8cbcac9b5a2f84f2ea,0,9783722.333333334,25302.0,284,73,0,3,1,4,1,0,2,2,1,1,1,5,2,0,2,11,8,10,56,333,167,77,36,18,23,90,9,2,2,5,2,5,166,334,2,2,48,48,50,2,0,0,0,3,50,9,5,667
orjson_3_11_7,906a244dfca094e3d323ea8cbcac9b5a2f84f2ea,0,9835666.333333334,25302.0,284,73,0,3,1,4,1,0,2,2,1,1,1,5,2,0,2,11,8,10,56,333,167,77,36,18,23,90,9,2,2,5,2,5,166,334,2,2,48,48,50,2,0,0,0,3,50,9,5,667
orjson_3_11_8,906a244dfca094e3d323ea8cbcac9b5a2f84f2ea,0,9986527.333333334,25302.0,284,73,0,3,1,4,1,0,2,2,1,1,1,5,2,0,2,11,8,10,56,333,167,77,36,18,23,90,9,2,2,5,2,5,166,334,2,2,48,48,50,2,0,0,0,3,50,9,5,667
orjson_3_11_9,906a244dfca094e3d323ea8cbcac9b5a2f84f2ea,0,9478375.0,25302.0,284,73,0,3,1,4,1,0,2,2,1,1,1,5,2,0,2,11,8,10,56,333,167,77,36,18,23,90,9,2,2,5,2,5,166,334,2,2,48,48,50,2,0,0,0,3,50,9,5,667
orjson_3_12_0,906a244dfca094e3d323ea8cbcac9b5a2f84f2ea,0,9470611.0,25302.0,284,73,0,3,1,4,1,0,2,2,1,1,1,5,2,0,2,11,8,10,56,333,167,77,36,18,23,90,9,2,2,5,2,5,166,334,2,2,48,48,50,2,0,0,0,3,50,9,5,667
orjson_3_11_5,70e4150413c4cea88ab4084b806d0c8ce52998f3,0,9833597.333333334,25302.0,284,73,0,3,1,4,1,0,2,2,1,1,1,5,2,0,2,11,8,10,56,333,167,77,36,18,23,90,9,2,2,5,2,5,166,334,2,2,48,48,50,2,0,0,0,3,50,9,5,667
orjson_3_11_6,70e4150413c4cea88ab4084b806d0c8ce52998f3,0,9710416.666666666,25302.0,284,73,0,3,1,4,1,0,2,2,1,1,1,5,2,0,2,11,8,10,56,333,167,77,36,18,23,90,9,2,2,5,2,5,166,334,2,2,48,48,50,2,0,0,0,3,50,9,5,667
orjson_3_11_7,70e4150413c4cea88ab4084b806d0c8ce52998f3,0,9910208.666666666,25302.0,284,73,0,3,1,4,1,0,2,2,1,1,1,5,2,0,2,11,8,10,56,333,167,77,36,18,23,90,9,2,2,5,2,5,166,334,2,2,48,48,50,2,0,0,0,3,50,9,5,667
orjson_3_11_8,70e4150413c4cea88ab4084b806d0c8ce52998f3,0,9879111.0,25302.0,284,73,0,3,1,4,1,0,2,2,1,1,1,5,2,0,2,11,8,10,56,333,167,77,36,18,23,90,9,2,2,5,2,5,166,334,2,2,48,48,50,2,0,0,0,3,50,9,5,667
orjson_3_11_9,70e4150413c4cea88ab4084b806d0c8ce52998f3,0,9424194.0,25302.0,284,73,0,3,1,4,1,0,2,2,1,1,1,5,2,0,2,11,8,10,56,333,167,77,36,18,23,90,9,2,2,5,2,5,166,334,2,2,48,48,50,2,0,0,0,3,50,9,5,667
orjson_3_12_0,70e4150413c4cea88ab4084b806d0c8ce52998f3,0,9489402.666666666,25302.0,284,73,0,3,1,4,1,0,2,2,1,1,1,5,2,0,2,11,8,10,56,333,167,77,36,18,23,90,9,2,2,5,2,5,166,334,2,2,48,48,50,2,0,0,0,3,50,9,5,667
orjson_3_11_5,898e1e674038fc2eaa627dd0e54901a2a43211f3,0,9802111.0,25302.0,284,73,0,3,1,4,1,0,2,2,1,1,1,5,2,0,2,11,8,10,56,332,166,77,36,18,23,89,9,2,2,5,2,5,166,333,2,2,48,48,50,2,0,0,0,3,50,9,5,665
orjson_3_11_6,898e1e674038fc2eaa627dd0e54901a2a43211f3,0,9766722.0,25302.0,284,73,0,3,1,4,1,0,2,2,1,1,1,5,2,0,2,11,8,10,56,332,166,77,36,18,23,89,9,2,2,5,2,5,166,333,2,2,48,48,50,2,0,0,0,3,50,9,5,665
orjson_3_11_7,898e1e674038fc2eaa627dd0e54901a2a43211f3,0,9933902.666666666,25302.0,284,73,0,3,1,4,1,0,2,2,1,1,1,5,2,0,2,11,8,10,56,332,166,77,36,18,23,89,9,2,2,5,2,5,166,333,2,2,48,48,50,2,0,0,0,3,50,9,5,665
orjson_3_11_8,898e1e674038fc2eaa627dd0e54901a2a43211f3,0,10096041.666666666,25302.0,284,73,0,3,1,4,1,0,2,2,1,1,1,5,2,0,2,11,8,10,56,332,166,77,36,18,23,89,9,2,2,5,2,5,166,333,2,2,48,48,50,2,0,0,0,3,50,9,5,665
orjson_3_11_9,898e1e674038fc2eaa627dd0e54901a2a43211f3,0,9358249.666666666,25302.0,284,73,0,3,1,4,1,0,2,2,1,1,1,5,2,0,2,11,8,10,56,332,166,77,36,18,23,89,9,2,2,5,2,5,166,333,2,2,48,48,50,2,0,0,0,3,50,9,5,665
orjson_3_12_0,898e1e674038fc2eaa627dd0e54901a2a43211f3,0,9462805.666666666,25302.0,284,73,0,3,1,4,1,0,2,2,1,1,1,5,2,0,2,11,8,10,56,332,166,77,36,18,23,89,9,2,2,5,2,5,166,333,2,2,48,48,50,2,0,0,0,3,50,9,5,665
orjson_3_11_5,626330bfe18aac36e308ad1ab79e1b7bd03d88bd,0,9882416.666666666,25302.0,284,73,0,3,1,4,1,0,2,2,1,1,1,5,2,0,2,11,8,10,56,333,167,77,36,18,23,90,9,2,2,5,2,5,166,334,2,2,48,48,50,2,0,0,0,3,50,9,5,667
orjson_3_11_6,626330bfe18aac36e308ad1ab79e1b7bd03d88bd,0,9778666.333333334,25302.0,284,73,0,3,1,4,1,0,2,2,1,1,1,5,2,0,2,11,8,10,56,333,167,77,36,18,23,90,9,2,2,5,2,5,166,334,2,2,48,48,50,2,0,0,0,3,50,9,5,667
orjson_3_11_7,626330bfe18aac36e308ad1ab79e1b7bd03d88bd,0,9849958.666666666,25302.0,284,73,0,3,1,4,1,0,2,2,1,1,1,5,2,0,2,11,8,10,56,333,167,77,36,18,23,90,9,2,2,5,2,5,166,334,2,2,48,48,50,2,0,0,0,3,50,9,5,667
orjson_3_11_8,626330bfe18aac36e308ad1ab79e1b7bd03d88bd,0,9850610.666666666,25302.0,284,73,0,3,1,4,1,0,2,2,1,1,1,5,2,0,2,11,8,10,56,333,167,77,36,18,23,90,9,2,2,5,2,5,166,334,2,2,48,48,50,2,0,0,0,3,50,9,5,667
orjson_3_11_9,626330bfe18aac36e308ad1ab79e1b7bd03d88bd,0,9509027.666666666,25302.0,284,73,0,3,1,4,1,0,2,2,1,1,1,5,2,0,2,11,8,10,56,333,167,77,36,18,23,90,9,2,2,5,2,5,166,334,2,2,48,48,50,2,0,0,0,3,50,9,5,667
orjson_3_12_0,626330bfe18aac36e308ad1ab79e1b7bd03d88bd,0,9502944.333333334,25302.0,284,73,0,3,1,4,1,0,2,2,1,1,1,5,2,0,2,11,8,10,56,333,167,77,36,18,23,90,9,2,2,5,2,5,166,334,2,2,48,48,50,2,0,0,0,3,50,9,5,667
orjson_3_11_5,d235b20423316eed138c62886f31e4664298427d,0,3245528.0,9782.0,142,36,0,1,0,0,0,0,1,1,0,0,0,1,0,0,0,7,3,8,27,65,34,17,8,3,6,17,2,1,0,1,1,1,31,57,1,1,24,24,25,1,0,0,0,2,25,4,1,122
orjson_3_11_6,d235b20423316eed138c62886f31e4664298427d,0,3252885.75,9782.0,142,36,0,1,0,0,0,0,1,1,0,0,0,1,0,0,0,7,3,8,27,65,34,17,8,3,6,17,2,1,0,1,1,1,31,57,1,1,24,24,25,1,0,0,0,2,25,4,1,122
orjson_3_11_7,d235b20423316eed138c62886f31e4664298427d,0,3284510.25,9782.0,142,36,0,1,0,0,0,0,1,1,0,0,0,1,0,0,0,7,3,8,27,65,34,17,8,3,6,17,2,1,0,1,1,1,31,57,1,1,24,24,25,1,0,0,0,2,25,4,1,122
orjson_3_11_8,d235b20423316eed138c62886f31e4664298427d,0,3317083.6666666665,9782.0,142,36,0,1,0,0,0,0,1,1,0,0,0,1,0,0,0,7,3,8,27,65,34,17,8,3,6,17,2,1,0,1,1,1,31,57,1,1,24,24,25,1,0,0,0,2,25,4,1,122
orjson_3_11_9,d235b20423316eed138c62886f31e4664298427d,0,3203347.0,9782.0,142,36,0,1,0,0,0,0,1,1,0,0,0,1,0,0,0,7,3,8,27,65,34,17,8,3,6,17,2,1,0,1,1,1,31,57,1,1,24,24,25,1,0,0,0,2,25,4,1,122
orjson_3_12_0,d235b20423316eed138c62886f31e4664298427d,0,3206735.6666666665,9782.0,142,36,0,1,0,0,0,0,1,1,0,0,0,1,0,0,0,7,3,8,27,65,34,17,8,3,6,17,2,1,0,1,1,1,31,57,1,1,24,24,25,1,0,0,0,2,25,4,1,122
orjson_3_11_5,d17ded01c93ba398ac3b416bcebcacc09bf6541d,0,9850402.666666666,25302.0,284,73,0,3,1,4,1,0,2,2,1,1,1,5,2,0,2,11,8,10,56,333,167,77,36,18,23,90,9,2,2,5,2,5,166,334,2,2,48,48,50,2,0,0,0,3,50,9,5,667
orjson_3_11_6,d17ded01c93ba398ac3b416bcebcacc09bf6541d,0,9821138.666666666,25302.0,284,73,0,3,1,4,1,0,2,2,1,1,1,5,2,0,2,11,8,10,56,333,167,77,36,18,23,90,9,2,2,5,2,5,166,334,2,2,48,48,50,2,0,0,0,3,50,9,5,667
orjson_3_11_7,d17ded01c93ba398ac3b416bcebcacc09bf6541d,0,9794124.666666666,25302.0,284,73,0,3,1,4,1,0,2,2,1,1,1,5,2,0,2,11,8,10,56,333,167,77,36,18,23,90,9,2,2,5,2,5,166,334,2,2,48,48,50,2,0,0,0,3,50,9,5,667
orjson_3_11_8,d17ded01c93ba398ac3b416bcebcacc09bf6541d,0,9899041.666666666,25302.0,284,73,0,3,1,4,1,0,2,2,1,1,1,5,2,0,2,11,8,10,56,333,167,77,36,18,23,90,9,2,2,5,2,5,166,334,2,2,48,48,50,2,0,0,0,3,50,9,5,667
orjson_3_11_9,d17ded01c93ba398ac3b416bcebcacc09bf6541d,0,9461361.0,25302.0,284,73,0,3,1,4,1,0,2,2,1,1,1,5,2,0,2,11,8,10,56,333,167,77,36,18,23,90,9,2,2,5,2,5,166,334,2,2,48,48,50,2,0,0,0,3,50,9,5,667
orjson_3_12_0,d17ded01c93ba398ac3b416bcebcacc09bf6541d,0,9499625.333333334,25302.0,284,73,0,3,1,4,1,0,2,2,1,1,1,5,2,0,2,11,8,10,56,333,167,77,36,18,23,90,9,2,2,5,2,5,166,334,2,2,48,48,50,2,0,0,0,3,50,9,5,667
orjson_3_11_5,9dc578752ecda201c0f76c3a73755d28cdd3125a,0,9796916.666666666,25302.0,284,73,0,3,1,4,1,0,2,2,1,1,1,5,2,0,2,11,8,10,56,333,167,77,36,18,23,90,9,2,2,5,2,5,166,334,2,2,48,48,50,2,0,0,0,3,50,9,5,667
orjson_3_11_6,9dc578752ecda201c0f76c3a73755d28cdd3125a,0,9765708.333333334,25302.0,284,73,0,3,1,4,1,0,2,2,1,1,1,5,2,0,2,11,8,10,56,333,167,77,36,18,23,90,9,2,2,5,2,5,166,334,2,2,48,48,50,2,0,0,0,3,50,9,5,667
orjson_3_11_7,9dc578752ecda201c0f76c3a73755d28cdd3125a,0,9773819.333333334,25302.0,284,73,0,3,1,4,1,0,2,2,1,1,1,5,2,0,2,11,8,10,56,333,167,77,36,18,23,90,9,2,2,5,2,5,166,334,2,2,48,48,50,2,0,0,0,3,50,9,5,667
orjson_3_11_8,9dc578752ecda201c0f76c3a73755d28cdd3125a,0,9899416.666666666,25302.0,284,73,0,3,1,4,1,0,2,2,1,1,1,5,2,0,2,11,8,10,56,333,167,77,36,18,23,90,9,2,2,5,2,5,166,334,2,2,48,48,50,2,0,0,0,3,50,9,5,667
orjson_3_11_9,9dc578752ecda201c0f76c3a73755d28cdd3125a,0,9536985.666666666,25302.0,284,73,0,3,1,4,1,0,2,2,1,1,1,5,2,0,2,11,8,10,56,333,167,77,36,18,23,90,9,2,2,5,2,5,166,334,2,2,48,48,50,2,0,0,0,3,50,9,5,667
orjson_3_12_0,9dc578752ecda201c0f76c3a73755d28cdd3125a,0,9507986.0,25302.0,284,73,0,3,1,4,1,0,2,2,1,1,1,5,2,0,2,11,8,10,56,333,167,77,36,18,23,90,9,2,2,5,2,5,166,334,2,2,48,48,50,2,0,0,0,3,50,9,5,667
orjson_3_11_5,6874cfd33ffb2557c56c1cc0ffc8876819252d85,0,9833167.0,25302.0,285,74,0,3,1,4,1,0,2,2,1,1,1,5,2,0,2,11,8,10,56,333,167,77,36,18,23,90,9,2,2,5,2,5,166,334,2,2,48,48,50,2,0,0,0,3,50,9,5,667
orjson_3_11_6,6874cfd33ffb2557c56c1cc0ffc8876819252d85,0,9800402.333333334,25302.0,285,74,0,3,1,4,1,0,2,2,1,1,1,5,2,0,2,11,8,10,56,333,167,77,36,18,23,90,9,2,2,5,2,5,166,334,2,2,48,48,50,2,0,0,0,3,50,9,5,667
orjson_3_11_7,6874cfd33ffb2557c56c1cc0ffc8876819252d85,0,9849916.666666666,25302.0,285,74,0,3,1,4,1,0,2,2,1,1,1,5,2,0,2,11,8,10,56,333,167,77,36,18,23,90,9,2,2,5,2,5,166,334,2,2,48,48,50,2,0,0,0,3,50,9,5,667
orjson_3_11_8,6874cfd33ffb2557c56c1cc0ffc8876819252d85,0,9925888.666666666,25302.0,285,74,0,3,1,4,1,0,2,2,1,1,1,5,2,0,2,11,8,10,56,333,167,77,36,18,23,90,9,2,2,5,2,5,166,334,2,2,48,48,50,2,0,0,0,3,50,9,5,667
orjson_3_11_9,6874cfd33ffb2557c56c1cc0ffc8876819252d85,0,9514083.333333334,25302.0,285,74,0,3,1,4,1,0,2,2,1,1,1,5,2,0,2,11,8,10,56,333,167,77,36,18,23,90,9,2,2,5,2,5,166,334,2,2,48,48,50,2,0,0,0,3,50,9,5,667
orjson_3_12_0,6874cfd33ffb2557c56c1cc0ffc8876819252d85,0,9462472.333333334,25302.0,285,74,0,3,1,4,1,0,2,2,1,1,1,5,2,0,2,11,8,10,56,333,167,77,36,18,23,90,9,2,2,5,2,5,166,334,2,2,48,48,50,2,0,0,0,3,50,9,5,667
orjson_3_11_5,9a0477897ee4c273b6fe6ec633397b754f971587,0,3336347.0,9654.0,22,8,0,1,1,15,1,0,0,0,1,0,8,1,0,0,0,1,0,0,4,146,73,33,11,12,10,40,6,2,1,3,2,3,73,161,1,1,2,2,3,1,0,0,0,1,3,0,1,307
orjson_3_11_6,9a0477897ee4c273b6fe6ec633397b754f971587,0,3340667.0,9654.0,22,8,0,1,1,15,1,0,0,0,1,0,8,1,0,0,0,1,0,0,4,146,73,33,11,12,10,40,6,2,1,3,2,3,73,161,1,1,2,2,3,1,0,0,0,1,3,0,1,307
orjson_3_11_7,9a0477897ee4c273b6fe6ec633397b754f971587,0,3372861.3333333335,9654.0,22,8,0,1,1,15,1,0,0,0,1,0,8,1,0,0,0,1,0,0,4,146,73,33,11,12,10,40,6,2,1,3,2,3,73,161,1,1,2,2,3,1,0,0,0,1,3,0,1,307
orjson_3_11_8,9a0477897ee4c273b6fe6ec633397b754f971587,0,3407625.0,9654.0,22,8,0,1,1,15,1,0,0,0,1,0,8,1,0,0,0,1,0,0,4,146,73,33,11,12,10,40,6,2,1,3,2,3,73,161,1,1,2,2,3,1,0,0,0,1,3,0,1,307
orjson_3_11_9,9a0477897ee4c273b6fe6ec633397b754f971587,0,3233125.0,9654.0,22,8,0,1,1,15,1,0,0,0,1,0,8,1,0,0,0,1,0,0,4,146,73,33,11,12,10,40,6,2,1,3,2,3,73,161,1,1,2,2,3,1,0,0,0,1,3,0,1,307
orjson_3_12_0,9a0477897ee4c273b6fe6ec633397b754f971587,0,3233319.6666666665,9654.0,22,8,0,1,1,15,1,0,0,0,1,0,8,1,0,0,0,1,0,0,4,146,73,33,11,12,10,40,6,2,1,3,2,3,73,161,1,1,2,2,3,1,0,0,0,1,3,0,1,307
orjson_3_11_5,949b1b0e25312c63ec265411020bc650f7202e0b,0,4586305.666666667,14160.0,64,29,0,0,0,0,0,0,0,0,0,0,0,0,0,0,0,3,1,2,8,197,96,48,19,14,15,48,7,1,3,3,1,3,101,213,2,2,6,6,8,2,0,0,0,2,8,1,0,410
orjson_3_11_6,949b1b0e25312c63ec265411020bc650f7202e0b,0,4558541.333333333,14160.0,64,29,0,0,0,0,0,0,0,0,0,0,0,0,0,0,0,3,1,2,8,197,96,48,19,14,15,48,7,1,3,3,1,3,101,213,2,2,6,6,8,2,0,0,0,2,8,1,0,410
orjson_3_11_7,949b1b0e25312c63ec265411020bc650f7202e0b,0,4640652.666666667,14160.0,64,29,0,0,0,0,0,0,0,0,0,0,0,0,0,0,0,3,1,2,8,197,96,48,19,14,15,48,7,1,3,3,1,3,101,213,2,2,6,6,8,2,0,0,0,2,8,1,0,410
orjson_3_11_8,949b1b0e25312c63ec265411020bc650f7202e0b,0,4612041.666666667,14160.0,64,29,0,0,0,0,0,0,0,0,0,0,0,0,0,0,0,3,1,2,8,197,96,48,19,14,15,48,7,1,3,3,1,3,101,213,2,2,6,6,8,2,0,0,0,2,8,1,0,410
orjson_3_11_9,949b1b0e25312c63ec265411020bc650f7202e0b,0,4427166.666666667,14160.0,64,29,0,0,0,0,0,0,0,0,0,0,0,0,0,0,0,3,1,2,8,197,96,48,19,14,15,48,7,1,3,3,1,3,101,213,2,2,6,6,8,2,0,0,0,2,8,1,0,410
orjson_3_12_0,949b1b0e25312c63ec265411020bc650f7202e0b,0,4453468.5,14160.0,64,29,0,0,0,0,0,0,0,0,0,0,0,0,0,0,0,3,1,2,8,197,96,48,19,14,15,48,7,1,3,3,1,3,101,213,2,2,6,6,8,2,0,0,0,2,8,1,0,410
orjson_3_11_5,99e07e1f4f12f10df57f99b0fca8664f9e32c75a,0,3722777.6666666665,14028.0,38,15,0,0,0,0,0,0,0,0,0,0,0,0,0,0,0,1,0,0,7,203,98,59,16,18,25,39,5,1,2,2,1,2,105,209,2,2,3,3,5,2,0,0,0,2,5,1,0,412
orjson_3_11_6,99e07e1f4f12f10df57f99b0fca8664f9e32c75a,0,3715430.6666666665,14028.0,38,15,0,0,0,0,0,0,0,0,0,0,0,0,0,0,0,1,0,0,7,203,98,59,16,18,25,39,5,1,2,2,1,2,105,209,2,2,3,3,5,2,0,0,0,2,5,1,0,412
orjson_3_11_7,99e07e1f4f12f10df57f99b0fca8664f9e32c75a,0,3729555.6666666665,14028.0,38,15,0,0,0,0,0,0,0,0,0,0,0,0,0,0,0,1,0,0,7,203,98,59,16,18,25,39,5,1,2,2,1,2,105,209,2,2,3,3,5,2,0,0,0,2,5,1,0,412
orjson_3_11_8,99e07e1f4f12f10df57f99b0fca8664f9e32c75a,0,3846569.0,14028.0,38,15,0,0,0,0,0,0,0,0,0,0,0,0,0,0,0,1,0,0,7,203,98,59,16,18,25,39,5,1,2,2,1,2,105,209,2,2,3,3,5,2,0,0,0,2,5,1,0,412
orjson_3_11_9,99e07e1f4f12f10df57f99b0fca8664f9e32c75a,0,3525986.3333333335,14028.0,38,15,0,0,0,0,0,0,0,0,0,0,0,0,0,0,0,1,0,0,7,203,98,59,16,18,25,39,5,1,2,2,1,2,105,209,2,2,3,3,5,2,0,0,0,2,5,1,0,412
orjson_3_12_0,99e07e1f4f12f10df57f99b0fca8664f9e32c75a,0,3549652.6666666665,14028.0,38,15,0,0,0,0,0,0,0,0,0,0,0,0,0,0,0,1,0,0,7,203,98,59,16,18,25,39,5,1,2,2,1,2,105,209,2,2,3,3,5,2,0,0,0,2,5,1,0,412
orjson_3_11_5,6abaefccc5dc33a08feb956d61d7f505ff199752,0,2084430.3333333333,4836.0,31,13,0,1,0,0,0,1,1,1,0,1,0,2,1,0,0,1,0,1,4,85,42,19,6,7,6,23,2,1,1,0,1,0,43,104,1,1,3,3,4,1,0,0,0,1,4,0,2,189
orjson_3_11_6,6abaefccc5dc33a08feb956d61d7f505ff199752,0,2087444.6666666667,4836.0,31,13,0,1,0,0,0,1,1,1,0,1,0,2,1,0,0,1,0,1,4,85,42,19,6,7,6,23,2,1,1,0,1,0,43,104,1,1,3,3,4,1,0,0,0,1,4,0,2,189
orjson_3_11_7,6abaefccc5dc33a08feb956d61d7f505ff199752,0,2093458.6666666667,4836.0,31,13,0,1,0,0,0,1,1,1,0,1,0,2,1,0,0,1,0,1,4,85,42,19,6,7,6,23,2,1,1,0,1,0,43,104,1,1,3,3,4,1,0,0,0,1,4,0,2,189
orjson_3_11_8,6abaefccc5dc33a08feb956d61d7f505ff199752,0,2097125.3333333333,4836.0,31,13,0,1,0,0,0,1,1,1,0,1,0,2,1,0,0,1,0,1,4,85,42,19,6,7,6,23,2,1,1,0,1,0,43,104,1,1,3,3,4,1,0,0,0,1,4,0,2,189
orjson_3_11_9,6abaefccc5dc33a08feb956d61d7f505ff199752,0,2035486.3333333333,4836.0,31,13,0,1,0,0,0,1,1,1,0,1,0,2,1,0,0,1,0,1,4,85,42,19,6,7,6,23,2,1,1,0,1,0,43,104,1,1,3,3,4,1,0,0,0,1,4,0,2,189
orjson_3_12_0,6abaefccc5dc33a08feb956d61d7f505ff199752,0,2015097.3333333333,4836.0,31,13,0,1,0,0,0,1,1,1,0,1,0,2,1,0,0,1,0,1,4,85,42,19,6,7,6,23,2,1,1,0,1,0,43,104,1,1,3,3,4,1,0,0,0,1,4,0,2,189
orjson_3_11_5,1a19184686c8742cc3b4b2f8bdf636c1a7057588,0,1394805.6666666667,4616.0,26,14,0,0,0,0,0,0,0,0,0,0,0,0,0,0,0,0,0,0,2,52,28,19,7,5,7,9,0,0,0,0,0,0,24,51,1,1,1,1,2,1,0,0,0,2,2,2,0,103
orjson_3_11_6,1a19184686c8742cc3b4b2f8bdf636c1a7057588,0,1379874.6666666667,4616.0,26,14,0,0,0,0,0,0,0,0,0,0,0,0,0,0,0,0,0,0,2,52,28,19,7,5,7,9,0,0,0,0,0,0,24,51,1,1,1,1,2,1,0,0,0,2,2,2,0,103
orjson_3_11_7,1a19184686c8742cc3b4b2f8bdf636c1a7057588,0,1382486.0,4616.0,26,14,0,0,0,0,0,0,0,0,0,0,0,0,0,0,0,0,0,0,2,52,28,19,7,5,7,9,0,0,0,0,0,0,24,51,1,1,1,1,2,1,0,0,0,2,2,2,0,103
orjson_3_11_8,1a19184686c8742cc3b4b2f8bdf636c1a7057588,0,1368875.3333333333,4616.0,26,14,0,0,0,0,0,0,0,0,0,0,0,0,0,0,0,0,0,0,2,52,28,19,7,5,7,9,0,0,0,0,0,0,24,51,1,1,1,1,2,1,0,0,0,2,2,2,0,103
orjson_3_11_9,1a19184686c8742cc3b4b2f8bdf636c1a7057588,0,1287916.5,4616.0,26,14,0,0,0,0,0,0,0,0,0,0,0,0,0,0,0,0,0,0,2,52,28,19,7,5,7,9,0,0,0,0,0,0,24,51,1,1,1,1,2,1,0,0,0,2,2,2,0,103
orjson_3_12_0,1a19184686c8742cc3b4b2f8bdf636c1a7057588,0,1306152.6666666667,4616.0,26,14,0,0,0,0,0,0,0,0,0,0,0,0,0,0,0,0,0,0,2,52,28,19,7,5,7,9,0,0,0,0,0,0,24,51,1,1,1,1,2,1,0,0,0,2,2,2,0,103
orjson_3_11_5,b2f2b859e8aa1df910399a63d61ca66ee6625cf7,0,3162139.3333333335,9672.0,30,12,0,1,1,0,0,1,0,0,1,1,2,1,0,0,0,0,0,2,5,182,105,56,18,13,25,49,2,1,1,0,1,0,77,209,1,1,3,3,4,1,0,0,0,1,4,0,1,391
orjson_3_11_6,b2f2b859e8aa1df910399a63d61ca66ee6625cf7,0,3149097.3333333335,9672.0,30,12,0,1,1,0,0,1,0,0,1,1,2,1,0,0,0,0,0,2,5,182,105,56,18,13,25,49,2,1,1,0,1,0,77,209,1,1,3,3,4,1,0,0,0,1,4,0,1,391
orjson_3_11_7,b2f2b859e8aa1df910399a63d61ca66ee6625cf7,0,3200041.6666666665,9672.0,30,12,0,1,1,0,0,1,0,0,1,1,2,1,0,0,0,0,0,2,5,182,105,56,18,13,25,49,2,1,1,0,1,0,77,209,1,1,3,3,4,1,0,0,0,1,4,0,1,391
orjson_3_11_8,b2f2b859e8aa1df910399a63d61ca66ee6625cf7,0,3171250.3333333335,9672.0,30,12,0,1,1,0,0,1,0,0,1,1,2,1,0,0,0,0,0,2,5,182,105,56,18,13,25,49,2,1,1,0,1,0,77,209,1,1,3,3,4,1,0,0,0,1,4,0,1,391
orjson_3_11_9,b2f2b859e8aa1df910399a63d61ca66ee6625cf7,0,3000583.3333333335,9672.0,30,12,0,1,1,0,0,1,0,0,1,1,2,1,0,0,0,0,0,2,5,182,105,56,18,13,25,49,2,1,1,0,1,0,77,209,1,1,3,3,4,1,0,0,0,1,4,0,1,391
orjson_3_12_0,b2f2b859e8aa1df910399a63d61ca66ee6625cf7,0,2984930.6666666665,9672.0,30,12,0,1,1,0,0,1,0,0,1,1,2,1,0,0,0,0,0,2,5,182,105,56,18,13,25,49,2,1,1,0,1,0,77,209,1,1,3,3,4,1,0,0,0,1,4,0,1,391
orjson_3_11_5,28c91f98f1856966db193003979a40297155d5fe,0,3080388.6666666665,9534.0,27,12,0,0,0,0,0,0,0,0,0,0,0,0,0,0,0,0,0,1,4,158,78,34,12,9,13,44,3,1,1,1,1,1,80,168,1,1,2,2,3,1,0,0,0,2,3,1,0,326
orjson_3_11_6,28c91f98f1856966db193003979a40297155d5fe,0,3138764.0,9534.0,27,12,0,0,0,0,0,0,0,0,0,0,0,0,0,0,0,0,0,1,4,158,78,34,12,9,13,44,3,1,1,1,1,1,80,168,1,1,2,2,3,1,0,0,0,2,3,1,0,326
orjson_3_11_7,28c91f98f1856966db193003979a40297155d5fe,0,3100806.0,9534.0,27,12,0,0,0,0,0,0,0,0,0,0,0,0,0,0,0,0,0,1,4,158,78,34,12,9,13,44,3,1,1,1,1,1,80,168,1,1,2,2,3,1,0,0,0,2,3,1,0,326
orjson_3_11_8,28c91f98f1856966db193003979a40297155d5fe,0,3102625.0,9534.0,27,12,0,0,0,0,0,0,0,0,0,0,0,0,0,0,0,0,0,1,4,158,78,34,12,9,13,44,3,1,1,1,1,1,80,168,1,1,2,2,3,1,0,0,0,2,3,1,0,326
orjson_3_11_9,28c91f98f1856966db193003979a40297155d5fe,0,2990139.0,9534.0,27,12,0,0,0,0,0,0,0,0,0,0,0,0,0,0,0,0,0,1,4,158,78,34,12,9,13,44,3,1,1,1,1,1,80,168,1,1,2,2,3,1,0,0,0,2,3,1,0,326
orjson_3_12_0,28c91f98f1856966db193003979a40297155d5fe,0,2992431.0,9534.0,27,12,0,0,0,0,0,0,0,0,0,0,0,0,0,0,0,0,0,1,4,158,78,34,12,9,13,44,3,1,1,1,1,1,80,168,1,1,2,2,3,1,0,0,0,2,3,1,0,326
orjson_3_11_5,f510f8943f40bf469618b323d96aa9ac0b0ebf38,0,4110111.0,9988.0,32,17,0,0,0,0,0,0,0,0,0,0,0,0,0,0,0,1,1,0,3,201,101,49,20,12,17,52,5,3,2,0,3,0,100,185,1,1,2,2,3,1,0,0,0,2,3,1,0,386
orjson_3_11_6,f510f8943f40bf469618b323d96aa9ac0b0ebf38,0,4098485.6666666665,9988.0,32,17,0,0,0,0,0,0,0,0,0,0,0,0,0,0,0,1,1,0,3,201,101,49,20,12,17,52,5,3,2,0,3,0,100,185,1,1,2,2,3,1,0,0,0,2,3,1,0,386
orjson_3_11_7,f510f8943f40bf469618b323d96aa9ac0b0ebf38,0,4128250.0,9988.0,32,17,0,0,0,0,0,0,0,0,0,0,0,0,0,0,0,1,1,0,3,201,101,49,20,12,17,52,5,3,2,0,3,0,100,185,1,1,2,2,3,1,0,0,0,2,3,1,0,386
orjson_3_11_8,f510f8943f40bf469618b323d96aa9ac0b0ebf38,0,4155375.0,9988.0,32,17,0,0,0,0,0,0,0,0,0,0,0,0,0,0,0,1,1,0,3,201,101,49,20,12,17,52,5,3,2,0,3,0,100,185,1,1,2,2,3,1,0,0,0,2,3,1,0,386
orjson_3_11_9,f510f8943f40bf469618b323d96aa9ac0b0ebf38,0,4003041.6666666665,9988.0,32,17,0,0,0,0,0,0,0,0,0,0,0,0,0,0,0,1,1,0,3,201,101,49,20,12,17,52,5,3,2,0,3,0,100,185,1,1,2,2,3,1,0,0,0,2,3,1,0,386
orjson_3_12_0,f510f8943f40bf469618b323d96aa9ac0b0ebf38,0,3970556.0,9988.0,32,17,0,0,0,0,0,0,0,0,0,0,0,0,0,0,0,1,1,0,3,201,101,49,20,12,17,52,5,3,2,0,3,0,100,185,1,1,2,2,3,1,0,0,0,2,3,1,0,386
orjson_3_11_5,05872d308b5c7de5b40f831ca14754f316e074f0,0,443652.6666666667,4168.0,14,3,0,0,0,0,0,1,0,0,0,0,0,1,1,0,0,0,0,0,2,5,1,1,1,0,0,0,0,0,0,0,0,0,4,7,1,1,1,1,2,1,0,0,0,2,2,1,1,12
orjson_3_11_6,05872d308b5c7de5b40f831ca14754f316e074f0,0,443708.3333333333,4168.0,14,3,0,0,0,0,0,1,0,0,0,0,0,1,1,0,0,0,0,0,2,5,1,1,1,0,0,0,0,0,0,0,0,0,4,7,1,1,1,1,2,1,0,0,0,2,2,1,1,12
orjson_3_11_7,05872d308b5c7de5b40f831ca14754f316e074f0,0,439680.6666666667,4168.0,14,3,0,0,0,0,0,1,0,0,0,0,0,1,1,0,0,0,0,0,2,5,1,1,1,0,0,0,0,0,0,0,0,0,4,7,1,1,1,1,2,1,0,0,0,2,2,1,1,12
orjson_3_11_8,05872d308b5c7de5b40f831ca14754f316e074f0,0,448249.6666666667,4168.0,14,3,0,0,0,0,0,1,0,0,0,0,0,1,1,0,0,0,0,0,2,5,1,1,1,0,0,0,0,0,0,0,0,0,4,7,1,1,1,1,2,1,0,0,0,2,2,1,1,12
orjson_3_11_9,05872d308b5c7de5b40f831ca14754f316e074f0,0,438847.0,4168.0,14,3,0,0,0,0,0,1,0,0,0,0,0,1,1,0,0,0,0,0,2,5,1,1,1,0,0,0,0,0,0,0,0,0,4,7,1,1,1,1,2,1,0,0,0,2,2,1,1,12
orjson_3_12_0,05872d308b5c7de5b40f831ca14754f316e074f0,0,440653.0,4168.0,14,3,0,0,0,0,0,1,0,0,0,0,0,1,1,0,0,0,0,0,2,5,1,1,1,0,0,0,0,0,0,0,0,0,4,7,1,1,1,1,2,1,0,0,0,2,2,1,1,12
orjson_3_11_5,b5dd939f7e48715eed33665d243970ef9696a646,0,2970083.3333333335,9548.0,35,17,0,0,0,0,0,0,0,0,0,0,0,0,0,0,0,0,3,0,5,150,74,40,12,11,17,34,0,0,0,0,0,0,76,171,1,1,3,3,4,1,0,0,0,1,4,0,0,321
orjson_3_11_6,b5dd939f7e48715eed33665d243970ef9696a646,0,2943638.6666666665,9548.0,35,17,0,0,0,0,0,0,0,0,0,0,0,0,0,0,0,0,3,0,5,150,74,40,12,11,17,34,0,0,0,0,0,0,76,171,1,1,3,3,4,1,0,0,0,1,4,0,0,321
orjson_3_11_7,b5dd939f7e48715eed33665d243970ef9696a646,0,2936694.6666666665,9548.0,35,17,0,0,0,0,0,0,0,0,0,0,0,0,0,0,0,0,3,0,5,150,74,40,12,11,17,34,0,0,0,0,0,0,76,171,1,1,3,3,4,1,0,0,0,1,4,0,0,321
orjson_3_11_8,b5dd939f7e48715eed33665d243970ef9696a646,0,2946930.6666666665,9548.0,35,17,0,0,0,0,0,0,0,0,0,0,0,0,0,0,0,0,3,0,5,150,74,40,12,11,17,34,0,0,0,0,0,0,76,171,1,1,3,3,4,1,0,0,0,1,4,0,0,321
orjson_3_11_9,b5dd939f7e48715eed33665d243970ef9696a646,0,2824527.6666666665,9548.0,35,17,0,0,0,0,0,0,0,0,0,0,0,0,0,0,0,0,3,0,5,150,74,40,12,11,17,34,0,0,0,0,0,0,76,171,1,1,3,3,4,1,0,0,0,1,4,0,0,321
orjson_3_12_0,b5dd939f7e48715eed33665d243970ef9696a646,0,2861639.0,9548.0,35,17,0,0,0,0,0,0,0,0,0,0,0,0,0,0,0,0,3,0,5,150,74,40,12,11,17,34,0,0,0,0,0,0,76,171,1,1,3,3,4,1,0,0,0,1,4,0,0,321
orjson_3_11_5,20ce4016a8b31e03d2e266fe564c869a337a0419,0,2318430.3333333335,9096.0,26,12,0,0,0,0,0,0,0,0,0,0,0,0,0,0,0,2,0,0,4,102,56,23,6,8,9,33,1,0,1,0,0,0,46,128,1,1,2,2,3,1,0,0,0,1,3,0,0,230
orjson_3_11_6,20ce4016a8b31e03d2e266fe564c869a337a0419,0,2315208.3333333335,9096.0,26,12,0,0,0,0,0,0,0,0,0,0,0,0,0,0,0,2,0,0,4,102,56,23,6,8,9,33,1,0,1,0,0,0,46,128,1,1,2,2,3,1,0,0,0,1,3,0,0,230
orjson_3_11_7,20ce4016a8b31e03d2e266fe564c869a337a0419,0,2316486.0,9096.0,26,12,0,0,0,0,0,0,0,0,0,0,0,0,0,0,0,2,0,0,4,102,56,23,6,8,9,33,1,0,1,0,0,0,46,128,1,1,2,2,3,1,0,0,0,1,3,0,0,230
orjson_3_11_8,20ce4016a8b31e03d2e266fe564c869a337a0419,0,2330902.6666666665,9096.0,26,12,0,0,0,0,0,0,0,0,0,0,0,0,0,0,0,2,0,0,4,102,56,23,6,8,9,33,1,0,1,0,0,0,46,128,1,1,2,2,3,1,0,0,0,1,3,0,0,230
orjson_3_11_9,20ce4016a8b31e03d2e266fe564c869a337a0419,0,2281514.0,9096.0,26,12,0,0,0,0,0,0,0,0,0,0,0,0,0,0,0,2,0,0,4,102,56,23,6,8,9,33,1,0,1,0,0,0,46,128,1,1,2,2,3,1,0,0,0,1,3,0,0,230
orjson_3_12_0,20ce4016a8b31e03d2e266fe564c869a337a0419,0,2267042.0,9096.0,26,12,0,0,0,0,0,0,0,0,0,0,0,0,0,0,0,2,0,0,4,102,56,23,6,8,9,33,1,0,1,0,0,0,46,128,1,1,2,2,3,1,0,0,0,1,3,0,0,230
orjson_3_11_5,cabc54e531e513ca2cfae16a96f633cd568e4c95,0,9654444.333333334,24332.0,157,82,0,0,0,17,2,0,0,0,0,2,0,2,2,2,0,5,2,3,17,436,235,121,42,40,39,114,10,0,6,4,0,4,201,411,6,6,10,13,20,6,1,3,1,7,16,2,2,847
orjson_3_11_6,cabc54e531e513ca2cfae16a96f633cd568e4c95,0,9677708.333333334,24332.0,157,82,0,0,0,17,2,0,0,0,0,2,0,2,2,2,0,5,2,3,17,436,235,121,42,40,39,114,10,0,6,4,0,4,201,411,6,6,10,13,20,6,1,3,1,7,16,2,2,847
orjson_3_11_7,cabc54e531e513ca2cfae16a96f633cd568e4c95,0,9642291.666666666,24332.0,157,82,0,0,0,17,2,0,0,0,0,2,0,2,2,2,0,5,2,3,17,436,235,121,42,40,39,114,10,0,6,4,0,4,201,411,6,6,10,13,20,6,1,3,1,7,16,2,2,847
orjson_3_11_8,cabc54e531e513ca2cfae16a96f633cd568e4c95,0,9690166.666666666,24332.0,157,82,0,0,0,17,2,0,0,0,0,2,0,2,2,2,0,5,2,3,17,436,235,121,42,40,39,114,10,0,6,4,0,4,201,411,6,6,10,13,20,6,1,3,1,7,16,2,2,847
orjson_3_11_9,cabc54e531e513ca2cfae16a96f633cd568e4c95,0,9234555.333333334,24332.0,157,82,0,0,0,17,2,0,0,0,0,2,0,2,2,2,0,5,2,3,17,436,235,121,42,40,39,114,10,0,6,4,0,4,201,411,6,6,10,13,20,6,1,3,1,7,16,2,2,847
orjson_3_12_0,cabc54e531e513ca2cfae16a96f633cd568e4c95,0,9292416.666666666,24332.0,157,82,0,0,0,17,2,0,0,0,0,2,0,2,2,2,0,5,2,3,17,436,235,121,42,40,39,114,10,0,6,4,0,4,201,411,6,6,10,13,20,6,1,3,1,7,16,2,2,847
orjson_3_11_5,d2584b1c3a2d0c27a2c30013aa614bfc70cbe0ab,0,382847.0,4168.0,15,5,0,0,0,0,0,0,0,0,0,0,0,0,0,0,0,1,1,0,2,7,1,1,0,0,1,0,0,0,0,0,0,0,6,2,1,1,1,1,2,1,0,0,0,1,2,0,0,9
orjson_3_11_6,d2584b1c3a2d0c27a2c30013aa614bfc70cbe0ab,0,379111.3333333333,4168.0,15,5,0,0,0,0,0,0,0,0,0,0,0,0,0,0,0,1,1,0,2,7,1,1,0,0,1,0,0,0,0,0,0,0,6,2,1,1,1,1,2,1,0,0,0,1,2,0,0,9
orjson_3_11_7,d2584b1c3a2d0c27a2c30013aa614bfc70cbe0ab,0,384999.6666666667,4168.0,15,5,0,0,0,0,0,0,0,0,0,0,0,0,0,0,0,1,1,0,2,7,1,1,0,0,1,0,0,0,0,0,0,0,6,2,1,1,1,1,2,1,0,0,0,1,2,0,0,9
orjson_3_11_8,d2584b1c3a2d0c27a2c30013aa614bfc70cbe0ab,0,394416.3333333333,4168.0,15,5,0,0,0,0,0,0,0,0,0,0,0,0,0,0,0,1,1,0,2,7,1,1,0,0,1,0,0,0,0,0,0,0,6,2,1,1,1,1,2,1,0,0,0,1,2,0,0,9
orjson_3_11_9,d2584b1c3a2d0c27a2c30013aa614bfc70cbe0ab,0,376555.3333333333,4168.0,15,5,0,0,0,0,0,0,0,0,0,0,0,0,0,0,0,1,1,0,2,7,1,1,0,0,1,0,0,0,0,0,0,0,6,2,1,1,1,1,2,1,0,0,0,1,2,0,0,9
orjson_3_12_0,d2584b1c3a2d0c27a2c30013aa614bfc70cbe0ab,0,381444.3333333333,4168.0,15,5,0,0,0,0,0,0,0,0,0,0,0,0,0,0,0,1,1,0,2,7,1,1,0,0,1,0,0,0,0,0,0,0,6,2,1,1,1,1,2,1,0,0,0,1,2,0,0,9
orjson_3_11_5,65ea7d3b67c0a92924d9cb69202f0867ccef9e8b,0,5005791.666666667,14240.0,65,36,0,0,0,0,0,0,0,0,0,0,0,0,0,0,0,0,1,1,6,216,107,56,15,22,19,51,5,1,3,1,1,1,109,221,2,2,4,4,6,2,0,0,0,3,6,3,0,437
orjson_3_11_6,65ea7d3b67c0a92924d9cb69202f0867ccef9e8b,0,4974736.333333333,14240.0,65,36,0,0,0,0,0,0,0,0,0,0,0,0,0,0,0,0,1,1,6,216,107,56,15,22,19,51,5,1,3,1,1,1,109,221,2,2,4,4,6,2,0,0,0,3,6,3,0,437
orjson_3_11_7,65ea7d3b67c0a92924d9cb69202f0867ccef9e8b,0,4981458.333333333,14240.0,65,36,0,0,0,0,0,0,0,0,0,0,0,0,0,0,0,0,1,1,6,216,107,56,15,22,19,51,5,1,3,1,1,1,109,221,2,2,4,4,6,2,0,0,0,3,6,3,0,437
orjson_3_11_8,65ea7d3b67c0a92924d9cb69202f0867ccef9e8b,0,4998958.0,14240.0,65,36,0,0,0,0,0,0,0,0,0,0,0,0,0,0,0,0,1,1,6,216,107,56,15,22,19,51,5,1,3,1,1,1,109,221,2,2,4,4,6,2,0,0,0,3,6,3,0,437
orjson_3_11_9,65ea7d3b67c0a92924d9cb69202f0867ccef9e8b,0,4801972.333333333,14240.0,65,36,0,0,0,0,0,0,0,0,0,0,0,0,0,0,0,0,1,1,6,216,107,56,15,22,19,51,5,1,3,1,1,1,109,221,2,2,4,4,6,2,0,0,0,3,6,3,0,437
orjson_3_12_0,65ea7d3b67c0a92924d9cb69202f0867ccef9e8b,0,4804847.0,14240.0,65,36,0,0,0,0,0,0,0,0,0,0,0,0,0,0,0,0,1,1,6,216,107,56,15,22,19,51,5,1,3,1,1,1,109,221,2,2,4,4,6,2,0,0,0,3,6,3,0,437
orjson_3_11_5,e725b619a3b962cb29011f64b270f088bbcd7d56,0,515389.0,4233.0,19,9,0,0,0,0,0,0,0,0,0,0,0,0,0,0,0,0,0,1,3,14,7,4,0,2,2,3,0,0,0,0,0,0,7,18,1,1,1,1,2,1,0,0,0,1,2,0,0,32
orjson_3_11_6,e725b619a3b962cb29011f64b270f088bbcd7d56,0,516944.3333333333,4233.0,19,9,0,0,0,0,0,0,0,0,0,0,0,0,0,0,0,0,0,1,3,14,7,4,0,2,2,3,0,0,0,0,0,0,7,18,1,1,1,1,2,1,0,0,0,1,2,0,0,32
orjson_3_11_7,e725b619a3b962cb29011f64b270f088bbcd7d56,0,513375.3333333333,4233.0,19,9,0,0,0,0,0,0,0,0,0,0,0,0,0,0,0,0,0,1,3,14,7,4,0,2,2,3,0,0,0,0,0,0,7,18,1,1,1,1,2,1,0,0,0,1,2,0,0,32
orjson_3_11_8,e725b619a3b962cb29011f64b270f088bbcd7d56,0,507917.0,4233.0,19,9,0,0,0,0,0,0,0,0,0,0,0,0,0,0,0,0,0,1,3,14,7,4,0,2,2,3,0,0,0,0,0,0,7,18,1,1,1,1,2,1,0,0,0,1,2,0,0,32
orjson_3_11_9,e725b619a3b962cb29011f64b270f088bbcd7d56,0,500319.6666666667,4233.0,19,9,0,0,0,0,0,0,0,0,0,0,0,0,0,0,0,0,0,1,3,14,7,4,0,2,2,3,0,0,0,0,0,0,7,18,1,1,1,1,2,1,0,0,0,1,2,0,0,32
orjson_3_12_0,e725b619a3b962cb29011f64b270f088bbcd7d56,0,501125.0,4233.0,19,9,0,0,0,0,0,0,0,0,0,0,0,0,0,0,0,0,0,1,3,14,7,4,0,2,2,3,0,0,0,0,0,0,7,18,1,1,1,1,2,1,0,0,0,1,2,0,0,32
