function_name,input_id,metric,n,mean,std,ci_lo,ci_hi
pyjsonpath_1_3_2,ca0a06c1568077fc00b7a010c82a23e0c5288a24,runtime_ns,3,916.8333333333334,0.28867513459481287,916.1162245450417,917.550442121625
pyjsonpath_2_0_0,ca0a06c1568077fc00b7a010c82a23e0c5288a24,runtime_ns,5,945.8,34.79691078242435,902.5939286327553,989.0060713672447
pyjsonpath_1_3_2,c716159d5c406345928ea7eeeebbb6254ea25649,runtime_ns,4,900.875,19.892942634679933,869.220889105521,932.529110894479
pyjsonpath_2_0_0,c716159d5c406345928ea7eeeebbb6254ea25649,runtime_ns,3,916.0,0.0,916.0,916.0
pyjsonpath_1_3_2,fa8b4d5ca3e020d3f7927ffcffbb156413948afe,runtime_ns,4,906.125,20.754015675687118,873.1007297465546,939.1492702534454
pyjsonpath_2_0_0,fa8b4d5ca3e020d3f7927ffcffbb156413948afe,runtime_ns,3,917.0,0.0,917.0,917.0
pyjsonpath_1_3_2,c2d42b15e390382704e71a7a19ebfce8ca9c2da7,runtime_ns,3,316361.0,2354.069614518653,310513.1668944887,322208.8331055113
pyjsonpath_2_0_0,c2d42b15e390382704e71a7a19ebfce8ca9c2da7,runtime_ns,3,304305.6666666667,3092.0857577585607,296624.49982785253,311986.83350548084
pyjsonpath_1_3_2,f97af1b6fd167ae24885dbd77f7e7a158394aa0f,runtime_ns,3,3236.0,24.24871130596428,3175.7628617835076,3296.2371382164924
pyjsonpath_2_0_0,f97af1b6fd167ae24885dbd77f7e7a158394aa0f,runtime_ns,3,3555.6666666666665,48.21134029803915,3435.903058098279,3675.430275235054
pyjsonpath_1_3_2,f313cf264b12687225aa8415b175de227a4c10f5,runtime_ns,3,106430.66666666667,716.9557750191663,104649.64978828437,108211.68354504897
pyjsonpath_2_0_0,f313cf264b12687225aa8415b175de227a4c10f5,runtime_ns,3,163888.83333333334,1479.0919793350695,160214.56516831965,167563.10149834704
pyjsonpath_1_3_2,e24dc67a147c4b106454a5eb746671e8258628c9,runtime_ns,3,359659.5,6260.076417265208,344108.6080934326,375210.3919065674
pyjsonpath_2_0_0,e24dc67a147c4b106454a5eb746671e8258628c9,runtime_ns,3,343097.1666666667,6165.490133260561,327781.24011520954,358413.09321812383
pyjsonpath_1_3_2,93677ea99d1c2de7617058a9cb56e4c350df9e38,runtime_ns,4,2172.25,59.680398792233284,2077.2851676828996,2267.2148323171004
pyjsonpath_2_0_0,93677ea99d1c2de7617058a9cb56e4c350df9e38,runtime_ns,3,2208.3333333333335,21.001984033260605,2156.1615127747327,2260.5051538919342
pyjsonpath_1_3_2,d77e340d824022b61ee435fd9408dadacc351caa,runtime_ns,3,1208.6666666666667,0.5773502691896257,1207.2324490900835,1210.10088424325
pyjsonpath_2_0_0,d77e340d824022b61ee435fd9408dadacc351caa,runtime_ns,0,nan,0,nan,nan
pyjsonpath_1_3_2,67cafcdaa382d971015ffda1ca6eb71fa67cc57e,runtime_ns,3,3367.8333333333335,43.0764823695405,3260.8254189896097,3474.8412476770573
pyjsonpath_2_0_0,67cafcdaa382d971015ffda1ca6eb71fa67cc57e,runtime_ns,6,5118.25,2362.790167365693,2638.6537887706436,7597.846211229356
pyjsonpath_1_3_2,f42fa1a64c62906f97cee81eeaa33aa1431453c1,runtime_ns,0,nan,0,nan,nan
pyjsonpath_2_0_0,f42fa1a64c62906f97cee81eeaa33aa1431453c1,runtime_ns,0,nan,0,nan,nan
pyjsonpath_1_3_2,2e83821c59053b0a612fcce4bf03f154209aa935,runtime_ns,3,1618.0,12.12435565298214,1587.8814308917538,1648.1185691082462
pyjsonpath_2_0_0,2e83821c59053b0a612fcce4bf03f154209aa935,runtime_ns,0,nan,0,nan,nan
pyjsonpath_1_3_2,3295eab21d1c388661f5bd121a1e622c67e40a4d,runtime_ns,3,2708.3333333333335,20.750502001959696,2656.7862287725147,2759.8804378941522
pyjsonpath_2_0_0,3295eab21d1c388661f5bd121a1e622c67e40a4d,runtime_ns,3,2076.6666666666665,12.271240089466644,2046.1832163904799,2107.150116942853
pyjsonpath_1_3_2,0c766f6f22d6ceb498cc35d03abbc1136a53f306,runtime_ns,3,6423.333333333333,31.64385143014885,6344.725648650676,6501.94101801599
pyjsonpath_2_0_0,0c766f6f22d6ceb498cc35d03abbc1136a53f306,runtime_ns,4,6656.375,199.43226711509516,6339.033759182606,6973.716240817394
pyjsonpath_1_3_2,ac7ba3336652782adb786981504a21b7e45b47cd,runtime_ns,3,4173.666666666667,11.98262631201246,4143.900172759185,4203.433160574149
pyjsonpath_2_0_0,ac7ba3336652782adb786981504a21b7e45b47cd,runtime_ns,3,4048.3333333333335,12.271240089466644,4017.849883057147,4078.81678360952
pyjsonpath_1_3_2,e9373ca2fdb4a320fb5cfde221783e51f2a03705,runtime_ns,0,nan,0,nan,nan
pyjsonpath_2_0_0,e9373ca2fdb4a320fb5cfde221783e51f2a03705,runtime_ns,0,nan,0,nan,nan
pyjsonpath_1_3_2,507f99996544423c1e94c9e303b9def361136a9b,runtime_ns,3,543270.5,4454.187327672692,532205.6852841278,554335.3147158722
pyjsonpath_2_0_0,507f99996544423c1e94c9e303b9def361136a9b,runtime_ns,3,530562.5,4220.948501225761,520077.08264874906,541047.917351251
pyjsonpath_1_3_2,f7576f73d36aac3017d3fd85af92f7e391dda971,runtime_ns,3,498395.6666666667,1494.006553979377,494684.34864432435,502106.984689009
pyjsonpath_2_0_0,f7576f73d36aac3017d3fd85af92f7e391dda971,runtime_ns,3,478646.0,2815.3898930698747,471652.1837933444,485639.8162066556
pyjsonpath_1_3_2,9c07e1a72b9b6fabe2a18e23fabc351818c593b5,runtime_ns,0,nan,0,nan,nan
pyjsonpath_2_0_0,9c07e1a72b9b6fabe2a18e23fabc351818c593b5,runtime_ns,0,nan,0,nan,nan
pyjsonpath_1_3_2,5d8233c3d0ca828262f2023057e11779884b170e,runtime_ns,3,690361.3333333334,2181.7466817514205,684941.5741237085,695781.0925429582
pyjsonpath_2_0_0,5d8233c3d0ca828262f2023057e11779884b170e,runtime_ns,3,691979.3333333334,6544.419537539852,675722.093958615,708236.5727080518
pyjsonpath_1_3_2,6d41aa82f755b38bfd0b79e2588c23bf0dd22849,runtime_ns,3,653756.6666666666,972.9221877073898,651339.793969584,656173.5393637492
pyjsonpath_2_0_0,6d41aa82f755b38bfd0b79e2588c23bf0dd22849,runtime_ns,3,650305.8333333334,7771.636319549013,631000.0184699332,669611.6481967336
pyjsonpath_1_3_2,7b402c371b953ab01a8f85b692c4f4c44d8070a3,runtime_ns,0,nan,0,nan,nan
pyjsonpath_2_0_0,7b402c371b953ab01a8f85b692c4f4c44d8070a3,runtime_ns,0,nan,0,nan,nan
pyjsonpath_1_3_2,06ba49d88704b49e1728a9cad9797e80c967d118,runtime_ns,3,118173.66666666667,400.5696984712315,117178.59637250983,119168.73696082352
pyjsonpath_2_0_0,06ba49d88704b49e1728a9cad9797e80c967d118,runtime_ns,3,117083.33333333333,703.8682997076465,115334.82754592398,118831.83912074268
pyjsonpath_1_3_2,16c75391decadcccd5773efc3a3a87fdbb5459ce,runtime_ns,4,906.0,20.672042311618206,873.106167661361,938.893832338639
pyjsonpath_2_0_0,16c75391decadcccd5773efc3a3a87fdbb5459ce,runtime_ns,4,911.625,26.25952208247515,869.8402404850555,953.4097595149445
pyjsonpath_1_3_2,d6302567cb4b563626bcd6d4d9c7b98ebd22091c,runtime_ns,0,nan,0,nan,nan
pyjsonpath_2_0_0,d6302567cb4b563626bcd6d4d9c7b98ebd22091c,runtime_ns,0,nan,0,nan,nan
pyjsonpath_1_3_2,450cb313dc183ea0179cf86808134ff05f89019e,runtime_ns,3,1817499.8333333333,16508.881869567464,1776489.4973023094,1858510.1693643571
pyjsonpath_2_0_0,450cb313dc183ea0179cf86808134ff05f89019e,runtime_ns,3,1811743.1666666667,7681.4129776580385,1792661.479009338,1830824.8543239955
pyjsonpath_1_3_2,ed269efbdb2b8f1190300ece7e6e568b3f0d4616,runtime_ns,3,1975875.1666666667,17546.048147184974,1932288.3667720575,2019461.966561276
pyjsonpath_2_0_0,ed269efbdb2b8f1190300ece7e6e568b3f0d4616,runtime_ns,3,1957069.6666666667,12976.370932712016,1924834.574271056,1989304.7590622774
pyjsonpath_1_3_2,db92eb0539174fa935ded93fce2301a46407dcd0,runtime_ns,5,1865312.4,56275.814184914285,1795436.7475569872,1935188.0524430126
pyjsonpath_2_0_0,db92eb0539174fa935ded93fce2301a46407dcd0,runtime_ns,4,1939411.5,48707.29259737875,1861907.3283165498,2016915.6716834502
pyjsonpath_1_3_2,a1972c7a86d81a4b860ac99f751d0d0ab17432b7,runtime_ns,3,441145.8333333333,2313.874258323761,435397.85102798295,446893.8156386837
pyjsonpath_2_0_0,a1972c7a86d81a4b860ac99f751d0d0ab17432b7,runtime_ns,3,427555.5,1470.8396411573901,423901.7317794636,431209.2682205364
pyjsonpath_1_3_2,f501647cbdb8eeacc1dfad588213d77706726e0a,runtime_ns,3,1043694.5,3454.239713743098,1035113.6928616652,1052275.307138335
pyjsonpath_2_0_0,f501647cbdb8eeacc1dfad588213d77706726e0a,runtime_ns,3,1026222.1666666666,2873.686497051015,1019083.5336675945,1033360.7996657387
pyjsonpath_1_3_2,f5875ce4bac4713ff92a548a98d47a1314282c10,runtime_ns,3,1158472.3333333333,3334.0797955857824,1150190.0199791337,1166754.6466875328
pyjsonpath_2_0_0,f5875ce4bac4713ff92a548a98d47a1314282c10,runtime_ns,3,1151868.0,17437.010186669042,1108552.0654151207,1195183.9345848793
pyjsonpath_1_3_2,ab1ae5c915ee0c2b1c68e68c33fbd7bcbd1cf835,runtime_ns,3,909.8333333333334,12.413030787576954,878.9976554367955,940.6690112298712
pyjsonpath_2_0_0,ab1ae5c915ee0c2b1c68e68c33fbd7bcbd1cf835,runtime_ns,3,923.8333333333334,11.835680518387328,894.4318730133787,953.2347936532881
pyjsonpath_1_3_2,2ba31937a05771c0561e5a468cd0138fd7433320,runtime_ns,3,1331271.0,4927.713237395212,1319029.8817142951,1343512.1182857049
pyjsonpath_2_0_0,2ba31937a05771c0561e5a468cd0138fd7433320,runtime_ns,3,1324541.5,11409.389105030996,1296199.0062561592,1352883.9937438408
pyjsonpath_1_3_2,0fcaa596434283623e72ea21a33f5b3c1d9043f1,runtime_ns,3,1385263.8333333333,3441.538221977686,1376714.5784496884,1393813.0882169781
pyjsonpath_2_0_0,0fcaa596434283623e72ea21a33f5b3c1d9043f1,runtime_ns,3,1374916.6666666667,17474.894293910143,1331506.622742314,1418326.7105910196
pyjsonpath_1_3_2,ed45eb6294cdd205e75e4de45b034892b46dbe2a,runtime_ns,3,2942097.0,21974.020120360317,2887510.5079402523,2996683.4920597477
pyjsonpath_2_0_0,ed45eb6294cdd205e75e4de45b034892b46dbe2a,runtime_ns,3,2925750.0,16544.5783566702,2884650.9889791873,2966849.0110208127
pyjsonpath_1_3_2,2b03af8909e23d92502b3a1414e3a4280b87c209,runtime_ns,0,nan,0,nan,nan
pyjsonpath_2_0_0,2b03af8909e23d92502b3a1414e3a4280b87c209,runtime_ns,0,nan,0,nan,nan
pyjsonpath_1_3_2,7b5f315a828a980033f720f980d4098be754efac,runtime_ns,3,923632.0,1271.0578271660183,920474.5173177215,926789.4826822785
pyjsonpath_2_0_0,7b5f315a828a980033f720f980d4098be754efac,runtime_ns,0,nan,0,nan,nan
pyjsonpath_1_3_2,a8037c03bebee96cde8d2ba1d58bf38edec40d4e,runtime_ns,3,956576.1666666666,4234.584109842823,946056.8765858273,967095.4567475059
pyjsonpath_2_0_0,a8037c03bebee96cde8d2ba1d58bf38edec40d4e,runtime_ns,3,966541.6666666666,18026.063694920565,921762.442047701,1011320.8912856323
pyjsonpath_1_3_2,1782b8ba6956b64f8b274e3e6f092672abf8972f,runtime_ns,0,nan,0,nan,nan
pyjsonpath_2_0_0,1782b8ba6956b64f8b274e3e6f092672abf8972f,runtime_ns,0,nan,0,nan,nan
pyjsonpath_1_3_2,fc9ba934cb484e49b8bf72b784eb5b223a3ff2d8,runtime_ns,3,4965.166666666667,52.617329211328595,4834.457974881223,5095.875358452111
pyjsonpath_2_0_0,fc9ba934cb484e49b8bf72b784eb5b223a3ff2d8,runtime_ns,3,4701.333333333333,11.98262631201246,4671.566839425851,4731.099827240815
pyjsonpath_1_3_2,a05e911376cfd777da151a7fdc19a97fa9dd056c,runtime_ns,3,3062.5,20.5,3011.5751769091185,3113.4248230908815
pyjsonpath_2_0_0,a05e911376cfd777da151a7fdc19a97fa9dd056c,runtime_ns,3,3236.0,63.66513959774218,3077.8470258013995,3394.1529741986005
pyjsonpath_1_3_2,c994322cb1867cddf52a15a7bf4ef70d90d584c6,runtime_ns,3,262048.66666666666,738.089143216003,260215.1515913703,263882.181741963
pyjsonpath_2_0_0,c994322cb1867cddf52a15a7bf4ef70d90d584c6,runtime_ns,3,244465.33333333334,884.7067781662653,242267.5998618494,246663.0668048173
pyjsonpath_1_3_2,7931eccc88d93d6616808e77d8cbe331cbb21481,runtime_ns,3,5742.833333333333,52.120853152393174,5613.357956448872,5872.308710217794
pyjsonpath_2_0_0,7931eccc88d93d6616808e77d8cbe331cbb21481,runtime_ns,3,5715.5,31.752952618614856,5636.621292940677,5794.378707059323
pyjsonpath_1_3_2,15da01c9065c306a1fe0a28076b222997836591d,runtime_ns,0,nan,0,nan,nan
pyjsonpath_2_0_0,15da01c9065c306a1fe0a28076b222997836591d,runtime_ns,0,nan,0,nan,nan
pyjsonpath_1_3_2,2ad5e6371d5ddd820a0a20c55b47a55a084442ad,runtime_ns,3,38048.666666666664,177.0941369253464,37608.74044260054,38488.59289073279
pyjsonpath_2_0_0,2ad5e6371d5ddd820a0a20c55b47a55a084442ad,runtime_ns,3,36270.833333333336,275.2527626261603,35587.06756543023,36954.59910123644
pyjsonpath_1_3_2,a5dc2d9239fa5beb4f013e66d54318b1b62f0f33,runtime_ns,3,940965.1666666666,2597.4535767426783,934512.7342821594,947417.5990511739
pyjsonpath_2_0_0,a5dc2d9239fa5beb4f013e66d54318b1b62f0f33,runtime_ns,3,893784.5,4532.276359623274,882525.7013749853,905043.2986250147
pyjsonpath_1_3_2,abd15898c27307c7939e7e382bda6a8917becaa4,runtime_ns,3,182187.16666666666,240.1027557803811,181590.71835633743,182783.6149769959
pyjsonpath_2_0_0,abd15898c27307c7939e7e382bda6a8917becaa4,runtime_ns,3,170097.5,2035.6026748852537,165040.7826291777,175154.2173708223
pyjsonpath_1_3_2,064b006e515869fbf96597a2960851931f96006a,runtime_ns,3,442395.8333333333,1018.1137379160215,439866.69860212505,444924.9680645416
pyjsonpath_2_0_0,064b006e515869fbf96597a2960851931f96006a,runtime_ns,0,nan,0,nan,nan
pyjsonpath_1_3_2,01b00c76c5d6f61f4d91a2bd192001d3d122bd42,runtime_ns,3,234243.16666666666,914.1657854751146,231972.25296417606,236514.08036915725
pyjsonpath_2_0_0,01b00c76c5d6f61f4d91a2bd192001d3d122bd42,runtime_ns,3,227680.5,817.9610320791572,225648.57215346996,229712.42784653004
pyjsonpath_1_3_2,61146b8dd939f3d40f5b11533d8adef8d6681437,runtime_ns,3,207055.66666666666,780.2963112390917,205117.30317357797,208994.03015975535
pyjsonpath_2_0_0,61146b8dd939f3d40f5b11533d8adef8d6681437,runtime_ns,3,203277.66666666666,3079.5119066717916,195627.7350055191,210927.59832781422
pyjsonpath_1_3_2,65f5da9f8f2c4eff49fd535fc19d3c3ab8700954,runtime_ns,3,916.3333333333334,0.5773502691896257,914.8991157567502,917.7675509099165
pyjsonpath_2_0_0,65f5da9f8f2c4eff49fd535fc19d3c3ab8700954,runtime_ns,4,926.875,20.754015675687118,893.8507297465546,959.8992702534454
pyjsonpath_1_3_2,15bb69193f6762439e2d4c6608d8f757f9a25283,runtime_ns,0,nan,0,nan,nan
pyjsonpath_2_0_0,15bb69193f6762439e2d4c6608d8f757f9a25283,runtime_ns,0,nan,0,nan,nan
pyjsonpath_1_3_2,b735c3df4a2fe9128c8f0bab774f239726ef6d21,runtime_ns,3,916.6666666666666,0.5773502691896257,915.2324490900835,918.1008842432498
pyjsonpath_2_0_0,b735c3df4a2fe9128c8f0bab774f239726ef6d21,runtime_ns,3,916.6666666666666,0.5773502691896257,915.2324490900835,918.1008842432498
pyjsonpath_1_3_2,0761aef9554d6538f841675acd5868fbc182ca99,runtime_ns,3,541819.5,985.3904048649956,539371.654534478,544267.345465522
pyjsonpath_2_0_0,0761aef9554d6538f841675acd5868fbc182ca99,runtime_ns,0,nan,0,nan,nan
pyjsonpath_1_3_2,3a97bf6fd597dc14e97b2ddcc88afc7d73fa2a6f,runtime_ns,3,231187.5,219.46924613712966,230642.30816910134,231732.69183089866
pyjsonpath_2_0_0,3a97bf6fd597dc14e97b2ddcc88afc7d73fa2a6f,runtime_ns,3,210375.0,4078.5405784422446,200243.3435401876,220506.6564598124
pyjsonpath_1_3_2,19dd218cd728e9d8d0fc695534b9949ad37a30e0,runtime_ns,4,2348.875,52.25,2265.733590274463,2432.016409725537
pyjsonpath_2_0_0,19dd218cd728e9d8d0fc695534b9949ad37a30e0,runtime_ns,3,3375.1666666666665,20.750502001959696,3323.6195621058478,3426.7137712274853
pyjsonpath_1_3_2,899ea8718fb09ed600474297cac61aebce8571c1,runtime_ns,3,3437.8333333333335,36.08439182435161,3348.194734796886,3527.4719318697807
pyjsonpath_2_0_0,899ea8718fb09ed600474297cac61aebce8571c1,runtime_ns,3,3513.8333333333335,23.96003617136947,3454.3133039051327,3573.3533627615343
pyjsonpath_1_3_2,43514377274db2d316db09a666c00bd8deb19ac7,runtime_ns,3,5333.5,35.940923749953896,5244.217795917596,5422.782204082404
pyjsonpath_2_0_0,43514377274db2d316db09a666c00bd8deb19ac7,runtime_ns,3,5402.666666666667,47.92007234273894,5283.626607810265,5521.706725523069
pyjsonpath_1_3_2,7298efe8cd546b3df7e87bca578e1ecda7fd545b,runtime_ns,3,20097.166666666668,146.26545502384812,19733.823133915605,20460.51019941773
pyjsonpath_2_0_0,7298efe8cd546b3df7e87bca578e1ecda7fd545b,runtime_ns,3,19499.833333333332,236.51127527738151,18912.306755162626,20087.359911504038
pyjsonpath_1_3_2,eb6f0248e3a6a3eeccc1f3af235a00c936f8bfe0,runtime_ns,3,2159.6666666666665,12.271240089466644,2129.18321639048,2190.150116942853
pyjsonpath_2_0_0,eb6f0248e3a6a3eeccc1f3af235a00c936f8bfe0,runtime_ns,3,3770.8333333333335,20.750502001959696,3719.2862287725147,3822.3804378941522
pyjsonpath_1_3_2,3affb9e35647e17635c9463d935a9a377c64e293,runtime_ns,3,3979.1666666666665,21.001984033260605,3926.9948461080658,4031.3384872252673
pyjsonpath_2_0_0,3affb9e35647e17635c9463d935a9a377c64e293,runtime_ns,3,4729.333333333333,75.09383019485244,4542.789917826524,4915.876748840142
pyjsonpath_1_3_2,a51db0655f51282f4ba01fc2063a4791c4ccc127,runtime_ns,3,48944.333333333336,84.1491730995221,48735.29519902421,49153.371467642464
pyjsonpath_2_0_0,a51db0655f51282f4ba01fc2063a4791c4ccc127,runtime_ns,3,181298.5,779.9780445627941,179360.92712516428,183236.07287483572
pyjsonpath_1_3_2,f981e78225e235b12356e8b214bf1a58407baea4,runtime_ns,3,306034.6666666667,179.52808508234398,305588.69418019534,306480.63915313804
pyjsonpath_2_0_0,f981e78225e235b12356e8b214bf1a58407baea4,runtime_ns,3,335402.8333333333,2933.4335825672506,328115.78034596314,342689.8863207035
pyjsonpath_1_3_2,36adf70a5a9a763c71502f80cbfbf9c89db3a2c6,runtime_ns,3,2402.8333333333335,24.105670149019574,2342.95152904914,2462.715137617527
pyjsonpath_2_0_0,36adf70a5a9a763c71502f80cbfbf9c89db3a2c6,runtime_ns,3,123604.16666666667,520.4164998665332,122311.38041353111,124896.95291980224
pyjsonpath_1_3_2,29f37655325ce44f940a710aededc3bd6699693e,runtime_ns,3,4597.333333333333,63.72074492136241,4439.042227853353,4755.624438813313
pyjsonpath_2_0_0,29f37655325ce44f940a710aededc3bd6699693e,runtime_ns,3,34326.5,114.79655918188489,34041.3295381571,34611.6704618429
pyjsonpath_1_3_2,ab424f65a1506030b5e7d424f4a56bca704abea1,runtime_ns,3,15236.166666666666,118.16549129645817,14942.627313509629,15529.706019823703
pyjsonpath_2_0_0,ab424f65a1506030b5e7d424f4a56bca704abea1,runtime_ns,3,15972.0,59.75575286112627,15823.558480823644,16120.441519176356
pyjsonpath_1_3_2,accba8b9f30dba5a9b45ec8f3e7be0cb07f8e4e6,runtime_ns,3,1750.0,0.0,1750.0,1750.0
pyjsonpath_2_0_0,accba8b9f30dba5a9b45ec8f3e7be0cb07f8e4e6,runtime_ns,3,1784.8333333333333,12.413030787576954,1753.9976554367954,1815.669011229871
pyjsonpath_1_3_2,fd691a196c3fdc11acad3d045a660ffeb168c0b0,runtime_ns,3,6847.333333333333,47.92007234273894,6728.293274476931,6966.373392189735
pyjsonpath_2_0_0,fd691a196c3fdc11acad3d045a660ffeb168c0b0,runtime_ns,3,8361.166666666666,118.29764720117359,8067.299020042895,8655.034313290438
pyjsonpath_1_3_2,8480c4eeddb234af1d3c42f79616a79a79170f0f,runtime_ns,0,nan,0,nan,nan
pyjsonpath_2_0_0,8480c4eeddb234af1d3c42f79616a79a79170f0f,runtime_ns,0,nan,0,nan,nan
pyjsonpath_1_3_2,3c08722e448924ced8638cbbfc486ead4cbcbec1,runtime_ns,3,86409.66666666667,263.92060043379206,85754.0515502213,87065.28178311205
pyjsonpath_2_0_0,3c08722e448924ced8638cbbfc486ead4cbcbec1,runtime_ns,3,109041.5,376.46945427218924,108106.29803132039,109976.70196867961
pyjsonpath_1_3_2,a0660ba9a475a6830eea63db0fd113fa108b3f2f,runtime_ns,3,4416.666666666667,41.50100400391939,4313.5724575450295,4519.7608757883045
pyjsonpath_2_0_0,a0660ba9a475a6830eea63db0fd113fa108b3f2f,runtime_ns,3,5555.666666666667,52.58405968859131,5425.040620957307,5686.292712376027
pyjsonpath_1_3_2,f1daa8f588da703ec7ba0411b079c1afd32d1a10,runtime_ns,3,2729.1666666666665,21.001984033260605,2676.9948461080658,2781.3384872252673
pyjsonpath_2_0_0,f1daa8f588da703ec7ba0411b079c1afd32d1a10,runtime_ns,3,2361.1666666666665,23.96003617136947,2301.6466372384657,2420.6866960948673
pyjsonpath_1_3_2,faad9930b34a2b118daf0dadce0f8ba528ebfb92,runtime_ns,3,3340.5,31.752952618614856,3261.6212929406774,3419.3787070593226
pyjsonpath_2_0_0,faad9930b34a2b118daf0dadce0f8ba528ebfb92,runtime_ns,3,3645.6666666666665,20.750502001959696,3594.1195621058478,3697.2137712274853
pyjsonpath_1_3_2,d6a4515b15453175fb0dfb00a8062391c0f4acad,runtime_ns,3,1208.5,0.5,1207.2579311441248,1209.7420688558752
pyjsonpath_2_0_0,d6a4515b15453175fb0dfb00a8062391c0f4acad,runtime_ns,4,3958.375,75.95105331725163,3837.5199254940535,4079.2300745059465
pyjsonpath_1_3_2,6f28e252b67a4a45eae4b1bb52332fb803e4c4a1,runtime_ns,3,916.5,0.5,915.2579311441249,917.7420688558751
pyjsonpath_2_0_0,6f28e252b67a4a45eae4b1bb52332fb803e4c4a1,runtime_ns,3,916.8333333333334,0.28867513459481287,916.1162245450417,917.550442121625
pyjsonpath_1_3_2,1eccfe0ba193b3dda868878f40b43b6f31fd3c9b,runtime_ns,3,2666.5,36.373066958946424,2576.144292675261,2756.855707324739
pyjsonpath_2_0_0,1eccfe0ba193b3dda868878f40b43b6f31fd3c9b,runtime_ns,3,6756.666666666667,59.900612128202276,6607.865297122071,6905.468036211263
pyjsonpath_1_3_2,86212d81d37a7069afbf61359d81fc5380b49808,runtime_ns,3,7222.333333333333,23.96003617136947,7162.813303905132,7281.853362761534
pyjsonpath_2_0_0,86212d81d37a7069afbf61359d81fc5380b49808,runtime_ns,3,8382.333333333334,63.61079572944622,8224.31535678737,8540.351309879297
pyjsonpath_1_3_2,864caeb8d65198d1372d92e428467b1bbd609e57,runtime_ns,4,890.625,20.063960227233306,858.698761952741,922.551238047259
pyjsonpath_2_0_0,864caeb8d65198d1372d92e428467b1bbd609e57,runtime_ns,3,909.1666666666666,11.835680518387328,879.7652063467119,938.5681269866213
pyjsonpath_1_3_2,f7a662b5cc153fe4ca86223c8aecc276463f3f8d,runtime_ns,3,13208.166666666666,55.09159040482797,13071.31156934173,13345.021763991603
pyjsonpath_2_0_0,f7a662b5cc153fe4ca86223c8aecc276463f3f8d,runtime_ns,3,22972.333333333332,387.26874820121145,22010.30443134436,23934.362235322304
pyjsonpath_1_3_2,3dee4c55f433f1a3129c1e0e9cd787ad1f788345,runtime_ns,3,25291.5,74.74623736349542,25105.8200529539,25477.1799470461
pyjsonpath_2_0_0,3dee4c55f433f1a3129c1e0e9cd787ad1f788345,runtime_ns,3,47430.666666666664,167.20072766986792,47015.31703362985,47846.01629970348
pyjsonpath_1_3_2,ea43fae24eb04f30425fe0405b654873ddb38917,runtime_ns,3,16048.5,229.59311836376978,15478.159076314203,16618.8409236858
pyjsonpath_2_0_0,ea43fae24eb04f30425fe0405b654873ddb38917,runtime_ns,3,37770.833333333336,62.750166002436465,37614.95327954809,37926.71338711858
pyjsonpath_1_3_2,e262f11861d4f106e16e90b305dd294cff38e52e,runtime_ns,3,56076.5,189.22671587278577,55606.43477902975,56546.56522097025
pyjsonpath_2_0_0,e262f11861d4f106e16e90b305dd294cff38e52e,runtime_ns,3,56138.833333333336,656.0492232548814,54509.11671708137,57768.5499495853
pyjsonpath_1_3_2,a636478d900228118d71887b6c4ef9baf509ec1d,runtime_ns,3,50874.833333333336,779.2179305774049,48939.14868631395,52810.51798035272
pyjsonpath_2_0_0,a636478d900228118d71887b6c4ef9baf509ec1d,runtime_ns,3,51395.666666666664,170.64021604924594,50971.77287083751,51819.56046249582
pyjsonpath_1_3_2,abef48caeb293f8f3f0e3bf1ff9a02ab69dd9f21,runtime_ns,4,906.5,21.0,873.0843137945211,939.9156862054789
pyjsonpath_2_0_0,abef48caeb293f8f3f0e3bf1ff9a02ab69dd9f21,runtime_ns,3,916.8333333333334,0.28867513459481287,916.1162245450417,917.550442121625
pyjsonpath_1_3_2,3f5aeb1f9f622716149ee8e96bf639b1f30e8af8,runtime_ns,3,3916.6666666666665,41.50100400391939,3813.572457545029,4019.760875788304
pyjsonpath_2_0_0,3f5aeb1f9f622716149ee8e96bf639b1f30e8af8,runtime_ns,3,3909.8333333333335,60.33310313031589,3759.957596580394,4059.709070086273
pyjsonpath_1_3_2,f207fa7915ca8ccb62a48fa91d6318a529c55314,runtime_ns,3,37361.166666666664,86.51059665343509,37146.262431053845,37576.07090227948
pyjsonpath_2_0_0,f207fa7915ca8ccb62a48fa91d6318a529c55314,runtime_ns,3,37430.666666666664,133.97418905644972,37097.85633123037,37763.47700210296
pyjsonpath_1_3_2,a16ec52057f99e7f245a9705536e9e15b392fe85,runtime_ns,3,43097.333333333336,655.3766728632728,41469.28742487222,44725.37924179445
pyjsonpath_2_0_0,a16ec52057f99e7f245a9705536e9e15b392fe85,runtime_ns,3,44048.5,265.3832134857064,43389.251551314665,44707.748448685335
pyjsonpath_1_3_2,4b2bb9231fe1ca2f9471a18118832e97745005ed,runtime_ns,3,23826.5,104.70434565957613,23566.399986362903,24086.600013637097
pyjsonpath_2_0_0,4b2bb9231fe1ca2f9471a18118832e97745005ed,runtime_ns,4,23911.125,648.3345811898873,22879.48000375229,24942.76999624771
pyjsonpath_1_3_2,e4101579cca01759a110d72ddc1e7ef86184ca46,runtime_ns,3,8930.666666666666,23.671361036774655,8871.863746026756,8989.469587306576
pyjsonpath_2_0_0,e4101579cca01759a110d72ddc1e7ef86184ca46,runtime_ns,3,8847.333333333334,23.96525262402492,8787.80034551837,8906.866321148298
pyjsonpath_1_3_2,5babed74968ba5e8395f3002299f50edd3b07d0f,runtime_ns,3,34569.333333333336,166.9201405862496,34154.68071725237,34983.9859494143
pyjsonpath_2_0_0,5babed74968ba5e8395f3002299f50edd3b07d0f,runtime_ns,3,34555.666666666664,228.4788465773874,33988.09374754656,35123.23958578677
pyjsonpath_1_3_2,9be635e8d0c3b58a1f7860713dbacf1e0352dab3,runtime_ns,3,14159.833333333334,52.617329211328595,14029.12464154789,14290.542025118777
pyjsonpath_2_0_0,9be635e8d0c3b58a1f7860713dbacf1e0352dab3,runtime_ns,4,13979.375,329.05252240333914,13455.779007916604,14502.970992083396
pyjsonpath_1_3_2,f7993c368985f027c9c0e06d42cd6c570a0b32a0,runtime_ns,3,18291.333333333332,95.47032697824666,18054.171893733535,18528.49477293313
pyjsonpath_2_0_0,f7993c368985f027c9c0e06d42cd6c570a0b32a0,runtime_ns,3,18298.5,43.23482392701513,18191.098743422015,18405.901256577985
pyjsonpath_1_3_2,42293bd2e7b49cd8005e9e8e9fe7d7a4c7feba9a,runtime_ns,3,15937.333333333334,90.7914276423349,15711.79492402336,16162.871742643309
pyjsonpath_2_0_0,42293bd2e7b49cd8005e9e8e9fe7d7a4c7feba9a,runtime_ns,3,15972.5,96.12881982007269,15733.702773498904,16211.297226501096
pyjsonpath_1_3_2,e65f3636b1eb56c8cda8a161a6220f97f63393da,runtime_ns,3,10187.5,20.5,10136.575176909118,10238.424823090882
pyjsonpath_2_0_0,e65f3636b1eb56c8cda8a161a6220f97f63393da,runtime_ns,4,10172.0,205.954282952957,9844.280776579504,10499.719223420496
pyjsonpath_1_3_2,bd5c1f7d115186a78c84121054d950b0c49ff2ca,runtime_ns,3,10027.666666666666,86.86963412685317,9811.870532526196,10243.462800807136
pyjsonpath_2_0_0,bd5c1f7d115186a78c84121054d950b0c49ff2ca,runtime_ns,3,9791.833333333334,72.60222677944068,9611.479403833475,9972.187262833193
pyjsonpath_1_3_2,bb0437615cdee580654f9079c559d80fa70bd3a7,runtime_ns,3,10242.833333333334,31.860372460681205,10163.687780593344,10321.978886073324
pyjsonpath_2_0_0,bb0437615cdee580654f9079c559d80fa70bd3a7,runtime_ns,3,10117.833333333334,31.860372460681205,10038.687780593344,10196.978886073324
pyjsonpath_1_3_2,0eb64ad6e87f47e1e071aa8e55854596c26a042c,runtime_ns,3,235854.33333333334,4419.2445432826335,224876.3213059181,246832.3453607486
pyjsonpath_2_0_0,0eb64ad6e87f47e1e071aa8e55854596c26a042c,runtime_ns,3,220034.83333333334,1124.6023000747123,217241.1663489966,222828.50031767008
pyjsonpath_1_3_2,475f554d5bd72d4fff194dc53a31d787256a55ec,runtime_ns,3,1222.3333333333333,23.96525262402492,1162.8003455183693,1281.8663211482972
pyjsonpath_2_0_0,475f554d5bd72d4fff194dc53a31d787256a55ec,runtime_ns,3,1319.6666666666667,23.96525262402492,1260.1336788517028,1379.1996544816307
pyjsonpath_1_3_2,0c4fa10bc51c5851756a335c5d649f03941ed625,runtime_ns,4,906.0,20.672042311618206,873.106167661361,938.893832338639
pyjsonpath_2_0_0,0c4fa10bc51c5851756a335c5d649f03941ed625,runtime_ns,3,917.0,0.0,917.0,917.0
pyjsonpath_1_3_2,9abcec36132642103da0050595834679b1b62e19,runtime_ns,3,2347.0,24.24871130596428,2286.7628617835076,2407.2371382164924
pyjsonpath_2_0_0,9abcec36132642103da0050595834679b1b62e19,runtime_ns,3,2187.5,20.5,2136.5751769091185,2238.4248230908815
pyjsonpath_1_3_2,c00afb2c716cc09b3de1e7365f60b8ac440f6f1c,runtime_ns,0,nan,0,nan,nan
pyjsonpath_2_0_0,c00afb2c716cc09b3de1e7365f60b8ac440f6f1c,runtime_ns,0,nan,0,nan,nan
pyjsonpath_1_3_2,129e2bcffdc51bf6ec9be13fd394abbf675eb83a,runtime_ns,3,4722.166666666667,24.105670149019574,4662.284862382473,4782.048470950861
pyjsonpath_2_0_0,129e2bcffdc51bf6ec9be13fd394abbf675eb83a,runtime_ns,3,4465.166666666667,60.33310313031589,4315.290929913727,4615.042403419607
pyjsonpath_1_3_2,c1cd80e33810d801e5bbf6107d412b95a7ce4f54,runtime_ns,3,3951.5,24.24871130596428,3891.2628617835076,4011.7371382164924
pyjsonpath_2_0_0,c1cd80e33810d801e5bbf6107d412b95a7ce4f54,runtime_ns,3,3694.5,31.58718094417417,3616.0330926086954,3772.9669073913046
pyjsonpath_1_3_2,eebb92fedf05d289966423361f0dcceaf795194c,runtime_ns,3,2069.6666666666665,23.96525262402492,2010.1336788517026,2129.19965448163
pyjsonpath_2_0_0,eebb92fedf05d289966423361f0dcceaf795194c,runtime_ns,3,1972.5,23.817010727629107,1913.3352654703344,2031.6647345296656
pyjsonpath_1_3_2,170b8c965cca5010ac7c1d55666a2aad47d2d156,runtime_ns,0,nan,0,nan,nan
pyjsonpath_2_0_0,170b8c965cca5010ac7c1d55666a2aad47d2d156,runtime_ns,0,nan,0,nan,nan
pyjsonpath_1_3_2,4e896c712bf4816162e9ca419c4bc18a9b153bf9,runtime_ns,0,nan,0,nan,nan
pyjsonpath_2_0_0,4e896c712bf4816162e9ca419c4bc18a9b153bf9,runtime_ns,0,nan,0,nan,nan
pyjsonpath_1_3_2,9aa2d7ccdcea014e6ae05b074ea3289dc3ab783a,runtime_ns,4,2213.125,43.07043649651116,2144.590324252361,2281.659675747639
pyjsonpath_2_0_0,9aa2d7ccdcea014e6ae05b074ea3289dc3ab783a,runtime_ns,4,2145.75,41.5,2079.714239165363,2211.785760834637
pyjsonpath_1_3_2,494bd6cc20edae4b3e1a7635aa009a77223ec297,runtime_ns,3,1847.5,23.817010727629107,1788.3352654703344,1906.6647345296656
pyjsonpath_2_0_0,494bd6cc20edae4b3e1a7635aa009a77223ec297,runtime_ns,3,1819.3333333333333,11.835680518387328,1789.9318730133787,1848.7347936532879
pyjsonpath_1_3_2,03dbd53c28820abc8599d1dccfdb79d47bb1804a,runtime_ns,3,1812.5,20.5,1761.5751769091182,1863.4248230908818
pyjsonpath_2_0_0,03dbd53c28820abc8599d1dccfdb79d47bb1804a,runtime_ns,3,1757.0,12.12435565298214,1726.8814308917538,1787.1185691082462
pyjsonpath_1_3_2,ab550e46cfd7c45f1ba2ac3e6d2d5da6882aa4c5,runtime_ns,0,nan,0,nan,nan
pyjsonpath_2_0_0,ab550e46cfd7c45f1ba2ac3e6d2d5da6882aa4c5,runtime_ns,0,nan,0,nan,nan
pyjsonpath_1_3_2,9f1acadacaf5ca830ac7d102b94fa5878f62d1b4,runtime_ns,0,nan,0,nan,nan
pyjsonpath_2_0_0,9f1acadacaf5ca830ac7d102b94fa5878f62d1b4,runtime_ns,0,nan,0,nan,nan
pyjsonpath_1_3_2,4a8d8a4b98a561c2613a7eee490e42e2737961be,runtime_ns,3,1652.6666666666667,23.96525262402492,1593.1336788517028,1712.1996544816307
pyjsonpath_2_0_0,4a8d8a4b98a561c2613a7eee490e42e2737961be,runtime_ns,3,1555.3333333333333,23.96525262402492,1495.8003455183693,1614.8663211482972
pyjsonpath_1_3_2,b128df45ee2c4a778f021d6d5791f88d1c6da2dc,runtime_ns,3,278347.1666666667,571.3845756872803,276927.76869428944,279766.56463904394
pyjsonpath_2_0_0,b128df45ee2c4a778f021d6d5791f88d1c6da2dc,runtime_ns,0,nan,0,nan,nan
pyjsonpath_1_3_2,ee0b1776867af909ea1101883baf3003cb1fa4fe,runtime_ns,3,1937.8333333333333,36.661742093541235,1846.760517220303,2028.9061494463635
pyjsonpath_2_0_0,ee0b1776867af909ea1101883baf3003cb1fa4fe,runtime_ns,4,1849.125,45.87006104203481,1776.1354968568191,1922.1145031431809
pyjsonpath_1_3_2,ea7cf46b9f4f1eccae666e30a385ee772325f55c,runtime_ns,3,2076.8333333333335,31.860372460681205,1997.6877805933436,2155.9788860733233
pyjsonpath_2_0_0,ea7cf46b9f4f1eccae666e30a385ee772325f55c,runtime_ns,4,1932.375,46.208539975492265,1858.84690134122,2005.90309865878
pyjsonpath_1_3_2,5bfa817d8cdb78750fd3d78c1890e215b68ce930,runtime_ns,3,1611.1666666666667,23.96003617136947,1551.646637238466,1670.6866960948676
pyjsonpath_2_0_0,5bfa817d8cdb78750fd3d78c1890e215b68ce930,runtime_ns,3,1500.0,0.0,1500.0,1500.0
pyjsonpath_1_3_2,67a2ade2c960a8e332727ff717428934b68c9a98,runtime_ns,3,1875.0,0.0,1875.0,1875.0
pyjsonpath_2_0_0,67a2ade2c960a8e332727ff717428934b68c9a98,runtime_ns,3,1819.6666666666667,23.96525262402492,1760.1336788517028,1879.1996544816307
pyjsonpath_1_3_2,e9bb5c80767d306b3e054caba9994ffcea1c4ecb,runtime_ns,3,2541.6666666666665,41.50100400391939,2438.572457545029,2644.760875788304
pyjsonpath_2_0_0,e9bb5c80767d306b3e054caba9994ffcea1c4ecb,runtime_ns,3,2416.6666666666665,41.50100400391939,2313.572457545029,2519.760875788304
pyjsonpath_1_3_2,dcf85e2ffbced455b99152b4d21b97d48489f891,runtime_ns,3,6458.333333333333,42.00396806652121,6353.9896922161315,6562.6769744505345
pyjsonpath_2_0_0,dcf85e2ffbced455b99152b4d21b97d48489f891,runtime_ns,3,5819.666666666667,86.86963412685317,5603.870532526197,6035.462800807137
pyjsonpath_1_3_2,b602f0ce2c7f77696b2aebd58076384f96bb5da6,runtime_ns,0,nan,0,nan,nan
pyjsonpath_2_0_0,b602f0ce2c7f77696b2aebd58076384f96bb5da6,runtime_ns,0,nan,0,nan,nan
pyjsonpath_1_3_2,0574e14da8cd8dcd7e4b9ea53025166751d0588e,runtime_ns,0,nan,0,nan,nan
pyjsonpath_2_0_0,0574e14da8cd8dcd7e4b9ea53025166751d0588e,runtime_ns,0,nan,0,nan,nan
pyjsonpath_1_3_2,f6d7400d3fbad52a06b875789b56c9b9012ef237,runtime_ns,3,3166.5,41.5,3063.4082849623614,3269.5917150376386
pyjsonpath_2_0_0,f6d7400d3fbad52a06b875789b56c9b9012ef237,runtime_ns,3,2694.3333333333335,23.671361036774655,2635.5304126934243,2753.1362539732427
pyjsonpath_1_3_2,a7417b10b1755466629ec076d10610828c8c43a8,runtime_ns,3,8479.166666666666,104.00040064025394,8220.815349399069,8737.517983934264
pyjsonpath_2_0_0,a7417b10b1755466629ec076d10610828c8c43a8,runtime_ns,3,7791.666666666667,83.50049900050499,7584.239928149542,7999.093405183792
pyjsonpath_1_3_2,745bb17df2c3e1f521944fe341faa95457c3c471,runtime_ns,3,1430.6666666666667,23.671361036774655,1371.8637460267573,1489.4695873065762
pyjsonpath_2_0_0,745bb17df2c3e1f521944fe341faa95457c3c471,runtime_ns,3,1403.0,24.24871130596428,1342.7628617835076,1463.2371382164924
pyjsonpath_1_3_2,c89e74214aea398ab75ca654c3b9250a6106e5d1,runtime_ns,3,3819.1666666666665,24.39432994229055,3758.567791704142,3879.765541629191
pyjsonpath_2_0_0,c89e74214aea398ab75ca654c3b9250a6106e5d1,runtime_ns,3,3430.6666666666665,23.671361036774655,3371.8637460267573,3489.4695873065757
pyjsonpath_1_3_2,7172cc00c2b9efeb763856d170d8b2ce1938467b,runtime_ns,3,2027.3333333333333,11.835680518387328,1997.9318730133787,2056.734793653288
pyjsonpath_2_0_0,7172cc00c2b9efeb763856d170d8b2ce1938467b,runtime_ns,3,1937.5,20.5,1886.5751769091182,1988.4248230908818
pyjsonpath_1_3_2,2111efe4a12fe5f80efcec0e7ba1a135434cb5fb,runtime_ns,0,nan,0,nan,nan
pyjsonpath_2_0_0,2111efe4a12fe5f80efcec0e7ba1a135434cb5fb,runtime_ns,0,nan,0,nan,nan
pyjsonpath_1_3_2,1f8ef63510599e011e52e8f005dc083040625ac8,runtime_ns,3,145090.33333333334,1949.409932090563,140247.73060536652,149932.93606130016
pyjsonpath_2_0_0,1f8ef63510599e011e52e8f005dc083040625ac8,runtime_ns,4,141177.125,3793.77719375207,135140.37889333707,147213.87110666293
pyjsonpath_1_3_2,c7409c20aef43c50d60f9ff5912627310a3949fb,runtime_ns,3,4749.666666666667,41.50100400391939,4646.5724575450295,4852.7608757883045
pyjsonpath_2_0_0,c7409c20aef43c50d60f9ff5912627310a3949fb,runtime_ns,3,3701.3333333333335,31.533051443419385,3623.000891076172,3779.665775590495
pyjsonpath_1_3_2,c217832a5170c2c0e70514d2eaa5d9c5d5c88f28,runtime_ns,3,309875.1666666667,1643.3209008995575,305792.93124423455,313957.4020890988
pyjsonpath_2_0_0,c217832a5170c2c0e70514d2eaa5d9c5d5c88f28,runtime_ns,4,285859.375,4883.993812700831,278087.85096787085,293630.89903212915
pyjsonpath_1_3_2,210bc991744c4897ff3d0ab7ac40c5b8faa7760b,runtime_ns,0,nan,0,nan,nan
pyjsonpath_2_0_0,210bc991744c4897ff3d0ab7ac40c5b8faa7760b,runtime_ns,0,nan,0,nan,nan
pyjsonpath_1_3_2,6c2f2459aeab70b9184192e9a1b2323259824145,runtime_ns,3,142576.5,397.72069345207575,141588.5070266522,143564.4929733478
pyjsonpath_2_0_0,6c2f2459aeab70b9184192e9a1b2323259824145,runtime_ns,3,132069.5,469.03917746815137,130904.34209096301,133234.657909037
pyjsonpath_1_3_2,70c124d7c1c1af677bd5c37c84f1f41b6e48555d,runtime_ns,3,54736.166666666664,303.92323592205537,53981.179494835495,55491.153838497834
pyjsonpath_2_0_0,70c124d7c1c1af677bd5c37c84f1f41b6e48555d,runtime_ns,3,49895.833333333336,162.86292805096355,49491.25939191585,50300.40727475082
pyjsonpath_1_3_2,1b2410b6d31fce72aed1488b5fd93eaf340072ef,runtime_ns,3,22263.833333333332,147.7771407672152,21896.734565018854,22630.93210164781
pyjsonpath_2_0_0,1b2410b6d31fce72aed1488b5fd93eaf340072ef,runtime_ns,3,20152.666666666668,260.5639716717055,19505.38987831354,20799.943455019795
pyjsonpath_1_3_2,7bbb87af3aba4771ac2326d748b49c28eaa30a3d,runtime_ns,3,33069.5,52.35217282978807,32939.44999318145,33199.55000681855
pyjsonpath_2_0_0,7bbb87af3aba4771ac2326d748b49c28eaa30a3d,runtime_ns,3,28520.666666666668,342.9702368039147,27668.681367414123,29372.651965919213
pyjsonpath_1_3_2,6350c51c1860dbd3c9e79e7176f18b9f2104ac2d,runtime_ns,3,30347.0,114.66036804406308,30062.16785569857,30631.83214430143
pyjsonpath_2_0_0,6350c51c1860dbd3c9e79e7176f18b9f2104ac2d,runtime_ns,3,26486.333333333332,102.84737883550234,26230.84628101339,26741.820385653275
pyjsonpath_1_3_2,781b6f36615c699a67842e18331f366fe5652060,runtime_ns,3,42423.833333333336,485.1990141512381,41218.532164576165,43629.13450209051
pyjsonpath_2_0_0,781b6f36615c699a67842e18331f366fe5652060,runtime_ns,3,40486.0,134.15569313301617,40152.73878344227,40819.26121655773
pyjsonpath_1_3_2,ef3f3b6da99a536580ae6745236f09fb72f21f80,runtime_ns,3,47291.5,250.0,46670.465572062414,47912.534427937586
pyjsonpath_2_0_0,ef3f3b6da99a536580ae6745236f09fb72f21f80,runtime_ns,3,43069.5,609.7595837705218,41554.77322285446,44584.22677714554
pyjsonpath_1_3_2,1b84197284638d9c6b2fb2883eae3a4d4cfd15cd,runtime_ns,3,34479.0,136.90598964252806,34138.9066681645,34819.0933318355
pyjsonpath_2_0_0,1b84197284638d9c6b2fb2883eae3a4d4cfd15cd,runtime_ns,3,31201.666666666668,359.05617016468796,30309.72169372392,32093.611639609415
pyjsonpath_1_3_2,8f78d978b78b86a0106a02b59babd91551aee6e2,runtime_ns,3,31305.666666666668,527.5642930803158,29995.124310852952,32616.209022480383
pyjsonpath_2_0_0,8f78d978b78b86a0106a02b59babd91551aee6e2,runtime_ns,3,28617.833333333332,176.85893625523516,28178.491380121653,29057.17528654501
pyjsonpath_1_3_2,db7360d675419223d35e31546b9bcec1c97e821e,runtime_ns,0,nan,0,nan,nan
pyjsonpath_2_0_0,db7360d675419223d35e31546b9bcec1c97e821e,runtime_ns,0,nan,0,nan,nan
pyjsonpath_1_3_2,404e5c23c32d57e5039d3306a1372bbc21396816,runtime_ns,3,206145.83333333334,3518.2204426859516,197406.08925340621,214885.57741326047
pyjsonpath_2_0_0,404e5c23c32d57e5039d3306a1372bbc21396816,runtime_ns,3,197590.5,570.1620383715492,196174.1389786728,199006.8610213272
pyjsonpath_1_3_2,c0595070c90b420117334e51e82c3ec61a1ebe4f,runtime_ns,0,nan,0,nan,nan
pyjsonpath_2_0_0,c0595070c90b420117334e51e82c3ec61a1ebe4f,runtime_ns,0,nan,0,nan,nan
pyjsonpath_1_3_2,0c349f303355773edc06d7cb4c9f11e74609191d,runtime_ns,0,nan,0,nan,nan
pyjsonpath_2_0_0,0c349f303355773edc06d7cb4c9f11e74609191d,runtime_ns,0,nan,0,nan,nan
pyjsonpath_1_3_2,6c5d9c94307d8b6a8f49fd677d7275cbf58dd2cf,runtime_ns,3,159652.83333333334,349.0334272434853,158785.78623405634,160519.88043261034
pyjsonpath_2_0_0,6c5d9c94307d8b6a8f49fd677d7275cbf58dd2cf,runtime_ns,3,157020.66666666666,1262.4588442136771,153884.54504222271,160156.7882911106
pyjsonpath_1_3_2,8911c6aa28412b14980b4dfb3c6952bca85896c1,runtime_ns,3,21923.666666666668,210.5494795370754,21400.632764359216,22446.70056897412
pyjsonpath_2_0_0,8911c6aa28412b14980b4dfb3c6952bca85896c1,runtime_ns,3,19083.333333333332,41.50100400391939,18980.239124211694,19186.42754245497
pyjsonpath_1_3_2,6c8eb98b6287344b13b3ce70fc70f7c34ef1d41f,runtime_ns,3,20514.0,174.8048912359148,20079.760577482448,20948.239422517552
pyjsonpath_2_0_0,6c8eb98b6287344b13b3ce70fc70f7c34ef1d41f,runtime_ns,4,17484.625,462.61239625270167,16748.505444383572,18220.744555616428
pyjsonpath_1_3_2,eca8cbbf6805fe2a206dcccbea49300516956544,runtime_ns,3,8312.5,35.940923749953896,8223.217795917597,8401.782204082403
pyjsonpath_2_0_0,eca8cbbf6805fe2a206dcccbea49300516956544,runtime_ns,3,7229.166666666667,136.48656832572695,6890.11523514134,7568.218098191994
pyjsonpath_1_3_2,5f55526f9c3a59fe1cfa4af620f86b1b94ffdfe7,runtime_ns,3,77006.83333333333,430.6786311547548,75936.9683040368,78076.69836262986
pyjsonpath_2_0_0,5f55526f9c3a59fe1cfa4af620f86b1b94ffdfe7,runtime_ns,3,71389.16666666667,264.01909653154513,70733.30687235041,72045.02646098293
pyjsonpath_1_3_2,0734f0d0b92f5be67b3f2d0192ac23c28eaa7a15,runtime_ns,3,29729.166666666668,136.48656832572695,29390.11523514134,30068.218098191996
pyjsonpath_2_0_0,0734f0d0b92f5be67b3f2d0192ac23c28eaa7a15,runtime_ns,3,26958.333333333332,150.18516349271434,26585.252704955692,27331.413961710972
pyjsonpath_1_3_2,49b4d004a166085b57b5b96f123d38d0dd863159,runtime_ns,3,27812.333333333332,217.35474076571998,27272.394224969492,28352.272441697172
pyjsonpath_2_0_0,49b4d004a166085b57b5b96f123d38d0dd863159,runtime_ns,3,24805.5,83.88086790204308,24597.128372750187,25013.871627249813
pyjsonpath_1_3_2,1364696258bb9eea176662bf4dc4038f97911568,runtime_ns,4,896.0,24.24871130596428,857.4148891482214,934.5851108517786
pyjsonpath_2_0_0,1364696258bb9eea176662bf4dc4038f97911568,runtime_ns,4,906.25,20.838665984174707,873.091032215811,939.408967784189
pyjsonpath_1_3_2,6b97c3a6171ec70dd3edc515dda3fb7915e5403e,runtime_ns,4,895.625,23.816573361142165,857.7275170511574,933.5224829488426
pyjsonpath_2_0_0,6b97c3a6171ec70dd3edc515dda3fb7915e5403e,runtime_ns,4,901.125,20.150992531386635,869.0602741353445,933.1897258646555
pyjsonpath_1_3_2,e61110b6aec8d59256eb39b2095dd8643ff1263f,runtime_ns,3,916.6666666666666,0.5773502691896257,915.2324490900835,918.1008842432498
pyjsonpath_2_0_0,e61110b6aec8d59256eb39b2095dd8643ff1263f,runtime_ns,3,917.0,0.0,917.0,917.0
pyjsonpath_1_3_2,1e4ffb8e7b2d45f3fa165832debf23b4c8c841e8,runtime_ns,4,34531.25,844.0389505230194,33188.19568019624,35874.30431980376
pyjsonpath_2_0_0,1e4ffb8e7b2d45f3fa165832debf23b4c8c841e8,runtime_ns,3,30840.166666666668,182.4351482947662,30386.972634838876,31293.36069849446
pyjsonpath_1_3_2,47ab9e175a06c856fdf963f0071ebfa3931b251c,runtime_ns,3,12930.5,127.00295272158046,12615.007175640678,13245.992824359322
pyjsonpath_2_0_0,47ab9e175a06c856fdf963f0071ebfa3931b251c,runtime_ns,3,10729.166666666666,41.50100400391939,10626.072457545028,10832.260875788304
pyjsonpath_1_3_2,6814cc913e599a0c80877732115f2015c8af2e44,runtime_ns,3,1791.8333333333333,0.28867513459481287,1791.1162245450416,1792.5504421216249
pyjsonpath_2_0_0,6814cc913e599a0c80877732115f2015c8af2e44,runtime_ns,3,3222.0,24.24871130596428,3161.7628617835076,3282.2371382164924
pyjsonpath_1_3_2,5ea06abde8a8a4e4faefe663b47413fc0b1560f9,runtime_ns,3,11375.0,115.93532679903913,11087.000682574408,11662.999317425592
pyjsonpath_2_0_0,5ea06abde8a8a4e4faefe663b47413fc0b1560f9,runtime_ns,3,14541.666666666666,35.795716689756794,14452.74517691851,14630.588156414822
pyjsonpath_1_3_2,be3703b6cc361eaaaf356cf6f16cd9db5247f78d,runtime_ns,3,20527.666666666668,43.434817063426586,20419.768599596435,20635.5647337369
pyjsonpath_2_0_0,be3703b6cc361eaaaf356cf6f16cd9db5247f78d,runtime_ns,3,40014.166666666664,173.81911095542208,39582.376058119386,40445.95727521394
pyjsonpath_1_3_2,0fa48f493ef6469c5c531eb933b332e6994a442a,runtime_ns,3,19514.0,135.63554106501732,19177.06263738673,19850.93736261327
pyjsonpath_2_0_0,0fa48f493ef6469c5c531eb933b332e6994a442a,runtime_ns,3,36930.5,271.7954193874503,36255.32274881864,37605.67725118136
pyjsonpath_1_3_2,b66ad17b7288559fc8189d71d514d309698990d0,runtime_ns,3,232534.66666666666,761.0923618939645,230644.00842836074,234425.32490497257
pyjsonpath_2_0_0,b66ad17b7288559fc8189d71d514d309698990d0,runtime_ns,3,226687.66666666666,239.9293298730552,226091.649170174,227283.6841631593
pyjsonpath_1_3_2,989eddc2aa1a294a96745ad6afec5f8856d1979b,runtime_ns,3,5548.833333333333,31.80539786472311,5469.824345060351,5627.842321606315
pyjsonpath_2_0_0,989eddc2aa1a294a96745ad6afec5f8856d1979b,runtime_ns,3,117055.5,632.7062904697566,115483.77044338243,118627.22955661757
pyjsonpath_1_3_2,e76ef5636e61e6b413d82011d3753e23f5302e31,runtime_ns,3,317840.1666666667,425.1036148203557,316784.15074569004,318896.1825876433
pyjsonpath_2_0_0,e76ef5636e61e6b413d82011d3753e23f5302e31,runtime_ns,3,310117.8333333333,6187.685559507152,294746.77028650866,325488.89638015797
pyjsonpath_1_3_2,024e6a95c8f3c26c292dae7259768eb980cebd66,runtime_ns,4,2296.875,43.111048467881176,2228.2757015432426,2365.4742984567574
pyjsonpath_2_0_0,024e6a95c8f3c26c292dae7259768eb980cebd66,runtime_ns,3,6000.0,0.0,6000.0,6000.0
pyjsonpath_1_3_2,d7f8dc474c56b6634812cf0ebc65a4b40147498c,runtime_ns,3,93375.0,800.3407086984893,91386.8434632731,95363.1565367269
pyjsonpath_2_0_0,d7f8dc474c56b6634812cf0ebc65a4b40147498c,runtime_ns,3,143528.0,485.54943105723027,142321.82834739183,144734.17165260817
pyjsonpath_1_3_2,a469c1911af163fbf78d8484a9db74f0c479e288,runtime_ns,4,9380.125,249.14399283680646,8983.681310256437,9776.568689743563
pyjsonpath_2_0_0,a469c1911af163fbf78d8484a9db74f0c479e288,runtime_ns,3,25909.833333333332,106.72433337029251,25644.715392046775,26174.95127461989
pyjsonpath_1_3_2,4e2ad14a4514e86efcabc070ee9d499d85fb94e6,runtime_ns,3,2548.5,43.23482392701513,2441.098743422016,2655.901256577984
pyjsonpath_2_0_0,4e2ad14a4514e86efcabc070ee9d499d85fb94e6,runtime_ns,4,2547.0,54.75399528801528,2459.8741749980672,2634.1258250019328
pyjsonpath_1_3_2,23bde44f38d3b9cf65b28af49b083227501710c4,runtime_ns,3,916.5,0.5,915.2579311441249,917.7420688558751
pyjsonpath_2_0_0,23bde44f38d3b9cf65b28af49b083227501710c4,runtime_ns,4,895.875,24.105238019982295,857.5181871626614,934.2318128373386
pyjsonpath_1_3_2,2a7141694818c516de29254fb2127cdf9e9c2d27,runtime_ns,3,18097.166666666668,133.97418905644972,17764.356331230374,18429.97700210296
pyjsonpath_2_0_0,2a7141694818c516de29254fb2127cdf9e9c2d27,runtime_ns,3,563902.6666666666,5096.562477134302,551242.1036169257,576563.2297164076
pyjsonpath_1_3_2,a1614d7aded6ee9199ce9ff8bca3d18c779252ec,runtime_ns,3,2625.0,41.5,2521.9082849623614,2728.0917150376386
pyjsonpath_2_0_0,a1614d7aded6ee9199ce9ff8bca3d18c779252ec,runtime_ns,3,94305.5,548.9141554013705,92941.92164605387,95669.07835394613
pyjsonpath_1_3_2,aa48dea6ceeceeb2393285aa238edb242faeeb57,runtime_ns,4,16807.25,298.2729454710903,16332.63118335972,17281.86881664028
pyjsonpath_2_0_0,aa48dea6ceeceeb2393285aa238edb242faeeb57,runtime_ns,3,24472.0,189.22671587278577,24001.934779029747,24942.065220970253
pyjsonpath_1_3_2,018be8f212376b87ed5f25b0de28694397ad17a0,runtime_ns,3,16534.666666666668,52.28846271725086,16404.774924541292,16664.558408792043
pyjsonpath_2_0_0,018be8f212376b87ed5f25b0de28694397ad17a0,runtime_ns,3,37812.666666666664,440.8010700228997,36717.65610524288,38907.67722809045
pyjsonpath_1_3_2,27011b80146463e75faa3e85818130a17823fead,runtime_ns,3,20194.5,66.65020630125612,20028.93170903111,20360.06829096889
pyjsonpath_2_0_0,27011b80146463e75faa3e85818130a17823fead,runtime_ns,3,46791.666666666664,200.6242341626089,46293.2884406923,47290.04489264103
pyjsonpath_1_3_2,b6a04f1eb7384d268df5f3a79fe7f63e00b754bc,runtime_ns,3,7402.833333333333,127.0574017258866,7087.205250149047,7718.461416517619
pyjsonpath_2_0_0,b6a04f1eb7384d268df5f3a79fe7f63e00b754bc,runtime_ns,3,9090.5,52.05525910030609,8961.187567773995,9219.812432226005
pyjsonpath_1_3_2,73d94da56cf1b92e3284e7d6c441d42880b3b4fe,runtime_ns,0,nan,0,nan,nan
pyjsonpath_2_0_0,73d94da56cf1b92e3284e7d6c441d42880b3b4fe,runtime_ns,0,nan,0,nan,nan
pyjsonpath_1_3_2,cc53ebd5228e159ccae6b4c03986af876e20a03c,runtime_ns,0,nan,0,nan,nan
pyjsonpath_2_0_0,cc53ebd5228e159ccae6b4c03986af876e20a03c,runtime_ns,0,nan,0,nan,nan
pyjsonpath_1_3_2,b2786220200e676bf0849ef1fe3ed54e315fc1fa,runtime_ns,3,616312.3333333334,3761.094698798919,606969.2561545827,625655.410512084
pyjsonpath_2_0_0,b2786220200e676bf0849ef1fe3ed54e315fc1fa,runtime_ns,3,615034.6666666666,1551.618053302208,611180.233746226,618889.0995871073
pyjsonpath_1_3_2,84ac2d75fddddab8ee93fe9141efb599d0fbed30,runtime_ns,0,nan,0,nan,nan
pyjsonpath_2_0_0,84ac2d75fddddab8ee93fe9141efb599d0fbed30,runtime_ns,0,nan,0,nan,nan
pyjsonpath_1_3_2,9a62be086df4fbc2a208419d35253d2bd4c43872,runtime_ns,0,nan,0,nan,nan
pyjsonpath_2_0_0,9a62be086df4fbc2a208419d35253d2bd4c43872,runtime_ns,0,nan,0,nan,nan
pyjsonpath_1_3_2,3913862a995208c9ddb5bc5c8798f4c44abe234e,runtime_ns,3,166944.5,177.28014553243125,166504.1117049383,167384.8882950617
pyjsonpath_2_0_0,3913862a995208c9ddb5bc5c8798f4c44abe234e,runtime_ns,3,166895.66666666666,552.4880843360636,165523.21018107474,168268.12315225857
pyjsonpath_1_3_2,75726159680aa1a6987aeec78df737facdd6ee2b,runtime_ns,3,98298.5,1204.810047268863,95305.58592608372,101291.41407391628
pyjsonpath_2_0_0,75726159680aa1a6987aeec78df737facdd6ee2b,runtime_ns,3,97833.16666666667,682.2247308133393,96138.42648496454,99527.9068483688
pyjsonpath_1_3_2,1027de18d8ce5f7e72a501c9e3598c18b0dbc83e,runtime_ns,3,7256.833333333333,52.58405968859131,7126.207287623973,7387.459379042693
pyjsonpath_2_0_0,1027de18d8ce5f7e72a501c9e3598c18b0dbc83e,runtime_ns,3,7090.166666666667,138.5733860931937,6745.9312924276255,7434.402040905708
pyjsonpath_1_3_2,0fa70c0f94dcccf6d0de1688c5cedcaec745e0c6,runtime_ns,0,nan,0,nan,nan
pyjsonpath_2_0_0,0fa70c0f94dcccf6d0de1688c5cedcaec745e0c6,runtime_ns,0,nan,0,nan,nan
pyjsonpath_1_3_2,983bc56f71c25a8e5653025addda86bcc1d0c6f3,runtime_ns,0,nan,0,nan,nan
pyjsonpath_2_0_0,983bc56f71c25a8e5653025addda86bcc1d0c6f3,runtime_ns,0,nan,0,nan,nan
pyjsonpath_1_3_2,9523b60f4e3340e583774fe0161ab90962c9f920,runtime_ns,0,nan,0,nan,nan
pyjsonpath_2_0_0,9523b60f4e3340e583774fe0161ab90962c9f920,runtime_ns,0,nan,0,nan,nan
pyjsonpath_1_3_2,4333fc0124ffbb7850bae1f2e819a802351a5fa2,runtime_ns,0,nan,0,nan,nan
pyjsonpath_2_0_0,4333fc0124ffbb7850bae1f2e819a802351a5fa2,runtime_ns,0,nan,0,nan,nan
pyjsonpath_1_3_2,71d1d822ea39fdd59d9e6217fda56bc5796f75ac,runtime_ns,3,2319.6666666666665,31.860372460681205,2240.5211139266767,2398.8122194066564
pyjsonpath_2_0_0,71d1d822ea39fdd59d9e6217fda56bc5796f75ac,runtime_ns,4,2880.25,59.44815668574875,2785.654716699756,2974.845283300244
pyjsonpath_1_3_2,403d9fca551d9a79abb84f3bb471960c1de8d97f,runtime_ns,4,900.875,19.892942634679933,869.220889105521,932.529110894479
pyjsonpath_2_0_0,403d9fca551d9a79abb84f3bb471960c1de8d97f,runtime_ns,4,926.875,20.754015675687118,893.8507297465546,959.8992702534454
pyjsonpath_1_3_2,302effda18b15f25aeedbcae3ba80353b75dccf8,runtime_ns,4,1828.125,43.111048467881176,1759.5257015432423,1896.7242984567577
pyjsonpath_2_0_0,302effda18b15f25aeedbcae3ba80353b75dccf8,runtime_ns,3,1840.5,12.12435565298214,1810.3814308917538,1870.6185691082462
pyjsonpath_1_3_2,dc030c171bd6940214d54282ac92568fe46dd8c2,runtime_ns,0,nan,0,nan,nan
pyjsonpath_2_0_0,dc030c171bd6940214d54282ac92568fe46dd8c2,runtime_ns,0,nan,0,nan,nan
pyjsonpath_1_3_2,c04d79333f7dceef271f9e2187e78f29b7ffa107,runtime_ns,0,nan,0,nan,nan
pyjsonpath_2_0_0,c04d79333f7dceef271f9e2187e78f29b7ffa107,runtime_ns,0,nan,0,nan,nan
pyjsonpath_1_3_2,0bb577e9822347ecb86f9be6d1d6db64b9b11c96,runtime_ns,4,895.75,23.96351393264352,857.618701811722,933.881298188278
pyjsonpath_2_0_0,0bb577e9822347ecb86f9be6d1d6db64b9b11c96,runtime_ns,3,916.6666666666666,0.5773502691896257,915.2324490900835,918.1008842432498
pyjsonpath_1_3_2,0afb547f8fa4ba4f14518978120ddbfc030a6a29,runtime_ns,0,nan,0,nan,nan
pyjsonpath_2_0_0,0afb547f8fa4ba4f14518978120ddbfc030a6a29,runtime_ns,0,nan,0,nan,nan
pyjsonpath_1_3_2,3ef6b1bb98964e904dbf9b07c5b5e8ffd6ca62ff,runtime_ns,0,nan,0,nan,nan
pyjsonpath_2_0_0,3ef6b1bb98964e904dbf9b07c5b5e8ffd6ca62ff,runtime_ns,0,nan,0,nan,nan
pyjsonpath_1_3_2,dff9db2efd01453926f7ee34d303fa47f741df06,runtime_ns,0,nan,0,nan,nan
pyjsonpath_2_0_0,dff9db2efd01453926f7ee34d303fa47f741df06,runtime_ns,0,nan,0,nan,nan
pyjsonpath_1_3_2,4a7628a8b3abae654805e3b3b6942db1cc4141fc,runtime_ns,3,909.1666666666666,11.835680518387328,879.7652063467119,938.5681269866213
pyjsonpath_2_0_0,4a7628a8b3abae654805e3b3b6942db1cc4141fc,runtime_ns,3,916.6666666666666,0.5773502691896257,915.2324490900835,918.1008842432498
pyjsonpath_1_3_2,eb17bc95d12df530f1935e81e114cc33da3e24ad,runtime_ns,3,97771.0,696.8082591358974,96040.03232562142,99501.96767437858
pyjsonpath_2_0_0,eb17bc95d12df530f1935e81e114cc33da3e24ad,runtime_ns,3,97486.33333333333,810.3333161936101,95473.35378348907,99499.31288317758
pyjsonpath_1_3_2,60a806147692f220967288b932823175a3e759f5,runtime_ns,0,nan,0,nan,nan
pyjsonpath_2_0_0,60a806147692f220967288b932823175a3e759f5,runtime_ns,0,nan,0,nan,nan
pyjsonpath_1_3_2,a404df1791500e5361fe3d5cf0ed2cd14a3c9c49,runtime_ns,0,nan,0,nan,nan
pyjsonpath_2_0_0,a404df1791500e5361fe3d5cf0ed2cd14a3c9c49,runtime_ns,0,nan,0,nan,nan
pyjsonpath_1_3_2,7791da4a79b00b1571b0daca45d756f7d3b1fc93,runtime_ns,0,nan,0,nan,nan
pyjsonpath_2_0_0,7791da4a79b00b1571b0daca45d756f7d3b1fc93,runtime_ns,0,nan,0,nan,nan
pyjsonpath_1_3_2,744fb2b0f7654a673f2441bc6f76591a5c5c52da,runtime_ns,0,nan,0,nan,nan
pyjsonpath_2_0_0,744fb2b0f7654a673f2441bc6f76591a5c5c52da,runtime_ns,0,nan,0,nan,nan
pyjsonpath_1_3_2,1a885432f7b6edd415854d3f268ae116f93856c6,runtime_ns,3,1576.1666666666667,11.835680518387328,1546.7652063467121,1605.5681269866213
pyjsonpath_2_0_0,1a885432f7b6edd415854d3f268ae116f93856c6,runtime_ns,3,1528.0,24.24871130596428,1467.7628617835076,1588.2371382164924
pyjsonpath_1_3_2,8a7d6340b4cb464533414c933cd6bf8d77ca9cba,runtime_ns,0,nan,0,nan,nan
pyjsonpath_2_0_0,8a7d6340b4cb464533414c933cd6bf8d77ca9cba,runtime_ns,0,nan,0,nan,nan
pyjsonpath_1_3_2,8c9b037aac5de3811f5b0f222a9bd9f6d6f4607c,runtime_ns,3,31069.666666666668,251.14554213310922,30445.78655431583,31693.546779017506
pyjsonpath_2_0_0,8c9b037aac5de3811f5b0f222a9bd9f6d6f4607c,runtime_ns,3,36111.166666666664,107.21162872251001,35844.838216618904,36377.495116714425
pyjsonpath_1_3_2,8c28f1045c65710617bec690cdacceb0be86571d,runtime_ns,0,nan,0,nan,nan
pyjsonpath_2_0_0,8c28f1045c65710617bec690cdacceb0be86571d,runtime_ns,0,nan,0,nan,nan
pyjsonpath_1_3_2,1bd4b11a5e81c722ee8ddff94ff3ceceb703d547,runtime_ns,3,2750.3333333333335,41.50100400391939,2647.239124211696,2853.427542454971
pyjsonpath_2_0_0,1bd4b11a5e81c722ee8ddff94ff3ceceb703d547,runtime_ns,3,35013.833333333336,212.6089916568284,34485.683319301395,35541.983347365276
pyjsonpath_1_3_2,e78201aac9ce7102fd68708a8e6fca2e69c9b1c6,runtime_ns,3,356763.8333333333,1170.7152016324608,353855.6155512387,359672.0511154279
pyjsonpath_2_0_0,e78201aac9ce7102fd68708a8e6fca2e69c9b1c6,runtime_ns,3,364305.6666666667,3364.7939139467862,355947.0552127635,372664.2781205699
pyjsonpath_1_3_2,3d87391d0bc622dc2e54f7e6762861525d542fc8,runtime_ns,3,909.3333333333334,11.98262631201246,879.5668394258514,939.0998272408153
pyjsonpath_2_0_0,3d87391d0bc622dc2e54f7e6762861525d542fc8,runtime_ns,4,906.5,21.0,873.0843137945211,939.9156862054789
pyjsonpath_1_3_2,1dc8e5ef41686308ba99206d64973008d9686e22,runtime_ns,5,1529.0,45.53020975132884,1472.466777721109,1585.533222278891
pyjsonpath_2_0_0,1dc8e5ef41686308ba99206d64973008d9686e22,runtime_ns,3,1486.0,24.24871130596428,1425.7628617835076,1546.2371382164924
pyjsonpath_1_3_2,7f35ea6837237916eb61e157b54e10e3d3998ec5,runtime_ns,0,nan,0,nan,nan
pyjsonpath_2_0_0,7f35ea6837237916eb61e157b54e10e3d3998ec5,runtime_ns,0,nan,0,nan,nan
pyjsonpath_1_3_2,f8403b77ab7025e82c18418af1971a0f353f1a6c,runtime_ns,0,nan,0,nan,nan
pyjsonpath_2_0_0,f8403b77ab7025e82c18418af1971a0f353f1a6c,runtime_ns,0,nan,0,nan,nan
pyjsonpath_1_3_2,ca7e0bdb057a507e4671432092d0e92dc2c70fb3,runtime_ns,0,nan,0,nan,nan
pyjsonpath_2_0_0,ca7e0bdb057a507e4671432092d0e92dc2c70fb3,runtime_ns,0,nan,0,nan,nan
pyjsonpath_1_3_2,1dc164bb79377b306aa1eb63ccc6addf4d6ee96f,runtime_ns,3,10944.5,209.6073710535963,10423.806424904917,11465.193575095083
pyjsonpath_2_0_0,1dc164bb79377b306aa1eb63ccc6addf4d6ee96f,runtime_ns,3,9909.666666666666,31.64385143014885,9831.058981984008,9988.274351349324
pyjsonpath_1_3_2,e155a8303474260fa6b7af0e6bd267a28824339c,runtime_ns,3,66354.5,234.484007983487,65772.00943296586,66936.99056703414
pyjsonpath_2_0_0,e155a8303474260fa6b7af0e6bd267a28824339c,runtime_ns,3,57784.833333333336,852.4889051086433,55667.13349530421,59902.53317136246
pyjsonpath_1_3_2,0a6ec0e364bbd4385152b2df9937e5d8155c2123,runtime_ns,3,154146.16666666666,382.099572537491,153196.97870888258,155095.35462445073
pyjsonpath_2_0_0,0a6ec0e364bbd4385152b2df9937e5d8155c2123,runtime_ns,3,146312.66666666666,252.59074277046128,145685.19647691151,146940.1368564218
pyjsonpath_1_3_2,8628c8eb445778d5832fe711b34bc89544b946fa,runtime_ns,3,909.5,12.134661099511597,879.3558307433935,939.6441692566065
pyjsonpath_2_0_0,8628c8eb445778d5832fe711b34bc89544b946fa,runtime_ns,3,881.8333333333334,11.835680518387328,852.4318730133787,911.2347936532881
pyjsonpath_1_3_2,c36369a919a920a15d729dc03f92472df7b9bd3c,runtime_ns,3,119590.33333333333,378.086079264145,118651.11544554544,120529.55122112122
pyjsonpath_2_0_0,c36369a919a920a15d729dc03f92472df7b9bd3c,runtime_ns,3,110972.16666666667,1094.7385913236699,108252.68524745111,113691.64808588223
pyjsonpath_1_3_2,ccfbd8c57fc34dfc2402f65628cdb7da67ea17ba,runtime_ns,0,nan,0,nan,nan
pyjsonpath_2_0_0,ccfbd8c57fc34dfc2402f65628cdb7da67ea17ba,runtime_ns,0,nan,0,nan,nan
pyjsonpath_1_3_2,e2e4efa6222b73c1c0c0830532365d418f01b3f8,runtime_ns,3,65694.33333333333,11.835680518387328,65664.93187301337,65723.73479365329
pyjsonpath_2_0_0,e2e4efa6222b73c1c0c0830532365d418f01b3f8,runtime_ns,3,60472.166666666664,403.1272545156595,59470.74305108994,61473.590282243385
pyjsonpath_1_3_2,2efef000170174bfdc86247778d10e42bf51f856,runtime_ns,3,26541.333333333332,397.32616744097453,25554.32041692798,27528.346249738683
pyjsonpath_2_0_0,2efef000170174bfdc86247778d10e42bf51f856,runtime_ns,4,21651.0,519.1119018734464,20824.977122927026,22477.022877072974
pyjsonpath_1_3_2,cacfdcfbc1a8bef8e80664f66660a11c587050c1,runtime_ns,3,91201.66666666667,1349.1153891840881,87850.27825089176,94553.05508244158
pyjsonpath_2_0_0,cacfdcfbc1a8bef8e80664f66660a11c587050c1,runtime_ns,3,88090.16666666667,961.0023846657891,85702.9044018364,90477.42893149695
pyjsonpath_1_3_2,9c681b2fc05290140fa6c42ef276324504aee459,runtime_ns,3,14743.0,98.39588406025935,14498.571073724897,14987.428926275103
pyjsonpath_2_0_0,9c681b2fc05290140fa6c42ef276324504aee459,runtime_ns,3,12715.333333333334,66.75390125927723,12549.507449808705,12881.159216857963
pyjsonpath_1_3_2,ef683528e7e1c711be833bccfc2f58f151d6414b,runtime_ns,3,25312.666666666668,95.19760151040221,25076.182714686496,25549.15061864684
pyjsonpath_2_0_0,ef683528e7e1c711be833bccfc2f58f151d6414b,runtime_ns,3,20194.333333333332,114.90249489603494,19908.899712587892,20479.766954078772
pyjsonpath_1_3_2,1c0a15054e54a644888c78befb3eae6bce4fe656,runtime_ns,3,11055.5,52.848841046895245,10924.21620093311,11186.78379906689
pyjsonpath_2_0_0,1c0a15054e54a644888c78befb3eae6bce4fe656,runtime_ns,3,10021.0,21.0,9968.833108053243,10073.166891946757
pyjsonpath_1_3_2,c6454f7d480791d2cba25f1451138d406c508d30,runtime_ns,3,24486.0,106.93572836054375,24220.356924446085,24751.643075553915
pyjsonpath_2_0_0,c6454f7d480791d2cba25f1451138d406c508d30,runtime_ns,5,22049.8,833.5202906948336,21014.847863271887,23084.75213672811
pyjsonpath_1_3_2,78370687f734dd6630d159ac6e2e9b1fec232593,runtime_ns,3,1236.3333333333333,11.835680518387328,1206.9318730133787,1265.7347936532879
pyjsonpath_2_0_0,78370687f734dd6630d159ac6e2e9b1fec232593,runtime_ns,3,1333.5,0.5,1332.2579311441248,1334.7420688558752
pyjsonpath_1_3_2,8ec8854ed0ccbd29341db78097edfe84c6c34ea2,runtime_ns,4,1427.0,26.854546480375845,1384.2684238867291,1469.7315761132709
pyjsonpath_2_0_0,8ec8854ed0ccbd29341db78097edfe84c6c34ea2,runtime_ns,3,1528.0,24.24871130596428,1467.7628617835076,1588.2371382164924
pyjsonpath_1_3_2,d7f2d16925e3617a0e60558a61a20064f439c968,runtime_ns,3,2354.1666666666665,36.08439182435161,2264.5280681302193,2443.805265203114
pyjsonpath_2_0_0,d7f2d16925e3617a0e60558a61a20064f439c968,runtime_ns,3,2444.8333333333335,24.105670149019574,2384.95152904914,2504.715137617527
pyjsonpath_1_3_2,7f66ab47f5602951cc4f9ec443919f6edfef4a7c,runtime_ns,3,916.6666666666666,0.5773502691896257,915.2324490900835,918.1008842432498
pyjsonpath_2_0_0,7f66ab47f5602951cc4f9ec443919f6edfef4a7c,runtime_ns,3,916.8333333333334,0.28867513459481287,916.1162245450417,917.550442121625
pyjsonpath_1_3_2,2338f2bf5b172a05e0f4f711177ccc7197e8c1c5,runtime_ns,3,2333.8333333333335,0.28867513459481287,2333.116224545042,2334.550442121625
pyjsonpath_2_0_0,2338f2bf5b172a05e0f4f711177ccc7197e8c1c5,runtime_ns,3,2381.8333333333335,11.835680518387328,2352.4318730133787,2411.2347936532883
pyjsonpath_1_3_2,668b22e78c665ba6310e7b998f61abe079fd9d23,runtime_ns,3,1291.6666666666667,0.5773502691896257,1290.2324490900835,1293.10088424325
pyjsonpath_2_0_0,668b22e78c665ba6310e7b998f61abe079fd9d23,runtime_ns,3,1381.8333333333333,11.835680518387328,1352.4318730133787,1411.2347936532879
pyjsonpath_1_3_2,c3a475de32cdab88a7e3300b2447dfe0ab4a364a,runtime_ns,3,1361.3333333333333,23.671361036774655,1302.5304126934238,1420.1362539732427
pyjsonpath_2_0_0,c3a475de32cdab88a7e3300b2447dfe0ab4a364a,runtime_ns,3,1486.1666666666667,23.96003617136947,1426.646637238466,1545.6866960948676
pyjsonpath_1_3_2,455ce5067cc2be01f22985ea7639d6628d780528,runtime_ns,3,1903.0,24.24871130596428,1842.7628617835076,1963.2371382164924
pyjsonpath_2_0_0,455ce5067cc2be01f22985ea7639d6628d780528,runtime_ns,3,2020.5,20.5,1969.5751769091182,2071.4248230908815
pyjsonpath_1_3_2,d7b8574afae2a088b4a24aacf78c9e09701d8f5a,runtime_ns,3,2375.0,0.0,2375.0,2375.0
pyjsonpath_2_0_0,d7b8574afae2a088b4a24aacf78c9e09701d8f5a,runtime_ns,3,2458.5,0.5,2457.257931144125,2459.742068855875
pyjsonpath_1_3_2,e4a08b38eb3556e61030648eaeee5bce9786f8b6,runtime_ns,4,1135.375,20.75,1102.3571195826814,1168.3928804173186
pyjsonpath_2_0_0,e4a08b38eb3556e61030648eaeee5bce9786f8b6,runtime_ns,3,1250.0,20.5,1199.0751769091182,1300.9248230908818
pyjsonpath_1_3_2,756f0e4ba98b18c57d08d1a680a1df54c8fe6038,runtime_ns,4,1702.875,35.791933448753504,1645.922046818527,1759.827953181473
pyjsonpath_2_0_0,756f0e4ba98b18c57d08d1a680a1df54c8fe6038,runtime_ns,3,1791.6666666666667,0.5773502691896257,1790.2324490900835,1793.10088424325
pyjsonpath_1_3_2,fae01e5e0b6a62a4c7c0c7d32760e88eecf65c59,runtime_ns,4,906.125,20.754015675687118,873.1007297465546,939.1492702534454
pyjsonpath_2_0_0,fae01e5e0b6a62a4c7c0c7d32760e88eecf65c59,runtime_ns,3,916.1666666666666,0.28867513459481287,915.449557878375,916.8837754549583
pyjsonpath_1_3_2,2a07153110d7042fd9779e8648dc486b2da796dc,runtime_ns,4,1656.375,35.940633921324576,1599.185431183763,1713.564568816237
pyjsonpath_2_0_0,2a07153110d7042fd9779e8648dc486b2da796dc,runtime_ns,3,1750.0,0.0,1750.0,1750.0
pyjsonpath_1_3_2,542eb5f775a44440b1cb77f1f7fc90589ed369a9,runtime_ns,3,1555.5,23.817010727629107,1496.3352654703344,1614.6647345296656
pyjsonpath_2_0_0,542eb5f775a44440b1cb77f1f7fc90589ed369a9,runtime_ns,5,1670.8,47.548133507005296,1611.7611944425653,1729.8388055574346
pyjsonpath_1_3_2,0ab4446beca682c49b30ae1b5db9aaeb83f07d0f,runtime_ns,3,1618.1666666666667,11.835680518387328,1588.7652063467121,1647.5681269866213
pyjsonpath_2_0_0,0ab4446beca682c49b30ae1b5db9aaeb83f07d0f,runtime_ns,4,1708.25,33.88583774971485,1654.3300704259884,1762.1699295740116
pyjsonpath_1_3_2,24403c55437feb3e84d4e5adf657f1f7b5a4f3a7,runtime_ns,3,1472.3333333333333,23.96525262402492,1412.8003455183693,1531.8663211482972
pyjsonpath_2_0_0,24403c55437feb3e84d4e5adf657f1f7b5a4f3a7,runtime_ns,3,1402.8333333333333,24.105670149019574,1342.9515290491395,1462.715137617527
pyjsonpath_1_3_2,46cff4b2355aafb7a2c91137dd038d165d66a9ad,runtime_ns,0,nan,0,nan,nan
pyjsonpath_2_0_0,46cff4b2355aafb7a2c91137dd038d165d66a9ad,runtime_ns,0,nan,0,nan,nan
pyjsonpath_1_3_2,0d9ba23a880b786efdc7e7584519528e06256d1e,runtime_ns,3,1236.3333333333333,23.671361036774655,1177.5304126934238,1295.1362539732427
pyjsonpath_2_0_0,0d9ba23a880b786efdc7e7584519528e06256d1e,runtime_ns,3,2756.8333333333335,43.635803342362486,2648.4359886680495,2865.2306779986175
pyjsonpath_1_3_2,3edd9eeaea1cd21938e7ff637eda3b47afeaecaa,runtime_ns,4,5635.375,125.57293697290034,5435.560435343485,5835.189564656515
pyjsonpath_2_0_0,3edd9eeaea1cd21938e7ff637eda3b47afeaecaa,runtime_ns,3,6145.666666666667,74.95387470527012,5959.470919869496,6331.862413463838
pyjsonpath_1_3_2,0d132c1cfbcf52579392d96c7451ff25b3645ee1,runtime_ns,4,1562.5,41.66933324800546,1496.1947921806247,1628.8052078193753
pyjsonpath_2_0_0,0d132c1cfbcf52579392d96c7451ff25b3645ee1,runtime_ns,3,1645.8333333333333,21.001984033260605,1593.6615127747323,1698.0051538919342
pyjsonpath_1_3_2,9c8066670685a50e990883168da1f56fdb101138,runtime_ns,3,159250.0,300.5781928217681,158503.3223758817,159996.6776241183
pyjsonpath_2_0_0,9c8066670685a50e990883168da1f56fdb101138,runtime_ns,3,151902.83333333334,904.3036455380092,149656.41854457906,154149.24812208762
pyjsonpath_1_3_2,ab951d7caba36cd87094df80dfbaccb9c7f41e7a,runtime_ns,3,1333.1666666666667,0.28867513459481287,1332.4495578783751,1333.8837754549584
pyjsonpath_2_0_0,ab951d7caba36cd87094df80dfbaccb9c7f41e7a,runtime_ns,3,1389.0,24.24871130596428,1328.7628617835076,1449.2371382164924
pyjsonpath_1_3_2,55d6f2bf39c4d4289ee85255f5404b4348c09109,runtime_ns,4,15432.25,254.24479673469557,15027.689792997031,15836.810207002969
pyjsonpath_2_0_0,55d6f2bf39c4d4289ee85255f5404b4348c09109,runtime_ns,3,21534.5,115.15967176056034,21248.427516506803,21820.572483493197
pyjsonpath_1_3_2,4e6e2a1d69165bd49a8dc1143640e76bfc2b19c6,runtime_ns,3,1576.3333333333333,11.98262631201246,1546.5668394258514,1606.099827240815
pyjsonpath_2_0_0,4e6e2a1d69165bd49a8dc1143640e76bfc2b19c6,runtime_ns,3,1500.0,0.0,1500.0,1500.0
pyjsonpath_1_3_2,c4c396c7ac6911436a5064f59b179f749e75d120,runtime_ns,3,304743.0,3563.710005036886,295890.2535827459,313595.7464172541
pyjsonpath_2_0_0,c4c396c7ac6911436a5064f59b179f749e75d120,runtime_ns,3,290715.3333333333,3148.9037907394586,282893.02267608384,298537.6439905828
pyjsonpath_1_3_2,d4982fee99cba6bdc60c1becd097e5c797a66b66,runtime_ns,3,4916.5,55.088565056643105,4779.652418056581,5053.347581943419
pyjsonpath_2_0_0,d4982fee99cba6bdc60c1becd097e5c797a66b66,runtime_ns,3,8507.0,23.817010727629107,8447.835265470334,8566.164734529666
pyjsonpath_1_3_2,eafa23ae24f419446a652756ec6f1c4543a169cb,runtime_ns,3,1861.1666666666667,23.96003617136947,1801.646637238466,1920.6866960948676
pyjsonpath_2_0_0,eafa23ae24f419446a652756ec6f1c4543a169cb,runtime_ns,4,1984.5,38.91657744458009,1922.5750409486045,2046.4249590513955
pyjsonpath_1_3_2,da5dc683d4ae6494d10ea94dae251b78743bc699,runtime_ns,3,2305.6666666666665,23.671361036774655,2246.8637460267573,2364.4695873065757
pyjsonpath_2_0_0,da5dc683d4ae6494d10ea94dae251b78743bc699,runtime_ns,3,2791.8333333333335,0.28867513459481287,2791.116224545042,2792.550442121625
pyjsonpath_1_3_2,e3e9682426833c9d5f566b09bd7609efdccf13c6,runtime_ns,3,9888.666666666666,133.6650041459369,9556.62438912648,10220.708944206852
pyjsonpath_2_0_0,e3e9682426833c9d5f566b09bd7609efdccf13c6,runtime_ns,3,9819.666666666666,156.17324781579376,9431.710812200923,10207.622521132409
pyjsonpath_1_3_2,ca6e21b4eb2671cbe3aae113f9d451b809d10ca5,runtime_ns,3,1451.3333333333333,11.98262631201246,1421.5668394258514,1481.099827240815
pyjsonpath_2_0_0,ca6e21b4eb2671cbe3aae113f9d451b809d10ca5,runtime_ns,3,8417.0,42.0,8312.666216106487,8521.333783893513
pyjsonpath_1_3_2,ce606ea4aca310ad1a1e2ff12c3aa36df5d9dcb3,runtime_ns,3,9263.666666666666,135.37940512992859,8927.365580989084,9599.967752344248
pyjsonpath_2_0_0,ce606ea4aca310ad1a1e2ff12c3aa36df5d9dcb3,runtime_ns,4,9802.125,250.02345723284978,9404.28188614753,10199.96811385247
pyjsonpath_1_3_2,13200e8f16f2c3d0f5c3cda69475c0d8bbf843c0,runtime_ns,4,15901.0,345.4738292065937,15351.27404433463,16450.72595566537
pyjsonpath_2_0_0,13200e8f16f2c3d0f5c3cda69475c0d8bbf843c0,runtime_ns,3,39000.0,95.25229656024048,38763.38017798388,39236.61982201612
pyjsonpath_1_3_2,890df59b5cefc9cf226d6121a50cd874dc264da7,runtime_ns,3,2493.1666666666665,11.835680518387328,2463.7652063467117,2522.5681269866213
pyjsonpath_2_0_0,890df59b5cefc9cf226d6121a50cd874dc264da7,runtime_ns,3,4194.5,48.06506007486103,4075.0997716504926,4313.900228349507
pyjsonpath_1_3_2,219f59276c24e6f52d8ded6180e8c806639bdfa6,runtime_ns,3,1291.6666666666667,0.5773502691896257,1290.2324490900835,1293.10088424325
pyjsonpath_2_0_0,219f59276c24e6f52d8ded6180e8c806639bdfa6,runtime_ns,3,30236.166666666668,378.04937949073974,29297.03994616991,31175.293387163427
pyjsonpath_1_3_2,1848ddc34fe7026e584de92159a25b73279af6be,runtime_ns,0,nan,0,nan,nan
pyjsonpath_2_0_0,1848ddc34fe7026e584de92159a25b73279af6be,runtime_ns,0,nan,0,nan,nan
pyjsonpath_1_3_2,ae88d013c193d1039247b39cc962f92ee93eccc2,runtime_ns,3,1548.6666666666667,11.98262631201246,1518.900172759185,1578.4331605741486
pyjsonpath_2_0_0,ae88d013c193d1039247b39cc962f92ee93eccc2,runtime_ns,3,20125.0,220.5425129085093,19577.142026639787,20672.857973360213
pyjsonpath_1_3_2,82153b63f0bd27609bae053c616260c50160c3db,runtime_ns,3,2278.0,24.24871130596428,2217.7628617835076,2338.2371382164924
pyjsonpath_2_0_0,82153b63f0bd27609bae053c616260c50160c3db,runtime_ns,3,4013.8333333333335,23.96003617136947,3954.3133039051327,4073.3533627615343
pyjsonpath_1_3_2,97e55291552b2961ad77d7a60497ce113c5d7cc2,runtime_ns,3,169305.66666666666,1266.6452081515697,166159.1455376895,172452.1877956438
pyjsonpath_2_0_0,97e55291552b2961ad77d7a60497ce113c5d7cc2,runtime_ns,3,166597.16666666666,440.4912976817287,165502.92562239763,167691.4077109357
pyjsonpath_1_3_2,2a4a04ae6c5868310e2badde3a7503b49c02040a,runtime_ns,5,941.6,37.2330498347906,895.369062476814,987.8309375231861
pyjsonpath_2_0_0,2a4a04ae6c5868310e2badde3a7503b49c02040a,runtime_ns,3,923.8333333333334,11.835680518387328,894.4318730133787,953.2347936532881
pyjsonpath_1_3_2,f349c8624208e44df90f46234a52e70d7c2ccdd8,runtime_ns,3,6819.333333333333,52.58405968859131,6688.707287623973,6949.959379042693
pyjsonpath_2_0_0,f349c8624208e44df90f46234a52e70d7c2ccdd8,runtime_ns,3,13631.833333333334,93.93659208920309,13398.481902411237,13865.184764255431
pyjsonpath_1_3_2,79c208204c05942aad635e48ff496ce4e7030f6e,runtime_ns,3,3000.0,0.0,3000.0,3000.0
pyjsonpath_2_0_0,79c208204c05942aad635e48ff496ce4e7030f6e,runtime_ns,3,3791.6666666666665,0.28867513459481287,3790.949557878375,3792.383775454958
pyjsonpath_1_3_2,2539f48b575ab85496315f9bb9ecf5d8f2428f37,runtime_ns,3,114486.16666666667,884.5988262106916,112288.70136270662,116683.63197062672
pyjsonpath_2_0_0,2539f48b575ab85496315f9bb9ecf5d8f2428f37,runtime_ns,3,109819.66666666667,791.6630175354494,107853.0667098088,111786.26662352454
pyjsonpath_1_3_2,a27efac6c8135a7982e97d40e3821cdac98648b9,runtime_ns,3,12784.666666666666,132.357785314402,12455.871700723406,13113.461632609926
pyjsonpath_2_0_0,a27efac6c8135a7982e97d40e3821cdac98648b9,runtime_ns,3,12763.666666666666,48.20874747733375,12643.909499021973,12883.42383431136
pyjsonpath_1_3_2,4eb3988cf66fe9a61f620b6db77137928cb489e3,runtime_ns,4,2359.625,52.05025616331457,2276.8014272919945,2442.4485727080055
pyjsonpath_2_0_0,4eb3988cf66fe9a61f620b6db77137928cb489e3,runtime_ns,3,3382.3333333333335,52.38638499966698,3252.198338773389,3512.468327893278
pyjsonpath_1_3_2,f442e316b2cad8e5020fa354d93aef1c31a74f0a,runtime_ns,4,900.875,19.892942634679933,869.220889105521,932.529110894479
pyjsonpath_2_0_0,f442e316b2cad8e5020fa354d93aef1c31a74f0a,runtime_ns,3,917.0,0.0,917.0,917.0
pyjsonpath_1_3_2,91e5ed6f68e8226441890d3954751b6e1d827fcd,runtime_ns,4,2937.5,67.76921621700126,2829.664054119116,3045.335945880884
pyjsonpath_2_0_0,91e5ed6f68e8226441890d3954751b6e1d827fcd,runtime_ns,3,6694.666666666667,31.533051443419385,6616.334224409506,6772.999108923828
pyjsonpath_1_3_2,4951ad877671a7eae18c05cce686f4cfb94062fc,runtime_ns,0,nan,0,nan,nan
pyjsonpath_2_0_0,4951ad877671a7eae18c05cce686f4cfb94062fc,runtime_ns,0,nan,0,nan,nan
pyjsonpath_1_3_2,eca385ce6c7328437ba991d658da4b5f9110ee82,runtime_ns,3,1833.3333333333333,0.5773502691896257,1831.89911575675,1834.7675509099165
pyjsonpath_2_0_0,eca385ce6c7328437ba991d658da4b5f9110ee82,runtime_ns,3,4965.5,43.23482392701513,4858.098743422016,5072.901256577984
pyjsonpath_1_3_2,32b303e06713aa86100f180b5939469b61d82d2a,runtime_ns,3,275590.3333333333,806.9777464920165,273585.6894807292,277594.9771859374
pyjsonpath_2_0_0,32b303e06713aa86100f180b5939469b61d82d2a,runtime_ns,3,259569.66666666666,929.6604666937997,257260.26204222918,261879.07129110413
pyjsonpath_1_3_2,429fe63f4cedc9ab5697dc0ee175986cdd520b0f,runtime_ns,3,23124.833333333332,253.46219310448123,22495.198340939547,23754.468325727117
pyjsonpath_2_0_0,429fe63f4cedc9ab5697dc0ee175986cdd520b0f,runtime_ns,3,55500.166666666664,240.1678232680917,54903.55671973741,56096.77661359592
pyjsonpath_1_3_2,69344f4c7a74a729455210138b404bbb3c3be2c9,runtime_ns,3,1409.8333333333333,12.413030787576954,1378.9976554367954,1440.669011229871
pyjsonpath_2_0_0,69344f4c7a74a729455210138b404bbb3c3be2c9,runtime_ns,3,1402.6666666666667,23.96525262402492,1343.1336788517028,1462.1996544816307
pyjsonpath_1_3_2,eea52cc575ac3608fe31b38df907da70a5d9e432,runtime_ns,0,nan,0,nan,nan
pyjsonpath_2_0_0,eea52cc575ac3608fe31b38df907da70a5d9e432,runtime_ns,0,nan,0,nan,nan
pyjsonpath_1_3_2,682adf0e8786a5bb8577dcecced73d31be71ded7,runtime_ns,4,5067.875,103.78212354093871,4902.734482191321,5233.015517808679
pyjsonpath_2_0_0,682adf0e8786a5bb8577dcecced73d31be71ded7,runtime_ns,6,7059.166666666667,3247.7289090480854,3650.8842007911016,10467.449132542231
pyjsonpath_1_3_2,1f332281359904c48800b1a94a5a68e73137003f,runtime_ns,0,nan,0,nan,nan
pyjsonpath_2_0_0,1f332281359904c48800b1a94a5a68e73137003f,runtime_ns,0,nan,0,nan,nan
pyjsonpath_1_3_2,a3275118e33ef6e9fadd377c48f2a91d7da4c5dc,runtime_ns,3,1986.1666666666667,23.96003617136947,1926.646637238466,2045.6866960948676
pyjsonpath_2_0_0,a3275118e33ef6e9fadd377c48f2a91d7da4c5dc,runtime_ns,3,4659.833333333333,23.96003617136947,4600.313303905132,4719.353362761534
pyjsonpath_1_3_2,6010af47caeb4eba203b405eeb9eeb956739e431,runtime_ns,4,1650.875,30.917565126208327,1601.678254547865,1700.071745452135
pyjsonpath_2_0_0,6010af47caeb4eba203b405eeb9eeb956739e431,runtime_ns,3,1465.1666666666667,12.413030787576954,1434.330988770129,1496.0023445632046
pyjsonpath_1_3_2,529ae6ee9c462b951e349c317b9e5a8df54d1861,runtime_ns,4,906.125,20.754015675687118,873.1007297465546,939.1492702534454
pyjsonpath_2_0_0,529ae6ee9c462b951e349c317b9e5a8df54d1861,runtime_ns,3,916.6666666666666,0.5773502691896257,915.2324490900835,918.1008842432498
pyjsonpath_1_3_2,9c27cd7d18194b3df946d6838f597005961822de,runtime_ns,3,2013.6666666666667,23.671361036774655,1954.8637460267573,2072.469587306576
pyjsonpath_2_0_0,9c27cd7d18194b3df946d6838f597005961822de,runtime_ns,3,4764.0,24.24871130596428,4703.762861783507,4824.237138216493
pyjsonpath_1_3_2,3f47a3f2a957bbffa7e53032b5031e62df165b90,runtime_ns,3,1333.0,0.0,1333.0,1333.0
pyjsonpath_2_0_0,3f47a3f2a957bbffa7e53032b5031e62df165b90,runtime_ns,3,1333.3333333333333,0.5773502691896257,1331.89911575675,1334.7675509099165
pyjsonpath_1_3_2,89099830bf8160265e7a90eafba6a1f7edd225bd,runtime_ns,3,415750.0,1917.0869176957,410987.6920910489,420512.3079089511
pyjsonpath_2_0_0,89099830bf8160265e7a90eafba6a1f7edd225bd,runtime_ns,3,400382.0,1790.1799490554015,395934.9464777322,404829.0535222678
pyjsonpath_1_3_2,7c746031bdda2ff6a6616bd244fa8baeab04ab4d,runtime_ns,3,5576.333333333333,73.22795458930513,5394.425009783699,5758.241656882967
pyjsonpath_2_0_0,7c746031bdda2ff6a6616bd244fa8baeab04ab4d,runtime_ns,3,116659.66666666667,243.13028057675854,116055.69756781751,117263.63576551584
pyjsonpath_1_3_2,d87b7465f836e0464ec5a1271f3cae85d57028ad,runtime_ns,3,20222.333333333332,188.1318243501969,19754.98797368462,20689.678692982045
pyjsonpath_2_0_0,d87b7465f836e0464ec5a1271f3cae85d57028ad,runtime_ns,3,46743.166666666664,208.8356610671016,46224.390125451566,47261.94320788176
pyjsonpath_1_3_2,f733b976cf6f6bdf2251989f24f43bda4c637ea0,runtime_ns,3,4569.333333333333,11.835680518387328,4539.931873013378,4598.734793653288
pyjsonpath_2_0_0,f733b976cf6f6bdf2251989f24f43bda4c637ea0,runtime_ns,3,34368.0,158.58987987888761,33974.0408986909,34761.9591013091
pyjsonpath_1_3_2,721b1036a9142e3ad439809f8ad5f51a49d9c45c,runtime_ns,3,306437.5,2742.6860465609257,299624.2901602466,313250.7098397534
pyjsonpath_2_0_0,721b1036a9142e3ad439809f8ad5f51a49d9c45c,runtime_ns,3,336048.6666666667,543.1050389504164,334699.51895796834,337397.81437536504
pyjsonpath_1_3_2,a329e6fc5f112c825d963731ed9409322f4ca35c,runtime_ns,3,19222.166666666668,141.8179584302825,18869.87132792656,19574.462005406775
pyjsonpath_2_0_0,a329e6fc5f112c825d963731ed9409322f4ca35c,runtime_ns,3,37069.666666666664,318.2708490159495,36279.03804807535,37860.29528525798
pyjsonpath_1_3_2,4eea7ec0900d7b06dc60ce2627d5233ec8a9e765,runtime_ns,3,105701.16666666667,222.8005460795223,105147.69942795196,106254.63390538139
pyjsonpath_2_0_0,4eea7ec0900d7b06dc60ce2627d5233ec8a9e765,runtime_ns,4,163828.125,2860.6412269221505,159276.2064483197,168380.0435516803
pyjsonpath_1_3_2,ae448a536893c070502eb54e0034f9960ffabea0,runtime_ns,3,20500.0,36.373066958946424,20409.64429267526,20590.35570732474
pyjsonpath_2_0_0,ae448a536893c070502eb54e0034f9960ffabea0,runtime_ns,3,39805.333333333336,200.0377047792074,39308.41212711933,40302.25453954734
pyjsonpath_1_3_2,a4aebff915443be33d689a244e4a99f7cee62e4c,runtime_ns,5,1808741.8,58853.985422187,1735664.9251504613,1881818.6748495388
pyjsonpath_2_0_0,a4aebff915443be33d689a244e4a99f7cee62e4c,runtime_ns,3,1768416.5,17928.31762882396,1723880.0900700002,1812952.9099299998
pyjsonpath_1_3_2,02111f33dd593070a1df57b7bed9ce59a0fd5ccb,runtime_ns,3,231430.66666666666,1152.7659490691653,228567.03729976228,234294.29603357104
pyjsonpath_2_0_0,02111f33dd593070a1df57b7bed9ce59a0fd5ccb,runtime_ns,3,214937.16666666666,1188.435350927148,211984.9295934513,217889.40373988202
pyjsonpath_1_3_2,25945b089ed820b8aab55036a478ad0aa7cbbe06,runtime_ns,3,274347.1666666667,636.2087576679005,272766.736499198,275927.59683413536
pyjsonpath_2_0_0,25945b089ed820b8aab55036a478ad0aa7cbbe06,runtime_ns,3,260646.0,700.7833117305235,258905.15774756492,262386.8422524351
pyjsonpath_1_3_2,dd0d859e1ebe06216c7ba25707a3dc1428bb588b,runtime_ns,3,11208.5,55.088565056643105,11071.652418056581,11345.347581943419
pyjsonpath_2_0_0,dd0d859e1ebe06216c7ba25707a3dc1428bb588b,runtime_ns,3,11403.0,98.39588406025935,11158.571073724897,11647.428926275103
pyjsonpath_1_3_2,22cb9b07af46603fc2462c4c7c34df4857d0933b,runtime_ns,3,15319.333333333334,86.66939098282238,15104.034630738472,15534.632035928196
pyjsonpath_2_0_0,22cb9b07af46603fc2462c4c7c34df4857d0933b,runtime_ns,3,16881.833333333332,52.58405968859131,16751.207287623973,17012.45937904269
pyjsonpath_1_3_2,bd6f3eedabc1d3d0e31d6359ac6bbfce3620797f,runtime_ns,4,2119.875,49.14498109335954,2041.6743682481,2198.0756317519
pyjsonpath_2_0_0,bd6f3eedabc1d3d0e31d6359ac6bbfce3620797f,runtime_ns,3,8312.0,126.87493842363038,7996.825180785859,8627.17481921414
pyjsonpath_1_3_2,24b4946e70939a0905009f6725741d53cc1cd1a7,runtime_ns,3,14034.833333333334,52.617329211328595,13904.12464154789,14165.542025118777
pyjsonpath_2_0_0,24b4946e70939a0905009f6725741d53cc1cd1a7,runtime_ns,4,16677.0,376.0558469163855,16078.611229700307,17275.388770299694
pyjsonpath_1_3_2,95ae15e6aafce12cf02ece99c322a736f90afafc,runtime_ns,3,16875.166666666668,219.49278651776538,16329.916358220722,17420.416975112614
pyjsonpath_2_0_0,95ae15e6aafce12cf02ece99c322a736f90afafc,runtime_ns,3,17382.0,169.77705969888865,16960.250403411905,17803.749596588095
pyjsonpath_1_3_2,8c308c73a801a452bd6909b3a46c5d5c79118bb3,runtime_ns,3,11410.166666666666,72.9902961586904,11228.848719387039,11591.484613946293
pyjsonpath_2_0_0,8c308c73a801a452bd6909b3a46c5d5c79118bb3,runtime_ns,3,11354.166666666666,220.16433256395854,10807.248145362195,11901.085187971137
pyjsonpath_1_3_2,8599c2d3306b9f1fec2c8a0500e0d46e929c382c,runtime_ns,3,78902.83333333333,398.92365602121583,77911.85203530171,79893.81463136495
pyjsonpath_2_0_0,8599c2d3306b9f1fec2c8a0500e0d46e929c382c,runtime_ns,3,74145.66666666667,445.2449700258649,73039.61684565828,75251.71648767506
pyjsonpath_1_3_2,a7769522b3e500049a4972b8fb45f2fb581646e9,runtime_ns,3,2625.1666666666665,41.750249500252494,2521.453297408104,2728.880035925229
pyjsonpath_2_0_0,a7769522b3e500049a4972b8fb45f2fb581646e9,runtime_ns,3,4305.666666666667,43.635803342362486,4197.269322001383,4414.0640113319505
pyjsonpath_1_3_2,97747e9188406323f973e821e371505bd2c2bcd2,runtime_ns,5,1324.8,45.598245580285216,1268.182300081706,1381.417699918294
pyjsonpath_2_0_0,97747e9188406323f973e821e371505bd2c2bcd2,runtime_ns,3,1334.0,0.0,1334.0,1334.0
pyjsonpath_1_3_2,91f963623bfc3da8fd1f6221cc24e786fdb7b20e,runtime_ns,3,9972.333333333334,31.860372460681205,9893.187780593344,10051.478886073324
pyjsonpath_2_0_0,91f963623bfc3da8fd1f6221cc24e786fdb7b20e,runtime_ns,3,9833.166666666666,41.750249500252494,9729.453297408103,9936.88003592523
pyjsonpath_1_3_2,7da3ad6a2494a0bb6d0c00380b1248e23050a00e,runtime_ns,3,15881.833333333334,43.635803342362486,15773.43598866805,15990.230677998617
pyjsonpath_2_0_0,7da3ad6a2494a0bb6d0c00380b1248e23050a00e,runtime_ns,3,16555.5,73.25127985230019,16373.533733284923,16737.466266715077
pyjsonpath_1_3_2,e3e61b775abc987c3e2424c87cebb0f26c847b8d,runtime_ns,3,15749.833333333334,144.33843332021218,15391.276787867635,16108.389878799033
pyjsonpath_2_0_0,e3e61b775abc987c3e2424c87cebb0f26c847b8d,runtime_ns,3,16763.5,224.71704430238486,16205.271915775376,17321.728084224625
pyjsonpath_1_3_2,e083108caf98ab77e117109cc5757d8e271a6bb6,runtime_ns,3,15625.0,90.67662322781986,15399.746780665597,15850.253219334403
pyjsonpath_2_0_0,e083108caf98ab77e117109cc5757d8e271a6bb6,runtime_ns,3,16597.166666666668,84.1491730995221,16388.12853235754,16806.204800975796
pyjsonpath_1_3_2,a409c5dd6b0a1ede17cb60a579c452c12e8b1616,runtime_ns,3,15798.666666666666,107.21162872251001,15532.338216618904,16064.995116714428
pyjsonpath_2_0_0,a409c5dd6b0a1ede17cb60a579c452c12e8b1616,runtime_ns,3,16833.333333333332,75.30161574185067,16646.273749913267,17020.392916753397
pyjsonpath_1_3_2,a3ad6e4ccb4b78c50cc5f05ea02fd2cbc72a840d,runtime_ns,3,15680.833333333334,104.93609166217948,15420.157630711625,15941.509035955043
pyjsonpath_2_0_0,a3ad6e4ccb4b78c50cc5f05ea02fd2cbc72a840d,runtime_ns,3,16660.166666666668,78.93246058076065,16464.087564656755,16856.24576867658
pyjsonpath_1_3_2,23da43f01ebaabc0835a9da801ed8245eed30469,runtime_ns,3,15576.333333333334,31.860372460681205,15497.187780593344,15655.478886073324
pyjsonpath_2_0_0,23da43f01ebaabc0835a9da801ed8245eed30469,runtime_ns,4,16359.5,357.74874795960733,15790.241909418037,16928.758090581963
pyjsonpath_1_3_2,a62a22e6d6b58d9cea7b6b43d58e060a3f7fc212,runtime_ns,3,15687.5,108.25317547305482,15418.584204390658,15956.415795609342
pyjsonpath_2_0_0,a62a22e6d6b58d9cea7b6b43d58e060a3f7fc212,runtime_ns,3,16666.5,35.940923749953896,16577.217795917597,16755.782204082403
pyjsonpath_1_3_2,06ae40273e3cd61e1714b0393b6b12fa72acc6d2,runtime_ns,3,15930.5,48.06506007486103,15811.099771650492,16049.900228349508
pyjsonpath_2_0_0,06ae40273e3cd61e1714b0393b6b12fa72acc6d2,runtime_ns,3,16673.333333333332,11.835680518387328,16643.93187301338,16702.734793653286
pyjsonpath_1_3_2,e9bd2e1ff43767a13fddefb32685a7c9050ad607,runtime_ns,3,15847.166666666666,52.58405968859131,15716.540620957307,15977.792712376026
pyjsonpath_2_0_0,e9bd2e1ff43767a13fddefb32685a7c9050ad607,runtime_ns,3,16764.166666666668,84.1491730995221,16555.12853235754,16973.204800975796
pyjsonpath_1_3_2,8043a17a432500fb11287d7010b53ff20dfd739b,runtime_ns,3,15854.0,177.63938189489403,15412.719312342875,16295.280687657125
pyjsonpath_2_0_0,8043a17a432500fb11287d7010b53ff20dfd739b,runtime_ns,3,16812.5,41.5,16709.408284962363,16915.591715037637
pyjsonpath_1_3_2,5f73a058bf956d26f40da5d3f50db7d5412d128f,runtime_ns,4,355614.5,6125.4073061851705,345867.6100750366,365361.3899249634
pyjsonpath_2_0_0,5f73a058bf956d26f40da5d3f50db7d5412d128f,runtime_ns,3,361590.3333333333,3709.5762673563318,352375.2350329794,370805.4316336872
pyjsonpath_1_3_2,82629634382ca22b7b5c7a716083ce69bf3e5829,runtime_ns,3,923111.1666666666,1756.1364079516527,918748.6819886962,927473.651344637
pyjsonpath_2_0_0,82629634382ca22b7b5c7a716083ce69bf3e5829,runtime_ns,0,nan,0,nan,nan
pyjsonpath_1_3_2,a0b59ab825761c2e962b69549a64a1c027cd5791,runtime_ns,3,279333.1666666667,225.13903111929156,278773.89030907635,279892.443024257
pyjsonpath_2_0_0,a0b59ab825761c2e962b69549a64a1c027cd5791,runtime_ns,0,nan,0,nan,nan
pyjsonpath_1_3_2,dac04b7f68407c6d5b0ce408a4cb9fe32d7bbcc7,runtime_ns,3,209090.16666666666,871.9875763640978,206924.02944404283,211256.3038892905
pyjsonpath_2_0_0,dac04b7f68407c6d5b0ce408a4cb9fe32d7bbcc7,runtime_ns,3,198298.5,1032.7440389564106,195733.02158624303,200863.97841375697
pyjsonpath_1_3_2,35af96a47fde354b166dec7da870e69dd72c0da9,runtime_ns,3,616173.5,1671.8620606975924,612020.3644061765,620326.6355938235
pyjsonpath_2_0_0,35af96a47fde354b166dec7da870e69dd72c0da9,runtime_ns,3,615194.5,1594.3349710772827,611233.9523731845,619155.0476268155
pyjsonpath_1_3_2,000564df542ba526d88cb00401fafeb3bf24ac7a,runtime_ns,3,541798.5,2059.7400321399787,536681.8221097592,546915.1778902408
pyjsonpath_2_0_0,000564df542ba526d88cb00401fafeb3bf24ac7a,runtime_ns,0,nan,0,nan,nan
pyjsonpath_1_3_2,9da248dc172413c7f41a9976ebfe934b01da990a,runtime_ns,3,2486.3333333333335,23.671361036774655,2427.5304126934243,2545.1362539732427
pyjsonpath_2_0_0,9da248dc172413c7f41a9976ebfe934b01da990a,runtime_ns,4,2698.0,62.444642150734865,2598.6366396513154,2797.3633603486846
pyjsonpath_1_3_2,5916ccebc7ceb339b55ddb5c9ea1393f46cd7dcf,runtime_ns,3,1403.0,24.24871130596428,1342.7628617835076,1463.2371382164924
pyjsonpath_2_0_0,5916ccebc7ceb339b55ddb5c9ea1393f46cd7dcf,runtime_ns,3,2882.1666666666665,31.860372460681205,2803.0211139266767,2961.3122194066564
pyjsonpath_1_3_2,ffd60f60e8ac513376d9f967888cdf8d14de3c00,runtime_ns,4,1557.5,31.0,1508.1720822681025,1606.8279177318975
pyjsonpath_2_0_0,ffd60f60e8ac513376d9f967888cdf8d14de3c00,runtime_ns,3,1569.8333333333333,24.105670149019574,1509.9515290491395,1629.715137617527
pyjsonpath_1_3_2,88093ee6b020f9645eef90843d5b841e562f2de9,runtime_ns,4,1843.75,51.9879793798528,1761.0255235517109,1926.4744764482891
pyjsonpath_2_0_0,88093ee6b020f9645eef90843d5b841e562f2de9,runtime_ns,5,1700.1,54.282133340538486,1632.699829285357,1767.5001707146428
pyjsonpath_1_3_2,363a44a632a0fcca862518026cd100d5bb964aad,runtime_ns,3,2569.5,24.253865671269807,2509.250057630272,2629.749942369728
pyjsonpath_2_0_0,363a44a632a0fcca862518026cd100d5bb964aad,runtime_ns,5,2233.2,63.03729055091121,2154.928865778623,2311.471134221377
pyjsonpath_1_3_2,56ed0733dfa407a429937d8187ebe52f59b4b3a5,runtime_ns,3,1722.3333333333333,23.96525262402492,1662.8003455183693,1781.8663211482972
pyjsonpath_2_0_0,56ed0733dfa407a429937d8187ebe52f59b4b3a5,runtime_ns,3,1625.0,0.0,1625.0,1625.0
pyjsonpath_1_3_2,5129caea4a3f2399fa7d482b7ca33a0ab363935b,runtime_ns,4,1468.625,39.99453087610855,1404.9847764908866,1532.2652235091134
pyjsonpath_2_0_0,5129caea4a3f2399fa7d482b7ca33a0ab363935b,runtime_ns,3,17868.0,96.12881982007269,17629.202773498906,18106.797226501094
pyjsonpath_1_3_2,ca04049c6fb34113694adc45765de2ebb3e8da96,runtime_ns,3,2979.1666666666665,21.001984033260605,2926.9948461080658,3031.3384872252673
pyjsonpath_2_0_0,ca04049c6fb34113694adc45765de2ebb3e8da96,runtime_ns,3,3382.0,52.35217282978807,3251.9499931814526,3512.0500068185474
pyjsonpath_1_3_2,543dd7c0146db7b9a67511eadbd9ec5028967dbf,runtime_ns,3,4687.5,62.5,4532.241393015604,4842.758606984396
pyjsonpath_2_0_0,543dd7c0146db7b9a67511eadbd9ec5028967dbf,runtime_ns,3,5180.166666666667,24.537386440559096,5119.212419661883,5241.120913671451
pyjsonpath_1_3_2,9b49a2f057eea3dee0d62b7a0546c18c90907de4,runtime_ns,4,2952.875,59.926865149669446,2857.5179847085997,3048.2320152914003
pyjsonpath_2_0_0,9b49a2f057eea3dee0d62b7a0546c18c90907de4,runtime_ns,3,4521.166666666667,36.08439182435161,4431.52806813022,4610.805265203114
pyjsonpath_1_3_2,0fddf091c331097da0a2450c40fc826051870413,runtime_ns,3,57479.166666666664,366.2165798176447,56569.43425007343,58388.8990832599
pyjsonpath_2_0_0,0fddf091c331097da0a2450c40fc826051870413,runtime_ns,3,53430.833333333336,98.48392423808737,53186.18570313234,53675.48096353433
pyjsonpath_1_3_2,e3511e9ec8826281e5a130d765864a02b5f414d6,runtime_ns,3,2576.5,12.134661099511597,2546.3558307433937,2606.6441692566063
pyjsonpath_2_0_0,e3511e9ec8826281e5a130d765864a02b5f414d6,runtime_ns,3,2764.0,31.752952618614856,2685.1212929406774,2842.8787070593226
pyjsonpath_1_3_2,4c30b5e7d8c5552055db7cc1d98c3882d660f2a2,runtime_ns,3,415541.6666666667,2533.7766936597495,409247.41642879247,421835.9169045409
pyjsonpath_2_0_0,4c30b5e7d8c5552055db7cc1d98c3882d660f2a2,runtime_ns,3,1046465.3333333334,5033.2613764172165,1033962.018935079,1058968.6477315878
pyjsonpath_1_3_2,a758940e9d9d4b3be24794e91c106a48888ffc5c,runtime_ns,3,415201.6666666667,390.85621823546995,414230.72599507583,416172.60733825754
pyjsonpath_2_0_0,a758940e9d9d4b3be24794e91c106a48888ffc5c,runtime_ns,3,1041576.5,716.4518476492332,1039796.7349466013,1043356.2650533987
pyjsonpath_1_3_2,cf00756a2e719a870e13016ccb1299fdafa3dee7,runtime_ns,3,246715.5,918.6216577024516,244433.51729727074,248997.48270272926
pyjsonpath_2_0_0,cf00756a2e719a870e13016ccb1299fdafa3dee7,runtime_ns,3,829951.5,13408.15158774691,796643.8049960128,863259.1950039872
pyjsonpath_1_3_2,91288522f61e35cd0309488c5704bcb3b9685a2f,runtime_ns,3,305868.1666666667,1758.0739698127986,301500.8688182081,310235.46451512526
pyjsonpath_2_0_0,91288522f61e35cd0309488c5704bcb3b9685a2f,runtime_ns,3,920743.0,15921.679331967467,881191.3559370638,960294.6440629362
pyjsonpath_1_3_2,d72f98045506b375b8cef01f6ed3937ed171d511,runtime_ns,3,286576.5,2419.081695602693,280567.16793214844,292585.83206785156
pyjsonpath_2_0_0,d72f98045506b375b8cef01f6ed3937ed171d511,runtime_ns,3,776076.5,4628.76249660749,764578.0165234418,787574.9834765582
pyjsonpath_1_3_2,1f4aa512064da40302c5ebc1f6773e07a341f73d,runtime_ns,4,224239.375,4175.1619005534785,217595.76071781115,230882.98928218885
pyjsonpath_2_0_0,1f4aa512064da40302c5ebc1f6773e07a341f73d,runtime_ns,3,470409.5,2226.1368444010805,464879.4695133064,475939.5304866936
pyjsonpath_1_3_2,9dc596fe1339849aeaeeb719d14220e0fba162fa,runtime_ns,3,368687.3333333333,2747.96580825405,361861.007838449,375513.65882821765
pyjsonpath_2_0_0,9dc596fe1339849aeaeeb719d14220e0fba162fa,runtime_ns,3,1011854.1666666666,1763.5989717998061,1007473.1439524146,1016235.1893809186
pyjsonpath_1_3_2,418a613c7504712e7535c006d2a1dd0d25a9b114,runtime_ns,3,366840.0,4288.075092626061,356187.8309515903,377492.1690484097
pyjsonpath_2_0_0,418a613c7504712e7535c006d2a1dd0d25a9b114,runtime_ns,3,979020.8333333334,3194.447226568837,971085.3865096174,986956.2801570493
pyjsonpath_1_3_2,32a38e3c1dd5b39f6341b5a7583e4f0bb31f161a,runtime_ns,3,365868.1666666667,3759.9175966147627,356528.0135718423,375208.3197614911
pyjsonpath_2_0_0,32a38e3c1dd5b39f6341b5a7583e4f0bb31f161a,runtime_ns,3,975152.6666666666,8119.734052500324,954982.1290974673,995323.204235866
pyjsonpath_1_3_2,bbc16dbf9beb0672ed34323079eb6b3f7afd2e71,runtime_ns,3,927493.3333333334,1203.3812086505811,924503.9686913128,930482.6979753539
pyjsonpath_2_0_0,bbc16dbf9beb0672ed34323079eb6b3f7afd2e71,runtime_ns,3,3193646.3333333335,9159.622294796513,3170892.5701654404,3216400.0965012265
pyjsonpath_1_3_2,24240e0bb7899ce84549096083e70f8ce545d132,runtime_ns,3,15041.5,36.376503405357695,14951.135756069136,15131.864243930864
pyjsonpath_2_0_0,24240e0bb7899ce84549096083e70f8ce545d132,runtime_ns,3,32027.666666666668,196.96784847617474,31538.371406264676,32516.96192706866
pyjsonpath_1_3_2,1269fe71bd4a034dffe9a1d804b84354220a04eb,runtime_ns,4,2052.25,39.953097501945955,1988.6757062351462,2115.824293764854
pyjsonpath_2_0_0,1269fe71bd4a034dffe9a1d804b84354220a04eb,runtime_ns,3,1972.1666666666667,24.105670149019574,1912.284862382473,2032.0484709508605
pyjsonpath_1_3_2,fea50ff3b93d31342c22dbd2d144e9b384728b38,runtime_ns,3,102013.66666666667,1009.0912165574197,99506.94512102037,104520.38821231297
pyjsonpath_2_0_0,fea50ff3b93d31342c22dbd2d144e9b384728b38,runtime_ns,3,98659.83333333333,1125.8798041235723,95862.99285301189,101456.67381365476
pyjsonpath_1_3_2,95fbf30587a9b0682c5ecfb0b4c01b1c0541026a,runtime_ns,4,1479.25,29.463253950189095,1432.3673881622926,1526.1326118377074
pyjsonpath_2_0_0,95fbf30587a9b0682c5ecfb0b4c01b1c0541026a,runtime_ns,3,1333.6666666666667,0.5773502691896257,1332.2324490900835,1335.10088424325
pyjsonpath_1_3_2,de09997a04b382482933d3bb575474d0e14c248f,runtime_ns,4,1546.75,35.47416900600586,1490.3026809569135,1603.1973190430865
pyjsonpath_2_0_0,de09997a04b382482933d3bb575474d0e14c248f,runtime_ns,4,1578.125,26.659504246453395,1535.7037796050895,1620.5462203949105
pyjsonpath_1_3_2,a3ad7d9c24f61e6db2261f46d02940e603538c56,runtime_ns,3,2278.0,24.24871130596428,2217.7628617835076,2338.2371382164924
pyjsonpath_2_0_0,a3ad7d9c24f61e6db2261f46d02940e603538c56,runtime_ns,3,13555.5,261.95944342588604,12904.75666763663,14206.24333236337
pyjsonpath_1_3_2,fdcb0346cb4a8cb8121b190fb72dd3dd034b878e,runtime_ns,3,1222.6666666666667,23.671361036774655,1163.8637460267573,1281.4695873065762
pyjsonpath_2_0_0,fdcb0346cb4a8cb8121b190fb72dd3dd034b878e,runtime_ns,3,7631.666666666667,43.434817063426586,7523.768599596432,7739.564733736902
pyjsonpath_1_3_2,2a27ab268685d7ec398db43c83b3a8ed5b984a84,runtime_ns,3,5520.666666666667,20.750502001959696,5469.119562105848,5572.213771227486
pyjsonpath_2_0_0,2a27ab268685d7ec398db43c83b3a8ed5b984a84,runtime_ns,3,5604.0,55.088565056643105,5467.152418056581,5740.847581943419
pyjsonpath_1_3_2,96fcbfd96e04bc4c7272da038029802cbf9908eb,runtime_ns,3,17527.5,263.7361370764348,16872.343115937074,18182.656884062926
pyjsonpath_2_0_0,96fcbfd96e04bc4c7272da038029802cbf9908eb,runtime_ns,3,17777.666666666668,312.77960824410104,17000.679046361,18554.654286972334
pyjsonpath_1_3_2,e0de269d7478a356a385dacf9c9fa076481dab7a,runtime_ns,3,2152.5,23.817010727629107,2093.3352654703344,2211.6647345296656
pyjsonpath_2_0_0,e0de269d7478a356a385dacf9c9fa076481dab7a,runtime_ns,3,2791.8333333333335,41.750249500252494,2688.119964074771,2895.546702591896
pyjsonpath_1_3_2,b7e4d60296eaf352712f7f79910e6dc9cbade172,runtime_ns,3,4409.666666666667,31.80539786472311,4330.657678393685,4488.675654939649
pyjsonpath_2_0_0,b7e4d60296eaf352712f7f79910e6dc9cbade172,runtime_ns,3,7861.166666666667,31.860372460681205,7782.021113926678,7940.312219406656
pyjsonpath_1_3_2,e1a9dc78b434b6a35ae51243b7d53d21761201fb,runtime_ns,3,83701.16666666667,742.6850498921689,81856.23472627637,85546.09860705698
pyjsonpath_2_0_0,e1a9dc78b434b6a35ae51243b7d53d21761201fb,runtime_ns,3,154993.0,842.8711348717549,152899.19202771928,157086.80797228072
pyjsonpath_1_3_2,2795910bffb57ad500bc38d31eb46678db9474c5,runtime_ns,3,126354.16666666667,385.67224859112343,125396.10368956592,127312.22964376742
pyjsonpath_2_0_0,2795910bffb57ad500bc38d31eb46678db9474c5,runtime_ns,3,217541.66666666666,1725.5051675765371,213255.27420806972,221828.0591252636
pyjsonpath_1_3_2,35c6967985a45ca9381d99cfa466d033aef795c4,runtime_ns,3,414416.5,3944.0435152264736,404618.95276704157,424214.04723295843
pyjsonpath_2_0_0,35c6967985a45ca9381d99cfa466d033aef795c4,runtime_ns,3,1045916.6666666666,3979.602942924499,1036030.7849183553,1055802.548414978
pyjsonpath_1_3_2,9be8c3e48970030381f8651b46734f63d7998d23,runtime_ns,3,362958.5,1095.088466745952,360238.1494420535,365678.8505579465
pyjsonpath_2_0_0,9be8c3e48970030381f8651b46734f63d7998d23,runtime_ns,3,973160.0,4785.49143244453,961272.1802634065,985047.8197365935
pyjsonpath_1_3_2,691b01020916ca024ed712cd60bf2da305f3dc34,runtime_ns,3,226090.5,150.60461480313276,225716.3773968039,226464.6226031961
pyjsonpath_2_0_0,691b01020916ca024ed712cd60bf2da305f3dc34,runtime_ns,3,470944.5,1163.5902414510015,468053.9816001869,473835.0183998131
pyjsonpath_1_3_2,c9a58a993efa330d1c810ce703efa04f6ed1c629,runtime_ns,3,1555.6666666666667,11.835680518387328,1526.2652063467121,1585.0681269866213
pyjsonpath_2_0_0,c9a58a993efa330d1c810ce703efa04f6ed1c629,runtime_ns,3,61028.0,150.60461480313276,60653.8773968039,61402.1226031961
pyjsonpath_1_3_2,467575ee058564519da8b6b502115e730c1e05f3,runtime_ns,0,nan,0,nan,nan
pyjsonpath_2_0_0,467575ee058564519da8b6b502115e730c1e05f3,runtime_ns,0,nan,0,nan,nan
pyjsonpath_1_3_2,1bea0caab8cfc7a7fc1c31f8579248487e8580e6,runtime_ns,3,5138.833333333333,52.617329211328595,5008.124641547889,5269.542025118777
pyjsonpath_2_0_0,1bea0caab8cfc7a7fc1c31f8579248487e8580e6,runtime_ns,3,16951.5,60.18928476066151,16801.981527882763,17101.018472117237
pyjsonpath_1_3_2,59bfe4f53a6a61096c27724f2430ac235ac50c86,runtime_ns,3,1305.6666666666667,23.671361036774655,1246.8637460267573,1364.4695873065762
pyjsonpath_2_0_0,59bfe4f53a6a61096c27724f2430ac235ac50c86,runtime_ns,3,20805.5,312.63517076618234,20028.87118228022,21582.12881771978
pyjsonpath_1_3_2,8925228d028c5e28ce11ae23c0e616f7db251eeb,runtime_ns,3,4041.6666666666665,62.50066666311115,3886.4064035992956,4196.926929734038
pyjsonpath_2_0_0,8925228d028c5e28ce11ae23c0e616f7db251eeb,runtime_ns,3,4249.833333333333,35.795716689756794,4160.911843585178,4338.754823081488
pyjsonpath_1_3_2,bfb6e0d71cf8c2a5afcf390a1eca73699b9297b9,runtime_ns,3,2097.6666666666665,23.671361036774655,2038.863746026757,2156.4695873065757
pyjsonpath_2_0_0,bfb6e0d71cf8c2a5afcf390a1eca73699b9297b9,runtime_ns,4,2125.0,51.03103630798288,2043.7982335234306,2206.2017664765694
pyjsonpath_1_3_2,c291c74cd51b01c210b796acd245aae85f2ecd23,runtime_ns,3,11041.833333333334,20.750502001959696,10990.286228772515,11093.380437894153
pyjsonpath_2_0_0,c291c74cd51b01c210b796acd245aae85f2ecd23,runtime_ns,3,16062.5,21.0,16010.333108053243,16114.666891946757
pyjsonpath_1_3_2,758dda52f281a16b47b3cc9142ee9416d48e5d6b,runtime_ns,3,1118.1666666666667,11.835680518387328,1088.7652063467121,1147.5681269866213
pyjsonpath_2_0_0,758dda52f281a16b47b3cc9142ee9416d48e5d6b,runtime_ns,4,9146.0,275.4208900331757,8707.743903057984,9584.256096942016
pyjsonpath_1_3_2,eaca8ec0f7b062f82bd87adb8f8aa3e1365de8cb,runtime_ns,3,3583.0,62.5,3427.7413930156044,3738.2586069843956
pyjsonpath_2_0_0,eaca8ec0f7b062f82bd87adb8f8aa3e1365de8cb,runtime_ns,3,3944.3333333333335,32.296800667145554,3864.103632827194,4024.563033839473
pyjsonpath_1_3_2,a145966af33ee0648eeee2c4f8ff64384b787d4a,runtime_ns,4,2750.25,83.5,2617.3828667544053,2883.1171332455947
pyjsonpath_2_0_0,a145966af33ee0648eeee2c4f8ff64384b787d4a,runtime_ns,3,3805.5,23.817010727629107,3746.3352654703344,3864.6647345296656
pyjsonpath_1_3_2,35b62ec3045e11c814174d24f8a03e760dfc826b,runtime_ns,3,69354.0,477.40627352392426,68168.05707211302,70539.94292788698
pyjsonpath_2_0_0,35b62ec3045e11c814174d24f8a03e760dfc826b,runtime_ns,3,111159.83333333333,440.1165565317139,110066.5231976872,112253.14346897946
pyjsonpath_1_3_2,a4f8d700c93027881883d5a3bc4bdaa2fd254ef3,runtime_ns,3,16909.5,179.75052155696238,16462.97495069356,17356.02504930644
pyjsonpath_2_0_0,a4f8d700c93027881883d5a3bc4bdaa2fd254ef3,runtime_ns,3,17506.833333333332,176.9959980715195,17067.15089969498,17946.515766971683
pyjsonpath_1_3_2,f2c36c6f7a5a24a8a0551414fecaf3220096ee01,runtime_ns,4,2687.75,56.37597005817283,2598.0432511907916,2777.4567488092084
pyjsonpath_2_0_0,f2c36c6f7a5a24a8a0551414fecaf3220096ee01,runtime_ns,3,3395.5,20.5,3344.5751769091185,3446.4248230908815
pyjsonpath_1_3_2,2eaaf69ef405a061343b0c7f8464fd7910900481,runtime_ns,4,9536.375,237.938148475607,9157.76230924888,9914.98769075112
pyjsonpath_2_0_0,2eaaf69ef405a061343b0c7f8464fd7910900481,runtime_ns,4,18984.375,410.8086283985119,18330.686799187242,19638.063200812758
pyjsonpath_1_3_2,57f8d680b61e22e54b9d8f23c777cd521d573ba3,runtime_ns,3,35486.0,182.15858475515228,35033.49299009066,35938.50700990934
pyjsonpath_2_0_0,57f8d680b61e22e54b9d8f23c777cd521d573ba3,runtime_ns,4,30828.25,801.7481420828697,29552.489793730147,32104.010206269853
pyjsonpath_1_3_2,eba9f25521479a98c18d10f0ae4cf63f4f53ace5,runtime_ns,3,66625.16666666667,422.7062612894838,65575.10610200447,67675.22723132887
pyjsonpath_2_0_0,eba9f25521479a98c18d10f0ae4cf63f4f53ace5,runtime_ns,3,57326.333333333336,1113.9244064717018,54559.19170717788,60093.47495948879
pyjsonpath_1_3_2,a8ccb3d9c65bf047dbc644bf0ee25fb7ac0b5917,runtime_ns,3,97409.83333333333,138.7987151717671,97065.03821063264,97754.62845603401
pyjsonpath_2_0_0,a8ccb3d9c65bf047dbc644bf0ee25fb7ac0b5917,runtime_ns,3,97416.5,42.0,97312.16621610649,97520.83378389351
pyjsonpath_1_3_2,dab12032538da0aac5fee51f513aefce92f8bda7,runtime_ns,0,nan,0,nan,nan
pyjsonpath_2_0_0,dab12032538da0aac5fee51f513aefce92f8bda7,runtime_ns,0,nan,0,nan,nan
pyjsonpath_1_3_2,71905996c9963d288cf90aa254df78f14874901a,runtime_ns,3,20375.0,116.11524447720032,20086.553742285076,20663.446257714924
pyjsonpath_2_0_0,71905996c9963d288cf90aa254df78f14874901a,runtime_ns,3,17625.0,115.93532679903913,17337.00068257441,17912.99931742559
pyjsonpath_1_3_2,209a31deefffbaaf03932893d9a77fcaa14e7049,runtime_ns,4,1844.0,43.07551508687969,1775.4572430817836,1912.5427569182164
pyjsonpath_2_0_0,209a31deefffbaaf03932893d9a77fcaa14e7049,runtime_ns,4,1833.25,33.88583774971485,1779.3300704259884,1887.1699295740116
pyjsonpath_1_3_2,7351bde475a544a4082cb14e27975fc29af2aee7,runtime_ns,3,90611.16666666667,325.43445320576205,89802.7426687554,91419.59066457795
pyjsonpath_2_0_0,7351bde475a544a4082cb14e27975fc29af2aee7,runtime_ns,3,87729.16666666667,289.27596397442585,87010.56533545487,88447.76799787847
pyjsonpath_1_3_2,60a82dedd9417e54d7ee7ca3f09f56f405ca795a,runtime_ns,3,1972409.5,4937.566227403942,1960143.905530241,1984675.094469759
pyjsonpath_2_0_0,60a82dedd9417e54d7ee7ca3f09f56f405ca795a,runtime_ns,3,1967576.6666666667,6612.602746523742,1951150.0508112032,1984003.2825221303
pyjsonpath_1_3_2,55924249bd22b818bd3b58d1f7c8ca10a6c3a264,runtime_ns,3,5257.0,31.58718094417417,5178.533092608695,5335.466907391305
pyjsonpath_2_0_0,55924249bd22b818bd3b58d1f7c8ca10a6c3a264,runtime_ns,3,5062.666666666667,95.19760151040221,4826.182714686497,5299.150618646837
pyjsonpath_1_3_2,008e57832db142fed3f37e4fc9117401de9bc238,runtime_ns,3,5486.0,11.6940155635265,5456.9504549368485,5515.0495450631515
pyjsonpath_2_0_0,008e57832db142fed3f37e4fc9117401de9bc238,runtime_ns,3,6645.833333333333,21.001984033260605,6593.661512774732,6698.005153891934
pyjsonpath_1_3_2,3befa16808b5b3d93591e7e8dc3952106be3b2d1,runtime_ns,3,5958.166666666667,62.750166002436465,5802.286612881421,6114.046720451913
pyjsonpath_2_0_0,3befa16808b5b3d93591e7e8dc3952106be3b2d1,runtime_ns,3,5645.666666666667,20.750502001959696,5594.119562105848,5697.213771227486
pyjsonpath_1_3_2,678fc58ed868c0132c1631c1032015a7585d2d9e,runtime_ns,3,3979.0,55.560777532356404,3840.979377237703,4117.020622762297
pyjsonpath_2_0_0,678fc58ed868c0132c1631c1032015a7585d2d9e,runtime_ns,3,4104.333333333333,54.90066787693328,3967.9525138599633,4240.714152806703
pyjsonpath_1_3_2,1c2aee94b2825bd48a80d6541d91336a45a37428,runtime_ns,3,2764.0,24.24871130596428,2703.7628617835076,2824.2371382164924
pyjsonpath_2_0_0,1c2aee94b2825bd48a80d6541d91336a45a37428,runtime_ns,3,2659.6666666666665,43.515322971722654,2551.568611833615,2767.7647214997182
pyjsonpath_1_3_2,e5a9f33a384e9893e1d8e1c16b2cca7785775df5,runtime_ns,3,3125.0,0.0,3125.0,3125.0
pyjsonpath_2_0_0,e5a9f33a384e9893e1d8e1c16b2cca7785775df5,runtime_ns,3,2625.0,0.0,2625.0,2625.0
pyjsonpath_1_3_2,eee22812660451c2cd3bbc8e875e4f0543d63c3d,runtime_ns,3,3291.8333333333335,41.750249500252494,3188.119964074771,3395.546702591896
pyjsonpath_2_0_0,eee22812660451c2cd3bbc8e875e4f0543d63c3d,runtime_ns,4,2651.125,66.62128663823098,2545.1156662424573,2757.1343337575427
pyjsonpath_1_3_2,2224baf98b964100b12b6ee6f44fd533b7f0c4d2,runtime_ns,5,5237.4,180.23540162798207,5013.6081905967385,5461.191809403261
pyjsonpath_2_0_0,2224baf98b964100b12b6ee6f44fd533b7f0c4d2,runtime_ns,4,6177.125,180.41266354296383,5890.048192740651,6464.201807259349
pyjsonpath_1_3_2,a415a3fddaaf5b6e628cbe914fca49681f12052f,runtime_ns,3,518402.8333333333,638.0128002895658,516817.9216755546,519987.74499111203
pyjsonpath_2_0_0,a415a3fddaaf5b6e628cbe914fca49681f12052f,runtime_ns,3,509444.6666666667,2235.9479160600617,503890.26412687235,514999.069206461
pyjsonpath_1_3_2,4db2e8be10c7984d97fbbaa46a44429062ddf31b,runtime_ns,3,4187.5,55.1837838499681,4050.4158814612156,4324.584118538784
pyjsonpath_2_0_0,4db2e8be10c7984d97fbbaa46a44429062ddf31b,runtime_ns,3,5041.833333333333,0.28867513459481287,5041.116224545041,5042.550442121625
pyjsonpath_1_3_2,8fe07c68a67f12d304365c95ed08896060b4daec,runtime_ns,6,926.75,47.04970775679696,877.3743598333267,976.1256401666733
pyjsonpath_2_0_0,8fe07c68a67f12d304365c95ed08896060b4daec,runtime_ns,4,901.125,20.150992531386635,869.0602741353445,933.1897258646555
pyjsonpath_1_3_2,4a3ded1600dad9730ca76c68cae644881275bd97,runtime_ns,5,1296.1,37.370442865987016,1249.6984664963732,1342.5015335036267
pyjsonpath_2_0_0,4a3ded1600dad9730ca76c68cae644881275bd97,runtime_ns,3,20180.0,104.70434565957613,19919.899986362903,20440.100013637097
pyjsonpath_1_3_2,1eb1aa22c4320d60ed6f50837cf09fe77f6201ac,runtime_ns,4,68161.375,1175.3116164802138,66291.19194428776,70031.55805571224
pyjsonpath_2_0_0,1eb1aa22c4320d60ed6f50837cf09fe77f6201ac,runtime_ns,4,88531.125,2363.3564541064616,84770.49749228025,92291.75250771975
pyjsonpath_1_3_2,b3d81e11b7a633a16ea30812cef8ccb7a7aea05e,runtime_ns,3,917.0,0.0,917.0,917.0
pyjsonpath_2_0_0,b3d81e11b7a633a16ea30812cef8ccb7a7aea05e,runtime_ns,3,916.6666666666666,0.5773502691896257,915.2324490900835,918.1008842432498
pyjsonpath_1_3_2,aeb1f5341b7237b55d2404a3edcb2eb3ee3018a4,runtime_ns,4,906.0,20.672042311618206,873.106167661361,938.893832338639
pyjsonpath_2_0_0,aeb1f5341b7237b55d2404a3edcb2eb3ee3018a4,runtime_ns,4,906.25,20.838665984174707,873.091032215811,939.408967784189
pyjsonpath_1_3_2,13e4523ba95ea824cae84ac0664198b1dbeaa586,runtime_ns,4,28208.5,590.2526295296503,27269.276349984684,29147.723650015316
pyjsonpath_2_0_0,13e4523ba95ea824cae84ac0664198b1dbeaa586,runtime_ns,3,33020.666666666664,416.08302456761356,31987.059134119118,34054.27419921421
pyjsonpath_1_3_2,8f815b6ebfeddb0c1a071d55390f82f9f3ac2259,runtime_ns,4,895.5,23.671361036774655,857.8335822637399,933.1664177362601
pyjsonpath_2_0_0,8f815b6ebfeddb0c1a071d55390f82f9f3ac2259,runtime_ns,3,917.0,0.0,917.0,917.0
pyjsonpath_1_3_2,cbc2c93e94c7cf1fcb93a4215b7077cba1ad18be,runtime_ns,4,896.0,24.24871130596428,857.4148891482214,934.5851108517786
pyjsonpath_2_0_0,cbc2c93e94c7cf1fcb93a4215b7077cba1ad18be,runtime_ns,6,916.6666666666666,34.781700169294005,880.1655108928333,953.1678224405
pyjsonpath_1_3_2,18aa351bfd168da656ac964d1f29ccb6db515255,runtime_ns,3,1305.5,23.817010727629107,1246.3352654703344,1364.6647345296656
pyjsonpath_2_0_0,18aa351bfd168da656ac964d1f29ccb6db515255,runtime_ns,4,17286.375,529.4856584460055,16443.8451612889,18128.9048387111
pyjsonpath_1_3_2,87d3e6ad7ec9a0c0ad054c4011dc894a6fa5cb49,runtime_ns,4,895.5,23.671361036774655,857.8335822637399,933.1664177362601
pyjsonpath_2_0_0,87d3e6ad7ec9a0c0ad054c4011dc894a6fa5cb49,runtime_ns,4,906.25,20.838665984174707,873.091032215811,939.408967784189
pyjsonpath_1_3_2,840c874667c3b6771ada5ade9092a6a12090cd15,runtime_ns,4,906.25,20.838665984174707,873.091032215811,939.408967784189
pyjsonpath_2_0_0,840c874667c3b6771ada5ade9092a6a12090cd15,runtime_ns,3,916.6666666666666,0.5773502691896257,915.2324490900835,918.1008842432498
pyjsonpath_1_3_2,3f625f7f97d31ee577e8867034c8a5b7b8321386,runtime_ns,3,1263.6666666666667,23.671361036774655,1204.8637460267573,1322.4695873065762
pyjsonpath_2_0_0,3f625f7f97d31ee577e8867034c8a5b7b8321386,runtime_ns,3,1395.5,20.5,1344.5751769091182,1446.4248230908818
pyjsonpath_1_3_2,9476bbe9e6d2c776be6d1d26e72ee6f0d76cb26c,runtime_ns,3,1472.0,24.24871130596428,1411.7628617835076,1532.2371382164924
pyjsonpath_2_0_0,9476bbe9e6d2c776be6d1d26e72ee6f0d76cb26c,runtime_ns,4,1380.125,35.791933448753504,1323.172046818527,1437.077953181473
pyjsonpath_1_3_2,e14194b94393cdc0ab71c9392c1ea53d0298ccc0,runtime_ns,3,1458.6666666666667,0.5773502691896257,1457.2324490900835,1460.10088424325
pyjsonpath_2_0_0,e14194b94393cdc0ab71c9392c1ea53d0298ccc0,runtime_ns,3,1333.6666666666667,0.5773502691896257,1332.2324490900835,1335.10088424325
pyjsonpath_1_3_2,efad58157e49e1aae0994c2723dee60c8bc66c26,runtime_ns,3,910.0,12.12435565298214,879.8814308917538,940.1185691082462
pyjsonpath_2_0_0,efad58157e49e1aae0994c2723dee60c8bc66c26,runtime_ns,3,923.8333333333334,11.835680518387328,894.4318730133787,953.2347936532881
pyjsonpath_1_3_2,a709755b1a1e5748d807624f4a8295e7eba4af60,runtime_ns,3,1250.0,0.0,1250.0,1250.0
pyjsonpath_2_0_0,a709755b1a1e5748d807624f4a8295e7eba4af60,runtime_ns,3,1333.3333333333333,0.5773502691896257,1331.89911575675,1334.7675509099165
pyjsonpath_1_3_2,243e9c910c1045f476ca700ef871935b905b94e7,runtime_ns,4,890.625,20.063960227233306,858.698761952741,922.551238047259
pyjsonpath_2_0_0,243e9c910c1045f476ca700ef871935b905b94e7,runtime_ns,3,916.1666666666666,0.28867513459481287,915.449557878375,916.8837754549583
pyjsonpath_1_3_2,1eb86f3a505b347ce4a43e1a7911a13dcf5fbdab,runtime_ns,3,916.6666666666666,0.5773502691896257,915.2324490900835,918.1008842432498
pyjsonpath_2_0_0,1eb86f3a505b347ce4a43e1a7911a13dcf5fbdab,runtime_ns,3,916.6666666666666,0.5773502691896257,915.2324490900835,918.1008842432498
pyjsonpath_1_3_2,fdeee9c07a3f776ead509a3ce5ef0b08324ba33e,runtime_ns,3,902.5,12.12435565298214,872.3814308917538,932.6185691082462
pyjsonpath_2_0_0,fdeee9c07a3f776ead509a3ce5ef0b08324ba33e,runtime_ns,3,917.0,0.0,917.0,917.0
pyjsonpath_1_3_2,d0670ff2d5384c214e9845ea67e772bd6b492d3e,runtime_ns,4,10218.375,224.60905851426978,9860.971865799005,10575.778134200995
pyjsonpath_2_0_0,d0670ff2d5384c214e9845ea67e772bd6b492d3e,runtime_ns,4,13119.75,247.02243487856185,12726.682182399269,13512.817817600731
pyjsonpath_1_3_2,e15bccb9eac47a2ff00ea98f3044c72f87529c41,runtime_ns,3,14937.5,126.42290140635122,14623.44810298759,15251.55189701241
pyjsonpath_2_0_0,e15bccb9eac47a2ff00ea98f3044c72f87529c41,runtime_ns,4,22343.75,398.3634228523832,21709.864898391632,22977.635101608368
pyjsonpath_1_3_2,da16e7fa9a214137649f5b890258746f40e12558,runtime_ns,0,nan,0,nan,nan
pyjsonpath_2_0_0,da16e7fa9a214137649f5b890258746f40e12558,runtime_ns,0,nan,0,nan,nan
pyjsonpath_1_3_2,1bf3f3adc7fc4e9fb8b73300296ddd84ecf60719,runtime_ns,3,909.5,12.134661099511597,879.3558307433935,939.6441692566065
pyjsonpath_2_0_0,1bf3f3adc7fc4e9fb8b73300296ddd84ecf60719,runtime_ns,4,906.25,20.838665984174707,873.091032215811,939.408967784189
pyjsonpath_1_3_2,97f1fe745b03281f7670c90c675e090f2beec434,runtime_ns,5,908.3,34.90272195689041,864.9625467068131,951.6374532931868
pyjsonpath_2_0_0,97f1fe745b03281f7670c90c675e090f2beec434,runtime_ns,3,916.6666666666666,0.28867513459481287,915.949557878375,917.3837754549583
pyjsonpath_1_3_2,83970186046b72b69051b82d3a02fd7fc53825a5,runtime_ns,3,909.8333333333334,12.413030787576954,878.9976554367955,940.6690112298712
pyjsonpath_2_0_0,83970186046b72b69051b82d3a02fd7fc53825a5,runtime_ns,5,904.4,27.895788212559975,869.7628040749473,939.0371959250526
pyjsonpath_1_3_2,b7c39abdb4bcb1b7ab6a33118a8321b9ed34e300,runtime_ns,3,916.6666666666666,0.5773502691896257,915.2324490900835,918.1008842432498
pyjsonpath_2_0_0,b7c39abdb4bcb1b7ab6a33118a8321b9ed34e300,runtime_ns,5,904.1,35.08275929855005,860.5390008213421,947.6609991786579
pyjsonpath_1_3_2,8749e5ed72422f434c330c3462ff92010ee2473a,runtime_ns,4,895.5,23.671361036774655,857.8335822637399,933.1664177362601
pyjsonpath_2_0_0,8749e5ed72422f434c330c3462ff92010ee2473a,runtime_ns,3,916.8333333333334,0.28867513459481287,916.1162245450417,917.550442121625
pyjsonpath_1_3_2,f5a117ab1fc68efd1e9894ea87f6c6659b01ab96,runtime_ns,3,916.6666666666666,0.5773502691896257,915.2324490900835,918.1008842432498
pyjsonpath_2_0_0,f5a117ab1fc68efd1e9894ea87f6c6659b01ab96,runtime_ns,3,917.0,0.0,917.0,917.0
pyjsonpath_1_3_2,f984bb5dfee89d82db85ec6e63bb865b692c4b9b,runtime_ns,3,916.5,0.5,915.2579311441249,917.7420688558751
pyjsonpath_2_0_0,f984bb5dfee89d82db85ec6e63bb865b692c4b9b,runtime_ns,3,917.0,0.0,917.0,917.0
pyjsonpath_1_3_2,aa70210a9e1915cd67f99a1671138142da8add82,runtime_ns,4,906.25,20.838665984174707,873.091032215811,939.408967784189
pyjsonpath_2_0_0,aa70210a9e1915cd67f99a1671138142da8add82,runtime_ns,3,916.8333333333334,0.28867513459481287,916.1162245450417,917.550442121625
pyjsonpath_1_3_2,5ccd43e8b5050a72f1233bf696a20906db3848b3,runtime_ns,4,895.75,23.96351393264352,857.618701811722,933.881298188278
pyjsonpath_2_0_0,5ccd43e8b5050a72f1233bf696a20906db3848b3,runtime_ns,3,916.6666666666666,0.5773502691896257,915.2324490900835,918.1008842432498
pyjsonpath_1_3_2,d49a42db80bbc474595924a07fe624c949ecd45f,runtime_ns,4,2479.25,53.83539727725616,2393.5858694207577,2564.9141305792423
pyjsonpath_2_0_0,d49a42db80bbc474595924a07fe624c949ecd45f,runtime_ns,3,2548.8333333333335,11.835680518387328,2519.4318730133787,2578.2347936532883
pyjsonpath_1_3_2,e5fce0a26ed12781e8cdb1801301fea84940e090,runtime_ns,4,2583.0,61.483059997585244,2485.166731436574,2680.833268563426
pyjsonpath_2_0_0,e5fce0a26ed12781e8cdb1801301fea84940e090,runtime_ns,4,2526.125,59.86982406298964,2430.8587498063766,2621.3912501936234
pyjsonpath_1_3_2,886b46e952dd783ccf36459322a013b3d3fdca9b,runtime_ns,4,2567.75,46.26463732341006,2494.1326379424113,2641.3673620575887
pyjsonpath_2_0_0,886b46e952dd783ccf36459322a013b3d3fdca9b,runtime_ns,3,2541.8333333333335,41.750249500252494,2438.119964074771,2645.546702591896
pyjsonpath_1_3_2,7cb1ba65ad1a1bf4011e777af519257a77ddde9f,runtime_ns,5,2575.0,91.33523416513476,2461.5923279696417,2688.4076720303583
pyjsonpath_2_0_0,7cb1ba65ad1a1bf4011e777af519257a77ddde9f,runtime_ns,5,2512.7,88.01889001799557,2403.4101131027983,2621.9898868972014
pyjsonpath_1_3_2,90835bb9f626a060bd0a8fa819a48d6123f76ae5,runtime_ns,3,2548.8333333333335,32.296800667145554,2468.603632827194,2629.063033839473
pyjsonpath_2_0_0,90835bb9f626a060bd0a8fa819a48d6123f76ae5,runtime_ns,3,2562.5,36.373066958946424,2472.144292675261,2652.855707324739
pyjsonpath_1_3_2,696f78b1cecf273d218fc335ca3490ea818be0c4,runtime_ns,3,2603.8333333333335,36.08439182435161,2514.194734796886,2693.4719318697807
pyjsonpath_2_0_0,696f78b1cecf273d218fc335ca3490ea818be0c4,runtime_ns,3,2534.5,12.134661099511597,2504.3558307433937,2564.6441692566063
pyjsonpath_1_3_2,45704429296667e82ebea65078299ebfa151e6bc,runtime_ns,3,2590.1666666666665,12.413030787576954,2559.330988770129,2621.002344563204
pyjsonpath_2_0_0,45704429296667e82ebea65078299ebfa151e6bc,runtime_ns,3,2541.5,41.5,2438.4082849623614,2644.5917150376386
pyjsonpath_1_3_2,543f643d0a3c75e6e1d29f70a2fb97ab6d578b54,runtime_ns,3,2562.5,35.940923749953896,2473.2177959175965,2651.7822040824035
pyjsonpath_2_0_0,543f643d0a3c75e6e1d29f70a2fb97ab6d578b54,runtime_ns,3,2569.6666666666665,31.860372460681205,2490.5211139266767,2648.8122194066564
pyjsonpath_1_3_2,273756dfc1a36c196c1291967b482b015073acb1,runtime_ns,3,2576.5,12.134661099511597,2546.3558307433937,2606.6441692566063
pyjsonpath_2_0_0,273756dfc1a36c196c1291967b482b015073acb1,runtime_ns,3,2596.8333333333335,43.434817063426586,2488.9352662630986,2704.7314004035684
pyjsonpath_1_3_2,5c162d17638795ce95b9f1fc75b4b51c807fd0fd,runtime_ns,3,2562.3333333333335,35.795716689756794,2473.411843585178,2651.254823081489
pyjsonpath_2_0_0,5c162d17638795ce95b9f1fc75b4b51c807fd0fd,runtime_ns,3,2562.5,20.5,2511.5751769091185,2613.4248230908815
pyjsonpath_1_3_2,8b33a444b5fb95464b0bc88123fa1b61108307ab,runtime_ns,3,1292.0,0.0,1292.0,1292.0
pyjsonpath_2_0_0,8b33a444b5fb95464b0bc88123fa1b61108307ab,runtime_ns,3,2888.8333333333335,23.96003617136947,2829.3133039051327,2948.3533627615343
pyjsonpath_1_3_2,5c0958d3527dd7dc9df17f90ce4b9af64fc9a7d7,runtime_ns,3,3007.0,31.58718094417417,2928.5330926086954,3085.4669073913046
pyjsonpath_2_0_0,5c0958d3527dd7dc9df17f90ce4b9af64fc9a7d7,runtime_ns,3,2909.5,43.23482392701513,2802.098743422016,3016.901256577984
pyjsonpath_1_3_2,776277c12969ce1cf374beb1384b6643e776d556,runtime_ns,3,4375.0,0.0,4375.0,4375.0
pyjsonpath_2_0_0,776277c12969ce1cf374beb1384b6643e776d556,runtime_ns,3,4930.833333333333,23.96003617136947,4871.313303905132,4990.353362761534
pyjsonpath_1_3_2,f61681b168bdf495a59f5aa0b7b4e8b2b4f040da,runtime_ns,3,6805.833333333333,63.88335724845191,6647.138276439235,6964.528390227431
pyjsonpath_2_0_0,f61681b168bdf495a59f5aa0b7b4e8b2b4f040da,runtime_ns,3,7423.666666666667,31.533051443419385,7345.334224409506,7501.999108923828
pyjsonpath_1_3_2,ae5af5accf2acd87e4116c962a9ea9d145a1858a,runtime_ns,0,nan,0,nan,nan
pyjsonpath_2_0_0,ae5af5accf2acd87e4116c962a9ea9d145a1858a,runtime_ns,0,nan,0,nan,nan
pyjsonpath_1_3_2,6ff45c0226a68ff222898698de37dbb503c100a4,runtime_ns,3,4965.166666666667,12.413030787576954,4934.330988770129,4996.002344563205
pyjsonpath_2_0_0,6ff45c0226a68ff222898698de37dbb503c100a4,runtime_ns,3,5409.833333333333,31.860372460681205,5330.687780593344,5488.978886073322
pyjsonpath_1_3_2,53d05cd13444beff91c992b54ddebcd48a2771e5,runtime_ns,3,167375.16666666666,710.7800878846658,165609.49104559113,169140.84228774218
pyjsonpath_2_0_0,53d05cd13444beff91c992b54ddebcd48a2771e5,runtime_ns,3,163257.0,1056.9517491352194,160631.38630047272,165882.61369952728
pyjsonpath_1_3_2,157c1313030e2dd46d43bd47362f96741a183577,runtime_ns,3,2013.6666666666667,23.671361036774655,1954.8637460267573,2072.469587306576
pyjsonpath_2_0_0,157c1313030e2dd46d43bd47362f96741a183577,runtime_ns,3,1972.0,24.24871130596428,1911.7628617835076,2032.2371382164924
pyjsonpath_1_3_2,1027e7908fadc5d55b20f4f0711509d1fd85c8a0,runtime_ns,3,3062.3333333333335,20.750502001959696,3010.7862287725147,3113.8804378941522
pyjsonpath_2_0_0,1027e7908fadc5d55b20f4f0711509d1fd85c8a0,runtime_ns,3,3416.3333333333335,21.001984033260605,3364.1615127747327,3468.5051538919342
pyjsonpath_1_3_2,11bdd177290ac070ca247843101d98ba98f05631,runtime_ns,3,2215.5,31.752952618614856,2136.6212929406774,2294.3787070593226
pyjsonpath_2_0_0,11bdd177290ac070ca247843101d98ba98f05631,runtime_ns,3,2000.0,0.0,2000.0,2000.0
pyjsonpath_1_3_2,de0d2c452aa2aed26de436b50b48a72b0561af14,runtime_ns,3,2083.0,0.0,2083.0,2083.0
pyjsonpath_2_0_0,de0d2c452aa2aed26de436b50b48a72b0561af14,runtime_ns,3,1937.5,20.5,1886.5751769091182,1988.4248230908818
pyjsonpath_1_3_2,4b7800dff880fe2dfc41a5c66b42b84c37d6a997,runtime_ns,3,2986590.3333333335,32554.658170273164,2905720.0792794167,3067460.5873872503
pyjsonpath_2_0_0,4b7800dff880fe2dfc41a5c66b42b84c37d6a997,runtime_ns,3,2928034.8333333335,20825.774909552187,2876300.740504091,2979768.926162576
pyjsonpath_1_3_2,525a4fbb59b3390cdbd27b41855e5ad9a98799e3,runtime_ns,3,26979.166666666668,95.47032697824666,26742.00522706687,27216.328106266465
pyjsonpath_2_0_0,525a4fbb59b3390cdbd27b41855e5ad9a98799e3,runtime_ns,3,36777.833333333336,222.8005460795223,36224.36609461863,37331.30057204804
pyjsonpath_1_3_2,f4c60cc3c374b28efc62af4920b71b3164c8df60,runtime_ns,3,22687.666666666668,110.55466219627887,22413.033661095073,22962.299672238263
pyjsonpath_2_0_0,f4c60cc3c374b28efc62af4920b71b3164c8df60,runtime_ns,3,323499.8333333333,2701.9482477155875,316787.8217959853,330211.84487068135
pyjsonpath_1_3_2,8d481f28f711d1724475f0611cfb3ffc99f6954e,runtime_ns,4,895.5,16.738179909018385,868.8658205956852,922.1341794043148
pyjsonpath_2_0_0,8d481f28f711d1724475f0611cfb3ffc99f6954e,runtime_ns,3,917.0,0.0,917.0,917.0
pyjsonpath_1_3_2,f0939b3cd02e8c36cff9954cfdfdf2921246641c,runtime_ns,3,916.0,0.0,916.0,916.0
pyjsonpath_2_0_0,f0939b3cd02e8c36cff9954cfdfdf2921246641c,runtime_ns,3,916.6666666666666,0.5773502691896257,915.2324490900835,918.1008842432498
pyjsonpath_1_3_2,f322771dd1a700184ede97d48220ec1bdd757ea4,runtime_ns,4,895.625,23.816573361142165,857.7275170511574,933.5224829488426
pyjsonpath_2_0_0,f322771dd1a700184ede97d48220ec1bdd757ea4,runtime_ns,4,906.375,20.91799464575895,873.08980261283,939.66019738717
pyjsonpath_1_3_2,f082263ca24cdae3f68781cd1ce9f0388afcb67a,runtime_ns,4,890.625,20.063960227233306,858.698761952741,922.551238047259
pyjsonpath_2_0_0,f082263ca24cdae3f68781cd1ce9f0388afcb67a,runtime_ns,3,917.0,0.0,917.0,917.0
pyjsonpath_1_3_2,57671c3aff7c3eff2cf49e5de91611cf0e361232,runtime_ns,4,905.875,20.58468281676127,873.1201761121805,938.6298238878195
pyjsonpath_2_0_0,57671c3aff7c3eff2cf49e5de91611cf0e361232,runtime_ns,3,916.8333333333334,0.28867513459481287,916.1162245450417,917.550442121625
pyjsonpath_1_3_2,7460e940afde69cf332f242e42b3b630e0a203b2,runtime_ns,3,909.5,12.12435565298214,879.3814308917538,939.6185691082462
pyjsonpath_2_0_0,7460e940afde69cf332f242e42b3b630e0a203b2,runtime_ns,3,916.3333333333334,0.5773502691896257,914.8991157567502,917.7675509099165
pyjsonpath_1_3_2,dc28821dd599fd3e8bb6c255d8570688f99f2528,runtime_ns,3,909.3333333333334,11.98262631201246,879.5668394258514,939.0998272408153
pyjsonpath_2_0_0,dc28821dd599fd3e8bb6c255d8570688f99f2528,runtime_ns,3,917.0,0.0,917.0,917.0
pyjsonpath_1_3_2,e248da3a6744d4b8e929c5820e21c3260c4156c8,runtime_ns,4,906.25,20.838665984174707,873.091032215811,939.408967784189
pyjsonpath_2_0_0,e248da3a6744d4b8e929c5820e21c3260c4156c8,runtime_ns,3,917.0,0.0,917.0,917.0
pyjsonpath_1_3_2,02dbaf4e985c2b124ec5bd19cec7c56f317ce417,runtime_ns,3,909.8333333333334,12.413030787576954,878.9976554367955,940.6690112298712
pyjsonpath_2_0_0,02dbaf4e985c2b124ec5bd19cec7c56f317ce417,runtime_ns,3,917.0,0.0,917.0,917.0
pyjsonpath_1_3_2,dbcdb8feb162f0f76648c142fcd1428feb1669cd,runtime_ns,4,901.125,20.150992531386635,869.0602741353445,933.1897258646555
pyjsonpath_2_0_0,dbcdb8feb162f0f76648c142fcd1428feb1669cd,runtime_ns,3,916.8333333333334,0.28867513459481287,916.1162245450417,917.550442121625
pyjsonpath_1_3_2,44fecf09ac6d70acc9d6c4bacd0a9accbf2f8a30,runtime_ns,3,4479.5,20.5,4428.575176909118,4530.424823090882
pyjsonpath_2_0_0,44fecf09ac6d70acc9d6c4bacd0a9accbf2f8a30,runtime_ns,3,3854.1666666666665,21.001984033260605,3801.9948461080658,3906.3384872252673
pyjsonpath_1_3_2,081205dcd2fca8959507509c3e379a982d49657a,runtime_ns,4,4495.125,115.67942412834992,4311.053222042693,4679.196777957307
pyjsonpath_2_0_0,081205dcd2fca8959507509c3e379a982d49657a,runtime_ns,4,3864.5,85.77684225166293,3728.009902648646,4000.990097351354
pyjsonpath_1_3_2,99615dcca979580a1c925bde7559646a51697d27,runtime_ns,3,4562.5,21.0,4510.333108053243,4614.666891946757
pyjsonpath_2_0_0,99615dcca979580a1c925bde7559646a51697d27,runtime_ns,3,3819.8333333333335,24.105670149019574,3759.95152904914,3879.715137617527
pyjsonpath_1_3_2,892c79bb51843d56da6a5efbdfa0f6703ffc10d6,runtime_ns,3,4506.833333333333,11.835680518387328,4477.431873013378,4536.234793653288
pyjsonpath_2_0_0,892c79bb51843d56da6a5efbdfa0f6703ffc10d6,runtime_ns,3,3874.8333333333335,41.750249500252494,3771.119964074771,3978.546702591896
pyjsonpath_1_3_2,de7628e4bf8eb6eebeea3b8dc8af5149f212ede3,runtime_ns,3,4513.833333333333,31.533051443419385,4435.500891076172,4592.165775590494
pyjsonpath_2_0_0,de7628e4bf8eb6eebeea3b8dc8af5149f212ede3,runtime_ns,3,3861.1666666666665,23.96003617136947,3801.6466372384657,3920.6866960948673
pyjsonpath_1_3_2,2d10c2b860e81b702852e8f8feb49806baaf905c,runtime_ns,3,4514.0,24.24871130596428,4453.762861783507,4574.237138216493
pyjsonpath_2_0_0,2d10c2b860e81b702852e8f8feb49806baaf905c,runtime_ns,3,3805.6666666666665,52.58405968859131,3675.0406209573066,3936.2927123760264
pyjsonpath_1_3_2,cc2d97e0e29ae4f5b81373b5a4c978d2a772b5e1,runtime_ns,3,4472.166666666667,48.20874747733375,4352.409499021974,4591.92383431136
pyjsonpath_2_0_0,cc2d97e0e29ae4f5b81373b5a4c978d2a772b5e1,runtime_ns,3,3861.0,31.752952618614856,3782.1212929406774,3939.8787070593226
pyjsonpath_1_3_2,b18c4a09e49181f22b539ed22e56bc50b2cab5af,runtime_ns,3,4513.833333333333,43.434817063426586,4405.935266263098,4621.731400403568
pyjsonpath_2_0_0,b18c4a09e49181f22b539ed22e56bc50b2cab5af,runtime_ns,3,3888.6666666666665,23.671361036774655,3829.8637460267573,3947.4695873065757
pyjsonpath_1_3_2,116ec63b9f991ab2d320ec02ef393ed567eed9e6,runtime_ns,3,4465.333333333333,84.1491730995221,4256.295199024204,4674.371467642462
pyjsonpath_2_0_0,116ec63b9f991ab2d320ec02ef393ed567eed9e6,runtime_ns,3,3889.0,48.06506007486103,3769.5997716504926,4008.4002283495074
pyjsonpath_1_3_2,095f4b86bb36d0b20b01199f115083aef446b955,runtime_ns,3,4486.166666666667,43.434817063426586,4378.268599596432,4594.064733736902
pyjsonpath_2_0_0,095f4b86bb36d0b20b01199f115083aef446b955,runtime_ns,3,3826.5,31.917863337009262,3747.2116320060422,3905.7883679939578
pyjsonpath_1_3_2,464345f7bec9ea5340880e3df9827b04dde340d7,runtime_ns,0,nan,0,nan,nan
pyjsonpath_2_0_0,464345f7bec9ea5340880e3df9827b04dde340d7,runtime_ns,0,nan,0,nan,nan
pyjsonpath_1_3_2,ac35d32aa9f6f90930981965c833e1c874e103ba,runtime_ns,3,3319.5,23.817010727629107,3260.3352654703344,3378.6647345296656
pyjsonpath_2_0_0,ac35d32aa9f6f90930981965c833e1c874e103ba,runtime_ns,0,nan,0,nan,nan
pyjsonpath_1_3_2,bb2a5c603237267c70883b5be3eefd1a076c347f,runtime_ns,0,nan,0,nan,nan
pyjsonpath_2_0_0,bb2a5c603237267c70883b5be3eefd1a076c347f,runtime_ns,0,nan,0,nan,nan
pyjsonpath_1_3_2,dd8c27707f81ced7a7d13c8745ace0e4f401a626,runtime_ns,3,5041.666666666667,21.001984033260605,4989.494846108066,5093.838487225268
pyjsonpath_2_0_0,dd8c27707f81ced7a7d13c8745ace0e4f401a626,runtime_ns,3,4659.5,11.6940155635265,4630.4504549368485,4688.5495450631515
pyjsonpath_1_3_2,7fe057353a3f6012cec5e5459fbfae44a1c6d84c,runtime_ns,3,4999.833333333333,36.22959195648404,4909.834037672905,5089.832628993761
pyjsonpath_2_0_0,7fe057353a3f6012cec5e5459fbfae44a1c6d84c,runtime_ns,3,5527.833333333333,86.66939098282238,5312.53463073847,5743.132035928196
pyjsonpath_1_3_2,294ed312f3ccef2fcb6a16f7e69a4e7f562e1bb5,runtime_ns,0,nan,0,nan,nan
pyjsonpath_2_0_0,294ed312f3ccef2fcb6a16f7e69a4e7f562e1bb5,runtime_ns,0,nan,0,nan,nan
pyjsonpath_1_3_2,90c6fc63f5970ca176f7888143615001cfa2bbad,runtime_ns,3,5680.333333333333,47.92007234273894,5561.293274476931,5799.373392189735
pyjsonpath_2_0_0,90c6fc63f5970ca176f7888143615001cfa2bbad,runtime_ns,3,5895.666666666667,20.750502001959696,5844.119562105848,5947.213771227486
pyjsonpath_1_3_2,9742201930beadcdb9edb2d0fa23d4e3bb42f605,runtime_ns,3,4687.5,55.088565056643105,4550.652418056581,4824.347581943419
pyjsonpath_2_0_0,9742201930beadcdb9edb2d0fa23d4e3bb42f605,runtime_ns,3,4284.833333333333,73.22795458930513,4102.925009783699,4466.741656882967
pyjsonpath_1_3_2,08459575878c09e4129adbf073c669b5da18f5fc,runtime_ns,3,4923.5,24.24871130596428,4863.262861783507,4983.737138216493
pyjsonpath_2_0_0,08459575878c09e4129adbf073c669b5da18f5fc,runtime_ns,0,nan,0,nan,nan
pyjsonpath_1_3_2,efc5127910d315aa3cef1be3dd167d6dae6ee215,runtime_ns,0,nan,0,nan,nan
pyjsonpath_2_0_0,efc5127910d315aa3cef1be3dd167d6dae6ee215,runtime_ns,0,nan,0,nan,nan
pyjsonpath_1_3_2,20883a12d65abe193f565bb6b4ca37a2de483f3a,runtime_ns,3,2743.0,31.58718094417417,2664.5330926086954,2821.4669073913046
pyjsonpath_2_0_0,20883a12d65abe193f565bb6b4ca37a2de483f3a,runtime_ns,4,4260.5,92.45269060443833,4113.387138186184,4407.612861813816
pyjsonpath_1_3_2,00ffb7054dba59da7c3bae7b82d128f04676f7c5,runtime_ns,3,293437.8333333333,1201.4025484130343,290453.38395582756,296422.28271083906
pyjsonpath_2_0_0,00ffb7054dba59da7c3bae7b82d128f04676f7c5,runtime_ns,3,279972.5,543.3958041796053,278622.62999043055,281322.37000956945
pyjsonpath_1_3_2,327809478b4f95b21f08f6f5d9121e3a45c96d82,runtime_ns,3,361847.1666666667,5671.047441463819,347759.50385220116,375934.8294811322
pyjsonpath_2_0_0,327809478b4f95b21f08f6f5d9121e3a45c96d82,runtime_ns,3,350389.0,3304.6381420663897,342179.82376760436,358598.17623239564
pyjsonpath_1_3_2,9d9966505cc6924f5e9f48c39552a28fb42355c9,runtime_ns,3,4305.5,23.817010727629107,4246.335265470334,4364.664734529666
pyjsonpath_2_0_0,9d9966505cc6924f5e9f48c39552a28fb42355c9,runtime_ns,3,5236.0,24.24871130596428,5175.762861783507,5296.237138216493
pyjsonpath_1_3_2,6215a4bb3c2d07df2e465ef701c104aaabca2b68,runtime_ns,3,2659.6666666666665,31.80539786472311,2580.6576783936844,2738.6756549396487
pyjsonpath_2_0_0,6215a4bb3c2d07df2e465ef701c104aaabca2b68,runtime_ns,4,3864.75,79.02056694304338,3739.0106443453437,3990.4893556546563
pyjsonpath_1_3_2,17ebbad5dbc6db9b43de40b6283a74c39d6345e6,runtime_ns,0,nan,0,nan,nan
pyjsonpath_2_0_0,17ebbad5dbc6db9b43de40b6283a74c39d6345e6,runtime_ns,0,nan,0,nan,nan
pyjsonpath_1_3_2,d615a859577e565063d7671018ec59ba55c2923d,runtime_ns,3,4930.666666666667,86.3095205254515,4716.261931846304,5145.07140148703
pyjsonpath_2_0_0,d615a859577e565063d7671018ec59ba55c2923d,runtime_ns,3,6041.666666666667,41.50100400391939,5938.5724575450295,6144.7608757883045
pyjsonpath_1_3_2,3baee399ff90680b343c9148029fab70ce428491,runtime_ns,3,5611.333333333333,43.15476026272575,5504.130965923151,5718.535700743515
pyjsonpath_2_0_0,3baee399ff90680b343c9148029fab70ce428491,runtime_ns,3,6007.166666666667,43.434817063426586,5899.268599596432,6115.064733736902
pyjsonpath_1_3_2,3d710c0c85eed63765f98a6ec01131ae3f7f10d4,runtime_ns,3,5256.833333333333,63.61079572944622,5098.815356787369,5414.851309879297
pyjsonpath_2_0_0,3d710c0c85eed63765f98a6ec01131ae3f7f10d4,runtime_ns,0,nan,0,nan,nan
pyjsonpath_1_3_2,d7745be155c3a255e8996a1a626247491bf149b2,runtime_ns,3,2916.8333333333335,41.750249500252494,2813.119964074771,3020.546702591896
pyjsonpath_2_0_0,d7745be155c3a255e8996a1a626247491bf149b2,runtime_ns,3,2361.3333333333335,23.671361036774655,2302.5304126934243,2420.1362539732427
pyjsonpath_1_3_2,2a4cb40dcedb209b998bf40e43ba2523f5e06e76,runtime_ns,0,nan,0,nan,nan
pyjsonpath_2_0_0,2a4cb40dcedb209b998bf40e43ba2523f5e06e76,runtime_ns,0,nan,0,nan,nan
pyjsonpath_1_3_2,92bf16a4e84ce30fffb69c41b9b9a32d81b6105f,runtime_ns,3,120500.0,1947.170318693257,115662.96078013317,125337.03921986683
pyjsonpath_2_0_0,92bf16a4e84ce30fffb69c41b9b9a32d81b6105f,runtime_ns,3,118868.0,1196.8931656584894,115894.7525502515,121841.2474497485
pyjsonpath_1_3_2,f6c820c41fe9fe538b1016a7a04b44eb04a3cc3e,runtime_ns,3,28868.333333333332,43.434817063426586,28760.4352662631,28976.231400403565
pyjsonpath_2_0_0,f6c820c41fe9fe538b1016a7a04b44eb04a3cc3e,runtime_ns,3,31771.0,72.31355336311444,31591.36317502002,31950.63682497998
pyjsonpath_1_3_2,b168f2456ac5e26d7cc4f30e546d002ef50eaaaf,runtime_ns,0,nan,0,nan,nan
pyjsonpath_2_0_0,b168f2456ac5e26d7cc4f30e546d002ef50eaaaf,runtime_ns,0,nan,0,nan,nan
pyjsonpath_1_3_2,0391c21088b88e84df99845d62e747ecdbdd933e,runtime_ns,3,2312.5,20.5,2261.5751769091185,2363.4248230908815
pyjsonpath_2_0_0,0391c21088b88e84df99845d62e747ecdbdd933e,runtime_ns,4,13781.25,277.16947282604315,13340.211517633663,14222.288482366337
pyjsonpath_1_3_2,2edbb6982c3bf1ddd4723e2a8b6c1672d2f557c8,runtime_ns,3,9264.0,12.12435565298214,9233.881430891754,9294.118569108246
pyjsonpath_2_0_0,2edbb6982c3bf1ddd4723e2a8b6c1672d2f557c8,runtime_ns,3,8722.166666666666,43.515322971722654,8614.068611833614,8830.264721499718
pyjsonpath_1_3_2,f3c7ab4a6920a0086962a6e20b4ed92dd5c41ae4,runtime_ns,0,nan,0,nan,nan
pyjsonpath_2_0_0,f3c7ab4a6920a0086962a6e20b4ed92dd5c41ae4,runtime_ns,0,nan,0,nan,nan
pyjsonpath_1_3_2,f158e1164e617abc04a86626776e6262f6c02e50,runtime_ns,3,5020.833333333333,36.08439182435161,4931.194734796886,5110.47193186978
pyjsonpath_2_0_0,f158e1164e617abc04a86626776e6262f6c02e50,runtime_ns,3,11590.5,67.03916765593081,11423.96547546155,11757.03452453845
pyjsonpath_1_3_2,cb8ca8d3aaaf890cac2846582cf8c2c83a22a844,runtime_ns,3,11236.0,67.03916765593081,11069.46547546155,11402.53452453845
pyjsonpath_2_0_0,cb8ca8d3aaaf890cac2846582cf8c2c83a22a844,runtime_ns,3,11354.166666666666,136.4480975804842,11015.210801770396,11693.122531562936
pyjsonpath_1_3_2,a8c5a7aa0a631182a8ff93547d26a8b973b8c576,runtime_ns,0,nan,0,nan,nan
pyjsonpath_2_0_0,a8c5a7aa0a631182a8ff93547d26a8b973b8c576,runtime_ns,0,nan,0,nan,nan
pyjsonpath_1_3_2,189820ba1a98b41fc2a789ecc03895e158a4631c,runtime_ns,4,3442.875,74.58147111269214,3324.1992364073944,3561.5507635926056
pyjsonpath_2_0_0,189820ba1a98b41fc2a789ecc03895e158a4631c,runtime_ns,3,4069.5,24.253865671269807,4009.250057630272,4129.749942369728
pyjsonpath_1_3_2,a8c51180e3c92ffcb15c5a8dfeeeafb228ffc7aa,runtime_ns,3,23194.5,52.35217282978807,23064.449993181453,23324.550006818547
pyjsonpath_2_0_0,a8c51180e3c92ffcb15c5a8dfeeeafb228ffc7aa,runtime_ns,3,40617.833333333336,107.0657897431917,40351.86716739394,40883.79949927273
pyjsonpath_1_3_2,2fa3548ab257ec630425e83cb6d1c35833c96dd9,runtime_ns,3,32597.166666666668,156.3620265068643,32208.74185993526,32985.591473398075
pyjsonpath_2_0_0,2fa3548ab257ec630425e83cb6d1c35833c96dd9,runtime_ns,3,31958.5,21.0,31906.333108053244,32010.666891946756
pyjsonpath_1_3_2,c16963d7372c5f3a29ca5e40d5bfe9bd7899daac,runtime_ns,3,32770.666666666664,54.9939390599849,32634.054148730058,32907.27918460327
pyjsonpath_2_0_0,c16963d7372c5f3a29ca5e40d5bfe9bd7899daac,runtime_ns,3,32124.833333333332,181.46785757630283,31674.0421848575,32575.624481809165
pyjsonpath_1_3_2,6cba27486089beb987d0ec4481d7b5505f6e920a,runtime_ns,3,32986.0,387.1249798191793,32024.328238470593,33947.67176152941
pyjsonpath_2_0_0,6cba27486089beb987d0ec4481d7b5505f6e920a,runtime_ns,3,31986.166666666668,232.2694197119658,31409.17744187381,32563.155891459526
pyjsonpath_1_3_2,1eb2a6013ce25405b0c25bff031ed32c1b72e3d0,runtime_ns,3,32722.166666666668,24.105670149019574,32662.284862382476,32782.04847095086
pyjsonpath_2_0_0,1eb2a6013ce25405b0c25bff031ed32c1b72e3d0,runtime_ns,3,32069.166666666668,98.48392423808737,31824.519036465674,32313.814296867662
pyjsonpath_1_3_2,74ca2655e41970ca2bc38905cb6ebd2c52d5fb62,runtime_ns,3,33180.666666666664,449.95120105777397,32062.925919671692,34298.40741366163
pyjsonpath_2_0_0,74ca2655e41970ca2bc38905cb6ebd2c52d5fb62,runtime_ns,3,32180.5,63.8298519503218,32021.937857634766,32339.062142365234
pyjsonpath_1_3_2,3e5977585732f1d4a039c747dd01bddf77baafd5,runtime_ns,3,32666.833333333332,144.33756729740645,32308.278939187545,33025.38772747912
pyjsonpath_2_0_0,3e5977585732f1d4a039c747dd01bddf77baafd5,runtime_ns,3,31909.666666666668,161.38953910750638,31508.752826287706,32310.58050704563
pyjsonpath_1_3_2,63bcae460eba239c229953ad39dad9e004f5bf54,runtime_ns,3,32854.166666666664,170.64021604924594,32430.272870837507,33278.06046249582
pyjsonpath_2_0_0,63bcae460eba239c229953ad39dad9e004f5bf54,runtime_ns,5,31633.4,982.7145058459247,30413.198777578513,32853.60122242149
pyjsonpath_1_3_2,120b1a3dfb80de9e50a48b6b3566ce6074321343,runtime_ns,3,3659.8333333333335,12.413030787576954,3628.997655436796,3690.669011229871
pyjsonpath_2_0_0,120b1a3dfb80de9e50a48b6b3566ce6074321343,runtime_ns,3,2909.8333333333335,32.02473002748553,2830.2794937634335,2989.3871729032335
pyjsonpath_1_3_2,70412fb0082bf5c6f28d8b407f6c4170aa384e8b,runtime_ns,4,3573.0,98.32598842625484,3416.5414107097486,3729.4585892902514
pyjsonpath_2_0_0,70412fb0082bf5c6f28d8b407f6c4170aa384e8b,runtime_ns,3,2951.5,12.134661099511597,2921.3558307433937,2981.6441692566063
pyjsonpath_1_3_2,7300b131f816827bd859c2ecaf044a85cb2daede,runtime_ns,4,5307.25,125.35715642382236,5107.778790349067,5506.721209650933
pyjsonpath_2_0_0,7300b131f816827bd859c2ecaf044a85cb2daede,runtime_ns,5,5350.0,183.68349136490193,5121.92682170783,5578.07317829217
pyjsonpath_1_3_2,f12189baa0c227dc7a57d2acb33ee7dda16075a1,runtime_ns,0,nan,0,nan,nan
pyjsonpath_2_0_0,f12189baa0c227dc7a57d2acb33ee7dda16075a1,runtime_ns,0,nan,0,nan,nan
pyjsonpath_1_3_2,92bdcf5e571e5c9417e95997c18ecfb2c3d0bc5d,runtime_ns,4,4161.5,130.16335889949983,3954.381049693485,4368.618950306515
pyjsonpath_2_0_0,92bdcf5e571e5c9417e95997c18ecfb2c3d0bc5d,runtime_ns,3,3152.6666666666665,52.120853152393174,3023.191289782206,3282.1420435511272
pyjsonpath_1_3_2,473e5d5121b64dbf696b15cccdcc94116206cff0,runtime_ns,0,nan,0,nan,nan
pyjsonpath_2_0_0,473e5d5121b64dbf696b15cccdcc94116206cff0,runtime_ns,0,nan,0,nan,nan
pyjsonpath_1_3_2,b71cf9622c3a347b51463fa198bb82d921e0dc2a,runtime_ns,0,nan,0,nan,nan
pyjsonpath_2_0_0,b71cf9622c3a347b51463fa198bb82d921e0dc2a,runtime_ns,0,nan,0,nan,nan
pyjsonpath_1_3_2,4b66308b6dd21eba3a2f0234cf271c3ff2e9b999,runtime_ns,3,3618.1666666666665,52.58405968859131,3487.5406209573066,3748.7927123760264
pyjsonpath_2_0_0,4b66308b6dd21eba3a2f0234cf271c3ff2e9b999,runtime_ns,3,4576.666666666667,60.04442799572108,4427.508038702019,4725.825294631315
pyjsonpath_1_3_2,cac017809a4ceb5904daf1a9214b875681a80141,runtime_ns,3,4930.333333333333,73.22795458930513,4748.425009783699,5112.241656882967
pyjsonpath_2_0_0,cac017809a4ceb5904daf1a9214b875681a80141,runtime_ns,3,6666.666666666667,21.001984033260605,6614.494846108066,6718.838487225268
pyjsonpath_1_3_2,1b240bce49ae46761ff68bfd15695485570a13ed,runtime_ns,3,4937.5,21.0,4885.333108053243,4989.666891946757
pyjsonpath_2_0_0,1b240bce49ae46761ff68bfd15695485570a13ed,runtime_ns,3,4555.833333333333,43.434817063426586,4447.935266263098,4663.731400403568
pyjsonpath_1_3_2,01f2addca3168c04404549622e46b94e00bee268,runtime_ns,4,240718.75,4943.878445444764,232851.9361537613,248585.5638462387
pyjsonpath_2_0_0,01f2addca3168c04404549622e46b94e00bee268,runtime_ns,4,222187.375,5969.807330433705,212688.07935900282,231686.67064099718
pyjsonpath_1_3_2,f4cee94aa917e13a58dd7728ffbcdd0d4533d1bb,runtime_ns,3,5527.833333333333,43.15476026272575,5420.630965923151,5635.035700743515
pyjsonpath_2_0_0,f4cee94aa917e13a58dd7728ffbcdd0d4533d1bb,runtime_ns,4,4568.0,114.63638165957612,4385.587935368195,4750.412064631805
pyjsonpath_1_3_2,811713308e6509c5cc9365874f44580ca12feb6e,runtime_ns,4,4968.5,96.8547021746148,4814.382555457521,5122.617444542479
pyjsonpath_2_0_0,811713308e6509c5cc9365874f44580ca12feb6e,runtime_ns,3,6673.666666666667,78.36027905344221,6479.008942366731,6868.324390966603
pyjsonpath_1_3_2,19e28112a912e5f285b4b7ade9b0cbfcb2542aca,runtime_ns,3,368111.1666666667,4353.922781048526,357295.4228922152,378926.9104411182
pyjsonpath_2_0_0,19e28112a912e5f285b4b7ade9b0cbfcb2542aca,runtime_ns,3,350875.0,4274.186092111573,340257.3331415469,361492.6668584531
pyjsonpath_1_3_2,3611dd6798db87a170aad09465aa4a80c52037c8,runtime_ns,3,67888.66666666667,224.5397143788451,67330.87909439254,68446.4542389408
pyjsonpath_2_0_0,3611dd6798db87a170aad09465aa4a80c52037c8,runtime_ns,3,65430.5,358.8579105997247,64539.04753111929,66321.9524688807
pyjsonpath_1_3_2,7dd40426a777b0b6219e2a72ef9c49d0aefb4cd4,runtime_ns,0,nan,0,nan,nan
pyjsonpath_2_0_0,7dd40426a777b0b6219e2a72ef9c49d0aefb4cd4,runtime_ns,0,nan,0,nan,nan
pyjsonpath_1_3_2,06cf64d55667d2197c2565682d2db01b05b8cbca,runtime_ns,3,3902.6666666666665,63.72074492136241,3744.375561186687,4060.957772146646
pyjsonpath_2_0_0,06cf64d55667d2197c2565682d2db01b05b8cbca,runtime_ns,5,5591.7,173.97830324497363,5375.677404392139,5807.722595607861
pyjsonpath_1_3_2,6f610b7bcae258a8b1bfbf8131dfd209f3ae6154,runtime_ns,3,3638.6666666666665,47.77638886870096,3519.9835373466776,3757.3497959866554
pyjsonpath_2_0_0,6f610b7bcae258a8b1bfbf8131dfd209f3ae6154,runtime_ns,3,2854.3333333333335,20.750502001959696,2802.7862287725147,2905.8804378941522
pyjsonpath_1_3_2,d76d26aa40215be6cae68d26d73b641871a86556,runtime_ns,3,3278.0,52.35217282978807,3147.9499931814526,3408.0500068185474
pyjsonpath_2_0_0,d76d26aa40215be6cae68d26d73b641871a86556,runtime_ns,4,4323.0,104.0,4157.512792125247,4488.487207874753
pyjsonpath_1_3_2,c2c7aa31350daa2e36a3a07affd0c4d86db362b6,runtime_ns,3,3243.1666666666665,11.835680518387328,3213.7652063467117,3272.5681269866213
pyjsonpath_2_0_0,c2c7aa31350daa2e36a3a07affd0c4d86db362b6,runtime_ns,3,2867.8333333333335,31.860372460681205,2788.6877805933436,2946.9788860733233
pyjsonpath_1_3_2,b751cbf35ab177ccc04b3a1d626bd7c483cb2cd0,runtime_ns,4,8182.25,192.9224801139912,7875.267282977529,8489.23271702247
pyjsonpath_2_0_0,b751cbf35ab177ccc04b3a1d626bd7c483cb2cd0,runtime_ns,3,7062.5,41.5,6959.408284962361,7165.591715037639
pyjsonpath_1_3_2,16d6229aceceb485b60a23819c7fee1bfb01e142,runtime_ns,0,nan,0,nan,nan
pyjsonpath_2_0_0,16d6229aceceb485b60a23819c7fee1bfb01e142,runtime_ns,0,nan,0,nan,nan
pyjsonpath_1_3_2,e4192677f5ca63553c56bfe7515ef7980124b0fd,runtime_ns,3,4666.666666666667,20.750502001959696,4615.119562105848,4718.213771227486
pyjsonpath_2_0_0,e4192677f5ca63553c56bfe7515ef7980124b0fd,runtime_ns,5,4091.7,116.5448411556685,3946.99046656063,4236.40953343937
pyjsonpath_1_3_2,b306b642d65c37f7654b60becd06a3b410614331,runtime_ns,3,4243.166666666667,11.835680518387328,4213.765206346712,4272.568126986622
pyjsonpath_2_0_0,b306b642d65c37f7654b60becd06a3b410614331,runtime_ns,3,4312.5,62.5,4157.241393015604,4467.758606984396
pyjsonpath_1_3_2,44559d338ea1e1c15a1d3e8baa9316c9c7ebe360,runtime_ns,3,3430.6666666666665,48.20874747733375,3310.9094990219733,3550.4238343113598
pyjsonpath_2_0_0,44559d338ea1e1c15a1d3e8baa9316c9c7ebe360,runtime_ns,4,4166.75,89.72782920216744,4023.9730007372173,4309.526999262783
pyjsonpath_1_3_2,ea4113ed88849cec69af57b8260d33e288965d12,runtime_ns,4,1494.75,26.424420523447623,1452.7028502679455,1536.7971497320545
pyjsonpath_2_0_0,ea4113ed88849cec69af57b8260d33e288965d12,runtime_ns,3,2930.3333333333335,47.92007234273894,2811.293274476932,3049.373392189735
pyjsonpath_1_3_2,740cf1edc8850ce74b1e3763a4f6055b8f434d4e,runtime_ns,3,1542.0,0.0,1542.0,1542.0
pyjsonpath_2_0_0,740cf1edc8850ce74b1e3763a4f6055b8f434d4e,runtime_ns,3,2951.5,31.752952618614856,2872.6212929406774,3030.3787070593226
pyjsonpath_1_3_2,fdf7072b90563489ae96e9c722fe1a2a3b1dcd6f,runtime_ns,4,1724.0,46.07783270366204,1650.679885778375,1797.320114221625
pyjsonpath_2_0_0,fdf7072b90563489ae96e9c722fe1a2a3b1dcd6f,runtime_ns,4,1718.75,39.777506206397604,1655.455111170025,1782.044888829975
pyjsonpath_1_3_2,926750d28fe1a6b52b3a20a70d256efffb6b2666,runtime_ns,3,23513.833333333332,236.81444916502315,22925.55362947512,24102.113037191546
pyjsonpath_2_0_0,926750d28fe1a6b52b3a20a70d256efffb6b2666,runtime_ns,3,202124.83333333334,1034.9517299533024,199553.8707111151,204695.79595555158
pyjsonpath_1_3_2,bd4907018189af4c576c4be4f932542e3e376d7d,runtime_ns,3,287708.3333333333,3001.7119004550277,280251.6676016032,295164.9990650634
pyjsonpath_2_0_0,bd4907018189af4c576c4be4f932542e3e376d7d,runtime_ns,6,326958.4166666667,141002.3475426621,178985.5278463971,474931.30548693624
pyjsonpath_1_3_2,bd699670efcecb2f27f81d287809da4c03ec4dc6,runtime_ns,3,2506.8333333333335,11.835680518387328,2477.4318730133787,2536.2347936532883
pyjsonpath_2_0_0,bd699670efcecb2f27f81d287809da4c03ec4dc6,runtime_ns,4,2338.375,68.76696760315474,2228.951409012888,2447.798590987112
pyjsonpath_1_3_2,7615e40ce6be0f375de1cd7f341d6a8ca3f6e83b,runtime_ns,3,1576.5,12.134661099511597,1546.3558307433934,1606.6441692566066
pyjsonpath_2_0_0,7615e40ce6be0f375de1cd7f341d6a8ca3f6e83b,runtime_ns,3,1513.8333333333333,23.96003617136947,1454.3133039051324,1573.353362761534
pyjsonpath_1_3_2,82dbd5a38ad877d0d90b53b696f0554c56cf09e5,runtime_ns,3,251722.0,2066.075506848673,246589.58391811352,256854.41608188648
pyjsonpath_2_0_0,82dbd5a38ad877d0d90b53b696f0554c56cf09e5,runtime_ns,3,232465.0,1528.5243701034015,228667.93496889673,236262.06503110327
pyjsonpath_1_3_2,9d85bcb5a3e9ca698f8dcc5dae6b8aa2262f5f2a,runtime_ns,3,2333.5,0.5,2332.257931144125,2334.742068855875
pyjsonpath_2_0_0,9d85bcb5a3e9ca698f8dcc5dae6b8aa2262f5f2a,runtime_ns,4,2244.625,54.769783335947814,2157.4740526906617,2331.7759473093383
pyjsonpath_1_3_2,9c0667cae5ccd6f33ed5df3a1f4201cb0c95676b,runtime_ns,3,808305.6666666666,2389.5042024096406,802369.809165075,814241.5241682583
pyjsonpath_2_0_0,9c0667cae5ccd6f33ed5df3a1f4201cb0c95676b,runtime_ns,0,nan,0,nan,nan
pyjsonpath_1_3_2,0892e3c8a07c2dc2f2cb40fa9b448daf5b1efb20,runtime_ns,4,2057.25,46.038932799678726,1983.9917842062287,2130.5082157937713
pyjsonpath_2_0_0,0892e3c8a07c2dc2f2cb40fa9b448daf5b1efb20,runtime_ns,5,2166.6,82.87520739038908,2063.6968386396834,2269.5031613603164
pyjsonpath_1_3_2,5af6cc1736c3e2727e82e42d9971124215f7b7ec,runtime_ns,3,1465.3333333333333,12.271240089466644,1434.8498830571466,1495.81678360952
pyjsonpath_2_0_0,5af6cc1736c3e2727e82e42d9971124215f7b7ec,runtime_ns,3,23118.0,448.0410137476256,22005.004421338675,24230.995578661325
pyjsonpath_1_3_2,0835817234eb9a0857579085a9eeef1316cdcbc1,runtime_ns,0,nan,0,nan,nan
pyjsonpath_2_0_0,0835817234eb9a0857579085a9eeef1316cdcbc1,runtime_ns,0,nan,0,nan,nan
pyjsonpath_1_3_2,a16a353e7363cd169a598d96fac2f5fa42552383,runtime_ns,0,nan,0,nan,nan
pyjsonpath_2_0_0,a16a353e7363cd169a598d96fac2f5fa42552383,runtime_ns,0,nan,0,nan,nan
pyjsonpath_1_3_2,3f8e6a7d4a89eb9f18b1edc998259b7b6dd50a70,runtime_ns,3,1833.1666666666667,0.28867513459481287,1832.4495578783751,1833.8837754549584
pyjsonpath_2_0_0,3f8e6a7d4a89eb9f18b1edc998259b7b6dd50a70,runtime_ns,3,1756.8333333333333,11.835680518387328,1727.4318730133787,1786.2347936532879
pyjsonpath_1_3_2,5516815d1cccca0326a2486203e9c4b1d9bb7b4b,runtime_ns,3,21972.333333333332,138.5733860931937,21628.09795909429,22316.568707572373
pyjsonpath_2_0_0,5516815d1cccca0326a2486203e9c4b1d9bb7b4b,runtime_ns,3,18944.333333333332,48.20874747733375,18824.57616568864,19064.090500978025
pyjsonpath_1_3_2,abce5c3292f20f75ec22d2cc1a2b65392c8dd2f3,runtime_ns,3,3909.8333333333335,31.860372460681205,3830.6877805933436,3988.9788860733233
pyjsonpath_2_0_0,abce5c3292f20f75ec22d2cc1a2b65392c8dd2f3,runtime_ns,5,3104.2,85.82729752240833,2997.631334603302,3210.7686653966975
pyjsonpath_1_3_2,9ea1c4ce6c1ac6d6ad72272b2e43f530c04e1bdc,runtime_ns,0,nan,0,nan,nan
pyjsonpath_2_0_0,9ea1c4ce6c1ac6d6ad72272b2e43f530c04e1bdc,runtime_ns,0,nan,0,nan,nan
pyjsonpath_1_3_2,a5c7792111a9ddb0c4ff0120692548c2de63fd79,runtime_ns,0,nan,0,nan,nan
pyjsonpath_2_0_0,a5c7792111a9ddb0c4ff0120692548c2de63fd79,runtime_ns,0,nan,0,nan,nan
pyjsonpath_1_3_2,39e3eec98d1bd9dcea1f96d3adfd614669301654,runtime_ns,3,197076.5,382.0055627867217,196127.5455753831,198025.4544246169
pyjsonpath_2_0_0,39e3eec98d1bd9dcea1f96d3adfd614669301654,runtime_ns,3,184291.66666666666,1480.344667073629,180614.28665280057,187969.04668053275
pyjsonpath_1_3_2,704691b7125d7af2fd10cd5ac345850ba22c3cd6,runtime_ns,3,6201.333333333333,52.617329211328595,6070.624641547889,6332.042025118777
pyjsonpath_2_0_0,704691b7125d7af2fd10cd5ac345850ba22c3cd6,runtime_ns,4,6578.25,182.76829593778018,6287.424855934906,6869.075144065094
pyjsonpath_1_3_2,6a77e4745dcf68fba5320eb57216b0d717825be1,runtime_ns,3,4777.5,12.12435565298214,4747.381430891754,4807.618569108246
pyjsonpath_2_0_0,6a77e4745dcf68fba5320eb57216b0d717825be1,runtime_ns,4,5937.375,155.1361633103857,5690.518745128486,6184.231254871514
pyjsonpath_1_3_2,10d4c4b8f7a232810dab20b31e55764900847c93,runtime_ns,3,4854.166666666667,55.37222528789441,4716.614433645474,4991.71889968786
pyjsonpath_2_0_0,10d4c4b8f7a232810dab20b31e55764900847c93,runtime_ns,3,4528.0,24.24871130596428,4467.762861783507,4588.237138216493
pyjsonpath_1_3_2,c0f9f097fbeaba2e5069515e0483f16ebd0e0c0b,runtime_ns,4,3411.5,59.941638282582836,3316.1194773574707,3506.8805226425293
pyjsonpath_2_0_0,c0f9f097fbeaba2e5069515e0483f16ebd0e0c0b,runtime_ns,3,6305.666666666667,52.38638499966698,6175.531672106722,6435.801661226612
pyjsonpath_1_3_2,067080d9c09d5d8b01fd886848ce590f9213e817,runtime_ns,3,5923.5,31.752952618614856,5844.621292940677,6002.378707059323
pyjsonpath_2_0_0,067080d9c09d5d8b01fd886848ce590f9213e817,runtime_ns,3,5249.666666666667,41.50100400391939,5146.5724575450295,5352.7608757883045
pyjsonpath_1_3_2,dd61d1f2b215e2e247ed539d8982bc103446a746,runtime_ns,0,nan,0,nan,nan
pyjsonpath_2_0_0,dd61d1f2b215e2e247ed539d8982bc103446a746,runtime_ns,0,nan,0,nan,nan
pyjsonpath_1_3_2,4d6b3a9c3cabde18e35a54afdc0d17a8a6b6eeb8,runtime_ns,4,2010.5,54.67936844307305,1923.4929229615477,2097.5070770384523
pyjsonpath_2_0_0,4d6b3a9c3cabde18e35a54afdc0d17a8a6b6eeb8,runtime_ns,4,54744.875,1419.3637879345802,52486.35047861705,57003.39952138295
pyjsonpath_1_3_2,3fbc9fcb5dab3540c1b507fe65ed3424e9fd010d,runtime_ns,3,916.8333333333334,0.28867513459481287,916.1162245450417,917.550442121625
pyjsonpath_2_0_0,3fbc9fcb5dab3540c1b507fe65ed3424e9fd010d,runtime_ns,4,895.625,23.816573361142165,857.7275170511574,933.5224829488426
pyjsonpath_1_3_2,17cc5a24d948d618966cb137723659db0ad50bfc,runtime_ns,3,45639.0,177.28014553243125,45198.6117049383,46079.3882950617
pyjsonpath_2_0_0,17cc5a24d948d618966cb137723659db0ad50bfc,runtime_ns,3,64388.833333333336,375.2053881986949,63456.77147885704,65320.895187809634
pyjsonpath_1_3_2,fdc3bcd2c0f376025473e1b2e20b30ac100c79e3,runtime_ns,3,13208.166666666666,104.25009992001607,12949.195062001614,13467.138271331718
pyjsonpath_2_0_0,fdc3bcd2c0f376025473e1b2e20b30ac100c79e3,runtime_ns,5,25016.7,800.0447331243422,24023.313257926966,26010.086742073036
pyjsonpath_1_3_2,6401d45745ac3a889b20d4ab6ee2a2c88ba11302,runtime_ns,3,16903.0,52.848841046895245,16771.716200933108,17034.283799066892
pyjsonpath_2_0_0,6401d45745ac3a889b20d4ab6ee2a2c88ba11302,runtime_ns,3,46993.0,188.75844351975357,46524.098032041285,47461.901967958715
pyjsonpath_1_3_2,0e303bb30cd8d976c3016757eb006b4d68c51bf3,runtime_ns,4,911.5,26.362852652928137,869.550818488975,953.449181511025
pyjsonpath_2_0_0,0e303bb30cd8d976c3016757eb006b4d68c51bf3,runtime_ns,4,906.5,21.0,873.0843137945211,939.9156862054789
pyjsonpath_1_3_2,ff13f6e9a91ce0513f65f1cdada4ca6cb439ad01,runtime_ns,3,45680.333333333336,179.79873006596384,45233.68852745165,46126.97813921502
pyjsonpath_2_0_0,ff13f6e9a91ce0513f65f1cdada4ca6cb439ad01,runtime_ns,3,64840.333333333336,366.89553463258903,63928.91429947972,65751.75236718694
pyjsonpath_1_3_2,d9a4212283db5c1581cbae80789583051cad9219,runtime_ns,4,2025.75,52.23424802432468,1942.6336551828576,2108.8663448171424
pyjsonpath_2_0_0,d9a4212283db5c1581cbae80789583051cad9219,runtime_ns,3,55007.166666666664,161.722241306919,54605.42634820736,55408.90698512597
pyjsonpath_1_3_2,887fa9b3133e5a49c9927641d6a2a116715b56ff,runtime_ns,4,17109.25,464.3634531987489,16370.344122029428,17848.15587797057
pyjsonpath_2_0_0,887fa9b3133e5a49c9927641d6a2a116715b56ff,runtime_ns,3,45743.166666666664,404.59743367121513,44738.09092360659,46748.242409726736
pyjsonpath_1_3_2,08ea857e276f54703070333f4e3391378ccd9f34,runtime_ns,3,32347.166666666668,158.86262409180245,31952.530031172606,32741.80330216073
pyjsonpath_2_0_0,08ea857e276f54703070333f4e3391378ccd9f34,runtime_ns,4,45328.25,1039.832478495134,43673.64448534958,46982.85551465042
pyjsonpath_1_3_2,e4e4838e3acf1d89f581d7a1caec162c7da4d133,runtime_ns,3,909.5,12.12435565298214,879.3814308917538,939.6185691082462
pyjsonpath_2_0_0,e4e4838e3acf1d89f581d7a1caec162c7da4d133,runtime_ns,3,917.0,0.0,917.0,917.0
pyjsonpath_1_3_2,68f26a1fbbdc60425ef9be3472181e11c0dd280c,runtime_ns,4,906.25,20.838665984174707,873.091032215811,939.408967784189
pyjsonpath_2_0_0,68f26a1fbbdc60425ef9be3472181e11c0dd280c,runtime_ns,3,916.3333333333334,0.5773502691896257,914.8991157567502,917.7675509099165
pyjsonpath_1_3_2,380268d663d541db61eae1bd2479b8bf2c6918a6,runtime_ns,3,2013.8333333333333,23.96003617136947,1954.3133039051324,2073.3533627615343
pyjsonpath_2_0_0,380268d663d541db61eae1bd2479b8bf2c6918a6,runtime_ns,3,54909.666666666664,315.6637187472348,54125.51451869531,55693.81881463802
pyjsonpath_1_3_2,3a6422327420963dd3ed50eafd5710cfa18046a2,runtime_ns,3,3472.1666666666665,24.105670149019574,3412.284862382473,3532.04847095086
pyjsonpath_2_0_0,3a6422327420963dd3ed50eafd5710cfa18046a2,runtime_ns,3,4833.166666666667,41.750249500252494,4729.453297408104,4936.88003592523
pyjsonpath_1_3_2,fde47ab0a0b877af4f5b4239eb50331fca5b1bc1,runtime_ns,4,1578.125,26.129086602226774,1536.5477924411528,1619.7022075588472
pyjsonpath_2_0_0,fde47ab0a0b877af4f5b4239eb50331fca5b1bc1,runtime_ns,3,1486.3333333333333,23.671361036774655,1427.5304126934238,1545.1362539732427
pyjsonpath_1_3_2,09cc8f6ed035c756f5c54bf76c6a9b108fdaa403,runtime_ns,3,3194.5,63.66513959774218,3036.3470258013995,3352.6529741986005
pyjsonpath_2_0_0,09cc8f6ed035c756f5c54bf76c6a9b108fdaa403,runtime_ns,3,3493.1666666666665,11.835680518387328,3463.7652063467117,3522.5681269866213
