$ ./.venv/bin/python -u run.py jsonpath_ng_latest --seed=20260922 --output-dir=./results/rq1/20261003-0308-jsonpath_ng_latest/run1/jsonpath_ng_latest --max-wall-seconds=3420

[props] max_repetition=20 (bounds * and + during generation)
[props]   count_B                            0..inf  governed by <s_segment>* in <jsonpath_query>, capped at 20 by max_repetition
[props]   count_D                            0..inf  governed by <s_segment>* in <jsonpath_query>, capped at 20 by max_repetition
[props]   count_DIGIT1                       0..inf  governed by <s_segment>* in <jsonpath_query>, capped at 20 by max_repetition
[props]   count_DIGIT                        0..inf  governed by <s_segment>* in <jsonpath_query>, capped at 20 by max_repetition
[props]   count_HEXDIG                       0..inf  governed by <s_segment>* in <jsonpath_query>, capped at 20 by max_repetition
[props]   count_S                            0..inf  governed by <s_segment>* in <jsonpath_query>, capped at 20 by max_repetition
[props]   count_abs_query                    0..inf  governed by <s_segment>* in <jsonpath_query>, capped at 20 by max_repetition
[props]   count_abs_singular_query           0..inf  governed by <s_segment>* in <jsonpath_query>, capped at 20 by max_repetition
[props]   count_and_tail                     0..inf  governed by <s_segment>* in <jsonpath_query>, capped at 20 by max_repetition
[props]   count_array                        0..inf  governed by <more_member>* in <nonempty_object>, capped at 20 by max_repetition
[props]   count_basic_expr                   0..inf  governed by <s_segment>* in <jsonpath_query>, capped at 20 by max_repetition
[props]   count_bracketed_selection          0..inf  governed by <s_segment>* in <jsonpath_query>, capped at 20 by max_repetition
[props]   count_child_segment                0..inf  governed by <s_segment>* in <jsonpath_query>, capped at 20 by max_repetition
[props]   count_comparable                   0..inf  governed by <s_segment>* in <jsonpath_query>, capped at 20 by max_repetition
[props]   count_comparison_expr              0..inf  governed by <s_segment>* in <jsonpath_query>, capped at 20 by max_repetition
[props]   count_count_expr                   0..inf  governed by <s_segment>* in <jsonpath_query>, capped at 20 by max_repetition
[props]   count_descendant_segment           0..inf  governed by <s_segment>* in <jsonpath_query>, capped at 20 by max_repetition
[props]   count_doc_char                     0..inf  governed by <more_member>* in <nonempty_object>, capped at 20 by max_repetition
[props]   count_doc_escape                   0..inf  governed by <more_member>* in <nonempty_object>, capped at 20 by max_repetition
[props]   count_doc_exp                      0..inf  governed by <more_member>* in <nonempty_object>, capped at 20 by max_repetition
[props]   count_doc_mixed                    0..inf  governed by <more_member>* in <nonempty_object>, capped at 20 by max_repetition
[props]   count_doc_name_char                0..inf  governed by <more_member>* in <nonempty_object>, capped at 20 by max_repetition
[props]   count_doc_name_mixed               0..inf  governed by <more_member>* in <nonempty_object>, capped at 20 by max_repetition
[props]   count_doc_name_special             0..inf  governed by <more_member>* in <nonempty_object>, capped at 20 by max_repetition
[props]   count_doc_number                   0..inf  governed by <more_member>* in <nonempty_object>, capped at 20 by max_repetition
[props]   count_doc_special                  0..inf  governed by <more_member>* in <nonempty_object>, capped at 20 by max_repetition
[props]   count_doc_string                   0..inf  governed by <more_member>* in <nonempty_object>, capped at 20 by max_repetition
[props]   count_dq_char                      0..inf  governed by <s_segment>* in <jsonpath_query>, capped at 20 by max_repetition
[props]   count_dq_chars                     0..inf  governed by <s_segment>* in <jsonpath_query>, capped at 20 by max_repetition
[props]   count_dq_mixed                     0..inf  governed by <s_segment>* in <jsonpath_query>, capped at 20 by max_repetition
[props]   count_dq_special                   0..inf  governed by <s_segment>* in <jsonpath_query>, capped at 20 by max_repetition
[props]   count_escapable                    0..inf  governed by <s_segment>* in <jsonpath_query>, capped at 20 by max_repetition
[props]   count_exp                          0..inf  governed by <s_segment>* in <jsonpath_query>, capped at 20 by max_repetition
[props]   count_filter_query                 0..inf  governed by <s_segment>* in <jsonpath_query>, capped at 20 by max_repetition
[props]   count_filter_selector              0..inf  governed by <s_segment>* in <jsonpath_query>, capped at 20 by max_repetition
[props]   count_frac                         0..inf  governed by <s_segment>* in <jsonpath_query>, capped at 20 by max_repetition
[props]   count_hexchar                      0..inf  governed by <s_segment>* in <jsonpath_query>, capped at 20 by max_repetition
[props]   count_high_surrogate               0..inf  governed by <s_segment>* in <jsonpath_query>, capped at 20 by max_repetition
[props]   count_index_segment                0..inf  governed by <s_segment>* in <jsonpath_query>, capped at 20 by max_repetition
[props]   count_index_selector               0..inf  governed by <s_segment>* in <jsonpath_query>, capped at 20 by max_repetition
[props]   count_int                          0..inf  governed by <s_segment>* in <jsonpath_query>, capped at 20 by max_repetition
[props]   count_ire_alt                      0..inf  governed by <s_segment>* in <jsonpath_query>, capped at 20 by max_repetition
[props]   count_ire_branch                   0..inf  governed by <s_segment>* in <jsonpath_query>, capped at 20 by max_repetition
[props]   count_ire_cce1                     0..inf  governed by <s_segment>* in <jsonpath_query>, capped at 20 by max_repetition
[props]   count_ire_char_class               0..inf  governed by <s_segment>* in <jsonpath_query>, capped at 20 by max_repetition
[props]   count_ire_char_class_expr          0..inf  governed by <s_segment>* in <jsonpath_query>, capped at 20 by max_repetition
[props]   count_ire_normal_char              0..inf  governed by <s_segment>* in <jsonpath_query>, capped at 20 by max_repetition
[props]   count_ire_piece                    0..inf  governed by <s_segment>* in <jsonpath_query>, capped at 20 by max_repetition
[props]   count_ire_quantifier               0..inf  governed by <s_segment>* in <jsonpath_query>, capped at 20 by max_repetition
[props]   count_ire_range_quantifier         0..inf  governed by <s_segment>* in <jsonpath_query>, capped at 20 by max_repetition
[props]   count_ire_regexp                   0..inf  governed by <s_segment>* in <jsonpath_query>, capped at 20 by max_repetition
[props]   count_iregexp_literal              0..inf  governed by <s_segment>* in <jsonpath_query>, capped at 20 by max_repetition
[props]   count_length_expr                  0..inf  governed by <s_segment>* in <jsonpath_query>, capped at 20 by max_repetition
[props]   count_letter                       0..inf  governed by <s_segment>* in <jsonpath_query>, capped at 20 by max_repetition
[props]   count_literal                      0..inf  governed by <s_segment>* in <jsonpath_query>, capped at 20 by max_repetition
[props]   count_logical_and_expr             0..inf  governed by <s_segment>* in <jsonpath_query>, capped at 20 by max_repetition
[props]   count_logical_expr                 0..inf  governed by <s_segment>* in <jsonpath_query>, capped at 20 by max_repetition
[props]   count_logical_function_expr        0..inf  governed by <s_segment>* in <jsonpath_query>, capped at 20 by max_repetition
[props]   count_logical_not_op               0..inf  governed by <s_segment>* in <jsonpath_query>, capped at 20 by max_repetition
[props]   count_low_surrogate                0..inf  governed by <s_segment>* in <jsonpath_query>, capped at 20 by max_repetition
[props]   count_match_expr                   0..inf  governed by <s_segment>* in <jsonpath_query>, capped at 20 by max_repetition
[props]   count_member                       0..inf  governed by <more_member>* in <nonempty_object>, capped at 20 by max_repetition
[props]   count_member_name_shorthand        0..inf  governed by <s_segment>* in <jsonpath_query>, capped at 20 by max_repetition
[props]   count_more_member                  0..inf  governed by <more_member>* in <nonempty_object>, capped at 20 by max_repetition
[props]   count_more_selector                0..inf  governed by <s_segment>* in <jsonpath_query>, capped at 20 by max_repetition
[props]   count_more_value                   0..inf  governed by <more_member>* in <nonempty_object>, capped at 20 by max_repetition
[props]   count_name_char                    0..inf  governed by <s_segment>* in <jsonpath_query>, capped at 20 by max_repetition
[props]   count_name_dq_char                 0..inf  governed by <s_segment>* in <jsonpath_query>, capped at 20 by max_repetition
[props]   count_name_dq_chars                0..inf  governed by <s_segment>* in <jsonpath_query>, capped at 20 by max_repetition
[props]   count_name_dq_mixed                0..inf  governed by <s_segment>* in <jsonpath_query>, capped at 20 by max_repetition
[props]   count_name_dq_special              0..inf  governed by <s_segment>* in <jsonpath_query>, capped at 20 by max_repetition
[props]   count_name_first                   0..inf  governed by <s_segment>* in <jsonpath_query>, capped at 20 by max_repetition
[props]   count_name_segment                 0..inf  governed by <s_segment>* in <jsonpath_query>, capped at 20 by max_repetition
[props]   count_name_selector                0..inf  governed by <s_segment>* in <jsonpath_query>, capped at 20 by max_repetition
[props]   count_name_sq_char                 0..inf  governed by <s_segment>* in <jsonpath_query>, capped at 20 by max_repetition
[props]   count_name_sq_chars                0..inf  governed by <s_segment>* in <jsonpath_query>, capped at 20 by max_repetition
[props]   count_name_sq_mixed                0..inf  governed by <s_segment>* in <jsonpath_query>, capped at 20 by max_repetition
[props]   count_name_sq_special              0..inf  governed by <s_segment>* in <jsonpath_query>, capped at 20 by max_repetition
[props]   count_non_d_hex                    0..inf  governed by <s_segment>* in <jsonpath_query>, capped at 20 by max_repetition
[props]   count_non_surrogate                0..inf  governed by <s_segment>* in <jsonpath_query>, capped at 20 by max_repetition
[props]   count_nonempty_array               0..inf  governed by <more_member>* in <nonempty_object>, capped at 20 by max_repetition
[props]   count_nonempty_object              0..inf  governed by <more_member>* in <nonempty_object>, capped at 20 by max_repetition
[props]   count_number                       0..inf  governed by <s_segment>* in <jsonpath_query>, capped at 20 by max_repetition
[props]   count_object                       0..inf  governed by <more_member>* in <nonempty_object>, capped at 20 by max_repetition
[props]   count_oct_digit                    0..inf  governed by <s_segment>* in <jsonpath_query>, capped at 20 by max_repetition
[props]   count_or_tail                      0..inf  governed by <s_segment>* in <jsonpath_query>, capped at 20 by max_repetition
[props]   count_paren_expr                   0..inf  governed by <s_segment>* in <jsonpath_query>, capped at 20 by max_repetition
[props]   count_pos_int                      0..inf  governed by <s_segment>* in <jsonpath_query>, capped at 20 by max_repetition
[props]   count_regex_argument               0..inf  governed by <s_segment>* in <jsonpath_query>, capped at 20 by max_repetition
[props]   count_rel_query                    0..inf  governed by <s_segment>* in <jsonpath_query>, capped at 20 by max_repetition
[props]   count_rel_singular_query           0..inf  governed by <s_segment>* in <jsonpath_query>, capped at 20 by max_repetition
[props]   count_s_segment                    0..inf  governed by <s_segment>* in <jsonpath_query>, capped at 20 by max_repetition
[props]   count_s_singular_segment           0..inf  governed by <s_segment>* in <jsonpath_query>, capped at 20 by max_repetition
[props]   count_search_expr                  0..inf  governed by <s_segment>* in <jsonpath_query>, capped at 20 by max_repetition
[props]   count_selector                     0..inf  governed by <s_segment>* in <jsonpath_query>, capped at 20 by max_repetition
[props]   count_sign_opt                     0..inf  governed by <s_segment>* in <jsonpath_query>, capped at 20 by max_repetition
[props]   count_singular_query               0..inf  governed by <s_segment>* in <jsonpath_query>, capped at 20 by max_repetition
[props]   count_slice_selector               0..inf  governed by <s_segment>* in <jsonpath_query>, capped at 20 by max_repetition
[props]   count_sq_char                      0..inf  governed by <s_segment>* in <jsonpath_query>, capped at 20 by max_repetition
[props]   count_sq_chars                     0..inf  governed by <s_segment>* in <jsonpath_query>, capped at 20 by max_repetition
[props]   count_sq_mixed                     0..inf  governed by <s_segment>* in <jsonpath_query>, capped at 20 by max_repetition
[props]   count_sq_special                   0..inf  governed by <s_segment>* in <jsonpath_query>, capped at 20 by max_repetition
[props]   count_string_literal               0..inf  governed by <s_segment>* in <jsonpath_query>, capped at 20 by max_repetition
[props]   count_test_expr                    0..inf  governed by <s_segment>* in <jsonpath_query>, capped at 20 by max_repetition
[props]   count_value                        0..inf  governed by <more_member>* in <nonempty_object>, capped at 20 by max_repetition
[props]   count_value_argument               0..inf  governed by <s_segment>* in <jsonpath_query>, capped at 20 by max_repetition
[props]   count_value_expr                   0..inf  governed by <s_segment>* in <jsonpath_query>, capped at 20 by max_repetition
[props]   count_value_function_expr          0..inf  governed by <s_segment>* in <jsonpath_query>, capped at 20 by max_repetition
[props]   count_wildcard_selector            0..inf  governed by <s_segment>* in <jsonpath_query>, capped at 20 by max_repetition
[props]   count_ws                           2..inf  governed by <more_member>* in <nonempty_object>, capped at 20 by max_repetition
[props] identical to count_and_tail, not derived: count_and_op
[props] identical to count_bracketed_selection, not derived: count_selection_list
[props] identical to count_comparison_expr, not derived: count_comparison_op, count_comparison_op_s
[props] identical to count_doc_exp, not derived: count_doc_e
[props] identical to count_doc_number, not derived: count_doc_int, count_doc_num_int
[props] identical to count_doc_string, not derived: count_doc_chars
[props] identical to count_exp, not derived: count_exp_e
[props] identical to count_high_surrogate, not derived: count_high_second
[props] identical to count_ire_char_class_expr, not derived: count_ire_caret_opt
[props] identical to count_ire_piece, not derived: count_ire_atom
[props] identical to count_logical_expr, not derived: count_logical_or_expr
[props] identical to count_low_surrogate, not derived: count_low_second
[props] identical to count_member, not derived: count_doc_name_chars, count_member_name
[props] identical to count_more_selector, not derived: count_comma_s
[props] identical to count_name_selector, not derived: count_name_string_literal
[props] identical to count_number, not derived: count_num_int
[props] identical to count_or_tail, not derived: count_or_op
[props] identical to count_paren_expr, not derived: count_paren_body
[props] identical to count_s_segment, not derived: count_segment
[props] identical to count_s_singular_segment, not derived: count_singular_segment
[props] identical to count_slice_selector, not derived: count_end_opt, count_start_opt, count_step_opt
[props] fixed count, not derived: <doc>, <doc_root>, <jsonpath_query>
[jsonpath_ng_latest] properties: ['count_s_segment', 'count_child_segment', 'count_member_name_shorthand', 'count_name_first', 'count_name_char', 'count_bracketed_selection', 'count_selector', 'count_slice_selector', 'count_B', 'count_int', 'count_pos_int', 'count_DIGIT', 'count_DIGIT1', 'count_name_selector', 'count_name_dq_chars', 'count_name_dq_mixed', 'count_name_dq_special', 'count_escapable', 'count_hexchar', 'count_high_surrogate', 'count_D', 'count_HEXDIG', 'count_low_surrogate', 'count_non_surrogate', 'count_oct_digit', 'count_non_d_hex', 'count_name_dq_char', 'count_name_sq_chars', 'count_name_sq_mixed', 'count_name_sq_special', 'count_name_sq_char', 'count_filter_selector', 'count_logical_expr', 'count_logical_and_expr', 'count_basic_expr', 'count_test_expr', 'count_logical_function_expr', 'count_search_expr', 'count_S', 'count_value_argument', 'count_singular_query', 'count_abs_singular_query', 'count_s_singular_segment', 'count_index_segment', 'count_index_selector', 'count_name_segment', 'count_rel_singular_query', 'count_value_function_expr', 'count_count_expr', 'count_filter_query', 'count_rel_query', 'count_wildcard_selector', 'count_more_selector', 'count_descendant_segment', 'count_abs_query', 'count_length_expr', 'count_value_expr', 'count_literal', 'count_number', 'count_frac', 'count_exp', 'count_string_literal', 'count_sq_chars', 'count_letter', 'count_sq_mixed', 'count_dq_chars', 'count_dq_mixed', 'count_sign_opt', 'count_sq_special', 'count_sq_char', 'count_dq_special', 'count_dq_char', 'count_regex_argument', 'count_iregexp_literal', 'count_ire_regexp', 'count_ire_branch', 'count_ire_piece', 'count_ire_quantifier', 'count_ire_range_quantifier', 'count_ire_char_class', 'count_ire_char_class_expr', 'count_ire_cce1', 'count_ire_alt', 'count_match_expr', 'count_and_tail', 'count_or_tail', 'count_paren_expr', 'count_comparison_expr', 'count_logical_not_op', 'count_comparable', 'count_ire_normal_char', 'count_ws', 'count_nonempty_array', 'count_value', 'count_object', 'count_nonempty_object', 'count_member', 'count_doc_name_mixed', 'count_doc_name_special', 'count_doc_escape', 'count_doc_name_char', 'count_doc_number', 'count_doc_exp', 'count_doc_string', 'count_array', 'count_more_member', 'count_doc_mixed', 'count_doc_special', 'count_doc_char', 'count_more_value', 'doc_depth', 'doc_bytes', 'query_len']
[jsonpath_ng_latest] auto-stratified exploration: <s_segment>[(0, 0), (1, 1), (2, 4), (5, 10), (11, 24)] x <or_tail>[(1, 1), (2, 3), (4, 6), (7, 12), (13, 24)] x <and_tail>[(1, 1), (2, 3), (4, 6), (7, 12), (13, 24)] ...
fandango:WARNING: Symbol <slice_selector> defined, but not used
fandango:WARNING: Symbol <descendant_segment> defined, but not used
[WARNING] recursion limit hit generating from ./results/rq1/20261003-0308-jsonpath_ng_latest/run1/jsonpath_ng_latest/grammars/jsonpath_py_m1_0_or_tail1-1.fan; lower max_repetition or max_nodes for this grammar.
fandango:WARNING: Symbol <slice_selector> defined, but not used
fandango:WARNING: Symbol <descendant_segment> defined, but not used
fandango:WARNING: Symbol <slice_selector> defined, but not used
fandango:WARNING: Symbol <descendant_segment> defined, but not used
fandango:WARNING: Symbol <slice_selector> defined, but not used
fandango:WARNING: Symbol <descendant_segment> defined, but not used
fandango:WARNING: Symbol <slice_selector> defined, but not used
fandango:WARNING: Symbol <descendant_segment> defined, but not used
fandango:WARNING: Symbol <slice_selector> defined, but not used
fandango:WARNING: Symbol <descendant_segment> defined, but not used
[WARNING] recursion limit hit generating from ./results/rq1/20261003-0308-jsonpath_ng_latest/run1/jsonpath_ng_latest/grammars/jsonpath_py_m2_0_and_tail1-1.fan; lower max_repetition or max_nodes for this grammar.
fandango:WARNING: Symbol <slice_selector> defined, but not used
fandango:WARNING: Symbol <descendant_segment> defined, but not used
fandango:WARNING: Symbol <slice_selector> defined, but not used
fandango:WARNING: Symbol <descendant_segment> defined, but not used
fandango:WARNING: Symbol <slice_selector> defined, but not used
fandango:WARNING: Symbol <descendant_segment> defined, but not used
fandango:WARNING: Symbol <slice_selector> defined, but not used
fandango:WARNING: Symbol <descendant_segment> defined, but not used
fandango:WARNING: Symbol <descendant_segment> defined, but not used
fandango:WARNING: Symbol <descendant_segment> defined, but not used
fandango:WARNING: Symbol <descendant_segment> defined, but not used
fandango:WARNING: Symbol <descendant_segment> defined, but not used
fandango:WARNING: Symbol <descendant_segment> defined, but not used
fandango:WARNING: Symbol <more_member> defined, but not used
[WARNING] Fandango did not generate any valid inputs.
fandango:WARNING: Symbol <more_value> defined, but not used
fandango:WARNING: Symbol <slice_selector> defined, but not used
fandango:WARNING: Symbol <paren_expr> defined, but not used
fandango:WARNING: Symbol <abs_singular_query> defined, but not used
fandango:WARNING: Symbol <descendant_segment> defined, but not used
fandango:WARNING: Symbol <test_expr> defined, but not used
fandango:WARNING: Symbol <slice_selector> defined, but not used
fandango:WARNING: Symbol <paren_expr> defined, but not used
fandango:WARNING: Symbol <abs_singular_query> defined, but not used
fandango:WARNING: Symbol <descendant_segment> defined, but not used
fandango:WARNING: Symbol <test_expr> defined, but not used
fandango:WARNING: Symbol <slice_selector> defined, but not used
fandango:WARNING: Symbol <paren_expr> defined, but not used
fandango:WARNING: Symbol <abs_singular_query> defined, but not used
fandango:WARNING: Symbol <descendant_segment> defined, but not used
fandango:WARNING: Symbol <test_expr> defined, but not used
fandango:WARNING: Symbol <slice_selector> defined, but not used
fandango:WARNING: Symbol <paren_expr> defined, but not used
fandango:WARNING: Symbol <abs_singular_query> defined, but not used
fandango:WARNING: Symbol <descendant_segment> defined, but not used
fandango:WARNING: Symbol <test_expr> defined, but not used
fandango:WARNING: Symbol <slice_selector> defined, but not used
fandango:WARNING: Symbol <paren_expr> defined, but not used
fandango:WARNING: Symbol <abs_singular_query> defined, but not used
fandango:WARNING: Symbol <descendant_segment> defined, but not used
fandango:WARNING: Symbol <test_expr> defined, but not used
fandango:WARNING: Symbol <name_dq_char> defined, but not used
fandango:WARNING: Symbol <slice_selector> defined, but not used
fandango:WARNING: Symbol <filter_selector> defined, but not used
fandango:WARNING: Symbol <descendant_segment> defined, but not used
fandango:WARNING: Symbol <name_sq_chars> defined, but not used
fandango:WARNING: Symbol <slice_selector> defined, but not used
fandango:WARNING: Symbol <filter_selector> defined, but not used
fandango:WARNING: Symbol <descendant_segment> defined, but not used
fandango:WARNING: Symbol <name_sq_chars> defined, but not used
fandango:WARNING: Symbol <slice_selector> defined, but not used
fandango:WARNING: Symbol <filter_selector> defined, but not used
fandango:WARNING: Symbol <descendant_segment> defined, but not used
fandango:WARNING: Symbol <name_sq_chars> defined, but not used
fandango:WARNING: Symbol <slice_selector> defined, but not used
fandango:WARNING: Symbol <filter_selector> defined, but not used
fandango:WARNING: Symbol <descendant_segment> defined, but not used
fandango:WARNING: Symbol <name_sq_chars> defined, but not used
fandango:WARNING: Symbol <name_sq_char> defined, but not used
fandango:WARNING: Symbol <slice_selector> defined, but not used
fandango:WARNING: Symbol <filter_selector> defined, but not used
fandango:WARNING: Symbol <descendant_segment> defined, but not used
fandango:WARNING: Symbol <name_dq_chars> defined, but not used
fandango:WARNING: Symbol <slice_selector> defined, but not used
fandango:WARNING: Symbol <filter_selector> defined, but not used
fandango:WARNING: Symbol <descendant_segment> defined, but not used
fandango:WARNING: Symbol <name_dq_chars> defined, but not used
fandango:WARNING: Symbol <slice_selector> defined, but not used
fandango:WARNING: Symbol <filter_selector> defined, but not used
fandango:WARNING: Symbol <descendant_segment> defined, but not used
fandango:WARNING: Symbol <name_dq_chars> defined, but not used
fandango:WARNING: Symbol <slice_selector> defined, but not used
fandango:WARNING: Symbol <filter_selector> defined, but not used
fandango:WARNING: Symbol <descendant_segment> defined, but not used
fandango:WARNING: Symbol <name_dq_chars> defined, but not used
fandango:WARNING: Symbol <slice_selector> defined, but not used
fandango:WARNING: Symbol <paren_expr> defined, but not used
fandango:WARNING: Symbol <descendant_segment> defined, but not used
fandango:WARNING: Symbol <search_expr> defined, but not used
fandango:WARNING: Symbol <comparison_expr> defined, but not used
fandango:WARNING: Symbol <slice_selector> defined, but not used
fandango:WARNING: Symbol <paren_expr> defined, but not used
fandango:WARNING: Symbol <descendant_segment> defined, but not used
fandango:WARNING: Symbol <search_expr> defined, but not used
fandango:WARNING: Symbol <comparison_expr> defined, but not used
fandango:WARNING: Symbol <slice_selector> defined, but not used
fandango:WARNING: Symbol <paren_expr> defined, but not used
fandango:WARNING: Symbol <descendant_segment> defined, but not used
fandango:WARNING: Symbol <search_expr> defined, but not used
fandango:WARNING: Symbol <comparison_expr> defined, but not used
fandango:WARNING: Symbol <slice_selector> defined, but not used
fandango:WARNING: Symbol <paren_expr> defined, but not used
fandango:WARNING: Symbol <descendant_segment> defined, but not used
fandango:WARNING: Symbol <search_expr> defined, but not used
fandango:WARNING: Symbol <comparison_expr> defined, but not used
fandango:WARNING: Symbol <slice_selector> defined, but not used
fandango:WARNING: Symbol <paren_expr> defined, but not used
fandango:WARNING: Symbol <descendant_segment> defined, but not used
fandango:WARNING: Symbol <search_expr> defined, but not used
fandango:WARNING: Symbol <comparison_expr> defined, but not used
fandango:WARNING: Symbol <slice_selector> defined, but not used
fandango:WARNING: Symbol <paren_expr> defined, but not used
fandango:WARNING: Symbol <descendant_segment> defined, but not used
fandango:WARNING: Symbol <search_expr> defined, but not used
fandango:WARNING: Symbol <comparison_expr> defined, but not used
fandango:WARNING: Symbol <slice_selector> defined, but not used
fandango:WARNING: Symbol <paren_expr> defined, but not used
fandango:WARNING: Symbol <descendant_segment> defined, but not used
fandango:WARNING: Symbol <search_expr> defined, but not used
fandango:WARNING: Symbol <comparison_expr> defined, but not used
fandango:WARNING: Symbol <slice_selector> defined, but not used
fandango:WARNING: Symbol <paren_expr> defined, but not used
fandango:WARNING: Symbol <descendant_segment> defined, but not used
fandango:WARNING: Symbol <search_expr> defined, but not used
fandango:WARNING: Symbol <comparison_expr> defined, but not used
fandango:WARNING: Symbol <slice_selector> defined, but not used
fandango:WARNING: Symbol <paren_expr> defined, but not used
fandango:WARNING: Symbol <descendant_segment> defined, but not used
fandango:WARNING: Symbol <search_expr> defined, but not used
fandango:WARNING: Symbol <comparison_expr> defined, but not used
fandango:WARNING: Symbol <slice_selector> defined, but not used
fandango:WARNING: Symbol <paren_expr> defined, but not used
fandango:WARNING: Symbol <descendant_segment> defined, but not used
fandango:WARNING: Symbol <search_expr> defined, but not used
fandango:WARNING: Symbol <comparison_expr> defined, but not used
fandango:WARNING: Symbol <doc_name_char> defined, but not used
fandango:WARNING: Symbol <dq_char> defined, but not used
fandango:WARNING: Symbol <slice_selector> defined, but not used
fandango:WARNING: Symbol <paren_expr> defined, but not used
fandango:WARNING: Symbol <descendant_segment> defined, but not used
fandango:WARNING: Symbol <sq_chars> defined, but not used
fandango:WARNING: Symbol <test_expr> defined, but not used
fandango:WARNING: Symbol <slice_selector> defined, but not used
fandango:WARNING: Symbol <paren_expr> defined, but not used
fandango:WARNING: Symbol <descendant_segment> defined, but not used
fandango:WARNING: Symbol <sq_chars> defined, but not used
fandango:WARNING: Symbol <test_expr> defined, but not used
fandango:WARNING: Symbol <slice_selector> defined, but not used
fandango:WARNING: Symbol <paren_expr> defined, but not used
fandango:WARNING: Symbol <descendant_segment> defined, but not used
fandango:WARNING: Symbol <sq_chars> defined, but not used
fandango:WARNING: Symbol <test_expr> defined, but not used
fandango:WARNING: Symbol <slice_selector> defined, but not used
fandango:WARNING: Symbol <paren_expr> defined, but not used
fandango:WARNING: Symbol <descendant_segment> defined, but not used
fandango:WARNING: Symbol <sq_chars> defined, but not used
fandango:WARNING: Symbol <test_expr> defined, but not used
fandango:WARNING: Symbol <sq_char> defined, but not used
fandango:WARNING: Symbol <slice_selector> defined, but not used
fandango:WARNING: Symbol <paren_expr> defined, but not used
fandango:WARNING: Symbol <descendant_segment> defined, but not used
fandango:WARNING: Symbol <test_expr> defined, but not used
fandango:WARNING: Symbol <dq_chars> defined, but not used
fandango:WARNING: Symbol <slice_selector> defined, but not used
fandango:WARNING: Symbol <paren_expr> defined, but not used
fandango:WARNING: Symbol <descendant_segment> defined, but not used
fandango:WARNING: Symbol <test_expr> defined, but not used
fandango:WARNING: Symbol <dq_chars> defined, but not used
fandango:WARNING: Symbol <slice_selector> defined, but not used
fandango:WARNING: Symbol <paren_expr> defined, but not used
fandango:WARNING: Symbol <descendant_segment> defined, but not used
fandango:WARNING: Symbol <test_expr> defined, but not used
fandango:WARNING: Symbol <dq_chars> defined, but not used
fandango:WARNING: Symbol <slice_selector> defined, but not used
fandango:WARNING: Symbol <paren_expr> defined, but not used
fandango:WARNING: Symbol <descendant_segment> defined, but not used
fandango:WARNING: Symbol <test_expr> defined, but not used
fandango:WARNING: Symbol <dq_chars> defined, but not used
fandango:WARNING: Symbol <doc_char> defined, but not used
fandango:WARNING: Symbol <array> defined, but not used
fandango:WARNING: Symbol <doc_number> defined, but not used
fandango:WARNING: Symbol <object> defined, but not used
fandango:WARNING: Symbol <array> defined, but not used
fandango:WARNING: Symbol <doc_number> defined, but not used
fandango:WARNING: Symbol <object> defined, but not used
fandango:WARNING: Symbol <array> defined, but not used
fandango:WARNING: Symbol <doc_number> defined, but not used
fandango:WARNING: Symbol <object> defined, but not used
[WARNING] recursion limit hit generating from ./results/rq1/20261003-0308-jsonpath_ng_latest/run1/jsonpath_ng_latest/grammars/jsonpath_py_m14_3_doc_char14-52.fan; lower max_repetition or max_nodes for this grammar.
fandango:WARNING: Symbol <array> defined, but not used
fandango:WARNING: Symbol <doc_number> defined, but not used
fandango:WARNING: Symbol <object> defined, but not used
[WARNING] recursion limit hit generating from ./results/rq1/20261003-0308-jsonpath_ng_latest/run1/jsonpath_ng_latest/grammars/jsonpath_py_m14_4_doc_char53-200.fan; lower max_repetition or max_nodes for this grammar.
fandango:WARNING: Symbol <slice_selector> defined, but not used
fandango:WARNING: Symbol <paren_expr> defined, but not used
fandango:WARNING: Symbol <descendant_segment> defined, but not used
fandango:WARNING: Symbol <search_expr> defined, but not used
fandango:WARNING: Symbol <comparison_expr> defined, but not used
fandango:WARNING: Symbol <slice_selector> defined, but not used
fandango:WARNING: Symbol <paren_expr> defined, but not used
fandango:WARNING: Symbol <descendant_segment> defined, but not used
fandango:WARNING: Symbol <search_expr> defined, but not used
fandango:WARNING: Symbol <comparison_expr> defined, but not used
fandango:WARNING: Symbol <slice_selector> defined, but not used
fandango:WARNING: Symbol <paren_expr> defined, but not used
fandango:WARNING: Symbol <descendant_segment> defined, but not used
fandango:WARNING: Symbol <search_expr> defined, but not used
fandango:WARNING: Symbol <comparison_expr> defined, but not used
fandango:WARNING: Symbol <slice_selector> defined, but not used
fandango:WARNING: Symbol <paren_expr> defined, but not used
fandango:WARNING: Symbol <descendant_segment> defined, but not used
fandango:WARNING: Symbol <search_expr> defined, but not used
fandango:WARNING: Symbol <comparison_expr> defined, but not used
fandango:WARNING: Symbol <slice_selector> defined, but not used
fandango:WARNING: Symbol <paren_expr> defined, but not used
fandango:WARNING: Symbol <descendant_segment> defined, but not used
fandango:WARNING: Symbol <search_expr> defined, but not used
fandango:WARNING: Symbol <comparison_expr> defined, but not used
fandango:WARNING: Symbol <descendant_segment> defined, but not used
fandango:WARNING: Symbol <descendant_segment> defined, but not used
fandango:WARNING: Symbol <descendant_segment> defined, but not used
fandango:WARNING: Symbol <descendant_segment> defined, but not used
fandango:WARNING: Symbol <descendant_segment> defined, but not used
fandango:WARNING: Symbol <doc_string> defined, but not used
fandango:WARNING: Symbol <array> defined, but not used
fandango:WARNING: Symbol <object> defined, but not used
fandango:WARNING: Symbol <doc_string> defined, but not used
fandango:WARNING: Symbol <array> defined, but not used
fandango:WARNING: Symbol <object> defined, but not used
fandango:WARNING: Symbol <doc_string> defined, but not used
fandango:WARNING: Symbol <array> defined, but not used
fandango:WARNING: Symbol <object> defined, but not used
fandango:WARNING: Symbol <doc_string> defined, but not used
fandango:WARNING: Symbol <array> defined, but not used
fandango:WARNING: Symbol <object> defined, but not used
fandango:WARNING: Symbol <doc_string> defined, but not used
fandango:WARNING: Symbol <array> defined, but not used
fandango:WARNING: Symbol <object> defined, but not used
fandango:WARNING: Symbol <array> defined, but not used
fandango:WARNING: Symbol <doc_number> defined, but not used
fandango:WARNING: Symbol <doc_mixed> defined, but not used
fandango:WARNING: Symbol <object> defined, but not used
fandango:WARNING: Symbol <array> defined, but not used
fandango:WARNING: Symbol <doc_number> defined, but not used
fandango:WARNING: Symbol <doc_mixed> defined, but not used
fandango:WARNING: Symbol <object> defined, but not used
fandango:WARNING: Symbol <array> defined, but not used
fandango:WARNING: Symbol <doc_number> defined, but not used
fandango:WARNING: Symbol <doc_mixed> defined, but not used
fandango:WARNING: Symbol <object> defined, but not used
fandango:WARNING: Symbol <array> defined, but not used
fandango:WARNING: Symbol <doc_number> defined, but not used
fandango:WARNING: Symbol <doc_mixed> defined, but not used
fandango:WARNING: Symbol <object> defined, but not used
fandango:WARNING: Symbol <array> defined, but not used
fandango:WARNING: Symbol <doc_number> defined, but not used
fandango:WARNING: Symbol <doc_mixed> defined, but not used
fandango:WARNING: Symbol <object> defined, but not used
  [explore] 20 axes, 100 strata, 3/stratum -> 285 inputs
  [explore] 5 stratum/strata produced nothing: or_tail1-1, and_tail1-1, more_member11-24, doc_char14-52, doc_char53-200
[metrics] jsonpath_ng_1_5_2: no measurement after 3 failed attempts; leaving this input unmeasured
[metrics] jsonpath_ng_1_5_3: no measurement after 3 failed attempts; leaving this input unmeasured
[metrics] jsonpath_ng_1_6_0: no measurement after 3 failed attempts; leaving this input unmeasured
[metrics] jsonpath_ng_1_6_1: no measurement after 3 failed attempts; leaving this input unmeasured
[metrics] jsonpath_ng_1_7_0: no measurement after 3 failed attempts; leaving this input unmeasured
[metrics] jsonpath_ng_1_8_0: no measurement after 3 failed attempts; leaving this input unmeasured
[metrics] jsonpath_ng_1_5_2: no measurement after 3 failed attempts; leaving this input unmeasured
[metrics] jsonpath_ng_1_5_3: no measurement after 3 failed attempts; leaving this input unmeasured
[metrics] jsonpath_ng_1_6_0: no measurement after 3 failed attempts; leaving this input unmeasured
[metrics] jsonpath_ng_1_6_1: no measurement after 3 failed attempts; leaving this input unmeasured
[metrics] jsonpath_ng_1_7_0: no measurement after 3 failed attempts; leaving this input unmeasured
[metrics] jsonpath_ng_1_8_0: no measurement after 3 failed attempts; leaving this input unmeasured
[metrics] jsonpath_ng_1_5_2: no measurement after 3 failed attempts; leaving this input unmeasured
[metrics] jsonpath_ng_1_5_3: no measurement after 3 failed attempts; leaving this input unmeasured
[metrics] jsonpath_ng_1_6_0: no measurement after 3 failed attempts; leaving this input unmeasured
[metrics] jsonpath_ng_1_6_1: no measurement after 3 failed attempts; leaving this input unmeasured
[metrics] jsonpath_ng_1_7_0: no measurement after 3 failed attempts; leaving this input unmeasured
[metrics] jsonpath_ng_1_8_0: no measurement after 3 failed attempts; leaving this input unmeasured
[metrics] jsonpath_ng_1_5_2: no measurement after 3 failed attempts; leaving this input unmeasured
[metrics] jsonpath_ng_1_5_3: no measurement after 3 failed attempts; leaving this input unmeasured
[metrics] jsonpath_ng_1_6_0: no measurement after 3 failed attempts; leaving this input unmeasured
[metrics] jsonpath_ng_1_6_1: no measurement after 3 failed attempts; leaving this input unmeasured
[metrics] jsonpath_ng_1_7_0: no measurement after 3 failed attempts; leaving this input unmeasured
[metrics] jsonpath_ng_1_8_0: no measurement after 3 failed attempts; leaving this input unmeasured
[metrics] jsonpath_ng_1_5_2: no measurement after 3 failed attempts; leaving this input unmeasured
[metrics] jsonpath_ng_1_5_3: no measurement after 3 failed attempts; leaving this input unmeasured
[metrics] jsonpath_ng_1_6_0: no measurement after 3 failed attempts; leaving this input unmeasured
[metrics] jsonpath_ng_1_6_1: no measurement after 3 failed attempts; leaving this input unmeasured
[metrics] jsonpath_ng_1_7_0: no measurement after 3 failed attempts; leaving this input unmeasured
[metrics] jsonpath_ng_1_8_0: no measurement after 3 failed attempts; leaving this input unmeasured
[metrics] jsonpath_ng_1_5_2: no measurement after 3 failed attempts; leaving this input unmeasured
[metrics] jsonpath_ng_1_5_3: no measurement after 3 failed attempts; leaving this input unmeasured
[metrics] jsonpath_ng_1_6_0: no measurement after 3 failed attempts; leaving this input unmeasured
[metrics] jsonpath_ng_1_6_1: no measurement after 3 failed attempts; leaving this input unmeasured
[metrics] jsonpath_ng_1_7_0: no measurement after 3 failed attempts; leaving this input unmeasured
[metrics] jsonpath_ng_1_8_0: no measurement after 3 failed attempts; leaving this input unmeasured
[metrics] jsonpath_ng_1_5_2: no measurement after 3 failed attempts; leaving this input unmeasured
[metrics] jsonpath_ng_1_5_3: no measurement after 3 failed attempts; leaving this input unmeasured
[metrics] jsonpath_ng_1_6_0: no measurement after 3 failed attempts; leaving this input unmeasured
[metrics] jsonpath_ng_1_6_1: no measurement after 3 failed attempts; leaving this input unmeasured
[metrics] jsonpath_ng_1_7_0: no measurement after 3 failed attempts; leaving this input unmeasured
[metrics] jsonpath_ng_1_8_0: no measurement after 3 failed attempts; leaving this input unmeasured
[metrics] jsonpath_ng_1_5_2: no measurement after 3 failed attempts; leaving this input unmeasured
[metrics] jsonpath_ng_1_5_3: no measurement after 3 failed attempts; leaving this input unmeasured
[metrics] jsonpath_ng_1_6_0: no measurement after 3 failed attempts; leaving this input unmeasured
[metrics] jsonpath_ng_1_6_1: no measurement after 3 failed attempts; leaving this input unmeasured
[metrics] jsonpath_ng_1_7_0: no measurement after 3 failed attempts; leaving this input unmeasured
[metrics] jsonpath_ng_1_8_0: no measurement after 3 failed attempts; leaving this input unmeasured
[metrics] jsonpath_ng_1_5_2: no measurement after 3 failed attempts; leaving this input unmeasured
[metrics] jsonpath_ng_1_5_3: no measurement after 3 failed attempts; leaving this input unmeasured
[metrics] jsonpath_ng_1_6_0: no measurement after 3 failed attempts; leaving this input unmeasured
[metrics] jsonpath_ng_1_6_1: no measurement after 3 failed attempts; leaving this input unmeasured
[metrics] jsonpath_ng_1_7_0: no measurement after 3 failed attempts; leaving this input unmeasured
[metrics] jsonpath_ng_1_8_0: no measurement after 3 failed attempts; leaving this input unmeasured
[metrics] jsonpath_ng_1_5_2: no measurement after 3 failed attempts; leaving this input unmeasured
[metrics] jsonpath_ng_1_5_3: no measurement after 3 failed attempts; leaving this input unmeasured
[metrics] jsonpath_ng_1_6_0: no measurement after 3 failed attempts; leaving this input unmeasured
[metrics] jsonpath_ng_1_6_1: no measurement after 3 failed attempts; leaving this input unmeasured
[metrics] jsonpath_ng_1_7_0: no measurement after 3 failed attempts; leaving this input unmeasured
[metrics] jsonpath_ng_1_8_0: no measurement after 3 failed attempts; leaving this input unmeasured
[metrics] jsonpath_ng_1_5_2: no measurement after 3 failed attempts; leaving this input unmeasured
[metrics] jsonpath_ng_1_5_3: no measurement after 3 failed attempts; leaving this input unmeasured
[metrics] jsonpath_ng_1_6_0: no measurement after 3 failed attempts; leaving this input unmeasured
[metrics] jsonpath_ng_1_6_1: no measurement after 3 failed attempts; leaving this input unmeasured
[metrics] jsonpath_ng_1_7_0: no measurement after 3 failed attempts; leaving this input unmeasured
[metrics] jsonpath_ng_1_8_0: no measurement after 3 failed attempts; leaving this input unmeasured
[metrics] jsonpath_ng_1_5_2: no measurement after 3 failed attempts; leaving this input unmeasured
[metrics] jsonpath_ng_1_5_3: no measurement after 3 failed attempts; leaving this input unmeasured
[metrics] jsonpath_ng_1_6_0: no measurement after 3 failed attempts; leaving this input unmeasured
[metrics] jsonpath_ng_1_6_1: no measurement after 3 failed attempts; leaving this input unmeasured
[metrics] jsonpath_ng_1_7_0: no measurement after 3 failed attempts; leaving this input unmeasured
[metrics] jsonpath_ng_1_8_0: no measurement after 3 failed attempts; leaving this input unmeasured
[metrics] jsonpath_ng_1_5_2: no measurement after 3 failed attempts; leaving this input unmeasured
[metrics] jsonpath_ng_1_5_3: no measurement after 3 failed attempts; leaving this input unmeasured
[metrics] jsonpath_ng_1_6_0: no measurement after 3 failed attempts; leaving this input unmeasured
[metrics] jsonpath_ng_1_6_1: no measurement after 3 failed attempts; leaving this input unmeasured
[metrics] jsonpath_ng_1_7_0: no measurement after 3 failed attempts; leaving this input unmeasured
[metrics] jsonpath_ng_1_8_0: no measurement after 3 failed attempts; leaving this input unmeasured
[metrics] jsonpath_ng_1_5_2: no measurement after 3 failed attempts; leaving this input unmeasured
[metrics] jsonpath_ng_1_5_3: no measurement after 3 failed attempts; leaving this input unmeasured
[metrics] jsonpath_ng_1_6_0: no measurement after 3 failed attempts; leaving this input unmeasured
[metrics] jsonpath_ng_1_6_1: no measurement after 3 failed attempts; leaving this input unmeasured
[metrics] jsonpath_ng_1_7_0: no measurement after 3 failed attempts; leaving this input unmeasured
[metrics] jsonpath_ng_1_8_0: no measurement after 3 failed attempts; leaving this input unmeasured
[metrics] jsonpath_ng_1_5_2: no measurement after 3 failed attempts; leaving this input unmeasured
[metrics] jsonpath_ng_1_5_3: no measurement after 3 failed attempts; leaving this input unmeasured
[metrics] jsonpath_ng_1_6_0: no measurement after 3 failed attempts; leaving this input unmeasured
[metrics] jsonpath_ng_1_6_1: no measurement after 3 failed attempts; leaving this input unmeasured
[metrics] jsonpath_ng_1_7_0: no measurement after 3 failed attempts; leaving this input unmeasured
[metrics] jsonpath_ng_1_8_0: no measurement after 3 failed attempts; leaving this input unmeasured
[metrics] jsonpath_ng_1_5_2: no measurement after 3 failed attempts; leaving this input unmeasured
[metrics] jsonpath_ng_1_5_3: no measurement after 3 failed attempts; leaving this input unmeasured
[metrics] jsonpath_ng_1_6_0: no measurement after 3 failed attempts; leaving this input unmeasured
[metrics] jsonpath_ng_1_6_1: no measurement after 3 failed attempts; leaving this input unmeasured
[metrics] jsonpath_ng_1_7_0: no measurement after 3 failed attempts; leaving this input unmeasured
[metrics] jsonpath_ng_1_8_0: no measurement after 3 failed attempts; leaving this input unmeasured
[metrics] jsonpath_ng_1_5_2: no measurement after 3 failed attempts; leaving this input unmeasured
[metrics] jsonpath_ng_1_5_3: no measurement after 3 failed attempts; leaving this input unmeasured
[metrics] jsonpath_ng_1_6_0: no measurement after 3 failed attempts; leaving this input unmeasured
[metrics] jsonpath_ng_1_6_1: no measurement after 3 failed attempts; leaving this input unmeasured
[metrics] jsonpath_ng_1_7_0: no measurement after 3 failed attempts; leaving this input unmeasured
[metrics] jsonpath_ng_1_8_0: no measurement after 3 failed attempts; leaving this input unmeasured
[metrics] jsonpath_ng_1_5_2: no measurement after 3 failed attempts; leaving this input unmeasured
[metrics] jsonpath_ng_1_5_3: no measurement after 3 failed attempts; leaving this input unmeasured
[metrics] jsonpath_ng_1_6_0: no measurement after 3 failed attempts; leaving this input unmeasured
[metrics] jsonpath_ng_1_6_1: no measurement after 3 failed attempts; leaving this input unmeasured
[metrics] jsonpath_ng_1_7_0: no measurement after 3 failed attempts; leaving this input unmeasured
[metrics] jsonpath_ng_1_8_0: no measurement after 3 failed attempts; leaving this input unmeasured
[metrics] jsonpath_ng_1_5_2: no measurement after 3 failed attempts; leaving this input unmeasured
[metrics] jsonpath_ng_1_5_3: no measurement after 3 failed attempts; leaving this input unmeasured
[metrics] jsonpath_ng_1_6_0: no measurement after 3 failed attempts; leaving this input unmeasured
[metrics] jsonpath_ng_1_6_1: no measurement after 3 failed attempts; leaving this input unmeasured
[metrics] jsonpath_ng_1_7_0: no measurement after 3 failed attempts; leaving this input unmeasured
[metrics] jsonpath_ng_1_8_0: no measurement after 3 failed attempts; leaving this input unmeasured
[metrics] jsonpath_ng_1_5_2: no measurement after 3 failed attempts; leaving this input unmeasured
[metrics] jsonpath_ng_1_5_3: no measurement after 3 failed attempts; leaving this input unmeasured
[metrics] jsonpath_ng_1_6_0: no measurement after 3 failed attempts; leaving this input unmeasured
[metrics] jsonpath_ng_1_6_1: no measurement after 3 failed attempts; leaving this input unmeasured
[metrics] jsonpath_ng_1_7_0: no measurement after 3 failed attempts; leaving this input unmeasured
[metrics] jsonpath_ng_1_8_0: no measurement after 3 failed attempts; leaving this input unmeasured
[metrics] jsonpath_ng_1_5_2: no measurement after 3 failed attempts; leaving this input unmeasured
[metrics] jsonpath_ng_1_5_3: no measurement after 3 failed attempts; leaving this input unmeasured
[metrics] jsonpath_ng_1_6_0: no measurement after 3 failed attempts; leaving this input unmeasured
[metrics] jsonpath_ng_1_6_1: no measurement after 3 failed attempts; leaving this input unmeasured
[metrics] jsonpath_ng_1_7_0: no measurement after 3 failed attempts; leaving this input unmeasured
[metrics] jsonpath_ng_1_8_0: no measurement after 3 failed attempts; leaving this input unmeasured
[metrics] jsonpath_ng_1_5_2: no measurement after 3 failed attempts; leaving this input unmeasured
[metrics] jsonpath_ng_1_5_3: no measurement after 3 failed attempts; leaving this input unmeasured
[metrics] jsonpath_ng_1_6_0: no measurement after 3 failed attempts; leaving this input unmeasured
[metrics] jsonpath_ng_1_6_1: no measurement after 3 failed attempts; leaving this input unmeasured
[metrics] jsonpath_ng_1_7_0: no measurement after 3 failed attempts; leaving this input unmeasured
[metrics] jsonpath_ng_1_8_0: no measurement after 3 failed attempts; leaving this input unmeasured
[metrics] jsonpath_ng_1_5_2: no measurement after 3 failed attempts; leaving this input unmeasured
[metrics] jsonpath_ng_1_5_3: no measurement after 3 failed attempts; leaving this input unmeasured
[metrics] jsonpath_ng_1_6_0: no measurement after 3 failed attempts; leaving this input unmeasured
[metrics] jsonpath_ng_1_6_1: no measurement after 3 failed attempts; leaving this input unmeasured
[metrics] jsonpath_ng_1_7_0: no measurement after 3 failed attempts; leaving this input unmeasured
[metrics] jsonpath_ng_1_8_0: no measurement after 3 failed attempts; leaving this input unmeasured
[metrics] jsonpath_ng_1_5_2: no measurement after 3 failed attempts; leaving this input unmeasured
[metrics] jsonpath_ng_1_5_3: no measurement after 3 failed attempts; leaving this input unmeasured
[metrics] jsonpath_ng_1_6_0: no measurement after 3 failed attempts; leaving this input unmeasured
[metrics] jsonpath_ng_1_6_1: no measurement after 3 failed attempts; leaving this input unmeasured
[metrics] jsonpath_ng_1_7_0: no measurement after 3 failed attempts; leaving this input unmeasured
[metrics] jsonpath_ng_1_8_0: no measurement after 3 failed attempts; leaving this input unmeasured
[metrics] jsonpath_ng_1_5_2: no measurement after 3 failed attempts; leaving this input unmeasured
[metrics] jsonpath_ng_1_5_3: no measurement after 3 failed attempts; leaving this input unmeasured
[metrics] jsonpath_ng_1_6_0: no measurement after 3 failed attempts; leaving this input unmeasured
[metrics] jsonpath_ng_1_6_1: no measurement after 3 failed attempts; leaving this input unmeasured
[metrics] jsonpath_ng_1_7_0: no measurement after 3 failed attempts; leaving this input unmeasured
[metrics] jsonpath_ng_1_8_0: no measurement after 3 failed attempts; leaving this input unmeasured
[metrics] jsonpath_ng_1_5_2: no measurement after 3 failed attempts; leaving this input unmeasured
[metrics] jsonpath_ng_1_5_3: no measurement after 3 failed attempts; leaving this input unmeasured
[metrics] jsonpath_ng_1_6_0: no measurement after 3 failed attempts; leaving this input unmeasured
[metrics] jsonpath_ng_1_6_1: no measurement after 3 failed attempts; leaving this input unmeasured
[metrics] jsonpath_ng_1_7_0: no measurement after 3 failed attempts; leaving this input unmeasured
[metrics] jsonpath_ng_1_8_0: no measurement after 3 failed attempts; leaving this input unmeasured
[metrics] jsonpath_ng_1_5_2: no measurement after 3 failed attempts; leaving this input unmeasured
[metrics] jsonpath_ng_1_5_3: no measurement after 3 failed attempts; leaving this input unmeasured
[metrics] jsonpath_ng_1_6_0: no measurement after 3 failed attempts; leaving this input unmeasured
[metrics] jsonpath_ng_1_6_1: no measurement after 3 failed attempts; leaving this input unmeasured
[metrics] jsonpath_ng_1_7_0: no measurement after 3 failed attempts; leaving this input unmeasured
[metrics] jsonpath_ng_1_8_0: no measurement after 3 failed attempts; leaving this input unmeasured
[metrics] jsonpath_ng_1_5_2: no measurement after 3 failed attempts; leaving this input unmeasured
[metrics] jsonpath_ng_1_5_3: no measurement after 3 failed attempts; leaving this input unmeasured
[metrics] jsonpath_ng_1_6_0: no measurement after 3 failed attempts; leaving this input unmeasured
[metrics] jsonpath_ng_1_6_1: no measurement after 3 failed attempts; leaving this input unmeasured
[metrics] jsonpath_ng_1_7_0: no measurement after 3 failed attempts; leaving this input unmeasured
[metrics] jsonpath_ng_1_8_0: no measurement after 3 failed attempts; leaving this input unmeasured
[metrics] jsonpath_ng_1_5_2: no measurement after 3 failed attempts; leaving this input unmeasured
[metrics] jsonpath_ng_1_5_3: no measurement after 3 failed attempts; leaving this input unmeasured
[metrics] jsonpath_ng_1_6_0: no measurement after 3 failed attempts; leaving this input unmeasured
[metrics] jsonpath_ng_1_6_1: no measurement after 3 failed attempts; leaving this input unmeasured
[metrics] jsonpath_ng_1_7_0: no measurement after 3 failed attempts; leaving this input unmeasured
[metrics] jsonpath_ng_1_8_0: no measurement after 3 failed attempts; leaving this input unmeasured
[metrics] jsonpath_ng_1_5_2: no measurement after 3 failed attempts; leaving this input unmeasured
[metrics] jsonpath_ng_1_5_3: no measurement after 3 failed attempts; leaving this input unmeasured
[metrics] jsonpath_ng_1_6_0: no measurement after 3 failed attempts; leaving this input unmeasured
[metrics] jsonpath_ng_1_6_1: no measurement after 3 failed attempts; leaving this input unmeasured
[metrics] jsonpath_ng_1_7_0: no measurement after 3 failed attempts; leaving this input unmeasured
[metrics] jsonpath_ng_1_8_0: no measurement after 3 failed attempts; leaving this input unmeasured
[metrics] jsonpath_ng_1_5_2: no measurement after 3 failed attempts; leaving this input unmeasured
[metrics] jsonpath_ng_1_5_3: no measurement after 3 failed attempts; leaving this input unmeasured
[metrics] jsonpath_ng_1_6_0: no measurement after 3 failed attempts; leaving this input unmeasured
[metrics] jsonpath_ng_1_6_1: no measurement after 3 failed attempts; leaving this input unmeasured
[metrics] jsonpath_ng_1_7_0: no measurement after 3 failed attempts; leaving this input unmeasured
[metrics] jsonpath_ng_1_8_0: no measurement after 3 failed attempts; leaving this input unmeasured
[metrics] jsonpath_ng_1_5_2: no measurement after 3 failed attempts; leaving this input unmeasured
[metrics] jsonpath_ng_1_5_3: no measurement after 3 failed attempts; leaving this input unmeasured
[metrics] jsonpath_ng_1_6_0: no measurement after 3 failed attempts; leaving this input unmeasured
[metrics] jsonpath_ng_1_6_1: no measurement after 3 failed attempts; leaving this input unmeasured
[metrics] jsonpath_ng_1_7_0: no measurement after 3 failed attempts; leaving this input unmeasured
[metrics] jsonpath_ng_1_8_0: no measurement after 3 failed attempts; leaving this input unmeasured
[metrics] jsonpath_ng_1_5_2: no measurement after 3 failed attempts; leaving this input unmeasured
[metrics] jsonpath_ng_1_5_3: no measurement after 3 failed attempts; leaving this input unmeasured
[metrics] jsonpath_ng_1_6_0: no measurement after 3 failed attempts; leaving this input unmeasured
[metrics] jsonpath_ng_1_6_1: no measurement after 3 failed attempts; leaving this input unmeasured
[metrics] jsonpath_ng_1_7_0: no measurement after 3 failed attempts; leaving this input unmeasured
[metrics] jsonpath_ng_1_8_0: no measurement after 3 failed attempts; leaving this input unmeasured
[metrics] jsonpath_ng_1_5_2: no measurement after 3 failed attempts; leaving this input unmeasured
[metrics] jsonpath_ng_1_5_3: no measurement after 3 failed attempts; leaving this input unmeasured
[metrics] jsonpath_ng_1_6_0: no measurement after 3 failed attempts; leaving this input unmeasured
[metrics] jsonpath_ng_1_6_1: no measurement after 3 failed attempts; leaving this input unmeasured
[metrics] jsonpath_ng_1_7_0: no measurement after 3 failed attempts; leaving this input unmeasured
[metrics] jsonpath_ng_1_8_0: no measurement after 3 failed attempts; leaving this input unmeasured
[metrics] jsonpath_ng_1_5_2: no measurement after 3 failed attempts; leaving this input unmeasured
[metrics] jsonpath_ng_1_5_3: no measurement after 3 failed attempts; leaving this input unmeasured
[metrics] jsonpath_ng_1_6_0: no measurement after 3 failed attempts; leaving this input unmeasured
[metrics] jsonpath_ng_1_6_1: no measurement after 3 failed attempts; leaving this input unmeasured
[metrics] jsonpath_ng_1_7_0: no measurement after 3 failed attempts; leaving this input unmeasured
[metrics] jsonpath_ng_1_8_0: no measurement after 3 failed attempts; leaving this input unmeasured
[metrics] jsonpath_ng_1_5_2: no measurement after 3 failed attempts; leaving this input unmeasured
[metrics] jsonpath_ng_1_5_3: no measurement after 3 failed attempts; leaving this input unmeasured
[metrics] jsonpath_ng_1_6_0: no measurement after 3 failed attempts; leaving this input unmeasured
[metrics] jsonpath_ng_1_6_1: no measurement after 3 failed attempts; leaving this input unmeasured
[metrics] jsonpath_ng_1_7_0: no measurement after 3 failed attempts; leaving this input unmeasured
[metrics] jsonpath_ng_1_8_0: no measurement after 3 failed attempts; leaving this input unmeasured
[metrics] jsonpath_ng_1_5_2: no measurement after 3 failed attempts; leaving this input unmeasured
[metrics] jsonpath_ng_1_5_3: no measurement after 3 failed attempts; leaving this input unmeasured
[metrics] jsonpath_ng_1_6_0: no measurement after 3 failed attempts; leaving this input unmeasured
[metrics] jsonpath_ng_1_6_1: no measurement after 3 failed attempts; leaving this input unmeasured
[metrics] jsonpath_ng_1_7_0: no measurement after 3 failed attempts; leaving this input unmeasured
[metrics] jsonpath_ng_1_8_0: no measurement after 3 failed attempts; leaving this input unmeasured
[metrics] jsonpath_ng_1_5_2: no measurement after 3 failed attempts; leaving this input unmeasured
[metrics] jsonpath_ng_1_5_3: no measurement after 3 failed attempts; leaving this input unmeasured
[metrics] jsonpath_ng_1_6_0: no measurement after 3 failed attempts; leaving this input unmeasured
[metrics] jsonpath_ng_1_6_1: no measurement after 3 failed attempts; leaving this input unmeasured
[metrics] jsonpath_ng_1_7_0: no measurement after 3 failed attempts; leaving this input unmeasured
[metrics] jsonpath_ng_1_8_0: no measurement after 3 failed attempts; leaving this input unmeasured
[metrics] jsonpath_ng_1_5_2: no measurement after 3 failed attempts; leaving this input unmeasured
[metrics] jsonpath_ng_1_5_3: no measurement after 3 failed attempts; leaving this input unmeasured
[metrics] jsonpath_ng_1_6_0: no measurement after 3 failed attempts; leaving this input unmeasured
[metrics] jsonpath_ng_1_6_1: no measurement after 3 failed attempts; leaving this input unmeasured
[metrics] jsonpath_ng_1_7_0: no measurement after 3 failed attempts; leaving this input unmeasured
[metrics] jsonpath_ng_1_8_0: no measurement after 3 failed attempts; leaving this input unmeasured
[metrics] jsonpath_ng_1_5_2: no measurement after 3 failed attempts; leaving this input unmeasured
[metrics] jsonpath_ng_1_5_3: no measurement after 3 failed attempts; leaving this input unmeasured
[metrics] jsonpath_ng_1_6_0: no measurement after 3 failed attempts; leaving this input unmeasured
[metrics] jsonpath_ng_1_6_1: no measurement after 3 failed attempts; leaving this input unmeasured
[metrics] jsonpath_ng_1_7_0: no measurement after 3 failed attempts; leaving this input unmeasured
[metrics] jsonpath_ng_1_8_0: no measurement after 3 failed attempts; leaving this input unmeasured
[metrics] jsonpath_ng_1_5_2: no measurement after 3 failed attempts; leaving this input unmeasured
[metrics] jsonpath_ng_1_5_3: no measurement after 3 failed attempts; leaving this input unmeasured
[metrics] jsonpath_ng_1_6_0: no measurement after 3 failed attempts; leaving this input unmeasured
[metrics] jsonpath_ng_1_6_1: no measurement after 3 failed attempts; leaving this input unmeasured
[metrics] jsonpath_ng_1_7_0: no measurement after 3 failed attempts; leaving this input unmeasured
[metrics] jsonpath_ng_1_8_0: no measurement after 3 failed attempts; leaving this input unmeasured
[metrics] jsonpath_ng_1_5_2: no measurement after 3 failed attempts; leaving this input unmeasured
[metrics] jsonpath_ng_1_5_3: no measurement after 3 failed attempts; leaving this input unmeasured
[metrics] jsonpath_ng_1_6_0: no measurement after 3 failed attempts; leaving this input unmeasured
[metrics] jsonpath_ng_1_6_1: no measurement after 3 failed attempts; leaving this input unmeasured
[metrics] jsonpath_ng_1_7_0: no measurement after 3 failed attempts; leaving this input unmeasured
[metrics] jsonpath_ng_1_8_0: no measurement after 3 failed attempts; leaving this input unmeasured
[metrics] jsonpath_ng_1_5_2: no measurement after 3 failed attempts; leaving this input unmeasured
[metrics] jsonpath_ng_1_5_3: no measurement after 3 failed attempts; leaving this input unmeasured
[metrics] jsonpath_ng_1_6_0: no measurement after 3 failed attempts; leaving this input unmeasured
[metrics] jsonpath_ng_1_6_1: no measurement after 3 failed attempts; leaving this input unmeasured
[metrics] jsonpath_ng_1_7_0: no measurement after 3 failed attempts; leaving this input unmeasured
[metrics] jsonpath_ng_1_8_0: no measurement after 3 failed attempts; leaving this input unmeasured
[metrics] jsonpath_ng_1_5_2: no measurement after 3 failed attempts; leaving this input unmeasured
[metrics] jsonpath_ng_1_5_3: no measurement after 3 failed attempts; leaving this input unmeasured
[metrics] jsonpath_ng_1_6_0: no measurement after 3 failed attempts; leaving this input unmeasured
[metrics] jsonpath_ng_1_6_1: no measurement after 3 failed attempts; leaving this input unmeasured
[metrics] jsonpath_ng_1_7_0: no measurement after 3 failed attempts; leaving this input unmeasured
[metrics] jsonpath_ng_1_8_0: no measurement after 3 failed attempts; leaving this input unmeasured
[metrics] jsonpath_ng_1_5_2: no measurement after 3 failed attempts; leaving this input unmeasured
[metrics] jsonpath_ng_1_5_3: no measurement after 3 failed attempts; leaving this input unmeasured
[metrics] jsonpath_ng_1_6_0: no measurement after 3 failed attempts; leaving this input unmeasured
[metrics] jsonpath_ng_1_6_1: no measurement after 3 failed attempts; leaving this input unmeasured
[metrics] jsonpath_ng_1_7_0: no measurement after 3 failed attempts; leaving this input unmeasured
[metrics] jsonpath_ng_1_8_0: no measurement after 3 failed attempts; leaving this input unmeasured
[metrics] jsonpath_ng_1_5_2: no measurement after 3 failed attempts; leaving this input unmeasured
[metrics] jsonpath_ng_1_5_3: no measurement after 3 failed attempts; leaving this input unmeasured
[metrics] jsonpath_ng_1_6_0: no measurement after 3 failed attempts; leaving this input unmeasured
[metrics] jsonpath_ng_1_6_1: no measurement after 3 failed attempts; leaving this input unmeasured
[metrics] jsonpath_ng_1_7_0: no measurement after 3 failed attempts; leaving this input unmeasured
[metrics] jsonpath_ng_1_8_0: no measurement after 3 failed attempts; leaving this input unmeasured
[metrics] jsonpath_ng_1_5_2: no measurement after 3 failed attempts; leaving this input unmeasured
[metrics] jsonpath_ng_1_5_3: no measurement after 3 failed attempts; leaving this input unmeasured
[metrics] jsonpath_ng_1_6_0: no measurement after 3 failed attempts; leaving this input unmeasured
[metrics] jsonpath_ng_1_6_1: no measurement after 3 failed attempts; leaving this input unmeasured
[metrics] jsonpath_ng_1_7_0: no measurement after 3 failed attempts; leaving this input unmeasured
[metrics] jsonpath_ng_1_8_0: no measurement after 3 failed attempts; leaving this input unmeasured
[metrics] jsonpath_ng_1_5_2: no measurement after 3 failed attempts; leaving this input unmeasured
[metrics] jsonpath_ng_1_5_3: no measurement after 3 failed attempts; leaving this input unmeasured
[metrics] jsonpath_ng_1_6_0: no measurement after 3 failed attempts; leaving this input unmeasured
[metrics] jsonpath_ng_1_6_1: no measurement after 3 failed attempts; leaving this input unmeasured
[metrics] jsonpath_ng_1_7_0: no measurement after 3 failed attempts; leaving this input unmeasured
[metrics] jsonpath_ng_1_8_0: no measurement after 3 failed attempts; leaving this input unmeasured
[metrics] jsonpath_ng_1_5_2: no measurement after 3 failed attempts; leaving this input unmeasured
[metrics] jsonpath_ng_1_5_3: no measurement after 3 failed attempts; leaving this input unmeasured
[metrics] jsonpath_ng_1_6_0: no measurement after 3 failed attempts; leaving this input unmeasured
[metrics] jsonpath_ng_1_6_1: no measurement after 3 failed attempts; leaving this input unmeasured
[metrics] jsonpath_ng_1_7_0: no measurement after 3 failed attempts; leaving this input unmeasured
[metrics] jsonpath_ng_1_8_0: no measurement after 3 failed attempts; leaving this input unmeasured
[metrics] jsonpath_ng_1_5_2: no measurement after 3 failed attempts; leaving this input unmeasured
[metrics] jsonpath_ng_1_5_3: no measurement after 3 failed attempts; leaving this input unmeasured
[metrics] jsonpath_ng_1_6_0: no measurement after 3 failed attempts; leaving this input unmeasured
[metrics] jsonpath_ng_1_6_1: no measurement after 3 failed attempts; leaving this input unmeasured
[metrics] jsonpath_ng_1_7_0: no measurement after 3 failed attempts; leaving this input unmeasured
[metrics] jsonpath_ng_1_8_0: no measurement after 3 failed attempts; leaving this input unmeasured
[metrics] jsonpath_ng_1_5_2: no measurement after 3 failed attempts; leaving this input unmeasured
[metrics] jsonpath_ng_1_5_3: no measurement after 3 failed attempts; leaving this input unmeasured
[metrics] jsonpath_ng_1_6_0: no measurement after 3 failed attempts; leaving this input unmeasured
[metrics] jsonpath_ng_1_6_1: no measurement after 3 failed attempts; leaving this input unmeasured
[metrics] jsonpath_ng_1_7_0: no measurement after 3 failed attempts; leaving this input unmeasured
[metrics] jsonpath_ng_1_8_0: no measurement after 3 failed attempts; leaving this input unmeasured
[metrics] jsonpath_ng_1_5_2: no measurement after 3 failed attempts; leaving this input unmeasured
[metrics] jsonpath_ng_1_5_3: no measurement after 3 failed attempts; leaving this input unmeasured
[metrics] jsonpath_ng_1_6_0: no measurement after 3 failed attempts; leaving this input unmeasured
[metrics] jsonpath_ng_1_6_1: no measurement after 3 failed attempts; leaving this input unmeasured
[metrics] jsonpath_ng_1_7_0: no measurement after 3 failed attempts; leaving this input unmeasured
[metrics] jsonpath_ng_1_8_0: no measurement after 3 failed attempts; leaving this input unmeasured
[metrics] jsonpath_ng_1_5_2: no measurement after 3 failed attempts; leaving this input unmeasured
[metrics] jsonpath_ng_1_5_3: no measurement after 3 failed attempts; leaving this input unmeasured
[metrics] jsonpath_ng_1_6_0: no measurement after 3 failed attempts; leaving this input unmeasured
[metrics] jsonpath_ng_1_6_1: no measurement after 3 failed attempts; leaving this input unmeasured
[metrics] jsonpath_ng_1_7_0: no measurement after 3 failed attempts; leaving this input unmeasured
[metrics] jsonpath_ng_1_8_0: no measurement after 3 failed attempts; leaving this input unmeasured
[metrics] jsonpath_ng_1_5_2: no measurement after 3 failed attempts; leaving this input unmeasured
[metrics] jsonpath_ng_1_5_3: no measurement after 3 failed attempts; leaving this input unmeasured
[metrics] jsonpath_ng_1_6_0: no measurement after 3 failed attempts; leaving this input unmeasured
[metrics] jsonpath_ng_1_5_2: no measurement after 3 failed attempts; leaving this input unmeasured
[metrics] jsonpath_ng_1_5_3: no measurement after 3 failed attempts; leaving this input unmeasured
[metrics] jsonpath_ng_1_6_0: no measurement after 3 failed attempts; leaving this input unmeasured
[metrics] jsonpath_ng_1_6_1: no measurement after 3 failed attempts; leaving this input unmeasured
[metrics] jsonpath_ng_1_7_0: no measurement after 3 failed attempts; leaving this input unmeasured
[metrics] jsonpath_ng_1_8_0: no measurement after 3 failed attempts; leaving this input unmeasured
[metrics] jsonpath_ng_1_5_2: no measurement after 3 failed attempts; leaving this input unmeasured
[metrics] jsonpath_ng_1_5_3: no measurement after 3 failed attempts; leaving this input unmeasured
[metrics] jsonpath_ng_1_6_0: no measurement after 3 failed attempts; leaving this input unmeasured
[metrics] jsonpath_ng_1_6_1: no measurement after 3 failed attempts; leaving this input unmeasured
[metrics] jsonpath_ng_1_7_0: no measurement after 3 failed attempts; leaving this input unmeasured
[metrics] jsonpath_ng_1_8_0: no measurement after 3 failed attempts; leaving this input unmeasured
[metrics] jsonpath_ng_1_5_2: no measurement after 3 failed attempts; leaving this input unmeasured
[metrics] jsonpath_ng_1_5_3: no measurement after 3 failed attempts; leaving this input unmeasured
[metrics] jsonpath_ng_1_6_0: no measurement after 3 failed attempts; leaving this input unmeasured
[metrics] jsonpath_ng_1_6_1: no measurement after 3 failed attempts; leaving this input unmeasured
[metrics] jsonpath_ng_1_7_0: no measurement after 3 failed attempts; leaving this input unmeasured
[metrics] jsonpath_ng_1_8_0: no measurement after 3 failed attempts; leaving this input unmeasured
[metrics] jsonpath_ng_1_5_2: no measurement after 3 failed attempts; leaving this input unmeasured
[metrics] jsonpath_ng_1_5_3: no measurement after 3 failed attempts; leaving this input unmeasured
[metrics] jsonpath_ng_1_6_0: no measurement after 3 failed attempts; leaving this input unmeasured
[metrics] jsonpath_ng_1_6_1: no measurement after 3 failed attempts; leaving this input unmeasured
[metrics] jsonpath_ng_1_7_0: no measurement after 3 failed attempts; leaving this input unmeasured
[metrics] jsonpath_ng_1_8_0: no measurement after 3 failed attempts; leaving this input unmeasured
[metrics] jsonpath_ng_1_5_2: no measurement after 3 failed attempts; leaving this input unmeasured
[metrics] jsonpath_ng_1_5_3: no measurement after 3 failed attempts; leaving this input unmeasured
[metrics] jsonpath_ng_1_6_0: no measurement after 3 failed attempts; leaving this input unmeasured
[metrics] jsonpath_ng_1_6_1: no measurement after 3 failed attempts; leaving this input unmeasured
[metrics] jsonpath_ng_1_7_0: no measurement after 3 failed attempts; leaving this input unmeasured
[metrics] jsonpath_ng_1_8_0: no measurement after 3 failed attempts; leaving this input unmeasured
[metrics] jsonpath_ng_1_5_2: no measurement after 3 failed attempts; leaving this input unmeasured
[metrics] jsonpath_ng_1_5_3: no measurement after 3 failed attempts; leaving this input unmeasured
[metrics] jsonpath_ng_1_6_0: no measurement after 3 failed attempts; leaving this input unmeasured
[metrics] jsonpath_ng_1_6_1: no measurement after 3 failed attempts; leaving this input unmeasured
[metrics] jsonpath_ng_1_7_0: no measurement after 3 failed attempts; leaving this input unmeasured
[metrics] jsonpath_ng_1_8_0: no measurement after 3 failed attempts; leaving this input unmeasured
[metrics] jsonpath_ng_1_5_2: no measurement after 3 failed attempts; leaving this input unmeasured
[metrics] jsonpath_ng_1_5_3: no measurement after 3 failed attempts; leaving this input unmeasured
[metrics] jsonpath_ng_1_6_0: no measurement after 3 failed attempts; leaving this input unmeasured
[metrics] jsonpath_ng_1_6_1: no measurement after 3 failed attempts; leaving this input unmeasured
[metrics] jsonpath_ng_1_7_0: no measurement after 3 failed attempts; leaving this input unmeasured
[metrics] jsonpath_ng_1_8_0: no measurement after 3 failed attempts; leaving this input unmeasured
[metrics] jsonpath_ng_1_5_2: no measurement after 3 failed attempts; leaving this input unmeasured
[metrics] jsonpath_ng_1_5_3: no measurement after 3 failed attempts; leaving this input unmeasured
[metrics] jsonpath_ng_1_6_0: no measurement after 3 failed attempts; leaving this input unmeasured
[metrics] jsonpath_ng_1_6_1: no measurement after 3 failed attempts; leaving this input unmeasured
[metrics] jsonpath_ng_1_7_0: no measurement after 3 failed attempts; leaving this input unmeasured
[metrics] jsonpath_ng_1_8_0: no measurement after 3 failed attempts; leaving this input unmeasured
[metrics] jsonpath_ng_1_5_2: no measurement after 3 failed attempts; leaving this input unmeasured
[metrics] jsonpath_ng_1_5_3: no measurement after 3 failed attempts; leaving this input unmeasured
[metrics] jsonpath_ng_1_6_0: no measurement after 3 failed attempts; leaving this input unmeasured
[metrics] jsonpath_ng_1_5_2: no measurement after 3 failed attempts; leaving this input unmeasured
[metrics] jsonpath_ng_1_5_3: no measurement after 3 failed attempts; leaving this input unmeasured
[metrics] jsonpath_ng_1_6_0: no measurement after 3 failed attempts; leaving this input unmeasured
[metrics] jsonpath_ng_1_6_1: no measurement after 3 failed attempts; leaving this input unmeasured
[metrics] jsonpath_ng_1_7_0: no measurement after 3 failed attempts; leaving this input unmeasured
[metrics] jsonpath_ng_1_5_2: no measurement after 3 failed attempts; leaving this input unmeasured
[metrics] jsonpath_ng_1_5_3: no measurement after 3 failed attempts; leaving this input unmeasured
[metrics] jsonpath_ng_1_6_0: no measurement after 3 failed attempts; leaving this input unmeasured
[metrics] jsonpath_ng_1_6_1: no measurement after 3 failed attempts; leaving this input unmeasured
[metrics] jsonpath_ng_1_7_0: no measurement after 3 failed attempts; leaving this input unmeasured
[metrics] jsonpath_ng_1_8_0: no measurement after 3 failed attempts; leaving this input unmeasured
[metrics] jsonpath_ng_1_5_2: no measurement after 3 failed attempts; leaving this input unmeasured
[metrics] jsonpath_ng_1_5_3: no measurement after 3 failed attempts; leaving this input unmeasured
[metrics] jsonpath_ng_1_6_0: no measurement after 3 failed attempts; leaving this input unmeasured
[metrics] jsonpath_ng_1_6_1: no measurement after 3 failed attempts; leaving this input unmeasured
[metrics] jsonpath_ng_1_7_0: no measurement after 3 failed attempts; leaving this input unmeasured
[metrics] jsonpath_ng_1_8_0: no measurement after 3 failed attempts; leaving this input unmeasured
[metrics] jsonpath_ng_1_5_2: no measurement after 3 failed attempts; leaving this input unmeasured
[metrics] jsonpath_ng_1_5_3: no measurement after 3 failed attempts; leaving this input unmeasured
[metrics] jsonpath_ng_1_6_0: no measurement after 3 failed attempts; leaving this input unmeasured
[metrics] jsonpath_ng_1_6_1: no measurement after 3 failed attempts; leaving this input unmeasured
[metrics] jsonpath_ng_1_7_0: no measurement after 3 failed attempts; leaving this input unmeasured
[metrics] jsonpath_ng_1_8_0: no measurement after 3 failed attempts; leaving this input unmeasured
[metrics] jsonpath_ng_1_5_2: no measurement after 3 failed attempts; leaving this input unmeasured
[metrics] jsonpath_ng_1_5_3: no measurement after 3 failed attempts; leaving this input unmeasured
[metrics] jsonpath_ng_1_6_0: no measurement after 3 failed attempts; leaving this input unmeasured
[metrics] jsonpath_ng_1_6_1: no measurement after 3 failed attempts; leaving this input unmeasured
[metrics] jsonpath_ng_1_7_0: no measurement after 3 failed attempts; leaving this input unmeasured
[metrics] jsonpath_ng_1_8_0: no measurement after 3 failed attempts; leaving this input unmeasured
[metrics] jsonpath_ng_1_5_2: no measurement after 3 failed attempts; leaving this input unmeasured
[metrics] jsonpath_ng_1_5_3: no measurement after 3 failed attempts; leaving this input unmeasured
[metrics] jsonpath_ng_1_6_0: no measurement after 3 failed attempts; leaving this input unmeasured
[metrics] jsonpath_ng_1_6_1: no measurement after 3 failed attempts; leaving this input unmeasured
[metrics] jsonpath_ng_1_7_0: no measurement after 3 failed attempts; leaving this input unmeasured
[metrics] jsonpath_ng_1_8_0: no measurement after 3 failed attempts; leaving this input unmeasured
[metrics] jsonpath_ng_1_5_2: no measurement after 3 failed attempts; leaving this input unmeasured
[metrics] jsonpath_ng_1_5_3: no measurement after 3 failed attempts; leaving this input unmeasured
[metrics] jsonpath_ng_1_6_0: no measurement after 3 failed attempts; leaving this input unmeasured
[metrics] jsonpath_ng_1_6_1: no measurement after 3 failed attempts; leaving this input unmeasured
[metrics] jsonpath_ng_1_7_0: no measurement after 3 failed attempts; leaving this input unmeasured
[metrics] jsonpath_ng_1_8_0: no measurement after 3 failed attempts; leaving this input unmeasured
[metrics] jsonpath_ng_1_5_2: no measurement after 3 failed attempts; leaving this input unmeasured
[metrics] jsonpath_ng_1_5_3: no measurement after 3 failed attempts; leaving this input unmeasured
[metrics] jsonpath_ng_1_6_0: no measurement after 3 failed attempts; leaving this input unmeasured
[metrics] jsonpath_ng_1_6_1: no measurement after 3 failed attempts; leaving this input unmeasured
[metrics] jsonpath_ng_1_7_0: no measurement after 3 failed attempts; leaving this input unmeasured
[metrics] jsonpath_ng_1_8_0: no measurement after 3 failed attempts; leaving this input unmeasured
[metrics] jsonpath_ng_1_5_2: no measurement after 3 failed attempts; leaving this input unmeasured
[metrics] jsonpath_ng_1_5_3: no measurement after 3 failed attempts; leaving this input unmeasured
[metrics] jsonpath_ng_1_6_0: no measurement after 3 failed attempts; leaving this input unmeasured
[metrics] jsonpath_ng_1_6_1: no measurement after 3 failed attempts; leaving this input unmeasured
[metrics] jsonpath_ng_1_7_0: no measurement after 3 failed attempts; leaving this input unmeasured
[metrics] jsonpath_ng_1_8_0: no measurement after 3 failed attempts; leaving this input unmeasured
[metrics] jsonpath_ng_1_5_2: no measurement after 3 failed attempts; leaving this input unmeasured
[metrics] jsonpath_ng_1_5_3: no measurement after 3 failed attempts; leaving this input unmeasured
[metrics] jsonpath_ng_1_6_0: no measurement after 3 failed attempts; leaving this input unmeasured
[metrics] jsonpath_ng_1_6_1: no measurement after 3 failed attempts; leaving this input unmeasured
[metrics] jsonpath_ng_1_7_0: no measurement after 3 failed attempts; leaving this input unmeasured
[metrics] jsonpath_ng_1_8_0: no measurement after 3 failed attempts; leaving this input unmeasured
[metrics] jsonpath_ng_1_5_2: no measurement after 3 failed attempts; leaving this input unmeasured
[metrics] jsonpath_ng_1_5_3: no measurement after 3 failed attempts; leaving this input unmeasured
[metrics] jsonpath_ng_1_6_0: no measurement after 3 failed attempts; leaving this input unmeasured
[metrics] jsonpath_ng_1_6_1: no measurement after 3 failed attempts; leaving this input unmeasured
[metrics] jsonpath_ng_1_7_0: no measurement after 3 failed attempts; leaving this input unmeasured
[metrics] jsonpath_ng_1_8_0: no measurement after 3 failed attempts; leaving this input unmeasured
[metrics] jsonpath_ng_1_5_2: no measurement after 3 failed attempts; leaving this input unmeasured
[metrics] jsonpath_ng_1_5_3: no measurement after 3 failed attempts; leaving this input unmeasured
[metrics] jsonpath_ng_1_6_0: no measurement after 3 failed attempts; leaving this input unmeasured
[metrics] jsonpath_ng_1_6_1: no measurement after 3 failed attempts; leaving this input unmeasured
[metrics] jsonpath_ng_1_7_0: no measurement after 3 failed attempts; leaving this input unmeasured
[metrics] jsonpath_ng_1_8_0: no measurement after 3 failed attempts; leaving this input unmeasured
[metrics] jsonpath_ng_1_5_2: no measurement after 3 failed attempts; leaving this input unmeasured
[metrics] jsonpath_ng_1_5_3: no measurement after 3 failed attempts; leaving this input unmeasured
[metrics] jsonpath_ng_1_6_0: no measurement after 3 failed attempts; leaving this input unmeasured
[metrics] jsonpath_ng_1_6_1: no measurement after 3 failed attempts; leaving this input unmeasured
[metrics] jsonpath_ng_1_7_0: no measurement after 3 failed attempts; leaving this input unmeasured
[metrics] jsonpath_ng_1_8_0: no measurement after 3 failed attempts; leaving this input unmeasured
[metrics] jsonpath_ng_1_5_2: no measurement after 3 failed attempts; leaving this input unmeasured
[metrics] jsonpath_ng_1_5_3: no measurement after 3 failed attempts; leaving this input unmeasured
[metrics] jsonpath_ng_1_6_0: no measurement after 3 failed attempts; leaving this input unmeasured
[metrics] jsonpath_ng_1_6_1: no measurement after 3 failed attempts; leaving this input unmeasured
[metrics] jsonpath_ng_1_7_0: no measurement after 3 failed attempts; leaving this input unmeasured
[metrics] jsonpath_ng_1_8_0: no measurement after 3 failed attempts; leaving this input unmeasured
[metrics] jsonpath_ng_1_5_2: no measurement after 3 failed attempts; leaving this input unmeasured
[metrics] jsonpath_ng_1_5_3: no measurement after 3 failed attempts; leaving this input unmeasured
[metrics] jsonpath_ng_1_6_0: no measurement after 3 failed attempts; leaving this input unmeasured
[metrics] jsonpath_ng_1_6_1: no measurement after 3 failed attempts; leaving this input unmeasured
[metrics] jsonpath_ng_1_7_0: no measurement after 3 failed attempts; leaving this input unmeasured
[metrics] jsonpath_ng_1_8_0: no measurement after 3 failed attempts; leaving this input unmeasured
[metrics] jsonpath_ng_1_5_2: no measurement after 3 failed attempts; leaving this input unmeasured
[metrics] jsonpath_ng_1_5_3: no measurement after 3 failed attempts; leaving this input unmeasured
[metrics] jsonpath_ng_1_6_0: no measurement after 3 failed attempts; leaving this input unmeasured
[metrics] jsonpath_ng_1_6_1: no measurement after 3 failed attempts; leaving this input unmeasured
[metrics] jsonpath_ng_1_7_0: no measurement after 3 failed attempts; leaving this input unmeasured
[metrics] jsonpath_ng_1_8_0: no measurement after 3 failed attempts; leaving this input unmeasured
[metrics] jsonpath_ng_1_5_2: no measurement after 3 failed attempts; leaving this input unmeasured
[metrics] jsonpath_ng_1_5_3: no measurement after 3 failed attempts; leaving this input unmeasured
[metrics] jsonpath_ng_1_6_0: no measurement after 3 failed attempts; leaving this input unmeasured
[metrics] jsonpath_ng_1_6_1: no measurement after 3 failed attempts; leaving this input unmeasured
[metrics] jsonpath_ng_1_7_0: no measurement after 3 failed attempts; leaving this input unmeasured
[metrics] jsonpath_ng_1_8_0: no measurement after 3 failed attempts; leaving this input unmeasured
[metrics] jsonpath_ng_1_5_2: no measurement after 3 failed attempts; leaving this input unmeasured
[metrics] jsonpath_ng_1_5_3: no measurement after 3 failed attempts; leaving this input unmeasured
[metrics] jsonpath_ng_1_6_0: no measurement after 3 failed attempts; leaving this input unmeasured
[metrics] jsonpath_ng_1_6_1: no measurement after 3 failed attempts; leaving this input unmeasured
[metrics] jsonpath_ng_1_7_0: no measurement after 3 failed attempts; leaving this input unmeasured
[metrics] jsonpath_ng_1_8_0: no measurement after 3 failed attempts; leaving this input unmeasured
[metrics] jsonpath_ng_1_5_2: no measurement after 3 failed attempts; leaving this input unmeasured
[metrics] jsonpath_ng_1_5_3: no measurement after 3 failed attempts; leaving this input unmeasured
[metrics] jsonpath_ng_1_6_0: no measurement after 3 failed attempts; leaving this input unmeasured
[metrics] jsonpath_ng_1_6_1: no measurement after 3 failed attempts; leaving this input unmeasured
[metrics] jsonpath_ng_1_7_0: no measurement after 3 failed attempts; leaving this input unmeasured
[metrics] jsonpath_ng_1_8_0: no measurement after 3 failed attempts; leaving this input unmeasured
[metrics] jsonpath_ng_1_5_2: no measurement after 3 failed attempts; leaving this input unmeasured
[metrics] jsonpath_ng_1_5_3: no measurement after 3 failed attempts; leaving this input unmeasured
[metrics] jsonpath_ng_1_6_0: no measurement after 3 failed attempts; leaving this input unmeasured
[metrics] jsonpath_ng_1_6_1: no measurement after 3 failed attempts; leaving this input unmeasured
[metrics] jsonpath_ng_1_7_0: no measurement after 3 failed attempts; leaving this input unmeasured
[metrics] jsonpath_ng_1_8_0: no measurement after 3 failed attempts; leaving this input unmeasured
[metrics] jsonpath_ng_1_5_2: no measurement after 3 failed attempts; leaving this input unmeasured
[metrics] jsonpath_ng_1_5_3: no measurement after 3 failed attempts; leaving this input unmeasured
[metrics] jsonpath_ng_1_6_0: no measurement after 3 failed attempts; leaving this input unmeasured
[metrics] jsonpath_ng_1_6_1: no measurement after 3 failed attempts; leaving this input unmeasured
[metrics] jsonpath_ng_1_7_0: no measurement after 3 failed attempts; leaving this input unmeasured
[metrics] jsonpath_ng_1_8_0: no measurement after 3 failed attempts; leaving this input unmeasured
[metrics] jsonpath_ng_1_5_2: no measurement after 3 failed attempts; leaving this input unmeasured
[metrics] jsonpath_ng_1_5_3: no measurement after 3 failed attempts; leaving this input unmeasured
[metrics] jsonpath_ng_1_6_0: no measurement after 3 failed attempts; leaving this input unmeasured
[metrics] jsonpath_ng_1_6_1: no measurement after 3 failed attempts; leaving this input unmeasured
[metrics] jsonpath_ng_1_7_0: no measurement after 3 failed attempts; leaving this input unmeasured
[metrics] jsonpath_ng_1_8_0: no measurement after 3 failed attempts; leaving this input unmeasured
[metrics] jsonpath_ng_1_5_2: no measurement after 3 failed attempts; leaving this input unmeasured
[metrics] jsonpath_ng_1_5_3: no measurement after 3 failed attempts; leaving this input unmeasured
[metrics] jsonpath_ng_1_6_0: no measurement after 3 failed attempts; leaving this input unmeasured
[metrics] jsonpath_ng_1_6_1: no measurement after 3 failed attempts; leaving this input unmeasured
[metrics] jsonpath_ng_1_7_0: no measurement after 3 failed attempts; leaving this input unmeasured
[metrics] jsonpath_ng_1_8_0: no measurement after 3 failed attempts; leaving this input unmeasured
[metrics] jsonpath_ng_1_5_2: no measurement after 3 failed attempts; leaving this input unmeasured
[metrics] jsonpath_ng_1_5_3: no measurement after 3 failed attempts; leaving this input unmeasured
[metrics] jsonpath_ng_1_6_0: no measurement after 3 failed attempts; leaving this input unmeasured
[metrics] jsonpath_ng_1_6_1: no measurement after 3 failed attempts; leaving this input unmeasured
[metrics] jsonpath_ng_1_7_0: no measurement after 3 failed attempts; leaving this input unmeasured
[metrics] jsonpath_ng_1_8_0: no measurement after 3 failed attempts; leaving this input unmeasured
[metrics] jsonpath_ng_1_5_2: no measurement after 3 failed attempts; leaving this input unmeasured
[metrics] jsonpath_ng_1_5_3: no measurement after 3 failed attempts; leaving this input unmeasured
[metrics] jsonpath_ng_1_6_0: no measurement after 3 failed attempts; leaving this input unmeasured
[metrics] jsonpath_ng_1_6_1: no measurement after 3 failed attempts; leaving this input unmeasured
[metrics] jsonpath_ng_1_7_0: no measurement after 3 failed attempts; leaving this input unmeasured
[metrics] jsonpath_ng_1_8_0: no measurement after 3 failed attempts; leaving this input unmeasured
[metrics] jsonpath_ng_1_5_2: no measurement after 3 failed attempts; leaving this input unmeasured
[metrics] jsonpath_ng_1_5_3: no measurement after 3 failed attempts; leaving this input unmeasured
[metrics] jsonpath_ng_1_6_0: no measurement after 3 failed attempts; leaving this input unmeasured
[metrics] jsonpath_ng_1_6_1: no measurement after 3 failed attempts; leaving this input unmeasured
[metrics] jsonpath_ng_1_7_0: no measurement after 3 failed attempts; leaving this input unmeasured
[metrics] jsonpath_ng_1_8_0: no measurement after 3 failed attempts; leaving this input unmeasured
[metrics] jsonpath_ng_1_5_2: no measurement after 3 failed attempts; leaving this input unmeasured
[metrics] jsonpath_ng_1_5_3: no measurement after 3 failed attempts; leaving this input unmeasured
[metrics] jsonpath_ng_1_6_0: no measurement after 3 failed attempts; leaving this input unmeasured
[metrics] jsonpath_ng_1_6_1: no measurement after 3 failed attempts; leaving this input unmeasured
[metrics] jsonpath_ng_1_7_0: no measurement after 3 failed attempts; leaving this input unmeasured
[metrics] jsonpath_ng_1_8_0: no measurement after 3 failed attempts; leaving this input unmeasured
[metrics] jsonpath_ng_1_5_2: no measurement after 3 failed attempts; leaving this input unmeasured
[metrics] jsonpath_ng_1_5_3: no measurement after 3 failed attempts; leaving this input unmeasured
[metrics] jsonpath_ng_1_6_0: no measurement after 3 failed attempts; leaving this input unmeasured
[metrics] jsonpath_ng_1_6_1: no measurement after 3 failed attempts; leaving this input unmeasured
[metrics] jsonpath_ng_1_7_0: no measurement after 3 failed attempts; leaving this input unmeasured
[metrics] jsonpath_ng_1_8_0: no measurement after 3 failed attempts; leaving this input unmeasured
[metrics] jsonpath_ng_1_5_2: no measurement after 3 failed attempts; leaving this input unmeasured
[metrics] jsonpath_ng_1_5_3: no measurement after 3 failed attempts; leaving this input unmeasured
[metrics] jsonpath_ng_1_6_0: no measurement after 3 failed attempts; leaving this input unmeasured
[metrics] jsonpath_ng_1_6_1: no measurement after 3 failed attempts; leaving this input unmeasured
[metrics] jsonpath_ng_1_7_0: no measurement after 3 failed attempts; leaving this input unmeasured
[metrics] jsonpath_ng_1_8_0: no measurement after 3 failed attempts; leaving this input unmeasured
[metrics] jsonpath_ng_1_5_2: no measurement after 3 failed attempts; leaving this input unmeasured
[metrics] jsonpath_ng_1_5_3: no measurement after 3 failed attempts; leaving this input unmeasured
[metrics] jsonpath_ng_1_6_0: no measurement after 3 failed attempts; leaving this input unmeasured
[metrics] jsonpath_ng_1_6_1: no measurement after 3 failed attempts; leaving this input unmeasured
[metrics] jsonpath_ng_1_7_0: no measurement after 3 failed attempts; leaving this input unmeasured
[metrics] jsonpath_ng_1_8_0: no measurement after 3 failed attempts; leaving this input unmeasured
[metrics] jsonpath_ng_1_5_2: no measurement after 3 failed attempts; leaving this input unmeasured
[metrics] jsonpath_ng_1_5_3: no measurement after 3 failed attempts; leaving this input unmeasured
[metrics] jsonpath_ng_1_6_0: no measurement after 3 failed attempts; leaving this input unmeasured
[metrics] jsonpath_ng_1_6_1: no measurement after 3 failed attempts; leaving this input unmeasured
[metrics] jsonpath_ng_1_7_0: no measurement after 3 failed attempts; leaving this input unmeasured
[metrics] jsonpath_ng_1_8_0: no measurement after 3 failed attempts; leaving this input unmeasured
[metrics] jsonpath_ng_1_5_2: no measurement after 3 failed attempts; leaving this input unmeasured
[metrics] jsonpath_ng_1_5_3: no measurement after 3 failed attempts; leaving this input unmeasured
[metrics] jsonpath_ng_1_6_0: no measurement after 3 failed attempts; leaving this input unmeasured
[metrics] jsonpath_ng_1_6_1: no measurement after 3 failed attempts; leaving this input unmeasured
[metrics] jsonpath_ng_1_7_0: no measurement after 3 failed attempts; leaving this input unmeasured
[metrics] jsonpath_ng_1_8_0: no measurement after 3 failed attempts; leaving this input unmeasured
[metrics] jsonpath_ng_1_5_2: no measurement after 3 failed attempts; leaving this input unmeasured
[metrics] jsonpath_ng_1_5_3: no measurement after 3 failed attempts; leaving this input unmeasured
[metrics] jsonpath_ng_1_6_0: no measurement after 3 failed attempts; leaving this input unmeasured
[metrics] jsonpath_ng_1_6_1: no measurement after 3 failed attempts; leaving this input unmeasured
[metrics] jsonpath_ng_1_7_0: no measurement after 3 failed attempts; leaving this input unmeasured
[metrics] jsonpath_ng_1_8_0: no measurement after 3 failed attempts; leaving this input unmeasured
[metrics] jsonpath_ng_1_5_2: no measurement after 3 failed attempts; leaving this input unmeasured
[metrics] jsonpath_ng_1_5_3: no measurement after 3 failed attempts; leaving this input unmeasured
[metrics] jsonpath_ng_1_6_0: no measurement after 3 failed attempts; leaving this input unmeasured
[metrics] jsonpath_ng_1_6_1: no measurement after 3 failed attempts; leaving this input unmeasured
[metrics] jsonpath_ng_1_7_0: no measurement after 3 failed attempts; leaving this input unmeasured
[metrics] jsonpath_ng_1_8_0: no measurement after 3 failed attempts; leaving this input unmeasured
[metrics] jsonpath_ng_1_5_2: no measurement after 3 failed attempts; leaving this input unmeasured
[metrics] jsonpath_ng_1_5_3: no measurement after 3 failed attempts; leaving this input unmeasured
[metrics] jsonpath_ng_1_6_0: no measurement after 3 failed attempts; leaving this input unmeasured
[metrics] jsonpath_ng_1_6_1: no measurement after 3 failed attempts; leaving this input unmeasured
[metrics] jsonpath_ng_1_7_0: no measurement after 3 failed attempts; leaving this input unmeasured
[metrics] jsonpath_ng_1_8_0: no measurement after 3 failed attempts; leaving this input unmeasured
[metrics] jsonpath_ng_1_5_2: no measurement after 3 failed attempts; leaving this input unmeasured
[metrics] jsonpath_ng_1_5_3: no measurement after 3 failed attempts; leaving this input unmeasured
[metrics] jsonpath_ng_1_6_0: no measurement after 3 failed attempts; leaving this input unmeasured
[metrics] jsonpath_ng_1_6_1: no measurement after 3 failed attempts; leaving this input unmeasured
[metrics] jsonpath_ng_1_7_0: no measurement after 3 failed attempts; leaving this input unmeasured
[metrics] jsonpath_ng_1_8_0: no measurement after 3 failed attempts; leaving this input unmeasured
[metrics] jsonpath_ng_1_5_2: no measurement after 3 failed attempts; leaving this input unmeasured
[metrics] jsonpath_ng_1_5_3: no measurement after 3 failed attempts; leaving this input unmeasured
[metrics] jsonpath_ng_1_6_0: no measurement after 3 failed attempts; leaving this input unmeasured
[metrics] jsonpath_ng_1_6_1: no measurement after 3 failed attempts; leaving this input unmeasured
[metrics] jsonpath_ng_1_7_0: no measurement after 3 failed attempts; leaving this input unmeasured
[metrics] jsonpath_ng_1_8_0: no measurement after 3 failed attempts; leaving this input unmeasured
[metrics] jsonpath_ng_1_5_2: no measurement after 3 failed attempts; leaving this input unmeasured
[metrics] jsonpath_ng_1_5_3: no measurement after 3 failed attempts; leaving this input unmeasured
[metrics] jsonpath_ng_1_6_0: no measurement after 3 failed attempts; leaving this input unmeasured
[metrics] jsonpath_ng_1_6_1: no measurement after 3 failed attempts; leaving this input unmeasured
[metrics] jsonpath_ng_1_7_0: no measurement after 3 failed attempts; leaving this input unmeasured
[metrics] jsonpath_ng_1_8_0: no measurement after 3 failed attempts; leaving this input unmeasured
[metrics] jsonpath_ng_1_5_2: no measurement after 3 failed attempts; leaving this input unmeasured
[metrics] jsonpath_ng_1_5_3: no measurement after 3 failed attempts; leaving this input unmeasured
[metrics] jsonpath_ng_1_6_0: no measurement after 3 failed attempts; leaving this input unmeasured
[metrics] jsonpath_ng_1_6_1: no measurement after 3 failed attempts; leaving this input unmeasured
[metrics] jsonpath_ng_1_7_0: no measurement after 3 failed attempts; leaving this input unmeasured
[metrics] jsonpath_ng_1_8_0: no measurement after 3 failed attempts; leaving this input unmeasured
[metrics] jsonpath_ng_1_5_2: no measurement after 3 failed attempts; leaving this input unmeasured
[metrics] jsonpath_ng_1_5_3: no measurement after 3 failed attempts; leaving this input unmeasured
[metrics] jsonpath_ng_1_6_0: no measurement after 3 failed attempts; leaving this input unmeasured
[metrics] jsonpath_ng_1_6_1: no measurement after 3 failed attempts; leaving this input unmeasured
[metrics] jsonpath_ng_1_7_0: no measurement after 3 failed attempts; leaving this input unmeasured
[metrics] jsonpath_ng_1_8_0: no measurement after 3 failed attempts; leaving this input unmeasured
[metrics] jsonpath_ng_1_5_2: no measurement after 3 failed attempts; leaving this input unmeasured
[metrics] jsonpath_ng_1_5_3: no measurement after 3 failed attempts; leaving this input unmeasured
[metrics] jsonpath_ng_1_6_0: no measurement after 3 failed attempts; leaving this input unmeasured
[metrics] jsonpath_ng_1_6_1: no measurement after 3 failed attempts; leaving this input unmeasured
[metrics] jsonpath_ng_1_7_0: no measurement after 3 failed attempts; leaving this input unmeasured
[metrics] jsonpath_ng_1_8_0: no measurement after 3 failed attempts; leaving this input unmeasured
[metrics] jsonpath_ng_1_5_2: no measurement after 3 failed attempts; leaving this input unmeasured
[metrics] jsonpath_ng_1_5_3: no measurement after 3 failed attempts; leaving this input unmeasured
[metrics] jsonpath_ng_1_6_0: no measurement after 3 failed attempts; leaving this input unmeasured
[metrics] jsonpath_ng_1_6_1: no measurement after 3 failed attempts; leaving this input unmeasured
[metrics] jsonpath_ng_1_7_0: no measurement after 3 failed attempts; leaving this input unmeasured
[metrics] jsonpath_ng_1_8_0: no measurement after 3 failed attempts; leaving this input unmeasured
[metrics] jsonpath_ng_1_5_2: no measurement after 3 failed attempts; leaving this input unmeasured
[metrics] jsonpath_ng_1_5_3: no measurement after 3 failed attempts; leaving this input unmeasured
[metrics] jsonpath_ng_1_6_0: no measurement after 3 failed attempts; leaving this input unmeasured
[metrics] jsonpath_ng_1_6_1: no measurement after 3 failed attempts; leaving this input unmeasured
[metrics] jsonpath_ng_1_7_0: no measurement after 3 failed attempts; leaving this input unmeasured
[metrics] jsonpath_ng_1_8_0: no measurement after 3 failed attempts; leaving this input unmeasured
[metrics] jsonpath_ng_1_5_2: no measurement after 3 failed attempts; leaving this input unmeasured
[metrics] jsonpath_ng_1_5_3: no measurement after 3 failed attempts; leaving this input unmeasured
[metrics] jsonpath_ng_1_6_0: no measurement after 3 failed attempts; leaving this input unmeasured
[metrics] jsonpath_ng_1_6_1: no measurement after 3 failed attempts; leaving this input unmeasured
[metrics] jsonpath_ng_1_7_0: no measurement after 3 failed attempts; leaving this input unmeasured
[metrics] jsonpath_ng_1_8_0: no measurement after 3 failed attempts; leaving this input unmeasured
[metrics] jsonpath_ng_1_5_2: no measurement after 3 failed attempts; leaving this input unmeasured
[metrics] jsonpath_ng_1_5_3: no measurement after 3 failed attempts; leaving this input unmeasured
[metrics] jsonpath_ng_1_6_0: no measurement after 3 failed attempts; leaving this input unmeasured
[metrics] jsonpath_ng_1_6_1: no measurement after 3 failed attempts; leaving this input unmeasured
[metrics] jsonpath_ng_1_7_0: no measurement after 3 failed attempts; leaving this input unmeasured
[metrics] jsonpath_ng_1_8_0: no measurement after 3 failed attempts; leaving this input unmeasured
[metrics] jsonpath_ng_1_5_2: no measurement after 3 failed attempts; leaving this input unmeasured
[metrics] jsonpath_ng_1_5_3: no measurement after 3 failed attempts; leaving this input unmeasured
[metrics] jsonpath_ng_1_6_0: no measurement after 3 failed attempts; leaving this input unmeasured
[metrics] jsonpath_ng_1_6_1: no measurement after 3 failed attempts; leaving this input unmeasured
[metrics] jsonpath_ng_1_7_0: no measurement after 3 failed attempts; leaving this input unmeasured
[metrics] jsonpath_ng_1_8_0: no measurement after 3 failed attempts; leaving this input unmeasured
[metrics] jsonpath_ng_1_5_2: no measurement after 3 failed attempts; leaving this input unmeasured
[metrics] jsonpath_ng_1_5_3: no measurement after 3 failed attempts; leaving this input unmeasured
[metrics] jsonpath_ng_1_6_0: no measurement after 3 failed attempts; leaving this input unmeasured
[metrics] jsonpath_ng_1_6_1: no measurement after 3 failed attempts; leaving this input unmeasured
[metrics] jsonpath_ng_1_7_0: no measurement after 3 failed attempts; leaving this input unmeasured
[metrics] jsonpath_ng_1_8_0: no measurement after 3 failed attempts; leaving this input unmeasured
[metrics] jsonpath_ng_1_5_2: no measurement after 3 failed attempts; leaving this input unmeasured
[metrics] jsonpath_ng_1_5_3: no measurement after 3 failed attempts; leaving this input unmeasured
[metrics] jsonpath_ng_1_6_0: no measurement after 3 failed attempts; leaving this input unmeasured
[metrics] jsonpath_ng_1_6_1: no measurement after 3 failed attempts; leaving this input unmeasured
[metrics] jsonpath_ng_1_7_0: no measurement after 3 failed attempts; leaving this input unmeasured
[metrics] jsonpath_ng_1_5_2: no measurement after 3 failed attempts; leaving this input unmeasured
[metrics] jsonpath_ng_1_5_3: no measurement after 3 failed attempts; leaving this input unmeasured
[metrics] jsonpath_ng_1_6_0: no measurement after 3 failed attempts; leaving this input unmeasured
[metrics] jsonpath_ng_1_6_1: no measurement after 3 failed attempts; leaving this input unmeasured
[metrics] jsonpath_ng_1_7_0: no measurement after 3 failed attempts; leaving this input unmeasured
[metrics] jsonpath_ng_1_8_0: no measurement after 3 failed attempts; leaving this input unmeasured
[metrics] jsonpath_ng_1_5_2: no measurement after 3 failed attempts; leaving this input unmeasured
[metrics] jsonpath_ng_1_5_3: no measurement after 3 failed attempts; leaving this input unmeasured
[metrics] jsonpath_ng_1_6_0: no measurement after 3 failed attempts; leaving this input unmeasured
[metrics] jsonpath_ng_1_6_1: no measurement after 3 failed attempts; leaving this input unmeasured
[metrics] jsonpath_ng_1_7_0: no measurement after 3 failed attempts; leaving this input unmeasured
[metrics] jsonpath_ng_1_8_0: no measurement after 3 failed attempts; leaving this input unmeasured
[metrics] jsonpath_ng_1_5_2: no measurement after 3 failed attempts; leaving this input unmeasured
[metrics] jsonpath_ng_1_5_3: no measurement after 3 failed attempts; leaving this input unmeasured
[metrics] jsonpath_ng_1_6_0: no measurement after 3 failed attempts; leaving this input unmeasured
[metrics] jsonpath_ng_1_6_1: no measurement after 3 failed attempts; leaving this input unmeasured
[metrics] jsonpath_ng_1_7_0: no measurement after 3 failed attempts; leaving this input unmeasured
[metrics] jsonpath_ng_1_8_0: no measurement after 3 failed attempts; leaving this input unmeasured
[metrics] jsonpath_ng_1_5_2: no measurement after 3 failed attempts; leaving this input unmeasured
[metrics] jsonpath_ng_1_5_3: no measurement after 3 failed attempts; leaving this input unmeasured
[metrics] jsonpath_ng_1_6_0: no measurement after 3 failed attempts; leaving this input unmeasured
[metrics] jsonpath_ng_1_6_1: no measurement after 3 failed attempts; leaving this input unmeasured
[metrics] jsonpath_ng_1_7_0: no measurement after 3 failed attempts; leaving this input unmeasured
[metrics] jsonpath_ng_1_8_0: no measurement after 3 failed attempts; leaving this input unmeasured
[metrics] jsonpath_ng_1_5_2: no measurement after 3 failed attempts; leaving this input unmeasured
[metrics] jsonpath_ng_1_5_3: no measurement after 3 failed attempts; leaving this input unmeasured
[metrics] jsonpath_ng_1_6_0: no measurement after 3 failed attempts; leaving this input unmeasured
[metrics] jsonpath_ng_1_6_1: no measurement after 3 failed attempts; leaving this input unmeasured
[metrics] jsonpath_ng_1_7_0: no measurement after 3 failed attempts; leaving this input unmeasured
[metrics] jsonpath_ng_1_8_0: no measurement after 3 failed attempts; leaving this input unmeasured
[metrics] jsonpath_ng_1_5_2: no measurement after 3 failed attempts; leaving this input unmeasured
[metrics] jsonpath_ng_1_5_3: no measurement after 3 failed attempts; leaving this input unmeasured
[metrics] jsonpath_ng_1_6_0: no measurement after 3 failed attempts; leaving this input unmeasured
[metrics] jsonpath_ng_1_6_1: no measurement after 3 failed attempts; leaving this input unmeasured
[metrics] jsonpath_ng_1_7_0: no measurement after 3 failed attempts; leaving this input unmeasured
[metrics] jsonpath_ng_1_8_0: no measurement after 3 failed attempts; leaving this input unmeasured
[metrics] jsonpath_ng_1_5_2: no measurement after 3 failed attempts; leaving this input unmeasured
[metrics] jsonpath_ng_1_5_3: no measurement after 3 failed attempts; leaving this input unmeasured
[metrics] jsonpath_ng_1_6_0: no measurement after 3 failed attempts; leaving this input unmeasured
[metrics] jsonpath_ng_1_5_2: no measurement after 3 failed attempts; leaving this input unmeasured
[metrics] jsonpath_ng_1_5_3: no measurement after 3 failed attempts; leaving this input unmeasured
[metrics] jsonpath_ng_1_6_0: no measurement after 3 failed attempts; leaving this input unmeasured
[metrics] jsonpath_ng_1_6_1: no measurement after 3 failed attempts; leaving this input unmeasured
[metrics] jsonpath_ng_1_7_0: no measurement after 3 failed attempts; leaving this input unmeasured
[metrics] jsonpath_ng_1_8_0: no measurement after 3 failed attempts; leaving this input unmeasured
[metrics] jsonpath_ng_1_5_2: no measurement after 3 failed attempts; leaving this input unmeasured
[metrics] jsonpath_ng_1_5_3: no measurement after 3 failed attempts; leaving this input unmeasured
[metrics] jsonpath_ng_1_6_0: no measurement after 3 failed attempts; leaving this input unmeasured
[metrics] jsonpath_ng_1_6_1: no measurement after 3 failed attempts; leaving this input unmeasured
[metrics] jsonpath_ng_1_7_0: no measurement after 3 failed attempts; leaving this input unmeasured
[metrics] jsonpath_ng_1_8_0: no measurement after 3 failed attempts; leaving this input unmeasured
[metrics] jsonpath_ng_1_5_2: no measurement after 3 failed attempts; leaving this input unmeasured
[metrics] jsonpath_ng_1_5_3: no measurement after 3 failed attempts; leaving this input unmeasured
[metrics] jsonpath_ng_1_6_0: no measurement after 3 failed attempts; leaving this input unmeasured
[metrics] jsonpath_ng_1_6_1: no measurement after 3 failed attempts; leaving this input unmeasured
[metrics] jsonpath_ng_1_7_0: no measurement after 3 failed attempts; leaving this input unmeasured
[metrics] jsonpath_ng_1_8_0: no measurement after 3 failed attempts; leaving this input unmeasured
[metrics] jsonpath_ng_1_5_2: no measurement after 3 failed attempts; leaving this input unmeasured
[metrics] jsonpath_ng_1_5_3: no measurement after 3 failed attempts; leaving this input unmeasured
[metrics] jsonpath_ng_1_6_0: no measurement after 3 failed attempts; leaving this input unmeasured
[metrics] jsonpath_ng_1_6_1: no measurement after 3 failed attempts; leaving this input unmeasured
[metrics] jsonpath_ng_1_7_0: no measurement after 3 failed attempts; leaving this input unmeasured
[metrics] jsonpath_ng_1_8_0: no measurement after 3 failed attempts; leaving this input unmeasured
[metrics] jsonpath_ng_1_5_2: no measurement after 3 failed attempts; leaving this input unmeasured
[metrics] jsonpath_ng_1_5_3: no measurement after 3 failed attempts; leaving this input unmeasured
[metrics] jsonpath_ng_1_6_0: no measurement after 3 failed attempts; leaving this input unmeasured
[metrics] jsonpath_ng_1_6_1: no measurement after 3 failed attempts; leaving this input unmeasured
[metrics] jsonpath_ng_1_7_0: no measurement after 3 failed attempts; leaving this input unmeasured
[metrics] jsonpath_ng_1_8_0: no measurement after 3 failed attempts; leaving this input unmeasured
[metrics] jsonpath_ng_1_5_2: no measurement after 3 failed attempts; leaving this input unmeasured
[metrics] jsonpath_ng_1_5_3: no measurement after 3 failed attempts; leaving this input unmeasured
[metrics] jsonpath_ng_1_6_0: no measurement after 3 failed attempts; leaving this input unmeasured
[metrics] jsonpath_ng_1_6_1: no measurement after 3 failed attempts; leaving this input unmeasured
[metrics] jsonpath_ng_1_7_0: no measurement after 3 failed attempts; leaving this input unmeasured
[metrics] jsonpath_ng_1_8_0: no measurement after 3 failed attempts; leaving this input unmeasured
[metrics] jsonpath_ng_1_5_2: no measurement after 3 failed attempts; leaving this input unmeasured
[metrics] jsonpath_ng_1_5_3: no measurement after 3 failed attempts; leaving this input unmeasured
[metrics] jsonpath_ng_1_6_0: no measurement after 3 failed attempts; leaving this input unmeasured
[metrics] jsonpath_ng_1_6_1: no measurement after 3 failed attempts; leaving this input unmeasured
[metrics] jsonpath_ng_1_7_0: no measurement after 3 failed attempts; leaving this input unmeasured
[metrics] jsonpath_ng_1_8_0: no measurement after 3 failed attempts; leaving this input unmeasured
[metrics] jsonpath_ng_1_5_2: no measurement after 3 failed attempts; leaving this input unmeasured
[metrics] jsonpath_ng_1_5_3: no measurement after 3 failed attempts; leaving this input unmeasured
[metrics] jsonpath_ng_1_6_0: no measurement after 3 failed attempts; leaving this input unmeasured
[metrics] jsonpath_ng_1_6_1: no measurement after 3 failed attempts; leaving this input unmeasured
[metrics] jsonpath_ng_1_7_0: no measurement after 3 failed attempts; leaving this input unmeasured
[metrics] jsonpath_ng_1_8_0: no measurement after 3 failed attempts; leaving this input unmeasured
[metrics] jsonpath_ng_1_5_2: no measurement after 3 failed attempts; leaving this input unmeasured
[metrics] jsonpath_ng_1_5_3: no measurement after 3 failed attempts; leaving this input unmeasured
[metrics] jsonpath_ng_1_6_0: no measurement after 3 failed attempts; leaving this input unmeasured
[metrics] jsonpath_ng_1_6_1: no measurement after 3 failed attempts; leaving this input unmeasured
[metrics] jsonpath_ng_1_7_0: no measurement after 3 failed attempts; leaving this input unmeasured
[metrics] jsonpath_ng_1_8_0: no measurement after 3 failed attempts; leaving this input unmeasured
[metrics] jsonpath_ng_1_5_2: no measurement after 3 failed attempts; leaving this input unmeasured
[metrics] jsonpath_ng_1_5_3: no measurement after 3 failed attempts; leaving this input unmeasured
[metrics] jsonpath_ng_1_6_0: no measurement after 3 failed attempts; leaving this input unmeasured
[metrics] jsonpath_ng_1_6_1: no measurement after 3 failed attempts; leaving this input unmeasured
[metrics] jsonpath_ng_1_7_0: no measurement after 3 failed attempts; leaving this input unmeasured
[metrics] jsonpath_ng_1_8_0: no measurement after 3 failed attempts; leaving this input unmeasured
[metrics] jsonpath_ng_1_5_2: no measurement after 3 failed attempts; leaving this input unmeasured
[metrics] jsonpath_ng_1_5_3: no measurement after 3 failed attempts; leaving this input unmeasured
[metrics] jsonpath_ng_1_6_0: no measurement after 3 failed attempts; leaving this input unmeasured
[metrics] jsonpath_ng_1_6_1: no measurement after 3 failed attempts; leaving this input unmeasured
[metrics] jsonpath_ng_1_7_0: no measurement after 3 failed attempts; leaving this input unmeasured
[metrics] jsonpath_ng_1_8_0: no measurement after 3 failed attempts; leaving this input unmeasured
[metrics] jsonpath_ng_1_5_2: no measurement after 3 failed attempts; leaving this input unmeasured
[metrics] jsonpath_ng_1_5_3: no measurement after 3 failed attempts; leaving this input unmeasured
[metrics] jsonpath_ng_1_6_0: no measurement after 3 failed attempts; leaving this input unmeasured
[metrics] jsonpath_ng_1_6_1: no measurement after 3 failed attempts; leaving this input unmeasured
[metrics] jsonpath_ng_1_7_0: no measurement after 3 failed attempts; leaving this input unmeasured
[metrics] jsonpath_ng_1_8_0: no measurement after 3 failed attempts; leaving this input unmeasured
[metrics] jsonpath_ng_1_5_2: no measurement after 3 failed attempts; leaving this input unmeasured
[metrics] jsonpath_ng_1_5_3: no measurement after 3 failed attempts; leaving this input unmeasured
[metrics] jsonpath_ng_1_6_0: no measurement after 3 failed attempts; leaving this input unmeasured
[metrics] jsonpath_ng_1_6_1: no measurement after 3 failed attempts; leaving this input unmeasured
[metrics] jsonpath_ng_1_7_0: no measurement after 3 failed attempts; leaving this input unmeasured
[metrics] jsonpath_ng_1_8_0: no measurement after 3 failed attempts; leaving this input unmeasured
[metrics] jsonpath_ng_1_5_2: no measurement after 3 failed attempts; leaving this input unmeasured
[metrics] jsonpath_ng_1_5_3: no measurement after 3 failed attempts; leaving this input unmeasured
[metrics] jsonpath_ng_1_6_0: no measurement after 3 failed attempts; leaving this input unmeasured
[metrics] jsonpath_ng_1_6_1: no measurement after 3 failed attempts; leaving this input unmeasured
[metrics] jsonpath_ng_1_7_0: no measurement after 3 failed attempts; leaving this input unmeasured
[metrics] jsonpath_ng_1_8_0: no measurement after 3 failed attempts; leaving this input unmeasured
[metrics] jsonpath_ng_1_5_2: no measurement after 3 failed attempts; leaving this input unmeasured
[metrics] jsonpath_ng_1_5_3: no measurement after 3 failed attempts; leaving this input unmeasured
[metrics] jsonpath_ng_1_6_0: no measurement after 3 failed attempts; leaving this input unmeasured
[metrics] jsonpath_ng_1_6_1: no measurement after 3 failed attempts; leaving this input unmeasured
[metrics] jsonpath_ng_1_7_0: no measurement after 3 failed attempts; leaving this input unmeasured
[metrics] jsonpath_ng_1_8_0: no measurement after 3 failed attempts; leaving this input unmeasured
[metrics] jsonpath_ng_1_5_2: no measurement after 3 failed attempts; leaving this input unmeasured
[metrics] jsonpath_ng_1_5_3: no measurement after 3 failed attempts; leaving this input unmeasured
[metrics] jsonpath_ng_1_6_0: no measurement after 3 failed attempts; leaving this input unmeasured
[metrics] jsonpath_ng_1_5_2: no measurement after 3 failed attempts; leaving this input unmeasured
[metrics] jsonpath_ng_1_5_3: no measurement after 3 failed attempts; leaving this input unmeasured
[metrics] jsonpath_ng_1_6_0: no measurement after 3 failed attempts; leaving this input unmeasured
[metrics] jsonpath_ng_1_6_1: no measurement after 3 failed attempts; leaving this input unmeasured
[metrics] jsonpath_ng_1_7_0: no measurement after 3 failed attempts; leaving this input unmeasured
[metrics] jsonpath_ng_1_8_0: no measurement after 3 failed attempts; leaving this input unmeasured
[metrics] jsonpath_ng_1_5_2: no measurement after 3 failed attempts; leaving this input unmeasured
[metrics] jsonpath_ng_1_5_3: no measurement after 3 failed attempts; leaving this input unmeasured
[metrics] jsonpath_ng_1_6_0: no measurement after 3 failed attempts; leaving this input unmeasured
[metrics] jsonpath_ng_1_6_1: no measurement after 3 failed attempts; leaving this input unmeasured
[metrics] jsonpath_ng_1_7_0: no measurement after 3 failed attempts; leaving this input unmeasured
[metrics] jsonpath_ng_1_8_0: no measurement after 3 failed attempts; leaving this input unmeasured
[metrics] jsonpath_ng_1_5_2: no measurement after 3 failed attempts; leaving this input unmeasured
[metrics] jsonpath_ng_1_5_3: no measurement after 3 failed attempts; leaving this input unmeasured
[metrics] jsonpath_ng_1_6_0: no measurement after 3 failed attempts; leaving this input unmeasured
[metrics] jsonpath_ng_1_6_1: no measurement after 3 failed attempts; leaving this input unmeasured
[metrics] jsonpath_ng_1_7_0: no measurement after 3 failed attempts; leaving this input unmeasured
[metrics] jsonpath_ng_1_8_0: no measurement after 3 failed attempts; leaving this input unmeasured
[metrics] jsonpath_ng_1_5_2: no measurement after 3 failed attempts; leaving this input unmeasured
[metrics] jsonpath_ng_1_5_3: no measurement after 3 failed attempts; leaving this input unmeasured
[metrics] jsonpath_ng_1_6_0: no measurement after 3 failed attempts; leaving this input unmeasured
[metrics] jsonpath_ng_1_6_1: no measurement after 3 failed attempts; leaving this input unmeasured
[metrics] jsonpath_ng_1_7_0: no measurement after 3 failed attempts; leaving this input unmeasured
[metrics] jsonpath_ng_1_8_0: no measurement after 3 failed attempts; leaving this input unmeasured
[metrics] jsonpath_ng_1_5_2: no measurement after 3 failed attempts; leaving this input unmeasured
[metrics] jsonpath_ng_1_5_3: no measurement after 3 failed attempts; leaving this input unmeasured
[metrics] jsonpath_ng_1_6_0: no measurement after 3 failed attempts; leaving this input unmeasured
[metrics] jsonpath_ng_1_6_1: no measurement after 3 failed attempts; leaving this input unmeasured
[metrics] jsonpath_ng_1_7_0: no measurement after 3 failed attempts; leaving this input unmeasured
[metrics] jsonpath_ng_1_8_0: no measurement after 3 failed attempts; leaving this input unmeasured
[metrics] jsonpath_ng_1_5_2: no measurement after 3 failed attempts; leaving this input unmeasured
[metrics] jsonpath_ng_1_5_3: no measurement after 3 failed attempts; leaving this input unmeasured
[metrics] jsonpath_ng_1_6_0: no measurement after 3 failed attempts; leaving this input unmeasured
[metrics] jsonpath_ng_1_6_1: no measurement after 3 failed attempts; leaving this input unmeasured
[metrics] jsonpath_ng_1_7_0: no measurement after 3 failed attempts; leaving this input unmeasured
[metrics] jsonpath_ng_1_8_0: no measurement after 3 failed attempts; leaving this input unmeasured
[metrics] jsonpath_ng_1_5_2: no measurement after 3 failed attempts; leaving this input unmeasured
[metrics] jsonpath_ng_1_5_3: no measurement after 3 failed attempts; leaving this input unmeasured
[metrics] jsonpath_ng_1_6_0: no measurement after 3 failed attempts; leaving this input unmeasured
[metrics] jsonpath_ng_1_6_1: no measurement after 3 failed attempts; leaving this input unmeasured
[metrics] jsonpath_ng_1_7_0: no measurement after 3 failed attempts; leaving this input unmeasured
[metrics] jsonpath_ng_1_8_0: no measurement after 3 failed attempts; leaving this input unmeasured
[metrics] jsonpath_ng_1_5_2: no measurement after 3 failed attempts; leaving this input unmeasured
[metrics] jsonpath_ng_1_5_3: no measurement after 3 failed attempts; leaving this input unmeasured
[metrics] jsonpath_ng_1_6_0: no measurement after 3 failed attempts; leaving this input unmeasured
[metrics] jsonpath_ng_1_6_1: no measurement after 3 failed attempts; leaving this input unmeasured
[metrics] jsonpath_ng_1_7_0: no measurement after 3 failed attempts; leaving this input unmeasured
[metrics] jsonpath_ng_1_8_0: no measurement after 3 failed attempts; leaving this input unmeasured
[metrics] jsonpath_ng_1_5_2: no measurement after 3 failed attempts; leaving this input unmeasured
[metrics] jsonpath_ng_1_5_3: no measurement after 3 failed attempts; leaving this input unmeasured
[metrics] jsonpath_ng_1_6_0: no measurement after 3 failed attempts; leaving this input unmeasured
[metrics] jsonpath_ng_1_6_1: no measurement after 3 failed attempts; leaving this input unmeasured
[metrics] jsonpath_ng_1_7_0: no measurement after 3 failed attempts; leaving this input unmeasured
[metrics] jsonpath_ng_1_8_0: no measurement after 3 failed attempts; leaving this input unmeasured
[metrics] jsonpath_ng_1_5_2: no measurement after 3 failed attempts; leaving this input unmeasured
[metrics] jsonpath_ng_1_5_3: no measurement after 3 failed attempts; leaving this input unmeasured
[metrics] jsonpath_ng_1_6_0: no measurement after 3 failed attempts; leaving this input unmeasured
[metrics] jsonpath_ng_1_6_1: no measurement after 3 failed attempts; leaving this input unmeasured
[metrics] jsonpath_ng_1_7_0: no measurement after 3 failed attempts; leaving this input unmeasured
[metrics] jsonpath_ng_1_8_0: no measurement after 3 failed attempts; leaving this input unmeasured
[metrics] jsonpath_ng_1_5_2: no measurement after 3 failed attempts; leaving this input unmeasured
[metrics] jsonpath_ng_1_5_3: no measurement after 3 failed attempts; leaving this input unmeasured
[metrics] jsonpath_ng_1_6_0: no measurement after 3 failed attempts; leaving this input unmeasured
[metrics] jsonpath_ng_1_6_1: no measurement after 3 failed attempts; leaving this input unmeasured
[metrics] jsonpath_ng_1_7_0: no measurement after 3 failed attempts; leaving this input unmeasured
[metrics] jsonpath_ng_1_8_0: no measurement after 3 failed attempts; leaving this input unmeasured
[metrics] jsonpath_ng_1_5_2: no measurement after 3 failed attempts; leaving this input unmeasured
[metrics] jsonpath_ng_1_5_3: no measurement after 3 failed attempts; leaving this input unmeasured
[metrics] jsonpath_ng_1_6_0: no measurement after 3 failed attempts; leaving this input unmeasured
[metrics] jsonpath_ng_1_6_1: no measurement after 3 failed attempts; leaving this input unmeasured
[metrics] jsonpath_ng_1_7_0: no measurement after 3 failed attempts; leaving this input unmeasured
[metrics] jsonpath_ng_1_8_0: no measurement after 3 failed attempts; leaving this input unmeasured
[metrics] jsonpath_ng_1_5_2: no measurement after 3 failed attempts; leaving this input unmeasured
[metrics] jsonpath_ng_1_5_3: no measurement after 3 failed attempts; leaving this input unmeasured
[metrics] jsonpath_ng_1_6_0: no measurement after 3 failed attempts; leaving this input unmeasured
[metrics] jsonpath_ng_1_6_1: no measurement after 3 failed attempts; leaving this input unmeasured
[metrics] jsonpath_ng_1_7_0: no measurement after 3 failed attempts; leaving this input unmeasured
[metrics] jsonpath_ng_1_8_0: no measurement after 3 failed attempts; leaving this input unmeasured
[metrics] jsonpath_ng_1_5_2: no measurement after 3 failed attempts; leaving this input unmeasured
[metrics] jsonpath_ng_1_5_3: no measurement after 3 failed attempts; leaving this input unmeasured
[metrics] jsonpath_ng_1_6_0: no measurement after 3 failed attempts; leaving this input unmeasured
[metrics] jsonpath_ng_1_6_1: no measurement after 3 failed attempts; leaving this input unmeasured
[metrics] jsonpath_ng_1_7_0: no measurement after 3 failed attempts; leaving this input unmeasured
[metrics] jsonpath_ng_1_8_0: no measurement after 3 failed attempts; leaving this input unmeasured
[metrics] jsonpath_ng_1_5_2: no measurement after 3 failed attempts; leaving this input unmeasured
[metrics] jsonpath_ng_1_5_3: no measurement after 3 failed attempts; leaving this input unmeasured
[metrics] jsonpath_ng_1_6_0: no measurement after 3 failed attempts; leaving this input unmeasured
[metrics] jsonpath_ng_1_6_1: no measurement after 3 failed attempts; leaving this input unmeasured
[metrics] jsonpath_ng_1_7_0: no measurement after 3 failed attempts; leaving this input unmeasured
[metrics] jsonpath_ng_1_8_0: no measurement after 3 failed attempts; leaving this input unmeasured
[metrics] jsonpath_ng_1_5_2: no measurement after 3 failed attempts; leaving this input unmeasured
[metrics] jsonpath_ng_1_5_3: no measurement after 3 failed attempts; leaving this input unmeasured
[metrics] jsonpath_ng_1_6_0: no measurement after 3 failed attempts; leaving this input unmeasured
[metrics] jsonpath_ng_1_6_1: no measurement after 3 failed attempts; leaving this input unmeasured
[metrics] jsonpath_ng_1_7_0: no measurement after 3 failed attempts; leaving this input unmeasured
[metrics] jsonpath_ng_1_8_0: no measurement after 3 failed attempts; leaving this input unmeasured
[metrics] jsonpath_ng_1_5_2: no measurement after 3 failed attempts; leaving this input unmeasured
[metrics] jsonpath_ng_1_5_3: no measurement after 3 failed attempts; leaving this input unmeasured
[metrics] jsonpath_ng_1_6_0: no measurement after 3 failed attempts; leaving this input unmeasured
[metrics] jsonpath_ng_1_6_1: no measurement after 3 failed attempts; leaving this input unmeasured
[metrics] jsonpath_ng_1_7_0: no measurement after 3 failed attempts; leaving this input unmeasured
[metrics] jsonpath_ng_1_8_0: no measurement after 3 failed attempts; leaving this input unmeasured
[metrics] jsonpath_ng_1_5_2: no measurement after 3 failed attempts; leaving this input unmeasured
[metrics] jsonpath_ng_1_5_3: no measurement after 3 failed attempts; leaving this input unmeasured
[metrics] jsonpath_ng_1_6_0: no measurement after 3 failed attempts; leaving this input unmeasured
[metrics] jsonpath_ng_1_6_1: no measurement after 3 failed attempts; leaving this input unmeasured
[metrics] jsonpath_ng_1_7_0: no measurement after 3 failed attempts; leaving this input unmeasured
[metrics] jsonpath_ng_1_8_0: no measurement after 3 failed attempts; leaving this input unmeasured
[metrics] jsonpath_ng_1_5_2: no measurement after 3 failed attempts; leaving this input unmeasured
[metrics] jsonpath_ng_1_5_3: no measurement after 3 failed attempts; leaving this input unmeasured
[metrics] jsonpath_ng_1_6_0: no measurement after 3 failed attempts; leaving this input unmeasured
[metrics] jsonpath_ng_1_6_1: no measurement after 3 failed attempts; leaving this input unmeasured
[metrics] jsonpath_ng_1_7_0: no measurement after 3 failed attempts; leaving this input unmeasured
[metrics] jsonpath_ng_1_8_0: no measurement after 3 failed attempts; leaving this input unmeasured
[metrics] jsonpath_ng_1_5_2: no measurement after 3 failed attempts; leaving this input unmeasured
[metrics] jsonpath_ng_1_5_3: no measurement after 3 failed attempts; leaving this input unmeasured
[metrics] jsonpath_ng_1_6_0: no measurement after 3 failed attempts; leaving this input unmeasured
[metrics] jsonpath_ng_1_6_1: no measurement after 3 failed attempts; leaving this input unmeasured
[metrics] jsonpath_ng_1_7_0: no measurement after 3 failed attempts; leaving this input unmeasured
[metrics] jsonpath_ng_1_8_0: no measurement after 3 failed attempts; leaving this input unmeasured
[metrics] jsonpath_ng_1_5_2: no measurement after 3 failed attempts; leaving this input unmeasured
[metrics] jsonpath_ng_1_5_3: no measurement after 3 failed attempts; leaving this input unmeasured
[metrics] jsonpath_ng_1_6_0: no measurement after 3 failed attempts; leaving this input unmeasured
[metrics] jsonpath_ng_1_6_1: no measurement after 3 failed attempts; leaving this input unmeasured
[metrics] jsonpath_ng_1_7_0: no measurement after 3 failed attempts; leaving this input unmeasured
[metrics] jsonpath_ng_1_8_0: no measurement after 3 failed attempts; leaving this input unmeasured
[metrics] jsonpath_ng_1_5_2: no measurement after 3 failed attempts; leaving this input unmeasured
[metrics] jsonpath_ng_1_5_3: no measurement after 3 failed attempts; leaving this input unmeasured
[metrics] jsonpath_ng_1_6_0: no measurement after 3 failed attempts; leaving this input unmeasured
[metrics] jsonpath_ng_1_6_1: no measurement after 3 failed attempts; leaving this input unmeasured
[metrics] jsonpath_ng_1_7_0: no measurement after 3 failed attempts; leaving this input unmeasured
[metrics] jsonpath_ng_1_8_0: no measurement after 3 failed attempts; leaving this input unmeasured
[metrics] jsonpath_ng_1_5_2: no measurement after 3 failed attempts; leaving this input unmeasured
[metrics] jsonpath_ng_1_5_3: no measurement after 3 failed attempts; leaving this input unmeasured
[metrics] jsonpath_ng_1_6_0: no measurement after 3 failed attempts; leaving this input unmeasured
[metrics] jsonpath_ng_1_6_1: no measurement after 3 failed attempts; leaving this input unmeasured
[metrics] jsonpath_ng_1_7_0: no measurement after 3 failed attempts; leaving this input unmeasured
[metrics] jsonpath_ng_1_8_0: no measurement after 3 failed attempts; leaving this input unmeasured
[metrics] jsonpath_ng_1_5_2: no measurement after 3 failed attempts; leaving this input unmeasured
[metrics] jsonpath_ng_1_5_3: no measurement after 3 failed attempts; leaving this input unmeasured
[metrics] jsonpath_ng_1_6_0: no measurement after 3 failed attempts; leaving this input unmeasured
[metrics] jsonpath_ng_1_6_1: no measurement after 3 failed attempts; leaving this input unmeasured
[metrics] jsonpath_ng_1_7_0: no measurement after 3 failed attempts; leaving this input unmeasured
[metrics] jsonpath_ng_1_8_0: no measurement after 3 failed attempts; leaving this input unmeasured
[metrics] jsonpath_ng_1_5_2: no measurement after 3 failed attempts; leaving this input unmeasured
[metrics] jsonpath_ng_1_5_3: no measurement after 3 failed attempts; leaving this input unmeasured
[metrics] jsonpath_ng_1_6_0: no measurement after 3 failed attempts; leaving this input unmeasured
[metrics] jsonpath_ng_1_6_1: no measurement after 3 failed attempts; leaving this input unmeasured
[metrics] jsonpath_ng_1_7_0: no measurement after 3 failed attempts; leaving this input unmeasured
[metrics] jsonpath_ng_1_8_0: no measurement after 3 failed attempts; leaving this input unmeasured
[metrics] jsonpath_ng_1_5_2: no measurement after 3 failed attempts; leaving this input unmeasured
[metrics] jsonpath_ng_1_5_3: no measurement after 3 failed attempts; leaving this input unmeasured
[metrics] jsonpath_ng_1_6_0: no measurement after 3 failed attempts; leaving this input unmeasured
[metrics] jsonpath_ng_1_6_1: no measurement after 3 failed attempts; leaving this input unmeasured
[metrics] jsonpath_ng_1_7_0: no measurement after 3 failed attempts; leaving this input unmeasured
[metrics] jsonpath_ng_1_8_0: no measurement after 3 failed attempts; leaving this input unmeasured
[metrics] jsonpath_ng_1_5_2: no measurement after 3 failed attempts; leaving this input unmeasured
[metrics] jsonpath_ng_1_5_3: no measurement after 3 failed attempts; leaving this input unmeasured
[metrics] jsonpath_ng_1_6_0: no measurement after 3 failed attempts; leaving this input unmeasured
[metrics] jsonpath_ng_1_6_1: no measurement after 3 failed attempts; leaving this input unmeasured
[metrics] jsonpath_ng_1_7_0: no measurement after 3 failed attempts; leaving this input unmeasured
[metrics] jsonpath_ng_1_8_0: no measurement after 3 failed attempts; leaving this input unmeasured
[metrics] jsonpath_ng_1_5_2: no measurement after 3 failed attempts; leaving this input unmeasured
[metrics] jsonpath_ng_1_5_3: no measurement after 3 failed attempts; leaving this input unmeasured
[metrics] jsonpath_ng_1_6_0: no measurement after 3 failed attempts; leaving this input unmeasured
[metrics] jsonpath_ng_1_6_1: no measurement after 3 failed attempts; leaving this input unmeasured
[metrics] jsonpath_ng_1_7_0: no measurement after 3 failed attempts; leaving this input unmeasured
[metrics] jsonpath_ng_1_8_0: no measurement after 3 failed attempts; leaving this input unmeasured
[metrics] jsonpath_ng_1_5_2: no measurement after 3 failed attempts; leaving this input unmeasured
[metrics] jsonpath_ng_1_5_3: no measurement after 3 failed attempts; leaving this input unmeasured
[metrics] jsonpath_ng_1_6_0: no measurement after 3 failed attempts; leaving this input unmeasured
[metrics] jsonpath_ng_1_6_1: no measurement after 3 failed attempts; leaving this input unmeasured
[metrics] jsonpath_ng_1_7_0: no measurement after 3 failed attempts; leaving this input unmeasured
[metrics] jsonpath_ng_1_8_0: no measurement after 3 failed attempts; leaving this input unmeasured
[metrics] jsonpath_ng_1_5_2: no measurement after 3 failed attempts; leaving this input unmeasured
[metrics] jsonpath_ng_1_5_3: no measurement after 3 failed attempts; leaving this input unmeasured
[metrics] jsonpath_ng_1_6_0: no measurement after 3 failed attempts; leaving this input unmeasured
[metrics] jsonpath_ng_1_6_1: no measurement after 3 failed attempts; leaving this input unmeasured
[metrics] jsonpath_ng_1_7_0: no measurement after 3 failed attempts; leaving this input unmeasured
[metrics] jsonpath_ng_1_8_0: no measurement after 3 failed attempts; leaving this input unmeasured
[metrics] jsonpath_ng_1_5_2: no measurement after 3 failed attempts; leaving this input unmeasured
[metrics] jsonpath_ng_1_5_3: no measurement after 3 failed attempts; leaving this input unmeasured
[metrics] jsonpath_ng_1_6_0: no measurement after 3 failed attempts; leaving this input unmeasured
[metrics] jsonpath_ng_1_6_1: no measurement after 3 failed attempts; leaving this input unmeasured
[metrics] jsonpath_ng_1_7_0: no measurement after 3 failed attempts; leaving this input unmeasured
[metrics] jsonpath_ng_1_8_0: no measurement after 3 failed attempts; leaving this input unmeasured
[metrics] jsonpath_ng_1_5_2: no measurement after 3 failed attempts; leaving this input unmeasured
[metrics] jsonpath_ng_1_5_3: no measurement after 3 failed attempts; leaving this input unmeasured
[metrics] jsonpath_ng_1_6_0: no measurement after 3 failed attempts; leaving this input unmeasured
[metrics] jsonpath_ng_1_6_1: no measurement after 3 failed attempts; leaving this input unmeasured
[metrics] jsonpath_ng_1_7_0: no measurement after 3 failed attempts; leaving this input unmeasured
[metrics] jsonpath_ng_1_8_0: no measurement after 3 failed attempts; leaving this input unmeasured
[metrics] jsonpath_ng_1_5_2: no measurement after 3 failed attempts; leaving this input unmeasured
[metrics] jsonpath_ng_1_5_3: no measurement after 3 failed attempts; leaving this input unmeasured
[metrics] jsonpath_ng_1_6_0: no measurement after 3 failed attempts; leaving this input unmeasured
[metrics] jsonpath_ng_1_6_1: no measurement after 3 failed attempts; leaving this input unmeasured
[metrics] jsonpath_ng_1_7_0: no measurement after 3 failed attempts; leaving this input unmeasured
[metrics] jsonpath_ng_1_8_0: no measurement after 3 failed attempts; leaving this input unmeasured
[metrics] jsonpath_ng_1_5_2: no measurement after 3 failed attempts; leaving this input unmeasured
[metrics] jsonpath_ng_1_5_3: no measurement after 3 failed attempts; leaving this input unmeasured
[metrics] jsonpath_ng_1_6_0: no measurement after 3 failed attempts; leaving this input unmeasured
[metrics] jsonpath_ng_1_6_1: no measurement after 3 failed attempts; leaving this input unmeasured
[metrics] jsonpath_ng_1_7_0: no measurement after 3 failed attempts; leaving this input unmeasured
[metrics] jsonpath_ng_1_8_0: no measurement after 3 failed attempts; leaving this input unmeasured
[metrics] jsonpath_ng_1_5_2: no measurement after 3 failed attempts; leaving this input unmeasured
[metrics] jsonpath_ng_1_5_3: no measurement after 3 failed attempts; leaving this input unmeasured
[metrics] jsonpath_ng_1_6_0: no measurement after 3 failed attempts; leaving this input unmeasured
[metrics] jsonpath_ng_1_6_1: no measurement after 3 failed attempts; leaving this input unmeasured
[metrics] jsonpath_ng_1_7_0: no measurement after 3 failed attempts; leaving this input unmeasured
[metrics] jsonpath_ng_1_8_0: no measurement after 3 failed attempts; leaving this input unmeasured
[metrics] jsonpath_ng_1_5_2: no measurement after 3 failed attempts; leaving this input unmeasured
[metrics] jsonpath_ng_1_5_3: no measurement after 3 failed attempts; leaving this input unmeasured
[metrics] jsonpath_ng_1_6_0: no measurement after 3 failed attempts; leaving this input unmeasured
[metrics] jsonpath_ng_1_6_1: no measurement after 3 failed attempts; leaving this input unmeasured
[metrics] jsonpath_ng_1_7_0: no measurement after 3 failed attempts; leaving this input unmeasured
[metrics] jsonpath_ng_1_8_0: no measurement after 3 failed attempts; leaving this input unmeasured
[metrics] jsonpath_ng_1_5_2: no measurement after 3 failed attempts; leaving this input unmeasured
[metrics] jsonpath_ng_1_5_3: no measurement after 3 failed attempts; leaving this input unmeasured
[metrics] jsonpath_ng_1_6_0: no measurement after 3 failed attempts; leaving this input unmeasured
[metrics] jsonpath_ng_1_6_1: no measurement after 3 failed attempts; leaving this input unmeasured
[metrics] jsonpath_ng_1_7_0: no measurement after 3 failed attempts; leaving this input unmeasured
[metrics] jsonpath_ng_1_8_0: no measurement after 3 failed attempts; leaving this input unmeasured
[metrics] jsonpath_ng_1_5_2: no measurement after 3 failed attempts; leaving this input unmeasured
[metrics] jsonpath_ng_1_5_3: no measurement after 3 failed attempts; leaving this input unmeasured
[metrics] jsonpath_ng_1_6_0: no measurement after 3 failed attempts; leaving this input unmeasured
[metrics] jsonpath_ng_1_6_1: no measurement after 3 failed attempts; leaving this input unmeasured
[metrics] jsonpath_ng_1_7_0: no measurement after 3 failed attempts; leaving this input unmeasured
[metrics] jsonpath_ng_1_8_0: no measurement after 3 failed attempts; leaving this input unmeasured
[metrics] jsonpath_ng_1_5_2: no measurement after 3 failed attempts; leaving this input unmeasured
[metrics] jsonpath_ng_1_5_3: no measurement after 3 failed attempts; leaving this input unmeasured
[metrics] jsonpath_ng_1_6_0: no measurement after 3 failed attempts; leaving this input unmeasured
[metrics] jsonpath_ng_1_6_1: no measurement after 3 failed attempts; leaving this input unmeasured
[metrics] jsonpath_ng_1_7_0: no measurement after 3 failed attempts; leaving this input unmeasured
[metrics] jsonpath_ng_1_8_0: no measurement after 3 failed attempts; leaving this input unmeasured
[metrics] jsonpath_ng_1_5_2: no measurement after 3 failed attempts; leaving this input unmeasured
[metrics] jsonpath_ng_1_5_3: no measurement after 3 failed attempts; leaving this input unmeasured
[metrics] jsonpath_ng_1_6_0: no measurement after 3 failed attempts; leaving this input unmeasured
[metrics] jsonpath_ng_1_6_1: no measurement after 3 failed attempts; leaving this input unmeasured
[metrics] jsonpath_ng_1_7_0: no measurement after 3 failed attempts; leaving this input unmeasured
[metrics] jsonpath_ng_1_8_0: no measurement after 3 failed attempts; leaving this input unmeasured
[metrics] jsonpath_ng_1_5_2: no measurement after 3 failed attempts; leaving this input unmeasured
[metrics] jsonpath_ng_1_5_3: no measurement after 3 failed attempts; leaving this input unmeasured
[metrics] jsonpath_ng_1_6_0: no measurement after 3 failed attempts; leaving this input unmeasured
[metrics] jsonpath_ng_1_6_1: no measurement after 3 failed attempts; leaving this input unmeasured
[metrics] jsonpath_ng_1_7_0: no measurement after 3 failed attempts; leaving this input unmeasured
[metrics] jsonpath_ng_1_8_0: no measurement after 3 failed attempts; leaving this input unmeasured
[metrics] jsonpath_ng_1_5_2: no measurement after 3 failed attempts; leaving this input unmeasured
[metrics] jsonpath_ng_1_5_3: no measurement after 3 failed attempts; leaving this input unmeasured
[metrics] jsonpath_ng_1_6_0: no measurement after 3 failed attempts; leaving this input unmeasured
[metrics] jsonpath_ng_1_6_1: no measurement after 3 failed attempts; leaving this input unmeasured
[metrics] jsonpath_ng_1_7_0: no measurement after 3 failed attempts; leaving this input unmeasured
[metrics] jsonpath_ng_1_8_0: no measurement after 3 failed attempts; leaving this input unmeasured
[metrics] jsonpath_ng_1_5_2: no measurement after 3 failed attempts; leaving this input unmeasured
[metrics] jsonpath_ng_1_5_3: no measurement after 3 failed attempts; leaving this input unmeasured
[metrics] jsonpath_ng_1_6_0: no measurement after 3 failed attempts; leaving this input unmeasured
[metrics] jsonpath_ng_1_6_1: no measurement after 3 failed attempts; leaving this input unmeasured
[metrics] jsonpath_ng_1_7_0: no measurement after 3 failed attempts; leaving this input unmeasured
[metrics] jsonpath_ng_1_8_0: no measurement after 3 failed attempts; leaving this input unmeasured
[metrics] jsonpath_ng_1_5_2: no measurement after 3 failed attempts; leaving this input unmeasured
[metrics] jsonpath_ng_1_5_3: no measurement after 3 failed attempts; leaving this input unmeasured
[metrics] jsonpath_ng_1_6_0: no measurement after 3 failed attempts; leaving this input unmeasured
[metrics] jsonpath_ng_1_6_1: no measurement after 3 failed attempts; leaving this input unmeasured
[metrics] jsonpath_ng_1_7_0: no measurement after 3 failed attempts; leaving this input unmeasured
[metrics] jsonpath_ng_1_8_0: no measurement after 3 failed attempts; leaving this input unmeasured
[metrics] jsonpath_ng_1_5_2: no measurement after 3 failed attempts; leaving this input unmeasured
[metrics] jsonpath_ng_1_5_3: no measurement after 3 failed attempts; leaving this input unmeasured
[metrics] jsonpath_ng_1_6_0: no measurement after 3 failed attempts; leaving this input unmeasured
[metrics] jsonpath_ng_1_6_1: no measurement after 3 failed attempts; leaving this input unmeasured
[metrics] jsonpath_ng_1_7_0: no measurement after 3 failed attempts; leaving this input unmeasured
[metrics] jsonpath_ng_1_8_0: no measurement after 3 failed attempts; leaving this input unmeasured
[metrics] jsonpath_ng_1_5_2: no measurement after 3 failed attempts; leaving this input unmeasured
[metrics] jsonpath_ng_1_5_3: no measurement after 3 failed attempts; leaving this input unmeasured
[metrics] jsonpath_ng_1_6_0: no measurement after 3 failed attempts; leaving this input unmeasured
[metrics] jsonpath_ng_1_6_1: no measurement after 3 failed attempts; leaving this input unmeasured
[metrics] jsonpath_ng_1_7_0: no measurement after 3 failed attempts; leaving this input unmeasured
[metrics] jsonpath_ng_1_8_0: no measurement after 3 failed attempts; leaving this input unmeasured
[metrics] jsonpath_ng_1_5_2: no measurement after 3 failed attempts; leaving this input unmeasured
[metrics] jsonpath_ng_1_5_3: no measurement after 3 failed attempts; leaving this input unmeasured
[metrics] jsonpath_ng_1_6_0: no measurement after 3 failed attempts; leaving this input unmeasured
[metrics] jsonpath_ng_1_6_1: no measurement after 3 failed attempts; leaving this input unmeasured
[metrics] jsonpath_ng_1_7_0: no measurement after 3 failed attempts; leaving this input unmeasured
[metrics] jsonpath_ng_1_8_0: no measurement after 3 failed attempts; leaving this input unmeasured
[metrics] jsonpath_ng_1_5_2: no measurement after 3 failed attempts; leaving this input unmeasured
[metrics] jsonpath_ng_1_5_3: no measurement after 3 failed attempts; leaving this input unmeasured
[metrics] jsonpath_ng_1_6_0: no measurement after 3 failed attempts; leaving this input unmeasured
[metrics] jsonpath_ng_1_6_1: no measurement after 3 failed attempts; leaving this input unmeasured
[metrics] jsonpath_ng_1_7_0: no measurement after 3 failed attempts; leaving this input unmeasured
[metrics] jsonpath_ng_1_8_0: no measurement after 3 failed attempts; leaving this input unmeasured
[metrics] jsonpath_ng_1_5_2: no measurement after 3 failed attempts; leaving this input unmeasured
[metrics] jsonpath_ng_1_5_3: no measurement after 3 failed attempts; leaving this input unmeasured
[metrics] jsonpath_ng_1_6_0: no measurement after 3 failed attempts; leaving this input unmeasured
[metrics] jsonpath_ng_1_6_1: no measurement after 3 failed attempts; leaving this input unmeasured
[metrics] jsonpath_ng_1_7_0: no measurement after 3 failed attempts; leaving this input unmeasured
[metrics] jsonpath_ng_1_8_0: no measurement after 3 failed attempts; leaving this input unmeasured
[metrics] jsonpath_ng_1_5_2: no measurement after 3 failed attempts; leaving this input unmeasured
[metrics] jsonpath_ng_1_5_3: no measurement after 3 failed attempts; leaving this input unmeasured
[metrics] jsonpath_ng_1_6_0: no measurement after 3 failed attempts; leaving this input unmeasured
[metrics] jsonpath_ng_1_6_1: no measurement after 3 failed attempts; leaving this input unmeasured
[metrics] jsonpath_ng_1_7_0: no measurement after 3 failed attempts; leaving this input unmeasured
[metrics] jsonpath_ng_1_8_0: no measurement after 3 failed attempts; leaving this input unmeasured
[metrics] jsonpath_ng_1_5_2: no measurement after 3 failed attempts; leaving this input unmeasured
[metrics] jsonpath_ng_1_5_3: no measurement after 3 failed attempts; leaving this input unmeasured
[metrics] jsonpath_ng_1_6_0: no measurement after 3 failed attempts; leaving this input unmeasured
[metrics] jsonpath_ng_1_6_1: no measurement after 3 failed attempts; leaving this input unmeasured
[metrics] jsonpath_ng_1_7_0: no measurement after 3 failed attempts; leaving this input unmeasured
[metrics] jsonpath_ng_1_8_0: no measurement after 3 failed attempts; leaving this input unmeasured
[metrics] jsonpath_ng_1_5_2: no measurement after 3 failed attempts; leaving this input unmeasured
[metrics] jsonpath_ng_1_5_3: no measurement after 3 failed attempts; leaving this input unmeasured
[metrics] jsonpath_ng_1_6_0: no measurement after 3 failed attempts; leaving this input unmeasured
[metrics] jsonpath_ng_1_6_1: no measurement after 3 failed attempts; leaving this input unmeasured
[metrics] jsonpath_ng_1_7_0: no measurement after 3 failed attempts; leaving this input unmeasured
[metrics] jsonpath_ng_1_8_0: no measurement after 3 failed attempts; leaving this input unmeasured
[metrics] jsonpath_ng_1_5_2: no measurement after 3 failed attempts; leaving this input unmeasured
[metrics] jsonpath_ng_1_5_3: no measurement after 3 failed attempts; leaving this input unmeasured
[metrics] jsonpath_ng_1_6_0: no measurement after 3 failed attempts; leaving this input unmeasured
[metrics] jsonpath_ng_1_6_1: no measurement after 3 failed attempts; leaving this input unmeasured
[metrics] jsonpath_ng_1_7_0: no measurement after 3 failed attempts; leaving this input unmeasured
[metrics] jsonpath_ng_1_8_0: no measurement after 3 failed attempts; leaving this input unmeasured
[metrics] jsonpath_ng_1_5_2: no measurement after 3 failed attempts; leaving this input unmeasured
[metrics] jsonpath_ng_1_5_3: no measurement after 3 failed attempts; leaving this input unmeasured
[metrics] jsonpath_ng_1_6_0: no measurement after 3 failed attempts; leaving this input unmeasured
[metrics] jsonpath_ng_1_6_1: no measurement after 3 failed attempts; leaving this input unmeasured
[metrics] jsonpath_ng_1_7_0: no measurement after 3 failed attempts; leaving this input unmeasured
[metrics] jsonpath_ng_1_8_0: no measurement after 3 failed attempts; leaving this input unmeasured
[metrics] jsonpath_ng_1_5_2: no measurement after 3 failed attempts; leaving this input unmeasured
[metrics] jsonpath_ng_1_5_3: no measurement after 3 failed attempts; leaving this input unmeasured
[metrics] jsonpath_ng_1_6_0: no measurement after 3 failed attempts; leaving this input unmeasured
[metrics] jsonpath_ng_1_6_1: no measurement after 3 failed attempts; leaving this input unmeasured
[metrics] jsonpath_ng_1_7_0: no measurement after 3 failed attempts; leaving this input unmeasured
[metrics] jsonpath_ng_1_8_0: no measurement after 3 failed attempts; leaving this input unmeasured
[metrics] jsonpath_ng_1_5_2: no measurement after 3 failed attempts; leaving this input unmeasured
[metrics] jsonpath_ng_1_5_3: no measurement after 3 failed attempts; leaving this input unmeasured
[metrics] jsonpath_ng_1_6_0: no measurement after 3 failed attempts; leaving this input unmeasured
[metrics] jsonpath_ng_1_6_1: no measurement after 3 failed attempts; leaving this input unmeasured
[metrics] jsonpath_ng_1_7_0: no measurement after 3 failed attempts; leaving this input unmeasured
[metrics] jsonpath_ng_1_8_0: no measurement after 3 failed attempts; leaving this input unmeasured
[metrics] jsonpath_ng_1_5_2: no measurement after 3 failed attempts; leaving this input unmeasured
[metrics] jsonpath_ng_1_5_3: no measurement after 3 failed attempts; leaving this input unmeasured
[metrics] jsonpath_ng_1_6_0: no measurement after 3 failed attempts; leaving this input unmeasured
[metrics] jsonpath_ng_1_6_1: no measurement after 3 failed attempts; leaving this input unmeasured
[metrics] jsonpath_ng_1_7_0: no measurement after 3 failed attempts; leaving this input unmeasured
[metrics] jsonpath_ng_1_8_0: no measurement after 3 failed attempts; leaving this input unmeasured
[metrics] jsonpath_ng_1_5_2: no measurement after 3 failed attempts; leaving this input unmeasured
[metrics] jsonpath_ng_1_5_3: no measurement after 3 failed attempts; leaving this input unmeasured
[metrics] jsonpath_ng_1_6_0: no measurement after 3 failed attempts; leaving this input unmeasured
[metrics] jsonpath_ng_1_6_1: no measurement after 3 failed attempts; leaving this input unmeasured
[metrics] jsonpath_ng_1_7_0: no measurement after 3 failed attempts; leaving this input unmeasured
[metrics] jsonpath_ng_1_8_0: no measurement after 3 failed attempts; leaving this input unmeasured
[metrics] jsonpath_ng_1_5_2: no measurement after 3 failed attempts; leaving this input unmeasured
[metrics] jsonpath_ng_1_5_3: no measurement after 3 failed attempts; leaving this input unmeasured
[metrics] jsonpath_ng_1_6_0: no measurement after 3 failed attempts; leaving this input unmeasured
[metrics] jsonpath_ng_1_6_1: no measurement after 3 failed attempts; leaving this input unmeasured
[metrics] jsonpath_ng_1_7_0: no measurement after 3 failed attempts; leaving this input unmeasured
[metrics] jsonpath_ng_1_8_0: no measurement after 3 failed attempts; leaving this input unmeasured
[jsonpath_ng_latest] iter 0 (explore): corpus=1710 (+1710 new this run)
[select] relevance (max |rho| vs any metric on any system): count_s_segment=0.70, count_descendant_segment=0.64, count_D=0.36, query_len=0.62, count_HEXDIG=0.35, count_wildcard_selector=0.58, count_hexchar=0.35, count_child_segment=0.52, count_high_surrogate=0.35, count_bracketed_selection=0.48, count_low_surrogate=0.35, count_selector=0.47, count_doc_escape=0.22, count_name_first=0.46, count_name_char=0.44, count_nonempty_array=0.19, count_member_name_shorthand=0.41, count_ws=0.19, count_int=0.41, doc_bytes=0.23, count_index_selector=0.31, count_value=0.21, count_name_selector=0.35, count_doc_special=0.24, count_non_surrogate=0.29, count_doc_mixed=0.24, count_B=0.32, count_more_value=0.15, count_escapable=0.32, count_doc_char=0.27, count_slice_selector=0.32, count_oct_digit=0.25, count_nonempty_object=0.18, count_non_d_hex=0.31, count_doc_name_char=0.29, count_more_selector=0.30, count_doc_name_mixed=0.28, count_member=0.16, count_doc_name_special=0.28, count_doc_string=0.19, count_object=0.17, count_name_dq_chars=0.27, count_more_member=0.18, count_name_dq_mixed=0.27, count_name_dq_special=0.27, count_name_dq_char=0.26, count_DIGIT1=0.24, doc_depth=0.11, count_array=0.14, count_pos_int=0.23, count_DIGIT=0.23, count_frac=0.21, count_name_sq_chars=0.20, count_letter=0.19, count_doc_number=0.14, count_name_sq_mixed=0.18, count_name_sq_special=0.17, count_name_sq_char=0.17, count_sign_opt=0.09, count_doc_exp=0.09, count_filter_selector=0.00, count_logical_expr=0.00, count_logical_and_expr=0.00, count_basic_expr=0.00, count_test_expr=0.00, count_logical_function_expr=0.00, count_search_expr=0.00, count_S=0.00, count_value_argument=0.00, count_singular_query=0.00, count_abs_singular_query=0.00, count_s_singular_segment=0.00, count_index_segment=0.00, count_name_segment=0.00, count_rel_singular_query=0.00, count_value_function_expr=0.00, count_count_expr=0.00, count_filter_query=0.00, count_rel_query=0.00, count_abs_query=0.00, count_length_expr=0.00, count_value_expr=0.00, count_literal=0.00, count_number=0.00, count_exp=0.00, count_string_literal=0.00, count_sq_chars=0.00, count_sq_mixed=0.00, count_dq_chars=0.00, count_dq_mixed=0.00, count_sq_special=0.00, count_sq_char=0.00, count_dq_special=0.00, count_dq_char=0.00, count_regex_argument=0.00, count_iregexp_literal=0.00, count_ire_regexp=0.00, count_ire_branch=0.00, count_ire_piece=0.00, count_ire_quantifier=0.00, count_ire_range_quantifier=0.00, count_ire_char_class=0.00, count_ire_char_class_expr=0.00, count_ire_cce1=0.00, count_ire_alt=0.00, count_match_expr=0.00, count_and_tail=0.00, count_or_tail=0.00, count_paren_expr=0.00, count_comparison_expr=0.00, count_logical_not_op=0.00, count_comparable=0.00, count_ire_normal_char=0.00
[select] comparative relevance (max |rho| vs a between-system ratio): count_s_segment=0.24, count_descendant_segment=0.49, count_D=0.40, query_len=0.27, count_HEXDIG=0.38, count_wildcard_selector=0.37, count_hexchar=0.38, count_child_segment=0.25, count_high_surrogate=0.38, count_bracketed_selection=0.24, count_low_surrogate=0.38, count_selector=0.26, count_doc_escape=0.38, count_name_first=0.26, count_name_char=0.26, count_nonempty_array=0.36, count_member_name_shorthand=0.22, count_ws=0.36, count_int=0.35, doc_bytes=0.35, count_index_selector=0.35, count_value=0.34, count_name_selector=0.21, count_doc_special=0.33, count_non_surrogate=0.33, count_doc_mixed=0.32, count_B=0.24, count_more_value=0.32, count_escapable=0.24, count_doc_char=0.32, count_slice_selector=0.21, count_oct_digit=0.31, count_nonempty_object=0.31, count_non_d_hex=0.28, count_doc_name_char=0.30, count_more_selector=0.26, count_doc_name_mixed=0.30, count_member=0.29, count_doc_name_special=0.29, count_doc_string=0.27, count_object=0.27, count_name_dq_chars=0.18, count_more_member=0.27, count_name_dq_mixed=0.18, count_name_dq_special=0.18, count_name_dq_char=0.18, count_DIGIT1=0.19, doc_depth=0.26, count_array=0.25, count_pos_int=0.23, count_DIGIT=0.16, count_frac=0.16, count_name_sq_chars=0.13, count_letter=0.22, count_doc_number=0.20, count_name_sq_mixed=0.12, count_name_sq_special=0.13, count_name_sq_char=0.13, count_sign_opt=0.12, count_doc_exp=0.12, count_filter_selector=0.00, count_logical_expr=0.00, count_logical_and_expr=0.00, count_basic_expr=0.00, count_test_expr=0.00, count_logical_function_expr=0.00, count_search_expr=0.00, count_S=0.00, count_value_argument=0.00, count_singular_query=0.00, count_abs_singular_query=0.00, count_s_singular_segment=0.00, count_index_segment=0.00, count_name_segment=0.00, count_rel_singular_query=0.00, count_value_function_expr=0.00, count_count_expr=0.00, count_filter_query=0.00, count_rel_query=0.00, count_abs_query=0.00, count_length_expr=0.00, count_value_expr=0.00, count_literal=0.00, count_number=0.00, count_exp=0.00, count_string_literal=0.00, count_sq_chars=0.00, count_sq_mixed=0.00, count_dq_chars=0.00, count_dq_mixed=0.00, count_sq_special=0.00, count_sq_char=0.00, count_dq_special=0.00, count_dq_char=0.00, count_regex_argument=0.00, count_iregexp_literal=0.00, count_ire_regexp=0.00, count_ire_branch=0.00, count_ire_piece=0.00, count_ire_quantifier=0.00, count_ire_range_quantifier=0.00, count_ire_char_class=0.00, count_ire_char_class_expr=0.00, count_ire_cce1=0.00, count_ire_alt=0.00, count_match_expr=0.00, count_and_tail=0.00, count_or_tail=0.00, count_paren_expr=0.00, count_comparison_expr=0.00, count_logical_not_op=0.00, count_comparable=0.00, count_ire_normal_char=0.00
[select] scored on the comparison rather than on the metric: count_doc_escape (0.22 -> 0.38), count_nonempty_array (0.19 -> 0.36), count_ws (0.19 -> 0.36), doc_bytes (0.23 -> 0.35), count_value (0.21 -> 0.34), count_doc_special (0.24 -> 0.33), count_doc_mixed (0.24 -> 0.32), count_more_value (0.15 -> 0.32), count_oct_digit (0.25 -> 0.31), count_nonempty_object (0.18 -> 0.31), count_member (0.16 -> 0.29), count_doc_string (0.19 -> 0.27), count_object (0.17 -> 0.27), count_more_member (0.18 -> 0.27), doc_depth (0.11 -> 0.26), count_array (0.14 -> 0.25), count_doc_number (0.14 -> 0.20)
[select] kept count_filter_selector despite |rho|=0.00: its axis is not explored yet, so a low score there is absence of data rather than absence of effect
[select] kept count_logical_expr despite |rho|=0.00: its axis is not explored yet, so a low score there is absence of data rather than absence of effect
[select] kept count_logical_and_expr despite |rho|=0.00: its axis is not explored yet, so a low score there is absence of data rather than absence of effect
[select] kept count_basic_expr despite |rho|=0.00: its axis is not explored yet, so a low score there is absence of data rather than absence of effect
[select] kept count_test_expr despite |rho|=0.00: its axis is not explored yet, so a low score there is absence of data rather than absence of effect
[select] kept count_logical_function_expr despite |rho|=0.00: its axis is not explored yet, so a low score there is absence of data rather than absence of effect
[select] kept count_search_expr despite |rho|=0.00: its axis is not explored yet, so a low score there is absence of data rather than absence of effect
[select] kept count_S despite |rho|=0.00: its axis is not explored yet, so a low score there is absence of data rather than absence of effect
[select] kept count_value_argument despite |rho|=0.00: its axis is not explored yet, so a low score there is absence of data rather than absence of effect
[select] kept count_singular_query despite |rho|=0.00: its axis is not explored yet, so a low score there is absence of data rather than absence of effect
[select] kept count_abs_singular_query despite |rho|=0.00: its axis is not explored yet, so a low score there is absence of data rather than absence of effect
[select] kept count_s_singular_segment despite |rho|=0.00: its axis is not explored yet, so a low score there is absence of data rather than absence of effect
[select] kept count_index_segment despite |rho|=0.00: its axis is not explored yet, so a low score there is absence of data rather than absence of effect
[select] kept count_name_segment despite |rho|=0.00: its axis is not explored yet, so a low score there is absence of data rather than absence of effect
[select] kept count_rel_singular_query despite |rho|=0.00: its axis is not explored yet, so a low score there is absence of data rather than absence of effect
[select] kept count_value_function_expr despite |rho|=0.00: its axis is not explored yet, so a low score there is absence of data rather than absence of effect
[select] kept count_count_expr despite |rho|=0.00: its axis is not explored yet, so a low score there is absence of data rather than absence of effect
[select] kept count_filter_query despite |rho|=0.00: its axis is not explored yet, so a low score there is absence of data rather than absence of effect
[select] kept count_rel_query despite |rho|=0.00: its axis is not explored yet, so a low score there is absence of data rather than absence of effect
[select] kept count_abs_query despite |rho|=0.00: its axis is not explored yet, so a low score there is absence of data rather than absence of effect
[select] kept count_length_expr despite |rho|=0.00: its axis is not explored yet, so a low score there is absence of data rather than absence of effect
[select] kept count_value_expr despite |rho|=0.00: its axis is not explored yet, so a low score there is absence of data rather than absence of effect
[select] kept count_literal despite |rho|=0.00: its axis is not explored yet, so a low score there is absence of data rather than absence of effect
[select] kept count_number despite |rho|=0.00: its axis is not explored yet, so a low score there is absence of data rather than absence of effect
[select] kept count_exp despite |rho|=0.00: its axis is not explored yet, so a low score there is absence of data rather than absence of effect
[select] kept count_string_literal despite |rho|=0.00: its axis is not explored yet, so a low score there is absence of data rather than absence of effect
[select] kept count_sq_chars despite |rho|=0.00: its axis is not explored yet, so a low score there is absence of data rather than absence of effect
[select] kept count_sq_mixed despite |rho|=0.00: its axis is not explored yet, so a low score there is absence of data rather than absence of effect
[select] kept count_dq_chars despite |rho|=0.00: its axis is not explored yet, so a low score there is absence of data rather than absence of effect
[select] kept count_dq_mixed despite |rho|=0.00: its axis is not explored yet, so a low score there is absence of data rather than absence of effect
[select] kept count_sq_special despite |rho|=0.00: its axis is not explored yet, so a low score there is absence of data rather than absence of effect
[select] kept count_sq_char despite |rho|=0.00: its axis is not explored yet, so a low score there is absence of data rather than absence of effect
[select] kept count_dq_special despite |rho|=0.00: its axis is not explored yet, so a low score there is absence of data rather than absence of effect
[select] kept count_dq_char despite |rho|=0.00: its axis is not explored yet, so a low score there is absence of data rather than absence of effect
[select] kept count_regex_argument despite |rho|=0.00: its axis is not explored yet, so a low score there is absence of data rather than absence of effect
[select] kept count_iregexp_literal despite |rho|=0.00: its axis is not explored yet, so a low score there is absence of data rather than absence of effect
[select] kept count_ire_regexp despite |rho|=0.00: its axis is not explored yet, so a low score there is absence of data rather than absence of effect
[select] kept count_ire_branch despite |rho|=0.00: its axis is not explored yet, so a low score there is absence of data rather than absence of effect
[select] kept count_ire_piece despite |rho|=0.00: its axis is not explored yet, so a low score there is absence of data rather than absence of effect
[select] kept count_ire_quantifier despite |rho|=0.00: its axis is not explored yet, so a low score there is absence of data rather than absence of effect
[select] kept count_ire_range_quantifier despite |rho|=0.00: its axis is not explored yet, so a low score there is absence of data rather than absence of effect
[select] kept count_ire_char_class despite |rho|=0.00: its axis is not explored yet, so a low score there is absence of data rather than absence of effect
[select] kept count_ire_char_class_expr despite |rho|=0.00: its axis is not explored yet, so a low score there is absence of data rather than absence of effect
[select] kept count_ire_cce1 despite |rho|=0.00: its axis is not explored yet, so a low score there is absence of data rather than absence of effect
[select] kept count_ire_alt despite |rho|=0.00: its axis is not explored yet, so a low score there is absence of data rather than absence of effect
[select] kept count_match_expr despite |rho|=0.00: its axis is not explored yet, so a low score there is absence of data rather than absence of effect
[select] kept count_and_tail despite |rho|=0.00: its axis is not explored yet, so a low score there is absence of data rather than absence of effect
[select] kept count_or_tail despite |rho|=0.00: its axis is not explored yet, so a low score there is absence of data rather than absence of effect
[select] kept count_paren_expr despite |rho|=0.00: its axis is not explored yet, so a low score there is absence of data rather than absence of effect
[select] kept count_comparison_expr despite |rho|=0.00: its axis is not explored yet, so a low score there is absence of data rather than absence of effect
[select] kept count_logical_not_op despite |rho|=0.00: its axis is not explored yet, so a low score there is absence of data rather than absence of effect
[select] kept count_comparable despite |rho|=0.00: its axis is not explored yet, so a low score there is absence of data rather than absence of effect
[select] kept count_ire_normal_char despite |rho|=0.00: its axis is not explored yet, so a low score there is absence of data rather than absence of effect
[select] dropped count_HEXDIG: over the 4-property cap
[select] dropped count_wildcard_selector: over the 4-property cap
[select] dropped count_hexchar: over the 4-property cap
[select] dropped count_child_segment: over the 4-property cap
[select] dropped count_high_surrogate: over the 4-property cap
[select] dropped count_bracketed_selection: over the 4-property cap
[select] dropped count_low_surrogate: over the 4-property cap
[select] dropped count_selector: over the 4-property cap
[select] dropped count_doc_escape: over the 4-property cap
[select] dropped count_name_first: over the 4-property cap
[select] dropped count_name_char: over the 4-property cap
[select] dropped count_nonempty_array: over the 4-property cap
[select] dropped count_member_name_shorthand: over the 4-property cap
[select] dropped count_ws: over the 4-property cap
[select] dropped count_int: over the 4-property cap
[select] dropped doc_bytes: over the 4-property cap
[select] dropped count_index_selector: over the 4-property cap
[select] dropped count_value: over the 4-property cap
[select] dropped count_name_selector: over the 4-property cap
[select] dropped count_doc_special: over the 4-property cap
[select] dropped count_non_surrogate: over the 4-property cap
[select] dropped count_doc_mixed: over the 4-property cap
[select] dropped count_B: over the 4-property cap
[select] dropped count_more_value: over the 4-property cap
[select] dropped count_escapable: over the 4-property cap
[select] dropped count_doc_char: over the 4-property cap
[select] dropped count_slice_selector: over the 4-property cap
[select] dropped count_oct_digit: over the 4-property cap
[select] dropped count_nonempty_object: over the 4-property cap
[select] dropped count_non_d_hex: over the 4-property cap
[select] dropped count_doc_name_char: over the 4-property cap
[select] dropped count_more_selector: over the 4-property cap
[select] dropped count_doc_name_mixed: over the 4-property cap
[select] dropped count_member: over the 4-property cap
[select] dropped count_doc_name_special: over the 4-property cap
[select] dropped count_doc_string: over the 4-property cap
[select] dropped count_object: over the 4-property cap
[select] dropped count_name_dq_chars: over the 4-property cap
[select] dropped count_more_member: over the 4-property cap
[select] dropped count_name_dq_mixed: over the 4-property cap
[select] dropped count_name_dq_special: over the 4-property cap
[select] dropped count_name_dq_char: over the 4-property cap
[select] dropped count_DIGIT1: over the 4-property cap
[select] dropped doc_depth: over the 4-property cap
[select] dropped count_array: over the 4-property cap
[select] dropped count_pos_int: over the 4-property cap
[select] dropped count_DIGIT: over the 4-property cap
[select] dropped count_frac: over the 4-property cap
[select] dropped count_name_sq_chars: over the 4-property cap
[select] dropped count_letter: over the 4-property cap
[select] dropped count_doc_number: over the 4-property cap
[select] dropped count_name_sq_mixed: over the 4-property cap
[select] dropped count_name_sq_special: over the 4-property cap
[select] dropped count_name_sq_char: over the 4-property cap
[select] dropped count_sign_opt: over the 4-property cap
[select] dropped count_doc_exp: over the 4-property cap
[select] dropped count_filter_selector: over the 4-property cap
[select] dropped count_logical_expr: over the 4-property cap
[select] dropped count_logical_and_expr: over the 4-property cap
[select] dropped count_basic_expr: over the 4-property cap
[select] dropped count_test_expr: over the 4-property cap
[select] dropped count_logical_function_expr: over the 4-property cap
[select] dropped count_search_expr: over the 4-property cap
[select] dropped count_S: over the 4-property cap
[select] dropped count_value_argument: over the 4-property cap
[select] dropped count_singular_query: over the 4-property cap
[select] dropped count_abs_singular_query: over the 4-property cap
[select] dropped count_s_singular_segment: over the 4-property cap
[select] dropped count_index_segment: over the 4-property cap
[select] dropped count_name_segment: over the 4-property cap
[select] dropped count_rel_singular_query: over the 4-property cap
[select] dropped count_value_function_expr: over the 4-property cap
[select] dropped count_count_expr: over the 4-property cap
[select] dropped count_filter_query: over the 4-property cap
[select] dropped count_rel_query: over the 4-property cap
[select] dropped count_abs_query: over the 4-property cap
[select] dropped count_length_expr: over the 4-property cap
[select] dropped count_value_expr: over the 4-property cap
[select] dropped count_literal: over the 4-property cap
[select] dropped count_number: over the 4-property cap
[select] dropped count_exp: over the 4-property cap
[select] dropped count_string_literal: over the 4-property cap
[select] dropped count_sq_chars: over the 4-property cap
[select] dropped count_sq_mixed: over the 4-property cap
[select] dropped count_dq_chars: over the 4-property cap
[select] dropped count_dq_mixed: over the 4-property cap
[select] dropped count_sq_special: over the 4-property cap
[select] dropped count_sq_char: over the 4-property cap
[select] dropped count_dq_special: over the 4-property cap
[select] dropped count_dq_char: over the 4-property cap
[select] dropped count_regex_argument: over the 4-property cap
[select] dropped count_iregexp_literal: over the 4-property cap
[select] dropped count_ire_regexp: over the 4-property cap
[select] dropped count_ire_branch: over the 4-property cap
[select] dropped count_ire_piece: over the 4-property cap
[select] dropped count_ire_quantifier: over the 4-property cap
[select] dropped count_ire_range_quantifier: over the 4-property cap
[select] dropped count_ire_char_class: over the 4-property cap
[select] dropped count_ire_char_class_expr: over the 4-property cap
[select] dropped count_ire_cce1: over the 4-property cap
[select] dropped count_ire_alt: over the 4-property cap
[select] dropped count_match_expr: over the 4-property cap
[select] dropped count_and_tail: over the 4-property cap
[select] dropped count_or_tail: over the 4-property cap
[select] dropped count_paren_expr: over the 4-property cap
[select] dropped count_comparison_expr: over the 4-property cap
[select] dropped count_logical_not_op: over the 4-property cap
[select] dropped count_comparable: over the 4-property cap
[select] dropped count_ire_normal_char: over the 4-property cap
[select] joint fit uses 4 of 113 properties: count_s_segment, count_D, count_descendant_segment, query_len (1,296 model fits)
[jsonpath_ng_latest] loop targets 4 of 113 properties: count_s_segment, count_D, count_descendant_segment, query_len
[jsonpath_ng_latest] targeting 8 regions: runtime_ns_divergence, count_D_undecided0, count_descendant_segment_x_query_len_joint, query_len_beyond, runtime_ns_high, count_D_edge0, runtime_ns_sparse0, query_len_sparse5
  [seeds] skipped 2 seed(s) over 4096B; parsing one costs more than the request it would seed
[metrics] jsonpath_ng_1_5_2: no measurement after 3 failed attempts; leaving this input unmeasured
[metrics] jsonpath_ng_1_5_3: no measurement after 3 failed attempts; leaving this input unmeasured
[metrics] jsonpath_ng_1_6_0: no measurement after 3 failed attempts; leaving this input unmeasured
[metrics] jsonpath_ng_1_5_2: no measurement after 3 failed attempts; leaving this input unmeasured
[metrics] jsonpath_ng_1_5_3: no measurement after 3 failed attempts; leaving this input unmeasured
[metrics] jsonpath_ng_1_6_0: no measurement after 3 failed attempts; leaving this input unmeasured
[metrics] jsonpath_ng_1_6_1: no measurement after 3 failed attempts; leaving this input unmeasured
[metrics] jsonpath_ng_1_7_0: no measurement after 3 failed attempts; leaving this input unmeasured
[metrics] jsonpath_ng_1_8_0: no measurement after 3 failed attempts; leaving this input unmeasured
[metrics] jsonpath_ng_1_5_2: no measurement after 3 failed attempts; leaving this input unmeasured
[metrics] jsonpath_ng_1_5_3: no measurement after 3 failed attempts; leaving this input unmeasured
[metrics] jsonpath_ng_1_6_0: no measurement after 3 failed attempts; leaving this input unmeasured
[metrics] jsonpath_ng_1_6_1: no measurement after 3 failed attempts; leaving this input unmeasured
[metrics] jsonpath_ng_1_7_0: no measurement after 3 failed attempts; leaving this input unmeasured
[metrics] jsonpath_ng_1_8_0: no measurement after 3 failed attempts; leaving this input unmeasured
  [runtime_ns_divergence] 31s: +10 new input(s), 10 distinct shape(s), 8 measured
  [count_D_undecided0] 5 comparison(s) undecided in count_D [1,2.613): jsonpath_ng_1_5_2 vs jsonpath_ng_1_5_3 on runtime_ns and 4 more -> <s_segment>{1,3}
[metrics] jsonpath_ng_1_5_2: no measurement after 3 failed attempts; leaving this input unmeasured
[metrics] jsonpath_ng_1_5_3: no measurement after 3 failed attempts; leaving this input unmeasured
[metrics] jsonpath_ng_1_6_0: no measurement after 3 failed attempts; leaving this input unmeasured
[metrics] jsonpath_ng_1_6_1: no measurement after 3 failed attempts; leaving this input unmeasured
[metrics] jsonpath_ng_1_7_0: no measurement after 3 failed attempts; leaving this input unmeasured
[metrics] jsonpath_ng_1_8_0: no measurement after 3 failed attempts; leaving this input unmeasured
[metrics] jsonpath_ng_1_5_2: no measurement after 3 failed attempts; leaving this input unmeasured
[metrics] jsonpath_ng_1_5_3: no measurement after 3 failed attempts; leaving this input unmeasured
[metrics] jsonpath_ng_1_6_0: no measurement after 3 failed attempts; leaving this input unmeasured
[metrics] jsonpath_ng_1_6_1: no measurement after 3 failed attempts; leaving this input unmeasured
[metrics] jsonpath_ng_1_7_0: no measurement after 3 failed attempts; leaving this input unmeasured
[metrics] jsonpath_ng_1_8_0: no measurement after 3 failed attempts; leaving this input unmeasured
  [count_D_undecided0] 21s: +10 new input(s), 9 distinct shape(s), 8 measured
  [count_descendant_segment_x_query_len_joint] query_len spans 1..10647 overall, 1759..1801 at count_descendant_segment in [10,12]; maximizing it at <s_segment>{20,24}
  [count_descendant_segment_x_query_len_joint] 5 of 5 seeds do not parse; seeding with 0.
[budget] generation cut at 300s after 25 generations (19 solutions); this request is not reproducible
  [soft] maximizing query_len: 19 candidates, best=1996, keeping 10 spanning 1996..1996
[metrics] jsonpath_ng_1_5_2: no measurement after 3 failed attempts; leaving this input unmeasured
[metrics] jsonpath_ng_1_5_3: no measurement after 3 failed attempts; leaving this input unmeasured
[metrics] jsonpath_ng_1_6_0: no measurement after 3 failed attempts; leaving this input unmeasured
[metrics] jsonpath_ng_1_6_1: no measurement after 3 failed attempts; leaving this input unmeasured
[metrics] jsonpath_ng_1_7_0: no measurement after 3 failed attempts; leaving this input unmeasured
[metrics] jsonpath_ng_1_8_0: no measurement after 3 failed attempts; leaving this input unmeasured
[metrics] jsonpath_ng_1_5_2: no measurement after 3 failed attempts; leaving this input unmeasured
[metrics] jsonpath_ng_1_5_3: no measurement after 3 failed attempts; leaving this input unmeasured
[metrics] jsonpath_ng_1_6_0: no measurement after 3 failed attempts; leaving this input unmeasured
[metrics] jsonpath_ng_1_6_1: no measurement after 3 failed attempts; leaving this input unmeasured
[metrics] jsonpath_ng_1_7_0: no measurement after 3 failed attempts; leaving this input unmeasured
[metrics] jsonpath_ng_1_8_0: no measurement after 3 failed attempts; leaving this input unmeasured
[metrics] jsonpath_ng_1_5_2: no measurement after 3 failed attempts; leaving this input unmeasured
[metrics] jsonpath_ng_1_5_3: no measurement after 3 failed attempts; leaving this input unmeasured
[metrics] jsonpath_ng_1_6_0: no measurement after 3 failed attempts; leaving this input unmeasured
[metrics] jsonpath_ng_1_6_1: no measurement after 3 failed attempts; leaving this input unmeasured
[metrics] jsonpath_ng_1_7_0: no measurement after 3 failed attempts; leaving this input unmeasured
[metrics] jsonpath_ng_1_8_0: no measurement after 3 failed attempts; leaving this input unmeasured
[metrics] jsonpath_ng_1_5_2: no measurement after 3 failed attempts; leaving this input unmeasured
[metrics] jsonpath_ng_1_5_3: no measurement after 3 failed attempts; leaving this input unmeasured
[metrics] jsonpath_ng_1_6_0: no measurement after 3 failed attempts; leaving this input unmeasured
[metrics] jsonpath_ng_1_6_1: no measurement after 3 failed attempts; leaving this input unmeasured
[metrics] jsonpath_ng_1_7_0: no measurement after 3 failed attempts; leaving this input unmeasured
[metrics] jsonpath_ng_1_8_0: no measurement after 3 failed attempts; leaving this input unmeasured
[metrics] jsonpath_ng_1_5_2: no measurement after 3 failed attempts; leaving this input unmeasured
[metrics] jsonpath_ng_1_5_3: no measurement after 3 failed attempts; leaving this input unmeasured
[metrics] jsonpath_ng_1_6_0: no measurement after 3 failed attempts; leaving this input unmeasured
[metrics] jsonpath_ng_1_6_1: no measurement after 3 failed attempts; leaving this input unmeasured
[metrics] jsonpath_ng_1_7_0: no measurement after 3 failed attempts; leaving this input unmeasured
[metrics] jsonpath_ng_1_8_0: no measurement after 3 failed attempts; leaving this input unmeasured
[metrics] jsonpath_ng_1_5_2: no measurement after 3 failed attempts; leaving this input unmeasured
[metrics] jsonpath_ng_1_5_3: no measurement after 3 failed attempts; leaving this input unmeasured
[metrics] jsonpath_ng_1_6_0: no measurement after 3 failed attempts; leaving this input unmeasured
[metrics] jsonpath_ng_1_6_1: no measurement after 3 failed attempts; leaving this input unmeasured
[metrics] jsonpath_ng_1_7_0: no measurement after 3 failed attempts; leaving this input unmeasured
[metrics] jsonpath_ng_1_8_0: no measurement after 3 failed attempts; leaving this input unmeasured
[metrics] jsonpath_ng_1_5_2: no measurement after 3 failed attempts; leaving this input unmeasured
[metrics] jsonpath_ng_1_5_3: no measurement after 3 failed attempts; leaving this input unmeasured
[metrics] jsonpath_ng_1_6_0: no measurement after 3 failed attempts; leaving this input unmeasured
[metrics] jsonpath_ng_1_6_1: no measurement after 3 failed attempts; leaving this input unmeasured
[metrics] jsonpath_ng_1_7_0: no measurement after 3 failed attempts; leaving this input unmeasured
[metrics] jsonpath_ng_1_8_0: no measurement after 3 failed attempts; leaving this input unmeasured
[metrics] jsonpath_ng_1_5_2: no measurement after 3 failed attempts; leaving this input unmeasured
[metrics] jsonpath_ng_1_5_3: no measurement after 3 failed attempts; leaving this input unmeasured
[metrics] jsonpath_ng_1_6_0: no measurement after 3 failed attempts; leaving this input unmeasured
[metrics] jsonpath_ng_1_6_1: no measurement after 3 failed attempts; leaving this input unmeasured
[metrics] jsonpath_ng_1_7_0: no measurement after 3 failed attempts; leaving this input unmeasured
[metrics] jsonpath_ng_1_8_0: no measurement after 3 failed attempts; leaving this input unmeasured
[metrics] jsonpath_ng_1_5_2: no measurement after 3 failed attempts; leaving this input unmeasured
[metrics] jsonpath_ng_1_5_3: no measurement after 3 failed attempts; leaving this input unmeasured
[metrics] jsonpath_ng_1_6_0: no measurement after 3 failed attempts; leaving this input unmeasured
[metrics] jsonpath_ng_1_6_1: no measurement after 3 failed attempts; leaving this input unmeasured
[metrics] jsonpath_ng_1_7_0: no measurement after 3 failed attempts; leaving this input unmeasured
[metrics] jsonpath_ng_1_8_0: no measurement after 3 failed attempts; leaving this input unmeasured
[metrics] jsonpath_ng_1_5_2: no measurement after 3 failed attempts; leaving this input unmeasured
[metrics] jsonpath_ng_1_5_3: no measurement after 3 failed attempts; leaving this input unmeasured
[metrics] jsonpath_ng_1_6_0: no measurement after 3 failed attempts; leaving this input unmeasured
[metrics] jsonpath_ng_1_6_1: no measurement after 3 failed attempts; leaving this input unmeasured
[metrics] jsonpath_ng_1_7_0: no measurement after 3 failed attempts; leaving this input unmeasured
[metrics] jsonpath_ng_1_8_0: no measurement after 3 failed attempts; leaving this input unmeasured
  [count_descendant_segment_x_query_len_joint] 391s: +10 new input(s), 1 distinct shape(s), 0 measured [CUT: generation budget, not reproducible]
  [query_len_beyond] rung 1
  [seeds] skipped 5 seed(s) over 4096B; parsing one costs more than the request it would seed
[WARNING] recursion limit hit generating from ./results/rq1/20261003-0308-jsonpath_ng_latest/run1/jsonpath_ng_latest/grammars/jsonpath_ng_latest_target_3_query_len_beyond.fan; lower max_repetition or max_nodes for this grammar.
  [query_len_beyond] 9s: no new inputs
  [seeds] skipped 2 seed(s) over 4096B; parsing one costs more than the request it would seed
[metrics] jsonpath_ng_1_5_2: no measurement after 3 failed attempts; leaving this input unmeasured
[metrics] jsonpath_ng_1_5_3: no measurement after 3 failed attempts; leaving this input unmeasured
[metrics] jsonpath_ng_1_6_0: no measurement after 3 failed attempts; leaving this input unmeasured
[metrics] jsonpath_ng_1_5_2: no measurement after 3 failed attempts; leaving this input unmeasured
[metrics] jsonpath_ng_1_5_3: no measurement after 3 failed attempts; leaving this input unmeasured
[metrics] jsonpath_ng_1_6_0: no measurement after 3 failed attempts; leaving this input unmeasured
[metrics] jsonpath_ng_1_5_2: no measurement after 3 failed attempts; leaving this input unmeasured
[metrics] jsonpath_ng_1_5_3: no measurement after 3 failed attempts; leaving this input unmeasured
[metrics] jsonpath_ng_1_6_0: no measurement after 3 failed attempts; leaving this input unmeasured
[metrics] jsonpath_ng_1_6_1: no measurement after 3 failed attempts; leaving this input unmeasured
[metrics] jsonpath_ng_1_7_0: no measurement after 3 failed attempts; leaving this input unmeasured
[metrics] jsonpath_ng_1_5_2: no measurement after 3 failed attempts; leaving this input unmeasured
[metrics] jsonpath_ng_1_5_3: no measurement after 3 failed attempts; leaving this input unmeasured
[metrics] jsonpath_ng_1_6_0: no measurement after 3 failed attempts; leaving this input unmeasured
[metrics] jsonpath_ng_1_6_1: no measurement after 3 failed attempts; leaving this input unmeasured
[metrics] jsonpath_ng_1_7_0: no measurement after 3 failed attempts; leaving this input unmeasured
[metrics] jsonpath_ng_1_8_0: no measurement after 3 failed attempts; leaving this input unmeasured
  [runtime_ns_high] 25s: +8 new input(s), 8 distinct shape(s), 7 measured
  [count_D_edge0] <s_segment>{4,10} for the top 15% of count_D ([7,318])
[metrics] jsonpath_ng_1_5_2: no measurement after 3 failed attempts; leaving this input unmeasured
[metrics] jsonpath_ng_1_5_3: no measurement after 3 failed attempts; leaving this input unmeasured
[metrics] jsonpath_ng_1_6_0: no measurement after 3 failed attempts; leaving this input unmeasured
[metrics] jsonpath_ng_1_6_1: no measurement after 3 failed attempts; leaving this input unmeasured
[metrics] jsonpath_ng_1_7_0: no measurement after 3 failed attempts; leaving this input unmeasured
[metrics] jsonpath_ng_1_8_0: no measurement after 3 failed attempts; leaving this input unmeasured
[metrics] jsonpath_ng_1_5_2: no measurement after 3 failed attempts; leaving this input unmeasured
[metrics] jsonpath_ng_1_5_3: no measurement after 3 failed attempts; leaving this input unmeasured
[metrics] jsonpath_ng_1_6_0: no measurement after 3 failed attempts; leaving this input unmeasured
[metrics] jsonpath_ng_1_6_1: no measurement after 3 failed attempts; leaving this input unmeasured
[metrics] jsonpath_ng_1_7_0: no measurement after 3 failed attempts; leaving this input unmeasured
[metrics] jsonpath_ng_1_8_0: no measurement after 3 failed attempts; leaving this input unmeasured
[metrics] jsonpath_ng_1_5_2: no measurement after 3 failed attempts; leaving this input unmeasured
[metrics] jsonpath_ng_1_5_3: no measurement after 3 failed attempts; leaving this input unmeasured
[metrics] jsonpath_ng_1_6_0: no measurement after 3 failed attempts; leaving this input unmeasured
[metrics] jsonpath_ng_1_6_1: no measurement after 3 failed attempts; leaving this input unmeasured
[metrics] jsonpath_ng_1_7_0: no measurement after 3 failed attempts; leaving this input unmeasured
[metrics] jsonpath_ng_1_8_0: no measurement after 3 failed attempts; leaving this input unmeasured
[metrics] jsonpath_ng_1_5_2: no measurement after 3 failed attempts; leaving this input unmeasured
[metrics] jsonpath_ng_1_5_3: no measurement after 3 failed attempts; leaving this input unmeasured
[metrics] jsonpath_ng_1_6_0: no measurement after 3 failed attempts; leaving this input unmeasured
[metrics] jsonpath_ng_1_6_1: no measurement after 3 failed attempts; leaving this input unmeasured
[metrics] jsonpath_ng_1_7_0: no measurement after 3 failed attempts; leaving this input unmeasured
[metrics] jsonpath_ng_1_8_0: no measurement after 3 failed attempts; leaving this input unmeasured
[metrics] jsonpath_ng_1_5_2: no measurement after 3 failed attempts; leaving this input unmeasured
[metrics] jsonpath_ng_1_5_3: no measurement after 3 failed attempts; leaving this input unmeasured
[metrics] jsonpath_ng_1_6_0: no measurement after 3 failed attempts; leaving this input unmeasured
[metrics] jsonpath_ng_1_6_1: no measurement after 3 failed attempts; leaving this input unmeasured
[metrics] jsonpath_ng_1_7_0: no measurement after 3 failed attempts; leaving this input unmeasured
[metrics] jsonpath_ng_1_8_0: no measurement after 3 failed attempts; leaving this input unmeasured
[metrics] jsonpath_ng_1_5_2: no measurement after 3 failed attempts; leaving this input unmeasured
[metrics] jsonpath_ng_1_5_3: no measurement after 3 failed attempts; leaving this input unmeasured
[metrics] jsonpath_ng_1_6_0: no measurement after 3 failed attempts; leaving this input unmeasured
[metrics] jsonpath_ng_1_6_1: no measurement after 3 failed attempts; leaving this input unmeasured
[metrics] jsonpath_ng_1_7_0: no measurement after 3 failed attempts; leaving this input unmeasured
[metrics] jsonpath_ng_1_8_0: no measurement after 3 failed attempts; leaving this input unmeasured
[metrics] jsonpath_ng_1_5_2: no measurement after 3 failed attempts; leaving this input unmeasured
[metrics] jsonpath_ng_1_5_3: no measurement after 3 failed attempts; leaving this input unmeasured
[metrics] jsonpath_ng_1_6_0: no measurement after 3 failed attempts; leaving this input unmeasured
[metrics] jsonpath_ng_1_6_1: no measurement after 3 failed attempts; leaving this input unmeasured
[metrics] jsonpath_ng_1_7_0: no measurement after 3 failed attempts; leaving this input unmeasured
[metrics] jsonpath_ng_1_8_0: no measurement after 3 failed attempts; leaving this input unmeasured
[metrics] jsonpath_ng_1_5_2: no measurement after 3 failed attempts; leaving this input unmeasured
[metrics] jsonpath_ng_1_5_3: no measurement after 3 failed attempts; leaving this input unmeasured
[metrics] jsonpath_ng_1_6_0: no measurement after 3 failed attempts; leaving this input unmeasured
[metrics] jsonpath_ng_1_6_1: no measurement after 3 failed attempts; leaving this input unmeasured
[metrics] jsonpath_ng_1_7_0: no measurement after 3 failed attempts; leaving this input unmeasured
[metrics] jsonpath_ng_1_8_0: no measurement after 3 failed attempts; leaving this input unmeasured
[metrics] jsonpath_ng_1_5_2: no measurement after 3 failed attempts; leaving this input unmeasured
[metrics] jsonpath_ng_1_5_3: no measurement after 3 failed attempts; leaving this input unmeasured
[metrics] jsonpath_ng_1_6_0: no measurement after 3 failed attempts; leaving this input unmeasured
[metrics] jsonpath_ng_1_6_1: no measurement after 3 failed attempts; leaving this input unmeasured
[metrics] jsonpath_ng_1_7_0: no measurement after 3 failed attempts; leaving this input unmeasured
[metrics] jsonpath_ng_1_8_0: no measurement after 3 failed attempts; leaving this input unmeasured
  [count_D_edge0] 20s: +10 new input(s), 10 distinct shape(s), 1 measured
  [runtime_ns_sparse0] 43s: +1 new input(s), 1 distinct shape(s), 1 measured
  [seeds] skipped 1 seed(s) over 4096B; parsing one costs more than the request it would seed
[WARNING] Fandango did not generate any valid inputs.
  [query_len_sparse5] 7s: no new inputs
[jsonpath_ng_latest] iter 1: corpus=2004 (+294 new)
[select] relevance (max |rho| vs any metric on any system): count_descendant_segment=0.66, count_wildcard_selector=0.62, count_doc_escape=0.36, count_s_segment=0.53, query_len=0.44, count_index_selector=0.35, count_int=0.42, doc_bytes=0.36, count_doc_name_mixed=0.40, count_doc_name_char=0.39, count_nonempty_array=0.20, count_doc_name_special=0.38, count_D=0.34, count_more_value=0.20, count_name_first=0.35, count_ws=0.33, count_name_char=0.35, count_hexchar=0.32, count_doc_char=0.34, count_nonempty_object=0.30, count_HEXDIG=0.33, count_member_name_shorthand=0.34, count_value=0.33, count_high_surrogate=0.32, count_bracketed_selection=0.33, count_low_surrogate=0.32, count_doc_special=0.31, count_doc_mixed=0.31, count_selector=0.32, count_member=0.30, count_more_member=0.30, count_non_surrogate=0.24, count_B=0.31, count_oct_digit=0.20, count_doc_string=0.26, count_slice_selector=0.31, count_pos_int=0.28, count_non_d_hex=0.27, count_DIGIT1=0.28, count_object=0.22, count_child_segment=0.28, count_array=0.21, doc_depth=0.20, count_DIGIT=0.27, count_frac=0.26, count_letter=0.25, count_doc_number=0.23, count_name_dq_special=0.19, count_more_selector=0.09, count_name_dq_mixed=0.19, count_escapable=0.16, count_name_dq_char=0.19, count_name_sq_chars=0.06, count_name_selector=0.17, count_name_dq_chars=0.17, count_sign_opt=0.14, count_doc_exp=0.14, count_name_sq_mixed=0.05, count_name_sq_special=0.05, count_name_sq_char=0.05, count_filter_selector=0.00, count_logical_expr=0.00, count_logical_and_expr=0.00, count_basic_expr=0.00, count_test_expr=0.00, count_logical_function_expr=0.00, count_search_expr=0.00, count_S=0.00, count_value_argument=0.00, count_singular_query=0.00, count_abs_singular_query=0.00, count_s_singular_segment=0.00, count_index_segment=0.00, count_name_segment=0.00, count_rel_singular_query=0.00, count_value_function_expr=0.00, count_count_expr=0.00, count_filter_query=0.00, count_rel_query=0.00, count_abs_query=0.00, count_length_expr=0.00, count_value_expr=0.00, count_literal=0.00, count_number=0.00, count_exp=0.00, count_string_literal=0.00, count_sq_chars=0.00, count_sq_mixed=0.00, count_dq_chars=0.00, count_dq_mixed=0.00, count_sq_special=0.00, count_sq_char=0.00, count_dq_special=0.00, count_dq_char=0.00, count_regex_argument=0.00, count_iregexp_literal=0.00, count_ire_regexp=0.00, count_ire_branch=0.00, count_ire_piece=0.00, count_ire_quantifier=0.00, count_ire_range_quantifier=0.00, count_ire_char_class=0.00, count_ire_char_class_expr=0.00, count_ire_cce1=0.00, count_ire_alt=0.00, count_match_expr=0.00, count_and_tail=0.00, count_or_tail=0.00, count_paren_expr=0.00, count_comparison_expr=0.00, count_logical_not_op=0.00, count_comparable=0.00, count_ire_normal_char=0.00
[select] comparative relevance (max |rho| vs a between-system ratio): count_descendant_segment=0.53, count_wildcard_selector=0.44, count_doc_escape=0.44, count_s_segment=0.21, query_len=0.23, count_index_selector=0.41, count_int=0.39, doc_bytes=0.40, count_doc_name_mixed=0.37, count_doc_name_char=0.37, count_nonempty_array=0.38, count_doc_name_special=0.36, count_D=0.37, count_more_value=0.37, count_name_first=0.27, count_ws=0.37, count_name_char=0.27, count_hexchar=0.36, count_doc_char=0.33, count_nonempty_object=0.36, count_HEXDIG=0.36, count_member_name_shorthand=0.21, count_value=0.35, count_high_surrogate=0.35, count_bracketed_selection=0.22, count_low_surrogate=0.35, count_doc_special=0.34, count_doc_mixed=0.33, count_selector=0.23, count_member=0.33, count_more_member=0.31, count_non_surrogate=0.30, count_B=0.27, count_oct_digit=0.29, count_doc_string=0.28, count_slice_selector=0.24, count_pos_int=0.27, count_non_d_hex=0.27, count_DIGIT1=0.24, count_object=0.27, count_child_segment=0.24, count_array=0.25, doc_depth=0.25, count_DIGIT=0.20, count_frac=0.22, count_letter=0.24, count_doc_number=0.23, count_name_dq_special=0.12, count_more_selector=0.20, count_name_dq_mixed=0.12, count_escapable=0.16, count_name_dq_char=0.12, count_name_sq_chars=0.12, count_name_selector=0.10, count_name_dq_chars=0.09, count_sign_opt=0.11, count_doc_exp=0.11, count_name_sq_mixed=0.11, count_name_sq_special=0.10, count_name_sq_char=0.10, count_filter_selector=0.00, count_logical_expr=0.00, count_logical_and_expr=0.00, count_basic_expr=0.00, count_test_expr=0.00, count_logical_function_expr=0.00, count_search_expr=0.00, count_S=0.00, count_value_argument=0.00, count_singular_query=0.00, count_abs_singular_query=0.00, count_s_singular_segment=0.00, count_index_segment=0.00, count_name_segment=0.00, count_rel_singular_query=0.00, count_value_function_expr=0.00, count_count_expr=0.00, count_filter_query=0.00, count_rel_query=0.00, count_abs_query=0.00, count_length_expr=0.00, count_value_expr=0.00, count_literal=0.00, count_number=0.00, count_exp=0.00, count_string_literal=0.00, count_sq_chars=0.00, count_sq_mixed=0.00, count_dq_chars=0.00, count_dq_mixed=0.00, count_sq_special=0.00, count_sq_char=0.00, count_dq_special=0.00, count_dq_char=0.00, count_regex_argument=0.00, count_iregexp_literal=0.00, count_ire_regexp=0.00, count_ire_branch=0.00, count_ire_piece=0.00, count_ire_quantifier=0.00, count_ire_range_quantifier=0.00, count_ire_char_class=0.00, count_ire_char_class_expr=0.00, count_ire_cce1=0.00, count_ire_alt=0.00, count_match_expr=0.00, count_and_tail=0.00, count_or_tail=0.00, count_paren_expr=0.00, count_comparison_expr=0.00, count_logical_not_op=0.00, count_comparable=0.00, count_ire_normal_char=0.00
[select] scored on the comparison rather than on the metric: count_doc_escape (0.36 -> 0.44), count_index_selector (0.35 -> 0.41), count_nonempty_array (0.20 -> 0.38), count_more_value (0.20 -> 0.37), count_nonempty_object (0.30 -> 0.36), count_non_surrogate (0.24 -> 0.30), count_oct_digit (0.20 -> 0.29), count_object (0.22 -> 0.27), doc_depth (0.20 -> 0.25), count_more_selector (0.09 -> 0.20), count_name_sq_chars (0.06 -> 0.12), count_name_sq_mixed (0.05 -> 0.11), count_name_sq_special (0.05 -> 0.10), count_name_sq_char (0.05 -> 0.10)
[select] kept count_filter_selector despite |rho|=0.00: its axis is not explored yet, so a low score there is absence of data rather than absence of effect
[select] kept count_logical_expr despite |rho|=0.00: its axis is not explored yet, so a low score there is absence of data rather than absence of effect
[select] kept count_logical_and_expr despite |rho|=0.00: its axis is not explored yet, so a low score there is absence of data rather than absence of effect
[select] kept count_basic_expr despite |rho|=0.00: its axis is not explored yet, so a low score there is absence of data rather than absence of effect
[select] kept count_test_expr despite |rho|=0.00: its axis is not explored yet, so a low score there is absence of data rather than absence of effect
[select] kept count_logical_function_expr despite |rho|=0.00: its axis is not explored yet, so a low score there is absence of data rather than absence of effect
[select] kept count_search_expr despite |rho|=0.00: its axis is not explored yet, so a low score there is absence of data rather than absence of effect
[select] kept count_S despite |rho|=0.00: its axis is not explored yet, so a low score there is absence of data rather than absence of effect
[select] kept count_value_argument despite |rho|=0.00: its axis is not explored yet, so a low score there is absence of data rather than absence of effect
[select] kept count_singular_query despite |rho|=0.00: its axis is not explored yet, so a low score there is absence of data rather than absence of effect
[select] kept count_abs_singular_query despite |rho|=0.00: its axis is not explored yet, so a low score there is absence of data rather than absence of effect
[select] kept count_s_singular_segment despite |rho|=0.00: its axis is not explored yet, so a low score there is absence of data rather than absence of effect
[select] kept count_index_segment despite |rho|=0.00: its axis is not explored yet, so a low score there is absence of data rather than absence of effect
[select] kept count_name_segment despite |rho|=0.00: its axis is not explored yet, so a low score there is absence of data rather than absence of effect
[select] kept count_rel_singular_query despite |rho|=0.00: its axis is not explored yet, so a low score there is absence of data rather than absence of effect
[select] kept count_value_function_expr despite |rho|=0.00: its axis is not explored yet, so a low score there is absence of data rather than absence of effect
[select] kept count_count_expr despite |rho|=0.00: its axis is not explored yet, so a low score there is absence of data rather than absence of effect
[select] kept count_filter_query despite |rho|=0.00: its axis is not explored yet, so a low score there is absence of data rather than absence of effect
[select] kept count_rel_query despite |rho|=0.00: its axis is not explored yet, so a low score there is absence of data rather than absence of effect
[select] kept count_abs_query despite |rho|=0.00: its axis is not explored yet, so a low score there is absence of data rather than absence of effect
[select] kept count_length_expr despite |rho|=0.00: its axis is not explored yet, so a low score there is absence of data rather than absence of effect
[select] kept count_value_expr despite |rho|=0.00: its axis is not explored yet, so a low score there is absence of data rather than absence of effect
[select] kept count_literal despite |rho|=0.00: its axis is not explored yet, so a low score there is absence of data rather than absence of effect
[select] kept count_number despite |rho|=0.00: its axis is not explored yet, so a low score there is absence of data rather than absence of effect
[select] kept count_exp despite |rho|=0.00: its axis is not explored yet, so a low score there is absence of data rather than absence of effect
[select] kept count_string_literal despite |rho|=0.00: its axis is not explored yet, so a low score there is absence of data rather than absence of effect
[select] kept count_sq_chars despite |rho|=0.00: its axis is not explored yet, so a low score there is absence of data rather than absence of effect
[select] kept count_sq_mixed despite |rho|=0.00: its axis is not explored yet, so a low score there is absence of data rather than absence of effect
[select] kept count_dq_chars despite |rho|=0.00: its axis is not explored yet, so a low score there is absence of data rather than absence of effect
[select] kept count_dq_mixed despite |rho|=0.00: its axis is not explored yet, so a low score there is absence of data rather than absence of effect
[select] kept count_sq_special despite |rho|=0.00: its axis is not explored yet, so a low score there is absence of data rather than absence of effect
[select] kept count_sq_char despite |rho|=0.00: its axis is not explored yet, so a low score there is absence of data rather than absence of effect
[select] kept count_dq_special despite |rho|=0.00: its axis is not explored yet, so a low score there is absence of data rather than absence of effect
[select] kept count_dq_char despite |rho|=0.00: its axis is not explored yet, so a low score there is absence of data rather than absence of effect
[select] kept count_regex_argument despite |rho|=0.00: its axis is not explored yet, so a low score there is absence of data rather than absence of effect
[select] kept count_iregexp_literal despite |rho|=0.00: its axis is not explored yet, so a low score there is absence of data rather than absence of effect
[select] kept count_ire_regexp despite |rho|=0.00: its axis is not explored yet, so a low score there is absence of data rather than absence of effect
[select] kept count_ire_branch despite |rho|=0.00: its axis is not explored yet, so a low score there is absence of data rather than absence of effect
[select] kept count_ire_piece despite |rho|=0.00: its axis is not explored yet, so a low score there is absence of data rather than absence of effect
[select] kept count_ire_quantifier despite |rho|=0.00: its axis is not explored yet, so a low score there is absence of data rather than absence of effect
[select] kept count_ire_range_quantifier despite |rho|=0.00: its axis is not explored yet, so a low score there is absence of data rather than absence of effect
[select] kept count_ire_char_class despite |rho|=0.00: its axis is not explored yet, so a low score there is absence of data rather than absence of effect
[select] kept count_ire_char_class_expr despite |rho|=0.00: its axis is not explored yet, so a low score there is absence of data rather than absence of effect
[select] kept count_ire_cce1 despite |rho|=0.00: its axis is not explored yet, so a low score there is absence of data rather than absence of effect
[select] kept count_ire_alt despite |rho|=0.00: its axis is not explored yet, so a low score there is absence of data rather than absence of effect
[select] kept count_match_expr despite |rho|=0.00: its axis is not explored yet, so a low score there is absence of data rather than absence of effect
[select] kept count_and_tail despite |rho|=0.00: its axis is not explored yet, so a low score there is absence of data rather than absence of effect
[select] kept count_or_tail despite |rho|=0.00: its axis is not explored yet, so a low score there is absence of data rather than absence of effect
[select] kept count_paren_expr despite |rho|=0.00: its axis is not explored yet, so a low score there is absence of data rather than absence of effect
[select] kept count_comparison_expr despite |rho|=0.00: its axis is not explored yet, so a low score there is absence of data rather than absence of effect
[select] kept count_logical_not_op despite |rho|=0.00: its axis is not explored yet, so a low score there is absence of data rather than absence of effect
[select] kept count_comparable despite |rho|=0.00: its axis is not explored yet, so a low score there is absence of data rather than absence of effect
[select] kept count_ire_normal_char despite |rho|=0.00: its axis is not explored yet, so a low score there is absence of data rather than absence of effect
[select] dropped count_wildcard_selector: |rho|=0.84 with count_descendant_segment, which is already kept
[select] dropped count_index_selector: over the 4-property cap
[select] dropped count_int: over the 4-property cap
[select] dropped doc_bytes: over the 4-property cap
[select] dropped count_doc_name_mixed: over the 4-property cap
[select] dropped count_doc_name_char: over the 4-property cap
[select] dropped count_nonempty_array: over the 4-property cap
[select] dropped count_doc_name_special: over the 4-property cap
[select] dropped count_D: over the 4-property cap
[select] dropped count_more_value: over the 4-property cap
[select] dropped count_name_first: over the 4-property cap
[select] dropped count_ws: over the 4-property cap
[select] dropped count_name_char: over the 4-property cap
[select] dropped count_hexchar: over the 4-property cap
[select] dropped count_doc_char: over the 4-property cap
[select] dropped count_nonempty_object: over the 4-property cap
[select] dropped count_HEXDIG: over the 4-property cap
[select] dropped count_member_name_shorthand: over the 4-property cap
[select] dropped count_value: over the 4-property cap
[select] dropped count_high_surrogate: over the 4-property cap
[select] dropped count_bracketed_selection: over the 4-property cap
[select] dropped count_low_surrogate: over the 4-property cap
[select] dropped count_doc_special: over the 4-property cap
[select] dropped count_doc_mixed: over the 4-property cap
[select] dropped count_selector: over the 4-property cap
[select] dropped count_member: over the 4-property cap
[select] dropped count_more_member: over the 4-property cap
[select] dropped count_non_surrogate: over the 4-property cap
[select] dropped count_B: over the 4-property cap
[select] dropped count_oct_digit: over the 4-property cap
[select] dropped count_doc_string: over the 4-property cap
[select] dropped count_slice_selector: over the 4-property cap
[select] dropped count_pos_int: over the 4-property cap
[select] dropped count_non_d_hex: over the 4-property cap
[select] dropped count_DIGIT1: over the 4-property cap
[select] dropped count_object: over the 4-property cap
[select] dropped count_child_segment: over the 4-property cap
[select] dropped count_array: over the 4-property cap
[select] dropped doc_depth: over the 4-property cap
[select] dropped count_DIGIT: over the 4-property cap
[select] dropped count_frac: over the 4-property cap
[select] dropped count_letter: over the 4-property cap
[select] dropped count_doc_number: over the 4-property cap
[select] dropped count_name_dq_special: over the 4-property cap
[select] dropped count_more_selector: over the 4-property cap
[select] dropped count_name_dq_mixed: over the 4-property cap
[select] dropped count_escapable: over the 4-property cap
[select] dropped count_name_dq_char: over the 4-property cap
[select] dropped count_name_sq_chars: over the 4-property cap
[select] dropped count_name_selector: over the 4-property cap
[select] dropped count_name_dq_chars: over the 4-property cap
[select] dropped count_sign_opt: over the 4-property cap
[select] dropped count_doc_exp: over the 4-property cap
[select] dropped count_name_sq_mixed: over the 4-property cap
[select] dropped count_name_sq_special: over the 4-property cap
[select] dropped count_name_sq_char: over the 4-property cap
[select] dropped count_filter_selector: over the 4-property cap
[select] dropped count_logical_expr: over the 4-property cap
[select] dropped count_logical_and_expr: over the 4-property cap
[select] dropped count_basic_expr: over the 4-property cap
[select] dropped count_test_expr: over the 4-property cap
[select] dropped count_logical_function_expr: over the 4-property cap
[select] dropped count_search_expr: over the 4-property cap
[select] dropped count_S: over the 4-property cap
[select] dropped count_value_argument: over the 4-property cap
[select] dropped count_singular_query: over the 4-property cap
[select] dropped count_abs_singular_query: over the 4-property cap
[select] dropped count_s_singular_segment: over the 4-property cap
[select] dropped count_index_segment: over the 4-property cap
[select] dropped count_name_segment: over the 4-property cap
[select] dropped count_rel_singular_query: over the 4-property cap
[select] dropped count_value_function_expr: over the 4-property cap
[select] dropped count_count_expr: over the 4-property cap
[select] dropped count_filter_query: over the 4-property cap
[select] dropped count_rel_query: over the 4-property cap
[select] dropped count_abs_query: over the 4-property cap
[select] dropped count_length_expr: over the 4-property cap
[select] dropped count_value_expr: over the 4-property cap
[select] dropped count_literal: over the 4-property cap
[select] dropped count_number: over the 4-property cap
[select] dropped count_exp: over the 4-property cap
[select] dropped count_string_literal: over the 4-property cap
[select] dropped count_sq_chars: over the 4-property cap
[select] dropped count_sq_mixed: over the 4-property cap
[select] dropped count_dq_chars: over the 4-property cap
[select] dropped count_dq_mixed: over the 4-property cap
[select] dropped count_sq_special: over the 4-property cap
[select] dropped count_sq_char: over the 4-property cap
[select] dropped count_dq_special: over the 4-property cap
[select] dropped count_dq_char: over the 4-property cap
[select] dropped count_regex_argument: over the 4-property cap
[select] dropped count_iregexp_literal: over the 4-property cap
[select] dropped count_ire_regexp: over the 4-property cap
[select] dropped count_ire_branch: over the 4-property cap
[select] dropped count_ire_piece: over the 4-property cap
[select] dropped count_ire_quantifier: over the 4-property cap
[select] dropped count_ire_range_quantifier: over the 4-property cap
[select] dropped count_ire_char_class: over the 4-property cap
[select] dropped count_ire_char_class_expr: over the 4-property cap
[select] dropped count_ire_cce1: over the 4-property cap
[select] dropped count_ire_alt: over the 4-property cap
[select] dropped count_match_expr: over the 4-property cap
[select] dropped count_and_tail: over the 4-property cap
[select] dropped count_or_tail: over the 4-property cap
[select] dropped count_paren_expr: over the 4-property cap
[select] dropped count_comparison_expr: over the 4-property cap
[select] dropped count_logical_not_op: over the 4-property cap
[select] dropped count_comparable: over the 4-property cap
[select] dropped count_ire_normal_char: over the 4-property cap
[select] count_descendant_segment stands for count_wildcard_selector (indistinguishable here)
[select] joint fit uses 4 of 113 properties: count_s_segment, count_descendant_segment, count_doc_escape, query_len (1,296 model fits)
[jsonpath_ng_latest] loop targets 4 of 113 properties: count_s_segment, count_descendant_segment, count_doc_escape, query_len
[jsonpath_ng_latest] targeting 8 regions: runtime_ns_divergence, count_descendant_segment_undecided0, count_doc_escape_x_query_len_joint, query_len_beyond, runtime_ns_high, count_descendant_segment_edge0, runtime_ns_sparse0, query_len_sparse5
  [seeds] skipped 1 seed(s) over 4096B; parsing one costs more than the request it would seed
[metrics] jsonpath_ng_1_5_2: no measurement after 3 failed attempts; leaving this input unmeasured
[metrics] jsonpath_ng_1_5_3: no measurement after 3 failed attempts; leaving this input unmeasured
[metrics] jsonpath_ng_1_6_0: no measurement after 3 failed attempts; leaving this input unmeasured
[metrics] jsonpath_ng_1_5_2: no measurement after 3 failed attempts; leaving this input unmeasured
[metrics] jsonpath_ng_1_5_3: no measurement after 3 failed attempts; leaving this input unmeasured
[metrics] jsonpath_ng_1_6_0: no measurement after 3 failed attempts; leaving this input unmeasured
[metrics] jsonpath_ng_1_6_1: no measurement after 3 failed attempts; leaving this input unmeasured
[metrics] jsonpath_ng_1_7_0: no measurement after 3 failed attempts; leaving this input unmeasured
  [runtime_ns_divergence] 15s: +4 new input(s), 4 distinct shape(s), 4 measured
  [count_descendant_segment_undecided0] 12 comparison(s) undecided in count_descendant_segment [3.826,7.483): jsonpath_ng_1_5_2 vs jsonpath_ng_1_5_3 on runtime_ns and 11 more -> <s_segment>{7,9}
[metrics] jsonpath_ng_1_5_2: no measurement after 3 failed attempts; leaving this input unmeasured
[metrics] jsonpath_ng_1_5_3: no measurement after 3 failed attempts; leaving this input unmeasured
[metrics] jsonpath_ng_1_6_0: no measurement after 3 failed attempts; leaving this input unmeasured
[metrics] jsonpath_ng_1_6_1: no measurement after 3 failed attempts; leaving this input unmeasured
[metrics] jsonpath_ng_1_7_0: no measurement after 3 failed attempts; leaving this input unmeasured
[metrics] jsonpath_ng_1_8_0: no measurement after 3 failed attempts; leaving this input unmeasured
[metrics] jsonpath_ng_1_5_2: no measurement after 3 failed attempts; leaving this input unmeasured
[metrics] jsonpath_ng_1_5_3: no measurement after 3 failed attempts; leaving this input unmeasured
[metrics] jsonpath_ng_1_6_0: no measurement after 3 failed attempts; leaving this input unmeasured
[metrics] jsonpath_ng_1_6_1: no measurement after 3 failed attempts; leaving this input unmeasured
[metrics] jsonpath_ng_1_7_0: no measurement after 3 failed attempts; leaving this input unmeasured
[metrics] jsonpath_ng_1_8_0: no measurement after 3 failed attempts; leaving this input unmeasured
[metrics] jsonpath_ng_1_5_2: no measurement after 3 failed attempts; leaving this input unmeasured
[metrics] jsonpath_ng_1_5_3: no measurement after 3 failed attempts; leaving this input unmeasured
[metrics] jsonpath_ng_1_6_0: no measurement after 3 failed attempts; leaving this input unmeasured
[metrics] jsonpath_ng_1_6_1: no measurement after 3 failed attempts; leaving this input unmeasured
[metrics] jsonpath_ng_1_7_0: no measurement after 3 failed attempts; leaving this input unmeasured
[metrics] jsonpath_ng_1_8_0: no measurement after 3 failed attempts; leaving this input unmeasured
[metrics] jsonpath_ng_1_5_2: no measurement after 3 failed attempts; leaving this input unmeasured
[metrics] jsonpath_ng_1_5_3: no measurement after 3 failed attempts; leaving this input unmeasured
[metrics] jsonpath_ng_1_6_0: no measurement after 3 failed attempts; leaving this input unmeasured
[metrics] jsonpath_ng_1_6_1: no measurement after 3 failed attempts; leaving this input unmeasured
[metrics] jsonpath_ng_1_7_0: no measurement after 3 failed attempts; leaving this input unmeasured
[metrics] jsonpath_ng_1_8_0: no measurement after 3 failed attempts; leaving this input unmeasured
[metrics] jsonpath_ng_1_5_2: no measurement after 3 failed attempts; leaving this input unmeasured
[metrics] jsonpath_ng_1_5_3: no measurement after 3 failed attempts; leaving this input unmeasured
[metrics] jsonpath_ng_1_6_0: no measurement after 3 failed attempts; leaving this input unmeasured
[metrics] jsonpath_ng_1_6_1: no measurement after 3 failed attempts; leaving this input unmeasured
[metrics] jsonpath_ng_1_7_0: no measurement after 3 failed attempts; leaving this input unmeasured
[metrics] jsonpath_ng_1_8_0: no measurement after 3 failed attempts; leaving this input unmeasured
[metrics] jsonpath_ng_1_5_2: no measurement after 3 failed attempts; leaving this input unmeasured
[metrics] jsonpath_ng_1_5_3: no measurement after 3 failed attempts; leaving this input unmeasured
[metrics] jsonpath_ng_1_6_0: no measurement after 3 failed attempts; leaving this input unmeasured
[metrics] jsonpath_ng_1_6_1: no measurement after 3 failed attempts; leaving this input unmeasured
[metrics] jsonpath_ng_1_7_0: no measurement after 3 failed attempts; leaving this input unmeasured
[metrics] jsonpath_ng_1_8_0: no measurement after 3 failed attempts; leaving this input unmeasured
[metrics] jsonpath_ng_1_5_2: no measurement after 3 failed attempts; leaving this input unmeasured
[metrics] jsonpath_ng_1_5_3: no measurement after 3 failed attempts; leaving this input unmeasured
[metrics] jsonpath_ng_1_6_0: no measurement after 3 failed attempts; leaving this input unmeasured
[metrics] jsonpath_ng_1_6_1: no measurement after 3 failed attempts; leaving this input unmeasured
[metrics] jsonpath_ng_1_7_0: no measurement after 3 failed attempts; leaving this input unmeasured
[metrics] jsonpath_ng_1_8_0: no measurement after 3 failed attempts; leaving this input unmeasured
[metrics] jsonpath_ng_1_5_2: no measurement after 3 failed attempts; leaving this input unmeasured
[metrics] jsonpath_ng_1_5_3: no measurement after 3 failed attempts; leaving this input unmeasured
[metrics] jsonpath_ng_1_6_0: no measurement after 3 failed attempts; leaving this input unmeasured
[metrics] jsonpath_ng_1_6_1: no measurement after 3 failed attempts; leaving this input unmeasured
[metrics] jsonpath_ng_1_7_0: no measurement after 3 failed attempts; leaving this input unmeasured
[metrics] jsonpath_ng_1_8_0: no measurement after 3 failed attempts; leaving this input unmeasured
[metrics] jsonpath_ng_1_5_2: no measurement after 3 failed attempts; leaving this input unmeasured
[metrics] jsonpath_ng_1_5_3: no measurement after 3 failed attempts; leaving this input unmeasured
[metrics] jsonpath_ng_1_6_0: no measurement after 3 failed attempts; leaving this input unmeasured
[metrics] jsonpath_ng_1_6_1: no measurement after 3 failed attempts; leaving this input unmeasured
[metrics] jsonpath_ng_1_7_0: no measurement after 3 failed attempts; leaving this input unmeasured
[metrics] jsonpath_ng_1_8_0: no measurement after 3 failed attempts; leaving this input unmeasured
[metrics] jsonpath_ng_1_5_2: no measurement after 3 failed attempts; leaving this input unmeasured
[metrics] jsonpath_ng_1_5_3: no measurement after 3 failed attempts; leaving this input unmeasured
[metrics] jsonpath_ng_1_6_0: no measurement after 3 failed attempts; leaving this input unmeasured
[metrics] jsonpath_ng_1_6_1: no measurement after 3 failed attempts; leaving this input unmeasured
[metrics] jsonpath_ng_1_7_0: no measurement after 3 failed attempts; leaving this input unmeasured
[metrics] jsonpath_ng_1_8_0: no measurement after 3 failed attempts; leaving this input unmeasured
  [count_descendant_segment_undecided0] 23s: +10 new input(s), 10 distinct shape(s), 0 measured
  [count_doc_escape_x_query_len_joint] query_len spans 1..10647 overall, 1..45 at count_doc_escape in [8,9.6]; maximizing it at <more_member>{5,7}
  [count_doc_escape_x_query_len_joint] 6 of 7 seeds do not parse; seeding with 1.
[budget] generation cut at 300s after 45 generations (42 solutions); this request is not reproducible
  [soft] maximizing query_len: 42 candidates, best=1660, keeping 10 spanning 1660..1568
[metrics] jsonpath_ng_1_5_2: no measurement after 3 failed attempts; leaving this input unmeasured
[metrics] jsonpath_ng_1_5_3: no measurement after 3 failed attempts; leaving this input unmeasured
[metrics] jsonpath_ng_1_6_0: no measurement after 3 failed attempts; leaving this input unmeasured
[metrics] jsonpath_ng_1_6_1: no measurement after 3 failed attempts; leaving this input unmeasured
[metrics] jsonpath_ng_1_7_0: no measurement after 3 failed attempts; leaving this input unmeasured
[metrics] jsonpath_ng_1_8_0: no measurement after 3 failed attempts; leaving this input unmeasured
[metrics] jsonpath_ng_1_5_2: no measurement after 3 failed attempts; leaving this input unmeasured
[metrics] jsonpath_ng_1_5_3: no measurement after 3 failed attempts; leaving this input unmeasured
[metrics] jsonpath_ng_1_6_0: no measurement after 3 failed attempts; leaving this input unmeasured
[metrics] jsonpath_ng_1_6_1: no measurement after 3 failed attempts; leaving this input unmeasured
[metrics] jsonpath_ng_1_7_0: no measurement after 3 failed attempts; leaving this input unmeasured
[metrics] jsonpath_ng_1_8_0: no measurement after 3 failed attempts; leaving this input unmeasured
[metrics] jsonpath_ng_1_5_2: no measurement after 3 failed attempts; leaving this input unmeasured
[metrics] jsonpath_ng_1_5_3: no measurement after 3 failed attempts; leaving this input unmeasured
[metrics] jsonpath_ng_1_6_0: no measurement after 3 failed attempts; leaving this input unmeasured
[metrics] jsonpath_ng_1_6_1: no measurement after 3 failed attempts; leaving this input unmeasured
[metrics] jsonpath_ng_1_7_0: no measurement after 3 failed attempts; leaving this input unmeasured
[metrics] jsonpath_ng_1_8_0: no measurement after 3 failed attempts; leaving this input unmeasured
[metrics] jsonpath_ng_1_5_2: no measurement after 3 failed attempts; leaving this input unmeasured
[metrics] jsonpath_ng_1_5_3: no measurement after 3 failed attempts; leaving this input unmeasured
[metrics] jsonpath_ng_1_6_0: no measurement after 3 failed attempts; leaving this input unmeasured
[metrics] jsonpath_ng_1_6_1: no measurement after 3 failed attempts; leaving this input unmeasured
[metrics] jsonpath_ng_1_7_0: no measurement after 3 failed attempts; leaving this input unmeasured
[metrics] jsonpath_ng_1_8_0: no measurement after 3 failed attempts; leaving this input unmeasured
[metrics] jsonpath_ng_1_5_2: no measurement after 3 failed attempts; leaving this input unmeasured
[metrics] jsonpath_ng_1_5_3: no measurement after 3 failed attempts; leaving this input unmeasured
[metrics] jsonpath_ng_1_6_0: no measurement after 3 failed attempts; leaving this input unmeasured
[metrics] jsonpath_ng_1_6_1: no measurement after 3 failed attempts; leaving this input unmeasured
[metrics] jsonpath_ng_1_7_0: no measurement after 3 failed attempts; leaving this input unmeasured
[metrics] jsonpath_ng_1_8_0: no measurement after 3 failed attempts; leaving this input unmeasured
[metrics] jsonpath_ng_1_5_2: no measurement after 3 failed attempts; leaving this input unmeasured
[metrics] jsonpath_ng_1_5_3: no measurement after 3 failed attempts; leaving this input unmeasured
[metrics] jsonpath_ng_1_6_0: no measurement after 3 failed attempts; leaving this input unmeasured
[metrics] jsonpath_ng_1_6_1: no measurement after 3 failed attempts; leaving this input unmeasured
[metrics] jsonpath_ng_1_7_0: no measurement after 3 failed attempts; leaving this input unmeasured
[metrics] jsonpath_ng_1_8_0: no measurement after 3 failed attempts; leaving this input unmeasured
[metrics] jsonpath_ng_1_5_2: no measurement after 3 failed attempts; leaving this input unmeasured
[metrics] jsonpath_ng_1_5_3: no measurement after 3 failed attempts; leaving this input unmeasured
[metrics] jsonpath_ng_1_6_0: no measurement after 3 failed attempts; leaving this input unmeasured
[metrics] jsonpath_ng_1_6_1: no measurement after 3 failed attempts; leaving this input unmeasured
[metrics] jsonpath_ng_1_7_0: no measurement after 3 failed attempts; leaving this input unmeasured
[metrics] jsonpath_ng_1_8_0: no measurement after 3 failed attempts; leaving this input unmeasured
[metrics] jsonpath_ng_1_5_2: no measurement after 3 failed attempts; leaving this input unmeasured
[metrics] jsonpath_ng_1_5_3: no measurement after 3 failed attempts; leaving this input unmeasured
[metrics] jsonpath_ng_1_6_0: no measurement after 3 failed attempts; leaving this input unmeasured
[metrics] jsonpath_ng_1_6_1: no measurement after 3 failed attempts; leaving this input unmeasured
[metrics] jsonpath_ng_1_7_0: no measurement after 3 failed attempts; leaving this input unmeasured
[metrics] jsonpath_ng_1_8_0: no measurement after 3 failed attempts; leaving this input unmeasured
[metrics] jsonpath_ng_1_5_2: no measurement after 3 failed attempts; leaving this input unmeasured
[metrics] jsonpath_ng_1_5_3: no measurement after 3 failed attempts; leaving this input unmeasured
[metrics] jsonpath_ng_1_6_0: no measurement after 3 failed attempts; leaving this input unmeasured
[metrics] jsonpath_ng_1_6_1: no measurement after 3 failed attempts; leaving this input unmeasured
[metrics] jsonpath_ng_1_7_0: no measurement after 3 failed attempts; leaving this input unmeasured
[metrics] jsonpath_ng_1_8_0: no measurement after 3 failed attempts; leaving this input unmeasured
[metrics] jsonpath_ng_1_5_2: no measurement after 3 failed attempts; leaving this input unmeasured
[metrics] jsonpath_ng_1_5_3: no measurement after 3 failed attempts; leaving this input unmeasured
[metrics] jsonpath_ng_1_6_0: no measurement after 3 failed attempts; leaving this input unmeasured
[metrics] jsonpath_ng_1_6_1: no measurement after 3 failed attempts; leaving this input unmeasured
[metrics] jsonpath_ng_1_7_0: no measurement after 3 failed attempts; leaving this input unmeasured
[metrics] jsonpath_ng_1_8_0: no measurement after 3 failed attempts; leaving this input unmeasured
  [count_doc_escape_x_query_len_joint] 344s: +10 new input(s), 5 distinct shape(s), 0 measured [CUT: generation budget, not reproducible]
  [query_len_beyond] rung 2
[WARNING] recursion limit hit generating from ./results/rq1/20261003-0308-jsonpath_ng_latest/run1/jsonpath_ng_latest/grammars/jsonpath_ng_latest_target_3_query_len_beyond.fan; lower max_repetition or max_nodes for this grammar.
  [query_len_beyond] 118s: no new inputs
  [seeds] skipped 1 seed(s) over 4096B; parsing one costs more than the request it would seed
[metrics] jsonpath_ng_1_5_2: no measurement after 3 failed attempts; leaving this input unmeasured
[metrics] jsonpath_ng_1_5_3: no measurement after 3 failed attempts; leaving this input unmeasured
[metrics] jsonpath_ng_1_6_0: no measurement after 3 failed attempts; leaving this input unmeasured
[metrics] jsonpath_ng_1_5_2: no measurement after 3 failed attempts; leaving this input unmeasured
[metrics] jsonpath_ng_1_5_3: no measurement after 3 failed attempts; leaving this input unmeasured
[metrics] jsonpath_ng_1_6_0: no measurement after 3 failed attempts; leaving this input unmeasured
[metrics] jsonpath_ng_1_5_2: no measurement after 3 failed attempts; leaving this input unmeasured
[metrics] jsonpath_ng_1_5_3: no measurement after 3 failed attempts; leaving this input unmeasured
[metrics] jsonpath_ng_1_6_0: no measurement after 3 failed attempts; leaving this input unmeasured
[metrics] jsonpath_ng_1_6_1: no measurement after 3 failed attempts; leaving this input unmeasured
[metrics] jsonpath_ng_1_7_0: no measurement after 3 failed attempts; leaving this input unmeasured
[metrics] jsonpath_ng_1_8_0: no measurement after 3 failed attempts; leaving this input unmeasured
[metrics] jsonpath_ng_1_5_2: no measurement after 3 failed attempts; leaving this input unmeasured
[metrics] jsonpath_ng_1_5_3: no measurement after 3 failed attempts; leaving this input unmeasured
[metrics] jsonpath_ng_1_6_0: no measurement after 3 failed attempts; leaving this input unmeasured
[metrics] jsonpath_ng_1_6_1: no measurement after 3 failed attempts; leaving this input unmeasured
[metrics] jsonpath_ng_1_7_0: no measurement after 3 failed attempts; leaving this input unmeasured
[metrics] jsonpath_ng_1_8_0: no measurement after 3 failed attempts; leaving this input unmeasured
  [runtime_ns_high] 21s: +4 new input(s), 3 distinct shape(s), 2 measured
  [count_descendant_segment_edge0] <s_segment>{20,22} for the top 15% of count_descendant_segment ([10,56])
[metrics] jsonpath_ng_1_5_2: no measurement after 3 failed attempts; leaving this input unmeasured
[metrics] jsonpath_ng_1_5_3: no measurement after 3 failed attempts; leaving this input unmeasured
[metrics] jsonpath_ng_1_6_0: no measurement after 3 failed attempts; leaving this input unmeasured
[metrics] jsonpath_ng_1_6_1: no measurement after 3 failed attempts; leaving this input unmeasured
[metrics] jsonpath_ng_1_7_0: no measurement after 3 failed attempts; leaving this input unmeasured
[metrics] jsonpath_ng_1_8_0: no measurement after 3 failed attempts; leaving this input unmeasured
[metrics] jsonpath_ng_1_5_2: no measurement after 3 failed attempts; leaving this input unmeasured
[metrics] jsonpath_ng_1_5_3: no measurement after 3 failed attempts; leaving this input unmeasured
[metrics] jsonpath_ng_1_6_0: no measurement after 3 failed attempts; leaving this input unmeasured
[metrics] jsonpath_ng_1_6_1: no measurement after 3 failed attempts; leaving this input unmeasured
[metrics] jsonpath_ng_1_7_0: no measurement after 3 failed attempts; leaving this input unmeasured
[metrics] jsonpath_ng_1_8_0: no measurement after 3 failed attempts; leaving this input unmeasured
[metrics] jsonpath_ng_1_5_2: no measurement after 3 failed attempts; leaving this input unmeasured
[metrics] jsonpath_ng_1_5_3: no measurement after 3 failed attempts; leaving this input unmeasured
[metrics] jsonpath_ng_1_6_0: no measurement after 3 failed attempts; leaving this input unmeasured
[metrics] jsonpath_ng_1_6_1: no measurement after 3 failed attempts; leaving this input unmeasured
[metrics] jsonpath_ng_1_7_0: no measurement after 3 failed attempts; leaving this input unmeasured
[metrics] jsonpath_ng_1_8_0: no measurement after 3 failed attempts; leaving this input unmeasured
[metrics] jsonpath_ng_1_5_2: no measurement after 3 failed attempts; leaving this input unmeasured
[metrics] jsonpath_ng_1_5_3: no measurement after 3 failed attempts; leaving this input unmeasured
[metrics] jsonpath_ng_1_6_0: no measurement after 3 failed attempts; leaving this input unmeasured
[metrics] jsonpath_ng_1_6_1: no measurement after 3 failed attempts; leaving this input unmeasured
[metrics] jsonpath_ng_1_7_0: no measurement after 3 failed attempts; leaving this input unmeasured
[metrics] jsonpath_ng_1_8_0: no measurement after 3 failed attempts; leaving this input unmeasured
[metrics] jsonpath_ng_1_5_2: no measurement after 3 failed attempts; leaving this input unmeasured
[metrics] jsonpath_ng_1_5_3: no measurement after 3 failed attempts; leaving this input unmeasured
[metrics] jsonpath_ng_1_6_0: no measurement after 3 failed attempts; leaving this input unmeasured
[metrics] jsonpath_ng_1_6_1: no measurement after 3 failed attempts; leaving this input unmeasured
[metrics] jsonpath_ng_1_7_0: no measurement after 3 failed attempts; leaving this input unmeasured
[metrics] jsonpath_ng_1_8_0: no measurement after 3 failed attempts; leaving this input unmeasured
[metrics] jsonpath_ng_1_5_2: no measurement after 3 failed attempts; leaving this input unmeasured
[metrics] jsonpath_ng_1_5_3: no measurement after 3 failed attempts; leaving this input unmeasured
[metrics] jsonpath_ng_1_6_0: no measurement after 3 failed attempts; leaving this input unmeasured
[metrics] jsonpath_ng_1_6_1: no measurement after 3 failed attempts; leaving this input unmeasured
[metrics] jsonpath_ng_1_7_0: no measurement after 3 failed attempts; leaving this input unmeasured
[metrics] jsonpath_ng_1_8_0: no measurement after 3 failed attempts; leaving this input unmeasured
[metrics] jsonpath_ng_1_5_2: no measurement after 3 failed attempts; leaving this input unmeasured
[metrics] jsonpath_ng_1_5_3: no measurement after 3 failed attempts; leaving this input unmeasured
[metrics] jsonpath_ng_1_6_0: no measurement after 3 failed attempts; leaving this input unmeasured
[metrics] jsonpath_ng_1_6_1: no measurement after 3 failed attempts; leaving this input unmeasured
[metrics] jsonpath_ng_1_7_0: no measurement after 3 failed attempts; leaving this input unmeasured
[metrics] jsonpath_ng_1_8_0: no measurement after 3 failed attempts; leaving this input unmeasured
[metrics] jsonpath_ng_1_5_2: no measurement after 3 failed attempts; leaving this input unmeasured
[metrics] jsonpath_ng_1_5_3: no measurement after 3 failed attempts; leaving this input unmeasured
[metrics] jsonpath_ng_1_6_0: no measurement after 3 failed attempts; leaving this input unmeasured
[metrics] jsonpath_ng_1_6_1: no measurement after 3 failed attempts; leaving this input unmeasured
[metrics] jsonpath_ng_1_7_0: no measurement after 3 failed attempts; leaving this input unmeasured
[metrics] jsonpath_ng_1_8_0: no measurement after 3 failed attempts; leaving this input unmeasured
[metrics] jsonpath_ng_1_5_2: no measurement after 3 failed attempts; leaving this input unmeasured
[metrics] jsonpath_ng_1_5_3: no measurement after 3 failed attempts; leaving this input unmeasured
[metrics] jsonpath_ng_1_6_0: no measurement after 3 failed attempts; leaving this input unmeasured
[metrics] jsonpath_ng_1_6_1: no measurement after 3 failed attempts; leaving this input unmeasured
[metrics] jsonpath_ng_1_7_0: no measurement after 3 failed attempts; leaving this input unmeasured
[metrics] jsonpath_ng_1_8_0: no measurement after 3 failed attempts; leaving this input unmeasured
[metrics] jsonpath_ng_1_5_2: no measurement after 3 failed attempts; leaving this input unmeasured
[metrics] jsonpath_ng_1_5_3: no measurement after 3 failed attempts; leaving this input unmeasured
[metrics] jsonpath_ng_1_6_0: no measurement after 3 failed attempts; leaving this input unmeasured
[metrics] jsonpath_ng_1_6_1: no measurement after 3 failed attempts; leaving this input unmeasured
[metrics] jsonpath_ng_1_7_0: no measurement after 3 failed attempts; leaving this input unmeasured
[metrics] jsonpath_ng_1_8_0: no measurement after 3 failed attempts; leaving this input unmeasured
  [count_descendant_segment_edge0] 20s: +10 new input(s), 10 distinct shape(s), 0 measured
  [runtime_ns_sparse0] 37s: no new inputs
  [seeds] skipped 1 seed(s) over 4096B; parsing one costs more than the request it would seed
[WARNING] Fandango did not generate any valid inputs.
  [query_len_sparse5] 6s: no new inputs
[jsonpath_ng_latest] iter 2: corpus=2232 (+228 new)
[select] relevance (max |rho| vs any metric on any system): count_descendant_segment=0.66, count_wildcard_selector=0.61, count_doc_escape=0.35, count_s_segment=0.50, count_int=0.41, count_index_selector=0.34, query_len=0.41, doc_bytes=0.35, count_doc_name_mixed=0.40, count_doc_name_char=0.39, count_doc_name_special=0.38, count_nonempty_array=0.20, count_name_first=0.34, count_D=0.31, count_ws=0.33, count_doc_char=0.34, count_more_value=0.19, count_name_char=0.34, count_nonempty_object=0.31, count_hexchar=0.29, count_value=0.33, count_HEXDIG=0.30, count_member_name_shorthand=0.32, count_doc_special=0.31, count_doc_mixed=0.31, count_high_surrogate=0.29, count_low_surrogate=0.29, count_more_member=0.31, count_member=0.31, count_slice_selector=0.30, count_B=0.30, count_oct_digit=0.17, count_non_surrogate=0.21, count_object=0.23, count_bracketed_selection=0.29, count_selector=0.28, count_pos_int=0.28, count_child_segment=0.25, count_DIGIT1=0.26, doc_depth=0.22, count_non_d_hex=0.24, count_doc_string=0.24, count_array=0.22, count_doc_number=0.24, count_DIGIT=0.23, count_letter=0.22, count_frac=0.23, count_more_selector=0.06, count_name_dq_special=0.17, count_name_dq_mixed=0.17, count_escapable=0.13, count_name_dq_char=0.17, count_name_sq_chars=0.05, count_name_dq_chars=0.15, count_name_selector=0.14, count_sign_opt=0.13, count_doc_exp=0.13, count_name_sq_mixed=0.04, count_name_sq_special=0.05, count_name_sq_char=0.05, count_filter_selector=0.00, count_logical_expr=0.00, count_logical_and_expr=0.00, count_basic_expr=0.00, count_test_expr=0.00, count_logical_function_expr=0.00, count_search_expr=0.00, count_S=0.00, count_value_argument=0.00, count_singular_query=0.00, count_abs_singular_query=0.00, count_s_singular_segment=0.00, count_index_segment=0.00, count_name_segment=0.00, count_rel_singular_query=0.00, count_value_function_expr=0.00, count_count_expr=0.00, count_filter_query=0.00, count_rel_query=0.00, count_abs_query=0.00, count_length_expr=0.00, count_value_expr=0.00, count_literal=0.00, count_number=0.00, count_exp=0.00, count_string_literal=0.00, count_sq_chars=0.00, count_sq_mixed=0.00, count_dq_chars=0.00, count_dq_mixed=0.00, count_sq_special=0.00, count_sq_char=0.00, count_dq_special=0.00, count_dq_char=0.00, count_regex_argument=0.00, count_iregexp_literal=0.00, count_ire_regexp=0.00, count_ire_branch=0.00, count_ire_piece=0.00, count_ire_quantifier=0.00, count_ire_range_quantifier=0.00, count_ire_char_class=0.00, count_ire_char_class_expr=0.00, count_ire_cce1=0.00, count_ire_alt=0.00, count_match_expr=0.00, count_and_tail=0.00, count_or_tail=0.00, count_paren_expr=0.00, count_comparison_expr=0.00, count_logical_not_op=0.00, count_comparable=0.00, count_ire_normal_char=0.00
[select] comparative relevance (max |rho| vs a between-system ratio): count_descendant_segment=0.54, count_wildcard_selector=0.44, count_doc_escape=0.45, count_s_segment=0.21, count_int=0.38, count_index_selector=0.40, query_len=0.22, doc_bytes=0.39, count_doc_name_mixed=0.38, count_doc_name_char=0.38, count_doc_name_special=0.37, count_nonempty_array=0.38, count_name_first=0.27, count_D=0.36, count_ws=0.36, count_doc_char=0.33, count_more_value=0.36, count_name_char=0.27, count_nonempty_object=0.36, count_hexchar=0.35, count_value=0.34, count_HEXDIG=0.35, count_member_name_shorthand=0.20, count_doc_special=0.34, count_doc_mixed=0.34, count_high_surrogate=0.34, count_low_surrogate=0.34, count_more_member=0.31, count_member=0.33, count_slice_selector=0.24, count_B=0.26, count_oct_digit=0.29, count_non_surrogate=0.29, count_object=0.28, count_bracketed_selection=0.20, count_selector=0.21, count_pos_int=0.26, count_child_segment=0.26, count_DIGIT1=0.22, doc_depth=0.26, count_non_d_hex=0.26, count_doc_string=0.26, count_array=0.26, count_doc_number=0.23, count_DIGIT=0.18, count_letter=0.23, count_frac=0.21, count_more_selector=0.19, count_name_dq_special=0.11, count_name_dq_mixed=0.11, count_escapable=0.15, count_name_dq_char=0.11, count_name_sq_chars=0.12, count_name_dq_chars=0.09, count_name_selector=0.11, count_sign_opt=0.10, count_doc_exp=0.10, count_name_sq_mixed=0.10, count_name_sq_special=0.10, count_name_sq_char=0.10, count_filter_selector=0.00, count_logical_expr=0.00, count_logical_and_expr=0.00, count_basic_expr=0.00, count_test_expr=0.00, count_logical_function_expr=0.00, count_search_expr=0.00, count_S=0.00, count_value_argument=0.00, count_singular_query=0.00, count_abs_singular_query=0.00, count_s_singular_segment=0.00, count_index_segment=0.00, count_name_segment=0.00, count_rel_singular_query=0.00, count_value_function_expr=0.00, count_count_expr=0.00, count_filter_query=0.00, count_rel_query=0.00, count_abs_query=0.00, count_length_expr=0.00, count_value_expr=0.00, count_literal=0.00, count_number=0.00, count_exp=0.00, count_string_literal=0.00, count_sq_chars=0.00, count_sq_mixed=0.00, count_dq_chars=0.00, count_dq_mixed=0.00, count_sq_special=0.00, count_sq_char=0.00, count_dq_special=0.00, count_dq_char=0.00, count_regex_argument=0.00, count_iregexp_literal=0.00, count_ire_regexp=0.00, count_ire_branch=0.00, count_ire_piece=0.00, count_ire_quantifier=0.00, count_ire_range_quantifier=0.00, count_ire_char_class=0.00, count_ire_char_class_expr=0.00, count_ire_cce1=0.00, count_ire_alt=0.00, count_match_expr=0.00, count_and_tail=0.00, count_or_tail=0.00, count_paren_expr=0.00, count_comparison_expr=0.00, count_logical_not_op=0.00, count_comparable=0.00, count_ire_normal_char=0.00
[select] scored on the comparison rather than on the metric: count_doc_escape (0.35 -> 0.45), count_index_selector (0.34 -> 0.40), count_nonempty_array (0.20 -> 0.38), count_D (0.31 -> 0.36), count_more_value (0.19 -> 0.36), count_nonempty_object (0.31 -> 0.36), count_hexchar (0.29 -> 0.35), count_HEXDIG (0.30 -> 0.35), count_oct_digit (0.17 -> 0.29), count_non_surrogate (0.21 -> 0.29), count_more_selector (0.06 -> 0.19), count_name_sq_chars (0.05 -> 0.12), count_name_sq_mixed (0.04 -> 0.10), count_name_sq_special (0.05 -> 0.10), count_name_sq_char (0.05 -> 0.10)
[select] kept count_filter_selector despite |rho|=0.00: its axis is not explored yet, so a low score there is absence of data rather than absence of effect
[select] kept count_logical_expr despite |rho|=0.00: its axis is not explored yet, so a low score there is absence of data rather than absence of effect
[select] kept count_logical_and_expr despite |rho|=0.00: its axis is not explored yet, so a low score there is absence of data rather than absence of effect
[select] kept count_basic_expr despite |rho|=0.00: its axis is not explored yet, so a low score there is absence of data rather than absence of effect
[select] kept count_test_expr despite |rho|=0.00: its axis is not explored yet, so a low score there is absence of data rather than absence of effect
[select] kept count_logical_function_expr despite |rho|=0.00: its axis is not explored yet, so a low score there is absence of data rather than absence of effect
[select] kept count_search_expr despite |rho|=0.00: its axis is not explored yet, so a low score there is absence of data rather than absence of effect
[select] kept count_S despite |rho|=0.00: its axis is not explored yet, so a low score there is absence of data rather than absence of effect
[select] kept count_value_argument despite |rho|=0.00: its axis is not explored yet, so a low score there is absence of data rather than absence of effect
[select] kept count_singular_query despite |rho|=0.00: its axis is not explored yet, so a low score there is absence of data rather than absence of effect
[select] kept count_abs_singular_query despite |rho|=0.00: its axis is not explored yet, so a low score there is absence of data rather than absence of effect
[select] kept count_s_singular_segment despite |rho|=0.00: its axis is not explored yet, so a low score there is absence of data rather than absence of effect
[select] kept count_index_segment despite |rho|=0.00: its axis is not explored yet, so a low score there is absence of data rather than absence of effect
[select] kept count_name_segment despite |rho|=0.00: its axis is not explored yet, so a low score there is absence of data rather than absence of effect
[select] kept count_rel_singular_query despite |rho|=0.00: its axis is not explored yet, so a low score there is absence of data rather than absence of effect
[select] kept count_value_function_expr despite |rho|=0.00: its axis is not explored yet, so a low score there is absence of data rather than absence of effect
[select] kept count_count_expr despite |rho|=0.00: its axis is not explored yet, so a low score there is absence of data rather than absence of effect
[select] kept count_filter_query despite |rho|=0.00: its axis is not explored yet, so a low score there is absence of data rather than absence of effect
[select] kept count_rel_query despite |rho|=0.00: its axis is not explored yet, so a low score there is absence of data rather than absence of effect
[select] kept count_abs_query despite |rho|=0.00: its axis is not explored yet, so a low score there is absence of data rather than absence of effect
[select] kept count_length_expr despite |rho|=0.00: its axis is not explored yet, so a low score there is absence of data rather than absence of effect
[select] kept count_value_expr despite |rho|=0.00: its axis is not explored yet, so a low score there is absence of data rather than absence of effect
[select] kept count_literal despite |rho|=0.00: its axis is not explored yet, so a low score there is absence of data rather than absence of effect
[select] kept count_number despite |rho|=0.00: its axis is not explored yet, so a low score there is absence of data rather than absence of effect
[select] kept count_exp despite |rho|=0.00: its axis is not explored yet, so a low score there is absence of data rather than absence of effect
[select] kept count_string_literal despite |rho|=0.00: its axis is not explored yet, so a low score there is absence of data rather than absence of effect
[select] kept count_sq_chars despite |rho|=0.00: its axis is not explored yet, so a low score there is absence of data rather than absence of effect
[select] kept count_sq_mixed despite |rho|=0.00: its axis is not explored yet, so a low score there is absence of data rather than absence of effect
[select] kept count_dq_chars despite |rho|=0.00: its axis is not explored yet, so a low score there is absence of data rather than absence of effect
[select] kept count_dq_mixed despite |rho|=0.00: its axis is not explored yet, so a low score there is absence of data rather than absence of effect
[select] kept count_sq_special despite |rho|=0.00: its axis is not explored yet, so a low score there is absence of data rather than absence of effect
[select] kept count_sq_char despite |rho|=0.00: its axis is not explored yet, so a low score there is absence of data rather than absence of effect
[select] kept count_dq_special despite |rho|=0.00: its axis is not explored yet, so a low score there is absence of data rather than absence of effect
[select] kept count_dq_char despite |rho|=0.00: its axis is not explored yet, so a low score there is absence of data rather than absence of effect
[select] kept count_regex_argument despite |rho|=0.00: its axis is not explored yet, so a low score there is absence of data rather than absence of effect
[select] kept count_iregexp_literal despite |rho|=0.00: its axis is not explored yet, so a low score there is absence of data rather than absence of effect
[select] kept count_ire_regexp despite |rho|=0.00: its axis is not explored yet, so a low score there is absence of data rather than absence of effect
[select] kept count_ire_branch despite |rho|=0.00: its axis is not explored yet, so a low score there is absence of data rather than absence of effect
[select] kept count_ire_piece despite |rho|=0.00: its axis is not explored yet, so a low score there is absence of data rather than absence of effect
[select] kept count_ire_quantifier despite |rho|=0.00: its axis is not explored yet, so a low score there is absence of data rather than absence of effect
[select] kept count_ire_range_quantifier despite |rho|=0.00: its axis is not explored yet, so a low score there is absence of data rather than absence of effect
[select] kept count_ire_char_class despite |rho|=0.00: its axis is not explored yet, so a low score there is absence of data rather than absence of effect
[select] kept count_ire_char_class_expr despite |rho|=0.00: its axis is not explored yet, so a low score there is absence of data rather than absence of effect
[select] kept count_ire_cce1 despite |rho|=0.00: its axis is not explored yet, so a low score there is absence of data rather than absence of effect
[select] kept count_ire_alt despite |rho|=0.00: its axis is not explored yet, so a low score there is absence of data rather than absence of effect
[select] kept count_match_expr despite |rho|=0.00: its axis is not explored yet, so a low score there is absence of data rather than absence of effect
[select] kept count_and_tail despite |rho|=0.00: its axis is not explored yet, so a low score there is absence of data rather than absence of effect
[select] kept count_or_tail despite |rho|=0.00: its axis is not explored yet, so a low score there is absence of data rather than absence of effect
[select] kept count_paren_expr despite |rho|=0.00: its axis is not explored yet, so a low score there is absence of data rather than absence of effect
[select] kept count_comparison_expr despite |rho|=0.00: its axis is not explored yet, so a low score there is absence of data rather than absence of effect
[select] kept count_logical_not_op despite |rho|=0.00: its axis is not explored yet, so a low score there is absence of data rather than absence of effect
[select] kept count_comparable despite |rho|=0.00: its axis is not explored yet, so a low score there is absence of data rather than absence of effect
[select] kept count_ire_normal_char despite |rho|=0.00: its axis is not explored yet, so a low score there is absence of data rather than absence of effect
[select] dropped count_wildcard_selector: |rho|=0.86 with count_descendant_segment, which is already kept
[select] dropped count_index_selector: over the 4-property cap
[select] dropped query_len: over the 4-property cap
[select] dropped doc_bytes: over the 4-property cap
[select] dropped count_doc_name_mixed: over the 4-property cap
[select] dropped count_doc_name_char: over the 4-property cap
[select] dropped count_doc_name_special: over the 4-property cap
[select] dropped count_nonempty_array: over the 4-property cap
[select] dropped count_name_first: over the 4-property cap
[select] dropped count_D: over the 4-property cap
[select] dropped count_ws: over the 4-property cap
[select] dropped count_doc_char: over the 4-property cap
[select] dropped count_more_value: over the 4-property cap
[select] dropped count_name_char: over the 4-property cap
[select] dropped count_nonempty_object: over the 4-property cap
[select] dropped count_hexchar: over the 4-property cap
[select] dropped count_value: over the 4-property cap
[select] dropped count_HEXDIG: over the 4-property cap
[select] dropped count_member_name_shorthand: over the 4-property cap
[select] dropped count_doc_special: over the 4-property cap
[select] dropped count_doc_mixed: over the 4-property cap
[select] dropped count_high_surrogate: over the 4-property cap
[select] dropped count_low_surrogate: over the 4-property cap
[select] dropped count_more_member: over the 4-property cap
[select] dropped count_member: over the 4-property cap
[select] dropped count_slice_selector: over the 4-property cap
[select] dropped count_B: over the 4-property cap
[select] dropped count_oct_digit: over the 4-property cap
[select] dropped count_non_surrogate: over the 4-property cap
[select] dropped count_object: over the 4-property cap
[select] dropped count_bracketed_selection: over the 4-property cap
[select] dropped count_selector: over the 4-property cap
[select] dropped count_pos_int: over the 4-property cap
[select] dropped count_child_segment: over the 4-property cap
[select] dropped count_DIGIT1: over the 4-property cap
[select] dropped doc_depth: over the 4-property cap
[select] dropped count_non_d_hex: over the 4-property cap
[select] dropped count_doc_string: over the 4-property cap
[select] dropped count_array: over the 4-property cap
[select] dropped count_doc_number: over the 4-property cap
[select] dropped count_DIGIT: over the 4-property cap
[select] dropped count_letter: over the 4-property cap
[select] dropped count_frac: over the 4-property cap
[select] dropped count_more_selector: over the 4-property cap
[select] dropped count_name_dq_special: over the 4-property cap
[select] dropped count_name_dq_mixed: over the 4-property cap
[select] dropped count_escapable: over the 4-property cap
[select] dropped count_name_dq_char: over the 4-property cap
[select] dropped count_name_sq_chars: over the 4-property cap
[select] dropped count_name_dq_chars: over the 4-property cap
[select] dropped count_name_selector: over the 4-property cap
[select] dropped count_sign_opt: over the 4-property cap
[select] dropped count_doc_exp: over the 4-property cap
[select] dropped count_name_sq_mixed: over the 4-property cap
[select] dropped count_name_sq_special: over the 4-property cap
[select] dropped count_name_sq_char: over the 4-property cap
[select] dropped count_filter_selector: over the 4-property cap
[select] dropped count_logical_expr: over the 4-property cap
[select] dropped count_logical_and_expr: over the 4-property cap
[select] dropped count_basic_expr: over the 4-property cap
[select] dropped count_test_expr: over the 4-property cap
[select] dropped count_logical_function_expr: over the 4-property cap
[select] dropped count_search_expr: over the 4-property cap
[select] dropped count_S: over the 4-property cap
[select] dropped count_value_argument: over the 4-property cap
[select] dropped count_singular_query: over the 4-property cap
[select] dropped count_abs_singular_query: over the 4-property cap
[select] dropped count_s_singular_segment: over the 4-property cap
[select] dropped count_index_segment: over the 4-property cap
[select] dropped count_name_segment: over the 4-property cap
[select] dropped count_rel_singular_query: over the 4-property cap
[select] dropped count_value_function_expr: over the 4-property cap
[select] dropped count_count_expr: over the 4-property cap
[select] dropped count_filter_query: over the 4-property cap
[select] dropped count_rel_query: over the 4-property cap
[select] dropped count_abs_query: over the 4-property cap
[select] dropped count_length_expr: over the 4-property cap
[select] dropped count_value_expr: over the 4-property cap
[select] dropped count_literal: over the 4-property cap
[select] dropped count_number: over the 4-property cap
[select] dropped count_exp: over the 4-property cap
[select] dropped count_string_literal: over the 4-property cap
[select] dropped count_sq_chars: over the 4-property cap
[select] dropped count_sq_mixed: over the 4-property cap
[select] dropped count_dq_chars: over the 4-property cap
[select] dropped count_dq_mixed: over the 4-property cap
[select] dropped count_sq_special: over the 4-property cap
[select] dropped count_sq_char: over the 4-property cap
[select] dropped count_dq_special: over the 4-property cap
[select] dropped count_dq_char: over the 4-property cap
[select] dropped count_regex_argument: over the 4-property cap
[select] dropped count_iregexp_literal: over the 4-property cap
[select] dropped count_ire_regexp: over the 4-property cap
[select] dropped count_ire_branch: over the 4-property cap
[select] dropped count_ire_piece: over the 4-property cap
[select] dropped count_ire_quantifier: over the 4-property cap
[select] dropped count_ire_range_quantifier: over the 4-property cap
[select] dropped count_ire_char_class: over the 4-property cap
[select] dropped count_ire_char_class_expr: over the 4-property cap
[select] dropped count_ire_cce1: over the 4-property cap
[select] dropped count_ire_alt: over the 4-property cap
[select] dropped count_match_expr: over the 4-property cap
[select] dropped count_and_tail: over the 4-property cap
[select] dropped count_or_tail: over the 4-property cap
[select] dropped count_paren_expr: over the 4-property cap
[select] dropped count_comparison_expr: over the 4-property cap
[select] dropped count_logical_not_op: over the 4-property cap
[select] dropped count_comparable: over the 4-property cap
[select] dropped count_ire_normal_char: over the 4-property cap
[select] count_descendant_segment stands for count_wildcard_selector (indistinguishable here)
[select] joint fit uses 4 of 113 properties: count_s_segment, count_int, count_descendant_segment, count_doc_escape (1,296 model fits)
[jsonpath_ng_latest] loop targets 4 of 113 properties: count_s_segment, count_int, count_descendant_segment, count_doc_escape
[jsonpath_ng_latest] targeting 8 regions: runtime_ns_divergence, count_int_undecided0, count_descendant_segment_beyond, runtime_ns_high, count_s_segment_edge0, runtime_ns_sparse0, count_descendant_segment_sparse8_0, count_descendant_segment_undecided0
  [seeds] skipped 1 seed(s) over 4096B; parsing one costs more than the request it would seed
[metrics] jsonpath_ng_1_5_2: no measurement after 3 failed attempts; leaving this input unmeasured
[metrics] jsonpath_ng_1_5_3: no measurement after 3 failed attempts; leaving this input unmeasured
[metrics] jsonpath_ng_1_6_0: no measurement after 3 failed attempts; leaving this input unmeasured
[metrics] jsonpath_ng_1_6_1: no measurement after 3 failed attempts; leaving this input unmeasured
[metrics] jsonpath_ng_1_7_0: no measurement after 3 failed attempts; leaving this input unmeasured
  [runtime_ns_divergence] 15s: +4 new input(s), 4 distinct shape(s), 4 measured
  [count_int_undecided0] 5 comparison(s) undecided in count_int [1,2.165): jsonpath_ng_1_5_2 vs jsonpath_ng_1_5_3 on runtime_ns and 4 more -> <s_segment>{1,3}
  [count_int_undecided0] 19s: +10 new input(s), 8 distinct shape(s), 10 measured
  [count_descendant_segment_beyond] <s_segment>{24,28} (rung 1, 4000 nodes)
[metrics] jsonpath_ng_1_5_2: no measurement after 3 failed attempts; leaving this input unmeasured
[metrics] jsonpath_ng_1_5_3: no measurement after 3 failed attempts; leaving this input unmeasured
[metrics] jsonpath_ng_1_6_0: no measurement after 3 failed attempts; leaving this input unmeasured
[metrics] jsonpath_ng_1_6_1: no measurement after 3 failed attempts; leaving this input unmeasured
[metrics] jsonpath_ng_1_7_0: no measurement after 3 failed attempts; leaving this input unmeasured
[metrics] jsonpath_ng_1_8_0: no measurement after 3 failed attempts; leaving this input unmeasured
[metrics] jsonpath_ng_1_5_2: no measurement after 3 failed attempts; leaving this input unmeasured
[metrics] jsonpath_ng_1_5_3: no measurement after 3 failed attempts; leaving this input unmeasured
[metrics] jsonpath_ng_1_6_0: no measurement after 3 failed attempts; leaving this input unmeasured
[metrics] jsonpath_ng_1_6_1: no measurement after 3 failed attempts; leaving this input unmeasured
[metrics] jsonpath_ng_1_7_0: no measurement after 3 failed attempts; leaving this input unmeasured
[metrics] jsonpath_ng_1_8_0: no measurement after 3 failed attempts; leaving this input unmeasured
[metrics] jsonpath_ng_1_5_2: no measurement after 3 failed attempts; leaving this input unmeasured
[metrics] jsonpath_ng_1_5_3: no measurement after 3 failed attempts; leaving this input unmeasured
[metrics] jsonpath_ng_1_6_0: no measurement after 3 failed attempts; leaving this input unmeasured
[metrics] jsonpath_ng_1_6_1: no measurement after 3 failed attempts; leaving this input unmeasured
[metrics] jsonpath_ng_1_7_0: no measurement after 3 failed attempts; leaving this input unmeasured
[metrics] jsonpath_ng_1_8_0: no measurement after 3 failed attempts; leaving this input unmeasured
[metrics] jsonpath_ng_1_5_2: no measurement after 3 failed attempts; leaving this input unmeasured
[metrics] jsonpath_ng_1_5_3: no measurement after 3 failed attempts; leaving this input unmeasured
[metrics] jsonpath_ng_1_6_0: no measurement after 3 failed attempts; leaving this input unmeasured
[metrics] jsonpath_ng_1_6_1: no measurement after 3 failed attempts; leaving this input unmeasured
[metrics] jsonpath_ng_1_7_0: no measurement after 3 failed attempts; leaving this input unmeasured
[metrics] jsonpath_ng_1_8_0: no measurement after 3 failed attempts; leaving this input unmeasured
[metrics] jsonpath_ng_1_5_2: no measurement after 3 failed attempts; leaving this input unmeasured
[metrics] jsonpath_ng_1_5_3: no measurement after 3 failed attempts; leaving this input unmeasured
[metrics] jsonpath_ng_1_6_0: no measurement after 3 failed attempts; leaving this input unmeasured
[metrics] jsonpath_ng_1_6_1: no measurement after 3 failed attempts; leaving this input unmeasured
[metrics] jsonpath_ng_1_7_0: no measurement after 3 failed attempts; leaving this input unmeasured
[metrics] jsonpath_ng_1_8_0: no measurement after 3 failed attempts; leaving this input unmeasured
[metrics] jsonpath_ng_1_5_2: no measurement after 3 failed attempts; leaving this input unmeasured
[metrics] jsonpath_ng_1_5_3: no measurement after 3 failed attempts; leaving this input unmeasured
[metrics] jsonpath_ng_1_6_0: no measurement after 3 failed attempts; leaving this input unmeasured
[metrics] jsonpath_ng_1_6_1: no measurement after 3 failed attempts; leaving this input unmeasured
[metrics] jsonpath_ng_1_7_0: no measurement after 3 failed attempts; leaving this input unmeasured
[metrics] jsonpath_ng_1_8_0: no measurement after 3 failed attempts; leaving this input unmeasured
[metrics] jsonpath_ng_1_5_2: no measurement after 3 failed attempts; leaving this input unmeasured
[metrics] jsonpath_ng_1_5_3: no measurement after 3 failed attempts; leaving this input unmeasured
[metrics] jsonpath_ng_1_6_0: no measurement after 3 failed attempts; leaving this input unmeasured
[metrics] jsonpath_ng_1_6_1: no measurement after 3 failed attempts; leaving this input unmeasured
[metrics] jsonpath_ng_1_7_0: no measurement after 3 failed attempts; leaving this input unmeasured
[metrics] jsonpath_ng_1_8_0: no measurement after 3 failed attempts; leaving this input unmeasured
[metrics] jsonpath_ng_1_5_2: no measurement after 3 failed attempts; leaving this input unmeasured
[metrics] jsonpath_ng_1_5_3: no measurement after 3 failed attempts; leaving this input unmeasured
[metrics] jsonpath_ng_1_6_0: no measurement after 3 failed attempts; leaving this input unmeasured
[metrics] jsonpath_ng_1_6_1: no measurement after 3 failed attempts; leaving this input unmeasured
[metrics] jsonpath_ng_1_7_0: no measurement after 3 failed attempts; leaving this input unmeasured
[metrics] jsonpath_ng_1_8_0: no measurement after 3 failed attempts; leaving this input unmeasured
[metrics] jsonpath_ng_1_5_2: no measurement after 3 failed attempts; leaving this input unmeasured
[metrics] jsonpath_ng_1_5_3: no measurement after 3 failed attempts; leaving this input unmeasured
[metrics] jsonpath_ng_1_6_0: no measurement after 3 failed attempts; leaving this input unmeasured
[metrics] jsonpath_ng_1_6_1: no measurement after 3 failed attempts; leaving this input unmeasured
[metrics] jsonpath_ng_1_7_0: no measurement after 3 failed attempts; leaving this input unmeasured
[metrics] jsonpath_ng_1_8_0: no measurement after 3 failed attempts; leaving this input unmeasured
[metrics] jsonpath_ng_1_5_2: no measurement after 3 failed attempts; leaving this input unmeasured
[metrics] jsonpath_ng_1_5_3: no measurement after 3 failed attempts; leaving this input unmeasured
[metrics] jsonpath_ng_1_6_0: no measurement after 3 failed attempts; leaving this input unmeasured
[metrics] jsonpath_ng_1_6_1: no measurement after 3 failed attempts; leaving this input unmeasured
[metrics] jsonpath_ng_1_7_0: no measurement after 3 failed attempts; leaving this input unmeasured
[metrics] jsonpath_ng_1_8_0: no measurement after 3 failed attempts; leaving this input unmeasured
  [count_descendant_segment_beyond] 19s: +10 new input(s), 10 distinct shape(s), 0 measured
  [seeds] skipped 1 seed(s) over 4096B; parsing one costs more than the request it would seed
[metrics] jsonpath_ng_1_5_2: no measurement after 3 failed attempts; leaving this input unmeasured
[metrics] jsonpath_ng_1_5_3: no measurement after 3 failed attempts; leaving this input unmeasured
[metrics] jsonpath_ng_1_6_0: no measurement after 3 failed attempts; leaving this input unmeasured
[metrics] jsonpath_ng_1_5_2: no measurement after 3 failed attempts; leaving this input unmeasured
[metrics] jsonpath_ng_1_5_3: no measurement after 3 failed attempts; leaving this input unmeasured
[metrics] jsonpath_ng_1_6_0: no measurement after 3 failed attempts; leaving this input unmeasured
  [runtime_ns_high] 19s: +4 new input(s), 3 distinct shape(s), 4 measured
  [count_s_segment_edge0] <s_segment>{24,26} for the top 15% of count_s_segment ([29,131])
[metrics] jsonpath_ng_1_5_2: no measurement after 3 failed attempts; leaving this input unmeasured
[metrics] jsonpath_ng_1_5_3: no measurement after 3 failed attempts; leaving this input unmeasured
[metrics] jsonpath_ng_1_6_0: no measurement after 3 failed attempts; leaving this input unmeasured
[metrics] jsonpath_ng_1_6_1: no measurement after 3 failed attempts; leaving this input unmeasured
[metrics] jsonpath_ng_1_7_0: no measurement after 3 failed attempts; leaving this input unmeasured
[metrics] jsonpath_ng_1_8_0: no measurement after 3 failed attempts; leaving this input unmeasured
[metrics] jsonpath_ng_1_5_2: no measurement after 3 failed attempts; leaving this input unmeasured
[metrics] jsonpath_ng_1_5_3: no measurement after 3 failed attempts; leaving this input unmeasured
[metrics] jsonpath_ng_1_6_0: no measurement after 3 failed attempts; leaving this input unmeasured
[metrics] jsonpath_ng_1_6_1: no measurement after 3 failed attempts; leaving this input unmeasured
[metrics] jsonpath_ng_1_7_0: no measurement after 3 failed attempts; leaving this input unmeasured
[metrics] jsonpath_ng_1_8_0: no measurement after 3 failed attempts; leaving this input unmeasured
[metrics] jsonpath_ng_1_5_2: no measurement after 3 failed attempts; leaving this input unmeasured
[metrics] jsonpath_ng_1_5_3: no measurement after 3 failed attempts; leaving this input unmeasured
[metrics] jsonpath_ng_1_6_0: no measurement after 3 failed attempts; leaving this input unmeasured
[metrics] jsonpath_ng_1_6_1: no measurement after 3 failed attempts; leaving this input unmeasured
[metrics] jsonpath_ng_1_7_0: no measurement after 3 failed attempts; leaving this input unmeasured
[metrics] jsonpath_ng_1_8_0: no measurement after 3 failed attempts; leaving this input unmeasured
[metrics] jsonpath_ng_1_5_2: no measurement after 3 failed attempts; leaving this input unmeasured
[metrics] jsonpath_ng_1_5_3: no measurement after 3 failed attempts; leaving this input unmeasured
[metrics] jsonpath_ng_1_6_0: no measurement after 3 failed attempts; leaving this input unmeasured
[metrics] jsonpath_ng_1_6_1: no measurement after 3 failed attempts; leaving this input unmeasured
[metrics] jsonpath_ng_1_7_0: no measurement after 3 failed attempts; leaving this input unmeasured
[metrics] jsonpath_ng_1_8_0: no measurement after 3 failed attempts; leaving this input unmeasured
[metrics] jsonpath_ng_1_5_2: no measurement after 3 failed attempts; leaving this input unmeasured
[metrics] jsonpath_ng_1_5_3: no measurement after 3 failed attempts; leaving this input unmeasured
[metrics] jsonpath_ng_1_6_0: no measurement after 3 failed attempts; leaving this input unmeasured
[metrics] jsonpath_ng_1_6_1: no measurement after 3 failed attempts; leaving this input unmeasured
[metrics] jsonpath_ng_1_7_0: no measurement after 3 failed attempts; leaving this input unmeasured
[metrics] jsonpath_ng_1_8_0: no measurement after 3 failed attempts; leaving this input unmeasured
[metrics] jsonpath_ng_1_5_2: no measurement after 3 failed attempts; leaving this input unmeasured
[metrics] jsonpath_ng_1_5_3: no measurement after 3 failed attempts; leaving this input unmeasured
[metrics] jsonpath_ng_1_6_0: no measurement after 3 failed attempts; leaving this input unmeasured
[metrics] jsonpath_ng_1_6_1: no measurement after 3 failed attempts; leaving this input unmeasured
[metrics] jsonpath_ng_1_7_0: no measurement after 3 failed attempts; leaving this input unmeasured
[metrics] jsonpath_ng_1_8_0: no measurement after 3 failed attempts; leaving this input unmeasured
[metrics] jsonpath_ng_1_5_2: no measurement after 3 failed attempts; leaving this input unmeasured
[metrics] jsonpath_ng_1_5_3: no measurement after 3 failed attempts; leaving this input unmeasured
[metrics] jsonpath_ng_1_6_0: no measurement after 3 failed attempts; leaving this input unmeasured
[metrics] jsonpath_ng_1_6_1: no measurement after 3 failed attempts; leaving this input unmeasured
[metrics] jsonpath_ng_1_7_0: no measurement after 3 failed attempts; leaving this input unmeasured
[metrics] jsonpath_ng_1_8_0: no measurement after 3 failed attempts; leaving this input unmeasured
[metrics] jsonpath_ng_1_5_2: no measurement after 3 failed attempts; leaving this input unmeasured
[metrics] jsonpath_ng_1_5_3: no measurement after 3 failed attempts; leaving this input unmeasured
[metrics] jsonpath_ng_1_6_0: no measurement after 3 failed attempts; leaving this input unmeasured
[metrics] jsonpath_ng_1_6_1: no measurement after 3 failed attempts; leaving this input unmeasured
[metrics] jsonpath_ng_1_7_0: no measurement after 3 failed attempts; leaving this input unmeasured
[metrics] jsonpath_ng_1_8_0: no measurement after 3 failed attempts; leaving this input unmeasured
[metrics] jsonpath_ng_1_5_2: no measurement after 3 failed attempts; leaving this input unmeasured
[metrics] jsonpath_ng_1_5_3: no measurement after 3 failed attempts; leaving this input unmeasured
[metrics] jsonpath_ng_1_6_0: no measurement after 3 failed attempts; leaving this input unmeasured
[metrics] jsonpath_ng_1_6_1: no measurement after 3 failed attempts; leaving this input unmeasured
[metrics] jsonpath_ng_1_7_0: no measurement after 3 failed attempts; leaving this input unmeasured
[metrics] jsonpath_ng_1_8_0: no measurement after 3 failed attempts; leaving this input unmeasured
[metrics] jsonpath_ng_1_5_2: no measurement after 3 failed attempts; leaving this input unmeasured
[metrics] jsonpath_ng_1_5_3: no measurement after 3 failed attempts; leaving this input unmeasured
[metrics] jsonpath_ng_1_6_0: no measurement after 3 failed attempts; leaving this input unmeasured
[metrics] jsonpath_ng_1_6_1: no measurement after 3 failed attempts; leaving this input unmeasured
[metrics] jsonpath_ng_1_7_0: no measurement after 3 failed attempts; leaving this input unmeasured
[metrics] jsonpath_ng_1_8_0: no measurement after 3 failed attempts; leaving this input unmeasured
  [count_s_segment_edge0] 20s: +10 new input(s), 10 distinct shape(s), 0 measured
  [runtime_ns_sparse0] 36s: no new inputs
  [count_descendant_segment_sparse8_0] <s_segment>{24,26} for count_descendant_segment in [57.6,64.8]
[metrics] jsonpath_ng_1_5_2: no measurement after 3 failed attempts; leaving this input unmeasured
[metrics] jsonpath_ng_1_5_3: no measurement after 3 failed attempts; leaving this input unmeasured
[metrics] jsonpath_ng_1_6_0: no measurement after 3 failed attempts; leaving this input unmeasured
[metrics] jsonpath_ng_1_6_1: no measurement after 3 failed attempts; leaving this input unmeasured
[metrics] jsonpath_ng_1_7_0: no measurement after 3 failed attempts; leaving this input unmeasured
[metrics] jsonpath_ng_1_8_0: no measurement after 3 failed attempts; leaving this input unmeasured
[metrics] jsonpath_ng_1_5_2: no measurement after 3 failed attempts; leaving this input unmeasured
[metrics] jsonpath_ng_1_5_3: no measurement after 3 failed attempts; leaving this input unmeasured
[metrics] jsonpath_ng_1_6_0: no measurement after 3 failed attempts; leaving this input unmeasured
[metrics] jsonpath_ng_1_6_1: no measurement after 3 failed attempts; leaving this input unmeasured
[metrics] jsonpath_ng_1_7_0: no measurement after 3 failed attempts; leaving this input unmeasured
[metrics] jsonpath_ng_1_8_0: no measurement after 3 failed attempts; leaving this input unmeasured
[metrics] jsonpath_ng_1_5_2: no measurement after 3 failed attempts; leaving this input unmeasured
[metrics] jsonpath_ng_1_5_3: no measurement after 3 failed attempts; leaving this input unmeasured
[metrics] jsonpath_ng_1_6_0: no measurement after 3 failed attempts; leaving this input unmeasured
[metrics] jsonpath_ng_1_6_1: no measurement after 3 failed attempts; leaving this input unmeasured
[metrics] jsonpath_ng_1_7_0: no measurement after 3 failed attempts; leaving this input unmeasured
[metrics] jsonpath_ng_1_8_0: no measurement after 3 failed attempts; leaving this input unmeasured
[metrics] jsonpath_ng_1_5_2: no measurement after 3 failed attempts; leaving this input unmeasured
[metrics] jsonpath_ng_1_5_3: no measurement after 3 failed attempts; leaving this input unmeasured
[metrics] jsonpath_ng_1_6_0: no measurement after 3 failed attempts; leaving this input unmeasured
[metrics] jsonpath_ng_1_6_1: no measurement after 3 failed attempts; leaving this input unmeasured
[metrics] jsonpath_ng_1_7_0: no measurement after 3 failed attempts; leaving this input unmeasured
[metrics] jsonpath_ng_1_8_0: no measurement after 3 failed attempts; leaving this input unmeasured
[metrics] jsonpath_ng_1_5_2: no measurement after 3 failed attempts; leaving this input unmeasured
[metrics] jsonpath_ng_1_5_3: no measurement after 3 failed attempts; leaving this input unmeasured
[metrics] jsonpath_ng_1_6_0: no measurement after 3 failed attempts; leaving this input unmeasured
[metrics] jsonpath_ng_1_6_1: no measurement after 3 failed attempts; leaving this input unmeasured
[metrics] jsonpath_ng_1_7_0: no measurement after 3 failed attempts; leaving this input unmeasured
[metrics] jsonpath_ng_1_8_0: no measurement after 3 failed attempts; leaving this input unmeasured
[metrics] jsonpath_ng_1_5_2: no measurement after 3 failed attempts; leaving this input unmeasured
[metrics] jsonpath_ng_1_5_3: no measurement after 3 failed attempts; leaving this input unmeasured
[metrics] jsonpath_ng_1_6_0: no measurement after 3 failed attempts; leaving this input unmeasured
[metrics] jsonpath_ng_1_6_1: no measurement after 3 failed attempts; leaving this input unmeasured
[metrics] jsonpath_ng_1_7_0: no measurement after 3 failed attempts; leaving this input unmeasured
[metrics] jsonpath_ng_1_8_0: no measurement after 3 failed attempts; leaving this input unmeasured
[metrics] jsonpath_ng_1_5_2: no measurement after 3 failed attempts; leaving this input unmeasured
[metrics] jsonpath_ng_1_5_3: no measurement after 3 failed attempts; leaving this input unmeasured
[metrics] jsonpath_ng_1_6_0: no measurement after 3 failed attempts; leaving this input unmeasured
[metrics] jsonpath_ng_1_6_1: no measurement after 3 failed attempts; leaving this input unmeasured
[metrics] jsonpath_ng_1_7_0: no measurement after 3 failed attempts; leaving this input unmeasured
[metrics] jsonpath_ng_1_8_0: no measurement after 3 failed attempts; leaving this input unmeasured
[metrics] jsonpath_ng_1_5_2: no measurement after 3 failed attempts; leaving this input unmeasured
[metrics] jsonpath_ng_1_5_3: no measurement after 3 failed attempts; leaving this input unmeasured
[metrics] jsonpath_ng_1_6_0: no measurement after 3 failed attempts; leaving this input unmeasured
[metrics] jsonpath_ng_1_6_1: no measurement after 3 failed attempts; leaving this input unmeasured
[metrics] jsonpath_ng_1_7_0: no measurement after 3 failed attempts; leaving this input unmeasured
[metrics] jsonpath_ng_1_8_0: no measurement after 3 failed attempts; leaving this input unmeasured
[metrics] jsonpath_ng_1_5_2: no measurement after 3 failed attempts; leaving this input unmeasured
[metrics] jsonpath_ng_1_5_3: no measurement after 3 failed attempts; leaving this input unmeasured
[metrics] jsonpath_ng_1_6_0: no measurement after 3 failed attempts; leaving this input unmeasured
[metrics] jsonpath_ng_1_6_1: no measurement after 3 failed attempts; leaving this input unmeasured
[metrics] jsonpath_ng_1_7_0: no measurement after 3 failed attempts; leaving this input unmeasured
[metrics] jsonpath_ng_1_8_0: no measurement after 3 failed attempts; leaving this input unmeasured
[metrics] jsonpath_ng_1_5_2: no measurement after 3 failed attempts; leaving this input unmeasured
[metrics] jsonpath_ng_1_5_3: no measurement after 3 failed attempts; leaving this input unmeasured
[metrics] jsonpath_ng_1_6_0: no measurement after 3 failed attempts; leaving this input unmeasured
[metrics] jsonpath_ng_1_6_1: no measurement after 3 failed attempts; leaving this input unmeasured
[metrics] jsonpath_ng_1_7_0: no measurement after 3 failed attempts; leaving this input unmeasured
[metrics] jsonpath_ng_1_8_0: no measurement after 3 failed attempts; leaving this input unmeasured
  [count_descendant_segment_sparse8_0] 19s: +10 new input(s), 10 distinct shape(s), 0 measured
  [count_descendant_segment_undecided0] 15 comparison(s) undecided in count_descendant_segment [4.16,8.485): jsonpath_ng_1_5_2 vs jsonpath_ng_1_5_3 on runtime_ns and 14 more -> <s_segment>{8,10}
[metrics] jsonpath_ng_1_5_2: no measurement after 3 failed attempts; leaving this input unmeasured
[metrics] jsonpath_ng_1_5_3: no measurement after 3 failed attempts; leaving this input unmeasured
[metrics] jsonpath_ng_1_6_0: no measurement after 3 failed attempts; leaving this input unmeasured
[metrics] jsonpath_ng_1_6_1: no measurement after 3 failed attempts; leaving this input unmeasured
[metrics] jsonpath_ng_1_7_0: no measurement after 3 failed attempts; leaving this input unmeasured
[metrics] jsonpath_ng_1_8_0: no measurement after 3 failed attempts; leaving this input unmeasured
[metrics] jsonpath_ng_1_5_2: no measurement after 3 failed attempts; leaving this input unmeasured
[metrics] jsonpath_ng_1_5_3: no measurement after 3 failed attempts; leaving this input unmeasured
[metrics] jsonpath_ng_1_6_0: no measurement after 3 failed attempts; leaving this input unmeasured
[metrics] jsonpath_ng_1_6_1: no measurement after 3 failed attempts; leaving this input unmeasured
[metrics] jsonpath_ng_1_7_0: no measurement after 3 failed attempts; leaving this input unmeasured
[metrics] jsonpath_ng_1_8_0: no measurement after 3 failed attempts; leaving this input unmeasured
[metrics] jsonpath_ng_1_5_2: no measurement after 3 failed attempts; leaving this input unmeasured
[metrics] jsonpath_ng_1_5_3: no measurement after 3 failed attempts; leaving this input unmeasured
[metrics] jsonpath_ng_1_6_0: no measurement after 3 failed attempts; leaving this input unmeasured
[metrics] jsonpath_ng_1_6_1: no measurement after 3 failed attempts; leaving this input unmeasured
[metrics] jsonpath_ng_1_7_0: no measurement after 3 failed attempts; leaving this input unmeasured
[metrics] jsonpath_ng_1_8_0: no measurement after 3 failed attempts; leaving this input unmeasured
[metrics] jsonpath_ng_1_5_2: no measurement after 3 failed attempts; leaving this input unmeasured
[metrics] jsonpath_ng_1_5_3: no measurement after 3 failed attempts; leaving this input unmeasured
[metrics] jsonpath_ng_1_6_0: no measurement after 3 failed attempts; leaving this input unmeasured
[metrics] jsonpath_ng_1_6_1: no measurement after 3 failed attempts; leaving this input unmeasured
[metrics] jsonpath_ng_1_7_0: no measurement after 3 failed attempts; leaving this input unmeasured
[metrics] jsonpath_ng_1_8_0: no measurement after 3 failed attempts; leaving this input unmeasured
[metrics] jsonpath_ng_1_5_2: no measurement after 3 failed attempts; leaving this input unmeasured
[metrics] jsonpath_ng_1_5_3: no measurement after 3 failed attempts; leaving this input unmeasured
[metrics] jsonpath_ng_1_6_0: no measurement after 3 failed attempts; leaving this input unmeasured
[metrics] jsonpath_ng_1_6_1: no measurement after 3 failed attempts; leaving this input unmeasured
[metrics] jsonpath_ng_1_7_0: no measurement after 3 failed attempts; leaving this input unmeasured
[metrics] jsonpath_ng_1_8_0: no measurement after 3 failed attempts; leaving this input unmeasured
[metrics] jsonpath_ng_1_5_2: no measurement after 3 failed attempts; leaving this input unmeasured
[metrics] jsonpath_ng_1_5_3: no measurement after 3 failed attempts; leaving this input unmeasured
[metrics] jsonpath_ng_1_6_0: no measurement after 3 failed attempts; leaving this input unmeasured
[metrics] jsonpath_ng_1_6_1: no measurement after 3 failed attempts; leaving this input unmeasured
[metrics] jsonpath_ng_1_7_0: no measurement after 3 failed attempts; leaving this input unmeasured
[metrics] jsonpath_ng_1_8_0: no measurement after 3 failed attempts; leaving this input unmeasured
[metrics] jsonpath_ng_1_5_2: no measurement after 3 failed attempts; leaving this input unmeasured
[metrics] jsonpath_ng_1_5_3: no measurement after 3 failed attempts; leaving this input unmeasured
[metrics] jsonpath_ng_1_6_0: no measurement after 3 failed attempts; leaving this input unmeasured
[metrics] jsonpath_ng_1_6_1: no measurement after 3 failed attempts; leaving this input unmeasured
[metrics] jsonpath_ng_1_7_0: no measurement after 3 failed attempts; leaving this input unmeasured
[metrics] jsonpath_ng_1_8_0: no measurement after 3 failed attempts; leaving this input unmeasured
[metrics] jsonpath_ng_1_5_2: no measurement after 3 failed attempts; leaving this input unmeasured
[metrics] jsonpath_ng_1_5_3: no measurement after 3 failed attempts; leaving this input unmeasured
[metrics] jsonpath_ng_1_6_0: no measurement after 3 failed attempts; leaving this input unmeasured
[metrics] jsonpath_ng_1_6_1: no measurement after 3 failed attempts; leaving this input unmeasured
[metrics] jsonpath_ng_1_7_0: no measurement after 3 failed attempts; leaving this input unmeasured
[metrics] jsonpath_ng_1_8_0: no measurement after 3 failed attempts; leaving this input unmeasured
[metrics] jsonpath_ng_1_5_2: no measurement after 3 failed attempts; leaving this input unmeasured
[metrics] jsonpath_ng_1_5_3: no measurement after 3 failed attempts; leaving this input unmeasured
[metrics] jsonpath_ng_1_6_0: no measurement after 3 failed attempts; leaving this input unmeasured
[metrics] jsonpath_ng_1_6_1: no measurement after 3 failed attempts; leaving this input unmeasured
[metrics] jsonpath_ng_1_7_0: no measurement after 3 failed attempts; leaving this input unmeasured
[metrics] jsonpath_ng_1_8_0: no measurement after 3 failed attempts; leaving this input unmeasured
[metrics] jsonpath_ng_1_5_2: no measurement after 3 failed attempts; leaving this input unmeasured
[metrics] jsonpath_ng_1_5_3: no measurement after 3 failed attempts; leaving this input unmeasured
[metrics] jsonpath_ng_1_6_0: no measurement after 3 failed attempts; leaving this input unmeasured
[metrics] jsonpath_ng_1_6_1: no measurement after 3 failed attempts; leaving this input unmeasured
[metrics] jsonpath_ng_1_7_0: no measurement after 3 failed attempts; leaving this input unmeasured
[metrics] jsonpath_ng_1_8_0: no measurement after 3 failed attempts; leaving this input unmeasured
  [count_descendant_segment_undecided0] 19s: +10 new input(s), 10 distinct shape(s), 0 measured
[jsonpath_ng_latest] iter 3: corpus=2580 (+348 new)
[select] relevance (max |rho| vs any metric on any system): count_descendant_segment=0.63, count_wildcard_selector=0.55, count_nonempty_array=0.28, count_s_segment=0.40, count_more_value=0.27, count_value=0.38, count_doc_name_mixed=0.38, count_doc_escape=0.35, count_ws=0.38, count_D=0.25, count_doc_name_char=0.37, count_HEXDIG=0.23, count_doc_name_special=0.37, count_hexchar=0.23, doc_bytes=0.36, count_high_surrogate=0.23, count_int=0.35, count_low_surrogate=0.23, count_more_member=0.32, count_doc_char=0.32, query_len=0.31, count_child_segment=0.11, count_member=0.31, count_doc_mixed=0.29, count_index_selector=0.28, count_nonempty_object=0.29, count_doc_special=0.29, count_object=0.29, doc_depth=0.28, count_doc_string=0.28, count_B=0.28, count_pos_int=0.28, count_non_surrogate=0.15, count_name_first=0.27, count_slice_selector=0.27, count_oct_digit=0.13, count_array=0.26, count_name_char=0.27, count_member_name_shorthand=0.27, count_doc_number=0.27, count_non_d_hex=0.20, count_letter=0.26, count_DIGIT1=0.23, count_frac=0.23, count_bracketed_selection=0.21, count_DIGIT=0.20, count_selector=0.20, count_more_selector=0.10, count_sign_opt=0.16, count_doc_exp=0.16, count_name_dq_mixed=0.13, count_name_dq_special=0.13, count_name_dq_char=0.13, count_escapable=0.08, count_name_sq_chars=0.06, count_name_dq_chars=0.10, count_name_sq_mixed=0.07, count_name_sq_special=0.07, count_name_selector=0.07, count_name_sq_char=0.07, count_filter_selector=0.00, count_logical_expr=0.00, count_logical_and_expr=0.00, count_basic_expr=0.00, count_test_expr=0.00, count_logical_function_expr=0.00, count_search_expr=0.00, count_S=0.00, count_value_argument=0.00, count_singular_query=0.00, count_abs_singular_query=0.00, count_s_singular_segment=0.00, count_index_segment=0.00, count_name_segment=0.00, count_rel_singular_query=0.00, count_value_function_expr=0.00, count_count_expr=0.00, count_filter_query=0.00, count_rel_query=0.00, count_abs_query=0.00, count_length_expr=0.00, count_value_expr=0.00, count_literal=0.00, count_number=0.00, count_exp=0.00, count_string_literal=0.00, count_sq_chars=0.00, count_sq_mixed=0.00, count_dq_chars=0.00, count_dq_mixed=0.00, count_sq_special=0.00, count_sq_char=0.00, count_dq_special=0.00, count_dq_char=0.00, count_regex_argument=0.00, count_iregexp_literal=0.00, count_ire_regexp=0.00, count_ire_branch=0.00, count_ire_piece=0.00, count_ire_quantifier=0.00, count_ire_range_quantifier=0.00, count_ire_char_class=0.00, count_ire_char_class_expr=0.00, count_ire_cce1=0.00, count_ire_alt=0.00, count_match_expr=0.00, count_and_tail=0.00, count_or_tail=0.00, count_paren_expr=0.00, count_comparison_expr=0.00, count_logical_not_op=0.00, count_comparable=0.00, count_ire_normal_char=0.00
[select] comparative relevance (max |rho| vs a between-system ratio): count_descendant_segment=0.53, count_wildcard_selector=0.39, count_nonempty_array=0.41, count_s_segment=0.19, count_more_value=0.40, count_value=0.34, count_doc_name_mixed=0.32, count_doc_escape=0.37, count_ws=0.34, count_D=0.37, count_doc_name_char=0.31, count_HEXDIG=0.35, count_doc_name_special=0.31, count_hexchar=0.35, doc_bytes=0.34, count_high_surrogate=0.35, count_int=0.29, count_low_surrogate=0.35, count_more_member=0.25, count_doc_char=0.30, query_len=0.21, count_child_segment=0.33, count_member=0.26, count_doc_mixed=0.30, count_index_selector=0.31, count_nonempty_object=0.28, count_doc_special=0.31, count_object=0.28, doc_depth=0.28, count_doc_string=0.26, count_B=0.21, count_pos_int=0.23, count_non_surrogate=0.28, count_name_first=0.25, count_slice_selector=0.23, count_oct_digit=0.27, count_array=0.27, count_name_char=0.25, count_member_name_shorthand=0.21, count_doc_number=0.21, count_non_d_hex=0.25, count_letter=0.23, count_DIGIT1=0.16, count_frac=0.17, count_bracketed_selection=0.14, count_DIGIT=0.12, count_selector=0.15, count_more_selector=0.18, count_sign_opt=0.10, count_doc_exp=0.10, count_name_dq_mixed=0.13, count_name_dq_special=0.13, count_name_dq_char=0.13, count_escapable=0.12, count_name_sq_chars=0.12, count_name_dq_chars=0.09, count_name_sq_mixed=0.11, count_name_sq_special=0.11, count_name_selector=0.10, count_name_sq_char=0.11, count_filter_selector=0.00, count_logical_expr=0.00, count_logical_and_expr=0.00, count_basic_expr=0.00, count_test_expr=0.00, count_logical_function_expr=0.00, count_search_expr=0.00, count_S=0.00, count_value_argument=0.00, count_singular_query=0.00, count_abs_singular_query=0.00, count_s_singular_segment=0.00, count_index_segment=0.00, count_name_segment=0.00, count_rel_singular_query=0.00, count_value_function_expr=0.00, count_count_expr=0.00, count_filter_query=0.00, count_rel_query=0.00, count_abs_query=0.00, count_length_expr=0.00, count_value_expr=0.00, count_literal=0.00, count_number=0.00, count_exp=0.00, count_string_literal=0.00, count_sq_chars=0.00, count_sq_mixed=0.00, count_dq_chars=0.00, count_dq_mixed=0.00, count_sq_special=0.00, count_sq_char=0.00, count_dq_special=0.00, count_dq_char=0.00, count_regex_argument=0.00, count_iregexp_literal=0.00, count_ire_regexp=0.00, count_ire_branch=0.00, count_ire_piece=0.00, count_ire_quantifier=0.00, count_ire_range_quantifier=0.00, count_ire_char_class=0.00, count_ire_char_class_expr=0.00, count_ire_cce1=0.00, count_ire_alt=0.00, count_match_expr=0.00, count_and_tail=0.00, count_or_tail=0.00, count_paren_expr=0.00, count_comparison_expr=0.00, count_logical_not_op=0.00, count_comparable=0.00, count_ire_normal_char=0.00
[select] scored on the comparison rather than on the metric: count_nonempty_array (0.28 -> 0.41), count_more_value (0.27 -> 0.40), count_D (0.25 -> 0.37), count_HEXDIG (0.23 -> 0.35), count_hexchar (0.23 -> 0.35), count_high_surrogate (0.23 -> 0.35), count_low_surrogate (0.23 -> 0.35), count_child_segment (0.11 -> 0.33), count_non_surrogate (0.15 -> 0.28), count_oct_digit (0.13 -> 0.27), count_non_d_hex (0.20 -> 0.25), count_more_selector (0.10 -> 0.18), count_name_sq_chars (0.06 -> 0.12)
[select] kept count_filter_selector despite |rho|=0.00: its axis is not explored yet, so a low score there is absence of data rather than absence of effect
[select] kept count_logical_expr despite |rho|=0.00: its axis is not explored yet, so a low score there is absence of data rather than absence of effect
[select] kept count_logical_and_expr despite |rho|=0.00: its axis is not explored yet, so a low score there is absence of data rather than absence of effect
[select] kept count_basic_expr despite |rho|=0.00: its axis is not explored yet, so a low score there is absence of data rather than absence of effect
[select] kept count_test_expr despite |rho|=0.00: its axis is not explored yet, so a low score there is absence of data rather than absence of effect
[select] kept count_logical_function_expr despite |rho|=0.00: its axis is not explored yet, so a low score there is absence of data rather than absence of effect
[select] kept count_search_expr despite |rho|=0.00: its axis is not explored yet, so a low score there is absence of data rather than absence of effect
[select] kept count_S despite |rho|=0.00: its axis is not explored yet, so a low score there is absence of data rather than absence of effect
[select] kept count_value_argument despite |rho|=0.00: its axis is not explored yet, so a low score there is absence of data rather than absence of effect
[select] kept count_singular_query despite |rho|=0.00: its axis is not explored yet, so a low score there is absence of data rather than absence of effect
[select] kept count_abs_singular_query despite |rho|=0.00: its axis is not explored yet, so a low score there is absence of data rather than absence of effect
[select] kept count_s_singular_segment despite |rho|=0.00: its axis is not explored yet, so a low score there is absence of data rather than absence of effect
[select] kept count_index_segment despite |rho|=0.00: its axis is not explored yet, so a low score there is absence of data rather than absence of effect
[select] kept count_name_segment despite |rho|=0.00: its axis is not explored yet, so a low score there is absence of data rather than absence of effect
[select] kept count_rel_singular_query despite |rho|=0.00: its axis is not explored yet, so a low score there is absence of data rather than absence of effect
[select] kept count_value_function_expr despite |rho|=0.00: its axis is not explored yet, so a low score there is absence of data rather than absence of effect
[select] kept count_count_expr despite |rho|=0.00: its axis is not explored yet, so a low score there is absence of data rather than absence of effect
[select] kept count_filter_query despite |rho|=0.00: its axis is not explored yet, so a low score there is absence of data rather than absence of effect
[select] kept count_rel_query despite |rho|=0.00: its axis is not explored yet, so a low score there is absence of data rather than absence of effect
[select] kept count_abs_query despite |rho|=0.00: its axis is not explored yet, so a low score there is absence of data rather than absence of effect
[select] kept count_length_expr despite |rho|=0.00: its axis is not explored yet, so a low score there is absence of data rather than absence of effect
[select] kept count_value_expr despite |rho|=0.00: its axis is not explored yet, so a low score there is absence of data rather than absence of effect
[select] kept count_literal despite |rho|=0.00: its axis is not explored yet, so a low score there is absence of data rather than absence of effect
[select] kept count_number despite |rho|=0.00: its axis is not explored yet, so a low score there is absence of data rather than absence of effect
[select] kept count_exp despite |rho|=0.00: its axis is not explored yet, so a low score there is absence of data rather than absence of effect
[select] kept count_string_literal despite |rho|=0.00: its axis is not explored yet, so a low score there is absence of data rather than absence of effect
[select] kept count_sq_chars despite |rho|=0.00: its axis is not explored yet, so a low score there is absence of data rather than absence of effect
[select] kept count_sq_mixed despite |rho|=0.00: its axis is not explored yet, so a low score there is absence of data rather than absence of effect
[select] kept count_dq_chars despite |rho|=0.00: its axis is not explored yet, so a low score there is absence of data rather than absence of effect
[select] kept count_dq_mixed despite |rho|=0.00: its axis is not explored yet, so a low score there is absence of data rather than absence of effect
[select] kept count_sq_special despite |rho|=0.00: its axis is not explored yet, so a low score there is absence of data rather than absence of effect
[select] kept count_sq_char despite |rho|=0.00: its axis is not explored yet, so a low score there is absence of data rather than absence of effect
[select] kept count_dq_special despite |rho|=0.00: its axis is not explored yet, so a low score there is absence of data rather than absence of effect
[select] kept count_dq_char despite |rho|=0.00: its axis is not explored yet, so a low score there is absence of data rather than absence of effect
[select] kept count_regex_argument despite |rho|=0.00: its axis is not explored yet, so a low score there is absence of data rather than absence of effect
[select] kept count_iregexp_literal despite |rho|=0.00: its axis is not explored yet, so a low score there is absence of data rather than absence of effect
[select] kept count_ire_regexp despite |rho|=0.00: its axis is not explored yet, so a low score there is absence of data rather than absence of effect
[select] kept count_ire_branch despite |rho|=0.00: its axis is not explored yet, so a low score there is absence of data rather than absence of effect
[select] kept count_ire_piece despite |rho|=0.00: its axis is not explored yet, so a low score there is absence of data rather than absence of effect
[select] kept count_ire_quantifier despite |rho|=0.00: its axis is not explored yet, so a low score there is absence of data rather than absence of effect
[select] kept count_ire_range_quantifier despite |rho|=0.00: its axis is not explored yet, so a low score there is absence of data rather than absence of effect
[select] kept count_ire_char_class despite |rho|=0.00: its axis is not explored yet, so a low score there is absence of data rather than absence of effect
[select] kept count_ire_char_class_expr despite |rho|=0.00: its axis is not explored yet, so a low score there is absence of data rather than absence of effect
[select] kept count_ire_cce1 despite |rho|=0.00: its axis is not explored yet, so a low score there is absence of data rather than absence of effect
[select] kept count_ire_alt despite |rho|=0.00: its axis is not explored yet, so a low score there is absence of data rather than absence of effect
[select] kept count_match_expr despite |rho|=0.00: its axis is not explored yet, so a low score there is absence of data rather than absence of effect
[select] kept count_and_tail despite |rho|=0.00: its axis is not explored yet, so a low score there is absence of data rather than absence of effect
[select] kept count_or_tail despite |rho|=0.00: its axis is not explored yet, so a low score there is absence of data rather than absence of effect
[select] kept count_paren_expr despite |rho|=0.00: its axis is not explored yet, so a low score there is absence of data rather than absence of effect
[select] kept count_comparison_expr despite |rho|=0.00: its axis is not explored yet, so a low score there is absence of data rather than absence of effect
[select] kept count_logical_not_op despite |rho|=0.00: its axis is not explored yet, so a low score there is absence of data rather than absence of effect
[select] kept count_comparable despite |rho|=0.00: its axis is not explored yet, so a low score there is absence of data rather than absence of effect
[select] kept count_ire_normal_char despite |rho|=0.00: its axis is not explored yet, so a low score there is absence of data rather than absence of effect
[select] dropped count_wildcard_selector: |rho|=0.88 with count_descendant_segment, which is already kept
[select] dropped count_value: over the 4-property cap
[select] dropped count_doc_name_mixed: over the 4-property cap
[select] dropped count_doc_escape: over the 4-property cap
[select] dropped count_ws: over the 4-property cap
[select] dropped count_D: over the 4-property cap
[select] dropped count_doc_name_char: over the 4-property cap
[select] dropped count_HEXDIG: over the 4-property cap
[select] dropped count_doc_name_special: over the 4-property cap
[select] dropped count_hexchar: over the 4-property cap
[select] dropped doc_bytes: over the 4-property cap
[select] dropped count_high_surrogate: over the 4-property cap
[select] dropped count_int: over the 4-property cap
[select] dropped count_low_surrogate: over the 4-property cap
[select] dropped count_more_member: over the 4-property cap
[select] dropped count_doc_char: over the 4-property cap
[select] dropped query_len: over the 4-property cap
[select] dropped count_child_segment: over the 4-property cap
[select] dropped count_member: over the 4-property cap
[select] dropped count_doc_mixed: over the 4-property cap
[select] dropped count_index_selector: over the 4-property cap
[select] dropped count_nonempty_object: over the 4-property cap
[select] dropped count_doc_special: over the 4-property cap
[select] dropped count_object: over the 4-property cap
[select] dropped doc_depth: over the 4-property cap
[select] dropped count_doc_string: over the 4-property cap
[select] dropped count_B: over the 4-property cap
[select] dropped count_pos_int: over the 4-property cap
[select] dropped count_non_surrogate: over the 4-property cap
[select] dropped count_name_first: over the 4-property cap
[select] dropped count_slice_selector: over the 4-property cap
[select] dropped count_oct_digit: over the 4-property cap
[select] dropped count_array: over the 4-property cap
[select] dropped count_name_char: over the 4-property cap
[select] dropped count_member_name_shorthand: over the 4-property cap
[select] dropped count_doc_number: over the 4-property cap
[select] dropped count_non_d_hex: over the 4-property cap
[select] dropped count_letter: over the 4-property cap
[select] dropped count_DIGIT1: over the 4-property cap
[select] dropped count_frac: over the 4-property cap
[select] dropped count_bracketed_selection: over the 4-property cap
[select] dropped count_DIGIT: over the 4-property cap
[select] dropped count_selector: over the 4-property cap
[select] dropped count_more_selector: over the 4-property cap
[select] dropped count_sign_opt: over the 4-property cap
[select] dropped count_doc_exp: over the 4-property cap
[select] dropped count_name_dq_mixed: over the 4-property cap
[select] dropped count_name_dq_special: over the 4-property cap
[select] dropped count_name_dq_char: over the 4-property cap
[select] dropped count_escapable: over the 4-property cap
[select] dropped count_name_sq_chars: over the 4-property cap
[select] dropped count_name_dq_chars: over the 4-property cap
[select] dropped count_name_sq_mixed: over the 4-property cap
[select] dropped count_name_sq_special: over the 4-property cap
[select] dropped count_name_selector: over the 4-property cap
[select] dropped count_name_sq_char: over the 4-property cap
[select] dropped count_filter_selector: over the 4-property cap
[select] dropped count_logical_expr: over the 4-property cap
[select] dropped count_logical_and_expr: over the 4-property cap
[select] dropped count_basic_expr: over the 4-property cap
[select] dropped count_test_expr: over the 4-property cap
[select] dropped count_logical_function_expr: over the 4-property cap
[select] dropped count_search_expr: over the 4-property cap
[select] dropped count_S: over the 4-property cap
[select] dropped count_value_argument: over the 4-property cap
[select] dropped count_singular_query: over the 4-property cap
[select] dropped count_abs_singular_query: over the 4-property cap
[select] dropped count_s_singular_segment: over the 4-property cap
[select] dropped count_index_segment: over the 4-property cap
[select] dropped count_name_segment: over the 4-property cap
[select] dropped count_rel_singular_query: over the 4-property cap
[select] dropped count_value_function_expr: over the 4-property cap
[select] dropped count_count_expr: over the 4-property cap
[select] dropped count_filter_query: over the 4-property cap
[select] dropped count_rel_query: over the 4-property cap
[select] dropped count_abs_query: over the 4-property cap
[select] dropped count_length_expr: over the 4-property cap
[select] dropped count_value_expr: over the 4-property cap
[select] dropped count_literal: over the 4-property cap
[select] dropped count_number: over the 4-property cap
[select] dropped count_exp: over the 4-property cap
[select] dropped count_string_literal: over the 4-property cap
[select] dropped count_sq_chars: over the 4-property cap
[select] dropped count_sq_mixed: over the 4-property cap
[select] dropped count_dq_chars: over the 4-property cap
[select] dropped count_dq_mixed: over the 4-property cap
[select] dropped count_sq_special: over the 4-property cap
[select] dropped count_sq_char: over the 4-property cap
[select] dropped count_dq_special: over the 4-property cap
[select] dropped count_dq_char: over the 4-property cap
[select] dropped count_regex_argument: over the 4-property cap
[select] dropped count_iregexp_literal: over the 4-property cap
[select] dropped count_ire_regexp: over the 4-property cap
[select] dropped count_ire_branch: over the 4-property cap
[select] dropped count_ire_piece: over the 4-property cap
[select] dropped count_ire_quantifier: over the 4-property cap
[select] dropped count_ire_range_quantifier: over the 4-property cap
[select] dropped count_ire_char_class: over the 4-property cap
[select] dropped count_ire_char_class_expr: over the 4-property cap
[select] dropped count_ire_cce1: over the 4-property cap
[select] dropped count_ire_alt: over the 4-property cap
[select] dropped count_match_expr: over the 4-property cap
[select] dropped count_and_tail: over the 4-property cap
[select] dropped count_or_tail: over the 4-property cap
[select] dropped count_paren_expr: over the 4-property cap
[select] dropped count_comparison_expr: over the 4-property cap
[select] dropped count_logical_not_op: over the 4-property cap
[select] dropped count_comparable: over the 4-property cap
[select] dropped count_ire_normal_char: over the 4-property cap
[select] count_descendant_segment stands for count_wildcard_selector (indistinguishable here)
[select] joint fit uses 4 of 113 properties: count_s_segment, count_descendant_segment, count_nonempty_array, count_more_value (1,296 model fits)
[jsonpath_ng_latest] loop targets 4 of 113 properties: count_s_segment, count_descendant_segment, count_nonempty_array, count_more_value
[jsonpath_ng_latest] targeting 8 regions: runtime_ns_divergence, count_descendant_segment_undecided0, count_nonempty_array_beyond, runtime_ns_high, count_s_segment_edge0, runtime_ns_sparse0, count_nonempty_array_sparse8_0, count_nonempty_array_undecided0
  [seeds] skipped 1 seed(s) over 4096B; parsing one costs more than the request it would seed
[metrics] jsonpath_ng_1_5_2: no measurement after 3 failed attempts; leaving this input unmeasured
[metrics] jsonpath_ng_1_5_3: no measurement after 3 failed attempts; leaving this input unmeasured
[metrics] jsonpath_ng_1_6_0: no measurement after 3 failed attempts; leaving this input unmeasured
[metrics] jsonpath_ng_1_5_2: no measurement after 3 failed attempts; leaving this input unmeasured
[metrics] jsonpath_ng_1_5_3: no measurement after 3 failed attempts; leaving this input unmeasured
[metrics] jsonpath_ng_1_6_0: no measurement after 3 failed attempts; leaving this input unmeasured
[metrics] jsonpath_ng_1_6_1: no measurement after 3 failed attempts; leaving this input unmeasured
[metrics] jsonpath_ng_1_7_0: no measurement after 3 failed attempts; leaving this input unmeasured
[metrics] jsonpath_ng_1_8_0: no measurement after 3 failed attempts; leaving this input unmeasured
[metrics] jsonpath_ng_1_5_2: no measurement after 3 failed attempts; leaving this input unmeasured
[metrics] jsonpath_ng_1_5_3: no measurement after 3 failed attempts; leaving this input unmeasured
[metrics] jsonpath_ng_1_6_0: no measurement after 3 failed attempts; leaving this input unmeasured
[metrics] jsonpath_ng_1_6_1: no measurement after 3 failed attempts; leaving this input unmeasured
[metrics] jsonpath_ng_1_7_0: no measurement after 3 failed attempts; leaving this input unmeasured
[metrics] jsonpath_ng_1_8_0: no measurement after 3 failed attempts; leaving this input unmeasured
  [runtime_ns_divergence] 11s: +2 new input(s), 2 distinct shape(s), 0 measured
  [count_descendant_segment_undecided0] 15 comparison(s) undecided in count_descendant_segment [4.547,9.695): jsonpath_ng_1_5_2 vs jsonpath_ng_1_5_3 on runtime_ns and 14 more -> <s_segment>{9,12}
[metrics] jsonpath_ng_1_5_2: no measurement after 3 failed attempts; leaving this input unmeasured
[metrics] jsonpath_ng_1_5_3: no measurement after 3 failed attempts; leaving this input unmeasured
[metrics] jsonpath_ng_1_6_0: no measurement after 3 failed attempts; leaving this input unmeasured
[metrics] jsonpath_ng_1_6_1: no measurement after 3 failed attempts; leaving this input unmeasured
[metrics] jsonpath_ng_1_7_0: no measurement after 3 failed attempts; leaving this input unmeasured
[metrics] jsonpath_ng_1_8_0: no measurement after 3 failed attempts; leaving this input unmeasured
[metrics] jsonpath_ng_1_5_2: no measurement after 3 failed attempts; leaving this input unmeasured
[metrics] jsonpath_ng_1_5_3: no measurement after 3 failed attempts; leaving this input unmeasured
[metrics] jsonpath_ng_1_6_0: no measurement after 3 failed attempts; leaving this input unmeasured
[metrics] jsonpath_ng_1_6_1: no measurement after 3 failed attempts; leaving this input unmeasured
[metrics] jsonpath_ng_1_7_0: no measurement after 3 failed attempts; leaving this input unmeasured
[metrics] jsonpath_ng_1_8_0: no measurement after 3 failed attempts; leaving this input unmeasured
[metrics] jsonpath_ng_1_5_2: no measurement after 3 failed attempts; leaving this input unmeasured
[metrics] jsonpath_ng_1_5_3: no measurement after 3 failed attempts; leaving this input unmeasured
[metrics] jsonpath_ng_1_6_0: no measurement after 3 failed attempts; leaving this input unmeasured
[metrics] jsonpath_ng_1_6_1: no measurement after 3 failed attempts; leaving this input unmeasured
[metrics] jsonpath_ng_1_7_0: no measurement after 3 failed attempts; leaving this input unmeasured
[metrics] jsonpath_ng_1_8_0: no measurement after 3 failed attempts; leaving this input unmeasured
[metrics] jsonpath_ng_1_5_2: no measurement after 3 failed attempts; leaving this input unmeasured
[metrics] jsonpath_ng_1_5_3: no measurement after 3 failed attempts; leaving this input unmeasured
[metrics] jsonpath_ng_1_6_0: no measurement after 3 failed attempts; leaving this input unmeasured
[metrics] jsonpath_ng_1_6_1: no measurement after 3 failed attempts; leaving this input unmeasured
[metrics] jsonpath_ng_1_7_0: no measurement after 3 failed attempts; leaving this input unmeasured
[metrics] jsonpath_ng_1_8_0: no measurement after 3 failed attempts; leaving this input unmeasured
[metrics] jsonpath_ng_1_5_2: no measurement after 3 failed attempts; leaving this input unmeasured
[metrics] jsonpath_ng_1_5_3: no measurement after 3 failed attempts; leaving this input unmeasured
[metrics] jsonpath_ng_1_6_0: no measurement after 3 failed attempts; leaving this input unmeasured
[metrics] jsonpath_ng_1_6_1: no measurement after 3 failed attempts; leaving this input unmeasured
[metrics] jsonpath_ng_1_7_0: no measurement after 3 failed attempts; leaving this input unmeasured
[metrics] jsonpath_ng_1_8_0: no measurement after 3 failed attempts; leaving this input unmeasured
[metrics] jsonpath_ng_1_5_2: no measurement after 3 failed attempts; leaving this input unmeasured
[metrics] jsonpath_ng_1_5_3: no measurement after 3 failed attempts; leaving this input unmeasured
[metrics] jsonpath_ng_1_6_0: no measurement after 3 failed attempts; leaving this input unmeasured
[metrics] jsonpath_ng_1_6_1: no measurement after 3 failed attempts; leaving this input unmeasured
[metrics] jsonpath_ng_1_7_0: no measurement after 3 failed attempts; leaving this input unmeasured
[metrics] jsonpath_ng_1_8_0: no measurement after 3 failed attempts; leaving this input unmeasured
[metrics] jsonpath_ng_1_5_2: no measurement after 3 failed attempts; leaving this input unmeasured
[metrics] jsonpath_ng_1_5_3: no measurement after 3 failed attempts; leaving this input unmeasured
[metrics] jsonpath_ng_1_6_0: no measurement after 3 failed attempts; leaving this input unmeasured
[metrics] jsonpath_ng_1_6_1: no measurement after 3 failed attempts; leaving this input unmeasured
[metrics] jsonpath_ng_1_7_0: no measurement after 3 failed attempts; leaving this input unmeasured
[metrics] jsonpath_ng_1_8_0: no measurement after 3 failed attempts; leaving this input unmeasured
[metrics] jsonpath_ng_1_5_2: no measurement after 3 failed attempts; leaving this input unmeasured
[metrics] jsonpath_ng_1_5_3: no measurement after 3 failed attempts; leaving this input unmeasured
[metrics] jsonpath_ng_1_6_0: no measurement after 3 failed attempts; leaving this input unmeasured
[metrics] jsonpath_ng_1_6_1: no measurement after 3 failed attempts; leaving this input unmeasured
[metrics] jsonpath_ng_1_7_0: no measurement after 3 failed attempts; leaving this input unmeasured
[metrics] jsonpath_ng_1_8_0: no measurement after 3 failed attempts; leaving this input unmeasured
[metrics] jsonpath_ng_1_5_2: no measurement after 3 failed attempts; leaving this input unmeasured
[metrics] jsonpath_ng_1_5_3: no measurement after 3 failed attempts; leaving this input unmeasured
[metrics] jsonpath_ng_1_6_0: no measurement after 3 failed attempts; leaving this input unmeasured
[metrics] jsonpath_ng_1_6_1: no measurement after 3 failed attempts; leaving this input unmeasured
[metrics] jsonpath_ng_1_7_0: no measurement after 3 failed attempts; leaving this input unmeasured
[metrics] jsonpath_ng_1_8_0: no measurement after 3 failed attempts; leaving this input unmeasured
[metrics] jsonpath_ng_1_5_2: no measurement after 3 failed attempts; leaving this input unmeasured
[metrics] jsonpath_ng_1_5_3: no measurement after 3 failed attempts; leaving this input unmeasured
[metrics] jsonpath_ng_1_6_0: no measurement after 3 failed attempts; leaving this input unmeasured
[metrics] jsonpath_ng_1_6_1: no measurement after 3 failed attempts; leaving this input unmeasured
[metrics] jsonpath_ng_1_7_0: no measurement after 3 failed attempts; leaving this input unmeasured
[metrics] jsonpath_ng_1_8_0: no measurement after 3 failed attempts; leaving this input unmeasured
  [count_descendant_segment_undecided0] 19s: +10 new input(s), 10 distinct shape(s), 0 measured
  [count_nonempty_array_beyond] <more_member>{24,28} (rung 1, 4000 nodes)
[WARNING] Fandango did not generate any valid inputs.
  [count_nonempty_array_beyond] 43s: no new inputs
  [seeds] skipped 1 seed(s) over 4096B; parsing one costs more than the request it would seed
[metrics] jsonpath_ng_1_5_2: no measurement after 3 failed attempts; leaving this input unmeasured
[metrics] jsonpath_ng_1_5_3: no measurement after 3 failed attempts; leaving this input unmeasured
[metrics] jsonpath_ng_1_6_0: no measurement after 3 failed attempts; leaving this input unmeasured
[metrics] jsonpath_ng_1_5_2: no measurement after 3 failed attempts; leaving this input unmeasured
[metrics] jsonpath_ng_1_5_3: no measurement after 3 failed attempts; leaving this input unmeasured
[metrics] jsonpath_ng_1_6_0: no measurement after 3 failed attempts; leaving this input unmeasured
[metrics] jsonpath_ng_1_5_2: no measurement after 3 failed attempts; leaving this input unmeasured
[metrics] jsonpath_ng_1_5_3: no measurement after 3 failed attempts; leaving this input unmeasured
[metrics] jsonpath_ng_1_6_0: no measurement after 3 failed attempts; leaving this input unmeasured
[metrics] jsonpath_ng_1_6_1: no measurement after 3 failed attempts; leaving this input unmeasured
[metrics] jsonpath_ng_1_7_0: no measurement after 3 failed attempts; leaving this input unmeasured
[metrics] jsonpath_ng_1_8_0: no measurement after 3 failed attempts; leaving this input unmeasured
[metrics] jsonpath_ng_1_5_2: no measurement after 3 failed attempts; leaving this input unmeasured
[metrics] jsonpath_ng_1_5_3: no measurement after 3 failed attempts; leaving this input unmeasured
[metrics] jsonpath_ng_1_6_0: no measurement after 3 failed attempts; leaving this input unmeasured
[metrics] jsonpath_ng_1_6_1: no measurement after 3 failed attempts; leaving this input unmeasured
[metrics] jsonpath_ng_1_7_0: no measurement after 3 failed attempts; leaving this input unmeasured
[metrics] jsonpath_ng_1_8_0: no measurement after 3 failed attempts; leaving this input unmeasured
  [runtime_ns_high] 17s: +3 new input(s), 3 distinct shape(s), 1 measured
  [count_s_segment_edge0] <s_segment>{24,26} for the top 15% of count_s_segment ([45,185])
[metrics] jsonpath_ng_1_5_2: no measurement after 3 failed attempts; leaving this input unmeasured
[metrics] jsonpath_ng_1_5_3: no measurement after 3 failed attempts; leaving this input unmeasured
[metrics] jsonpath_ng_1_6_0: no measurement after 3 failed attempts; leaving this input unmeasured
[metrics] jsonpath_ng_1_6_1: no measurement after 3 failed attempts; leaving this input unmeasured
[metrics] jsonpath_ng_1_7_0: no measurement after 3 failed attempts; leaving this input unmeasured
[metrics] jsonpath_ng_1_8_0: no measurement after 3 failed attempts; leaving this input unmeasured
[metrics] jsonpath_ng_1_5_2: no measurement after 3 failed attempts; leaving this input unmeasured
[metrics] jsonpath_ng_1_5_3: no measurement after 3 failed attempts; leaving this input unmeasured
[metrics] jsonpath_ng_1_6_0: no measurement after 3 failed attempts; leaving this input unmeasured
[metrics] jsonpath_ng_1_6_1: no measurement after 3 failed attempts; leaving this input unmeasured
[metrics] jsonpath_ng_1_7_0: no measurement after 3 failed attempts; leaving this input unmeasured
[metrics] jsonpath_ng_1_8_0: no measurement after 3 failed attempts; leaving this input unmeasured
[metrics] jsonpath_ng_1_5_2: no measurement after 3 failed attempts; leaving this input unmeasured
[metrics] jsonpath_ng_1_5_3: no measurement after 3 failed attempts; leaving this input unmeasured
[metrics] jsonpath_ng_1_6_0: no measurement after 3 failed attempts; leaving this input unmeasured
[metrics] jsonpath_ng_1_6_1: no measurement after 3 failed attempts; leaving this input unmeasured
[metrics] jsonpath_ng_1_7_0: no measurement after 3 failed attempts; leaving this input unmeasured
[metrics] jsonpath_ng_1_8_0: no measurement after 3 failed attempts; leaving this input unmeasured
[metrics] jsonpath_ng_1_5_2: no measurement after 3 failed attempts; leaving this input unmeasured
[metrics] jsonpath_ng_1_5_3: no measurement after 3 failed attempts; leaving this input unmeasured
[metrics] jsonpath_ng_1_6_0: no measurement after 3 failed attempts; leaving this input unmeasured
[metrics] jsonpath_ng_1_6_1: no measurement after 3 failed attempts; leaving this input unmeasured
[metrics] jsonpath_ng_1_7_0: no measurement after 3 failed attempts; leaving this input unmeasured
[metrics] jsonpath_ng_1_8_0: no measurement after 3 failed attempts; leaving this input unmeasured
[metrics] jsonpath_ng_1_5_2: no measurement after 3 failed attempts; leaving this input unmeasured
[metrics] jsonpath_ng_1_5_3: no measurement after 3 failed attempts; leaving this input unmeasured
[metrics] jsonpath_ng_1_6_0: no measurement after 3 failed attempts; leaving this input unmeasured
[metrics] jsonpath_ng_1_6_1: no measurement after 3 failed attempts; leaving this input unmeasured
[metrics] jsonpath_ng_1_7_0: no measurement after 3 failed attempts; leaving this input unmeasured
[metrics] jsonpath_ng_1_8_0: no measurement after 3 failed attempts; leaving this input unmeasured
[metrics] jsonpath_ng_1_5_2: no measurement after 3 failed attempts; leaving this input unmeasured
[metrics] jsonpath_ng_1_5_3: no measurement after 3 failed attempts; leaving this input unmeasured
[metrics] jsonpath_ng_1_6_0: no measurement after 3 failed attempts; leaving this input unmeasured
[metrics] jsonpath_ng_1_6_1: no measurement after 3 failed attempts; leaving this input unmeasured
[metrics] jsonpath_ng_1_7_0: no measurement after 3 failed attempts; leaving this input unmeasured
[metrics] jsonpath_ng_1_8_0: no measurement after 3 failed attempts; leaving this input unmeasured
[metrics] jsonpath_ng_1_5_2: no measurement after 3 failed attempts; leaving this input unmeasured
[metrics] jsonpath_ng_1_5_3: no measurement after 3 failed attempts; leaving this input unmeasured
[metrics] jsonpath_ng_1_6_0: no measurement after 3 failed attempts; leaving this input unmeasured
[metrics] jsonpath_ng_1_6_1: no measurement after 3 failed attempts; leaving this input unmeasured
[metrics] jsonpath_ng_1_7_0: no measurement after 3 failed attempts; leaving this input unmeasured
[metrics] jsonpath_ng_1_8_0: no measurement after 3 failed attempts; leaving this input unmeasured
[metrics] jsonpath_ng_1_5_2: no measurement after 3 failed attempts; leaving this input unmeasured
[metrics] jsonpath_ng_1_5_3: no measurement after 3 failed attempts; leaving this input unmeasured
[metrics] jsonpath_ng_1_6_0: no measurement after 3 failed attempts; leaving this input unmeasured
[metrics] jsonpath_ng_1_6_1: no measurement after 3 failed attempts; leaving this input unmeasured
[metrics] jsonpath_ng_1_7_0: no measurement after 3 failed attempts; leaving this input unmeasured
[metrics] jsonpath_ng_1_8_0: no measurement after 3 failed attempts; leaving this input unmeasured
[metrics] jsonpath_ng_1_5_2: no measurement after 3 failed attempts; leaving this input unmeasured
[metrics] jsonpath_ng_1_5_3: no measurement after 3 failed attempts; leaving this input unmeasured
[metrics] jsonpath_ng_1_6_0: no measurement after 3 failed attempts; leaving this input unmeasured
[metrics] jsonpath_ng_1_6_1: no measurement after 3 failed attempts; leaving this input unmeasured
[metrics] jsonpath_ng_1_7_0: no measurement after 3 failed attempts; leaving this input unmeasured
[metrics] jsonpath_ng_1_8_0: no measurement after 3 failed attempts; leaving this input unmeasured
[metrics] jsonpath_ng_1_5_2: no measurement after 3 failed attempts; leaving this input unmeasured
[metrics] jsonpath_ng_1_5_3: no measurement after 3 failed attempts; leaving this input unmeasured
[metrics] jsonpath_ng_1_6_0: no measurement after 3 failed attempts; leaving this input unmeasured
[metrics] jsonpath_ng_1_6_1: no measurement after 3 failed attempts; leaving this input unmeasured
[metrics] jsonpath_ng_1_7_0: no measurement after 3 failed attempts; leaving this input unmeasured
[metrics] jsonpath_ng_1_8_0: no measurement after 3 failed attempts; leaving this input unmeasured
  [count_s_segment_edge0] 20s: +10 new input(s), 10 distinct shape(s), 0 measured
  [runtime_ns_sparse0] 34s: no new inputs
  [count_nonempty_array_sparse8_0] <more_member>{24,26} for count_nonempty_array in [12.8,14.4]
[WARNING] Fandango did not generate any valid inputs.
  [count_nonempty_array_sparse8_0] 48s: no new inputs
  [count_nonempty_array_undecided0] 4 comparison(s) undecided in count_nonempty_array [1.587,2.52): jsonpath_ng_1_5_2 vs jsonpath_ng_1_5_3 on runtime_ns and 3 more -> <more_member>{5,7}
[metrics] jsonpath_ng_1_5_2: no measurement after 3 failed attempts; leaving this input unmeasured
[metrics] jsonpath_ng_1_5_3: no measurement after 3 failed attempts; leaving this input unmeasured
[metrics] jsonpath_ng_1_6_0: no measurement after 3 failed attempts; leaving this input unmeasured
[metrics] jsonpath_ng_1_5_2: no measurement after 3 failed attempts; leaving this input unmeasured
[metrics] jsonpath_ng_1_5_3: no measurement after 3 failed attempts; leaving this input unmeasured
[metrics] jsonpath_ng_1_6_0: no measurement after 3 failed attempts; leaving this input unmeasured
[metrics] jsonpath_ng_1_6_1: no measurement after 3 failed attempts; leaving this input unmeasured
[metrics] jsonpath_ng_1_7_0: no measurement after 3 failed attempts; leaving this input unmeasured
[metrics] jsonpath_ng_1_8_0: no measurement after 3 failed attempts; leaving this input unmeasured
[metrics] jsonpath_ng_1_5_2: no measurement after 3 failed attempts; leaving this input unmeasured
[metrics] jsonpath_ng_1_5_3: no measurement after 3 failed attempts; leaving this input unmeasured
[metrics] jsonpath_ng_1_6_0: no measurement after 3 failed attempts; leaving this input unmeasured
[metrics] jsonpath_ng_1_5_2: no measurement after 3 failed attempts; leaving this input unmeasured
[metrics] jsonpath_ng_1_5_3: no measurement after 3 failed attempts; leaving this input unmeasured
[metrics] jsonpath_ng_1_6_0: no measurement after 3 failed attempts; leaving this input unmeasured
[metrics] jsonpath_ng_1_6_1: no measurement after 3 failed attempts; leaving this input unmeasured
[metrics] jsonpath_ng_1_7_0: no measurement after 3 failed attempts; leaving this input unmeasured
[metrics] jsonpath_ng_1_8_0: no measurement after 3 failed attempts; leaving this input unmeasured
  [count_nonempty_array_undecided0] 24s: +10 new input(s), 8 distinct shape(s), 8 measured
[jsonpath_ng_latest] iter 4: corpus=2790 (+210 new)
[select] relevance (max |rho| vs any metric on any system): count_descendant_segment=0.66, count_wildcard_selector=0.57, count_s_segment=0.42, count_doc_escape=0.34, count_doc_name_mixed=0.38, count_nonempty_array=0.23, count_ws=0.37, count_D=0.23, count_value=0.36, count_more_value=0.21, count_doc_name_char=0.36, count_doc_name_special=0.36, count_int=0.35, count_HEXDIG=0.22, doc_bytes=0.35, count_hexchar=0.22, query_len=0.33, count_high_surrogate=0.22, count_more_member=0.32, count_low_surrogate=0.22, count_member=0.31, count_pos_int=0.30, count_child_segment=0.12, count_member_name_shorthand=0.30, count_doc_char=0.30, count_nonempty_object=0.29, count_index_selector=0.26, count_slice_selector=0.29, count_object=0.28, count_doc_special=0.27, count_doc_number=0.28, count_doc_mixed=0.27, count_name_first=0.27, count_B=0.27, doc_depth=0.26, count_name_char=0.26, count_oct_digit=0.15, count_non_surrogate=0.18, count_frac=0.26, count_doc_string=0.26, count_array=0.25, count_DIGIT1=0.24, count_non_d_hex=0.20, count_letter=0.22, count_bracketed_selection=0.22, count_DIGIT=0.22, count_selector=0.21, count_more_selector=0.11, count_sign_opt=0.15, count_doc_exp=0.15, count_name_dq_mixed=0.11, count_name_dq_special=0.12, count_name_dq_char=0.12, count_escapable=0.07, count_name_selector=0.08, count_name_dq_chars=0.09, count_name_sq_chars=0.03, count_name_sq_mixed=0.07, count_name_sq_special=0.08, count_name_sq_char=0.08, count_filter_selector=0.00, count_logical_expr=0.00, count_logical_and_expr=0.00, count_basic_expr=0.00, count_test_expr=0.00, count_logical_function_expr=0.00, count_search_expr=0.00, count_S=0.00, count_value_argument=0.00, count_singular_query=0.00, count_abs_singular_query=0.00, count_s_singular_segment=0.00, count_index_segment=0.00, count_name_segment=0.00, count_rel_singular_query=0.00, count_value_function_expr=0.00, count_count_expr=0.00, count_filter_query=0.00, count_rel_query=0.00, count_abs_query=0.00, count_length_expr=0.00, count_value_expr=0.00, count_literal=0.00, count_number=0.00, count_exp=0.00, count_string_literal=0.00, count_sq_chars=0.00, count_sq_mixed=0.00, count_dq_chars=0.00, count_dq_mixed=0.00, count_sq_special=0.00, count_sq_char=0.00, count_dq_special=0.00, count_dq_char=0.00, count_regex_argument=0.00, count_iregexp_literal=0.00, count_ire_regexp=0.00, count_ire_branch=0.00, count_ire_piece=0.00, count_ire_quantifier=0.00, count_ire_range_quantifier=0.00, count_ire_char_class=0.00, count_ire_char_class_expr=0.00, count_ire_cce1=0.00, count_ire_alt=0.00, count_match_expr=0.00, count_and_tail=0.00, count_or_tail=0.00, count_paren_expr=0.00, count_comparison_expr=0.00, count_logical_not_op=0.00, count_comparable=0.00, count_ire_normal_char=0.00
[select] comparative relevance (max |rho| vs a between-system ratio): count_descendant_segment=0.55, count_wildcard_selector=0.40, count_s_segment=0.20, count_doc_escape=0.37, count_doc_name_mixed=0.32, count_nonempty_array=0.35, count_ws=0.34, count_D=0.35, count_value=0.33, count_more_value=0.34, count_doc_name_char=0.30, count_doc_name_special=0.31, count_int=0.29, count_HEXDIG=0.33, doc_bytes=0.33, count_hexchar=0.33, query_len=0.20, count_high_surrogate=0.33, count_more_member=0.25, count_low_surrogate=0.33, count_member=0.26, count_pos_int=0.22, count_child_segment=0.31, count_member_name_shorthand=0.20, count_doc_char=0.28, count_nonempty_object=0.28, count_index_selector=0.30, count_slice_selector=0.22, count_object=0.27, count_doc_special=0.28, count_doc_number=0.20, count_doc_mixed=0.28, count_name_first=0.26, count_B=0.21, doc_depth=0.27, count_name_char=0.26, count_oct_digit=0.26, count_non_surrogate=0.26, count_frac=0.18, count_doc_string=0.25, count_array=0.25, count_DIGIT1=0.15, count_non_d_hex=0.23, count_letter=0.21, count_bracketed_selection=0.14, count_DIGIT=0.12, count_selector=0.15, count_more_selector=0.16, count_sign_opt=0.10, count_doc_exp=0.10, count_name_dq_mixed=0.14, count_name_dq_special=0.13, count_name_dq_char=0.13, count_escapable=0.11, count_name_selector=0.10, count_name_dq_chars=0.10, count_name_sq_chars=0.10, count_name_sq_mixed=0.10, count_name_sq_special=0.10, count_name_sq_char=0.10, count_filter_selector=0.00, count_logical_expr=0.00, count_logical_and_expr=0.00, count_basic_expr=0.00, count_test_expr=0.00, count_logical_function_expr=0.00, count_search_expr=0.00, count_S=0.00, count_value_argument=0.00, count_singular_query=0.00, count_abs_singular_query=0.00, count_s_singular_segment=0.00, count_index_segment=0.00, count_name_segment=0.00, count_rel_singular_query=0.00, count_value_function_expr=0.00, count_count_expr=0.00, count_filter_query=0.00, count_rel_query=0.00, count_abs_query=0.00, count_length_expr=0.00, count_value_expr=0.00, count_literal=0.00, count_number=0.00, count_exp=0.00, count_string_literal=0.00, count_sq_chars=0.00, count_sq_mixed=0.00, count_dq_chars=0.00, count_dq_mixed=0.00, count_sq_special=0.00, count_sq_char=0.00, count_dq_special=0.00, count_dq_char=0.00, count_regex_argument=0.00, count_iregexp_literal=0.00, count_ire_regexp=0.00, count_ire_branch=0.00, count_ire_piece=0.00, count_ire_quantifier=0.00, count_ire_range_quantifier=0.00, count_ire_char_class=0.00, count_ire_char_class_expr=0.00, count_ire_cce1=0.00, count_ire_alt=0.00, count_match_expr=0.00, count_and_tail=0.00, count_or_tail=0.00, count_paren_expr=0.00, count_comparison_expr=0.00, count_logical_not_op=0.00, count_comparable=0.00, count_ire_normal_char=0.00
[select] scored on the comparison rather than on the metric: count_nonempty_array (0.23 -> 0.35), count_D (0.23 -> 0.35), count_more_value (0.21 -> 0.34), count_HEXDIG (0.22 -> 0.33), count_hexchar (0.22 -> 0.33), count_high_surrogate (0.22 -> 0.33), count_low_surrogate (0.22 -> 0.33), count_child_segment (0.12 -> 0.31), count_oct_digit (0.15 -> 0.26), count_non_surrogate (0.18 -> 0.26), count_more_selector (0.11 -> 0.16), count_name_sq_chars (0.03 -> 0.10)
[select] kept count_filter_selector despite |rho|=0.00: its axis is not explored yet, so a low score there is absence of data rather than absence of effect
[select] kept count_logical_expr despite |rho|=0.00: its axis is not explored yet, so a low score there is absence of data rather than absence of effect
[select] kept count_logical_and_expr despite |rho|=0.00: its axis is not explored yet, so a low score there is absence of data rather than absence of effect
[select] kept count_basic_expr despite |rho|=0.00: its axis is not explored yet, so a low score there is absence of data rather than absence of effect
[select] kept count_test_expr despite |rho|=0.00: its axis is not explored yet, so a low score there is absence of data rather than absence of effect
[select] kept count_logical_function_expr despite |rho|=0.00: its axis is not explored yet, so a low score there is absence of data rather than absence of effect
[select] kept count_search_expr despite |rho|=0.00: its axis is not explored yet, so a low score there is absence of data rather than absence of effect
[select] kept count_S despite |rho|=0.00: its axis is not explored yet, so a low score there is absence of data rather than absence of effect
[select] kept count_value_argument despite |rho|=0.00: its axis is not explored yet, so a low score there is absence of data rather than absence of effect
[select] kept count_singular_query despite |rho|=0.00: its axis is not explored yet, so a low score there is absence of data rather than absence of effect
[select] kept count_abs_singular_query despite |rho|=0.00: its axis is not explored yet, so a low score there is absence of data rather than absence of effect
[select] kept count_s_singular_segment despite |rho|=0.00: its axis is not explored yet, so a low score there is absence of data rather than absence of effect
[select] kept count_index_segment despite |rho|=0.00: its axis is not explored yet, so a low score there is absence of data rather than absence of effect
[select] kept count_name_segment despite |rho|=0.00: its axis is not explored yet, so a low score there is absence of data rather than absence of effect
[select] kept count_rel_singular_query despite |rho|=0.00: its axis is not explored yet, so a low score there is absence of data rather than absence of effect
[select] kept count_value_function_expr despite |rho|=0.00: its axis is not explored yet, so a low score there is absence of data rather than absence of effect
[select] kept count_count_expr despite |rho|=0.00: its axis is not explored yet, so a low score there is absence of data rather than absence of effect
[select] kept count_filter_query despite |rho|=0.00: its axis is not explored yet, so a low score there is absence of data rather than absence of effect
[select] kept count_rel_query despite |rho|=0.00: its axis is not explored yet, so a low score there is absence of data rather than absence of effect
[select] kept count_abs_query despite |rho|=0.00: its axis is not explored yet, so a low score there is absence of data rather than absence of effect
[select] kept count_length_expr despite |rho|=0.00: its axis is not explored yet, so a low score there is absence of data rather than absence of effect
[select] kept count_value_expr despite |rho|=0.00: its axis is not explored yet, so a low score there is absence of data rather than absence of effect
[select] kept count_literal despite |rho|=0.00: its axis is not explored yet, so a low score there is absence of data rather than absence of effect
[select] kept count_number despite |rho|=0.00: its axis is not explored yet, so a low score there is absence of data rather than absence of effect
[select] kept count_exp despite |rho|=0.00: its axis is not explored yet, so a low score there is absence of data rather than absence of effect
[select] kept count_string_literal despite |rho|=0.00: its axis is not explored yet, so a low score there is absence of data rather than absence of effect
[select] kept count_sq_chars despite |rho|=0.00: its axis is not explored yet, so a low score there is absence of data rather than absence of effect
[select] kept count_sq_mixed despite |rho|=0.00: its axis is not explored yet, so a low score there is absence of data rather than absence of effect
[select] kept count_dq_chars despite |rho|=0.00: its axis is not explored yet, so a low score there is absence of data rather than absence of effect
[select] kept count_dq_mixed despite |rho|=0.00: its axis is not explored yet, so a low score there is absence of data rather than absence of effect
[select] kept count_sq_special despite |rho|=0.00: its axis is not explored yet, so a low score there is absence of data rather than absence of effect
[select] kept count_sq_char despite |rho|=0.00: its axis is not explored yet, so a low score there is absence of data rather than absence of effect
[select] kept count_dq_special despite |rho|=0.00: its axis is not explored yet, so a low score there is absence of data rather than absence of effect
[select] kept count_dq_char despite |rho|=0.00: its axis is not explored yet, so a low score there is absence of data rather than absence of effect
[select] kept count_regex_argument despite |rho|=0.00: its axis is not explored yet, so a low score there is absence of data rather than absence of effect
[select] kept count_iregexp_literal despite |rho|=0.00: its axis is not explored yet, so a low score there is absence of data rather than absence of effect
[select] kept count_ire_regexp despite |rho|=0.00: its axis is not explored yet, so a low score there is absence of data rather than absence of effect
[select] kept count_ire_branch despite |rho|=0.00: its axis is not explored yet, so a low score there is absence of data rather than absence of effect
[select] kept count_ire_piece despite |rho|=0.00: its axis is not explored yet, so a low score there is absence of data rather than absence of effect
[select] kept count_ire_quantifier despite |rho|=0.00: its axis is not explored yet, so a low score there is absence of data rather than absence of effect
[select] kept count_ire_range_quantifier despite |rho|=0.00: its axis is not explored yet, so a low score there is absence of data rather than absence of effect
[select] kept count_ire_char_class despite |rho|=0.00: its axis is not explored yet, so a low score there is absence of data rather than absence of effect
[select] kept count_ire_char_class_expr despite |rho|=0.00: its axis is not explored yet, so a low score there is absence of data rather than absence of effect
[select] kept count_ire_cce1 despite |rho|=0.00: its axis is not explored yet, so a low score there is absence of data rather than absence of effect
[select] kept count_ire_alt despite |rho|=0.00: its axis is not explored yet, so a low score there is absence of data rather than absence of effect
[select] kept count_match_expr despite |rho|=0.00: its axis is not explored yet, so a low score there is absence of data rather than absence of effect
[select] kept count_and_tail despite |rho|=0.00: its axis is not explored yet, so a low score there is absence of data rather than absence of effect
[select] kept count_or_tail despite |rho|=0.00: its axis is not explored yet, so a low score there is absence of data rather than absence of effect
[select] kept count_paren_expr despite |rho|=0.00: its axis is not explored yet, so a low score there is absence of data rather than absence of effect
[select] kept count_comparison_expr despite |rho|=0.00: its axis is not explored yet, so a low score there is absence of data rather than absence of effect
[select] kept count_logical_not_op despite |rho|=0.00: its axis is not explored yet, so a low score there is absence of data rather than absence of effect
[select] kept count_comparable despite |rho|=0.00: its axis is not explored yet, so a low score there is absence of data rather than absence of effect
[select] kept count_ire_normal_char despite |rho|=0.00: its axis is not explored yet, so a low score there is absence of data rather than absence of effect
[select] dropped count_wildcard_selector: |rho|=0.89 with count_descendant_segment, which is already kept
[select] dropped count_doc_name_mixed: |rho|=0.92 with count_doc_escape, which is already kept
[select] dropped count_ws: over the 4-property cap
[select] dropped count_D: over the 4-property cap
[select] dropped count_value: over the 4-property cap
[select] dropped count_more_value: over the 4-property cap
[select] dropped count_doc_name_char: over the 4-property cap
[select] dropped count_doc_name_special: over the 4-property cap
[select] dropped count_int: over the 4-property cap
[select] dropped count_HEXDIG: over the 4-property cap
[select] dropped doc_bytes: over the 4-property cap
[select] dropped count_hexchar: over the 4-property cap
[select] dropped query_len: over the 4-property cap
[select] dropped count_high_surrogate: over the 4-property cap
[select] dropped count_more_member: over the 4-property cap
[select] dropped count_low_surrogate: over the 4-property cap
[select] dropped count_member: over the 4-property cap
[select] dropped count_pos_int: over the 4-property cap
[select] dropped count_child_segment: over the 4-property cap
[select] dropped count_member_name_shorthand: over the 4-property cap
[select] dropped count_doc_char: over the 4-property cap
[select] dropped count_nonempty_object: over the 4-property cap
[select] dropped count_index_selector: over the 4-property cap
[select] dropped count_slice_selector: over the 4-property cap
[select] dropped count_object: over the 4-property cap
[select] dropped count_doc_special: over the 4-property cap
[select] dropped count_doc_number: over the 4-property cap
[select] dropped count_doc_mixed: over the 4-property cap
[select] dropped count_name_first: over the 4-property cap
[select] dropped count_B: over the 4-property cap
[select] dropped doc_depth: over the 4-property cap
[select] dropped count_name_char: over the 4-property cap
[select] dropped count_oct_digit: over the 4-property cap
[select] dropped count_non_surrogate: over the 4-property cap
[select] dropped count_frac: over the 4-property cap
[select] dropped count_doc_string: over the 4-property cap
[select] dropped count_array: over the 4-property cap
[select] dropped count_DIGIT1: over the 4-property cap
[select] dropped count_non_d_hex: over the 4-property cap
[select] dropped count_letter: over the 4-property cap
[select] dropped count_bracketed_selection: over the 4-property cap
[select] dropped count_DIGIT: over the 4-property cap
[select] dropped count_selector: over the 4-property cap
[select] dropped count_more_selector: over the 4-property cap
[select] dropped count_sign_opt: over the 4-property cap
[select] dropped count_doc_exp: over the 4-property cap
[select] dropped count_name_dq_mixed: over the 4-property cap
[select] dropped count_name_dq_special: over the 4-property cap
[select] dropped count_name_dq_char: over the 4-property cap
[select] dropped count_escapable: over the 4-property cap
[select] dropped count_name_selector: over the 4-property cap
[select] dropped count_name_dq_chars: over the 4-property cap
[select] dropped count_name_sq_chars: over the 4-property cap
[select] dropped count_name_sq_mixed: over the 4-property cap
[select] dropped count_name_sq_special: over the 4-property cap
[select] dropped count_name_sq_char: over the 4-property cap
[select] dropped count_filter_selector: over the 4-property cap
[select] dropped count_logical_expr: over the 4-property cap
[select] dropped count_logical_and_expr: over the 4-property cap
[select] dropped count_basic_expr: over the 4-property cap
[select] dropped count_test_expr: over the 4-property cap
[select] dropped count_logical_function_expr: over the 4-property cap
[select] dropped count_search_expr: over the 4-property cap
[select] dropped count_S: over the 4-property cap
[select] dropped count_value_argument: over the 4-property cap
[select] dropped count_singular_query: over the 4-property cap
[select] dropped count_abs_singular_query: over the 4-property cap
[select] dropped count_s_singular_segment: over the 4-property cap
[select] dropped count_index_segment: over the 4-property cap
[select] dropped count_name_segment: over the 4-property cap
[select] dropped count_rel_singular_query: over the 4-property cap
[select] dropped count_value_function_expr: over the 4-property cap
[select] dropped count_count_expr: over the 4-property cap
[select] dropped count_filter_query: over the 4-property cap
[select] dropped count_rel_query: over the 4-property cap
[select] dropped count_abs_query: over the 4-property cap
[select] dropped count_length_expr: over the 4-property cap
[select] dropped count_value_expr: over the 4-property cap
[select] dropped count_literal: over the 4-property cap
[select] dropped count_number: over the 4-property cap
[select] dropped count_exp: over the 4-property cap
[select] dropped count_string_literal: over the 4-property cap
[select] dropped count_sq_chars: over the 4-property cap
[select] dropped count_sq_mixed: over the 4-property cap
[select] dropped count_dq_chars: over the 4-property cap
[select] dropped count_dq_mixed: over the 4-property cap
[select] dropped count_sq_special: over the 4-property cap
[select] dropped count_sq_char: over the 4-property cap
[select] dropped count_dq_special: over the 4-property cap
[select] dropped count_dq_char: over the 4-property cap
[select] dropped count_regex_argument: over the 4-property cap
[select] dropped count_iregexp_literal: over the 4-property cap
[select] dropped count_ire_regexp: over the 4-property cap
[select] dropped count_ire_branch: over the 4-property cap
[select] dropped count_ire_piece: over the 4-property cap
[select] dropped count_ire_quantifier: over the 4-property cap
[select] dropped count_ire_range_quantifier: over the 4-property cap
[select] dropped count_ire_char_class: over the 4-property cap
[select] dropped count_ire_char_class_expr: over the 4-property cap
[select] dropped count_ire_cce1: over the 4-property cap
[select] dropped count_ire_alt: over the 4-property cap
[select] dropped count_match_expr: over the 4-property cap
[select] dropped count_and_tail: over the 4-property cap
[select] dropped count_or_tail: over the 4-property cap
[select] dropped count_paren_expr: over the 4-property cap
[select] dropped count_comparison_expr: over the 4-property cap
[select] dropped count_logical_not_op: over the 4-property cap
[select] dropped count_comparable: over the 4-property cap
[select] dropped count_ire_normal_char: over the 4-property cap
[select] count_descendant_segment stands for count_wildcard_selector (indistinguishable here)
[select] count_doc_escape stands for count_doc_name_mixed (indistinguishable here)
[select] joint fit uses 4 of 113 properties: count_s_segment, count_descendant_segment, count_nonempty_array, count_doc_escape (1,296 model fits)
[jsonpath_ng_latest] loop targets 4 of 113 properties: count_s_segment, count_descendant_segment, count_nonempty_array, count_doc_escape
[jsonpath_ng_latest] targeting 8 regions: runtime_ns_divergence, count_descendant_segment_undecided0, runtime_ns_high, count_doc_escape_edge0, runtime_ns_sparse0, count_descendant_segment_sparse9_0, count_nonempty_array_undecided0, runtime_ns_low
  [seeds] skipped 1 seed(s) over 4096B; parsing one costs more than the request it would seed
[metrics] jsonpath_ng_1_5_2: no measurement after 3 failed attempts; leaving this input unmeasured
[metrics] jsonpath_ng_1_5_3: no measurement after 3 failed attempts; leaving this input unmeasured
[metrics] jsonpath_ng_1_6_0: no measurement after 3 failed attempts; leaving this input unmeasured
[metrics] jsonpath_ng_1_5_2: no measurement after 3 failed attempts; leaving this input unmeasured
[metrics] jsonpath_ng_1_5_3: no measurement after 3 failed attempts; leaving this input unmeasured
[metrics] jsonpath_ng_1_6_0: no measurement after 3 failed attempts; leaving this input unmeasured
  [runtime_ns_divergence] 19s: +4 new input(s), 4 distinct shape(s), 4 measured
  [count_descendant_segment_undecided0] 12 comparison(s) undecided in count_descendant_segment [4.547,9.695): jsonpath_ng_1_5_2 vs jsonpath_ng_1_5_3 on runtime_ns and 11 more -> <s_segment>{9,12}
[metrics] jsonpath_ng_1_5_2: no measurement after 3 failed attempts; leaving this input unmeasured
[metrics] jsonpath_ng_1_5_3: no measurement after 3 failed attempts; leaving this input unmeasured
[metrics] jsonpath_ng_1_6_0: no measurement after 3 failed attempts; leaving this input unmeasured
[metrics] jsonpath_ng_1_6_1: no measurement after 3 failed attempts; leaving this input unmeasured
[metrics] jsonpath_ng_1_7_0: no measurement after 3 failed attempts; leaving this input unmeasured
[metrics] jsonpath_ng_1_8_0: no measurement after 3 failed attempts; leaving this input unmeasured
[metrics] jsonpath_ng_1_5_2: no measurement after 3 failed attempts; leaving this input unmeasured
[metrics] jsonpath_ng_1_5_3: no measurement after 3 failed attempts; leaving this input unmeasured
[metrics] jsonpath_ng_1_6_0: no measurement after 3 failed attempts; leaving this input unmeasured
[metrics] jsonpath_ng_1_6_1: no measurement after 3 failed attempts; leaving this input unmeasured
[metrics] jsonpath_ng_1_7_0: no measurement after 3 failed attempts; leaving this input unmeasured
[metrics] jsonpath_ng_1_8_0: no measurement after 3 failed attempts; leaving this input unmeasured
[metrics] jsonpath_ng_1_5_2: no measurement after 3 failed attempts; leaving this input unmeasured
[metrics] jsonpath_ng_1_5_3: no measurement after 3 failed attempts; leaving this input unmeasured
[metrics] jsonpath_ng_1_6_0: no measurement after 3 failed attempts; leaving this input unmeasured
[metrics] jsonpath_ng_1_6_1: no measurement after 3 failed attempts; leaving this input unmeasured
[metrics] jsonpath_ng_1_7_0: no measurement after 3 failed attempts; leaving this input unmeasured
[metrics] jsonpath_ng_1_8_0: no measurement after 3 failed attempts; leaving this input unmeasured
[metrics] jsonpath_ng_1_5_2: no measurement after 3 failed attempts; leaving this input unmeasured
[metrics] jsonpath_ng_1_5_3: no measurement after 3 failed attempts; leaving this input unmeasured
[metrics] jsonpath_ng_1_6_0: no measurement after 3 failed attempts; leaving this input unmeasured
[metrics] jsonpath_ng_1_6_1: no measurement after 3 failed attempts; leaving this input unmeasured
[metrics] jsonpath_ng_1_7_0: no measurement after 3 failed attempts; leaving this input unmeasured
[metrics] jsonpath_ng_1_8_0: no measurement after 3 failed attempts; leaving this input unmeasured
[metrics] jsonpath_ng_1_5_2: no measurement after 3 failed attempts; leaving this input unmeasured
[metrics] jsonpath_ng_1_5_3: no measurement after 3 failed attempts; leaving this input unmeasured
[metrics] jsonpath_ng_1_6_0: no measurement after 3 failed attempts; leaving this input unmeasured
[metrics] jsonpath_ng_1_6_1: no measurement after 3 failed attempts; leaving this input unmeasured
[metrics] jsonpath_ng_1_7_0: no measurement after 3 failed attempts; leaving this input unmeasured
[metrics] jsonpath_ng_1_8_0: no measurement after 3 failed attempts; leaving this input unmeasured
[metrics] jsonpath_ng_1_5_2: no measurement after 3 failed attempts; leaving this input unmeasured
[metrics] jsonpath_ng_1_5_3: no measurement after 3 failed attempts; leaving this input unmeasured
[metrics] jsonpath_ng_1_6_0: no measurement after 3 failed attempts; leaving this input unmeasured
[metrics] jsonpath_ng_1_6_1: no measurement after 3 failed attempts; leaving this input unmeasured
[metrics] jsonpath_ng_1_7_0: no measurement after 3 failed attempts; leaving this input unmeasured
[metrics] jsonpath_ng_1_8_0: no measurement after 3 failed attempts; leaving this input unmeasured
[metrics] jsonpath_ng_1_5_2: no measurement after 3 failed attempts; leaving this input unmeasured
[metrics] jsonpath_ng_1_5_3: no measurement after 3 failed attempts; leaving this input unmeasured
[metrics] jsonpath_ng_1_6_0: no measurement after 3 failed attempts; leaving this input unmeasured
[metrics] jsonpath_ng_1_6_1: no measurement after 3 failed attempts; leaving this input unmeasured
[metrics] jsonpath_ng_1_7_0: no measurement after 3 failed attempts; leaving this input unmeasured
[metrics] jsonpath_ng_1_8_0: no measurement after 3 failed attempts; leaving this input unmeasured
[metrics] jsonpath_ng_1_5_2: no measurement after 3 failed attempts; leaving this input unmeasured
[metrics] jsonpath_ng_1_5_3: no measurement after 3 failed attempts; leaving this input unmeasured
[metrics] jsonpath_ng_1_6_0: no measurement after 3 failed attempts; leaving this input unmeasured
[metrics] jsonpath_ng_1_6_1: no measurement after 3 failed attempts; leaving this input unmeasured
[metrics] jsonpath_ng_1_7_0: no measurement after 3 failed attempts; leaving this input unmeasured
[metrics] jsonpath_ng_1_8_0: no measurement after 3 failed attempts; leaving this input unmeasured
[metrics] jsonpath_ng_1_5_2: no measurement after 3 failed attempts; leaving this input unmeasured
[metrics] jsonpath_ng_1_5_3: no measurement after 3 failed attempts; leaving this input unmeasured
[metrics] jsonpath_ng_1_6_0: no measurement after 3 failed attempts; leaving this input unmeasured
[metrics] jsonpath_ng_1_6_1: no measurement after 3 failed attempts; leaving this input unmeasured
[metrics] jsonpath_ng_1_7_0: no measurement after 3 failed attempts; leaving this input unmeasured
[metrics] jsonpath_ng_1_8_0: no measurement after 3 failed attempts; leaving this input unmeasured
[metrics] jsonpath_ng_1_5_2: no measurement after 3 failed attempts; leaving this input unmeasured
[metrics] jsonpath_ng_1_5_3: no measurement after 3 failed attempts; leaving this input unmeasured
[metrics] jsonpath_ng_1_6_0: no measurement after 3 failed attempts; leaving this input unmeasured
[metrics] jsonpath_ng_1_6_1: no measurement after 3 failed attempts; leaving this input unmeasured
[metrics] jsonpath_ng_1_7_0: no measurement after 3 failed attempts; leaving this input unmeasured
[metrics] jsonpath_ng_1_8_0: no measurement after 3 failed attempts; leaving this input unmeasured
  [count_descendant_segment_undecided0] 20s: +10 new input(s), 10 distinct shape(s), 0 measured
  [seeds] skipped 1 seed(s) over 4096B; parsing one costs more than the request it would seed
[metrics] jsonpath_ng_1_5_2: no measurement after 3 failed attempts; leaving this input unmeasured
[metrics] jsonpath_ng_1_5_3: no measurement after 3 failed attempts; leaving this input unmeasured
[metrics] jsonpath_ng_1_6_0: no measurement after 3 failed attempts; leaving this input unmeasured
  [runtime_ns_high] 13s: +2 new input(s), 2 distinct shape(s), 2 measured
  [count_doc_escape_edge0] <more_member>{4,10} for the top 15% of count_doc_escape ([6,2428])
[metrics] jsonpath_ng_1_5_2: no measurement after 3 failed attempts; leaving this input unmeasured
[metrics] jsonpath_ng_1_5_3: no measurement after 3 failed attempts; leaving this input unmeasured
[metrics] jsonpath_ng_1_6_0: no measurement after 3 failed attempts; leaving this input unmeasured
[metrics] jsonpath_ng_1_6_1: no measurement after 3 failed attempts; leaving this input unmeasured
[metrics] jsonpath_ng_1_7_0: no measurement after 3 failed attempts; leaving this input unmeasured
[metrics] jsonpath_ng_1_8_0: no measurement after 3 failed attempts; leaving this input unmeasured
[metrics] jsonpath_ng_1_5_2: no measurement after 3 failed attempts; leaving this input unmeasured
[metrics] jsonpath_ng_1_5_3: no measurement after 3 failed attempts; leaving this input unmeasured
[metrics] jsonpath_ng_1_6_0: no measurement after 3 failed attempts; leaving this input unmeasured
[metrics] jsonpath_ng_1_6_1: no measurement after 3 failed attempts; leaving this input unmeasured
[metrics] jsonpath_ng_1_7_0: no measurement after 3 failed attempts; leaving this input unmeasured
[metrics] jsonpath_ng_1_8_0: no measurement after 3 failed attempts; leaving this input unmeasured
[metrics] jsonpath_ng_1_5_2: no measurement after 3 failed attempts; leaving this input unmeasured
[metrics] jsonpath_ng_1_5_3: no measurement after 3 failed attempts; leaving this input unmeasured
[metrics] jsonpath_ng_1_6_0: no measurement after 3 failed attempts; leaving this input unmeasured
[metrics] jsonpath_ng_1_6_1: no measurement after 3 failed attempts; leaving this input unmeasured
[metrics] jsonpath_ng_1_7_0: no measurement after 3 failed attempts; leaving this input unmeasured
[metrics] jsonpath_ng_1_8_0: no measurement after 3 failed attempts; leaving this input unmeasured
  [count_doc_escape_edge0] 30s: +10 new input(s), 7 distinct shape(s), 7 measured
  [runtime_ns_sparse0] 39s: no new inputs
  [count_descendant_segment_sparse9_0] <s_segment>{24,26} for count_descendant_segment in [84.6,94]
[metrics] jsonpath_ng_1_5_2: no measurement after 3 failed attempts; leaving this input unmeasured
[metrics] jsonpath_ng_1_5_3: no measurement after 3 failed attempts; leaving this input unmeasured
[metrics] jsonpath_ng_1_6_0: no measurement after 3 failed attempts; leaving this input unmeasured
[metrics] jsonpath_ng_1_6_1: no measurement after 3 failed attempts; leaving this input unmeasured
[metrics] jsonpath_ng_1_7_0: no measurement after 3 failed attempts; leaving this input unmeasured
[metrics] jsonpath_ng_1_8_0: no measurement after 3 failed attempts; leaving this input unmeasured
[metrics] jsonpath_ng_1_5_2: no measurement after 3 failed attempts; leaving this input unmeasured
[metrics] jsonpath_ng_1_5_3: no measurement after 3 failed attempts; leaving this input unmeasured
[metrics] jsonpath_ng_1_6_0: no measurement after 3 failed attempts; leaving this input unmeasured
[metrics] jsonpath_ng_1_6_1: no measurement after 3 failed attempts; leaving this input unmeasured
[metrics] jsonpath_ng_1_7_0: no measurement after 3 failed attempts; leaving this input unmeasured
[metrics] jsonpath_ng_1_8_0: no measurement after 3 failed attempts; leaving this input unmeasured
[metrics] jsonpath_ng_1_5_2: no measurement after 3 failed attempts; leaving this input unmeasured
[metrics] jsonpath_ng_1_5_3: no measurement after 3 failed attempts; leaving this input unmeasured
[metrics] jsonpath_ng_1_6_0: no measurement after 3 failed attempts; leaving this input unmeasured
[metrics] jsonpath_ng_1_6_1: no measurement after 3 failed attempts; leaving this input unmeasured
[metrics] jsonpath_ng_1_7_0: no measurement after 3 failed attempts; leaving this input unmeasured
[metrics] jsonpath_ng_1_8_0: no measurement after 3 failed attempts; leaving this input unmeasured
[metrics] jsonpath_ng_1_5_2: no measurement after 3 failed attempts; leaving this input unmeasured
[metrics] jsonpath_ng_1_5_3: no measurement after 3 failed attempts; leaving this input unmeasured
[metrics] jsonpath_ng_1_6_0: no measurement after 3 failed attempts; leaving this input unmeasured
[metrics] jsonpath_ng_1_6_1: no measurement after 3 failed attempts; leaving this input unmeasured
[metrics] jsonpath_ng_1_7_0: no measurement after 3 failed attempts; leaving this input unmeasured
[metrics] jsonpath_ng_1_8_0: no measurement after 3 failed attempts; leaving this input unmeasured
[metrics] jsonpath_ng_1_5_2: no measurement after 3 failed attempts; leaving this input unmeasured
[metrics] jsonpath_ng_1_5_3: no measurement after 3 failed attempts; leaving this input unmeasured
[metrics] jsonpath_ng_1_6_0: no measurement after 3 failed attempts; leaving this input unmeasured
[metrics] jsonpath_ng_1_6_1: no measurement after 3 failed attempts; leaving this input unmeasured
[metrics] jsonpath_ng_1_7_0: no measurement after 3 failed attempts; leaving this input unmeasured
[metrics] jsonpath_ng_1_8_0: no measurement after 3 failed attempts; leaving this input unmeasured
[metrics] jsonpath_ng_1_5_2: no measurement after 3 failed attempts; leaving this input unmeasured
[metrics] jsonpath_ng_1_5_3: no measurement after 3 failed attempts; leaving this input unmeasured
[metrics] jsonpath_ng_1_6_0: no measurement after 3 failed attempts; leaving this input unmeasured
[metrics] jsonpath_ng_1_6_1: no measurement after 3 failed attempts; leaving this input unmeasured
[metrics] jsonpath_ng_1_7_0: no measurement after 3 failed attempts; leaving this input unmeasured
[metrics] jsonpath_ng_1_8_0: no measurement after 3 failed attempts; leaving this input unmeasured
[metrics] jsonpath_ng_1_5_2: no measurement after 3 failed attempts; leaving this input unmeasured
[metrics] jsonpath_ng_1_5_3: no measurement after 3 failed attempts; leaving this input unmeasured
[metrics] jsonpath_ng_1_6_0: no measurement after 3 failed attempts; leaving this input unmeasured
[metrics] jsonpath_ng_1_6_1: no measurement after 3 failed attempts; leaving this input unmeasured
[metrics] jsonpath_ng_1_7_0: no measurement after 3 failed attempts; leaving this input unmeasured
[metrics] jsonpath_ng_1_8_0: no measurement after 3 failed attempts; leaving this input unmeasured
[metrics] jsonpath_ng_1_5_2: no measurement after 3 failed attempts; leaving this input unmeasured
[metrics] jsonpath_ng_1_5_3: no measurement after 3 failed attempts; leaving this input unmeasured
[metrics] jsonpath_ng_1_6_0: no measurement after 3 failed attempts; leaving this input unmeasured
[metrics] jsonpath_ng_1_6_1: no measurement after 3 failed attempts; leaving this input unmeasured
[metrics] jsonpath_ng_1_7_0: no measurement after 3 failed attempts; leaving this input unmeasured
[metrics] jsonpath_ng_1_8_0: no measurement after 3 failed attempts; leaving this input unmeasured
[metrics] jsonpath_ng_1_5_2: no measurement after 3 failed attempts; leaving this input unmeasured
[metrics] jsonpath_ng_1_5_3: no measurement after 3 failed attempts; leaving this input unmeasured
[metrics] jsonpath_ng_1_6_0: no measurement after 3 failed attempts; leaving this input unmeasured
[metrics] jsonpath_ng_1_6_1: no measurement after 3 failed attempts; leaving this input unmeasured
[metrics] jsonpath_ng_1_7_0: no measurement after 3 failed attempts; leaving this input unmeasured
[metrics] jsonpath_ng_1_8_0: no measurement after 3 failed attempts; leaving this input unmeasured
[metrics] jsonpath_ng_1_5_2: no measurement after 3 failed attempts; leaving this input unmeasured
[metrics] jsonpath_ng_1_5_3: no measurement after 3 failed attempts; leaving this input unmeasured
[metrics] jsonpath_ng_1_6_0: no measurement after 3 failed attempts; leaving this input unmeasured
[metrics] jsonpath_ng_1_6_1: no measurement after 3 failed attempts; leaving this input unmeasured
[metrics] jsonpath_ng_1_7_0: no measurement after 3 failed attempts; leaving this input unmeasured
[metrics] jsonpath_ng_1_8_0: no measurement after 3 failed attempts; leaving this input unmeasured
  [count_descendant_segment_sparse9_0] 19s: +10 new input(s), 10 distinct shape(s), 0 measured
  [count_nonempty_array_undecided0] 4 comparison(s) undecided in count_nonempty_array [1.587,2.52): jsonpath_ng_1_5_2 vs jsonpath_ng_1_5_3 on runtime_ns and 3 more -> <more_member>{6,8}
[metrics] jsonpath_ng_1_5_2: no measurement after 3 failed attempts; leaving this input unmeasured
[metrics] jsonpath_ng_1_5_3: no measurement after 3 failed attempts; leaving this input unmeasured
[metrics] jsonpath_ng_1_6_0: no measurement after 3 failed attempts; leaving this input unmeasured
[metrics] jsonpath_ng_1_6_1: no measurement after 3 failed attempts; leaving this input unmeasured
[metrics] jsonpath_ng_1_7_0: no measurement after 3 failed attempts; leaving this input unmeasured
[metrics] jsonpath_ng_1_5_2: no measurement after 3 failed attempts; leaving this input unmeasured
[metrics] jsonpath_ng_1_5_3: no measurement after 3 failed attempts; leaving this input unmeasured
[metrics] jsonpath_ng_1_6_0: no measurement after 3 failed attempts; leaving this input unmeasured
[metrics] jsonpath_ng_1_6_1: no measurement after 3 failed attempts; leaving this input unmeasured
[metrics] jsonpath_ng_1_7_0: no measurement after 3 failed attempts; leaving this input unmeasured
[metrics] jsonpath_ng_1_5_2: no measurement after 3 failed attempts; leaving this input unmeasured
[metrics] jsonpath_ng_1_5_3: no measurement after 3 failed attempts; leaving this input unmeasured
[metrics] jsonpath_ng_1_6_0: no measurement after 3 failed attempts; leaving this input unmeasured
[metrics] jsonpath_ng_1_6_1: no measurement after 3 failed attempts; leaving this input unmeasured
[metrics] jsonpath_ng_1_7_0: no measurement after 3 failed attempts; leaving this input unmeasured
[metrics] jsonpath_ng_1_8_0: no measurement after 3 failed attempts; leaving this input unmeasured
[metrics] jsonpath_ng_1_5_2: no measurement after 3 failed attempts; leaving this input unmeasured
[metrics] jsonpath_ng_1_5_3: no measurement after 3 failed attempts; leaving this input unmeasured
[metrics] jsonpath_ng_1_6_0: no measurement after 3 failed attempts; leaving this input unmeasured
[metrics] jsonpath_ng_1_6_1: no measurement after 3 failed attempts; leaving this input unmeasured
[metrics] jsonpath_ng_1_7_0: no measurement after 3 failed attempts; leaving this input unmeasured
  [count_nonempty_array_undecided0] 44s: +10 new input(s), 7 distinct shape(s), 9 measured
  [runtime_ns_low] 17s: +8 new input(s), 5 distinct shape(s), 8 measured
[jsonpath_ng_latest] iter 5: corpus=3114 (+324 new)
[select] relevance (max |rho| vs any metric on any system): count_descendant_segment=0.67, count_wildcard_selector=0.63, count_s_segment=0.49, count_more_value=0.25, count_doc_name_mixed=0.44, count_doc_escape=0.39, count_value=0.42, count_ws=0.42, count_nonempty_array=0.25, query_len=0.41, doc_bytes=0.40, count_doc_name_special=0.40, count_doc_name_char=0.38, count_object=0.33, count_more_member=0.36, count_HEXDIG=0.24, count_member_name_shorthand=0.36, count_hexchar=0.24, count_member=0.36, count_D=0.26, count_B=0.35, count_pos_int=0.35, count_high_surrogate=0.25, count_int=0.34, count_low_surrogate=0.25, count_doc_number=0.33, count_nonempty_object=0.31, count_frac=0.31, count_index_selector=0.27, doc_depth=0.31, count_name_first=0.31, count_array=0.30, count_name_char=0.30, count_doc_string=0.28, count_doc_char=0.28, count_bracketed_selection=0.27, count_DIGIT1=0.27, count_doc_special=0.26, count_non_surrogate=0.17, count_selector=0.27, count_doc_mixed=0.26, count_non_d_hex=0.18, count_DIGIT=0.25, count_child_segment=0.21, count_letter=0.25, count_slice_selector=0.23, count_oct_digit=0.14, count_sign_opt=0.17, count_doc_exp=0.17, count_more_selector=0.07, count_name_dq_mixed=0.10, count_name_dq_special=0.10, count_name_dq_char=0.10, count_name_selector=0.10, count_name_dq_chars=0.09, count_name_sq_mixed=0.06, count_name_sq_special=0.06, count_name_sq_chars=0.06, count_name_sq_char=0.06, count_escapable=0.06, count_filter_selector=0.00, count_logical_expr=0.00, count_logical_and_expr=0.00, count_basic_expr=0.00, count_test_expr=0.00, count_logical_function_expr=0.00, count_search_expr=0.00, count_S=0.00, count_value_argument=0.00, count_singular_query=0.00, count_abs_singular_query=0.00, count_s_singular_segment=0.00, count_index_segment=0.00, count_name_segment=0.00, count_rel_singular_query=0.00, count_value_function_expr=0.00, count_count_expr=0.00, count_filter_query=0.00, count_rel_query=0.00, count_abs_query=0.00, count_length_expr=0.00, count_value_expr=0.00, count_literal=0.00, count_number=0.00, count_exp=0.00, count_string_literal=0.00, count_sq_chars=0.00, count_sq_mixed=0.00, count_dq_chars=0.00, count_dq_mixed=0.00, count_sq_special=0.00, count_sq_char=0.00, count_dq_special=0.00, count_dq_char=0.00, count_regex_argument=0.00, count_iregexp_literal=0.00, count_ire_regexp=0.00, count_ire_branch=0.00, count_ire_piece=0.00, count_ire_quantifier=0.00, count_ire_range_quantifier=0.00, count_ire_char_class=0.00, count_ire_char_class_expr=0.00, count_ire_cce1=0.00, count_ire_alt=0.00, count_match_expr=0.00, count_and_tail=0.00, count_or_tail=0.00, count_paren_expr=0.00, count_comparison_expr=0.00, count_logical_not_op=0.00, count_comparable=0.00, count_ire_normal_char=0.00
[select] comparative relevance (max |rho| vs a between-system ratio): count_descendant_segment=0.56, count_wildcard_selector=0.45, count_s_segment=0.27, count_more_value=0.36, count_doc_name_mixed=0.34, count_doc_escape=0.35, count_value=0.35, count_ws=0.34, count_nonempty_array=0.35, query_len=0.22, doc_bytes=0.33, count_doc_name_special=0.30, count_doc_name_char=0.28, count_object=0.30, count_more_member=0.26, count_HEXDIG=0.30, count_member_name_shorthand=0.28, count_hexchar=0.30, count_member=0.27, count_D=0.29, count_B=0.23, count_pos_int=0.26, count_high_surrogate=0.28, count_int=0.26, count_low_surrogate=0.28, count_doc_number=0.23, count_nonempty_object=0.27, count_frac=0.22, count_index_selector=0.27, doc_depth=0.26, count_name_first=0.21, count_array=0.24, count_name_char=0.21, count_doc_string=0.22, count_doc_char=0.25, count_bracketed_selection=0.15, count_DIGIT1=0.18, count_doc_special=0.24, count_non_surrogate=0.24, count_selector=0.16, count_doc_mixed=0.24, count_non_d_hex=0.22, count_DIGIT=0.16, count_child_segment=0.22, count_letter=0.19, count_slice_selector=0.21, count_oct_digit=0.20, count_sign_opt=0.12, count_doc_exp=0.12, count_more_selector=0.14, count_name_dq_mixed=0.13, count_name_dq_special=0.13, count_name_dq_char=0.13, count_name_selector=0.07, count_name_dq_chars=0.09, count_name_sq_mixed=0.09, count_name_sq_special=0.09, count_name_sq_chars=0.09, count_name_sq_char=0.09, count_escapable=0.09, count_filter_selector=0.00, count_logical_expr=0.00, count_logical_and_expr=0.00, count_basic_expr=0.00, count_test_expr=0.00, count_logical_function_expr=0.00, count_search_expr=0.00, count_S=0.00, count_value_argument=0.00, count_singular_query=0.00, count_abs_singular_query=0.00, count_s_singular_segment=0.00, count_index_segment=0.00, count_name_segment=0.00, count_rel_singular_query=0.00, count_value_function_expr=0.00, count_count_expr=0.00, count_filter_query=0.00, count_rel_query=0.00, count_abs_query=0.00, count_length_expr=0.00, count_value_expr=0.00, count_literal=0.00, count_number=0.00, count_exp=0.00, count_string_literal=0.00, count_sq_chars=0.00, count_sq_mixed=0.00, count_dq_chars=0.00, count_dq_mixed=0.00, count_sq_special=0.00, count_sq_char=0.00, count_dq_special=0.00, count_dq_char=0.00, count_regex_argument=0.00, count_iregexp_literal=0.00, count_ire_regexp=0.00, count_ire_branch=0.00, count_ire_piece=0.00, count_ire_quantifier=0.00, count_ire_range_quantifier=0.00, count_ire_char_class=0.00, count_ire_char_class_expr=0.00, count_ire_cce1=0.00, count_ire_alt=0.00, count_match_expr=0.00, count_and_tail=0.00, count_or_tail=0.00, count_paren_expr=0.00, count_comparison_expr=0.00, count_logical_not_op=0.00, count_comparable=0.00, count_ire_normal_char=0.00
[select] scored on the comparison rather than on the metric: count_more_value (0.25 -> 0.36), count_nonempty_array (0.25 -> 0.35), count_HEXDIG (0.24 -> 0.30), count_hexchar (0.24 -> 0.30), count_non_surrogate (0.17 -> 0.24), count_oct_digit (0.14 -> 0.20), count_more_selector (0.07 -> 0.14)
[select] kept count_filter_selector despite |rho|=0.00: its axis is not explored yet, so a low score there is absence of data rather than absence of effect
[select] kept count_logical_expr despite |rho|=0.00: its axis is not explored yet, so a low score there is absence of data rather than absence of effect
[select] kept count_logical_and_expr despite |rho|=0.00: its axis is not explored yet, so a low score there is absence of data rather than absence of effect
[select] kept count_basic_expr despite |rho|=0.00: its axis is not explored yet, so a low score there is absence of data rather than absence of effect
[select] kept count_test_expr despite |rho|=0.00: its axis is not explored yet, so a low score there is absence of data rather than absence of effect
[select] kept count_logical_function_expr despite |rho|=0.00: its axis is not explored yet, so a low score there is absence of data rather than absence of effect
[select] kept count_search_expr despite |rho|=0.00: its axis is not explored yet, so a low score there is absence of data rather than absence of effect
[select] kept count_S despite |rho|=0.00: its axis is not explored yet, so a low score there is absence of data rather than absence of effect
[select] kept count_value_argument despite |rho|=0.00: its axis is not explored yet, so a low score there is absence of data rather than absence of effect
[select] kept count_singular_query despite |rho|=0.00: its axis is not explored yet, so a low score there is absence of data rather than absence of effect
[select] kept count_abs_singular_query despite |rho|=0.00: its axis is not explored yet, so a low score there is absence of data rather than absence of effect
[select] kept count_s_singular_segment despite |rho|=0.00: its axis is not explored yet, so a low score there is absence of data rather than absence of effect
[select] kept count_index_segment despite |rho|=0.00: its axis is not explored yet, so a low score there is absence of data rather than absence of effect
[select] kept count_name_segment despite |rho|=0.00: its axis is not explored yet, so a low score there is absence of data rather than absence of effect
[select] kept count_rel_singular_query despite |rho|=0.00: its axis is not explored yet, so a low score there is absence of data rather than absence of effect
[select] kept count_value_function_expr despite |rho|=0.00: its axis is not explored yet, so a low score there is absence of data rather than absence of effect
[select] kept count_count_expr despite |rho|=0.00: its axis is not explored yet, so a low score there is absence of data rather than absence of effect
[select] kept count_filter_query despite |rho|=0.00: its axis is not explored yet, so a low score there is absence of data rather than absence of effect
[select] kept count_rel_query despite |rho|=0.00: its axis is not explored yet, so a low score there is absence of data rather than absence of effect
[select] kept count_abs_query despite |rho|=0.00: its axis is not explored yet, so a low score there is absence of data rather than absence of effect
[select] kept count_length_expr despite |rho|=0.00: its axis is not explored yet, so a low score there is absence of data rather than absence of effect
[select] kept count_value_expr despite |rho|=0.00: its axis is not explored yet, so a low score there is absence of data rather than absence of effect
[select] kept count_literal despite |rho|=0.00: its axis is not explored yet, so a low score there is absence of data rather than absence of effect
[select] kept count_number despite |rho|=0.00: its axis is not explored yet, so a low score there is absence of data rather than absence of effect
[select] kept count_exp despite |rho|=0.00: its axis is not explored yet, so a low score there is absence of data rather than absence of effect
[select] kept count_string_literal despite |rho|=0.00: its axis is not explored yet, so a low score there is absence of data rather than absence of effect
[select] kept count_sq_chars despite |rho|=0.00: its axis is not explored yet, so a low score there is absence of data rather than absence of effect
[select] kept count_sq_mixed despite |rho|=0.00: its axis is not explored yet, so a low score there is absence of data rather than absence of effect
[select] kept count_dq_chars despite |rho|=0.00: its axis is not explored yet, so a low score there is absence of data rather than absence of effect
[select] kept count_dq_mixed despite |rho|=0.00: its axis is not explored yet, so a low score there is absence of data rather than absence of effect
[select] kept count_sq_special despite |rho|=0.00: its axis is not explored yet, so a low score there is absence of data rather than absence of effect
[select] kept count_sq_char despite |rho|=0.00: its axis is not explored yet, so a low score there is absence of data rather than absence of effect
[select] kept count_dq_special despite |rho|=0.00: its axis is not explored yet, so a low score there is absence of data rather than absence of effect
[select] kept count_dq_char despite |rho|=0.00: its axis is not explored yet, so a low score there is absence of data rather than absence of effect
[select] kept count_regex_argument despite |rho|=0.00: its axis is not explored yet, so a low score there is absence of data rather than absence of effect
[select] kept count_iregexp_literal despite |rho|=0.00: its axis is not explored yet, so a low score there is absence of data rather than absence of effect
[select] kept count_ire_regexp despite |rho|=0.00: its axis is not explored yet, so a low score there is absence of data rather than absence of effect
[select] kept count_ire_branch despite |rho|=0.00: its axis is not explored yet, so a low score there is absence of data rather than absence of effect
[select] kept count_ire_piece despite |rho|=0.00: its axis is not explored yet, so a low score there is absence of data rather than absence of effect
[select] kept count_ire_quantifier despite |rho|=0.00: its axis is not explored yet, so a low score there is absence of data rather than absence of effect
[select] kept count_ire_range_quantifier despite |rho|=0.00: its axis is not explored yet, so a low score there is absence of data rather than absence of effect
[select] kept count_ire_char_class despite |rho|=0.00: its axis is not explored yet, so a low score there is absence of data rather than absence of effect
[select] kept count_ire_char_class_expr despite |rho|=0.00: its axis is not explored yet, so a low score there is absence of data rather than absence of effect
[select] kept count_ire_cce1 despite |rho|=0.00: its axis is not explored yet, so a low score there is absence of data rather than absence of effect
[select] kept count_ire_alt despite |rho|=0.00: its axis is not explored yet, so a low score there is absence of data rather than absence of effect
[select] kept count_match_expr despite |rho|=0.00: its axis is not explored yet, so a low score there is absence of data rather than absence of effect
[select] kept count_and_tail despite |rho|=0.00: its axis is not explored yet, so a low score there is absence of data rather than absence of effect
[select] kept count_or_tail despite |rho|=0.00: its axis is not explored yet, so a low score there is absence of data rather than absence of effect
[select] kept count_paren_expr despite |rho|=0.00: its axis is not explored yet, so a low score there is absence of data rather than absence of effect
[select] kept count_comparison_expr despite |rho|=0.00: its axis is not explored yet, so a low score there is absence of data rather than absence of effect
[select] kept count_logical_not_op despite |rho|=0.00: its axis is not explored yet, so a low score there is absence of data rather than absence of effect
[select] kept count_comparable despite |rho|=0.00: its axis is not explored yet, so a low score there is absence of data rather than absence of effect
[select] kept count_ire_normal_char despite |rho|=0.00: its axis is not explored yet, so a low score there is absence of data rather than absence of effect
[select] dropped count_wildcard_selector: |rho|=0.90 with count_descendant_segment, which is already kept
[select] dropped count_s_segment: |rho|=0.81 with count_descendant_segment, which is already kept
[select] dropped count_doc_escape: |rho|=0.93 with count_doc_name_mixed, which is already kept
[select] dropped count_ws: over the 4-property cap
[select] dropped count_nonempty_array: over the 4-property cap
[select] dropped query_len: over the 4-property cap
[select] dropped doc_bytes: over the 4-property cap
[select] dropped count_doc_name_special: over the 4-property cap
[select] dropped count_doc_name_char: over the 4-property cap
[select] dropped count_object: over the 4-property cap
[select] dropped count_more_member: over the 4-property cap
[select] dropped count_HEXDIG: over the 4-property cap
[select] dropped count_member_name_shorthand: over the 4-property cap
[select] dropped count_hexchar: over the 4-property cap
[select] dropped count_member: over the 4-property cap
[select] dropped count_D: over the 4-property cap
[select] dropped count_B: over the 4-property cap
[select] dropped count_pos_int: over the 4-property cap
[select] dropped count_high_surrogate: over the 4-property cap
[select] dropped count_int: over the 4-property cap
[select] dropped count_low_surrogate: over the 4-property cap
[select] dropped count_doc_number: over the 4-property cap
[select] dropped count_nonempty_object: over the 4-property cap
[select] dropped count_frac: over the 4-property cap
[select] dropped count_index_selector: over the 4-property cap
[select] dropped doc_depth: over the 4-property cap
[select] dropped count_name_first: over the 4-property cap
[select] dropped count_array: over the 4-property cap
[select] dropped count_name_char: over the 4-property cap
[select] dropped count_doc_string: over the 4-property cap
[select] dropped count_doc_char: over the 4-property cap
[select] dropped count_bracketed_selection: over the 4-property cap
[select] dropped count_DIGIT1: over the 4-property cap
[select] dropped count_doc_special: over the 4-property cap
[select] dropped count_non_surrogate: over the 4-property cap
[select] dropped count_selector: over the 4-property cap
[select] dropped count_doc_mixed: over the 4-property cap
[select] dropped count_non_d_hex: over the 4-property cap
[select] dropped count_DIGIT: over the 4-property cap
[select] dropped count_child_segment: over the 4-property cap
[select] dropped count_letter: over the 4-property cap
[select] dropped count_slice_selector: over the 4-property cap
[select] dropped count_oct_digit: over the 4-property cap
[select] dropped count_sign_opt: over the 4-property cap
[select] dropped count_doc_exp: over the 4-property cap
[select] dropped count_more_selector: over the 4-property cap
[select] dropped count_name_dq_mixed: over the 4-property cap
[select] dropped count_name_dq_special: over the 4-property cap
[select] dropped count_name_dq_char: over the 4-property cap
[select] dropped count_name_selector: over the 4-property cap
[select] dropped count_name_dq_chars: over the 4-property cap
[select] dropped count_name_sq_mixed: over the 4-property cap
[select] dropped count_name_sq_special: over the 4-property cap
[select] dropped count_name_sq_chars: over the 4-property cap
[select] dropped count_name_sq_char: over the 4-property cap
[select] dropped count_escapable: over the 4-property cap
[select] dropped count_filter_selector: over the 4-property cap
[select] dropped count_logical_expr: over the 4-property cap
[select] dropped count_logical_and_expr: over the 4-property cap
[select] dropped count_basic_expr: over the 4-property cap
[select] dropped count_test_expr: over the 4-property cap
[select] dropped count_logical_function_expr: over the 4-property cap
[select] dropped count_search_expr: over the 4-property cap
[select] dropped count_S: over the 4-property cap
[select] dropped count_value_argument: over the 4-property cap
[select] dropped count_singular_query: over the 4-property cap
[select] dropped count_abs_singular_query: over the 4-property cap
[select] dropped count_s_singular_segment: over the 4-property cap
[select] dropped count_index_segment: over the 4-property cap
[select] dropped count_name_segment: over the 4-property cap
[select] dropped count_rel_singular_query: over the 4-property cap
[select] dropped count_value_function_expr: over the 4-property cap
[select] dropped count_count_expr: over the 4-property cap
[select] dropped count_filter_query: over the 4-property cap
[select] dropped count_rel_query: over the 4-property cap
[select] dropped count_abs_query: over the 4-property cap
[select] dropped count_length_expr: over the 4-property cap
[select] dropped count_value_expr: over the 4-property cap
[select] dropped count_literal: over the 4-property cap
[select] dropped count_number: over the 4-property cap
[select] dropped count_exp: over the 4-property cap
[select] dropped count_string_literal: over the 4-property cap
[select] dropped count_sq_chars: over the 4-property cap
[select] dropped count_sq_mixed: over the 4-property cap
[select] dropped count_dq_chars: over the 4-property cap
[select] dropped count_dq_mixed: over the 4-property cap
[select] dropped count_sq_special: over the 4-property cap
[select] dropped count_sq_char: over the 4-property cap
[select] dropped count_dq_special: over the 4-property cap
[select] dropped count_dq_char: over the 4-property cap
[select] dropped count_regex_argument: over the 4-property cap
[select] dropped count_iregexp_literal: over the 4-property cap
[select] dropped count_ire_regexp: over the 4-property cap
[select] dropped count_ire_branch: over the 4-property cap
[select] dropped count_ire_piece: over the 4-property cap
[select] dropped count_ire_quantifier: over the 4-property cap
[select] dropped count_ire_range_quantifier: over the 4-property cap
[select] dropped count_ire_char_class: over the 4-property cap
[select] dropped count_ire_char_class_expr: over the 4-property cap
[select] dropped count_ire_cce1: over the 4-property cap
[select] dropped count_ire_alt: over the 4-property cap
[select] dropped count_match_expr: over the 4-property cap
[select] dropped count_and_tail: over the 4-property cap
[select] dropped count_or_tail: over the 4-property cap
[select] dropped count_paren_expr: over the 4-property cap
[select] dropped count_comparison_expr: over the 4-property cap
[select] dropped count_logical_not_op: over the 4-property cap
[select] dropped count_comparable: over the 4-property cap
[select] dropped count_ire_normal_char: over the 4-property cap
[select] count_descendant_segment stands for count_wildcard_selector, count_s_segment (indistinguishable here)
[select] count_doc_name_mixed stands for count_doc_escape (indistinguishable here)
[select] joint fit uses 4 of 113 properties: count_descendant_segment, count_value, count_doc_name_mixed, count_more_value (1,296 model fits)
[jsonpath_ng_latest] loop targets 4 of 113 properties: count_descendant_segment, count_value, count_doc_name_mixed, count_more_value
[jsonpath_ng_latest] targeting 8 regions: runtime_ns_divergence, count_doc_name_mixed_undecided0, count_value_beyond, runtime_ns_high, count_descendant_segment_edge0, runtime_ns_sparse0, count_doc_name_mixed_sparse4_0, count_more_value_undecided0
  [seeds] skipped 1 seed(s) over 4096B; parsing one costs more than the request it would seed
[metrics] jsonpath_ng_1_5_2: no measurement after 3 failed attempts; leaving this input unmeasured
[metrics] jsonpath_ng_1_5_3: no measurement after 3 failed attempts; leaving this input unmeasured
[metrics] jsonpath_ng_1_6_0: no measurement after 3 failed attempts; leaving this input unmeasured
[metrics] jsonpath_ng_1_6_1: no measurement after 3 failed attempts; leaving this input unmeasured
[metrics] jsonpath_ng_1_7_0: no measurement after 3 failed attempts; leaving this input unmeasured
[metrics] jsonpath_ng_1_8_0: no measurement after 3 failed attempts; leaving this input unmeasured
  [runtime_ns_divergence] 15s: +3 new input(s), 2 distinct shape(s), 2 measured
  [count_doc_name_mixed_undecided0] 12 comparison(s) undecided in count_doc_name_mixed [3.684,7.071): jsonpath_ng_1_5_2 vs jsonpath_ng_1_5_3 on runtime_ns and 11 more -> <more_member>{11,14}
[metrics] jsonpath_ng_1_5_2: no measurement after 3 failed attempts; leaving this input unmeasured
[metrics] jsonpath_ng_1_5_3: no measurement after 3 failed attempts; leaving this input unmeasured
[metrics] jsonpath_ng_1_6_0: no measurement after 3 failed attempts; leaving this input unmeasured
[metrics] jsonpath_ng_1_6_1: no measurement after 3 failed attempts; leaving this input unmeasured
[metrics] jsonpath_ng_1_7_0: no measurement after 3 failed attempts; leaving this input unmeasured
[metrics] jsonpath_ng_1_8_0: no measurement after 3 failed attempts; leaving this input unmeasured
[metrics] jsonpath_ng_1_5_2: no measurement after 3 failed attempts; leaving this input unmeasured
[metrics] jsonpath_ng_1_5_3: no measurement after 3 failed attempts; leaving this input unmeasured
[metrics] jsonpath_ng_1_6_0: no measurement after 3 failed attempts; leaving this input unmeasured
[metrics] jsonpath_ng_1_6_1: no measurement after 3 failed attempts; leaving this input unmeasured
[metrics] jsonpath_ng_1_7_0: no measurement after 3 failed attempts; leaving this input unmeasured
[metrics] jsonpath_ng_1_8_0: no measurement after 3 failed attempts; leaving this input unmeasured
[metrics] jsonpath_ng_1_5_2: no measurement after 3 failed attempts; leaving this input unmeasured
[metrics] jsonpath_ng_1_5_3: no measurement after 3 failed attempts; leaving this input unmeasured
[metrics] jsonpath_ng_1_6_0: no measurement after 3 failed attempts; leaving this input unmeasured
[metrics] jsonpath_ng_1_6_1: no measurement after 3 failed attempts; leaving this input unmeasured
[metrics] jsonpath_ng_1_7_0: no measurement after 3 failed attempts; leaving this input unmeasured
[metrics] jsonpath_ng_1_8_0: no measurement after 3 failed attempts; leaving this input unmeasured
[metrics] jsonpath_ng_1_5_2: no measurement after 3 failed attempts; leaving this input unmeasured
[metrics] jsonpath_ng_1_5_3: no measurement after 3 failed attempts; leaving this input unmeasured
[metrics] jsonpath_ng_1_6_0: no measurement after 3 failed attempts; leaving this input unmeasured
[metrics] jsonpath_ng_1_6_1: no measurement after 3 failed attempts; leaving this input unmeasured
[metrics] jsonpath_ng_1_7_0: no measurement after 3 failed attempts; leaving this input unmeasured
[metrics] jsonpath_ng_1_8_0: no measurement after 3 failed attempts; leaving this input unmeasured
[metrics] jsonpath_ng_1_5_2: no measurement after 3 failed attempts; leaving this input unmeasured
[metrics] jsonpath_ng_1_5_3: no measurement after 3 failed attempts; leaving this input unmeasured
[metrics] jsonpath_ng_1_6_0: no measurement after 3 failed attempts; leaving this input unmeasured
[metrics] jsonpath_ng_1_6_1: no measurement after 3 failed attempts; leaving this input unmeasured
[metrics] jsonpath_ng_1_7_0: no measurement after 3 failed attempts; leaving this input unmeasured
[metrics] jsonpath_ng_1_8_0: no measurement after 3 failed attempts; leaving this input unmeasured
[metrics] jsonpath_ng_1_5_2: no measurement after 3 failed attempts; leaving this input unmeasured
[metrics] jsonpath_ng_1_5_3: no measurement after 3 failed attempts; leaving this input unmeasured
[metrics] jsonpath_ng_1_6_0: no measurement after 3 failed attempts; leaving this input unmeasured
[metrics] jsonpath_ng_1_6_1: no measurement after 3 failed attempts; leaving this input unmeasured
[metrics] jsonpath_ng_1_7_0: no measurement after 3 failed attempts; leaving this input unmeasured
[metrics] jsonpath_ng_1_8_0: no measurement after 3 failed attempts; leaving this input unmeasured
[metrics] jsonpath_ng_1_5_2: no measurement after 3 failed attempts; leaving this input unmeasured
[metrics] jsonpath_ng_1_5_3: no measurement after 3 failed attempts; leaving this input unmeasured
[metrics] jsonpath_ng_1_6_0: no measurement after 3 failed attempts; leaving this input unmeasured
[metrics] jsonpath_ng_1_6_1: no measurement after 3 failed attempts; leaving this input unmeasured
[metrics] jsonpath_ng_1_7_0: no measurement after 3 failed attempts; leaving this input unmeasured
[metrics] jsonpath_ng_1_8_0: no measurement after 3 failed attempts; leaving this input unmeasured
[metrics] jsonpath_ng_1_5_2: no measurement after 3 failed attempts; leaving this input unmeasured
[metrics] jsonpath_ng_1_5_3: no measurement after 3 failed attempts; leaving this input unmeasured
[metrics] jsonpath_ng_1_6_0: no measurement after 3 failed attempts; leaving this input unmeasured
[metrics] jsonpath_ng_1_6_1: no measurement after 3 failed attempts; leaving this input unmeasured
[metrics] jsonpath_ng_1_7_0: no measurement after 3 failed attempts; leaving this input unmeasured
[metrics] jsonpath_ng_1_8_0: no measurement after 3 failed attempts; leaving this input unmeasured
[metrics] jsonpath_ng_1_5_2: no measurement after 3 failed attempts; leaving this input unmeasured
[metrics] jsonpath_ng_1_5_3: no measurement after 3 failed attempts; leaving this input unmeasured
[metrics] jsonpath_ng_1_6_0: no measurement after 3 failed attempts; leaving this input unmeasured
[metrics] jsonpath_ng_1_6_1: no measurement after 3 failed attempts; leaving this input unmeasured
[metrics] jsonpath_ng_1_7_0: no measurement after 3 failed attempts; leaving this input unmeasured
[metrics] jsonpath_ng_1_8_0: no measurement after 3 failed attempts; leaving this input unmeasured
  [count_doc_name_mixed_undecided0] 29s: +10 new input(s), 5 distinct shape(s), 1 measured
  [count_value_beyond] <more_member>{24,28} (rung 1, 4000 nodes)
[WARNING] Fandango did not generate any valid inputs.
  [count_value_beyond] 53s: no new inputs
  [seeds] skipped 1 seed(s) over 4096B; parsing one costs more than the request it would seed
[metrics] jsonpath_ng_1_5_2: no measurement after 3 failed attempts; leaving this input unmeasured
[metrics] jsonpath_ng_1_5_3: no measurement after 3 failed attempts; leaving this input unmeasured
[metrics] jsonpath_ng_1_6_0: no measurement after 3 failed attempts; leaving this input unmeasured
  [runtime_ns_high] 10s: +1 new input(s), 1 distinct shape(s), 1 measured
  [count_descendant_segment_edge0] <s_segment>{24,26} for the top 15% of count_descendant_segment ([26,94])
[metrics] jsonpath_ng_1_5_2: no measurement after 3 failed attempts; leaving this input unmeasured
[metrics] jsonpath_ng_1_5_3: no measurement after 3 failed attempts; leaving this input unmeasured
[metrics] jsonpath_ng_1_6_0: no measurement after 3 failed attempts; leaving this input unmeasured
[metrics] jsonpath_ng_1_6_1: no measurement after 3 failed attempts; leaving this input unmeasured
[metrics] jsonpath_ng_1_7_0: no measurement after 3 failed attempts; leaving this input unmeasured
[metrics] jsonpath_ng_1_8_0: no measurement after 3 failed attempts; leaving this input unmeasured
[metrics] jsonpath_ng_1_5_2: no measurement after 3 failed attempts; leaving this input unmeasured
[metrics] jsonpath_ng_1_5_3: no measurement after 3 failed attempts; leaving this input unmeasured
[metrics] jsonpath_ng_1_6_0: no measurement after 3 failed attempts; leaving this input unmeasured
[metrics] jsonpath_ng_1_6_1: no measurement after 3 failed attempts; leaving this input unmeasured
[metrics] jsonpath_ng_1_7_0: no measurement after 3 failed attempts; leaving this input unmeasured
[metrics] jsonpath_ng_1_8_0: no measurement after 3 failed attempts; leaving this input unmeasured
[metrics] jsonpath_ng_1_5_2: no measurement after 3 failed attempts; leaving this input unmeasured
[metrics] jsonpath_ng_1_5_3: no measurement after 3 failed attempts; leaving this input unmeasured
[metrics] jsonpath_ng_1_6_0: no measurement after 3 failed attempts; leaving this input unmeasured
[metrics] jsonpath_ng_1_6_1: no measurement after 3 failed attempts; leaving this input unmeasured
[metrics] jsonpath_ng_1_7_0: no measurement after 3 failed attempts; leaving this input unmeasured
[metrics] jsonpath_ng_1_8_0: no measurement after 3 failed attempts; leaving this input unmeasured
[metrics] jsonpath_ng_1_5_2: no measurement after 3 failed attempts; leaving this input unmeasured
[metrics] jsonpath_ng_1_5_3: no measurement after 3 failed attempts; leaving this input unmeasured
[metrics] jsonpath_ng_1_6_0: no measurement after 3 failed attempts; leaving this input unmeasured
[metrics] jsonpath_ng_1_6_1: no measurement after 3 failed attempts; leaving this input unmeasured
[metrics] jsonpath_ng_1_7_0: no measurement after 3 failed attempts; leaving this input unmeasured
[metrics] jsonpath_ng_1_8_0: no measurement after 3 failed attempts; leaving this input unmeasured
[metrics] jsonpath_ng_1_5_2: no measurement after 3 failed attempts; leaving this input unmeasured
[metrics] jsonpath_ng_1_5_3: no measurement after 3 failed attempts; leaving this input unmeasured
[metrics] jsonpath_ng_1_6_0: no measurement after 3 failed attempts; leaving this input unmeasured
[metrics] jsonpath_ng_1_6_1: no measurement after 3 failed attempts; leaving this input unmeasured
[metrics] jsonpath_ng_1_7_0: no measurement after 3 failed attempts; leaving this input unmeasured
[metrics] jsonpath_ng_1_8_0: no measurement after 3 failed attempts; leaving this input unmeasured
[metrics] jsonpath_ng_1_5_2: no measurement after 3 failed attempts; leaving this input unmeasured
[metrics] jsonpath_ng_1_5_3: no measurement after 3 failed attempts; leaving this input unmeasured
[metrics] jsonpath_ng_1_6_0: no measurement after 3 failed attempts; leaving this input unmeasured
[metrics] jsonpath_ng_1_6_1: no measurement after 3 failed attempts; leaving this input unmeasured
[metrics] jsonpath_ng_1_7_0: no measurement after 3 failed attempts; leaving this input unmeasured
[metrics] jsonpath_ng_1_8_0: no measurement after 3 failed attempts; leaving this input unmeasured
[metrics] jsonpath_ng_1_5_2: no measurement after 3 failed attempts; leaving this input unmeasured
[metrics] jsonpath_ng_1_5_3: no measurement after 3 failed attempts; leaving this input unmeasured
[metrics] jsonpath_ng_1_6_0: no measurement after 3 failed attempts; leaving this input unmeasured
[metrics] jsonpath_ng_1_6_1: no measurement after 3 failed attempts; leaving this input unmeasured
[metrics] jsonpath_ng_1_7_0: no measurement after 3 failed attempts; leaving this input unmeasured
[metrics] jsonpath_ng_1_8_0: no measurement after 3 failed attempts; leaving this input unmeasured
[metrics] jsonpath_ng_1_5_2: no measurement after 3 failed attempts; leaving this input unmeasured
[metrics] jsonpath_ng_1_5_3: no measurement after 3 failed attempts; leaving this input unmeasured
[metrics] jsonpath_ng_1_6_0: no measurement after 3 failed attempts; leaving this input unmeasured
[metrics] jsonpath_ng_1_6_1: no measurement after 3 failed attempts; leaving this input unmeasured
[metrics] jsonpath_ng_1_7_0: no measurement after 3 failed attempts; leaving this input unmeasured
[metrics] jsonpath_ng_1_8_0: no measurement after 3 failed attempts; leaving this input unmeasured
[metrics] jsonpath_ng_1_5_2: no measurement after 3 failed attempts; leaving this input unmeasured
[metrics] jsonpath_ng_1_5_3: no measurement after 3 failed attempts; leaving this input unmeasured
[metrics] jsonpath_ng_1_6_0: no measurement after 3 failed attempts; leaving this input unmeasured
[metrics] jsonpath_ng_1_6_1: no measurement after 3 failed attempts; leaving this input unmeasured
[metrics] jsonpath_ng_1_7_0: no measurement after 3 failed attempts; leaving this input unmeasured
[metrics] jsonpath_ng_1_8_0: no measurement after 3 failed attempts; leaving this input unmeasured
[metrics] jsonpath_ng_1_5_2: no measurement after 3 failed attempts; leaving this input unmeasured
[metrics] jsonpath_ng_1_5_3: no measurement after 3 failed attempts; leaving this input unmeasured
[metrics] jsonpath_ng_1_6_0: no measurement after 3 failed attempts; leaving this input unmeasured
[metrics] jsonpath_ng_1_6_1: no measurement after 3 failed attempts; leaving this input unmeasured
[metrics] jsonpath_ng_1_7_0: no measurement after 3 failed attempts; leaving this input unmeasured
[metrics] jsonpath_ng_1_8_0: no measurement after 3 failed attempts; leaving this input unmeasured
  [count_descendant_segment_edge0] 19s: +10 new input(s), 10 distinct shape(s), 0 measured
  [runtime_ns_sparse0] 39s: no new inputs
  [count_doc_name_mixed_sparse4_0] <more_member>{24,26} for count_doc_name_mixed in [20,25]
[WARNING] Fandango did not generate any valid inputs.
  [count_doc_name_mixed_sparse4_0] 49s: no new inputs
  [count_more_value_undecided0] 5 comparison(s) undecided in count_more_value [1,2.067): jsonpath_ng_1_5_2 vs jsonpath_ng_1_5_3 on runtime_ns and 4 more -> <more_member>{1,3}
[metrics] jsonpath_ng_1_5_2: no measurement after 3 failed attempts; leaving this input unmeasured
[metrics] jsonpath_ng_1_5_3: no measurement after 3 failed attempts; leaving this input unmeasured
[metrics] jsonpath_ng_1_6_0: no measurement after 3 failed attempts; leaving this input unmeasured
[metrics] jsonpath_ng_1_6_1: no measurement after 3 failed attempts; leaving this input unmeasured
[metrics] jsonpath_ng_1_7_0: no measurement after 3 failed attempts; leaving this input unmeasured
[metrics] jsonpath_ng_1_8_0: no measurement after 3 failed attempts; leaving this input unmeasured
[metrics] jsonpath_ng_1_5_2: no measurement after 3 failed attempts; leaving this input unmeasured
[metrics] jsonpath_ng_1_5_3: no measurement after 3 failed attempts; leaving this input unmeasured
[metrics] jsonpath_ng_1_6_0: no measurement after 3 failed attempts; leaving this input unmeasured
[metrics] jsonpath_ng_1_5_2: no measurement after 3 failed attempts; leaving this input unmeasured
[metrics] jsonpath_ng_1_5_3: no measurement after 3 failed attempts; leaving this input unmeasured
[metrics] jsonpath_ng_1_6_0: no measurement after 3 failed attempts; leaving this input unmeasured
[metrics] jsonpath_ng_1_6_1: no measurement after 3 failed attempts; leaving this input unmeasured
[metrics] jsonpath_ng_1_7_0: no measurement after 3 failed attempts; leaving this input unmeasured
[metrics] jsonpath_ng_1_8_0: no measurement after 3 failed attempts; leaving this input unmeasured
[metrics] jsonpath_ng_1_5_2: no measurement after 3 failed attempts; leaving this input unmeasured
[metrics] jsonpath_ng_1_5_3: no measurement after 3 failed attempts; leaving this input unmeasured
[metrics] jsonpath_ng_1_6_0: no measurement after 3 failed attempts; leaving this input unmeasured
[metrics] jsonpath_ng_1_6_1: no measurement after 3 failed attempts; leaving this input unmeasured
[metrics] jsonpath_ng_1_7_0: no measurement after 3 failed attempts; leaving this input unmeasured
[metrics] jsonpath_ng_1_8_0: no measurement after 3 failed attempts; leaving this input unmeasured
[metrics] jsonpath_ng_1_5_2: no measurement after 3 failed attempts; leaving this input unmeasured
[metrics] jsonpath_ng_1_5_3: no measurement after 3 failed attempts; leaving this input unmeasured
[metrics] jsonpath_ng_1_6_0: no measurement after 3 failed attempts; leaving this input unmeasured
[metrics] jsonpath_ng_1_6_1: no measurement after 3 failed attempts; leaving this input unmeasured
[metrics] jsonpath_ng_1_7_0: no measurement after 3 failed attempts; leaving this input unmeasured
[metrics] jsonpath_ng_1_8_0: no measurement after 3 failed attempts; leaving this input unmeasured
  [count_more_value_undecided0] 21s: +10 new input(s), 8 distinct shape(s), 6 measured
[jsonpath_ng_latest] iter 6: corpus=3318 (+204 new)
[jsonpath_ng_latest] targeting 8 regions: runtime_ns_divergence, count_value_undecided0, runtime_ns_high, count_more_value_edge0, runtime_ns_sparse0, count_value_sparse8_0, count_doc_name_mixed_undecided0, runtime_ns_low
  [seeds] skipped 1 seed(s) over 4096B; parsing one costs more than the request it would seed
  [runtime_ns_divergence] 26s: +2 new input(s), 1 distinct shape(s), 2 measured
  [count_value_undecided0] 3 comparison(s) undecided in count_value [25.79,58.13): jsonpath_ng_1_5_2 vs jsonpath_ng_1_5_3 on runtime_ns and 2 more -> <more_member>{14,17}
[WARNING] Fandango did not generate any valid inputs.
  [count_value_undecided0] 52s: no new inputs
  [seeds] skipped 1 seed(s) over 4096B; parsing one costs more than the request it would seed
[metrics] jsonpath_ng_1_5_2: no measurement after 3 failed attempts; leaving this input unmeasured
[metrics] jsonpath_ng_1_5_3: no measurement after 3 failed attempts; leaving this input unmeasured
[metrics] jsonpath_ng_1_6_0: no measurement after 3 failed attempts; leaving this input unmeasured
  [runtime_ns_high] 14s: +1 new input(s), 1 distinct shape(s), 1 measured
  [count_more_value_edge0] <more_member>{7,12} for the top 15% of count_more_value ([7,78])
[metrics] jsonpath_ng_1_5_2: no measurement after 3 failed attempts; leaving this input unmeasured
[metrics] jsonpath_ng_1_5_3: no measurement after 3 failed attempts; leaving this input unmeasured
[metrics] jsonpath_ng_1_6_0: no measurement after 3 failed attempts; leaving this input unmeasured
[metrics] jsonpath_ng_1_6_1: no measurement after 3 failed attempts; leaving this input unmeasured
[metrics] jsonpath_ng_1_7_0: no measurement after 3 failed attempts; leaving this input unmeasured
[metrics] jsonpath_ng_1_8_0: no measurement after 3 failed attempts; leaving this input unmeasured
  [count_more_value_edge0] 41s: +10 new input(s), 3 distinct shape(s), 9 measured
  [runtime_ns_sparse0] 32s: no new inputs
  [count_value_sparse8_0] <more_member>{24,26} for count_value in [105,118]
[WARNING] Fandango did not generate any valid inputs.
  [count_value_sparse8_0] 63s: no new inputs
  [count_doc_name_mixed_undecided0] 4 comparison(s) undecided in count_doc_name_mixed [3.684,7.071): jsonpath_ng_1_5_2 vs jsonpath_ng_1_5_3 on runtime_ns and 3 more -> <more_member>{11,14}
  [count_doc_name_mixed_undecided0] 37s: +10 new input(s), 3 distinct shape(s), 10 measured
  [runtime_ns_low] 7s: +3 new input(s), 3 distinct shape(s), 3 measured
[jsonpath_ng_latest] iter 7: corpus=3474 (+156 new)
[select] relevance (max |rho| vs any metric on any system): count_descendant_segment=0.72, count_wildcard_selector=0.67, count_s_segment=0.54, count_ws=0.49, count_doc_name_mixed=0.51, count_value=0.49, doc_bytes=0.47, count_doc_escape=0.40, query_len=0.45, count_more_value=0.31, count_doc_name_special=0.45, count_member=0.43, count_doc_number=0.44, count_more_member=0.44, count_nonempty_array=0.30, count_B=0.43, doc_depth=0.39, count_doc_name_char=0.42, count_pos_int=0.40, count_object=0.34, count_member_name_shorthand=0.39, count_frac=0.39, count_array=0.37, count_DIGIT1=0.37, count_doc_string=0.34, count_DIGIT=0.37, count_nonempty_object=0.32, count_name_first=0.35, count_name_char=0.34, count_index_selector=0.21, count_bracketed_selection=0.33, count_selector=0.32, count_D=0.30, count_high_surrogate=0.29, count_low_surrogate=0.29, count_HEXDIG=0.28, count_slice_selector=0.30, count_sign_opt=0.30, count_child_segment=0.26, count_doc_exp=0.30, count_hexchar=0.28, count_int=0.26, count_letter=0.26, count_doc_char=0.21, count_doc_mixed=0.20, count_non_d_hex=0.12, count_doc_special=0.19, count_oct_digit=0.16, count_non_surrogate=0.17, count_name_sq_chars=0.15, count_name_selector=0.13, count_name_dq_mixed=0.05, count_more_selector=0.11, count_name_dq_special=0.06, count_name_sq_special=0.08, count_name_dq_char=0.06, count_name_sq_char=0.08, count_name_sq_mixed=0.08, count_escapable=0.06, count_name_dq_chars=0.04, count_filter_selector=0.00, count_logical_expr=0.00, count_logical_and_expr=0.00, count_basic_expr=0.00, count_test_expr=0.00, count_logical_function_expr=0.00, count_search_expr=0.00, count_S=0.00, count_value_argument=0.00, count_singular_query=0.00, count_abs_singular_query=0.00, count_s_singular_segment=0.00, count_index_segment=0.00, count_name_segment=0.00, count_rel_singular_query=0.00, count_value_function_expr=0.00, count_count_expr=0.00, count_filter_query=0.00, count_rel_query=0.00, count_abs_query=0.00, count_length_expr=0.00, count_value_expr=0.00, count_literal=0.00, count_number=0.00, count_exp=0.00, count_string_literal=0.00, count_sq_chars=0.00, count_sq_mixed=0.00, count_dq_chars=0.00, count_dq_mixed=0.00, count_sq_special=0.00, count_sq_char=0.00, count_dq_special=0.00, count_dq_char=0.00, count_regex_argument=0.00, count_iregexp_literal=0.00, count_ire_regexp=0.00, count_ire_branch=0.00, count_ire_piece=0.00, count_ire_quantifier=0.00, count_ire_range_quantifier=0.00, count_ire_char_class=0.00, count_ire_char_class_expr=0.00, count_ire_cce1=0.00, count_ire_alt=0.00, count_match_expr=0.00, count_and_tail=0.00, count_or_tail=0.00, count_paren_expr=0.00, count_comparison_expr=0.00, count_logical_not_op=0.00, count_comparable=0.00, count_ire_normal_char=0.00
[select] comparative relevance (max |rho| vs a between-system ratio): count_descendant_segment=0.57, count_wildcard_selector=0.46, count_s_segment=0.26, count_ws=0.39, count_doc_name_mixed=0.37, count_value=0.38, doc_bytes=0.37, count_doc_escape=0.34, query_len=0.25, count_more_value=0.34, count_doc_name_special=0.32, count_member=0.33, count_doc_number=0.30, count_more_member=0.32, count_nonempty_array=0.32, count_B=0.29, doc_depth=0.31, count_doc_name_char=0.28, count_pos_int=0.28, count_object=0.29, count_member_name_shorthand=0.27, count_frac=0.25, count_array=0.28, count_DIGIT1=0.23, count_doc_string=0.27, count_DIGIT=0.22, count_nonempty_object=0.27, count_name_first=0.20, count_name_char=0.20, count_index_selector=0.24, count_bracketed_selection=0.21, count_selector=0.21, count_D=0.23, count_high_surrogate=0.23, count_low_surrogate=0.23, count_HEXDIG=0.23, count_slice_selector=0.21, count_sign_opt=0.20, count_child_segment=0.22, count_doc_exp=0.20, count_hexchar=0.22, count_int=0.22, count_letter=0.19, count_doc_char=0.19, count_doc_mixed=0.17, count_non_d_hex=0.18, count_doc_special=0.17, count_oct_digit=0.18, count_non_surrogate=0.17, count_name_sq_chars=0.13, count_name_selector=0.07, count_name_dq_mixed=0.13, count_more_selector=0.13, count_name_dq_special=0.13, count_name_sq_special=0.10, count_name_dq_char=0.13, count_name_sq_char=0.10, count_name_sq_mixed=0.09, count_escapable=0.08, count_name_dq_chars=0.09, count_filter_selector=0.00, count_logical_expr=0.00, count_logical_and_expr=0.00, count_basic_expr=0.00, count_test_expr=0.00, count_logical_function_expr=0.00, count_search_expr=0.00, count_S=0.00, count_value_argument=0.00, count_singular_query=0.00, count_abs_singular_query=0.00, count_s_singular_segment=0.00, count_index_segment=0.00, count_name_segment=0.00, count_rel_singular_query=0.00, count_value_function_expr=0.00, count_count_expr=0.00, count_filter_query=0.00, count_rel_query=0.00, count_abs_query=0.00, count_length_expr=0.00, count_value_expr=0.00, count_literal=0.00, count_number=0.00, count_exp=0.00, count_string_literal=0.00, count_sq_chars=0.00, count_sq_mixed=0.00, count_dq_chars=0.00, count_dq_mixed=0.00, count_sq_special=0.00, count_sq_char=0.00, count_dq_special=0.00, count_dq_char=0.00, count_regex_argument=0.00, count_iregexp_literal=0.00, count_ire_regexp=0.00, count_ire_branch=0.00, count_ire_piece=0.00, count_ire_quantifier=0.00, count_ire_range_quantifier=0.00, count_ire_char_class=0.00, count_ire_char_class_expr=0.00, count_ire_cce1=0.00, count_ire_alt=0.00, count_match_expr=0.00, count_and_tail=0.00, count_or_tail=0.00, count_paren_expr=0.00, count_comparison_expr=0.00, count_logical_not_op=0.00, count_comparable=0.00, count_ire_normal_char=0.00
[select] scored on the comparison rather than on the metric: count_non_d_hex (0.12 -> 0.18), count_name_dq_mixed (0.05 -> 0.13), count_name_dq_special (0.06 -> 0.13), count_name_dq_char (0.06 -> 0.13), count_name_dq_chars (0.04 -> 0.09)
[select] kept count_filter_selector despite |rho|=0.00: its axis is not explored yet, so a low score there is absence of data rather than absence of effect
[select] kept count_logical_expr despite |rho|=0.00: its axis is not explored yet, so a low score there is absence of data rather than absence of effect
[select] kept count_logical_and_expr despite |rho|=0.00: its axis is not explored yet, so a low score there is absence of data rather than absence of effect
[select] kept count_basic_expr despite |rho|=0.00: its axis is not explored yet, so a low score there is absence of data rather than absence of effect
[select] kept count_test_expr despite |rho|=0.00: its axis is not explored yet, so a low score there is absence of data rather than absence of effect
[select] kept count_logical_function_expr despite |rho|=0.00: its axis is not explored yet, so a low score there is absence of data rather than absence of effect
[select] kept count_search_expr despite |rho|=0.00: its axis is not explored yet, so a low score there is absence of data rather than absence of effect
[select] kept count_S despite |rho|=0.00: its axis is not explored yet, so a low score there is absence of data rather than absence of effect
[select] kept count_value_argument despite |rho|=0.00: its axis is not explored yet, so a low score there is absence of data rather than absence of effect
[select] kept count_singular_query despite |rho|=0.00: its axis is not explored yet, so a low score there is absence of data rather than absence of effect
[select] kept count_abs_singular_query despite |rho|=0.00: its axis is not explored yet, so a low score there is absence of data rather than absence of effect
[select] kept count_s_singular_segment despite |rho|=0.00: its axis is not explored yet, so a low score there is absence of data rather than absence of effect
[select] kept count_index_segment despite |rho|=0.00: its axis is not explored yet, so a low score there is absence of data rather than absence of effect
[select] kept count_name_segment despite |rho|=0.00: its axis is not explored yet, so a low score there is absence of data rather than absence of effect
[select] kept count_rel_singular_query despite |rho|=0.00: its axis is not explored yet, so a low score there is absence of data rather than absence of effect
[select] kept count_value_function_expr despite |rho|=0.00: its axis is not explored yet, so a low score there is absence of data rather than absence of effect
[select] kept count_count_expr despite |rho|=0.00: its axis is not explored yet, so a low score there is absence of data rather than absence of effect
[select] kept count_filter_query despite |rho|=0.00: its axis is not explored yet, so a low score there is absence of data rather than absence of effect
[select] kept count_rel_query despite |rho|=0.00: its axis is not explored yet, so a low score there is absence of data rather than absence of effect
[select] kept count_abs_query despite |rho|=0.00: its axis is not explored yet, so a low score there is absence of data rather than absence of effect
[select] kept count_length_expr despite |rho|=0.00: its axis is not explored yet, so a low score there is absence of data rather than absence of effect
[select] kept count_value_expr despite |rho|=0.00: its axis is not explored yet, so a low score there is absence of data rather than absence of effect
[select] kept count_literal despite |rho|=0.00: its axis is not explored yet, so a low score there is absence of data rather than absence of effect
[select] kept count_number despite |rho|=0.00: its axis is not explored yet, so a low score there is absence of data rather than absence of effect
[select] kept count_exp despite |rho|=0.00: its axis is not explored yet, so a low score there is absence of data rather than absence of effect
[select] kept count_string_literal despite |rho|=0.00: its axis is not explored yet, so a low score there is absence of data rather than absence of effect
[select] kept count_sq_chars despite |rho|=0.00: its axis is not explored yet, so a low score there is absence of data rather than absence of effect
[select] kept count_sq_mixed despite |rho|=0.00: its axis is not explored yet, so a low score there is absence of data rather than absence of effect
[select] kept count_dq_chars despite |rho|=0.00: its axis is not explored yet, so a low score there is absence of data rather than absence of effect
[select] kept count_dq_mixed despite |rho|=0.00: its axis is not explored yet, so a low score there is absence of data rather than absence of effect
[select] kept count_sq_special despite |rho|=0.00: its axis is not explored yet, so a low score there is absence of data rather than absence of effect
[select] kept count_sq_char despite |rho|=0.00: its axis is not explored yet, so a low score there is absence of data rather than absence of effect
[select] kept count_dq_special despite |rho|=0.00: its axis is not explored yet, so a low score there is absence of data rather than absence of effect
[select] kept count_dq_char despite |rho|=0.00: its axis is not explored yet, so a low score there is absence of data rather than absence of effect
[select] kept count_regex_argument despite |rho|=0.00: its axis is not explored yet, so a low score there is absence of data rather than absence of effect
[select] kept count_iregexp_literal despite |rho|=0.00: its axis is not explored yet, so a low score there is absence of data rather than absence of effect
[select] kept count_ire_regexp despite |rho|=0.00: its axis is not explored yet, so a low score there is absence of data rather than absence of effect
[select] kept count_ire_branch despite |rho|=0.00: its axis is not explored yet, so a low score there is absence of data rather than absence of effect
[select] kept count_ire_piece despite |rho|=0.00: its axis is not explored yet, so a low score there is absence of data rather than absence of effect
[select] kept count_ire_quantifier despite |rho|=0.00: its axis is not explored yet, so a low score there is absence of data rather than absence of effect
[select] kept count_ire_range_quantifier despite |rho|=0.00: its axis is not explored yet, so a low score there is absence of data rather than absence of effect
[select] kept count_ire_char_class despite |rho|=0.00: its axis is not explored yet, so a low score there is absence of data rather than absence of effect
[select] kept count_ire_char_class_expr despite |rho|=0.00: its axis is not explored yet, so a low score there is absence of data rather than absence of effect
[select] kept count_ire_cce1 despite |rho|=0.00: its axis is not explored yet, so a low score there is absence of data rather than absence of effect
[select] kept count_ire_alt despite |rho|=0.00: its axis is not explored yet, so a low score there is absence of data rather than absence of effect
[select] kept count_match_expr despite |rho|=0.00: its axis is not explored yet, so a low score there is absence of data rather than absence of effect
[select] kept count_and_tail despite |rho|=0.00: its axis is not explored yet, so a low score there is absence of data rather than absence of effect
[select] kept count_or_tail despite |rho|=0.00: its axis is not explored yet, so a low score there is absence of data rather than absence of effect
[select] kept count_paren_expr despite |rho|=0.00: its axis is not explored yet, so a low score there is absence of data rather than absence of effect
[select] kept count_comparison_expr despite |rho|=0.00: its axis is not explored yet, so a low score there is absence of data rather than absence of effect
[select] kept count_logical_not_op despite |rho|=0.00: its axis is not explored yet, so a low score there is absence of data rather than absence of effect
[select] kept count_comparable despite |rho|=0.00: its axis is not explored yet, so a low score there is absence of data rather than absence of effect
[select] kept count_ire_normal_char despite |rho|=0.00: its axis is not explored yet, so a low score there is absence of data rather than absence of effect
[select] dropped count_wildcard_selector: |rho|=0.90 with count_descendant_segment, which is already kept
[select] dropped count_s_segment: |rho|=0.82 with count_descendant_segment, which is already kept
[select] dropped count_value: |rho|=0.98 with count_ws, which is already kept
[select] dropped doc_bytes: |rho|=0.92 with count_ws, which is already kept
[select] dropped count_doc_escape: |rho|=0.81 with count_ws, which is already kept
[select] dropped count_more_value: over the 4-property cap
[select] dropped count_doc_name_special: over the 4-property cap
[select] dropped count_member: over the 4-property cap
[select] dropped count_doc_number: over the 4-property cap
[select] dropped count_more_member: over the 4-property cap
[select] dropped count_nonempty_array: over the 4-property cap
[select] dropped count_B: over the 4-property cap
[select] dropped doc_depth: over the 4-property cap
[select] dropped count_doc_name_char: over the 4-property cap
[select] dropped count_pos_int: over the 4-property cap
[select] dropped count_object: over the 4-property cap
[select] dropped count_member_name_shorthand: over the 4-property cap
[select] dropped count_frac: over the 4-property cap
[select] dropped count_array: over the 4-property cap
[select] dropped count_DIGIT1: over the 4-property cap
[select] dropped count_doc_string: over the 4-property cap
[select] dropped count_DIGIT: over the 4-property cap
[select] dropped count_nonempty_object: over the 4-property cap
[select] dropped count_name_first: over the 4-property cap
[select] dropped count_name_char: over the 4-property cap
[select] dropped count_index_selector: over the 4-property cap
[select] dropped count_bracketed_selection: over the 4-property cap
[select] dropped count_selector: over the 4-property cap
[select] dropped count_D: over the 4-property cap
[select] dropped count_high_surrogate: over the 4-property cap
[select] dropped count_low_surrogate: over the 4-property cap
[select] dropped count_HEXDIG: over the 4-property cap
[select] dropped count_slice_selector: over the 4-property cap
[select] dropped count_sign_opt: over the 4-property cap
[select] dropped count_child_segment: over the 4-property cap
[select] dropped count_doc_exp: over the 4-property cap
[select] dropped count_hexchar: over the 4-property cap
[select] dropped count_int: over the 4-property cap
[select] dropped count_letter: over the 4-property cap
[select] dropped count_doc_char: over the 4-property cap
[select] dropped count_doc_mixed: over the 4-property cap
[select] dropped count_non_d_hex: over the 4-property cap
[select] dropped count_doc_special: over the 4-property cap
[select] dropped count_oct_digit: over the 4-property cap
[select] dropped count_non_surrogate: over the 4-property cap
[select] dropped count_name_sq_chars: over the 4-property cap
[select] dropped count_name_selector: over the 4-property cap
[select] dropped count_name_dq_mixed: over the 4-property cap
[select] dropped count_more_selector: over the 4-property cap
[select] dropped count_name_dq_special: over the 4-property cap
[select] dropped count_name_sq_special: over the 4-property cap
[select] dropped count_name_dq_char: over the 4-property cap
[select] dropped count_name_sq_char: over the 4-property cap
[select] dropped count_name_sq_mixed: over the 4-property cap
[select] dropped count_escapable: over the 4-property cap
[select] dropped count_name_dq_chars: over the 4-property cap
[select] dropped count_filter_selector: over the 4-property cap
[select] dropped count_logical_expr: over the 4-property cap
[select] dropped count_logical_and_expr: over the 4-property cap
[select] dropped count_basic_expr: over the 4-property cap
[select] dropped count_test_expr: over the 4-property cap
[select] dropped count_logical_function_expr: over the 4-property cap
[select] dropped count_search_expr: over the 4-property cap
[select] dropped count_S: over the 4-property cap
[select] dropped count_value_argument: over the 4-property cap
[select] dropped count_singular_query: over the 4-property cap
[select] dropped count_abs_singular_query: over the 4-property cap
[select] dropped count_s_singular_segment: over the 4-property cap
[select] dropped count_index_segment: over the 4-property cap
[select] dropped count_name_segment: over the 4-property cap
[select] dropped count_rel_singular_query: over the 4-property cap
[select] dropped count_value_function_expr: over the 4-property cap
[select] dropped count_count_expr: over the 4-property cap
[select] dropped count_filter_query: over the 4-property cap
[select] dropped count_rel_query: over the 4-property cap
[select] dropped count_abs_query: over the 4-property cap
[select] dropped count_length_expr: over the 4-property cap
[select] dropped count_value_expr: over the 4-property cap
[select] dropped count_literal: over the 4-property cap
[select] dropped count_number: over the 4-property cap
[select] dropped count_exp: over the 4-property cap
[select] dropped count_string_literal: over the 4-property cap
[select] dropped count_sq_chars: over the 4-property cap
[select] dropped count_sq_mixed: over the 4-property cap
[select] dropped count_dq_chars: over the 4-property cap
[select] dropped count_dq_mixed: over the 4-property cap
[select] dropped count_sq_special: over the 4-property cap
[select] dropped count_sq_char: over the 4-property cap
[select] dropped count_dq_special: over the 4-property cap
[select] dropped count_dq_char: over the 4-property cap
[select] dropped count_regex_argument: over the 4-property cap
[select] dropped count_iregexp_literal: over the 4-property cap
[select] dropped count_ire_regexp: over the 4-property cap
[select] dropped count_ire_branch: over the 4-property cap
[select] dropped count_ire_piece: over the 4-property cap
[select] dropped count_ire_quantifier: over the 4-property cap
[select] dropped count_ire_range_quantifier: over the 4-property cap
[select] dropped count_ire_char_class: over the 4-property cap
[select] dropped count_ire_char_class_expr: over the 4-property cap
[select] dropped count_ire_cce1: over the 4-property cap
[select] dropped count_ire_alt: over the 4-property cap
[select] dropped count_match_expr: over the 4-property cap
[select] dropped count_and_tail: over the 4-property cap
[select] dropped count_or_tail: over the 4-property cap
[select] dropped count_paren_expr: over the 4-property cap
[select] dropped count_comparison_expr: over the 4-property cap
[select] dropped count_logical_not_op: over the 4-property cap
[select] dropped count_comparable: over the 4-property cap
[select] dropped count_ire_normal_char: over the 4-property cap
[select] count_descendant_segment stands for count_wildcard_selector, count_s_segment (indistinguishable here)
[select] count_ws stands for count_value, doc_bytes, count_doc_escape (indistinguishable here)
[select] joint fit uses 4 of 113 properties: count_descendant_segment, count_ws, count_doc_name_mixed, query_len (1,296 model fits)
[jsonpath_ng_latest] loop targets 4 of 113 properties: count_descendant_segment, count_ws, count_doc_name_mixed, query_len
[jsonpath_ng_latest] targeting 8 regions: runtime_ns_divergence, count_doc_name_mixed_undecided0, count_doc_name_mixed_x_query_len_joint, count_ws_beyond, runtime_ns_high, count_ws_edge0, runtime_ns_sparse0, query_len_sparse5
  [seeds] skipped 1 seed(s) over 4096B; parsing one costs more than the request it would seed
[metrics] jsonpath_ng_1_5_2: no measurement after 3 failed attempts; leaving this input unmeasured
[metrics] jsonpath_ng_1_5_3: no measurement after 3 failed attempts; leaving this input unmeasured
[metrics] jsonpath_ng_1_6_0: no measurement after 3 failed attempts; leaving this input unmeasured
[metrics] jsonpath_ng_1_6_1: no measurement after 3 failed attempts; leaving this input unmeasured
[metrics] jsonpath_ng_1_7_0: no measurement after 3 failed attempts; leaving this input unmeasured
  [runtime_ns_divergence] 16s: +4 new input(s), 3 distinct shape(s), 4 measured
  [count_doc_name_mixed_undecided0] 4 comparison(s) undecided in count_doc_name_mixed [3.684,7.071): jsonpath_ng_1_5_2 vs jsonpath_ng_1_5_3 on runtime_ns and 3 more -> <more_member>{11,14}
[metrics] jsonpath_ng_1_5_2: no measurement after 3 failed attempts; leaving this input unmeasured
[metrics] jsonpath_ng_1_5_3: no measurement after 3 failed attempts; leaving this input unmeasured
[metrics] jsonpath_ng_1_6_0: no measurement after 3 failed attempts; leaving this input unmeasured
[metrics] jsonpath_ng_1_6_1: no measurement after 3 failed attempts; leaving this input unmeasured
[metrics] jsonpath_ng_1_7_0: no measurement after 3 failed attempts; leaving this input unmeasured
[metrics] jsonpath_ng_1_5_2: no measurement after 3 failed attempts; leaving this input unmeasured
[metrics] jsonpath_ng_1_5_3: no measurement after 3 failed attempts; leaving this input unmeasured
[metrics] jsonpath_ng_1_6_0: no measurement after 3 failed attempts; leaving this input unmeasured
[metrics] jsonpath_ng_1_6_1: no measurement after 3 failed attempts; leaving this input unmeasured
[metrics] jsonpath_ng_1_7_0: no measurement after 3 failed attempts; leaving this input unmeasured
[metrics] jsonpath_ng_1_5_2: no measurement after 3 failed attempts; leaving this input unmeasured
[metrics] jsonpath_ng_1_5_3: no measurement after 3 failed attempts; leaving this input unmeasured
[metrics] jsonpath_ng_1_6_0: no measurement after 3 failed attempts; leaving this input unmeasured
[metrics] jsonpath_ng_1_6_1: no measurement after 3 failed attempts; leaving this input unmeasured
[metrics] jsonpath_ng_1_7_0: no measurement after 3 failed attempts; leaving this input unmeasured
[metrics] jsonpath_ng_1_8_0: no measurement after 3 failed attempts; leaving this input unmeasured
[metrics] jsonpath_ng_1_5_2: no measurement after 3 failed attempts; leaving this input unmeasured
[metrics] jsonpath_ng_1_5_3: no measurement after 3 failed attempts; leaving this input unmeasured
[metrics] jsonpath_ng_1_6_0: no measurement after 3 failed attempts; leaving this input unmeasured
[metrics] jsonpath_ng_1_6_1: no measurement after 3 failed attempts; leaving this input unmeasured
[metrics] jsonpath_ng_1_7_0: no measurement after 3 failed attempts; leaving this input unmeasured
[metrics] jsonpath_ng_1_5_2: no measurement after 3 failed attempts; leaving this input unmeasured
[metrics] jsonpath_ng_1_5_3: no measurement after 3 failed attempts; leaving this input unmeasured
[metrics] jsonpath_ng_1_6_0: no measurement after 3 failed attempts; leaving this input unmeasured
[metrics] jsonpath_ng_1_6_1: no measurement after 3 failed attempts; leaving this input unmeasured
[metrics] jsonpath_ng_1_7_0: no measurement after 3 failed attempts; leaving this input unmeasured
[metrics] jsonpath_ng_1_5_2: no measurement after 3 failed attempts; leaving this input unmeasured
[metrics] jsonpath_ng_1_5_3: no measurement after 3 failed attempts; leaving this input unmeasured
[metrics] jsonpath_ng_1_6_0: no measurement after 3 failed attempts; leaving this input unmeasured
[metrics] jsonpath_ng_1_6_1: no measurement after 3 failed attempts; leaving this input unmeasured
[metrics] jsonpath_ng_1_7_0: no measurement after 3 failed attempts; leaving this input unmeasured
[metrics] jsonpath_ng_1_5_2: no measurement after 3 failed attempts; leaving this input unmeasured
[metrics] jsonpath_ng_1_5_3: no measurement after 3 failed attempts; leaving this input unmeasured
[metrics] jsonpath_ng_1_6_0: no measurement after 3 failed attempts; leaving this input unmeasured
[metrics] jsonpath_ng_1_6_1: no measurement after 3 failed attempts; leaving this input unmeasured
[metrics] jsonpath_ng_1_7_0: no measurement after 3 failed attempts; leaving this input unmeasured
[metrics] jsonpath_ng_1_8_0: no measurement after 3 failed attempts; leaving this input unmeasured
  [count_doc_name_mixed_undecided0] 48s: +10 new input(s), 5 distinct shape(s), 8 measured
  [count_doc_name_mixed_x_query_len_joint] query_len spans 1..10647 overall, 1..1384 at count_doc_name_mixed in [2,3]; maximizing it at <more_member>{6,9}
  [count_doc_name_mixed_x_query_len_joint] 10 of 10 seeds do not parse; seeding with 0.
[budget] generation cut at 300s after 35 generations (62 solutions); this request is not reproducible
  [soft] maximizing query_len: 62 candidates, best=1593, keeping 10 spanning 1593..1529
[metrics] jsonpath_ng_1_5_2: no measurement after 3 failed attempts; leaving this input unmeasured
[metrics] jsonpath_ng_1_5_3: no measurement after 3 failed attempts; leaving this input unmeasured
[metrics] jsonpath_ng_1_6_0: no measurement after 3 failed attempts; leaving this input unmeasured
[metrics] jsonpath_ng_1_6_1: no measurement after 3 failed attempts; leaving this input unmeasured
[metrics] jsonpath_ng_1_7_0: no measurement after 3 failed attempts; leaving this input unmeasured
[metrics] jsonpath_ng_1_8_0: no measurement after 3 failed attempts; leaving this input unmeasured
[WARNING] wall-clock budget reached after 1 of 10 inputs; keeping what is measured.
  [count_doc_name_mixed_x_query_len_joint] 343s: +1 new input(s), 1 distinct shape(s), 0 measured [CUT: generation budget, not reproducible]
  [budget] wall-clock reached; skipping the remaining 5 request(s) this iteration.
[jsonpath_ng_latest] iter 8: corpus=3564 (+90 new)
[jsonpath_ng_latest] grammar frontier (targeting stopped asking here):
  count_s_segment: pinned at 185 by the SEARCH; 1 escalating request(s) returned nothing further.
  count_descendant_segment: pinned at 94 by the SEARCH; 1 escalating request(s) returned nothing further.
  count_nonempty_array: pinned at 16 by the SEARCH; 1 escalating request(s) returned nothing further.
  count_value: pinned at 131 by the SEARCH; 1 escalating request(s) returned nothing further.
  count_doc_name_mixed: pinned at 50 by the SEARCH; 1 escalating request(s) returned nothing further.
  count_doc_escape: pinned at 2428 by the SEARCH; 1 escalating request(s) returned nothing further.
  count_more_value: pinned at 78 by the SEARCH; 1 escalating request(s) returned nothing further.
  query_len: pinned at 10647 by the SEARCH; 2 escalating request(s) returned nothing further.
[compare] runtime_ns: 233 inputs, 6 systems (paired; ratios, 1.10x equivalence band)
[compare] overall verdicts are weighted by what the corpus contains, which the loop itself shapes; the per-region lines are the portable claim.
[compare] count_descendant_segment bins move with count_ws (4..59 across bins); query_len (32..1639 across bins) -- those regions are joint, not count_descendant_segment findings
[compare] count_ws bins move with count_descendant_segment (1..6 across bins); count_more_value (4..27 across bins); query_len (27..1771 across bins) -- those regions are joint, not count_ws findings
[compare] count_more_value bins move with count_descendant_segment (0.5..5 across bins); count_ws (4..220 across bins); query_len (29..1741 across bins) -- those regions are joint, not count_more_value findings
[compare] query_len bins move with count_descendant_segment (1..12 across bins); count_ws (4..54.5 across bins); count_more_value (1..4 across bins) -- those regions are joint, not query_len findings
  jsonpath_ng_1_5_2 and jsonpath_ng_1_5_3 equivalent: ratio 1.04x within the equivalence band (95% CI 1.04-1.05, n=208)
      undecided on count_more_value (confounded) in [1,2.067) -- needs more inputs
      undecided on query_len (confounded) in [103.2,484), [484,2270) -- needs more inputs
  jsonpath_ng_1_5_2 and jsonpath_ng_1_6_0 equivalent: ratio 1.05x within the equivalence band (95% CI 1.04-1.05, n=208)
      undecided on count_more_value (confounded) in [1,2.067) -- needs more inputs
      undecided on query_len (confounded) in [103.2,484), [484,2270) -- needs more inputs
  jsonpath_ng_1_5_2 and jsonpath_ng_1_6_1 equivalent: ratio 1.05x within the equivalence band (95% CI 1.04-1.05, n=208)
      undecided on count_more_value (confounded) in [1,2.067) -- needs more inputs
      undecided on query_len (confounded) in [103.2,484), [484,2270) -- needs more inputs
  jsonpath_ng_1_5_2 and jsonpath_ng_1_7_0 equivalent: ratio 1.04x within the equivalence band (95% CI 1.04-1.05, n=208)
      undecided on count_more_value (confounded) in [1,2.067) -- needs more inputs
      undecided on query_len (confounded) in [103.2,484), [484,2270) -- needs more inputs
  jsonpath_ng_1_5_2 and jsonpath_ng_1_8_0 equivalent: ratio 1.08x within the equivalence band (95% CI 1.07-1.09, n=208)
      DEPENDS ON SAMPLING: counting each count_more_value bin once gives 1.09x (95% CI 1.08-1.10, 6 bins, equal weight per bin), verdict 'undecided' not 'equivalent'
      ... and 1 count_more_value bin(s) have too little data to enter that: [37.74,78]
      undecided on count_descendant_segment (confounded) in [2.132,4.547), [4.547,9.695) -- needs more inputs
      undecided on count_ws (confounded) in [38.31,81.37), [81.37,172.8), [172.8,367] -- needs more inputs
      undecided on count_more_value (confounded) in [1,2.067), [2.067,4.273), [8.832,18.26) -- needs more inputs
      undecided on query_len (confounded) in [4.69,22), [22,103.2), [103.2,484), [484,2270) -- needs more inputs
  jsonpath_ng_1_5_3 and jsonpath_ng_1_6_0 equivalent: ratio 1.01x within the equivalence band (95% CI 1.00-1.01, n=208)
  jsonpath_ng_1_5_3 and jsonpath_ng_1_6_1 equivalent: ratio 1.00x within the equivalence band (95% CI 1.00-1.01, n=208)
  jsonpath_ng_1_5_3 and jsonpath_ng_1_7_0 equivalent: ratio 1.00x within the equivalence band (95% CI 1.00-1.00, n=208)
  jsonpath_ng_1_5_3 and jsonpath_ng_1_8_0 equivalent: ratio 1.04x within the equivalence band (95% CI 1.03-1.04, n=208)
  jsonpath_ng_1_6_0 and jsonpath_ng_1_6_1 equivalent: ratio 1.00x within the equivalence band (95% CI 1.00-1.00, n=208)
  jsonpath_ng_1_6_0 and jsonpath_ng_1_7_0 equivalent: ratio 1.00x within the equivalence band (95% CI 0.99-1.00, n=208)
  jsonpath_ng_1_6_0 and jsonpath_ng_1_8_0 equivalent: ratio 1.03x within the equivalence band (95% CI 1.02-1.04, n=208)
  jsonpath_ng_1_6_1 and jsonpath_ng_1_7_0 equivalent: ratio 1.00x within the equivalence band (95% CI 1.00-1.00, n=219)
  jsonpath_ng_1_6_1 and jsonpath_ng_1_8_0 equivalent: ratio 1.03x within the equivalence band (95% CI 1.02-1.04, n=219)
  jsonpath_ng_1_7_0 and jsonpath_ng_1_8_0 equivalent: ratio 1.04x within the equivalence band (95% CI 1.03-1.04, n=219)
[jsonpath_ng_latest] past the wall-clock budget; skipping the model fits and plots and writing the report. They are a function of corpus.csv, which is checkpointed, so the next run recomputes them from the same inputs rather than re-measuring.
[jsonpath_ng_latest] metric cache: 3564 entries, 12614 SUT executions this run
[jsonpath_ng_latest] wall clock: 3463s of 3420s budget
[jsonpath_ng_latest] report -> ./results/rq1/20261003-0308-jsonpath_ng_latest/run1/jsonpath_ng_latest/report.md
[jsonpath_ng_latest] done. corpus=3564 rows (594 inputs x 6 systems). Artifacts in ./results/rq1/20261003-0308-jsonpath_ng_latest/run1/jsonpath_ng_latest
